timestamp,sample_number,label,emg1,emg2,emg3,emg4,emg5,emg6,emg7,emg8
2.002098,0,clench,-20,-49,-12,1,10,-10,-28,-19
2.002457,1,clench,4,46,-11,-8,-21,25,13,-1
2.003682,2,clench,-10,-8,-12,2,7,-6,-7,14
2.003691,3,clench,3,15,-7,0,13,5,-29,-2
2.025943,4,clench,-3,-56,33,3,-8,-3,30,-2
2.025949,5,clench,-29,17,-66,-13,11,-45,-87,-51
2.026167,6,clench,17,70,93,17,0,48,88,8
2.026173,7,clench,10,-42,8,-2,-8,3,-31,19
2.038366,8,clench,0,43,5,4,1,-14,11,5
2.038392,9,clench,5,-57,-7,-3,5,-8,23,27
2.047903,10,clench,-18,32,-18,0,-4,-16,-20,16
2.047908,11,clench,-34,-81,-39,-14,-10,1,11,-25
2.062222,12,clench,30,14,25,7,-6,-4,12,14
2.062252,13,clench,-28,-97,-40,-6,10,6,-6,-12
2.064080,14,clench,2,38,60,3,-9,1,-74,-12
2.064084,15,clench,42,-17,7,6,3,10,43,5
2.084717,16,clench,-72,-62,-31,-9,-8,-17,5,-1
2.084741,17,clench,25,-79,-18,-3,9,11,6,13
2.087148,18,clench,-17,-33,31,13,8,-18,-15,-3
2.087154,19,clench,6,69,18,4,3,21,-18,13
2.098664,20,clench,21,-18,17,7,1,2,-26,16
2.098699,21,clench,-33,-52,-11,-15,-10,-14,-8,-15
2.108505,22,clench,-2,13,-50,-11,-8,-34,64,15
2.108509,23,clench,-19,88,28,-1,-4,-18,-65,-32
2.122176,24,clench,56,-35,-20,-3,8,37,79,1
2.122211,25,clench,23,-43,43,14,-5,14,-35,-12
2.123750,26,clench,-16,-53,-70,-13,11,-3,7,-5
2.123768,27,clench,5,-21,22,5,4,-5,-1,-33
2.143707,28,clench,-25,32,4,-8,-18,-21,-18,10
2.143729,29,clench,4,84,31,8,-1,-5,25,9
2.152548,30,clench,18,32,-28,-2,4,12,-10,-12
2.152552,31,clench,-15,-120,-46,-4,5,-16,0,-11
2.158464,32,clench,-2,103,18,0,6,1,-54,4
2.158487,33,clench,63,117,63,-3,-26,40,70,18
2.167340,34,clench,-32,-88,-26,-4,11,-8,-46,-28
2.167347,35,clench,-13,-70,-18,-4,-6,3,22,15
2.183357,36,clench,15,20,4,-4,-10,-9,0,-7
2.183363,37,clench,-13,50,9,6,4,-23,-12,-9
2.183733,38,clench,41,-15,-11,-10,-9,26,3,-29
2.183741,39,clench,-34,53,-7,-1,-2,0,4,19
2.204979,40,clench,-8,63,32,10,8,15,34,7
2.207489,41,clench,-3,-89,20,6,3,-33,-53,20
2.207495,42,clench,3,90,14,8,8,29,-2,-4
2.207497,43,clench,3,-77,-1,-6,-5,-17,19,-56
2.218389,44,clench,-12,-46,-21,-9,-7,5,5,-5
2.218595,45,clench,-3,-12,2,-1,-5,-17,-9,-2
2.228159,46,clench,-4,-63,17,3,-17,-25,-19,19
2.228163,47,clench,63,16,-9,-1,-2,20,6,28
2.242335,48,clench,-9,-62,-6,2,3,-18,-88,1
2.242365,49,clench,-19,-65,-31,-1,5,9,88,-22
2.244508,50,clench,-15,33,-15,-15,-17,-37,33,22
2.244518,51,clench,26,127,79,9,-1,32,41,-5
2.264822,52,clench,48,-60,-16,-7,-6,1,-31,-29
2.264857,53,clench,-32,4,3,8,10,-2,-13,-1
2.266260,54,clench,-20,-107,-33,-10,0,4,-11,-2
2.266298,55,clench,-7,-3,-21,-2,4,-21,-6,18
2.278291,56,clench,-4,57,-15,-2,0,-6,33,6
2.278309,57,clench,-5,24,24,4,-10,8,-20,-20
2.288912,58,clench,-10,-36,6,1,4,3,3,-13
2.288917,59,clench,-6,-16,-18,-4,9,-1,-28,7
2.301555,60,clench,-13,-45,-18,6,11,2,-1,-3
2.301578,61,clench,-28,21,-31,-9,-8,-30,-45,-27
2.308396,62,clench,7,-26,12,-13,-6,28,57,37
2.308421,63,clench,19,14,10,3,-2,25,-29,49
2.325087,64,clench,9,-30,11,-4,-11,-10,-40,-47
2.325095,65,clench,-59,58,-14,-11,-14,-6,-47,-4
2.326698,66,clench,-12,-32,-17,8,19,-16,6,5
2.326718,67,clench,-24,-9,-11,2,15,7,39,3
2.347313,68,clench,23,22,-5,1,-7,-11,-9,-5
2.347345,69,clench,3,-22,2,2,12,25,-8,39
2.349476,70,clench,0,7,0,-3,2,-34,-24,-3
2.349483,71,clench,-5,-72,-19,-6,-9,39,12,-3
2.362155,72,clench,8,43,-4,1,-2,-9,-1,10
2.362180,73,clench,39,36,52,4,4,15,21,4
2.364261,74,clench,-41,-12,11,-1,-7,-12,4,-5
2.364270,75,clench,20,-17,-3,-4,-11,-15,-28,-24
2.385886,76,clench,-28,50,-11,-1,5,-12,23,-20
2.385893,77,clench,18,-33,15,2,-4,0,-45,-29
2.386223,78,clench,44,-3,-9,2,12,29,21,0
2.386229,79,clench,-27,100,30,7,9,-28,-112,-55
2.407484,80,clench,-27,82,36,-4,-25,23,116,13
2.407508,81,clench,51,-6,-14,-5,-2,-7,6,-9
2.409037,82,clench,6,-21,-4,7,5,8,-11,-25
2.409041,83,clench,3,-57,-16,-4,-6,-7,12,23
2.422632,84,clench,-39,-34,-1,1,12,8,-18,6
2.422661,85,clench,-8,31,3,3,2,3,19,3
2.424358,86,clench,35,14,-7,-2,-7,-11,-40,13
2.424367,87,clench,-18,-50,-22,-1,14,2,29,10
2.444650,88,clench,-8,20,-37,-7,-15,-12,-26,-25
2.444679,89,clench,23,-46,29,-1,-5,28,45,22
2.446946,90,clench,-1,-10,-8,-6,-10,-10,-25,-19
2.446950,91,clench,-11,-14,-6,0,-11,-19,12,3
2.467526,92,clench,3,75,-53,8,35,-8,-71,3
2.467550,93,clench,5,71,52,-2,-11,41,95,44
2.469850,94,clench,18,8,-2,-4,-8,5,-33,-29
2.470104,95,clench,-31,14,13,0,-4,-20,16,-14
2.481531,96,clench,21,-128,-20,-6,-5,-6,-31,-2
2.481554,97,clench,-11,1,-24,-3,4,-16,-15,-7
2.488437,98,clench,-21,82,-47,1,46,27,15,-24
2.488460,99,clench,10,38,16,-3,-40,-2,25,22
2.504553,100,clench,0,-86,6,-3,-9,-10,1,0
2.504617,101,clench,-2,-31,-16,-3,2,-15,-15,-1
2.507020,102,clench,0,-61,2,-1,-4,-4,5,19
2.507027,103,clench,15,-13,-18,-1,20,-4,-20,-10
2.527205,104,clench,21,36,29,4,2,12,25,-1
2.527222,105,clench,-2,-20,-32,1,6,-19,-22,-11
2.528675,106,clench,-8,36,9,-2,-13,4,2,0
2.528692,107,clench,-27,-37,-26,-5,11,14,2,1
2.541481,108,clench,17,-12,54,7,-18,7,-3,26
2.541489,109,clench,-10,-15,-17,2,4,0,-24,-48
2.548477,110,clench,3,-5,-2,-6,-10,-26,20,-24
2.548510,111,clench,2,26,1,-7,-2,10,10,-12
2.564659,112,clench,2,-92,-23,-8,-1,-7,26,15
2.564693,113,clench,-2,72,17,5,9,-4,-13,8
2.566441,114,clench,1,-64,10,5,-5,1,-6,3
2.566450,115,clench,0,84,-55,-8,19,-33,-12,-45
2.587201,116,clench,23,91,39,-2,-10,81,42,38
2.587215,117,clench,-18,-36,-8,-4,-11,-14,18,-6
2.588792,118,clench,-29,-8,11,2,-4,-5,-12,-5
2.588815,119,clench,3,-57,-4,-1,4,-5,-5,-4
2.603092,120,clench,15,-48,-20,-1,2,-28,-18,-30
2.603098,121,clench,-1,28,6,-3,3,9,0,14
2.608293,122,clench,-19,-12,-10,2,-2,8,0,41
2.608316,123,clench,-16,-10,16,3,-7,-7,-4,-4
2.624672,124,clench,24,-94,-38,4,15,-33,-60,-27
2.624694,125,clench,-7,-11,28,-3,-27,22,97,26
2.626151,126,clench,35,56,32,-2,-6,9,-29,5
2.626183,127,clench,2,1,16,2,-7,-4,-16,-19
2.647232,128,clench,2,-45,5,-5,-2,-2,13,6
2.647273,129,clench,-11,-48,-72,-3,11,-23,-36,0
2.649128,130,clench,-23,56,-28,5,9,-15,-13,-9
2.649134,131,clench,22,112,48,-2,-17,36,38,36
2.661858,132,clench,-26,-13,-15,-6,-4,-13,-15,-12
2.661890,133,clench,-11,-15,-11,-3,1,-8,-18,-21
2.668468,134,clench,-3,-69,-13,1,-7,-9,-12,0
2.668500,135,clench,19,12,0,1,10,9,8,16
2.684827,136,clench,-33,74,8,1,2,-10,3,-14
2.684852,137,clench,17,-21,3,1,1,1,-15,4
2.686282,138,clench,-3,-79,-21,-3,14,2,-6,-6
2.687563,139,clench,21,60,89,14,-10,-1,3,-3
2.707254,140,clench,-12,30,14,-1,1,14,32,9
2.707279,141,clench,0,-17,3,1,6,1,-37,-2
2.709103,142,clench,-16,-105,-15,5,-9,-31,-17,57
2.709108,143,clench,8,48,-5,-5,10,20,49,13
2.721523,144,clench,-19,0,-10,-5,-2,4,-15,-9
2.721541,145,clench,23,-70,-5,5,-1,-13,2,-5
2.728275,146,clench,10,77,22,-3,-6,-4,4,-21
2.728293,147,clench,-19,-68,-26,-4,-2,1,-28,26
2.744551,148,clench,-10,21,15,4,-1,4,15,1
2.744567,149,clench,3,-106,-54,-9,8,-23,-16,20
2.746045,150,clench,-77,52,60,3,0,2,-93,-3
2.746053,151,clench,54,34,43,0,0,18,98,11
2.767296,152,clench,24,-11,-5,-5,-12,-23,-28,2
2.767323,153,clench,-9,1,2,-4,-1,6,-6,-2
2.769646,154,clench,5,-33,-31,-4,-9,-13,16,-4
2.769650,155,clench,-24,-31,-16,6,20,-15,-41,-20
2.780886,156,clench,-4,-3,12,-1,-4,5,0,14
2.780913,157,clench,-2,102,14,0,-7,-8,6,1
2.788719,158,clench,24,27,11,4,4,1,16,-41
2.788745,159,clench,-5,-128,-83,-6,19,-17,-109,2
2.804338,160,clench,-36,102,55,4,10,47,106,9
2.804365,161,clench,22,48,17,-12,-30,-3,-3,14
2.805766,162,clench,27,-6,3,-1,2,3,24,-9
2.805772,163,clench,-13,-51,-24,-2,-9,-12,-18,-6
2.826399,164,clench,2,-73,-39,-3,1,-25,-36,-4
2.826421,165,clench,6,-9,-23,9,22,17,11,-11
2.827220,166,clench,-30,61,23,-1,-8,4,21,11
2.827236,167,clench,57,-15,-12,-4,-18,-27,1,-38
2.840945,168,clench,18,28,1,-3,-3,-9,-20,-1
2.840969,169,clench,-13,-10,8,5,14,19,53,1
2.848408,170,clench,33,-128,-66,-9,-12,-29,-16,4
2.848431,171,clench,-13,101,83,14,15,22,-4,-15
2.864058,172,clench,-11,-27,-4,-3,-15,0,11,15
2.864086,173,clench,4,-23,2,5,22,-3,-27,-13
2.866180,174,clench,-15,-40,-12,-9,-42,6,15,-3
2.866192,175,clench,-3,-30,-37,-7,0,-24,15,6
2.886412,176,clench,18,87,8,-7,0,2,-13,-17
2.886429,177,clench,-59,15,15,-3,-12,-7,-4,5
2.887148,178,clench,43,37,11,1,14,1,-14,5
2.887163,179,clench,-85,-104,-39,-6,-12,4,3,-8
2.908928,180,clench,26,60,17,15,11,-53,-33,6
2.908952,181,clench,13,30,2,-11,-5,62,56,-5
2.909944,182,clench,5,-42,-19,-9,-6,4,-32,-7
2.909948,183,clench,6,-21,8,0,0,13,17,-10
2.924085,184,clench,-16,-117,-45,-11,-7,-11,10,2
2.924107,185,clench,15,16,9,4,4,-23,-31,15
2.925253,186,clench,-5,42,28,5,8,14,26,5
2.925257,187,clench,21,7,-14,-8,-1,5,-16,14
2.947127,188,clench,-66,-4,-6,-5,-2,4,-14,-24
2.947134,189,clench,16,-1,-1,-5,-11,-13,-9,2
2.947341,190,clench,2,14,8,0,4,8,6,-14
2.947375,191,clench,-2,-83,-29,9,6,-30,-25,14
2.969136,192,clench,-27,87,60,1,10,-13,-26,-41
2.969303,193,clench,54,-34,17,-16,-56,32,34,42
2.971579,194,clench,-16,-103,-38,-5,1,-5,-9,0
2.971587,195,clench,-32,121,13,7,-8,-12,30,-27
2.984185,196,clench,51,-59,-27,-11,-4,1,-7,27
2.984208,197,clench,-55,-46,-35,-2,7,-26,-29,-31
2.986532,198,clench,24,25,34,8,7,17,18,3
2.986540,199,clench,-5,-8,-27,-3,-1,-15,-11,19
3.006565,200,clench,16,-51,-19,4,-20,13,10,-6
3.006633,201,clench,21,30,15,1,33,-3,-4,1
3.008980,202,clench,-8,14,-14,-1,-6,-6,7,0
3.008987,203,clench,-12,30,10,-3,6,4,-6,-45
3.028957,204,clench,-5,-3,-7,2,-1,9,7,37
3.028973,205,clench,11,-81,-18,0,6,0,-30,-7
3.029606,206,clench,-13,51,40,2,-12,-27,24,13
3.029620,207,clench,43,-22,16,2,-1,33,28,29
3.043963,208,clench,-75,23,3,2,6,-6,-4,12
3.044032,209,clench,25,-10,-23,-5,-4,-9,-15,-31
3.045758,210,clench,-3,-31,-17,-8,-8,-15,-3,12
3.045765,211,clench,-2,42,1,-4,-15,7,9,-1
3.066601,212,clench,38,1,4,0,19,17,-4,13
3.066632,213,clench,-5,-30,-6,5,-18,-26,17,-19
3.068389,214,clench,-36,30,-3,-7,-2,17,-4,3
3.068397,215,clench,18,-5,7,-3,-12,-12,-10,5
3.088979,216,clench,14,-123,-30,5,17,-23,-10,-25
3.088992,217,clench,-9,127,45,-2,-8,19,14,-31
3.089686,218,clench,22,-16,-3,0,-12,8,19,12
3.089693,219,clench,-41,58,27,5,-1,-4,-46,-25
3.104599,220,clench,10,-73,-10,-8,3,6,35,-25
3.104611,221,clench,3,19,3,0,-4,-22,-28,0
3.104669,222,clench,4,1,-20,-1,10,1,36,-14
3.104735,223,clench,-14,-90,-17,-1,8,12,2,31
3.126515,224,clench,18,97,33,10,3,5,-30,-33
3.128633,225,clench,-10,94,74,20,3,2,30,9
3.128640,226,clench,12,-18,-27,-11,-2,-2,20,19
3.128642,227,clench,3,-37,-4,-6,-3,17,-57,14
3.157247,228,clench,9,-14,-4,-2,-11,13,43,-7
3.157272,229,clench,-8,-60,-40,-7,-6,-18,-45,9
3.158418,230,clench,-30,-24,13,3,23,16,-17,-21
3.158422,231,clench,-49,76,-19,-10,-2,-2,-16,8
3.163998,232,clench,9,-66,7,0,-19,-7,26,15
3.164025,233,clench,38,-94,-17,-1,11,-11,25,4
3.166402,234,clench,-20,83,91,14,-4,-17,-41,3
3.166409,235,clench,18,-25,-20,-15,-33,47,30,-11
3.186410,236,clench,-5,-24,-22,-4,0,0,-31,-3
3.186433,237,clench,-24,-93,-44,-13,-9,-29,25,15
3.187349,238,clench,25,114,85,15,8,10,-38,-11
3.187369,239,clench,6,-6,-8,-4,5,-14,34,30
3.208913,240,clench,22,-7,2,-3,-5,5,-6,-7
3.208936,241,clench,-58,-13,-4,3,9,20,4,9
3.210719,242,clench,-4,-75,-59,-2,3,-13,4,-4
3.210727,243,clench,11,7,-5,-6,-1,-24,-30,-10
3.223940,244,clench,10,34,27,5,17,11,50,16
3.223967,245,clench,-46,-24,-14,-1,-12,-4,-45,-22
3.225202,246,clench,-4,16,-27,-6,2,19,18,5
3.225209,247,clench,-13,-31,-1,4,5,-30,-10,-21
3.246526,248,clench,23,-43,-5,-1,-6,-7,2,12
3.246547,249,clench,2,127,54,5,1,-20,-3,26
3.247129,250,clench,37,-73,-22,2,7,43,-31,0
3.247142,251,clench,-4,-61,6,0,-11,-5,50,3
3.269660,252,clench,7,0,-17,-5,1,-3,-18,8
3.269682,253,clench,-22,-34,-11,2,10,7,-8,-26
3.272089,254,clench,5,41,-5,-9,-19,-14,-3,-5
3.272095,255,clench,32,-18,6,2,13,-10,20,24
3.284184,256,clench,-10,9,-26,-4,-14,-23,-14,3
3.284205,257,clench,8,84,54,4,5,10,-1,14
3.286283,258,clench,-47,-81,-15,4,18,7,12,10
3.286288,259,clench,-19,26,-9,-7,-3,-9,-82,-11
3.306881,260,clench,-17,37,9,-5,-20,20,37,-27
3.306887,261,clench,22,-52,-32,-2,2,10,-28,13
3.307353,262,clench,28,-8,0,-6,-5,-11,12,-22
3.307359,263,clench,-23,-10,10,2,3,-17,-4,-4
3.329389,264,clench,-8,-41,-41,3,22,-2,-23,10
3.330689,265,clench,-2,7,18,-2,-27,7,2,-26
3.330693,266,clench,16,-3,-9,-3,8,12,12,-24
3.330695,267,clench,30,10,6,1,-14,-13,22,4
3.344236,268,clench,3,5,-1,0,7,1,-41,-11
3.344262,269,clench,4,-75,-36,-2,11,9,18,37
3.345745,270,clench,-6,-10,-5,1,2,-13,2,3
3.345749,271,clench,7,18,-6,-3,-11,2,5,-2
3.368292,272,clench,-14,19,54,7,-4,-3,22,-29
3.368297,273,clench,8,-116,-29,-8,12,11,-26,2
3.368299,274,clench,3,35,-11,-8,-30,9,14,-3
3.368300,275,clench,-8,56,2,6,23,-22,19,-48
3.389103,276,clench,8,-11,8,0,16,25,11,1
3.390626,277,clench,-8,85,-4,-5,-13,-6,38,15
3.390633,278,clench,14,-25,-6,-1,5,-9,-40,-13
3.390635,279,clench,-50,-52,-12,3,-5,8,-6,12
3.404097,280,clench,6,-36,3,2,-19,-12,-15,15
3.406162,281,clench,8,-24,-18,-8,30,5,6,-21
3.406173,282,clench,-18,51,13,4,-3,-4,-15,-15
3.406175,283,clench,14,5,2,0,2,3,10,8
3.426433,284,clench,7,-57,-35,-3,-8,-29,-27,1
3.426466,285,clench,-6,102,27,6,4,26,-18,-17
3.428711,286,clench,0,9,-3,1,-3,-37,-3,4
3.428716,287,clench,23,-41,7,0,4,17,73,15
3.449079,288,clench,-67,-5,-6,-13,-24,-16,-33,-13
3.449109,289,clench,-14,1,-10,4,38,-9,23,-26
3.449694,290,clench,20,86,45,-3,-27,24,-44,-7
3.449713,291,clench,9,-46,5,6,9,1,-25,-9
3.464025,292,clench,11,95,2,-5,-26,2,7,16
3.464052,293,clench,12,-76,-6,4,18,-12,-11,-25
3.465389,294,clench,-16,-3,-32,-8,2,5,15,20
3.465399,295,clench,3,-36,-23,-5,-2,10,17,34
3.487203,296,clench,4,69,13,5,5,5,-12,-14
3.489492,297,clench,-28,-38,-16,-7,-15,-8,12,0
3.489497,298,clench,12,54,13,3,8,-10,53,5
3.489498,299,clench,2,66,15,-4,-15,-9,-41,-23
3.508868,300,clench,13,-12,3,4,18,11,31,15
3.508924,301,clench,23,10,-5,5,-9,-3,-69,6
3.509663,302,clench,-2,-65,-7,-2,7,-3,28,8
3.509679,303,clench,24,-12,6,1,-4,20,25,6
3.524077,304,clench,-27,57,16,-4,-3,-11,-13,6
3.524100,305,clench,19,-29,-8,1,9,1,21,3
3.524734,306,clench,-6,-59,-26,-4,-15,-14,-18,4
3.524749,307,clench,-33,31,-14,-3,25,7,-18,-5
3.546391,308,clench,20,26,20,-5,-23,23,34,18
3.546411,309,clench,2,-6,-1,0,6,1,-2,10
3.547503,310,clench,35,13,6,2,1,-19,29,-9
3.547508,311,clench,-16,-2,-7,1,-5,-10,-34,-22
3.570990,312,clench,-5,30,-40,-11,-3,2,-11,-6
3.570995,313,clench,-8,-23,21,-4,-38,0,9,8
3.570997,314,clench,-5,-88,-12,5,45,-15,-18,1
3.570999,315,clench,-8,-59,-11,-5,-12,24,22,-10
3.586103,316,clench,21,79,78,16,7,-6,-15,9
3.586108,317,clench,-29,-29,-8,1,-23,-6,-9,16
3.586110,318,clench,17,-34,5,1,6,8,-3,6
3.586112,319,clench,11,-125,-7,-2,-1,-33,-50,14
3.606410,320,clench,11,13,-15,-2,3,22,49,18
3.606430,321,clench,2,43,22,-6,-18,-8,-3,-17
3.607127,322,clench,-9,-1,4,4,4,7,-7,3
3.607140,323,clench,-5,0,-5,-3,4,-15,0,-6
3.629317,324,clench,-10,-128,-45,-4,-14,-24,1,5
3.629341,325,clench,15,118,54,1,20,19,-49,7
3.630849,326,clench,3,-30,-7,-7,-14,1,1,17
3.630859,327,clench,-8,44,5,10,14,7,28,-10
3.643908,328,clench,-18,-108,-26,-3,16,-9,-9,-17
3.643925,329,clench,19,85,16,-2,-17,31,45,6
3.646596,330,clench,-22,-7,-11,-4,-2,-8,1,10
3.646609,331,clench,26,64,17,6,9,8,-22,14
3.666660,332,clench,-46,-105,-32,2,11,-3,-4,-2
3.666687,333,clench,8,-15,13,-7,-16,-41,-42,2
3.667388,334,clench,-10,11,15,1,-5,19,55,-11
3.667457,335,clench,16,15,-3,-5,-5,-8,-10,32
3.689038,336,clench,8,91,29,5,-10,11,0,-6
3.689058,337,clench,-14,-30,-38,2,21,-13,-6,13
3.690589,338,clench,-18,-77,-19,-8,-14,12,-1,-17
3.690594,339,clench,26,4,5,-3,-24,-14,23,-6
3.712057,340,clench,-11,-48,-26,-4,35,6,-21,-3
3.712073,341,clench,18,52,42,12,-24,-15,21,4
3.712779,342,clench,-19,2,10,14,38,20,2,-21
3.712793,343,clench,17,-17,-15,-16,-17,-6,-20,23
3.726412,344,clench,4,-27,-49,-3,13,11,-44,-9
3.726450,345,clench,20,-15,-9,-8,-29,5,73,1
3.727204,346,clench,17,-23,-21,-3,-8,-16,-69,18
3.727218,347,clench,-10,18,25,7,12,9,48,-7
3.749271,348,clench,36,-19,-10,-9,-3,-24,-31,12
3.749305,349,clench,-10,-43,-27,-5,-2,3,-26,-55
3.751380,350,clench,2,23,8,1,0,-1,20,29
3.751384,351,clench,-33,-25,-14,-3,-5,-8,-19,6
3.764051,352,clench,-1,45,20,11,4,-6,22,-4
3.764082,353,clench,1,-128,-34,-21,4,16,0,0
3.766237,354,clench,29,127,10,-6,-1,-15,-53,-5
3.766241,355,clench,3,-9,27,7,3,21,45,-16
3.789027,356,clench,-15,-19,15,2,-7,-12,16,22
3.789033,357,clench,-19,-75,-23,-1,0,-6,14,9
3.789035,358,clench,14,54,17,4,-2,-7,-7,-2
3.789037,359,clench,-23,16,6,6,1,-2,-62,-31
3.808870,360,clench,11,44,11,-10,-13,-3,58,-16
3.808892,361,clench,29,12,-19,3,17,11,-23,13
3.810511,362,clench,-30,-53,-14,-7,-18,-2,38,-12
3.810519,363,clench,24,22,-8,3,8,-3,-10,-6
3.824024,364,clench,-39,-2,-2,-9,-14,-8,-34,32
3.824049,365,clench,-10,84,27,13,-7,-14,30,0
3.825548,366,clench,6,5,-3,-4,5,46,-14,-17
3.825552,367,clench,17,-1,2,-3,-4,-3,3,16
3.846402,368,clench,-36,-78,-18,3,20,7,-8,-19
3.846420,369,clench,-25,-65,-21,-6,-3,-17,7,2
3.847475,370,clench,-33,26,20,-1,-25,-13,-28,24
3.847479,371,clench,-6,53,-17,1,19,2,4,4
3.868835,372,clench,-14,-5,16,-2,2,3,1,-6
3.868855,373,clench,2,16,2,0,-3,13,14,-14
3.869714,374,clench,6,-33,-25,-2,15,2,-3,-18
3.869731,375,clench,6,-87,4,-6,-26,-18,-18,-11
3.883285,376,clench,8,-4,6,4,6,-4,3,4
3.883305,377,clench,-12,12,2,6,1,-13,-47,13
3.891568,378,clench,-11,26,-14,-3,7,-3,18,-14
3.893394,379,clench,-12,34,7,-2,-17,-10,14,41
3.906555,380,clench,22,-1,-2,-6,12,17,38,1
3.906576,381,clench,15,-68,-14,-2,4,1,-47,-9
3.907617,382,clench,30,-38,20,6,-19,-32,4,-5
3.907621,383,clench,2,-13,-15,-5,12,10,11,-1
3.929668,384,clench,8,46,9,-2,-19,-4,-22,-16
3.929673,385,clench,17,-30,-7,2,33,-13,8,1
3.929675,386,clench,-41,32,-7,-13,-28,19,26,-4
3.929722,387,clench,28,6,4,-2,3,5,6,-15
3.943389,388,clench,11,2,-5,-3,-3,5,-26,-11
3.955063,389,clench,-10,22,5,4,8,-1,41,6
3.955088,390,clench,-16,-128,-43,-2,7,-37,-58,-14
3.955091,391,clench,20,90,87,15,-15,19,30,-9
3.967108,392,clench,48,-32,-6,-11,19,2,27,33
3.967350,393,clench,-70,-21,-7,-2,-25,-2,11,-3
3.969479,394,clench,21,-54,-26,3,24,11,-12,-3
3.969489,395,clench,7,-80,15,-4,-15,-7,-21,-44
3.989002,396,clench,-38,13,1,9,-3,-14,-1,7
3.989021,397,clench,17,46,12,0,-2,17,2,-20
3.990370,398,clench,4,2,-15,-3,1,-8,16,-14
3.990375,399,clench,-76,36,-20,-10,7,-6,-1,12
4.003211,400,clench,31,62,-3,1,-14,22,8,-12
4.003272,401,clench,-4,-71,12,-1,-14,-11,-39,-11
4.011407,402,clench,-41,46,21,-2,20,14,25,-1
4.011426,403,clench,20,-32,-26,-3,1,-11,-2,-3
4.026435,404,clench,-22,-44,-12,-1,24,14,-10,-22
4.026455,405,clench,-22,62,19,4,-3,-4,12,21
4.027446,406,clench,16,21,-12,0,-3,-5,-25,-30
4.027463,407,clench,-7,3,4,-2,1,5,3,-5
4.049256,408,clench,21,-23,9,-1,5,2,-3,-13
4.049276,409,clench,28,53,14,3,-22,-24,-21,12
4.050584,410,clench,-47,3,31,5,9,11,-3,-50
4.050589,411,clench,-19,-77,-15,-1,4,0,2,23
4.063313,412,clench,26,-38,-5,-8,-29,3,-3,8
4.063336,413,clench,-2,-55,-13,-6,-1,-7,-9,-18
4.071554,414,clench,19,-51,1,4,13,6,6,32
4.071586,415,clench,-63,36,-21,-7,1,-4,22,-9
4.086352,416,clench,20,1,-2,0,-10,-11,-47,1
4.086362,417,clench,12,-5,-6,-3,-9,4,15,0
4.094016,418,clench,29,-17,3,2,18,-6,3,27
4.094038,419,clench,18,-34,-19,1,-4,-1,-1,-6
4.109825,420,clench,-8,-14,17,3,4,0,-30,-9
4.109848,421,clench,-9,74,7,-2,11,21,44,36
4.109851,422,clench,11,7,12,2,-26,-18,-10,25
4.109853,423,clench,11,-29,-11,3,14,0,-18,-16
4.123838,424,clench,-13,120,26,5,-12,-1,9,0
4.123870,425,clench,-7,83,2,-3,21,-5,27,-3
4.131929,426,clench,26,-29,-3,-1,-7,47,18,13
4.134612,427,clench,-9,-5,-11,1,3,-2,1,30
4.146509,428,clench,16,-48,12,6,-8,-9,-2,-14
4.148086,429,clench,-16,-127,-71,-14,-23,-27,-44,-14
4.148092,430,clench,-17,127,90,14,53,7,45,-16
4.148095,431,clench,26,32,17,-5,-19,0,-19,0
4.168952,432,clench,0,7,-25,-8,13,9,10,-7
4.168971,433,clench,-11,-12,0,-3,-15,-2,-1,16
4.169562,434,clench,35,-49,-20,-6,-27,-23,-9,6
4.169573,435,clench,-6,26,-15,0,17,17,-22,-13
4.199888,436,clench,-2,29,20,5,-2,-20,-3,-20
4.201864,437,clench,-46,-74,-20,3,16,20,10,3
4.201869,438,clench,-53,88,18,-1,-19,-4,-8,-8
4.201871,439,clench,17,-64,2,-1,7,13,17,-2
4.206597,440,clench,-11,13,-29,-5,-6,-10,-1,16
4.206617,441,clench,1,109,67,7,1,-4,4,-49
4.207327,442,clench,52,-30,-12,-7,-9,-5,17,8
4.207346,443,clench,-44,-31,-12,-5,-14,-7,1,56
4.229436,444,clench,1,-3,10,1,-10,-3,-15,15
4.229460,445,clench,11,-36,-24,-4,2,-1,-13,-27
4.229513,446,clench,-18,-69,-13,0,-9,-26,-26,-9
4.229521,447,clench,25,115,-4,0,2,-11,16,-21
4.252204,448,clench,24,-52,11,0,-6,20,13,17
4.253559,449,clench,-3,16,-2,3,26,13,3,32
4.253568,450,clench,-21,-15,-15,-4,-24,-14,-38,-18
4.253572,451,clench,9,-37,-11,1,3,5,7,0
4.266981,452,clench,-44,-56,-34,-8,-1,-9,12,-1
4.268424,453,clench,1,8,52,5,-8,-11,-27,-29
4.268432,454,clench,18,16,-17,-4,14,36,29,20
4.268436,455,clench,-6,-57,-7,-4,-12,-18,1,-20
4.289523,456,clench,-8,-1,19,5,25,-15,4,-33
4.289534,457,clench,-26,-74,-63,-10,3,17,-15,22
4.289704,458,clench,9,56,28,3,-49,-32,16,29
4.289719,459,clench,-2,-5,6,-3,24,11,-25,29
4.312384,460,clench,8,23,5,0,-30,-10,9,-1
4.312405,461,clench,35,-34,-28,-6,4,4,-2,-14
4.313565,462,clench,-10,-11,-22,0,18,-2,6,-11
4.313570,463,clench,-1,35,10,4,-9,-3,-13,7
4.326529,464,clench,-7,33,-6,-12,-14,10,60,9
4.326550,465,clench,13,15,14,3,11,5,-42,-4
4.328377,466,clench,8,-53,-45,-4,5,0,27,9
4.328382,467,clench,-28,110,95,-1,-22,-18,-16,-28
4.350206,468,clench,-19,-24,-14,-6,-7,0,-18,5
4.350213,469,clench,2,4,5,0,-13,-6,6,5
4.350215,470,clench,31,-24,2,-1,10,7,-12,-9
4.350218,471,clench,-43,-68,-30,1,4,-31,0,6
4.372209,472,clench,5,-33,-8,13,-7,-29,-47,-2
4.372234,473,clench,28,118,60,-7,-39,22,26,-8
4.374178,474,clench,-37,-56,-13,-4,30,0,7,29
4.374185,475,clench,60,-39,-27,3,5,14,-2,-33
4.386511,476,clench,-42,-36,12,2,6,-4,-27,20
4.386533,477,clench,20,35,-6,-1,-1,0,44,-22
4.388752,478,clench,-34,16,10,4,-6,-6,-52,19
4.388766,479,clench,30,-38,-13,-3,12,23,19,-5
4.409036,480,clench,-3,-31,-16,-6,-1,-10,14,14
4.409054,481,clench,14,0,4,-1,-25,-23,-29,-5
4.411989,482,clench,-6,-1,-25,-1,11,15,-16,1
4.411995,483,clench,-17,19,-3,-4,-10,-5,9,8
4.432670,484,clench,-33,25,-31,-11,-6,16,0,-25
4.432701,485,clench,49,71,6,-1,6,-11,5,37
4.434686,486,clench,-14,-24,12,-5,-15,3,-7,22
4.434694,487,clench,9,-35,-12,0,2,-8,24,2
4.446533,488,clench,17,39,-6,2,6,-2,3,12
4.446557,489,clench,8,-55,-28,-10,11,-5,-15,8
4.447276,490,clench,3,-11,10,-1,-20,14,3,-32
4.447291,491,clench,-21,8,3,-4,-8,-17,-60,-8
4.469129,492,clench,39,46,23,3,-6,8,11,6
4.470583,493,clench,-47,-105,-32,3,14,2,-27,-19
4.470594,494,clench,25,127,38,5,-11,-8,38,-13
4.470599,495,clench,-19,-67,6,-2,11,17,17,-7
4.492067,496,clench,23,1,17,6,16,1,2,-13
4.492085,497,clench,-59,52,-7,-4,-20,-8,51,20
4.492808,498,clench,24,-26,16,0,17,16,-49,-21
4.492822,499,clench,19,-11,-33,-6,-12,-10,-1,4
4.506531,500,clench,22,6,28,4,13,-5,0,-3
4.506670,501,clench,-49,28,10,5,11,5,-26,-13
4.507269,502,clench,-61,-18,-35,-4,-1,-2,21,-9
4.507282,503,clench,34,-10,42,-2,-33,7,-14,10
4.529365,504,clench,-20,-55,-14,5,2,-10,-8,16
4.529387,505,clench,-1,-7,0,2,40,7,2,6
4.530393,506,clench,-2,-25,-12,-8,-10,-6,16,1
4.530397,507,clench,-19,-9,-16,1,13,-4,-34,-12
4.552448,508,clench,21,19,-13,2,-3,-5,0,-8
4.552471,509,clench,39,-58,25,-2,-12,19,-16,10
4.554520,510,clench,-6,37,6,1,24,-12,37,-7
4.554526,511,clench,20,42,0,-2,-15,1,-28,1
4.566422,512,clench,-35,-63,-22,-7,4,2,10,-12
4.566439,513,clench,24,23,-5,5,-6,6,-23,3
4.567112,514,clench,24,-20,2,-2,-12,-10,13,-12
4.567126,515,clench,-42,-28,12,-3,-4,4,23,-25
4.588990,516,clench,20,35,-5,-3,2,12,-21,-10
4.589008,517,clench,-46,-41,-23,-3,-2,-24,-22,-13
4.590437,518,clench,-40,2,-16,-4,-11,1,27,-5
4.590446,519,clench,45,18,14,4,-1,2,-4,8
4.613862,520,clench,-22,1,6,-8,24,10,-2,-10
4.613869,521,clench,0,-6,-10,1,-2,-8,48,-3
4.613870,522,clench,31,6,-16,-4,-4,-18,3,-13
4.613872,523,clench,-8,-21,8,-6,-3,4,-36,-1
4.627076,524,clench,-3,16,15,4,-11,6,-10,-5
4.627110,525,clench,36,5,5,4,19,-22,9,-2
4.629436,526,clench,-17,-55,-11,-3,0,-5,-24,11
4.629442,527,clench,-4,86,-28,2,12,-8,19,6
4.649614,528,clench,25,-24,18,-4,-23,20,34,-3
4.649645,529,clench,21,-74,11,0,4,-1,-11,0
4.650173,530,clench,6,44,12,-3,-16,-1,-21,11
4.650191,531,clench,-7,-29,-24,1,25,-12,-39,1
4.672173,532,clench,-26,117,50,6,-25,-10,64,11
4.672198,533,clench,34,12,-15,-8,-6,24,-7,-11
4.674579,534,clench,-5,-18,3,0,13,-12,-36,5
4.674592,535,clench,25,-12,6,3,4,22,22,7
4.686391,536,clench,22,-57,-42,-7,-6,-21,-27,0
4.686413,537,clench,-26,-13,24,3,-2,14,8,-30
4.688556,538,clench,18,-6,-3,-3,-1,0,-13,3
4.688564,539,clench,-20,0,-16,0,-2,6,24,1
4.708976,540,clench,-1,19,-6,7,22,-14,-20,-15
4.708996,541,clench,-36,-55,-4,-19,-33,-2,10,8
4.709585,542,clench,30,-2,-21,5,12,16,-13,-13
4.709605,543,clench,-18,78,17,-11,-34,-36,-3,-4
4.732310,544,clench,11,-76,-20,-2,30,27,4,23
4.732344,545,clench,16,28,4,5,-27,4,26,-8
4.734072,546,clench,-13,-52,-5,-1,2,-14,7,3
4.734077,547,clench,-2,-21,-14,-7,-13,6,-36,-18
4.746408,548,clench,-75,71,-28,7,19,-35,-43,11
4.746429,549,clench,27,9,10,-10,-18,34,39,1
4.747387,550,clench,12,-19,17,-2,1,4,8,24
4.747391,551,clench,-7,-32,6,7,-1,0,41,10
4.769350,552,clench,20,-23,-8,-6,-3,-4,-28,0
4.769359,553,clench,7,-47,-13,9,23,-12,-12,7
4.769693,554,clench,-13,1,9,5,-5,-29,-15,-18
4.769705,555,clench,24,41,-3,-5,8,43,40,38
4.792128,556,clench,-57,-99,2,-13,-18,10,11,-7
4.792212,557,clench,-7,-41,-28,4,8,-25,-53,6
4.794134,558,clench,9,109,52,6,0,27,48,5
4.794140,559,clench,-62,-51,4,2,5,6,-12,2
4.805797,560,clench,41,-15,10,2,-19,-10,-3,-15
4.805814,561,clench,-8,18,-4,-3,16,1,3,13
4.813762,562,clench,7,-58,-30,-7,-5,-11,-29,3
4.813789,563,clench,-4,-83,-50,8,13,-20,3,0
4.828930,564,clench,8,127,91,-6,-28,31,32,-2
4.828952,565,clench,22,-15,-10,-1,18,-17,-11,40
4.829965,566,clench,-32,-35,-15,-7,-3,5,-8,-23
4.830043,567,clench,-2,-77,24,8,12,-10,13,-9
4.852070,568,clench,-20,42,-9,5,-1,-22,-18,-9
4.853843,569,clench,5,26,2,0,7,6,-26,-10
4.853856,570,clench,33,-57,-5,-6,-2,31,57,33
4.853858,571,clench,-46,27,-4,-1,1,-9,-40,-66
4.865901,572,clench,26,-4,-15,-7,4,18,43,24
4.865929,573,clench,-8,25,24,4,-15,-11,-7,-16
4.873994,574,clench,8,31,-42,-9,-8,-8,-15,-20
4.874011,575,clench,12,-10,21,-1,-18,-9,14,10
4.889023,576,clench,29,-105,-14,-1,18,4,-6,-13
4.889041,577,clench,-45,110,37,1,-1,-3,5,18
4.890077,578,clench,-58,-92,-14,-2,-7,-9,-13,-10
4.890082,579,clench,23,102,13,-2,-6,-3,-4,6
4.912057,580,clench,-37,61,-1,0,10,3,-2,-23
4.912076,581,clench,4,-64,-12,-4,-19,-3,12,14
4.912784,582,clench,-8,-1,6,4,11,2,-18,-8
4.912804,583,clench,-6,27,3,14,29,-6,-16,2
4.926708,584,clench,16,10,20,-2,-3,11,10,22
4.926718,585,clench,32,37,-31,-4,-3,22,20,-30
4.934210,586,clench,-21,76,27,5,-5,-17,-24,-5
4.934237,587,clench,27,-63,-3,-1,17,7,14,-21
4.949418,588,clench,6,-44,-45,-4,-7,-4,-24,17
4.951815,589,clench,5,-63,-5,-5,4,-15,-14,8
4.951820,590,clench,10,21,14,11,13,4,-11,-3
4.951822,591,clench,-79,-13,13,-2,9,4,-10,18
4.973350,592,clench,-2,-108,-49,2,-19,15,49,-10
4.973424,593,clench,7,125,70,0,-5,-26,-40,-9
4.973426,594,clench,26,-84,-26,-4,28,7,7,-2
4.973428,595,clench,21,-19,0,-8,-23,0,18,-1
4.985771,596,clench,7,66,8,5,8,-7,-6,32
4.988338,597,clench,-15,-45,-25,6,6,-11,-10,-9
4.993957,598,clench,17,-8,-18,-7,-34,-6,20,30
4.993978,599,clench,29,89,-17,-7,11,-3,-14,16
7.010684,600,rest,-7,3,-8,-3,-5,-1,0,-3
7.010896,601,rest,13,-16,5,3,6,-1,-3,2
7.021373,602,rest,11,12,-1,0,5,0,2,12
7.021381,603,rest,-48,-14,-1,-4,-4,0,-2,-13
7.034721,604,rest,-8,23,1,0,2,-2,0,-14
7.034744,605,rest,8,-6,-3,-2,-5,-1,-5,4
7.036107,606,rest,-13,-6,0,-3,0,-2,-2,-9
7.036148,607,rest,19,21,0,5,3,-1,-5,-15
7.057231,608,rest,-10,-17,-2,0,-6,-1,2,2
7.057238,609,rest,0,30,0,0,1,-1,-2,-11
7.058592,610,rest,-6,-52,-3,-2,2,0,1,8
7.058609,611,rest,10,5,0,-2,-1,-1,1,-12
7.079724,612,rest,-10,15,-2,-1,-1,-1,0,1
7.081586,613,rest,13,-12,-1,-2,-9,-1,-3,1
7.081595,614,rest,-5,15,-1,0,-1,0,-2,-13
7.081598,615,rest,13,-2,-1,-5,-4,-2,-1,-3
7.094587,616,rest,49,-2,1,1,-2,-1,-1,-7
7.094603,617,rest,-22,1,1,-2,-6,-1,1,3
7.096545,618,rest,-14,-13,-5,-1,10,1,-1,-3
7.096550,619,rest,4,-13,-3,-4,0,0,-1,-6
7.117563,620,rest,2,18,5,1,12,-1,0,6
7.117587,621,rest,11,-47,-4,-2,-1,-1,1,-2
7.120001,622,rest,8,7,1,-1,-6,0,1,4
7.120008,623,rest,55,13,2,-2,-4,-2,-2,23
7.147143,624,rest,-66,4,0,2,4,2,0,-7
7.147169,625,rest,-4,-10,-2,1,8,-2,-1,0
7.148694,626,rest,-3,6,3,2,1,-2,-4,7
7.148712,627,rest,12,-9,-3,-1,3,0,0,-7
7.154881,628,rest,-18,-9,1,-2,-14,-1,1,-1
7.154914,629,rest,-3,24,1,0,-3,-1,1,-20
7.156511,630,rest,-6,17,-2,-1,-6,-2,2,-8
7.156517,631,rest,60,-43,-4,-3,-3,-4,-5,-40
7.177093,632,rest,-4,-6,-4,-2,-4,0,0,5
7.177116,633,rest,14,8,-2,-3,-1,-1,-3,-3
7.179371,634,rest,-3,17,-1,-1,1,-3,0,-2
7.179376,635,rest,-17,7,1,0,4,0,3,0
7.200459,636,rest,-2,-14,-3,-4,-1,-2,-4,-2
7.200467,637,rest,4,11,-1,-1,3,-2,-2,3
7.201068,638,rest,13,8,-1,-1,1,0,-2,-1
7.201084,639,rest,-25,-3,0,1,-5,-1,0,7
7.215548,640,rest,-16,-58,-8,-3,-3,0,1,-4
7.215555,641,rest,17,20,0,0,4,0,-6,18
7.220907,642,rest,24,2,1,0,-1,-1,-1,2
7.220926,643,rest,-37,-7,0,-4,-4,0,-1,-1
7.237107,644,rest,-20,7,-1,-5,-5,-2,-1,-46
7.237131,645,rest,14,6,0,4,6,-2,-2,1
7.239257,646,rest,-3,-21,-1,2,6,-1,1,1
7.239263,647,rest,-3,6,-2,-1,-1,0,-12,-2
7.260283,648,rest,18,1,0,0,-1,-1,0,-3
7.260289,649,rest,-7,-2,0,-2,-3,0,0,1
7.260967,650,rest,-4,-4,-2,-3,-4,-1,0,-1
7.260978,651,rest,-15,25,-2,0,2,-2,4,-17
7.274057,652,rest,6,-44,-1,-3,-1,-1,-3,5
7.274078,653,rest,-2,2,0,0,17,1,2,19
7.280992,654,rest,7,16,0,0,-19,-1,0,8
7.281017,655,rest,-19,-7,-8,-5,-4,-3,-1,-7
7.297229,656,rest,8,17,0,0,-4,0,-2,2
7.297254,657,rest,-7,-3,-3,-2,0,0,2,-5
7.298785,658,rest,13,21,4,2,6,-2,-4,-11
7.298791,659,rest,-34,-34,-2,-3,0,1,1,14
7.319694,660,rest,1,1,-4,-1,-2,-2,-5,9
7.319718,661,rest,-9,6,0,1,6,0,0,-3
7.321811,662,rest,-8,-8,1,0,-1,0,-2,2
7.321822,663,rest,24,24,3,-3,-8,1,-1,3
7.334048,664,rest,-4,7,1,6,12,-2,-2,10
7.336192,665,rest,15,-4,-1,-2,-10,-1,-2,-4
7.340854,666,rest,-24,1,2,1,5,1,0,51
7.340873,667,rest,7,-22,-2,-1,3,0,0,4
7.357237,668,rest,8,9,1,-4,-5,-2,4,0
7.357260,669,rest,-3,-12,-2,-1,-7,-1,-2,-1
7.358691,670,rest,1,-13,-5,-4,-1,-3,-4,-13
7.358709,671,rest,-2,16,4,2,-1,-1,-1,5
7.379874,672,rest,1,-1,-2,1,1,0,2,13
7.379899,673,rest,26,5,2,-1,-6,0,2,-6
7.382301,674,rest,-39,-14,-8,-5,4,-2,-1,-13
7.382310,675,rest,-8,-11,-3,-2,-4,-2,1,0
7.393893,676,rest,0,26,0,-1,0,-2,-4,-66
7.393921,677,rest,31,14,0,-1,-4,-1,0,5
7.400929,678,rest,28,-24,-2,2,6,1,0,-11
7.400954,679,rest,20,34,3,-1,-33,-3,-2,7
7.417348,680,rest,-10,9,-1,-1,1,-3,-6,-6
7.417372,681,rest,-57,-63,-5,-4,-4,-4,-2,-6
7.420327,682,rest,6,4,0,-1,-6,-2,1,-3
7.420335,683,rest,-2,3,-2,1,9,1,-2,-5
7.439624,684,rest,12,10,0,-2,-1,1,0,20
7.439652,685,rest,2,22,2,0,-6,-3,-1,-3
7.441193,686,rest,8,-3,-1,-4,-1,-1,-4,4
7.441212,687,rest,-35,-31,-3,2,17,-1,0,1
7.453875,688,rest,-2,-5,4,1,-2,-2,-2,11
7.453897,689,rest,-21,26,-2,-1,4,-1,-2,2
7.460655,690,rest,-7,-9,-3,-4,-1,0,0,-13
7.460671,691,rest,17,22,1,-2,0,-2,1,-2
7.477061,692,rest,5,-31,-1,-1,-3,2,-1,54
7.477080,693,rest,-6,4,-2,-1,-5,-1,-3,-10
7.479370,694,rest,-5,17,0,-1,10,0,-1,-2
7.479374,695,rest,1,-25,-1,0,2,1,1,-2
7.499711,696,rest,0,27,-4,-1,0,-1,-3,-8
7.499723,697,rest,-2,-36,3,-2,-5,-2,1,-2
7.501046,698,rest,-10,-2,0,1,2,-2,3,0
7.501064,699,rest,2,7,1,-2,3,-1,-3,1
7.515574,700,rest,-11,18,3,2,1,-2,-2,-10
7.515641,701,rest,-5,-35,-8,-4,-4,0,0,28
7.520730,702,rest,24,5,-3,-3,-3,-1,1,-22
7.520755,703,rest,-70,-15,1,1,7,-1,0,-3
7.537379,704,rest,-41,-15,-3,-5,-35,-3,-1,-10
7.537407,705,rest,7,20,-1,-2,-2,0,-1,-8
7.539524,706,rest,-16,-3,-1,-3,-1,-3,-4,-6
7.539536,707,rest,24,1,-1,3,1,0,-1,5
7.559616,708,rest,36,22,-1,-1,9,1,0,6
7.562211,709,rest,-7,-33,-3,-1,-6,-3,-2,-9
7.562218,710,rest,1,-5,-4,0,0,-2,0,5
7.562220,711,rest,-1,11,-1,-3,-3,-2,-2,-6
7.573273,712,rest,1,-9,0,0,5,-1,0,-5
7.573293,713,rest,6,24,0,-1,-2,1,-1,-5
7.584557,714,rest,-10,10,2,-1,-1,0,-1,-1
7.584566,715,rest,-26,-24,-2,-3,-4,-3,-1,-49
7.597125,716,rest,5,5,-3,0,4,-1,0,8
7.597147,717,rest,35,18,-1,-2,1,-2,-7,-5
7.598604,718,rest,-10,-6,2,-1,-6,-1,-1,0
7.598622,719,rest,-2,37,0,3,3,1,-1,-1
7.619674,720,rest,11,-69,4,-3,-2,-3,-2,0
7.619696,721,rest,19,-8,-5,-1,3,-1,-1,-7
7.621723,722,rest,-17,0,0,1,-4,0,2,-25
7.621728,723,rest,3,11,0,2,-3,1,-8,49
7.633360,724,rest,-15,10,-3,-4,5,1,-3,-2
7.633385,725,rest,-3,-2,4,-1,2,-2,0,2
7.643014,726,rest,18,0,-2,0,-7,0,-3,3
7.643018,727,rest,12,-2,-1,-5,-3,0,6,3
7.658029,728,rest,5,8,-1,3,2,0,2,1
7.658036,729,rest,-19,-13,2,2,2,1,0,-1
7.658640,730,rest,-12,-4,-1,0,0,0,0,5
7.658654,731,rest,10,1,-1,-1,22,0,0,-2
7.679575,732,rest,-11,-4,1,-4,-6,-2,-2,0
7.679601,733,rest,10,33,-1,-1,-2,0,1,-5
7.681718,734,rest,-11,-6,-1,0,-4,-1,-1,7
7.681722,735,rest,9,-15,-4,-2,9,0,0,2
7.693207,736,rest,-11,12,-1,1,6,-1,2,-4
7.693224,737,rest,18,-5,0,0,0,0,1,1
7.704453,738,rest,-28,-9,-6,-4,2,-4,-4,-38
7.704463,739,rest,18,-11,-6,-1,-8,-1,1,18
7.717375,740,rest,2,2,0,-2,-1,-1,-2,-5
7.719808,741,rest,6,12,0,-1,-3,0,4,-1
7.719820,742,rest,5,11,3,1,-1,-2,-2,3
7.719822,743,rest,8,-12,1,-4,3,-3,-2,-10
7.739527,744,rest,16,-5,-3,0,-2,0,1,2
7.739544,745,rest,-23,4,-5,-4,-1,0,-3,2
7.741164,746,rest,18,3,0,5,2,0,1,16
7.741182,747,rest,-4,10,0,3,-1,0,-2,-5
7.753186,748,rest,11,5,2,1,1,1,-2,7
7.753250,749,rest,-5,2,2,0,0,-1,-2,-26
7.762532,750,rest,12,5,-3,-2,-6,0,-2,19
7.762536,751,rest,-21,-11,-2,-2,-9,-2,-1,-4
7.777057,752,rest,13,27,-3,-3,13,0,-1,-11
7.777079,753,rest,1,-52,-5,-4,-34,-2,-2,-6
7.778956,754,rest,2,-1,1,-1,1,-2,-1,8
7.779003,755,rest,8,1,-3,-3,-7,-1,1,0
7.800694,756,rest,-16,-5,-5,-2,-2,0,-1,-2
7.800700,757,rest,3,26,1,0,9,0,-1,7
7.801129,758,rest,10,-4,1,-1,-5,0,-2,2
7.801147,759,rest,-6,-13,-3,-4,-14,-5,-2,-3
7.813483,760,rest,-3,1,-3,0,1,-3,-1,-6
7.813565,761,rest,-9,7,-3,-1,5,0,1,4
7.822397,762,rest,-4,-6,-1,1,-1,1,1,-2
7.823867,763,rest,-1,6,-2,0,0,0,4,4
7.837312,764,rest,-15,-15,2,-2,-2,-1,-3,-2
7.837339,765,rest,-12,3,-1,-4,0,-2,-1,4
7.839594,766,rest,7,11,-1,1,7,-2,-2,0
7.839605,767,rest,-7,-33,-3,-5,-5,-2,1,-10
7.859495,768,rest,2,8,-1,-1,-1,-3,-1,1
7.859516,769,rest,-26,-11,-2,2,6,-1,-3,0
7.861806,770,rest,2,3,-4,-3,0,0,1,4
7.861814,771,rest,32,24,4,2,0,0,-4,4
7.873418,772,rest,-6,-6,-2,-2,-8,-1,-1,-2
7.873444,773,rest,0,4,1,-1,1,-3,-1,3
7.882598,774,rest,-25,-29,-3,-2,2,1,-3,-1
7.882609,775,rest,7,7,1,1,-3,1,-2,2
7.897185,776,rest,8,12,2,-1,13,0,1,9
7.897267,777,rest,3,-29,-2,-3,4,-2,-4,-12
7.898725,778,rest,14,7,3,0,0,-1,-1,2
7.898815,779,rest,-8,5,0,2,-8,-1,-1,-1
7.919651,780,rest,-1,1,-3,-1,-3,-2,0,2
7.919675,781,rest,-8,4,-4,-3,0,-3,1,-9
7.921476,782,rest,0,-7,-2,-2,-8,1,0,3
7.921482,783,rest,-7,18,2,1,7,0,-3,4
7.933533,784,rest,11,-2,-3,-3,-6,-3,-1,-13
7.933559,785,rest,4,-2,0,1,-1,1,1,4
7.942383,786,rest,-21,0,-2,-3,3,-3,-2,-4
7.942387,787,rest,-5,-5,-4,-5,-5,-2,-1,-23
7.957892,788,rest,5,-3,-1,5,1,1,-3,32
7.957901,789,rest,1,-5,-2,0,1,1,5,6
7.958719,790,rest,9,10,2,-1,0,-2,-4,-1
7.958740,791,rest,-13,1,-1,0,0,-2,-1,-8
7.980190,792,rest,1,-22,-1,-3,-7,-2,2,-12
7.980214,793,rest,0,2,-1,-2,1,-1,-2,3
7.982113,794,rest,-4,19,0,0,0,0,0,4
7.982121,795,rest,-9,-15,-4,-4,9,-1,0,7
8.002107,796,rest,32,6,0,-3,-10,0,0,-8
8.002137,797,rest,-64,30,5,4,5,0,-3,1
8.004729,798,rest,3,-62,-4,-3,1,-4,-5,-37
8.004736,799,rest,-15,5,2,2,0,0,-3,29
8.017297,800,rest,-13,-7,-2,-1,3,-3,-3,-4
8.017511,801,rest,25,8,-2,-2,-2,0,0,-2
8.020628,802,rest,1,11,-3,-2,-5,0,2,4
8.020635,803,rest,8,5,-1,0,-4,1,-1,-4
8.039559,804,rest,-8,-15,3,0,-3,0,0,-4
8.039583,805,rest,7,8,2,-2,-4,-1,-3,-3
8.041177,806,rest,-4,17,1,2,20,-1,0,4
8.041195,807,rest,6,-33,-2,-6,-30,-2,-2,-2
8.062024,808,rest,3,13,-6,6,4,-1,2,-1
8.062041,809,rest,0,-6,-1,0,-1,-1,-2,-3
8.063703,810,rest,8,7,-1,-3,-2,-1,1,6
8.063742,811,rest,15,12,3,2,9,-1,-1,-3
8.077100,812,rest,-13,-1,-1,-2,-10,0,-2,-4
8.079931,813,rest,-12,-7,-3,-4,-8,-3,4,-50
8.079938,814,rest,3,1,-2,0,-3,0,-3,10
8.079940,815,rest,1,1,-5,-2,4,-2,-3,-5
8.100597,816,rest,-18,-9,5,-2,-8,-2,-1,-5
8.100607,817,rest,22,15,0,-1,6,1,0,1
8.101008,818,rest,-15,-20,-3,-3,-5,-2,1,0
8.101022,819,rest,-26,-13,-2,0,5,-1,-3,-6
8.122208,820,rest,0,-18,-3,-2,4,-1,-1,-4
8.122228,821,rest,16,6,-5,-3,-4,0,-2,13
8.124717,822,rest,9,7,3,1,0,0,0,0
8.124722,823,rest,2,10,-2,-1,-1,1,0,3
8.136608,824,rest,-10,4,-3,-1,1,-2,1,-3
8.136625,825,rest,5,-3,3,1,-1,1,-1,13
8.150903,826,rest,-1,3,-1,0,-8,-2,-1,1
8.150925,827,rest,1,2,-3,-1,-1,-1,2,-12
8.159527,828,rest,4,4,2,0,4,2,0,49
8.159555,829,rest,6,-2,-1,-1,-2,-1,-2,5
8.161092,830,rest,0,-1,-2,-1,2,0,-4,6
8.161096,831,rest,-21,-6,0,-2,-2,-1,-1,-9
8.182509,832,rest,-16,-5,1,-5,-11,-1,-3,-22
8.182540,833,rest,1,-3,0,4,-2,0,0,8
8.184997,834,rest,15,10,-1,0,0,-1,1,6
8.185005,835,rest,12,-23,0,1,0,1,0,6
8.196690,836,rest,-1,8,-3,-3,19,1,-1,-4
8.196714,837,rest,-6,-2,0,-1,-35,-5,-1,-1
8.203527,838,rest,7,50,-1,0,-5,0,7,-8
8.203551,839,rest,6,-32,-2,-1,-2,-1,-3,0
8.219644,840,rest,-2,0,-2,-2,0,-1,0,-24
8.219667,841,rest,14,5,1,1,12,1,-1,35
8.222605,842,rest,-31,-2,-2,-2,0,0,0,-5
8.222612,843,rest,14,16,-4,-2,-5,-2,2,2
8.242123,844,rest,-21,9,1,0,-4,-1,-2,-8
8.242159,845,rest,1,-15,-6,-2,9,-2,-3,-11
8.243625,846,rest,0,-21,-1,-2,-6,-1,-2,2
8.243643,847,rest,-4,15,-2,-1,0,1,-1,7
8.256564,848,rest,22,-5,0,0,2,-1,-2,2
8.256660,849,rest,0,6,-3,-6,-3,-3,-4,-40
8.263504,850,rest,-39,-28,-3,1,3,-1,-3,-2
8.263528,851,rest,20,13,2,1,-2,-3,-1,-9
8.279665,852,rest,15,10,-2,-2,-2,0,1,1
8.279689,853,rest,-8,-1,2,2,1,0,0,5
8.282205,854,rest,14,-1,-5,-5,-2,-1,-1,-3
8.282212,855,rest,5,5,2,-1,2,-1,-1,-1
8.302995,856,rest,4,1,-1,1,-4,0,-1,-3
8.303002,857,rest,-6,-9,-3,-1,6,-2,-1,0
8.303516,858,rest,19,15,4,-1,-4,-2,-4,-2
8.303528,859,rest,-30,7,2,1,-2,0,1,11
8.318909,860,rest,27,-42,-8,-1,1,-2,-2,2
8.318916,861,rest,-16,26,-3,-2,-2,-1,2,-28
8.323384,862,rest,-6,-44,-4,2,8,0,-6,-1
8.323403,863,rest,2,20,-2,-4,-29,-3,-2,-5
8.339519,864,rest,-8,-1,-3,-3,-3,-1,0,8
8.339540,865,rest,-13,11,-1,1,-5,0,0,-4
8.341120,866,rest,17,10,2,0,-11,-3,-4,1
8.341158,867,rest,-22,-7,2,0,14,-1,-1,-2
8.362055,868,rest,-18,-9,-4,0,-2,-1,0,-13
8.362078,869,rest,22,-2,1,0,-3,-3,2,10
8.364743,870,rest,-59,-1,0,-4,1,-2,1,-15
8.364751,871,rest,36,0,-2,-2,-1,1,-1,21
8.376515,872,rest,-48,4,-1,2,2,-1,-1,1
8.376539,873,rest,-6,-7,-2,1,8,3,1,7
8.383550,874,rest,23,-6,-1,-1,0,0,0,-4
8.383575,875,rest,-6,1,2,-2,3,0,-2,-9
8.399464,876,rest,5,14,-2,-1,-5,1,-3,22
8.399481,877,rest,-7,-51,-5,-3,0,-2,-3,11
8.401064,878,rest,-5,-1,-2,-2,-4,0,0,-1
8.401081,879,rest,11,3,-6,-2,0,0,-1,-3
8.422148,880,rest,-1,10,3,-4,-2,-3,0,-20
8.422166,881,rest,-41,2,1,3,5,1,-4,35
8.424033,882,rest,20,5,-3,-2,1,-2,-8,2
8.424038,883,rest,13,-8,0,0,-3,-1,1,-8
8.436609,884,rest,-1,-2,-3,-4,-8,-3,-1,-18
8.436632,885,rest,5,17,-1,1,3,1,0,-7
8.443170,886,rest,33,-33,-5,-5,-7,-1,3,2
8.443187,887,rest,-71,-2,0,3,12,0,-3,6
8.459599,888,rest,25,-13,1,0,1,-1,-3,1
8.459612,889,rest,17,20,-1,-5,-2,-2,0,-2
8.461051,890,rest,-10,6,-1,0,6,-2,2,6
8.461099,891,rest,17,1,-5,-3,-2,-2,-1,-7
8.482469,892,rest,4,6,2,-2,-3,-1,-1,4
8.482492,893,rest,-36,-15,-6,0,0,-1,1,-10
8.485414,894,rest,19,-15,3,-1,1,-2,-2,-8
8.485421,895,rest,-30,8,-3,-3,1,-3,-2,-2
8.495818,896,rest,1,-5,-1,1,-1,-2,1,1
8.495842,897,rest,18,10,1,-4,1,-1,-1,5
8.505653,898,rest,-15,9,3,5,0,0,0,4
8.505660,899,rest,6,10,-3,-2,-1,-1,1,5
8.519491,900,rest,2,-4,-1,-1,6,-3,-3,-21
8.519548,901,rest,5,-7,-2,-4,3,-2,-4,4
8.521976,902,rest,-7,16,0,1,-2,1,0,1
8.521984,903,rest,14,-11,1,-4,-4,-3,-1,1
8.541931,904,rest,-9,-2,-2,-1,-2,-1,-1,3
8.541954,905,rest,5,-11,-4,-2,-3,-1,0,-3
8.543662,906,rest,-11,11,-2,-4,-3,0,1,-53
8.543687,907,rest,10,16,6,4,6,1,0,4
8.555754,908,rest,-13,-48,-4,-4,-3,-1,-3,-7
8.555775,909,rest,42,20,1,1,-4,-2,-1,-5
8.565966,910,rest,-6,-7,1,1,-4,1,-4,17
8.565970,911,rest,-6,-19,-2,-2,-3,-4,-2,-9
8.579749,912,rest,-27,12,-2,-2,-1,-1,1,8
8.579772,913,rest,10,-3,3,3,0,1,-1,5
8.582626,914,rest,36,16,-5,-3,-6,-1,0,10
8.582634,915,rest,14,1,2,5,31,0,-2,-1
8.602139,916,rest,14,2,1,0,-10,2,-1,11
8.602146,917,rest,-19,-12,0,-1,-1,-2,-1,-6
8.603514,918,rest,-26,-5,0,-3,-3,0,1,2
8.603530,919,rest,1,-8,-3,-3,-8,1,0,0
8.618716,920,rest,14,28,-5,-6,3,-2,4,-1
8.618723,921,rest,-15,-33,5,7,4,-3,-5,-40
8.625875,922,rest,-5,-4,-1,2,4,-1,0,10
8.625880,923,rest,7,-11,-2,-2,-11,0,0,1
8.639651,924,rest,-5,-7,1,0,0,-1,-2,-1
8.639679,925,rest,-12,10,-3,-7,-8,0,0,-4
8.641353,926,rest,-4,3,0,0,-1,-1,-1,5
8.641360,927,rest,1,1,1,0,-2,-2,-1,-6
8.662409,928,rest,10,6,0,1,-2,-1,-1,29
8.662435,929,rest,9,7,3,-2,2,-3,0,-41
8.664470,930,rest,-3,1,-4,1,-3,0,0,-3
8.664478,931,rest,-76,-5,-1,-1,-4,-1,0,0
8.675854,932,rest,8,-50,-7,-1,1,0,0,-6
8.677702,933,rest,6,1,-2,-2,-3,-1,1,8
8.686921,934,rest,16,11,2,0,0,-1,-2,4
8.686928,935,rest,13,15,0,-1,-6,-1,1,-4
8.701210,936,rest,-12,6,4,2,-2,-2,-5,-17
8.701217,937,rest,-13,-1,1,1,-3,-1,-3,13
8.701785,938,rest,-8,-1,-1,-1,1,-1,1,-2
8.701806,939,rest,9,3,-4,-3,1,1,-1,5
8.722291,940,rest,16,-7,-3,-1,-3,-2,3,1
8.722319,941,rest,1,1,-4,-3,1,-2,0,11
8.723822,942,rest,-3,1,0,-1,0,-2,-2,2
8.723827,943,rest,24,0,0,2,-5,-1,0,-3
8.735800,944,rest,-12,11,-1,-4,0,1,-1,0
8.735825,945,rest,-9,-2,3,-1,0,1,-2,4
8.744789,946,rest,-1,15,-2,-2,1,-1,-1,-3
8.744828,947,rest,-2,-44,-3,-2,-3,-1,-2,-4
8.759932,948,rest,3,9,0,2,0,1,-1,2
8.759948,949,rest,2,9,-5,-2,2,0,-4,3
8.761241,950,rest,-2,-16,-2,-2,-5,-1,0,0
8.761263,951,rest,23,45,4,0,9,0,-3,2
8.781967,952,rest,17,-5,4,-4,-32,-4,-1,42
8.781985,953,rest,-94,-45,-8,-1,2,-2,0,-8
8.783677,954,rest,18,4,-3,0,-1,-1,-3,7
8.783698,955,rest,10,1,-1,-1,3,1,-4,45
8.795756,956,rest,21,19,0,1,14,0,2,-9
8.795785,957,rest,16,23,3,-2,-3,-1,0,2
8.805812,958,rest,-9,-12,-5,-3,-1,-1,0,-7
8.805818,959,rest,-20,-13,2,-1,-1,-2,-1,-17
8.819654,960,rest,-11,7,-2,-1,1,1,-2,-11
8.821727,961,rest,32,26,-2,-6,-2,-3,-5,16
8.821735,962,rest,-12,-33,-3,2,4,-1,2,-15
8.821737,963,rest,-16,-16,-5,-5,-9,-3,-1,-13
8.841911,964,rest,0,15,-2,0,3,-3,-4,-8
8.841929,965,rest,12,-7,-6,-1,-6,0,0,-2
8.843572,966,rest,-5,21,7,-2,-1,-2,-1,1
8.843591,967,rest,17,10,1,1,-1,-1,-1,-8
8.855627,968,rest,-21,-13,-2,-1,3,-1,1,-5
8.855646,969,rest,-1,3,0,0,1,-1,0,1
8.865524,970,rest,3,0,-3,-3,-2,-1,0,1
8.865529,971,rest,14,26,4,4,-2,-4,-3,0
8.879738,972,rest,0,-85,-6,0,3,0,-4,-11
8.879761,973,rest,-9,0,1,0,-2,0,1,6
8.881558,974,rest,13,3,-1,-1,8,-1,-3,-4
8.881563,975,rest,-34,-12,-3,-3,-7,0,0,-9
8.902652,976,rest,26,35,2,-1,0,-1,-1,-10
8.902661,977,rest,4,1,2,2,3,-1,-2,-21
8.903877,978,rest,9,-21,-5,-6,-5,-2,-3,3
8.903899,979,rest,15,10,-1,-4,3,-1,1,2
8.924649,980,rest,-34,13,4,6,-21,-2,-2,-3
8.924672,981,rest,12,-6,-2,0,-3,0,0,3
8.926079,982,rest,57,41,5,3,0,1,2,58
8.926092,983,rest,-31,-93,-14,-6,-6,-2,-5,-15
8.939553,984,rest,13,7,-2,-3,5,-1,-1,-2
8.939571,985,rest,17,6,0,-1,-2,1,0,13
8.941187,986,rest,5,20,-1,1,-4,2,0,-13
8.941253,987,rest,2,20,7,-1,5,-1,0,-2
8.962220,988,rest,-8,-4,-1,0,6,1,-6,7
8.965026,989,rest,-11,-2,-2,1,-2,-2,-2,-4
8.965032,990,rest,-37,-15,-2,-1,0,0,0,-9
8.965033,991,rest,12,-3,-5,1,-3,-1,2,1
8.984761,992,rest,-11,8,-2,-2,2,-1,2,-9
8.984782,993,rest,11,6,0,-1,-4,-1,0,0
8.986090,994,rest,-14,-11,-1,-1,-7,0,-2,-5
8.986106,995,rest,8,5,-2,0,-8,0,1,6
8.999527,996,rest,34,37,6,1,-3,0,-1,1
8.999577,997,rest,-39,-47,-7,-2,5,0,-3,1
9.001150,998,rest,-24,-22,-1,-2,-1,0,-1,-5
9.002420,999,rest,10,18,3,1,-2,-1,0,-4
9.022180,1000,rest,9,-11,-2,-1,4,0,-2,4
9.022256,1001,rest,12,12,1,-1,-10,-2,0,0
9.024722,1002,rest,-5,21,0,2,9,-1,-1,-7
9.024728,1003,rest,4,-41,-2,-3,-2,0,-1,-3
9.044527,1004,rest,-20,6,1,-3,2,0,0,-1
9.044551,1005,rest,7,2,-2,-3,0,-2,-5,-31
9.046300,1006,rest,-2,8,4,0,-3,-2,0,0
9.046318,1007,rest,8,22,0,-1,4,2,0,39
9.059487,1008,rest,-16,-13,-5,-2,-2,-3,2,-22
9.059502,1009,rest,0,-3,-1,-3,1,-1,-2,3
9.061128,1010,rest,15,-5,-2,-5,-6,-2,0,5
9.061151,1011,rest,-19,0,-1,7,4,-1,-4,-12
9.089797,1012,rest,6,-3,0,-1,7,-1,2,-10
9.089804,1013,rest,-38,5,2,3,9,0,3,8
9.091264,1014,rest,3,-8,-7,-6,-31,-5,-3,-16
9.091284,1015,rest,6,-37,-1,-5,-4,-2,-3,-4
9.105485,1016,rest,-9,-6,-3,2,2,1,-1,8
9.105490,1017,rest,18,18,1,0,-6,-1,0,0
9.106325,1018,rest,1,-2,-1,-2,9,0,-1,3
9.106347,1019,rest,-8,17,1,1,-4,0,-1,-9
9.121028,1020,rest,1,22,0,-2,-4,-1,0,10
9.121034,1021,rest,-32,-27,-4,-1,1,-1,-7,1
9.125726,1022,rest,-9,-13,-1,-1,4,-1,-1,-9
9.125745,1023,rest,17,17,2,-1,-1,-1,0,0
9.142041,1024,rest,-13,6,-1,0,3,-1,-3,-4
9.142059,1025,rest,18,7,1,-1,-2,1,1,6
9.143853,1026,rest,-4,-1,-4,-2,-1,0,0,-5
9.143857,1027,rest,5,6,0,0,3,2,1,-7
9.164819,1028,rest,-29,-22,-2,-1,2,-2,-3,2
9.164848,1029,rest,10,-4,0,1,-4,-2,1,4
9.167320,1030,rest,-3,-3,1,0,-4,0,0,2
9.167326,1031,rest,2,13,-1,-3,-5,-1,0,-2
9.179399,1032,rest,3,-5,-2,4,1,-1,-2,-2
9.179423,1033,rest,36,13,4,-1,-2,0,3,1
9.185702,1034,rest,-37,-20,-2,-2,7,-1,-6,14
9.185785,1035,rest,-14,7,-3,-2,-1,0,0,-4
9.202021,1036,rest,13,3,-1,-3,-3,1,-2,51
9.202044,1037,rest,-1,10,-2,-4,-4,0,-1,-3
9.203561,1038,rest,21,3,-1,1,0,-1,0,-7
9.203582,1039,rest,7,6,-3,-2,-1,-1,0,-5
9.224642,1040,rest,-5,5,-1,-2,-4,0,-1,-9
9.224660,1041,rest,11,-14,1,0,3,0,2,30
9.226026,1042,rest,5,6,4,1,2,-1,0,2
9.226043,1043,rest,-14,10,-5,-3,-1,-1,0,-2
9.238307,1044,rest,3,-23,0,-2,-5,-2,-2,-18
9.238328,1045,rest,1,21,-1,-3,-1,-3,-1,-7
9.247351,1046,rest,-8,-21,-2,-1,-12,-1,-1,-11
9.247356,1047,rest,8,15,0,2,1,-2,-1,4
9.263261,1048,rest,-3,4,0,-1,12,0,2,-4
9.263268,1049,rest,14,-4,0,-1,-28,-1,-2,-5
9.263948,1050,rest,-14,16,-1,1,-4,1,-1,1
9.263962,1051,rest,27,-14,-1,1,4,0,-3,-6
9.284715,1052,rest,-4,0,-1,-2,-2,-1,0,-3
9.284741,1053,rest,-23,-9,-2,-1,7,0,-2,-1
9.286954,1054,rest,13,21,-4,-4,4,-1,1,-5
9.286961,1055,rest,3,-27,2,-5,-3,-3,-2,1
9.299878,1056,rest,-4,-3,-3,0,-1,-1,-1,-4
9.299906,1057,rest,8,8,2,3,5,2,0,1
9.305801,1058,rest,14,23,-1,0,0,-2,-1,-44
9.305829,1059,rest,-2,-21,-3,-5,0,0,-4,13
9.322166,1060,rest,-5,-4,-6,-1,-6,-2,0,-16
9.322195,1061,rest,-8,-3,-1,0,6,-1,0,5
9.324765,1062,rest,0,-1,0,0,6,0,1,-1
9.324783,1063,rest,-4,-11,0,0,0,0,0,-3
9.344487,1064,rest,9,24,-1,-1,-5,-1,1,-5
9.344505,1065,rest,-13,-52,-4,-2,-4,-2,-1,-7
9.346145,1066,rest,-10,-9,0,0,18,-1,-5,6
9.346271,1067,rest,-15,19,2,2,-2,2,3,4
9.358890,1068,rest,26,1,-1,0,-3,0,-2,31
9.358914,1069,rest,-17,11,-4,-5,4,-2,-2,-5
9.365877,1070,rest,6,-6,0,-1,-3,0,0,10
9.365914,1071,rest,-10,3,-1,-1,-1,-2,0,-6
9.381976,1072,rest,-7,-3,1,-5,-6,-3,-2,-14
9.382000,1073,rest,13,2,-2,3,6,0,2,-2
9.384154,1074,rest,-3,12,0,3,13,1,-2,5
9.384162,1075,rest,-17,-18,-4,-1,-20,0,-3,-4
9.404484,1076,rest,-5,-12,-4,-2,-7,-3,0,-2
9.404496,1077,rest,1,5,0,-1,-2,0,1,0
9.406207,1078,rest,-4,5,-2,-1,0,-3,1,4
9.406231,1079,rest,5,15,0,-4,2,-1,-1,-4
9.420162,1080,rest,-23,2,-1,-2,1,1,0,0
9.420170,1081,rest,-1,-2,-1,1,0,-1,-10,-59
9.427860,1082,rest,27,1,1,-2,-6,0,-2,12
9.427867,1083,rest,-45,-12,-3,1,2,-2,0,-2
9.442050,1084,rest,-3,-4,0,-2,-9,0,0,-6
9.442071,1085,rest,5,11,0,-4,-5,-2,2,1
9.443773,1086,rest,-10,-16,-5,-2,-7,-3,-3,-6
9.443786,1087,rest,5,-15,3,2,4,-2,-3,1
9.464613,1088,rest,16,6,2,4,8,2,1,38
9.464637,1089,rest,-28,-2,-5,-2,0,0,0,11
9.467521,1090,rest,8,8,4,0,-3,1,-2,1
9.467527,1091,rest,1,5,-3,-2,-5,-2,0,5
9.478153,1092,rest,-3,-1,0,-3,-2,-4,-3,-16
9.478175,1093,rest,15,4,1,1,5,0,0,-9
9.489025,1094,rest,-4,-12,-5,-1,-1,-2,1,11
9.489031,1095,rest,-7,0,-1,0,28,1,3,-9
9.501975,1096,rest,1,3,0,-2,-11,-2,-6,-10
9.502059,1097,rest,-3,-15,-4,-5,-4,-1,2,7
9.503826,1098,rest,0,3,-3,-2,-6,0,0,-7
9.505583,1099,rest,20,-20,-2,-1,2,-2,0,-2
9.524552,1100,rest,55,22,-2,1,-2,0,0,0
9.524636,1101,rest,-30,-9,-1,-1,-2,-3,-1,15
9.525995,1102,rest,-19,-14,-2,-5,0,-3,2,-42
9.526006,1103,rest,26,20,1,1,-4,-1,-3,19
9.538846,1104,rest,4,1,-4,-4,-3,1,2,-3
9.538865,1105,rest,20,1,2,3,2,-3,-12,-5
9.547708,1106,rest,-11,0,-3,-4,-3,0,0,-1
9.547713,1107,rest,-13,27,0,-3,-5,-3,-2,-8
9.563018,1108,rest,-6,-39,-3,0,6,-1,-2,-7
9.563025,1109,rest,5,14,1,-3,-1,0,3,9
9.563543,1110,rest,5,-10,-1,0,0,-1,-1,13
9.563559,1111,rest,15,12,-1,-2,-4,-2,-3,-4
9.584725,1112,rest,-2,5,3,-1,5,-1,-1,7
9.584756,1113,rest,6,-23,-4,-1,-2,-1,-1,0
9.586836,1114,rest,-3,-8,2,1,-3,1,1,47
9.586844,1115,rest,18,0,-4,-1,-5,-1,-3,0
9.598603,1116,rest,-60,-6,1,1,0,-2,-1,-10
9.598627,1117,rest,14,20,-1,-4,-3,0,-1,-6
9.608554,1118,rest,-12,-15,-4,-1,-4,-2,-2,-8
9.608562,1119,rest,-12,-8,-2,2,-7,0,-2,-3
9.622052,1120,rest,-1,0,-1,0,-2,-3,-2,2
9.622073,1121,rest,0,22,-1,1,-2,0,0,-17
9.624683,1122,rest,3,2,1,1,22,-2,-1,4
9.624691,1123,rest,-4,-20,-2,-1,-8,-3,-1,-12
9.644966,1124,rest,4,7,-1,-1,-1,-1,0,-7
9.645313,1125,rest,-12,-7,0,-1,-4,-1,1,1
9.646612,1126,rest,1,24,-2,0,1,0,0,-6
9.646632,1127,rest,-10,-76,-4,-3,3,0,0,-15
9.658134,1128,rest,-3,1,-2,-1,3,1,-3,32
9.658153,1129,rest,25,3,4,-1,4,-1,2,10
9.667601,1130,rest,33,-7,-4,-3,-9,-2,-2,0
9.667606,1131,rest,-35,35,3,-2,-1,-3,-1,-3
9.682179,1132,rest,-1,-25,-3,-4,-5,-2,0,-13
9.682207,1133,rest,14,-5,-3,3,-2,-2,-2,8
9.683536,1134,rest,14,7,0,-1,-9,1,1,3
9.683610,1135,rest,2,14,1,2,2,-2,-1,3
9.705055,1136,rest,0,-2,0,-2,-3,-2,0,-8
9.705063,1137,rest,-9,3,-3,0,15,-2,-2,2
9.706200,1138,rest,-26,11,2,1,-3,-2,-1,-9
9.706224,1139,rest,-9,-23,-2,-3,-1,0,-1,-35
9.718281,1140,rest,1,-15,3,-1,-2,0,-1,-2
9.718306,1141,rest,-18,16,-3,-2,-6,-1,-4,2
9.728214,1142,rest,-20,-8,-1,1,-1,-1,-1,-4
9.728219,1143,rest,31,20,0,-1,-1,-1,-1,5
9.742339,1144,rest,-14,9,-2,0,3,0,1,-1
9.742357,1145,rest,-6,-5,0,-1,-4,2,-1,1
9.744575,1146,rest,3,-7,-3,-3,0,-1,-1,-4
9.744581,1147,rest,-22,8,0,-1,-4,-3,-2,8
9.764758,1148,rest,13,1,-4,1,3,-1,2,-7
9.764785,1149,rest,0,14,-1,-1,-1,-2,-2,8
9.766204,1150,rest,-20,-57,-1,0,-2,0,-1,0
9.766215,1151,rest,20,8,-1,1,1,2,1,11
9.778439,1152,rest,-1,12,0,0,-1,-1,1,2
9.778463,1153,rest,-9,-15,-2,-2,-4,-1,2,-20
9.789554,1154,rest,14,20,3,2,24,0,-1,7
9.789565,1155,rest,-15,5,-2,-2,-16,2,-1,6
9.802005,1156,rest,-2,-6,3,0,2,-2,-3,1
9.802026,1157,rest,5,5,-1,-3,-8,-1,0,-9
9.803513,1158,rest,1,-30,-3,-1,0,0,1,-4
9.803873,1159,rest,3,18,-3,-5,-2,1,2,5
9.824709,1160,rest,-9,-29,-3,6,-1,-1,-3,-11
9.824733,1161,rest,4,-9,-2,-1,6,-1,0,9
9.826715,1162,rest,-12,22,0,-1,-10,-1,-1,-2
9.826722,1163,rest,-5,-11,-4,-1,6,-2,0,4
9.838309,1164,rest,12,14,0,-5,-7,0,0,1
9.838328,1165,rest,-16,-12,-1,-2,0,-1,-2,4
9.848771,1166,rest,-13,0,-1,2,-5,-2,-3,9
9.848781,1167,rest,10,7,-1,0,-1,-2,-2,-5
9.862071,1168,rest,-7,5,1,-1,5,-1,-1,-4
9.862111,1169,rest,10,-5,-1,1,-6,1,10,8
9.863871,1170,rest,-6,26,2,-1,-3,-1,-2,-16
9.863877,1171,rest,6,-48,-4,-2,4,-1,-3,-2
9.884766,1172,rest,9,2,-1,-1,0,1,-2,3
9.884797,1173,rest,-9,15,-2,-1,1,0,2,3
9.886196,1174,rest,8,-1,-3,0,-8,1,1,0
9.886215,1175,rest,5,13,1,0,1,-2,0,4
9.907211,1176,rest,0,-5,-3,-3,0,-1,-1,2
9.907233,1177,rest,-6,0,-1,-2,-2,-1,-3,-3
9.908714,1178,rest,-11,-3,0,-3,-3,-3,0,-34
9.908719,1179,rest,1,3,1,1,2,0,-1,-14
9.922073,1180,rest,-1,7,-2,-3,-5,0,-2,-4
9.923177,1181,rest,1,-3,2,-2,17,-3,-3,9
9.923648,1182,rest,8,-6,-4,7,2,1,0,-1
9.923668,1183,rest,-22,0,1,0,-2,-1,0,-6
9.944559,1184,rest,16,21,3,1,-2,-3,-2,-4
9.944579,1185,rest,-60,-36,-5,-5,-2,-1,-2,-11
9.946130,1186,rest,9,-1,-5,-6,-1,-1,-2,8
9.946243,1187,rest,3,7,-2,0,1,0,-2,6
9.967472,1188,rest,-26,-2,0,-2,5,0,1,1
9.967510,1189,rest,17,5,-1,1,-5,-1,-5,7
9.969236,1190,rest,-9,3,-2,-5,-9,-4,-3,-27
9.969240,1191,rest,-8,7,-1,-1,0,1,0,20
9.982158,1192,rest,3,-12,-1,-2,12,-1,-3,-7
9.982181,1193,rest,11,-5,-2,-2,-6,1,-1,-4
9.983884,1194,rest,-4,2,-1,0,-2,-1,-2,3
9.983888,1195,rest,24,26,-1,-2,-2,-2,-1,-2
10.006184,1196,rest,-22,-43,-4,-2,0,-2,-2,0
10.006198,1197,rest,9,-1,0,0,-4,0,-1,1
10.006200,1198,rest,4,1,0,-1,0,-1,-1,14
10.006203,1199,rest,3,-7,1,-1,-2,-1,2,6
12.029115,1200,clench,-11,-10,-4,4,34,-2,-96,-2
12.029774,1201,clench,0,-49,-9,-6,0,0,18,8
12.029779,1202,clench,-20,127,24,7,5,-6,62,10
12.029784,1203,clench,22,35,-7,-13,-7,39,-1,41
12.051986,1204,clench,23,1,-19,-10,-20,-11,13,14
12.052008,1205,clench,14,-29,-1,-7,-7,-13,-48,-16
12.052758,1206,clench,-12,10,12,8,11,-3,-13,16
12.052766,1207,clench,79,-55,-40,-14,-10,-13,-4,-52
12.066471,1208,clench,-47,-29,-23,-2,1,-10,-9,14
12.066494,1209,clench,-3,-13,49,5,-9,19,2,-1
12.066835,1210,clench,-70,-2,9,3,-22,-2,17,-21
12.066849,1211,clench,52,-20,-18,-3,14,6,-1,24
12.088823,1212,clench,-69,-51,-12,2,-21,-23,-23,-15
12.088860,1213,clench,71,-16,-13,-11,20,21,38,-16
12.090930,1214,clench,17,42,-11,-5,-16,4,-9,15
12.090936,1215,clench,-26,-31,34,19,21,1,-10,-48
12.112326,1216,clench,6,15,2,-6,9,-15,12,-20
12.112335,1217,clench,42,24,-15,0,11,-7,8,31
12.112765,1218,clench,-34,-105,-20,-16,-30,3,-24,-1
12.112834,1219,clench,4,71,29,-4,-33,-13,32,-2
12.127989,1220,clench,-61,-70,1,6,33,4,-33,-11
12.127997,1221,clench,10,24,-7,-1,-10,-5,-1,-14
12.127999,1222,clench,70,-102,-4,-5,1,-4,-19,-20
12.128001,1223,clench,-34,21,-19,-3,-14,-5,0,16
12.149212,1224,clench,17,31,15,2,-9,6,35,7
12.149244,1225,clench,-67,-21,-17,0,-12,-8,-9,-2
12.151816,1226,clench,14,50,-5,-2,6,5,-1,-14
12.151831,1227,clench,15,-34,-1,3,10,9,9,19
12.172065,1228,clench,27,31,16,3,-29,3,-23,42
12.172087,1229,clench,-91,-36,-20,-5,8,-5,3,17
12.174689,1230,clench,54,33,29,11,-6,-2,15,34
12.174698,1231,clench,-46,-105,-41,-13,34,-12,-25,-14
12.186401,1232,clench,53,56,19,-2,-22,1,8,11
12.186422,1233,clench,-26,-16,14,0,-27,-6,-8,-7
12.189341,1234,clench,-5,-3,7,0,50,24,-16,-13
12.189359,1235,clench,-56,27,-22,-8,-36,-21,-24,3
12.208901,1236,clench,96,20,-3,3,9,11,9,-1
12.208923,1237,clench,-48,24,-10,-11,-2,2,3,5
12.209572,1238,clench,-56,10,9,-9,-16,-4,18,-29
12.209596,1239,clench,45,-4,-6,-5,-26,-16,-41,-18
12.232200,1240,clench,-46,-49,-46,-1,23,3,-13,-6
12.232240,1241,clench,76,113,91,16,-3,-1,8,-19
12.234348,1242,clench,-46,-31,-13,-2,-19,7,24,10
12.234354,1243,clench,-16,8,-11,2,31,2,9,-13
12.246266,1244,clench,-46,-4,3,3,-16,-14,-19,14
12.246292,1245,clench,92,-25,-17,-4,13,5,-3,1
12.247932,1246,clench,-53,-9,5,7,22,-5,-34,6
12.247939,1247,clench,38,15,2,-2,8,9,50,-2
12.269481,1248,clench,22,-5,16,-2,-14,-2,1,3
12.269489,1249,clench,-88,-20,-14,1,13,-5,12,-8
12.269492,1250,clench,36,19,-12,11,-7,-10,-24,13
12.269493,1251,clench,-11,-41,26,-8,-4,19,-10,4
12.292167,1252,clench,-12,82,12,-6,-18,-18,2,6
12.292198,1253,clench,19,-4,-13,3,-6,-10,27,-9
12.293744,1254,clench,-53,-29,-6,-2,-7,-3,15,-15
12.293751,1255,clench,23,-22,-11,-6,-5,-11,-49,-44
12.306497,1256,clench,-1,-35,-24,-7,35,23,49,-21
12.306519,1257,clench,22,26,37,0,-17,-8,-31,13
12.308250,1258,clench,27,48,3,-8,-29,-6,4,-37
12.308259,1259,clench,10,-70,-14,14,-3,-2,6,6
12.328994,1260,clench,-14,0,-8,-11,-11,-20,-19,-31
12.329018,1261,clench,50,-40,-16,1,31,29,-23,-9
12.330586,1262,clench,-48,8,-1,-5,-4,-1,11,17
12.330592,1263,clench,21,-2,9,-2,-17,-9,-23,-30
12.352112,1264,clench,-18,52,3,2,3,-15,10,-22
12.352138,1265,clench,-9,11,6,5,5,4,-2,17
12.353223,1266,clench,35,-57,-17,-4,1,-14,30,-14
12.353229,1267,clench,-10,96,36,3,-7,20,-23,17
12.365562,1268,clench,10,-9,8,4,41,-4,13,9
12.365581,1269,clench,19,-22,-25,-5,-14,-11,-5,5
12.373999,1270,clench,-43,56,9,-10,-8,-6,-17,7
12.374024,1271,clench,-35,-18,-37,6,-8,4,1,-5
12.388872,1272,clench,19,0,16,5,10,-12,11,18
12.388901,1273,clench,10,18,-5,0,-23,-17,-8,-14
12.390327,1274,clench,51,-48,-3,-1,24,19,-17,5
12.390339,1275,clench,-15,-20,-15,-11,-2,15,48,5
12.412153,1276,clench,34,-20,19,0,-35,-15,-21,6
12.412185,1277,clench,-20,7,7,3,21,1,4,-2
12.412689,1278,clench,-6,41,3,1,-2,-22,-7,9
12.412714,1279,clench,-32,-29,4,4,10,3,15,-2
12.425700,1280,clench,6,46,-13,-6,-35,3,-24,-3
12.425730,1281,clench,-33,-2,-8,-4,18,4,32,23
12.433846,1282,clench,82,-20,-6,-3,2,2,-11,18
12.433878,1283,clench,-47,6,-5,-1,-2,-9,-20,-46
12.449160,1284,clench,-31,-119,-6,-1,-4,-2,-2,1
12.449202,1285,clench,-5,23,3,1,-19,-1,-7,-11
12.450408,1286,clench,24,24,5,1,32,12,-33,6
12.450415,1287,clench,20,-28,-17,-3,-18,-6,38,7
12.472124,1288,clench,-30,52,8,7,5,-5,-8,1
12.472172,1289,clench,4,-15,1,-15,-15,24,-18,-32
12.472753,1290,clench,12,-13,7,11,-4,2,32,39
12.472770,1291,clench,23,-9,-5,-3,8,-8,-15,12
12.486149,1292,clench,-37,-38,-23,-1,2,-6,4,-14
12.486155,1293,clench,-2,-89,8,15,-20,-31,30,22
12.493901,1294,clench,-7,127,16,-6,21,22,-82,-2
12.493925,1295,clench,8,-13,-12,-7,5,11,12,12
12.508705,1296,clench,32,-2,2,2,1,4,6,-1
12.508729,1297,clench,-44,10,-13,-7,-5,-5,1,-10
12.509902,1298,clench,-1,-103,2,4,-6,-10,25,-33
12.509911,1299,clench,32,-47,-6,7,16,-11,-20,10
12.533334,1300,clench,7,76,4,-7,-3,42,19,-49
12.533379,1301,clench,-51,57,26,3,0,-33,-26,12
12.533381,1302,clench,-49,-19,5,-4,-15,18,16,-20
12.533383,1303,clench,23,15,1,-5,9,-7,-31,-20
12.545929,1304,clench,-34,-103,-8,0,0,-6,-3,-3
12.545971,1305,clench,41,28,-17,1,6,3,1,-3
12.553985,1306,clench,-3,13,2,4,15,-8,22,-15
12.554013,1307,clench,-8,3,-3,-12,-21,-7,-25,-4
12.568791,1308,clench,-1,18,10,-2,1,21,4,13
12.568816,1309,clench,-52,-26,-18,-9,1,-16,-55,-29
12.569611,1310,clench,25,-18,2,7,-2,-1,86,15
12.569658,1311,clench,-7,46,4,-3,-2,17,-52,6
12.592028,1312,clench,12,-2,4,1,6,-9,8,13
12.593327,1313,clench,18,-25,-11,-2,-5,8,-12,-18
12.593333,1314,clench,15,11,-33,-6,-16,-20,-12,20
12.593335,1315,clench,8,60,20,5,14,1,22,-16
12.605647,1316,clench,-3,6,-7,-3,-7,2,-15,40
12.605667,1317,clench,25,38,-2,1,-8,-11,6,29
12.613964,1318,clench,-38,41,1,0,24,18,-50,-55
12.613972,1319,clench,6,-12,-13,-9,-17,7,36,-47
12.629613,1320,clench,61,21,3,1,15,-7,-6,7
12.629617,1321,clench,22,-4,-3,-1,15,3,-1,1
12.629620,1322,clench,-50,-45,-2,-4,-7,1,18,45
12.629621,1323,clench,68,38,14,5,-31,-11,2,3
12.651941,1324,clench,-17,-12,-2,-6,-22,4,10,1
12.651961,1325,clench,29,-71,-16,-9,30,11,23,-35
12.652998,1326,clench,24,24,-3,0,-14,-5,-8,11
12.653003,1327,clench,-10,56,26,10,18,-3,-8,7
12.666195,1328,clench,6,-42,-1,-2,-4,-21,29,26
12.666234,1329,clench,-15,-45,-7,-1,-11,17,-24,26
12.673784,1330,clench,-61,15,2,1,-1,7,-27,1
12.673803,1331,clench,11,-69,-21,-11,-5,-7,32,21
12.697241,1332,clench,21,-10,-19,1,-3,-9,-9,6
12.697272,1333,clench,-60,47,15,-1,18,10,19,-39
12.697776,1334,clench,49,-22,10,1,-25,-18,-6,-5
12.697831,1335,clench,-11,0,-2,4,-2,1,6,-7
12.714594,1336,clench,-20,-18,-4,-2,16,-1,-46,-59
12.714628,1337,clench,-58,-11,2,6,-9,-8,18,40
12.714632,1338,clench,63,-6,4,2,-11,21,47,14
12.714635,1339,clench,-11,-81,-33,-7,11,-6,-23,-18
12.734487,1340,clench,19,92,54,8,-12,-3,-14,5
12.734513,1341,clench,28,26,-12,6,10,3,-19,-8
12.736327,1342,clench,5,4,1,-5,1,-10,24,28
12.736336,1343,clench,-44,4,23,4,10,-12,-22,35
12.748978,1344,clench,1,-58,4,-6,-14,7,21,-17
12.749014,1345,clench,-14,27,6,-8,6,5,-5,-9
12.750462,1346,clench,36,-2,-2,-3,-36,-10,12,21
12.750469,1347,clench,-23,42,-2,-1,9,4,3,10
12.773268,1348,clench,-29,-41,-20,-6,-8,-16,5,-19
12.773279,1349,clench,50,-9,1,-1,6,-7,18,18
12.773284,1350,clench,-22,-56,-8,3,16,5,-7,-10
12.773287,1351,clench,-12,40,11,-8,-16,5,-5,10
12.794673,1352,clench,23,4,-15,1,24,4,-22,-6
12.794706,1353,clench,21,-85,-32,-2,-8,-4,20,-12
12.796147,1354,clench,0,102,42,4,2,-28,-28,-32
12.796152,1355,clench,-13,-86,-11,8,9,8,32,19
12.809041,1356,clench,-37,-58,-28,-9,-9,22,18,28
12.809074,1357,clench,-8,41,0,-4,4,11,-23,-17
12.810501,1358,clench,61,-57,-19,-1,3,-20,-11,4
12.810509,1359,clench,-6,-35,-9,-6,-17,-2,18,-13
12.832184,1360,clench,-5,54,10,1,-16,-11,-19,-12
12.832226,1361,clench,8,-19,-2,1,32,10,-40,23
12.834161,1362,clench,-24,28,-13,-1,-22,-12,24,24
12.834172,1363,clench,-50,-32,19,-10,-8,20,10,-27
12.854659,1364,clench,-3,-9,-1,3,9,-5,-18,1
12.854686,1365,clench,-41,15,1,0,-26,-13,8,-19
12.855264,1366,clench,9,4,2,0,27,12,-21,-25
12.855289,1367,clench,23,55,-36,0,12,3,27,23
12.868756,1368,clench,-18,30,27,-1,-13,-28,21,35
12.868774,1369,clench,-8,-24,18,9,0,-2,-26,-5
12.869352,1370,clench,-11,-46,2,-19,-14,38,-1,-14
12.869383,1371,clench,33,13,-19,-2,13,-23,-26,-1
12.891875,1372,clench,-11,-39,8,1,-2,19,-19,37
12.891896,1373,clench,32,46,-11,-4,-21,-37,7,-4
12.892837,1374,clench,-108,-31,-8,-3,-1,4,45,-15
12.892842,1375,clench,30,43,11,8,11,5,-82,27
12.914464,1376,clench,72,-99,-19,-7,19,16,70,-4
12.914498,1377,clench,-65,89,27,2,-8,7,15,4
12.915167,1378,clench,12,-9,-10,-1,14,4,-9,-6
12.915202,1379,clench,10,86,34,6,-18,-7,2,-3
12.930400,1380,clench,-13,12,-19,0,-33,-22,15,-17
12.930404,1381,clench,-1,-36,-6,-6,33,-9,-39,3
12.930407,1382,clench,25,26,11,-5,-3,29,4,-1
12.930408,1383,clench,25,-42,-6,-1,2,-9,8,-9
12.952089,1384,clench,-80,-17,4,1,14,-6,-21,8
12.952113,1385,clench,51,26,20,5,-16,-1,-29,-16
12.953388,1386,clench,-31,-74,-33,10,54,0,27,24
12.953397,1387,clench,22,39,70,-6,-45,39,76,-4
12.976130,1388,clench,30,0,5,-4,-11,-6,-26,-60
12.976187,1389,clench,-44,-60,-20,0,-13,-5,-1,22
12.976190,1390,clench,-6,-16,0,1,-10,-18,-39,-47
12.976192,1391,clench,-48,-128,-55,-2,14,-15,-7,17
12.988815,1392,clench,-14,86,14,1,20,16,5,10
12.988838,1393,clench,25,14,10,-2,-18,19,35,-14
12.990884,1394,clench,22,15,7,-1,-4,-20,-24,-3
12.990896,1395,clench,-22,-12,-5,4,12,6,1,10
13.012102,1396,clench,0,8,-4,-2,-3,-13,-6,17
13.012126,1397,clench,35,32,-6,0,-21,1,-4,4
13.013387,1398,clench,47,-39,21,6,15,6,-19,24
13.013394,1399,clench,-45,-14,-5,-1,20,10,11,-10
13.035037,1400,clench,5,61,-17,-1,-29,-28,-42,14
13.035124,1401,clench,15,24,68,-3,10,37,41,14
13.036634,1402,clench,9,-25,-29,-4,-26,-15,-20,-21
13.036643,1403,clench,12,-94,-2,5,-4,-12,-12,-2
13.049186,1404,clench,-44,88,-11,-1,47,-1,-12,9
13.049219,1405,clench,13,-56,-39,-1,-15,-14,18,-1
13.051001,1406,clench,-7,55,13,-11,-24,5,15,5
13.051006,1407,clench,-46,-31,-5,-2,-5,-16,-20,15
13.072005,1408,clench,17,4,1,-2,-4,2,7,-28
13.072025,1409,clench,16,-62,-17,-5,-7,5,11,4
13.072722,1410,clench,0,28,5,1,32,5,4,6
13.072750,1411,clench,-5,41,-10,-1,-13,-17,-4,-35
13.094366,1412,clench,16,-20,16,2,5,15,-9,42
13.094387,1413,clench,-5,8,-6,-2,2,-6,-14,13
13.095573,1414,clench,19,-5,2,3,4,0,0,-28
13.095579,1415,clench,-17,25,-10,-3,6,6,-12,16
13.108689,1416,clench,-52,-30,-16,2,-1,5,36,-38
13.108709,1417,clench,-36,-31,-10,0,30,-2,2,6
13.109893,1418,clench,28,-64,3,-9,-40,-8,-1,15
13.109901,1419,clench,45,100,13,4,-7,-12,-24,-28
13.133109,1420,clench,-4,-31,10,0,26,16,37,-14
13.133117,1421,clench,-29,-10,-17,8,8,4,23,8
13.133119,1422,clench,55,20,-13,-10,-15,0,5,23
13.133121,1423,clench,14,-12,1,0,14,12,5,-18
13.154496,1424,clench,33,18,11,-3,-19,-14,-24,-12
13.154527,1425,clench,30,27,5,3,17,8,22,8
13.156044,1426,clench,-69,12,3,1,-5,-13,-14,-5
13.156050,1427,clench,8,-31,-10,1,13,10,-31,7
13.168746,1428,clench,-13,-18,-13,-8,-20,-2,-10,-16
13.168762,1429,clench,-8,-59,-21,-6,-8,-2,4,0
13.169985,1430,clench,12,53,22,2,-25,-8,1,17
13.169992,1431,clench,15,-15,3,-5,19,-6,10,22
13.191977,1432,clench,-4,-101,-14,5,30,16,-12,14
13.193455,1433,clench,-47,102,41,3,-39,-30,4,-1
13.193466,1434,clench,8,21,2,-8,29,34,27,-8
13.193469,1435,clench,6,-36,-7,-4,-19,-8,10,15
13.214457,1436,clench,28,-13,-9,0,0,-4,-71,-18
13.214479,1437,clench,48,9,-20,-8,12,17,8,-3
13.215234,1438,clench,-43,-38,14,8,-28,-13,-17,-15
13.215257,1439,clench,-10,3,3,-1,25,1,37,18
13.228725,1440,clench,31,0,-4,-9,-25,-4,9,10
13.228747,1441,clench,0,-13,-19,-2,-6,-5,-31,-21
13.229505,1442,clench,-22,52,20,1,11,-5,-14,-22
13.229525,1443,clench,12,-24,-10,-5,-21,1,-8,-5
13.251965,1444,clench,-18,-20,7,6,-1,-10,18,6
13.252051,1445,clench,-88,-18,3,-4,1,0,-11,-17
13.253494,1446,clench,36,74,14,5,2,-1,18,19
13.253506,1447,clench,-14,-22,-3,-1,20,-24,-20,-16
13.274554,1448,clench,28,82,16,4,-8,9,53,28
13.274580,1449,clench,7,-54,-1,-8,-10,6,-8,25
13.275273,1450,clench,34,-24,-30,-8,2,12,-4,-32
13.275295,1451,clench,-82,55,-9,5,4,-6,0,18
13.289614,1452,clench,18,-27,21,0,-30,-22,-26,15
13.289623,1453,clench,12,-2,-4,2,26,3,5,-6
13.296389,1454,clench,-6,-40,-12,-3,-13,5,10,2
13.296422,1455,clench,64,46,13,0,-14,-3,-6,-2
13.311150,1456,clench,-28,-38,-28,-7,0,-2,-4,-21
13.311170,1457,clench,0,50,21,7,11,-6,-4,-8
13.312054,1458,clench,-39,-36,-8,3,0,-32,-43,4
13.312073,1459,clench,31,-36,5,-8,-6,50,67,-3
13.334850,1460,clench,18,4,-2,2,5,5,7,5
13.334876,1461,clench,10,31,11,-4,-22,-1,-16,-6
13.337326,1462,clench,12,-13,-13,-1,9,-15,-7,-25
13.337332,1463,clench,-16,-12,4,5,-6,-5,-25,-27
13.348351,1464,clench,24,18,-9,-3,7,2,-1,1
13.348389,1465,clench,11,-27,-22,-2,-3,-9,10,3
13.356523,1466,clench,-14,-41,14,15,-2,5,-28,-1
13.356551,1467,clench,-32,12,2,-3,10,0,47,19
13.371327,1468,clench,60,35,4,5,-2,6,-40,-15
13.371356,1469,clench,19,-28,2,-2,1,-5,-7,33
13.371963,1470,clench,-53,52,1,-5,17,-6,12,-16
13.371983,1471,clench,-14,24,-6,-3,-43,-10,-29,-12
13.394442,1472,clench,-46,-16,5,4,21,-3,15,42
13.394467,1473,clench,23,-2,0,1,-3,-2,-22,-24
13.396513,1474,clench,-23,1,-2,2,-10,-4,10,3
13.396519,1475,clench,35,-12,-13,-8,15,29,49,14
13.408175,1476,clench,27,27,-2,-5,-4,-4,-27,-41
13.408201,1477,clench,-19,3,3,1,0,6,-8,8
13.417848,1478,clench,-1,3,3,3,-23,-10,28,12
13.417854,1479,clench,14,-53,-1,6,57,6,-33,-2
13.433665,1480,clench,-57,17,-2,-8,-19,-6,38,-10
13.433675,1481,clench,-15,20,13,-3,-2,-26,-25,0
13.433678,1482,clench,45,20,-10,-5,-28,24,-3,-2
13.433680,1483,clench,-12,-34,6,-3,-22,-13,-18,-10
13.454533,1484,clench,-4,-1,-3,0,6,5,3,-5
13.454562,1485,clench,3,-13,-10,-1,3,3,6,4
13.456168,1486,clench,-14,-3,-7,-1,29,-4,-10,4
13.456176,1487,clench,10,33,-4,-4,-18,-9,-9,-6
13.468110,1488,clench,-46,-29,5,4,13,8,-3,3
13.468141,1489,clench,41,10,3,-2,-18,7,13,-26
13.476267,1490,clench,37,-64,-13,-6,6,3,-2,12
13.476291,1491,clench,9,59,6,0,-32,-19,-8,-18
13.491348,1492,clench,-22,23,5,2,36,-2,-19,4
13.491374,1493,clench,6,13,14,1,9,-4,36,-4
13.492512,1494,clench,-20,-24,-8,-3,-4,32,-19,9
13.492518,1495,clench,25,18,3,4,-4,-5,-7,10
13.514450,1496,clench,6,26,-11,-4,-19,-21,28,-6
13.514479,1497,clench,-46,-29,-7,-1,-13,6,-26,-8
13.515024,1498,clench,-2,0,7,1,45,-20,-14,1
13.515041,1499,clench,-28,-37,-14,-4,-9,16,1,-27
13.527921,1500,clench,-5,7,-16,-3,-12,10,14,29
13.527962,1501,clench,15,0,15,-1,0,-4,10,14
13.536359,1502,clench,6,-1,-3,-8,-9,-12,4,-18
13.536387,1503,clench,-20,9,3,4,-16,-10,11,-1
13.551371,1504,clench,30,-12,0,3,12,-7,-48,-30
13.551393,1505,clench,-7,-100,-29,-12,6,13,0,-6
13.552329,1506,clench,14,69,23,3,-29,-8,12,37
13.552334,1507,clench,5,53,31,2,9,-11,8,-14
13.574467,1508,clench,0,-22,-7,-4,-11,-2,-1,20
13.574499,1509,clench,-11,9,-1,2,5,-16,-6,6
13.575197,1510,clench,37,-36,-30,-4,21,27,0,-12
13.575218,1511,clench,7,-25,-5,-4,-8,-11,-11,-3
13.590325,1512,clench,-16,-5,5,4,-9,-18,17,29
13.590331,1513,clench,18,44,-36,-4,24,22,-13,4
13.596142,1514,clench,-12,-11,18,2,-17,-28,-8,11
13.596160,1515,clench,2,-41,8,-5,0,14,10,-4
13.611221,1516,clench,0,27,19,3,-3,-2,9,-19
13.611239,1517,clench,-44,72,-17,3,7,12,-25,-5
13.612452,1518,clench,47,-9,7,-4,-39,-11,11,-13
13.612458,1519,clench,-14,1,-8,-4,47,6,4,24
13.634427,1520,clench,-36,-71,-18,-4,-17,3,-25,-19
13.634448,1521,clench,17,37,32,7,7,-5,11,-5
13.636648,1522,clench,23,42,1,-3,-3,-13,-18,-2
13.636661,1523,clench,-24,-12,-4,3,20,22,25,28
13.648262,1524,clench,10,-77,-15,-5,-9,-3,-10,13
13.648287,1525,clench,-15,43,-11,-6,-19,-8,25,-3
13.657019,1526,clench,-50,-11,8,8,22,11,-22,7
13.657056,1527,clench,-1,-14,4,-7,-43,-32,-11,29
13.671509,1528,clench,-12,16,7,-1,41,20,7,15
13.671541,1529,clench,15,-33,4,3,2,-4,-16,12
13.672103,1530,clench,-20,-43,-19,-10,-15,-10,17,-3
13.672130,1531,clench,-1,57,-12,-2,2,-7,-19,-17
13.694333,1532,clench,20,-26,-2,3,13,18,22,-14
13.694352,1533,clench,11,-1,4,-6,-49,-33,-17,-11
13.695451,1534,clench,22,8,-5,0,39,20,26,-10
13.695456,1535,clench,1,-40,-6,0,-5,-5,-9,-8
13.717015,1536,clench,7,-29,-6,-9,-14,-8,0,-14
13.717046,1537,clench,15,-41,6,13,12,-6,-16,-14
13.717511,1538,clench,-29,52,-3,-5,-2,-16,-23,-2
13.717539,1539,clench,-28,12,-5,2,4,19,2,-7
13.732028,1540,clench,44,-4,5,2,-2,3,24,-12
13.732036,1541,clench,-23,-9,-4,-6,15,32,1,25
13.732039,1542,clench,-15,13,1,-1,-15,-16,-47,-3
13.732041,1543,clench,-41,-9,-5,-3,-9,-14,1,20
13.754388,1544,clench,5,17,-3,-9,-25,-10,-22,-39
13.754409,1545,clench,35,-56,4,1,37,10,33,-5
13.755983,1546,clench,-15,54,8,0,3,14,13,0
13.756002,1547,clench,52,29,-2,-1,-13,-11,-24,-31
13.778283,1548,clench,-50,-28,5,2,-20,-4,3,3
13.778289,1549,clench,0,17,1,0,11,-9,7,-5
13.778291,1550,clench,-5,1,5,4,-3,1,4,5
13.778293,1551,clench,29,-17,-8,2,6,-7,-4,3
13.791335,1552,clench,45,31,10,2,10,11,13,-7
13.791360,1553,clench,-19,-7,-6,-7,-28,7,-11,-1
13.792866,1554,clench,-10,-18,-2,1,13,5,-37,6
13.792874,1555,clench,-15,-37,-14,-3,-9,-1,70,-13
13.814576,1556,clench,-19,80,8,3,-1,-2,-50,0
13.814605,1557,clench,20,-38,11,4,-4,-21,-9,-6
13.815402,1558,clench,-23,-4,-4,-4,-23,15,63,46
13.816615,1559,clench,45,-12,2,-1,15,7,-44,-14
13.836981,1560,clench,-23,31,-4,-2,-10,-6,7,-2
13.837012,1561,clench,-8,-57,-3,4,17,-2,2,-7
13.839400,1562,clench,20,14,-3,-5,-5,1,18,-3
13.839407,1563,clench,3,94,32,7,9,-2,-1,4
13.851326,1564,clench,17,-19,-8,2,-1,5,6,14
13.853233,1565,clench,-16,15,-7,-10,-8,1,9,-27
13.853238,1566,clench,-27,6,-20,-3,0,-14,8,-1
13.853241,1567,clench,-6,-53,14,3,12,10,-3,15
13.874421,1568,clench,19,33,6,-2,6,0,-23,-5
13.874449,1569,clench,-81,-3,-5,-3,-25,-15,5,-11
13.875222,1570,clench,-1,6,-5,-3,7,8,20,-25
13.875242,1571,clench,5,-36,-15,-3,-26,4,-38,-12
13.897295,1572,clench,12,-55,-8,6,61,9,8,18
13.897328,1573,clench,55,72,28,-10,-31,21,21,14
13.898608,1574,clench,-50,-22,-10,-7,-2,-10,-13,-18
13.898614,1575,clench,-39,-10,-6,6,3,-15,-29,-21
13.911261,1576,clench,16,-35,-9,-5,-11,-11,-8,-9
13.911282,1577,clench,17,4,-3,2,-9,2,6,9
13.912259,1578,clench,60,-38,-7,1,16,7,-5,-4
13.912265,1579,clench,16,49,13,-1,-17,-2,-23,-17
13.935239,1580,clench,-55,-38,-15,-2,14,-10,-14,-1
13.935247,1581,clench,-24,46,-5,-2,9,-3,18,-3
13.936090,1582,clench,1,-6,2,0,-12,-11,-13,1
13.936247,1583,clench,-3,-32,12,7,19,6,23,12
13.957023,1584,clench,45,36,18,-7,-30,-6,7,-21
13.957047,1585,clench,25,-29,-25,-3,-8,-7,-17,-6
13.958492,1586,clench,-23,-10,14,8,12,3,-5,48
13.958509,1587,clench,-49,0,-27,-6,1,-14,-12,14
13.970622,1588,clench,5,6,-10,-7,-25,16,16,-5
13.970651,1589,clench,58,40,34,1,11,11,10,14
13.980962,1590,clench,-31,-13,-2,1,4,-7,-7,-38
13.980968,1591,clench,-40,-4,-6,-3,0,-3,-9,-7
13.994593,1592,clench,12,2,-1,2,0,0,55,25
13.994617,1593,clench,-30,-34,-27,-3,-2,-5,-73,3
13.996470,1594,clench,-2,54,52,10,6,-2,-3,13
13.996476,1595,clench,51,49,3,-3,14,35,51,2
14.017122,1596,clench,-93,-4,-9,-4,-19,-16,6,26
14.017154,1597,clench,14,-37,-28,-4,-13,-25,0,3
14.018587,1598,clench,59,6,11,-5,-7,8,-4,-14
14.018612,1599,clench,7,-43,-12,-1,-7,-13,-14,-5
14.030527,1600,clench,41,43,23,0,2,3,-12,-2
14.030613,1601,clench,-23,9,-20,0,24,-5,17,-13
14.040401,1602,clench,-24,70,0,5,-6,-16,3,26
14.040409,1603,clench,0,-3,4,-6,-10,21,-7,-10
14.054628,1604,clench,11,-15,-4,0,7,12,12,12
14.054656,1605,clench,0,-7,-4,-3,7,1,-23,-22
14.056354,1606,clench,-27,-128,-27,-3,-16,-5,22,-10
14.056363,1607,clench,26,104,9,-3,11,-8,35,19
14.076952,1608,clench,-25,-45,7,-1,-28,-19,-55,-39
14.076972,1609,clench,24,-38,2,6,39,14,-1,7
14.078305,1610,clench,-10,0,-14,-9,-13,-4,-3,4
14.078323,1611,clench,5,24,20,9,3,-2,-14,3
14.091742,1612,clench,14,24,5,-4,-14,-4,13,24
14.091750,1613,clench,37,-21,0,0,6,9,15,10
14.101637,1614,clench,-14,3,-8,-8,12,-6,-1,-29
14.101647,1615,clench,-90,-28,-14,-10,-27,-32,-44,-11
14.114542,1616,clench,-3,9,7,5,20,11,-3,-13
14.114560,1617,clench,17,24,14,3,-15,7,1,24
14.116921,1618,clench,52,14,-16,-3,-17,-12,22,-6
14.116928,1619,clench,17,-49,4,1,37,-8,-7,0
14.139237,1620,clench,12,-17,-8,2,-11,11,8,6
14.139244,1621,clench,-14,91,-2,-1,9,-9,7,-25
14.139247,1622,clench,20,-9,13,3,-6,16,-16,1
14.139249,1623,clench,60,-59,-9,4,-3,8,15,-27
14.150750,1624,clench,-48,78,23,1,13,-4,-8,13
14.150779,1625,clench,27,-32,-7,-1,-36,-4,6,2
14.160443,1626,clench,-8,-18,-2,0,-6,-6,-19,-22
14.160448,1627,clench,-23,18,-9,2,6,-1,31,-14
14.174425,1628,clench,23,-42,-10,2,30,36,8,3
14.174452,1629,clench,-15,11,5,-4,-31,-20,-23,-7
14.176200,1630,clench,8,12,-1,0,16,-19,22,18
14.176226,1631,clench,-14,-98,-41,-8,-21,8,-40,-9
14.197377,1632,clench,29,103,54,7,-18,-9,20,-1
14.197407,1633,clench,-17,-21,-1,-3,40,9,-5,16
14.200634,1634,clench,-14,5,-3,5,-4,-4,-8,-9
14.200642,1635,clench,-4,-18,11,-1,-4,10,-12,16
14.210530,1636,clench,-2,-49,-37,-10,-23,-36,13,-27
14.210548,1637,clench,-21,34,34,4,5,32,-15,12
14.220762,1638,clench,9,-13,-6,-1,6,-4,16,6
14.220772,1639,clench,9,55,17,3,-17,-4,10,15
14.234312,1640,clench,-21,-37,-8,-3,12,-13,-14,-13
14.234328,1641,clench,-12,9,-4,2,20,6,15,27
14.235868,1642,clench,-13,-27,-17,-7,8,14,-25,-14
14.235889,1643,clench,-15,-1,9,-2,-16,-6,25,51
14.257046,1644,clench,-39,35,-9,-1,16,0,-19,-38
14.257074,1645,clench,-20,-28,-13,-7,-8,-18,5,-9
14.258823,1646,clench,4,-1,-17,-6,-6,3,5,12
14.258835,1647,clench,9,26,37,2,11,21,-26,15
14.270889,1648,clench,-5,-19,-2,5,-10,-9,11,9
14.270914,1649,clench,-88,30,-17,-5,0,9,-4,13
14.280727,1650,clench,-5,5,16,0,-5,10,21,9
14.280736,1651,clench,15,-25,-37,-14,-24,-30,-14,-21
14.296179,1652,clench,15,5,-7,-5,6,17,4,17
14.296187,1653,clench,40,-101,12,1,-4,-7,-17,-26
14.296190,1654,clench,-21,52,4,4,3,-27,-4,-43
14.296192,1655,clench,-9,7,-4,-1,4,40,7,11
14.317122,1656,clench,35,-17,9,-1,-2,2,-17,5
14.318914,1657,clench,-14,-18,-9,-5,30,6,4,-7
14.318920,1658,clench,25,-19,-1,-1,-9,-6,-4,8
14.318922,1659,clench,4,38,-4,4,7,-26,11,-14
14.330604,1660,clench,5,-25,-2,-2,-10,6,5,10
14.330632,1661,clench,25,12,-8,1,-14,1,22,70
14.345671,1662,clench,-31,26,35,8,17,-2,-5,4
14.345697,1663,clench,-51,-19,-20,-3,-6,1,1,-20
14.354550,1664,clench,-23,54,-11,-10,-5,-1,-1,31
14.354577,1665,clench,28,-46,-6,4,-5,-5,-6,-22
14.356758,1666,clench,16,20,-11,0,-8,12,37,0
14.356773,1667,clench,19,-64,-5,-4,-1,-15,-72,-3
14.376956,1668,clench,-14,9,-1,1,4,-6,24,-39
14.376984,1669,clench,-12,55,6,-7,-35,-17,-12,-19
14.378625,1670,clench,24,-2,-11,6,15,23,-24,14
14.380496,1671,clench,18,-35,-10,-9,12,17,24,-30
14.390815,1672,clench,1,16,1,9,0,-35,-2,19
14.391851,1673,clench,45,34,22,2,-18,12,26,-29
14.400309,1674,clench,-13,-67,3,-1,5,-8,-30,39
14.400318,1675,clench,31,107,11,2,-9,-4,9,11
14.414604,1676,clench,-24,-40,-10,-6,-5,17,-3,-1
14.414644,1677,clench,-30,-58,-12,3,4,-19,-11,-3
14.416221,1678,clench,11,25,-10,-10,-1,-14,-4,-27
14.416226,1679,clench,-65,9,17,6,22,32,-1,-1
14.436989,1680,clench,54,-5,-10,-5,32,1,-15,-26
14.437010,1681,clench,3,-10,11,4,-18,-9,10,6
14.438478,1682,clench,39,-19,-6,-9,-4,2,-8,-25
14.438498,1683,clench,19,-9,-15,-3,-9,-24,14,28
14.453106,1684,clench,-32,-31,4,2,-20,-7,-3,-3
14.453114,1685,clench,-1,28,-23,-3,22,4,0,2
14.460532,1686,clench,-4,60,45,8,13,15,6,7
14.460540,1687,clench,-62,66,11,2,3,-10,9,-5
14.474353,1688,clench,-19,-35,-8,-8,-21,2,-11,49
14.474515,1689,clench,39,47,-1,-6,13,14,6,-12
14.476027,1690,clench,-99,-26,-18,-3,-7,-12,-21,-21
14.476063,1691,clench,7,-24,-6,0,-1,4,-2,36
14.497187,1692,clench,33,25,5,3,21,-6,-2,-39
14.497220,1693,clench,-6,19,-3,-6,-27,11,-3,4
14.500192,1694,clench,4,-29,-17,-2,0,2,-6,17
14.500201,1695,clench,34,45,26,6,0,-9,13,-45
14.510581,1696,clench,-26,-86,-9,-4,0,4,8,-1
14.510672,1697,clench,-9,-72,-52,-1,-6,-31,-19,-11
14.521621,1698,clench,-21,109,83,4,-31,30,20,-16
14.521631,1699,clench,30,-61,-26,-14,7,-6,-11,0
14.534611,1700,clench,0,20,3,4,0,-4,1,-12
14.534703,1701,clench,-9,-29,0,1,15,9,20,-8
14.535972,1702,clench,10,-40,-25,2,0,-19,-16,-39
14.538577,1703,clench,11,-2,0,3,-1,-1,4,17
14.557103,1704,clench,-23,18,-15,-5,-3,-10,2,-13
14.558600,1705,clench,-17,33,27,12,21,1,-72,20
14.558607,1706,clench,9,-42,-10,-11,-19,11,27,8
14.558610,1707,clench,17,20,16,0,-30,-13,4,-1
14.570831,1708,clench,-12,-18,-37,3,44,10,4,8
14.570858,1709,clench,-66,105,46,-1,-26,-5,37,20
14.580135,1710,clench,21,-44,-22,-3,-13,3,-23,-21
14.580140,1711,clench,-1,4,-1,-6,5,-9,-9,1
14.594571,1712,clench,42,-14,1,2,-5,6,-17,6
14.594593,1713,clench,-1,-38,-4,6,6,-6,28,3
14.595963,1714,clench,-43,-15,-7,-4,2,-2,-4,18
14.595991,1715,clench,-35,-21,-17,3,-1,10,6,-13
14.617079,1716,clench,35,-19,26,3,-23,-26,-17,19
14.617099,1717,clench,2,20,40,3,6,19,42,-4
14.618762,1718,clench,-8,-72,-27,-1,18,-8,-43,7
14.619052,1719,clench,-60,73,-3,-4,-14,-6,-19,-22
14.639940,1720,clench,21,-13,-14,1,-6,23,18,33
14.639961,1721,clench,-36,-19,-6,-15,-24,1,-4,-2
14.641756,1722,clench,18,2,3,3,10,-15,17,18
14.641764,1723,clench,21,-47,-14,1,-3,-18,-4,8
14.654657,1724,clench,-49,-14,-3,0,16,16,-9,-18
14.656171,1725,clench,57,19,-7,-14,-8,-5,-3,-15
14.656178,1726,clench,-16,2,-10,1,24,2,0,-7
14.656180,1727,clench,1,-33,-4,-8,-4,4,2,-11
14.676967,1728,clench,-11,45,2,-1,-15,14,-3,-6
14.676989,1729,clench,-33,-74,-18,3,-7,-47,-13,0
14.678662,1730,clench,63,116,30,1,-9,32,-6,22
14.678687,1731,clench,49,-20,-5,-5,0,6,11,-5
14.699684,1732,clench,-4,28,8,-2,2,-2,15,4
14.699728,1733,clench,-6,-40,-27,-5,7,-9,-57,-31
14.701917,1734,clench,64,-4,2,3,-28,-16,16,34
14.701923,1735,clench,-8,-5,10,2,27,-11,-2,-4
14.714913,1736,clench,-3,-19,-10,-9,13,24,-12,-20
14.714954,1737,clench,60,6,5,0,-25,-16,26,10
14.716667,1738,clench,-43,24,0,-8,14,25,4,-20
14.716672,1739,clench,29,-89,3,7,2,-6,5,4
14.736861,1740,clench,7,101,13,8,3,-19,17,6
14.736881,1741,clench,5,34,-17,-3,8,32,-22,8
14.738466,1742,clench,-2,32,14,2,0,-5,-8,-28
14.738493,1743,clench,61,3,-10,-5,-1,0,-6,3
14.759414,1744,clench,9,-26,8,-3,0,-5,4,9
14.759443,1745,clench,-24,-36,-12,5,-1,-14,18,-1
14.761493,1746,clench,13,44,-11,-1,-10,1,-16,33
14.761499,1747,clench,18,-20,16,4,8,2,9,-22
14.773875,1748,clench,-29,-10,-8,-1,-16,-5,-3,23
14.773893,1749,clench,-17,-25,-14,-11,-6,-10,-17,2
14.782058,1750,clench,21,-94,8,9,15,-14,-6,-8
14.782067,1751,clench,-22,124,42,4,-17,26,72,14
14.797981,1752,clench,70,19,28,3,14,7,-66,-44
14.797989,1753,clench,-32,-33,-10,-8,-17,16,1,-15
14.798474,1754,clench,65,-45,-26,-1,13,-8,19,2
14.798496,1755,clench,-51,-2,-9,1,-22,-27,-13,3
14.819415,1756,clench,11,-8,-1,-9,-10,2,7,4
14.821170,1757,clench,-1,42,5,3,-2,-1,18,-21
14.821176,1758,clench,-1,-20,17,-1,-1,-7,-14,-19
14.821178,1759,clench,-108,-52,-24,-5,12,12,-11,-6
14.833980,1760,clench,29,71,-7,-2,4,8,11,7
14.834046,1761,clench,36,-58,2,-1,-21,-11,-1,-11
14.840640,1762,clench,-28,36,2,-4,19,4,7,-17
14.843201,1763,clench,20,42,9,5,29,-9,-29,-19
14.857268,1764,clench,7,2,22,7,-2,10,39,0
14.857309,1765,clench,-3,-18,13,3,2,10,-18,-18
14.859431,1766,clench,-21,-13,-13,-3,-14,-11,3,-7
14.859437,1767,clench,17,-29,-18,-10,15,11,-15,-1
14.879396,1768,clench,5,-40,-18,-2,-10,-17,12,-7
14.879414,1769,clench,27,56,14,2,28,4,-16,24
14.881662,1770,clench,-2,-80,-32,-1,-5,9,6,-8
14.881671,1771,clench,-40,-5,14,-4,-33,-12,0,17
14.893714,1772,clench,-32,30,-3,-2,-1,-4,-20,-9
14.893735,1773,clench,7,-8,13,5,58,25,32,57
14.900659,1774,clench,-27,-14,-13,-10,-44,-31,3,12
14.900688,1775,clench,-19,17,-5,-2,14,44,-1,-13
14.917464,1776,clench,-9,-4,-2,1,-6,-22,-23,-18
14.917505,1777,clench,-31,-32,-4,-2,-15,4,-7,-2
14.920546,1778,clench,45,11,11,0,19,-6,22,14
14.920557,1779,clench,2,-3,2,2,-2,-15,-8,-7
14.939453,1780,clench,-53,21,4,1,-3,6,3,21
14.939475,1781,clench,57,-18,-7,-4,1,-1,6,-13
14.940852,1782,clench,-23,98,13,-5,-12,-8,-18,-12
14.940867,1783,clench,35,-7,-10,0,2,-8,-4,-4
14.953639,1784,clench,5,-9,-8,-2,2,17,-5,-15
14.953667,1785,clench,32,-8,3,1,-12,-12,-4,3
14.960570,1786,clench,-47,-1,-1,0,20,10,-6,39
14.960600,1787,clench,23,10,7,4,-7,1,-3,-13
14.976971,1788,clench,-5,-18,-7,-5,-8,-13,6,-7
14.977146,1789,clench,-4,11,-12,-1,16,-27,-10,0
14.979242,1790,clench,47,-28,-6,1,2,51,6,-8
14.979247,1791,clench,3,-44,3,-5,11,-16,-10,7
15.000755,1792,clench,43,1,7,2,-9,-8,13,4
15.000762,1793,clench,-109,19,0,0,-2,-4,-18,-23
15.000839,1794,clench,-2,-50,-1,6,-7,-15,-15,-5
15.000846,1795,clench,42,-2,12,-2,6,19,26,67
15.016132,1796,clench,-59,-19,-10,-3,-6,-9,5,-28
15.016142,1797,clench,67,-12,-13,-4,-12,0,3,-13
15.020875,1798,clench,-26,68,-1,-5,5,2,15,0
15.020906,1799,clench,-19,23,1,2,-20,-4,1,1
17.038087,1800,rest,-3,17,1,0,3,2,1,-4
17.038483,1801,rest,-2,0,-2,-3,-2,-1,4,6
17.046963,1802,rest,47,-15,-7,-2,-13,-2,0,6
17.046982,1803,rest,-86,3,5,-2,-11,-3,-3,4
17.061897,1804,rest,8,0,-1,5,1,-1,1,14
17.061918,1805,rest,12,-4,-2,-4,-1,-1,-2,-8
17.063291,1806,rest,-8,40,3,3,-2,0,2,3
17.063314,1807,rest,-13,-97,-11,-6,2,-2,-1,6
17.084665,1808,rest,-2,18,0,-2,-4,-3,-2,-15
17.084697,1809,rest,-19,-4,3,1,0,-1,-2,-5
17.087335,1810,rest,-13,-11,-2,-2,-4,-2,-1,-48
17.087350,1811,rest,31,58,0,0,24,1,0,1
17.098326,1812,rest,-8,-19,-1,-3,-7,-2,-2,-1
17.098354,1813,rest,41,21,2,-1,0,0,-1,7
17.108127,1814,rest,-32,-17,0,0,0,-1,-6,-4
17.108133,1815,rest,28,49,1,0,1,-1,2,-1
17.121789,1816,rest,-56,-89,-7,-3,-5,0,-1,-7
17.121810,1817,rest,10,8,0,0,5,-3,-3,-7
17.123382,1818,rest,-15,-12,2,-1,4,0,0,11
17.123403,1819,rest,10,21,-1,-4,-9,-1,-6,-2
17.144434,1820,rest,20,21,1,9,2,-1,-1,7
17.144464,1821,rest,-11,1,-1,-1,-9,-1,-1,-3
17.146466,1822,rest,-7,-27,-3,-1,1,-2,-1,13
17.146473,1823,rest,9,1,-1,2,-2,0,2,1
17.158116,1824,rest,44,37,3,-3,-3,-1,1,-5
17.158146,1825,rest,-81,-90,-6,-1,5,-2,-5,-10
17.167744,1826,rest,27,34,2,3,-3,0,2,70
17.167751,1827,rest,2,10,-1,-4,-5,-2,2,-5
17.183823,1828,rest,32,10,-1,1,7,1,-2,11
17.183832,1829,rest,11,31,3,3,-3,0,-1,3
17.183835,1830,rest,-31,-9,-2,-5,0,-2,0,-12
17.183837,1831,rest,12,-3,-4,-3,-7,-3,0,-4
17.204446,1832,rest,-4,-6,1,-3,9,-3,-4,-11
17.204466,1833,rest,3,5,-1,-2,0,0,0,34
17.205813,1834,rest,-21,-13,-1,-5,-4,1,-2,-7
17.205829,1835,rest,5,5,3,9,10,-1,2,-2
17.218198,1836,rest,-20,7,-5,0,-3,-1,-2,-25
17.218217,1837,rest,22,4,-3,-8,-2,-2,-2,-11
17.228608,1838,rest,-2,-10,0,2,2,-1,-3,33
17.228614,1839,rest,9,12,1,0,1,0,-2,13
17.242015,1840,rest,2,9,2,-2,-4,-2,0,8
17.242037,1841,rest,0,19,-1,1,-3,-2,-1,-1
17.243543,1842,rest,-2,24,-1,-2,-2,0,0,-12
17.243621,1843,rest,8,-68,-6,-5,-7,1,-1,-11
17.264377,1844,rest,-25,-13,1,-3,-1,-1,-2,4
17.264403,1845,rest,45,29,2,-1,-5,-1,2,-10
17.265731,1846,rest,-51,-10,-1,-1,3,-2,-2,-21
17.265757,1847,rest,18,21,0,4,-4,-1,3,23
17.277983,1848,rest,20,-50,-5,-4,-4,-3,-5,-7
17.278004,1849,rest,5,-19,-5,-1,2,1,0,-2
17.289058,1850,rest,18,21,1,2,0,-2,-1,0
17.289067,1851,rest,-14,-4,0,-3,4,-1,1,-5
17.302104,1852,rest,-28,15,1,-5,-19,-2,1,5
17.302128,1853,rest,-21,-4,3,6,3,0,0,-6
17.304192,1854,rest,19,23,-6,-3,-5,-2,1,-9
17.304198,1855,rest,-19,-15,2,4,-1,1,-3,45
17.325017,1856,rest,11,16,-1,0,7,-1,0,-2
17.325040,1857,rest,-9,-5,-2,-3,-1,-2,-2,-7
17.326491,1858,rest,10,33,2,0,-4,-3,-2,-4
17.326511,1859,rest,16,-75,-3,-4,-4,0,0,-12
17.339302,1860,rest,-41,11,-1,2,1,-1,-12,5
17.339312,1861,rest,-17,7,-2,-4,-6,-2,-1,1
17.349666,1862,rest,24,-8,-4,1,2,-2,-2,-9
17.349674,1863,rest,-24,8,4,-3,-7,0,2,-7
17.361918,1864,rest,14,1,-1,2,0,-1,4,-1
17.361949,1865,rest,-19,-25,-1,-1,-1,-3,-2,-14
17.363707,1866,rest,5,25,2,0,2,0,-1,-2
17.363712,1867,rest,13,-17,-4,-6,-8,-3,-2,-44
17.386176,1868,rest,-7,-13,-1,3,3,1,1,10
17.386182,1869,rest,10,6,-2,-2,2,-1,-3,-2
17.386184,1870,rest,-4,-30,2,1,-4,0,2,-1
17.386186,1871,rest,1,17,-2,0,3,-2,1,-4
17.398017,1872,rest,-11,32,2,-2,-18,-1,-5,22
17.399466,1873,rest,29,-7,-4,-3,-2,1,0,2
17.408344,1874,rest,-3,-18,-1,-1,4,-1,-3,-4
17.408349,1875,rest,-25,15,-4,-2,-7,-2,-3,-1
17.421806,1876,rest,-4,21,2,-1,4,-1,3,-9
17.421826,1877,rest,2,-69,-6,-2,1,-2,-1,3
17.423497,1878,rest,-3,-5,-2,-2,-4,-2,-1,2
17.423514,1879,rest,3,21,0,-4,4,0,1,1
17.444554,1880,rest,-9,-5,-2,4,3,1,1,-4
17.444578,1881,rest,-3,32,3,2,-1,-2,-1,-2
17.447171,1882,rest,12,8,-5,-3,2,3,5,5
17.447190,1883,rest,1,-23,0,-3,3,-1,-5,3
17.467272,1884,rest,2,-1,0,-3,1,-2,0,-8
17.467314,1885,rest,-14,15,-2,-2,0,-1,0,11
17.468596,1886,rest,15,5,-1,-2,-2,-2,-2,-9
17.468645,1887,rest,-9,-23,-1,0,8,-1,-2,-9
17.481839,1888,rest,9,-1,3,-1,-4,0,1,17
17.481858,1889,rest,3,1,-3,-1,0,1,2,-11
17.483371,1890,rest,-42,-27,1,1,3,-1,-3,-4
17.483390,1891,rest,1,27,0,0,-2,-1,0,-26
17.504584,1892,rest,24,3,-2,2,24,3,-4,16
17.506511,1893,rest,-6,-6,-1,-1,-26,-2,-2,1
17.506517,1894,rest,-5,13,0,-1,-4,0,-2,1
17.506519,1895,rest,35,41,0,1,-7,0,0,7
17.528235,1896,rest,-30,-69,-8,-4,2,-2,1,-18
17.528242,1897,rest,-8,-3,-4,-3,4,-3,-1,3
17.528609,1898,rest,5,-19,4,7,2,-1,-2,18
17.528741,1899,rest,-25,14,-1,-1,-6,0,-3,-2
17.541743,1900,rest,20,38,-4,-9,-5,-5,-1,-9
17.541779,1901,rest,15,-1,6,4,13,2,-2,5
17.543301,1902,rest,-44,-25,-1,-3,-7,-1,-2,-18
17.543323,1903,rest,14,-13,-2,3,0,0,-1,6
17.564418,1904,rest,-8,23,-2,-3,-12,-1,1,-3
17.564439,1905,rest,-13,10,-2,-1,-2,-2,5,-53
17.566229,1906,rest,-3,-28,0,1,3,0,-2,-2
17.566235,1907,rest,-3,3,1,0,-5,-3,-1,-8
17.587029,1908,rest,5,-26,-1,-2,-6,-2,-2,11
17.587055,1909,rest,-8,56,1,-3,1,1,0,-1
17.588574,1910,rest,17,7,0,1,0,-1,0,-5
17.588583,1911,rest,-1,-18,-4,-2,2,0,0,1
17.601501,1912,rest,0,2,2,3,0,0,1,-19
17.601528,1913,rest,9,14,3,-3,2,-1,-3,6
17.608019,1914,rest,28,-27,-6,-1,1,0,0,6
17.608038,1915,rest,-8,-3,-3,-3,15,0,-1,13
17.624260,1916,rest,-17,-26,-5,-2,-4,0,0,-6
17.624286,1917,rest,-28,-2,6,-1,-1,-1,-2,9
17.625905,1918,rest,-27,-1,0,-5,-6,-2,0,1
17.625929,1919,rest,29,23,-2,0,2,-2,-2,0
17.646919,1920,rest,-11,14,2,0,1,0,0,-4
17.646949,1921,rest,24,-18,-5,-4,5,-2,-2,-17
17.648713,1922,rest,0,27,0,-1,2,1,1,-1
17.648723,1923,rest,-16,-34,-1,1,-4,-1,1,4
17.661189,1924,rest,8,-2,-2,-1,-1,-1,0,0
17.663449,1925,rest,6,20,0,-1,-4,-1,-1,5
17.668061,1926,rest,-3,-15,-2,-2,-1,-4,-4,-9
17.668089,1927,rest,-1,16,-1,-4,-6,1,5,7
17.684701,1928,rest,13,-15,1,2,-5,-2,-5,-3
17.684713,1929,rest,-4,17,1,-1,3,-2,1,-41
17.685974,1930,rest,6,-28,-5,0,2,0,-1,3
17.685995,1931,rest,-16,-7,-6,-5,-7,-2,-3,-3
17.707157,1932,rest,9,-15,0,0,0,-1,-5,5
17.707191,1933,rest,5,-5,0,2,0,-2,2,10
17.709633,1934,rest,-28,12,1,-3,0,-2,2,28
17.709642,1935,rest,18,13,-3,-1,-5,-1,-3,-1
17.721284,1936,rest,-1,9,-2,-2,0,-1,2,-8
17.721308,1937,rest,19,-8,-3,-1,-4,-1,-3,19
17.728437,1938,rest,-30,7,-1,-3,-6,1,0,-9
17.728464,1939,rest,4,-17,2,5,5,0,2,9
17.744459,1940,rest,2,-22,-2,-5,-4,-3,-3,-8
17.744489,1941,rest,-41,-18,-2,0,-5,2,-2,3
17.746897,1942,rest,31,21,-2,-1,2,1,1,-5
17.746911,1943,rest,-10,-7,0,-3,-8,0,-1,-3
17.766975,1944,rest,5,5,2,2,6,0,0,0
17.766998,1945,rest,4,9,-1,-3,0,-1,-1,9
17.768525,1946,rest,5,-5,-1,-3,-2,-1,1,-5
17.770346,1947,rest,-12,-1,0,-1,2,0,5,-23
17.781221,1948,rest,-18,13,-6,0,1,1,1,2
17.781270,1949,rest,4,-15,-3,0,2,-2,-1,10
17.788276,1950,rest,11,27,-1,-3,-4,-2,-2,-5
17.790454,1951,rest,-5,-48,-2,3,-3,-1,0,-1
17.804475,1952,rest,5,6,-2,-1,-1,0,1,-1
17.807077,1953,rest,-1,-1,-2,2,-2,0,-3,0
17.807087,1954,rest,14,-11,0,0,-1,0,0,-4
17.807089,1955,rest,6,49,3,-6,-9,-4,-7,1
17.827021,1956,rest,-14,4,-1,1,2,0,-2,-7
17.827027,1957,rest,1,-40,-1,0,-2,-3,0,-25
17.828258,1958,rest,-3,11,-1,2,3,1,-2,3
17.828417,1959,rest,10,30,1,-5,-5,0,-1,29
17.842505,1960,rest,0,-35,-2,-1,-2,-3,-2,-2
17.842512,1961,rest,-4,8,-2,-1,0,-1,-3,-11
17.848172,1962,rest,6,-1,-2,-2,-4,-2,-1,-15
17.850889,1963,rest,-6,1,-1,1,-2,0,-1,-4
17.864836,1964,rest,-5,-1,0,-5,-2,-2,-3,1
17.864856,1965,rest,21,12,3,2,3,0,0,22
17.866293,1966,rest,-12,-37,-4,-2,18,-4,-2,-4
17.866334,1967,rest,-2,-9,2,0,-8,0,-2,4
17.888857,1968,rest,17,10,-6,-3,-1,0,1,-2
17.888865,1969,rest,-10,13,2,0,-2,1,-3,7
17.888868,1970,rest,-7,5,-1,-2,3,-1,-3,-2
17.888870,1971,rest,-16,-16,-3,-5,1,-1,1,-11
17.901271,1972,rest,21,18,2,2,1,-2,0,19
17.901301,1973,rest,-8,-12,5,3,0,-1,-8,4
17.908155,1974,rest,-1,23,-2,0,-6,-1,1,4
17.908176,1975,rest,11,-5,-1,1,3,-2,-3,3
17.924330,1976,rest,-10,1,-1,-1,-8,0,1,-8
17.924352,1977,rest,15,7,-3,-2,1,-1,2,9
17.925975,1978,rest,-10,1,0,-3,-6,-1,-1,-1
17.926004,1979,rest,3,21,2,-2,1,0,-3,-5
17.946950,1980,rest,51,-36,-3,1,7,0,1,0
17.946977,1981,rest,-35,-5,-4,-3,-3,-3,2,-55
17.948558,1982,rest,22,-5,-1,0,-4,1,0,2
17.948643,1983,rest,-34,0,-2,0,-1,1,0,1
17.960619,1984,rest,9,25,0,-1,0,1,0,1
17.960642,1985,rest,6,-4,-6,-2,-1,-1,2,5
17.971213,1986,rest,0,-10,-3,0,-5,2,1,6
17.971222,1987,rest,9,-1,-4,-1,0,-2,0,-4
17.984544,1988,rest,-23,13,2,-4,-2,-3,1,-8
17.984565,1989,rest,11,-21,-1,6,3,-2,-4,9
17.985810,1990,rest,-24,17,-2,0,-3,-2,-1,-9
17.985832,1991,rest,-9,-29,-3,1,3,-2,0,3
18.006959,1992,rest,-11,5,0,-1,-2,-2,-1,-6
18.006988,1993,rest,0,-6,-4,-2,-2,-1,-1,10
18.009451,1994,rest,13,23,-1,1,-2,-1,-1,2
18.009458,1995,rest,6,4,5,0,0,-3,-2,-7
18.020577,1996,rest,-13,-2,2,-3,-16,1,-1,3
18.020605,1997,rest,11,33,-1,3,22,0,1,-4
18.031892,1998,rest,-16,-7,-4,-2,-28,-1,-3,-8
18.031902,1999,rest,0,-56,-4,1,-2,-1,-3,1
18.044697,2000,rest,13,3,2,1,1,-2,-1,-1
18.044791,2001,rest,-56,-10,0,-4,-1,1,0,9
18.046814,2002,rest,-2,-11,0,-1,6,-1,-2,-3
18.046821,2003,rest,9,18,-3,-4,1,0,3,1
18.067004,2004,rest,-30,4,-3,-1,1,1,0,-6
18.067024,2005,rest,9,-6,1,0,-8,-2,0,-49
18.069884,2006,rest,1,20,-1,-3,3,0,1,10
18.069897,2007,rest,22,-44,0,1,-2,0,0,12
18.080486,2008,rest,-49,-2,-1,1,6,0,1,-5
18.080514,2009,rest,65,-4,-4,-6,-9,-2,-1,7
18.091036,2010,rest,-37,-25,0,-2,1,-3,0,-4
18.091042,2011,rest,14,47,-1,0,0,-1,-2,-9
18.104433,2012,rest,22,1,-1,1,1,-1,-1,-2
18.106829,2013,rest,15,29,-1,-4,-9,0,-1,13
18.106838,2014,rest,10,-28,-3,-2,0,-1,-2,-2
18.106841,2015,rest,-18,-1,-2,-1,-5,0,-2,3
18.126897,2016,rest,-3,-11,-3,-1,1,0,-1,4
18.126910,2017,rest,11,36,2,-3,0,0,0,17
18.128315,2018,rest,17,-31,4,0,4,0,1,4
18.128337,2019,rest,-22,24,-1,-1,1,-1,-2,-8
18.140590,2020,rest,6,-14,-2,-2,-4,-1,0,-2
18.140615,2021,rest,-18,-11,-3,-2,-2,0,4,5
18.151659,2022,rest,13,19,4,4,-1,-1,-13,33
18.151669,2023,rest,-3,-6,-4,-1,2,-1,-2,-2
18.164424,2024,rest,14,0,-6,-6,-7,-4,-2,-7
18.164449,2025,rest,-10,-12,2,9,6,0,-2,36
18.166006,2026,rest,4,10,-1,1,9,-4,4,-11
18.166011,2027,rest,-11,-24,1,-1,-33,-3,-2,-1
18.187054,2028,rest,-3,4,1,0,0,0,-4,0
18.187062,2029,rest,-11,-7,-2,-6,-4,0,-1,-10
18.188469,2030,rest,8,7,2,-2,-5,-2,3,-2
18.188491,2031,rest,2,20,-3,-2,8,0,-3,-2
18.200774,2032,rest,-14,-8,-1,0,1,-2,-1,-9
18.200811,2033,rest,-6,-20,-2,-2,-8,0,0,8
18.210542,2034,rest,1,10,-1,-1,5,0,2,-6
18.210548,2035,rest,-3,-5,-1,-2,5,-1,0,3
18.224233,2036,rest,8,2,-1,2,-1,-1,-1,2
18.224252,2037,rest,2,1,-3,-3,-2,-4,-3,-13
18.225921,2038,rest,-2,-17,-3,-3,6,-1,0,1
18.225946,2039,rest,-13,23,-6,-6,8,-1,-2,-9
18.246866,2040,rest,-32,-77,-1,6,1,-1,-3,0
18.246899,2041,rest,-6,1,-7,-2,-3,0,-2,1
18.249024,2042,rest,11,17,1,2,-4,0,1,-6
18.249037,2043,rest,3,-22,1,-2,-2,-1,2,7
18.260580,2044,rest,5,48,3,-1,3,-1,-1,3
18.260607,2045,rest,-2,-20,-1,-2,-1,-3,-3,-12
18.270578,2046,rest,-13,-8,1,1,-3,-3,-4,-5
18.270585,2047,rest,7,11,-1,-1,2,0,6,-6
18.284310,2048,rest,5,22,-1,2,1,1,-1,-1
18.284363,2049,rest,16,-20,-1,0,-3,0,0,-27
18.286962,2050,rest,-39,-14,-6,-6,-5,0,-1,21
18.286969,2051,rest,11,11,3,2,0,0,-3,25
18.306927,2052,rest,0,2,-1,-3,-7,0,1,-5
18.306946,2053,rest,2,16,3,0,7,-2,-1,-4
18.309501,2054,rest,-45,-3,-3,-2,-30,-4,-3,-25
18.309508,2055,rest,7,-15,1,-3,0,-1,-3,-7
18.320529,2056,rest,-1,12,0,-4,0,-2,-3,3
18.320549,2057,rest,15,-1,-1,-1,-2,0,0,18
18.330595,2058,rest,-8,-44,-5,-1,4,0,0,-18
18.330602,2059,rest,-4,0,-2,1,1,-1,-2,-2
18.343605,2060,rest,-8,6,-1,-2,-2,-3,3,-3
18.343629,2061,rest,1,11,0,1,-2,-1,-3,4
18.352567,2062,rest,12,0,-1,-4,5,0,2,-1
18.352576,2063,rest,-2,7,-1,4,3,0,0,-9
18.366876,2064,rest,22,-6,-2,0,8,-1,0,-3
18.366902,2065,rest,-7,5,-2,0,-1,0,1,5
18.368488,2066,rest,3,14,7,3,6,-1,-4,0
18.368500,2067,rest,3,11,0,-2,-4,3,-2,45
18.380679,2068,rest,16,-14,1,2,-5,2,0,24
18.380708,2069,rest,-4,-6,-2,-1,0,0,-1,28
18.389827,2070,rest,33,3,0,-1,0,-1,0,0
18.389835,2071,rest,-18,-14,1,-3,-13,-4,0,-25
18.406419,2072,rest,-56,7,-7,-3,-6,-2,-5,-12
18.406429,2073,rest,-24,-10,1,-2,0,0,0,-1
18.406432,2074,rest,23,6,0,2,4,0,2,5
18.406434,2075,rest,-4,12,-1,-3,-6,-1,-2,-7
18.426981,2076,rest,30,7,0,-1,-2,0,1,-1
18.427004,2077,rest,-7,20,-1,-6,-3,-2,-3,-12
18.429787,2078,rest,-12,-18,-4,3,-1,0,1,-2
18.429794,2079,rest,9,-28,-4,0,9,-1,-1,-6
18.449775,2080,rest,9,14,-1,-2,0,-2,-3,-7
18.452351,2081,rest,-6,-12,-1,-3,-4,2,6,0
18.452366,2082,rest,9,16,1,-2,6,0,-2,0
18.452369,2083,rest,-7,1,1,2,3,-1,-1,-2
18.464608,2084,rest,-10,-12,-3,-4,1,-6,-2,-5
18.464632,2085,rest,3,11,1,-1,-8,-4,1,2
18.467230,2086,rest,21,10,-2,1,6,-1,0,-3
18.467238,2087,rest,-1,4,5,3,2,-1,-5,-1
18.486835,2088,rest,-54,-9,-3,-5,-5,-1,-1,-11
18.486868,2089,rest,30,-18,-1,1,4,1,-6,32
18.488364,2090,rest,-10,12,-2,-2,-5,2,2,30
18.488383,2091,rest,-6,5,-1,-3,13,-2,-1,-8
18.509276,2092,rest,20,10,1,-1,1,-1,0,-6
18.509299,2093,rest,-6,-12,-3,0,-2,-2,-3,-19
18.510906,2094,rest,2,0,-1,-4,-6,1,2,7
18.510919,2095,rest,10,6,-6,1,-5,0,0,1
18.524322,2096,rest,34,28,5,4,10,1,0,10
18.524341,2097,rest,-52,-23,-3,-1,1,-4,-3,-9
18.525958,2098,rest,-3,-28,-5,-4,-4,-2,-4,-12
18.526081,2099,rest,8,-3,-2,-3,-5,-1,2,-7
18.547021,2100,rest,-16,-21,-2,-1,1,0,-1,-4
18.547080,2101,rest,8,21,2,-1,-3,0,-1,-12
18.549736,2102,rest,0,10,-1,1,1,-2,-1,-10
18.549745,2103,rest,-7,0,-2,-2,-5,-1,6,1
18.569817,2104,rest,6,0,3,1,5,-2,-2,-1
18.570019,2105,rest,5,4,2,3,-31,0,-1,2
18.571070,2106,rest,12,-8,-1,-3,1,-2,-3,-2
18.571097,2107,rest,-8,-4,-1,-3,1,0,0,1
18.583625,2108,rest,-20,6,-3,-2,-2,0,1,13
18.583639,2109,rest,25,-46,-1,0,1,-1,-4,0
18.590453,2110,rest,-14,5,-1,-1,-2,-2,-2,-9
18.590472,2111,rest,12,29,0,-2,-6,-3,-5,0
18.606812,2112,rest,-4,-20,1,-7,-3,1,0,-15
18.606831,2113,rest,6,24,-1,2,4,-2,-3,-5
18.608360,2114,rest,-1,-9,-1,3,3,0,0,-1
18.608396,2115,rest,-21,-33,-2,-1,4,-1,-1,-10
18.629200,2116,rest,11,4,-5,-3,-6,0,0,5
18.629241,2117,rest,-21,0,4,-1,6,0,2,-2
18.630679,2118,rest,27,21,2,-1,-2,-1,0,-1
18.630703,2119,rest,-46,0,2,1,1,0,-1,-5
18.643624,2120,rest,23,-1,-4,1,-4,-3,-3,0
18.643646,2121,rest,-31,-8,-7,-5,0,-2,0,-30
18.650765,2122,rest,-2,13,1,1,0,-1,-2,-7
18.650793,2123,rest,40,-10,-1,-1,-4,-2,-2,-5
18.666987,2124,rest,-11,39,0,-1,-1,-1,-2,6
18.667976,2125,rest,-3,-62,-4,-3,3,1,6,0
18.668256,2126,rest,-8,3,0,-2,-3,-2,-2,-1
18.668281,2127,rest,29,22,2,1,2,1,-2,-2
18.696930,2128,rest,-1,-25,-2,2,-3,-2,1,-6
18.696960,2129,rest,4,26,-1,0,-4,-1,0,9
18.699409,2130,rest,-14,-17,-4,-3,-4,-1,-2,-7
18.699416,2131,rest,13,2,0,-1,-3,0,0,6
18.703702,2132,rest,12,0,-1,-4,-4,1,0,11
18.703722,2133,rest,-11,9,1,8,8,1,-4,-2
18.710471,2134,rest,3,21,2,-1,-2,0,2,4
18.710491,2135,rest,-11,-62,-2,1,20,-1,0,5
18.727040,2136,rest,-53,-15,-6,-3,-15,0,-1,-6
18.727065,2137,rest,21,11,-1,-4,2,-1,-1,1
18.728396,2138,rest,5,1,-1,0,-2,-2,-3,-8
18.728405,2139,rest,7,31,-1,-1,5,-2,0,-9
18.749639,2140,rest,17,-6,2,1,5,1,1,41
18.749669,2141,rest,6,3,-1,-4,0,-1,-1,6
18.752727,2142,rest,-13,0,-2,-1,-3,-1,-2,-7
18.752738,2143,rest,-7,6,3,-1,-7,0,-1,-5
18.763714,2144,rest,13,-17,-1,4,3,0,2,0
18.763738,2145,rest,-3,38,-4,-5,-3,-3,-6,3
18.770732,2146,rest,-11,-56,-4,-1,0,-1,1,5
18.771005,2147,rest,-7,-4,-4,-5,-12,-1,-2,-11
18.787008,2148,rest,-2,-10,1,-2,9,-3,0,-15
18.787037,2149,rest,18,10,0,1,10,1,2,-5
18.789443,2150,rest,23,15,3,-2,-2,-1,1,5
18.789452,2151,rest,27,25,-6,4,-3,1,-4,1
18.809325,2152,rest,-30,-34,-3,-4,-4,-2,-1,-14
18.809345,2153,rest,3,-37,-5,-2,0,-2,-2,28
18.811065,2154,rest,1,5,6,0,1,-1,-2,3
18.811070,2155,rest,18,16,0,1,-5,-2,3,5
18.823723,2156,rest,21,22,1,0,3,-1,-1,6
18.824774,2157,rest,-13,0,-5,-2,-2,-1,-2,-12
18.830415,2158,rest,7,1,-1,-3,-5,1,2,-1
18.830434,2159,rest,0,1,-3,-1,2,-3,-2,1
18.846703,2160,rest,6,10,0,0,-2,-1,-1,-28
18.846749,2161,rest,-17,-38,1,-3,0,0,-2,9
18.848611,2162,rest,-2,17,-3,1,-1,0,-1,-2
18.848646,2163,rest,-22,-29,0,-3,-6,-2,0,-4
18.869538,2164,rest,1,4,-3,-4,1,-1,-1,-5
18.871417,2165,rest,-1,18,5,0,-2,-3,0,-7
18.871427,2166,rest,5,-2,-5,-2,-2,0,-1,4
18.871430,2167,rest,-19,-7,1,-4,3,0,-2,4
18.883753,2168,rest,16,4,0,4,-19,-2,1,0
18.883770,2169,rest,10,4,1,-2,9,-4,-2,-5
18.890409,2170,rest,-10,29,-11,-5,2,0,-3,-6
18.890428,2171,rest,-43,-60,-4,-4,-9,-1,5,2
18.908538,2172,rest,-8,-5,1,-1,5,-2,-6,0
18.908545,2173,rest,6,4,-2,-2,-3,0,2,-1
18.908548,2174,rest,5,8,2,-2,-4,0,-2,-8
18.908549,2175,rest,11,27,0,-1,7,0,0,-24
18.929523,2176,rest,2,8,0,-3,3,-2,-2,26
18.929549,2177,rest,-7,-1,0,1,-3,2,1,-3
18.932431,2178,rest,-7,2,-1,-1,2,-3,-3,-2
18.932443,2179,rest,-14,-11,1,-2,-5,-1,-2,-5
18.942946,2180,rest,16,-12,-2,0,3,-1,0,-4
18.942971,2181,rest,28,36,1,-1,-6,-1,-1,12
18.953936,2182,rest,-78,-76,-5,-1,-1,-1,-2,-6
18.953950,2183,rest,38,14,-2,-2,-3,-2,-2,12
18.974256,2184,rest,-6,13,3,-4,-4,2,1,2
18.974276,2185,rest,7,-1,-1,5,9,0,-2,-1
18.975904,2186,rest,18,22,3,1,3,-1,0,1
18.975927,2187,rest,-16,3,-2,-2,-1,-4,-2,6
18.989403,2188,rest,-2,-22,-5,-3,-3,-1,-1,-12
18.989457,2189,rest,-3,0,-3,-3,-3,-1,-1,-11
18.990862,2190,rest,11,-6,-1,-1,-2,-1,-1,2
18.990879,2191,rest,-2,10,0,0,-11,2,-4,-7
19.002936,2192,rest,16,5,-2,1,5,-1,-2,-2
19.002959,2193,rest,-74,-1,1,-4,-5,-3,-7,-11
19.013303,2194,rest,14,-17,1,0,-4,-2,-2,2
19.013313,2195,rest,10,13,-1,0,1,1,1,3
19.026879,2196,rest,-4,-5,-2,-2,1,-2,1,-1
19.026904,2197,rest,-19,-4,-2,2,0,-1,2,2
19.029509,2198,rest,9,-1,0,-3,-1,-2,0,-9
19.029611,2199,rest,5,8,-2,-2,1,-2,-1,5
19.049474,2200,rest,-12,1,2,-2,-2,-2,-3,-53
19.049570,2201,rest,7,9,-1,-1,1,0,1,-6
19.050979,2202,rest,23,21,0,0,0,-1,-2,26
19.050997,2203,rest,-6,-18,0,-2,-4,-2,-2,5
19.064054,2204,rest,-35,-4,-2,2,1,-1,1,-2
19.064063,2205,rest,4,-14,0,-2,-2,-3,-2,-7
19.073061,2206,rest,-4,4,0,-1,-1,-1,2,-9
19.073071,2207,rest,1,-11,-5,-2,1,1,-2,-5
19.086155,2208,rest,30,13,4,-1,-1,1,2,20
19.086180,2209,rest,-45,-2,-3,-5,13,-2,-3,-2
19.088372,2210,rest,16,5,-1,1,1,1,-1,2
19.088380,2211,rest,6,-7,0,0,1,-3,0,5
19.110380,2212,rest,-26,6,3,-2,6,1,-2,5
19.110386,2213,rest,31,-5,0,0,-6,-1,0,3
19.110389,2214,rest,5,60,3,-1,-1,-2,-1,-6
19.110391,2215,rest,-14,-58,-10,-3,0,-1,1,-5
19.131267,2216,rest,0,-10,-1,1,-2,-1,-5,2
19.131295,2217,rest,18,10,1,2,-3,-1,-6,-5
19.133917,2218,rest,23,-2,-4,-4,-7,-2,-1,20
19.133921,2219,rest,-56,20,2,5,7,0,1,3
19.146140,2220,rest,-32,-2,-5,0,-5,-4,-2,-46
19.146165,2221,rest,12,-14,2,-2,-4,3,-5,16
19.147919,2222,rest,3,-11,-1,1,3,0,4,16
19.147924,2223,rest,28,40,0,-3,-1,-1,-2,3
19.168638,2224,rest,-7,-31,-4,-1,-2,-2,-1,2
19.168663,2225,rest,11,-12,-3,0,-2,-1,2,-12
19.170570,2226,rest,-28,-16,-5,-3,3,-1,-1,-18
19.170578,2227,rest,20,15,1,-2,-5,-2,-2,-1
19.191257,2228,rest,8,23,3,1,1,1,1,18
19.191288,2229,rest,10,3,-2,-2,-8,-2,-1,0
19.191844,2230,rest,-10,-24,0,2,6,-1,-1,0
19.191895,2231,rest,13,13,1,1,-1,0,0,-5
19.206184,2232,rest,13,-7,-5,-1,-2,0,-1,6
19.206269,2233,rest,-31,-19,-4,-1,5,1,3,3
19.206882,2234,rest,1,0,-2,-1,0,-1,-1,-15
19.206907,2235,rest,34,40,1,1,0,0,1,-2
19.228944,2236,rest,-54,-21,-1,-2,0,-1,-2,6
19.228973,2237,rest,21,-14,-3,-3,-3,-3,-3,-1
19.231802,2238,rest,-5,-4,0,-3,-4,-2,-1,-4
19.231811,2239,rest,14,6,0,-4,-8,-3,-2,3
19.251282,2240,rest,28,22,1,1,3,-1,-6,7
19.251289,2241,rest,-18,2,2,2,0,-1,2,0
19.251745,2242,rest,-9,-4,-3,-2,-2,-4,5,-36
19.251757,2243,rest,-9,-7,-1,-1,-4,0,-6,14
19.266383,2244,rest,34,-16,-1,-2,-11,-2,-2,-1
19.266391,2245,rest,-7,-4,-6,-6,-5,1,4,3
19.266799,2246,rest,7,0,2,2,3,-1,-4,-18
19.266808,2247,rest,-16,-14,0,2,2,1,3,17
19.288672,2248,rest,6,17,2,-1,11,-2,-4,2
19.288692,2249,rest,12,13,1,-3,-34,-2,1,-7
19.290395,2250,rest,-5,1,-2,-2,-3,0,-2,2
19.290403,2251,rest,-18,-23,-5,1,4,-2,0,-13
19.312760,2252,rest,-21,16,-3,-1,-3,0,0,5
19.312767,2253,rest,-5,24,3,1,12,0,0,6
19.312770,2254,rest,-18,-69,-7,-4,-2,-3,-2,7
19.312771,2255,rest,-25,-9,1,0,-5,-1,-3,-5
19.326068,2256,rest,2,0,-1,2,2,1,4,1
19.326087,2257,rest,20,5,0,-2,-1,0,-4,-5
19.327036,2258,rest,4,6,-5,-1,-2,-1,-2,6
19.327054,2259,rest,3,-4,-3,-1,5,-1,-2,-10
19.348655,2260,rest,-35,-12,-2,-2,-4,-1,-3,-4
19.348677,2261,rest,-7,4,0,2,3,-2,-1,-1
19.349827,2262,rest,3,30,1,0,-2,1,-2,7
19.349832,2263,rest,13,-36,-1,-6,-5,-1,1,-2
19.371208,2264,rest,-6,7,-2,2,-5,-2,4,-4
19.372744,2265,rest,15,-6,-4,-1,1,-1,0,5
19.372752,2266,rest,-51,1,-2,-1,2,-1,0,-2
19.372754,2267,rest,7,24,1,3,-1,-1,-2,3
19.386307,2268,rest,32,-33,-1,-6,-7,1,3,-1
19.388850,2269,rest,-11,3,-3,1,5,-1,-2,-24
19.388858,2270,rest,11,14,-3,-2,1,-2,-3,5
19.388860,2271,rest,-3,-31,-2,-1,-27,-2,2,-13
19.408579,2272,rest,-6,18,-6,-4,0,2,-2,2
19.408603,2273,rest,-2,-3,1,-3,1,-2,-1,-6
19.409410,2274,rest,12,2,2,1,-5,0,-4,0
19.409436,2275,rest,-17,17,1,-2,6,0,-2,-12
19.431300,2276,rest,8,-5,-3,1,1,-1,-4,19
19.431328,2277,rest,25,9,-3,-1,-3,-2,-1,8
19.432726,2278,rest,-64,-7,-2,-3,5,-2,0,-1
19.432736,2279,rest,12,-24,-3,-3,3,-1,-2,-5
19.446146,2280,rest,10,15,2,2,-3,0,0,-7
19.446169,2281,rest,19,10,1,0,3,-1,-1,-1
19.447211,2282,rest,-27,-41,-3,0,-2,-2,-3,-2
19.447218,2283,rest,-6,10,-3,0,-8,0,-1,3
19.468567,2284,rest,-4,9,0,-1,-5,0,-1,-2
19.468583,2285,rest,12,11,2,2,1,0,-1,6
19.469334,2286,rest,20,-8,-1,-2,1,-1,1,-3
19.469507,2287,rest,-18,5,0,1,0,-2,1,-45
19.491260,2288,rest,-13,-23,-2,1,3,-2,-3,0
19.491289,2289,rest,-16,-46,-6,-5,-1,-2,-3,-6
19.492672,2290,rest,12,8,5,3,-4,1,0,7
19.492677,2291,rest,6,24,1,-2,3,-1,1,-1
19.506247,2292,rest,25,-2,-1,-1,4,-1,-3,0
19.506490,2293,rest,-15,-30,-7,-3,-4,-2,-1,-1
19.508478,2294,rest,12,0,-2,-3,-3,-2,0,-10
19.508484,2295,rest,-3,5,2,10,12,0,-2,15
19.531083,2296,rest,29,8,-3,-2,-1,-1,1,0
19.531090,2297,rest,-11,8,8,5,16,3,-2,10
19.531092,2298,rest,36,34,3,-1,-31,-1,0,4
19.531184,2299,rest,-47,-3,-5,-3,0,-2,-3,0
19.551247,2300,rest,-4,-53,-4,0,2,1,-2,25
19.551314,2301,rest,2,2,1,2,1,0,-2,-4
19.554038,2302,rest,4,2,-1,-1,-1,1,-1,-1
19.554048,2303,rest,36,21,1,-4,0,-1,-3,47
19.566034,2304,rest,-26,11,-3,-3,-7,-2,-1,-14
19.566051,2305,rest,-9,-4,-6,-3,-4,-1,2,-1
19.566784,2306,rest,18,9,4,2,3,-2,-2,11
19.566808,2307,rest,-15,-14,-1,-1,1,-3,1,-18
19.588721,2308,rest,1,35,6,0,2,-2,0,-4
19.590455,2309,rest,10,-23,-2,1,-2,-2,0,4
19.590461,2310,rest,-8,-2,-5,-4,2,-2,-1,-30
19.590464,2311,rest,-2,-28,-2,1,5,-1,-11,20
19.611522,2312,rest,3,10,2,-3,-4,-1,-1,-2
19.611545,2313,rest,-54,21,1,4,2,-3,-1,-6
19.612013,2314,rest,10,1,-4,0,4,0,1,-8
19.612030,2315,rest,10,-9,-1,-3,-1,-1,2,-6
19.634437,2316,rest,2,33,-1,-1,-3,1,0,2
19.634462,2317,rest,8,-40,0,-2,-3,-1,-3,7
19.635953,2318,rest,2,8,-2,0,4,-1,-5,6
19.635965,2319,rest,-5,-44,-6,-1,-1,0,0,0
19.648622,2320,rest,11,9,-2,-4,-1,-3,-1,-3
19.651547,2321,rest,-6,9,-4,-3,1,-1,1,-7
19.651553,2322,rest,-8,-10,0,-2,16,-1,0,9
19.651555,2323,rest,12,24,1,-1,-5,0,0,-7
19.671948,2324,rest,9,-8,3,2,-4,-1,0,-7
19.671959,2325,rest,33,19,-4,-1,0,0,0,0
19.671962,2326,rest,-25,-8,0,1,2,1,-1,2
19.672019,2327,rest,-27,-24,-8,-5,-4,-2,1,4
19.687671,2328,rest,-13,-19,3,4,10,0,-4,4
19.687681,2329,rest,2,8,-1,-6,-7,1,4,23
19.687683,2330,rest,14,17,-1,8,1,0,-1,1
19.687685,2331,rest,11,25,0,0,-1,0,2,0
19.708554,2332,rest,-17,-21,-1,-1,-4,-2,-1,1
19.708579,2333,rest,8,13,2,-2,-3,0,0,16
19.710114,2334,rest,0,-3,2,-2,-7,0,3,2
19.710122,2335,rest,-21,3,-5,-2,1,-2,-3,-15
19.731239,2336,rest,27,-2,-4,-3,-3,0,0,2
19.733654,2337,rest,-52,7,-1,0,-3,-1,-2,-9
19.733662,2338,rest,2,-47,-2,-2,1,-1,2,2
19.733664,2339,rest,15,27,2,1,0,-1,0,0
19.746056,2340,rest,-19,10,-2,-1,-3,-1,-2,-17
19.746081,2341,rest,33,-34,0,-1,-1,-1,-4,0
19.747364,2342,rest,-8,22,0,-2,0,-1,-3,4
19.747374,2343,rest,24,16,1,0,-1,-1,-2,-4
19.768663,2344,rest,-37,-39,-5,-6,-6,-1,-3,-6
19.768687,2345,rest,11,11,-1,4,-1,0,0,-5
19.769340,2346,rest,-1,18,-1,-3,-4,-1,-1,1
19.769353,2347,rest,19,4,2,-1,-3,-1,-1,1
19.791224,2348,rest,-18,12,-1,-3,-3,-1,3,3
19.791261,2349,rest,9,-5,-2,5,22,1,-1,-4
19.792614,2350,rest,-14,-9,-2,-3,-13,-1,-3,-11
19.792623,2351,rest,17,-1,-1,-2,-3,1,-1,2
19.809379,2352,rest,-29,0,-3,0,-1,-3,1,2
19.809387,2353,rest,5,22,1,-3,2,0,-3,14
19.809390,2354,rest,-1,-54,-2,-3,0,-1,-1,3
19.809393,2355,rest,-46,-3,1,0,2,-2,-1,-37
19.828704,2356,rest,38,-25,-2,-2,-1,-1,-2,-2
19.828721,2357,rest,-33,13,1,-1,-9,-1,-5,-11
19.829359,2358,rest,19,10,-3,-2,3,-1,-1,2
19.829376,2359,rest,-14,-7,7,2,-4,-1,-6,47
19.851143,2360,rest,32,36,2,2,5,1,-5,9
19.851161,2361,rest,10,-45,-2,-1,-9,-1,-1,-7
19.853773,2362,rest,-2,-2,0,1,-1,-1,1,8
19.853782,2363,rest,16,28,-7,-1,8,-2,1,-6
19.866123,2364,rest,8,-10,-1,0,-9,2,0,-4
19.866141,2365,rest,26,18,1,2,-4,-2,1,6
19.867730,2366,rest,-19,-9,0,-3,-5,0,0,-8
19.867739,2367,rest,26,11,0,-3,0,0,2,-1
19.889242,2368,rest,-30,-22,-3,5,0,-1,0,-2
19.889251,2369,rest,12,0,-3,-2,-4,-2,-2,-18
19.889413,2370,rest,-2,30,1,1,4,1,-1,0
19.889431,2371,rest,-6,-55,-2,-1,-6,-1,0,-2
19.911399,2372,rest,41,11,0,-3,-1,-2,-1,3
19.911423,2373,rest,-67,7,0,-1,-1,-1,0,-7
19.914177,2374,rest,15,6,-2,-1,27,1,-2,-3
19.914184,2375,rest,-8,-24,3,-1,-6,0,-1,2
19.926104,2376,rest,-3,13,0,-1,2,-2,1,-2
19.926129,2377,rest,3,-10,-3,-3,-6,-1,-1,0
19.928771,2378,rest,2,18,3,0,1,-3,-2,-2
19.928779,2379,rest,-2,14,-4,-4,-1,-2,0,-5
19.948836,2380,rest,-13,-26,-5,-3,-1,-3,-1,-35
19.948873,2381,rest,13,6,-4,-2,2,-2,0,-9
19.951300,2382,rest,-7,-28,-5,-4,2,-5,-3,-4
19.951309,2383,rest,-6,0,0,-3,2,1,1,-4
19.971101,2384,rest,16,17,-3,-1,-6,-1,-3,2
19.971118,2385,rest,5,14,-1,-1,-5,-1,2,21
19.972146,2386,rest,13,25,4,4,-5,-1,-9,-3
19.972167,2387,rest,-43,-20,-6,-3,-4,-1,-1,-3
19.985718,2388,rest,9,18,0,-1,8,-1,2,13
19.985742,2389,rest,15,7,-1,-4,-1,0,1,-6
19.993608,2390,rest,0,-37,-4,-3,-8,1,2,6
19.993627,2391,rest,24,15,3,2,-2,0,-2,1
20.008737,2392,rest,-17,1,-1,-2,-3,-1,-2,-4
20.008763,2393,rest,-13,3,0,0,0,-2,-3,-5
20.010511,2394,rest,2,18,-3,-2,-12,-2,0,-3
20.010520,2395,rest,11,-4,-1,0,1,-2,-2,-4
20.031123,2396,rest,-82,-31,-3,-3,1,-2,-1,-5
20.031153,2397,rest,20,-16,1,-1,-3,-1,-2,2
20.031751,2398,rest,-14,13,-3,-1,0,-2,-1,1
20.031867,2399,rest,-5,-35,-5,0,0,0,-1,-1
22.056339,2400,clench,-22,-41,-17,-6,0,-17,-24,6
22.056495,2401,clench,9,-9,-3,-4,-12,-26,10,16
22.063651,2402,clench,47,70,49,2,-1,44,38,-43
22.063672,2403,clench,29,-40,-25,-6,9,-33,-78,11
22.079386,2404,clench,-62,21,-8,1,-4,-6,-13,-24
22.079469,2405,clench,18,4,40,1,13,5,16,-22
22.081370,2406,clench,-22,-28,-17,-2,5,6,11,18
22.081383,2407,clench,-19,20,-13,-3,-1,-19,-24,-29
22.094286,2408,clench,-4,61,20,3,3,-1,7,17
22.094308,2409,clench,3,-64,-9,3,-12,-7,-2,0
22.095789,2410,clench,-1,-25,-3,-2,14,21,-38,-36
22.095803,2411,clench,7,-41,5,-1,-21,-24,23,9
22.116802,2412,clench,14,-80,-9,-2,-2,-7,-8,13
22.116829,2413,clench,5,38,10,-1,-22,16,-31,2
22.118417,2414,clench,-19,29,-17,-2,8,8,11,7
22.118509,2415,clench,-3,-51,-17,-4,1,-37,-6,8
22.130590,2416,clench,30,-83,-3,-2,-2,-5,-43,-13
22.130616,2417,clench,-2,76,-3,-3,1,1,40,-2
22.140072,2418,clench,9,-88,-6,-2,26,-6,7,17
22.140085,2419,clench,-13,14,31,-4,-3,4,25,-23
22.154467,2420,clench,30,10,-10,-5,-1,6,-22,1
22.154869,2421,clench,-7,-6,1,-2,-28,2,-3,-17
22.155968,2422,clench,-30,-66,-19,1,10,-10,1,-22
22.155989,2423,clench,27,15,-6,3,-1,7,3,1
22.176684,2424,clench,-12,29,-1,0,2,9,11,2
22.176710,2425,clench,12,-38,-2,-3,-7,2,-11,-7
22.179093,2426,clench,-28,4,18,3,-7,-15,-10,15
22.179099,2427,clench,-3,-95,-10,4,2,19,15,7
22.199506,2428,clench,-9,64,22,5,10,5,30,20
22.199545,2429,clench,-64,13,1,4,14,6,-11,8
22.200973,2430,clench,5,-3,-2,2,-2,-9,-19,-14
22.200990,2431,clench,34,-97,-48,-13,2,2,-10,-13
22.214248,2432,clench,-3,73,35,-1,0,-5,1,9
22.214265,2433,clench,22,8,19,-2,5,21,56,20
22.215798,2434,clench,-3,11,6,-4,-14,-4,-59,17
22.215822,2435,clench,-33,-21,-8,-3,32,6,-27,-25
22.236860,2436,clench,-17,-103,-108,-15,-25,-55,-14,-13
22.236879,2437,clench,102,67,78,16,-13,48,66,-11
22.238895,2438,clench,-43,-75,-13,-13,-7,5,2,47
22.238903,2439,clench,6,-9,-8,3,-3,-11,-11,0
22.259305,2440,clench,10,-63,-19,0,-13,-11,-4,-52
22.259312,2441,clench,13,8,-22,-5,6,-15,-25,34
22.260606,2442,clench,-11,18,4,0,-8,7,22,-6
22.260622,2443,clench,18,20,2,3,1,-5,-9,-5
22.275558,2444,clench,-27,42,21,1,2,6,3,3
22.275564,2445,clench,-6,-27,-18,-6,-7,-6,-18,-6
22.275867,2446,clench,32,49,35,4,6,7,23,0
22.275882,2447,clench,-21,-14,-16,3,0,-12,-29,-3
22.296837,2448,clench,4,68,19,10,14,6,-12,10
22.296861,2449,clench,-16,-35,-18,-16,-14,-15,29,-10
22.298687,2450,clench,-7,50,-13,-3,35,30,-22,37
22.298692,2451,clench,43,17,35,-1,-63,3,28,-38
22.319244,2452,clench,6,-67,-9,-3,11,6,-13,10
22.319268,2453,clench,-14,-22,-5,3,-5,-15,-33,4
22.321073,2454,clench,-13,-20,-15,-1,26,-10,10,-19
22.321078,2455,clench,3,-10,-23,-1,-4,-4,14,18
22.333959,2456,clench,-33,41,35,3,8,21,3,-17
22.333992,2457,clench,-7,-16,-17,-6,-5,-14,-8,-3
22.340440,2458,clench,27,-5,11,4,-14,1,8,-5
22.340472,2459,clench,-11,7,-6,-2,6,-4,-16,5
22.356775,2460,clench,-4,-103,2,-1,1,-3,17,-1
22.356800,2461,clench,0,96,14,2,9,-3,-14,10
22.358404,2462,clench,2,-1,0,2,-17,-1,6,-6
22.358429,2463,clench,2,-6,4,-8,1,1,0,35
22.379307,2464,clench,-1,15,-20,-6,-21,-4,57,15
22.379333,2465,clench,-20,-115,-43,2,22,-25,-27,21
22.380849,2466,clench,34,97,66,-5,-8,41,20,-25
22.380910,2467,clench,2,-9,-15,-7,19,-1,-18,-15
22.393667,2468,clench,24,-23,-8,2,-6,0,-12,-5
22.393693,2469,clench,-26,13,22,3,-23,-3,3,-7
22.400463,2470,clench,9,-34,-21,-1,16,-29,8,3
22.400487,2471,clench,4,0,-4,2,12,1,-10,11
22.418422,2472,clench,10,8,18,-7,0,9,7,-14
22.418432,2473,clench,-21,-26,-21,14,9,-7,-35,-18
22.418436,2474,clench,6,18,25,3,-16,-2,20,5
22.418438,2475,clench,18,39,23,-1,-9,0,-37,-6
22.439300,2476,clench,-15,-25,-21,5,15,2,22,9
22.439321,2477,clench,29,74,8,-16,0,4,3,-31
22.440902,2478,clench,-14,-39,-22,1,-15,6,-11,11
22.440913,2479,clench,-26,-20,-4,-3,-7,-10,18,-9
22.453808,2480,clench,-9,13,4,12,6,-26,-27,4
22.453830,2481,clench,3,-18,0,-7,18,30,5,-3
22.460449,2482,clench,5,-12,-9,-1,-18,-8,13,-2
22.460472,2483,clench,-21,10,0,-3,2,3,-4,3
22.476841,2484,clench,37,-76,-31,-4,-11,-36,-52,-6
22.476863,2485,clench,-9,104,51,8,5,41,31,10
22.479058,2486,clench,19,-10,-13,-1,5,-8,30,34
22.479066,2487,clench,0,-31,2,4,-7,1,-8,-11
22.499485,2488,clench,15,15,10,-3,3,-2,0,1
22.499566,2489,clench,-18,-66,-14,3,7,-11,-17,-14
22.500872,2490,clench,-7,63,-7,-5,-21,-11,13,-5
22.500896,2491,clench,6,9,4,-3,8,9,-38,-11
22.513635,2492,clench,-19,1,8,-6,-16,7,8,6
22.513684,2493,clench,4,-35,-26,-1,28,-27,-21,30
22.520619,2494,clench,-34,12,61,15,-18,7,45,11
22.520650,2495,clench,42,-5,-14,-1,-26,-5,21,-16
22.537075,2496,clench,-20,15,5,-4,-12,3,-21,-28
22.539045,2497,clench,21,-105,-19,4,14,-4,27,4
22.539053,2498,clench,44,32,0,-15,13,1,-36,27
22.539055,2499,clench,-80,-10,1,-1,-13,-6,-17,16
22.559270,2500,clench,20,30,15,-1,-7,13,27,18
22.559322,2501,clench,-7,-39,-12,-3,-8,-18,-3,-24
22.560795,2502,clench,10,-36,-31,1,12,-3,-24,-17
22.560809,2503,clench,-23,63,13,6,16,-1,8,-8
22.582837,2504,clench,-1,-13,-12,-3,5,7,23,15
22.585795,2505,clench,-13,98,-1,-1,-19,-3,-59,-16
22.585803,2506,clench,5,-38,-4,-4,10,-1,-11,-2
22.585805,2507,clench,8,-21,-13,0,-12,3,4,-3
22.596859,2508,clench,6,-4,-2,-3,14,-7,5,1
22.596876,2509,clench,-9,63,7,-6,-33,3,9,0
22.598324,2510,clench,1,-21,-13,12,1,3,-13,-4
22.598367,2511,clench,9,-15,-10,7,48,-14,-22,-15
22.619844,2512,clench,-77,-9,-10,5,-1,0,50,30
22.619854,2513,clench,38,50,19,-13,-16,-7,0,16
22.620827,2514,clench,-14,-28,9,3,-5,19,2,12
22.620845,2515,clench,9,-17,9,-7,-21,-3,13,4
22.633681,2516,clench,5,23,7,3,25,1,-25,-34
22.633719,2517,clench,-16,-64,-13,-9,-19,-5,0,3
22.640457,2518,clench,-22,-26,-37,-4,-1,-30,-1,-3
22.640477,2519,clench,-12,84,62,14,13,-7,20,-4
22.656763,2520,clench,19,-13,22,-6,-10,39,3,0
22.656791,2521,clench,27,-22,-7,-1,-2,-8,4,1
22.659149,2522,clench,32,-8,-7,-6,4,6,-14,-22
22.659157,2523,clench,7,-57,-25,2,-7,-11,0,2
22.678311,2524,clench,-5,-23,-6,2,-2,-8,-20,-5
22.678334,2525,clench,-62,64,22,0,7,8,14,4
22.687470,2526,clench,1,-17,-6,-3,-23,-11,-14,-17
22.687476,2527,clench,20,8,-9,-7,27,7,-4,9
22.692782,2528,clench,5,-42,-9,1,-8,-12,12,-7
22.692807,2529,clench,39,45,31,9,6,8,-28,-11
22.701787,2530,clench,-36,-3,-8,-2,50,6,6,11
22.701812,2531,clench,-14,-25,-17,-8,-26,-17,30,38
22.716715,2532,clench,40,34,16,-3,-3,25,7,0
22.716739,2533,clench,-21,-91,-32,8,0,-31,-46,-22
22.718413,2534,clench,-22,61,7,-18,-27,2,30,-1
22.718433,2535,clench,19,-70,11,2,2,18,1,-16
22.739784,2536,clench,0,52,13,4,5,-16,-22,13
22.739809,2537,clench,2,53,-7,-2,-8,8,17,-10
22.745527,2538,clench,14,-16,0,3,-12,-14,-25,3
22.745587,2539,clench,-14,-24,-24,2,15,3,-2,-3
22.752827,2540,clench,-5,-2,-4,-16,-11,3,8,-3
22.752845,2541,clench,-32,-50,-3,8,9,-6,-4,-1
22.762031,2542,clench,-9,30,-24,-4,-1,-5,6,-20
22.762036,2543,clench,18,26,12,-5,-6,17,-4,0
22.776615,2544,clench,1,-10,-5,2,6,-7,-17,-8
22.776630,2545,clench,-4,6,7,1,16,3,16,10
22.778238,2546,clench,-2,-33,-10,-5,-39,-4,-2,30
22.778262,2547,clench,-17,-6,-11,-4,-5,-2,-13,-5
22.799492,2548,clench,-28,-11,-55,-3,-3,-51,-23,-28
22.799510,2549,clench,61,-30,27,-10,-15,67,82,36
22.802007,2550,clench,10,-69,6,2,4,-4,-9,0
22.802015,2551,clench,-24,-3,7,0,-14,-3,4,-6
22.813086,2552,clench,-19,-25,-22,7,14,-28,-46,33
22.813104,2553,clench,-6,-43,-12,-11,-1,22,2,-24
22.822047,2554,clench,25,1,3,-3,26,-1,6,-16
22.822052,2555,clench,1,14,-8,1,-16,1,-7,26
22.838327,2556,clench,17,33,14,-6,6,3,12,-8
22.838340,2557,clench,-28,-13,-8,16,5,-14,-4,1
22.838392,2558,clench,24,16,12,0,5,6,-11,-3
22.838434,2559,clench,14,-50,-34,-6,-1,-13,-8,-17
22.859378,2560,clench,-11,-33,-3,3,-6,15,21,9
22.859398,2561,clench,3,22,30,-6,-16,-16,-3,6
22.862183,2562,clench,-2,-57,-13,-5,-5,1,-2,-12
22.862188,2563,clench,-10,24,2,0,-4,-11,-8,-39
22.873001,2564,clench,-8,32,-20,2,6,-2,-24,-6
22.873034,2565,clench,24,-37,-3,-9,-2,31,50,29
22.883959,2566,clench,-24,-6,-1,4,6,-9,-7,-2
22.883968,2567,clench,14,-14,-6,-10,-15,1,8,-16
22.896973,2568,clench,-9,3,20,-9,-27,-2,-25,-8
22.897001,2569,clench,8,-11,-17,8,43,-18,-9,-23
22.899586,2570,clench,-32,15,8,1,7,5,4,1
22.899595,2571,clench,16,-16,-1,3,12,3,27,20
22.919314,2572,clench,5,23,24,9,8,10,-14,-31
22.919338,2573,clench,-3,78,17,-3,-26,-16,14,-16
22.920742,2574,clench,30,-27,-20,-4,-1,9,-8,18
22.920763,2575,clench,-30,-13,11,2,3,-13,-6,5
22.932974,2576,clench,21,83,22,3,8,22,18,1
22.932997,2577,clench,-12,-28,-22,-5,1,-5,-7,24
22.943155,2578,clench,-5,13,7,1,-3,-4,-21,-18
22.943164,2579,clench,-5,-47,-12,3,11,-11,-5,6
22.956916,2580,clench,-44,54,-1,13,1,-40,3,-29
22.956941,2581,clench,-4,-39,0,-26,-10,78,18,-14
22.958316,2582,clench,-40,-36,-8,1,-4,-19,-13,-29
22.958379,2583,clench,24,19,8,-1,0,13,1,14
22.979196,2584,clench,22,-71,-15,-1,2,-9,-2,7
22.979220,2585,clench,-4,-6,-11,8,7,-29,-24,5
22.980808,2586,clench,-3,20,11,-2,-8,6,10,-1
22.980836,2587,clench,-16,11,-14,-5,-2,-1,-6,-18
22.992883,2588,clench,-3,-112,-58,-3,46,10,-21,6
22.992901,2589,clench,29,81,83,2,-31,-7,23,13
23.003389,2590,clench,7,-54,-5,-6,-9,7,13,18
23.003397,2591,clench,-21,3,4,-5,-5,-8,-20,-2
23.016733,2592,clench,6,-44,3,6,1,18,20,9
23.016749,2593,clench,6,-27,-35,3,9,-10,-36,-12
23.018284,2594,clench,22,13,2,4,-6,-11,-5,-1
23.018324,2595,clench,19,26,14,4,15,8,8,4
23.040485,2596,clench,-60,-7,19,-7,-27,9,8,-1
23.040496,2597,clench,-13,-128,-125,2,0,-68,-61,-20
23.040774,2598,clench,14,127,116,30,37,47,47,-14
23.040788,2599,clench,25,45,36,0,-21,52,52,26
23.052961,2600,clench,29,-20,13,-9,-12,-5,-3,18
23.053023,2601,clench,-6,-48,-13,-5,-9,-6,-7,9
23.063358,2602,clench,-23,-83,-63,-6,-2,-42,-34,-32
23.063368,2603,clench,9,4,-9,1,15,-7,-10,6
23.076777,2604,clench,12,24,21,1,-8,18,16,9
23.076797,2605,clench,-24,15,9,-1,32,-7,6,-6
23.078893,2606,clench,-33,-5,-14,-4,-7,3,-17,10
23.078900,2607,clench,-13,19,5,-3,-5,-3,-2,-14
23.099506,2608,clench,28,17,0,-4,-9,-3,3,-2
23.099525,2609,clench,-6,10,3,1,-3,-6,-9,-4
23.101024,2610,clench,15,-27,-4,-1,1,-1,7,6
23.101029,2611,clench,-13,40,-6,-4,-7,-5,2,-10
23.113102,2612,clench,4,-23,3,-6,-18,-8,5,22
23.113126,2613,clench,5,19,14,4,5,12,-4,-11
23.122177,2614,clench,10,3,-3,-8,-6,7,4,-1
23.122182,2615,clench,-10,-38,-21,0,-8,-21,-23,-12
23.136802,2616,clench,1,5,4,1,5,2,5,9
23.136824,2617,clench,-20,-69,-60,2,10,-33,-40,7
23.138263,2618,clench,-32,93,89,10,-9,-3,29,31
23.138281,2619,clench,37,-30,3,-12,-22,54,18,23
23.159320,2620,clench,-3,-14,-7,-10,-5,-13,-11,4
23.159337,2621,clench,38,-47,0,-6,-4,12,7,6
23.160772,2622,clench,-46,-72,-56,-3,-20,-36,-26,-13
23.160805,2623,clench,-32,-7,-4,3,38,-17,-10,-13
23.182798,2624,clench,2,18,23,5,5,21,21,13
23.182806,2625,clench,8,-77,-16,-6,-47,-19,-24,-5
23.183334,2626,clench,9,24,-49,3,21,-10,50,-55
23.183374,2627,clench,30,99,51,1,1,38,-3,17
23.198456,2628,clench,-22,-71,-36,-8,-6,-3,-12,-3
23.198464,2629,clench,-9,22,19,2,10,4,13,3
23.198468,2630,clench,26,-49,-33,-13,-1,0,-18,1
23.198471,2631,clench,16,-50,-21,0,-9,-19,-21,-1
23.219404,2632,clench,-5,33,5,4,11,-6,9,-34
23.219425,2633,clench,-2,37,10,-3,1,8,4,-16
23.220978,2634,clench,2,-4,11,2,-3,17,-3,11
23.220986,2635,clench,-5,-113,-54,-3,11,-48,-28,13
23.242458,2636,clench,-17,112,92,19,-17,-5,6,4
23.242463,2637,clench,11,28,21,-16,-2,66,60,-9
23.243290,2638,clench,49,-15,-15,-8,4,-13,-49,9
23.243299,2639,clench,-69,-28,-2,0,0,-2,10,-20
23.256797,2640,clench,17,-50,-45,-2,3,-26,-31,6
23.256817,2641,clench,-7,23,9,9,5,-4,2,8
23.259257,2642,clench,8,13,15,-4,5,14,11,-3
23.259264,2643,clench,23,-7,-18,8,2,-15,-13,0
23.279290,2644,clench,22,-4,-4,-5,-3,10,11,-4
23.279316,2645,clench,-14,-43,-12,10,17,-7,-2,-1
23.280660,2646,clench,-1,82,11,-17,-17,4,19,-8
23.280690,2647,clench,46,-70,36,2,14,13,24,-29
23.301785,2648,clench,22,8,-12,-6,-36,10,6,-8
23.301808,2649,clench,-43,-1,14,0,-1,-9,-13,-22
23.303740,2650,clench,29,-65,-36,-3,5,-13,-28,-8
23.303763,2651,clench,-21,18,-14,-2,-14,-5,5,2
23.316242,2652,clench,19,6,6,-4,12,8,14,0
23.316268,2653,clench,14,6,-10,-1,10,-12,-20,-1
23.322914,2654,clench,-13,5,1,4,-13,6,5,12
23.322943,2655,clench,-12,48,7,0,0,-6,-5,-5
23.340963,2656,clench,-2,-30,-17,-2,19,9,-9,-7
23.340989,2657,clench,-11,38,7,0,-11,-16,-5,9
23.342302,2658,clench,-22,-16,3,5,2,-2,-13,-7
23.342327,2659,clench,-8,4,3,-8,-17,-2,20,9
23.361641,2660,clench,-13,-99,-46,-22,3,-6,-54,12
23.361670,2661,clench,84,120,66,3,-30,2,-10,-28
23.363254,2662,clench,-74,-106,23,3,-9,24,48,38
23.363297,2663,clench,-7,50,-20,6,23,-18,-28,21
23.376165,2664,clench,-4,-22,6,5,12,-5,22,25
23.376185,2665,clench,6,6,-11,-4,5,-6,-15,9
23.383019,2666,clench,61,-11,-16,-4,-1,-10,-26,-8
23.383046,2667,clench,-9,8,6,0,-11,-5,-2,-2
23.401642,2668,clench,-26,-7,-15,4,1,1,13,-5
23.401651,2669,clench,-8,39,-60,-15,-5,-13,-3,11
23.401654,2670,clench,-3,-12,44,2,27,9,22,17
23.401656,2671,clench,12,-56,-27,-9,-4,22,-7,-12
23.421859,2672,clench,-32,24,6,3,2,-2,4,-26
23.421878,2673,clench,10,-58,-28,-4,-19,-4,-1,-4
23.423408,2674,clench,15,7,-11,1,-7,-11,-13,8
23.423433,2675,clench,-3,33,12,5,-6,-3,7,-2
23.436229,2676,clench,2,-61,-11,-1,-8,5,-13,4
23.436251,2677,clench,-33,-48,20,9,18,2,-32,38
23.442830,2678,clench,1,114,6,1,-27,-15,47,16
23.442852,2679,clench,47,-14,15,0,22,-2,2,20
23.459149,2680,clench,20,2,21,7,-10,25,-26,-39
23.459172,2681,clench,-4,-64,-14,-5,6,-2,10,4
23.460776,2682,clench,-20,-3,-18,-6,2,3,-24,-10
23.460882,2683,clench,-19,-27,-9,3,3,-17,-20,0
23.481893,2684,clench,-20,1,12,1,1,0,44,2
23.481924,2685,clench,13,-9,-7,-2,-2,-4,21,-22
23.483339,2686,clench,7,-37,-12,-4,13,7,-14,0
23.485073,2687,clench,-18,83,-16,-8,-14,-7,-12,-30
23.496026,2688,clench,45,-32,-26,-2,21,-7,-11,-1
23.496049,2689,clench,-13,12,52,10,-3,10,-14,6
23.503115,2690,clench,-4,-18,-2,1,-27,0,13,9
23.503145,2691,clench,0,-47,-17,-12,-21,10,28,-21
23.519395,2692,clench,27,-36,-17,-7,34,5,-33,-17
23.519419,2693,clench,-20,43,-3,0,3,-4,13,-6
23.521614,2694,clench,12,-16,-3,6,16,-4,-23,26
23.521621,2695,clench,42,-22,2,4,-7,0,-6,-4
23.541689,2696,clench,-56,27,8,-6,-17,-10,19,2
23.541713,2697,clench,-41,-74,-12,-5,-4,-7,-1,-1
23.543121,2698,clench,-5,79,8,1,3,6,-11,-25
23.543138,2699,clench,5,3,23,-1,2,-8,6,27
23.556675,2700,clench,-30,-33,11,23,-1,-10,-2,3
23.556717,2701,clench,34,64,5,-11,-12,4,-3,2
23.563022,2702,clench,-3,-33,-10,2,18,20,-18,-4
23.563057,2703,clench,-5,1,1,0,-15,-17,-30,-24
23.579184,2704,clench,28,18,7,-5,-2,-4,28,19
23.579203,2705,clench,29,-38,-7,-1,-4,11,9,23
23.580834,2706,clench,-52,-55,-12,-4,21,-1,-5,-51
23.580846,2707,clench,-13,5,-1,1,-40,-9,-3,7
23.602703,2708,clench,12,48,10,-1,10,2,-25,13
23.602709,2709,clench,-13,-12,3,6,10,-4,16,3
23.603279,2710,clench,22,5,-42,-4,10,-10,17,15
23.603302,2711,clench,0,-31,36,2,-4,7,-30,2
23.615695,2712,clench,-44,51,16,1,-10,5,23,3
23.615732,2713,clench,15,0,-3,-13,-13,-1,-13,-18
23.624269,2714,clench,-12,-44,-24,6,-12,-15,-9,-8
23.624298,2715,clench,-37,-2,-25,2,23,6,39,9
23.639362,2716,clench,5,-4,-9,-8,-18,-6,-4,-5
23.639383,2717,clench,2,-9,15,1,23,2,8,-13
23.640998,2718,clench,-15,-29,-1,5,0,0,-37,-14
23.641018,2719,clench,4,-11,-16,-12,-13,-5,13,1
23.661883,2720,clench,-28,66,37,-7,-16,3,11,12
23.661909,2721,clench,31,9,-3,4,2,-17,-5,12
23.663300,2722,clench,11,4,8,-6,18,-9,1,1
23.663381,2723,clench,-18,-39,-13,4,8,32,4,30
23.675393,2724,clench,29,-42,-19,-5,-12,-5,28,-16
23.675411,2725,clench,-18,-59,-50,-12,-15,-9,-21,-13
23.692190,2726,clench,11,47,72,16,-3,1,44,42
23.692195,2727,clench,-21,78,12,1,37,1,-18,-39
23.699289,2728,clench,37,-1,-5,-5,-37,-4,-10,0
23.699306,2729,clench,-73,13,-4,-7,-2,6,3,-7
23.700734,2730,clench,18,-9,-8,6,-1,2,-1,-7
23.700763,2731,clench,-41,-63,-6,-2,0,-18,7,18
23.721802,2732,clench,17,73,9,2,10,-3,-13,-5
23.721892,2733,clench,-5,-5,15,12,4,9,11,3
23.723673,2734,clench,12,113,-11,-15,-21,2,-2,-11
23.723685,2735,clench,4,-3,0,-5,-41,-24,-11,-10
23.735741,2736,clench,-25,-12,-10,8,43,14,6,15
23.737368,2737,clench,6,-13,-4,-2,-5,4,5,-2
23.746272,2738,clench,1,-34,-10,-13,-16,-18,-18,17
23.746279,2739,clench,29,-23,0,-3,3,26,10,-42
23.761301,2740,clench,6,36,-17,2,8,-13,-16,6
23.761307,2741,clench,3,60,20,6,-5,0,-6,-2
23.761309,2742,clench,3,0,-4,-1,5,6,16,2
23.761311,2743,clench,-39,13,-15,2,20,-34,-15,-4
23.782102,2744,clench,39,-47,8,-1,-6,22,-19,27
23.782131,2745,clench,10,-68,-19,-4,10,-2,-1,1
23.785190,2746,clench,-18,19,10,-3,-18,0,6,-21
23.785197,2747,clench,16,-4,23,7,6,-2,0,5
23.795860,2748,clench,-14,-51,-18,-7,12,-3,-26,-9
23.795882,2749,clench,30,64,13,2,15,4,4,-7
23.805156,2750,clench,-21,-55,-22,-1,-24,-11,-39,-25
23.805162,2751,clench,0,-19,3,-6,-13,19,53,19
23.819305,2752,clench,-2,-9,-21,-1,-11,-6,7,-22
23.819329,2753,clench,-13,9,11,-1,-8,-6,-6,-7
23.821275,2754,clench,9,31,-8,-9,-4,-3,-13,-7
23.821284,2755,clench,23,-5,-4,9,23,2,1,9
23.841698,2756,clench,-47,81,17,-3,-27,-18,-25,-16
23.841717,2757,clench,14,-23,-9,-5,-5,16,21,15
23.843234,2758,clench,9,-15,4,1,13,4,4,-12
23.843253,2759,clench,-53,-4,-15,-4,-3,-1,-13,-1
23.855931,2760,clench,42,-35,-6,-10,-3,1,12,6
23.855940,2761,clench,-1,-17,6,19,6,-8,-5,-1
23.865979,2762,clench,-8,38,10,0,-1,9,4,-8
23.865986,2763,clench,19,-65,-6,1,4,-12,-12,16
23.879270,2764,clench,-6,41,23,4,9,-4,5,-2
23.879296,2765,clench,-29,24,2,-6,-11,15,-7,-11
23.880971,2766,clench,18,-57,-8,-4,-53,-9,7,22
23.880976,2767,clench,1,13,-2,2,64,6,-42,0
23.902115,2768,clench,-12,-42,0,-4,-8,-7,34,11
23.902119,2769,clench,-2,8,-4,0,5,-2,-9,3
23.903811,2770,clench,3,-53,5,4,11,-12,-3,22
23.903831,2771,clench,29,127,33,-6,-30,-15,-20,13
23.915689,2772,clench,20,-31,8,-5,8,39,18,-5
23.918245,2773,clench,-29,-33,-14,0,4,-5,14,-17
23.924884,2774,clench,12,-18,3,-2,8,0,-15,6
23.924891,2775,clench,7,-24,-14,-4,-11,-3,6,-12
23.939214,2776,clench,-14,-82,-14,3,12,-24,-6,-10
23.939232,2777,clench,11,68,2,3,-48,1,-7,57
23.940832,2778,clench,-39,2,-11,1,24,21,-2,-22
23.940875,2779,clench,18,-14,-5,0,1,10,5,-1
23.961802,2780,clench,-18,21,5,-4,-23,-8,-9,-9
23.961830,2781,clench,19,-20,-6,-4,2,-13,14,2
23.963476,2782,clench,13,-10,6,2,46,16,-6,-18
23.963482,2783,clench,-6,4,-9,2,-22,-1,15,-10
23.975340,2784,clench,-8,14,-6,-6,4,0,-15,-2
23.975362,2785,clench,13,-45,7,2,4,-8,2,7
23.985229,2786,clench,-26,96,6,-7,-15,-3,14,-14
23.985234,2787,clench,-20,-8,18,2,6,-4,-11,-22
23.999351,2788,clench,11,12,-14,8,4,-14,-18,-3
23.999379,2789,clench,-17,-105,-5,0,4,13,30,-1
24.000727,2790,clench,33,44,36,-1,10,19,-13,-5
24.000748,2791,clench,3,15,-10,-9,-15,-7,-4,4
24.021718,2792,clench,-16,-10,-16,-2,0,-2,-8,-2
24.021742,2793,clench,7,7,-5,-2,24,-14,-7,-9
24.023357,2794,clench,-11,-85,-9,0,-34,-9,-4,-5
24.023369,2795,clench,-6,-45,-10,4,25,-2,4,-7
24.035417,2796,clench,6,65,5,-5,-34,-7,17,33
24.035440,2797,clench,5,41,21,0,32,20,2,-8
24.044688,2798,clench,0,-11,-11,-5,-1,-7,10,16
24.044694,2799,clench,-32,-14,0,-5,-24,-4,-11,-17
24.061290,2800,clench,5,-30,-9,2,10,-2,2,-11
24.061320,2801,clench,-16,-99,-30,-3,-2,-9,-31,-8
24.061324,2802,clench,-11,106,33,3,-6,10,44,12
24.061325,2803,clench,38,-33,-11,-3,-13,-2,26,13
24.082010,2804,clench,-12,-23,3,3,11,4,-32,5
24.082037,2805,clench,6,15,3,-6,-10,-9,36,33
24.083803,2806,clench,1,-43,-13,-6,-1,1,-19,-27
24.083811,2807,clench,-7,7,1,8,-15,8,-13,-3
24.104395,2808,clench,25,-25,13,-1,-3,-4,-2,-13
24.104421,2809,clench,-16,85,15,4,-6,-26,-26,-5
24.106898,2810,clench,38,-31,-31,-10,23,30,20,12
24.106907,2811,clench,5,-26,16,1,-5,0,11,23
24.118772,2812,clench,21,-4,-1,1,7,6,4,-7
24.118796,2813,clench,-13,-43,-7,1,8,3,-32,26
24.125358,2814,clench,0,12,3,5,-14,-29,-13,-14
24.125377,2815,clench,-5,51,-16,-1,14,7,-17,-14
24.141606,2816,clench,5,-6,-7,-1,-19,-7,45,-1
24.141630,2817,clench,0,-15,22,-5,-21,16,-13,-44
24.143240,2818,clench,-21,-30,-17,-3,21,-2,0,30
24.143258,2819,clench,-9,-1,-2,-11,0,2,0,8
24.164254,2820,clench,-2,19,6,12,17,-11,-17,-15
24.165761,2821,clench,-6,35,-2,-3,-25,-3,6,-24
24.166002,2822,clench,-34,35,-1,7,-3,-11,-22,-7
24.166065,2823,clench,25,-83,-20,3,1,-2,5,-5
24.179217,2824,clench,-15,-62,-6,-12,12,-23,-10,13
24.179240,2825,clench,3,87,50,2,-21,47,9,-19
24.180933,2826,clench,22,-19,-13,1,-8,-1,5,16
24.180943,2827,clench,-16,-40,-2,-4,-6,-10,19,-13
24.201974,2828,clench,4,-37,-30,-7,12,1,-32,6
24.201981,2829,clench,-5,-15,-11,0,1,-20,-10,-28
24.203295,2830,clench,-12,-15,6,4,-28,-22,-11,2
24.203320,2831,clench,-12,66,17,-5,14,15,-15,-13
24.224242,2832,clench,7,18,11,-3,-3,14,19,-4
24.225829,2833,clench,25,11,-8,-2,5,-10,-3,22
24.225840,2834,clench,-27,-42,4,0,-1,0,8,-9
24.225842,2835,clench,-12,39,-7,-2,38,-12,-30,2
24.239202,2836,clench,-5,11,32,7,-30,15,18,-10
24.239220,2837,clench,58,0,-6,2,4,0,4,-7
24.240717,2838,clench,-4,-22,-5,-4,1,-3,1,-4
24.240743,2839,clench,-9,-28,-7,-3,-10,-9,-4,9
24.261924,2840,clench,-18,14,2,2,26,6,8,0
24.261950,2841,clench,-37,-28,-14,1,10,-10,-25,-7
24.264183,2842,clench,23,40,4,-3,-3,6,26,17
24.264190,2843,clench,-10,-6,10,3,-28,-6,3,2
24.284283,2844,clench,-9,38,8,-1,23,16,-23,-29
24.284305,2845,clench,-34,-36,-3,-3,0,-13,-5,18
24.285631,2846,clench,12,-67,-37,-3,22,-9,-30,-18
24.285647,2847,clench,34,81,24,-6,-1,19,26,-21
24.298510,2848,clench,0,11,0,-3,-23,-13,-4,11
24.298562,2849,clench,-19,-13,-15,8,22,-9,10,-7
24.305507,2850,clench,4,-11,-3,-8,-27,-10,-31,-20
24.305533,2851,clench,-4,-41,-11,9,1,-8,-10,7
24.321796,2852,clench,-6,43,11,-8,-13,7,63,10
24.321815,2853,clench,16,-18,-2,-6,7,15,-41,-1
24.323777,2854,clench,8,31,6,2,-12,-7,23,-13
24.323785,2855,clench,10,0,1,1,6,1,-10,5
24.343918,2856,clench,-31,-6,-2,3,12,-11,-7,-4
24.343935,2857,clench,22,12,-8,0,-37,-18,15,11
24.350482,2858,clench,-23,-47,7,-1,30,23,-21,1
24.350510,2859,clench,24,52,-10,-5,-9,-10,-9,-22
24.358429,2860,clench,5,-50,-8,-2,7,4,-16,13
24.358447,2861,clench,-5,32,27,-1,-8,1,9,-22
24.365629,2862,clench,-9,-19,-7,4,-5,-8,-9,8
24.365656,2863,clench,-23,-31,-47,1,11,-26,-24,7
24.381968,2864,clench,20,11,34,-8,-32,41,73,14
24.382003,2865,clench,-17,2,-6,-5,-18,-9,-35,2
24.384062,2866,clench,10,19,7,6,8,2,5,-11
24.384068,2867,clench,11,-35,7,2,9,-6,12,12
24.404824,2868,clench,-8,-7,-15,8,7,-7,-37,-9
24.404832,2869,clench,35,-8,-9,-10,6,7,15,13
24.405660,2870,clench,-62,2,9,-2,-9,-9,25,8
24.405681,2871,clench,-15,-1,12,1,-3,11,20,-4
24.418685,2872,clench,30,-67,-31,0,-13,-41,-74,-18
24.418708,2873,clench,-8,72,5,-10,9,29,0,-13
24.425292,2874,clench,18,20,11,0,14,3,3,41
24.425309,2875,clench,-6,-14,4,-6,-22,-5,32,14
24.441618,2876,clench,2,11,3,1,-1,-13,-3,-21
24.441637,2877,clench,-36,-95,13,10,10,-11,-1,-4
24.444071,2878,clench,22,-3,1,-3,10,7,3,3
24.444077,2879,clench,-24,-69,-40,-16,-11,0,-10,16
24.464429,2880,clench,-1,96,54,16,14,28,-3,-15
24.464460,2881,clench,-10,-74,-27,-4,14,21,25,22
24.466499,2882,clench,3,-35,-13,3,-8,-2,-1,-39
24.466508,2883,clench,28,-20,20,-5,1,2,-10,-8
24.478802,2884,clench,0,-43,-43,5,4,-19,-22,7
24.478826,2885,clench,-25,37,2,4,16,-9,14,0
24.485299,2886,clench,-9,26,13,1,-21,4,3,-17
24.485318,2887,clench,-35,0,-15,-4,37,8,-4,15
24.501621,2888,clench,-13,4,-4,-3,-8,-17,-12,-26
24.501646,2889,clench,20,34,2,-2,-13,6,-29,26
24.503315,2890,clench,23,-9,-7,-3,-3,3,32,22
24.503334,2891,clench,34,29,16,10,-6,-10,-14,-4
24.524386,2892,clench,-21,5,-2,-9,-12,1,10,-2
24.525988,2893,clench,15,-2,5,-7,-10,-3,4,-30
24.526000,2894,clench,-10,-7,-16,-4,1,-14,-21,-3
24.526061,2895,clench,27,73,12,6,18,18,-16,1
24.538680,2896,clench,32,-14,3,0,-1,-14,25,30
24.538704,2897,clench,-26,77,-36,-3,-5,-2,18,-18
24.545404,2898,clench,16,-29,-39,-9,-22,-16,-44,-7
24.545429,2899,clench,1,54,79,12,-11,13,15,13
24.563763,2900,clench,23,-27,-18,-7,10,7,37,13
24.563806,2901,clench,-19,-60,-14,0,-8,-5,-8,-13
24.563809,2902,clench,-28,-17,-17,-8,14,-5,-5,-2
24.563811,2903,clench,-11,-14,-8,8,-2,6,-5,1
24.584299,2904,clench,-15,-34,-14,-6,-37,-7,-18,-12
24.584338,2905,clench,32,23,14,6,54,6,4,15
24.586931,2906,clench,18,17,21,8,-11,-11,6,10
24.586937,2907,clench,-25,-68,-42,-14,5,15,44,-28
24.597965,2908,clench,5,67,49,-3,-7,5,-63,-4
24.598019,2909,clench,14,36,-2,-2,-5,-7,23,1
24.607703,2910,clench,4,12,16,3,2,-1,-13,-10
24.607708,2911,clench,-10,-15,-7,-1,-11,-5,9,-23
24.629358,2912,clench,-7,-10,-32,-6,11,-3,10,10
24.629376,2913,clench,5,-31,5,1,-2,-2,-7,0
24.632069,2914,clench,1,5,5,1,5,1,-1,-2
24.632077,2915,clench,8,-19,0,5,8,-29,6,-5
24.644278,2916,clench,-29,8,-7,-7,41,30,-39,12
24.644297,2917,clench,35,33,35,2,-23,9,68,28
24.645635,2918,clench,-45,-2,3,-4,0,-9,5,11
24.645645,2919,clench,22,-15,-26,0,-1,12,-7,-22
24.657806,2920,clench,-30,-34,-22,3,-11,-5,2,23
24.657823,2921,clench,-12,-38,9,-5,-6,-21,-12,-3
24.667550,2922,clench,21,110,0,-5,-8,-3,-18,-13
24.667556,2923,clench,-1,6,10,-3,-11,10,22,9
24.682145,2924,clench,2,-29,-21,-3,-3,-9,-4,-22
24.682174,2925,clench,-2,-44,-17,-2,4,-2,-3,14
24.684299,2926,clench,1,-28,0,0,2,4,-2,-26
24.684315,2927,clench,-6,-4,4,1,-1,-11,-37,-23
24.704254,2928,clench,8,26,9,-2,-7,1,19,6
24.704272,2929,clench,-62,-3,-26,-5,1,-9,-12,-22
24.705892,2930,clench,31,-4,16,0,-15,2,8,-3
24.705911,2931,clench,-44,-54,-37,-10,-11,-21,-45,10
24.718915,2932,clench,36,21,90,18,10,25,18,29
24.718922,2933,clench,8,112,2,-6,-10,16,-17,7
24.732713,2934,clench,-24,-39,-15,1,10,0,12,-25
24.732738,2935,clench,5,-17,3,-2,-15,-1,16,12
24.741590,2936,clench,15,-17,-32,-8,-13,-24,-16,-5
24.741610,2937,clench,20,-42,-13,3,0,1,-41,-35
24.743254,2938,clench,2,50,12,5,23,14,5,26
24.743263,2939,clench,7,49,13,-8,-2,4,16,0
24.765906,2940,clench,-15,-20,-22,0,5,-14,-11,0
24.765915,2941,clench,13,11,32,-1,-5,7,25,5
24.765918,2942,clench,14,-30,-4,1,-1,2,-7,31
24.765920,2943,clench,-1,3,-1,0,-5,-1,-9,-3
24.778135,2944,clench,-37,-5,-18,-8,-13,-4,19,-6
24.778159,2945,clench,-4,-120,-8,1,28,-7,-12,6
24.788320,2946,clench,19,20,40,5,-17,-7,-5,1
24.788333,2947,clench,-1,65,13,1,30,14,22,25
24.801927,2948,clench,-2,-5,-8,-2,-36,6,-6,-10
24.801953,2949,clench,10,-87,-34,1,40,-2,14,8
24.804123,2950,clench,-20,-48,-9,-4,-12,-8,3,1
24.804131,2951,clench,45,39,30,-2,-6,-7,-7,-2
24.824180,2952,clench,22,-12,-12,-5,-1,-11,16,-27
24.825681,2953,clench,-76,-2,-8,3,-5,8,-37,-3
24.825753,2954,clench,14,-19,-19,-4,21,4,13,-1
24.825814,2955,clench,4,-7,0,1,-8,9,-7,3
24.837989,2956,clench,-8,-64,-11,-4,0,-9,4,9
24.838009,2957,clench,20,67,6,1,-5,-4,17,-3
24.848701,2958,clench,-16,35,-22,-3,-4,-22,-32,-8
24.848708,2959,clench,-14,12,27,-2,-7,25,17,-14
24.861777,2960,clench,16,-35,0,0,32,-2,14,22
24.861877,2961,clench,-29,11,4,-1,-34,-4,3,-12
24.863325,2962,clench,1,-47,-17,-1,4,12,13,-3
24.865089,2963,clench,14,-38,-17,5,-2,-21,-16,7
24.884360,2964,clench,-39,50,-7,-2,-10,3,-2,11
24.884388,2965,clench,16,-23,13,4,4,5,-7,13
24.887012,2966,clench,10,11,7,9,5,-2,5,30
24.887022,2967,clench,-11,5,-33,-7,-19,-13,0,-22
24.906697,2968,clench,11,5,32,8,7,8,0,1
24.906716,2969,clench,-5,5,2,5,-21,-12,14,-1
24.908078,2970,clench,-5,23,6,-13,-6,2,-27,-12
24.908098,2971,clench,13,28,-14,-2,5,11,7,-1
24.921656,2972,clench,-11,21,-1,-1,6,5,-2,-15
24.921677,2973,clench,-22,14,3,-3,-15,-18,-14,-8
24.923197,2974,clench,-10,-103,4,4,14,5,27,-5
24.923221,2975,clench,-9,37,8,3,14,13,-29,-8
24.944822,2976,clench,-18,-5,-17,-9,-48,7,6,-32
24.944925,2977,clench,35,-13,-13,-1,-9,-7,1,19
24.947087,2978,clench,-12,-13,17,5,21,0,11,4
24.947093,2979,clench,-42,-24,-1,-6,-23,-22,-27,-16
24.957850,2980,clench,-9,-43,-28,-1,56,11,-5,-8
24.957882,2981,clench,18,56,55,-9,-22,-5,11,-6
24.966716,2982,clench,6,0,-9,2,-23,-4,-18,2
24.966725,2983,clench,-9,-4,-4,-6,-12,-7,-6,-31
24.982839,2984,clench,-4,18,9,3,8,-2,-5,-9
24.982854,2985,clench,5,-18,-29,-6,-1,-5,-2,-15
24.983233,2986,clench,4,27,3,-1,4,5,-3,-4
24.983242,2987,clench,-2,-16,2,4,2,-8,5,28
25.004316,2988,clench,-17,-25,0,-1,-3,1,-6,-13
25.004344,2989,clench,15,-8,-5,-1,17,-3,-17,2
25.006839,2990,clench,-13,-30,10,-1,-27,-19,0,-6
25.006846,2991,clench,0,76,-14,5,34,20,-32,-8
25.018056,2992,clench,28,78,35,-7,-24,32,72,-11
25.018083,2993,clench,13,-14,-20,-5,3,-6,-27,34
25.028894,2994,clench,-16,-10,5,-2,-19,-8,-7,-40
25.028903,2995,clench,-29,-98,-12,2,4,-19,7,17
25.041715,2996,clench,-20,-11,-12,-8,2,-14,-19,4
25.041739,2997,clench,7,28,13,17,-10,0,6,-13
25.043794,2998,clench,-9,19,-18,-8,-12,7,10,8
25.043801,2999,clench,13,2,2,-3,4,-10,0,23
27.068006,3000,rest,34,11,1,8,5,-1,0,7
27.068377,3001,rest,-31,-24,-6,-7,-4,-4,-1,-34
27.068865,3002,rest,-8,-18,0,0,-2,0,-3,-10
27.068882,3003,rest,0,11,-3,-3,-4,-2,-1,-13
27.089349,3004,rest,-18,-12,-4,-2,-2,-2,-3,1
27.089378,3005,rest,25,27,2,2,-5,-2,-1,-10
27.090945,3006,rest,-15,0,0,-1,-2,0,0,0
27.090971,3007,rest,-21,-12,-2,-2,4,-2,-2,-12
27.111594,3008,rest,-5,-9,-6,-2,-1,0,-3,6
27.111616,3009,rest,30,28,2,0,-2,1,1,9
27.113302,3010,rest,-80,-49,4,-3,-1,-1,0,-3
27.113326,3011,rest,12,-7,-3,-4,0,-3,-1,-2
27.126093,3012,rest,15,1,0,1,15,-1,-2,-8
27.126114,3013,rest,4,11,0,0,-45,0,-4,31
27.132723,3014,rest,33,23,0,-3,-9,-3,-2,-2
27.132747,3015,rest,-61,-25,-5,-2,-2,-3,-5,-15
27.149111,3016,rest,8,10,0,-2,0,-2,-2,-1
27.149199,3017,rest,-42,-32,-1,0,9,-1,5,-18
27.150716,3018,rest,34,24,1,-1,-1,-2,1,-18
27.150738,3019,rest,28,17,0,-2,0,3,-7,29
27.171659,3020,rest,2,-7,-2,-5,-4,-3,-2,3
27.171683,3021,rest,-2,14,2,2,8,1,1,1
27.173202,3022,rest,-7,0,-1,-1,-3,0,0,-5
27.173208,3023,rest,7,9,-5,-1,3,-1,2,-15
27.186093,3024,rest,18,-24,2,-2,-3,0,-2,-2
27.186121,3025,rest,6,23,0,1,6,1,-2,7
27.192864,3026,rest,-14,-18,-3,0,-2,-1,-3,4
27.192887,3027,rest,29,25,2,1,-2,2,2,-1
27.209058,3028,rest,-33,-44,-2,0,0,1,0,43
27.209066,3029,rest,-3,3,1,-2,-1,-2,-2,-4
27.210722,3030,rest,-9,42,-6,0,17,-1,-2,5
27.210754,3031,rest,37,-76,-6,0,-4,-3,0,-4
27.232304,3032,rest,-20,12,1,0,-4,1,1,-12
27.232340,3033,rest,5,-5,0,-3,3,-2,-2,-5
27.234200,3034,rest,-2,24,0,-1,-3,-1,-2,5
27.234206,3035,rest,-33,-28,-2,1,-1,0,-2,-6
27.245290,3036,rest,26,26,-2,-3,0,1,-2,-5
27.245316,3037,rest,-29,-34,4,3,4,-2,0,1
27.252860,3038,rest,-5,1,0,2,21,-1,-9,19
27.252886,3039,rest,10,11,1,-1,-11,-1,1,-6
27.268500,3040,rest,-2,-1,-2,-1,-5,0,-1,-3
27.268517,3041,rest,-19,6,0,-2,-2,0,-1,5
27.270343,3042,rest,9,-12,-1,0,-1,-1,3,-43
27.270354,3043,rest,-8,-3,-2,-3,12,-2,0,12
27.290910,3044,rest,8,2,-1,-3,-3,-2,-3,2
27.290936,3045,rest,13,26,2,1,2,-1,-1,-9
27.291687,3046,rest,-29,-47,-3,-4,-14,-3,-2,-8
27.291709,3047,rest,10,2,0,0,-2,-1,-1,-8
27.305396,3048,rest,-8,11,-3,-1,-5,-1,-4,-7
27.305422,3049,rest,10,13,-1,1,4,-3,-1,4
27.312720,3050,rest,48,18,0,-2,-13,-2,0,10
27.312739,3051,rest,25,17,2,1,13,1,-3,38
27.328475,3052,rest,9,-8,1,-6,1,-2,-1,0
27.328499,3053,rest,-4,2,-6,4,3,1,0,-4
27.330015,3054,rest,8,-1,0,-1,-4,1,-1,9
27.330021,3055,rest,6,7,4,1,-5,0,1,-8
27.350991,3056,rest,-15,4,2,1,0,-1,-1,-11
27.351017,3057,rest,34,-5,-3,-5,-3,-1,-3,6
27.351779,3058,rest,-18,-9,-2,0,-2,-2,0,1
27.351799,3059,rest,-43,-11,0,-2,-2,-1,-2,-11
27.366313,3060,rest,-26,9,-2,-1,-1,-1,0,-3
27.366318,3061,rest,4,-2,1,1,9,-3,-2,-2
27.372816,3062,rest,6,-7,-4,-2,-31,-4,-1,6
27.372836,3063,rest,2,15,0,3,1,1,0,-8
27.388429,3064,rest,46,20,0,1,0,-1,0,5
27.388456,3065,rest,-39,-26,-5,-4,-4,-1,1,-24
27.389795,3066,rest,12,-14,2,-2,11,1,-1,1
27.389801,3067,rest,-6,2,-7,-3,-3,-2,0,-7
27.412536,3068,rest,25,-2,0,1,-6,-2,0,-2
27.412541,3069,rest,-31,9,2,-3,11,1,-7,23
27.412543,3070,rest,-9,6,-4,3,2,0,0,10
27.412545,3071,rest,8,12,2,-1,-2,0,1,-11
27.425231,3072,rest,-2,5,-2,-1,9,-2,-1,-1
27.425254,3073,rest,8,13,1,-3,-11,1,1,0
27.432810,3074,rest,-3,-81,-4,-3,1,-2,-3,-19
27.432834,3075,rest,-6,5,-4,0,-2,-4,-3,5
27.448825,3076,rest,8,16,2,-1,-2,-2,-4,-14
27.448863,3077,rest,-15,-10,-1,-2,-4,-4,-3,0
27.450250,3078,rest,-15,13,-4,0,-1,0,1,5
27.450256,3079,rest,10,8,-3,-1,-4,-2,1,-7
27.471000,3080,rest,-12,1,2,2,0,-1,-3,5
27.471024,3081,rest,11,-56,-5,-1,12,0,0,0
27.472779,3082,rest,5,20,3,-2,-28,-1,0,3
27.472784,3083,rest,-9,-3,-3,-5,-6,-2,-1,-4
27.485344,3084,rest,30,37,2,1,6,-2,0,-3
27.485366,3085,rest,-71,-3,-5,-7,-11,-2,-1,-4
27.492709,3086,rest,-1,-3,-2,6,11,-2,2,-1
27.492728,3087,rest,-5,12,4,-3,2,0,-1,0
27.508432,3088,rest,-8,-39,-5,-2,-7,0,1,0
27.508449,3089,rest,24,16,0,2,-9,0,3,-2
27.509571,3090,rest,-10,-6,0,-5,9,-2,-2,3
27.509576,3091,rest,1,11,-1,-2,-5,-2,-2,-3
27.531096,3092,rest,-11,-2,-2,-1,1,-3,2,6
27.531134,3093,rest,17,-49,2,3,6,0,-5,37
27.533294,3094,rest,-2,22,0,-3,3,0,0,-6
27.533300,3095,rest,15,3,-2,3,6,0,-2,12
27.545491,3096,rest,-18,9,-1,-4,-5,0,-1,-1
27.545516,3097,rest,34,13,-1,0,-1,-1,0,-14
27.553040,3098,rest,-19,0,0,0,0,-1,-6,-2
27.553157,3099,rest,2,-10,1,0,-3,-2,0,-13
27.568351,3100,rest,-14,11,-3,-1,0,1,2,-5
27.568437,3101,rest,9,-9,-2,-1,-4,-2,-2,-6
27.575931,3102,rest,11,-12,1,-2,4,-1,0,2
27.578230,3103,rest,-4,1,1,-1,-3,-1,1,-9
27.591185,3104,rest,-6,0,-1,1,1,-1,-2,-2
27.591203,3105,rest,10,25,0,-2,1,-1,-1,1
27.591603,3106,rest,1,9,1,-3,-3,-3,-2,-1
27.591614,3107,rest,-8,-8,-4,-1,-4,0,-1,1
27.605401,3108,rest,4,-6,3,0,17,-2,0,0
27.605426,3109,rest,-11,-31,-7,7,-26,0,2,-8
27.612906,3110,rest,11,25,0,-4,4,-3,-1,-5
27.612938,3111,rest,12,-9,1,-2,-3,0,-1,2
27.628568,3112,rest,-97,-60,-10,-1,-4,-1,-1,-4
27.628597,3113,rest,7,10,-1,-2,5,-2,0,-6
27.629761,3114,rest,2,22,5,2,2,0,1,1
27.629774,3115,rest,18,-13,-2,-1,-1,-2,0,-13
27.650934,3116,rest,40,21,0,0,-5,2,-2,39
27.650952,3117,rest,-5,15,-1,-4,-1,-2,1,-3
27.651520,3118,rest,-4,17,-4,0,-2,0,4,-45
27.651554,3119,rest,-17,-8,-3,-3,4,-1,-1,6
27.666161,3120,rest,16,2,1,-1,-8,-2,-6,-17
27.666168,3121,rest,26,17,-4,-3,0,-1,-2,-5
27.672984,3122,rest,-59,-17,1,-1,2,-2,-2,3
27.673012,3123,rest,-17,-27,1,2,0,-3,1,-1
27.688454,3124,rest,9,-10,-2,-2,-3,-1,0,-6
27.688475,3125,rest,6,48,0,-6,-1,-1,-1,3
27.689683,3126,rest,19,-76,-4,7,0,2,-2,9
27.689689,3127,rest,-5,11,0,1,13,-3,-4,-1
27.713515,3128,rest,-7,-34,-2,-3,-5,1,-1,1
27.713522,3129,rest,6,9,1,0,5,0,-1,-6
27.713524,3130,rest,13,11,-3,3,16,1,0,8
27.713527,3131,rest,-7,13,2,-1,-39,-1,-1,4
27.725229,3132,rest,12,0,-1,2,-1,-1,-1,-12
27.725251,3133,rest,-25,-9,-2,-2,9,-2,0,-2
27.733175,3134,rest,13,23,-4,-6,-3,-1,-1,7
27.733200,3135,rest,-10,-55,-5,0,7,0,0,1
27.748815,3136,rest,13,16,-2,-2,-1,-1,1,-3
27.750924,3137,rest,12,9,5,0,-5,0,-2,-1
27.750933,3138,rest,-21,-18,-1,-3,-8,-3,-4,4
27.750935,3139,rest,30,24,-1,-2,5,1,1,49
27.771050,3140,rest,-11,-14,-2,1,-5,0,-1,2
27.771069,3141,rest,42,45,-1,1,2,-2,-4,59
27.773008,3142,rest,11,-33,2,-1,-4,-1,-8,-4
27.773020,3143,rest,-31,-7,-3,-2,-1,-2,-3,-17
27.785516,3144,rest,17,0,3,0,3,0,-2,1
27.785540,3145,rest,-2,-7,-1,0,-2,-1,-2,-7
27.792952,3146,rest,8,37,2,-7,-4,-2,1,0
27.792980,3147,rest,14,-3,-3,6,5,1,-1,-5
27.808402,3148,rest,-8,10,-2,-3,-1,-2,-2,-7
27.808427,3149,rest,-6,-5,2,0,0,1,2,-18
27.810284,3150,rest,-17,-1,-3,-4,-5,-1,1,0
27.810292,3151,rest,-2,-2,0,-2,10,-2,-1,-16
27.831147,3152,rest,33,47,1,0,-31,-2,0,-1
27.831188,3153,rest,-39,-89,-4,-3,1,-2,0,-7
27.833279,3154,rest,21,12,-4,0,-1,0,2,11
27.833287,3155,rest,-14,-13,-2,-2,-5,0,-2,-3
27.853814,3156,rest,-4,13,3,2,10,1,-1,-2
27.853832,3157,rest,-19,10,-2,-3,-3,-1,-2,-8
27.854226,3158,rest,-4,8,3,1,-5,0,-2,-3
27.854253,3159,rest,19,-2,-1,-1,4,-2,0,-6
27.869727,3160,rest,2,-11,-2,-2,4,-1,1,1
27.869737,3161,rest,-8,4,-1,1,-2,0,0,-12
27.869739,3162,rest,-4,12,0,1,3,0,-1,4
27.869741,3163,rest,1,22,0,-6,-19,3,0,25
27.890842,3164,rest,-12,-10,-2,8,24,0,0,0
27.892891,3165,rest,6,-9,-4,-3,-4,-1,-2,-4
27.892900,3166,rest,5,19,-5,-2,-1,-2,0,30
27.892902,3167,rest,3,6,-1,-2,-5,-2,-1,-8
27.913564,3168,rest,-26,-13,-2,-6,-7,-2,-4,-8
27.913594,3169,rest,16,-16,3,2,5,-1,-2,2
27.916208,3170,rest,-43,-35,-3,-3,3,-3,-1,-31
27.916219,3171,rest,50,39,2,0,-8,-1,-6,18
27.928633,3172,rest,-87,-52,-7,-2,5,-1,-1,-3
27.928666,3173,rest,26,21,3,1,1,0,-1,-9
27.930813,3174,rest,18,3,-3,-3,-10,1,0,4
27.930818,3175,rest,4,8,4,0,11,-1,1,-13
27.950778,3176,rest,21,0,0,0,-2,-1,-1,2
27.950796,3177,rest,-16,-3,-4,-1,-6,-3,0,-3
27.951485,3178,rest,-8,-6,1,0,3,-1,0,-3
27.951542,3179,rest,3,6,-2,0,3,1,1,-3
27.973719,3180,rest,29,-3,-3,-4,-1,-2,0,-2
27.974925,3181,rest,-47,-16,0,-6,-2,-3,-6,-12
27.974930,3182,rest,24,16,4,7,7,1,2,5
27.974932,3183,rest,-15,4,-1,-1,-2,-1,-1,-13
27.988360,3184,rest,27,13,2,0,-4,1,-1,4
27.988380,3185,rest,-46,1,-2,-2,-8,0,2,2
27.989710,3186,rest,5,0,1,1,-1,2,-4,54
27.989716,3187,rest,-22,-11,-3,0,-2,-2,-1,-8
28.012490,3188,rest,28,17,3,-1,-4,-1,-4,-4
28.012501,3189,rest,13,27,0,3,8,-2,1,9
28.012506,3190,rest,32,-23,-3,-3,-5,0,1,-11
28.012511,3191,rest,-111,-12,-5,0,-3,-3,-7,26
28.033744,3192,rest,19,-8,-6,-6,5,-2,0,5
28.033766,3193,rest,9,-22,-3,-2,-3,-2,-2,-14
28.035463,3194,rest,12,28,1,1,-2,-4,-2,-13
28.035468,3195,rest,31,2,0,-1,2,0,1,-8
28.048574,3196,rest,-20,-1,2,1,-3,-1,-2,-10
28.048616,3197,rest,14,17,-3,-1,0,1,1,7
28.050988,3198,rest,-12,-17,-4,-2,0,0,1,-11
28.051037,3199,rest,14,-21,0,-2,0,-1,-2,-1
28.071024,3200,rest,-15,3,-2,-3,-3,-2,-2,0
28.071099,3201,rest,13,1,2,-1,-1,0,1,-31
28.072304,3202,rest,-9,2,-4,0,-2,0,-2,-1
28.072311,3203,rest,3,6,1,-7,-1,-4,0,-11
28.093594,3204,rest,1,-7,-3,-1,-3,0,0,-3
28.093629,3205,rest,5,6,5,2,4,-1,-7,2
28.094137,3206,rest,1,23,0,-7,-29,-4,0,-9
28.094184,3207,rest,-6,-34,-2,0,5,0,-2,-7
28.108385,3208,rest,-48,-18,-1,0,-2,-1,1,-4
28.108403,3209,rest,-5,-49,-10,-3,-5,-1,0,5
28.109042,3210,rest,-3,15,0,0,7,-1,0,-49
28.109059,3211,rest,30,16,6,2,1,-1,-1,0
28.131630,3212,rest,28,37,1,-3,-6,-1,-2,3
28.131654,3213,rest,-15,4,-2,-1,2,-2,1,5
28.134219,3214,rest,-64,-7,-1,2,4,1,-2,-4
28.134225,3215,rest,25,1,-5,0,-3,0,2,-5
28.153438,3216,rest,1,-46,1,-2,4,-2,-3,-3
28.153463,3217,rest,1,15,-3,-1,-3,-1,1,-17
28.155555,3218,rest,21,-7,-3,0,1,0,-2,21
28.155563,3219,rest,-4,17,0,-3,8,-2,-2,-4
28.168596,3220,rest,0,3,2,2,-3,-2,-4,5
28.168622,3221,rest,-49,-7,-4,-10,-6,0,2,4
28.170946,3222,rest,14,-20,-4,7,4,-3,-1,-5
28.170956,3223,rest,-8,-3,-5,2,15,0,1,12
28.190855,3224,rest,17,4,0,2,-7,0,1,2
28.190873,3225,rest,9,8,2,0,1,0,0,2
28.191472,3226,rest,-3,40,0,-3,1,0,-1,-1
28.191490,3227,rest,1,-33,-5,-2,-1,0,2,-6
28.213505,3228,rest,-6,7,-7,-3,-3,0,0,-4
28.213536,3229,rest,11,2,1,4,2,1,-2,11
28.214788,3230,rest,31,15,-2,-4,3,-2,0,8
28.214795,3231,rest,-70,-2,-3,0,-6,-1,-2,-21
28.228582,3232,rest,18,-29,1,-3,1,-2,-5,36
28.228610,3233,rest,24,22,1,0,-5,-3,0,4
28.236112,3234,rest,-20,-34,-4,-1,4,-2,-4,0
28.236147,3235,rest,17,8,2,-3,-9,-2,0,-8
28.250922,3236,rest,-21,19,-3,0,-2,0,1,-18
28.250940,3237,rest,-1,12,2,0,6,-2,-2,2
28.251709,3238,rest,32,-29,2,-4,-11,-2,0,9
28.251761,3239,rest,-6,5,-2,3,-5,0,-3,7
28.273458,3240,rest,-12,4,-2,0,1,-1,-1,-8
28.273479,3241,rest,10,-4,0,0,8,0,-3,-1
28.274925,3242,rest,1,17,-1,-1,-6,1,0,-4
28.274930,3243,rest,-54,-18,-5,-5,-4,-2,-2,-26
28.288455,3244,rest,43,11,3,1,22,-2,-2,-4
28.288495,3245,rest,-12,-7,2,1,-16,-2,-2,-4
28.289970,3246,rest,-13,13,0,-3,1,-1,-1,2
28.289976,3247,rest,12,-18,-1,0,-2,-1,0,1
28.310783,3248,rest,13,14,1,1,5,0,0,3
28.310800,3249,rest,4,-37,-2,-2,-2,0,0,8
28.312377,3250,rest,-32,9,-3,0,3,-1,-6,-9
28.312386,3251,rest,26,-5,-2,-4,-8,-2,-1,3
28.333370,3252,rest,-42,7,-1,4,-1,1,-2,6
28.333393,3253,rest,-14,-6,3,3,0,1,7,1
28.334230,3254,rest,12,-19,-1,-1,-2,-1,2,2
28.334324,3255,rest,35,45,1,1,-1,0,-1,9
28.348650,3256,rest,-1,-50,-4,-4,-11,-3,1,-60
28.348681,3257,rest,19,16,-1,-1,-1,-1,-1,6
28.350050,3258,rest,-71,-54,-4,-1,4,2,1,2
28.350055,3259,rest,17,7,1,-2,-9,0,1,-2
28.370935,3260,rest,0,12,0,-5,-10,-3,0,-7
28.370954,3261,rest,-26,4,-2,0,1,0,-2,-4
28.372354,3262,rest,27,9,1,-1,1,-2,-1,-2
28.372362,3263,rest,-7,8,1,0,1,1,0,0
28.393388,3264,rest,10,1,3,0,-6,-2,-2,11
28.393408,3265,rest,22,-6,-3,-4,-1,-1,-3,2
28.394110,3266,rest,4,-24,-4,-1,-3,-3,-2,4
28.394161,3267,rest,-46,-13,0,-1,2,0,-1,0
28.409443,3268,rest,3,10,-5,-1,-11,0,3,46
28.409449,3269,rest,0,7,-1,0,1,-3,-4,-7
28.409451,3270,rest,10,18,3,-2,-3,-1,0,-10
28.409453,3271,rest,-5,-6,3,1,-8,-2,-1,4
28.430913,3272,rest,37,28,-3,3,8,0,-1,-4
28.430936,3273,rest,-29,-34,-10,-4,-1,-2,-3,-7
28.433403,3274,rest,13,29,2,1,-2,0,-2,7
28.433409,3275,rest,-2,-39,-4,-3,2,0,-2,-5
28.453629,3276,rest,-3,-20,0,-4,-1,-1,1,4
28.453652,3277,rest,19,3,-1,-4,-19,-1,-1,-4
28.456072,3278,rest,30,9,0,7,5,1,1,-3
28.456080,3279,rest,-29,24,2,2,9,-2,-1,-5
28.467942,3280,rest,-17,-23,-2,-2,1,-1,-2,-6
28.467968,3281,rest,3,-2,-2,-1,-2,0,1,4
28.475926,3282,rest,-19,6,0,-5,-5,0,5,2
28.475950,3283,rest,37,-14,-2,-2,-3,0,2,-35
28.490894,3284,rest,-10,22,0,0,-2,-2,-2,1
28.490919,3285,rest,-12,-37,-2,-2,7,-1,-2,-3
28.491724,3286,rest,15,26,-2,-1,-1,-1,0,9
28.491748,3287,rest,21,2,-6,3,18,0,-1,-4
28.514109,3288,rest,-12,7,5,-3,-26,-2,1,-5
28.514148,3289,rest,-5,11,-2,0,2,0,0,1
28.515300,3290,rest,2,1,-1,-1,-1,-2,-3,-18
28.515306,3291,rest,0,-27,-4,-2,-3,0,1,16
28.527986,3292,rest,-15,14,0,1,7,0,-2,-38
28.528011,3293,rest,19,30,3,1,4,-2,-3,6
28.536140,3294,rest,-36,-34,-6,-3,-4,-2,-1,-1
28.537644,3295,rest,7,16,3,-1,-5,-1,-2,8
28.550900,3296,rest,-6,-17,-2,-1,5,-2,2,2
28.550940,3297,rest,17,7,2,-4,-9,-3,-1,-8
28.551669,3298,rest,3,2,-8,7,17,-2,-20,4
28.551692,3299,rest,4,-14,11,2,-3,-3,14,4
28.573365,3300,rest,-17,15,0,-2,3,6,16,9
28.573456,3301,rest,15,-12,-6,-3,-1,1,0,-3
28.574509,3302,rest,-12,-2,1,-4,-6,0,0,3
28.574514,3303,rest,45,7,-3,0,-9,1,-6,57
28.587786,3304,rest,2,19,-3,2,0,-5,-6,3
28.588876,3305,rest,-4,15,4,0,6,0,4,-1
28.597460,3306,rest,-12,-9,-1,-2,-5,0,-1,-9
28.597467,3307,rest,12,5,-1,-5,-2,-4,-5,-14
28.611210,3308,rest,8,4,2,-1,3,-2,1,-18
28.611234,3309,rest,-52,-15,-3,1,2,-1,-4,8
28.613936,3310,rest,11,-26,-1,-1,0,0,3,-6
28.613942,3311,rest,-39,-4,-1,2,16,0,-1,-8
28.633610,3312,rest,-22,-41,-10,-5,-24,-3,-4,4
28.633637,3313,rest,21,17,2,1,-2,-3,-5,-8
28.634465,3314,rest,-4,10,2,-1,-2,-2,3,-1
28.634494,3315,rest,7,40,0,-5,-5,-3,-2,-40
28.647721,3316,rest,3,-42,0,8,11,2,-7,1
28.647745,3317,rest,22,-6,-1,-1,1,-1,2,1
28.655991,3318,rest,-23,-13,2,-1,-6,-1,1,7
28.657163,3319,rest,15,3,-5,-1,-8,-2,-3,2
28.671017,3320,rest,11,-14,-2,-4,-3,-2,-3,2
28.671043,3321,rest,-4,-5,-3,-2,-1,0,-2,1
28.672446,3322,rest,6,-4,-2,-3,3,0,4,-7
28.672452,3323,rest,-12,23,4,2,-3,-1,-4,0
28.693412,3324,rest,49,4,9,0,4,0,-7,-2
28.693436,3325,rest,3,-10,-6,0,4,2,-3,44
28.694162,3326,rest,18,-1,2,-1,-2,0,0,3
28.694185,3327,rest,0,2,-3,0,-4,-1,-3,0
28.707904,3328,rest,4,16,3,-3,0,-3,6,-7
28.707937,3329,rest,11,60,6,5,1,-1,0,-14
28.716091,3330,rest,-26,-70,-11,-6,2,-4,-5,-3
28.716116,3331,rest,7,-2,-1,-4,-3,1,-1,14
28.731126,3332,rest,-6,13,-1,-1,4,-1,-1,1
28.731157,3333,rest,-1,-1,4,0,-3,-3,2,-12
28.733602,3334,rest,3,18,-1,-2,-2,-2,1,5
28.733609,3335,rest,-13,-9,-4,-2,2,-2,0,-11
28.753488,3336,rest,-17,-9,-3,-4,0,0,-2,-18
28.753510,3337,rest,-6,-3,0,1,-2,0,-3,18
28.754174,3338,rest,15,33,2,2,-5,0,0,-2
28.754194,3339,rest,10,-47,-7,0,6,1,-1,1
28.769039,3340,rest,-7,-4,-5,-3,-19,-2,1,10
28.769047,3341,rest,-23,-16,-6,0,-4,0,0,-9
28.775965,3342,rest,-6,43,2,-2,15,-1,0,-6
28.775989,3343,rest,11,-27,2,0,-9,-1,-3,0
28.790991,3344,rest,-5,6,-3,-4,6,-1,-2,2
28.791013,3345,rest,10,-9,1,5,3,0,0,-7
28.792042,3346,rest,33,44,4,-2,-13,-1,-1,2
28.792047,3347,rest,-63,-81,-17,1,11,-2,-4,-6
28.813656,3348,rest,13,8,-3,-2,2,-2,-1,8
28.813687,3349,rest,25,12,3,-1,8,-4,-6,-3
28.815832,3350,rest,-41,-8,-2,0,-1,2,0,27
28.815838,3351,rest,11,38,6,2,-1,0,2,3
28.836606,3352,rest,-11,-4,-1,-1,0,-1,-3,1
28.836628,3353,rest,-7,-19,-1,-2,-6,0,-2,5
28.837359,3354,rest,7,-16,-5,-1,-1,0,-1,-10
28.837380,3355,rest,3,20,4,-4,-4,-1,0,-3
28.851118,3356,rest,-8,-2,-1,0,4,-1,0,7
28.851147,3357,rest,11,0,-2,-4,0,0,2,-13
28.851665,3358,rest,7,13,0,-1,0,-3,-1,-10
28.851687,3359,rest,-14,-35,-4,-2,-5,0,1,-2
28.873453,3360,rest,19,3,-1,4,2,0,-7,3
28.874775,3361,rest,-11,15,0,-3,-2,-1,-1,-2
28.874780,3362,rest,2,-51,-7,-1,-4,-1,-4,-7
28.874782,3363,rest,17,53,5,-1,-11,2,0,7
28.896654,3364,rest,-12,-6,-1,-2,13,-1,1,-6
28.896683,3365,rest,13,-6,3,9,-10,1,3,53
28.897542,3366,rest,15,4,-1,-3,-1,-3,-3,-5
28.897681,3367,rest,-42,53,-1,-2,0,1,3,-7
28.910863,3368,rest,-3,-85,-4,-3,-2,0,-2,-2
28.910879,3369,rest,-26,-2,-4,-6,-1,-2,-2,-22
28.911700,3370,rest,7,4,0,-1,1,-1,2,-1
28.911726,3371,rest,9,11,1,1,-3,-2,-1,10
28.933509,3372,rest,17,1,-2,-1,-6,0,1,-1
28.933536,3373,rest,-15,20,-5,-4,-5,0,0,-10
28.934902,3374,rest,-10,-29,-4,2,11,1,-1,0
28.934908,3375,rest,-36,-3,2,-4,0,-3,-3,-65
28.964116,3376,rest,-42,-3,-1,1,-1,0,-1,8
28.964140,3377,rest,19,-14,-3,-2,-1,-1,1,-12
28.965993,3378,rest,7,7,1,-2,0,1,1,0
28.966000,3379,rest,13,11,-2,0,0,-1,-1,-1
28.970936,3380,rest,8,25,2,0,-3,1,2,-1
28.970958,3381,rest,-13,-12,-2,-2,-1,0,0,-1
28.971806,3382,rest,-8,1,1,-1,-3,-1,0,-4
28.971830,3383,rest,11,4,-2,0,2,1,1,17
28.993370,3384,rest,22,47,3,-5,-19,-2,-1,2
28.993388,3385,rest,8,-39,0,8,15,-2,-3,-6
28.993984,3386,rest,-16,-3,0,1,-2,-2,-8,-3
28.994022,3387,rest,27,5,1,-1,-2,0,0,8
29.016690,3388,rest,-5,31,-4,-2,-1,-1,-1,-2
29.016721,3389,rest,4,-2,0,-4,-4,-1,0,-10
29.019151,3390,rest,6,3,2,-1,-3,-2,3,0
29.019157,3391,rest,-6,-19,-4,-1,0,-2,-2,10
29.030918,3392,rest,4,9,-2,0,5,-1,-4,-6
29.030944,3393,rest,-8,3,-2,-5,-4,-2,2,-6
29.031982,3394,rest,-4,-15,2,3,0,-2,-2,-4
29.031991,3395,rest,6,4,0,-2,-3,0,-2,6
29.053443,3396,rest,28,15,2,-1,0,-1,2,-38
29.053465,3397,rest,-43,-38,-5,-2,20,-1,-4,14
29.054119,3398,rest,38,0,-3,-3,-35,0,1,2
29.054169,3399,rest,11,2,0,0,0,-2,-3,-6
29.076523,3400,rest,-23,-15,-7,0,2,0,-2,-8
29.076567,3401,rest,7,20,2,-3,-2,0,0,-4
29.078235,3402,rest,20,12,-1,0,9,0,1,-1
29.078241,3403,rest,12,-11,1,0,1,-1,-1,7
29.091058,3404,rest,-6,2,4,1,-3,-1,0,14
29.091090,3405,rest,0,4,-5,-4,-7,-4,-1,-53
29.092188,3406,rest,-16,-3,-4,-3,3,-2,0,8
29.092194,3407,rest,8,22,0,-6,-11,0,-1,-1
29.113153,3408,rest,-26,-50,-2,8,14,-4,-4,9
29.113176,3409,rest,7,-11,-2,-4,-4,-2,-1,-1
29.121030,3410,rest,-6,-5,1,1,8,-2,-1,-14
29.121050,3411,rest,-32,-14,-3,2,0,-1,0,2
29.136836,3412,rest,10,31,-1,-2,-3,0,0,-2
29.136868,3413,rest,-22,9,0,1,-3,1,-4,7
29.137460,3414,rest,-4,-4,-1,-2,-2,1,0,1
29.137529,3415,rest,14,5,-4,-3,2,-1,0,7
29.151043,3416,rest,-9,-10,-5,-5,-1,0,1,10
29.151059,3417,rest,-8,6,6,1,-5,1,1,5
29.151608,3418,rest,54,30,0,-2,-2,0,1,7
29.151725,3419,rest,3,-17,-2,0,3,-4,-5,-40
29.173331,3420,rest,-50,-79,-9,-5,-4,-3,-3,4
29.173349,3421,rest,25,14,-4,0,-6,0,-1,6
29.174471,3422,rest,-51,23,1,0,2,-1,1,-7
29.174475,3423,rest,14,4,2,0,-2,0,-1,7
29.196952,3424,rest,15,34,-5,0,8,2,1,-9
29.196958,3425,rest,6,-2,-2,-2,-35,-2,-1,4
29.197273,3426,rest,7,3,1,0,0,1,-3,4
29.197281,3427,rest,8,-3,0,0,0,-2,-1,7
29.212192,3428,rest,4,2,1,-4,-2,-1,-1,2
29.212197,3429,rest,-49,2,-2,-1,1,0,-1,17
29.212199,3430,rest,4,-34,-5,-2,2,0,0,-5
29.212201,3431,rest,-23,-8,-3,-4,-7,1,1,1
29.233671,3432,rest,-5,3,-3,-2,1,0,0,9
29.233694,3433,rest,43,23,1,1,3,-2,-1,-9
29.235748,3434,rest,-17,-13,-3,-1,-3,-2,0,1
29.235761,3435,rest,-2,9,-3,1,6,0,-1,8
29.257135,3436,rest,12,-36,3,-3,-6,2,3,-3
29.257143,3437,rest,10,-11,-2,-1,8,0,-2,1
29.257307,3438,rest,-48,9,-2,-2,-2,-1,-1,-1
29.257338,3439,rest,-19,-26,-7,0,1,-1,-1,1
29.272096,3440,rest,-14,39,3,1,-2,-2,0,2
29.272102,3441,rest,6,-2,0,-2,-1,1,-1,-3
29.272105,3442,rest,1,-13,-1,-3,1,0,0,3
29.272106,3443,rest,11,33,3,0,-3,0,2,-1
29.293312,3444,rest,4,3,-2,1,0,-1,0,28
29.293332,3445,rest,-6,-36,-2,-1,5,-1,-2,1
29.294598,3446,rest,11,5,3,-1,-3,-3,0,-10
29.294603,3447,rest,6,-30,-7,-2,22,0,3,-3
29.316691,3448,rest,41,23,4,0,5,-2,-5,-8
29.316717,3449,rest,-26,0,0,-1,1,0,-1,-4
29.318549,3450,rest,19,8,-4,-4,-5,-1,1,-53
29.318555,3451,rest,-24,-1,-2,-1,-1,0,-1,24
29.331892,3452,rest,10,6,1,0,-2,1,0,-1
29.331933,3453,rest,19,2,2,-1,1,-1,2,2
29.334789,3454,rest,38,29,2,-4,-2,-2,-2,-8
29.334807,3455,rest,-53,-45,-9,0,-5,-2,-7,-9
29.353400,3456,rest,-12,-12,8,0,-3,-1,0,-8
29.353423,3457,rest,10,12,-4,-1,-2,-4,-2,-2
29.354159,3458,rest,-1,6,0,-1,-3,-2,0,11
29.354183,3459,rest,26,22,-1,-3,-4,-2,-1,0
29.376556,3460,rest,-9,1,-5,-2,-3,-2,-1,9
29.376578,3461,rest,-3,-4,0,0,-1,0,0,-4
29.377649,3462,rest,15,5,1,1,2,0,0,14
29.377656,3463,rest,-2,-9,1,0,-6,-3,-2,-1
29.390251,3464,rest,-9,-29,-3,1,2,-2,-2,-12
29.390296,3465,rest,9,44,0,-3,-1,-2,-2,-7
29.399854,3466,rest,-21,-36,-2,2,3,-1,-2,6
29.399861,3467,rest,24,29,3,-2,-4,1,-1,-14
29.413367,3468,rest,17,15,0,0,-3,0,1,19
29.415849,3469,rest,-4,-6,0,-2,0,-1,-1,0
29.415858,3470,rest,5,2,1,1,-1,0,-4,11
29.415859,3471,rest,5,-1,-3,-3,-2,1,1,-6
29.436848,3472,rest,-24,5,3,1,28,-3,-1,-61
29.437048,3473,rest,-26,-5,-3,-1,-16,-1,-2,6
29.437308,3474,rest,-12,-68,-6,-1,0,0,-1,3
29.437318,3475,rest,7,1,3,0,-5,-1,-1,4
29.450406,3476,rest,44,35,-3,-2,4,-3,0,-4
29.450430,3477,rest,-4,-1,-3,-2,5,-1,1,0
29.458482,3478,rest,-19,15,0,0,2,0,-1,-1
29.458498,3479,rest,4,0,-2,-5,-6,-2,4,2
29.473443,3480,rest,8,-1,-2,2,-10,0,-1,-10
29.473475,3481,rest,2,-1,7,2,2,1,-2,-3
29.474690,3482,rest,4,-8,1,-2,-5,-1,-2,7
29.474696,3483,rest,-5,-4,-3,-2,-4,-1,1,1
29.496522,3484,rest,-15,-7,0,-1,-7,-1,-1,5
29.496549,3485,rest,-29,18,1,-1,2,0,-1,0
29.497198,3486,rest,14,-40,-2,-1,4,-2,-1,-9
29.497218,3487,rest,-28,-32,3,1,2,0,-3,-2
29.519162,3488,rest,-3,8,-3,-2,-10,-3,-3,8
29.519187,3489,rest,-3,-28,-2,0,1,-2,-1,-1
29.521544,3490,rest,9,19,-2,-2,-3,-4,-3,-29
29.521551,3491,rest,19,-1,5,1,-6,0,0,4
29.533558,3492,rest,-31,-11,-1,-1,7,-1,-1,10
29.533583,3493,rest,10,19,4,-1,-3,-1,0,1
29.536154,3494,rest,-26,-1,-1,1,2,1,-1,0
29.536163,3495,rest,12,-19,-6,-1,1,-3,-4,-2
29.557502,3496,rest,-28,-31,-2,-2,3,1,-2,-46
29.557511,3497,rest,-4,0,-5,-5,-34,-3,-3,10
29.557513,3498,rest,16,18,4,2,1,-1,-4,10
29.557515,3499,rest,-28,27,-2,1,2,0,-2,-3
29.570379,3500,rest,33,14,-2,-2,-8,-1,1,10
29.570460,3501,rest,-43,-8,-3,-2,9,-3,0,-8
29.578667,3502,rest,-6,-3,-2,-3,-4,1,9,13
29.578692,3503,rest,-19,39,-2,-7,-6,-1,-3,1
29.593628,3504,rest,14,-54,-1,2,-1,-1,-2,33
29.593648,3505,rest,7,5,1,1,10,-2,0,-3
29.594646,3506,rest,-27,-11,-3,-1,-4,-1,2,10
29.594651,3507,rest,28,7,-3,1,7,-2,1,-6
29.616549,3508,rest,-6,16,3,-3,-5,-1,0,4
29.616573,3509,rest,44,-8,-4,-1,2,0,-1,0
29.618305,3510,rest,-15,8,1,-1,-1,-1,-5,-2
29.618315,3511,rest,-12,-13,-1,-2,-6,-1,-2,0
29.630467,3512,rest,18,24,0,0,-9,-3,-6,4
29.630506,3513,rest,6,-34,-2,-1,1,1,0,1
29.638534,3514,rest,1,4,-3,-3,-1,-1,-3,-2
29.638565,3515,rest,21,25,1,1,-3,0,-1,2
29.653412,3516,rest,-30,-24,-4,-5,-2,0,1,5
29.653437,3517,rest,2,23,1,0,5,-2,-2,-5
29.654218,3518,rest,11,17,0,2,4,-1,0,37
29.654236,3519,rest,50,0,2,0,4,1,0,0
29.676674,3520,rest,-39,-1,-3,-4,-5,-2,-2,1
29.676699,3521,rest,-5,3,-5,0,23,2,0,-10
29.679232,3522,rest,14,-33,-3,-1,-16,-2,-1,-13
29.679240,3523,rest,20,-26,2,4,2,0,-2,55
29.690351,3524,rest,-6,23,-5,-3,-1,1,2,5
29.690368,3525,rest,7,-1,-1,-4,1,-1,0,-3
29.701013,3526,rest,9,13,2,1,2,-1,-3,-2
29.701023,3527,rest,-38,-16,-3,-1,3,-2,-1,-18
29.713458,3528,rest,6,-11,-3,-1,-2,0,0,-11
29.713484,3529,rest,5,6,-4,-1,-5,-2,-3,6
29.716034,3530,rest,3,20,1,-2,1,0,2,-6
29.716044,3531,rest,-22,-14,-3,-1,-4,-2,-4,-11
29.736608,3532,rest,4,-46,-1,-1,-3,0,5,16
29.736630,3533,rest,6,5,3,1,-4,-2,-1,-8
29.738866,3534,rest,2,-13,-1,0,1,0,1,-3
29.738873,3535,rest,-15,33,3,1,2,-1,-1,-3
29.750159,3536,rest,18,8,-3,-3,13,-2,-1,5
29.750184,3537,rest,-13,-39,-1,1,-6,-2,-1,-5
29.758398,3538,rest,29,15,0,-2,4,-3,-2,-2
29.758421,3539,rest,-78,5,-3,-2,-4,0,1,-10
29.773580,3540,rest,28,-18,-3,-1,-2,0,-3,-8
29.774980,3541,rest,1,1,2,0,-4,-1,0,-1
29.774985,3542,rest,-22,4,-2,-2,2,-1,-3,-5
29.774987,3543,rest,38,11,4,-3,-2,-2,0,-8
29.796587,3544,rest,-9,21,4,4,-2,1,-3,-1
29.796605,3545,rest,8,3,-3,-4,2,2,0,41
29.797216,3546,rest,4,4,0,5,0,0,-1,-3
29.797233,3547,rest,-8,-20,-6,-4,-3,-1,-2,-32
29.819155,3548,rest,1,4,-1,-2,-4,-3,-1,-5
29.821571,3549,rest,3,1,0,0,-2,-1,-1,-11
29.821579,3550,rest,0,13,1,-4,0,-1,-1,5
29.821581,3551,rest,-6,4,-1,-1,0,-2,-3,2
29.833624,3552,rest,-9,17,-1,0,0,1,0,1
29.833644,3553,rest,8,-34,-1,3,10,1,1,-6
29.835029,3554,rest,9,11,0,-2,-11,0,0,-4
29.835036,3555,rest,-76,-26,-6,-5,-2,0,-3,-8
29.858644,3556,rest,27,12,-1,-2,-4,-3,-2,-2
29.858654,3557,rest,-6,13,4,2,2,-2,-1,-4
29.858657,3558,rest,-1,-38,-6,0,2,-2,-1,-2
29.858659,3559,rest,36,7,6,1,-2,-2,3,6
29.879384,3560,rest,-6,11,-2,1,2,-1,-1,4
29.879412,3561,rest,-6,-6,-3,-5,-14,-1,2,-3
29.881866,3562,rest,-10,23,1,1,15,-1,-6,13
29.881875,3563,rest,36,11,1,4,1,-1,0,0
29.894057,3564,rest,-54,-35,-4,-3,-3,-3,-3,-11
29.896157,3565,rest,-52,3,-5,-2,-5,0,-1,-3
29.896165,3566,rest,-16,0,-4,-4,-5,0,2,-4
29.896167,3567,rest,36,22,0,0,1,-1,0,5
29.916810,3568,rest,12,4,2,1,-2,0,1,0
29.916835,3569,rest,11,-1,-3,-1,-2,-1,-4,-10
29.919565,3570,rest,-13,10,-2,-2,-1,-2,-2,-4
29.919581,3571,rest,15,-14,1,1,6,0,-1,94
29.939109,3572,rest,0,12,4,-3,-6,-1,0,2
29.939127,3573,rest,89,-10,-4,5,0,-2,-2,-5
29.940012,3574,rest,-75,-56,-8,-2,6,-1,-3,-9
29.940074,3575,rest,28,-11,-1,-3,10,-1,0,-28
29.953418,3576,rest,-10,10,-6,-3,-5,0,0,-8
29.953442,3577,rest,19,36,7,-1,0,0,0,11
29.954266,3578,rest,12,-16,-3,-2,-7,0,-1,-9
29.954291,3579,rest,-1,-10,-6,-2,-4,0,-2,-18
29.976540,3580,rest,-9,11,0,1,1,1,-2,2
29.976561,3581,rest,-16,-8,-2,-2,-3,-1,-1,-15
29.978510,3582,rest,30,29,2,0,-4,-1,1,0
29.978517,3583,rest,-27,-9,-1,-4,-10,-2,-7,-12
30.001144,3584,rest,46,-52,-2,3,27,1,0,6
30.001152,3585,rest,-27,-22,1,-3,-31,-1,-1,1
30.001154,3586,rest,-17,-14,-3,-5,5,-4,-1,-5
30.001156,3587,rest,2,18,1,0,-1,-2,2,-25
30.013530,3588,rest,31,26,3,8,4,0,-3,-3
30.013551,3589,rest,15,-3,-5,-4,8,-1,-1,1
30.016244,3590,rest,-60,-20,1,0,-4,-3,-2,-67
30.016251,3591,rest,27,18,-3,-3,-5,0,1,13
30.036682,3592,rest,-35,-22,3,-2,-6,-1,-2,-3
30.036711,3593,rest,-1,2,0,1,5,-1,-3,-4
30.038503,3594,rest,30,29,-3,-4,8,-1,-1,-5
30.038510,3595,rest,12,1,2,-1,2,0,0,-6
30.058949,3596,rest,-17,2,-1,-2,-6,-2,0,0
30.058968,3597,rest,3,17,0,0,4,-2,-2,6
30.060410,3598,rest,9,-10,-1,1,-2,1,-2,18
30.060445,3599,rest,-3,-9,-2,-1,0,-1,-1,-5
32.084193,3600,clench,-34,15,-8,-1,-4,-1,26,11
32.084773,3601,clench,9,34,2,-2,-29,-6,-29,3
32.087063,3602,clench,-10,-36,1,3,39,9,16,-13
32.087072,3603,clench,1,15,-11,-4,2,-3,19,-23
32.098528,3604,clench,4,65,3,-3,-4,6,-8,-5
32.098559,3605,clench,30,-14,-5,0,-2,-6,11,-16
32.105168,3606,clench,-9,16,18,1,-5,0,-2,22
32.105320,3607,clench,-23,-28,-7,8,0,-1,0,-10
32.122058,3608,clench,4,-51,-2,-8,-2,-7,-6,-1
32.122065,3609,clench,-4,9,-6,7,15,1,1,-15
32.123131,3610,clench,-7,44,2,-8,-21,-7,-10,18
32.123171,3611,clench,33,31,-4,3,4,11,13,-1
32.144479,3612,clench,-14,-13,2,-6,-11,-3,-5,-2
32.144510,3613,clench,-6,-9,2,1,-11,2,1,-5
32.146641,3614,clench,-4,9,-2,-1,28,-5,-15,-4
32.146650,3615,clench,9,-73,-11,-6,-7,-6,-4,3
32.158433,3616,clench,-44,22,-13,1,-2,-2,6,-14
32.158457,3617,clench,7,55,-6,-5,0,-1,-3,9
32.168261,3618,clench,-21,34,20,5,-12,-4,-3,0
32.168267,3619,clench,13,10,-1,-4,-6,-2,0,-4
32.182906,3620,clench,5,-51,-23,3,7,-1,2,-11
32.182913,3621,clench,6,-55,16,-2,2,5,23,30
32.183084,3622,clench,-8,73,0,-4,-8,-1,-2,6
32.183093,3623,clench,-15,16,-2,-3,3,-6,-10,-13
32.204083,3624,clench,6,-18,-3,0,-2,-4,-26,4
32.204105,3625,clench,-8,-13,-3,1,2,0,16,-7
32.205806,3626,clench,17,-31,-5,1,-3,2,-10,14
32.205815,3627,clench,-57,-13,12,-4,7,1,16,12
32.218545,3628,clench,2,8,-4,0,-5,-4,-8,29
32.218570,3629,clench,19,-36,-3,0,1,-9,13,22
32.228140,3630,clench,10,-21,-21,3,-3,-12,-42,-26
32.228146,3631,clench,22,120,84,10,-11,0,-4,-35
32.241873,3632,clench,41,-34,-10,-11,-5,5,-5,12
32.241899,3633,clench,-21,1,-16,-2,8,0,0,-11
32.248018,3634,clench,-10,-84,-4,-7,-22,-8,11,-12
32.248040,3635,clench,0,-58,-38,-2,10,-5,-3,4
32.264304,3636,clench,-2,0,6,1,-15,-5,1,-5
32.264327,3637,clench,8,29,20,4,-2,5,-8,-12
32.266722,3638,clench,-2,-14,-5,-1,4,0,14,-3
32.266727,3639,clench,-16,-15,-13,-4,4,2,-9,4
32.277555,3640,clench,7,24,11,1,4,3,14,5
32.277572,3641,clench,-10,-40,-14,-2,4,-4,-13,3
32.294073,3642,clench,-9,61,-4,-2,-2,2,9,-7
32.294091,3643,clench,12,-69,-1,5,3,-4,-9,8
32.301581,3644,clench,-1,50,22,-9,-22,-8,0,21
32.301604,3645,clench,3,7,-18,-2,7,-1,-29,-8
32.303474,3646,clench,-12,38,11,-1,3,6,20,1
32.303484,3647,clench,-16,-3,3,-1,-12,12,12,29
32.324116,3648,clench,27,-64,-24,-7,1,-3,-7,-9
32.324140,3649,clench,-27,0,-3,-7,-20,-8,-9,-18
32.325452,3650,clench,8,10,7,0,1,3,0,4
32.325536,3651,clench,14,-15,-20,2,0,-15,-20,-7
32.338362,3652,clench,-30,-14,-12,2,-2,-4,7,-7
32.338370,3653,clench,-10,81,45,8,11,8,5,20
32.347776,3654,clench,53,48,10,4,0,0,-8,-4
32.347786,3655,clench,-75,-7,-10,-8,-9,0,1,-4
32.361455,3656,clench,8,-19,-1,1,11,-1,9,-2
32.361481,3657,clench,11,11,-10,0,4,2,-15,-16
32.363792,3658,clench,6,-115,-27,-5,-3,-6,15,5
32.363801,3659,clench,-18,74,30,1,-12,-12,-57,-5
32.386317,3660,clench,10,7,-4,-2,26,20,20,-48
32.386324,3661,clench,-35,-3,-11,2,-7,-7,6,10
32.386327,3662,clench,60,-13,6,-4,5,10,-1,-4
32.386328,3663,clench,-32,4,-25,-7,-13,-7,24,18
32.397773,3664,clench,1,-29,3,8,18,-3,5,-11
32.397810,3665,clench,-6,-17,2,2,-10,-10,-59,-2
32.408321,3666,clench,-24,24,0,-3,-2,6,55,-7
32.408328,3667,clench,25,-84,-37,-8,0,3,-10,-6
32.421606,3668,clench,-4,91,52,10,9,-2,-5,-16
32.421626,3669,clench,26,56,12,-5,0,2,6,-5
32.423201,3670,clench,-8,8,3,-2,-10,-6,-8,11
32.423219,3671,clench,-3,-37,-9,0,7,1,8,-3
32.444059,3672,clench,0,-34,-28,-10,-17,-10,-14,-2
32.444082,3673,clench,9,-66,4,1,-5,-2,43,-10
32.445415,3674,clench,12,118,44,1,22,20,-55,2
32.445430,3675,clench,53,29,4,-6,-11,-7,10,2
32.457721,3676,clench,-47,-3,-9,2,-2,-7,-16,-7
32.457746,3677,clench,6,9,-11,-4,7,3,18,-8
32.468197,3678,clench,-29,-45,-12,6,-4,-19,-56,9
32.468202,3679,clench,4,-70,2,-5,2,6,13,-24
32.481705,3680,clench,3,109,42,3,-9,11,20,25
32.481739,3681,clench,17,-39,-11,-8,-5,-2,-7,-3
32.482866,3682,clench,20,-105,-1,3,-4,-2,-8,1
32.482881,3683,clench,-30,65,14,0,6,-4,-16,3
32.504111,3684,clench,14,-34,-27,-4,-9,-13,-9,12
32.504140,3685,clench,-52,-49,-9,1,8,4,7,8
32.505661,3686,clench,11,43,3,0,-14,-11,13,-9
32.505755,3687,clench,-19,48,-7,-6,-20,-4,-1,-10
32.517793,3688,clench,29,-22,-7,-3,29,8,4,11
32.517826,3689,clench,16,15,-7,-1,-6,-1,-18,-11
32.527456,3690,clench,-19,-11,-18,-3,-1,-1,14,-14
32.527520,3691,clench,-13,-18,-2,1,-6,-7,6,7
32.541404,3692,clench,-7,-19,-5,3,-5,-4,-7,17
32.541425,3693,clench,4,-19,-5,-2,19,7,3,2
32.543042,3694,clench,-14,29,-4,5,-22,-3,-1,-7
32.543059,3695,clench,11,-17,14,0,4,5,27,5
32.563227,3696,clench,-34,26,11,0,0,-5,-23,-14
32.563249,3697,clench,33,17,-1,-3,-7,0,32,1
32.571941,3698,clench,-7,-37,-10,-2,1,-4,6,-15
32.571947,3699,clench,8,75,8,1,5,-3,-18,-26
32.578031,3700,clench,-10,-99,-19,-10,-14,-4,-3,3
32.578127,3701,clench,-2,15,17,2,-3,-2,2,8
32.588243,3702,clench,-1,9,1,-6,-2,2,-2,-16
32.588252,3703,clench,43,-3,-14,2,-10,-3,-4,1
32.602986,3704,clench,-4,-4,-5,-1,4,-10,1,13
32.602997,3705,clench,-31,21,-16,0,3,7,11,3
32.603155,3706,clench,26,-24,24,0,21,0,-49,-4
32.603161,3707,clench,24,10,-6,-2,-6,2,20,12
32.624111,3708,clench,-1,-74,-16,2,-12,5,17,2
32.624136,3709,clench,9,34,6,-2,-10,-7,-20,-5
32.626203,3710,clench,-10,47,0,-1,4,0,-3,23
32.626208,3711,clench,4,-61,-17,0,-3,4,17,2
32.646496,3712,clench,-3,77,15,5,9,-3,-19,1
32.646521,3713,clench,29,39,16,0,-3,-1,10,-8
32.648301,3714,clench,-58,-12,-10,-3,-8,0,10,-13
32.648306,3715,clench,13,-42,-1,-2,9,-1,-17,-25
32.661504,3716,clench,3,18,-14,-1,-4,6,43,-2
32.663452,3717,clench,-3,-14,-8,2,24,-2,-34,-1
32.663458,3718,clench,-55,-9,-29,-3,-8,-8,92,-10
32.663460,3719,clench,-2,97,47,3,0,6,-67,13
32.683968,3720,clench,30,-23,-4,-3,2,2,4,-6
32.683989,3721,clench,7,-7,-7,-6,-23,-6,-12,3
32.685876,3722,clench,11,-39,-3,-1,17,9,11,7
32.685902,3723,clench,-11,-19,-16,2,2,-6,7,-2
32.706643,3724,clench,-7,8,10,2,3,0,-7,-1
32.706668,3725,clench,28,-43,2,-1,-2,0,-3,-15
32.708036,3726,clench,-73,-30,-31,3,-11,-13,-42,2
32.708041,3727,clench,15,80,67,5,7,16,44,19
32.721667,3728,clench,26,-2,6,-6,-15,-3,-15,-4
32.721705,3729,clench,-16,-19,-10,-6,-4,-3,-2,-16
32.723490,3730,clench,22,-7,-10,-3,-13,-1,-4,7
32.723496,3731,clench,-9,-25,-26,0,32,-2,-10,-29
32.745910,3732,clench,-23,0,-12,2,-1,5,3,10
32.745916,3733,clench,6,-5,2,2,-10,-6,-14,7
32.745918,3734,clench,-20,-44,19,0,34,1,-13,11
32.745920,3735,clench,12,-1,-15,-5,-42,-1,38,-3
32.766702,3736,clench,-5,-72,-26,0,9,-12,4,-23
32.766727,3737,clench,-20,28,26,3,19,22,-37,-9
32.768683,3738,clench,40,36,8,-3,-14,-3,-21,5
32.768690,3739,clench,34,-28,-10,-7,-8,-9,6,-5
32.781004,3740,clench,-20,-32,-6,0,-4,-8,-8,-16
32.781036,3741,clench,-32,0,0,-4,-31,-12,-3,4
32.787764,3742,clench,15,57,0,-4,15,12,31,7
32.787781,3743,clench,-15,-128,-5,0,21,1,-11,16
32.804022,3744,clench,1,102,2,2,-13,-8,-4,0
32.804045,3745,clench,18,-5,19,1,2,-2,4,7
32.805484,3746,clench,26,1,11,-2,-18,-3,1,-21
32.805493,3747,clench,-52,-12,-27,-3,0,-5,-5,3
32.826490,3748,clench,-31,-7,24,4,5,3,-5,5
32.826513,3749,clench,-4,-59,-43,-2,-17,-6,10,-1
32.827836,3750,clench,59,81,51,1,28,4,8,-16
32.828033,3751,clench,-8,12,-2,3,-2,1,12,18
32.840854,3752,clench,-14,-35,-1,-8,1,17,2,-1
32.840878,3753,clench,22,29,-24,-10,-5,-11,-11,-19
32.847537,3754,clench,-14,-79,-9,-1,-7,-4,-11,-3
32.847563,3755,clench,19,75,-2,0,7,-4,-6,-4
32.864058,3756,clench,8,-31,3,-1,-2,3,5,12
32.864082,3757,clench,-12,10,-2,0,7,-2,5,8
32.866253,3758,clench,4,12,-3,0,-12,0,10,12
32.866258,3759,clench,1,35,10,-1,15,4,-11,11
32.887335,3760,clench,11,-20,-5,1,-6,-5,-3,-7
32.887342,3761,clench,2,-8,9,3,8,3,4,-2
32.888036,3762,clench,-4,-5,-15,-4,-13,-4,2,33
32.888057,3763,clench,0,-60,-10,2,-4,6,-5,-3
32.902364,3764,clench,-6,88,6,-6,-10,-4,-14,-17
32.902372,3765,clench,-11,38,19,15,31,-1,-25,26
32.907662,3766,clench,-22,-55,18,-1,-18,4,32,45
32.907680,3767,clench,17,30,-3,2,5,10,10,-13
32.923947,3768,clench,1,-7,-15,-16,-13,-7,-5,-3
32.923972,3769,clench,-8,24,-6,2,18,5,41,13
32.926740,3770,clench,-6,-14,-17,-7,-14,-11,-40,-28
32.926747,3771,clench,-13,-24,0,3,3,-4,0,-8
32.949067,3772,clench,17,-9,-3,4,-3,-2,-6,1
32.949075,3773,clench,-6,2,17,0,-9,-2,11,2
32.949077,3774,clench,-12,-14,-5,3,9,-4,9,-12
32.949079,3775,clench,-10,37,-17,-9,-15,-7,-24,9
32.960819,3776,clench,-6,40,24,5,9,-1,-2,-12
32.960841,3777,clench,33,-16,1,-5,-16,-2,10,3
32.967699,3778,clench,-35,17,-1,2,2,4,-23,-17
32.967723,3779,clench,22,-16,3,2,4,5,11,27
32.984085,3780,clench,5,-38,-30,-7,-16,-4,-7,4
32.984105,3781,clench,10,-97,-23,-8,-4,4,2,8
32.985544,3782,clench,3,113,16,-2,-15,-4,-10,0
32.985567,3783,clench,9,-21,-2,1,20,-2,-8,-59
33.006483,3784,clench,3,4,-3,1,5,1,9,10
33.006507,3785,clench,-11,-29,14,0,-6,0,7,-19
33.008089,3786,clench,3,-79,-25,4,12,-1,-15,11
33.008142,3787,clench,-69,18,8,-2,-20,-11,-3,-25
33.020810,3788,clench,22,73,16,5,16,4,4,-5
33.020827,3789,clench,-7,-12,0,-13,-13,-2,21,-16
33.027763,3790,clench,-13,-32,5,-1,-11,-2,-50,-23
33.028893,3791,clench,20,-9,-8,-2,10,5,37,20
33.043884,3792,clench,-4,-37,-1,-1,-2,-3,-8,13
33.043904,3793,clench,-1,23,-6,0,-1,4,-11,-1
33.045367,3794,clench,12,24,-1,-1,3,1,37,-7
33.045391,3795,clench,1,-28,4,1,-6,-3,-35,2
33.066854,3796,clench,-4,29,4,-1,-3,-3,-16,-1
33.066879,3797,clench,-2,-25,0,2,-15,-4,0,7
33.069252,3798,clench,27,42,-10,0,28,-4,3,-6
33.069261,3799,clench,11,-36,-9,-2,-4,2,-36,16
33.080936,3800,clench,11,55,18,-10,1,17,28,32
33.081015,3801,clench,-21,73,-4,-2,5,-1,-12,-13
33.087621,3802,clench,7,-38,-2,-5,-24,-7,2,-7
33.087646,3803,clench,4,-14,-17,0,10,-5,1,10
33.105124,3804,clench,-13,-31,-7,5,3,-5,-12,5
33.105131,3805,clench,1,24,11,3,4,-2,-10,7
33.105621,3806,clench,-4,1,5,2,1,2,-17,4
33.105629,3807,clench,8,-31,-18,-5,14,8,46,14
33.126516,3808,clench,-4,66,36,3,-28,-5,-11,-19
33.128739,3809,clench,-8,7,-4,0,25,5,-26,-7
33.128745,3810,clench,1,-32,-16,-6,-6,-2,22,-10
33.128747,3811,clench,-40,7,-4,-6,-26,-8,-20,-26
33.140109,3812,clench,-5,-79,13,3,32,7,25,-4
33.140126,3813,clench,5,26,-15,2,3,-4,6,14
33.151325,3814,clench,9,-15,10,-5,-1,-2,-6,4
33.151332,3815,clench,13,68,0,-1,-24,0,11,8
33.164271,3816,clench,-11,-92,-59,-9,-16,-15,-35,-38
33.164307,3817,clench,41,24,57,8,3,19,27,3
33.166153,3818,clench,-19,-24,-10,-4,8,5,17,4
33.166158,3819,clench,5,18,12,-3,-8,-8,1,-11
33.186508,3820,clench,10,-65,-21,-1,9,-6,-17,-30
33.186530,3821,clench,-10,-9,-7,4,-8,-8,-11,10
33.187981,3822,clench,47,14,2,0,-5,-4,-2,9
33.188007,3823,clench,-22,-19,10,0,5,4,7,-5
33.202205,3824,clench,-4,22,7,2,-12,-5,-7,-2
33.202214,3825,clench,-1,-19,-9,-12,12,5,4,-6
33.210070,3826,clench,-26,31,3,5,6,2,11,15
33.210077,3827,clench,19,8,-13,-6,0,-7,-19,-1
33.223920,3828,clench,-4,36,8,8,4,0,3,-3
33.223943,3829,clench,-27,-5,-12,-6,-23,0,5,10
33.225513,3830,clench,36,-19,0,0,29,0,-10,-5
33.225531,3831,clench,-1,-1,0,2,7,2,-12,-2
33.247618,3832,clench,-23,-101,-1,-4,-7,-1,11,-6
33.247624,3833,clench,18,76,-20,1,-5,-10,-3,-11
33.248030,3834,clench,-67,-1,21,8,7,8,-32,-9
33.248048,3835,clench,28,14,-4,-11,-21,-2,30,-12
33.262710,3836,clench,46,-18,12,0,-1,-5,14,10
33.262717,3837,clench,-28,-80,-28,-2,3,-16,-34,-22
33.270502,3838,clench,10,2,-11,-2,-10,2,16,-6
33.270512,3839,clench,1,29,16,3,16,0,-5,9
33.284034,3840,clench,-17,-4,-19,-1,-3,-1,-5,9
33.284053,3841,clench,3,-15,9,-4,-6,-4,15,0
33.285906,3842,clench,5,81,-9,-2,4,4,3,1
33.285912,3843,clench,-8,-112,17,12,3,-3,-18,7
33.306666,3844,clench,9,109,-17,-7,28,1,-17,4
33.308134,3845,clench,6,45,20,-7,-19,5,35,5
33.308140,3846,clench,9,12,0,-3,-12,-2,13,1
33.308142,3847,clench,7,19,0,-8,-12,-3,-20,2
33.320177,3848,clench,-4,-51,12,4,2,5,1,1
33.320206,3849,clench,-15,7,-9,0,15,-5,-10,-14
33.335229,3850,clench,-7,-18,-12,0,-7,-1,1,-2
33.335248,3851,clench,1,-4,-6,-1,-1,-5,4,6
33.344017,3852,clench,-8,12,-1,3,-4,-4,1,7
33.344041,3853,clench,-4,-25,0,1,3,8,-7,-17
33.345758,3854,clench,8,2,-11,-9,-1,-3,-2,11
33.345784,3855,clench,23,-36,-3,3,19,9,-17,11
33.366699,3856,clench,9,50,11,-7,-11,0,4,-21
33.369293,3857,clench,-3,-18,5,-2,-7,-4,-8,10
33.369308,3858,clench,24,-38,-1,2,-7,-5,1,-10
33.369311,3859,clench,-11,35,0,0,-6,0,-1,-5
33.389456,3860,clench,0,-19,-17,-2,3,4,8,42
33.389467,3861,clench,10,-59,-3,2,3,-3,-7,-3
33.390572,3862,clench,3,35,8,-6,-15,-7,13,2
33.390592,3863,clench,-15,27,1,-2,-20,-9,-42,-2
33.404376,3864,clench,-9,-2,41,16,29,25,68,24
33.404381,3865,clench,-35,-18,-5,-6,-23,-11,-24,16
33.405448,3866,clench,10,-41,0,7,13,0,-14,-12
33.405466,3867,clench,11,50,6,-5,-20,-9,51,16
33.426627,3868,clench,20,-5,-10,-2,16,10,-42,-45
33.426650,3869,clench,-6,-35,-18,-2,-4,0,-8,0
33.428031,3870,clench,-10,44,15,1,9,1,6,11
33.428103,3871,clench,-1,4,-6,0,3,-5,0,-8
33.440308,3872,clench,-20,-21,-5,-3,-15,-8,-11,-16
33.440333,3873,clench,18,36,3,3,10,6,18,-11
33.449774,3874,clench,-2,-42,-41,-9,-10,-9,-11,-19
33.449783,3875,clench,-45,78,56,16,7,-1,-5,27
33.464028,3876,clench,60,15,9,-8,-13,3,0,6
33.464048,3877,clench,20,-19,-10,0,5,3,-6,3
33.466108,3878,clench,-57,-32,3,-2,-8,-5,-8,5
33.466119,3879,clench,-5,-46,-31,-7,-23,-2,9,-22
33.486538,3880,clench,-17,-27,-11,-3,45,0,-4,-3
33.486564,3881,clench,18,39,11,3,-21,-1,-8,0
33.488858,3882,clench,-11,-71,1,1,11,9,17,1
33.488867,3883,clench,-7,37,7,6,12,5,9,37
33.500135,3884,clench,-20,31,4,-3,-26,-9,-18,-7
33.500158,3885,clench,-7,-15,-6,0,29,7,-2,-8
33.510101,3886,clench,-12,-51,-34,-3,1,-8,-11,-6
33.510106,3887,clench,14,63,47,5,0,11,43,0
33.524116,3888,clench,-28,-6,-5,-1,-14,-7,-42,-20
33.524143,3889,clench,-40,-23,-4,-3,-9,-6,1,-9
33.525664,3890,clench,29,-23,2,3,8,8,-8,12
33.525711,3891,clench,0,-50,-20,-4,18,-3,-34,-28
33.546555,3892,clench,-15,-5,-33,-6,-25,1,38,8
33.546582,3893,clench,19,26,47,4,5,1,10,1
33.548351,3894,clench,-18,27,-2,-5,-9,-8,3,13
33.548386,3895,clench,4,-15,-2,-5,-17,2,-11,-13
33.569070,3896,clench,1,48,7,0,25,3,4,11
33.571248,3897,clench,-9,-33,-20,-2,-1,-6,-20,-9
33.571258,3898,clench,39,99,3,5,-7,-10,9,-7
33.571260,3899,clench,25,-28,-5,-7,-3,13,-3,-3
33.584131,3900,clench,-6,-85,-3,-3,-10,-8,-14,8
33.584206,3901,clench,-4,42,-2,-6,0,-2,30,-4
33.585692,3902,clench,-23,-22,11,3,-9,0,-24,3
33.585707,3903,clench,-2,-35,-21,-6,5,-11,-13,-13
33.613980,3904,clench,8,-3,-19,0,-6,-5,18,6
33.613998,3905,clench,11,-12,18,10,11,1,-32,27
33.615778,3906,clench,-1,23,3,-1,13,13,7,-6
33.615806,3907,clench,-21,-16,-5,-6,-4,-5,2,0
33.629040,3908,clench,40,-8,9,2,-7,-5,-19,7
33.629058,3909,clench,-69,4,-12,6,4,-3,55,1
33.630764,3910,clench,8,2,13,-1,-21,3,-14,11
33.630774,3911,clench,17,-4,-12,-5,31,-3,-1,-11
33.644034,3912,clench,-11,-4,5,2,-25,3,5,-2
33.645598,3913,clench,8,-62,-1,-2,8,-3,-12,10
33.645604,3914,clench,3,15,17,-1,1,-2,2,-9
33.645607,3915,clench,-22,35,-18,2,0,-1,12,-9
33.666537,3916,clench,8,89,23,1,-5,-5,11,6
33.666565,3917,clench,22,-26,13,2,3,8,-24,-2
33.668298,3918,clench,9,-33,-2,-7,2,0,25,-23
33.668307,3919,clench,-2,5,-17,-8,-8,-9,-32,2
33.689101,3920,clench,-8,-6,0,-2,-2,-9,-5,-6
33.689143,3921,clench,-2,18,-19,1,-4,2,5,-2
33.690528,3922,clench,3,-75,7,7,12,4,7,3
33.690549,3923,clench,-19,57,7,-2,-15,1,1,3
33.704112,3924,clench,7,-20,-2,0,28,8,1,-2
33.704138,3925,clench,36,13,-4,-5,-16,-14,-10,-41
33.706402,3926,clench,-57,-16,-10,1,-5,-1,0,17
33.706410,3927,clench,6,-16,15,4,3,2,-19,-7
33.726370,3928,clench,3,-53,-25,-6,-14,-2,55,16
33.726390,3929,clench,22,114,51,6,-2,-5,-42,-26
33.728319,3930,clench,29,-33,9,-2,0,5,-2,7
33.728340,3931,clench,-11,-39,-14,-1,2,-3,12,20
33.749128,3932,clench,14,17,5,3,-1,1,-3,-10
33.749152,3933,clench,-28,-90,-18,-7,3,-7,18,-4
33.750485,3934,clench,-4,42,0,-3,-6,-5,-24,-9
33.750570,3935,clench,9,51,12,-1,-11,0,13,8
33.764039,3936,clench,-27,-56,-5,0,4,-4,-27,-18
33.764046,3937,clench,-1,54,-15,-3,3,5,5,-11
33.770203,3938,clench,14,33,18,2,2,-3,-2,7
33.770227,3939,clench,-13,-116,-27,-2,-6,-3,-17,-2
33.787055,3940,clench,17,90,24,7,-28,-12,5,3
33.787075,3941,clench,-27,-86,-9,-10,38,17,15,12
33.788947,3942,clench,0,97,14,0,4,-2,4,12
33.788956,3943,clench,25,-48,7,0,-6,-1,10,-2
33.808916,3944,clench,-11,-21,-4,6,1,-4,-19,-15
33.808935,3945,clench,-48,-9,-16,5,0,0,15,24
33.810595,3946,clench,-1,-17,-7,-12,-5,3,11,27
33.810663,3947,clench,3,36,4,-3,-2,-4,-14,0
33.823473,3948,clench,-6,4,2,-2,6,3,12,17
33.823501,3949,clench,8,8,-16,1,-7,-13,-26,8
33.830162,3950,clench,-1,-17,-10,-2,-1,3,3,-15
33.830187,3951,clench,-11,-11,-1,-1,-4,-1,-4,-18
33.846466,3952,clench,19,21,5,-2,-4,-4,-6,-20
33.846487,3953,clench,16,-48,-14,0,9,-9,-24,13
33.848209,3954,clench,17,58,-1,-8,-12,17,59,-18
33.848249,3955,clench,-17,-31,9,0,12,1,-1,10
33.868907,3956,clench,-16,-2,-11,-4,-6,3,1,0
33.868930,3957,clench,27,39,6,-5,1,-5,7,2
33.870712,3958,clench,-23,-25,1,7,-7,-12,-45,6
33.870721,3959,clench,28,-47,1,5,17,5,16,-8
33.882692,3960,clench,-13,26,26,-1,-8,-2,-6,5
33.882711,3961,clench,8,28,-9,-3,-18,-1,11,2
33.892124,3962,clench,38,-25,-13,2,2,-9,-37,-12
33.892129,3963,clench,-7,56,1,-2,6,0,-6,-18
33.906488,3964,clench,-18,-44,-13,-2,-2,-3,-10,8
33.906511,3965,clench,16,14,7,-1,-3,5,1,7
33.907998,3966,clench,6,-41,-8,-1,-1,-7,7,12
33.908017,3967,clench,-4,-9,-8,0,-10,-8,3,19
33.928905,3968,clench,-5,-20,-14,-2,22,-3,-5,10
33.928927,3969,clench,41,34,22,4,-30,14,21,3
33.930475,3970,clench,-1,21,-3,1,41,3,8,-16
33.930484,3971,clench,-10,3,-2,-5,-11,-10,-31,-13
33.943271,3972,clench,-17,79,14,-1,2,11,-19,-8
33.943293,3973,clench,26,-16,-12,-2,-3,5,24,8
33.950112,3974,clench,-24,-6,-11,-6,-21,-9,-3,-1
33.950138,3975,clench,35,3,2,0,-8,-7,-2,4
33.966639,3976,clench,-25,-65,-6,3,6,2,-4,-18
33.966661,3977,clench,-23,23,-3,-8,14,9,2,-2
33.968638,3978,clench,-4,24,20,6,-13,9,-16,-1
33.968646,3979,clench,19,-23,-17,-5,-1,-2,6,-6
33.988952,3980,clench,5,12,-2,-2,1,-1,28,2
33.988972,3981,clench,-78,-26,-5,4,-10,-14,-32,-16
33.990548,3982,clench,13,-24,-15,-10,6,-6,7,6
33.990570,3983,clench,8,30,10,3,-8,0,-14,-11
34.003336,3984,clench,19,-10,-8,-5,3,4,-8,19
34.003358,3985,clench,21,7,1,0,13,6,11,28
34.010091,3986,clench,-2,20,11,0,-24,-10,2,-4
34.010114,3987,clench,-28,-43,10,7,33,9,1,6
34.026487,3988,clench,-17,-62,2,-7,-12,-6,-1,-5
34.026507,3989,clench,18,36,1,-2,-5,-5,1,1
34.027988,3990,clench,-15,46,-2,-3,-5,-2,-4,-26
34.028069,3991,clench,-23,1,-17,-1,-8,0,26,-31
34.049172,3992,clench,20,-27,7,1,6,2,-17,11
34.049204,3993,clench,-34,-53,3,-5,-9,-5,-1,-44
34.050587,3994,clench,5,-7,-5,-5,-36,-9,11,-5
34.050612,3995,clench,-46,32,-1,3,33,9,2,6
34.063352,3996,clench,15,5,-16,0,1,-11,-13,6
34.063374,3997,clench,-5,17,2,-1,5,-6,-13,-6
34.070229,3998,clench,2,-13,0,7,-8,15,29,14
34.070261,3999,clench,14,-1,5,-6,3,1,-51,-38
34.086579,4000,clench,10,30,0,-2,-8,2,6,5
34.086661,4001,clench,-23,-20,-4,2,-9,-11,11,11
34.088370,4002,clench,41,-12,-4,3,31,-1,-17,-7
34.088381,4003,clench,8,-32,-19,-1,-10,-1,-9,15
34.108899,4004,clench,-16,-51,6,2,4,0,21,-12
34.108934,4005,clench,30,37,-1,-5,-8,0,-11,4
34.110453,4006,clench,-10,-41,6,3,9,0,-4,-2
34.110519,4007,clench,-12,-3,-23,2,-17,-9,8,15
34.122653,4008,clench,26,40,23,-13,-10,4,8,0
34.122678,4009,clench,35,-29,-4,0,0,-5,-8,-9
34.131989,4010,clench,-47,-16,-8,-2,0,-3,3,13
34.131997,4011,clench,16,-8,6,3,-13,0,10,3
34.146662,4012,clench,-29,-65,-34,-2,26,-14,29,-30
34.146688,4013,clench,3,80,46,11,6,19,-32,24
34.148165,4014,clench,18,-18,-6,-9,-12,-5,2,-9
34.148178,4015,clench,-33,2,13,-2,1,2,19,6
34.169103,4016,clench,6,-20,-17,6,-2,0,-29,4
34.169139,4017,clench,-30,-21,-11,-8,-12,-9,3,8
34.170826,4018,clench,19,-24,8,-2,-6,-1,2,4
34.170837,4019,clench,15,9,2,-3,21,-2,-2,7
34.182831,4020,clench,1,15,10,4,-11,-1,-14,-9
34.182870,4021,clench,-26,65,-6,0,7,-15,-14,-12
34.192162,4022,clench,-22,54,15,-4,-5,10,-3,-3
34.192168,4023,clench,31,-19,-5,-4,-5,3,26,14
34.206533,4024,clench,14,29,1,-1,-12,0,-18,-31
34.206562,4025,clench,16,-34,2,2,-6,-5,-14,-36
34.208042,4026,clench,-11,-14,-10,4,17,1,23,14
34.208067,4027,clench,-10,73,20,6,11,-2,16,-4
34.229014,4028,clench,9,-19,-8,-6,-8,11,6,12
34.229043,4029,clench,-24,-60,-27,-7,-11,-2,-25,-5
34.230479,4030,clench,37,14,2,4,21,-4,-15,-8
34.230538,4031,clench,-43,45,5,-3,-44,-7,2,-9
34.242582,4032,clench,-5,27,1,-1,5,-2,5,5
34.242599,4033,clench,6,-63,-6,-2,1,3,21,-1
34.251406,4034,clench,-2,18,-19,-10,-4,-2,10,8
34.251444,4035,clench,3,-38,2,0,21,4,-15,-5
34.267770,4036,clench,-67,4,1,2,-5,-1,-1,-2
34.267776,4037,clench,37,27,-2,-7,-16,-2,3,0
34.268032,4038,clench,-40,-33,-6,6,11,-3,-11,-7
34.268111,4039,clench,19,-8,7,-1,-3,2,4,11
34.288961,4040,clench,8,4,-5,-2,-9,-12,-28,2
34.288981,4041,clench,8,59,16,1,21,-1,52,-26
34.290540,4042,clench,1,34,9,-1,2,6,-3,6
34.290555,4043,clench,18,-35,6,1,-13,3,-14,-8
34.302782,4044,clench,-42,-20,3,3,1,4,21,25
34.302806,4045,clench,-20,-19,-19,2,12,2,5,3
34.312814,4046,clench,9,-12,17,4,-10,-12,-34,-3
34.312824,4047,clench,13,-32,-11,-8,-31,-7,-1,-34
34.326481,4048,clench,40,28,9,5,32,6,5,20
34.326507,4049,clench,-9,-115,-13,-7,-13,0,9,21
34.328801,4050,clench,16,97,21,1,-2,0,11,6
34.328809,4051,clench,-12,-18,-4,7,11,1,2,14
34.349004,4052,clench,29,-49,-8,-6,-14,-11,-19,-20
34.349029,4053,clench,-1,22,5,1,4,-6,-12,5
34.350597,4054,clench,7,-47,-11,-1,1,4,-19,-7
34.350617,4055,clench,0,33,0,-4,3,-4,7,-3
34.362631,4056,clench,-28,-41,-15,-5,33,1,8,-4
34.362659,4057,clench,45,33,-8,-7,-19,-7,-34,9
34.372882,4058,clench,-38,-38,-1,3,1,9,27,-4
34.372892,4059,clench,3,44,-8,-5,-9,-3,-15,3
34.386501,4060,clench,-18,42,-4,-2,-9,-3,5,24
34.386523,4061,clench,-13,-15,-1,2,3,-1,-26,18
34.388520,4062,clench,-6,4,-1,1,-6,1,38,10
34.388527,4063,clench,13,-22,-6,-8,0,-3,-45,-9
34.408873,4064,clench,-28,13,6,5,-5,-2,-16,-28
34.408893,4065,clench,8,21,0,-1,1,3,4,-1
34.410712,4066,clench,-2,-5,-12,-9,-27,-15,6,-5
34.410730,4067,clench,-7,-10,4,5,21,6,21,21
34.422636,4068,clench,13,2,-5,-4,-16,2,-3,1
34.422658,4069,clench,-2,60,16,4,33,1,11,-10
34.433796,4070,clench,16,-35,4,0,0,-3,-4,-6
34.433804,4071,clench,-17,-54,-48,-2,-10,-9,-47,-9
34.446541,4072,clench,56,68,49,2,17,12,41,16
34.446566,4073,clench,-10,-68,-11,-5,1,2,13,16
34.448240,4074,clench,-47,25,2,3,4,-9,-31,-12
34.448250,4075,clench,20,48,8,1,14,6,8,4
34.470653,4076,clench,40,-3,-9,-2,-20,-4,2,2
34.470672,4077,clench,-4,-3,0,1,-7,1,-7,-7
34.470762,4078,clench,-10,-29,-11,-2,3,0,-10,36
34.470766,4079,clench,-10,-15,10,5,15,-4,9,5
34.491653,4080,clench,-19,6,-5,-1,-4,-3,4,-25
34.491680,4081,clench,14,5,8,-1,-3,7,20,-21
34.493404,4082,clench,1,-3,-13,-1,8,-1,-40,-19
34.493414,4083,clench,-17,-2,1,-4,-30,-7,11,9
34.506638,4084,clench,12,-10,1,0,0,6,-3,-9
34.506674,4085,clench,-56,8,-42,-3,9,-5,-5,0
34.508011,4086,clench,39,-22,31,1,-6,1,-18,-6
34.508027,4087,clench,-21,17,4,-5,-4,2,13,-3
34.529053,4088,clench,3,-23,5,-2,-7,-6,-14,-12
34.529076,4089,clench,17,-2,-2,1,-4,-1,3,0
34.531169,4090,clench,-18,-16,-25,-4,5,-6,7,-9
34.531229,4091,clench,2,-98,-10,0,11,1,-32,11
34.551641,4092,clench,-4,112,16,-3,-13,1,25,-1
34.551668,4093,clench,5,-25,10,1,14,12,14,5
34.553179,4094,clench,28,15,-8,-3,-3,-2,1,4
34.553207,4095,clench,-30,-14,1,-3,-14,-4,-1,-19
34.566544,4096,clench,-18,-67,-26,-2,26,-10,-13,-17
34.566567,4097,clench,29,63,23,0,-40,-2,12,-6
34.568271,4098,clench,-37,-24,-9,-2,9,1,-7,6
34.568308,4099,clench,44,40,5,-3,-5,1,28,-1
34.588902,4100,clench,-18,-15,-6,-1,-21,-12,-19,-10
34.588951,4101,clench,33,-12,4,5,10,-3,1,-12
34.590446,4102,clench,-8,-11,11,-3,-4,1,22,7
34.590457,4103,clench,8,8,3,-1,7,-3,-29,-13
34.618997,4104,clench,-41,-6,-5,-3,-2,6,23,9
34.619018,4105,clench,22,-35,1,-6,0,-5,-13,2
34.620808,4106,clench,19,35,-6,-1,-16,-4,-4,-6
34.620813,4107,clench,-20,-53,-42,-1,2,-8,5,4
34.628575,4108,clench,10,52,82,4,11,7,22,12
34.628580,4109,clench,-31,-8,-15,-6,-13,2,-17,-10
34.628582,4110,clench,10,3,-5,-1,8,-5,-4,-16
34.628584,4111,clench,21,-22,-1,-3,0,1,13,6
34.648929,4112,clench,-25,33,-16,3,-13,-10,-31,8
34.648952,4113,clench,-5,-10,-4,8,21,-6,-4,-6
34.650359,4114,clench,-9,23,14,-11,4,8,7,-6
34.650368,4115,clench,43,25,7,-2,-6,7,7,1
34.671539,4116,clench,-3,-23,-19,-4,-12,-1,-1,16
34.671562,4117,clench,3,-3,9,-2,-3,0,-19,24
34.673442,4118,clench,4,-41,-24,6,-3,-8,-22,-19
34.673455,4119,clench,-28,93,21,-4,-6,-4,2,-16
34.685821,4120,clench,50,-18,-11,-6,-4,4,11,10
34.685843,4121,clench,-7,-7,-3,0,-2,-2,11,4
34.693106,4122,clench,-9,43,0,1,-2,-4,-39,-5
34.693130,4123,clench,3,-6,4,2,4,-2,2,-13
34.708930,4124,clench,15,-4,-19,-6,7,0,-3,1
34.708955,4125,clench,9,-28,-20,-4,-21,-9,-7,-7
34.710594,4126,clench,-11,-12,3,0,24,8,22,2
34.710621,4127,clench,-7,69,23,2,7,0,-13,6
34.731690,4128,clench,2,0,-12,-3,0,-3,13,-7
34.731715,4129,clench,-14,-27,1,-1,-6,1,-8,-5
34.733297,4130,clench,15,-8,-1,-1,11,4,9,14
34.733304,4131,clench,-7,10,-1,-2,-20,-3,3,-3
34.745816,4132,clench,-4,-28,-7,4,16,-6,-13,8
34.745841,4133,clench,-31,1,9,-3,4,-1,4,3
34.752726,4134,clench,8,10,5,3,-13,15,-3,-11
34.752753,4135,clench,-25,67,-1,-2,10,-1,11,40
34.768905,4136,clench,26,9,-8,-4,-8,-2,-19,-15
34.769064,4137,clench,-20,-28,-25,-4,-2,0,19,3
34.770705,4138,clench,4,65,46,8,-2,-5,-32,1
34.770730,4139,clench,-20,-72,-16,-4,-4,-2,5,-21
34.791514,4140,clench,-14,-13,1,-1,18,2,-13,-7
34.791539,4141,clench,-3,35,1,-1,-7,-4,0,1
34.793225,4142,clench,1,-74,-23,-2,-3,-3,17,0
34.793234,4143,clench,6,9,15,2,9,6,16,4
34.805916,4144,clench,-5,-12,-7,-3,-16,-5,-35,-23
34.805941,4145,clench,-13,-4,1,-3,-15,-2,-13,-35
34.812757,4146,clench,27,1,-14,-2,17,0,25,-6
34.812785,4147,clench,-49,-6,16,6,-15,-5,-15,0
34.828997,4148,clench,9,9,3,-4,24,-3,5,19
34.830350,4149,clench,17,-2,-3,-2,-7,4,1,5
34.830535,4150,clench,-5,-36,-5,-2,-14,1,17,-1
34.830556,4151,clench,-30,44,-21,-4,6,-5,25,6
34.851469,4152,clench,-17,44,17,3,-5,-4,-40,-9
34.851493,4153,clench,9,17,10,1,-12,2,-17,-5
34.854285,4154,clench,-34,-7,-9,-3,-7,-7,3,-5
34.854297,4155,clench,9,-71,-34,-7,6,0,-5,7
34.865938,4156,clench,-7,-16,45,13,-4,1,25,13
34.865969,4157,clench,4,28,7,-2,8,-3,0,7
34.872773,4158,clench,5,3,-7,-2,-16,-4,-6,-5
34.872803,4159,clench,-9,-16,-12,0,3,0,-2,-16
34.888277,4160,clench,25,7,-13,-4,-27,-3,-16,-2
34.888299,4161,clench,4,-23,0,1,24,3,9,11
34.897290,4162,clench,-15,-3,8,2,-1,0,-5,-35
34.897299,4163,clench,11,-2,16,5,-1,4,14,0
34.911489,4164,clench,2,-9,-17,-2,11,3,8,5
34.911512,4165,clench,-24,11,14,3,-15,-1,19,-4
34.912987,4166,clench,15,-2,-12,-2,-6,-8,-20,19
34.913012,4167,clench,-37,-17,-18,-5,6,2,-26,-7
34.925831,4168,clench,22,23,4,-3,-17,-1,21,-1
34.925863,4169,clench,18,-35,8,2,10,-9,-14,2
34.932739,4170,clench,2,51,-2,-4,-8,5,9,-3
34.934623,4171,clench,38,-58,3,-1,2,-1,-11,-6
34.949907,4172,clench,-22,10,-2,3,4,-2,1,6
34.949934,4173,clench,-4,13,-7,-1,11,2,6,13
34.951827,4174,clench,-7,-30,-7,-1,-1,-2,-17,26
34.951832,4175,clench,17,-37,7,-4,-24,-5,51,14
34.971707,4176,clench,9,6,-2,4,5,-1,-37,-20
34.971714,4177,clench,0,37,3,4,47,8,17,21
34.972999,4178,clench,-43,-21,11,5,-14,-4,-18,-12
34.973020,4179,clench,35,-16,-13,-7,-13,-1,33,4
34.985219,4180,clench,-46,-78,-16,-4,9,3,-15,3
34.987400,4181,clench,42,55,6,-3,-22,-7,-11,-7
35.000152,4182,clench,11,5,9,0,12,1,4,1
35.001881,4183,clench,16,24,0,-3,2,-4,-30,-5
35.009056,4184,clench,0,-27,5,3,-5,-5,14,6
35.009076,4185,clench,31,-2,-16,-5,-31,5,13,-12
35.010526,4186,clench,-22,-17,-2,-5,5,-2,-16,-2
35.010536,4187,clench,13,19,9,-1,-2,0,-5,2
35.031394,4188,clench,18,-4,-4,-5,-3,-1,7,2
35.031410,4189,clench,-32,-20,-13,-2,1,-2,-14,-28
35.033235,4190,clench,8,37,-4,-2,-19,-8,8,-11
35.033248,4191,clench,18,-42,-10,2,6,3,-3,-1
35.045137,4192,clench,-13,-14,15,-6,-8,9,16,17
35.045155,4193,clench,-15,60,-4,-3,7,-10,-49,-8
35.055354,4194,clench,22,-23,-10,-7,-12,-1,48,0
35.055365,4195,clench,-5,23,18,12,5,0,-53,11
35.068859,4196,clench,9,3,-9,-3,5,-7,26,-38
35.068900,4197,clench,-8,-10,-3,0,-16,0,7,10
35.070492,4198,clench,-28,-61,-19,-5,8,2,-2,20
35.070514,4199,clench,30,69,15,-1,7,0,-4,-16
37.093206,4200,rest,53,31,0,-1,-5,1,1,-6
37.093637,4201,rest,-11,-74,-1,2,2,1,-4,19
37.096203,4202,rest,-45,-24,-5,-3,6,1,1,24
37.096209,4203,rest,34,16,2,3,5,0,-5,22
37.116428,4204,rest,-11,9,1,0,-5,-1,-1,-5
37.116477,4205,rest,-6,21,-1,2,17,2,1,-4
37.117029,4206,rest,9,-8,-1,-3,-19,0,2,-8
37.117069,4207,rest,2,-4,0,-1,0,-1,1,9
37.130281,4208,rest,-17,-3,-2,-1,1,0,0,-2
37.130349,4209,rest,21,4,1,-2,4,-3,-5,-8
37.138260,4210,rest,-7,4,-1,0,1,1,1,-2
37.138285,4211,rest,-17,16,-4,-3,-5,-2,-5,-3
37.153325,4212,rest,10,-31,-1,-1,3,-1,-3,-4
37.153352,4213,rest,-3,7,-2,0,-6,-2,-1,-5
37.154495,4214,rest,6,3,3,-1,3,0,0,-6
37.154500,4215,rest,38,4,1,-3,-5,1,4,6
37.176434,4216,rest,-73,-17,-4,-3,-1,-2,-1,47
37.176485,4217,rest,40,12,0,1,-2,-1,-2,1
37.177209,4218,rest,17,15,0,1,-4,-1,-1,-4
37.177268,4219,rest,-39,-26,0,0,3,1,0,6
37.190432,4220,rest,-6,-5,-3,-2,1,0,-2,-9
37.190571,4221,rest,28,20,-3,-4,6,0,3,2
37.198453,4222,rest,5,16,1,-1,1,-2,-6,-2
37.198491,4223,rest,7,6,-1,0,-3,-3,3,-23
37.213301,4224,rest,21,14,4,4,1,1,0,44
37.213326,4225,rest,-26,-1,-3,-2,-7,2,-3,-6
37.214391,4226,rest,1,-5,-3,0,8,-1,-1,-8
37.214396,4227,rest,-9,-4,-4,-4,4,-2,-2,-2
37.236708,4228,rest,-5,0,-1,-3,-5,1,0,-19
37.236734,4229,rest,-1,8,3,1,-3,0,0,0
37.237206,4230,rest,4,-31,-3,0,-2,-1,-1,7
37.237227,4231,rest,-25,14,0,-1,2,0,0,2
37.250308,4232,rest,3,2,-2,1,2,0,0,-11
37.250332,4233,rest,5,-8,2,-4,-4,-2,-2,-3
37.258218,4234,rest,-35,-18,-2,-2,3,-1,-2,-13
37.258237,4235,rest,-37,-12,-4,-2,-3,-2,-3,-1
37.273214,4236,rest,11,-4,-1,0,-1,-3,-1,-13
37.273238,4237,rest,-2,7,-3,-8,-6,-1,0,-2
37.274067,4238,rest,4,19,2,2,1,-2,-4,-4
37.274097,4239,rest,17,-28,1,1,1,-1,-6,3
37.296428,4240,rest,0,-2,0,-4,-6,-2,-1,39
37.296458,4241,rest,7,-35,-4,2,2,0,0,-4
37.297799,4242,rest,-26,16,-5,-2,13,-1,-1,-2
37.297806,4243,rest,9,27,1,-1,-6,0,2,9
37.309976,4244,rest,16,-22,0,1,5,0,0,-21
37.309994,4245,rest,-18,-9,1,-2,-3,-1,1,3
37.318350,4246,rest,40,-14,-5,-4,-3,-4,0,-10
37.318368,4247,rest,-5,28,2,2,3,4,0,34
37.333143,4248,rest,-13,-59,-2,1,10,-3,-1,-12
37.333163,4249,rest,21,33,1,1,-38,-3,-1,1
37.333789,4250,rest,-41,1,0,-1,-3,0,0,-2
37.333809,4251,rest,16,-11,-4,-1,0,-2,-2,9
37.356484,4252,rest,-38,2,-1,0,-5,-1,-3,-9
37.357674,4253,rest,8,-2,-5,-4,8,-2,-1,7
37.357680,4254,rest,10,-2,0,1,-3,-1,0,-4
37.357682,4255,rest,17,15,0,-3,-6,-1,0,-11
37.379556,4256,rest,-3,18,-1,-1,-1,-1,-2,-5
37.379562,4257,rest,-7,4,1,0,4,0,-2,-6
37.379650,4258,rest,-5,-19,1,-2,-3,-1,0,5
37.379675,4259,rest,5,-14,-1,0,2,-1,0,-7
37.393327,4260,rest,4,1,1,0,-2,0,-1,-7
37.393332,4261,rest,-13,20,-3,-5,19,-3,0,-6
37.394079,4262,rest,3,5,2,0,-8,1,2,7
37.394101,4263,rest,6,-24,-1,1,1,0,-7,41
37.416326,4264,rest,32,71,1,1,3,0,1,-4
37.418073,4265,rest,-39,-47,-2,-2,-6,-3,-6,-22
37.418083,4266,rest,-6,-9,-3,-3,0,0,-3,8
37.418088,4267,rest,3,-2,-1,-3,-1,-2,1,-23
37.438975,4268,rest,-16,-11,-1,0,-4,-1,2,1
37.438995,4269,rest,11,18,1,4,31,2,2,4
37.440630,4270,rest,31,14,1,-5,-12,-1,0,-8
37.440638,4271,rest,-28,-27,0,6,-1,-2,-1,-12
37.453364,4272,rest,21,6,0,0,-3,-2,-1,-14
37.453387,4273,rest,4,1,-1,-1,-2,0,1,1
37.454597,4274,rest,-17,-25,-3,-2,-1,-1,-2,-3
37.454603,4275,rest,23,45,0,-4,-1,-1,1,-4
37.476404,4276,rest,0,-50,-2,-2,4,0,-2,5
37.476424,4277,rest,-25,13,0,2,-5,-3,-2,23
37.477121,4278,rest,32,19,1,2,5,2,-2,0
37.477139,4279,rest,-56,-31,-4,-1,-9,-2,-3,-4
37.498946,4280,rest,-2,22,0,-1,0,-2,-2,0
37.498973,4281,rest,-9,3,-3,-2,-7,-1,-2,-3
37.500569,4282,rest,13,29,-1,0,-3,0,1,-5
37.500574,4283,rest,8,-49,0,-2,6,-1,-1,-9
37.513223,4284,rest,0,-10,-1,-3,3,0,0,-6
37.515406,4285,rest,3,8,0,-3,-9,-1,0,-9
37.515419,4286,rest,-9,13,1,3,11,1,-1,16
37.515421,4287,rest,22,6,0,-6,-37,-1,-2,37
37.536925,4288,rest,-5,7,-3,0,0,0,-1,0
37.536936,4289,rest,6,-20,-2,-3,-5,0,0,-5
37.537185,4290,rest,-18,-5,-2,2,13,-2,-3,-10
37.537227,4291,rest,4,16,4,0,4,0,2,-16
37.558043,4292,rest,-3,9,-1,-2,-6,0,-4,2
37.559501,4293,rest,17,-4,-3,0,-2,-1,1,14
37.566823,4294,rest,13,-14,0,-2,0,-1,1,-3
37.566829,4295,rest,23,21,-2,-2,5,-2,-9,-11
37.573232,4296,rest,-24,-18,-2,-1,-5,-2,-2,-3
37.574367,4297,rest,2,39,0,-1,4,1,1,-12
37.574374,4298,rest,-5,-19,-2,-6,-7,-1,-1,1
37.574423,4299,rest,27,2,-1,5,8,1,6,-11
37.596515,4300,rest,-38,26,0,-1,-8,0,0,0
37.596567,4301,rest,-6,-39,1,0,-7,-2,-4,-3
37.598171,4302,rest,-1,-13,-3,-4,-6,-4,-1,-31
37.598178,4303,rest,-23,22,0,0,5,-1,0,-46
37.618885,4304,rest,30,0,-4,-3,7,-2,1,-22
37.618907,4305,rest,-15,-4,0,1,-5,-1,-3,11
37.619707,4306,rest,8,5,2,0,-10,0,0,6
37.619730,4307,rest,-14,-3,0,-2,5,0,2,-7
37.633399,4308,rest,-11,-33,-5,-3,-3,-2,0,-2
37.633421,4309,rest,8,19,-1,-3,0,-1,1,-10
37.633823,4310,rest,4,-30,-1,-1,-7,-2,-1,-5
37.633863,4311,rest,-4,25,1,1,1,-1,1,4
37.656622,4312,rest,18,-39,-1,1,10,0,0,15
37.656645,4313,rest,41,27,-4,-1,-34,-3,0,7
37.658285,4314,rest,-27,12,-1,2,0,-1,-2,8
37.658291,4315,rest,-1,-4,-3,-3,-3,-2,-3,3
37.678922,4316,rest,-14,-4,0,2,-2,-1,-1,0
37.678950,4317,rest,27,0,2,0,10,0,-4,-6
37.679630,4318,rest,22,17,1,-1,-7,3,1,8
37.679648,4319,rest,-55,-53,-8,-4,-10,-2,-1,-4
37.693184,4320,rest,6,15,0,-2,-7,-1,4,-6
37.693201,4321,rest,-13,3,2,-3,3,0,-6,-2
37.693877,4322,rest,-21,-56,-3,9,8,1,3,-2
37.693892,4323,rest,53,50,3,-1,4,-2,-1,12
37.716368,4324,rest,-4,-5,-2,-1,4,2,-1,20
37.716390,4325,rest,-15,1,-1,0,-1,-1,-2,-2
37.717755,4326,rest,4,10,2,-3,-3,-3,-2,-3
37.717761,4327,rest,-8,3,-1,0,0,-2,1,-10
37.739038,4328,rest,27,-49,-3,-1,-3,-3,-4,-5
37.740796,4329,rest,-28,20,-2,-1,-2,-3,1,-49
37.740803,4330,rest,-16,-6,-1,0,8,-1,-4,10
37.740805,4331,rest,22,2,-4,-5,-4,-2,-1,4
37.753462,4332,rest,-3,37,8,1,-3,0,-3,-1
37.753500,4333,rest,-26,-32,-5,-2,3,-3,1,3
37.755832,4334,rest,-7,-3,-2,-4,-6,-2,-2,-4
37.755838,4335,rest,3,-4,1,2,8,1,-1,2
37.776440,4336,rest,0,25,-1,0,-12,1,-1,-10
37.776495,4337,rest,11,-24,-2,-1,15,-2,-3,8
37.777037,4338,rest,8,-31,-5,-5,-1,0,0,-1
37.777048,4339,rest,2,10,-1,-1,1,-1,-2,8
37.799005,4340,rest,-11,0,0,-5,-10,-4,-4,1
37.799026,4341,rest,3,3,0,2,4,1,-1,7
37.799999,4342,rest,-12,-13,1,2,-3,-1,-1,1
37.800005,4343,rest,-22,30,-3,-5,2,-1,1,-3
37.813302,4344,rest,-6,13,-2,-1,2,-1,-5,-3
37.813335,4345,rest,13,-42,-1,-2,-3,0,2,6
37.814509,4346,rest,-8,4,-1,-4,-2,-3,-2,-28
37.814515,4347,rest,-8,-25,0,2,-3,0,0,0
37.843873,4348,rest,20,20,-2,-2,1,-2,-2,-35
37.845982,4349,rest,-7,4,1,0,-3,0,-2,17
37.845988,4350,rest,10,27,-2,-1,-2,0,0,3
37.845990,4351,rest,-22,-41,-4,-5,-7,-4,-1,-51
37.859000,4352,rest,-6,4,-1,-1,28,-4,0,10
37.859018,4353,rest,7,11,1,0,-3,0,-1,-12
37.860091,4354,rest,-6,10,0,2,-6,-1,-1,4
37.860099,4355,rest,-13,36,1,-1,-6,0,-3,-2
37.873269,4356,rest,0,-22,-3,-6,1,1,1,6
37.873290,4357,rest,30,7,-2,7,9,1,1,9
37.874848,4358,rest,1,42,0,-3,1,-3,1,9
37.874853,4359,rest,-2,-40,-1,-1,2,1,2,16
37.898368,4360,rest,10,-7,-1,2,-10,-1,-2,5
37.898377,4361,rest,-20,-7,0,-3,-4,-1,-1,28
37.898379,4362,rest,30,59,2,-1,-6,1,0,-3
37.898382,4363,rest,2,-67,-4,-1,2,-1,-1,3
37.919198,4364,rest,-19,-36,-2,-2,-5,-2,0,9
37.920605,4365,rest,11,2,-5,-4,-7,-1,2,-12
37.920620,4366,rest,3,17,0,0,6,0,-5,2
37.920622,4367,rest,-6,15,1,0,-2,0,-2,5
37.933363,4368,rest,-32,-6,-2,0,-1,2,-1,-4
37.933378,4369,rest,-7,5,1,0,2,-1,-8,-4
37.933953,4370,rest,-17,-16,-2,-1,-7,-1,0,16
37.933975,4371,rest,11,45,1,1,6,-1,-1,8
37.956641,4372,rest,-2,-72,-3,0,7,1,3,-45
37.956673,4373,rest,-4,-23,-4,-1,-38,-2,3,2
37.959055,4374,rest,35,16,1,-3,-1,0,0,0
37.959064,4375,rest,-51,-10,1,3,2,-2,1,-11
37.979330,4376,rest,-14,46,-2,3,-5,-1,-2,4
37.979337,4377,rest,18,27,2,0,13,-2,0,-8
37.979563,4378,rest,-1,-37,-2,-4,0,-1,-1,-2
37.979570,4379,rest,16,1,0,-3,-9,0,0,-5
37.994650,4380,rest,25,12,0,1,-3,1,0,9
37.994658,4381,rest,-66,-11,-2,0,6,1,4,11
38.000831,4382,rest,-2,-1,-1,0,-1,-4,-4,-1
38.000855,4383,rest,49,22,-2,-1,4,-1,-1,10
38.016407,4384,rest,-38,-6,-3,-1,-3,-1,-2,12
38.016427,4385,rest,23,7,-1,-3,0,-1,1,-3
38.017792,4386,rest,-16,-2,0,1,0,0,1,-6
38.017798,4387,rest,14,-39,0,-1,1,-1,-1,2
38.039008,4388,rest,-2,1,-3,-5,12,-2,-2,0
38.039027,4389,rest,21,-19,-2,0,18,1,1,-8
38.040967,4390,rest,-33,4,4,1,-6,-1,-11,-38
38.040972,4391,rest,25,9,-1,-1,4,1,-4,50
38.052624,4392,rest,30,37,0,2,-12,0,4,9
38.052661,4393,rest,7,-8,2,4,10,0,-1,-2
38.060755,4394,rest,-28,-28,-5,-4,5,-1,1,-5
38.060779,4395,rest,35,18,-1,-4,-5,0,1,-9
38.076324,4396,rest,-25,14,1,-1,3,2,0,2
38.076348,4397,rest,-8,11,3,-2,-7,-2,-2,9
38.077069,4398,rest,27,-4,-4,-1,-4,-2,6,-23
38.077209,4399,rest,-8,-11,0,2,-4,-2,-3,7
38.098888,4400,rest,14,-7,-5,-1,1,-1,0,9
38.098962,4401,rest,-41,-3,-6,-3,-6,-4,-3,-16
38.100984,4402,rest,21,25,0,-1,-1,0,-1,4
38.100991,4403,rest,-16,12,0,-2,-6,-2,-3,-10
38.121461,4404,rest,13,-3,0,2,16,-5,-4,-5
38.121480,4405,rest,13,23,2,-6,-39,-2,0,8
38.122274,4406,rest,1,-21,-7,0,5,-1,-1,7
38.122294,4407,rest,-16,1,-1,-2,-6,-1,-1,-2
38.137130,4408,rest,-4,-21,-2,1,1,-1,3,2
38.137140,4409,rest,-22,12,-2,1,9,0,-4,-9
38.137189,4410,rest,-2,-11,-1,-1,8,-1,2,-16
38.137238,4411,rest,-2,20,1,2,-3,-1,0,-8
38.159078,4412,rest,-3,-24,0,-2,-10,0,3,-4
38.159115,4413,rest,-2,-11,2,-1,5,-4,-3,9
38.160819,4414,rest,2,-16,-1,-1,-3,-2,-4,-36
38.160827,4415,rest,35,1,-5,0,5,-2,-2,-4
38.172668,4416,rest,-45,12,1,-2,-5,0,-2,-3
38.172701,4417,rest,41,10,-1,-1,1,2,-2,-11
38.181378,4418,rest,-57,-40,0,4,-4,1,-1,17
38.181417,4419,rest,6,35,-1,-1,-2,-1,0,-5
38.196497,4420,rest,23,-1,0,2,23,0,-6,17
38.196526,4421,rest,12,-4,-2,-6,-13,1,0,-5
38.199445,4422,rest,-1,40,-1,-3,-1,-2,1,18
38.199453,4423,rest,-17,-51,-4,-3,1,-1,1,3
38.226664,4424,rest,5,0,-2,-4,-10,-1,-4,-4
38.226687,4425,rest,-6,7,-1,4,10,1,0,3
38.228470,4426,rest,8,14,0,-4,-2,-3,-2,-31
38.228477,4427,rest,-17,12,-1,2,-1,0,-1,3
38.232574,4428,rest,15,26,0,1,-9,0,-1,-5
38.232610,4429,rest,-9,-48,-3,-2,1,-2,-2,-3
38.240746,4430,rest,-12,-4,-3,-3,-4,-3,1,-15
38.240773,4431,rest,2,-2,0,-1,-1,1,1,-5
38.256553,4432,rest,0,2,2,1,11,-3,-1,-5
38.258049,4433,rest,17,-2,-2,-5,-3,0,-3,8
38.258056,4434,rest,-11,-4,-2,8,4,1,3,18
38.258059,4435,rest,-17,-5,1,1,-1,-3,-1,-2
38.278768,4436,rest,15,3,0,1,14,0,-1,9
38.278786,4437,rest,6,47,2,-2,-3,-2,2,-9
38.279522,4438,rest,-12,-80,-6,-6,2,-1,-4,17
38.279538,4439,rest,3,-12,-1,-5,-6,0,-1,-1
38.301483,4440,rest,-15,31,-2,-4,-10,-3,-4,-9
38.301499,4441,rest,5,-7,-3,3,7,-1,-2,3
38.302774,4442,rest,28,53,4,1,-4,1,1,61
38.302780,4443,rest,7,-14,-2,-1,7,0,0,1
38.316513,4444,rest,-3,-18,1,-3,-11,-2,-3,-33
38.316535,4445,rest,-48,4,-4,-3,-4,-2,1,9
38.318042,4446,rest,25,12,1,0,-3,-3,-6,0
38.318047,4447,rest,-13,-7,-2,-4,-3,-2,2,-24
38.339122,4448,rest,25,-1,2,0,-10,0,-1,8
38.341086,4449,rest,-2,35,1,2,-1,1,-1,-11
38.341093,4450,rest,-12,-10,0,0,-1,-1,-2,-3
38.341096,4451,rest,-2,-9,-3,-5,-5,-1,3,-10
38.361531,4452,rest,21,-2,-2,6,7,0,0,-7
38.361640,4453,rest,-11,-10,3,-3,6,-3,-1,6
38.362170,4454,rest,21,0,-1,-3,1,0,0,4
38.362290,4455,rest,-28,41,2,-1,-3,-3,-5,8
38.375060,4456,rest,-9,-70,-2,-3,-9,-3,-2,-27
38.375082,4457,rest,3,-3,2,2,4,-1,-2,1
38.385685,4458,rest,-13,-29,0,-1,-7,0,0,-6
38.385695,4459,rest,38,31,-2,0,6,0,-5,10
38.399398,4460,rest,-27,11,1,-2,-2,-1,-5,-6
38.399420,4461,rest,-64,-45,-4,-4,-3,-2,2,-8
38.401300,4462,rest,4,30,3,-1,-6,1,-3,11
38.401314,4463,rest,1,-34,-3,2,6,1,-1,-8
38.421917,4464,rest,29,16,0,-1,-14,2,2,15
38.421925,4465,rest,-13,1,-4,0,-7,-3,-2,2
38.423042,4466,rest,9,4,0,1,0,0,2,7
38.423072,4467,rest,-16,8,-1,1,-1,-2,1,2
38.435382,4468,rest,-8,16,-2,-4,-7,-2,-1,6
38.435452,4469,rest,18,-11,-5,-5,2,-1,0,-20
38.446529,4470,rest,1,5,1,2,23,-2,-2,-8
38.446534,4471,rest,-2,12,1,0,-8,0,-2,-4
38.458803,4472,rest,-5,-25,-3,-2,-4,-1,1,8
38.458829,4473,rest,45,5,-1,-3,-2,-1,-2,-7
38.460348,4474,rest,-84,-9,-7,-3,4,-1,-2,-6
38.460370,4475,rest,3,6,2,-2,4,-2,0,2
38.482033,4476,rest,13,17,0,1,4,4,4,82
38.484056,4477,rest,6,2,0,1,2,-1,-3,6
38.484063,4478,rest,49,-36,-2,-2,-8,-3,-1,-3
38.484065,4479,rest,-36,-9,-1,0,0,-2,-10,-6
38.495278,4480,rest,-17,-45,0,-1,-6,-3,-1,-24
38.495303,4481,rest,27,-1,0,1,3,-1,-1,1
38.503911,4482,rest,-4,19,0,-4,-3,-1,0,9
38.503937,4483,rest,-10,9,-2,-4,-7,-2,0,-6
38.519050,4484,rest,-8,0,-3,-4,9,-2,-1,-11
38.519076,4485,rest,26,3,0,0,-8,2,-1,2
38.521234,4486,rest,-31,7,-2,4,2,0,-1,-14
38.521240,4487,rest,21,-8,-1,1,15,0,1,4
38.541373,4488,rest,-15,4,-2,-3,-39,-3,1,-17
38.541398,4489,rest,-37,-3,-2,0,2,-1,-2,-2
38.544632,4490,rest,-7,-1,-6,-4,-6,0,1,21
38.544637,4491,rest,-1,-21,0,-1,-4,0,1,5
38.555991,4492,rest,14,40,2,4,9,0,-1,-1
38.557683,4493,rest,3,3,0,-1,1,0,2,-5
38.562726,4494,rest,31,2,1,-3,-7,0,1,32
38.562753,4495,rest,-3,2,0,0,2,1,0,-3
38.579034,4496,rest,-27,18,-2,-4,8,-2,-6,-15
38.579040,4497,rest,-7,-45,-3,1,9,1,0,13
38.580279,4498,rest,2,2,1,1,1,-2,-3,-17
38.580391,4499,rest,12,-13,-1,0,-3,0,-4,1
38.601571,4500,rest,10,14,-3,-2,2,-2,-4,-5
38.601684,4501,rest,4,15,0,-2,-2,0,-1,-13
38.603972,4502,rest,13,11,1,-1,-1,-2,-3,-8
38.603979,4503,rest,-16,-2,1,1,-4,-2,-3,-8
38.616017,4504,rest,-2,-34,0,-1,-1,0,4,-2
38.616053,4505,rest,58,58,-2,0,1,-1,-4,5
38.622650,4506,rest,-37,-56,-8,-6,-8,-1,0,-11
38.622679,4507,rest,18,10,1,-3,-4,0,1,9
38.639054,4508,rest,-8,-6,1,-1,6,-1,-1,-1
38.639086,4509,rest,9,17,3,1,-13,-2,2,2
38.641228,4510,rest,24,-6,0,1,12,-1,0,-7
38.641236,4511,rest,-16,-10,-4,-2,1,-5,-3,-45
38.661419,4512,rest,5,8,-2,-3,-4,0,4,-23
38.661446,4513,rest,-18,-15,1,0,5,1,-5,7
38.662943,4514,rest,-5,17,-3,-3,-9,-2,0,-51
38.662970,4515,rest,-12,-12,-1,-2,1,1,1,1
38.675803,4516,rest,3,11,1,-5,-10,-2,2,-6
38.675829,4517,rest,-33,-52,1,2,4,-2,1,1
38.682624,4518,rest,32,5,-7,-4,-2,-4,-3,-6
38.682650,4519,rest,45,4,-1,0,-3,3,4,14
38.698842,4520,rest,-35,-3,-2,-1,1,-1,-2,7
38.698861,4521,rest,-25,16,0,-2,0,-1,-1,-9
38.700682,4522,rest,7,-36,4,2,-3,0,-1,13
38.700689,4523,rest,11,-8,-4,-4,-3,-2,-7,3
38.722095,4524,rest,5,22,0,2,7,0,-3,11
38.722103,4525,rest,7,8,-3,0,22,1,0,-2
38.722855,4526,rest,-3,2,1,1,-10,0,0,2
38.722868,4527,rest,-13,6,-2,-3,-6,-1,3,10
38.737596,4528,rest,14,-10,-1,0,-4,-3,-3,-4
38.737602,4529,rest,-5,-5,-4,1,4,-1,-1,-34
38.742491,4530,rest,1,26,4,-5,2,-2,-4,10
38.742516,4531,rest,-17,1,-1,6,2,-1,2,-3
38.759129,4532,rest,19,-15,2,-3,-4,0,-2,0
38.759153,4533,rest,38,-7,-6,-2,-17,-4,-2,17
38.761351,4534,rest,-64,-27,-1,-2,3,-1,-5,50
38.761355,4535,rest,30,-20,-1,1,-3,-1,-2,1
38.781516,4536,rest,-11,-26,-1,1,1,-2,-4,-9
38.781548,4537,rest,-2,-6,0,1,-4,-1,-5,7
38.783423,4538,rest,24,31,1,0,0,1,1,-12
38.783438,4539,rest,0,16,-1,0,1,-2,1,12
38.795126,4540,rest,7,8,-2,-1,1,-1,0,13
38.795157,4541,rest,-2,-10,4,-4,-5,0,1,-3
38.805138,4542,rest,3,10,-2,-1,-2,-1,2,-6
38.805146,4543,rest,-17,5,0,-1,3,0,-8,-9
38.819078,4544,rest,-2,-4,-3,-1,-2,1,0,-3
38.819111,4545,rest,-33,-3,-2,-5,-4,-3,1,-25
38.820529,4546,rest,98,19,3,6,7,0,2,-1
38.820556,4547,rest,-85,-14,-6,-3,-9,-2,-4,-6
38.841424,4548,rest,0,-20,-5,-2,19,-2,0,1
38.841451,4549,rest,-2,-8,0,1,-6,0,-1,2
38.842816,4550,rest,20,18,0,-4,-7,0,2,-1
38.842824,4551,rest,31,3,1,2,9,1,2,4
38.855123,4552,rest,4,39,0,0,-4,0,-3,2
38.855143,4553,rest,3,14,1,1,-1,2,0,62
38.864213,4554,rest,-44,-7,-4,-1,-1,-1,1,-9
38.864219,4555,rest,-2,7,4,2,-1,-2,-1,5
38.878468,4556,rest,-18,-3,1,-2,-8,-2,-2,-23
38.878473,4557,rest,6,-31,-1,-4,-3,-3,-2,-8
38.887624,4558,rest,-9,5,-4,1,0,-2,0,-5
38.887630,4559,rest,18,-32,-4,-5,-2,-2,-5,1
38.901582,4560,rest,1,13,2,-2,-7,-2,-1,-2
38.901602,4561,rest,-21,10,-2,5,7,-1,0,-11
38.903708,4562,rest,-9,-3,1,-2,7,-2,1,-15
38.903714,4563,rest,-7,4,-3,-4,-32,-1,8,-7
38.915194,4564,rest,46,14,3,0,0,-2,-1,-25
38.915227,4565,rest,-53,12,-6,-4,-4,0,0,-3
38.925272,4566,rest,-17,-76,-5,0,-14,-1,-3,2
38.925280,4567,rest,20,-2,2,6,11,0,3,4
38.938849,4568,rest,-8,-1,-3,-3,-5,-2,1,3
38.938869,4569,rest,30,-20,-6,-5,-7,-2,-4,-4
38.941473,4570,rest,-28,26,-1,1,-3,0,-2,-4
38.941481,4571,rest,0,-7,0,-2,0,0,-1,-6
38.961363,4572,rest,-21,26,0,1,-1,2,0,1
38.961390,4573,rest,45,-53,4,1,2,0,0,35
38.963050,4574,rest,-43,-5,-3,0,0,-1,-2,-1
38.963087,4575,rest,2,-1,-3,-3,1,-1,-1,1
38.974977,4576,rest,-36,9,0,-4,1,-2,-2,-2
38.975040,4577,rest,23,14,1,3,19,-1,-2,-11
38.985014,4578,rest,18,-3,0,1,-17,-1,0,23
38.985024,4579,rest,-26,9,-2,-1,-2,-1,1,8
38.999148,4580,rest,18,-20,-3,-1,1,0,1,12
38.999179,4581,rest,-2,25,0,-3,-1,2,-1,-6
39.001449,4582,rest,20,-39,-1,-3,6,-4,-14,-6
39.001454,4583,rest,-14,1,-1,-3,3,-1,-2,-11
39.021401,4584,rest,4,-16,-2,2,-10,-2,-2,-23
39.021427,4585,rest,30,17,2,4,3,-2,-2,2
39.023076,4586,rest,-52,41,0,-3,9,-2,2,-5
39.023125,4587,rest,-7,-26,-1,-3,-7,-1,-1,-1
39.035591,4588,rest,-6,-8,0,1,0,-2,-4,3
39.035598,4589,rest,-14,-26,-4,-4,-7,-2,0,-7
39.044589,4590,rest,26,26,0,-2,-4,-1,2,-2
39.044594,4591,rest,5,-4,1,0,6,-1,-1,-5
39.058931,4592,rest,14,11,0,1,3,2,3,65
39.061011,4593,rest,-9,18,2,0,-7,-2,0,-16
39.061020,4594,rest,37,-26,-6,-1,3,-1,-2,3
39.061022,4595,rest,-19,-1,-3,-1,0,0,-1,5
39.081565,4596,rest,-11,-8,-2,1,3,-1,-3,-12
39.081573,4597,rest,-13,14,2,-3,9,0,-1,-4
39.082878,4598,rest,4,15,1,-3,-9,2,4,1
39.082981,4599,rest,20,-13,-4,0,-7,-3,4,-22
39.097254,4600,rest,-22,-20,-1,-6,-3,-2,-2,-36
39.097314,4601,rest,-18,-8,-3,-1,2,0,1,3
39.104690,4602,rest,-12,22,1,-1,0,0,1,-8
39.104697,4603,rest,30,21,2,-1,-1,-1,1,-3
39.119118,4604,rest,-48,11,-2,0,2,1,1,-1
39.119152,4605,rest,15,-46,-4,-4,-8,-3,-4,-3
39.120604,4606,rest,4,-13,-2,-2,1,0,0,3
39.120672,4607,rest,6,23,1,1,2,-1,-3,4
39.141370,4608,rest,13,-46,-4,-2,1,-2,1,-43
39.141396,4609,rest,-3,28,2,-1,-4,0,1,8
39.143633,4610,rest,20,28,2,0,-1,-2,-1,1
39.143638,4611,rest,-52,-37,-3,-2,10,0,-2,0
39.155279,4612,rest,-6,8,-3,-1,-31,-1,-2,0
39.156854,4613,rest,-4,23,0,-2,-1,-1,3,-8
39.166592,4614,rest,3,1,1,1,5,-1,-1,-5
39.166597,4615,rest,-2,24,0,-3,-6,-1,-2,0
39.178782,4616,rest,1,-43,0,-1,14,-1,0,17
39.178807,4617,rest,-8,-14,-1,1,0,0,1,-1
39.180369,4618,rest,31,15,2,3,-1,1,1,5
39.180385,4619,rest,-60,23,-1,-1,1,0,5,-53
39.201795,4620,rest,35,8,-5,-4,2,0,-5,29
39.201876,4621,rest,-18,-4,-1,2,0,-3,-3,-7
39.204155,4622,rest,12,-3,-3,-3,4,-3,0,-15
39.204164,4623,rest,-2,-17,0,-2,-9,-2,1,-1
39.215240,4624,rest,-2,-1,1,0,4,2,3,2
39.215281,4625,rest,1,24,-3,-3,-7,-3,0,-21
39.230111,4626,rest,-12,-13,2,1,-5,0,0,28
39.230146,4627,rest,24,5,-1,0,4,-4,-2,19
39.238933,4628,rest,-14,-35,-5,-1,0,-2,-5,15
39.238955,4629,rest,12,19,-2,-4,17,-1,-3,2
39.240559,4630,rest,-41,-6,1,0,-34,-1,0,-12
39.240589,4631,rest,13,23,1,-2,-2,0,-3,15
39.261648,4632,rest,1,11,1,1,4,-1,0,2
39.261676,4633,rest,-5,-11,0,0,-12,0,1,-4
39.264019,4634,rest,-3,1,-4,-2,2,-2,-2,-6
39.264027,4635,rest,41,-20,-1,0,3,1,-1,11
39.284132,4636,rest,-38,-6,-1,1,-4,-1,-1,-5
39.284168,4637,rest,4,-7,-1,-2,-6,-1,-2,0
39.286702,4638,rest,-13,15,1,-3,-1,-1,0,-5
39.286715,4639,rest,6,23,-2,-4,-2,0,-2,3
39.299038,4640,rest,34,12,-1,0,-1,1,1,5
39.299077,4641,rest,46,1,-1,0,-4,1,0,5
39.301526,4642,rest,-84,-26,-4,-2,6,-1,-4,-6
39.301535,4643,rest,28,4,-1,-1,6,-1,-6,35
39.321646,4644,rest,-15,-5,2,-1,-3,-1,-3,-1
39.321664,4645,rest,7,9,-1,-1,12,-1,2,-3
39.323512,4646,rest,47,7,0,0,-26,0,-2,7
39.323517,4647,rest,-20,-4,-1,0,-1,0,-7,34
39.343924,4648,rest,22,-9,1,-1,-1,-1,1,-5
39.343951,4649,rest,-56,-18,-3,1,-2,0,-3,1
39.345694,4650,rest,30,24,-1,-2,14,-2,2,-14
39.345710,4651,rest,-27,-9,0,0,-9,1,1,-18
39.358849,4652,rest,22,6,1,0,-4,-3,-2,3
39.358867,4653,rest,59,54,1,-5,-10,0,0,8
39.360547,4654,rest,-32,-31,-3,4,13,-1,-3,-1
39.360558,4655,rest,23,-44,-4,-2,-6,-3,0,-11
39.381424,4656,rest,-4,16,2,0,3,0,0,4
39.381436,4657,rest,12,-18,5,1,-3,0,-2,-3
39.382722,4658,rest,-25,24,-3,-3,-1,0,0,0
39.382730,4659,rest,23,24,0,2,8,1,0,-9
39.404050,4660,rest,-19,-26,-1,-1,1,0,-3,-6
39.404072,4661,rest,-15,-1,0,0,-3,-2,-1,1
39.406002,4662,rest,35,30,1,1,3,0,0,2
39.406010,4663,rest,-46,-70,0,1,15,-1,0,-8
39.418275,4664,rest,7,22,2,-2,-24,-2,-1,-1
39.418302,4665,rest,-29,-8,-7,-1,-6,-1,-1,-1
39.426626,4666,rest,43,2,-2,-2,1,1,0,-4
39.426633,4667,rest,-40,-14,0,-2,3,-2,-1,37
39.441851,4668,rest,-1,12,-4,-2,4,-1,1,-2
39.441862,4669,rest,-41,-21,-2,-1,1,-1,-1,-2
39.442934,4670,rest,15,-10,-1,-2,-4,-2,2,-47
39.442956,4671,rest,32,2,-2,-6,-10,-1,-2,-16
39.463930,4672,rest,-32,21,2,2,6,-2,-8,-13
39.463962,4673,rest,-11,-56,-4,-3,2,0,-1,33
39.465463,4674,rest,-12,-11,-5,-6,3,-2,0,-1
39.465477,4675,rest,-6,-4,-2,0,-6,-2,-2,-12
39.478377,4676,rest,11,21,0,-2,4,0,1,-3
39.478405,4677,rest,27,8,0,-4,-3,0,0,-20
39.485202,4678,rest,-53,-40,-4,1,4,-1,-3,1
39.485225,4679,rest,7,16,0,-2,-3,1,0,0
39.501602,4680,rest,13,-7,-3,-1,-2,0,0,10
39.501627,4681,rest,-5,9,0,0,8,-2,1,-2
39.503698,4682,rest,20,25,2,0,-31,-1,-2,15
39.503706,4683,rest,-44,-46,-5,-3,6,-2,-1,-9
39.524063,4684,rest,30,-5,1,0,2,-1,0,-3
39.524100,4685,rest,-55,9,-2,3,2,0,-3,-2
39.525349,4686,rest,-10,16,0,-4,8,0,-1,6
39.525425,4687,rest,11,17,-2,5,0,0,-1,-14
39.538244,4688,rest,9,3,1,4,-8,1,1,5
39.538263,4689,rest,16,2,-4,-2,4,-1,-2,-7
39.545295,4690,rest,-16,5,-2,0,7,1,0,34
39.545320,4691,rest,6,-13,-1,-2,-5,0,1,-3
39.561681,4692,rest,-3,-34,-6,-3,3,0,-3,-4
39.561712,4693,rest,10,24,1,1,-7,-2,1,-23
39.564166,4694,rest,-2,-15,1,-1,6,0,0,-3
39.564172,4695,rest,48,45,3,-1,-5,0,4,0
39.584498,4696,rest,-53,-9,-6,-4,2,-2,-1,5
39.584507,4697,rest,-1,-21,-2,-3,-6,-2,1,-19
39.585605,4698,rest,-15,4,1,1,2,-2,-6,-8
39.585757,4699,rest,16,31,0,-1,1,-3,-1,1
39.599236,4700,rest,4,-69,-4,-3,-6,-1,0,-4
39.599290,4701,rest,-1,1,-4,-6,2,-5,-5,6
39.605060,4702,rest,23,-11,-3,2,23,0,0,0
39.605077,4703,rest,-1,14,2,-5,-32,0,-2,4
39.621386,4704,rest,11,43,0,4,2,-1,0,-1
39.621410,4705,rest,10,-2,2,0,1,0,-1,10
39.623075,4706,rest,9,-31,-2,1,4,0,-2,-2
39.623082,4707,rest,18,18,-4,-4,2,-3,-2,-14
39.643824,4708,rest,26,17,-1,-5,-3,-1,-1,0
39.643851,4709,rest,1,33,2,2,-3,0,0,8
39.645301,4710,rest,-32,-50,-5,-3,-3,0,1,-7
39.645308,4711,rest,18,2,0,1,3,-1,0,1
39.658179,4712,rest,-28,-1,1,1,-3,-1,-3,-8
39.658204,4713,rest,-20,36,-1,-1,-3,0,0,-18
39.665264,4714,rest,26,-1,2,0,-6,-2,-5,21
39.665298,4715,rest,-12,-11,-5,1,4,-1,-1,-2
39.681390,4716,rest,25,17,0,-2,5,-1,1,10
39.681429,4717,rest,-29,-26,0,-2,-13,0,2,-4
39.682851,4718,rest,3,6,0,-4,-6,-3,1,-5
39.682875,4719,rest,7,6,3,3,5,1,-5,-12
39.704009,4720,rest,-16,-8,-2,-1,0,2,0,-6
39.704031,4721,rest,13,-30,-4,-2,-9,0,0,6
39.705529,4722,rest,8,27,1,-1,0,0,1,-2
39.705565,4723,rest,-14,-7,1,8,16,-1,-5,5
39.718422,4724,rest,-11,6,-2,-2,-39,-3,1,-7
39.718458,4725,rest,11,-16,-5,-3,11,-4,-4,7
39.725007,4726,rest,26,17,-2,-3,-2,-1,-1,-1
39.725034,4727,rest,-62,7,-1,-3,-3,-2,0,-3
39.741407,4728,rest,33,6,0,-1,9,-2,0,3
39.741412,4729,rest,-36,-6,0,1,0,-1,-3,-2
39.742733,4730,rest,5,-29,-2,-2,-5,0,-2,-8
39.742749,4731,rest,-2,-13,0,0,-1,0,0,-1
39.764104,4732,rest,16,27,-1,-2,4,-1,-2,1
39.764133,4733,rest,18,-13,-3,-5,-6,-2,0,7
39.766456,4734,rest,-26,2,1,1,4,-2,-1,-8
39.766463,4735,rest,19,11,-3,-3,-15,2,-3,28
39.786611,4736,rest,-37,9,-3,2,7,-2,-8,-3
39.786640,4737,rest,6,-19,1,2,-1,0,-4,-2
39.788361,4738,rest,-1,11,1,-1,-2,0,1,1
39.788369,4739,rest,2,-18,-4,-4,-6,-2,-1,-16
39.801545,4740,rest,10,-8,2,1,6,1,0,1
39.801572,4741,rest,-29,31,1,-2,0,-2,-3,-1
39.803551,4742,rest,24,-3,-5,0,0,-1,-4,15
39.803557,4743,rest,-54,-2,0,-5,2,-3,1,-1
39.824010,4744,rest,2,5,-2,-2,4,-1,-1,-5
39.824038,4745,rest,25,9,4,0,-2,1,1,-3
39.825635,4746,rest,-44,-32,-6,-1,17,1,3,-6
39.825657,4747,rest,6,37,3,-1,-7,-2,1,0
39.837485,4748,rest,-6,-53,-2,-2,2,-1,0,9
39.837539,4749,rest,-7,-31,-5,-2,-3,-2,0,-12
39.847215,4750,rest,0,44,0,-3,-1,-3,-3,-35
39.847222,4751,rest,22,-2,0,2,9,0,-3,7
39.861350,4752,rest,-9,9,-1,1,-1,0,2,-9
39.861375,4753,rest,22,22,0,0,-11,1,1,57
39.863097,4754,rest,-11,-33,1,3,2,-4,-3,-5
39.863101,4755,rest,17,-13,-4,-4,-1,-3,-1,-13
39.884895,4756,rest,9,12,0,-3,-6,-1,-4,-2
39.884910,4757,rest,-7,9,-3,4,3,0,-1,-10
39.889975,4758,rest,3,-24,1,-4,-10,-1,1,8
39.889997,4759,rest,3,-14,-1,2,1,-2,-1,8
39.897732,4760,rest,40,26,2,-2,0,-3,2,5
39.900121,4761,rest,-31,25,-2,1,3,0,-10,-12
39.906440,4762,rest,10,-1,-2,-4,-3,-2,-1,1
39.906463,4763,rest,16,0,2,1,2,-1,-1,15
39.921434,4764,rest,-19,-4,-1,-1,-1,1,-1,-4
39.921464,4765,rest,20,25,2,-1,4,-1,2,-1
39.922883,4766,rest,-5,-45,-7,-4,-18,-1,-3,6
39.922917,4767,rest,-9,6,-2,-4,-9,-1,-1,-10
39.943817,4768,rest,1,12,-1,5,7,-1,-2,-27
39.943835,4769,rest,19,-7,0,-4,1,-3,-3,3
39.945357,4770,rest,-26,14,0,0,6,1,2,-36
39.945381,4771,rest,0,12,-1,0,2,-1,4,-17
39.957650,4772,rest,7,-18,-2,-4,-10,-2,-2,-4
39.957678,4773,rest,15,-4,0,-3,1,0,2,-8
39.967525,4774,rest,-20,-11,3,5,8,2,2,3
39.967535,4775,rest,13,13,-2,-4,0,-2,-2,-12
39.981287,4776,rest,-36,-18,1,1,3,1,0,9
39.981315,4777,rest,15,-5,0,-2,-5,0,0,-6
39.983138,4778,rest,12,27,1,-1,-5,-1,-2,10
39.983178,4779,rest,36,4,0,-3,-2,-1,-2,6
40.003895,4780,rest,-55,-52,-4,0,1,2,-1,10
40.003917,4781,rest,-15,-21,1,1,-2,0,1,2
40.006242,4782,rest,5,16,0,0,-4,0,-1,3
40.006251,4783,rest,-4,-5,0,1,12,0,0,-1
40.017788,4784,rest,22,9,2,-5,-29,-3,-2,0
40.017811,4785,rest,1,7,-3,-2,-8,-2,-1,21
40.026663,4786,rest,-16,-7,0,1,14,0,-4,90
40.026668,4787,rest,15,3,-1,-4,-8,-2,-3,-5
40.042066,4788,rest,10,8,2,7,15,0,-1,6
40.042073,4789,rest,25,-7,-2,1,-5,0,1,0
40.043000,4790,rest,-46,-10,-2,-2,-9,-2,-1,-20
40.043026,4791,rest,13,-22,-3,1,3,-1,-2,-2
40.064542,4792,rest,9,16,-2,-4,0,0,1,9
40.064577,4793,rest,-4,21,2,-1,5,1,-1,-17
40.066284,4794,rest,68,-25,0,-1,-3,-2,0,-12
40.066293,4795,rest,-68,-20,-2,0,-4,-1,-1,-4
40.077543,4796,rest,-4,4,-3,-2,-1,-2,-2,-15
40.077567,4797,rest,-14,-10,0,-1,0,-2,1,-7
40.087641,4798,rest,34,34,1,-4,0,0,1,-7
40.087709,4799,rest,-7,-11,3,2,-4,1,-3,9
42.111895,4800,clench,-29,-23,0,6,9,-12,-65,-5
42.112407,4801,clench,8,-2,-16,0,7,-2,11,-8
42.113404,4802,clench,-5,-14,3,-2,-4,0,1,-10
42.113427,4803,clench,-45,-18,-6,0,-8,-7,-4,14
42.126242,4804,clench,36,3,8,1,-7,2,17,-3
42.126261,4805,clench,-15,17,4,-1,5,1,0,2
42.128380,4806,clench,-7,2,0,1,-1,-2,0,10
42.128385,4807,clench,7,-3,-9,0,3,-7,-5,33
42.149155,4808,clench,-13,-11,2,4,11,5,0,-10
42.149189,4809,clench,6,28,0,-8,-26,-9,-7,-1
42.150907,4810,clench,-8,-46,-24,1,-18,-10,-7,13
42.150912,4811,clench,18,-19,5,0,25,-16,-24,12
42.171480,4812,clench,24,50,29,-2,-21,32,23,12
42.171513,4813,clench,-12,-4,7,-1,14,14,36,-2
42.172870,4814,clench,-5,-6,-6,0,-10,-8,-36,-9
42.172942,4815,clench,-26,-58,-21,-4,-3,-9,-11,-14
42.186376,4816,clench,6,-31,-10,3,-1,-13,-6,-4
42.186402,4817,clench,-16,28,-1,5,8,0,29,1
42.188004,4818,clench,2,11,0,-6,8,-1,-41,-6
42.188031,4819,clench,10,12,10,0,-8,5,18,-4
42.208897,4820,clench,11,2,7,-2,-1,-2,-2,-2
42.208917,4821,clench,16,12,-1,0,3,1,-11,-5
42.211087,4822,clench,0,-34,-13,-3,4,2,20,9
42.211097,4823,clench,4,64,15,0,-4,1,-7,-9
42.232848,4824,clench,-20,-48,-14,-6,1,-7,6,27
42.232856,4825,clench,-6,56,-2,1,-3,-4,-19,7
42.232859,4826,clench,-29,-17,18,4,8,9,10,28
42.232861,4827,clench,26,38,7,-3,-12,-13,-8,-17
42.246486,4828,clench,26,-32,-8,-8,-13,-3,36,21
42.246528,4829,clench,7,25,5,10,25,27,-5,-3
42.248121,4830,clench,0,9,-1,-8,1,2,-22,-11
42.248167,4831,clench,28,8,-4,2,-2,5,-9,-1
42.269218,4832,clench,-32,-14,-13,-3,-6,-17,0,-15
42.269251,4833,clench,12,-40,-13,-1,-4,-13,-5,-3
42.270400,4834,clench,22,-10,14,-1,-3,4,21,2
42.270423,4835,clench,2,45,7,1,-3,-5,4,-5
42.291413,4836,clench,-22,44,-3,-1,2,7,3,-5
42.291440,4837,clench,-2,-77,-13,4,-10,-20,-9,1
42.292916,4838,clench,33,21,47,1,-4,8,-22,-26
42.292927,4839,clench,-59,-41,-5,-2,-6,0,28,47
42.305745,4840,clench,2,3,5,-2,10,1,3,16
42.305771,4841,clench,-15,-17,-18,-10,-10,1,-10,-2
42.312475,4842,clench,-4,8,-20,2,10,-24,7,1
42.312494,4843,clench,17,-29,-4,1,-4,10,27,-8
42.328785,4844,clench,9,31,2,3,6,22,-45,-3
42.328802,4845,clench,14,-16,-6,-8,-4,0,0,-8
42.330173,4846,clench,-20,-9,-10,2,11,-2,-34,3
42.330189,4847,clench,24,31,3,-9,-28,-10,22,-13
42.351417,4848,clench,-3,-24,7,-1,-11,-17,-4,-26
42.351441,4849,clench,12,6,2,-4,17,0,-25,-4
42.353986,4850,clench,38,22,1,0,4,1,6,-7
42.353996,4851,clench,-52,-58,-15,2,10,-2,-14,-3
42.365532,4852,clench,-13,11,-21,-6,-7,4,20,11
42.365558,4853,clench,-3,62,54,5,0,-3,-12,-9
42.372390,4854,clench,7,-3,-12,1,-6,-3,21,-21
42.372504,4855,clench,-43,-20,-2,-1,8,3,-5,-5
42.389447,4856,clench,14,-32,-12,-2,-11,-1,21,-12
42.389453,4857,clench,0,35,-11,1,13,-2,-42,4
42.390278,4858,clench,-10,14,-13,-4,-8,9,38,15
42.390288,4859,clench,10,-14,5,2,22,13,-8,4
42.411496,4860,clench,16,33,11,1,-9,-8,-19,-9
42.411520,4861,clench,-42,-73,-12,0,-4,-3,8,-14
42.414233,4862,clench,8,17,-11,-2,-3,5,24,21
42.414241,4863,clench,24,11,4,0,15,-1,-39,-13
42.425798,4864,clench,-30,-8,0,-9,-17,-15,28,11
42.425820,4865,clench,32,51,-2,4,6,14,33,10
42.432493,4866,clench,-86,-2,-10,-8,-17,8,2,-1
42.432525,4867,clench,26,-36,11,2,-1,1,-50,7
42.449027,4868,clench,19,23,19,5,10,0,0,24
42.449050,4869,clench,30,-45,-11,-6,-9,-10,5,-11
42.450666,4870,clench,-9,-25,-5,2,0,-4,6,5
42.450676,4871,clench,7,23,-3,1,-9,-5,1,-12
42.471384,4872,clench,6,-18,-13,-3,0,5,-10,-16
42.471410,4873,clench,-25,-25,14,2,-2,1,-8,28
42.472960,4874,clench,17,-22,0,4,6,-7,-8,5
42.472986,4875,clench,-11,-60,-12,-4,-7,-15,6,-4
42.485757,4876,clench,25,61,17,4,-1,14,-4,-15
42.485782,4877,clench,-27,24,-8,-4,4,-2,6,-7
42.492437,4878,clench,29,-29,-11,-2,-3,-3,15,-11
42.492458,4879,clench,14,33,0,-6,-12,-4,13,-6
42.508743,4880,clench,-18,-44,-5,-4,1,-6,-4,-17
42.508765,4881,clench,0,2,3,5,9,5,-1,-12
42.510493,4882,clench,-13,-8,16,5,0,-2,46,4
42.510499,4883,clench,-17,-28,-16,-1,1,-9,-24,-4
42.531954,4884,clench,4,46,9,2,10,23,-3,-19
42.531960,4885,clench,-5,8,-2,-2,-7,-2,-1,18
42.532881,4886,clench,7,20,0,-5,-6,-7,-17,-28
42.533017,4887,clench,-2,17,-1,4,10,3,15,24
42.545997,4888,clench,-11,-97,0,0,-16,-13,24,10
42.547487,4889,clench,9,50,1,-2,22,3,-27,-8
42.552551,4890,clench,13,16,-6,-5,7,10,-3,-5
42.552678,4891,clench,20,53,4,-1,-6,4,-10,37
42.569092,4892,clench,-32,-35,-15,0,3,-9,-21,-20
42.569132,4893,clench,12,2,-1,0,-9,-9,8,-1
42.571182,4894,clench,2,-25,-40,-7,-7,-10,-27,10
42.571191,4895,clench,-22,-58,43,13,23,10,30,-8
42.591184,4896,clench,34,81,35,5,-3,10,48,20
42.591201,4897,clench,8,54,-4,-2,-16,-12,-41,7
42.593313,4898,clench,-51,2,-14,-7,-10,3,32,-26
42.593319,4899,clench,31,-15,-17,-9,-10,2,-4,-17
42.604977,4900,clench,-41,-12,-19,-1,13,-1,-29,0
42.605050,4901,clench,4,-55,0,1,2,-8,20,4
42.615762,4902,clench,-1,21,18,8,4,17,-8,-13
42.615770,4903,clench,-23,-1,-13,-3,0,-6,5,4
42.628955,4904,clench,-1,-18,-10,-4,-4,-6,31,-24
42.628978,4905,clench,29,6,-13,1,5,-3,-42,-18
42.630231,4906,clench,11,24,25,-1,-20,-7,-7,11
42.630265,4907,clench,1,61,7,0,17,0,9,-8
42.651316,4908,clench,-71,-30,-21,-3,-2,-1,-18,-15
42.651337,4909,clench,8,31,14,-2,1,14,48,33
42.653085,4910,clench,21,3,-5,0,4,-23,-24,18
42.653095,4911,clench,1,18,2,0,-15,14,6,-8
42.665259,4912,clench,6,-40,-12,-3,1,-14,-32,3
42.665294,4913,clench,-7,-48,-20,-5,-8,-7,11,-18
42.674934,4914,clench,-22,-10,12,1,7,12,-5,25
42.674939,4915,clench,-11,-68,12,5,-1,-13,-16,-22
42.688800,4916,clench,14,14,13,-2,-1,11,-5,2
42.688830,4917,clench,16,1,-7,-9,-26,-2,45,-8
42.690455,4918,clench,-17,5,2,0,3,-9,-43,-17
42.690479,4919,clench,25,-63,-38,-8,-5,4,31,-1
42.711501,4920,clench,-50,32,11,5,15,-12,-6,16
42.711529,4921,clench,-18,-10,17,0,-9,17,-10,13
42.713666,4922,clench,32,9,-2,6,-3,-27,-27,-8
42.713671,4923,clench,-29,-22,-33,-5,-1,17,23,-2
42.725120,4924,clench,39,20,19,-2,-10,-4,-10,-26
42.725142,4925,clench,-28,-11,2,3,6,-7,-4,-1
42.735608,4926,clench,-16,-21,2,2,10,5,0,2
42.735615,4927,clench,50,27,-20,-1,-3,-9,-24,2
42.749216,4928,clench,-7,30,7,-3,-17,-10,-3,14
42.749250,4929,clench,-4,-59,5,1,0,-1,-17,3
42.751624,4930,clench,4,67,-6,-4,-2,6,29,-2
42.751638,4931,clench,21,46,7,-7,-15,-8,-10,-7
42.771264,4932,clench,17,-24,-3,4,11,10,2,-9
42.771327,4933,clench,-7,-28,-18,-7,-14,-1,-15,-22
42.773705,4934,clench,6,4,14,5,0,-9,16,-9
42.773713,4935,clench,13,11,1,-7,-1,6,-10,46
42.784844,4936,clench,-16,-47,-10,2,4,-4,-20,2
42.784864,4937,clench,-31,1,3,5,9,6,32,-29
42.794328,4938,clench,26,-27,-12,-13,-3,1,-1,5
42.794334,4939,clench,-14,36,8,3,5,-4,4,-25
42.808809,4940,clench,14,-77,-17,0,1,-4,-24,21
42.808849,4941,clench,5,99,5,-2,2,-2,17,5
42.810419,4942,clench,-23,-103,-29,-3,-4,-3,-6,-6
42.810426,4943,clench,-28,77,36,5,19,9,8,-38
42.831276,4944,clench,11,1,-18,-12,-12,-5,-16,-13
42.831288,4945,clench,25,-4,8,2,4,-1,-7,5
42.832742,4946,clench,-6,-42,5,0,-6,-3,14,12
42.832777,4947,clench,-24,-13,-6,-3,-2,3,-33,11
42.846941,4948,clench,34,33,11,7,9,-3,2,3
42.846952,4949,clench,-1,23,-4,-5,-4,-11,-4,-2
42.855185,4950,clench,-24,-3,-8,-5,-9,8,14,-21
42.855195,4951,clench,-34,-3,8,0,0,6,14,1
42.868942,4952,clench,27,-14,-17,-1,10,4,10,23
42.868967,4953,clench,14,30,-11,-4,-19,-18,-29,9
42.871038,4954,clench,18,91,61,18,6,-10,22,3
42.871047,4955,clench,26,-47,4,-5,-16,17,2,-7
42.891277,4956,clench,-16,8,0,2,14,-3,-11,-14
42.891301,4957,clench,5,-64,-26,-6,-6,-7,-5,-12
42.893511,4958,clench,-27,6,-15,-1,7,-4,-13,20
42.893518,4959,clench,33,20,10,7,10,-1,10,8
42.905252,4960,clench,-25,-9,-3,-8,-36,-1,-12,-2
42.905282,4961,clench,-2,-33,-2,-1,23,7,-3,35
42.914136,4962,clench,-18,72,5,0,14,13,-21,-2
42.914141,4963,clench,-12,-116,-13,-1,-1,-16,1,-6
42.928848,4964,clench,49,107,2,-6,1,14,18,-10
42.928877,4965,clench,11,0,33,9,8,5,18,4
42.930802,4966,clench,12,-28,0,-1,-9,3,-19,5
42.930808,4967,clench,-69,-31,-16,-11,-14,-16,4,0
42.951375,4968,clench,-20,-30,-33,-3,2,-10,-5,8
42.951400,4969,clench,13,-17,10,3,-9,4,-3,-20
42.953193,4970,clench,5,0,-16,-4,7,-5,15,14
42.953201,4971,clench,23,-19,7,3,7,12,5,-12
42.965448,4972,clench,-17,81,30,3,-18,-15,-18,30
42.965485,4973,clench,-21,11,-4,-1,-1,2,-1,-3
42.974564,4974,clench,31,15,11,-2,-1,-4,-4,-10
42.974570,4975,clench,16,-1,-15,-5,-11,-13,-16,-5
42.988649,4976,clench,-10,-38,-2,-7,-10,1,21,3
42.988662,4977,clench,6,-24,-5,1,0,-4,-1,-4
42.990326,4978,clench,4,-6,-17,-5,1,5,3,0
42.990344,4979,clench,0,27,11,-1,-6,-6,-11,32
43.011724,4980,clench,13,-5,10,2,1,4,32,1
43.013376,4981,clench,-8,-7,-17,-1,-1,-12,-22,-9
43.013382,4982,clench,-9,-89,0,2,6,6,15,-18
43.013385,4983,clench,8,-23,-6,2,5,9,1,31
43.024870,4984,clench,15,55,27,6,12,2,12,-14
43.024896,4985,clench,-17,-21,-7,-8,-6,0,-11,-16
43.034256,4986,clench,19,-8,6,-1,-5,-1,-12,9
43.034265,4987,clench,-3,-17,-15,0,-19,-15,-14,-32
43.050299,4988,clench,-16,-49,-1,5,35,11,-4,8
43.050305,4989,clench,9,-18,-14,-5,-11,0,2,9
43.050357,4990,clench,20,49,-9,0,-4,-15,-28,25
43.050359,4991,clench,-49,-15,1,-4,6,22,15,-12
43.071421,4992,clench,24,4,0,-3,-18,-6,7,0
43.071443,4993,clench,2,18,6,6,15,-3,-5,-5
43.073954,4994,clench,29,-49,-23,-10,-13,-1,24,-3
43.073960,4995,clench,24,43,3,-4,-12,-16,3,-2
43.093776,4996,clench,-38,-71,-35,-5,3,10,-7,8
43.093803,4997,clench,-2,105,44,6,6,7,25,9
43.095875,4998,clench,16,12,-4,0,0,-2,-21,-6
43.095883,4999,clench,-5,-16,0,0,-1,-10,-33,-20
43.108796,5000,clench,18,-31,-13,-2,-5,-1,1,-10
43.108839,5001,clench,-22,-25,-18,-3,1,-4,1,-1
43.110223,5002,clench,-24,-47,6,-3,-1,3,-22,-7
43.110256,5003,clench,9,98,10,-2,-3,-6,-10,-16
43.131431,5004,clench,-2,-9,-1,1,-2,-3,-5,-4
43.131459,5005,clench,16,-25,-27,-3,8,6,9,3
43.132940,5006,clench,3,58,21,5,6,-1,-24,-10
43.132958,5007,clench,19,-45,-5,1,4,2,5,53
43.153920,5008,clench,-62,-17,-3,3,1,-1,-8,4
43.153948,5009,clench,3,47,-2,-7,-11,13,-9,-8
43.155680,5010,clench,-18,6,9,-1,7,9,18,1
43.155690,5011,clench,-1,-7,-11,1,-6,-7,-10,-3
43.168729,5012,clench,30,25,14,2,3,-6,1,0
43.168752,5013,clench,-15,-92,-18,-4,-10,-8,-11,9
43.170548,5014,clench,1,57,2,3,10,-2,-5,-20
43.170556,5015,clench,-11,-5,1,3,1,-6,3,-41
43.191379,5016,clench,-4,23,1,-6,-8,2,-3,-13
43.191406,5017,clench,-27,-47,11,-2,-3,-4,-9,11
43.192691,5018,clench,9,-32,-20,-6,-18,-2,11,-6
43.192699,5019,clench,28,12,1,2,29,-2,11,-6
43.213907,5020,clench,1,1,-1,-1,-3,4,11,0
43.213938,5021,clench,12,34,3,0,5,6,-36,-6
43.216255,5022,clench,-22,-13,-3,-1,-5,2,24,-17
43.216259,5023,clench,1,35,2,2,-3,-1,-10,20
43.228003,5024,clench,6,-55,1,-1,3,-8,-10,15
43.228020,5025,clench,-16,22,9,-1,3,-1,5,-4
43.236918,5026,clench,12,-40,9,3,-9,-3,-14,1
43.236924,5027,clench,-29,25,-3,-3,3,8,25,2
43.251492,5028,clench,-17,36,6,-5,-4,-13,-13,-3
43.251578,5029,clench,21,-20,-3,-6,-6,12,10,-6
43.252907,5030,clench,-46,-34,-8,-6,2,-3,-10,26
43.252929,5031,clench,10,-7,-2,-9,-29,-9,30,-19
43.274229,5032,clench,-28,-25,-16,0,0,5,-28,-20
43.274254,5033,clench,6,10,0,2,3,-10,7,6
43.280424,5034,clench,-12,12,-1,1,-1,0,-16,-18
43.280444,5035,clench,18,-37,-4,0,4,-1,-3,9
43.288301,5036,clench,8,39,8,-1,-12,-7,2,-1
43.288352,5037,clench,-12,-3,0,1,3,4,4,-6
43.295060,5038,clench,18,33,-11,-4,2,2,-2,-15
43.295088,5039,clench,-15,-41,5,1,-3,-1,-16,-10
43.311341,5040,clench,11,2,-6,7,9,-1,5,13
43.311363,5041,clench,0,27,-12,-6,-13,-6,17,-5
43.313016,5042,clench,9,-26,-7,-11,4,12,13,4
43.313022,5043,clench,-49,9,4,2,-2,-15,7,-8
43.333947,5044,clench,8,-25,-11,-2,3,7,8,23
43.334004,5045,clench,11,-27,-20,-2,-7,6,-6,-8
43.335552,5046,clench,-5,-4,-7,-1,7,1,47,-4
43.335575,5047,clench,4,-11,-9,0,-1,9,-8,0
43.348374,5048,clench,23,81,50,4,1,-10,-12,-20
43.348408,5049,clench,-18,3,5,4,1,-12,-4,10
43.355070,5050,clench,6,2,5,4,6,0,-4,-17
43.355096,5051,clench,24,-2,-3,0,-2,2,-12,6
43.371371,5052,clench,2,-23,-3,-1,-6,-7,8,-6
43.371401,5053,clench,-6,-38,-26,-1,3,-9,-10,-22
43.372929,5054,clench,3,7,29,2,-4,2,0,-35
43.372938,5055,clench,-19,109,1,-6,-9,-22,6,13
43.394333,5056,clench,-30,-7,2,-6,-10,36,37,-5
43.394348,5057,clench,-14,-47,-18,-11,-2,1,-14,9
43.395775,5058,clench,11,-8,-9,4,-1,-5,-23,-9
43.395866,5059,clench,26,-54,-34,-10,-16,-3,8,1
43.408351,5060,clench,11,-24,-7,-4,-2,-2,6,-36
43.408356,5061,clench,-18,-38,18,6,10,2,3,10
43.415327,5062,clench,40,50,0,1,4,-16,-8,19
43.415366,5063,clench,-17,12,15,5,13,17,-15,12
43.431314,5064,clench,11,-4,-5,-1,-19,-15,-20,-7
43.431341,5065,clench,-2,-37,-11,2,0,-4,4,-15
43.433086,5066,clench,-17,89,35,0,-11,-4,-10,30
43.433091,5067,clench,-14,-40,9,3,3,-2,22,-6
43.454427,5068,clench,1,24,-6,-13,3,-9,-26,-1
43.454435,5069,clench,-4,53,-1,-2,-8,-2,5,-10
43.455347,5070,clench,-7,-70,-13,8,16,7,-29,6
43.455496,5071,clench,29,79,12,-4,-1,2,2,18
43.468214,5072,clench,-10,-85,-8,-1,15,-1,16,11
43.468238,5073,clench,8,30,16,1,-15,-10,-14,-6
43.474969,5074,clench,-24,67,10,-1,-6,1,2,13
43.474993,5075,clench,2,-61,-8,4,10,7,-6,-3
43.491175,5076,clench,7,-12,-15,0,-5,-11,-7,11
43.491200,5077,clench,-18,33,17,2,1,-2,7,-9
43.492630,5078,clench,2,34,11,2,6,8,8,22
43.492667,5079,clench,-40,-21,2,-3,-5,12,-5,-14
43.513875,5080,clench,-8,-4,0,4,8,-16,6,-5
43.513898,5081,clench,98,-6,-13,-11,3,27,34,10
43.515998,5082,clench,11,-48,-15,-5,-12,-17,-20,-38
43.516005,5083,clench,-26,49,-2,4,8,-4,-12,-3
43.528394,5084,clench,6,-23,14,2,1,4,-9,-7
43.528425,5085,clench,-7,12,0,3,1,-12,-2,7
43.535032,5086,clench,8,10,8,-3,-6,7,16,2
43.535063,5087,clench,14,-14,-5,-3,-3,-1,-2,-7
43.550755,5088,clench,9,26,-1,-1,-13,2,4,-33
43.550777,5089,clench,14,62,2,0,19,-14,-23,14
43.551360,5090,clench,-63,-25,-22,-14,-12,11,12,14
43.551445,5091,clench,0,-16,25,1,-7,-10,-25,-1
43.573205,5092,clench,-5,40,-15,-2,-13,-5,2,-1
43.573232,5093,clench,-13,-99,-12,-1,-8,-5,7,0
43.575720,5094,clench,21,38,17,1,14,21,23,-13
43.575727,5095,clench,9,-29,-15,2,5,2,-3,0
43.597097,5096,clench,-26,52,1,-1,3,0,-4,-2
43.597103,5097,clench,-30,-15,-19,1,0,0,-17,29
43.597105,5098,clench,-9,6,20,6,-7,-15,21,4
43.597107,5099,clench,18,18,13,3,10,10,-9,-15
43.610549,5100,clench,25,-83,0,-5,2,5,8,15
43.610610,5101,clench,-31,58,-10,-3,-19,-9,-28,-26
43.612189,5102,clench,8,-13,-5,0,8,5,37,19
43.612194,5103,clench,23,10,14,-6,-15,-2,5,3
43.633194,5104,clench,-4,2,-8,-3,15,-1,4,8
43.633221,5105,clench,-25,5,6,-1,-26,-12,-7,-15
43.633991,5106,clench,25,-43,-23,-2,-7,1,-9,-6
43.636337,5107,clench,14,-9,-7,-2,17,1,-35,-36
43.655788,5108,clench,-2,-9,-2,-1,-4,8,20,2
43.655819,5109,clench,11,17,14,1,21,7,42,6
43.657092,5110,clench,-46,-47,-27,-4,-28,-23,-34,-20
43.657098,5111,clench,21,8,-11,0,4,-5,10,-10
43.670607,5112,clench,25,47,11,5,2,8,-18,-5
43.670630,5113,clench,-16,10,16,0,-4,-5,-19,0
43.672194,5114,clench,5,0,-14,-4,12,-8,-9,4
43.672202,5115,clench,-7,-18,-17,-5,-24,2,5,9
43.692990,5116,clench,6,0,-3,0,6,-4,20,2
43.693029,5117,clench,13,-41,-4,-6,-4,2,-12,-2
43.693676,5118,clench,-13,10,-1,-4,-1,-3,-14,-3
43.693693,5119,clench,3,-27,0,2,4,-3,14,5
43.715804,5120,clench,-45,26,-2,4,-10,-6,-27,-2
43.715829,5121,clench,19,24,14,-1,14,6,19,-16
43.718532,5122,clench,10,4,-5,-2,1,0,-18,3
43.718544,5123,clench,-22,-58,3,-3,-3,4,15,36
43.730728,5124,clench,1,77,20,4,5,-4,1,-14
43.730756,5125,clench,1,-4,5,1,1,3,5,-4
43.732706,5126,clench,25,-34,-12,-1,6,-6,-4,-15
43.732713,5127,clench,10,60,1,-3,-9,-2,-9,-38
43.753189,5128,clench,-14,-24,-17,-6,-6,-2,-5,-1
43.753212,5129,clench,-8,-13,2,5,3,-3,5,-2
43.754642,5130,clench,5,-1,7,-4,-7,-7,-1,-5
43.754650,5131,clench,18,-2,-5,1,-2,3,21,14
43.775643,5132,clench,-16,-34,-18,-8,-15,0,-30,-4
43.775667,5133,clench,18,-28,3,1,6,-1,-2,-24
43.776223,5134,clench,1,38,-1,0,-3,-8,19,19
43.776239,5135,clench,-10,1,-2,2,13,0,7,1
43.790737,5136,clench,-17,-9,2,0,-18,-3,-5,10
43.790764,5137,clench,-3,-10,-6,3,19,11,6,9
43.792471,5138,clench,-10,-52,18,2,-2,-4,-30,-5
43.792480,5139,clench,-15,80,7,4,2,8,21,21
43.813306,5140,clench,44,1,4,2,14,2,-5,-2
43.813357,5141,clench,9,-5,4,0,-12,-3,7,14
43.815033,5142,clench,-4,8,-29,1,17,0,12,-30
43.815045,5143,clench,-50,-43,11,-1,-12,-5,-13,3
43.835666,5144,clench,34,-15,-5,-3,8,11,52,-13
43.835689,5145,clench,-14,11,-4,-4,-12,-10,-49,-15
43.836518,5146,clench,-9,6,9,4,3,3,-10,3
43.836572,5147,clench,2,-30,-16,3,11,-4,-12,2
43.850646,5148,clench,29,81,16,-2,-6,-1,19,-2
43.850681,5149,clench,-8,-54,-8,-3,2,11,18,22
43.852175,5150,clench,-23,19,3,2,6,2,-7,0
43.852185,5151,clench,43,-71,-20,-3,-9,-9,-3,-1
43.882691,5152,clench,-51,15,5,-5,-4,-4,-25,-1
43.882699,5153,clench,37,18,-3,-2,5,-1,-3,-5
43.882701,5154,clench,-48,-4,9,4,-7,3,5,7
43.882703,5155,clench,5,16,-2,-5,3,-2,8,0
43.895589,5156,clench,-14,-99,-20,-4,-5,-9,-7,7
43.895620,5157,clench,5,66,3,-3,-22,-5,-5,-5
43.898432,5158,clench,17,-29,-2,-9,-11,5,10,23
43.898440,5159,clench,2,51,6,5,4,-6,-12,-6
43.911122,5160,clench,-18,-59,20,6,1,3,-43,-19
43.911147,5161,clench,-26,-30,-4,-6,2,2,26,-3
43.911152,5162,clench,40,3,-4,-4,-5,-5,16,-12
43.911157,5163,clench,-8,16,-4,-1,-4,-6,-4,7
43.933301,5164,clench,1,-52,-29,1,4,-1,-21,12
43.933332,5165,clench,29,30,34,6,-6,1,5,32
43.933909,5166,clench,-6,6,4,-1,-3,4,-18,21
43.933932,5167,clench,-12,4,-7,-4,12,-2,-8,-4
43.955904,5168,clench,12,2,5,3,19,11,24,12
43.955932,5169,clench,-21,-52,-26,-2,-3,-15,-9,-6
43.957152,5170,clench,24,59,16,-2,-1,1,-7,13
43.957157,5171,clench,-13,39,8,-2,-16,-1,-14,-12
43.970582,5172,clench,-8,-59,-1,-2,3,8,23,2
43.970602,5173,clench,-16,22,-4,-1,-1,2,-38,-27
43.971756,5174,clench,9,-13,-3,0,1,-9,5,-42
43.971761,5175,clench,-18,3,2,-3,-2,-2,13,7
43.992991,5176,clench,11,30,-5,2,1,-6,3,15
43.993016,5177,clench,0,-2,-2,1,-4,-5,43,20
43.993611,5178,clench,5,9,-8,0,-16,7,-45,-5
43.993657,5179,clench,39,-11,1,-4,11,4,-32,9
44.015875,5180,clench,11,-6,-6,-4,-2,-2,-3,-21
44.015904,5181,clench,-7,-5,13,2,6,-5,2,-10
44.017910,5182,clench,-21,20,-1,6,11,-7,21,9
44.017919,5183,clench,7,-16,-10,-8,-19,8,32,2
44.030573,5184,clench,13,39,9,0,13,-2,-25,-12
44.030599,5185,clench,-9,10,-17,-3,-1,3,4,29
44.032064,5186,clench,-9,-44,-3,-1,2,-5,-10,-2
44.032073,5187,clench,2,-17,-9,1,-7,-11,-45,-12
44.053551,5188,clench,-51,54,19,2,1,3,45,20
44.053572,5189,clench,-42,1,27,1,-17,-2,-27,-13
44.055272,5190,clench,17,-62,-12,-6,5,7,20,-13
44.055282,5191,clench,7,10,0,-4,2,0,7,-31
44.075784,5192,clench,18,-43,-29,-3,-15,-7,-2,11
44.075808,5193,clench,-1,-35,-10,-1,10,3,-7,-7
44.076328,5194,clench,-4,60,8,-7,-24,-16,2,-4
44.076344,5195,clench,-19,-14,-10,6,47,12,4,-20
44.090707,5196,clench,5,15,13,0,-11,9,13,-1
44.090726,5197,clench,12,-13,0,1,-5,4,3,0
44.092838,5198,clench,9,-27,-9,-4,14,-5,7,-6
44.092850,5199,clench,12,13,10,6,-36,-15,-47,-10
44.113222,5200,clench,-7,-9,-10,-9,-6,-2,3,-7
44.113330,5201,clench,-5,95,-8,-2,13,0,3,2
44.114657,5202,clench,49,-36,23,0,-18,0,27,8
44.114662,5203,clench,-44,-47,-2,-3,0,-7,-18,14
44.135630,5204,clench,9,91,13,3,5,4,13,-16
44.135638,5205,clench,8,-39,-25,-5,-14,-6,-4,16
44.136306,5206,clench,-1,-46,-16,1,13,11,7,-4
44.136322,5207,clench,-29,52,38,5,1,-5,-6,28
44.150556,5208,clench,-3,-48,-12,-4,4,6,-3,-15
44.150585,5209,clench,12,23,7,-4,-3,0,9,-12
44.152272,5210,clench,-17,-36,-4,0,0,-5,-11,-14
44.152283,5211,clench,-57,-49,-27,-3,16,-4,8,-4
44.173147,5212,clench,25,0,3,6,-20,-11,10,11
44.173173,5213,clench,-59,-20,4,-11,-1,-2,5,-8
44.174406,5214,clench,14,19,-10,0,-6,9,-12,27
44.174411,5215,clench,-5,13,4,-6,-32,-4,11,-16
44.197284,5216,clench,5,-9,-10,-5,13,-7,6,8
44.197289,5217,clench,21,-27,12,5,-3,-5,-47,-9
44.197292,5218,clench,-16,15,8,1,-3,-1,42,-13
44.197294,5219,clench,21,18,0,-1,11,3,4,0
44.213550,5220,clench,-38,-6,-3,-1,-6,-4,-22,-26
44.213558,5221,clench,29,-23,-6,-1,-2,7,2,19
44.213560,5222,clench,-9,25,0,7,10,-12,-35,30
44.213561,5223,clench,34,-52,4,-3,5,20,35,8
44.233281,5224,clench,-17,13,-2,6,4,-4,-14,34
44.233314,5225,clench,8,7,-7,-5,-18,2,7,47
44.235622,5226,clench,11,9,-7,-3,28,-2,-16,-23
44.235630,5227,clench,-8,18,-16,-3,-10,-4,2,-8
44.255747,5228,clench,24,-54,-3,2,5,1,-28,10
44.255770,5229,clench,-11,63,16,5,14,3,49,-23
44.257511,5230,clench,-17,-51,-7,-10,-38,3,-49,-2
44.257523,5231,clench,7,72,6,0,-6,2,10,2
44.270773,5232,clench,19,-22,10,2,6,-3,13,6
44.270800,5233,clench,-27,-24,12,4,5,-6,8,-3
44.271412,5234,clench,3,4,-4,-1,-5,5,-4,-14
44.271434,5235,clench,-55,6,0,-5,-4,-1,1,-18
44.293091,5236,clench,18,0,12,1,-1,3,-16,4
44.293117,5237,clench,-17,-56,-12,3,11,-6,13,-11
44.293796,5238,clench,4,-8,7,-4,-17,-1,6,-4
44.293815,5239,clench,-20,29,-8,-2,2,-4,-11,-6
44.315829,5240,clench,-12,15,2,-2,6,-4,3,10
44.315863,5241,clench,11,-5,-3,-5,-8,7,4,-5
44.318586,5242,clench,-2,-23,-6,8,14,-10,-25,-9
44.318596,5243,clench,19,-11,2,-4,-26,-20,-12,-7
44.330862,5244,clench,-9,-27,-21,-1,12,8,22,2
44.330904,5245,clench,39,53,22,3,-10,-3,-27,-6
44.332522,5246,clench,-13,15,-11,-2,-12,-3,6,-2
44.332527,5247,clench,46,-12,-11,0,2,-2,58,15
44.353096,5248,clench,0,20,20,-2,-5,4,-50,-9
44.353140,5249,clench,0,-15,-10,-3,1,2,-8,-5
44.353896,5250,clench,-13,10,-5,5,14,3,22,7
44.353918,5251,clench,-11,-51,-9,-5,1,1,-10,13
44.375588,5252,clench,29,3,1,0,-11,-13,-11,-14
44.375609,5253,clench,-26,9,-5,-3,4,1,-10,-8
44.376833,5254,clench,17,35,4,-2,-13,3,-6,23
44.376840,5255,clench,-2,-82,-13,1,30,0,1,8
44.390502,5256,clench,7,23,-1,-3,-6,-10,0,-4
44.390523,5257,clench,-64,-15,9,4,6,9,1,21
44.392047,5258,clench,-5,30,-5,-5,-9,3,1,-21
44.392055,5259,clench,12,48,6,6,7,-6,33,6
44.415070,5260,clench,-5,5,11,-2,-7,11,-18,-7
44.415082,5261,clench,-24,-8,-15,-1,-13,-17,-8,-41
44.415087,5262,clench,8,-53,-8,-8,-2,-6,16,2
44.415092,5263,clench,13,14,3,4,-2,-1,-12,15
44.435672,5264,clench,-13,34,-5,1,0,1,3,-14
44.435696,5265,clench,31,-12,-15,-6,-13,-8,29,16
44.436308,5266,clench,-13,27,10,-1,3,7,-37,6
44.436329,5267,clench,9,5,-1,-4,-15,-2,15,-9
44.450560,5268,clench,-23,-24,-10,-3,14,-6,-11,-12
44.450586,5269,clench,-44,-37,-6,-5,23,1,1,-22
44.451248,5270,clench,0,9,15,4,-7,9,15,29
44.451266,5271,clench,23,-44,0,1,-1,0,-7,12
44.473174,5272,clench,4,30,-14,-8,-14,-11,4,-11
44.473202,5273,clench,39,44,13,4,-2,12,-10,7
44.475030,5274,clench,-27,-4,-3,0,21,-3,6,-21
44.475035,5275,clench,19,8,5,0,-12,4,0,-5
44.495642,5276,clench,-2,-32,-5,-2,-10,-17,-10,25
44.495664,5277,clench,37,-92,-68,-2,9,-4,26,6
44.496407,5278,clench,-54,94,59,1,-16,-11,7,-9
44.496436,5279,clench,21,-38,-6,-3,13,37,-8,-22
44.510611,5280,clench,5,-14,4,-2,-8,1,-2,-5
44.510628,5281,clench,25,13,-8,-2,-2,-9,-19,27
44.511698,5282,clench,-3,-41,-27,0,19,-12,1,1
44.511703,5283,clench,4,-6,-1,-2,-29,-5,5,-4
44.533720,5284,clench,-11,14,2,-1,6,8,-6,6
44.533753,5285,clench,-8,4,13,-1,20,0,4,-6
44.535830,5286,clench,58,-2,-7,1,-1,-1,-12,-24
44.535835,5287,clench,-95,9,15,0,3,-8,-20,9
44.556462,5288,clench,-12,-41,-20,2,12,1,3,-7
44.556469,5289,clench,34,54,15,1,-13,2,21,-11
44.556472,5290,clench,-36,45,20,2,5,3,-9,15
44.556530,5291,clench,31,34,2,3,12,-6,-5,-5
44.571490,5292,clench,-31,3,-9,-4,-20,6,12,0
44.571501,5293,clench,-9,-8,-17,-7,-3,3,-7,-12
44.571503,5294,clench,11,-79,-7,-5,-4,2,8,4
44.571505,5295,clench,2,17,9,4,-5,-7,-52,-5
44.592954,5296,clench,15,85,25,4,6,-3,68,6
44.592985,5297,clench,10,14,7,1,-6,-2,-40,4
44.593666,5298,clench,-16,-41,-25,-5,-2,-5,15,-1
44.594631,5299,clench,26,-15,-5,0,10,3,-19,-1
44.615701,5300,clench,-23,-32,-16,3,9,3,-7,-15
44.615791,5301,clench,8,3,-3,-8,-19,-5,-13,-11
44.617630,5302,clench,29,-13,18,0,-10,2,19,-25
44.617638,5303,clench,-22,16,5,-1,5,1,25,1
44.630002,5304,clench,6,-33,-13,-3,-4,-12,-31,20
44.630029,5305,clench,-18,3,-16,7,8,6,-7,-2
44.638134,5306,clench,23,15,-7,-11,-2,1,1,1
44.638157,5307,clench,-26,32,15,0,2,0,13,9
44.653142,5308,clench,28,-24,-2,-4,-16,3,3,-11
44.653167,5309,clench,-33,9,12,2,6,-11,-25,2
44.653745,5310,clench,37,-27,-19,-3,-20,-2,0,1
44.653768,5311,clench,-3,-49,-28,-5,31,0,14,-12
44.675556,5312,clench,4,35,20,-2,-5,-8,-16,-9
44.675580,5313,clench,12,-21,21,0,-9,4,14,0
44.677179,5314,clench,-17,3,-7,4,9,-4,1,11
44.677185,5315,clench,20,-37,-36,2,-1,6,-27,13
44.690180,5316,clench,15,32,46,0,-8,5,12,-7
44.690215,5317,clench,-1,-7,-1,0,-5,-1,1,-14
44.698255,5318,clench,-24,-9,-3,0,7,7,0,6
44.698287,5319,clench,15,9,-5,-1,-11,-15,-14,8
44.714435,5320,clench,0,-108,-40,-2,1,-8,0,8
44.714443,5321,clench,21,94,20,0,26,30,-32,8
44.714445,5322,clench,-9,-3,14,1,-25,3,38,-15
44.714446,5323,clench,4,12,1,-3,-6,-7,-14,1
44.735686,5324,clench,3,-12,-14,-3,-3,-7,-30,-25
44.738005,5325,clench,-12,-31,-1,-2,-16,-10,24,32
44.738013,5326,clench,-8,-11,-21,2,37,-8,-22,17
44.738014,5327,clench,4,-1,11,-5,-11,11,13,-8
44.750010,5328,clench,-21,14,-2,-1,0,3,23,3
44.750042,5329,clench,9,-5,-7,0,-6,-5,-5,-18
44.758187,5330,clench,-32,25,11,0,6,4,-1,2
44.758213,5331,clench,-7,6,8,4,-23,-38,-23,-17
44.773066,5332,clench,17,-62,-62,-5,38,43,-1,15
44.773091,5333,clench,3,99,95,10,-8,9,30,9
44.780763,5334,clench,40,-9,-11,-9,-21,-5,-50,5
44.780797,5335,clench,-24,-11,2,-5,6,-4,2,-25
44.795603,5336,clench,-11,0,-3,0,-11,-32,-4,14
44.795633,5337,clench,23,-47,-36,-3,17,4,-6,-8
44.796510,5338,clench,18,-3,-7,1,3,7,18,7
44.798196,5339,clench,3,-34,3,-4,-7,-4,6,6
44.809865,5340,clench,-12,71,25,5,-4,6,-19,-27
44.809884,5341,clench,4,12,-20,-8,-8,-21,14,1
44.818350,5342,clench,-21,6,12,5,1,13,-9,11
44.818371,5343,clench,-17,-56,-18,-2,-2,-3,-10,-24
44.833379,5344,clench,-19,4,13,0,-1,-1,1,5
44.833414,5345,clench,-24,-36,-12,-3,-6,-6,2,-1
44.834827,5346,clench,13,6,-11,2,11,-6,6,16
44.834839,5347,clench,2,31,8,4,-1,12,4,0
44.855539,5348,clench,26,3,2,-6,-20,-8,10,18
44.855559,5349,clench,32,-11,-2,5,12,5,8,1
44.856184,5350,clench,-16,-26,-12,-8,0,-6,-13,-38
44.856196,5351,clench,-32,72,2,-4,-12,-19,-15,2
44.870468,5352,clench,20,50,26,-2,-11,29,28,12
44.870475,5353,clench,3,-71,-12,2,6,2,-10,-2
44.886774,5354,clench,-23,36,-1,-4,2,-4,9,-4
44.886780,5355,clench,8,-32,1,1,-8,-4,-5,-2
44.893339,5356,clench,4,-48,-30,-5,-19,-18,7,-7
44.893375,5357,clench,6,32,17,-4,17,-8,-12,-21
44.895122,5358,clench,-19,-16,5,1,-1,9,-14,-8
44.895126,5359,clench,-3,13,8,-1,4,7,15,20
44.915893,5360,clench,-28,-16,-7,0,9,-5,7,38
44.917646,5361,clench,29,-30,-12,-2,-10,-1,-11,-7
44.917663,5362,clench,-1,-13,3,9,1,-20,-18,-1
44.917668,5363,clench,32,30,4,-12,-19,17,14,10
44.938807,5364,clench,-32,33,4,4,14,2,-2,-28
44.938826,5365,clench,-24,-14,-13,-3,-4,-1,-1,29
44.939346,5366,clench,-37,19,-9,-10,4,-4,-8,-1
44.939425,5367,clench,24,43,33,8,3,20,0,-57
44.953032,5368,clench,14,37,6,1,4,-1,6,18
44.953052,5369,clench,6,-7,-7,-6,-9,-3,1,-27
44.953880,5370,clench,-21,-26,2,5,-7,-11,0,2
44.953901,5371,clench,-30,-117,-38,-4,11,-5,-3,0
44.975460,5372,clench,11,95,22,1,-2,2,-25,-9
44.975486,5373,clench,9,26,13,-1,-3,-1,29,30
44.977239,5374,clench,52,-6,-17,-1,-16,0,-3,3
44.977249,5375,clench,-51,-16,-1,2,0,-4,-3,0
44.998962,5376,clench,4,-56,-1,1,2,-18,-10,-10
44.998970,5377,clench,2,-8,-14,-7,-5,16,-7,-1
44.999395,5378,clench,-9,9,4,-2,0,3,17,-15
44.999403,5379,clench,-2,12,15,3,4,-3,-3,14
45.013906,5380,clench,20,51,-28,-11,1,-3,3,-34
45.013912,5381,clench,-89,-63,30,8,-12,-25,-16,-10
45.013914,5382,clench,14,-23,10,-1,8,28,-2,-10
45.013916,5383,clench,36,53,10,-4,4,-2,6,10
45.035795,5384,clench,3,-48,-9,1,-1,-7,-3,3
45.035819,5385,clench,-2,15,-18,-5,-7,-1,-16,4
45.037181,5386,clench,-15,5,-1,2,3,-8,9,-7
45.037187,5387,clench,0,-6,-1,8,-1,-3,3,4
45.058766,5388,clench,-9,-112,-35,-9,18,1,15,-20
45.058791,5389,clench,19,100,48,4,-27,-11,-9,-1
45.061058,5390,clench,0,-60,2,-1,3,10,-10,-2
45.061105,5391,clench,44,71,5,3,11,3,20,13
45.073287,5392,clench,15,-27,2,-2,-9,-3,-8,0
45.073313,5393,clench,10,-7,-26,0,10,-9,1,-18
45.074939,5394,clench,-3,53,-25,-8,-7,-13,-6,3
45.074944,5395,clench,20,-49,24,-3,-16,12,5,1
45.095549,5396,clench,-13,11,12,0,6,-3,-33,-1
45.095577,5397,clench,-21,-38,-18,2,14,8,6,15
45.096351,5398,clench,-11,54,0,-2,-4,-5,12,24
45.096375,5399,clench,-6,-55,-21,-7,3,4,-9,-7
47.121294,5400,rest,4,-5,2,-1,-4,-1,0,0
47.121564,5401,rest,9,27,1,3,-5,1,0,1
47.123118,5402,rest,-5,-30,0,1,-6,-1,0,-1
47.123125,5403,rest,2,56,0,-5,-8,-2,-4,-9
47.143721,5404,rest,28,-26,-2,3,8,1,-3,31
47.143749,5405,rest,-31,-20,-2,-1,-2,-1,-2,-1
47.145255,5406,rest,-74,-31,-4,1,5,-1,-2,-5
47.145274,5407,rest,3,-9,-1,-3,-5,1,-2,-38
47.157965,5408,rest,-4,23,-3,-1,-3,-1,-1,8
47.157985,5409,rest,-4,-2,0,-3,-1,0,0,1
47.164919,5410,rest,35,29,3,1,-2,0,1,7
47.164945,5411,rest,-19,-12,-2,0,1,-1,-3,-5
47.181293,5412,rest,-28,-65,-7,-3,-1,-1,-3,11
47.181310,5413,rest,13,-3,-2,0,-4,-2,-1,5
47.183010,5414,rest,-3,24,-1,-4,0,-1,-8,-7
47.183017,5415,rest,9,23,2,1,-1,-1,0,13
47.211470,5416,rest,-39,7,4,3,3,1,-2,-16
47.211488,5417,rest,75,36,0,0,8,-2,1,7
47.213262,5418,rest,-77,-6,-5,-6,-8,-4,0,-2
47.213269,5419,rest,17,-76,-4,0,0,-1,1,7
47.218185,5420,rest,6,13,2,-3,7,-1,0,-7
47.218212,5421,rest,-6,-15,-2,1,5,-2,-1,-10
47.224890,5422,rest,29,43,6,3,2,1,0,1
47.224911,5423,rest,-9,-16,-5,0,-2,-1,-1,5
47.241187,5424,rest,-17,9,1,1,4,-2,0,-10
47.241279,5425,rest,-30,-6,-1,-2,-4,0,-2,3
47.243355,5426,rest,18,-3,-1,-1,1,0,1,0
47.243361,5427,rest,5,19,1,-3,-12,-1,4,-33
47.263898,5428,rest,-8,32,-5,-2,-1,-1,-4,-40
47.263936,5429,rest,-4,-61,-6,-2,-1,-2,-3,-5
47.266120,5430,rest,21,-8,0,0,-4,-3,-3,1
47.266128,5431,rest,-23,4,1,-2,4,-1,2,9
47.278085,5432,rest,24,26,0,-3,-8,-1,2,-7
47.278114,5433,rest,-10,1,0,-1,-3,0,-1,-1
47.287638,5434,rest,-7,-3,1,1,4,-1,-1,19
47.287644,5435,rest,14,-5,-4,-2,1,0,0,3
47.302013,5436,rest,1,7,1,-1,-4,-1,0,7
47.302042,5437,rest,-26,-16,-5,-5,-6,-2,-2,3
47.303442,5438,rest,35,4,5,3,-7,1,3,5
47.303462,5439,rest,6,37,3,-1,-2,-3,-3,6
47.323677,5440,rest,-40,-99,-15,-2,3,-5,-5,2
47.323702,5441,rest,27,29,0,-2,-33,-2,-9,-9
47.325813,5442,rest,14,26,-2,-2,-1,0,0,-8
47.325822,5443,rest,16,-14,2,1,1,1,2,12
47.338033,5444,rest,3,28,4,-1,-3,-1,3,-1
47.338053,5445,rest,-10,-1,0,3,8,-1,2,-5
47.344838,5446,rest,2,-14,-4,-3,1,-2,-1,-4
47.344863,5447,rest,-15,-6,-2,0,-2,-1,-2,11
47.361265,5448,rest,15,10,0,-2,1,-1,-1,4
47.361291,5449,rest,-14,-12,-3,-3,5,0,0,1
47.362792,5450,rest,5,7,0,1,-1,0,1,-20
47.362817,5451,rest,-10,-12,0,1,5,-1,-3,35
47.383693,5452,rest,12,9,-1,-1,-7,0,-1,54
47.383719,5453,rest,24,20,3,1,0,-1,1,2
47.386212,5454,rest,-31,-11,2,-2,-1,0,-1,-13
47.386222,5455,rest,-14,-16,-10,-9,-11,-2,-1,-32
47.397519,5456,rest,31,-17,-2,5,15,-1,-4,-16
47.397552,5457,rest,-17,-33,-3,-1,5,-1,0,3
47.406458,5458,rest,18,21,-3,-2,3,0,-1,13
47.406464,5459,rest,0,-2,-1,2,2,-2,-2,-8
47.422267,5460,rest,19,26,4,-4,-11,-2,0,-5
47.422272,5461,rest,-14,25,1,0,4,0,3,-6
47.422808,5462,rest,12,-15,-1,0,3,-3,-3,-11
47.422827,5463,rest,1,-3,0,-1,0,0,0,2
47.443648,5464,rest,1,14,-1,-2,-6,-1,1,-9
47.443672,5465,rest,-13,-41,2,1,1,0,5,6
47.445822,5466,rest,-17,38,-7,-3,-4,-2,-3,5
47.445836,5467,rest,-55,7,-2,-3,-16,-2,-5,0
47.457411,5468,rest,32,-68,-4,-5,-3,0,-2,21
47.457434,5469,rest,-12,15,1,-4,7,0,-3,9
47.468931,5470,rest,21,-15,-2,-1,-6,0,2,0
47.468945,5471,rest,-8,22,0,1,2,-2,4,-11
47.481646,5472,rest,4,17,0,2,-1,-1,-2,-20
47.484561,5473,rest,8,-5,-1,-1,-2,-2,-3,-8
47.484571,5474,rest,-4,-11,-1,0,6,0,-1,5
47.484573,5475,rest,13,0,0,2,4,0,-2,-2
47.503837,5476,rest,-18,8,2,-3,-6,0,1,-2
47.503863,5477,rest,1,-4,-4,-1,-5,-1,1,-22
47.505308,5478,rest,35,9,1,0,2,-1,-1,0
47.505442,5479,rest,-20,-19,-2,-3,1,-1,0,-5
47.517257,5480,rest,24,35,2,3,1,1,1,2
47.517282,5481,rest,-36,-23,-5,0,-1,-2,-4,1
47.526953,5482,rest,-7,-27,-4,-4,-4,-2,-3,-14
47.526959,5483,rest,48,-6,-3,0,17,0,3,5
47.541213,5484,rest,12,31,-1,-5,-25,0,-1,-8
47.541230,5485,rest,-9,26,0,2,0,0,0,2
47.542638,5486,rest,-12,-33,-1,-1,-14,1,2,7
47.542647,5487,rest,5,37,-1,-2,-2,-1,-2,1
47.563630,5488,rest,-15,-11,-2,6,11,-1,-5,-6
47.563660,5489,rest,5,21,3,-2,-3,-2,-2,-2
47.565427,5490,rest,6,-11,-1,-1,-6,-1,-4,-23
47.565455,5491,rest,14,-13,-1,0,2,1,-2,54
47.579631,5492,rest,-6,12,1,-3,3,-2,-1,-4
47.579639,5493,rest,9,-10,-3,-3,-5,0,-1,-10
47.587920,5494,rest,-2,15,0,-2,4,-2,-1,-9
47.587928,5495,rest,-10,-17,0,2,-6,-2,-3,-18
47.601294,5496,rest,-4,-15,-3,-2,2,0,0,-3
47.603699,5497,rest,-29,-5,-1,-1,-2,1,-1,12
47.603708,5498,rest,3,-20,1,0,5,1,1,6
47.603751,5499,rest,-10,-1,-1,-1,-4,-2,-4,-12
47.625021,5500,rest,-1,-19,-1,-2,-7,-1,1,7
47.625052,5501,rest,7,9,-1,2,3,-1,-2,-6
47.625121,5502,rest,0,26,2,1,1,-1,-1,5
47.625127,5503,rest,7,-1,-1,-2,-3,0,0,-6
47.637408,5504,rest,-14,-10,-4,0,15,0,0,16
47.637429,5505,rest,45,-1,2,-2,-35,-2,-3,1
47.648174,5506,rest,-27,17,-3,-3,3,-2,-1,5
47.648182,5507,rest,14,-51,1,1,-3,0,-1,0
47.661330,5508,rest,-28,20,-1,1,-1,0,-3,-8
47.661353,5509,rest,40,18,-1,1,11,1,1,0
47.662659,5510,rest,-35,1,-3,-3,-5,-3,2,7
47.662673,5511,rest,12,8,0,7,0,-1,-4,-7
47.683615,5512,rest,-16,21,0,-1,2,-3,-6,-6
47.685456,5513,rest,-9,-5,-1,-3,-4,-3,-1,-1
47.685462,5514,rest,-2,8,-3,-3,3,-1,0,-8
47.685464,5515,rest,-30,-51,-1,-3,2,-1,3,-2
47.697449,5516,rest,25,-1,0,-2,-6,-2,2,-30
47.697483,5517,rest,-28,6,3,1,9,-2,-2,24
47.707259,5518,rest,-7,-39,-5,-2,-8,0,-3,6
47.707267,5519,rest,24,32,1,0,3,-1,0,-7
47.721275,5520,rest,-20,4,0,-1,-6,-1,-2,-8
47.721328,5521,rest,9,-27,-4,-2,0,0,1,-10
47.722892,5522,rest,3,25,2,-1,5,0,0,3
47.722921,5523,rest,7,35,1,-2,-40,-4,-2,4
47.743672,5524,rest,5,-83,-5,-2,-2,-2,-2,-35
47.743689,5525,rest,-24,10,-1,-1,6,-2,-1,0
47.745964,5526,rest,28,5,0,1,-3,0,1,6
47.745970,5527,rest,-47,18,-2,-4,8,-3,-3,-7
47.757265,5528,rest,24,16,0,2,7,-3,1,6
47.757289,5529,rest,-22,-30,-1,1,-5,-1,-2,-9
47.766307,5530,rest,21,0,0,-1,1,0,-2,11
47.766352,5531,rest,2,-17,-1,-1,4,-1,-2,-2
47.781674,5532,rest,-24,27,1,-4,-5,0,-3,6
47.781683,5533,rest,-29,-11,-3,-3,6,1,1,8
47.782637,5534,rest,-5,-7,0,2,0,0,-1,1
47.782649,5535,rest,22,7,-1,-1,6,1,0,0
47.803752,5536,rest,-19,10,0,1,-3,0,-1,10
47.803770,5537,rest,30,26,-2,0,-1,0,-1,-9
47.805257,5538,rest,-10,3,0,-1,-7,0,-1,-5
47.805276,5539,rest,-14,-14,-1,-1,3,-2,0,-44
47.825503,5540,rest,7,0,1,-1,-2,0,-2,18
47.825532,5541,rest,-1,5,2,1,15,-1,-2,-4
47.835183,5542,rest,-3,10,0,2,21,-2,-9,-8
47.835190,5543,rest,21,3,-3,-7,1,0,-2,1
47.841300,5544,rest,-20,5,-1,-2,0,-3,1,2
47.843440,5545,rest,10,28,4,3,-1,-1,-6,14
47.843448,5546,rest,-4,-67,-3,0,3,-2,-1,0
47.843451,5547,rest,3,-15,-4,-1,4,1,0,11
47.863673,5548,rest,5,-1,-3,-4,-5,0,1,-1
47.863697,5549,rest,-46,-1,-3,-3,0,-2,-3,0
47.865137,5550,rest,-5,36,-1,0,-4,-1,2,-4
47.865153,5551,rest,41,-3,-1,-1,-4,0,-1,13
47.886322,5552,rest,-22,19,-3,-2,-6,1,0,-2
47.886343,5553,rest,10,-51,-5,-2,-1,-3,3,-10
47.887847,5554,rest,6,11,0,3,-4,-1,-1,-2
47.887853,5555,rest,-13,-1,-2,-2,-2,-1,-1,-27
47.901333,5556,rest,-8,10,3,2,2,-3,-1,14
47.901357,5557,rest,13,-6,-2,-2,1,1,2,-2
47.902897,5558,rest,0,-28,-5,-5,-8,-2,-1,1
47.902903,5559,rest,7,16,3,2,2,0,2,4
47.923760,5560,rest,2,-13,-3,-4,-4,0,0,-7
47.923767,5561,rest,3,5,1,2,-6,-2,-1,1
47.925238,5562,rest,11,38,2,-2,-2,-2,0,-2
47.925266,5563,rest,-51,-39,-2,-2,3,0,-3,5
47.946441,5564,rest,36,-8,0,-2,-3,-1,3,3
47.946470,5565,rest,-16,9,-3,-1,-3,-1,-2,2
47.948803,5566,rest,-4,1,-1,-3,-2,-2,1,-49
47.948811,5567,rest,-16,16,0,2,-1,1,-7,19
47.960471,5568,rest,7,-25,-2,-4,-2,-5,-2,-4
47.960498,5569,rest,33,18,0,-4,-5,1,2,-9
47.967610,5570,rest,-10,6,-2,2,3,-2,-4,-4
47.967635,5571,rest,-15,-32,-6,-3,5,-2,1,1
47.983809,5572,rest,29,17,-1,-2,-31,-1,-1,-2
47.984858,5573,rest,-6,-27,-1,-1,2,0,-3,1
47.985593,5574,rest,-7,-1,-1,-2,-5,-1,-1,9
47.985625,5575,rest,-4,14,2,1,-3,1,2,10
48.006363,5576,rest,-8,-6,-1,3,12,-2,-1,8
48.006388,5577,rest,33,58,1,-1,-3,-5,-2,-5
48.007821,5578,rest,-18,-73,-6,-4,-11,0,-1,9
48.007840,5579,rest,24,5,0,-1,2,-1,-1,-1
48.020499,5580,rest,-16,11,1,0,2,-1,1,-6
48.020523,5581,rest,-9,-1,-1,-2,11,0,-3,0
48.027297,5582,rest,31,11,-1,0,3,-1,1,-14
48.028692,5583,rest,-46,24,1,-3,-7,0,-2,1
48.043664,5584,rest,2,-39,2,5,10,3,-1,0
48.043689,5585,rest,56,0,-4,-1,-5,0,1,3
48.045192,5586,rest,-37,3,-1,-2,1,-1,-1,7
48.045209,5587,rest,31,-18,-5,-2,-3,-1,-1,4
48.066835,5588,rest,-28,27,1,-3,-2,-2,-3,-5
48.066852,5589,rest,6,-12,1,0,-2,-2,-1,-37
48.067951,5590,rest,15,13,0,0,-1,-1,0,12
48.067974,5591,rest,8,40,3,5,-2,0,-1,59
48.082024,5592,rest,10,-44,-5,-1,3,0,-4,2
48.082033,5593,rest,3,2,0,-2,-5,0,1,-2
48.087378,5594,rest,-19,-15,-1,2,3,0,-5,2
48.087402,5595,rest,-16,-5,-1,-2,-2,-1,4,-15
48.103906,5596,rest,43,9,-2,0,-2,-1,-2,-4
48.103928,5597,rest,-11,-6,-1,-3,-2,0,-1,17
48.105424,5598,rest,1,12,2,-3,-10,-2,-1,5
48.105477,5599,rest,16,1,-1,1,15,0,3,-6
48.126144,5600,rest,7,9,1,-2,-33,-1,-1,-4
48.126200,5601,rest,-2,36,-1,3,0,0,1,-3
48.128521,5602,rest,5,-21,-2,-2,-1,-1,0,6
48.128526,5603,rest,-3,-18,-1,-2,-3,-1,-2,-14
48.140486,5604,rest,-15,1,-3,-1,8,-1,-1,3
48.140505,5605,rest,-22,-4,-1,-2,0,-2,-2,6
48.147371,5606,rest,9,13,0,-2,-2,0,-2,-1
48.147407,5607,rest,-16,0,0,0,-3,-1,-2,0
48.163706,5608,rest,-10,-15,-2,-1,5,-1,-2,-8
48.163723,5609,rest,-14,38,-3,-3,-7,0,2,-24
48.165175,5610,rest,-27,-49,-4,-1,8,-2,-6,7
48.165199,5611,rest,-9,3,-1,0,-1,-4,-1,-12
48.186215,5612,rest,9,-7,-1,-1,5,-2,1,-1
48.186233,5613,rest,-7,8,1,0,-5,-1,1,-3
48.187800,5614,rest,21,14,1,1,2,0,0,20
48.187818,5615,rest,9,2,-1,-1,-5,-1,-2,-6
48.200685,5616,rest,-23,12,-3,-1,2,0,-3,-3
48.200711,5617,rest,-8,-42,-3,-2,0,0,-4,17
48.215020,5618,rest,8,17,1,-3,-4,1,1,-6
48.215057,5619,rest,7,-10,0,-1,-2,1,-4,40
48.223685,5620,rest,1,8,1,5,9,-2,0,-3
48.223710,5621,rest,-4,-21,0,-4,10,-3,-2,-4
48.225412,5622,rest,-4,1,-2,-3,-5,-1,-1,4
48.225417,5623,rest,17,12,0,-5,-8,-1,-1,-18
48.246218,5624,rest,-34,-10,0,0,10,1,2,-6
48.246236,5625,rest,29,58,4,0,-23,-3,-9,14
48.248739,5626,rest,-62,-88,-10,-4,-5,-4,-3,-19
48.248747,5627,rest,21,24,2,-3,2,-1,-2,-4
48.260522,5628,rest,-21,4,-4,-4,-7,0,0,-1
48.260548,5629,rest,-2,-31,-2,1,5,-1,1,2
48.268785,5630,rest,19,54,4,1,2,1,1,1
48.268791,5631,rest,31,8,-3,0,-8,-1,-3,-9
48.285726,5632,rest,-10,-28,-1,-2,3,-1,-2,4
48.285734,5633,rest,-8,0,0,2,4,-1,-2,-2
48.285737,5634,rest,13,15,2,0,-4,0,-1,-3
48.285739,5635,rest,-21,-17,-3,-1,3,-1,-1,-8
48.306601,5636,rest,9,23,-1,0,-2,-2,-1,-1
48.308015,5637,rest,-17,-26,-2,-1,1,1,0,3
48.308022,5638,rest,11,5,-3,-2,-4,0,0,-5
48.308024,5639,rest,-11,-1,1,-1,-5,-2,-5,13
48.319940,5640,rest,4,0,-2,0,-6,2,0,-1
48.319961,5641,rest,0,-19,-1,-4,-6,-3,-2,-2
48.330085,5642,rest,2,17,4,6,5,2,1,80
48.330091,5643,rest,41,3,-1,-1,-4,0,0,-8
48.343683,5644,rest,-76,-24,0,1,3,-3,-3,-6
48.343706,5645,rest,3,23,0,-2,1,0,-4,19
48.346309,5646,rest,-3,-76,-11,-2,5,1,-1,-27
48.346317,5647,rest,-5,53,1,-5,-38,-2,-2,-8
48.366368,5648,rest,2,-39,-4,-4,6,-3,-3,7
48.366389,5649,rest,-6,-6,-3,-1,5,-1,1,-17
48.368112,5650,rest,11,66,6,-3,-5,-2,1,-10
48.368155,5651,rest,-35,-66,-5,3,11,-2,-1,-4
48.380476,5652,rest,45,37,2,-1,3,1,1,-9
48.380491,5653,rest,-40,-4,-2,-1,-6,-1,-3,-4
48.390478,5654,rest,18,5,3,-1,17,-2,-3,-9
48.390491,5655,rest,-2,26,-2,0,8,0,0,-1
48.403727,5656,rest,9,-7,-4,-3,-5,-1,-2,4
48.403751,5657,rest,-1,-21,-1,-1,2,-2,-2,1
48.405390,5658,rest,5,9,-1,-2,-6,-1,0,-3
48.405458,5659,rest,-10,17,2,-1,4,-1,3,-8
48.426085,5660,rest,14,-9,-1,-2,-1,-3,0,1
48.426104,5661,rest,14,10,-6,-3,-2,1,3,-10
48.427808,5662,rest,-28,3,3,4,0,-1,-7,-1
48.427833,5663,rest,-36,-15,-1,-2,10,-2,0,-2
48.439909,5664,rest,57,21,-1,0,-28,0,1,59
48.439934,5665,rest,-17,-17,-1,-4,-6,-2,-1,-6
48.450391,5666,rest,-40,47,-1,-1,-8,-1,1,-9
48.450396,5667,rest,2,-78,-5,0,5,-1,0,2
48.463938,5668,rest,4,19,4,1,8,-2,-1,-6
48.463974,5669,rest,27,10,2,0,-6,1,0,1
48.465750,5670,rest,8,0,-1,0,-7,-1,-1,-2
48.465754,5671,rest,-1,8,0,-2,0,-2,-4,-5
48.486302,5672,rest,-3,8,-1,-2,3,-2,0,-14
48.486329,5673,rest,-3,-12,1,2,1,-3,0,5
48.487816,5674,rest,8,-17,-5,-2,3,-3,0,-16
48.487825,5675,rest,13,10,-3,-1,-2,-1,1,-3
48.499823,5676,rest,-15,-6,0,-2,-4,-1,-2,-10
48.499847,5677,rest,-8,4,0,0,1,-1,-3,-10
48.508847,5678,rest,11,-22,-2,-4,-1,-2,-2,-3
48.508893,5679,rest,3,37,1,0,1,0,0,-3
48.523710,5680,rest,10,-58,-6,0,1,1,0,5
48.523729,5681,rest,-34,7,-2,-2,9,-2,-1,-1
48.525095,5682,rest,15,2,-1,-7,-34,-3,-2,-5
48.525117,5683,rest,11,8,-1,2,-7,-1,1,-12
48.546302,5684,rest,-12,23,-1,-3,17,-3,0,-18
48.548352,5685,rest,30,6,3,0,-6,1,1,62
48.548358,5686,rest,18,-21,-4,-1,6,-2,-10,-2
48.548361,5687,rest,-44,-11,-4,-5,1,-1,0,2
48.559851,5688,rest,5,31,2,-1,-9,0,-1,3
48.559875,5689,rest,-5,-64,-2,1,4,-1,0,-15
48.569530,5690,rest,24,23,-2,1,4,1,4,0
48.569539,5691,rest,37,-18,-1,-4,-5,-2,-1,8
48.583866,5692,rest,-83,-3,1,1,3,0,-2,-9
48.586062,5693,rest,5,13,0,0,2,0,-2,-7
48.586070,5694,rest,4,3,-3,-1,-1,-1,0,-5
48.586072,5695,rest,-8,0,0,3,2,-1,-2,-9
48.606219,5696,rest,21,2,-1,-3,-5,-2,-2,-1
48.606251,5697,rest,-9,17,1,-1,-5,-2,5,-17
48.608837,5698,rest,-25,-52,-1,-3,-1,-3,-3,-32
48.608880,5699,rest,28,10,2,3,6,-2,-1,2
48.619937,5700,rest,-34,7,-1,-3,-7,0,-2,-5
48.619984,5701,rest,-2,-22,-4,1,27,0,-3,1
48.631379,5702,rest,-10,4,3,2,-3,0,1,2
48.631391,5703,rest,5,-8,1,-2,-3,-2,-1,2
48.643646,5704,rest,4,18,0,1,0,0,0,-7
48.645969,5705,rest,21,11,-3,0,0,0,-3,-13
48.645976,5706,rest,-9,-7,-3,-1,3,0,2,67
48.645978,5707,rest,-5,-8,-3,-1,-9,0,-2,-1
48.666553,5708,rest,14,19,1,0,3,0,-1,4
48.666568,5709,rest,-12,-11,0,-3,-11,-2,-3,2
48.668289,5710,rest,29,49,0,1,5,-1,-2,15
48.668313,5711,rest,-59,-62,-2,-2,-5,-2,-2,-2
48.680045,5712,rest,17,-9,0,2,0,0,-2,2
48.680059,5713,rest,-7,11,-2,-2,-8,-2,-2,-6
48.689650,5714,rest,1,6,2,-1,-6,2,3,-14
48.689655,5715,rest,12,22,-1,-2,3,1,1,-3
48.703691,5716,rest,10,-17,-4,-8,-2,-2,-1,-9
48.703730,5717,rest,9,-30,-2,1,-8,-1,-2,1
48.705470,5718,rest,18,17,1,0,5,0,0,-8
48.705576,5719,rest,-38,11,0,0,2,-1,-4,-2
48.727231,5720,rest,9,-10,1,0,-12,0,-2,-6
48.727236,5721,rest,-2,12,1,-1,-10,-2,0,3
48.727587,5722,rest,-12,-1,-2,-2,1,-4,-4,-41
48.727597,5723,rest,16,9,-1,-1,-7,-2,-5,-6
48.748959,5724,rest,5,12,2,-2,-5,-2,1,0
48.748983,5725,rest,-1,-51,-6,-3,6,0,0,1
48.751554,5726,rest,-7,7,0,0,-3,-1,1,-7
48.751564,5727,rest,2,6,4,1,3,0,-1,1
48.763246,5728,rest,-11,-4,2,0,0,-1,1,21
48.763282,5729,rest,-4,30,-1,1,2,-1,-1,-11
48.769790,5730,rest,17,-4,-3,-1,3,-1,1,0
48.769812,5731,rest,28,52,0,-2,-1,2,1,13
48.786251,5732,rest,-62,-89,-8,-2,-1,-1,-2,-7
48.786273,5733,rest,-1,-3,3,1,-1,-1,3,-1
48.788316,5734,rest,-62,9,-7,-5,-11,-1,-1,-1
48.788327,5735,rest,6,2,-2,3,6,0,0,-33
48.808807,5736,rest,22,32,1,2,0,0,0,-4
48.808829,5737,rest,5,9,-1,-2,-2,0,-1,-1
48.810464,5738,rest,-14,-25,-1,-2,-8,-2,7,-12
48.810480,5739,rest,3,-31,-5,-5,11,-3,-2,1
48.823672,5740,rest,8,-4,-3,-3,3,-2,-2,-5
48.823694,5741,rest,-3,-3,-2,0,-3,-1,-1,8
48.825195,5742,rest,13,20,2,-1,-1,-2,-2,0
48.825217,5743,rest,7,-3,-1,-1,0,0,-1,5
48.846356,5744,rest,2,11,1,1,2,-1,-2,0
48.846393,5745,rest,7,-18,-1,-3,-1,-2,0,-2
48.847967,5746,rest,-30,-2,0,0,0,3,-1,2
48.847973,5747,rest,-5,-5,-3,-1,-2,-2,0,4
48.869631,5748,rest,41,30,-4,-1,-1,0,2,22
48.869640,5749,rest,-6,21,1,-1,-3,0,-3,24
48.870333,5750,rest,-21,-14,-3,3,14,-4,-4,-2
48.870356,5751,rest,13,13,-1,-5,-32,-2,-1,12
48.883250,5752,rest,-12,-37,-4,-3,-1,-1,2,-2
48.883283,5753,rest,3,19,0,-2,0,-1,0,-11
48.889822,5754,rest,2,2,2,2,-2,-3,-1,0
48.889846,5755,rest,15,-10,1,0,9,0,0,-4
48.906259,5756,rest,7,40,-1,-1,11,-3,-3,-16
48.906279,5757,rest,-46,-40,-2,-4,-6,-1,-2,-7
48.908747,5758,rest,15,2,0,-3,6,-2,-2,0
48.908759,5759,rest,-12,0,1,1,0,0,-1,-3
48.928708,5760,rest,16,-4,2,2,-2,-1,-1,-4
48.930579,5761,rest,-12,24,2,0,4,0,1,4
48.930590,5762,rest,31,-20,-5,-2,-2,-1,-1,8
48.930595,5763,rest,-20,-39,-1,-2,-2,1,2,-14
48.943630,5764,rest,-9,-26,-2,2,-2,-2,-4,3
48.943654,5765,rest,28,29,-1,-1,-2,-1,-2,-8
48.949755,5766,rest,-4,9,3,-1,-1,-1,-1,-1
48.949781,5767,rest,-35,-6,-1,-2,-4,-3,-2,-6
48.966104,5768,rest,7,-5,-1,-3,0,-1,-1,-39
48.966122,5769,rest,15,24,0,2,19,0,1,-1
48.967942,5770,rest,-21,7,-3,-5,-15,-1,0,-1
48.967961,5771,rest,-3,-68,0,9,7,-1,-4,7
48.988625,5772,rest,-3,19,-2,-3,-5,-1,0,-45
48.990460,5773,rest,7,-3,1,1,-5,-2,-3,12
48.990466,5774,rest,25,12,0,-1,4,-2,-1,1
48.990468,5775,rest,-5,13,0,-2,-1,0,-1,-3
49.002976,5776,rest,10,10,-3,1,-3,-1,0,3
49.003000,5777,rest,29,-13,-3,-2,-7,0,-1,9
49.009771,5778,rest,-10,-10,0,0,3,0,-3,4
49.009795,5779,rest,-13,44,1,-1,-8,-2,-1,1
49.026905,5780,rest,7,-17,0,1,0,0,0,20
49.026914,5781,rest,-15,11,0,-2,-3,-2,1,-8
49.027799,5782,rest,26,-14,-2,1,-3,-1,0,4
49.027814,5783,rest,-33,-31,-6,-3,3,-2,-1,0
49.049152,5784,rest,9,42,2,-3,-8,1,-1,15
49.049182,5785,rest,-7,-18,1,6,4,1,0,-11
49.051761,5786,rest,-9,3,-3,0,1,-1,-2,-11
49.051771,5787,rest,34,34,1,-3,0,0,0,0
49.063210,5788,rest,-14,6,2,0,-15,0,-1,10
49.063245,5789,rest,-15,-62,-1,-2,-8,-1,-2,-7
49.069856,5790,rest,4,7,-3,-1,-1,1,0,27
49.069877,5791,rest,2,10,0,-2,-3,-2,-1,4
49.086293,5792,rest,-42,-1,-1,0,4,1,-3,8
49.086365,5793,rest,15,16,-1,-4,-1,1,6,-5
49.088130,5794,rest,3,0,1,0,-1,0,-5,22
49.088139,5795,rest,9,-1,-2,-2,0,-2,-1,-2
49.108700,5796,rest,11,2,-1,-1,1,-1,0,5
49.108723,5797,rest,-5,-15,2,3,-6,-5,-4,-16
49.110166,5798,rest,-1,9,0,0,8,0,1,5
49.110254,5799,rest,11,-16,-3,-1,-1,0,0,-1
49.123082,5800,rest,7,-1,0,0,6,-2,0,6
49.123317,5801,rest,0,6,0,-3,-5,0,-1,16
49.129822,5802,rest,-20,-13,-5,3,5,1,-1,-15
49.129851,5803,rest,14,3,0,-3,0,1,-1,0
49.146427,5804,rest,-7,-5,1,-5,-6,-3,-2,-5
49.148402,5805,rest,32,1,-8,1,20,-4,-3,-11
49.148413,5806,rest,-20,-9,1,-2,-6,-2,-1,-11
49.148415,5807,rest,14,12,-2,1,21,-2,-2,-3
49.168734,5808,rest,-20,-24,1,0,-11,-1,0,1
49.168763,5809,rest,9,11,0,-1,-5,2,-2,3
49.170317,5810,rest,6,-8,1,-2,-4,-1,-3,-8
49.170339,5811,rest,4,13,-2,2,4,1,0,6
49.183100,5812,rest,6,1,-3,-1,6,-1,-2,0
49.183107,5813,rest,-40,8,0,-1,-5,-2,-2,3
49.189829,5814,rest,14,-3,-1,0,-2,-2,0,-8
49.189857,5815,rest,-54,-26,-2,-1,-10,-1,0,-8
49.206104,5816,rest,8,10,0,2,3,-2,-1,1
49.206121,5817,rest,3,2,-3,-5,-9,-1,2,-8
49.207698,5818,rest,-3,-4,3,-1,2,2,-2,10
49.207714,5819,rest,46,67,0,-1,-3,-2,-2,1
49.228808,5820,rest,-44,-75,-6,1,-2,-3,-3,-36
49.228833,5821,rest,-28,-2,-3,-5,-5,0,-3,-2
49.231107,5822,rest,25,20,1,-2,-9,-1,0,-10
49.231113,5823,rest,-13,9,2,6,0,2,-2,34
49.242203,5824,rest,26,13,-4,-3,1,-1,-1,0
49.242227,5825,rest,-4,-5,0,1,-3,-1,-4,-2
49.252330,5826,rest,-4,-10,0,-2,-1,-1,0,5
49.252336,5827,rest,-7,-34,-4,-4,18,-1,-2,-14
49.266269,5828,rest,2,-8,2,-4,-11,-1,-2,4
49.266288,5829,rest,-2,6,-1,0,3,0,-1,4
49.269446,5830,rest,10,21,0,2,-2,0,-1,6
49.269455,5831,rest,5,-11,-1,-3,0,-2,1,-3
49.288655,5832,rest,8,-6,-4,-1,4,1,3,8
49.290930,5833,rest,7,21,-2,-4,-5,-2,-1,0
49.290938,5834,rest,5,2,0,2,9,-1,0,-13
49.290941,5835,rest,-16,-34,-2,-2,-9,-2,-2,-3
49.302373,5836,rest,-36,57,2,3,3,0,-1,9
49.302396,5837,rest,-12,-73,-5,-4,-16,-1,0,-2
49.312452,5838,rest,3,6,0,-3,-6,0,-1,-6
49.312458,5839,rest,8,6,-2,3,-5,-2,-2,-6
49.326020,5840,rest,33,36,1,-2,-2,0,-2,-2
49.326037,5841,rest,0,14,-2,1,8,-1,-2,-2
49.327904,5842,rest,-11,-21,-1,-3,-2,-2,-2,-7
49.327928,5843,rest,2,22,2,-4,-6,-1,-2,-4
49.348797,5844,rest,-6,-30,-4,-2,1,0,0,-6
49.348827,5845,rest,-3,41,4,-1,-1,-3,-4,-43
49.351346,5846,rest,15,-79,-2,-1,3,1,1,46
49.351355,5847,rest,-14,7,-1,1,14,1,1,-4
49.362455,5848,rest,-22,-15,-2,0,-32,-2,-5,-4
49.362472,5849,rest,23,14,0,-2,-1,-1,0,-1
49.371387,5850,rest,-6,-9,1,-2,-5,-1,-1,-19
49.371450,5851,rest,-45,-15,-5,-1,-3,1,0,0
49.387459,5852,rest,20,16,-1,-1,9,-3,-2,3
49.387468,5853,rest,1,-16,1,0,5,0,0,7
49.387736,5854,rest,5,18,0,-1,-5,-1,-4,-10
49.387755,5855,rest,16,-61,-1,-1,-10,-2,0,5
49.408792,5856,rest,-13,15,-3,-4,1,-1,-3,1
49.408816,5857,rest,-22,-3,0,8,6,-1,-1,7
49.410717,5858,rest,-13,20,-1,-2,3,-1,6,-6
49.410723,5859,rest,11,7,-1,-3,-5,-1,-1,-6
49.422381,5860,rest,14,-6,2,0,-1,1,4,6
49.422411,5861,rest,8,21,-2,-4,1,0,-2,4
49.433316,5862,rest,-23,-12,-4,0,1,-1,0,-7
49.433333,5863,rest,11,16,-2,-2,-6,-3,-1,-1
49.446464,5864,rest,10,33,3,3,2,-1,2,1
49.449206,5865,rest,13,-53,-5,0,16,1,2,9
49.449216,5866,rest,-30,5,-1,2,-22,-1,-5,7
49.449218,5867,rest,0,-2,-1,-2,-5,-3,-6,-40
49.468745,5868,rest,6,4,-1,0,7,0,-3,2
49.468774,5869,rest,-20,9,0,-1,1,-1,-2,8
49.470296,5870,rest,22,9,-1,-2,2,-3,4,-38
49.470320,5871,rest,-4,5,1,-2,-2,0,0,1
49.482492,5872,rest,-29,6,-4,-2,-1,-2,-1,2
49.482526,5873,rest,0,-59,-4,-3,6,-1,1,-6
49.491711,5874,rest,32,12,0,-5,0,-2,-2,-8
49.491720,5875,rest,-69,16,-3,1,-2,-1,-2,4
49.506228,5876,rest,36,6,1,-1,5,0,0,0
49.506256,5877,rest,-32,19,0,-2,-6,0,1,3
49.508093,5878,rest,7,4,-3,-1,1,-1,-3,4
49.508106,5879,rest,26,-18,2,3,0,3,1,14
49.528696,5880,rest,13,34,1,-5,3,-2,-4,2
49.528720,5881,rest,-19,-69,-4,-1,-9,-1,-3,-3
49.530382,5882,rest,-4,8,-1,-1,1,0,-2,4
49.530413,5883,rest,10,14,1,-2,-5,-2,1,-3
49.542231,5884,rest,7,-38,-3,1,1,-2,-1,-6
49.542257,5885,rest,14,45,2,-1,-7,0,-1,1
49.552442,5886,rest,-12,16,0,-2,2,-3,-2,-2
49.552451,5887,rest,9,-41,-7,-5,-4,-1,-1,3
49.566161,5888,rest,-11,-7,-2,2,17,0,0,1
49.566180,5889,rest,0,28,-1,-4,-32,1,1,3
49.567747,5890,rest,-21,-23,-3,-2,1,0,1,7
49.567798,5891,rest,20,29,3,1,-5,-1,-7,0
49.588610,5892,rest,-19,-29,1,0,-3,0,0,-3
49.588632,5893,rest,16,11,1,2,6,-1,-2,-6
49.590128,5894,rest,47,-5,-3,-2,2,0,0,1
49.590170,5895,rest,-34,1,0,-7,-7,-3,0,1
49.602911,5896,rest,3,-7,-1,5,1,-1,-2,0
49.602938,5897,rest,-27,21,2,3,5,1,0,59
49.612555,5898,rest,0,5,-3,0,-6,0,0,-1
49.612561,5899,rest,28,0,-1,-3,2,-3,-1,0
49.626165,5900,rest,0,2,-1,-1,-3,1,0,7
49.626226,5901,rest,7,6,-2,-4,1,-1,2,-35
49.627691,5902,rest,-18,6,5,1,2,0,-3,-4
49.627727,5903,rest,-4,-59,-11,-5,-5,-2,1,3
49.649021,5904,rest,-2,-2,1,2,2,-1,2,-12
49.649055,5905,rest,15,-8,-1,-1,-2,-3,-3,-10
49.650811,5906,rest,1,10,-1,-2,1,1,-2,-1
49.650817,5907,rest,-3,26,3,2,-2,0,-2,-11
49.662433,5908,rest,8,-10,-3,-3,-4,0,-2,-3
49.662455,5909,rest,21,7,-1,0,3,-1,0,-3
49.671566,5910,rest,-22,12,-1,0,1,0,-2,8
49.671571,5911,rest,-7,10,2,2,17,-2,-1,1
49.687481,5912,rest,-19,-47,-6,-5,-14,-5,-4,3
49.687494,5913,rest,13,17,4,0,-2,-1,-2,2
49.687863,5914,rest,2,-27,-1,0,-2,-1,0,-4
49.687885,5915,rest,-52,21,-3,-1,3,1,1,-1
49.709040,5916,rest,22,5,0,-3,1,1,0,0
49.709065,5917,rest,5,23,-1,-4,-3,-2,-4,-6
49.711418,5918,rest,-3,-54,-3,9,-1,-1,1,-3
49.711427,5919,rest,23,2,2,-1,-3,0,1,4
49.731408,5920,rest,-14,33,1,-1,-1,-2,2,4
49.731445,5921,rest,-15,-53,-3,-1,-4,-4,-10,-8
49.733807,5922,rest,6,-8,-2,-6,-3,-3,-4,-2
49.733814,5923,rest,17,-1,-1,4,5,2,0,5
49.746364,5924,rest,-18,-4,-1,-1,-1,-1,0,-6
49.746389,5925,rest,2,16,1,0,6,-1,2,-3
49.749024,5926,rest,2,12,-2,-3,-3,-1,0,-37
49.749041,5927,rest,11,-12,-1,-4,-6,0,-2,-6
49.768672,5928,rest,9,8,-1,-4,-3,0,-2,-5
49.768697,5929,rest,6,7,-4,-2,1,-2,-1,-27
49.770360,5930,rest,-13,9,-1,0,2,0,-5,9
49.770388,5931,rest,20,10,1,0,-8,-1,0,14
49.791207,5932,rest,-12,-34,-2,-1,2,0,-2,-6
49.793321,5933,rest,-13,23,0,0,-3,1,0,-12
49.793329,5934,rest,-3,-4,-2,-3,3,-2,-2,5
49.793331,5935,rest,3,-5,0,3,-1,1,3,-2
49.806237,5936,rest,-16,9,1,-2,2,-3,-3,4
49.806262,5937,rest,24,9,-2,-1,1,-1,1,10
49.807711,5938,rest,-4,3,1,2,10,1,0,1
49.807739,5939,rest,4,1,-2,-5,-37,-3,-2,6
49.829235,5940,rest,26,22,-3,-4,-3,-1,1,-6
49.829249,5941,rest,-37,-47,-3,-1,-3,0,0,5
49.830055,5942,rest,10,18,2,-1,-3,-3,0,6
49.830062,5943,rest,11,-39,-7,1,12,-2,-3,-12
49.851422,5944,rest,12,-7,2,-1,-5,0,0,4
49.853876,5945,rest,27,31,-1,-1,-1,-2,0,3
49.853888,5946,rest,-3,-9,-3,-6,-7,-1,-1,5
49.853890,5947,rest,-21,6,1,1,10,0,-1,-4
49.865696,5948,rest,10,12,-1,0,-6,-2,0,0
49.865716,5949,rest,3,-7,-1,-1,5,-1,0,8
49.879988,5950,rest,13,24,2,-1,-5,-3,0,0
49.880122,5951,rest,-9,-32,-2,-2,-2,-2,-1,-3
49.888591,5952,rest,3,16,-1,4,0,0,-2,-1
49.888609,5953,rest,-9,-25,-3,-3,-3,-2,-1,-6
49.890518,5954,rest,10,9,0,-2,-3,-1,-2,2
49.890527,5955,rest,-2,33,4,-2,-6,-1,-1,-2
49.911413,5956,rest,-20,-13,-1,0,-7,-2,-1,-1
49.911467,5957,rest,-8,2,1,-1,-1,-2,-4,1
49.912923,5958,rest,-4,24,0,-3,-5,-1,1,-50
49.912952,5959,rest,-4,-64,-3,0,7,-1,-2,31
49.925423,5960,rest,12,-11,-1,-1,1,0,1,-2
49.925444,5961,rest,-9,22,-1,-3,-4,-1,-1,4
49.932490,5962,rest,-28,-15,-3,0,-4,-1,-2,-7
49.932516,5963,rest,-7,6,-1,-1,2,-2,-1,-13
49.948647,5964,rest,3,-12,-1,-6,-5,-3,-2,-20
49.950737,5965,rest,18,6,2,8,25,1,2,3
49.950747,5966,rest,1,-2,1,-2,-27,0,0,15
49.950753,5967,rest,27,46,-6,-4,-1,1,5,-5
49.971236,5968,rest,-13,-2,-3,-1,-8,-2,-6,7
49.971265,5969,rest,-39,-64,-4,-2,5,0,-1,-5
49.972731,5970,rest,-34,-20,0,3,10,0,1,6
49.972753,5971,rest,7,23,1,-3,1,-3,-1,-7
49.986439,5972,rest,7,8,2,0,-5,-1,1,1
49.986451,5973,rest,4,-1,0,-4,-9,-3,0,1
49.992264,5974,rest,19,-11,-4,1,8,0,-1,11
49.992289,5975,rest,-34,8,1,0,-2,-1,-3,-4
50.008627,5976,rest,8,8,0,-2,22,1,0,2
50.010824,5977,rest,0,-2,0,1,-6,-1,-1,0
50.010832,5978,rest,-3,-24,-6,-3,1,-2,-2,4
50.010834,5979,rest,34,6,-2,0,2,0,-1,-1
50.032903,5980,rest,-24,-10,-3,-1,1,0,-2,1
50.032911,5981,rest,3,14,1,-2,-6,0,-1,0
50.032913,5982,rest,10,22,2,1,1,0,1,3
50.032915,5983,rest,10,4,2,-4,-7,-1,-1,-4
50.047490,5984,rest,-13,-16,-2,-2,-2,2,0,3
50.047500,5985,rest,51,22,-3,4,14,0,-1,49
50.052421,5986,rest,-76,-13,-5,-3,-33,-5,-6,-33
50.054527,5987,rest,-19,-56,-2,-1,-5,-2,-1,-1
50.068682,5988,rest,-12,9,0,-1,1,0,-3,5
50.068705,5989,rest,-2,13,2,-2,-4,-2,1,-7
50.070587,5990,rest,33,24,2,1,13,0,0,2
50.070594,5991,rest,-3,21,0,-1,-2,-2,-4,3
50.091107,5992,rest,-16,-21,-2,0,-5,-3,-3,-14
50.091133,5993,rest,-17,-7,-2,-1,-9,0,-1,-24
50.093631,5994,rest,40,11,5,1,21,1,0,25
50.093637,5995,rest,-69,-13,-4,-2,-3,-1,-2,-13
50.106130,5996,rest,30,24,0,0,4,1,0,10
50.106157,5997,rest,6,-10,2,0,-5,-3,-3,-10
50.112305,5998,rest,-12,3,-4,-4,-2,-1,0,6
50.112400,5999,rest,28,19,2,-1,4,-1,-1,3
52.129739,6000,clench,-11,-17,21,-4,-16,11,-12,-1
52.130132,6001,clench,46,-84,-3,-1,-11,-23,-28,-35
52.138004,6002,clench,-34,-51,-33,2,9,3,10,-8
52.138028,6003,clench,7,111,36,5,1,3,-3,-18
52.152990,6004,clench,4,-56,-27,-11,-17,1,34,27
52.153017,6005,clench,-1,18,0,7,5,7,0,7
52.153563,6006,clench,4,-59,-22,-2,0,16,-6,6
52.153586,6007,clench,4,-26,-13,-1,-7,-19,-12,-7
52.175292,6008,clench,-20,-44,-13,-2,-3,6,16,-1
52.175310,6009,clench,28,108,16,1,2,-6,-18,-32
52.176427,6010,clench,-18,-46,-33,1,-1,-12,-8,29
52.176435,6011,clench,-32,-98,-21,-3,4,-1,-1,-26
52.189712,6012,clench,54,102,78,1,21,12,-20,-1
52.189739,6013,clench,0,-99,-23,-19,-33,-9,-2,-8
52.198020,6014,clench,33,64,8,6,8,7,1,-13
52.198051,6015,clench,-21,-53,-20,-5,-17,-21,-25,5
52.212836,6016,clench,15,58,-13,-3,27,22,19,4
52.212868,6017,clench,-83,-40,4,5,-8,-8,-3,15
52.213680,6018,clench,23,-2,17,7,8,-24,13,-2
52.213760,6019,clench,-3,13,5,-14,-15,36,4,-2
52.235702,6020,clench,17,-47,-44,-5,-14,-24,2,-7
52.235728,6021,clench,11,53,7,6,16,5,5,7
52.237431,6022,clench,-38,32,16,0,-12,0,5,5
52.237438,6023,clench,21,14,42,9,8,-5,5,1
52.249722,6024,clench,-22,-13,-4,-5,-14,-6,10,-4
52.249744,6025,clench,0,-12,-30,3,10,4,-12,21
52.257881,6026,clench,4,-78,7,1,-11,-9,6,-1
52.257901,6027,clench,-42,25,0,-5,5,9,24,42
52.273461,6028,clench,2,-6,-13,-1,-14,-2,14,7
52.273491,6029,clench,-8,-24,-2,5,4,-3,-18,23
52.275012,6030,clench,15,19,-2,-12,-14,7,16,11
52.275022,6031,clench,21,20,25,-1,-3,-19,-49,-8
52.295304,6032,clench,-28,-97,-29,-3,3,1,-8,-13
52.295322,6033,clench,-20,70,9,1,-2,-9,14,-13
52.296085,6034,clench,14,-23,-12,-1,1,6,6,6
52.296113,6035,clench,8,4,6,-1,-8,2,7,6
52.309769,6036,clench,-21,-62,-20,4,8,-4,7,-13
52.309793,6037,clench,5,80,1,1,7,-2,-4,3
52.318012,6038,clench,5,-29,12,3,8,-14,-28,-6
52.318038,6039,clench,10,-23,-10,-1,13,28,34,-2
52.332843,6040,clench,25,18,-11,-7,-14,-2,44,12
52.332862,6041,clench,6,-43,-7,-7,-12,-1,-10,-3
52.334063,6042,clench,-17,10,-12,-1,-1,-3,-10,15
52.334069,6043,clench,-12,-21,-4,-1,3,-20,-6,11
52.355485,6044,clench,13,3,6,5,-6,3,-10,12
52.356875,6045,clench,-11,62,0,0,2,6,5,-2
52.356881,6046,clench,0,-9,12,-2,-6,-6,16,1
52.356883,6047,clench,6,34,-6,0,6,4,22,-4
52.369936,6048,clench,14,31,14,-3,-6,-1,-42,-1
52.369982,6049,clench,-10,-26,-2,3,-3,-11,-1,-16
52.377920,6050,clench,3,-19,-14,3,38,12,-20,-1
52.377948,6051,clench,-17,16,-3,-1,-9,-9,-50,-25
52.392886,6052,clench,-4,104,9,-9,-23,-21,47,5
52.392911,6053,clench,54,32,40,3,17,62,50,12
52.394811,6054,clench,23,24,-2,-5,-14,2,-20,39
52.394818,6055,clench,-6,-44,-3,0,2,0,-4,-19
52.415350,6056,clench,-3,-51,-21,-2,-2,-27,-31,-17
52.415368,6057,clench,-9,-38,-9,1,-3,-23,-38,-6
52.416722,6058,clench,-9,24,3,-3,-5,8,40,5
52.416728,6059,clench,-17,-3,-9,0,-1,3,-9,0
52.429894,6060,clench,4,12,9,5,1,4,-11,-6
52.429924,6061,clench,-9,-16,-4,-2,1,-6,16,-7
52.437864,6062,clench,4,-14,-2,-1,-3,8,-6,-10
52.437889,6063,clench,3,-74,-94,-14,-7,-6,1,4
52.452997,6064,clench,-2,48,93,38,28,13,4,1
52.453023,6065,clench,1,-44,4,-5,4,-8,9,41
52.454474,6066,clench,-19,-42,-13,-9,-43,-12,-41,-6
52.454480,6067,clench,38,-25,-11,-8,5,17,15,-14
52.475345,6068,clench,-30,-16,-32,-7,4,6,25,11
52.475370,6069,clench,17,-48,-21,-5,-18,-9,-7,-43
52.476503,6070,clench,20,8,2,7,36,-3,-16,-4
52.476509,6071,clench,10,70,39,6,-14,-8,-14,-5
52.489727,6072,clench,26,43,6,-11,2,39,27,-3
52.489751,6073,clench,-26,-27,4,2,-3,-22,-43,-6
52.498085,6074,clench,-2,-12,-2,-9,-10,4,18,-29
52.500251,6075,clench,-21,-76,-11,11,22,-9,-31,4
52.512955,6076,clench,-44,15,-1,1,4,-32,-33,-17
52.512979,6077,clench,37,25,17,-16,-25,52,84,39
52.513565,6078,clench,-3,-65,-29,-3,-2,-16,-24,-51
52.513583,6079,clench,0,16,28,4,1,10,3,10
52.535378,6080,clench,3,-88,-54,-10,-13,-29,-45,-11
52.537009,6081,clench,-20,3,-3,4,25,-5,2,-2
52.537016,6082,clench,4,3,-13,-4,0,12,-9,-1
52.537018,6083,clench,-25,20,16,-7,-9,-12,7,17
52.558491,6084,clench,-11,-62,-17,-6,5,-5,-22,-5
52.558514,6085,clench,-38,49,45,7,-9,-22,-18,-41
52.559122,6086,clench,41,18,-1,-3,-11,18,-25,-3
52.559139,6087,clench,16,9,-2,-1,-4,0,11,6
52.572905,6088,clench,2,-8,-1,1,7,12,9,-5
52.572936,6089,clench,4,-57,-32,3,7,-12,-31,-5
52.573546,6090,clench,-33,29,19,7,10,-10,14,14
52.573602,6091,clench,18,78,21,-1,-2,-2,20,-2
52.595542,6092,clench,9,16,7,-6,-11,22,2,-27
52.595561,6093,clench,-13,-26,-15,0,-4,-27,-9,9
52.598059,6094,clench,4,-6,3,5,8,-8,19,-1
52.598074,6095,clench,15,-5,-5,-2,-3,-1,8,14
52.620528,6096,clench,-14,-4,-41,-7,3,1,5,2
52.620583,6097,clench,-8,104,35,-2,-26,-14,-16,-9
52.620587,6098,clench,11,-46,12,2,5,15,33,24
52.620591,6099,clench,-17,26,19,2,18,9,-7,-23
52.632989,6100,clench,38,-65,-21,-5,-12,-16,-10,16
52.633066,6101,clench,-42,-29,-14,2,-15,1,-17,-12
52.635718,6102,clench,13,22,-4,-7,-5,9,39,-16
52.635732,6103,clench,-20,-35,0,4,-5,-10,-21,24
52.655494,6104,clench,7,-12,19,7,-2,15,30,7
52.655520,6105,clench,44,1,-16,6,34,6,-24,6
52.656101,6106,clench,-90,-7,6,-2,-4,-3,-5,-7
52.656118,6107,clench,3,20,-13,-12,-25,-2,22,-12
52.678515,6108,clench,-4,-57,-23,-7,27,-8,-26,6
52.678544,6109,clench,39,100,34,6,6,2,0,-16
52.679689,6110,clench,-37,-55,-11,-3,-2,5,-6,15
52.679702,6111,clench,-5,-94,-44,-3,-5,-12,-60,-19
52.692839,6112,clench,27,116,15,4,-9,-21,62,-11
52.694656,6113,clench,5,-92,-19,-13,-1,26,-38,23
52.694662,6114,clench,23,10,-2,-2,11,0,22,-18
52.694664,6115,clench,-44,-42,-17,0,-7,0,18,26
52.715564,6116,clench,-6,46,16,-3,-14,-6,-12,-18
52.715606,6117,clench,8,-40,-11,6,16,-7,40,-8
52.715986,6118,clench,18,20,3,3,1,2,-49,6
52.715999,6119,clench,-34,6,5,0,-6,-5,1,-2
52.738538,6120,clench,-23,-37,11,6,-2,-7,-8,1
52.740470,6121,clench,-18,22,-1,-2,4,7,13,11
52.740484,6122,clench,6,87,18,-4,-17,-19,22,10
52.740487,6123,clench,65,99,31,2,24,32,-6,-23
52.752964,6124,clench,1,-10,29,-5,-31,0,-25,-24
52.752991,6125,clench,-18,-40,-22,-7,22,-1,-9,-14
52.754476,6126,clench,-15,-91,-20,4,-1,-15,17,12
52.754483,6127,clench,-17,80,-20,-9,-4,-32,-33,-14
52.775464,6128,clench,42,10,15,2,8,21,-6,13
52.775560,6129,clench,24,-25,-9,-3,-8,9,41,-21
52.778408,6130,clench,-61,-25,-12,-8,-13,-2,0,-42
52.778419,6131,clench,29,-81,-9,-3,-9,-9,-4,10
52.798747,6132,clench,4,-32,-10,-1,12,5,-7,-7
52.798784,6133,clench,13,36,4,-2,-8,-13,-3,2
52.799207,6134,clench,-33,13,-4,4,8,3,-18,15
52.799224,6135,clench,-17,-68,-1,9,7,10,30,6
52.812830,6136,clench,32,-61,-16,-4,5,-8,-34,-15
52.812850,6137,clench,-18,49,34,-2,-2,20,38,14
52.813462,6138,clench,65,32,-1,-7,-20,-8,-23,-4
52.813527,6139,clench,8,-12,17,6,11,9,46,8
52.835511,6140,clench,-20,0,-7,3,2,1,-34,-7
52.835537,6141,clench,-16,-41,-34,-3,-3,-15,6,28
52.836997,6142,clench,15,-33,-5,-1,-5,1,-3,14
52.837003,6143,clench,-27,78,21,-6,14,6,26,11
52.858565,6144,clench,2,-26,-2,0,-21,-6,-17,-25
52.858586,6145,clench,1,-100,-3,2,1,-22,-57,-18
52.859335,6146,clench,2,124,-31,-7,-1,-14,6,0
52.859431,6147,clench,-11,-4,54,5,-10,32,21,14
52.874848,6148,clench,-21,26,-6,-10,-2,-6,-17,27
52.874859,6149,clench,36,-69,-19,-4,-2,7,-1,-3
52.874861,6150,clench,44,-64,1,-5,-6,-8,-11,0
52.874863,6151,clench,9,-31,-15,2,2,-7,-20,-10
52.895372,6152,clench,-28,30,-6,0,9,5,23,18
52.895396,6153,clench,-31,8,5,0,-6,-4,3,-2
52.896592,6154,clench,17,26,24,1,4,-9,-18,-23
52.896597,6155,clench,-48,1,2,-1,3,11,19,-16
52.918740,6156,clench,-7,40,9,6,-3,-6,0,-5
52.918766,6157,clench,13,-36,-3,-8,2,11,21,14
52.920338,6158,clench,-52,103,15,-2,-17,-8,7,1
52.920343,6159,clench,17,-17,-25,-9,11,7,-36,18
52.933145,6160,clench,42,10,-17,-6,-12,2,-10,1
52.935051,6161,clench,-23,-44,27,11,7,-11,19,-6
52.935057,6162,clench,18,45,19,4,2,16,-27,13
52.935060,6163,clench,14,25,8,-2,-12,-14,-1,6
52.955347,6164,clench,5,-10,-5,-1,1,-13,11,2
52.955426,6165,clench,1,-19,-34,4,-3,2,-4,-4
52.956064,6166,clench,49,7,10,2,8,3,13,5
52.956077,6167,clench,-11,-66,-33,-1,-1,-6,-2,-11
52.977656,6168,clench,-31,50,29,2,3,4,21,39
52.979016,6169,clench,-17,69,0,8,0,-7,-31,-15
52.985441,6170,clench,-33,-80,-19,-3,5,3,26,8
52.985467,6171,clench,0,3,6,-1,-2,12,-25,-1
52.992723,6172,clench,13,-18,-1,3,4,4,43,-10
52.992739,6173,clench,-23,2,0,-5,-10,-7,-8,2
52.993665,6174,clench,-7,32,-7,5,17,6,-33,15
52.993670,6175,clench,73,8,-5,-1,-38,-10,10,-19
53.016304,6176,clench,-30,-34,7,2,31,-4,-39,1
53.016310,6177,clench,4,13,15,2,10,8,-35,-25
53.016312,6178,clench,1,30,16,-2,-11,6,53,48
53.016315,6179,clench,23,-19,-1,-3,-6,-12,3,-10
53.038619,6180,clench,13,-8,5,-3,-7,7,8,7
53.038643,6181,clench,-33,-32,-23,-2,-6,-7,10,-7
53.040157,6182,clench,-2,-64,-13,1,6,-7,-28,-15
53.040165,6183,clench,-42,-25,-34,5,9,3,-54,-5
53.053159,6184,clench,4,6,21,-7,-9,-8,77,-10
53.053181,6185,clench,34,53,21,-4,1,18,12,35
53.054948,6186,clench,12,-23,-10,1,-3,-1,2,-4
53.054956,6187,clench,-52,0,3,-1,7,-4,-16,-8
53.076989,6188,clench,16,-38,-32,-4,-4,-7,-8,-20
53.076994,6189,clench,-5,22,-8,-1,-6,-10,-8,-16
53.077037,6190,clench,-38,-96,-43,-7,11,-26,34,2
53.077039,6191,clench,-1,82,49,-7,-23,19,3,4
53.098001,6192,clench,-38,27,3,0,-8,-1,-12,6
53.099955,6193,clench,-10,8,9,7,13,7,13,23
53.105473,6194,clench,-6,-52,-11,-11,-15,0,-1,1
53.105490,6195,clench,17,-20,-9,0,-5,-18,12,-1
53.112239,6196,clench,-17,7,3,1,6,8,-4,6
53.112262,6197,clench,-2,23,-1,-1,-10,-3,-5,6
53.120508,6198,clench,21,-75,-8,8,7,-7,-17,-21
53.120533,6199,clench,31,92,31,2,19,6,43,-4
53.135547,6200,clench,-4,11,2,6,7,-2,-30,5
53.135593,6201,clench,52,23,58,-4,-2,21,22,-14
53.137001,6202,clench,-26,-2,11,1,-4,6,-18,48
53.137009,6203,clench,-15,-52,-10,-7,1,0,9,-11
53.158467,6204,clench,2,-61,-30,2,12,-12,-9,5
53.158488,6205,clench,-41,-3,-27,-4,-12,-14,-17,-11
53.159278,6206,clench,6,31,13,-1,-12,13,18,3
53.159296,6207,clench,22,-31,0,6,26,4,-12,-10
53.172150,6208,clench,1,41,8,-2,-6,-1,1,-4
53.172166,6209,clench,-4,-107,-60,0,12,-44,-71,-13
53.180650,6210,clench,-43,127,93,10,2,51,95,-6
53.180684,6211,clench,57,-3,12,-12,-9,31,-35,0
53.195569,6212,clench,-39,-26,-4,-5,-14,-6,-13,-1
53.195594,6213,clench,56,-25,-3,-13,-10,4,9,-1
53.197528,6214,clench,1,-76,-47,0,1,-36,-45,-25
53.197533,6215,clench,-33,-15,-13,9,4,-20,2,-2
53.220318,6216,clench,0,14,13,-6,-1,21,20,-9
53.220324,6217,clench,2,19,-14,0,2,-5,1,-5
53.220326,6218,clench,-15,-6,-5,1,1,-8,-24,-6
53.220328,6219,clench,31,21,17,3,-2,0,14,11
53.232554,6220,clench,10,-43,-40,8,9,-27,-12,14
53.232596,6221,clench,-30,47,46,-6,-14,23,41,12
53.240632,6222,clench,72,5,-3,-7,-4,2,-42,-27
53.240661,6223,clench,-65,-4,2,-5,-30,-10,16,-16
53.255519,6224,clench,19,-26,-16,-3,32,5,-16,8
53.255543,6225,clench,-61,1,-21,1,2,-13,-8,-7
53.256237,6226,clench,34,-33,10,0,10,10,6,4
53.256267,6227,clench,14,50,-7,1,-11,-12,-14,5
53.278728,6228,clench,-7,-58,-7,-1,-12,-2,7,0
53.278765,6229,clench,11,50,21,4,-5,3,-2,5
53.281045,6230,clench,17,-3,-5,-1,8,4,-26,-7
53.281054,6231,clench,-30,-94,-106,-13,8,-31,21,-19
53.292298,6232,clench,49,75,86,-1,-15,78,87,15
53.292327,6233,clench,27,-40,-12,-5,-7,-7,-13,-3
53.300638,6234,clench,-2,-27,-10,2,-10,-15,-10,11
53.300672,6235,clench,-41,-70,-21,0,14,-12,-30,-11
53.315737,6236,clench,-5,7,-15,-2,-9,-13,20,-5
53.315788,6237,clench,-11,40,-9,-6,0,6,-40,-16
53.316194,6238,clench,12,-26,-12,1,10,-1,4,-12
53.316212,6239,clench,-33,36,29,0,-8,-4,9,21
53.338635,6240,clench,-18,-75,-29,-11,-20,-16,-32,-10
53.338667,6241,clench,12,-27,26,8,6,10,29,24
53.340462,6242,clench,-49,84,1,-5,-2,-9,-13,-10
53.340480,6243,clench,67,14,17,4,8,9,-4,8
53.352369,6244,clench,35,-15,-5,-11,-31,-13,-21,-12
53.352408,6245,clench,1,-79,-28,-3,-7,-18,-21,-2
53.360536,6246,clench,11,1,3,-4,17,17,9,7
53.360563,6247,clench,3,-23,22,5,2,1,-21,0
53.383616,6248,clench,-28,50,-6,5,-9,-12,35,33
53.383642,6249,clench,12,-56,-23,0,3,6,-11,-6
53.385952,6250,clench,0,30,19,5,-7,-11,-6,-10
53.385966,6251,clench,16,44,10,-2,-1,7,13,42
53.398868,6252,clench,-28,-52,-11,0,7,-7,-14,26
53.398897,6253,clench,-9,16,-3,-5,-4,-5,13,-1
53.400286,6254,clench,-19,-31,-10,1,-4,0,11,0
53.400296,6255,clench,20,68,20,-2,5,-6,-26,-17
53.412263,6256,clench,-11,41,-8,0,-5,5,0,-29
53.412289,6257,clench,-3,23,15,-2,9,3,33,18
53.420450,6258,clench,15,6,0,-1,-6,-11,-31,1
53.420482,6259,clench,-5,-57,-3,1,-13,1,28,-10
53.435594,6260,clench,-25,11,3,1,13,6,-18,-5
53.437613,6261,clench,-2,13,-10,3,-5,-8,-21,-2
53.437622,6262,clench,-2,-11,-8,-5,-8,-4,32,-6
53.437624,6263,clench,1,-112,-33,-2,2,-8,18,1
53.458699,6264,clench,8,105,74,9,-3,10,-25,-14
53.458736,6265,clench,23,-74,-9,-6,-5,11,17,1
53.459383,6266,clench,-8,-63,-9,-5,0,-8,-6,-13
53.459411,6267,clench,-22,-18,7,0,-13,2,-9,1
53.481223,6268,clench,7,-47,-35,-5,-5,-16,-14,7
53.481259,6269,clench,4,37,-1,3,30,1,4,1
53.482543,6270,clench,-13,29,14,3,-2,9,6,4
53.482555,6271,clench,5,10,-24,-2,0,-13,-8,-39
53.495581,6272,clench,-70,24,1,-1,18,-15,-74,-44
53.495612,6273,clench,1,31,22,-12,-28,34,97,11
53.496949,6274,clench,2,-28,-15,-6,-14,-13,-38,41
53.496965,6275,clench,-1,19,9,3,16,7,0,-6
53.519048,6276,clench,28,-65,-28,-4,-20,-10,-12,2
53.519081,6277,clench,0,-13,6,5,5,-12,-23,-5
53.519431,6278,clench,-3,100,-6,4,16,0,-1,-29
53.519458,6279,clench,-22,-34,21,0,-15,10,12,19
53.541036,6280,clench,14,-7,-8,-6,14,14,28,-1
53.541062,6281,clench,27,-24,-12,0,-2,-18,-23,1
53.542709,6282,clench,-18,-14,-14,-2,-6,6,14,2
53.542725,6283,clench,-10,14,0,5,9,-5,-12,8
53.555485,6284,clench,-5,-46,-11,-1,0,7,3,-14
53.555508,6285,clench,12,60,4,2,-8,-3,-11,-16
53.556898,6286,clench,-5,-59,-8,-4,25,6,-1,-5
53.556904,6287,clench,7,84,1,-7,-8,-4,9,11
53.578136,6288,clench,10,25,26,8,10,5,7,2
53.578173,6289,clench,-8,-27,-11,-1,-10,-6,-10,-11
53.579743,6290,clench,4,18,28,4,-14,-7,-1,1
53.579754,6291,clench,5,4,-2,3,2,1,-32,-10
53.601181,6292,clench,4,-24,-15,-1,11,-5,58,19
53.601206,6293,clench,22,-92,-20,-1,-3,-1,-37,-10
53.601877,6294,clench,8,90,5,-3,-2,-5,-14,-4
53.601901,6295,clench,-51,-48,1,3,7,11,3,-9
53.615479,6296,clench,55,22,1,-3,-6,-4,-9,-6
53.615495,6297,clench,-37,-8,-2,5,15,21,46,4
53.616288,6298,clench,39,-53,-26,-11,-22,12,-16,-31
53.616458,6299,clench,-19,-42,13,-1,21,-3,25,3
53.637883,6300,clench,5,27,15,4,3,-6,-22,12
53.637935,6301,clench,-24,-50,-32,-4,7,-7,16,10
53.639484,6302,clench,20,110,82,17,5,10,-24,8
53.639490,6303,clench,17,7,-18,-3,-19,-6,5,-22
53.661564,6304,clench,7,-93,-26,-3,-2,-13,-2,1
53.661572,6305,clench,-82,127,8,-5,-3,2,-10,4
53.662227,6306,clench,-17,-128,-37,-2,3,-4,-3,-8
53.662240,6307,clench,46,44,1,-2,1,4,10,39
53.675833,6308,clench,-2,-16,9,0,-8,-3,-2,0
53.675838,6309,clench,11,-38,-29,-6,-5,-26,-49,-30
53.676027,6310,clench,-10,-55,2,2,-3,12,91,12
53.676035,6311,clench,-12,54,13,5,11,-3,-60,-10
53.698217,6312,clench,-14,42,-17,-20,-12,29,18,-2
53.699903,6313,clench,31,-16,4,1,-3,-12,-14,3
53.699908,6314,clench,18,13,-2,-3,-8,-9,0,8
53.699910,6315,clench,4,-83,-12,4,35,11,31,6
53.721053,6316,clench,3,52,-3,-4,-8,-16,-37,-7
53.721074,6317,clench,23,-20,5,0,1,5,0,-7
53.722916,6318,clench,-33,11,-17,-6,4,-5,-1,-2
53.722921,6319,clench,-4,37,28,-10,-27,-3,-15,-2
53.735439,6320,clench,1,87,15,7,15,-8,11,3
53.735470,6321,clench,-7,9,26,-3,-11,8,63,38
53.737677,6322,clench,3,-51,-25,-4,1,10,-28,17
53.737684,6323,clench,28,-53,-19,-5,-9,-3,11,-18
53.758085,6324,clench,-29,6,-6,7,9,-7,4,18
53.758107,6325,clench,16,57,-1,-2,-5,-3,-40,-3
53.758469,6326,clench,12,-20,-8,-2,0,-3,11,-7
53.758488,6327,clench,1,17,9,-6,-12,0,12,5
53.781300,6328,clench,12,-23,0,-1,-17,-9,-15,-14
53.782817,6329,clench,-22,-5,-1,3,-7,-8,-10,17
53.782824,6330,clench,3,-102,-25,-3,15,-5,-7,4
53.782826,6331,clench,3,19,8,-6,-16,0,-6,12
53.795335,6332,clench,11,9,13,7,5,5,11,-17
53.795361,6333,clench,-28,-10,-26,-3,3,-21,41,5
53.796526,6334,clench,-14,39,19,9,-12,-17,-98,-28
53.796531,6335,clench,-8,-4,15,-12,2,42,91,3
53.817980,6336,clench,9,-13,-11,-5,-9,-8,-5,6
53.818006,6337,clench,-28,6,4,1,1,4,-19,-23
53.818624,6338,clench,7,-16,-15,-1,0,-12,16,25
53.818643,6339,clench,-14,-10,-22,3,-4,-24,-26,-5
53.841078,6340,clench,17,-34,0,-4,-7,6,-20,-29
53.841102,6341,clench,8,18,6,8,22,11,-5,-20
53.843058,6342,clench,2,0,9,-10,-3,-11,23,-1
53.843065,6343,clench,-33,-31,-14,0,-17,-2,-41,-8
53.855437,6344,clench,9,87,28,3,-16,1,-4,-8
53.855463,6345,clench,26,16,18,-5,13,-14,21,11
53.857062,6346,clench,-30,42,7,5,11,13,10,-37
53.857067,6347,clench,15,-6,-6,-3,-3,-5,-14,-5
53.878259,6348,clench,-37,-89,-34,-5,-3,-7,-3,-6
53.880361,6349,clench,-10,118,49,15,14,-12,-47,5
53.880371,6350,clench,20,19,4,-9,-25,8,48,25
53.880373,6351,clench,15,-23,-7,0,-4,-11,11,0
53.900993,6352,clench,-5,-60,-8,-5,2,16,18,-12
53.902234,6353,clench,6,-42,-23,-5,-9,7,-18,-5
53.902239,6354,clench,-38,-12,0,-4,8,4,26,9
53.902241,6355,clench,-27,69,11,10,3,-10,-34,20
53.915542,6356,clench,39,-28,5,0,1,-3,7,3
53.915575,6357,clench,-17,-62,-11,2,4,5,0,-6
53.915967,6358,clench,-6,-6,1,0,-18,-8,28,-3
53.915985,6359,clench,-5,44,-5,-5,14,-1,-5,-7
53.937953,6360,clench,-3,-52,12,4,11,-4,-6,11
53.939465,6361,clench,21,9,-15,-3,9,21,19,-4
53.939471,6362,clench,22,-14,20,2,-7,-11,-12,7
53.939475,6363,clench,0,32,5,4,4,3,8,32
53.961040,6364,clench,-20,18,1,5,10,-5,-5,-3
53.961062,6365,clench,-2,-107,-26,-12,-14,11,15,24
53.961636,6366,clench,-13,31,-15,7,14,1,-19,-13
53.961656,6367,clench,31,-49,-4,-11,-15,-13,1,-14
53.974911,6368,clench,-37,-25,6,-4,-9,-5,-13,0
53.974921,6369,clench,-4,30,3,-1,1,11,-17,-7
53.983073,6370,clench,-25,-29,-11,-9,-8,1,-1,-16
53.983099,6371,clench,18,-5,-9,2,12,0,-24,0
53.998241,6372,clench,-18,-35,-21,1,-2,-7,17,12
53.998272,6373,clench,-2,1,17,-2,-25,-9,-11,-22
54.000448,6374,clench,39,1,2,-1,19,5,10,-9
54.000458,6375,clench,-1,-31,-9,-1,0,2,-37,-22
54.022782,6376,clench,5,100,12,1,-1,0,5,18
54.022790,6377,clench,6,-72,-13,-2,6,-10,-3,5
54.022792,6378,clench,-14,113,63,17,-6,-5,2,-1
54.022794,6379,clench,36,-31,2,-10,-1,11,-9,-16
54.035458,6380,clench,-24,-7,-7,-3,1,12,31,7
54.035483,6381,clench,21,-6,7,-3,-10,-10,-6,-4
54.038086,6382,clench,8,-25,-26,-3,0,-7,-3,26
54.038095,6383,clench,-29,-16,-4,5,8,-5,-12,-6
54.058077,6384,clench,7,23,16,-5,-3,8,-2,0
54.058187,6385,clench,-7,-28,-2,2,2,-4,-20,1
54.058751,6386,clench,-17,-39,-28,-8,-9,-20,2,6
54.058772,6387,clench,13,98,42,14,13,28,59,2
54.081316,6388,clench,24,9,-4,-7,-12,-13,-15,4
54.081358,6389,clench,-7,5,-8,-1,9,13,16,-1
54.084077,6390,clench,-56,-99,-24,-4,-23,-7,-25,-8
54.084089,6391,clench,5,75,-2,1,21,5,6,-12
54.094668,6392,clench,-14,-30,-13,3,0,0,10,37
54.096247,6393,clench,41,27,14,-5,5,-1,-13,-9
54.102979,6394,clench,-4,12,0,-3,-3,3,5,9
54.103064,6395,clench,-17,-120,-39,-15,-24,-23,3,-9
54.117878,6396,clench,5,49,12,6,6,8,-14,-18
54.117900,6397,clench,-14,86,6,4,11,7,11,0
54.118685,6398,clench,10,-16,-11,-3,11,5,-6,-16
54.118705,6399,clench,32,-11,21,4,-12,-2,15,21
54.140955,6400,clench,-47,-48,-23,-9,10,0,-9,-13
54.141020,6401,clench,-48,4,6,-4,-11,-8,-2,-3
54.142063,6402,clench,-6,67,7,-4,11,4,-10,-8
54.142067,6403,clench,0,40,6,3,-10,-7,17,11
54.165163,6404,clench,27,51,9,1,-14,-4,-4,-5
54.165171,6405,clench,16,-2,-4,3,-9,-3,-30,-6
54.165173,6406,clench,16,-76,-6,-2,-2,8,11,6
54.165175,6407,clench,-24,64,-2,3,10,-24,-5,7
54.177965,6408,clench,24,-24,1,2,19,28,-33,-25
54.180658,6409,clench,-40,-17,-21,4,-5,-3,48,2
54.180665,6410,clench,42,39,11,-11,-6,23,2,4
54.180668,6411,clench,16,-83,-17,-2,-5,-6,-33,-6
54.201249,6412,clench,21,-77,-16,-7,-13,-11,14,-7
54.201271,6413,clench,13,127,15,4,13,4,11,7
54.201971,6414,clench,-53,-108,-22,2,-1,-12,-17,-18
54.201995,6415,clench,-16,78,32,7,1,4,21,7
54.214663,6416,clench,-54,33,6,4,38,20,2,7
54.214675,6417,clench,22,-58,-3,-5,-23,-1,8,5
54.222842,6418,clench,15,73,3,1,4,1,0,-7
54.222866,6419,clench,-16,-77,-12,-3,-2,-2,-4,-3
54.237918,6420,clench,17,-17,-13,-1,-3,-5,14,10
54.237946,6421,clench,21,-2,7,-7,-29,-6,-23,-26
54.239307,6422,clench,-35,20,11,5,30,-2,-26,-19
54.239314,6423,clench,-14,-17,-9,0,-5,-3,7,1
54.261135,6424,clench,5,23,-26,-4,6,-17,-13,3
54.261156,6425,clench,-16,-42,31,6,-5,-5,16,-6
54.261669,6426,clench,37,92,9,-9,0,41,18,30
54.261691,6427,clench,2,-74,-22,-6,-10,-7,-18,3
54.274879,6428,clench,-9,26,14,-5,-6,-1,9,-22
54.274974,6429,clench,7,-14,-10,2,6,-18,-15,8
54.282856,6430,clench,-11,-53,-3,3,-4,-13,-3,-14
54.282882,6431,clench,-12,18,1,-4,-2,4,14,0
54.297798,6432,clench,14,12,6,9,17,1,-29,2
54.297818,6433,clench,-2,-88,-32,-6,-19,-3,7,-11
54.298835,6434,clench,46,51,53,2,-8,0,14,2
54.298840,6435,clench,-5,-13,-6,-4,-2,6,-13,4
54.321196,6436,clench,-4,-45,-7,-5,-16,-18,1,-9
54.321220,6437,clench,-45,-21,-20,4,23,-3,-26,11
54.321817,6438,clench,13,78,15,-6,-38,-14,-4,8
54.321852,6439,clench,-18,-2,-4,-3,23,11,-9,-5
54.336200,6440,clench,12,-13,1,-4,-17,-6,-16,-9
54.336209,6441,clench,20,-4,4,-4,12,6,19,-18
54.342855,6442,clench,-21,-118,-54,2,-2,-29,-20,-6
54.342876,6443,clench,4,75,83,3,-4,25,10,6
54.357846,6444,clench,-38,21,5,0,-10,10,18,18
54.359034,6445,clench,27,16,-12,-7,1,-3,-11,0
54.359042,6446,clench,-29,-77,-3,9,17,-6,-8,-10
54.359044,6447,clench,3,-3,-41,-10,-23,-10,14,5
54.382143,6448,clench,0,8,14,-1,-1,-2,-16,-2
54.382153,6449,clench,7,77,19,2,-3,4,-1,10
54.382155,6450,clench,10,6,-11,-8,-6,-3,8,-6
54.382157,6451,clench,-62,-85,-30,-3,12,4,9,-7
54.394653,6452,clench,25,39,12,-1,-9,-5,-2,-7
54.394678,6453,clench,-7,-8,-9,-1,5,2,-7,7
54.402782,6454,clench,5,-8,-14,4,19,-2,-30,-9
54.402802,6455,clench,8,95,23,3,4,15,13,-7
54.417918,6456,clench,28,9,0,-5,-6,-6,15,20
54.417942,6457,clench,-5,-9,-1,-1,-10,-11,15,6
54.418727,6458,clench,-8,-102,-51,-9,-10,2,5,-2
54.418751,6459,clench,20,62,67,8,3,14,-42,-14
54.441213,6460,clench,-5,-50,-10,1,1,-17,-3,-7
54.442585,6461,clench,33,20,9,-2,7,10,6,5
54.442596,6462,clench,-58,-13,-9,-2,-7,-3,16,11
54.442598,6463,clench,12,-28,-29,-4,-1,-17,-33,-23
54.463653,6464,clench,7,13,4,-3,-8,8,24,10
54.463679,6465,clench,2,-12,4,3,10,-6,-28,-7
54.464490,6466,clench,-4,-7,10,1,3,6,31,7
54.464640,6467,clench,19,-29,-24,2,-3,-11,-2,16
54.477779,6468,clench,-3,76,27,-4,2,-2,27,-5
54.477800,6469,clench,-31,-13,12,-2,0,1,-22,0
54.478477,6470,clench,22,21,2,7,5,10,-8,-9
54.478494,6471,clench,9,4,12,-5,-14,-7,12,0
54.501131,6472,clench,4,-94,-28,-6,-3,-1,-3,-3
54.501164,6473,clench,3,60,3,1,-4,-7,-22,-2
54.503474,6474,clench,7,76,16,-3,8,9,8,-2
54.503482,6475,clench,-4,-30,-24,2,2,-18,-19,-15
54.524563,6476,clench,-3,24,8,6,20,6,59,24
54.524571,6477,clench,9,-92,-1,-14,-19,1,-54,-25
54.524573,6478,clench,26,51,16,-1,-6,-1,-9,7
54.524575,6479,clench,-13,-57,-28,-2,5,5,7,-15
54.537859,6480,clench,-18,21,15,2,4,0,-5,-6
54.537879,6481,clench,0,34,-10,0,-2,6,36,24
54.539403,6482,clench,-20,-31,16,3,5,-6,-12,-9
54.539411,6483,clench,34,29,-9,-6,-1,-2,16,3
54.561187,6484,clench,-25,-15,1,2,-4,-8,-16,21
54.561232,6485,clench,-2,-11,-16,5,8,9,14,0
54.562325,6486,clench,16,-37,6,1,-5,0,-6,2
54.562330,6487,clench,14,33,5,-10,-16,0,14,6
54.583661,6488,clench,1,-46,-23,-6,-6,-7,-51,-9
54.583683,6489,clench,6,40,8,0,0,0,51,-11
54.585726,6490,clench,7,13,-1,0,-1,0,21,20
54.585798,6491,clench,-22,-30,-12,-9,-25,-8,-50,0
54.598269,6492,clench,3,5,-13,4,-3,-6,-20,-33
54.598304,6493,clench,3,-42,-2,-4,-4,-2,3,-11
54.599918,6494,clench,-35,-4,1,0,8,-2,1,-22
54.599924,6495,clench,18,79,12,4,7,3,28,19
54.621012,6496,clench,-24,-23,-6,-1,-5,0,-25,0
54.621030,6497,clench,-27,27,11,0,2,11,23,4
54.621864,6498,clench,26,-19,-1,1,0,-12,-12,-3
54.621911,6499,clench,17,-30,-19,-1,3,4,-8,-3
54.644120,6500,clench,14,-1,-25,-5,-3,19,32,6
54.644203,6501,clench,-1,11,12,0,-11,-2,-29,-5
54.644209,6502,clench,-11,20,-1,-6,11,-1,6,-5
54.644213,6503,clench,-4,23,11,6,0,-5,-1,4
54.658336,6504,clench,-17,-9,5,1,8,1,7,-4
54.658360,6505,clench,9,-26,-27,-8,-15,-18,-50,-13
54.659378,6506,clench,26,0,3,0,-2,5,30,-7
54.659383,6507,clench,-4,-3,10,4,0,0,-17,7
54.682431,6508,clench,-5,-23,7,-2,-2,-1,1,-1
54.682439,6509,clench,17,56,5,3,5,-3,6,5
54.682441,6510,clench,-8,17,-2,-4,1,-1,-21,0
54.682443,6511,clench,-7,-61,-16,-2,1,-2,26,13
54.703537,6512,clench,14,27,1,-3,-1,-5,-11,4
54.703560,6513,clench,-32,-21,4,1,2,5,-12,8
54.706004,6514,clench,8,-14,7,3,-4,2,40,5
54.706011,6515,clench,-25,49,1,8,10,-3,-13,-6
54.717323,6516,clench,37,-30,-29,-10,-10,12,8,11
54.717342,6517,clench,10,-29,25,1,17,0,-58,2
54.728443,6518,clench,-61,19,-16,-8,-3,29,41,7
54.728450,6519,clench,15,-31,12,-4,-15,-12,-7,3
54.741041,6520,clench,-13,-14,6,5,3,-12,-12,-45
54.741062,6521,clench,9,7,-9,0,-9,-6,16,22
54.744174,6522,clench,14,6,1,6,8,-8,-49,-13
54.744182,6523,clench,-6,33,-5,-8,-1,-1,7,-9
54.763600,6524,clench,-4,-87,-33,2,2,-2,6,3
54.763618,6525,clench,7,90,33,8,1,2,51,1
54.765926,6526,clench,-44,-12,6,-5,-9,-1,-43,52
54.765931,6527,clench,-29,-52,-12,-1,12,13,18,-7
54.777115,6528,clench,37,-67,6,-1,-6,-4,-11,-6
54.777151,6529,clench,-14,19,-31,1,6,-2,18,2
54.787416,6530,clench,3,15,-2,-3,-10,-10,-11,-3
54.787422,6531,clench,13,-11,12,3,-4,-3,5,5
54.801207,6532,clench,-17,33,-1,-2,-1,2,-1,0
54.801241,6533,clench,12,-28,-6,0,5,1,1,-8
54.803789,6534,clench,20,43,7,-2,-21,1,0,-6
54.803796,6535,clench,-16,-34,-10,0,28,0,-4,-5
54.823783,6536,clench,7,6,12,4,9,-6,-3,-8
54.823808,6537,clench,-18,-81,-49,-4,-6,-6,1,-37
54.825148,6538,clench,21,90,35,-2,-17,-14,-64,-21
54.825168,6539,clench,34,5,24,-5,-18,18,80,14
54.837823,6540,clench,-34,2,-6,-6,-15,9,-27,16
54.837832,6541,clench,-49,-46,4,-4,12,-8,13,-18
54.847895,6542,clench,28,-68,-39,5,8,-1,8,-3
54.847905,6543,clench,17,5,-16,-4,-6,-8,-17,-26
54.860990,6544,clench,-8,56,25,3,-9,-8,3,11
54.861015,6545,clench,-7,-32,-3,0,12,0,11,8
54.862642,6546,clench,3,0,-3,-2,2,-3,4,12
54.862689,6547,clench,-21,-15,2,1,-4,-8,-9,5
54.883572,6548,clench,33,65,0,0,2,5,16,7
54.883602,6549,clench,-33,108,40,1,-8,2,-6,8
54.885726,6550,clench,26,-54,1,-4,1,2,10,1
54.885733,6551,clench,1,-45,0,2,1,-5,-14,1
54.897419,6552,clench,-24,16,-15,0,23,-6,9,-2
54.897456,6553,clench,32,-25,8,-6,-37,10,-7,10
54.906095,6554,clench,-5,-1,-6,-6,-4,1,-30,-21
54.906116,6555,clench,-8,12,-19,1,-8,-4,6,4
54.921004,6556,clench,11,-33,7,-2,14,2,29,-10
54.921073,6557,clench,17,14,0,-2,3,-4,-11,5
54.922532,6558,clench,-5,-38,0,-1,0,-1,7,-2
54.924138,6559,clench,-22,61,-8,1,13,-16,-48,-8
54.943435,6560,clench,-26,0,-5,12,-16,10,54,-4
54.943460,6561,clench,39,15,8,-7,42,23,1,20
54.945306,6562,clench,6,-50,-7,-6,-7,-8,-11,1
54.945316,6563,clench,-19,-13,13,1,-2,-2,2,-12
54.957127,6564,clench,22,-14,-2,2,0,-6,-14,5
54.957153,6565,clench,-14,-14,-18,-3,10,-5,17,3
54.966934,6566,clench,-40,16,-20,-3,-19,2,8,-6
54.966940,6567,clench,29,-32,35,-6,-10,-11,-14,2
54.981165,6568,clench,-1,22,2,-2,-5,11,-11,-6
54.981254,6569,clench,-22,-66,-6,-2,-10,-7,-3,-7
54.982574,6570,clench,21,27,-7,-4,15,-1,-3,3
54.982681,6571,clench,-6,-50,-26,3,-2,-8,7,-12
55.003751,6572,clench,-5,75,4,-7,-16,-10,6,12
55.003776,6573,clench,18,-5,7,-3,6,16,-8,41
55.005995,6574,clench,-12,-3,2,4,-8,-3,19,6
55.006002,6575,clench,-6,-15,-11,-6,11,6,-2,-8
55.017477,6576,clench,29,-50,-2,-3,-4,-9,-24,-1
55.017513,6577,clench,-16,-13,-27,3,-18,-13,8,7
55.028518,6578,clench,30,21,16,-2,11,-1,-5,4
55.028523,6579,clench,-11,-4,1,5,3,12,66,10
55.043184,6580,clench,21,-14,1,-4,0,10,-53,-15
55.043190,6581,clench,-5,46,26,3,-9,-14,-13,-27
55.047803,6582,clench,3,-12,-4,-2,6,4,4,4
55.047840,6583,clench,6,-3,-9,1,-14,-7,-20,-1
55.063539,6584,clench,-19,72,6,-8,-2,-8,3,-5
55.063569,6585,clench,2,-51,-19,0,-17,-6,-3,4
55.065213,6586,clench,-2,42,22,7,10,6,2,-4
55.065223,6587,clench,-4,-35,-8,-1,6,7,11,18
55.077353,6588,clench,-7,21,16,6,12,-3,-2,-6
55.077386,6589,clench,7,-9,-31,-11,-22,-3,-22,-6
55.087407,6590,clench,38,25,9,3,9,-4,-9,0
55.087476,6591,clench,-44,-18,-7,-4,-2,-1,-14,-1
55.101251,6592,clench,-23,-24,1,-1,-3,-4,-1,-2
55.101292,6593,clench,-1,-11,-11,1,-5,-5,4,-17
55.104142,6594,clench,-17,3,-12,5,23,-8,8,18
55.104152,6595,clench,21,5,32,-2,-15,13,22,6
55.123498,6596,clench,11,20,2,-3,-19,-9,-35,30
55.123512,6597,clench,-7,18,15,0,0,-5,14,-4
55.124899,6598,clench,1,-39,-1,-4,-10,-5,7,-1
55.124916,6599,clench,-13,29,-6,3,-1,-2,-6,-26
57.148771,6600,rest,6,4,-1,1,24,0,-1,49
57.149497,6601,rest,-58,-11,0,1,-2,0,1,-4
57.152060,6602,rest,39,20,-2,-6,-6,-1,0,-1
57.152067,6603,rest,11,0,3,3,-2,0,0,6
57.162210,6604,rest,-3,-37,-6,-3,-1,-1,0,-13
57.162243,6605,rest,-3,-16,-2,1,8,-2,0,1
57.171029,6606,rest,0,25,0,-1,-5,-1,5,-7
57.171041,6607,rest,-3,-7,3,1,3,-1,0,-17
57.187679,6608,rest,10,-2,0,1,-2,-1,-2,-5
57.187686,6609,rest,34,-7,0,-1,0,-1,-1,9
57.187690,6610,rest,-31,-5,-1,-5,-15,-3,-1,-10
57.187692,6611,rest,1,28,-1,5,-1,0,1,7
57.208565,6612,rest,13,15,1,1,-10,-1,-1,-4
57.208590,6613,rest,31,-26,-1,0,6,0,-2,-4
57.211059,6614,rest,-15,9,-1,-1,-1,0,0,7
57.211063,6615,rest,-27,7,-1,-2,4,-1,0,10
57.222220,6616,rest,9,-14,-3,-2,-6,-2,-6,-8
57.222247,6617,rest,-30,-22,1,0,-30,-4,-2,-2
57.233026,6618,rest,32,7,-2,2,4,1,1,5
57.233037,6619,rest,-12,0,-3,-7,-3,-4,-6,2
57.246040,6620,rest,13,20,1,-2,1,0,2,-7
57.246069,6621,rest,-12,4,0,-1,9,-2,1,-56
57.248262,6622,rest,20,7,2,1,0,0,-3,36
57.248269,6623,rest,-16,-25,-1,-4,-4,-2,0,3
57.269031,6624,rest,2,6,-2,-2,-8,-1,0,-2
57.269054,6625,rest,-16,49,-3,-2,16,-1,-2,-2
57.270504,6626,rest,4,-74,-4,0,-3,-3,-2,-11
57.270530,6627,rest,8,3,-1,-3,1,0,1,5
57.291179,6628,rest,-3,5,1,0,3,-1,0,-4
57.291205,6629,rest,-18,-1,3,-2,-1,1,-3,13
57.292689,6630,rest,5,14,0,-2,3,-2,-1,-8
57.292697,6631,rest,12,6,-2,-2,-4,-1,-2,11
57.306070,6632,rest,-18,-7,-5,-6,-3,-3,-1,-2
57.306094,6633,rest,-9,-10,2,1,-2,0,0,7
57.307742,6634,rest,-2,5,-3,-2,-2,-1,-1,-2
57.307748,6635,rest,-6,12,0,-1,-2,0,0,0
57.328872,6636,rest,41,-17,0,0,19,0,2,2
57.328881,6637,rest,-91,-54,-7,-2,2,-2,-10,6
57.329874,6638,rest,6,11,-1,-2,-2,-1,-2,-7
57.329890,6639,rest,1,25,-2,-8,9,-2,0,0
57.351186,6640,rest,6,17,4,8,6,0,3,11
57.351221,6641,rest,86,8,-2,2,4,1,2,56
57.353703,6642,rest,-43,-13,-3,-3,-5,-2,-1,-10
57.353716,6643,rest,18,1,0,1,-1,1,-1,3
57.365091,6644,rest,-13,-11,-3,-6,-6,0,-2,8
57.365119,6645,rest,4,-21,2,3,-2,-2,-1,-14
57.374965,6646,rest,-2,18,0,1,13,1,0,-5
57.374973,6647,rest,21,-9,-2,1,-2,-1,0,4
57.388630,6648,rest,-12,2,2,-17,-12,-1,3,11
57.388666,6649,rest,-7,18,1,14,-10,-1,-6,-7
57.390085,6650,rest,14,9,1,2,6,1,-1,-1
57.390126,6651,rest,-12,-3,2,1,1,-1,-1,5
57.410951,6652,rest,6,-34,-5,-4,-16,-2,-3,-11
57.410976,6653,rest,-22,-9,-4,-5,9,0,2,-2
57.412486,6654,rest,11,35,1,-1,-7,-1,-2,8
57.412580,6655,rest,48,-71,-2,1,-6,-2,-3,-14
57.425247,6656,rest,-78,8,-4,0,-13,-1,-1,-10
57.425275,6657,rest,54,8,-1,-4,-1,-3,-8,-4
57.432142,6658,rest,2,12,2,1,-4,-1,-2,-10
57.432223,6659,rest,6,4,-2,-2,-5,1,-1,-4
57.448495,6660,rest,14,-9,0,2,6,-2,-4,-6
57.448518,6661,rest,-8,-23,-1,-2,-5,-1,1,-53
57.450061,6662,rest,21,44,-3,-5,3,-1,-2,41
57.450082,6663,rest,-18,2,2,-4,-13,-3,-2,-3
57.471120,6664,rest,6,7,-1,5,21,-1,0,0
57.471143,6665,rest,-12,8,0,-5,-7,0,4,-10
57.472726,6666,rest,10,-3,-4,-1,-8,-1,1,-15
57.472746,6667,rest,-6,-9,-3,-2,5,0,-1,4
57.485646,6668,rest,-5,-13,-2,-2,-7,0,-3,-4
57.485653,6669,rest,7,21,0,5,4,0,1,15
57.492410,6670,rest,11,-3,3,2,3,-1,-3,-7
57.492434,6671,rest,26,37,-8,-3,7,-2,-1,12
57.508440,6672,rest,-56,-57,-2,-2,-7,-3,-2,-12
57.508462,6673,rest,0,10,0,-2,2,-1,0,34
57.509888,6674,rest,-11,-27,1,0,-7,0,-2,-4
57.509915,6675,rest,5,19,-3,0,-1,0,1,-8
57.533440,6676,rest,42,40,1,-4,-4,-4,-5,-1
57.533445,6677,rest,21,-6,-1,-2,-7,0,4,5
57.533448,6678,rest,-8,-8,0,-2,1,-1,2,-5
57.533450,6679,rest,-32,13,2,2,-1,0,-1,1
57.545484,6680,rest,4,30,1,5,-3,1,1,1
57.545515,6681,rest,-29,-35,-4,-2,24,0,-2,4
57.552173,6682,rest,17,-4,1,-4,-20,-2,-5,-6
57.552194,6683,rest,-8,3,2,7,-6,-1,1,-4
57.568568,6684,rest,7,29,0,0,3,0,-3,-1
57.568592,6685,rest,0,5,-3,-5,0,-2,1,-12
57.570672,6686,rest,-7,-14,-4,0,4,1,0,-28
57.570678,6687,rest,-16,0,-1,-4,-9,0,-2,-4
57.591055,6688,rest,-3,-6,-1,1,-3,-1,-2,4
57.591078,6689,rest,22,6,1,-1,-8,0,1,10
57.592895,6690,rest,-42,-16,-4,-5,3,-2,1,-3
57.592901,6691,rest,32,14,2,-1,-1,-3,-1,-1
57.605451,6692,rest,14,-8,1,1,0,-2,-3,-10
57.605481,6693,rest,30,-12,-5,-5,-4,0,-2,-13
57.612046,6694,rest,-44,-13,-4,-1,-3,-3,-4,4
57.612063,6695,rest,-20,-5,1,-3,19,0,-1,1
57.628384,6696,rest,29,41,3,1,-4,0,1,3
57.628397,6697,rest,-51,-4,-1,2,-8,-2,-1,-1
57.629815,6698,rest,30,-22,0,-1,-4,1,-2,9
57.629888,6699,rest,3,10,1,3,3,0,2,8
57.651029,6700,rest,-9,-38,-3,-5,1,-2,2,-26
57.651098,6701,rest,-5,7,-1,-3,-29,-3,-3,2
57.653032,6702,rest,5,8,-5,0,-3,0,3,-9
57.653038,6703,rest,-20,-15,0,-3,4,-2,-3,-7
57.665544,6704,rest,6,3,1,-2,-7,0,0,5
57.665566,6705,rest,-9,9,0,2,6,-2,-1,-2
57.672106,6706,rest,1,23,-1,-5,-4,-1,4,2
57.672131,6707,rest,26,-43,-5,-2,-8,0,-5,-5
57.688488,6708,rest,5,15,2,-1,4,-1,-3,4
57.688519,6709,rest,46,26,-4,-5,-6,-2,2,-34
57.689954,6710,rest,-77,-3,-2,1,8,-2,-2,15
57.689959,6711,rest,6,-15,-3,-2,12,0,4,44
57.711047,6712,rest,-14,0,-1,0,-5,-1,-1,-1
57.711073,6713,rest,0,4,0,-2,1,-1,-2,-8
57.713288,6714,rest,27,28,4,0,-2,-1,-2,-1
57.713293,6715,rest,1,-24,0,-1,-9,-3,0,-9
57.725346,6716,rest,0,8,-2,-5,-3,-2,0,5
57.725372,6717,rest,-16,-3,3,1,12,0,-2,11
57.732525,6718,rest,-21,13,4,3,-33,-3,-8,-7
57.732552,6719,rest,-15,-50,-6,-4,-3,-3,-3,1
57.748981,6720,rest,14,3,0,0,-6,-1,-1,0
57.751718,6721,rest,-10,1,2,0,8,0,0,33
57.751735,6722,rest,22,-5,-1,0,11,-1,0,0
57.751738,6723,rest,0,38,2,-1,-6,0,0,-14
57.771004,6724,rest,-3,-27,-4,-1,-8,-1,-2,8
57.771030,6725,rest,-6,-4,0,0,3,-1,1,0
57.772501,6726,rest,28,-5,2,-2,2,-1,2,-2
57.772606,6727,rest,-63,34,-4,-2,-3,-3,-3,-3
57.786539,6728,rest,-6,-28,-6,-1,-2,-1,-1,-52
57.786546,6729,rest,-22,-1,-1,1,-11,-4,-2,2
57.796130,6730,rest,14,-37,0,-2,8,0,2,0
57.796138,6731,rest,9,1,0,-2,-10,-2,-1,-10
57.808630,6732,rest,-3,2,2,6,1,1,-1,-1
57.808653,6733,rest,-9,12,-4,-5,-4,-1,2,-38
57.810647,6734,rest,19,-2,-1,3,6,2,-6,11
57.810654,6735,rest,5,10,1,-2,-3,0,-1,-9
57.832260,6736,rest,0,16,-3,-4,2,-2,-1,8
57.832267,6737,rest,6,-63,-4,0,14,0,1,2
57.832352,6738,rest,13,0,0,-2,-26,-2,1,-2
57.832359,6739,rest,-18,-9,-1,-1,-3,-1,-3,10
57.847825,6740,rest,-10,32,6,4,5,-1,-3,8
57.847834,6741,rest,30,14,-4,-3,2,-1,-1,10
57.853567,6742,rest,25,-9,-2,-1,9,-2,-2,-9
57.853592,6743,rest,3,7,0,-2,-1,-2,-1,-3
57.868521,6744,rest,20,7,0,-2,3,-2,0,4
57.870255,6745,rest,-38,-15,-3,-3,3,-1,-1,-9
57.870261,6746,rest,-4,-35,-2,1,6,0,-2,-2
57.870263,6747,rest,28,1,-2,-5,-5,0,-1,-11
57.891186,6748,rest,16,4,-3,7,6,0,0,8
57.891226,6749,rest,14,17,2,3,3,1,-1,3
57.892828,6750,rest,-29,5,-4,-5,2,-3,-3,-6
57.892834,6751,rest,-2,-27,-4,0,0,-1,0,-23
57.904722,6752,rest,-9,-15,-4,-5,-4,0,-1,31
57.904746,6753,rest,6,24,3,2,15,0,-3,7
57.914675,6754,rest,-2,-4,-1,-1,-24,-1,1,-2
57.914686,6755,rest,1,8,1,-1,-3,-1,0,-1
57.928425,6756,rest,-3,11,-1,-1,5,-1,-1,-6
57.928445,6757,rest,-7,-41,-2,-4,-3,-2,-4,-2
57.930048,6758,rest,21,26,1,-3,8,-1,3,14
57.930076,6759,rest,-53,3,-1,2,-6,-1,4,1
57.951001,6760,rest,-9,-32,0,-1,-3,0,2,29
57.951024,6761,rest,5,30,2,1,-8,-1,-1,11
57.952880,6762,rest,18,-29,-8,-2,5,0,1,-12
57.952885,6763,rest,-11,10,-1,0,-4,-3,-3,6
57.965327,6764,rest,-22,5,0,-4,-3,0,-2,-21
57.965368,6765,rest,-17,-28,-4,-4,-14,-1,3,-30
57.974375,6766,rest,-24,-35,-1,-1,1,0,0,4
57.974381,6767,rest,27,56,0,0,6,-2,-1,5
57.988476,6768,rest,3,-48,-2,-4,-3,0,0,5
57.988494,6769,rest,2,25,2,-1,4,0,-2,4
57.990163,6770,rest,-8,17,1,-3,-27,-1,-1,-5
57.990184,6771,rest,7,-7,3,2,12,1,-2,2
58.011084,6772,rest,8,-19,-2,-5,-11,-2,-3,-22
58.011108,6773,rest,2,35,-5,-4,4,-4,-4,3
58.014115,6774,rest,-35,-1,-2,2,13,-2,-1,-4
58.014123,6775,rest,17,6,1,-1,-3,2,-3,49
58.024792,6776,rest,-11,-7,-2,-2,-6,0,1,-1
58.024822,6777,rest,-1,-12,1,-1,0,-3,-4,0
58.034849,6778,rest,10,28,0,1,10,2,0,0
58.034856,6779,rest,1,-1,-2,-4,-2,-1,-1,-15
58.050642,6780,rest,13,9,1,-3,4,-2,-5,-8
58.050651,6781,rest,-10,-11,-3,-1,-12,0,2,13
58.050655,6782,rest,26,38,2,1,9,-4,-5,-3
58.050657,6783,rest,22,-20,-4,-2,-6,0,0,-8
58.071015,6784,rest,-5,-9,-1,0,10,-3,-6,-6
58.071037,6785,rest,29,-3,3,0,-38,0,1,-8
58.073220,6786,rest,-51,-9,-4,-4,6,-3,0,34
58.073225,6787,rest,3,-8,-3,-1,4,0,-1,-8
58.084590,6788,rest,-1,14,0,1,-3,-2,0,1
58.084611,6789,rest,-2,-15,0,0,13,-1,-1,-5
58.095290,6790,rest,21,-49,-4,0,2,1,-1,-12
58.095296,6791,rest,-12,17,1,1,-4,-2,0,-10
58.108650,6792,rest,-1,6,-3,-2,3,1,0,13
58.108676,6793,rest,0,23,2,2,1,0,0,5
58.110133,6794,rest,-1,-3,-5,-4,-3,-1,-1,-10
58.110139,6795,rest,-6,-23,-2,0,4,0,-4,41
58.131239,6796,rest,10,10,0,-3,-6,-2,0,-8
58.131267,6797,rest,-37,13,-3,3,5,0,-3,-2
58.132448,6798,rest,10,-12,0,1,0,-2,-2,-6
58.132512,6799,rest,-19,-19,-1,-2,-6,-2,0,-18
58.145459,6800,rest,24,23,-2,3,5,-1,0,-7
58.145505,6801,rest,-21,-15,-6,-5,1,-2,2,7
58.154587,6802,rest,25,52,2,-2,7,-3,-5,-3
58.154594,6803,rest,6,-23,-4,0,0,-1,-1,-10
58.168698,6804,rest,-12,-12,1,-2,-6,1,2,5
58.168737,6805,rest,32,24,1,-1,7,0,0,-12
58.170627,6806,rest,-21,-76,-4,-1,-2,1,0,-5
58.170634,6807,rest,-10,6,-2,-3,-2,-2,-2,-11
58.191165,6808,rest,13,38,3,0,-2,-2,5,0
58.191170,6809,rest,3,-42,1,1,4,2,-3,40
58.192337,6810,rest,-8,28,-1,-1,-5,-1,0,0
58.192356,6811,rest,20,-12,-1,0,2,-2,-2,-3
58.213687,6812,rest,-20,4,-1,-4,-4,1,1,6
58.213709,6813,rest,27,2,1,4,-4,-1,1,-5
58.216705,6814,rest,-19,-19,3,4,0,0,1,0
58.216714,6815,rest,-77,8,-8,-6,-2,-1,-3,-14
58.228497,6816,rest,1,1,-2,1,2,0,-2,-11
58.228525,6817,rest,6,10,1,-3,-5,-2,-3,-4
58.229903,6818,rest,1,8,3,2,0,1,0,3
58.229934,6819,rest,27,-1,2,0,1,0,0,-9
58.251094,6820,rest,20,20,2,3,31,1,-3,72
58.251117,6821,rest,10,12,0,-5,-25,-1,-2,-2
58.252940,6822,rest,-27,-64,-5,-2,0,-2,2,-3
58.252945,6823,rest,5,-5,0,-3,-2,-2,1,-1
58.273490,6824,rest,-9,-10,-3,-2,-2,-2,-2,-22
58.273519,6825,rest,8,-15,1,0,3,-2,-1,-7
58.276269,6826,rest,18,57,0,-2,-2,-1,-1,7
58.276276,6827,rest,42,49,3,0,4,-2,0,-1
58.288423,6828,rest,-88,-113,-5,-1,-9,-4,-7,-16
58.288448,6829,rest,10,9,-2,-6,4,-1,-1,-2
58.290072,6830,rest,-12,22,0,4,-3,0,-1,-16
58.290100,6831,rest,21,10,0,0,1,2,1,8
58.311204,6832,rest,6,36,1,2,-7,0,0,-12
58.311296,6833,rest,-14,-39,-4,-2,-5,-3,-3,-3
58.313229,6834,rest,6,32,2,0,8,2,0,0
58.313235,6835,rest,21,-29,3,3,-4,-2,-7,-3
58.333537,6836,rest,10,14,-1,-3,-13,-2,-1,-10
58.333558,6837,rest,-36,-65,-5,-2,-2,-1,-3,-32
58.335236,6838,rest,36,8,0,-2,-5,-2,0,16
58.335299,6839,rest,-16,17,-2,-1,1,0,1,0
58.348607,6840,rest,35,10,-1,0,11,1,1,-8
58.348627,6841,rest,-70,8,0,-2,-18,-4,-3,-48
58.349941,6842,rest,20,-15,-1,-4,0,-1,-5,21
58.350074,6843,rest,-19,-21,-4,0,0,0,0,17
58.370164,6844,rest,13,7,0,-1,3,-1,-4,-6
58.370258,6845,rest,18,10,-4,-2,7,-1,2,0
58.378824,6846,rest,10,27,0,0,-2,-3,0,-14
58.378830,6847,rest,-58,-44,-1,-3,-9,0,-1,-3
58.393511,6848,rest,-1,-1,-3,3,-4,-1,-2,-10
58.393518,6849,rest,-7,37,1,1,-1,2,2,24
58.394768,6850,rest,7,4,-4,-2,-2,-2,-5,-8
58.394793,6851,rest,25,4,0,0,1,0,-2,-2
58.407721,6852,rest,-23,-12,-4,1,0,-3,0,0
58.407749,6853,rest,21,8,0,-1,1,-1,-5,9
58.414946,6854,rest,-30,8,0,-1,1,1,0,-2
58.417231,6855,rest,20,1,0,-1,-7,-3,1,-8
58.431123,6856,rest,-4,-3,-2,-5,-9,0,1,-2
58.431146,6857,rest,13,4,-1,1,2,1,0,13
58.432589,6858,rest,14,-8,-1,-2,-4,0,0,-1
58.432594,6859,rest,-6,-6,-1,-3,0,-1,-2,-3
58.453677,6860,rest,3,22,3,-1,-7,-2,-2,0
58.453705,6861,rest,14,28,1,1,-1,0,-2,7
58.455199,6862,rest,-15,-78,-5,-4,-5,-3,6,-41
58.455211,6863,rest,-1,0,-1,-3,-6,-2,-3,36
58.468007,6864,rest,9,11,2,1,5,-1,-1,0
58.470066,6865,rest,-8,-23,-2,-1,6,-3,-4,1
58.474699,6866,rest,13,38,2,-2,-11,0,0,-11
58.474727,6867,rest,-1,4,1,3,9,0,2,-13
58.490962,6868,rest,18,-16,-1,-2,-8,-1,1,-1
58.490986,6869,rest,14,5,-2,-2,-7,-2,1,9
58.492445,6870,rest,6,10,-1,-1,7,-3,-3,12
58.492467,6871,rest,-3,-21,-2,-3,-4,-2,-2,-8
58.514096,6872,rest,3,17,-1,-2,-5,0,-3,8
58.514127,6873,rest,-4,-5,0,1,-1,-2,1,-4
58.516526,6874,rest,-18,-2,0,-1,-2,-2,-3,6
58.516534,6875,rest,-4,6,1,-1,0,-2,0,-32
58.527735,6876,rest,-12,-12,-3,-2,-5,-2,-1,-9
58.527759,6877,rest,-1,3,-2,0,5,0,-1,3
58.534857,6878,rest,-9,-13,-2,-2,0,-1,-2,7
58.536730,6879,rest,2,26,3,1,-1,1,2,-4
58.551558,6880,rest,25,23,-6,-4,3,-2,-3,8
58.551575,6881,rest,-71,-21,-2,-7,-4,-3,-3,-3
58.552477,6882,rest,4,-3,-2,-3,1,0,-3,2
58.552496,6883,rest,4,-7,-4,1,-1,-2,-1,-2
58.573639,6884,rest,9,39,4,1,1,1,3,2
58.573676,6885,rest,-49,10,1,2,5,1,1,3
58.574914,6886,rest,0,4,-5,-4,-35,-2,3,-52
58.574977,6887,rest,8,10,-3,-2,0,-1,-2,7
58.587831,6888,rest,-21,-35,1,1,-1,0,-4,3
58.587858,6889,rest,34,8,0,-2,-5,-1,-1,-10
58.594833,6890,rest,10,0,0,2,9,-1,0,29
58.594864,6891,rest,11,-6,-1,-1,-2,-1,3,4
58.611212,6892,rest,20,-7,-1,-3,-4,-2,0,-5
58.611240,6893,rest,-41,32,1,0,7,-1,-2,-16
58.613276,6894,rest,3,-52,-5,-2,4,-1,-4,8
58.613281,6895,rest,-19,-24,-1,2,0,0,0,2
58.633736,6896,rest,-27,-6,-3,-2,1,-2,0,4
58.633759,6897,rest,32,22,1,-4,-7,-1,0,11
58.635264,6898,rest,-2,20,2,7,10,2,-1,5
58.635355,6899,rest,5,18,0,0,0,-1,-2,-5
58.647678,6900,rest,4,-10,1,0,-3,-1,0,-1
58.647748,6901,rest,25,-25,-2,-2,1,0,-2,7
58.654701,6902,rest,-18,-7,4,-3,-6,-1,-2,3
58.655943,6903,rest,32,33,-4,-5,6,-2,0,-10
58.670940,6904,rest,-84,-66,-6,0,2,-2,-3,-13
58.670963,6905,rest,33,-54,-8,-5,-23,-4,-3,0
58.672548,6906,rest,0,8,0,-2,-1,0,1,11
58.672553,6907,rest,-12,18,4,-1,-3,-1,-1,3
58.693444,6908,rest,8,-14,2,-4,-10,0,1,2
58.693472,6909,rest,-1,-16,-1,1,11,-1,1,7
58.694980,6910,rest,-7,12,-1,0,0,-3,-2,-7
58.695006,6911,rest,-6,-25,-2,-3,-7,-1,0,-42
58.709747,6912,rest,31,34,2,1,1,1,3,26
58.709755,6913,rest,-14,-13,-1,1,-2,-1,0,-11
58.714848,6914,rest,9,12,-5,-5,-4,-2,0,6
58.714872,6915,rest,-40,-2,-3,1,4,-1,-2,5
58.731120,6916,rest,28,14,-1,-3,0,-1,-4,-1
58.731146,6917,rest,10,-3,-1,0,1,0,-1,0
58.733536,6918,rest,-25,1,0,0,-1,0,1,-6
58.733541,6919,rest,4,4,2,0,-2,-2,-3,2
58.761103,6920,rest,27,4,-2,0,-10,0,0,-6
58.761123,6921,rest,-27,-53,-4,-2,0,-3,-2,5
58.763014,6922,rest,3,5,1,0,1,-3,-2,-2
58.763028,6923,rest,1,-7,-4,1,-3,-1,-1,7
58.767465,6924,rest,-19,-14,-2,0,-3,-1,1,-1
58.767493,6925,rest,-9,35,2,-1,2,0,0,-2
58.775888,6926,rest,8,-3,1,-3,0,0,1,2
58.775909,6927,rest,13,2,1,-2,-2,-1,-1,7
58.790968,6928,rest,7,32,0,1,1,-3,-1,10
58.790995,6929,rest,18,-14,4,6,14,0,0,-4
58.792525,6930,rest,0,-3,0,0,-26,-3,-2,0
58.792552,6931,rest,8,28,-3,-4,0,0,-2,9
58.813789,6932,rest,-27,-22,-4,-3,0,-4,-4,-63
58.813825,6933,rest,44,50,4,1,3,2,-2,5
58.815400,6934,rest,-5,-32,-2,-2,8,2,-4,0
58.815406,6935,rest,29,5,4,7,3,-1,-6,4
58.827306,6936,rest,-15,21,2,-2,-4,-3,-3,-31
58.827334,6937,rest,8,-9,-1,-3,-4,-1,1,4
58.836783,6938,rest,7,-28,-4,-3,-1,-3,-2,-8
58.836790,6939,rest,-1,11,-1,-4,-9,0,2,1
58.851114,6940,rest,-8,4,-2,0,6,0,-2,2
58.851148,6941,rest,6,12,1,1,-5,-2,-3,4
58.852685,6942,rest,-4,32,3,-1,5,1,2,9
58.852709,6943,rest,-16,-84,-1,-2,0,0,-1,-8
58.873577,6944,rest,-22,-17,-2,-1,-2,-1,0,12
58.873607,6945,rest,-5,4,-3,-2,-7,-1,3,0
58.875188,6946,rest,-23,-6,-5,0,1,0,-1,-2
58.875198,6947,rest,-5,9,1,-1,0,-2,-1,3
58.887094,6948,rest,31,11,-2,-1,-6,1,-3,12
58.887118,6949,rest,32,2,-2,-2,1,0,1,-3
58.898353,6950,rest,0,29,0,0,2,-1,-1,-8
58.898359,6951,rest,-8,-22,-1,-5,-5,-1,0,17
58.911315,6952,rest,6,-27,0,4,20,0,2,30
58.911355,6953,rest,-29,-21,0,-2,-28,-3,-3,-19
58.913876,6954,rest,14,2,2,4,5,0,0,18
58.913884,6955,rest,-6,40,-2,-4,-8,-5,-2,5
58.934044,6956,rest,11,-3,2,-4,10,-1,0,-14
58.934074,6957,rest,38,55,-1,0,9,1,0,2
58.935918,6958,rest,-70,-78,-2,0,1,-2,-4,-4
58.935927,6959,rest,10,-10,0,0,-6,-1,-1,-18
58.947480,6960,rest,0,-11,-7,-1,-5,-1,-1,6
58.947505,6961,rest,21,17,2,0,3,0,0,5
58.958661,6962,rest,46,32,-1,1,-1,0,3,-2
58.958685,6963,rest,-10,-3,-1,-2,8,-1,-5,4
58.971569,6964,rest,7,7,-2,-2,-8,-1,2,-7
58.971599,6965,rest,-23,-30,-2,-4,-2,-1,0,4
58.977400,6966,rest,21,24,1,-2,-1,0,0,-1
58.977407,6967,rest,-3,23,2,3,3,0,2,-5
58.993633,6968,rest,-43,-59,-4,-2,-4,-1,1,0
58.993697,6969,rest,11,13,-4,-1,-1,-4,-3,-6
58.995134,6970,rest,-8,11,-1,-1,5,-3,-2,-8
58.995265,6971,rest,16,15,1,-5,-7,-3,-1,0
59.007066,6972,rest,8,19,4,5,3,0,-3,-1
59.007098,6973,rest,-45,-12,-2,-1,5,0,-1,2
59.016562,6974,rest,19,29,-3,-6,-9,-7,0,0
59.016572,6975,rest,-32,-45,-2,5,2,-1,-1,0
59.031063,6976,rest,4,7,0,-4,-7,-2,0,2
59.031089,6977,rest,-17,14,2,-2,-4,-2,-5,-21
59.032806,6978,rest,37,-17,0,2,3,1,0,51
59.032816,6979,rest,-15,-19,-2,-4,-5,-2,-1,-6
59.053662,6980,rest,-10,5,1,-1,-4,-2,-1,-3
59.053688,6981,rest,21,38,-3,-1,8,-2,-3,-4
59.055453,6982,rest,-12,-4,-2,-1,-4,1,-1,12
59.055461,6983,rest,12,-1,-2,2,3,0,1,-1
59.067220,6984,rest,-23,23,3,-1,-2,-2,-1,2
59.067242,6985,rest,5,-33,-3,-1,3,2,5,-2
59.076596,6986,rest,-9,-43,-2,-3,1,0,-2,-23
59.076608,6987,rest,-1,4,-6,0,-5,2,-4,17
59.090983,6988,rest,-8,33,5,0,1,-2,-1,1
59.092500,6989,rest,9,19,3,8,3,1,0,10
59.092511,6990,rest,-74,-30,-2,1,10,-1,-3,-16
59.092582,6991,rest,42,11,-1,-1,-37,-1,2,-6
59.113755,6992,rest,-31,-3,0,-3,-6,-3,-3,-9
59.113793,6993,rest,6,-43,-2,-3,4,-1,-2,10
59.115570,6994,rest,16,-14,-1,-1,-4,-1,0,-9
59.115578,6995,rest,-22,4,0,3,9,-3,0,-7
59.127304,6996,rest,24,24,-2,-2,-3,1,-2,1
59.127335,6997,rest,-42,5,0,-2,-3,-2,-3,-1
59.136875,6998,rest,33,33,-1,0,0,-1,-1,-6
59.136943,6999,rest,2,-12,1,-2,8,-1,2,-5
59.150979,7000,rest,-14,-8,-1,-3,-6,0,-2,2
59.151242,7001,rest,8,7,0,-3,5,-4,0,3
59.152597,7002,rest,4,-59,-3,-1,-1,1,-4,50
59.152669,7003,rest,4,9,-3,-2,2,-3,0,1
59.173581,7004,rest,25,-2,-2,-1,-1,0,2,1
59.173610,7005,rest,-8,18,3,-3,-6,2,1,2
59.175309,7006,rest,24,30,0,-2,-1,0,2,-18
59.175315,7007,rest,-52,-24,-4,-5,11,-3,-2,-3
59.196607,7008,rest,7,-7,-2,5,1,0,0,8
59.196615,7009,rest,0,19,0,-3,-7,-1,-2,-43
59.197416,7010,rest,9,-29,-4,-1,20,-1,-2,-7
59.197454,7011,rest,-5,-4,0,-1,-15,0,-1,-6
59.212034,7012,rest,7,29,-2,-4,2,-1,-1,-10
59.212042,7013,rest,11,-19,-1,-2,-4,-1,-2,1
59.212540,7014,rest,-41,32,-1,-1,2,0,2,-14
59.212551,7015,rest,25,19,4,3,3,1,1,1
59.233460,7016,rest,-41,-40,-3,-5,2,-3,-1,-3
59.233484,7017,rest,21,15,-2,-1,-9,-2,-2,11
59.235838,7018,rest,-7,6,1,-2,-9,-1,-1,-4
59.235846,7019,rest,11,4,0,1,1,-2,-1,-1
59.255959,7020,rest,33,-30,-1,2,-1,-1,-1,5
59.255991,7021,rest,-19,-29,-3,-3,1,-2,0,5
59.258018,7022,rest,0,-8,-4,-5,-10,-1,5,-9
59.258032,7023,rest,6,33,0,-1,-4,0,-1,-3
59.270956,7024,rest,8,-3,2,0,7,-2,-2,-7
59.270982,7025,rest,-16,-8,-2,-1,0,-1,-1,4
59.272581,7026,rest,-7,-9,1,-2,-9,-3,-2,-9
59.272609,7027,rest,15,1,-1,2,7,2,-1,3
59.293443,7028,rest,41,-12,-1,-2,-4,-1,2,-3
59.293466,7029,rest,-37,-22,-5,1,16,2,-2,48
59.295052,7030,rest,9,24,2,3,-29,0,-2,2
59.295077,7031,rest,-7,0,0,-1,8,-1,-1,-1
59.316128,7032,rest,19,15,1,-2,-7,0,0,-6
59.317610,7033,rest,-40,2,0,1,1,-1,0,-17
59.317740,7034,rest,-9,-13,0,-1,10,-3,-2,-6
59.317747,7035,rest,7,-7,0,0,4,-1,-2,7
59.330520,7036,rest,-29,11,-2,-2,-6,0,-2,1
59.330553,7037,rest,43,3,2,2,-3,0,2,-6
59.337321,7038,rest,-47,18,-1,-1,1,-1,-3,-3
59.337353,7039,rest,9,-44,-4,-2,11,-2,1,-8
59.353839,7040,rest,-9,-17,-4,-2,-2,-2,0,29
59.353847,7041,rest,11,3,1,0,-2,-1,-3,-10
59.355016,7042,rest,-7,27,1,2,4,-1,-2,30
59.355037,7043,rest,27,25,1,-2,-1,0,0,2
59.375918,7044,rest,-19,-24,-2,-2,-2,-1,-3,-10
59.375941,7045,rest,-1,-12,-4,-2,-3,-2,0,2
59.378008,7046,rest,48,27,1,-3,-3,-2,-2,-15
59.378013,7047,rest,-29,-43,-3,0,-5,0,-1,-7
59.390355,7048,rest,-24,21,-3,2,22,2,1,4
59.390386,7049,rest,15,1,2,-5,-19,-3,0,-5
59.397069,7050,rest,2,-22,-2,-2,-1,-1,-1,-18
59.397092,7051,rest,13,23,1,-1,0,0,-1,-1
59.413712,7052,rest,-11,4,1,-2,1,-1,-2,-12
59.413755,7053,rest,-23,-33,-1,-3,-1,1,-1,1
59.415013,7054,rest,-5,29,0,1,15,-1,-1,-52
59.415018,7055,rest,-5,-19,-1,0,-4,0,-4,16
59.436177,7056,rest,14,4,1,1,-7,1,-1,0
59.436286,7057,rest,-8,-14,-5,-2,-10,1,6,-2
59.437530,7058,rest,16,-4,2,-1,-5,-2,-2,-3
59.437550,7059,rest,-43,9,0,1,-1,-2,0,-10
59.450223,7060,rest,2,4,2,-2,-5,-2,-2,-4
59.450247,7061,rest,13,0,-1,0,-2,0,0,2
59.457074,7062,rest,3,17,1,1,2,2,-1,8
59.457103,7063,rest,-52,32,2,-1,0,-1,2,-4
59.473603,7064,rest,19,-73,-4,-2,-9,-2,-1,7
59.473630,7065,rest,6,22,1,3,10,-3,-5,-7
59.475544,7066,rest,25,-4,0,1,-3,-1,-5,-3
59.475552,7067,rest,-45,-5,-2,-3,-2,-1,-1,-3
59.497555,7068,rest,4,61,4,-1,-5,-2,-3,-12
59.497565,7069,rest,14,-57,-5,-2,3,-1,-1,5
59.497568,7070,rest,-14,-23,-3,-2,-6,0,0,-3
59.497570,7071,rest,31,26,-1,-2,2,-2,1,2
59.512436,7072,rest,-1,-1,-2,0,-19,-1,-2,-3
59.512443,7073,rest,3,-5,1,-2,-1,-1,-2,-13
59.517458,7074,rest,6,32,-1,-4,-6,-2,0,10
59.519855,7075,rest,19,-30,-1,3,-4,1,-1,1
59.533493,7076,rest,-65,13,-3,-1,2,0,0,0
59.533515,7077,rest,29,24,2,3,-5,-3,-3,1
59.535501,7078,rest,2,-3,0,-2,-5,0,1,2
59.535511,7079,rest,5,-27,-8,-3,2,-1,-1,1
59.556189,7080,rest,43,8,-7,-4,8,-1,0,-2
59.556221,7081,rest,-47,-36,-20,-5,-6,-1,0,-54
59.557854,7082,rest,24,19,17,5,4,-1,-3,11
59.557867,7083,rest,21,9,-1,-1,-8,-1,-1,-7
59.570359,7084,rest,-9,4,1,1,6,1,5,3
59.570382,7085,rest,9,12,-8,-3,2,0,-1,2
59.577204,7086,rest,-10,-14,-9,-1,0,-2,0,2
59.577235,7087,rest,-1,14,2,-1,-2,1,1,0
59.593322,7088,rest,-29,-57,-5,-2,-5,-2,-1,-13
59.593384,7089,rest,-6,33,7,1,5,-1,-3,12
59.594905,7090,rest,11,2,-5,-2,-4,-1,2,1
59.594969,7091,rest,-2,11,4,-1,8,0,-1,9
59.616046,7092,rest,33,-59,-8,-6,-39,-3,-3,0
59.616071,7093,rest,-16,26,10,5,2,0,0,71
59.618330,7094,rest,-38,-9,0,2,0,0,-3,22
59.618336,7095,rest,41,5,-5,-2,-2,-3,0,-12
59.630600,7096,rest,-2,20,5,-1,7,1,1,1
59.630642,7097,rest,19,-14,0,-2,2,-1,0,-12
59.637149,7098,rest,4,3,-7,-3,-6,-2,3,-22
59.637238,7099,rest,7,-8,4,1,-5,-2,-4,13
59.653405,7100,rest,7,3,-1,1,6,-1,-3,-2
59.653466,7101,rest,-13,12,2,-2,-8,0,0,-6
59.654880,7102,rest,-26,1,-3,1,11,-2,1,15
59.654898,7103,rest,0,-3,2,-1,-1,-2,-1,-11
59.676209,7104,rest,18,1,2,2,4,-4,-3,-10
59.676235,7105,rest,1,10,-4,-3,0,-1,-1,1
59.678732,7106,rest,-23,19,0,-2,-3,0,-2,-5
59.678737,7107,rest,-10,-10,-2,-2,-9,0,-3,1
59.689522,7108,rest,-7,11,0,-2,-7,-1,-1,2
59.689544,7109,rest,3,7,2,5,2,1,1,-13
59.699699,7110,rest,49,-65,-1,-1,0,-1,-4,-2
59.699707,7111,rest,-90,0,-4,-1,8,-2,0,-3
59.713559,7112,rest,5,15,-2,-5,-26,-4,-2,-1
59.713595,7113,rest,-11,11,3,0,1,-1,-2,-8
59.716166,7114,rest,23,-1,-3,-2,-4,-1,1,4
59.716181,7115,rest,25,-9,-3,0,-5,1,1,29
59.736115,7116,rest,-8,19,-3,-2,11,0,0,-1
59.736139,7117,rest,3,24,2,-1,-1,-2,-2,0
59.737614,7118,rest,-12,-62,-2,-2,-3,-1,-1,4
59.737638,7119,rest,7,-2,-2,-3,0,-1,-1,-11
59.749576,7120,rest,-17,-2,0,3,18,2,-1,-1
59.749629,7121,rest,15,18,0,-4,-3,-2,-4,-1
59.765929,7122,rest,-13,17,-2,-4,2,-2,-1,-9
59.765957,7123,rest,35,6,2,-1,-1,-1,-2,-6
59.773457,7124,rest,-11,-27,0,2,0,0,1,3
59.773482,7125,rest,9,59,4,0,-2,0,0,34
59.774808,7126,rest,1,-68,-5,-1,1,0,-3,-1
59.774826,7127,rest,0,1,-2,-7,2,-3,0,2
59.795870,7128,rest,22,3,2,4,7,-3,-2,15
59.795882,7129,rest,-2,-28,-5,-3,0,-1,1,-15
59.797304,7130,rest,-5,50,3,-1,-6,-2,-5,-26
59.797336,7131,rest,-18,-27,-4,0,-1,0,-3,6
59.810373,7132,rest,22,3,1,-1,17,-1,-2,-8
59.810381,7133,rest,-19,-22,-1,0,-34,-2,-3,-9
59.819889,7134,rest,-1,24,3,1,-1,0,3,-1
59.819895,7135,rest,-9,-19,-3,-3,-5,-3,-2,-14
59.833416,7136,rest,-5,8,-2,-1,2,1,-3,-3
59.833446,7137,rest,-14,-30,-1,-1,5,-3,1,-4
59.835254,7138,rest,6,20,1,1,5,0,-1,11
59.835275,7139,rest,8,-14,-1,-1,-7,0,1,-3
59.856525,7140,rest,-26,18,0,-1,-2,-2,0,-27
59.856532,7141,rest,11,-8,-4,0,8,1,-3,9
59.856534,7142,rest,-13,-7,-2,-3,-8,-2,0,-4
59.856536,7143,rest,22,24,-1,2,9,0,-2,-4
59.877667,7144,rest,14,19,0,-5,1,-1,-3,-5
59.877691,7145,rest,-18,-61,-3,1,7,-3,-3,-10
59.879863,7146,rest,-24,43,3,4,5,-2,-2,1
59.879870,7147,rest,5,-18,-5,-2,-4,-3,-3,0
59.892672,7148,rest,-8,1,-1,-3,-6,-1,-1,57
59.892698,7149,rest,4,2,0,-2,-1,0,2,-5
59.893657,7150,rest,15,30,-1,-1,0,1,1,11
59.893662,7151,rest,11,19,3,0,-5,1,0,4
59.915303,7152,rest,-16,-41,0,0,0,-2,1,-10
59.917200,7153,rest,8,17,1,-1,6,-2,-4,-8
59.917206,7154,rest,-9,-21,-5,0,1,-1,-2,-3
59.917208,7155,rest,-20,-3,0,-3,-4,-2,-1,-15
59.937657,7156,rest,41,12,0,-3,-7,-1,-1,20
59.937676,7157,rest,-12,-18,-1,4,10,1,-8,-4
59.938278,7158,rest,-42,-6,1,-3,-8,-2,-1,-6
59.938292,7159,rest,18,0,5,0,-1,-1,-1,-2
59.952859,7160,rest,-67,7,-2,3,5,0,2,-8
59.952885,7161,rest,18,-55,-4,-3,-7,-1,-1,0
59.954161,7162,rest,2,32,-3,-3,5,0,-3,5
59.954169,7163,rest,8,13,1,-2,-5,-2,-2,2
59.975428,7164,rest,2,-5,0,3,13,-1,0,-13
59.977103,7165,rest,7,21,3,-1,1,2,-1,45
59.977108,7166,rest,11,-25,1,3,-2,0,-1,1
59.977110,7167,rest,-31,10,-1,-6,-5,-3,-1,-8
59.997879,7168,rest,15,34,0,-6,-12,-2,0,-6
59.997930,7169,rest,-31,-4,-3,-1,0,-2,1,-18
59.998546,7170,rest,12,-44,-2,-1,-4,-1,1,1
59.998563,7171,rest,-9,0,1,2,8,-1,0,25
60.012859,7172,rest,-18,-5,-4,-1,-1,0,-2,-10
60.012886,7173,rest,16,-6,-1,0,-3,0,0,-10
60.013976,7174,rest,14,30,-1,-3,-4,-1,0,11
60.013983,7175,rest,-17,-11,-3,2,20,-1,-1,-15
60.043295,7176,rest,39,1,0,-1,-23,-2,-2,-3
60.043307,7177,rest,-39,21,1,-1,3,0,0,-7
60.043982,7178,rest,-3,-13,2,-3,-5,-1,-3,-9
60.043995,7179,rest,3,-10,-1,6,23,1,0,-2
60.057961,7180,rest,14,24,-1,-1,0,-1,0,4
60.057967,7181,rest,35,-21,1,-1,-1,-3,0,-2
60.058397,7182,rest,-73,-18,-4,-3,0,-4,-1,-3
60.058406,7183,rest,-15,-19,-1,-4,-10,0,-1,-5
60.072838,7184,rest,19,23,-3,0,-3,0,0,17
60.072862,7185,rest,-13,5,-1,-6,-4,-2,3,-14
60.074728,7186,rest,28,28,3,1,0,-2,-11,-8
60.074734,7187,rest,34,8,0,-2,-10,-2,-2,7
60.095356,7188,rest,-12,-8,-1,0,1,-1,-2,-13
60.095394,7189,rest,-6,-34,-5,-2,0,-2,1,-3
60.096736,7190,rest,-12,-7,-1,-4,2,-1,1,-21
60.096742,7191,rest,-10,-14,0,-2,-14,1,1,3
60.118059,7192,rest,12,5,4,2,9,1,-7,55
60.118092,7193,rest,17,7,-2,-3,0,-2,-1,-4
60.119763,7194,rest,-15,-1,-3,-3,-2,0,2,-1
60.119776,7195,rest,23,24,-2,6,-3,-1,4,-21
60.132760,7196,rest,-50,-68,-7,-3,16,0,1,-17
60.132786,7197,rest,28,31,0,-5,-6,-1,-2,3
60.135564,7198,rest,11,-15,2,1,0,1,2,16
60.135572,7199,rest,-22,31,-2,-4,-4,-3,0,-4
62.157487,7200,clench,10,-28,-7,-10,-5,-3,-13,5
62.157834,7201,clench,1,-21,18,5,12,-4,1,-3
62.158246,7202,clench,-58,70,22,9,9,19,62,27
62.158253,7203,clench,12,-65,3,-3,-3,-8,-39,-6
62.180925,7204,clench,-1,36,-46,-8,3,6,9,6
62.180957,7205,clench,-30,2,20,7,8,13,16,-14
62.182728,7206,clench,20,-97,-12,-3,3,-6,-6,8
62.182736,7207,clench,12,104,4,0,-8,-8,-7,10
62.203483,7208,clench,26,-11,2,4,11,4,1,16
62.203502,7209,clench,11,-6,-22,-6,-7,-9,-16,24
62.204070,7210,clench,6,32,4,9,13,1,51,20
62.204089,7211,clench,8,-57,-2,-9,-22,6,-22,-1
62.217828,7212,clench,4,71,28,5,-1,-14,-2,-2
62.217835,7213,clench,44,39,-7,-6,-3,6,-26,-1
62.218381,7214,clench,-19,-40,-15,-2,-3,-13,8,5
62.218396,7215,clench,7,32,-7,2,2,18,32,4
62.240926,7216,clench,-48,-24,30,2,24,5,-3,-15
62.240957,7217,clench,11,36,-6,-1,5,-2,6,-16
62.243607,7218,clench,55,24,2,12,2,3,-19,-17
62.243612,7219,clench,-22,-27,-27,-4,4,-3,-29,8
62.263452,7220,clench,-10,54,1,-4,-21,-1,32,14
62.263459,7221,clench,-11,-40,6,-2,10,18,-52,-8
62.264003,7222,clench,9,23,-3,-2,-6,-10,-6,-14
62.264009,7223,clench,-25,16,12,14,14,0,-14,40
62.279138,7224,clench,26,-4,-7,-10,-22,-14,-15,-30
62.279147,7225,clench,13,-86,-20,2,1,-6,57,23
62.279151,7226,clench,-62,-44,-19,-6,-3,8,-10,-4
62.279156,7227,clench,14,42,37,12,26,21,-7,-10
62.300867,7228,clench,-7,-43,-1,9,13,-15,-12,-31
62.300892,7229,clench,15,38,19,-8,-46,-1,11,35
62.302923,7230,clench,1,-7,-6,-6,-4,-11,-7,-28
62.302930,7231,clench,-5,-14,-11,-1,13,-4,-2,-3
62.324286,7232,clench,-21,-79,-21,0,3,3,-17,-1
62.324296,7233,clench,-15,13,11,7,16,-4,20,-26
62.324300,7234,clench,13,54,11,-3,-18,-1,4,-2
62.324304,7235,clench,-6,-50,-29,-5,-1,-14,-57,-4
62.337640,7236,clench,-1,-34,9,7,3,11,31,13
62.337665,7237,clench,7,25,-9,0,10,-2,15,10
62.339203,7238,clench,13,38,10,-10,-14,0,-24,-23
62.339214,7239,clench,1,-63,-19,-9,-9,-13,1,-7
62.360483,7240,clench,-5,55,-9,-3,-8,-6,-9,-35
62.360508,7241,clench,1,24,16,6,13,11,74,38
62.361288,7242,clench,-53,-56,-10,2,20,12,-36,-44
62.361305,7243,clench,13,-10,4,0,-7,-4,-8,-6
62.383653,7244,clench,7,-68,-34,-5,0,5,15,40
62.385689,7245,clench,14,47,34,7,14,-7,-27,-30
62.385695,7246,clench,9,-25,-14,-5,-25,-8,-8,25
62.385697,7247,clench,25,118,39,6,4,25,26,10
62.397806,7248,clench,27,-42,-5,-8,-25,-10,-5,-12
62.397829,7249,clench,3,-47,-29,7,42,8,-7,-20
62.399688,7250,clench,7,-24,-2,-4,-7,-11,1,17
62.399694,7251,clench,-15,-5,-8,-1,-1,-15,-7,-13
62.420796,7252,clench,16,-55,-17,0,-7,1,7,16
62.420821,7253,clench,-61,22,18,-5,-16,5,2,-8
62.421607,7254,clench,33,12,3,2,6,6,16,-9
62.421627,7255,clench,2,-2,-7,-2,-6,-4,-9,27
62.443235,7256,clench,8,57,8,-2,7,-4,-12,32
62.443258,7257,clench,-19,-9,-5,5,-4,-6,-22,3
62.444342,7258,clench,1,7,0,-5,-2,7,39,5
62.444351,7259,clench,-6,-10,-7,-2,-4,-8,25,10
62.458095,7260,clench,21,47,12,-5,1,9,-4,-1
62.458126,7261,clench,-31,-22,-15,-3,-12,-9,-29,-13
62.460080,7262,clench,23,39,2,-1,11,10,33,23
62.460088,7263,clench,36,-45,-12,1,4,-2,-17,-7
62.481070,7264,clench,-49,-57,-8,-6,9,-3,-5,-11
62.481077,7265,clench,-4,-29,-37,-7,-36,-7,11,6
62.481679,7266,clench,-24,100,59,15,28,-7,-17,3
62.481698,7267,clench,13,-18,5,-3,1,14,20,-15
62.503553,7268,clench,14,-41,4,-1,0,2,-12,-1
62.503577,7269,clench,32,62,1,-5,-7,-1,15,-7
62.506142,7270,clench,19,-46,-26,-2,-7,-13,-72,1
62.506151,7271,clench,-40,8,-14,2,12,6,41,11
62.517851,7272,clench,15,4,23,1,0,6,4,-4
62.517873,7273,clench,46,-29,-9,-8,-3,-4,-20,-14
62.519939,7274,clench,-26,-16,-14,-1,-5,2,-7,-19
62.519946,7275,clench,18,70,6,2,-1,-15,6,6
62.542913,7276,clench,-5,85,11,1,-2,16,29,-15
62.542918,7277,clench,-22,-65,-7,-8,-4,-2,1,8
62.542920,7278,clench,5,20,6,13,17,-18,-21,4
62.542922,7279,clench,-8,-7,-3,-9,-32,9,-54,-9
62.563360,7280,clench,-14,-2,-12,-7,-6,4,26,-17
62.563375,7281,clench,48,57,11,0,4,-5,-3,4
62.565809,7282,clench,14,-123,-8,1,-4,6,21,8
62.565815,7283,clench,-54,58,-6,6,11,-19,-50,-26
62.577296,7284,clench,-20,-22,-7,-6,-5,-10,-10,5
62.577317,7285,clench,17,-52,3,-6,-9,3,0,-10
62.585550,7286,clench,-6,12,-7,-5,-3,-4,13,11
62.585585,7287,clench,17,-20,4,2,0,0,27,4
62.601408,7288,clench,-1,54,2,2,4,-3,-29,-11
62.604128,7289,clench,-24,-41,-21,-1,6,-1,3,5
62.604181,7290,clench,14,16,8,-2,-7,6,0,-4
62.604183,7291,clench,-4,-37,2,-2,1,-3,-1,45
62.623318,7292,clench,-86,-27,-63,5,4,-4,-10,-7
62.623337,7293,clench,7,75,73,8,8,22,13,6
62.624179,7294,clench,5,-8,-21,-4,-11,-9,28,-3
62.624200,7295,clench,21,-15,7,-11,-5,11,-1,-14
62.636943,7296,clench,-15,-62,-11,1,15,-17,-25,1
62.637059,7297,clench,-33,-13,-19,2,-39,-9,8,12
62.645167,7298,clench,3,11,7,5,39,8,-13,-14
62.645192,7299,clench,28,14,26,-3,-1,6,11,27
62.660906,7300,clench,21,16,13,2,-1,-2,-3,19
62.660978,7301,clench,-17,5,-8,-3,3,-3,-9,-21
62.662891,7302,clench,-19,-3,-2,-2,-8,-4,-3,10
62.662896,7303,clench,29,-48,-17,4,3,-7,1,-6
62.684215,7304,clench,-6,-59,-29,-9,-13,-12,-9,-7
62.684229,7305,clench,-3,96,86,23,14,0,23,8
62.684231,7306,clench,21,-32,-12,-16,-12,14,12,0
62.684233,7307,clench,1,-4,2,0,5,-1,3,-9
62.697164,7308,clench,22,-27,7,-9,-18,-2,22,-18
62.697200,7309,clench,-22,-37,-49,-3,6,-13,-6,17
62.705143,7310,clench,-4,62,9,3,-15,-11,-6,-1
62.705167,7311,clench,4,-4,4,0,7,6,-9,-48
62.720794,7312,clench,-13,16,18,1,-4,-1,7,6
62.720811,7313,clench,63,-64,-32,-9,4,-4,-20,6
62.721403,7314,clench,2,0,8,1,-11,-1,4,-10
62.721492,7315,clench,3,-26,-8,-5,2,0,7,4
62.743264,7316,clench,13,53,14,5,-12,-3,-8,3
62.743288,7317,clench,-54,-10,-75,-11,17,-3,-3,4
62.745185,7318,clench,-4,33,74,8,7,21,48,39
62.745207,7319,clench,13,6,-8,3,-5,-8,-32,-17
62.756981,7320,clench,-9,15,9,-1,8,6,13,2
62.757008,7321,clench,10,-35,-6,-6,-17,0,-44,-1
62.765543,7322,clench,-32,-11,-73,-6,1,-23,29,6
62.765574,7323,clench,-31,32,20,0,-1,23,17,1
62.780951,7324,clench,43,108,32,12,8,-9,40,56
62.780974,7325,clench,-5,13,-3,-12,-10,32,55,-43
62.781754,7326,clench,-49,-84,-24,-2,13,-11,-54,-34
62.781774,7327,clench,10,-23,-9,3,-1,-9,-10,-40
62.803412,7328,clench,20,-20,-15,-7,-9,-9,-20,12
62.803429,7329,clench,-34,-11,9,1,-2,-12,-6,5
62.805159,7330,clench,40,51,2,1,-6,8,-1,5
62.805164,7331,clench,-67,-36,-32,-3,-5,-11,7,1
62.817219,7332,clench,7,-81,-72,-9,4,0,-22,-32
62.817239,7333,clench,50,95,93,16,15,4,13,6
62.826345,7334,clench,-36,-47,-15,-13,-8,17,5,-4
62.826352,7335,clench,8,-3,2,-1,-6,-9,-4,7
62.842309,7336,clench,-7,-46,-19,-5,-4,-3,-11,-10
62.842316,7337,clench,-28,-25,-12,-1,-8,-1,-6,1
62.842318,7338,clench,46,28,4,5,14,-6,-18,7
62.842320,7339,clench,15,-64,-15,-1,4,-19,-5,-6
62.863323,7340,clench,-50,81,50,-8,-5,14,59,-14
62.863347,7341,clench,56,-48,-23,-13,-28,-1,-31,-15
62.865713,7342,clench,38,36,25,0,-7,-6,-21,25
62.865719,7343,clench,-8,4,-2,8,7,-3,12,10
62.877037,7344,clench,-8,-15,-2,0,-8,-7,5,-12
62.877063,7345,clench,-12,-13,-4,6,8,-9,-5,16
62.886944,7346,clench,-12,-34,-25,-8,-7,2,-5,-20
62.886959,7347,clench,8,8,11,3,-8,-10,-4,8
62.901005,7348,clench,-1,50,12,8,6,-6,-36,1
62.901050,7349,clench,-11,30,19,4,4,10,8,-4
62.902926,7350,clench,0,50,25,0,-1,11,18,-23
62.902950,7351,clench,21,-24,-8,-8,-17,-9,-3,7
62.923385,7352,clench,0,-33,4,5,5,3,-5,2
62.923407,7353,clench,-2,-40,-31,-7,0,-19,-15,-18
62.924895,7354,clench,2,-17,-9,1,14,0,12,1
62.924915,7355,clench,-37,20,9,3,-22,3,23,11
62.945886,7356,clench,9,-17,-7,-4,28,5,-73,-17
62.945919,7357,clench,-7,-100,-36,-3,0,-12,-6,-11
62.947335,7358,clench,-7,51,15,4,-9,-12,-34,-2
62.947370,7359,clench,9,5,-4,-24,6,36,87,26
62.960955,7360,clench,22,-36,4,-5,-23,-2,-65,-52
62.960984,7361,clench,15,-10,-2,-2,4,3,29,22
62.962447,7362,clench,-26,-55,-27,-3,-7,-16,-20,10
62.962485,7363,clench,-43,-13,-7,12,11,-4,-23,8
62.983336,7364,clench,27,-60,-8,1,-7,1,19,4
62.983353,7365,clench,-4,43,-10,-5,8,-5,-33,-8
62.984840,7366,clench,41,74,23,3,1,7,18,-7
62.984859,7367,clench,-22,101,10,1,3,1,-5,2
63.005725,7368,clench,25,34,2,1,-2,10,23,8
63.005750,7369,clench,-44,-3,1,6,-1,-3,7,0
63.007762,7370,clench,10,-75,8,4,8,-7,-7,-21
63.007770,7371,clench,-10,-1,9,-4,-21,-14,-22,-31
63.020789,7372,clench,14,1,14,6,19,19,54,44
63.020807,7373,clench,9,-59,-14,-3,3,9,-18,6
63.022312,7374,clench,-51,58,-26,-8,-8,-10,4,-59
63.022355,7375,clench,15,-25,32,1,-4,0,16,9
63.043649,7376,clench,-3,-17,-18,-2,-3,-6,-6,-21
63.043677,7377,clench,-25,-59,3,-2,9,1,9,-4
63.045438,7378,clench,10,8,-9,1,3,13,19,18
63.045442,7379,clench,20,-36,1,6,0,-5,-11,14
63.065802,7380,clench,-75,-33,5,0,-16,-7,17,19
63.066000,7381,clench,11,-49,-1,-3,7,11,5,-8
63.067638,7382,clench,7,39,15,-1,-11,-9,-36,5
63.067666,7383,clench,-11,32,-14,1,9,1,33,8
63.080450,7384,clench,25,-30,5,-2,-6,-3,-35,1
63.080470,7385,clench,11,61,-37,-5,-4,-12,-6,1
63.087103,7386,clench,-25,53,75,11,-5,-6,-70,5
63.087127,7387,clench,10,-16,-30,-7,7,13,78,-16
63.103437,7388,clench,67,121,41,4,-3,3,25,42
63.103465,7389,clench,-77,39,-3,-4,-12,1,2,-5
63.105886,7390,clench,24,-35,-26,-2,-1,4,19,7
63.105894,7391,clench,22,-57,-21,-6,0,-17,-65,5
63.125706,7392,clench,-2,98,15,2,6,3,12,-4
63.125718,7393,clench,8,-5,1,-3,-2,0,7,2
63.127517,7394,clench,-2,-20,-2,1,1,0,4,3
63.127538,7395,clench,-32,-24,3,5,-2,-12,-57,-5
63.140182,7396,clench,-35,-53,-15,1,21,5,56,4
63.140190,7397,clench,20,-27,-27,-10,-25,-9,-4,16
63.150671,7398,clench,56,-20,12,-1,-4,7,-22,-19
63.150681,7399,clench,-41,-6,2,4,8,-6,-10,-5
63.163514,7400,clench,4,10,-9,1,7,5,16,-3
63.163586,7401,clench,-16,-72,1,5,-2,-2,18,4
63.165534,7402,clench,19,55,-20,-2,17,5,29,35
63.165539,7403,clench,12,21,-7,-8,-9,5,-11,-6
63.187332,7404,clench,-15,-1,-27,-4,-6,-6,-26,-13
63.187343,7405,clench,6,36,39,5,-5,-14,-11,-16
63.187346,7406,clench,-5,-91,-24,0,-5,9,-2,-15
63.187348,7407,clench,12,5,10,-3,-2,4,0,13
63.201064,7408,clench,-24,48,-1,0,-6,-5,-16,-11
63.203179,7409,clench,42,29,23,12,9,5,-8,24
63.207236,7410,clench,-45,0,-3,-1,6,-8,0,-1
63.207261,7411,clench,6,20,-3,-2,-8,7,-3,5
63.223368,7412,clench,29,-69,-25,0,-3,3,17,4
63.223393,7413,clench,7,127,23,1,7,-1,13,-7
63.224881,7414,clench,-15,-33,-1,1,-9,-3,2,20
63.224899,7415,clench,-35,22,-27,-9,18,-9,-15,-39
63.245812,7416,clench,-14,-124,17,5,6,4,0,-6
63.245830,7417,clench,19,68,1,-4,-10,4,-13,3
63.247642,7418,clench,-20,-16,3,-3,-11,-5,21,-10
63.247660,7419,clench,5,-25,10,-3,0,1,-8,-2
63.260532,7420,clench,3,-47,-9,-3,-2,-18,-25,-10
63.260563,7421,clench,3,-18,-7,1,1,-1,19,23
63.267307,7422,clench,-5,21,-3,-3,1,16,-1,15
63.267353,7423,clench,14,10,-8,-2,-5,-8,-34,-18
63.283519,7424,clench,-23,7,18,-1,3,-4,-6,-2
63.283549,7425,clench,10,-8,-9,2,-7,1,1,-7
63.284998,7426,clench,-17,-78,1,-10,-19,-13,-22,9
63.285020,7427,clench,13,34,34,8,4,6,58,52
63.305870,7428,clench,-5,54,2,-2,-2,1,-34,-3
63.305894,7429,clench,9,-33,-16,-6,8,-3,16,-8
63.307267,7430,clench,-4,-70,-29,-7,-4,-5,-4,3
63.307275,7431,clench,24,50,14,8,4,1,-14,-7
63.320145,7432,clench,-43,-13,9,2,-7,-7,9,-7
63.320169,7433,clench,-19,-29,5,-3,-8,1,-2,-2
63.328527,7434,clench,14,32,5,2,15,3,24,3
63.328532,7435,clench,-6,-51,-1,0,5,7,-50,-42
63.345051,7436,clench,2,5,-5,-4,-10,-2,5,5
63.345058,7437,clench,-36,-61,11,-5,-3,-2,-5,-3
63.345061,7438,clench,10,1,-13,5,10,-2,7,4
63.345063,7439,clench,-15,-28,-2,-5,4,2,16,20
63.365818,7440,clench,9,28,14,-3,3,3,12,1
63.365842,7441,clench,21,23,2,-2,-3,1,-12,-13
63.372123,7442,clench,-16,-24,-18,-7,-12,-1,-15,-12
63.372150,7443,clench,30,25,8,4,-4,-11,6,-2
63.380242,7444,clench,-16,24,-16,2,3,1,-20,-19
63.380272,7445,clench,35,83,20,-3,0,7,16,5
63.387013,7446,clench,19,-76,8,4,7,3,-11,6
63.387031,7447,clench,38,79,11,2,-16,-5,37,16
63.403458,7448,clench,-46,-15,-4,-10,6,-2,-36,0
63.405075,7449,clench,-16,-19,-4,-3,-5,-9,-17,-30
63.405088,7450,clench,25,2,-13,-3,-8,5,-4,6
63.405090,7451,clench,-22,-42,-20,-6,7,-1,-5,2
63.426106,7452,clench,13,13,9,-3,-12,-17,-28,7
63.426130,7453,clench,-14,-81,-24,5,18,21,68,9
63.427515,7454,clench,0,74,-2,-5,6,-5,-17,-19
63.427531,7455,clench,-18,-56,-8,-1,-21,-4,12,9
63.440293,7456,clench,15,0,5,0,8,8,6,25
63.440314,7457,clench,-10,-33,0,-4,-3,1,-5,-14
63.447195,7458,clench,-9,54,0,2,2,-2,7,8
63.447230,7459,clench,9,-12,-7,-5,-4,-3,6,-4
63.463462,7460,clench,10,-62,-13,-3,1,2,4,-1
63.463497,7461,clench,21,49,18,4,-4,-12,-32,-11
63.465336,7462,clench,-5,-33,2,1,-1,5,24,0
63.465344,7463,clench,-27,12,-7,-4,-2,-6,-22,-2
63.487680,7464,clench,24,-75,-24,-3,-8,-2,-25,0
63.487686,7465,clench,-27,64,41,8,8,3,23,17
63.487689,7466,clench,14,20,-14,-13,-14,-11,5,30
63.487691,7467,clench,31,40,30,8,5,10,-20,-3
63.499691,7468,clench,-20,8,2,-3,-14,4,7,9
63.499717,7469,clench,9,2,-26,-11,9,9,-1,14
63.508423,7470,clench,13,-19,-6,0,-3,-5,-11,-12
63.508447,7471,clench,20,-38,-6,0,19,1,13,-8
63.523652,7472,clench,1,16,-4,0,0,-6,8,-13
63.523675,7473,clench,-1,14,-8,2,-2,-7,-27,-5
63.525335,7474,clench,-13,20,-1,-3,-9,-6,15,-9
63.525341,7475,clench,3,-32,1,-2,7,5,5,-3
63.545867,7476,clench,2,2,-9,-2,4,6,-5,10
63.545892,7477,clench,-12,70,58,12,-2,-3,-7,9
63.548771,7478,clench,14,-6,-12,-9,-4,0,11,6
63.548779,7479,clench,-22,-61,-4,-6,-8,-5,-12,-11
63.559622,7480,clench,5,57,3,3,3,2,19,-7
63.559647,7481,clench,-6,-72,-22,-2,-10,-15,-47,4
63.570008,7482,clench,23,-3,9,-4,8,8,15,12
63.570017,7483,clench,-12,18,-3,-3,4,9,0,4
63.583326,7484,clench,3,-46,-6,-2,-23,-11,2,-14
63.583352,7485,clench,3,-33,-3,-4,-1,-2,-16,-19
63.585043,7486,clench,-5,108,38,9,11,-1,-10,-14
63.585064,7487,clench,-11,-60,-18,-5,-2,3,18,6
63.605805,7488,clench,-13,57,5,-3,5,1,25,-8
63.605825,7489,clench,-8,-17,-33,-2,1,-4,-14,-6
63.607383,7490,clench,-33,-8,8,2,-14,2,12,1
63.607442,7491,clench,36,0,-3,-3,-2,-10,-11,-2
63.619578,7492,clench,-23,-20,0,9,10,1,-2,-21
63.619607,7493,clench,24,-7,-18,-9,-9,-6,13,8
63.628889,7494,clench,-22,11,8,7,6,1,-1,-13
63.628894,7495,clench,-4,-3,4,8,8,-4,-30,0
63.643311,7496,clench,17,81,39,-4,-25,-2,23,-1
63.643320,7497,clench,15,-1,-12,-8,26,1,12,6
63.644936,7498,clench,-22,-22,-13,-4,-34,-5,8,-16
63.644987,7499,clench,-26,-25,0,0,11,-4,-16,-28
63.666005,7500,clench,16,2,-21,2,1,-8,0,6
63.666069,7501,clench,-7,26,15,6,0,8,31,-4
63.668497,7502,clench,-3,-79,9,-3,8,5,-30,-7
63.668507,7503,clench,6,68,4,0,-10,-1,18,-1
63.679643,7504,clench,-1,2,-5,-5,0,-3,-11,-2
63.679662,7505,clench,11,4,-15,-2,-5,-2,20,-3
63.689123,7506,clench,-18,-9,-9,6,6,-6,-3,-3
63.689128,7507,clench,8,-35,-10,-10,-16,1,-17,-1
63.704123,7508,clench,-2,-7,22,5,20,11,-5,-5
63.704132,7509,clench,-1,-9,-10,-8,-14,-8,-12,7
63.704925,7510,clench,7,-17,-11,-5,6,2,12,-18
63.704932,7511,clench,-21,19,6,2,17,0,-13,15
63.725806,7512,clench,33,-4,-3,-6,-27,-4,8,-4
63.725830,7513,clench,-20,-75,-23,-7,7,2,-11,-13
63.728328,7514,clench,-13,77,19,3,-4,-9,-45,3
63.728334,7515,clench,10,8,4,-1,-9,-9,28,-5
63.739444,7516,clench,-19,-35,-20,1,18,11,1,12
63.739470,7517,clench,52,36,25,8,2,8,-9,-8
63.756144,7518,clench,-19,-14,-10,-5,-3,-3,12,14
63.756206,7519,clench,-9,74,-8,3,5,5,-23,-11
63.763888,7520,clench,-21,-5,-3,-10,-12,-18,12,-27
63.763914,7521,clench,9,-31,4,-1,-5,-2,-24,13
63.766952,7522,clench,13,-29,-9,0,6,3,5,4
63.766967,7523,clench,11,44,-10,0,-12,-11,5,2
63.786122,7524,clench,-30,-83,-9,3,11,12,-1,31
63.786151,7525,clench,-25,63,29,6,3,1,-1,29
63.788557,7526,clench,37,-36,-6,0,9,-3,-3,-19
63.788562,7527,clench,-23,-53,-11,1,-4,2,22,15
63.799467,7528,clench,-46,19,-1,-2,-1,-3,-6,29
63.799489,7529,clench,-7,-85,-26,-7,-17,-12,-34,-15
63.808953,7530,clench,21,108,33,9,8,2,8,15
63.808959,7531,clench,-20,-6,-6,-4,-7,0,-16,10
63.823376,7532,clench,34,5,7,-8,2,7,27,-8
63.823401,7533,clench,-10,-64,-13,-2,-10,-1,-8,-17
63.825313,7534,clench,0,-8,-12,-3,-3,-3,2,2
63.825319,7535,clench,-18,14,4,-4,-12,1,-29,-18
63.845847,7536,clench,6,17,-2,5,5,-6,-1,-1
63.845871,7537,clench,-24,-23,-3,7,4,-8,-4,-7
63.847496,7538,clench,-10,-97,-34,-12,-8,1,17,-39
63.847527,7539,clench,9,106,61,4,5,12,9,13
63.859985,7540,clench,34,-42,-6,4,-1,-3,-27,-3
63.859992,7541,clench,-10,2,-8,-4,2,-1,11,15
63.870391,7542,clench,1,-18,9,2,3,-1,12,19
63.870399,7543,clench,9,-57,-20,-11,-13,0,-2,-28
63.883537,7544,clench,32,25,5,4,4,-6,-7,-1
63.883565,7545,clench,-25,49,9,4,-6,-5,-4,-12
63.885472,7546,clench,3,5,-8,0,18,0,-1,15
63.885478,7547,clench,39,-20,0,2,9,1,-10,-1
63.906729,7548,clench,-59,-54,-8,-4,-3,-2,12,-17
63.906734,7549,clench,36,47,7,-1,-2,0,25,9
63.907336,7550,clench,-67,2,-3,-2,-23,-3,-18,5
63.907343,7551,clench,35,-3,-1,0,11,1,-12,-1
63.928514,7552,clench,8,-8,-10,-6,0,-6,-4,-9
63.928531,7553,clench,-1,-22,0,3,-4,5,-12,-18
63.930827,7554,clench,-8,59,-13,0,9,13,23,14
63.930839,7555,clench,11,30,18,-1,17,-8,-16,-6
63.943351,7556,clench,-40,35,5,1,-18,3,-1,1
63.943370,7557,clench,22,-30,4,-3,3,-2,1,-9
63.944855,7558,clench,22,-11,-1,-3,-11,-10,-20,-20
63.944874,7559,clench,-43,-94,-30,6,-10,-11,15,35
63.965849,7560,clench,-14,-36,-19,-5,15,-1,-9,-6
63.965877,7561,clench,48,35,68,5,3,9,0,-1
63.967806,7562,clench,-11,-1,-7,-4,-4,-5,-19,-9
63.967812,7563,clench,12,-67,-68,-7,-4,-10,4,-4
63.988453,7564,clench,-41,54,57,1,-17,6,18,-10
63.988472,7565,clench,-7,-8,-22,-10,5,6,-8,10
63.989977,7566,clench,21,-15,3,-1,-7,-7,3,-38
63.991353,7567,clench,-13,-1,2,-3,-8,0,10,-12
64.003415,7568,clench,43,6,-13,2,-2,-12,-17,5
64.003437,7569,clench,-22,29,-13,-1,8,-2,1,4
64.004909,7570,clench,2,9,17,3,15,7,6,8
64.004935,7571,clench,-24,-68,-11,-2,-10,0,27,5
64.025814,7572,clench,20,40,13,-3,-4,-5,-65,-8
64.025836,7573,clench,6,12,-3,-4,-14,-4,25,-7
64.027390,7574,clench,8,-55,-20,-3,-1,-3,-16,-19
64.027432,7575,clench,-52,31,17,9,4,-1,9,-12
64.049934,7576,clench,36,8,-9,-3,9,3,15,36
64.049943,7577,clench,-21,-89,-59,-13,-1,-7,-6,-2
64.049945,7578,clench,26,56,49,6,-4,-1,-33,10
64.049947,7579,clench,23,23,33,-2,-7,8,27,11
64.062773,7580,clench,7,1,-23,-6,-5,-2,5,-29
64.062802,7581,clench,-14,47,-10,6,5,-5,-9,11
64.069580,7582,clench,-30,8,-12,0,-10,-4,4,7
64.069793,7583,clench,3,33,12,0,6,5,-15,-7
64.086104,7584,clench,-51,-49,-4,3,-14,-7,5,6
64.086132,7585,clench,14,21,6,2,7,6,39,-6
64.087519,7586,clench,-4,-50,-8,-3,3,0,-24,2
64.089461,7587,clench,17,-1,4,1,-5,5,7,10
64.108440,7588,clench,26,-90,-40,-9,17,1,45,1
64.108463,7589,clench,-10,101,59,9,0,2,-69,0
64.109844,7590,clench,-11,5,-7,-5,-19,-10,19,39
64.109897,7591,clench,13,-82,-7,5,22,12,-23,-16
64.122600,7592,clench,10,70,36,8,-11,-9,8,-4
64.122617,7593,clench,-10,-32,-14,-3,14,12,8,-5
64.129535,7594,clench,30,4,-8,-4,-1,-2,9,-1
64.129569,7595,clench,3,-33,-9,-6,-12,-11,-9,37
64.145800,7596,clench,-41,22,9,1,-1,0,-17,10
64.145823,7597,clench,18,12,-8,-1,-9,-9,-8,-15
64.147557,7598,clench,-6,-32,-5,1,16,6,-29,-6
64.147612,7599,clench,24,73,-1,-6,-19,-8,31,-9
64.168492,7600,clench,-7,4,6,3,10,7,-14,-21
64.168538,7601,clench,-22,-5,5,4,2,0,14,4
64.170800,7602,clench,-4,-19,-29,-4,1,1,20,10
64.170808,7603,clench,-7,116,16,-9,6,-4,-4,-28
64.182974,7604,clench,-1,-11,-4,-1,-8,-2,-32,-5
64.183003,7605,clench,5,-30,-11,-3,2,-2,30,4
64.189446,7606,clench,12,-21,-3,-3,1,7,-14,-16
64.189465,7607,clench,-50,-33,-5,2,-5,-1,9,6
64.206417,7608,clench,40,-5,7,-1,-5,-3,12,0
64.206425,7609,clench,-35,27,-16,-2,2,-8,-23,-11
64.207304,7610,clench,37,18,22,3,-4,1,36,9
64.207326,7611,clench,9,-16,-9,0,2,0,-17,4
64.228310,7612,clench,-19,-21,14,0,9,-1,8,4
64.228336,7613,clench,21,1,4,1,-9,-1,4,7
64.230645,7614,clench,-21,-48,-5,0,16,0,-17,-8
64.230654,7615,clench,-1,74,39,0,-41,-8,-1,-25
64.242670,7616,clench,29,47,-5,0,16,2,-5,9
64.242694,7617,clench,-15,5,-4,-5,-12,-2,-2,2
64.249707,7618,clench,-3,-50,15,4,-10,-3,18,1
64.249734,7619,clench,-13,-20,-17,5,21,-6,-20,-7
64.267451,7620,clench,-43,-28,-7,-2,9,5,-6,6
64.267460,7621,clench,-12,8,-8,3,-2,-2,14,12
64.267463,7622,clench,10,-14,10,-6,-13,3,9,4
64.267465,7623,clench,21,29,2,1,5,-3,-30,-6
64.288246,7624,clench,-26,-16,12,-1,-11,-7,1,-30
64.288269,7625,clench,3,-100,-16,-1,-6,-6,3,2
64.290770,7626,clench,-20,110,9,9,24,-2,-42,2
64.290776,7627,clench,-6,-40,5,-7,-18,12,49,20
64.302697,7628,clench,59,20,3,-4,-5,-1,0,8
64.302719,7629,clench,-7,-95,-13,-4,-6,-4,-18,-10
64.309533,7630,clench,-7,94,-13,1,-1,-15,8,-18
64.309564,7631,clench,-19,-32,32,2,10,13,-4,28
64.325806,7632,clench,14,-36,-19,-3,-6,0,-3,10
64.325829,7633,clench,41,21,9,-2,-2,0,14,2
64.328326,7634,clench,-15,-24,-16,-4,-11,-7,-8,-2
64.328331,7635,clench,-2,7,-19,1,7,-8,-7,-10
64.348632,7636,clench,-21,-31,-11,2,-5,-7,-3,-4
64.348655,7637,clench,14,55,16,2,2,11,17,13
64.349933,7638,clench,-7,-21,10,-1,12,9,26,-7
64.349956,7639,clench,42,30,-4,-5,-16,-7,-48,-12
64.362665,7640,clench,-4,8,-8,1,16,3,13,-1
64.362697,7641,clench,-10,-27,4,2,-12,-10,-25,-17
64.369816,7642,clench,-69,65,34,1,-19,-3,5,5
64.369845,7643,clench,2,-47,-1,-6,15,6,77,2
64.385771,7644,clench,13,-2,-16,-6,-2,3,-40,-7
64.385791,7645,clench,16,13,-2,-6,1,-4,-6,-30
64.387352,7646,clench,-4,-48,-10,-2,1,-6,1,-1
64.387381,7647,clench,-1,-36,-30,-2,-1,-3,-19,-8
64.408289,7648,clench,-15,19,11,5,-4,-2,4,2
64.408304,7649,clench,0,-36,-15,-5,3,-5,0,-2
64.409756,7650,clench,35,-17,10,5,-2,10,4,41
64.409798,7651,clench,-54,47,-8,-5,-2,-1,-8,1
64.422935,7652,clench,7,-28,29,6,5,1,-7,-4
64.422942,7653,clench,0,11,-9,-7,-9,-6,-15,5
64.432589,7654,clench,-6,-7,-7,1,2,0,-1,-16
64.432595,7655,clench,0,-2,8,8,17,2,11,10
64.445977,7656,clench,3,-36,-42,-17,-10,-13,-23,-2
64.446002,7657,clench,-14,91,53,5,-11,8,-10,9
64.448232,7658,clench,15,-19,8,-3,-8,-1,36,-25
64.448238,7659,clench,42,47,-6,-7,7,0,-10,-14
64.468474,7660,clench,20,10,-20,-2,2,-7,-3,6
64.468494,7661,clench,-32,-28,-14,-2,5,-6,15,-7
64.470954,7662,clench,-31,-13,-17,5,5,-5,-18,-17
64.470960,7663,clench,10,-23,9,-3,-7,9,6,9
64.482456,7664,clench,-23,-24,-10,-3,3,-1,19,-1
64.482483,7665,clench,-6,97,17,-5,2,1,-2,-5
64.492146,7666,clench,42,-29,-7,-1,2,2,-20,3
64.492156,7667,clench,-10,-56,-19,0,-3,-11,16,-9
64.505787,7668,clench,25,34,26,6,2,1,-14,-5
64.505810,7669,clench,-15,1,-2,-2,1,-2,-1,-9
64.507512,7670,clench,0,-58,-15,-6,7,-4,-5,11
64.507532,7671,clench,3,-20,4,1,-24,-11,-9,9
64.528278,7672,clench,4,96,-10,-8,-8,-4,-36,-13
64.529364,7673,clench,13,-16,8,5,1,9,2,-4
64.529777,7674,clench,-1,-4,-8,-5,-4,-1,8,23
64.529815,7675,clench,27,-52,-8,4,16,-13,-11,15
64.541821,7676,clench,-51,81,51,0,-21,3,-2,0
64.541838,7677,clench,23,-75,-4,-4,-3,3,8,2
64.551879,7678,clench,-9,-17,-4,-2,2,3,-10,6
64.551909,7679,clench,26,20,-1,-1,-10,3,9,3
64.566453,7680,clench,-2,-37,-19,4,2,-4,5,13
64.566468,7681,clench,0,-4,-7,3,12,-2,-2,-1
64.567466,7682,clench,0,4,22,5,-3,8,31,6
64.567494,7683,clench,-14,21,-11,1,12,3,-26,1
64.588386,7684,clench,22,-56,11,-2,-11,-3,5,-35
64.589965,7685,clench,-12,84,1,0,-16,3,-10,4
64.589971,7686,clench,0,-19,3,2,16,-3,0,-7
64.589973,7687,clench,4,-66,-14,1,-9,-13,-19,-19
64.602162,7688,clench,-3,16,-2,3,28,17,21,7
64.602184,7689,clench,17,-8,-22,-9,-18,-15,-16,5
64.613160,7690,clench,-57,2,-9,-9,-6,10,26,-19
64.613207,7691,clench,20,34,32,1,6,1,-3,-13
64.626045,7692,clench,7,-39,-5,-9,-10,-1,14,-9
64.626069,7693,clench,26,-36,-9,4,6,-8,28,29
64.628511,7694,clench,18,33,-10,1,3,-6,-64,-15
64.628521,7695,clench,-11,-10,-9,-8,-10,4,7,-4
64.648609,7696,clench,-14,-57,-10,5,-1,-4,33,19
64.648636,7697,clench,8,-67,7,3,10,-2,-59,-10
64.649853,7698,clench,2,70,11,-4,-2,-4,28,-32
64.649879,7699,clench,-19,13,0,-3,-21,4,-10,8
64.661958,7700,clench,8,-51,-12,1,26,-2,-6,19
64.662012,7701,clench,-24,-2,-3,1,3,4,6,-8
64.672296,7702,clench,24,9,7,1,0,-3,-2,11
64.672306,7703,clench,-23,-22,-2,4,4,-12,-19,-3
64.685986,7704,clench,38,68,-3,-2,-19,6,3,3
64.686022,7705,clench,-75,-39,3,-3,7,4,-24,-8
64.688156,7706,clench,23,-11,-2,-4,-15,-6,17,1
64.688163,7707,clench,6,38,-4,-4,4,5,33,45
64.708322,7708,clench,0,-15,-7,0,-9,-5,-35,-5
64.708346,7709,clench,-19,-3,-10,3,8,-2,11,4
64.709823,7710,clench,20,-45,-27,-1,-12,-2,-17,-2
64.709840,7711,clench,-62,0,-1,1,-1,4,60,-6
64.721864,7712,clench,25,93,25,-3,4,-3,-46,-17
64.721890,7713,clench,-4,-40,-19,1,-3,0,4,7
64.731844,7714,clench,-10,6,-7,-8,0,-9,-9,10
64.731850,7715,clench,27,32,6,1,7,9,-1,14
64.746083,7716,clench,-55,-2,-9,1,-10,-1,16,1
64.746111,7717,clench,21,6,8,-2,2,0,25,4
64.747865,7718,clench,9,-48,-9,-2,-4,-7,-16,6
64.747871,7719,clench,-15,20,1,0,10,-3,-13,-37
64.768623,7720,clench,22,12,-5,-3,-1,2,5,7
64.768631,7721,clench,-1,18,7,-4,-9,2,-1,-7
64.770018,7722,clench,8,8,0,-1,-1,-7,-29,-14
64.770043,7723,clench,3,7,7,3,3,7,40,10
64.785210,7724,clench,-12,-76,-21,0,1,-6,-10,6
64.785219,7725,clench,16,116,4,4,14,-6,15,-8
64.791895,7726,clench,6,-42,17,-6,-9,12,11,8
64.791904,7727,clench,27,-9,-14,-6,-5,-5,-28,-10
64.805892,7728,clench,-35,-47,7,2,-11,2,13,-8
64.805915,7729,clench,-11,-66,-8,-5,17,0,-7,14
64.807882,7730,clench,14,65,-6,5,1,-6,2,-22
64.807890,7731,clench,-6,-48,-15,-1,2,-6,-9,4
64.828285,7732,clench,16,33,11,-3,-5,15,17,0
64.828309,7733,clench,17,66,2,-5,-10,-6,-7,-16
64.830086,7734,clench,-23,29,-7,-4,-3,1,9,0
64.830179,7735,clench,-13,-83,-1,0,-5,-3,-19,17
64.851023,7736,clench,12,-66,-11,-1,10,-3,21,16
64.851052,7737,clench,25,62,9,0,-3,4,3,-3
64.852633,7738,clench,-2,-80,-1,6,7,-6,-16,8
64.852657,7739,clench,-25,125,32,0,-7,3,-25,18
64.865874,7740,clench,-21,-23,-16,-9,-6,1,10,-27
64.865900,7741,clench,23,-20,1,0,-6,-2,-29,9
64.867484,7742,clench,2,-33,-5,2,0,1,47,20
64.867506,7743,clench,-11,-22,16,4,5,-4,-35,-62
64.888450,7744,clench,3,42,5,-6,-2,-2,8,9
64.888473,7745,clench,-49,-38,1,1,-6,1,-7,-18
64.889856,7746,clench,-1,-19,-2,2,-13,-6,-2,18
64.889876,7747,clench,18,24,3,-1,21,7,-11,-19
64.911206,7748,clench,11,62,12,7,1,-3,3,3
64.911212,7749,clench,-4,12,-7,-1,-4,0,7,-1
64.912381,7750,clench,-59,-7,0,-1,-3,-1,-15,-5
64.912446,7751,clench,44,-73,-30,0,-5,-10,10,9
64.926961,7752,clench,18,56,28,6,4,3,-13,-4
64.926968,7753,clench,14,-46,-4,2,4,1,7,16
64.927328,7754,clench,13,5,-9,-4,0,1,-5,2
64.927341,7755,clench,-10,88,-24,-11,-8,1,13,-12
64.948423,7756,clench,-25,-97,-9,12,-7,-4,-2,0
64.949900,7757,clench,-4,82,19,-5,14,8,5,31
64.950006,7758,clench,22,-6,1,-1,13,13,-3,-4
64.950464,7759,clench,-12,-2,-18,-5,-21,-8,-19,-1
64.970879,7760,clench,7,-63,-14,-2,14,-4,-11,-29
64.970904,7761,clench,-18,-63,-12,-4,-11,-4,25,-5
64.972759,7762,clench,-9,19,4,-1,7,10,14,27
64.972765,7763,clench,-31,-49,3,0,5,-4,-4,13
64.985277,7764,clench,10,30,10,1,-10,-5,-3,-12
64.985300,7765,clench,-15,-56,-6,-6,3,-8,-21,-5
64.991846,7766,clench,5,49,-6,-1,-16,-7,-4,-14
64.991870,7767,clench,-3,-84,1,2,11,9,-1,-10
65.008301,7768,clench,8,62,-2,-7,-6,-3,-2,23
65.008321,7769,clench,-5,-4,5,0,9,1,3,-24
65.009733,7770,clench,-16,46,11,10,-3,-7,-1,-9
65.009769,7771,clench,39,-12,8,-4,-6,0,-12,4
65.031017,7772,clench,-37,-23,-16,0,5,-2,-3,-8
65.031050,7773,clench,31,-23,-9,-1,-25,-2,3,-4
65.032394,7774,clench,-68,-29,-12,-7,23,-3,2,-19
65.032415,7775,clench,0,-2,7,4,-1,-10,-32,-4
65.045205,7776,clench,-11,-10,1,5,19,4,46,27
65.045226,7777,clench,15,82,4,2,-7,6,-2,-19
65.053353,7778,clench,19,-4,7,-4,-13,-3,-6,11
65.053364,7779,clench,-4,9,3,-2,-7,-12,-12,-23
65.068891,7780,clench,-15,5,-6,-2,7,1,29,3
65.068896,7781,clench,15,-25,15,1,2,10,-18,3
65.070029,7782,clench,-9,-41,0,-4,-9,0,6,10
65.070049,7783,clench,5,58,23,-3,-11,3,-4,11
65.090769,7784,clench,-16,13,-17,-1,4,-3,-25,-21
65.090797,7785,clench,10,-50,-6,2,3,-8,-2,-8
65.092960,7786,clench,43,3,-3,-1,-3,2,-15,1
65.092965,7787,clench,-22,2,7,2,11,-2,-1,-2
65.105179,7788,clench,16,-24,-12,-3,-11,0,9,23
65.105202,7789,clench,-45,33,3,-6,-12,-9,5,0
65.112168,7790,clench,31,-10,7,-1,14,-2,-30,-12
65.112286,7791,clench,1,19,-18,-2,-26,-8,16,8
65.128385,7792,clench,18,47,11,1,-1,-1,-15,2
65.128409,7793,clench,-19,-65,-45,1,8,-11,6,7
65.131132,7794,clench,19,35,92,8,-3,19,-3,-63
65.131144,7795,clench,6,-36,-9,-6,-14,-6,8,28
65.151096,7796,clench,0,-19,0,-4,-7,1,-4,2
65.151128,7797,clench,22,-68,-23,-6,-12,-7,1,4
65.152655,7798,clench,-21,1,-26,-4,3,-17,-4,-1
65.152681,7799,clench,9,1,0,6,20,11,19,-9
67.176330,7800,rest,11,0,-4,-3,-1,-1,-2,0
67.176548,7801,rest,-8,-7,1,-1,-4,-1,-1,9
67.179332,7802,rest,-10,22,2,1,14,-2,-1,3
67.179338,7803,rest,-14,-42,-4,-5,-7,0,0,-7
67.190175,7804,rest,10,61,-1,0,6,-1,1,4
67.190196,7805,rest,-15,-6,0,-5,-9,-3,-2,9
67.197010,7806,rest,54,31,4,1,-1,0,-3,-8
67.197035,7807,rest,-83,-33,-1,2,1,0,-1,1
67.213387,7808,rest,8,2,2,0,-2,0,-2,3
67.213420,7809,rest,-10,-4,-1,-2,7,-1,0,12
67.214893,7810,rest,20,-9,-5,-4,-16,0,-1,-1
67.214973,7811,rest,4,-8,1,3,-7,-4,-3,-4
67.235871,7812,rest,7,11,1,-4,-9,-1,-2,5
67.235889,7813,rest,-22,19,-1,2,5,-1,-2,-12
67.237962,7814,rest,-29,-15,1,1,-3,-1,-1,-25
67.237967,7815,rest,45,2,-4,1,-2,-1,-1,0
67.249580,7816,rest,-23,-9,-1,-1,1,-2,-1,-2
67.249682,7817,rest,-21,-3,-1,0,-3,1,0,13
67.258862,7818,rest,0,6,2,0,-5,0,0,0
67.258868,7819,rest,8,12,-1,0,4,-1,-8,-2
67.273349,7820,rest,14,18,1,1,0,-1,-2,-10
67.273373,7821,rest,-4,-18,1,0,-3,-2,1,-5
67.275159,7822,rest,-10,-20,-8,-6,-5,-3,-2,3
67.275169,7823,rest,15,2,0,1,1,-3,2,-9
67.295770,7824,rest,-1,24,1,-1,-3,1,-3,20
67.295796,7825,rest,18,-32,-2,2,21,-1,-2,8
67.297288,7826,rest,-30,-1,1,-4,-32,-2,1,7
67.297306,7827,rest,3,-2,-4,-4,-6,-3,-1,0
67.310416,7828,rest,-4,-13,-1,0,1,-2,0,-7
67.310421,7829,rest,-3,26,0,-1,2,2,0,7
67.319536,7830,rest,7,19,1,1,9,-1,-2,-1
67.319544,7831,rest,24,-44,1,0,11,0,1,-2
67.333349,7832,rest,-26,27,-4,-1,-3,-3,-1,-3
67.333373,7833,rest,-2,-44,-4,-3,-10,-2,-1,5
67.335297,7834,rest,32,37,1,2,8,0,1,2
67.335304,7835,rest,-47,-56,-1,-2,-5,0,-2,0
67.354980,7836,rest,2,-8,1,-1,5,0,-1,-2
67.355002,7837,rest,28,25,1,2,-3,-2,0,4
67.365464,7838,rest,-44,-20,-3,-1,-1,0,-2,-5
67.365472,7839,rest,32,27,1,-3,-1,0,-2,4
67.369506,7840,rest,-27,-19,-2,1,4,0,1,-26
67.369533,7841,rest,-6,17,1,2,2,-1,-3,-5
67.379712,7842,rest,4,3,1,1,1,-1,0,1
67.379728,7843,rest,12,-24,-2,-2,-1,2,-4,50
67.393237,7844,rest,9,-4,0,-1,-1,-1,-3,7
67.393255,7845,rest,-2,20,-1,-1,-3,0,0,1
67.395533,7846,rest,7,8,1,0,3,1,0,7
67.395538,7847,rest,-23,6,-3,0,-2,-2,1,-28
67.416077,7848,rest,21,10,2,-2,-4,-1,0,2
67.416108,7849,rest,-8,-53,-4,-1,-4,-2,-5,4
67.418411,7850,rest,-3,10,-1,-1,1,-2,1,-2
67.418428,7851,rest,-13,-47,-4,0,16,-2,-3,19
67.429552,7852,rest,29,-7,-3,-3,-15,-2,0,5
67.429570,7853,rest,-77,14,-2,0,-8,-3,-2,-9
67.438844,7854,rest,6,-3,-2,-4,-4,-1,-1,-3
67.438849,7855,rest,17,19,1,2,4,-1,1,-10
67.453181,7856,rest,4,17,-3,-4,2,0,1,1
67.453197,7857,rest,47,2,-2,-3,-3,-2,0,1
67.454852,7858,rest,-22,-24,-4,1,8,1,1,-1
67.454907,7859,rest,-3,25,1,0,-8,-1,-2,-7
67.475719,7860,rest,-4,-12,0,1,2,-2,-1,3
67.475743,7861,rest,11,36,1,-4,-7,-1,0,-3
67.477257,7862,rest,2,-66,-7,-5,2,-2,0,2
67.477273,7863,rest,20,-4,-2,-2,-7,-1,0,-5
67.489477,7864,rest,-12,3,-1,-1,1,0,0,6
67.489509,7865,rest,-20,-15,-1,0,4,0,-2,-2
67.498324,7866,rest,25,31,3,0,-4,-2,-2,-2
67.498368,7867,rest,18,5,-5,1,-5,-1,-2,-6
67.513936,7868,rest,-36,-11,-2,0,1,0,-2,-3
67.513944,7869,rest,1,10,0,0,-1,0,-1,-4
67.514811,7870,rest,15,7,2,0,-2,-1,-6,46
67.514838,7871,rest,-19,17,-4,-1,-6,-2,1,-5
67.536152,7872,rest,0,-15,0,3,0,-1,1,-1
67.536174,7873,rest,-15,11,-1,-2,1,-1,0,-6
67.538281,7874,rest,-11,-39,-2,-2,-10,-1,-1,-16
67.538286,7875,rest,6,29,2,-2,-2,-2,0,-3
67.549521,7876,rest,9,-5,0,-2,-7,0,-1,11
67.549633,7877,rest,-3,-6,1,-4,-1,-1,-1,-1
67.558954,7878,rest,5,12,-2,2,-1,1,1,33
67.558959,7879,rest,7,24,-2,-3,-5,0,1,-1
67.573427,7880,rest,-2,-48,-3,0,2,-3,-7,-11
67.575501,7881,rest,4,7,1,-1,-3,-1,-3,-14
67.575508,7882,rest,4,19,2,0,5,-2,-1,-9
67.575510,7883,rest,-11,-14,0,-2,13,2,1,-4
67.595834,7884,rest,3,9,1,0,-27,-1,1,3
67.595858,7885,rest,-2,40,-3,0,0,-2,-2,1
67.597456,7886,rest,-10,-18,-1,-1,2,-2,-3,-14
67.597473,7887,rest,-25,5,-2,-1,0,-2,-4,-8
67.609718,7888,rest,3,-5,0,-3,5,-2,1,-8
67.609750,7889,rest,6,-11,2,0,1,1,1,8
67.619498,7890,rest,-1,13,0,-2,-2,-2,1,-15
67.619515,7891,rest,6,-7,-1,-3,-7,-2,-1,2
67.633449,7892,rest,3,35,2,2,7,0,-1,-1
67.633479,7893,rest,14,-10,-1,-4,-3,-2,2,0
67.635109,7894,rest,-6,-46,-4,-2,-6,-1,-2,-7
67.635128,7895,rest,-8,6,-1,-4,-3,-2,0,-5
67.655834,7896,rest,-14,0,-1,3,3,-1,-5,-7
67.655859,7897,rest,0,28,0,0,4,-1,1,5
67.657347,7898,rest,0,11,0,-2,-5,-3,-2,-59
67.657466,7899,rest,12,-11,-1,-2,-4,1,-1,12
67.678160,7900,rest,-5,4,1,0,0,-1,1,-3
67.678213,7901,rest,-2,-10,0,1,-3,0,-1,0
67.679704,7902,rest,31,-12,-4,-1,5,-1,-2,-5
67.679721,7903,rest,12,5,-1,2,-3,-1,-1,1
67.693143,7904,rest,-27,-8,-4,-5,4,-2,-3,-3
67.693161,7905,rest,10,-25,0,0,1,-1,-2,1
67.694685,7906,rest,0,19,0,-1,0,-1,-1,1
67.694730,7907,rest,-5,3,1,0,0,-1,1,-38
67.715682,7908,rest,17,-10,1,0,9,1,-3,10
67.715700,7909,rest,-16,11,-2,-4,-37,-3,0,-1
67.717458,7910,rest,-4,27,1,-2,-5,-2,-3,1
67.717489,7911,rest,12,-61,0,2,1,-1,0,-3
67.738192,7912,rest,-21,-21,-5,0,1,-1,0,-11
67.738212,7913,rest,-4,-18,-3,-5,10,-1,1,5
67.739723,7914,rest,14,41,0,8,16,2,1,5
67.739791,7915,rest,-8,0,3,2,-9,1,0,9
67.752688,7916,rest,9,11,-1,-4,1,-1,0,7
67.752712,7917,rest,8,3,-1,2,6,-1,-3,4
67.760514,7918,rest,1,-8,1,-3,-5,-2,-2,8
67.760520,7919,rest,5,6,-5,-3,2,-2,-1,8
67.776562,7920,rest,-12,8,-2,-1,-4,-3,0,-55
67.776568,7921,rest,-3,-5,0,1,4,-1,-2,-4
67.777290,7922,rest,-12,-42,-1,-1,-3,-3,-2,-2
67.777308,7923,rest,21,28,-1,0,1,-1,1,11
67.798629,7924,rest,8,7,-1,-3,-3,-3,-2,2
67.798666,7925,rest,-11,-20,-2,0,1,0,1,-1
67.800355,7926,rest,-9,23,2,-1,0,0,1,4
67.800367,7927,rest,2,-9,0,-2,1,-1,-2,-2
67.813299,7928,rest,23,0,1,-2,-2,-1,-1,14
67.813326,7929,rest,-25,-9,-3,-1,3,0,0,-2
67.814853,7930,rest,-4,-24,-3,-3,2,0,-2,8
67.814864,7931,rest,-12,16,0,1,-3,-1,1,2
67.835807,7932,rest,11,-17,1,2,-5,-1,1,10
67.835828,7933,rest,22,28,-2,0,0,0,-3,8
67.837786,7934,rest,-2,25,2,0,-3,0,1,-2
67.837804,7935,rest,39,-4,0,-4,7,-2,-5,-9
67.858536,7936,rest,-32,-1,-4,4,7,0,3,9
67.858605,7937,rest,-24,-7,-1,0,1,1,2,-8
67.860640,7938,rest,-8,10,-1,-1,1,0,-1,1
67.860646,7939,rest,-2,-27,-1,-2,-3,-2,-3,-6
67.872501,7940,rest,10,29,1,-2,-3,-2,0,9
67.872518,7941,rest,16,12,1,-1,1,-2,-1,3
67.879610,7942,rest,-19,-19,-3,-5,-7,-3,0,-9
67.879645,7943,rest,-10,23,1,4,5,1,-1,2
67.895712,7944,rest,-2,0,0,-3,-3,-1,-2,-2
67.895733,7945,rest,-2,-30,-3,1,20,-1,-2,-1
67.897476,7946,rest,40,25,-3,-6,-11,-2,-1,5
67.897491,7947,rest,-29,3,-1,-3,-4,-1,-1,1
67.918932,7948,rest,-31,-18,-2,-3,-2,-2,-1,3
67.918941,7949,rest,8,4,3,0,5,-2,-3,-7
67.920314,7950,rest,9,8,3,0,5,1,2,3
67.920355,7951,rest,-16,-22,-7,-3,-3,1,-1,65
67.934436,7952,rest,-8,-56,-6,-4,-2,0,-3,-7
67.934445,7953,rest,-10,4,-2,-4,-9,0,0,0
67.939349,7954,rest,-2,-14,-4,2,-3,-2,-2,-5
67.939377,7955,rest,4,14,-1,0,12,0,-1,-14
67.955664,7956,rest,14,16,3,-2,0,-1,-1,3
67.957563,7957,rest,11,-3,-1,-4,-8,-1,0,6
67.957569,7958,rest,-4,-6,-1,1,1,0,0,-1
67.957571,7959,rest,-18,26,4,-5,-3,-2,0,-24
67.978511,7960,rest,29,-37,-6,-1,-1,2,0,34
67.978570,7961,rest,3,0,0,0,-3,0,0,-10
67.980485,7962,rest,-41,8,2,2,1,-1,-1,-6
67.980497,7963,rest,2,-1,4,2,-4,-1,-2,15
67.992772,7964,rest,15,29,0,-1,-3,-2,-2,-9
67.992795,7965,rest,5,5,-1,-2,-8,-1,-1,-1
67.999399,7966,rest,12,-9,0,-1,1,-1,-1,11
67.999425,7967,rest,15,-7,-1,0,-7,0,2,-7
68.015350,7968,rest,-41,3,0,1,6,-1,-4,-9
68.015373,7969,rest,-11,-17,-4,0,-1,1,-1,6
68.017739,7970,rest,-8,-14,-1,-4,-3,1,1,-7
68.017751,7971,rest,-5,-8,-2,0,18,0,1,-9
68.037599,7972,rest,30,16,3,0,-21,1,1,-3
68.037618,7973,rest,-12,-13,-3,-2,-3,-2,-2,-12
68.038999,7974,rest,16,44,0,-3,-1,-2,-4,2
68.039004,7975,rest,-14,-32,-6,0,-10,0,0,-1
68.052050,7976,rest,19,12,-1,1,-1,-1,-4,-2
68.052072,7977,rest,-7,17,4,3,5,-2,-3,2
68.059307,7978,rest,20,14,0,-3,-3,0,1,-3
68.059326,7979,rest,8,-33,-2,-1,-9,-1,-1,-4
68.075001,7980,rest,-18,7,-4,1,8,-2,-1,-59
68.075025,7981,rest,18,2,-1,-5,-8,-2,1,6
68.075950,7982,rest,-11,-16,2,2,2,-1,-4,-7
68.075954,7983,rest,0,21,-6,-4,-5,0,0,-26
68.097859,7984,rest,-16,-9,-1,-3,3,-2,-1,14
68.097877,7985,rest,-6,-16,-2,0,3,1,-3,-3
68.099976,7986,rest,13,-6,-2,0,2,-2,-2,28
68.099985,7987,rest,-1,12,-3,-4,-5,-4,-2,-15
68.111838,7988,rest,-27,-13,-5,-3,-2,-1,7,6
68.111865,7989,rest,-2,2,1,2,-1,-2,-2,2
68.119509,7990,rest,-4,11,0,0,-3,-1,2,6
68.119529,7991,rest,-2,-10,-2,-1,-3,-1,-1,5
68.135209,7992,rest,15,-7,1,-2,-1,-1,0,10
68.135275,7993,rest,36,29,1,0,-3,-3,-1,0
68.137429,7994,rest,-41,-15,-4,1,1,-1,-3,-18
68.137438,7995,rest,2,-31,-1,-4,-8,-1,0,5
68.157554,7996,rest,0,48,5,7,38,1,0,3
68.157570,7997,rest,-59,-54,-7,-5,-16,-2,-2,-10
68.158221,7998,rest,44,25,-1,0,0,-1,-4,-4
68.158277,7999,rest,-8,22,-1,-3,2,-2,-1,5
68.172012,8000,rest,10,9,1,-3,-2,-1,-3,9
68.172069,8001,rest,12,13,1,-1,3,-1,0,1
68.179602,8002,rest,-22,-20,0,-3,2,-2,2,-2
68.179636,8003,rest,-3,-5,-4,1,0,-2,-2,-2
68.197335,8004,rest,0,-16,0,0,-9,-1,-4,-1
68.197342,8005,rest,11,3,-2,0,2,-1,1,-6
68.197731,8006,rest,-23,4,-3,-2,-7,0,-1,-4
68.197803,8007,rest,-7,5,1,-1,2,-1,3,-53
68.218227,8008,rest,-15,-51,-5,-5,-9,-1,-1,2
68.218242,8009,rest,23,-8,0,0,1,2,2,42
68.218426,8010,rest,-44,-3,-5,-1,4,-1,-4,1
68.218438,8011,rest,48,34,2,1,-2,-1,-1,-17
68.235101,8012,rest,-57,-5,-4,-4,-4,-4,-2,1
68.235118,8013,rest,-9,-3,-2,-5,0,-1,-1,-14
68.239442,8014,rest,0,-25,-1,2,0,1,-2,3
68.239467,8015,rest,7,13,0,0,0,1,-2,17
68.254947,8016,rest,-7,38,3,0,-14,1,5,-2
68.254964,8017,rest,31,-18,-2,-3,0,-4,-6,-1
68.256204,8018,rest,-16,-65,-4,-3,-1,-2,0,-8
68.256213,8019,rest,-18,4,1,0,1,-2,-3,7
68.277414,8020,rest,22,9,-1,-1,-6,0,-2,5
68.277438,8021,rest,-1,27,1,-1,3,-2,0,-7
68.278849,8022,rest,20,17,0,-4,-1,-2,1,2
68.278855,8023,rest,-9,-17,-2,6,24,0,-2,6
68.291744,8024,rest,5,-8,0,-3,-15,-2,-2,-8
68.291762,8025,rest,-1,13,0,1,-3,-2,-1,-3
68.299712,8026,rest,-25,-3,0,0,-4,-1,0,-1
68.299933,8027,rest,18,-15,1,-1,4,-2,-3,10
68.315220,8028,rest,-19,-1,-2,-2,5,-2,-3,-5
68.315257,8029,rest,21,-4,-1,0,-2,-1,-2,-11
68.317782,8030,rest,-45,-8,-2,-2,-2,0,2,2
68.317793,8031,rest,3,20,-1,-1,-10,0,0,4
68.337692,8032,rest,-18,1,-1,-3,2,-2,-3,0
68.337716,8033,rest,-22,-16,-3,4,0,-1,2,-17
68.338700,8034,rest,25,38,4,2,2,-1,-5,-11
68.338705,8035,rest,-6,-42,-2,-5,-5,-2,-3,2
68.351884,8036,rest,20,-19,0,-3,-4,0,0,8
68.351906,8037,rest,-10,16,-2,-3,19,1,0,-5
68.367787,8038,rest,29,2,0,3,2,0,-5,21
68.367825,8039,rest,-10,14,2,-2,-6,0,2,3
68.375032,8040,rest,-3,-15,-9,-3,2,-3,-7,-17
68.375051,8041,rest,-2,5,-2,-3,-5,-2,-3,-3
68.376646,8042,rest,-11,-13,0,1,-3,-2,0,-44
68.376652,8043,rest,5,-4,-1,2,1,-2,-3,12
68.397801,8044,rest,22,38,0,-1,3,-1,0,2
68.397836,8045,rest,10,-71,0,4,13,2,0,4
68.399905,8046,rest,17,23,-4,-3,-27,-2,-1,-2
68.399912,8047,rest,-1,5,3,-1,-7,-1,0,-1
68.411929,8048,rest,-10,-2,-2,3,4,-1,0,-7
68.411949,8049,rest,14,20,-1,-5,-3,0,2,0
68.419446,8050,rest,12,0,1,5,11,2,-4,-1
68.419467,8051,rest,3,-6,-3,-2,-2,-2,-3,0
68.435181,8052,rest,-9,8,0,1,-2,-2,0,9
68.435212,8053,rest,15,2,2,-1,-10,-2,1,4
68.437338,8054,rest,9,-7,-3,-5,-8,1,2,7
68.437348,8055,rest,-22,43,-1,-1,-6,-2,0,-1
68.457651,8056,rest,33,-68,-1,1,1,-1,-2,-2
68.457789,8057,rest,-12,35,1,-1,-2,0,-6,52
68.458303,8058,rest,9,-38,-3,-3,-3,-2,1,3
68.458328,8059,rest,6,19,2,1,4,0,-1,-3
68.471892,8060,rest,-20,2,2,-1,0,0,1,-6
68.471912,8061,rest,16,11,-5,-3,-13,-2,2,-17
68.479497,8062,rest,-54,-51,-3,0,7,0,-3,0
68.479517,8063,rest,-11,-17,-2,-2,-2,1,0,5
68.495095,8064,rest,8,2,-1,-1,-1,0,-3,-1
68.495176,8065,rest,17,7,1,1,0,-1,-1,-12
68.496362,8066,rest,-4,2,-3,-8,-3,-5,0,1
68.496366,8067,rest,3,4,-1,8,7,-1,-2,-7
68.517728,8068,rest,-8,-12,0,0,-6,0,0,0
68.517762,8069,rest,-54,7,0,0,2,1,-1,-5
68.518302,8070,rest,23,5,0,-2,1,0,3,32
68.518324,8071,rest,-21,-14,-3,-5,-3,-1,1,2
68.539940,8072,rest,17,44,3,-3,-8,-3,-1,1
68.539962,8073,rest,8,-41,2,4,-6,-1,-1,-9
68.540931,8074,rest,14,-20,-5,-2,3,-3,-1,-10
68.540936,8075,rest,-86,-24,-1,-2,-5,-3,-8,-4
68.555064,8076,rest,25,18,-1,0,8,0,0,5
68.555088,8077,rest,-2,1,-5,-4,-4,-2,0,-7
68.557105,8078,rest,9,30,1,0,-4,-1,-3,-6
68.557110,8079,rest,27,3,-1,-1,4,0,2,6
68.577916,8080,rest,11,1,1,-3,0,-1,0,-2
68.577949,8081,rest,-26,-1,-2,0,-2,0,-1,-3
68.580372,8082,rest,12,12,-1,-1,-4,0,2,-4
68.580380,8083,rest,-44,0,-3,-7,0,-4,0,-60
68.592023,8084,rest,-12,-59,-5,7,5,0,0,10
68.592040,8085,rest,5,22,0,-2,0,1,1,0
68.599512,8086,rest,25,18,2,2,6,0,0,1
68.599544,8087,rest,34,-3,-1,-2,-7,0,-1,-3
68.615353,8088,rest,-24,8,-1,-5,-3,0,-3,24
68.615377,8089,rest,1,-6,-3,-1,3,-2,0,-1
68.617696,8090,rest,-13,-9,0,-3,-9,1,-1,-19
68.617703,8091,rest,23,39,0,3,-5,0,-4,-9
68.637286,8092,rest,18,-64,-3,0,18,0,-1,4
68.638551,8093,rest,-36,6,0,-1,-5,0,-2,4
68.645065,8094,rest,-18,15,0,-1,2,-1,-2,1
68.645090,8095,rest,9,-4,0,-3,-10,0,2,6
68.660010,8096,rest,-2,30,-2,-3,2,1,0,-11
68.660038,8097,rest,2,12,2,0,-3,-1,1,-5
68.660690,8098,rest,1,-21,1,1,2,0,0,-2
68.660709,8099,rest,-16,27,-1,-4,0,-1,-1,13
68.674974,8100,rest,13,-37,-5,0,-5,0,2,-9
68.675034,8101,rest,0,-8,-1,-2,1,0,-7,0
68.675941,8102,rest,-6,-2,-2,-1,0,-2,0,1
68.675946,8103,rest,33,-11,2,-2,-5,-2,-2,13
68.697954,8104,rest,-10,33,1,-2,-8,-1,-1,-5
68.697978,8105,rest,17,0,-5,-3,1,0,4,-2
68.700454,8106,rest,-3,-7,0,-2,-7,0,-2,-5
68.700463,8107,rest,-25,-14,-5,-1,-1,0,0,46
68.720755,8108,rest,3,-6,-2,-5,-8,-2,-2,-9
68.720763,8109,rest,0,20,1,-1,3,-2,-2,-2
68.720765,8110,rest,5,-33,-3,-1,0,-1,2,7
68.720766,8111,rest,22,2,4,3,17,2,1,-1
68.736887,8112,rest,-14,9,-5,-1,-20,1,-3,-17
68.736894,8113,rest,11,-9,-1,1,0,1,2,49
68.736896,8114,rest,-49,5,-2,-6,-1,-1,0,-12
68.736898,8115,rest,-16,6,-4,2,5,-2,-2,-14
68.757460,8116,rest,8,14,3,0,5,-1,-1,0
68.757480,8117,rest,10,-9,0,-2,-4,0,0,-18
68.758208,8118,rest,13,18,0,0,3,0,0,5
68.758225,8119,rest,24,9,0,-1,-5,-1,-2,5
68.780089,8120,rest,-3,-11,-2,-3,1,-1,0,4
68.780116,8121,rest,6,-10,2,0,-1,-2,-8,-7
68.781544,8122,rest,9,4,-2,-1,-5,-2,-1,-5
68.781551,8123,rest,16,-8,0,-1,-9,-3,-1,-4
68.795188,8124,rest,-39,24,1,2,-3,-2,-1,-3
68.795224,8125,rest,-1,8,0,-2,4,1,1,-6
68.797491,8126,rest,-36,-48,-4,1,3,0,-1,-2
68.797496,8127,rest,3,12,1,-1,-3,1,-3,-4
68.817685,8128,rest,10,25,1,-2,-1,-1,-1,1
68.817713,8129,rest,-13,-68,-4,-3,-1,0,2,-1
68.818319,8130,rest,-1,27,1,2,18,0,-1,-1
68.818346,8131,rest,-1,-7,-1,-4,-33,0,1,53
68.839925,8132,rest,2,-28,1,-2,2,-1,1,4
68.839944,8133,rest,1,15,-2,-2,-5,-3,-1,-10
68.841217,8134,rest,25,30,2,1,6,-2,-2,1
68.841223,8135,rest,-8,-38,-2,1,10,0,-1,-19
68.854935,8136,rest,59,29,0,-2,-1,-3,-2,1
68.854952,8137,rest,-71,7,0,-1,-7,-2,-1,2
68.856430,8138,rest,0,-8,-1,-1,-6,-1,1,-7
68.856438,8139,rest,6,6,-4,-5,-6,1,1,4
68.877544,8140,rest,17,23,3,3,4,0,-2,6
68.877568,8141,rest,2,-37,-5,-1,2,0,-1,23
68.879413,8142,rest,8,-15,-2,1,-4,-2,1,-2
68.879418,8143,rest,-34,5,-1,0,1,-1,0,-14
68.900147,8144,rest,23,21,-1,-2,-1,-1,-2,-5
68.900177,8145,rest,30,20,0,-1,0,-3,-1,-9
68.901123,8146,rest,-21,-6,-1,-2,-1,0,-2,1
68.901162,8147,rest,13,-5,-1,-1,2,0,3,2
68.915501,8148,rest,-25,-13,-1,-3,-3,-3,-4,-7
68.915526,8149,rest,20,16,0,0,10,0,0,-10
68.917833,8150,rest,7,9,-2,-2,-36,-2,-1,2
68.917847,8151,rest,-37,-53,-4,-3,0,-2,-1,-53
68.937587,8152,rest,-26,-3,0,3,5,1,-1,19
68.937603,8153,rest,10,22,-1,1,-5,-1,-1,-7
68.938833,8154,rest,-8,7,1,-2,9,0,-1,3
68.938838,8155,rest,-7,2,0,0,3,-2,-2,-8
68.960385,8156,rest,8,-21,-1,-4,-8,1,1,-7
68.960409,8157,rest,-24,14,0,1,2,-1,-2,-7
68.960657,8158,rest,21,41,1,-1,15,-2,-3,8
68.960694,8159,rest,20,-72,-6,0,3,-3,-3,7
68.975059,8160,rest,-35,-6,-2,-3,1,-1,-1,-12
68.975076,8161,rest,23,-6,0,3,0,0,2,24
68.976713,8162,rest,-25,11,-1,-3,-2,-2,-1,-12
68.976720,8163,rest,6,30,1,0,1,-1,-3,18
68.997954,8164,rest,10,-17,-1,0,0,-3,-1,-4
68.997975,8165,rest,-6,-8,0,-2,-6,-3,-2,-20
69.000821,8166,rest,-15,-6,1,0,-1,2,-1,-4
69.000831,8167,rest,24,17,-1,-3,1,0,-1,11
69.021745,8168,rest,-10,9,-1,6,-1,0,2,4
69.021750,8169,rest,1,-4,-1,1,1,-2,-1,-1
69.021752,8170,rest,33,-6,-1,1,3,-2,-1,3
69.021754,8171,rest,-1,3,0,-3,0,-3,0,-9
69.034508,8172,rest,2,-2,0,-2,0,0,0,-1
69.034532,8173,rest,8,19,-4,-3,11,0,-2,-8
69.042984,8174,rest,28,9,2,-2,-32,-2,0,0
69.043008,8175,rest,2,17,-5,-6,3,-1,0,-5
69.057511,8176,rest,-27,-69,1,0,-5,-1,-10,45
69.057528,8177,rest,-16,-1,1,0,0,-2,-2,4
69.058392,8178,rest,4,-20,-2,-1,8,-1,-1,-4
69.058501,8179,rest,-10,21,0,0,-4,0,-1,-3
69.080361,8180,rest,17,19,-1,-3,-4,0,2,-13
69.080395,8181,rest,-9,16,0,-2,-3,-1,-1,-6
69.081907,8182,rest,6,-13,-4,-1,4,0,-1,9
69.081912,8183,rest,-9,6,6,0,-2,-1,-1,-6
69.095022,8184,rest,17,-12,-6,-5,3,-1,0,-12
69.095047,8185,rest,-49,-10,-5,1,-3,0,-2,-6
69.096487,8186,rest,-29,7,1,-5,-1,-1,0,-12
69.096492,8187,rest,-5,-3,0,5,7,0,0,2
69.117649,8188,rest,10,30,4,-2,-4,-1,1,-9
69.117694,8189,rest,17,-41,-2,-2,-5,0,0,-2
69.118411,8190,rest,-2,-6,-2,3,8,0,-2,-24
69.118442,8191,rest,-8,-6,-2,-1,1,-4,-1,-2
69.140134,8192,rest,13,19,0,-1,-1,-2,-1,-2
69.140154,8193,rest,3,18,-1,-3,-8,-1,3,-21
69.141708,8194,rest,12,9,-1,0,12,0,-3,1
69.141719,8195,rest,21,-40,-1,1,-27,-1,0,0
69.155010,8196,rest,-37,33,-1,-1,-1,-2,0,-6
69.156039,8197,rest,-21,-63,-2,-3,1,0,-1,-10
69.156050,8198,rest,5,-1,-3,-2,-4,-2,0,6
69.156131,8199,rest,26,23,0,-1,8,-2,-1,-2
69.178454,8200,rest,-13,2,-3,-3,-3,0,-1,-6
69.178489,8201,rest,5,19,2,4,-5,1,1,7
69.178491,8202,rest,13,-19,1,0,5,-2,-1,10
69.178493,8203,rest,-28,5,-3,0,5,1,-1,5
69.200698,8204,rest,14,-7,-4,-5,-3,-2,0,-23
69.200731,8205,rest,13,7,1,6,6,-1,-6,35
69.202385,8206,rest,-24,-20,0,-1,-4,0,1,3
69.202391,8207,rest,9,16,1,1,6,2,1,-5
69.214615,8208,rest,-17,-12,0,-1,-5,-2,-8,-10
69.214638,8209,rest,16,3,-1,-7,-7,-2,0,-11
69.222577,8210,rest,13,48,0,0,-2,-2,-2,1
69.222600,8211,rest,-12,-41,-3,-3,-3,-1,-2,7
69.237539,8212,rest,20,14,1,1,-5,1,1,6
69.237562,8213,rest,-15,11,1,-2,-5,-1,1,-4
69.238677,8214,rest,-4,0,-3,-1,-5,-2,-1,5
69.238682,8215,rest,10,15,0,-1,0,-1,-1,-6
69.259896,8216,rest,3,-7,1,1,1,1,-1,3
69.259918,8217,rest,0,5,-1,-2,-2,-2,-2,-4
69.260598,8218,rest,-7,11,-1,-3,1,-2,1,-7
69.260621,8219,rest,21,-85,-5,-5,-5,0,-2,0
69.274364,8220,rest,0,-2,-1,4,25,-1,0,6
69.274382,8221,rest,-55,-14,-7,-6,-27,-3,1,-49
69.282803,8222,rest,23,8,2,3,4,-2,-4,24
69.282832,8223,rest,-29,24,-1,-2,1,-2,-1,-3
69.305712,8224,rest,15,11,3,0,-1,-1,2,4
69.305729,8225,rest,17,-7,-2,3,14,1,0,-11
69.306363,8226,rest,4,-8,-4,-3,-7,0,3,-4
69.306380,8227,rest,-32,8,2,2,1,-1,-1,-4
69.321749,8228,rest,5,-4,-2,-5,-6,-1,-1,1
69.321757,8229,rest,9,7,2,2,6,-2,-2,14
69.321759,8230,rest,-4,-11,0,-2,-7,0,1,-2
69.321762,8231,rest,13,-10,-1,-1,2,0,-2,53
69.334530,8232,rest,-11,-10,-1,-2,-5,0,0,-2
69.336533,8233,rest,9,2,0,0,10,1,-2,8
69.342466,8234,rest,1,21,-1,0,7,1,-3,5
69.342489,8235,rest,-13,5,0,-3,-3,0,-6,-26
69.357416,8236,rest,-8,1,-1,0,1,-1,-1,0
69.357434,8237,rest,17,7,-3,-4,-4,-1,0,11
69.358751,8238,rest,-15,-14,-1,0,-1,-2,-3,-14
69.358756,8239,rest,5,3,-2,1,-1,-1,1,-6
69.380233,8240,rest,19,12,-1,-2,-7,-3,-1,-1
69.380260,8241,rest,-12,-36,0,-4,6,-2,-3,0
69.381848,8242,rest,-12,-9,-1,2,-1,-2,0,-4
69.381855,8243,rest,2,13,-3,-2,3,-2,-2,-5
69.394314,8244,rest,11,1,-1,-2,-3,0,-1,3
69.394339,8245,rest,12,18,0,-2,-4,-2,0,3
69.402633,8246,rest,13,5,0,-2,-4,1,0,2
69.402663,8247,rest,-18,34,2,0,3,-1,2,-5
69.417733,8248,rest,-16,-63,-2,0,2,-1,-1,-6
69.417766,8249,rest,15,40,1,-2,-6,0,-2,23
69.418424,8250,rest,13,-4,-2,1,11,0,-2,-2
69.418462,8251,rest,-31,1,-4,-2,-4,1,-2,-5
69.439944,8252,rest,-19,-1,-1,-1,-2,0,0,-2
69.439963,8253,rest,-4,2,2,1,-2,-2,0,-6
69.441029,8254,rest,-14,-11,-1,-3,-14,-1,-1,2
69.441034,8255,rest,17,-10,-3,-3,-4,-3,1,0
69.454501,8256,rest,4,19,1,0,-2,-3,0,9
69.455533,8257,rest,31,-33,-5,-4,-2,0,-2,-6
69.464161,8258,rest,23,26,-3,-1,-7,-2,0,-3
69.464170,8259,rest,-52,-21,-2,-2,-1,1,-1,-1
69.477531,8260,rest,1,38,0,-4,2,0,-1,52
69.479537,8261,rest,13,-45,1,4,1,1,-1,-1
69.479550,8262,rest,3,-34,0,-3,1,-1,-6,-1
69.479555,8263,rest,-1,17,-2,0,-6,0,-2,-7
69.500211,8264,rest,0,-28,-3,-1,2,-1,0,-12
69.500238,8265,rest,-2,29,-1,-2,0,-2,-2,-6
69.501164,8266,rest,-13,15,0,1,0,-2,2,8
69.501205,8267,rest,26,-9,-1,0,-4,-3,-1,-8
69.514485,8268,rest,-20,-7,1,3,3,-1,-1,-13
69.514511,8269,rest,10,12,-3,-1,-2,0,0,3
69.522562,8270,rest,-29,-12,0,-2,22,1,1,-13
69.522585,8271,rest,36,38,3,-1,-10,-2,0,2
69.537465,8272,rest,-13,-52,-4,0,-5,-1,1,-8
69.537488,8273,rest,-2,-16,-2,-2,3,-1,0,-7
69.538430,8274,rest,1,11,2,-1,1,0,1,2
69.538436,8275,rest,26,8,2,0,4,-1,0,0
69.560337,8276,rest,-3,-8,-3,-4,-2,-1,-5,-7
69.560357,8277,rest,5,7,2,1,-2,1,2,0
69.567834,8278,rest,-25,10,-7,-6,-9,-1,-4,-4
69.567861,8279,rest,2,-46,-1,5,5,-1,-2,-1
69.583433,8280,rest,-2,29,0,-2,-10,-1,-1,-22
69.585609,8281,rest,1,-13,-2,1,6,0,1,30
69.585619,8282,rest,0,29,1,0,-5,-2,0,-1
69.585621,8283,rest,-4,-8,-2,-4,-4,-2,-1,-2
69.597847,8284,rest,14,35,2,0,4,0,0,51
69.597880,8285,rest,-2,10,0,1,3,0,-1,-6
69.599695,8286,rest,3,-49,-2,-2,-5,-1,1,2
69.599704,8287,rest,-37,17,-1,-1,1,0,1,5
69.620120,8288,rest,35,-38,-5,0,-1,-1,0,-11
69.620168,8289,rest,-16,16,-5,-5,16,1,-2,-7
69.621977,8290,rest,-11,-11,0,-1,-5,0,5,2
69.621982,8291,rest,16,19,1,0,17,2,-1,-13
69.643137,8292,rest,-11,18,2,3,-18,-2,0,-7
69.643161,8293,rest,-13,-6,-3,-2,-10,-3,-1,-6
69.644169,8294,rest,6,-14,-4,-4,-3,1,-1,-13
69.644174,8295,rest,7,-12,-1,2,6,-2,0,2
69.657399,8296,rest,-12,6,-1,-1,8,-1,0,-8
69.657419,8297,rest,-1,1,0,-2,-8,-3,-1,6
69.658622,8298,rest,-8,17,-1,-2,-3,1,-2,1
69.658666,8299,rest,43,-26,1,-1,-11,-3,-6,24
69.680292,8300,rest,-65,-9,-5,-2,1,0,-1,-8
69.680381,8301,rest,-1,2,-1,0,-5,-1,-1,-12
69.682476,8302,rest,19,29,-2,-1,4,-1,-2,-2
69.682481,8303,rest,-5,-16,-3,-4,-7,1,2,-4
69.703323,8304,rest,29,-18,-2,0,2,-1,-5,-10
69.703344,8305,rest,12,16,2,1,-1,1,-1,1
69.703948,8306,rest,1,-23,-1,1,-5,-2,-1,2
69.703963,8307,rest,24,42,0,-2,5,1,1,-4
69.717803,8308,rest,-58,-58,-3,0,-2,-2,-1,-21
69.717845,8309,rest,-20,2,-2,-2,-7,-2,-1,-8
69.718350,8310,rest,-27,-12,2,0,8,0,-2,7
69.718372,8311,rest,-11,6,-2,2,-32,-2,-1,0
69.739908,8312,rest,-13,19,0,-3,5,0,3,-1
69.739927,8313,rest,6,2,-1,1,-2,-2,-6,-4
69.741326,8314,rest,8,12,1,0,-4,0,0,-12
69.741331,8315,rest,-30,-56,-5,-2,6,-1,-1,-11
69.763859,8316,rest,17,38,3,4,4,-1,-2,0
69.763865,8317,rest,-3,-15,0,-1,-6,-2,2,5
69.763958,8318,rest,25,-3,-2,-1,-1,-4,-1,4
69.763988,8319,rest,-3,25,1,1,4,-1,-6,-5
69.779041,8320,rest,-19,-13,-3,-2,-4,-1,-1,-2
69.779051,8321,rest,-6,-9,-1,0,5,1,1,19
69.779055,8322,rest,15,16,3,1,-1,-3,-2,-2
69.779059,8323,rest,-29,-1,-2,-3,-2,-1,3,0
69.800153,8324,rest,42,30,-1,-3,9,-1,1,-5
69.801974,8325,rest,11,14,0,-2,4,-2,-2,-10
69.801985,8326,rest,-46,-69,-6,7,-3,0,-1,-2
69.801988,8327,rest,14,21,2,1,4,-2,-1,-29
69.823214,8328,rest,-22,9,2,1,1,3,-3,53
69.823261,8329,rest,18,13,1,-3,-4,-1,-2,-5
69.825648,8330,rest,9,10,0,0,2,0,-3,4
69.825655,8331,rest,-4,-8,-2,-1,20,-2,-2,-7
69.837476,8332,rest,31,-18,2,-1,-11,0,-1,-14
69.837495,8333,rest,7,9,0,-2,-2,0,1,-1
69.838932,8334,rest,-7,-14,-3,-1,-2,-1,-3,-7
69.838937,8335,rest,-14,19,0,-3,8,-4,-3,2
69.859990,8336,rest,10,-9,-3,-3,-2,-1,0,-7
69.860007,8337,rest,-11,-15,0,1,-2,-1,0,5
69.860680,8338,rest,18,12,-3,-3,1,0,2,-4
69.860696,8339,rest,15,11,0,-1,-8,0,-5,3
69.883310,8340,rest,4,3,2,0,0,0,-1,0
69.886002,8341,rest,-7,-16,-4,-3,3,-1,-3,-9
69.886009,8342,rest,27,6,1,-4,-3,-1,0,3
69.886011,8343,rest,0,4,-3,0,-6,2,1,32
69.897914,8344,rest,-12,2,-2,-2,-8,-3,-3,-7
69.897949,8345,rest,-32,1,-3,3,2,1,1,-5
69.901000,8346,rest,-9,-10,1,-3,-3,-2,-2,-29
69.901010,8347,rest,40,29,-2,-1,0,1,-1,55
69.920769,8348,rest,11,-49,-2,-1,3,-2,-3,-8
69.920779,8349,rest,14,-2,-1,-3,3,-2,2,5
69.920891,8350,rest,-7,36,1,1,5,-2,-2,0
69.920898,8351,rest,-27,-37,-4,-4,-14,-1,4,-32
69.943319,8352,rest,4,23,1,-2,12,-1,1,-4
69.943337,8353,rest,7,9,-1,-4,-5,0,-1,-2
69.945346,8354,rest,-55,-28,-7,2,4,0,-2,1
69.945356,8355,rest,-3,12,2,-1,-1,-2,1,-12
69.957589,8356,rest,5,-11,-2,-3,-10,-1,0,-16
69.957612,8357,rest,1,-8,0,1,13,-2,-2,-7
69.958282,8358,rest,12,7,-1,-1,-1,1,3,2
69.958308,8359,rest,-7,7,-2,-4,-4,-1,-1,-1
69.980669,8360,rest,5,5,-5,5,-3,-1,2,-3
69.980693,8361,rest,-35,4,2,2,-3,0,-3,-3
69.983368,8362,rest,20,1,4,3,-1,5,1,86
69.983385,8363,rest,-38,-31,-6,-2,-5,-2,-3,-10
70.003671,8364,rest,-24,8,-1,-4,-1,-3,-1,-3
70.003696,8365,rest,29,1,-3,-1,-4,0,-2,4
70.004121,8366,rest,-21,-9,2,-1,1,-2,-2,-20
70.004133,8367,rest,10,25,-1,-1,1,0,0,-7
70.017839,8368,rest,6,-31,-4,-3,10,0,2,11
70.017879,8369,rest,-5,-17,-2,1,-30,1,-9,-8
70.018375,8370,rest,1,23,0,-3,-4,-2,0,-15
70.018445,8371,rest,10,-14,1,1,-1,1,0,-1
70.039860,8372,rest,-59,-2,-1,1,1,1,-2,-13
70.039877,8373,rest,12,-6,0,-3,-2,-1,2,-2
70.040912,8374,rest,22,15,-2,0,-3,-1,-2,-5
70.040916,8375,rest,4,-1,-1,-1,-1,-1,-4,0
70.063129,8376,rest,18,20,0,-1,-6,-3,-2,5
70.063173,8377,rest,-21,-19,1,-4,4,0,2,3
70.063829,8378,rest,1,8,-2,1,0,-2,-2,-5
70.063873,8379,rest,-3,5,3,2,3,1,1,-4
70.078467,8380,rest,9,-11,-1,-1,-4,-1,-5,3
70.078472,8381,rest,-2,2,-1,0,0,-2,2,-4
70.078474,8382,rest,-19,-3,-4,-2,1,0,0,-11
70.078476,8383,rest,-9,23,-1,-5,-3,-3,-3,-2
70.100192,8384,rest,20,7,2,-2,-3,-1,-3,14
70.100216,8385,rest,-10,9,-1,2,11,1,0,1
70.102329,8386,rest,-5,-20,-4,-2,15,-1,-3,-59
70.102337,8387,rest,-2,-9,1,3,-4,1,-1,3
70.125648,8388,rest,38,36,2,0,-2,1,0,-4
70.125655,8389,rest,-5,-43,-3,-2,-3,-2,-7,-3
70.125657,8390,rest,-37,-3,-2,-5,3,-2,-2,0
70.125659,8391,rest,-8,-21,-4,-3,0,-1,-1,-13
70.137553,8392,rest,16,4,0,-4,-2,-3,3,-2
70.137572,8393,rest,-5,25,0,2,2,-2,2,-4
70.139905,8394,rest,33,3,1,0,-5,-1,-2,8
70.139911,8395,rest,-18,-7,0,0,0,-1,-1,3
70.159989,8396,rest,-17,-30,-4,-2,-4,-2,-1,6
70.160007,8397,rest,7,10,-6,-4,-2,-2,-2,-1
70.160645,8398,rest,8,15,2,0,-12,-1,-2,10
70.160698,8399,rest,5,-29,0,-2,1,-1,0,3
72.185811,8400,clench,3,-111,-25,-3,5,7,20,18
72.186235,8401,clench,0,92,29,2,-12,-2,-26,0
72.187896,8402,clench,6,-25,-7,-4,-9,-4,-1,-14
72.187904,8403,clench,3,-19,-3,0,4,-5,4,-2
72.208161,8404,clench,1,89,-6,4,1,-1,-15,13
72.209939,8405,clench,-1,-45,-7,2,3,-4,-12,-17
72.209948,8406,clench,-10,-79,-29,-3,6,-7,29,7
72.209950,8407,clench,2,105,5,-1,-28,13,-21,13
72.221873,8408,clench,9,5,19,-3,-1,13,-17,-13
72.221898,8409,clench,5,6,-3,-3,-5,-6,2,9
72.232279,8410,clench,-12,18,-2,-1,2,-2,-17,-9
72.232286,8411,clench,0,-44,-11,0,5,-7,7,-11
72.244605,8412,clench,-9,-45,-5,1,6,-2,12,4
72.244617,8413,clench,10,17,-3,0,-4,-1,-18,1
72.253823,8414,clench,-5,-8,13,-6,-2,0,3,-23
72.253830,8415,clench,4,15,2,-3,-4,-7,9,24
72.268590,8416,clench,-7,28,-1,-3,-10,-3,-1,-3
72.268614,8417,clench,5,-36,-1,4,9,-6,-13,-10
72.271026,8418,clench,-10,-4,-8,-1,3,-4,-19,4
72.271035,8419,clench,8,-27,-4,-1,-3,-4,42,-1
72.282164,8420,clench,-14,75,26,5,1,-8,-59,-1
72.282196,8421,clench,-25,4,-5,-7,-6,22,50,-2
72.291613,8422,clench,-5,-29,-9,-3,-6,-4,-25,26
72.291620,8423,clench,34,-45,-1,-1,-13,-6,1,-19
72.307019,8424,clench,5,-77,-37,-11,2,-8,11,8
72.307029,8425,clench,-2,-3,-1,11,3,-9,-30,-8
72.307419,8426,clench,-2,46,17,5,0,5,0,-3
72.308013,8427,clench,-8,-15,-15,1,9,-3,-5,-1
72.328255,8428,clench,5,-16,3,-7,0,4,16,1
72.328286,8429,clench,-4,9,-5,-1,-33,-6,-5,-3
72.329779,8430,clench,4,3,1,-2,6,5,-5,-4
72.329822,8431,clench,-13,2,5,1,5,-2,9,-1
72.341937,8432,clench,-1,-3,-5,-1,-9,1,-6,-28
72.341966,8433,clench,11,-26,9,0,7,-1,4,0
72.352739,8434,clench,-1,42,1,1,2,-9,-10,-8
72.352753,8435,clench,-6,-85,-36,-3,-1,-6,10,1
72.365892,8436,clench,4,105,98,12,4,19,20,11
72.368226,8437,clench,12,-58,-23,-13,2,-4,14,-6
72.368239,8438,clench,-11,-31,-3,-2,-6,-5,5,-1
72.368242,8439,clench,-13,-26,-1,-2,15,2,-10,-15
72.388026,8440,clench,0,-40,-35,-1,-8,-12,20,7
72.388049,8441,clench,3,-16,-9,1,3,-3,-15,6
72.389720,8442,clench,9,46,28,3,6,9,29,9
72.389752,8443,clench,-5,17,3,-4,-2,2,-11,3
72.402177,8444,clench,4,-32,-21,-7,-4,-6,-10,-3
72.402271,8445,clench,-5,27,13,4,3,-2,-3,-20
72.411934,8446,clench,-10,-36,-38,-3,-7,-6,-8,-10
72.411944,8447,clench,-2,74,38,2,3,-2,-18,-9
72.428011,8448,clench,9,-19,15,2,-7,6,28,63
72.428042,8449,clench,18,27,-2,-1,10,-1,-8,19
72.428046,8450,clench,19,-10,-3,-5,-13,-1,1,-12
72.428049,8451,clench,-5,-74,-10,-2,6,-3,-18,-17
72.448324,8452,clench,-9,29,-13,-3,-2,-3,17,16
72.448348,8453,clench,1,8,-1,0,2,-7,-23,3
72.450165,8454,clench,5,-6,-2,1,-6,2,-3,4
72.450196,8455,clench,-6,-49,2,0,-7,1,24,2
72.470895,8456,clench,4,-39,-25,-5,4,5,-26,-29
72.471112,8457,clench,-1,60,-6,-6,11,0,49,26
72.473582,8458,clench,-1,25,38,11,-6,8,-41,-3
72.473593,8459,clench,8,20,-3,-5,-11,-6,-26,-3
72.486628,8460,clench,-7,-70,-8,-5,1,-2,21,-13
72.488377,8461,clench,-3,-56,-6,7,10,3,-35,-7
72.488398,8462,clench,-6,22,-9,-6,3,-7,20,1
72.488402,8463,clench,-9,24,6,3,-5,-1,0,-3
72.509726,8464,clench,9,-29,-10,-3,-3,-8,-18,-8
72.509737,8465,clench,-8,27,2,0,-5,-1,9,4
72.509741,8466,clench,0,10,11,1,7,3,18,5
72.509743,8467,clench,3,-2,-4,1,1,-1,-19,-1
72.530883,8468,clench,-25,-80,-34,1,-1,-25,-57,-76
72.530910,8469,clench,3,44,30,-10,-4,34,93,52
72.532163,8470,clench,-2,21,1,-4,-4,-4,-56,-31
72.532181,8471,clench,-3,46,4,-3,1,3,10,-8
72.545742,8472,clench,7,-44,-4,-4,-3,-8,-7,-3
72.545776,8473,clench,-8,-29,-13,0,-3,-12,-18,-19
72.547412,8474,clench,-2,-113,-37,-10,-3,-5,8,6
72.547420,8475,clench,2,89,65,16,9,-6,-17,5
72.568242,8476,clench,5,24,10,6,0,25,49,20
72.568267,8477,clench,6,-16,-16,-3,-10,-11,-50,-15
72.569843,8478,clench,27,-13,8,-1,-3,5,32,17
72.569899,8479,clench,-59,-31,-40,-8,-5,-10,-23,-7
72.590641,8480,clench,-4,25,0,3,0,-1,-4,-4
72.590663,8481,clench,-2,11,12,-7,-3,-4,-1,-8
72.592681,8482,clench,0,0,-16,3,0,-8,-4,-4
72.592686,8483,clench,9,-21,-8,1,14,3,-3,4
72.604989,8484,clench,7,40,10,1,1,7,8,0
72.605013,8485,clench,-10,-87,-10,-3,-4,-3,-2,-5
72.611818,8486,clench,-6,76,10,1,-5,-7,-38,6
72.611845,8487,clench,5,-12,-9,-5,2,-11,9,-4
72.628213,8488,clench,8,6,12,-5,9,19,23,-19
72.628237,8489,clench,16,15,-11,1,-6,-12,-39,42
72.629768,8490,clench,-21,-28,5,-2,9,3,52,9
72.629784,8491,clench,7,-12,10,6,-7,3,-7,-8
72.650805,8492,clench,0,12,-18,-7,-4,-11,-21,8
72.650830,8493,clench,-6,-82,-19,-2,-4,-3,2,-33
72.652304,8494,clench,-3,111,15,6,-11,-3,-24,-5
72.652336,8495,clench,29,3,4,-7,1,10,22,14
72.665243,8496,clench,-7,-15,8,9,-4,-5,5,3
72.665258,8497,clench,-4,73,-24,-1,8,0,-7,-13
72.671656,8498,clench,-9,3,15,1,2,5,13,9
72.671676,8499,clench,12,-25,-21,-10,-14,0,-11,-10
72.688073,8500,clench,1,-25,-37,-4,-3,-23,-25,20
72.688133,8501,clench,-17,-17,76,5,-6,6,26,-27
72.689905,8502,clench,6,-25,-17,-7,11,-1,-29,-15
72.689927,8503,clench,13,22,-5,-2,-6,1,21,8
72.710589,8504,clench,2,-97,-24,-8,-2,-2,1,17
72.710616,8505,clench,-19,41,-18,-2,-5,-12,-10,-1
72.712528,8506,clench,-3,-33,-9,-3,6,-1,11,-46
72.712534,8507,clench,2,-6,15,3,-2,4,-4,0
72.724976,8508,clench,6,14,-1,-3,1,-2,1,7
72.724994,8509,clench,4,1,-7,6,6,-2,-4,0
72.732020,8510,clench,-4,-21,-2,1,0,2,7,-35
72.732050,8511,clench,-19,94,-18,9,5,-32,-64,16
72.748441,8512,clench,11,29,42,-3,-4,51,47,-4
72.748472,8513,clench,5,-9,-7,-8,-7,-1,-12,-18
72.750924,8514,clench,3,-32,3,-3,-7,-3,9,8
72.750930,8515,clench,-8,-60,-34,-8,-2,-4,-5,-10
72.770651,8516,clench,-13,28,2,2,7,-11,-15,-12
72.770678,8517,clench,0,18,15,2,-3,2,-4,8
72.772624,8518,clench,1,-34,-25,2,-1,-2,-8,18
72.772631,8519,clench,-4,-31,-45,-1,5,-7,33,-2
72.785078,8520,clench,12,79,73,5,20,18,-12,7
72.785099,8521,clench,4,-52,-4,-6,-9,-2,6,-5
72.791649,8522,clench,-10,0,3,0,-2,-8,-6,-1
72.791666,8523,clench,-6,-32,-8,-10,-11,6,13,0
72.808202,8524,clench,6,0,-12,2,1,-10,3,-5
72.808227,8525,clench,5,-62,-41,1,11,-13,-28,5
72.809660,8526,clench,-1,91,44,0,-1,-3,39,29
72.809683,8527,clench,12,9,30,-6,3,17,-8,-10
72.830832,8528,clench,-11,-26,-28,-3,-12,-11,-16,5
72.830853,8529,clench,-4,27,18,2,-3,2,-1,-7
72.832276,8530,clench,-15,-40,-21,0,-7,-6,-21,2
72.832281,8531,clench,-3,-14,10,2,0,9,6,0
72.845102,8532,clench,-3,38,5,2,-6,-8,9,3
72.845119,8533,clench,-3,-4,-14,-2,-4,-9,-16,-7
72.852021,8534,clench,-3,-94,-41,-2,8,-5,-34,2
72.852051,8535,clench,17,118,78,-1,-9,17,3,-2
72.868452,8536,clench,-3,-18,-8,-1,-10,-1,10,-8
72.868476,8537,clench,-12,17,5,1,2,3,10,22
72.869833,8538,clench,13,-16,-11,-2,-3,0,-17,15
72.869849,8539,clench,-5,-51,-23,-2,1,-4,13,1
72.890762,8540,clench,-13,-8,-5,2,1,-9,-21,-10
72.890782,8541,clench,5,-8,1,-3,-4,1,-7,7
72.892253,8542,clench,-14,118,-37,2,1,-12,9,-5
72.892262,8543,clench,33,37,30,-5,0,31,4,8
72.904649,8544,clench,-7,-17,-15,-5,17,-4,19,21
72.904677,8545,clench,-3,-18,-3,-1,-11,0,-2,18
72.914354,8546,clench,17,-66,-18,-6,-4,-6,3,4
72.914360,8547,clench,-3,-34,-16,0,5,-11,-2,0
72.930017,8548,clench,-1,22,9,6,5,3,-12,-1
72.930025,8549,clench,9,0,-11,-2,5,-3,11,-3
72.930027,8550,clench,-1,1,22,6,10,13,-10,4
72.930029,8551,clench,-18,-4,-15,-4,-5,-6,10,2
72.950894,8552,clench,-3,-5,10,-1,-14,-5,-8,-14
72.950938,8553,clench,6,6,-7,-4,-9,-6,4,-7
72.952431,8554,clench,-8,8,20,-5,-6,3,2,-38
72.952457,8555,clench,2,-56,-13,7,4,-2,-16,-11
72.964419,8556,clench,-13,15,-13,-6,-8,-8,7,-2
72.964442,8557,clench,4,-44,-1,0,2,2,-12,-5
72.974087,8558,clench,7,89,20,4,3,-2,-3,6
72.974094,8559,clench,8,-44,-40,-9,-10,-2,-2,-14
72.988107,8560,clench,-13,-8,8,0,1,-1,-15,33
72.988161,8561,clench,1,36,21,4,3,0,22,-11
72.989883,8562,clench,6,-82,6,-2,1,13,18,-24
72.989893,8563,clench,-14,92,-7,1,1,-8,-8,3
73.010857,8564,clench,18,1,-2,4,-11,-7,-7,-7
73.010882,8565,clench,-6,21,-1,-3,10,12,-10,-8
73.012081,8566,clench,0,-45,-14,0,-3,-1,8,17
73.012106,8567,clench,-1,-14,8,-3,3,-3,5,10
73.024571,8568,clench,5,37,-8,-9,-4,-2,-6,-27
73.024720,8569,clench,-4,10,1,1,18,-1,-10,1
73.034599,8570,clench,-5,-32,-3,1,-35,-5,-4,3
73.034607,8571,clench,-14,37,16,-1,-3,-2,2,9
73.048293,8572,clench,-17,-11,1,-4,4,1,-9,-4
73.048333,8573,clench,18,28,-6,-3,3,-2,-7,-18
73.049873,8574,clench,-3,-36,17,-2,10,5,7,28
73.049879,8575,clench,-17,-46,-9,1,-12,-14,-27,-23
73.070733,8576,clench,1,21,-1,-1,3,11,29,17
73.070837,8577,clench,2,26,6,-4,-11,0,-14,1
73.072230,8578,clench,8,0,-8,-5,0,-3,-34,23
73.072254,8579,clench,-4,-20,-2,2,-2,7,55,-26
73.084413,8580,clench,12,-60,-8,3,-8,-6,-7,0
73.084436,8581,clench,-13,26,-2,3,5,-4,-4,24
73.095758,8582,clench,-10,47,15,0,0,6,5,2
73.095766,8583,clench,16,-17,-4,-5,3,-3,-13,17
73.108086,8584,clench,3,-42,-32,-2,1,1,3,-8
73.108109,8585,clench,-4,86,39,10,-3,0,12,-7
73.109664,8586,clench,-8,-77,13,-2,-2,-4,10,0
73.109671,8587,clench,0,46,4,0,0,-1,2,-7
73.130881,8588,clench,-6,-43,-26,-5,3,2,18,-5
73.130899,8589,clench,-7,-117,-30,-3,-11,-4,-31,-5
73.132727,8590,clench,8,127,23,2,-2,7,10,-19
73.132734,8591,clench,-18,-73,7,1,-4,-2,8,4
73.144256,8592,clench,8,11,5,-9,-9,-8,1,5
73.144280,8593,clench,-8,-84,-25,9,9,-4,15,-8
73.153691,8594,clench,9,54,3,5,10,2,-21,-3
73.153696,8595,clench,-7,-39,-5,-7,-2,0,24,7
73.168252,8596,clench,27,10,1,3,-4,-3,-16,-9
73.168277,8597,clench,-32,11,1,-7,-10,-1,3,2
73.169651,8598,clench,-26,-37,-5,-2,-1,-7,-11,-23
73.169674,8599,clench,-9,27,0,3,1,-2,-13,10
73.191054,8600,clench,12,16,6,-4,4,6,4,-2
73.191118,8601,clench,19,16,7,-1,-6,-2,-19,14
73.193445,8602,clench,-1,-3,-41,0,7,-6,19,4
73.193452,8603,clench,7,2,39,4,5,9,-1,9
73.204579,8604,clench,-12,-41,6,-2,-6,-4,-31,-20
73.204610,8605,clench,-2,26,-7,-4,-1,-1,-46,21
73.214366,8606,clench,0,-44,-13,-10,-5,-1,38,-5
73.214372,8607,clench,0,-24,-9,6,-1,-3,-9,-8
73.228121,8608,clench,7,24,34,4,-1,0,11,2
73.228127,8609,clench,-6,8,-3,-2,-9,-2,10,-25
73.229489,8610,clench,-7,-53,-18,-4,5,-2,-10,5
73.229506,8611,clench,12,-2,-3,3,2,1,-4,5
73.250920,8612,clench,-8,-9,3,4,1,-9,-40,0
73.250952,8613,clench,-25,50,21,1,-2,-3,46,-14
73.253187,8614,clench,15,-12,-10,-9,4,12,27,25
73.253196,8615,clench,4,0,2,8,3,3,-17,-8
73.264454,8616,clench,19,3,-13,-2,-5,-7,-13,-14
73.264504,8617,clench,-38,-14,-5,1,3,3,6,-6
73.273507,8618,clench,3,-7,6,-1,-6,-1,0,2
73.273514,8619,clench,-6,6,-17,-6,-2,-5,-5,13
73.289890,8620,clench,-7,46,6,2,4,-4,-10,-10
73.289902,8621,clench,21,-80,11,-2,-8,3,14,11
73.289905,8622,clench,-1,31,25,3,3,-1,-27,-15
73.289907,8623,clench,4,-15,-6,-10,12,0,-30,3
73.310886,8624,clench,-11,17,6,3,-4,2,13,11
73.310914,8625,clench,14,8,-12,-6,-1,-4,1,-26
73.312862,8626,clench,-4,-24,5,2,16,-2,0,-1
73.312870,8627,clench,-4,-28,-4,0,-7,-5,-22,-7
73.324442,8628,clench,-12,5,-3,3,9,-1,4,2
73.324483,8629,clench,26,5,-11,-4,-4,5,26,2
73.335604,8630,clench,-4,13,-15,-1,9,1,-11,-8
73.335611,8631,clench,-2,21,-2,-3,-8,-5,12,-8
73.348410,8632,clench,-12,24,-3,3,4,-3,-31,14
73.348441,8633,clench,9,10,-5,-4,3,17,27,3
73.351113,8634,clench,10,-24,1,-2,-12,-6,3,-16
73.351122,8635,clench,2,32,-1,-4,-4,-6,-11,-10
73.370583,8636,clench,-9,-14,-17,-13,-1,4,-8,-3
73.370596,8637,clench,2,-27,17,6,7,-3,2,12
73.372204,8638,clench,5,-18,4,1,-5,1,2,3
73.372229,8639,clench,8,35,-5,0,-5,-1,-1,-2
73.393544,8640,clench,-5,-26,1,2,3,-3,16,-12
73.393572,8641,clench,-1,28,-10,-7,1,-6,-14,-4
73.395952,8642,clench,1,36,14,6,-1,5,20,7
73.395959,8643,clench,-49,-10,4,0,4,-7,-18,6
73.407410,8644,clench,1,-21,-9,-4,-8,-2,11,3
73.407430,8645,clench,-2,18,-7,0,2,-2,-27,-19
73.414599,8646,clench,5,-22,5,3,-6,-6,16,6
73.414624,8647,clench,15,47,1,-5,3,8,6,-4
73.431123,8648,clench,5,-2,17,-2,-5,1,16,-1
73.431160,8649,clench,-15,-12,-6,-3,-8,-2,-8,4
73.433999,8650,clench,-8,-5,-6,1,0,-7,-7,0
73.434008,8651,clench,0,-1,-8,-5,6,-3,25,-49
73.453064,8652,clench,-5,-22,-11,1,6,0,-17,0
73.453091,8653,clench,21,-24,0,-1,4,-4,-15,1
73.454585,8654,clench,-13,18,-11,-5,-5,-1,-24,11
73.454605,8655,clench,4,-23,15,2,-1,-2,8,-7
73.468123,8656,clench,-10,-6,-8,4,1,1,25,-1
73.468148,8657,clench,-2,-7,-33,-8,-6,-5,-35,-7
73.469892,8658,clench,1,12,14,-4,2,8,9,-10
73.469919,8659,clench,4,7,-17,1,-14,-16,-13,19
73.490700,8660,clench,1,-21,30,0,8,18,53,2
73.490721,8661,clench,5,-1,0,1,-13,-6,7,10
73.492181,8662,clench,-14,5,-34,-11,-5,-2,9,4
73.492207,8663,clench,-4,-34,-4,-2,-2,3,-26,10
73.513524,8664,clench,7,-22,-18,-7,-4,-9,-3,13
73.513532,8665,clench,-3,32,13,6,5,0,9,-11
73.514574,8666,clench,3,14,2,1,-2,-6,-35,-10
73.514585,8667,clench,4,-5,8,3,-5,1,19,9
73.528745,8668,clench,-8,-50,-56,-6,1,-16,-67,1
73.528753,8669,clench,16,73,97,7,3,25,50,-8
73.534648,8670,clench,-2,1,7,3,-1,-4,-5,11
73.534677,8671,clench,-12,10,-6,-5,-12,3,0,22
73.550727,8672,clench,6,-8,-6,-4,-10,-7,-6,-8
73.550759,8673,clench,12,-37,-25,0,0,-9,-4,20
73.552619,8674,clench,-11,4,1,2,3,3,3,-8
73.552628,8675,clench,2,-19,8,-2,-3,2,2,-12
73.573381,8676,clench,-6,40,9,5,-4,-5,-4,3
73.573391,8677,clench,-9,-19,-14,2,11,-1,0,-2
73.574490,8678,clench,12,24,7,-5,-8,0,6,-5
73.574514,8679,clench,-6,-13,-16,-6,0,3,-24,13
73.587477,8680,clench,-6,-33,-3,3,11,5,19,-23
73.587503,8681,clench,-9,18,-17,-11,0,-9,-18,-8
73.594323,8682,clench,0,-103,-25,-1,-12,-26,-71,10
73.594351,8683,clench,16,95,45,9,10,32,67,-3
73.610594,8684,clench,-11,4,4,-2,-4,-7,-25,-5
73.610616,8685,clench,-4,-22,-13,0,4,5,0,-17
73.613409,8686,clench,9,-10,-12,-5,2,-5,2,11
73.613414,8687,clench,-5,-30,-26,-1,-1,-15,-10,-1
73.633074,8688,clench,-3,6,-3,0,-13,-3,-3,-23
73.633095,8689,clench,3,0,20,0,7,6,18,17
73.640717,8690,clench,-12,29,6,-2,-2,5,-18,-19
73.640747,8691,clench,9,8,-4,-3,-2,-2,4,29
73.647615,8692,clench,-3,3,0,-3,-3,4,17,-1
73.649845,8693,clench,-12,-15,-15,2,-1,-11,-18,4
73.654357,8694,clench,27,9,4,1,-2,7,35,-10
73.654382,8695,clench,-25,-7,5,3,5,-1,-16,-12
73.670562,8696,clench,-2,13,-7,-10,-11,-5,-7,13
73.670578,8697,clench,5,13,-4,-1,-4,-8,-11,-5
73.672078,8698,clench,10,-28,12,4,0,6,5,-2
73.672119,8699,clench,5,59,-15,-1,13,0,14,-11
73.693239,8700,clench,9,27,27,6,6,3,-10,5
73.693312,8701,clench,-11,-10,4,-5,-4,1,42,9
73.696268,8702,clench,-12,-15,-12,1,-16,-6,-43,-22
73.696275,8703,clench,5,-39,-9,-6,-5,-7,8,-3
73.707493,8704,clench,-6,-1,7,3,27,-1,-1,14
73.707522,8705,clench,-4,33,-12,-1,-23,-1,1,-13
73.714324,8706,clench,-1,-5,17,-1,9,1,17,9
73.714376,8707,clench,-2,-68,-3,-1,-2,1,-16,-5
73.730962,8708,clench,18,61,-1,2,13,4,19,8
73.730992,8709,clench,-6,-64,-20,4,1,-8,-16,-3
73.732493,8710,clench,-15,70,25,-2,1,-4,14,-23
73.732515,8711,clench,11,-35,1,2,-1,-4,-6,-24
73.753163,8712,clench,2,5,-5,-5,-11,0,10,9
73.753192,8713,clench,1,9,-7,0,9,-2,-16,0
73.754715,8714,clench,-6,17,3,-3,-6,0,9,-1
73.754740,8715,clench,10,-19,-5,-2,-1,-5,-6,-2
73.767512,8716,clench,-12,-9,-3,-1,-10,4,14,-5
73.767540,8717,clench,-2,-64,-2,-8,-16,-4,-15,-3
73.774203,8718,clench,-13,28,7,0,6,-6,-3,22
73.774226,8719,clench,13,17,5,8,11,7,20,-16
73.790503,8720,clench,-6,-3,-2,-6,-7,-3,-44,-7
73.790522,8721,clench,15,-15,-3,-4,-1,2,-8,17
73.792184,8722,clench,-20,25,0,2,-1,1,19,-27
73.792188,8723,clench,-6,6,-17,-4,-6,-3,-10,20
73.814524,8724,clench,4,3,10,-1,-7,6,12,-10
73.814535,8725,clench,-4,0,-1,0,4,3,8,-10
73.814763,8726,clench,5,-18,-2,0,3,1,-11,2
73.814773,8727,clench,-6,-61,-22,-2,-5,-11,-14,-1
73.827751,8728,clench,11,77,34,3,-2,-4,15,1
73.827785,8729,clench,2,8,-1,-3,2,-1,-3,2
73.834450,8730,clench,4,10,-9,-1,-4,3,5,11
73.834492,8731,clench,-3,-15,-4,1,-2,-4,-21,-40
73.850881,8732,clench,-5,-40,7,5,-7,-1,8,24
73.850912,8733,clench,-6,-6,2,-1,-1,-6,1,0
73.852394,8734,clench,6,12,-8,0,-7,4,11,-7
73.852422,8735,clench,13,43,12,-12,-5,-2,-13,-4
73.873184,8736,clench,-12,-24,-15,-1,-1,-5,-8,-34
73.873204,8737,clench,4,38,1,3,-3,3,-11,-2
73.874752,8738,clench,-11,-40,-16,1,13,-7,-9,14
73.874761,8739,clench,7,15,11,-7,9,5,15,19
73.886721,8740,clench,16,21,-7,1,1,2,0,-8
73.886741,8741,clench,-21,-48,1,0,-2,-6,-11,-8
73.897481,8742,clench,6,22,-16,-5,-2,2,10,11
73.897488,8743,clench,0,6,1,1,2,-4,-15,11
73.918263,8744,clench,6,-50,11,5,6,2,11,7
73.918283,8745,clench,-7,42,3,-3,-2,1,28,-2
73.919608,8746,clench,7,-7,-1,-2,4,3,-21,-3
73.919623,8747,clench,-9,30,4,3,-5,-3,7,4
73.933137,8748,clench,1,-1,-7,-3,-4,2,9,4
73.933170,8749,clench,-6,-67,-21,4,5,-5,-13,-3
73.935152,8750,clench,8,113,18,-5,-18,-9,24,-2
73.935159,8751,clench,8,3,14,1,-2,14,34,62
73.946929,8752,clench,-9,-32,-11,-4,-6,-6,-7,-5
73.946953,8753,clench,10,-1,2,-4,3,-1,1,-8
73.955694,8754,clench,-2,-51,-11,0,-1,-11,-21,-9
73.955710,8755,clench,-17,-25,-6,4,0,1,-3,-11
73.971860,8756,clench,0,-15,-3,-4,3,5,7,5
73.971870,8757,clench,1,75,-9,0,-5,-6,-9,-4
73.972294,8758,clench,7,-5,-11,-2,5,5,6,0
73.972335,8759,clench,-1,5,10,-1,-1,-2,-21,-2
73.993026,8760,clench,-11,-11,-6,13,-5,-1,-9,-4
73.993052,8761,clench,3,16,7,-2,10,0,-8,-3
73.995556,8762,clench,-7,-37,-13,0,0,2,2,-8
73.995561,8763,clench,0,-9,-2,0,-5,-2,-1,-10
74.006757,8764,clench,1,17,-2,-4,3,-3,27,7
74.006778,8765,clench,-3,-9,0,-5,-5,1,-61,0
74.017886,8766,clench,-6,12,-2,-2,2,-4,0,2
74.017897,8767,clench,-3,-96,1,-6,-6,2,5,-5
74.031023,8768,clench,1,53,1,0,-9,-3,-6,-1
74.031047,8769,clench,2,5,24,0,-2,1,23,4
74.033477,8770,clench,0,-20,-3,-2,3,1,-12,-21
74.033486,8771,clench,2,4,2,4,1,-10,-26,-14
74.053290,8772,clench,-24,-6,-15,-6,2,3,4,-2
74.053312,8773,clench,-2,-59,-5,1,17,0,29,-9
74.054562,8774,clench,3,1,6,3,5,7,-8,5
74.054581,8775,clench,1,-74,-8,-5,-11,-7,2,-25
74.067030,8776,clench,11,114,18,-7,-4,-3,-44,-29
74.067039,8777,clench,-2,23,-12,0,-3,-1,10,1
74.076133,8778,clench,-4,-15,16,3,2,-1,9,11
74.076139,8779,clench,-4,22,-4,4,1,-2,16,1
74.090719,8780,clench,3,-45,-16,-6,1,-3,-23,-11
74.090745,8781,clench,-6,-30,-9,-6,-10,-3,36,1
74.094213,8782,clench,-3,76,6,-7,2,6,-32,-2
74.094225,8783,clench,-1,25,9,5,-8,2,-6,11
74.113511,8784,clench,5,-17,-8,0,6,4,15,8
74.113519,8785,clench,7,14,22,1,-2,0,1,4
74.114574,8786,clench,-2,-42,-10,-5,11,-2,19,6
74.114609,8787,clench,-2,23,-6,3,-7,-4,-24,-8
74.129932,8788,clench,6,7,4,-2,-5,-3,12,2
74.129941,8789,clench,-5,-23,-15,-3,-5,-3,-9,4
74.135766,8790,clench,-15,-33,-4,1,10,5,13,-34
74.135797,8791,clench,3,65,21,-7,-1,-3,-30,0
74.150684,8792,clench,-2,-5,6,2,-2,-2,2,15
74.150848,8793,clench,8,17,4,0,-1,2,-1,10
74.153019,8794,clench,7,-29,-2,1,-1,-8,6,7
74.153027,8795,clench,-16,10,-14,-1,-1,-1,-4,-12
74.174184,8796,clench,-18,-31,-2,-2,-2,-9,3,6
74.174190,8797,clench,-8,29,-50,-4,6,-2,6,-17
74.174667,8798,clench,20,57,63,15,4,11,-18,11
74.174679,8799,clench,-26,7,-3,-16,-14,5,20,17
74.186809,8800,clench,-3,-5,-3,3,16,-1,-2,22
74.186868,8801,clench,-6,-46,-8,-5,-6,1,-12,-2
74.197647,8802,clench,-2,-25,-26,-3,-13,-11,-27,5
74.197661,8803,clench,15,14,-6,1,7,1,36,0
74.210568,8804,clench,-15,-33,3,1,-5,-2,-25,-17
74.210596,8805,clench,-6,22,5,1,3,0,14,8
74.212160,8806,clench,10,-19,-10,-5,-12,0,14,11
74.212169,8807,clench,-4,-62,-11,-6,8,-13,-29,22
74.235194,8808,clench,11,72,17,0,2,12,22,-40
74.235211,8809,clench,6,-1,18,4,-5,-2,-21,-5
74.235214,8810,clench,-4,6,-6,-8,-10,-7,9,4
74.235217,8811,clench,22,-31,-8,4,-2,-2,-2,-4
74.246987,8812,clench,-11,-11,-12,-2,0,-3,-1,2
74.247022,8813,clench,-6,9,12,1,17,6,-6,2
74.256160,8814,clench,-6,-19,-1,1,2,-1,-9,-6
74.256165,8815,clench,-6,0,-9,0,5,-2,19,-10
74.270669,8816,clench,10,39,7,4,-4,-4,5,37
74.270692,8817,clench,-5,-24,-6,-8,-9,-5,-26,-1
74.272487,8818,clench,-10,-54,9,-1,-1,4,2,8
74.272493,8819,clench,-1,77,10,3,0,-4,21,-15
74.300700,8820,clench,-10,-96,2,-8,3,12,-11,-4
74.300729,8821,clench,2,-30,-14,-1,-6,0,23,-1
74.302657,8822,clench,6,49,-6,-3,7,-3,-17,4
74.302910,8823,clench,-6,-16,3,4,2,5,-3,9
74.315762,8824,clench,11,-15,-2,-1,0,-5,-8,-1
74.315785,8825,clench,-2,0,-5,-4,-5,-5,18,1
74.317389,8826,clench,-3,-25,-11,3,-3,0,0,-5
74.317416,8827,clench,-1,18,4,-3,4,1,1,-4
74.330704,8828,clench,-1,-32,-12,-3,-2,-8,-6,-3
74.330733,8829,clench,7,44,14,-2,-3,3,-8,2
74.331992,8830,clench,-2,19,1,-2,-3,-4,8,-6
74.332031,8831,clench,-11,-7,0,2,0,-6,-14,-42
74.353113,8832,clench,4,-12,-10,-1,4,0,27,-3
74.353130,8833,clench,10,40,18,2,-7,10,30,17
74.355409,8834,clench,-4,-51,6,-4,-1,-3,-20,29
74.355417,8835,clench,-11,107,14,5,7,4,11,2
74.376235,8836,clench,26,-63,-14,-4,-10,-5,-2,-22
74.376252,8837,clench,-6,46,3,-1,1,4,-11,-3
74.377047,8838,clench,10,-9,-2,6,15,-4,19,-7
74.377056,8839,clench,0,-39,-8,-7,-19,1,-26,7
74.390570,8840,clench,18,41,1,5,3,-4,-10,6
74.390590,8841,clench,-21,-31,-6,2,-1,-4,-10,-2
74.392238,8842,clench,-1,1,-6,-1,-2,-1,6,-3
74.392268,8843,clench,4,-9,-7,-2,8,0,2,5
74.413307,8844,clench,-11,7,7,0,-4,1,-6,-7
74.413344,8845,clench,5,-94,-12,2,4,-8,-9,-15
74.415316,8846,clench,-20,107,29,3,-6,-17,23,-14
74.415322,8847,clench,10,-31,4,-10,-9,29,6,19
74.437999,8848,clench,0,-18,-11,-11,-18,-5,-17,1
74.438007,8849,clench,-10,35,6,-3,8,-6,-18,-18
74.438009,8850,clench,24,-46,-29,-1,-6,3,10,2
74.438011,8851,clench,-20,9,-6,4,5,-9,-4,7
74.450783,8852,clench,-9,1,6,-2,-1,0,5,-31
74.450810,8853,clench,3,-2,-5,-2,-6,-1,-7,8
74.452726,8854,clench,-15,-5,-9,2,-3,1,-13,-9
74.452732,8855,clench,4,2,7,2,4,-4,7,2
74.473610,8856,clench,-9,25,-7,-8,-9,-2,9,2
74.473646,8857,clench,2,-27,-11,4,2,-10,-19,-10
74.477079,8858,clench,5,75,11,-4,-10,-3,30,-7
74.477086,8859,clench,7,26,22,-3,-3,9,7,3
74.495854,8860,clench,-15,25,-16,1,30,-5,-23,-12
74.495887,8861,clench,11,-49,5,-6,-25,3,13,-2
74.497923,8862,clench,-20,-40,-9,1,-3,0,-19,-2
74.497929,8863,clench,-6,-15,-24,-1,5,-3,5,4
74.509921,8864,clench,-5,1,-10,3,5,-4,4,8
74.509956,8865,clench,3,35,23,2,12,8,-13,5
74.516894,8866,clench,3,-8,-8,3,-4,-2,-1,-11
74.516936,8867,clench,3,-6,9,5,-3,-10,-12,-4
74.533463,8868,clench,-3,-56,5,4,-8,0,-7,9
74.533471,8869,clench,-1,31,7,1,0,-2,-2,-2
74.534837,8870,clench,10,-15,-3,-3,-1,6,4,13
74.534865,8871,clench,-4,-81,-24,-6,2,-10,-19,-9
74.555782,8872,clench,5,66,43,11,3,11,-21,7
74.555815,8873,clench,15,11,-15,-1,-2,1,56,50
74.558541,8874,clench,-30,-14,4,-10,-5,1,-19,-37
74.558547,8875,clench,1,-33,-13,-5,8,-6,-14,27
74.569181,8876,clench,3,3,-5,-1,-3,0,-7,1
74.569203,8877,clench,0,-14,-3,-3,-3,-3,-9,-6
74.579753,8878,clench,1,8,3,3,-5,3,-11,11
74.579762,8879,clench,1,9,-22,2,22,-2,36,-2
74.593561,8880,clench,-4,5,41,-3,-33,-3,-15,-12
74.593587,8881,clench,2,17,6,6,11,2,7,-9
74.596641,8882,clench,0,-8,-15,-6,-4,-5,-2,2
74.596649,8883,clench,-14,1,14,2,-16,-2,-13,-18
74.615712,8884,clench,6,-41,-26,-1,8,0,31,12
74.615739,8885,clench,0,-2,-5,1,-2,-3,-42,-18
74.618866,8886,clench,-2,15,8,-2,6,-1,-22,7
74.618876,8887,clench,-1,-14,-16,0,1,7,27,-1
74.629941,8888,clench,7,23,12,-3,-3,2,4,5
74.629961,8889,clench,-1,3,8,3,1,1,1,-6
74.636750,8890,clench,33,-19,-2,-2,3,-5,-17,-6
74.637820,8891,clench,-49,-14,-7,0,-4,1,1,-5
74.653156,8892,clench,2,-7,-10,5,4,5,4,9
74.653177,8893,clench,-3,-16,-9,-9,-9,1,10,-1
74.655301,8894,clench,-6,-8,-4,6,2,-4,21,-1
74.655307,8895,clench,20,106,41,1,5,-1,-90,-13
74.676140,8896,clench,-4,13,4,-6,-18,9,92,8
74.676147,8897,clench,-5,-10,-4,-3,0,-9,-23,-20
74.677032,8898,clench,4,-8,-6,0,-4,4,17,5
74.677051,8899,clench,6,-33,-11,-2,-9,-6,-9,-11
74.689344,8900,clench,-2,1,-7,1,8,-7,-20,-1
74.689434,8901,clench,-2,29,-1,-4,-14,0,-15,10
74.700998,8902,clench,-20,-30,-9,-5,7,3,-2,-8
74.701006,8903,clench,7,56,-8,1,-3,-2,21,5
74.713500,8904,clench,-12,-6,20,-1,1,-3,-28,-6
74.713524,8905,clench,36,4,-4,2,8,-4,19,-2
74.715461,8906,clench,-28,-16,5,-3,3,-3,-42,-9
74.715466,8907,clench,3,-52,-18,-8,-12,0,38,3
74.735669,8908,clench,-7,105,21,0,-5,-1,13,-2
74.735694,8909,clench,8,0,-12,-4,2,-2,-17,-13
74.737395,8910,clench,10,5,-3,-1,1,-2,-2,19
74.737410,8911,clench,5,3,13,3,-3,-3,12,-6
74.749997,8912,clench,-13,-64,-31,-6,1,-5,-6,-12
74.750029,8913,clench,-5,-40,-1,3,-3,-5,13,2
74.756811,8914,clench,1,55,10,-1,-3,8,18,-1
74.756866,8915,clench,-4,-4,-16,-3,-5,-5,-18,8
74.773186,8916,clench,6,-38,-5,-3,5,-3,1,-31
74.773212,8917,clench,-9,-7,3,-2,3,0,6,7
74.774686,8918,clench,-20,19,-8,-1,-1,0,0,6
74.774710,8919,clench,13,1,18,7,3,-8,5,-16
74.795852,8920,clench,5,-3,-20,-18,9,-3,-44,-4
74.795875,8921,clench,-34,-15,4,0,-15,8,53,16
74.797317,8922,clench,18,67,23,4,3,-3,-20,-2
74.797335,8923,clench,8,1,4,0,-1,1,18,-2
74.809309,8924,clench,1,-13,-8,4,6,-1,-9,7
74.809339,8925,clench,-6,46,0,-3,2,-7,-8,1
74.818345,8926,clench,1,-87,-12,-4,-2,6,-2,1
74.818356,8927,clench,-6,41,6,3,3,-1,23,55
74.834161,8928,clench,16,-11,-11,-1,-12,-8,-42,2
74.834169,8929,clench,-5,-3,-8,-5,-2,1,5,5
74.834693,8930,clench,25,-3,0,5,-6,-2,-8,-8
74.834711,8931,clench,-52,-28,-4,-5,-1,1,-15,-20
74.855669,8932,clench,-8,-24,-5,3,-2,0,15,-6
74.855711,8933,clench,6,-1,5,4,7,1,-18,4
74.857137,8934,clench,22,49,5,-2,-1,-4,-14,-19
74.857158,8935,clench,8,-76,-4,-6,-6,-1,7,-2
74.869375,8936,clench,-36,58,15,3,1,-3,-10,8
74.869398,8937,clench,-12,3,3,1,9,7,27,-16
74.884451,8938,clench,5,-54,-29,-10,-5,-11,-8,6
74.884487,8939,clench,14,3,21,8,-13,5,-19,-10
74.893879,8940,clench,0,13,-5,-1,-3,4,5,-8
74.893903,8941,clench,5,-7,1,2,-4,-4,21,10
74.896340,8942,clench,-13,-31,-5,-4,-8,3,26,7
74.896348,8943,clench,5,30,-4,-2,4,-4,-52,-11
74.915911,8944,clench,4,-27,-7,-1,0,-6,35,32
74.915946,8945,clench,-15,52,-5,0,-8,-1,-17,-9
74.917225,8946,clench,4,4,4,-5,14,-3,7,-2
74.917245,8947,clench,17,2,-12,-2,0,1,4,8
74.929327,8948,clench,32,-1,13,3,1,-1,-1,-18
74.929352,8949,clench,-53,-66,-6,-6,0,0,-26,-4
74.939843,8950,clench,-23,62,17,5,-4,-4,20,13
74.939854,8951,clench,-7,-5,-3,-5,3,-1,-2,-6
74.952978,8952,clench,3,8,-7,-2,-2,-2,-1,-26
74.953014,8953,clench,11,-39,18,5,-3,1,-8,0
74.959171,8954,clench,4,-15,-16,-8,-3,0,-14,-4
74.959188,8955,clench,-2,9,3,5,0,-2,-7,-7
74.975634,8956,clench,-2,-22,18,-1,3,0,-2,5
74.975642,8957,clench,10,-43,-13,-6,3,-6,-3,-7
74.977140,8958,clench,-3,33,3,-1,-15,4,46,17
74.977180,8959,clench,5,-5,3,-4,-3,-4,-7,-1
74.989215,8960,clench,-5,-22,-14,-5,-1,-5,-24,26
74.989249,8961,clench,8,9,13,3,-8,-7,-30,-16
75.000714,8962,clench,8,-52,-9,0,7,0,-7,-12
75.000723,8963,clench,-2,43,-22,-7,3,-2,2,0
75.013134,8964,clench,-14,32,19,7,1,3,31,-10
75.013172,8965,clench,1,-40,-5,2,14,-6,-9,0
75.015007,8966,clench,24,-3,-1,6,-5,3,5,-1
75.015011,8967,clench,-1,2,37,3,7,5,-24,-1
75.036350,8968,clench,-13,-27,-19,-4,-2,-2,11,11
75.036360,8969,clench,9,25,-8,-5,-9,-9,-4,-7
75.037054,8970,clench,12,-4,-4,5,13,0,2,-6
75.037094,8971,clench,18,-18,-17,-6,0,-3,-3,-15
75.049322,8972,clench,-2,-12,0,-6,-1,17,33,2
75.049369,8973,clench,5,38,6,1,-4,0,-2,-2
75.059998,8974,clench,-15,-18,4,-4,-9,-5,3,9
75.060006,8975,clench,-13,-10,-6,1,5,-4,-5,-2
75.073192,8976,clench,-4,-26,-11,-2,-19,-4,-23,-8
75.073213,8977,clench,7,43,-2,-3,5,8,-11,0
75.074889,8978,clench,1,-22,7,3,-3,-3,-4,3
75.074900,8979,clench,-1,5,7,5,-1,1,7,33
75.095754,8980,clench,12,-15,-3,0,3,-8,-5,5
75.095795,8981,clench,-16,75,9,1,-3,4,-3,8
75.097299,8982,clench,-14,14,8,-2,-8,2,-17,5
75.097438,8983,clench,12,-19,-9,-5,4,-4,12,-9
75.109280,8984,clench,-8,-24,3,-1,-8,-6,1,3
75.109298,8985,clench,4,-12,-9,2,14,-2,-11,10
75.120134,8986,clench,-14,6,-12,-5,-4,-5,-5,-20
75.120143,8987,clench,3,-68,2,-3,-9,-1,14,-22
75.133338,8988,clench,4,-7,-21,-1,7,1,-9,8
75.133365,8989,clench,22,38,28,-2,-9,5,1,-43
75.134776,8990,clench,-48,-10,-9,-4,0,-1,13,-12
75.134802,8991,clench,6,1,-10,-4,-1,-3,3,9
75.155645,8992,clench,-2,6,-6,2,4,-3,4,5
75.155772,8993,clench,7,-52,-12,0,6,-2,7,9
75.157987,8994,clench,22,33,-8,1,21,-4,-38,-5
75.157994,8995,clench,-25,-37,9,-7,-29,7,43,1
75.178291,8996,clench,5,71,17,-2,6,-3,-25,-10
75.178297,8997,clench,-14,-11,-32,-3,-6,1,12,0
75.179416,8998,clench,2,-20,22,6,17,8,22,7
75.179449,8999,clench,-6,-1,-9,-1,4,-4,-41,-43
77.203228,9000,rest,-9,-4,-3,-2,-7,-3,-3,-28
77.203615,9001,rest,7,13,0,-4,4,-1,2,-7
77.205118,9002,rest,-18,-26,-1,-2,-6,-1,0,1
77.205128,9003,rest,21,-11,2,1,2,-1,-1,-25
77.217622,9004,rest,36,31,-2,-6,-10,0,4,3
77.217658,9005,rest,-4,2,0,4,2,-1,-4,-3
77.219672,9006,rest,0,14,-3,0,-1,1,-1,-1
77.219680,9007,rest,16,16,1,1,3,0,0,-2
77.239867,9008,rest,-39,-67,-7,-1,-4,-2,0,1
77.239893,9009,rest,37,26,1,-3,-2,-1,-2,13
77.240581,9010,rest,-20,-10,-3,0,-5,-2,-3,-12
77.240602,9011,rest,5,30,7,3,-2,-1,-1,6
77.263278,9012,rest,16,5,-1,0,17,0,-2,6
77.263314,9013,rest,-25,-22,-1,-1,-14,-1,2,-11
77.264603,9014,rest,2,3,1,1,-4,-2,-2,0
77.264613,9015,rest,-10,-19,-2,-5,-5,-1,0,5
77.277527,9016,rest,9,50,3,2,3,0,2,-6
77.277552,9017,rest,-15,-7,0,2,4,-3,-7,-14
77.279367,9018,rest,13,2,0,-2,-1,-1,-2,8
77.279373,9019,rest,-16,3,0,-1,1,-1,-3,3
77.301159,9020,rest,16,0,0,1,-8,-1,-2,14
77.301167,9021,rest,-2,14,-2,-1,4,-1,0,-6
77.301169,9022,rest,3,-19,-2,-5,-8,-1,0,2
77.301171,9023,rest,-26,-8,-2,2,2,-1,-2,29
77.323076,9024,rest,-18,-27,-3,-1,-5,-3,-5,-8
77.323103,9025,rest,3,21,0,-1,1,0,2,2
77.324715,9026,rest,-29,-37,-3,-4,6,-1,-1,4
77.324722,9027,rest,13,-2,-1,-3,-4,0,0,-13
77.337362,9028,rest,8,26,3,0,-4,0,0,-3
77.337385,9029,rest,26,21,-2,0,-5,-1,0,5
77.338075,9030,rest,-29,-37,-9,-5,19,-3,0,-13
77.338089,9031,rest,7,-5,0,2,-8,-1,-5,-23
77.359825,9032,rest,-6,23,2,0,1,-1,-2,1
77.359850,9033,rest,-6,-10,1,0,-2,0,0,1
77.362374,9034,rest,27,32,2,-1,-1,-2,-1,1
77.362381,9035,rest,-12,-13,-4,-2,4,-2,1,-43
77.383337,9036,rest,9,4,-2,-5,-2,0,-1,1
77.383495,9037,rest,3,4,0,2,10,-1,-3,-2
77.384042,9038,rest,-3,-4,-1,-3,-11,-2,-3,-1
77.384059,9039,rest,-21,-19,-2,6,8,-1,-1,6
77.397442,9040,rest,12,-1,0,2,-6,-3,-2,-7
77.397464,9041,rest,-15,-17,-5,-1,3,0,-1,-1
77.397894,9042,rest,-6,12,1,-1,-4,1,0,-51
77.397901,9043,rest,24,37,1,-4,-5,-1,0,16
77.419850,9044,rest,8,-29,-6,-3,-2,-1,0,2
77.419877,9045,rest,-8,-49,-3,-1,-2,-1,0,0
77.422000,9046,rest,-8,13,1,-1,-6,0,0,4
77.422005,9047,rest,-12,-13,0,-4,12,-2,-1,-7
77.442980,9048,rest,-19,24,1,2,-4,-2,-3,0
77.443011,9049,rest,0,28,-3,-3,26,-2,-1,0
77.443662,9050,rest,32,3,-1,1,-14,0,1,3
77.443687,9051,rest,-15,23,3,-1,-1,-1,-1,9
77.458806,9052,rest,1,-65,-3,-1,-6,-1,-2,3
77.458814,9053,rest,-7,5,0,1,-1,-2,1,1
77.458816,9054,rest,17,-3,1,0,5,1,-1,10
77.458818,9055,rest,-22,-2,-6,1,2,2,7,11
77.480195,9056,rest,13,2,1,1,1,0,-3,-7
77.480229,9057,rest,-25,-21,-2,-1,-4,1,0,-2
77.482492,9058,rest,12,25,0,1,-3,-1,-1,7
77.482500,9059,rest,1,-24,-3,-6,-10,-3,-2,4
77.504208,9060,rest,3,39,1,-1,1,-2,0,-9
77.504215,9061,rest,19,-43,-1,-2,-4,-1,-1,2
77.504217,9062,rest,-1,20,-1,-1,-2,-1,-1,8
77.504219,9063,rest,-11,-19,-1,-1,2,-1,-3,4
77.517477,9064,rest,-26,24,-3,-1,2,1,-1,2
77.517500,9065,rest,-5,20,2,0,-8,-1,-5,2
77.519661,9066,rest,15,-25,3,1,18,-1,-5,18
77.519670,9067,rest,-35,1,-4,-1,-1,1,0,4
77.539813,9068,rest,18,1,-1,0,0,1,1,50
77.539843,9069,rest,-47,18,2,0,-6,-1,1,-2
77.540563,9070,rest,-2,-7,-2,1,-5,-2,0,-5
77.540583,9071,rest,39,10,2,-2,-3,0,-1,0
77.563274,9072,rest,31,4,1,-2,15,0,0,34
77.563311,9073,rest,9,19,1,-3,-7,-2,-2,-7
77.565297,9074,rest,-14,-9,0,4,4,0,-1,-1
77.565305,9075,rest,8,-8,-3,-2,-3,-1,1,-4
77.577396,9076,rest,10,1,0,-3,-2,0,1,-25
77.577413,9077,rest,3,-34,-2,2,0,1,0,-2
77.578808,9078,rest,-4,17,-1,-2,-4,0,-2,-2
77.578818,9079,rest,16,-39,1,1,-3,0,-2,-1
77.599771,9080,rest,-28,-30,0,0,-9,-3,-4,-22
77.599800,9081,rest,30,28,-4,-4,7,-1,4,12
77.600684,9082,rest,-25,0,-4,-3,-8,-2,-4,-6
77.600704,9083,rest,-3,-3,-1,-3,-2,-1,-3,3
77.622841,9084,rest,-2,17,-3,-2,10,-3,-2,-8
77.622865,9085,rest,3,16,0,1,-2,0,0,0
77.624713,9086,rest,10,11,-2,-3,5,-1,0,-2
77.624722,9087,rest,-19,-44,2,0,-3,0,1,-1
77.637379,9088,rest,-9,2,-3,-6,-11,-2,3,-5
77.637398,9089,rest,-12,-10,-3,0,-1,0,-1,-6
77.638452,9090,rest,36,-20,-2,-4,-4,1,3,3
77.638458,9091,rest,28,42,6,8,10,-2,-5,4
77.661434,9092,rest,-4,-21,0,1,-4,2,-2,46
77.661443,9093,rest,-5,-11,0,3,17,2,-2,58
77.661445,9094,rest,2,13,-1,-3,-36,-2,-1,1
77.661447,9095,rest,-11,-11,-2,-2,-2,-2,-2,-4
77.683073,9096,rest,13,22,2,0,-4,1,-1,-21
77.684594,9097,rest,-2,8,-1,-2,-2,-1,-1,-21
77.684604,9098,rest,-22,-28,-1,3,8,1,-1,4
77.684652,9099,rest,28,31,-3,-4,-3,0,0,4
77.697817,9100,rest,-33,5,-4,-3,-8,1,5,-14
77.697992,9101,rest,-11,6,1,-2,-16,-3,-2,-10
77.698281,9102,rest,10,-1,-4,3,10,-2,-1,-13
77.700375,9103,rest,-8,26,2,-1,-2,-2,0,-9
77.720059,9104,rest,44,-18,-5,-4,-4,-2,-1,-9
77.722483,9105,rest,-9,-11,-3,-3,0,-2,-2,-12
77.722490,9106,rest,-18,-5,0,1,0,0,0,1
77.722492,9107,rest,-1,3,-3,0,-1,-1,1,0
77.743097,9108,rest,3,21,6,1,-2,-1,-2,1
77.743121,9109,rest,30,20,1,6,-4,1,0,-3
77.743993,9110,rest,-41,-50,-3,-3,1,-4,-5,-4
77.744016,9111,rest,33,6,-3,-3,3,2,-1,50
77.756648,9112,rest,-4,2,4,2,0,-1,-5,27
77.756668,9113,rest,-5,-18,-2,-3,-1,-1,1,27
77.765017,9114,rest,26,47,7,2,20,-1,-3,0
77.765041,9115,rest,-44,-56,-2,-3,-12,-2,2,-38
77.780577,9116,rest,-12,-8,-3,-1,2,-1,-3,-17
77.780613,9117,rest,2,8,2,-2,-12,0,-2,-10
77.780618,9118,rest,-3,18,-4,3,6,1,2,9
77.780623,9119,rest,-7,11,-2,-3,-1,-2,1,-12
77.803038,9120,rest,-4,3,0,0,-1,-2,-5,-16
77.803053,9121,rest,11,-16,1,-2,1,2,0,-13
77.803805,9122,rest,-14,28,1,-4,-2,-2,0,-15
77.803828,9123,rest,1,-4,-1,-1,0,-1,6,-3
77.818537,9124,rest,-16,-33,-3,-5,-6,-3,-1,-6
77.818542,9125,rest,32,5,-2,-1,0,-2,-3,-5
77.824892,9126,rest,3,-14,-4,-3,-6,-1,-3,5
77.824909,9127,rest,-23,10,0,0,-5,0,-2,7
77.839788,9128,rest,21,7,-2,-2,8,-1,-1,-2
77.841305,9129,rest,-8,8,2,0,3,1,1,1
77.841311,9130,rest,2,-32,-3,1,16,1,2,-5
77.841313,9131,rest,13,7,0,-2,-20,-1,-4,-2
77.864712,9132,rest,-3,21,-1,-1,-3,-3,-2,-14
77.864717,9133,rest,-21,-21,-2,1,5,-2,2,-8
77.864718,9134,rest,16,13,1,1,-2,-1,-3,-10
77.864720,9135,rest,-3,11,4,1,4,1,-6,68
77.876624,9136,rest,-14,-15,-6,-2,-2,-3,-1,1
77.878179,9137,rest,-6,11,-2,-3,-3,-1,-2,-7
77.885052,9138,rest,-7,0,0,-1,-6,-1,-1,-3
77.886285,9139,rest,13,21,0,1,11,0,-4,6
77.908238,9140,rest,-2,-6,2,2,-7,1,1,-4
77.908256,9141,rest,-5,8,-2,-5,1,-1,-1,7
77.910110,9142,rest,3,3,-2,5,-5,1,2,0
77.910115,9143,rest,-9,-3,-2,-1,4,-2,-3,-23
77.923067,9144,rest,11,26,0,2,3,1,1,4
77.923091,9145,rest,21,-59,-2,-3,-4,-3,-5,-7
77.925506,9146,rest,-28,19,-2,-5,-8,-3,-3,0
77.925513,9147,rest,16,-27,-5,-7,-7,-2,-2,-59
77.936790,9148,rest,-25,10,1,2,-3,-1,-2,-6
77.936809,9149,rest,10,10,-1,-2,-4,-1,1,-1
77.944985,9150,rest,2,-12,-3,-3,-6,-2,1,-4
77.945003,9151,rest,8,-7,2,2,1,-3,-4,-4
77.959746,9152,rest,-9,9,-1,-4,9,0,1,-2
77.959770,9153,rest,5,40,1,3,-5,-1,-2,-1
77.960517,9154,rest,-6,-28,1,-3,-3,-1,2,-3
77.960540,9155,rest,-14,-6,-2,1,-1,1,4,-5
77.983215,9156,rest,14,-6,-5,-2,7,0,-4,-38
77.983246,9157,rest,-17,4,1,0,2,-2,-3,4
77.985326,9158,rest,24,8,-5,-4,-1,-1,0,-23
77.985331,9159,rest,-49,-14,-1,-1,4,-2,-1,-3
77.996774,9160,rest,-2,-24,-2,-5,-8,-2,0,2
77.996805,9161,rest,-1,11,0,7,5,1,-2,4
78.004953,9162,rest,8,11,1,-1,-7,-1,-2,-15
78.004971,9163,rest,31,-22,0,1,-6,0,0,4
78.021994,9164,rest,-53,-30,-7,-2,2,-1,1,-3
78.022001,9165,rest,-3,1,-3,-4,-4,-3,1,-12
78.022003,9166,rest,6,9,2,-1,-7,0,-2,12
78.022005,9167,rest,5,6,-4,-1,-7,-2,-2,3
78.043095,9168,rest,3,1,4,3,-2,-1,0,13
78.043113,9169,rest,26,-17,0,-4,-3,2,1,1
78.045390,9170,rest,-24,-4,-4,1,-1,-1,-3,14
78.045404,9171,rest,1,-14,-2,0,5,-3,-4,0
78.056652,9172,rest,11,11,2,1,8,0,-1,4
78.056673,9173,rest,-13,-10,-1,1,-23,-2,2,-2
78.065208,9174,rest,19,17,1,-3,3,-1,3,9
78.065234,9175,rest,-16,14,-5,-4,-2,0,-1,-9
78.079971,9176,rest,21,-3,2,0,4,-1,2,12
78.079999,9177,rest,-13,14,-1,0,4,-2,-5,-46
78.082254,9178,rest,-7,-22,1,-2,-3,-2,-4,21
78.082263,9179,rest,0,12,-1,-5,-2,-1,1,-2
78.103035,9180,rest,47,16,3,7,-3,2,0,32
78.103056,9181,rest,-62,-14,-7,-7,2,-3,-5,-4
78.103833,9182,rest,-26,-26,-4,1,-5,0,0,-4
78.103852,9183,rest,2,-11,-1,-2,11,-2,-3,-16
78.125767,9184,rest,15,50,5,1,-6,-1,-1,-5
78.125784,9185,rest,27,-5,-1,-2,-1,0,1,9
78.127589,9186,rest,15,-11,-1,1,5,-1,1,10
78.127595,9187,rest,11,32,2,-1,-4,2,-2,40
78.139932,9188,rest,-18,-1,0,0,-2,-3,-3,-9
78.139956,9189,rest,0,-15,-2,-2,4,-3,0,16
78.142172,9190,rest,-24,-22,0,-1,1,1,0,-11
78.142179,9191,rest,16,11,1,2,-3,0,2,-7
78.165209,9192,rest,18,-22,-5,-5,-7,-2,-3,-12
78.165217,9193,rest,-28,20,-1,-5,-6,0,-1,1
78.165219,9194,rest,6,19,1,2,23,1,-2,2
78.165221,9195,rest,18,22,0,-3,-12,-2,-3,-3
78.185592,9196,rest,-27,-28,-5,-3,1,1,-1,3
78.185615,9197,rest,11,2,0,0,3,-3,-2,4
78.186834,9198,rest,8,14,-2,-2,0,-2,-2,-2
78.186887,9199,rest,-8,-6,-1,-5,-3,2,7,-23
78.199952,9200,rest,4,-15,1,8,16,-1,-1,55
78.200017,9201,rest,6,-19,-3,3,7,0,-2,0
78.201508,9202,rest,-14,25,0,-1,-6,-2,2,0
78.201521,9203,rest,9,9,-2,-1,0,-2,-4,-1
78.224941,9204,rest,-29,5,-5,-7,-5,-4,-2,-22
78.224955,9205,rest,4,-2,0,-1,-3,-1,1,5
78.224957,9206,rest,10,-9,2,-2,-4,1,-2,9
78.224959,9207,rest,1,6,-1,0,-3,-2,0,-3
78.245586,9208,rest,10,32,1,0,-1,2,0,-14
78.245620,9209,rest,-2,-73,-6,-3,-1,-1,-1,9
78.247434,9210,rest,-5,3,0,-3,-7,-1,-1,-14
78.247440,9211,rest,-14,-10,-3,-1,-1,0,0,6
78.259781,9212,rest,-3,-14,-4,-2,-7,-4,-5,-9
78.259808,9213,rest,-1,35,0,-1,3,1,2,-4
78.260568,9214,rest,3,-25,4,1,-3,0,-3,15
78.260594,9215,rest,-29,35,-10,-4,0,-5,-4,-20
78.283315,9216,rest,8,-64,-3,-4,-4,-1,-1,-2
78.283353,9217,rest,0,8,1,-3,-1,-1,-1,-3
78.285761,9218,rest,-2,11,-3,5,-6,-1,2,-5
78.285770,9219,rest,11,9,5,3,8,-1,-2,2
78.305388,9220,rest,0,17,1,-2,-3,1,2,-6
78.305406,9221,rest,5,9,-1,-2,0,-1,-2,-1
78.306147,9222,rest,2,-52,-4,-3,5,0,0,-5
78.306171,9223,rest,-3,-16,1,2,3,0,-7,4
78.319832,9224,rest,0,14,-4,-5,-12,-2,-1,-42
78.319853,9225,rest,9,2,1,3,-2,2,-1,62
78.320523,9226,rest,-3,29,0,-1,2,-3,-3,-2
78.320546,9227,rest,1,-21,-2,-2,0,1,1,6
78.343045,9228,rest,-4,-17,-2,-1,-3,-1,-3,-4
78.343069,9229,rest,0,41,1,0,-2,-2,0,-18
78.346016,9230,rest,-5,-38,-9,-5,-3,-1,-1,-6
78.346025,9231,rest,4,-16,0,1,0,0,2,9
78.365476,9232,rest,-27,8,-2,-1,8,-1,0,0
78.365502,9233,rest,4,18,1,-1,-28,-2,0,-10
78.366443,9234,rest,2,-42,-1,-4,-10,-2,-1,4
78.366478,9235,rest,-8,-8,3,-4,4,-2,1,-3
78.380374,9236,rest,30,12,3,9,-3,0,2,9
78.380383,9237,rest,-2,7,-2,2,9,-1,0,-7
78.380703,9238,rest,-3,40,-2,-1,-1,-2,0,1
78.380721,9239,rest,-4,-45,-2,0,-3,1,-3,31
78.403172,9240,rest,-4,0,0,-3,1,-2,-4,3
78.403201,9241,rest,5,-1,-2,-1,1,0,0,-7
78.404962,9242,rest,5,16,4,0,8,0,5,-12
78.404969,9243,rest,5,9,-6,-4,-1,-4,-2,-9
78.425542,9244,rest,-54,1,-4,-3,-4,0,0,-38
78.425550,9245,rest,3,-19,-1,-1,-7,-2,-4,0
78.426052,9246,rest,-12,23,3,3,5,-1,-7,43
78.426081,9247,rest,12,21,2,0,0,-1,0,-5
78.440942,9248,rest,26,7,-1,-3,-7,-2,-1,0
78.440948,9249,rest,-35,-22,-2,-4,18,-4,-2,-8
78.440951,9250,rest,-1,0,0,-3,-7,-3,-2,-12
78.440952,9251,rest,-2,-4,-1,1,-2,0,-1,-5
78.462991,9252,rest,11,10,1,0,20,1,-2,12
78.463018,9253,rest,3,-1,0,-4,-6,0,0,-9
78.465589,9254,rest,8,5,-1,2,2,0,0,3
78.465598,9255,rest,-16,-19,-3,-3,-3,-2,-1,-1
78.485569,9256,rest,26,9,0,0,4,-1,2,1
78.485592,9257,rest,-3,-21,-4,-3,0,1,-1,-3
78.486894,9258,rest,-8,12,-1,-3,-5,-2,-3,-13
78.486902,9259,rest,10,6,0,1,2,0,-1,0
78.500017,9260,rest,6,-1,2,-1,-7,1,0,10
78.500056,9261,rest,-33,-3,1,1,2,1,0,-2
78.502338,9262,rest,6,-25,-3,-1,-2,-4,-4,-2
78.502346,9263,rest,-10,-8,-2,-1,-3,-1,2,-5
78.522999,9264,rest,20,-2,0,-3,-9,-1,0,11
78.523020,9265,rest,-6,21,-1,0,-4,0,-2,-6
78.523704,9266,rest,15,-6,-2,-2,-2,0,3,3
78.523723,9267,rest,-3,24,0,1,8,-3,-3,-1
78.545548,9268,rest,18,-28,-2,-1,-1,-1,2,-12
78.545573,9269,rest,-5,-1,0,3,2,2,-3,42
78.548433,9270,rest,-5,4,-1,-6,-8,-2,0,-7
78.548438,9271,rest,17,0,-1,5,-1,-1,0,-9
78.568851,9272,rest,-20,-8,0,3,17,-2,-2,-3
78.568862,9273,rest,8,-10,-2,-5,-8,-2,2,-18
78.568864,9274,rest,-10,13,-1,-1,-1,1,0,-20
78.568866,9275,rest,16,10,3,-4,-5,-1,-1,30
78.584459,9276,rest,-50,9,1,2,2,0,-1,3
78.584468,9277,rest,7,-15,2,4,0,-1,-1,-11
78.584470,9278,rest,52,10,-3,-3,2,-1,-3,-3
78.584472,9279,rest,-74,-4,-3,-4,12,0,6,-15
78.605631,9280,rest,15,-41,-4,-2,-10,-1,-3,5
78.605656,9281,rest,-1,-5,-1,-4,-1,-2,3,2
78.606242,9282,rest,-6,13,1,1,10,-1,-1,-1
78.606258,9283,rest,-4,-28,0,3,-31,0,-1,-7
78.619886,9284,rest,9,10,-2,-3,-1,1,-4,22
78.619907,9285,rest,-1,9,-1,0,1,-1,-1,-2
78.620606,9286,rest,-1,-5,-2,-2,2,0,-3,0
78.620626,9287,rest,-2,8,3,-3,7,0,-1,-4
78.643530,9288,rest,-8,46,-1,-4,-10,-2,2,-6
78.643560,9289,rest,25,-62,-3,-1,-4,-1,-3,-5
78.646064,9290,rest,-1,33,-2,0,0,-2,0,7
78.646069,9291,rest,-11,3,-1,-2,-11,1,-1,-1
78.665687,9292,rest,23,-1,0,1,-10,-1,-1,23
78.665706,9293,rest,-15,33,0,-1,10,-2,-3,-7
78.666504,9294,rest,-15,-37,-2,1,-6,0,0,-4
78.666539,9295,rest,23,0,-2,1,0,-1,-4,8
78.679302,9296,rest,21,13,0,-4,0,-4,1,-35
78.679336,9297,rest,-4,14,1,3,-1,1,0,43
78.687267,9298,rest,15,-26,1,1,-6,-2,5,-1
78.687335,9299,rest,10,11,-3,-4,-1,-2,-6,-18
78.703119,9300,rest,1,-1,-1,-4,19,-4,-2,-3
78.703169,9301,rest,19,-34,-5,-1,-10,-1,1,-15
78.704863,9302,rest,-26,8,-2,-2,-6,-1,2,-5
78.704873,9303,rest,26,10,3,2,2,1,1,6
78.725562,9304,rest,-15,-10,0,1,5,-1,-2,-4
78.725584,9305,rest,3,20,-4,-3,4,-2,-2,-1
78.726086,9306,rest,2,3,0,-1,-2,-1,-3,4
78.726130,9307,rest,-10,-8,2,0,-4,-2,2,-5
78.739124,9308,rest,-5,-9,-5,-6,0,-4,-7,1
78.739134,9309,rest,-8,-37,-5,1,4,-3,-1,-15
78.747833,9310,rest,-21,1,-1,0,-3,-2,-3,-3
78.750352,9311,rest,-20,-8,-3,-2,1,1,-1,0
78.763161,9312,rest,9,22,4,2,-11,1,0,1
78.763188,9313,rest,-7,33,0,-1,-3,-2,1,-4
78.764893,9314,rest,-8,-15,-1,-2,4,-1,-1,1
78.764902,9315,rest,11,2,1,-1,1,-1,-4,-1
78.786465,9316,rest,-2,-8,0,2,-6,1,1,4
78.786472,9317,rest,14,5,3,-1,-2,1,0,19
78.786474,9318,rest,-6,75,3,-1,-2,0,-1,-6
78.786476,9319,rest,-11,-94,-8,2,-19,-4,-6,-7
78.799329,9320,rest,-31,-13,-4,-1,-9,0,2,4
78.799374,9321,rest,-14,3,0,1,3,0,-1,-19
78.807259,9322,rest,17,16,1,-1,-7,1,-1,47
78.807283,9323,rest,12,28,0,-2,5,0,1,2
78.823110,9324,rest,0,-10,-3,-3,11,-3,3,-15
78.823131,9325,rest,4,11,2,1,-9,-1,-1,-8
78.824639,9326,rest,-8,-33,-4,-2,3,-1,-1,-11
78.824646,9327,rest,-4,3,-2,-2,4,-2,-2,-3
78.845613,9328,rest,6,-11,-2,-2,-6,-1,-2,4
78.845636,9329,rest,-10,22,-1,0,-1,-1,-2,-12
78.846925,9330,rest,6,8,-1,0,-1,-2,-1,-3
78.846933,9331,rest,-5,-8,-1,-2,4,-2,1,4
78.859132,9332,rest,-1,22,3,0,-7,0,0,-5
78.860544,9333,rest,15,-2,-3,-10,0,-3,-3,-1
78.867378,9334,rest,14,-34,-2,5,-1,1,-2,-11
78.867400,9335,rest,-32,21,-2,0,2,-1,-4,-3
78.883077,9336,rest,-2,-31,-4,0,-2,-1,0,-1
78.883107,9337,rest,-8,6,0,-1,16,0,1,-2
78.883972,9338,rest,6,-38,-1,-1,-16,-2,-1,-1
78.884006,9339,rest,26,33,2,-2,1,0,1,-2
78.913315,9340,rest,-11,6,-1,-3,-5,0,-2,-15
78.913351,9341,rest,6,-12,0,1,5,1,0,35
78.913928,9342,rest,-3,27,-1,-4,-1,-1,0,-7
78.914036,9343,rest,2,-23,0,3,6,0,-1,-2
78.919150,9344,rest,-7,-9,-2,0,-6,-2,-3,-11
78.919168,9345,rest,1,-18,-5,-3,-15,1,4,-14
78.927277,9346,rest,6,24,7,7,3,1,-5,57
78.927300,9347,rest,4,-79,-11,-8,-9,-1,0,11
78.942918,9348,rest,-22,10,-3,-3,1,-1,-2,3
78.942937,9349,rest,10,9,-1,-3,0,-2,-5,1
78.943739,9350,rest,-14,-2,-2,-1,-2,-2,1,-15
78.943760,9351,rest,-3,28,4,0,6,1,0,-5
78.965659,9352,rest,8,13,1,1,-3,0,-1,16
78.968134,9353,rest,7,-46,-3,-1,-5,0,1,-13
78.968143,9354,rest,-9,-5,-2,-5,-5,-1,1,-19
78.968147,9355,rest,20,21,0,3,11,-1,-2,-2
78.979190,9356,rest,3,1,0,-1,1,-1,-1,-6
78.979220,9357,rest,17,26,6,4,6,0,0,1
78.987372,9358,rest,-78,-19,-5,-8,-31,-5,-4,-11
78.987399,9359,rest,-25,-11,-6,-4,-2,1,0,-2
79.003020,9360,rest,2,-5,-3,-2,13,-2,-3,3
79.003037,9361,rest,-7,14,3,2,-5,-2,1,-3
79.003808,9362,rest,48,27,3,1,8,1,1,-2
79.003829,9363,rest,-20,-41,-2,-4,-5,-2,-1,-3
79.025749,9364,rest,-2,3,1,-5,-8,-1,0,0
79.027804,9365,rest,4,-7,-3,3,7,-2,-1,-1
79.027811,9366,rest,-2,11,-1,0,9,-1,2,-26
79.027813,9367,rest,12,40,1,0,-4,-1,-4,-3
79.039110,9368,rest,9,-7,3,1,0,-1,-1,2
79.039127,9369,rest,6,16,0,-5,-7,-1,-1,-32
79.050140,9370,rest,-8,5,-3,-3,-2,-2,-4,-3
79.050153,9371,rest,-5,-52,-2,4,8,0,-1,-4
79.063244,9372,rest,-28,-25,-3,0,-3,-2,-9,-18
79.063276,9373,rest,-17,25,1,-3,4,-4,-1,-15
79.065632,9374,rest,36,-7,3,2,2,-1,-2,-1
79.065639,9375,rest,7,6,0,-3,-7,0,0,4
79.085564,9376,rest,0,11,0,-1,-8,1,1,-1
79.085684,9377,rest,5,-10,-1,1,7,-4,0,9
79.086386,9378,rest,10,-5,-3,0,5,2,-1,0
79.086444,9379,rest,-38,30,0,-3,-5,-3,0,4
79.108017,9380,rest,18,-46,-5,-4,0,-2,-2,-1
79.108075,9381,rest,22,4,1,4,-5,1,-1,2
79.109077,9382,rest,-10,-8,0,0,4,0,-3,10
79.109083,9383,rest,8,10,-2,0,0,0,1,-9
79.123115,9384,rest,-2,22,0,-1,-2,-1,1,10
79.123139,9385,rest,8,13,-2,-4,-5,-1,-2,2
79.125081,9386,rest,8,-25,-3,0,5,-2,-2,-10
79.125086,9387,rest,20,51,4,3,0,2,1,7
79.145370,9388,rest,9,-31,1,1,2,1,1,9
79.145451,9389,rest,-22,-17,-5,0,2,-3,-4,5
79.146190,9390,rest,-39,6,1,-4,-25,-2,2,9
79.146268,9391,rest,31,-2,-2,-2,-2,-3,-2,-5
79.168359,9392,rest,-10,17,-3,0,-10,0,0,3
79.170256,9393,rest,-1,-3,-1,-3,-9,-4,-3,-5
79.170263,9394,rest,-3,-25,-2,-3,10,-1,-1,-15
79.170265,9395,rest,3,22,1,0,-2,-2,-3,-20
79.181743,9396,rest,-16,-8,-3,-5,-11,0,2,11
79.181771,9397,rest,2,15,1,5,3,1,1,30
79.191522,9398,rest,25,-42,-3,-2,3,-2,-8,-7
79.191604,9399,rest,-16,9,-1,-3,3,-2,1,-5
79.205686,9400,rest,23,28,1,0,4,-1,0,6
79.205753,9401,rest,-19,-15,-5,-7,-10,1,1,-6
79.207852,9402,rest,26,7,-3,3,28,-1,2,5
79.207857,9403,rest,-2,0,0,-2,-34,-2,-2,6
79.228228,9404,rest,9,15,2,5,5,-1,-2,-13
79.228254,9405,rest,-9,-20,-1,-3,-1,0,1,-12
79.230368,9406,rest,10,42,-1,2,-3,0,-4,40
79.230375,9407,rest,-15,-15,-1,-5,7,-2,-2,1
79.241732,9408,rest,-7,-13,-2,1,-3,-3,-1,-3
79.241750,9409,rest,-11,-3,0,-1,-3,-2,-3,-12
79.251849,9410,rest,1,19,-2,-4,-3,-1,2,-7
79.251858,9411,rest,-7,8,3,3,8,0,-1,6
79.265601,9412,rest,12,4,4,0,-3,-1,-2,13
79.265628,9413,rest,30,-6,-4,-1,12,0,0,3
79.267772,9414,rest,-55,-39,-1,-4,-38,-2,-2,-15
79.267789,9415,rest,12,11,-1,-1,-2,0,-2,5
79.295612,9416,rest,-2,10,0,-2,-2,-1,0,-42
79.295635,9417,rest,-4,1,1,3,-6,0,0,21
79.297825,9418,rest,-7,11,-3,-2,7,-1,1,6
79.297830,9419,rest,9,-14,-1,1,0,-2,-2,-9
79.301687,9420,rest,-18,20,-3,-2,1,-1,0,-5
79.301709,9421,rest,-1,-35,-2,-2,0,-2,-4,-1
79.311914,9422,rest,2,22,2,-1,-2,0,3,-2
79.311920,9423,rest,5,-28,-3,4,11,-1,-1,4
79.325747,9424,rest,-24,-22,0,-1,4,-2,-3,3
79.325778,9425,rest,-11,26,-1,-1,0,-1,-2,-10
79.328878,9426,rest,-22,-18,2,1,8,1,-3,-10
79.328885,9427,rest,5,9,-2,-1,-3,-2,0,-2
79.347986,9428,rest,-1,-21,-2,1,2,3,1,7
79.348023,9429,rest,13,8,1,-1,-5,-2,-1,-1
79.349664,9430,rest,5,-14,-3,-3,-4,-3,0,-62
79.349684,9431,rest,-6,4,0,0,2,-2,-1,5
79.363469,9432,rest,8,3,-1,-1,5,-2,-2,1
79.363480,9433,rest,2,6,-2,-4,-32,-2,-1,6
79.369163,9434,rest,-7,-23,-4,-2,1,-1,-3,-1
79.369182,9435,rest,-13,11,-1,-1,-3,0,0,-2
79.385592,9436,rest,9,-2,2,1,-4,0,0,3
79.385614,9437,rest,-1,-4,-2,-2,9,0,-1,-20
79.387110,9438,rest,16,9,2,2,2,-3,3,12
79.387154,9439,rest,3,-4,-2,-3,-4,-1,-1,0
79.409484,9440,rest,-4,22,-1,-5,4,-1,0,1
79.409489,9441,rest,-32,-2,4,4,4,2,4,37
79.409528,9442,rest,20,-3,-5,0,2,-1,-4,37
79.409551,9443,rest,1,-8,2,-1,2,0,-3,1
79.424575,9444,rest,-19,-7,-4,-4,-2,-1,-2,-8
79.424582,9445,rest,-6,18,-1,-4,-1,-1,2,-12
79.429218,9446,rest,0,5,0,0,0,-2,-7,-7
79.429243,9447,rest,8,-5,0,1,5,1,-2,5
79.445526,9448,rest,-6,-16,-2,3,0,-3,-1,7
79.445558,9449,rest,4,-8,-1,-4,-5,0,-2,-6
79.447885,9450,rest,-5,0,2,5,4,0,-5,10
79.447892,9451,rest,5,-2,-3,-3,7,1,1,51
79.468614,9452,rest,30,23,2,-1,-19,-3,-2,-1
79.468639,9453,rest,-16,-6,0,1,6,-1,-2,-2
79.470801,9454,rest,-47,-42,-9,-6,-9,-5,2,-9
79.470807,9455,rest,14,2,-1,-6,-2,-1,-1,-21
79.482681,9456,rest,-8,-21,-5,4,7,-2,-2,2
79.482713,9457,rest,28,18,0,1,2,-1,0,6
79.489315,9458,rest,14,27,3,3,0,2,4,0
79.489337,9459,rest,-1,1,1,-2,-8,-3,-2,-10
79.505421,9460,rest,-8,5,1,1,1,-1,0,3
79.505445,9461,rest,-14,-8,-2,-2,0,0,-4,-17
79.507090,9462,rest,3,14,-2,-1,5,-1,2,1
79.507110,9463,rest,-11,-47,-2,-1,-3,1,1,-12
79.527896,9464,rest,21,8,-2,-3,0,1,-1,33
79.527923,9465,rest,-20,8,3,0,4,-2,-1,0
79.529644,9466,rest,18,12,-2,-4,-2,-1,6,2
79.529652,9467,rest,-65,-4,-1,-1,0,-3,0,-27
79.542238,9468,rest,6,-16,0,-1,-8,-1,-1,-10
79.543162,9469,rest,-1,-16,-3,-1,12,-1,-2,-7
79.549084,9470,rest,24,7,1,-5,-40,-2,0,10
79.549104,9471,rest,-14,-10,-3,8,9,0,0,-11
79.565445,9472,rest,2,1,-1,0,-2,-1,-4,-4
79.565474,9473,rest,-11,6,1,1,1,0,0,-51
79.567182,9474,rest,10,-53,-3,-5,7,-2,-2,-1
79.567217,9475,rest,29,18,0,1,1,2,-3,8
79.588062,9476,rest,-31,-15,-4,-3,-3,0,-1,-7
79.588095,9477,rest,26,6,-1,0,-5,-1,-2,3
79.590195,9478,rest,-16,21,0,0,7,1,-4,-4
79.590203,9479,rest,9,-21,-3,-4,-7,0,3,44
79.601836,9480,rest,15,-8,-1,1,12,-1,0,-1
79.601857,9481,rest,22,9,-3,-4,-9,-4,2,10
79.612613,9482,rest,-3,10,0,-2,5,-2,1,-3
79.612627,9483,rest,-38,13,1,1,3,-1,-3,-3
79.625494,9484,rest,1,-16,1,-2,-6,-1,-1,-11
79.625520,9485,rest,-39,22,-1,0,-5,0,-1,12
79.628516,9486,rest,6,-24,0,0,16,0,-2,-3
79.628523,9487,rest,19,49,3,-3,13,-3,-4,-17
79.648015,9488,rest,-1,-28,-1,-3,-4,1,-1,-2
79.648039,9489,rest,8,-5,0,0,0,-2,-7,2
79.650924,9490,rest,6,4,2,4,1,0,0,27
79.650932,9491,rest,13,16,-4,-6,-2,-2,1,-11
79.661875,9492,rest,-23,14,-1,3,8,-1,-3,47
79.661902,9493,rest,-2,-34,-3,-4,1,-1,0,11
79.676809,9494,rest,5,11,2,2,6,0,-3,-18
79.676834,9495,rest,-8,3,-1,-2,-10,-3,-3,-7
79.685477,9496,rest,30,19,-1,-1,-6,-2,3,-14
79.685502,9497,rest,-20,6,-3,-3,-5,0,-1,-1
79.687099,9498,rest,26,-30,-2,0,-5,0,-2,4
79.687167,9499,rest,-14,-10,0,1,-10,-1,0,-4
79.707917,9500,rest,-15,-7,-2,1,2,-2,-2,-14
79.707980,9501,rest,-25,16,0,-2,6,-1,-2,-3
79.710900,9502,rest,-9,5,-2,-5,-3,-1,-1,-17
79.710905,9503,rest,35,-12,0,0,-5,3,-1,6
79.721643,9504,rest,-14,10,0,4,17,0,-1,-45
79.721663,9505,rest,20,7,-1,-3,-11,-3,2,-10
79.732298,9506,rest,-23,6,-1,1,-2,-2,-2,-7
79.732305,9507,rest,33,5,1,-2,-3,-2,2,1
79.745802,9508,rest,-43,-47,-6,-5,1,-1,-1,0
79.747955,9509,rest,13,1,-2,0,-2,-1,2,1
79.747962,9510,rest,4,9,0,-1,-5,-3,1,-2
79.747964,9511,rest,-12,-5,0,0,2,0,4,-3
79.768951,9512,rest,20,19,-2,-3,-7,-3,1,-18
79.768957,9513,rest,9,-17,-2,-1,-3,0,-2,-4
79.769590,9514,rest,-37,-26,-2,-1,-3,0,-2,35
79.769613,9515,rest,21,45,-1,3,7,0,-2,1
79.781941,9516,rest,-22,7,-3,-6,-4,-2,-2,-4
79.781960,9517,rest,-3,-49,-2,-1,-2,0,0,-5
79.790481,9518,rest,6,25,2,2,-8,0,1,-14
79.790504,9519,rest,-2,-22,-2,-3,-12,-2,-3,0
79.805569,9520,rest,19,31,4,3,-4,0,-1,16
79.805594,9521,rest,13,1,-3,1,16,0,-1,9
79.807461,9522,rest,-5,-3,-2,-1,-36,-3,1,-19
79.807466,9523,rest,-22,-16,-1,-3,1,-2,-1,-2
79.828110,9524,rest,11,-24,0,-4,-7,-3,-8,-2
79.828133,9525,rest,1,19,0,2,3,0,-3,8
79.830732,9526,rest,30,-2,2,1,15,1,-4,-6
79.830738,9527,rest,-73,-29,-5,-2,-4,-3,0,-10
79.841797,9528,rest,23,29,2,-1,-8,-2,-1,9
79.841820,9529,rest,-17,-10,-2,-2,-1,-2,-1,-6
79.852033,9530,rest,37,70,3,-2,8,0,-2,5
79.852041,9531,rest,-11,-49,-8,-4,-6,-3,-2,1
79.865366,9532,rest,-13,-2,1,2,10,1,3,4
79.865390,9533,rest,18,14,0,-2,-6,0,-2,8
79.867222,9534,rest,-26,-1,-3,-2,2,0,-5,-26
79.867246,9535,rest,58,16,2,-2,-8,-2,-1,7
79.888147,9536,rest,-52,-14,-2,-2,-2,1,3,46
79.888171,9537,rest,21,14,2,3,-6,0,-1,10
79.890407,9538,rest,-12,-49,-5,-5,18,-1,1,-1
79.890413,9539,rest,-12,-10,-2,4,4,1,-2,0
79.901677,9540,rest,34,16,1,-3,-2,-2,-2,-14
79.903118,9541,rest,-4,1,-1,-1,-8,0,1,-3
79.911971,9542,rest,-17,34,0,2,5,1,2,10
79.911980,9543,rest,27,-32,-3,-5,0,-1,-2,-5
79.925348,9544,rest,-11,22,-1,-1,-3,-2,0,-6
79.925389,9545,rest,-5,-39,-2,1,4,-2,-1,-3
79.926937,9546,rest,-8,4,-2,-1,-3,-1,-1,4
79.926953,9547,rest,18,12,2,1,2,0,1,-6
79.948227,9548,rest,1,14,-1,0,-7,0,0,-7
79.950788,9549,rest,-21,-13,1,0,3,-2,-3,-6
79.950796,9550,rest,15,-6,-3,-2,-2,-2,-4,-8
79.950799,9551,rest,-14,15,2,2,-3,-1,-1,0
79.961651,9552,rest,18,-54,-3,-2,2,-1,-2,-1
79.961670,9553,rest,7,22,-2,-2,-11,-2,-1,-1
79.971610,9554,rest,-22,-27,-2,-2,0,-4,0,4
79.971615,9555,rest,8,26,0,-4,0,-1,-1,-1
79.985768,9556,rest,-28,5,2,-3,-4,-2,-2,-4
79.985792,9557,rest,13,36,2,5,15,3,-1,1
79.988253,9558,rest,7,-69,-2,-1,-28,-4,-1,1
79.988262,9559,rest,-83,-19,-5,-4,0,-1,-1,-7
80.007935,9560,rest,15,11,3,1,1,-2,-2,-8
80.007963,9561,rest,-10,-5,-2,-1,0,-1,6,9
80.009405,9562,rest,0,14,3,0,8,0,-1,0
80.009431,9563,rest,8,24,2,1,2,-1,0,0
80.030825,9564,rest,8,-26,-7,-3,-6,-2,0,3
80.030853,9565,rest,-5,1,0,-1,1,1,-1,14
80.033714,9566,rest,-9,1,1,-3,4,-1,0,-2
80.033723,9567,rest,14,-4,0,2,-1,0,-2,-1
80.045507,9568,rest,5,21,-1,0,4,-1,1,-18
80.045532,9569,rest,-18,-15,-3,-5,-13,-3,-6,-12
80.048264,9570,rest,33,16,-4,0,2,-1,0,1
80.048271,9571,rest,-15,14,4,-1,-2,0,-4,60
80.068024,9572,rest,-14,9,-2,-3,-1,1,-2,2
80.068116,9573,rest,3,-1,-4,-5,-7,-2,-2,-5
80.069618,9574,rest,-14,-24,-3,-1,-1,1,-2,9
80.069644,9575,rest,25,7,-1,0,0,0,1,-22
80.090414,9576,rest,35,-4,2,-2,-8,-1,-1,2
80.090436,9577,rest,16,16,2,1,38,-2,-3,4
80.092141,9578,rest,-32,41,0,-2,-9,-3,-5,-17
80.092177,9579,rest,18,-41,-3,-4,-3,-1,0,-4
80.105619,9580,rest,1,-14,-3,-1,-4,-1,-1,0
80.105636,9581,rest,-2,-18,-2,0,-1,-2,-1,-10
80.107143,9582,rest,9,0,0,0,3,1,2,1
80.107152,9583,rest,6,27,0,0,-1,-1,1,-8
80.129884,9584,rest,-6,28,4,3,0,-2,-1,10
80.129895,9585,rest,-13,-67,-4,-5,-18,-1,-1,-3
80.129898,9586,rest,-7,20,3,4,3,2,2,3
80.129901,9587,rest,21,-5,-5,-5,-10,-1,1,-2
80.150639,9588,rest,-27,7,-2,0,3,-2,1,-11
80.150660,9589,rest,6,17,-3,-1,-6,-1,0,1
80.152069,9590,rest,-11,-11,0,-3,-1,-5,-3,-55
80.152093,9591,rest,10,5,1,0,5,0,-1,4
80.165007,9592,rest,5,-11,0,-1,-1,-1,-7,-13
80.165035,9593,rest,24,-15,0,-5,-7,-2,1,2
80.171799,9594,rest,-27,33,-3,-4,2,-2,-1,-2
80.174345,9595,rest,-2,-72,0,2,4,-2,-1,-6
80.187835,9596,rest,7,-37,-6,-4,-1,0,0,2
80.187858,9597,rest,-6,12,0,-1,-7,-2,-2,-3
80.189527,9598,rest,20,7,-2,0,27,1,1,46
80.189571,9599,rest,-13,23,1,-3,-39,-2,3,-11
82.215283,9600,clench,-10,-54,-13,-1,6,7,53,1
82.215667,9601,clench,-7,41,16,0,-3,1,-3,-5
82.215673,9602,clench,15,27,-7,2,-4,-20,-56,-12
82.215676,9603,clench,-23,-39,1,1,4,13,36,9
82.235618,9604,clench,31,15,11,3,3,-6,4,-2
82.235636,9605,clench,-21,-23,-11,-3,11,22,40,33
82.237986,9606,clench,13,-45,-9,-4,-8,-9,2,-17
82.237991,9607,clench,21,-7,10,4,1,-1,-25,1
82.250154,9608,clench,-50,-6,-7,-7,-5,-8,-4,6
82.250181,9609,clench,-9,36,30,8,8,-3,-33,-13
82.256726,9610,clench,12,25,26,1,-7,5,9,10
82.256754,9611,clench,2,21,-11,-2,1,13,3,5
82.273116,9612,clench,19,-59,-2,-4,-14,1,-5,11
82.273138,9613,clench,-35,-5,0,0,1,-6,2,-5
82.274551,9614,clench,-22,7,-17,-6,-6,5,-13,-10
82.274559,9615,clench,7,-16,-13,0,4,-19,-13,-10
82.295456,9616,clench,-6,-86,-8,-1,15,17,23,4
82.295485,9617,clench,1,118,8,3,-2,20,13,-6
82.297566,9618,clench,23,-16,1,-2,0,-12,-4,4
82.297573,9619,clench,-1,-58,-12,-3,-2,0,4,-2
82.309974,9620,clench,-4,125,-3,6,15,-29,-63,-2
82.309997,9621,clench,5,-30,20,-6,-26,12,32,28
82.316739,9622,clench,-1,-56,-31,-3,-2,14,23,-15
82.316769,9623,clench,-2,23,27,-4,6,8,-31,-4
82.333313,9624,clench,-5,-13,6,-5,-28,-38,10,6
82.335701,9625,clench,10,-67,-24,1,17,20,24,-10
82.335709,9626,clench,-15,32,7,-6,-10,-15,-28,11
82.335711,9627,clench,12,5,-19,-1,7,19,27,-4
82.355388,9628,clench,22,-1,3,1,0,-2,-7,-5
82.355407,9629,clench,-1,-13,-15,1,7,-3,-7,-10
82.356775,9630,clench,-23,39,24,3,-5,-2,3,18
82.356785,9631,clench,9,41,-5,-3,-9,-17,-9,-25
82.370833,9632,clench,-23,7,10,0,6,15,-17,-12
82.370839,9633,clench,28,-55,-2,0,4,4,34,-12
82.380028,9634,clench,-8,-81,-23,-2,7,9,-28,44
82.380037,9635,clench,-13,62,2,2,-15,-21,-29,-3
82.392877,9636,clench,25,35,27,0,-12,28,91,-1
82.392894,9637,clench,-25,5,-6,-4,-1,-13,-21,12
82.394518,9638,clench,23,-19,-10,-7,-7,-1,37,-16
82.394528,9639,clench,-10,-15,-2,-2,2,-1,-18,-6
82.415452,9640,clench,-5,-68,-15,-3,0,3,-31,7
82.415477,9641,clench,-3,-2,0,1,-1,-7,0,-9
82.417608,9642,clench,-12,53,4,6,15,-11,35,7
82.417618,9643,clench,-3,-28,9,-1,-20,-10,-17,0
82.429248,9644,clench,17,23,-7,-4,5,7,-18,-3
82.429277,9645,clench,-24,0,6,-2,-7,0,-8,-7
82.437954,9646,clench,25,36,-16,2,-2,-14,-11,-9
82.437980,9647,clench,-13,-28,-5,-8,0,9,-13,-25
82.453094,9648,clench,2,-28,5,5,11,12,46,29
82.454529,9649,clench,13,91,-4,-1,-9,-7,8,8
82.454541,9650,clench,-12,-41,5,-2,-4,-3,-3,-27
82.454543,9651,clench,9,-5,-17,-3,1,3,0,11
82.475398,9652,clench,0,-51,6,6,-3,-43,-45,25
82.475422,9653,clench,-9,71,24,-3,13,43,5,-6
82.476927,9654,clench,14,10,-4,-5,-24,-29,-21,-1
82.476943,9655,clench,-8,93,22,2,-6,9,15,5
82.489165,9656,clench,-21,0,-15,-8,-12,6,-7,-22
82.489189,9657,clench,23,-6,-4,4,-2,-18,-29,-3
82.500283,9658,clench,-30,6,-2,-1,7,-1,13,1
82.500290,9659,clench,5,-61,-3,-3,9,-1,22,15
82.520462,9660,clench,-11,36,3,3,-5,-4,-29,-24
82.520484,9661,clench,20,6,13,1,2,-5,-6,-4
82.522907,9662,clench,-22,12,22,4,2,15,77,-4
82.522918,9663,clench,0,-33,-12,-4,-2,-13,-59,1
82.535478,9664,clench,-10,-22,-14,-7,-3,-5,-5,-30
82.535501,9665,clench,-7,-31,5,2,9,-1,6,-30
82.537417,9666,clench,5,34,35,8,3,15,-21,2
82.537427,9667,clench,16,29,-9,0,12,18,29,4
82.549043,9668,clench,6,-22,-1,-5,-19,-9,-10,3
82.549069,9669,clench,-3,-2,-25,-5,-3,-18,-5,-8
82.558672,9670,clench,-12,-42,-11,2,-11,-1,-41,3
82.558680,9671,clench,2,37,4,-6,-7,-2,24,-24
82.572874,9672,clench,-4,-46,6,5,16,-15,-18,-22
82.572899,9673,clench,-33,57,18,1,-7,13,42,21
82.575312,9674,clench,31,-24,-6,-8,-2,25,-18,12
82.575322,9675,clench,-10,-40,-7,1,-5,-16,-17,-25
82.595413,9676,clench,-19,-47,-8,1,3,-5,6,-16
82.595431,9677,clench,4,-39,-6,-5,-25,-39,-40,-7
82.596935,9678,clench,17,15,-3,-5,-2,-6,6,-3
82.596981,9679,clench,20,1,4,-1,0,11,21,16
82.609003,9680,clench,-31,-20,-17,-4,-3,-6,-7,-10
82.609021,9681,clench,11,-55,-18,-4,5,4,25,-48
82.619375,9682,clench,19,16,-13,1,6,-2,-81,-4
82.619382,9683,clench,-29,5,2,-4,-8,-15,28,12
82.633077,9684,clench,-7,23,-7,0,5,18,26,21
82.633106,9685,clench,-6,-62,-10,-3,3,-2,-27,9
82.635218,9686,clench,3,98,16,0,1,3,12,-7
82.635225,9687,clench,28,17,8,7,6,1,8,15
82.655562,9688,clench,18,-36,2,0,-2,-7,1,0
82.655580,9689,clench,32,35,-3,5,14,31,-2,27
82.656831,9690,clench,-20,-95,-23,-7,-3,-40,35,1
82.656900,9691,clench,6,25,43,7,-1,30,-23,-17
82.669114,9692,clench,7,74,5,-5,-27,-18,-1,14
82.669146,9693,clench,0,-17,-19,-7,-4,-13,-27,24
82.679053,9694,clench,-8,-95,1,-1,11,-19,-16,-60
82.679059,9695,clench,0,77,17,6,0,4,21,20
82.692881,9696,clench,-70,21,-4,0,16,20,-3,-13
82.692905,9697,clench,-12,-29,-9,0,5,12,15,-11
82.694604,9698,clench,-20,-13,-14,-6,-18,-12,-5,20
82.694618,9699,clench,-4,3,-18,0,4,-15,-24,-2
82.716468,9700,clench,43,17,47,6,-4,6,5,-7
82.716527,9701,clench,-9,-12,-12,-6,-3,-5,-38,8
82.717049,9702,clench,12,66,3,0,-6,-7,24,17
82.717062,9703,clench,-21,-41,-10,-4,4,9,-9,-2
82.729388,9704,clench,42,-44,-23,-1,7,4,13,42
82.729412,9705,clench,-6,66,-7,-3,3,-20,-32,12
82.739335,9706,clench,15,68,47,6,1,37,16,16
82.739342,9707,clench,10,-27,-7,-4,-8,-9,28,-7
82.753100,9708,clench,16,9,-7,1,1,-9,-17,20
82.754622,9709,clench,-28,-42,7,0,3,-2,7,-10
82.754635,9710,clench,0,-10,-14,8,4,7,16,39
82.754638,9711,clench,-8,2,-5,0,-8,-18,-3,10
82.775441,9712,clench,-9,-4,5,-5,10,14,-14,-18
82.775461,9713,clench,5,-8,-2,1,-7,-6,1,2
82.776947,9714,clench,-4,17,-4,-6,0,3,10,-10
82.776979,9715,clench,-13,-15,-8,0,5,-7,-12,14
82.798110,9716,clench,4,2,2,0,0,-8,-1,-5
82.798143,9717,clench,-1,18,7,5,-2,4,12,-10
82.799853,9718,clench,-9,24,-2,1,7,1,-19,-8
82.799902,9719,clench,24,18,-6,-3,-1,-3,-5,0
82.813846,9720,clench,2,22,-8,-4,-10,-7,44,5
82.813874,9721,clench,-10,13,6,1,9,14,-12,-14
82.814790,9722,clench,-14,-53,0,-2,-1,8,-18,6
82.814811,9723,clench,-1,21,9,-1,-7,-14,2,-1
82.835514,9724,clench,-7,34,3,-6,-5,0,-11,-29
82.837336,9725,clench,-8,22,-3,-6,-2,-1,-27,-14
82.837342,9726,clench,27,4,-4,4,-6,-16,35,51
82.837344,9727,clench,1,-63,6,0,11,24,13,-12
82.857874,9728,clench,-19,18,-5,3,8,-7,-21,1
82.857892,9729,clench,-2,19,-6,-3,-4,12,45,24
82.859482,9730,clench,23,-56,-28,-1,-7,1,-48,-21
82.859507,9731,clench,-57,-10,14,-3,-10,-27,13,6
82.872923,9732,clench,29,5,-4,-3,5,24,-7,-19
82.872944,9733,clench,-2,20,13,3,6,-4,2,-3
82.874448,9734,clench,36,68,27,5,5,7,-7,-15
82.874465,9735,clench,-12,-28,-17,-5,-2,3,3,16
82.895596,9736,clench,10,-2,13,2,3,-2,-34,-8
82.897014,9737,clench,12,-30,-21,-7,-17,-11,41,6
82.897241,9738,clench,-114,-31,-18,-7,11,4,5,-28
82.897299,9739,clench,34,9,-12,1,0,-5,-14,-17
82.918679,9740,clench,-10,-36,2,1,-8,-8,6,14
82.918685,9741,clench,11,-17,-2,-2,11,6,17,6
82.919438,9742,clench,-13,61,16,3,-20,-21,-38,-8
82.919456,9743,clench,15,-57,6,-1,0,22,19,33
82.934710,9744,clench,-4,11,-10,-4,-10,9,-17,-6
82.934718,9745,clench,15,-26,8,4,-4,-10,-3,17
82.934721,9746,clench,-8,-29,-5,-5,8,-25,19,-20
82.934723,9747,clench,-25,19,-9,1,-2,-3,-15,-5
82.955584,9748,clench,37,12,-9,-4,-10,-8,24,-12
82.955607,9749,clench,-60,-58,6,9,18,7,-27,-18
82.956948,9750,clench,3,39,-20,-14,11,3,40,18
82.956974,9751,clench,11,98,40,3,12,-6,-30,-1
82.978135,9752,clench,7,18,-6,-7,-13,34,-1,-10
82.978155,9753,clench,10,-2,-13,-7,-19,-16,-3,6
82.980573,9754,clench,20,-35,-26,1,0,4,-11,-18
82.980582,9755,clench,-9,-60,-4,0,11,7,3,1
82.993156,9756,clench,-12,59,-3,2,3,-13,7,-28
82.993174,9757,clench,1,-17,3,-3,-5,6,-1,9
82.995619,9758,clench,3,-27,8,4,-3,6,-8,13
82.995628,9759,clench,-35,-1,-10,-6,-2,-10,6,-14
83.015864,9760,clench,-1,-82,7,9,8,-12,-23,-2
83.016141,9761,clench,-1,76,7,-3,-1,-9,16,1
83.019192,9762,clench,5,-31,15,-5,5,36,48,3
83.019201,9763,clench,-21,54,16,2,-10,-2,-39,-29
83.037969,9764,clench,-8,-23,-17,-8,0,8,40,17
83.037988,9765,clench,22,-40,-3,-1,-9,-13,-16,13
83.039466,9766,clench,15,-45,-5,-1,13,-1,-25,-28
83.039483,9767,clench,10,43,-10,-9,-10,-3,1,-37
83.052739,9768,clench,-17,-8,-5,-2,3,-16,-12,20
83.052759,9769,clench,26,4,10,7,4,29,1,-23
83.062568,9770,clench,5,40,-5,-5,-12,-9,-5,-1
83.062575,9771,clench,44,-57,-7,0,-5,-4,-6,6
83.075469,9772,clench,-75,-16,-11,-3,2,-10,40,21
83.075490,9773,clench,15,97,28,6,3,-3,-33,-25
83.077074,9774,clench,3,42,13,7,5,-4,15,-7
83.077091,9775,clench,-9,-85,-5,2,3,13,-3,6
83.098015,9776,clench,5,104,1,-13,-14,-13,17,11
83.098039,9777,clench,17,-11,7,-4,2,11,14,-1
83.100848,9778,clench,13,-37,-15,-3,-7,-3,-11,8
83.100856,9779,clench,1,-54,-34,4,22,-7,-25,-16
83.112485,9780,clench,47,75,75,7,-13,-15,6,15
83.112515,9781,clench,4,-59,-29,-4,-15,8,25,14
83.119047,9782,clench,-39,24,-1,-3,19,8,-35,1
83.119067,9783,clench,17,-4,-11,-9,-16,6,17,-5
83.135474,9784,clench,35,-55,-26,6,11,3,-37,8
83.137766,9785,clench,-31,67,1,4,0,-26,9,19
83.137775,9786,clench,9,8,11,-2,-1,27,19,32
83.137777,9787,clench,-11,-22,-18,-3,-6,-14,11,24
83.157953,9788,clench,7,-43,-8,-5,-5,-2,-32,-22
83.158039,9789,clench,-14,60,24,4,5,-5,12,12
83.160546,9790,clench,21,-17,-33,5,0,-7,-12,-14
83.160555,9791,clench,-48,3,-4,-1,-4,-22,-13,-2
83.172171,9792,clench,-15,32,36,5,1,28,73,12
83.172194,9793,clench,13,-61,-7,-4,-11,-11,-41,-28
83.181526,9794,clench,-17,-4,-8,-4,-3,-10,-7,-1
83.181531,9795,clench,33,26,-15,-1,-1,-1,-25,-1
83.195669,9796,clench,4,-27,-25,0,0,4,-12,-13
83.195691,9797,clench,1,-21,-3,-4,14,2,-1,-1
83.197223,9798,clench,-38,-27,1,1,-4,6,-2,-5
83.197281,9799,clench,4,35,16,-2,-14,-9,39,3
83.217866,9800,clench,18,-22,-3,1,5,4,-15,4
83.217921,9801,clench,-19,2,-6,0,-12,-16,-19,-12
83.219497,9802,clench,24,-19,3,4,2,-4,-10,-9
83.219518,9803,clench,-46,-80,-9,-1,2,3,-23,15
83.232963,9804,clench,22,110,-8,-2,6,0,10,-1
83.232974,9805,clench,1,-72,24,6,-6,4,62,27
83.239237,9806,clench,12,21,2,-1,-11,-15,-17,-30
83.239260,9807,clench,6,1,-23,-4,-4,1,50,-1
83.255400,9808,clench,-12,22,26,6,2,-3,-59,-62
83.255423,9809,clench,11,-4,-13,-4,5,15,1,-1
83.256994,9810,clench,-12,14,4,-2,-4,-7,6,10
83.257002,9811,clench,24,-3,10,4,7,4,11,6
83.278594,9812,clench,-41,-128,-50,-1,7,-35,-39,-12
83.278601,9813,clench,11,107,41,-8,2,46,52,4
83.279484,9814,clench,-14,-25,13,0,-9,-4,11,6
83.279512,9815,clench,20,28,-8,-6,-6,1,-18,-25
83.292150,9816,clench,4,-88,-12,0,6,-2,5,18
83.292179,9817,clench,-44,22,-12,1,-2,-10,-40,-15
83.299151,9818,clench,10,-23,-7,1,14,12,0,10
83.300982,9819,clench,5,81,10,3,-7,6,3,-10
83.315347,9820,clench,-22,-60,8,-5,-16,-3,-12,10
83.315371,9821,clench,18,-6,-7,5,11,10,6,-9
83.317013,9822,clench,3,45,8,-5,-4,2,15,-6
83.317034,9823,clench,-4,0,1,-1,3,-4,-4,1
83.337872,9824,clench,15,-71,-14,-3,6,3,-5,2
83.337897,9825,clench,-71,9,-7,-1,1,-25,-64,-10
83.340034,9826,clench,7,78,18,-2,-13,-18,-3,-26
83.340043,9827,clench,50,-41,10,2,2,23,26,61
83.352030,9828,clench,-50,12,-6,-4,-5,0,5,1
83.352048,9829,clench,31,-54,-5,-6,-5,-3,-7,-4
83.361802,9830,clench,2,-36,-19,4,0,-21,-25,13
83.361809,9831,clench,-19,-27,4,-3,2,-3,-3,-12
83.375395,9832,clench,-7,55,19,5,-1,-4,34,13
83.375417,9833,clench,11,36,-11,-8,0,-8,-19,-16
83.376792,9834,clench,8,-28,-12,-1,-15,-6,15,3
83.376872,9835,clench,8,94,20,4,-2,12,-2,-19
83.398212,9836,clench,-25,-4,-5,-5,2,6,24,6
83.399850,9837,clench,-13,-3,2,2,-9,-6,27,-17
83.399857,9838,clench,-6,-24,3,2,15,3,-35,6
83.399859,9839,clench,-8,26,12,-2,11,2,-8,-1
83.411662,9840,clench,4,-7,-12,-1,2,3,-11,3
83.411687,9841,clench,10,-48,-7,-1,-10,-15,7,-8
83.421203,9842,clench,-9,22,3,-2,-5,5,-7,12
83.421209,9843,clench,-23,-128,-83,-4,12,-4,-21,15
83.435429,9844,clench,10,93,102,20,-11,-21,52,-20
83.435450,9845,clench,57,-72,-18,-12,-13,32,11,19
83.437047,9846,clench,49,-30,-1,-1,6,2,-1,18
83.437070,9847,clench,-31,-51,-13,-6,-8,-3,-7,-32
83.458057,9848,clench,-21,-25,-40,-9,2,-14,-14,-20
83.458081,9849,clench,-18,-5,-3,4,7,-6,-8,4
83.460708,9850,clench,9,-4,6,-1,-9,-1,5,-4
83.460715,9851,clench,11,46,17,0,-9,-15,9,1
83.471530,9852,clench,17,22,-8,-2,9,17,-22,2
83.471548,9853,clench,-4,-3,2,3,0,-13,2,-1
83.480814,9854,clench,-9,-70,-34,-9,-1,9,0,-3
83.480825,9855,clench,-2,58,27,20,9,-20,-2,2
83.495357,9856,clench,-29,-58,32,-12,4,35,-42,4
83.495368,9857,clench,21,-34,-18,1,-19,4,41,16
83.496916,9858,clench,4,-23,-13,-10,-4,-4,-10,-1
83.496947,9859,clench,-41,-39,-9,-8,-2,0,21,-13
83.517948,9860,clench,43,23,-21,0,-2,20,2,-12
83.517972,9861,clench,-15,5,-9,1,5,-22,0,2
83.519576,9862,clench,-28,-3,13,4,-2,-1,-3,-16
83.519654,9863,clench,17,-2,11,-2,-5,-7,-13,9
83.531803,9864,clench,1,37,-25,-4,-8,-2,9,-11
83.534116,9865,clench,-10,-60,12,0,11,-3,-15,0
83.542013,9866,clench,-8,-42,-18,1,0,0,14,-3
83.542022,9867,clench,4,39,35,0,2,6,-13,-2
83.555532,9868,clench,4,37,-5,-5,-4,-8,7,-1
83.555554,9869,clench,-11,7,9,5,-2,1,-10,-7
83.557384,9870,clench,-4,-2,7,2,7,-1,-11,-8
83.557393,9871,clench,-20,14,-10,-5,-9,-14,-3,-26
83.578098,9872,clench,28,-28,-24,-11,-2,18,-18,21
83.578121,9873,clench,-54,-4,-6,-3,-4,-11,-52,-15
83.580805,9874,clench,24,-27,-18,-3,5,17,63,19
83.580814,9875,clench,-14,24,38,3,-3,8,26,-10
83.591583,9876,clench,3,-62,-4,5,-12,-4,-32,2
83.591606,9877,clench,14,79,1,-1,14,-6,-2,-8
83.602540,9878,clench,-20,-11,7,3,3,-4,-14,-15
83.602545,9879,clench,7,-30,-6,0,0,-9,-12,13
83.615324,9880,clench,-13,-26,-11,-1,0,-12,13,4
83.615345,9881,clench,2,-10,-1,3,1,6,2,36
83.617179,9882,clench,2,18,19,1,-4,-8,-5,4
83.617185,9883,clench,-12,-27,-23,-5,2,1,-3,-17
83.637945,9884,clench,14,76,8,-6,-16,-15,36,-2
83.637965,9885,clench,16,34,-18,-4,-1,0,-39,-23
83.639497,9886,clench,23,-6,9,-2,7,28,20,37
83.639514,9887,clench,8,44,44,-1,-17,-3,-1,-22
83.652665,9888,clench,-12,-84,-13,5,7,-5,-2,-3
83.652672,9889,clench,21,-33,-25,-7,6,-4,-9,-33
83.661212,9890,clench,-4,66,19,-1,-13,-8,3,-8
83.661217,9891,clench,27,-37,-15,-2,0,-3,-25,15
83.675604,9892,clench,-8,-26,-4,0,-8,-4,-6,18
83.675620,9893,clench,-16,-6,8,0,-6,-29,-1,-8
83.678074,9894,clench,19,-51,-19,-8,-8,-7,-14,-2
83.678088,9895,clench,-61,27,5,3,7,16,21,7
83.698027,9896,clench,6,94,13,4,1,-15,18,-8
83.700126,9897,clench,5,8,8,-4,-9,12,-24,6
83.700133,9898,clench,-31,-48,7,2,2,-11,-17,-21
83.700136,9899,clench,33,36,15,7,-13,-11,7,-2
83.711750,9900,clench,-13,-16,-17,-3,19,39,30,23
83.711816,9901,clench,10,13,9,-2,-13,-9,5,6
83.720475,9902,clench,4,-4,2,-3,-3,-5,-1,-51
83.720492,9903,clench,-20,48,-13,-2,-7,-23,-34,-3
83.735927,9904,clench,75,-68,-7,2,2,-9,-16,-13
83.735945,9905,clench,-20,21,0,-3,2,9,26,9
83.737341,9906,clench,-1,6,-21,-4,-2,-2,-16,0
83.737360,9907,clench,16,-70,5,3,13,17,5,29
83.757949,9908,clench,-20,-58,-26,-1,-6,-28,-2,12
83.757977,9909,clench,0,82,-1,-1,11,5,-44,-7
83.759436,9910,clench,-1,93,21,3,-13,30,79,3
83.759458,9911,clench,36,-55,-4,0,6,18,25,25
83.780447,9912,clench,-9,6,-1,-6,-11,-31,-46,-22
83.780476,9913,clench,15,-62,-23,1,-1,0,19,3
83.781962,9914,clench,-107,-10,-15,2,10,-18,-18,-13
83.782002,9915,clench,31,-46,-15,-6,-8,4,36,1
83.795303,9916,clench,-4,94,11,3,10,14,-8,3
83.795321,9917,clench,1,-22,20,1,-4,-3,1,-8
83.797185,9918,clench,-2,-50,-4,3,-3,-6,-22,20
83.797204,9919,clench,-2,-68,-33,-4,19,7,1,19
83.818161,9920,clench,-32,64,65,9,1,-5,-28,3
83.818427,9921,clench,48,-58,6,-3,-16,21,50,5
83.820181,9922,clench,11,24,2,0,4,-6,-10,30
83.820187,9923,clench,-5,-30,-22,-8,-7,-3,-33,-7
83.842911,9924,clench,-38,-12,-19,0,5,-4,39,-14
83.842919,9925,clench,10,-1,2,2,6,-13,-15,17
83.842923,9926,clench,16,-3,11,2,3,11,3,-23
83.842925,9927,clench,-29,69,1,7,7,-25,-14,-9
83.855405,9928,clench,24,33,11,-11,-1,39,19,-6
83.855444,9929,clench,-6,75,21,3,3,-3,1,-10
83.858208,9930,clench,17,-34,-11,1,0,-5,-1,1
83.858215,9931,clench,0,-30,-5,-10,-19,-17,15,3
83.877942,9932,clench,8,-11,30,16,20,7,-51,-6
83.877967,9933,clench,1,-59,-14,-9,-10,7,6,18
83.880069,9934,clench,19,69,6,0,10,-5,-12,-14
83.880079,9935,clench,3,39,2,-2,2,23,6,-15
83.900703,9936,clench,11,-24,-7,2,-19,-36,-22,22
83.900730,9937,clench,-54,52,-3,-1,2,21,35,13
83.902590,9938,clench,18,61,6,-4,-4,1,-22,1
83.902596,9939,clench,6,-18,-1,-3,0,-2,-15,-9
83.915580,9940,clench,21,-36,-12,-3,-1,-3,20,12
83.915605,9941,clench,-2,-54,-15,-2,-4,-15,-26,-42
83.917962,9942,clench,-15,-98,-13,-4,-10,-17,53,16
83.917975,9943,clench,7,99,39,1,3,24,-24,-16
83.937917,9944,clench,-14,20,-14,-3,-4,-6,7,-9
83.937944,9945,clench,27,-3,-6,-1,-3,-6,17,2
83.939932,9946,clench,-3,-41,5,7,11,5,-6,8
83.939955,9947,clench,-2,-77,-14,-2,-5,-13,-5,-6
83.960497,9948,clench,-12,26,-23,-8,11,-1,-23,6
83.960515,9949,clench,-33,29,13,1,-9,0,17,5
83.963097,9950,clench,44,27,17,1,1,-13,-19,10
83.963103,9951,clench,9,-19,3,3,9,31,1,-13
83.975664,9952,clench,25,-29,8,-3,-2,5,68,7
83.975688,9953,clench,-57,-42,-25,4,8,-20,-72,19
83.981936,9954,clench,-10,14,-10,-5,-12,12,-14,-12
83.981956,9955,clench,-18,44,1,2,10,-18,-33,9
83.999024,9956,clench,13,-10,-7,-5,-6,20,90,13
83.999034,9957,clench,50,-29,22,6,-5,-4,-8,-14
83.999793,9958,clench,-46,-100,-12,-6,1,9,3,-1
83.999831,9959,clench,-7,105,-2,-4,-13,-2,6,-8
84.020331,9960,clench,-18,2,-2,0,-2,-3,-57,-39
84.020359,9961,clench,6,-57,4,1,0,4,66,4
84.022259,9962,clench,13,127,9,-1,8,-2,-14,-18
84.022275,9963,clench,-49,-42,-13,1,-6,10,38,36
84.034913,9964,clench,-16,-20,19,0,-6,-26,-93,-19
84.034936,9965,clench,32,-6,-8,4,17,24,49,-5
84.041628,9966,clench,14,-1,-18,-12,-18,-4,-9,-9
84.041654,9967,clench,35,-49,-1,-3,-4,-25,7,-20
84.057774,9968,clench,-2,56,-24,-1,2,21,25,-3
84.057798,9969,clench,-20,8,5,-5,-1,-22,-44,6
84.059383,9970,clench,4,29,34,9,6,31,28,15
84.059404,9971,clench,12,-1,-2,-8,-13,-11,-7,-31
84.080591,9972,clench,-9,-64,-16,-6,-11,-6,14,-5
84.080644,9973,clench,16,29,0,2,16,-3,-15,-6
84.082046,9974,clench,-7,-16,-10,2,-10,-14,-7,-5
84.082075,9975,clench,17,-56,4,-3,8,21,-8,-4
84.094685,9976,clench,-4,-44,-5,2,3,7,10,3
84.094712,9977,clench,-10,5,-7,-6,-7,-12,-7,16
84.101700,9978,clench,-14,37,11,3,-5,-8,-39,5
84.101722,9979,clench,15,-26,-16,-1,9,2,8,-7
84.117979,9980,clench,3,-3,-7,-2,-1,5,-16,7
84.118008,9981,clench,-16,17,2,3,-2,10,42,6
84.119602,9982,clench,8,-20,-12,-6,-8,-13,-9,-22
84.119632,9983,clench,-2,49,10,-2,-5,-7,-4,19
84.140352,9984,clench,-16,-53,-15,-2,-10,-7,-10,28
84.140404,9985,clench,20,31,11,-7,-11,-11,-36,-14
84.141927,9986,clench,6,-79,-9,4,8,-4,-14,-9
84.141945,9987,clench,4,-11,-7,-3,8,-5,27,4
84.154681,9988,clench,23,38,14,1,-4,-8,-3,2
84.154710,9989,clench,-4,-17,-14,3,8,-4,-85,-21
84.161620,9990,clench,0,-48,-16,-8,-1,1,53,4
84.161638,9991,clench,30,38,31,7,-2,4,-12,-33
84.177823,9992,clench,13,-22,3,1,11,1,-17,14
84.179518,9993,clench,-55,-16,-12,-7,-5,-4,23,-1
84.179528,9994,clench,-25,-45,-9,3,15,18,-14,-18
84.179610,9995,clench,-14,48,-20,0,-24,-18,-11,38
84.199526,9996,clench,-2,-6,33,2,1,-4,17,-8
84.199561,9997,clench,11,0,5,1,5,23,17,2
84.209309,9998,clench,-23,35,3,-4,-8,-10,-10,6
84.209317,9999,clench,5,-81,-10,-2,6,0,15,4
84.214888,10000,clench,-12,62,-17,1,-2,-4,-15,-8
84.214943,10001,clench,-13,-105,-30,2,-4,-4,0,16
84.221550,10002,clench,9,109,57,1,13,3,44,-9
84.221611,10003,clench,22,-55,-5,-2,4,20,-55,-22
84.237866,10004,clench,4,28,-8,-8,-10,-5,14,21
84.237886,10005,clench,-45,-62,-12,-1,2,-1,8,-22
84.240431,10006,clench,-19,13,-15,-5,-8,-13,-1,13
84.240440,10007,clench,-6,-13,11,1,-2,-2,1,5
84.260319,10008,clench,18,-16,-5,9,28,2,-30,-3
84.260336,10009,clench,27,25,22,-6,-7,33,24,-17
84.261948,10010,clench,-7,39,5,-6,-25,-22,-21,9
84.261954,10011,clench,-19,13,-9,-6,-1,7,7,8
84.274008,10012,clench,-20,-28,-4,-6,-12,5,-8,-2
84.274040,10013,clench,12,28,2,2,-2,-9,8,-2
84.292732,10014,clench,35,-8,-12,8,13,6,-5,-11
84.292741,10015,clench,6,-70,-10,-2,-2,-11,-11,-5
84.298619,10016,clench,-2,115,30,0,2,14,23,-8
84.298645,10017,clench,12,14,-18,-2,2,3,-25,-1
84.300405,10018,clench,-11,-71,-8,2,2,-3,14,8
84.300494,10019,clench,-46,10,-5,3,5,-10,-21,3
84.319801,10020,clench,0,-9,10,-11,-24,3,37,-5
84.319821,10021,clench,41,9,-6,-2,-1,-5,13,46
84.321094,10022,clench,-33,2,-9,-6,-3,-1,-21,-8
84.321102,10023,clench,-1,-48,-8,0,9,-6,-7,1
84.342059,10024,clench,-20,44,-4,5,-6,9,-27,-15
84.342073,10025,clench,15,1,12,4,12,-4,7,-3
84.342728,10026,clench,22,-44,-11,-7,-24,4,6,14
84.342750,10027,clench,-27,-36,16,4,3,0,8,-3
84.357092,10028,clench,-2,1,-18,-6,-1,-14,-19,-10
84.357117,10029,clench,7,-12,9,0,-6,0,-6,1
84.357775,10030,clench,31,59,-5,2,14,5,-7,-4
84.357794,10031,clench,4,-19,-19,-8,-9,0,15,-40
84.379739,10032,clench,-3,47,17,3,10,-3,4,-5
84.379777,10033,clench,-27,-43,-10,5,4,-15,-28,-10
84.382687,10034,clench,6,25,-21,-10,0,-18,-19,-46
84.382703,10035,clench,-7,80,57,10,9,44,15,24
84.403137,10036,clench,-5,-33,0,-2,-16,-8,-6,-4
84.403145,10037,clench,13,19,-4,-6,-5,4,30,-12
84.403147,10038,clench,-45,-42,-11,1,3,2,-15,-3
84.403149,10039,clench,6,3,-14,-1,-2,-14,-20,2
84.419060,10040,clench,9,-31,-8,5,-1,-4,15,10
84.419066,10041,clench,-10,2,8,1,9,-2,-15,21
84.419068,10042,clench,2,-28,-3,4,-3,6,-11,10
84.419070,10043,clench,3,109,-2,-3,1,-15,28,2
84.439694,10044,clench,-20,-62,9,-3,-6,10,-8,0
84.439718,10045,clench,7,-20,-5,-6,-15,-4,20,-11
84.440597,10046,clench,5,-20,4,0,8,-1,-41,-3
84.441982,10047,clench,0,40,-23,-1,6,-12,42,18
84.463479,10048,clench,24,-33,13,-6,-13,15,-1,-13
84.463487,10049,clench,12,-9,-4,-4,1,-3,-12,6
84.463489,10050,clench,-23,8,11,8,7,-3,12,-17
84.463491,10051,clench,-12,-32,-8,-11,-19,-13,-1,3
84.477417,10052,clench,1,-19,-18,0,17,5,-10,2
84.477446,10053,clench,-5,25,5,2,-7,-3,13,6
84.480639,10054,clench,15,-4,5,-3,4,3,2,44
84.480646,10055,clench,17,-51,-10,4,-12,-15,-5,-26
84.499933,10056,clench,-10,34,12,1,2,3,9,2
84.499987,10057,clench,-5,48,5,0,-11,-1,13,9
84.500877,10058,clench,1,55,-2,0,2,-8,-20,-1
84.500901,10059,clench,23,-94,-17,0,10,14,-11,-7
84.522427,10060,clench,-31,89,14,15,12,-31,19,41
84.522449,10061,clench,21,0,29,-5,9,82,23,-18
84.524272,10062,clench,41,-7,-1,-1,-15,-7,12,27
84.524280,10063,clench,-56,-7,-4,-7,-2,3,-4,-17
84.537293,10064,clench,-2,-65,-20,0,8,-15,-2,-12
84.537318,10065,clench,-11,-56,-14,6,7,-29,-33,-23
84.538458,10066,clench,-13,64,-10,-6,-9,0,12,-39
84.538463,10067,clench,32,3,1,0,7,6,-28,25
84.560846,10068,clench,8,-13,8,0,-3,1,0,-15
84.560855,10069,clench,-29,69,-4,-3,-4,-11,-5,5
84.560857,10070,clench,15,-72,13,-1,-6,6,2,-4
84.560859,10071,clench,1,31,-1,4,11,-20,-39,-13
84.582385,10072,clench,14,3,-10,-13,-33,-4,-2,7
84.582411,10073,clench,22,-22,-8,-4,-13,18,24,1
84.584998,10074,clench,0,-8,5,0,4,-13,-4,23
84.585008,10075,clench,8,97,17,-1,0,11,5,-6
84.597623,10076,clench,11,-37,-12,-1,3,-3,-6,3
84.597656,10077,clench,-25,-24,-13,-3,-1,-24,-14,-9
84.599830,10078,clench,-4,16,14,6,6,18,16,8
84.599837,10079,clench,-11,54,22,1,-6,-13,5,40
84.619813,10080,clench,19,-49,-6,-3,-2,17,15,12
84.619833,10081,clench,-41,57,-4,-2,-4,-18,-47,8
84.621944,10082,clench,2,-40,-14,-9,7,4,30,-10
84.621955,10083,clench,11,-53,-10,-6,-17,-11,-6,-14
84.642347,10084,clench,-25,-4,-1,5,14,3,-7,-4
84.642371,10085,clench,13,8,8,-2,-5,-18,3,10
84.645182,10086,clench,18,-18,-9,-7,1,0,48,9
84.645190,10087,clench,-34,-14,1,0,-15,5,-24,-27
84.657161,10088,clench,-8,-4,-18,-5,-4,-7,-20,3
84.658569,10089,clench,28,0,11,5,7,-5,-2,-19
84.658577,10090,clench,-10,15,-17,-9,-12,-6,-8,-8
84.658580,10091,clench,16,16,7,0,1,23,18,0
84.679864,10092,clench,-21,-34,-7,-1,16,2,-1,-7
84.679897,10093,clench,8,-18,28,2,-20,-3,-6,-29
84.681494,10094,clench,-13,-48,-7,4,-6,1,20,28
84.681505,10095,clench,-3,12,-2,-1,2,11,-19,-11
84.702283,10096,clench,-7,-29,-13,-3,-1,-14,-34,-2
84.702439,10097,clench,-13,-12,-13,-2,8,11,34,12
84.702873,10098,clench,10,38,17,4,0,1,-22,18
84.702905,10099,clench,12,-60,-6,0,10,-2,25,13
84.717635,10100,clench,-33,-26,1,-1,-1,9,24,-9
84.717685,10101,clench,4,-16,-20,-2,7,-12,-5,-8
84.718037,10102,clench,27,100,56,2,-6,-4,-49,-36
84.718061,10103,clench,-23,-30,-8,-4,-7,-18,-26,4
84.739633,10104,clench,30,-50,-1,1,4,16,54,24
84.741129,10105,clench,1,12,-8,1,3,-6,-18,9
84.741139,10106,clench,-19,-27,3,5,8,26,5,-10
84.741143,10107,clench,38,23,-1,-6,-9,-8,5,6
84.763722,10108,clench,-24,-20,5,-4,-12,-13,-39,-13
84.763730,10109,clench,-3,-22,-8,-5,-4,-18,-10,-9
84.763733,10110,clench,-9,1,-8,-6,-3,12,11,8
84.763735,10111,clench,33,-66,7,2,-4,-5,11,5
84.777197,10112,clench,-38,22,-5,-2,19,10,2,-2
84.777222,10113,clench,-6,97,1,-1,3,6,10,10
84.779261,10114,clench,-18,-42,7,0,-10,-26,-87,-12
84.779266,10115,clench,-10,-9,-11,-6,-17,7,56,-24
84.799946,10116,clench,36,-19,-11,-1,-1,-10,-13,12
84.799971,10117,clench,-3,24,17,7,3,-6,-3,-16
84.801302,10118,clench,-11,-1,3,-2,-5,-6,11,17
84.801308,10119,clench,-30,-36,-3,3,3,5,3,33
84.822357,10120,clench,5,94,4,-5,-16,9,7,-3
84.822376,10121,clench,2,-43,-8,0,8,7,4,-2
84.823815,10122,clench,27,-44,-12,5,-4,-5,19,-6
84.823821,10123,clench,1,58,24,-4,8,-8,-4,1
84.837227,10124,clench,35,12,-5,1,-1,-4,-6,-23
84.837254,10125,clench,-48,-79,-19,-6,-8,10,13,17
84.839203,10126,clench,-8,44,-6,0,7,-5,6,-41
84.839212,10127,clench,11,-21,8,3,0,-1,6,7
84.859626,10128,clench,12,-64,-32,-6,-3,2,-2,-5
84.859643,10129,clench,9,94,29,4,-3,-3,-18,-8
84.860618,10130,clench,8,-26,-27,0,-6,1,6,1
84.860636,10131,clench,-14,13,14,4,12,11,-5,1
84.882330,10132,clench,-13,-3,7,1,-15,-14,45,16
84.882360,10133,clench,10,-54,-15,-8,-5,-6,-43,-9
84.884771,10134,clench,-22,0,-18,-4,3,11,15,-15
84.884780,10135,clench,4,45,10,2,0,-4,-2,4
84.897562,10136,clench,2,-19,17,9,7,-14,-28,-10
84.897594,10137,clench,-9,-5,-21,-5,-5,16,12,6
84.900180,10138,clench,14,51,26,1,12,9,22,39
84.900201,10139,clench,-10,-38,-18,-1,1,5,6,-4
84.920723,10140,clench,17,48,16,2,-3,-9,-6,-8
84.920732,10141,clench,-5,-26,-13,2,2,-18,-3,-10
84.920734,10142,clench,-15,-42,-5,0,-8,-2,-21,1
84.920737,10143,clench,13,38,-4,8,-10,3,15,-8
84.942202,10144,clench,22,84,28,-6,-11,-8,-19,10
84.944023,10145,clench,2,19,10,1,-8,1,14,-9
84.944029,10146,clench,-18,-57,-8,-5,13,-2,-18,-4
84.944031,10147,clench,11,3,-9,-1,8,-7,17,5
84.957145,10148,clench,17,-36,-8,-3,-14,19,-15,-28
84.957167,10149,clench,-6,26,-14,-6,-1,-4,-5,-40
84.958534,10150,clench,-4,-80,16,1,-7,-20,-13,13
84.958540,10151,clench,-49,-21,-12,-5,-1,14,8,-3
84.980825,10152,clench,1,-3,-1,1,12,-2,-5,1
84.980831,10153,clench,5,-28,-1,0,10,0,2,7
84.980833,10154,clench,5,43,-8,-2,-15,-4,-7,-10
84.980835,10155,clench,16,8,13,0,-1,0,-16,7
85.002308,10156,clench,-8,-99,-18,-4,4,14,14,-1
85.002332,10157,clench,-3,75,29,4,1,0,-6,-17
85.002933,10158,clench,-1,13,-14,2,-2,-9,1,-6
85.002958,10159,clench,30,18,-2,-4,8,-4,-22,21
85.017289,10160,clench,-103,16,6,2,1,-7,-2,-2
85.017313,10161,clench,18,-81,-11,-6,-11,-2,9,-19
85.018090,10162,clench,8,34,7,1,7,-5,7,7
85.018114,10163,clench,4,-16,-21,-7,-12,-6,-58,-14
85.039684,10164,clench,-21,-45,-11,-1,3,9,82,-7
85.039702,10165,clench,30,68,35,5,-13,21,-59,23
85.041018,10166,clench,9,-35,-10,-1,3,-3,13,3
85.041023,10167,clench,-36,30,3,-1,9,-3,-6,-1
85.062145,10168,clench,7,-1,-8,4,-10,-5,0,33
85.062175,10169,clench,-18,-39,-15,-5,4,-14,36,11
85.062779,10170,clench,18,48,-20,-6,-14,6,-33,-10
85.062812,10171,clench,7,-8,11,0,5,13,25,1
85.077206,10172,clench,-1,-2,-5,-3,14,-9,-24,-9
85.077233,10173,clench,4,-33,10,5,-3,0,18,9
85.079075,10174,clench,-21,33,-3,-1,1,-7,0,4
85.079084,10175,clench,-3,-64,-26,-5,-11,-16,-13,-35
85.099828,10176,clench,15,69,24,-1,-2,1,-20,14
85.099858,10177,clench,6,-37,-26,-4,7,14,31,3
85.101464,10178,clench,-10,4,3,1,1,4,15,-15
85.101471,10179,clench,3,35,6,3,-5,-2,13,-5
85.122211,10180,clench,37,14,3,1,-3,-11,-28,10
85.122236,10181,clench,-8,-11,-1,-2,4,5,-45,14
85.122843,10182,clench,-14,-14,2,-2,-6,-12,38,6
85.122863,10183,clench,-5,-18,-4,3,9,-6,2,-22
85.137345,10184,clench,-1,11,-14,-13,-16,7,32,-4
85.137369,10185,clench,14,3,11,0,-4,8,-8,-9
85.138342,10186,clench,19,-21,-1,-4,6,5,7,14
85.138347,10187,clench,-19,112,-8,4,6,-21,-8,-1
85.159790,10188,clench,15,1,35,-6,-3,7,-8,-20
85.159879,10189,clench,4,-47,-1,-6,8,-9,-7,0
85.162374,10190,clench,-8,-45,3,3,0,11,8,-15
85.162382,10191,clench,3,-30,-19,-2,10,-3,-44,13
85.182430,10192,clench,1,11,12,2,-23,-18,29,-24
85.182483,10193,clench,19,89,-6,-7,-11,2,-9,-5
85.184634,10194,clench,-8,-23,3,-2,1,-7,-6,-5
85.184643,10195,clench,-19,-29,12,-2,-2,3,2,-2
85.197469,10196,clench,-6,-3,-22,2,13,3,-7,3
85.197501,10197,clench,-19,6,2,2,-1,-9,30,-3
85.200257,10198,clench,13,-55,-31,-1,3,-29,-5,-1
85.200266,10199,clench,9,98,58,-5,-21,44,24,4
87.221475,10200,rest,2,29,2,2,0,-2,2,-11
87.221889,10201,rest,1,-33,-3,-4,-7,-2,-3,-13
87.229573,10202,rest,-27,9,-1,-4,-4,-2,0,13
87.229606,10203,rest,42,16,2,2,29,-3,-6,6
87.245598,10204,rest,-21,0,-1,0,-11,0,-2,47
87.245605,10205,rest,-2,-9,2,0,-4,0,1,-8
87.246050,10206,rest,-9,-3,-5,-2,-10,0,-1,6
87.246093,10207,rest,24,-7,1,-1,5,-1,1,-1
87.268096,10208,rest,13,-7,-4,-2,0,-2,-2,-8
87.268124,10209,rest,-13,-32,-4,-2,-6,-1,-3,4
87.269602,10210,rest,11,13,2,0,-2,0,-2,14
87.269608,10211,rest,23,24,-3,0,-7,2,3,-5
87.281642,10212,rest,-36,-47,-5,0,1,-3,-6,7
87.281668,10213,rest,-1,-40,-2,-1,-4,-1,-3,-5
87.289602,10214,rest,-5,-3,-1,-5,-2,0,-3,0
87.291826,10215,rest,28,28,1,4,-4,-1,3,-43
87.305428,10216,rest,-16,-7,0,0,2,-2,-3,-23
87.305448,10217,rest,-18,3,-12,-5,0,0,0,-2
87.307779,10218,rest,0,13,-4,1,0,-2,-2,9
87.307785,10219,rest,-39,16,22,0,-7,0,1,1
87.327891,10220,rest,37,-34,-5,-2,-3,-1,5,8
87.327918,10221,rest,-20,23,6,2,1,-1,-1,-2
87.329263,10222,rest,-11,-42,-10,-2,-5,-1,-3,-5
87.329293,10223,rest,-16,11,-8,-4,-6,-1,6,-3
87.341414,10224,rest,16,22,4,2,4,0,-1,-15
87.341434,10225,rest,20,0,-5,-2,18,0,-2,5
87.351767,10226,rest,-19,-1,2,0,-18,-1,0,6
87.351779,10227,rest,-7,-18,-5,-2,-4,0,0,8
87.365530,10228,rest,-11,-5,-1,-1,-3,-1,0,2
87.365555,10229,rest,43,31,3,0,0,-1,-2,1
87.368045,10230,rest,-51,-52,4,2,3,0,0,7
87.368052,10231,rest,-59,-14,-6,-1,-6,-2,-2,4
87.387753,10232,rest,20,37,-5,-5,-3,-5,-3,-15
87.387766,10233,rest,-6,-23,1,0,-2,-1,-2,-5
87.389312,10234,rest,31,33,7,-2,3,1,2,13
87.389331,10235,rest,35,5,-7,-6,-5,-2,-8,4
87.403190,10236,rest,-26,-10,0,0,0,-1,0,0
87.403198,10237,rest,-3,-1,2,1,-11,-1,3,5
87.412735,10238,rest,32,7,-3,-2,4,-3,-2,-35
87.412744,10239,rest,-23,-12,-5,-3,0,1,-1,15
87.425383,10240,rest,11,13,4,2,1,0,0,-7
87.425404,10241,rest,7,-2,0,-4,-3,-2,6,-3
87.426875,10242,rest,-18,0,-2,0,1,0,-6,-8
87.426919,10243,rest,15,8,1,1,1,-3,-3,-5
87.449570,10244,rest,11,-9,-1,-1,0,-1,-3,-13
87.449580,10245,rest,-9,-12,-1,-1,-5,-2,1,-44
87.449585,10246,rest,34,33,2,-1,5,-1,0,17
87.449588,10247,rest,13,-51,-3,-2,-3,-1,-1,1
87.461800,10248,rest,25,25,-2,-2,2,1,-1,9
87.461830,10249,rest,-12,-22,-1,-2,-3,-1,-2,-2
87.470388,10250,rest,-3,9,0,-1,2,-1,0,3
87.470410,10251,rest,37,16,-1,-2,5,-2,-2,-4
87.485543,10252,rest,29,-11,-1,1,-1,1,1,-6
87.485569,10253,rest,-16,23,0,0,-3,0,-4,8
87.487476,10254,rest,3,36,-1,-2,7,0,0,-2
87.487488,10255,rest,-24,-67,-3,-3,-7,0,1,10
87.507804,10256,rest,-40,-19,-1,-4,-5,-2,-2,3
87.507865,10257,rest,19,20,-1,2,3,-1,-2,16
87.509306,10258,rest,-15,-6,1,2,2,0,0,4
87.509316,10259,rest,31,17,2,1,3,0,2,35
87.521511,10260,rest,-20,-17,-7,-5,-6,-4,0,-28
87.521537,10261,rest,-6,-3,2,-1,3,-3,-5,23
87.531876,10262,rest,-4,0,-4,-3,-3,1,-1,5
87.531882,10263,rest,17,38,1,1,-1,-1,-3,-17
87.545238,10264,rest,-50,-48,-4,0,0,0,1,-6
87.545275,10265,rest,0,-13,-1,-1,-2,-1,0,6
87.546875,10266,rest,6,-9,-1,0,-1,-2,-2,-9
87.546911,10267,rest,0,8,0,0,-5,-1,1,27
87.567923,10268,rest,16,23,5,2,4,0,0,9
87.567949,10269,rest,9,53,-1,-4,-6,1,1,-9
87.569853,10270,rest,-11,-68,-6,-3,0,-2,-5,14
87.569862,10271,rest,-20,-19,-4,-2,2,-1,-1,-19
87.591386,10272,rest,65,31,5,2,9,-1,-3,11
87.591392,10273,rest,-83,-32,-2,-5,-8,-2,-1,-19
87.591856,10274,rest,11,39,-1,-2,-2,-3,1,-17
87.591903,10275,rest,-6,2,0,0,3,-1,-1,-7
87.605751,10276,rest,10,-5,-1,0,-4,0,0,12
87.605758,10277,rest,22,-26,1,3,20,1,-3,-1
87.606735,10278,rest,-45,-17,1,-1,-27,0,0,2
87.606751,10279,rest,-10,-42,-6,-3,-4,-3,-3,-18
87.628011,10280,rest,-1,1,0,0,-10,-1,-4,2
87.628040,10281,rest,10,25,1,2,9,0,-2,7
87.629998,10282,rest,7,4,-2,-1,4,-2,-2,-33
87.630007,10283,rest,10,3,3,3,3,2,0,30
87.650341,10284,rest,36,18,-1,-2,-3,-1,2,-3
87.650368,10285,rest,-27,-48,-6,-2,-5,-1,-1,1
87.652546,10286,rest,12,-19,0,0,9,-1,0,16
87.652552,10287,rest,11,22,2,-4,-8,-2,-3,-19
87.665614,10288,rest,-12,-1,0,-2,2,-1,-1,-1
87.668249,10289,rest,4,-32,-1,0,-4,-1,-3,-8
87.668260,10290,rest,1,24,0,-1,2,-1,-1,-4
87.668262,10291,rest,-5,-9,-2,-2,2,-1,0,-7
87.687747,10292,rest,-19,13,-3,-1,-5,-1,-1,12
87.687764,10293,rest,20,50,-1,-7,0,-4,-5,-4
87.689502,10294,rest,-25,-32,-3,3,3,3,2,6
87.689529,10295,rest,-18,1,1,1,1,2,2,-9
87.710256,10296,rest,-3,-14,-3,1,-1,1,-3,4
87.710283,10297,rest,-4,23,1,-1,-1,0,0,1
87.712225,10298,rest,18,28,1,-2,3,-1,-1,3
87.712232,10299,rest,-25,-9,-2,-2,-1,-1,0,-9
87.724676,10300,rest,11,-16,-2,1,9,1,1,-4
87.724737,10301,rest,-14,-13,-5,-8,-26,-4,-1,3
87.731628,10302,rest,22,19,3,0,-4,-1,-2,5
87.731652,10303,rest,10,-6,1,0,3,-2,1,-38
87.747788,10304,rest,-6,10,-2,-2,-3,-4,-12,25
87.747824,10305,rest,4,-15,3,0,4,-1,0,-10
87.749423,10306,rest,23,-3,-1,-1,-4,2,1,43
87.749454,10307,rest,18,-20,-6,-2,-7,-1,-4,-5
87.770301,10308,rest,-35,60,-2,-3,6,-2,2,-12
87.770321,10309,rest,10,-93,-9,-1,-1,0,0,-13
87.772255,10310,rest,-11,31,3,-2,-1,-2,-2,-13
87.772379,10311,rest,3,-11,-2,-3,-1,0,2,5
87.784629,10312,rest,-6,0,3,1,17,-1,-2,5
87.784648,10313,rest,-3,22,0,-1,0,1,1,10
87.791468,10314,rest,4,0,-2,-3,-4,-1,-1,-10
87.791494,10315,rest,14,8,-3,0,-2,0,-3,11
87.807958,10316,rest,-23,-48,-4,-3,-7,-2,0,-14
87.807982,10317,rest,6,44,-2,1,-2,-1,0,0
87.810021,10318,rest,-5,-27,-1,1,10,1,0,-5
87.810032,10319,rest,35,64,3,-1,-6,-1,0,5
87.830526,10320,rest,-82,-109,-3,-1,-6,-1,-1,-7
87.830550,10321,rest,42,42,1,0,1,-1,1,3
87.833020,10322,rest,-23,31,-8,-5,-9,-3,0,-3
87.833027,10323,rest,-5,-1,-3,-1,10,-2,0,6
87.844927,10324,rest,21,25,3,0,-14,-1,3,-6
87.844953,10325,rest,-2,27,1,-1,1,-1,1,7
87.851525,10326,rest,5,-52,0,0,0,1,2,25
87.851549,10327,rest,-12,39,-2,-1,-9,-1,4,0
87.867901,10328,rest,14,-15,-4,-7,1,-1,2,-27
87.867926,10329,rest,-12,12,0,5,1,2,0,43
87.870066,10330,rest,2,28,2,0,-2,-3,-2,0
87.870075,10331,rest,-22,-22,-2,-1,11,1,1,0
87.890461,10332,rest,27,-11,-3,-3,-1,1,0,-2
87.890489,10333,rest,-11,10,-2,-3,-11,-2,-2,-25
87.891804,10334,rest,-47,-16,-2,0,4,-2,-1,-12
87.891851,10335,rest,9,3,-3,-3,-4,-1,-3,9
87.904656,10336,rest,18,15,1,-1,4,-2,-1,4
87.904679,10337,rest,6,-28,3,1,-1,0,-2,-5
87.911597,10338,rest,19,-21,-8,-3,5,1,-2,-4
87.911624,10339,rest,-6,-23,-2,-1,-7,-2,-5,-2
87.928003,10340,rest,5,35,1,-1,-3,1,-1,6
87.929725,10341,rest,14,-43,-3,-1,2,-1,0,-4
87.929734,10342,rest,1,7,-1,-1,3,-1,1,-10
87.929737,10343,rest,-1,20,2,2,-1,-2,-2,-5
87.951226,10344,rest,25,10,1,0,-3,-1,-1,6
87.951234,10345,rest,-89,-6,-6,-4,-4,-3,-6,-7
87.951819,10346,rest,-14,-29,-3,2,-3,-3,1,-47
87.951905,10347,rest,-3,14,-1,1,15,-1,-2,-2
87.967331,10348,rest,-7,-41,-2,1,-30,-1,-2,-1
87.967342,10349,rest,15,18,2,-1,-1,1,2,7
87.971433,10350,rest,2,35,-1,-2,-10,-1,-1,-1
87.971503,10351,rest,12,-49,0,-2,0,-1,3,-1
87.987447,10352,rest,-17,11,1,3,9,1,-9,44
87.987468,10353,rest,6,-7,-1,-3,-3,-1,1,-8
87.993831,10354,rest,-9,4,-2,-1,-3,2,0,4
87.993850,10355,rest,-2,22,-1,-2,-2,0,-1,-1
88.010488,10356,rest,4,3,-2,-3,3,0,2,-3
88.010515,10357,rest,15,-35,2,0,-4,0,0,-1
88.012355,10358,rest,35,71,0,1,9,-1,-5,18
88.012365,10359,rest,-14,-42,-3,-3,-6,0,-2,0
88.024642,10360,rest,38,5,-3,-1,1,-2,-1,-18
88.024667,10361,rest,-52,-7,-3,-2,5,0,-2,-4
88.031510,10362,rest,26,-31,0,-4,-3,0,-4,11
88.031530,10363,rest,-1,23,1,2,-6,-2,-1,-6
88.047917,10364,rest,-13,-3,-1,-1,-3,0,0,-7
88.047947,10365,rest,15,12,4,1,-3,0,2,0
88.049650,10366,rest,9,0,-5,-5,-13,-1,1,10
88.049679,10367,rest,-22,-16,0,0,3,-4,-3,-5
88.070324,10368,rest,-18,9,-1,-1,27,-1,-1,1
88.070347,10369,rest,19,11,-1,-2,-7,0,0,-3
88.071897,10370,rest,-18,1,3,0,-2,0,2,24
88.071916,10371,rest,4,3,-1,-2,-4,-1,0,1
88.084085,10372,rest,4,-8,1,2,6,-1,1,-10
88.084110,10373,rest,4,6,-3,1,3,-1,0,-8
88.093901,10374,rest,-56,-47,-3,-3,0,-3,-2,-16
88.093907,10375,rest,59,30,-5,-2,-1,-1,-1,6
88.110799,10376,rest,-60,-44,-2,-1,-4,-2,-1,-3
88.110807,10377,rest,11,21,0,-1,0,-2,-5,7
88.110810,10378,rest,13,-17,0,1,2,0,1,-4
88.110812,10379,rest,-2,12,0,-1,-1,-1,-1,-1
88.130706,10380,rest,-4,4,0,-4,-11,0,1,-6
88.130759,10381,rest,12,-29,1,4,6,2,-1,61
88.132563,10382,rest,-7,19,0,-3,-4,-2,-1,-10
88.132574,10383,rest,18,-20,-1,-2,-3,1,2,-2
88.143961,10384,rest,-23,3,1,1,-4,-1,-1,-3
88.143987,10385,rest,3,4,-4,-2,2,-2,-5,-23
88.154008,10386,rest,14,18,2,0,1,0,-1,1
88.154021,10387,rest,-28,-12,-3,-1,-13,0,-2,2
88.175343,10388,rest,7,-2,-5,-7,10,-3,-3,-2
88.175369,10389,rest,4,3,0,-2,0,0,2,-7
88.178337,10390,rest,-18,-17,2,1,-2,-2,0,-8
88.178344,10391,rest,-2,17,-1,-2,-7,-2,-2,-14
88.190558,10392,rest,48,47,0,2,-1,-1,1,25
88.190588,10393,rest,-82,-60,-4,-2,0,-2,-1,-16
88.191752,10394,rest,2,-14,-1,0,1,-1,-5,8
88.191773,10395,rest,-25,-9,0,3,13,1,-2,-4
88.203957,10396,rest,28,12,-2,-3,-31,-2,-3,-9
88.203980,10397,rest,14,45,-4,-1,0,-1,2,2
88.213835,10398,rest,7,-6,-1,0,-2,0,0,3
88.213843,10399,rest,-23,-2,1,-2,-5,-3,1,0
88.227705,10400,rest,4,19,-1,0,12,1,2,-1
88.227755,10401,rest,21,-16,0,0,-6,-2,0,-5
88.229224,10402,rest,-27,0,-2,-1,-1,-1,0,-10
88.229268,10403,rest,16,8,-2,-5,0,-3,-8,-2
88.250297,10404,rest,1,7,-1,2,3,1,-1,-5
88.250322,10405,rest,3,18,-3,-5,-5,-2,1,-65
88.251710,10406,rest,-1,-27,1,2,6,-1,-1,11
88.251728,10407,rest,17,2,-2,-3,-7,1,-1,7
88.266280,10408,rest,26,-9,0,-3,-4,-3,-2,2
88.266291,10409,rest,-29,-2,-4,1,-5,-1,0,4
88.273761,10410,rest,10,4,-3,0,0,-3,0,-11
88.273767,10411,rest,-9,6,0,1,-2,1,0,-3
88.287837,10412,rest,5,-12,0,0,-1,1,2,-10
88.287859,10413,rest,15,43,0,0,4,-1,-2,5
88.289520,10414,rest,15,-23,-2,-1,-2,-1,0,-2
88.289550,10415,rest,-20,-26,-2,-1,1,0,0,11
88.310365,10416,rest,-23,-7,-5,-1,1,-2,-3,-4
88.310394,10417,rest,15,-2,6,2,3,1,0,47
88.312759,10418,rest,0,37,1,-3,-4,1,-1,-2
88.312764,10419,rest,2,-61,-1,3,21,0,-2,0
88.323938,10420,rest,-24,16,-5,-3,-13,-3,-4,-2
88.323959,10421,rest,-5,-13,-3,-4,-3,-1,-2,-4
88.335195,10422,rest,43,2,-1,-2,-3,-2,-3,-5
88.335217,10423,rest,-14,28,2,5,5,0,1,2
88.348377,10424,rest,6,-3,1,0,2,1,-1,-8
88.348401,10425,rest,16,-2,-1,1,4,-1,-7,1
88.350962,10426,rest,-7,-3,-3,-1,-1,-1,0,-2
88.350968,10427,rest,23,26,4,-2,-2,-2,1,-2
88.370398,10428,rest,-25,-11,-1,1,3,0,-2,-1
88.370415,10429,rest,14,-8,0,-1,-5,-1,-2,-6
88.371994,10430,rest,-6,4,0,-3,2,-1,1,5
88.372002,10431,rest,4,6,-3,-3,-9,-1,0,-4
88.384159,10432,rest,-21,-9,-1,-2,-4,-1,1,-21
88.384190,10433,rest,0,2,4,3,8,-2,0,-9
88.394639,10434,rest,-2,14,2,-1,-3,0,-2,-3
88.394645,10435,rest,-12,-15,-4,-1,-4,-1,2,7
88.407792,10436,rest,-7,0,-3,-2,0,-1,-2,-29
88.407815,10437,rest,38,11,-4,-4,-4,-1,3,-5
88.409200,10438,rest,-59,-10,-2,0,-3,-1,-3,-4
88.409237,10439,rest,-18,-3,1,-1,-4,1,-2,46
88.430681,10440,rest,0,1,-1,1,1,1,-1,5
88.430725,10441,rest,-23,-31,-1,-1,-2,-3,-2,1
88.433341,10442,rest,0,3,-2,-4,-1,-1,0,-3
88.433354,10443,rest,8,15,-1,0,1,-2,0,-15
88.444215,10444,rest,3,1,2,1,0,-1,0,9
88.444241,10445,rest,-11,-7,-2,0,21,1,1,12
88.452855,10446,rest,21,-3,0,2,-22,-1,2,0
88.452876,10447,rest,5,15,1,-2,-10,-4,-6,-12
88.467776,10448,rest,-9,21,1,-2,11,1,6,13
88.467806,10449,rest,1,-13,-7,-5,3,-1,-2,-14
88.469315,10450,rest,-21,-6,-2,0,7,0,-1,-6
88.469334,10451,rest,-10,6,-4,0,-3,-1,-1,-7
88.490407,10452,rest,6,-54,0,0,-7,-2,-1,8
88.490433,10453,rest,6,24,2,-1,-7,0,-1,2
88.492595,10454,rest,15,-6,-2,-2,3,-2,0,-2
88.492600,10455,rest,-15,0,-1,-1,-2,0,2,-1
88.504069,10456,rest,7,16,1,-2,0,0,-2,-5
88.504100,10457,rest,-4,-23,-1,-3,-5,-2,-3,8
88.515709,10458,rest,42,16,1,8,9,4,5,46
88.515718,10459,rest,-22,1,-4,-3,0,-3,-3,-15
88.528044,10460,rest,34,21,-4,-3,-3,-4,-7,-6
88.530415,10461,rest,-11,-24,2,1,-4,1,1,58
88.530433,10462,rest,30,-19,-1,-3,-2,-2,-4,-14
88.530435,10463,rest,6,-18,-3,-3,-10,-1,-2,-5
88.550399,10464,rest,6,-30,-2,0,22,-1,0,10
88.550427,10465,rest,-43,29,-2,-4,-11,0,0,-18
88.551991,10466,rest,-25,13,1,1,0,0,-1,-9
88.552014,10467,rest,26,-30,0,2,-3,2,1,6
88.572805,10468,rest,-32,13,-3,-3,-4,-2,1,-13
88.572832,10469,rest,16,-4,1,2,3,-1,-5,-10
88.574386,10470,rest,-12,11,-1,-1,-1,-2,-1,-6
88.574425,10471,rest,7,16,0,-1,6,-1,4,-13
88.587955,10472,rest,-23,-19,-2,-1,-10,-1,-1,3
88.588005,10473,rest,11,9,1,2,-2,0,0,-7
88.589388,10474,rest,-18,31,0,0,0,1,2,0
88.589405,10475,rest,-13,-55,-5,-3,-1,-2,-3,-5
88.610164,10476,rest,-5,0,2,-1,-5,-1,-2,4
88.610202,10477,rest,-24,21,-1,-2,-6,-2,-3,-10
88.611682,10478,rest,-7,-51,-2,-4,2,0,-2,-44
88.611722,10479,rest,13,11,4,-2,1,0,-1,36
88.633041,10480,rest,31,26,2,3,-1,-1,-3,5
88.633067,10481,rest,-32,-26,-6,-6,1,-4,0,-16
88.635019,10482,rest,1,2,3,3,-1,-1,-1,-5
88.635028,10483,rest,-13,13,-4,0,-1,1,1,-17
88.647944,10484,rest,-3,10,0,1,6,0,-4,48
88.647977,10485,rest,36,4,-3,-5,-33,-2,2,1
88.649849,10486,rest,2,-29,-5,-4,1,-1,-2,7
88.649859,10487,rest,48,10,0,-2,-3,-2,-3,-13
88.670291,10488,rest,-54,17,0,0,-6,0,-2,-9
88.670317,10489,rest,6,-6,-2,1,3,1,0,-12
88.671981,10490,rest,16,16,-2,-2,10,-3,-2,14
88.672041,10491,rest,-10,-23,-2,-3,-3,-3,-3,-4
88.692808,10492,rest,-2,15,1,-3,-1,0,0,-12
88.692830,10493,rest,27,-7,1,2,4,-3,-2,3
88.694505,10494,rest,-66,-16,-2,-1,-4,-2,-4,-4
88.696471,10495,rest,13,56,5,1,4,1,1,6
88.707491,10496,rest,3,-95,-5,-1,-4,-3,-1,-6
88.707587,10497,rest,-20,-10,-2,-1,-8,-1,-1,-4
88.714177,10498,rest,12,25,-2,1,1,-3,-3,0
88.714207,10499,rest,-3,23,2,3,5,-1,-10,-6
88.730648,10500,rest,-6,-1,-4,-2,-4,1,-1,0
88.730773,10501,rest,-3,-5,2,-1,0,1,-1,1
88.732190,10502,rest,27,10,-2,-2,-4,-3,0,-1
88.732206,10503,rest,9,19,0,-2,-1,-2,1,-14
88.752869,10504,rest,-60,-28,-2,-2,17,0,2,11
88.752890,10505,rest,12,-16,-4,-2,7,-1,-2,-3
88.754422,10506,rest,-1,9,-1,-3,-9,0,1,1
88.754444,10507,rest,-12,-10,-1,-1,-1,-2,-2,-9
88.767898,10508,rest,35,35,1,0,0,-1,2,-6
88.767910,10509,rest,3,5,-1,-2,4,1,-3,-12
88.773897,10510,rest,-23,5,2,0,-1,-1,-3,43
88.773916,10511,rest,17,15,-3,-3,-1,-2,2,-15
88.790498,10512,rest,-5,-15,-1,0,-6,0,-1,-9
88.790531,10513,rest,7,30,-2,-1,-2,-2,1,-10
88.792865,10514,rest,16,-33,-5,-5,-7,-2,1,-15
88.792871,10515,rest,-21,-25,-2,1,-5,0,2,7
88.814166,10516,rest,-2,13,1,-3,-7,-1,-2,0
88.814174,10517,rest,27,10,-1,1,-5,-2,1,2
88.814375,10518,rest,-20,18,1,2,2,2,0,-8
88.814403,10519,rest,25,-10,2,-1,0,1,-1,12
88.827346,10520,rest,3,-10,-4,0,-6,-1,-1,-5
88.827370,10521,rest,-34,1,0,-1,-1,-2,1,6
88.834069,10522,rest,22,-16,-1,0,4,0,-6,-7
88.834093,10523,rest,-29,-26,-2,-2,-4,-1,-1,1
88.850442,10524,rest,33,-14,0,0,-7,0,-1,-3
88.850470,10525,rest,-24,-7,-2,0,20,0,1,0
88.853092,10526,rest,-37,-4,0,-1,-33,-2,3,1
88.853100,10527,rest,36,38,-2,-2,-3,0,-2,-1
88.873002,10528,rest,-35,2,1,1,3,1,1,-2
88.873039,10529,rest,-22,-4,-4,-2,0,-1,-4,-1
88.874748,10530,rest,7,-9,1,0,7,1,2,0
88.874766,10531,rest,-21,8,1,0,2,1,1,3
88.887108,10532,rest,34,44,2,-1,-8,-3,-3,1
88.887130,10533,rest,12,-58,-2,-5,-6,-1,-2,0
88.894086,10534,rest,26,22,-2,-3,5,-2,0,-25
88.894165,10535,rest,-82,-24,-1,1,0,-2,-4,13
88.910261,10536,rest,35,14,-4,-2,17,-1,0,19
88.910286,10537,rest,-10,15,3,0,-3,-1,-2,-4
88.911892,10538,rest,43,-1,-2,-3,2,-2,-5,-10
88.911924,10539,rest,6,-6,-2,-3,-7,-1,1,4
88.932987,10540,rest,11,-7,-1,2,9,1,0,-9
88.933013,10541,rest,-27,18,-2,-2,-2,-1,-2,6
88.935126,10542,rest,-12,-17,-1,-3,-1,-1,0,18
88.935135,10543,rest,24,1,-1,1,9,-2,-2,-6
88.948014,10544,rest,-11,31,1,0,-21,-2,-5,-3
88.948041,10545,rest,9,-41,-1,1,0,0,1,4
88.953889,10546,rest,31,28,-3,-4,0,-2,0,-2
88.953915,10547,rest,-39,-26,-3,-1,3,0,2,-3
88.970421,10548,rest,52,11,1,1,18,-2,-7,2
88.970427,10549,rest,-47,5,1,-1,-11,-1,2,-5
88.971874,10550,rest,-39,-10,-4,0,0,2,-4,1
88.971958,10551,rest,19,-4,0,-3,-5,-2,0,7
88.992805,10552,rest,10,21,-1,-6,0,-2,4,3
88.992833,10553,rest,13,-13,-2,8,20,-3,-2,0
88.994496,10554,rest,-5,-24,0,1,3,0,2,7
88.994501,10555,rest,1,12,0,0,-2,-2,0,-5
89.007553,10556,rest,-12,-2,1,0,-15,-1,0,-7
89.007580,10557,rest,11,23,-1,-5,0,-1,-2,-4
89.014066,10558,rest,-1,6,0,0,3,0,0,-3
89.014090,10559,rest,35,6,-2,-2,3,-2,-4,-3
89.030750,10560,rest,-73,-34,-4,0,-6,-2,-2,-9
89.030789,10561,rest,11,10,-3,-4,-3,-1,-2,-17
89.033399,10562,rest,-6,-18,0,2,3,-1,-2,25
89.033407,10563,rest,16,50,3,-1,-5,1,1,25
89.052807,10564,rest,14,-104,-9,-3,-1,0,3,6
89.052833,10565,rest,-14,27,-1,-2,-6,-2,-3,-16
89.054209,10566,rest,-13,6,-3,-2,-1,-2,0,-12
89.054232,10567,rest,-17,-3,-1,-1,3,-1,-1,-12
89.066508,10568,rest,23,33,2,-1,-6,-1,-3,-4
89.066531,10569,rest,23,4,0,3,6,1,-1,13
89.075990,10570,rest,5,-16,-1,-3,-9,-2,-1,-3
89.075996,10571,rest,36,59,1,1,-9,-2,-3,0
89.090378,10572,rest,-59,-90,-8,-5,1,-1,0,-7
89.090403,10573,rest,-3,2,2,-3,-11,-2,1,-3
89.092194,10574,rest,-8,14,1,9,13,-1,-9,-2
89.092199,10575,rest,-3,-13,-2,-5,4,-2,-1,-12
89.113300,10576,rest,9,35,3,1,-5,-1,2,0
89.113308,10577,rest,28,-1,-1,-8,-4,-3,2,10
89.114386,10578,rest,11,5,3,3,4,-1,2,-5
89.114409,10579,rest,-35,-38,-8,-3,3,-1,-3,-5
89.126666,10580,rest,15,6,2,-1,0,-3,-4,-2
89.126692,10581,rest,31,-10,2,-1,1,2,-2,9
89.136548,10582,rest,-10,35,-1,-4,3,1,1,43
89.136565,10583,rest,-21,-50,-3,0,-3,0,-1,20
89.150352,10584,rest,17,14,0,0,-3,0,1,-2
89.150565,10585,rest,-14,3,-4,-4,-7,-1,-2,0
89.152857,10586,rest,-2,10,4,4,-1,-2,-3,-21
89.152862,10587,rest,3,20,0,-2,-1,0,1,-13
89.180650,10588,rest,2,-29,-7,-2,-3,1,-2,3
89.180691,10589,rest,5,9,0,2,3,-2,0,3
89.181860,10590,rest,15,-7,-2,-1,1,-1,1,0
89.183745,10591,rest,6,40,1,-1,-8,-1,-1,-5
89.186344,10592,rest,0,-61,-3,-5,-1,-1,-1,6
89.186364,10593,rest,-1,8,-3,-2,5,0,-3,-2
89.195124,10594,rest,13,-3,-1,-4,-15,1,2,0
89.195146,10595,rest,-36,-12,0,6,25,0,-1,0
89.210312,10596,rest,19,51,2,-1,-3,-2,-1,-8
89.210333,10597,rest,-6,-10,-3,-2,-8,-1,0,2
89.211712,10598,rest,0,-35,-3,-1,1,0,-1,-6
89.211732,10599,rest,16,5,1,-2,-10,0,6,-3
89.232967,10600,rest,15,34,1,3,2,0,-3,-2
89.233045,10601,rest,21,7,2,1,1,-2,-2,2
89.235644,10602,rest,-59,-7,-6,-4,-3,-2,-1,-10
89.235652,10603,rest,10,-37,1,-5,-1,-1,1,-5
89.246705,10604,rest,-34,32,2,2,1,0,1,1
89.246738,10605,rest,-6,19,0,0,-3,2,-2,2
89.256381,10606,rest,16,-33,-2,-2,1,-2,-2,-4
89.256390,10607,rest,-12,-34,-4,-3,-5,-1,-3,-18
89.270406,10608,rest,13,18,2,0,-3,-2,0,0
89.270447,10609,rest,-11,30,0,2,-5,-2,-2,-36
89.272149,10610,rest,-35,-53,-1,-2,-5,-1,1,14
89.272156,10611,rest,8,23,-5,-2,-9,-2,-1,-3
89.292987,10612,rest,0,-11,-3,-1,2,-1,-2,-7
89.293010,10613,rest,-10,-43,-2,1,20,0,0,-3
89.295223,10614,rest,49,52,4,1,14,-1,-1,-15
89.295229,10615,rest,-42,-29,-6,-3,-22,-1,-5,0
89.306351,10616,rest,-45,10,-1,-1,-1,-1,0,-24
89.306375,10617,rest,5,-8,-2,-2,-2,3,-1,18
89.318294,10618,rest,25,13,1,-2,12,-1,0,-1
89.318302,10619,rest,5,0,-2,-2,-26,-1,-2,4
89.330808,10620,rest,0,-28,-2,-2,0,-1,-1,2
89.330847,10621,rest,-15,16,2,0,-7,-4,-1,5
89.333568,10622,rest,20,-22,-7,-4,2,1,1,-7
89.333575,10623,rest,14,21,1,0,10,0,-8,-2
89.352943,10624,rest,4,16,1,-3,-1,-1,0,-4
89.352969,10625,rest,-13,-5,-1,-1,-8,-2,1,9
89.354327,10626,rest,34,22,-1,-1,-9,-1,-2,3
89.354343,10627,rest,25,-2,0,2,11,0,1,57
89.366800,10628,rest,-66,-11,-3,-2,-4,0,-2,3
89.366813,10629,rest,-12,-10,-1,-1,-1,-1,-3,0
89.376680,10630,rest,-16,30,-1,-2,-2,-1,-1,1
89.376690,10631,rest,-1,-58,-2,0,6,-1,1,-13
89.390229,10632,rest,28,14,1,3,2,0,-1,0
89.390255,10633,rest,32,26,-4,-3,7,-1,0,-31
89.392301,10634,rest,-25,-10,-1,-2,-8,0,-1,-8
89.392306,10635,rest,-39,10,0,0,2,0,2,-10
89.414710,10636,rest,-6,2,1,2,-1,1,-5,14
89.414716,10637,rest,38,4,-2,1,0,-1,-3,-4
89.414719,10638,rest,-4,27,-1,-5,-8,-2,-2,-2
89.414721,10639,rest,23,-67,-6,4,37,-5,-4,-9
89.426930,10640,rest,4,10,0,-5,-28,-2,-1,1
89.426958,10641,rest,-25,-11,-1,1,4,0,2,8
89.435658,10642,rest,11,10,2,-1,-8,-2,-2,3
89.437183,10643,rest,-3,-1,1,-4,-7,0,0,2
89.450395,10644,rest,-8,2,-6,0,10,4,2,-6
89.450420,10645,rest,45,-3,1,1,-3,-4,-3,29
89.451902,10646,rest,-102,-27,-2,0,0,-2,0,-7
89.451937,10647,rest,20,28,5,2,-1,-2,0,-13
89.472736,10648,rest,-3,-5,0,1,2,-2,-3,-2
89.472763,10649,rest,-28,31,6,-2,-14,1,1,5
89.474468,10650,rest,-3,-75,-11,-3,1,-5,-5,-5
89.474476,10651,rest,20,45,3,1,-2,2,-1,60
89.495298,10652,rest,-7,-4,-3,-1,0,-2,3,1
89.495331,10653,rest,-9,-38,-4,-4,-5,2,-2,-3
89.497132,10654,rest,21,49,2,-2,17,-1,0,5
89.497173,10655,rest,-17,-4,0,0,-45,-3,0,-19
89.510262,10656,rest,16,26,-1,-1,12,-2,-2,-1
89.510291,10657,rest,-4,-23,-2,0,6,-1,1,3
89.511943,10658,rest,0,-11,0,-1,-13,1,0,-6
89.511971,10659,rest,15,6,0,-3,7,-2,-1,-11
89.532901,10660,rest,33,11,2,0,3,-4,-3,-40
89.532926,10661,rest,-25,12,-5,-3,-7,1,4,-1
89.535057,10662,rest,-3,-49,1,0,6,-1,-4,-1
89.535066,10663,rest,-50,30,1,0,0,2,-3,-9
89.555657,10664,rest,25,-48,-1,-3,-8,-3,1,7
89.555667,10665,rest,20,21,-2,0,9,0,-1,-4
89.564706,10666,rest,10,1,1,-1,-4,-2,-2,0
89.564712,10667,rest,-14,30,-1,-4,1,-2,0,-10
89.570962,10668,rest,-8,-52,-6,3,0,-2,-3,6
89.570969,10669,rest,-20,-22,-1,1,15,5,1,1
89.576686,10670,rest,30,39,2,1,-30,-1,1,-15
89.576713,10671,rest,-32,-42,-2,-6,-9,0,-2,-11
89.592771,10672,rest,-1,42,3,1,3,0,-2,7
89.592796,10673,rest,-3,-7,-1,-2,10,-6,-3,2
89.594807,10674,rest,15,2,1,-1,1,3,3,50
89.594813,10675,rest,32,9,-3,0,9,1,-12,0
89.615452,10676,rest,-35,23,2,0,-8,-1,3,8
89.615489,10677,rest,-23,-49,-4,-2,-12,-3,-1,-3
89.617811,10678,rest,38,45,-1,5,2,0,4,-12
89.617825,10679,rest,-27,-28,2,-1,-3,-3,0,25
89.629896,10680,rest,25,7,-3,0,8,0,0,14
89.632558,10681,rest,12,11,2,-7,-15,-2,-3,-13
89.636413,10682,rest,-20,17,-4,3,7,0,-2,-8
89.636432,10683,rest,20,-25,-3,0,2,0,4,-10
89.652767,10684,rest,-6,4,0,-3,-7,-2,-2,-11
89.652786,10685,rest,-15,-17,1,0,-2,1,3,7
89.654344,10686,rest,7,-6,0,-5,5,-2,-3,-1
89.654410,10687,rest,21,18,1,1,-1,-2,-2,-8
89.675314,10688,rest,-7,29,-3,-4,7,-1,-1,1
89.675344,10689,rest,46,-46,-3,1,-10,-1,0,-3
89.676836,10690,rest,-55,-6,0,-2,0,0,-3,1
89.676908,10691,rest,4,-5,-2,-4,4,-1,1,-7
89.689652,10692,rest,-3,11,-1,0,0,-1,-3,-3
89.691691,10693,rest,-10,10,-1,1,2,1,0,-5
89.696894,10694,rest,21,-3,0,-1,-4,-4,-2,-6
89.696930,10695,rest,-12,-3,-3,-4,5,-2,1,-3
89.713574,10696,rest,21,4,1,-4,-15,1,0,-19
89.713584,10697,rest,14,32,1,2,-2,-2,-3,6
89.714535,10698,rest,-77,-45,1,3,13,-1,-13,-6
89.714553,10699,rest,6,-12,-4,0,-18,-2,0,-6
89.735924,10700,rest,11,-5,-1,-4,-4,-1,-2,5
89.736019,10701,rest,-22,40,-2,1,4,-1,0,22
89.737918,10702,rest,25,9,1,2,10,1,2,-6
89.737926,10703,rest,2,10,-2,-3,4,-1,4,-20
89.750003,10704,rest,2,-2,1,1,-9,0,-2,-12
89.750037,10705,rest,-24,-16,-3,0,-17,-1,-1,-11
89.756405,10706,rest,-12,-10,-5,-4,-5,-2,2,6
89.756428,10707,rest,23,12,-1,1,3,-1,-1,6
89.772842,10708,rest,-14,-39,-3,-2,-3,-1,2,7
89.772875,10709,rest,-10,11,2,1,11,0,-4,-5
89.775576,10710,rest,-16,8,-2,-3,-7,-1,1,5
89.775584,10711,rest,7,3,0,-2,0,1,0,-2
89.795540,10712,rest,8,14,1,-3,3,-1,-1,5
89.795569,10713,rest,34,4,-1,-2,18,-1,-2,-4
89.797093,10714,rest,9,0,-2,-4,-18,-1,0,-12
89.797130,10715,rest,-1,-25,-6,-1,5,-1,-3,-3
89.809919,10716,rest,-6,14,0,-4,-26,-2,2,5
89.809946,10717,rest,7,-40,-7,-3,8,-1,1,1
89.816476,10718,rest,22,18,5,2,0,2,-1,44
89.816504,10719,rest,-26,0,-1,-2,-2,-4,-3,-2
89.832899,10720,rest,3,10,2,0,7,-1,-1,3
89.835189,10721,rest,-26,15,-3,-4,-10,-2,-2,4
89.835202,10722,rest,10,-5,-3,-2,-1,2,3,10
89.835205,10723,rest,-12,5,-1,2,2,-2,-4,-41
89.855555,10724,rest,5,-24,-1,1,10,2,2,10
89.855564,10725,rest,-20,-4,2,-1,-4,0,0,-9
89.856803,10726,rest,16,-8,-3,-3,3,0,0,-14
89.856822,10727,rest,-2,25,-1,-5,-3,1,0,4
89.871363,10728,rest,6,-41,-3,4,7,0,-2,-3
89.871370,10729,rest,-21,3,-1,-1,-6,-3,-1,-7
89.876696,10730,rest,18,-9,-5,-4,-3,1,-1,-13
89.876722,10731,rest,4,-1,2,4,5,1,2,11
89.892764,10732,rest,0,12,-1,-3,-3,-2,-1,-1
89.892795,10733,rest,10,18,0,0,14,-1,-3,3
89.895266,10734,rest,-39,-28,1,0,-45,-4,-4,-8
89.895274,10735,rest,11,12,0,-5,-1,-1,-1,6
89.917198,10736,rest,-9,6,0,1,5,0,-3,1
89.917204,10737,rest,12,-7,-2,-1,-10,-1,-2,-4
89.917207,10738,rest,-1,5,4,1,13,0,0,-9
89.917209,10739,rest,11,-33,-7,-2,-9,-2,0,6
89.929718,10740,rest,-25,13,0,-1,4,0,0,3
89.929747,10741,rest,-5,20,-3,-4,5,-1,-2,-2
89.936516,10742,rest,40,3,-4,-4,2,-2,-2,-2
89.936538,10743,rest,-27,-4,4,9,1,1,1,60
89.952881,10744,rest,14,4,0,-1,21,-1,-1,-4
89.952906,10745,rest,7,16,4,2,-1,1,-2,2
89.954483,10746,rest,-4,-40,-2,-1,5,0,-2,3
89.954538,10747,rest,2,4,0,-1,-5,-1,-1,-25
89.975213,10748,rest,5,-10,1,-3,3,-1,-4,-2
89.975234,10749,rest,8,27,-1,-1,-8,0,0,22
89.976806,10750,rest,26,-14,1,-1,1,-2,-7,-12
89.976879,10751,rest,7,-17,-3,-3,5,-3,-2,-14
89.988969,10752,rest,-6,31,0,-2,-11,-1,-2,-17
89.988997,10753,rest,-18,-26,-2,0,-3,-1,-1,-13
89.998884,10754,rest,-14,-5,0,-1,3,-1,1,3
89.998896,10755,rest,-13,-1,1,1,13,2,-1,3
90.012693,10756,rest,8,-4,-2,-1,-33,-1,-1,9
90.012718,10757,rest,4,12,0,-1,-5,1,3,-2
90.014368,10758,rest,-6,23,0,0,5,-1,4,-2
90.014432,10759,rest,-26,7,-1,-5,-4,-2,-3,-6
90.035342,10760,rest,4,-22,-5,-1,4,-5,2,-1
90.035365,10761,rest,-13,-20,-2,-2,-2,-2,0,-60
90.036723,10762,rest,11,31,0,0,-5,1,1,5
90.036739,10763,rest,28,-5,2,0,0,-3,-3,-4
90.048884,10764,rest,-30,-26,-5,-3,-2,1,0,1
90.048908,10765,rest,1,-20,-4,-3,-1,-4,-3,-3
90.057846,10766,rest,28,29,-2,-4,6,-1,-1,-1
90.057894,10767,rest,-2,8,-2,-5,-5,-2,-1,-1
90.072729,10768,rest,-5,-21,-3,-1,7,-2,0,-1
90.072780,10769,rest,3,-15,1,0,-4,-1,1,11
90.074187,10770,rest,8,13,1,-1,11,-2,0,-5
90.074205,10771,rest,-2,21,-2,-2,-2,1,2,6
90.095304,10772,rest,-16,-29,1,0,-2,3,0,0
90.095330,10773,rest,-10,5,-1,1,-5,0,-1,3
90.097079,10774,rest,-3,-16,-6,-1,4,-4,-2,17
90.097090,10775,rest,-4,-6,0,1,-5,0,0,-8
90.119306,10776,rest,20,14,0,0,3,1,2,39
90.119316,10777,rest,7,1,2,1,3,-2,-1,10
90.119319,10778,rest,-50,-5,0,0,-6,0,6,-10
90.119321,10779,rest,17,6,1,0,-3,-2,-2,-7
90.134181,10780,rest,-34,-4,-4,0,0,0,1,-6
90.134191,10781,rest,-15,2,-1,-7,-5,-1,0,2
90.134471,10782,rest,37,27,1,7,2,0,1,4
90.134491,10783,rest,-78,-57,-3,-3,-6,1,-2,-5
90.155325,10784,rest,26,18,2,4,15,0,-2,-13
90.155483,10785,rest,-16,-16,-5,-1,-41,-3,0,0
90.156967,10786,rest,-13,14,3,-6,-3,-1,-3,-8
90.156996,10787,rest,48,21,0,0,3,1,-3,61
90.169046,10788,rest,26,-21,2,-1,-3,-2,-4,-7
90.169071,10789,rest,3,30,-1,-1,7,-1,0,2
90.178526,10790,rest,-6,4,-2,-1,-3,1,-2,7
90.178532,10791,rest,-14,-2,-1,-1,-5,-1,1,-16
90.193034,10792,rest,-20,-22,-2,-3,-3,-1,-1,-5
90.193056,10793,rest,48,31,2,-2,4,0,-1,6
90.195619,10794,rest,-59,-20,-3,4,2,-2,-2,-15
90.195634,10795,rest,7,14,-1,-1,6,1,1,-8
90.215308,10796,rest,10,25,-1,3,1,-2,1,-6
90.215640,10797,rest,-2,-29,2,-2,15,-1,-4,-6
90.217254,10798,rest,20,14,-2,-1,2,-1,-3,0
90.217280,10799,rest,-10,9,2,1,0,2,1,-6
92.240627,10800,clench,-6,17,8,-2,2,8,24,10
92.241221,10801,clench,3,-25,-16,-4,-5,-9,-28,1
92.242696,10802,clench,-7,23,10,2,0,4,37,-8
92.242701,10803,clench,0,36,4,3,6,-8,-27,12
92.253824,10804,clench,5,9,16,-2,-4,12,7,-5
92.255605,10805,clench,-10,16,1,2,-2,-4,3,-16
92.263445,10806,clench,-5,-29,-28,-6,-2,0,-18,-13
92.263452,10807,clench,0,-25,-12,-3,4,-1,26,-1
92.279419,10808,clench,1,-28,11,7,3,-5,-14,3
92.279428,10809,clench,4,55,-17,2,0,2,0,4
92.279431,10810,clench,0,-61,13,-7,1,7,14,10
92.279433,10811,clench,9,27,6,-4,-6,0,8,18
92.300209,10812,clench,-5,27,11,4,1,0,-15,-5
92.300230,10813,clench,2,-45,-21,-7,0,-7,10,-14
92.302245,10814,clench,-14,-12,-11,3,3,-6,-18,-3
92.302251,10815,clench,3,16,3,-3,-1,1,-13,2
92.322734,10816,clench,6,-29,-13,-4,-4,-2,28,4
92.322764,10817,clench,1,9,9,5,5,8,-7,-1
92.325269,10818,clench,0,13,3,0,-10,-9,-15,-39
92.325276,10819,clench,-5,-84,-11,0,4,-1,11,1
92.337985,10820,clench,-6,87,12,-2,-3,-1,1,-2
92.338007,10821,clench,-2,-31,-3,-4,-1,-2,32,13
92.340287,10822,clench,6,29,7,7,6,-2,-27,-2
92.340292,10823,clench,5,-44,-31,-3,-11,1,2,-25
92.360527,10824,clench,2,25,12,-5,-5,-10,-17,10
92.360559,10825,clench,-7,1,-3,3,4,11,43,-5
92.362635,10826,clench,1,18,7,1,4,-5,-16,15
92.362641,10827,clench,-10,1,-13,-4,0,8,13,-44
92.383094,10828,clench,6,-33,1,3,-3,-9,-56,-4
92.383124,10829,clench,7,5,1,-1,4,7,35,7
92.385164,10830,clench,-2,4,3,-2,-3,-2,-12,2
92.385172,10831,clench,-3,-3,11,6,4,1,22,14
92.397316,10832,clench,1,-1,-6,-5,-5,-4,-21,-3
92.397347,10833,clench,3,-36,10,-2,-2,-6,-8,-9
92.403882,10834,clench,-3,-24,-2,2,7,4,15,-3
92.403908,10835,clench,6,-50,12,-2,-9,-2,26,14
92.420096,10836,clench,-3,28,-2,4,11,4,-4,-1
92.420120,10837,clench,3,20,9,3,2,-5,12,9
92.422058,10838,clench,1,17,-30,-7,0,7,-23,6
92.422080,10839,clench,7,47,42,6,1,-8,13,34
92.442582,10840,clench,-3,-37,-12,-5,-5,5,12,0
92.442606,10841,clench,0,-41,-6,-7,-1,-4,-22,-11
92.444593,10842,clench,-6,-9,-13,-2,-1,-6,-7,0
92.444602,10843,clench,-7,27,-9,1,2,1,1,-3
92.457641,10844,clench,2,-12,-15,-3,1,2,11,1
92.457665,10845,clench,-7,31,10,-1,-2,0,1,4
92.459676,10846,clench,-3,-26,3,-2,-3,-2,-14,-14
92.459689,10847,clench,-2,31,-6,-6,-1,6,-23,5
92.480161,10848,clench,11,73,2,1,3,0,15,31
92.480171,10849,clench,-11,28,6,-1,-5,-2,-17,-5
92.480174,10850,clench,0,-5,3,1,-1,-3,22,-4
92.480176,10851,clench,-6,-22,-13,-3,-2,-9,-12,-10
92.510247,10852,clench,-3,-18,5,-2,-2,3,4,-3
92.510315,10853,clench,-3,3,3,4,3,-3,-22,1
92.510880,10854,clench,-3,-67,-29,-7,-12,-21,-16,-11
92.510895,10855,clench,2,117,24,-6,-11,8,34,3
92.516385,10856,clench,-2,7,4,-4,-6,0,9,-7
92.516407,10857,clench,2,-16,1,-1,0,0,18,13
92.524591,10858,clench,-1,-1,6,1,1,-4,-20,-21
92.525779,10859,clench,-6,-40,-32,-1,1,-11,-25,-13
92.539524,10860,clench,-11,-23,-9,7,6,-5,9,-9
92.539555,10861,clench,17,62,-2,-4,-1,9,8,35
92.541504,10862,clench,4,2,2,-5,-2,13,16,8
92.541509,10863,clench,-18,5,3,-2,-3,-9,-12,-2
92.561959,10864,clench,4,-20,-2,1,1,-1,-2,-8
92.561977,10865,clench,1,-61,-12,-2,-2,-5,-4,-16
92.562668,10866,clench,4,76,7,0,1,3,12,-4
92.562681,10867,clench,5,-11,-3,4,4,3,13,21
92.576475,10868,clench,-5,-6,-1,3,12,-4,-15,-2
92.576617,10869,clench,2,-105,-27,-14,-16,-11,-71,-27
92.584761,10870,clench,-15,114,38,-6,-12,6,36,0
92.584779,10871,clench,-1,-30,0,0,3,5,15,20
92.599921,10872,clench,6,-17,-4,-1,-3,-3,-7,-24
92.599962,10873,clench,1,17,7,1,5,-1,1,11
92.602014,10874,clench,7,-86,-13,2,5,-1,-8,4
92.602030,10875,clench,-2,19,0,0,-1,-4,-12,-14
92.622019,10876,clench,-6,4,3,-2,-3,3,2,3
92.622042,10877,clench,-1,11,-6,1,-1,-2,-17,-5
92.622638,10878,clench,-3,-16,5,1,3,0,24,11
92.622658,10879,clench,1,19,-11,-4,2,-1,-5,-6
92.636590,10880,clench,2,-99,-30,6,7,-11,-8,-20
92.636607,10881,clench,-11,100,60,-7,-17,-13,9,-19
92.644919,10882,clench,11,9,-10,-7,-3,25,-50,11
92.644950,10883,clench,8,7,2,2,5,-4,-27,2
92.659603,10884,clench,-10,0,-6,-6,-7,5,48,-4
92.659639,10885,clench,5,-28,-17,-2,-2,-7,-10,-5
92.661126,10886,clench,-5,-10,-5,3,0,-12,15,0
92.661131,10887,clench,11,-39,-1,-1,-2,-2,-21,21
92.683854,10888,clench,-2,61,10,0,-1,0,-11,8
92.683864,10889,clench,-5,-5,-9,4,10,5,14,8
92.683866,10890,clench,5,10,-2,0,-3,-4,0,0
92.683930,10891,clench,-4,-39,-1,0,2,3,-3,-15
92.696435,10892,clench,-4,-22,6,-3,-4,-2,5,3
92.696460,10893,clench,-7,11,7,1,2,5,5,4
92.704701,10894,clench,5,-5,7,4,3,-1,-4,-19
92.704733,10895,clench,-7,-74,-28,2,3,-15,2,-14
92.719499,10896,clench,4,-72,21,-2,-15,-2,-32,7
92.719527,10897,clench,6,74,33,5,9,22,72,18
92.720285,10898,clench,4,-22,-8,-3,-3,0,-32,-20
92.720299,10899,clench,-12,-10,1,-1,-4,-4,34,-7
92.742817,10900,clench,24,-12,-11,0,6,6,-6,5
92.742903,10901,clench,-26,-43,-22,1,4,-4,-15,-17
92.745052,10902,clench,3,9,4,-2,-6,-4,38,6
92.745057,10903,clench,6,27,6,0,1,4,-17,21
92.756254,10904,clench,-2,28,-8,-2,-2,-2,-2,0
92.756273,10905,clench,5,2,0,1,1,-4,10,5
92.764832,10906,clench,-7,-10,-4,0,3,-7,12,17
92.764862,10907,clench,-6,17,-4,-1,4,0,-31,-20
92.779239,10908,clench,-6,50,1,-2,-10,-8,-5,-38
92.779256,10909,clench,-6,32,34,-1,-4,11,5,7
92.786959,10910,clench,-4,-59,-26,-4,-6,-8,15,5
92.786983,10911,clench,7,67,29,-4,-7,-5,-61,-13
92.802058,10912,clench,-14,26,-5,-3,6,3,26,-9
92.802080,10913,clench,3,-20,-22,-3,-4,-7,6,-5
92.804142,10914,clench,8,1,-7,-2,-2,-4,-31,1
92.804148,10915,clench,3,-9,-2,0,5,3,26,-2
92.816596,10916,clench,-3,-38,-19,-2,-5,-6,-51,11
92.816622,10917,clench,-6,-7,7,-1,-5,-6,7,-16
92.824483,10918,clench,5,32,2,-7,-6,2,21,33
92.824491,10919,clench,-10,-62,2,0,-4,3,10,-10
92.840384,10920,clench,2,10,8,-2,1,-7,-24,-4
92.840391,10921,clench,7,8,-17,0,2,-2,-21,-2
92.840393,10922,clench,-1,11,4,3,6,-3,-3,-2
92.840395,10923,clench,1,-25,-14,-3,-4,-3,3,0
92.861995,10924,clench,-3,53,20,3,3,2,6,-3
92.862023,10925,clench,-1,-40,-8,-1,-6,-3,-2,-2
92.864604,10926,clench,-9,1,-2,1,1,-8,-13,-7
92.864609,10927,clench,-2,5,-8,-2,-2,5,24,16
92.876694,10928,clench,-4,-51,-5,-7,5,12,11,12
92.876725,10929,clench,8,7,-5,-4,-6,-11,-80,13
92.884667,10930,clench,-8,-5,-1,0,0,6,11,-3
92.884706,10931,clench,-5,27,1,-6,-9,-2,12,-8
92.899975,10932,clench,0,0,-2,-3,-4,1,5,3
92.902877,10933,clench,1,7,-6,1,2,-4,-4,0
92.902884,10934,clench,-4,-4,2,-2,-4,-7,-7,-10
92.902887,10935,clench,-2,6,10,3,-3,-1,-3,5
92.921971,10936,clench,-1,23,-9,-2,-2,1,20,3
92.921999,10937,clench,-1,-15,-11,-1,0,-2,-35,-9
92.922668,10938,clench,1,18,18,3,2,-2,21,-7
92.922682,10939,clench,-8,25,17,1,6,6,18,13
92.936359,10940,clench,4,17,0,-1,2,4,-60,0
92.936382,10941,clench,3,-28,-6,3,3,-8,33,-6
92.944907,10942,clench,-11,-62,-18,-7,-4,15,33,-30
92.944934,10943,clench,5,20,5,-5,-10,-5,-7,6
92.959403,10944,clench,2,-19,-2,8,9,-1,21,31
92.959427,10945,clench,-1,-28,-8,-6,-9,-2,20,6
92.961546,10946,clench,0,79,12,11,9,-1,-24,5
92.961555,10947,clench,11,-4,-15,1,11,11,-1,34
92.981940,10948,clench,1,-12,1,-4,-12,-9,16,-1
92.981970,10949,clench,7,5,6,-1,2,-1,-5,-15
92.982793,10950,clench,-3,-6,4,-1,-2,-7,5,11
92.982820,10951,clench,7,-52,-27,-2,1,-7,-15,-26
92.996551,10952,clench,-7,47,35,3,-1,4,-7,-2
92.996570,10953,clench,-8,-33,-6,2,3,7,10,16
93.004630,10954,clench,15,15,4,-1,-6,-2,-10,0
93.004728,10955,clench,-13,30,-2,-3,-1,-6,-8,-19
93.019534,10956,clench,6,-19,-8,-3,0,-7,-3,-23
93.019551,10957,clench,-9,5,1,-2,-5,-1,-4,-3
93.021249,10958,clench,-1,-3,-2,0,1,-2,-13,8
93.021258,10959,clench,2,-45,-16,1,3,-7,-4,-8
93.041976,10960,clench,-3,60,14,-5,-12,7,55,5
93.042001,10961,clench,2,43,7,-1,-2,-5,-17,1
93.044404,10962,clench,-2,-52,-16,-3,2,-2,-11,0
93.044410,10963,clench,2,43,2,2,3,11,-10,0
93.056281,10964,clench,1,-46,-9,0,-1,-1,18,-16
93.056302,10965,clench,0,10,-3,1,2,-7,-12,-7
93.064118,10966,clench,1,-21,9,-1,2,4,2,-1
93.065761,10967,clench,-2,47,14,-4,-7,-2,-18,-9
93.080453,10968,clench,-8,-12,-6,1,1,-5,-21,-16
93.080479,10969,clench,-13,-31,-18,-4,-3,-4,16,-15
93.083047,10970,clench,-1,5,3,-4,-5,-6,5,2
93.083056,10971,clench,5,-4,4,-2,-3,3,1,8
93.102023,10972,clench,-7,-28,-13,2,2,2,2,5
93.102051,10973,clench,3,18,6,1,4,3,-3,-5
93.104071,10974,clench,-6,28,-5,-2,1,-4,-32,-5
93.104084,10975,clench,-18,-42,-7,-2,1,4,53,-5
93.116867,10976,clench,-1,46,5,-2,-2,-7,-44,7
93.117192,10977,clench,-1,16,6,3,-1,3,-10,-7
93.124595,10978,clench,5,-7,10,0,2,4,38,11
93.124619,10979,clench,5,-17,-6,-3,-9,-13,-18,-15
93.139477,10980,clench,7,-16,-2,7,14,5,-8,10
93.139501,10981,clench,-2,-33,-9,-7,-13,-2,8,-18
93.140081,10982,clench,-7,-33,-7,-7,-10,-8,-34,-4
93.140088,10983,clench,-1,40,12,-2,0,2,29,6
93.170404,10984,clench,-17,2,0,-2,-2,-5,-37,-13
93.170412,10985,clench,11,-18,-13,0,7,3,24,22
93.170844,10986,clench,1,-60,1,0,-6,-2,13,8
93.170856,10987,clench,0,31,-24,-6,-6,-14,-25,-10
93.176711,10988,clench,-6,46,42,2,3,2,23,6
93.176741,10989,clench,-8,-8,-6,-4,-6,0,-2,3
93.185562,10990,clench,2,2,-14,1,3,-2,-2,-13
93.185641,10991,clench,8,-16,-6,-1,-2,-3,-21,-1
93.199644,10992,clench,6,-51,-26,-6,-7,0,26,-5
93.199666,10993,clench,-1,77,15,7,9,1,1,4
93.201959,10994,clench,-9,6,-11,-1,8,-1,-33,1
93.201967,10995,clench,1,-28,18,0,-5,4,0,2
93.221972,10996,clench,9,-11,-7,-4,0,0,-9,0
93.221996,10997,clench,-5,-43,-9,-5,-2,-4,-8,-2
93.222779,10998,clench,2,7,-10,0,-2,2,-7,-7
93.222797,10999,clench,-13,-30,-12,5,6,-4,5,-7
93.236307,11000,clench,-5,13,24,-3,0,-1,-4,1
93.236350,11001,clench,1,-16,9,-1,-6,6,25,12
93.244666,11002,clench,10,13,-4,0,0,-6,-13,14
93.244690,11003,clench,2,-38,-8,-6,-7,-3,24,-1
93.259507,11004,clench,-3,-2,-16,-1,0,-8,2,-33
93.259531,11005,clench,1,-17,2,-5,4,2,-30,-36
93.261333,11006,clench,-17,33,8,-3,-8,-1,-2,-15
93.261339,11007,clench,-5,-7,5,-4,-4,6,11,-2
93.281976,11008,clench,-2,5,-5,3,3,1,25,15
93.281998,11009,clench,15,21,-3,-5,-8,-8,-45,-12
93.283025,11010,clench,-5,-36,-5,0,1,3,36,24
93.283050,11011,clench,-19,53,1,-3,1,-1,-31,-12
93.305350,11012,clench,2,-17,8,2,-2,-5,0,-1
93.305378,11013,clench,-1,-39,-25,-3,-3,-6,-18,4
93.307577,11014,clench,0,11,16,0,-1,3,30,0
93.307585,11015,clench,8,42,11,3,3,5,9,2
93.319573,11016,clench,2,2,-14,-6,-7,-8,-21,13
93.321406,11017,clench,-22,-48,17,2,3,8,12,-2
93.321420,11018,clench,5,27,-3,0,3,-3,-8,2
93.321422,11019,clench,10,-16,2,0,2,-4,-7,2
93.343433,11020,clench,-3,-6,-9,1,-4,-3,2,8
93.343441,11021,clench,0,30,-23,-4,-3,-2,-8,-36
93.343443,11022,clench,-10,-16,23,-1,0,0,1,-16
93.343445,11023,clench,10,15,-10,-5,-3,8,-2,43
93.364713,11024,clench,7,-59,-6,2,-2,-5,-18,4
93.364737,11025,clench,-3,56,6,0,-1,-4,12,12
93.365183,11026,clench,-5,35,-13,0,-3,-4,3,-8
93.365206,11027,clench,4,-68,11,4,7,-5,9,-2
93.379502,11028,clench,0,45,4,1,2,2,-56,-2
93.379540,11029,clench,-5,-24,9,1,5,8,75,9
93.380986,11030,clench,4,5,-11,-6,-8,-8,-38,-10
93.380998,11031,clench,-1,27,-20,1,-2,-16,-15,3
93.402139,11032,clench,2,-52,22,-1,-5,20,42,5
93.402159,11033,clench,1,5,1,-1,3,1,-23,-1
93.403676,11034,clench,11,7,-14,-2,0,2,0,5
93.403684,11035,clench,-14,-21,17,3,1,-5,11,-14
93.425734,11036,clench,-3,39,-8,5,3,-6,-15,-8
93.425757,11037,clench,1,16,8,0,1,3,17,20
93.425762,11038,clench,-4,-46,-3,-4,-3,3,44,6
93.425766,11039,clench,20,69,-4,-2,1,13,-23,-21
93.439441,11040,clench,-12,10,0,-4,-4,-2,25,-8
93.439454,11041,clench,11,2,-1,-1,-2,-3,-18,6
93.440030,11042,clench,-6,-7,-11,0,4,-6,-6,14
93.440044,11043,clench,-7,-9,5,0,-1,5,56,10
93.462097,11044,clench,5,9,-2,0,8,-2,-83,-3
93.462126,11045,clench,-1,-25,-17,-6,-16,-5,17,-8
93.463985,11046,clench,5,27,9,-2,-7,-7,-22,-5
93.463989,11047,clench,-8,-20,-4,-2,-1,1,14,-18
93.485829,11048,clench,-9,0,-3,-2,1,6,28,2
93.485835,11049,clench,0,1,-4,0,3,-6,-22,13
93.485919,11050,clench,-3,-3,9,3,4,-1,1,-10
93.485926,11051,clench,0,-9,-3,-8,-11,-4,-11,3
93.499802,11052,clench,-5,-18,-9,-1,-7,-11,10,-2
93.499831,11053,clench,3,7,3,5,12,5,-13,-21
93.501653,11054,clench,-3,13,4,3,-7,6,15,17
93.501658,11055,clench,-1,-4,-2,-7,-2,-3,-22,4
93.522039,11056,clench,6,-27,-2,-1,-3,2,32,-5
93.522068,11057,clench,2,23,3,-1,1,-7,-26,6
93.522838,11058,clench,-1,19,3,-2,5,3,-5,-21
93.522858,11059,clench,-13,-13,3,3,-7,-9,1,4
93.545295,11060,clench,0,-9,-13,-4,-7,-5,-17,3
93.545329,11061,clench,4,-26,0,-2,3,12,38,13
93.547353,11062,clench,1,14,-4,0,3,-1,-36,-5
93.547360,11063,clench,2,14,-21,-3,2,-3,-6,-8
93.560087,11064,clench,-8,4,30,2,5,5,9,0
93.560113,11065,clench,0,24,1,4,4,4,7,40
93.561613,11066,clench,-5,-33,-10,-9,-6,-3,-13,-20
93.561618,11067,clench,2,-50,-7,2,1,2,4,0
93.581972,11068,clench,1,18,1,-3,-1,-8,-11,-3
93.582002,11069,clench,-9,-27,-8,2,-2,-6,-16,-12
93.582935,11070,clench,2,14,2,-2,5,12,21,5
93.582958,11071,clench,-3,-39,-3,3,3,-1,0,-5
93.605210,11072,clench,2,20,-3,-1,-5,0,3,14
93.605236,11073,clench,-8,-17,0,-3,-6,-3,-5,-11
93.606666,11074,clench,-4,43,11,7,8,-1,-4,-11
93.606673,11075,clench,3,-17,3,-3,-1,-4,-2,11
93.619473,11076,clench,-2,15,5,1,3,-2,7,3
93.619494,11077,clench,1,-7,-13,-4,-2,-2,-5,-2
93.620796,11078,clench,3,-36,10,-1,-5,-1,49,0
93.620801,11079,clench,-11,21,7,1,-3,-7,-51,-13
93.643685,11080,clench,6,-30,-15,-6,-2,-3,8,0
93.643694,11081,clench,-19,44,6,0,-4,-3,14,1
93.643699,11082,clench,4,-7,-9,-4,-5,-4,-3,-8
93.643704,11083,clench,9,9,2,0,7,2,-7,-3
93.664548,11084,clench,-11,12,-10,-4,-9,-5,16,-26
93.664571,11085,clench,10,-36,1,-4,1,-1,-6,-7
93.666106,11086,clench,-7,21,11,6,0,2,2,20
93.666113,11087,clench,-1,13,-1,-1,-6,5,18,3
93.678865,11088,clench,7,4,-1,0,0,-5,-22,-2
93.678927,11089,clench,2,22,-9,-2,-2,-2,8,-12
93.686954,11090,clench,-4,-9,-6,-1,0,4,-21,7
93.687018,11091,clench,3,2,14,4,6,9,13,5
93.702054,11092,clench,-6,6,-5,1,7,5,18,-2
93.702073,11093,clench,-3,-46,5,3,2,-8,-26,-7
93.703192,11094,clench,2,58,-5,-5,-5,-3,2,2
93.703197,11095,clench,-10,19,-7,-2,0,-3,18,-3
93.725059,11096,clench,16,-7,-5,-5,-4,2,11,17
93.725077,11097,clench,-19,-33,8,0,-2,-9,-69,-17
93.725726,11098,clench,1,-23,2,3,5,5,16,-3
93.725747,11099,clench,-2,2,-3,-4,6,0,-13,-9
93.739553,11100,clench,-1,-62,-27,-5,-7,-8,0,5
93.739604,11101,clench,13,67,21,2,2,-3,-3,26
93.740238,11102,clench,-7,-2,24,3,2,10,60,6
93.740256,11103,clench,-8,14,-8,-6,-15,-10,-16,-21
93.762062,11104,clench,7,-26,-4,-3,0,-2,-27,-8
93.762094,11105,clench,2,-9,-7,0,2,5,16,26
93.763564,11106,clench,-2,-15,-10,-2,-2,-9,-31,-2
93.763575,11107,clench,-3,-2,4,3,2,1,8,-11
93.785442,11108,clench,-19,-4,4,3,3,-12,6,-20
93.785451,11109,clench,7,35,-6,-1,-5,8,-27,-9
93.785894,11110,clench,-16,-31,-2,-7,-7,-5,14,1
93.785911,11111,clench,-19,22,-12,-6,-1,-2,-6,-1
93.801381,11112,clench,5,0,2,-1,-1,4,-3,8
93.801389,11113,clench,2,12,11,3,-8,-7,6,-14
93.801392,11114,clench,2,-22,-11,0,2,-6,-15,-9
93.801402,11115,clench,4,-14,-4,2,7,2,-5,2
93.822040,11116,clench,-5,14,-4,2,1,-3,-3,-2
93.822066,11117,clench,-2,-86,10,-1,6,4,22,1
93.822943,11118,clench,-1,-32,-6,1,-2,-2,-25,-2
93.822962,11119,clench,5,54,21,4,3,-4,15,2
93.845295,11120,clench,4,57,11,-5,-12,6,25,7
93.845313,11121,clench,10,2,-6,-4,-9,-12,-6,12
93.846637,11122,clench,1,-29,2,-1,6,8,-7,-7
93.846644,11123,clench,5,-26,1,2,2,5,4,-2
93.858890,11124,clench,-6,-35,-9,-4,-2,-2,-12,13
93.861291,11125,clench,-2,51,0,-2,-2,-2,22,-7
93.867146,11126,clench,4,20,-5,-3,-4,-8,-6,-14
93.867169,11127,clench,10,-5,2,-1,-4,-3,-9,9
93.882314,11128,clench,-16,14,0,0,-1,5,17,-9
93.882342,11129,clench,2,-14,-11,-1,3,0,3,17
93.883132,11130,clench,12,-13,-6,1,4,-1,-16,15
93.883771,11131,clench,-14,19,4,0,-2,3,8,1
93.905382,11132,clench,6,-28,-1,-2,1,-2,-17,-4
93.905411,11133,clench,-6,-65,-26,6,10,-18,-35,-18
93.907055,11134,clench,-1,101,39,-14,-14,17,60,3
93.907065,11135,clench,-4,-47,-1,-3,-6,2,-10,1
93.918848,11136,clench,8,-5,5,-2,-7,0,-11,-12
93.918868,11137,clench,-2,28,-8,-1,4,6,2,-6
93.928084,11138,clench,6,-21,-22,1,-1,-11,-29,-3
93.928089,11139,clench,-1,-5,-3,1,-4,-10,-17,-5
93.942003,11140,clench,-10,-8,9,2,5,8,22,7
93.942028,11141,clench,10,26,11,-1,-10,2,2,-8
93.944046,11142,clench,-8,-15,-2,3,7,-1,19,-19
93.944051,11143,clench,2,67,17,0,-2,-1,-20,-7
93.964920,11144,clench,1,-46,-5,5,5,-5,-15,5
93.964941,11145,clench,-20,-43,-11,-4,-4,0,25,-5
93.966642,11146,clench,-6,16,9,6,-5,-7,-54,-11
93.966658,11147,clench,3,-14,-14,-11,-13,6,3,2
93.978831,11148,clench,6,40,-6,-4,-5,9,31,-7
93.978869,11149,clench,-10,24,5,-4,7,1,-4,-7
93.986993,11150,clench,3,-55,-10,3,1,-11,-40,3
93.987020,11151,clench,2,-22,-5,2,2,-3,30,-6
94.002050,11152,clench,0,29,6,0,-3,-6,-32,2
94.002070,11153,clench,-2,2,-2,-1,-2,6,26,3
94.003244,11154,clench,-1,-3,-14,-2,2,-2,-26,5
94.003249,11155,clench,1,-63,1,1,0,-3,-10,7
94.024519,11156,clench,-12,19,-3,-4,4,4,19,0
94.024539,11157,clench,5,59,23,7,2,-1,-23,0
94.025169,11158,clench,6,11,-7,-4,-7,-1,23,-9
94.025213,11159,clench,-16,-3,-7,-1,3,3,20,0
94.038892,11160,clench,-1,-4,-10,1,-2,1,-20,-11
94.038917,11161,clench,3,-11,0,2,4,2,6,44
94.047167,11162,clench,5,3,-7,-7,-9,-5,-21,-2
94.047196,11163,clench,4,10,8,2,1,-2,48,6
94.062189,11164,clench,-3,-45,-15,-5,-1,2,-36,1
94.062217,11165,clench,5,23,-9,2,-6,-1,16,9
94.064350,11166,clench,-10,27,7,-1,3,3,29,8
94.064356,11167,clench,7,-32,-3,-2,-2,-5,2,11
94.084607,11168,clench,-4,40,11,4,-4,-6,-6,6
94.084696,11169,clench,6,21,-4,-1,22,-2,8,-16
94.085253,11170,clench,11,-15,-7,-2,-16,-2,-21,-8
94.085274,11171,clench,-3,-46,-1,2,-1,2,-7,-9
94.098853,11172,clench,1,8,-7,-7,-5,1,14,-1
94.098876,11173,clench,-3,51,-4,-6,-5,0,13,-2
94.107049,11174,clench,0,32,-7,0,7,-1,1,5
94.107072,11175,clench,7,18,3,1,-1,1,-27,-11
94.122205,11176,clench,0,-8,10,4,7,4,12,-3
94.122232,11177,clench,-1,-52,-8,-5,-8,-7,8,3
94.123959,11178,clench,-8,-17,-6,1,2,-3,-34,-21
94.123967,11179,clench,1,81,-5,-4,-1,11,6,-3
94.146304,11180,clench,-1,7,13,3,4,-5,4,-3
94.146312,11181,clench,1,-10,2,-5,-7,-4,8,1
94.146314,11182,clench,-13,-5,1,-2,4,1,-22,-14
94.146316,11183,clench,-12,-23,-5,-7,-6,-1,3,-6
94.158745,11184,clench,11,-56,-24,-2,2,-4,1,0
94.160563,11185,clench,4,61,31,2,2,2,-16,-12
94.167147,11186,clench,-2,-36,-5,-4,-11,-5,25,25
94.167172,11187,clench,0,-8,-1,3,7,0,-6,12
94.182142,11188,clench,-11,9,-2,-4,-5,-6,4,1
94.182179,11189,clench,0,-50,-42,-3,-7,-3,-18,-4
94.183988,11190,clench,1,29,46,3,9,0,-8,-16
94.184106,11191,clench,-2,11,-6,-5,-7,-2,5,3
94.204511,11192,clench,3,41,0,-1,-6,-4,-4,-1
94.204534,11193,clench,-3,-23,1,-2,4,2,1,-5
94.206413,11194,clench,-6,-7,2,-2,-1,-10,4,4
94.206423,11195,clench,-3,-2,-11,0,3,9,-10,-5
94.227681,11196,clench,1,-22,-4,-2,-6,-2,-7,-14
94.227701,11197,clench,1,65,21,-1,-4,5,-13,25
94.228449,11198,clench,-3,-10,-3,1,9,2,17,8
94.228474,11199,clench,2,4,0,0,-5,-12,-28,-6
94.241832,11200,clench,-1,-43,-6,1,4,-1,18,-1
94.241881,11201,clench,-6,-17,-6,-1,1,6,-12,-19
94.242851,11202,clench,-2,-33,3,-1,0,8,6,10
94.243241,11203,clench,5,5,-1,-4,3,-4,9,7
94.264505,11204,clench,1,29,-5,0,-4,-5,-33,-12
94.264524,11205,clench,5,-55,-2,1,-5,-7,3,-16
94.266345,11206,clench,-13,1,-13,2,2,0,8,-1
94.266351,11207,clench,-5,-18,-12,-3,2,2,10,10
94.287558,11208,clench,4,15,21,-1,-6,3,-24,15
94.287591,11209,clench,-1,79,19,2,8,14,-3,-15
94.288290,11210,clench,0,11,-11,-4,-10,-3,12,-2
94.288306,11211,clench,5,-37,7,-1,-2,-5,-6,-5
94.302525,11212,clench,-11,41,3,3,5,-13,11,14
94.302531,11213,clench,-9,-85,1,-8,-19,8,-11,0
94.302712,11214,clench,-5,-21,-5,-3,11,8,39,7
94.302720,11215,clench,3,66,14,5,-2,-6,-27,-9
94.324435,11216,clench,2,-29,-15,-6,0,-3,15,-35
94.324453,11217,clench,-7,-33,5,3,-6,-10,-6,2
94.325549,11218,clench,2,-17,-13,1,2,-2,6,-2
94.325553,11219,clench,0,-18,0,-4,-5,2,13,11
94.347726,11220,clench,-3,19,6,0,-5,2,-1,-7
94.347754,11221,clench,3,-10,-37,-10,1,-1,6,-7
94.350340,11222,clench,-2,0,39,7,6,4,-3,1
94.350355,11223,clench,-2,-4,-6,1,-8,-1,1,10
94.362052,11224,clench,4,12,-1,-3,-3,1,-6,7
94.362084,11225,clench,3,-60,-7,4,1,-10,17,-1
94.365136,11226,clench,6,37,-16,-9,-2,2,8,-12
94.365146,11227,clench,-1,12,15,4,-1,-3,-5,3
94.384800,11228,clench,-1,-13,5,-3,-2,8,-15,20
94.384823,11229,clench,-12,-8,-4,-5,1,-2,16,-15
94.386625,11230,clench,8,-17,-1,2,-7,-5,-29,-14
94.386634,11231,clench,0,6,-2,0,6,-3,-13,-10
94.407631,11232,clench,3,-10,-6,0,5,2,12,5
94.407650,11233,clench,2,-24,6,8,3,-8,-13,20
94.408641,11234,clench,0,17,5,-5,-10,-5,-7,-12
94.408646,11235,clench,-2,1,-12,-8,-6,2,11,-8
94.422001,11236,clench,-7,-40,4,-2,1,-2,24,7
94.422026,11237,clench,-8,51,2,-5,-5,-5,-18,-11
94.423956,11238,clench,-2,20,1,3,2,3,9,7
94.423961,11239,clench,-2,-7,16,6,5,5,-9,3
94.444407,11240,clench,5,0,-3,0,0,-7,-7,-12
94.444427,11241,clench,-12,-30,3,-3,1,-2,20,-30
94.445110,11242,clench,6,17,-20,-5,-5,1,-4,16
94.445156,11243,clench,-3,5,0,1,0,-2,6,-4
94.467795,11244,clench,-4,11,-3,0,10,5,-4,1
94.467818,11245,clench,4,11,6,0,0,5,3,-1
94.469348,11246,clench,0,-13,-7,-1,0,-2,-10,-4
94.469356,11247,clench,2,-3,-7,-1,1,-10,-7,-2
94.482094,11248,clench,-3,-11,10,1,-1,1,22,2
94.482114,11249,clench,1,-11,5,4,11,0,-32,0
94.484112,11250,clench,2,-3,-3,-2,-5,0,5,2
94.484121,11251,clench,-1,2,-3,-4,3,0,-8,-1
94.504564,11252,clench,8,-4,3,-3,-6,1,22,7
94.504574,11253,clench,-4,25,-5,-2,-3,-6,-14,0
94.505269,11254,clench,-5,4,0,0,1,6,8,5
94.505301,11255,clench,1,11,-10,0,9,1,-11,-4
94.527717,11256,clench,-6,7,1,0,-9,-6,-4,-13
94.527741,11257,clench,1,-91,-14,-4,-7,1,27,27
94.529671,11258,clench,3,-2,-5,1,2,2,-56,8
94.529679,11259,clench,-3,69,36,1,1,1,26,-12
94.542013,11260,clench,-7,-18,11,-1,7,6,-14,-18
94.542038,11261,clench,4,11,0,-1,-5,-2,-13,-1
94.543164,11262,clench,-16,-28,-12,-1,-4,-4,13,-1
94.543169,11263,clench,3,-36,-15,0,4,-2,-4,16
94.564542,11264,clench,-3,5,-3,-3,-5,-1,-10,0
94.564568,11265,clench,-3,24,2,1,-8,-7,6,-22
94.566596,11266,clench,1,-7,-15,-9,-4,0,7,12
94.566606,11267,clench,3,21,7,2,-12,-5,-8,-5
94.587723,11268,clench,8,7,-10,0,2,3,-2,6
94.587744,11269,clench,-4,8,8,-4,6,1,13,-6
94.588389,11270,clench,4,0,-1,3,-2,-7,-6,-18
94.588408,11271,clench,-11,-84,-32,-6,-5,-9,-18,-8
94.601949,11272,clench,-1,38,22,2,2,-5,9,23
94.601972,11273,clench,6,24,-3,1,6,16,1,-7
94.602801,11274,clench,1,25,14,1,-1,-3,12,13
94.602822,11275,clench,5,-18,-15,-4,-5,3,31,7
94.624379,11276,clench,-1,-45,-8,5,5,-4,1,12
94.624397,11277,clench,-2,46,10,-1,-4,9,-17,10
94.625634,11278,clench,6,-27,-18,-4,5,-3,11,-5
94.625638,11279,clench,-11,29,14,1,1,1,-14,-3
94.647634,11280,clench,9,3,-8,0,-3,-6,-11,-10
94.647654,11281,clench,0,-6,-3,0,9,-5,6,4
94.648399,11282,clench,4,11,6,0,-9,-2,-5,10
94.648427,11283,clench,4,-18,-6,-7,0,6,24,1
94.662258,11284,clench,-10,60,6,2,3,-2,-7,-19
94.662265,11285,clench,-9,-54,-25,-6,-10,0,-28,21
94.662726,11286,clench,3,69,34,10,13,0,-11,-22
94.662749,11287,clench,12,0,20,-4,-6,-1,-4,24
94.684521,11288,clench,0,-44,-6,-2,-3,3,9,-5
94.684543,11289,clench,3,32,-1,0,0,-7,9,-6
94.685940,11290,clench,-9,-46,-16,-1,0,-6,9,-11
94.685946,11291,clench,-5,41,-3,-3,-4,-5,-34,-12
94.707583,11292,clench,-3,-31,-4,-1,-2,5,8,7
94.707601,11293,clench,-7,-5,9,-1,-7,-9,-4,4
94.708978,11294,clench,-1,5,3,-1,-3,2,-6,4
94.708991,11295,clench,2,-11,-5,-1,-2,-4,0,-11
94.722330,11296,clench,-6,4,-7,-2,6,0,-3,3
94.722357,11297,clench,3,0,-3,0,1,-3,6,-5
94.724499,11298,clench,-3,14,4,6,7,-3,-2,-6
94.724509,11299,clench,3,-3,-7,-6,-4,9,22,12
94.744501,11300,clench,1,-7,-2,-2,1,-2,-32,-10
94.744564,11301,clench,0,-9,1,-2,-1,13,65,5
94.745210,11302,clench,1,-5,-4,0,-3,-4,-59,-12
94.745227,11303,clench,-6,-19,-7,2,-1,-10,32,3
94.767827,11304,clench,-1,26,-1,-1,2,-1,-16,-11
94.767851,11305,clench,0,-11,1,1,-6,-4,-2,0
94.769266,11306,clench,-6,-40,-3,-7,-4,5,21,11
94.769275,11307,clench,-3,53,5,2,4,-2,1,-17
94.782119,11308,clench,6,20,-2,-2,-5,-5,-15,6
94.782151,11309,clench,-6,-13,-1,4,0,-6,-14,-5
94.783595,11310,clench,-4,-59,-3,-2,-1,-2,29,-1
94.783601,11311,clench,-1,9,-19,-5,2,9,-34,4
94.804495,11312,clench,0,36,14,-1,3,3,43,-1
94.804511,11313,clench,-9,3,-4,-6,-2,-1,-26,-22
94.805234,11314,clench,2,49,2,-1,-6,-5,-5,-1
94.805251,11315,clench,-9,-58,-13,1,5,-2,-2,-3
94.827669,11316,clench,-2,8,-14,-3,-6,-3,-20,2
94.827688,11317,clench,8,35,8,0,3,3,12,18
94.829493,11318,clench,-8,-25,3,0,-2,-3,4,-2
94.829503,11319,clench,7,-1,-4,-2,-3,-6,-14,-11
94.841233,11320,clench,-19,11,9,1,-7,-2,21,10
94.841253,11321,clench,0,-33,-9,-3,-7,-10,-28,-4
94.850881,11322,clench,7,9,-7,-4,8,6,20,5
94.850888,11323,clench,-7,65,30,6,1,-5,2,7
94.864466,11324,clench,-2,-24,-2,-2,-4,-3,-1,-15
94.864491,11325,clench,4,5,11,2,-2,-6,-15,-6
94.866518,11326,clench,-4,-29,5,-10,-10,13,-21,-7
94.866526,11327,clench,0,18,3,1,4,2,22,7
94.887627,11328,clench,4,-46,-19,-4,0,-5,-8,-7
94.887649,11329,clench,5,48,10,2,1,-2,2,1
94.888617,11330,clench,-1,20,5,3,-1,-2,7,11
94.888638,11331,clench,6,-53,-4,-2,-7,-2,-13,-12
94.901297,11332,clench,-12,11,0,0,1,-2,-27,8
94.901318,11333,clench,4,4,1,1,2,3,6,1
94.909458,11334,clench,-3,9,6,-2,-3,-3,16,0
94.909483,11335,clench,0,-60,-16,-1,-2,-6,-11,-40
94.924986,11336,clench,8,18,-6,-3,-2,0,5,25
94.925009,11337,clench,-2,-81,3,0,5,8,-3,5
94.925014,11338,clench,0,87,-6,-7,-12,-13,-4,-10
94.925018,11339,clench,-9,-35,4,2,6,1,-8,7
94.947779,11340,clench,8,-24,-20,2,-7,-8,-20,-8
94.947812,11341,clench,-8,18,-18,-12,-4,4,18,13
94.948435,11342,clench,6,-16,7,3,-2,1,-12,3
94.948514,11343,clench,-6,9,-3,3,15,1,26,2
94.962132,11344,clench,5,14,3,-2,-14,-4,-43,9
94.962138,11345,clench,-5,-28,0,5,6,1,20,-2
94.969428,11346,clench,3,20,-18,-2,2,-3,-16,2
94.969447,11347,clench,-1,39,21,-1,-8,6,1,2
94.984507,11348,clench,-7,-35,-8,-2,3,-1,14,-9
94.984528,11349,clench,-5,19,10,0,-1,-11,-11,-13
94.985815,11350,clench,6,-25,-12,1,5,3,-5,6
94.985821,11351,clench,-7,-12,-1,3,3,-2,-1,5
95.009415,11352,clench,-6,-7,-2,-5,-3,1,15,1
95.009424,11353,clench,7,-26,-18,-2,-3,-2,-2,-10
95.009429,11354,clench,-4,49,8,6,4,-16,21,-2
95.009433,11355,clench,-34,-30,22,-5,0,17,-28,-3
95.030600,11356,clench,13,9,10,4,-1,-1,30,-38
95.030621,11357,clench,-10,15,4,-6,-4,-3,-8,7
95.032827,11358,clench,-1,-27,-15,-3,-1,-2,1,7
95.032838,11359,clench,10,5,-13,-1,-14,-9,-14,-1
95.044516,11360,clench,2,-3,4,4,20,-2,-17,-4
95.044542,11361,clench,6,29,-15,-5,-10,4,4,-10
95.045273,11362,clench,-4,-33,-6,-6,-5,2,35,15
95.045293,11363,clench,8,19,2,-2,-1,-2,-45,-6
95.067668,11364,clench,-4,27,9,1,-3,3,-5,-2
95.067692,11365,clench,6,-37,-17,2,7,-6,15,2
95.069811,11366,clench,-6,48,4,2,3,-6,-5,-13
95.069824,11367,clench,4,26,15,-2,-3,11,30,19
95.081396,11368,clench,1,-15,-9,-4,-6,-1,-2,7
95.081421,11369,clench,-9,5,13,5,17,1,0,2
95.089555,11370,clench,-7,-25,-7,5,-14,-5,-59,-18
95.089580,11371,clench,11,-26,-25,-10,-5,-5,51,10
95.112665,11372,clench,-10,14,12,2,4,8,14,3
95.112701,11373,clench,-7,0,-13,-10,-20,-6,-24,0
95.115213,11374,clench,6,-28,4,0,11,6,12,-12
95.115229,11375,clench,5,24,-22,2,0,-13,-11,5
95.127688,11376,clench,-7,-1,30,1,-3,2,6,-7
95.127722,11377,clench,3,8,2,2,0,1,-7,19
95.128909,11378,clench,0,-17,-3,0,-3,-1,2,10
95.128918,11379,clench,7,-99,-14,2,-3,-5,24,-7
95.141806,11380,clench,-3,80,22,-8,-2,2,-22,3
95.141825,11381,clench,1,-11,9,1,-1,-1,-17,-12
95.149647,11382,clench,-6,4,2,1,4,6,10,-2
95.149668,11383,clench,-5,-19,-7,1,-4,-11,-55,-25
95.165651,11384,clench,1,-83,-18,2,5,-1,44,5
95.165665,11385,clench,-4,32,2,-10,-1,2,3,7
95.165668,11386,clench,9,-11,0,-5,-7,10,22,-2
95.165670,11387,clench,-4,21,14,1,2,7,-12,-18
95.187662,11388,clench,-7,33,-11,1,0,-5,-8,4
95.187679,11389,clench,2,17,12,4,5,-1,7,-1
95.188723,11390,clench,-16,-28,-2,0,3,-7,-6,-4
95.188773,11391,clench,6,-20,-7,-3,-2,-3,1,12
95.210261,11392,clench,3,23,2,1,-1,-4,-24,-8
95.212301,11393,clench,-1,-16,-13,1,-15,-2,12,15
95.212307,11394,clench,11,66,-4,-7,-6,3,3,4
95.212309,11395,clench,-26,9,13,0,1,-1,31,7
95.224355,11396,clench,5,-65,-11,-2,-5,1,-64,-10
95.224378,11397,clench,-1,61,0,0,-2,-7,10,-9
95.226918,11398,clench,-10,-41,-4,-1,4,0,-12,-1
95.226929,11399,clench,2,13,-2,-1,-9,-8,-2,-8
97.249512,11400,rest,15,32,6,2,-3,1,1,3
97.249920,11401,rest,-20,-47,1,-4,-1,0,2,7
97.256268,11402,rest,-29,-8,-5,1,-1,-2,-3,-6
97.256300,11403,rest,22,-3,0,1,1,0,-3,-3
97.273237,11404,rest,-4,30,0,-1,-1,1,0,36
97.273299,11405,rest,-12,-1,0,-1,0,-1,-3,-1
97.274672,11406,rest,33,26,0,-2,-4,0,0,-4
97.274689,11407,rest,-14,-19,-3,-5,-4,-1,1,-2
97.295287,11408,rest,-13,-30,-1,0,-4,-2,-3,-15
97.295316,11409,rest,-12,36,1,0,0,0,-2,1
97.297085,11410,rest,16,-6,1,-1,-5,0,-2,5
97.297092,11411,rest,7,-20,-2,-3,3,-1,-1,3
97.309380,11412,rest,4,11,-1,-2,3,-1,0,12
97.309403,11413,rest,33,10,0,-1,-6,-1,2,-49
97.316381,11414,rest,-19,-8,0,0,5,-3,-1,-1
97.316529,11415,rest,-12,-10,-2,-3,-1,-2,-4,1
97.333204,11416,rest,-1,-10,-1,-1,-1,-1,0,-11
97.333227,11417,rest,15,38,1,2,1,0,0,-1
97.334928,11418,rest,38,27,-3,-2,-4,1,2,2
97.334936,11419,rest,-67,-25,-4,-1,-3,0,-1,-8
97.355192,11420,rest,-3,8,-2,-8,-11,-2,4,-15
97.355217,11421,rest,2,-7,6,10,7,-2,-5,9
97.356645,11422,rest,-1,-36,-6,-3,11,-3,0,-2
97.356669,11423,rest,-10,11,2,-1,-5,-1,-1,9
97.369429,11424,rest,-33,36,2,0,4,1,1,-7
97.369450,11425,rest,-5,-69,-6,-4,-5,-1,-1,12
97.376412,11426,rest,27,11,1,-2,-6,-1,-2,2
97.376471,11427,rest,8,0,1,-1,-1,-1,-2,-5
97.392615,11428,rest,-21,-2,-2,2,5,-1,-2,-8
97.392640,11429,rest,-10,46,0,1,0,2,2,44
97.394638,11430,rest,-6,-23,3,-1,-5,0,-4,8
97.394643,11431,rest,7,-5,-4,-5,-2,-2,0,0
97.415127,11432,rest,11,7,-1,0,-3,0,-1,-3
97.415187,11433,rest,-24,-3,1,-1,0,-1,-2,-2
97.416778,11434,rest,18,7,-1,0,-2,-1,1,-4
97.416806,11435,rest,36,27,2,0,5,0,0,6
97.430149,11436,rest,2,-47,-3,-4,-6,-3,-5,18
97.430157,11437,rest,-12,-8,-2,-4,0,-1,-3,-11
97.436194,11438,rest,-16,5,4,-1,0,2,1,41
97.436213,11439,rest,4,52,-4,-1,-7,0,-2,-12
97.452665,11440,rest,-4,-25,-1,4,4,-3,-4,-12
97.452682,11441,rest,-1,-6,-3,-6,-4,0,0,5
97.454228,11442,rest,-10,10,1,0,-15,0,4,-15
97.454256,11443,rest,8,33,3,2,9,-1,0,4
97.475168,11444,rest,11,-30,-3,-4,-5,-3,-3,0
97.477355,11445,rest,-20,12,0,2,-1,-2,-2,-8
97.477361,11446,rest,-3,5,-3,-1,0,0,2,-13
97.477363,11447,rest,-13,-19,0,1,0,1,-1,-1
97.489327,11448,rest,-4,-6,-5,-5,-5,-1,1,-9
97.489350,11449,rest,18,-7,2,2,-2,-1,1,-7
97.496702,11450,rest,-17,4,-4,-3,2,0,-4,-8
97.498418,11451,rest,31,-16,0,-3,-1,-2,1,7
97.512862,11452,rest,7,23,2,1,-1,1,1,-5
97.512897,11453,rest,34,-12,-3,0,4,2,-1,35
97.514595,11454,rest,-16,-1,-2,0,-2,-2,-3,-5
97.514600,11455,rest,-10,1,-2,-3,-1,0,1,-4
97.535194,11456,rest,14,-18,-3,-5,-4,-2,-2,-5
97.535213,11457,rest,-5,17,0,2,2,-3,1,-16
97.536706,11458,rest,-12,-24,-1,-3,1,-1,-6,-13
97.536731,11459,rest,17,7,-2,3,-20,-1,-1,7
97.549543,11460,rest,-8,13,0,2,-1,1,0,-4
97.549571,11461,rest,-2,-13,-3,-5,13,-1,-2,-3
97.556140,11462,rest,33,9,-1,-2,-6,-2,-3,-2
97.556164,11463,rest,-44,-61,-4,-2,3,-3,1,-57
97.572592,11464,rest,6,10,1,0,3,-1,-2,12
97.572614,11465,rest,-21,-5,-1,-4,-11,-2,-1,-12
97.574340,11466,rest,4,16,-3,-1,6,1,1,0
97.575619,11467,rest,-2,3,0,0,0,0,0,-1
97.595368,11468,rest,2,13,0,1,1,1,1,-4
97.595396,11469,rest,20,0,-1,-3,-1,0,0,1
97.597848,11470,rest,-5,-6,-3,-1,-1,-2,1,0
97.597854,11471,rest,12,-12,0,0,2,-1,2,15
97.608684,11472,rest,-23,-2,2,2,-2,-2,-8,-5
97.608715,11473,rest,36,51,3,1,-3,0,-1,5
97.618341,11474,rest,-29,-65,-3,-2,0,-1,0,-1
97.618347,11475,rest,-44,-14,-4,-7,-5,0,-1,1
97.633692,11476,rest,22,20,0,5,5,-1,2,-1
97.633703,11477,rest,-46,3,-2,0,1,-2,2,-14
97.634401,11478,rest,44,4,3,0,-2,-1,-2,-3
97.634441,11479,rest,17,5,-3,2,5,0,-1,50
97.655143,11480,rest,-20,-8,-2,-8,-22,-3,0,1
97.655162,11481,rest,3,21,-4,-2,1,1,-4,-1
97.657048,11482,rest,-25,-29,-4,-1,1,0,0,1
97.657053,11483,rest,21,-1,2,-2,-12,1,-3,-3
97.668766,11484,rest,-3,-12,-2,-2,2,0,1,-1
97.668787,11485,rest,-23,-7,2,1,-3,-1,-1,3
97.678403,11486,rest,24,36,-3,-2,-6,-1,0,-4
97.678408,11487,rest,-17,9,1,-1,7,-4,-4,-10
97.695042,11488,rest,19,7,-2,-1,2,0,-2,-14
97.695048,11489,rest,-6,-15,0,2,1,1,-3,33
97.695050,11490,rest,-17,-9,-1,0,3,0,0,0
97.695053,11491,rest,7,3,1,-1,0,0,0,-17
97.715332,11492,rest,-7,7,-1,0,2,-2,-1,-8
97.715352,11493,rest,-6,5,0,-1,-6,-2,-1,-13
97.717338,11494,rest,-15,15,-3,-2,-3,-1,-1,-2
97.717346,11495,rest,38,-23,-2,5,8,-3,-10,3
97.728818,11496,rest,-43,7,-2,-1,2,0,2,2
97.728945,11497,rest,4,1,-4,-2,0,-1,1,-8
97.739823,11498,rest,16,25,1,-2,-2,-2,0,-5
97.739832,11499,rest,16,7,1,-2,-2,-1,3,-6
97.752700,11500,rest,-2,-9,-2,-1,1,0,0,4
97.752765,11501,rest,10,-6,-4,-2,-3,-3,-5,-7
97.755210,11502,rest,-31,25,1,3,4,-1,1,0
97.755224,11503,rest,2,-40,-2,0,-1,0,-1,2
97.775068,11504,rest,21,5,0,1,10,2,0,8
97.775092,11505,rest,14,-3,-1,-3,-28,-3,0,27
97.776720,11506,rest,7,-27,-1,-4,-3,0,-3,-4
97.776745,11507,rest,-9,16,-2,-1,-3,-1,1,2
97.788681,11508,rest,-4,21,-1,1,2,-2,-3,9
97.788703,11509,rest,-7,-42,1,1,10,0,-3,-15
97.799240,11510,rest,9,-8,1,-1,-1,-1,-1,-2
97.799248,11511,rest,3,51,2,0,-2,1,-3,3
97.812651,11512,rest,-42,-48,-9,-5,-5,-2,-1,-17
97.812681,11513,rest,-24,-9,0,-3,-3,-3,4,-63
97.814289,11514,rest,-1,14,1,11,7,1,-4,22
97.814309,11515,rest,-1,-11,3,-2,1,-2,0,-4
97.835090,11516,rest,11,25,3,-2,-3,-2,-1,1
97.835144,11517,rest,4,12,-3,-2,3,0,1,-8
97.836611,11518,rest,-1,-18,-2,-3,-3,-3,-4,-6
97.836630,11519,rest,3,0,-3,-2,-1,-1,2,2
97.850603,11520,rest,9,1,2,2,-4,-2,-1,-1
97.850613,11521,rest,-10,6,0,1,4,-1,-3,13
97.859109,11522,rest,18,-3,0,-3,-5,0,0,-10
97.859114,11523,rest,-22,-5,-5,-2,-1,-1,-1,6
97.872690,11524,rest,0,-8,-2,-2,-3,0,0,-3
97.872714,11525,rest,-1,31,0,0,19,0,-2,6
97.874684,11526,rest,20,-30,-3,-2,0,-4,-9,-1
97.874689,11527,rest,-14,12,-2,-2,-7,-1,1,-7
97.896512,11528,rest,11,4,2,-1,-1,-2,-1,4
97.896527,11529,rest,3,-4,-5,-1,17,0,-3,4
97.896859,11530,rest,-10,3,-1,-3,-14,1,2,-7
97.896963,11531,rest,10,21,2,0,2,0,-1,1
97.908777,11532,rest,-5,-49,-5,-3,-4,1,-3,-3
97.908795,11533,rest,2,-34,-2,-2,-3,0,2,7
97.918772,11534,rest,-12,4,0,-5,-3,0,0,37
97.918779,11535,rest,23,21,0,6,-1,0,-1,-2
97.932709,11536,rest,-12,18,-3,1,7,-1,1,1
97.932733,11537,rest,6,-22,-1,0,-10,-1,0,5
97.934402,11538,rest,-3,10,-1,-2,2,0,0,-10
97.934408,11539,rest,-20,-2,0,-3,-5,-2,-3,-12
97.955315,11540,rest,33,26,5,-1,2,0,-2,52
97.955335,11541,rest,-55,-16,-2,-1,-7,0,-3,23
97.956885,11542,rest,-1,-5,-2,-1,-2,0,1,-10
97.956890,11543,rest,-18,1,-2,-3,-2,0,-2,-6
97.968765,11544,rest,-3,-9,1,2,-1,-1,-1,-19
97.968784,11545,rest,32,27,3,-3,-12,2,-1,-10
97.978442,11546,rest,-23,-2,-5,1,-4,-1,1,4
97.978448,11547,rest,7,3,-3,-4,0,-1,-2,9
97.992543,11548,rest,22,-2,-2,-1,0,0,-2,-10
97.992559,11549,rest,-27,-1,1,-3,-8,-1,-1,-6
97.994120,11550,rest,-18,-5,0,2,3,0,2,-11
97.994136,11551,rest,3,-54,-2,-3,2,-3,-1,-5
98.015332,11552,rest,-10,3,-2,-2,-5,-1,0,-8
98.015367,11553,rest,41,15,-3,-2,1,-2,-1,-4
98.017918,11554,rest,-17,20,1,-1,-1,-2,1,-5
98.017926,11555,rest,-1,7,-1,-4,17,0,1,2
98.039593,11556,rest,2,-10,1,0,-23,-1,-1,3
98.039601,11557,rest,-9,-8,-4,-1,0,0,-1,-5
98.039604,11558,rest,7,14,0,-2,-1,-2,0,-8
98.039607,11559,rest,19,2,2,-3,-3,-1,0,5
98.052017,11560,rest,-19,-6,-2,-3,6,1,0,-9
98.052035,11561,rest,2,-17,-3,3,7,-1,0,-6
98.059652,11562,rest,6,21,-3,-1,-6,-3,-1,-2
98.059751,11563,rest,1,-14,-1,0,-2,-2,-3,0
98.075053,11564,rest,6,-2,1,0,0,-1,-1,-4
98.075077,11565,rest,-23,18,1,-1,-5,-1,0,0
98.077167,11566,rest,0,-29,0,-3,6,-1,-1,0
98.077172,11567,rest,-10,5,1,1,-5,0,-3,0
98.097673,11568,rest,0,24,-3,-3,-2,-3,-1,-6
98.097697,11569,rest,3,-35,-2,-3,2,0,3,-35
98.100121,11570,rest,33,13,2,2,-3,-1,-3,4
98.100128,11571,rest,-43,-40,-2,1,-6,-1,-2,-8
98.112727,11572,rest,2,-13,-2,-1,2,-2,-1,3
98.112763,11573,rest,-7,0,-1,0,-3,-2,-1,-11
98.114447,11574,rest,-16,-5,-1,-2,0,1,-1,-6
98.114452,11575,rest,12,20,-1,-1,-2,1,0,5
98.135155,11576,rest,-8,2,0,-4,-2,-2,0,-13
98.135175,11577,rest,9,-4,-2,-4,-4,-5,-4,8
98.136646,11578,rest,5,24,0,1,9,0,4,2
98.136665,11579,rest,10,-6,-2,-4,-4,-2,-6,3
98.156580,11580,rest,4,1,-1,0,0,-1,-1,-1
98.156597,11581,rest,-2,-17,-4,-4,-6,-1,0,5
98.166028,11582,rest,-21,-18,-2,-2,-3,-1,-1,5
98.166036,11583,rest,1,16,-1,-1,3,0,0,-7
98.172017,11584,rest,-15,-23,-4,-4,-3,0,1,0
98.172038,11585,rest,11,30,2,-2,6,-2,-2,6
98.178753,11586,rest,15,0,-3,-1,-33,-3,-1,-6
98.178796,11587,rest,-1,-4,-1,0,-7,1,3,5
98.195249,11588,rest,-27,12,1,2,-5,0,-2,-3
98.195274,11589,rest,31,7,1,2,-3,-1,1,7
98.196859,11590,rest,-50,-12,-3,0,10,-1,-6,9
98.196899,11591,rest,21,49,1,-1,-3,0,1,1
98.217595,11592,rest,-9,-84,-6,-2,-1,-1,0,-1
98.217614,11593,rest,8,-1,0,0,1,-1,0,2
98.219694,11594,rest,0,-9,0,-1,-1,0,-1,-6
98.219701,11595,rest,14,13,-2,-1,-3,-2,-2,0
98.232007,11596,rest,-9,0,0,-2,4,-1,-3,-53
98.232130,11597,rest,-19,-15,-2,8,0,0,-3,15
98.238819,11598,rest,26,17,0,-1,3,-1,0,-33
98.238844,11599,rest,-31,-7,1,1,2,-1,-1,12
98.255130,11600,rest,33,17,0,-2,3,-3,1,-1
98.255190,11601,rest,-2,31,-1,-6,-8,-2,-2,-10
98.257655,11602,rest,-9,-45,0,0,6,-1,-1,-4
98.257663,11603,rest,9,-7,0,0,2,0,-2,-13
98.277519,11604,rest,-3,8,-1,-1,-2,-1,-1,9
98.277545,11605,rest,15,31,0,0,-3,0,0,3
98.279240,11606,rest,-15,8,-2,-1,6,-1,-2,12
98.279285,11607,rest,14,-31,-2,-3,-2,-1,0,-7
98.291821,11608,rest,-15,26,2,1,-7,0,0,15
98.291844,11609,rest,-8,-21,-5,0,-7,-1,-2,1
98.298962,11610,rest,18,10,0,-3,-3,0,1,-3
98.298995,11611,rest,-5,-4,-4,-2,5,-3,-1,0
98.315236,11612,rest,-5,7,0,2,-3,-1,-2,0
98.317166,11613,rest,9,19,2,-1,0,0,-1,-7
98.317172,11614,rest,30,5,-2,-4,17,1,0,9
98.317174,11615,rest,-39,-7,-2,1,-9,-1,1,3
98.338100,11616,rest,-2,-2,-1,-3,2,-1,-2,8
98.338120,11617,rest,7,-11,-2,-2,-2,0,0,-4
98.339524,11618,rest,18,5,2,1,4,-1,-5,4
98.339553,11619,rest,-16,12,-1,0,3,-2,1,-5
98.351923,11620,rest,23,5,3,0,-1,-2,-3,-1
98.351942,11621,rest,3,-3,1,3,5,-2,-1,-50
98.358666,11622,rest,-8,-17,-5,-5,-10,-1,0,12
98.358691,11623,rest,4,-3,-3,-3,-3,-1,-1,-3
98.375100,11624,rest,-26,-8,-1,-2,-5,-2,0,2
98.375125,11625,rest,-16,9,-2,-3,3,1,1,-5
98.376604,11626,rest,6,14,4,3,-4,0,4,23
98.376627,11627,rest,-1,-22,-2,1,1,0,-2,0
98.398389,11628,rest,12,31,-3,-3,5,0,-1,0
98.398396,11629,rest,-6,-61,-3,-2,-8,0,1,56
98.399262,11630,rest,-9,-12,0,-1,-5,-2,-3,-12
98.399287,11631,rest,-6,15,1,-1,1,-2,0,7
98.411943,11632,rest,19,13,-1,0,0,1,-1,5
98.411968,11633,rest,15,7,-1,-1,1,-2,0,-6
98.418774,11634,rest,3,20,0,-3,-9,-1,-2,-3
98.418793,11635,rest,23,-74,-6,4,-4,-1,-2,-8
98.434461,11636,rest,-1,4,-2,2,22,-3,-5,-9
98.434481,11637,rest,-4,10,3,-1,-15,1,-1,-2
98.443421,11638,rest,-14,1,-3,-1,-4,-2,-1,-5
98.443429,11639,rest,17,38,2,-3,-2,-1,-3,-5
98.457472,11640,rest,12,-22,-1,0,3,0,-1,1
98.457490,11641,rest,-14,4,1,1,5,-1,-2,5
98.459102,11642,rest,16,-7,1,-1,0,0,3,0
98.459119,11643,rest,-15,9,-2,-1,0,0,1,0
98.472082,11644,rest,-20,-37,-5,-3,-4,-2,-2,-2
98.472103,11645,rest,-6,8,-1,-3,-1,-3,-2,-3
98.478910,11646,rest,-11,-2,-3,-1,-4,-2,0,-27
98.478933,11647,rest,1,7,3,-2,1,2,-3,33
98.495133,11648,rest,1,18,1,-1,-7,0,0,2
98.495170,11649,rest,-1,4,0,0,-2,0,-2,-2
98.496732,11650,rest,-28,9,-1,0,-3,-1,-3,-8
98.496760,11651,rest,48,-32,-6,-3,-2,-3,0,-7
98.517522,11652,rest,-6,-9,-1,-1,-3,0,-1,30
98.517568,11653,rest,-13,-13,0,-1,-1,-1,-3,3
98.519483,11654,rest,4,30,0,-5,-3,-1,5,9
98.519490,11655,rest,-3,30,1,2,-1,-1,0,-5
98.531423,11656,rest,-14,-53,-4,-2,-10,-2,-1,-8
98.531450,11657,rest,12,-2,-2,-1,8,-2,-1,-8
98.541586,11658,rest,-31,-23,-4,-1,-5,1,-1,6
98.541592,11659,rest,-16,22,1,-4,8,-2,1,19
98.555341,11660,rest,-12,-1,0,-1,-3,-2,0,-11
98.555349,11661,rest,5,12,-1,-2,3,-1,-1,2
98.556563,11662,rest,15,8,0,1,2,-1,-6,3
98.556576,11663,rest,8,31,-3,-1,17,2,1,-8
98.577812,11664,rest,1,-21,-1,-1,-12,-1,1,-4
98.577835,11665,rest,-18,7,1,-2,-3,-2,-2,4
98.580067,11666,rest,22,23,-2,-1,0,-3,-4,-5
98.580075,11667,rest,-11,-40,-1,1,-3,0,-1,-10
98.591393,11668,rest,23,31,-1,-1,12,-2,-4,2
98.591417,11669,rest,-29,-15,-5,-3,-2,-1,-2,-4
98.601414,11670,rest,2,-12,1,-1,4,-2,-2,-2
98.601419,11671,rest,-23,8,0,-3,-12,-3,0,-7
98.617470,11672,rest,13,16,1,-1,-3,0,-1,-7
98.617490,11673,rest,12,3,-2,-3,-8,-1,1,3
98.617493,11674,rest,6,-49,-1,4,9,-2,-3,2
98.617495,11675,rest,-5,19,1,-4,-8,-3,-3,-4
98.637555,11676,rest,10,7,-1,-2,-2,0,-1,-3
98.637586,11677,rest,-2,23,1,0,1,0,1,-3
98.639220,11678,rest,-3,5,-2,-1,-4,-1,2,-1
98.639267,11679,rest,-2,-11,0,2,-4,-1,-1,53
98.651304,11680,rest,-4,2,-1,-2,0,-1,-2,-16
98.651332,11681,rest,8,13,2,1,-7,-1,-1,-1
98.661237,11682,rest,34,11,-3,3,5,1,0,1
98.661243,11683,rest,-58,-86,-6,-5,-8,-1,-5,-19
98.675288,11684,rest,6,28,-2,-2,8,-1,1,-2
98.677044,11685,rest,-14,-36,-3,1,-27,-1,0,14
98.677060,11686,rest,-5,13,1,-2,-4,-2,-2,-5
98.677062,11687,rest,32,31,0,-1,6,-1,-1,-19
98.697582,11688,rest,0,6,-2,-1,-8,-1,1,4
98.697601,11689,rest,-24,-4,2,1,9,-3,-3,-20
98.699418,11690,rest,2,10,-2,-2,-1,-2,-1,0
98.699447,11691,rest,-14,-71,-4,-2,-3,0,0,-7
98.711271,11692,rest,-22,-36,-2,-3,-1,0,-1,3
98.711297,11693,rest,15,15,-2,-2,9,-2,-2,4
98.720677,11694,rest,-14,-5,0,-2,-6,-1,-1,0
98.720683,11695,rest,13,27,1,-3,-2,-2,-1,2
98.735224,11696,rest,10,13,0,7,0,-2,1,-3
98.735247,11697,rest,-48,-22,-4,-1,4,-1,-2,-5
98.736724,11698,rest,2,4,-1,-1,-4,2,1,1
98.736732,11699,rest,1,-10,-3,0,-2,0,1,-14
98.757482,11700,rest,9,0,-1,-2,2,-2,-6,16
98.757552,11701,rest,48,9,1,-1,0,-2,-1,0
98.758991,11702,rest,-13,-10,-5,-2,0,-2,0,-2
98.759060,11703,rest,-15,21,6,1,-4,0,-3,-15
98.772044,11704,rest,19,12,-2,-3,-11,-2,-1,-4
98.772052,11705,rest,-12,-13,-2,3,21,2,1,0
98.781680,11706,rest,-1,6,1,-2,-7,-3,-3,-37
98.781698,11707,rest,36,11,-1,0,0,-2,1,-9
98.795259,11708,rest,-71,1,1,-1,0,1,1,-3
98.795282,11709,rest,28,18,-3,-3,-5,-1,-1,-6
98.796771,11710,rest,-69,-31,-1,0,2,-2,-2,-8
98.796786,11711,rest,29,59,-2,-3,8,-2,-2,-1
98.818823,11712,rest,-1,-11,1,-1,-42,-3,1,2
98.818829,11713,rest,37,-10,-3,-3,-2,0,-2,11
98.819324,11714,rest,-16,-15,-5,0,2,1,-2,6
98.819346,11715,rest,-11,-18,-2,-3,-6,-1,0,4
98.831628,11716,rest,2,10,2,5,14,1,0,4
98.831694,11717,rest,-5,11,1,-3,0,-3,0,-7
98.841792,11718,rest,43,-8,-1,0,-4,-2,-1,8
98.841797,11719,rest,-40,11,2,1,1,-3,-1,0
98.855077,11720,rest,35,-11,-4,-5,4,0,-4,-11
98.855096,11721,rest,-44,-14,0,-3,-5,1,1,-1
98.857301,11722,rest,11,9,0,0,5,-1,-1,7
98.857312,11723,rest,29,31,-2,-1,-2,1,1,1
98.877788,11724,rest,1,-69,-4,-2,3,-2,4,-1
98.877817,11725,rest,-3,12,-2,3,-7,-2,-5,41
98.879646,11726,rest,-2,-20,-5,-5,0,-3,-2,24
98.879654,11727,rest,-5,3,1,-2,-5,0,0,-6
98.891128,11728,rest,-1,11,1,0,3,-1,2,8
98.891152,11729,rest,37,23,0,1,0,1,0,-8
98.901169,11730,rest,-17,-5,-2,-4,-3,-4,-1,-11
98.901174,11731,rest,-6,-21,-2,1,-3,0,-1,3
98.915092,11732,rest,9,45,1,-2,-1,-1,-1,-31
98.915175,11733,rest,-11,-29,-2,-3,2,-2,-2,-6
98.917206,11734,rest,9,5,2,-1,-7,0,-1,-31
98.917229,11735,rest,3,-17,-3,-4,2,-2,-1,1
98.937617,11736,rest,-1,-2,-1,1,2,0,-2,-3
98.937643,11737,rest,1,26,-2,-6,-3,-3,1,-9
98.939433,11738,rest,11,1,1,7,1,0,0,3
98.939438,11739,rest,10,3,-1,-2,4,0,-2,1
98.961963,11740,rest,-12,-7,-2,-3,-24,-2,0,5
98.961970,11741,rest,-26,-8,1,-1,-2,-1,-1,-6
98.961972,11742,rest,27,7,-1,-2,0,0,1,16
98.961974,11743,rest,-1,11,-1,0,-7,-3,-2,-5
98.975211,11744,rest,8,17,-1,-2,10,1,-1,10
98.975240,11745,rest,-12,-38,-5,0,-1,3,2,-8
98.978036,11746,rest,1,5,-2,-4,-10,-1,-3,0
98.978044,11747,rest,-36,-2,0,0,13,-1,0,-1
98.997778,11748,rest,3,20,-2,-2,3,0,-1,0
98.997805,11749,rest,10,2,1,0,-1,-3,-3,-3
98.999918,11750,rest,17,-1,-2,-3,5,0,-1,3
98.999927,11751,rest,13,5,-4,-1,-6,1,0,1
99.020071,11752,rest,5,33,4,0,1,-1,-3,4
99.020091,11753,rest,7,-59,-3,2,9,-1,1,-1
99.021582,11754,rest,-55,-42,-7,-1,0,0,-1,3
99.021596,11755,rest,0,3,1,-1,-9,-3,-2,-2
99.035143,11756,rest,-31,-17,-2,0,4,0,0,-7
99.036546,11757,rest,14,42,1,-1,-2,-2,-1,-1
99.036641,11758,rest,4,17,2,0,-1,0,-3,-2
99.036656,11759,rest,-6,-25,-2,-4,-9,-1,-2,-5
99.057497,11760,rest,30,29,3,11,11,3,-1,81
99.057513,11761,rest,-38,-46,-5,-4,-2,-2,-4,-1
99.058959,11762,rest,16,2,-2,-2,1,-2,0,1
99.058976,11763,rest,-44,-12,-3,-1,-5,-1,-2,-2
99.080525,11764,rest,10,-7,-3,-5,1,-1,-2,-21
99.080642,11765,rest,-4,23,0,-1,-2,-2,0,-5
99.083103,11766,rest,3,1,1,1,-2,0,1,10
99.083117,11767,rest,18,21,3,3,11,1,4,-2
99.095089,11768,rest,-4,-32,-3,-7,-47,-5,0,-17
99.095115,11769,rest,-12,19,1,3,3,0,-2,-1
99.096731,11770,rest,-15,-47,-6,-6,-1,-1,1,-12
99.096769,11771,rest,53,12,1,2,3,0,1,3
99.117665,11772,rest,-36,7,-2,-4,11,0,-3,-10
99.117694,11773,rest,37,-3,1,-2,-4,-2,-4,2
99.119884,11774,rest,-2,12,1,0,-8,-1,1,2
99.119892,11775,rest,9,0,-1,1,1,-2,-4,1
99.140009,11776,rest,3,-15,-1,0,6,-1,-2,-9
99.140033,11777,rest,7,17,0,-2,-3,-1,-2,-2
99.142077,11778,rest,-22,23,1,0,11,1,0,5
99.142082,11779,rest,16,-41,-1,-2,-5,-2,-4,-5
99.154418,11780,rest,-31,-3,-2,-4,3,-2,-1,-13
99.154439,11781,rest,26,21,0,7,2,0,1,-1
99.168691,11782,rest,-8,8,2,0,0,0,-1,0
99.168710,11783,rest,-7,0,-2,-2,-5,-2,-1,4
99.177586,11784,rest,10,16,-2,-3,-5,2,8,5
99.177605,11785,rest,3,-40,2,0,-1,-1,-3,0
99.179282,11786,rest,-16,-8,-9,-5,-4,-3,0,-32
99.179408,11787,rest,-26,-11,-1,-1,-2,-1,-2,4
99.200173,11788,rest,16,4,-1,0,19,-2,-1,-4
99.200180,11789,rest,-23,5,-4,-5,-6,0,-1,-2
99.201635,11790,rest,9,24,2,-1,0,-1,0,-3
99.201654,11791,rest,-4,-4,-2,-2,1,-1,1,-9
99.215794,11792,rest,19,-8,0,-1,1,-1,-2,-10
99.215813,11793,rest,-35,15,2,-1,0,0,-2,-9
99.221253,11794,rest,9,4,2,1,0,0,-1,6
99.222924,11795,rest,11,-14,-2,0,-4,-1,-2,2
99.237551,11796,rest,-32,-12,-2,2,-2,-1,-4,4
99.237618,11797,rest,5,-3,-3,-2,-1,-2,1,5
99.239261,11798,rest,16,0,-1,2,-1,0,-1,7
99.239269,11799,rest,-21,3,0,-3,-2,0,0,5
99.261793,11800,rest,35,35,-2,-4,15,-1,-1,-5
99.261846,11801,rest,18,-14,2,8,3,0,1,1
99.261849,11802,rest,-10,-9,-1,-1,-1,-2,-4,-2
99.261850,11803,rest,9,8,1,1,-3,-2,0,-4
99.274630,11804,rest,-3,1,-1,1,1,0,-1,0
99.274655,11805,rest,2,13,-2,-5,-2,1,0,-1
99.281755,11806,rest,1,-29,0,-4,-3,-3,-4,-34
99.284423,11807,rest,5,13,-1,-1,1,1,-1,6
99.298054,11808,rest,27,-21,1,4,18,-1,1,0
99.298081,11809,rest,-37,24,-5,-6,-3,-1,-1,1
99.300426,11810,rest,16,9,1,1,-3,-1,0,-2
99.300434,11811,rest,-15,-3,-5,-5,-4,-2,-1,-2
99.320020,11812,rest,16,-14,1,-2,-10,-1,-1,-1
99.321448,11813,rest,12,-1,0,-2,-4,-3,0,-63
99.321707,11814,rest,-9,20,1,1,7,1,-3,38
99.321733,11815,rest,24,6,-2,-2,-2,-1,-2,-3
99.333923,11816,rest,-52,-10,0,0,-6,-3,-5,3
99.333944,11817,rest,-12,2,-2,-3,2,-1,-2,-1
99.343821,11818,rest,-13,-21,-1,-3,-4,-3,0,2
99.343826,11819,rest,2,11,-2,-1,4,-3,-2,-3
99.357511,11820,rest,3,-34,-5,-4,-9,0,-3,-11
99.357554,11821,rest,-3,-6,-2,-5,-7,1,-2,13
99.359178,11822,rest,11,22,1,-1,2,-1,1,-2
99.359294,11823,rest,-11,-6,3,1,12,-2,1,8
99.380405,11824,rest,11,30,0,0,-26,-3,-1,-4
99.380432,11825,rest,4,-72,-5,1,-1,0,-2,11
99.383468,11826,rest,32,8,-3,-1,-8,0,-1,8
99.383488,11827,rest,-14,-1,-1,0,11,1,-2,-8
99.394468,11828,rest,12,-12,-1,-3,-1,-2,-2,2
99.394495,11829,rest,17,18,3,0,-2,-2,0,10
99.401312,11830,rest,-20,-4,0,0,-6,-2,-1,-6
99.401343,11831,rest,-5,4,2,0,-5,0,0,1
99.418803,11832,rest,16,-4,0,-2,0,-1,0,1
99.418812,11833,rest,-20,-15,-7,-2,-5,-1,4,-15
99.419151,11834,rest,16,-36,-2,0,9,0,-1,17
99.419162,11835,rest,-39,4,-2,-1,-6,-1,-2,-4
99.439149,11836,rest,-3,5,-1,-1,3,1,1,-1
99.439174,11837,rest,18,12,2,0,-5,-1,-1,0
99.449929,11838,rest,7,23,0,-1,-4,-1,1,-8
99.449938,11839,rest,16,9,0,-2,-4,-2,-4,2
99.454441,11840,rest,-9,-51,-4,-4,-2,1,-2,42
99.454466,11841,rest,0,19,1,-1,2,-1,-5,30
99.461234,11842,rest,-17,-2,-2,0,-1,-2,-2,-7
99.461263,11843,rest,7,1,0,1,-5,0,-1,11
99.477689,11844,rest,-18,5,-1,-3,1,-2,-1,-21
99.479266,11845,rest,2,11,-1,1,1,-1,-3,-1
99.479271,11846,rest,10,14,-1,-3,-3,-1,-1,1
99.479274,11847,rest,-30,-54,-3,2,1,-1,-4,-16
99.500364,11848,rest,-2,8,-3,2,11,-1,-3,-7
99.500384,11849,rest,-5,-12,1,-2,-19,-2,1,1
99.501690,11850,rest,3,19,0,-3,-4,-1,-1,-4
99.501717,11851,rest,8,2,-1,-1,-5,-1,1,-3
99.513818,11852,rest,-15,9,-1,0,3,1,-2,-7
99.513859,11853,rest,18,14,-1,-2,5,0,-2,9
99.523639,11854,rest,-10,-21,-4,-3,-2,-3,2,-3
99.523645,11855,rest,5,-11,-2,0,-2,-1,-6,-1
99.537543,11856,rest,-2,6,0,-2,-1,-2,-2,0
99.537564,11857,rest,-4,-13,1,-1,1,-2,-2,-9
99.539106,11858,rest,12,22,0,-2,-1,-1,-3,4
99.539154,11859,rest,-9,-4,-1,-4,-3,1,5,-1
99.561741,11860,rest,21,16,1,2,-1,-2,-3,-8
99.561749,11861,rest,-4,-12,1,0,2,-2,-2,-5
99.561752,11862,rest,26,0,1,4,4,0,0,41
99.561754,11863,rest,-32,0,-4,-2,-3,-1,0,-21
99.573963,11864,rest,-13,18,0,0,-3,0,-2,0
99.573988,11865,rest,-9,-43,-1,-2,-1,0,2,1
99.584264,11866,rest,9,-12,2,0,1,-1,-10,43
99.584270,11867,rest,14,20,-1,-4,-4,-2,-2,-3
99.597661,11868,rest,7,3,-1,2,-1,-1,0,2
99.597687,11869,rest,-8,-9,-3,-3,-1,-1,0,2
99.599683,11870,rest,-6,3,-2,-1,2,-1,1,-30
99.599689,11871,rest,-9,-14,0,-2,-4,0,-2,0
99.619976,11872,rest,25,36,4,1,10,2,-1,1
99.619999,11873,rest,-6,-1,-2,-2,-1,-2,-2,-1
99.621782,11874,rest,-39,-20,-3,-4,0,-1,-1,-16
99.621790,11875,rest,17,28,2,0,0,-1,-1,-30
99.633867,11876,rest,-9,-31,0,1,-1,0,2,-6
99.633892,11877,rest,-15,20,-2,0,2,-1,-2,-6
99.644598,11878,rest,-10,-38,-5,-2,-2,0,-1,-11
99.644603,11879,rest,20,-3,0,0,-1,0,1,3
99.657462,11880,rest,-6,-1,-2,-3,-5,-2,2,-3
99.657497,11881,rest,16,15,1,-2,-2,-1,-1,-1
99.658968,11882,rest,8,14,-1,-1,-2,-1,-2,-9
99.659022,11883,rest,-25,-7,-2,1,2,-1,5,11
99.680321,11884,rest,3,8,2,-1,13,-1,-3,1
99.680346,11885,rest,-6,-43,-2,0,-6,-1,-3,7
99.681941,11886,rest,-11,-5,-2,-3,-6,-3,3,-67
99.681952,11887,rest,10,3,-1,4,1,0,0,20
99.693769,11888,rest,1,3,3,0,0,-1,0,0
99.695802,11889,rest,-4,25,-1,1,3,0,-1,-4
99.704156,11890,rest,-2,7,0,-1,-1,0,-1,-9
99.704163,11891,rest,7,-3,-1,-2,-1,1,2,1
99.717664,11892,rest,-1,-20,-2,1,-11,-2,-3,-3
99.717680,11893,rest,-8,31,-1,-4,1,0,-3,-8
99.719115,11894,rest,-6,-30,-2,-1,9,-1,1,10
99.719135,11895,rest,26,19,1,1,2,-1,-1,10
99.740252,11896,rest,-18,-17,-3,-1,-3,-1,-1,6
99.740371,11897,rest,-17,42,2,1,1,0,1,5
99.742358,11898,rest,15,-19,-4,1,1,0,-1,7
99.742364,11899,rest,19,1,1,-3,-2,-3,-2,0
99.753734,11900,rest,1,-2,-2,-3,-4,-1,3,-12
99.753814,11901,rest,41,4,-1,-1,-1,-1,1,3
99.764742,11902,rest,-6,23,0,0,-2,-1,0,7
99.764748,11903,rest,-25,-7,0,0,-2,1,-1,41
99.777811,11904,rest,15,9,-3,-1,-5,0,0,-1
99.777839,11905,rest,7,-48,-4,-5,-3,-1,-1,-2
99.780394,11906,rest,-12,3,0,-1,-3,-1,1,-13
99.780407,11907,rest,0,-12,2,1,1,-2,-8,-7
99.800095,11908,rest,-3,11,-2,-4,-3,-2,-1,1
99.800118,11909,rest,-2,0,-2,1,0,-1,1,2
99.801638,11910,rest,-19,5,0,-4,-8,-1,-1,-7
99.801660,11911,rest,-16,-6,-2,-3,-3,-3,0,-63
99.813815,11912,rest,10,22,0,1,9,-1,-3,7
99.813844,11913,rest,10,10,-3,-3,-35,-3,-5,-10
99.828633,11914,rest,7,-52,-2,-1,-1,1,-2,9
99.828655,11915,rest,20,23,-1,0,-1,-3,-1,-4
99.837504,11916,rest,-32,-25,-2,-1,-5,0,0,3
99.837521,11917,rest,-3,27,3,0,22,1,2,0
99.839045,11918,rest,15,28,1,0,3,-1,-6,17
99.839108,11919,rest,-9,-12,0,0,-5,-1,-1,11
99.860033,11920,rest,28,-7,-1,-4,0,0,-2,-2
99.860044,11921,rest,-6,0,-1,1,5,1,-2,6
99.861442,11922,rest,-33,1,-1,0,-5,-2,2,-5
99.861461,11923,rest,0,-7,1,-1,4,-2,-4,38
99.882782,11924,rest,4,11,1,-3,-10,-1,0,4
99.882808,11925,rest,-14,-13,1,7,7,-1,0,-5
99.884395,11926,rest,10,-27,-4,-1,3,-1,0,-3
99.884409,11927,rest,3,0,-1,-1,-4,-2,3,-6
99.897671,11928,rest,-14,-4,-4,-3,-1,0,-2,19
99.897698,11929,rest,6,0,-1,-3,-3,1,0,6
99.899590,11930,rest,-14,28,1,1,0,-1,0,-1
99.899600,11931,rest,-19,1,-3,-1,1,0,-1,-2
99.920018,11932,rest,-24,-33,-2,-3,-4,-4,-1,-48
99.920044,11933,rest,-7,8,0,-1,1,-1,-1,12
99.921646,11934,rest,8,0,1,-1,-2,-1,0,8
99.921744,11935,rest,1,-11,-6,-4,-5,-1,2,-8
99.942751,11936,rest,32,12,3,-1,-11,-1,0,-8
99.942776,11937,rest,-62,-56,-8,0,0,-2,-2,-10
99.944000,11938,rest,-15,31,1,0,-1,0,-1,-5
99.945257,11939,rest,2,-25,-3,0,-1,-1,-2,7
99.957663,11940,rest,-14,1,0,1,-2,-1,0,5
99.957680,11941,rest,29,15,4,0,-2,-2,0,0
99.959057,11942,rest,20,10,1,-2,-3,1,-2,7
99.959074,11943,rest,-2,0,-2,-2,-1,0,0,15
99.980305,11944,rest,-15,-7,-2,-3,-5,-3,-3,4
99.980338,11945,rest,13,21,3,9,16,-1,0,-9
99.983027,11946,rest,5,-43,-3,-2,-29,-3,-2,3
99.983036,11947,rest,5,9,0,-1,1,0,-8,-10
100.003035,11948,rest,-16,-27,-4,1,3,0,-2,6
100.003053,11949,rest,9,10,-3,-8,-9,-2,-1,4
100.004549,11950,rest,-5,15,-1,0,9,-2,1,-14
100.004571,11951,rest,5,5,0,0,-1,1,-1,18
100.018118,11952,rest,11,9,-2,-2,-16,-3,-2,3
100.018126,11953,rest,21,8,1,0,1,0,-2,-9
100.019121,11954,rest,-16,-7,2,1,1,-3,5,-52
100.019140,11955,rest,-11,5,-4,-5,-3,-1,-7,-1
100.040005,11956,rest,17,1,0,0,5,1,1,0
100.040024,11957,rest,11,28,-1,-1,-4,-1,0,1
100.041481,11958,rest,-4,-60,-4,-1,1,-2,-2,2
100.041492,11959,rest,4,12,1,0,-3,-1,3,-10
100.063307,11960,rest,-16,-1,-2,1,4,-1,0,-2
100.063368,11961,rest,17,7,-7,-7,-1,-3,-5,-3
100.065722,11962,rest,-14,22,-1,0,0,0,0,23
100.065731,11963,rest,14,1,-1,-5,-2,-1,-2,-13
100.077176,11964,rest,-14,7,-1,11,11,-1,-1,7
100.077213,11965,rest,2,4,-2,-4,-7,-2,2,-30
100.083945,11966,rest,-7,-15,0,1,4,2,-3,22
100.083995,11967,rest,6,-10,-2,0,2,-1,0,2
100.099860,11968,rest,2,13,1,-6,-6,-3,0,-11
100.099886,11969,rest,-14,-20,-1,0,-5,0,1,4
100.106299,11970,rest,5,33,0,0,1,0,-5,3
100.106316,11971,rest,3,-15,-3,2,24,-2,2,-3
100.122681,11972,rest,14,8,-2,-2,-12,0,0,5
100.122718,11973,rest,-18,-19,-1,-2,16,0,1,30
100.124392,11974,rest,25,10,0,-3,-3,0,-1,64
100.124397,11975,rest,-15,-4,1,0,1,0,-2,-4
100.137153,11976,rest,-2,-13,-2,-1,3,-1,1,0
100.137183,11977,rest,-3,-2,0,-1,-5,-1,-3,3
100.143801,11978,rest,-5,1,0,0,4,0,0,-17
100.143826,11979,rest,13,26,1,-1,-9,-3,-2,-8
100.160151,11980,rest,-5,-21,-5,-4,8,0,1,2
100.160184,11981,rest,-19,-36,-3,-4,-13,-1,2,-13
100.161639,11982,rest,-9,7,0,9,7,0,-1,-9
100.161667,11983,rest,9,23,1,-2,-8,-1,1,-1
100.182613,11984,rest,23,-5,2,0,-1,1,-3,-3
100.182656,11985,rest,12,9,0,-3,0,-3,-4,-30
100.184507,11986,rest,-39,-30,-5,-5,-4,-2,-3,0
100.184515,11987,rest,15,-3,2,-1,-4,1,0,2
100.197190,11988,rest,-50,-14,-2,-1,0,-1,-1,-11
100.197213,11989,rest,13,-8,0,1,0,-3,-3,-2
100.203699,11990,rest,15,29,-1,-2,-1,-3,-1,-7
100.203751,11991,rest,-3,-4,1,1,-4,-1,-2,-1
100.220009,11992,rest,-8,-4,-1,-5,-1,-1,-3,2
100.220034,11993,rest,22,13,1,1,1,1,2,8
100.221568,11994,rest,4,-2,-4,-3,-2,-1,-4,-11
100.221595,11995,rest,-26,-23,-4,-1,-1,-1,0,5
100.242710,11996,rest,10,28,1,0,-10,-1,1,-4
100.242734,11997,rest,-39,-37,-3,1,1,-2,-2,10
100.245002,11998,rest,25,2,1,-4,-5,-4,2,-59
100.245008,11999,rest,-18,-14,-5,-2,-2,0,-1,-6
102.268788,12000,clench,-3,0,6,2,10,17,45,23
102.269032,12001,clench,-1,-32,-11,-5,3,4,11,12
102.269036,12002,clench,1,-9,-8,-4,-6,-8,-18,-16
102.269038,12003,clench,0,19,9,-2,-1,-2,4,0
102.282012,12004,clench,5,-17,-17,3,-2,-7,-43,11
102.284663,12005,clench,-7,-26,-5,-1,-4,-5,14,1
102.284669,12006,clench,-5,-8,-10,-2,5,6,5,4
102.284671,12007,clench,-4,-50,-11,0,-1,-8,-11,-6
102.304231,12008,clench,-14,-29,5,0,2,4,-26,-17
102.304256,12009,clench,9,-89,-50,-5,-12,-16,30,24
102.304960,12010,clench,37,108,93,7,7,20,-3,-3
102.305030,12011,clench,-59,-29,-7,-8,-6,8,31,22
102.327650,12012,clench,6,-50,-17,-9,-10,-11,-12,-33
102.327681,12013,clench,-3,-18,-11,0,8,3,10,-12
102.330235,12014,clench,5,-56,-46,0,-1,-16,-39,-7
102.330244,12015,clench,13,6,11,3,4,5,6,9
102.342638,12016,clench,-3,40,10,-2,-4,1,29,16
102.342665,12017,clench,-8,4,5,1,0,-2,-22,-18
102.342669,12018,clench,-10,-5,-16,-5,-3,-2,8,8
102.342673,12019,clench,12,25,19,3,4,6,11,11
102.364365,12020,clench,-8,-110,-85,-10,-3,-14,0,-2
102.364399,12021,clench,0,127,122,22,-10,-6,-34,-22
102.365431,12022,clench,3,-89,-20,-11,-7,7,41,15
102.365463,12023,clench,3,-22,0,3,3,2,-9,-23
102.387535,12024,clench,17,-5,0,-1,-5,4,29,9
102.387562,12025,clench,-18,-54,-49,-12,1,-5,4,5
102.388848,12026,clench,-21,6,8,3,1,-5,-12,-20
102.388861,12027,clench,10,17,12,2,-2,-3,-10,-12
102.401182,12028,clench,-3,42,13,4,2,-2,-8,7
102.401204,12029,clench,5,-1,-5,-3,4,2,12,-5
102.409935,12030,clench,-5,8,-3,0,0,-5,-8,10
102.409941,12031,clench,1,-4,-11,-3,3,3,1,-1
102.426394,12032,clench,-3,30,20,0,-3,1,-9,10
102.426400,12033,clench,5,-14,-5,-1,0,4,8,3
102.426402,12034,clench,2,-58,-79,-14,-5,-7,-18,-26
102.426404,12035,clench,-1,102,101,15,7,-3,-6,0
102.447845,12036,clench,-8,-7,36,10,0,-10,13,-9
102.447886,12037,clench,12,-10,-1,-2,-1,20,-24,26
102.450150,12038,clench,-13,-50,-17,4,3,3,-17,-9
102.450157,12039,clench,13,-40,-42,-15,-4,6,49,13
102.461396,12040,clench,-9,18,-2,-7,-5,-3,-19,-16
102.461419,12041,clench,4,4,-6,0,3,-6,21,-11
102.469304,12042,clench,-2,3,8,2,-5,-8,-23,4
102.469331,12043,clench,-2,-4,-9,5,7,-3,-29,24
102.484423,12044,clench,-1,13,10,-5,-4,3,20,18
102.484446,12045,clench,-2,-23,-12,-1,-3,-4,-10,-28
102.486088,12046,clench,-5,14,0,-3,-1,0,1,-6
102.486095,12047,clench,-10,-122,-26,3,-4,-21,6,-17
102.507421,12048,clench,4,96,30,-6,5,20,48,19
102.507443,12049,clench,2,-9,13,2,3,16,-14,-17
102.508030,12050,clench,7,43,11,0,-6,-8,2,8
102.508047,12051,clench,5,-28,-13,-5,-3,-3,-2,-31
102.521875,12052,clench,2,-35,-39,-1,-3,-12,-20,0
102.521880,12053,clench,-10,-12,3,-3,1,-1,14,7
102.529651,12054,clench,-8,54,27,5,6,8,-3,3
102.529703,12055,clench,-6,5,-16,-2,0,6,5,4
102.544513,12056,clench,13,10,-12,-2,-2,-1,-18,36
102.544534,12057,clench,-2,2,3,-1,3,-3,2,-9
102.545972,12058,clench,0,-94,-24,0,1,-10,-6,3
102.545978,12059,clench,-5,95,-21,-2,5,-2,-11,16
102.568113,12060,clench,20,30,50,4,-14,-2,-7,-24
102.568118,12061,clench,23,-7,0,0,-3,1,-19,-15
102.568202,12062,clench,-16,-15,-2,-7,-6,-1,0,4
102.568230,12063,clench,1,-12,-9,-4,-1,-3,-4,-9
102.581247,12064,clench,6,-35,-10,1,4,-3,4,0
102.581269,12065,clench,-4,3,-10,-2,-5,-9,0,-3
102.589472,12066,clench,10,-9,-1,1,-1,-3,11,21
102.589503,12067,clench,11,6,6,-1,0,4,-11,-8
102.604551,12068,clench,-35,-20,-5,-2,0,-4,-10,-7
102.604582,12069,clench,-9,61,5,-1,-2,-1,14,8
102.605180,12070,clench,-4,-49,-13,7,12,-9,-14,3
102.605200,12071,clench,-17,15,14,-12,-17,-14,-8,-6
102.627502,12072,clench,12,76,25,-6,-6,20,6,23
102.627582,12073,clench,6,-54,-10,-1,7,3,15,-11
102.629129,12074,clench,20,0,0,-6,-5,2,15,12
102.629137,12075,clench,-3,-31,-7,4,1,-1,-23,-12
102.641188,12076,clench,-20,-60,-16,0,-2,-14,-9,-12
102.642344,12077,clench,-9,17,-5,-2,-3,-1,7,6
102.649553,12078,clench,6,-12,8,-1,-1,0,-12,-14
102.649588,12079,clench,1,-20,11,2,-2,-2,10,4
102.664773,12080,clench,-7,45,-22,-1,2,5,1,-2
102.664785,12081,clench,-8,5,0,1,2,0,2,7
102.664901,12082,clench,3,-12,17,2,0,2,6,28
102.664918,12083,clench,16,7,-4,-3,-1,5,9,5
102.687645,12084,clench,9,-60,0,4,6,-2,3,-2
102.687685,12085,clench,5,4,8,5,0,-7,-13,12
102.689397,12086,clench,-16,-73,-29,-5,-7,-16,-31,-13
102.689404,12087,clench,14,123,72,10,2,32,82,26
102.701124,12088,clench,-3,-61,-8,-4,3,2,-64,-17
102.701145,12089,clench,-1,-34,-13,-3,-3,-2,21,-10
102.709294,12090,clench,7,27,-14,-3,1,3,4,1
102.709421,12091,clench,-6,-33,-24,-2,-3,-10,-9,-5
102.724506,12092,clench,-5,-69,-4,7,8,-4,17,-36
102.724535,12093,clench,-13,72,12,-1,-7,2,8,11
102.726825,12094,clench,-3,87,22,2,-2,-2,3,-3
102.726834,12095,clench,-4,-33,-20,-6,3,-2,-45,-5
102.747606,12096,clench,-3,15,-1,-2,-10,-4,25,-6
102.747628,12097,clench,-2,-50,-13,-5,0,2,-11,-5
102.748406,12098,clench,8,8,4,2,0,3,17,9
102.748429,12099,clench,0,-66,-35,-8,-8,-16,-14,-32
102.769446,12100,clench,10,105,25,1,8,6,13,23
102.769524,12101,clench,-4,-19,-5,2,-5,-12,-40,-9
102.776829,12102,clench,6,-10,3,-2,1,13,40,2
102.776855,12103,clench,-66,-3,-6,-5,0,2,8,-16
102.784380,12104,clench,-6,-11,-16,6,-1,-14,-23,-4
102.784402,12105,clench,11,45,-11,-11,-8,-7,14,1
102.785645,12106,clench,-9,-17,9,-4,-3,2,-12,-13
102.785652,12107,clench,15,4,0,2,-1,-2,-14,9
102.807444,12108,clench,13,-11,-13,-3,-4,-7,-13,3
102.807453,12109,clench,-23,19,28,6,4,0,-8,-2
102.808143,12110,clench,-4,-2,-16,-3,-1,-1,0,-28
102.808156,12111,clench,2,16,11,0,-3,-1,5,20
102.830394,12112,clench,-3,10,0,-3,-3,-2,-13,5
102.832767,12113,clench,12,-59,-16,1,1,3,3,-4
102.832774,12114,clench,-2,44,9,-1,0,0,34,-3
102.832776,12115,clench,9,-1,-8,-3,-6,1,-39,-1
102.844622,12116,clench,-5,64,1,-3,-7,-9,-3,-8
102.844656,12117,clench,0,-14,5,1,12,6,7,21
102.846452,12118,clench,-7,7,7,-6,-3,15,17,36
102.846466,12119,clench,24,77,2,-1,0,-2,14,-33
102.867435,12120,clench,-7,-50,-22,-4,2,3,3,-8
102.867453,12121,clench,1,-11,5,1,-3,-14,-17,-2
102.869427,12122,clench,8,1,-9,4,-3,-9,-28,-7
102.869435,12123,clench,-3,-81,-15,-3,10,7,2,25
102.889977,12124,clench,5,-36,-7,4,-1,5,2,-11
102.890014,12125,clench,3,62,37,4,5,8,-3,10
102.890619,12126,clench,-16,-14,-2,-2,-2,-2,-3,-17
102.890634,12127,clench,18,-7,-8,-2,-5,-3,0,11
102.904472,12128,clench,-4,-23,-9,-2,-3,-7,12,-10
102.904500,12129,clench,-10,-31,-12,-1,1,0,19,-2
102.904931,12130,clench,5,0,-5,-2,-3,-7,-54,-8
102.904951,12131,clench,-4,-60,-11,0,8,-12,-25,-21
102.927534,12132,clench,-3,46,11,-3,-5,20,61,12
102.927561,12133,clench,24,66,17,0,-2,4,-6,16
102.929261,12134,clench,0,-20,6,-1,-7,-5,13,-9
102.929271,12135,clench,-18,10,1,0,6,5,14,3
102.950105,12136,clench,-2,-34,-3,0,6,-4,-3,-4
102.950114,12137,clench,-5,-13,-22,-5,-5,-1,-5,-33
102.950681,12138,clench,-6,-15,-6,2,-3,-5,-12,0
102.950698,12139,clench,-2,13,8,1,-1,-1,-8,-1
102.965816,12140,clench,6,9,5,-3,2,1,3,1
102.965824,12141,clench,-13,-51,-26,-1,-3,-6,12,-1
102.965827,12142,clench,-6,118,33,8,8,-5,-14,3
102.965830,12143,clench,-15,-70,-12,0,6,-8,8,-45
102.987654,12144,clench,14,73,42,-15,-9,29,11,18
102.987692,12145,clench,-6,-77,-13,-8,-14,-12,-16,-16
102.989934,12146,clench,7,-24,-18,-4,-3,2,-1,12
102.989949,12147,clench,5,10,-1,1,-4,-7,7,3
103.010018,12148,clench,-16,-17,-7,6,6,-7,-14,0
103.010041,12149,clench,3,-3,-8,-1,2,0,-4,-2
103.012052,12150,clench,4,-14,0,-2,-4,1,14,0
103.012059,12151,clench,-13,18,12,2,-4,2,3,12
103.024319,12152,clench,6,-30,-12,1,-2,-10,-22,4
103.024350,12153,clench,1,-10,14,2,0,6,7,-4
103.026636,12154,clench,-6,1,-7,-3,0,-3,0,1
103.026644,12155,clench,6,-26,0,2,-3,3,3,11
103.047437,12156,clench,2,93,13,8,4,-4,4,34
103.047477,12157,clench,-31,2,-2,-8,-16,-33,-44,-7
103.048208,12158,clench,9,13,18,-4,9,44,45,18
103.048243,12159,clench,24,3,-7,-7,-16,-2,-11,-6
103.069971,12160,clench,-19,-103,-29,-7,-4,-6,-27,-22
103.069989,12161,clench,10,21,4,4,9,1,5,7
103.071177,12162,clench,-2,-8,-7,-2,-7,-19,-32,-5
103.071187,12163,clench,-11,11,1,1,-9,5,21,16
103.084269,12164,clench,5,-18,7,2,5,-1,-3,-6
103.084287,12165,clench,5,17,-2,3,4,4,-9,1
103.085689,12166,clench,-6,-25,-16,-2,3,-3,4,18
103.085694,12167,clench,13,22,20,2,3,6,7,5
103.107525,12168,clench,3,39,-7,-2,-6,-9,-7,18
103.107534,12169,clench,-4,-81,-29,-3,0,6,8,12
103.108123,12170,clench,6,103,34,12,10,-2,5,-6
103.108167,12171,clench,-7,-82,-10,-10,-4,1,-6,6
103.130163,12172,clench,-2,36,12,0,-5,-4,-15,-14
103.130197,12173,clench,-2,-14,-6,1,5,13,19,11
103.131978,12174,clench,0,-46,-21,-3,0,-5,-43,-16
103.131985,12175,clench,-6,11,-2,-2,-6,-4,13,-19
103.144253,12176,clench,-4,-42,-12,-5,-2,4,28,-12
103.144276,12177,clench,5,13,6,-2,1,0,2,8
103.145132,12178,clench,-2,-13,-2,2,-1,-7,2,-18
103.145149,12179,clench,-1,48,19,4,6,0,-40,13
103.167588,12180,clench,-4,-17,-8,0,-4,-5,-7,-14
103.167607,12181,clench,2,-25,-9,4,2,-5,-5,-13
103.169853,12182,clench,-3,22,9,-7,-8,-6,-1,-16
103.169862,12183,clench,-1,90,25,-1,7,10,38,0
103.190488,12184,clench,-1,-60,-8,-3,-6,1,1,10
103.190515,12185,clench,10,38,20,4,2,-2,-23,-11
103.190621,12186,clench,0,-50,-18,-8,-7,1,18,-1
103.190629,12187,clench,1,-15,-13,3,-3,-8,2,2
103.204255,12188,clench,-3,-6,1,0,2,-7,-11,4
103.204283,12189,clench,-8,22,0,-4,-4,8,15,-1
103.205029,12190,clench,-7,-18,-12,0,-4,-3,-5,-16
103.205057,12191,clench,0,20,7,-1,2,3,-24,9
103.227658,12192,clench,1,-19,-4,0,2,-3,-4,-3
103.227690,12193,clench,4,-26,-6,2,1,-5,31,-1
103.228878,12194,clench,-6,19,15,0,-4,-9,-8,41
103.228884,12195,clench,0,29,14,5,11,12,8,9
103.250011,12196,clench,-9,66,12,-8,-7,-2,-44,0
103.250036,12197,clench,22,27,5,-9,-14,-5,5,-13
103.251044,12198,clench,2,-29,-15,4,7,3,-1,-24
103.251078,12199,clench,-1,-35,-11,-3,-15,-9,24,-4
103.265664,12200,clench,-7,-3,-10,0,10,0,-9,11
103.265721,12201,clench,3,22,-2,-1,1,1,-3,0
103.265723,12202,clench,0,2,6,-1,0,0,6,3
103.265725,12203,clench,2,2,-9,-3,-3,-6,-22,-39
103.287480,12204,clench,-1,-4,-2,1,-1,4,18,-7
103.287501,12205,clench,-13,5,0,0,0,-2,-6,3
103.289553,12206,clench,-3,-16,-4,-1,3,2,6,-2
103.289563,12207,clench,1,-54,-13,-4,-6,-7,-9,-1
103.310367,12208,clench,0,30,-4,6,2,-9,3,-10
103.312251,12209,clench,-10,66,46,9,12,5,33,15
103.312257,12210,clench,-5,-17,-1,0,-5,12,-23,-9
103.312259,12211,clench,19,-3,4,-1,-5,12,0,1
103.324071,12212,clench,-2,-18,-5,-3,7,1,26,5
103.324097,12213,clench,-8,-28,-23,-7,-14,-12,-4,29
103.331993,12214,clench,-6,-5,-12,1,7,-2,-13,-13
103.332029,12215,clench,2,17,7,3,2,-5,-3,8
103.347508,12216,clench,1,-30,-12,-2,-3,7,-6,-3
103.347531,12217,clench,-3,-8,-4,3,8,4,-3,-5
103.348204,12218,clench,8,20,-3,-2,-9,-6,4,29
103.348233,12219,clench,-6,-23,-9,-4,-4,-5,-6,1
103.370009,12220,clench,4,40,11,1,-1,0,2,-5
103.370034,12221,clench,-3,-101,-45,-9,-5,0,-8,-29
103.372006,12222,clench,0,101,29,2,3,-3,8,0
103.372011,12223,clench,-13,-1,11,3,-2,-6,17,0
103.383777,12224,clench,4,-15,1,5,6,16,-19,21
103.383797,12225,clench,5,-12,-9,-12,-12,0,-11,-15
103.391947,12226,clench,6,-24,-16,-7,-7,-5,-3,-9
103.391958,12227,clench,-6,-33,-15,-6,0,-4,13,-5
103.407463,12228,clench,14,26,8,-2,-3,-3,1,-22
103.407483,12229,clench,-25,11,-2,1,-9,-6,1,-24
103.408064,12230,clench,-3,-26,-3,-1,10,8,2,13
103.408076,12231,clench,-2,20,4,1,0,-4,-26,13
103.430340,12232,clench,3,-21,1,1,-2,-2,19,8
103.430374,12233,clench,5,15,3,0,1,3,-10,-6
103.433424,12234,clench,-4,-13,-4,-1,-3,-4,13,0
103.433431,12235,clench,0,44,-6,-1,8,-2,-6,1
103.443862,12236,clench,-8,-31,23,7,0,-10,-10,-5
103.443891,12237,clench,-1,33,0,-1,1,0,61,2
103.452467,12238,clench,0,-16,20,-4,1,23,-33,-26
103.452475,12239,clench,13,-23,-15,-7,-6,-9,-1,18
103.468157,12240,clench,-6,-12,-15,-6,-6,-1,11,-19
103.468163,12241,clench,9,1,2,2,0,-12,-53,-8
103.468165,12242,clench,-4,-25,-12,1,3,-4,41,11
103.468208,12243,clench,-5,13,-17,-2,2,4,-2,-4
103.490097,12244,clench,-2,4,25,2,-1,-7,-10,8
103.490114,12245,clench,0,-61,4,2,9,6,-5,2
103.492170,12246,clench,1,46,-5,-3,-6,-5,-4,-13
103.492180,12247,clench,-13,-9,9,4,7,5,-7,-5
103.503635,12248,clench,0,3,-8,-3,1,-2,5,5
103.503698,12249,clench,-2,-37,-32,0,7,-2,-10,22
103.511930,12250,clench,0,42,35,7,-13,8,15,14
103.511968,12251,clench,7,-49,-6,-2,-4,-2,34,-15
103.527538,12252,clench,3,-3,-4,-6,-4,-1,-57,23
103.527563,12253,clench,-1,14,-3,-7,-4,2,11,-8
103.528958,12254,clench,-4,-58,-20,0,4,-11,2,2
103.528963,12255,clench,0,16,5,1,-6,0,-12,-42
103.550021,12256,clench,-4,-19,-15,-1,10,9,15,5
103.550048,12257,clench,1,14,11,3,-4,-8,-7,3
103.550808,12258,clench,-6,13,1,-4,-3,-9,-4,6
103.550834,12259,clench,-5,27,-5,-3,2,13,4,4
103.563756,12260,clench,4,42,9,-2,-7,-5,6,-10
103.563783,12261,clench,-3,-26,-35,5,12,-12,-23,1
103.571796,12262,clench,-13,101,52,-1,2,10,17,1
103.573781,12263,clench,12,-26,4,-8,-17,1,-4,7
103.587495,12264,clench,-3,-37,-14,-6,-12,-6,6,-8
103.587515,12265,clench,6,60,9,-1,-3,4,-6,9
103.589790,12266,clench,8,-19,-38,-1,5,-10,5,-6
103.589798,12267,clench,-12,-26,6,6,10,-2,-50,0
103.613059,12268,clench,6,23,6,0,5,-1,14,11
103.613067,12269,clench,-7,-41,9,0,0,1,22,23
103.613070,12270,clench,-2,3,-26,-2,0,8,-24,5
103.613072,12271,clench,-2,77,29,5,10,4,1,22
103.623603,12272,clench,3,-29,-17,-2,-4,-4,3,-33
103.623628,12273,clench,6,36,21,-1,-3,2,-16,-2
103.632759,12274,clench,0,-76,-11,1,-1,-4,10,-8
103.632788,12275,clench,3,-7,-17,-7,-8,-7,6,22
103.646861,12276,clench,0,-22,-6,0,2,2,-5,3
103.646888,12277,clench,0,36,7,-2,1,2,1,-11
103.653612,12278,clench,-4,1,-10,3,2,-4,-13,-20
103.653633,12279,clench,-6,-43,4,0,1,-2,28,9
103.670008,12280,clench,-3,-57,-11,-3,2,-2,-8,-4
103.670032,12281,clench,10,84,26,-1,-10,2,-6,-10
103.671594,12282,clench,-9,2,-8,1,-2,-10,2,4
103.671749,12283,clench,10,-8,-4,1,7,7,-17,-18
103.693084,12284,clench,-21,20,9,-4,-2,0,8,3
103.693112,12285,clench,2,3,-1,-5,-1,1,1,7
103.694078,12286,clench,-1,-31,8,1,-1,-4,-9,2
103.696884,12287,clench,0,1,-7,-1,-5,-9,-4,-10
103.706839,12288,clench,3,7,-4,-1,0,9,20,11
103.706944,12289,clench,-5,-25,-8,-6,-1,7,-9,-7
103.714253,12290,clench,3,-10,-7,-3,-2,-6,-7,0
103.714280,12291,clench,-8,23,13,1,1,-6,27,-16
103.730208,12292,clench,-1,-7,9,3,1,5,-9,-23
103.730243,12293,clench,-9,2,-9,-1,-1,-1,-1,-8
103.731825,12294,clench,1,-57,-6,-6,-1,0,-4,3
103.731850,12295,clench,7,47,1,-4,1,1,10,12
103.752432,12296,clench,-7,32,13,4,-3,-10,-34,-45
103.752449,12297,clench,-10,-31,5,-2,-4,4,22,-3
103.753960,12298,clench,8,-14,-12,-4,-5,-3,-15,-23
103.753989,12299,clench,-18,-49,-29,-3,-5,-7,-2,3
103.767298,12300,clench,-3,9,14,5,0,-5,12,14
103.767368,12301,clench,5,-4,-6,0,9,5,-9,0
103.774057,12302,clench,3,-13,1,-3,2,5,21,3
103.774089,12303,clench,1,-41,-14,0,-1,-4,-22,7
103.789986,12304,clench,3,52,8,0,-8,-2,-17,0
103.790010,12305,clench,0,-25,6,1,-7,-5,27,-6
103.791687,12306,clench,2,-10,1,1,5,8,21,8
103.791719,12307,clench,-4,24,10,2,0,1,-10,5
103.814057,12308,clench,3,-15,-15,0,6,5,-7,-4
103.814065,12309,clench,7,23,7,2,-1,-5,25,12
103.814067,12310,clench,-9,13,4,-3,-1,-2,-29,-3
103.814069,12311,clench,-3,-2,-9,0,-4,2,26,26
103.828012,12312,clench,3,14,5,-1,2,-5,11,9
103.828023,12313,clench,-3,-26,-6,-2,3,1,-19,-15
103.833747,12314,clench,1,18,-3,0,1,-1,2,17
103.833771,12315,clench,3,25,22,4,-2,-6,-26,-16
103.850015,12316,clench,-4,-32,-12,-5,-6,0,20,16
103.850052,12317,clench,-12,-21,9,7,5,1,-11,6
103.851857,12318,clench,11,6,-5,-8,-9,-2,-29,-15
103.851865,12319,clench,8,2,-14,-1,4,-1,-19,17
103.872794,12320,clench,-2,-40,-15,-2,-5,-2,35,-2
103.872822,12321,clench,-1,76,30,-2,-3,-3,-17,-37
103.874953,12322,clench,-6,22,4,1,-5,2,2,-7
103.874959,12323,clench,5,-11,-3,-3,-1,1,8,-8
103.886932,12324,clench,-9,-25,-6,-3,0,-2,-7,11
103.886954,12325,clench,-2,-8,6,2,-6,-1,-6,-10
103.893818,12326,clench,-6,-32,-2,1,5,-7,-20,2
103.893857,12327,clench,-3,-47,-4,3,4,4,48,-7
103.909925,12328,clench,17,53,10,-3,-6,6,19,34
103.909946,12329,clench,-2,12,-16,-2,2,-1,-61,-12
103.911530,12330,clench,0,-14,16,1,-3,-3,16,4
103.911562,12331,clench,5,8,-10,-2,-1,-3,-14,0
103.932610,12332,clench,-14,-30,-5,1,14,0,-20,-8
103.932642,12333,clench,1,-13,-11,-2,-19,1,34,12
103.934451,12334,clench,5,23,10,0,-3,6,29,4
103.934458,12335,clench,-6,-7,0,-2,2,6,-18,6
103.947205,12336,clench,-2,66,5,-3,-5,-3,-6,0
103.947249,12337,clench,1,13,-7,-2,0,-1,-3,-19
103.953801,12338,clench,-11,-12,-8,1,6,-7,-16,-11
103.953829,12339,clench,-5,-57,-9,-4,-8,-6,15,-16
103.969910,12340,clench,4,36,-2,-4,-9,-6,-33,0
103.969944,12341,clench,6,-56,-17,-5,4,9,14,16
103.971354,12342,clench,-1,21,9,-2,-6,-4,12,0
103.971378,12343,clench,-1,-9,-10,-2,-2,-3,-15,24
103.993154,12344,clench,10,-14,-2,1,2,0,11,-13
103.994967,12345,clench,-3,-5,-6,-2,1,-12,-62,14
103.994973,12346,clench,-5,-35,-7,3,-1,0,7,-15
103.994975,12347,clench,-5,-10,-1,-1,-4,-9,-2,-17
104.007041,12348,clench,2,33,15,-5,-12,-2,30,17
104.007065,12349,clench,11,25,9,-2,1,8,15,1
104.013949,12350,clench,4,24,15,0,2,-2,-10,4
104.013978,12351,clench,-5,-16,1,0,5,4,-23,-3
104.030381,12352,clench,-5,-30,-15,-2,3,-4,10,-8
104.030411,12353,clench,-1,-11,-2,1,-5,-2,29,4
104.032386,12354,clench,1,-5,-8,-2,-2,-6,-31,6
104.032407,12355,clench,-3,31,5,0,8,2,14,-7
104.052391,12356,clench,-4,-54,-7,9,8,-6,-58,-9
104.052417,12357,clench,-6,51,1,1,2,19,91,31
104.054176,12358,clench,-8,16,9,3,1,-6,-38,-29
104.054254,12359,clench,3,33,7,-9,-18,1,45,0
104.066903,12360,clench,4,-26,-3,-2,0,1,-45,-11
104.066926,12361,clench,-5,-42,0,-1,2,-14,-33,2
104.073660,12362,clench,-4,6,-11,-1,-6,1,19,7
104.073686,12363,clench,3,8,-2,2,1,0,5,0
104.089937,12364,clench,5,-28,13,0,1,-5,-2,-1
104.090022,12365,clench,-29,76,11,1,-1,-5,-5,-29
104.092040,12366,clench,1,-32,-12,-4,-1,7,8,-13
104.092045,12367,clench,-1,24,15,0,-3,-2,-16,19
104.112666,12368,clench,-2,-12,-6,4,3,5,19,-3
104.112676,12369,clench,10,-34,-33,-11,-11,-12,-22,1
104.114001,12370,clench,-2,-4,12,2,0,1,11,-3
104.114063,12371,clench,0,14,0,-1,6,12,-14,-13
104.129512,12372,clench,2,-34,-21,-1,-6,1,3,9
104.129518,12373,clench,-2,-35,9,2,5,-2,20,-1
104.133648,12374,clench,-5,-7,-16,-3,-3,-10,5,16
104.133673,12375,clench,4,21,13,0,-10,3,-15,1
104.150195,12376,clench,-8,42,24,-2,-2,-4,24,-16
104.150221,12377,clench,0,-50,-16,0,12,4,-12,0
104.152513,12378,clench,21,-41,-6,-5,-12,-3,20,4
104.152518,12379,clench,-34,19,-6,-1,3,-9,-28,-20
104.172486,12380,clench,-1,-17,5,2,-3,5,8,3
104.172516,12381,clench,0,24,0,-1,4,-1,-14,-4
104.174112,12382,clench,2,-9,-4,-1,-9,-2,7,5
104.174127,12383,clench,14,-1,-10,1,9,-2,4,-8
104.195239,12384,clench,-6,49,-11,-1,4,-3,4,2
104.195279,12385,clench,-3,-21,16,6,-2,-2,-23,7
104.196728,12386,clench,4,46,-2,3,10,18,27,34
104.196760,12387,clench,-1,4,-8,-8,-13,-10,25,-29
104.209959,12388,clench,-2,-47,-8,0,-1,9,8,-13
104.210022,12389,clench,1,22,-8,-2,0,-2,2,-7
104.211514,12390,clench,-5,-79,-16,-2,3,-5,-46,-27
104.211531,12391,clench,-5,42,23,-3,-9,-6,-22,4
104.232684,12392,clench,13,0,-9,-6,-4,-2,25,6
104.232721,12393,clench,-9,-12,-9,-2,0,3,27,17
104.234326,12394,clench,-7,14,0,-1,-6,-6,-31,-12
104.234333,12395,clench,3,-32,-10,2,17,2,-5,-6
104.246326,12396,clench,2,20,-8,-2,-6,-6,-8,3
104.246368,12397,clench,8,-16,9,0,-7,-3,-6,1
104.255665,12398,clench,-3,88,8,-3,4,-3,1,3
104.255669,12399,clench,2,-48,13,2,3,5,11,12
104.270547,12400,clench,-4,62,11,2,4,2,7,-1
104.270584,12401,clench,3,-2,0,-1,-3,-2,-3,-6
104.271820,12402,clench,-2,-54,-37,-1,6,-6,7,2
104.271851,12403,clench,10,70,58,8,-16,4,-48,-2
104.292441,12404,clench,-17,-20,-10,-6,-1,-3,41,1
104.293545,12405,clench,-2,-53,-3,5,10,14,-1,11
104.293807,12406,clench,1,34,14,-7,-4,3,-3,-12
104.293816,12407,clench,-1,-33,-32,-10,-16,-12,-10,-23
104.306273,12408,clench,9,-13,2,3,3,-5,-25,17
104.306297,12409,clench,16,18,2,-3,-10,-7,3,15
104.317064,12410,clench,-11,27,30,6,-4,-3,3,-8
104.317073,12411,clench,-13,-6,-12,-1,5,-3,-11,0
104.330444,12412,clench,-8,-6,2,2,7,10,-9,-22
104.333176,12413,clench,-2,-12,-13,-5,-4,-8,11,-1
104.333186,12414,clench,12,13,17,3,-5,-3,-8,13
104.333188,12415,clench,2,-88,-16,3,-4,-6,13,-7
104.352530,12416,clench,4,82,1,-1,6,17,19,33
104.352628,12417,clench,-2,-49,11,-4,2,-3,-23,5
104.354219,12418,clench,-7,20,6,-1,-5,-3,-6,-4
104.354225,12419,clench,1,39,-19,-1,2,-2,25,19
104.366311,12420,clench,-1,-55,-3,-3,-3,-4,-11,-4
104.366335,12421,clench,9,8,-4,2,-2,-4,-12,-21
104.375325,12422,clench,2,-38,5,-2,0,-3,-5,-24
104.375330,12423,clench,-3,70,-11,-1,3,5,6,17
104.389990,12424,clench,-2,8,13,1,-2,-9,-16,-10
104.390021,12425,clench,-5,11,4,-3,-5,-2,-4,-6
104.391882,12426,clench,2,-39,-19,-1,-5,-8,23,22
104.391892,12427,clench,0,-56,3,-1,24,11,2,28
104.412693,12428,clench,-5,57,14,-2,-9,2,2,-4
104.412727,12429,clench,-1,28,5,2,-5,-4,-10,-2
104.414105,12430,clench,-13,-1,-11,-3,6,7,12,-7
104.414376,12431,clench,4,-30,-16,-1,-1,-3,9,-11
104.426406,12432,clench,0,-24,-4,-3,-4,-5,-9,9
104.426435,12433,clench,-6,2,-17,-3,4,2,-2,-9
104.436262,12434,clench,6,-39,-16,-3,-2,-1,-10,24
104.436267,12435,clench,-7,68,31,6,-2,9,3,-8
104.450065,12436,clench,-2,-56,3,1,1,-7,-13,-17
104.450091,12437,clench,2,34,-9,-4,-8,-2,2,-4
104.451687,12438,clench,1,-31,-2,0,10,0,-5,-13
104.451757,12439,clench,-1,18,5,0,-8,-2,6,9
104.472447,12440,clench,-4,-27,-11,-2,-12,-6,-15,-2
104.472461,12441,clench,-1,-7,0,6,14,-4,-3,-7
104.473880,12442,clench,5,16,1,-4,0,-4,-13,34
104.473904,12443,clench,-15,-8,-6,-1,-5,5,3,-7
104.486199,12444,clench,12,36,13,1,0,-2,22,-13
104.486231,12445,clench,-4,20,3,-6,-10,1,8,17
104.496205,12446,clench,6,72,2,-1,1,1,6,-23
104.496210,12447,clench,-3,-41,0,1,2,-5,-12,-12
104.510102,12448,clench,-7,-22,-12,-3,-9,-6,-18,-6
104.510128,12449,clench,-8,-21,-6,-1,-1,-2,7,-2
104.512114,12450,clench,-4,20,9,2,1,0,3,-12
104.512119,12451,clench,1,0,4,-2,-10,-15,9,-6
104.532607,12452,clench,3,-10,-34,5,14,3,-14,8
104.532631,12453,clench,-7,9,23,-9,-3,11,8,0
104.534890,12454,clench,9,-39,1,-4,-16,-3,0,-5
104.534898,12455,clench,2,-19,-16,-6,3,3,-15,-8
104.546307,12456,clench,13,-6,-5,-4,-1,-7,0,-4
104.546344,12457,clench,-14,10,-5,3,-1,-4,1,-3
104.556606,12458,clench,-5,-12,-1,4,5,2,-2,12
104.556614,12459,clench,-1,5,-5,-3,-4,-6,-4,0
104.570029,12460,clench,-2,-25,4,3,0,2,-1,32
104.570053,12461,clench,11,42,-3,3,1,1,-7,1
104.571425,12462,clench,-10,33,16,-1,-1,-1,6,-3
104.571449,12463,clench,2,-63,-15,0,1,-1,-1,-1
104.592378,12464,clench,-2,107,-6,-2,-3,-2,-8,-15
104.592397,12465,clench,6,-59,26,12,6,-4,-11,0
104.594645,12466,clench,-18,12,0,-1,2,6,34,6
104.594651,12467,clench,10,-28,-5,-12,-16,11,16,-6
104.606149,12468,clench,4,-24,0,-4,11,6,10,-6
104.607835,12469,clench,-3,10,-15,-7,2,0,6,8
104.616602,12470,clench,10,-10,-8,2,-11,-10,-18,-9
104.616616,12471,clench,-6,-11,-5,2,3,-5,-11,-5
104.630074,12472,clench,-8,0,9,-2,-6,-1,0,-8
104.630082,12473,clench,7,5,0,2,6,-4,0,5
104.631395,12474,clench,-11,-5,-2,-1,1,2,-6,-2
104.631422,12475,clench,-2,27,2,1,1,-4,1,6
104.652528,12476,clench,0,-26,-5,-2,-4,-1,-13,-5
104.652557,12477,clench,-2,25,4,-2,-4,-3,6,-4
104.653929,12478,clench,4,-11,-12,1,6,-2,1,17
104.653938,12479,clench,1,60,31,10,6,-10,-54,-2
104.675475,12480,clench,-13,-16,4,-5,2,19,37,3
104.675480,12481,clench,6,-4,-18,-7,-3,-6,7,-8
104.676283,12482,clench,8,-27,-10,-11,-18,-4,-17,-11
104.676322,12483,clench,-6,16,0,1,9,-3,-1,8
104.691476,12484,clench,-7,-40,-5,3,0,-10,-22,-13
104.691484,12485,clench,-5,-5,0,1,-1,7,11,5
104.691487,12486,clench,-2,11,-3,1,-1,-7,-5,-2
104.691489,12487,clench,0,0,3,1,4,0,-1,-27
104.719818,12488,clench,-8,-11,-6,-7,-18,-5,-9,-7
104.719838,12489,clench,4,-33,-2,-1,-5,-4,-13,-12
104.722074,12490,clench,-1,34,-1,1,6,2,-1,-4
104.722087,12491,clench,0,36,0,2,-3,-1,-14,19
104.734992,12492,clench,-12,-39,17,10,5,-3,47,0
104.735019,12493,clench,3,54,10,-6,-6,7,-30,-14
104.736668,12494,clench,8,-20,5,-3,-9,-1,16,7
104.736675,12495,clench,5,-43,-10,-8,-12,-3,2,16
104.750247,12496,clench,3,47,-7,1,9,-5,-15,2
104.750280,12497,clench,-4,-3,-12,-1,-2,-4,-2,0
104.751874,12498,clench,-19,-26,-4,1,0,1,-8,-3
104.751965,12499,clench,-1,24,8,0,6,0,15,4
104.772498,12500,clench,6,-11,3,-2,-11,-5,-9,3
104.772553,12501,clench,-7,-45,-1,1,-1,-2,11,3
104.773849,12502,clench,11,98,-10,5,9,6,-29,26
104.773874,12503,clench,-2,-4,31,6,6,2,60,7
104.795137,12504,clench,1,14,-3,-2,1,0,-25,-18
104.795169,12505,clench,-10,-44,-10,-6,0,-1,-2,-4
104.796887,12506,clench,0,30,5,0,-6,-10,-6,-12
104.796897,12507,clench,0,-37,-16,-3,-10,4,-2,0
104.809283,12508,clench,5,59,-3,-1,0,-2,-22,11
104.809318,12509,clench,-9,-3,2,-2,-7,-3,22,-10
104.816201,12510,clench,-4,-29,6,1,8,2,-41,-7
104.816237,12511,clench,-2,-10,-10,-2,-1,5,24,-21
104.833828,12512,clench,-13,2,0,-2,-2,-4,9,-3
104.833842,12513,clench,5,-12,-15,-3,4,2,-3,2
104.834196,12514,clench,4,25,8,0,6,0,5,9
104.834213,12515,clench,-9,31,14,1,4,3,-10,0
104.855136,12516,clench,-2,-19,-8,-2,-2,0,-5,-5
104.855161,12517,clench,3,-7,-5,1,-6,-8,-3,7
104.857777,12518,clench,14,15,-4,-6,-2,5,22,-5
104.857784,12519,clench,0,-56,-14,-4,-6,-9,1,-4
104.869269,12520,clench,-4,17,8,6,7,3,1,6
104.869290,12521,clench,-2,12,20,-2,-5,2,4,8
104.876192,12522,clench,-8,-20,0,-4,-3,3,-2,-45
104.876217,12523,clench,7,15,-6,3,8,4,-19,20
104.892682,12524,clench,-1,-18,2,2,2,-11,-8,-1
104.892711,12525,clench,1,-9,-4,-5,9,2,-1,-14
104.894763,12526,clench,-1,5,-1,-5,-11,0,-1,12
104.894768,12527,clench,2,-17,-23,-10,-8,-5,-11,-5
104.915157,12528,clench,6,6,12,3,5,-1,-6,-4
104.915191,12529,clench,-13,13,-2,2,4,-1,46,15
104.916671,12530,clench,0,-17,1,-2,-3,-5,-26,9
104.916702,12531,clench,3,11,-10,-4,0,-8,-40,-21
104.929810,12532,clench,-2,-47,-6,-2,-1,16,39,-25
104.929830,12533,clench,7,32,10,3,-4,-6,-24,4
104.935990,12534,clench,-4,-13,-6,0,1,1,22,13
104.936007,12535,clench,-3,-19,-5,-2,-4,-3,9,-28
104.952424,12536,clench,-4,-12,-9,-5,-3,-5,0,-8
104.952445,12537,clench,2,-76,-8,3,-1,-5,-37,-6
104.953968,12538,clench,-14,69,25,1,-6,-8,18,-4
104.953976,12539,clench,11,4,-7,-5,13,12,-21,39
104.974819,12540,clench,-9,34,13,-1,-12,-5,5,9
104.974837,12541,clench,1,8,-5,-4,-1,-2,6,-8
104.976544,12542,clench,7,-49,-7,0,11,-1,-2,-6
104.976632,12543,clench,-2,-1,0,1,-9,0,2,-4
104.990689,12544,clench,1,-10,-4,-1,2,-1,-19,9
104.990694,12545,clench,-2,6,-9,-3,-5,0,9,6
104.996279,12546,clench,0,-2,2,2,1,-7,-14,-15
104.996306,12547,clench,-8,-29,-1,-4,-4,-9,3,-8
105.012340,12548,clench,3,13,4,6,7,5,-35,16
105.012360,12549,clench,-15,56,-5,-9,-8,-2,16,-1
105.013798,12550,clench,-3,-73,-16,-8,-4,19,6,-25
105.013834,12551,clench,11,65,29,2,-6,-2,15,30
105.034990,12552,clench,9,28,-10,-6,-2,-7,-20,-17
105.035011,12553,clench,3,18,8,7,14,-2,-3,10
105.036865,12554,clench,-4,-13,-12,3,2,0,19,11
105.036872,12555,clench,-2,-14,-11,-3,1,3,-5,30
105.049767,12556,clench,0,-7,4,-1,-5,-3,7,5
105.049795,12557,clench,1,14,1,2,0,-3,-8,-5
105.056344,12558,clench,-3,-33,0,-1,5,-2,7,6
105.056370,12559,clench,-4,1,-3,0,-2,-4,-6,-12
105.072595,12560,clench,6,32,1,-2,-3,-4,6,3
105.072619,12561,clench,-16,-9,9,8,7,-1,-12,-6
105.074107,12562,clench,16,-10,-1,0,-11,-5,57,23
105.074130,12563,clench,-4,-79,-33,-9,-9,9,-11,-18
105.102745,12564,clench,-2,46,19,-3,10,13,-20,-14
105.102868,12565,clench,10,26,8,-2,-10,-3,5,4
105.104080,12566,clench,-7,5,3,4,10,-5,-32,-19
105.104106,12567,clench,0,16,-2,3,0,-7,19,2
105.109672,12568,clench,3,-53,-19,-4,-5,-2,22,25
105.109702,12569,clench,0,-2,-2,-1,0,0,-27,-6
105.116189,12570,clench,-4,-16,-2,-1,-1,-4,2,9
105.116216,12571,clench,-5,24,0,-1,-3,-5,-2,-40
105.133165,12572,clench,-4,-18,1,-1,-3,-2,-5,-4
105.133176,12573,clench,1,16,9,2,-1,-3,0,-4
105.134211,12574,clench,3,12,7,6,-3,2,-6,51
105.134247,12575,clench,2,-9,0,-10,-2,7,7,-8
105.155010,12576,clench,-2,7,-14,0,2,2,20,2
105.155036,12577,clench,7,-43,-6,-9,-7,3,16,6
105.156574,12578,clench,-3,-29,-13,-1,-3,-3,-32,-33
105.156624,12579,clench,-9,43,15,2,6,6,2,1
105.168483,12580,clench,1,-35,-4,-3,-4,-7,4,6
105.168510,12581,clench,5,21,0,0,-7,0,-3,8
105.178382,12582,clench,-6,-64,-17,-4,8,-4,-30,-11
105.178394,12583,clench,-4,88,31,3,6,-3,40,-19
105.192593,12584,clench,-10,-24,-19,-1,9,-1,7,-4
105.192623,12585,clench,-3,-11,-6,-6,-27,-3,-2,-24
105.194088,12586,clench,-2,8,5,-7,-10,-8,-15,-13
105.194164,12587,clench,-2,-29,-10,-1,0,-3,-28,1
105.214974,12588,clench,2,-25,-3,-1,-8,-11,5,-7
105.215048,12589,clench,-6,-2,-1,1,10,5,2,12
105.216496,12590,clench,4,127,30,2,5,8,50,2
105.216520,12591,clench,-1,-47,-2,0,-4,-4,-30,-3
105.228505,12592,clench,10,-31,-2,-2,-5,1,2,17
105.228525,12593,clench,-9,-56,-17,0,4,-6,-20,6
105.238475,12594,clench,-9,43,2,-1,-5,-8,-10,-3
105.238481,12595,clench,-2,31,-18,2,8,-1,2,-2
105.252483,12596,clench,3,38,20,1,-3,2,-14,-2
105.252508,12597,clench,5,-15,3,2,2,3,27,25
105.254068,12598,clench,1,-1,-9,-1,0,2,11,-4
105.254091,12599,clench,-4,-26,-1,0,-3,-8,-45,-8
107.277299,12600,rest,-8,-30,3,6,3,-2,-2,4
107.277626,12601,rest,20,45,-4,-4,6,-2,-1,-6
107.278976,12602,rest,-1,17,2,1,-2,-1,-6,2
107.279010,12603,rest,-16,-64,-1,-2,1,-1,4,-15
107.300044,12604,rest,10,11,2,-1,-3,-2,-1,-8
107.300066,12605,rest,28,36,-4,-2,0,-2,-3,-4
107.301710,12606,rest,-65,-18,-1,0,-6,1,0,26
107.301716,12607,rest,1,37,3,2,14,-2,-8,-11
107.322429,12608,rest,3,-17,-2,-3,-2,0,-1,9
107.322453,12609,rest,-7,-11,1,0,-5,-1,1,-7
107.324001,12610,rest,21,4,-2,-2,0,-1,0,23
107.324027,12611,rest,24,-27,2,4,-1,0,-4,55
107.337400,12612,rest,-4,39,-1,-2,-4,-2,2,-16
107.337425,12613,rest,-2,-3,-1,-2,0,2,-2,2
107.339051,12614,rest,1,-17,-4,-1,2,0,-1,17
107.339072,12615,rest,9,12,0,-1,-1,-1,-1,-12
107.359909,12616,rest,16,26,-1,-3,-5,-1,1,23
107.359938,12617,rest,-2,-20,4,5,1,1,1,41
107.361880,12618,rest,-21,-92,-6,-1,3,-1,-1,8
107.361885,12619,rest,-9,23,-1,0,-2,-1,-1,-15
107.373886,12620,rest,-4,15,-1,-3,-4,-3,-4,-65
107.373916,12621,rest,3,-3,-4,-3,14,-1,0,-15
107.384049,12622,rest,0,-40,1,0,-30,-2,-2,7
107.384060,12623,rest,18,40,1,0,-2,-1,-3,-1
107.397529,12624,rest,-47,-27,-4,-3,-3,0,-3,-5
107.397562,12625,rest,1,-1,3,3,-3,-2,-1,-4
107.399116,12626,rest,-6,55,0,-2,8,0,-2,3
107.399148,12627,rest,-2,-55,-7,-3,-1,-2,0,-16
107.418931,12628,rest,-54,4,-4,-3,-6,-3,-2,10
107.418958,12629,rest,12,7,-2,-1,-1,-2,-3,-7
107.428141,12630,rest,6,35,3,0,3,1,-1,20
107.428147,12631,rest,16,-23,1,1,-1,-2,1,51
107.433778,12632,rest,13,6,1,-2,4,-1,-2,5
107.433803,12633,rest,-10,-12,-3,0,-5,-3,-1,-8
107.444082,12634,rest,25,26,2,0,3,-1,-1,9
107.444087,12635,rest,-32,9,1,2,14,0,0,-21
107.459323,12636,rest,16,-27,-6,-6,-36,-3,-4,-2
107.459329,12637,rest,-16,19,-3,-6,-5,0,-1,-4
107.459332,12638,rest,23,6,-1,0,0,-1,3,-10
107.459334,12639,rest,-31,26,0,-1,-5,-1,1,-13
107.480376,12640,rest,18,-34,-1,0,7,0,0,12
107.480416,12641,rest,25,16,-1,1,-5,-2,-1,-14
107.482561,12642,rest,-14,-43,-2,-2,2,0,-4,23
107.482579,12643,rest,0,7,1,-3,-13,1,0,-6
107.502515,12644,rest,52,25,2,4,2,1,1,-1
107.502559,12645,rest,-49,9,0,-3,-6,-1,2,16
107.504170,12646,rest,-9,2,1,7,14,-1,-4,-10
107.504201,12647,rest,6,-28,-5,-1,-3,-1,-8,30
107.517533,12648,rest,5,26,2,-1,1,0,0,-4
107.517581,12649,rest,-13,-37,-1,-1,-2,0,-4,-14
107.519140,12650,rest,0,14,-2,-4,-3,0,4,9
107.519207,12651,rest,15,15,1,0,0,0,5,27
107.539830,12652,rest,-6,14,-2,-2,-3,-1,0,-3
107.539898,12653,rest,-3,12,-1,-2,3,-1,-1,17
107.541355,12654,rest,10,-54,-2,-2,-1,-4,-5,-13
107.541394,12655,rest,3,45,0,-1,-6,-3,-1,-17
107.562742,12656,rest,2,-6,0,1,9,-1,-1,7
107.562784,12657,rest,-32,-88,-4,-1,-8,0,-1,-5
107.564736,12658,rest,34,43,-1,-1,-9,-1,2,-9
107.564743,12659,rest,5,-6,-5,-4,1,-2,0,-23
107.577410,12660,rest,-32,2,1,0,5,-3,-7,1
107.577432,12661,rest,-4,41,3,-2,-5,0,-2,-11
107.579151,12662,rest,22,-47,-3,-5,-1,-2,0,-42
107.579178,12663,rest,-41,-31,-4,3,5,1,-1,-5
107.600365,12664,rest,-11,-37,-2,-2,0,0,-2,-1
107.600379,12665,rest,5,3,-1,0,2,0,0,1
107.601467,12666,rest,24,25,3,-1,2,0,-5,55
107.601489,12667,rest,-11,47,1,-1,1,0,4,-8
107.622504,12668,rest,-7,-57,-1,1,1,-1,1,-9
107.622530,12669,rest,24,24,-2,2,7,1,-3,36
107.624608,12670,rest,-20,1,-2,-2,-2,-2,-1,-10
107.624613,12671,rest,8,64,1,-1,-8,-3,-1,-11
107.636793,12672,rest,-2,-88,-8,-5,-8,0,0,5
107.636822,12673,rest,4,-7,3,-1,18,-6,-2,9
107.643636,12674,rest,-14,9,-3,-2,-4,0,5,-15
107.645448,12675,rest,-8,0,1,2,3,-1,-6,-4
107.660164,12676,rest,20,25,0,-3,-1,1,-1,-13
107.660207,12677,rest,-10,-8,-3,-3,-7,-1,2,-13
107.662354,12678,rest,-18,-14,-4,-3,5,1,0,-2
107.662363,12679,rest,7,6,3,0,2,-2,-2,-3
107.682490,12680,rest,0,35,-1,2,2,-1,0,2
107.682516,12681,rest,12,-30,-3,-5,-6,-3,-1,-14
107.685055,12682,rest,17,20,5,8,3,-2,-3,4
107.685061,12683,rest,-22,-40,-5,-2,-2,0,3,-9
107.696841,12684,rest,10,45,2,1,-2,0,0,5
107.696878,12685,rest,15,38,2,-1,-6,-1,-1,-3
107.703698,12686,rest,21,-4,-2,3,5,1,0,53
107.703728,12687,rest,-25,-39,-3,-2,13,-1,-3,-5
107.720146,12688,rest,23,7,-3,-1,-8,-1,4,0
107.720183,12689,rest,-25,35,-2,-3,-3,-2,1,-49
107.722122,12690,rest,17,-28,2,-2,-5,-2,-1,-15
107.722133,12691,rest,2,-47,-1,2,4,0,1,37
107.742625,12692,rest,-17,-14,-5,-1,6,-2,0,15
107.742650,12693,rest,19,-9,-3,-1,-3,1,0,-7
107.743877,12694,rest,-24,4,-3,-3,-3,1,-1,-6
107.744995,12695,rest,8,32,2,-2,-4,-1,1,-9
107.756845,12696,rest,-10,2,-3,-3,-2,-3,-3,-42
107.756900,12697,rest,-7,-53,1,2,-2,0,1,9
107.763793,12698,rest,3,19,-3,-3,-1,-1,1,-15
107.765557,12699,rest,-15,31,-2,-6,-6,-2,-3,-2
107.780169,12700,rest,3,1,-1,7,4,0,0,5
107.780288,12701,rest,-3,-6,-3,-3,-1,-2,-7,-7
107.782015,12702,rest,-25,-67,-4,-3,-5,0,-3,1
107.782023,12703,rest,24,29,-1,0,0,0,2,-15
107.802370,12704,rest,7,4,3,-2,4,-1,-3,5
107.802388,12705,rest,-3,20,-3,-1,-2,-2,-2,5
107.803834,12706,rest,-32,-23,-2,0,25,-2,-3,-15
107.803852,12707,rest,-15,-58,-1,-2,-40,0,-1,-17
107.818480,12708,rest,16,7,3,1,5,3,-2,41
107.818488,12709,rest,15,31,3,3,4,1,0,10
107.823581,12710,rest,-6,-7,-1,-4,-4,-1,1,-7
107.823607,12711,rest,12,7,-1,-1,5,-3,-3,-16
107.839839,12712,rest,-14,-20,2,-2,3,-1,-6,3
107.839863,12713,rest,19,-2,2,-4,-11,1,5,33
107.841597,12714,rest,2,27,-1,9,3,-2,-4,-22
107.841603,12715,rest,2,42,-2,0,6,-1,-4,15
107.862578,12716,rest,-3,-50,-6,-2,-6,-3,-2,-14
107.862608,12717,rest,9,43,2,0,6,1,2,20
107.865178,12718,rest,-15,-23,-2,-4,-8,-1,-1,-14
107.865185,12719,rest,-3,-28,-1,-3,-4,0,0,8
107.876714,12720,rest,17,28,2,2,-2,1,2,-7
107.876740,12721,rest,-26,4,0,3,6,-1,-2,-22
107.883656,12722,rest,12,41,-1,-2,-6,1,1,10
107.883683,12723,rest,16,11,-2,-2,-5,-1,-3,-7
107.899889,12724,rest,-22,-27,1,-2,-1,0,1,4
107.899929,12725,rest,0,-47,-2,1,1,-1,-2,-11
107.901548,12726,rest,16,56,-1,-2,0,1,0,4
107.901567,12727,rest,-10,-65,-3,-3,-24,-3,-4,-6
107.922574,12728,rest,-18,19,0,0,1,-2,-1,-9
107.922608,12729,rest,1,-5,-2,-3,-4,-2,-2,-49
107.924312,12730,rest,-19,6,-1,-2,-4,-1,-1,2
107.924318,12731,rest,-1,19,0,0,12,2,1,28
107.936830,12732,rest,-14,-34,-2,-6,-4,-2,4,0
107.936853,12733,rest,4,11,-2,2,0,-3,-4,-4
107.943468,12734,rest,16,6,-2,-2,-5,-2,0,15
107.943494,12735,rest,-26,-38,-2,-3,12,-3,1,-7
107.959822,12736,rest,0,8,-1,-1,-3,0,2,-15
107.959847,12737,rest,14,31,-2,-1,4,-1,1,7
107.961336,12738,rest,-25,-20,1,-3,6,-2,-1,-30
107.961363,12739,rest,26,18,-2,1,-1,0,-1,6
107.983011,12740,rest,-13,5,0,-3,-2,-2,-3,0
107.983042,12741,rest,-9,-25,-1,-5,-2,-3,-3,-1
107.984688,12742,rest,-2,27,0,1,-6,0,0,7
107.984697,12743,rest,-3,-66,-3,-3,1,-2,0,-8
107.996352,12744,rest,14,34,0,-1,4,1,1,50
107.996384,12745,rest,18,-11,4,4,17,2,-6,17
108.006326,12746,rest,-2,1,-1,-2,-14,-1,-1,-5
108.006332,12747,rest,8,52,2,0,3,1,1,8
108.019944,12748,rest,-9,-15,-5,-1,-1,-3,-3,-26
108.019982,12749,rest,-11,-37,-4,-1,0,-1,2,22
108.022265,12750,rest,19,5,0,-2,0,-2,-2,11
108.022272,12751,rest,-4,29,1,-6,3,-2,-3,-12
108.049987,12752,rest,2,-18,-2,9,9,0,-3,-18
108.050008,12753,rest,15,10,-2,-2,-11,0,1,-16
108.052513,12754,rest,-26,-6,-3,-1,0,-3,-1,-3
108.052520,12755,rest,-2,-12,-1,-1,10,-2,0,-4
108.055991,12756,rest,-15,52,0,-3,-6,-1,-5,5
108.056021,12757,rest,-20,-23,-5,-5,-3,-1,-2,-5
108.067652,12758,rest,10,-2,3,1,-1,0,1,6
108.067673,12759,rest,-3,-31,-5,-3,1,-1,-1,-7
108.080326,12760,rest,4,52,4,-1,-2,-1,-2,-15
108.080365,12761,rest,13,-70,-2,0,-2,-2,-1,-3
108.082951,12762,rest,1,20,-2,-3,-2,-2,-2,16
108.082966,12763,rest,-9,24,1,3,-5,0,0,0
108.102440,12764,rest,12,-4,-5,-1,20,-2,-1,-3
108.102471,12765,rest,-6,4,0,-3,-41,0,1,6
108.103837,12766,rest,21,50,2,0,4,-1,-2,2
108.103860,12767,rest,-16,-101,-4,-5,-7,0,0,-26
108.117364,12768,rest,14,23,3,10,4,-1,-8,46
108.117371,12769,rest,0,22,2,-1,27,1,-2,-7
108.125222,12770,rest,5,-19,-4,-2,-5,0,-3,-13
108.125228,12771,rest,-30,26,2,1,-5,-1,-3,-12
108.139855,12772,rest,4,-13,1,-4,-7,-3,2,-15
108.139880,12773,rest,-26,17,-5,-3,3,-1,2,2
108.141689,12774,rest,0,-7,0,-1,-2,1,0,-33
108.141695,12775,rest,16,-35,-3,-3,-1,0,0,28
108.162405,12776,rest,30,-55,-2,-4,-5,1,2,-3
108.162489,12777,rest,-24,35,-1,-1,-2,2,2,2
108.165537,12778,rest,-19,-18,-1,-2,-2,-2,5,-9
108.165546,12779,rest,-12,30,2,4,4,1,-1,1
108.176269,12780,rest,10,9,2,-1,-5,-2,0,-3
108.176289,12781,rest,25,6,-1,0,11,-2,-3,-5
108.185990,12782,rest,-37,-40,-3,-3,-33,-1,1,9
108.185997,12783,rest,16,38,1,1,2,-1,-4,3
108.200041,12784,rest,-14,-7,0,-2,-4,0,1,7
108.200065,12785,rest,10,12,0,-2,-3,-1,-2,-2
108.201492,12786,rest,-9,-4,-1,-1,11,-2,-3,3
108.201512,12787,rest,32,40,-1,1,2,-1,-1,34
108.222619,12788,rest,-2,21,-1,-5,-16,-1,-1,-18
108.222650,12789,rest,-25,-50,-2,7,-5,-2,-1,-3
108.224273,12790,rest,17,42,3,-1,5,0,-4,1
108.224283,12791,rest,12,-30,-1,0,0,-1,0,-12
108.236053,12792,rest,-43,-11,-2,-3,1,0,-3,-4
108.236129,12793,rest,-19,12,-1,-2,1,-1,-1,5
108.245336,12794,rest,36,-48,1,0,4,-1,-1,10
108.245341,12795,rest,-35,35,-1,1,-1,0,-3,-9
108.259854,12796,rest,-2,12,-4,-2,1,0,-1,-2
108.259860,12797,rest,5,-9,1,-1,-2,0,-4,45
108.261310,12798,rest,-6,18,0,0,2,0,-1,4
108.261328,12799,rest,6,-27,-4,-6,-3,-2,-2,-6
108.282538,12800,rest,10,25,2,2,3,1,1,61
108.282601,12801,rest,-7,-43,-5,-4,-6,-1,-1,-13
108.283865,12802,rest,10,16,3,2,4,-2,-8,-3
108.283896,12803,rest,6,12,-3,1,19,-1,-1,6
108.296340,12804,rest,-11,0,-1,0,-21,-1,2,-21
108.296370,12805,rest,16,39,2,-3,-2,-1,-2,-11
108.307121,12806,rest,-1,-43,-3,0,0,-2,0,10
108.307127,12807,rest,-2,2,3,1,3,0,2,-11
108.318931,12808,rest,-3,-31,-3,-2,6,-2,-2,-25
108.318953,12809,rest,0,-45,-4,-1,-1,-2,0,20
108.328774,12810,rest,-8,-8,-1,-2,-5,-1,0,-13
108.328780,12811,rest,-4,19,0,-1,-9,-2,-3,-2
108.342279,12812,rest,8,31,2,1,3,-1,1,-10
108.342305,12813,rest,15,17,-1,-3,-4,-1,-1,-10
108.343789,12814,rest,-28,-37,-4,-3,4,0,2,-1
108.343824,12815,rest,6,21,2,-2,-6,1,1,4
108.356098,12816,rest,13,-5,1,2,3,0,-2,-5
108.356116,12817,rest,-3,-27,-3,-1,3,-1,0,-11
108.366996,12818,rest,5,-14,-5,-1,-4,-3,-2,3
108.367002,12819,rest,-17,-7,0,0,13,0,-3,-7
108.380077,12820,rest,43,9,-1,0,4,0,1,3
108.380114,12821,rest,3,33,0,-1,-2,-1,0,-6
108.383042,12822,rest,19,10,-1,0,0,0,-2,57
108.383053,12823,rest,2,-21,-4,-2,-12,1,1,0
108.402396,12824,rest,-21,-51,-4,-2,4,-3,-5,-9
108.402410,12825,rest,-19,14,3,1,3,-1,-1,-19
108.403935,12826,rest,-3,9,-1,-2,-1,-1,-1,-3
108.403955,12827,rest,6,7,0,-5,-4,0,-2,-5
108.424974,12828,rest,5,11,1,6,10,-1,-2,-18
108.425003,12829,rest,0,2,0,-3,-5,0,0,-16
108.427093,12830,rest,-10,29,-2,-1,-2,-1,1,-25
108.427100,12831,rest,-19,-49,-7,-2,-9,-3,3,0
108.439971,12832,rest,-6,25,-1,-6,-4,-4,-2,-5
108.439994,12833,rest,1,-18,-1,-2,-1,-2,-2,15
108.441625,12834,rest,-1,26,0,1,1,-1,1,-9
108.441630,12835,rest,23,32,3,0,0,0,0,4
108.462651,12836,rest,-33,-37,-8,-3,-5,0,0,1
108.462679,12837,rest,8,18,2,-1,3,-1,-2,-9
108.465086,12838,rest,4,15,-1,-1,-1,0,-1,2
108.465094,12839,rest,1,-31,-5,-3,-7,-2,1,-8
108.484893,12840,rest,2,9,1,0,2,0,0,6
108.484910,12841,rest,-11,-11,-1,0,17,1,1,9
108.487186,12842,rest,7,-25,1,1,-14,-1,-6,4
108.487194,12843,rest,-11,18,0,-1,-4,-4,-2,-42
108.500051,12844,rest,-10,8,0,-2,-5,-2,-2,6
108.500075,12845,rest,-1,23,-2,0,2,0,-2,1
108.502180,12846,rest,11,-9,1,-2,3,-1,1,-4
108.502186,12847,rest,-21,-14,-2,0,2,0,6,-10
108.522328,12848,rest,17,5,2,0,-4,-2,-4,5
108.522353,12849,rest,3,-18,-3,-5,-9,-2,-1,-5
108.523806,12850,rest,8,24,-4,-4,0,-1,-2,-17
108.523823,12851,rest,4,-21,-1,3,0,-1,0,15
108.545349,12852,rest,-15,4,0,-1,1,-1,2,-4
108.545357,12853,rest,9,-2,-4,-2,-9,-1,-2,19
108.546553,12854,rest,-10,-6,5,1,3,1,-1,24
108.546581,12855,rest,21,17,-1,-1,4,-3,-5,11
108.559961,12856,rest,35,1,-1,-2,-4,-1,-1,4
108.559971,12857,rest,-42,-7,-3,-4,-1,0,-1,-20
108.561357,12858,rest,-22,7,0,0,-1,0,-3,-11
108.561381,12859,rest,3,2,-1,0,-1,-1,-3,-7
108.582432,12860,rest,-2,3,-1,1,1,1,1,21
108.582453,12861,rest,1,-40,-2,-2,-7,-3,-1,2
108.584142,12862,rest,19,15,-3,-1,2,-1,3,-30
108.584148,12863,rest,-26,-34,1,2,21,1,-4,30
108.605396,12864,rest,0,13,1,-3,-22,-1,-1,-12
108.605418,12865,rest,13,43,0,3,6,0,1,-6
108.607057,12866,rest,-34,-17,0,-1,3,-1,1,0
108.607126,12867,rest,11,-8,-1,-2,0,-2,-1,-12
108.619291,12868,rest,-24,13,-4,-4,3,-2,0,-3
108.619310,12869,rest,7,-20,0,2,-3,0,4,10
108.626264,12870,rest,-5,-19,-3,0,2,-2,-3,-5
108.626288,12871,rest,13,29,0,-2,-9,0,-2,6
108.642378,12872,rest,-31,-9,-2,-1,3,1,0,-3
108.642402,12873,rest,-9,-6,-2,-3,-7,-1,0,-6
108.643977,12874,rest,10,-12,-3,0,2,1,1,3
108.644085,12875,rest,2,21,-2,-6,-6,-3,-2,-28
108.664919,12876,rest,9,1,1,-1,-2,-1,-3,0
108.664947,12877,rest,31,26,2,-2,3,-1,-4,-3
108.666917,12878,rest,-37,-7,-4,2,-1,-2,-1,-34
108.666924,12879,rest,-10,-76,-5,-2,-15,-2,0,-9
108.679400,12880,rest,4,-6,-3,-1,5,-1,0,15
108.679441,12881,rest,-23,9,-1,-2,-1,0,-1,4
108.686087,12882,rest,21,-9,-1,-2,-1,-1,-1,5
108.686111,12883,rest,-12,48,0,2,-5,0,0,-6
108.702466,12884,rest,-5,-21,-3,-1,0,-2,-4,-15
108.702490,12885,rest,2,-27,2,0,-5,0,1,-36
108.703991,12886,rest,14,25,0,0,1,1,-1,36
108.704016,12887,rest,5,52,0,0,12,1,0,11
108.724852,12888,rest,-8,-39,-5,-4,-34,-1,1,-5
108.724875,12889,rest,-5,32,-1,0,1,-1,4,-5
108.726918,12890,rest,0,2,3,-2,-7,-2,-4,-1
108.726928,12891,rest,24,10,-1,2,7,0,-2,14
108.739225,12892,rest,0,2,-3,0,12,-3,3,-14
108.739244,12893,rest,-18,-8,-1,1,0,0,-4,6
108.746290,12894,rest,13,26,3,-3,-8,1,2,36
108.746329,12895,rest,-6,-52,-6,-2,-2,-3,-2,3
108.762592,12896,rest,-3,8,3,-2,6,-1,-3,-5
108.762622,12897,rest,50,35,-2,0,-1,-1,-3,4
108.764643,12898,rest,-38,-51,-4,-3,4,-1,-1,-8
108.764650,12899,rest,16,32,5,1,-4,-1,-2,-2
108.784967,12900,rest,7,-9,-1,1,6,2,-3,5
108.785025,12901,rest,-5,22,0,-2,-1,0,-2,9
108.786543,12902,rest,25,-7,-3,-1,0,-1,0,-31
108.786568,12903,rest,-18,-4,-1,-1,-9,0,0,39
108.798548,12904,rest,-30,8,2,-3,9,-3,-2,-7
108.798580,12905,rest,10,6,1,6,-1,-2,0,-10
108.805995,12906,rest,2,-27,-1,1,5,0,-2,24
108.806020,12907,rest,-16,-23,-1,-2,-5,-2,-3,-10
108.829982,12908,rest,-4,20,2,-2,1,1,-1,-3
108.830005,12909,rest,-7,-17,-7,-4,0,-3,-2,0
108.830598,12910,rest,24,9,4,1,0,-2,4,-3
108.830634,12911,rest,-47,-11,-4,-2,-2,0,-2,-4
108.845495,12912,rest,50,-9,2,1,-1,1,-3,16
108.845503,12913,rest,-32,-5,-1,-1,-3,-1,2,30
108.845505,12914,rest,-2,14,-1,-3,-4,-1,0,-7
108.845507,12915,rest,-8,-20,0,0,1,0,1,-3
108.861565,12916,rest,-7,10,-2,-1,-3,-1,-1,-15
108.861573,12917,rest,0,-27,3,0,-3,-1,1,1
108.866043,12918,rest,2,8,-5,-3,1,-3,-4,-1
108.866065,12919,rest,31,41,2,0,-1,0,-1,-3
108.881820,12920,rest,-30,-52,-9,-3,-3,-2,-1,-7
108.881858,12921,rest,15,7,-1,-2,0,-1,-2,-1
108.883784,12922,rest,-19,-10,-3,0,6,-1,-2,2
108.883792,12923,rest,-2,6,-1,-3,-36,-3,0,-9
108.904193,12924,rest,23,8,0,-1,-6,-1,0,4
108.904221,12925,rest,-19,-2,-3,-2,0,0,0,-2
108.906142,12926,rest,-2,-2,2,0,-4,-1,-3,16
108.906157,12927,rest,-1,-3,-3,0,6,-1,2,2
108.918506,12928,rest,27,26,2,0,4,-1,0,4
108.918527,12929,rest,-3,-34,-1,-1,-3,-2,-2,-6
108.926701,12930,rest,-45,-8,-1,-1,1,-2,-2,-12
108.926732,12931,rest,-7,42,1,-1,5,2,0,-6
108.941666,12932,rest,5,-75,-2,-2,2,1,0,60
108.941690,12933,rest,28,51,3,-2,1,-2,-3,-2
108.942726,12934,rest,2,-14,-6,-2,-5,-2,3,-16
108.942736,12935,rest,-7,-5,0,0,6,-1,-3,19
108.964175,12936,rest,8,24,2,2,-1,-2,-6,11
108.966170,12937,rest,-23,41,1,-1,-2,0,-6,7
108.966180,12938,rest,-6,-87,-1,2,1,-1,-3,-2
108.966183,12939,rest,20,-21,-3,-2,-2,-1,-1,-13
108.978761,12940,rest,-4,10,-1,-1,2,0,2,-24
108.978799,12941,rest,1,-4,-2,1,1,0,1,4
108.986023,12942,rest,-1,45,2,-1,-5,-2,-3,4
108.986048,12943,rest,-13,-21,-1,0,6,-1,-1,-4
109.001680,12944,rest,-23,11,0,0,-7,0,-1,-14
109.001701,12945,rest,3,-25,-3,0,-14,-1,0,-6
109.003443,12946,rest,28,21,-1,0,8,-2,0,-7
109.003450,12947,rest,-30,5,-1,-2,10,0,0,-9
109.024132,12948,rest,3,-10,0,-2,-2,-2,-3,-10
109.024150,12949,rest,5,-30,-4,-3,14,1,-1,-1
109.025672,12950,rest,6,-8,-1,-6,-36,-3,0,-29
109.025684,12951,rest,16,7,2,2,-5,0,-2,29
109.038668,12952,rest,-15,21,-2,3,7,-2,0,-58
109.038692,12953,rest,-5,-34,-3,-1,2,-2,0,4
109.046361,12954,rest,3,12,-2,-2,8,0,-2,35
109.048276,12955,rest,4,-7,2,0,1,-3,-1,-12
109.061702,12956,rest,1,22,1,-2,-6,0,1,-14
109.061725,12957,rest,0,-54,0,-3,-7,-3,-3,13
109.063977,12958,rest,14,23,-2,1,6,0,1,2
109.063983,12959,rest,-15,21,-4,-1,-2,-3,-4,-1
109.084253,12960,rest,14,-15,0,2,11,-1,-2,18
109.084273,12961,rest,-2,21,-1,-1,-8,-1,0,-12
109.084913,12962,rest,-13,1,1,3,3,1,-1,10
109.084930,12963,rest,22,8,-1,-2,0,0,1,-7
109.098637,12964,rest,-5,30,-2,-4,-6,-1,0,-6
109.098666,12965,rest,-15,-79,-5,-3,1,1,0,-1
109.106018,12966,rest,7,0,0,0,-1,1,1,21
109.106039,12967,rest,7,18,3,1,14,0,-4,38
109.121669,12968,rest,-17,-19,-4,0,-29,-1,0,7
109.121694,12969,rest,7,32,-1,-2,-5,-2,-6,-17
109.123187,12970,rest,-1,-2,0,1,6,-1,-2,0
109.123192,12971,rest,-16,-27,-2,-1,0,-1,1,-23
109.144646,12972,rest,16,1,0,1,9,-2,-12,56
109.144654,12973,rest,-9,23,1,0,2,-1,2,-1
109.144837,12974,rest,-1,-5,-1,-4,-3,0,0,-11
109.144847,12975,rest,7,8,2,0,-3,0,-2,-9
109.160624,12976,rest,12,-27,-6,-1,2,-1,2,-12
109.160630,12977,rest,1,-4,1,1,-2,1,0,2
109.166178,12978,rest,19,28,-1,0,1,-3,-2,-2
109.166208,12979,rest,36,20,-2,-1,-5,0,3,-4
109.181825,12980,rest,-16,-43,-3,-4,-1,-1,0,-11
109.181852,12981,rest,-2,17,0,-1,13,-1,-1,1
109.183562,12982,rest,-12,-13,-3,-4,-5,-2,-1,-61
109.183569,12983,rest,13,-2,0,1,0,0,-2,10
109.205639,12984,rest,-1,35,3,-4,2,-3,0,-8
109.205644,12985,rest,-18,24,1,3,-4,-3,0,4
109.205646,12986,rest,-7,-41,-5,-3,2,-1,-2,-9
109.205648,12987,rest,6,-16,-4,-3,-5,-2,1,-11
109.218616,12988,rest,-6,2,-3,-1,3,0,1,-1
109.218641,12989,rest,17,28,-1,-2,-4,-2,-2,-7
109.225916,12990,rest,-12,-9,3,-3,-5,-1,-1,9
109.225940,12991,rest,-13,-23,-4,-3,-4,-2,1,-6
109.241675,12992,rest,12,1,1,1,-5,0,-5,2
109.241693,12993,rest,-12,9,-1,0,5,-2,0,-56
109.242838,12994,rest,-9,-23,-4,-3,0,-1,0,13
109.242843,12995,rest,0,1,-1,0,-1,-3,-4,-10
109.264297,12996,rest,-17,0,1,-2,4,-1,2,-7
109.264322,12997,rest,-5,5,2,2,-8,1,0,3
109.266930,12998,rest,18,1,2,-1,-2,0,2,11
109.266949,12999,rest,-15,-14,0,-1,-1,-1,1,-37
109.278811,13000,rest,1,18,-6,0,0,-1,0,13
109.278936,13001,rest,-5,-26,-2,-3,-2,0,3,7
109.285917,13002,rest,-3,18,0,3,0,-1,-2,1
109.285940,13003,rest,1,-15,0,0,-4,-2,-1,0
109.301674,13004,rest,-3,-12,-3,0,0,-1,2,-7
109.301693,13005,rest,0,2,-2,-3,-3,0,-4,5
109.302886,13006,rest,5,21,1,-1,0,-1,-3,3
109.302891,13007,rest,-18,6,-2,-2,0,-2,-3,2
109.324127,13008,rest,-1,12,2,-1,-2,-1,-1,-7
109.324184,13009,rest,8,1,-2,2,0,2,7,15
109.325157,13010,rest,-18,-16,-2,0,-1,-1,-3,-7
109.325161,13011,rest,32,47,-1,1,-3,0,-1,10
109.347739,13012,rest,-31,-60,-6,-3,-6,-2,-1,-6
109.347750,13013,rest,-23,4,1,2,1,0,-3,21
109.347752,13014,rest,-2,18,-3,-1,-3,-1,4,-17
109.347754,13015,rest,12,-40,2,-1,1,1,-5,36
109.361662,13016,rest,-15,16,2,0,-1,-2,-3,-7
109.361686,13017,rest,6,12,-1,0,0,1,-3,33
109.362487,13018,rest,-1,-11,-3,-4,22,-1,-2,0
109.362515,13019,rest,-25,26,2,1,-22,0,1,-7
109.384900,13020,rest,44,23,0,-5,10,-3,0,-26
109.384921,13021,rest,3,31,3,2,6,-1,-5,-6
109.386120,13022,rest,-4,-34,-1,0,-1,1,-5,4
109.386124,13023,rest,-1,-28,-4,-5,6,-4,2,0
109.406905,13024,rest,-32,-26,-1,6,0,2,4,22
109.406938,13025,rest,3,21,1,-4,-4,0,0,-10
109.409017,13026,rest,30,8,-2,-2,-5,0,-1,14
109.409021,13027,rest,-19,10,0,-1,2,0,-2,-7
109.421802,13028,rest,10,1,-1,-2,-7,0,-1,0
109.421822,13029,rest,20,-16,-2,-4,-2,-1,1,-52
109.423259,13030,rest,-46,32,-1,0,-8,-2,-3,-10
109.423265,13031,rest,27,-46,-4,0,2,1,5,0
109.444098,13032,rest,4,39,0,1,3,0,0,3
109.444122,13033,rest,1,6,-3,-3,-3,-2,-2,-28
109.444732,13034,rest,-1,-33,-1,-1,-3,-1,1,-6
109.444747,13035,rest,-10,7,1,-3,-1,-1,-2,-8
109.466748,13036,rest,16,0,-1,1,0,2,1,39
109.468123,13037,rest,-1,-1,-1,0,-3,-1,-2,8
109.468128,13038,rest,-5,8,-2,-1,-6,0,7,-13
109.468130,13039,rest,-4,8,1,0,2,-2,-3,10
109.481869,13040,rest,0,-10,0,0,-2,-1,-1,-20
109.481901,13041,rest,-2,20,-2,-2,-9,-1,1,13
109.483195,13042,rest,27,-22,-3,-3,6,-4,-7,5
109.483203,13043,rest,-24,-4,1,-1,-1,0,-1,-14
109.504087,13044,rest,-6,8,1,-1,-8,-1,0,0
109.504100,13045,rest,-8,-4,0,-3,1,-2,0,2
109.504768,13046,rest,12,23,-2,-1,-1,-1,-12,1
109.504780,13047,rest,18,6,-4,0,0,-1,0,-1
109.526735,13048,rest,-14,4,4,1,11,-2,-3,-37
109.526760,13049,rest,3,-47,-5,-1,4,-1,2,4
109.529074,13050,rest,24,-26,-2,-1,-5,1,0,44
109.529080,13051,rest,6,10,-1,1,-2,0,1,0
109.541982,13052,rest,-16,-1,0,-5,-1,-3,-3,-1
109.543611,13053,rest,6,-1,1,-1,-2,1,0,-4
109.543618,13054,rest,-6,16,2,0,-4,0,2,-6
109.543620,13055,rest,-6,-8,-4,0,1,-1,-1,-12
109.564513,13056,rest,15,-9,-1,0,0,3,-3,70
109.564544,13057,rest,0,-3,0,1,-1,-2,-4,7
109.566855,13058,rest,-13,21,1,0,1,-1,1,-3
109.566866,13059,rest,3,29,-3,-4,1,0,1,-1
109.586667,13060,rest,2,-48,0,0,-3,-2,-1,9
109.586746,13061,rest,-27,-37,-5,-1,9,0,-4,8
109.587417,13062,rest,-3,13,-1,1,-31,-1,-1,-4
109.587443,13063,rest,-5,-8,-2,-3,-3,-2,-3,-2
109.601583,13064,rest,-4,19,-2,0,-3,-1,-1,-15
109.601603,13065,rest,2,12,2,-1,0,0,4,3
109.602763,13066,rest,8,-15,-1,-2,6,-2,-4,-26
109.602768,13067,rest,-29,16,0,0,2,-1,-5,14
109.624138,13068,rest,12,-3,-2,-1,-2,0,1,-8
109.624163,13069,rest,-16,-2,0,-2,-4,-3,-1,3
109.625129,13070,rest,-23,-63,-6,-3,2,-2,2,-19
109.625134,13071,rest,14,18,3,-3,-5,-3,-1,-52
109.647709,13072,rest,-17,16,-5,-6,-3,12,2,-12
109.647718,13073,rest,14,-6,-7,1,2,-6,3,2
109.647720,13074,rest,7,29,4,-2,-1,0,2,41
109.647722,13075,rest,4,-17,-5,1,1,0,0,-3
109.663696,13076,rest,-5,-18,-3,0,1,-3,-1,-7
109.663704,13077,rest,8,22,2,1,-3,5,3,4
109.663707,13078,rest,2,16,-3,-1,0,-1,-4,-7
109.663710,13079,rest,-17,10,-4,-2,-2,1,0,7
109.684404,13080,rest,-15,-28,-3,-1,-2,0,-2,-10
109.684426,13081,rest,18,3,1,-3,-6,-4,-6,5
109.684955,13082,rest,-8,12,2,1,-4,-2,-3,-1
109.684972,13083,rest,33,5,0,1,-4,0,1,13
109.706637,13084,rest,-10,14,0,-2,0,-3,0,16
109.706660,13085,rest,-15,-6,-4,-8,-5,-1,1,-7
109.714402,13086,rest,2,1,3,5,4,-2,-3,-7
109.716696,13087,rest,2,-46,1,1,7,1,0,13
109.722151,13088,rest,5,32,1,0,-27,-6,0,-14
109.722173,13089,rest,2,-60,-5,-4,-5,-2,-1,6
109.723532,13090,rest,-18,5,-1,-1,-1,1,5,-46
109.723538,13091,rest,21,18,-4,-3,-4,-1,-1,-9
109.744077,13092,rest,4,14,-1,0,6,-5,-2,-6
109.744102,13093,rest,18,51,6,2,0,2,-4,54
109.744791,13094,rest,8,-56,-10,-4,-1,1,1,7
109.744977,13095,rest,-48,-31,-1,1,4,-1,-2,-5
109.766894,13096,rest,5,-18,1,-1,4,1,0,-9
109.766915,13097,rest,-10,-4,-4,0,0,-1,-2,-22
109.768831,13098,rest,3,13,1,0,5,-1,2,-9
109.768836,13099,rest,-1,12,1,0,-4,-2,-2,12
109.781788,13100,rest,20,37,0,0,2,-1,-2,4
109.781845,13101,rest,-10,16,1,3,-2,1,-1,-11
109.783944,13102,rest,-6,-20,-2,-3,0,-3,-1,15
109.783953,13103,rest,7,4,0,0,-2,-1,-3,-2
109.805725,13104,rest,7,3,-1,-2,0,-1,0,-9
109.805730,13105,rest,-9,-23,1,2,3,1,-1,23
109.805733,13106,rest,-10,45,2,0,0,0,5,7
109.805735,13107,rest,11,-11,-4,-3,-5,-1,-5,-6
109.826875,13108,rest,4,-12,4,-2,24,0,-4,2
109.826900,13109,rest,-2,-17,-1,2,-20,-2,2,-18
109.829294,13110,rest,-47,-1,-1,-2,0,-5,-8,6
109.829301,13111,rest,-11,-18,-1,2,-2,0,0,3
109.841827,13112,rest,7,-10,-4,-4,-3,-3,1,-5
109.841853,13113,rest,2,13,1,-1,7,5,0,-15
109.846232,13114,rest,8,-2,0,2,2,2,2,7
109.846245,13115,rest,14,33,0,-2,-3,-3,0,26
109.864254,13116,rest,-14,-21,-6,-1,-7,-1,-3,-5
109.864282,13117,rest,23,1,-3,-2,2,-4,-2,5
109.865866,13118,rest,11,10,0,0,-1,0,0,-10
109.865875,13119,rest,-19,-10,2,1,4,0,1,-8
109.886832,13120,rest,16,-13,-4,1,-4,0,0,10
109.886859,13121,rest,-1,-1,0,-2,2,-3,-3,-10
109.887415,13122,rest,7,-8,0,-3,1,0,-2,2
109.887442,13123,rest,19,40,3,-1,-1,0,-3,-7
109.901865,13124,rest,-50,-10,-3,0,-1,-2,-2,-8
109.901892,13125,rest,4,-21,-1,1,0,-2,-2,-11
109.903670,13126,rest,-13,33,-1,0,-2,-1,-1,1
109.903678,13127,rest,19,-30,0,3,2,1,2,1
109.924183,13128,rest,-4,5,-2,-1,0,-3,-2,-6
109.924212,13129,rest,-1,6,-2,-1,3,-1,-3,-2
109.925772,13130,rest,11,12,1,0,0,1,1,4
109.925779,13131,rest,-11,40,-4,-6,-14,-1,-2,3
109.946682,13132,rest,2,-39,-1,3,2,-3,-5,-6
109.946707,13133,rest,-10,17,1,0,2,0,-3,8
109.947961,13134,rest,4,0,0,-3,-2,-2,0,-7
109.947989,13135,rest,-25,4,-3,-3,-5,-3,-1,-12
109.961083,13136,rest,4,-2,-2,-2,-4,0,-1,-6
109.962261,13137,rest,7,-10,0,-3,-2,0,1,3
109.969057,13138,rest,-5,-14,-1,-1,-2,-1,-2,-20
109.969080,13139,rest,14,-16,-2,-1,3,0,2,38
109.992763,13140,rest,-21,22,0,-1,-1,1,1,5
109.992776,13141,rest,-18,-20,-4,-2,-1,-1,0,-37
109.993003,13142,rest,4,16,-2,-2,-1,-1,-1,0
109.993058,13143,rest,-7,-2,-3,-2,1,0,1,-17
110.009017,13144,rest,6,-26,-2,-3,-4,-2,2,0
110.009023,13145,rest,1,-31,-1,-3,1,-1,-1,-7
110.009025,13146,rest,1,9,0,2,1,-2,-4,0
110.009027,13147,rest,5,-20,1,0,2,0,0,-4
110.021107,13148,rest,-7,16,0,0,-3,-3,-3,-4
110.021125,13149,rest,-8,13,-3,-1,-2,-1,-2,1
110.029370,13150,rest,1,1,0,0,-1,-1,-3,6
110.029406,13151,rest,3,-15,1,2,1,0,0,5
110.044114,13152,rest,-3,29,1,1,0,0,0,-2
110.044195,13153,rest,-3,-48,-4,-2,-3,-1,-2,2
110.044963,13154,rest,11,-22,2,0,0,1,-3,6
110.045047,13155,rest,-9,-16,-3,-3,-3,-3,0,-12
110.066788,13156,rest,19,16,-2,-3,-1,-2,-1,3
110.066810,13157,rest,-11,29,1,1,1,1,-1,-4
110.068528,13158,rest,6,-4,0,-1,0,-1,2,-21
110.068534,13159,rest,6,-30,-6,-3,0,-1,-1,9
110.081204,13160,rest,-17,0,5,3,-1,-1,-1,2
110.081229,13161,rest,21,10,-2,-4,-3,-3,1,0
110.089220,13162,rest,-14,1,-1,-1,-5,-1,1,-1
110.089245,13163,rest,7,57,-1,-5,0,-1,-2,44
110.104117,13164,rest,9,-88,-1,1,2,2,1,5
110.104135,13165,rest,-9,17,-6,-1,-3,-2,-5,4
110.104752,13166,rest,-22,-4,-2,-1,0,-1,-1,1
110.104788,13167,rest,6,4,-1,-1,1,0,-3,-16
110.126715,13168,rest,13,41,2,-1,-5,0,-1,3
110.126733,13169,rest,-30,-24,0,-1,-2,-4,-4,3
110.129435,13170,rest,7,-13,-3,-2,0,-1,-2,4
110.129450,13171,rest,-19,-19,-1,0,-2,-1,-1,-16
110.141131,13172,rest,6,17,5,1,-2,-1,-1,-3
110.141151,13173,rest,11,17,3,3,2,1,2,-3
110.149412,13174,rest,5,11,-2,-2,1,0,0,9
110.149422,13175,rest,-3,11,4,1,-1,0,4,-6
110.166145,13176,rest,-5,-38,-8,-2,-2,-1,-2,-55
110.166155,13177,rest,9,-1,-1,-2,-3,-3,-2,-5
110.166157,13178,rest,-3,-29,0,-1,-1,-1,0,1
110.166159,13179,rest,-7,6,1,2,2,0,0,-5
110.186706,13180,rest,8,21,-2,-3,-2,-2,-3,8
110.186729,13181,rest,-7,14,-1,0,0,0,0,0
110.187743,13182,rest,17,-4,0,-1,-1,-1,1,-19
110.187749,13183,rest,-4,-22,2,0,0,-1,-1,-21
110.201041,13184,rest,7,33,-4,-1,2,-1,-2,6
110.201068,13185,rest,10,32,4,0,-13,0,-1,7
110.209401,13186,rest,-10,-66,-8,-7,-5,-2,-2,-5
110.209487,13187,rest,-9,-9,-2,3,5,0,0,21
110.224161,13188,rest,-1,-5,-1,0,-3,1,-1,11
110.224186,13189,rest,6,16,0,-3,-2,0,-1,7
110.225445,13190,rest,-4,27,4,2,-2,0,0,-2
110.225450,13191,rest,-10,-6,-2,-1,-7,-1,0,-14
110.246778,13192,rest,16,-6,-2,-2,4,-1,-2,10
110.246812,13193,rest,16,12,3,2,6,-2,-1,3
110.247416,13194,rest,-10,24,-1,-2,-3,1,-1,6
110.247502,13195,rest,-1,-50,-2,-2,-1,-2,-3,-7
110.269916,13196,rest,-5,25,2,2,-1,1,1,6
110.269943,13197,rest,-2,-33,-2,-1,22,2,2,-8
110.271655,13198,rest,16,17,1,0,-3,0,-2,77
110.271661,13199,rest,-3,5,-3,-3,-4,0,-2,-2
112.294895,13200,clench,-8,-5,1,5,10,-4,-19,7
112.295339,13201,clench,8,44,9,1,4,9,78,18
112.297991,13202,clench,-13,-62,-32,-10,-18,-10,-42,-7
112.298009,13203,clench,2,-67,-25,-4,4,-12,-12,-26
112.309765,13204,clench,14,72,40,9,-2,10,-5,6
112.309783,13205,clench,-9,-17,8,-1,4,-8,-11,7
112.311784,13206,clench,25,13,-7,2,-2,11,30,-3
112.311793,13207,clench,-21,-53,-18,-2,-8,-5,-33,12
112.332498,13208,clench,-2,23,-11,-5,-5,-4,24,0
112.332578,13209,clench,3,3,20,-3,-5,-10,-64,2
112.333906,13210,clench,-15,16,19,5,15,3,29,-12
112.333925,13211,clench,14,-5,8,-5,-11,6,15,23
112.354814,13212,clench,-5,-66,-27,0,-1,-14,-25,8
112.354838,13213,clench,3,106,20,1,3,3,16,-10
112.356321,13214,clench,-6,-22,19,9,0,-13,-13,10
112.356335,13215,clench,2,44,11,-1,-4,14,38,10
112.369080,13216,clench,2,-44,-16,-1,-7,-19,-3,7
112.369103,13217,clench,1,28,-16,-8,12,22,-20,-7
112.376099,13218,clench,-9,-12,8,4,-8,-2,20,8
112.376124,13219,clench,8,59,-8,6,6,6,12,31
112.392452,13220,clench,2,-31,1,-6,-11,-22,1,-4
112.392477,13221,clench,2,-53,-5,0,7,20,-20,1
112.394440,13222,clench,-4,44,2,1,4,7,17,13
112.394445,13223,clench,-9,-14,-6,-2,-6,-10,-42,-12
112.422210,13224,clench,3,-28,-22,-4,2,4,24,-13
112.422227,13225,clench,6,45,-2,6,9,-1,-12,8
112.423812,13226,clench,-9,16,8,-3,-5,4,10,8
112.423826,13227,clench,-6,-81,-7,0,-3,-15,-10,-9
112.429390,13228,clench,-5,90,30,-3,-8,17,12,-12
112.429415,13229,clench,15,-5,-14,-4,-1,-8,16,22
112.435851,13230,clench,2,38,-2,-1,6,6,6,5
112.435878,13231,clench,-29,-54,-10,-3,1,-30,-3,-7
112.452390,13232,clench,6,-81,-17,-9,1,55,-36,-6
112.452423,13233,clench,-7,2,2,3,-11,-9,-18,2
112.453826,13234,clench,8,-12,-1,-2,2,-7,5,-23
112.453870,13235,clench,0,-40,0,0,7,0,-5,2
112.474726,13236,clench,-11,55,11,2,5,-18,-6,-7
112.474753,13237,clench,3,17,12,-2,-5,-5,8,-9
112.476316,13238,clench,6,16,1,-2,-10,-18,-16,5
112.476336,13239,clench,-5,30,7,-1,6,19,8,-7
112.489539,13240,clench,-10,-8,0,-1,-12,-15,1,0
112.489561,13241,clench,-4,-10,-6,2,11,8,28,-21
112.496118,13242,clench,-10,-57,-7,0,2,-3,5,13
112.496150,13243,clench,17,24,-27,-2,1,3,-13,-3
112.512663,13244,clench,0,10,11,2,2,-20,31,19
112.512697,13245,clench,-28,-10,-13,-6,-4,24,-14,7
112.515286,13246,clench,-6,-25,-21,-5,3,3,2,-16
112.515297,13247,clench,22,51,27,9,13,16,1,40
112.535175,13248,clench,-6,-79,-31,-6,-9,-20,-10,3
112.535181,13249,clench,-9,95,14,0,-11,-38,-71,-31
112.536505,13250,clench,-6,-9,-7,-7,8,42,35,-5
112.536530,13251,clench,9,-34,13,-1,-17,-20,3,7
112.550708,13252,clench,-2,3,-8,1,12,11,-13,-37
112.550716,13253,clench,9,-58,9,2,-11,-14,26,5
112.556019,13254,clench,3,44,-3,-5,-5,-2,2,7
112.558220,13255,clench,1,66,-2,-1,-9,-3,-4,-15
112.572334,13256,clench,7,12,17,9,10,-5,8,11
112.572353,13257,clench,11,-40,-9,-8,-10,21,-22,-33
112.574151,13258,clench,13,-11,5,4,7,0,-1,9
112.574156,13259,clench,2,20,-4,-3,-7,-2,-7,-8
112.594777,13260,clench,0,85,0,3,8,-1,1,-2
112.594795,13261,clench,-1,-51,-5,-4,-4,-11,15,-3
112.596721,13262,clench,-17,-37,-10,-3,-5,-22,-20,-12
112.596727,13263,clench,-8,16,13,-1,-4,9,-5,-2
112.609608,13264,clench,1,-17,-4,-2,3,-5,8,1
112.609691,13265,clench,1,-5,-4,-3,-3,-13,-8,-12
112.616016,13266,clench,3,15,8,1,0,15,14,-4
112.616044,13267,clench,-7,-84,19,5,2,6,49,34
112.632489,13268,clench,17,96,6,-2,4,9,-49,8
112.632518,13269,clench,-21,-43,-9,5,7,-1,-7,16
112.633849,13270,clench,-16,1,3,1,2,-1,-1,0
112.633872,13271,clench,0,11,-9,-4,1,-23,-22,-19
112.654910,13272,clench,7,-45,8,0,-5,31,38,4
112.654932,13273,clench,6,-10,-3,2,0,-8,-8,5
112.656434,13274,clench,2,45,-4,-1,7,18,-9,-7
112.656442,13275,clench,3,11,1,0,6,6,-9,-17
112.669095,13276,clench,-19,-60,-23,-3,-5,-16,-5,1
112.669115,13277,clench,-2,5,-1,-1,7,9,26,27
112.675877,13278,clench,-1,31,20,8,-6,-33,-7,62
112.675896,13279,clench,16,7,21,-2,1,27,5,-9
112.692164,13280,clench,28,59,1,-5,-4,3,10,6
112.692211,13281,clench,-71,-41,-22,-5,-1,2,18,5
112.693785,13282,clench,0,-12,-6,-2,1,-12,7,-10
112.693811,13283,clench,-14,-11,-2,-1,3,-5,-20,-4
112.714736,13284,clench,9,-38,1,3,-1,-2,-3,1
112.714775,13285,clench,22,-19,-4,-2,-1,-4,14,-8
112.716567,13286,clench,-8,21,-14,-5,2,5,-28,-25
112.716573,13287,clench,-10,-72,-36,-5,-8,-29,-9,-36
112.728461,13288,clench,-27,44,46,16,14,13,-26,12
112.728487,13289,clench,22,-18,1,-14,-31,4,33,1
112.738513,13290,clench,17,-5,-2,-3,2,21,6,-45
112.738526,13291,clench,16,-8,-21,2,0,0,-2,61
112.752271,13292,clench,2,-50,-35,-11,6,-18,7,-8
112.752295,13293,clench,-17,14,5,2,0,-16,-17,0
112.754106,13294,clench,0,-36,-7,-1,-5,1,-7,-7
112.754112,13295,clench,-9,36,5,-1,4,-5,5,-17
112.774721,13296,clench,-7,-8,3,3,-1,-5,2,-1
112.774745,13297,clench,7,28,6,1,2,9,-9,8
112.777317,13298,clench,7,-5,-6,-6,-5,-2,11,-7
112.777322,13299,clench,-7,7,11,-1,0,2,-18,-4
112.788419,13300,clench,-10,-29,-15,-6,-6,0,8,4
112.788479,13301,clench,16,30,3,2,2,1,-8,-20
112.799017,13302,clench,-8,-32,-6,1,2,-8,-9,3
112.799034,13303,clench,-12,15,28,4,20,15,-21,-13
112.812432,13304,clench,-5,-7,-46,-15,-45,-28,-22,-6
112.812465,13305,clench,15,55,5,-2,18,14,71,38
112.815405,13306,clench,25,-22,-8,-6,-7,2,6,45
112.815414,13307,clench,-44,70,10,6,16,6,-39,-23
112.834857,13308,clench,29,-63,1,-8,-19,13,-15,1
112.834877,13309,clench,-3,-16,-10,0,-1,-16,18,-15
112.836281,13310,clench,-11,23,-1,-4,7,-2,13,-3
112.836300,13311,clench,15,-24,3,-3,5,4,15,2
112.850107,13312,clench,-26,-6,-10,0,2,-14,-17,0
112.850116,13313,clench,1,94,8,-2,-6,-2,-28,-15
112.858831,13314,clench,-7,-88,5,4,-1,-1,2,-10
112.858838,13315,clench,-3,-87,-36,-10,-3,-17,-12,-11
112.872183,13316,clench,9,56,64,10,14,20,18,17
112.872208,13317,clench,20,-117,-4,-3,-9,-2,-14,-10
112.874170,13318,clench,-17,3,-5,1,-1,1,7,-11
112.874180,13319,clench,26,-10,-17,-4,-12,-9,19,-6
112.894720,13320,clench,-24,-19,-25,-7,-5,-11,7,-5
112.894744,13321,clench,25,-42,4,6,16,22,-2,11
112.897255,13322,clench,-18,19,4,6,4,-5,-1,-2
112.897263,13323,clench,4,-59,4,-5,-24,-8,-30,-2
112.908640,13324,clench,-5,93,10,1,9,12,31,-28
112.908664,13325,clench,1,-21,3,-2,7,5,-35,16
112.918475,13326,clench,-25,-26,-23,-6,-18,-15,-1,13
112.918480,13327,clench,16,34,42,3,-11,22,12,4
112.932310,13328,clench,-1,-29,-22,-8,4,-5,-10,-15
112.932342,13329,clench,-13,-10,-3,2,-5,-14,-11,-21
112.934050,13330,clench,7,35,12,2,5,0,2,-5
112.934069,13331,clench,-13,9,-14,2,7,-9,-15,-12
112.954878,13332,clench,-5,14,34,6,0,1,-3,10
112.954897,13333,clench,-11,23,-1,1,-10,-9,-22,-2
112.956627,13334,clench,44,-28,-18,-6,6,13,-25,-18
112.956632,13335,clench,-1,19,-10,-8,-17,-5,45,9
112.968517,13336,clench,10,-35,11,-1,9,13,-2,-5
112.968546,13337,clench,-5,-49,-4,2,-4,-1,-4,-14
112.977642,13338,clench,-11,97,1,-2,-5,-10,-20,-6
112.977652,13339,clench,-11,-24,-6,1,1,-9,-44,-8
112.993370,13340,clench,3,16,-9,-3,5,7,27,4
112.993377,13341,clench,7,28,6,4,18,10,-7,-2
112.993858,13342,clench,-1,58,-4,-3,-15,-8,62,17
112.993872,13343,clench,-6,108,9,-2,4,-5,-63,-7
113.015154,13344,clench,0,-72,3,-3,-10,-3,13,1
113.015190,13345,clench,-10,-73,-7,0,-1,-5,6,12
113.017392,13346,clench,7,54,34,5,-4,-5,5,-14
113.017400,13347,clench,25,2,-17,-8,0,12,23,10
113.028436,13348,clench,5,-14,-3,1,-2,-11,-9,-1
113.028473,13349,clench,-5,-19,-14,-9,-5,-4,-15,-17
113.039027,13350,clench,4,-30,-4,2,10,-5,-10,4
113.039040,13351,clench,-1,37,5,2,-8,-15,30,-6
113.052379,13352,clench,2,21,2,3,2,24,-2,17
113.052407,13353,clench,-11,3,10,5,12,11,5,0
113.055126,13354,clench,4,25,-7,-4,-8,3,4,13
113.055133,13355,clench,5,-32,0,0,-5,-1,7,3
113.074718,13356,clench,-9,-75,-11,0,-4,-8,2,-29
113.074744,13357,clench,-10,76,-10,-6,-6,1,2,10
113.076348,13358,clench,-2,-77,-8,-5,3,-9,0,-9
113.076390,13359,clench,28,84,19,1,10,16,8,22
113.088468,13360,clench,-2,5,-19,-3,-1,9,-13,-17
113.088495,13361,clench,-1,-17,3,4,3,-10,2,9
113.098770,13362,clench,-7,-79,-17,-4,-15,1,-16,-8
113.098780,13363,clench,-16,71,29,5,1,-19,29,18
113.112447,13364,clench,16,31,-1,-3,-9,-7,-8,6
113.112485,13365,clench,-2,-8,-8,-2,-1,-13,11,-9
113.114898,13366,clench,6,-98,-18,0,5,-15,5,8
113.114910,13367,clench,-17,45,3,1,-10,20,-2,-40
113.134099,13368,clench,-6,-2,-2,4,-3,-17,-43,11
113.134122,13369,clench,14,14,-19,-9,-6,-1,-6,0
113.149101,13370,clench,-7,-27,8,0,0,0,13,21
113.150956,13371,clench,5,-11,-2,-2,-5,-11,-30,3
113.150964,13372,clench,-18,-21,10,6,9,-5,6,-12
113.150966,13373,clench,-10,41,10,0,1,3,15,-1
113.159150,13374,clench,41,1,-7,1,0,6,-4,8
113.159159,13375,clench,-37,-37,-9,-5,-1,-2,11,10
113.172308,13376,clench,12,-19,-8,-4,2,-4,-2,-2
113.172335,13377,clench,-8,23,4,6,5,4,6,15
113.173812,13378,clench,1,32,8,-1,-3,-5,12,-10
113.173825,13379,clench,13,-47,4,-7,-7,-3,-22,-33
113.196473,13380,clench,-14,-16,-18,-2,9,-3,3,-7
113.196481,13381,clench,2,58,31,-1,-15,-11,-16,28
113.196484,13382,clench,-5,12,3,5,3,-3,29,-14
113.196486,13383,clench,-2,-29,-10,2,13,22,6,-21
113.217491,13384,clench,-6,-22,-11,-5,-1,-11,-9,7
113.217515,13385,clench,11,-18,-3,-1,-2,3,-14,-31
113.219490,13386,clench,6,41,1,-3,-5,-1,-8,17
113.219534,13387,clench,-46,44,14,6,10,-11,-11,1
113.232480,13388,clench,9,-22,-13,-6,-12,1,20,-13
113.232510,13389,clench,-12,-22,-10,-3,-6,6,14,25
113.233942,13390,clench,4,30,7,0,6,14,-31,-23
113.233993,13391,clench,9,-44,-1,6,-1,-6,15,-5
113.254822,13392,clench,1,-9,4,-3,4,3,2,6
113.254845,13393,clench,-11,3,2,-1,-9,-13,-13,-18
113.257207,13394,clench,-6,-36,-5,-3,-1,-13,-37,-14
113.257214,13395,clench,9,78,-3,4,-6,-3,14,27
113.277253,13396,clench,-10,32,6,0,9,21,11,8
113.277276,13397,clench,16,-5,-8,-1,0,0,0,-7
113.279458,13398,clench,-25,-1,8,2,21,7,-28,-10
113.279465,13399,clench,3,-76,-24,-7,-34,-12,-5,1
113.292172,13400,clench,12,23,5,4,-4,-11,19,10
113.292223,13401,clench,5,40,3,-3,6,8,-7,-5
113.293960,13402,clench,-10,9,8,14,17,2,28,2
113.293978,13403,clench,22,7,-13,-13,-9,-4,21,7
113.314766,13404,clench,-39,-45,8,-5,0,20,4,17
113.314791,13405,clench,2,-9,-7,-4,-6,-14,-14,-7
113.316676,13406,clench,7,-13,7,-2,-8,14,10,2
113.316685,13407,clench,4,-27,-9,5,15,-8,-9,-3
113.337264,13408,clench,-7,62,-2,2,3,2,-6,-19
113.337285,13409,clench,-4,-66,-8,-3,-5,0,7,2
113.338865,13410,clench,-9,43,3,3,0,-5,-17,0
113.338886,13411,clench,-11,-100,-3,-7,-3,-4,-19,-8
113.351879,13412,clench,24,91,22,10,14,-1,24,29
113.351886,13413,clench,-7,34,13,2,8,25,19,4
113.359025,13414,clench,18,10,-13,-16,5,-4,-11,-18
113.359051,13415,clench,-20,0,-12,-2,-7,10,22,-1
113.374678,13416,clench,12,-50,-1,-1,-13,-15,-22,-8
113.374696,13417,clench,26,-29,-13,4,4,-12,2,-1
113.376175,13418,clench,-31,14,-4,-6,-2,1,16,9
113.376183,13419,clench,26,-46,6,0,9,1,-8,2
113.397389,13420,clench,5,4,4,1,-1,-11,-13,-4
113.397416,13421,clench,-10,14,15,2,-1,-5,14,-24
113.400152,13422,clench,-9,4,-4,-4,-12,7,-16,-4
113.400161,13423,clench,10,13,-8,-2,1,-1,-11,-9
113.412208,13424,clench,-3,-52,-11,5,4,-8,14,22
113.412236,13425,clench,-6,79,-23,-7,0,6,-18,-26
113.418466,13426,clench,-1,-59,15,-1,-13,-13,4,-5
113.418484,13427,clench,7,6,11,1,1,7,30,8
113.434709,13428,clench,-2,-18,-1,-14,-13,9,11,-11
113.434730,13429,clench,9,-26,-17,-2,-3,0,-16,7
113.436229,13430,clench,-7,-9,-10,-2,2,-9,-20,-6
113.436250,13431,clench,-12,35,7,6,0,-4,11,-22
113.457298,13432,clench,-8,1,-15,-5,-3,-16,-12,-15
113.457315,13433,clench,-6,-37,7,-3,3,10,-9,3
113.458792,13434,clench,-4,27,-12,0,-8,4,12,15
113.458810,13435,clench,1,-13,4,-1,8,-1,-3,5
113.471753,13436,clench,3,-19,17,4,2,-8,-1,-3
113.471777,13437,clench,-13,-1,-19,-2,-4,-4,-15,1
113.478433,13438,clench,13,42,-5,6,18,13,4,1
113.478464,13439,clench,1,9,7,1,-16,-31,-25,10
113.495317,13440,clench,1,25,-15,-13,-13,22,-17,-2
113.495324,13441,clench,-10,-48,5,2,-3,-7,19,-12
113.496134,13442,clench,-6,-41,-19,-7,0,1,-11,-6
113.496144,13443,clench,20,20,-18,0,5,-2,-9,4
113.517468,13444,clench,-7,11,13,7,-3,-23,6,6
113.517489,13445,clench,-4,-17,3,0,4,13,-4,6
113.520123,13446,clench,4,-2,0,2,-2,-4,-3,-8
113.520132,13447,clench,-14,24,-5,-3,2,7,2,9
113.532450,13448,clench,8,65,20,6,15,1,12,-11
113.534498,13449,clench,4,16,-10,-6,-20,-10,-10,-12
113.538372,13450,clench,-2,18,4,-4,-11,-15,-4,29
113.538389,13451,clench,-11,-52,10,4,13,22,0,-33
113.557407,13452,clench,-21,9,10,11,27,10,-21,-4
113.557413,13453,clench,29,-36,-8,-13,-15,-9,21,10
113.557416,13454,clench,-21,66,9,-4,-16,23,36,-1
113.557418,13455,clench,-4,-45,-9,-4,4,1,16,22
113.577375,13456,clench,16,-13,-21,-8,-3,-2,-34,-12
113.577463,13457,clench,2,-28,6,5,10,-13,-9,-2
113.580507,13458,clench,5,-17,0,0,-5,-6,-11,8
113.580524,13459,clench,0,17,-4,-3,1,4,-8,6
113.591558,13460,clench,-13,27,-8,-3,-4,-5,9,2
113.591582,13461,clench,-14,-33,11,3,0,-2,-5,13
113.598626,13462,clench,3,29,-2,-2,-4,-13,3,-3
113.598652,13463,clench,-2,27,2,1,0,11,-12,25
113.614962,13464,clench,-14,-102,-16,10,14,-13,-13,-5
113.614991,13465,clench,17,72,49,1,-4,3,-7,12
113.616752,13466,clench,8,-20,-11,-5,-14,21,12,-9
113.616760,13467,clench,25,-66,6,-1,-5,2,5,1
113.637242,13468,clench,-30,-92,-10,-12,-21,1,18,-7
113.637268,13469,clench,-2,114,-15,7,11,-4,-12,2
113.638881,13470,clench,-6,-18,20,7,14,-13,-19,-29
113.638905,13471,clench,6,1,-6,-6,-5,-1,0,5
113.652079,13472,clench,3,43,2,2,-3,-4,8,6
113.652101,13473,clench,-10,-66,-14,-2,0,-6,23,23
113.658534,13474,clench,0,91,12,-3,-1,2,-29,-9
113.658560,13475,clench,-9,-27,11,2,-6,-13,1,-45
113.674709,13476,clench,6,3,-17,-6,2,2,-1,14
113.676702,13477,clench,-31,-4,-4,-3,-3,-5,23,-15
113.676708,13478,clench,6,-57,-2,-1,5,18,22,36
113.676710,13479,clench,5,21,-12,-1,-4,-8,-45,6
113.699158,13480,clench,7,-57,4,-5,-2,7,12,-14
113.699167,13481,clench,17,78,4,-1,1,4,2,4
113.699170,13482,clench,-8,-13,5,5,13,-11,7,-5
113.699173,13483,clench,-14,-45,-30,-8,-6,1,-9,-7
113.711091,13484,clench,-1,27,6,6,6,6,-4,0
113.711114,13485,clench,14,-53,-8,2,5,7,2,-19
113.720141,13486,clench,-62,-12,1,-5,2,-6,-47,-5
113.720146,13487,clench,3,-37,-25,-7,-8,-9,27,4
113.734801,13488,clench,19,63,47,13,4,-10,-9,6
113.734820,13489,clench,-6,27,-9,-10,-11,-2,-10,-7
113.737469,13490,clench,9,-27,-1,2,8,7,5,8
113.737482,13491,clench,2,-6,-2,-5,-1,10,-7,21
113.757251,13492,clench,-5,58,-4,-3,4,9,-11,2
113.757276,13493,clench,-17,-95,-1,4,-7,-13,-10,-3
113.758756,13494,clench,19,-2,-3,-4,-21,-32,-5,-5
113.759005,13495,clench,-6,120,22,3,1,-12,-5,-10
113.770910,13496,clench,18,-18,-20,-7,-4,16,21,17
113.770934,13497,clench,9,12,12,2,6,4,1,7
113.781284,13498,clench,13,-13,-21,-6,-3,-1,-5,-28
113.781291,13499,clench,-10,-49,12,4,1,-5,-5,5
113.794744,13500,clench,12,19,-2,-5,-9,-15,3,-9
113.794788,13501,clench,-8,-1,-1,-3,-1,7,-2,-28
113.796346,13502,clench,-6,-18,6,6,9,9,34,5
113.796373,13503,clench,8,9,-4,-6,-4,13,-37,-12
113.817208,13504,clench,2,6,-15,-8,-14,-10,7,-1
113.817227,13505,clench,-35,-87,-11,-1,1,5,25,-3
113.819304,13506,clench,21,-72,-10,-1,-5,-10,-22,-7
113.819312,13507,clench,-4,60,8,7,21,4,13,33
113.830938,13508,clench,-5,-6,0,4,-22,-14,-11,-6
113.831003,13509,clench,6,21,-16,-7,3,4,-4,14
113.841605,13510,clench,-9,-41,-9,2,6,2,0,-4
113.841612,13511,clench,-16,-2,-5,-4,-12,-8,11,-17
113.857207,13512,clench,7,-6,19,6,19,16,-8,9
113.857214,13513,clench,15,-15,-13,-2,1,-3,-11,-18
113.857217,13514,clench,7,41,-4,-2,-3,-2,26,-5
113.857219,13515,clench,0,-38,-24,1,-6,-8,-23,-24
113.877506,13516,clench,-14,23,14,0,4,9,14,-8
113.877532,13517,clench,35,23,4,1,0,-11,-11,8
113.880173,13518,clench,7,39,16,-1,-2,8,-3,-7
113.880181,13519,clench,-13,-47,-11,3,16,2,9,-6
113.890831,13520,clench,-6,18,-10,-4,-19,-19,-4,3
113.890847,13521,clench,0,55,-1,2,3,2,8,4
113.901642,13522,clench,10,-65,8,-2,-4,-4,-7,-15
113.901649,13523,clench,-13,39,25,4,1,10,-14,12
113.914942,13524,clench,2,-19,-20,5,3,0,-5,17
113.914976,13525,clench,-16,55,48,10,4,13,30,11
113.917013,13526,clench,-3,55,2,-1,-8,0,-18,10
113.917022,13527,clench,19,-15,3,-6,6,1,15,-12
113.937187,13528,clench,-13,-4,-18,0,1,-4,-18,-9
113.937207,13529,clench,-5,-58,-4,-4,-4,-11,-1,16
113.938972,13530,clench,-7,-37,6,5,-4,-1,34,29
113.938995,13531,clench,-10,34,-4,3,3,13,-24,-8
113.951232,13532,clench,14,-18,-12,-11,-5,-13,-3,-6
113.951367,13533,clench,-11,-34,-5,-3,-9,-1,-24,2
113.960650,13534,clench,-6,-33,-11,-2,4,6,-52,8
113.960655,13535,clench,15,-3,3,-3,-16,-4,43,10
113.974691,13536,clench,-4,40,31,6,0,-1,22,-5
113.974714,13537,clench,0,-88,-5,-2,-2,0,-33,-16
113.976185,13538,clench,-5,97,-12,-11,11,-9,-1,-8
113.976211,13539,clench,-2,-54,8,1,-21,-17,-28,-7
113.997574,13540,clench,4,51,27,2,-1,18,10,3
113.997581,13541,clench,5,13,5,-2,4,4,5,-6
113.999012,13542,clench,-3,-8,-10,0,-6,-7,-3,29
113.999038,13543,clench,-9,-53,-21,-2,-1,-14,-7,-8
114.010813,13544,clench,10,7,22,-1,2,12,1,5
114.010838,13545,clench,-7,-25,-16,2,2,-5,5,-12
114.020683,13546,clench,-1,9,1,3,-6,-6,-7,-22
114.020689,13547,clench,-7,36,9,-2,0,2,31,22
114.034844,13548,clench,7,-47,-17,-7,-7,-19,-27,-2
114.034862,13549,clench,-11,5,-7,-1,-4,-6,-12,-20
114.036699,13550,clench,1,-41,10,2,12,14,18,-1
114.036705,13551,clench,-4,45,2,-5,-7,-19,-4,-3
114.057205,13552,clench,-3,-30,-21,-2,-3,3,-2,-1
114.057222,13553,clench,13,-5,-29,-6,5,-1,8,9
114.058697,13554,clench,-9,-20,31,7,1,-8,-24,24
114.059058,13555,clench,3,16,7,5,13,1,31,21
114.070988,13556,clench,10,-50,-19,-6,-18,4,11,0
114.071015,13557,clench,5,30,0,-2,-9,-1,9,2
114.082125,13558,clench,-4,38,-9,-5,-5,-4,-6,-14
114.082134,13559,clench,4,-68,10,4,2,10,-7,-7
114.094751,13560,clench,6,96,8,3,14,0,1,3
114.094783,13561,clench,2,77,11,9,14,-11,-18,-11
114.096608,13562,clench,-9,-15,-9,-7,-14,30,43,8
114.096647,13563,clench,3,-34,-22,-12,-11,-13,-17,-22
114.117227,13564,clench,2,-55,22,-5,-6,-4,-19,-19
114.117249,13565,clench,-19,-44,-15,-8,-2,9,15,2
114.118857,13566,clench,10,36,9,2,0,-12,-13,-42
114.118870,13567,clench,-22,16,0,1,-1,7,19,15
114.139641,13568,clench,-10,-10,-38,-8,0,-6,9,-27
114.139658,13569,clench,-9,56,20,-1,0,-1,10,0
114.141265,13570,clench,27,9,15,2,6,-4,-19,4
114.141282,13571,clench,-13,114,-42,-6,-8,-8,-8,-18
114.155892,13572,clench,6,-39,30,7,-5,-1,-1,23
114.155899,13573,clench,7,-48,-5,-6,-4,6,7,-13
114.156202,13574,clench,3,-4,-14,1,3,-11,3,24
114.156208,13575,clench,3,10,-15,-9,-2,5,-21,-9
114.177190,13576,clench,-13,-66,1,4,9,-1,0,3
114.177209,13577,clench,-5,14,8,-2,-27,-16,11,14
114.178819,13578,clench,-7,2,-2,2,11,16,-26,0
114.178827,13579,clench,21,-68,-4,-1,4,5,0,-2
114.201523,13580,clench,-58,9,30,1,0,-3,-8,-17
114.201532,13581,clench,8,-54,-22,-3,0,-4,3,-17
114.201534,13582,clench,-20,-1,8,-1,-9,-13,-16,-14
114.201536,13583,clench,-2,-10,35,8,6,8,25,6
114.214511,13584,clench,16,11,-24,0,-6,3,27,4
114.214538,13585,clench,11,-5,0,-2,7,0,-9,17
114.220999,13586,clench,-30,-55,-23,-5,-8,-9,6,10
114.221095,13587,clench,14,15,0,-2,6,-4,-19,-8
114.237365,13588,clench,-1,-6,-1,2,1,-16,-28,-8
114.237396,13589,clench,8,73,17,3,1,41,27,56
114.238893,13590,clench,10,-1,-4,-3,-3,-4,10,-5
114.238910,13591,clench,36,21,29,0,-6,-16,0,14
114.259703,13592,clench,-33,-49,-35,-12,11,11,48,-28
114.259723,13593,clench,-4,33,22,6,-15,-14,-75,-18
114.261369,13594,clench,6,-13,-7,3,-1,-2,-2,-7
114.261380,13595,clench,0,0,-31,-6,-2,-1,-1,-25
114.274009,13596,clench,12,-57,19,5,-5,-9,-3,2
114.274034,13597,clench,-18,-87,-18,-1,6,-2,2,-3
114.280966,13598,clench,9,98,23,-2,7,7,22,8
114.282556,13599,clench,-26,-54,-17,-3,-7,-4,-18,-3
114.297490,13600,clench,19,7,-31,-2,11,4,-15,8
114.297552,13601,clench,21,-14,7,2,-5,-7,-6,-16
114.299004,13602,clench,-66,-14,8,0,-6,-3,5,8
114.299031,13603,clench,-9,-14,-4,2,8,3,5,7
114.319749,13604,clench,0,46,16,-5,-6,-1,-15,1
114.319775,13605,clench,-6,30,-5,-7,9,-9,-2,33
114.322099,13606,clench,20,-8,-6,-3,-6,18,13,-34
114.322104,13607,clench,-4,6,14,4,-2,-1,-1,-18
114.334124,13608,clench,-16,25,-19,-4,-6,-2,14,13
114.334151,13609,clench,-12,20,-36,-1,13,-26,-72,-32
114.341021,13610,clench,21,-61,39,5,-19,4,33,-11
114.341040,13611,clench,-2,2,10,-1,-3,17,5,22
114.357152,13612,clench,7,50,10,0,2,-1,5,-6
114.357175,13613,clench,14,-23,-8,1,6,8,-21,-7
114.358683,13614,clench,-62,-75,-31,-9,0,-5,19,17
114.358701,13615,clench,-7,103,7,4,11,-10,-27,0
114.379926,13616,clench,-4,-46,-16,-5,-23,-3,9,-7
114.379961,13617,clench,-19,-13,23,1,-3,6,22,-7
114.382370,13618,clench,40,63,-5,-4,-7,-11,-19,19
114.382387,13619,clench,9,-77,0,3,-1,-10,-3,4
114.394295,13620,clench,-14,-27,-2,1,9,17,-3,11
114.394317,13621,clench,-2,-5,0,-1,-9,-4,18,-13
114.400874,13622,clench,30,-43,-6,-1,17,11,-10,-7
114.400893,13623,clench,-27,62,-8,2,-5,-14,23,8
114.417814,13624,clench,10,-21,10,0,-8,11,-24,-18
114.417824,13625,clench,-1,-6,21,1,-1,22,12,28
114.418798,13626,clench,31,-1,-22,-8,8,-8,-5,1
114.418818,13627,clench,4,-15,5,-5,4,12,-3,2
114.439814,13628,clench,-25,13,-12,0,-15,-12,13,5
114.439839,13629,clench,8,-2,-13,0,1,-4,13,2
114.441616,13630,clench,-17,15,0,2,-4,-3,-13,-17
114.441622,13631,clench,-2,-17,-1,-2,6,-5,-3,8
114.454184,13632,clench,8,1,-20,-6,3,-2,-11,-3
114.454208,13633,clench,12,59,24,-1,6,10,11,10
114.460987,13634,clench,-63,4,-11,-2,-11,-5,-17,24
114.461006,13635,clench,4,-28,5,-2,-9,5,1,-12
114.477373,13636,clench,8,101,10,-4,5,-10,-14,14
114.477394,13637,clench,-11,11,19,10,7,-5,5,10
114.479471,13638,clench,19,-1,0,0,0,16,-4,-15
114.479485,13639,clench,1,-14,-9,-4,-6,1,35,6
114.499758,13640,clench,-7,-102,-32,-6,-3,0,-52,-9
114.499781,13641,clench,3,58,48,9,4,-15,-1,-16
114.501585,13642,clench,-3,115,13,-3,3,-1,7,2
114.501685,13643,clench,12,-74,-10,-2,-7,4,7,-4
114.514814,13644,clench,9,71,-12,-5,-6,-9,11,26
114.514841,13645,clench,-2,-20,-8,-2,-9,-6,23,-12
114.521091,13646,clench,0,-55,-8,3,1,-7,-1,-14
114.521111,13647,clench,8,34,14,-3,1,6,3,15
114.537235,13648,clench,13,11,1,5,2,-15,-26,-17
114.537261,13649,clench,-5,-42,-18,-6,-5,8,6,-6
114.538747,13650,clench,-6,-14,5,6,10,-6,-5,8
114.538752,13651,clench,-18,-18,-26,-4,-7,8,-1,3
114.559621,13652,clench,14,-26,36,5,13,3,-22,6
114.559640,13653,clench,-2,-54,-25,-2,-5,-12,32,-8
114.561139,13654,clench,35,21,-7,-5,3,11,5,10
114.561163,13655,clench,-28,-5,29,8,25,12,-23,-2
114.576794,13656,clench,17,-15,-7,-4,-19,1,9,4
114.576804,13657,clench,5,10,2,-2,0,7,0,-2
114.581044,13658,clench,-14,-55,-19,1,0,-17,-3,-16
114.581293,13659,clench,-2,15,0,-2,-15,-15,15,3
114.597235,13660,clench,0,40,6,0,8,23,14,8
114.597262,13661,clench,-8,-78,-31,-8,-9,-21,-36,-12
114.598946,13662,clench,17,-10,3,2,-7,0,44,-14
114.598976,13663,clench,-5,76,21,3,6,6,-27,-4
114.619810,13664,clench,-9,11,0,-2,4,-5,15,-8
114.619836,13665,clench,14,-46,-10,-5,-6,-12,-31,-4
114.621926,13666,clench,4,-37,-6,-9,-19,-6,-10,24
114.621941,13667,clench,-12,-10,5,1,4,5,16,10
114.633514,13668,clench,11,-38,-17,0,9,-16,-11,-11
114.633543,13669,clench,-8,15,6,1,-2,8,6,4
114.643257,13670,clench,-1,9,15,1,0,-7,-25,-18
114.643266,13671,clench,13,-9,-21,1,-3,-13,0,-10
114.657246,13672,clench,-16,-35,19,0,-2,-2,6,30
114.657417,13673,clench,0,11,5,0,4,6,8,-5
114.658939,13674,clench,10,-77,-17,-7,-12,-3,1,-10
114.659228,13675,clench,16,74,18,2,-2,0,-17,2
114.679986,13676,clench,-28,-103,-14,-2,8,3,4,-14
114.680025,13677,clench,-6,92,1,-2,8,0,-11,-26
114.682299,13678,clench,-12,22,-11,1,-4,-3,-8,21
114.682308,13679,clench,23,-23,-3,-8,-6,11,-4,-8
114.693573,13680,clench,-8,1,5,1,-1,-1,24,-7
114.693606,13681,clench,10,-30,-14,-7,-2,-7,-10,-21
114.702626,13682,clench,-3,8,-9,1,11,-1,-33,-18
114.702631,13683,clench,-4,-23,-1,0,-6,-18,6,2
114.717253,13684,clench,7,42,5,7,15,7,-15,-2
114.717283,13685,clench,0,31,5,3,-13,6,29,13
114.718832,13686,clench,-2,5,2,-5,-14,-8,-16,0
114.718931,13687,clench,10,45,-10,-5,1,12,20,-3
114.739711,13688,clench,5,-26,-2,-3,-7,11,12,-6
114.739736,13689,clench,-12,-11,-4,-2,14,6,-15,31
114.741305,13690,clench,-10,41,11,4,-7,-17,1,-7
114.741388,13691,clench,0,-5,12,4,4,0,-1,-2
114.753383,13692,clench,-12,-22,-12,-3,-11,-6,-19,6
114.753401,13693,clench,0,1,-1,-3,2,2,-1,-12
114.763365,13694,clench,11,-36,-5,-7,-2,1,13,9
114.763372,13695,clench,-46,-35,-6,0,3,-1,-14,-2
114.777492,13696,clench,-3,13,-9,-3,-5,-21,10,2
114.777518,13697,clench,-5,63,15,-2,-2,18,-13,-6
114.780144,13698,clench,0,29,17,2,5,0,-6,-4
114.780153,13699,clench,18,20,-6,0,-1,-1,22,5
114.799711,13700,clench,5,-32,0,3,8,5,-16,5
114.799864,13701,clench,-18,-31,-11,2,-14,-13,3,28
114.801404,13702,clench,12,3,1,-2,-2,-3,0,25
114.802701,13703,clench,0,-6,-1,0,9,28,37,18
114.813429,13704,clench,6,7,0,-6,-14,-12,-2,-14
114.813446,13705,clench,9,-72,-9,1,17,-1,3,2
114.823023,13706,clench,-15,24,7,10,-2,-20,-2,-19
114.823031,13707,clench,-3,11,9,-8,-7,8,-9,13
114.837251,13708,clench,7,85,20,3,1,3,4,5
114.837275,13709,clench,11,-28,-23,-5,-1,-1,1,-19
114.839899,13710,clench,-8,-21,-8,-3,5,4,22,-8
114.839906,13711,clench,-3,36,1,4,-4,-25,-38,-26
114.860968,13712,clench,2,-65,-12,-6,7,11,37,3
114.860979,13713,clench,13,81,36,1,-1,-7,-45,-16
114.861289,13714,clench,3,-33,1,1,-13,5,18,0
114.861303,13715,clench,1,-18,-6,-2,-5,3,-14,-3
114.875523,13716,clench,-3,-11,-9,-2,-3,4,24,11
114.875531,13717,clench,-7,50,2,4,-1,-10,-22,-11
114.884204,13718,clench,-4,-22,-20,2,15,2,-29,-5
114.884212,13719,clench,2,56,48,-3,-1,-4,34,-10
114.897491,13720,clench,4,16,1,0,-13,3,-8,-8
114.900190,13721,clench,-18,-40,-2,-2,-1,-3,9,-4
114.900198,13722,clench,4,-9,1,1,8,7,-13,26
114.900200,13723,clench,-1,-45,-20,2,-3,-11,-23,10
114.921089,13724,clench,11,8,1,2,7,-2,1,-8
114.921097,13725,clench,11,-14,-1,2,1,4,8,14
114.921171,13726,clench,-8,24,-14,-9,-2,1,11,-14
114.921205,13727,clench,-1,-27,10,9,-2,-12,-6,-25
114.933395,13728,clench,7,10,5,-3,-3,8,-10,43
114.933432,13729,clench,-1,-27,-15,-4,-6,8,7,-1
114.944440,13730,clench,8,-7,-1,-2,10,4,-1,-20
114.944446,13731,clench,-18,-34,14,-1,-16,-22,39,-4
114.957112,13732,clench,-5,23,3,4,12,6,-19,-21
114.957131,13733,clench,-1,26,-11,2,-5,-3,12,6
114.958666,13734,clench,-2,-38,-2,-4,2,0,8,2
114.958739,13735,clench,10,29,-9,-4,10,10,-28,-2
114.979920,13736,clench,14,17,-1,-2,-17,-15,-1,-3
114.982363,13737,clench,-23,-98,-6,4,5,-7,7,3
114.985789,13738,clench,0,76,12,-8,-9,4,2,-17
114.985813,13739,clench,15,-48,-10,0,2,-8,-4,1
114.993555,13740,clench,-18,-63,-9,1,1,12,19,4
114.993578,13741,clench,22,68,7,1,6,18,-19,-9
115.002901,13742,clench,-11,-37,4,7,2,-5,4,6
115.002906,13743,clench,2,6,-13,-3,-10,-8,-16,-18
115.017228,13744,clench,-1,0,17,-4,10,-14,-4,-3
115.017251,13745,clench,-11,3,-5,-1,-5,-2,11,1
115.018787,13746,clench,0,2,-12,-5,-5,2,8,2
115.018808,13747,clench,-10,-27,8,-2,3,2,-7,-58
115.039666,13748,clench,-16,-39,5,3,-3,-11,0,-5
115.039684,13749,clench,-12,-31,-4,-4,10,-7,-43,-9
115.041197,13750,clench,-4,70,9,-3,-17,-7,32,-2
115.041238,13751,clench,12,63,2,0,3,1,-26,3
115.062877,13752,clench,-23,14,-3,-1,-8,-4,9,-14
115.062885,13753,clench,41,-43,5,-2,-17,-5,24,13
115.063714,13754,clench,-46,-102,-54,2,41,12,-31,2
115.063739,13755,clench,-3,67,43,-6,-22,25,18,-11
115.079460,13756,clench,-4,30,-3,-3,-4,-12,-15,1
115.079469,13757,clench,3,20,4,0,-1,-3,-6,-9
115.079473,13758,clench,10,-12,-3,-4,-10,-6,17,1
115.079476,13759,clench,-4,-62,-28,0,4,-3,-10,18
115.099670,13760,clench,4,-6,-3,-2,6,4,6,2
115.099699,13761,clench,-18,-10,-5,-2,-3,-3,5,-15
115.102320,13762,clench,20,19,3,-3,-6,-4,-26,-20
115.102325,13763,clench,-10,-62,3,5,11,-1,-7,19
115.122466,13764,clench,7,-3,7,-1,-9,2,-1,-4
115.122490,13765,clench,-5,-24,1,1,0,-6,5,8
115.125409,13766,clench,8,34,16,1,-6,5,-4,-1
115.125416,13767,clench,1,-10,-16,1,1,-7,-4,12
115.137220,13768,clench,1,22,-18,-2,1,-5,-3,0
115.137245,13769,clench,-14,-28,1,2,31,15,-14,-5
115.140149,13770,clench,8,-4,6,-5,-39,-18,-5,2
115.140157,13771,clench,6,-23,-9,-11,7,12,5,16
115.159691,13772,clench,-1,42,-9,1,8,23,23,27
115.159709,13773,clench,6,-25,-13,-3,-18,-15,-43,2
115.161369,13774,clench,-8,25,22,13,14,3,53,24
115.161398,13775,clench,-8,-75,-47,-11,-16,2,-28,5
115.182457,13776,clench,-12,64,28,-4,5,0,-10,6
115.184803,13777,clench,-6,16,-3,-3,-13,-5,-1,-2
115.184813,13778,clench,3,-51,-36,-5,30,3,9,-8
115.184815,13779,clench,-20,71,40,14,-19,-20,10,10
115.197552,13780,clench,27,-19,19,0,9,22,-2,5
115.200334,13781,clench,-14,-29,-13,-9,-15,-14,10,-17
115.200341,13782,clench,8,-8,17,2,1,0,-17,5
115.200344,13783,clench,6,-126,-35,-3,10,-6,-3,-15
115.219709,13784,clench,1,89,7,5,2,-5,-12,-20
115.219725,13785,clench,-1,52,8,0,-2,4,21,10
115.221139,13786,clench,9,9,-7,-4,0,5,-22,-7
115.221166,13787,clench,7,2,-4,-2,6,-4,8,4
115.242560,13788,clench,-5,-13,-4,1,-7,1,17,-13
115.242579,13789,clench,-12,1,16,-1,-5,-5,-2,18
115.243990,13790,clench,-5,28,4,4,10,8,-17,-26
115.243996,13791,clench,-2,-39,-29,-1,-7,-19,6,-3
115.266429,13792,clench,3,2,29,6,6,27,6,5
115.266441,13793,clench,16,10,-1,-5,7,23,35,24
115.266444,13794,clench,-8,-23,2,-7,-17,-19,-5,15
115.266446,13795,clench,-2,-41,-6,6,-3,-42,-53,-21
115.279803,13796,clench,0,20,-4,-15,-14,27,51,5
115.279835,13797,clench,-2,-20,-9,-3,-1,0,-21,9
115.282141,13798,clench,1,24,21,0,-5,5,8,5
115.282151,13799,clench,17,-20,-13,-2,8,1,-5,11
117.304091,13800,rest,31,-3,3,0,-31,-1,-3,6
117.304440,13801,rest,-9,32,-6,-3,-10,-3,-2,-26
117.306832,13802,rest,5,8,4,0,-4,-2,-4,2
117.306838,13803,rest,-7,9,-1,2,2,-2,0,-1
117.326715,13804,rest,11,-34,-7,-2,9,0,-2,4
117.326743,13805,rest,6,3,2,0,-1,1,2,4
117.328600,13806,rest,-42,-16,-1,-8,-14,-3,-3,-5
117.328608,13807,rest,35,36,-2,4,-2,-3,-1,-5
117.341437,13808,rest,14,6,-1,-2,5,-1,-2,-2
117.341462,13809,rest,-51,-3,-2,2,1,-1,-5,-38
117.342066,13810,rest,22,28,3,1,6,0,-2,41
117.342088,13811,rest,-20,-47,-6,-6,-4,0,1,3
117.364445,13812,rest,-1,-13,6,0,3,-1,-3,-3
117.364489,13813,rest,-9,2,-3,-4,3,-1,-1,1
117.366764,13814,rest,65,15,-3,1,0,-3,2,-8
117.366773,13815,rest,-5,11,1,-2,-9,-2,-2,-3
117.386520,13816,rest,-12,6,-2,-2,3,1,1,10
117.386620,13817,rest,-4,2,-3,-1,1,0,2,12
117.387248,13818,rest,-17,-26,3,1,0,-1,-2,-11
117.387294,13819,rest,14,-1,1,-1,-3,0,-1,8
117.401504,13820,rest,-6,-7,-4,-3,-8,-2,-2,-7
117.401523,13821,rest,24,47,1,1,-6,-3,0,14
117.402898,13822,rest,-26,-124,-12,-2,2,1,-3,-11
117.402904,13823,rest,-12,29,-3,-1,1,-2,0,-7
117.423991,13824,rest,-15,-11,1,0,1,-3,0,0
117.424008,13825,rest,0,19,5,1,-1,1,1,10
117.426525,13826,rest,-38,2,-4,-8,-8,-2,-1,-5
117.426535,13827,rest,16,12,-5,0,3,0,-3,-7
117.448825,13828,rest,4,8,6,4,2,0,-2,33
117.448832,13829,rest,0,-59,0,-1,-2,-2,1,10
117.448835,13830,rest,16,47,3,1,11,0,2,-1
117.448837,13831,rest,-66,-62,-7,-7,-34,-1,-2,-4
117.461621,13832,rest,12,14,-5,-1,6,0,-1,-8
117.463881,13833,rest,-14,-5,1,-1,4,0,-1,0
117.463891,13834,rest,-7,17,0,-1,-5,-1,1,6
117.463894,13835,rest,23,-17,3,1,4,-1,1,-50
117.483909,13836,rest,5,9,-5,-3,0,-3,-3,-5
117.484288,13837,rest,-11,-9,-6,-2,-6,-1,-2,-3
117.484818,13838,rest,7,-5,5,2,5,0,-8,-5
117.484837,13839,rest,9,18,1,2,8,-1,2,-3
117.506919,13840,rest,-7,-3,-4,-3,-1,-2,-3,2
117.506947,13841,rest,14,-13,3,0,7,0,0,2
117.509951,13842,rest,-11,4,-11,-5,12,-2,-2,-9
117.509958,13843,rest,-17,-5,6,0,2,0,-2,6
117.521530,13844,rest,-3,23,1,-2,-4,-2,-1,-5
117.521556,13845,rest,-14,-14,-4,-7,-4,-3,-2,7
117.524720,13846,rest,4,-11,0,12,5,2,4,5
117.524729,13847,rest,31,18,1,-2,0,0,-1,14
117.543971,13848,rest,-17,7,-2,-2,1,0,3,-5
117.543993,13849,rest,55,-12,2,1,-1,0,0,0
117.544846,13850,rest,-3,9,-4,-5,-10,-2,0,-2
117.544925,13851,rest,-32,8,-2,-1,3,0,-1,9
117.566425,13852,rest,-5,-12,-1,1,-4,-1,-2,-9
117.566472,13853,rest,4,4,2,-2,4,-2,-2,-6
117.568237,13854,rest,18,6,0,-1,-6,2,2,2
117.568243,13855,rest,8,31,-1,-1,0,0,-1,11
117.580830,13856,rest,4,-21,-3,-3,-1,-1,2,0
117.580854,13857,rest,-21,-1,2,0,-5,0,-3,-2
117.588978,13858,rest,-12,-7,0,-1,15,-3,-3,-2
117.589004,13859,rest,21,0,0,0,-19,-3,0,-26
117.604465,13860,rest,-32,2,2,-1,0,1,-2,-2
117.604476,13861,rest,2,-14,-7,-2,0,-2,1,-2
117.604769,13862,rest,-40,-10,-3,-5,17,-5,1,7
117.604855,13863,rest,19,-12,0,1,7,0,1,-2
117.626468,13864,rest,46,29,2,-5,-3,-1,-2,3
117.626485,13865,rest,14,13,-3,2,1,1,-2,-2
117.628820,13866,rest,5,41,4,-2,-12,0,-2,3
117.628824,13867,rest,-18,-79,-4,-3,2,0,1,10
117.640697,13868,rest,-6,-8,4,-1,2,-1,-2,-2
117.640715,13869,rest,8,15,-3,-2,1,-1,2,1
117.649030,13870,rest,10,-20,-2,0,-9,0,1,-2
117.649058,13871,rest,8,16,3,2,2,-2,-1,10
117.664161,13872,rest,3,1,-1,-1,-5,0,-1,4
117.664192,13873,rest,-10,3,-6,-4,0,-2,-1,-2
117.666267,13874,rest,-51,5,3,2,-6,-2,-2,-7
117.666277,13875,rest,31,11,-1,-2,-1,-2,-3,11
117.686400,13876,rest,-30,-27,-4,0,2,-1,-1,-14
117.686420,13877,rest,-7,-15,-1,-1,-6,0,-3,1
117.687242,13878,rest,20,27,-4,1,-2,3,-1,-1
117.687267,13879,rest,42,14,1,1,7,-2,0,3
117.700875,13880,rest,-55,-3,-1,1,0,-2,-1,0
117.702020,13881,rest,-2,-19,1,1,-1,1,2,-1
117.708838,13882,rest,6,-6,1,-1,8,1,2,2
117.708856,13883,rest,20,19,0,-2,10,-2,-1,0
117.723849,13884,rest,-6,11,-4,0,-28,0,-3,-2
117.723866,13885,rest,-19,-42,-5,-1,-2,-1,-3,1
117.724790,13886,rest,-13,-3,-2,-5,-8,0,0,-6
117.724795,13887,rest,-23,-7,-3,-1,0,-1,-1,-32
117.746610,13888,rest,17,-17,-3,-1,9,-1,1,22
117.746644,13889,rest,31,32,-2,-2,1,-3,-7,-5
117.747380,13890,rest,-59,-23,-6,-4,-11,-4,2,-58
117.747403,13891,rest,1,5,-2,-3,-2,-3,-4,-6
117.760800,13892,rest,11,9,1,0,1,-1,-2,-5
117.760819,13893,rest,-9,11,0,-2,0,-1,2,2
117.769103,13894,rest,70,14,1,-3,1,0,1,9
117.769180,13895,rest,-95,-47,0,0,-5,-1,0,5
117.784202,13896,rest,31,-23,-3,0,1,-3,-3,-13
117.786230,13897,rest,-8,-7,1,1,1,-1,0,-4
117.786238,13898,rest,15,10,3,-1,-4,-1,-2,8
117.786240,13899,rest,1,15,-1,-3,-7,1,1,9
117.808589,13900,rest,20,2,0,-4,3,-1,1,6
117.808614,13901,rest,-14,-2,-1,1,3,0,-1,-3
117.808616,13902,rest,-2,-5,3,3,-5,-1,-1,9
117.808618,13903,rest,11,-9,0,-2,-3,-2,-2,7
117.820830,13904,rest,-8,3,0,-2,1,-1,0,-5
117.820853,13905,rest,6,32,1,-3,-2,-1,0,2
117.829206,13906,rest,-12,-34,-1,0,-8,0,-1,5
117.829241,13907,rest,38,-25,-5,-5,4,-4,-2,-3
117.844115,13908,rest,11,16,-2,1,4,1,2,2
117.844147,13909,rest,-33,18,-1,-3,-6,-3,-1,-2
117.845725,13910,rest,30,7,-8,2,5,0,-2,5
117.845732,13911,rest,-10,-24,0,-4,-34,-3,-1,1
117.866586,13912,rest,12,0,3,-2,0,-1,-1,0
117.866616,13913,rest,6,-2,-1,-3,-2,-2,0,-16
117.868063,13914,rest,8,3,-5,3,0,1,-3,36
117.868071,13915,rest,2,1,-2,0,9,1,-2,3
117.880870,13916,rest,-3,17,-3,0,5,-2,1,-6
117.880898,13917,rest,-13,-11,3,1,-4,0,-1,-7
117.889031,13918,rest,-16,-12,1,-4,1,-1,1,-9
117.889050,13919,rest,3,17,1,0,5,2,1,1
117.903995,13920,rest,-11,-12,0,2,-4,-1,-1,7
117.904032,13921,rest,1,-3,-1,-1,5,-1,0,5
117.904698,13922,rest,15,14,5,-2,-9,-2,0,-3
117.904722,13923,rest,-24,21,-2,3,12,1,-2,-8
117.926365,13924,rest,0,-32,-3,-4,-13,0,-1,-14
117.926382,13925,rest,1,-14,-5,-4,-8,-3,0,2
117.928393,13926,rest,-19,-4,-1,3,4,1,-1,-2
117.928402,13927,rest,26,43,0,-1,-3,-2,0,-4
117.950902,13928,rest,-14,-19,3,2,4,0,0,11
117.950908,13929,rest,-9,-17,1,3,0,1,-1,2
117.950910,13930,rest,4,4,-1,-4,-4,-2,-1,-4
117.950912,13931,rest,10,-3,-1,-2,0,-2,-2,8
117.963955,13932,rest,-1,14,1,1,1,-2,0,-4
117.963998,13933,rest,-8,-4,1,-1,-1,-1,0,6
117.971821,13934,rest,63,37,-4,-3,-2,-1,3,-2
117.971841,13935,rest,-76,-24,-7,-4,15,-1,-3,-9
117.986411,13936,rest,-4,-45,-2,2,-2,-1,1,-5
117.986430,13937,rest,-2,5,-1,-2,1,-3,-3,-5
117.987257,13938,rest,-1,-10,-3,-1,-5,-1,2,-2
117.987497,13939,rest,0,-21,-5,-3,0,-1,1,3
118.009964,13940,rest,18,23,1,-2,1,-1,-2,-1
118.009991,13941,rest,-8,-10,0,2,-1,2,0,5
118.012973,13942,rest,-16,14,-2,0,7,-1,-4,-2
118.012984,13943,rest,19,8,2,2,-8,-3,1,-22
118.024069,13944,rest,-13,9,-2,0,6,-1,-3,22
118.024114,13945,rest,12,0,-4,0,-2,-2,0,-1
118.027180,13946,rest,11,16,1,-3,12,-1,-4,-1
118.027191,13947,rest,-14,-29,8,3,-6,1,0,-9
118.046694,13948,rest,-37,26,-5,-4,-4,-1,-3,-7
118.046725,13949,rest,0,-37,-1,-1,5,-1,2,-12
118.047235,13950,rest,-5,0,0,1,-3,0,-3,14
118.047263,13951,rest,14,12,3,0,0,0,1,16
118.069592,13952,rest,3,13,0,1,1,-2,0,-7
118.069615,13953,rest,17,12,6,3,0,1,-3,4
118.071349,13954,rest,-47,-19,-1,-2,-2,-2,0,-12
118.071358,13955,rest,29,8,-5,-7,-3,-1,-1,8
118.084231,13956,rest,6,11,-3,1,3,0,1,0
118.084259,13957,rest,-5,15,-3,-1,-2,-2,1,-1
118.085551,13958,rest,-6,-30,2,1,-4,-2,1,7
118.085557,13959,rest,8,10,-8,-5,-2,-2,0,7
118.108646,13960,rest,7,-4,3,-3,-3,-2,-10,-6
118.108652,13961,rest,22,26,1,2,4,1,-3,9
118.108654,13962,rest,-79,-16,-2,-2,-2,-2,-2,-10
118.108657,13963,rest,28,1,-8,-3,-4,-2,-4,3
118.129955,13964,rest,-2,-34,-3,-2,18,-2,0,-6
118.129978,13965,rest,12,9,1,-2,-16,-1,-1,-3
118.131692,13966,rest,20,65,7,0,-1,1,-2,-2
118.131701,13967,rest,-3,-47,-3,0,3,-1,-1,-2
118.144214,13968,rest,-31,6,-3,-4,-8,-1,2,-3
118.144234,13969,rest,-7,0,1,0,4,-4,0,-29
118.145918,13970,rest,24,14,-2,1,2,-1,0,0
118.145928,13971,rest,-3,-7,1,0,2,1,1,4
118.166600,13972,rest,0,-9,1,1,3,-1,1,6
118.166626,13973,rest,-14,8,-6,-3,1,-3,-2,-2
118.168145,13974,rest,-50,-26,-5,-2,-6,-3,0,-9
118.168154,13975,rest,3,13,4,1,0,0,0,-4
118.189606,13976,rest,-5,19,3,1,-8,-1,-1,-10
118.189617,13977,rest,2,-37,-4,-3,-1,0,-1,7
118.190304,13978,rest,18,-40,2,1,-6,-1,1,-3
118.190320,13979,rest,1,8,-1,0,-2,1,-5,4
118.203894,13980,rest,9,9,-4,-5,-3,-2,1,-18
118.203904,13981,rest,34,43,1,-2,-1,1,0,18
118.204819,13982,rest,-35,-65,-3,-5,3,-2,-1,2
118.204838,13983,rest,7,15,4,4,-5,-2,1,-16
118.226530,13984,rest,21,41,2,0,9,-1,1,0
118.226555,13985,rest,-14,-73,-7,-3,3,-1,-1,-3
118.228028,13986,rest,-6,16,-2,0,11,1,5,0
118.228033,13987,rest,0,15,5,-1,-35,-5,0,1
118.250329,13988,rest,1,10,-3,-3,-4,-3,-4,1
118.250337,13989,rest,-21,31,-1,-5,-1,-2,-1,0
118.250339,13990,rest,25,-18,1,1,3,-1,-2,-6
118.250342,13991,rest,-12,-10,-4,1,10,0,-1,4
118.265899,13992,rest,25,-2,1,0,-3,2,0,7
118.265908,13993,rest,-14,37,1,1,-8,-1,0,2
118.265911,13994,rest,2,-78,-5,-1,-1,-1,-2,-28
118.265982,13995,rest,-2,32,0,0,4,-2,-2,0
118.286470,13996,rest,-37,-43,4,0,-9,-2,-3,-3
118.288713,13997,rest,44,14,-6,3,7,0,-1,9
118.288720,13998,rest,-30,6,-2,-4,-7,-1,-3,0
118.288722,13999,rest,16,8,-1,-2,3,-1,0,7
118.317468,14000,rest,2,-10,-2,0,-1,-1,2,1
118.317550,14001,rest,-7,-6,2,-2,2,0,0,-12
118.317976,14002,rest,16,40,0,-3,-6,-2,-1,-13
118.318016,14003,rest,6,-53,4,2,20,1,0,48
118.323999,14004,rest,-22,-4,-5,1,-29,-1,-2,3
118.324036,14005,rest,5,-24,-4,1,3,0,-1,3
118.324571,14006,rest,28,24,-1,-3,-4,0,0,9
118.325636,14007,rest,-14,10,-2,-2,6,0,-1,-14
118.346651,14008,rest,21,19,-3,0,2,0,0,-2
118.346687,14009,rest,-3,6,5,-1,-3,-1,-1,6
118.347201,14010,rest,-10,-14,-3,2,-3,0,0,5
118.347223,14011,rest,-4,8,-4,-3,-7,-3,-4,-59
118.369651,14012,rest,20,-18,-4,1,8,0,-6,25
118.369678,14013,rest,-7,1,-2,1,-5,-4,-1,-3
118.371559,14014,rest,-16,-11,1,-3,-1,-3,-3,2
118.371565,14015,rest,-40,-11,-4,-1,-4,-1,1,-8
118.384073,14016,rest,-46,-4,5,0,9,1,1,-8
118.384096,14017,rest,-8,4,-2,-2,1,-1,-1,2
118.385340,14018,rest,33,15,-2,2,2,1,-3,5
118.385345,14019,rest,23,20,2,1,-5,-3,-1,12
118.406448,14020,rest,-7,-24,-1,-3,0,-1,0,-6
118.406458,14021,rest,3,27,-2,-2,-4,-1,0,5
118.407177,14022,rest,7,-20,0,0,-1,1,1,5
118.407196,14023,rest,-9,4,-4,-2,-3,-1,-2,-21
118.429867,14024,rest,8,7,-3,-3,4,-1,-2,-16
118.429901,14025,rest,-18,12,4,-1,-5,-1,0,-8
118.432498,14026,rest,14,9,-1,0,-2,-3,-7,-3
118.432511,14027,rest,-6,4,1,0,3,0,-1,12
118.444164,14028,rest,34,4,-2,-3,-5,-1,1,-7
118.444188,14029,rest,-13,-33,-5,2,3,0,-2,2
118.446575,14030,rest,3,49,4,-1,-3,-1,1,1
118.446583,14031,rest,2,-52,-1,0,1,0,1,4
118.466713,14032,rest,3,6,0,1,-1,-2,-4,1
118.466737,14033,rest,13,11,0,-1,-1,-1,3,3
118.469143,14034,rest,12,16,2,-4,-2,-2,-1,4
118.469151,14035,rest,16,15,-5,0,0,0,-2,4
118.489805,14036,rest,2,-15,-1,-2,0,1,1,4
118.489837,14037,rest,-6,-5,0,-1,-4,1,-1,-50
118.490460,14038,rest,-24,-2,-6,0,1,-3,-2,9
118.490490,14039,rest,-5,-2,11,1,-1,1,0,5
118.503331,14040,rest,28,-16,-5,-1,1,-3,-8,-2
118.503356,14041,rest,-52,-8,-4,-2,-5,-2,-3,-9
118.511711,14042,rest,-17,0,0,-1,0,1,0,-3
118.511739,14043,rest,1,27,-3,-2,-4,1,-1,5
118.526659,14044,rest,3,8,2,-1,4,0,3,3
118.526695,14045,rest,-19,-20,-1,-2,1,-1,-1,9
118.528670,14046,rest,22,14,0,2,1,0,-1,1
118.528679,14047,rest,-10,-1,-1,-1,0,-2,-2,-4
118.549806,14048,rest,15,2,0,-1,16,-1,0,-4
118.549832,14049,rest,28,10,2,-1,-2,0,-3,31
118.550479,14050,rest,-28,-48,-6,-3,-3,-2,-2,5
118.550506,14051,rest,3,-21,-4,-4,-4,-2,-2,-6
118.564374,14052,rest,-11,7,1,0,1,1,0,1
118.564384,14053,rest,12,3,-1,-3,-1,-1,0,-1
118.571591,14054,rest,22,23,7,6,-6,0,0,-8
118.571626,14055,rest,-36,-10,-15,-4,7,-2,-1,1
118.595798,14056,rest,15,8,4,0,-9,0,0,5
118.595806,14057,rest,-2,-1,-1,-1,2,-2,-3,3
118.595809,14058,rest,-43,16,-3,-1,-9,1,1,-17
118.595812,14059,rest,2,-64,1,1,0,-1,-1,31
118.609997,14060,rest,-6,11,-5,-3,-7,-1,1,4
118.610039,14061,rest,10,-9,2,1,-3,-1,-1,-9
118.613016,14062,rest,-1,8,0,0,10,0,0,-8
118.613023,14063,rest,1,53,0,2,1,-2,-7,17
118.624100,14064,rest,11,-29,-2,0,-5,-1,-1,-5
118.624131,14065,rest,9,7,-1,-1,2,2,-1,12
118.631580,14066,rest,17,-22,-2,-1,-1,-1,-1,10
118.631607,14067,rest,2,50,7,-2,1,1,3,-10
118.646610,14068,rest,-9,11,-2,-1,-6,0,0,3
118.646630,14069,rest,-1,-35,0,1,0,-1,-3,-6
118.647056,14070,rest,9,-28,-1,0,0,0,-1,1
118.647188,14071,rest,6,5,-1,-3,-6,-3,-1,-20
118.669590,14072,rest,15,19,-4,-1,-4,0,1,-9
118.669616,14073,rest,-71,-3,-5,-2,6,-1,0,-1
118.670898,14074,rest,-8,17,1,-3,-2,-2,-2,-3
118.670904,14075,rest,3,-43,-3,-2,-5,-1,-2,-6
118.683255,14076,rest,0,32,-1,-2,17,0,2,6
118.683277,14077,rest,12,-54,0,2,-1,-1,0,-53
118.691443,14078,rest,21,-19,-3,1,8,0,-1,15
118.691461,14079,rest,-25,16,1,-2,-33,-3,0,-7
118.707638,14080,rest,-13,5,2,-3,-7,-1,-1,-7
118.707643,14081,rest,4,44,2,5,1,0,-1,-3
118.707645,14082,rest,2,-2,-2,-1,0,-2,-1,-5
118.707648,14083,rest,24,-9,-2,-1,5,1,2,-3
118.730109,14084,rest,-16,-17,2,3,3,2,-1,38
118.730141,14085,rest,0,14,-2,-3,-6,-1,-1,15
118.732658,14086,rest,0,-16,6,-1,0,0,-2,1
118.732669,14087,rest,37,12,1,2,7,-1,0,6
118.743467,14088,rest,-85,-38,-5,-2,-7,-3,-2,-18
118.743492,14089,rest,39,23,-1,-4,5,-1,7,12
118.751567,14090,rest,-24,-10,-8,-3,-2,-4,-1,1
118.751596,14091,rest,12,11,1,-1,2,1,-2,-7
118.766734,14092,rest,36,20,6,0,-3,-2,-1,-5
118.766767,14093,rest,-24,-69,-5,-2,-4,-3,-2,6
118.768796,14094,rest,-5,6,0,0,1,-1,1,-4
118.768880,14095,rest,14,13,6,0,5,1,1,3
118.789703,14096,rest,9,-9,-2,-1,-7,-1,0,-4
118.789723,14097,rest,-6,47,-3,-4,-1,-3,-4,6
118.790248,14098,rest,3,-21,-1,-1,-2,0,1,-20
118.790258,14099,rest,-12,-33,-2,1,3,-2,-4,-15
118.803358,14100,rest,-39,18,0,0,-1,1,-3,43
118.803435,14101,rest,20,-5,5,0,-3,0,0,2
118.811484,14102,rest,-38,-15,-5,-1,-1,0,1,29
118.811508,14103,rest,2,8,0,-2,2,-2,0,-6
118.826610,14104,rest,13,-5,-4,-3,-1,-1,-2,-24
118.826639,14105,rest,-26,11,4,-3,1,0,0,-4
118.828907,14106,rest,27,-26,-5,-4,-16,-4,-5,5
118.828917,14107,rest,-11,-6,-3,-1,1,0,2,8
118.850397,14108,rest,10,7,-5,-1,-2,-1,1,-3
118.850409,14109,rest,26,38,1,2,-4,0,-2,9
118.850469,14110,rest,1,-23,5,-1,1,1,-1,-14
118.850503,14111,rest,-23,5,-1,-1,0,0,-3,3
118.872154,14112,rest,5,12,0,-4,-4,-3,-1,-17
118.872179,14113,rest,10,-21,-1,2,6,1,8,3
118.874859,14114,rest,-25,18,1,1,3,-1,-1,-5
118.874864,14115,rest,-7,7,-1,-1,-2,-3,-2,-3
118.886490,14116,rest,-7,-17,0,2,2,-3,-1,-3
118.886519,14117,rest,12,5,-6,-2,-2,1,-1,5
118.889030,14118,rest,-12,21,4,-3,-2,2,2,2
118.889035,14119,rest,-9,-17,-3,1,0,-1,-1,-18
118.911828,14120,rest,11,19,0,0,-3,-2,-3,-3
118.911835,14121,rest,21,-4,2,0,-9,-4,-3,-55
118.911838,14122,rest,-3,39,-2,-2,7,-2,-3,5
118.911840,14123,rest,-29,-25,-5,-2,0,1,-1,-7
118.932394,14124,rest,30,-15,0,0,5,0,-3,-3
118.932418,14125,rest,-39,9,0,1,-2,-1,-4,-2
118.934863,14126,rest,25,1,0,-2,-5,0,2,0
118.934872,14127,rest,4,-9,-1,1,1,2,1,5
118.946720,14128,rest,1,-6,-9,-3,0,-2,-2,-8
118.946758,14129,rest,29,2,1,0,3,0,-2,18
118.947094,14130,rest,7,29,-1,1,-2,-3,-2,-2
118.947114,14131,rest,-8,10,3,-2,-1,-2,-1,11
118.977259,14132,rest,-8,-39,2,0,-6,0,1,0
118.977294,14133,rest,5,-21,0,0,6,1,-2,6
118.977746,14134,rest,4,20,-6,-4,-2,0,-1,3
118.977840,14135,rest,28,-12,-4,-1,1,-2,-2,-3
118.992096,14136,rest,-54,9,-1,-4,4,-1,0,-6
118.992118,14137,rest,-39,-8,-1,0,-22,-3,-4,4
118.992764,14138,rest,-1,-40,-3,-2,-2,1,1,-4
118.992792,14139,rest,5,39,2,1,0,-1,2,-11
119.006447,14140,rest,54,19,6,1,-4,1,-1,52
119.006461,14141,rest,4,-32,-2,-3,12,0,0,42
119.007247,14142,rest,-24,1,-5,0,1,0,-2,-2
119.007270,14143,rest,19,5,-3,-3,-13,-2,-4,0
119.029984,14144,rest,-6,9,1,-1,4,-3,-1,-8
119.030019,14145,rest,-17,-6,-1,1,1,-1,0,-11
119.032557,14146,rest,56,29,1,2,-2,-3,-1,4
119.032566,14147,rest,15,2,-2,-3,0,1,1,6
119.053005,14148,rest,9,-4,2,0,0,-1,-4,29
119.053014,14149,rest,14,38,-3,-3,-5,-1,0,-10
119.053017,14150,rest,-26,-66,-2,-2,-2,-2,-1,-59
119.053020,14151,rest,-28,-22,-3,-2,1,-3,-12,6
119.068105,14152,rest,9,-2,-5,3,1,-1,2,-16
119.068112,14153,rest,10,13,1,-3,-1,0,-1,-2
119.068114,14154,rest,-5,20,3,0,3,2,0,14
119.068116,14155,rest,-2,15,-3,-3,-3,-3,2,-2
119.089680,14156,rest,-13,-23,0,1,-1,0,2,-21
119.089714,14157,rest,2,-19,-1,1,-1,-1,-3,1
119.090686,14158,rest,3,33,0,1,11,-1,2,2
119.090691,14159,rest,-1,-44,-2,-4,-34,0,0,7
119.112441,14160,rest,3,21,-3,-5,-10,-1,-2,-10
119.112477,14161,rest,11,-10,-2,-1,3,-2,0,0
119.115171,14162,rest,-5,2,-1,1,-10,-1,-3,9
119.115179,14163,rest,-7,6,0,4,24,-1,3,6
119.126573,14164,rest,1,3,3,2,0,-1,-3,-9
119.126670,14165,rest,14,-5,-2,0,-3,0,0,0
119.128599,14166,rest,-17,-1,3,0,-1,-3,-2,3
119.128604,14167,rest,-7,-8,-1,1,6,1,-2,-3
119.149701,14168,rest,0,7,-1,-2,-3,0,0,-12
119.149719,14169,rest,-18,-26,4,-3,7,-2,-2,1
119.150391,14170,rest,28,1,-16,-1,0,-1,-2,10
119.150410,14171,rest,6,2,4,2,3,-1,-1,-3
119.172196,14172,rest,-7,5,0,-5,-3,-2,4,70
119.172221,14173,rest,-9,17,-6,1,-1,0,-1,5
119.174874,14174,rest,2,-14,4,0,-1,0,-7,-1
119.174882,14175,rest,21,9,2,0,-3,-1,-3,2
119.186622,14176,rest,-14,-34,-9,-3,3,-2,0,-24
119.186650,14177,rest,-9,1,1,0,-2,0,-1,-9
119.189108,14178,rest,1,11,-2,-4,-4,-1,0,1
119.189117,14179,rest,-56,29,-2,0,5,0,1,-8
119.210826,14180,rest,30,-19,-3,1,-2,-1,-3,-15
119.210838,14181,rest,-49,7,7,-1,-1,-2,-2,-2
119.210843,14182,rest,15,-10,2,0,1,-1,0,-5
119.210847,14183,rest,-27,15,-5,-2,-1,0,-1,3
119.232259,14184,rest,8,-43,-6,0,-9,0,0,-10
119.232307,14185,rest,25,19,-5,-3,-4,-3,-3,2
119.232937,14186,rest,2,-4,7,2,1,-2,-1,4
119.232958,14187,rest,1,13,-1,-4,-21,-3,0,-5
119.246645,14188,rest,-16,-12,-1,1,4,1,0,-3
119.246684,14189,rest,10,6,-1,-2,-1,-2,-2,-28
119.247291,14190,rest,-8,12,2,0,-3,0,-1,39
119.247316,14191,rest,1,-33,-2,-5,4,-1,-1,-1
119.269880,14192,rest,-7,22,3,-3,0,-1,-2,-12
119.269906,14193,rest,-9,-18,-3,0,-6,-2,-2,-4
119.271157,14194,rest,-6,17,1,2,6,-1,1,-9
119.271236,14195,rest,32,-10,-4,-3,3,-1,-1,2
119.292125,14196,rest,-28,2,1,-1,1,-2,-7,-28
119.292151,14197,rest,7,10,-4,-2,4,1,-1,14
119.292917,14198,rest,1,-19,-2,0,-4,0,1,-3
119.292941,14199,rest,2,21,1,-1,2,0,0,2
119.306555,14200,rest,6,-16,-2,1,-11,0,0,-9
119.306620,14201,rest,36,13,1,0,-7,-1,0,4
119.307276,14202,rest,-16,-9,-4,0,0,-1,-2,-9
119.307303,14203,rest,44,12,7,1,2,-1,0,0
119.329590,14204,rest,-34,33,-1,-1,2,0,0,-1
119.329612,14205,rest,-2,-35,-5,2,2,-1,-1,5
119.330891,14206,rest,7,-3,-3,-5,-5,0,1,-1
119.330904,14207,rest,9,-9,-3,0,0,-1,1,2
119.352212,14208,rest,10,24,1,-1,1,-1,0,0
119.352255,14209,rest,-19,-23,3,-2,0,-1,-1,2
119.352766,14210,rest,5,6,2,-4,-4,-1,0,-9
119.352817,14211,rest,-28,-33,-10,2,3,-2,-2,-5
119.367585,14212,rest,15,21,2,0,2,-1,-1,8
119.367591,14213,rest,-3,-8,-1,-2,10,0,-2,-11
119.367593,14214,rest,-3,8,-1,2,-29,-1,-3,86
119.367595,14215,rest,2,-5,0,-2,2,0,0,10
119.389528,14216,rest,13,-14,-1,0,1,-1,-6,27
119.389556,14217,rest,-1,7,2,1,1,-1,-1,-1
119.390575,14218,rest,11,-9,-1,-1,8,-2,1,-21
119.390580,14219,rest,-51,0,-4,-2,-3,-2,0,-10
119.412444,14220,rest,14,-16,0,-2,-5,-1,-1,3
119.412524,14221,rest,-13,30,-3,-2,-1,-1,0,-2
119.414859,14222,rest,-2,-13,-3,-1,6,-2,-1,-17
119.414868,14223,rest,20,19,3,0,-5,1,0,0
119.426486,14224,rest,27,-18,-3,-2,2,-2,-1,-20
119.426515,14225,rest,-10,11,0,1,0,0,-1,1
119.428194,14226,rest,12,-31,1,2,2,-1,1,-14
119.428200,14227,rest,-52,-2,0,0,1,-1,-2,1
119.449637,14228,rest,0,18,1,0,-1,0,0,4
119.449687,14229,rest,-7,7,0,0,13,0,3,42
119.450533,14230,rest,1,5,1,1,0,1,-2,-4
119.450553,14231,rest,13,10,4,0,-2,0,-2,-6
119.472386,14232,rest,13,-5,-2,-2,0,-1,2,1
119.472417,14233,rest,-40,0,-5,-4,-7,-2,-4,-5
119.474303,14234,rest,-16,11,-3,-2,3,-2,1,5
119.474308,14235,rest,12,-26,-1,1,2,0,2,-12
119.485867,14236,rest,-15,8,0,-1,-2,-1,2,-2
119.485892,14237,rest,20,-6,-5,-2,-7,0,2,-14
119.494001,14238,rest,-2,19,0,-2,-1,-2,0,-11
119.494037,14239,rest,16,8,-4,-1,-4,-3,-4,-8
119.510386,14240,rest,6,-6,6,1,-4,-1,1,8
119.510393,14241,rest,6,-18,-3,1,-2,0,-1,-5
119.510802,14242,rest,-35,17,2,-1,1,-1,-3,-9
119.510816,14243,rest,45,-40,1,0,-1,0,0,13
119.532665,14244,rest,-77,-34,-7,-2,3,-2,-3,-15
119.532685,14245,rest,8,33,-1,-1,-4,0,1,-4
119.534230,14246,rest,1,-19,1,0,0,-1,-1,-10
119.534239,14247,rest,9,14,-2,1,2,-1,-1,-6
119.546137,14248,rest,33,30,3,-1,-3,-3,1,7
119.546176,14249,rest,-1,-14,4,0,-3,-1,-1,-28
119.554069,14250,rest,-18,-13,-3,-2,10,1,-4,26
119.554095,14251,rest,1,20,1,-1,-3,1,-2,1
119.569684,14252,rest,13,-28,-1,1,1,-2,1,-9
119.569713,14253,rest,-36,-13,-1,-1,1,-1,-2,-3
119.571568,14254,rest,30,22,-4,-2,-3,0,0,-15
119.571591,14255,rest,-19,-28,2,1,0,-1,-2,-3
119.592204,14256,rest,4,-2,-2,-2,0,-2,0,8
119.592230,14257,rest,19,-11,4,0,-8,0,-1,20
119.592969,14258,rest,-16,-13,0,1,0,-2,-4,-11
119.594525,14259,rest,-5,21,-3,-2,0,-2,-1,7
119.614637,14260,rest,-4,30,-1,-2,-4,1,2,-2
119.614668,14261,rest,13,-20,0,1,-1,0,0,1
119.616445,14262,rest,-5,-4,-5,-3,-8,1,1,-13
119.616454,14263,rest,-12,5,0,0,4,0,1,-2
119.630003,14264,rest,10,-7,-2,-2,2,0,-3,-7
119.630035,14265,rest,-6,2,-3,-3,-3,-1,-3,6
119.632608,14266,rest,29,6,3,2,-1,-1,-1,0
119.632614,14267,rest,-21,1,-3,-2,-3,-2,-2,-3
119.652035,14268,rest,-7,0,0,-2,0,0,0,-21
119.652059,14269,rest,12,8,0,1,0,1,-5,21
119.652748,14270,rest,14,-1,4,1,-4,-1,2,3
119.652770,14271,rest,-7,26,-3,-2,-2,-3,-1,-53
119.665927,14272,rest,-12,-54,-5,-2,4,-1,-3,-5
119.665954,14273,rest,-10,0,0,-4,-11,-4,-2,-13
119.674218,14274,rest,1,-8,-3,-3,-4,-2,-3,-3
119.674249,14275,rest,-6,5,-3,-3,-6,0,-3,9
119.689711,14276,rest,6,20,-1,-2,-6,-1,-2,9
119.689743,14277,rest,9,13,-3,-1,7,1,5,-6
119.691082,14278,rest,-23,-10,3,0,2,0,-4,-5
119.691087,14279,rest,53,30,3,-1,-2,1,1,10
119.712353,14280,rest,-32,-39,-5,-3,2,-1,-2,5
119.712392,14281,rest,-38,0,3,-1,-3,-4,0,3
119.715074,14282,rest,-1,-7,-6,-2,-1,0,3,-5
119.715081,14283,rest,-15,-16,0,2,4,-2,-1,9
119.726233,14284,rest,13,23,6,4,0,1,-1,2
119.726264,14285,rest,14,4,-7,-2,-1,1,-2,-3
119.734000,14286,rest,-14,-6,2,-2,-2,-1,0,-1
119.734020,14287,rest,23,-7,-3,-3,0,-2,-2,14
119.749638,14288,rest,1,46,3,-1,0,0,-1,-22
119.749660,14289,rest,-5,-79,-7,-2,-3,0,-2,3
119.750343,14290,rest,-39,-8,1,1,7,0,-1,-2
119.750363,14291,rest,16,9,-7,-1,-5,1,2,6
119.772099,14292,rest,-18,-12,0,0,6,-3,-3,-7
119.772128,14293,rest,21,14,2,-2,-1,-1,-1,-2
119.773656,14294,rest,10,11,-3,-1,0,-2,-2,-7
119.773749,14295,rest,-14,-12,2,-1,1,-1,0,4
119.785873,14296,rest,5,8,-1,0,-4,-1,-1,30
119.785899,14297,rest,3,10,-1,-1,-1,-3,-1,-21
119.795594,14298,rest,14,-10,-3,0,-3,0,-5,30
119.795601,14299,rest,-19,8,-2,-1,-1,0,-1,5
119.811282,14300,rest,31,18,3,0,-9,-1,0,0
119.811327,14301,rest,-33,-53,-3,-4,1,-4,2,-24
119.811330,14302,rest,-4,5,-1,-1,4,-1,-2,-12
119.811332,14303,rest,-12,-14,-2,-1,0,0,-1,-12
119.832233,14304,rest,8,24,-5,0,-2,1,1,11
119.832260,14305,rest,9,21,5,4,0,1,0,9
119.833859,14306,rest,8,-4,-5,-3,-4,-2,1,-7
119.833865,14307,rest,14,-5,1,1,3,0,-1,6
119.854597,14308,rest,-20,-71,-1,-1,2,-1,0,-6
119.854622,14309,rest,0,40,0,-1,-3,0,-6,6
119.857434,14310,rest,-28,-8,-1,0,4,-2,1,-30
119.857441,14311,rest,2,13,1,0,-1,-1,-3,2
119.868325,14312,rest,-2,16,1,3,-2,-1,-2,-4
119.868354,14313,rest,15,6,2,0,-2,-1,-2,0
119.879144,14314,rest,19,-38,-2,-3,-5,-2,-1,-4
119.879154,14315,rest,-26,-3,-1,-1,-1,0,-1,-8
119.892103,14316,rest,-1,-17,-1,1,2,-1,-1,29
119.892129,14317,rest,15,9,-2,-2,-4,-1,-2,2
119.892897,14318,rest,25,61,-1,-1,15,0,0,1
119.892921,14319,rest,-7,-17,0,-2,-2,-3,0,-3
119.914728,14320,rest,-4,2,-2,0,1,-4,-1,-6
119.914753,14321,rest,-15,7,-2,-2,-8,-1,-3,0
119.916613,14322,rest,-11,-31,-4,-5,-1,-1,-1,6
119.916622,14323,rest,8,11,3,0,1,-1,0,1
119.929788,14324,rest,-7,-32,1,-4,-6,-1,-1,-6
119.929809,14325,rest,9,-24,-5,0,4,0,0,5
119.932074,14326,rest,43,27,5,-1,-4,-3,-2,-3
119.932093,14327,rest,-53,-16,-6,-1,-5,1,-8,-1
119.953616,14328,rest,14,19,-2,-2,3,-2,-4,-11
119.953623,14329,rest,-3,19,-5,-1,1,-1,-1,-5
119.953673,14330,rest,6,-8,5,-1,-10,1,0,10
119.953699,14331,rest,11,3,4,2,4,-2,-1,1
119.974723,14332,rest,-10,8,1,-1,-4,0,0,1
119.974750,14333,rest,21,13,5,2,2,0,-2,3
119.976328,14334,rest,-59,-18,-11,-4,-8,-4,2,-50
119.976333,14335,rest,-22,-35,-2,-3,-1,-2,-2,3
119.988372,14336,rest,-11,-1,-1,-1,0,-2,1,-7
119.988396,14337,rest,-9,9,-4,-3,-2,-4,0,-27
119.998252,14338,rest,25,14,6,1,1,-2,2,7
119.998259,14339,rest,13,25,1,-1,13,0,1,-25
120.012383,14340,rest,-4,-49,-2,0,-2,0,-4,-1
120.012416,14341,rest,12,-3,-1,0,0,0,0,-13
120.014608,14342,rest,-24,12,0,2,-1,0,-2,11
120.014616,14343,rest,7,-10,-5,-3,2,-3,-1,-1
120.034805,14344,rest,-11,18,2,-4,-29,-2,-2,1
120.034827,14345,rest,11,4,1,2,8,-2,2,5
120.036185,14346,rest,-4,-10,-5,-3,-3,1,-1,3
120.036204,14347,rest,-29,7,1,1,-9,-2,3,16
120.048427,14348,rest,-3,1,-3,-2,8,-2,-3,-7
120.048457,14349,rest,7,3,-7,-3,-6,0,0,12
120.057668,14350,rest,-15,4,4,0,2,-2,-2,5
120.057674,14351,rest,19,-3,-1,-2,1,-2,0,-7
120.072297,14352,rest,40,7,2,3,7,0,2,1
120.072323,14353,rest,-60,-24,-7,-5,-2,-2,-2,-6
120.075011,14354,rest,7,-7,-1,1,-1,-2,-4,0
120.075016,14355,rest,26,0,-1,1,-3,1,-2,60
120.095095,14356,rest,33,76,3,4,5,0,-1,0
120.095104,14357,rest,-8,-83,0,0,-8,-2,-5,6
120.096515,14358,rest,12,-5,-5,-1,8,-3,0,2
120.096554,14359,rest,-9,-5,-1,-2,-5,-2,-1,-14
120.110245,14360,rest,4,32,-4,-4,-3,-2,-3,-1
120.110250,14361,rest,14,6,4,0,-1,0,1,-2
120.118403,14362,rest,-24,-8,1,0,15,2,-2,14
120.118409,14363,rest,17,-10,-4,-4,-8,-1,-2,-13
120.132168,14364,rest,-27,4,-3,0,5,-1,0,-8
120.132197,14365,rest,2,8,-2,-6,-1,0,0,-8
120.133690,14366,rest,5,-8,1,0,-6,0,0,-3
120.133718,14367,rest,16,15,0,1,3,0,-4,-7
120.154706,14368,rest,-33,-35,-3,-2,-3,0,1,3
120.157295,14369,rest,29,28,1,-1,4,-1,-1,10
120.157302,14370,rest,-10,15,-5,-1,-9,0,-1,-4
120.157304,14371,rest,11,-21,0,-1,-4,-3,-3,-6
120.169060,14372,rest,11,9,0,-2,0,-1,0,-3
120.169088,14373,rest,-22,-9,-8,-3,5,-2,-3,2
120.176327,14374,rest,16,28,2,-2,-5,-1,0,1
120.176358,14375,rest,-3,-21,0,-1,-10,0,2,-12
120.192003,14376,rest,0,-7,-1,-1,3,-1,-6,-1
120.192027,14377,rest,12,12,1,-1,-5,-4,-3,-35
120.193532,14378,rest,16,7,1,1,-1,2,0,7
120.193552,14379,rest,-15,-6,-3,1,0,-1,-3,-3
120.214939,14380,rest,0,-16,-1,-1,-2,-2,-2,5
120.217477,14381,rest,3,15,2,-1,-1,-1,1,3
120.217709,14382,rest,-8,-12,-2,0,-5,-3,-1,2
120.217712,14383,rest,3,34,2,0,1,1,4,1
120.229119,14384,rest,-6,-7,-3,-4,-2,-2,0,-9
120.229162,14385,rest,-44,-57,1,4,4,1,-4,5
120.235932,14386,rest,-22,-12,-17,-9,-5,-5,-3,-3
120.236004,14387,rest,17,9,1,6,19,3,3,6
120.252147,14388,rest,-36,13,4,-3,-32,-2,0,2
120.252156,14389,rest,-5,4,3,0,-1,-1,2,-13
120.253533,14390,rest,1,-23,-2,1,-1,-1,-2,-7
120.253550,14391,rest,7,3,-1,-2,-8,-3,-1,-9
120.274837,14392,rest,9,-15,-7,-1,9,0,0,-1
120.274868,14393,rest,0,9,0,1,1,-1,-2,7
120.277634,14394,rest,1,0,0,-2,-6,0,-2,-5
120.277704,14395,rest,-8,2,-2,-4,-1,-2,-2,0
120.288900,14396,rest,-3,-7,-2,-1,5,0,1,2
120.288919,14397,rest,2,9,0,-1,-3,-1,-1,11
120.295863,14398,rest,17,7,1,2,4,0,2,-1
120.295895,14399,rest,-9,-7,-2,-2,-5,-2,-7,-57
122.313478,14400,clench,-82,-97,23,7,0,-34,-29,10
122.314215,14401,clench,23,46,17,3,18,-12,21,-20
122.322561,14402,clench,-22,-18,-61,3,-62,-47,-105,-50
122.322574,14403,clench,24,91,63,-1,23,73,93,41
122.336935,14404,clench,17,-3,2,0,29,-4,-25,12
122.336948,14405,clench,-5,-25,10,-9,-40,-2,-58,-3
122.338932,14406,clench,-14,45,-33,19,40,-63,-69,21
122.338992,14407,clench,-55,59,19,-12,-25,61,-26,-52
122.359664,14408,clench,25,-49,12,-3,-29,17,93,42
122.359687,14409,clench,59,-72,-8,-4,14,8,-13,34
122.361757,14410,clench,-20,63,23,2,7,-8,50,-38
122.361766,14411,clench,-5,54,36,19,1,-57,-95,50
122.373116,14412,clench,-39,-11,5,1,15,23,41,46
122.373141,14413,clench,-22,-39,-15,3,-14,-20,28,-31
122.383163,14414,clench,70,18,31,-10,-16,22,19,43
122.383170,14415,clench,-55,-63,-41,-3,-3,-16,-70,-50
122.399257,14416,clench,-25,34,-6,-9,-3,-20,44,-19
122.399270,14417,clench,-18,44,22,17,14,-1,-5,26
122.399273,14418,clench,2,31,4,-5,5,37,73,39
122.399275,14419,clench,25,-75,-14,2,-19,-7,-35,-21
122.419536,14420,clench,19,3,17,10,24,-7,-28,-7
122.419561,14421,clench,-38,-26,-21,-7,-60,-11,-37,8
122.421462,14422,clench,49,-73,-6,-8,51,7,14,14
122.421467,14423,clench,6,12,17,7,1,5,95,17
122.433231,14424,clench,0,-1,-7,-1,6,-9,-75,-65
122.433251,14425,clench,25,43,15,2,-1,6,8,-19
122.443579,14426,clench,-56,-5,-18,-9,-12,7,56,32
122.443586,14427,clench,-12,8,-1,2,-6,-34,-43,-22
122.457099,14428,clench,9,-92,-17,5,-7,-1,-9,-3
122.457129,14429,clench,24,127,90,16,37,31,25,11
122.460360,14430,clench,20,-100,27,3,1,-14,4,1
122.460367,14431,clench,-32,8,-62,-21,-5,26,17,-30
122.479855,14432,clench,40,64,34,-2,-36,-2,40,3
122.479878,14433,clench,-63,-69,-30,1,4,-5,-69,-46
122.482223,14434,clench,23,-3,-11,1,24,6,-55,-7
122.482231,14435,clench,19,-54,-16,-2,-3,-12,82,-23
122.493385,14436,clench,-49,-22,3,-9,-15,-14,-97,-29
122.493412,14437,clench,-3,-24,-16,-8,11,22,120,-13
122.503038,14438,clench,24,-109,-8,-7,-25,6,-27,43
122.503046,14439,clench,-23,60,12,9,-6,-21,-22,13
122.517212,14440,clench,-26,115,4,-10,-7,-5,42,14
122.517237,14441,clench,26,-55,17,2,15,33,-44,11
122.518559,14442,clench,-46,27,0,0,3,-8,-3,-39
122.518568,14443,clench,1,-82,-40,-12,-40,-19,-48,11
122.539439,14444,clench,-14,20,-21,6,-4,-8,-5,-15
122.539461,14445,clench,0,-41,-2,9,12,-2,4,-3
122.541374,14446,clench,24,-31,1,-9,3,25,34,51
122.541493,14447,clench,-21,12,12,-4,-1,-16,-11,-9
122.553188,14448,clench,25,-17,-6,-2,-1,-2,-11,-6
122.553197,14449,clench,-1,97,-5,0,-5,-11,-20,16
122.565349,14450,clench,-4,-45,21,0,-2,2,14,-10
122.565358,14451,clench,5,45,-5,-2,3,-14,-14,41
122.577196,14452,clench,30,-93,4,-6,-10,15,10,-9
122.577220,14453,clench,14,-17,-5,-6,-2,-4,-19,6
122.578886,14454,clench,-9,75,-9,4,-18,-45,-44,-42
122.578892,14455,clench,30,-41,-19,-1,22,23,38,-14
122.599589,14456,clench,11,3,10,3,-13,18,-9,0
122.599609,14457,clench,63,14,5,-1,-12,-12,15,2
122.601244,14458,clench,-29,-2,-31,0,25,6,-10,-6
122.601269,14459,clench,-26,-122,-22,-5,-20,-22,-34,-3
122.622068,14460,clench,-5,72,-8,3,22,30,51,-46
122.622089,14461,clench,12,-46,-17,-8,1,3,-8,12
122.623544,14462,clench,-1,-11,3,2,-3,3,-3,-10
122.623552,14463,clench,-25,-7,11,7,10,-2,9,16
122.637264,14464,clench,2,-69,-11,-5,11,-6,-8,17
122.638877,14465,clench,-25,109,2,-3,-1,16,-6,-3
122.638884,14466,clench,20,106,15,1,-30,-21,13,21
122.638887,14467,clench,24,-74,-41,-5,8,-7,-2,-30
122.659462,14468,clench,-77,95,54,14,17,-6,-39,6
122.659480,14469,clench,18,-79,-4,-1,-7,4,72,15
122.660954,14470,clench,-17,-43,-10,-7,4,9,-24,-13
122.660970,14471,clench,-33,-4,3,3,7,9,12,34
122.682213,14472,clench,29,-10,-11,-1,-4,-9,-21,-7
122.682241,14473,clench,-33,3,3,-2,1,-24,-4,10
122.683994,14474,clench,-15,-22,-6,1,4,13,-6,5
122.684001,14475,clench,-14,-29,20,11,12,-19,20,-13
122.697056,14476,clench,-1,-90,-16,-13,-2,-2,-31,-53
122.699064,14477,clench,21,22,90,-3,-26,19,73,12
122.699074,14478,clench,40,-88,-19,-12,0,16,-31,-26
122.699076,14479,clench,-49,-58,1,-5,-2,2,-21,-34
122.719520,14480,clench,31,-50,-24,-6,-23,-12,5,7
122.719545,14481,clench,-16,3,-31,2,21,-11,-29,11
122.721419,14482,clench,-4,35,10,4,9,8,25,4
122.721432,14483,clench,16,14,4,-6,-12,-5,17,4
122.742327,14484,clench,-9,32,3,3,6,-4,-13,11
122.742349,14485,clench,-23,-3,-18,-3,-13,1,-28,0
122.744129,14486,clench,3,11,3,0,-12,-22,9,5
122.744134,14487,clench,0,-89,-50,3,45,12,-48,0
122.756953,14488,clench,19,99,84,9,-27,32,91,31
122.756979,14489,clench,67,-7,9,-9,-13,-11,-27,39
122.759105,14490,clench,-31,-55,-14,-7,-8,1,5,-63
122.759115,14491,clench,10,-18,0,-6,-26,-22,-1,34
122.779690,14492,clench,6,-58,-36,2,21,1,-28,15
122.779724,14493,clench,-55,-24,-10,3,8,-11,14,-5
122.782116,14494,clench,18,45,14,4,12,14,-5,11
122.782123,14495,clench,7,22,5,-5,-11,-3,3,-12
122.802169,14496,clench,6,-25,-10,-4,-5,-10,-8,-2
122.802196,14497,clench,-7,97,-11,1,10,1,-2,-9
122.803464,14498,clench,1,-28,-17,-5,-9,-9,-13,10
122.803576,14499,clench,1,-14,2,10,10,-42,-40,-12
122.816359,14500,clench,-40,112,88,24,-6,37,38,-11
122.816466,14501,clench,74,-126,-43,-21,-20,12,-45,0
122.823267,14502,clench,-33,-119,-45,-10,-18,-40,-40,-44
122.823298,14503,clench,42,-26,3,-10,-9,52,30,5
122.839539,14504,clench,-37,-42,-40,-4,3,-50,-62,-21
122.839565,14505,clench,-18,-30,-2,6,-4,-12,10,-10
122.840969,14506,clench,23,70,36,7,15,20,19,24
122.841037,14507,clench,-5,39,7,3,3,-5,7,55
122.864849,14508,clench,8,-14,-21,-6,-2,-4,-12,1
122.864858,14509,clench,-31,16,9,6,3,7,12,-9
122.865240,14510,clench,28,8,-7,-3,2,-7,4,20
122.865257,14511,clench,-9,38,15,-1,0,6,12,-23
122.878529,14512,clench,6,12,-17,-2,7,-3,-10,22
122.878537,14513,clench,-21,1,11,3,7,-20,-30,-10
122.883592,14514,clench,10,30,5,5,16,8,47,16
122.883613,14515,clench,-23,-56,6,-11,-20,-8,-21,-28
122.899541,14516,clench,23,-9,-1,-10,-36,3,16,15
122.899563,14517,clench,7,20,-12,-1,44,2,4,8
122.901155,14518,clench,-16,56,36,9,-12,-1,-1,-7
122.901244,14519,clench,9,24,-3,-1,5,9,8,-9
122.922205,14520,clench,4,-32,-19,-4,13,-9,-14,31
122.922236,14521,clench,-22,-19,9,7,-3,-4,10,-11
122.924110,14522,clench,16,-30,-21,-3,5,4,-10,23
122.924119,14523,clench,-11,-43,-11,0,1,-10,2,14
122.936448,14524,clench,23,85,31,1,-1,6,36,-19
122.936481,14525,clench,-59,53,-7,6,4,3,-20,9
122.943620,14526,clench,-15,-97,-2,-10,-14,-7,-9,-4
122.943650,14527,clench,22,25,2,-2,5,-8,-10,-19
122.959528,14528,clench,-2,-78,-37,-9,-14,26,-19,14
122.959556,14529,clench,4,-26,-2,0,-5,-2,-4,-22
122.961003,14530,clench,5,34,0,0,-6,-3,14,4
122.962013,14531,clench,-26,-17,5,0,3,2,6,8
122.982438,14532,clench,15,-89,-18,-3,11,-15,-19,-16
122.982461,14533,clench,-9,70,56,8,-6,1,14,-6
122.983958,14534,clench,1,-27,-36,3,8,-5,-21,5
122.983966,14535,clench,-9,121,52,0,12,13,78,52
122.996660,14536,clench,47,-60,6,-17,-26,5,-59,-20
122.996701,14537,clench,23,-81,-31,-5,1,-7,-23,-38
123.003074,14538,clench,-14,-71,-9,0,-21,-20,28,25
123.003092,14539,clench,6,11,1,7,10,12,-7,-31
123.019477,14540,clench,-11,5,-10,3,5,-13,15,3
123.019501,14541,clench,-40,-2,-7,-2,-3,5,18,28
123.021140,14542,clench,20,45,13,5,13,9,-53,-18
123.021165,14543,clench,27,-33,-4,-2,-9,-4,-7,-1
123.042220,14544,clench,-19,10,-1,4,6,-10,-5,-1
123.042243,14545,clench,14,26,-28,-3,-14,-3,3,-13
123.044209,14546,clench,-19,-41,19,6,18,1,13,10
123.044218,14547,clench,-27,102,28,3,-4,-13,-33,-30
123.056318,14548,clench,-14,36,-13,-15,-17,7,24,-5
123.056342,14549,clench,36,-62,-11,-1,3,2,14,5
123.063223,14550,clench,-3,15,-3,-4,-13,11,30,0
123.063242,14551,clench,35,-6,-24,-6,-7,-3,-1,-8
123.081778,14552,clench,-17,-19,-10,6,18,-8,-14,-35
123.081787,14553,clench,-3,-21,1,-2,-3,4,7,26
123.081789,14554,clench,1,11,0,-2,-5,-5,-1,-4
123.081792,14555,clench,3,-39,-28,-5,-8,-10,-20,-6
123.102092,14556,clench,-16,-57,16,8,24,2,-8,7
123.102115,14557,clench,20,-77,-7,-5,-7,9,34,-8
123.103968,14558,clench,-14,110,17,0,-5,-4,-15,11
123.103973,14559,clench,5,-47,-20,-17,-23,10,-2,-16
123.116492,14560,clench,23,2,7,1,-2,-6,-20,17
123.116512,14561,clench,-31,36,-8,-5,-2,-12,-18,-8
123.123611,14562,clench,16,-4,4,-2,3,-6,-16,-12
123.123634,14563,clench,-28,11,5,2,-4,12,46,28
123.139532,14564,clench,11,24,-7,-1,-1,-11,-39,3
123.139556,14565,clench,-3,-15,0,-3,-14,-7,9,-23
123.140947,14566,clench,-10,-51,-34,-5,33,7,13,-4
123.140961,14567,clench,4,-51,12,10,-13,-19,2,-33
123.161929,14568,clench,29,23,23,4,6,7,36,2
123.161941,14569,clench,-57,-42,-6,-2,-2,5,-31,3
123.163620,14570,clench,22,-57,4,-1,-18,-13,-6,-12
123.163641,14571,clench,-15,-15,-20,1,21,12,-18,-4
123.176284,14572,clench,-19,27,-8,2,-13,-15,-23,-5
123.176294,14573,clench,20,9,-4,-13,-5,14,36,-8
123.186036,14574,clench,13,-33,-2,0,-8,8,-6,-3
123.186043,14575,clench,-50,8,1,-3,1,-4,0,11
123.199584,14576,clench,-1,52,-8,-1,-4,-12,-6,-5
123.199603,14577,clench,9,20,7,5,6,3,-14,3
123.201249,14578,clench,-24,-28,-5,2,0,0,32,11
123.201291,14579,clench,20,2,15,5,7,-3,-41,19
123.223259,14580,clench,-9,-43,-10,-3,-5,3,2,0
123.223264,14581,clench,-16,54,6,-4,3,-6,-7,-13
123.223536,14582,clench,5,-29,0,-4,-9,1,19,5
123.223547,14583,clench,11,6,10,5,1,-10,0,-6
123.235908,14584,clench,-9,-43,-8,0,6,9,3,-18
123.235929,14585,clench,13,13,-5,1,16,4,6,16
123.247539,14586,clench,9,48,8,-1,-14,-5,-47,32
123.247554,14587,clench,20,15,10,-1,1,17,22,-3
123.259537,14588,clench,-7,3,4,-1,3,4,17,11
123.259564,14589,clench,1,2,4,7,4,-10,-10,1
123.260974,14590,clench,-50,-48,-22,-9,-5,-8,-6,-22
123.260979,14591,clench,9,10,27,8,2,5,-2,-4
123.282058,14592,clench,-5,18,6,-5,2,-6,-1,6
123.282079,14593,clench,5,-59,2,5,-16,2,-16,-10
123.283814,14594,clench,12,41,8,-4,1,2,-3,-21
123.283825,14595,clench,6,-51,-21,-6,-11,-4,-5,9
123.295885,14596,clench,4,-44,-17,-6,11,0,17,-14
123.295924,14597,clench,10,71,28,6,-1,-11,-34,5
123.305690,14598,clench,9,65,-3,2,-4,5,20,-3
123.305700,14599,clench,13,-4,-11,-4,-2,-1,-15,12
123.319492,14600,clench,-13,-15,16,-1,1,3,35,-10
123.319557,14601,clench,20,-102,-38,-10,-3,-8,-48,-14
123.321044,14602,clench,-19,28,18,6,2,-10,-29,5
123.321087,14603,clench,0,-7,-8,-7,-26,-8,41,24
123.342298,14604,clench,23,89,18,2,3,11,-21,4
123.342315,14605,clench,-34,-49,-5,-1,9,15,24,-3
123.344529,14606,clench,3,-11,9,-4,-5,4,9,31
123.344537,14607,clench,-9,59,-3,-3,-3,-4,-5,-20
123.355716,14608,clench,-1,-52,-19,-2,-11,-19,-15,-7
123.355741,14609,clench,0,36,5,2,-5,-8,34,-6
123.364881,14610,clench,4,14,1,0,11,8,-12,-8
123.364889,14611,clench,-6,-8,-11,0,5,4,-3,-4
123.379662,14612,clench,-3,55,26,-1,-6,-1,1,-3
123.379708,14613,clench,-2,-39,3,-1,2,0,-12,-5
123.381318,14614,clench,-2,42,-16,4,13,0,3,-18
123.381345,14615,clench,-4,-30,-38,-6,-14,-18,-12,6
123.402071,14616,clench,7,96,4,-9,-12,16,24,7
123.402097,14617,clench,11,-21,8,5,1,0,-7,-4
123.403882,14618,clench,2,7,6,-7,-13,-3,-2,1
123.403887,14619,clench,-3,-27,-11,2,4,-27,-24,-7
123.415749,14620,clench,-9,-30,-5,5,10,11,15,16
123.415771,14621,clench,22,48,-14,-4,-4,8,18,35
123.426442,14622,clench,-52,-59,-6,-3,-2,-1,-26,-12
123.426449,14623,clench,4,26,14,-1,-4,5,26,4
123.439501,14624,clench,5,-28,-6,3,3,-16,-8,-5
123.439524,14625,clench,-1,19,6,-4,-3,-2,-6,-4
123.442426,14626,clench,5,-62,-13,2,13,7,-9,-20
123.442433,14627,clench,-10,4,23,6,4,6,57,-6
123.462231,14628,clench,-10,-17,10,0,-1,5,-43,2
123.462268,14629,clench,10,3,5,2,-2,-6,-8,27
123.465246,14630,clench,12,19,-15,-6,-7,-2,17,-4
123.465258,14631,clench,7,-44,-11,-1,9,13,-14,-7
123.475601,14632,clench,-10,-7,-4,-1,-5,-17,-10,-3
123.475624,14633,clench,-10,-13,-2,-6,-8,4,15,-13
123.485742,14634,clench,-10,2,9,5,-8,-18,-7,5
123.485747,14635,clench,11,43,3,-2,7,14,-19,0
123.499726,14636,clench,-3,-49,-17,-1,9,-5,16,-12
123.499760,14637,clench,2,11,-4,-3,-20,-3,-11,-10
123.501364,14638,clench,10,41,27,-2,-5,-10,9,8
123.501377,14639,clench,-5,32,9,0,0,18,-5,-3
123.522022,14640,clench,-14,7,-14,0,-8,-14,8,5
123.522046,14641,clench,20,-115,-31,-4,16,6,9,14
123.523549,14642,clench,2,94,24,6,10,18,-20,0
123.523593,14643,clench,-18,-10,-5,-5,-5,1,23,-13
123.536187,14644,clench,11,-48,-16,-3,-4,4,-9,13
123.536197,14645,clench,7,36,-6,1,-4,-8,-7,-12
123.546854,14646,clench,6,-13,1,7,4,1,22,1
123.546862,14647,clench,1,-6,1,-4,9,-11,-33,-7
123.559493,14648,clench,-4,-27,-2,-5,5,8,9,16
123.561035,14649,clench,-12,23,8,-7,-8,-17,28,4
123.561044,14650,clench,-7,86,5,1,13,19,3,-3
123.561046,14651,clench,9,80,5,-2,-11,-3,-46,6
123.582072,14652,clench,10,0,-4,2,-1,-4,-4,-1
123.582185,14653,clench,-14,12,14,-1,-13,-12,-12,-9
123.583612,14654,clench,21,-107,-24,-3,-2,13,42,-8
123.583637,14655,clench,4,19,6,0,9,3,-17,-7
123.604568,14656,clench,-14,-2,-22,-10,-10,-2,14,-7
123.604590,14657,clench,-8,26,56,15,12,3,-9,-24
123.606454,14658,clench,-5,0,-9,-4,-2,-6,-8,5
123.606460,14659,clench,-4,-48,-2,2,4,1,0,-5
123.619507,14660,clench,-6,4,-7,-5,-10,0,-10,-10
123.619529,14661,clench,-14,-41,-19,-4,7,-4,-7,-14
123.621572,14662,clench,3,66,9,-2,-9,-5,-9,-2
123.621579,14663,clench,-2,-28,-1,1,-3,-6,7,-12
123.643864,14664,clench,13,-38,11,1,-3,-1,-5,18
123.643869,14665,clench,0,110,-4,1,-1,-5,22,12
123.643872,14666,clench,11,-34,-8,-7,12,13,-25,-6
123.643874,14667,clench,-16,-1,0,1,-11,-1,7,39
123.664644,14668,clench,17,11,-5,0,-11,-12,-9,-39
123.664669,14669,clench,-5,-46,-6,-2,5,11,14,4
123.666193,14670,clench,11,-37,18,5,9,-6,-12,8
123.666223,14671,clench,-9,84,-5,4,3,-7,17,-15
123.679848,14672,clench,9,-91,0,-2,-6,-6,-3,1
123.679879,14673,clench,-16,-11,-6,-1,-14,-7,-22,-45
123.682219,14674,clench,-26,107,0,-4,2,8,34,1
123.682231,14675,clench,14,-35,6,-2,-1,8,6,5
123.702121,14676,clench,2,23,0,0,7,2,-3,3
123.702139,14677,clench,20,-31,-4,0,-7,-8,-5,0
123.703580,14678,clench,-25,-80,-11,2,-5,-7,-17,-8
123.703598,14679,clench,0,-27,-13,-5,0,11,8,-10
123.724423,14680,clench,-14,51,15,6,4,-3,17,-8
123.724446,14681,clench,9,1,-19,-7,9,-6,7,-15
123.727921,14682,clench,-18,-57,-10,8,-12,6,-63,0
123.727927,14683,clench,25,0,-4,-6,2,-11,5,8
123.739047,14684,clench,-11,34,-3,2,2,14,4,-11
123.739070,14685,clench,7,36,6,-2,6,9,29,31
123.745852,14686,clench,12,-6,-2,-4,-4,-23,-11,1
123.745878,14687,clench,3,13,-16,-1,4,15,-6,19
123.762260,14688,clench,9,-25,18,0,-5,-7,-57,12
123.762298,14689,clench,-25,10,-13,0,11,3,45,8
123.764956,14690,clench,0,66,52,6,-19,-6,9,-17
123.764965,14691,clench,-6,-65,-5,0,8,0,-2,-1
123.784633,14692,clench,-1,16,-12,-10,-2,-7,1,2
123.784655,14693,clench,14,-8,-2,12,14,17,-7,32
123.785962,14694,clench,27,-10,-21,-12,-11,-17,-41,-19
123.785979,14695,clench,20,-43,6,-5,-1,10,26,-21
123.798916,14696,clench,-16,-49,-9,3,2,3,9,6
123.798941,14697,clench,-6,47,18,-4,-6,-4,-12,-6
123.806242,14698,clench,-2,-71,-17,4,9,-7,30,1
123.806267,14699,clench,-33,-77,-19,-2,1,-4,-37,-32
123.822137,14700,clench,19,52,43,2,-5,11,38,24
123.822204,14701,clench,-8,-49,-16,-4,9,0,-23,-10
123.825114,14702,clench,-25,-22,6,-2,-6,6,18,3
123.825121,14703,clench,-2,12,-4,3,-4,-26,-36,-5
123.844538,14704,clench,-3,19,-8,-4,4,17,38,-3
123.844568,14705,clench,18,18,6,1,-2,4,-9,8
123.846170,14706,clench,-8,5,2,1,4,-2,25,-2
123.846192,14707,clench,9,41,5,1,7,1,2,14
123.859637,14708,clench,-11,-68,5,5,9,-7,6,-14
123.859645,14709,clench,11,91,17,-5,14,20,-27,13
123.868201,14710,clench,27,-3,-28,-9,-25,4,1,10
123.868209,14711,clench,-19,-7,-2,4,-2,-15,-10,-9
123.882084,14712,clench,-10,17,0,-1,-4,0,-5,-9
123.882108,14713,clench,-6,-47,-14,-2,-3,-11,-17,10
123.883708,14714,clench,-30,-31,3,0,2,10,9,-3
123.883714,14715,clench,13,18,10,2,7,-8,9,-3
123.904600,14716,clench,4,-2,-24,-1,4,12,-39,26
123.904616,14717,clench,8,-12,-5,-2,0,7,17,-7
123.906148,14718,clench,6,-8,-10,-4,-20,-10,-11,12
123.906172,14719,clench,16,1,6,0,6,2,19,-3
123.919859,14720,clench,-61,-51,-24,-8,-1,-8,-4,-6
123.919866,14721,clench,0,1,19,4,-5,-10,-12,-4
123.925628,14722,clench,-5,-85,-8,2,9,-7,9,28
123.925652,14723,clench,-10,56,-3,-11,1,20,-7,5
123.942002,14724,clench,17,50,6,3,-6,-4,-7,-14
123.942026,14725,clench,6,-66,-14,-11,-13,8,-7,-1
123.943860,14726,clench,-15,78,8,0,9,-1,8,-6
123.943867,14727,clench,-9,-35,36,5,-19,-22,-15,-9
123.966005,14728,clench,15,5,-3,5,26,8,21,16
123.966022,14729,clench,-14,-1,-2,-5,-40,-19,-24,-18
123.966157,14730,clench,20,-6,-7,-3,-2,3,-3,24
123.966178,14731,clench,5,-63,-17,3,11,3,14,7
123.979146,14732,clench,-17,90,-6,-7,-14,-8,-34,-16
123.979186,14733,clench,0,-26,16,6,5,6,47,-3
123.985784,14734,clench,1,-10,-15,-2,12,1,-20,-15
123.985803,14735,clench,-5,30,0,0,-16,-4,-5,5
124.002111,14736,clench,13,-22,-3,-6,-12,-6,-3,-7
124.002132,14737,clench,1,-83,-32,-5,-4,-11,-5,18
124.003730,14738,clench,-27,99,23,-1,3,-2,-15,8
124.003752,14739,clench,9,-17,-9,-5,3,12,23,10
124.024507,14740,clench,5,-8,22,4,-4,-5,-23,-6
124.024530,14741,clench,-1,4,-17,-2,-3,3,17,-11
124.026878,14742,clench,21,-35,7,1,-8,-9,39,-3
124.026883,14743,clench,-8,57,-26,-5,-10,-17,-43,6
124.038819,14744,clench,6,-2,10,-2,8,23,19,-9
124.038843,14745,clench,-7,110,6,-2,13,-4,-11,-3
124.045877,14746,clench,18,-25,-9,-2,-8,-3,4,-14
124.045902,14747,clench,2,-13,0,0,2,4,-1,-9
124.062350,14748,clench,-5,-38,-14,0,-15,-16,7,6
124.062375,14749,clench,-8,3,3,-3,-2,-14,4,-42
124.063687,14750,clench,23,-29,-14,-3,3,25,2,-7
124.063753,14751,clench,-15,34,43,-2,5,2,-6,-2
124.084635,14752,clench,-2,24,9,3,2,-6,-24,-8
124.084654,14753,clench,14,8,-6,1,4,3,0,18
124.086293,14754,clench,-9,-1,3,3,8,-10,25,-16
124.086305,14755,clench,-5,-36,-5,-4,-7,6,-14,0
124.098358,14756,clench,0,-57,-12,1,1,-8,-7,-20
124.098383,14757,clench,-16,68,6,-2,-14,-3,-21,-41
124.107185,14758,clench,-3,-13,2,2,6,6,9,5
124.107231,14759,clench,-10,-46,-10,1,0,4,3,0
124.123971,14760,clench,4,45,35,2,2,-1,44,14
124.123976,14761,clench,20,-35,-2,3,3,-9,-20,-10
124.123978,14762,clench,-4,-66,-19,-5,0,8,-12,4
124.123980,14763,clench,12,74,21,4,-6,-2,-1,14
124.144535,14764,clench,-4,-9,-22,-3,2,-5,26,12
124.144564,14765,clench,2,-35,-3,-2,12,16,-5,25
124.148641,14766,clench,-12,45,9,-3,0,1,6,-30
124.148649,14767,clench,16,-48,-29,-7,-5,-7,17,6
124.158189,14768,clench,19,-91,-27,-2,-8,-27,-39,-3
124.158214,14769,clench,-37,43,47,8,7,16,14,-7
124.168255,14770,clench,2,4,-6,-5,6,6,-41,6
124.168262,14771,clench,-5,-75,-10,-3,-7,-5,9,-12
124.182199,14772,clench,7,21,-24,-5,-5,3,3,-7
124.182221,14773,clench,20,-43,11,-7,-5,-7,6,10
124.184576,14774,clench,-16,-22,16,2,-2,-10,-8,4
124.184584,14775,clench,8,-4,4,-4,12,-5,9,-11
124.204495,14776,clench,11,17,-13,1,-2,-8,-25,20
124.204518,14777,clench,-23,5,14,0,-1,-3,28,26
124.206216,14778,clench,33,21,-7,-1,-3,11,-12,-11
124.206232,14779,clench,-21,16,10,4,10,1,-50,3
124.219229,14780,clench,-4,15,-3,-6,5,5,33,-13
124.219238,14781,clench,-10,-98,-24,0,7,-11,-3,-18
124.229071,14782,clench,-19,108,4,-3,-14,-18,7,5
124.229080,14783,clench,8,-6,4,3,-8,10,10,3
124.242156,14784,clench,-2,-43,17,-1,5,6,-19,-15
124.243719,14785,clench,1,32,-24,-12,-37,-15,-33,-5
124.243725,14786,clench,0,-32,33,12,31,-1,13,-3
124.243778,14787,clench,-6,18,-15,-2,3,11,10,7
124.265882,14788,clench,-6,-1,10,3,-7,1,18,16
124.265888,14789,clench,1,-59,-18,4,16,8,-3,38
124.266192,14790,clench,-23,-4,-19,-7,-9,-14,-26,-30
124.266204,14791,clench,11,3,-2,0,-6,-1,32,0
124.278423,14792,clench,3,-11,-4,0,1,5,-1,4
124.278460,14793,clench,-11,27,-6,4,-6,-2,-8,-17
124.287197,14794,clench,16,38,-13,-8,3,-4,10,26
124.287221,14795,clench,-10,-77,4,-2,-10,1,-7,-9
124.302011,14796,clench,2,106,11,4,7,-7,-24,-47
124.302035,14797,clench,14,-9,2,3,5,14,17,-12
124.304511,14798,clench,-17,-69,-7,-3,-11,-7,-1,1
124.304525,14799,clench,7,-14,3,5,7,0,-6,17
124.324482,14800,clench,-16,1,-12,-6,3,2,4,17
124.324541,14801,clench,13,-26,-15,-3,-3,-6,-12,-6
124.326185,14802,clench,1,49,28,4,5,10,-42,10
124.326204,14803,clench,1,7,-17,-3,-8,-1,53,-17
124.338178,14804,clench,6,-12,-3,-2,5,3,17,13
124.338264,14805,clench,1,20,9,7,-4,-15,-22,-1
124.353392,14806,clench,-10,-28,-15,-6,7,4,4,-4
124.353458,14807,clench,3,25,11,-7,-11,-1,3,-2
124.362429,14808,clench,6,-1,-9,-2,-10,-2,1,29
124.362458,14809,clench,-4,56,23,-2,-7,-4,3,19
124.365008,14810,clench,-6,-55,-6,4,1,-7,-12,-22
124.365020,14811,clench,4,44,-11,-2,0,-11,-30,1
124.384609,14812,clench,-11,-51,1,1,0,11,-15,1
124.384642,14813,clench,-15,-55,-15,-7,-7,-7,2,-9
124.386984,14814,clench,14,74,-1,2,-3,-2,17,3
124.386997,14815,clench,25,-7,7,-5,2,4,-13,-3
124.398414,14816,clench,-22,-21,-8,-1,-18,-8,-1,24
124.398443,14817,clench,-10,-3,-20,-3,7,1,-1,-7
124.409138,14818,clench,1,39,7,0,-6,-10,15,-17
124.409153,14819,clench,-11,-16,9,8,24,14,6,-10
124.422474,14820,clench,20,64,13,1,-22,-14,-18,0
124.422495,14821,clench,-50,-42,-17,-5,12,21,12,-3
124.423972,14822,clench,34,-27,13,-1,-2,0,4,11
124.423990,14823,clench,-4,4,-1,-1,-9,-8,-9,3
124.444515,14824,clench,-2,-25,3,3,5,-3,7,-12
124.444539,14825,clench,-11,-14,-6,0,1,3,-7,8
124.446604,14826,clench,12,52,9,-3,-15,-9,-19,-26
124.446610,14827,clench,-18,7,4,-1,2,-5,30,-7
124.458285,14828,clench,-1,-67,-2,1,29,15,-31,-13
124.458309,14829,clench,15,-21,1,-6,-6,6,8,11
124.468434,14830,clench,-11,89,-28,-4,-13,-3,12,11
124.468446,14831,clench,12,-40,13,4,-2,-2,-22,-9
124.483658,14832,clench,-27,-13,-9,-7,8,-16,46,-34
124.483666,14833,clench,24,32,14,0,2,-3,-7,-15
124.483744,14834,clench,12,-73,-22,-2,3,13,-7,25
124.483786,14835,clench,7,5,-8,3,-3,-5,13,5
124.504681,14836,clench,2,1,-6,-3,13,7,-13,-4
124.504700,14837,clench,4,-41,5,1,-9,-6,2,8
124.507022,14838,clench,8,63,4,-3,4,3,-14,-8
124.507029,14839,clench,-37,-10,6,2,-16,-10,35,12
124.518233,14840,clench,16,-76,-8,-2,-20,-15,-45,8
124.518253,14841,clench,-4,95,21,6,19,3,31,-20
124.528903,14842,clench,1,65,14,5,1,8,17,17
124.528910,14843,clench,6,4,-12,-5,0,-1,-15,-9
124.542295,14844,clench,-2,-22,-1,-3,-11,-8,-3,3
124.542321,14845,clench,-1,58,4,0,-5,-5,9,9
124.544993,14846,clench,-17,-128,-5,-3,5,6,-19,-5
124.545001,14847,clench,9,53,3,-2,-9,4,23,-7
124.564512,14848,clench,1,81,2,1,-8,-3,-18,-3
124.564533,14849,clench,3,-57,-5,-10,-9,7,15,8
124.566197,14850,clench,1,-6,-6,-1,8,-3,10,13
124.566226,14851,clench,-2,-12,-4,-1,3,-4,-29,-9
124.587056,14852,clench,-9,-36,5,2,-5,-2,19,34
124.587078,14853,clench,17,56,7,5,9,-12,-19,1
124.588643,14854,clench,-22,-87,-17,-4,-16,9,35,13
124.588679,14855,clench,3,62,-1,-5,2,-3,-33,4
124.602007,14856,clench,8,-3,-1,-2,7,23,18,-13
124.602028,14857,clench,-5,-23,-7,2,-6,-10,-15,3
124.603931,14858,clench,7,-30,1,-4,-7,-16,-8,1
124.603937,14859,clench,-10,-101,-32,-3,0,-15,-23,-2
124.626456,14860,clench,-15,-21,-8,5,4,-19,29,-34
124.626464,14861,clench,26,97,94,5,-14,67,-25,-5
124.626466,14862,clench,-1,-32,-10,-7,-2,-3,64,21
124.626468,14863,clench,-9,-70,-4,-2,-6,0,-39,-8
124.647202,14864,clench,25,-18,-23,-4,-1,-10,-18,-6
124.647242,14865,clench,-66,-60,-34,4,-1,-27,-8,-6
124.648852,14866,clench,0,4,9,4,1,3,0,-5
124.648861,14867,clench,3,17,2,-3,6,2,2,3
124.661432,14868,clench,8,111,12,1,-5,3,-2,-3
124.661464,14869,clench,-22,-20,-14,-7,0,-9,-3,-7
124.668141,14870,clench,5,-8,6,4,2,3,-10,8
124.668158,14871,clench,-12,8,-2,-1,14,-2,2,-6
124.684613,14872,clench,-2,10,-1,-5,-9,3,-3,4
124.684635,14873,clench,31,-21,-8,-2,-2,0,10,-2
124.686771,14874,clench,-12,3,-8,0,-11,-7,-18,-13
124.686776,14875,clench,-3,33,-10,-1,21,-1,3,7
124.707003,14876,clench,-2,-29,-2,-8,-5,9,-16,-8
124.707023,14877,clench,15,45,6,10,16,-12,-9,12
124.708479,14878,clench,-13,-2,-4,-5,-4,-2,2,-13
124.708505,14879,clench,-11,18,3,2,-8,1,0,-14
124.721777,14880,clench,16,-16,6,-4,0,20,51,23
124.721785,14881,clench,9,-19,-6,-1,6,-8,-47,-19
124.728413,14882,clench,8,-61,-3,-5,-5,0,-1,-2
124.728436,14883,clench,4,33,7,10,1,-1,-19,6
124.744670,14884,clench,-1,33,-20,-9,-7,-9,52,4
124.744698,14885,clench,4,-54,-7,-3,20,-1,-14,2
124.747122,14886,clench,-6,50,8,5,1,-9,-5,-13
124.747130,14887,clench,2,-34,-5,-8,-8,14,18,-5
124.768814,14888,clench,-18,-24,7,4,-16,-6,-22,4
124.768824,14889,clench,19,99,-14,2,2,3,19,11
124.768827,14890,clench,-19,-4,-8,-2,7,-3,-5,-16
124.768830,14891,clench,-12,-29,9,-1,-11,-4,-14,16
124.781471,14892,clench,26,85,10,0,8,7,7,13
124.781497,14893,clench,-17,-48,-8,-4,-12,-5,21,9
124.788316,14894,clench,-10,11,-10,6,14,4,-21,-15
124.788340,14895,clench,-3,-44,1,-6,-14,-12,-21,-6
124.804572,14896,clench,-1,13,7,0,3,5,-12,-2
124.804591,14897,clench,23,6,-10,-6,9,13,9,-26
124.806112,14898,clench,7,-39,2,2,-11,-6,6,-15
124.806128,14899,clench,-2,93,11,-3,-5,-13,8,19
124.827129,14900,clench,-23,25,-3,-2,5,-1,-37,-31
124.827193,14901,clench,-4,-35,-2,1,-10,-3,60,15
124.829854,14902,clench,12,-51,-6,-1,2,7,-44,-9
124.829861,14903,clench,15,80,10,2,6,5,23,-22
124.841296,14904,clench,-6,-44,-4,-4,4,2,-15,10
124.841320,14905,clench,-15,-10,-8,-6,-12,-7,-26,5
124.848445,14906,clench,11,-41,-18,-7,-4,1,5,-1
124.850109,14907,clench,18,-35,14,6,-4,-9,1,-19
124.864726,14908,clench,-49,11,2,2,6,-4,13,4
124.864736,14909,clench,2,-68,5,2,7,11,-3,11
124.866188,14910,clench,0,42,11,0,-6,-7,62,-9
124.866210,14911,clench,-14,-30,-20,-6,-7,-4,-48,-14
124.887005,14912,clench,10,-57,6,2,2,4,13,8
124.887055,14913,clench,0,103,16,-10,-11,-25,-29,2
124.889397,14914,clench,-14,-27,19,-1,6,4,-23,-39
124.889404,14915,clench,16,-59,-9,-1,-3,11,25,-6
124.901426,14916,clench,8,-23,4,0,-2,-3,1,-14
124.901448,14917,clench,-38,-41,-16,0,-1,-10,-14,4
124.909009,14918,clench,7,28,-4,-1,-2,-14,-23,34
124.909036,14919,clench,5,8,-3,-4,-12,10,42,17
124.924789,14920,clench,28,-7,6,-4,14,-5,-20,-21
124.927503,14921,clench,-49,-26,-3,2,2,2,-13,-30
124.927514,14922,clench,-17,99,23,3,0,2,-1,10
124.927516,14923,clench,-11,-16,-6,-7,10,-21,4,6
124.947079,14924,clench,3,-11,-2,6,8,32,38,-3
124.947103,14925,clench,34,41,-1,-1,-7,0,-24,-21
124.948714,14926,clench,9,-100,-7,-2,-2,-1,1,10
124.948746,14927,clench,-8,47,0,-4,-3,-4,27,17
124.961482,14928,clench,-27,-17,-6,1,-1,-4,-12,-1
124.961512,14929,clench,8,-57,-12,-1,12,-5,-7,-6
124.968147,14930,clench,10,-70,-24,-1,-15,-13,1,3
124.968170,14931,clench,1,93,43,3,-2,8,6,6
124.984688,14932,clench,33,-13,20,-2,-6,1,3,6
124.984715,14933,clench,-7,-39,-17,-1,-4,2,7,26
124.986542,14934,clench,19,36,9,-4,5,-2,-7,3
124.986549,14935,clench,-28,-63,-26,0,1,-9,-18,-12
125.006841,14936,clench,17,19,-2,0,-9,-9,-19,-14
125.006867,14937,clench,-47,24,2,-4,-8,5,28,8
125.008414,14938,clench,12,-51,-21,-1,-4,4,22,3
125.008432,14939,clench,9,-28,10,1,18,2,-23,-7
125.023225,14940,clench,-3,40,17,-1,0,-5,-37,-8
125.023232,14941,clench,21,-30,-6,1,-6,-8,13,-12
125.028621,14942,clench,-11,101,-2,-2,1,17,8,17
125.028660,14943,clench,-14,-29,-10,-3,-3,6,23,5
125.044591,14944,clench,2,10,4,4,0,-13,-38,-13
125.044620,14945,clench,-7,1,-35,-3,-2,-12,3,-7
125.046427,14946,clench,-5,19,28,-3,-4,24,33,25
125.046434,14947,clench,19,-23,4,0,-7,-6,-2,7
125.067086,14948,clench,-5,2,-6,1,-1,-9,-10,-1
125.067106,14949,clench,6,-56,-9,-2,3,1,0,-11
125.069407,14950,clench,2,7,-3,0,13,-1,-1,5
125.069421,14951,clench,6,-60,-16,1,11,3,-18,-11
125.080646,14952,clench,-4,40,15,4,-5,7,56,23
125.080671,14953,clench,-5,-18,9,-1,-4,-7,-59,-24
125.091602,14954,clench,-8,43,20,2,0,7,17,-18
125.091610,14955,clench,9,-3,-1,-1,1,-3,-35,7
125.104057,14956,clench,5,-25,-16,-6,-9,-9,2,-5
125.104083,14957,clench,27,-70,13,2,-10,3,18,14
125.105721,14958,clench,2,112,41,4,14,-6,-25,-8
125.105728,14959,clench,-50,-43,-18,-4,-6,1,-19,-6
125.126570,14960,clench,8,-22,-3,-3,2,-9,-5,12
125.126598,14961,clench,-4,-28,-5,5,-2,-2,18,23
125.128378,14962,clench,4,29,31,1,3,10,9,-20
125.128384,14963,clench,17,41,-2,-7,-16,4,18,1
125.150041,14964,clench,-26,-9,-7,-6,1,0,-8,1
125.150051,14965,clench,16,20,11,3,9,-1,12,7
125.150053,14966,clench,-30,-47,-32,4,5,-17,-62,6
125.150055,14967,clench,3,-15,-9,1,-5,0,48,-25
125.165872,14968,clench,3,94,11,0,-9,-5,-14,-3
125.165881,14969,clench,12,45,5,-3,-5,-4,-11,-12
125.165883,14970,clench,-29,-75,-31,-9,-6,-6,17,5
125.165885,14971,clench,4,-36,5,0,0,0,-18,1
125.186485,14972,clench,0,26,24,2,0,-6,6,-6
125.186503,14973,clench,-10,-30,-7,0,2,4,-1,-4
125.187669,14974,clench,6,51,6,-3,-5,-5,5,5
125.187674,14975,clench,10,-26,5,-1,2,1,-21,17
125.208836,14976,clench,-13,-46,-27,0,2,-2,11,-38
125.208861,14977,clench,-1,56,10,-6,11,8,7,36
125.211300,14978,clench,12,-44,-16,-6,-26,-8,-22,-28
125.211305,14979,clench,2,25,-10,4,-3,-2,30,19
125.224065,14980,clench,-63,-91,-45,-4,7,1,-32,19
125.224087,14981,clench,46,110,51,-5,-16,19,62,-22
125.227226,14982,clench,-2,-43,-26,-6,-7,-12,-13,-6
125.227234,14983,clench,13,42,9,0,7,4,-4,-11
125.246237,14984,clench,-3,-32,-17,-1,-9,-8,-16,33
125.246255,14985,clench,-10,-23,-19,3,0,-13,-12,0
125.254006,14986,clench,-15,-66,-16,-4,-1,-10,13,7
125.254109,14987,clench,8,11,21,0,5,29,-6,-36
125.268801,14988,clench,10,-23,11,1,3,3,11,-5
125.268823,14989,clench,1,-3,-9,-4,-2,-4,-13,1
125.270495,14990,clench,31,24,4,0,2,2,31,8
125.270510,14991,clench,-31,-43,-5,3,0,-16,-32,-4
125.283854,14992,clench,12,76,-6,-3,-4,3,4,-4
125.283874,14993,clench,7,-3,-4,-4,-5,-12,-22,-4
125.284953,14994,clench,-14,-118,-70,-3,5,-13,21,4
125.284959,14995,clench,10,92,78,12,11,16,-49,1
125.308001,14996,clench,9,-24,8,-5,-12,18,80,-17
125.308007,14997,clench,-39,-39,-21,-6,-3,-11,-28,2
125.308009,14998,clench,10,-11,2,1,6,2,-14,10
125.308010,14999,clench,-24,-1,-32,-2,0,-15,-12,16
127.332778,15000,rest,3,15,3,-4,-4,1,0,11
127.333246,15001,rest,0,3,7,6,-1,-1,-1,1
127.333249,15002,rest,18,13,-13,-3,-3,0,1,-4
127.333251,15003,rest,-47,-5,-1,8,3,-1,-2,-10
127.346046,15004,rest,-9,1,0,-2,1,1,-1,-30
127.346091,15005,rest,-5,-3,-3,0,21,1,0,14
127.353748,15006,rest,1,10,8,-2,-15,-1,0,2
127.353774,15007,rest,11,-37,-2,-2,0,0,0,5
127.368706,15008,rest,-15,-18,-10,-3,-6,-2,-3,-11
127.368730,15009,rest,5,10,5,1,16,-1,-4,3
127.369372,15010,rest,-7,-3,1,2,6,-2,-1,-6
127.369391,15011,rest,13,15,-4,-3,-8,0,0,10
127.391903,15012,rest,-11,-1,0,0,2,-2,-1,1
127.391928,15013,rest,-3,0,-5,-3,-13,0,-2,-8
127.393369,15014,rest,-6,-6,0,0,3,1,2,6
127.393374,15015,rest,17,35,1,-3,-8,-1,-2,0
127.414685,15016,rest,15,-68,-8,-3,-1,0,3,11
127.414709,15017,rest,-3,-8,-5,0,-7,-1,-1,-2
127.415187,15018,rest,-7,-18,-5,-6,-5,-4,-4,-7
127.415225,15019,rest,6,21,4,8,3,0,3,10
127.428969,15020,rest,21,20,4,1,1,0,-2,-2
127.429006,15021,rest,14,19,1,-1,-10,-2,1,1
127.429634,15022,rest,-50,-66,-10,-1,4,-1,-2,2
127.429646,15023,rest,23,-4,-3,-6,1,-3,-1,-6
127.451854,15024,rest,2,4,-2,0,0,-1,-2,3
127.451878,15025,rest,-2,-12,0,-5,-9,1,2,3
127.453431,15026,rest,-2,18,5,4,7,0,0,-4
127.453442,15027,rest,7,-5,-5,2,24,-3,-4,1
127.474785,15028,rest,-30,25,4,-1,-36,-2,-1,-15
127.474805,15029,rest,6,-12,-2,0,0,1,1,31
127.475495,15030,rest,15,9,2,-2,1,-1,0,-3
127.475515,15031,rest,-15,-54,-1,-2,-10,-1,-1,-1
127.488743,15032,rest,12,2,-2,0,10,0,1,-7
127.488769,15033,rest,-2,4,-5,-2,-5,-3,-6,-27
127.489468,15034,rest,11,26,-1,0,-7,-1,-1,3
127.489483,15035,rest,-12,-5,7,1,-1,0,0,13
127.512056,15036,rest,4,9,-2,0,5,0,2,10
127.512093,15037,rest,29,0,-5,-3,-8,-1,0,-5
127.514054,15038,rest,-46,-15,-1,-3,11,-1,0,0
127.514063,15039,rest,8,17,-3,-2,-11,-2,0,3
127.534477,15040,rest,34,13,-2,-2,4,-1,-1,2
127.534565,15041,rest,-15,4,0,2,-1,2,1,-3
127.535209,15042,rest,9,-13,-2,-2,-3,-2,-1,-1
127.535246,15043,rest,-13,11,2,-3,-4,-2,-1,-6
127.550449,15044,rest,-16,6,0,0,-2,-1,0,2
127.550458,15045,rest,3,11,-1,0,5,-2,0,1
127.550460,15046,rest,11,22,7,-2,11,0,-2,-4
127.550462,15047,rest,-18,-21,0,1,-5,1,0,-3
127.572048,15048,rest,-3,38,-3,-3,2,-2,0,1
127.572071,15049,rest,-4,-21,0,-2,-5,-3,-4,-5
127.573345,15050,rest,-8,-11,-2,2,-4,0,1,2
127.573352,15051,rest,14,15,0,0,-2,1,0,0
127.594517,15052,rest,1,-36,-5,-3,20,1,1,-12
127.594546,15053,rest,-4,26,1,8,-33,-2,-1,3
127.595612,15054,rest,-1,-31,-2,2,-2,0,1,-1
127.595619,15055,rest,-2,2,-1,-2,-2,-1,0,-4
127.608718,15056,rest,7,5,0,0,-1,-1,0,20
127.608745,15057,rest,-11,19,0,-4,7,-3,1,-5
127.610916,15058,rest,3,-2,-3,-1,-2,0,1,7
127.610929,15059,rest,-3,10,1,-1,-9,-5,-1,-12
127.631975,15060,rest,17,21,1,1,1,-1,-3,-3
127.631993,15061,rest,-46,-58,1,-2,6,0,0,-2
127.632705,15062,rest,27,17,0,-2,-7,-1,0,0
127.632730,15063,rest,-20,4,-3,-5,-9,0,-3,-4
127.654510,15064,rest,-5,-6,-2,-1,-6,-4,-5,-4
127.654531,15065,rest,9,6,8,2,5,0,0,2
127.656033,15066,rest,-2,14,-1,-1,-3,-2,0,-6
127.656040,15067,rest,10,-22,-2,1,-1,-2,-2,3
127.668742,15068,rest,-6,22,3,0,-3,-1,-2,5
127.668763,15069,rest,7,-14,-3,-6,0,-2,-3,-7
127.670242,15070,rest,25,20,0,-3,9,-3,-2,2
127.670248,15071,rest,-30,-16,-1,7,-12,1,1,1
127.692378,15072,rest,-4,-21,-3,2,-1,-2,-1,-8
127.692383,15073,rest,17,40,1,-1,6,0,1,2
127.692542,15074,rest,-4,-70,-4,-4,-2,0,-2,-5
127.692549,15075,rest,11,37,6,-5,4,-1,0,4
127.714693,15076,rest,-12,2,0,0,-1,1,-1,-7
127.714718,15077,rest,-14,-21,-6,-1,-3,1,0,1
127.716656,15078,rest,16,19,-1,-1,-7,-2,0,2
127.716666,15079,rest,9,-6,-4,-3,-1,0,3,1
127.728983,15080,rest,-23,-2,3,2,8,-3,-3,-33
127.729018,15081,rest,12,-18,-3,-4,0,-2,-3,-1
127.731443,15082,rest,-18,3,-6,1,-4,2,0,-3
127.731459,15083,rest,26,8,-1,-3,2,-1,-1,5
127.751881,15084,rest,-30,-66,-9,-4,-2,-1,1,0
127.751908,15085,rest,17,8,-3,-4,-1,-2,0,-21
127.753594,15086,rest,-59,-6,3,-1,-3,-2,-3,-57
127.753600,15087,rest,3,2,0,-1,0,-1,-3,-5
127.774511,15088,rest,15,30,2,-1,-3,1,1,9
127.774565,15089,rest,-11,-55,-6,-1,2,0,0,2
127.775350,15090,rest,20,9,1,-4,-8,-2,0,11
127.775489,15091,rest,8,39,-4,5,30,0,-3,0
127.788860,15092,rest,0,-37,2,0,-17,-1,-2,0
127.788888,15093,rest,-15,12,-1,0,-1,-2,0,-6
127.789417,15094,rest,2,14,1,-4,-5,0,1,10
127.789507,15095,rest,-7,-18,2,-2,-4,1,0,2
127.812500,15096,rest,24,45,-1,-2,-1,-3,-4,7
127.812526,15097,rest,-15,-21,1,2,0,-1,-2,2
127.815042,15098,rest,-4,-3,0,3,1,0,-1,12
127.815049,15099,rest,23,5,-1,-1,-7,-2,-2,-1
127.834832,15100,rest,-38,-40,-1,-5,-6,0,2,4
127.834873,15101,rest,7,25,3,1,-6,-2,-1,1
127.835284,15102,rest,2,1,3,1,0,-2,-2,2
127.835296,15103,rest,6,-15,-6,-5,-6,-3,-1,-29
127.850435,15104,rest,15,47,3,0,-3,0,0,-12
127.850442,15105,rest,-23,-16,-7,3,9,0,-5,33
127.850444,15106,rest,10,-17,-3,-1,0,0,-1,12
127.850446,15107,rest,-23,4,-5,-1,0,-2,2,-12
127.871999,15108,rest,3,5,3,0,3,0,-1,9
127.872019,15109,rest,1,9,-3,-7,-5,-1,0,-11
127.873493,15110,rest,-6,8,-3,6,21,1,-3,-14
127.873505,15111,rest,21,-32,-1,-5,-23,-2,0,12
127.894402,15112,rest,-7,3,-7,-1,13,1,0,5
127.894424,15113,rest,-7,3,1,-4,-9,-2,1,-7
127.895567,15114,rest,4,16,-1,0,7,-1,-1,8
127.895575,15115,rest,33,26,3,1,8,0,0,5
127.908832,15116,rest,-6,-34,4,1,0,-1,0,2
127.908850,15117,rest,16,15,0,-1,-1,0,0,-2
127.910976,15118,rest,-22,-2,-5,-5,-10,-4,-1,-7
127.910982,15119,rest,-6,2,1,2,2,2,2,51
127.932045,15120,rest,-3,-25,-3,-1,-9,-2,-1,-1
127.932387,15121,rest,15,26,1,4,4,-1,0,-1
127.932577,15122,rest,6,1,-1,-3,-9,1,-1,-1
127.932591,15123,rest,-18,-16,0,-6,0,-4,-3,-8
127.954245,15124,rest,7,2,-6,-1,3,-1,-1,4
127.954262,15125,rest,-10,2,5,1,8,0,0,3
127.955424,15126,rest,7,-7,-2,-3,-29,-1,0,9
127.955429,15127,rest,-24,30,2,-2,0,1,2,-7
127.968102,15128,rest,3,-30,-5,-2,0,0,-6,-6
127.969211,15129,rest,-1,2,0,-1,-6,-2,-3,0
127.976911,15130,rest,-3,-4,2,0,1,0,0,-12
127.976918,15131,rest,33,33,-4,-2,15,-3,-3,10
127.992958,15132,rest,-29,-40,4,1,-6,0,0,3
127.992966,15133,rest,-3,-8,-5,-5,3,-1,-2,-17
127.992968,15134,rest,-8,0,4,0,1,-2,0,-3
127.992970,15135,rest,0,-10,-4,1,-1,0,0,-6
128.015154,15136,rest,12,16,1,-3,1,-1,-1,-4
128.015179,15137,rest,20,7,-1,4,1,-2,-5,6
128.016273,15138,rest,-22,-7,-3,-4,6,0,-1,2
128.016278,15139,rest,-3,-35,-7,-3,-9,-2,-4,-4
128.029708,15140,rest,-3,3,-3,0,0,1,1,-3
128.029776,15141,rest,-13,1,2,-3,-5,1,2,-2
128.036379,15142,rest,17,7,-1,-2,-3,-3,-2,4
128.036401,15143,rest,4,-6,0,1,0,-1,-2,-8
128.051893,15144,rest,-10,23,5,-2,-5,-3,-2,-4
128.051914,15145,rest,10,-17,-5,-1,1,-3,-3,-17
128.053539,15146,rest,-5,-28,-5,-1,3,0,-2,3
128.053548,15147,rest,-18,-12,-4,0,22,-1,-2,-4
128.074285,15148,rest,22,38,-6,-1,-23,-3,-3,8
128.074302,15149,rest,-37,-42,1,1,-7,2,1,0
128.075051,15150,rest,-8,-7,2,1,0,0,2,-4
128.075409,15151,rest,27,-5,0,-1,-2,-1,0,-7
128.088500,15152,rest,-32,-15,-6,1,12,-1,-3,-14
128.088506,15153,rest,9,40,-1,-2,0,0,-1,12
128.096626,15154,rest,-3,1,-4,-1,-3,1,0,0
128.096658,15155,rest,-8,-5,2,0,-10,1,0,-3
128.112380,15156,rest,23,19,-3,-2,3,1,0,5
128.112416,15157,rest,-1,1,-1,-3,-4,-1,0,-9
128.115007,15158,rest,-1,-13,2,1,3,-2,-3,2
128.115018,15159,rest,-18,0,-2,-4,-8,-2,1,-2
128.135028,15160,rest,14,-12,0,1,2,1,-2,2
128.135034,15161,rest,-13,11,-3,-1,5,0,1,2
128.135950,15162,rest,10,3,3,-1,-7,-1,-1,-3
128.135974,15163,rest,4,21,2,-4,-5,-1,-2,4
128.148402,15164,rest,-6,-4,3,9,12,2,1,-3
128.148429,15165,rest,19,-13,-1,0,-3,-1,-2,-3
128.158129,15166,rest,-7,40,-6,0,0,-1,-3,7
128.158134,15167,rest,-16,-43,-4,-2,-7,-2,-3,-10
128.172104,15168,rest,24,13,1,-3,-3,-2,2,3
128.172123,15169,rest,1,1,-2,-1,10,-1,-1,-1
128.173307,15170,rest,7,4,0,1,-2,-1,-3,-36
128.173324,15171,rest,-7,14,0,0,1,0,-1,5
128.194518,15172,rest,-12,1,3,-3,1,-2,-2,-2
128.194546,15173,rest,26,29,1,-3,-9,-1,0,6
128.196201,15174,rest,7,-34,-2,-4,-1,-3,-2,-2
128.196207,15175,rest,-45,-18,-2,-1,-4,-1,-2,0
128.208076,15176,rest,15,9,-2,4,-1,-1,1,52
128.208100,15177,rest,5,4,-6,-3,-4,1,0,-6
128.217778,15178,rest,12,9,2,0,3,-1,-2,6
128.217785,15179,rest,-2,6,3,4,-1,1,-1,1
128.232019,15180,rest,-9,-16,-3,-2,5,0,2,-7
128.232047,15181,rest,2,5,6,2,-3,1,1,3
128.233483,15182,rest,-8,-16,-2,-1,1,0,-1,9
128.233509,15183,rest,8,3,-1,-1,1,-2,-1,-6
128.254453,15184,rest,7,28,1,-7,-6,-3,-3,-14
128.254477,15185,rest,10,-24,-1,8,5,1,0,3
128.256502,15186,rest,-64,-22,-5,-4,-6,-2,0,-6
128.256508,15187,rest,3,7,3,1,15,-2,-2,-4
128.268069,15188,rest,4,-3,-3,-1,14,0,-2,-8
128.268096,15189,rest,1,2,-3,-5,-11,-3,-1,4
128.277513,15190,rest,14,13,3,2,3,-1,-3,-9
128.277519,15191,rest,0,-9,-1,-1,-6,-1,-3,15
128.292901,15192,rest,5,10,-4,-3,0,0,-1,1
128.292910,15193,rest,-13,-7,-4,-3,4,-1,-2,-8
128.293371,15194,rest,16,12,1,-1,0,2,0,-3
128.293391,15195,rest,-1,-14,7,-1,-1,-1,-1,-6
128.314646,15196,rest,-1,-11,-6,-2,-9,-2,1,-15
128.314674,15197,rest,-9,4,-3,-1,-3,-2,-3,3
128.316549,15198,rest,-11,-20,-2,-3,-4,-2,-3,7
128.316556,15199,rest,38,37,-4,0,-4,-2,0,-4
128.336907,15200,rest,-55,-22,5,-1,-3,-2,-2,-3
128.336969,15201,rest,2,-4,2,-2,-9,-2,-4,-3
128.339157,15202,rest,8,22,-1,3,9,-1,1,10
128.339164,15203,rest,7,-40,-9,-6,-5,-2,-3,-56
128.351993,15204,rest,10,-11,7,1,-6,-3,-1,5
128.352018,15205,rest,-42,0,-4,-4,1,-1,-2,-3
128.353675,15206,rest,23,10,-4,-4,10,0,-1,-4
128.353684,15207,rest,4,-7,0,1,-5,1,0,1
128.374341,15208,rest,-4,-13,-2,2,1,0,0,-4
128.374358,15209,rest,1,1,-3,-2,0,0,-1,1
128.376049,15210,rest,9,-8,-1,-3,-6,-1,-1,6
128.377224,15211,rest,-3,-4,-3,0,-2,-2,-1,6
128.397133,15212,rest,15,32,2,-3,-2,-1,0,1
128.397170,15213,rest,1,-42,1,-1,2,-1,0,6
128.399408,15214,rest,1,-4,-2,1,-3,0,-4,-3
128.399416,15215,rest,-18,0,3,-2,2,0,0,8
128.412113,15216,rest,-4,-2,-2,-1,-5,-3,0,-4
128.412140,15217,rest,6,-1,-2,0,1,-1,-1,-5
128.413810,15218,rest,7,7,3,0,-3,-2,2,4
128.413822,15219,rest,-14,3,-1,-1,-4,1,0,8
128.434435,15220,rest,2,-8,2,0,2,0,-2,-2
128.434454,15221,rest,-3,9,-4,-2,23,-2,0,-3
128.436047,15222,rest,-3,-37,0,0,-19,-1,1,3
128.436065,15223,rest,-1,11,-1,-2,-4,-2,-2,10
128.456994,15224,rest,-59,-16,-8,-4,-5,-3,-4,-54
128.457018,15225,rest,5,8,2,2,4,0,-1,0
128.459215,15226,rest,6,7,-3,-1,1,-1,-2,-4
128.459220,15227,rest,-6,6,0,0,-8,0,-3,3
128.471958,15228,rest,19,-9,-7,1,-10,1,1,5
128.471977,15229,rest,1,18,1,-1,-8,-3,-2,-1
128.473521,15230,rest,-16,-4,-1,-4,0,-3,-1,-4
128.473537,15231,rest,22,-8,-1,4,-1,2,3,52
128.496006,15232,rest,19,-2,2,-1,4,0,-8,7
128.496014,15233,rest,-11,-7,1,0,-8,-1,0,1
128.496017,15234,rest,17,11,0,1,1,-1,0,9
128.496077,15235,rest,-16,2,-4,-1,8,-2,-1,-15
128.516886,15236,rest,8,-7,-2,-3,-4,-1,-1,2
128.516906,15237,rest,4,8,-1,-3,-2,1,0,13
128.518562,15238,rest,19,9,0,-3,-2,-2,-2,-7
128.518582,15239,rest,10,-1,-2,1,2,-2,-1,-10
128.531407,15240,rest,-4,27,1,0,2,1,3,8
128.531430,15241,rest,-11,-53,-4,-6,-9,-2,-3,-18
128.538139,15242,rest,-5,21,-1,0,3,1,1,2
128.538157,15243,rest,-3,5,3,-2,-2,-2,-2,-9
128.554503,15244,rest,12,3,-3,-4,-11,0,-1,7
128.554528,15245,rest,5,-2,-4,-3,-2,-2,-1,0
128.556690,15246,rest,0,-3,2,3,3,-1,-1,3
128.556699,15247,rest,-4,10,0,-2,-1,-1,-1,-2
128.576660,15248,rest,-27,18,-3,0,-2,-1,0,-1
128.576671,15249,rest,3,-33,3,1,-4,-1,1,3
128.583084,15250,rest,-7,-5,-5,-1,0,-2,-1,-39
128.583103,15251,rest,0,9,-4,1,21,-2,0,-7
128.591899,15252,rest,-1,7,0,-4,-27,-2,0,0
128.591904,15253,rest,10,13,-2,-2,-5,0,-1,1
128.601094,15254,rest,-14,-5,2,-1,-3,-1,0,4
128.601103,15255,rest,-14,1,-1,-1,1,0,-2,-7
128.614448,15256,rest,0,-37,-2,0,10,-1,-1,0
128.614471,15257,rest,12,13,-3,0,-1,-1,-1,25
128.616174,15258,rest,-6,-4,5,2,-3,-1,-1,4
128.616182,15259,rest,12,23,-1,-1,-10,-2,-1,-1
128.636939,15260,rest,7,-7,-2,1,10,1,1,6
128.636967,15261,rest,-4,0,-2,-4,-7,1,-1,-11
128.638570,15262,rest,-11,4,0,1,2,-1,-1,-3
128.638578,15263,rest,10,-4,3,2,-5,1,-4,54
128.651336,15264,rest,11,10,3,0,0,-3,-1,-5
128.652963,15265,rest,2,-4,-5,-1,3,2,-1,-5
128.657975,15266,rest,0,-21,-1,-2,-5,0,0,4
128.658000,15267,rest,-22,0,-2,2,-3,-1,0,-27
128.674405,15268,rest,3,-6,-1,-3,-4,-2,-2,-1
128.674429,15269,rest,4,5,2,2,3,-2,-2,5
128.675892,15270,rest,-7,7,-2,-2,-1,1,0,7
128.675939,15271,rest,7,-5,-2,-5,-5,-2,-3,-13
128.697169,15272,rest,-8,16,4,0,5,1,0,4
128.697198,15273,rest,-40,2,-2,0,-4,-2,-1,-11
128.699361,15274,rest,3,12,0,-1,-1,-2,1,1
128.699369,15275,rest,11,8,2,-4,-2,-2,0,-9
128.711415,15276,rest,-8,-15,-3,0,3,0,0,40
128.711447,15277,rest,7,1,5,1,16,-1,0,-6
128.718024,15278,rest,-11,-7,0,0,-29,-2,-2,1
128.718043,15279,rest,2,15,1,0,1,0,0,1
128.734394,15280,rest,8,-13,-1,0,1,-1,-2,-33
128.734408,15281,rest,6,12,1,-2,-2,0,1,-1
128.735882,15282,rest,2,-6,-4,-3,12,0,-3,6
128.735906,15283,rest,-9,3,-4,-2,-7,-2,-2,-12
128.756833,15284,rest,-2,9,0,1,3,-2,-2,-7
128.756851,15285,rest,16,32,-1,-4,-5,0,-3,0
128.759683,15286,rest,-46,-47,-2,7,-1,-2,-2,-9
128.759689,15287,rest,11,-3,-5,-5,-7,1,0,-5
128.771452,15288,rest,39,-12,-2,0,6,0,1,1
128.773705,15289,rest,-2,24,1,-1,-5,-3,1,3
128.778434,15290,rest,-21,1,-5,-7,0,-1,1,-44
128.778470,15291,rest,-13,-12,2,1,0,-2,-1,13
128.794651,15292,rest,3,-4,-2,0,-4,0,-2,-2
128.797850,15293,rest,5,3,1,2,-2,-2,-2,-5
128.797864,15294,rest,18,11,-2,-4,-1,-2,0,-2
128.797867,15295,rest,-2,-4,-1,1,1,-2,0,-4
128.817117,15296,rest,-14,-32,-6,-4,18,-1,0,-5
128.817142,15297,rest,-2,-24,5,0,-24,-2,-2,-1
128.819488,15298,rest,-3,4,-1,-2,3,0,-1,13
128.819493,15299,rest,-11,-7,-2,-5,-7,-2,-1,-2
128.830888,15300,rest,13,35,0,7,9,0,-1,9
128.830949,15301,rest,-11,-7,-4,0,9,-2,-4,-17
128.840517,15302,rest,-6,8,2,-2,-1,0,1,27
128.840522,15303,rest,42,3,0,-1,-3,-3,-2,-5
128.853569,15304,rest,-39,-49,-3,-3,-12,1,1,-10
128.853592,15305,rest,-11,-11,-2,-1,3,0,0,-7
128.863753,15306,rest,27,15,-2,0,-2,-3,-4,-24
128.863767,15307,rest,7,-11,-4,-1,2,-1,-1,2
128.876839,15308,rest,6,40,6,0,-1,-1,-2,3
128.876851,15309,rest,0,-20,-3,0,0,0,0,2
128.878468,15310,rest,13,-10,-4,-3,4,-1,0,8
128.878504,15311,rest,-26,-14,-2,-3,0,1,-2,-6
128.892303,15312,rest,2,26,2,0,-3,-1,-1,-3
128.892314,15313,rest,-1,-28,-2,-2,-1,0,-1,1
128.900351,15314,rest,21,1,-4,-2,-2,-3,-2,2
128.900357,15315,rest,-7,-16,0,2,-1,1,1,53
128.914474,15316,rest,-18,8,0,-2,4,-2,-3,4
128.914511,15317,rest,3,41,-1,-2,-32,-5,0,3
128.916095,15318,rest,-3,-18,-2,-6,8,0,0,9
128.916108,15319,rest,-2,-5,1,0,7,0,0,-14
128.936881,15320,rest,-8,3,-5,3,-3,-2,-1,-2
128.936905,15321,rest,20,-14,-2,2,11,1,0,14
128.938993,15322,rest,-2,4,6,2,1,0,0,-7
128.939012,15323,rest,-31,11,-7,-3,-7,-1,-1,-14
128.950687,15324,rest,5,-1,2,-4,-3,-2,-3,-7
128.950705,15325,rest,-4,-7,-3,-5,3,1,-1,-10
128.961155,15326,rest,8,5,-2,3,1,2,0,5
128.961163,15327,rest,11,2,5,0,6,-1,-2,-11
128.974416,15328,rest,21,4,1,-3,-6,-1,0,7
128.974439,15329,rest,-8,-6,-5,-2,3,-3,-3,-40
128.976103,15330,rest,8,31,3,0,-3,-1,-4,4
128.977404,15331,rest,-2,-54,-3,-1,-2,-1,0,-1
128.997134,15332,rest,-27,0,1,-1,-7,-1,-1,-2
128.997172,15333,rest,10,7,1,-1,0,1,-1,1
128.999220,15334,rest,-7,22,-4,0,13,1,1,-1
128.999227,15335,rest,-15,-11,-2,-3,-40,-4,-1,-13
129.010621,15336,rest,12,-4,-2,-3,3,-1,0,-14
129.010640,15337,rest,-23,-10,1,0,0,2,-1,8
129.020828,15338,rest,1,-10,-2,-1,-2,-2,0,3
129.020833,15339,rest,15,59,2,7,15,2,1,59
129.034470,15340,rest,1,-49,-1,-5,-7,-1,1,-2
129.034486,15341,rest,5,1,-3,2,1,1,1,10
129.035979,15342,rest,4,-6,2,-2,-2,0,-2,5
129.036002,15343,rest,-71,-11,-2,-4,0,-2,0,-30
129.057057,15344,rest,-10,3,-5,-1,-7,-2,-2,1
129.057074,15345,rest,16,6,3,-2,7,-2,-1,7
129.059564,15346,rest,2,-10,1,-2,-6,-2,-1,-6
129.059577,15347,rest,8,-31,-6,1,5,-1,-1,-10
129.070684,15348,rest,16,15,1,-1,-1,-1,-3,2
129.070702,15349,rest,-35,14,0,-3,-1,-1,1,1
129.081346,15350,rest,-2,-25,-4,1,-1,-1,0,-1
129.081355,15351,rest,10,21,1,1,0,0,1,-10
129.096913,15352,rest,6,2,-1,-1,1,0,0,9
129.096921,15353,rest,11,3,1,0,0,-1,-2,-1
129.100629,15354,rest,-10,14,1,-1,-5,0,1,0
129.100649,15355,rest,21,-4,-6,-4,7,-3,-3,-7
129.116878,15356,rest,-15,6,4,0,-4,-2,-1,-3
129.116899,15357,rest,-6,47,0,1,7,-1,-1,2
129.118553,15358,rest,-24,-90,-7,-6,-30,-2,-1,-2
129.118596,15359,rest,13,-11,2,0,1,-1,-2,-27
129.130720,15360,rest,16,8,0,-3,-7,-1,-2,15
129.130750,15361,rest,17,14,2,4,6,0,-1,2
129.140655,15362,rest,-2,22,-6,-3,5,-3,-2,-2
129.140664,15363,rest,-10,0,2,-2,1,0,0,-12
129.154446,15364,rest,11,-12,-3,-6,-6,-1,-2,-5
129.154468,15365,rest,-5,-10,2,8,2,-2,-1,1
129.156142,15366,rest,-3,10,-3,-1,0,-1,-1,1
129.156147,15367,rest,27,10,-3,-4,-3,0,-1,32
129.176812,15368,rest,-17,9,2,3,5,-1,-2,-4
129.176818,15369,rest,6,-42,-11,-5,-8,-2,1,1
129.178606,15370,rest,7,7,2,1,7,0,-2,0
129.178637,15371,rest,-6,15,-1,0,-1,-2,0,1
129.190967,15372,rest,-9,-19,-4,-3,-1,-3,-1,-2
129.190974,15373,rest,-16,-4,-3,-5,-2,-3,-3,-6
129.200793,15374,rest,16,24,2,-2,-5,0,-2,-5
129.200798,15375,rest,-14,-3,5,1,9,2,-1,-1
129.214493,15376,rest,13,-37,-9,0,14,0,0,1
129.214515,15377,rest,-6,-1,2,-5,-17,-3,-1,-4
129.216130,15378,rest,3,4,1,1,2,-1,-1,0
129.216212,15379,rest,2,19,-3,-1,-4,-1,0,-1
129.238362,15380,rest,-8,10,3,3,2,-1,0,0
129.238373,15381,rest,-12,-5,1,1,2,0,-2,0
129.238376,15382,rest,26,10,2,-5,2,0,-2,1
129.238422,15383,rest,-45,-6,-1,7,4,-2,-1,-8
129.250670,15384,rest,-3,9,1,0,-7,-1,-2,-7
129.250688,15385,rest,7,-16,-4,-1,2,-1,-1,-1
129.261008,15386,rest,7,-8,-1,1,-2,-3,-2,-2
129.261015,15387,rest,1,0,-2,-3,-1,-1,-2,-8
129.274438,15388,rest,1,12,4,-2,-4,0,0,-4
129.274463,15389,rest,2,17,-2,-3,-3,0,-3,-5
129.275943,15390,rest,-2,-10,-2,2,3,-2,-2,4
129.275959,15391,rest,-11,-8,-4,-3,0,-1,4,-4
129.297102,15392,rest,-9,-5,-4,1,-2,-3,-1,-2
129.297138,15393,rest,7,5,6,-1,-1,-1,-2,0
129.299276,15394,rest,-6,-4,1,-3,0,-2,-1,-5
129.299339,15395,rest,23,26,0,-3,-13,0,-1,2
129.319396,15396,rest,-4,-19,-5,-2,-8,1,-1,-8
129.319420,15397,rest,-2,-23,1,-1,-2,0,-1,14
129.320981,15398,rest,4,10,-6,0,-1,0,-1,-4
129.320999,15399,rest,-32,8,0,0,1,0,-2,-2
129.334443,15400,rest,-9,5,-1,1,0,0,-2,0
129.334511,15401,rest,18,7,0,-1,0,-2,0,-2
129.336040,15402,rest,-6,-20,-3,-1,-2,-1,-1,-1
129.336118,15403,rest,2,-20,-3,-3,-1,-3,-3,1
129.356848,15404,rest,5,23,-2,-4,-4,-2,-2,-6
129.356871,15405,rest,-14,-35,-1,6,9,1,1,-1
129.358413,15406,rest,1,17,3,-1,-18,-1,1,4
129.358419,15407,rest,-11,-28,-1,0,1,-3,-1,-2
129.379496,15408,rest,17,11,1,-4,-1,-1,0,3
129.379523,15409,rest,-42,34,-2,-5,-7,0,-2,-4
129.381293,15410,rest,-2,-35,2,0,6,-1,-1,2
129.381358,15411,rest,7,8,-4,-1,-1,-1,-2,-3
129.394350,15412,rest,0,14,2,0,-4,1,-1,1
129.394371,15413,rest,16,22,-2,-3,3,-1,0,-5
129.396209,15414,rest,-15,-21,-3,2,5,0,-2,-5
129.396243,15415,rest,5,15,6,-1,-2,0,-1,4
129.416875,15416,rest,2,-15,1,1,18,-3,-1,3
129.416897,15417,rest,24,15,-5,-3,-3,-1,-2,-7
129.418418,15418,rest,-9,16,2,-2,-2,-1,0,-1
129.418431,15419,rest,-37,-29,-4,-1,-8,-3,-2,-5
129.439320,15420,rest,-7,42,0,4,6,2,2,-1
129.439329,15421,rest,-2,-77,-10,-6,-4,-2,0,0
129.440787,15422,rest,2,12,6,1,0,-1,0,0
129.440810,15423,rest,-2,1,1,2,7,0,-1,0
129.453737,15424,rest,15,7,1,0,-5,0,-1,-3
129.453750,15425,rest,-35,19,4,-3,-4,-2,0,-36
129.460727,15426,rest,11,2,-7,-6,-2,-1,0,1
129.460758,15427,rest,25,-3,2,4,3,1,-1,26
129.477069,15428,rest,-9,-22,-9,-4,-6,-3,-3,-1
129.477097,15429,rest,-8,-14,6,4,1,-1,-2,-2
129.478681,15430,rest,-2,0,-5,-2,0,-1,-1,-2
129.478687,15431,rest,12,9,1,-4,-3,-1,0,-7
129.499500,15432,rest,-7,-24,-4,-1,-8,-1,-2,-7
129.499552,15433,rest,15,9,-1,1,1,-1,0,14
129.501064,15434,rest,-7,18,3,1,2,1,0,-1
129.501070,15435,rest,4,11,2,-3,-2,-3,0,-3
129.513972,15436,rest,1,-6,-7,0,-1,2,2,4
129.514012,15437,rest,-39,2,1,0,-1,0,-2,1
129.520521,15438,rest,15,36,-1,0,-8,1,-2,1
129.520537,15439,rest,-19,-63,-5,-1,-7,-3,-2,-6
129.536841,15440,rest,-8,0,0,-5,-6,-2,-2,2
129.536860,15441,rest,17,10,2,4,29,1,1,4
129.538690,15442,rest,3,5,0,0,-10,-1,0,-3
129.538713,15443,rest,-2,4,3,1,2,2,1,0
129.559745,15444,rest,-1,-1,-4,-2,-5,-2,-1,1
129.559773,15445,rest,14,1,3,0,0,-1,-2,6
129.562135,15446,rest,-9,-4,2,-4,4,-1,-2,-39
129.562140,15447,rest,21,7,-6,-1,0,-1,0,-4
129.573754,15448,rest,-48,4,3,1,3,0,0,-3
129.573778,15449,rest,5,-38,-4,-1,-8,-2,-1,-22
129.580584,15450,rest,-8,-5,-2,-2,3,-3,-1,1
129.580609,15451,rest,5,16,-4,-7,-5,-2,-3,-4
129.598023,15452,rest,13,6,4,3,0,-2,0,-1
129.598036,15453,rest,-3,24,0,-3,-6,-1,0,2
129.598498,15454,rest,-10,-30,-3,1,-1,-1,-1,8
129.598518,15455,rest,21,5,2,1,3,1,0,-10
129.619347,15456,rest,12,18,-4,-4,-5,-2,0,1
129.619370,15457,rest,-7,-16,-5,-3,-2,-2,0,4
129.621096,15458,rest,6,13,4,2,5,0,1,19
129.621113,15459,rest,11,-16,-2,-3,-2,-2,-1,0
129.633904,15460,rest,-4,-24,0,-1,12,1,-1,-2
129.633928,15461,rest,-7,-7,-7,3,2,0,-2,7
129.640523,15462,rest,9,20,-1,-3,-5,-1,1,-8
129.640546,15463,rest,0,-8,6,5,10,0,0,-2
129.657283,15464,rest,29,7,3,0,-9,-2,0,1
129.657308,15465,rest,-27,-2,-4,-4,0,-1,-1,7
129.660320,15466,rest,-19,-14,-5,0,2,-2,-2,4
129.660328,15467,rest,12,25,1,0,-7,-1,1,3
129.679899,15468,rest,-5,-18,-1,-2,2,-1,-2,3
129.679937,15469,rest,18,17,0,1,-6,-1,-2,-18
129.681238,15470,rest,-10,-19,-5,-1,-3,-1,-1,-3
129.681267,15471,rest,-8,-13,2,-4,-4,0,-1,-1
129.693696,15472,rest,6,-4,-4,-1,-3,-2,-5,0
129.693720,15473,rest,10,-5,-2,-4,-9,-3,0,-22
129.700687,15474,rest,-16,-4,1,-1,-1,1,-2,-3
129.700706,15475,rest,7,25,-5,1,4,0,-1,4
129.716871,15476,rest,9,-22,1,-2,-4,-4,-2,-11
129.716898,15477,rest,10,5,1,-2,-7,-1,0,3
129.718544,15478,rest,11,4,-5,-1,2,0,0,3
129.718678,15479,rest,-14,3,-3,-3,-3,-3,-2,2
129.739923,15480,rest,15,1,-2,0,-3,-1,0,-4
129.739932,15481,rest,-1,3,2,-3,-5,-2,-2,10
129.740760,15482,rest,2,17,0,0,-1,0,1,35
129.740789,15483,rest,10,-5,-1,-1,14,1,-2,-1
129.755449,15484,rest,-8,3,-3,-1,-3,-1,1,1
129.755454,15485,rest,-20,-1,0,2,2,-1,-2,16
129.760819,15486,rest,-1,0,0,-3,1,-3,-3,-16
129.760845,15487,rest,0,-1,2,1,5,0,0,-3
129.777170,15488,rest,-12,-12,-8,-6,-37,-3,-2,1
129.777199,15489,rest,-17,-1,-2,-1,0,0,0,-7
129.779015,15490,rest,3,6,0,-1,1,-2,-1,-7
129.779028,15491,rest,-7,-2,-2,-2,-9,0,0,0
129.799352,15492,rest,1,12,1,1,12,-1,-1,-2
129.799371,15493,rest,26,35,0,0,-4,-1,1,5
129.800956,15494,rest,14,1,7,2,-3,0,0,0
129.801107,15495,rest,-79,-51,-5,-3,1,-2,-3,1
129.813635,15496,rest,-2,16,1,2,11,0,-1,0
129.813672,15497,rest,12,-14,0,-2,-2,-1,0,1
129.821841,15498,rest,5,13,0,1,4,-1,-1,0
129.821863,15499,rest,12,-6,-2,-1,-4,-3,0,-5
129.836831,15500,rest,0,2,1,0,2,-2,-1,4
129.836886,15501,rest,-7,17,-3,-6,-16,0,-2,-1
129.838323,15502,rest,-6,-9,-3,6,10,1,0,-5
129.838342,15503,rest,7,-33,-3,-3,-5,-2,-2,0
129.859464,15504,rest,-9,-6,-3,0,-1,-1,-1,0
129.859491,15505,rest,19,4,1,2,0,-1,1,7
129.861979,15506,rest,-10,-5,4,-4,-7,-4,-2,-3
129.861994,15507,rest,18,21,-1,-2,-5,-1,-1,-29
129.872996,15508,rest,3,-7,-6,-1,4,1,1,8
129.873014,15509,rest,-22,15,7,0,3,1,-2,26
129.882607,15510,rest,36,-25,-3,-2,-1,-2,-4,-6
129.882617,15511,rest,-23,3,0,-1,-1,0,-2,-7
129.899513,15512,rest,4,-19,1,-1,1,0,-2,-8
129.899525,15513,rest,3,2,-3,-2,0,0,-1,-9
129.899528,15514,rest,5,4,-2,-1,-5,2,0,1
129.899530,15515,rest,27,30,3,2,-3,0,1,15
129.919464,15516,rest,-9,-1,3,-1,0,-3,-2,-9
129.919488,15517,rest,-7,-30,-5,1,0,-1,0,3
129.921384,15518,rest,0,7,1,-1,0,-3,0,-15
129.921389,15519,rest,-31,-19,-6,-4,-1,0,0,0
129.933226,15520,rest,-6,16,1,-1,-1,1,0,-1
129.933246,15521,rest,6,2,1,1,2,-2,-1,1
129.944044,15522,rest,-5,-40,-4,-2,-3,-3,-2,-5
129.944057,15523,rest,8,16,-3,-2,-4,0,-2,1
129.957168,15524,rest,-4,4,0,-1,14,0,0,2
129.957192,15525,rest,4,14,2,3,-15,-3,-4,-13
129.959092,15526,rest,-21,-21,-2,-3,-2,0,1,5
129.959099,15527,rest,10,1,2,-1,-3,-2,0,4
129.979565,15528,rest,-4,-8,-7,3,1,0,-2,0
129.979598,15529,rest,2,4,0,-3,5,-1,0,-5
129.982189,15530,rest,-1,30,-2,1,1,1,1,5
129.982199,15531,rest,-3,-42,-2,-6,-6,-1,-3,-27
129.992969,15532,rest,27,6,3,0,-3,-1,0,-4
129.992994,15533,rest,-22,-17,-3,0,2,-1,-1,-5
130.002781,15534,rest,-13,3,1,-2,-3,-2,-2,8
130.002799,15535,rest,16,16,2,1,4,1,-1,-3
130.017135,15536,rest,8,-4,-1,-5,-6,-3,-1,-2
130.017158,15537,rest,9,-26,-1,0,0,-1,-1,-2
130.018735,15538,rest,-2,-25,-1,0,3,0,1,-25
130.018743,15539,rest,5,34,2,2,-1,-1,-5,11
130.039263,15540,rest,-29,-18,-3,1,-2,0,-1,-3
130.039276,15541,rest,5,0,2,1,0,0,-1,6
130.040720,15542,rest,-7,11,0,0,-1,1,-1,-1
130.040760,15543,rest,14,-8,1,1,-4,-1,-1,4
130.054401,15544,rest,16,19,-6,-3,-2,0,1,6
130.054410,15545,rest,-28,-16,-2,-1,0,0,-1,-8
130.063866,15546,rest,26,7,-2,-5,-10,-2,-4,9
130.063875,15547,rest,-13,1,-3,2,13,-2,2,5
130.076900,15548,rest,-2,4,7,1,-3,-1,-2,-1
130.076918,15549,rest,12,1,-4,-3,0,-1,-1,-1
130.078324,15550,rest,-2,0,0,-1,-3,-1,2,4
130.078341,15551,rest,5,29,1,-1,-6,-2,0,6
130.099474,15552,rest,-18,-34,-6,-3,-3,-2,-3,-8
130.099503,15553,rest,15,-35,4,-1,1,-1,-1,0
130.101968,15554,rest,-1,-7,-1,0,1,-2,1,6
130.101975,15555,rest,-33,3,-4,-2,-2,-1,-3,-3
130.113472,15556,rest,6,24,4,-2,-3,0,0,2
130.113497,15557,rest,0,17,-3,-1,-1,-1,-1,-2
130.123502,15558,rest,2,18,3,-1,5,-1,-3,0
130.123512,15559,rest,3,-62,-4,-1,-1,-1,2,0
130.137025,15560,rest,-3,9,1,-1,-1,-3,-2,-2
130.137051,15561,rest,4,-5,-7,0,0,0,1,1
130.138783,15562,rest,-4,3,-1,-2,-1,-1,0,-1
130.138804,15563,rest,14,24,-3,-3,-2,-2,-2,2
130.159535,15564,rest,-4,-4,2,0,1,-1,2,15
130.159560,15565,rest,0,-20,1,-2,-2,-1,-2,-5
130.161164,15566,rest,-14,-1,2,-1,-1,-1,-3,-4
130.161171,15567,rest,40,1,-5,1,-2,0,1,42
130.173024,15568,rest,-11,15,0,0,-3,-1,0,-9
130.173050,15569,rest,0,-2,3,0,0,-1,-2,-2
130.182944,15570,rest,3,-3,-4,-2,-2,0,-1,1
130.182952,15571,rest,4,-1,1,1,-2,-2,-2,-16
130.196971,15572,rest,-5,2,-2,-3,-4,-1,-1,-1
130.197038,15573,rest,1,10,-4,2,6,0,0,2
130.198433,15574,rest,-7,4,-5,-2,-3,-1,-3,-5
130.198453,15575,rest,-4,3,4,2,3,-1,-1,-3
130.219454,15576,rest,8,2,-4,1,1,-1,-1,-2
130.219471,15577,rest,-13,26,0,-3,-2,-2,0,1
130.221195,15578,rest,-7,-25,-3,-1,-1,-1,-2,-1
130.221201,15579,rest,-29,8,-2,-2,-1,-1,1,-2
130.249514,15580,rest,-5,-8,0,-2,-3,-1,-1,1
130.249540,15581,rest,-2,-3,-3,1,-5,-1,-2,-6
130.251112,15582,rest,18,3,4,0,13,-1,-2,-1
130.251122,15583,rest,-35,4,-4,-4,-2,2,0,-1
130.256181,15584,rest,-3,12,-2,-1,1,-2,-2,-2
130.256203,15585,rest,7,-9,-4,-3,-4,-2,-3,-2
130.263556,15586,rest,5,14,5,1,-2,-1,0,2
130.263584,15587,rest,7,-12,1,0,-3,0,-2,-6
130.279790,15588,rest,-44,3,-5,-2,0,-1,-2,-3
130.279827,15589,rest,1,-20,-1,0,2,0,-3,-2
130.281624,15590,rest,12,-3,-1,-1,-3,-2,2,5
130.281633,15591,rest,-11,9,1,-1,0,-1,-3,15
130.301857,15592,rest,13,-12,-5,-3,-2,1,-2,-7
130.301876,15593,rest,10,19,3,0,2,-2,1,8
130.303683,15594,rest,-17,6,-2,-1,-2,0,0,-10
130.303752,15595,rest,17,13,1,-3,-6,-4,0,-11
130.317047,15596,rest,20,-5,-1,1,2,0,1,3
130.317065,15597,rest,-19,-14,1,-4,-4,-3,-2,-59
130.318519,15598,rest,-11,-11,-1,3,1,0,0,4
130.318546,15599,rest,20,22,-1,-2,2,-2,-2,-4
132.341128,15600,clench,2,27,-15,-5,0,7,-10,2
132.341524,15601,clench,2,-51,-8,-1,0,-4,-8,-19
132.348119,15602,clench,-3,65,17,-1,-9,-9,11,-5
132.348146,15603,clench,-1,0,8,7,16,-2,9,19
132.364403,15604,clench,0,0,-16,-4,-4,21,1,10
132.364433,15605,clench,-2,36,1,0,7,5,-4,-28
132.366118,15606,clench,-2,-20,-14,1,-7,-2,0,1
132.366124,15607,clench,-1,31,12,5,2,-7,9,-4
132.387525,15608,clench,-6,8,-23,-11,-23,-32,-46,-9
132.387543,15609,clench,-2,-42,6,-1,9,31,37,18
132.388441,15610,clench,7,29,-6,-2,3,5,-5,-24
132.388462,15611,clench,0,-9,13,-1,0,4,4,14
132.402661,15612,clench,-4,-34,-21,0,6,-3,-2,3
132.402667,15613,clench,-3,-89,6,1,-8,-11,-24,-9
132.407993,15614,clench,-2,81,6,-8,0,2,20,18
132.408011,15615,clench,-2,-7,-32,-8,1,5,22,13
132.424330,15616,clench,0,10,22,3,-10,-6,-35,-42
132.424349,15617,clench,-1,38,1,-2,-3,-10,-8,-13
132.425879,15618,clench,0,-95,-30,-7,-3,-2,6,-9
132.425922,15619,clench,-1,23,-2,-3,7,16,-11,4
132.446935,15620,clench,-1,-17,-3,-1,-14,-10,19,15
132.446961,15621,clench,1,48,4,-3,-5,-8,-1,-8
132.448659,15622,clench,-2,-52,-12,2,0,5,-19,4
132.448674,15623,clench,-2,-12,-21,-4,-7,-20,-15,-15
132.461414,15624,clench,1,4,29,8,25,22,33,-20
132.461451,15625,clench,-7,6,-13,-10,-17,-23,-11,1
132.468141,15626,clench,3,12,8,2,0,17,30,4
132.468170,15627,clench,-3,-47,-18,-3,10,-4,-20,26
132.484425,15628,clench,5,47,11,-5,-3,13,3,5
132.484452,15629,clench,-1,82,-15,-3,-15,-10,5,-36
132.486271,15630,clench,-10,-52,45,7,24,14,-4,-24
132.486277,15631,clench,-7,42,1,0,-23,-9,-25,-11
132.506739,15632,clench,0,-63,-33,-1,7,-13,10,8
132.506757,15633,clench,-3,-34,10,4,11,7,-3,4
132.508391,15634,clench,2,27,-13,-4,4,3,-12,3
132.508416,15635,clench,2,-13,12,-5,-17,-1,8,-14
132.521112,15636,clench,3,-54,-24,-1,5,0,-14,20
132.521133,15637,clench,-5,102,22,4,4,10,41,-3
132.528029,15638,clench,-2,-50,-7,-1,-8,-31,-21,6
132.528066,15639,clench,4,0,17,1,15,18,-7,-3
132.544813,15640,clench,1,-46,-15,-8,-4,-9,1,-17
132.544821,15641,clench,1,31,-2,0,-8,-12,-20,27
132.546032,15642,clench,-1,-5,-4,1,6,6,19,42
132.546068,15643,clench,-4,-41,-11,-3,0,-10,15,-8
132.574230,15644,clench,-1,30,4,-2,-17,10,-10,5
132.574257,15645,clench,5,-20,2,2,19,0,-16,-7
132.576541,15646,clench,-8,-9,-1,-5,-14,0,-5,-10
132.576547,15647,clench,0,54,40,1,-15,0,27,-21
132.581325,15648,clench,-1,-8,-12,-2,12,-4,2,-14
132.581349,15649,clench,-1,-33,-10,-3,-10,-2,-22,-3
132.588088,15650,clench,5,-36,-30,-2,3,-11,-7,-2
132.588107,15651,clench,-4,-8,-4,-4,4,19,-4,-4
132.604346,15652,clench,-10,5,17,5,2,-23,21,4
132.604365,15653,clench,7,24,7,-3,0,5,-7,-4
132.605968,15654,clench,3,-53,-11,-3,-7,-9,3,-1
132.605974,15655,clench,6,9,7,-2,1,1,-7,16
132.626811,15656,clench,0,-13,9,9,2,-15,5,27
132.626832,15657,clench,-6,22,0,-5,9,34,0,-9
132.628441,15658,clench,-6,-66,-21,-4,-9,-2,1,-9
132.628472,15659,clench,2,93,23,5,-3,-8,4,-3
132.640335,15660,clench,3,-10,-13,-4,5,-1,-11,-2
132.640350,15661,clench,-7,-57,2,2,25,11,-6,-3
132.650492,15662,clench,-3,8,-24,-9,-23,-1,-15,-5
132.650497,15663,clench,-5,-1,49,2,-4,-13,53,-5
132.664402,15664,clench,-3,20,6,1,2,23,13,-10
132.664426,15665,clench,-6,-43,-7,-2,-9,-11,-61,-10
132.666775,15666,clench,-2,48,4,3,19,-2,3,22
132.666783,15667,clench,-10,41,-28,6,8,-5,-30,3
132.686780,15668,clench,8,31,3,-15,-18,11,3,-24
132.686806,15669,clench,-6,-27,-6,-6,0,-11,14,-28
132.688502,15670,clench,5,34,43,5,-10,-8,13,-14
132.688569,15671,clench,-2,-68,-28,-4,1,-16,-11,2
132.700794,15672,clench,-21,16,3,1,4,0,5,1
132.700803,15673,clench,5,79,-30,-3,-7,-1,10,10
132.710203,15674,clench,-4,12,23,4,10,-4,-4,-13
132.710214,15675,clench,7,-18,-9,-2,0,8,4,-1
132.724252,15676,clench,2,-3,-1,0,0,-2,-1,-8
132.724269,15677,clench,1,-33,-4,2,-5,-11,-23,16
132.725854,15678,clench,-7,-59,-38,-5,0,-20,30,-15
132.725860,15679,clench,3,58,43,-4,-17,33,17,17
132.748548,15680,clench,4,-48,-21,1,11,-11,-49,-7
132.748559,15681,clench,1,10,34,2,-12,-1,9,-1
132.748562,15682,clench,-1,-15,3,-1,-1,-10,-8,7
132.748564,15683,clench,-7,-21,-28,-3,19,-1,-10,-37
132.760768,15684,clench,-6,-21,-12,-2,-18,5,4,0
132.760801,15685,clench,5,16,-7,-1,-1,3,16,2
132.770095,15686,clench,2,86,23,5,3,-1,-6,22
132.770100,15687,clench,-6,-43,-11,-6,1,16,-8,-4
132.784566,15688,clench,-5,27,-1,-8,-7,-5,-8,9
132.784598,15689,clench,-4,-64,-3,3,10,-7,-6,-3
132.785849,15690,clench,9,71,22,-2,-12,17,18,5
132.785949,15691,clench,-5,-68,-18,2,-1,-8,-11,3
132.807040,15692,clench,2,67,1,5,3,-2,4,17
132.807065,15693,clench,-8,11,2,-1,-8,-5,-4,-30
132.808592,15694,clench,6,-45,-5,-5,13,0,-18,10
132.808690,15695,clench,0,-37,-44,-8,-5,9,39,3
132.820503,15696,clench,-4,42,35,2,-6,1,-30,-23
132.820527,15697,clench,2,4,-7,0,-5,-14,7,3
132.831488,15698,clench,-4,-27,4,2,6,12,-15,-10
132.831494,15699,clench,4,28,-19,-8,-13,-4,-3,7
132.844385,15700,clench,6,-43,-8,-4,10,10,15,21
132.844446,15701,clench,-3,60,1,1,-9,-14,4,-17
132.846081,15702,clench,-1,0,-11,0,8,14,-2,3
132.846110,15703,clench,4,-71,12,8,1,-30,-14,23
132.866997,15704,clench,10,82,-4,-6,5,28,13,17
132.867022,15705,clench,-2,-39,6,-2,0,-2,-3,5
132.868591,15706,clench,-4,17,7,4,2,-2,-14,-2
132.868599,15707,clench,0,-35,7,-3,1,-22,-38,-23
132.880766,15708,clench,3,-18,-5,0,6,7,26,-6
132.880797,15709,clench,0,-48,-10,-5,-4,14,16,21
132.889558,15710,clench,3,64,1,0,2,1,6,-1
132.889568,15711,clench,-7,-10,16,1,-10,-8,-14,3
132.905296,15712,clench,5,1,-2,3,3,-1,4,-3
132.905301,15713,clench,4,10,15,3,7,15,1,20
132.905717,15714,clench,-5,-20,-19,-10,-10,-7,5,-9
132.905724,15715,clench,6,42,6,-1,4,0,-9,-11
132.927112,15716,clench,-14,-51,-7,-5,-10,-27,2,1
132.927128,15717,clench,-2,2,-4,0,2,9,-1,-4
132.930273,15718,clench,-2,9,2,2,9,4,8,4
132.930282,15719,clench,0,-4,-2,0,-14,-23,-10,-2
132.940598,15720,clench,3,-4,4,0,-6,4,-3,-4
132.940620,15721,clench,6,-42,1,-4,12,13,22,27
132.955694,15722,clench,2,7,-6,-7,-11,2,-23,-6
132.955718,15723,clench,0,5,-6,1,4,18,0,10
132.964379,15724,clench,-2,-24,-8,-1,-3,-22,-41,-4
132.964401,15725,clench,5,11,-1,0,-6,-8,31,41
132.966384,15726,clench,3,9,2,0,2,11,11,11
132.966391,15727,clench,-5,-11,-18,-3,3,-9,-33,1
132.986800,15728,clench,0,43,3,6,12,12,-4,0
132.986816,15729,clench,-3,3,5,-6,-9,-12,-8,-9
132.988327,15730,clench,-4,-17,-3,-1,-3,-2,-1,-6
132.988370,15731,clench,2,38,2,-3,0,8,17,1
133.000555,15732,clench,-4,-32,-10,-2,6,-7,2,4
133.000575,15733,clench,0,15,3,-3,-8,2,-13,-26
133.011784,15734,clench,5,-84,-11,1,-7,-14,15,7
133.011790,15735,clench,-1,68,8,1,11,15,15,-10
133.024420,15736,clench,1,-22,7,0,-13,-7,3,-2
133.024447,15737,clench,0,-20,9,5,3,-6,-7,-1
133.026668,15738,clench,-3,-2,-3,-3,-6,5,-19,-10
133.026674,15739,clench,0,58,22,0,-2,5,12,-12
133.047039,15740,clench,-1,2,-5,3,6,-7,10,17
133.047066,15741,clench,-6,-17,-6,-1,-4,-8,6,-3
133.048441,15742,clench,-1,5,2,-6,-7,-23,-15,17
133.048463,15743,clench,-5,-26,-16,-6,3,32,-18,-14
133.069314,15744,clench,-3,22,13,-2,-8,-3,25,-6
133.069339,15745,clench,0,12,-3,2,-2,0,-3,-2
133.071361,15746,clench,-4,15,-6,0,6,-1,11,-6
133.071370,15747,clench,0,-70,-1,0,-4,-13,-15,0
133.084257,15748,clench,2,22,0,1,-2,-7,-2,0
133.084276,15749,clench,-1,44,-8,-3,-4,-3,-9,-6
133.085889,15750,clench,-3,23,5,-5,3,4,-2,-12
133.085934,15751,clench,4,-30,-4,0,-15,7,31,21
133.108195,15752,clench,4,-27,-1,-4,-7,1,-29,8
133.108205,15753,clench,-1,20,-8,0,2,-10,-4,-11
133.108563,15754,clench,-2,21,-17,0,4,-5,-9,-3
133.108570,15755,clench,-3,-70,-4,-4,0,-2,17,-4
133.129566,15756,clench,-4,22,26,5,13,6,1,-5
133.132183,15757,clench,-1,16,-1,-4,-7,11,9,-9
133.132191,15758,clench,-6,46,11,2,-4,-2,-4,-27
133.132193,15759,clench,5,-10,-10,1,-1,-9,-5,2
133.145039,15760,clench,2,-16,-14,-5,1,-4,-2,-5
133.145085,15761,clench,-5,-23,-2,0,-2,-7,-4,-20
133.147550,15762,clench,-1,-51,3,-4,-8,7,12,-3
133.147561,15763,clench,-5,25,6,2,9,2,-15,-8
133.166867,15764,clench,-4,4,-6,-2,-2,-6,-14,5
133.166888,15765,clench,2,3,7,2,-2,3,12,-13
133.168805,15766,clench,1,-23,-5,-3,-5,1,15,11
133.168815,15767,clench,3,49,6,2,-1,-8,12,0
133.189432,15768,clench,6,8,-18,-1,4,-2,-18,-5
133.189458,15769,clench,-7,-11,19,9,13,-4,-34,1
133.190858,15770,clench,-8,5,6,-4,-2,1,10,-2
133.190881,15771,clench,-2,19,-7,-6,-22,-12,3,-22
133.203741,15772,clench,-4,67,1,0,13,22,14,2
133.203773,15773,clench,2,-21,-8,-3,-5,-1,-9,-19
133.210471,15774,clench,2,9,9,9,14,17,3,20
133.210497,15775,clench,-8,7,-6,0,7,3,-14,-3
133.226863,15776,clench,-1,-117,-23,-1,-7,-2,19,2
133.228377,15777,clench,-3,41,1,-6,-3,-9,-3,10
133.228394,15778,clench,5,-6,-16,-1,1,-4,-10,1
133.228396,15779,clench,-3,-4,19,3,2,-4,0,-1
133.249327,15780,clench,-3,-30,13,3,4,6,20,14
133.249365,15781,clench,-1,5,8,3,2,-1,-28,21
133.250964,15782,clench,-1,-22,-3,-6,-11,-3,17,2
133.250982,15783,clench,1,-70,-14,-6,2,-8,24,13
133.263131,15784,clench,0,91,11,1,-7,-28,-84,-37
133.263155,15785,clench,6,-14,3,-5,-10,14,65,2
133.271087,15786,clench,3,-7,-11,-2,-1,7,-5,-7
133.271108,15787,clench,-2,24,3,0,1,5,5,-4
133.286341,15788,clench,-9,-46,-7,-2,4,1,5,1
133.286456,15789,clench,-1,-56,-14,-1,-3,-8,-6,6
133.288008,15790,clench,-2,42,20,2,-4,-11,-7,-4
133.288014,15791,clench,1,32,-10,-1,4,-3,1,12
133.310520,15792,clench,-4,-42,-6,-2,-8,4,-3,-4
133.310525,15793,clench,2,42,2,-2,4,0,-3,0
133.310528,15794,clench,-6,17,-4,-1,6,-5,6,-4
133.310530,15795,clench,-1,49,5,0,-5,-2,-21,-6
133.323548,15796,clench,12,1,-11,-2,-5,10,20,57
133.326037,15797,clench,-3,14,5,-1,-7,10,4,9
133.331455,15798,clench,-5,-49,-12,-3,3,-3,-21,-5
133.333492,15799,clench,-1,-10,-2,0,5,-14,-13,-10
133.346661,15800,clench,-3,-44,-2,-4,-17,-9,-2,-18
133.346750,15801,clench,3,25,-2,1,6,-8,11,28
133.347050,15802,clench,-2,8,11,4,2,6,1,8
133.347076,15803,clench,0,-10,6,-2,-5,7,-3,1
133.368572,15804,clench,-4,-17,-5,-4,1,3,4,-12
133.368591,15805,clench,0,-19,5,3,10,-7,2,7
133.370170,15806,clench,-1,1,-17,-5,-14,-21,-37,-9
133.370178,15807,clench,4,-40,8,-4,-14,-7,20,4
133.383060,15808,clench,0,-12,23,1,-9,-16,9,-10
133.383081,15809,clench,-6,0,-11,-2,5,28,4,-5
133.391071,15810,clench,0,68,6,4,4,-11,2,7
133.393184,15811,clench,6,-53,3,1,1,13,-25,-10
133.406086,15812,clench,-2,16,-10,-2,2,-8,7,-5
133.406102,15813,clench,-1,-25,3,-2,-8,-10,-7,-13
133.406717,15814,clench,-3,4,-4,1,4,3,2,-24
133.406741,15815,clench,-7,-10,13,6,9,4,15,0
133.428811,15816,clench,-3,70,0,-4,2,-4,0,-10
133.428843,15817,clench,5,-8,-13,-3,-9,0,11,27
133.431257,15818,clench,-3,-56,-10,-2,4,9,-15,-13
133.431265,15819,clench,-11,76,5,-3,16,13,-13,1
133.443218,15820,clench,0,-18,-4,4,-20,-8,-1,-15
133.443238,15821,clench,3,-32,-12,2,-7,-6,13,13
133.452276,15822,clench,5,8,19,-5,-4,6,1,4
133.452284,15823,clench,1,-8,-16,-1,-1,-11,5,8
133.467386,15824,clench,-4,22,5,-1,8,-5,-6,8
133.467392,15825,clench,-6,-44,1,1,6,13,-16,-22
133.467394,15826,clench,1,5,-7,0,-8,-3,28,7
133.467397,15827,clench,2,-11,-13,3,7,1,-31,0
133.488636,15828,clench,-2,50,-7,-8,1,8,24,4
133.488659,15829,clench,4,-27,-3,-2,-7,-20,-1,-11
133.490039,15830,clench,-7,-41,8,3,5,3,-11,-6
133.490048,15831,clench,-1,80,-12,-6,-11,-11,5,-2
133.502923,15832,clench,2,-100,14,-1,12,-4,-9,-10
133.502946,15833,clench,0,123,11,5,-4,19,0,28
133.511524,15834,clench,-1,-2,3,-1,25,19,7,5
133.511563,15835,clench,-6,-20,5,0,-37,-27,-19,-20
133.526072,15836,clench,3,-14,7,4,4,2,4,17
133.526096,15837,clench,2,-12,-7,-5,0,-4,-18,-26
133.528686,15838,clench,0,16,4,0,-2,-7,12,-5
133.528692,15839,clench,-5,-28,-6,-1,12,13,19,7
133.548707,15840,clench,-3,78,-5,1,-2,9,2,1
133.548899,15841,clench,-7,58,20,2,4,-7,-9,-40
133.549537,15842,clench,2,-28,-19,-3,-5,-5,-8,19
133.549556,15843,clench,-1,-34,-5,-4,1,-2,15,3
133.563026,15844,clench,4,27,2,0,2,-6,-11,-10
133.563047,15845,clench,-9,-7,-4,-3,0,2,-9,-8
133.571278,15846,clench,-1,-29,-6,-3,-19,-31,-24,-13
133.571304,15847,clench,-1,-3,16,-1,-3,4,34,0
133.586102,15848,clench,0,-12,-13,-1,-6,12,26,1
133.586123,15849,clench,2,-24,-13,-4,4,-15,-32,-3
133.588437,15850,clench,-1,-2,-3,1,-5,2,4,-5
133.588444,15851,clench,4,18,2,-2,1,3,-21,17
133.608528,15852,clench,-6,-106,-17,-6,-9,-10,-1,-5
133.608549,15853,clench,-7,-29,-4,-3,7,0,15,-21
133.609303,15854,clench,4,108,25,1,-8,11,19,10
133.609322,15855,clench,3,15,2,3,8,5,-22,-6
133.623194,15856,clench,-2,1,6,4,1,-10,-13,-7
133.625628,15857,clench,-3,-16,-21,-7,0,10,-9,7
133.631192,15858,clench,-5,-82,-3,-8,-6,-4,10,-2
133.631217,15859,clench,1,0,-8,-1,-2,-1,-1,-13
133.646599,15860,clench,0,27,13,-1,11,7,-22,9
133.646639,15861,clench,-1,10,5,5,-6,-4,27,-15
133.648741,15862,clench,0,-13,-7,3,2,-18,2,4
133.648749,15863,clench,-1,-17,-5,-9,-12,-3,-27,2
133.669101,15864,clench,-2,-45,-17,-4,0,3,26,1
133.669111,15865,clench,-2,113,18,0,-5,-2,-22,-6
133.669372,15866,clench,-2,-14,-5,4,12,3,-1,-2
133.669398,15867,clench,0,-50,-4,2,0,-11,-8,14
133.683045,15868,clench,0,57,4,1,-3,6,10,4
133.683069,15869,clench,0,-105,-1,0,9,0,-12,12
133.691552,15870,clench,1,67,1,-7,-17,-25,6,3
133.691576,15871,clench,5,44,9,1,6,29,-8,21
133.706269,15872,clench,5,-12,2,-1,-6,-1,-7,-11
133.707305,15873,clench,-1,-18,-2,1,19,0,14,2
133.707310,15874,clench,9,-30,-12,-1,-11,6,6,10
133.707312,15875,clench,-1,10,-17,-2,-4,-30,-6,-13
133.728793,15876,clench,-8,73,8,0,-1,7,10,1
133.728827,15877,clench,0,-3,-3,-1,-1,-2,1,6
133.731449,15878,clench,-3,-24,-10,-3,2,6,-3,-8
133.731458,15879,clench,-4,-25,-4,-2,2,0,19,2
133.743087,15880,clench,1,2,-12,-3,-4,-1,-28,-17
133.743113,15881,clench,-2,-93,-5,-5,-15,-13,-30,3
133.751137,15882,clench,0,110,16,3,6,6,26,10
133.751156,15883,clench,-1,2,1,-4,0,3,-3,-9
133.766211,15884,clench,-4,-3,3,-1,7,8,-3,-4
133.766248,15885,clench,2,9,11,1,-11,-4,11,-18
133.766881,15886,clench,-5,-14,-11,-4,-5,-1,-14,-6
133.766897,15887,clench,-12,-10,-9,2,18,6,0,-20
133.789020,15888,clench,-4,-3,1,-4,-11,-10,26,0
133.789116,15889,clench,-8,112,15,-3,3,-5,-33,-12
133.790737,15890,clench,7,-68,-13,-3,-8,15,6,-3
133.790742,15891,clench,-2,14,-13,-3,-12,-9,3,-2
133.802950,15892,clench,-6,2,22,-1,1,5,-14,-3
133.802975,15893,clench,5,7,-23,-6,-6,-14,23,30
133.811327,15894,clench,-7,4,33,4,6,15,-15,-13
133.811334,15895,clench,8,-7,-10,-8,-5,-4,-7,24
133.826557,15896,clench,5,-51,-15,1,2,5,20,2
133.826566,15897,clench,-1,-29,-3,1,2,6,-28,-1
133.826901,15898,clench,1,17,3,-1,9,0,1,14
133.826909,15899,clench,-4,-20,-3,0,-13,-12,13,-21
133.848405,15900,clench,0,-13,22,2,5,4,-43,-11
133.848568,15901,clench,1,-24,-4,-1,11,0,16,4
133.858358,15902,clench,-4,45,0,1,-19,-10,11,2
133.858363,15903,clench,1,-9,-4,-2,9,17,15,-2
133.863368,15904,clench,-4,31,3,-1,-5,-23,5,0
133.863404,15905,clench,-4,-9,-13,-3,-15,2,-20,-5
133.871376,15906,clench,2,-56,9,8,16,-7,-29,-6
133.871394,15907,clench,1,-23,-7,-1,-4,-10,1,-2
133.886098,15908,clench,4,50,0,-6,6,14,22,-1
133.886118,15909,clench,0,12,7,-2,-7,-1,18,15
133.888066,15910,clench,-6,3,-11,-2,-4,0,-25,-24
133.888075,15911,clench,5,3,-1,3,5,3,-9,1
133.908600,15912,clench,-1,-6,-16,1,3,-8,-4,5
133.908626,15913,clench,4,2,-4,1,3,1,8,-7
133.909504,15914,clench,0,-25,23,-2,-6,-18,-13,-2
133.909602,15915,clench,-15,83,11,1,11,20,11,-10
133.922930,15916,clench,10,-60,-4,-1,-14,-5,19,-14
133.922947,15917,clench,1,-76,3,4,10,10,-20,19
133.931201,15918,clench,-5,102,14,-1,-5,-4,7,0
133.931229,15919,clench,2,-6,2,-4,-1,-8,9,-7
133.946356,15920,clench,-5,5,-6,1,2,-1,-27,8
133.946404,15921,clench,0,21,-2,-2,-1,-8,7,-2
133.948622,15922,clench,5,-62,-18,-5,4,12,-1,26
133.948630,15923,clench,-5,8,-3,-6,-12,-21,-10,16
133.968603,15924,clench,4,-70,2,0,8,36,17,3
133.968659,15925,clench,0,43,7,5,-13,-25,-6,-5
133.969323,15926,clench,-3,-4,-8,-3,24,24,4,1
133.969346,15927,clench,-3,-11,9,0,-30,-15,1,-13
133.991865,15928,clench,-9,-75,-37,-4,-1,-26,-13,-10
133.991889,15929,clench,-1,56,9,-1,-3,11,18,-14
133.993556,15930,clench,2,-20,4,2,-1,9,2,-32
133.993565,15931,clench,-6,16,9,1,3,1,-13,10
134.006170,15932,clench,-9,-2,-2,-1,0,-9,2,3
134.007430,15933,clench,0,-90,-24,-8,-3,5,-32,1
134.007435,15934,clench,-4,-21,-5,-1,-3,-7,26,-5
134.007437,15935,clench,15,62,10,0,10,20,13,1
134.028641,15936,clench,1,-13,-3,-6,-14,-11,-23,12
134.028664,15937,clench,-8,60,15,2,1,-8,25,2
134.029494,15938,clench,-2,-20,-16,-6,0,16,-35,-44
134.029517,15939,clench,5,-70,-6,1,5,-7,-6,13
134.051316,15940,clench,-1,87,23,7,4,-1,0,33
134.051341,15941,clench,8,0,-1,-3,4,7,21,6
134.052304,15942,clench,-9,-32,1,2,-4,-16,-13,-4
134.052308,15943,clench,-3,-39,-11,-2,-16,-21,10,-4
134.066156,15944,clench,-10,90,14,3,5,11,-7,-8
134.066180,15945,clench,7,-72,-15,-5,-8,1,0,-6
134.067273,15946,clench,3,61,-1,-3,-1,-4,22,17
134.067280,15947,clench,-1,-57,-9,0,12,0,-26,-15
134.090002,15948,clench,5,-63,17,5,-7,-7,4,13
134.090012,15949,clench,-17,45,3,-9,9,2,10,-12
134.090017,15950,clench,4,-21,-25,-3,-6,14,-4,6
134.090022,15951,clench,3,28,-1,-3,0,3,-7,-6
134.111921,15952,clench,-1,-10,-5,-3,-13,-19,-6,-10
134.111949,15953,clench,-4,3,-6,-1,6,8,-4,-2
134.113338,15954,clench,-10,-18,2,2,-2,-10,14,18
134.113348,15955,clench,-3,55,3,-1,-3,-6,-3,3
134.136115,15956,clench,2,-4,-16,-2,4,13,1,-12
134.136124,15957,clench,-4,37,4,3,-2,-13,-1,-34
134.136128,15958,clench,7,50,9,-1,3,8,-19,21
134.136130,15959,clench,-9,-73,-5,2,5,5,12,6
134.148578,15960,clench,-3,64,3,-7,-3,-7,-2,-21
134.148596,15961,clench,8,-43,-1,2,-5,0,-3,6
134.150690,15962,clench,-2,-15,-2,-3,-12,-18,-2,-2
134.150701,15963,clench,0,-19,-5,5,7,9,6,-6
134.171222,15964,clench,0,-1,-13,-1,-6,4,-3,-9
134.171247,15965,clench,3,3,8,4,5,2,2,26
134.172111,15966,clench,0,-14,-2,-8,-4,-3,-3,0
134.172129,15967,clench,2,-10,-5,-1,-7,-8,-5,1
134.186103,15968,clench,-4,-11,-9,-9,-2,-8,12,-1
134.186130,15969,clench,2,77,-7,-2,-3,3,0,7
134.186888,15970,clench,-1,-20,1,8,-1,-18,-74,-13
134.186907,15971,clench,-1,3,-1,-4,2,25,53,8
134.208703,15972,clench,1,-76,15,5,7,-6,-7,4
134.210564,15973,clench,3,16,-1,-7,-9,7,-20,6
134.210570,15974,clench,5,12,-1,-2,1,-8,10,-5
134.210573,15975,clench,-9,-3,-17,-6,1,1,-16,-12
134.232514,15976,clench,9,15,7,3,-3,-3,-4,27
134.232521,15977,clench,-8,-25,5,2,-12,-14,-6,2
134.238820,15978,clench,-4,-6,-5,1,16,15,30,0
134.238844,15979,clench,8,29,14,3,-8,-13,-12,-3
134.247590,15980,clench,-7,-38,-33,-5,2,8,12,1
134.247597,15981,clench,-1,21,-2,-6,-5,-11,-26,-13
134.247600,15982,clench,-3,33,2,-1,8,6,17,17
134.247602,15983,clench,4,22,22,0,-6,0,1,-4
134.268628,15984,clench,-1,24,12,2,1,-5,-10,-13
134.268651,15985,clench,10,-26,-8,2,8,5,9,59
134.270474,15986,clench,0,-39,8,2,-3,-11,2,-7
134.270481,15987,clench,1,-35,-10,-8,1,6,-28,1
134.291042,15988,clench,1,9,-17,-1,-1,-14,-2,2
134.291126,15989,clench,-6,-11,31,4,-1,8,-1,-19
134.292691,15990,clench,0,110,4,-2,-10,2,32,10
134.292696,15991,clench,-3,-4,1,2,0,-5,10,12
134.308005,15992,clench,-1,-15,-3,-1,-2,-10,-15,-14
134.308010,15993,clench,-2,-18,-17,-3,2,12,6,-10
134.308012,15994,clench,2,-10,-9,0,-3,-6,-8,-11
134.308014,15995,clench,-7,-2,-6,-1,0,2,9,18
134.328974,15996,clench,-4,-55,-20,-13,-8,-3,-1,-10
134.329003,15997,clench,7,56,5,2,14,10,22,1
134.329694,15998,clench,-4,-76,5,-4,-17,-14,17,7
134.329713,15999,clench,4,60,-9,-1,-6,-9,-23,-15
134.351333,16000,clench,-4,-35,11,1,0,11,-3,-12
134.351382,16001,clench,-6,-71,-9,-5,-2,-2,0,-14
134.353392,16002,clench,-8,33,11,-1,2,3,-9,-17
134.353404,16003,clench,1,-29,3,6,6,-10,12,-3
134.366209,16004,clench,-11,48,1,-4,6,15,-26,1
134.366233,16005,clench,-4,-46,-14,-2,-14,3,20,-21
134.368583,16006,clench,5,2,14,0,-2,-7,-6,-10
134.368592,16007,clench,-4,7,-4,1,1,2,14,0
134.388509,16008,clench,7,47,1,1,6,6,-31,5
134.388529,16009,clench,-9,-46,-1,-1,0,-9,1,-15
134.389340,16010,clench,0,-3,-7,0,3,4,-3,8
134.389352,16011,clench,-7,-13,2,-4,-5,-7,1,1
134.411334,16012,clench,1,-21,2,1,-2,-2,12,4
134.411354,16013,clench,0,-2,-26,-4,3,-10,-12,-1
134.413658,16014,clench,2,49,24,4,2,5,-11,2
134.413670,16015,clench,0,-9,10,-1,-9,-8,7,-9
134.426288,16016,clench,-1,-9,-8,3,3,-3,14,-19
134.426314,16017,clench,0,22,8,1,-2,2,-6,7
134.427493,16018,clench,-2,-74,-32,-6,2,-4,-11,1
134.427499,16019,clench,2,66,-2,-4,4,11,-2,2
134.449760,16020,clench,-9,50,13,2,3,-5,-8,-27
134.449772,16021,clench,-3,-3,9,1,-12,-16,-11,4
134.449775,16022,clench,4,-8,-9,-1,10,8,15,0
134.449777,16023,clench,5,-6,-8,-8,-7,12,-22,-17
134.471082,16024,clench,7,-28,-18,0,-3,-16,11,12
134.471106,16025,clench,-1,5,11,0,1,-1,-1,-2
134.473034,16026,clench,-3,0,-2,2,10,12,-19,1
134.473039,16027,clench,-3,-23,-6,2,-4,-18,-5,-4
134.485508,16028,clench,4,20,5,-4,-14,7,16,24
134.485532,16029,clench,-4,27,2,-1,1,5,10,0
134.493889,16030,clench,4,5,-24,-7,-3,-1,5,-7
134.496626,16031,clench,-6,39,31,3,10,-3,-8,-2
134.508720,16032,clench,1,17,-5,2,4,-4,-1,3
134.508746,16033,clench,-4,-6,5,-3,-11,-2,6,6
134.510669,16034,clench,2,1,4,-2,-2,-4,7,-12
134.510675,16035,clench,-7,-30,-16,-1,1,0,-11,-1
134.531139,16036,clench,5,-39,-1,1,6,12,11,4
134.531164,16037,clench,-7,57,-6,4,4,-6,-15,-6
134.531889,16038,clench,-10,-61,-6,-5,-10,-4,7,1
134.531911,16039,clench,3,69,7,0,1,-11,1,12
134.546290,16040,clench,-1,-3,7,-3,2,22,-4,-3
134.547584,16041,clench,0,-51,-8,-1,3,-4,12,0
134.547590,16042,clench,4,-27,-9,2,-17,-19,-33,2
134.547593,16043,clench,-5,83,1,1,2,6,28,7
134.568573,16044,clench,-2,-30,-6,-2,-1,-10,11,5
134.568599,16045,clench,2,53,23,-5,-1,1,-11,-4
134.569762,16046,clench,-6,12,1,0,1,4,2,-8
134.569767,16047,clench,1,-61,0,2,0,2,8,-9
134.591038,16048,clench,-2,4,-9,-7,-2,-13,-25,-7
134.591054,16049,clench,1,-54,-12,-4,-14,-8,-15,4
134.591684,16050,clench,7,81,31,-3,-5,0,20,14
134.591695,16051,clench,2,-48,-5,-5,0,3,1,-1
134.605456,16052,clench,-3,11,-1,5,1,11,3,-11
134.605486,16053,clench,1,7,-1,-1,1,-9,1,28
134.613884,16054,clench,-5,-66,-15,-2,-1,-1,-8,-7
134.613911,16055,clench,-5,-13,0,1,1,-6,-6,-3
134.628883,16056,clench,0,12,13,-3,2,5,12,3
134.628913,16057,clench,-5,18,-12,-1,-2,-11,6,-22
134.631241,16058,clench,3,11,17,8,-5,3,38,45
134.631247,16059,clench,4,1,1,0,4,17,-15,-1
134.652378,16060,clench,5,-54,-15,-3,-4,-11,-21,7
134.652387,16061,clench,0,79,2,-1,-2,-17,17,-7
134.652389,16062,clench,-7,1,-10,-2,11,20,1,-3
134.652391,16063,clench,6,-19,-2,-3,-6,-5,-6,-3
134.665488,16064,clench,8,-9,2,1,-2,-6,10,14
134.665517,16065,clench,1,-34,-6,1,5,7,-11,-13
134.673597,16066,clench,-12,5,-7,-8,-3,-9,-12,-8
134.675796,16067,clench,-1,-98,-7,0,-1,-8,-3,1
134.688650,16068,clench,-7,103,14,2,0,8,7,-8
134.688668,16069,clench,6,55,-19,-5,-9,-8,-21,-21
134.689720,16070,clench,-3,8,2,-2,-2,7,1,-2
134.689725,16071,clench,4,-50,13,3,6,5,3,-1
134.711334,16072,clench,-1,-7,-1,-5,-6,-7,3,6
134.711372,16073,clench,-2,-94,-7,3,5,7,12,-18
134.713500,16074,clench,3,99,-11,4,22,7,-30,17
134.713508,16075,clench,-8,6,13,0,-18,-25,7,3
134.725661,16076,clench,-5,-21,2,-6,-23,-16,-5,-33
134.725687,16077,clench,1,-64,-10,0,9,19,1,-2
134.733702,16078,clench,0,31,0,-13,-11,6,1,-12
134.733727,16079,clench,-2,65,0,-3,5,17,4,-1
134.748704,16080,clench,7,-13,-7,5,2,-1,6,8
134.748727,16081,clench,-2,-22,2,-1,-4,-7,3,10
134.749505,16082,clench,1,-46,-3,4,4,-10,5,-13
134.749528,16083,clench,-11,23,-9,1,6,4,-21,-6
134.771258,16084,clench,-8,-2,-13,-7,-7,-4,5,-1
134.771282,16085,clench,8,28,16,2,4,9,13,11
134.773167,16086,clench,0,29,13,5,-1,-6,-3,8
134.773177,16087,clench,-8,6,-9,-2,0,-4,-8,-12
134.785417,16088,clench,4,-30,-3,2,0,17,18,41
134.785443,16089,clench,0,44,7,2,5,-9,-50,-3
134.793728,16090,clench,3,-1,-5,-6,-8,11,-2,-12
134.793752,16091,clench,-6,-28,-3,-3,-4,-4,-7,2
134.808693,16092,clench,-9,-9,-2,-2,0,-6,-4,-12
134.808704,16093,clench,-7,4,3,2,6,5,18,-14
134.809228,16094,clench,5,-65,-25,3,-6,-7,0,5
134.809268,16095,clench,13,72,22,-3,1,0,-8,-5
134.831258,16096,clench,-1,3,-2,-1,6,3,1,-6
134.831279,16097,clench,-8,-8,4,0,-8,-5,7,-3
134.833574,16098,clench,-3,-18,-13,-2,1,4,-23,0
134.833581,16099,clench,1,-29,-15,-2,-6,-6,5,6
134.845460,16100,clench,-4,20,9,2,7,-3,3,-5
134.845545,16101,clench,-1,-18,-1,3,1,2,-40,-3
134.855003,16102,clench,-6,19,0,-4,14,10,45,-7
134.855011,16103,clench,9,-18,-8,-3,-12,14,2,12
134.868629,16104,clench,1,93,43,7,-5,1,4,-3
134.870171,16105,clench,-4,-35,-13,-4,-3,-6,0,15
134.870178,16106,clench,-4,-31,0,-3,-3,-13,-4,-36
134.870181,16107,clench,-4,-13,-6,0,0,-12,-23,-5
134.891786,16108,clench,-5,-72,-30,0,8,0,4,8
134.891811,16109,clench,4,74,33,-10,-7,25,10,26
134.891815,16110,clench,4,-15,-2,0,-5,-5,4,1
134.891820,16111,clench,4,10,2,1,2,1,10,0
134.905547,16112,clench,1,-77,-19,-1,-3,-20,-13,-4
134.905572,16113,clench,-3,44,5,-2,-9,-14,-9,-8
134.913884,16114,clench,0,-93,-20,-1,12,19,2,16
134.913907,16115,clench,-5,81,33,1,-3,-3,8,11
134.928921,16116,clench,4,2,-12,-3,-17,-3,-15,3
134.928959,16117,clench,-9,-50,3,-3,1,-2,18,-7
134.932508,16118,clench,0,-8,3,-1,-9,-20,-6,0
134.932521,16119,clench,6,-11,-19,0,6,3,31,7
134.951193,16120,clench,-3,1,8,3,10,-1,-4,-4
134.951212,16121,clench,4,-25,-11,-1,-1,2,13,5
134.951805,16122,clench,-3,11,3,-3,-5,-2,-16,-18
134.951819,16123,clench,-4,45,4,1,2,-9,-16,-16
134.974448,16124,clench,4,39,11,1,1,5,4,29
134.974472,16125,clench,1,-17,-10,1,2,14,2,2
134.976726,16126,clench,0,1,9,1,-2,-7,-4,1
134.976731,16127,clench,-1,-27,-18,-7,-2,2,-1,-5
134.988703,16128,clench,-2,-8,-3,-3,-2,-5,-8,-14
134.989738,16129,clench,-2,-58,-25,0,7,-5,-4,-6
134.989742,16130,clench,-7,105,28,1,-6,-12,-9,6
134.989744,16131,clench,6,-40,-1,-4,4,3,0,29
135.011237,16132,clench,-2,59,-3,-4,-8,8,3,-5
135.011271,16133,clench,3,-4,-9,-4,1,1,11,11
135.013891,16134,clench,2,-56,-8,0,-4,-3,-2,19
135.013899,16135,clench,-2,-3,2,3,2,-6,-6,-10
135.034437,16136,clench,-4,-5,12,-1,15,4,-11,-8
135.034464,16137,clench,-1,-36,-9,5,-8,-6,1,-6
135.035560,16138,clench,1,45,2,-2,-7,-4,14,-1
135.035566,16139,clench,-2,29,-1,-3,5,10,-23,-11
135.048720,16140,clench,1,-21,-5,-5,-6,10,26,18
135.048742,16141,clench,1,10,10,3,4,0,-21,-16
135.049455,16142,clench,-3,-24,-7,2,-1,-11,-16,-12
135.049483,16143,clench,-6,-61,7,6,7,-2,7,-30
135.071312,16144,clench,-7,-6,0,-6,-13,3,-9,-14
135.071337,16145,clench,0,48,7,5,4,0,1,-10
135.073336,16146,clench,0,-12,-3,-8,-7,4,-1,11
135.073342,16147,clench,1,62,-25,-4,-2,2,1,5
135.094298,16148,clench,4,-27,2,0,-2,-17,6,-8
135.094324,16149,clench,-7,-24,-16,-5,-1,-2,-12,-1
135.094886,16150,clench,-2,-2,-2,1,2,-5,-7,-6
135.094909,16151,clench,-5,-63,-19,-2,2,9,7,-28
135.108707,16152,clench,-8,17,24,2,-6,-3,26,-10
135.108721,16153,clench,4,28,6,-5,-3,5,-15,9
135.109243,16154,clench,1,7,0,2,0,-3,13,0
135.109262,16155,clench,-2,-34,-3,0,-6,-12,-3,-9
135.131203,16156,clench,-1,-1,-5,-1,2,1,-32,-8
135.131227,16157,clench,-5,-35,1,0,5,0,20,5
135.132904,16158,clench,-1,58,12,-2,4,0,-21,-5
135.132913,16159,clench,0,10,10,1,-11,-6,-16,1
135.156221,16160,clench,5,-31,-9,1,4,4,6,2
135.156226,16161,clench,4,18,10,-4,-5,-5,2,1
135.156228,16162,clench,-3,-32,-5,5,11,14,5,4
135.156230,16163,clench,3,-47,-9,-4,-3,-1,-5,38
135.168612,16164,clench,-1,32,-10,-4,-1,-11,-11,-20
135.168630,16165,clench,-1,-17,3,0,-6,-9,-4,-10
135.170544,16166,clench,-4,-15,28,10,-2,-11,3,-14
135.170549,16167,clench,-5,11,5,-4,-1,5,10,6
135.191075,16168,clench,2,-18,-6,1,-2,-1,5,7
135.191100,16169,clench,5,-52,-12,-8,6,10,8,6
135.192904,16170,clench,-2,1,-19,-8,-8,-5,20,-4
135.192915,16171,clench,-2,62,16,4,-6,-6,2,-9
135.214450,16172,clench,2,27,-11,1,8,0,-41,6
135.214476,16173,clench,-9,-54,-1,-1,-4,-1,23,-1
135.216341,16174,clench,-5,53,18,-2,-2,4,9,9
135.216351,16175,clench,1,-19,-2,1,2,-4,-18,20
135.229537,16176,clench,-3,26,-8,1,3,0,4,-7
135.229574,16177,clench,-3,4,3,1,5,-2,3,2
135.229579,16178,clench,8,-36,-13,-7,-18,-11,-29,-7
135.229584,16179,clench,5,54,-8,-3,3,18,8,11
135.251095,16180,clench,-5,-92,11,1,-4,-15,7,-2
135.251112,16181,clench,-1,76,-1,6,7,11,0,7
135.253162,16182,clench,-1,-42,-20,-2,-8,-9,9,0
135.253172,16183,clench,4,40,20,2,-5,-11,5,-3
135.274246,16184,clench,-3,-14,22,-1,3,20,-27,-1
135.276688,16185,clench,-1,18,-1,-2,-3,-5,22,5
135.276695,16186,clench,1,-88,-39,-4,7,-2,-20,9
135.276697,16187,clench,-13,-25,35,-1,-11,-10,3,-9
135.289049,16188,clench,0,27,1,2,7,1,20,-9
135.289141,16189,clench,9,81,-15,-10,-15,-5,-11,-3
135.291803,16190,clench,0,-29,25,3,8,7,-6,-7
135.291811,16191,clench,-4,-46,-23,-1,11,8,9,-1
135.312597,16192,clench,-6,6,-3,-3,-10,-4,13,-2
135.312606,16193,clench,-2,-24,-7,-6,-16,-7,-6,-40
135.312609,16194,clench,-1,21,-5,-1,-2,-10,6,-16
135.312611,16195,clench,-3,-16,-10,1,7,2,-13,-11
135.334367,16196,clench,6,28,9,0,0,-5,3,25
135.334388,16197,clench,6,-2,-5,-1,3,4,-10,3
135.336155,16198,clench,-2,-38,-16,2,3,5,-17,-3
135.336164,16199,clench,-11,86,33,-4,0,14,-2,-3
137.359138,16200,rest,-9,18,-1,0,-1,-1,1,-3
137.359719,16201,rest,0,-11,1,0,1,-1,-2,-1
137.361057,16202,rest,9,-9,1,-2,-2,0,4,-5
137.361062,16203,rest,-18,-2,-2,1,1,0,-2,34
137.372927,16204,rest,3,27,-2,-2,0,-2,1,7
137.373853,16205,rest,20,3,-3,-1,-1,-3,-3,-39
137.381906,16206,rest,1,4,-1,-3,-2,-4,-1,-10
137.381923,16207,rest,1,-22,-5,-6,1,-1,3,4
137.398244,16208,rest,15,22,4,1,9,0,-7,-5
137.398253,16209,rest,-35,-11,2,0,-5,0,4,-25
137.398256,16210,rest,8,-20,-1,0,-2,-2,-2,2
137.398300,16211,rest,-18,-13,-2,-4,-2,-3,-4,-14
137.419290,16212,rest,7,9,-5,-3,-3,0,5,-7
137.419307,16213,rest,-6,30,3,-1,-2,-1,-1,4
137.420937,16214,rest,14,-7,-2,-3,-2,-1,-2,0
137.420942,16215,rest,-12,-9,-3,-5,-4,1,1,3
137.432941,16216,rest,4,-10,-1,4,3,-1,1,-16
137.432963,16217,rest,12,11,1,0,0,-2,-3,18
137.443623,16218,rest,-23,-10,-3,-2,-1,-3,0,2
137.443630,16219,rest,28,5,3,4,-1,-2,0,9
137.455971,16220,rest,-31,-22,-3,-4,-5,-1,-5,-3
137.455994,16221,rest,-3,8,-3,0,4,2,-1,6
137.465542,16222,rest,3,11,0,0,-2,0,-1,1
137.465550,16223,rest,22,28,1,0,0,-2,0,-6
137.479462,16224,rest,-8,-36,1,-1,7,-1,-1,0
137.479573,16225,rest,-19,7,-4,-1,-7,-1,-1,-14
137.482167,16226,rest,-4,8,2,0,0,1,1,12
137.482182,16227,rest,11,17,1,2,2,-2,-4,32
137.492801,16228,rest,-7,-49,-2,-1,-5,-2,1,-1
137.492854,16229,rest,14,7,2,0,0,-1,-2,2
137.502359,16230,rest,-17,12,-2,-2,1,-1,-2,27
137.502365,16231,rest,-4,-26,-3,-3,-2,0,0,-11
137.516799,16232,rest,8,26,2,1,-3,0,-2,2
137.516827,16233,rest,7,-8,-2,-5,-4,-2,0,5
137.518611,16234,rest,-24,-12,-1,1,-3,-1,-2,-25
137.518620,16235,rest,18,5,-1,-1,0,2,-1,45
137.541087,16236,rest,-27,-29,1,1,-2,-2,-4,-4
137.541095,16237,rest,20,14,-2,0,0,-1,1,4
137.541098,16238,rest,3,14,0,-1,-2,-1,-3,-7
137.541100,16239,rest,-9,-29,-2,0,-1,-2,-1,-27
137.552973,16240,rest,12,17,-4,-3,-7,0,2,-2
137.552997,16241,rest,-14,17,2,-4,-2,2,-3,19
137.563664,16242,rest,48,-37,-4,5,3,-2,-2,-5
137.563671,16243,rest,-23,9,3,2,3,0,0,-9
137.576940,16244,rest,10,-2,0,2,-3,-3,-2,-2
137.576964,16245,rest,-8,15,2,-1,0,-1,0,-1
137.578200,16246,rest,7,20,-2,-6,-12,-2,0,-1
137.578208,16247,rest,10,-6,-1,-3,-4,-4,-3,-13
137.599819,16248,rest,-37,-5,-2,-1,-1,0,-4,-8
137.601917,16249,rest,7,-21,0,0,-1,-3,-1,-32
137.601935,16250,rest,-3,29,-2,-3,-2,0,0,-1
137.601938,16251,rest,-12,-79,-5,-2,-5,-1,-1,-3
137.613232,16252,rest,11,9,2,-1,0,0,1,7
137.613264,16253,rest,-11,9,-2,-2,1,-3,-1,-44
137.621903,16254,rest,-5,-4,1,0,4,-1,-1,1
137.621927,16255,rest,-12,16,0,1,-3,-2,0,-10
137.636827,16256,rest,32,10,-1,-3,-1,0,0,3
137.636853,16257,rest,-24,2,-6,0,1,-1,-2,-42
137.638349,16258,rest,21,-18,0,-1,1,-2,0,0
137.638368,16259,rest,-35,-7,-1,-2,1,-1,-4,-6
137.659360,16260,rest,11,2,1,-2,-6,0,-1,-3
137.659384,16261,rest,8,9,0,1,0,0,-1,25
137.661859,16262,rest,1,2,-1,-3,1,-2,0,-4
137.661868,16263,rest,15,30,2,0,0,-1,-2,0
137.673071,16264,rest,-1,25,1,-5,-2,-1,-1,-9
137.673096,16265,rest,19,-11,1,6,4,1,-2,27
137.682494,16266,rest,-2,-44,-2,-2,-2,0,-3,-8
137.682506,16267,rest,3,-2,-4,-2,1,2,2,-3
137.698937,16268,rest,1,21,-3,0,3,-1,-5,-34
137.698947,16269,rest,10,-6,-2,-1,0,-1,0,29
137.698950,16270,rest,-3,16,2,1,-9,0,-2,-2
137.698953,16271,rest,-15,-14,-4,0,-5,-2,-2,-10
137.719224,16272,rest,3,23,-1,0,4,0,3,3
137.719249,16273,rest,0,-17,-1,-2,-1,-1,-1,12
137.720736,16274,rest,-7,-29,-2,-1,1,-1,0,-7
137.720753,16275,rest,1,47,3,-2,1,0,1,0
137.742526,16276,rest,-21,-45,-9,-3,-3,-1,1,7
137.742556,16277,rest,-12,-19,-2,-1,-5,-1,-1,8
137.745202,16278,rest,1,18,1,0,1,0,0,6
137.745213,16279,rest,9,4,0,-1,-1,-2,1,9
137.756726,16280,rest,4,9,2,1,-1,-1,-2,8
137.756749,16281,rest,0,3,3,0,1,0,-2,0
137.759403,16282,rest,-10,8,1,-2,1,-2,0,-1
137.759411,16283,rest,-22,27,-2,-1,1,-1,-1,-8
137.779416,16284,rest,-25,-72,-4,-1,-3,0,-2,1
137.779448,16285,rest,5,-11,-2,-4,-2,-1,-1,7
137.781124,16286,rest,-5,-3,-1,0,0,0,0,-11
137.781153,16287,rest,16,1,1,0,-3,-2,-1,-1
137.794785,16288,rest,8,18,0,-1,-2,-2,-1,-27
137.794791,16289,rest,-19,9,4,1,-3,1,-1,0
137.802423,16290,rest,-1,29,-2,1,5,-3,-4,20
137.802442,16291,rest,23,-49,-5,-3,0,-2,-4,-6
137.816750,16292,rest,-2,3,3,-2,-1,-1,0,1
137.817825,16293,rest,-15,12,-2,6,2,-1,0,-7
137.818323,16294,rest,27,14,-1,-1,-4,-2,-2,-6
137.818399,16295,rest,-11,-4,-3,-1,-1,1,-6,-1
137.839337,16296,rest,-1,6,1,-3,-10,-3,1,10
137.839360,16297,rest,28,33,2,-2,11,0,-1,63
137.841455,16298,rest,-4,-38,-2,-2,-2,-4,3,-19
137.841459,16299,rest,0,-6,-1,1,0,-1,-2,13
137.861927,16300,rest,33,10,0,-1,-2,0,-1,5
137.861994,16301,rest,-42,31,-5,-2,-4,-1,-1,-14
137.863513,16302,rest,-4,1,-3,-2,-1,-1,0,-3
137.863538,16303,rest,-10,-6,-1,-3,-2,-1,-1,-5
137.876694,16304,rest,5,-5,-1,0,0,-2,-1,-1
137.876719,16305,rest,11,-15,-1,-3,-6,-3,1,-7
137.878414,16306,rest,-7,22,5,1,2,-1,-1,2
137.880063,16307,rest,-17,-5,-7,-5,-4,-1,-1,-8
137.899321,16308,rest,-9,-15,-3,1,2,1,1,13
137.899348,16309,rest,10,-19,0,-3,-2,-2,-2,-9
137.901518,16310,rest,-23,-4,-1,-3,-2,-1,-2,1
137.901525,16311,rest,10,25,3,2,1,0,3,2
137.921667,16312,rest,9,13,0,0,-1,0,2,48
137.921677,16313,rest,-16,-21,0,-1,0,-1,-4,-5
137.923171,16314,rest,-19,-4,-2,0,0,0,-1,-4
137.923188,16315,rest,-1,-6,-1,-3,-4,-3,0,-6
137.936733,16316,rest,6,5,-2,0,19,-1,-2,-12
137.936757,16317,rest,-9,-17,1,0,-4,0,1,-6
137.938198,16318,rest,9,10,-3,-2,-1,2,0,13
137.938217,16319,rest,8,12,2,0,-3,-2,0,-4
137.959424,16320,rest,-8,-44,-3,-3,-7,0,-2,-8
137.959450,16321,rest,13,15,2,0,-1,-2,-2,-3
137.961174,16322,rest,-2,-14,-3,1,-1,0,-5,-18
137.961184,16323,rest,5,-4,2,1,-2,-1,3,10
137.981735,16324,rest,-13,21,3,2,-1,-3,-6,4
137.981755,16325,rest,-3,34,0,-2,1,-2,0,-5
137.983426,16326,rest,7,-79,-5,-4,-7,-2,-1,-12
137.983432,16327,rest,24,-5,-2,-1,-1,0,2,-9
137.996239,16328,rest,-62,9,2,1,-1,-1,-1,0
137.996259,16329,rest,1,-11,-2,-2,0,-2,-1,-2
138.003027,16330,rest,-2,28,1,-1,-1,0,-1,12
138.003058,16331,rest,15,-1,1,-1,-1,0,0,-1
138.019279,16332,rest,-16,-29,-6,-1,-3,-1,-5,-12
138.019303,16333,rest,-1,-2,-4,-2,-4,-1,0,-2
138.020927,16334,rest,-2,15,1,0,0,-1,0,0
138.020947,16335,rest,13,-6,-2,-3,-3,0,-2,10
138.041674,16336,rest,10,32,1,1,-7,0,1,-13
138.041751,16337,rest,-8,-36,-5,-3,-4,-3,-2,-5
138.043837,16338,rest,12,-1,-1,0,1,-1,-2,3
138.043842,16339,rest,-11,5,2,2,-1,-1,-3,-8
138.056074,16340,rest,3,9,-2,-4,-3,0,1,1
138.056099,16341,rest,18,5,0,0,-1,0,0,2
138.062969,16342,rest,-6,14,2,-3,-5,-1,0,-1
138.062998,16343,rest,-13,-4,-1,7,3,1,-2,43
138.079369,16344,rest,48,75,-1,-1,0,-2,-1,11
138.079481,16345,rest,-33,-105,-3,-2,-1,-2,-4,-5
138.080872,16346,rest,-30,14,-6,-3,-1,0,-1,3
138.080900,16347,rest,-16,8,1,-4,-2,-1,1,-11
138.101788,16348,rest,1,0,-1,-3,-2,-1,1,-49
138.101816,16349,rest,34,18,-2,0,1,0,-2,-2
138.103355,16350,rest,9,12,3,1,0,-2,0,-2
138.103371,16351,rest,-46,-12,-4,-6,-3,-5,-5,-52
138.116705,16352,rest,14,9,3,2,0,-1,4,-4
138.116725,16353,rest,-10,-34,-4,-5,-2,-1,0,-5
138.123027,16354,rest,6,-2,0,2,10,-4,-4,0
138.123052,16355,rest,5,15,-2,0,1,0,-1,-6
138.141214,16356,rest,6,-6,1,-3,-4,-2,-1,11
138.141222,16357,rest,1,34,2,1,1,-1,-2,11
138.141224,16358,rest,7,11,-3,-2,-2,-1,-2,0
138.141226,16359,rest,1,-32,-3,-2,-1,1,1,5
138.162055,16360,rest,-3,25,0,0,0,-2,-5,1
138.162096,16361,rest,0,5,1,0,-6,1,-1,2
138.165034,16362,rest,1,-39,-5,-4,-5,-2,-2,25
138.165043,16363,rest,4,-2,1,5,7,-3,-3,3
138.176279,16364,rest,-3,-45,-1,-2,-7,1,-2,7
138.176369,16365,rest,25,38,2,1,0,-1,-4,-11
138.182954,16366,rest,6,11,2,1,-2,0,-2,38
138.182975,16367,rest,-15,2,0,-2,3,-1,-2,-1
138.199259,16368,rest,11,-3,-3,0,1,-2,-2,3
138.199282,16369,rest,-5,-16,-2,-2,0,-2,0,-7
138.200816,16370,rest,-11,12,0,-2,-4,1,2,-16
138.200854,16371,rest,4,-39,-4,-5,-4,-2,-1,4
138.221802,16372,rest,-2,0,1,2,-1,0,-2,-6
138.221828,16373,rest,-7,5,-4,-4,-4,-1,5,-10
138.223278,16374,rest,-7,7,0,1,-1,-2,-1,-12
138.223316,16375,rest,26,25,-1,-1,-1,-2,-1,14
138.236048,16376,rest,-16,-18,1,0,0,-1,0,-2
138.236068,16377,rest,9,-5,-2,-4,-1,0,2,3
138.242829,16378,rest,-38,2,0,1,3,1,-1,43
138.242849,16379,rest,2,14,-1,-2,-4,-2,-2,-13
138.259149,16380,rest,19,-16,-2,-1,0,-1,-1,1
138.259174,16381,rest,-28,7,-5,-2,-3,0,1,-12
138.260777,16382,rest,-4,-31,-1,-1,-4,-1,-2,-35
138.260794,16383,rest,22,17,3,1,0,3,-4,39
138.281774,16384,rest,-21,-12,-2,-2,-1,-2,-3,1
138.281782,16385,rest,17,63,5,2,1,-2,-2,2
138.283310,16386,rest,-3,-17,-4,-3,-2,-1,1,-14
138.283331,16387,rest,-11,-19,-3,-2,-2,-1,-5,-12
138.298030,16388,rest,3,9,0,-2,1,0,-1,-1
138.298044,16389,rest,6,13,-1,0,0,-2,-2,-2
138.303005,16390,rest,19,-33,-1,-1,0,-2,1,-13
138.303028,16391,rest,-21,-1,-2,-4,-3,-1,1,0
138.319122,16392,rest,3,-2,-4,-1,-4,0,1,3
138.319140,16393,rest,-6,-1,2,0,-3,-1,-6,-5
138.320639,16394,rest,12,-7,-2,0,-5,0,1,1
138.320657,16395,rest,-17,6,-2,-1,16,-3,1,-5
138.343285,16396,rest,13,-1,-1,-1,-2,0,2,2
138.343292,16397,rest,-20,0,2,1,0,0,-1,59
138.343295,16398,rest,23,-30,-8,-5,-1,-1,-4,-7
138.343297,16399,rest,4,-7,-1,0,-5,-1,1,-7
138.355454,16400,rest,-29,7,1,-1,-1,-1,0,-2
138.355522,16401,rest,14,-5,0,-1,0,-2,-1,-15
138.365408,16402,rest,-2,33,6,2,0,-1,0,-1
138.365413,16403,rest,-3,10,-6,-3,-7,-2,3,-20
138.379687,16404,rest,-18,-31,1,-1,1,-3,-5,1
138.379721,16405,rest,15,1,-2,0,-6,3,0,-2
138.380881,16406,rest,-16,8,3,2,-4,-1,-2,-5
138.380908,16407,rest,8,26,1,-1,-6,0,-4,-33
138.402382,16408,rest,-2,-26,-2,-5,-3,-2,-1,-16
138.402406,16409,rest,10,-12,-3,-3,-2,-1,0,-10
138.404071,16410,rest,-5,20,0,0,1,-1,2,8
138.404077,16411,rest,-4,-3,1,0,-3,-1,2,9
138.415269,16412,rest,18,19,-1,0,-3,0,-4,41
138.415289,16413,rest,-2,15,-3,1,4,-1,0,1
138.424651,16414,rest,-24,-55,-6,-3,3,0,-1,-9
138.424660,16415,rest,-7,8,1,-2,-3,0,1,1
138.439075,16416,rest,-7,-27,-2,-3,0,-2,-1,-11
138.439088,16417,rest,-25,-10,-2,0,-1,1,4,1
138.440586,16418,rest,8,38,4,1,-1,-3,-3,-8
138.440642,16419,rest,8,-4,0,1,-1,-1,-1,3
138.461972,16420,rest,9,3,-3,-1,0,0,-1,10
138.461990,16421,rest,-10,-2,1,0,0,-2,-2,-8
138.464311,16422,rest,15,13,-3,-1,-1,0,0,23
138.464318,16423,rest,-6,-25,-2,-2,-1,0,4,10
138.475456,16424,rest,4,35,0,-1,-2,0,1,-20
138.475473,16425,rest,-2,-58,-3,-3,0,-2,-3,8
138.485250,16426,rest,4,23,-4,-3,-2,-2,0,-19
138.485255,16427,rest,-15,-22,0,0,-1,-1,-3,-20
138.499231,16428,rest,0,3,-2,0,1,-2,-3,13
138.499262,16429,rest,-1,12,0,-1,-2,-1,-1,-14
138.500874,16430,rest,-2,0,1,0,2,-1,-1,7
138.500926,16431,rest,-9,15,-1,1,0,-1,-3,-4
138.521817,16432,rest,13,26,-3,-1,-1,0,-2,-12
138.524092,16433,rest,2,-33,-3,-1,1,-2,-3,0
138.524100,16434,rest,-20,-14,-2,-1,-3,-2,-2,-5
138.524102,16435,rest,-2,8,0,-3,-2,-1,5,3
138.535312,16436,rest,2,4,2,1,1,-1,-7,19
138.535330,16437,rest,10,20,0,-1,-1,-2,-1,0
138.545665,16438,rest,0,2,-2,-1,1,1,1,20
138.545674,16439,rest,30,14,2,0,-2,1,-4,50
138.559224,16440,rest,-20,-30,-3,-1,0,1,2,-8
138.559248,16441,rest,8,15,0,-3,3,-2,-1,-7
138.562061,16442,rest,-15,-14,-2,-5,-3,-1,-2,-8
138.562068,16443,rest,-3,-25,-2,-3,0,0,-3,-17
138.581820,16444,rest,14,-2,2,0,-2,-2,-1,15
138.581842,16445,rest,-25,2,-1,0,-7,2,1,8
138.583912,16446,rest,-30,1,-2,-1,-2,-3,-2,-10
138.583918,16447,rest,41,48,-3,-5,-5,-2,-3,-6
138.595557,16448,rest,-9,-24,-2,-2,0,0,2,-14
138.595592,16449,rest,-16,9,-2,-1,-5,0,5,-30
138.604823,16450,rest,15,-47,-2,-3,-3,1,-2,4
138.604830,16451,rest,-17,-12,0,4,4,-1,0,0
138.619155,16452,rest,-3,10,1,-1,-1,-2,-3,-6
138.619179,16453,rest,9,-5,0,0,1,-2,-4,-22
138.621191,16454,rest,6,16,2,1,0,-1,-1,9
138.621198,16455,rest,4,15,0,-1,1,-2,-4,41
138.641936,16456,rest,-17,4,-3,-3,-4,-1,-2,-16
138.641956,16457,rest,16,-34,-2,-2,0,-1,0,-11
138.643244,16458,rest,0,38,-2,-1,-1,-1,-2,-4
138.643267,16459,rest,-20,-71,-3,-1,-5,-1,0,-19
138.657563,16460,rest,-10,31,-3,1,0,0,3,1
138.657568,16461,rest,25,-4,-2,-4,-1,-1,-1,19
138.665880,16462,rest,7,18,0,1,-2,-2,-2,-16
138.665885,16463,rest,3,16,3,2,-5,-1,-2,2
138.679540,16464,rest,-10,-5,-2,-3,16,0,2,-6
138.681308,16465,rest,7,-7,-3,-2,-3,-2,0,11
138.681316,16466,rest,-20,-1,1,0,1,-2,-2,-3
138.681318,16467,rest,2,2,-5,-10,-8,-2,6,-52
138.700845,16468,rest,-1,10,1,7,3,0,-4,-15
138.700865,16469,rest,-9,-8,0,-1,3,-1,-2,32
138.709895,16470,rest,7,-36,-2,-1,-1,0,1,0
138.709901,16471,rest,2,1,-3,-2,1,-1,-1,-36
138.715389,16472,rest,2,-3,-1,-2,-7,0,-6,0
138.715429,16473,rest,-4,19,0,0,1,0,-1,-1
138.724696,16474,rest,10,7,4,1,-2,-1,-1,-21
138.724701,16475,rest,-7,-16,-4,-1,1,-1,-4,20
138.739162,16476,rest,-3,-12,-3,-5,-7,-2,0,-4
138.739186,16477,rest,-9,20,2,2,-1,-3,-3,-3
138.740686,16478,rest,-2,-39,-2,-2,-3,-2,-1,-1
138.740710,16479,rest,7,20,2,2,3,-1,-3,3
138.762122,16480,rest,11,-17,-1,-1,-3,-1,0,4
138.762158,16481,rest,-10,2,-2,-4,-11,1,-3,-4
138.764903,16482,rest,3,25,4,7,3,-1,-1,-3
138.764918,16483,rest,5,3,1,0,0,0,1,10
138.784306,16484,rest,13,-20,0,-1,-7,-1,1,-30
138.784332,16485,rest,-14,-4,-1,-1,-1,0,-2,-3
138.785712,16486,rest,7,25,-1,-4,-3,-1,2,-16
138.785729,16487,rest,-15,1,-4,-4,0,-1,-1,31
138.799318,16488,rest,3,-8,-1,-1,-2,-2,2,-3
138.799530,16489,rest,8,1,-1,-1,1,0,-1,2
138.800767,16490,rest,-8,30,-1,-2,-2,1,1,8
138.800820,16491,rest,1,-14,-3,-1,0,0,2,-26
138.821810,16492,rest,1,-4,-2,-3,-3,-2,-2,10
138.821834,16493,rest,-1,-7,-3,-1,2,-1,0,-5
138.823112,16494,rest,12,12,-1,-4,-3,-1,0,8
138.823149,16495,rest,-15,19,1,2,4,-1,-2,-1
138.845282,16496,rest,-12,-31,-1,2,-1,1,-2,9
138.845292,16497,rest,-4,-10,-1,-1,-1,0,-2,-1
138.845914,16498,rest,11,20,0,-1,-11,0,-1,1
138.845934,16499,rest,10,-33,1,-3,1,-2,-1,10
138.857829,16500,rest,-27,6,-2,-2,-1,-1,3,-6
138.857892,16501,rest,-1,27,3,-1,0,0,-1,-1
138.868008,16502,rest,-12,-21,-4,-2,-1,0,-3,-3
138.868014,16503,rest,1,11,0,0,-2,0,-1,2
138.881687,16504,rest,10,22,1,-3,-4,-1,0,4
138.881712,16505,rest,-26,-19,-3,0,-4,1,1,17
138.883689,16506,rest,14,4,-2,-2,1,-2,-3,-2
138.883695,16507,rest,17,-8,-1,2,2,0,-8,29
138.904227,16508,rest,6,9,2,6,6,-2,-5,10
138.904247,16509,rest,-1,12,1,1,-2,-3,-1,-6
138.905684,16510,rest,-5,-26,-1,0,2,-1,-1,-42
138.905698,16511,rest,9,9,0,-1,-4,-2,0,-7
138.918683,16512,rest,-12,32,-2,-3,1,0,0,-15
138.919776,16513,rest,-10,-57,-5,-7,-4,-1,-3,4
138.925317,16514,rest,-10,3,-2,7,10,-1,0,22
138.925342,16515,rest,-5,6,0,-1,2,0,-1,-11
138.941637,16516,rest,-14,-6,-1,-2,-5,0,-2,3
138.941663,16517,rest,0,9,0,0,0,-1,1,-11
138.943500,16518,rest,14,-8,-2,-4,0,0,1,12
138.943524,16519,rest,1,16,-1,-1,-3,-1,0,-1
138.964380,16520,rest,0,3,2,0,-1,-2,-3,-25
138.964406,16521,rest,-8,-49,-7,-4,1,0,1,-4
138.966855,16522,rest,2,3,-1,0,-5,-1,5,1
138.966862,16523,rest,-26,-4,-1,-2,-3,-2,-4,-28
138.978960,16524,rest,4,4,-5,-5,-2,-2,1,-5
138.979004,16525,rest,3,23,1,-2,-2,-2,0,-9
138.985356,16526,rest,10,-5,2,-2,-1,0,-3,20
138.985376,16527,rest,-3,-12,-2,6,4,1,2,-3
139.001840,16528,rest,-13,-11,-3,-2,2,-1,0,10
139.001846,16529,rest,3,8,2,0,-1,-1,-2,-3
139.003419,16530,rest,13,29,-2,-1,-5,-1,-2,0
139.003439,16531,rest,7,-36,1,2,-8,-1,-3,49
139.024456,16532,rest,9,-12,-1,-1,-3,-1,1,-10
139.026376,16533,rest,11,3,0,3,4,0,-1,8
139.026389,16534,rest,-3,25,-1,-3,-2,-1,0,-7
139.026394,16535,rest,-8,-27,-6,-5,-5,-4,-2,-13
139.038968,16536,rest,7,0,-3,1,0,0,0,0
139.038985,16537,rest,4,20,5,2,-3,-2,-1,18
139.048635,16538,rest,-5,-8,-3,-1,1,-2,-4,5
139.048648,16539,rest,-18,40,1,-2,0,0,0,-8
139.061899,16540,rest,9,-68,-5,-4,-2,-3,-2,-41
139.061927,16541,rest,-25,7,-1,0,-1,-1,-1,-15
139.063690,16542,rest,7,-21,3,1,0,0,-9,-3
139.063703,16543,rest,-12,11,-2,-1,0,0,0,7
139.084147,16544,rest,0,20,0,-2,-6,-1,-1,11
139.084172,16545,rest,10,5,-2,-4,-1,-2,0,2
139.085776,16546,rest,-8,-10,0,8,6,0,2,-4
139.085798,16547,rest,2,-14,-4,-3,-5,0,2,-16
139.098563,16548,rest,11,9,1,0,-1,-1,-3,19
139.098590,16549,rest,14,-11,-3,2,2,-2,1,-7
139.105394,16550,rest,-14,14,1,-3,-1,-1,-4,5
139.105433,16551,rest,1,-8,2,-2,-1,-2,1,-3
139.121780,16552,rest,-5,10,0,1,-4,-2,1,12
139.121804,16553,rest,18,6,-4,-1,1,0,0,8
139.123281,16554,rest,-26,-11,-2,-5,-1,-2,2,-18
139.123301,16555,rest,-1,10,1,2,15,1,0,40
139.144256,16556,rest,3,6,-1,-1,-2,-1,0,10
139.144278,16557,rest,7,-8,-1,-1,-1,0,0,-12
139.145832,16558,rest,9,34,-2,-3,-3,1,2,6
139.145871,16559,rest,-14,-43,-6,-7,-4,-1,-4,-13
139.158810,16560,rest,-10,7,2,4,3,-2,-2,-51
139.158826,16561,rest,-13,2,-1,1,-1,0,-2,14
139.165387,16562,rest,29,16,0,-2,4,-3,1,-7
139.165412,16563,rest,0,10,1,-4,-7,-2,0,-8
139.181752,16564,rest,-7,-7,-3,-4,-2,-2,-2,1
139.181776,16565,rest,-7,9,0,-1,-3,-1,-3,-10
139.183374,16566,rest,-3,-25,1,-4,-3,-1,-1,5
139.183421,16567,rest,-1,15,-2,-1,-3,0,0,-9
139.204744,16568,rest,5,12,1,-2,3,-1,-2,20
139.204750,16569,rest,-5,-43,-2,-1,-1,-2,-3,-5
139.205545,16570,rest,-9,2,3,-2,-2,-1,0,12
139.205555,16571,rest,2,-9,0,0,-1,0,-1,-6
139.218643,16572,rest,12,6,0,-1,-2,0,1,14
139.218661,16573,rest,-2,6,-2,-5,-2,-1,0,-1
139.232983,16574,rest,6,-1,-2,-1,-2,-1,0,-5
139.233011,16575,rest,-5,30,1,2,-1,-2,2,-5
139.242198,16576,rest,19,-38,0,0,0,-1,-4,10
139.242217,16577,rest,-6,-13,-2,-2,-2,0,0,-4
139.244357,16578,rest,-1,-13,-1,-4,-3,-1,-1,-6
139.244364,16579,rest,8,42,3,9,16,1,2,25
139.264265,16580,rest,10,-2,-1,0,-5,2,4,12
139.264293,16581,rest,-14,7,2,2,7,0,-4,18
139.266032,16582,rest,-14,2,-3,-2,-3,-4,-1,-51
139.266042,16583,rest,41,-15,0,-2,-4,0,-3,45
139.278059,16584,rest,-22,1,-1,-2,-1,-1,-2,-7
139.278090,16585,rest,3,23,0,0,-3,1,0,1
139.287674,16586,rest,-10,-22,-6,-3,-2,1,-1,5
139.287682,16587,rest,3,0,0,-5,-6,-2,-4,-19
139.301590,16588,rest,-17,7,-2,1,3,-1,-1,2
139.301622,16589,rest,20,-7,-1,-5,-7,-1,-3,5
139.303469,16590,rest,7,-1,-1,2,5,-1,0,11
139.303490,16591,rest,-13,1,-2,-4,-5,-1,-2,-17
139.324079,16592,rest,-6,-64,-3,0,1,-2,-2,3
139.324097,16593,rest,-4,27,1,-1,-3,-1,1,-16
139.325846,16594,rest,3,-1,0,0,-1,-1,-2,7
139.325892,16595,rest,-11,-15,-2,-3,3,-2,-2,-9
139.338018,16596,rest,-11,21,2,-3,-7,1,0,2
139.339722,16597,rest,6,-6,0,1,0,-4,-3,-3
139.348110,16598,rest,5,9,-1,-2,-2,0,1,8
139.348118,16599,rest,20,2,-2,-3,-4,-3,0,-7
139.363974,16600,rest,-3,12,-1,-1,1,0,-2,-7
139.364012,16601,rest,-6,-38,-3,-1,-1,-1,2,-41
139.364016,16602,rest,-1,0,-3,-2,1,0,1,14
139.364018,16603,rest,-18,2,2,1,-1,-2,-2,-10
139.384360,16604,rest,-12,14,-2,-3,-3,-2,-2,0
139.384388,16605,rest,9,19,0,0,-1,-1,5,-21
139.385893,16606,rest,-4,-31,-1,-4,-1,0,1,60
139.385898,16607,rest,0,-13,-2,6,1,0,1,-4
139.397853,16608,rest,2,5,1,-2,0,-2,-2,-2
139.397875,16609,rest,8,48,3,1,3,1,-3,37
139.408480,16610,rest,-24,-72,-4,-6,-14,-4,-3,-22
139.408489,16611,rest,5,-7,0,-3,-9,-3,-3,-3
139.421712,16612,rest,-6,8,-1,-1,0,1,2,15
139.421736,16613,rest,0,9,4,1,3,-4,-4,-4
139.424022,16614,rest,6,25,1,-2,-4,2,3,-7
139.424029,16615,rest,-6,-16,-2,-2,-4,-1,-1,-2
139.444391,16616,rest,-1,-9,0,0,-2,-3,-2,-15
139.444420,16617,rest,6,-8,2,-3,-3,-1,2,32
139.446603,16618,rest,-3,41,1,8,8,0,-2,-1
139.446612,16619,rest,-12,-51,-4,-4,-2,-4,-4,-10
139.457769,16620,rest,4,12,-2,-2,-2,-1,0,-14
139.457794,16621,rest,5,-4,-2,-2,1,-1,-8,52
139.467850,16622,rest,5,20,1,2,3,0,0,4
139.467856,16623,rest,1,22,-2,0,1,2,1,-4
139.481782,16624,rest,-41,-4,-2,0,0,-2,-4,20
139.481806,16625,rest,-7,-20,-4,-2,-4,-3,-1,-25
139.483290,16626,rest,-6,7,-2,0,-1,-3,-2,-15
139.483339,16627,rest,8,-27,1,0,-2,1,-1,15
139.512473,16628,rest,10,-1,2,-4,-3,-1,0,2
139.512511,16629,rest,-2,-8,-3,-1,-2,-1,1,-16
139.515125,16630,rest,11,3,3,2,-4,-1,-2,4
139.515139,16631,rest,-9,6,-3,-2,-1,-1,0,-16
139.517837,16632,rest,4,-1,-1,-2,3,1,0,8
139.517859,16633,rest,-8,2,-2,-4,-4,-2,-1,-11
139.528721,16634,rest,6,-9,1,2,-1,-1,-4,-20
139.528734,16635,rest,2,43,2,-1,-3,0,-1,24
139.541744,16636,rest,0,-65,-3,-1,-8,-1,1,-8
139.541769,16637,rest,1,26,-3,1,3,-2,-2,-43
139.543215,16638,rest,12,-8,0,-1,2,0,-9,34
139.543245,16639,rest,-21,14,-1,0,1,-2,0,-12
139.565509,16640,rest,-34,25,1,-1,1,-2,2,0
139.565518,16641,rest,20,-4,1,-1,-3,-2,-2,-2
139.565802,16642,rest,-9,-16,-3,-3,-6,-2,2,-13
139.565812,16643,rest,12,6,0,-1,-6,0,-1,-4
139.577945,16644,rest,25,43,0,0,1,-2,-5,42
139.577970,16645,rest,-27,-101,-2,-2,-4,-2,1,-5
139.587948,16646,rest,1,9,-5,6,3,0,0,-6
139.587953,16647,rest,7,7,2,-1,-4,-2,-3,11
139.601867,16648,rest,11,-10,-3,-2,6,0,2,-1
139.601893,16649,rest,6,34,4,3,-2,1,-3,3
139.603168,16650,rest,1,34,-2,-4,-1,0,1,0
139.603277,16651,rest,-19,-44,-6,-3,-1,-2,-2,-7
139.624457,16652,rest,1,-6,-1,-2,-3,-2,-1,-17
139.624481,16653,rest,5,23,-2,0,0,-1,1,6
139.627261,16654,rest,-3,-28,2,-3,1,-2,-1,-12
139.627270,16655,rest,2,28,1,-2,3,2,2,40
139.638148,16656,rest,15,7,1,0,-3,-1,-1,-6
139.638173,16657,rest,-12,4,-3,0,0,0,-1,32
139.648495,16658,rest,-2,36,3,-3,-4,-1,4,-1
139.648501,16659,rest,6,-34,-2,-2,-10,-3,-2,-20
139.661781,16660,rest,-11,-31,-4,1,-6,-4,-2,-6
139.661814,16661,rest,14,2,-2,-4,-6,-1,-1,1
139.663495,16662,rest,-20,6,2,2,-3,-1,-2,26
139.663571,16663,rest,7,17,-2,-3,0,0,1,-4
139.684301,16664,rest,5,2,-2,-1,0,0,1,-16
139.684322,16665,rest,-19,12,0,0,4,1,2,13
139.686091,16666,rest,29,-19,-2,-4,-3,-2,-5,-16
139.686096,16667,rest,-19,-28,-2,-2,0,0,-2,-9
139.708146,16668,rest,3,26,3,3,-1,0,-5,6
139.708153,16669,rest,-1,-29,-3,-1,0,-2,-1,-8
139.708156,16670,rest,-11,-8,1,-1,0,-2,-3,-3
139.708197,16671,rest,-3,9,-1,-1,0,-2,0,-38
139.723429,16672,rest,5,29,0,-4,1,-2,-1,5
139.723443,16673,rest,-47,-1,1,-1,-3,0,-1,-6
139.723448,16674,rest,10,-21,-4,-7,-8,-2,-1,-9
139.723452,16675,rest,-16,19,-2,8,-1,0,1,-18
139.744241,16676,rest,-5,-16,-1,0,-2,-2,-2,-6
139.744270,16677,rest,14,24,-1,-2,-2,-3,5,-27
139.746406,16678,rest,4,-13,-2,-3,0,0,-1,-14
139.746416,16679,rest,12,25,0,-3,0,0,-2,24
139.766711,16680,rest,6,2,-3,-3,-4,-2,2,-11
139.766730,16681,rest,-5,-9,-5,-1,-2,2,0,-1
139.768315,16682,rest,-15,-11,3,2,-3,-3,1,-18
139.768323,16683,rest,32,-31,-5,-1,2,-4,-3,3
139.781740,16684,rest,-42,-13,-1,-3,-1,-1,-2,-10
139.781763,16685,rest,8,2,0,-1,-2,-4,-5,-6
139.783928,16686,rest,2,16,1,-1,2,1,-4,18
139.783935,16687,rest,-5,5,0,4,2,0,0,-37
139.804302,16688,rest,15,-20,0,3,-1,1,-2,30
139.804326,16689,rest,-4,10,-3,-1,-8,-1,-3,-3
139.805757,16690,rest,-4,-10,-5,-2,3,-3,0,4
139.805781,16691,rest,-2,17,4,-4,-4,-2,0,-2
139.826660,16692,rest,18,-37,-3,-2,2,-2,0,-14
139.826684,16693,rest,-11,5,1,-1,-1,0,-9,3
139.829323,16694,rest,7,8,-2,-1,2,1,1,-4
139.829336,16695,rest,-37,5,-3,-5,-2,-1,0,-13
139.841965,16696,rest,-3,-7,-1,-1,-1,-2,-2,-39
139.841989,16697,rest,-14,19,-2,-3,1,-1,0,7
139.844097,16698,rest,-8,-37,-2,0,-5,-3,-4,47
139.844102,16699,rest,13,41,1,-1,3,0,0,8
139.865351,16700,rest,-4,-46,-2,-1,0,0,-3,2
139.865396,16701,rest,8,-5,-3,-2,-2,0,2,1
139.865855,16702,rest,-22,15,1,-2,1,-3,-1,-46
139.865868,16703,rest,19,1,0,3,0,-1,-5,35
139.886689,16704,rest,22,45,0,0,-2,-2,0,11
139.886715,16705,rest,6,-12,0,0,2,-1,0,-4
139.888356,16706,rest,-23,-73,-8,-5,-11,-1,0,-11
139.888390,16707,rest,-6,-10,-3,-4,2,-4,-4,-18
139.901141,16708,rest,12,19,1,-1,-1,1,1,0
139.901160,16709,rest,6,11,0,-2,1,-1,0,2
139.907774,16710,rest,6,50,0,1,-2,0,-6,-5
139.907798,16711,rest,-13,-17,0,1,2,0,-1,1
139.924468,16712,rest,5,-22,-2,-3,-1,1,1,0
139.924498,16713,rest,11,-12,1,-1,3,-1,0,-4
139.927134,16714,rest,0,24,2,-1,1,1,1,4
139.927140,16715,rest,12,-8,0,0,-1,1,0,39
139.946991,16716,rest,-7,15,0,-3,-3,-2,1,-1
139.947015,16717,rest,2,7,2,3,1,-1,-6,-5
139.949303,16718,rest,-1,3,1,2,4,0,1,-5
139.949311,16719,rest,6,16,0,0,-2,-1,-2,6
139.961119,16720,rest,-11,0,-3,-3,-3,-2,0,0
139.961148,16721,rest,4,-35,-1,0,-2,-3,2,-1
139.967752,16722,rest,-3,0,-4,-3,0,0,0,-50
139.967771,16723,rest,-5,11,2,-2,-11,2,4,-7
139.984331,16724,rest,-14,-1,-4,-4,7,-3,2,-19
139.984363,16725,rest,11,-2,-3,-3,-4,0,-2,-1
139.985717,16726,rest,-4,-1,0,-1,3,-3,-1,2
139.985727,16727,rest,-16,-27,0,0,-2,-3,-3,0
140.006663,16728,rest,3,24,4,3,-3,-2,-3,6
140.006685,16729,rest,5,4,-3,0,-6,-2,1,-3
140.008037,16730,rest,8,10,-2,-1,-1,0,0,14
140.008050,16731,rest,-3,-6,-2,-4,0,-1,-2,-14
140.020993,16732,rest,1,21,0,-2,-2,0,-3,6
140.021011,16733,rest,-4,-46,-3,-1,1,-1,-2,3
140.027954,16734,rest,13,-1,0,1,0,1,-2,9
140.027984,16735,rest,15,-4,0,1,0,-1,-1,27
140.044262,16736,rest,-28,6,1,2,1,0,-3,-6
140.044288,16737,rest,24,2,-2,-3,-1,-1,1,9
140.046805,16738,rest,-34,-22,-3,2,3,-1,-2,21
140.046815,16739,rest,8,1,2,0,0,-1,-2,-8
140.068420,16740,rest,3,-24,-2,-1,-2,0,-1,2
140.068426,16741,rest,-2,35,0,-4,-3,0,2,3
140.068429,16742,rest,12,-5,-3,6,2,0,5,6
140.068431,16743,rest,-4,-4,3,2,5,-1,-5,-13
140.081041,16744,rest,10,19,-1,-2,1,-1,1,46
140.081063,16745,rest,-14,-24,1,-1,-2,-2,-2,-1
140.087974,16746,rest,21,38,-1,-6,-7,-4,-4,-6
140.087998,16747,rest,-6,8,-4,-2,-3,0,4,5
140.104178,16748,rest,14,-33,-1,0,-2,-1,-1,-9
140.104199,16749,rest,-29,6,1,0,0,-2,-1,-19
140.105939,16750,rest,8,-3,-1,-3,1,1,1,8
140.105945,16751,rest,-17,5,-4,-3,-4,-2,-3,-47
140.126789,16752,rest,13,19,3,0,0,-1,-1,-1
140.126815,16753,rest,-3,-18,-6,-1,0,0,-1,-1
140.128576,16754,rest,1,36,0,-1,15,0,-2,1
140.128583,16755,rest,15,-46,-2,-1,-3,-2,-2,2
140.140275,16756,rest,-5,9,0,-1,-5,0,-1,-6
140.140300,16757,rest,0,17,2,-1,-4,-3,-2,7
140.149434,16758,rest,-13,4,0,-2,-3,0,3,-4
140.149462,16759,rest,32,8,-3,-2,1,1,-5,1
140.164588,16760,rest,-45,-14,-1,-3,-4,-5,2,-62
140.164597,16761,rest,12,-5,-1,-2,-1,-1,-1,14
140.165876,16762,rest,-3,-7,-1,0,-4,-2,-2,-3
140.165900,16763,rest,3,-8,-1,-2,-2,-1,1,13
140.187051,16764,rest,-19,7,0,1,-7,0,-1,-12
140.187070,16765,rest,-19,-43,-7,-2,-1,-2,-3,-10
140.189196,16766,rest,10,-9,0,-2,-5,-3,-4,1
140.189203,16767,rest,7,6,0,0,0,-1,1,-3
140.200310,16768,rest,3,-5,-4,-4,2,-1,-1,12
140.200333,16769,rest,-7,19,-2,-4,-4,-1,-2,-26
140.212139,16770,rest,8,2,1,1,1,0,-3,20
140.212147,16771,rest,-25,-25,-2,0,-7,-2,0,4
140.224441,16772,rest,23,11,-1,0,10,-4,-3,6
140.227031,16773,rest,-11,-2,1,1,1,1,0,2
140.227037,16774,rest,22,-11,-4,-3,-7,-2,-2,-64
140.227039,16775,rest,-27,34,1,-2,-4,-1,-7,13
140.246837,16776,rest,5,-24,-1,-2,-6,-1,-1,10
140.246865,16777,rest,0,27,2,1,1,-3,-1,-5
140.248991,16778,rest,-9,-20,-2,-4,-2,-1,-1,-4
140.249005,16779,rest,-5,9,-1,-1,4,-1,2,0
140.260284,16780,rest,0,-4,-4,-1,-1,-1,-3,55
140.260307,16781,rest,6,22,0,-4,-2,-2,1,-16
140.270154,16782,rest,-15,-43,-2,3,0,-1,-1,19
140.270161,16783,rest,8,24,-1,-4,-13,1,2,1
140.284364,16784,rest,21,-36,-4,1,4,0,-3,-12
140.284389,16785,rest,-18,8,3,0,-2,1,1,25
140.285697,16786,rest,-3,19,-4,-1,-5,0,0,13
140.285709,16787,rest,1,-27,-1,0,-4,-3,0,-8
140.306565,16788,rest,-11,32,1,-2,-1,-1,1,-19
140.306591,16789,rest,17,-20,-3,1,3,0,-3,1
140.308230,16790,rest,-4,4,2,0,-1,0,-1,-4
140.308361,16791,rest,-10,-8,-7,-5,1,0,-1,8
140.322234,16792,rest,15,21,3,0,-3,0,0,0
140.322241,16793,rest,6,8,1,1,2,-2,-5,4
140.330652,16794,rest,-13,-7,2,-3,-4,-1,0,-42
140.330740,16795,rest,6,62,1,0,3,0,-1,-8
140.344267,16796,rest,-13,-81,-6,-7,-13,-1,4,-1
140.344299,16797,rest,25,11,0,7,15,-2,-3,-8
140.346574,16798,rest,-29,-10,0,0,0,-2,-2,48
140.346591,16799,rest,-6,5,0,-1,3,-2,2,4
142.369608,16800,clench,1,23,-13,-2,1,-2,-19,4
142.369922,16801,clench,-5,-23,12,-1,1,-2,14,-2
142.369925,16802,clench,-1,3,-9,0,1,2,19,-5
142.369927,16803,clench,-3,8,-11,-2,-5,-6,-15,-5
142.390948,16804,clench,-3,-34,8,0,3,-4,-11,-2
142.390974,16805,clench,2,-18,-2,-4,-11,-4,-26,8
142.392654,16806,clench,-1,35,-6,-6,-4,-3,7,-9
142.392660,16807,clench,3,-46,9,2,-4,-2,-14,11
142.405304,16808,clench,1,49,4,3,1,-1,21,-9
142.405326,16809,clench,0,3,-2,-1,-1,-2,4,5
142.413608,16810,clench,2,-5,2,3,6,1,-23,-3
142.413636,16811,clench,1,-1,-16,-6,-3,-4,-2,-8
142.428915,16812,clench,-8,-2,5,-1,2,-9,-14,-12
142.428956,16813,clench,-1,60,19,0,-5,9,19,20
142.431251,16814,clench,-2,3,0,-1,-3,1,3,-36
142.431257,16815,clench,2,-14,-7,-2,1,-3,2,14
142.450750,16816,clench,1,-22,-7,0,1,0,14,2
142.450770,16817,clench,-1,8,-2,2,2,-4,-4,0
142.458802,16818,clench,-2,-2,-2,-1,2,0,-2,-15
142.458831,16819,clench,-7,-9,-14,-4,-1,4,10,-4
142.465428,16820,clench,6,-18,4,-2,-3,-2,-8,10
142.465456,16821,clench,-1,37,4,1,2,-4,-21,-6
142.473529,16822,clench,2,-81,-13,-4,-6,-3,-9,15
142.473553,16823,clench,-2,59,16,6,2,-11,27,10
142.488431,16824,clench,1,15,19,-4,2,13,-22,8
142.488456,16825,clench,-2,-18,-2,-1,-3,-3,-9,-14
142.489792,16826,clench,2,17,-8,-5,0,3,-2,12
142.489797,16827,clench,-1,-75,-12,-5,-6,-3,0,-15
142.513266,16828,clench,-3,50,11,5,0,-6,-2,-7
142.513273,16829,clench,1,-2,-1,2,3,2,0,9
142.513275,16830,clench,0,1,-7,-5,-8,-4,5,3
142.513277,16831,clench,2,-89,-62,-4,3,-12,-57,17
142.525332,16832,clench,-7,75,68,11,6,15,35,-5
142.525362,16833,clench,4,-3,5,-5,-1,16,-18,-20
142.533564,16834,clench,-2,22,-3,-1,-3,-4,14,-19
142.533583,16835,clench,-2,-14,2,-4,-2,2,3,-12
142.548514,16836,clench,1,-83,-43,-2,-4,-15,-12,2
142.548541,16837,clench,-3,10,-7,-1,-1,-9,4,11
142.549246,16838,clench,-1,3,13,2,3,4,-2,4
142.549266,16839,clench,-2,20,0,0,-2,-3,2,-10
142.570893,16840,clench,3,-6,-13,-1,-2,-3,-9,14
142.570917,16841,clench,-3,-5,-3,1,0,-5,12,-8
142.571992,16842,clench,5,39,-10,-1,1,-1,-2,11
142.571996,16843,clench,-2,31,19,1,-3,8,15,-19
142.594366,16844,clench,-2,0,0,-3,-1,5,-17,3
142.594398,16845,clench,-6,-18,-3,-1,-4,-5,1,-5
142.594957,16846,clench,-3,-24,-13,-3,-2,-4,0,-21
142.595056,16847,clench,6,35,6,0,2,2,-3,8
142.608502,16848,clench,-2,-20,-7,-3,-5,0,3,-8
142.608533,16849,clench,0,-17,-10,0,2,-10,-1,3
142.609319,16850,clench,-5,-17,8,2,5,2,-8,2
142.609351,16851,clench,-4,16,5,-4,-1,1,-4,-1
142.631101,16852,clench,-1,-16,-11,-3,-14,-5,7,-7
142.631126,16853,clench,0,-3,-5,-1,2,-2,-22,-1
142.632562,16854,clench,-1,-31,1,-1,-1,-4,16,6
142.632568,16855,clench,0,-61,17,2,-3,1,1,0
142.653818,16856,clench,0,74,7,1,5,2,0,2
142.653863,16857,clench,4,23,7,-3,0,7,2,30
142.654511,16858,clench,7,10,0,0,0,6,1,37
142.654535,16859,clench,-5,-21,-14,-2,-3,-6,3,-30
142.669823,16860,clench,-3,-21,-7,2,3,-4,-2,-2
142.669842,16861,clench,0,31,-15,-1,0,-8,-2,-18
142.670650,16862,clench,-4,-57,3,0,4,1,5,2
142.670675,16863,clench,1,56,45,0,-7,-4,10,11
142.690830,16864,clench,-1,-23,-1,2,5,3,12,-36
142.690855,16865,clench,-4,13,-3,-7,-4,0,-12,2
142.692905,16866,clench,0,15,-9,-1,-6,-6,-19,-12
142.692911,16867,clench,1,30,-8,0,0,-2,-4,-6
142.714413,16868,clench,-4,-14,-8,-4,-5,-2,5,0
142.714457,16869,clench,-4,9,14,5,4,-8,8,0
142.716315,16870,clench,-8,6,-14,-5,-10,1,-40,-9
142.716322,16871,clench,-3,54,4,-3,0,9,29,15
142.728824,16872,clench,3,-6,-8,-2,-3,-3,-13,3
142.728869,16873,clench,0,-44,-3,-4,-3,-2,-6,2
142.731044,16874,clench,-5,19,4,-1,-2,-4,11,5
142.731066,16875,clench,-2,-28,-18,6,11,7,5,-3
142.750955,16876,clench,-8,-17,8,-8,-4,-6,-4,-33
142.750976,16877,clench,12,1,10,3,-1,3,15,51
142.751628,16878,clench,1,24,4,-2,1,3,3,-12
142.751640,16879,clench,6,-5,-1,1,2,-4,-11,39
142.774075,16880,clench,3,-37,-12,2,11,-3,8,38
142.774102,16881,clench,-5,-16,-16,1,-5,3,-15,0
142.775624,16882,clench,-1,21,26,-2,-1,5,-22,-2
142.775630,16883,clench,4,0,-12,-1,-6,-4,11,-13
142.788457,16884,clench,-1,14,-1,-4,-6,0,-34,-6
142.788486,16885,clench,-2,-31,-6,-1,2,-2,14,-13
142.789562,16886,clench,0,2,-8,-3,-1,-1,12,-2
142.789567,16887,clench,-4,12,0,14,0,-6,-22,-14
142.811862,16888,clench,1,-33,-10,3,5,3,18,4
142.811869,16889,clench,-5,18,8,2,4,2,-8,-12
142.811952,16890,clench,1,2,3,4,-3,0,13,9
142.811954,16891,clench,-2,-10,-2,-15,-9,-5,-4,-10
142.833942,16892,clench,1,-8,5,1,-5,-11,-1,21
142.833966,16893,clench,-4,10,-14,-14,2,11,-5,-5
142.835322,16894,clench,1,10,-6,-2,-2,0,13,1
142.835329,16895,clench,-1,-9,-1,-3,-3,-3,-6,-8
142.848465,16896,clench,7,-83,-14,2,1,-2,-4,-4
142.848495,16897,clench,-9,96,15,0,-4,-6,-12,-16
142.849420,16898,clench,-1,-13,-2,-4,3,-1,3,0
142.849443,16899,clench,-4,-7,-4,-3,-3,-2,-5,-8
142.870971,16900,clench,-5,-1,-11,-2,-7,-13,-40,-18
142.871037,16901,clench,6,29,-10,0,-3,9,42,2
142.873711,16902,clench,-3,-60,42,7,1,4,3,3
142.873719,16903,clench,-3,2,-6,-4,-2,0,-2,-6
142.894203,16904,clench,1,27,7,0,0,3,-4,32
142.894231,16905,clench,2,-54,-17,6,1,-9,8,9
142.894912,16906,clench,-8,-59,-55,-7,2,-10,-23,-7
142.894941,16907,clench,3,85,59,-2,-6,9,16,1
142.908602,16908,clench,5,16,2,-2,-8,5,11,11
142.908626,16909,clench,-4,-39,5,-3,0,3,5,-7
142.909055,16910,clench,6,-6,-6,1,-3,-5,10,-1
142.909117,16911,clench,-11,-56,-28,1,6,-9,-29,-6
142.930974,16912,clench,-2,36,4,-1,2,5,33,-6
142.930996,16913,clench,-2,-16,11,2,-4,-4,-3,-14
142.932126,16914,clench,1,23,-5,0,6,0,-6,-28
142.932132,16915,clench,-10,-52,-69,-4,3,-63,-8,-4
142.954156,16916,clench,0,90,85,0,-2,67,6,-1
142.954181,16917,clench,8,-50,-4,-4,-15,12,-9,-1
142.956103,16918,clench,1,15,8,1,-3,-1,-16,-3
142.956109,16919,clench,3,-25,-19,-3,-7,5,-8,1
142.968913,16920,clench,-6,-36,-32,-5,2,-33,5,-17
142.968919,16921,clench,0,0,6,1,8,-5,-4,25
142.969030,16922,clench,1,32,-4,0,-2,0,-3,38
142.969059,16923,clench,-1,14,10,-2,8,11,19,-3
142.991097,16924,clench,-2,-2,-3,-2,-3,1,1,-5
142.993161,16925,clench,-4,1,5,-4,-4,-4,-15,-9
142.993169,16926,clench,2,17,-5,0,-1,-1,8,-2
142.993171,16927,clench,-3,-11,4,-2,-1,16,-1,11
143.015219,16928,clench,-5,-7,-8,-2,-6,-7,5,-30
143.015228,16929,clench,2,-93,-37,2,10,-10,-30,-5
143.015232,16930,clench,-13,105,31,4,-16,-33,56,-12
143.015275,16931,clench,2,59,42,-4,4,57,7,13
143.028746,16932,clench,10,-23,-20,-4,-11,-9,-9,43
143.028772,16933,clench,2,-6,10,-1,4,-1,14,-15
143.031564,16934,clench,1,-50,-34,-3,1,-13,-44,2
143.031572,16935,clench,1,-16,-2,3,1,-6,2,21
143.050937,16936,clench,-5,16,6,12,9,-22,7,3
143.050960,16937,clench,-17,-37,-42,-9,8,-24,-2,-24
143.051812,16938,clench,9,37,35,-7,-12,57,56,16
143.051830,16939,clench,9,11,7,-2,-4,-6,-39,-13
143.074113,16940,clench,1,-22,-11,-4,-2,4,-3,-14
143.074138,16941,clench,3,14,8,7,2,-19,-15,10
143.076530,16942,clench,-6,-30,-9,4,7,-5,-12,-21
143.076538,16943,clench,-3,-11,6,0,-1,2,19,-5
143.088408,16944,clench,-1,-6,-12,-3,1,-13,-11,-2
143.088432,16945,clench,-4,21,9,-1,-2,7,-7,-5
143.090495,16946,clench,1,-18,-10,-3,-2,-6,21,4
143.090502,16947,clench,2,-60,-59,-2,6,2,-46,1
143.111782,16948,clench,9,67,86,15,7,8,18,93
143.111796,16949,clench,5,5,2,-3,-9,5,-2,10
143.111799,16950,clench,1,-12,3,-1,2,3,-5,0
143.111801,16951,clench,2,-42,-24,-1,-4,-20,-4,-8
143.134260,16952,clench,-16,-39,-41,-11,-3,0,-7,-44
143.134286,16953,clench,7,30,18,-1,-4,13,9,6
143.135752,16954,clench,3,-17,-9,-1,2,-10,-14,15
143.135758,16955,clench,-3,10,8,0,-2,-5,4,-20
143.147737,16956,clench,-5,1,-7,-2,1,5,-1,-19
143.147757,16957,clench,-1,17,11,-1,-6,0,2,2
143.157366,16958,clench,-4,-12,-10,0,3,-3,-14,-14
143.157371,16959,clench,-2,20,16,2,1,-2,11,-1
143.170897,16960,clench,0,-3,-4,-2,-7,0,-49,-20
143.170926,16961,clench,-3,-9,-9,3,-2,-10,21,4
143.173534,16962,clench,0,5,7,4,5,9,14,7
143.173542,16963,clench,0,4,5,-11,-15,-4,-4,0
143.194334,16964,clench,-4,12,-18,-6,-2,-6,-6,-58
143.194368,16965,clench,-3,-23,-5,-6,-5,0,-19,-16
143.194835,16966,clench,-8,-34,3,2,3,-9,-14,-38
143.194849,16967,clench,-2,63,37,2,16,6,15,25
143.207737,16968,clench,0,-41,-17,-2,-11,-7,9,10
143.207837,16969,clench,-4,7,-2,-3,-7,-1,-1,-2
143.215697,16970,clench,0,-8,-4,-1,2,1,4,-1
143.215722,16971,clench,0,-46,-25,-3,-3,-4,-5,-4
143.231112,16972,clench,1,-13,-12,1,2,-44,-8,-11
143.231135,16973,clench,-9,33,7,-3,16,60,45,14
143.232293,16974,clench,6,14,17,-2,-20,-11,-43,2
143.232299,16975,clench,0,-13,4,3,0,17,12,-29
143.254038,16976,clench,4,2,2,-2,-1,8,5,9
143.254063,16977,clench,2,-45,-30,-4,-3,-32,-20,5
143.254694,16978,clench,-3,-2,-2,-4,4,3,15,4
143.254709,16979,clench,-5,20,9,0,-5,-4,-7,3
143.267746,16980,clench,-6,-40,-16,-1,3,3,8,-4
143.267766,16981,clench,1,54,-2,1,0,-6,-5,-1
143.276307,16982,clench,4,-11,-2,3,8,9,2,33
143.276344,16983,clench,-4,57,20,-4,-12,-14,-39,-13
143.291061,16984,clench,-2,18,-6,1,6,28,72,23
143.291087,16985,clench,-3,-58,-2,-3,11,7,5,-11
143.292317,16986,clench,1,85,14,1,-3,-5,-9,23
143.292323,16987,clench,-2,-69,-3,5,-2,-9,-7,-22
143.314749,16988,clench,0,31,-7,-8,-15,9,8,-1
143.314827,16989,clench,0,-45,4,2,-12,-19,-10,-1
143.314830,16990,clench,-4,-7,-2,-2,16,16,-6,-21
143.314927,16991,clench,7,48,-14,0,12,20,14,6
143.338118,16992,clench,2,-9,28,6,1,-6,-9,-3
143.338143,16993,clench,1,-10,-9,0,-8,-10,-2,-2
143.340341,16994,clench,-7,3,-1,-7,-4,-11,-11,-5
143.340348,16995,clench,0,-5,-2,0,0,-6,12,3
143.351038,16996,clench,1,30,-4,-4,5,7,-27,2
143.351062,16997,clench,-1,36,28,2,-8,-3,-15,-9
143.353020,16998,clench,2,-63,-10,4,-1,-1,6,17
143.353026,16999,clench,-5,50,3,-2,-6,-4,18,7
143.374257,17000,clench,-4,-29,-20,-4,4,0,1,-5
143.374321,17001,clench,4,8,-2,-1,-2,2,9,33
143.376334,17002,clench,-7,0,-2,-2,0,-4,16,-5
143.376341,17003,clench,4,-45,-12,-3,-9,-7,-3,10
143.387704,17004,clench,-3,-60,2,-1,3,2,1,11
143.387724,17005,clench,5,69,-2,-3,1,-5,4,-11
143.396393,17006,clench,-2,11,17,8,5,-11,-21,-22
143.396444,17007,clench,0,-76,-11,-7,-3,27,27,24
143.411115,17008,clench,-13,12,4,0,-4,-8,-8,-25
143.411151,17009,clench,6,0,0,0,2,8,-5,7
143.411627,17010,clench,5,-2,-20,-7,-5,-10,-2,-1
143.411637,17011,clench,-5,4,-17,0,-3,-17,-14,-12
143.434071,17012,clench,0,-40,1,2,1,0,-23,2
143.434090,17013,clench,-9,62,0,-4,1,4,20,-9
143.435095,17014,clench,3,7,2,0,7,4,-24,6
143.435100,17015,clench,2,-3,3,-3,-13,-7,-2,-40
143.447832,17016,clench,2,4,3,-1,-4,-6,2,-5
143.447851,17017,clench,-5,-9,-3,0,2,0,-4,-1
143.456095,17018,clench,0,-21,-10,2,-4,-1,6,29
143.456100,17019,clench,-2,40,5,4,11,-8,-1,-10
143.471045,17020,clench,0,7,-2,-4,-2,14,3,-6
143.471101,17021,clench,4,-49,-4,-3,-6,0,-34,0
143.471569,17022,clench,-6,7,9,-1,2,17,67,-20
143.471578,17023,clench,3,9,5,1,-2,-3,-11,-3
143.494153,17024,clench,-5,-26,-12,-1,-7,-18,-13,2
143.494183,17025,clench,-2,42,25,7,7,-1,-9,1
143.496524,17026,clench,3,15,-8,-8,-1,9,15,0
143.496545,17027,clench,3,-30,-1,1,-4,-14,28,13
143.518128,17028,clench,4,38,-3,-2,6,4,-37,-10
143.518135,17029,clench,-11,-12,-12,-6,-14,-19,5,-9
143.518138,17030,clench,1,-25,-3,3,-2,8,-7,1
143.518140,17031,clench,-4,16,1,-2,-1,-2,3,1
143.530975,17032,clench,0,-42,-9,0,2,-3,4,5
143.531006,17033,clench,2,39,11,1,12,19,9,1
143.532394,17034,clench,-4,5,-8,-6,-19,-17,-15,-3
143.532401,17035,clench,-4,-7,-5,-3,2,3,-4,0
143.554859,17036,clench,4,7,-6,1,2,1,12,16
143.554963,17037,clench,-1,-24,8,0,-10,-6,-25,-20
143.555587,17038,clench,-1,-10,-1,1,2,-3,-6,-3
143.556894,17039,clench,0,24,-6,3,13,12,17,5
143.576615,17040,clench,9,-3,18,-4,-13,-4,0,53
143.576635,17041,clench,-2,-42,-8,0,0,-1,9,-8
143.577756,17042,clench,-4,64,6,-4,-7,-8,-34,-31
143.577763,17043,clench,-4,-34,-4,2,2,-3,4,15
143.590872,17044,clench,7,2,-2,2,5,1,12,-13
143.590898,17045,clench,0,33,-11,-7,-1,-3,-2,11
143.592150,17046,clench,-2,-20,11,0,-3,5,-4,0
143.592156,17047,clench,-1,0,-4,1,5,-9,-14,-5
143.614621,17048,clench,-8,16,-11,-2,-6,-17,-6,-19
143.614634,17049,clench,0,10,10,-5,-10,14,-2,-3
143.614798,17050,clench,-2,-15,-10,0,-1,-2,14,-6
143.614807,17051,clench,1,6,11,-3,2,-1,-17,-10
143.636802,17052,clench,-6,-8,0,-1,-2,3,6,-8
143.636833,17053,clench,-2,-9,-3,5,-4,-19,-4,0
143.638263,17054,clench,0,7,-9,-5,0,-2,11,17
143.638272,17055,clench,-5,-23,3,-3,-1,11,-35,-11
143.651044,17056,clench,2,-15,-6,-8,-14,-6,13,3
143.651070,17057,clench,-10,-5,6,5,5,2,-3,-32
143.652500,17058,clench,6,43,-15,-1,1,-2,-6,-7
143.652505,17059,clench,-1,22,32,5,-3,1,3,7
143.674680,17060,clench,-4,-12,-13,-1,4,0,-10,-11
143.674711,17061,clench,3,-37,-3,1,5,4,7,4
143.677366,17062,clench,-1,56,-3,-6,2,5,-7,-3
143.677373,17063,clench,-1,-47,-8,1,-15,-17,11,1
143.696720,17064,clench,4,43,2,-1,4,-7,-2,25
143.696746,17065,clench,-3,-35,-15,-3,-7,11,3,-4
143.697333,17066,clench,-1,-13,21,0,4,13,-1,-14
143.697358,17067,clench,3,-1,-9,0,4,9,-24,14
143.710917,17068,clench,1,21,17,1,-3,0,3,-11
143.710936,17069,clench,-3,-52,-23,-1,8,-10,7,-22
143.711958,17070,clench,-3,-27,-1,1,-1,-5,-5,12
143.711996,17071,clench,-1,16,7,-2,-2,5,43,-7
143.734253,17072,clench,-3,16,-9,0,1,4,-2,-8
143.735616,17073,clench,-2,-7,-1,-4,1,-8,-11,10
143.735627,17074,clench,2,-7,-1,4,0,-4,-5,4
143.735629,17075,clench,-2,6,-4,-1,-1,-5,-13,2
143.756513,17076,clench,-5,-24,-16,-5,5,3,-4,-12
143.756532,17077,clench,8,19,5,3,-6,-1,8,51
143.757260,17078,clench,3,0,2,0,0,-1,-7,3
143.757276,17079,clench,-5,-7,-7,-6,-4,-3,-3,1
143.770977,17080,clench,-3,-20,5,8,8,3,25,-13
143.770990,17081,clench,-2,13,-13,-8,8,5,-7,-10
143.771598,17082,clench,2,-26,8,1,-15,-4,13,1
143.771618,17083,clench,0,3,-6,-2,0,-6,-10,11
143.794263,17084,clench,-4,-27,9,0,-3,-1,-18,-8
143.794286,17085,clench,-5,77,3,-1,3,14,-13,-5
143.796467,17086,clench,-2,-7,-18,-5,2,-7,5,3
143.796477,17087,clench,-1,-5,-4,3,5,2,13,-3
143.817797,17088,clench,1,-16,6,4,-6,-13,-38,-11
143.817873,17089,clench,4,29,10,1,0,2,32,29
143.817876,17090,clench,-3,-23,-10,-3,3,16,12,-3
143.817878,17091,clench,0,13,-4,-1,-3,-3,-1,-17
143.830906,17092,clench,-8,29,-2,-3,-2,-5,-12,-19
143.830930,17093,clench,1,-38,-3,5,8,-6,9,22
143.832981,17094,clench,-3,11,5,-2,5,6,-18,-29
143.832987,17095,clench,6,-7,2,0,-8,2,4,6
143.854320,17096,clench,2,18,-11,-3,-3,0,3,8
143.854341,17097,clench,-4,-7,16,4,-6,-12,-11,-19
143.855423,17098,clench,-4,-14,-6,-4,3,0,1,-3
143.855429,17099,clench,-2,-58,-13,-4,3,-1,-4,-1
143.876800,17100,clench,-2,70,10,1,-3,3,28,4
143.876887,17101,clench,-1,-37,-11,-2,-5,-1,-43,-22
143.878256,17102,clench,-1,33,5,2,-1,-16,-7,4
143.878262,17103,clench,-4,16,-7,-2,-3,7,4,-1
143.890938,17104,clench,1,-23,9,0,-4,-7,-1,6
143.890969,17105,clench,0,-57,5,-5,4,10,5,-1
143.892879,17106,clench,-3,27,-6,-1,-10,-13,-23,2
143.892883,17107,clench,-3,5,-6,-1,3,11,35,3
143.914207,17108,clench,-2,-15,3,-1,-1,-12,-8,-28
143.914229,17109,clench,-5,18,-2,-4,-2,-2,-19,-21
143.914962,17110,clench,0,-32,-3,-2,-2,2,-2,10
143.914984,17111,clench,-1,21,7,-1,-13,-11,-4,-7
143.936575,17112,clench,1,-5,-9,-3,5,13,-1,-1
143.936599,17113,clench,-2,-4,-4,-1,-7,-10,5,-6
143.938777,17114,clench,2,-10,0,2,3,-14,-3,-2
143.938782,17115,clench,5,10,9,3,9,4,-18,27
143.950903,17116,clench,-2,-5,-5,-5,-5,10,30,10
143.950923,17117,clench,8,10,-7,-3,-5,-1,4,30
143.952657,17118,clench,2,-54,-12,-3,0,-11,-13,15
143.952667,17119,clench,-15,45,15,-2,2,14,-18,-53
143.974217,17120,clench,4,-19,-3,4,3,3,-17,-10
143.974248,17121,clench,3,43,15,2,1,0,13,1
143.974744,17122,clench,-4,-18,-1,0,-2,-3,19,-2
143.974777,17123,clench,0,-11,-13,-3,-4,-12,-5,12
143.996966,17124,clench,-2,-15,-4,-2,-5,8,-2,7
143.996992,17125,clench,-3,-4,-1,2,-1,-8,10,-14
143.998480,17126,clench,-1,-10,1,0,-1,8,0,-4
143.998490,17127,clench,-5,36,14,2,4,-7,8,-7
144.010933,17128,clench,2,0,-5,-10,-7,5,18,49
144.010961,17129,clench,2,-52,-19,-6,-5,-7,-23,1
144.012302,17130,clench,-4,52,9,2,-3,7,14,2
144.012312,17131,clench,4,2,-1,0,11,-4,8,15
144.034183,17132,clench,2,6,5,3,-2,-12,-19,-3
144.036078,17133,clench,-2,17,-5,-6,-4,9,12,-45
144.036084,17134,clench,-3,-39,-14,-4,-1,0,-33,3
144.036086,17135,clench,-5,-13,7,0,-9,-13,0,-2
144.056577,17136,clench,-5,-8,-15,-5,-5,-5,15,-11
144.056596,17137,clench,-2,20,11,1,2,3,-7,-1
144.057978,17138,clench,-5,-8,3,-4,1,7,19,-2
144.057982,17139,clench,5,-68,-10,-5,-5,-1,-4,3
144.070934,17140,clench,-2,78,5,1,0,-5,-3,-20
144.070952,17141,clench,-4,-16,-5,1,5,-4,-6,20
144.071583,17142,clench,1,-40,-13,0,1,2,2,-9
144.071603,17143,clench,-2,55,30,4,-1,1,-5,6
144.094111,17144,clench,5,-20,-8,-5,6,-3,-4,2
144.094142,17145,clench,-11,27,3,-4,-3,3,-4,-36
144.095597,17146,clench,1,-2,-8,4,-1,-10,7,13
144.095609,17147,clench,1,10,9,-5,2,15,16,3
144.124002,17148,clench,4,1,-5,1,-4,-3,-4,0
144.124027,17149,clench,-1,3,8,1,-5,-6,10,0
144.126428,17150,clench,4,-14,-7,-2,1,4,-13,-8
144.126435,17151,clench,-2,14,-4,3,-5,-28,0,-11
144.130303,17152,clench,-9,3,11,-2,4,40,-13,-2
144.130333,17153,clench,5,-22,-5,-1,-3,-8,36,21
144.138470,17154,clench,-2,7,-2,1,-1,0,-12,-9
144.138494,17155,clench,4,-64,-20,-2,6,4,-12,20
144.154158,17156,clench,-5,30,12,2,-1,-11,-3,-23
144.154185,17157,clench,0,-6,-3,0,-3,-2,-9,-2
144.156638,17158,clench,0,27,5,-1,2,3,13,8
144.156645,17159,clench,-10,-17,-16,-6,-9,-9,0,-22
144.178442,17160,clench,1,-41,-3,0,4,2,-10,-16
144.178451,17161,clench,-1,7,-11,3,11,10,-4,11
144.178453,17162,clench,-3,-9,32,4,-5,-7,17,4
144.178455,17163,clench,-4,-15,-9,-7,-13,5,-22,-35
144.190241,17164,clench,4,-13,-9,2,4,-9,19,17
144.190265,17165,clench,-3,-12,5,-3,-4,8,21,7
144.198621,17166,clench,2,48,-7,0,3,8,0,3
144.198655,17167,clench,-5,-25,-20,-7,-5,-1,19,16
144.214250,17168,clench,-3,6,26,5,4,-4,-25,-18
144.214276,17169,clench,1,-4,-5,-1,4,-7,-9,6
144.215720,17170,clench,-2,-12,-6,-2,-4,-6,-6,-13
144.215734,17171,clench,3,-27,-5,-2,-2,6,-7,8
144.236728,17172,clench,-4,40,11,2,3,-3,1,6
144.238712,17173,clench,-1,14,-8,-3,-6,-7,-14,-3
144.238718,17174,clench,-5,1,-7,2,-1,-13,0,-29
144.238721,17175,clench,-1,7,17,-1,-1,9,12,6
144.259271,17176,clench,1,-20,-20,-11,-4,6,-29,8
144.259302,17177,clench,-2,-4,-8,1,6,1,12,-3
144.260572,17178,clench,5,7,12,-3,-18,5,19,4
144.260600,17179,clench,13,17,-3,8,9,-7,-7,45
144.274051,17180,clench,-7,22,2,-5,-14,-8,30,-3
144.274078,17181,clench,-3,-48,1,-4,-1,7,3,4
144.274605,17182,clench,1,-20,-11,-3,8,-7,-17,5
144.274935,17183,clench,-3,10,-4,1,-1,0,0,-10
144.296722,17184,clench,3,-24,3,2,4,3,-3,8
144.296748,17185,clench,-3,2,-8,1,0,-5,-17,0
144.298475,17186,clench,1,6,8,-1,1,-1,9,6
144.298481,17187,clench,7,4,6,1,0,-5,-14,0
144.310214,17188,clench,-7,-20,-11,1,7,4,2,3
144.310325,17189,clench,-3,42,7,2,-6,-11,-5,-1
144.318459,17190,clench,-2,0,-1,-4,7,17,16,-6
144.318478,17191,clench,0,-83,-10,-4,-5,-9,-25,-9
144.335021,17192,clench,1,89,0,5,2,-25,-14,5
144.335026,17193,clench,-7,-1,-6,-2,14,34,-11,-23
144.335029,17194,clench,4,12,52,4,-12,0,2,33
144.335031,17195,clench,4,8,-12,-6,-3,7,20,-21
144.356500,17196,clench,-5,-27,-5,0,-2,-5,3,11
144.356525,17197,clench,5,-25,-4,2,0,-15,-6,11
144.358922,17198,clench,-5,1,-20,0,8,-6,-18,-12
144.358929,17199,clench,-10,22,3,-5,0,2,2,-44
144.370275,17200,clench,-2,-49,-4,-4,-8,-2,5,-16
144.370354,17201,clench,-4,33,11,-1,0,-3,-5,-9
144.378808,17202,clench,0,-15,-12,1,0,-2,-9,4
144.381515,17203,clench,3,20,7,0,-4,0,-1,9
144.401881,17204,clench,3,8,0,-1,4,5,-3,-15
144.401903,17205,clench,2,-17,-10,-2,-6,-3,1,12
144.402253,17206,clench,-2,-5,-11,-3,-1,-3,18,-1
144.402291,17207,clench,-4,29,12,8,3,-7,-9,13
144.416757,17208,clench,0,32,22,1,1,2,4,1
144.416784,17209,clench,4,5,1,-4,0,10,-21,-10
144.418047,17210,clench,-1,-2,-9,-5,-8,-10,-12,-6
144.418063,17211,clench,-5,-8,-14,-4,-4,1,-2,13
144.439123,17212,clench,0,-12,-5,-2,3,11,13,-18
144.439148,17213,clench,-2,19,0,1,-6,-13,22,-7
144.441324,17214,clench,-6,-41,12,-1,3,1,-5,-12
144.441334,17215,clench,-2,-1,-11,0,3,1,-4,5
144.452878,17216,clench,1,-9,-2,-1,-8,-6,-9,23
144.452900,17217,clench,0,-15,15,0,-1,0,6,11
144.462379,17218,clench,1,-15,-16,-4,0,-3,6,-2
144.462390,17219,clench,-6,62,9,0,-1,3,9,-37
144.476589,17220,clench,6,-12,7,3,-1,-1,-3,9
144.476657,17221,clench,-7,-1,-11,-1,14,0,-13,-1
144.478053,17222,clench,-1,-21,-10,4,-8,-23,-12,11
144.478069,17223,clench,1,32,11,-7,-3,18,13,12
144.498162,17224,clench,1,-34,0,0,3,4,-19,-1
144.498188,17225,clench,6,91,21,0,-8,-1,21,3
144.507996,17226,clench,-1,4,-2,0,7,4,-22,-5
144.508001,17227,clench,-5,-53,-11,2,0,-14,3,-8
144.513752,17228,clench,2,-6,-12,-1,-7,-19,10,6
144.513777,17229,clench,-7,-13,0,-5,-9,8,-1,-5
144.520567,17230,clench,-3,-59,-22,-2,2,4,5,-7
144.520603,17231,clench,0,61,1,-4,-4,-9,-10,9
144.536811,17232,clench,5,13,22,1,4,17,19,20
144.536845,17233,clench,-1,-22,-6,-1,-3,-12,4,0
144.539133,17234,clench,0,16,0,-2,1,5,-1,-5
144.539141,17235,clench,0,-44,-15,-1,2,-1,-11,-3
144.559193,17236,clench,-1,28,-5,-1,-3,-10,-12,19
144.559272,17237,clench,-2,-29,-6,0,2,-5,6,-8
144.560508,17238,clench,5,58,15,1,-4,11,13,-7
144.560525,17239,clench,-1,-20,0,-2,3,2,7,9
144.572636,17240,clench,-2,-4,-5,1,0,0,-13,-11
144.572652,17241,clench,-1,-11,0,-3,-5,-5,-14,2
144.582199,17242,clench,-3,6,-9,-6,-4,-5,-9,5
144.582206,17243,clench,-2,13,7,2,-1,-5,-2,-4
144.596853,17244,clench,-6,-8,-4,-1,15,23,16,-7
144.596880,17245,clench,4,3,-5,1,-11,1,-17,-7
144.599120,17246,clench,0,-6,8,-3,-5,-2,10,2
144.599128,17247,clench,6,-23,1,1,-1,-2,-13,25
144.618998,17248,clench,-2,8,-1,-2,-4,-10,-8,-6
144.619021,17249,clench,-1,8,-2,5,8,-4,-5,-2
144.620534,17250,clench,2,14,-4,-1,4,8,27,7
144.620552,17251,clench,-1,19,13,2,0,-16,-37,-8
144.634355,17252,clench,-2,-7,-9,-3,-8,14,6,-13
144.634364,17253,clench,0,-3,-2,-1,-1,-2,11,-12
144.640456,17254,clench,-4,-28,5,-2,-2,-4,-7,-3
144.640481,17255,clench,1,-47,-11,-1,-3,2,-5,1
144.656624,17256,clench,-1,11,-6,-2,1,-14,-5,-8
144.656649,17257,clench,-4,3,11,-4,-13,-9,-5,-4
144.658290,17258,clench,-5,-46,-5,1,5,12,7,3
144.658333,17259,clench,-1,55,5,9,13,5,-5,1
144.681620,17260,clench,-2,7,-14,-9,-12,-5,19,-25
144.681637,17261,clench,8,-13,2,-1,0,-1,-2,29
144.681640,17262,clench,4,26,1,1,8,13,-4,2
144.681642,17263,clench,-4,-1,0,2,0,-3,-9,1
144.693703,17264,clench,-4,-36,-5,-1,4,-1,5,-6
144.693733,17265,clench,-3,18,-10,0,-2,-9,1,-4
144.700205,17266,clench,-6,19,6,1,-10,-15,-8,-5
144.700224,17267,clench,0,-43,-3,-4,1,12,4,1
144.716577,17268,clench,-2,5,0,0,-3,-3,3,8
144.716600,17269,clench,11,-12,4,0,8,6,-4,50
144.718082,17270,clench,-3,21,0,2,3,0,-8,-4
144.718101,17271,clench,2,6,-2,-6,-12,-7,-12,-16
144.738982,17272,clench,1,23,7,5,1,-3,2,30
144.739000,17273,clench,-5,15,6,-3,-3,3,9,-5
144.740403,17274,clench,0,6,-7,-1,3,-7,-3,-4
144.740433,17275,clench,0,-17,7,0,3,12,8,3
144.753632,17276,clench,2,1,15,0,-5,-10,6,-9
144.755513,17277,clench,-3,-62,-8,1,1,2,-23,-21
144.760327,17278,clench,3,57,-2,-2,3,5,0,20
144.760351,17279,clench,-5,-31,-8,-2,2,-8,7,-11
144.777595,17280,clench,-4,40,-23,-3,-1,0,-14,-8
144.777604,17281,clench,-2,8,23,7,-5,-24,9,-10
144.778174,17282,clench,-4,-61,-10,-13,0,22,-20,-9
144.778200,17283,clench,3,20,0,-1,-19,-15,4,-2
144.799251,17284,clench,0,-45,-8,-5,0,11,19,8
144.799273,17285,clench,-3,0,-24,-2,-2,-13,-1,-5
144.800754,17286,clench,2,39,23,3,9,2,-17,-5
144.800765,17287,clench,7,0,2,3,4,9,3,12
144.813660,17288,clench,1,-42,-3,-2,-3,-9,-18,17
144.813684,17289,clench,-5,11,-1,-2,0,2,1,-7
144.820279,17290,clench,-1,42,22,4,-1,4,20,-22
144.820301,17291,clench,-3,-10,-10,-1,0,0,-19,20
144.836726,17292,clench,-2,-10,2,-3,-3,-5,-5,-13
144.836752,17293,clench,-2,-12,-5,-3,5,3,2,-1
144.838470,17294,clench,-1,-19,-17,0,-5,-8,6,-7
144.838476,17295,clench,-5,8,10,-1,-1,2,2,-12
144.859089,17296,clench,-2,-16,-16,-2,12,3,-3,-9
144.859114,17297,clench,-1,-16,10,-2,-10,1,-5,-2
144.860584,17298,clench,-1,30,-2,1,-16,-28,-9,4
144.860607,17299,clench,-4,-20,-8,0,8,21,32,-1
144.873416,17300,clench,3,24,23,3,4,6,-9,-2
144.873600,17301,clench,4,14,-9,-4,7,11,6,4
144.880435,17302,clench,-3,4,-3,-4,-4,2,6,1
144.880459,17303,clench,2,-24,-9,0,-1,-10,4,9
144.896864,17304,clench,-9,-33,-7,-3,-8,-15,0,-51
144.896884,17305,clench,1,32,11,1,1,13,-5,-3
144.898693,17306,clench,2,-35,-15,2,8,-9,-6,30
144.898699,17307,clench,-4,18,-19,6,17,-5,6,-4
144.919006,17308,clench,-1,-49,15,-9,-25,2,-23,10
144.919020,17309,clench,1,57,12,-3,-2,8,10,-18
144.920587,17310,clench,-4,-17,-6,-5,-7,-4,-12,4
144.920690,17311,clench,-3,-4,5,-1,3,-3,14,-15
144.934174,17312,clench,0,5,-3,3,4,-9,-5,11
144.934180,17313,clench,1,-29,-17,1,-2,7,-3,6
144.940449,17314,clench,-3,-28,-2,1,5,1,-6,-2
144.941937,17315,clench,-3,12,2,-6,-4,-1,-5,1
144.956469,17316,clench,2,55,-7,-2,-6,1,8,-5
144.956485,17317,clench,3,-4,17,2,3,-3,-16,10
144.958048,17318,clench,-1,-11,-9,-7,-12,1,-6,-7
144.958110,17319,clench,7,32,-5,-2,-2,0,2,23
144.981231,17320,clench,-5,-44,0,0,-5,-8,-5,-1
144.981246,17321,clench,4,2,-8,-1,0,-3,10,24
144.981250,17322,clench,4,7,2,5,-1,-16,-7,26
144.981252,17323,clench,-1,-24,-3,-3,7,14,12,21
144.992993,17324,clench,1,0,8,4,-5,8,0,13
144.993021,17325,clench,-7,-1,-1,-6,-9,-6,-22,-16
145.002745,17326,clench,4,-5,6,2,-5,-8,9,-13
145.002752,17327,clench,-3,2,12,1,-5,-5,-28,-9
145.016667,17328,clench,-3,18,-6,-2,9,-3,13,-9
145.016688,17329,clench,1,-23,-6,2,7,7,10,4
145.018089,17330,clench,0,50,9,-2,-4,6,-6,-9
145.018112,17331,clench,-2,-25,-6,-2,0,1,4,-18
145.039030,17332,clench,4,28,11,3,-1,-2,-4,39
145.039055,17333,clench,-2,-32,-9,-1,0,-15,-8,-5
145.040774,17334,clench,-5,-55,-3,1,9,5,1,2
145.040782,17335,clench,-4,70,6,-6,-15,-5,-5,-13
145.052640,17336,clench,1,3,10,-2,-2,1,1,-3
145.052664,17337,clench,-3,11,-10,-2,0,3,-5,-5
145.062319,17338,clench,3,-18,-1,3,6,5,4,18
145.062332,17339,clench,-4,-12,-7,-4,-4,-9,-4,-9
145.077316,17340,clench,-9,-47,-9,0,14,-7,-5,-57
145.077324,17341,clench,-1,47,23,-4,-17,-2,-9,13
145.078182,17342,clench,2,9,-1,2,1,11,14,-12
145.078248,17343,clench,-5,6,-5,-3,-1,-7,-1,-13
145.099194,17344,clench,4,-1,-23,-6,0,10,8,11
145.099222,17345,clench,-3,-17,6,5,4,-5,1,-8
145.100907,17346,clench,-5,4,-7,-5,-4,-11,8,-11
145.100917,17347,clench,5,-18,2,-3,-1,4,-21,-1
145.113042,17348,clench,0,5,1,3,6,3,13,0
145.113071,17349,clench,-6,-1,-2,2,-3,-15,-13,-21
145.122700,17350,clench,2,-36,-8,-9,0,18,29,33
145.122705,17351,clench,3,40,6,2,-1,-1,-7,0
145.136555,17352,clench,-1,0,5,-1,-3,1,-12,5
145.136579,17353,clench,-1,-3,-8,-3,-1,-1,-6,-11
145.138254,17354,clench,-3,-18,-35,-2,1,-18,-3,-23
145.138262,17355,clench,-13,2,42,6,0,-6,15,-30
145.159024,17356,clench,7,34,22,0,-17,18,-11,9
145.159049,17357,clench,2,-27,-16,-5,0,0,17,6
145.160789,17358,clench,-1,8,10,0,-2,0,-14,-8
145.160815,17359,clench,2,-23,-27,-2,2,-4,5,2
145.172641,17360,clench,-2,3,-8,1,3,-9,-13,3
145.172664,17361,clench,-3,-4,2,-5,-1,5,11,-4
145.183482,17362,clench,0,19,3,2,1,2,-12,6
145.183489,17363,clench,2,2,0,-1,-5,-5,-9,-1
145.196877,17364,clench,-4,-36,-4,2,-2,-8,7,-4
145.196910,17365,clench,0,43,1,-4,3,7,-10,6
145.198812,17366,clench,-3,23,8,0,2,11,26,-34
145.198830,17367,clench,6,-9,2,5,-1,-8,-22,36
145.219005,17368,clench,-1,2,-9,-11,-7,-5,51,15
145.219032,17369,clench,1,-23,-9,1,2,1,-28,22
145.220585,17370,clench,-5,4,7,3,8,7,-17,-2
145.220638,17371,clench,2,-40,-31,-8,-14,-8,7,-7
145.232856,17372,clench,-2,45,36,5,5,4,-11,0
145.232889,17373,clench,-2,-24,-3,1,-4,-8,18,-5
145.243360,17374,clench,-2,8,6,-2,-7,-7,-3,-1
145.243367,17375,clench,-1,-2,-7,-2,7,8,3,1
145.256502,17376,clench,-1,-39,-22,-3,3,-6,-11,-1
145.256525,17377,clench,-5,14,6,1,-1,-1,10,-7
145.258053,17378,clench,1,6,5,1,0,0,-12,-5
145.258104,17379,clench,-4,22,5,-2,-1,-2,5,-14
145.279822,17380,clench,1,-4,-7,-1,-4,-14,-21,-4
145.279836,17381,clench,-3,14,-34,-6,-2,2,10,4
145.280703,17382,clench,-4,0,23,-4,-4,11,-6,-4
145.280726,17383,clench,1,-3,4,-3,1,8,24,-4
145.292926,17384,clench,0,6,0,0,-1,4,-5,13
145.292951,17385,clench,-1,-15,-14,-1,4,-3,-7,-11
145.303315,17386,clench,1,-11,-10,0,-1,-16,-13,23
145.303322,17387,clench,-4,-7,0,0,-3,-3,-3,-1
145.316566,17388,clench,-1,12,-3,1,1,5,5,-5
145.316592,17389,clench,7,-22,5,1,2,0,-22,50
145.318101,17390,clench,-3,3,0,0,9,0,20,-3
145.318123,17391,clench,3,-2,15,13,-5,-7,-30,0
145.339196,17392,clench,5,1,-16,-13,-5,9,13,13
145.339213,17393,clench,1,26,13,0,-1,2,11,-8
145.340757,17394,clench,-1,-2,7,-2,-3,-1,6,-10
145.340762,17395,clench,0,1,-12,0,6,0,-1,4
145.362204,17396,clench,0,-49,-17,6,10,-12,-16,8
145.362235,17397,clench,-8,40,21,-3,-11,11,16,-7
145.363438,17398,clench,5,-24,14,0,-2,-6,-45,0
145.363461,17399,clench,-9,15,9,-3,-7,6,48,-35
147.386572,17400,rest,15,-17,-3,2,25,-2,-4,3
147.386844,17401,rest,58,36,0,0,-30,9,4,9
147.388355,17402,rest,-84,-50,-6,-6,-2,-18,-13,-54
147.388361,17403,rest,20,-12,1,-1,3,3,-2,5
147.401476,17404,rest,-11,14,-2,3,-1,-7,-1,-34
147.401493,17405,rest,13,-12,-1,-3,4,0,-3,8
147.403089,17406,rest,17,20,2,-1,4,6,3,0
147.403105,17407,rest,-22,-5,-3,-3,-11,-1,2,-3
147.424041,17408,rest,8,4,3,0,2,-6,-4,3
147.424064,17409,rest,-32,-24,2,-1,19,2,1,-6
147.425711,17410,rest,18,68,-1,2,-4,-2,4,2
147.425752,17411,rest,-41,-81,-6,-3,1,-5,-5,-6
147.453982,17412,rest,9,13,1,-1,0,3,3,18
147.454003,17413,rest,-14,-16,-4,-4,2,-4,-5,-2
147.455598,17414,rest,8,36,-1,-2,4,1,-1,11
147.455615,17415,rest,22,24,0,0,0,1,-1,3
147.460756,17416,rest,-10,1,-1,-5,-13,-1,0,-14
147.460770,17417,rest,-23,-10,1,7,24,-1,-3,4
147.467612,17418,rest,45,21,3,-1,-10,0,2,28
147.467629,17419,rest,58,9,-4,-2,0,2,4,-4
147.484130,17420,rest,-92,-35,-1,-2,-10,-3,-1,-49
147.484149,17421,rest,43,12,-4,-2,-5,-5,-1,-9
147.485568,17422,rest,33,-20,-2,0,11,1,-1,-1
147.485585,17423,rest,-10,8,0,2,15,1,-2,8
147.506592,17424,rest,6,17,0,0,-9,-2,0,18
147.506616,17425,rest,0,13,-1,-4,-12,-1,3,8
147.508507,17426,rest,-16,-5,-1,1,0,0,-4,-3
147.508511,17427,rest,-1,3,2,-3,-5,-2,-3,-12
147.521743,17428,rest,15,-1,-4,-2,0,0,-3,11
147.523109,17429,rest,-20,16,3,-5,-8,-18,-3,2
147.527956,17430,rest,79,-37,-4,8,24,10,4,-13
147.527989,17431,rest,-61,-33,-4,-2,-21,8,-3,-3
147.544166,17432,rest,8,-8,-1,-1,1,1,0,12
147.544191,17433,rest,-3,2,-3,-3,-9,0,0,7
147.547348,17434,rest,-21,4,2,-3,1,-2,2,2
147.547358,17435,rest,34,25,1,-1,19,-6,-10,-19
147.566524,17436,rest,9,1,-1,-2,-6,0,-3,7
147.566829,17437,rest,-4,-15,-1,0,-1,0,-1,-6
147.568462,17438,rest,-8,3,1,-1,-7,-4,-4,-2
147.568468,17439,rest,-7,0,0,-1,-1,-2,1,-3
147.580975,17440,rest,0,-2,-2,-3,-6,-3,-1,11
147.580999,17441,rest,5,-3,-2,0,9,0,-1,-2
147.587824,17442,rest,-26,-10,-3,-2,2,-2,-1,-52
147.587846,17443,rest,-5,8,1,-6,-12,-1,1,16
147.604763,17444,rest,42,18,1,9,8,0,5,31
147.604790,17445,rest,-16,-31,-1,1,18,0,-4,-2
147.607046,17446,rest,-33,-25,-8,-5,-27,-1,0,0
147.607052,17447,rest,-3,19,-2,-3,-7,-1,1,4
147.626602,17448,rest,5,-39,-1,-4,-13,-1,-1,-7
147.626630,17449,rest,4,21,1,0,8,4,0,-3
147.628423,17450,rest,-1,1,1,-1,1,0,-2,22
147.630818,17451,rest,4,10,0,1,5,-2,0,-10
147.640775,17452,rest,-6,13,0,-3,-4,-1,0,7
147.640796,17453,rest,4,8,-1,-1,-10,-2,-2,-1
147.647969,17454,rest,-6,-10,-3,-4,0,-1,0,7
147.647990,17455,rest,5,-2,2,1,-4,-2,0,4
147.664093,17456,rest,-18,-5,-1,-1,6,-3,0,-25
147.664115,17457,rest,69,5,4,-4,-11,2,0,51
147.666122,17458,rest,-60,6,-2,0,3,0,-3,1
147.666128,17459,rest,11,-7,-2,2,10,-7,-9,19
147.686441,17460,rest,-20,-12,-5,-2,8,9,7,10
147.686465,17461,rest,-16,11,-3,-5,-3,-21,-21,-18
147.687989,17462,rest,27,3,2,-3,7,0,0,18
147.688006,17463,rest,10,16,2,1,-5,0,1,-3
147.700858,17464,rest,-14,-26,-2,-4,-1,1,-1,-17
147.700866,17465,rest,1,-6,-3,-2,-2,6,6,-4
147.707796,17466,rest,8,19,1,-1,1,-2,0,-2
147.707821,17467,rest,-20,3,-3,0,5,1,1,-9
147.723135,17468,rest,23,17,4,1,-1,-4,-3,8
147.723158,17469,rest,-22,-4,-1,-2,-7,5,2,-12
147.731760,17470,rest,-9,-23,-3,1,-2,-2,-2,9
147.731783,17471,rest,12,14,3,2,8,2,2,2
147.748165,17472,rest,6,11,-2,-2,-4,-2,-2,3
147.748174,17473,rest,-13,-24,-1,-3,-7,-1,1,-2
147.748178,17474,rest,-10,16,2,2,-4,0,1,-8
147.748248,17475,rest,15,-31,-2,2,4,0,0,2
147.760265,17476,rest,-26,12,-3,1,-3,-1,-3,-5
147.760289,17477,rest,-9,21,-2,-1,-31,1,1,-7
147.769719,17478,rest,17,-9,1,-3,-4,-1,-1,3
147.769724,17479,rest,-4,-5,0,0,0,1,-1,38
147.784063,17480,rest,9,11,3,1,-9,-1,-3,30
147.784081,17481,rest,11,-20,-3,1,10,1,1,-42
147.785680,17482,rest,-3,4,-4,-3,-1,-2,-5,18
147.785704,17483,rest,33,-5,2,2,-4,0,-1,-10
147.806483,17484,rest,-70,-52,-6,-5,2,-1,-1,-13
147.806507,17485,rest,-53,11,2,-3,8,1,4,2
147.808261,17486,rest,-15,-44,-1,5,1,-2,-2,-12
147.808279,17487,rest,11,32,-5,-6,6,0,2,-10
147.820102,17488,rest,50,45,3,-2,-5,-3,-2,-3
147.820126,17489,rest,-33,-103,-6,-1,2,0,3,-11
147.830590,17490,rest,2,33,1,-2,-4,-1,-1,1
147.830599,17491,rest,-24,-3,-1,2,13,1,3,1
147.843973,17492,rest,8,-18,0,0,-19,-1,-1,3
147.843995,17493,rest,14,25,0,-3,-4,-1,1,8
147.845900,17494,rest,28,17,1,-5,0,-3,-7,-3
147.845936,17495,rest,-17,-11,1,-1,-7,-1,-2,-9
147.866598,17496,rest,5,14,-3,-1,11,-3,0,-14
147.866619,17497,rest,-39,1,-1,0,7,1,0,7
147.868151,17498,rest,-5,-13,-1,-2,-8,-2,0,0
147.868185,17499,rest,-20,-39,-4,-3,-6,-3,0,-50
147.880319,17500,rest,-3,8,-1,-3,-4,-1,-3,-3
147.880390,17501,rest,24,18,-2,4,4,2,2,8
147.890002,17502,rest,14,6,0,1,6,2,2,51
147.890011,17503,rest,0,7,-4,-4,-8,-3,-2,-24
147.906109,17504,rest,46,19,0,-2,-4,1,3,0
147.906114,17505,rest,-75,-36,-5,1,10,-2,-2,1
147.906117,17506,rest,34,18,2,-5,-4,-1,2,-17
147.906119,17507,rest,6,-6,-3,-5,-9,-3,-3,3
147.926612,17508,rest,8,-2,-3,-1,4,0,0,6
147.926637,17509,rest,43,45,0,-1,-11,2,-1,5
147.928947,17510,rest,-38,-23,0,2,6,0,2,-13
147.928957,17511,rest,-1,-20,-1,-1,-1,-2,-1,11
147.940166,17512,rest,5,10,2,1,4,-3,-3,-1
147.940189,17513,rest,21,7,1,0,5,-1,-4,2
147.950196,17514,rest,3,4,-3,-2,-4,1,0,-3
147.950205,17515,rest,-7,-23,-1,1,2,2,-1,8
147.964052,17516,rest,-9,-20,-2,-1,0,-2,-11,-14
147.964072,17517,rest,46,22,2,3,-3,-2,-1,-48
147.966158,17518,rest,-26,-9,-2,-1,-9,-1,0,2
147.966167,17519,rest,-17,20,2,1,-3,-2,-3,6
147.986589,17520,rest,4,8,-4,0,23,-1,0,-21
147.986640,17521,rest,-18,17,0,-5,-20,0,-1,20
147.988141,17522,rest,-14,-53,-4,-4,-5,-4,-3,-7
147.988158,17523,rest,-5,-7,-2,-4,-1,10,9,2
148.000799,17524,rest,5,-3,-2,-1,7,-6,0,-4
148.000807,17525,rest,16,17,0,-1,2,-10,-6,6
148.010947,17526,rest,19,26,-1,-2,3,1,2,18
148.010955,17527,rest,-14,9,0,-1,0,-1,-2,16
148.023991,17528,rest,-13,-38,0,0,-6,3,4,6
148.024015,17529,rest,9,-7,-4,-4,-8,0,-2,6
148.025584,17530,rest,-6,20,-1,0,-4,-5,-2,-7
148.025633,17531,rest,-8,-36,-2,0,2,0,2,-10
148.048079,17532,rest,-4,31,0,3,1,0,0,9
148.048086,17533,rest,5,-11,-1,-2,2,-3,-2,3
148.048149,17534,rest,-12,8,0,-1,0,1,-2,-10
148.048183,17535,rest,43,19,0,-1,0,-3,-1,-1
148.063597,17536,rest,-17,0,-4,-2,-7,-1,-1,-6
148.063607,17537,rest,-30,-16,-1,2,14,1,-2,7
148.068972,17538,rest,15,4,-2,-4,-34,0,1,-3
148.068995,17539,rest,-34,31,-1,-3,-5,-5,-6,-56
148.084028,17540,rest,-1,-43,1,-1,-2,-1,-1,17
148.084046,17541,rest,11,5,-3,-2,4,2,5,-1
148.085787,17542,rest,9,-9,-2,-3,3,0,-4,-4
148.085801,17543,rest,0,2,-3,-2,-5,-4,-2,1
148.106241,17544,rest,-8,11,-3,-3,-4,-1,1,-39
148.106266,17545,rest,4,20,2,1,-1,0,-1,9
148.112912,17546,rest,6,-32,-4,-2,10,-1,-1,-10
148.112948,17547,rest,-4,15,0,-4,-6,-1,0,6
148.120162,17548,rest,4,7,1,1,6,0,-2,24
148.120186,17549,rest,-1,-20,-1,-2,1,1,-2,5
148.130988,17550,rest,-2,42,2,5,14,-1,-1,-3
148.130997,17551,rest,1,-51,-3,1,-4,-3,-1,12
148.144145,17552,rest,6,5,2,3,14,3,1,2
148.144174,17553,rest,16,-1,2,-2,-24,-2,-3,-11
148.145769,17554,rest,-37,-45,-5,-4,2,-2,0,3
148.145803,17555,rest,1,14,1,-1,1,-2,0,7
148.166501,17556,rest,7,4,-1,-4,-2,-3,-2,0
148.166520,17557,rest,9,17,-2,-1,3,-1,1,5
148.168196,17558,rest,-11,-47,0,-1,1,0,0,-8
148.168205,17559,rest,6,15,1,8,0,0,-2,10
148.180590,17560,rest,24,1,-3,-2,-5,0,0,3
148.180620,17561,rest,-13,7,-1,-2,-2,1,-1,57
148.189013,17562,rest,6,25,0,3,1,-1,-1,-3
148.189030,17563,rest,3,-5,-1,-3,8,0,0,5
148.205323,17564,rest,-9,-19,1,-1,-10,-1,-1,8
148.205331,17565,rest,13,-8,-1,1,-7,2,9,28
148.205410,17566,rest,3,13,-2,-2,-1,-2,-2,3
148.205417,17567,rest,2,40,6,2,-2,1,-1,7
148.226665,17568,rest,4,-71,-8,-7,-5,-3,-3,-27
148.226683,17569,rest,-29,-19,0,1,4,1,-1,-15
148.229469,17570,rest,-20,14,-5,-2,-1,0,-1,-5
148.229479,17571,rest,-17,10,-2,-3,-5,-1,-2,-6
148.250279,17572,rest,-11,45,2,2,18,0,2,0
148.250288,17573,rest,10,-44,-2,-2,-5,-1,-5,-20
148.250693,17574,rest,-6,0,1,1,2,0,-2,4
148.250712,17575,rest,29,-1,-2,-1,3,-1,-4,-3
148.264228,17576,rest,-11,13,0,-2,-5,-1,-3,-1
148.264255,17577,rest,-7,-13,-1,0,13,-2,-2,-9
148.266184,17578,rest,11,16,0,1,9,-2,3,-11
148.266192,17579,rest,-51,-22,-2,-4,-20,0,0,2
148.286459,17580,rest,20,7,0,-2,-10,13,10,4
148.286480,17581,rest,21,23,-6,-2,9,-19,-19,47
148.287979,17582,rest,-13,-3,1,-4,-7,-4,0,0
148.288013,17583,rest,8,28,-3,-5,-4,-3,0,-36
148.308932,17584,rest,-19,-49,1,4,4,-3,-3,8
148.308959,17585,rest,4,2,-2,-3,-6,5,3,-28
148.311242,17586,rest,18,3,1,3,4,1,-1,0
148.311265,17587,rest,-3,-4,0,0,13,-2,-13,14
148.324114,17588,rest,-5,37,2,-3,-38,-4,-1,-2
148.324138,17589,rest,9,-4,0,-1,-1,5,1,-18
148.325625,17590,rest,11,-11,-3,-3,-6,-2,-4,2
148.325634,17591,rest,-6,14,-1,-1,-9,2,2,-10
148.346945,17592,rest,-17,-37,-1,-1,7,-3,-3,0
148.346973,17593,rest,0,-19,-4,1,6,-1,-1,-10
148.348089,17594,rest,-4,-3,-2,-3,-15,1,-2,-2
148.348210,17595,rest,-1,-1,0,3,4,-3,0,7
148.369088,17596,rest,-7,19,0,-2,2,-4,-3,0
148.369112,17597,rest,7,11,-2,-4,-3,-1,1,-3
148.370806,17598,rest,10,-10,-1,-1,7,2,3,1
148.370814,17599,rest,36,-20,-3,-5,-13,-1,0,8
148.383550,17600,rest,-31,32,-2,8,12,-4,0,-50
148.383605,17601,rest,-6,-10,1,-1,-5,0,-1,-1
148.390168,17602,rest,11,11,1,4,8,1,0,0
148.390225,17603,rest,-1,-6,-1,-3,-1,-4,-3,-27
148.408389,17604,rest,9,6,-1,-2,17,0,-1,7
148.408396,17605,rest,-1,6,-3,-3,-35,-1,-1,-15
148.408399,17606,rest,-9,-3,-1,0,0,-2,0,1
148.408400,17607,rest,27,19,1,-1,-2,0,5,-10
148.429375,17608,rest,-36,-7,-3,0,-1,1,-2,14
148.429416,17609,rest,-22,2,0,-1,11,0,2,-6
148.431465,17610,rest,1,-10,-1,-3,-3,-2,-2,5
148.431470,17611,rest,-4,-6,1,1,-3,1,2,8
148.443536,17612,rest,49,33,0,-3,-6,-4,-7,11
148.443560,17613,rest,6,5,-3,-2,5,1,-2,-2
148.450261,17614,rest,-4,27,-1,-3,-9,-2,0,-9
148.450281,17615,rest,0,-39,-3,0,12,0,0,13
148.466536,17616,rest,11,8,-1,-5,-7,-1,0,35
148.466558,17617,rest,-12,26,0,5,17,1,0,-10
148.468185,17618,rest,5,-44,-2,0,-22,-2,-3,0
148.468232,17619,rest,0,3,-3,-3,0,-2,-1,7
148.488142,17620,rest,-6,-19,-2,-2,-5,-3,-2,51
148.488236,17621,rest,41,15,-1,-2,-7,-2,1,20
148.498706,17622,rest,-81,-16,-2,2,13,2,-1,-4
148.498836,17623,rest,9,14,-1,-2,2,0,-1,10
148.503378,17624,rest,-10,-25,-5,-2,6,-2,1,-31
148.503423,17625,rest,17,24,1,-4,4,-1,-1,-10
148.510273,17626,rest,0,-4,1,-1,2,1,0,8
148.510298,17627,rest,-18,-67,-2,1,4,1,-1,2
148.526537,17628,rest,27,31,-1,-1,-2,-1,-1,-10
148.526562,17629,rest,-17,2,0,-1,2,-2,-1,-4
148.527940,17630,rest,22,18,0,-3,2,-3,-1,-6
148.527954,17631,rest,-28,21,1,-3,-3,0,0,-3
148.550256,17632,rest,-1,-29,1,0,-3,-1,1,-9
148.550263,17633,rest,-9,5,-2,-2,-2,1,0,-2
148.550603,17634,rest,11,-44,-5,-2,-15,-2,-1,-4
148.550614,17635,rest,14,8,2,0,7,-1,-2,6
148.565566,17636,rest,48,13,-3,-2,-15,0,2,-5
148.565575,17637,rest,-8,-5,2,4,4,-2,-7,-7
148.570932,17638,rest,16,33,0,-3,3,-3,-2,-10
148.570958,17639,rest,-4,-14,-2,0,4,0,-3,2
148.586445,17640,rest,17,12,1,0,-3,-1,1,32
148.586469,17641,rest,-2,-24,0,-3,5,2,2,-6
148.588131,17642,rest,7,51,-3,-2,-10,1,2,-7
148.588149,17643,rest,10,-53,-2,1,3,-1,-2,12
148.608950,17644,rest,-46,-7,-4,-2,1,-1,-3,-24
148.608968,17645,rest,-19,-7,-3,-2,-5,1,2,-6
148.611330,17646,rest,7,2,2,4,13,-1,-3,8
148.611340,17647,rest,8,43,2,0,14,-1,-3,-18
148.623364,17648,rest,-1,-4,2,-2,-17,-2,-1,-8
148.623389,17649,rest,-44,-25,-1,1,4,0,-1,1
148.630171,17650,rest,11,-7,-4,-3,-12,-1,0,-7
148.630194,17651,rest,7,26,-1,1,-1,0,0,-2
148.646656,17652,rest,11,-84,-1,-2,4,0,-2,-5
148.646687,17653,rest,-40,15,-4,-1,-5,-3,-2,7
148.648089,17654,rest,-18,2,2,-1,3,0,-1,1
148.648114,17655,rest,-2,9,-4,-7,-13,-1,1,1
148.668983,17656,rest,4,4,1,5,8,-1,-2,0
148.669004,17657,rest,20,-8,-1,0,-10,-1,1,-8
148.670764,17658,rest,-5,-5,-1,2,7,-2,-2,2
148.670783,17659,rest,-9,1,0,-2,-8,1,-3,60
148.683555,17660,rest,0,42,1,-3,7,-3,-6,-37
148.683583,17661,rest,13,-34,-4,-6,-31,0,2,18
148.690139,17662,rest,-5,3,-3,3,9,2,-1,3
148.690165,17663,rest,17,2,-4,-1,-20,-2,3,-12
148.707627,17664,rest,-36,0,-2,-2,-6,-2,0,0
148.707632,17665,rest,14,23,2,0,16,-3,0,-5
148.707838,17666,rest,18,-14,-2,-6,-3,-2,-5,3
148.707868,17667,rest,0,-4,0,-2,-7,1,0,-11
148.729705,17668,rest,7,42,1,5,5,1,2,2
148.729731,17669,rest,12,-24,-2,-1,1,-2,-3,-9
148.732118,17670,rest,-14,-5,-2,-1,-6,1,2,2
148.732126,17671,rest,-13,5,1,1,14,-2,-2,-12
148.742852,17672,rest,-8,17,-2,-4,-4,-1,1,10
148.742877,17673,rest,31,4,1,-2,5,-2,1,-2
148.752362,17674,rest,5,0,0,-1,-2,-1,-1,-5
148.752370,17675,rest,-55,-2,-1,1,5,-1,0,-3
148.766356,17676,rest,-5,-11,-4,-3,-2,1,-2,-3
148.766379,17677,rest,0,-22,0,-1,-6,-1,-3,-6
148.772837,17678,rest,21,14,-2,1,31,0,0,-22
148.772855,17679,rest,-5,-13,0,-5,-6,-1,-1,26
148.789353,17680,rest,2,22,3,3,-3,-1,0,4
148.789378,17681,rest,0,-5,-2,-5,-1,-3,-2,-5
148.790675,17682,rest,9,-38,-3,1,6,-2,-6,-17
148.790700,17683,rest,6,13,-1,-1,2,-1,0,-16
148.802709,17684,rest,-11,-19,-4,-3,-2,-2,-1,-3
148.802733,17685,rest,11,25,-1,-3,1,-1,3,12
148.813632,17686,rest,-9,-11,0,-1,-11,-2,1,24
148.813639,17687,rest,11,15,-2,2,10,-2,-1,-13
148.826710,17688,rest,-26,-41,-1,-6,-7,-4,-2,1
148.826736,17689,rest,10,22,-1,-1,3,-1,-2,-22
148.828517,17690,rest,-9,17,1,0,-5,0,1,6
148.828531,17691,rest,-14,-27,-2,0,1,-1,-1,-10
148.849087,17692,rest,17,8,-1,-3,1,0,0,3
148.849112,17693,rest,11,1,3,6,20,2,-1,2
148.850547,17694,rest,-11,39,-3,-4,-36,-2,0,1
148.850566,17695,rest,8,-61,-1,-5,-3,-1,-1,3
148.864325,17696,rest,22,17,0,5,8,-1,-3,9
148.864334,17697,rest,-24,-4,0,0,-6,-3,-5,-31
148.872133,17698,rest,8,-5,2,0,5,-1,-1,26
148.872142,17699,rest,13,29,-2,0,2,-1,1,-10
148.886575,17700,rest,-6,7,-1,-3,-13,-2,1,-5
148.886646,17701,rest,-21,-58,0,0,1,-1,-2,-6
148.888104,17702,rest,-8,-1,-2,-1,7,-1,1,1
148.888142,17703,rest,-2,13,-1,-5,-12,-1,-1,-5
148.908932,17704,rest,7,-7,-3,0,16,-2,1,3
148.910608,17705,rest,9,21,3,-1,-5,1,0,22
148.910618,17706,rest,-6,-20,-2,-5,-6,-2,3,-14
148.910621,17707,rest,-11,-32,-6,1,17,-2,-4,-16
148.922553,17708,rest,-8,13,0,-1,7,1,-1,-1
148.922576,17709,rest,-42,9,0,0,-32,-3,1,-6
148.932321,17710,rest,-1,-23,-1,-3,-6,-2,0,1
148.932327,17711,rest,6,17,0,2,-4,-1,1,-8
148.946640,17712,rest,10,-18,-3,-3,-8,1,0,0
148.946663,17713,rest,4,-1,-2,-2,7,-2,-1,9
148.948161,17714,rest,13,18,3,1,7,1,-2,-4
148.948174,17715,rest,-24,-15,-2,-3,-10,-1,-1,6
148.968999,17716,rest,-21,17,-3,-1,1,-1,-4,-6
148.969022,17717,rest,12,-10,0,-2,0,1,1,13
148.971416,17718,rest,5,35,0,0,0,-1,0,-4
148.971427,17719,rest,13,17,1,0,-4,-3,0,-41
148.982768,17720,rest,14,-35,1,-2,-6,1,-1,17
148.982787,17721,rest,32,8,-2,3,13,5,-4,41
148.992755,17722,rest,-24,-23,-4,2,-9,-3,-3,-5
148.992769,17723,rest,6,9,-1,-2,4,1,-1,-4
149.006414,17724,rest,-5,27,0,1,2,-1,3,-12
149.006437,17725,rest,15,-3,-2,-4,-14,-3,1,-11
149.008109,17726,rest,13,8,0,-2,9,-2,-4,2
149.008131,17727,rest,-4,7,0,2,-6,0,-6,21
149.029247,17728,rest,14,-14,0,-2,-5,0,-2,-4
149.029283,17729,rest,-20,13,-2,-2,11,0,0,-18
149.030606,17730,rest,18,-6,-3,-1,0,0,-1,-4
149.030614,17731,rest,-13,-7,-4,-5,-6,-2,1,0
149.042850,17732,rest,-17,-13,1,1,6,-1,1,0
149.042877,17733,rest,-8,7,-2,-2,-2,0,-1,-16
149.052119,17734,rest,31,16,3,-1,-7,2,3,1
149.052124,17735,rest,-56,2,-4,-3,3,-1,-3,4
149.068026,17736,rest,0,-21,-1,6,19,0,-1,-3
149.068032,17737,rest,-4,-9,0,3,0,2,1,59
149.068122,17738,rest,6,26,3,1,15,0,2,31
149.068157,17739,rest,22,-4,0,1,2,0,1,9
149.088904,17740,rest,-10,-5,-3,-3,-12,-4,-3,0
149.088927,17741,rest,-16,9,1,1,1,-3,-3,-29
149.090560,17742,rest,5,-31,-1,-3,6,-1,1,-8
149.090565,17743,rest,-5,17,-3,1,12,1,4,9
149.102677,17744,rest,-18,-10,-2,-3,-8,1,3,4
149.102702,17745,rest,22,-2,-2,-2,-1,-3,-1,-9
149.119079,17746,rest,-31,-26,-2,-4,-8,0,-3,-9
149.119159,17747,rest,12,3,2,0,-2,-1,0,-2
149.126693,17748,rest,9,16,1,-5,-9,0,-3,3
149.126724,17749,rest,-5,1,-1,4,-5,-1,1,-23
149.129620,17750,rest,-4,-6,-3,0,2,-1,0,2
149.129629,17751,rest,-5,-6,2,-2,-6,0,2,-3
149.149131,17752,rest,16,24,3,3,14,-1,0,-5
149.149154,17753,rest,-3,-79,-6,-9,-38,-4,-1,-7
149.150486,17754,rest,-10,-7,-3,1,5,-2,-2,1
149.150505,17755,rest,13,-5,2,-1,-6,-2,-4,2
149.171543,17756,rest,-12,8,0,1,0,0,-2,-7
149.171560,17757,rest,26,16,-1,-1,10,0,0,0
149.172996,17758,rest,19,6,-4,-1,-10,-2,-2,-71
149.173011,17759,rest,-5,-17,0,1,0,2,-1,42
149.186667,17760,rest,30,16,0,0,-6,1,0,-1
149.186690,17761,rest,-40,8,0,-2,6,1,-2,-4
149.188251,17762,rest,-1,-30,-4,-4,-1,-3,-3,-9
149.188256,17763,rest,-15,-13,-2,6,-9,0,-2,-15
149.209062,17764,rest,3,-2,-3,-3,-1,-3,-1,-2
149.209079,17765,rest,8,14,2,-1,4,0,2,9
149.210419,17766,rest,13,28,3,0,1,0,-1,14
149.210434,17767,rest,27,-2,-2,-2,17,-2,1,-10
149.231522,17768,rest,-61,-2,-6,-5,-13,-2,-3,7
149.231548,17769,rest,-5,-28,-3,-4,-2,-1,0,-4
149.233633,17770,rest,-33,0,-2,-1,3,0,3,10
149.233641,17771,rest,4,7,2,2,1,1,1,-5
149.246792,17772,rest,36,6,2,4,3,-1,0,-9
149.246820,17773,rest,-26,0,-5,-3,5,-1,-2,-9
149.248614,17774,rest,-14,9,4,-2,-3,-1,-4,-12
149.248624,17775,rest,22,8,-2,-4,-6,-1,-4,3
149.271237,17776,rest,-6,-10,0,5,1,-1,1,-6
149.271242,17777,rest,16,25,-2,-1,-8,0,2,-34
149.271245,17778,rest,-32,-34,-5,0,12,-1,0,8
149.271247,17779,rest,6,-16,-3,-5,-3,-3,-3,-7
149.291492,17780,rest,-22,-5,-2,-5,-5,-2,-1,3
149.291515,17781,rest,24,17,1,0,15,-3,-1,0
149.293060,17782,rest,-23,17,3,1,-9,1,-1,50
149.293105,17783,rest,30,28,-2,-2,-9,-1,-1,-4
149.306588,17784,rest,-35,-26,-1,-8,-10,-3,-2,-5
149.306614,17785,rest,-1,-14,-1,6,12,2,-1,19
149.308068,17786,rest,7,-4,0,-1,2,-1,0,-3
149.308113,17787,rest,-1,21,2,-2,-3,-2,0,-1
149.329375,17788,rest,37,-10,-5,-1,4,1,-1,2
149.329407,17789,rest,-45,-16,-4,-2,-4,-1,-3,-3
149.332376,17790,rest,19,16,2,-2,-10,0,-2,2
149.332385,17791,rest,-5,-2,0,2,-2,-2,-1,-7
149.351993,17792,rest,7,1,-2,-2,-5,-1,1,-5
149.351999,17793,rest,-21,10,1,-2,0,-1,0,3
149.353011,17794,rest,16,14,-3,0,-9,-1,-3,-1
149.353027,17795,rest,2,-13,3,1,1,-2,-1,9
149.366528,17796,rest,-39,-54,-3,-2,-3,0,-1,-4
149.366537,17797,rest,4,5,0,-4,11,-2,2,7
149.372578,17798,rest,11,17,1,0,-3,-1,-5,-6
149.372605,17799,rest,-9,-1,1,0,0,-1,-1,-26
149.398009,17800,rest,17,6,3,-1,0,-1,-3,9
149.398047,17801,rest,-5,-3,-4,-1,5,-1,-1,-4
149.398166,17802,rest,8,1,-2,-2,-3,-3,2,-6
149.398195,17803,rest,-11,5,-3,-4,1,-1,-1,-3
149.411646,17804,rest,36,-8,-1,2,4,0,-2,1
149.411683,17805,rest,-43,-27,0,0,-5,1,-3,6
149.413703,17806,rest,12,13,-4,-2,-1,-2,0,-2
149.413709,17807,rest,0,49,0,-4,-19,2,1,6
149.426024,17808,rest,13,-2,-2,2,4,0,1,-5
149.426055,17809,rest,40,5,0,1,2,1,1,46
149.432736,17810,rest,-1,-20,0,-1,3,-3,-1,-1
149.432756,17811,rest,9,0,-2,-5,0,-2,-2,2
149.449447,17812,rest,-9,31,-1,1,5,-3,-5,-33
149.449478,17813,rest,16,-23,1,-2,-13,0,3,-6
149.450594,17814,rest,-1,0,-3,-2,-4,-1,-1,-2
149.450614,17815,rest,0,-32,-1,0,5,0,-3,4
149.471593,17816,rest,-10,-9,1,-3,-2,-1,-1,-10
149.471623,17817,rest,-6,15,-5,0,0,0,-1,-10
149.473401,17818,rest,-9,5,-2,-3,-2,0,1,-1
149.473409,17819,rest,1,-9,0,0,5,-2,5,0
149.485840,17820,rest,-13,3,1,-2,-5,-1,-6,8
149.485866,17821,rest,30,42,1,-1,-10,-2,-3,-11
149.492597,17822,rest,-8,-49,-2,-1,-5,-1,0,11
149.492616,17823,rest,4,-16,0,6,8,0,-1,1
149.508899,17824,rest,-18,-4,-4,-4,-4,-2,1,9
149.508916,17825,rest,2,-6,-1,1,-1,-1,-1,-1
149.510344,17826,rest,-9,7,-1,-1,2,2,0,-9
149.510361,17827,rest,21,-10,0,3,9,0,-1,2
149.531652,17828,rest,0,9,-1,-3,-5,-1,1,5
149.531678,17829,rest,5,21,3,-1,3,0,-3,-5
149.533883,17830,rest,-5,-12,-2,-1,13,-1,-1,-27
149.533891,17831,rest,-12,-10,-2,-5,-31,-2,-1,6
149.546112,17832,rest,13,21,-1,-1,-2,1,2,4
149.546142,17833,rest,3,-14,-2,-1,-1,-1,3,1
149.552696,17834,rest,19,10,2,2,5,0,-3,-2
149.552720,17835,rest,-73,-1,-6,-4,-6,-1,-1,-54
149.569027,17836,rest,-9,0,0,-2,12,-6,-2,6
149.572399,17837,rest,10,-3,-4,-1,-12,-2,2,-2
149.572407,17838,rest,-10,3,1,3,4,-2,0,8
149.572409,17839,rest,13,-13,-1,-1,1,0,-1,-30
149.590748,17840,rest,12,26,0,-4,-7,2,2,16
149.590773,17841,rest,-40,-8,-1,-3,11,-2,-3,-6
149.591367,17842,rest,18,-30,-5,-1,-8,-1,-2,4
149.591386,17843,rest,11,6,1,-1,3,-2,-2,11
149.605165,17844,rest,-8,-8,0,3,1,1,-1,-12
149.605185,17845,rest,15,-8,-1,-3,-2,0,-3,7
149.612924,17846,rest,-16,6,1,0,-4,1,2,6
149.612964,17847,rest,1,29,0,-2,1,0,-2,17
149.628666,17848,rest,9,-28,-2,1,18,1,-2,-1
149.628703,17849,rest,2,-3,2,-1,-22,-1,-3,-3
149.631007,17850,rest,3,11,-1,-2,-3,-2,0,-2
149.631017,17851,rest,-48,-2,-2,-6,-4,0,-1,9
149.650815,17852,rest,12,-5,1,7,1,1,0,1
149.650852,17853,rest,0,12,-4,4,5,0,-1,-10
149.651554,17854,rest,8,3,4,-1,-1,0,-1,23
149.651568,17855,rest,21,27,1,-3,-2,-2,-2,14
149.673312,17856,rest,-16,-9,0,-3,-10,0,5,-8
149.673336,17857,rest,10,2,3,1,-7,-2,-9,49
149.676090,17858,rest,-5,14,1,-3,-7,0,-2,-5
149.676097,17859,rest,6,-24,-2,3,3,0,2,0
149.688374,17860,rest,18,-5,0,-1,-5,1,-3,44
149.688403,17861,rest,11,-6,-3,-2,5,0,3,-13
149.689532,17862,rest,-26,15,1,0,1,0,1,-6
149.689539,17863,rest,2,-21,0,-1,0,-2,-3,6
149.710956,17864,rest,7,-12,-4,-1,14,-1,-1,-18
149.710986,17865,rest,5,27,1,-1,-24,0,-1,-7
149.713239,17866,rest,-10,-42,-1,0,-1,-1,-1,7
149.713248,17867,rest,2,6,-3,-1,4,-1,1,0
149.725215,17868,rest,13,-6,-1,-6,-11,-3,-3,-9
149.725242,17869,rest,-14,13,-1,5,14,0,-1,-6
149.732676,17870,rest,5,18,2,0,3,-2,-1,-6
149.732701,17871,rest,-13,-52,-6,-3,-1,1,1,5
149.748427,17872,rest,-21,13,0,-3,-9,-1,-4,-4
149.748459,17873,rest,4,-2,1,-1,6,-2,-1,-10
149.749931,17874,rest,-25,-3,-4,-1,2,-1,1,-6
149.749936,17875,rest,22,6,1,2,-1,1,-1,31
149.770754,17876,rest,-16,1,-3,-1,-3,0,-2,1
149.770778,17877,rest,19,-12,-2,-4,-10,-4,-1,-10
149.771781,17878,rest,-9,22,0,-2,-2,-2,-2,-56
149.771786,17879,rest,2,-32,2,-3,0,-2,-4,-9
149.785205,17880,rest,-16,-12,-2,3,-6,-1,-5,-10
149.785231,17881,rest,23,-11,-1,-4,17,0,-2,-3
149.792647,17882,rest,-40,28,-3,-3,-38,-2,0,1
149.792674,17883,rest,-20,16,-2,0,-5,-3,-3,-3
149.808372,17884,rest,11,-8,-1,-4,10,-4,1,-4
149.808397,17885,rest,-19,8,1,3,5,2,2,-4
149.810262,17886,rest,18,-25,-2,0,6,0,0,5
149.810268,17887,rest,7,19,-2,-1,1,1,1,-2
149.830969,17888,rest,4,6,2,1,-7,-2,-1,9
149.831002,17889,rest,-16,4,-2,-5,-3,-2,0,0
149.832441,17890,rest,12,-13,-2,1,11,1,-1,12
149.832446,17891,rest,-1,2,-1,-1,-5,-1,-1,-1
149.845534,17892,rest,28,25,1,0,1,1,3,-8
149.845576,17893,rest,6,-31,-5,-5,-2,-3,-5,-2
149.852566,17894,rest,-77,-14,-3,6,3,-2,-4,1
149.852653,17895,rest,7,9,-1,-1,2,-1,-3,-2
149.868318,17896,rest,-30,-13,-1,1,-4,-5,-4,-8
149.868336,17897,rest,3,11,0,-1,-1,0,3,-2
149.870084,17898,rest,41,1,-1,-2,20,-1,0,9
149.870094,17899,rest,-5,27,4,2,-35,-2,-5,1
149.890765,17900,rest,-3,-7,-1,2,10,0,-1,36
149.890826,17901,rest,-14,1,0,-1,-4,-1,-6,15
149.891448,17902,rest,16,-23,-1,-1,6,-2,-2,1
149.891468,17903,rest,-1,19,0,-2,4,-1,0,-16
149.905085,17904,rest,7,-41,-5,-4,-7,1,2,-23
149.905107,17905,rest,-6,7,-3,1,0,-1,-3,-9
149.912987,17906,rest,-11,11,1,0,0,2,-3,14
149.913019,17907,rest,5,-7,0,-3,7,-1,0,-1
149.928826,17908,rest,-12,4,-1,-1,-12,-3,1,2
149.930887,17909,rest,-5,5,2,-1,7,-1,0,-1
149.930893,17910,rest,30,10,0,-7,-5,-1,-1,-7
149.930895,17911,rest,10,-6,-1,5,8,-1,1,3
149.951320,17912,rest,-10,20,1,1,4,-2,0,-5
149.951343,17913,rest,14,-13,-2,-1,-4,-2,1,-8
149.951917,17914,rest,10,12,-1,-5,-9,-2,-1,-3
149.951931,17915,rest,9,-21,1,0,26,-1,0,1
149.965288,17916,rest,24,27,4,1,-30,-4,-1,2
149.966638,17917,rest,-30,-30,-6,-4,-3,0,1,-3
149.972502,17918,rest,17,11,2,-1,-4,0,-3,1
149.972520,17919,rest,-17,13,-3,0,2,-2,-3,-2
149.988384,17920,rest,-2,-7,-3,0,10,0,-2,-9
149.988408,17921,rest,3,-1,2,1,3,2,2,75
149.989422,17922,rest,7,-6,-1,1,-4,0,6,14
149.989426,17923,rest,-7,-2,-1,-1,-6,-3,-3,-6
150.010813,17924,rest,8,5,-1,-4,0,0,0,-8
150.010844,17925,rest,8,19,0,-2,-6,-2,-1,-28
150.013463,17926,rest,-3,-10,-5,-4,2,-2,3,-1
150.013472,17927,rest,8,-23,-2,5,1,-2,-1,12
150.025226,17928,rest,-45,6,-4,1,4,0,-3,-5
150.025251,17929,rest,-22,-13,-1,0,-4,-1,1,-12
150.032810,17930,rest,48,8,0,2,2,-4,-2,-2
150.032831,17931,rest,14,33,-2,-10,-18,-3,-2,-14
150.048231,17932,rest,-43,-36,-2,1,7,-1,-5,-10
150.048253,17933,rest,4,-3,-2,-2,-6,-2,-1,-7
150.049836,17934,rest,-5,0,-1,-3,-6,1,-5,-5
150.049844,17935,rest,6,4,-2,-2,1,1,2,-3
150.070820,17936,rest,15,18,1,-2,3,1,2,1
150.070838,17937,rest,32,5,-2,-2,0,-2,-2,-5
150.072002,17938,rest,-57,-46,-1,1,4,-2,-4,2
150.072008,17939,rest,-1,13,1,1,2,-1,0,6
150.093356,17940,rest,1,13,0,-1,-2,-1,0,0
150.093377,17941,rest,19,-40,-1,-3,2,-3,-3,-18
150.093898,17942,rest,-15,19,-2,2,-3,-3,-4,6
150.093909,17943,rest,-30,-47,-3,-3,-6,0,0,-17
150.108362,17944,rest,13,7,1,-4,-1,2,-2,-2
150.108387,17945,rest,-18,16,-1,-5,4,-2,-3,-5
150.110364,17946,rest,9,7,1,-1,-10,0,1,-6
150.110368,17947,rest,-8,-16,0,1,12,-1,0,4
150.130915,17948,rest,28,34,-2,0,-17,-4,-2,7
150.130949,17949,rest,-20,-6,-4,0,5,0,3,-8
150.132468,17950,rest,22,24,1,-2,-4,-2,-2,-5
150.132473,17951,rest,-16,-71,-6,-1,6,0,0,2
150.155044,17952,rest,2,-10,-2,-6,-9,-2,-1,0
150.155055,17953,rest,5,16,0,7,-2,1,-2,-1
150.155057,17954,rest,-21,3,1,-1,-3,0,2,-24
150.155059,17955,rest,13,32,-2,-3,-12,-2,-4,17
150.168955,17956,rest,18,0,-2,0,5,-3,-1,-4
150.168963,17957,rest,-28,-39,-1,-4,-7,-2,5,-16
150.168965,17958,rest,13,0,1,2,6,-1,-3,-12
150.168967,17959,rest,10,26,2,0,7,1,-1,37
150.191639,17960,rest,-6,-21,-3,-1,2,-2,-2,-4
150.191668,17961,rest,8,37,0,0,-6,0,-2,-25
150.191673,17962,rest,18,-16,-1,1,-3,-1,0,8
150.193268,17963,rest,3,11,1,-2,-8,-2,-6,-17
150.213724,17964,rest,10,-7,-1,0,-1,1,4,8
150.213752,17965,rest,-7,-2,1,3,22,-1,0,9
150.215918,17966,rest,11,5,-4,-7,-28,0,3,9
150.215926,17967,rest,-1,-2,1,0,-3,-1,0,-6
150.228548,17968,rest,-20,15,2,6,3,1,0,-4
150.228591,17969,rest,28,-27,-3,-1,0,-4,-5,-3
150.230913,17970,rest,-7,-11,-5,-3,8,0,-2,7
150.230932,17971,rest,-5,1,-3,-3,-1,-1,1,-2
150.250805,17972,rest,-14,10,-2,-3,-2,0,0,-8
150.250860,17973,rest,-4,5,1,0,-3,2,2,49
150.251449,17974,rest,30,10,2,1,6,-1,-4,3
150.251460,17975,rest,-12,4,1,0,-15,-1,0,-9
150.273255,17976,rest,14,10,-1,0,1,-2,-3,6
150.273279,17977,rest,-14,-39,-5,0,-3,-1,-2,-8
150.274464,17978,rest,-18,-12,0,-3,14,0,4,2
150.274469,17979,rest,20,4,-2,-3,1,0,0,-21
150.288370,17980,rest,-5,-15,-1,0,7,1,-3,32
150.288395,17981,rest,-3,27,1,2,2,-1,1,1
150.289324,17982,rest,-12,1,-3,-1,-2,0,0,-3
150.289335,17983,rest,17,5,-1,0,1,-2,1,-21
150.312883,17984,rest,-13,-24,2,-2,0,-1,0,0
150.312893,17985,rest,21,23,1,2,10,1,-1,-4
150.312895,17986,rest,-18,8,1,0,-17,-1,-1,7
150.312897,17987,rest,2,-36,-5,0,3,-1,7,3
150.333486,17988,rest,0,-7,0,-2,-4,0,-2,-9
150.333508,17989,rest,-14,12,0,-2,-7,-1,-5,5
150.334617,17990,rest,55,-1,2,-1,0,0,1,1
150.334621,17991,rest,-80,-7,-3,-1,13,0,-1,5
150.348580,17992,rest,5,12,-3,0,-4,-1,-3,-37
150.348608,17993,rest,-3,-21,0,-4,-8,-1,0,3
150.350209,17994,rest,8,10,0,-1,3,-3,-1,-4
150.350252,17995,rest,32,-10,2,-2,-7,0,-4,5
150.370914,17996,rest,-19,14,1,-1,7,-1,0,-8
150.370938,17997,rest,5,37,-7,-5,-14,-3,-2,-42
150.373433,17998,rest,-18,-19,-3,-1,-1,0,-2,1
150.373440,17999,rest,-3,11,2,0,-2,0,-1,2
152.396645,18000,clench,-4,-1,-3,-2,-20,-9,1,29
152.397103,18001,clench,9,3,-3,-5,4,8,1,10
152.397361,18002,clench,-4,-11,0,2,12,2,4,-5
152.397452,18003,clench,-3,10,-3,0,-11,-14,-5,1
152.418787,18004,clench,2,2,2,0,3,12,2,0
152.418812,18005,clench,-4,4,-3,-3,-7,10,0,-9
152.420654,18006,clench,-4,-29,-6,-2,-7,-10,2,-10
152.420662,18007,clench,6,59,6,-2,-3,1,-1,-1
152.433278,18008,clench,-2,-14,5,0,15,15,-11,-10
152.434409,18009,clench,-2,-10,-11,-2,-9,-7,3,0
152.434414,18010,clench,-6,1,-3,-2,21,16,-8,-11
152.434416,18011,clench,-2,-28,-7,0,-16,-10,-1,-35
152.456368,18012,clench,0,10,1,-1,-14,1,-1,0
152.456376,18013,clench,8,-2,7,3,9,-6,3,41
152.457012,18014,clench,-6,12,4,1,10,5,2,1
152.457036,18015,clench,4,-9,2,1,8,0,-3,27
152.479184,18016,clench,4,10,-5,-3,-4,-10,-2,1
152.479209,18017,clench,-5,-23,-11,-2,-1,-3,-3,-8
152.481434,18018,clench,11,6,9,3,4,-14,-10,5
152.481442,18019,clench,-3,0,2,-3,-8,26,7,-2
152.493455,18020,clench,-8,-4,1,-3,-9,-10,1,-41
152.493478,18021,clench,1,2,-4,-3,-1,-2,-2,10
152.495286,18022,clench,8,-3,-6,-2,-1,-5,1,34
152.495296,18023,clench,4,-1,0,1,8,-9,-6,-5
152.516467,18024,clench,-4,-10,8,6,-1,-6,-5,2
152.516487,18025,clench,2,-3,2,-1,13,16,8,0
152.518732,18026,clench,-6,6,-3,-2,-21,-18,-2,-5
152.518740,18027,clench,0,-11,2,-1,-2,8,-2,-10
152.538945,18028,clench,2,5,-1,1,-2,-8,1,13
152.538965,18029,clench,-7,-54,-8,6,20,7,-2,-9
152.540004,18030,clench,-3,84,16,1,-12,9,-3,1
152.540023,18031,clench,4,7,-1,-5,-5,-18,1,8
152.552650,18032,clench,-2,-6,-6,-7,-4,3,0,5
152.552667,18033,clench,3,26,6,3,7,-4,-2,30
152.562499,18034,clench,-4,-49,-13,-2,-14,-3,7,-26
152.562507,18035,clench,1,-8,-5,-4,6,5,-8,4
152.576572,18036,clench,-8,-6,-10,-6,10,1,-2,7
152.576596,18037,clench,2,8,7,1,-9,-21,6,9
152.578017,18038,clench,-7,6,13,1,10,13,2,-1
152.578026,18039,clench,-2,8,0,2,-14,-1,-7,-4
152.598932,18040,clench,5,-9,1,-2,3,8,5,10
152.598958,18041,clench,0,1,-8,-2,1,2,-4,-15
152.600402,18042,clench,-1,-22,-12,-6,-4,-11,-2,-2
152.600416,18043,clench,-4,-21,5,6,27,-7,-6,-9
152.612804,18044,clench,-3,15,-1,-2,-23,20,2,-5
152.612837,18045,clench,6,11,0,-1,-4,-9,-2,20
152.621768,18046,clench,8,-10,-2,-1,-5,1,0,11
152.621772,18047,clench,-15,-10,-8,-5,2,5,4,4
152.636434,18048,clench,-2,5,3,4,1,-12,1,26
152.637708,18049,clench,-1,26,-1,-5,0,-13,-12,-15
152.637841,18050,clench,-3,-40,-4,-1,-11,5,-11,-4
152.637848,18051,clench,4,3,-4,-4,-3,-1,10,9
152.658819,18052,clench,-3,-10,-2,1,9,-2,-10,-13
152.658837,18053,clench,-3,1,-2,0,-11,0,9,-5
152.660273,18054,clench,3,12,1,2,14,10,1,45
152.660285,18055,clench,5,5,8,-1,4,7,-9,-26
152.674160,18056,clench,-8,7,-1,-2,3,-17,-4,-2
152.674167,18057,clench,2,-28,-5,-3,-21,4,3,1
152.682773,18058,clench,-3,39,0,1,1,4,-18,-26
152.682779,18059,clench,1,-13,1,-1,-6,-1,5,7
152.696744,18060,clench,2,-40,-10,-1,7,3,2,-4
152.696775,18061,clench,-8,44,-6,0,14,-9,-7,-32
152.698576,18062,clench,-4,2,20,1,-16,1,7,-6
152.698584,18063,clench,2,10,2,-2,-12,-11,-1,14
152.719067,18064,clench,8,-11,-1,0,6,9,1,-15
152.719072,18065,clench,-4,-44,-27,-7,-4,-3,-3,-12
152.720248,18066,clench,-4,5,15,-2,-3,-1,4,-13
152.720264,18067,clench,0,4,-12,-1,4,-10,-9,4
152.732633,18068,clench,-4,14,5,2,2,-6,14,1
152.732666,18069,clench,3,4,4,0,-15,5,5,37
152.744173,18070,clench,1,-13,-11,2,9,-1,2,5
152.744180,18071,clench,-6,-3,-3,-1,17,1,-7,-11
152.756352,18072,clench,-4,4,-5,-9,-30,-6,-1,3
152.756375,18073,clench,2,29,15,3,1,2,0,-20
152.758498,18074,clench,-4,-65,-14,-8,0,-4,5,4
152.758503,18075,clench,1,12,-2,-1,-9,-12,3,-23
152.779234,18076,clench,-5,30,-6,3,2,-6,-17,-7
152.779259,18077,clench,4,-28,16,1,14,13,4,0
152.781883,18078,clench,-7,37,23,2,-4,5,-3,-15
152.781891,18079,clench,4,-9,-6,-4,-12,8,8,12
152.793051,18080,clench,-9,11,13,3,2,-11,-15,-4
152.793079,18081,clench,-5,-5,-2,2,-8,-17,10,-10
152.802298,18082,clench,9,31,-30,-5,12,20,-9,2
152.802304,18083,clench,-18,-93,19,1,-3,-3,-5,-29
152.816483,18084,clench,1,46,10,2,3,-8,10,-7
152.816501,18085,clench,6,15,-12,-2,-4,12,-3,5
152.817931,18086,clench,-1,-26,-4,-6,-13,-19,-7,-19
152.817960,18087,clench,6,26,-15,0,6,-8,-15,12
152.838919,18088,clench,3,-42,-12,-6,-5,28,38,10
152.838943,18089,clench,-10,30,23,0,7,-9,-13,-8
152.840733,18090,clench,1,-7,-20,-5,2,-6,6,-9
152.840737,18091,clench,-4,19,5,-4,-11,-8,-12,-5
152.853099,18092,clench,2,-4,2,3,8,-18,-5,-3
152.853131,18093,clench,-14,-12,9,1,-11,-7,7,-3
152.862523,18094,clench,4,-2,-4,-5,-9,-1,-6,5
152.862531,18095,clench,-1,-13,-7,-1,1,11,25,10
152.877798,18096,clench,8,7,-13,-1,12,4,-17,1
152.877808,18097,clench,9,49,12,4,-1,7,15,-7
152.877951,18098,clench,-5,-61,-3,1,-1,-7,-6,14
152.877966,18099,clench,-4,-5,-9,-4,0,-3,-17,-6
152.898884,18100,clench,3,-15,-2,1,1,-1,1,-4
152.900685,18101,clench,-12,9,4,-5,-3,-13,-21,-3
152.900690,18102,clench,-4,-9,-5,0,7,-2,3,-18
152.900692,18103,clench,3,26,-1,-3,-7,16,19,8
152.912967,18104,clench,1,13,2,0,-5,-1,-11,5
152.913002,18105,clench,-1,-29,-4,-2,0,-2,-16,-1
152.921998,18106,clench,3,3,9,6,24,12,-16,4
152.922003,18107,clench,-9,7,3,-3,-20,-15,17,2
152.936514,18108,clench,-2,16,-3,-1,-11,2,-4,6
152.936537,18109,clench,-3,-14,-17,-9,8,2,-9,-7
152.939069,18110,clench,0,8,-4,1,0,0,16,-7
152.939076,18111,clench,7,-57,-12,5,-10,-15,-29,6
152.959129,18112,clench,-2,38,17,-1,-4,-7,-2,21
152.959157,18113,clench,-11,-1,-5,6,5,2,-9,-6
152.961236,18114,clench,3,31,4,-2,-1,2,30,6
152.961241,18115,clench,6,-4,-24,-8,4,4,0,5
152.981473,18116,clench,-3,-10,24,5,0,-2,22,-4
152.981510,18117,clench,9,-10,2,3,5,-8,-7,6
152.983190,18118,clench,-17,4,-5,-1,-16,-5,-21,-3
152.983198,18119,clench,4,54,14,2,3,14,29,13
153.003890,18120,clench,3,-34,-10,-4,2,2,-11,-2
153.003911,18121,clench,-1,-9,-6,-3,1,-8,4,-2
153.006329,18122,clench,0,5,0,-3,-5,-1,4,-6
153.006333,18123,clench,-12,-8,3,5,30,12,-2,-31
153.018881,18124,clench,-4,-17,-19,-8,-26,-13,-12,-21
153.018908,18125,clench,8,-19,10,3,-1,11,23,12
153.020404,18126,clench,-6,32,-5,-5,-9,-17,-2,5
153.020418,18127,clench,-18,11,5,-1,3,7,-26,-5
153.042125,18128,clench,16,26,10,1,13,-5,-3,-1
153.042143,18129,clench,-3,-30,-11,-5,-12,-3,-3,-26
153.043688,18130,clench,11,-6,-1,0,-3,1,-4,-7
153.043697,18131,clench,2,16,10,3,5,-11,6,7
153.056321,18132,clench,-7,-2,0,2,9,11,-3,-8
153.056346,18133,clench,20,61,-33,-8,-10,-18,-6,-6
153.058136,18134,clench,-31,-69,22,3,-10,16,18,7
153.058174,18135,clench,8,0,-3,-1,-2,-2,-2,3
153.079150,18136,clench,-4,-20,2,-1,3,-9,-12,-1
153.079187,18137,clench,-19,-3,-14,-4,-4,10,6,-20
153.080513,18138,clench,23,-39,-15,2,3,-12,-8,7
153.080533,18139,clench,-6,72,21,1,-4,-6,-17,5
153.101179,18140,clench,-10,10,4,-3,-7,13,-1,-25
153.102935,18141,clench,9,-24,0,4,7,-2,-4,26
153.108089,18142,clench,-2,52,10,-4,1,-2,0,4
153.109571,18143,clench,0,-62,-4,-1,-6,1,9,0
153.116487,18144,clench,-2,3,-9,1,4,1,-9,-12
153.116511,18145,clench,-5,-6,7,-2,2,6,14,-27
153.118406,18146,clench,-2,-15,-1,4,-2,-9,-4,7
153.118411,18147,clench,9,-14,-19,2,14,8,-21,7
153.140927,18148,clench,0,27,25,0,-1,8,59,17
153.140937,18149,clench,12,11,-1,-7,-13,16,-5,9
153.140939,18150,clench,-13,-68,-15,-4,-3,-6,-12,3
153.140941,18151,clench,-5,22,5,0,-7,-23,16,-42
153.161734,18152,clench,7,45,8,-2,9,11,-34,2
153.161777,18153,clench,-9,-10,7,4,3,-1,-4,9
153.164273,18154,clench,10,15,-5,-4,7,4,6,-2
153.164280,18155,clench,-6,-11,-8,-4,-9,-3,-8,1
153.175922,18156,clench,11,-37,-4,3,-2,-7,12,-2
153.177091,18157,clench,-5,-28,23,-1,0,-3,-12,-4
153.182652,18158,clench,1,49,-2,-4,-3,-2,6,-18
153.183681,18159,clench,-3,6,-5,-3,1,-2,-21,5
153.198931,18160,clench,8,-24,-11,0,2,-9,10,-2
153.200733,18161,clench,-4,10,-37,-3,-6,-7,2,-9
153.200739,18162,clench,-12,23,61,7,11,1,24,15
153.200741,18163,clench,6,11,-6,-2,-14,9,1,17
153.221874,18164,clench,-2,-44,0,0,-10,-11,-4,-3
153.221896,18165,clench,-3,-2,-10,-2,-1,-4,-4,-6
153.223469,18166,clench,7,-31,-6,-1,-7,2,-10,9
153.223474,18167,clench,3,-1,-3,-2,-1,-17,2,4
153.235903,18168,clench,-8,-16,-13,-6,-4,7,-7,9
153.235955,18169,clench,14,-33,10,5,3,0,-10,-11
153.242445,18170,clench,-1,76,-5,-2,2,0,-1,8
153.242468,18171,clench,3,-23,-4,0,0,1,6,-4
153.258886,18172,clench,-5,64,10,7,12,-27,-25,-29
153.258912,18173,clench,-17,-19,-5,-8,-19,0,-8,9
153.260494,18174,clench,10,-47,31,4,-3,4,14,0
153.260511,18175,clench,7,27,12,2,-2,11,-3,-26
153.281457,18176,clench,-21,-33,-20,-5,-1,-1,12,2
153.281482,18177,clench,17,15,-4,2,10,-3,-1,13
153.282997,18178,clench,5,25,-39,-6,-7,-10,-32,31
153.283017,18179,clench,-14,-35,13,3,0,-13,27,-13
153.295913,18180,clench,5,4,20,3,-9,13,-1,-6
153.295949,18181,clench,0,26,7,0,7,10,-7,10
153.302646,18182,clench,-9,-12,-32,-4,-1,-4,-3,-6
153.302674,18183,clench,-6,-14,10,0,4,0,-5,0
153.318919,18184,clench,10,-16,-21,-5,-4,1,0,13
153.318940,18185,clench,-6,12,3,2,2,-4,11,-4
153.320511,18186,clench,4,18,-5,2,7,-6,-1,23
153.320562,18187,clench,-8,-56,-13,-4,6,21,8,16
153.341363,18188,clench,-17,14,10,-6,-9,0,-20,0
153.341453,18189,clench,1,16,-3,-5,-2,-5,8,-19
153.343552,18190,clench,4,-18,-10,4,7,3,-4,12
153.343559,18191,clench,4,62,14,-5,-7,-12,-5,5
153.355705,18192,clench,7,-17,-14,3,-1,4,-39,21
153.355723,18193,clench,5,13,16,1,2,1,34,21
153.362693,18194,clench,-9,-43,-6,-5,-4,1,-7,-20
153.362722,18195,clench,-7,45,-4,1,-3,-1,-4,1
153.379289,18196,clench,18,-25,-23,-9,-1,-11,5,-5
153.381286,18197,clench,-23,12,11,1,-3,7,-13,12
153.381296,18198,clench,-1,-47,6,6,8,5,-16,-17
153.381299,18199,clench,8,7,-13,-5,-9,-8,9,-9
153.401370,18200,clench,5,21,4,-4,-2,4,-1,-1
153.401435,18201,clench,-12,-17,4,0,-6,-17,-7,3
153.403423,18202,clench,-1,-4,-5,-3,-2,10,23,-34
153.403429,18203,clench,1,20,7,3,2,5,16,25
153.415759,18204,clench,-3,-33,0,-1,-6,-12,-1,-1
153.415779,18205,clench,-2,33,-8,-3,0,-2,9,15
153.422422,18206,clench,6,33,-9,-4,-10,-11,-19,-26
153.422446,18207,clench,0,-75,15,4,-4,-2,-12,-2
153.438760,18208,clench,-4,18,0,2,-3,-7,3,-8
153.438777,18209,clench,6,-24,1,-1,5,8,7,0
153.440478,18210,clench,2,-37,-16,-7,-4,-5,-11,0
153.440495,18211,clench,10,58,-11,1,6,3,9,-2
153.461632,18212,clench,-12,80,32,-3,-3,8,1,8
153.461675,18213,clench,2,-57,0,8,6,-14,-24,-7
153.463257,18214,clench,-10,18,6,-8,-14,-2,31,10
153.463272,18215,clench,11,-59,-7,3,3,11,-6,6
153.475045,18216,clench,-6,14,-4,0,-1,-1,0,-21
153.475074,18217,clench,8,16,-4,-1,1,-10,2,-9
153.484039,18218,clench,-2,22,4,0,-6,-10,-18,0
153.484074,18219,clench,-8,-36,-22,-5,-9,0,-11,-43
153.500353,18220,clench,6,-37,-7,2,-2,-5,10,10
153.500360,18221,clench,-7,43,26,-2,-3,0,-36,3
153.500508,18222,clench,-1,-14,-3,-2,9,7,44,-4
153.500524,18223,clench,-9,-24,-8,-8,-18,-20,-36,-12
153.521385,18224,clench,-7,3,14,1,-5,-4,26,-3
153.521404,18225,clench,3,-28,-18,1,9,25,7,-9
153.522922,18226,clench,0,2,28,-3,9,23,-8,-5
153.522940,18227,clench,-8,10,-6,-1,7,4,1,9
153.535192,18228,clench,-5,23,2,-4,-9,-13,2,2
153.535220,18229,clench,3,3,-9,-1,-1,-3,-2,-13
153.544763,18230,clench,1,15,-3,1,2,1,-18,5
153.544775,18231,clench,0,-30,-1,0,-1,-7,8,7
153.558981,18232,clench,5,-27,-10,2,8,3,-3,-2
153.560509,18233,clench,-2,5,-9,-5,-7,0,3,-6
153.560516,18234,clench,5,31,-28,0,-1,-10,-8,-1
153.560518,18235,clench,-8,23,56,3,-4,-4,6,-14
153.581410,18236,clench,4,-26,-12,0,6,0,6,8
153.581433,18237,clench,2,23,-3,0,-8,-6,-48,1
153.583039,18238,clench,1,-5,17,0,-4,2,62,-16
153.583066,18239,clench,-18,21,-9,1,-6,-9,-7,13
153.596146,18240,clench,-5,-52,-12,-4,3,10,3,-4
153.596151,18241,clench,3,1,10,2,14,17,4,7
153.604797,18242,clench,-14,-3,-14,-3,-16,-11,-16,-14
153.604803,18243,clench,8,-22,-14,-4,3,0,5,7
153.618898,18244,clench,-18,21,19,0,-6,-8,-5,2
153.618918,18245,clench,2,-25,-13,-1,3,1,5,1
153.620671,18246,clench,3,10,1,6,4,2,-18,7
153.620679,18247,clench,3,1,0,-7,0,4,6,4
153.642230,18248,clench,2,1,-27,-8,-9,4,-3,8
153.642235,18249,clench,2,-37,38,2,-11,-10,12,8
153.642935,18250,clench,-5,14,19,1,3,-1,-10,-1
153.642961,18251,clench,8,6,-4,1,6,-6,-2,10
153.655267,18252,clench,4,-4,4,0,-6,2,-17,9
153.655293,18253,clench,-1,16,-6,-7,-7,-5,10,-2
153.664951,18254,clench,-4,22,4,1,-5,-6,-11,16
153.664957,18255,clench,-12,-53,-11,-2,-1,0,-5,-50
153.679193,18256,clench,-3,37,-1,1,5,-1,-1,20
153.679228,18257,clench,5,-38,-9,2,1,-20,-24,-1
153.680954,18258,clench,-5,54,-3,-1,-6,4,35,1
153.680962,18259,clench,5,-1,0,3,1,12,1,5
153.701329,18260,clench,7,-26,-4,1,3,0,1,-9
153.701349,18261,clench,-9,-9,0,0,6,5,5,3
153.702856,18262,clench,1,1,10,2,1,-15,-19,-10
153.702875,18263,clench,-3,11,-15,-4,-6,2,0,8
153.715489,18264,clench,3,33,39,9,10,19,10,-3
153.715522,18265,clench,2,-16,-14,-4,-9,-5,14,13
153.723991,18266,clench,3,-99,-22,-2,3,-6,-6,5
153.724018,18267,clench,4,117,3,0,8,14,-12,33
153.738812,18268,clench,-5,-23,-4,-1,-8,-23,6,0
153.738836,18269,clench,1,25,3,5,6,26,20,14
153.740487,18270,clench,2,-10,1,-1,-3,0,-8,6
153.740508,18271,clench,6,-31,-6,4,2,5,9,49
153.761644,18272,clench,-2,-19,-18,-7,3,-12,-42,-15
153.761683,18273,clench,-15,21,19,-2,-5,-6,13,-10
153.765428,18274,clench,18,0,-9,-2,3,4,4,6
153.765455,18275,clench,1,0,12,2,-4,-13,-22,-5
153.775225,18276,clench,7,-49,-18,-3,-1,3,12,-4
153.776990,18277,clench,-12,17,3,3,-7,-12,-6,-8
153.785095,18278,clench,-10,-6,-13,-4,2,20,5,-14
153.785106,18279,clench,11,-25,-6,1,8,-9,-6,1
153.799046,18280,clench,1,32,7,0,-1,0,-18,0
153.799080,18281,clench,-7,8,-11,-6,-11,-15,15,-12
153.800603,18282,clench,9,64,2,1,7,4,4,-2
153.800627,18283,clench,-2,-22,-8,-3,-9,-4,7,-13
153.821555,18284,clench,-7,-74,3,-1,7,28,9,1
153.821584,18285,clench,2,-23,-13,-4,6,-12,14,6
153.823167,18286,clench,-1,18,3,-1,-9,-10,-68,14
153.823204,18287,clench,6,-30,-10,-2,2,0,37,30
153.835445,18288,clench,7,52,-4,-1,-5,-8,4,-5
153.835520,18289,clench,-3,10,-7,-1,11,9,-17,-8
153.844338,18290,clench,-13,1,-1,-3,-22,-9,5,8
153.844347,18291,clench,-1,-3,14,-3,3,9,12,-2
153.858745,18292,clench,-2,-9,-6,-3,-6,-3,10,-1
153.858797,18293,clench,4,15,5,1,3,5,-22,0
153.860197,18294,clench,-2,-23,-5,-1,5,2,-15,-11
153.860236,18295,clench,-4,11,-4,0,0,-7,23,-8
153.881522,18296,clench,-11,44,-9,-7,-7,0,11,-6
153.881545,18297,clench,1,-21,-4,4,-1,-12,-10,-5
153.882976,18298,clench,2,-21,9,-3,1,11,1,-4
153.882991,18299,clench,-11,12,6,-5,-1,15,2,-18
153.895352,18300,clench,5,22,6,1,2,3,1,4
153.895436,18301,clench,-2,-42,-22,-6,-8,-4,-3,-5
153.905483,18302,clench,2,35,0,5,14,-5,10,2
153.905488,18303,clench,1,22,18,-2,-2,11,-46,37
153.919000,18304,clench,-9,-29,-14,-5,-10,-9,21,-9
153.919019,18305,clench,3,2,3,-1,-10,-14,0,22
153.921348,18306,clench,-9,-28,2,-2,1,12,13,-29
153.921354,18307,clench,11,31,-8,0,-2,-13,-14,-21
153.941664,18308,clench,-16,-24,8,3,6,3,-8,-13
153.941695,18309,clench,5,5,2,-1,-5,3,3,6
153.943872,18310,clench,0,-14,-3,1,-1,-10,7,-2
153.943877,18311,clench,6,15,-5,-3,-5,0,3,-10
153.964019,18312,clench,8,28,7,1,2,-1,-13,1
153.964039,18313,clench,0,2,-3,0,4,3,14,7
153.965843,18314,clench,-11,-12,-9,-7,-5,-4,3,-5
153.965853,18315,clench,-5,-9,8,3,-6,-15,-6,-6
153.979200,18316,clench,3,18,-14,-2,7,5,-1,7
153.979246,18317,clench,-1,18,11,4,4,6,-3,0
153.980963,18318,clench,0,42,3,-7,-9,-4,-1,4
153.980971,18319,clench,-2,-69,1,1,-4,-3,-1,-5
154.001297,18320,clench,-6,10,-7,-2,-2,3,4,-8
154.001309,18321,clench,16,2,-3,-2,-4,-13,-29,7
154.002703,18322,clench,4,-24,-3,1,16,18,31,36
154.002712,18323,clench,-6,58,2,-1,-12,-25,-4,-16
154.024179,18324,clench,-5,-81,-6,1,-1,11,-37,0
154.024212,18325,clench,-2,35,8,1,-7,-6,15,-17
154.027308,18326,clench,11,-9,24,0,-12,-17,-7,-1
154.027316,18327,clench,6,-30,-15,-3,6,3,-21,-1
154.038860,18328,clench,-16,2,-13,1,7,-1,15,7
154.038886,18329,clench,5,34,14,-3,-7,5,-1,-5
154.040244,18330,clench,1,-5,-1,1,-1,-2,-10,-2
154.040256,18331,clench,-9,7,-5,-1,0,1,9,-9
154.064537,18332,clench,6,-17,-4,1,4,2,12,-17
154.064545,18333,clench,0,20,-8,-2,4,2,-21,-7
154.064548,18334,clench,1,-17,1,1,-10,-8,7,13
154.064550,18335,clench,-28,-14,-5,1,5,10,2,12
154.084047,18336,clench,4,11,6,-1,-8,-10,-2,1
154.084075,18337,clench,-4,-16,-9,0,12,12,12,-3
154.086470,18338,clench,6,-30,-10,0,-8,0,-5,-4
154.086476,18339,clench,5,46,-3,-3,-4,-12,1,8
154.098398,18340,clench,5,13,14,0,6,14,-9,8
154.098428,18341,clench,-15,-7,1,-6,-12,5,3,2
154.105145,18342,clench,4,-4,-1,3,3,-10,-20,20
154.105172,18343,clench,-2,-29,-6,1,2,0,25,-10
154.121353,18344,clench,9,48,8,-3,-6,-12,-13,-5
154.121380,18345,clench,5,-46,-9,-2,4,15,13,-6
154.122991,18346,clench,-5,43,-6,-2,-1,3,-1,-24
154.122997,18347,clench,3,-17,11,2,0,9,2,-3
154.144022,18348,clench,1,-8,10,2,-4,-15,-17,7
154.144065,18349,clench,-1,15,-8,-8,-11,-7,-1,-1
154.145644,18350,clench,-7,-19,-1,-5,-2,-6,-3,-5
154.145668,18351,clench,-1,-8,-8,0,-1,2,5,4
154.158861,18352,clench,-3,-42,-9,0,-3,-7,4,-21
154.158870,18353,clench,0,16,-6,-2,11,-5,4,4
154.165078,18354,clench,-13,35,13,4,-10,3,-11,11
154.165097,18355,clench,5,36,5,-4,-2,-8,-13,-9
154.181594,18356,clench,-3,-14,-6,2,2,5,10,3
154.181622,18357,clench,7,-20,-2,0,0,-1,-20,10
154.183066,18358,clench,0,-6,-11,-1,9,-1,25,-10
154.183124,18359,clench,-5,12,-12,-3,-1,-6,-14,-9
154.205548,18360,clench,2,-23,7,-5,-16,-1,10,10
154.205554,18361,clench,1,39,23,8,9,-4,-1,-5
154.205557,18362,clench,-2,-12,4,-4,-6,0,-5,-9
154.205560,18363,clench,-2,2,-18,-3,-2,0,-20,-4
154.218818,18364,clench,-1,-5,5,3,8,-10,8,3
154.218844,18365,clench,-7,-27,-10,-4,-10,2,20,-2
154.225326,18366,clench,5,-3,-3,-1,1,5,0,-3
154.225355,18367,clench,-11,-5,3,-1,1,-11,10,-6
154.241967,18368,clench,6,12,-7,-4,-3,5,-15,-4
154.243584,18369,clench,-10,-2,-2,7,1,-1,-4,-1
154.243590,18370,clench,-5,9,4,2,9,-11,-5,-5
154.243592,18371,clench,10,-89,-18,-9,-11,30,29,4
154.263983,18372,clench,-1,99,27,4,0,-8,-18,-1
154.264004,18373,clench,-6,-44,-9,2,-2,-3,-3,-10
154.266141,18374,clench,0,-28,-5,-5,-3,-2,7,-5
154.266149,18375,clench,17,49,15,1,2,-11,3,30
154.278486,18376,clench,-15,-20,-17,-3,3,1,5,-12
154.278537,18377,clench,-1,-30,13,-1,-8,5,8,-8
154.284988,18378,clench,0,10,-7,0,6,3,-16,-3
154.285014,18379,clench,-6,-10,-4,-5,-8,-6,-11,-6
154.301394,18380,clench,7,-13,-2,2,1,3,12,0
154.301418,18381,clench,-9,-16,-13,-4,-8,-30,-5,-2
154.302878,18382,clench,-5,36,5,0,8,14,-2,5
154.302894,18383,clench,-7,23,6,-4,-15,-13,15,-16
154.323870,18384,clench,2,-3,1,-2,-5,-2,-1,-1
154.323898,18385,clench,3,-25,-4,1,11,8,-9,-7
154.325382,18386,clench,-5,0,0,-1,-7,-8,2,3
154.325399,18387,clench,-1,9,-1,4,8,-1,-7,-4
154.338112,18388,clench,5,-54,-19,-2,4,8,-35,10
154.338181,18389,clench,-4,20,29,1,-1,1,20,-7
154.346971,18390,clench,7,-11,-13,-7,-3,-8,-10,8
154.346979,18391,clench,12,21,7,2,5,6,-7,7
154.362306,18392,clench,-17,-43,-7,-3,-5,-15,4,-8
154.362333,18393,clench,0,-2,-13,-5,-11,-3,-20,-7
154.363132,18394,clench,-7,35,11,5,14,30,7,-23
154.363170,18395,clench,6,-27,4,-2,-9,-16,0,-22
154.383149,18396,clench,-5,18,3,0,15,12,14,6
154.383171,18397,clench,3,5,0,0,-15,-18,-13,12
154.393717,18398,clench,-7,-41,-13,-4,-4,-13,-4,-7
154.393725,18399,clench,-5,40,3,4,2,10,-2,10
154.398510,18400,clench,7,70,4,-4,1,3,20,1
154.398601,18401,clench,-2,-1,2,1,3,7,-23,0
154.405270,18402,clench,3,12,-6,-1,-4,-4,13,-8
154.405294,18403,clench,-11,-97,1,0,2,-2,0,-2
154.423074,18404,clench,1,-5,-2,-5,-7,-3,-9,7
154.423084,18405,clench,5,36,14,3,6,2,14,33
154.423089,18406,clench,4,-10,-9,0,-4,-3,-10,9
154.423093,18407,clench,-5,-40,3,-1,-1,2,2,-6
154.444145,18408,clench,8,35,2,7,1,-11,-2,5
154.444184,18409,clench,-9,18,3,-8,4,7,-1,-18
154.447286,18410,clench,-14,-54,-4,-4,-15,-10,-5,-33
154.447294,18411,clench,12,91,7,0,1,12,6,10
154.457531,18412,clench,5,-43,-14,0,8,0,-2,-7
154.457556,18413,clench,-1,-9,-6,-1,-10,1,-4,-14
154.467464,18414,clench,5,2,-6,-12,-10,-10,2,5
154.467471,18415,clench,-8,-8,-10,1,2,1,-1,-6
154.481448,18416,clench,-7,-27,1,-6,-7,-11,9,8
154.481472,18417,clench,3,4,2,2,12,13,-13,-35
154.483763,18418,clench,5,17,8,3,0,-5,-5,10
154.483774,18419,clench,8,-4,2,4,5,-1,-16,26
154.503978,18420,clench,-5,16,-16,-6,-11,-1,1,-18
154.504003,18421,clench,-3,-11,3,1,4,-6,8,16
154.505521,18422,clench,-8,-12,-4,-1,-3,1,12,13
154.505546,18423,clench,0,-14,-6,-2,7,5,-26,-12
154.517512,18424,clench,-5,-71,-29,2,3,-10,-29,-15
154.517527,18425,clench,5,88,45,-2,4,17,58,3
154.528346,18426,clench,7,-25,3,-2,-18,-1,-7,8
154.528365,18427,clench,-6,25,-6,1,6,-7,19,4
154.541489,18428,clench,-11,-35,-9,-1,-7,-4,1,-16
154.541513,18429,clench,-3,0,-44,-8,-2,-12,-24,-7
154.543014,18430,clench,8,-15,20,6,11,-1,6,7
154.543061,18431,clench,-2,-4,10,-1,2,13,7,-9
154.564493,18432,clench,-1,34,13,4,2,-4,-5,0
154.564508,18433,clench,4,-1,-13,-5,-13,-9,9,12
154.565594,18434,clench,-14,14,-3,-1,1,0,-14,-14
154.565619,18435,clench,4,-13,-14,-3,0,-6,-5,-19
154.577730,18436,clench,9,17,17,-1,-15,-1,-1,-22
154.577774,18437,clench,-6,-21,-14,-2,4,5,-3,-17
154.588037,18438,clench,6,6,1,1,4,3,6,4
154.588045,18439,clench,-6,-74,-20,-13,-10,-10,-14,-7
154.601652,18440,clench,9,77,32,3,0,6,10,22
154.601689,18441,clench,-3,-18,-3,-3,-12,2,26,8
154.603772,18442,clench,-21,20,-4,0,2,-4,-27,-37
154.603778,18443,clench,-1,-33,-8,2,-4,-7,-7,4
154.623835,18444,clench,-3,26,-9,-5,-5,-32,-31,0
154.623862,18445,clench,5,-78,-3,4,11,21,25,4
154.625480,18446,clench,6,35,31,3,0,3,14,8
154.625488,18447,clench,-2,23,13,-2,-8,-3,-2,1
154.637914,18448,clench,-12,-11,-3,-3,-1,5,7,9
154.637937,18449,clench,2,2,-3,8,6,-7,-30,0
154.647588,18450,clench,-6,21,-22,-9,-7,-6,0,6
154.647594,18451,clench,-5,-30,-4,-4,-7,-2,0,-33
154.661236,18452,clench,7,7,9,2,3,10,8,18
154.661276,18453,clench,-10,-3,-5,-4,-3,0,-6,-2
154.667687,18454,clench,2,-24,-9,-2,1,-1,3,-2
154.667715,18455,clench,-15,18,0,-3,-9,-7,-4,-12
154.683837,18456,clench,-10,0,-9,1,4,7,2,-4
154.683859,18457,clench,10,8,5,-4,-3,-3,0,36
154.685602,18458,clench,6,-29,-11,1,-4,1,-7,13
154.685609,18459,clench,-1,32,-11,-2,-9,-8,6,-31
154.697569,18460,clench,0,3,21,7,9,10,6,-7
154.697599,18461,clench,-8,-11,4,-6,-15,-20,-6,-5
154.708523,18462,clench,12,-9,-2,0,5,-1,-6,40
154.708530,18463,clench,2,37,8,4,1,-2,-7,21
154.724606,18464,clench,-4,-59,-25,-3,-3,10,-10,1
154.724614,18465,clench,-2,22,-10,1,7,5,-13,-16
154.724617,18466,clench,2,-6,-1,-4,-1,-4,7,-17
154.724619,18467,clench,0,-37,-6,-2,-3,-4,0,-4
154.744537,18468,clench,10,37,11,-1,-4,-5,9,35
154.744565,18469,clench,3,-27,-15,-4,-1,-4,-3,4
154.747275,18470,clench,-6,40,16,5,-2,-7,-27,-19
154.747296,18471,clench,16,6,-9,-6,-2,24,25,13
154.757553,18472,clench,-21,-2,4,-3,11,2,2,-10
154.757572,18473,clench,2,-3,5,2,-15,-17,-19,-13
154.767949,18474,clench,5,-29,-35,-9,-12,1,22,7
154.767956,18475,clench,-4,11,45,12,20,12,-3,13
154.781527,18476,clench,-19,-2,0,-6,-7,1,18,-33
154.781575,18477,clench,15,25,-11,0,7,4,-18,8
154.783092,18478,clench,-13,-25,12,7,2,-24,-16,5
154.783099,18479,clench,-1,14,-3,-3,-4,-8,10,8
154.803907,18480,clench,8,-23,-14,-7,-6,2,-12,-7
154.803920,18481,clench,-5,-6,9,0,4,2,13,16
154.805237,18482,clench,8,14,-20,-2,13,15,6,-6
154.805258,18483,clench,-2,-11,-5,0,-7,-3,-2,37
154.817681,18484,clench,-6,40,17,0,-4,-15,18,0
154.817710,18485,clench,-9,-42,-9,1,-1,5,-16,-16
154.827320,18486,clench,4,27,15,-3,-8,0,3,2
154.827329,18487,clench,-5,10,-5,0,7,3,-6,3
154.841954,18488,clench,17,-43,-21,-5,-3,-2,6,2
154.842072,18489,clench,-13,-48,9,4,2,-2,-2,2
154.843915,18490,clench,-9,35,16,0,1,3,1,-13
154.843920,18491,clench,4,-1,0,-2,0,4,4,-9
154.865321,18492,clench,6,-22,-26,-6,-7,-7,-29,4
154.865338,18493,clench,5,21,23,-2,8,28,9,-2
154.865527,18494,clench,-19,-18,2,-1,-4,-3,-2,-9
154.865544,18495,clench,0,9,-10,5,-3,-22,-18,-7
154.886407,18496,clench,1,-23,-13,-6,-13,1,-14,59
154.886436,18497,clench,-6,7,1,0,-3,6,35,-10
154.888169,18498,clench,10,30,5,0,10,12,-5,35
154.888180,18499,clench,-18,6,5,-1,-6,-6,-3,-9
154.901311,18500,clench,9,-22,-14,1,17,28,26,8
154.901368,18501,clench,-4,26,14,3,-17,-28,-22,-6
154.903170,18502,clench,3,-8,-13,-5,-5,0,3,-2
154.903196,18503,clench,8,-24,-7,0,7,-1,17,-9
154.923869,18504,clench,-1,67,21,4,7,-2,2,-9
154.923948,18505,clench,8,-20,-23,-6,3,-6,-5,-2
154.926352,18506,clench,-22,-49,8,1,1,6,0,-12
154.926358,18507,clench,2,67,11,-1,-6,-2,-17,2
154.946842,18508,clench,-7,-16,13,8,4,-13,11,-17
154.946867,18509,clench,8,-19,-24,-9,2,12,-9,-1
154.948432,18510,clench,7,-15,-4,-1,-4,1,-4,-16
154.948454,18511,clench,-14,10,0,0,-2,-3,-3,19
154.961497,18512,clench,14,-11,-3,-1,-1,0,4,7
154.961522,18513,clench,-12,5,-3,-6,-5,-11,-5,-26
154.963100,18514,clench,14,-15,-5,-1,-2,-6,7,3
154.963132,18515,clench,-11,2,-3,-3,2,5,-6,-62
154.983901,18516,clench,-11,-15,-2,4,0,-3,9,0
154.983918,18517,clench,6,-23,2,6,13,-7,-18,13
154.985757,18518,clench,-10,46,9,-5,-12,18,3,-2
154.985763,18519,clench,19,29,-6,-5,-3,-1,-9,1
155.006366,18520,clench,-9,-14,10,1,-5,3,-16,-4
155.006394,18521,clench,-1,12,-1,-2,0,-10,-3,-5
155.007811,18522,clench,0,-19,-9,-2,1,-13,0,-3
155.007828,18523,clench,4,-43,-12,1,1,-2,-2,7
155.020913,18524,clench,-9,15,-8,-8,-11,-4,-11,-35
155.020919,18525,clench,1,-1,-11,0,-3,5,11,8
155.027716,18526,clench,-2,44,11,-2,-1,-6,4,-5
155.027756,18527,clench,4,-36,-10,-2,-3,1,-3,7
155.043122,18528,clench,19,18,1,-2,0,-1,7,-1
155.043149,18529,clench,-14,-23,-19,-10,-10,-8,-9,-11
155.052659,18530,clench,-13,2,56,9,13,14,-2,-3
155.052668,18531,clench,2,-6,8,-6,-10,-7,8,4
155.066445,18532,clench,-2,-1,1,0,1,11,-4,-3
155.066454,18533,clench,14,15,4,7,-1,-4,-9,34
155.067990,18534,clench,12,-15,-27,-1,2,-4,0,1
155.068016,18535,clench,-20,-1,2,-2,3,3,29,46
155.081640,18536,clench,2,-3,4,-2,-9,-2,-22,-7
155.081650,18537,clench,-4,19,-6,-2,-3,-1,19,-5
155.087976,18538,clench,-1,-12,-14,-1,-7,-4,9,-1
155.088006,18539,clench,3,12,6,2,11,9,-29,-6
155.104254,18540,clench,-2,-15,-1,0,1,-4,8,3
155.104286,18541,clench,-4,44,10,-3,-5,-2,-11,-22
155.106320,18542,clench,8,-32,-6,5,3,-12,-4,1
155.106329,18543,clench,-15,13,-3,-2,0,7,9,-9
155.126701,18544,clench,-11,-10,-31,-3,-3,-12,-12,-4
155.126731,18545,clench,-7,19,51,4,1,5,3,-22
155.129600,18546,clench,6,-8,7,-7,-7,5,3,21
155.129613,18547,clench,5,0,-11,-4,-1,-4,1,-5
155.140804,18548,clench,-10,-27,-10,-2,-9,-5,-15,-18
155.140825,18549,clench,-3,18,-11,-1,-4,-12,-18,-4
155.147629,18550,clench,-1,9,-13,-4,-3,2,21,-9
155.147653,18551,clench,2,-16,9,3,-1,0,-1,0
155.163914,18552,clench,3,20,3,3,8,1,16,8
155.163942,18553,clench,1,-18,-6,1,-5,-4,-9,12
155.166099,18554,clench,2,13,-4,-4,-4,3,-9,-1
155.166107,18555,clench,3,-5,-3,-3,2,-3,-11,6
155.186396,18556,clench,-16,-11,3,-4,-8,-10,-3,5
155.187677,18557,clench,9,28,11,3,9,19,6,0
155.187795,18558,clench,-10,-8,-8,1,3,-1,-1,12
155.187828,18559,clench,6,-46,-5,-3,-4,-1,12,-8
155.200653,18560,clench,0,48,19,6,-3,-7,-23,-6
155.200670,18561,clench,4,-28,-16,-7,-3,-5,18,27
155.207377,18562,clench,-6,-11,1,-3,-2,1,-5,-23
155.207394,18563,clench,-1,45,-2,-2,-9,-3,10,3
155.223973,18564,clench,-2,-35,3,-3,2,1,5,5
155.223990,18565,clench,8,-9,-11,2,2,-3,0,-5
155.225493,18566,clench,0,-7,9,-5,-2,-2,-10,-17
155.225517,18567,clench,-10,17,-2,-2,-4,-1,9,13
155.245716,18568,clench,4,-26,-1,0,-3,1,-4,-6
155.245760,18569,clench,2,46,3,1,2,-1,4,-5
155.255310,18570,clench,-15,-31,-14,-6,-9,-7,-5,-5
155.255340,18571,clench,-2,-2,12,8,7,0,-22,-17
155.260845,18572,clench,4,-10,-12,-10,-2,5,-1,-2
155.260887,18573,clench,-11,1,5,-1,14,1,21,-17
155.267488,18574,clench,9,8,-5,4,-14,-11,0,8
155.267516,18575,clench,-4,4,-13,-4,-7,4,-18,-1
155.283894,18576,clench,2,-10,13,8,12,25,29,6
155.283929,18577,clench,-3,-10,-5,-3,-4,-3,-14,-26
155.285499,18578,clench,-2,4,-1,0,-2,-20,-2,0
155.285538,18579,clench,10,-6,-1,-4,-4,18,26,1
155.306350,18580,clench,1,9,-10,0,2,-2,3,-6
155.306371,18581,clench,-6,-16,5,-2,2,3,-30,-23
155.308009,18582,clench,3,-68,-19,-2,-7,-8,12,12
155.308027,18583,clench,3,77,26,9,4,-9,-14,22
155.320487,18584,clench,9,9,6,-6,-1,0,4,3
155.320515,18585,clench,-12,-27,-7,-3,-5,-1,2,1
155.330566,18586,clench,5,-1,-1,-2,5,2,3,4
155.330576,18587,clench,3,-65,-12,1,4,-7,2,0
155.343995,18588,clench,-14,45,7,0,3,2,-8,-1
155.344102,18589,clench,1,4,-4,0,-17,-10,6,14
155.346380,18590,clench,0,-2,-1,-2,1,0,-17,-7
155.346390,18591,clench,-7,-19,-14,-4,-6,-10,2,-15
155.366400,18592,clench,-7,28,30,4,8,22,10,-3
155.366426,18593,clench,3,-18,-11,-6,-6,-1,-10,3
155.368056,18594,clench,6,25,5,4,6,5,-5,-6
155.368078,18595,clench,1,-4,-1,3,4,-16,-14,-34
155.380230,18596,clench,-2,-39,-15,-3,-10,-18,0,6
155.380256,18597,clench,6,71,-9,2,9,13,20,14
155.389341,18598,clench,1,-21,6,-9,0,11,-4,2
155.389346,18599,clench,-10,-9,-5,-6,-2,0,3,-31
157.404902,18600,rest,-9,6,2,0,-7,0,1,-8
157.405161,18601,rest,-6,-6,0,0,9,1,0,16
157.415628,18602,rest,26,-21,-1,2,6,0,-1,-2
157.415644,18603,rest,-12,-22,-1,0,-9,-2,0,-8
157.429145,18604,rest,-16,29,2,0,-3,3,3,-4
157.429197,18605,rest,11,56,0,-3,-4,-3,-4,-6
157.431168,18606,rest,0,-61,-6,-3,-2,-1,1,-3
157.431180,18607,rest,31,20,3,0,-7,-1,-1,-3
157.451317,18608,rest,-18,-32,-2,-2,1,-2,-3,-14
157.451339,18609,rest,5,-25,-3,-1,0,1,1,-7
157.452697,18610,rest,24,29,-1,0,31,3,0,4
157.452714,18611,rest,8,13,1,-1,-45,-1,0,5
157.465090,18612,rest,-10,-18,-2,1,5,-20,-3,-6
157.465123,18613,rest,0,20,-1,0,0,17,-1,-1
157.475439,18614,rest,1,-3,-2,1,5,0,0,25
157.475447,18615,rest,10,6,-4,-7,6,3,3,15
157.488750,18616,rest,-16,-8,-2,2,-3,-2,-5,27
157.488774,18617,rest,10,7,1,3,-5,-9,-2,19
157.490251,18618,rest,-31,-17,1,0,-6,-4,0,-21
157.490260,18619,rest,-6,-7,-2,-2,8,-2,1,-25
157.511835,18620,rest,14,11,-1,-3,-7,1,2,-3
157.511869,18621,rest,-11,-9,-1,0,2,-3,-1,1
157.513956,18622,rest,42,19,-2,-2,-7,4,1,10
157.513962,18623,rest,-8,-8,-2,0,3,-4,-4,-3
157.524989,18624,rest,0,-15,-1,-2,2,4,0,-18
157.525020,18625,rest,8,9,0,-2,0,0,-3,-10
157.535505,18626,rest,-10,20,-1,0,-5,-3,-1,-6
157.535516,18627,rest,-1,16,-2,-2,15,-4,-2,-3
157.548841,18628,rest,-12,-8,-6,-3,-15,0,-3,-11
157.550428,18629,rest,18,-9,-1,-3,-1,-1,1,-7
157.550480,18630,rest,-23,20,1,0,-4,-5,-3,-1
157.550506,18631,rest,4,-19,2,-1,0,1,-1,2
157.571341,18632,rest,17,29,0,3,10,3,1,1
157.571367,18633,rest,-49,-17,-6,-3,-3,-3,-1,-3
157.572808,18634,rest,25,-18,-1,-1,-8,-1,-1,-4
157.572826,18635,rest,-19,28,-5,-2,6,-1,-1,-7
157.584970,18636,rest,8,4,0,0,2,-2,0,-21
157.584987,18637,rest,-4,-31,-2,-2,-4,-1,-2,34
157.595748,18638,rest,-6,27,1,0,0,0,4,8
157.595758,18639,rest,0,-8,-3,-1,-6,-1,0,-13
157.608885,18640,rest,-15,9,3,-3,-3,0,0,-7
157.608911,18641,rest,26,-1,-3,-4,-2,-2,1,-33
157.610610,18642,rest,-1,35,0,-2,-2,0,2,-1
157.610615,18643,rest,-22,-26,-1,-2,-16,-1,-2,5
157.631726,18644,rest,1,21,1,1,4,0,-2,-3
157.631759,18645,rest,-5,-16,-1,-1,0,0,-1,-9
157.633385,18646,rest,-17,-11,-4,0,24,-1,-5,-4
157.633420,18647,rest,-4,-15,3,-1,-20,-2,-1,-8
157.644959,18648,rest,4,-22,-3,3,4,-1,-1,9
157.644983,18649,rest,34,43,0,-1,-4,-3,-1,-4
157.654874,18650,rest,6,13,0,-2,-1,-1,0,-7
157.654881,18651,rest,1,9,0,2,7,-9,-4,7
157.668872,18652,rest,-2,-38,-5,-6,0,6,-3,-19
157.668897,18653,rest,12,14,4,4,8,16,0,-1
157.670509,18654,rest,13,-21,-1,-3,-14,-3,-1,8
157.670522,18655,rest,3,24,0,2,8,3,1,42
157.691708,18656,rest,-6,-31,2,-3,-6,-9,0,-7
157.691740,18657,rest,-19,-11,-7,0,-2,-5,-1,-19
157.693023,18658,rest,-13,16,0,-4,-7,4,3,-7
157.693049,18659,rest,-2,10,1,0,4,-2,-4,3
157.713807,18660,rest,-28,-45,-2,0,-1,1,0,5
157.713830,18661,rest,-2,10,-3,-4,12,-2,0,5
157.715744,18662,rest,-6,-4,0,-1,-2,-3,0,-14
157.715876,18663,rest,-12,-17,-2,-1,0,1,1,-10
157.728917,18664,rest,39,33,-2,-5,-1,-1,-2,9
157.728952,18665,rest,-96,10,-3,0,7,-2,-2,-11
157.730613,18666,rest,15,-51,-5,2,9,-1,-3,-3
157.730620,18667,rest,24,-2,0,-1,-27,1,-1,-13
157.750785,18668,rest,4,18,1,-1,-4,1,-2,11
157.750811,18669,rest,1,-26,-1,-3,-7,-6,0,5
157.751935,18670,rest,-18,31,2,-1,-5,-3,-3,3
157.751942,18671,rest,-20,-2,-2,2,13,1,0,-8
157.773215,18672,rest,19,-18,1,2,2,0,-3,8
157.773235,18673,rest,18,24,2,1,-5,-3,-3,0
157.774596,18674,rest,19,18,3,0,-6,-2,-4,-7
157.774601,18675,rest,-11,-77,-3,-3,0,-1,3,-36
157.788034,18676,rest,-15,20,-4,-2,-3,-1,0,4
157.788059,18677,rest,43,17,3,-1,-1,-24,-3,-9
157.789373,18678,rest,-57,-45,-3,3,-3,15,-4,37
157.789378,18679,rest,8,20,-1,-4,2,3,3,-5
157.810629,18680,rest,-16,2,-1,1,3,0,-2,-5
157.810638,18681,rest,0,-24,-1,-3,-7,0,0,4
157.811580,18682,rest,24,14,0,-2,-5,-9,1,-15
157.811642,18683,rest,2,13,-4,0,10,-3,-3,1
157.833191,18684,rest,17,6,2,-2,-5,2,5,32
157.833213,18685,rest,-22,-46,-5,1,-2,-1,-8,4
157.834797,18686,rest,31,7,-2,-2,-4,-3,-2,-5
157.834802,18687,rest,-16,9,0,0,8,2,-3,4
157.847530,18688,rest,13,37,2,-1,2,-3,0,-12
157.847553,18689,rest,39,10,-3,-3,-8,2,-1,-3
157.855684,18690,rest,-51,-21,0,3,11,0,-1,0
157.855705,18691,rest,-9,-57,-4,-2,-3,1,-2,-5
157.870624,18692,rest,29,32,-3,-3,14,-5,0,-9
157.870637,18693,rest,-2,12,3,-1,-3,4,3,0
157.871284,18694,rest,19,-5,-3,-4,-8,-1,1,-20
157.871308,18695,rest,9,18,0,-1,-1,-3,-3,12
157.893227,18696,rest,-23,-25,-4,-2,-16,-1,-3,-8
157.895450,18697,rest,3,-43,-3,0,4,3,-2,-2
157.895459,18698,rest,-13,20,2,-2,-4,-2,0,-14
157.895461,18699,rest,-13,30,-1,-1,13,0,-2,-6
157.908266,18700,rest,4,-24,-1,0,-16,1,0,1
157.908325,18701,rest,3,24,0,2,1,-1,-1,1
157.910118,18702,rest,33,6,2,-4,-9,-4,0,7
157.910125,18703,rest,3,20,1,2,1,0,-3,5
157.930961,18704,rest,-28,-19,-4,0,5,1,-2,0
157.930970,18705,rest,1,15,-3,-2,-5,-1,0,3
157.931452,18706,rest,-1,-29,-2,-1,-6,-1,-4,0
157.931463,18707,rest,29,13,1,4,-10,-1,0,-2
157.953260,18708,rest,-34,-10,-2,-5,2,-1,12,-70
157.953287,18709,rest,-11,52,4,-2,-9,-1,-4,6
157.955609,18710,rest,29,-30,-1,-3,2,-2,-2,4
157.955616,18711,rest,1,18,0,-1,-8,-3,-2,0
157.968364,18712,rest,4,-24,-6,-5,-3,-4,-2,-4
157.968398,18713,rest,-7,-11,1,7,7,-20,0,1
157.968754,18714,rest,-30,-7,-3,0,1,16,1,9
157.968773,18715,rest,19,5,-2,1,18,-1,5,-6
157.992498,18716,rest,-20,-1,3,0,-7,2,-2,12
157.992504,18717,rest,-5,-8,-4,-4,-1,2,-2,-15
157.992506,18718,rest,33,23,2,0,-6,-12,-5,36
157.992508,18719,rest,-21,-51,-4,-1,1,1,0,0
158.013293,18720,rest,6,10,1,3,3,2,-2,12
158.013316,18721,rest,-10,6,-1,-2,-5,0,0,-13
158.014862,18722,rest,-7,-11,-1,-2,10,-2,2,-17
158.014874,18723,rest,0,-23,1,-1,-4,1,-6,-1
158.028261,18724,rest,-32,27,-3,-2,-9,-6,-6,13
158.028305,18725,rest,18,-43,2,1,-4,5,0,5
158.030514,18726,rest,10,21,0,2,4,0,1,-9
158.030528,18727,rest,-43,25,-1,-1,-6,-2,0,7
158.051304,18728,rest,43,19,-4,-6,0,-3,-5,0
158.051310,18729,rest,5,-24,0,0,1,3,-3,7
158.051313,18730,rest,-5,4,0,1,3,-3,0,-5
158.051316,18731,rest,9,-19,-1,-3,-20,-3,1,-8
158.073130,18732,rest,-1,-24,0,-4,1,-1,-1,-5
158.073158,18733,rest,-7,46,-3,-4,-5,4,3,-1
158.075733,18734,rest,-26,-27,-3,-1,-6,-6,-4,-4
158.075741,18735,rest,19,-5,2,1,-4,-3,-5,-2
158.088183,18736,rest,3,24,-2,1,-4,2,1,1
158.088208,18737,rest,9,-34,-1,1,-8,0,2,31
158.089626,18738,rest,-8,3,-2,1,10,0,-1,-6
158.089632,18739,rest,-11,9,-1,-2,0,-2,5,2
158.111859,18740,rest,-19,1,-3,0,-3,-1,-7,-9
158.111870,18741,rest,19,-19,-2,-4,-3,0,-2,-68
158.111872,18742,rest,-35,5,-3,0,1,-2,-2,5
158.111875,18743,rest,12,-24,-3,-2,-2,1,1,7
158.133166,18744,rest,23,5,4,1,2,0,0,10
158.133190,18745,rest,27,-6,-4,2,2,-2,-3,-2
158.134986,18746,rest,8,6,0,-2,-5,-2,-4,-2
158.134992,18747,rest,12,18,1,1,1,-2,-3,-5
158.157320,18748,rest,0,-15,2,2,6,-3,2,1
158.157328,18749,rest,2,18,-2,-2,2,0,-2,7
158.157330,18750,rest,8,21,0,-2,12,-1,-1,-8
158.157332,18751,rest,-7,-19,-4,-3,-15,0,-2,7
158.171764,18752,rest,10,21,0,1,0,2,0,6
158.171771,18753,rest,-34,-20,-1,0,-8,0,4,7
158.171773,18754,rest,-6,-6,-2,-3,0,-3,-3,17
158.171775,18755,rest,2,24,-4,-1,2,-2,-5,-45
158.193648,18756,rest,13,0,0,4,8,0,-1,5
158.193676,18757,rest,-13,8,-1,-2,-2,-1,-4,4
158.194983,18758,rest,-12,-38,-3,-5,-18,-13,1,-4
158.194994,18759,rest,52,50,-1,-2,7,5,-3,9
158.208477,18760,rest,-20,-58,-5,-2,-2,15,2,-2
158.208507,18761,rest,13,18,1,1,5,-4,-1,5
158.209665,18762,rest,7,10,0,0,-1,4,-1,-21
158.209673,18763,rest,-18,-16,0,-3,-3,-8,-2,6
158.233388,18764,rest,18,4,-2,-1,3,-7,2,3
158.233398,18765,rest,-18,3,0,-1,2,5,0,16
158.233402,18766,rest,3,8,0,-3,-6,-1,1,-3
158.233405,18767,rest,-11,-5,-1,-2,-4,-3,-1,1
158.253142,18768,rest,17,14,3,0,8,-1,0,0
158.253168,18769,rest,-54,-40,-9,-5,-10,-3,-3,-19
158.254976,18770,rest,7,-25,-3,0,-4,1,1,4
158.254987,18771,rest,-1,3,0,0,0,0,2,-1
158.277216,18772,rest,6,5,1,-1,-7,-2,-1,2
158.277228,18773,rest,1,32,3,5,16,-1,-2,6
158.277233,18774,rest,10,17,2,-1,-4,3,1,1
158.277238,18775,rest,-2,-12,1,-2,6,2,-1,11
158.290796,18776,rest,-25,1,-5,-6,-8,-5,-4,-9
158.290835,18777,rest,20,1,0,7,10,2,0,30
158.293115,18778,rest,-27,0,-3,0,-2,0,-3,-4
158.293130,18779,rest,-11,-10,-2,0,3,0,1,-16
158.313169,18780,rest,-3,17,1,-1,-4,-2,1,30
158.313209,18781,rest,22,4,-1,-7,-5,0,1,-1
158.314530,18782,rest,13,7,2,1,-1,-1,-3,-4
158.314538,18783,rest,1,3,1,0,0,-3,-1,0
158.327453,18784,rest,0,24,0,2,-5,-2,-1,-12
158.327475,18785,rest,-34,-60,-4,-4,9,-1,-4,-7
158.335611,18786,rest,23,3,-4,-5,-34,-3,0,-43
158.335659,18787,rest,-14,-20,-2,-4,-2,0,-4,2
158.350658,18788,rest,-4,-7,1,4,-5,-2,-3,-5
158.351927,18789,rest,-4,23,0,-1,-6,-1,0,-2
158.351941,18790,rest,1,16,-1,-1,8,0,0,0
158.351943,18791,rest,9,-5,-1,2,-3,-2,0,3
158.372917,18792,rest,-27,-28,-5,-5,4,-3,-2,-5
158.372946,18793,rest,7,12,1,0,-2,-2,1,-9
158.380740,18794,rest,-12,3,-3,-2,3,-1,1,10
158.380913,18795,rest,-28,-21,-2,-2,-6,0,-1,3
158.387632,18796,rest,-21,-14,-1,1,15,-1,-1,2
158.387664,18797,rest,11,5,2,-1,-7,0,-8,-1
158.395901,18798,rest,-3,8,0,2,35,0,-2,9
158.395939,18799,rest,33,28,4,1,-20,-14,1,6
158.410735,18800,rest,-42,-10,-1,-1,-6,15,-1,-10
158.410862,18801,rest,13,-3,-1,-3,-3,-6,2,-2
158.412929,18802,rest,23,18,0,-1,-3,4,0,16
158.412937,18803,rest,-16,-27,-5,3,14,-1,-3,-7
158.433560,18804,rest,27,0,2,2,0,-11,-2,-18
158.433587,18805,rest,7,32,1,0,0,2,3,24
158.434801,18806,rest,-4,-20,-1,-1,-7,-1,-3,6
158.434814,18807,rest,9,7,-6,-5,6,-1,-1,-5
158.456233,18808,rest,4,5,-1,-4,-9,-3,1,-3
158.458149,18809,rest,-21,2,0,2,1,2,1,-30
158.458155,18810,rest,20,2,-2,-1,-4,-3,0,32
158.458157,18811,rest,-16,27,-2,1,0,5,-3,18
158.471124,18812,rest,-12,-62,-4,0,4,-1,-1,1
158.471163,18813,rest,6,19,-2,-7,-8,-3,-2,-10
158.474031,18814,rest,2,-11,-1,3,28,2,3,-4
158.474037,18815,rest,0,-19,-2,-2,-7,0,-5,-3
158.493052,18816,rest,11,23,1,0,3,-3,0,14
158.493079,18817,rest,-9,-10,2,2,14,-2,-1,6
158.493798,18818,rest,6,13,1,0,-11,-1,1,-9
158.493815,18819,rest,4,-31,0,0,3,2,2,-1
158.507400,18820,rest,8,14,1,0,-3,-3,-2,-5
158.507426,18821,rest,2,-22,-2,-7,-3,1,1,3
158.515846,18822,rest,-3,22,1,3,-2,-1,-2,-5
158.515865,18823,rest,-21,32,3,1,-1,-2,0,-6
158.530628,18824,rest,-8,-25,-6,-1,1,-2,-1,-1
158.530659,18825,rest,7,15,0,-4,-11,-12,0,2
158.533043,18826,rest,2,6,-4,-1,0,19,1,4
158.533051,18827,rest,-22,-42,1,-2,-2,-1,1,25
158.553091,18828,rest,15,-18,0,1,5,3,7,43
158.553109,18829,rest,43,53,-1,1,-4,-3,-2,-2
158.553665,18830,rest,-47,-16,1,-3,-16,-11,-2,-9
158.553678,18831,rest,16,24,-2,-5,-2,2,0,-20
158.567998,18832,rest,-24,5,0,1,4,-1,-1,34
158.568023,18833,rest,-6,-13,-3,-4,0,-1,-1,3
158.575723,18834,rest,9,-10,0,-2,-2,-5,-2,-3
158.575753,18835,rest,1,21,-3,-3,19,4,1,-18
158.590552,18836,rest,3,-39,-4,-5,-18,-5,-2,-19
158.590576,18837,rest,-5,5,0,3,1,3,-1,-4
158.592748,18838,rest,-6,-32,-3,-2,-3,-2,-3,-1
158.592754,18839,rest,8,28,-2,0,-6,-2,2,2
158.613470,18840,rest,15,25,0,-2,-3,0,-3,-18
158.613508,18841,rest,-11,9,-3,-2,-2,3,-1,5
158.613952,18842,rest,-16,-16,-1,1,4,-2,0,-8
158.613968,18843,rest,6,11,1,-2,-4,-4,-3,-2
158.628346,18844,rest,6,-10,1,-2,0,-3,-1,-6
158.628390,18845,rest,26,-7,-3,-2,-2,1,0,-6
158.635847,18846,rest,-20,-14,1,-1,-6,-2,-2,0
158.635874,18847,rest,18,-12,-2,0,-5,1,-1,-2
158.658738,18848,rest,-48,23,-3,-1,-2,-2,-6,-13
158.658763,18849,rest,3,-22,1,2,13,-1,1,3
158.659392,18850,rest,25,10,-3,-5,-4,-2,-1,-4
158.659410,18851,rest,-12,-6,4,4,-1,-2,-2,1
158.673038,18852,rest,13,29,0,1,1,-9,-2,-17
158.673062,18853,rest,-7,-46,-8,-3,-6,17,-1,13
158.673723,18854,rest,18,11,1,-4,-5,-7,5,-50
158.673809,18855,rest,-49,-16,-1,-1,-4,2,-7,-5
158.696555,18856,rest,26,45,0,-2,8,-7,-1,-10
158.696604,18857,rest,-21,2,2,0,-3,-5,0,0
158.698649,18858,rest,12,1,-3,-3,-1,2,0,4
158.698658,18859,rest,31,0,-1,-4,-6,-4,3,2
158.710930,18860,rest,-11,-26,-1,0,1,0,-1,-1
158.710964,18861,rest,-4,23,2,0,-10,-5,-6,-14
158.713302,18862,rest,-10,-60,-7,0,5,0,-1,11
158.713316,18863,rest,4,16,2,-1,1,-3,3,2
158.733272,18864,rest,31,2,1,1,-7,2,-2,9
158.733294,18865,rest,-16,5,-4,-8,-2,-1,2,-4
158.733818,18866,rest,-14,7,1,3,-4,-2,-4,3
158.733840,18867,rest,2,2,-3,0,0,0,-1,1
158.756216,18868,rest,3,-8,-1,-2,-1,5,1,-3
158.756241,18869,rest,8,15,3,1,13,-1,1,0
158.758096,18870,rest,12,-8,1,-2,-15,-5,-3,5
158.758101,18871,rest,-14,-11,-4,-3,1,1,-1,-9
158.770613,18872,rest,-8,-2,-1,-3,-5,2,-1,0
158.770698,18873,rest,-3,0,-1,-1,3,-5,1,-32
158.772890,18874,rest,13,15,-1,-1,3,0,-3,1
158.772894,18875,rest,8,17,5,3,-1,2,-1,56
158.793140,18876,rest,-4,22,-3,-4,11,-26,-3,1
158.793160,18877,rest,16,-51,-4,-6,-10,14,0,1
158.793824,18878,rest,-19,-8,-5,-2,0,-1,0,-4
158.793854,18879,rest,10,3,-5,-4,-6,-2,2,-28
158.816262,18880,rest,-24,3,3,0,2,2,0,-10
158.816288,18881,rest,8,19,1,3,3,-11,-1,16
158.818055,18882,rest,15,6,1,0,2,-1,-8,0
158.818062,18883,rest,-8,-19,-1,-1,18,2,3,-5
158.831235,18884,rest,25,10,1,-1,-29,1,0,6
158.831260,18885,rest,-6,-6,1,2,-7,0,-1,-4
158.833435,18886,rest,-15,11,0,0,-1,3,0,6
158.833443,18887,rest,-4,-8,-2,2,1,-3,-2,-8
158.853052,18888,rest,1,-26,-2,1,5,5,0,1
158.853069,18889,rest,-23,36,2,-1,-4,-3,-2,5
158.853757,18890,rest,20,-57,-1,2,5,-2,-4,-7
158.853778,18891,rest,-17,14,-4,-6,-18,-2,-2,3
158.876266,18892,rest,-11,-39,-5,0,4,2,0,-1
158.876293,18893,rest,-2,12,-2,-2,-8,-2,-2,1
158.878764,18894,rest,-7,28,0,5,9,-3,2,0
158.878775,18895,rest,20,16,5,2,-4,0,-6,23
158.890559,18896,rest,27,10,2,1,-3,4,0,5
158.890583,18897,rest,-61,-42,-5,-1,7,-1,-1,-21
158.891971,18898,rest,-3,33,4,-1,-4,0,0,11
158.891976,18899,rest,-7,-9,-2,-3,-4,-2,2,-15
158.914147,18900,rest,-12,-15,0,-1,2,1,6,-6
158.914232,18901,rest,26,-2,1,0,-9,-3,-5,12
158.914234,18902,rest,-3,5,-3,-4,5,-19,0,-7
158.914237,18903,rest,14,-2,0,-2,-29,16,0,-7
158.936292,18904,rest,-40,-16,-2,-2,3,-1,1,0
158.936309,18905,rest,18,2,1,-1,-7,1,0,0
158.938123,18906,rest,-14,44,-2,-4,9,0,2,6
158.938130,18907,rest,7,-58,-5,-5,6,-11,-10,-35
158.950571,18908,rest,18,18,4,4,8,0,-6,5
158.950596,18909,rest,-26,-61,-7,-5,-11,-4,0,5
158.952082,18910,rest,-53,6,4,-1,-9,1,-3,-1
158.952092,18911,rest,44,36,-1,0,9,-2,-1,-6
158.974564,18912,rest,10,8,-1,-2,-2,4,-1,-6
158.974579,18913,rest,-17,26,0,3,9,-3,-1,4
158.974584,18914,rest,27,-21,0,-5,-4,2,3,2
158.974589,18915,rest,-20,2,-2,1,2,0,1,-1
158.996370,18916,rest,-1,-11,-2,0,4,2,-2,-6
158.996395,18917,rest,18,9,3,-2,-26,-8,-1,20
158.998345,18918,rest,-19,-36,-7,-4,-4,3,1,-27
158.998354,18919,rest,-13,-19,-1,-1,0,-2,3,2
159.010587,18920,rest,7,12,-3,-3,-5,-4,-3,3
159.010611,18921,rest,4,18,1,1,3,-1,-3,-14
159.013150,18922,rest,12,3,-1,-1,-4,1,6,3
159.013158,18923,rest,-27,-18,-1,-2,-9,-5,0,7
159.034944,18924,rest,42,13,-4,-1,2,2,-2,-2
159.034951,18925,rest,-71,-38,-4,1,5,2,-2,-11
159.034953,18926,rest,-14,10,-3,0,-6,1,-2,4
159.034955,18927,rest,2,11,-1,-2,4,-4,-1,7
159.056370,18928,rest,-11,-6,0,-2,-1,-2,0,0
159.056390,18929,rest,21,29,1,2,5,0,0,5
159.057400,18930,rest,20,-57,-2,-1,-3,-2,-4,6
159.057406,18931,rest,-20,-11,2,-1,4,-2,-2,-7
159.070632,18932,rest,2,1,-4,-2,-1,-3,-2,-3
159.070651,18933,rest,4,11,-2,0,4,0,-1,1
159.071605,18934,rest,-2,11,1,0,3,1,-4,6
159.071610,18935,rest,16,7,0,-1,-4,1,-1,-5
159.095157,18936,rest,-16,-12,2,0,7,-1,-1,-2
159.095171,18937,rest,7,3,-1,0,3,1,1,5
159.095175,18938,rest,18,13,-1,-5,-9,0,-3,-5
159.095179,18939,rest,-6,4,-2,0,2,0,0,-8
159.116373,18940,rest,-1,7,-1,3,1,0,-2,48
159.116408,18941,rest,19,-3,3,1,4,-2,-5,-5
159.117786,18942,rest,17,71,-1,-3,-1,3,-2,22
159.117792,18943,rest,6,-51,0,0,-4,-24,-2,-7
159.129930,18944,rest,-29,-6,-8,-7,0,12,0,-14
159.129955,18945,rest,8,9,-1,-4,-6,3,1,3
159.140697,18946,rest,17,26,0,4,-2,2,3,3
159.140705,18947,rest,-36,42,-2,-4,3,2,0,4
159.154932,18948,rest,24,-66,-2,-3,-16,-10,-1,-9
159.154943,18949,rest,-36,-14,3,-1,9,-4,0,-4
159.154948,18950,rest,-1,-39,-7,-1,2,-1,-4,-16
159.154953,18951,rest,7,14,3,1,10,0,-1,3
159.176504,18952,rest,-14,4,-1,-1,-9,0,0,-12
159.176522,18953,rest,20,6,-1,1,15,6,3,38
159.178545,18954,rest,12,16,3,3,1,-3,-1,5
159.178554,18955,rest,-20,-35,-3,0,3,2,-3,0
159.190739,18956,rest,7,9,2,1,-2,-1,-8,-5
159.192921,18957,rest,14,-17,-2,-2,-9,-5,-1,-3
159.192927,18958,rest,-17,3,0,-1,1,-1,1,-2
159.192930,18959,rest,12,39,1,2,1,4,0,7
159.213371,18960,rest,2,-5,-1,-5,-4,-2,1,-32
159.213405,18961,rest,-31,-13,-3,-2,-6,-3,0,-8
159.215339,18962,rest,27,-7,-1,-1,2,2,1,-3
159.215348,18963,rest,-13,-38,-2,-1,-6,1,-5,-10
159.236855,18964,rest,-28,21,-2,0,2,-2,1,-2
159.236879,18965,rest,16,19,-3,-1,17,-3,-4,-5
159.237149,18966,rest,-16,-38,-1,-1,-26,1,1,5
159.237164,18967,rest,7,2,-3,-1,-6,-18,-2,-11
159.250119,18968,rest,-12,-5,-1,-2,6,17,0,4
159.250154,18969,rest,3,8,2,2,4,0,-1,-4
159.258683,18970,rest,16,31,1,-2,4,4,-2,-43
159.258713,18971,rest,-13,-36,-4,0,1,-5,-4,11
159.273588,18972,rest,-10,-6,-2,1,-5,-10,-3,-2
159.273621,18973,rest,14,14,-4,-5,-7,-1,-3,11
159.276493,18974,rest,-28,-15,0,-1,6,-3,-1,-3
159.276500,18975,rest,17,18,-2,1,-5,4,0,1
159.296425,18976,rest,-5,20,5,1,1,-4,-8,4
159.296461,18977,rest,23,-14,-1,-2,-5,1,0,-15
159.297146,18978,rest,-33,27,-2,-1,1,-5,-2,4
159.297171,18979,rest,-32,-21,-3,-3,-2,5,3,4
159.310068,18980,rest,39,24,1,0,-1,2,5,5
159.310101,18981,rest,-44,-64,-9,-6,-1,-4,-1,-15
159.318174,18982,rest,-3,3,5,-1,-35,-2,-3,56
159.318200,18983,rest,6,15,-1,-5,-6,2,0,0
159.333334,18984,rest,12,-8,2,8,6,-4,1,-3
159.333359,18985,rest,-3,-3,-1,-1,-7,-2,0,-8
159.334449,18986,rest,0,-3,-1,0,17,-1,-2,-5
159.334454,18987,rest,0,10,-2,-1,-3,3,-2,-6
159.356261,18988,rest,8,-22,-1,-1,-5,-5,0,-6
159.356286,18989,rest,-29,4,1,-2,-4,-2,-2,-6
159.357135,18990,rest,4,-44,-4,0,10,1,-2,-9
159.357160,18991,rest,-21,14,0,-1,0,1,0,-1
159.369996,18992,rest,7,15,-4,-4,0,-4,0,-11
159.370020,18993,rest,26,10,1,2,2,1,-1,36
159.385626,18994,rest,-20,-7,-2,-6,0,-3,5,-8
159.385728,18995,rest,6,4,3,2,-4,-17,-5,-5
159.393131,18996,rest,26,-8,-6,-4,7,15,0,-1
159.393159,18997,rest,-18,19,2,5,-27,0,1,-10
159.395303,18998,rest,5,-15,-1,-1,6,1,4,-4
159.395323,18999,rest,30,7,-1,1,6,1,0,8
159.416187,19000,rest,-24,-3,-2,-4,-3,-9,0,3
159.416241,19001,rest,20,16,0,0,3,1,-1,45
159.416911,19002,rest,16,26,1,0,7,-2,-2,-4
159.416967,19003,rest,-3,-15,1,0,-4,0,-1,-1
159.429968,19004,rest,-22,5,4,2,0,-4,-3,-4
159.429996,19005,rest,17,-3,-9,-8,-9,2,-2,-26
159.438085,19006,rest,-16,-8,0,-1,-5,-4,-2,-1
159.438105,19007,rest,14,-4,-3,-1,7,6,1,12
159.453069,19008,rest,-8,18,4,2,-5,-1,-1,8
159.453088,19009,rest,-5,12,0,1,8,-4,-1,-11
159.454598,19010,rest,4,-7,0,-4,3,-1,-5,-2
159.454604,19011,rest,11,14,0,2,-2,4,2,-7
159.476277,19012,rest,16,-1,-4,-1,15,-3,-3,22
159.476300,19013,rest,-3,-11,-1,-1,4,-1,1,-10
159.476804,19014,rest,-12,4,-3,-1,2,-3,-6,-13
159.476983,19015,rest,-4,8,2,0,0,2,-1,-13
159.490345,19016,rest,9,0,0,-2,-1,-2,3,-3
159.490363,19017,rest,-16,-14,4,-4,0,1,-1,1
159.498320,19018,rest,27,29,-5,1,2,0,-9,6
159.498354,19019,rest,6,5,0,0,5,4,3,63
159.513277,19020,rest,14,12,1,0,-5,-1,1,0
159.513301,19021,rest,6,8,1,0,-1,-10,0,-9
159.515144,19022,rest,-18,-31,-1,0,-7,5,0,-2
159.515159,19023,rest,1,-6,2,-1,-8,15,1,-13
159.536278,19024,rest,0,-24,-4,-2,-5,-6,-4,-6
159.536307,19025,rest,24,12,2,0,0,0,-1,-2
159.536849,19026,rest,-34,1,3,6,-1,-6,-1,-6
159.536866,19027,rest,1,-18,-4,-4,-24,-7,-4,-7
159.550032,19028,rest,3,-4,-5,-4,-1,3,2,0
159.550054,19029,rest,16,-1,-1,2,3,-2,-5,0
159.558253,19030,rest,14,7,0,-1,-1,-1,2,4
159.558275,19031,rest,-6,1,-2,-6,1,-2,-3,-12
159.573430,19032,rest,-23,-25,4,2,2,1,-1,2
159.574849,19033,rest,-43,-32,-4,-1,0,-8,0,4
159.574854,19034,rest,35,14,-3,-5,2,0,4,0
159.574856,19035,rest,-10,0,0,0,2,-2,-2,-8
159.596522,19036,rest,-1,14,-1,-2,-6,-2,-2,-1
159.596582,19037,rest,3,17,0,-4,1,3,-2,-10
159.596899,19038,rest,-6,-40,-3,6,1,1,3,-2
159.596925,19039,rest,-24,29,0,2,8,-3,2,-61
159.618841,19040,rest,22,-17,-4,-4,-6,-2,3,1
159.618867,19041,rest,-7,-37,-2,-2,-12,0,-3,-4
159.620436,19042,rest,2,10,-2,-3,-3,-4,-1,3
159.620450,19043,rest,7,12,-1,0,-4,-14,-3,-5
159.633534,19044,rest,-11,10,-2,-2,-23,18,-1,-5
159.634896,19045,rest,6,9,0,1,-8,1,3,-2
159.634903,19046,rest,-7,13,0,-4,2,3,-2,1
159.634905,19047,rest,-19,-51,-6,-3,3,-4,-3,4
159.656569,19048,rest,-3,26,-1,-3,5,-8,-3,-2
159.656575,19049,rest,-4,-24,-3,3,5,1,-4,4
159.656912,19050,rest,-14,-3,1,-3,-3,-3,-1,-1
159.656923,19051,rest,11,11,3,-1,5,-3,-1,11
159.679127,19052,rest,-1,18,0,-1,1,-4,-2,0
159.680780,19053,rest,11,1,-1,4,3,2,0,-8
159.680789,19054,rest,-12,-7,-4,-3,3,-2,-1,-39
159.680792,19055,rest,0,-3,-3,0,0,-3,-1,2
159.693292,19056,rest,-19,-1,-4,-3,-5,-1,0,-4
159.693317,19057,rest,17,5,2,-2,13,-2,1,-1
159.694962,19058,rest,6,6,1,2,1,2,-1,12
159.694972,19059,rest,30,22,-1,-4,13,3,-1,10
159.717756,19060,rest,-16,-56,-2,1,-9,-5,-1,1
159.717762,19061,rest,-23,-39,-4,-1,8,0,-1,34
159.717764,19062,rest,9,7,-1,-2,-2,-2,-1,2
159.717767,19063,rest,-11,11,-1,-1,5,3,-1,-4
159.738952,19064,rest,6,19,2,3,8,-13,-1,20
159.738986,19065,rest,19,22,0,-5,-10,19,-6,-15
159.741038,19066,rest,-15,-10,2,7,3,0,0,5
159.741043,19067,rest,10,15,1,-1,-6,3,2,8
159.753231,19068,rest,-40,-51,-4,-1,-2,-5,-3,-17
159.753257,19069,rest,-8,15,0,-1,-5,-8,0,-4
159.753888,19070,rest,-2,34,-1,-4,-3,-1,-5,-37
159.753950,19071,rest,16,-68,-5,-5,-9,-2,-2,0
159.776339,19072,rest,-4,12,0,6,8,2,-3,-4
159.776360,19073,rest,-18,-2,-1,-1,-3,-2,2,-11
159.778389,19074,rest,44,21,1,1,14,1,-2,14
159.778400,19075,rest,-59,-20,-3,-4,-31,1,3,2
159.798962,19076,rest,-11,19,-3,-4,-4,-4,-1,3
159.798988,19077,rest,3,-39,-3,-1,-4,-2,-4,-14
159.799524,19078,rest,-2,-14,2,2,3,-1,0,2
159.799542,19079,rest,4,26,1,2,6,2,1,8
159.813219,19080,rest,25,54,1,-2,-11,1,-3,2
159.813233,19081,rest,0,-43,-4,-2,0,-2,1,-3
159.813958,19082,rest,13,20,-4,-3,-7,-13,-4,2
159.813982,19083,rest,25,-42,-1,0,9,10,-3,80
159.836253,19084,rest,8,31,4,3,11,14,2,5
159.836281,19085,rest,-6,36,1,0,0,-7,5,0
159.837674,19086,rest,-23,-6,3,-3,-9,4,-2,4
159.837681,19087,rest,10,3,1,-2,1,-10,-2,-26
159.861235,19088,rest,-18,-41,-3,-4,9,-2,1,-8
159.861246,19089,rest,-24,51,2,2,-7,2,-4,15
159.861250,19090,rest,-15,-54,-4,-1,10,-1,1,4
159.861252,19091,rest,14,17,1,0,-28,-1,-1,16
159.873493,19092,rest,4,-22,-2,2,1,1,-1,1
159.873518,19093,rest,2,37,2,1,4,0,1,-14
159.876226,19094,rest,-8,-40,-4,-3,-7,-1,1,7
159.876283,19095,rest,5,21,-1,0,12,1,-1,-18
159.896332,19096,rest,-10,-18,-1,-3,-7,-6,0,1
159.896359,19097,rest,31,24,-1,0,2,-2,1,6
159.896992,19098,rest,20,33,-1,-2,-12,0,-2,-2
159.897020,19099,rest,-36,-22,-2,1,5,0,-1,-14
159.918672,19100,rest,14,4,1,-2,-4,-3,-2,-3
159.918732,19101,rest,-11,25,1,1,4,-2,-4,-8
159.920191,19102,rest,-1,-23,-3,-3,-11,0,-1,7
159.920199,19103,rest,-1,-4,0,-2,1,-2,0,-16
159.933158,19104,rest,18,13,-1,0,-22,-4,0,-65
159.933178,19105,rest,-4,-16,-4,-2,0,-5,-4,17
159.935641,19106,rest,13,-23,0,-1,0,20,0,-2
159.935648,19107,rest,-16,-4,-1,1,-1,-4,-2,-5
159.956684,19108,rest,10,9,0,-2,5,1,-8,-8
159.956693,19109,rest,5,32,-1,-2,-3,-7,-1,-31
159.956956,19110,rest,-2,-45,1,0,-2,-8,-4,9
159.956990,19111,rest,3,28,0,-1,10,2,-1,-14
159.979104,19112,rest,-7,23,-3,-2,5,-4,0,19
159.981076,19113,rest,-1,-40,-2,-1,2,-1,2,-8
159.981088,19114,rest,-4,31,-5,-7,-8,-4,-3,2
159.981090,19115,rest,2,-2,-2,4,7,1,-1,6
159.993256,19116,rest,0,9,3,0,-4,-1,-1,13
159.993282,19117,rest,-8,1,0,1,3,1,1,8
159.994473,19118,rest,3,-12,1,-2,-8,1,2,-4
159.994479,19119,rest,19,30,3,-2,-2,-2,1,3
160.017551,19120,rest,-13,-58,-5,3,1,0,-1,7
160.017559,19121,rest,20,-11,-4,-4,-5,-1,-2,-1
160.017561,19122,rest,-52,1,1,4,10,-3,1,-5
160.017563,19123,rest,8,9,-1,-5,1,-1,-3,-10
160.038917,19124,rest,-11,11,3,-3,0,-6,-1,12
160.038951,19125,rest,5,-5,-2,-3,0,-2,1,2
160.040794,19126,rest,31,9,-4,0,-5,-5,0,2
160.040799,19127,rest,-9,9,-1,1,1,-2,-2,-48
160.053145,19128,rest,3,-41,-5,-1,0,4,0,6
160.053178,19129,rest,9,7,2,0,-4,-21,-2,2
160.053944,19130,rest,-2,8,0,-4,1,15,3,0
160.053965,19131,rest,-15,-36,0,1,0,-1,-9,-12
160.076464,19132,rest,2,5,-1,-1,-3,2,-4,12
160.076498,19133,rest,-8,-15,-2,-2,-6,0,-2,-3
160.078991,19134,rest,16,37,-1,2,7,-8,0,-11
160.079002,19135,rest,8,6,-3,-5,-13,-2,1,-2
160.099002,19136,rest,-10,7,-2,5,-6,1,4,-1
160.099037,19137,rest,-17,-56,-5,1,10,5,0,14
160.099582,19138,rest,-8,14,1,-4,-24,-3,0,5
160.099602,19139,rest,19,-21,-5,-3,-8,2,0,10
160.113271,19140,rest,-27,41,-2,-3,5,-3,0,4
160.113293,19141,rest,-8,-4,0,-2,-5,4,-1,-2
160.113887,19142,rest,9,3,0,2,3,-1,-1,-6
160.113913,19143,rest,-22,-1,0,1,5,-3,0,8
160.136447,19144,rest,26,11,2,-2,-5,1,-2,-7
160.136467,19145,rest,-53,-9,1,1,2,2,1,-6
160.138144,19146,rest,-21,-23,-1,-5,3,0,-1,6
160.138149,19147,rest,26,31,0,0,-1,-9,0,8
160.161470,19148,rest,30,5,0,-4,2,0,0,0
160.161487,19149,rest,2,-2,0,2,-1,6,2,-13
160.161492,19150,rest,-6,-13,1,-4,1,-5,-5,36
160.161497,19151,rest,-4,-6,-4,6,11,4,8,31
160.173722,19152,rest,-14,-14,-1,-3,7,-19,-2,-5
160.173754,19153,rest,42,-11,-3,-3,-8,20,-1,-3
160.173759,19154,rest,-17,-28,-5,-2,2,-2,0,-8
160.173763,19155,rest,-7,1,0,-3,-12,1,-2,-12
160.196382,19156,rest,-1,-5,-1,-2,3,0,0,5
160.196410,19157,rest,-8,33,1,-1,0,-9,-3,10
160.198109,19158,rest,20,19,0,2,2,-2,1,-17
160.198118,19159,rest,12,-11,3,-1,3,0,-2,2
160.218857,19160,rest,-53,5,-4,0,-2,0,0,-10
160.218884,19161,rest,-5,0,2,-2,-4,0,0,3
160.220559,19162,rest,39,23,-2,-2,-4,-2,-2,-2
160.220565,19163,rest,-20,-58,-7,-3,2,-4,-2,-11
160.232446,19164,rest,-15,-10,1,-6,-6,1,-3,8
160.232465,19165,rest,11,4,-1,1,1,0,1,1
160.240559,19166,rest,-9,-13,-2,2,-1,0,1,22
160.240578,19167,rest,7,33,2,1,0,-1,-2,2
160.256370,19168,rest,24,-10,-2,-5,-6,2,1,-46
160.256377,19169,rest,-17,-5,-4,0,19,-1,0,10
160.256845,19170,rest,11,8,2,0,-33,-5,1,-9
160.256860,19171,rest,-15,5,-2,-3,-7,-2,-3,2
160.278883,19172,rest,-6,-6,1,5,8,5,-7,-3
160.278906,19173,rest,15,-26,-3,-1,-7,-2,-2,-15
160.280720,19174,rest,0,13,-1,0,11,-3,-1,-5
160.280726,19175,rest,2,3,-3,-4,-3,2,0,-8
160.292559,19176,rest,13,12,5,2,-7,-22,-1,4
160.292586,19177,rest,-21,15,-4,-2,2,13,-2,19
160.300840,19178,rest,-32,4,-1,-3,6,3,-2,-1
160.300864,19179,rest,0,-2,-1,3,-2,0,0,3
160.315477,19180,rest,12,22,0,1,4,2,2,4
160.315511,19181,rest,8,-40,-3,-4,-8,-13,-5,-7
160.323393,19182,rest,0,0,1,2,5,-1,-2,8
160.323483,19183,rest,-15,5,-3,-4,1,0,-1,-2
160.338783,19184,rest,-13,3,-1,-1,-1,3,0,8
160.338808,19185,rest,11,21,0,-4,-14,-2,1,-3
160.339471,19186,rest,-2,10,0,1,-2,1,0,-26
160.339485,19187,rest,-13,-53,1,2,24,-4,-4,12
160.352493,19188,rest,28,1,-4,-3,-13,3,-1,7
160.352513,19189,rest,14,76,4,-3,-11,-1,-2,56
160.360713,19190,rest,-36,-71,-3,-1,19,-1,-1,-12
160.360746,19191,rest,4,25,2,7,5,1,3,-4
160.376515,19192,rest,27,-30,-2,1,-1,3,1,1
160.376542,19193,rest,-62,9,2,1,0,-4,-5,-15
160.379232,19194,rest,10,16,-2,-2,0,-5,-7,-3
160.379324,19195,rest,7,3,-1,-2,-6,-1,1,5
160.398786,19196,rest,-10,-8,-3,-3,1,2,-1,2
160.398806,19197,rest,34,5,-3,-3,-2,-2,4,-36
160.399757,19198,rest,-5,3,-1,-1,1,0,1,3
160.399784,19199,rest,-11,14,0,-1,-7,0,-4,-14
162.423739,19200,clench,6,15,10,-1,-7,0,4,-16
162.424022,19201,clench,-1,22,-10,-2,1,-7,5,9
162.425321,19202,clench,-15,-98,-42,-2,7,-12,-58,-17
162.425518,19203,clench,6,89,71,4,-12,13,49,-15
162.446254,19204,clench,8,-60,-6,-5,-5,13,-10,5
162.446280,19205,clench,-12,-79,-6,8,11,-3,20,8
162.448046,19206,clench,8,28,5,-4,-6,6,-13,13
162.448059,19207,clench,-2,-20,-26,0,4,-9,20,45
162.461600,19208,clench,4,29,-5,-7,-7,-8,-35,-31
162.461627,19209,clench,-6,-35,-4,3,14,4,-3,-2
162.463711,19210,clench,-17,42,0,-15,-25,-38,48,-3
162.463721,19211,clench,-4,-19,9,2,3,18,-51,-10
162.483647,19212,clench,9,-2,3,-3,-3,4,2,-16
162.483664,19213,clench,-5,36,-4,1,2,5,11,11
162.485298,19214,clench,-1,-29,-11,9,8,4,-12,-7
162.485378,19215,clench,3,19,4,-8,-11,-7,6,-8
162.506302,19216,clench,2,27,-11,-1,5,9,-3,13
162.506329,19217,clench,5,3,6,-5,-9,-6,-5,-19
162.508020,19218,clench,-10,56,15,5,6,12,11,6
162.508031,19219,clench,4,-84,-50,-4,7,-12,-50,-10
162.521309,19220,clench,-22,-4,32,-1,-8,1,-8,-13
162.521341,19221,clench,16,33,28,-7,-10,-8,24,1
162.522800,19222,clench,2,-5,12,-1,-2,8,6,26
162.522819,19223,clench,-11,-8,-12,-2,-8,-14,-14,-27
162.543906,19224,clench,-3,-34,-29,2,6,-4,-15,28
162.543947,19225,clench,-5,14,-6,-1,-6,-2,-2,12
162.546335,19226,clench,9,-20,21,3,2,3,2,-7
162.546345,19227,clench,-7,-26,-7,-2,2,1,-6,-6
162.566369,19228,clench,-7,-2,-21,-8,-2,-6,26,5
162.568261,19229,clench,3,90,22,-2,-7,-1,-29,-14
162.568271,19230,clench,17,13,8,5,4,0,-8,-2
162.568273,19231,clench,-3,-17,-20,2,0,-16,-4,-20
162.581400,19232,clench,-10,61,21,-7,3,6,10,-1
162.581428,19233,clench,0,-9,-8,-2,-13,3,-6,0
162.582832,19234,clench,-12,-38,-35,-3,-6,-18,-2,-31
162.582854,19235,clench,-8,41,16,1,0,22,37,6
162.604279,19236,clench,29,-30,15,8,13,9,-13,-2
162.604310,19237,clench,0,-29,-12,-6,1,0,4,18
162.606991,19238,clench,-13,23,10,0,0,2,-15,-15
162.606998,19239,clench,5,-47,-17,0,-2,-13,20,29
162.626501,19240,clench,-8,-2,-5,1,-6,4,-14,6
162.626532,19241,clench,0,-7,-4,1,-3,-12,31,-31
162.628869,19242,clench,8,6,15,-2,10,6,-63,31
162.628878,19243,clench,-17,49,5,0,-10,-4,13,7
162.640526,19244,clench,-1,8,0,-6,-13,-4,9,-1
162.640558,19245,clench,-14,-20,2,4,4,-5,-3,-20
162.647573,19246,clench,3,-25,-6,-8,-8,-2,4,-4
162.647604,19247,clench,10,7,3,3,12,10,31,-6
162.663706,19248,clench,4,-25,-8,4,5,-8,-25,11
162.663728,19249,clench,-11,-82,-38,6,-3,-32,4,-4
162.665503,19250,clench,6,39,73,10,32,57,8,0
162.665521,19251,clench,18,48,24,-13,-11,15,15,32
162.686562,19252,clench,10,-56,-13,-3,-3,-11,17,15
162.686572,19253,clench,-4,-11,-4,1,3,2,-7,5
162.687704,19254,clench,2,-41,-40,-4,-10,-17,-1,-11
162.687719,19255,clench,-21,15,-4,8,12,-5,-16,-11
162.701626,19256,clench,-3,-19,6,-4,-5,0,-14,-41
162.701634,19257,clench,-4,5,-6,-6,-4,-1,-8,15
162.707417,19258,clench,-1,24,0,2,-8,-12,10,22
162.707503,19259,clench,-1,-8,-13,-1,2,-8,-21,-32
162.723947,19260,clench,13,-35,-13,-8,-16,1,-21,-7
162.723973,19261,clench,-12,8,22,1,6,12,18,9
162.726066,19262,clench,-5,30,10,-6,-18,-7,10,5
162.726072,19263,clench,-39,-14,-13,2,1,-7,1,-4
162.747890,19264,clench,-24,12,3,5,4,-6,-23,-4
162.747898,19265,clench,6,4,-7,-4,8,9,-5,0
162.747991,19266,clench,20,-7,-1,-4,-12,7,-6,-11
162.748019,19267,clench,16,-3,-5,-6,-6,-13,3,-2
162.760775,19268,clench,6,12,1,4,4,0,18,11
162.760793,19269,clench,1,-12,-20,-1,2,-8,-5,7
162.767484,19270,clench,10,43,17,3,4,22,7,-2
162.767534,19271,clench,13,-18,1,-3,-6,-11,-17,-2
162.783910,19272,clench,5,17,2,-2,-3,-4,35,3
162.783989,19273,clench,10,-17,-7,-2,5,5,-44,-14
162.785334,19274,clench,-31,-42,-22,0,5,-18,46,33
162.785359,19275,clench,10,3,-6,1,2,13,-33,-19
162.805983,19276,clench,4,27,2,-3,-5,-5,-58,9
162.806009,19277,clench,-6,18,5,4,-8,-3,46,32
162.812506,19278,clench,-4,-3,-5,-2,-2,-9,-11,-17
162.812537,19279,clench,-6,20,6,-4,-5,2,4,6
162.820663,19280,clench,-6,-25,-11,-2,2,-8,6,-3
162.820688,19281,clench,20,-6,11,-1,-7,5,-18,20
162.827511,19282,clench,-5,24,1,8,2,-7,2,13
162.827547,19283,clench,3,1,2,3,2,-2,6,8
162.843649,19284,clench,-4,-5,-8,-1,4,-4,-16,-20
162.843671,19285,clench,-4,-2,16,-2,1,33,-5,-5
162.845380,19286,clench,16,-46,-14,-3,2,-7,37,-17
162.845413,19287,clench,-16,-16,8,-1,-10,3,-24,-2
162.866301,19288,clench,-3,3,17,3,4,1,16,-5
162.866331,19289,clench,-15,-21,5,1,4,-7,51,14
162.868153,19290,clench,-11,2,-14,-6,-6,-4,-74,-65
162.868160,19291,clench,9,-12,-14,-3,1,-4,14,32
162.880636,19292,clench,8,0,-6,-2,-5,7,12,-8
162.880665,19293,clench,9,-34,-28,-5,-7,-15,-2,-16
162.887349,19294,clench,-7,7,18,0,-12,-10,5,13
162.887375,19295,clench,11,18,7,-2,-5,6,-6,21
162.905260,19296,clench,11,-2,-4,2,7,6,22,-18
162.905266,19297,clench,-30,4,-2,-4,-7,-10,-16,-7
162.905320,19298,clench,9,-24,-23,-4,2,1,7,12
162.905392,19299,clench,-6,-8,-5,5,9,0,-11,-6
162.926870,19300,clench,-7,-1,4,-8,-1,13,7,11
162.926955,19301,clench,3,26,2,-1,-17,-11,-24,-18
162.929801,19302,clench,-2,-62,-27,2,13,2,-48,-9
162.929816,19303,clench,-8,63,43,10,8,-10,61,-2
162.940899,19304,clench,16,33,19,-7,-3,40,-24,20
162.940927,19305,clench,-2,3,2,-2,3,-2,10,8
162.949726,19306,clench,2,-11,7,-1,-1,10,9,-5
162.949737,19307,clench,8,-61,-28,1,3,-14,-13,-3
162.963905,19308,clench,-14,-6,-13,2,-7,-16,2,1
162.963934,19309,clench,-5,47,10,-4,-3,-2,-1,13
162.965710,19310,clench,-3,-26,-2,4,4,1,8,5
162.965726,19311,clench,-1,-11,-12,-4,-6,-6,-23,-15
162.986308,19312,clench,-5,32,8,-6,-3,3,20,-16
162.986335,19313,clench,20,-19,12,4,5,5,-2,12
162.987699,19314,clench,-8,30,6,0,-4,-5,14,-6
162.987719,19315,clench,-9,3,4,-3,-1,-3,-5,-18
163.000405,19316,clench,-6,-24,-17,4,8,-4,-2,-10
163.000427,19317,clench,-10,44,-15,4,-2,-15,-32,-39
163.009723,19318,clench,30,105,28,-6,-5,21,75,58
163.009729,19319,clench,7,-20,0,-3,-1,3,-80,17
163.023684,19320,clench,-13,-19,-7,0,-4,2,3,-27
163.023704,19321,clench,-1,-40,-14,-2,7,-1,-9,-2
163.025424,19322,clench,-16,-108,-86,0,2,-39,-29,-10
163.025449,19323,clench,7,119,81,-6,-4,65,90,0
163.047480,19324,clench,0,-70,-15,-3,-8,-18,-7,-4
163.047489,19325,clench,6,-24,11,0,-3,-3,-4,-5
163.048300,19326,clench,6,-14,-12,-8,-9,-8,-10,-5
163.048327,19327,clench,-24,-62,-31,-1,-1,-14,-17,-61
163.059997,19328,clench,-2,2,-3,3,4,-8,-9,9
163.062054,19329,clench,3,43,3,-6,-2,9,14,-4
163.069705,19330,clench,1,3,14,6,13,1,-8,-3
163.069713,19331,clench,3,-22,-17,-8,-12,-3,-1,18
163.083581,19332,clench,4,27,15,-2,-5,-1,12,20
163.083601,19333,clench,-2,1,-7,-1,-3,-8,-18,-6
163.085499,19334,clench,-5,1,12,-2,0,5,-5,-11
163.085528,19335,clench,5,-9,-26,-1,4,-18,-19,-2
163.107813,19336,clench,-13,16,0,10,5,-23,-1,-1
163.107821,19337,clench,9,11,44,-3,2,44,54,26
163.107824,19338,clench,2,-25,1,-6,-2,-1,-13,4
163.107826,19339,clench,-2,-7,0,0,-1,2,13,-12
163.119903,19340,clench,9,-62,-33,-6,-13,-42,-40,-20
163.119929,19341,clench,-14,9,-34,-3,13,27,-3,-3
163.130251,19342,clench,-11,74,85,7,-13,9,9,-1
163.130257,19343,clench,21,-33,-24,-4,2,-6,-7,4
163.143690,19344,clench,-7,3,3,0,0,-1,-3,-3
163.143708,19345,clench,4,-6,7,3,4,-13,-11,-40
163.145811,19346,clench,-5,-71,-33,1,19,11,8,-1
163.145819,19347,clench,0,93,36,-1,-20,-5,-11,2
163.166293,19348,clench,-8,7,16,-1,-2,12,32,4
163.168033,19349,clench,1,47,1,-2,-6,-8,-3,-35
163.168042,19350,clench,-10,-25,-18,-2,2,-1,-9,-1
163.168044,19351,clench,3,-84,-27,8,17,-25,-40,-1
163.190238,19352,clench,-6,106,25,-5,-16,8,16,43
163.190264,19353,clench,13,33,13,-6,-11,12,1,14
163.191641,19354,clench,5,-6,-17,-6,-8,-15,-24,1
163.191659,19355,clench,-8,-18,8,-2,-1,5,10,-7
163.203643,19356,clench,-11,-32,-30,-4,1,-10,-14,-3
163.203658,19357,clench,-3,-60,-13,7,5,-13,-6,15
163.205047,19358,clench,2,7,17,-2,-3,8,4,-6
163.205065,19359,clench,-2,-13,-48,9,23,-18,-31,12
163.226232,19360,clench,4,48,58,-1,-8,45,27,-28
163.226263,19361,clench,3,31,7,-11,-16,-6,14,3
163.228063,19362,clench,18,-22,-13,-6,-7,-8,-2,-14
163.228140,19363,clench,-2,-11,7,0,-5,-1,4,16
163.239934,19364,clench,-20,-57,-38,1,8,-12,-19,-13
163.239957,19365,clench,-7,-14,3,4,3,-5,-8,14
163.250146,19366,clench,-1,33,10,-1,-8,2,3,-6
163.250159,19367,clench,4,-20,-11,-3,1,-2,8,-13
163.271607,19368,clench,-1,-98,-85,12,36,-44,-34,2
163.271635,19369,clench,-3,89,98,3,-29,17,52,5
163.272932,19370,clench,27,9,-6,-14,-25,4,11,37
163.272955,19371,clench,6,-24,-8,-10,-10,-6,-3,6
163.286319,19372,clench,7,-50,-6,-5,-1,9,0,-19
163.286345,19373,clench,-15,-82,-44,3,9,-35,-31,-24
163.288922,19374,clench,-21,-10,-11,8,12,-5,-4,18
163.288929,19375,clench,12,29,33,-2,-7,17,22,19
163.299943,19376,clench,6,21,15,-2,-9,-9,1,25
163.299966,19377,clench,-3,-30,-32,-1,11,-6,-14,1
163.309966,19378,clench,-8,-53,-29,-5,-5,7,6,-20
163.309973,19379,clench,-6,65,36,12,12,1,-3,15
163.323725,19380,clench,7,-6,18,3,-1,7,12,5
163.323752,19381,clench,-9,-2,-2,0,-3,-34,-36,-8
163.326004,19382,clench,14,-7,-7,-3,18,61,23,26
163.326011,19383,clench,-4,-100,-27,-3,9,-6,9,13
163.346427,19384,clench,22,67,3,5,-15,8,-8,-11
163.346454,19385,clench,-36,8,-7,-12,-14,10,41,28
163.347713,19386,clench,3,18,4,0,-8,-55,22,-27
163.347824,19387,clench,-18,15,20,-11,-5,17,-48,-65
163.376321,19388,clench,12,-8,13,-5,-2,14,12,21
163.376326,19389,clench,11,-31,-28,2,3,-13,-13,0
163.377635,19390,clench,-9,12,-2,3,4,-6,-7,-21
163.377657,19391,clench,-11,3,-40,-2,-4,2,23,-2
163.383658,19392,clench,-3,9,31,5,-4,-29,-3,0
163.383679,19393,clench,34,3,-2,2,4,16,20,29
163.385347,19394,clench,-40,-14,15,4,1,-9,-21,-41
163.385353,19395,clench,-2,16,-21,-3,-9,2,-3,48
163.407523,19396,clench,-45,11,16,-4,3,1,4,8
163.407529,19397,clench,8,-21,-6,6,8,-3,-12,-3
163.407905,19398,clench,34,-76,-16,2,-4,10,8,12
163.407915,19399,clench,8,83,37,-6,-3,-13,-3,-7
163.428833,19400,clench,8,-21,-15,-3,-6,7,-32,-13
163.428918,19401,clench,2,8,-1,0,2,3,22,15
163.430648,19402,clench,-5,7,-16,-2,-3,-5,2,25
163.430657,19403,clench,-3,-18,1,1,0,-13,7,-18
163.443801,19404,clench,12,13,17,-2,6,29,41,14
163.443882,19405,clench,-9,-1,-6,2,-4,-21,-35,-33
163.446208,19406,clench,7,16,-12,-12,-13,-14,-16,-7
163.446218,19407,clench,-21,-18,-10,3,3,-2,16,6
163.466335,19408,clench,6,-2,-6,-4,-7,-9,-4,-17
163.466360,19409,clench,9,-101,-37,-2,5,13,-19,-6
163.467812,19410,clench,-7,88,38,1,0,-5,6,-12
163.467820,19411,clench,-8,62,21,4,0,6,16,48
163.488609,19412,clench,13,-42,3,-1,-5,-9,-30,-27
163.488658,19413,clench,-14,-20,-18,-2,-2,1,-15,1
163.490060,19414,clench,-11,-12,6,-1,0,-4,-25,-12
163.490108,19415,clench,18,-54,-10,-3,-6,-8,8,-22
163.503070,19416,clench,-25,-30,-21,1,3,7,23,-1
163.503098,19417,clench,15,87,20,-5,-8,5,-8,26
163.510120,19418,clench,11,-24,5,-1,5,7,-7,16
163.510151,19419,clench,-11,72,4,2,-8,-6,-28,-23
163.526331,19420,clench,5,-43,-15,-9,8,5,37,16
163.526351,19421,clench,-8,-13,10,-2,6,5,-28,-21
163.528091,19422,clench,-16,76,7,1,-7,-12,8,-2
163.528106,19423,clench,11,-62,-9,-4,-6,-20,-46,-32
163.548896,19424,clench,-5,42,10,4,-3,4,45,10
163.548925,19425,clench,5,1,2,-1,-3,3,-13,-23
163.550445,19426,clench,5,-9,11,5,3,-5,-11,-2
163.550466,19427,clench,7,-128,-32,0,7,20,17,8
163.564717,19428,clench,1,115,16,-3,1,-12,-11,8
163.564725,19429,clench,6,16,8,-10,-9,-7,-27,34
163.569886,19430,clench,-20,5,7,5,2,0,17,-11
163.569910,19431,clench,-17,-15,-12,-1,-7,-10,4,-8
163.586210,19432,clench,-10,-53,2,-3,-3,12,-12,0
163.586236,19433,clench,22,-13,1,6,8,0,10,8
163.588292,19434,clench,-3,3,-18,-4,5,1,-7,-13
163.588305,19435,clench,16,54,24,-2,-1,1,-14,17
163.610300,19436,clench,2,-35,-26,1,-4,-9,-14,-15
163.610314,19437,clench,-6,25,17,-3,22,31,7,-20
163.610320,19438,clench,7,-44,-10,2,-25,-27,39,27
163.610324,19439,clench,-5,-39,-13,-7,1,28,6,-45
163.623025,19440,clench,4,-4,1,6,6,-6,-29,2
163.623050,19441,clench,0,-46,-27,1,7,-3,26,0
163.629864,19442,clench,-37,-30,15,-12,0,2,46,-31
163.629889,19443,clench,13,-26,-10,-4,-8,-7,-62,11
163.646231,19444,clench,-1,9,4,-5,-4,5,7,-1
163.646254,19445,clench,-4,24,-3,2,-1,-4,14,-5
163.647903,19446,clench,11,-26,2,1,3,3,-17,8
163.647911,19447,clench,-9,73,-3,3,-7,-8,40,1
163.668671,19448,clench,-17,-36,13,-6,-3,-7,-37,-36
163.668691,19449,clench,-5,26,-6,0,3,7,25,4
163.670650,19450,clench,7,96,1,2,1,-3,-34,0
163.670661,19451,clench,-13,-49,13,1,6,7,9,41
163.683065,19452,clench,8,99,-20,-11,-26,-34,21,12
163.683085,19453,clench,19,-56,11,-1,-18,-6,-2,-5
163.689886,19454,clench,-1,-81,-16,-4,-4,6,-32,-12
163.689945,19455,clench,4,60,6,-1,-2,-3,6,-3
163.706761,19456,clench,-7,-40,-9,6,15,-3,-8,-7
163.706780,19457,clench,-17,5,-13,-4,-10,-15,36,6
163.708040,19458,clench,18,-20,7,1,12,8,-29,-20
163.708059,19459,clench,1,16,6,-4,-8,-9,62,13
163.728918,19460,clench,-21,-106,-38,0,5,3,-56,0
163.728950,19461,clench,3,53,36,-2,-6,7,-30,6
163.730708,19462,clench,8,41,17,10,13,14,0,21
163.730716,19463,clench,11,-14,-12,-3,7,11,16,-15
163.743248,19464,clench,26,-7,0,-1,-3,-1,8,-5
163.743286,19465,clench,-48,-60,-37,-7,-5,-10,-7,-41
163.749799,19466,clench,-4,40,26,10,9,0,8,17
163.749818,19467,clench,-7,-33,-2,-2,3,-20,-34,10
163.766950,19468,clench,26,48,6,-10,-16,7,17,23
163.766961,19469,clench,-10,-48,-17,5,12,-3,10,-11
163.767839,19470,clench,1,-21,3,-7,-13,0,6,14
163.767856,19471,clench,-2,53,23,16,17,5,2,-6
163.788636,19472,clench,-19,5,7,-3,0,6,2,-19
163.788654,19473,clench,-4,-44,-24,-4,-5,-5,33,5
163.790138,19474,clench,-2,36,-11,-2,-5,-3,-52,1
163.790148,19475,clench,-2,-58,-3,5,1,-4,-4,-10
163.804056,19476,clench,-4,-3,9,-4,5,0,20,8
163.804087,19477,clench,8,45,9,1,-2,3,-40,12
163.809904,19478,clench,18,26,-11,-8,2,19,30,25
163.809926,19479,clench,2,-16,-15,-6,-3,8,18,-1
163.826265,19480,clench,1,-5,4,3,5,14,-20,-11
163.826283,19481,clench,-11,14,9,0,-15,-19,5,-21
163.828524,19482,clench,11,17,5,1,11,3,30,20
163.828560,19483,clench,-6,17,6,-5,-14,-16,-64,-18
163.848714,19484,clench,6,-21,-20,-8,-9,6,15,4
163.848735,19485,clench,3,-18,11,10,8,0,-26,-7
163.850153,19486,clench,1,21,6,-3,-8,-5,29,-19
163.850252,19487,clench,-20,-24,10,-4,3,3,6,8
163.863050,19488,clench,6,22,11,3,8,2,-6,17
163.863077,19489,clench,2,15,33,-1,-5,-4,-6,-1
163.870080,19490,clench,-5,33,-3,3,3,-9,-19,-3
163.871227,19491,clench,5,-38,-14,-3,-6,-2,12,-12
163.886285,19492,clench,-8,-12,-10,-2,-4,-4,13,14
163.886311,19493,clench,4,9,-5,-1,6,1,-41,6
163.888746,19494,clench,-10,-55,-17,-1,2,-1,-1,-10
163.888752,19495,clench,15,-17,-5,-1,-4,-5,15,-12
163.909485,19496,clench,-23,25,7,1,3,15,-5,-8
163.909494,19497,clench,23,55,3,0,0,-1,12,95
163.910044,19498,clench,-35,-27,-9,-6,-4,12,-38,-52
163.910077,19499,clench,3,8,-12,0,-10,-4,-7,-8
163.931405,19500,clench,12,-3,22,3,-2,-9,9,30
163.931519,19501,clench,-11,-30,-2,5,11,6,11,-6
163.933695,19502,clench,21,-10,0,-6,-2,-14,-14,17
163.933702,19503,clench,-8,-12,-22,-6,-4,31,17,1
163.946405,19504,clench,-5,62,25,4,0,-5,4,-6
163.946430,19505,clench,2,-23,-9,-4,-2,-2,-4,-19
163.948186,19506,clench,10,35,13,9,-3,-13,-21,-7
163.948196,19507,clench,-16,31,7,-4,5,-11,2,-21
163.968704,19508,clench,-13,-39,-24,-9,-11,-4,9,5
163.968730,19509,clench,3,19,-5,-11,-4,-10,-6,-16
163.970808,19510,clench,-4,-30,0,4,-3,-1,2,6
163.970814,19511,clench,9,-20,-20,3,10,-4,-24,0
163.982564,19512,clench,6,84,23,3,-8,-13,4,-18
163.982591,19513,clench,4,-37,15,-3,-10,-2,1,-18
163.992352,19514,clench,-7,-60,-16,-3,1,0,14,59
163.992365,19515,clench,-8,71,15,1,-3,7,19,23
164.006287,19516,clench,4,0,-21,2,10,-18,-25,-11
164.006316,19517,clench,-1,-70,-6,-5,11,35,29,-30
164.007705,19518,clench,5,94,35,0,-21,-9,-5,-18
164.007725,19519,clench,-4,-26,-5,-2,-3,-9,6,15
164.028633,19520,clench,-7,-12,2,5,7,-1,-7,-4
164.030089,19521,clench,-4,-10,-14,-3,-10,-11,-13,-13
164.034781,19522,clench,1,-40,-17,1,11,3,0,-15
164.034798,19523,clench,4,12,5,-5,-7,-14,-27,59
164.042517,19524,clench,-8,-29,-1,-4,5,16,43,-7
164.044988,19525,clench,13,-1,10,0,-9,8,2,15
164.052206,19526,clench,-3,-9,-11,-6,-3,-2,11,-5
164.052211,19527,clench,8,14,-6,0,0,-8,-13,-3
164.066374,19528,clench,-2,-50,-14,-1,-1,-5,-31,-12
164.066381,19529,clench,-3,56,12,5,1,-12,2,-5
164.067600,19530,clench,-19,26,-7,2,0,-6,33,4
164.067628,19531,clench,5,1,15,-5,6,18,-19,-21
164.088931,19532,clench,3,-9,0,-1,8,12,-9,-15
164.090616,19533,clench,-7,7,-8,-2,-3,-7,10,20
164.090622,19534,clench,12,-29,-11,0,2,-2,-20,18
164.090624,19535,clench,-5,-17,-6,-1,-8,-4,19,-7
164.102555,19536,clench,-7,9,-7,4,18,4,18,-1
164.102584,19537,clench,14,-53,-12,0,-6,-3,32,29
164.113370,19538,clench,-27,6,16,-9,-19,1,0,-36
164.113382,19539,clench,3,-35,-5,-1,1,4,0,-12
164.126687,19540,clench,19,8,3,-1,-7,-5,-9,18
164.126725,19541,clench,-18,-34,-18,-2,3,-11,-8,-19
164.129545,19542,clench,0,22,-11,-2,2,-21,20,-1
164.129556,19543,clench,0,-2,22,7,2,14,-11,-19
164.148850,19544,clench,11,12,-13,-8,-4,0,-20,-3
164.148874,19545,clench,-14,26,-4,-4,-6,0,-1,11
164.150362,19546,clench,7,-32,-5,-5,-6,-7,-13,-38
164.150394,19547,clench,-15,-20,-1,3,4,-1,12,11
164.162574,19548,clench,-14,7,-13,0,0,-16,-10,-13
164.162613,19549,clench,1,61,30,-2,-8,14,-5,-7
164.171790,19550,clench,-5,-28,-7,-6,-10,5,-21,2
164.171795,19551,clench,19,34,-9,-2,3,-9,16,-5
164.186168,19552,clench,10,-71,5,2,2,0,-1,2
164.186192,19553,clench,1,35,-20,-1,3,-6,-32,24
164.189204,19554,clench,11,44,15,6,20,18,-8,66
164.189210,19555,clench,-13,-14,4,-5,-12,-1,-6,-25
164.209216,19556,clench,-13,-10,-5,-4,-19,-10,-12,15
164.209243,19557,clench,-1,-6,-8,-3,3,-7,-10,-9
164.210565,19558,clench,-1,-33,3,2,-4,-8,1,-15
164.210612,19559,clench,4,68,-19,-3,6,0,-2,5
164.225165,19560,clench,-3,-88,16,6,7,-6,20,-1
164.225173,19561,clench,5,84,16,-5,-15,-6,10,-9
164.232199,19562,clench,-4,-13,-4,2,12,15,-24,-7
164.232207,19563,clench,-4,-21,-2,-4,-4,-3,7,-19
164.246253,19564,clench,-3,68,2,-4,-14,-1,24,5
164.246275,19565,clench,-5,-23,-1,0,8,-2,-39,-26
164.248111,19566,clench,11,-11,-7,-1,-5,-5,52,21
164.248117,19567,clench,1,-12,2,2,-4,0,-7,9
164.269197,19568,clench,9,4,-3,1,2,-1,7,7
164.269206,19569,clench,-7,-24,-9,2,8,-7,-13,1
164.270158,19570,clench,-7,23,-13,-11,-7,5,-24,-21
164.270175,19571,clench,16,-8,23,1,-4,-10,3,-5
164.282571,19572,clench,-15,-19,1,2,-1,7,-15,-38
164.282593,19573,clench,4,28,-8,-5,12,-8,5,-15
164.292415,19574,clench,0,15,-7,-3,-28,-18,-10,-17
164.292430,19575,clench,-19,-79,-11,-4,-3,15,2,12
164.306151,19576,clench,4,120,43,1,0,-19,-6,-7
164.306179,19577,clench,30,3,-3,1,-2,15,7,6
164.308042,19578,clench,-27,-14,0,2,14,0,22,9
164.308064,19579,clench,5,4,-4,-2,-1,-12,-37,-7
164.328926,19580,clench,1,-7,-19,-6,-6,8,-20,-13
164.328950,19581,clench,-5,-47,-7,0,5,2,4,-3
164.331077,19582,clench,1,-7,2,2,4,1,17,-2
164.331084,19583,clench,-4,-28,-14,0,-4,-19,-31,6
164.351104,19584,clench,-7,45,9,-7,9,19,51,11
164.351129,19585,clench,-8,16,13,1,-5,13,6,-6
164.352774,19586,clench,11,-55,-10,-1,1,-7,-3,4
164.352995,19587,clench,-6,-47,9,1,-1,3,-15,5
164.366191,19588,clench,7,65,-26,-3,-6,-9,-4,-23
164.366209,19589,clench,-11,-2,13,4,-2,-11,5,-2
164.367614,19590,clench,12,37,16,0,3,1,-16,6
164.367633,19591,clench,3,-4,-28,-2,16,20,27,-17
164.388655,19592,clench,-1,58,13,0,-5,-12,9,25
164.388680,19593,clench,6,-19,23,5,-9,3,-32,-7
164.390217,19594,clench,2,-19,-9,2,5,8,-5,-14
164.390234,19595,clench,-12,20,-4,1,-8,-24,8,21
164.411265,19596,clench,2,-83,-17,4,15,24,-3,28
164.411290,19597,clench,-5,-27,5,0,4,4,1,-2
164.412818,19598,clench,0,-8,-5,-9,0,13,20,-2
164.412841,19599,clench,-3,35,7,-3,-12,0,9,-25
164.427209,19600,clench,5,-23,-14,0,1,-8,-9,8
164.427275,19601,clench,-9,-82,-30,-5,-5,-10,-9,-15
164.427684,19602,clench,2,69,26,1,-2,-9,-23,8
164.427702,19603,clench,-15,11,7,-3,4,8,29,16
164.448720,19604,clench,-9,-26,-2,4,-2,-10,-33,-5
164.448750,19605,clench,10,-77,-18,-5,-2,3,19,8
164.450594,19606,clench,10,57,23,1,-1,-6,-1,-25
164.450601,19607,clench,-9,-1,14,4,-6,-3,11,17
164.472746,19608,clench,-8,43,0,-7,-8,-1,-33,-67
164.472753,19609,clench,-7,5,-10,-3,-3,-5,54,20
164.472756,19610,clench,3,-67,-43,-4,-3,3,-8,5
164.472758,19611,clench,6,-9,15,6,22,7,-64,7
164.487892,19612,clench,1,27,25,-5,-21,-8,0,-16
164.487897,19613,clench,17,45,-2,-1,-7,19,26,17
164.487899,19614,clench,-3,-5,0,-5,-7,-9,-9,-3
164.487901,19615,clench,-15,-49,-24,-7,-1,-2,14,-2
164.508800,19616,clench,-7,-50,-12,-1,4,-5,2,9
164.508831,19617,clench,11,54,13,1,9,-13,-24,-15
164.510531,19618,clench,-21,-15,-17,-1,-12,-2,-6,-6
164.510537,19619,clench,15,-22,2,1,2,10,15,-14
164.531646,19620,clench,-10,-40,7,2,-3,7,18,35
164.533394,19621,clench,-20,50,6,-3,3,-6,-15,-12
164.533410,19622,clench,8,-7,1,2,5,-10,4,6
164.533412,19623,clench,18,38,-10,-3,-7,-6,12,1
164.545581,19624,clench,-2,-49,-13,-1,6,13,6,2
164.545605,19625,clench,2,-5,1,7,7,-5,-2,0
164.552241,19626,clench,-28,-47,-14,-2,2,-4,-13,1
164.552259,19627,clench,12,99,20,-2,13,1,1,-22
164.568613,19628,clench,11,-70,-6,-4,-9,9,-34,-5
164.568635,19629,clench,-28,-2,-9,-3,15,3,42,-5
164.570144,19630,clench,19,59,41,2,-22,6,-12,24
164.570189,19631,clench,1,-10,-5,0,-9,0,7,-7
164.591349,19632,clench,0,3,-4,1,0,-11,0,9
164.593718,19633,clench,-16,-29,-23,-2,3,3,-7,-16
164.593724,19634,clench,-12,-23,-4,4,7,-1,-2,-7
164.593727,19635,clench,-1,-35,-10,3,1,-3,-16,-14
164.605617,19636,clench,5,71,9,-5,0,17,15,21
164.605643,19637,clench,3,-14,9,4,-8,-7,-27,-3
164.612655,19638,clench,-2,-16,9,2,8,-5,12,-10
164.612696,19639,clench,-18,-21,-3,0,-2,-7,-3,1
164.631134,19640,clench,10,28,-11,-3,2,8,-3,-1
164.631152,19641,clench,-2,10,4,-1,-7,-4,2,2
164.631155,19642,clench,20,-71,-15,-4,0,-3,-12,-2
164.631157,19643,clench,5,6,-13,-3,-9,-17,-33,5
164.651224,19644,clench,-3,21,28,1,7,11,64,-13
164.651281,19645,clench,-2,8,5,1,-1,1,-26,21
164.653052,19646,clench,3,-10,-21,-11,-2,9,44,-5
164.653057,19647,clench,-11,21,8,-3,-10,-8,-46,15
164.665603,19648,clench,8,-18,-19,6,17,-23,-49,-5
164.665632,19649,clench,13,-54,-4,-2,-25,1,33,-27
164.673198,19650,clench,-26,-45,-8,-1,7,6,-11,-15
164.673224,19651,clench,2,97,51,6,-3,6,50,14
164.689072,19652,clench,2,19,-12,-6,12,2,-15,1
164.689100,19653,clench,2,-38,-7,4,-7,-8,-1,10
164.691724,19654,clench,-3,-20,-3,5,1,-5,-11,-10
164.691732,19655,clench,-8,-25,-22,-8,1,2,41,-2
164.711327,19656,clench,-2,14,32,2,2,-14,-31,-23
164.711358,19657,clench,-9,14,-7,-9,-5,15,-21,2
164.713974,19658,clench,-6,32,-7,-5,1,3,-1,2
164.713982,19659,clench,-23,5,4,3,0,1,11,-1
164.725397,19660,clench,0,-68,-27,2,-8,-21,2,1
164.725419,19661,clench,0,98,-2,-6,9,-12,-13,-22
164.732440,19662,clench,22,65,33,-1,-12,25,18,12
164.732462,19663,clench,15,-72,-19,-2,1,-5,-13,-17
164.748854,19664,clench,-8,-8,3,-3,-13,-1,-5,1
164.748880,19665,clench,1,6,-7,2,2,-7,4,6
164.750409,19666,clench,-32,10,-9,3,10,-3,-8,6
164.750425,19667,clench,9,-22,-6,-4,9,7,7,-2
164.771970,19668,clench,2,6,-17,-5,-8,22,20,1
164.771977,19669,clench,-5,-6,31,9,-1,-13,-3,18
164.772716,19670,clench,4,11,-5,-12,-9,-11,-25,-8
164.772734,19671,clench,-2,-18,-7,-1,-8,-2,20,-7
164.784850,19672,clench,10,4,0,-6,-4,1,-24,1
164.784878,19673,clench,-1,-34,-12,-4,7,7,-2,26
164.795163,19674,clench,10,55,-10,1,-4,-9,28,-13
164.795174,19675,clench,-16,-66,-23,5,5,-23,-69,23
164.808633,19676,clench,9,78,89,11,15,41,84,17
164.808659,19677,clench,16,-4,4,-6,-17,-5,7,13
164.810777,19678,clench,15,-33,-14,-1,-2,-8,-19,-9
164.810786,19679,clench,-12,-8,-15,-3,4,-3,5,6
164.832782,19680,clench,-59,-33,-28,0,-14,-19,-9,-5
164.832795,19681,clench,8,24,-8,1,5,-5,-19,-3
164.832798,19682,clench,2,-35,8,-2,11,37,27,9
164.832800,19683,clench,13,47,12,3,1,1,3,5
164.845111,19684,clench,13,-32,-14,-3,-3,0,-13,-4
164.847256,19685,clench,-4,40,-4,-1,9,-3,13,-30
164.854732,19686,clench,-13,-85,12,5,-1,-11,-51,-2
164.854816,19687,clench,-1,127,22,6,5,10,25,-10
164.868773,19688,clench,17,-69,-32,-9,-5,-10,14,23
164.868796,19689,clench,-11,12,27,-2,-12,6,-48,-2
164.871200,19690,clench,-4,1,-10,-2,-3,-11,25,3
164.871207,19691,clench,-19,-16,5,1,-6,3,-23,-17
164.891356,19692,clench,25,-28,-17,4,0,-14,-8,2
164.891386,19693,clench,-9,4,-8,1,33,6,15,-5
164.893470,19694,clench,-2,-39,-11,-4,-23,-3,5,-1
164.893475,19695,clench,9,52,20,-7,-18,2,2,10
164.904852,19696,clench,17,25,6,5,5,-6,-30,-2
164.904877,19697,clench,-13,-32,-14,-10,-7,1,40,-6
164.915143,19698,clench,10,17,7,3,8,2,-14,-18
164.915151,19699,clench,-3,-31,-10,-4,-8,-5,8,-26
164.929225,19700,clench,-13,-13,-24,-4,4,2,-4,4
164.929312,19701,clench,9,59,36,6,2,29,-8,-8
164.934987,19702,clench,-12,-46,-13,-4,-2,-12,-10,-3
164.935003,19703,clench,19,5,2,3,3,8,30,8
164.951235,19704,clench,-16,-7,-9,-15,-17,-5,-26,-22
164.952953,19705,clench,-3,-65,-14,3,-2,-8,-5,-8
164.952969,19706,clench,-13,6,-20,-3,8,-6,2,1
164.952974,19707,clench,15,27,23,4,8,5,9,-4
164.965342,19708,clench,-16,-14,-12,-1,-17,-19,16,17
164.965363,19709,clench,16,-8,-5,-8,0,17,9,15
164.975543,19710,clench,6,18,13,5,0,-8,-25,0
164.975551,19711,clench,-4,-28,-12,-7,-11,-9,-2,9
164.989135,19712,clench,-21,-8,7,6,10,0,5,-2
164.989169,19713,clench,11,-1,-8,-2,-10,-22,13,13
164.991944,19714,clench,-16,23,28,14,19,15,5,21
164.991953,19715,clench,12,-97,-30,-20,-10,35,-11,-36
165.011530,19716,clench,9,82,10,-2,-5,-5,0,12
165.011571,19717,clench,3,-7,0,0,-2,-6,-12,-13
165.014067,19718,clench,-12,18,-3,2,4,-2,3,5
165.014076,19719,clench,-8,-30,-7,3,4,-17,-12,-2
165.024687,19720,clench,10,-4,-20,-4,-7,-2,-5,-9
165.024706,19721,clench,-7,-29,20,8,4,11,7,10
165.034618,19722,clench,13,41,2,-3,-3,-7,7,-4
165.034626,19723,clench,-5,9,7,-2,6,2,-3,2
165.048831,19724,clench,-5,-34,-38,-4,-15,-17,-15,-17
165.048853,19725,clench,10,67,40,2,-7,-2,12,-3
165.050523,19726,clench,6,24,13,0,-4,7,8,14
165.050530,19727,clench,-7,30,7,-2,-1,-3,11,-17
165.072162,19728,clench,3,-20,-3,-1,8,-1,-21,-6
165.072170,19729,clench,-30,-80,-33,-1,3,-12,1,4
165.072623,19730,clench,23,28,-7,-7,-10,-15,-7,-18
165.072631,19731,clench,-6,-10,-1,-1,-12,9,-3,-26
165.084851,19732,clench,11,-6,21,5,12,5,-10,4
165.084883,19733,clench,-10,-2,-14,-4,-6,-9,-10,-9
165.096022,19734,clench,7,-1,0,-3,3,0,1,10
165.096030,19735,clench,-21,5,-8,3,-2,-17,-4,-38
165.108661,19736,clench,-3,15,6,1,-2,1,-9,3
165.108686,19737,clench,-4,-68,-17,-3,0,6,9,-11
165.110249,19738,clench,11,65,-9,-4,7,5,13,-3
165.110284,19739,clench,18,-5,19,0,-18,-16,-4,1
165.131378,19740,clench,-8,9,12,4,8,13,-1,4
165.131412,19741,clench,13,-58,-30,-12,-10,-13,-43,-4
165.133330,19742,clench,-16,38,3,1,0,-1,30,0
165.133341,19743,clench,16,5,0,-3,-4,7,13,45
165.145671,19744,clench,-6,2,11,-3,1,-1,-25,-26
165.145703,19745,clench,-5,-15,-9,0,-5,-5,10,5
165.153729,19746,clench,22,-57,-11,-1,0,-8,-33,-11
165.153757,19747,clench,-31,17,-4,2,9,1,7,19
165.168705,19748,clench,-11,-67,-11,-1,-8,-6,41,-6
165.168729,19749,clench,-17,90,36,7,2,-15,-58,-8
165.170512,19750,clench,11,-9,3,-7,-2,41,32,10
165.170539,19751,clench,9,-7,5,-1,3,-5,2,14
165.191510,19752,clench,3,-6,2,-3,0,-3,4,-2
165.191543,19753,clench,-1,11,-10,5,17,0,17,26
165.193056,19754,clench,-1,-6,-13,-9,-31,-23,-6,-7
165.193062,19755,clench,5,0,5,0,7,10,-36,1
165.205109,19756,clench,1,6,-7,-5,2,26,45,0
165.205129,19757,clench,-9,21,-3,-5,-3,1,15,-1
165.215744,19758,clench,-9,-10,5,3,9,-9,-7,15
165.215754,19759,clench,14,-21,-13,2,4,2,-12,11
165.228965,19760,clench,0,-23,3,7,8,-16,-10,23
165.228977,19761,clench,-23,3,-19,-12,-18,11,27,-5
165.230121,19762,clench,-4,67,44,1,-13,-9,-16,5
165.230143,19763,clench,-5,-29,9,1,1,-9,-31,-10
165.251116,19764,clench,18,9,6,0,4,4,21,7
165.251142,19765,clench,18,-50,-11,-4,-5,-3,-13,-5
165.252565,19766,clench,-20,-11,-7,5,13,1,-5,-29
165.252576,19767,clench,-1,6,-7,-3,-2,-5,1,-47
165.264904,19768,clench,-7,-5,12,6,11,-3,-20,-9
165.264935,19769,clench,-4,26,6,-10,-32,-25,26,5
165.275195,19770,clench,19,-23,-20,-9,-8,17,-34,-5
165.275201,19771,clench,-3,58,4,-1,-4,2,30,6
165.288078,19772,clench,8,-11,-9,-4,-3,-19,-15,2
165.288104,19773,clench,6,11,1,3,-1,-6,-1,-26
165.294888,19774,clench,-13,-13,-4,3,8,-3,-15,4
165.294915,19775,clench,-13,-24,-13,-6,-5,-14,4,0
165.318750,19776,clench,-4,-36,-41,1,-6,2,7,10
165.318775,19777,clench,18,93,65,5,14,40,-28,23
165.320561,19778,clench,-5,-35,4,-2,-7,-12,18,0
165.320570,19779,clench,1,-3,-5,1,9,7,-6,1
165.333648,19780,clench,1,-5,-6,-3,-7,-10,-5,-10
165.333675,19781,clench,2,-26,-16,3,5,-3,6,-4
165.335765,19782,clench,-19,23,-17,1,2,-1,6,1
165.335779,19783,clench,-1,-30,-17,0,6,2,15,17
165.348700,19784,clench,12,58,38,2,4,1,-23,-50
165.348728,19785,clench,-7,-17,-5,-4,-22,-10,-6,-4
165.350324,19786,clench,-3,-14,-3,1,3,4,8,-15
165.350330,19787,clench,7,-4,-8,1,-2,-11,-4,40
165.371020,19788,clench,-28,-71,-16,8,19,-5,11,6
165.371030,19789,clench,34,61,37,-6,0,30,13,11
165.372506,19790,clench,-3,-27,0,-1,-7,-5,-7,-14
165.372531,19791,clench,-5,19,5,-3,-8,0,7,-7
165.393681,19792,clench,-3,-7,5,4,3,1,-36,-13
165.393701,19793,clench,-20,-26,-20,-2,5,-36,-32,24
165.395472,19794,clench,-14,-99,-15,4,7,5,24,22
165.395572,19795,clench,13,93,-23,-6,-5,-8,-19,14
165.408392,19796,clench,-16,112,73,3,-4,29,23,-15
165.408416,19797,clench,-1,-28,-20,-1,9,4,5,-2
167.418714,19798,rest,-1,12,2,9,4,2,-4,0
167.419027,19799,rest,10,17,4,6,2,-2,-1,4
167.419527,19800,rest,-33,-33,2,-2,-4,-5,-5,61
167.419596,19801,rest,6,9,-1,-1,4,0,0,-7
167.433486,19802,rest,-13,-21,-2,-5,-7,-4,-1,-7
167.433503,19803,rest,21,43,-2,-5,9,3,-2,-5
167.434089,19804,rest,-7,-31,0,-2,-8,1,4,-18
167.434111,19805,rest,-23,-15,-3,-1,-1,-3,-1,-11
167.456860,19806,rest,-4,12,2,1,2,-3,0,6
167.456879,19807,rest,11,13,-5,-3,4,1,0,-25
167.458257,19808,rest,-6,-36,-3,-3,2,-29,-7,30
167.458263,19809,rest,9,16,-5,0,4,17,3,-7
167.480352,19810,rest,-4,-21,-1,-1,-3,3,0,-15
167.480363,19811,rest,0,-1,-1,-2,-1,0,0,-4
167.480365,19812,rest,-13,21,1,2,-1,14,7,-19
167.480367,19813,rest,37,-4,0,0,1,-25,-8,2
167.493108,19814,rest,6,-1,-1,-6,-3,-3,2,6
167.493129,19815,rest,27,10,-1,8,7,3,3,-12
167.495317,19816,rest,-2,9,0,1,-1,-2,-8,32
167.495327,19817,rest,-69,22,-3,-1,-2,5,6,11
167.515415,19818,rest,12,-52,-4,-3,13,2,-3,-6
167.515439,19819,rest,-5,-8,0,-2,-1,-4,0,4
167.516270,19820,rest,31,15,-2,-2,-1,5,4,32
167.516290,19821,rest,-47,2,-1,1,7,0,-3,-10
167.539018,19822,rest,0,16,0,-2,4,-3,-5,8
167.539936,19823,rest,-7,0,1,-2,-13,0,-2,12
167.539941,19824,rest,-4,-17,-1,0,13,0,-1,-32
167.539942,19825,rest,43,42,3,-3,-37,-1,-1,3
167.554119,19826,rest,-22,3,-5,0,-1,-2,-1,0
167.554144,19827,rest,-1,-22,-3,-3,-4,1,-1,1
167.554147,19828,rest,7,19,-2,-1,3,2,2,-24
167.554150,19829,rest,12,14,2,-2,10,-16,-2,-3
167.575380,19830,rest,3,-1,2,-1,-6,22,2,-13
167.575405,19831,rest,7,-5,-3,1,4,-4,-2,14
167.576247,19832,rest,4,-8,-3,-2,2,2,1,6
167.576272,19833,rest,19,-16,-2,-2,8,-2,-2,-4
167.598803,19834,rest,-31,7,2,1,-15,-5,-3,5
167.598847,19835,rest,27,-12,0,-3,1,0,0,13
167.600508,19836,rest,-73,-48,-4,-3,-7,-5,-2,-18
167.600517,19837,rest,1,-11,-3,-1,3,2,1,-3
167.613209,19838,rest,15,12,1,1,0,-4,-5,-5
167.613246,19839,rest,-3,26,-1,-2,0,-2,-2,-13
167.614866,19840,rest,2,8,1,0,6,-4,0,-19
167.614884,19841,rest,-2,-17,-1,-1,-13,3,0,-2
167.636718,19842,rest,-5,14,-1,0,-1,-1,-1,0
167.636723,19843,rest,-5,-3,0,-2,-1,-3,-3,3
167.636726,19844,rest,9,-7,-2,-4,11,-2,-3,-42
167.636728,19845,rest,-26,-25,0,1,-6,3,-6,22
167.658688,19846,rest,34,30,0,-3,-8,-8,1,-2
167.658722,19847,rest,-60,-33,0,6,10,8,-7,43
167.660146,19848,rest,27,14,-1,-1,-1,15,4,-11
167.660153,19849,rest,-6,27,3,2,6,-2,-1,-10
167.672807,19850,rest,-15,-39,-5,-1,-1,-4,0,-1
167.672826,19851,rest,-77,-11,-5,-5,-4,-2,11,-16
167.673878,19852,rest,18,14,3,1,-12,-7,-5,5
167.673884,19853,rest,1,-14,-2,-4,6,2,0,-63
167.695472,19854,rest,-5,25,1,1,-5,-1,-6,21
167.695498,19855,rest,15,-39,-1,0,-1,-1,-3,-13
167.697181,19856,rest,21,15,-1,1,8,-3,-2,3
167.697190,19857,rest,-44,-7,-3,-6,-16,1,3,-24
167.718552,19858,rest,-32,28,0,7,10,3,9,-10
167.718575,19859,rest,21,-6,-1,-2,-6,-12,-16,-11
167.719516,19860,rest,-3,-13,-1,-1,-11,-1,-1,-4
167.719538,19861,rest,46,10,0,-2,-8,-5,-1,22
167.732862,19862,rest,8,8,1,1,5,7,-1,-2
167.732882,19863,rest,-51,-54,-3,0,0,6,6,8
167.733686,19864,rest,-9,9,-2,3,19,-8,-4,1
167.733734,19865,rest,8,10,-1,-2,1,3,0,14
167.755406,19866,rest,13,5,-1,-3,-9,-3,-4,0
167.755431,19867,rest,39,24,3,-1,-6,-20,0,-14
167.757061,19868,rest,-52,-23,-1,-4,-2,12,-2,-6
167.757071,19869,rest,23,-4,-5,0,13,1,1,9
167.778893,19870,rest,11,-6,0,-3,-2,-1,1,8
167.778930,19871,rest,28,32,3,-1,0,0,-2,-9
167.779531,19872,rest,5,2,-1,-2,-17,-9,0,2
167.779560,19873,rest,5,-18,0,-1,9,0,0,14
167.793769,19874,rest,-10,-36,-1,6,-14,-5,-2,30
167.793776,19875,rest,25,28,-2,-7,-2,2,2,-39
167.800496,19876,rest,-10,13,-2,-2,-9,-3,-3,0
167.800523,19877,rest,-4,-10,1,0,3,2,-3,4
167.815347,19878,rest,30,1,-3,-4,14,-3,0,-15
167.815372,19879,rest,-18,9,1,0,0,6,0,-7
167.817224,19880,rest,-12,-24,1,-1,-14,-2,0,8
167.817231,19881,rest,16,-16,-4,2,10,-7,-6,-1
167.839983,19882,rest,-47,-28,-4,-4,18,1,5,-12
167.839991,19883,rest,-2,7,-1,-2,-38,2,-1,15
167.839993,19884,rest,22,17,0,-3,-3,17,1,-11
167.839995,19885,rest,-1,10,0,-1,2,-3,-1,8
167.852253,19886,rest,21,9,-1,-4,-3,-1,-6,-7
167.852273,19887,rest,18,-1,4,3,12,-3,0,5
167.860475,19888,rest,-17,25,-4,0,6,-5,-2,2
167.860494,19889,rest,22,-25,1,-2,-19,9,1,-7
167.875577,19890,rest,-1,17,-1,-3,-7,-11,-9,-4
167.875600,19891,rest,-35,-7,-3,-3,5,-4,-4,4
167.876173,19892,rest,-4,18,-2,-1,-9,-3,1,3
167.876192,19893,rest,10,3,-2,-2,5,-2,-2,-1
167.898851,19894,rest,-3,10,2,1,3,6,5,1
167.898872,19895,rest,14,7,0,0,5,2,6,-5
167.900561,19896,rest,38,-20,1,0,-1,-2,-6,4
167.900567,19897,rest,-35,-14,-1,-2,-13,1,0,-1
167.912708,19898,rest,1,-33,0,-1,0,-4,-3,-12
167.914808,19899,rest,12,36,0,-1,-22,1,-3,17
167.920412,19900,rest,3,-25,-4,-4,-3,-18,1,1
167.920480,19901,rest,4,-6,-4,-3,2,6,-4,0
167.935390,19902,rest,-21,12,-2,0,-9,8,5,-7
167.935441,19903,rest,18,-11,-4,-1,9,-2,-4,3
167.936030,19904,rest,11,19,1,1,5,0,1,3
167.936075,19905,rest,-11,7,2,0,12,-12,-2,-5
167.958727,19906,rest,18,-14,-5,-3,-5,-4,-5,0
167.958753,19907,rest,3,-1,2,3,10,9,0,-2
167.960958,19908,rest,10,0,0,0,-7,-6,-1,25
167.960969,19909,rest,-69,-39,-4,-1,8,3,5,-6
167.972478,19910,rest,1,-18,-1,0,-3,1,-1,1
167.972503,19911,rest,-16,0,-2,-2,3,-2,-2,14
167.980538,19912,rest,22,17,0,-3,-5,-1,-4,-27
167.980564,19913,rest,27,17,4,3,-4,-2,-8,41
167.996691,19914,rest,5,34,3,1,-6,-2,2,-16
167.996701,19915,rest,-29,-8,-5,-2,-1,-3,-3,5
167.996703,19916,rest,5,-21,-6,-6,-2,1,-6,-12
167.996705,19917,rest,8,21,0,1,2,0,1,-14
168.018535,19918,rest,-1,2,-3,-2,16,-16,-2,-13
168.018560,19919,rest,6,14,2,0,-12,12,1,0
168.020325,19920,rest,-1,7,1,1,3,11,4,-1
168.020330,19921,rest,40,0,-4,-1,-27,0,3,8
168.032315,19922,rest,-72,-2,-1,-1,11,-1,-2,2
168.032340,19923,rest,27,-11,-1,0,9,-19,-13,9
168.040447,19924,rest,-11,27,1,-1,0,-1,-1,5
168.040473,19925,rest,-9,-45,-3,-1,4,-1,1,-31
168.055547,19926,rest,27,1,2,1,-8,8,-3,32
168.057048,19927,rest,4,-8,-2,0,20,4,2,-7
168.057058,19928,rest,-11,3,3,2,-5,-4,2,-9
168.057062,19929,rest,0,32,-2,-2,7,-3,0,-3
168.078931,19930,rest,-5,-20,-5,-6,-8,-4,-3,-15
168.078961,19931,rest,20,-9,0,-2,15,1,1,1
168.080595,19932,rest,-6,-6,-1,-1,-3,-2,-3,9
168.080604,19933,rest,-20,7,-2,0,3,-5,0,-6
168.092160,19934,rest,-6,16,-1,-3,-6,0,-1,-53
168.092185,19935,rest,-7,-15,-3,-3,-3,-2,-2,4
168.100500,19936,rest,-37,-37,-2,-1,-4,-6,-2,-3
168.100526,19937,rest,3,17,0,1,0,20,-5,-3
168.115365,19938,rest,59,1,-4,-3,-9,-1,3,-1
168.115386,19939,rest,11,17,3,2,1,4,-3,-9
168.117066,19940,rest,-69,-40,-9,-4,3,-9,-5,-8
168.117076,19941,rest,4,-8,-3,-3,-8,-11,-8,-4
168.138477,19942,rest,14,-1,-2,1,16,8,3,15
168.138523,19943,rest,12,20,2,-1,4,-2,3,-12
168.139228,19944,rest,24,-8,3,0,-9,3,0,34
168.139238,19945,rest,-12,9,0,-2,4,-3,-3,2
168.161249,19946,rest,-3,11,0,2,-2,-3,-1,7
168.161285,19947,rest,-10,-43,-4,0,6,-2,4,-12
168.163324,19948,rest,-19,13,0,-2,-28,-2,-1,-35
168.163334,19949,rest,19,-3,1,1,1,1,-1,65
168.175528,19950,rest,6,11,-1,-2,-4,-3,-3,14
168.175553,19951,rest,-8,-5,1,-3,-17,0,0,1
168.177304,19952,rest,3,11,-4,-1,7,2,0,-1
168.177323,19953,rest,-1,-18,-2,3,7,-4,-2,-18
168.198694,19954,rest,-13,-16,-1,-4,-12,-23,-6,-1
168.198721,19955,rest,-16,12,-2,-2,2,15,-3,9
168.200784,19956,rest,40,24,1,0,8,1,3,0
168.200790,19957,rest,-19,-19,-4,-2,-13,-5,1,-62
168.221193,19958,rest,-17,32,2,2,9,1,0,3
168.221217,19959,rest,14,-41,-5,-6,-10,-9,-3,-10
168.221618,19960,rest,10,19,0,7,9,1,0,8
168.221652,19961,rest,5,2,2,0,2,1,-2,10
168.235301,19962,rest,-73,-19,-6,-3,-8,18,3,-1
168.235322,19963,rest,-6,12,3,3,-1,-18,-5,-1
168.236176,19964,rest,-3,-9,-2,-3,12,0,-2,-16
168.236204,19965,rest,20,16,2,-2,-30,-5,0,13
168.258262,19966,rest,10,-10,-2,0,-5,3,-4,-2
168.258279,19967,rest,-12,-11,-2,-1,-2,4,3,3
168.259690,19968,rest,-16,-14,-4,-1,7,1,0,6
168.259695,19969,rest,13,24,1,-1,5,-4,-3,-9
168.281134,19970,rest,47,11,0,-2,4,1,1,5
168.281156,19971,rest,-44,-38,-4,-2,-3,2,-1,-6
168.282055,19972,rest,7,-1,-2,-6,17,-26,-3,-5
168.282078,19973,rest,-33,-12,0,6,4,22,2,-6
168.295666,19974,rest,16,-16,-4,-4,-9,-5,-6,-6
168.295689,19975,rest,27,26,0,3,8,0,-8,29
168.296129,19976,rest,8,3,2,-1,-6,-3,5,-30
168.296145,19977,rest,-22,-23,0,-6,1,-6,2,31
168.318635,19978,rest,18,-4,1,0,6,-3,-4,6
168.320216,19979,rest,-37,12,-4,-1,-6,-1,2,-16
168.320222,19980,rest,18,-1,3,0,-12,2,-4,-6
168.320224,19981,rest,-4,-30,-4,-1,27,-4,1,-12
168.341025,19982,rest,24,-1,-5,-1,-8,-1,-6,-4
168.341046,19983,rest,31,13,3,-2,-2,-2,0,3
168.341714,19984,rest,-17,5,-1,-1,-8,6,-2,9
168.341732,19985,rest,-14,12,-1,-2,-1,-3,-2,-9
168.355240,19986,rest,0,-6,2,0,11,-2,1,7
168.355253,19987,rest,24,9,-3,-3,-1,4,2,-8
168.356028,19988,rest,-48,-5,-1,5,1,-2,-1,12
168.356042,19989,rest,25,-1,-2,-3,-7,-3,-1,-6
168.378715,19990,rest,5,2,2,-1,5,-17,2,-5
168.378751,19991,rest,-16,-1,2,1,-8,16,8,27
168.380508,19992,rest,39,13,-2,-4,-7,-6,-8,2
168.380516,19993,rest,-40,-8,-3,-3,-3,-3,0,-3
168.402052,19994,rest,-5,-3,-2,1,-9,-1,-2,6
168.402058,19995,rest,36,31,1,0,12,-1,1,17
168.402060,19996,rest,27,2,1,-1,-3,2,-2,4
168.402062,19997,rest,-2,-3,-2,-3,-2,-5,-3,-3
168.415523,19998,rest,4,5,-1,-1,-13,2,0,-7
168.417198,19999,rest,-11,9,-1,1,-1,-5,-2,-18
168.417206,20000,rest,-13,-20,-1,-2,-6,5,4,-49
168.417231,20001,rest,10,-3,-3,1,9,-5,-5,1
168.438559,20002,rest,-28,-13,-4,-5,-2,2,0,-5
168.438582,20003,rest,12,-7,0,5,1,-3,-1,-8
168.439166,20004,rest,7,6,-1,-3,-8,-1,0,7
168.440120,20005,rest,-15,40,4,-1,16,1,0,-5
168.461461,20006,rest,15,-27,-2,0,-11,1,-2,-2
168.461504,20007,rest,8,-34,-3,-5,-6,-5,4,-8
168.464068,20008,rest,7,-36,0,2,6,-9,-10,3
168.464080,20009,rest,-20,45,-3,-1,-6,20,0,1
168.475592,20010,rest,23,8,-2,-2,3,-2,-4,9
168.475619,20011,rest,-22,7,-2,-2,0,-3,-4,-8
168.477291,20012,rest,-19,-3,0,3,-6,-2,3,10
168.477298,20013,rest,21,-17,1,-1,-11,-8,0,1
168.498611,20014,rest,-13,6,4,5,21,2,-2,-14
168.498629,20015,rest,0,4,1,-4,-27,-5,-2,-7
168.499222,20016,rest,-1,-8,-4,-2,3,3,2,8
168.499252,20017,rest,-7,-19,-1,-3,4,-6,-1,-1
168.521058,20018,rest,37,31,-2,5,9,4,6,6
168.521082,20019,rest,17,-13,-1,-2,1,-7,-6,-8
168.522445,20020,rest,-52,4,0,0,4,9,7,13
168.522454,20021,rest,13,21,-1,-1,-11,-19,-19,-25
168.535216,20022,rest,-11,-20,5,-1,-4,-1,1,8
168.535239,20023,rest,-16,21,-1,-1,7,-3,-4,-1
168.543041,20024,rest,23,-41,-7,-6,-11,7,2,-3
168.543066,20025,rest,-8,-4,0,-1,6,1,4,-5
168.559609,20026,rest,-22,10,0,-1,6,-2,-2,-28
168.559621,20027,rest,-2,-5,3,0,-24,-4,1,29
168.559626,20028,rest,31,25,-2,-4,14,4,-9,2
168.559630,20029,rest,4,-19,-6,-6,5,11,8,1
168.581257,20030,rest,-27,-6,1,5,-8,-3,-6,-4
168.581283,20031,rest,1,-8,1,1,4,5,-2,-9
168.583635,20032,rest,45,20,1,-1,-8,-8,1,3
168.583640,20033,rest,-23,-19,-2,-1,-1,-6,-3,12
168.595430,20034,rest,-9,20,-5,-7,-5,3,1,-31
168.595451,20035,rest,-12,-48,-2,0,6,-5,-4,-3
168.597173,20036,rest,6,18,1,3,6,-5,-3,9
168.597181,20037,rest,10,7,1,2,-6,-2,1,-5
168.618535,20038,rest,-3,4,-2,-4,-7,0,0,6
168.618556,20039,rest,4,4,-1,-2,5,-2,0,-8
168.620481,20040,rest,-13,-4,0,-2,-2,0,-2,-5
168.620495,20041,rest,21,-18,-2,-2,-7,4,2,4
168.641657,20042,rest,-25,-17,-2,-5,-13,-4,-10,11
168.641690,20043,rest,78,26,3,-2,16,-6,5,4
168.641866,20044,rest,-120,-16,-6,6,5,3,-16,0
168.641887,20045,rest,29,1,1,0,-7,-5,1,2
168.655349,20046,rest,28,23,0,1,0,-2,2,12
168.655373,20047,rest,-50,-47,-4,-5,1,5,3,-7
168.656025,20048,rest,4,21,0,-1,1,-1,3,14
168.656045,20049,rest,5,6,-3,0,-6,-5,0,-1
168.678891,20050,rest,-14,-12,1,0,4,-2,0,3
168.678920,20051,rest,-10,24,-2,-1,-3,-1,2,25
168.680977,20052,rest,14,1,-2,-1,-3,0,6,-13
168.680982,20053,rest,-3,1,0,0,-2,1,-6,8
168.701000,20054,rest,14,-21,1,0,-1,1,5,11
168.701016,20055,rest,14,5,-4,0,0,-1,-4,-17
168.701727,20056,rest,-54,-11,-2,-3,-8,-2,-3,-45
168.701754,20057,rest,4,2,0,-3,-2,2,1,4
168.715392,20058,rest,-1,17,-3,-9,-7,-4,-1,-16
168.715402,20059,rest,-9,6,2,10,16,0,-2,-4
168.722851,20060,rest,16,-53,-3,7,36,3,1,1
168.722869,20061,rest,26,33,-1,-2,-35,-19,-4,-3
168.738590,20062,rest,-16,-47,-5,-1,2,21,0,6
168.738614,20063,rest,-4,3,0,-3,-8,0,0,-5
168.739690,20064,rest,21,22,2,-5,2,0,3,16
168.739696,20065,rest,-5,6,1,2,11,-1,0,-3
168.761927,20066,rest,-2,-19,-3,0,-2,-9,-4,8
168.761937,20067,rest,-3,17,0,-1,-8,4,-1,1
168.762114,20068,rest,31,-1,0,-2,-4,-5,-6,-4
168.762135,20069,rest,-52,-6,-4,-2,-1,-3,-3,-6
168.774870,20070,rest,-3,21,-1,1,-2,-4,-3,-5
168.774899,20071,rest,5,-9,-4,-2,4,-1,-1,-11
168.782877,20072,rest,-8,-16,-1,0,-6,-3,-1,18
168.782898,20073,rest,15,-6,-2,-4,2,2,-3,-4
168.798526,20074,rest,28,27,2,-2,2,2,1,5
168.798546,20075,rest,-20,21,0,5,7,7,1,54
168.799203,20076,rest,26,7,1,-1,-19,-2,5,2
168.799221,20077,rest,-15,-40,-4,0,8,-2,-6,-6
168.821035,20078,rest,-3,8,1,1,3,-3,-2,2
168.821053,20079,rest,31,14,-2,-5,-10,-6,-3,-14
168.822634,20080,rest,-20,10,0,0,5,6,6,-4
168.822640,20081,rest,-28,-59,0,2,1,-3,2,11
168.834638,20082,rest,-32,-14,-3,-1,-9,4,-1,-4
168.834663,20083,rest,22,38,-1,-1,2,12,4,-10
168.843125,20084,rest,-4,-10,-1,-2,3,-1,-6,41
168.843155,20085,rest,24,32,1,1,9,7,8,-10
168.858494,20086,rest,0,-11,-1,2,-2,-10,-2,1
168.858519,20087,rest,-27,-1,0,-1,-8,-5,-4,-7
168.859971,20088,rest,27,11,0,-1,-8,1,-3,-10
168.859998,20089,rest,7,20,-1,-3,-2,-3,-1,3
168.881226,20090,rest,-18,-28,0,5,-1,0,3,6
168.881248,20091,rest,9,14,1,-2,-5,-1,-2,-4
168.882654,20092,rest,-54,8,-1,0,16,-8,-6,-12
168.882662,20093,rest,17,-43,-3,-3,0,3,0,3
168.894828,20094,rest,-20,4,-1,-2,6,0,0,-7
168.894862,20095,rest,-19,-18,-4,-1,0,-4,-2,-13
168.904919,20096,rest,13,13,-1,-2,-10,-2,1,-4
168.904925,20097,rest,7,23,2,4,8,4,1,0
168.926248,20098,rest,-16,7,-1,-3,-27,-2,5,1
168.926275,20099,rest,5,-11,-2,-1,5,-9,-10,22
168.929023,20100,rest,27,12,-2,-5,-23,2,1,-1
168.929060,20101,rest,-32,-46,-1,2,3,1,-2,-2
168.941793,20102,rest,-27,-21,-3,-1,9,-2,2,9
168.944289,20103,rest,-13,-12,0,-2,-1,-2,1,-17
168.944298,20104,rest,7,23,0,-5,-7,-15,-2,-6
168.944301,20105,rest,-3,14,1,11,10,14,-4,-1
168.954970,20106,rest,58,8,-1,-4,1,3,1,-6
168.955036,20107,rest,-70,-33,-3,2,2,-3,-3,-13
168.964761,20108,rest,-3,-7,-1,-1,-9,2,-1,-2
168.964775,20109,rest,-2,19,-1,-2,0,-12,0,-2
168.978888,20110,rest,12,5,-1,-2,1,-2,-3,1
168.978921,20111,rest,20,9,-3,0,-5,4,-2,-3
168.981063,20112,rest,-32,-45,-3,0,-8,-2,2,2
168.981085,20113,rest,-12,1,-1,-5,-1,0,0,36
169.001090,20114,rest,8,15,3,2,3,-1,-3,-1
169.001109,20115,rest,19,-26,-4,-4,-2,-2,1,0
169.002686,20116,rest,13,23,-1,-1,7,0,-1,-9
169.002793,20117,rest,19,2,0,-3,-9,-3,-3,-15
169.014777,20118,rest,-23,5,-3,1,9,0,0,0
169.014799,20119,rest,21,16,0,-3,-18,-7,-3,0
169.024300,20120,rest,6,-30,-3,-3,-1,4,1,27
169.024307,20121,rest,-1,7,-1,-2,3,2,-1,-7
169.038565,20122,rest,18,6,0,6,0,-3,-1,3
169.038590,20123,rest,-24,-11,-3,-3,1,-1,2,-9
169.040255,20124,rest,19,11,0,0,0,1,-4,-11
169.040265,20125,rest,24,27,0,-5,-18,-20,-4,-6
169.061416,20126,rest,-11,-9,-1,-2,1,18,-2,6
169.061434,20127,rest,-7,-43,-2,-2,0,-6,3,-4
169.062789,20128,rest,-5,10,-4,0,14,0,-3,-9
169.062820,20129,rest,3,28,-2,-4,-10,-2,0,-2
169.083631,20130,rest,-8,-49,-2,-3,-3,-12,-6,-20
169.083654,20131,rest,1,27,3,-2,4,2,-1,-1
169.085214,20132,rest,11,-4,1,0,3,-1,2,2
169.085250,20133,rest,-43,-4,-1,-2,-14,2,-3,-6
169.098716,20134,rest,10,28,-1,-3,2,-1,1,13
169.098736,20135,rest,5,-30,-6,-5,6,2,-1,0
169.100226,20136,rest,7,8,0,4,-19,-4,-2,-1
169.100240,20137,rest,18,3,2,3,8,5,1,4
169.121196,20138,rest,13,47,0,-2,-1,-1,0,-1
169.121221,20139,rest,-34,-41,-4,-1,-7,-3,-2,-3
169.123419,20140,rest,18,2,1,-4,-2,-1,-3,-8
169.123424,20141,rest,8,-2,-2,2,7,4,2,-7
169.143762,20142,rest,-44,6,-1,0,8,-5,4,-21
169.143786,20143,rest,32,6,-1,2,9,-2,-2,5
169.146347,20144,rest,-47,0,0,0,2,-6,-3,55
169.146354,20145,rest,4,5,-2,-2,-1,22,0,1
169.158645,20146,rest,-3,-12,0,-3,1,6,8,-1
169.158669,20147,rest,-1,26,-1,0,-6,-24,-24,2
169.160914,20148,rest,-8,2,-3,0,12,-1,1,-19
169.160923,20149,rest,-3,-38,-3,-3,-8,-10,0,-6
169.181220,20150,rest,15,5,-2,-4,-14,1,-2,8
169.181243,20151,rest,-20,-28,-2,2,6,8,5,-10
169.182826,20152,rest,12,14,1,-3,-32,-2,-2,-8
169.182833,20153,rest,38,32,-2,1,11,-3,-3,1
169.203522,20154,rest,-13,-17,0,-2,-5,0,-2,-9
169.203542,20155,rest,-10,5,3,1,16,0,2,-1
169.205061,20156,rest,7,5,1,-4,0,0,1,-14
169.205087,20157,rest,3,-33,-1,0,2,6,3,30
169.218168,20158,rest,26,11,-4,-1,-3,-11,-9,4
169.218174,20159,rest,-26,5,-1,-2,-7,7,10,-6
169.224747,20160,rest,8,-18,-2,-1,3,5,-2,-9
169.224772,20161,rest,-14,5,-2,-1,-4,-6,-2,-16
169.241041,20162,rest,-10,-1,-1,1,6,-4,-5,5
169.241063,20163,rest,25,15,2,-1,-5,-5,-2,3
169.242609,20164,rest,-14,-8,-3,-4,1,7,1,-7
169.242624,20165,rest,0,19,0,7,15,14,4,-4
169.263754,20166,rest,-17,-77,-5,-3,-11,-6,-3,-27
169.263786,20167,rest,8,34,3,-1,-27,3,-9,-2
169.265401,20168,rest,-5,-24,0,2,-1,-1,3,-11
169.265413,20169,rest,-10,11,0,-5,-3,-11,-2,15
169.278145,20170,rest,-1,16,1,3,12,0,-6,-6
169.278179,20171,rest,5,8,-1,-2,2,2,5,-3
169.284691,20172,rest,-21,0,3,0,2,-3,-3,1
169.284716,20173,rest,-25,28,-4,-6,-8,2,3,-20
169.301106,20174,rest,20,-46,-5,-2,-5,0,5,6
169.301132,20175,rest,11,0,1,2,-1,-4,-3,4
169.302531,20176,rest,19,24,0,1,6,2,0,3
169.302547,20177,rest,-14,-21,-3,-6,1,-2,-2,-6
169.323778,20178,rest,-1,12,1,1,5,-3,-1,9
169.323802,20179,rest,4,11,0,2,-2,0,0,5
169.325664,20180,rest,13,5,0,0,5,3,-1,-5
169.325670,20181,rest,-36,-36,-4,0,6,-5,0,41
169.337912,20182,rest,19,9,-1,-2,-32,-5,-2,5
169.337938,20183,rest,-31,-16,0,0,8,20,3,-9
169.344901,20184,rest,5,23,-2,1,0,-5,0,1
169.344936,20185,rest,1,-38,-1,-1,1,-5,-5,-11
169.361529,20186,rest,-12,-11,-2,-2,-21,-1,8,5
169.361540,20187,rest,2,8,-1,-1,2,-3,-2,8
169.362727,20188,rest,-1,13,1,-2,-4,0,-4,-6
169.362749,20189,rest,23,-19,-2,1,5,-4,-2,-6
169.383742,20190,rest,35,30,1,-1,11,-1,-3,-21
169.383769,20191,rest,-14,-16,-4,-3,-1,-4,-1,-6
169.385035,20192,rest,-3,-10,-1,-5,4,-4,-3,-48
169.385077,20193,rest,17,12,2,7,-2,-1,-1,8
169.398067,20194,rest,10,7,-2,-4,4,1,-1,5
169.398088,20195,rest,-1,1,-2,0,-2,0,1,-4
169.404989,20196,rest,-12,-4,-2,0,6,-4,-3,-2
169.405013,20197,rest,4,-15,1,-4,-5,-4,-2,-9
169.422737,20198,rest,-2,19,-1,-4,-10,5,-2,5
169.422743,20199,rest,-14,-7,-2,4,8,17,7,19
169.422746,20200,rest,8,-4,-4,-2,-2,-2,-2,12
169.422773,20201,rest,-19,0,2,0,-8,-1,-2,-13
169.443713,20202,rest,18,19,-2,1,11,-8,-4,14
169.443734,20203,rest,1,-33,-1,-4,-10,-8,-3,-10
169.446079,20204,rest,1,5,-1,0,0,5,-1,7
169.446097,20205,rest,9,3,-3,-2,0,1,-1,-4
169.457996,20206,rest,9,15,4,3,25,-4,2,-13
169.458019,20207,rest,-33,29,-7,-8,-20,-5,4,-1
169.464915,20208,rest,50,-24,-3,7,7,-8,-7,4
169.464935,20209,rest,16,12,-1,-4,-8,-2,-2,-3
169.481278,20210,rest,-21,-4,2,1,5,1,-3,1
169.481304,20211,rest,20,13,2,2,8,8,2,0
169.483018,20212,rest,-11,-9,-3,-3,-8,0,5,-3
169.483026,20213,rest,11,10,-3,-1,5,-1,-4,58
169.503840,20214,rest,-13,17,2,1,-6,4,-5,13
169.503862,20215,rest,4,-21,-1,1,14,-8,-4,-4
169.505161,20216,rest,-22,-37,-1,-2,-30,-5,-1,-5
169.505197,20217,rest,-3,3,2,-1,0,7,0,-23
169.517865,20218,rest,17,-6,-6,-6,-3,16,6,0
169.517888,20219,rest,24,24,1,-1,0,-7,-3,11
169.524788,20220,rest,-1,2,0,-1,7,1,-3,5
169.524813,20221,rest,-28,4,3,1,-5,-2,3,-11
169.541275,20222,rest,-35,-20,2,2,-6,-7,-1,23
169.541300,20223,rest,-7,-1,-4,-3,7,-2,-2,-14
169.542850,20224,rest,12,0,-1,-2,-22,-1,1,5
169.542856,20225,rest,25,7,0,-2,2,-1,-1,2
169.564617,20226,rest,-8,-1,-2,-1,4,-1,-4,-15
169.564627,20227,rest,2,-25,0,0,3,-4,-3,-2
169.565200,20228,rest,-21,7,0,-3,7,2,2,5
169.565216,20229,rest,-8,-2,-1,-4,-4,-4,-1,-11
169.577362,20230,rest,6,10,3,-1,-5,-1,-1,-1
169.577395,20231,rest,45,36,-6,-4,-6,-7,-4,-3
169.587367,20232,rest,-58,-78,-9,-6,25,6,4,-2
169.587380,20233,rest,14,5,1,1,-5,1,-1,-14
169.601010,20234,rest,-7,-14,-3,-1,3,-6,-1,-61
169.601034,20235,rest,18,9,2,1,-9,0,-2,14
169.602505,20236,rest,4,27,0,2,9,2,-1,20
169.603404,20237,rest,-8,-4,-5,-4,0,-23,-1,-8
169.623742,20238,rest,-11,-14,0,-5,-9,13,-2,-5
169.623766,20239,rest,-3,3,-1,5,18,16,7,3
169.625639,20240,rest,-36,12,-3,-3,-11,-31,-21,4
169.625644,20241,rest,-16,-12,1,0,9,1,0,-12
169.637190,20242,rest,22,12,-1,0,-12,-11,-3,14
169.637215,20243,rest,-11,9,-2,-5,-3,-1,5,-1
169.647456,20244,rest,7,-29,-1,-3,0,9,6,1
169.647462,20245,rest,-17,-22,-5,-1,2,1,-2,-2
169.661199,20246,rest,-4,4,1,0,5,-4,-3,6
169.661230,20247,rest,0,-1,1,0,-8,1,2,-7
169.662940,20248,rest,21,34,4,5,18,3,4,-5
169.662972,20249,rest,11,14,0,-2,-37,-1,-4,2
169.683617,20250,rest,-28,-34,-5,-2,4,4,5,7
169.683636,20251,rest,-15,-10,1,-3,-5,-7,-2,-5
169.685491,20252,rest,15,11,-1,-1,-5,0,-1,-2
169.685496,20253,rest,12,28,-1,-4,0,3,-1,1
169.697208,20254,rest,6,-57,-6,2,12,-13,-6,5
169.697261,20255,rest,-4,-20,2,-2,-19,14,-4,0
169.708493,20256,rest,9,26,2,1,5,-2,0,1
169.708501,20257,rest,-17,-18,-3,-1,2,8,7,-6
169.723812,20258,rest,-17,23,2,-2,-3,-7,-1,-53
169.723818,20259,rest,6,-1,-2,-1,13,-9,-4,7
169.723821,20260,rest,13,-9,0,-2,-9,9,0,-6
169.723823,20261,rest,-10,6,-3,-2,-6,-5,0,-68
169.743671,20262,rest,-6,11,0,2,-2,-1,-5,18
169.743748,20263,rest,10,2,1,-1,5,-5,-3,-3
169.745607,20264,rest,-15,-12,-1,-2,-5,4,0,0
169.745615,20265,rest,-27,-47,-2,2,26,-2,-1,-9
169.757042,20266,rest,-2,3,0,-4,-11,3,3,9
169.757066,20267,rest,-6,18,0,-6,-7,-3,2,-7
169.766796,20268,rest,71,3,2,10,10,15,11,8
169.766805,20269,rest,-89,-17,-2,1,-15,-19,-19,18
169.781126,20270,rest,11,10,-3,-2,4,20,8,6
169.781151,20271,rest,5,-36,0,-1,1,-8,-2,10
169.782850,20272,rest,1,6,0,-6,-18,-5,-3,-10
169.782887,20273,rest,32,13,4,1,5,4,2,12
169.803880,20274,rest,6,9,-1,-2,-1,-4,-2,10
169.804226,20275,rest,-20,3,-1,0,3,-4,-4,-12
169.805311,20276,rest,-13,-4,-1,-1,6,-2,1,-4
169.805349,20277,rest,32,8,-1,0,-7,5,0,11
169.817155,20278,rest,-12,11,2,2,4,-6,-4,5
169.817206,20279,rest,4,-1,-4,-2,1,-7,-1,-48
169.827109,20280,rest,-23,-14,-3,-4,1,-5,-5,-4
169.827119,20281,rest,21,23,2,3,6,3,1,14
169.841259,20282,rest,-6,-2,-1,0,3,1,0,8
169.843121,20283,rest,22,30,2,2,-3,-2,-2,4
169.843133,20284,rest,-11,-78,-6,-6,-4,-3,-2,9
169.843137,20285,rest,-16,0,-1,-2,-6,1,-1,-6
169.863496,20286,rest,-49,6,-4,0,1,-3,-3,-15
169.863518,20287,rest,-7,5,1,-1,-4,-3,-3,10
169.865290,20288,rest,-5,53,1,-2,-7,-4,-3,13
169.865528,20289,rest,26,-65,-4,-1,8,5,1,9
169.877667,20290,rest,15,-21,0,-3,21,-25,-2,3
169.879909,20291,rest,-43,-1,2,-2,-11,14,2,-5
169.886551,20292,rest,9,19,-1,1,-23,-2,0,-2
169.886557,20293,rest,-12,19,0,0,1,-1,1,-2
169.901213,20294,rest,42,10,0,-8,-13,1,5,-8
169.902375,20295,rest,8,-20,-3,6,4,-8,-3,13
169.902586,20296,rest,-3,12,0,2,11,1,2,-10
169.902596,20297,rest,35,23,-2,-5,3,0,1,-42
169.923277,20298,rest,-3,-6,0,-2,-9,17,8,5
169.923301,20299,rest,21,-5,-4,-4,-1,-21,-13,-1
169.929698,20300,rest,10,-12,-1,1,3,3,1,-2
169.929843,20301,rest,1,29,-2,-2,-4,-2,1,-5
169.937109,20302,rest,-1,28,0,2,2,3,-5,4
169.937132,20303,rest,7,-71,-1,-1,-4,8,6,-3
169.947474,20304,rest,7,54,1,3,5,-1,-3,18
169.947482,20305,rest,28,-4,2,-3,-1,-2,-5,9
169.961294,20306,rest,-67,3,0,-3,-4,1,0,-2
169.961396,20307,rest,24,13,1,-1,-6,2,1,11
169.962712,20308,rest,-58,-26,-4,-3,2,-8,-6,-16
169.962735,20309,rest,4,8,0,-1,-1,3,1,13
169.983642,20310,rest,9,4,-2,-2,1,-6,-7,6
169.983668,20311,rest,4,6,-1,0,-11,18,0,-3
169.985516,20312,rest,15,8,-4,-4,3,-4,-2,-5
169.985524,20313,rest,-10,6,0,-2,0,6,0,7
169.997403,20314,rest,24,-38,-4,4,1,-14,-4,-8
169.997450,20315,rest,-3,22,-2,-1,2,-7,4,3
170.008000,20316,rest,8,6,0,-2,-3,4,-1,-5
170.008006,20317,rest,-6,-3,0,0,-4,-2,-1,7
170.022797,20318,rest,6,-11,-4,-2,-5,-1,-1,-1
170.022805,20319,rest,6,16,0,0,8,1,3,1
170.022808,20320,rest,-5,-23,-1,-1,0,1,-1,-1
170.022810,20321,rest,-14,-13,-5,-1,-3,-6,-6,-12
170.043680,20322,rest,-8,-5,1,-1,-4,4,-2,51
170.043705,20323,rest,-15,4,-1,1,29,-1,-2,6
170.046840,20324,rest,2,17,0,-5,-10,-2,2,-7
170.046853,20325,rest,-13,-30,4,6,5,0,-3,0
170.066153,20326,rest,-1,-1,-2,-2,-6,4,1,24
170.066176,20327,rest,-18,-1,-1,5,6,-4,-3,2
170.067605,20328,rest,63,47,3,0,-1,-3,-2,7
170.067614,20329,rest,-45,-46,-8,-5,-2,-2,1,0
170.081154,20330,rest,34,15,2,2,-10,-13,-3,-15
170.081184,20331,rest,-5,-7,0,-2,7,6,-3,-4
170.083676,20332,rest,-63,-24,1,-1,14,20,10,3
170.083683,20333,rest,30,24,0,-5,-14,-14,-9,3
170.103719,20334,rest,-15,-14,-4,3,0,1,-3,-21
170.103742,20335,rest,11,-10,-7,-8,-18,-15,-4,1
170.105165,20336,rest,-38,-4,-3,1,10,4,3,-25
170.105187,20337,rest,25,22,3,0,5,9,4,9
170.126202,20338,rest,-6,6,-1,0,1,-4,-5,-10
170.126231,20339,rest,4,7,0,-1,-6,1,0,-1
170.128932,20340,rest,-13,-10,-1,0,-4,-3,-3,5
170.128942,20341,rest,-18,11,0,1,0,-3,1,5
170.141227,20342,rest,62,0,1,-1,-4,-1,-8,-11
170.141252,20343,rest,-78,-42,-4,0,11,2,0,-2
170.142587,20344,rest,14,-29,-5,-5,-6,-6,-2,3
170.142632,20345,rest,5,9,3,-1,14,-3,4,-10
170.163866,20346,rest,4,17,1,5,-14,5,7,-47
170.163874,20347,rest,28,18,2,0,-9,-1,-2,17
170.165152,20348,rest,-24,-3,-2,-3,-2,-8,-6,4
170.165171,20349,rest,-1,-3,-1,2,5,1,-4,-43
170.185935,20350,rest,-14,-1,1,-4,2,3,3,-5
170.187881,20351,rest,8,-3,-2,-1,-9,-4,-4,-5
170.187892,20352,rest,2,19,1,3,-2,-3,-2,0
170.187896,20353,rest,25,-75,-4,-2,1,0,0,8
170.208808,20354,rest,-39,16,-3,-4,-1,17,0,11
170.208834,20355,rest,-45,2,2,1,-9,-6,-1,-5
170.211488,20356,rest,68,-6,1,0,0,3,-2,1
170.211496,20357,rest,-36,35,-2,-3,-5,-5,-1,6
170.223759,20358,rest,11,-28,-3,-3,7,-7,-1,10
170.223784,20359,rest,14,8,-1,-2,2,3,-2,2
170.226553,20360,rest,10,-2,1,1,6,-4,0,-5
170.226561,20361,rest,3,8,1,-2,-23,17,9,6
170.246102,20362,rest,0,4,-2,-2,-4,-24,-13,10
170.246126,20363,rest,41,-9,-4,-2,-1,6,7,-5
170.248493,20364,rest,-55,-8,-1,-2,-6,-4,-2,0
170.248501,20365,rest,19,11,-2,-5,5,-2,-3,4
170.260557,20366,rest,-22,-12,1,-1,-4,9,8,15
170.260593,20367,rest,8,8,1,1,-1,-3,-3,-2
170.267189,20368,rest,7,12,-3,-4,0,-4,-1,-52
170.267211,20369,rest,-10,-19,-1,-2,0,3,0,15
170.283646,20370,rest,-20,6,-2,-3,-2,-4,-3,-10
170.283665,20371,rest,29,11,1,0,2,-25,-5,4
170.285320,20372,rest,-27,-2,1,0,-1,16,-1,-1
170.285372,20373,rest,50,60,2,2,-5,-1,3,-3
170.305677,20374,rest,-59,-94,-6,-4,-1,-3,-2,-22
170.305686,20375,rest,24,20,-2,-5,-6,0,0,10
170.312463,20376,rest,6,-21,-2,-4,13,-8,-3,7
170.312494,20377,rest,-6,31,1,0,-12,-5,-4,-3
170.320319,20378,rest,26,6,1,-2,4,2,0,2
170.320337,20379,rest,-18,-5,-1,1,-3,4,2,0
170.327238,20380,rest,-4,-4,0,-1,-7,-5,-4,8
170.327271,20381,rest,15,28,3,4,25,0,-4,17
170.343844,20382,rest,9,-24,0,1,1,0,-1,1
170.343874,20383,rest,-21,-6,-1,-3,-4,3,0,-10
170.346187,20384,rest,17,4,2,-1,-10,-3,-1,12
170.346195,20385,rest,-44,0,-2,0,8,-2,-2,-10
170.367677,20386,rest,1,15,0,2,3,3,2,6
170.367682,20387,rest,-6,-4,0,0,3,2,-3,-4
170.367685,20388,rest,22,6,0,0,-4,-1,2,4
170.367687,20389,rest,3,-35,-5,0,-11,-3,-1,1
170.380448,20390,rest,-12,-9,-5,-7,-1,-4,-2,1
170.380502,20391,rest,-10,16,1,7,1,1,0,3
170.387157,20392,rest,2,-38,-3,0,1,-2,1,-17
170.387180,20393,rest,-5,-9,1,-3,-13,-1,-2,-39
170.403516,20394,rest,28,32,3,2,-2,-22,-10,21
170.403645,20395,rest,41,20,3,-3,-4,18,-1,-9
170.405216,20396,rest,-78,-22,-5,-2,4,-3,-3,-39
170.405222,20397,rest,10,10,-4,-3,-29,-3,0,-1
172.430713,20398,clench,-5,-1,-4,-3,-11,-17,-9,-13
172.430989,20399,clench,-11,-71,-8,1,4,-9,-5,-7
172.430995,20400,clench,0,38,-9,-1,-16,-3,17,-1
172.431064,20401,clench,-1,1,11,0,9,18,-7,9
172.451145,20402,clench,-2,2,9,-6,-4,4,-3,-3
172.451167,20403,clench,6,-16,7,2,-1,-5,27,2
172.452594,20404,clench,0,25,-19,-1,4,-7,-21,-10
172.452637,20405,clench,-3,-25,-1,0,-1,5,10,43
172.464586,20406,clench,10,3,-5,-1,4,2,-3,1
172.464632,20407,clench,3,17,-2,0,2,-9,-7,2
172.473711,20408,clench,-16,-75,-8,-6,-6,1,12,-8
172.473716,20409,clench,4,55,6,3,3,6,16,-3
172.488421,20410,clench,6,13,9,1,5,-2,-21,-4
172.488445,20411,clench,5,7,-11,-1,-2,0,19,33
172.489877,20412,clench,-2,-25,24,4,10,1,-7,-3
172.489893,20413,clench,-13,-24,-13,-4,-9,-10,-9,-16
172.511338,20414,clench,4,16,1,7,0,-3,27,8
172.511352,20415,clench,-2,12,-10,-12,-8,-6,8,-4
172.512674,20416,clench,34,-5,-5,-4,-1,15,-17,17
172.512696,20417,clench,-13,31,1,-3,0,-3,-33,-8
172.526963,20418,clench,-12,-28,-23,5,2,-2,25,-19
172.526972,20419,clench,4,55,18,-3,-9,-2,-10,76
172.534308,20420,clench,1,-17,8,1,7,1,24,16
172.534317,20421,clench,17,-19,-15,-8,-15,-9,-10,31
172.548680,20422,clench,-8,-6,8,-1,3,10,-13,-9
172.548706,20423,clench,-5,-15,-8,2,-2,-4,-21,-29
172.550409,20424,clench,8,6,-7,-1,6,5,7,2
172.550418,20425,clench,-14,20,-13,-1,-6,-16,8,-9
172.570971,20426,clench,-2,-56,-2,-1,-5,-2,2,2
172.570995,20427,clench,0,48,1,5,-2,2,17,-12
172.572874,20428,clench,3,-26,-3,-3,4,0,-21,-10
172.572883,20429,clench,4,4,-8,1,6,-12,6,-19
172.584650,20430,clench,-9,27,16,-9,-8,11,-44,4
172.584674,20431,clench,-2,-20,1,-1,4,9,45,-20
172.595513,20432,clench,2,-27,-22,2,2,-15,-35,12
172.595522,20433,clench,4,1,30,0,-12,0,32,-9
172.608721,20434,clench,19,46,0,0,5,-2,-3,19
172.608747,20435,clench,-20,-8,1,0,0,-11,-37,-49
172.609956,20436,clench,-11,-11,-5,-4,-6,7,14,2
172.609979,20437,clench,2,-25,-6,2,4,14,-5,-15
172.631108,20438,clench,14,26,4,-1,8,-10,10,-8
172.631149,20439,clench,10,2,4,2,-20,-5,-6,-33
172.632579,20440,clench,-22,-27,-9,-2,5,0,-3,2
172.632614,20441,clench,10,-11,2,3,-7,0,-24,3
172.645170,20442,clench,-16,-15,10,-3,-1,-15,-7,2
172.645207,20443,clench,-12,22,-9,0,9,16,3,-8
172.654347,20444,clench,1,-22,-3,-9,-12,-8,23,12
172.654352,20445,clench,1,1,0,6,15,5,-28,-11
172.668548,20446,clench,-3,-55,-18,-7,-17,-21,-23,-29
172.668568,20447,clench,-4,-14,-12,-5,2,13,1,31
172.670038,20448,clench,6,86,44,8,10,3,44,3
172.670056,20449,clench,17,0,-1,-10,-6,0,20,9
172.691690,20450,clench,-26,7,-2,1,-5,-7,-31,-41
172.691707,20451,clench,-1,-42,-16,-2,-1,-16,-8,9
172.693387,20452,clench,1,-2,3,5,0,7,-22,-2
172.693394,20453,clench,-1,-21,-11,-1,5,-4,7,8
172.704869,20454,clench,7,40,8,-2,-6,-8,19,3
172.706931,20455,clench,9,10,16,4,-8,-19,-26,11
172.714673,20456,clench,1,-2,2,3,5,30,9,28
172.714681,20457,clench,-10,5,-10,-5,-5,4,6,27
172.728762,20458,clench,6,-26,-8,-4,1,-1,-7,-9
172.728800,20459,clench,-13,-3,0,0,7,5,20,5
172.730874,20460,clench,4,-29,-7,1,1,-14,-20,-31
172.730882,20461,clench,-14,-2,18,0,-7,-6,-2,-12
172.750981,20462,clench,9,96,11,5,8,-2,8,20
172.751000,20463,clench,9,-21,5,0,11,15,28,45
172.752789,20464,clench,-12,16,-7,-5,-32,-39,-25,-20
172.752814,20465,clench,-12,-33,-17,-1,7,35,-14,-18
172.764796,20466,clench,8,8,2,4,5,18,58,18
172.764822,20467,clench,-21,-21,27,1,6,5,-22,-30
172.775244,20468,clench,9,-76,-18,0,7,-13,16,2
172.775251,20469,clench,0,-40,-25,-4,-7,-15,6,0
172.788680,20470,clench,15,72,50,7,-7,10,-13,59
172.788706,20471,clench,3,-60,-30,1,3,-4,9,-1
172.790584,20472,clench,-7,30,10,-3,3,9,-4,-15
172.790599,20473,clench,-6,-12,-1,-3,0,-12,-18,-34
172.811212,20474,clench,27,-53,-25,-3,0,0,-14,14
172.811249,20475,clench,-8,38,-4,0,-4,0,3,-2
172.812888,20476,clench,-20,-86,-61,-9,-1,-24,-20,-11
172.812922,20477,clench,18,124,60,2,0,30,33,19
172.827775,20478,clench,-20,-16,-15,-3,-17,-25,-26,-11
172.827785,20479,clench,15,1,9,2,5,22,-8,-20
172.833629,20480,clench,2,5,-10,-3,-10,-5,1,5
172.835487,20481,clench,-7,-9,-27,-2,0,-14,6,-4
172.848780,20482,clench,-9,-48,-12,-4,9,15,35,-17
172.848798,20483,clench,1,20,1,-1,-9,-14,-22,-3
172.850131,20484,clench,-7,20,7,-6,-9,-9,-17,-46
172.850136,20485,clench,9,-33,1,1,0,-7,2,8
172.870961,20486,clench,-13,40,10,1,-3,8,-6,-5
172.873602,20487,clench,-2,1,-6,-4,-3,-15,-14,-5
172.873645,20488,clench,13,2,16,2,3,21,10,6
172.873647,20489,clench,-24,12,-5,1,3,-7,-12,-4
172.893635,20490,clench,-7,-54,-28,-4,-1,-13,-14,-36
172.893765,20491,clench,5,31,21,3,13,10,19,-1
172.896397,20492,clench,-6,76,26,4,-10,0,-24,55
172.896408,20493,clench,-9,-37,-19,2,13,8,-2,-9
172.908754,20494,clench,4,32,-7,2,-6,-5,50,-20
172.908779,20495,clench,10,21,3,-9,-8,-3,3,-3
172.909961,20496,clench,-11,3,-7,3,6,13,-8,15
172.909988,20497,clench,6,-23,-2,-6,-11,-10,5,13
172.930964,20498,clench,-10,-18,29,9,21,5,1,-16
172.931004,20499,clench,0,28,1,-2,-11,-1,-10,5
172.932614,20500,clench,11,-1,-1,2,12,14,12,27
172.932664,20501,clench,-1,-19,-14,-2,-7,-4,-5,48
172.953673,20502,clench,4,12,-3,-2,-1,-15,-38,-5
172.953691,20503,clench,-6,-34,-8,-2,-5,2,22,-6
172.954918,20504,clench,-6,-10,23,1,4,-3,-20,-12
172.954934,20505,clench,7,-20,-11,-2,-6,-3,-12,-22
172.969679,20506,clench,9,30,21,4,0,6,-11,5
172.969683,20507,clench,-9,-22,-12,-3,9,6,-15,11
172.970012,20508,clench,-5,41,1,0,-21,-15,26,-2
172.970021,20509,clench,7,-45,8,3,2,-5,-14,-5
172.991022,20510,clench,-4,-4,-15,-4,2,11,1,13
172.991048,20511,clench,0,-97,-21,-8,-11,-13,3,-4
172.993004,20512,clench,21,93,45,8,2,-19,15,-12
172.993015,20513,clench,-20,-7,15,-3,8,45,-28,45
173.013606,20514,clench,14,-50,-23,-1,-6,-6,-7,-9
173.013625,20515,clench,-5,21,-4,-2,4,1,0,-10
173.015155,20516,clench,-11,-38,-7,-6,-8,-13,-3,-12
173.015215,20517,clench,6,28,7,4,3,-13,1,-2
173.028072,20518,clench,-7,-1,-6,-6,-2,2,-1,-23
173.029896,20519,clench,-1,27,1,1,-5,-12,1,4
173.034852,20520,clench,8,-36,-9,3,16,20,-5,-9
173.034883,20521,clench,-19,57,20,-3,0,-3,37,-5
173.050985,20522,clench,1,-37,-5,-2,-12,1,-41,2
173.051009,20523,clench,8,17,2,3,-8,-15,-10,-7
173.052587,20524,clench,-8,-25,-11,-1,1,2,-41,-17
173.052607,20525,clench,2,-15,-12,-1,6,-1,35,-15
173.073668,20526,clench,4,32,9,-2,-10,-10,41,11
173.073692,20527,clench,3,36,26,8,0,-9,16,-21
173.075231,20528,clench,4,7,-2,-13,-1,31,-15,26
173.075239,20529,clench,-9,18,-9,-3,-10,-6,-12,-10
173.087809,20530,clench,-2,-46,-7,-3,2,0,-9,25
173.087829,20531,clench,4,-13,-11,-2,-1,0,-6,-8
173.095943,20532,clench,-6,-11,-3,3,1,-15,6,-11
173.095951,20533,clench,11,-30,-7,0,-4,-10,-9,0
173.111532,20534,clench,-4,-21,-16,-1,4,-4,-12,-1
173.111543,20535,clench,1,39,7,-8,-5,5,-17,15
173.112678,20536,clench,-5,-15,11,-3,-3,8,24,-34
173.112704,20537,clench,9,8,-2,-5,-6,-4,-16,-16
173.133484,20538,clench,-1,-20,-4,1,2,1,10,15
173.133503,20539,clench,0,-5,-2,4,1,-4,-9,2
173.135026,20540,clench,-5,5,-6,-2,4,-2,28,2
173.135057,20541,clench,2,-7,1,1,-4,-2,-26,3
173.147979,20542,clench,-4,0,12,-2,2,-1,8,-11
173.148011,20543,clench,-16,-6,-4,-1,1,-2,-38,-17
173.154873,20544,clench,6,-22,-12,-6,-8,-8,42,13
173.154971,20545,clench,0,23,12,1,5,10,-6,-3
173.170979,20546,clench,20,12,-1,0,-4,-6,-14,0
173.170998,20547,clench,-5,-7,-1,0,4,4,-3,-1
173.172509,20548,clench,-18,-11,-7,4,5,6,10,4
173.172527,20549,clench,15,1,6,-2,-2,-1,-7,2
173.193696,20550,clench,-17,10,-3,-4,2,0,-1,-2
173.193734,20551,clench,-6,-65,-15,5,3,-4,35,37
173.196957,20552,clench,12,91,14,-1,-6,-3,-84,-17
173.196966,20553,clench,5,9,6,-6,-7,-2,28,-42
173.207854,20554,clench,-1,2,-4,-2,0,7,-2,2
173.207879,20555,clench,2,-3,2,3,-2,-14,24,-1
173.214865,20556,clench,-10,-50,-31,-5,7,3,-18,7
173.214885,20557,clench,-2,40,11,-1,-16,-2,20,-2
173.231121,20558,clench,-1,-12,14,2,2,12,1,12
173.231160,20559,clench,-4,-3,-11,-6,-5,-2,-11,-29
173.232924,20560,clench,8,-34,0,3,1,-2,15,7
173.232936,20561,clench,0,-5,-5,-1,5,-6,-4,5
173.261413,20562,clench,-12,-4,-8,-4,-5,-9,0,-6
173.261454,20563,clench,-7,1,4,0,0,13,0,-5
173.263420,20564,clench,10,-19,-3,-1,4,-2,-8,-8
173.263429,20565,clench,2,40,1,0,-1,-3,11,16
173.267856,20566,clench,-3,-4,-3,-1,-6,-6,18,19
173.267926,20567,clench,-1,14,-2,-3,-2,6,-21,6
173.274651,20568,clench,-1,-14,0,-1,0,-8,5,-18
173.274676,20569,clench,-4,-29,-8,-1,0,-4,-20,0
173.290934,20570,clench,-8,-25,3,4,1,0,-8,25
173.290959,20571,clench,-2,55,5,-4,3,8,-7,-9
173.292535,20572,clench,1,-29,-9,-1,-12,-14,28,-18
173.292543,20573,clench,-7,-43,-1,2,21,19,-5,-18
173.315237,20574,clench,-3,58,2,6,-9,-13,-17,-21
173.315249,20575,clench,6,-39,11,-4,-7,-7,-4,4
173.315252,20576,clench,-9,36,3,1,-1,11,0,23
173.315254,20577,clench,3,-12,-10,0,17,-6,19,9
173.328271,20578,clench,4,-7,2,-4,-11,-8,-34,-23
173.328313,20579,clench,-5,2,-13,-3,0,1,32,-30
173.334590,20580,clench,-6,-15,10,0,-5,-4,1,24
173.334608,20581,clench,-4,2,-3,-2,4,1,13,-15
173.350982,20582,clench,3,7,1,-1,9,5,-10,-9
173.351004,20583,clench,0,4,-3,-1,-7,-4,1,-6
173.352503,20584,clench,-4,-2,-2,-3,1,-3,7,9
173.352529,20585,clench,3,3,9,7,-2,-12,-23,3
173.373448,20586,clench,-9,-23,-43,-13,4,1,-6,-9
173.373473,20587,clench,-7,80,66,12,-12,-3,-2,8
173.375141,20588,clench,12,-20,-3,-2,11,22,13,8
173.375212,20589,clench,-14,42,-2,-2,-11,-6,-10,-17
173.387136,20590,clench,9,-16,-1,-1,-2,5,11,35
173.388075,20591,clench,5,-42,-23,-3,10,5,-5,4
173.396825,20592,clench,10,-4,7,1,-3,-13,-20,7
173.396830,20593,clench,-1,35,3,1,-7,-6,-13,-9
173.411170,20594,clench,-5,-18,-3,-2,16,3,16,-6
173.411206,20595,clench,8,6,-9,0,-22,-5,13,10
173.412814,20596,clench,-9,41,9,3,-1,2,-42,-8
173.412848,20597,clench,-3,-51,-14,-3,-3,-4,56,14
173.433583,20598,clench,18,22,4,-2,-7,9,-1,4
173.433602,20599,clench,-25,-30,-2,-1,7,-13,-25,5
173.435412,20600,clench,-1,3,-4,-3,-4,10,10,-36
173.435445,20601,clench,1,3,0,0,1,1,-9,25
173.447102,20602,clench,-1,5,5,1,2,-1,-9,-9
173.447124,20603,clench,8,3,-5,-4,0,2,11,0
173.456293,20604,clench,-14,-44,0,0,0,-13,-4,-26
173.456298,20605,clench,25,47,-8,-7,0,-6,-20,41
173.472270,20606,clench,-26,-41,-4,-3,0,12,14,12
173.472275,20607,clench,-2,39,4,-2,-14,-10,-2,1
173.472442,20608,clench,-5,23,-3,-8,-4,11,13,-19
173.472467,20609,clench,-1,-25,0,-2,-6,-16,-13,-18
173.493639,20610,clench,6,-4,-13,-2,6,9,3,-16
173.493670,20611,clench,6,-32,1,2,12,13,31,18
173.496616,20612,clench,-2,28,-16,-1,-1,-8,-30,-10
173.496624,20613,clench,-3,-16,29,3,-3,3,3,-8
173.507079,20614,clench,1,15,-2,-3,-3,-22,13,-4
173.507103,20615,clench,-5,-30,-9,-2,1,14,-21,-17
173.517371,20616,clench,0,6,8,2,-7,-12,11,15
173.517377,20617,clench,-4,-9,-16,-3,1,4,0,0
173.538452,20618,clench,-5,8,10,3,1,0,-15,-1
173.538476,20619,clench,14,-25,-1,5,15,-4,-16,0
173.540183,20620,clench,2,-31,-19,-2,-2,-4,17,1
173.540272,20621,clench,-11,68,14,-7,-14,7,-13,-29
173.553546,20622,clench,3,-11,4,-2,-9,-1,12,0
173.553640,20623,clench,0,1,-3,-4,-1,-12,18,3
173.555213,20624,clench,6,-26,-11,-1,6,7,-17,3
173.555359,20625,clench,-9,-4,0,6,5,0,-29,-41
173.567165,20626,clench,13,9,7,4,2,-4,6,1
173.567184,20627,clench,-23,18,-12,-6,2,7,7,-2
173.576787,20628,clench,-1,-17,1,-1,-6,-8,4,-6
173.576799,20629,clench,5,-10,1,0,0,-3,12,-4
173.591184,20630,clench,-11,9,-10,-3,-12,-5,-9,-49
173.591208,20631,clench,1,-16,-10,3,3,-5,-18,-2
173.592916,20632,clench,-6,46,19,-2,-8,-10,15,2
173.592921,20633,clench,10,1,-10,3,11,14,7,13
173.613890,20634,clench,-34,-7,4,-9,-20,-6,12,-4
173.613899,20635,clench,10,-19,-15,-11,-11,4,-33,-18
173.615119,20636,clench,12,36,0,3,0,-3,4,-5
173.615138,20637,clench,-3,-20,-5,-1,6,9,17,35
173.627817,20638,clench,11,-11,7,2,3,-9,-21,11
173.627862,20639,clench,-3,2,-1,0,-2,0,-4,7
173.637337,20640,clench,4,-8,-2,-1,-4,-3,-4,22
173.637347,20641,clench,-8,-25,-11,-4,-10,-14,-12,-23
173.650969,20642,clench,13,-3,4,7,6,11,-2,16
173.650990,20643,clench,12,37,-2,4,7,1,5,5
173.652559,20644,clench,-23,-25,12,-5,9,-2,0,3
173.652579,20645,clench,2,20,-1,2,-13,-3,43,3
173.673715,20646,clench,-16,-29,-9,-4,-3,-10,-40,-2
173.673739,20647,clench,24,31,15,2,7,18,16,53
173.675867,20648,clench,-8,-10,9,4,7,-7,-22,11
173.675873,20649,clench,-18,-33,-19,-8,-4,6,10,-2
173.687105,20650,clench,8,35,21,3,4,2,-13,5
173.688644,20651,clench,0,-21,-19,-4,-5,-5,18,-18
173.697707,20652,clench,-1,-9,-6,-8,-11,-4,-24,-12
173.697720,20653,clench,9,10,22,6,1,-5,-14,53
173.711276,20654,clench,5,-9,-26,-2,0,-5,7,-9
173.711301,20655,clench,-18,-8,22,-4,1,-1,-1,-12
173.712712,20656,clench,10,11,2,3,2,18,7,7
173.712743,20657,clench,-16,-14,1,-2,1,-9,4,-35
173.733516,20658,clench,6,4,3,-3,-17,-3,2,2
173.733541,20659,clench,2,20,-8,2,-2,-6,-24,9
173.734961,20660,clench,-18,16,10,-3,-9,-3,47,-21
173.734976,20661,clench,12,-60,-20,4,6,-5,-41,-12
173.747199,20662,clench,-1,90,33,4,6,10,0,-17
173.747230,20663,clench,-9,-7,18,1,2,-5,-11,-3
173.756003,20664,clench,-4,-17,-25,-7,-10,9,19,-18
173.756014,20665,clench,18,-15,-9,-2,4,-19,-17,-3
173.771959,20666,clench,-9,9,10,-2,-1,15,8,-54
173.771965,20667,clench,17,-59,-18,-3,-9,-11,-7,-1
173.772372,20668,clench,-40,59,20,8,15,-2,-25,-33
173.772379,20669,clench,0,-10,0,1,-3,-6,14,-7
173.793614,20670,clench,12,-19,-12,-11,-1,11,3,14
173.793635,20671,clench,-8,41,-1,0,0,4,12,0
173.795669,20672,clench,14,-25,9,3,-8,-14,-21,16
173.795676,20673,clench,-15,0,-8,-3,-4,-3,25,-19
173.816008,20674,clench,4,12,-7,4,5,-2,-20,-1
173.818436,20675,clench,-2,-28,-7,-4,-7,5,4,-8
173.818444,20676,clench,5,-16,-5,1,11,5,16,14
173.818447,20677,clench,1,39,2,-7,1,6,18,-1
173.831190,20678,clench,3,-18,-5,-2,-18,-18,-23,-1
173.831214,20679,clench,-14,5,-18,-4,-2,-2,6,-4
173.832661,20680,clench,23,-21,15,3,1,1,-31,-8
173.832839,20681,clench,0,24,23,1,-5,2,25,40
173.853486,20682,clench,-3,-4,-1,1,14,10,23,11
173.853512,20683,clench,-6,-23,10,5,-11,-15,-12,-8
173.854918,20684,clench,-6,9,-25,-5,-5,-14,15,-8
173.854939,20685,clench,11,-29,-3,-3,7,27,-46,-11
173.876065,20686,clench,-3,8,4,3,9,-2,34,33
173.876094,20687,clench,12,5,3,6,0,-8,-67,3
173.877955,20688,clench,-4,-18,-14,-8,-6,-7,41,13
173.877972,20689,clench,0,11,1,4,11,1,-11,-10
173.891204,20690,clench,-20,-1,-12,-13,-17,-1,28,18
173.891222,20691,clench,2,-21,-4,-3,-2,3,-6,-31
173.893056,20692,clench,3,21,-14,0,11,4,-27,9
173.893064,20693,clench,-12,22,3,1,-9,-4,-7,7
173.913634,20694,clench,-2,12,-31,1,9,-7,19,-11
173.913644,20695,clench,-3,15,25,0,4,6,10,38
173.915093,20696,clench,10,14,3,-2,3,18,2,11
173.915121,20697,clench,-9,7,-3,-6,-6,-4,-1,6
173.935931,20698,clench,-3,-40,-3,4,2,-7,-12,13
173.935955,20699,clench,17,7,-15,-2,1,-11,-2,-24
173.937473,20700,clench,-23,-5,-3,0,-4,-3,2,-6
173.937529,20701,clench,10,-32,-10,-5,7,14,-4,30
173.950419,20702,clench,12,1,8,1,-16,-21,-6,5
173.951550,20703,clench,-16,0,-3,4,14,0,11,-11
173.957213,20704,clench,8,47,5,-2,-5,9,-16,17
173.957269,20705,clench,-3,-50,7,5,-3,-3,-14,-17
173.973759,20706,clench,12,28,10,-5,-3,-3,13,-11
173.973784,20707,clench,6,-50,-12,-2,0,5,27,0
173.976163,20708,clench,-19,64,5,-2,4,7,-9,9
173.976168,20709,clench,-4,16,-3,-1,-7,-14,-27,-26
173.996322,20710,clench,15,-4,10,5,20,15,14,-6
173.996352,20711,clench,-24,0,13,-3,-16,0,-12,2
173.997916,20712,clench,14,-20,-14,1,-1,-3,9,4
173.997936,20713,clench,-6,2,-17,1,1,-1,4,1
174.010452,20714,clench,-3,-15,13,-4,10,10,-19,8
174.010490,20715,clench,14,-28,-8,-4,-9,-6,20,40
174.017183,20716,clench,-3,21,7,-3,-6,-8,-7,-15
174.017208,20717,clench,-7,0,3,2,6,3,5,14
174.033490,20718,clench,5,-2,-19,2,-4,-9,-4,-9
174.033514,20719,clench,-21,14,0,-3,8,4,-9,-6
174.035190,20720,clench,19,-117,-2,0,-2,11,-28,1
174.035205,20721,clench,10,61,16,-2,-3,-7,33,-5
174.055897,20722,clench,-13,-8,-12,-2,0,4,-4,-4
174.055904,20723,clench,-6,23,1,-3,1,-12,-10,-61
174.055906,20724,clench,5,-27,-8,-1,-3,-8,-16,22
174.055908,20725,clench,-5,24,-4,-2,-7,-12,12,-8
174.069573,20726,clench,-2,-3,2,1,4,-2,-20,10
174.069593,20727,clench,1,34,12,4,-4,12,12,-9
174.078277,20728,clench,7,-17,-2,-4,3,-5,16,-18
174.078308,20729,clench,3,-18,-29,0,-9,3,-13,4
174.092894,20730,clench,-20,-33,1,-8,-3,-8,-20,-2
174.092922,20731,clench,17,79,38,5,-2,0,-15,0
174.094564,20732,clench,-35,30,5,7,10,-3,6,0
174.094574,20733,clench,1,-66,-7,-5,-1,-1,-2,43
174.115323,20734,clench,0,12,-7,3,-9,-20,-6,-34
174.115342,20735,clench,-7,-3,-10,-5,8,25,1,2
174.116901,20736,clench,18,13,5,1,-4,-4,7,1
174.116907,20737,clench,10,6,4,-2,-1,0,-38,17
174.129789,20738,clench,-8,-30,-4,4,5,8,25,-6
174.129811,20739,clench,-13,-3,-11,-4,2,-15,1,11
174.137767,20740,clench,25,36,27,7,-6,3,24,12
174.137791,20741,clench,-17,-29,-4,-4,-8,-2,-19,-33
174.152776,20742,clench,8,1,0,0,-5,0,-7,-6
174.152809,20743,clench,-6,7,-5,-2,3,3,10,18
174.153336,20744,clench,-6,-17,-11,1,19,2,-12,-17
174.153363,20745,clench,1,10,6,-7,-20,-11,8,-11
174.175262,20746,clench,6,-13,4,4,6,-6,0,11
174.175288,20747,clench,0,38,-3,-7,-9,0,-1,-3
174.176495,20748,clench,-12,-64,-18,-4,-8,-5,4,-3
174.176502,20749,clench,13,84,21,4,11,13,-4,25
174.189741,20750,clench,-3,-8,7,-2,-3,7,7,0
174.189766,20751,clench,17,-42,-15,2,3,-5,3,22
174.198118,20752,clench,4,-4,-1,-6,-6,-6,4,3
174.198147,20753,clench,-11,-13,-10,1,6,-1,8,-17
174.214049,20754,clench,-1,26,-6,3,-5,5,-25,1
174.214060,20755,clench,-16,-49,6,-2,-1,-7,8,-30
174.214063,20756,clench,3,8,-5,-6,-16,-3,4,15
174.214065,20757,clench,-1,-12,-2,-2,1,-2,13,-10
174.235234,20758,clench,-10,11,1,2,3,0,0,18
174.235251,20759,clench,6,-113,-40,-6,11,3,17,0
174.235982,20760,clench,0,111,34,4,-13,-14,-16,-12
174.236001,20761,clench,1,-15,14,-1,-6,15,1,-4
174.249763,20762,clench,8,-13,2,-3,-1,0,7,0
174.249788,20763,clench,-15,5,-2,2,7,0,-25,-9
174.258194,20764,clench,-5,-34,-31,-4,19,-1,3,-36
174.258239,20765,clench,2,4,-7,-3,-18,-14,14,8
174.272942,20766,clench,-2,-8,2,-11,-1,12,-4,-31
174.272967,20767,clench,14,15,-2,2,-4,-2,11,2
174.275694,20768,clench,1,-19,-10,-2,2,-10,2,-15
174.275702,20769,clench,-27,-68,3,6,23,17,-34,-27
174.295678,20770,clench,7,81,33,-2,-28,-16,7,-14
174.297778,20771,clench,2,19,11,0,-6,-6,-1,16
174.297784,20772,clench,-3,11,8,0,-8,7,10,20
174.297786,20773,clench,1,-18,-9,1,6,-9,-13,-7
174.309800,20774,clench,-7,-24,-14,1,4,-3,-23,17
174.309827,20775,clench,-7,18,8,0,0,9,29,-10
174.317066,20776,clench,10,-5,-1,2,3,-1,-4,30
174.317086,20777,clench,-2,10,3,1,-5,-5,19,-3
174.332898,20778,clench,-18,-76,-31,-4,15,-21,-34,-19
174.332933,20779,clench,2,111,30,6,-6,18,5,27
174.334244,20780,clench,5,-69,6,-9,-14,13,14,-51
174.334250,20781,clench,4,31,-2,2,16,0,3,-21
174.355173,20782,clench,0,11,-2,-10,-20,1,-46,17
174.355198,20783,clench,6,-59,-22,-2,3,-11,5,-25
174.355928,20784,clench,-10,8,-4,2,-1,-5,15,-3
174.355944,20785,clench,10,2,2,0,-3,-2,4,-4
174.369506,20786,clench,-4,11,-5,4,15,5,10,14
174.369532,20787,clench,3,-1,-3,-3,-3,-6,-20,-7
174.377506,20788,clench,-9,2,-2,0,-1,8,9,15
174.377541,20789,clench,-22,-1,-6,-4,-5,-8,4,2
174.392973,20790,clench,1,-35,-15,-2,9,8,17,9
174.395125,20791,clench,-6,21,-10,-2,-9,-14,-11,4
174.395134,20792,clench,19,36,47,4,-3,2,21,13
174.395136,20793,clench,7,-9,16,-1,0,5,-44,23
174.415644,20794,clench,-11,9,-1,-3,1,13,18,4
174.415652,20795,clench,-5,-45,-9,0,-2,1,-6,1
174.416056,20796,clench,-6,24,-12,1,3,-12,-32,-7
174.416067,20797,clench,-3,15,0,-2,-6,-7,23,-6
174.429693,20798,clench,11,-13,-4,5,9,12,10,9
174.429718,20799,clench,-8,-35,1,2,-2,-21,-34,-31
174.437252,20800,clench,13,39,7,-5,-13,13,50,57
174.437302,20801,clench,1,-7,-10,-3,3,1,-14,-3
174.452779,20802,clench,9,15,13,-4,-13,2,14,-8
174.452798,20803,clench,-16,-32,-20,-3,7,-5,-8,-15
174.453868,20804,clench,-19,-27,-18,-1,-1,-6,-30,-10
174.453873,20805,clench,0,13,1,-2,-4,2,14,-2
174.475417,20806,clench,-4,-17,-8,1,-1,-5,9,14
174.475442,20807,clench,23,21,7,-4,-7,-1,0,1
174.477967,20808,clench,-7,-14,-3,1,5,-5,-24,-5
174.478000,20809,clench,-16,49,-5,-3,-10,-9,7,1
174.489842,20810,clench,-6,16,8,3,4,1,-5,-20
174.489866,20811,clench,8,1,-3,0,3,-9,23,19
174.497159,20812,clench,0,-13,5,-1,1,5,-46,-3
174.497179,20813,clench,9,-29,-15,-8,-7,8,-2,-8
174.512843,20814,clench,15,28,-2,-3,-5,-10,4,19
174.514713,20815,clench,0,4,25,3,2,-5,-31,16
174.514721,20816,clench,-8,-19,-7,-4,-11,-6,7,-5
174.514723,20817,clench,-19,-17,2,-1,-1,3,-4,6
174.535233,20818,clench,20,9,-9,-6,-6,-7,4,16
174.535257,20819,clench,8,-14,-3,-2,0,4,3,2
174.537320,20820,clench,-19,-44,-15,3,8,-11,-19,-15
174.537326,20821,clench,6,51,13,1,-1,0,8,-5
174.549671,20822,clench,-11,2,10,0,-3,3,4,-15
174.549691,20823,clench,-5,0,-8,0,-2,-2,-6,-5
174.559418,20824,clench,1,12,1,-5,-5,4,10,9
174.559425,20825,clench,4,-17,-5,2,5,-2,9,-17
174.574378,20826,clench,-2,-45,-3,2,7,-8,-6,-4
174.574384,20827,clench,-4,72,5,3,-14,5,40,-2
174.574386,20828,clench,5,-27,6,5,-1,-4,-15,5
174.574388,20829,clench,11,5,-3,-8,-3,17,-26,0
174.595395,20830,clench,-25,4,14,-1,-9,1,19,-6
174.595420,20831,clench,24,-24,-3,-7,-5,2,-20,38
174.597559,20832,clench,-7,-5,-13,8,8,-6,46,-6
174.597568,20833,clench,-1,-39,-25,3,10,-6,-26,-9
174.609694,20834,clench,12,24,17,2,-5,-4,-21,-12
174.609721,20835,clench,-1,-31,-14,-9,-9,-8,0,34
174.617196,20836,clench,-12,70,15,4,19,21,-7,-25
174.617221,20837,clench,8,-9,12,-2,-8,-7,2,37
174.632739,20838,clench,-16,-1,-11,-3,-2,1,0,-2
174.632766,20839,clench,-5,-13,7,0,2,1,2,-22
174.634562,20840,clench,11,-11,-15,-6,-5,-6,-13,2
174.634569,20841,clench,-9,-9,-3,-4,-5,-5,6,-13
174.655190,20842,clench,-5,5,0,4,2,-3,1,-2
174.655215,20843,clench,-5,15,-5,3,5,-4,2,-11
174.656939,20844,clench,33,-22,1,-3,12,5,-4,25
174.656949,20845,clench,-25,14,2,0,-7,4,-11,-20
174.669546,20846,clench,-1,6,0,1,7,6,17,12
174.669571,20847,clench,5,-40,-12,-6,-5,-5,-22,-11
174.677771,20848,clench,-5,-43,-24,-4,-8,-21,-38,-31
174.677818,20849,clench,3,72,59,11,7,29,64,27
174.692921,20850,clench,12,1,-7,-4,6,3,-1,12
174.692950,20851,clench,1,-1,5,2,0,8,2,-33
174.696023,20852,clench,-19,-9,-21,4,-4,-12,4,-3
174.696033,20853,clench,10,-34,-5,-5,2,-5,-26,-7
174.715393,20854,clench,-19,-10,2,0,-11,-5,-11,-4
174.715399,20855,clench,7,9,-6,1,6,4,12,0
174.716073,20856,clench,3,30,-6,-5,-7,2,-6,19
174.716097,20857,clench,2,-30,-11,4,4,-17,1,43
174.729605,20858,clench,-7,-19,7,0,5,10,13,-21
174.729635,20859,clench,-27,67,25,1,-10,0,-19,-6
174.737341,20860,clench,1,0,-6,-11,-9,-1,6,1
174.738805,20861,clench,11,6,-4,-1,2,-4,-1,25
174.752814,20862,clench,16,-38,-22,-3,-8,-11,-10,0
174.754176,20863,clench,-3,-18,-10,2,2,-1,11,12
174.754181,20864,clench,-3,15,21,-2,-3,18,38,-10
174.754184,20865,clench,-7,-19,-17,-10,-15,-16,-33,-18
174.775536,20866,clench,-5,4,-4,-3,1,-2,-7,-7
174.775561,20867,clench,7,3,5,3,12,3,-3,-12
174.778313,20868,clench,-12,7,5,9,-1,-50,-30,-3
174.778333,20869,clench,14,-36,-19,-17,-21,48,38,11
174.797817,20870,clench,16,42,16,-3,-9,2,4,12
174.797836,20871,clench,-10,9,1,-3,-2,-1,-5,-33
174.798425,20872,clench,-13,-43,-1,-3,-4,-2,11,0
174.798441,20873,clench,-7,64,-39,1,5,-26,-30,-21
174.812720,20874,clench,3,18,85,12,0,4,28,32
174.812747,20875,clench,-1,-21,-13,-3,-3,-1,-34,5
174.814450,20876,clench,-7,25,-8,-1,-1,2,-14,-25
174.814456,20877,clench,4,-22,-5,1,2,-8,5,-6
174.835328,20878,clench,6,-7,-30,-6,-3,6,11,-4
174.835346,20879,clench,-6,2,-7,-2,4,-6,6,10
174.837314,20880,clench,7,0,20,4,6,12,5,3
174.837319,20881,clench,-8,-7,1,-1,1,-6,-9,-27
174.858980,20882,clench,7,-25,-21,0,2,-11,12,21
174.858988,20883,clench,-2,37,12,-4,-12,7,-12,13
174.858990,20884,clench,-19,0,-11,-5,5,13,-4,2
174.858992,20885,clench,10,-5,6,1,-2,1,10,-12
174.874388,20886,clench,2,-6,-7,7,6,-15,-27,-19
174.874395,20887,clench,-14,-76,-29,-4,23,11,-6,-1
174.874436,20888,clench,15,95,61,-5,-19,23,67,22
174.874438,20889,clench,5,-3,16,0,-4,-14,-15,13
174.895493,20890,clench,-1,25,-30,-4,-8,-6,-20,-3
174.895518,20891,clench,-1,-76,10,1,3,-4,-7,-3
174.897064,20892,clench,9,52,-6,5,1,-4,3,-47
174.897074,20893,clench,-20,-23,-2,2,10,9,-12,-5
174.917545,20894,clench,-6,16,-12,-18,-13,-4,-20,-20
174.917570,20895,clench,13,-6,-5,-3,-9,-2,19,10
174.925534,20896,clench,9,-43,-16,0,11,-4,-18,16
174.925558,20897,clench,-7,-1,-28,-1,-13,-6,16,4
174.932810,20898,clench,-12,-2,32,8,11,5,-12,-5
174.932827,20899,clench,-12,-16,-13,1,7,-2,-3,-9
174.933433,20900,clench,0,47,34,-3,-19,-11,-15,3
174.933478,20901,clench,6,-5,-8,-1,3,7,-5,-5
174.955232,20902,clench,-21,-19,-20,-3,-1,-2,14,21
174.955256,20903,clench,9,18,14,-1,-5,3,21,-1
174.956156,20904,clench,-14,-35,-15,1,5,-2,-3,1
174.956174,20905,clench,-1,-6,3,2,-1,-9,-3,-3
174.977860,20906,clench,4,7,1,-3,-5,1,3,-15
174.977899,20907,clench,13,32,12,4,3,-1,8,5
174.979591,20908,clench,2,-58,-49,4,-4,-35,-57,23
174.979600,20909,clench,-6,83,54,3,13,43,58,-3
174.992795,20910,clench,3,-19,-17,-12,-2,31,-4,-3
174.992815,20911,clench,18,78,-26,-5,-14,-19,18,30
174.995054,20912,clench,-18,-33,23,3,8,19,-26,-5
174.995061,20913,clench,4,-49,-20,-1,-11,-31,-13,-18
175.015268,20914,clench,-1,11,7,3,0,-7,11,4
175.015287,20915,clench,-9,-8,-3,-4,-1,9,-1,-9
175.016024,20916,clench,4,-24,-23,-4,-3,-3,11,-4
175.016043,20917,clench,-1,11,8,2,2,-9,-12,10
175.037728,20918,clench,-3,-17,-11,-2,2,3,-1,-26
175.037745,20919,clench,-8,6,10,1,-6,-3,3,3
175.039551,20920,clench,11,3,0,1,7,5,2,-1
175.039560,20921,clench,2,-107,-73,-10,-2,-33,-44,-9
175.052721,20922,clench,17,107,104,13,0,22,42,35
175.052739,20923,clench,-5,-18,4,-4,-4,16,-5,-1
175.053704,20924,clench,1,-8,-3,-7,-1,4,3,5
175.053711,20925,clench,-3,-8,-8,-1,0,-2,-1,1
175.075367,20926,clench,-2,-51,-45,1,1,-25,-28,-9
175.075397,20927,clench,-11,8,12,4,10,3,24,1
175.077189,20928,clench,1,-1,-6,-1,6,9,5,-10
175.077209,20929,clench,7,19,20,6,6,-3,23,-5
175.097834,20930,clench,-3,-19,-22,-12,-15,-4,-19,3
175.097856,20931,clench,4,-42,-45,8,0,-28,-1,-33
175.098477,20932,clench,20,69,77,5,9,57,50,24
175.098495,20933,clench,-25,4,-1,-4,-1,-4,-6,-1
175.112765,20934,clench,-4,-5,-5,0,1,-7,-21,-10
175.112790,20935,clench,6,-28,-20,-3,5,11,-7,-13
175.114495,20936,clench,-9,-36,-34,-2,-6,-25,-18,-13
175.114504,20937,clench,8,22,15,0,-3,4,3,15
175.135163,20938,clench,2,-8,-2,2,3,1,10,0
175.135187,20939,clench,-1,8,8,-3,-5,-9,-15,14
175.136176,20940,clench,-16,-10,-9,-2,-4,-7,-4,-17
175.136181,20941,clench,4,26,28,2,1,14,22,1
175.157680,20942,clench,-9,-45,-33,-6,-12,-27,-33,-23
175.157757,20943,clench,-11,-43,1,2,12,4,8,-5
175.158406,20944,clench,-2,64,-7,0,-10,-25,-25,-11
175.158422,20945,clench,38,-10,32,-6,-9,18,41,-2
175.172736,20946,clench,-36,5,-16,2,3,31,28,67
175.172752,20947,clench,19,26,28,-9,-10,3,-7,30
175.174513,20948,clench,-12,-59,-39,-5,-4,-10,-3,-17
175.174519,20949,clench,0,-12,-23,1,-2,-24,-29,-7
175.195603,20950,clench,6,-1,8,5,7,-8,-2,-29
175.195637,20951,clench,-11,7,4,0,-5,6,8,1
175.197280,20952,clench,7,-5,-9,0,4,-4,-8,9
175.197289,20953,clench,-2,12,6,4,-1,-4,-15,-2
175.219536,20954,clench,8,-30,-11,-5,-1,2,7,-5
175.219542,20955,clench,-9,34,28,2,12,10,-8,-30
175.219544,20956,clench,13,-47,2,0,-15,-12,0,1
175.219546,20957,clench,-28,48,5,-4,-5,-1,-32,-7
175.234244,20958,clench,7,23,-3,2,3,-5,12,3
175.234253,20959,clench,5,-49,-52,-8,0,-6,25,14
175.234258,20960,clench,-1,41,69,6,-2,19,-40,-57
175.234262,20961,clench,-24,-23,-4,-4,-1,5,16,-6
175.255337,20962,clench,17,-8,-18,-1,-2,-15,-16,-10
175.255361,20963,clench,-4,15,-1,-3,-7,-16,-4,-9
175.255952,20964,clench,7,-46,-23,-5,-9,6,-3,-20
175.255971,20965,clench,-3,10,-7,8,18,-2,51,17
175.277969,20966,clench,9,14,4,-12,-6,26,-8,-9
175.278001,20967,clench,5,-65,2,12,4,-14,-46,21
175.279828,20968,clench,-10,39,32,-9,-2,12,48,15
175.279835,20969,clench,27,-10,0,4,-6,-11,-58,-8
175.293009,20970,clench,-6,-14,-13,-2,1,-7,3,-3
175.293040,20971,clench,-5,-2,0,-1,0,5,12,0
175.295100,20972,clench,1,-8,-33,-1,8,-13,-7,27
175.295108,20973,clench,3,-21,-10,-3,-2,6,12,3
175.315276,20974,clench,-18,28,24,-1,0,-2,11,7
175.315301,20975,clench,-2,11,0,-3,-6,5,-16,-5
175.316644,20976,clench,3,6,-5,-4,3,-8,7,6
175.316649,20977,clench,-1,-13,-20,-5,-6,-2,4,-5
175.337729,20978,clench,0,24,21,4,-2,-20,-34,11
175.337747,20979,clench,1,39,30,2,7,29,32,-21
175.338764,20980,clench,-11,23,-15,3,6,-3,10,38
175.338774,20981,clench,-13,-24,-4,-6,-7,-2,-52,-13
175.352913,20982,clench,-15,-51,-1,0,5,22,42,13
175.352938,20983,clench,3,2,-4,-7,-30,-19,-36,-15
175.360555,20984,clench,16,12,-10,-1,5,2,31,26
175.360661,20985,clench,-9,-9,-9,2,6,-6,-34,-27
175.377978,20986,clench,-3,-5,-6,2,4,-10,-9,-9
175.378063,20987,clench,-9,28,11,2,3,5,24,2
175.378066,20988,clench,1,-30,-16,-7,-3,4,-13,-6
175.378068,20989,clench,2,22,7,2,2,-1,15,46
175.398046,20990,clench,1,-24,-3,-1,1,0,-2,-15
175.398074,20991,clench,1,25,5,-2,-3,-4,5,11
175.399500,20992,clench,-2,-32,-10,0,0,-5,-14,-4
175.399507,20993,clench,-3,79,2,-5,4,6,17,-3
175.412329,20994,clench,-2,-25,15,8,2,-5,-21,-12
175.412359,20995,clench,15,26,-14,-4,-6,6,19,7
175.420445,20996,clench,-16,17,-8,-4,-4,4,16,-10
175.420469,20997,clench,18,-52,13,5,9,4,-35,53
177.437003,20998,rest,-16,-3,2,2,1,-7,-5,14
177.437250,20999,rest,7,3,-2,0,-14,5,-4,-6
177.447049,21000,rest,13,19,4,2,9,17,9,8
177.447144,21001,rest,-14,-46,-4,-4,-9,-9,1,-18
177.461217,21002,rest,3,5,2,0,2,8,3,13
177.461253,21003,rest,27,24,1,-1,-7,-10,-3,-9
177.464154,21004,rest,-49,-21,0,0,-10,-5,2,15
177.464165,21005,rest,25,1,-4,-5,4,6,4,5
177.483343,21006,rest,10,0,-4,5,4,0,-3,4
177.483362,21007,rest,-17,-9,-1,1,1,-3,0,-21
177.484994,21008,rest,16,25,4,1,0,3,2,36
177.485015,21009,rest,12,8,-2,1,-3,-2,-2,-10
177.497732,21010,rest,-34,-17,-1,-2,4,2,1,10
177.497741,21011,rest,23,17,0,-3,-7,-8,-2,-8
177.507783,21012,rest,-22,-16,-2,0,-3,1,0,-8
177.507788,21013,rest,-11,21,0,0,-1,0,5,-13
177.520858,21014,rest,30,-20,-5,-2,36,-2,-3,1
177.520882,21015,rest,-13,13,2,-1,-17,1,1,10
177.522307,21016,rest,-3,-2,-2,-1,-1,-1,1,-5
177.522319,21017,rest,2,16,1,-1,-6,-24,3,-1
177.543408,21018,rest,5,13,3,-1,-2,20,0,-5
177.543457,21019,rest,-30,-20,0,0,3,-4,-1,4
177.545091,21020,rest,39,9,-6,-4,6,1,-1,-21
177.545121,21021,rest,-16,10,1,-6,-18,11,6,13
177.559010,21022,rest,0,-8,1,9,0,-27,-24,1
177.559019,21023,rest,-12,48,-2,-2,2,1,1,0
177.566819,21024,rest,7,-46,-3,-2,-9,-4,-3,1
177.566827,21025,rest,-34,-12,-4,-1,16,4,-3,-12
177.581050,21026,rest,-9,18,1,-2,-12,7,9,40
177.582303,21027,rest,32,3,1,-2,-8,0,-6,-4
177.582702,21028,rest,-63,-64,-4,1,5,-9,1,-14
177.582719,21029,rest,16,7,1,0,4,1,-6,15
177.605814,21030,rest,-9,-3,-2,-3,-8,1,4,-3
177.605821,21031,rest,-21,-5,-5,-3,1,-6,-4,-5
177.605824,21032,rest,20,25,3,-1,1,2,-1,1
177.605826,21033,rest,42,-1,-2,1,-7,-1,-5,-8
177.626164,21034,rest,-69,-12,-1,-3,0,-5,0,-28
177.626186,21035,rest,-11,3,2,2,1,27,0,6
177.629077,21036,rest,0,-21,2,-2,-4,-9,-11,-17
177.629087,21037,rest,0,-33,-3,0,-2,3,4,-5
177.641170,21038,rest,-14,5,-2,-1,-2,-4,-1,-18
177.641201,21039,rest,12,4,-1,0,-2,-7,1,6
177.643228,21040,rest,-11,19,0,1,11,4,2,3
177.643236,21041,rest,14,17,1,-4,-20,-3,-2,35
177.663542,21042,rest,15,-8,1,2,-2,3,2,2
177.663567,21043,rest,-45,-7,-2,0,-1,-9,-7,19
177.666041,21044,rest,-48,33,-2,-1,-3,-1,-1,-15
177.666049,21045,rest,14,-26,-6,-2,3,1,4,-19
177.686417,21046,rest,-19,5,-2,-3,11,5,2,-5
177.686444,21047,rest,3,-5,2,2,-14,2,7,-6
177.688741,21048,rest,35,27,0,-2,-4,-7,2,-43
177.688747,21049,rest,-6,13,5,3,5,13,-7,31
177.700993,21050,rest,12,-5,-3,-4,-2,1,2,-2
177.701020,21051,rest,-1,-6,-1,-3,3,-7,-5,-12
177.702599,21052,rest,29,-6,0,-1,-3,-2,8,-45
177.702622,21053,rest,-42,-21,-3,1,20,-3,0,-25
177.723384,21054,rest,52,33,-4,-4,-11,3,-1,-2
177.723409,21055,rest,-24,-76,-5,-6,4,-6,0,2
177.726182,21056,rest,1,-8,-1,0,-2,2,-2,17
177.726189,21057,rest,-9,-16,0,-4,-7,-4,-3,-27
177.746395,21058,rest,0,16,2,2,0,0,-3,2
177.746406,21059,rest,7,20,0,-3,0,-5,1,-20
177.747473,21060,rest,7,-10,-1,-1,2,3,-1,29
177.747492,21061,rest,-3,7,-3,0,2,-4,-4,-8
177.762951,21062,rest,-11,-8,1,0,-10,-4,1,-1
177.762961,21063,rest,19,7,-2,0,2,-21,6,-58
177.767229,21064,rest,-13,-3,2,1,0,19,-6,-3
177.767249,21065,rest,7,28,-4,1,-4,-1,9,6
177.783279,21066,rest,55,-36,-3,-1,13,-1,-2,28
177.783297,21067,rest,5,-12,-5,-7,-15,-2,-4,-9
177.789511,21068,rest,38,0,1,6,-7,-6,1,14
177.789538,21069,rest,-7,-18,-3,-2,-1,-4,-6,-6
177.805927,21070,rest,-34,-1,0,-2,3,3,1,-10
177.805952,21071,rest,1,10,3,0,6,2,-2,-31
177.808100,21072,rest,-5,6,-2,-4,0,-2,-4,16
177.808105,21073,rest,17,21,1,-1,-2,1,-1,3
177.820494,21074,rest,-13,-11,-3,-1,-11,-2,-1,-9
177.820519,21075,rest,-8,9,3,1,2,3,-2,12
177.827302,21076,rest,-11,6,-2,-4,-7,-3,-2,-2
177.827340,21077,rest,-11,-1,-2,0,2,-6,-1,8
177.843539,21078,rest,4,-5,-2,-3,-7,-4,-1,-7
177.843569,21079,rest,0,-4,-3,-1,6,0,-5,24
177.845298,21080,rest,36,8,1,0,1,1,-1,3
177.845331,21081,rest,-59,-19,-5,-4,2,16,-1,-18
177.865785,21082,rest,11,31,0,-1,-4,-1,-7,-8
177.865806,21083,rest,-1,-35,-4,-2,-2,5,2,9
177.867581,21084,rest,-7,-47,-4,-3,-21,-10,-2,4
177.867598,21085,rest,17,56,1,-1,-2,-4,-3,-8
177.880333,21086,rest,-14,-60,-3,-2,-6,3,-1,6
177.880362,21087,rest,-8,27,2,2,2,-2,-1,3
177.887081,21088,rest,21,9,2,-1,3,0,1,19
177.887106,21089,rest,-18,-2,0,0,-4,-5,-4,-33
177.911391,21090,rest,19,27,4,1,1,1,3,-13
177.911424,21091,rest,-2,4,-5,-3,6,-3,-1,-15
177.913832,21092,rest,10,-44,3,2,1,-28,-16,18
177.913842,21093,rest,-46,18,-2,-3,-2,14,-4,-48
177.926142,21094,rest,-10,-11,-6,-4,10,-6,-3,3
177.926170,21095,rest,2,-16,-5,-1,-6,12,5,-3
177.929304,21096,rest,-16,39,-2,0,10,-4,2,-7
177.929323,21097,rest,39,-3,4,-2,-4,-14,-4,11
177.940468,21098,rest,-12,7,1,6,3,1,0,-2
177.940494,21099,rest,-9,7,4,1,-3,3,-2,79
177.947108,21100,rest,14,16,-2,-1,4,2,-1,-6
177.947180,21101,rest,-3,-17,2,1,3,-3,0,10
177.964572,21102,rest,-29,2,1,-4,-7,3,-2,4
177.964581,21103,rest,6,13,2,1,-4,-3,-2,-8
177.964953,21104,rest,-19,15,-1,-1,0,2,-4,2
177.964961,21105,rest,13,-32,0,0,1,-1,-3,16
177.985854,21106,rest,-33,-4,2,-2,-7,6,10,2
177.985874,21107,rest,43,-3,-7,1,12,-6,-4,-9
177.987754,21108,rest,-27,23,-1,0,-28,6,0,1
177.987760,21109,rest,-2,-3,-2,-3,-3,-3,4,-45
178.000356,21110,rest,8,-1,2,-1,8,-7,-11,1
178.000381,21111,rest,-7,15,2,2,0,18,3,5
178.007142,21112,rest,-3,-21,-4,-5,-2,5,5,9
178.007165,21113,rest,14,-3,-2,11,23,1,-1,15
178.023664,21114,rest,9,5,-2,-3,-20,-15,0,-5
178.023688,21115,rest,10,-11,2,-1,-4,-4,-3,8
178.026373,21116,rest,-7,-5,-3,2,12,6,-2,-14
178.026381,21117,rest,12,-1,-2,-2,-2,0,3,14
178.046142,21118,rest,21,4,-2,-3,-29,-3,2,-45
178.046172,21119,rest,-11,9,1,1,-1,-8,-12,7
178.047338,21120,rest,70,10,1,-2,-4,-1,6,36
178.047358,21121,rest,-2,-25,-4,-2,-2,-4,3,17
178.060195,21122,rest,3,-2,-1,2,8,-9,-8,-9
178.060223,21123,rest,7,22,0,-2,-6,43,-2,-14
178.067016,21124,rest,4,-49,-4,-4,-1,-32,1,-11
178.067040,21125,rest,-6,17,2,-3,-9,3,3,14
178.083557,21126,rest,-1,-12,-5,-2,17,-1,5,-29
178.083586,21127,rest,-16,18,1,-5,-11,-23,-5,-13
178.085057,21128,rest,36,42,7,1,15,9,-1,-44
178.085168,21129,rest,-92,-93,-13,-1,2,-2,-9,-6
178.105740,21130,rest,-16,4,-2,-1,8,-4,-10,-2
178.105768,21131,rest,11,7,-1,0,-11,0,1,13
178.107227,21132,rest,-22,8,-3,-4,18,13,7,-12
178.107242,21133,rest,37,34,3,-3,-16,-8,0,7
178.121150,21134,rest,19,-13,0,2,5,24,12,24
178.121155,21135,rest,-24,-44,-7,-3,-1,-25,-7,-29
178.130356,21136,rest,-22,0,0,2,0,2,-2,11
178.130362,21137,rest,16,22,2,0,-9,-6,0,-2
178.143612,21138,rest,1,10,3,-1,0,3,-3,23
178.143637,21139,rest,-30,-48,-2,3,9,1,7,8
178.145777,21140,rest,-34,-9,-5,-5,-10,-23,-7,-35
178.145793,21141,rest,65,10,2,1,1,18,-6,11
178.165910,21142,rest,0,20,-7,-5,-9,7,11,13
178.165935,21143,rest,-20,10,2,-5,-2,-8,-2,-1
178.167716,21144,rest,22,-10,-1,4,1,11,-7,47
178.167722,21145,rest,4,0,-3,-4,-8,-18,5,-38
178.179657,21146,rest,18,2,2,3,18,-6,-7,-6
178.179683,21147,rest,0,-11,0,-3,-3,-4,0,12
178.189605,21148,rest,-39,-49,-5,-3,-2,6,4,-17
178.189615,21149,rest,25,25,3,1,-2,3,0,41
178.203326,21150,rest,-14,-14,-2,-1,-5,-4,-9,-3
178.203343,21151,rest,17,12,0,3,9,-1,-2,-4
178.205047,21152,rest,-14,16,0,-4,-5,3,0,-21
178.205066,21153,rest,5,18,0,0,6,0,4,16
178.225820,21154,rest,-87,-56,-7,-4,-7,-7,0,-10
178.225840,21155,rest,48,0,-1,0,0,6,1,-1
178.227722,21156,rest,-38,8,2,-1,-2,19,2,-15
178.227740,21157,rest,-10,13,4,1,4,-8,-11,6
178.239597,21158,rest,6,-20,-2,1,-2,4,3,16
178.239616,21159,rest,11,28,1,4,5,1,8,7
178.249250,21160,rest,0,-26,-3,0,-2,-14,-24,8
178.249256,21161,rest,-3,-1,-1,-2,3,26,-2,-21
178.263373,21162,rest,11,11,1,-3,-16,-10,8,62
178.263390,21163,rest,-10,0,-1,-2,7,2,6,-49
178.265096,21164,rest,23,22,1,1,14,5,0,-9
178.265120,21165,rest,-11,-66,-2,-6,-50,-4,-3,9
178.285923,21166,rest,16,21,0,0,17,2,-8,-18
178.285946,21167,rest,28,2,-1,2,2,-9,-7,60
178.287530,21168,rest,0,25,2,0,-8,15,0,17
178.287537,21169,rest,0,14,-3,2,19,9,3,-11
178.299588,21170,rest,19,3,2,1,-2,-1,0,-6
178.299609,21171,rest,-24,-29,-2,-3,-13,0,2,-18
178.309495,21172,rest,6,1,-2,-6,-1,-16,0,-5
178.309501,21173,rest,8,-1,-3,8,8,-8,-4,-9
178.325406,21174,rest,15,3,0,-1,-4,3,3,50
178.325411,21175,rest,21,45,1,-3,-1,1,-3,0
178.325413,21176,rest,-74,-52,-6,-2,-10,-3,2,17
178.325415,21177,rest,-29,-20,-4,-5,3,-8,2,-12
178.345883,21178,rest,43,40,2,0,-5,6,-1,-23
178.345907,21179,rest,-14,-2,2,2,2,-8,-1,3
178.347632,21180,rest,35,-9,-2,-2,-8,6,8,17
178.347642,21181,rest,-19,10,1,0,45,-7,2,-7
178.359446,21182,rest,-6,6,1,-5,-26,-32,-8,-63
178.359466,21183,rest,-4,-43,-3,-4,-2,20,2,-1
178.368842,21184,rest,60,30,-2,-3,0,-7,2,-31
178.368848,21185,rest,-49,1,-2,-2,-4,9,2,19
178.383367,21186,rest,-17,-24,-4,-1,4,2,0,-6
178.383392,21187,rest,-18,12,0,-1,-4,-14,-4,-41
178.385105,21188,rest,27,22,4,-3,-6,3,5,27
178.385112,21189,rest,25,-17,-2,4,0,-5,-4,-1
178.405805,21190,rest,-50,-7,-2,0,6,1,0,1
178.405830,21191,rest,-58,4,-7,-4,-13,-4,-3,-56
178.407422,21192,rest,-4,-4,0,1,7,1,-4,16
178.407453,21193,rest,41,55,0,-7,-14,-8,2,-10
178.420968,21194,rest,-16,-82,-1,0,-1,3,-2,5
178.420976,21195,rest,9,-9,-1,0,7,2,3,19
178.430633,21196,rest,-3,-1,-1,-3,-1,-2,-1,-7
178.430643,21197,rest,-28,11,0,-3,-10,-13,-5,-2
178.443404,21198,rest,14,40,-1,-1,-1,5,-1,-29
178.443439,21199,rest,17,-2,-4,-3,24,-15,-1,21
178.444970,21200,rest,-73,-34,-6,-1,-30,10,-5,-9
178.445025,21201,rest,29,2,1,-2,-6,-2,-3,6
178.465942,21202,rest,25,22,0,0,6,17,11,9
178.466011,21203,rest,59,31,3,1,4,-8,7,77
178.467444,21204,rest,-31,-2,-3,-4,-6,-8,0,-9
178.467474,21205,rest,-9,-42,-5,-4,8,-2,-9,-7
178.479505,21206,rest,5,-2,-6,-4,-6,2,9,37
178.479533,21207,rest,0,12,1,-2,-5,3,0,-6
178.488971,21208,rest,10,7,1,2,12,-1,4,-64
178.488976,21209,rest,4,23,-2,-2,-2,2,-8,9
178.503510,21210,rest,1,-48,-2,-1,6,-9,0,-5
178.503536,21211,rest,11,-16,-4,-5,-10,3,-3,-9
178.504979,21212,rest,7,1,0,-1,12,-3,-4,9
178.505022,21213,rest,-3,8,3,1,-7,-1,0,-13
178.533506,21214,rest,13,31,5,1,14,-20,-5,-2
178.533531,21215,rest,-28,17,-1,-2,-6,20,-5,-15
178.534954,21216,rest,-14,-31,-4,-1,0,-8,-4,24
178.534974,21217,rest,1,-3,0,1,0,6,7,-10
178.548531,21218,rest,19,16,-5,-5,-5,-9,-6,6
178.548554,21219,rest,-27,1,2,6,-2,-6,-6,-7
178.549943,21220,rest,30,9,4,4,2,1,2,33
178.549965,21221,rest,31,27,4,-5,-6,-2,-6,22
178.563368,21222,rest,-88,-43,-3,4,5,3,-6,11
178.563388,21223,rest,43,4,-1,-1,-8,-2,-4,-10
178.564971,21224,rest,-11,6,1,-2,11,2,-4,6
178.565033,21225,rest,-11,3,-1,1,8,0,7,-24
178.585834,21226,rest,20,17,1,-3,-17,-9,-12,-23
178.585854,21227,rest,3,-24,-4,-2,-6,0,1,-14
178.587391,21228,rest,-17,-4,-1,3,3,-3,2,-5
178.587397,21229,rest,-4,-8,1,1,-1,3,6,31
178.609200,21230,rest,61,41,-1,-1,-1,1,-4,-49
178.609207,21231,rest,-63,-32,-1,0,2,19,-1,17
178.609793,21232,rest,29,0,-4,-2,10,-3,0,-2
178.609801,21233,rest,-42,-9,-3,-3,-28,-1,-2,0
178.623705,21234,rest,25,28,2,-1,-3,3,1,-36
178.623712,21235,rest,-21,-58,-1,4,7,-10,-4,1
178.624847,21236,rest,37,19,2,-2,-4,1,0,1
178.624863,21237,rest,-17,-7,0,-2,0,-6,-2,-3
178.646147,21238,rest,-26,-22,-4,-2,5,9,7,-44
178.646171,21239,rest,8,34,3,-2,-12,-11,-2,46
178.648078,21240,rest,12,10,1,-1,-6,0,-3,-42
178.648086,21241,rest,-23,-21,-4,0,7,-12,-1,17
178.668413,21242,rest,19,13,1,-3,-15,-3,0,34
178.668432,21243,rest,1,38,-7,-4,2,15,2,-30
178.671034,21244,rest,-5,-51,-5,-1,-6,0,5,-14
178.671040,21245,rest,18,-12,-2,-4,-1,-1,-1,-19
178.682763,21246,rest,-11,5,-1,2,-1,8,0,-22
178.682782,21247,rest,7,9,3,-1,0,-13,-4,12
178.689698,21248,rest,-9,20,1,0,3,-2,-4,11
178.689727,21249,rest,21,-17,-3,-2,3,6,0,-10
178.705833,21250,rest,-24,0,-1,-3,-3,-4,-4,26
178.705860,21251,rest,11,-14,-2,-6,1,0,7,-4
178.707328,21252,rest,-34,-20,-2,2,-8,-1,7,-36
178.707354,21253,rest,7,10,1,3,9,-1,-2,-1
178.728633,21254,rest,18,13,2,0,7,0,-4,19
178.728664,21255,rest,-18,-10,0,-2,-6,-5,1,26
178.730665,21256,rest,-3,1,-3,-4,3,4,-1,24
178.730675,21257,rest,33,5,0,0,1,-13,-3,12
178.744607,21258,rest,-25,-9,-2,-1,-1,2,-4,-7
178.744658,21259,rest,-1,0,1,-1,-5,-3,3,-25
178.749864,21260,rest,25,11,-1,-3,-5,0,-4,13
178.749884,21261,rest,-24,-3,-1,0,19,2,-2,-2
178.766165,21262,rest,25,-6,1,-2,-6,0,-1,22
178.766173,21263,rest,19,17,0,0,5,-8,-3,-8
178.767426,21264,rest,-22,-43,-3,2,4,17,0,11
178.767451,21265,rest,26,29,0,-5,-16,9,7,40
178.788358,21266,rest,-13,-33,-4,1,21,-1,2,5
178.788382,21267,rest,15,4,1,-3,-29,-13,-5,-12
178.790824,21268,rest,13,41,2,3,0,-8,-16,16
178.790835,21269,rest,-4,-9,-3,1,-2,0,-5,-3
178.802700,21270,rest,10,-5,1,1,3,4,3,10
178.802717,21271,rest,-26,17,-2,-4,1,3,1,20
178.809555,21272,rest,-6,-14,-2,-1,2,-9,1,-8
178.809611,21273,rest,-20,-9,-3,-1,-4,5,-1,-27
178.826142,21274,rest,22,8,2,-1,-8,-6,-7,-7
178.826175,21275,rest,13,31,3,4,7,-13,0,-2
178.829160,21276,rest,-41,-5,1,-2,-3,17,-4,-1
178.829170,21277,rest,16,-21,-3,-2,1,-5,0,34
178.848296,21278,rest,7,4,-2,-2,-7,-3,-1,-3
178.848314,21279,rest,-10,25,-1,-3,-4,0,-4,4
178.850097,21280,rest,11,-51,0,4,3,-4,9,58
178.851487,21281,rest,27,6,-3,-1,-7,-1,-4,-11
178.863271,21282,rest,-44,3,0,1,12,4,0,-1
178.863294,21283,rest,21,-21,-5,-4,-3,1,0,14
178.871264,21284,rest,-4,37,1,-1,-3,-10,-4,5
178.871270,21285,rest,-17,-8,0,-2,17,0,0,-22
178.885813,21286,rest,14,-10,0,8,-3,2,-5,68
178.885836,21287,rest,22,-6,-1,0,9,-1,1,0
178.887386,21288,rest,-18,-6,-3,-5,-10,10,8,-63
178.887397,21289,rest,-9,-5,0,0,4,-21,-15,-9
178.916067,21290,rest,2,15,-3,-3,-3,-4,1,-28
178.916101,21291,rest,15,-46,-2,0,2,5,1,-34
178.917802,21292,rest,-22,7,-4,-1,0,-5,-4,-21
178.917807,21293,rest,13,-3,1,3,-7,6,5,14
178.922724,21294,rest,-26,-15,0,-3,-6,-11,-3,-3
178.922741,21295,rest,-16,1,2,-1,2,21,-3,-20
178.929629,21296,rest,18,7,-5,-7,-12,-8,9,-33
178.929680,21297,rest,14,25,3,3,5,1,-5,-4
178.945966,21298,rest,5,-9,-2,-4,-5,-8,-9,-4
178.945995,21299,rest,-36,-29,-1,0,5,-2,-1,8
178.947887,21300,rest,7,0,-1,-2,6,-6,-1,-29
178.947953,21301,rest,-16,4,-6,-3,-34,2,-3,-9
178.969990,21302,rest,7,1,-2,-4,-5,-6,5,11
178.969996,21303,rest,-16,0,1,2,-2,-3,-2,-8
178.969999,21304,rest,34,21,1,-3,5,-4,-8,7
178.970001,21305,rest,-33,-23,-3,-2,0,-2,-1,0
178.982873,21306,rest,-5,-1,-3,1,6,6,6,-23
178.982911,21307,rest,18,2,1,-2,-2,-16,-3,-11
178.989634,21308,rest,3,5,-1,-2,-9,7,-2,14
178.989659,21309,rest,-90,-34,-3,-2,4,13,6,2
179.005820,21310,rest,7,-9,-2,-1,-4,3,-2,50
179.005845,21311,rest,7,5,-1,-1,-1,2,7,-15
179.007607,21312,rest,26,15,1,-1,1,-14,-1,37
179.007613,21313,rest,19,21,1,-3,-9,-7,-7,-2
179.028693,21314,rest,-30,2,1,1,-10,-5,-8,-37
179.028730,21315,rest,0,-19,-2,-2,8,1,7,-3
179.030914,21316,rest,-1,13,1,3,-11,2,-4,8
179.030929,21317,rest,-3,2,-2,-3,11,6,8,-12
179.042186,21318,rest,2,17,1,-2,-27,-2,0,62
179.042213,21319,rest,19,13,-2,2,5,5,-4,15
179.051621,21320,rest,1,-20,0,1,1,-6,1,8
179.051632,21321,rest,38,21,2,0,6,-3,-2,7
179.065888,21322,rest,-8,7,1,1,8,-1,-5,-64
179.065913,21323,rest,-1,-27,-7,-3,-5,-2,2,-25
179.067405,21324,rest,24,9,0,1,5,0,-1,25
179.067426,21325,rest,-2,-8,0,0,-1,-7,-4,-22
179.088395,21326,rest,23,7,-1,-1,10,23,8,-9
179.088421,21327,rest,-36,-4,2,1,-8,-3,-6,-10
179.089918,21328,rest,1,13,-4,1,5,2,2,-6
179.089926,21329,rest,50,-34,-2,0,-1,-2,3,1
179.101987,21330,rest,-3,-21,-4,-3,-3,-9,9,-9
179.102011,21331,rest,23,7,4,1,0,1,-3,22
179.111325,21332,rest,-1,1,-1,-2,-9,-15,-17,1
179.111333,21333,rest,0,21,2,-1,-5,-5,1,12
179.128066,21334,rest,-10,-17,-6,-4,12,2,0,-2
179.128076,21335,rest,-2,5,1,1,-31,3,3,5
179.128080,21336,rest,30,24,6,2,10,0,-1,-41
179.128083,21337,rest,-13,-14,-4,-4,-19,-4,-1,-28
179.148312,21338,rest,-13,-52,-3,-2,2,-1,-4,8
179.148332,21339,rest,15,6,-3,-4,4,-9,-5,9
179.150618,21340,rest,-15,2,0,-2,-3,27,-1,45
179.150623,21341,rest,-14,1,1,0,15,3,10,51
179.162227,21342,rest,5,18,1,0,-1,-2,-2,-3
179.162258,21343,rest,-31,-1,-6,-3,3,-7,0,-45
179.172336,21344,rest,2,-12,-1,-1,-1,-10,-1,9
179.172343,21345,rest,-2,21,-1,-2,4,1,-6,-14
179.185840,21346,rest,0,-27,0,-1,-11,3,3,8
179.185858,21347,rest,7,-15,-2,-2,4,-4,-5,0
179.187432,21348,rest,0,-3,-1,-1,-19,-4,0,-9
179.187456,21349,rest,-4,-10,-3,1,5,-1,-5,-4
179.208468,21350,rest,-85,7,-3,3,6,-2,-1,-7
179.208496,21351,rest,-1,5,2,-2,-3,0,-10,8
179.209949,21352,rest,-16,-12,-3,-1,6,-1,2,-12
179.211723,21353,rest,23,9,-1,-1,-4,-4,-4,-7
179.222305,21354,rest,29,6,0,-2,-2,-2,-6,-6
179.222310,21355,rest,-19,-3,0,5,13,5,3,22
179.232190,21356,rest,-34,-7,-4,-3,6,-5,1,7
179.232203,21357,rest,9,23,1,1,-6,-25,-5,-21
179.246027,21358,rest,16,-26,-4,-3,-1,20,1,2
179.246052,21359,rest,-5,11,-2,-1,6,1,7,-11
179.247805,21360,rest,22,-11,-2,-2,-1,-14,-12,-8
179.247813,21361,rest,-31,-16,-5,-2,10,3,6,25
179.268323,21362,rest,5,36,3,0,-6,-12,-5,12
179.268331,21363,rest,20,-4,-4,3,23,6,0,22
179.269839,21364,rest,-52,-26,-1,-3,-13,5,3,-1
179.269881,21365,rest,10,3,-3,-4,-1,0,-1,-5
179.282060,21366,rest,11,11,3,4,7,-3,-2,-21
179.282090,21367,rest,-7,11,1,-2,-1,6,4,-2
179.292798,21368,rest,43,9,-3,-3,2,-8,1,-26
179.292805,21369,rest,-34,-19,-2,-1,-1,3,1,15
179.305813,21370,rest,-10,4,-4,-1,2,2,2,-35
179.305839,21371,rest,9,7,2,-3,2,-3,-8,-2
179.307927,21372,rest,-9,2,-1,-1,-6,-1,-1,9
179.307932,21373,rest,-9,-26,-1,0,2,4,1,-5
179.328638,21374,rest,38,13,-3,-2,-3,-2,0,1
179.328670,21375,rest,-27,-13,-1,-3,-4,-21,-4,30
179.330689,21376,rest,8,12,3,0,5,23,3,58
179.330700,21377,rest,20,35,-2,0,2,3,-2,-9
179.341874,21378,rest,-22,-7,2,-4,8,-4,-5,-5
179.341897,21379,rest,14,24,0,8,7,-3,-3,7
179.351347,21380,rest,-30,-39,-4,-1,-18,1,8,-12
179.351352,21381,rest,13,14,-1,-5,-11,-20,-25,-55
179.365892,21382,rest,-11,-8,-2,2,5,0,0,31
179.365911,21383,rest,5,-8,-2,-5,-20,-3,-3,-15
179.367449,21384,rest,5,22,-1,0,8,0,5,-18
179.367473,21385,rest,-46,-14,0,1,-2,8,5,-8
179.388265,21386,rest,23,7,-5,-6,-11,-9,2,-8
179.388291,21387,rest,-15,-2,0,-1,2,5,-5,-19
179.389908,21388,rest,26,-1,-4,-3,4,-4,-4,-19
179.389929,21389,rest,-25,-4,0,-1,-4,1,2,10
179.401973,21390,rest,13,8,1,1,9,-2,-5,58
179.401997,21391,rest,10,-13,-2,-3,-24,-9,10,11
179.412037,21392,rest,-15,-6,-1,-2,3,7,-6,-34
179.412047,21393,rest,0,-15,-3,-2,-5,6,3,-20
179.427396,21394,rest,2,4,-1,2,0,-2,-3,25
179.427409,21395,rest,4,-2,1,2,4,7,-4,-13
179.427569,21396,rest,1,15,0,-2,-2,-20,-9,-14
179.427609,21397,rest,14,14,1,-1,14,-1,3,3
179.448402,21398,rest,6,-1,-1,-1,-3,4,-5,-25
179.449988,21399,rest,-7,-11,-5,-4,-4,11,3,0
179.449995,21400,rest,-4,4,1,3,11,30,3,1
179.450021,21401,rest,9,-7,-1,7,3,-16,-23,15
179.471420,21402,rest,5,18,0,-5,-12,-9,5,0
179.471442,21403,rest,-14,-36,-2,4,17,-19,-7,7
179.474200,21404,rest,0,8,-1,-3,-15,17,3,34
179.474205,21405,rest,-2,-21,-2,1,18,18,6,-10
179.485958,21406,rest,23,9,2,0,-34,-7,-2,45
179.485983,21407,rest,23,14,0,-4,-3,13,-11,-6
179.488798,21408,rest,-26,-14,-1,1,6,-18,-1,-22
179.488805,21409,rest,19,8,1,-2,-9,-7,2,-1
179.508233,21410,rest,-19,-1,-4,0,10,0,-3,-20
179.508256,21411,rest,-4,-5,-1,-4,0,0,3,55
179.509769,21412,rest,37,6,1,2,-1,-11,-1,21
179.509818,21413,rest,-13,11,-3,-3,-12,-5,0,16
179.531063,21414,rest,-4,-49,1,2,8,9,-3,0
179.531091,21415,rest,-8,25,0,0,-17,-9,-7,-28
179.532871,21416,rest,-32,-41,-4,-1,8,-13,-6,-14
179.532877,21417,rest,16,17,0,-3,-3,9,3,28
179.545965,21418,rest,2,-16,-3,0,2,1,0,-18
179.545987,21419,rest,-20,3,-1,-2,-8,-24,1,-16
179.547844,21420,rest,34,33,1,2,12,27,5,19
179.547850,21421,rest,-22,-35,-3,-5,-15,-33,-24,-11
179.569889,21422,rest,1,9,0,0,2,7,15,-8
179.569897,21423,rest,4,-2,-1,0,16,-1,-4,-14
179.569900,21424,rest,-6,6,0,-2,-28,-8,-1,-14
179.569902,21425,rest,31,1,1,1,12,39,4,4
179.591030,21426,rest,-5,6,-1,-5,-6,-70,-12,-20
179.592509,21427,rest,-19,-9,-4,0,2,9,15,29
179.592517,21428,rest,-15,15,-3,-2,4,-10,0,-19
179.592577,21429,rest,14,3,2,2,-1,-5,2,-2
179.605987,21430,rest,-9,-4,0,0,-1,9,-5,-3
179.606011,21431,rest,23,33,1,-2,-3,13,3,-8
179.607729,21432,rest,-4,-43,-3,1,3,-19,-9,-34
179.607734,21433,rest,-31,2,1,0,-2,6,1,61
179.628488,21434,rest,16,16,-1,-1,5,10,1,-19
179.628521,21435,rest,-6,-2,0,-2,-2,-9,-6,-6
179.630527,21436,rest,12,37,2,-6,-7,11,3,-1
179.630536,21437,rest,5,-7,2,8,23,14,6,-27
179.650830,21438,rest,-9,-10,-3,-4,0,2,-5,11
179.650857,21439,rest,-12,-3,-3,-2,2,6,-4,1
179.652509,21440,rest,30,10,0,0,-10,-19,-2,24
179.652703,21441,rest,15,7,-1,-7,-9,-6,2,38
179.665242,21442,rest,0,-8,0,2,14,19,0,0
179.665261,21443,rest,13,27,2,-2,-2,-17,-20,-20
179.671989,21444,rest,-108,-55,-4,-4,6,-1,-2,-1
179.672019,21445,rest,-2,21,0,-1,-13,-9,-2,-51
179.688246,21446,rest,5,-1,1,2,7,12,-7,-2
179.688270,21447,rest,8,31,4,1,-4,7,-1,83
179.689800,21448,rest,54,11,-1,1,2,5,-2,3
179.689838,21449,rest,-22,-18,-1,-2,-3,13,0,-9
179.711750,21450,rest,-12,3,0,-2,-8,-44,-2,1
179.711762,21451,rest,-2,-17,-2,-2,-6,34,15,-36
179.712579,21452,rest,-5,17,2,7,11,-3,-5,6
179.712662,21453,rest,3,-11,-2,2,-15,-6,5,-11
179.726561,21454,rest,62,11,-4,-6,7,6,-2,6
179.726572,21455,rest,-68,-27,-4,-1,-4,-8,-3,-17
179.732047,21456,rest,-14,-39,-2,-3,1,0,4,57
179.732070,21457,rest,40,1,-1,-3,2,0,-4,-3
179.748353,21458,rest,-67,24,2,1,-5,4,1,-7
179.748370,21459,rest,35,-38,-4,-2,-3,-6,-3,-8
179.750609,21460,rest,2,6,-1,-3,1,4,-4,-5
179.750616,21461,rest,1,5,-2,2,5,-16,-4,-5
179.772881,21462,rest,7,11,1,-1,-6,14,14,-7
179.772891,21463,rest,12,6,0,-1,8,10,5,20
179.772897,21464,rest,-23,-20,0,0,-11,-63,-8,-11
179.772902,21465,rest,13,4,-1,-2,-4,7,1,-15
179.785118,21466,rest,-4,-4,-1,0,1,1,-1,-4
179.785136,21467,rest,0,-7,-2,0,6,2,3,-15
179.792228,21468,rest,11,0,0,0,-4,14,6,-21
179.792254,21469,rest,3,6,-2,-3,-30,-20,-7,55
179.808519,21470,rest,-26,-4,-2,0,1,29,2,5
179.808552,21471,rest,12,9,2,2,3,0,-12,26
179.810749,21472,rest,26,-6,-1,-6,4,9,0,-1
179.810758,21473,rest,-19,-4,-3,-2,2,-4,-1,-11
179.830940,21474,rest,-14,-13,-2,-1,7,1,-2,2
179.830967,21475,rest,17,15,-1,0,-8,-3,1,-4
179.832962,21476,rest,13,29,1,3,4,18,-1,77
179.832969,21477,rest,32,-39,0,0,4,17,5,-2
179.845450,21478,rest,5,-3,-3,-5,-9,-9,-4,-4
179.845479,21479,rest,-34,-7,-5,-4,-1,-13,-8,-36
179.852031,21480,rest,26,0,-3,1,25,3,-5,-21
179.852056,21481,rest,-29,8,-3,-7,-44,-4,0,-15
179.868329,21482,rest,5,24,3,2,-2,-2,0,6
179.868345,21483,rest,6,-48,2,1,0,10,6,17
179.870044,21484,rest,12,-2,-3,-2,-3,-6,-10,-7
179.870136,21485,rest,12,52,-4,0,16,-3,-1,16
179.891063,21486,rest,-27,-20,-4,-1,-3,-9,-2,-30
179.891088,21487,rest,-4,6,-2,-3,-12,2,4,-26
179.893699,21488,rest,3,30,2,0,5,-1,2,3
179.893721,21489,rest,36,-28,-1,-1,8,-7,3,-7
179.905111,21490,rest,-33,-15,-3,-3,-10,0,-4,-3
179.905135,21491,rest,-26,7,1,-2,6,-18,-2,11
179.919436,21492,rest,54,11,1,8,5,33,5,-1
179.919586,21493,rest,-47,6,2,2,6,-1,-1,-1
179.929523,21494,rest,-13,-19,-3,-4,-4,-1,-3,-39
179.929536,21495,rest,7,-12,0,-1,-4,17,0,-34
179.929970,21496,rest,-15,-38,-4,-2,-7,-68,-9,-15
179.929992,21497,rest,-5,4,-1,2,8,6,0,6
179.950833,21498,rest,34,0,-1,-1,-10,-3,-1,6
179.950858,21499,rest,-22,24,1,0,-5,-13,-5,-7
179.952479,21500,rest,-7,-28,-3,-2,-5,23,5,-5
179.952545,21501,rest,-7,-18,-2,-3,5,-14,3,-26
179.965208,21502,rest,24,-9,0,1,3,-12,-3,25
179.965246,21503,rest,28,12,-1,-1,0,10,-2,-9
179.971948,21504,rest,60,23,2,1,8,10,-1,57
179.971973,21505,rest,-86,-2,-1,-1,5,-2,1,7
179.988524,21506,rest,32,8,3,1,5,29,-8,1
179.988549,21507,rest,-21,-2,-5,-2,-8,-12,-3,6
179.991337,21508,rest,2,13,0,-2,3,4,-1,-28
179.991350,21509,rest,22,-11,-2,-1,0,-13,-7,-5
180.011076,21510,rest,-2,7,2,1,4,-6,3,9
180.011103,21511,rest,8,5,0,-3,1,2,2,0
180.012502,21512,rest,-29,-3,-1,-1,-5,12,2,-43
180.012611,21513,rest,33,13,-2,-1,10,-10,-7,5
180.024462,21514,rest,-11,-12,-2,-1,-11,4,-2,-2
180.024475,21515,rest,28,-8,-3,0,2,-6,1,-10
180.034162,21516,rest,-48,-17,-2,-7,-11,-14,-1,-11
180.034169,21517,rest,31,3,1,2,3,13,2,-4
180.048288,21518,rest,22,-9,-1,0,4,-18,1,-7
180.048309,21519,rest,-27,2,-2,0,3,11,-4,8
180.049914,21520,rest,-6,7,-4,-4,-20,8,-3,3
180.049959,21521,rest,-8,14,1,-1,1,25,11,-5
180.071342,21522,rest,-3,11,0,-2,0,-34,-19,-11
180.071379,21523,rest,0,-13,1,1,-1,-4,1,-4
180.077202,21524,rest,-6,20,-2,0,5,-2,0,-3
180.077249,21525,rest,-14,9,-1,-3,-18,0,-5,-8
180.084479,21526,rest,-26,-48,-3,-1,1,3,4,4
180.084496,21527,rest,19,-5,-1,0,-4,-4,-4,13
180.094612,21528,rest,-7,-1,-1,0,3,2,0,-8
180.094618,21529,rest,15,26,0,-1,-23,-6,5,-1
180.108323,21530,rest,-3,-25,-1,-5,-10,9,1,11
180.108350,21531,rest,7,1,0,4,0,-6,-6,-13
180.110704,21532,rest,24,6,0,-2,2,-6,1,-7
180.110729,21533,rest,-86,-28,-3,1,7,4,3,-3
180.131034,21534,rest,19,20,-3,-2,-3,4,-2,-1
180.131059,21535,rest,-2,-5,-2,-2,7,-10,0,-30
180.133039,21536,rest,-6,15,2,-1,-13,-1,-2,32
180.133047,21537,rest,8,-41,1,3,9,-1,-7,-2
180.144799,21538,rest,3,24,1,-1,0,-4,-1,51
180.144836,21539,rest,-51,-22,-2,-3,7,-5,-9,-10
180.155261,21540,rest,-11,-3,-1,1,0,20,24,-16
180.155268,21541,rest,35,8,-1,-5,-2,-32,-32,22
180.168443,21542,rest,-3,5,2,4,11,13,3,-11
180.168470,21543,rest,1,20,0,0,-21,4,-4,47
180.169900,21544,rest,-6,-19,-3,-1,-7,-11,-8,14
180.169988,21545,rest,2,3,0,-2,1,9,6,-2
180.191464,21546,rest,-12,6,-3,-1,-3,-2,-1,-12
180.191488,21547,rest,-7,-42,-2,-3,0,0,1,-14
180.194292,21548,rest,-7,-5,-1,-3,-1,-7,-3,-10
180.194303,21549,rest,18,11,3,7,6,4,0,52
180.204450,21550,rest,18,14,2,3,10,1,-7,-13
180.204474,21551,rest,39,13,1,-3,-21,39,5,-11
180.214025,21552,rest,-94,-7,-6,-1,7,2,-2,-14
180.214033,21553,rest,45,-20,-6,-6,3,3,-3,1
180.230145,21554,rest,-3,23,-2,-2,-7,-8,5,-13
180.230163,21555,rest,17,-8,-1,0,8,0,1,9
180.230166,21556,rest,6,2,-1,-1,-5,-3,-3,-17
180.230169,21557,rest,-18,15,1,-1,3,-5,4,-26
180.250864,21558,rest,20,-5,-1,3,-19,10,-2,10
180.250889,21559,rest,-58,21,-1,-1,9,-16,-1,-11
180.253651,21560,rest,-1,-13,-3,-2,-1,-3,-2,9
180.253658,21561,rest,-1,-9,1,-4,5,-4,2,-4
180.264477,21562,rest,25,8,0,2,1,0,-3,-2
180.264517,21563,rest,4,17,-1,-1,16,-6,0,-5
180.275502,21564,rest,16,-29,3,-1,-13,-8,-3,-4
180.275516,21565,rest,-6,-15,-4,-1,-2,23,8,-11
180.288480,21566,rest,4,9,-2,-5,1,-22,-15,4
180.288503,21567,rest,8,2,-2,-3,5,-29,0,-6
180.291367,21568,rest,10,-16,-1,4,9,18,-2,-1
180.291378,21569,rest,4,23,2,-1,-1,1,-11,-6
180.311024,21570,rest,-30,-13,0,-1,5,4,7,10
180.311048,21571,rest,11,-14,0,0,-2,21,-1,-21
180.312392,21572,rest,-31,9,-5,-7,-15,-41,-2,-60
180.312416,21573,rest,-7,-6,-1,4,6,6,6,-24
180.324351,21574,rest,-9,18,-3,-2,-3,-7,-4,-17
180.324372,21575,rest,3,-30,-1,1,-6,12,2,31
180.334342,21576,rest,20,-6,-1,-1,2,4,1,8
180.334348,21577,rest,1,8,-1,-1,6,-8,-2,1
180.348457,21578,rest,-23,-3,0,-6,6,1,-3,-16
180.348483,21579,rest,14,4,1,4,7,-1,6,-4
180.350035,21580,rest,21,57,2,0,-8,4,-6,1
180.350052,21581,rest,-38,-66,-4,-3,-5,-10,-2,10
180.371234,21582,rest,18,-13,0,3,3,1,1,7
180.371239,21583,rest,17,8,-2,-3,0,14,1,8
180.372305,21584,rest,8,5,2,0,14,0,-1,14
180.372329,21585,rest,4,25,-1,1,1,5,-2,-19
180.384657,21586,rest,-42,-27,-6,-5,-6,-2,3,9
180.384682,21587,rest,28,7,-1,-1,-10,-2,4,41
180.395327,21588,rest,6,-5,-2,1,0,-22,-23,1
180.395336,21589,rest,34,23,2,-2,-6,-4,-6,-5
180.408333,21590,rest,-32,-10,-2,2,5,32,4,-9
180.408361,21591,rest,13,5,-2,-3,-12,-74,-4,-4
180.409980,21592,rest,21,-12,2,2,3,9,3,15
180.410039,21593,rest,1,-2,-4,-3,-7,-8,5,1
180.430896,21594,rest,8,17,1,3,-4,3,-1,-9
180.430918,21595,rest,3,4,-2,-3,5,11,-1,2
180.432954,21596,rest,-31,-3,0,0,-3,-3,3,2
180.432962,21597,rest,9,-4,0,-3,6,2,-8,-12
182.455675,21598,clench,16,113,8,-6,-14,-9,16,26
182.455824,21599,clench,5,-60,-4,4,12,6,-6,-17
182.455826,21600,clench,-57,7,5,-3,-8,-9,13,52
182.455862,21601,clench,14,-46,-3,5,17,37,-16,-1
182.477920,21602,clench,0,-32,-18,0,0,-20,-26,14
182.477960,21603,clench,1,-20,-12,-6,-2,5,42,9
182.479494,21604,clench,47,48,27,1,0,-8,-18,-21
182.479501,21605,clench,-39,-101,-29,-5,-7,-14,-23,-1
182.492781,21606,clench,-10,75,30,0,6,27,10,12
182.492810,21607,clench,5,14,1,-2,-3,-14,-23,6
182.495139,21608,clench,6,-4,6,-3,-8,-5,12,29
182.495147,21609,clench,43,73,41,9,1,9,14,-30
182.514800,21610,clench,-34,-58,-31,-11,1,-10,-36,-67
182.514819,21611,clench,-6,-1,5,1,-1,-4,15,44
182.522569,21612,clench,-33,0,-12,-3,2,4,-22,-22
182.522599,21613,clench,22,-83,-32,-3,-14,-26,23,15
182.537445,21614,clench,16,43,10,6,1,12,-39,18
182.537462,21615,clench,-42,-43,18,-3,-2,-12,81,-14
182.538167,21616,clench,15,-26,6,9,14,-15,-41,32
182.538195,21617,clench,19,66,22,-3,-12,13,9,-21
182.552761,21618,clench,-25,-62,6,9,15,5,-10,11
182.553169,21619,clench,-17,14,4,0,-16,0,-46,-36
182.553234,21620,clench,18,-11,-8,1,10,13,29,36
182.553245,21621,clench,-41,-38,-18,-5,-10,-35,-25,-6
182.575399,21622,clench,29,26,10,5,12,8,21,-28
182.575432,21623,clench,-21,30,-26,-6,10,27,-1,19
182.577031,21624,clench,-24,17,16,-3,-9,-6,22,-21
182.577038,21625,clench,39,-85,-41,-2,2,-1,-32,-6
182.597477,21626,clench,-2,42,41,6,-1,5,32,19
182.597487,21627,clench,10,-17,-24,-11,1,19,-20,-47
182.598254,21628,clench,4,-54,-6,1,-3,-3,11,-26
182.598273,21629,clench,-8,11,3,-8,-6,6,-7,13
182.612634,21630,clench,20,-55,-25,-1,2,-5,-11,5
182.612655,21631,clench,2,1,-18,3,1,-5,21,-13
182.614373,21632,clench,17,0,8,-5,3,17,-46,-15
182.614387,21633,clench,-30,67,69,11,-4,-15,68,-43
182.634996,21634,clench,7,-2,3,-7,-22,-5,-22,21
182.635021,21635,clench,-64,5,0,-2,3,-9,-17,-9
182.637240,21636,clench,8,-11,-28,4,-10,-2,-33,-27
182.637247,21637,clench,-5,-34,-54,-24,-21,-41,9,-22
182.660116,21638,clench,-7,5,-8,-1,1,-8,28,6
182.660123,21639,clench,57,-7,31,8,4,10,34,33
182.660125,21640,clench,-44,-13,-5,-3,1,1,-23,-16
182.660127,21641,clench,29,-15,-5,2,10,4,-27,-28
182.673477,21642,clench,-40,-9,-6,2,-4,-3,3,39
182.673482,21643,clench,-5,-8,-1,1,0,-5,9,3
182.673484,21644,clench,27,18,0,-5,3,0,6,25
182.673486,21645,clench,-58,25,2,-1,-3,2,-43,52
182.695796,21646,clench,-9,-8,-12,-1,0,-8,6,-35
182.695819,21647,clench,35,-57,-17,1,0,3,-25,-13
182.697676,21648,clench,9,18,44,8,11,19,82,32
182.697690,21649,clench,3,-8,10,-1,-8,-10,-52,-39
182.718139,21650,clench,38,-15,-15,-6,-6,-2,-10,4
182.718163,21651,clench,-35,-12,-4,-2,-3,11,18,-42
182.720356,21652,clench,-1,-5,-3,0,0,-7,-17,-26
182.720362,21653,clench,-17,-39,-21,2,14,9,16,30
182.732684,21654,clench,8,55,16,11,14,-7,-51,-10
182.732724,21655,clench,48,60,45,6,-12,2,40,14
182.734097,21656,clench,3,41,23,-5,-1,-1,4,8
182.734104,21657,clench,18,-3,1,1,4,5,12,-1
182.755310,21658,clench,-57,-18,-27,-3,4,0,-4,-41
182.755334,21659,clench,-27,7,-25,-5,4,-14,-56,-52
182.756040,21660,clench,4,6,7,-8,-22,9,78,32
182.756059,21661,clench,2,-1,0,2,7,6,-16,-17
182.777752,21662,clench,23,-30,7,-5,-6,-7,15,0
182.777784,21663,clench,-18,5,-33,-2,4,-21,-14,2
182.779532,21664,clench,3,79,6,-7,-9,11,-13,-15
182.779538,21665,clench,21,3,13,2,2,4,-26,-11
182.792643,21666,clench,-14,-26,-13,-4,1,8,26,22
182.792670,21667,clench,14,-34,4,-3,-2,-18,-24,-39
182.794815,21668,clench,1,-17,-27,-5,-19,-19,-19,-53
182.794824,21669,clench,-34,-56,-10,12,21,13,28,28
182.815250,21670,clench,15,80,39,-15,-32,-21,13,-27
182.815258,21671,clench,11,-12,-2,-5,-7,4,3,38
182.815780,21672,clench,5,-9,-7,-4,2,-2,4,-32
182.815792,21673,clench,-3,6,5,0,-3,2,-2,-3
182.837720,21674,clench,-45,-57,-20,-4,-5,1,9,3
182.837746,21675,clench,-1,25,12,13,12,-3,-14,11
182.840395,21676,clench,10,1,7,5,5,-20,-11,0
182.840401,21677,clench,-8,-4,-9,-3,-4,9,-8,25
182.852709,21678,clench,9,-81,-49,10,27,-25,-14,72
182.852739,21679,clench,1,127,104,-11,-22,28,49,19
182.853982,21680,clench,22,-68,-17,-18,-24,23,6,59
182.853990,21681,clench,-7,-18,-14,-3,-4,-17,-13,-20
182.876498,21682,clench,18,-12,-1,-6,-7,13,10,-5
182.876516,21683,clench,4,-39,-30,8,10,-25,-34,6
182.876522,21684,clench,-26,-16,-15,8,11,-14,3,0
182.876528,21685,clench,18,48,31,-6,-7,8,-5,-8
182.897724,21686,clench,-8,-1,-3,2,8,-4,-6,-12
182.897749,21687,clench,12,-21,-15,0,-4,2,-12,-5
182.898921,21688,clench,-59,11,4,-1,5,4,1,-11
182.898928,21689,clench,22,-92,-78,-7,3,-1,11,16
182.912682,21690,clench,22,106,94,11,-3,3,22,-60
182.912703,21691,clench,-36,-21,6,-8,-1,10,7,-6
182.914474,21692,clench,11,-29,-7,4,8,-8,-9,35
182.914479,21693,clench,-7,-12,-17,-10,-12,4,49,-7
182.935037,21694,clench,16,-44,-29,-11,-9,5,-46,43
182.935062,21695,clench,23,-7,-8,-5,-1,-5,7,-21
182.937265,21696,clench,2,14,13,3,1,-7,-13,-28
182.937269,21697,clench,-19,0,-8,3,10,-10,-14,-31
182.957898,21698,clench,16,-9,-10,1,4,4,6,12
182.957924,21699,clench,7,-63,-36,7,8,-3,-37,22
182.958473,21700,clench,2,-15,14,-11,-26,11,55,2
182.958570,21701,clench,-17,31,23,0,-5,-7,-7,15
182.971834,21702,clench,3,-5,-2,-6,-10,5,-2,-10
182.971885,21703,clench,0,-32,-11,0,3,-4,-6,-2
182.980187,21704,clench,-3,-1,-20,7,14,-10,-29,7
182.980209,21705,clench,6,35,21,1,4,3,1,-5
182.995331,21706,clench,2,-5,-20,-5,-15,2,14,-12
182.995354,21707,clench,-17,-12,37,16,9,0,7,-42
182.996646,21708,clench,52,24,7,5,9,-2,-67,-5
182.996653,21709,clench,-74,17,19,-8,-14,4,3,-59
183.017467,21710,clench,3,-109,-59,-2,10,-17,-24,14
183.017478,21711,clench,8,-10,-2,21,32,-17,-45,13
183.018135,21712,clench,-32,88,70,-22,-19,78,79,-6
183.018142,21713,clench,8,-60,-5,0,-1,-17,-48,46
183.032251,21714,clench,0,-22,-2,-2,-6,5,1,-50
183.032269,21715,clench,-3,-37,-40,-8,-5,-8,-1,11
183.040370,21716,clench,-2,-26,-17,10,15,-24,-6,-4
183.040390,21717,clench,18,38,8,4,3,0,3,12
183.055841,21718,clench,-6,19,2,-1,3,1,4,9
183.055871,21719,clench,36,47,1,-9,-14,3,30,19
183.057708,21720,clench,-16,-18,-3,10,14,-14,-61,16
183.057713,21721,clench,30,11,1,-7,-25,0,12,23
183.079614,21722,clench,-7,0,4,2,0,-4,-1,6
183.079621,21723,clench,-19,-17,-51,-10,0,-6,8,-34
183.079623,21724,clench,-2,38,81,5,-11,12,22,10
183.079625,21725,clench,-5,-16,-19,-3,4,0,-11,-27
183.091978,21726,clench,5,14,10,1,0,1,2,13
183.092001,21727,clench,-10,4,-1,-7,-13,-7,-7,-8
183.100280,21728,clench,-17,-39,-52,-5,6,-3,11,-19
183.100303,21729,clench,18,11,9,3,5,-1,-3,1
183.115057,21730,clench,8,11,14,-1,0,5,8,-14
183.115074,21731,clench,-31,-62,-57,-3,7,-9,2,4
183.115812,21732,clench,-11,-22,60,0,-19,-24,-23,-18
183.115838,21733,clench,45,55,25,-1,6,28,-17,11
183.137466,21734,clench,4,5,-10,-8,-18,-4,13,-16
183.137491,21735,clench,-27,-23,6,-2,-3,5,0,22
183.139145,21736,clench,-14,-37,-51,-3,6,-20,-1,1
183.139163,21737,clench,-13,-15,-4,4,-4,-13,15,9
183.151887,21738,clench,-6,-2,0,3,0,-5,-31,15
183.151911,21739,clench,11,-7,9,-4,-2,19,3,15
183.160218,21740,clench,18,54,-6,-4,-10,-9,24,19
183.160257,21741,clench,-6,9,12,-2,2,-4,14,-67
183.175341,21742,clench,-15,-40,-4,6,12,6,-1,25
183.175369,21743,clench,36,55,36,-2,-6,9,21,28
183.175849,21744,clench,-15,-70,-48,-1,14,-4,-7,-13
183.175863,21745,clench,-34,-34,-21,-2,-5,-6,-41,-19
183.197698,21746,clench,13,27,14,-1,-4,0,21,-15
183.199256,21747,clench,-24,14,2,-5,1,-5,-28,-32
183.199262,21748,clench,5,-19,-30,0,9,7,7,-6
183.199265,21749,clench,11,-19,2,3,-11,-21,-6,-3
183.211968,21750,clench,-16,77,49,-2,-1,16,-11,-18
183.211988,21751,clench,29,-1,10,-6,-15,8,9,37
183.219973,21752,clench,25,-20,-11,-2,-6,-19,-16,-12
183.219990,21753,clench,-30,-46,-7,4,15,5,34,36
183.235567,21754,clench,-3,35,-12,1,11,5,-15,0
183.235572,21755,clench,11,22,22,9,3,-6,-6,-43
183.235714,21756,clench,-1,-13,-25,-11,-7,9,-8,31
183.235720,21757,clench,14,-36,-17,-3,-2,3,13,8
183.257565,21758,clench,1,-31,-15,-8,-4,-4,39,-35
183.257591,21759,clench,30,122,69,15,1,-4,-47,36
183.259805,21760,clench,-58,-5,-8,6,10,-1,-16,-21
183.259814,21761,clench,41,-23,-11,-3,4,15,41,34
183.272169,21762,clench,-32,-29,-21,-12,-6,-21,-15,-22
183.272192,21763,clench,-15,-40,-17,-4,6,13,16,-7
183.280278,21764,clench,32,13,5,0,-9,-2,-12,-1
183.280661,21765,clench,-8,-25,5,3,3,-5,-26,7
183.295613,21766,clench,2,24,3,6,5,-5,17,11
183.298658,21767,clench,9,25,-12,-5,-6,11,32,57
183.298667,21768,clench,-34,-42,13,1,-1,-1,8,-3
183.298669,21769,clench,7,38,1,-7,-4,1,-24,8
183.317566,21770,clench,13,-28,-13,0,2,-14,-21,7
183.317586,21771,clench,-27,-23,-29,-9,-8,6,12,-14
183.318183,21772,clench,13,109,43,5,0,5,-2,-21
183.318201,21773,clench,14,18,5,4,6,2,-3,8
183.340779,21774,clench,-35,-27,-3,-3,-6,0,-12,-11
183.340797,21775,clench,1,-23,-17,-7,-4,-2,6,-13
183.342801,21776,clench,-2,-36,-27,0,7,-7,-26,41
183.342809,21777,clench,-4,26,34,8,0,-10,8,-47
183.355025,21778,clench,7,18,9,7,16,20,8,97
183.355049,21779,clench,8,-25,-15,-2,-5,-7,37,1
183.356322,21780,clench,9,60,13,1,5,-1,-21,13
183.356332,21781,clench,9,27,1,-7,-22,-4,3,31
183.377891,21782,clench,20,-55,-15,3,10,6,1,34
183.377923,21783,clench,-30,36,42,-1,-13,-20,-32,-23
183.378496,21784,clench,-13,-36,-26,-8,-8,-3,10,-15
183.378524,21785,clench,-8,14,-11,3,7,6,10,-3
183.400740,21786,clench,8,-24,-10,-6,-3,4,-6,-12
183.400765,21787,clench,10,-32,-13,0,5,-5,2,10
183.402634,21788,clench,10,7,10,1,-4,-4,-4,-39
183.402644,21789,clench,-15,3,2,1,11,-7,-10,-17
183.415078,21790,clench,22,7,1,1,-17,-9,4,-35
183.415103,21791,clench,-2,-14,2,-2,10,41,11,4
183.417006,21792,clench,1,5,4,0,-6,-10,9,2
183.417013,21793,clench,15,3,-8,-5,1,4,-11,-10
183.439334,21794,clench,0,4,-1,1,4,-8,-4,17
183.439341,21795,clench,18,13,-29,2,2,-12,-26,7
183.439343,21796,clench,-77,-31,34,2,-11,-9,-18,-48
183.439345,21797,clench,-8,-14,-17,-7,-5,4,23,-13
183.460973,21798,clench,15,71,22,2,0,3,-8,21
183.461005,21799,clench,-6,-42,-10,-6,-6,-1,-4,-26
183.463089,21800,clench,31,-2,-25,-2,8,4,-14,29
183.463167,21801,clench,-16,-18,-1,3,2,-10,13,3
183.475056,21802,clench,-19,-8,-8,-6,-7,-1,22,-16
183.475087,21803,clench,28,30,10,2,0,5,-25,-26
183.476751,21804,clench,51,-11,-7,-2,-4,1,-7,33
183.476770,21805,clench,-32,14,12,-8,-17,-10,-24,-20
183.497651,21806,clench,-1,-10,-9,1,7,7,13,-8
183.497679,21807,clench,5,29,24,2,-1,-10,9,-4
183.499737,21808,clench,7,-13,-12,-2,5,5,8,-6
183.499742,21809,clench,5,15,0,11,18,0,-6,20
183.528582,21810,clench,3,-13,-17,-7,-6,-1,-35,3
183.528622,21811,clench,-10,-19,22,-3,-2,-1,9,-2
183.531032,21812,clench,-4,59,6,0,-4,-7,39,-9
183.531045,21813,clench,-5,-5,-4,-4,1,19,-10,-57
183.535131,21814,clench,5,-12,-3,3,4,-21,-3,24
183.535155,21815,clench,-19,-29,-15,-3,-1,-1,-30,31
183.535735,21816,clench,-8,-22,-6,-2,-6,20,17,-8
183.535756,21817,clench,10,-5,-4,1,2,-10,-9,20
183.557549,21818,clench,2,-17,0,-3,-5,-1,37,-17
183.557573,21819,clench,2,2,5,6,-1,-16,-16,-15
183.559386,21820,clench,4,-3,-5,-7,-1,0,23,24
183.559392,21821,clench,14,-11,-3,-2,-6,7,-33,-12
183.580839,21822,clench,-3,3,4,-2,-4,3,0,-10
183.580876,21823,clench,1,22,-28,-6,3,-3,12,11
183.581544,21824,clench,5,-61,16,7,-8,-24,-21,-18
183.581563,21825,clench,25,52,1,-2,7,5,-5,45
183.596152,21826,clench,-42,19,31,5,10,20,27,16
183.596161,21827,clench,-13,-27,-17,-2,1,-6,-7,-1
183.596163,21828,clench,-2,-9,-18,0,-18,2,19,2
183.596165,21829,clench,-11,-25,-4,-2,-7,-9,-24,5
183.617587,21830,clench,13,-4,-6,1,4,-5,-24,-13
183.617605,21831,clench,-37,-2,7,3,5,0,0,4
183.619186,21832,clench,-20,-3,-5,-3,11,2,17,-13
183.619193,21833,clench,-25,-17,5,3,-7,-13,-9,-5
183.643557,21834,clench,22,30,0,-4,-7,-11,-30,9
183.643568,21835,clench,-23,-23,4,-7,-8,6,31,-11
183.643570,21836,clench,61,5,-3,2,16,24,-31,-43
183.643572,21837,clench,-34,-3,-9,-3,-5,-9,19,-15
183.655191,21838,clench,-11,20,-13,-5,-12,12,-6,-36
183.655216,21839,clench,4,-13,28,1,6,-8,22,22
183.657936,21840,clench,3,19,-15,2,4,-16,-7,9
183.657946,21841,clench,17,-56,-14,-1,-2,-3,6,12
183.677787,21842,clench,35,17,15,4,-1,-7,8,-11
183.677817,21843,clench,8,42,13,0,-19,12,3,1
183.678392,21844,clench,-5,-27,-9,-5,14,7,12,28
183.678405,21845,clench,23,17,-6,-1,-3,-9,-14,-9
183.700862,21846,clench,-47,-70,-8,-4,-3,-5,-12,-25
183.700884,21847,clench,1,-16,3,4,8,3,-1,7
183.702413,21848,clench,20,28,4,1,-2,-2,16,9
183.702421,21849,clench,-17,10,-24,-6,-6,-9,-2,-20
183.715144,21850,clench,-26,4,6,-5,-12,11,-12,11
183.716698,21851,clench,9,1,33,1,-4,-1,20,6
183.716704,21852,clench,-8,-19,-3,-1,-11,-11,-21,4
183.716706,21853,clench,-5,21,2,-3,4,4,39,-10
183.737422,21854,clench,14,5,-10,6,6,-4,-27,8
183.737430,21855,clench,-28,-15,-5,2,1,-5,6,-9
183.738135,21856,clench,1,18,0,-4,8,4,5,32
183.738145,21857,clench,-36,-11,10,-3,-5,14,-1,6
183.761099,21858,clench,5,18,1,-4,-3,-5,12,-3
183.761147,21859,clench,-22,7,-11,0,-2,-21,2,0
183.762868,21860,clench,-8,23,-19,0,4,8,-11,-29
183.762875,21861,clench,13,-51,18,5,13,10,5,2
183.774334,21862,clench,6,4,13,-2,0,17,10,10
183.774358,21863,clench,20,24,-3,-5,-13,-11,-16,19
183.783868,21864,clench,12,-4,-14,-5,-9,-10,-20,-42
183.783873,21865,clench,2,-47,-1,0,2,-2,2,6
183.800359,21866,clench,-27,40,11,4,1,-9,3,2
183.800368,21867,clench,19,-14,-34,0,14,4,-29,-6
183.800370,21868,clench,-19,-21,39,9,5,-20,-4,7
183.800372,21869,clench,16,29,-4,-13,-26,37,25,-40
183.820756,21870,clench,13,17,8,-1,6,-2,0,22
183.820781,21871,clench,11,-22,-4,-5,-8,1,3,-11
183.823060,21872,clench,-7,-6,-12,3,3,2,12,4
183.823067,21873,clench,10,-15,-3,1,3,-20,-46,19
183.835265,21874,clench,0,49,-8,-1,6,-6,20,-8
183.835285,21875,clench,0,-28,-7,3,-5,1,1,-15
183.835866,21876,clench,1,39,6,-7,-11,-4,-7,5
183.835888,21877,clench,23,16,10,-4,-14,-13,7,2
183.857538,21878,clench,-34,-77,-21,-7,14,12,-6,0
183.857561,21879,clench,5,5,3,7,4,-13,7,11
183.860850,21880,clench,-19,6,-20,-7,-11,2,-13,-28
183.860860,21881,clench,-25,-11,33,3,-3,-4,-37,10
183.880975,21882,clench,22,42,-8,2,-6,-13,3,-22
183.880996,21883,clench,-23,-3,-1,-9,-2,13,-7,-23
183.881612,21884,clench,28,-5,-3,2,3,11,18,40
183.881633,21885,clench,-20,-2,-21,-1,4,-4,12,16
183.895819,21886,clench,7,-14,10,5,-1,-10,-2,29
183.895903,21887,clench,0,33,13,3,13,13,-9,6
183.902786,21888,clench,-8,19,-1,-6,-3,11,1,-15
183.902812,21889,clench,-5,-26,-20,4,5,6,33,11
183.917559,21890,clench,4,-8,-6,-4,0,-3,-3,-7
183.917583,21891,clench,5,19,9,2,-2,-9,-6,29
183.919582,21892,clench,-29,-21,2,1,3,-10,-15,-16
183.919591,21893,clench,51,3,-5,-3,16,19,21,8
183.943335,21894,clench,7,-11,-20,-6,-10,-7,-71,-16
183.943352,21895,clench,-21,-16,26,0,2,-1,31,-19
183.943356,21896,clench,1,-12,-1,-2,-11,-5,-29,-1
183.943360,21897,clench,15,6,1,7,-1,-6,0,24
183.954981,21898,clench,18,-21,-13,-3,-4,-11,15,21
183.955005,21899,clench,-8,3,0,-3,6,31,9,7
183.962625,21900,clench,26,-4,3,-1,4,-11,-7,-20
183.962689,21901,clench,-20,30,0,-2,4,-9,17,59
183.977864,21902,clench,-7,-49,-5,-4,-19,-3,0,-11
183.977903,21903,clench,19,-21,-20,-3,2,1,23,6
183.978488,21904,clench,10,20,13,1,2,1,-3,21
183.978520,21905,clench,-58,28,22,-2,-8,-8,-4,-22
184.000770,21906,clench,12,-19,-9,2,4,4,-6,-2
184.000794,21907,clench,-17,-6,-3,-4,-3,-9,-9,-5
184.003088,21908,clench,0,-19,-2,0,-1,3,8,17
184.003096,21909,clench,2,-9,-9,-1,8,-6,17,-27
184.014385,21910,clench,46,30,-1,0,-15,-3,-40,-21
184.014403,21911,clench,-33,-35,-6,-4,-7,2,1,-26
184.022563,21912,clench,-17,13,3,-3,1,-9,15,-17
184.022587,21913,clench,-6,-26,-9,-1,4,5,-5,0
184.037533,21914,clench,-1,44,31,8,8,10,28,-6
184.037557,21915,clench,27,20,-11,2,5,1,-33,-11
184.038315,21916,clench,0,-10,-6,-5,-2,6,0,36
184.038334,21917,clench,6,-6,2,2,-11,-9,13,44
184.061079,21918,clench,-14,2,7,1,11,-1,7,34
184.061112,21919,clench,-34,-32,-22,-2,-12,8,-1,12
184.062789,21920,clench,-17,-14,4,-1,-5,-6,4,-23
184.062798,21921,clench,17,49,-14,2,-3,-11,-23,-29
184.074614,21922,clench,4,-24,29,1,-3,8,29,3
184.074639,21923,clench,18,16,-11,-7,6,-14,-55,9
184.083339,21924,clench,-17,-33,-24,-4,-6,6,16,-19
184.083344,21925,clench,34,-27,-10,1,-2,-3,-17,9
184.099004,21926,clench,-26,78,9,2,6,2,13,32
184.099014,21927,clench,-39,-41,16,3,-11,-12,0,-23
184.099016,21928,clench,-11,18,-4,4,26,16,16,31
184.099018,21929,clench,11,-26,-1,-1,-5,6,-19,-23
184.120735,21930,clench,9,-6,0,-9,-5,-6,-6,-18
184.120793,21931,clench,34,-24,-33,-8,-6,10,35,20
184.123323,21932,clench,4,36,33,2,-5,-9,-20,15
184.123329,21933,clench,-14,7,-1,-1,2,-2,-26,-51
184.134405,21934,clench,4,-49,-11,3,8,-5,-24,-10
184.134432,21935,clench,-8,47,8,-4,-6,-5,55,-19
184.142730,21936,clench,10,-45,-6,-1,-11,13,-16,-29
184.142757,21937,clench,52,28,-6,-5,15,14,10,13
184.157479,21938,clench,-58,-5,1,-3,-16,-9,-7,-19
184.157503,21939,clench,39,75,1,-5,-7,-11,-9,-8
184.160459,21940,clench,6,5,7,1,2,-8,-27,23
184.160470,21941,clench,-52,20,23,5,1,3,1,7
184.180779,21942,clench,8,-5,-25,-6,-1,-7,5,-37
184.180799,21943,clench,-21,-87,-10,1,3,2,10,-12
184.181734,21944,clench,3,42,16,1,1,-11,4,-11
184.181752,21945,clench,15,36,-2,-6,-19,6,11,-13
184.194735,21946,clench,-47,-38,-10,-4,9,7,-5,-14
184.194743,21947,clench,-5,-9,-1,4,4,-9,-23,-29
184.202608,21948,clench,18,-7,-12,-3,-8,-9,-2,7
184.202629,21949,clench,-15,17,-28,-2,6,-7,25,-21
184.217541,21950,clench,1,-50,47,9,-6,4,-6,-26
184.217559,21951,clench,20,38,11,2,-9,4,5,32
184.220021,21952,clench,3,-8,-7,-5,7,-5,-8,-21
184.220028,21953,clench,-20,-23,-11,-2,-23,-15,-6,13
184.241982,21954,clench,24,-26,-30,-10,3,8,13,-11
184.241989,21955,clench,-22,-13,21,6,18,7,4,-4
184.241991,21956,clench,-17,5,-5,-5,-16,-3,17,-2
184.241993,21957,clench,-1,-2,15,3,11,1,7,-2
184.263480,21958,clench,1,14,-17,2,6,2,20,21
184.265502,21959,clench,-5,-37,-10,2,7,-4,-17,11
184.265510,21960,clench,20,44,2,-7,-17,-3,-1,-4
184.265512,21961,clench,14,29,1,1,6,-2,-11,11
184.277867,21962,clench,-23,26,25,8,-5,-8,11,-5
184.277898,21963,clench,12,19,-5,0,6,4,13,-3
184.278315,21964,clench,10,-2,3,5,15,12,4,-21
184.278330,21965,clench,3,24,17,-4,-10,11,-20,5
184.300709,21966,clench,-3,5,-7,-2,-10,4,-5,6
184.300734,21967,clench,-34,-5,-3,-1,8,-11,-13,-13
184.303448,21968,clench,-1,-61,-18,-1,-5,5,10,33
184.303454,21969,clench,14,6,-7,-4,2,-4,-10,-4
184.323192,21970,clench,10,29,20,2,4,-11,-23,5
184.323216,21971,clench,5,13,9,2,-5,5,43,-11
184.324013,21972,clench,20,-12,-17,-5,5,5,-33,-14
184.324039,21973,clench,-27,-36,5,0,-2,-8,5,13
184.337464,21974,clench,13,-50,-14,-10,-7,-5,-7,-8
184.337486,21975,clench,5,42,7,-5,-12,-9,-7,-8
184.338123,21976,clench,-11,-9,-13,6,0,-3,5,8
184.338137,21977,clench,-8,-35,3,-4,8,10,46,-21
184.361024,21978,clench,37,12,2,-3,2,7,-5,-17
184.361053,21979,clench,-36,-10,-10,-6,-7,-3,6,3
184.363678,21980,clench,8,-26,-8,-1,4,-9,-12,21
184.363685,21981,clench,-4,11,2,3,-14,-1,-14,6
184.383223,21982,clench,-5,-46,-10,6,4,-7,9,-14
184.383241,21983,clench,41,13,2,-6,8,13,32,11
184.383931,21984,clench,-26,-13,-4,-6,-22,3,-24,-32
184.383954,21985,clench,1,-27,1,1,14,0,-10,-17
184.398412,21986,clench,-5,102,5,-3,-1,-2,1,25
184.398477,21987,clench,21,-19,-8,1,-8,-6,-18,14
184.398479,21988,clench,-19,30,4,4,10,-4,7,-52
184.398481,21989,clench,14,2,3,5,2,0,3,23
184.420730,21990,clench,-2,-92,-26,-8,-4,0,8,-45
184.420757,21991,clench,-68,89,45,3,-5,-3,10,30
184.422168,21992,clench,28,3,3,1,7,6,0,3
184.422186,21993,clench,-6,0,-8,-1,-4,-19,-27,-4
184.443442,21994,clench,10,-11,-35,1,7,5,1,15
184.443470,21995,clench,8,13,40,2,-8,8,-6,-27
184.444139,21996,clench,4,-5,11,-3,-4,5,-5,-27
184.444169,21997,clench,-21,-27,-1,-3,-21,-13,-3,-9
184.458986,21998,clench,20,0,-19,-1,1,-3,-4,-6
184.458993,21999,clench,14,-3,-11,-8,-3,-6,-41,14
184.458994,22000,clench,-5,12,15,1,-2,-17,-13,15
184.459029,22001,clench,3,-1,3,3,8,16,37,4
184.480765,22002,clench,-29,-8,1,-6,-19,-8,43,20
184.480785,22003,clench,17,-49,-28,-1,5,0,-53,-81
184.482202,22004,clench,-28,-1,11,6,0,-9,3,32
184.482207,22005,clench,0,9,4,-3,-1,10,-3,-13
184.504954,22006,clench,-21,-23,-1,0,4,5,2,22
184.504964,22007,clench,4,15,-2,4,3,-16,0,9
184.504968,22008,clench,-2,19,-13,2,11,4,18,23
184.504973,22009,clench,26,68,22,5,12,24,9,56
184.517519,22010,clench,-4,-4,9,-6,-6,4,-2,-5
184.517545,22011,clench,5,-10,-9,2,-2,4,-1,20
184.519860,22012,clench,14,-35,-17,0,12,-4,-7,11
184.519867,22013,clench,-26,7,-10,-6,-6,-10,12,-46
184.540768,22014,clench,25,21,6,4,3,-10,-35,0
184.540792,22015,clench,6,-5,-16,-7,-7,-1,-10,4
184.541631,22016,clench,-1,-8,4,0,1,12,30,-5
184.541731,22017,clench,5,-16,-4,-3,-6,-9,26,-12
184.570649,22018,clench,-12,51,14,2,4,-13,24,15
184.570667,22019,clench,9,-93,-39,-7,-6,8,-25,-19
184.571341,22020,clench,-17,8,-1,2,-1,4,-1,9
184.571427,22021,clench,-8,38,46,4,0,-4,-17,25
184.577773,22022,clench,-2,7,-9,-5,8,7,8,-18
184.577796,22023,clench,12,-8,11,2,-4,-13,14,15
184.579183,22024,clench,-19,-35,-8,-4,-21,0,5,-17
184.579191,22025,clench,-12,0,-22,-2,1,-4,-33,-24
184.600723,22026,clench,-3,-11,2,3,-1,4,-7,31
184.600744,22027,clench,5,6,-4,1,10,6,5,19
184.601449,22028,clench,0,8,6,-1,-3,2,27,-5
184.601462,22029,clench,-7,-19,-9,-4,-2,3,-12,1
184.623341,22030,clench,-34,-1,-3,-1,-4,-10,-33,-59
184.623358,22031,clench,-10,-70,-39,2,12,4,74,4
184.624226,22032,clench,19,109,68,0,-1,3,-46,-11
184.624252,22033,clench,4,-9,-16,-6,-2,-8,0,6
184.638132,22034,clench,-15,-10,5,-7,-11,3,1,15
184.638155,22035,clench,12,81,-1,7,7,-4,11,26
184.639732,22036,clench,-12,-85,-18,-4,11,4,29,-13
184.639736,22037,clench,-8,-2,12,-5,-14,-6,0,-1
184.661230,22038,clench,2,-14,-9,0,6,9,-22,-36
184.661268,22039,clench,25,26,14,-3,-9,-5,-6,31
184.663921,22040,clench,-14,-3,-11,-4,-5,-6,-6,-3
184.663934,22041,clench,-2,3,-11,0,5,0,-17,0
184.683248,22042,clench,3,-31,-7,0,-1,-6,19,8
184.683273,22043,clench,18,2,10,-1,-5,6,-11,0
184.684005,22044,clench,42,5,-15,-1,-1,-22,-30,4
184.684028,22045,clench,5,-21,-11,2,1,8,7,-11
184.697514,22046,clench,-7,-59,-29,-1,10,-4,42,2
184.697540,22047,clench,4,112,91,9,-13,4,-26,-14
184.698367,22048,clench,-19,-14,-11,-7,-14,11,24,-6
184.698386,22049,clench,18,-21,-7,-1,-4,-17,-20,-11
184.720872,22050,clench,8,-2,14,3,10,8,-3,22
184.720898,22051,clench,-6,-33,-34,-10,-11,-9,-15,-10
184.722437,22052,clench,-12,-21,-11,0,8,-8,4,6
184.722449,22053,clench,9,10,16,4,3,4,-6,2
184.743738,22054,clench,1,21,-11,-7,-4,-7,-23,-40
184.743775,22055,clench,-11,-18,-9,-4,-2,-7,-24,-8
184.744430,22056,clench,-41,6,0,1,-7,3,6,-23
184.744471,22057,clench,-18,-18,-20,-4,12,11,8,1
184.758110,22058,clench,22,18,22,4,-7,-2,-27,11
184.758121,22059,clench,-15,-7,-6,1,13,7,18,6
184.758326,22060,clench,28,-3,-8,-8,-12,-2,32,35
184.758343,22061,clench,-16,-48,-24,5,24,-15,-73,-9
184.780711,22062,clench,-20,110,77,12,-13,25,74,49
184.780737,22063,clench,-18,-27,-4,-4,-4,30,-20,-50
184.781917,22064,clench,1,11,-11,0,9,-7,-1,10
184.781922,22065,clench,-6,-23,-5,0,-2,-7,15,-17
184.803378,22066,clench,-3,-56,-57,-6,-2,-26,-50,-29
184.803403,22067,clench,-7,40,22,7,7,1,32,15
184.805153,22068,clench,-9,-1,7,-1,-1,7,-22,7
184.805161,22069,clench,27,6,-10,-5,-9,-13,5,-19
184.817457,22070,clench,0,-13,11,2,10,10,2,-4
184.817485,22071,clench,-3,-13,-9,0,-7,-9,-13,-20
184.818981,22072,clench,5,-16,-15,-3,1,6,-5,-2
184.818992,22073,clench,18,-2,10,-2,-10,-6,9,15
184.840800,22074,clench,-38,-11,-4,0,-5,-12,22,-1
184.840859,22075,clench,15,-32,-10,-8,4,8,-33,-15
184.841412,22076,clench,-18,78,7,-3,-16,-18,48,-1
184.841517,22077,clench,45,-2,35,5,-10,9,-16,43
184.863382,22078,clench,30,-46,-7,-2,2,3,-6,16
184.863410,22079,clench,19,47,-8,-3,1,-20,-9,6
184.865280,22080,clench,-11,7,6,2,13,3,8,28
184.865289,22081,clench,21,3,-5,2,-9,2,5,-36
184.877157,22082,clench,-29,4,8,-3,-14,-17,-32,22
184.877200,22083,clench,-1,-17,-17,-6,-4,5,7,8
184.885073,22084,clench,31,12,12,3,6,12,2,-5
184.885099,22085,clench,-46,1,3,-1,5,-3,10,11
184.900707,22086,clench,75,15,-10,2,2,3,-10,-14
184.900798,22087,clench,-43,-65,-23,-9,-4,-7,-37,12
184.901315,22088,clench,-19,39,22,10,8,8,47,-6
184.901334,22089,clench,-12,12,-4,-2,-10,-20,-1,-30
184.923204,22090,clench,9,-32,-11,-11,0,22,15,-11
184.923227,22091,clench,8,26,-3,-2,3,-6,10,15
184.924677,22092,clench,9,-43,-7,2,9,14,-27,-8
184.924690,22093,clench,-15,45,5,-9,-36,-7,23,24
184.936775,22094,clench,6,-16,-2,2,7,-4,8,-19
184.936794,22095,clench,-34,32,13,6,0,-8,1,-17
184.945204,22096,clench,36,-38,-16,-2,4,-7,-20,27
184.945225,22097,clench,-37,3,1,-1,13,3,6,-35
184.961022,22098,clench,-6,-21,-7,-1,-8,4,-16,41
184.963021,22099,clench,24,64,-17,-4,1,-13,2,-19
184.963035,22100,clench,-32,2,47,10,6,-4,-16,-1
184.963072,22101,clench,11,1,-2,-4,-6,26,18,-8
184.983172,22102,clench,1,11,7,-1,-6,-5,22,-6
184.983198,22103,clench,2,-44,-11,4,5,-6,-20,5
184.984639,22104,clench,-25,5,-26,-6,-16,-16,12,-27
184.984648,22105,clench,34,-1,-14,-3,9,3,-20,34
184.996925,22106,clench,7,52,18,0,5,0,-2,0
184.996948,22107,clench,3,-48,18,-2,-28,7,18,-6
185.004935,22108,clench,-75,-16,-20,-4,15,5,10,6
185.005984,22109,clench,4,-10,37,4,2,-4,-26,2
185.020586,22110,clench,0,65,-21,-2,9,-4,-6,8
185.020604,22111,clench,16,-1,20,6,-6,-5,6,-13
185.021499,22112,clench,38,-19,-2,-2,-4,7,-27,35
185.021504,22113,clench,5,-31,-26,0,12,5,33,8
185.043355,22114,clench,-41,-35,-6,-3,-10,-9,-39,-7
185.043378,22115,clench,8,56,7,-3,-5,-8,22,10
185.044234,22116,clench,9,-4,-17,-2,-1,-10,-36,-2
185.044272,22117,clench,-13,18,11,4,-7,-16,33,33
185.066186,22118,clench,-7,-17,20,-1,7,49,-24,-23
185.066210,22119,clench,-46,-33,-15,-9,-1,-6,-15,-16
185.068031,22120,clench,7,15,-16,-4,-2,-5,11,-11
185.068039,22121,clench,8,-15,26,2,-13,-9,-6,8
185.080833,22122,clench,-17,-25,-7,4,1,-20,2,6
185.080853,22123,clench,-3,44,20,5,9,8,1,14
185.082525,22124,clench,18,-6,-7,-10,-19,-7,-12,-9
185.082534,22125,clench,2,-18,-16,-2,9,1,-6,-18
185.103245,22126,clench,12,1,-11,-7,-7,-7,13,-3
185.103262,22127,clench,-22,9,3,1,18,24,-11,-5
185.103969,22128,clench,32,-15,9,3,-16,-28,7,-1
185.103986,22129,clench,-16,1,-13,0,-5,5,7,-23
185.117174,22130,clench,12,-16,-9,-4,2,-5,-41,-8
185.117182,22131,clench,13,-12,-2,-2,-6,-15,13,15
185.124977,22132,clench,13,10,5,3,27,22,-39,-14
185.124996,22133,clench,-14,-20,-13,-3,-5,17,-2,11
185.140689,22134,clench,-13,54,9,1,10,-6,18,-18
185.140706,22135,clench,15,-83,-19,-2,-7,-3,1,22
185.142083,22136,clench,-17,-5,1,0,0,-1,13,-42
185.142092,22137,clench,0,61,-1,-3,2,-6,-19,-6
185.163260,22138,clench,-5,-2,6,6,-2,-8,6,-11
185.163395,22139,clench,37,-36,-6,-1,-1,-13,5,-5
185.165289,22140,clench,-6,49,17,1,4,0,9,-45
185.165298,22141,clench,20,-10,-2,-6,4,37,17,52
185.193185,22142,clench,-4,11,2,-3,-7,3,31,18
185.193210,22143,clench,-34,-20,-12,-4,-3,1,0,-18
185.196194,22144,clench,20,-51,-12,1,-16,-12,-15,16
185.196203,22145,clench,-28,13,-31,1,16,-23,-41,-12
185.199385,22146,clench,6,74,63,-1,-10,8,84,42
185.199412,22147,clench,4,-3,-5,-2,5,-1,-78,-5
185.209014,22148,clench,1,-4,7,-1,-18,-1,3,-11
185.209021,22149,clench,0,-10,1,0,0,-7,-4,20
185.223135,22150,clench,5,-48,-35,1,0,2,-5,20
185.223157,22151,clench,5,6,0,-2,17,11,27,-23
185.224695,22152,clench,-5,23,10,-4,-20,-5,-6,22
185.224710,22153,clench,21,-14,-6,-1,9,-8,-2,3
185.245817,22154,clench,-23,2,-7,0,-3,-6,-9,-21
185.245840,22155,clench,11,30,9,2,-1,7,6,9
185.247372,22156,clench,-14,-19,-5,1,15,0,-22,-2
185.247390,22157,clench,-10,-26,3,-3,-3,2,12,-11
185.259320,22158,clench,9,-15,-9,0,-11,-5,-27,-8
185.259339,22159,clench,-21,31,-3,-1,0,6,12,11
185.268999,22160,clench,7,-50,-4,-3,-8,-4,3,-3
185.269003,22161,clench,-87,2,5,6,1,-13,-21,-2
185.283345,22162,clench,18,23,20,1,18,31,44,0
185.285071,22163,clench,21,-18,-10,0,-1,-18,15,15
185.285085,22164,clench,10,3,-10,-1,-3,19,-24,11
185.285088,22165,clench,9,-3,2,1,0,-6,5,-15
185.308001,22166,clench,0,-28,-13,-4,-3,-13,-31,-9
185.308015,22167,clench,-17,17,3,0,-2,-1,21,-4
185.308020,22168,clench,-31,-6,-20,-1,16,2,21,8
185.308024,22169,clench,22,-30,8,-3,-15,-5,5,-88
185.322070,22170,clench,1,25,4,0,2,4,-17,27
185.322077,22171,clench,-13,5,6,-5,-18,-10,23,18
185.327368,22172,clench,15,22,3,-4,-3,1,-2,-27
185.328912,22173,clench,-3,-9,-7,-1,-2,-1,2,-29
185.343366,22174,clench,0,5,-1,2,-4,-14,-7,0
185.343401,22175,clench,10,-18,-3,3,5,7,-13,0
185.345074,22176,clench,-4,4,-14,-1,7,-6,8,-31
185.345082,22177,clench,6,56,36,0,-1,-6,-2,-11
185.365723,22178,clench,-4,-45,-3,1,6,-1,-14,-2
185.365740,22179,clench,15,31,-12,-11,-20,-5,14,13
185.367204,22180,clench,29,17,20,-3,-5,-21,-42,-6
185.367257,22181,clench,-29,-33,-12,-5,-7,23,22,21
185.380254,22182,clench,-1,-7,-2,0,1,-7,-12,-16
185.380293,22183,clench,-2,-5,2,2,6,-3,-6,-13
185.386783,22184,clench,3,-13,-3,2,0,-4,16,28
185.386807,22185,clench,25,9,-11,-3,5,0,1,6
185.403143,22186,clench,1,-19,-21,