timestamp,emg1,emg2,emg3,emg4,emg5,emg6,emg7,emg8,label
2.001741,50,15,11,10,5,11,7,4,2
2.001983,-96,-18,-5,0,6,25,9,-17,2
2.011871,20,0,0,-1,1,-3,-14,16,2
2.011878,-15,0,-3,0,-1,6,-17,-42,2
2.025542,7,-2,-3,-4,-3,-13,-7,-11,2
2.025566,29,10,3,1,-2,0,13,6,2
2.027443,19,4,5,10,12,-8,-6,-3,2
2.027449,-23,-1,5,4,0,8,17,45,2
2.047846,-23,-9,-9,-11,-8,18,7,-23,2
2.047862,25,-5,-5,-6,-6,-26,-22,-8,2
2.049260,-22,-1,0,-3,1,6,13,0,2
2.049270,55,-4,-3,-2,-1,-14,-11,-1,2
2.061659,-21,5,5,7,4,-16,-8,9,2
2.061662,-30,-1,-5,-6,-5,59,-2,-28,2
2.072708,-16,-21,-16,-16,-18,-58,13,-18,2
2.072713,64,8,5,5,5,13,-4,22,2
2.084821,44,7,5,2,0,-6,1,-10,2
2.084842,3,-2,-2,-5,-3,-18,-6,46,2
2.093606,42,17,10,9,9,17,17,2,2
2.093615,-99,-11,-3,2,0,20,8,-37,2
2.109261,-13,-16,-11,-10,-7,-14,-8,-24,2
2.109271,28,8,3,0,-2,-14,12,30,2
2.109510,33,13,13,13,9,8,-7,48,2
2.109559,-37,-10,-10,-8,-2,8,-11,-54,2
2.121782,-32,-5,-7,-8,-8,-6,-20,16,2
2.121818,0,-13,-9,-9,-9,-22,1,23,2
2.132192,28,3,-1,-4,-3,-3,-3,31,2
2.132199,14,0,3,1,4,19,10,-38,2
2.144577,-65,2,2,2,3,-24,4,17,2
2.144594,-26,-1,0,1,-2,2,7,-41,2
2.151924,33,-3,-3,-7,-3,15,-4,88,2
2.151951,7,-4,-5,-4,-4,55,-1,-11,2
2.168132,-12,-8,-1,-2,-2,-3,25,-13,2
2.168153,31,13,7,4,4,-16,3,36,2
2.170487,-33,-12,-6,-2,-2,-1,-19,-58,2
2.170491,-2,8,0,2,1,-7,7,19,2
2.190724,28,8,8,6,5,13,-8,15,2
2.190746,9,1,1,0,-2,-3,-6,-10,2
2.193651,-24,-8,-6,-1,3,7,0,-46,2
2.193658,-4,3,3,1,-2,-34,5,38,2
2.205653,-20,-4,-10,-3,-3,7,-7,-96,2
2.207649,39,4,-2,-2,-2,-36,0,2,2
2.207662,-59,-11,-1,-5,0,15,-24,-13,2
2.207664,-23,-3,-3,-5,-2,4,13,41,2
2.227879,-20,2,0,-1,-1,12,-14,-23,2
2.227901,25,6,3,2,-3,-20,24,4,2
2.229300,6,9,3,6,2,-3,-30,16,2
2.229314,33,3,-2,-1,-3,-8,-8,0,2
2.251008,43,8,6,5,4,6,6,65,2
2.251174,-108,-31,-17,-12,-4,17,-19,-93,2
2.251961,45,11,5,4,3,-1,14,38,2
2.251981,5,8,4,1,0,-11,8,6,2
2.265410,7,-4,0,-1,-1,1,9,0,2
2.265439,32,-6,-4,-5,-3,-2,-1,24,2
2.266918,-2,-3,2,-1,0,2,10,12,2
2.266937,-2,3,-2,-2,0,-15,-7,-3,2
2.288212,21,4,4,0,-2,20,6,20,2
2.288234,-18,-1,4,2,-2,1,-7,-4,2
2.290297,-11,2,-1,-2,-2,16,0,-15,2
2.290302,2,-4,-3,0,-1,-4,-6,-19,2
2.310265,-18,-4,-7,-6,0,22,-4,-15,2
2.310272,29,4,0,-1,-1,4,1,16,2
2.311800,3,8,5,6,2,12,-15,-31,2
2.311824,51,-13,-8,-10,-12,-59,28,45,2
2.325859,20,-5,-1,-1,-5,-10,16,6,2
2.325868,-4,-3,-1,-1,1,-2,-9,-41,2
2.331827,11,7,2,3,3,-35,1,-10,2
2.331846,-20,3,3,3,0,96,-4,24,2
2.347799,17,-9,-10,-10,-8,-21,-13,-41,2
2.347821,-6,2,0,-2,-2,-3,13,38,2
2.349256,4,-2,-2,-2,-2,-9,-1,15,2
2.349267,-43,0,2,2,1,-16,-6,-9,2
2.371069,38,1,-3,-2,-2,7,4,-19,2
2.371095,-61,-11,-2,1,-1,19,-22,7,2
2.373772,3,1,-2,-2,-2,-3,-1,-61,2
2.373789,-10,-1,1,1,3,-9,-5,-1,2
2.385198,13,-3,-1,1,1,2,-4,41,2
2.385226,17,4,2,1,0,-14,3,-4,2
2.392163,-13,-9,-3,-3,-2,2,7,-15,2
2.392189,1,8,-1,-1,-2,5,5,-13,2
2.407967,-55,-17,-10,-9,-3,-29,-15,1,2
2.407987,9,6,-1,-2,-5,9,14,3,2
2.409553,-43,-8,-4,-4,-3,-14,-18,-12,2
2.409571,21,9,9,7,8,-4,-14,4,2
2.430362,16,-3,0,-2,-4,-10,40,75,2
2.430378,-18,-1,-3,-1,-2,-7,-12,-31,2
2.431834,-14,-9,-5,-5,-3,8,2,4,2
2.431843,25,4,4,4,2,-8,11,43,2
2.444831,-4,3,-1,1,-2,0,-10,16,2
2.444853,12,-1,-2,0,-2,-7,-7,-36,2
2.451542,-6,3,3,3,-1,2,11,15,2
2.451557,2,-6,-2,-1,-3,-1,-11,-7,2
2.467745,30,2,-1,-1,-1,7,6,-12,2
2.467752,22,2,2,-2,-2,9,5,41,2
2.469264,-6,-4,-8,-5,-4,-2,-5,-21,2
2.469341,-2,7,5,5,3,6,7,5,2
2.491980,8,3,4,6,2,5,-8,7,2
2.492002,3,-9,-5,-6,-2,-8,-6,6,2
2.494412,-5,-1,2,0,-3,7,7,28,2
2.494418,-10,-5,-4,-4,-3,-23,-3,28,2
2.505060,3,8,1,2,0,0,-7,-34,2
2.505483,-27,-6,-4,-3,-3,-9,-6,-5,2
2.511793,12,0,0,-2,-2,21,-4,20,2
2.511821,24,-6,-4,-2,-2,-9,-8,-8,2
2.528413,-20,2,2,0,1,-26,-7,-3,2
2.528474,-1,2,2,-1,0,-7,1,27,2
2.529785,-26,-5,-4,-3,0,9,11,-36,2
2.529802,36,0,-1,0,-3,-51,-21,-18,2
2.550511,-58,-4,-3,-3,4,23,-4,-50,2
2.550533,34,1,1,0,-1,7,2,23,2
2.553755,12,3,1,4,0,-20,3,-3,2
2.553758,-46,-8,-7,-6,-3,17,2,-33,2
2.564633,22,4,1,2,0,23,2,13,2
2.564649,-10,-2,-2,2,0,-12,-4,-8,2
2.572047,12,3,4,3,4,8,-2,-12,2
2.572083,-20,-5,-4,-4,-5,10,4,-38,2
2.588383,5,-2,-1,-4,-3,3,-2,20,2
2.588410,-9,1,-2,1,2,6,-4,-6,2
2.590853,11,-1,-2,0,-2,0,1,22,2
2.590860,0,-2,-2,-2,-3,7,0,-2,2
2.610566,-30,-5,-1,0,-1,-18,-6,3,2
2.610587,40,-4,-3,-3,-1,-11,-7,-24,2
2.611936,6,3,-1,-1,0,-6,0,2,2
2.611963,-36,-1,-3,-2,0,6,5,-9,2
2.625022,23,-2,-1,-1,-3,-21,-23,8,2
2.625044,-34,1,-2,-3,-1,27,7,-22,2
2.631492,-8,-5,-2,-2,0,9,-10,-17,2
2.631513,-15,-5,-6,-5,-2,1,-3,1,2
2.648922,17,6,5,4,3,6,10,27,2
2.648942,16,1,1,0,-1,11,-5,1,2
2.650850,16,0,-1,-1,0,-12,-1,21,2
2.650856,-34,-4,-2,-2,0,10,4,-3,2
2.670386,0,1,0,0,0,2,3,-5,2
2.670392,-2,2,2,3,1,-12,-3,10,2
2.671750,3,2,2,1,0,2,8,-2,2
2.671762,-1,-5,-4,-4,-2,-2,-7,-27,2
2.685966,9,5,2,1,3,-2,6,-2,2
2.685971,-17,-6,-4,-3,-2,-5,1,-26,2
2.693826,-7,-1,1,0,-1,-7,-2,-16,2
2.693834,22,0,1,0,0,2,2,27,2
2.708034,-28,-4,-3,-6,-4,-1,-10,-22,2
2.708056,1,5,2,2,2,4,3,42,2
2.709822,-17,-1,-2,0,-3,-6,1,9,2
2.709828,8,2,-1,-1,-2,-1,-1,-2,2
2.732513,-26,-5,-1,2,2,-16,15,4,2
2.732518,9,-5,-4,-5,-6,-10,-17,9,2
2.732520,14,-4,-3,-2,-2,-2,3,-5,2
2.732522,15,5,1,0,0,7,2,12,2
2.744037,6,2,0,-1,1,-6,-3,-5,2
2.744059,-5,3,4,2,1,-18,4,3,2
2.755359,20,-1,-2,-3,3,40,-6,5,2
2.755365,5,-2,-3,-2,-3,-15,20,-49,2
2.768215,-19,-2,-2,-1,-2,4,-9,12,2
2.768243,-1,-1,0,0,-1,1,0,-39,2
2.770207,7,-3,0,-1,-2,-2,-3,20,2
2.770210,-3,5,5,3,0,4,-8,50,2
2.793193,27,-1,-2,-3,-2,10,7,1,2
2.793203,-42,-6,-5,-5,-2,-2,-1,-9,2
2.793205,0,2,1,3,4,-16,3,-2,2
2.793207,51,-2,-2,-2,-2,3,-5,20,2
2.804088,-73,1,-2,-2,-2,-6,-8,-27,2
2.804110,17,-1,4,3,0,5,4,9,2
2.815122,-5,0,-8,-8,-6,-7,4,15,2
2.815125,-16,-5,-2,-2,1,-26,-19,-19,2
2.827891,30,6,4,4,2,10,1,-13,2
2.827908,27,2,0,-1,-3,1,4,4,2
2.829315,-26,-7,-4,-1,-1,7,1,-3,2
2.829330,6,0,-1,1,-3,-10,4,6,2
2.850719,17,0,1,0,-1,-3,-3,5,2
2.850741,3,5,-1,1,0,4,-3,6,2
2.853166,53,5,1,1,-2,-11,-1,-2,2
2.853176,-110,-19,-10,-7,-1,10,-8,-31,2
2.864529,28,3,3,2,0,1,-3,5,2
2.864549,4,-1,-4,-2,-1,2,2,11,2
2.875420,14,2,0,-2,-1,-7,-3,0,2
2.875425,-7,1,-2,-4,-2,2,1,36,2
2.887783,-1,-2,-1,-1,-2,1,-2,-13,2
2.887795,-6,0,0,2,2,0,3,-20,2
2.889719,-2,-1,-1,0,-2,-40,7,-5,2
2.889736,-1,-3,-1,-1,-2,35,-14,-10,2
2.910411,14,1,0,-1,-1,11,9,27,2
2.910426,-6,-4,-2,-2,-1,0,-3,9,2
2.912195,-19,-3,-2,-1,-2,-11,-4,-25,2
2.912198,19,2,3,1,1,-6,5,2,2
2.924196,52,8,4,2,3,11,-5,15,2
2.924220,-74,-22,-8,-5,-4,-7,-4,-61,2
2.934208,27,4,4,0,0,11,-4,5,2
2.934212,17,4,2,0,3,-1,6,12,2
2.949788,8,2,0,0,0,5,-1,16,2
2.949793,-1,4,-4,-4,1,-6,-4,-21,2
2.949796,-21,-7,-1,-1,-3,-1,-1,-12,2
2.949797,9,3,3,2,0,1,1,3,2
2.970675,-27,-12,-8,-6,-4,-14,6,7,2
2.970695,-14,1,3,1,-1,-4,-9,37,2
2.972488,-37,-7,-4,-3,-2,26,-19,-19,2
2.972497,33,7,2,0,1,13,8,6,2
2.984440,-36,-15,-8,-5,-2,-14,-10,-63,2
2.986293,41,5,-1,-2,-5,4,0,19,2
3.001703,-64,-3,-2,0,0,-1,0,-8,2
3.001708,-4,5,6,7,6,-23,-6,4,2
3.008244,10,0,0,0,1,37,7,11,2
3.008392,30,0,-3,-2,0,-4,-1,9,2
3.010563,-4,-3,-2,-3,1,-2,1,3,2
3.010568,2,-4,-4,-1,-5,-16,-11,-15,2
3.030844,-19,-3,2,0,-1,-14,0,0,2
3.030871,8,8,5,3,1,2,5,5,2
3.031822,11,1,-1,0,1,1,2,7,2
3.031836,-18,-6,-3,-1,-1,6,7,-18,2
3.043974,7,-2,-3,-5,-5,-12,-23,48,2
3.043996,3,-6,-5,-5,-2,8,1,-55,2
3.054259,8,0,-1,0,0,2,-4,-5,2
3.054263,18,7,2,0,1,-7,6,4,2
3.068586,-11,-11,-3,-1,2,-16,2,-31,2
3.068614,3,2,-1,1,-2,-13,-9,5,2
3.070387,7,3,-1,-1,0,3,2,-4,2
3.070390,46,2,-3,-3,-3,5,-2,1,2
3.090361,-39,-2,-2,-2,-1,-4,0,-12,2
3.090382,-8,0,3,2,2,0,0,11,2
3.092047,25,2,0,-1,-1,-4,2,8,2
3.092066,-10,-2,-1,-2,-1,4,2,18,2
3.112812,2,1,0,1,-1,-5,-5,7,2
3.112828,-2,-2,1,-1,-2,6,4,-3,2
3.114284,4,-2,-4,-3,-4,-6,-14,28,2
3.114291,-33,-10,-6,-3,-4,0,-5,-18,2
3.127770,7,4,0,0,-2,2,0,0,2
3.127785,-4,-2,0,0,0,-3,-4,24,2
3.129440,23,3,2,2,1,5,18,26,2
3.129447,-5,-3,-3,-1,-3,-4,-5,-13,2
3.151714,5,-1,-1,0,1,11,-4,-1,2
3.151719,11,2,1,1,2,-5,9,13,2
3.151803,-25,-6,-2,-2,-3,-9,0,-3,2
3.151809,5,-5,-4,-3,-2,5,0,-2,2
3.173293,1,3,0,-2,-4,-7,1,37,2
3.175318,29,2,-1,-1,-1,1,1,10,2
3.175329,-28,-10,-3,-4,-2,-1,-7,-10,2
3.175331,18,1,1,-2,-1,-2,-6,-5,2
3.187751,-16,2,0,1,-3,-5,4,-3,2
3.187772,34,2,0,-1,-1,0,-4,-10,2
3.189223,-6,-4,-3,1,1,-1,-1,-21,2
3.189236,-23,-3,-2,-1,-1,1,-5,-57,2
3.210525,13,-7,-4,-4,-3,-2,-19,-7,2
3.212167,-14,1,-3,-3,-2,-4,0,-3,2
3.212179,26,4,0,-1,-2,3,2,-9,2
3.212183,-16,-1,3,1,1,-2,3,25,2
3.233360,12,0,1,1,1,27,0,-33,2
3.233395,-12,-3,-2,-2,-2,-3,-1,3,2
3.234724,-35,-6,-1,-3,0,-27,-8,-21,2
3.234727,15,4,0,-4,-4,29,6,14,2
3.247201,-13,-2,-3,-1,0,-5,1,-7,2
3.247217,-28,2,3,3,0,2,0,8,2
3.254046,31,-4,-3,-5,0,1,-1,4,2
3.254066,-8,-4,1,0,-2,-11,-3,17,2
3.277798,-2,2,-3,-3,-1,-8,1,-17,2
3.277810,-5,2,-1,-2,-1,5,3,-12,2
3.279412,22,4,3,2,0,-4,-1,26,2
3.279428,-5,-1,-3,-2,0,-5,-3,3,2
3.292897,17,-2,3,-1,-1,-3,0,-1,2
3.292915,-2,-4,-2,-1,-1,9,7,2,2
3.294320,-20,-4,-7,-3,-2,-9,-15,-36,2
3.294333,8,3,3,2,0,-3,3,4,2
3.308946,10,0,-3,-2,-2,-8,3,5,2
3.308957,11,4,3,1,0,8,2,3,2
3.314060,-20,-7,0,-2,-1,22,-1,-45,2
3.314106,12,-1,-3,-2,-2,-4,-2,1,2
3.330218,10,2,-1,-2,-2,1,-2,9,2
3.330234,-5,-6,-3,-3,1,-7,-7,-25,2
3.331775,1,7,2,1,-1,0,4,29,2
3.331783,18,-1,-2,-1,0,-4,-6,-35,2
3.353389,-33,-6,-2,-2,-3,0,-2,-13,2
3.353410,16,-4,-3,-4,-2,-5,-1,23,2
3.356070,12,3,0,0,0,2,6,8,2
3.356076,-8,1,-1,0,1,2,6,19,2
3.367956,-2,-1,-1,1,0,-4,-2,-13,2
3.367984,-15,-2,2,1,0,-2,1,18,2
3.374176,9,-2,-3,-4,-2,-5,-6,8,2
3.374199,-9,-5,-2,-2,-2,-4,-2,13,2
3.390318,0,2,0,0,-1,0,0,12,2
3.390341,-6,-1,-2,-3,-1,-6,-6,-2,2
3.392273,-5,1,2,1,1,4,5,13,2
3.393470,-2,-1,-2,-1,0,-3,-2,-1,2
3.412933,16,-3,-3,-1,-2,2,1,7,2
3.412948,-19,1,1,0,0,-18,2,19,2
3.414338,-28,-5,-2,-3,-2,-5,-19,-33,2
3.414373,1,0,1,-1,-2,1,0,-2,2
3.427270,5,3,0,-1,0,-5,-1,-4,2
3.427285,24,3,4,3,1,6,1,3,2
3.434195,-25,-6,-2,-1,0,-1,-1,-24,2
3.434210,-3,-7,-7,-4,-2,-5,-4,-1,2
3.450373,-2,1,-2,-2,1,-1,-1,-11,2
3.450377,-6,-3,-4,-2,-3,0,-3,-12,2
3.451725,36,10,5,4,0,0,8,22,2
3.451737,-52,-8,-2,2,0,-3,-8,0,2
3.473313,-19,-4,0,-2,-5,0,5,47,2
3.475966,-10,-4,-4,-2,-1,-1,-3,-9,2
3.475974,39,0,0,-1,-2,-2,3,19,2
3.475975,32,9,4,2,0,0,6,13,2
3.487401,-17,-2,-2,0,2,-3,-1,23,2
3.487422,22,-7,-5,-4,0,-11,-10,-60,2
3.494116,17,6,5,1,1,13,7,42,2
3.494144,-6,-4,-6,-3,-3,-24,-2,-39,2
3.511420,13,4,4,2,0,-1,1,-10,2
3.511522,-12,-1,-1,-2,-4,-2,1,-4,2
3.511867,5,-4,-4,-3,-2,-6,2,5,2
3.511876,8,3,-1,-1,-2,-4,-14,-16,2
3.533164,5,1,0,3,3,-3,0,-3,2
3.533184,-33,-7,-5,-2,-4,0,-5,15,2
3.535428,11,0,2,2,-1,-2,0,-2,2
3.535431,-6,0,0,0,0,7,1,9,2
3.547813,-30,-8,-3,-3,-1,-1,-4,-39,2
3.547838,4,-4,-4,-3,-4,0,-6,18,2
3.553898,-3,2,0,0,1,-4,1,4,2
3.553926,19,-2,2,1,-1,3,4,14,2
3.570643,24,5,3,3,0,-1,-2,4,2
3.570664,-3,-1,1,-1,0,4,4,4,2
3.573106,-17,-5,-3,-4,-2,-1,-6,-41,2
3.573116,-27,-1,-3,-3,-1,3,0,-13,2
3.593015,-3,-2,-3,-3,-2,-5,-5,2,2
3.593031,8,2,2,1,0,2,-1,6,2
3.594390,-5,1,0,-2,-1,-1,-3,-5,2
3.594410,-25,-4,-4,-2,0,5,-2,-9,2
3.606471,19,-3,-2,-4,-4,4,-1,-4,2
3.606521,-14,-1,-5,-2,-4,-22,-5,-19,2
3.615757,0,2,3,-1,0,4,-2,-3,2
3.615761,5,2,1,0,-1,3,2,14,2
3.629483,22,-5,-4,-5,-4,-8,-10,-18,2
3.629505,-28,0,0,-1,2,14,10,-2,2
3.638654,30,-1,-2,0,-1,-3,-2,3,2
3.638658,20,1,1,-2,-1,-2,-1,4,2
3.652773,-23,-5,-3,1,-1,4,-1,11,2
3.652819,25,6,2,3,1,-1,7,16,2
3.654192,17,2,2,0,1,-3,2,49,2
3.654203,-10,-5,-3,-4,-3,-1,-8,-34,2
3.667072,8,8,3,1,0,-5,6,14,2
3.667076,12,0,-1,-2,-3,-1,-3,5,2
3.676133,7,3,-1,0,-2,-3,0,6,2
3.676139,-6,-1,-2,0,-1,0,2,9,2
3.690586,-12,-7,-3,-5,0,1,-2,-14,2
3.690614,10,-1,1,-1,0,1,-2,7,2
3.692387,-13,-1,-3,-2,2,2,0,-22,2
3.692392,2,4,3,1,0,1,3,10,2
3.716558,-22,-3,-4,-3,-3,-3,-7,-41,2
3.716562,25,-2,1,1,-1,0,-5,6,2
3.716565,-38,-5,-5,-1,-1,-4,-3,-22,2
3.716567,21,-2,0,0,1,-2,-2,3,2
3.726480,6,1,4,2,0,-1,2,8,2
3.726496,-6,-3,-3,-4,0,0,-7,-22,2
3.736214,3,-3,-4,-2,-2,-3,-3,0,2
3.736225,15,1,1,-1,0,0,0,0,2
3.750349,-21,-4,-3,-2,0,7,-4,3,2
3.750370,12,3,1,0,1,2,2,1,2
3.752021,-1,1,0,0,-2,-1,1,20,2
3.753158,-10,1,0,-1,-1,0,1,-8,2
3.773564,2,0,0,0,0,4,3,16,2
3.776073,-10,-9,-5,-2,-2,-4,-7,-64,2
3.776087,5,0,-2,1,-2,-14,0,7,2
3.776090,2,0,-1,1,-3,-6,4,-3,2
3.786909,13,0,0,-1,0,7,-9,37,2
3.786940,-34,-4,-3,-3,0,3,1,-10,2
3.795624,0,2,1,1,1,-5,-4,4,2
3.795627,-4,-4,-3,-1,-1,8,-2,19,2
3.810343,-14,-2,-1,-1,-2,-27,-2,-36,2
3.810351,19,5,3,3,0,0,2,22,2
3.811805,10,-7,-5,-5,-5,5,-5,-20,2
3.811817,-38,-4,0,-1,1,0,0,3,2
3.833198,4,4,2,0,1,1,4,4,2
3.833219,9,2,0,-1,0,3,1,30,2
3.835655,-25,-5,-5,-3,-1,-6,-4,-35,2
3.835659,17,2,0,1,-3,4,-2,-23,2
3.847044,-19,-3,-1,-1,-1,-1,0,-2,2
3.847066,-7,-1,-5,-5,-3,-6,-3,0,2
3.857555,-15,-1,1,0,2,5,3,3,2
3.857567,7,-3,-6,-5,-3,-4,0,-5,2
3.873353,1,4,3,4,3,4,4,3,2
3.873359,23,1,-2,1,0,0,-1,-2,2
3.873361,-37,-1,-2,-1,-2,1,0,-6,2
3.873363,18,-5,-3,-2,0,0,-7,-6,2
3.893028,0,0,1,-2,-2,-1,5,-4,2
3.893073,-9,-4,0,-1,0,-2,-3,-7,2
3.894660,2,0,0,-2,-3,-3,-2,-5,2
3.894681,-14,0,1,0,0,-4,3,14,2
3.915766,18,-4,-4,-1,0,6,-5,-26,2
3.915795,-12,0,-1,-1,-1,-16,-2,3,2
3.917585,-13,-5,0,-3,-3,0,-2,22,2
3.917588,-39,0,0,1,-2,-2,2,22,2
3.931119,30,2,-1,-3,1,-2,1,-4,2
3.931147,-35,-7,-2,-2,-3,2,-2,1,2
3.933287,14,2,2,0,1,0,-2,-34,2
3.933292,13,2,-2,-1,-3,0,1,20,2
3.953840,0,-4,-5,-3,-7,-4,-5,3,2
3.953845,-12,-1,1,0,0,2,0,-6,2
3.954261,6,2,1,2,1,1,-2,7,2
3.954266,12,2,3,5,2,2,1,6,2
3.969039,-21,-2,-1,-1,-1,-2,-3,-13,2
3.969043,15,-2,-1,-5,-2,1,-4,-5,2
3.977075,1,-1,-3,-4,0,-4,1,-2,2
3.977081,5,-4,-5,-6,-3,-4,-3,-3,2
3.991931,4,7,7,6,5,3,3,10,2
3.991953,13,-1,0,1,-1,-6,-2,12,2
3.994108,8,-1,-1,0,-2,-1,5,25,2
3.994115,-9,-1,-1,-1,-1,-2,-4,-11,2
4.013610,-1,-4,-7,-5,-3,-2,-1,-55,2
4.013746,-10,0,1,0,2,-4,-11,-2,2
4.015854,28,3,0,3,0,10,3,3,2
4.015857,-12,-2,-5,-3,-2,-22,-1,17,2
4.035677,-15,-12,-5,-5,-2,-2,-2,2,2
4.035694,9,7,1,2,1,5,5,10,2
4.037086,-7,-1,-1,-2,-1,1,0,-4,2
4.037100,39,5,3,2,-2,6,0,13,2
4.050447,-89,-10,-3,3,1,-1,2,-6,2
4.050468,19,0,0,1,1,4,-1,8,2
4.051971,-4,1,-1,0,1,-3,-3,-35,2
4.051983,-1,-1,-2,0,0,0,1,-15,2
4.073459,28,4,-3,-3,-4,-3,-3,24,2
4.073487,-19,2,-2,-2,-2,4,0,-1,2
4.076123,-2,-8,-1,0,2,0,1,36,2
4.076129,-4,3,2,-1,1,4,1,-19,2
4.095302,7,-5,-2,-4,-3,-5,-6,-19,2
4.095318,-4,0,0,2,0,-1,4,6,2
4.096834,8,1,1,0,-2,-1,2,12,2
4.096851,-21,-4,0,0,-1,0,-5,-4,2
4.110341,23,4,0,0,2,1,0,19,2
4.110355,7,-1,1,1,0,0,3,17,2
4.111816,-41,-8,-5,-5,-1,-4,-4,-36,2
4.111831,-2,0,-3,-1,1,2,-3,-6,2
4.132735,16,4,2,1,-2,-2,-1,7,2
4.132750,2,-4,-3,-4,-4,-2,-4,-10,2
4.134227,-43,-5,-1,-2,-2,-2,-2,3,2
4.134234,4,-7,-2,-4,-3,1,-5,-10,2
4.158038,10,1,-2,-1,-4,-3,1,22,2
4.158044,7,0,0,-1,-1,2,1,9,2
4.158046,30,2,-1,0,0,-2,-5,3,2
4.158047,-27,-2,-2,0,1,5,0,1,2
4.170739,4,-1,-1,1,-1,-2,-2,-23,2
4.170771,0,-2,2,0,-2,0,2,8,2
4.172696,12,2,-2,-1,-2,-1,1,-4,2
4.172704,-1,-6,-3,-4,-3,1,-1,0,2
4.193029,4,1,2,2,0,-1,1,13,2
4.193046,-23,-1,0,3,1,1,-1,-27,2
4.194418,10,1,3,0,0,0,-7,27,2
4.194440,3,2,-1,0,0,-3,0,4,2
4.215225,7,0,0,-1,0,1,1,11,2
4.215241,18,1,-3,-3,-3,-4,-2,-17,2
4.216965,-16,-2,-2,-1,-1,-1,-1,-6,2
4.217004,1,-1,-1,-1,-3,-4,-4,1,2
4.230158,25,7,2,0,-1,-1,-2,-1,2
4.230188,-41,-10,-6,-3,-1,0,-1,-12,2
4.236762,24,1,1,1,0,1,2,-9,2
4.236789,3,0,0,-1,-2,-2,-2,7,2
4.252765,-18,-2,-3,1,3,2,0,-28,2
4.252777,5,3,2,-1,0,-1,1,19,2
4.254252,14,-2,2,-1,-1,-2,0,-6,2
4.254264,-12,1,-2,-1,2,-1,2,-8,2
4.275395,14,-3,-1,-4,-4,-5,-3,31,2
4.275421,-6,-7,-3,-5,-2,-2,-3,-33,2
4.276924,18,7,3,4,1,3,5,1,2
4.276939,-41,-4,-1,-2,-2,-1,-1,-32,2
4.289942,-37,-6,-2,-4,-2,-4,-5,-15,2
4.289959,20,-4,-4,-4,-3,-4,-5,-2,2
4.296779,6,2,-2,-2,0,3,3,8,2
4.298353,32,4,3,4,2,-6,1,0,2
4.312934,-27,-4,-1,1,-1,1,2,10,2
4.312938,-7,1,-1,0,0,1,2,-4,2
4.314224,-10,-2,1,-1,-1,-4,-3,1,2
4.314241,2,-6,-5,-4,-2,2,-1,7,2
4.335273,-4,-2,-1,-1,-1,0,-2,-10,2
4.335293,15,4,2,0,0,-3,2,29,2
4.338278,-17,2,0,3,-3,1,-4,-28,2
4.338281,-41,-9,-1,-1,-1,-1,-2,-1,2
4.349778,17,-1,-1,2,1,3,2,-8,2
4.349800,-3,0,-1,1,-1,0,-1,25,2
4.356328,-11,-4,-5,-6,-2,-4,-4,-18,2
4.356345,-1,0,0,-1,0,1,-2,-3,2
4.374644,5,0,1,-1,-1,-3,1,38,2
4.374655,1,0,-3,-3,-1,0,3,4,2
4.374657,2,-6,-2,-4,-2,-5,-4,-8,2
4.374659,-3,-1,-1,-1,-1,-1,-3,-2,2
4.395625,7,1,2,1,1,4,0,4,2
4.395646,23,2,-1,1,0,0,-1,-8,2
4.397206,-13,0,1,0,1,3,1,19,2
4.397210,-2,-6,-6,-4,-3,-13,-9,-4,2
4.409796,11,2,0,-1,-1,3,-1,-15,2
4.409816,-2,-1,0,1,-1,0,10,15,2
4.416858,-8,0,-2,-1,0,-1,1,2,2
4.416884,27,6,4,2,0,5,4,11,2
4.433413,-24,-4,-4,-4,-1,-3,0,4,2
4.433453,4,0,0,1,-1,-2,1,-20,2
4.435308,-14,-5,0,3,1,2,0,3,2
4.435312,4,-1,-1,-2,-2,-1,0,-1,2
4.455659,14,2,-1,-1,-2,-3,-1,15,2
4.455678,-75,-10,-3,-5,-1,0,-9,-32,2
4.457971,9,-1,-6,-5,-4,-5,-1,1,2
4.457983,12,-1,-2,0,-1,1,-2,-5,2
4.470453,3,3,2,2,-1,-1,-1,0,2
4.470471,7,0,1,2,-2,-2,-2,5,2
4.476508,-19,-10,-5,-4,0,-1,-4,7,2
4.476530,-3,3,2,1,1,1,4,-5,2
4.493047,17,-3,-2,-4,-5,-1,-3,19,2
4.493075,14,-1,-2,-1,-1,-4,-8,-50,2
4.494494,-50,-6,-3,-4,-3,-5,-4,0,2
4.494502,27,2,2,-1,1,0,3,15,2
4.515784,-3,-2,1,0,1,-3,-2,-16,2
4.515875,12,3,0,2,-1,1,4,46,2
4.516720,5,0,-1,-3,0,-4,-4,-56,2
4.516732,1,0,-2,1,-1,-1,-2,-11,2
4.531150,-19,-6,-4,-3,-2,-2,-1,-11,2
4.531155,13,3,1,1,1,0,3,16,2
4.538250,-12,-2,-2,1,0,1,-1,11,2
4.538254,27,-2,-4,-4,-4,-1,-3,1,2
4.552925,-8,-4,-2,-1,-1,0,0,-18,2
4.552946,-7,0,-2,-2,-1,-1,-1,2,2
4.554535,32,8,3,3,0,2,-1,-3,2
4.554619,-27,-4,0,0,0,0,-3,-7,2
4.575212,-6,-2,-4,-2,-1,6,-3,-10,2
4.575228,0,-5,-4,-2,-3,-9,-3,-23,2
4.582114,10,-1,-3,-6,-4,0,3,16,2
4.582136,-11,0,1,4,3,1,0,10,2
4.589510,0,-1,0,2,0,4,-1,-16,2
4.589537,15,1,0,-1,-1,0,0,15,2
4.600687,37,4,0,1,-2,-3,0,9,2
4.600693,-55,-8,-3,-1,-3,1,-2,-11,2
4.612866,20,-1,-3,-3,-1,-5,-3,-6,2
4.612883,-17,-2,0,-3,-1,1,-1,13,2
4.614321,16,0,1,0,-1,-3,2,45,2
4.614338,21,2,2,-2,-1,-2,0,-4,2
4.635724,-18,0,-1,0,-1,-3,0,-2,2
4.635752,2,0,0,0,-1,-2,-1,1,2
4.637563,22,4,3,3,0,3,4,30,2
4.637575,-36,-10,-7,-7,-4,-6,-7,-20,2
4.649394,4,0,-1,-2,0,-3,-1,5,2
4.649415,-6,2,-1,-1,0,4,-2,-16,2
4.660004,16,2,3,0,2,1,4,33,2
4.660016,-13,-3,-2,-3,1,-2,1,-1,2
4.672811,-6,-2,-1,-3,-2,-4,0,-4,2
4.672823,0,1,-1,-1,-1,-1,-4,-19,2
4.674606,-19,-2,1,3,1,0,2,-17,2
4.674933,19,4,0,1,-1,1,2,-5,2
4.695603,-5,-2,-3,-1,-2,2,-2,4,2
4.695630,3,-2,-2,0,-1,-2,-3,6,2
4.697314,-7,-5,-3,-3,-1,-3,-5,-22,2
4.697318,-9,1,-2,-1,-1,-2,-2,1,2
4.709096,14,1,2,1,0,-2,0,-3,2
4.709119,13,-2,-2,-2,-3,1,0,2,2
4.717697,-22,-2,-4,-2,-3,-3,-6,-23,2
4.717710,1,4,2,2,0,1,2,7,2
4.732746,30,4,2,-1,1,0,3,14,2
4.732759,-39,-6,-3,-1,1,-1,-3,-11,2
4.734215,-3,-8,-3,-3,0,-1,-2,-2,2
4.734227,27,2,0,2,0,0,1,44,2
4.755443,-8,-3,-2,-1,-3,-3,-6,-7,2
4.757997,14,3,2,0,0,-2,1,5,2
4.758003,-10,1,2,0,0,1,0,-23,2
4.758005,0,-1,0,-1,-1,-2,-3,-27,2
4.769487,2,0,-4,-3,-2,-2,1,12,2
4.769522,-5,-6,-2,-3,-2,-1,-7,2,2
4.778498,-1,2,2,1,-1,2,0,-1,2
4.778503,19,2,0,-1,0,2,2,7,2
4.793970,-33,-2,0,1,2,-1,1,-30,2
4.793976,6,-1,-1,-2,-1,4,-1,0,2
4.795073,5,-4,-5,-3,-4,-4,-1,-8,2
4.795139,16,-1,-3,-4,-3,-3,-2,11,2
4.815625,-6,1,-1,-1,1,4,-1,0,2
4.815644,-39,-5,-2,-2,0,-3,6,-9,2
4.817344,0,1,3,0,-2,-2,-5,0,2
4.817348,0,1,0,1,-2,0,2,9,2
4.829114,24,-5,-3,-1,-2,-1,-1,-2,2
4.829141,-10,2,-3,-2,-2,0,2,-30,2
4.840384,19,-2,-2,-1,-1,-9,-12,7,2
4.840395,-2,-1,0,-1,1,5,4,-12,2
4.853315,-4,2,-1,-1,-2,0,0,16,2
4.853342,2,-3,-1,-2,-4,-2,-6,5,2
4.856025,12,3,-1,-1,0,3,5,-13,2
4.856030,-26,-11,-6,-2,-3,-6,-6,-6,2
4.875417,12,1,2,1,1,-1,3,0,2
4.875436,-4,-2,1,-1,-1,-3,0,5,2
4.876892,7,4,-1,-1,-3,1,4,14,2
4.876909,9,-3,-2,-4,-2,-3,-6,-19,2
4.888872,1,5,2,3,0,0,5,46,2
4.888886,23,-5,-8,-5,-5,-4,-7,-20,2
4.898104,-30,-2,-2,0,-1,-1,0,-8,2
4.898108,20,2,-2,-3,-1,0,-3,13,2
4.912856,-17,-2,2,1,3,1,2,-3,2
4.912872,32,7,4,2,-1,0,3,19,2
4.914244,-15,-1,-5,-1,0,-1,-2,-14,2
4.914256,-67,-10,-3,-1,1,0,6,-6,2
4.943144,10,1,0,-1,-1,-3,-12,-15,2
4.943168,-1,1,0,1,1,1,1,17,2
4.944795,3,-3,-2,-4,-1,3,1,-4,2
4.944800,3,5,0,0,1,-7,-2,-8,2
4.949237,-15,-6,-4,-2,-2,2,-2,-20,2
4.949323,-5,2,4,3,3,3,2,0,2
4.959919,-14,-4,-3,-3,-3,-3,-5,-5,2
4.959928,16,0,-1,-2,-4,0,-2,7,2
4.973184,-6,-4,-7,-5,-3,-5,-3,-23,2
4.975630,42,8,3,4,2,0,0,37,2
4.975637,-75,-17,-11,-8,-1,1,-10,-92,2
4.975638,43,4,3,0,-1,-2,1,16,2
4.996152,-15,-1,0,2,-2,-4,1,-15,2
4.996157,-3,2,1,0,1,1,2,11,2
4.996746,7,-3,0,-1,-2,-7,-4,24,2
4.996752,7,1,-3,2,-3,0,1,-2,2
7.019760,-18,18,8,12,6,18,14,1,0
7.020045,-68,-52,-23,-19,-12,-18,-12,-23,0
7.021714,-32,-10,-2,-1,17,-4,-7,-27,0
7.021717,-29,13,3,-8,-27,-5,11,21,0
7.042841,19,0,-3,1,5,-7,7,32,0
7.042857,22,10,10,8,3,9,-9,-44,0
7.043845,3,3,4,6,5,-3,-1,-4,0
7.043848,-5,-6,-4,-2,-2,-13,-2,26,0
7.058393,-6,1,1,-1,11,3,4,55,0
7.058399,-14,-1,-8,-4,-2,5,7,-25,0
7.058401,7,-5,-3,-2,-5,-1,-2,6,0
7.058403,11,16,11,5,3,2,-3,-15,0
7.079600,13,-7,-1,0,-1,-2,2,1,0
7.079616,29,3,2,5,5,0,-6,-57,0
7.080650,-54,-16,-7,-6,-5,-4,-3,43,0
7.080654,-2,-5,-6,-6,-2,-1,-10,-11,0
7.104634,-37,-9,-7,-2,-1,-6,-1,-36,0
7.104639,41,9,6,1,-1,-2,3,34,0
7.104641,-1,10,3,0,-5,2,1,11,0
7.104642,-25,-7,-3,0,1,1,-2,-18,0
7.118908,24,-10,-4,0,-4,-4,-6,-24,0
7.118925,3,16,9,4,1,1,6,13,0
7.118932,18,-11,-4,-2,-3,4,-1,-6,0
7.118937,11,7,-3,-1,0,-1,-3,11,0
7.140084,-46,0,-4,-3,-4,-5,-8,-45,0
7.141936,5,2,0,-1,-4,-1,-1,13,0
7.141943,19,-1,-5,-3,0,-1,-3,-9,0
7.141944,6,-7,-1,0,3,1,2,11,0
7.163400,-2,-9,-8,-4,-4,-4,-3,-22,0
7.165974,4,5,6,-1,2,0,2,4,0
7.165985,3,6,10,3,-1,9,0,-1,0
7.165989,28,-2,-5,-2,-2,-17,-3,-1,0
7.177711,-30,-2,-1,0,2,2,-2,26,0
7.177733,-15,2,4,2,3,4,3,-6,0
7.179109,46,-3,-7,-5,-5,-1,-4,-6,0
7.179113,10,6,0,-2,0,5,0,17,0
7.199506,-28,-13,-4,-3,-2,-4,-5,-15,0
7.199526,14,-5,-6,-2,-3,-5,-2,-8,0
7.200489,-14,1,-1,-2,-2,-5,1,-6,0
7.200615,4,1,0,0,1,3,3,-31,0
7.223339,8,2,3,2,1,0,0,3,0
7.225455,-7,2,1,0,0,2,0,15,0
7.225465,11,-2,-1,-1,0,-2,1,-1,0
7.225469,4,2,-3,1,-1,1,0,-8,0
7.245425,-53,4,6,1,-2,0,0,-9,0
7.245438,-2,-10,-11,-4,-2,-5,-6,-16,0
7.246013,38,1,0,-1,-4,-5,-1,1,0
7.246025,-19,-7,0,-1,0,2,-5,-13,0
7.260519,6,-1,-1,-3,-2,-2,-1,13,0
7.260524,45,13,2,-1,-4,0,2,12,0
7.260526,-77,-23,-9,-3,-1,-5,-9,2,0
7.260528,-13,-4,0,-1,0,4,-6,-44,0
7.282744,44,8,1,2,2,2,4,1,0
7.282766,-23,-3,-1,0,-1,-13,-4,4,0
7.284630,2,6,-2,-1,-3,3,-1,7,0
7.284637,-21,-5,0,-2,-3,-2,-1,12,0
7.297152,17,-4,-3,-2,-3,-3,-1,-8,0
7.298175,-13,0,1,1,2,4,3,16,0
7.298178,-11,6,4,0,1,-3,1,-1,0
7.298180,-34,-5,-2,-3,-2,-2,6,14,0
7.320468,13,-5,-5,-3,-1,-3,-10,-49,0
7.320495,18,-1,-1,-2,-1,2,4,16,0
7.320502,1,5,-1,2,1,-2,1,-16,0
7.322586,34,8,6,3,-1,1,9,72,0
7.342995,-50,-12,-7,-2,-1,-2,-9,-36,0
7.343037,-4,-7,2,2,1,0,-4,-8,0
7.343553,33,5,-1,-1,-2,1,3,-2,0
7.344943,3,-2,-4,0,-1,-1,-5,4,0
7.356424,-15,6,5,3,0,0,5,18,0
7.356465,-27,-7,-3,-5,-2,-1,-9,-36,0
7.364552,-1,-3,-1,-2,0,0,-1,-4,0
7.364573,-9,-3,-6,-5,-4,-3,-8,-30,0
7.380215,34,11,5,4,0,1,4,28,0
7.380243,-22,-3,-4,-2,0,1,2,-25,0
7.381471,10,-7,-4,-5,-4,-2,-6,-17,0
7.381475,0,-5,-4,-1,-1,-2,-4,-10,0
7.403449,12,1,3,0,-1,-1,4,39,0
7.403473,-10,4,2,-1,-1,9,3,4,0
7.404070,14,8,5,4,1,-23,5,-20,0
7.404082,-63,-19,-12,-8,-3,31,-21,-69,0
7.417388,35,-1,-3,-2,-2,-6,0,16,0
7.417393,40,3,-1,-2,-2,2,4,16,0
7.418071,-41,-4,1,1,-3,0,-5,24,0
7.418182,24,5,3,3,0,-5,5,-1,0
7.440616,-8,-1,-2,-3,-3,-2,-1,-3,0
7.442916,5,-2,-1,-3,-3,-2,-4,5,0
7.442924,6,-2,-4,-2,0,5,-3,13,0
7.442926,-5,1,4,1,-1,-11,1,10,0
7.463100,1,-1,-1,-2,-1,4,0,-4,0
7.463105,8,-2,-4,1,-3,-9,1,14,0
7.463428,0,-1,0,0,1,3,0,-3,0
7.463434,9,7,5,4,0,-3,1,-4,0
7.476700,6,0,-2,-2,-1,-3,-1,-3,0
7.476718,10,2,-1,-2,-1,-2,0,-10,0
7.484552,-55,-9,-5,-2,0,2,-1,-4,0
7.484572,-17,-6,-5,-3,-1,-5,-7,-27,0
7.499536,29,1,2,2,0,0,-1,7,0
7.499559,3,-6,-2,1,0,0,0,8,0
7.500162,22,7,2,0,0,5,2,11,0
7.500173,-20,5,2,0,-1,-5,3,25,0
7.525985,-19,-6,-7,-6,-2,-3,-6,-39,0
7.526045,-10,-5,-6,-6,-1,-3,-3,0,0
7.526047,33,-16,1,-1,2,1,3,1,0
7.526050,15,40,10,7,2,-2,2,10,0
7.536849,-19,-28,-6,-1,1,-1,-2,-5,0
7.536878,-1,0,-2,1,0,-2,0,5,0
7.544690,0,-3,-3,-4,-5,-1,0,0,0
7.544751,8,-5,-3,-2,1,-2,1,5,0
7.559723,-2,8,2,-2,-2,2,0,0,0
7.559739,-6,-1,1,0,-1,-3,-1,1,0
7.560332,-4,-6,-4,-3,-1,0,-4,-16,0
7.560378,6,-4,-3,1,-1,-1,-1,7,0
7.583680,13,17,4,1,2,-1,2,7,0
7.583709,-11,-9,1,-4,-2,0,-1,-19,0
7.586240,-4,0,0,-1,0,0,-2,-1,0
7.586245,10,-5,2,-1,-2,-3,0,14,0
7.597184,-24,-11,-7,-3,0,-3,-2,-23,0
7.597205,-1,14,5,4,0,3,-1,-9,0
7.605079,10,13,0,-2,-1,-2,0,1,0
7.605107,0,-15,-9,-4,-2,-2,1,0,0
7.619573,-12,-13,1,3,-2,-1,-1,-3,0
7.619585,-7,-4,-4,-3,-1,0,1,6,0
7.620187,7,3,-4,0,-5,-1,-1,-5,0
7.620198,2,-1,-2,-4,-2,-2,-4,7,0
7.642868,0,5,5,1,1,-1,-1,28,0
7.642903,-2,-5,1,1,0,1,0,-7,0
7.644895,-1,2,-4,-1,-3,-4,-4,3,0
7.644899,15,11,2,-3,-1,-2,3,5,0
7.656809,-16,-10,-5,-5,-6,-2,-3,4,0
7.656838,-3,4,4,0,1,-1,0,27,0
7.664692,2,2,3,0,-1,1,2,7,0
7.664708,-7,-9,-6,-4,-1,0,-3,-22,0
7.681530,8,6,-2,-2,0,0,-3,5,0
7.681535,0,-8,-6,-3,-4,0,1,-2,0
7.681537,24,18,12,7,1,0,-2,-25,0
7.681538,-78,-3,3,2,1,2,1,12,0
7.702755,33,-4,-8,-2,-2,-3,-6,-16,0
7.702776,-1,5,0,3,-1,-1,-1,-6,0
7.705288,-1,-8,-6,-4,-4,0,-1,-3,0
7.705293,17,-5,0,0,0,-2,-1,-12,0
7.716805,-6,5,5,2,2,0,2,26,0
7.716832,-18,-10,-8,-6,-3,-4,-4,-6,0
7.724710,8,1,-1,-3,0,-1,-2,-13,0
7.724737,4,-1,1,1,-1,1,0,5,0
7.739566,-5,-4,-5,0,-3,-1,0,-1,0
7.739588,10,3,2,0,-2,-1,-4,13,0
7.742315,-12,-2,2,1,1,1,2,16,0
7.742322,7,-5,-1,-4,-2,-1,-3,-14,0
7.762830,0,1,0,-2,0,0,2,-17,0
7.762848,3,0,-4,-1,-1,-2,0,0,0
7.763560,-8,-6,-2,-1,-2,0,-3,-6,0
7.763585,4,-3,1,2,1,-1,1,4,0
7.776499,4,7,1,1,0,2,0,8,0
7.776518,-4,-3,-6,-5,-1,-2,-2,-10,0
7.785266,0,0,-4,-3,0,-1,1,4,0
7.785300,9,-5,-4,0,0,-2,-1,-1,0
7.800460,-3,5,8,1,1,0,3,-9,0
7.800481,-2,6,5,2,-1,1,0,-1,0
7.802444,-2,-6,-6,-2,-1,-2,-3,-4,0
7.802447,7,-7,-4,-1,-1,-2,-2,6,0
7.822879,-20,-1,-4,-1,-1,-2,-3,-8,0
7.822891,12,6,1,-1,0,-1,-2,-17,0
7.823631,-27,0,1,1,0,-1,-3,3,0
7.823646,17,-1,0,0,1,-1,0,-5,0
7.845415,-3,9,1,0,0,-1,3,-5,0
7.845430,-18,-17,-7,-3,-3,-3,-5,-21,0
7.846721,2,8,8,6,0,0,2,8,0
7.846727,4,-2,-2,-3,-2,-1,-2,2,0
7.859825,9,4,2,1,1,0,-1,16,0
7.859844,1,-4,-2,0,-2,-2,-1,-10,0
7.861705,-1,-7,-6,-3,-2,-2,-1,0,0
7.861711,-3,-1,-5,-5,-2,-1,-1,-1,0
7.884037,3,-1,-1,-2,0,0,1,-9,0
7.884042,-5,3,2,2,1,0,0,31,0
7.884045,5,-1,0,-1,1,-1,-1,-4,0
7.884047,0,1,-1,-2,-1,0,-2,-1,0
7.905762,-10,-7,-2,-1,-4,-1,-4,2,0
7.905780,0,1,-5,-4,-3,-4,-1,-3,0
7.908146,4,1,2,2,1,-1,2,-3,0
7.908151,-1,6,5,3,2,0,-1,4,0
7.920040,-2,-3,-6,-7,1,-2,-2,1,0
7.920058,-1,-7,0,-1,0,-1,0,-17,0
7.920583,4,-3,-2,-3,-3,0,1,14,0
7.920600,-8,-3,-2,0,-3,-1,0,-7,0
7.943005,5,5,2,0,-2,0,-2,-6,0
7.943028,-1,2,-1,0,0,0,1,22,0
7.944430,2,0,-5,-5,-2,-3,-1,1,0
7.944439,3,-5,0,2,0,-1,1,3,0
7.965710,-6,0,2,-1,-1,-2,-4,-8,0
7.965727,-3,3,-3,-3,-1,0,1,3,0
7.966181,-2,-1,2,3,0,0,-2,-6,0
7.966244,-2,-3,-4,-3,-1,-1,-2,6,0
7.987909,1,-4,-7,-4,-3,-3,-1,-7,0
7.987930,6,4,2,-1,-1,-1,0,5,0
7.990548,-1,-3,3,0,2,1,0,-2,0
7.990558,-3,4,5,4,1,-1,0,-6,0
8.002897,1,-2,-5,-1,0,-1,0,3,0
8.002918,-4,-2,1,1,-1,-1,-1,-3,0
8.004698,6,2,-3,-1,-2,0,-1,13,0
8.004702,-4,-8,-5,-1,-3,-3,-3,6,0
8.025441,0,0,3,2,1,0,0,-2,0
8.025518,3,0,-3,0,0,-1,-1,-4,0
8.026007,-3,0,-3,-3,-1,-2,-3,0,0
8.026012,-2,-4,1,0,-1,1,0,2,0
8.039554,-5,-1,-1,0,0,-1,1,-7,0
8.039584,1,-3,2,0,1,0,1,4,0
8.040447,0,4,-1,-1,-1,-1,-1,-11,0
8.040465,0,6,2,-1,1,-2,-2,0,0
8.062864,-1,-6,-1,-1,-2,-1,0,9,0
8.062880,0,-1,-2,-3,-2,-1,-2,-1,0
8.064707,-6,-5,-1,2,2,0,-1,-20,0
8.064711,-4,-4,-5,-6,-4,-3,-7,-52,0
8.085321,3,5,-1,0,-3,-2,-1,9,0
8.085326,-1,0,0,0,0,-2,-1,4,0
8.085976,-2,2,-2,0,-2,0,-1,-3,0
8.085988,6,5,-3,-2,-2,-2,3,15,0
8.101144,-10,-20,-5,-2,-3,-1,-2,0,0
8.101149,1,0,-1,-2,-2,0,-3,-12,0
8.101150,1,-2,1,0,2,0,1,-3,0
8.101152,-2,8,1,-1,-1,0,0,7,0
8.122985,2,2,-1,-4,-1,-2,0,-5,0
8.123006,1,1,0,1,-2,-1,0,4,0
8.125725,-2,-1,3,1,0,0,-2,6,0
8.125732,-1,-2,-4,-3,0,-1,0,2,0
8.153090,0,0,1,0,1,0,-3,-3,0
8.153110,-4,-3,-3,-3,-2,-1,0,-4,0
8.155548,0,-1,-3,-5,-2,-3,-2,9,0
8.155551,-2,0,2,1,1,-1,0,-5,0
8.159566,-3,1,0,-1,0,-1,-2,-3,0
8.159587,0,4,-2,0,-3,1,-1,3,0
8.160212,-1,-3,-3,-5,-4,-1,-1,7,0
8.160225,-7,-6,0,2,3,0,-1,-2,0
8.182807,-4,0,0,-2,-1,0,1,-4,0
8.182827,-1,-1,1,1,-1,-1,-1,-11,0
8.185290,3,2,-4,-2,-2,-2,0,1,0
8.185294,0,-6,-3,-4,-3,0,4,6,0
8.205718,2,9,5,1,2,1,-3,-6,0
8.205737,-3,-3,-4,-3,0,-3,-7,7,0
8.207881,-7,-7,2,3,1,0,-7,-12,0
8.207888,3,2,0,0,-1,0,1,-13,0
8.220138,4,0,-1,2,-2,-1,5,12,0
8.220165,-1,2,4,4,2,1,3,2,0
8.221918,-1,-4,-5,-5,-2,-1,-1,-3,0
8.221922,-1,-4,-4,-4,-2,-1,-2,13,0
8.242824,-1,-4,-6,-6,-4,-2,-3,-8,0
8.242845,-7,-2,2,0,0,-1,-2,-3,0
8.243475,3,0,4,4,1,1,4,14,0
8.243481,-2,1,-1,0,-1,-1,-1,-6,0
8.265606,2,0,-7,-4,-2,-2,-1,1,0
8.265625,3,1,2,2,0,-1,-1,-2,0
8.267255,-5,-1,5,1,2,1,-1,-2,0
8.267259,1,2,-2,-4,-2,-1,-1,1,0
8.279595,0,-5,-4,-2,-1,-3,-1,7,0
8.279630,2,4,0,-2,-3,-1,-1,-12,0
8.281427,5,2,-1,0,-2,0,1,-3,0
8.281432,-2,-1,-2,0,-2,-1,-3,4,0
8.302814,-1,-4,-3,-3,0,0,-1,-7,0
8.302841,-3,-5,-2,-3,-2,-2,-1,7,0
8.303513,-3,-4,-8,-4,-3,-2,0,-11,0
8.303527,4,5,5,4,2,1,-1,8,0
8.325541,6,5,4,5,2,1,-1,3,0
8.325566,-9,-12,-5,-1,0,0,-1,2,0
8.326633,-4,-2,-5,-5,-3,-2,-3,-6,0
8.326639,0,-5,-9,-5,-3,-3,-1,8,0
8.340000,-1,-3,-2,-1,-2,-2,-1,-9,0
8.341572,4,12,10,10,6,4,4,7,0
8.341576,-1,0,1,0,0,0,-2,-8,0
8.341578,-2,-4,-5,-4,-1,-1,-3,1,0
8.363133,-4,-6,-5,-3,-3,-3,-3,-21,0
8.363156,1,-4,-7,-6,-4,-5,-1,-3,0
8.365401,-1,6,6,2,3,0,3,3,0
8.365408,0,5,4,3,1,1,1,-4,0
8.385297,-2,-2,-1,-2,-3,-2,-2,5,0
8.385319,0,-2,-4,-4,-4,-1,1,0,0
8.386289,0,-2,-4,0,-2,-4,-2,-3,0
8.386395,-3,-4,0,-2,-2,-3,-1,2,0
8.398871,0,-1,-2,-1,1,1,-3,10,0
8.398890,4,0,-3,-4,-2,-2,-1,-13,0
8.407322,-8,-3,3,2,2,1,0,6,0
8.407355,-4,-1,3,1,0,0,-2,-17,0
8.423415,1,0,1,0,-1,0,2,1,0
8.423443,1,-3,-3,-4,-2,-1,2,16,0
8.425746,3,-2,-5,-3,-2,-3,-2,-11,0
8.425754,1,-2,-2,0,-1,-3,-1,6,0
8.445427,-3,0,1,0,0,-2,-2,-7,0
8.445450,-2,1,-1,-1,-1,-2,-4,-1,0
8.447166,3,-4,-3,-3,-3,0,0,-4,0
8.447198,-4,2,4,1,1,2,-3,20,0
8.459913,-1,5,5,3,1,0,0,0,0
8.459940,-6,-2,-4,-3,-1,-1,-1,0,0
8.467171,2,-3,-2,1,-2,-1,0,3,0
8.467195,2,-5,-5,-3,-3,0,-2,-2,0
8.483307,-2,-3,-6,-2,-4,-3,0,-6,0
8.484447,-2,2,4,2,2,0,0,18,0
8.484458,-9,-3,4,1,0,2,0,-27,0
8.484461,3,7,0,-1,0,-2,-1,7,0
8.506248,-2,-3,-6,-3,-2,-1,-1,1,0
8.506266,1,3,-1,1,0,-3,0,-8,0
8.506268,-3,0,3,-1,0,1,1,14,0
8.506272,-4,-6,0,-2,-2,-2,-1,-12,0
8.518932,-3,1,0,-1,-1,1,-1,-2,0
8.519018,-2,-3,-6,-5,-4,-1,-2,-4,0
8.527090,2,-1,-6,-5,-2,-5,-1,5,0
8.527107,4,6,5,4,1,0,1,-10,0
8.550248,-2,-5,-1,-2,-1,0,0,3,0
8.550269,-2,0,5,1,0,2,-2,-4,0
8.551687,0,1,-4,-3,-4,-3,-2,-2,0
8.551694,0,0,-1,0,-1,0,1,4,0
8.565219,-8,-3,0,0,-1,-2,-3,-5,0
8.565239,0,-4,1,-2,-1,0,0,-9,0
8.566711,-1,-2,-6,-4,-1,-1,-1,3,0
8.566721,0,-4,-6,-4,-1,-2,1,-6,0
8.579224,3,11,9,6,3,1,2,16,0
8.579245,0,2,3,-1,-1,-2,-3,-6,0
8.588719,-2,-4,1,-1,-1,0,-3,-11,0
8.588723,3,-2,-5,-3,-2,-2,-2,11,0
8.602824,1,0,-4,-2,-1,0,-1,-6,0
8.602842,-1,0,1,0,0,-1,1,-3,0
8.604346,0,-1,-1,1,0,-2,1,4,0
8.604367,-7,-6,-5,-4,-2,-1,-2,-7,0
8.633771,0,5,4,-2,-3,-2,-2,-4,0
8.633779,4,0,1,1,1,1,0,7,0
8.634436,-3,0,-3,-1,-1,-1,-3,6,0
8.634456,-2,-3,-1,1,1,-2,0,1,0
8.647894,2,5,0,0,3,2,1,-11,0
8.647912,-11,-9,-6,-5,-2,-2,-4,-2,0
8.649526,2,-1,-2,-1,0,-1,-1,1,0
8.649534,-2,1,1,0,-1,-1,1,-6,0
8.663113,-2,-7,-7,-4,-2,-2,0,3,0
8.663144,-4,1,-2,1,1,0,-3,-11,0
8.664849,4,6,5,2,1,1,1,1,0
8.664858,-3,4,-2,-1,-2,-3,-2,3,0
8.685594,-3,-15,-3,0,0,-4,-2,-20,0
8.687116,2,0,-2,-4,-3,-1,0,-2,0
8.687122,0,-1,-3,-3,-1,0,-1,-2,0
8.687124,-5,0,-1,-3,-1,0,-2,-7,0
8.698821,5,6,3,2,-1,1,-1,10,0
8.698834,-2,-3,-3,-3,-1,-2,-2,1,0
8.709872,2,-3,-4,-4,-3,-1,-1,1,0
8.709954,-1,0,2,-1,-1,-2,-1,2,0
8.723231,-2,5,4,4,0,0,2,2,0
8.725359,0,-4,0,1,2,2,-1,0,0
8.725387,-2,0,-2,-2,-2,-3,-2,4,0
8.725391,1,-7,-4,-4,-1,0,-2,-26,0
8.745450,-6,-4,-7,-5,-5,-2,-2,-1,0
8.745475,0,1,4,5,0,1,0,4,0
8.746915,-1,-4,-2,2,-3,-1,-2,-5,0
8.746935,-1,-1,-2,-1,0,-2,0,-3,0
8.759312,-1,2,-1,-4,-2,-2,-1,1,0
8.759340,1,3,-3,0,-3,-1,1,7,0
8.768249,-8,-4,0,1,2,1,-4,-16,0
8.768254,-3,0,4,0,-3,0,-1,-5,0
8.782958,3,-2,-3,-2,-1,-1,-3,4,0
8.782981,0,1,2,2,0,-1,-1,-2,0
8.785343,0,0,0,2,-1,-1,1,5,0
8.785347,0,0,-2,0,-1,0,-2,15,0
8.806478,2,-2,-3,-1,1,-3,-1,-5,0
8.806486,1,-5,-5,-4,-4,-4,-2,-18,0
8.807104,-3,3,-1,0,1,-3,-1,-1,0
8.807126,1,3,5,3,1,1,2,0,0
8.827960,-1,-2,-2,0,-2,-1,-1,2,0
8.827982,3,0,1,0,-2,-2,-1,22,0
8.829380,-5,-3,-4,-7,-2,-2,-1,-8,0
8.829408,-4,-5,-5,-3,-2,-2,-2,-4,0
8.843121,-2,1,5,4,1,0,1,4,0
8.843147,-4,4,3,-1,1,0,-1,5,0
8.844412,3,1,2,1,-2,0,-1,1,0
8.844430,1,-1,-3,-1,-1,-1,0,0,0
8.865420,-2,-2,-3,-2,0,-1,-1,-7,0
8.865456,-3,-3,-2,0,-1,-2,1,1,0
8.867024,0,0,-1,-2,0,-1,0,9,0
8.867029,-2,-3,-4,-1,-1,-3,-5,-15,0
8.887964,1,2,1,2,-3,-1,2,13,0
8.890013,0,1,-1,-1,-1,-2,0,-22,0
8.890026,0,0,1,1,0,1,0,6,0
8.890028,-5,-4,-1,-3,1,-1,-2,-27,0
8.901572,-5,-4,-4,-2,-1,-3,-2,-3,0
8.901594,0,2,0,1,-2,-1,-3,-5,0
8.911596,3,1,-1,-1,-3,-1,-1,2,0
8.911603,-1,-1,0,1,0,-1,0,8,0
8.925911,-1,-3,2,-2,-4,-1,-4,1,0
8.925948,0,0,-5,-2,0,-3,1,-5,0
8.927440,1,6,1,0,2,0,2,4,0
8.927445,-9,-8,1,-2,-1,2,1,9,0
8.947853,-1,2,0,0,-1,-2,-1,-6,0
8.947862,-3,-3,1,-3,-2,0,-2,5,0
8.949442,-3,0,-5,-1,-3,-1,-3,-5,0
8.949467,5,1,-2,-2,-2,-2,-2,1,0
8.962691,-3,-5,-3,-2,-3,-1,-2,-3,0
8.962700,0,0,1,2,-1,1,0,11,0
8.969265,-1,0,1,1,-1,0,1,-26,0
8.969290,0,4,0,-1,-1,-4,-1,-18,0
8.985560,-3,-4,-4,-2,0,0,-1,5,0
8.985584,3,5,2,2,1,-1,0,2,0
8.987310,0,-5,-2,-3,-3,0,-2,5,0
8.987315,1,1,1,0,0,1,0,18,0
9.007940,2,1,1,1,0,-1,0,-3,0
9.007972,-1,-4,-5,-5,-1,-1,1,-6,0
9.010099,2,-1,0,-2,-1,-3,-1,4,0
9.010107,-2,-1,-2,0,-1,-1,1,7,0
9.022254,-2,-3,1,-2,0,0,-1,-5,0
9.022457,-1,2,1,-1,-1,0,-2,-2,0
9.029122,0,3,2,0,-1,0,-1,5,0
9.029146,2,-3,-4,-4,-3,0,-2,3,0
9.045427,-1,-5,-7,-5,-3,-1,-1,-2,0
9.045451,-3,-4,-1,0,-1,-2,-1,-14,0
9.046897,-3,4,4,4,0,0,-1,1,0
9.046920,-7,-1,-3,0,0,-3,-2,3,0
9.067964,0,-6,-2,0,-1,0,-1,-3,0
9.067992,0,-4,-8,-6,-2,-3,-3,2,0
9.069624,-2,-2,-1,-1,0,0,-1,2,0
9.069629,4,7,6,5,5,2,0,-2,0
9.082369,-2,2,0,0,-2,1,0,3,0
9.082404,-6,-8,-7,-4,-5,-3,-2,-19,0
9.089068,-4,-2,-1,-2,-1,-1,-2,-4,0
9.089094,2,-2,-3,-1,-2,-1,-1,11,0
9.105315,3,3,0,0,-1,-1,0,3,0
9.105336,1,0,3,1,-1,0,-1,10,0
9.107026,-3,-4,-5,-4,-2,-1,-1,4,0
9.107059,3,1,2,-1,0,0,1,1,0
9.127941,5,3,1,-2,-1,-1,0,12,0
9.127969,-4,-5,-3,-1,1,1,-1,-2,0
9.129600,0,-3,-2,-2,0,-2,-1,7,0
9.129639,-3,-3,-1,-2,-1,0,-1,-8,0
9.142329,2,1,3,2,0,0,0,-4,0
9.142361,2,2,3,1,-1,0,-1,5,0
9.148966,-4,-1,-1,-2,-2,-1,-1,-9,0
9.148989,-5,-3,-2,-3,-4,-3,-2,-8,0
9.166704,-3,0,-1,-1,-1,-1,-2,-6,0
9.166709,0,-2,1,0,1,0,-1,1,0
9.166816,0,-4,0,1,0,0,1,3,0
9.166842,3,0,-1,-1,-2,0,-2,10,0
9.188044,-7,-1,0,-5,-1,-2,-3,-11,0
9.188085,-1,-3,-1,0,0,-1,-1,5,0
9.190221,-3,-1,0,0,-3,-1,-2,-20,0
9.190238,0,-1,-3,0,-3,0,2,4,0
9.202213,1,-1,-1,1,-1,-2,-3,-5,0
9.202275,1,2,-1,-3,-2,-1,-2,1,0
9.209174,0,-2,-3,-4,0,-3,-2,-6,0
9.209198,-5,-4,-3,-2,0,-1,-1,-8,0
9.225474,1,2,5,3,2,0,1,-3,0
9.225495,-4,-2,-2,-1,-3,-2,0,-7,0
9.227091,1,0,0,0,-1,-2,0,5,0
9.227096,0,-7,-7,-4,-3,-3,-2,3,0
9.247725,0,1,-6,-4,-1,-3,-2,-8,0
9.247741,-1,4,4,2,0,2,-2,-1,0
9.249289,1,0,2,1,-1,-2,0,14,0
9.249331,-2,0,2,-2,0,-1,-3,-20,0
9.263198,-3,-5,-5,-2,-1,1,-1,-2,0
9.263205,-2,-3,-5,-2,-3,-2,-2,1,0
9.269169,-1,-1,-2,-3,-1,0,-1,-3,0
9.269191,-5,0,5,3,3,-1,-1,-1,0
9.285643,-1,-4,-2,-1,-2,-2,0,2,0
9.285664,-2,2,-3,-3,-2,-2,1,-19,0
9.287215,-4,-2,-2,-1,1,1,0,0,0
9.287219,-2,0,1,-2,-1,-1,-2,3,0
9.307931,-3,-2,2,1,0,-1,-3,-5,0
9.307955,3,-3,-5,-3,0,-2,0,-5,0
9.309650,1,1,0,2,0,0,0,-3,0
9.309655,4,1,1,2,0,3,1,15,0
9.321468,-16,-11,-4,-5,-3,-1,-4,-10,0
9.321492,0,-1,-1,-5,-3,0,-3,4,0
9.331957,-2,-2,-3,-1,0,-2,-2,-1,0
9.331963,6,4,1,0,-3,-1,0,-2,0
9.345298,-4,1,-1,0,0,-1,0,-2,0
9.345316,-2,-6,-3,-4,-1,-2,-1,-1,0
9.346760,0,1,-3,-1,-1,0,-2,-6,0
9.346777,-1,2,2,3,0,0,0,0,0
9.367786,0,-1,-3,-2,-3,-2,-2,7,0
9.367807,0,0,1,2,0,1,-2,1,0
9.369429,-2,0,4,3,0,1,2,1,0
9.369435,-1,-3,-3,-2,1,0,-1,-3,0
9.381528,4,3,2,-1,0,-1,-1,6,0
9.381548,3,-1,-2,-1,-1,-1,2,8,0
9.390455,-3,-1,-4,-4,-3,-2,-2,-11,0
9.390479,-2,-3,-1,-1,-2,-2,-1,13,0
9.406527,2,-1,0,-2,-2,-2,-1,-11,0
9.406533,-3,3,-1,-2,1,-1,-2,-1,0
9.406821,4,2,0,0,-2,-1,-1,0,0
9.406850,-9,-5,-1,1,-1,-1,-1,1,0
9.427975,-2,-2,-2,0,0,-1,-4,-16,0
9.427996,-2,-5,1,0,0,-1,-1,-3,0
9.429738,-1,-2,-4,-4,-2,-3,-2,3,0
9.429746,-2,4,-2,-4,0,-2,-1,-12,0
9.441524,0,-6,2,3,2,1,2,15,0
9.441560,0,1,1,-1,-1,-1,-1,-1,0
9.452669,-2,-4,-2,-3,-1,-1,-3,1,0
9.452674,0,-2,-6,-5,-2,-2,-3,-5,0
9.465228,2,3,-1,-1,-1,-1,0,0,0
9.465251,-3,2,2,-1,1,2,0,-1,0
9.467291,0,-1,-2,-2,-1,-1,0,16,0
9.467302,2,-3,1,0,-1,0,-1,-10,0
9.488104,0,0,-2,-3,-1,-2,-1,-7,0
9.488123,-2,0,0,-1,-3,0,0,2,0
9.490307,0,-4,2,3,1,1,-1,3,0
9.490317,1,11,2,3,0,1,0,-1,0
9.501295,-6,2,1,-2,-3,-1,-1,-1,0
9.501307,-1,-5,-5,-1,-1,-2,-1,-1,0
9.511164,-3,-6,-1,-3,-2,-2,-1,-7,0
9.511169,0,-3,-1,1,-1,-1,-2,7,0
9.525383,-1,3,-1,-1,-2,-1,0,-2,0
9.525475,-1,-5,-1,-2,-1,-3,-3,2,0
9.527039,3,2,1,1,1,-1,1,9,0
9.527043,-2,-3,-2,-4,-2,1,-2,-30,0
9.548088,2,1,-1,1,-2,-2,2,9,0
9.548092,3,0,1,-1,-1,0,-1,4,0
9.549205,-13,-10,-4,-3,-3,0,-3,-6,0
9.549235,0,-3,-3,-5,-5,-2,-1,-2,0
9.563395,2,5,5,6,2,1,4,4,0
9.563398,0,2,-1,2,-3,-1,-3,-1,0
9.571427,-3,-7,-4,-5,-4,-2,-1,-12,0
9.571433,2,-1,-3,-4,-2,-2,-2,4,0
9.585571,-2,-4,-4,-6,-3,-2,-2,-1,0
9.585592,-5,0,-1,1,0,-1,2,1,0
9.586965,2,4,1,2,1,-1,-1,-1,0
9.586969,-2,-4,-1,-1,-4,-1,-1,3,0
9.607875,1,-2,0,0,-1,1,-1,0,0
9.607894,-1,4,3,0,2,0,2,-6,0
9.610111,-5,-3,-3,-2,-4,-1,-3,1,0
9.610117,2,4,-1,-1,0,-2,0,-1,0
9.621977,1,-1,1,0,-1,0,-2,-8,0
9.622014,-4,-2,-2,-1,-1,-3,-1,-5,0
9.632747,3,2,-2,0,-2,0,0,-1,0
9.632753,-1,-3,0,1,0,-2,-1,3,0
9.645262,0,-1,0,1,-1,0,-2,2,0
9.645278,3,1,2,1,0,1,-1,3,0
9.646757,1,0,-3,-2,-2,-1,1,7,0
9.646773,-2,-4,-7,-4,-2,-2,-1,0,0
9.668049,-2,-4,-2,-2,-3,-1,-2,4,0
9.668070,-3,0,2,2,0,0,0,-1,0
9.670082,3,5,2,-2,0,1,1,4,0
9.670086,2,-4,-1,-1,0,0,0,-1,0
9.681360,-3,-2,-1,-3,1,-1,-1,4,0
9.681381,-4,-2,-3,0,-2,-1,0,-12,0
9.691909,1,4,-3,-2,-1,-1,-1,-3,0
9.691913,-1,-1,0,-2,0,0,0,-1,0
9.705188,-2,0,1,1,0,0,-2,-2,0
9.705213,-2,-5,-5,-6,-2,-1,-2,2,0
9.707065,-4,0,-3,-1,-1,-2,-1,-12,0
9.707085,0,2,2,1,-1,0,-1,5,0
9.727749,-2,-3,-1,-1,-2,-2,0,-1,0
9.727772,-1,-5,-2,-1,-3,-1,-1,1,0
9.729286,0,1,3,2,1,-2,-2,-1,0
9.729300,-4,3,0,0,-2,-1,-2,1,0
9.751004,6,1,-5,-4,-2,-1,2,34,0
9.751008,-11,-3,1,-1,-1,-1,-5,-43,0
9.751652,-1,-1,2,2,2,-1,0,2,0
9.751657,0,3,1,0,0,0,1,3,0
9.766364,-1,4,-1,0,0,-2,-2,-2,0
9.766371,5,1,-2,-1,-2,-2,3,9,0
9.766828,-4,-12,-6,-3,-2,-3,-3,-1,0
9.766840,-6,-1,2,3,2,1,-1,-7,0
9.788171,3,1,-2,-6,-4,-1,0,-4,0
9.788199,1,-2,-5,-2,-1,0,-1,8,0
9.790229,-1,1,0,-1,0,-1,-1,-9,0
9.790233,-2,-4,-5,-1,-3,-1,-3,7,0
9.811412,-1,3,3,2,1,-2,-1,-12,0
9.811417,-1,-4,-1,0,-2,-2,1,3,0
9.811909,0,-3,-4,-2,-2,-1,-1,3,0
9.811926,2,-4,-3,-4,-3,0,-1,9,0
9.825384,-4,-4,-1,-2,-2,-1,-2,-19,0
9.825419,0,7,4,2,1,0,0,2,0
9.827446,-2,-2,3,3,0,0,0,-2,0
9.827453,-1,-1,-1,-3,0,-2,0,1,0
9.848001,-2,-4,-5,-4,-2,-3,-3,-18,0
9.848020,5,6,3,3,1,0,-1,17,0
9.849897,-2,-1,-4,-3,-2,-3,-3,-24,0
9.849901,3,5,3,3,-1,0,0,0,0
9.870635,-3,-6,1,-2,-3,0,0,-3,0
9.870655,-1,-4,-5,-7,-2,-2,0,1,0
9.873141,2,0,-2,0,-3,-1,1,4,0
9.873151,-3,-3,-1,-2,0,-2,-1,-8,0
9.884954,4,4,0,1,-1,0,0,21,0
9.884984,-5,-3,1,2,0,0,-3,-3,0
9.891484,3,-1,-2,-3,-1,-3,-1,7,0
9.891503,0,-2,-3,-2,-3,-1,-2,-6,0
9.907835,1,0,-1,-2,1,-1,0,5,0
9.907858,-3,0,1,0,-1,-1,-4,1,0
9.909620,-4,2,4,3,3,1,2,4,0
9.909640,-1,-2,-2,-1,-2,-1,-1,-3,0
9.930215,-4,-3,-2,-3,0,-2,-3,-5,0
9.930236,3,-4,-9,-7,-3,-5,-2,2,0
9.931663,-7,-3,5,1,-1,0,-2,-5,0
9.931676,-1,2,2,2,1,-2,0,-1,0
9.944627,0,-3,-4,0,0,0,1,0,0
9.944643,-2,-2,-4,-5,-3,-4,-3,-5,0
9.953894,1,0,-4,-3,-3,-1,-3,11,0
9.953898,-2,4,6,5,4,2,1,-21,0
9.969001,-2,-1,-1,-2,-1,0,-1,-4,0
9.969006,-2,-9,-6,-2,-3,-3,-1,-4,0
9.969237,0,2,0,3,4,-1,2,0,0
9.969250,1,3,0,-4,-2,-1,-1,6,0
9.990344,1,1,-2,0,-1,0,-2,1,0
9.990370,-7,-7,-1,-1,-1,0,0,-9,0
9.992361,4,-1,0,-1,-2,-1,0,1,0
9.992366,-3,-1,-3,-1,-1,-3,0,2,0
10.004956,2,1,-2,2,-2,-1,-1,-4,0
10.004978,-6,-5,2,3,-1,-1,-3,-2,0
10.011946,-6,-6,-4,-4,-2,-1,-3,-1,0
10.012045,-1,-6,-5,-3,0,0,-1,1,0
12.031525,-10,3,-1,3,-1,0,-1,5,2
12.031810,12,5,2,3,0,0,4,44,2
12.036569,26,3,0,0,-2,2,5,37,2
12.036591,66,9,1,1,0,-1,-3,7,2
12.052941,-59,-13,-5,-5,0,-4,-6,-30,2
12.052964,9,0,-4,-4,-3,-3,-2,-5,2
12.055177,15,0,1,0,0,2,3,10,2
12.055182,-22,2,0,-1,0,0,-3,-7,2
12.077720,26,5,3,2,3,3,1,15,2
12.077726,-30,1,3,1,3,2,-1,-16,2
12.077729,8,-10,-7,-5,-3,6,-3,-27,2
12.077730,14,8,0,2,1,-13,-1,21,2
12.089960,-27,-8,-2,-2,1,-1,-3,-10,2
12.089992,-12,-10,-6,-5,-4,-4,-3,16,2
12.096466,3,7,4,4,3,4,2,2,2
12.096483,-38,-5,1,2,0,3,1,-12,2
12.113405,37,-2,-6,-8,-6,-11,0,32,2
12.113434,-3,-3,-4,-2,-3,-6,-1,13,2
12.116001,-11,2,0,0,-1,-3,-3,2,2
12.116008,-27,-4,0,2,0,5,-1,6,2
12.135552,1,0,3,2,1,-5,-6,4,2
12.135573,2,-3,-2,-2,-3,1,0,-14,2
12.137712,22,0,-3,-4,-2,-2,-3,15,2
12.137719,-13,-1,-1,-2,0,-3,-3,-18,2
12.148869,-24,-4,-5,-1,-1,6,-1,-36,2
12.148891,-20,-3,-5,-2,-1,-2,-7,-90,2
12.159149,20,9,6,1,0,1,1,50,2
12.159155,39,-2,-5,-3,-3,3,0,4,2
12.173188,-50,5,6,5,2,3,-4,1,2
12.173208,-12,-4,1,-2,-3,-1,-2,27,2
12.174511,-49,-9,-6,-1,1,3,0,-16,2
12.174543,28,-2,-2,-4,-5,-3,-14,5,2
12.195247,1,-9,-13,-8,-6,-1,-3,-10,2
12.195269,-3,5,7,8,6,-1,3,25,2
12.197582,-7,4,6,2,1,2,2,-13,2
12.197587,41,11,6,4,0,4,10,65,2
12.209077,-46,-20,-13,-8,-3,-6,-14,-62,2
12.209101,24,4,2,1,-2,0,1,23,2
12.217855,-10,-2,0,-1,-2,-3,1,-2,2
12.217867,11,-2,-3,-3,-1,4,1,-6,2
12.233459,9,6,0,-1,-1,0,2,21,2
12.233481,-7,-3,-1,3,-1,3,-2,23,2
12.234846,-1,-5,-5,1,0,-3,-8,-28,2
12.234860,-29,0,0,-1,-1,-4,-3,-27,2
12.255446,31,4,1,-3,-1,4,9,30,2
12.255465,1,-2,-6,-7,-3,-6,-4,8,2
12.257960,23,-11,-10,-3,-3,-6,-8,-43,2
12.257967,-3,6,6,4,1,3,3,24,2
12.269147,23,-3,-2,-1,-3,-3,-5,-36,2
12.270945,11,0,-3,-2,1,2,4,26,2
12.278919,-6,5,4,0,1,9,3,14,2
12.278924,6,-6,-10,-7,-4,-20,-2,-7,2
12.292871,18,6,5,2,1,3,2,7,2
12.292888,-24,0,4,6,-1,0,7,-15,2
12.294880,-10,0,-2,-6,-1,-1,-9,3,2
12.294885,-16,-7,-4,-3,0,2,-1,-12,2
12.315196,26,1,-1,-1,-1,-1,2,3,2
12.315219,-19,0,-1,0,-2,-2,-3,4,2
12.316651,-13,-4,2,1,1,-2,-1,-12,2
12.316657,-8,0,0,-1,-3,1,5,-2,2
12.328881,46,5,3,1,-4,-3,2,23,2
12.328900,-87,-17,-14,-7,-1,2,-10,-38,2
12.338959,30,0,-2,-1,0,-2,1,-6,2
12.338964,-8,4,4,0,-2,-1,-5,2,2
12.352859,10,5,4,3,2,2,2,3,2
12.352882,23,3,3,-4,-3,-1,-1,-2,2
12.355025,-4,4,1,1,0,0,4,31,2
12.355030,-18,-9,-7,-2,0,0,-4,-11,2
12.375745,-8,2,3,1,3,-1,3,13,2
12.375758,22,-1,2,1,-2,-3,0,9,2
12.376762,-6,-3,-1,3,-1,-1,0,7,2
12.376777,21,1,0,-2,-2,1,-1,-24,2
12.391663,0,-2,-4,-2,-2,-2,-2,-2,2
12.391673,-31,-3,-2,0,3,8,-2,-18,2
12.397692,15,0,0,-2,-2,-18,-3,12,2
12.397713,3,-4,-2,3,2,5,0,-14,2
12.412744,-4,-2,-3,-4,-2,-1,-3,4,2
12.412762,1,-4,-6,-5,-2,-5,-1,-10,2
12.414223,25,7,1,1,1,4,4,9,2
12.414255,-25,-5,-3,-1,1,1,-4,-4,2
12.435721,21,6,3,2,0,-4,-3,25,2
12.435751,-23,-2,4,1,1,2,-3,-20,2
12.437698,-17,-5,0,-3,0,2,-2,7,2
12.437707,-8,-3,-4,-2,0,-1,3,41,2
12.449383,13,-4,-6,-4,-3,-1,-6,-47,2
12.449414,-29,-7,-3,-1,0,-6,-3,-1,2
12.459447,-3,2,3,0,-1,0,2,7,2
12.459454,-20,-2,-1,-1,0,0,2,1,2
12.472989,8,0,-2,-5,-2,1,4,7,2
12.473074,13,2,-1,-2,-2,-4,-6,17,2
12.474621,-29,-7,-2,-2,-2,-1,-4,-42,2
12.474649,25,3,4,1,-1,1,-1,-4,2
12.495332,-42,-4,-1,1,1,2,2,20,2
12.495350,44,7,2,2,1,0,4,14,2
12.496773,-8,-8,-10,-9,-4,-4,-8,14,2
12.496836,14,1,0,0,-1,-1,-2,-49,2
12.517651,-9,-10,-2,-1,-2,-2,-3,21,2
12.517665,30,7,3,-1,0,0,2,-11,2
12.519158,-14,-3,-3,-2,-1,1,1,-2,2
12.519165,22,1,0,0,1,-1,-4,-5,2
12.533307,-51,0,3,5,0,-5,-7,-7,2
12.533386,69,2,-3,-2,-1,-1,1,14,2
12.539625,6,-2,-3,-2,-4,-2,1,-10,2
12.539656,-6,0,-3,-4,-1,0,-2,0,2
12.555628,-13,2,4,1,0,3,6,1,2
12.555656,34,8,6,3,-1,2,4,72,2
12.558735,-41,-6,-1,1,1,5,-2,-23,2
12.558745,13,-3,1,-1,-1,0,1,17,2
12.577711,-1,-3,-4,-4,-1,-2,-2,-11,2
12.577720,-13,0,-2,0,-1,-1,0,5,2
12.579229,1,3,3,1,-2,1,-5,-13,2
12.579245,-8,-2,0,0,-1,-1,-3,4,2
12.593402,12,0,-5,-3,-2,-2,-1,9,2
12.593417,-76,-16,-8,-6,-5,1,-4,-28,2
12.594679,15,-1,-7,-5,-3,-5,-1,10,2
12.594689,7,5,5,7,2,1,3,4,2
12.615187,53,16,14,9,5,-1,1,17,2
12.615204,-66,-7,-1,0,0,0,-5,-70,2
12.617043,-1,-7,-11,-8,-1,-2,-5,-14,2
12.617062,-10,-4,-6,-6,-4,-3,0,18,2
12.640591,-2,0,1,4,1,2,-1,-15,2
12.640603,15,7,1,0,0,-3,0,7,2
12.640606,-9,4,5,4,0,-1,6,18,2
12.640607,14,-11,-9,-8,-1,-4,-8,-56,2
12.653950,-57,-9,-8,-3,-3,-4,-2,-8,2
12.653979,39,8,6,1,0,-1,2,18,2
12.656180,-3,-3,-3,-1,-2,-2,-2,6,2
12.656189,7,3,0,1,-1,-1,-2,6,2
12.675460,9,0,2,2,0,0,0,-9,2
12.677411,21,0,1,0,0,-3,-2,0,2
12.677416,-19,1,-1,-1,0,0,-1,0,2
12.677418,6,-2,-2,-1,-3,0,5,14,2
12.698072,-17,-7,-4,-4,-4,-2,-1,30,2
12.698094,21,6,6,5,2,1,5,15,2
12.700695,30,7,7,2,-1,-1,1,3,2
12.700700,-26,-1,-2,-1,0,-2,-5,-18,2
12.712118,11,-10,-12,-8,-5,-4,-4,-5,2
12.712136,25,-1,-1,0,-1,-2,0,18,2
12.719445,-2,3,5,3,1,-1,-1,19,2
12.721695,-19,-5,-3,-3,-2,-5,-9,3,2
12.735543,8,-6,-5,-3,-3,-2,-1,-8,2
12.735562,-23,-1,-1,-2,-1,-1,0,-6,2
12.736724,18,-1,0,0,2,-1,-1,8,2
12.736737,-47,-8,-6,-4,-1,0,-5,-41,2
12.757951,0,0,-3,-4,1,-2,-1,-8,2
12.757978,-9,-2,1,2,-1,-1,-2,-13,2
12.759787,22,2,2,0,2,0,0,16,2
12.759793,-33,-5,-3,-3,0,1,-4,-13,2
12.772391,5,6,3,1,1,1,1,7,2
12.775215,-10,-8,-8,-6,-4,-3,-2,-36,2
12.778889,-7,-1,-3,-1,-2,1,-2,-12,2
12.778905,16,8,10,7,1,1,3,5,2
12.795160,-36,-1,-1,0,-3,-1,-3,-2,2
12.795172,18,-6,-3,-2,-3,0,-4,15,2
12.796796,-30,3,-1,0,0,-2,2,0,2
12.796817,43,0,-6,-5,0,-2,0,9,2
12.818076,-11,-5,-3,-5,-3,-2,-5,-21,2
12.818097,5,3,2,2,0,-1,2,22,2
12.820512,-38,-4,0,0,-1,-3,-4,-15,2
12.820520,26,6,5,3,0,-2,5,8,2
12.832091,1,-5,-2,1,2,1,-3,-51,2
12.832113,1,-3,-7,-7,-4,-5,-2,6,2
12.839372,25,0,-2,0,0,-4,1,5,2
12.841622,-17,4,4,5,2,5,3,12,2
12.858232,16,-2,-3,-3,-4,-5,-6,-4,2
12.858237,-19,-7,-5,-6,-2,-2,-5,-12,2
12.858240,-17,-2,1,-2,-1,0,0,-5,2
12.858241,3,0,5,3,0,0,2,-26,2
12.877772,16,1,1,1,0,-1,1,42,2
12.877798,17,3,-2,-3,1,-3,-2,8,2
12.880287,2,-3,-6,-2,0,2,0,3,2
12.880291,-37,-5,0,-1,-1,-4,-7,-16,2
12.892266,-3,-1,-1,0,0,-1,0,-16,2
12.892292,-2,0,-1,-3,-1,-1,1,8,2
12.899239,-1,-7,-4,-2,-2,-3,-1,15,2
12.899277,31,5,-2,-1,-2,-2,2,36,2
12.915689,-44,0,6,4,2,2,2,-11,2
12.915712,1,-12,-4,-1,-3,-2,-6,-24,2
12.918655,18,2,1,-1,-1,-2,1,-3,2
12.918662,21,3,0,1,0,2,0,10,2
12.937807,-1,2,0,-1,0,0,-1,16,2
12.937896,-13,1,-2,-1,-2,-1,2,25,2
12.939304,-11,-1,0,0,0,0,-5,-40,2
12.939377,7,-4,-5,-5,-4,-2,-2,15,2
12.952384,7,0,-2,-1,0,-1,1,19,2
12.952398,10,3,4,3,0,1,-1,3,2
12.959078,-20,-3,0,-1,-1,0,-1,-15,2
12.959096,-15,-3,-4,-1,-1,-2,0,0,2
12.975488,45,5,3,0,-3,-1,-1,-25,2
12.975510,14,-3,-1,0,1,1,1,8,2
12.981319,0,2,-2,-3,-3,-2,-2,12,2
12.981334,21,5,3,-1,-2,1,3,-11,2
12.997704,-65,-8,-3,-2,-1,-1,-4,-3,2
12.997721,1,5,0,1,1,-2,-4,-18,2
12.999205,15,0,0,1,1,0,4,28,2
12.999239,-17,-4,-4,-3,-1,-3,-2,4,2
13.012576,14,-1,-1,-1,-5,-1,0,19,2
13.012582,-38,-5,2,0,-1,0,0,-2,2
13.019065,4,-2,-3,-3,0,-2,-3,0,2
13.019086,0,8,8,5,0,3,3,14,2
13.036119,-16,-3,-5,-6,-1,-2,-3,-10,2
13.036202,2,-4,-4,-3,-1,-1,-1,0,2
13.038247,30,3,4,4,1,0,4,-9,2
13.038251,-28,-10,-4,-5,-2,-4,-3,-1,2
13.059292,29,-1,-4,-5,-3,-2,1,-9,2
13.059302,-13,2,3,2,0,0,1,-17,2
13.059613,27,-1,-1,1,1,0,-1,7,2
13.059622,-7,-1,-4,-4,0,1,-3,-16,2
13.072022,4,-1,0,0,0,-1,1,25,2
13.072060,3,7,4,0,0,-1,-1,-28,2
13.080577,17,2,1,0,0,-1,2,19,2
13.082697,-25,-8,-2,-3,-3,-2,-7,-19,2
13.095596,8,-8,-7,-3,-1,-2,-2,-1,2
13.095618,12,1,-2,-2,2,-2,0,7,2
13.096877,-12,-5,-2,-2,-1,-2,-4,-12,2
13.096881,46,7,2,3,-2,-1,3,33,2
13.118137,-64,-5,-4,-3,-3,-2,-2,-12,2
13.120496,36,-2,0,-2,-2,-1,-3,-2,2
13.120501,-4,2,1,0,-4,-1,-5,-16,2
13.120503,-17,-3,-2,1,-2,0,1,21,2
13.140603,21,4,0,1,-1,1,0,-6,2
13.140627,-18,-2,-2,1,-1,-1,-1,6,2
13.141948,-13,-3,-2,-3,-2,1,2,22,2
13.141966,1,-4,-5,-5,-1,-3,-5,-15,2
13.155838,17,1,-1,0,1,1,0,-8,2
13.155860,7,-1,-2,-2,0,1,-2,-24,2
13.157903,-20,-4,-2,-4,-2,-4,-3,9,2
13.157909,-14,6,3,4,-1,1,3,-9,2
13.178235,-3,-4,-2,-1,-1,-1,4,52,2
13.178266,-26,-2,-7,-3,-2,-2,-1,47,2
13.180767,-31,-6,-5,-1,-2,-2,-5,-50,2
13.180771,-3,0,0,-4,-2,-1,-3,0,2
13.191716,19,8,7,6,0,-2,-1,-4,2
13.191733,-5,-3,2,-2,-1,0,3,4,2
13.203024,8,-3,-4,-5,-1,-2,-3,-11,2
13.203030,-4,-1,0,0,-2,-2,-1,-7,2
13.215167,10,-3,-1,-1,-1,-1,-6,4,2
13.215183,-21,0,1,1,0,0,-3,-29,2
13.216959,2,-3,-2,1,-3,-1,0,16,2
13.217097,-8,-10,-10,-9,-3,-5,-9,-74,2
13.237844,10,4,7,4,1,2,4,11,2
13.237867,13,-1,-2,2,0,-1,-2,-16,2
13.240336,-18,2,-2,-3,-3,-1,1,13,2
13.240355,16,-2,0,3,1,-1,-2,18,2
13.251679,-4,0,-3,-2,0,-1,-1,-33,2
13.251702,-42,-3,-2,-5,-6,-3,-3,0,2
13.269989,9,3,4,1,1,0,-2,-1,2
13.269995,-16,-8,-4,-3,1,-1,-1,10,2
13.275478,21,-5,-3,-2,-3,-3,-2,-9,2
13.277286,9,0,3,3,-2,2,5,27,2
13.277291,26,5,2,1,3,1,-3,-29,2
13.277294,-38,-2,-3,-1,2,-2,-2,-25,2
13.298008,-13,1,-5,-4,-2,-3,-3,-8,2
13.298024,14,-2,-4,0,-2,-1,-3,2,2
13.299861,-3,-1,2,1,-1,-2,-4,5,2
13.299866,17,4,4,5,3,1,4,47,2
13.311554,2,-1,-2,-2,-1,-2,-3,-13,2
13.311582,-7,0,-1,0,1,1,-1,-19,2
13.322235,29,0,-3,-6,-5,-4,0,20,2
13.322241,-17,-1,-1,-1,-3,0,0,7,2
13.335810,-6,-3,0,-1,-1,-2,-3,-9,2
13.335838,2,-10,-8,-8,-1,-3,-2,6,2
13.338328,34,14,7,4,1,2,8,62,2
13.338333,-61,-6,-1,0,0,-1,-7,-25,2
13.357849,-3,-5,-2,-3,-2,-1,0,0,2
13.357867,21,6,6,4,1,0,4,-7,2
13.359461,7,-1,-1,0,0,1,3,1,2
13.359476,-26,-11,-9,-6,-4,-4,-2,30,2
13.371312,-5,3,0,-2,1,-2,-4,-56,2
13.371319,4,2,2,2,1,1,-3,-3,2
13.380832,-10,-4,-2,-1,-3,-2,-1,5,2
13.380837,28,3,-2,-3,-2,0,-1,-18,2
13.395383,-3,-1,0,0,0,-3,0,21,2
13.395404,2,5,1,0,0,0,-2,2,2
13.397022,-27,-9,-6,-3,-1,-4,-7,-39,2
13.397031,6,0,0,-1,-1,-2,2,-1,2
13.418139,4,-4,-4,-3,-3,-1,2,50,2
13.418153,2,2,2,0,-2,-2,0,-19,2
13.419584,-46,-3,1,2,1,0,1,1,2
13.419602,70,5,-3,0,-1,-1,-2,-33,2
13.431325,-68,-4,-2,-5,-3,-1,-2,27,2
13.431333,33,-4,-2,0,-2,-2,-3,19,2
13.442594,-5,12,9,7,5,2,2,-14,2
13.442601,-21,-9,-7,-5,-2,-1,-3,-4,2
13.455562,19,4,0,-1,-1,0,0,-5,2
13.458809,-18,-4,-4,-3,-2,-3,-4,-31,2
13.458818,7,0,5,3,-1,0,0,18,2
13.458820,23,2,0,1,1,0,-2,-12,2
13.486420,19,-1,0,1,-1,2,0,-10,2
13.486448,-32,-4,-7,-6,-3,-2,-2,24,2
13.489033,19,-1,0,-3,0,-1,1,4,2
13.489038,-9,1,3,3,2,-1,0,26,2
13.499462,6,-6,-2,-3,-2,-2,-7,7,2
13.499484,14,-1,-2,-3,-2,-1,-1,-25,2
13.501474,17,-1,1,0,-1,0,0,-10,2
13.501482,-21,-7,0,-1,2,-1,-5,0,2
13.513854,32,5,1,0,1,-1,0,14,2
13.513870,-9,-2,-2,-1,-2,-3,-4,-10,2
13.525288,7,-4,-7,-4,-3,-3,-5,-61,2
13.525300,-9,8,4,2,0,-1,4,7,2
13.537476,30,-1,0,1,-1,1,2,13,2
13.537558,-28,0,3,3,2,2,0,-13,2
13.540160,-11,0,-3,-3,-3,0,-2,10,2
13.540171,-34,-2,-1,0,-1,-2,2,38,2
13.559539,-11,-2,-3,0,-1,-2,-4,-38,2
13.559561,23,-1,-1,-3,0,0,3,39,2
13.560297,-12,-3,-7,-1,-1,-2,-3,4,2
13.560359,14,1,4,2,1,1,-1,8,2
13.574771,-4,3,2,0,-1,1,0,-4,2
13.574791,1,-4,-4,-1,-3,-3,3,36,2
13.575881,5,0,-3,-3,-2,-1,0,-2,2
13.575885,-13,-9,-4,-5,-4,-1,-4,-8,2
13.597727,-4,1,4,3,1,0,-5,-24,2
13.597748,9,3,0,-1,-1,-1,-3,-46,2
13.599738,-17,-10,-1,-2,-4,-4,-3,-7,2
13.599746,43,1,-3,-2,-2,2,5,24,2
13.620436,6,-2,-5,-4,-2,-4,0,-41,2
13.620442,-69,-4,5,3,1,-1,-2,29,2
13.620444,27,3,0,0,-2,0,-1,7,2
13.620445,6,4,2,0,-1,-1,0,-16,2
13.634631,-6,0,0,-1,1,0,2,37,2
13.634647,22,-1,-4,-3,-2,1,1,-16,2
13.636764,-23,0,-1,0,0,0,-2,-4,2
13.636772,18,4,-2,1,-3,1,-3,7,2
13.657293,-7,3,-1,0,2,1,-1,-27,2
13.657334,-40,0,0,-2,-1,-2,1,30,2
13.658839,-1,-15,-4,-3,0,-3,-5,-1,2
13.658845,30,3,0,-2,-1,-1,-2,-9,2
13.681905,-22,-4,-4,-3,0,0,2,16,2
13.681909,33,3,3,2,0,0,0,-1,2
13.681911,-3,4,3,5,1,2,2,-3,2
13.681913,-59,-8,-3,1,-2,-1,-4,-20,2
13.694171,8,-2,-2,-3,-1,-2,-2,-54,2
13.694192,13,-1,-1,-2,-1,-1,0,-6,2
13.702361,27,2,0,-1,1,-1,0,8,2
13.702383,3,-8,-2,-2,0,-2,-2,9,2
13.717388,-8,1,-1,0,-3,0,0,5,2
13.717415,-2,0,-2,-2,0,2,-1,8,2
13.717688,-15,1,-3,-3,-2,-3,-5,-29,2
13.717701,29,-3,0,0,-1,-2,0,-4,2
13.739897,24,1,-1,0,-1,0,-1,12,2
13.739927,-23,-5,-4,-5,-3,-3,-2,-15,2
13.742274,6,-6,-5,-3,-4,-3,-2,2,2
13.742286,5,4,0,1,0,0,-1,20,2
13.754930,4,1,2,5,-1,1,2,25,2
13.754959,9,5,4,3,1,1,0,7,2
13.757799,-29,-1,-3,-3,-2,0,1,13,2
13.757806,-6,2,1,-1,-1,-2,-1,10,2
13.777273,13,-1,0,0,-1,-1,-3,13,2
13.777290,29,-2,-2,-1,0,-2,-1,6,2
13.777794,-40,-2,-3,-4,-2,-3,0,-9,2
13.777877,8,2,1,0,-1,0,1,-12,2
13.799670,10,2,2,2,1,1,0,-7,2
13.799691,-51,-9,-5,-3,-4,-3,-5,-29,2
13.801735,39,5,1,1,0,0,0,15,2
13.801740,-41,-8,-4,-1,-1,-2,-3,-25,2
13.814507,-8,-5,-1,-2,-3,-3,-3,10,2
13.814529,1,1,-4,-1,-1,0,0,5,2
13.815672,-12,-8,-3,-4,-4,-1,-6,-31,2
13.815676,14,4,-1,-1,-1,-1,0,-17,2
13.836943,-29,-5,5,2,1,2,1,24,2
13.836949,10,2,2,-3,-1,-1,-3,14,2
13.837629,-14,1,-4,-1,1,1,-1,1,2
13.837642,8,-3,0,-3,-2,1,-2,3,2
13.859595,-4,-5,-9,-4,-1,-3,-3,-47,2
13.859617,17,2,4,4,0,-1,-2,-13,2
13.860738,-4,-3,5,2,1,2,1,23,2
13.860741,7,10,1,0,-1,0,0,-24,2
13.874606,-15,-7,-6,-5,0,-3,-3,-5,2
13.874634,24,0,-5,-5,-3,-2,1,4,2
13.876349,7,0,0,0,0,-1,-4,-19,2
13.876354,-16,1,4,1,2,1,0,29,2
13.898709,-2,3,-1,0,-1,-2,3,21,2
13.898716,41,0,-1,-1,0,-2,1,-6,2
13.898718,-35,-11,0,1,-2,-3,-3,14,2
13.898719,27,5,0,-3,-2,-1,-1,-12,2
13.919906,-2,0,2,0,-1,1,1,1,2
13.919926,-29,1,0,2,-1,0,-3,-1,2
13.920411,6,-4,-6,-3,-1,-4,-5,-40,2
13.922357,0,-9,-6,-5,-3,-2,-3,1,2
13.934491,9,-1,-2,-1,-3,-2,-3,-11,2
13.934513,-35,2,3,1,0,2,1,-1,2
13.936423,19,0,-1,-2,-1,-1,1,7,2
13.936427,-6,-3,0,2,1,-2,-1,22,2
13.957316,30,0,-2,-4,-1,-2,-1,-18,2
13.957345,-49,-3,0,0,1,0,-3,-20,2
13.959827,20,-4,-4,-6,-2,-3,0,30,2
13.959833,1,-1,0,1,1,-1,0,-4,2
13.979451,-1,1,3,2,0,1,3,27,2
13.979468,28,4,1,2,0,-2,-1,-2,2
13.980260,-1,6,3,2,-3,0,5,22,2
13.980279,2,-16,-14,-8,-4,-6,-10,-19,2
13.993950,0,1,3,1,0,-1,-2,12,2
13.993968,-4,-13,-10,-4,-4,-3,-5,-45,2
14.002259,20,10,5,1,-2,0,1,0,2
14.002281,-26,4,5,3,1,2,6,9,2
14.017585,12,-1,0,1,1,0,-1,33,2
14.017614,31,-7,-7,-8,-4,-4,-9,-21,2
14.019618,-17,-3,-5,-1,3,0,1,2,2
14.019628,19,6,4,1,-1,0,2,-10,2
14.039454,-45,-4,-1,0,0,-1,2,28,2
14.039520,-3,-1,-1,0,1,1,2,12,2
14.040358,6,0,0,-1,-2,0,1,3,2
14.040384,-11,2,-4,-3,-2,-4,-3,-4,2
14.054483,-22,-8,1,-1,0,-1,-3,-20,2
14.054499,27,6,3,0,-1,1,3,6,2
14.056683,-16,-2,-2,-1,-1,-2,-5,3,2
14.056690,12,4,2,-1,0,2,4,26,2
14.077264,-49,3,1,1,0,-2,-1,-12,2
14.077287,3,-8,-6,-4,-4,-3,-2,14,2
14.079193,-2,-4,-4,-3,0,0,-2,-13,2
14.079197,-3,-4,-4,-2,-2,-1,-2,11,2
14.101565,17,4,4,1,-1,-2,2,4,2
14.101572,-1,2,0,0,0,1,-1,-1,2
14.101573,25,4,-2,1,-1,-1,4,2,2
14.101575,-8,-6,0,0,-1,0,-1,27,2
14.114173,12,4,1,-2,-2,-2,0,-9,2
14.114192,-7,-2,-1,-2,1,0,-3,10,2
14.122445,16,2,0,1,0,1,0,-39,2
14.124467,-8,-2,-2,-3,-1,-3,-2,-19,2
14.137374,-11,-7,-8,-5,-4,-2,-4,-18,2
14.139358,1,6,4,2,0,2,1,15,2
14.139363,4,-4,-3,-1,0,-1,-1,14,2
14.139364,-2,3,2,2,-2,-2,-2,-19,2
14.159748,2,-4,-5,-1,0,-3,-5,-3,2
14.159765,-2,-6,-6,-5,-2,-4,0,19,2
14.161977,-17,-1,-1,-1,1,0,0,-15,2
14.161984,30,4,1,1,1,0,0,-4,2
14.174227,27,1,4,4,0,0,2,1,2
14.174254,-71,-7,-5,-2,-1,-2,-5,-22,2
14.182543,14,6,3,0,-1,2,-1,6,2
14.182573,-16,-4,-4,-6,0,-1,-4,-23,2
14.197858,17,5,1,1,-1,-1,0,8,2
14.197906,17,-7,-2,-3,-2,-2,-1,-3,2
14.199011,-16,-1,-3,-2,-2,-3,-5,-20,2
14.199016,3,2,0,0,1,1,-1,4,2
14.219639,3,-5,-7,-4,-1,2,1,1,2
14.219661,10,4,1,3,1,2,3,7,2
14.220832,9,-6,-2,0,-2,-6,-8,-26,2
14.220836,9,1,2,3,-2,-1,-1,-14,2
14.234701,27,-2,-1,-3,0,-1,-5,-7,2
14.234730,3,-1,0,-2,-2,-2,1,3,2
14.242197,-9,-4,-2,-3,-2,2,2,16,2
14.242223,3,1,1,0,-3,0,1,6,2
14.257127,-22,-2,-2,-4,-2,-3,-3,-13,2
14.257147,18,8,10,4,1,0,2,13,2
14.257954,-3,-8,-2,0,-1,0,-3,-2,2
14.257970,-40,-11,-7,-7,-4,-5,-6,1,2
14.280040,13,2,-1,1,-1,0,3,2,2
14.280073,-12,3,-1,-1,-1,0,-3,-1,2
14.282480,-6,2,2,2,0,1,3,18,2
14.282486,-7,-8,-8,-5,-1,-2,-6,-49,2
14.294128,-3,0,-4,-6,-2,-4,-3,1,2
14.294150,12,7,7,6,1,1,2,17,2
14.302207,-15,-16,-6,-3,-2,-4,-9,12,2
14.302229,33,0,-2,-5,-3,-2,0,-6,2
14.317569,-40,2,4,1,-2,0,1,-6,2
14.317574,39,2,2,0,-2,0,2,22,2
14.317637,-18,-2,-1,1,0,-1,-1,-5,2
14.317659,16,7,3,5,2,0,4,30,2
14.339935,19,-5,-4,-7,-3,-4,-4,-3,2
14.339964,-26,-12,-10,-8,-6,-7,-6,-30,2
14.341694,4,10,7,5,3,1,3,18,2
14.341703,13,2,3,3,3,-1,2,16,2
14.354062,1,1,1,0,-1,0,0,-1,2
14.354087,-16,-3,-4,-4,-2,-2,-1,-3,2
14.362207,3,1,-2,-4,-1,-2,0,-11,2
14.362231,12,1,-3,-3,-1,-2,1,15,2
14.377653,-26,-7,-3,0,0,-1,-3,-9,2
14.377675,-6,2,2,2,1,-1,-3,-14,2
14.380435,23,5,2,-1,-3,1,2,7,2
14.380442,-17,-2,-2,-1,-1,3,0,-15,2
14.399422,16,-1,-1,-2,0,0,-3,-19,2
14.399438,-2,-6,-6,-6,-2,-3,1,25,2
14.400064,8,7,0,2,1,-2,1,-23,2
14.400087,-27,-6,0,1,-1,0,-3,-12,2
14.413831,22,-3,-3,-2,-1,-4,-2,1,2
14.413853,-6,2,-3,0,-1,1,0,-3,2
14.422596,-3,-6,-6,-4,-1,0,-2,7,2
14.422633,-5,-3,-3,-2,-2,-2,-3,9,2
14.437227,-5,3,1,4,0,2,3,-5,2
14.439127,2,0,0,0,0,-2,-1,15,2
14.439136,-11,-6,-2,-2,-3,-2,-3,-2,2
14.439140,7,1,-2,-3,-3,-2,0,4,2
14.460030,7,2,0,-2,-1,0,1,15,2
14.460036,1,4,3,2,1,-1,-1,-18,2
14.460614,-3,-3,1,0,0,0,-2,0,2
14.460620,-23,-4,-2,-1,-2,-1,-1,-3,2
14.483029,26,6,0,-1,1,-2,-2,-19,2
14.483051,-56,-7,-3,-3,-1,0,0,-4,2
14.484592,23,0,1,0,-1,-1,-4,-4,2
14.484598,3,1,-1,-1,1,-1,-1,-15,2
14.497025,-15,1,-1,-1,-3,1,3,13,2
14.497043,20,0,-4,0,-1,-2,-1,5,2
14.498253,11,-1,-1,-1,0,-1,2,-4,2
14.498258,-45,-6,-1,0,-1,-1,-5,14,2
14.520267,17,-2,1,-2,-2,-2,-1,1,2
14.520295,3,-3,-1,-4,1,-1,-2,-7,2
14.522529,3,-1,-3,-3,-2,-2,1,13,2
14.522535,25,8,4,0,-1,0,-1,4,2
14.542768,-27,-1,0,4,1,2,-1,1,2
14.542837,10,-2,-2,-1,-2,0,-1,5,2
14.543617,-29,-10,-4,-5,-2,-2,1,27,2
14.544928,7,3,0,-2,0,-2,0,-15,2
14.557146,-23,-1,-1,-2,-2,0,-2,-4,2
14.557173,30,3,-2,-1,-1,0,0,3,2
14.558161,-24,6,1,1,0,2,5,-4,2
14.558177,30,-11,-3,-3,-1,-3,-6,7,2
14.580500,0,-2,-4,-1,-4,-1,-4,-13,2
14.580522,-12,-1,-1,3,0,0,0,6,2
14.580526,3,5,1,0,-2,-3,-3,-2,2
14.580530,-21,0,-3,-4,-1,-1,0,-11,2
14.602676,-4,-3,-2,-1,0,-2,-1,10,2
14.602689,14,-2,1,0,-1,-3,-2,10,2
14.603332,-25,-3,-4,0,-2,0,-5,-49,2
14.603345,40,8,5,4,2,1,5,22,2
14.617175,-34,-11,-2,-2,0,-1,-2,13,2
14.617180,-4,-1,-2,-2,-2,-4,0,-9,2
14.617685,10,-7,-5,-4,-3,-2,-2,23,2
14.617699,1,5,0,1,1,3,0,-2,2
14.639501,-8,-12,-5,-3,-1,-4,-11,-69,2
14.639523,5,4,2,-1,0,2,1,20,2
14.641329,-11,0,-1,-1,-1,-1,-2,-8,2
14.641337,32,2,-4,0,-1,1,4,-5,2
14.662906,-11,0,5,3,0,-1,-1,2,2
14.662915,-11,-3,-3,-5,-3,-3,-3,-10,2
14.663335,19,1,0,-2,1,-1,-2,-2,2
14.663350,-38,-2,-2,1,-2,-3,-2,-22,2
14.677657,20,7,2,1,1,1,4,42,2
14.677661,17,-8,-6,-1,-2,-1,-5,-29,2
14.677766,-17,3,-3,-3,-1,-2,0,7,2
14.677775,-7,-7,-3,-4,-2,-4,1,33,2
14.699466,-4,5,1,1,1,0,4,12,2
14.699488,15,1,3,1,-1,0,-4,-28,2
14.700093,-37,-5,0,0,1,0,-3,-24,2
14.700106,-2,-2,0,-1,-1,0,-3,5,2
14.722797,18,2,-6,-1,-3,1,-1,11,2
14.722843,-5,3,3,2,1,0,4,19,2
14.739720,-1,-4,-6,-6,-4,-1,-5,8,2
14.739727,-7,-15,-9,-4,-3,-3,-6,-31,2
14.739952,7,11,8,1,1,1,2,0,2
14.739958,2,0,0,1,0,0,1,6,2
14.740939,1,-1,-1,0,-3,0,-3,8,2
14.740958,-36,-3,-4,0,-1,0,-1,-5,2
14.759752,10,0,-1,-1,0,0,-1,2,2
14.759773,0,-4,-4,-4,-2,-2,0,-2,2
14.760288,20,0,1,-1,-3,-1,2,6,2
14.760307,-25,0,1,3,1,0,-6,-49,2
14.783250,6,-3,2,1,-1,-1,-1,-3,2
14.783278,-9,2,2,1,1,2,3,15,2
14.786021,1,-5,-7,-4,-5,-3,-6,-44,2
14.786027,-23,-3,-4,-4,-3,-2,1,19,2
14.798396,14,2,-1,-1,0,-2,0,15,2
14.798430,-41,-2,-4,-4,-1,-4,-3,-9,2
14.799669,59,-4,-1,1,-1,-3,0,15,2
14.799673,-10,4,4,2,2,1,4,15,2
14.819428,-14,-6,-8,-5,-2,-2,-7,-31,2
14.819441,20,7,6,4,2,2,4,21,2
14.820088,-9,-2,-4,-2,-2,0,-2,-9,2
14.820101,12,-4,-1,-4,-2,-2,-2,5,2
14.843013,0,-5,-3,-5,-4,-3,2,60,2
14.843030,0,1,-2,-1,0,-2,-5,-46,2
14.844468,-9,8,6,5,4,3,3,10,2
14.844478,5,-2,0,0,0,-1,-1,34,2
14.857230,10,-4,-5,-4,-4,-2,0,4,2
14.857248,3,-4,-2,-1,-2,0,-2,5,2
14.859066,-12,3,3,1,1,0,2,6,2
14.859079,20,5,1,-2,-1,-2,2,-4,2
14.881706,-9,-2,0,-2,1,-1,-1,-9,2
14.881713,-13,-9,-6,-7,-3,-3,-3,-6,2
14.881714,3,5,-2,1,-2,-1,-2,-22,2
14.881716,28,2,6,4,0,-1,-1,-5,2
14.903250,-14,2,3,3,0,0,0,-8,2
14.903280,-13,-4,-3,-4,-1,0,-3,-19,2
14.903692,32,-5,-8,-7,-2,-1,2,51,2
14.903711,-33,1,1,-1,-2,1,-3,-56,2
14.917065,15,0,5,4,1,-1,-3,5,2
14.917092,-5,-1,-2,1,0,0,-1,-1,2
14.917770,-20,-2,-1,-1,-3,-1,2,2,2
14.917792,4,-3,-5,-4,-1,-1,1,18,2
14.940122,3,1,-2,1,0,0,1,-8,2
14.942683,-29,-1,2,1,-1,-2,-2,-16,2
14.942690,9,3,2,1,1,2,1,-17,2
14.942692,5,0,-2,-4,-3,0,0,3,2
14.962860,-3,-2,-3,-1,-1,-1,-3,-21,2
14.962877,-1,-5,-2,-1,0,-2,0,29,2
14.963572,21,2,3,0,0,-1,-2,2,2
14.963629,-36,-10,-5,-3,-3,-3,-2,-4,2
14.977158,8,-1,-2,-4,-1,0,0,-11,2
14.977177,39,8,4,2,2,5,6,41,2
14.977849,-49,-11,-5,-6,-3,-5,-8,-18,2
14.977968,25,0,-1,-3,-1,-2,0,-11,2
14.999478,5,8,6,6,3,2,3,19,2
14.999500,-31,2,4,6,1,2,-2,-12,2
15.001296,-4,2,0,-2,-1,-3,-2,-10,2
15.001304,11,-5,-5,-3,-3,-2,-2,3,2
15.022677,-17,-10,-8,-6,-3,-4,-2,9,2
15.022687,13,1,0,-4,-1,-1,1,5,2
15.023659,-13,-2,-2,0,0,-2,1,6,2
15.023680,7,7,7,5,2,0,-2,4,2
17.047681,-3,2,1,-1,-2,1,-2,2,0
17.047925,5,-6,-6,-2,-4,-1,-2,16,0
17.049214,-12,-1,0,-3,-3,0,-2,-6,0
17.049235,5,1,-1,0,-3,-2,-3,0,0
17.061262,-14,-1,-1,0,1,-1,-1,-2,0
17.061279,6,0,-1,0,-1,-2,-1,-7,0
17.072354,3,-6,-6,-5,-2,-2,-2,4,0
17.072359,0,-1,-5,-6,-6,-3,-1,23,0
17.085749,4,-6,1,1,0,0,-3,-8,0
17.085779,1,11,8,5,2,-2,0,-4,0
17.087247,-5,-5,0,2,2,0,0,-5,0
17.087251,4,0,-4,-2,0,0,1,5,0
17.108817,20,0,-5,-4,-1,0,-1,9,0
17.108825,-50,-5,-4,-6,-2,-1,-5,-23,0
17.109321,-5,-11,-1,-1,-2,-1,0,5,0
17.109330,-3,-4,-4,0,0,0,-3,-13,0
17.124742,3,-2,-5,-5,-3,0,-1,-7,0
17.124750,17,5,-1,-2,-2,0,-2,3,0
17.130349,5,7,4,5,2,2,2,1,0
17.130368,-13,-11,1,-4,-2,0,-4,-14,0
17.145695,-13,-2,-1,-1,-2,-3,0,-3,0
17.145718,16,0,1,-1,1,-3,3,15,0
17.147471,2,1,-2,0,-1,-2,0,-5,0
17.147475,-6,-4,-2,-2,-1,-1,-1,-3,0
17.170525,4,3,3,1,0,0,2,4,0
17.170531,7,0,-1,2,0,1,-1,1,0
17.170533,2,-2,-2,-4,-2,-3,-2,-6,0
17.170535,6,2,0,2,-1,-2,1,2,0
17.181889,-4,-2,-6,-3,-1,0,-2,-38,0
17.181909,3,-3,-4,-2,-2,-2,0,2,0
17.192611,-4,1,3,2,-2,3,-2,1,0
17.192620,6,9,-1,2,0,1,2,7,0
17.205329,-5,-3,0,2,-1,-2,-1,3,0
17.205342,-5,-7,-1,-1,-1,-2,-2,0,0
17.207188,12,6,3,-1,2,1,-1,-5,0
17.207222,-5,-10,-6,-7,-4,-4,-6,31,0
17.235446,16,4,0,-1,-1,-1,1,7,0
17.235465,4,3,4,1,0,-1,1,-7,0
17.236846,5,-5,-5,-2,-2,-2,-1,15,0
17.236951,5,8,7,4,2,2,-1,-21,0
17.241461,-8,-2,-2,0,-1,0,-1,11,0
17.241488,1,-7,-7,-6,-3,-1,-2,2,0
17.252139,2,-4,-5,-3,-2,-1,1,-10,0
17.252147,-1,3,1,0,0,-1,1,-9,0
17.265488,-7,-3,2,1,0,0,-1,-2,0
17.265509,-2,4,4,5,1,0,2,1,0
17.266702,-4,0,-1,0,0,0,-2,-3,0
17.266720,-5,-6,-7,-5,-3,-1,-2,-3,0
17.288128,-3,-5,-3,-3,-3,-2,-2,8,0
17.288162,2,4,-1,3,2,0,-3,-3,0
17.291524,-17,0,2,1,-1,-1,-1,-4,0
17.291530,10,-1,0,0,0,0,0,-4,0
17.310193,5,-2,-3,-4,-1,-3,-3,-3,0
17.310209,-23,-5,1,-1,-1,-1,0,-1,0
17.311674,13,0,0,1,0,-1,-2,-4,0
17.311691,-2,1,-2,-1,-3,0,1,7,0
17.326023,-16,-4,-5,-3,-2,-3,-5,-33,0
17.326043,12,0,1,-2,-2,0,0,1,0
17.326804,-4,2,0,-1,-1,-1,-1,-1,0
17.326821,6,-1,0,-1,0,0,-3,-10,0
17.347706,-16,-12,-4,-1,0,-1,0,9,0
17.347728,4,2,-1,-3,-2,-2,0,2,0
17.349089,-15,-2,-1,-3,-3,-2,1,-11,0
17.349101,10,-2,-3,-1,-1,-1,-3,4,0
17.370594,0,9,6,2,0,0,1,7,0
17.370627,2,-1,-2,1,-1,-1,-2,-5,0
17.373127,-3,0,-1,1,0,-2,-1,9,0
17.373131,-6,-6,-6,-2,-2,-1,-1,-7,0
17.385833,-1,-3,-1,-1,0,1,-1,4,0
17.385854,4,-1,-2,-1,-1,2,-1,-18,0
17.388637,1,-1,-7,-5,-4,-2,-2,-1,0
17.388642,-11,-6,-4,-5,-2,-4,-4,-11,0
17.408253,8,13,13,9,5,5,4,6,0
17.408280,22,0,1,-1,-1,-2,-2,7,0
17.409485,-33,-8,-3,0,1,-1,-1,-3,0
17.409500,5,-2,0,-2,1,-1,-3,-1,0
17.430284,-1,0,-8,-5,-3,-2,0,-5,0
17.430300,7,-4,-5,-5,-3,0,-1,-12,0
17.431772,6,5,6,4,0,1,2,6,0
17.431778,-22,2,5,5,1,1,-1,8,0
17.444962,0,5,4,1,0,-1,-1,-4,0
17.444991,-10,-7,-2,-3,-1,-3,0,5,0
17.451294,4,-4,-9,-6,-2,-3,-1,-3,0
17.451316,9,2,-4,0,0,-2,1,4,0
17.467656,1,2,6,2,2,-1,1,3,0
17.467670,-8,-1,-2,-1,-1,-2,-1,-5,0
17.469133,9,-1,-3,-3,0,1,-2,3,0
17.469146,7,1,2,1,0,-1,2,0,0
17.490228,-19,-12,-10,-6,-5,-1,-4,-14,0
17.490252,0,4,1,2,2,-1,-1,14,0
17.492172,1,3,4,0,0,-2,-4,-16,0
17.492179,-13,-2,-1,-2,-2,-2,-1,-6,0
17.504985,3,-5,-7,-6,-2,-5,-2,7,0
17.505008,7,-2,-5,-5,-3,-1,-1,10,0
17.513879,-42,-1,0,2,0,-1,-5,-22,0
17.513888,5,2,3,2,1,2,1,-1,0
17.528269,-4,3,1,3,0,0,1,7,0
17.528284,7,-4,-4,-2,-2,-1,-2,0,0
17.529446,1,-3,-5,-5,-3,-3,-1,1,0
17.529469,2,0,4,-1,-2,-2,-2,4,0
17.550296,-1,-2,-2,-1,-1,0,-1,5,0
17.550358,5,4,3,5,1,0,-2,2,0
17.551854,9,2,1,0,0,1,-2,2,0
17.551911,-26,-10,-8,-6,-3,0,-2,-14,0
17.564739,13,0,0,-2,-1,-1,-1,1,0
17.566836,-14,6,1,-1,-2,-1,2,-3,0
17.571540,15,-1,-2,-1,-1,-1,-1,9,0
17.571608,4,2,2,2,2,0,0,6,0
17.587955,-2,-5,-1,0,-1,-2,-5,-11,0
17.590402,-7,-3,-3,-2,-1,-3,0,4,0
17.590411,0,-4,-5,-5,-4,-1,0,-20,0
17.590414,2,-1,0,0,-2,-1,0,7,0
17.610230,-1,6,5,5,2,1,0,5,0
17.610246,-5,-1,0,1,2,-1,-4,1,0
17.611648,4,-3,-5,-4,-3,-2,1,7,0
17.611729,6,0,-3,-2,0,-3,-2,-15,0
17.624053,-18,5,8,4,2,4,3,14,0
17.624061,3,-1,-2,-2,-3,0,-2,-4,0
17.635258,1,-4,-1,-1,2,1,-3,6,0
17.635263,-2,-6,-8,-5,-2,-3,-2,-5,0
17.648109,-1,-1,-4,-4,-3,-3,-4,-3,0
17.648130,4,2,2,-2,1,0,1,1,0
17.650023,3,-8,-2,-1,0,1,-3,0,0
17.650027,-4,2,-2,-1,-2,-1,-2,4,0
17.670121,5,4,2,2,0,1,-1,-26,0
17.670128,-3,-7,-5,-2,0,1,-4,-3,0
17.671643,2,7,6,1,0,-2,1,8,0
17.671656,11,2,0,2,0,0,0,3,0
17.684874,-5,-5,-5,-1,-1,-2,1,1,0
17.684879,-6,-2,2,0,-2,-1,-2,-7,0
17.691526,4,-1,-2,-3,0,-2,1,0,0
17.691551,-1,-3,-4,-2,-1,-2,0,-1,0
17.707839,3,2,0,2,2,1,-1,2,0
17.707864,-6,-6,-5,-3,-2,-1,-2,11,0
17.709549,-5,0,-2,-1,1,1,-1,2,0
17.709554,4,1,2,-2,-2,-1,1,7,0
17.732165,4,0,-1,-2,1,0,-2,-2,0
17.732170,-2,-4,-3,-1,-2,-2,0,-4,0
17.732173,8,-1,-1,2,-3,-1,1,19,0
17.732174,-12,-8,-7,-6,-1,-1,-5,-34,0
17.744912,4,3,2,0,0,-1,0,2,0
17.744934,3,3,3,0,1,-1,0,5,0
17.751762,0,2,0,0,-2,-2,-4,-5,0
17.751781,0,-6,-6,-3,-1,-2,-4,-3,0
17.768088,-7,-1,-3,-2,-1,0,-3,-17,0
17.768117,-5,4,5,3,0,0,2,4,0
17.770031,4,2,2,0,-2,-1,1,-4,0
17.770035,-9,-3,-3,-5,-3,0,-1,6,0
17.793243,5,-7,-9,-8,-5,-5,-3,22,0
17.793250,0,1,-3,-2,-2,-1,-1,-19,0
17.793252,-9,-3,2,4,-1,0,-2,-10,0
17.793254,5,6,7,4,1,0,2,12,0
17.803969,0,-6,-5,-1,-1,-1,0,-8,0
17.803991,3,-4,-3,-1,-2,-2,-1,0,0
17.815187,-4,1,1,-1,3,-1,0,-3,0
17.815191,5,2,1,0,2,-1,0,15,0
17.827880,5,-3,-2,0,-2,-2,1,1,0
17.827900,-8,-3,0,-2,-2,0,0,-7,0
17.829284,-2,-1,-1,-1,-2,-2,-3,-5,0
17.829300,3,3,4,1,-1,0,0,-3,0
17.850658,-1,-1,0,0,-1,0,0,-5,0
17.850678,-1,-1,-3,0,0,-3,-2,9,0
17.853462,-4,-10,-6,-5,-3,-3,-1,-1,0
17.853467,-1,2,2,2,1,1,-1,-4,0
17.864556,1,2,0,1,-1,-1,0,11,0
17.864588,-3,1,0,-1,0,0,1,-23,0
17.875450,0,-2,-6,-4,-1,-1,-3,0,0
17.875466,-4,-3,-2,-1,-1,-1,-2,-6,0
17.887847,8,3,2,1,0,0,-1,9,0
17.887862,13,3,1,0,-2,-1,0,-20,0
17.889077,-17,-11,-3,-1,1,-1,-2,4,0
17.889089,-1,1,0,-3,0,-1,-2,-14,0
17.910372,-4,-5,-4,-6,-2,-1,-2,-6,0
17.910395,4,-1,-2,-4,-1,0,-1,10,0
17.912088,3,3,1,0,-2,-2,1,-2,0
17.912115,-1,0,1,4,0,-1,-1,9,0
17.924079,6,2,2,2,1,-1,3,14,0
17.925350,-17,-3,-3,-2,-1,-1,-3,-1,0
17.933781,-4,-3,-2,-1,0,0,-3,-6,0
17.933786,4,-5,-7,-5,-5,-2,1,2,0
17.949584,-1,-4,-5,-6,-2,-2,0,-1,0
17.949593,0,0,3,3,2,-2,1,0,0
17.949599,2,5,5,2,1,1,1,7,0
17.949602,0,0,1,1,-1,0,-1,3,0
17.970530,-7,-7,-6,-5,-3,-1,-4,-2,0
17.972252,-2,-2,-1,-5,-2,-4,0,0,0
17.972256,-2,1,-1,1,-1,-2,0,-5,0
17.972258,5,3,-1,-1,0,-2,-2,1,0
17.984679,-14,-5,-2,0,-1,-3,-2,-5,0
17.984719,2,2,0,4,1,0,0,6,0
17.993483,3,4,4,0,2,1,1,7,0
17.993487,2,-2,-3,-2,-5,0,-1,-3,0
18.007928,1,4,1,-3,-1,-2,1,4,0
18.007947,-11,-4,2,4,0,1,-2,-31,0
18.010125,2,-5,-1,-1,-1,-1,0,10,0
18.010131,-8,-1,-3,-2,-1,-2,-2,-2,0
18.030657,18,-1,0,0,-1,0,-2,2,0
18.030680,-4,-4,-5,-3,-3,-2,-1,13,0
18.033042,-2,-1,-2,-1,-2,-2,-1,-9,0
18.033047,3,-3,-1,-2,2,-1,0,2,0
18.043921,2,-4,0,-1,-1,-3,-1,8,0
18.044029,7,-1,2,0,2,0,2,-7,0
18.053990,-3,-1,-5,-5,-2,-1,-1,-1,0
18.053994,-2,4,3,5,1,2,1,19,0
18.068310,-5,3,3,1,3,1,-1,-19,0
18.068332,-3,-4,-3,-3,-2,2,-2,8,0
18.069911,0,-3,-7,-3,-2,-3,-1,1,0
18.069914,-4,-3,-2,-2,-1,-1,-2,-6,0
18.090268,-5,5,3,5,2,2,1,2,0
18.090289,0,0,-2,-3,-2,-2,-2,-8,0
18.091753,4,0,-1,-1,-2,-1,0,13,0
18.091826,-1,-2,-3,0,-3,-3,-2,-8,0
18.104426,1,0,3,0,1,-1,0,-1,0
18.104431,-14,-4,0,1,0,0,-1,0,0
18.113737,3,2,3,3,1,0,-2,7,0
18.113745,-4,-4,-2,-4,-1,0,-1,-1,0
18.127945,-3,-1,-10,-6,-4,-2,-3,-22,0
18.127967,7,2,-4,-1,-1,-2,0,14,0
18.129455,-6,1,3,-2,-2,0,-4,-30,0
18.129460,-6,-4,-1,1,-1,-2,0,4,0
18.151217,1,-4,-3,-4,-3,-2,0,3,0
18.151221,0,-3,-3,-3,1,-3,0,-7,0
18.151682,1,3,6,5,4,1,4,-15,0
18.151688,-27,-7,-3,-5,-1,-3,-6,-41,0
18.166286,-3,-6,-3,-3,-2,-2,1,0,0
18.166292,4,-4,-5,-6,-6,-5,9,-2,0
18.174905,2,6,4,3,1,1,5,11,0
18.174913,1,1,3,0,3,-1,1,-2,0
18.188001,13,6,8,2,2,4,1,21,0
18.188022,-2,-2,-7,-4,-3,-1,-2,16,0
18.190128,3,-4,-7,-6,-3,-2,-2,-6,0
18.190140,7,-1,4,2,0,1,2,24,0
18.210273,-12,-4,-4,-3,-2,-4,-2,-15,0
18.210295,6,2,3,2,1,1,-2,11,0
18.212466,-3,0,-1,-2,-3,-1,-4,7,0
18.212471,7,-1,-1,0,-1,1,0,3,0
18.224291,-2,-3,0,-1,-2,-2,-1,4,0
18.224318,-11,-2,-1,0,-2,-3,-1,-32,0
18.234539,-1,2,-2,-3,2,2,0,18,0
18.234545,-1,-2,-5,-3,-3,-2,4,-3,0
18.247641,-5,1,2,4,-1,-1,-2,14,0
18.247663,1,-1,-1,1,0,-1,-3,-11,0
18.249170,24,-1,-1,-3,-2,-2,1,4,0
18.249185,-29,-6,0,-1,-2,-1,-3,16,0
18.270548,4,1,-3,-3,-3,-3,0,-8,0
18.270570,4,5,2,3,1,1,-2,18,0
18.272087,7,-5,-4,-1,0,-2,-3,-8,0
18.272093,3,7,0,-2,0,-1,-5,4,0
18.293271,1,-4,-1,0,-1,-1,0,-8,0
18.293277,-8,-1,-1,-2,-2,0,0,8,0
18.294169,0,-4,-4,-4,-1,-2,-4,-14,0
18.294176,-3,-1,-1,1,0,1,-1,-4,0
18.308688,-9,-2,-2,-3,-1,-1,-2,-4,0
18.308700,0,3,2,0,1,-1,-3,-4,0
18.309818,-6,0,2,1,-1,2,2,-2,0
18.309875,1,-7,-4,-3,-1,-1,-1,0,0
18.330294,8,2,3,0,-1,0,-5,4,0
18.330341,-6,-4,-5,-5,-1,-2,-1,3,0
18.331887,-10,3,4,3,0,-1,-1,-13,0
18.331891,8,4,2,1,2,-1,0,-9,0
18.352980,4,2,-1,-4,-4,-1,1,-12,0
18.353005,-19,-13,-7,-4,-4,0,-1,16,0
18.355123,-11,-3,-4,-1,-4,-1,0,-12,0
18.355127,9,3,1,2,1,0,-1,19,0
18.367659,10,1,2,3,2,1,1,2,0
18.367681,-10,-1,0,-2,-2,0,-3,-2,0
18.370528,4,-2,-7,-4,-2,-2,-2,-1,0
18.370533,9,-4,-4,-1,-1,-1,2,-11,0
18.390408,-13,0,6,4,2,-1,2,0,0
18.390448,4,1,0,-1,0,-1,-2,-5,0
18.391848,-6,-7,-4,-3,-1,-2,-4,7,0
18.391933,8,0,-2,-2,-1,0,-1,-3,0
18.412756,-4,4,3,0,3,1,-1,16,0
18.412774,2,1,2,0,-1,0,0,-2,0
18.414548,-7,0,1,2,0,-1,-2,5,0
18.414552,4,-2,-2,-4,-3,-1,1,11,0
18.427019,-5,-12,-12,-8,-4,-3,-7,-12,0
18.427041,3,5,7,6,1,0,0,5,0
18.433988,5,0,1,2,3,2,1,-7,0
18.434008,6,3,0,1,-1,1,-2,7,0
18.450360,-32,-3,-7,-3,-3,-2,-4,-15,0
18.450388,7,-10,-7,-6,-2,-1,-3,-12,0
18.451890,-9,-3,1,-2,-2,-1,-2,-3,0
18.451915,-3,-5,-3,-2,-1,-2,0,-22,0
18.473238,5,7,6,2,0,1,3,-3,0
18.473260,20,4,3,5,3,2,0,25,0
18.475453,-37,0,-2,-3,-2,-2,-1,-7,0
18.475470,4,-7,-3,-3,-3,-3,-3,-8,0
18.486994,5,-6,-6,-4,-2,-3,-2,1,0
18.487010,7,2,-2,-3,-1,-3,-2,4,0
18.493939,0,0,2,2,0,0,1,1,0
18.493956,-3,6,2,-1,0,0,-1,1,0
18.511246,2,-4,-2,1,-2,-1,-1,-2,0
18.511258,-14,-2,-4,-6,-3,-1,1,-3,0
18.511630,5,-4,-5,-2,-3,-2,-6,-9,0
18.511637,-6,4,3,3,1,2,0,-5,0
18.532856,4,-2,1,-1,0,-1,-1,5,0
18.532877,-7,-1,-4,-1,0,0,-3,-10,0
18.534867,2,1,3,0,-1,-1,0,9,0
18.534871,0,-1,-7,-4,-3,-3,-3,15,0
18.547015,-2,-3,2,1,-1,0,-1,-8,0
18.547137,9,0,-2,-1,-3,-1,-1,1,0
18.553983,-3,-1,-2,-5,-2,-3,0,-1,0
18.555435,-2,-1,1,0,0,-1,-2,2,0
18.570815,6,6,6,3,3,1,2,12,0
18.570851,-9,-5,0,-1,-1,-1,-1,-3,0
18.574491,17,-9,-6,-2,-2,0,-2,3,0
18.574502,-42,-6,-2,-3,-4,-1,-2,-9,0
18.592766,-4,9,1,-2,-1,1,2,7,0
18.592787,0,-5,-1,-2,-1,1,1,-4,0
18.594254,8,5,7,3,2,1,3,13,0
18.594268,2,-1,-2,-3,0,-2,-2,4,0
18.607138,-8,-9,-9,-5,-2,-2,-5,-38,0
18.607158,0,5,2,3,0,0,-2,7,0
18.621287,-10,0,-3,-2,-1,-1,-4,-11,0
18.621294,17,-2,2,1,-1,-2,-2,-1,0
18.631191,-20,-7,-4,-1,-2,-3,-1,-2,0
18.631228,5,4,0,0,1,-1,-1,-5,0
18.633499,-3,-5,-6,-5,-2,-2,-3,1,0
18.633503,7,4,4,4,1,0,2,2,0
18.652636,-19,-2,5,1,0,1,1,7,0
18.652644,-1,-5,-6,-4,-2,-2,-4,-6,0
18.654299,6,3,-2,0,0,0,-1,-3,0
18.654347,-4,-8,-3,-4,-1,0,-1,-3,0
18.668013,5,-1,-4,0,0,-2,2,15,0
18.668017,-2,4,7,4,2,0,0,0,0
18.673972,4,0,-2,-3,0,-2,-1,-22,0
18.673993,-5,7,6,3,-2,-1,-1,12,0
18.690631,-7,-12,-6,-5,-1,-3,-5,-1,0
18.693053,0,-2,-4,-2,-3,-1,-1,0,0
18.693061,4,-1,-2,0,-2,-2,0,1,0
18.693063,-10,-2,-4,1,1,-2,0,-2,0
18.715412,9,-3,-4,-4,-3,-2,-1,-6,0
18.715418,-5,1,-2,-3,-3,0,0,4,0
18.715421,4,0,8,4,1,2,-2,0,0
18.715422,-23,-1,2,-1,-2,0,-1,-12,0
18.727409,17,0,-1,-1,-2,-1,-3,5,0
18.727437,-15,-11,-7,-4,-2,-3,-1,-12,0
18.734426,2,3,-3,-5,-1,-2,2,9,0
18.734445,10,1,-4,-3,1,-1,0,-4,0
18.750502,12,11,7,2,1,1,2,3,0
18.750523,-6,-3,6,2,0,0,0,1,0
18.752025,-2,-3,-4,-2,-3,-1,-2,-3,0
18.752043,8,0,-1,-1,-1,-1,0,3,0
18.773058,-15,-5,-6,-2,-3,-1,-3,-25,0
18.773088,7,-2,-3,-2,-3,-2,1,3,0
18.775762,-5,-4,-2,-2,-1,0,0,10,0
18.775769,14,-3,-2,-2,0,1,-2,-12,0
18.786501,-7,0,-2,1,-1,0,0,7,0
18.786524,4,2,2,0,0,-2,-2,11,0
18.796741,-12,-2,1,0,2,-2,-3,-16,0
18.796749,1,-2,-6,-5,-4,0,-2,-10,0
18.810292,4,-1,-1,0,-2,-2,-1,6,0
18.810307,2,7,6,4,2,1,0,-1,0
18.811856,-10,-2,-2,1,-1,0,1,14,0
18.811873,3,-3,-3,-5,-2,-1,-1,-24,0
18.833247,4,-1,-9,-7,-3,-2,-3,6,0
18.833275,-6,-10,-2,1,2,-1,-2,-16,0
18.835010,-12,5,7,2,0,0,1,4,0
18.835020,-4,-1,1,2,-1,0,0,2,0
18.846845,6,0,-3,0,-2,0,0,9,0
18.846874,-2,-4,-7,-6,-5,-3,-4,-10,0
18.856173,2,-2,0,1,-1,-2,-1,-2,0
18.856180,4,2,1,3,-1,0,1,26,0
18.870249,-4,-4,4,3,2,1,0,12,0
18.870264,4,3,-4,-5,-3,-4,-2,-7,0
18.871650,3,-6,-6,-5,-1,-4,-2,1,0
18.871664,1,4,2,0,0,0,-1,-3,0
18.900087,9,2,3,1,-1,0,1,17,0
18.900093,-1,-2,0,-1,-1,1,1,5,0
18.901574,3,3,-1,-4,-3,-2,0,1,0
18.901587,2,-13,-11,-2,-2,-2,-1,-8,0
18.906274,-14,0,0,-4,-2,-3,-3,-12,0
18.906292,-4,12,10,5,2,0,-1,-1,0
18.915177,6,-8,-7,-2,-3,-1,-3,-1,0
18.915183,-4,3,7,4,1,0,3,1,0
18.931919,0,-5,-4,0,-2,-1,-1,-11,0
18.931926,-3,-4,-7,-5,-3,-3,0,5,0
18.931929,2,1,-2,-1,-2,0,-1,-1,0
18.931930,-7,-2,4,1,0,-1,0,0,0
18.952655,11,5,6,2,2,0,-1,-20,0
18.952669,-10,-2,-3,-2,-1,-2,1,5,0
18.954958,4,-2,-2,-2,-3,-2,-2,-3,0
18.954963,1,-1,-4,-3,-2,-1,-2,-2,0
18.966331,0,2,0,-1,-2,-1,1,-5,0
18.966348,3,1,-2,-1,-2,0,-1,-3,0
18.976621,-4,-1,2,1,1,0,0,-1,0
18.976632,-5,-1,-1,-2,-3,-2,-3,2,0
18.990255,5,-5,-4,-1,-1,-2,-3,-5,0
18.990280,7,0,-2,0,0,2,-2,-2,0
18.992760,-11,0,6,-1,0,-2,0,-1,0
18.992767,1,-1,-3,0,0,1,-2,-3,0
19.012718,8,1,3,0,0,-1,1,7,0
19.012735,-20,-10,-10,-6,-1,-1,-4,2,0
19.014140,12,-5,-5,0,-1,-1,-2,-3,0
19.014160,-1,2,3,0,0,0,1,3,0
19.026416,-8,-4,-3,-1,-2,-2,-1,7,0
19.026435,2,1,0,-1,-1,-1,1,-4,0
19.036783,4,5,3,1,1,1,1,-1,0
19.036787,0,0,-5,-3,-1,-2,-2,-7,0
19.051023,-6,-6,-5,-4,-2,0,-3,-3,0
19.051221,0,1,2,2,-3,-1,2,-6,0
19.052530,-3,-2,-3,-2,-1,0,-2,8,0
19.052534,-6,0,0,-2,-1,-2,-3,-3,0
19.072689,-6,3,0,3,2,3,0,-6,0
19.072733,4,-6,-4,-2,2,-2,-2,3,0
19.074502,0,-3,-3,-4,-2,-2,0,20,0
19.074527,-6,-4,-4,-1,-3,-1,-2,-27,0
19.086945,5,1,4,-1,-1,-3,-2,7,0
19.086951,5,8,9,7,3,3,0,-3,0
19.096096,-5,-2,-2,-2,-1,-1,0,22,0
19.096102,0,1,-2,-4,-2,-3,-2,3,0
19.110336,-5,-8,-1,1,1,-1,1,-9,0
19.112476,9,-8,-6,-4,-3,-2,0,2,0
19.112483,-8,4,1,-1,-1,-1,-1,-27,0
19.112485,10,5,2,1,-2,-1,2,13,0
19.132617,-3,-5,-1,-1,-4,-4,-2,8,0
19.132631,-1,0,1,-2,0,-1,-2,-1,0
19.134079,-5,0,0,2,3,0,0,-19,0
19.134092,-1,-1,-3,-2,-1,0,-2,2,0
19.148490,3,3,0,-3,0,-1,-1,-5,0
19.148499,0,-2,-4,-1,-2,-2,1,2,0
19.157374,3,-8,-9,-7,-4,-1,-6,-9,0
19.157389,-23,-1,2,2,2,-1,0,-3,0
19.169659,10,1,3,2,1,-1,0,0,0
19.169688,-21,-1,-1,-1,0,-1,-1,-4,0
19.178976,4,4,-1,0,-1,0,-2,5,0
19.178982,5,-4,-4,-3,-2,-1,0,2,0
19.192984,8,1,-2,-2,1,0,0,7,0
19.193006,-7,2,3,-2,1,-2,-3,1,0
19.194906,4,-3,-2,0,0,-1,-1,-13,0
19.194912,-2,0,1,2,-1,-2,-2,-2,0
19.215138,-9,4,3,2,-3,-1,-1,-5,0
19.215159,6,-3,-3,-3,-1,-3,-1,-3,0
19.217236,-1,5,4,1,-2,-3,0,4,0
19.217241,6,-5,-1,0,1,2,2,14,0
19.230206,-11,-5,-6,-2,-2,-2,0,9,0
19.230222,4,2,-2,-2,-2,0,-1,-3,0
19.231607,-4,-6,-4,-1,-2,0,-1,0,0
19.231621,3,5,0,1,2,0,0,3,0
19.252883,-10,-9,-4,-3,-2,0,-2,3,0
19.252905,-1,-6,0,0,0,1,-4,-5,0
19.255232,3,3,1,0,2,-1,2,14,0
19.255236,2,0,0,-2,-1,-2,-1,-6,0
19.291637,-12,-6,-10,-7,-4,-3,-4,-4,0
19.291660,3,-2,1,-2,-2,-3,0,-16,0
19.293139,-7,1,7,3,0,1,0,0,0
19.293155,12,1,2,-3,-2,-1,-3,1,0
19.293867,0,0,-3,-2,0,0,1,-4,0
19.293910,-14,-9,-6,-3,-3,-1,-4,-6,0
19.298015,8,-4,-3,-2,-3,-2,0,4,0
19.298019,-9,-6,-2,-1,-2,-3,0,-2,0
19.312638,-4,-1,-4,-4,-2,-3,-3,-8,0
19.312655,7,7,5,3,-1,-1,1,13,0
19.314142,-7,4,8,5,3,3,0,-6,0
19.314165,-4,-5,-4,-1,-3,-2,-2,10,0
19.337305,3,-5,-2,0,-2,-2,-2,-10,0
19.337310,-1,-1,0,-1,2,0,-1,-2,0
19.337312,-3,1,-7,-4,-2,-3,-4,22,0
19.337314,-4,-2,-4,-2,-2,0,-2,-15,0
19.350041,13,6,8,5,0,2,2,3,0
19.350071,3,-1,-2,-1,-3,-2,2,5,0
19.356544,-38,-8,-4,-5,-3,-3,-5,-9,0
19.356562,5,-1,-7,-5,-2,-2,-2,-1,0
19.373724,6,-4,-3,0,-3,-1,-2,-3,0
19.375942,5,8,4,5,4,1,1,-3,0
19.375967,-1,-8,1,3,2,0,0,-6,0
19.375971,4,1,1,0,0,1,1,-2,0
19.395252,-10,-7,-4,-7,-3,-3,-3,-9,0
19.395268,4,2,-3,-3,-3,-1,-1,5,0
19.396719,7,5,5,4,1,1,1,-5,0
19.396749,-10,-1,-2,0,-1,0,-2,1,0
19.409581,-6,0,4,3,3,-1,-3,-5,0
19.409603,-7,-8,-8,-5,-3,-3,-2,-4,0
19.416466,10,1,1,-3,0,-2,-2,24,0
19.416487,-7,-2,-1,-1,0,-1,1,-16,0
19.432728,-1,2,-3,-1,-3,-1,-1,9,0
19.432749,-6,-7,-3,-3,0,-3,-2,-26,0
19.434079,4,3,-2,2,-3,-1,1,-2,0
19.434092,-1,4,4,0,2,1,-1,10,0
19.456037,8,4,-1,0,1,-1,1,6,0
19.458747,-27,-7,-1,2,-1,1,-2,7,0
19.458776,10,1,0,0,-2,-2,0,-13,0
19.458778,-4,-9,-7,-5,-4,-3,-1,-1,0
19.469863,2,2,1,-1,-3,-2,0,-8,0
19.469884,9,6,4,4,1,0,2,7,0
19.476503,-1,-2,-5,-2,-1,0,-2,-5,0
19.476622,-2,2,0,2,-2,-3,-1,-6,0
19.492940,-7,-3,-3,-3,-2,-1,0,3,0
19.492946,7,0,-3,-4,-2,-3,-1,4,0
19.494140,-1,-8,-5,-5,-3,-2,-3,-22,0
19.494150,5,1,1,0,-2,-1,0,14,0
19.515101,1,0,-2,-2,0,-1,-3,-33,0
19.515118,-27,-5,-4,0,-2,1,2,-1,0
19.516716,3,-2,-2,-4,-1,-2,0,10,0
19.516723,12,0,1,0,0,1,-2,7,0
19.530123,-2,1,5,2,2,1,1,-6,0
19.530155,1,-1,-4,-3,-3,-3,-3,1,0
19.536635,-1,0,-2,-2,-2,-1,0,-9,0
19.536658,-9,-10,-6,-1,0,0,0,-4,0
19.553250,5,3,3,1,1,2,-1,13,0
19.553515,8,-1,1,-1,-2,1,-1,3,0
19.555973,6,4,-5,-3,-1,-2,2,22,0
19.555979,-11,-3,0,-2,-1,-2,-5,-24,0
19.575924,-4,-3,-1,1,0,0,2,-3,0
19.575948,5,1,-1,-1,0,-1,-1,16,0
19.578235,3,-2,-1,-2,0,0,2,12,0
19.578239,-3,1,0,0,-1,-1,-4,-29,0
19.589536,-9,-1,1,2,-1,1,-1,1,0
19.589554,7,1,-3,-3,-2,-3,-2,-7,0
19.596798,-2,1,0,0,0,-3,0,-5,0
19.596819,0,-6,4,0,1,1,2,8,0
19.613363,-3,-2,-4,-3,-2,-1,-4,-2,0
19.613393,12,3,0,1,2,0,0,1,0
19.615526,-1,0,0,-2,-1,0,-2,-17,0
19.615530,-30,-8,-10,-7,-3,-2,-1,0,0
19.635250,7,1,1,0,0,-3,0,-9,0
19.635273,3,5,10,2,0,0,-1,5,0
19.636589,4,-4,0,-1,-2,0,-3,-3,0
19.636594,12,7,2,0,-1,-1,-2,9,0
19.650542,-6,-7,-8,-5,-4,0,1,6,0
19.650548,-8,-5,-6,-1,-1,-2,-4,-15,0
19.656356,-1,2,4,2,2,2,1,-5,0
19.656379,5,-1,-1,-2,-1,0,0,6,0
19.672976,-8,-4,-4,-3,-3,-1,-1,-4,0
19.672999,2,1,1,-1,0,0,2,4,0
19.675186,-5,-4,-3,-1,-1,-2,-3,-5,0
19.675193,-3,-5,-5,-4,-3,-1,0,-4,0
19.695516,3,5,0,-1,-2,-3,0,16,0
19.695538,2,1,3,0,-1,-2,0,-12,0
19.697593,-10,-5,-5,-4,-2,-2,-2,-2,0
19.697599,6,0,-5,-2,-3,-1,-1,5,0
19.709011,1,4,5,3,0,0,-2,-22,0
19.709035,9,-3,-3,-1,-2,0,0,3,0
19.719456,-32,-3,0,-2,1,-1,-3,-10,0
19.719462,12,3,0,-2,-1,-1,0,1,0
19.732650,-3,-7,-4,-2,0,-1,0,8,0
19.732672,-1,-2,-3,-3,0,1,2,-8,0
19.735053,11,-2,-5,-3,-5,-1,-3,-15,0
19.735058,-4,4,4,4,3,-3,-1,0,0
19.755777,2,5,7,3,0,1,0,4,0
19.755805,4,-2,-2,-1,-2,-1,-1,5,0
19.758806,3,0,-4,-3,-1,-2,-2,9,0
19.758812,-3,-11,-1,-1,0,0,2,1,0
19.769137,3,5,1,-2,-1,-4,-2,2,0
19.769160,-5,1,0,0,3,-1,-3,2,0
19.778663,1,0,-2,-1,-1,-3,-1,11,0
19.778672,-3,4,6,5,0,1,-2,-9,0
19.800194,-4,-7,-4,-4,-1,-2,-2,4,0
19.800212,-9,-6,-10,-7,-5,-2,-1,-11,0
19.801887,10,2,3,4,1,1,4,11,0
19.801893,-3,1,-4,-5,-3,-2,-1,4,0
19.815344,-7,-8,-3,-3,0,-1,-3,-5,0
19.815365,3,0,5,0,-1,1,0,16,0
19.817363,-2,1,0,0,1,0,2,-13,0
19.817368,3,2,-2,-1,-1,-1,0,-1,0
19.828862,-2,1,-5,-4,-1,-2,0,1,0
19.828880,0,-2,-1,-2,-1,-3,-2,-6,0
19.843933,-8,-13,2,4,2,1,-2,12,0
19.843954,-1,3,2,-3,-1,-1,-2,-14,0
19.855124,3,-3,-3,-2,-1,0,0,7,0
19.855130,2,1,-3,-3,-2,-2,0,-1,0
19.855133,2,4,3,1,1,-1,1,-7,0
19.855135,0,-3,0,0,0,0,-2,12,0
19.875374,1,-3,-3,-2,-3,-2,-2,9,0
19.875397,-3,-5,2,1,0,-1,0,-8,0
19.877863,2,7,-1,0,-2,-2,1,1,0
19.877884,-3,-2,-1,-2,-2,-3,-1,7,0
19.889363,0,2,-2,0,1,-2,3,-6,0
19.889382,-6,-1,0,0,-1,-1,-4,6,0
19.900609,6,-8,-3,-5,-4,-1,-2,-3,0
19.900616,-3,4,-3,0,-2,-1,2,6,0
19.912646,-2,-2,1,2,0,1,-3,-1,0
19.912663,1,1,0,3,-1,-1,0,1,0
19.914247,2,4,2,-1,-2,-1,-1,-3,0
19.914253,1,-2,-4,-2,-2,-1,-2,-11,0
19.935427,-1,2,5,-1,1,1,1,-1,0
19.935444,8,-2,-4,-3,-1,-1,0,3,0
19.936980,-43,-11,-6,-4,-2,-3,-3,-26,0
19.936989,10,0,-3,-3,-3,-1,-2,5,0
19.948765,1,1,1,2,0,1,1,2,0
19.948782,4,4,4,5,1,1,1,1,0
19.959528,7,-1,-1,-3,1,1,-1,-13,0
19.959534,-3,-1,0,-1,-1,-1,-1,4,0
19.972967,3,1,-1,-1,-1,-1,0,-4,0
19.975397,-11,-10,-4,-4,-1,-3,-4,-3,0
19.975403,-1,1,-3,-4,-2,-2,-1,2,0
19.975405,5,6,6,6,4,1,2,-14,0
19.995148,-5,-1,0,-2,-2,-2,-2,4,0
19.995165,-1,0,-4,-1,-2,1,0,-6,0
19.996640,2,-3,-2,-1,-2,0,0,1,0
19.996654,-1,-9,-8,-7,-3,-4,-1,9,0
20.009484,-6,0,-2,-3,0,-3,-3,-3,0
20.009490,-10,2,3,2,-1,-1,-1,-12,0
20.019405,5,2,3,3,-1,-1,-1,0,0
20.019410,-3,0,1,-3,-1,0,-1,1,0
20.032473,9,-1,-1,-1,0,-1,-1,4,0
20.032495,-12,-10,-7,-7,-2,-1,-1,-1,0
22.042830,-16,-7,-5,-5,0,9,8,10,2
22.043170,13,2,0,3,1,-8,0,44,2
22.044827,0,9,10,8,3,10,10,24,2
22.044870,-15,-11,-9,-7,-3,-13,-4,-50,2
22.058543,1,-2,2,3,3,3,-2,-23,2
22.058563,17,5,4,0,-1,-1,0,16,2
22.060088,-9,-3,-3,-3,0,-9,4,-29,2
22.060096,-42,-13,-5,-3,-1,4,-19,-71,2
22.080267,48,6,-5,-4,-5,-2,-2,11,2
22.080272,-43,-20,-11,-4,-1,-5,-7,2,2
22.080274,-11,8,10,3,2,7,8,-12,2
22.080276,47,11,9,3,0,14,20,90,2
22.102661,-64,-8,-6,-3,-2,1,-7,-79,2
22.102681,43,8,3,3,0,-13,-6,-3,2
22.104532,2,-9,-11,-10,-3,8,-1,11,2
22.104536,-12,-5,-6,-5,-2,-8,-7,-83,2
22.117407,-11,5,8,6,6,-2,4,34,2
22.117513,18,-3,2,0,1,2,1,-6,2
22.119088,-16,1,3,2,-3,-2,-4,-5,2
22.119092,30,1,-2,-1,-2,-5,-3,-31,2
22.140125,10,-1,-6,-5,-2,1,3,-23,2
22.140150,-46,-13,-9,-3,-3,-6,-8,-34,2
22.142380,40,8,2,0,1,3,8,-38,2
22.142387,5,3,3,0,-3,-4,-18,-7,2
22.162630,-22,-14,-6,-4,-3,-5,-8,-27,2
22.162646,35,9,3,2,-1,1,3,13,2
22.163346,-5,3,4,3,0,12,11,55,2
22.163360,-9,6,-2,-2,-1,-9,9,17,2
22.177056,8,-8,-5,-6,-3,0,-4,-10,2
22.177072,16,4,1,1,0,-2,-3,11,2
22.177841,-55,-11,-6,-1,-3,2,-4,-4,2
22.177884,2,0,-3,-2,-1,-3,1,-5,2
22.199411,88,20,9,4,1,9,6,45,2
22.199434,-115,-18,-4,-1,0,0,-5,-66,2
22.201686,62,1,-3,-2,-1,-7,-8,9,2
22.201690,-2,5,3,2,1,1,6,32,2
22.230164,5,-7,-7,-5,-2,-14,1,-7,2
22.230186,-7,4,-1,-4,0,7,0,23,2
22.232621,-38,-7,-1,-2,-1,1,-1,7,2
22.232627,15,-4,-3,-1,-1,0,2,7,2
22.237248,-7,0,-2,-2,-2,3,-4,-40,2
22.237270,-1,3,4,2,1,-1,8,45,2
22.238841,17,4,1,2,1,-4,-3,27,2
22.238846,21,-7,0,-1,-1,4,-3,-8,2
22.259466,4,-1,-4,0,-4,-3,5,18,2
22.259483,25,15,9,5,0,0,2,26,2
22.260441,-1,-12,-7,-7,-6,-5,-4,7,2
22.260457,-9,-1,2,-1,-1,1,0,25,2
22.283460,-16,-3,1,-1,-1,2,-1,31,2
22.283512,1,-14,-6,-4,-4,-6,-5,-22,2
22.285091,31,13,2,1,0,2,1,2,2
22.285096,-27,-2,-1,1,1,2,2,16,2
22.297619,-6,-7,0,-2,-1,-3,-4,13,2
22.297654,32,10,1,2,-1,4,0,-14,2
22.300528,-42,-4,0,-3,0,-7,-5,-29,2
22.300534,14,4,3,0,0,0,9,11,2
22.319392,-24,-8,-7,-5,-1,-2,-2,-18,2
22.319405,45,6,1,0,0,-2,-1,14,2
22.320117,-79,-13,-4,-4,-3,-4,-6,-25,2
22.320130,-1,-13,-2,-3,-2,-2,-1,-11,2
22.342853,8,11,6,3,1,1,2,54,2
22.342876,11,-4,-5,-4,-4,-4,-2,-43,2
22.344846,3,1,0,0,-1,0,3,16,2
22.344852,3,7,7,7,2,3,4,94,2
22.357192,-26,-5,-6,-2,-2,0,-7,-49,2
22.357211,-19,-5,-4,-6,-2,-3,-3,-11,2
22.358942,19,3,0,2,-1,-5,-7,-12,2
22.358948,-11,2,3,4,3,1,3,-29,2
22.379808,16,11,8,3,2,1,0,11,2
22.379814,-20,-9,-8,-6,-1,-2,-2,4,2
22.380032,20,2,0,0,0,0,0,6,2
22.380038,7,-2,-4,-3,-1,-3,-6,-32,2
22.403061,-21,-11,-7,-4,-3,-1,0,30,2
22.403094,0,1,-1,-1,-2,-1,-4,-47,2
22.404916,24,1,2,0,0,6,5,28,2
22.404921,-35,0,-1,-1,-1,-2,1,-3,2
22.417408,62,0,1,3,1,1,-2,-19,2
22.417430,-25,-1,-1,0,-3,-2,3,39,2
22.419039,19,3,2,2,3,-1,-1,43,2
22.419045,25,6,0,-2,0,0,-1,-23,2
22.448053,-110,-25,-10,-7,-4,-5,-8,-15,2
22.448073,42,1,0,-3,-2,0,0,16,2
22.450642,16,5,2,2,1,-2,7,4,2
22.450647,-17,-4,-2,-3,-1,0,-5,5,2
22.463070,26,9,4,1,-3,-2,3,18,2
22.463105,-12,-10,-5,-1,0,-2,-3,-42,2
22.464742,-27,0,2,-1,0,-2,-2,-30,2
22.464748,17,-2,-6,-3,-4,-3,-1,11,2
22.477266,-10,3,-2,1,1,3,3,-9,2
22.477296,-4,0,1,-1,-2,-1,-2,-21,2
22.478088,-49,0,-2,-4,-2,1,-6,19,2
22.479658,51,5,3,3,1,-6,2,-32,2
22.499676,22,7,6,5,2,1,3,17,2
22.499708,-18,-2,-3,-4,0,-1,-2,6,2
22.507346,8,-5,-3,-3,-3,-6,-2,19,2
22.507462,-5,-2,-1,-2,-3,0,2,-5,2
22.523408,-57,-17,-10,-8,-2,-5,-9,-66,2
22.523432,81,5,-1,-3,-4,-6,0,49,2
22.523436,-28,0,4,2,1,5,3,-10,2
22.523439,1,-5,0,-1,-2,-2,-3,12,2
22.537569,34,12,3,1,0,2,3,3,2
22.537588,-14,-7,-1,1,1,3,-2,10,2
22.538144,-8,-12,-9,-6,-7,-7,-7,-31,2
22.538248,-13,6,1,2,1,1,1,9,2
22.559532,-30,-3,1,1,1,-3,-3,37,2
22.559554,11,4,0,-2,-1,0,2,32,2
22.561245,19,-1,-3,-3,2,-2,9,-12,2
22.561249,-16,3,3,1,1,-2,-10,-14,2
22.582613,23,-3,-1,0,-2,-1,-3,5,2
22.582627,-44,-7,-7,-2,-2,-3,-3,-10,2
22.583586,13,4,2,1,-3,-1,0,-6,2
22.583598,-6,5,4,5,2,5,3,-25,2
22.597051,20,3,-1,-4,-3,8,6,4,2
22.597082,-60,-12,-4,1,0,-22,-6,-18,2
22.597583,-2,1,3,2,2,0,-5,3,2
22.597596,6,-3,-10,-9,-5,-2,1,2,2
22.619432,12,0,0,-4,-2,-4,-4,-10,2
22.619455,1,0,1,2,2,7,1,-12,2
22.620942,20,2,3,1,1,-3,-5,14,2
22.620954,-61,-6,-3,-3,-3,-1,-2,23,2
22.643668,-22,-2,0,-3,-1,-2,0,-24,2
22.643673,1,3,2,3,1,6,-1,-21,2
22.643675,-2,-4,-2,-1,-2,-3,-1,-12,2
22.643678,28,-1,-2,0,-1,1,0,20,2
22.656617,3,4,-6,-2,-3,-5,0,16,2
22.658550,-12,-10,-10,-4,-5,-1,-8,-42,2
22.665070,7,5,6,3,3,0,0,0,2
22.666441,3,2,2,-1,-1,-1,0,-4,2
22.679719,10,-3,-4,0,-1,-3,0,8,2
22.679737,5,6,3,-2,-3,0,1,12,2
22.680764,1,-4,-4,-2,-3,-2,1,5,2
22.680781,42,2,-2,-1,-2,0,5,21,2
22.703671,41,-3,1,-2,-4,-4,-7,2,2
22.703700,-51,-4,1,-1,0,0,-8,-15,2
22.706241,6,0,-4,-3,-1,-1,-1,-4,2
22.706250,9,0,3,2,1,-1,1,18,2
22.725443,2,2,-3,-1,0,1,1,-5,2
22.725461,29,7,4,1,-1,3,4,25,2
22.726092,-64,-14,-9,-5,-2,-1,-7,-31,2
22.726130,4,-1,-3,0,-2,7,-1,24,2
22.740133,-22,-6,-2,-3,-4,-15,2,1,2
22.740147,-5,2,0,-2,-1,0,0,26,2
22.755315,12,5,0,0,0,-4,6,-29,2
22.755320,-2,2,2,3,1,5,4,26,2
22.762654,-45,-10,-2,-1,-1,2,-8,-24,2
22.762672,20,2,-1,-1,1,-2,1,8,2
22.764142,20,0,-2,-1,-4,1,2,35,2
22.764151,3,0,-2,-2,-2,-7,-3,-35,2
22.787176,10,1,2,1,0,-1,-3,-4,2
22.787180,4,0,-2,0,0,2,4,-9,2
22.787182,9,3,0,-1,-3,0,-2,9,2
22.787184,-5,-8,-5,-5,-3,-5,-4,-20,2
22.802627,0,4,1,1,0,2,-1,-21,2
22.802634,7,3,5,2,2,2,1,14,2
22.802636,11,2,0,1,-2,0,0,-3,2
22.802638,13,-6,-6,-3,-2,-3,-4,-3,2
22.822368,3,2,2,1,0,1,3,12,2
22.822392,5,1,3,-1,2,-2,-6,15,2
22.824812,26,1,-3,0,2,2,3,10,2
22.824818,-88,-18,-10,-8,-5,-5,-6,-35,2
22.837126,21,-5,-8,-3,0,1,1,0,2
22.837147,3,5,6,7,1,0,1,4,2
22.845096,-31,3,9,4,2,0,-3,-19,2
22.845117,5,-3,-2,-2,-2,-2,-2,-39,2
22.859489,-6,-3,-3,-1,0,2,4,36,2
22.859511,3,-5,-6,-6,-3,-2,-4,-24,2
22.860590,-4,-1,-2,1,0,-1,0,-10,2
22.860594,-8,5,9,5,1,-1,5,23,2
22.883196,24,3,3,0,-2,0,-4,-31,2
22.883223,-11,-5,-4,-3,-1,-1,3,18,2
22.885235,8,-2,-2,-3,-4,-1,-1,19,2
22.885239,8,2,2,1,1,-2,-3,20,2
22.896374,14,0,0,1,-2,8,2,17,2
22.896391,-34,-2,-2,-1,-3,-14,-2,-6,2
22.904913,11,0,-6,-4,-1,0,-2,14,2
22.904943,-13,-8,-5,-3,-3,-2,-6,-19,2
22.920112,-16,3,2,2,2,4,-1,-10,2
22.920134,59,0,-3,-3,-3,0,-4,36,2
22.921624,-5,-7,1,-3,-1,-4,-3,-4,2
22.921628,25,4,0,1,1,0,4,-11,2
22.950246,-29,1,-2,-3,0,-4,-3,11,2
22.950270,0,0,0,-2,-4,1,-1,-38,2
22.952432,-17,-3,-3,-1,1,-4,-6,-45,2
22.952437,2,0,2,-2,-3,1,-3,5,2
22.956435,27,4,3,3,1,-1,1,-28,2
22.956461,-69,-11,-5,-2,-2,2,-1,-4,2
22.964849,15,-4,0,-2,-3,1,-2,-19,2
22.964871,-7,3,-2,-1,1,0,4,-11,2
22.980439,31,4,-1,-3,0,-4,6,24,2
22.980461,-15,-9,-1,2,-1,-1,-3,11,2
22.989291,-2,2,-1,-2,-3,-2,2,14,2
22.989296,1,4,2,-2,-1,1,0,-9,2
23.005421,-11,-7,-3,-4,-1,-2,0,2,2
23.005426,-16,6,0,-2,2,3,2,7,2
23.005428,15,-1,0,0,1,1,-5,-57,2
23.005430,-14,-9,-7,-5,-2,-6,-4,2,2
23.025267,1,4,0,-1,-4,-2,-1,26,2
23.025285,-5,-3,-1,0,2,1,2,5,2
23.027835,-17,2,2,1,-1,-2,-2,15,2
23.027844,-5,-4,-3,-4,-1,0,-5,-17,2
23.039478,22,3,1,0,-1,0,0,-7,2
23.039500,-13,-6,-5,-2,1,0,0,-12,2
23.040440,2,-2,-4,-4,-4,-2,1,21,2
23.040773,16,0,-3,-1,-4,-2,1,15,2
23.063651,-36,-5,2,3,2,1,-3,5,2
23.063672,24,6,2,-1,0,-1,-4,-61,2
23.065364,-3,-6,-4,-4,-1,-2,0,-12,2
23.065368,-31,-6,-4,-4,-3,1,-2,-18,2
23.085428,-10,-2,-3,-3,-3,-5,-5,-11,2
23.085693,22,4,1,5,-1,0,3,9,2
23.085981,-30,-1,2,0,0,-2,-1,17,2
23.086100,30,5,3,0,0,-2,-3,7,2
23.100118,54,6,1,-1,-1,-1,2,13,2
23.100126,-55,-16,-7,-8,-3,-3,-5,-22,2
23.100128,43,7,-2,-1,0,1,-2,-1,2
23.100129,2,9,9,7,2,2,9,39,2
23.122691,-45,-10,-4,-3,-2,-6,-10,-45,2
23.122709,37,8,0,-1,-1,3,3,28,2
23.124783,-3,-1,-4,-4,-2,-2,0,-12,2
23.124794,-9,-7,-10,-5,-2,-2,-6,-29,2
23.145969,7,5,7,5,0,1,-1,15,2
23.145975,12,2,3,5,0,1,-1,2,2
23.145978,-8,-1,0,0,-1,-1,0,-19,2
23.146037,18,1,-2,1,-3,-3,-3,26,2
23.159729,-14,-5,-7,-4,1,0,1,-19,2
23.159752,7,2,2,1,-1,1,0,6,2
23.160970,-2,-8,-2,1,-1,-1,1,40,2
23.160974,7,-4,-3,-2,-2,-2,-2,27,2
23.182579,-33,0,1,-1,0,-2,1,0,2
23.182602,32,4,2,0,-2,-2,3,13,2
23.184227,-78,-4,-3,0,0,1,-1,-17,2
23.184238,1,-12,-4,-5,0,-2,-5,8,2
23.205845,-6,-2,-2,-2,-2,-2,-2,-20,2
23.205875,0,-5,-3,-1,0,-2,-2,-11,2
23.208074,7,11,9,8,4,3,4,13,2
23.208078,6,-3,-3,-3,-2,-2,-7,-4,2
23.220066,-2,-3,-1,-1,-1,-3,-1,26,2
23.220095,-1,3,0,0,-2,0,-2,-5,2
23.221469,-16,-7,0,3,0,-1,3,18,2
23.221473,16,1,3,1,0,-1,-1,4,2
23.250568,-1,-5,-8,-3,-3,-2,0,-1,2
23.250597,-4,4,1,0,1,0,1,22,2
23.252412,39,11,7,4,3,2,5,20,2
23.252419,-22,-7,0,0,-2,-1,-3,-1,2
23.265428,2,-8,-8,-5,-3,-3,-4,-25,2
23.265458,7,-2,-6,-6,-4,-1,-1,1,2
23.267343,23,-2,0,-4,-3,-4,-4,13,2
23.267352,15,17,12,10,7,3,7,-4,2
23.279725,-7,-8,-4,-4,-4,-3,-5,-4,2
23.279747,-1,4,3,0,0,-1,1,8,2
23.281855,50,-9,-6,-4,0,-2,-8,-24,2
23.281860,-3,4,0,-1,-2,-1,3,-8,2
23.304616,-27,0,1,-1,1,1,0,6,2
23.304620,-13,-4,-9,-4,-3,-3,-5,4,2
23.304622,-19,-2,-3,-4,-4,-2,-3,-2,2
23.304624,-17,4,6,5,1,0,-3,-63,2
23.325351,23,0,2,3,-1,-2,-1,10,2
23.325368,7,-5,-3,-3,0,1,-3,-2,2
23.325889,-12,-4,-6,-3,-4,-2,-2,-16,2
23.325917,-7,-5,-10,-6,-3,1,0,-30,2
23.340284,16,11,11,5,2,2,3,11,2
23.340308,-5,4,5,5,0,-1,0,-12,2
23.340913,4,-7,-7,-4,-2,0,-4,-20,2
23.340933,18,-1,-6,-5,-2,-2,-3,9,2
23.363385,27,4,1,-2,-2,-1,3,49,2
23.363429,-63,-13,-6,-4,-2,-2,-5,-10,2
23.365461,6,2,2,4,3,0,1,-11,2
23.365466,-5,1,2,2,0,2,2,6,2
23.385071,-22,-5,0,-1,-2,0,-1,-41,2
23.385089,6,-3,-2,0,-1,-2,1,10,2
23.385775,-22,3,1,-1,-1,-2,0,31,2
23.385788,-4,2,3,4,2,1,-3,2,2
23.399743,10,1,-1,0,-3,0,-4,-6,2
23.399759,26,-6,-4,-4,-3,-1,2,21,2
23.400138,-13,-1,-2,-2,-4,-3,-4,0,2
23.400153,16,3,1,0,1,-1,3,17,2
23.422751,-23,-1,-1,-1,0,-1,-2,1,2
23.425450,6,3,2,1,-1,-2,0,-7,2
23.425459,17,2,-1,0,0,-3,-3,-2,2
23.425461,-13,-2,-5,-5,-3,-3,-1,-2,2
23.445106,-3,-6,-4,-1,-2,0,-1,-16,2
23.445121,-5,2,5,5,3,2,-1,-41,2
23.445762,7,4,4,0,-1,0,2,10,2
23.445777,11,0,-2,-3,-3,-2,-2,3,2
23.459683,-9,-3,-6,-5,-1,-1,0,-12,2
23.459689,-13,-1,-1,0,-2,0,0,8,2
23.460127,37,2,-4,-4,-3,-4,1,23,2
23.460140,-86,-27,-14,-8,-6,-6,-8,-25,2
23.481930,39,3,3,1,1,-3,-4,-28,2
23.481951,8,6,2,2,2,0,1,24,2
23.483339,5,3,4,1,1,0,1,-13,2
23.483351,-2,-1,-4,-2,-1,-1,2,14,2
23.507092,-1,-1,-7,-4,-2,-3,-1,24,2
23.507099,6,4,5,3,0,1,1,-7,2
23.507101,-33,-13,-9,-5,-4,-4,-8,-20,2
23.507102,21,6,8,4,2,0,0,-2,2
23.519390,-9,-1,0,0,2,1,0,0,2
23.519430,24,-2,-3,-3,-1,-4,-1,6,2
23.527038,-20,-5,-4,-5,-3,-1,-1,-5,2
23.527133,0,-1,0,-2,0,1,1,5,2
23.542360,24,2,2,0,0,0,0,4,2
23.542377,-12,0,1,-3,-1,-1,-1,10,2
23.542895,-30,-13,-4,-4,0,-1,-3,-2,2
23.542960,36,11,7,6,0,0,4,15,2
23.565361,-18,-14,-7,-4,-2,-1,-5,-20,2
23.565390,-31,-12,-12,-8,-5,-3,-7,-35,2
23.568056,1,6,1,1,-1,-1,1,4,2
23.568062,22,14,7,2,2,2,5,21,2
23.578953,-12,-4,1,0,-1,-3,-3,-7,2
23.578975,-17,-8,-6,-4,-2,-3,-5,-18,2
23.587567,4,1,3,2,1,2,3,11,2
23.587596,-6,-5,-5,-3,-3,-2,-6,-25,2
23.601937,18,6,3,2,-1,-1,-1,-13,2
23.601951,7,1,-1,-1,1,0,-2,-8,2
23.602606,-2,-2,-4,-3,-3,1,2,8,2
23.602619,8,-7,-4,-1,0,-1,-5,-27,2
23.625264,-26,0,0,0,2,0,2,-3,2
23.625281,24,1,2,-1,0,-1,1,22,2
23.626397,3,5,4,3,1,0,1,-9,2
23.626402,-6,1,1,0,-2,-3,1,31,2
23.639558,1,-11,-7,-5,-4,-2,-3,6,2
23.639598,-9,-5,-6,-6,-3,-3,-4,-29,2
23.647084,0,1,1,1,0,-1,-2,-3,2
23.647108,10,5,4,3,-1,1,1,27,2
23.664240,11,-2,-5,-3,-3,1,0,19,2
23.664246,17,7,7,5,-1,0,0,-5,2
23.664248,-3,3,0,0,-2,0,-2,-6,2
23.664250,-17,-5,-4,-4,-1,-1,0,-8,2
23.685106,45,-2,-10,-6,-4,-5,-4,9,2
23.685126,10,0,2,1,3,4,0,-19,2
23.686324,-8,2,2,2,2,-1,-4,-52,2
23.686328,-1,5,6,1,2,2,4,20,2
23.699095,-15,-1,-4,0,-2,2,2,-6,2
23.699114,-23,-10,-11,-7,-4,-3,-5,3,2
23.707373,25,6,5,2,0,1,3,73,2
23.707398,-20,-5,-4,-3,-1,0,-3,-15,2
23.722430,-9,3,3,1,0,0,1,-14,2
23.722461,19,4,-1,-1,-2,-4,1,19,2
23.724402,-14,-7,-5,0,0,-2,-2,7,2
23.724410,4,4,4,3,-1,-2,1,3,2
23.745061,-21,3,1,0,-1,1,-3,-10,2
23.745078,-26,-5,-3,-3,-2,0,0,11,2
23.746190,0,-3,-6,-3,-2,0,4,13,2
23.746198,5,-3,-1,-1,-3,-1,-2,7,2
23.758976,-24,-4,-2,-1,2,-3,-5,-27,2
23.758993,6,10,6,1,1,-1,-2,-7,2
23.767351,13,0,1,1,-2,-1,-1,-5,2
23.767381,-17,-11,-9,-7,-3,-4,-3,-20,2
23.782175,-3,9,3,4,0,0,4,23,2
23.782197,41,1,1,0,1,1,1,14,2
23.783759,4,-3,-4,-4,-2,-3,-4,-17,2
23.783763,-20,-11,-9,-4,-1,-1,-3,1,2
23.805307,18,1,0,-1,0,-1,-1,15,2
23.805312,41,11,6,5,1,2,6,17,2
23.805986,12,-2,0,0,0,-1,-7,-50,2
23.806002,-39,-20,-8,-5,-4,-2,-4,5,2
23.820786,4,3,1,-4,-3,-1,-3,-29,2
23.820792,10,-3,-6,-5,-2,-1,0,40,2
23.827123,-56,-3,-2,-2,-1,-1,-3,-29,2
23.827144,14,4,2,3,0,-2,-3,18,2
23.842280,-5,-5,0,-4,1,1,-2,-4,2
23.842300,-35,-2,-3,0,-1,-3,-2,-4,2
23.843749,6,3,1,0,-1,0,2,17,2
23.843754,7,2,2,3,1,0,-1,-7,2
23.867082,-7,-4,0,0,1,-2,2,22,2
23.867103,28,-1,-2,-4,-1,-2,-2,-24,2
23.867929,-19,-6,-6,-5,-3,-4,-2,15,2
23.867952,12,3,-1,-6,-3,-1,-3,-37,2
23.878936,8,4,2,1,-3,0,3,12,2
23.878958,-61,-8,0,1,-1,-1,-3,-5,2
23.896110,75,8,3,2,1,2,1,-7,2
23.896115,-58,-11,-6,-4,-1,0,-1,-18,2
23.901970,-3,1,1,-1,-1,-2,-1,8,2
23.901987,-1,-2,-3,-2,-1,-2,-1,2,2
23.903477,16,5,2,2,3,0,1,-16,2
23.903488,-18,-3,1,1,-1,-2,-4,-18,2
23.927573,12,4,-2,0,-1,-2,4,12,2
23.927583,11,-2,-2,-1,-3,-3,-2,4,2
23.927584,-32,0,1,-1,0,1,4,39,2
23.927586,30,0,-2,-1,0,1,-3,-17,2
23.947586,-71,-4,-3,3,0,0,-2,1,2
23.947608,10,1,0,-1,-1,-1,-2,-5,2
23.948267,-4,-3,-2,-1,-1,-2,-1,0,2
23.948279,19,4,-2,-3,0,-3,-2,3,2
23.970965,8,2,2,0,-2,0,1,9,2
23.970995,2,-1,1,0,-2,0,-1,-1,2
23.971001,-11,-4,-2,-1,-4,-2,-5,-41,2
23.972940,-7,-1,-5,-5,-1,-4,-1,41,2
23.985599,7,-8,-6,-5,0,-4,-3,-43,2
23.985628,-9,-1,3,3,1,2,1,-11,2
23.986993,30,3,2,-2,-3,-2,0,16,2
23.986997,9,3,3,-1,0,-3,1,5,2
24.007674,10,-4,-6,-3,-1,-1,-3,-4,2
24.007692,-43,-5,-1,2,-2,-1,-1,2,2
24.008323,18,1,-2,1,1,2,-2,1,2
24.008331,58,9,6,4,0,2,3,10,2
24.021896,-64,-12,-5,-1,-3,-4,-7,19,2
24.021911,2,5,1,1,-1,0,1,-30,2
24.022925,2,1,3,-1,0,1,3,15,2
24.022947,1,2,1,-1,0,2,0,5,2
24.045247,19,-3,-4,-4,-2,1,0,9,2
24.045263,2,-5,-5,-5,-1,-1,-5,-18,2
24.046426,-13,-8,-4,-3,-2,-2,-2,-4,2
24.046476,-34,1,-2,2,-1,0,2,-9,2
24.068561,22,8,8,4,-1,1,1,16,2
24.068566,-9,-4,-2,1,1,-2,-1,-27,2
24.068568,6,-1,-4,-4,-3,-3,-3,1,2
24.068570,5,-5,-5,-6,-3,-3,-2,-35,2
24.084274,2,-1,-1,-2,-1,-1,1,33,2
24.084279,8,5,8,7,5,2,3,10,2
24.084281,-16,-1,-1,-2,0,-2,0,3,2
24.084283,3,-3,-2,-1,-2,0,-1,15,2
24.105148,40,2,-1,-1,-1,-3,-1,-16,2
24.105169,-33,4,1,-1,-2,0,1,-6,2
24.108139,17,-10,-3,0,2,0,-3,-10,2
24.108146,32,-3,-4,-3,-1,-5,-5,17,2
24.128232,-6,-4,-9,-7,-3,-1,-5,-20,2
24.130625,-13,-6,-5,-3,-3,-2,-3,9,2
24.130631,-23,16,13,6,2,1,3,11,2
24.130633,-6,-2,0,1,-1,-2,-3,-26,2
24.141410,-2,2,0,0,-1,-1,0,3,2
24.141457,22,-10,-9,-6,-3,-3,-1,6,2
24.151702,-5,-10,-7,-6,-2,-4,-1,18,2
24.151708,-25,1,1,-1,0,-1,-3,-24,2
24.173599,21,7,10,4,0,-1,0,8,2
24.173631,-9,-1,-1,-2,-1,0,-2,-9,2
24.175821,19,-4,-5,-6,-2,-1,0,25,2
24.175830,-17,0,-2,0,1,1,-5,-33,2
24.188544,3,-1,1,1,0,1,0,-16,2
24.188573,11,3,3,2,2,-1,-4,-21,2
24.191215,3,-4,-3,2,-1,-1,0,17,2
24.191223,-30,1,-6,-2,-3,-1,2,7,2
24.201747,20,-5,-5,-1,0,-1,0,-1,2
24.201780,19,6,5,1,3,1,0,-8,2
24.210161,3,-1,0,2,-1,-2,-6,-39,2
24.210179,3,-4,-3,-2,-2,-1,4,47,2
24.225517,4,-2,-2,-3,-2,-2,2,-18,2
24.225543,-6,-3,-8,-4,-3,-2,0,21,2
24.226743,-21,-1,4,3,0,1,2,14,2
24.226760,-6,-5,0,0,-2,-2,-5,-29,2
24.247620,-6,1,2,0,3,1,0,30,2
24.247642,3,-4,-5,-5,-4,-1,-2,-7,2
24.249271,-3,-6,-7,-6,-4,-3,-4,-10,2
24.249343,6,2,3,3,2,-1,2,3,2
24.261492,-7,8,5,1,2,-2,-1,-15,2
24.261514,-5,0,0,1,-1,-1,-3,-2,2
24.271491,38,10,3,2,0,1,7,10,2
24.271496,-56,-26,-16,-11,-3,-5,-10,-5,2
24.287485,8,2,0,2,-2,2,0,-14,2
24.287491,-5,2,5,0,0,-1,3,19,2
24.287493,32,-1,-3,-3,-3,-2,-2,-23,2
24.287495,-8,0,2,0,-2,2,0,-6,2
24.307776,-29,-4,-4,-4,-5,-2,0,11,2
24.307799,3,-3,-1,0,0,-3,-2,15,2
24.310101,-30,3,0,2,1,-1,-2,5,2
24.310105,23,6,2,1,-1,0,2,20,2
24.321229,-67,-10,-6,-6,-2,-3,-3,-7,2
24.321242,12,-5,-6,-6,-4,-2,-4,-13,2
24.332521,-24,-5,0,3,1,-1,0,1,2
24.332527,38,10,9,5,3,2,2,26,2
24.345328,-2,1,0,1,-4,1,-1,-14,2
24.345358,-7,-8,-10,-7,-4,-4,-1,1,2
24.347202,-12,-6,-6,-2,0,-1,-1,-1,2
24.347213,-22,16,12,7,5,4,6,0,2
24.368231,35,-2,1,0,2,0,-4,-3,2
24.368253,7,5,1,3,-1,2,3,6,2
24.369134,-14,-16,-12,-10,-7,-8,-14,-26,2
24.369150,18,5,1,-2,-1,0,5,2,2
24.390550,16,7,4,2,1,0,2,20,2
24.390585,-33,-9,0,1,0,-1,-2,18,2
24.392861,13,4,0,2,-1,2,-1,-18,2
24.392871,10,-10,-7,-5,-2,-1,-4,-1,2
24.405498,1,-3,-7,-7,-4,-6,-7,26,2
24.405534,22,8,7,4,1,2,1,15,2
24.407842,-47,4,8,6,2,2,-1,-13,2
24.407849,14,-4,-3,-2,0,-2,-2,-27,2
24.428087,14,-6,-6,-3,-4,0,2,-2,2
24.428093,-27,-5,-6,0,-1,-1,0,20,2
24.429116,8,13,9,2,3,1,4,18,2
24.429126,-3,-6,-3,0,-3,0,-1,2,2
24.450125,-6,-2,2,1,0,-2,3,18,2
24.450147,35,6,-1,-1,-1,-1,2,-7,2
24.452469,-7,-6,-4,-4,-1,-1,-2,2,2
24.452474,14,6,6,5,1,1,1,-31,2
24.465445,-15,-7,-5,-4,0,0,-5,2,2
24.465467,-5,-5,-1,-1,-2,-2,-4,-28,2
24.467677,0,0,0,-1,-3,0,3,36,2
24.467685,28,5,-1,-1,-2,-1,2,1,2
24.488161,-54,-7,3,3,1,-1,-3,5,2
24.488189,29,1,-5,-4,-1,2,-1,-10,2
24.490756,-22,-8,-3,-5,-3,-3,-7,-18,2
24.490766,10,-2,-2,-2,-4,-3,-2,-4,2
24.501743,19,8,3,2,1,0,1,-39,2
24.501774,-2,-1,5,2,1,0,0,23,2
24.510301,-13,-9,-10,-5,-3,-2,-2,-6,2
24.510320,-3,-13,-6,-4,-2,-1,-5,10,2
24.525447,12,11,4,2,-3,-1,1,15,2
24.525465,-14,-7,-4,-1,-1,0,-2,-35,2
24.527769,13,7,2,-1,0,0,-1,-66,2
24.527775,-62,-2,-1,1,0,-3,-5,11,2
24.547319,19,-5,-8,-5,-2,1,0,-3,2
24.547335,-16,5,5,5,1,1,1,-7,2
24.553676,20,4,6,1,-1,-1,-2,23,2
24.553736,-9,0,-3,-3,0,-2,2,17,2
24.561829,-59,-10,-4,-2,-3,-1,-4,-33,2
24.561857,29,0,-8,-5,-3,-4,-2,10,2
24.571591,-43,-8,-3,-2,1,2,-3,-44,2
24.571603,10,5,1,-1,-2,-1,0,-2,2
24.585060,1,1,3,4,1,-2,1,26,2
24.585068,-3,-1,1,0,0,3,1,-4,2
24.586608,-4,-5,-5,-4,-3,-5,-1,6,2
24.586621,12,-2,-3,-1,-2,0,1,33,2
24.607877,6,-8,-7,-1,-4,-2,-4,-63,2
24.607896,-6,5,4,2,1,0,2,12,2
24.609476,34,7,4,3,-2,0,4,28,2
24.609484,-37,-6,-3,-3,0,0,-4,-16,2
24.621487,16,0,-4,-3,1,-2,0,13,2
24.621509,-12,-6,-5,-4,-3,-2,-2,-45,2
24.631431,2,0,0,1,-2,0,1,21,2
24.631436,52,7,5,3,0,-1,4,19,2
24.647291,-25,-2,-1,-3,-1,0,-4,-10,2
24.647295,21,-4,-1,-3,0,-1,-2,0,2
24.647298,-3,-8,-9,-5,-3,-1,-4,41,2
24.647300,-1,9,3,0,0,-1,-1,-13,2
24.667564,41,15,9,5,2,2,5,-3,2
24.667586,-31,0,4,1,0,-1,-1,13,2
24.669088,16,-5,-7,-3,-3,-2,-2,-34,2
24.669120,-4,-12,-9,-6,-3,-2,-1,7,2
24.681618,1,2,0,-1,0,-3,0,-8,2
24.684248,4,4,6,3,1,2,2,24,2
24.690281,-4,0,0,2,-1,1,-2,0,2
24.691930,-6,-6,-2,-1,0,0,-2,-12,2
24.707699,15,1,-3,-2,-2,0,3,15,2
24.707707,-14,-4,-4,-6,0,-3,-1,28,2
24.707710,-14,-10,-3,-1,-2,-3,-3,-47,2
24.707711,-12,-4,-6,-3,-2,0,-3,-44,2
24.728457,26,4,6,5,1,0,1,16,2
24.728486,17,4,1,-1,-1,-1,-2,19,2
24.730461,-19,-4,-4,-4,0,-1,-4,-21,2
24.730466,-6,-6,-6,-6,-1,-3,-2,36,2
24.741437,2,-10,-4,-5,-3,-3,-1,6,2
24.741462,-23,1,4,3,0,0,-4,-44,2
24.752019,30,1,-2,-1,1,2,5,21,2
24.752025,-29,-4,3,5,0,-1,-3,-22,2
24.765705,1,7,3,0,0,0,-1,14,2
24.765726,-9,-5,-3,-2,-4,-5,-3,0,2
24.767222,3,2,1,0,2,-1,2,-14,2
24.767226,2,-9,-11,-10,-4,-2,-2,-7,2
24.787703,-20,-3,0,1,-1,1,1,7,2
24.787716,32,8,1,-2,-2,-2,0,2,2
24.789433,7,5,6,5,1,1,3,29,2
24.789471,-1,3,5,3,-1,1,-1,26,2
24.803271,6,-13,-9,-8,-5,-4,-8,-8,2
24.803283,-19,-12,-9,-6,-4,-2,-3,-11,2
24.811547,3,3,0,-1,-1,0,-1,13,2
24.811554,17,9,4,3,-1,1,2,4,2
24.825366,10,-1,0,1,0,1,0,2,2
24.825388,6,-4,-4,-4,0,-2,-1,12,2
24.827200,-8,0,2,-2,-1,-1,0,18,2
24.827205,25,4,4,1,2,3,2,16,2
24.849337,-1,-7,-3,-1,-2,-4,-7,-5,2
24.849343,-22,-10,-6,-2,-1,-1,-4,-9,2
24.849345,2,6,3,2,0,0,-1,2,2
24.849347,-23,3,0,-1,1,1,0,-12,2
24.870472,14,2,-1,0,0,0,2,35,2
24.872188,-8,-3,-2,-3,-3,-3,-4,1,2
24.872193,4,-4,-2,0,-1,2,0,10,2
24.872195,-25,2,0,-2,-3,-3,-5,-12,2
24.885278,-33,-1,1,0,0,1,1,-14,2
24.885304,10,-1,-2,-2,-1,0,2,0,2
24.891422,-2,1,-2,1,-1,-3,0,-5,2
24.891444,13,-9,-2,-1,0,-3,-4,11,2
24.907815,-4,15,5,2,1,1,3,-15,2
24.907837,-35,-19,-11,-7,-3,-3,-13,-42,2
24.910254,10,1,-1,-2,-2,0,1,12,2
24.910262,-4,-1,0,0,-2,0,1,22,2
24.930546,-9,1,1,-2,0,-2,-1,-13,2
24.930573,15,2,0,1,2,2,2,7,2
24.931575,-9,2,0,-1,0,0,0,12,2
24.931588,8,0,-5,-3,-2,-1,1,-17,2
24.945168,6,-2,-1,-1,-2,-1,0,24,2
24.945186,-7,-2,-1,0,-4,-3,1,22,2
24.946758,6,-9,-5,-2,-1,-2,-6,-40,2
24.946774,10,7,5,2,2,2,1,3,2
24.967989,6,-1,0,-1,-1,-2,-3,-9,2
24.968010,9,9,9,6,2,2,4,3,2
24.969636,12,-3,-4,-3,-2,0,-1,5,2
24.969641,7,-6,-7,-6,-4,-2,-5,-43,2
24.990315,-28,0,2,1,0,2,2,11,2
24.990337,8,-4,-6,-4,-2,-4,-6,-19,2
24.991742,0,0,-1,1,-2,-2,2,19,2
24.991764,-2,-2,-4,-3,-1,-2,-2,-11,2
25.004880,-8,-10,-7,-4,-2,-1,-4,-12,2
25.004896,13,9,4,3,2,0,1,-16,2
25.011371,-55,-4,-2,-6,-4,-2,0,12,2
25.011388,8,-8,-5,-2,0,-3,-5,-18,2
25.027647,-10,3,3,2,1,0,0,6,2
25.027666,25,4,4,2,-2,1,1,10,2
25.029344,-31,-7,-4,-4,-1,-1,0,-13,2
25.029354,13,-3,-4,-2,-3,-1,0,7,2
27.053205,-1,-5,-3,0,-3,-2,-1,1,0
27.053871,-3,0,2,0,1,1,0,8,0
27.055537,1,5,4,1,1,-2,-2,-3,0
27.055585,0,-1,2,0,-1,0,1,-2,0
27.075295,-2,-5,-7,-5,-4,-2,-1,-4,0
27.075329,1,-1,-5,-2,-2,-3,0,-3,0
27.076945,-4,-5,-6,-4,-1,-3,-1,2,0
27.076954,-2,-5,-5,-2,-1,-1,-1,-1,0
27.089548,6,14,10,8,4,4,4,-4,0
27.089571,-3,-5,2,1,-1,-2,-2,25,0
27.096399,-3,-1,2,1,1,1,2,-8,0
27.096433,0,-3,-7,-6,-4,-3,-6,0,0
27.112939,-4,-8,-3,-4,-2,-2,0,-1,0
27.112968,6,9,1,1,-1,2,-1,0,0
27.114399,4,0,1,1,-1,-1,-2,5,0
27.114425,-4,-4,-3,-2,-1,-1,0,-12,0
27.135347,-4,-2,-2,-1,0,-1,-2,-5,0
27.135368,-5,-2,1,0,-1,0,-1,-2,0
27.136935,-4,-2,1,0,2,0,-2,-21,0
27.136939,4,2,2,2,0,-1,1,5,0
27.149763,1,-3,-1,-1,-2,-4,-1,3,0
27.149784,-13,-13,-9,-7,-4,-2,-3,-18,0
27.156380,-1,3,-2,-3,-2,-1,-2,11,0
27.156398,1,3,3,1,1,0,-1,-1,0
27.172675,1,2,2,1,0,0,-1,-8,0
27.172680,3,5,4,1,-1,0,1,-2,0
27.174354,1,-5,-2,0,-1,-1,0,3,0
27.174371,-5,-3,-3,-1,-1,0,-2,5,0
27.195281,-9,-6,-9,-6,-3,-3,-3,-3,0
27.195303,3,3,0,-2,0,-1,0,-12,0
27.197187,0,0,1,-2,-2,-1,1,6,0
27.197191,-1,-2,4,2,-1,1,1,1,0
27.209515,0,-2,-3,0,1,-2,0,3,0
27.209531,1,-3,-4,-4,-3,-3,-1,1,0
27.224248,5,0,-11,-5,-2,-3,-1,2,0
27.224266,-8,-5,10,4,0,1,0,-4,0
27.233376,1,3,2,0,-3,0,-1,4,0
27.233415,1,6,-2,-2,0,-1,-1,7,0
27.235913,-1,-1,-2,-2,0,-1,-2,-17,0
27.235918,4,-2,0,-2,-2,-2,-1,0,0
27.255782,-4,-1,1,-2,-1,-1,-2,-15,0
27.255807,3,1,2,1,1,-2,-3,21,0
27.257045,2,2,1,3,-1,0,-1,18,0
27.257067,3,1,-3,-1,0,0,0,10,0
27.268671,-3,0,-4,-2,-1,-3,-2,-17,0
27.268685,-4,-3,-2,0,0,0,0,-5,0
27.279227,1,3,2,-2,0,1,1,4,0
27.279231,-3,-4,-2,-4,-1,-1,-1,10,0
27.292754,-3,-9,-6,-3,-2,0,-1,-12,0
27.292776,1,1,-1,2,0,0,0,10,0
27.294348,-4,-1,0,-2,-2,-1,-2,-3,0
27.294357,-1,1,-4,-2,-4,-2,-2,-7,0
27.315044,5,3,4,2,0,1,3,17,0
27.315057,-5,-3,-2,-2,-1,-1,-2,-9,0
27.316812,-6,-3,1,-2,2,0,0,-7,0
27.316929,-2,-2,-2,-3,-1,-3,-3,-6,0
27.328688,-6,-8,-6,-1,-1,-3,-1,3,0
27.328695,1,0,1,-1,-3,-2,1,-5,0
27.339797,-6,-8,-4,-1,-3,-2,-3,1,0
27.339811,-2,3,-1,4,3,-2,2,-3,0
27.352995,7,5,3,1,-1,0,-2,3,0
27.353016,4,3,-2,-3,-3,-1,0,-9,0
27.355668,-14,-7,-5,-6,-1,-4,-4,-9,0
27.355673,-3,-4,3,1,0,0,-1,4,0
27.376323,0,2,1,0,1,1,1,-3,0
27.376331,1,-4,-5,-5,-2,0,-2,-2,0
27.376621,7,2,-3,0,-2,2,0,8,0
27.376628,0,6,3,3,3,0,0,-9,0
27.389414,-3,3,4,-2,-3,-2,-1,8,0
27.389443,-3,-2,-2,-2,-1,-2,-3,-8,0
27.399959,1,0,2,2,1,-2,2,3,0
27.399964,-2,-1,-1,-3,0,0,-3,-10,0
27.412727,4,0,-2,-2,-2,-2,-2,1,0
27.412746,-2,-1,-2,-2,-1,1,-1,1,0
27.414485,2,-7,-6,-5,-2,-4,-2,-3,0
27.414490,1,2,2,0,1,0,-1,-5,0
27.435315,2,3,2,1,1,0,0,4,0
27.435336,-2,-5,-4,0,-1,-2,0,11,0
27.437893,5,3,-1,-1,-3,0,-1,-15,0
27.437897,-11,-6,-1,-1,-3,-3,-4,3,0
27.449566,-1,-2,-1,-2,0,-1,-1,-7,0
27.449595,-1,3,3,3,1,0,1,-12,0
27.459809,2,1,1,1,-2,0,0,-2,0
27.459816,6,-1,-7,-3,-1,-1,0,-2,0
27.473097,0,-4,-7,-4,-2,-1,-1,-4,0
27.473318,-4,-4,-3,-3,-1,-3,-1,-26,0
27.474336,1,3,5,3,1,-1,1,19,0
27.474361,2,0,1,0,-2,1,0,2,0
27.494248,-3,-2,1,1,2,-2,-2,-17,0
27.494265,-4,-3,-2,-1,0,1,-1,2,0
27.504426,-4,-2,-2,-4,-3,2,-1,-1,0
27.504438,-1,-2,-7,-5,-3,-2,-2,-2,0
27.508779,2,4,-1,0,-1,-1,1,9,0
27.508802,5,-2,4,2,1,1,0,23,0
27.517612,-11,-5,2,2,0,-3,-7,-18,0
27.517626,0,2,-3,-4,1,-1,-1,3,0
27.532594,-2,-9,-7,-2,-2,-2,-1,0,0
27.532610,2,4,1,-1,-2,-3,0,-4,0
27.534623,2,6,3,3,1,1,0,10,0
27.534641,-1,1,-2,-3,0,-1,1,-6,0
27.555376,-16,-16,-7,-4,-2,0,-1,-1,0
27.555400,0,-2,1,-1,-4,0,0,-2,0
27.558324,3,-6,-3,-1,-2,0,2,1,0
27.558387,0,6,1,-2,-2,0,-1,-2,0
27.577859,2,3,1,0,-1,1,-1,3,0
27.577865,-5,-6,-3,-2,-1,-3,-4,-2,0
27.579088,-2,2,-4,-2,-2,-3,1,1,0
27.579103,-3,-4,2,3,-1,-2,1,-3,0
27.594153,-1,3,5,0,2,2,1,1,0
27.594159,0,2,0,-1,-3,-2,-3,14,0
27.594161,1,-1,1,0,-1,0,-1,-16,0
27.594163,4,-1,-3,-1,-2,-1,1,4,0
27.615781,-1,2,-3,-1,-2,-3,-2,4,0
27.615811,-1,0,1,0,2,0,0,0,0
27.618251,2,-1,-1,-1,-1,-1,0,0,0
27.618256,-1,-2,0,-3,-1,0,-3,29,0
27.628753,-2,-3,-3,-3,-2,-2,-2,-23,0
27.628771,2,3,5,3,1,-1,2,6,0
27.639011,-3,0,-4,-4,-1,-3,-3,2,0
27.639017,-1,-4,-2,1,-1,0,-1,-5,0
27.655717,0,2,2,-2,-1,-2,-2,2,0
27.655723,-3,-4,-5,-4,-2,-1,-3,-4,0
27.655726,-1,-5,-3,-3,-3,0,-2,0,0
27.655727,1,-3,-1,1,2,-1,1,-6,0
27.675282,2,2,-1,0,-2,-1,-1,2,0
27.675299,-1,-1,-3,0,-2,-1,-1,-9,0
27.677740,-2,3,2,1,1,-1,1,4,0
27.677746,2,1,-3,-2,-1,-1,-1,-5,0
27.688755,-8,-12,-7,-2,-2,-3,-2,0,0
27.688768,-2,0,-2,-1,0,0,-1,-15,0
27.698032,1,2,0,-1,0,-1,-1,0,0
27.698037,-3,-3,1,1,0,0,0,-6,0
27.720656,4,1,-2,-1,0,-2,0,17,0
27.720675,-1,1,-3,-4,-1,-1,-3,-19,0
27.723199,5,-2,4,1,-1,1,2,1,0
27.723207,-5,2,0,-2,-2,-2,-2,-6,0
27.735040,-1,0,4,2,0,0,-2,-1,0
27.735053,-11,-8,-5,-2,-4,-1,0,11,0
27.736904,-1,-6,-5,-4,-2,-1,-3,-5,0
27.736985,-4,1,-1,-1,-2,-2,-2,7,0
27.758118,1,2,2,2,1,0,1,0,0
27.760136,1,1,1,-1,0,-2,0,1,0
27.760142,-6,6,3,3,1,-1,-2,5,0
27.760145,-2,-10,-3,-4,-1,0,-2,-21,0
27.780072,-4,-5,-9,-5,-4,-2,-1,-6,0
27.780086,2,-1,-2,1,-2,0,-1,-1,0
27.781588,-2,-1,-1,1,-1,0,-1,4,0
27.781603,6,5,0,0,-2,-1,0,0,0
27.795107,1,2,5,2,-1,0,-1,11,0
27.795122,1,2,-2,-1,-1,-1,1,-16,0
27.796622,-5,-7,1,-3,-1,-2,-3,-2,0
27.796637,-9,-4,-3,-3,0,-2,-2,-3,0
27.817581,3,-2,-5,-4,-4,-1,-2,-2,0
27.819008,-3,-2,-2,-1,0,-3,-2,12,0
27.819184,-1,3,-2,-3,-1,-2,-1,-18,0
27.819267,3,0,-4,0,0,0,0,12,0
27.832585,4,4,3,1,0,0,1,-20,0
27.832608,-11,-14,-6,-3,-3,-1,-5,7,0
27.834307,2,0,-5,-4,-2,0,-1,15,0
27.834355,-2,2,6,4,1,2,0,-9,0
27.855831,2,7,0,0,-2,2,1,4,0
27.858819,4,0,-1,-2,-3,0,1,9,0
27.858832,-3,-4,-4,-2,-3,-3,-1,-1,0
27.858836,-2,2,1,1,1,-1,-1,-3,0
27.877677,-3,-5,-1,0,1,-1,-1,6,0
27.877691,-1,4,1,3,0,-1,-1,-5,0
27.879221,0,-4,-4,-4,0,-1,-2,5,0
27.879237,3,-3,-9,-7,-5,-2,-3,-13,0
27.891330,-5,0,5,2,1,-1,0,-10,0
27.891346,2,-2,2,1,2,0,0,8,0
27.902874,2,2,3,2,1,0,-1,-4,0
27.902880,-5,-3,2,-1,-2,-1,-1,-6,0
27.915557,-8,-9,-5,-4,-3,-4,-2,15,0
27.915578,4,4,-1,-1,-1,-1,0,-6,0
27.917663,4,13,-3,0,0,1,0,-4,0
27.917667,-4,-18,1,-2,-2,1,-1,3,0
27.938117,-2,2,-3,-2,-2,0,-5,1,0
27.938121,2,2,2,2,-1,1,-1,-4,0
27.939204,-3,1,1,4,2,-1,0,-3,0
27.939248,6,1,-7,-4,-1,-3,0,5,0
27.953820,-2,-3,-4,-6,-2,-4,0,-6,0
27.953826,-1,3,2,0,-1,-2,-1,0,0
27.958921,-6,-10,0,-1,-1,0,-2,-12,0
27.958938,-1,4,2,0,-1,0,-2,4,0
27.975271,0,-3,-2,-2,1,0,-1,-27,0
27.975293,-3,-1,-9,-8,-4,-4,-1,2,0
27.976908,3,-1,2,-1,0,-1,0,16,0
27.976915,-4,5,7,6,4,1,-1,-8,0
28.000059,-1,-2,-1,-1,-2,0,-2,12,0
28.000065,-1,-3,1,-1,0,0,2,-12,0
28.000067,-1,-2,-4,-5,-3,-3,-1,9,0
28.000069,1,-3,-3,-7,-3,-1,-4,-11,0
28.012557,5,6,5,4,0,0,0,3,0
28.012586,-4,-10,-8,-5,-4,-1,-3,6,0
28.019384,-9,-5,-2,0,-1,0,0,1,0
28.019403,-1,9,4,4,-1,-1,1,8,0
28.035452,0,-1,-3,-2,-2,-1,-2,-15,0
28.035471,0,-1,2,2,1,0,-2,-4,0
28.037956,3,-1,-4,-3,-2,-1,1,-8,0
28.037961,0,-1,-1,1,-3,-2,0,-1,0
28.058550,-1,-3,-5,-4,-2,-3,-2,-4,0
28.060231,0,0,1,1,2,0,-2,-4,0
28.060238,-1,3,3,4,0,-1,-1,5,0
28.060287,-2,3,-2,-2,-4,1,0,1,0
28.072502,-5,-12,-1,-2,-2,-1,-2,10,0
28.072532,-2,2,-2,-4,0,-1,-1,-2,0
28.079245,2,-5,-3,-7,-2,-3,-1,-4,0
28.079266,2,1,-3,1,1,-1,0,0,0
28.095049,3,10,6,4,2,0,0,5,0
28.095067,-10,-8,-1,0,0,-1,-1,5,0
28.096713,-1,0,-1,1,2,1,-2,0,0
28.096732,-2,-4,-5,-4,-2,-3,0,8,0
28.117987,7,3,-4,-2,-1,-2,1,8,0
28.118009,-12,-6,11,9,3,3,0,-4,0
28.120138,1,1,-4,-4,-2,-1,-2,-8,0
28.120142,8,-3,-4,-2,-2,-3,-1,15,0
28.131868,-5,1,-2,0,0,-1,-2,-17,0
28.131890,6,1,-4,-4,-2,-3,0,4,0
28.138812,-5,-2,0,0,0,0,0,-6,0
28.138831,-4,-3,-3,-5,0,-1,0,-2,0
28.155700,3,5,6,4,2,0,1,-8,0
28.155707,-1,-2,-3,-2,-1,-2,-3,10,0
28.156818,1,1,-3,-1,-2,-1,-1,-7,0
28.156835,-5,-5,-6,-4,-4,-3,-4,-6,0
28.178023,0,-5,-6,-9,-2,-3,0,3,0
28.178045,-1,5,0,0,0,0,-2,-9,0
28.180527,4,5,8,5,2,2,1,10,0
28.180532,-3,0,3,4,3,0,1,16,0
28.191424,-8,-6,2,0,-1,-1,-2,-4,0
28.191441,2,2,-2,-3,-1,-2,-1,-2,0
28.202046,-3,-3,-7,-4,-3,-3,-2,1,0
28.202052,1,1,-1,0,-2,1,-3,-23,0
28.215118,-1,-2,-1,1,-2,0,0,2,0
28.215140,3,4,-5,-3,-2,-1,-1,7,0
28.218065,3,-1,-1,-1,-2,1,-2,-7,0
28.218077,-15,-13,3,2,1,1,-1,-3,0
28.237965,1,1,-5,-6,-1,-1,-1,3,0
28.237987,4,2,3,0,-2,-1,2,-6,0
28.240755,-1,0,0,1,0,-4,0,0,0
28.240763,4,1,-2,-2,0,1,0,2,0
28.251899,1,-3,-2,-1,-2,0,-1,-3,0
28.251924,3,1,-1,1,-1,-1,-2,7,0
28.261048,-6,-5,1,-1,1,-2,-1,-4,0
28.261053,2,-2,-3,-2,-2,-2,0,2,0
28.275347,1,5,-1,-2,-1,0,-3,13,0
28.275370,-5,-13,-5,-3,-3,-2,-1,9,0
28.276803,-2,-2,2,0,0,-2,-2,-4,0
28.276810,-1,3,0,-1,-3,-2,-2,-13,0
28.298144,1,3,-2,-2,-1,-2,-1,-1,0
28.298169,-2,-2,0,-1,-1,-2,-1,-3,0
28.299245,-1,-3,-5,-2,-3,0,-2,7,0
28.299262,1,0,1,0,0,0,1,6,0
28.311247,0,3,4,1,0,1,-1,-3,0
28.311261,-2,-5,-7,-4,-3,-2,-3,-5,0
28.322587,0,1,1,2,0,-2,-2,-8,0
28.322599,1,3,6,5,4,1,0,-10,0
28.335852,2,-5,-4,-1,-2,-2,-3,12,0
28.335873,1,-4,-2,-1,-4,0,1,1,0
28.337795,3,-1,-8,-5,-2,-2,0,3,0
28.337803,-1,3,0,-2,0,-3,1,15,0
28.358074,-1,0,6,1,2,0,1,-9,0
28.358081,-10,-5,-1,-2,0,-2,-4,6,0
28.359185,1,1,-1,0,-1,-1,-2,-4,0
28.359202,2,-4,-6,-3,-1,-1,-3,11,0
28.371160,-7,-2,-2,-2,0,-2,-2,-13,0
28.371191,4,5,0,2,1,0,1,0,0
28.381891,-5,-5,-3,-2,-2,-1,-3,-27,0
28.381900,-3,0,0,-1,-2,-3,-1,-7,0
28.395565,1,-5,-3,0,0,0,1,9,0
28.395596,-5,6,7,4,-1,0,0,-14,0
28.397366,0,-3,-1,-3,-2,-1,2,8,0
28.397371,2,1,-7,-5,-5,0,0,-1,0
28.418751,-18,-20,-6,-4,-1,-2,-4,-21,0
28.418779,5,6,3,2,2,1,1,7,0
28.421100,2,-2,-1,0,0,-1,1,6,0
28.421106,-1,-2,-3,-2,-2,-1,-2,-7,0
28.431686,2,1,-6,-4,-4,-3,0,-2,0
28.431718,-1,3,1,1,0,-1,-1,-10,0
28.442354,0,2,-1,-1,0,0,-1,9,0
28.442360,-8,-11,-2,-4,0,-2,-1,-6,0
28.455024,-2,2,3,4,1,1,0,0,0
28.455111,0,-1,-2,-5,-2,0,-2,-6,0
28.456897,-1,8,5,2,1,-1,-3,-6,0
28.456921,-1,-2,-3,-2,-2,-2,-3,23,0
28.477968,-6,-4,-3,0,-3,-1,-2,-17,0
28.477996,0,-2,-6,-5,-2,-1,1,5,0
28.480137,-3,-3,1,2,2,-2,-1,-26,0
28.480143,-3,7,10,6,3,2,1,7,0
28.491311,5,2,1,-1,-2,-2,1,14,0
28.491329,1,-1,-1,-2,0,0,0,-3,0
28.502693,-6,-9,-10,-8,-4,1,-4,3,0
28.502699,-1,-4,-3,-1,-1,-3,-1,-10,0
28.515140,2,7,6,4,3,0,0,5,0
28.515146,-2,-2,5,3,0,-1,-1,-4,0
28.516502,0,0,-5,-4,-2,0,-2,8,0
28.516508,-3,-5,-8,-5,-3,-3,-2,-8,0
28.537711,-5,-5,-4,-4,-3,-1,-1,3,0
28.537732,1,2,3,3,1,-1,-1,-4,0
28.540879,-2,2,1,-1,-2,-2,-1,0,0
28.540884,0,-4,-1,-4,0,-2,-3,-1,0
28.551431,3,0,-2,0,-2,-1,0,2,0
28.551452,-1,-2,-4,-2,-1,0,-1,7,0
28.561224,1,-1,3,2,1,0,1,8,0
28.561273,7,5,-2,-2,0,-1,1,1,0
28.576168,-5,-7,-7,-8,-2,-1,-2,7,0
28.576177,1,1,-4,-3,-2,-2,-5,-6,0
28.576801,-1,5,9,10,6,3,2,-8,0
28.576818,-5,0,-3,-1,-3,0,-2,-8,0
28.598651,-4,0,2,3,0,-1,-3,-7,0
28.598679,0,-3,-3,-4,-3,-1,0,9,0
28.600564,-4,-5,-9,-8,-5,-3,1,-4,0
28.600570,4,6,4,3,1,0,0,-9,0
28.611968,-5,-15,-6,-1,0,0,-1,-6,0
28.611997,0,3,-1,-2,-1,-1,0,-9,0
28.620114,1,-2,2,-1,1,-1,0,7,0
28.620131,-1,3,-1,-3,0,1,-2,-6,0
28.635604,0,2,-2,-2,-3,-1,-2,2,0
28.635640,0,-3,3,2,1,0,1,2,0
28.637628,0,-4,-5,-2,-2,-2,0,16,0
28.637633,-2,-4,-3,-3,-2,-4,-3,7,0
28.657763,-2,2,4,1,1,-2,-2,-24,0
28.657794,1,2,5,1,1,0,1,0,0
28.659988,0,-4,-6,-4,-3,-2,-4,-2,0
28.659999,-2,-6,-4,-2,-1,-2,-2,-9,0
28.680569,7,4,3,4,1,2,3,14,0
28.680589,-5,-6,-7,-6,-4,-3,-1,5,0
28.683208,0,0,2,3,1,0,-2,-11,0
28.683213,-4,-7,-3,-3,-1,0,-2,18,0
28.695542,10,13,3,-2,-2,0,1,13,0
28.695564,-3,-9,3,2,0,-2,-2,-14,0
28.697918,0,-3,-1,-3,-3,-2,-1,4,0
28.697928,-1,-4,-4,-3,-2,-1,0,9,0
28.718155,-6,1,-1,0,1,0,-5,-17,0
28.718174,0,6,6,4,2,2,0,5,0
28.719109,-2,2,0,-1,-2,-1,-2,1,0
28.719118,0,-2,0,2,0,-2,0,-4,0
28.740422,1,-5,-10,-11,-6,-4,-2,-1,0
28.740442,0,-1,-3,-2,-2,-2,-1,-25,0
28.742510,1,2,7,7,2,1,2,18,0
28.742518,1,4,3,1,-3,0,-1,-6,0
28.755656,-4,-6,-4,0,-1,-1,-1,8,0
28.758426,1,-3,-5,-3,-4,-3,-3,-11,0
28.758436,-10,1,-1,-2,0,-2,0,-7,0
28.758440,0,0,0,2,-2,0,-2,-9,0
28.777873,0,0,1,-1,-1,-2,1,5,0
28.778063,-1,-2,-5,-1,-1,-1,-2,8,0
28.779081,-2,-2,-2,-2,-3,-3,-3,-5,0
28.779108,2,1,-1,0,-1,-1,0,-2,0
28.800294,0,3,3,0,1,1,-1,8,0
28.800317,-8,-10,-6,-2,-2,-1,-1,0,0
28.802468,2,-1,1,-1,-1,-1,1,1,0
28.802471,4,7,-1,-2,-2,0,0,-1,0
28.814429,0,-4,0,2,0,0,-2,-1,0
28.814453,-2,-3,-1,-2,0,0,-2,3,0
28.821551,1,1,-1,-1,-1,1,0,9,0
28.821580,-3,-3,3,0,1,0,-1,-14,0
28.838050,-2,0,-4,-4,-4,-1,-1,-10,0
28.838078,1,2,-1,-1,-1,-2,-2,1,0
28.840939,-2,-4,-3,-3,-1,-2,-2,-4,0
28.840950,-1,-2,-2,1,-1,-1,1,1,0
28.860165,0,-1,1,2,0,2,1,-8,0
28.860187,-2,-2,-1,-2,-1,-1,-1,2,0
28.861602,1,-3,-5,-4,-3,-1,-1,-3,0
28.861618,2,2,1,0,-4,-3,0,20,0
28.874515,-5,-7,-4,-6,-1,-4,-2,-5,0
28.874533,3,4,2,3,-1,1,0,1,0
28.881577,2,6,6,5,2,1,1,-2,0
28.881608,0,-7,-2,-3,1,-1,-2,4,0
28.898121,1,-3,-2,-2,-4,-2,0,22,0
28.898151,2,0,-5,-6,-1,-2,-2,-8,0
28.900062,0,1,-1,-2,2,-2,0,-14,0
28.900068,-10,-5,4,1,-1,1,-1,12,0
28.920173,2,4,2,2,0,-1,-1,-4,0
28.920178,0,4,0,-2,-4,1,-1,-19,0
28.921521,7,-2,1,2,0,-3,-1,9,0
28.921534,-8,-5,-2,0,0,1,0,-2,0
28.936256,-2,3,3,-2,-1,-2,-1,-7,0
28.936261,0,4,4,2,1,0,1,17,0
28.941546,-2,-5,-8,-7,-5,-1,-2,-10,0
28.943079,-3,0,-3,-3,-3,-3,-3,-11,0
28.957927,4,-1,0,2,1,1,2,2,0
28.959526,-3,1,-1,-1,1,-1,-1,-4,0
28.959532,-6,-3,-2,0,-1,1,-1,7,0
28.959534,2,-1,-2,-1,0,-1,-1,-2,0
28.980127,0,-5,-6,-4,-2,-1,-1,-8,0
28.980148,-2,-3,-1,-3,-2,-1,-1,5,0
28.983256,-3,1,4,3,1,1,-1,-11,0
28.983262,1,4,0,1,0,1,-1,-2,0
28.994468,-9,-5,-1,-1,-2,-2,-2,-11,0
28.994489,-4,-8,-4,-6,-4,-1,1,-4,0
29.001724,2,-2,-2,-3,-3,0,-1,15,0
29.001743,3,-1,-4,-2,-1,0,-2,12,0
29.018142,-4,3,4,3,3,1,-1,14,0
29.018169,-2,0,-2,2,1,-1,-1,3,0
29.019736,-1,-3,-5,-4,-2,-1,-1,-8,0
29.019740,2,0,0,-2,-2,-2,2,-10,0
29.040538,1,-3,-4,-2,-2,-2,0,4,0
29.040562,-4,2,5,4,3,0,0,2,0
29.042874,-3,1,2,0,0,1,-1,-4,0
29.042887,-5,-12,-11,-6,-4,-3,-4,-7,0
29.054901,-1,4,4,4,0,-1,1,-7,0
29.054934,5,11,6,2,0,2,0,-1,0
29.061647,-1,0,-5,-2,-3,-2,1,-5,0
29.061752,0,-2,1,2,0,2,1,-5,0
29.077710,-2,-10,-12,-9,-6,-4,-4,7,0
29.077780,-8,0,3,4,0,-2,-4,-13,0
29.079187,9,8,6,3,3,3,2,9,0
29.079203,0,3,3,-2,-1,0,0,-11,0
29.099345,-3,-6,-4,-5,-4,-1,-3,0,0
29.099366,2,-8,-5,-5,-2,-1,-1,-1,0
29.100389,-1,-1,-3,-2,-4,-3,-5,8,0
29.100393,-3,1,-1,0,2,-1,1,-3,0
29.113669,3,3,3,0,1,1,1,-12,0
29.114618,-2,-3,-3,-2,-4,-3,-1,4,0
29.124489,-5,-4,-4,-3,-4,-4,-2,-8,0
29.124497,-1,-1,-2,-2,-1,-1,-2,-3,0
29.138734,4,11,8,9,3,2,3,6,0
29.138740,-1,-3,1,-1,-1,0,-2,-11,0
29.138742,-5,-8,-5,-4,-1,-3,-3,-6,0
29.138744,0,-1,2,0,-1,-2,-1,-1,0
29.169608,1,1,-3,-6,-1,-3,-2,-3,0
29.169613,4,-1,-4,-1,-1,-1,2,6,0
29.169615,-12,-9,2,1,0,-1,-2,-12,0
29.169617,3,1,1,-1,-2,-1,-3,-1,0
29.182462,-1,4,2,0,-1,-1,0,-6,0
29.184813,-1,-2,-6,-4,-3,-1,-1,10,0
29.184818,1,0,-3,-2,-2,0,-2,-8,0
29.184820,-10,0,2,2,0,1,2,-6,0
29.197579,2,-5,-4,-1,-1,0,-3,2,0
29.197607,-4,-4,-1,-4,-2,-3,-2,-4,0
29.199308,3,0,-1,-5,-3,-3,-1,8,0
29.199314,2,2,1,-2,-1,-1,-3,0,0
29.219831,0,3,7,6,2,0,1,0,0
29.219852,-3,-2,-4,-1,-1,0,-2,-6,0
29.220375,-1,-1,-5,-5,-3,-1,-1,6,0
29.220393,-3,-2,1,2,2,-1,-1,-4,0
29.237228,0,1,-1,-2,-1,-1,-1,4,0
29.237237,-5,-3,0,-2,-3,-2,-2,-16,0
29.241579,0,2,-4,-2,0,-2,-3,4,0
29.241657,1,-1,-4,-5,-3,0,0,9,0
29.257424,-5,-5,-3,-1,1,-2,0,-12,0
29.257450,1,2,4,6,1,2,2,11,0
29.258989,1,3,1,0,-2,0,-1,-13,0
29.258994,4,3,-2,-1,-2,-1,0,-2,0
29.279937,3,-2,-3,-4,-2,-2,-2,14,0
29.279957,-2,-5,-6,-5,-3,-2,-3,1,0
29.281658,-5,-2,1,2,0,0,1,-5,0
29.281666,3,8,5,3,4,1,1,1,0
29.293834,-2,-6,-3,0,-2,0,-1,-1,0
29.293853,5,1,-3,-2,-1,-2,-2,-16,0
29.301496,1,1,6,3,3,0,2,-3,0
29.301517,-3,-5,-2,-2,-3,-2,-2,-3,0
29.317567,-5,-4,-8,-5,-2,-3,-2,5,0
29.317595,-3,0,-2,-2,-1,-1,-3,-13,0
29.319498,3,3,0,0,1,0,1,17,0
29.319501,-2,-4,-6,-4,-4,-2,-2,-5,0
29.339767,-4,-2,1,-1,0,1,-1,-7,0
29.339779,4,1,-3,2,-1,1,-1,22,0
29.340282,-2,-2,-6,-4,-2,-3,-3,-1,0
29.340296,1,-2,-3,0,-2,-1,-2,2,0
29.354211,2,5,5,0,1,1,2,7,0
29.354238,3,3,0,-2,1,-1,1,14,0
29.361392,0,-1,5,5,1,1,0,4,0
29.361409,-5,-3,-4,-3,-2,-2,-1,-30,0
29.377042,-5,-6,-6,-4,-2,-2,-4,-5,0
29.377064,2,-1,-1,-1,0,1,0,-1,0
29.378753,-1,0,-5,-2,-1,0,-1,-5,0
29.378759,1,-1,6,3,1,-1,-3,4,0
29.401596,-2,-3,-4,-3,-1,1,0,-3,0
29.401603,-4,3,0,-2,0,-2,-2,-7,0
29.401605,1,2,3,0,-1,1,-1,8,0
29.401606,-1,-3,-1,-1,-1,-2,-3,7,0
29.413886,1,-1,-1,1,-2,-2,-2,-8,0
29.413902,0,-4,1,2,-1,-2,1,3,0
29.421723,0,3,-2,-2,0,-1,0,-18,0
29.421751,-6,-7,-1,-1,0,-1,1,12,0
29.445241,-2,-1,1,1,0,-1,-1,-4,0
29.445267,0,1,0,-1,-5,-2,0,0,0
29.446801,8,-1,-3,-2,-3,-2,0,14,0
29.446806,-9,-4,0,1,1,0,-2,-24,0
29.459673,2,1,2,1,-1,2,1,0,0
29.459691,0,-1,1,0,2,0,1,2,0
29.461121,-3,-5,-4,-4,-2,-3,-4,-5,0
29.461132,1,-4,-4,-5,-3,-3,-2,4,0
29.474207,-6,-3,-4,-5,-2,-2,-2,-11,0
29.474226,6,3,-1,2,0,0,0,12,0
29.481699,-6,-5,4,1,0,1,-1,-4,0
29.481729,3,4,-1,-3,-2,0,-1,11,0
29.496902,-1,-1,-2,-1,-2,-2,-2,-7,0
29.496920,-2,-5,-3,-2,-3,-2,-1,2,0
29.497503,-1,-8,-8,-4,-2,-3,-2,-5,0
29.497516,-1,0,-3,-1,-2,-3,-1,-2,0
29.519780,3,5,7,2,2,1,2,8,0
29.519802,-9,-8,0,1,-1,1,-3,-20,0
29.522722,2,8,5,1,-1,-1,0,15,0
29.522734,-4,-5,-2,-2,0,1,-1,-6,0
29.533907,3,2,-3,0,-1,0,2,15,0
29.536097,-5,-2,-1,-3,1,-1,-1,-8,0
29.541459,0,0,-5,-5,0,-2,0,-8,0
29.541479,1,-3,-3,-2,-4,-1,0,9,0
29.558205,-4,-1,7,2,-1,-1,-4,-1,0
29.558217,-5,-4,-2,-1,-2,-3,-1,-24,0
29.558219,-1,3,1,1,-1,1,-1,-8,0
29.558317,2,4,1,-1,-1,-2,2,15,0
29.579765,5,0,-5,-2,0,0,-2,-5,0
29.579787,-2,-2,-2,-4,1,-1,-2,1,0
29.581716,-3,-5,-3,-2,-2,-2,-2,0,0
29.581720,0,4,0,1,-2,-1,-1,-30,0
29.602999,-5,-4,2,2,-2,0,-1,4,0
29.603027,2,2,2,1,-1,-1,0,18,0
29.605670,-7,-6,-4,-3,-2,-2,-3,-21,0
29.605678,3,1,2,2,1,-2,0,9,0
29.617566,0,-3,-6,-3,-4,-3,-1,-7,0
29.617594,-1,3,0,-3,0,2,-3,-2,0
29.620154,6,2,-2,-2,-2,-2,-1,4,0
29.620160,3,-9,-1,-2,-2,-1,0,-9,0
29.639540,-2,0,0,0,-1,-3,-3,-5,0
29.639560,2,5,4,3,-1,-1,0,8,0
29.640574,-1,3,1,-2,-1,-1,-2,-4,0
29.640608,2,5,-2,0,-1,0,0,11,0
29.662106,-1,-5,-3,-2,-1,-3,0,1,0
29.662123,-5,-7,-5,-5,-1,-2,1,-1,0
29.663343,0,-4,-1,1,-1,-1,-1,7,0
29.663347,-3,1,2,2,2,-1,-1,-16,0
29.677466,2,2,2,3,2,2,0,24,0
29.677495,-4,-1,-3,-2,-3,-2,-2,-6,0
29.679126,-1,-1,0,-2,-3,-2,0,2,0
29.679135,-2,-6,-6,-3,0,0,-1,5,0
29.699314,0,-2,-1,-2,1,-2,-2,-1,0
29.699336,1,3,-1,-2,-4,-1,-1,-9,0
29.701760,0,0,0,0,-1,1,0,10,0
29.701772,-7,0,2,1,3,0,0,-1,0
29.722537,1,-1,-2,-3,-1,-1,-2,-10,0
29.722554,-6,-10,-6,-1,-3,-3,-2,-9,0
29.725026,-1,-3,-2,0,0,0,-1,-10,0
29.725032,0,-1,-2,-1,-1,-1,-2,7,0
29.737069,-4,-3,-1,-2,1,-1,0,-6,0
29.739852,4,4,6,5,2,2,-1,3,0
29.739864,-3,1,1,1,-3,-1,-1,-3,0
29.739866,0,2,-1,0,-1,-1,0,6,0
29.759869,0,-4,-7,-6,-6,-1,0,0,0
29.759874,1,-1,1,1,2,-2,1,6,0
29.760134,0,0,1,2,3,2,-1,-11,0
29.760142,-1,0,1,-3,-3,-1,-2,8,0
29.782312,-2,0,-5,-2,-1,-3,-4,-13,0
29.782334,1,-3,-4,-3,-1,0,0,6,0
29.783651,-3,-2,-3,-3,1,0,-1,7,0
29.783655,-13,-2,2,-2,-2,0,-2,-37,0
29.796910,-2,-6,1,0,-2,-1,-2,6,0
29.796930,2,1,-2,-3,-1,-5,-2,0,0
29.798123,1,-4,-3,-2,0,-1,0,1,0
29.798130,-2,-3,1,0,-1,-2,-1,1,0
29.820335,2,3,5,1,1,0,1,3,0
29.820364,0,3,-1,-2,0,-1,1,1,0
29.822409,-1,-4,-3,-3,-2,-1,-2,-10,0
29.822414,3,2,-1,-1,-1,0,1,16,0
29.841935,-2,0,2,1,-1,0,1,-2,0
29.841950,0,-2,1,-1,-1,1,-2,-4,0
29.842682,-9,-10,-6,-3,0,-2,0,-7,0
29.842755,1,4,2,-2,-1,-2,0,6,0
29.857319,0,5,-3,-1,1,-2,-1,-6,0
29.859610,-1,-1,-1,-2,-1,0,-1,-7,0
29.859616,5,3,4,4,-1,-1,2,28,0
29.859618,1,-8,-9,-6,-3,-2,-3,-5,0
29.880066,-8,-5,-3,-2,0,0,0,-10,0
29.880087,1,0,0,0,2,0,-2,-10,0
29.882198,4,5,6,6,2,0,2,6,0
29.882201,-2,0,1,1,-1,-1,-1,-1,0
29.902683,4,-2,-4,-5,-3,-2,-2,2,0
29.902689,-5,-3,-3,-5,-1,0,-1,2,0
29.902691,-6,0,1,2,2,1,0,-11,0
29.902692,3,3,2,0,0,2,-2,2,0
29.917076,-2,-4,-7,-1,-1,-1,-1,-5,0
29.917092,0,-3,-3,-4,-6,-4,0,10,0
29.918541,-1,3,0,-1,-3,-3,-5,-21,0
29.918550,-3,-5,3,1,1,0,-1,-23,0
29.939511,-1,3,0,-1,-1,0,1,10,0
29.939533,0,-2,0,1,-1,1,0,-7,0
29.941726,2,5,-3,-3,-2,-3,0,15,0
29.941731,-8,-19,-9,-4,-1,-3,-5,-22,0
29.961859,-8,4,4,-2,-1,-1,-1,-11,0
29.961866,-3,0,-4,-1,1,-1,-1,-1,0
29.962523,3,1,5,0,0,-2,-1,0,0
29.962537,0,6,4,6,1,-1,3,17,0
29.977031,4,-2,-4,-1,-1,-2,-3,3,0
29.977046,-1,-4,-5,-3,-3,-2,-2,-1,0
29.978054,-4,-4,-4,-4,-3,0,-2,-3,0
29.978058,5,3,-1,-2,0,-2,1,14,0
29.999858,-1,-3,1,0,-2,0,-2,2,0
29.999879,3,2,-2,-1,1,-1,1,12,0
30.000919,-2,-8,-2,-1,-2,1,-3,-18,0
30.000923,1,4,3,1,-1,1,1,-3,0
30.024172,-2,1,1,0,-1,2,-2,-3,0
30.024177,-1,-5,-4,-3,-1,0,-3,2,0
30.024179,0,4,0,1,2,-2,-1,4,0
30.024181,-1,3,-1,0,-2,0,1,-1,0
30.039173,3,0,1,1,-2,-3,1,-3,0
30.039179,-2,-1,4,0,0,1,-2,4,0
30.039181,-1,-6,-7,-8,-4,-1,-1,4,0
30.039183,-3,-5,-5,-3,-5,-2,-3,-11,0
32.076447,26,4,1,1,1,0,4,1,2
32.076837,-6,-2,1,-1,-1,3,3,17,2
32.085239,-41,-2,-7,-5,2,-2,-5,24,2
32.085316,6,4,10,3,2,-1,-4,-8,2
32.087488,-36,-15,-10,-3,0,-2,-4,-27,2
32.087491,20,0,-6,-4,-3,1,-2,33,2
32.107922,-14,7,6,2,-2,0,5,12,2
32.110208,19,-1,2,3,3,2,2,19,2
32.110217,-14,5,0,2,-3,-2,0,-27,2
32.110219,5,-3,-4,0,-1,1,2,-21,2
32.130172,30,-7,-6,-6,-6,-5,-19,4,2
32.130189,-36,-2,-2,1,2,0,-3,-2,2
32.131460,29,12,5,2,-1,1,7,36,2
32.131503,-1,3,6,3,3,3,-1,17,2
32.145043,69,-2,-10,-4,0,-5,-2,-28,2
32.145063,-60,-25,-10,-10,-9,-4,-6,-5,2
32.146660,51,18,13,4,-3,-1,4,18,2
32.146676,11,-6,-1,-2,1,1,-1,-1,2
32.167814,12,8,2,2,2,2,4,43,2
32.167836,2,0,-2,0,-1,-1,1,20,2
32.169749,9,-1,-4,-4,-3,3,2,-15,2
32.169753,-18,-12,-3,-1,-2,-3,0,6,2
32.181908,-4,3,3,1,-3,0,1,-7,2
32.181936,-24,-5,-4,-1,-2,-3,-4,-25,2
32.191259,-17,2,6,4,1,-3,0,2,2
32.191264,19,10,3,-1,0,-1,-2,36,2
32.205884,-12,-10,-4,-2,-1,-3,1,-1,2
32.205895,-2,0,-3,-1,-2,2,-2,-55,2
32.206749,22,2,-1,1,1,-3,-1,19,2
32.206767,-36,-3,-3,-3,-4,-1,-1,-23,2
32.227709,-56,-14,-8,-6,-3,0,-2,-28,2
32.227731,0,4,-3,-4,0,-1,-6,10,2
32.229289,-1,3,5,3,3,1,2,-34,2
32.229327,-12,4,2,3,1,0,2,37,2
32.241323,34,4,-1,3,-2,-3,-2,-19,2
32.241354,-17,4,3,0,1,1,11,89,2
32.252074,3,-2,-5,-5,-6,-6,-2,-5,2
32.252079,-2,-7,0,-1,1,0,-6,-13,2
32.265669,-7,4,2,2,3,0,2,24,2
32.265711,0,2,3,2,-3,-1,3,37,2
32.268129,-2,-4,-6,-7,-2,0,-3,6,2
32.268135,-10,3,9,8,2,2,-1,-7,2
32.286577,-3,-8,-3,-5,-3,-1,-2,2,2
32.286594,17,-3,-4,-4,-2,0,-1,-6,2
32.296618,-22,-3,-2,-2,0,0,-1,-11,2
32.296622,-10,-6,-4,-6,-5,-5,-4,-15,2
32.301941,-21,2,0,0,0,1,2,-17,2
32.301967,21,-1,-1,-1,-1,-1,1,6,2
32.316489,8,-7,-10,-7,-5,-3,-2,-29,2
32.316511,5,9,7,6,5,1,2,1,2
32.332797,33,9,5,1,-1,-1,1,30,2
32.332810,-32,-15,-8,-5,-3,-4,-5,-68,2
32.333962,-2,-8,-1,-1,0,-3,-7,-1,2
32.333968,33,13,4,2,6,0,4,27,2
32.355081,-48,-4,-2,-3,-1,-1,0,-50,2
32.355101,22,4,-3,-2,-2,-1,-1,-5,2
32.357822,39,5,4,3,0,1,5,59,2
32.357830,-51,-9,-4,-3,-4,-2,-6,-16,2
32.361554,13,3,2,0,-3,1,4,32,2
32.361603,-6,1,-2,-3,-2,-1,-4,-1,2
32.372948,-5,-1,-2,1,3,1,0,-45,2
32.372957,10,-11,-6,-5,-4,-3,-1,-2,2
32.385252,6,8,6,3,0,0,1,32,2
32.385273,-21,-18,-7,-7,-6,-4,-12,-43,2
32.387433,30,8,4,1,1,1,3,49,2
32.387442,-27,1,-3,-2,-3,-1,-3,-22,2
32.409180,18,1,-1,-1,-1,-1,-2,43,2
32.409192,-47,-7,-3,0,0,-1,-6,-39,2
32.409249,24,6,7,4,1,1,-2,7,2
32.409313,-31,-6,-5,-2,-5,1,2,1,2
32.421815,4,5,-6,-2,5,-1,-4,-41,2
32.421853,1,-5,-2,-1,-1,-4,-1,31,2
32.440411,-13,-3,0,-2,-3,-1,-4,-3,2
32.440429,36,12,6,4,1,-1,0,-29,2
32.445092,-15,-9,-6,-5,-3,0,3,28,2
32.445109,8,6,4,0,1,4,6,5,2
32.446704,-30,-9,-6,-6,-2,-5,-6,-50,2
32.446708,35,4,-1,-2,-1,-1,2,38,2
32.467861,-19,3,6,6,4,1,-3,-1,2
32.467885,27,2,1,2,-3,0,2,2,2
32.470501,3,1,-6,-1,-3,0,2,24,2
32.470505,20,-2,-1,-1,0,4,1,2,2
32.497516,-33,-12,-4,-2,-2,-7,-9,-92,2
32.497538,25,9,4,1,0,0,3,43,2
32.498971,-21,-1,-4,-3,-1,0,-1,-55,2
32.498978,3,-6,-5,-2,-2,-2,-1,-13,2
32.504896,12,1,-1,-4,0,2,0,11,2
32.504925,37,6,5,2,1,0,3,64,2
32.511313,-85,-15,-3,-3,-2,-2,-2,-10,2
32.511330,68,-11,-8,-4,-1,-1,-7,-31,2
32.528294,3,0,1,-4,-3,-1,-1,-4,2
32.528324,-26,-1,-4,-1,-1,-5,-4,-3,2
32.530180,39,7,4,3,1,3,6,38,2
32.530184,-47,1,-3,-1,-2,-3,-3,5,2
32.550193,13,-2,-2,0,-2,-2,0,7,2
32.550207,-12,-5,-5,-4,-3,-5,-6,-51,2
32.551707,-3,-4,-5,-2,-3,0,1,-1,2
32.551726,-9,-3,8,6,3,-1,-2,-35,2
32.565052,25,9,2,-1,-3,-2,-3,12,2
32.565082,-19,-7,-5,-5,-3,1,0,-22,2
32.566535,14,-1,0,-4,-2,-3,-3,30,2
32.566548,-10,-7,-6,-5,-2,-5,-6,-35,2
32.587021,-33,-6,-4,-1,1,0,2,22,2
32.587099,26,6,6,4,1,1,2,-4,2
32.595177,9,0,1,-3,-2,-2,-6,-15,2
32.595195,-7,1,-3,-3,-2,-2,-2,-30,2
32.611987,29,-5,0,0,-2,1,-2,19,2
32.611992,-32,2,0,2,0,0,-4,-16,2
32.611994,9,-4,-3,-3,-3,-1,0,-9,2
32.611996,18,8,-3,-5,-5,-1,4,63,2
32.626516,-6,-11,-8,-6,-4,-1,-1,2,2
32.626521,-5,7,8,6,5,-1,3,3,2
32.631655,-1,4,-2,0,-1,-2,-3,9,2
32.631673,-3,-1,1,0,-1,0,3,46,2
32.647674,-16,-4,-5,-4,-4,-2,-2,-21,2
32.647690,5,-3,-3,-4,0,-1,-2,-1,2
32.649012,-10,1,5,5,4,3,-1,-41,2
32.649023,8,-4,-2,-3,-1,-2,3,32,2
32.670250,7,11,4,3,2,1,-5,-42,2
32.670272,21,-10,-7,-4,-3,0,1,2,2
32.673184,-11,1,0,0,-1,-1,-1,-5,2
32.673189,-44,-4,-2,-1,2,0,0,21,2
32.685111,33,-7,-4,-1,-1,-2,-5,1,2
32.685150,11,3,-2,0,1,-2,1,3,2
32.691441,2,2,1,2,1,0,6,28,2
32.692727,-15,-1,0,0,0,-2,-6,-16,2
32.715885,-25,-1,1,-1,-1,-2,6,18,2
32.715907,-44,1,0,0,1,-1,-1,5,2
32.717469,55,-2,0,-3,-2,-1,-3,6,2
32.717473,-6,-6,-6,-4,-2,-2,-6,-47,2
32.730989,-4,-3,-4,-2,-2,-2,-3,9,2
32.731011,6,4,6,3,0,0,0,-29,2
32.732819,-23,-1,3,1,2,1,-4,-1,2
32.732822,63,7,2,1,0,0,0,-5,2
32.744471,-33,-10,-2,-5,-2,-1,-3,-4,2
32.744496,-43,-13,-7,-5,-4,0,-2,42,2
32.751351,53,4,-7,-5,-4,-3,-1,13,2
32.751373,12,5,5,2,2,2,0,-3,2
32.775267,0,9,8,4,3,-1,3,-9,2
32.775290,23,-2,-6,-3,-2,2,2,35,2
32.776750,-27,-2,2,-4,-3,-2,-2,-31,2
32.776826,-27,-15,-13,-5,-4,-5,-5,-1,2
32.790306,3,6,3,2,0,0,-4,-43,2
32.790334,-3,0,2,-1,-1,-2,-6,-48,2
32.792114,-13,-9,-6,-4,-4,-1,0,16,2
32.792119,11,6,4,1,1,1,3,-14,2
32.804369,-17,2,8,4,3,2,1,16,2
32.804383,43,-3,-6,-2,-2,-4,-3,-1,2
32.811647,-80,-16,-8,-1,-2,-1,-6,15,2
32.811677,4,4,-1,-3,-3,-2,1,17,2
32.827771,24,1,-4,-4,-5,-1,2,17,2
32.827800,4,2,2,2,1,2,3,-11,2
32.830132,-3,-6,-1,1,2,-3,-2,17,2
32.830137,-17,2,0,-1,1,-3,-1,8,2
32.849775,-1,-3,-2,-3,-3,-2,-3,2,2
32.849789,-4,5,4,1,-1,0,1,-20,2
32.856336,46,8,2,1,-3,-4,1,5,2
32.856359,-44,-6,5,1,1,0,-4,-18,2
32.864095,38,0,-5,-3,-4,-4,-1,34,2
32.864117,-31,-3,-10,-5,-2,-2,-3,1,2
32.875059,-9,1,2,2,0,0,2,40,2
32.875067,18,-10,-2,-1,-2,-2,-5,54,2
32.888140,-5,6,3,3,3,1,3,12,2
32.888168,10,-1,2,-2,-2,-3,-2,22,2
32.890231,8,2,-4,0,1,0,0,-8,2
32.890239,10,0,0,0,1,0,1,9,2
32.910251,-26,-8,-5,-2,-1,-4,-6,-40,2
32.910268,20,7,4,1,-2,1,0,12,2
32.911804,-7,-11,-3,-5,-1,-1,-3,-7,2
32.911820,-13,7,-5,-3,1,-1,2,-18,2
32.924639,78,1,-1,-1,-3,0,0,-7,2
32.924745,-18,-9,-3,3,5,-2,-4,-21,2
32.931129,23,14,9,3,3,0,1,-18,2
32.931151,-47,-6,-2,-1,-1,2,2,9,2
32.947491,51,-3,-4,-4,-4,-2,-7,69,2
32.947513,-27,1,1,-1,0,-1,1,15,2
32.949390,-20,0,2,1,2,-1,-2,-15,2
32.949490,-6,6,4,4,-3,0,2,-5,2
32.970523,-37,-13,-12,-6,-2,-4,-3,-18,2
32.970528,-20,-1,-2,-4,0,1,0,-13,2
32.971601,8,0,0,0,0,-1,-2,-19,2
32.971607,24,9,1,0,-1,-1,3,11,2
32.986232,-13,-8,0,-4,-1,1,-2,2,2
32.986238,-16,-11,-4,-2,-2,-4,-11,-33,2
32.994263,3,0,-3,-3,-2,2,1,-25,2
32.994269,7,-3,-3,-3,-2,0,-3,-19,2
33.007675,-5,4,-2,-1,1,1,-1,-27,2
33.007693,25,-3,-2,-2,-1,-1,3,37,2
33.009402,-17,5,6,3,1,-1,0,1,2
33.009415,12,-3,-4,-4,-5,-2,-5,-23,2
33.030813,-41,-1,2,2,2,0,2,4,2
33.030857,27,1,-6,-3,-5,0,-1,5,2
33.033375,-8,-6,-5,-1,0,-3,-2,11,2
33.033380,8,3,6,2,1,-1,0,-8,2
33.043912,-41,-2,-1,-2,-3,0,-1,-5,2
33.043936,33,-3,-1,-3,-1,-3,-5,-19,2
33.053915,-17,-15,-13,-7,-4,-4,-8,8,2
33.053922,15,6,3,3,2,0,0,13,2
33.068421,2,-1,2,-2,-3,0,1,-14,2
33.068440,15,5,2,2,2,-1,2,14,2
33.069277,14,-1,-1,-2,0,0,3,-1,2
33.069291,12,-5,-5,-6,-2,-4,-5,-1,2
33.090234,1,8,3,2,1,-1,5,39,2
33.090378,-26,-3,5,5,1,1,-2,-6,2
33.092342,5,7,1,-1,-3,0,2,6,2
33.092349,2,0,-2,-2,-1,4,0,53,2
33.104073,9,-1,-1,-1,-1,-1,-1,-15,2
33.104094,-13,-2,-9,-8,-6,-4,-2,19,2
33.114628,45,6,-1,-3,0,-2,1,11,2
33.114632,-77,-1,8,9,5,1,-4,-42,2
33.127644,-25,-5,-1,0,5,2,1,-4,2
33.127660,22,1,-3,-2,-4,-1,-2,-8,2
33.129072,-9,-8,-9,-5,-2,0,-4,-19,2
33.129087,22,4,-2,-3,1,0,1,-16,2
33.150228,2,7,5,2,2,-3,0,1,2
33.150252,-72,-2,4,2,6,1,-1,10,2
33.152094,27,3,-1,1,0,0,-2,-24,2
33.152100,-18,-12,-6,-3,-1,-2,-4,-33,2
33.164176,40,-1,0,4,1,2,5,-4,2
33.164198,24,7,0,-5,-6,-4,-1,26,2
33.181107,-92,-25,-7,-2,-1,-5,-8,-21,2
33.181112,7,6,6,2,2,0,2,-5,2
33.189264,-59,-11,-6,-5,-2,-1,-3,-13,2
33.189284,46,4,1,-2,-3,0,4,30,2
33.189288,25,6,1,-1,-2,-2,-4,-3,2
33.189353,-32,-8,-3,-1,-2,0,-1,-16,2
33.210172,18,2,1,0,-1,-1,-1,-15,2
33.210194,1,-2,-4,0,2,7,4,21,2
33.211940,4,16,10,6,3,-11,6,7,2
33.211945,-31,-23,-13,-9,-5,-4,-9,-28,2
33.224272,38,10,0,-3,-1,-2,-2,17,2
33.224327,-29,12,9,6,0,3,4,-6,2
33.238835,-46,-51,-19,-11,-6,-2,-14,-49,2
33.238850,45,12,4,0,-4,0,3,41,2
33.248122,-4,3,-2,0,0,-3,-3,11,2
33.248149,20,-5,-7,-6,-4,-3,-2,-17,2
33.250129,-30,10,9,5,2,3,5,31,2
33.250135,23,-2,-6,-4,-2,-5,-1,-12,2
33.270811,-22,-9,0,2,-1,0,-5,-18,2
33.270830,-3,1,4,4,1,-1,4,7,2
33.273347,44,13,-1,-4,-4,0,1,52,2
33.273361,-11,-7,-3,-2,2,-4,-4,10,2
33.292725,56,17,5,4,-1,-1,7,12,2
33.292749,-26,-10,-5,-1,-2,-4,-8,-22,2
33.294791,14,1,3,3,0,3,2,-21,2
33.294797,49,6,-2,0,-4,-1,-3,-6,2
33.307654,-18,-7,-10,-7,-1,-3,-3,-16,2
33.307679,-15,3,4,0,4,-1,-2,-12,2
33.309088,-9,3,-2,0,0,1,1,-26,2
33.309103,6,4,2,-2,-1,1,5,-8,2
33.330487,-16,-10,-4,-3,-2,-4,-5,6,2
33.330493,4,-6,-5,-4,-3,-2,-5,-24,2
33.331482,38,20,9,6,-1,2,5,46,2
33.331496,-44,-27,-13,-5,-4,-3,-13,-60,2
33.346385,5,2,1,-1,-2,2,1,-4,2
33.346392,13,0,2,0,2,-2,0,26,2
33.354030,4,0,-5,-4,-2,-3,-2,-5,2
33.354034,28,2,-1,0,0,-3,2,38,2
33.367910,-23,-4,3,2,2,1,0,-4,2
33.367932,8,0,-1,-2,-1,-1,-2,0,2
33.369921,17,7,6,4,1,3,5,6,2
33.369925,-19,-6,-5,-6,-4,-2,-3,41,2
33.390139,-8,-3,-6,-1,-2,-1,-3,-23,2
33.390165,23,10,8,3,0,1,2,21,2
33.392278,-24,-17,-8,-5,-2,-1,-4,-14,2
33.392284,4,1,0,1,1,0,4,-17,2
33.413631,59,8,2,-3,-4,-6,-2,39,2
33.413659,-82,-12,-4,1,0,-2,-5,-53,2
33.415642,39,7,2,-2,-1,-1,-3,3,2
33.415648,10,3,2,2,-2,-2,1,9,2
33.427835,-5,12,8,6,3,5,7,13,2
33.427853,28,-26,-19,-13,-8,-6,-12,-38,2
33.429261,-8,-1,-4,-3,-2,-2,-3,-26,2
33.429277,-4,1,4,2,1,0,0,19,2
33.457696,15,6,-2,0,-2,0,2,-2,2
33.457723,-8,5,1,1,-1,1,3,24,2
33.459239,-37,-8,-2,0,4,-1,-3,-41,2
33.459256,1,-6,-1,-3,-1,-1,0,13,2
33.472778,-2,3,1,1,-1,-1,-1,-12,2
33.472904,-8,-9,-6,-3,-1,-4,-2,-22,2
33.474441,16,0,-1,-3,-2,1,-1,5,2
33.474466,5,12,-1,2,2,1,1,-10,2
33.487590,-42,-10,1,2,3,-1,-8,-39,2
33.487612,33,6,5,1,-1,2,6,14,2
33.489333,26,5,2,0,1,0,-1,32,2
33.489360,-18,2,-2,-1,-2,0,-1,-8,2
33.510444,13,-11,-8,-5,-6,-4,-3,2,2
33.510472,-34,4,0,-1,-2,-1,2,4,2
33.511800,13,10,9,7,4,-1,0,-12,2
33.511820,37,4,2,0,-1,1,1,24,2
33.533789,-104,-47,-16,-11,-7,-3,-7,-7,2
33.533795,29,8,4,3,1,0,1,-24,2
33.533960,6,-3,-5,-5,-4,-1,0,21,2
33.533966,11,6,4,2,3,1,2,2,2
33.549765,-9,13,5,3,2,2,-1,-16,2
33.549771,-11,-14,-11,-10,-3,-3,-4,12,2
33.549773,-24,-4,0,0,-1,-1,-3,-23,2
33.549775,-4,8,5,1,1,2,0,-4,2
33.570456,24,3,0,-2,0,-1,0,11,2
33.570479,-21,-2,-2,-1,-2,-1,-2,-10,2
33.572901,23,4,1,-1,-4,0,-2,22,2
33.572912,-41,-7,-5,-2,-3,-2,-2,-32,2
33.592722,44,3,-1,-1,0,-4,-4,-9,2
33.592808,-25,-6,7,5,4,-1,-5,11,2
33.594835,8,-8,-4,-4,-5,-1,0,21,2
33.594840,1,-3,-3,-3,-2,-1,-2,15,2
33.607514,3,-1,-4,-4,0,-2,-2,-12,2
33.607535,21,8,4,4,1,1,0,-55,2
33.613729,-26,-3,0,3,3,-1,0,-21,2
33.613751,-26,-19,-8,-4,-1,-2,-6,-37,2
33.629962,25,5,-1,-3,-1,0,2,28,2
33.629977,16,4,2,1,1,1,-2,-1,2
33.631430,-23,1,-1,0,1,-1,-3,-38,2
33.631443,7,19,10,6,3,3,6,-17,2
33.652985,-63,-31,-14,-8,-4,-5,-7,6,2
33.653008,-3,2,-1,-2,-1,-1,-4,-18,2
33.656341,-12,-4,1,1,-1,-1,0,25,2
33.656362,22,6,2,-2,0,-2,-2,-13,2
33.667337,18,12,9,5,2,2,5,11,2
33.667365,-42,-1,-3,3,1,0,1,19,2
33.674233,5,-3,-3,-2,-1,-3,-4,-4,2
33.674258,0,-8,-4,-5,-1,-1,-3,22,2
33.690792,-3,6,6,2,-2,1,3,-13,2
33.690803,25,-2,-4,-5,-3,-2,-3,-3,2
33.691625,-26,5,4,4,2,-1,2,21,2
33.691635,1,-2,-2,0,-3,-3,-5,-3,2
33.712970,7,-1,-5,-4,0,-2,-2,-10,2
33.712992,35,10,0,1,-1,0,6,23,2
33.714532,-65,-25,-13,-6,-2,-4,-9,21,2
33.714536,95,-6,-1,-4,-3,-6,-8,-13,2
33.727034,24,11,3,-1,-2,1,1,13,2
33.727053,10,-1,0,1,1,0,1,9,2
33.734128,23,9,2,0,0,1,3,37,2
33.734156,-20,2,3,5,1,3,5,0,2
33.752142,-26,-23,-13,-6,3,-5,-9,-17,2
33.752147,-7,-1,3,-1,-4,-1,2,-20,2
33.752149,3,-3,-6,-5,-2,0,-1,-33,2
33.752151,17,5,2,2,-1,-1,0,-1,2
33.772967,-49,4,3,3,1,0,1,-6,2
33.772993,6,2,0,3,0,0,1,4,2
33.774979,19,-11,-5,-3,-1,-3,-4,13,2
33.774988,-25,-6,-7,-6,-7,-3,-2,0,2
33.787342,16,11,5,2,-2,1,-1,15,2
33.787367,-30,-11,-4,-3,-1,-1,-3,6,2
33.794613,20,6,5,2,-1,-1,1,-11,2
33.794653,-5,-9,-8,-7,-4,-2,-10,-49,2
33.810317,10,1,0,-1,-1,0,2,12,2
33.810347,-7,2,-1,-5,-1,-4,-6,-8,2
33.812662,23,6,2,4,4,0,0,-16,2
33.812668,-12,-6,-2,-2,-1,0,-2,-3,2
33.832794,-59,-18,-10,-5,-3,-2,-3,2,2
33.832815,25,6,2,-2,-1,0,-1,-3,2
33.835156,3,7,2,-2,-2,1,3,9,2
33.835161,-25,-5,-1,0,4,2,-2,-13,2
33.846834,27,6,0,2,-2,-2,-3,-4,2
33.846857,33,3,4,3,0,0,3,29,2
33.853923,-28,-19,-15,-10,-5,-3,-8,-23,2
33.855992,-11,8,7,4,4,1,7,22,2
33.870521,22,2,0,-3,-4,-3,-2,10,2
33.870554,18,3,-1,-1,1,-2,0,13,2
33.873379,-34,1,1,-1,0,0,0,-42,2
33.873390,33,3,-2,-3,-3,-3,-2,41,2
33.892634,-12,-5,-2,-2,-3,-3,-3,-44,2
33.892643,8,-1,1,3,-1,1,1,8,2
33.894069,11,9,6,2,3,-1,2,24,2
33.894133,0,-11,-10,-5,-1,-3,-4,12,2
33.907868,-1,4,1,-1,-4,1,0,2,2
33.907877,-7,1,0,-2,-1,-2,-1,-11,2
33.915230,14,1,2,2,-1,2,-1,0,2
33.915234,-28,5,4,3,0,1,4,12,2
33.939708,35,-13,-3,-2,3,-3,-6,-16,2
33.939720,-8,-7,-16,-9,-5,-4,-4,7,2
33.939724,1,-1,-3,-2,1,-4,-3,-1,2
33.939726,3,4,5,4,3,1,-2,0,2
33.954430,0,-1,-2,-3,-2,0,-3,-14,2
33.954437,-4,-2,1,-1,2,-1,0,-5,2
33.954439,10,-8,-2,1,-2,-2,-4,-13,2
33.954441,14,7,0,-1,-1,-1,1,10,2
33.966438,14,8,8,7,2,2,6,16,2
33.966459,-3,2,-1,-2,-3,-2,-4,-18,2
33.981612,-53,-12,-9,-5,-5,-2,-5,0,2
33.981644,2,2,1,1,0,0,2,-2,2
33.990178,17,9,4,-1,-1,1,4,58,2
33.990212,-43,-5,0,1,2,0,-4,-27,2
33.992269,11,2,2,-5,-3,-2,-4,4,2
33.992276,0,-4,-2,0,1,-2,-3,6,2
34.012592,-23,-1,-1,1,2,0,2,-6,2
34.012611,29,2,1,0,-1,0,1,22,2
34.014096,3,-1,-1,-2,2,-1,-3,-72,2
34.014104,-45,-6,1,0,1,-1,-2,13,2
34.026276,33,6,-2,0,-1,-1,1,9,2
34.026299,-11,-8,-4,-2,-3,1,-3,-3,2
34.036988,18,3,-5,-3,-1,0,-3,-42,2
34.036993,-11,-5,-1,0,-3,-4,-3,-6,2
34.050410,11,8,7,6,5,5,3,-10,2
34.050542,-20,-7,-6,-4,0,-3,-3,-29,2
34.051877,46,6,3,1,-1,-2,7,59,2
34.051896,-45,-6,-10,-5,-2,0,2,-16,2
34.072803,-5,-11,-6,-4,-2,-3,-7,-23,2
34.072841,31,5,3,-1,0,-1,-1,-25,2
34.075538,23,8,9,5,2,3,8,51,2
34.075543,-4,-12,-7,-3,-2,-1,-7,-66,2
34.086218,-8,-3,-4,-3,-3,-4,-2,19,2
34.086302,-15,-3,-7,-6,-3,-1,1,5,2
34.095737,5,-2,-2,1,0,-1,-2,0,2
34.095742,9,4,9,5,-2,0,1,14,2
34.110155,-10,2,1,1,5,1,2,9,2
34.110169,8,-6,-1,-2,-2,-1,-2,13,2
34.111472,-21,0,0,-1,-3,-2,-2,7,2
34.111488,3,-1,0,-2,-3,-3,-3,-13,2
34.133177,48,10,0,4,1,-1,4,35,2
34.133199,-4,-6,-1,-1,0,-1,-4,9,2
34.135517,-49,-23,-5,-5,0,-2,-8,-33,2
34.135521,27,4,1,1,2,0,-1,18,2
34.146220,-6,-2,-3,-7,-3,-2,-3,-17,2
34.146242,21,2,0,0,0,-2,-1,19,2
34.157190,-2,-4,0,1,-2,-1,2,15,2
34.157200,12,1,-3,-5,-1,-2,-4,-23,2
34.178143,-16,0,0,2,0,2,-2,-60,2
34.178175,-31,-4,-8,-1,-3,-1,1,5,2
34.179397,94,21,6,1,2,1,4,15,2
34.180646,-74,-28,-6,0,3,0,-5,-21,2
34.192753,15,1,-4,-4,0,-3,-5,-1,2
34.192837,3,0,3,2,2,0,-3,-27,2
34.194970,15,5,-3,-3,-4,0,1,24,2
34.194976,20,12,5,3,0,2,8,23,2
34.206272,-23,-18,-9,-9,-6,-4,-7,-15,2
34.206294,-5,2,1,3,1,-1,0,-20,2
34.217326,-11,6,7,4,2,2,1,47,2
34.217332,5,1,-2,-8,-6,-2,1,11,2
34.230667,-26,-3,1,1,-1,0,1,7,2
34.230695,5,2,-2,-1,0,3,6,51,2
34.232769,13,-3,-6,-4,-3,-2,-8,-45,2
34.232774,68,3,-2,-2,-2,-1,3,23,2
34.253163,-86,-12,-5,-5,-3,-3,-3,0,2
34.253177,4,5,6,4,2,-1,0,-1,2
34.255046,-13,2,1,0,2,2,3,29,2
34.255059,-24,-12,-1,0,1,-2,-5,-29,2
34.266550,58,10,-3,-3,-1,1,3,23,2
34.266555,-9,-3,1,-2,1,0,-4,-2,2
34.276134,-38,-3,-1,0,-1,-1,-1,-9,2
34.276141,7,-1,-6,-3,-1,-1,1,27,2
34.289647,-1,2,2,2,2,-2,-1,-7,2
34.289673,1,-3,2,1,0,0,-2,15,2
34.296164,4,2,-5,-3,-3,0,0,-19,2
34.296186,48,6,2,0,-1,1,3,56,2
34.313405,-89,-12,-11,-6,-3,-4,-5,-7,2
34.313409,34,-1,-3,-2,-2,-3,-4,-4,2
34.314015,4,6,7,6,2,1,0,-4,2
34.314028,-3,1,-1,0,-1,-1,-2,-32,2
34.326351,-21,-4,-2,-4,-5,-2,0,13,2
34.326374,14,0,-2,2,1,0,-1,-9,2
34.336908,-27,-1,3,3,0,-2,-3,-23,2
34.336914,1,4,-1,2,2,0,-1,7,2
34.350775,21,2,-1,0,-3,-1,-4,-43,2
34.350797,-13,2,3,0,-2,-1,0,-34,2
34.363735,-7,-10,-7,-3,0,-3,-3,-10,2
34.363758,-11,13,7,3,1,1,3,11,2
34.372879,39,-12,-9,-7,-6,-5,-5,1,2
34.372909,0,-3,-2,-4,-4,-3,-3,-4,2
34.375189,14,6,6,6,4,2,2,-4,2
34.375195,-25,-4,-5,-5,-2,-2,-4,-23,2
34.395610,43,3,2,1,0,-1,4,18,2
34.395628,-30,-1,0,1,-1,0,0,3,2
34.396838,-6,-3,-5,-4,-4,-4,-5,-8,2
34.396862,5,-2,-4,-4,-2,-1,0,8,2
34.410444,9,6,7,4,3,4,3,-6,2
34.410467,-15,-9,-11,-7,-5,-4,-4,-11,2
34.411820,5,-3,4,3,2,0,-2,12,2
34.411841,0,6,1,2,-3,-2,-1,0,2
34.440226,15,-12,-5,-3,-1,-1,-7,-17,2
34.440249,4,2,-2,-4,-1,-1,-1,1,2
34.441645,0,-4,-7,-6,-3,0,0,-10,2
34.441667,-23,4,2,0,4,2,-2,-21,2
34.455061,-5,6,6,4,3,0,6,30,2
34.455067,29,-6,-1,3,1,-2,0,13,2
34.456847,-18,-6,-7,-7,-6,-3,-6,25,2
34.456875,17,-3,-3,-1,3,-3,-4,-6,2
34.470522,-10,7,5,1,-1,0,0,-1,2
34.470528,-5,0,3,1,1,2,0,17,2
34.471562,2,-4,-5,-3,-2,-1,2,6,2
34.471575,-6,-5,-4,-5,-4,-2,-2,8,2
34.492746,2,1,1,1,1,-1,2,-3,2
34.492769,-5,4,-2,-1,1,-1,0,-6,2
34.494455,2,1,-2,-1,-1,-3,-2,-12,2
34.494459,5,-10,-5,-3,-2,-3,-6,10,2
34.517042,-10,-1,0,2,1,1,-6,-62,2
34.517048,29,8,-2,-5,-6,0,5,23,2
34.517051,-19,2,2,-1,2,3,0,2,2
34.517052,-1,-5,-6,-5,-1,-2,0,-3,2
34.532286,17,5,8,6,4,0,0,18,2
34.532299,-19,0,3,1,-1,-1,0,-1,2
34.543824,3,-3,-8,-3,-2,-2,-1,3,2
34.543847,-8,-2,2,0,-3,-3,-2,1,2
34.553015,-15,-1,-1,-1,-1,-2,-1,21,2
34.553033,8,-3,-3,0,0,-1,-1,-36,2
34.554359,23,-4,-7,-6,-4,-5,-3,-5,2
34.554364,-2,10,5,6,3,1,3,15,2
34.575173,4,4,3,-2,-1,-3,-1,18,2
34.575194,-29,-9,-3,0,-1,-1,-6,-43,2
34.576638,4,-4,-2,-1,2,-1,1,-2,2
34.576654,6,-1,1,-2,-2,1,2,-1,2
34.589814,10,5,2,2,2,2,1,-7,2
34.589933,-27,-14,-9,-4,-3,-5,-8,-14,2
34.596542,0,3,1,0,-1,1,2,39,2
34.596563,-1,-1,-1,-2,-2,-3,-4,-34,2
34.612667,1,1,1,-2,-2,0,3,2,2
34.612685,-36,-1,4,2,3,1,-2,0,2
34.614132,10,5,-1,1,0,0,0,5,2
34.614172,-6,-9,-8,-5,-5,-4,-6,-47,2
34.634987,-17,-7,-4,-1,-2,-1,-3,-9,2
34.635009,35,4,1,1,-1,-1,1,38,2
34.637575,-25,-3,-5,-2,-1,0,-3,-11,2
34.637580,-6,-2,-4,-5,-3,0,1,19,2
34.657903,10,-2,-3,-3,-2,0,-1,3,2
34.657912,-33,6,7,5,3,-1,0,4,2
34.659123,-12,-8,0,-2,0,-2,-3,-15,2
34.659143,4,-9,-5,-3,2,-1,1,34,2
34.673529,22,4,-4,-2,-5,-1,1,40,2
34.673544,5,9,5,4,-1,1,2,37,2
34.674254,-1,0,7,4,1,-1,-2,-14,2
34.674300,11,10,0,0,0,0,-2,-10,2
34.695135,10,-9,-7,-6,-3,-1,1,8,2
34.695151,20,-1,-7,-5,-2,-1,-2,-4,2
34.696956,11,3,7,4,0,2,-1,-4,2
34.696961,-55,-6,1,0,-3,-2,-8,-11,2
34.719786,17,-2,-2,-2,-1,-2,-4,4,2
34.719800,18,1,0,-2,-2,-1,1,-11,2
34.719805,-5,-13,-10,-7,-6,-2,-2,2,2
34.719809,-19,7,8,5,2,-1,3,-14,2
34.734380,-35,-8,-1,1,-2,0,-5,-30,2
34.734385,-9,-2,0,-1,0,-2,0,18,2
34.734387,20,1,-1,-2,-1,1,-3,-31,2
34.734389,13,-1,-6,-4,-3,-1,-2,2,2
34.754796,0,1,-3,-3,-1,-1,0,-4,2
34.754826,27,-1,4,4,5,0,-1,-12,2
34.764878,-46,3,4,4,1,0,-3,5,2
34.764883,6,1,1,-2,-4,-1,1,-24,2
34.769991,0,-1,-2,-3,-1,-1,0,5,2
34.770010,-7,-12,-11,-9,-5,0,-1,-7,2
34.776730,-20,-4,-6,-2,-1,-2,-3,-23,2
34.776759,4,3,6,2,-1,0,1,0,2
34.792846,9,4,-3,-1,-2,-2,2,-3,2
34.792864,29,2,5,1,-1,-1,3,73,2
34.794841,-62,-15,-9,-5,-1,-1,-9,-47,2
34.794857,8,0,0,-1,0,-1,0,4,2
34.816054,1,4,3,1,3,-1,3,11,2
34.816083,-1,-12,-10,-8,-4,-5,-7,-26,2
34.821228,0,8,6,1,1,-3,5,11,2
34.821242,5,-1,-2,-3,-2,-1,-1,32,2
34.829408,6,-7,-2,2,-3,0,-1,5,2
34.829424,-34,1,2,1,-1,0,-3,-14,2
34.835992,9,2,3,2,1,0,3,14,2
34.836014,-16,-10,-8,-3,-2,-2,-3,8,2
34.852507,-2,4,3,-1,-1,0,0,-9,2
34.852529,-6,1,2,4,0,1,1,-3,2
34.854684,10,-1,-4,-3,-4,-1,-1,4,2
34.854687,27,4,6,5,1,1,2,12,2
34.875296,-34,-8,-7,-5,-4,-2,-7,-24,2
34.875315,-16,-4,-6,-2,4,0,-4,-43,2
34.876675,1,8,10,4,3,-1,4,36,2
34.876691,41,-12,-8,-4,0,-2,-11,-15,2
34.897486,-28,1,-2,-2,-1,-2,-3,-20,2
34.897507,1,-5,-4,-5,-4,-1,0,13,2
34.903699,37,18,4,3,-1,0,0,-31,2
34.903718,-29,-18,-5,-2,1,-2,-7,-29,2
34.912776,12,3,2,1,1,0,-2,4,2
34.912801,15,9,6,2,0,-1,1,11,2
34.914824,13,-6,-6,-6,-3,-5,-5,7,2
34.914832,-4,7,1,-2,-1,0,1,-1,2
34.935473,1,-6,-1,1,2,0,-2,-17,2
34.937311,8,11,0,1,3,0,-5,-35,2
34.941357,10,-12,-4,-3,-4,-3,-5,4,2
34.941380,-12,0,-3,-4,-1,-1,0,-25,2
34.949302,-2,-2,4,3,3,2,3,21,2
34.949331,1,1,2,-2,-6,-1,2,20,2
34.958645,18,-2,-3,0,0,2,1,4,2
34.958650,-67,-1,3,3,0,1,2,15,2
34.972563,54,-12,-11,-5,-4,-4,-5,-37,2
34.972591,10,5,1,1,-3,-2,-2,-16,2
34.974202,3,-2,-1,0,8,0,0,30,2
34.974241,9,5,3,1,-1,0,2,24,2
35.003171,2,9,1,0,2,0,3,-1,2
35.003191,-14,-16,-6,-4,-3,-1,-4,-18,2
35.005232,-16,-1,3,0,-2,-2,3,-2,2
35.005237,47,6,2,0,0,0,-1,-11,2
35.008843,-41,-11,-8,-5,-2,-1,-2,-17,2
35.008865,0,1,1,-2,-3,-4,-3,5,2
35.017744,-12,-3,-4,-5,-2,-1,1,-27,2
35.017798,10,3,1,0,-2,-1,2,5,2
35.032576,-6,0,0,-1,-2,-2,-5,-1,2
35.032598,-5,-2,-1,-1,0,1,2,17,2
35.033955,10,0,-1,1,-1,0,-2,-5,2
35.033968,-13,4,2,3,2,-2,0,17,2
35.055540,44,-2,-2,-4,-7,-1,-1,27,2
35.055569,3,-4,-6,-3,-1,-1,2,7,2
35.057980,-7,-2,2,0,-1,1,-4,-8,2
35.057997,31,11,3,0,0,0,3,21,2
35.069432,-27,-12,-7,-7,-4,-4,-4,-11,2
35.069464,-13,-3,-1,5,3,-2,-1,-22,2
37.079318,-1,-2,-3,-1,-1,-2,-3,-7,0
37.079648,3,0,1,1,0,0,-2,5,0
37.081840,-10,-9,-6,-2,-3,0,-1,-2,0
37.081886,-2,1,9,6,3,-1,1,7,0
37.103537,1,-3,-4,-1,-2,-2,-2,2,0
37.103541,-1,2,-2,-2,-1,0,-2,-30,0
37.103543,3,1,1,2,0,-2,1,9,0
37.103545,1,-1,-3,-4,-2,0,-3,8,0
37.125313,0,1,1,-1,-2,-4,0,-1,0
37.125331,-5,-7,2,0,0,-1,0,-13,0
37.126945,5,5,1,2,0,0,-1,-2,0
37.126957,-5,-6,-3,0,1,0,-2,-5,0
37.147230,4,8,-1,-2,-2,0,2,3,0
37.147252,-5,-16,-9,-6,-3,-2,-8,-2,0
37.148632,0,4,6,1,0,-3,2,14,0
37.148636,-2,-1,1,-1,0,-1,-2,-4,0
37.162438,1,0,-3,0,-3,-2,-1,12,0
37.162480,-5,-10,-4,-3,-2,-3,0,-2,0
37.164777,-7,3,-4,-1,0,-3,-4,-14,0
37.164782,7,8,7,6,1,1,2,7,0
37.177028,1,-1,0,2,-1,-1,-1,2,0
37.177045,-6,-2,-4,-3,-3,-1,1,8,0
37.178922,1,-6,-1,-3,-2,-1,0,-3,0
37.178935,3,2,-2,-3,-1,0,-1,-7,0
37.199621,0,1,0,-2,-1,-2,-1,-9,0
37.199700,0,5,-2,-3,-2,-2,-1,6,0
37.200277,-7,-12,3,3,2,2,0,-30,0
37.200296,-2,0,-4,-4,-3,-2,0,9,0
37.222305,-2,0,-3,-1,-1,-2,-3,-3,0
37.222399,5,1,-1,1,2,1,1,1,0
37.225211,3,0,-6,-4,-1,-2,0,1,0
37.225218,0,5,4,0,-1,-2,-1,-6,0
37.240652,-12,-12,-6,-6,-1,-1,-4,-5,0
37.240659,-1,3,3,3,0,-1,7,-14,0
37.244809,-2,6,2,0,1,2,-11,-3,0
37.244838,1,-6,-6,-4,-2,-1,3,-3,0
37.259117,-2,-3,-2,1,-3,0,0,1,0
37.259132,3,1,2,3,1,0,2,7,0
37.266826,2,0,-8,-5,-4,-2,-2,10,0
37.266848,0,-2,1,2,-1,-2,0,-2,0
37.282126,-1,-9,-6,-7,-2,-3,-5,-3,0
37.282148,0,6,5,2,3,1,2,-5,0
37.283223,3,6,1,-1,-2,-2,2,6,0
37.283227,-7,-12,-10,-6,-5,-3,-3,-3,0
37.297711,1,5,3,4,-1,1,-2,-1,0
37.297736,-1,-1,-1,-2,-2,-3,-4,17,0
37.297740,3,14,0,-2,-2,-1,-1,-22,0
37.299469,-3,-21,-7,-5,-2,-1,0,18,0
37.320985,-8,-9,-1,-1,-3,-4,-4,-25,0
37.320991,5,6,3,4,0,1,2,11,0
37.320993,-3,-3,0,-2,-2,0,2,12,0
37.320995,1,5,2,0,-1,-2,-4,-3,0
37.342025,-2,-3,-1,-2,3,-1,0,-4,0
37.342044,1,2,-1,-4,-5,-2,-1,0,0
37.343175,0,4,2,5,2,-1,-1,0,0
37.343181,-1,1,-1,-4,-1,0,-2,-22,0
37.357029,2,-2,1,2,1,0,0,9,0
37.358297,-3,-2,-3,-4,-2,-2,-1,-3,0
37.358304,-2,-12,-5,-3,0,-2,0,6,0
37.358306,0,3,-1,0,0,-2,1,16,0
37.381663,-1,1,-1,0,-1,-1,-8,-11,0
37.381669,2,-4,-5,-6,-3,-1,3,0,0
37.381670,1,-3,-4,-4,0,0,-1,2,0
37.381672,-1,3,7,5,3,2,1,-6,0
37.401854,-2,-2,2,2,0,0,-1,7,0
37.401872,-2,-1,1,3,-1,0,-4,3,0
37.402520,-3,-1,-3,-3,-3,0,4,0,0
37.402533,-3,-5,-2,-1,-3,-3,-16,-5,0
37.416841,7,16,-3,-4,-2,1,5,3,0
37.416864,-8,-21,-5,-3,-1,-4,-7,-16,0
37.424398,-13,-4,5,3,3,0,5,-10,0
37.424418,0,1,-2,1,-1,-1,2,1,0
37.439739,0,0,-3,-3,-2,-4,0,-3,0
37.439769,3,8,0,-2,-2,0,-1,4,0
37.442270,4,-3,-3,-2,-5,-3,-3,3,0
37.442277,-2,0,1,-2,-1,-1,3,13,0
37.461833,-6,-5,0,-1,-1,0,-2,-20,0
37.461850,1,6,-2,-1,-1,1,0,-7,0
37.462559,4,-2,-1,-1,-2,0,-1,11,0
37.462572,-4,0,-5,-3,-2,-1,0,10,0
37.476836,1,0,1,2,0,-2,5,3,0
37.476853,-2,-6,0,-2,-1,-1,-7,2,0
37.478080,-1,8,1,-2,-2,-1,0,-10,0
37.478084,-5,-14,-3,2,1,-1,-1,-13,0
37.499276,0,-1,-4,-4,-1,-3,0,4,0
37.499298,2,4,1,2,0,1,-2,-4,0
37.501164,0,-8,3,0,-2,1,-3,15,0
37.501176,4,3,-1,-2,-2,1,1,3,0
37.523806,-3,2,2,-2,-4,-2,-2,-12,0
37.523824,-4,0,-2,-1,0,-1,0,8,0
37.523826,4,5,-1,-2,0,0,-1,-13,0
37.523828,2,8,2,-2,1,0,1,-1,0
37.539178,0,-9,-3,-3,-1,0,-2,6,0
37.539184,1,-8,-4,-7,-3,-1,-1,4,0
37.539186,-2,4,-2,0,1,0,-2,0,0
37.539188,0,-2,-1,1,0,1,-1,1,0
37.559501,-2,-1,-3,-2,-2,-2,-3,-3,0
37.559585,-1,-1,0,1,-2,-1,8,0,0
37.560475,-1,0,0,0,-1,-1,-10,-1,0
37.560508,3,1,-3,-2,-1,1,-3,2,0
37.582377,-4,0,3,0,0,0,0,4,0
37.582405,-5,-1,-2,-1,0,-2,2,-3,0
37.584534,-1,-1,3,4,1,1,0,0,0
37.584575,0,-2,-3,-1,-1,-2,-1,-7,0
37.597454,5,7,2,0,1,2,-1,7,0
37.597482,0,-3,-7,-3,-3,-2,-6,1,0
37.599632,1,-4,-6,-4,-1,-4,2,1,0
37.599637,-4,2,3,-2,-1,-2,-3,-3,0
37.619755,-3,-3,0,2,0,1,1,-2,0
37.619774,0,-1,-2,0,-1,0,0,-2,0
37.620275,1,5,-1,-2,-1,-1,0,5,0
37.620293,0,-3,-1,0,-1,0,-1,5,0
37.641836,0,-7,-2,-2,0,-2,-4,3,0
37.643854,0,6,3,0,0,0,-1,-1,0
37.643861,-1,-6,-3,-2,-1,0,1,-6,0
37.643864,-7,-5,-3,-5,-4,-1,-1,-4,0
37.657172,-1,4,-2,0,0,0,0,-1,0
37.657213,-2,-7,-1,2,1,0,-1,-3,0
37.658393,-2,-2,0,0,1,1,8,1,0
37.658397,3,3,3,1,1,-3,-9,-4,0
37.680936,2,2,1,-4,-1,-3,4,1,0
37.680948,0,2,2,0,1,-1,-9,-4,0
37.680952,-5,-6,-6,-2,0,-2,5,-3,0
37.680956,-1,6,-5,-4,-3,0,3,-15,0
37.702100,-3,-13,-4,-5,-1,-1,-3,0,0
37.702121,-3,-4,0,1,-2,-3,1,1,0
37.703442,2,3,1,0,-1,0,-1,0,0
37.703446,-3,-3,-1,3,0,0,-3,-2,0
37.717159,3,9,5,2,3,0,-3,12,0
37.718744,-1,0,-3,-3,-2,0,1,1,0
37.718748,-3,0,1,1,-1,-1,-5,-4,0
37.718750,2,-3,-6,-5,-3,-2,10,9,0
37.739605,-2,-10,-10,-1,-2,-3,-6,-3,0
37.739628,-5,1,10,5,3,-1,4,5,0
37.741803,-2,0,-3,-1,-4,-1,-11,-2,0
37.741808,2,-2,-2,-2,-1,0,2,1,0
37.770420,-4,0,-1,-2,-1,0,-1,-4,0
37.770440,3,-1,-4,-6,-4,-3,-3,-3,0
37.773355,-3,-1,2,1,0,-3,-1,4,0
37.773363,4,11,-4,-2,0,0,-2,-5,0
37.776117,-14,-26,-5,-1,-1,-1,1,-1,0
37.776133,0,6,6,6,1,0,1,-2,0
37.784573,-5,-7,-1,0,0,1,0,-1,0
37.784588,0,3,3,0,-1,-1,-4,3,0
37.800393,-1,0,-6,-5,-4,-2,0,-13,0
37.800414,9,-1,-5,-7,-2,-3,2,19,0
37.802286,-3,6,2,0,-1,-3,0,-6,0
37.802290,-1,-9,4,4,3,0,1,2,0
37.822467,-1,6,1,0,-2,0,-2,1,0
37.822483,0,0,-3,-4,-2,-2,-5,-7,0
37.822653,2,5,0,-3,-1,-1,3,6,0
37.822733,-6,-14,-4,-3,-1,0,-5,-9,0
37.838110,6,8,-1,-2,-2,-2,6,6,0
37.838116,-3,-4,-2,1,-1,-1,4,-1,0
37.844327,3,-3,1,4,1,0,-3,1,0
37.844343,-3,3,2,0,-1,0,0,-4,0
37.859392,6,-1,0,-3,-1,-1,1,2,0
37.861034,-7,-6,-3,-4,-3,0,-6,-5,0
37.861040,1,-2,-7,-7,-2,0,1,0,0
37.861042,9,-3,8,2,-1,0,1,3,0
37.883868,-2,5,4,5,1,2,0,-7,0
37.883874,11,4,-2,-3,-1,0,0,-2,0
37.883876,1,1,2,1,-2,2,-2,-1,0
37.883878,12,0,-5,-4,-5,-4,-4,-4,0
37.896774,-22,-8,-7,-4,-2,-4,-4,-9,0
37.896794,16,-3,0,0,0,0,0,-1,0
37.904735,49,4,2,0,-2,-1,-1,5,0
37.904754,-61,1,-3,0,0,0,-2,-6,0
37.919794,40,-4,-1,-4,-1,0,-3,-4,0
37.919862,-38,1,-3,-3,1,-1,2,-5,0
37.920314,-6,-11,-1,2,1,-1,-2,-11,0
37.920333,35,10,5,1,1,1,3,6,0
37.942056,-30,4,0,2,0,-1,-3,4,0
37.942073,-4,-12,-5,-2,-3,-2,-5,-14,0
37.943722,7,-1,-4,-4,-1,0,0,2,0
37.943728,-25,-8,-6,-3,1,-2,9,-1,0
37.956586,20,8,6,2,3,0,-7,6,0
37.956605,-1,5,1,2,0,2,0,6,0
37.964897,-31,-1,-2,-2,0,-4,-2,-5,0
37.964925,17,-4,-3,-2,-1,-1,-2,-4,0
37.979858,18,0,-2,-2,-2,0,3,3,0
37.979875,-4,5,3,1,-1,1,2,5,0
37.987256,-5,5,-1,-3,2,-1,1,0,0
37.987282,-44,-14,-9,-7,-5,-4,-7,-16,0
38.001818,52,-3,-1,-1,-1,-1,-3,-6,0
38.001841,-36,-2,2,2,-1,1,-2,-8,0
38.003549,4,8,2,1,-1,-1,1,3,0
38.003560,44,-1,0,2,1,1,0,8,0
38.016282,14,2,-4,-2,-4,-1,-1,-4,0
38.016303,-6,7,-1,0,-2,-1,2,5,0
38.024958,-8,-11,-7,-8,-3,-1,-3,-5,0
38.024966,3,0,1,-3,-1,-2,-3,7,0
38.047897,-14,5,4,6,2,-1,-2,-9,0
38.047918,44,4,3,1,1,-2,1,5,0
38.049848,-29,-1,-1,-1,-2,-1,-1,2,0
38.049853,-14,-3,-2,-1,-3,-2,-3,-10,0
38.062632,7,2,2,1,0,1,1,7,0
38.062648,-12,0,-1,-2,-2,-1,-1,-3,0
38.064069,-64,-29,-9,-4,-3,-4,-7,-17,0
38.064073,36,8,1,-2,-2,-1,1,6,0
38.076255,-50,-3,-1,-3,-1,0,1,3,0
38.076277,16,-6,-3,-3,-3,-3,-2,-6,0
38.086417,33,6,3,2,-1,1,3,7,0
38.086460,2,-1,-1,1,2,1,-4,-1,0
38.102466,-12,3,-1,-2,0,-2,3,4,0
38.102473,-8,-7,-4,-2,-3,-3,0,-4,0
38.102475,10,4,2,0,-2,-2,-1,-8,0
38.102476,24,4,0,0,-2,-1,0,2,0
38.122277,29,12,4,2,0,2,3,13,0
38.122298,-51,-32,-11,-3,-3,-3,-6,-20,0
38.124852,35,14,5,2,-1,-3,2,4,0
38.124858,1,-1,-4,-2,-3,-2,-1,2,0
38.145564,-35,-3,0,1,2,-1,-4,-6,0
38.145585,12,-7,4,5,3,2,-3,-1,0
38.148111,-20,-1,3,1,1,2,2,7,0
38.148117,7,1,-1,-3,-2,-3,-2,-1,0
38.159451,-10,-9,-8,-6,-3,-2,1,1,0
38.159473,8,7,-2,-5,0,-1,1,0,0
38.162241,-24,-12,-5,-3,0,-1,-3,-10,0
38.162249,10,1,1,2,0,-3,0,2,0
38.181774,13,0,-2,-3,-3,-4,2,3,0
38.181796,-46,-6,-5,-1,-3,-3,-6,-6,0
38.182471,64,5,2,2,2,1,-2,3,0
38.182484,-29,4,6,4,1,3,4,-1,0
38.205412,3,-5,-1,-1,0,-1,-3,-9,0
38.205438,16,3,-3,-5,-4,1,1,12,0
38.207783,-28,-8,-7,-8,-4,-1,-4,-6,0
38.207791,-19,-3,-1,1,-1,-1,-1,-5,0
38.219717,35,3,5,2,1,0,0,3,0
38.219738,-14,0,-2,-2,-1,-2,0,0,0
38.222422,5,3,1,0,0,0,-1,2,0
38.222429,15,6,0,0,0,0,-4,-5,0
38.241954,-40,-8,0,2,-2,1,-2,18,0
38.241982,0,4,2,-2,1,-2,-2,-21,0
38.242620,6,-3,-2,-2,-2,-1,0,2,0
38.242640,-2,4,-3,-2,0,-1,1,3,0
38.265249,-8,-10,-8,-3,-3,0,-2,2,0
38.265270,-13,1,2,1,3,2,-1,-2,0
38.267200,17,3,0,-3,-4,-1,-2,-1,0
38.267206,-4,-4,-2,0,-3,-1,-1,1,0
38.281016,-6,1,1,2,1,1,0,-5,0
38.281039,20,3,0,-2,0,-2,1,11,0
38.281041,8,1,2,2,0,1,1,-3,0
38.281043,9,-2,1,-3,1,0,-1,4,0
38.301896,-26,-8,-7,-3,-4,-1,-2,-19,0
38.301924,11,-1,-4,-3,-3,0,0,2,0
38.303423,0,-8,-10,-8,-4,-4,-2,0,0
38.303431,-8,5,10,9,4,3,1,0,0
38.325729,17,15,16,9,6,5,3,8,0
38.325759,3,-12,-10,-5,-3,-1,-5,-15,0
38.326902,31,4,-3,-2,-2,-3,0,8,0
38.326909,-21,-9,-8,-9,-5,-1,-1,-3,0
38.339610,-8,-10,-5,-5,-1,-5,-1,-8,0
38.339635,18,11,5,2,0,2,4,14,0
38.340243,-9,-6,-1,0,2,-1,-1,5,0
38.340260,35,1,-1,-3,-1,-4,-1,-7,0
38.362766,1,15,5,2,0,2,2,0,0
38.365150,-7,-1,1,1,-1,1,-3,1,0
38.365159,-3,-3,-1,1,1,0,0,0,0
38.365161,-12,-3,1,1,1,-1,-3,1,0
38.384384,0,-5,-4,-5,-4,-2,-1,-3,0
38.384397,21,5,-1,1,2,-3,-1,4,0
38.392052,-7,7,4,5,3,1,1,1,0
38.392070,-12,-6,-6,-4,-3,0,-3,-5,0
38.399235,-46,-8,-6,-5,-5,-1,-5,-2,0
38.399256,93,3,4,3,-1,-1,-2,-4,0
38.401489,-76,-9,0,0,0,-2,-5,-15,0
38.401492,22,1,-1,-2,0,1,3,4,0
38.422131,7,-6,-7,-5,-3,-4,0,-5,0
38.424781,-4,1,0,0,-1,0,2,6,0
38.424787,4,-6,-2,-2,-2,-3,-6,-14,0
38.424789,14,-3,-1,0,-2,-2,-3,-1,0
38.447318,-12,1,0,2,1,-3,-1,-4,0
38.447331,4,6,1,0,-2,0,3,7,0
38.447335,8,-1,-2,-2,-1,-1,0,-2,0
38.447342,-36,-8,-3,-4,-3,0,1,-5,0
38.459487,15,-1,-2,-3,-2,-5,-2,-26,0
38.459510,-16,-3,-4,-2,0,-1,3,2,0
38.461857,4,7,1,0,2,5,6,7,0
38.461863,-25,-5,-2,0,-25,-19,5,6,0
38.481796,-2,-4,0,-1,-1,-6,9,-7,0
38.481818,13,3,1,4,0,-14,-27,-1,0
38.482481,-3,5,6,1,-11,15,8,18,0
38.482625,-18,-3,-2,-3,6,-5,-6,14,0
38.505553,1,-2,-3,-4,-10,-1,-4,2,0
38.508388,-19,3,2,0,0,25,17,15,0
38.508395,10,-2,0,1,13,5,-3,-10,0
38.508397,-34,-1,-2,1,2,-25,-7,-8,0
38.519689,18,-1,2,5,17,14,8,11,0
38.519718,-18,-2,-3,-6,-25,-16,-15,-10,0
38.522074,-16,0,0,-4,-12,5,0,0,0
38.522079,-3,-4,-4,-4,6,9,0,-10,0
38.542044,8,3,0,2,-1,-4,1,6,0
38.542063,-31,-1,0,3,14,5,5,-7,0
38.542645,8,-4,-2,-3,-1,-20,-10,1,0
38.542659,31,-3,-3,-1,-5,4,8,-7,0
38.564982,8,3,0,3,7,20,-7,6,0
38.565005,-12,-4,-2,-6,-3,0,-1,-4,0
38.566594,2,0,-2,-2,-1,-7,2,2,0
38.566600,3,4,2,1,8,17,0,-9,0
38.579430,2,-1,0,-2,-4,-10,-24,-4,0
38.579451,36,3,1,4,9,-2,-1,1,0
38.581116,-75,-14,-4,0,7,14,0,-9,0
38.581183,15,0,-4,-9,-26,-12,3,2,0
38.604656,-15,-9,-4,-3,-11,-12,3,-9,0
38.604661,-9,1,3,10,20,3,1,0,0
38.604663,28,3,-2,-7,-18,15,4,1,0
38.604665,-4,-3,0,-1,14,-21,-10,-3,0
38.625223,-6,-2,-3,-10,-1,-1,-1,-6,0
38.625239,-6,-2,-2,4,17,-6,4,1,0
38.626358,12,-1,0,6,2,11,2,0,0
38.626363,-6,-5,0,0,-2,9,-5,-2,0
38.639745,-8,-3,-6,0,-1,-17,-3,-10,0
38.639781,-9,0,1,-2,-5,3,-8,-1,0
38.641765,42,4,-1,-3,-3,-14,2,2,0
38.641771,-27,-2,-3,-6,-8,6,2,-10,0
38.661878,45,2,5,4,6,-9,4,14,0
38.661901,-37,-3,-4,-4,-9,4,0,-10,0
38.663237,-20,-6,-4,-3,-4,-12,-8,-8,0
38.663241,25,5,-2,3,11,-6,-2,6,0
38.685582,2,0,1,4,3,33,11,6,0
38.685604,-6,-1,-3,-9,-15,-12,-9,2,0
38.685948,19,1,0,12,26,-5,0,3,0
38.685966,-8,-4,-2,-9,-56,-7,-3,-2,0
38.698656,3,4,2,9,36,8,-1,3,0
38.698673,7,-2,-4,-24,-63,-16,3,-1,0
38.707233,-10,0,1,1,15,-14,-2,2,0
38.707339,-14,-4,-3,-1,8,21,1,-5,0
38.722288,-1,1,-3,-2,-7,-20,4,6,0
38.722330,15,3,1,4,9,11,14,0,0
38.725336,-41,-7,0,1,5,-3,-6,8,0
38.725342,9,-1,-2,-1,7,12,2,0,0
38.745114,1,4,0,-4,-9,-9,-8,-1,0
38.745121,6,1,1,1,13,-2,3,3,0
38.745745,9,3,-2,-4,-11,4,-3,-13,0
38.745758,8,2,0,3,12,3,-1,5,0
38.760122,-26,-3,-4,-6,-13,0,0,1,0
38.760128,-4,-10,-1,4,10,1,-6,-9,0
38.766785,4,6,0,-2,-9,0,3,3,0
38.766806,9,4,5,3,6,3,-3,4,0
38.781569,-17,-5,-2,0,-10,-24,-10,-8,0
38.781591,12,2,0,2,9,27,7,3,0
38.796804,-5,-4,-5,-5,-6,-11,5,-1,0
38.796826,-11,-2,0,3,10,-2,-12,-6,0
38.807271,11,0,0,1,-6,-9,-3,-8,0
38.807280,-24,-2,0,8,30,41,3,-3,0
38.807282,10,-6,-7,-22,-63,1,-5,-7,0
38.807284,10,1,1,1,3,-7,3,1,0
38.819232,-6,-5,-2,-6,-4,3,-5,-1,0
38.819263,30,0,0,0,3,-8,-3,1,0
38.826945,-13,-1,-1,6,18,-5,6,-6,0
38.826963,-53,-7,-2,0,4,7,0,-4,0
38.841937,18,0,0,-1,-4,0,0,0,0
38.841982,-15,-4,-4,-1,2,-6,9,0,0
38.842580,28,7,5,2,8,2,-17,7,0
38.842595,5,-1,0,-1,-1,2,0,1,0
38.865721,-18,-5,-3,0,14,2,0,-3,0
38.865749,21,4,2,-3,-12,-12,-8,1,0
38.867848,-9,2,-1,10,30,4,16,25,0
38.867854,-3,2,-6,-14,-28,-7,15,-58,0
38.879186,20,-7,-5,-12,-9,51,2,4,0
38.879202,-7,-5,-3,3,-2,-36,-8,0,0
38.901489,7,-1,-2,-10,-20,-43,-28,-38,0
38.901503,-2,0,5,23,40,13,15,15,0
38.913873,15,-4,-6,-9,-34,8,10,-2,0
38.913878,-13,-4,-6,-22,-23,-29,-5,-1,0
38.913879,7,-1,2,4,15,17,5,-5,0
38.913881,24,2,-1,2,6,-14,-13,17,0
38.925039,-35,-3,1,-1,-17,3,-5,-13,0
38.925058,4,-3,0,6,15,8,3,11,0
38.926735,2,1,2,-2,-14,0,-1,-2,0
38.926741,50,9,0,0,12,9,2,12,0
38.938875,-75,-8,-1,4,14,-7,0,-1,0
38.938900,15,5,-1,-4,-8,1,3,14,0
38.947329,16,-6,-3,0,1,1,1,-13,0
38.947336,18,6,-2,-4,-8,-5,-10,-3,0
38.964122,3,2,-1,-2,4,-8,-7,-1,0
38.964128,38,5,1,-1,-11,-3,1,3,0
38.964130,-28,-8,-2,3,9,8,1,1,0
38.964132,-11,3,2,2,-5,-3,-6,4,0
38.985117,24,3,-2,-1,-1,-14,-3,9,0
38.985137,-37,-5,-2,2,6,0,-5,-17,0
38.986219,12,7,0,-3,-2,30,3,12,0
38.986223,10,5,0,-5,13,5,-1,26,0
38.998740,-24,-2,-1,2,-12,-13,2,-1,0
38.998759,3,0,2,6,-1,3,3,-11,0
39.006990,-5,0,-2,-4,-6,6,6,8,0
39.007011,-29,-8,-3,-4,-16,-2,0,-5,0
39.022432,36,10,3,2,10,5,1,5,0
39.024989,-60,-4,1,1,4,-8,-8,2,0
39.024998,9,0,0,-2,-6,9,2,-2,0
39.025000,16,-8,-6,-4,-7,-23,-7,-9,0
39.044964,28,2,2,1,13,-9,2,0,0
39.044986,-20,-2,-4,0,-2,2,-1,-3,0
39.045675,-9,2,0,-3,2,-6,-8,11,0
39.045691,-21,-8,-1,-1,-4,0,-5,-9,0
39.058664,-5,1,-2,1,2,-2,2,5,0
39.058682,6,-2,-2,-4,-4,0,-2,-1,0
39.067359,-8,0,-2,6,20,-3,2,-7,0
39.067388,7,-9,-5,-15,-47,-18,0,1,0
39.082402,-6,1,3,2,12,11,-7,-4,0
39.082423,25,0,-1,-1,3,-2,0,2,0
39.083914,-6,1,-2,1,-2,-6,0,-2,0
