timestamp,emg1,emg2,emg3,emg4,emg5,emg6,emg7,emg8,label
2.000722,-21,-4,-5,11,-42,-14,-51,-56,3
2.001002,11,3,-2,-12,64,30,15,35,3
2.021836,3,-2,-2,6,-17,-13,18,22,3
2.021863,-11,-1,2,15,4,-14,-24,4,3
2.023848,3,-2,-5,-53,-71,-33,-10,0,3
2.023854,4,-1,-2,-19,7,9,-53,6,3
2.044240,6,1,5,63,107,12,66,17,3
2.044261,-2,3,-6,-3,21,48,15,3,3
2.045699,0,3,5,-6,-59,-33,60,-22,3
2.045723,-11,-1,-5,2,10,1,29,26,3
2.059055,13,-4,-7,-14,14,36,-1,-42,3
2.059059,-14,0,1,4,-44,-86,-63,-2,3
2.065306,-5,-7,-1,9,25,88,8,18,3
2.065330,-9,-4,1,-10,-112,39,30,-28,3
2.081648,-7,5,1,5,-38,-47,-6,29,3
2.081668,6,-4,-5,-4,20,5,-37,-22,3
2.083181,3,4,0,-15,-54,7,29,-3,3
2.083189,4,2,0,-19,-35,-39,5,23,3
2.106180,-4,-4,-2,-12,-3,28,-16,6,3
2.106192,6,0,-2,-7,-7,-13,-4,0,3
2.106194,-9,2,1,14,31,12,-19,-1,3
2.106196,12,-3,-2,-12,44,-6,14,3,3
2.118696,-11,-8,-5,-28,-128,4,-1,3,3
2.118720,-6,-9,-10,45,16,-7,-78,-27,3
2.125784,-10,-5,-9,-18,-46,5,3,5,3
2.125805,15,3,-1,0,-28,27,-64,58,3
2.141922,18,-1,-2,-6,-19,-22,11,20,3
2.141943,-13,1,2,-2,-13,10,39,33,3
2.143308,-11,-11,-5,-8,14,16,-36,-42,3
2.143469,-8,-4,-1,11,-17,-13,-38,-31,3
2.164589,1,3,3,2,16,-2,9,-15,3
2.164616,14,5,2,-7,-3,-11,21,35,3
2.166109,9,7,1,7,5,-13,7,-6,3
2.166115,5,4,0,-3,-52,-11,23,-5,3
2.178605,0,2,0,36,78,23,43,35,3
2.178632,-2,-4,-1,-18,41,11,-53,-46,3
2.185288,4,1,-2,1,-25,-60,13,29,3
2.185304,-3,-6,-5,10,-17,89,-16,89,3
2.201671,-9,-1,-1,-10,-8,-26,-23,-78,3
2.201682,10,2,3,17,18,24,40,53,3
2.203191,1,-1,-1,-2,26,-45,28,-65,3
2.203207,-6,0,-3,-6,11,-43,-31,12,3
2.224128,-4,1,1,5,-14,-14,20,1,3
2.224149,3,0,1,-6,-13,16,24,-29,3
2.226767,-5,1,2,-3,-50,-37,-18,11,3
2.226777,0,-2,-1,14,27,42,18,-29,3
2.239095,-5,-1,-3,-11,64,89,17,13,3
2.239126,3,5,3,3,-23,44,96,10,3
2.245476,-2,-1,0,2,-78,-17,-37,20,3
2.245503,-11,-3,1,6,100,40,-44,-49,3
2.263396,4,-1,-6,-40,-52,32,-57,12,3
2.263402,-8,-4,-3,0,-22,61,-28,44,3
2.263404,-38,1,2,-5,4,127,12,-96,3
2.263406,19,-2,-1,13,-16,-14,36,66,3
2.284171,8,5,4,-6,-19,-41,-5,20,3
2.284194,-2,-3,-1,-4,7,-10,4,-42,3
2.285769,6,-2,-2,-6,5,1,-4,11,3
2.285785,-4,-2,-1,-8,-28,-53,-8,-21,3
2.298728,-3,-2,2,13,18,14,13,18,3
2.298746,10,-3,-2,-2,-3,-40,1,3,3
2.305281,6,-1,1,11,-3,-18,-4,29,3
2.305303,-10,-1,-1,-3,-9,-27,-10,-27,3
2.322707,5,3,1,13,27,-57,18,34,3
2.322728,-1,-7,-3,-6,-63,40,-19,-54,3
2.324717,-17,1,-2,-7,58,1,16,13,3
2.324722,-3,-2,-1,-10,-10,-33,68,45,3
2.344572,-13,4,1,1,-34,0,-81,-82,3
2.344600,-15,-11,-7,-7,-13,19,30,-14,3
2.345838,11,0,-2,1,13,19,21,16,3
2.345853,-5,-1,1,2,-32,-17,-4,-25,3
2.366691,2,0,0,3,-9,-1,32,19,3
2.366707,6,8,2,-19,-39,-80,-8,1,3
2.368196,1,2,6,7,46,110,31,20,3
2.368212,8,2,-1,0,66,10,-17,4,3
2.381796,-2,-8,-4,8,-35,-13,3,-30,3
2.381813,14,1,0,-8,15,-16,-14,0,3
2.383491,1,-4,-1,-1,-32,-9,12,13,3
2.383496,0,-2,-2,-9,-110,-35,21,-11,3
2.404329,-8,-7,-4,-16,88,-23,29,5,3
2.404344,14,3,-2,8,-28,18,11,19,3
2.405798,-1,-3,-2,2,78,-17,-32,37,3
2.405816,-13,-1,0,-2,-24,-10,-5,-31,3
2.417863,-20,-6,-3,-12,-40,-25,-6,-9,3
2.417880,1,-1,-1,17,-20,-57,-28,-44,3
2.429509,20,4,-3,-5,-36,0,-4,69,3
2.429527,-19,-7,-5,-5,22,2,-54,1,3
2.441855,14,0,0,0,-30,-41,-37,9,3
2.441870,-5,1,2,3,29,-28,17,21,3
2.444092,-1,-2,-4,-7,-11,11,-6,-30,3
2.444099,-24,0,0,3,31,-18,-27,-2,3
2.464618,25,-1,-1,4,-40,85,16,-22,3
2.464676,-24,-4,-3,-8,15,24,-3,60,3
2.465854,-7,2,0,-21,20,-54,-52,-33,3
2.465871,18,6,-1,-9,74,-6,-35,-19,3
2.478354,-2,-2,-1,9,-70,-42,-12,30,3
2.478360,9,1,-1,4,48,26,-23,18,3
2.487834,2,-1,1,1,-17,11,-14,-47,3
2.487841,4,-1,-3,-1,61,28,2,50,3
2.501742,-8,-1,3,8,-10,8,6,25,3
2.501758,5,4,1,-5,2,-13,84,-4,3
2.503374,-3,3,2,14,-43,-16,-2,8,3
2.503681,8,-2,-1,1,-41,-79,10,-16,3
2.525908,-16,-2,-1,-1,38,64,49,-25,3
2.525913,0,-5,-2,2,-10,77,23,-1,3
2.525915,-4,0,-1,-22,9,-82,13,-5,3
2.525917,16,1,3,56,-23,8,68,-5,3
2.538250,1,1,-2,-7,32,19,-20,-61,3
2.538271,-28,-9,-4,-2,-55,-13,-40,28,3
2.548297,4,-2,-3,-11,-25,4,-33,-21,3
2.548302,-6,-2,-1,-13,-20,50,-2,-27,3
2.561809,-21,5,4,-5,-69,-41,13,19,3
2.561829,12,5,2,32,103,3,13,-23,3
2.563748,21,0,-5,7,-5,-5,-6,30,3
2.563763,-23,1,5,-5,-1,54,65,17,3
2.584138,19,-4,-6,-3,-9,-6,-6,34,3
2.584154,-5,2,3,-8,74,-30,-69,-24,3
2.585800,-18,-5,-4,1,9,15,16,-12,3
2.585813,16,0,-3,-6,-4,-30,-34,-47,3
2.598097,-4,0,-4,-5,-25,-56,20,70,3
2.598120,-19,1,0,-20,-25,15,15,-32,3
2.608121,0,-3,-1,8,6,-2,11,-7,3
2.608125,19,4,0,-9,-23,1,-5,-4,3
2.622450,-31,-2,-2,-15,34,23,-3,29,3
2.622480,13,2,3,14,55,30,75,-43,3
2.623415,-10,-4,1,3,16,-22,-18,14,3
2.623431,8,1,-2,-4,36,11,37,-14,3
2.644448,12,-3,-1,-11,21,17,-11,17,3
2.644471,7,2,-1,-7,-37,-6,29,23,3
2.646183,-17,-9,-4,-1,-53,-46,84,17,3
2.646188,-13,1,1,-2,-12,-34,26,-25,3
2.657801,26,-2,-6,3,-48,-19,3,27,3
2.657817,8,-3,-5,-6,32,-40,-27,21,3
2.666779,14,-5,-5,-23,-83,18,17,-13,3
2.666796,-14,1,4,29,21,-8,-22,17,3
2.681982,-10,-4,1,8,-3,-77,-22,-116,3
2.682016,-1,-2,-1,1,-9,-18,14,16,3
2.683391,7,4,0,-15,60,-18,-36,11,3
2.683438,3,-2,-1,0,31,32,7,34,3
2.712767,-14,0,-1,6,8,35,28,-2,3
2.712774,-2,-3,-3,-1,-23,-22,-41,-5,3
2.713449,-12,1,-1,8,18,10,-13,-20,3
2.713481,10,1,-4,-12,-21,-47,-35,7,3
2.717881,14,-1,0,7,-25,82,19,7,3
2.717897,-16,-1,1,0,-56,17,-8,-66,3
2.729488,-2,0,-2,25,18,55,2,4,3
2.729510,18,-6,-4,-1,-71,-26,5,71,3
2.742215,-9,1,-1,-3,32,-2,-20,12,3
2.745245,-24,-2,1,-25,-12,10,-15,-9,3
2.745255,19,-2,-5,-17,69,6,-26,-72,3
2.745257,-2,4,8,43,-13,25,0,-6,3
2.764477,20,-3,-13,-91,71,-89,-85,-61,3
2.766072,-7,4,4,78,-92,55,12,-24,3
2.766076,-8,3,2,-14,106,-5,45,38,3
2.766078,-6,-9,-4,-23,-3,42,-15,7,3
2.777883,9,-2,-1,-9,-21,11,-20,-51,3
2.777908,14,1,-6,-31,7,35,-1,31,3
2.787285,-1,1,4,9,-81,-15,10,-15,3
2.787289,-26,-2,-7,-19,51,19,-69,-16,3
2.801621,-10,-5,0,22,-37,-2,-10,85,3
2.801636,21,1,-2,-17,-80,13,24,71,3
2.803231,5,-11,-6,16,-4,50,-3,-46,3
2.803252,14,1,2,-29,-50,59,-46,-46,3
2.824588,-8,3,-2,-11,37,40,15,36,3
2.824608,-3,6,4,-48,6,86,-101,0,3
2.825664,-1,-12,-9,74,18,-76,-69,1,3
2.825699,8,12,8,16,-85,71,25,32,3
2.847118,-37,-10,-2,4,-13,53,-29,17,3
2.847149,3,-4,-2,2,108,-123,6,4,3
2.848945,-11,10,4,-24,-40,30,6,7,3
2.848952,-10,-7,-6,-38,21,-18,18,-36,3
2.861673,-2,5,7,43,45,-44,28,-43,3
2.861694,21,-3,-7,-55,-32,-14,12,2,3
2.863363,-16,7,7,-4,-64,-15,49,4,3
2.863396,14,-2,2,76,-18,-30,47,23,3
2.884181,2,-7,-1,-13,34,53,28,49,3
2.884195,2,-2,3,9,-49,-83,-4,40,3
2.885647,-18,-7,-7,-83,-63,42,9,-27,3
2.885660,17,18,1,-114,76,-65,-44,-14,3
2.906652,56,-11,-3,65,19,8,92,25,3
2.906675,45,-7,5,74,104,65,40,58,3
2.909304,-17,-15,-4,0,-22,-47,-44,6,3
2.909311,-44,-8,-3,-4,-5,-3,-75,-36,3
2.921055,-3,7,-1,-17,-16,-90,1,-14,3
2.921074,5,8,-2,-34,50,18,1,-6,3
2.927860,17,6,4,11,4,10,26,6,3
2.927885,15,-4,-5,7,-16,-2,11,2,3
2.945343,-6,7,1,-9,-18,-9,1,-32,3
2.945348,-1,0,0,17,-37,-20,19,-27,3
2.945718,-4,2,-1,5,12,11,-22,7,3
2.945733,-8,-1,-2,15,-40,-19,35,-12,3
2.966844,3,3,6,3,-31,79,-21,23,3
2.966860,-30,-10,-6,-26,9,-41,46,20,3
2.968274,10,3,1,24,-32,44,45,40,3
2.968292,4,-11,-3,-1,6,47,-14,56,3
2.981859,0,13,9,3,-22,-19,-45,-58,3
2.981878,-22,-5,-6,21,-99,52,-10,-16,3
2.983315,-7,-2,-6,14,52,-19,72,14,3
2.983334,3,4,8,31,-72,-16,70,30,3
3.004313,12,0,-4,-48,-35,57,-4,-53,3
3.004331,-24,-6,-1,18,53,29,-63,-10,3
3.006319,26,1,1,2,31,-1,-60,15,3
3.006417,-16,-9,-5,3,-79,12,-70,-38,3
3.026685,40,3,-6,-74,127,101,54,37,3
3.026705,-54,2,5,22,-64,-75,-15,-5,3
3.028287,8,-10,-5,-9,2,10,-4,13,3
3.028304,-3,-9,-7,-6,37,-25,-8,-23,3
3.042083,-22,-4,-2,8,-110,-42,5,22,3
3.042087,26,7,2,-12,42,14,-29,1,3
3.047955,-12,-1,0,7,22,10,20,32,3
3.049872,-22,-4,0,0,56,-12,30,-33,3
3.064644,14,-1,-3,20,-25,11,13,19,3
3.064682,-20,-4,-2,0,84,16,68,37,3
3.066708,-10,-5,-6,-56,9,17,-102,-30,3
3.066713,19,4,-5,-27,11,-13,-39,11,3
3.089651,-17,-6,-2,22,10,-5,-11,6,3
3.089657,12,-4,-5,0,-33,-31,38,-16,3
3.089659,-4,2,3,-19,-31,32,-50,-32,3
3.089661,1,0,2,-8,-6,2,56,83,3
3.101180,-22,-4,-4,22,-65,-55,-100,24,3
3.101197,5,1,1,-14,-88,33,7,-33,3
3.108191,-8,1,-3,-2,-75,25,52,8,3
3.108213,9,-8,-8,-32,-16,4,32,29,3
3.124343,-20,-1,-1,18,-58,-71,-20,-3,3
3.124391,25,-3,-4,-10,44,-17,36,0,3
3.125708,-14,3,1,18,-16,90,-62,-18,3
3.125716,33,-4,-5,-19,-20,-85,2,50,3
3.146998,-13,-1,2,24,-53,-5,22,-90,3
3.147084,14,-9,-4,2,69,55,-27,42,3
3.149134,-36,5,4,6,4,-43,54,29,3
3.149147,25,2,-4,-13,-8,19,17,28,3
3.161220,7,6,1,23,15,15,41,20,3
3.161241,-26,1,-2,4,-42,-6,-67,-15,3
3.167812,31,-6,-2,17,103,-64,-13,-33,3
3.167828,-14,5,5,11,9,12,3,-12,3
3.184238,-8,6,2,-11,49,62,26,22,3
3.184252,22,1,0,3,-10,0,9,3,3
3.185693,30,-4,-3,-8,12,-31,-8,18,3
3.185715,-22,1,2,12,-11,5,17,-67,3
3.206622,-10,-4,-1,-6,38,-23,-46,-43,3
3.206644,4,11,2,-27,19,-6,14,-24,3
3.208162,-13,2,4,6,-17,-22,31,9,3
3.208169,12,2,1,19,-1,62,35,-14,3
3.221121,28,3,1,3,5,11,61,55,3
3.221137,-26,-5,-4,-32,22,36,4,-47,3
3.227969,19,2,3,7,-33,7,-21,-40,3
3.228002,-9,-8,-4,5,17,26,10,19,3
3.245795,-22,-5,-4,-12,-30,-39,19,7,3
3.245802,-10,5,1,4,42,83,-29,-82,3
3.245879,32,1,-2,-30,2,-84,33,21,3
3.245885,-14,8,4,6,-18,-12,-33,-1,3
3.266759,-3,-2,-3,12,17,37,-35,23,3
3.266776,6,-13,-4,12,48,-3,40,14,3
3.268293,-15,6,1,-14,-42,-3,-26,-41,3
3.268297,-8,-4,-2,1,11,-25,-28,-29,3
3.281275,-15,-2,-2,-17,-34,-27,-2,-6,3
3.281292,7,-1,2,10,32,21,-22,-1,3
3.287807,-5,1,0,12,18,21,28,26,3
3.287824,-13,-4,-8,-4,13,-65,-47,-61,3
3.304291,3,-10,-7,-16,-64,83,26,-55,3
3.304308,-2,2,0,6,-79,-90,45,23,3
3.305726,-35,7,2,-1,14,-7,68,8,3
3.305733,37,-10,-6,-22,52,127,-1,45,3
3.326673,7,4,3,40,23,-66,23,-42,3
3.326689,-25,-5,-11,-13,-57,-34,-14,5,3
3.328301,6,-4,1,24,50,-43,-18,23,3
3.328320,-17,3,2,-1,-28,-21,21,12,3
3.340542,-18,-5,0,-10,110,10,-29,-22,3
3.340549,8,-1,-1,-10,67,0,-37,-32,3
3.350243,26,1,1,4,-74,80,9,97,3
3.350249,-13,-1,1,15,16,-5,-15,-25,3
3.364632,-10,0,-1,-10,-19,-63,-3,26,3
3.364654,9,2,2,3,-25,-28,-40,13,3
3.366440,-9,-2,-2,-18,13,25,9,1,3
3.366446,-11,-2,6,14,12,-59,1,-47,3
3.387312,18,3,3,-10,-95,-50,72,76,3
3.387370,-32,6,5,15,42,65,56,21,3
3.388269,-4,-15,-6,-7,-39,-52,26,-16,3
3.388284,24,3,-5,3,95,15,-61,-20,3
3.400881,-26,-15,-2,-8,-17,-82,-53,-12,3
3.400885,13,5,4,0,-43,72,-3,-17,3
3.411038,3,3,0,6,-22,32,1,-24,3
3.411045,-18,-3,-1,-8,64,-4,24,2,3
3.424152,56,10,2,8,82,99,-30,-2,3
3.424175,-21,-11,-8,-26,-42,-29,43,38,3
3.425633,17,2,-2,-4,13,41,-15,74,3
3.425641,-4,-1,0,-21,-45,-5,39,-14,3
3.446956,-11,4,1,10,37,-53,-49,8,3
3.446984,-5,-3,-2,8,-98,-50,-23,-30,3
3.448402,-10,-4,-3,-5,25,-2,-20,-16,3
3.448450,-5,3,1,-5,-43,-17,54,14,3
3.462646,3,-4,1,-5,-19,-25,7,1,3
3.462653,-28,-8,0,5,-9,-29,-29,-40,3
3.470924,11,-1,-2,-9,-26,-16,-67,20,3
3.470930,9,-5,0,27,-23,28,-26,48,3
3.484330,-45,-7,-2,-7,11,-16,-22,-42,3
3.484346,29,3,0,4,-28,-27,-33,-2,3
3.485777,-12,-2,-1,7,85,-15,2,-16,3
3.485788,-1,2,-1,-3,-55,44,45,6,3
3.508530,33,9,1,-3,5,27,-20,15,3
3.508538,7,0,3,31,73,-18,29,31,3
3.508543,-21,-1,-4,-9,3,-8,19,-74,3
3.508670,-9,-2,-4,0,38,-63,-26,2,3
3.520444,23,-1,0,-2,-46,3,27,13,3
3.520460,-11,2,-3,-15,4,66,-8,-27,3
3.530628,11,7,2,21,10,-54,49,25,3
3.530639,18,5,4,-7,-81,-4,-14,-35,3
3.544377,-12,-7,-6,8,24,63,-4,-9,3
3.544401,0,2,3,-4,-10,-12,-1,45,3
3.546212,6,0,-1,-7,-37,71,-7,69,3
3.546217,-10,-8,-5,-24,-40,-54,-32,-46,3
3.566638,16,6,4,12,-60,25,6,17,3
3.566655,-5,-11,-7,-26,-14,1,34,-3,3
3.568152,0,0,-1,9,5,4,-15,16,3
3.568166,-8,5,3,2,86,4,62,7,3
3.580678,3,-5,-2,2,127,60,24,28,3
3.580720,38,5,2,8,22,24,24,-27,3
3.590533,-37,-4,-4,-6,-56,0,-12,-23,3
3.590538,6,0,-3,0,16,22,-22,9,3
3.604284,-15,3,3,-1,-71,-22,3,4,3
3.604304,-15,2,1,-7,25,8,-13,47,3
3.605535,-21,-2,0,-13,-25,-98,-72,-72,3
3.605586,62,2,3,70,1,42,-3,36,3
3.626891,-53,-6,-4,-7,20,64,11,-36,3
3.626922,-11,-3,-5,0,-26,-35,-45,-16,3
3.629135,18,3,1,8,1,8,25,-10,3
3.629140,-34,-3,-1,-13,-42,-20,10,15,3
3.640568,13,1,0,-16,-52,-63,-23,17,3
3.640584,-2,1,4,23,50,-19,-24,-5,3
3.649926,13,-1,-2,-6,24,49,102,12,3
3.649932,-35,-5,-3,-9,-38,-4,-36,-71,3
3.666774,-5,-3,-7,-12,13,13,26,-28,3
3.666780,-14,-4,0,-11,-105,-6,-18,-24,3
3.666782,7,-2,2,8,39,13,6,-17,3
3.666784,-4,3,0,-8,21,5,-9,22,3
3.686962,-1,-3,0,-8,-15,26,35,11,3
3.687033,5,-1,-6,3,-94,15,16,-19,3
3.689033,7,-9,-6,-10,-58,-15,5,-20,3
3.689037,30,3,4,9,95,8,80,18,3
3.700271,5,-11,-7,-26,-4,-36,-35,-14,3
3.700292,30,3,2,4,9,-28,82,33,3
3.712029,-32,-4,1,-3,-8,-7,-56,42,3
3.712034,-12,-3,-1,-5,-34,15,1,1,3
3.724849,7,8,3,-44,-30,82,59,11,3
3.724877,5,11,5,33,-9,-63,20,34,3
3.727734,28,2,2,10,22,72,39,-62,3
3.727752,-14,-1,-1,-12,-15,6,-34,-48,3
3.747018,20,-7,-1,21,127,6,-6,127,3
3.747054,6,-1,-3,-14,-20,-13,-52,-28,3
3.748969,-22,-1,-1,1,-9,2,-16,18,3
3.748973,-6,0,-7,-45,68,-35,-3,22,3
3.769363,-9,-1,5,53,29,-1,-17,-14,3
3.769387,24,1,2,-5,24,7,29,1,3
3.771800,-14,-10,-8,3,106,-28,-10,-28,3
3.771809,13,-1,0,-9,-19,30,-2,35,3
3.784162,-1,-1,-2,0,-51,-95,-18,-19,3
3.784179,-11,-3,-4,-10,25,2,2,14,3
3.785687,19,2,4,-3,-26,-2,-10,0,3
3.785699,-13,-1,-3,10,-55,-13,-11,-19,3
3.806583,9,3,0,-1,-7,6,-10,-12,3
3.806590,-13,1,3,-21,-25,29,23,-24,3
3.808035,9,-3,1,20,28,-69,-14,35,3
3.808052,-2,2,2,-4,-15,-2,24,1,3
3.829287,-2,-6,-7,-6,24,52,19,-7,3
3.829353,-23,-3,3,15,7,-9,-39,-9,3
3.831744,10,4,4,-5,53,39,-11,-70,3
3.831756,21,0,2,19,22,-33,-9,75,3
3.844516,18,1,-5,-22,-87,-16,9,2,3
3.844550,-25,2,0,-4,6,-24,-31,19,3
3.846156,-16,2,2,2,-25,17,-2,-58,3
3.846162,10,3,-1,18,-23,12,-45,4,3
3.866643,-8,-3,1,5,35,-11,-3,-15,3
3.866661,14,-7,-5,5,-14,-30,-47,-43,3
3.868160,-5,-1,-1,-2,-2,15,21,-20,3
3.868174,2,6,0,-15,-16,0,20,-11,3
3.889271,3,1,0,12,-28,75,8,1,3
3.889292,-59,0,0,-2,4,37,9,-51,3
3.890570,34,-5,-1,-8,-27,-2,-9,-1,3
3.890577,-5,-1,-2,1,-4,-14,-21,-14,3
3.904392,-13,0,0,2,-40,0,9,-11,3
3.904416,-13,-5,-4,-38,34,-72,-19,-8,3
3.906301,8,0,-7,-5,-71,24,33,18,3
3.906306,-15,-3,0,-12,-59,5,41,31,3
3.927190,-27,-4,-3,40,53,-23,-7,-20,3
3.927222,13,-4,-4,-17,14,6,-7,41,3
3.929059,-69,-7,-3,-7,-25,49,-18,-18,3
3.929066,12,-1,1,7,-7,5,-1,9,3
3.949244,-6,0,1,-22,4,-21,3,11,3
3.949269,25,0,-1,1,-70,-47,-15,-1,3
3.950646,33,5,-3,-1,-19,-52,-38,80,3
3.950663,-81,-12,-5,-14,74,7,-34,-26,3
3.963733,58,-8,-2,1,-3,-21,-35,-30,3
3.963779,12,-5,-7,-4,58,-31,-35,7,3
3.970646,15,7,6,9,3,-23,12,50,3
3.970667,6,1,2,-13,-25,-61,-10,-22,3
3.986669,-8,2,2,23,-83,-42,-6,-22,3
3.986703,18,3,0,6,100,63,61,55,3
3.989306,-53,-2,-2,-14,-63,-25,43,-111,3
3.989317,-5,0,3,12,4,5,-1,45,3
4.009084,-27,0,-1,-15,14,23,15,6,3
4.009093,19,0,2,6,-67,-59,29,-12,3
4.010918,-2,1,1,17,45,23,-28,10,3
4.011008,-6,-4,-6,-5,-10,49,23,-52,3
4.024228,11,9,5,-6,9,-17,17,30,3
4.024233,-7,-1,0,5,-28,88,64,6,3
4.030722,-1,-2,-4,-37,18,-60,-42,-28,3
4.030745,13,-1,0,10,-57,-6,-3,-17,3
4.046813,3,-1,-2,-10,35,-12,5,-44,3
4.046860,17,6,3,2,-33,27,-32,31,3
4.049159,-7,-8,-4,-22,-23,40,45,22,3
4.049171,24,-3,1,30,38,56,-26,17,3
4.069707,-23,-6,-7,-57,14,1,-7,19,3
4.069737,-16,3,7,61,-5,27,-21,-27,3
4.072163,-11,-3,-3,-3,44,-2,10,-3,3
4.072170,19,1,-3,-6,-73,-31,21,59,3
4.083656,11,-4,-5,-45,60,47,-7,49,3
4.083672,-50,-7,-1,66,27,-30,-79,-40,3
4.090958,56,5,1,10,13,-11,-18,48,3
4.090986,-42,-5,-5,-5,-10,60,21,-84,3
4.106638,-12,-4,-2,13,-62,-58,-81,6,3
4.106655,18,-1,-4,-30,31,1,13,8,3
4.108096,21,-1,-1,14,4,10,10,19,3
4.108111,-7,-5,-2,-8,18,-36,-28,27,3
4.129286,-6,0,-3,0,-18,-13,44,-15,3
4.129307,4,-5,-4,-39,-77,-8,-6,12,3
4.131479,-5,0,2,36,68,-38,-1,25,3
4.131487,38,-2,4,0,44,20,92,19,3
4.143822,-29,-3,-4,-42,34,70,3,-42,3
4.143848,9,1,5,40,-65,-61,-4,53,3
4.150578,-4,7,2,-14,-31,34,31,34,3
4.151488,1,2,2,10,-9,-11,2,-12,3
4.167101,-17,-3,-2,17,16,-61,-40,-63,3
4.167105,-1,-6,-5,-29,-2,31,23,17,3
4.168136,-13,1,0,-33,-39,-7,-16,33,3
4.168152,34,-6,-2,33,41,-44,-29,-30,3
4.189450,-22,2,2,14,-46,-1,7,8,3
4.189473,0,-2,-7,-29,-16,59,12,17,3
4.190902,6,-6,-7,-4,-11,-8,-60,-27,3
4.190906,-19,-5,-9,-36,-15,8,23,38,3
4.203883,-2,-2,2,33,66,9,-34,2,3
4.203908,8,0,-2,-2,10,-63,-43,-26,3
4.210619,-4,-3,-2,-3,-2,-27,70,-13,3
4.210644,-8,3,1,-10,-38,-8,12,-7,3
4.227354,20,-2,-3,1,3,4,-4,10,3
4.227387,-15,4,0,-47,-82,-41,-3,-38,3
4.229666,-32,-2,2,24,5,-17,-46,-36,3
4.229674,18,-9,-6,-2,20,-8,9,24,3
4.249298,4,4,4,14,-59,-29,10,21,3
4.249371,39,1,-3,-18,26,46,49,21,3
4.250781,-18,-4,0,13,-64,20,22,-4,3
4.250798,-25,5,3,-2,-15,6,-2,-14,3
4.262992,19,3,0,28,2,-5,-35,29,3
4.263061,7,-1,-3,-5,64,58,14,-6,3
4.272874,0,-2,2,0,-43,-3,11,-10,3
4.272878,-22,3,2,10,118,-17,-23,-8,3
4.287213,11,-3,0,-12,-51,-2,9,1,3
4.287244,22,3,1,9,31,14,7,1,3
4.289325,0,2,2,7,11,-4,-6,7,3
4.289330,0,1,-3,-22,47,-18,-31,-16,3
4.309384,9,8,4,5,-56,-4,78,13,3
4.309402,-53,-7,-1,8,53,34,-15,-67,3
4.310885,36,0,-1,55,21,-14,12,-37,3
4.310955,18,-4,-6,-16,-35,43,8,38,3
4.323664,-38,-2,-4,-59,-20,-10,-5,-12,3
4.323668,15,1,4,86,24,0,0,30,3
4.333385,-8,-2,-3,-31,-54,-8,10,22,3
4.333393,-1,6,4,14,61,-10,7,-30,3
4.347052,27,0,-4,2,-69,-41,-14,21,3
4.347081,-18,-10,-10,-28,31,-40,-22,21,3
4.349143,-30,2,4,-14,15,44,18,57,3
4.349390,15,-10,-4,8,-55,-10,-37,-68,3
4.369272,23,0,1,2,1,7,3,25,3
4.369280,-66,0,-2,-24,13,-22,-13,1,3
4.375621,11,-3,1,36,-70,31,55,66,3
4.375636,-6,2,-2,-7,-37,-11,-33,-12,3
4.382880,-12,4,-2,-7,34,38,-10,-10,3
4.382897,33,-8,-1,-28,-28,46,42,6,3
4.392710,-2,-4,-4,-5,59,1,-9,6,3
4.392716,-8,0,0,-2,-77,5,21,17,3
4.406799,-7,1,2,25,25,1,3,-32,3
4.406817,9,9,-1,-17,-4,9,-18,7,3
4.408168,-23,-2,-3,-23,-14,-29,-23,-10,3
4.408175,10,-4,-3,8,10,-26,4,0,3
4.430839,16,-7,-7,-5,1,44,9,-20,3
4.430848,-22,2,1,0,-63,-37,-22,12,3
4.430950,26,4,0,-10,14,73,-1,-60,3
4.430978,-37,6,5,-3,53,25,-8,25,3
4.443122,27,-2,-1,14,59,31,61,12,3
4.443151,-10,-8,-1,38,-8,-23,8,15,3
4.452805,37,5,1,-13,21,73,60,-9,3
4.452811,-35,1,6,-13,12,48,4,11,3
4.466758,-4,1,1,5,71,48,6,21,3
4.466789,-8,-1,0,-8,18,9,14,-41,3
4.468166,-13,-1,-3,-14,-13,-45,-25,4,3
4.468183,22,4,0,-1,8,-62,15,16,3
4.492115,-28,-5,-2,15,-71,-12,4,-11,3
4.492122,16,0,-1,5,82,33,30,-47,3
4.492124,-12,-3,-4,-38,-60,-104,-38,39,3
4.492126,-4,-2,0,21,-10,10,12,-24,3
4.503023,-15,2,1,2,-3,-73,-93,-31,3
4.503050,9,4,-1,-11,-19,-33,0,65,3
4.512590,-12,-7,-3,-8,-18,-20,-21,-66,3
4.512792,23,0,-2,-3,-16,-13,-5,-12,3
4.526973,-9,-2,-1,-5,4,-38,3,-21,3
4.527009,14,5,2,4,-21,22,56,-25,3
4.529144,7,-1,0,4,-36,-12,-53,41,3
4.529150,12,0,-3,1,-16,-35,-1,7,3
4.549297,-8,-2,2,-5,-53,56,10,-18,3
4.549314,16,-1,2,-3,6,47,-10,44,3
4.550710,-10,-2,-2,-16,38,-46,-31,-42,3
4.550720,-4,6,3,14,17,27,32,2,3
4.563039,-2,-6,-4,-1,-90,-9,-44,36,3
4.563070,4,-3,-2,-10,-6,-56,-8,5,3
4.572965,-3,-1,-3,-19,-14,1,17,45,3
4.572970,21,-3,0,16,-86,28,-7,10,3
4.586752,3,-2,-2,-3,56,-64,-54,-24,3
4.586764,6,-8,-5,-2,7,13,1,-3,3
4.588299,-2,-2,-2,9,26,28,-11,-42,3
4.588322,-19,5,-3,-25,-67,-20,2,-19,3
4.609607,47,7,3,11,61,14,47,8,3
4.609637,-20,-9,-3,4,-17,18,-37,-20,3
4.612348,2,2,0,5,1,-1,-7,-1,3
4.612353,-8,-4,-4,-5,9,-12,-32,-5,3
4.622866,-3,3,-2,-7,-34,7,7,10,3
4.622882,-8,0,1,6,4,-7,-18,-8,3
4.633344,-7,1,-1,13,66,33,5,3,3
4.633349,12,-2,0,-4,-16,12,14,7,3
4.646882,-36,0,-3,-60,78,13,-5,10,3
4.646918,-5,1,1,17,-17,-4,-36,-16,3
4.649250,-7,-4,0,15,-11,22,17,-9,3
4.649254,22,-3,-2,0,3,-6,-1,12,3
4.669176,-14,1,2,-9,51,7,22,-4,3
4.669192,19,10,2,-8,-14,-23,3,9,3
4.670989,-4,-8,-4,-1,-74,55,-15,-14,3
4.671006,-6,3,2,0,77,26,-7,51,3
4.682864,10,-2,-2,15,-48,17,26,-14,3
4.682881,-3,-3,-2,-4,77,-12,-16,-89,3
4.694365,16,0,-2,2,-10,2,-9,17,3
4.694376,-21,-7,-7,-13,-40,-50,23,-18,3
4.707469,4,-3,1,11,-50,-14,-18,32,3
4.707489,-9,7,0,3,-52,10,-30,13,3
4.709311,-16,-3,-4,-12,10,-4,14,-39,3
4.709314,-8,-8,0,-7,34,16,-43,62,3
4.729160,18,-1,-3,7,-59,56,-6,-31,3
4.729184,8,2,-2,-31,-110,-77,11,14,3
4.731051,-2,0,-1,14,20,-21,-14,1,3
4.731084,9,1,3,1,-1,-4,-17,2,3
4.751725,-39,-5,-3,10,-74,-59,4,-20,3
4.751748,-1,-2,2,-16,93,23,4,17,3
4.753615,6,1,-1,1,84,-31,-47,-1,3
4.753626,14,0,1,7,-20,-28,10,-11,3
4.766700,16,-1,0,1,46,-1,22,29,3
4.766718,-3,-1,0,-7,-8,22,23,7,3
4.768274,-5,0,2,12,-58,-49,18,37,3
4.768281,-13,1,-1,13,44,29,10,-51,3
4.789332,-7,-2,0,2,-50,-19,-23,39,3
4.789337,25,-5,-4,-20,7,15,15,8,3
4.790571,1,-7,-3,33,-33,-33,31,20,3
4.790587,-3,-2,-3,-15,35,8,-7,5,3
4.811837,-6,2,1,-1,-17,-90,15,-28,3
4.811855,-28,-5,-7,-2,-39,65,66,-38,3
4.813994,22,1,-1,-36,35,15,-4,8,3
4.814006,2,-2,0,9,-32,-21,12,-23,3
4.827045,-2,1,0,9,-14,-1,9,10,3
4.827074,1,-4,-2,2,42,-18,-1,0,3
4.828722,3,0,-3,-27,-17,-60,-39,27,3
4.828729,-11,-2,0,0,-30,-16,-15,-31,3
4.850808,3,2,0,17,19,34,-2,106,3
4.850820,11,-3,-3,5,-24,-15,-23,-4,3
4.850823,-23,0,1,1,-7,51,7,-9,3
4.850824,8,-3,-4,-36,-50,8,-5,8,3
4.871958,1,-1,-2,17,106,23,31,5,3
4.871983,-20,-1,0,5,-94,-48,36,4,3
4.873326,-16,-1,0,4,22,63,-17,-32,3
4.873335,-3,-2,-3,-9,-10,6,-6,-7,3
4.886113,-12,-1,-1,-11,26,7,12,-36,3
4.886129,12,5,1,9,-1,2,-16,15,3
4.893348,14,-2,4,5,-52,-8,3,-3,3
4.893390,-5,3,-2,2,81,-53,22,-13,3
4.909433,-3,-2,0,-4,-8,22,5,-2,3
4.909457,16,-4,-1,7,14,47,-17,25,3
4.911838,-9,-1,-1,-5,-15,-41,8,4,3
4.911844,1,-1,-1,4,-29,55,-8,13,3
4.931757,1,-8,-3,-5,39,6,-13,-31,3
4.931774,-4,3,1,-3,26,10,10,23,3
4.933199,-2,0,-1,-11,-52,-32,31,-11,3
4.933216,-20,5,2,46,66,30,26,11,3
4.946244,-3,1,-1,-4,-61,31,2,-43,3
4.946274,20,-6,-3,0,42,-12,0,-16,3
4.953233,12,3,0,2,49,7,-8,-11,3
4.953261,2,3,1,-11,-71,42,8,4,3
4.969429,2,-3,-1,-6,-15,45,-81,3,3
4.969450,-20,3,2,10,-9,-20,-21,-14,3
4.971273,-8,-2,-1,0,47,13,5,-23,3
4.971281,15,4,-1,-8,1,-4,3,26,3
4.992174,7,-1,-2,-4,88,-34,-4,-44,3
4.992198,6,-6,-5,-5,-41,-13,-1,36,3
4.993500,-5,-3,-1,4,-6,-6,9,-12,3
4.993531,-8,-5,-2,-2,50,-6,-16,-9,3
7.015940,27,3,-2,-1,0,-1,-2,0,0
7.016169,-4,0,-1,-1,-1,0,-1,1,0
7.016754,7,0,-1,-1,0,0,-2,-2,0
7.016839,-9,-2,-1,0,0,-1,-1,-3,0
7.030610,-9,-2,-1,-1,-1,-1,0,0,0
7.030658,-5,-3,-3,-1,0,-2,-2,-2,0
7.038986,-2,-1,0,-1,-3,-1,-2,1,0
7.039003,7,0,-1,-3,-1,-1,-1,1,0
7.053501,0,-3,-2,-1,-1,1,1,-1,0
7.055948,-8,-3,-2,0,-1,0,-1,0,0
7.055954,1,0,0,0,-1,-2,-2,-1,0
7.055956,4,1,-2,-1,-1,-1,0,-1,0
7.076830,1,0,-1,-2,-1,-1,-1,-1,0
7.076842,-9,-3,-1,-3,-1,-2,-1,1,0
7.076844,-3,-3,-1,-1,0,-2,-1,-4,0
7.076845,6,1,0,0,-2,-2,-2,-1,0
7.092868,-4,-1,-1,-1,-2,-1,-1,-1,0
7.092885,4,-1,-1,0,0,-1,0,-2,0
7.098535,1,2,-1,-1,0,0,-1,0,0
7.098554,-2,0,-1,-1,-1,0,1,0,0
7.113886,-6,-1,-1,-2,-2,-1,-1,-2,0
7.113925,8,-1,0,-1,-1,1,-2,-1,0
7.115512,1,0,-1,-1,0,0,-1,-1,0
7.115524,0,-1,-1,0,-2,-1,-1,-1,0
7.136004,-2,1,-1,-1,-1,-1,-2,0,0
7.136026,-4,-1,-2,0,-2,-1,-1,-1,0
7.137948,-2,0,0,0,-1,0,-1,-1,0
7.137955,5,0,-1,-2,0,0,0,0,0
7.150298,-2,-2,-2,-1,-1,-2,-1,0,0
7.150316,-5,-2,0,-1,0,-1,-1,0,0
7.158795,3,-2,0,-2,0,-1,-1,0,0
7.158816,0,-1,0,-1,-1,-1,-1,-2,0
7.173349,1,0,0,-1,-1,-1,-2,-4,0
7.173363,-1,-2,-1,-1,-2,-1,-1,-1,0
7.174041,-2,1,-2,-1,-1,0,-1,-1,0
7.174054,-2,-2,-2,-3,-1,-1,-1,0,0
7.196291,-4,-1,0,-1,-1,0,-1,-1,0
7.196326,-1,-1,-1,-1,-2,-2,-1,-1,0
7.198300,-1,-2,0,-1,-2,0,-1,-1,0
7.198311,-1,-2,-1,-1,-1,-1,-2,-1,0
7.210670,0,0,-2,0,-2,-2,-1,-1,0
7.210700,-4,-2,-1,-3,-1,-3,0,-1,0
7.218502,1,-1,-2,-1,0,-3,0,0,0
7.218518,-2,-3,-1,-1,0,0,1,0,0
7.233448,-4,-2,0,-2,0,-1,0,-2,0
7.233456,2,0,1,-2,0,0,-1,-1,0
7.234114,-1,0,-1,-1,-1,0,-2,-3,0
7.234122,4,1,0,0,-1,-1,-1,-2,0
7.256187,2,0,-2,-2,-1,-1,-2,-1,0
7.256208,-3,-1,-1,-1,0,1,0,-1,0
7.258035,-1,-1,-1,-2,0,-3,0,-1,0
7.258038,-4,-2,0,-1,-1,-3,-2,-1,0
7.270730,0,-1,1,0,-1,-1,-2,0,0
7.270758,-2,-1,-1,-3,-3,-1,-3,-1,0
7.278124,0,-1,-2,-1,-3,0,-2,-1,0
7.279304,0,-2,-2,1,-2,-1,-1,-1,0
7.296072,0,-3,-1,0,-1,-1,1,-2,0
7.296089,-4,-1,1,-1,-2,-1,-1,-1,0
7.296092,9,2,0,-3,0,-2,1,1,0
7.296096,-17,-3,-2,-2,-2,-1,-2,-1,0
7.316017,-1,-1,-2,0,-2,-2,0,1,0
7.316036,-2,0,-1,0,-1,-1,-1,1,0
7.317067,-1,-1,-1,-1,0,-1,-2,-3,0
7.317072,2,-1,-1,-2,0,0,0,-1,0
7.330861,-2,-1,-3,0,-2,-2,0,-1,0
7.330888,15,6,-2,0,0,-3,0,-1,0
7.339043,-6,-10,-4,-2,-1,-1,-1,-2,0
7.339135,3,0,0,-1,-1,0,0,0,0
7.353677,-5,-4,-2,0,0,0,-3,-1,0
7.353700,1,0,0,0,-2,-1,1,-1,0
7.354795,-1,0,-1,-1,-2,-1,0,0,0
7.354799,-2,-1,-1,-1,-1,-1,-1,-1,0
7.376191,1,-1,-1,-1,-1,0,0,1,0
7.376239,-5,-1,0,0,0,0,-2,-1,0
7.376775,-1,1,-1,-1,0,0,1,0,0
7.376846,0,-1,-2,-2,-1,-1,-1,-2,0
7.390263,2,2,-1,-1,0,-1,-2,-2,0
7.390284,-7,-3,-1,0,0,-1,-2,-2,0
7.398591,-5,-1,-1,1,-1,-1,-1,-1,0
7.398608,6,1,0,0,-2,-1,-2,-1,0
7.413970,0,-1,-2,-2,-1,-1,-1,0,0
7.414035,-6,-3,1,-1,0,0,-2,-2,0
7.416554,2,0,0,1,-2,-2,-2,-1,0
7.416564,-1,0,-2,0,-2,-1,0,-1,0
7.436065,1,0,0,0,-1,-1,-2,-3,0
7.436136,-4,-1,-2,-1,-1,-2,-1,0,0
7.436722,-1,1,0,-1,0,1,0,0,0
7.436735,-2,-2,-1,1,-1,-2,-2,-2,0
7.450338,5,1,0,0,0,-2,0,2,0
7.450366,0,0,-1,-2,-1,-2,0,-1,0
7.458530,-4,-2,-1,-2,-1,-1,-2,1,0
7.458551,4,0,1,-1,0,-1,-2,-1,0
7.473512,-16,-3,-1,-2,0,-1,-3,-4,0
7.473533,-1,-2,-1,0,-1,1,-1,-1,0
7.474561,-4,1,-1,-2,0,-1,-2,0,0
7.474565,-1,-1,-2,-4,0,-1,-1,-1,0
7.498362,4,0,0,0,-2,-1,-1,0,0
7.498370,-1,0,-1,-2,-2,-1,-1,0,0
7.498372,-4,-2,0,-1,0,1,0,-3,0
7.498373,4,1,0,-2,-1,-1,-1,2,0
7.510526,2,0,-1,-1,-1,-2,0,-1,0
7.510552,-3,-2,-1,-2,0,0,-1,-1,0
7.518498,-2,-2,-2,-1,-1,-2,-2,1,0
7.518586,-1,0,0,0,-3,1,0,0,0
7.533465,-3,-3,-1,-2,-1,-2,-1,-2,0
7.533480,-1,0,-2,-1,-1,-1,0,0,0
7.534168,1,1,-1,-1,-1,-1,0,0,0
7.534186,-4,-2,-2,0,0,-1,0,-1,0
7.555937,-1,0,-2,-1,-1,0,0,1,0
7.555954,0,-2,-2,-1,-1,-1,0,0,0
7.556821,-1,-2,-2,-2,-1,0,-1,-3,0
7.556826,0,-3,-1,-1,-2,-1,0,-2,0
7.570352,1,0,1,1,-1,-1,0,0,0
7.570412,-3,-1,-2,-2,-1,-1,-2,-1,0
7.578543,2,-3,-2,-2,-3,-2,-2,-1,0
7.578567,0,0,-2,0,-1,1,0,1,0
7.593440,-2,0,0,-2,-3,-2,-2,-1,0
7.593467,2,-1,-1,-2,-2,-2,0,0,0
7.594281,1,0,0,-2,-1,-2,-1,0,0
7.594298,-4,-1,-1,-1,0,-1,-1,-2,0
7.616053,2,0,-1,-1,0,-1,0,-2,0
7.616070,0,-1,-3,0,-1,0,-3,-1,0
7.618453,-2,0,0,1,0,0,1,-1,0
7.618459,-3,-1,-1,-2,0,-1,-1,0,0
7.640087,0,-2,-1,-2,2,-1,0,-1,0
7.640093,-3,-1,0,0,-1,-2,-1,-1,0
7.640095,3,0,-1,-1,-1,-3,-3,-1,0
7.640096,-2,-1,0,0,0,0,-3,-1,0
7.654668,-2,-1,-1,-2,-1,1,-1,0,0
7.654672,-3,-1,-1,0,-1,-1,-1,-1,0
7.654674,-3,-2,-1,1,0,-1,-1,0,0
7.654676,1,-1,-2,-2,-1,-3,-1,0,0
7.675979,-1,-1,-1,-2,-2,0,-1,-1,0
7.676002,-1,0,0,-3,-3,-1,-1,-1,0
7.678007,0,0,-1,-1,-1,0,0,-1,0
7.678013,-2,-1,-1,-1,0,1,-3,-1,0
7.706640,-3,-1,-1,-1,-2,0,2,0,0
7.706657,0,0,-2,0,0,0,-4,1,0
7.707667,1,-1,-1,-1,-1,-1,0,-1,0
7.707672,-4,-1,0,-1,-1,-2,1,-1,0
7.713860,8,-2,-1,-1,-1,-1,-2,-1,0
7.713906,1,0,-1,-1,-1,0,-1,-3,0
7.715332,-2,-1,-1,0,0,-1,-1,0,0
7.715337,-3,0,-2,0,-2,-1,0,-2,0
7.735987,-2,0,-1,0,-1,-1,-1,-1,0
7.736008,1,-2,0,0,-1,-1,-1,-2,0
7.737014,-1,0,-1,-1,0,1,-1,-1,0
7.737035,8,2,0,-2,0,-1,-3,-2,0
7.759253,-10,-1,-1,-2,0,0,0,1,0
7.761357,0,-3,-2,-1,-2,-2,1,1,0
7.761361,-1,-1,-1,-1,0,-1,0,-1,0
7.761363,-1,-1,0,-1,0,0,-1,0,0
7.773415,4,-1,-1,-1,-1,-3,-2,-1,0
7.773438,-1,0,0,-1,0,0,0,-1,0
7.774264,-1,-1,-1,0,-2,-1,-1,-1,0
7.774269,-4,-1,-2,-1,-1,-2,-1,0,0
7.796014,4,0,-2,0,-1,-1,0,0,0
7.796033,-3,-2,-2,0,1,-2,-1,-1,0
7.797029,0,-1,-1,-1,-1,-3,-1,-1,0
7.797087,2,0,1,0,-1,-2,-3,-2,0
7.819307,-7,-3,-1,-1,0,-1,0,0,0
7.819322,-1,0,0,-1,-2,0,-1,-1,0
7.821299,0,0,-1,0,-2,-1,-1,0,0
7.821305,-4,-2,-2,-1,0,-1,-1,0,0
7.833450,-4,-1,-2,0,-3,0,-3,-3,0
7.833472,3,1,-1,-3,-1,-1,0,-1,0
7.834581,3,-1,-1,-1,-2,-2,-1,0,0
7.834586,-5,-2,-1,0,-3,0,-1,-1,0
7.855927,6,-1,-1,0,0,-2,-1,-1,0
7.855941,-3,-1,-1,-1,0,-1,-2,-2,0
7.856786,-2,0,-1,-3,-2,0,-1,0,0
7.856865,0,0,-1,0,-1,-1,0,-1,0
7.879199,-3,-1,0,-1,0,-1,-1,-1,0
7.879222,-3,0,0,1,-1,1,-3,-1,0
7.881330,-1,0,-1,-1,0,-1,-1,-2,0
7.881337,1,-1,0,-1,-4,-1,0,-1,0
7.893579,-2,-1,0,-2,-1,-1,-1,-1,0
7.893600,1,0,-1,0,-2,-2,-1,1,0
7.895313,-5,-1,-1,0,-2,0,-1,0,0
7.895318,0,-1,-2,-1,-1,0,1,0,0
7.916832,-1,-3,0,-2,0,-1,-2,-1,0
7.916836,-1,-2,0,-1,0,1,2,-1,0
7.916838,-1,-1,-1,-1,-2,-1,-2,-2,0
7.916840,-2,0,-1,-2,1,0,0,0,0
7.939373,-4,-1,-1,0,1,-2,-2,-1,0
7.939397,4,0,1,1,-1,-2,-1,-2,0
7.940683,2,-1,-2,-1,-1,0,-1,-2,0
7.940690,5,0,-2,-1,-1,-2,1,-1,0
7.954009,-2,0,0,0,-3,-2,-1,-1,0
7.954026,-3,-1,-1,-1,-1,-2,-2,-2,0
7.955188,-4,0,-1,0,-2,-1,-1,-1,0
7.955192,-1,-3,-1,0,0,-2,-1,1,0
7.984164,-2,-2,-2,-1,-2,0,-1,0,0
7.984181,-2,-1,-1,-1,1,0,1,-1,0
7.984881,0,-1,-1,-2,0,-2,0,-1,0
7.984923,-2,0,-2,-1,0,-2,-2,-1,0
7.998559,2,0,1,0,-2,0,0,-1,0
7.998577,-2,-3,-3,-1,-2,1,-1,0,0
7.999417,1,-2,-1,-1,0,-1,1,-1,0
7.999435,-2,0,0,0,-1,-1,-2,-1,0
8.013859,-1,1,0,-2,0,0,-1,-1,0
8.013906,-1,-1,1,-2,-2,-1,-2,0,0
8.015908,-1,-1,0,-1,-1,0,-1,0,0
8.015955,0,-1,-1,0,-1,0,-1,0,0
8.036033,-1,0,-2,-2,-2,-1,-1,-1,0
8.036053,1,-1,-3,-1,0,-2,-1,0,0
8.037836,-4,-1,-2,0,-1,-3,-1,-1,0
8.037843,-1,-1,-1,-1,-1,0,-2,-2,0
8.059999,1,0,-2,-1,-1,0,-1,-1,0
8.060015,-1,1,-1,-1,-1,2,-1,-1,0
8.060018,-1,-1,0,-2,-2,1,-1,0,0
8.060020,-1,-2,-1,-1,-2,-1,0,-1,0
8.074909,-2,-2,-2,-1,0,-1,-2,-2,0
8.074913,-9,-2,0,-2,-2,-2,-1,-2,0
8.074915,4,0,-1,1,-1,-1,-2,-1,0
8.074916,4,0,1,-2,-1,-1,-1,-1,0
8.096067,14,2,0,0,0,-2,-1,1,0
8.096098,-45,-10,-1,-3,-1,-2,0,-3,0
8.097703,-3,0,-1,-2,-1,0,-2,-1,0
8.097711,-6,-2,-1,-2,-1,0,-1,-3,0
8.120358,6,0,-2,-1,-1,-3,1,-1,0
8.120366,13,2,-2,1,0,-1,-2,0,0
8.120370,-4,-1,-2,-1,-1,-2,1,0,0
8.120373,2,-1,-2,-2,0,-1,-1,0,0
8.135215,-5,-2,-1,0,-1,0,-1,-1,0
8.135220,6,0,-1,-1,0,-1,-1,1,0
8.135222,-2,-3,0,-1,0,0,-1,-2,0
8.135224,4,-1,-1,-2,-1,0,0,-1,0
8.156772,-10,-1,-2,-2,-1,-1,0,-1,0
8.156790,2,1,-1,0,-2,0,1,-1,0
8.158070,3,1,1,-1,-1,-1,-1,0,0
8.158075,-1,-2,0,-1,-2,-1,1,0,0
8.178440,-5,-1,-1,-2,-2,-1,-1,-1,0
8.178459,8,2,-3,-1,0,0,-1,-1,0
8.179795,-5,-1,-1,-2,0,-1,-1,-1,0
8.179806,1,-1,-2,0,-1,-1,-1,-1,0
8.193397,-3,-1,1,1,0,0,-1,-1,0
8.193425,14,3,-1,-2,-1,-1,-2,1,0
8.201091,-4,-3,-3,0,-1,1,-2,0,0
8.201106,-6,-1,-1,-1,0,0,-1,-1,0
8.215993,4,-2,0,-1,-1,0,-2,-1,0
8.216011,-4,-4,-1,-2,-1,-1,0,0,0
8.216629,0,0,2,0,-2,-3,-2,-2,0
8.216642,-3,-1,-1,-1,-1,-3,-2,-2,0
8.238519,-3,-1,-2,0,0,-1,-1,1,0
8.238534,2,0,-1,0,0,-2,-2,-1,0
8.239784,1,-1,-2,-2,-1,0,1,0,0
8.239788,-1,0,0,-2,-1,-1,-1,0,0
8.252917,-4,-1,-2,-2,-1,-1,-1,-1,0
8.252937,-1,-3,-2,1,0,-1,-2,-1,0
8.261607,1,-1,-2,-1,-1,-1,-2,-2,0
8.261611,0,-1,-1,0,-1,0,0,-2,0
8.277670,-3,-1,-1,-2,0,0,0,-1,0
8.277686,0,-1,-1,-2,-2,-1,1,0,0
8.277690,3,2,-1,-1,0,-2,-2,0,0
8.277693,-2,-2,-2,1,-1,0,0,-1,0
8.298625,-3,-1,-1,-1,-1,-1,-2,0,0
8.298656,5,0,0,0,-1,-2,-2,-2,0
8.299866,-3,-1,-2,-1,0,-1,1,-2,0
8.299870,0,0,-1,-2,-1,-1,-2,0,0
8.313084,-2,0,-1,-1,-1,-2,-1,-2,0
8.313119,-1,0,0,0,-1,-1,-1,-2,0
8.321180,-5,-1,0,-1,-1,-1,-1,-1,0
8.321197,-2,-2,-2,0,-2,0,-1,-1,0
8.336129,6,1,0,-1,-2,-3,-1,-1,0
8.337577,-2,1,0,0,-2,-1,-3,-1,0
8.337585,3,-1,-2,1,-1,0,0,-1,0
8.337589,-4,0,1,0,-1,-1,-2,0,0
8.358739,0,-1,-1,-1,-1,-2,-2,-1,0
8.358755,2,0,0,-3,0,0,0,-2,0
8.359182,-3,-1,0,-2,0,-1,-2,0,0
8.359195,-1,-2,-1,-1,0,-3,0,-1,0
8.373050,-1,-4,-1,0,-1,-1,0,-1,0
8.373071,-5,-1,-1,-3,-4,-1,-1,-3,0
8.381161,0,-1,-1,-1,-2,-1,-1,-2,0
8.381180,2,1,-1,1,-1,-2,-2,-2,0
8.396093,-1,-1,-2,-1,-2,-2,-1,-1,0
8.396117,-3,0,-1,0,1,-1,0,0,0
8.398072,-3,-2,0,-1,-1,0,0,0,0
8.398077,-2,-2,-1,-1,-2,1,-2,0,0
8.418541,-2,-2,-1,-1,0,-1,-2,-1,0
8.418582,1,-2,0,-2,0,-2,0,0,0
8.419219,1,2,1,0,-2,-1,-1,0,0
8.419227,4,-1,-2,-2,-2,-1,-2,0,0
8.432836,-5,-3,0,-1,-1,0,-1,-1,0
8.432854,2,-1,-2,-3,-1,0,-1,-2,0
8.441166,0,-1,-1,-1,-2,-2,-1,0,0
8.441186,-2,0,-2,-2,-1,0,0,-1,0
8.456002,0,-1,1,1,0,-1,-1,-3,0
8.457571,-4,-2,-1,-1,0,0,-1,-1,0
8.457575,-4,-1,-1,-1,-1,1,-2,-1,0
8.457576,7,1,-1,-1,-1,-1,-1,-2,0
8.478808,-3,0,-3,-2,-1,1,0,-1,0
8.478812,-5,-1,0,0,-2,-1,-2,-1,0
8.479395,3,1,0,-2,-1,-1,-2,-1,0
8.479427,-3,-4,0,-1,0,-1,-2,-1,0
8.494848,-2,-1,-2,-2,-1,-2,-2,1,0
8.494860,-2,-2,0,-1,-1,-1,0,0,0
8.500937,-4,-1,-2,1,0,-1,0,0,0
8.500956,-3,-1,0,-1,-1,-1,-1,-1,0
8.516087,1,0,-1,-1,-2,-1,0,-1,0
8.516105,-1,-2,-1,0,0,-1,-3,-1,0
8.516683,0,0,-2,-2,0,-1,-1,0,0
8.516785,2,0,0,-2,-1,-2,1,-1,0
8.539079,-1,-3,-1,-2,0,-1,-2,-1,0
8.539107,0,0,-1,-2,0,0,-2,-1,0
8.541020,0,-3,0,-3,0,-1,-1,-1,0
8.541026,-3,-1,-1,-1,-1,-1,0,-2,0
8.561755,-1,0,-2,-1,0,0,1,1,0
8.561784,2,0,-1,-1,-1,-1,-1,0,0
8.562681,-3,-2,-2,-1,0,-2,-2,-3,0
8.562712,3,-1,-2,-2,-1,-2,-3,-1,0
8.575845,1,-2,-2,-2,-1,-1,-1,-2,0
8.575857,0,1,-2,-1,0,-3,-1,0,0
8.576769,0,0,0,-2,-2,0,-1,-1,0
8.576789,-4,-1,-1,-1,0,-1,-1,-2,0
8.598564,-1,-2,-1,-1,-3,2,0,-2,0
8.598583,0,-1,-1,-1,-1,-3,0,0,0
8.599991,0,-1,1,-1,-2,0,-2,-1,0
8.599995,-5,0,-2,-1,0,-2,-2,-1,0
8.621572,1,1,-2,-1,-1,-1,-1,0,0
8.621581,0,-1,-2,0,-1,1,-1,0,0
8.622196,-5,-1,0,0,-1,-1,-1,1,0
8.622204,2,-1,-2,-1,-3,-2,0,0,0
8.635965,-6,-2,-1,0,-1,-2,-2,-4,0
8.636002,2,0,-1,0,-1,-1,0,1,0
8.636732,7,0,-4,-1,-2,-2,-1,-1,0
8.636740,-2,0,1,0,1,1,-1,0,0
8.658633,0,-1,1,0,0,-1,-1,-1,0
8.658651,1,-1,-1,-1,0,-1,0,-2,0
8.660259,-1,-2,-2,-1,-1,-1,-2,-1,0
8.660268,-3,-2,0,-1,0,0,-1,-1,0
8.682122,-1,0,-1,-2,-1,-3,-2,0,0
8.682174,-2,-2,-1,0,-1,0,-1,-2,0
8.683433,-2,-1,0,-1,-1,0,-1,-2,0
8.683441,0,0,-3,-1,-1,-1,0,-1,0
8.696098,-4,-1,-1,0,1,-1,-1,-3,0
8.696126,1,-1,-1,0,-1,-2,-1,-1,0
8.697250,2,2,-2,-1,-1,-4,-2,-1,0
8.697257,-2,-2,-1,-1,-1,-2,-1,0,0
8.718473,1,-2,-1,-2,-3,1,-1,-1,0
8.718495,-3,0,0,-1,-2,-1,-2,-1,0
8.719221,-4,-1,0,1,-1,2,2,-3,0
8.719244,-1,0,0,-3,0,0,0,-2,0
8.741656,2,-1,-2,-1,-1,0,-1,1,0
8.741676,-1,-1,0,-1,-1,-2,-2,-2,0
8.742992,-1,-1,-2,0,0,-1,0,1,0
8.743013,-3,0,0,0,-2,-1,-2,-3,0
8.756122,-2,-1,1,0,0,0,-1,0,0
8.756154,-1,0,-3,-1,-3,-1,0,0,0
8.757360,0,-2,-1,0,0,-1,-1,1,0
8.757366,-2,-2,-2,0,-2,0,-1,-1,0
8.778713,1,0,-3,0,-1,-2,1,-1,0
8.778717,-1,-1,-1,-3,0,0,-1,-3,0
8.779149,-2,-1,-3,-2,-1,-2,-1,-3,0
8.779158,0,0,0,-2,-2,-1,0,0,0
8.801858,0,0,-1,-1,-1,-1,-2,-1,0
8.801888,-4,-1,-2,-2,-1,-2,0,0,0
8.803494,1,-1,-1,-1,-1,1,-1,0,0
8.803501,4,-1,-1,-1,1,-1,-2,-1,0
8.816020,-1,-2,0,1,-1,-1,0,-1,0
8.816038,0,-1,-1,-1,1,0,0,0,0
8.816814,-4,-1,1,-1,-1,-1,-1,-1,0
8.816818,-3,-1,-1,0,-2,-1,-1,-1,0
8.838536,-1,0,0,-1,-2,-3,-1,0,0
8.839830,0,-2,0,-3,-1,-2,0,0,0
8.839837,-2,-3,-2,0,-1,-1,0,0,0
8.839842,-2,0,0,-3,-1,-1,0,-1,0
8.861702,0,-2,0,-1,-1,-1,-2,-2,0
8.861723,-2,0,0,-2,-1,-1,0,-1,0
8.862479,2,0,-1,0,-1,-1,0,0,0
8.862502,-1,-1,-1,0,-2,0,-1,-1,0
8.876037,-3,0,-1,2,1,1,-1,-3,0
8.876050,0,-2,-1,-2,-1,-1,-3,0,0
8.876884,-1,1,0,-2,0,-1,0,0,0
8.876911,-3,-1,-1,0,1,-1,-2,-2,0
8.898717,2,-1,-1,-2,-2,-3,1,-1,0
8.898741,0,0,-2,-2,1,0,-3,-1,0
8.900122,0,0,-3,-2,-3,0,-2,-1,0
8.900127,-2,-1,-1,-2,-1,1,1,0,0
8.921870,1,0,-1,-2,-1,0,-1,0,0
8.921938,-1,-2,-2,-1,-2,-1,-1,-2,0
8.922706,-2,-1,0,-1,-1,-1,0,0,0
8.922731,0,0,-1,0,-2,-2,-2,-2,0
8.935926,-3,-1,0,-2,0,0,-2,-1,0
8.935965,0,-1,0,0,-1,-1,-1,-1,0
8.936616,-5,-2,-1,0,0,-2,-1,-1,0
8.936649,-4,-2,-2,0,-2,-1,-3,0,0
8.958815,15,2,-2,-3,-1,-2,-1,-2,0
8.958836,-2,-1,-2,0,-2,-3,-1,-1,0
8.961273,1,0,-1,-1,-2,0,0,-1,0
8.961279,-4,-1,0,-2,-1,0,-2,-1,0
8.982623,-7,-2,0,-1,-1,-2,-4,0,0
8.982634,0,0,0,-2,-1,0,0,-1,0
8.982636,-1,-1,-1,-1,-1,-3,-3,-1,0
8.982637,1,-2,-2,0,0,-1,2,-1,0
8.997136,-3,0,0,-1,-3,-1,-1,-2,0
8.997152,1,0,0,0,-1,-1,-1,-2,0
8.997154,-2,-3,1,-1,0,0,0,-1,0
8.997157,0,-1,-1,1,1,-2,-2,-1,0
9.018790,-2,-1,-1,-1,0,-1,-1,0,0
9.018806,-4,0,0,0,-2,0,0,-1,0
9.020751,1,-1,-2,-1,0,0,0,-2,0
9.020850,3,-1,0,-2,-1,0,0,0,0
9.042647,-2,-2,-2,-1,-1,-1,0,0,0
9.042653,0,-3,0,0,-1,-1,-1,-1,0
9.042654,-1,0,-2,-1,0,0,0,0,0
9.042656,-5,-1,0,-1,0,-1,-1,-2,0
9.055402,5,-2,0,0,-2,-2,0,-1,0
9.055425,-1,0,-1,-2,1,-3,-2,-2,0
9.064035,1,-1,0,0,-1,-2,-2,-1,0
9.065967,-2,0,-1,-2,-1,0,0,-1,0
9.078463,-3,1,-1,-1,-2,0,1,0,0
9.078494,1,-1,-2,0,-1,-1,-1,-1,0
9.080320,0,0,-3,-2,-2,0,-1,0,0
9.080336,0,-2,0,0,-2,-1,0,-1,0
9.101807,-1,-4,0,-2,-1,1,0,0,0
9.101824,0,-1,-1,1,-2,0,-2,-2,0
9.103913,-1,0,0,-2,-1,-2,-1,1,0
9.103927,1,-2,-3,-2,0,-1,-2,-2,0
9.115915,-1,-2,-2,0,-1,-2,0,-1,0
9.115933,-5,0,-1,0,0,-2,-1,-1,0
9.118085,7,1,1,-1,-1,0,-2,-2,0
9.118091,1,0,0,-1,0,-1,-2,0,0
9.138471,-2,0,1,-1,0,-2,-3,-1,0
9.138487,-5,-1,-2,-1,-1,-1,-1,0,0
9.139205,5,-1,-3,1,-2,-1,-1,0,0
9.139252,-4,0,-1,1,-2,-1,-1,-2,0
9.161668,-2,-1,-1,-1,-1,0,-1,0,0
9.161692,-3,-1,0,-1,0,-1,-1,-1,0
9.163360,-3,-2,1,0,1,-2,-2,0,0
9.163378,3,-2,-2,-1,1,-2,0,-2,0
9.175372,-1,0,-3,-2,0,1,-2,-1,0
9.175396,1,-1,-2,-2,-2,-1,-1,-3,0
9.183864,-1,-3,-2,-3,0,-2,0,-1,0
9.183868,-2,-1,-1,-2,-1,0,0,0,0
9.198590,-3,-1,0,1,0,2,-3,0,0
9.200015,2,-1,-2,-2,1,-1,0,0,0
9.200020,-2,1,-1,0,-1,0,0,-2,0
9.200022,-1,-1,-1,0,-2,-1,-1,-1,0
9.221919,-1,-1,-2,-2,-2,-1,-1,0,0
9.221970,0,-1,-1,0,-2,0,0,-1,0
9.222368,-7,-1,0,-1,-1,0,-1,-2,0
9.224390,3,0,-1,-1,-1,-2,-2,1,0
9.235372,-1,-1,0,0,-2,-1,0,-1,0
9.235387,-1,0,-2,-1,-1,0,-2,-1,0
9.244165,-1,-1,0,-2,-1,-1,0,-1,0
9.244202,-1,-1,-2,0,-2,-2,-2,0,0
9.258599,-2,0,-1,0,-1,-2,-2,-2,0
9.258620,0,0,-1,-1,0,0,-2,0,0
9.261592,-1,-2,-2,-1,0,-2,-2,-2,0
9.261603,1,2,0,-1,0,-1,-1,-3,0
9.281904,-2,-2,-1,-1,1,0,0,-1,0
9.281920,-1,-3,-1,-1,0,-1,-1,1,0
9.282425,4,1,0,-1,0,-2,-3,0,0
9.282492,-11,-2,0,-1,-1,-1,-1,-2,0
9.295309,4,0,-2,-2,0,-3,0,-2,0
9.295324,1,0,-1,-1,1,0,-1,-1,0
9.303604,-2,0,-1,-1,-1,-1,-1,0,0
9.303634,2,0,1,-1,-1,0,0,-2,0
9.318448,-4,-2,-1,-1,-1,-1,-1,-2,0
9.318464,-3,0,-1,0,0,0,0,-2,0
9.319843,-1,-2,-2,-2,-1,-3,0,-1,0
9.319852,2,-1,-1,-1,-1,0,1,0,0
9.341677,-3,1,0,0,-2,-3,0,-1,0
9.341690,4,0,-2,-3,-2,-2,0,1,0
9.342280,-2,0,-1,-1,0,-1,-1,-2,0
9.342295,-2,-1,-3,-1,-2,-2,-1,1,0
9.374443,-5,0,-2,-2,0,-2,-1,-2,0
9.374449,8,0,-1,-2,-1,0,-1,-1,0
9.374450,-3,-1,-1,1,-1,0,1,0,0
9.374452,1,-2,-1,-1,0,1,0,-1,0
9.378577,-2,1,-3,-1,0,-1,-2,0,0
9.378596,-6,-2,-1,-1,0,-1,-2,-1,0
9.379548,-1,-3,-1,-1,-2,0,0,-1,0
9.379614,0,0,0,-1,0,-1,1,0,0
9.402909,-6,-2,-1,-2,-2,0,-1,-1,0
9.402912,-1,0,-1,-1,-1,-2,1,-1,0
9.402914,-2,2,-1,-1,-1,-3,-2,-1,0
9.402916,4,-2,0,-1,0,0,-2,-1,0
9.415440,2,1,-1,0,0,0,0,0,0
9.415463,-2,-1,1,-1,-2,0,-2,-3,0
9.423951,-2,-3,-1,-1,-2,0,0,1,0
9.423969,-3,-1,-2,0,1,-2,-1,-2,0
9.438850,0,-2,-1,0,-2,-1,-1,1,0
9.438878,3,1,1,1,-1,-2,-1,0,0
9.440507,0,0,-1,-1,-1,-1,0,-1,0
9.440515,-7,-1,-4,-1,-3,-3,-1,-1,0
9.461738,5,-1,-1,-3,0,1,-2,-1,0
9.461761,-4,-2,-1,0,0,0,0,-1,0
9.464441,-2,-1,-1,-2,-1,0,-2,-2,0
9.464466,-3,1,-1,-1,-2,-1,-2,0,0
9.484135,0,1,-2,-1,-1,-1,-3,-1,0
9.484151,1,-2,-1,-1,-2,-1,0,-1,0
9.484856,-2,-1,0,-2,-1,-1,-1,-1,0
9.484894,-2,-2,0,-1,-1,0,-1,-1,0
9.498538,-2,-2,0,-1,-1,-3,0,-2,0
9.498557,4,-2,-1,-1,0,-1,0,0,0
9.499403,-1,-2,-3,-1,1,0,0,0,0
9.499422,4,2,1,-1,0,-2,-2,-1,0
9.521693,-1,0,2,0,-2,-1,0,-2,0
9.521710,-2,0,-1,0,-2,-1,-1,-1,0
9.523019,-3,-3,-1,-1,-1,-1,-1,-1,0
9.523069,0,-2,-2,-3,0,-1,0,-1,0
9.544196,-1,-1,1,-1,0,-1,0,1,0
9.544242,-4,-2,0,-1,-2,0,-1,-1,0
9.544896,-3,-2,-3,0,-1,0,-1,-1,0
9.544910,6,0,-2,-1,-2,-1,-2,-1,0
9.560310,1,0,-1,1,0,-2,-3,0,0
9.560326,-5,0,-1,0,0,-1,-1,0,0
9.560329,-1,0,-1,0,-1,-2,-1,-1,0
9.560331,-5,-2,0,0,-1,-1,0,-1,0
9.581741,2,-1,-2,-4,-1,-2,0,-1,0
9.581762,-3,0,-2,-1,-1,0,-1,0,0
9.583890,0,0,0,0,0,0,-1,-2,0
9.583899,-3,-2,-2,-2,-1,0,2,0,0
9.605754,1,-1,-1,0,-1,-1,-2,-2,0
9.605765,-4,-1,0,0,1,-1,-1,-2,0
9.605769,0,1,1,-1,-1,0,0,-2,0
9.605774,-3,-2,0,-1,-1,-2,-2,-2,0
9.622236,2,-3,-2,-2,-3,1,0,-2,0
9.622239,1,0,-1,-1,-1,-3,-1,0,0
9.622241,-1,-1,-2,-2,-1,-1,-2,0,0
9.622243,-1,-1,-1,1,0,2,-1,0,0
9.641754,-2,0,-1,-2,-2,1,0,-1,0
9.641782,-6,-1,0,-2,-1,-1,-2,0,0
9.642726,6,1,-1,-1,-1,-1,-1,-2,0
9.642753,-1,-1,0,-2,-2,-2,-2,-1,0
9.664373,-1,-2,0,0,-1,-1,-1,-1,0
9.664398,0,0,-3,0,2,-1,0,-1,0
9.666869,1,1,-1,-3,0,-2,-1,-1,0
9.666875,-6,0,0,0,-2,-2,0,-2,0
9.678608,0,-1,-1,0,-1,-1,-2,-1,0
9.678630,-1,-1,-2,-1,-1,0,-2,-1,0
9.679853,1,-2,-2,-1,0,-2,0,0,0
9.679859,1,1,0,-1,1,-2,-1,-1,0
9.701661,-1,-3,0,-1,1,-1,-1,-2,0
9.701681,-1,-1,-1,0,-1,-2,-2,0,0
9.702351,-2,-2,0,0,-1,0,0,-1,0
9.702376,-2,-3,-2,-2,-1,0,0,0,0
9.724597,-2,2,3,1,-1,-1,-4,-1,0
9.724620,0,-2,-1,-3,-1,0,-1,-2,0
9.726776,-2,-1,-1,1,0,-1,-1,-2,0
9.726789,-3,-1,-2,-2,-1,-1,-1,1,0
9.738800,-5,-2,-1,-2,1,-1,0,-2,0
9.738828,6,1,-2,0,-1,-2,0,-1,0
9.741128,-1,0,1,1,-1,0,-2,0,0
9.741132,0,-1,-2,0,-2,0,0,-2,0
9.762828,-4,-1,-1,0,-1,-2,-2,0,0
9.762835,-4,-3,0,-2,-2,-1,-1,-1,0
9.763261,1,-1,-3,-3,0,-3,-1,-2,0
9.763273,0,1,-2,1,-1,0,-2,0,0
9.784336,-1,-1,-2,-2,-1,0,-1,0,0
9.784357,0,-1,-2,0,0,-2,-1,1,0
9.785896,0,-1,0,0,-2,-1,-1,0,0
9.785901,0,-2,-1,-1,-1,-1,0,-1,0
9.797880,2,0,-2,1,-1,-2,1,-1,0
9.797899,-3,1,0,-1,-2,0,-1,-2,0
9.807072,-5,0,-2,0,0,-1,-1,0,0
9.807076,2,-2,0,0,-1,-1,-2,-1,0
9.824113,2,0,0,-1,-1,-2,-2,-1,0
9.824118,0,-1,-2,0,-3,-1,-2,-2,0
9.824121,-2,0,0,-1,-1,-1,-1,-1,0
9.824122,-3,0,-2,-1,-2,-1,-1,-2,0
9.844372,-2,1,-1,0,-1,0,-1,0,0
9.844402,-3,-4,-2,0,0,-2,1,-1,0
9.847712,4,-2,0,0,-1,0,0,0,0
9.847723,1,0,-1,-1,-1,-1,-1,0,0
9.857833,1,-1,-2,-1,1,-1,0,-1,0
9.857854,-4,0,-1,-2,0,-2,-1,-2,0
9.867268,-3,-1,-1,-1,-1,-1,0,-1,0
9.867272,2,-2,-1,-1,-2,-1,0,0,0
9.881736,-2,-3,-2,0,-2,-1,1,-2,0
9.881770,-2,-2,-1,0,1,-2,-1,-2,0
9.884147,-1,-1,-1,-1,-1,-2,-1,-2,0
9.884155,-1,0,0,-1,-1,-1,0,-1,0
9.904433,-2,1,-1,-1,0,0,0,-1,0
9.904509,-1,0,0,-3,-2,0,0,-1,0
9.905649,0,0,-2,-2,-1,-1,-3,-1,0
9.905661,-3,1,-1,-1,0,-3,-2,-1,0
9.917727,-5,-1,0,0,0,-2,-2,-1,0
9.917743,4,1,-1,0,-2,-2,-2,-1,0
9.928316,-3,-1,0,-2,-1,-2,-1,-2,0
9.928321,4,0,-1,-1,0,-2,-2,0,0
9.942021,-2,-3,-1,-1,-1,-1,-2,-1,0
9.942044,-2,-1,1,-1,0,-1,0,0,0
9.944177,-1,0,-2,-3,-1,-1,-2,-1,0
9.944188,-2,-2,-2,0,0,0,-1,-2,0
9.964511,-2,-3,-1,-1,0,0,0,0,0
9.964566,2,0,-1,-2,0,0,-1,0,0
9.965724,-1,0,0,-2,-2,-2,-3,-1,0
9.965742,0,-1,-2,-1,-2,-2,-2,-1,0
9.977950,0,1,-1,-2,-1,-1,-2,-2,0
9.977976,-3,-2,0,-1,-2,0,-1,0,0
9.987590,-2,-1,-2,1,-1,-1,1,-1,0
9.987594,-1,-1,-1,-3,-2,0,0,-2,0
10.001626,-2,0,0,1,-2,-3,-2,-1,0
10.001648,-3,0,0,0,-1,-1,-1,0,0
10.003325,4,-2,0,0,-2,1,1,0,0
10.003330,-7,-1,0,0,0,0,-1,-1,0
12.027735,39,2,0,1,14,-31,3,10,3
12.028197,-4,6,3,2,-6,9,32,-36,3
12.030011,-16,-6,-3,-34,64,-23,-52,-89,3
12.030126,-2,7,4,22,50,-17,28,37,3
12.049162,18,-1,-3,-1,3,0,83,-13,3
12.049349,-8,-7,-2,4,-69,-45,-65,-4,3
12.050610,13,2,-1,-10,-41,4,-2,52,3
12.050623,-25,-3,-2,5,-13,33,38,-72,3
12.064367,-1,-2,-5,-2,20,-19,-12,-19,3
12.064375,-15,-2,-4,0,-3,-17,-13,39,3
12.072973,10,2,2,15,-26,-1,-10,0,3
12.072980,0,-2,-1,-4,-14,5,16,-34,3
12.086818,6,-2,-1,6,-22,23,1,33,3
12.086844,1,-3,-3,-4,54,30,-8,4,3
12.088753,4,3,-1,4,-74,24,-14,41,3
12.088758,-18,2,0,10,51,6,-31,14,3
12.109880,-31,-10,-7,-9,7,26,32,-72,3
12.112078,5,2,0,-5,50,-29,-21,2,3
12.112086,8,6,1,11,3,47,5,-6,3
12.112088,25,4,2,-18,-71,-7,45,16,3
12.123384,4,-5,3,25,47,20,-49,-11,3
12.123411,-19,-5,-4,-14,39,-68,-28,-37,3
12.132591,-5,-4,-4,34,-67,-16,94,47,3
12.132596,19,3,0,26,-19,3,3,-43,3
12.147163,0,-6,-6,-16,-34,-12,-18,18,3
12.147199,-6,-5,-3,-1,14,78,55,17,3
12.148371,16,-1,3,-4,-41,-4,-27,-8,3
12.148389,19,-6,-6,-21,-23,28,26,45,3
12.169442,-19,2,3,5,-8,-25,-21,-15,3
12.169459,0,2,2,-3,17,10,53,37,3
12.171370,0,-2,-4,-8,34,-11,23,4,3
12.171376,-9,-4,0,4,-13,61,8,-63,3
12.182777,20,6,4,-3,-26,31,-31,-20,3
12.182799,-39,-3,0,-1,63,118,36,54,3
12.191607,20,-2,1,4,76,45,-38,-19,3
12.191642,26,0,-2,-5,-85,-24,-17,44,3
12.206557,4,1,0,-4,7,3,34,44,3
12.206572,0,2,-1,1,11,9,-32,-20,3
12.208012,5,0,-3,-1,-1,-40,-3,-3,3
12.208028,-25,-6,-3,-11,-4,10,30,-8,3
12.229389,18,3,3,-8,-51,-43,-86,13,3
12.229435,-10,-7,-7,15,-29,-42,4,24,3
12.231283,-14,2,2,3,54,-18,36,75,3
12.231290,21,1,0,-32,-29,-23,-35,-49,3
12.242855,-26,-12,-8,48,9,26,-11,-39,3
12.242890,26,-5,-1,8,17,-14,35,-9,3
12.251610,-31,0,2,-7,-105,56,29,2,3
12.251625,0,3,2,5,95,4,-3,28,3
12.267199,1,-3,0,-9,-5,-12,4,10,3
12.267206,1,6,3,-20,-77,-1,6,-29,3
12.268171,0,-6,-4,6,18,43,3,-26,3
12.268186,5,-1,-2,-1,-16,-6,7,27,3
12.289117,10,4,1,-13,-7,-15,8,1,3
12.289140,-7,0,0,8,7,-3,-17,-18,3
12.291591,-6,0,0,-9,27,-27,-7,-17,3
12.291596,-10,-4,-3,3,-5,-8,7,8,3
12.303317,6,2,-2,-6,15,12,-13,20,3
12.303345,7,0,-1,-2,11,-1,6,8,3
12.313599,0,-1,-6,-8,-6,-67,29,25,3
12.313620,-6,-6,-4,7,70,75,-25,-51,3
12.326735,0,5,2,-3,4,16,-1,13,3
12.326768,6,-3,-5,-7,-3,-71,-76,-75,3
12.329101,13,1,-1,-14,-34,-4,15,49,3
12.329108,-12,0,-2,9,-15,-25,9,8,3
12.349110,-15,-1,-1,-12,-12,-5,28,9,3
12.349129,-16,1,-4,-8,-39,-8,-30,-24,3
12.350691,1,-3,2,3,26,27,-5,-16,3
12.350708,-6,-3,-6,-21,-57,-20,4,0,3
12.371633,-5,6,3,-33,12,25,-40,27,3
12.371655,18,-7,-3,31,9,-12,16,-63,3
12.373051,2,-5,0,10,-14,-38,-43,-27,3
12.373059,-1,-1,-1,-6,1,-14,16,30,3
12.386838,-19,-1,-3,-1,31,-51,27,-3,3
12.386860,-7,2,3,-9,23,-5,30,22,3
12.388173,8,5,5,4,45,55,41,-4,3
12.388210,-2,0,-1,12,73,75,48,-43,3
12.409249,-24,-4,-1,3,-28,20,4,-12,3
12.409272,-5,2,2,-3,-11,13,-18,-16,3
12.410854,-6,-1,-2,7,61,11,2,-30,3
12.410875,2,2,2,-5,-47,-8,-17,-19,3
12.431720,9,0,0,6,7,-15,22,12,3
12.431740,-1,-6,-2,-3,16,39,33,39,3
12.433061,-10,-6,-4,-10,-98,19,-67,-73,3
12.433070,-2,-6,-5,-9,-15,6,-21,37,3
12.446996,17,-1,1,10,33,-10,35,-5,3
12.447032,-6,-3,-1,1,15,84,0,16,3
12.448873,-9,-4,-2,-5,18,-41,-20,17,3
12.448880,-2,1,2,-1,-13,-57,-24,17,3
12.470273,11,-3,-1,2,-18,1,7,-11,3
12.470281,-7,0,-1,-14,-45,-77,-46,67,3
12.470634,-6,7,6,11,46,67,20,34,3
12.470643,6,0,5,9,-71,-44,-35,-14,3
12.492164,-7,-3,-6,-17,-23,43,-2,0,3
12.492186,23,-6,-1,-18,90,-48,28,-24,3
12.494791,-13,1,0,52,-4,-16,-1,14,3
12.494800,-12,1,0,6,3,-14,-32,16,3
12.505970,3,-2,-3,-3,-64,-9,3,-12,3
12.506775,5,3,-1,4,24,-10,23,13,3
12.513124,14,1,-3,-13,-17,-22,-21,0,3
12.513158,-19,-5,-4,-8,14,-1,40,70,3
12.531819,-2,4,2,6,2,-35,-26,38,3
12.531824,4,-1,-4,-6,23,83,4,-51,3
12.531827,1,-9,-5,7,12,-65,-51,-22,3
12.531880,10,1,1,11,26,60,-2,-16,3
12.551555,0,-4,-3,-3,27,45,10,4,3
12.551572,-20,-4,0,8,-19,4,-11,6,3
12.553091,-10,-2,-4,-17,-33,0,-4,7,3
12.553107,0,3,0,-2,2,-22,18,7,3
12.565982,4,-3,-3,3,5,-2,-21,-54,3
12.565998,7,4,1,-5,-11,4,8,3,3
12.572736,-2,1,-1,-7,-10,-22,9,1,3
12.572753,0,-1,-2,-2,1,9,1,-8,3
12.589599,0,1,2,1,4,-16,6,3,3
12.589629,0,-1,0,4,-19,-7,-5,13,3
12.591257,-2,1,-2,-22,-89,12,12,-23,3
12.591262,-23,-1,6,15,42,22,36,-56,3
12.611656,13,-1,-3,0,-6,-29,6,61,3
12.611677,-4,-4,-4,3,54,-45,-1,-8,3
12.613595,10,-5,-2,-6,-24,-16,1,-7,3
12.613629,-18,-3,-3,-6,-14,-16,2,-24,3
12.627287,-9,1,1,2,-20,50,8,5,3
12.627299,3,4,-2,-6,-14,39,9,18,3
12.632782,6,2,1,3,-19,11,0,19,3
12.632798,12,3,-4,-53,-79,-36,-27,12,3
12.649094,-4,-5,-1,11,-74,64,-39,-15,3
12.649111,23,6,3,3,-5,-73,-5,9,3
12.650569,-15,0,1,2,2,-11,-3,32,3
12.650581,10,-4,-1,-5,-19,-6,11,-66,3
12.672038,4,-5,-2,-12,-20,-16,25,5,3
12.672043,-25,-2,0,4,-29,25,15,-3,3
12.673120,61,6,-1,-4,25,13,-12,54,3
12.673156,-26,-3,-2,10,-12,-45,15,11,3
12.686174,-6,0,-2,-4,40,-41,-66,-57,3
12.686196,7,-7,-2,6,-44,30,10,-29,3
12.693396,8,3,3,-1,43,-48,25,4,3
12.693435,27,1,0,8,2,17,-49,28,3
12.709318,-29,-4,-2,4,26,-16,14,-10,3
12.709344,-45,-9,-6,-11,-24,-1,-23,11,3
12.711178,-15,0,-3,-6,-8,4,0,-23,3
12.711183,-4,-7,-2,7,11,11,-34,6,3
12.731649,9,-1,1,-2,2,9,67,25,3
12.731666,7,4,3,1,5,29,-2,-4,3
12.733149,-13,-8,-6,-5,-17,57,8,-17,3
12.733161,-19,-3,1,7,1,33,37,-17,3
12.746232,32,11,8,7,79,-40,0,95,3
12.746286,7,2,0,1,-3,-13,22,45,3
12.752974,-16,-12,-13,-13,-29,-15,-34,-23,3
12.752990,42,3,-2,-10,13,-19,-72,-76,3
12.769230,-67,-2,1,-3,-31,24,90,80,3
12.769271,33,-4,-4,-1,-32,-43,-30,-39,3
12.770646,-13,-4,-1,0,24,44,-18,9,3
12.770669,6,-1,-2,-2,0,-12,30,22,3
12.792148,5,-1,-4,-7,-14,-42,2,-32,3
12.792177,-6,2,0,8,71,3,-37,-8,3
12.794966,-19,-1,-1,-3,18,-5,40,-13,3
12.794976,-21,-1,-2,3,9,-3,6,-18,3
12.805948,7,-2,-2,-1,-23,-18,25,-75,3
12.805964,20,-3,-1,-3,-23,32,10,21,3
12.815336,32,7,3,2,8,-25,-23,-1,3
12.815343,-32,-5,2,4,-21,11,54,82,3
12.829730,-1,-4,-4,-9,22,-69,-111,-32,3
12.829735,0,3,0,-13,-5,-14,15,7,3
12.831160,-24,1,5,18,1,-41,18,-19,3
12.831208,24,6,1,2,-44,30,23,32,3
12.851764,7,-3,-1,0,-2,-70,-25,6,3
12.851780,-2,-8,-7,-42,-18,-29,-6,39,3
12.853876,-38,-5,0,37,62,-1,-62,-36,3
12.853882,1,6,0,-2,-39,53,80,39,3
12.865331,19,2,1,6,-27,20,-10,-41,3
12.865349,-26,1,1,0,6,35,6,-25,3
12.875757,6,2,2,-10,-9,-5,14,33,3
12.875775,9,-1,-2,-4,23,-2,-22,40,3
12.889475,-9,4,-1,-3,5,33,1,-16,3
12.889498,19,2,-2,10,-16,-14,-5,34,3
12.891193,7,1,4,-8,1,-2,4,58,3
12.891203,-8,-3,-7,0,-17,63,-4,29,3
12.911675,-3,-2,1,-4,-59,49,-17,-22,3
12.911703,4,-2,2,16,60,47,70,4,3
12.914527,-28,-1,-2,-4,3,112,5,-13,3
12.914534,15,-1,-1,-4,12,-19,-26,-30,3
12.925445,10,1,0,4,-4,-2,9,5,3
12.925615,-2,-3,-4,6,-18,-5,-6,27,3
12.934376,8,-6,-2,-11,-14,-39,-14,-29,3
12.934387,-10,3,2,7,29,-20,-20,-19,3
12.949209,4,3,1,0,6,30,17,63,3
12.949226,4,1,1,4,-35,-11,-22,-16,3
12.950664,21,5,-1,-6,38,-22,28,1,3
12.950696,3,-1,2,-2,43,-49,-17,14,3
12.979644,-13,-7,-6,3,71,-1,-6,-9,3
12.979743,12,3,2,-5,-11,9,9,6,3
12.982507,-2,-1,-1,-5,-72,-21,-7,-2,3
12.982515,0,0,-2,5,49,-44,0,-29,3
12.985337,-11,-5,-3,-4,4,-7,58,22,3
12.985353,-12,-2,-3,-1,-10,-1,-50,-84,3
12.996384,12,-1,-3,-4,0,98,52,17,3
12.996397,-14,-5,-3,0,-20,-27,24,-46,3
13.009632,17,4,0,-5,-11,-32,-32,27,3
13.009669,-24,-2,0,3,20,1,12,32,3
13.012059,1,1,-1,2,7,-39,10,0,3
13.012065,2,-2,-2,-9,-25,40,-39,38,3
13.032073,-7,0,-1,4,47,14,-11,-3,3
13.032078,-7,-5,-3,1,16,-8,-4,-79,3
13.033205,22,-1,-1,1,-6,-10,-6,81,3
13.033274,-5,1,3,7,13,-18,1,-30,3
13.046452,-1,-4,-5,-6,15,20,6,-8,3
13.046458,-5,3,3,-13,-26,-17,-56,-19,3
13.054760,27,4,2,17,30,-29,27,23,3
13.054765,-21,-11,-7,-4,-61,-7,-63,-10,3
13.069403,1,-2,-1,0,-17,-33,51,-20,3
13.069426,-20,-6,-1,5,14,-20,-4,16,3
13.071210,-17,-4,-4,-14,-30,-1,-21,-43,3
13.071218,7,5,2,2,17,-9,20,20,3
13.091706,-2,-2,-2,-2,-5,-8,-5,-11,3
13.094462,3,0,-1,3,4,1,10,24,3
13.094468,-13,0,0,-7,-55,-40,-26,3,3
13.094470,3,-9,-6,-8,1,-10,15,-6,3
13.105930,-20,-8,-3,-6,-75,38,-52,19,3
13.105959,4,2,0,1,-36,4,35,8,3
13.115755,-25,3,2,1,5,14,-10,-10,3
13.115764,17,0,-2,-8,-1,7,-2,-23,3
13.129585,22,2,2,7,-20,8,0,54,3
13.129634,-3,-1,1,3,3,14,-1,-27,3
13.130903,-17,-3,1,-9,-4,-13,-26,-21,3
13.130934,3,1,-2,-1,18,-69,10,22,3
13.151687,-16,5,1,-2,22,1,-12,-25,3
13.151708,23,-2,-1,-6,-12,-28,-9,7,3
13.153409,20,4,3,30,59,8,4,38,3
13.153419,0,0,0,1,44,16,8,-15,3
13.165328,-19,-4,-2,-1,-6,49,-52,-26,3
13.165346,-1,6,-1,-1,65,2,12,4,3
13.174364,12,0,1,-7,-18,9,-17,-37,3
13.174368,-9,-2,1,-1,-35,-5,-15,23,3
13.189106,-15,-3,-2,2,6,-32,14,-29,3
13.189122,22,-4,-2,-1,-16,18,3,52,3
13.190792,-26,-3,-2,-4,8,-3,0,-8,3
13.190809,8,4,0,5,0,32,8,-8,3
13.211736,15,0,-3,-6,-11,-20,1,23,3
13.211760,-32,-2,-1,2,-13,3,4,-25,3
13.214411,35,2,-4,-8,-11,-9,37,30,3
13.214418,-18,-10,-1,1,-15,15,-47,-28,3
13.225303,-2,2,3,-2,-19,19,14,4,3
13.225326,8,-9,-5,1,62,11,-7,-14,3
13.235059,-2,1,-2,-4,-8,-8,-5,-22,3
13.235065,-10,-1,-3,-5,39,94,11,26,3
13.250199,9,2,2,3,18,-52,1,8,3
13.250204,-34,1,1,0,-33,-40,3,-84,3
13.255901,27,-7,-5,-12,5,-10,-22,44,3
13.257819,-10,2,2,5,-74,-14,33,-17,3
13.272534,10,-2,-2,1,46,64,-17,-43,3
13.273799,-11,6,0,-3,-6,-20,-37,3,3
13.273804,-17,-10,-5,-3,3,-5,0,-37,3
13.273806,21,5,1,-1,-8,-12,-6,3,3
13.296093,-3,-5,-6,-1,-12,-25,0,-23,3
13.296105,6,0,2,1,-16,4,6,30,3
13.296107,-17,3,-2,-6,51,10,-13,-11,3
13.296109,0,-2,-4,4,10,1,13,-7,3
13.309514,0,-1,-2,-13,-57,-40,-51,-3,3
13.309550,-8,-6,-2,4,2,15,7,17,3
13.312449,1,-1,-1,-5,-89,-16,8,-5,3
13.312457,-14,-5,-2,0,18,-15,-10,22,3
13.331732,12,1,-1,1,-2,7,34,53,3
13.331749,-7,1,0,-4,-18,52,-11,-41,3
13.333205,5,-9,-4,-6,-10,44,23,45,3
13.333255,3,2,-1,-3,-8,-28,8,-36,3
13.361648,-8,0,-2,-4,-53,-7,-3,4,3
13.361670,21,0,-2,3,42,16,11,30,3
13.363634,2,7,4,3,15,17,10,-26,3
13.363681,-5,3,1,1,15,-13,-18,-30,3
13.369291,4,-3,-3,-1,-14,-2,13,40,3
13.369307,10,0,-2,0,-27,-17,18,-29,3
13.370584,-28,-5,-3,-1,-10,-31,-7,10,3
13.370623,-6,0,-2,-7,43,-8,-45,7,3
13.391943,-1,0,0,-3,-12,-15,0,-5,3
13.391949,6,-4,-3,-2,-10,-3,7,67,3
13.393417,9,4,2,7,32,-6,-10,36,3
13.393444,-3,2,4,1,-31,-5,15,0,3
13.414474,-26,-7,-5,-3,-23,71,3,-56,3
13.414491,28,1,-1,0,7,-57,-38,49,3
13.416080,31,0,-1,-2,-4,-25,-5,-66,3
13.416087,1,-1,-1,-1,-41,-14,8,17,3
13.428512,11,5,2,3,40,-3,-22,0,3
13.428534,-12,-1,-2,-4,-7,-49,26,10,3
13.435322,-39,-4,1,-14,-60,79,12,-61,3
13.435340,9,-3,1,25,67,2,-46,6,3
13.451951,12,0,1,3,27,-36,18,-36,3
13.453597,-24,-3,0,-2,-22,1,2,35,3
13.453605,10,3,-2,2,16,13,-16,-12,3
13.453607,-29,1,1,-7,-8,5,32,-17,3
13.474492,17,3,0,1,18,4,-17,31,3
13.474521,-2,-3,2,8,30,-11,5,23,3
13.476871,30,1,-1,0,-48,13,-32,21,3
13.476877,-53,-5,0,3,42,60,36,-36,3
13.488539,25,4,-1,3,17,-40,-14,-12,3
13.488606,-23,-2,-3,-8,-32,16,-9,-21,3
13.495353,-12,-1,-1,5,4,-19,8,-15,3
13.495386,30,7,3,-4,-19,-15,-7,-30,3
13.511900,-12,-3,-2,0,-1,24,21,-7,3
13.511935,0,2,0,-5,-2,-24,8,-28,3
13.513432,-17,-8,-2,0,12,13,4,-40,3
13.513525,24,4,-2,-1,-51,11,-17,48,3
13.534271,-20,-3,0,2,5,-11,9,-6,3
13.534287,1,-1,-2,0,-2,69,0,7,3
13.535661,3,4,1,7,81,43,6,33,3
13.535722,26,-3,-5,-12,-42,-33,-3,4,3
13.548822,-47,-6,1,-2,-5,14,5,-19,3
13.548843,34,4,2,0,-19,48,16,34,3
13.555447,-24,-6,-2,-2,-10,-38,0,-81,3
13.555469,-6,-7,-6,-12,-1,-29,-50,23,3
13.571690,-5,0,0,3,16,-9,5,-19,3
13.571707,-3,1,0,-3,4,-19,-7,-34,3
13.573159,3,3,1,0,14,-39,-3,24,3
13.573165,9,3,1,-7,14,52,34,-7,3
13.594228,-18,-10,-6,-3,-10,2,9,-12,3
13.594248,12,-1,-2,-2,-40,-23,-43,-19,3
13.595880,1,-4,0,-3,-51,-72,20,68,3
13.595915,-3,2,2,5,51,93,-13,1,3
13.608407,20,-1,0,2,38,0,16,34,3
13.608418,-14,-1,-3,-4,-77,-62,-12,-40,3
13.615322,0,2,5,4,77,57,4,-31,3
13.615343,-23,0,0,1,-13,-37,10,-11,3
13.631707,17,2,4,0,-16,-4,-4,15,3
13.633404,4,-1,-2,-5,21,-8,-1,2,3
13.633409,-16,4,3,0,-24,13,19,19,3
13.633412,27,-1,-2,0,-1,-53,4,11,3
13.655449,-6,-7,-4,-13,-50,13,19,8,3
13.655456,-1,2,2,11,33,-36,2,-48,3
13.655608,25,1,-6,-8,-32,-9,4,50,3
13.655616,-6,-6,-2,4,-7,-3,-51,-10,3
13.670142,8,3,3,-1,-15,0,20,43,3
13.670146,-14,-11,-8,-8,-2,2,-39,17,3
13.675310,11,-1,-3,-2,1,0,-16,-1,3
13.675332,0,-4,0,-3,-14,-73,3,-38,3
13.692753,22,2,-1,2,33,21,-14,-56,3
13.692801,-5,1,-1,1,15,76,-1,-14,3
13.694997,-6,2,0,2,13,-34,1,-25,3
13.695001,6,4,2,5,-36,15,1,27,3
13.714641,5,-5,-8,4,102,18,5,17,3
13.715923,-6,-1,-1,-3,-46,57,81,-29,3
13.715932,11,-5,-2,-1,25,-71,-31,10,3
13.715934,2,-1,-1,-3,-29,8,27,25,3
13.728526,-15,0,0,3,12,6,-15,-1,3
13.728552,15,-1,0,-4,-3,-30,2,40,3
13.735302,-20,-7,-2,-2,19,15,-4,-18,3
13.735324,-4,3,-1,1,19,79,9,4,3
13.751601,-20,-5,-2,-6,-38,-94,-98,-98,3
13.751622,25,-1,-3,-13,13,1,63,-4,3
13.753112,-32,3,-2,17,-46,-49,-77,45,3
13.753128,-14,-7,-2,1,18,6,10,-25,3
13.774049,22,10,-2,-6,-30,-1,24,20,3
13.774066,-12,-28,-1,1,22,7,-4,10,3
13.775570,8,2,-2,-7,-13,9,0,-24,3
13.775605,-3,0,1,-1,34,-21,9,59,3
13.787818,14,12,3,-1,-78,-17,17,16,3
13.787837,5,8,1,6,55,-26,-39,54,3
13.798340,7,-3,0,0,59,6,36,-44,3
13.798347,-9,-9,-6,-5,0,8,-6,5,3
13.812197,0,0,-3,-9,-47,-39,-3,28,3
13.812206,-4,-5,0,9,29,87,-11,-63,3
13.813070,-16,-9,-1,-9,-34,17,8,14,3
13.813086,8,-1,-1,0,-7,-31,-10,-13,3
13.834260,-5,-2,2,4,9,-14,3,-7,3
13.834282,-23,8,3,1,-17,-14,-15,-16,3
13.836152,-4,-3,-2,-1,-5,16,5,-73,3
13.836167,-13,-5,-3,-3,39,49,12,-73,3
13.847820,5,-1,0,5,68,113,3,12,3
13.847840,-5,5,1,-2,5,30,-18,10,3
13.856800,1,0,-1,-4,-19,27,23,5,3
13.856805,-3,-2,-1,2,-18,-13,9,35,3
13.873774,6,-6,-5,-3,-16,-9,-3,2,3
13.873781,5,2,-3,-3,4,-2,16,35,3
13.873783,12,-2,0,2,-43,-16,-10,-43,3
13.873785,-6,-4,-5,-20,-52,-97,-48,31,3
13.894552,-3,-2,-3,0,48,-36,32,7,3
13.894580,-16,1,0,5,-65,-49,10,-4,3
13.897049,-4,-2,0,2,84,37,-25,-27,3
13.897059,2,-1,1,0,4,22,11,-17,3
13.907962,7,-4,-2,-6,-29,18,-5,-3,3
13.907986,-15,2,1,-1,7,-10,-16,-4,3
13.918222,2,4,1,-8,-30,-5,9,-1,3
13.918227,-1,3,1,6,11,10,13,-2,3
13.931853,5,-1,0,1,21,-3,-2,7,3
13.931874,-2,-1,1,3,4,12,4,12,3
13.934417,-13,0,1,1,1,-28,-7,28,3
13.934423,16,1,-1,6,1,90,17,27,3
13.954796,7,-2,-1,-2,-11,28,-21,0,3
13.954821,6,3,0,6,15,17,-6,-10,3
13.956485,6,3,-1,-6,2,32,22,25,3
13.956491,14,2,2,3,-35,-72,-25,7,3
13.967774,6,4,5,-2,-73,-10,8,21,3
13.967822,9,-5,-1,5,38,39,-7,-92,3
13.978567,-14,-4,-5,-2,5,15,1,-15,3
13.978576,-8,-3,1,1,-10,-11,8,0,3
13.991586,43,8,2,-1,-8,31,-27,17,3
13.991608,-83,-8,-1,-2,12,-27,-18,-13,3
13.993392,-9,-5,-2,5,-3,-8,5,14,3
13.993426,7,-3,-4,-6,-5,8,0,3,3
14.014613,-24,-4,0,4,17,-12,-14,-89,3
14.014639,25,3,0,-3,9,6,18,46,3
14.015996,-4,4,2,1,-8,-19,-13,9,3
14.016018,-35,-4,-4,-3,16,-32,-6,-44,3
14.028580,5,-2,-1,-4,6,81,72,31,3
14.028586,7,-2,-2,5,70,-30,34,-17,3
14.038726,8,6,2,2,-19,5,8,10,3
14.038789,12,1,-1,-3,-6,-8,-8,9,3
14.051712,-10,0,-2,-5,-5,-8,7,26,3
14.051730,5,1,2,-6,-45,-32,-4,2,3
14.053876,1,-5,-2,2,32,73,-1,57,3
14.053884,1,4,2,1,36,20,7,-7,3
14.074059,-17,-3,-1,3,1,-18,-6,-10,3
14.074104,16,-3,-3,-2,-12,-7,-4,25,3
14.075545,-1,-2,-1,-3,-21,-28,9,-11,3
14.075553,9,-1,-2,-4,-49,2,-11,7,3
14.089239,-15,-4,-3,5,15,-11,2,1,3
14.089244,-11,-1,-2,-5,-33,-16,-20,-28,3
14.098410,12,2,1,-5,-31,53,-15,30,3
14.098432,-20,-3,-3,4,64,42,3,-63,3
14.111646,-41,-15,-9,-8,-27,-60,-38,-7,3
14.111672,42,6,3,6,61,33,17,45,3
14.113572,-14,-3,-1,2,-15,7,-21,7,3
14.113596,-4,-3,-2,-3,-17,11,28,14,3
14.134341,5,0,0,1,13,44,23,33,3
14.134345,-1,2,-2,-6,-21,22,-14,-10,3
14.135603,2,-5,-1,-2,-58,-45,-33,-27,3
14.135618,-6,2,3,8,-52,-4,20,127,3
14.150219,29,0,0,-1,32,6,-14,-3,3
14.150225,-6,5,-2,-5,-19,-5,7,32,3
14.157259,5,-4,0,1,9,-23,4,24,3
14.157263,5,8,-2,-3,-22,-8,5,-18,3
14.171692,-14,-2,-2,1,-17,-9,-22,-11,3
14.171709,-3,-13,-5,-12,-79,-52,16,0,3
14.173309,-3,1,-2,3,34,-36,7,8,3
14.173314,3,-4,-3,-7,14,55,-17,-24,3
14.194271,-7,9,2,-7,25,-32,49,-20,3
14.194291,7,3,1,8,-91,48,-40,-21,3
14.195642,12,-2,-5,-14,3,20,14,-7,3
14.195658,-2,-1,-2,-4,9,-87,-6,-18,3
14.216700,2,2,2,8,-16,5,10,24,3
14.216722,-5,-4,-4,-8,-6,62,76,-29,3
14.218280,2,-4,-1,-2,-4,2,-5,-17,3
14.218284,5,0,0,1,-4,0,13,26,3
14.231691,-1,-12,-7,-16,-69,27,-37,24,3
14.231711,-32,-3,-1,2,84,-5,18,-13,3
14.233271,10,2,-3,0,1,-6,43,-52,3
14.233286,13,0,-1,-1,19,-10,-4,35,3
14.254331,-8,-4,-1,0,-14,-36,7,-5,3
14.254347,9,5,0,0,-1,-4,-26,30,3
14.255609,-8,2,1,3,24,-13,2,-28,3
14.255617,-2,-2,1,-2,-79,-97,-28,-19,3
14.276807,-1,-9,-6,6,102,109,31,-15,3
14.276827,14,0,0,-3,-6,-75,7,17,3
14.278186,-22,2,-1,-2,37,13,-10,-25,3
14.278205,4,-5,-1,-1,-2,17,0,-42,3
14.292011,-9,0,1,5,-13,-22,-16,-32,3
14.292029,6,-3,-2,-7,-1,-23,-19,3,3
14.293310,-13,1,1,5,66,-32,-32,-10,3
14.293332,6,0,-1,-5,10,18,17,-5,3
14.314405,-1,3,0,-7,6,-21,-18,-15,3
14.314426,13,2,1,4,-12,10,-40,37,3
14.316033,-9,-4,-1,-1,-6,11,11,37,3
14.316038,-4,-7,-4,2,17,-2,2,-13,3
14.336877,-2,2,0,-4,-15,-32,-10,-1,3
14.336889,-6,-2,-1,-5,54,63,31,-58,3
14.338262,5,-7,-4,-4,-89,-41,-5,10,3
14.338283,5,6,4,0,20,18,26,96,3
14.351588,18,3,1,8,3,27,27,-74,3
14.351627,-8,-1,-1,-1,-10,77,-34,58,3
14.353079,10,2,-5,-5,-30,-55,-6,5,3
14.353093,5,-3,0,-5,-10,56,-4,0,3
14.374104,1,2,-1,2,-17,-13,-6,5,3
14.374170,3,1,-1,7,-11,-15,-4,5,3
14.375590,9,0,-1,-9,8,22,2,-6,3
14.375626,0,4,1,1,-2,34,-10,-14,3
14.396895,-7,0,4,5,-39,-37,-5,25,3
14.396914,-19,-11,-7,-2,21,-19,-13,-36,3
14.398231,1,-4,-3,0,-26,83,3,61,3
14.398250,5,-6,-1,-2,15,-39,17,-59,3
14.413520,-11,-4,-3,-3,-14,-15,28,-9,3
14.413541,16,8,2,1,17,-37,8,58,3
14.418347,-24,0,3,3,-19,8,-12,-71,3
14.418364,-4,-2,-5,-6,-2,9,-19,29,3
14.434231,9,-3,1,2,20,14,-5,17,3
14.434249,1,1,2,-1,-22,1,-14,7,3
14.435639,-5,2,1,0,-35,-95,64,13,3
14.435651,4,6,1,2,55,63,-45,-16,3
14.456947,-4,0,-1,4,3,-30,-20,-23,3
14.456971,-5,-3,-2,-1,-46,9,5,-18,3
14.459495,9,-6,0,2,8,3,0,-3,3
14.459509,-7,0,1,-12,-43,-37,6,26,3
14.470915,7,-1,1,30,29,11,19,29,3
14.470931,-13,-7,-4,-10,-4,20,-23,-68,3
14.477841,0,4,-1,5,11,-27,-8,-27,3
14.477864,18,2,-1,-3,-26,-60,-23,24,3
14.494124,-27,-10,-4,-9,12,-52,-84,14,3
14.494146,-3,0,0,-1,1,9,23,-2,3
14.495844,0,2,0,-2,-51,32,-16,-16,3
14.495876,-11,-6,-3,4,27,3,2,-20,3
14.516722,4,4,1,-10,-9,-4,-1,4,3
14.516740,-12,0,1,5,-39,-25,18,-22,3
14.518363,15,3,-1,-5,39,32,-13,-2,3
14.518368,-5,-3,-2,5,-9,-17,-10,-31,3
14.531121,-6,-1,-2,-9,-5,13,1,-1,3
14.531142,11,4,0,-1,2,4,3,68,3
14.537961,6,-6,-3,2,8,-22,8,-36,3
14.538024,-19,0,0,-1,38,-2,-3,-18,3
14.554048,21,3,1,1,-2,-3,16,-54,3
14.554058,-8,-1,-2,-3,-48,8,-9,100,3
14.555743,18,-1,0,5,66,-4,66,1,3
14.555759,-9,1,1,0,20,53,-47,-26,3
14.576764,-5,-4,-3,-4,-48,-9,31,2,3
14.576792,10,3,0,2,-23,-7,-10,21,3
14.578267,4,-4,3,-2,-8,12,-21,20,3
14.578280,3,-8,-6,-1,-21,16,27,-57,3
14.591239,-3,2,1,-6,-22,-1,-4,13,3
14.591261,6,-1,-2,-3,33,78,-10,-33,3
14.598744,-16,-3,-3,0,-10,31,-11,38,3
14.598751,4,-2,-2,-2,2,-26,9,-9,3
14.614816,-9,2,0,-2,-7,-58,-9,13,3
14.614825,-6,1,0,-1,31,-56,27,0,3
14.615701,15,0,0,2,-4,84,-11,20,3
14.615717,-2,3,4,5,-1,36,17,69,3
14.636814,13,6,0,-4,43,55,5,-23,3
14.636838,-13,-6,-3,2,-31,-37,-33,-16,3
14.638146,-15,1,-1,-6,11,4,-22,32,3
14.638156,10,-4,-4,-7,-80,-82,22,13,3
14.650991,-1,0,0,0,41,68,10,9,3
14.652501,6,2,3,-1,22,-11,41,-2,3
14.658267,6,4,-1,-4,-3,-15,-27,52,3
14.658296,-31,-7,-2,7,-28,-14,-1,-115,3
14.674544,-2,-3,-3,-6,-11,-55,2,1,3
14.674578,6,-4,-3,-1,22,40,-13,-18,3
14.677010,-5,0,-3,-2,-10,-21,16,8,3
14.677022,-21,2,2,1,29,24,13,33,3
14.697070,31,0,-5,-1,3,13,-10,16,3
14.697104,-16,3,2,0,-2,-12,2,-23,3
14.698907,1,-6,-6,-4,21,21,-3,-86,3
14.698912,-19,0,0,2,-40,8,-4,6,3
14.711013,-1,-1,-2,-2,43,36,1,5,3
14.711055,6,-2,-2,-1,-7,62,4,-15,3
14.719783,5,-10,-2,-13,-2,36,-26,4,3
14.719792,-3,8,4,27,49,30,15,27,3
14.734231,8,-4,-2,-5,-80,-19,18,41,3
14.734247,5,-1,0,10,85,22,59,-3,3
14.735680,-4,-1,-2,3,3,27,1,-16,3
14.735721,2,-5,-4,-10,4,-2,-14,-12,3
14.756834,-6,0,1,0,-4,5,-8,4,3
14.756852,-9,-4,-4,-3,0,-51,-3,-50,3
14.758124,-2,1,2,5,-12,-16,-34,3,3
14.758140,13,1,0,-6,-1,-7,11,13,3
14.770565,-12,4,0,2,-3,4,-15,-14,3
14.770571,15,-9,-3,-8,-12,-19,-13,10,3
14.780812,-46,0,-2,0,-75,-52,33,40,3
14.780822,17,2,-2,0,39,15,-10,-48,3
14.794152,-13,-2,0,1,-15,-8,12,-19,3
14.794173,9,1,-1,-2,9,-5,-11,1,3
14.795764,21,1,-1,0,-24,-21,21,14,3
14.795782,1,2,1,-5,5,-15,4,17,3
14.816604,-3,-4,-5,-5,-26,-72,-6,-14,3
14.816612,6,1,-1,-3,-13,46,5,-15,3
14.818098,-8,-2,-4,-2,14,-14,20,-49,3
14.818113,-2,-7,-3,-7,-14,-20,-16,-17,3
14.833182,-28,0,2,4,28,41,-44,-22,3
14.833190,29,3,1,0,16,-36,-11,28,3
14.841461,-5,3,3,6,15,2,-1,2,3
14.841467,5,-3,-6,-22,-11,16,10,24,3
14.854287,-21,-5,-2,14,8,2,-9,-55,3
14.854304,-14,1,0,1,14,-26,-14,1,3
14.855829,2,3,3,3,8,11,-14,23,3
14.855833,-2,-5,-2,-5,5,-75,-28,39,3
14.876508,15,2,0,-7,-27,67,15,-11,3
14.878172,-22,-1,-2,-3,7,-8,-6,-22,3
14.878177,11,-1,-1,1,22,-21,-14,-4,3
14.878179,-1,-2,-4,-3,-53,78,49,-28,3
14.898627,5,2,1,-5,32,44,16,35,3
14.898644,-5,-2,-2,-4,-33,-6,4,-18,3
14.899221,-43,-7,-6,-7,44,-18,-4,25,3
14.899238,36,1,1,4,3,-71,-44,10,3
14.922261,8,-2,-3,-4,-2,-15,-4,22,3
14.922290,-17,-1,-1,-2,-7,18,-8,-24,3
14.924322,16,3,3,-1,-19,-1,19,56,3
14.924326,-37,-10,-2,4,7,-3,-4,-47,3
14.936034,2,1,-1,-4,16,-4,24,29,3
14.936056,-3,-3,-3,-3,-52,-46,-23,7,3
14.937789,6,0,-1,-3,3,-6,-23,-51,3
14.937793,18,1,0,3,2,10,-2,34,3
14.958312,7,-2,0,-1,4,11,-17,9,3
14.958322,-13,0,-1,-3,-13,1,3,-1,3
14.959126,6,0,0,4,-6,87,35,-16,3
14.959323,-6,4,1,-3,-5,2,-2,5,3
14.973343,-19,0,0,-12,27,-27,2,49,3
14.973356,0,-7,-4,29,86,27,-66,-42,3
14.974160,-12,-3,-3,0,-1,6,12,1,3
14.974235,24,3,0,-1,8,-11,7,46,3
14.996356,-2,-4,-1,6,-3,2,-28,7,3
14.996397,-10,-2,-2,-12,-89,-30,13,9,3
14.999184,10,3,1,1,35,-20,-24,-54,3
14.999192,6,2,0,2,10,20,2,-6,3
15.019367,-10,-6,-1,-1,-27,-15,8,13,3
15.019378,11,-3,0,-3,-2,-36,-23,9,3
15.019380,-13,-2,-4,-1,-32,40,3,-66,3
15.019382,14,2,-4,-11,-95,67,88,23,3
17.044166,9,11,1,-1,-1,-1,-2,-1,0
17.044487,7,7,-1,0,-1,-2,-4,-3,0
17.045008,-20,-3,-1,0,-1,-1,0,2,0
17.045087,8,-11,-3,-1,-1,-1,-1,-1,0
17.058901,-17,2,0,-1,0,-2,0,-3,0
17.058920,3,-9,-1,-2,-1,-2,-1,-2,0
17.059460,-7,4,-1,-3,-3,-2,-5,-8,0
17.059571,4,12,2,-1,1,0,0,1,0
17.081775,10,-12,-1,-1,-1,-2,-2,-3,0
17.081793,-18,-12,-4,-1,1,0,0,1,0
17.083738,52,7,-1,-1,1,-2,-2,-1,0
17.083743,-61,-9,-3,-1,-1,0,-1,-1,0
17.104060,-3,8,-1,-2,-1,-2,1,0,0
17.104074,17,-10,-4,-2,-4,-1,-4,-6,0
17.104972,7,10,3,3,2,1,2,5,0
17.104989,23,3,0,0,-2,-2,0,-1,0
17.120036,-23,-12,-2,-1,-1,0,0,1,0
17.120041,-28,-14,-2,-2,-1,0,-2,-3,0
17.120042,-18,-1,0,-1,0,0,0,-1,0
17.120044,14,7,1,0,0,-1,-2,-2,0
17.141882,4,13,0,0,-2,-2,-2,0,0
17.141904,33,5,1,0,1,0,0,0,0
17.144672,31,7,-3,-2,0,-1,-1,2,0
17.144683,-12,-7,-4,-1,-2,-2,0,-1,0
17.165586,-8,-11,-2,1,1,-3,-2,-2,0
17.165592,-10,-25,-4,0,-1,-2,-1,-3,0
17.165595,8,7,2,0,-1,-3,1,-3,0
17.165597,15,1,-4,-2,-1,0,-1,2,0
17.178523,-5,7,1,-1,-1,1,-1,0,0
17.178542,4,4,1,0,-1,0,-1,-2,0
17.179763,-25,2,1,1,-2,0,-1,-4,0
17.179778,7,-22,-5,-1,0,-2,0,0,0
17.201628,-18,0,-1,-3,-1,-1,-3,-6,0
17.201650,9,5,3,1,0,-1,-2,1,0
17.202420,-20,-3,-2,-1,1,1,1,4,0
17.204437,-7,2,3,-1,-1,-2,-2,0,0
17.224779,5,2,-2,-3,-1,-1,0,1,0
17.224802,31,2,-2,-2,-3,-2,0,0,0
17.224806,-16,-4,-1,0,-2,-1,-1,1,0
17.224810,1,0,0,-1,0,-1,0,1,0
17.238257,-5,15,3,-2,0,-1,-3,1,0
17.238276,25,-23,-3,-2,-1,-1,0,2,0
17.246406,-38,-5,-2,-2,-2,0,-3,-2,0
17.246439,-14,-2,0,-2,0,-1,-1,-4,0
17.261638,13,0,-2,0,-1,0,-2,-2,0
17.261658,13,13,0,-3,-1,-4,-2,1,0
17.262373,1,0,1,0,0,1,1,0,0
17.262385,8,-3,-2,-2,-1,-2,0,0,0
17.284545,8,1,0,0,0,0,1,-2,0
17.284567,-50,2,-1,-1,1,-1,0,2,0
17.286794,66,8,-6,-5,-4,-3,-5,-8,0
17.286801,-43,-23,4,0,0,-2,-2,-2,0
17.298529,4,-1,-3,-2,-1,-3,0,0,0
17.298548,-3,-2,-1,1,1,0,-1,-1,0
17.300396,-13,10,0,-1,-1,-1,-1,0,0
17.300402,16,7,-1,-2,-1,0,-1,1,0
17.323002,0,-10,-4,-2,-3,0,-1,-1,0
17.323008,-9,8,2,1,0,0,-1,-3,0
17.323010,3,12,3,0,2,0,2,2,0
17.323012,2,-19,-4,-2,-2,-5,-3,-4,0
17.344146,-6,-21,-2,-2,0,0,-1,0,0
17.346104,4,7,-1,-2,-2,-1,-1,-3,0
17.346112,16,-7,0,0,0,-1,-2,1,0
17.346114,-13,15,1,-1,-1,0,0,-1,0
17.359146,-6,6,-1,0,-1,-2,-1,0,0
17.359173,-2,-9,-4,-2,-2,0,-3,0,0
17.359180,-1,-4,-2,1,1,0,-1,-1,0
17.361309,22,5,-1,-1,-2,0,-1,0,0
17.381650,-14,-7,-1,0,-2,-1,-1,-2,0
17.381669,32,4,-1,2,-1,-1,-3,-1,0
17.384079,-31,-5,-1,-2,0,-2,0,2,0
17.384085,2,16,-2,-1,-2,0,-2,-4,0
17.404752,-25,-26,-1,-1,0,1,-1,-3,0
17.404782,3,3,-2,-1,-1,-2,-1,0,0
17.406456,-6,-3,1,1,-1,-1,0,-1,0
17.406461,5,4,1,-2,-2,-2,-2,0,0
17.418435,8,13,-1,0,-1,0,1,2,0
17.418456,-17,-1,-2,-3,-3,-2,-3,-11,0
17.419087,-42,-14,-2,-1,-2,-2,-2,-1,0
17.419099,-24,-5,-2,-1,1,1,0,0,0
17.441729,11,7,0,0,0,-1,0,0,0
17.441751,-13,-3,0,-3,-2,0,1,1,0
17.443570,11,4,0,-2,-2,-3,1,-1,0
17.443581,11,-5,-3,0,-2,-1,-3,-2,0
17.464466,-5,5,1,0,0,0,0,2,0
17.464484,5,-9,-3,1,-2,-2,-1,1,0
17.464830,7,0,0,0,-2,0,-1,-2,0
17.464845,3,-1,-2,-1,-1,-1,0,1,0
17.478806,-4,-11,-2,-1,-1,-2,-1,-1,0
17.478813,-2,1,-1,-2,-2,0,-1,-1,0
17.479240,18,1,0,-1,-1,0,-3,0,0
17.479304,1,7,0,0,0,0,1,2,0
17.501747,52,9,-1,-1,0,-2,-2,-1,0
17.501765,-61,-8,-3,-2,-1,-3,-2,-5,0
17.503259,5,-9,-2,-1,-1,-1,0,1,0
17.503280,20,16,1,-1,0,-1,0,0,0
17.526334,14,-15,-4,-3,-1,-3,0,1,0
17.526347,13,2,2,2,1,1,-1,-1,0
17.526349,-5,-2,-2,0,-1,-1,0,-1,0
17.526351,-4,-3,-2,-3,-2,-2,-3,-1,0
17.538603,-11,10,1,2,0,-3,-3,-3,0
17.538628,-6,0,0,-2,0,-1,0,0,0
17.541129,-3,-1,-2,-1,-2,-2,-2,-1,0
17.541227,15,-1,-2,0,0,-1,-2,-3,0
17.561739,-23,-5,-3,0,-2,-1,0,0,0
17.561767,14,-2,0,-1,0,0,0,1,0
17.562455,9,9,0,-1,1,-1,0,-2,0
17.562487,14,0,1,-1,-1,0,0,0,0
17.584121,9,1,0,-1,-1,0,-2,-4,0
17.584141,-41,-13,-3,-2,1,0,0,0,0
17.585155,-4,-1,-2,-3,-1,-1,-2,-4,0
17.585161,-10,2,-1,1,0,-1,-1,-1,0
17.598546,-6,0,1,0,-1,1,-1,-5,0
17.598565,32,10,-1,-2,-1,-2,-1,1,0
17.599688,-8,-2,-2,1,-2,-2,-1,-1,0
17.599694,-2,-4,-1,-2,-1,-1,1,-1,0
17.622090,1,9,0,-2,-1,-2,-1,-1,0
17.622115,13,-1,-2,1,1,0,1,2,0
17.622859,-18,-7,-2,-1,-2,-2,1,-3,0
17.622884,4,-6,-2,-1,-1,0,-1,1,0
17.644314,-7,0,-3,-1,-3,0,-1,0,0
17.644335,0,0,1,-2,1,-1,-1,0,0
17.645535,1,8,1,0,1,-1,1,2,0
17.645541,27,-12,-2,0,-1,0,0,-1,0
17.657784,-85,-10,-1,-1,1,0,-1,0,0
17.657807,31,2,-2,-2,-3,-2,-3,-3,0
17.666036,-13,-5,0,-1,0,0,-1,-2,0
17.666066,-6,-1,1,0,-2,-2,-1,-1,0
17.681576,16,8,-1,1,0,-1,1,-2,0
17.681589,6,-1,-1,1,-1,-1,0,-1,0
17.682451,-1,-1,-1,-1,-1,0,-1,1,0
17.682471,-3,1,-1,0,-1,-1,0,0,0
17.704298,21,2,-1,-1,-1,-1,-3,-1,0
17.704320,-24,1,-2,-1,-1,0,-3,-1,0
17.705474,15,5,-2,-1,-1,-1,-2,-2,0
17.705479,-21,-9,-3,0,0,-1,-2,-1,0
17.717719,16,-6,-2,0,1,-3,1,1,0
17.717742,22,3,1,0,1,-2,-1,-1,0
17.728198,-40,-12,0,-2,-1,0,-2,0,0
17.728207,11,7,-2,-2,-1,-1,-2,2,0
17.744233,3,-2,0,0,-2,-1,0,-3,0
17.744242,0,-3,0,-3,0,0,-1,1,0
17.744246,8,1,-1,-2,0,-1,1,-1,0
17.744250,-14,-3,-2,-1,-1,0,-2,-1,0
17.764441,7,0,0,-1,-2,1,-1,0,0
17.764459,-10,-2,-2,1,-1,-2,-1,0,0
17.766381,8,2,-1,-1,0,0,0,1,0
17.766387,16,4,1,-2,-2,-1,-1,-2,0
17.777770,53,16,2,-1,1,1,0,-2,0
17.777789,-36,-39,-6,-2,-4,-2,-3,-9,0
17.786208,8,0,-3,-2,-1,-1,-1,5,0
17.786282,-5,-7,-1,-3,-2,-1,-1,-7,0
17.801800,10,11,2,0,1,-1,0,2,0
17.801823,10,15,2,-1,0,-1,1,2,0
17.803548,-3,-6,-2,-1,0,-1,-3,-2,0
17.803552,-5,0,0,0,0,0,-1,1,0
17.824292,-15,-2,0,-2,-2,-1,-2,-1,0
17.824314,-2,2,-2,-2,0,-1,-3,-1,0
17.825590,-2,-4,0,-1,0,-1,-3,0,0
17.827757,8,2,-3,-1,-1,-2,-1,0,0
17.837866,-38,-8,-4,-3,-1,0,0,-5,0
17.837910,10,1,-1,-1,-1,-2,-3,2,0
17.848935,12,-1,1,0,-1,-1,-1,-1,0
17.848946,-5,-3,1,-1,-2,-1,0,1,0
17.861660,-10,-5,2,0,-1,-1,-1,-1,0
17.861680,-5,1,2,-1,-2,0,-1,-7,0
17.863498,3,3,1,-1,-1,0,0,0,0
17.863523,-16,-5,0,-1,-1,-2,0,-3,0
17.884160,27,10,-1,-1,-2,-3,-3,-3,0
17.884185,-25,-3,-1,-2,-2,1,1,2,0
17.885603,2,-11,-3,-2,-1,0,-1,1,0
17.885625,-43,-5,-2,-1,1,0,-1,-6,0
17.898832,4,-2,-1,-2,-1,-2,1,1,0
17.898840,14,12,1,0,-1,0,1,0,0
17.906735,2,2,-1,0,-3,-1,0,-3,0
17.906740,7,-3,0,1,0,-1,0,2,0
17.921516,-7,0,-1,-1,-1,0,-2,0,0
17.921533,6,2,-1,0,0,-3,-2,1,0
17.923009,-7,6,-1,-2,-1,0,1,-1,0
17.923018,2,-15,-2,-2,-2,-1,-1,0,0
17.945426,-6,-4,-2,-2,0,1,-1,-3,0
17.945432,-1,-3,0,-1,0,-2,0,-1,0
17.945746,2,-6,-2,0,-1,-1,-1,-1,0
17.945753,1,8,-1,0,-1,-2,-2,0,0
17.974570,-3,-1,-1,1,-1,-1,0,1,0
17.974592,1,-5,-2,-1,1,0,-1,-1,0
17.976803,3,8,0,-2,0,-2,-2,-1,0
17.976817,-1,-3,0,-1,-1,-1,-3,-2,0
17.981719,-5,-5,-2,0,0,-2,0,3,0
17.981740,11,13,-3,0,0,0,-3,-2,0
17.983557,-2,-6,0,0,0,-1,-1,-1,0
17.983562,-3,-17,-2,-2,-2,-3,-3,-8,0
18.004110,-6,-1,0,-3,-2,-2,0,-2,0
18.004127,2,-1,-1,0,-2,0,0,2,0
18.005818,0,6,0,-1,-2,0,0,0,0
18.005823,0,6,-1,3,1,1,1,4,0
18.026718,15,-3,-1,-1,-2,-1,-3,-1,0
18.026815,46,4,-1,-1,-1,-1,-2,4,0
18.028259,-87,-11,-1,0,-1,-1,-1,-7,0
18.028355,25,0,-1,-4,0,-1,-1,-1,0
18.041536,-17,-5,-2,-2,-3,-1,-1,-1,0
18.041552,13,0,-1,-2,-1,-1,-1,0,0
18.043367,28,-2,-3,-2,0,-1,-3,0,0
18.043448,-9,3,-1,-2,-2,-1,1,0,0
18.064436,7,14,0,0,-1,-1,-1,-2,0
18.064460,-36,-18,-1,0,1,0,0,0,0
18.066114,-5,-7,0,-1,0,-2,0,-1,0
18.066119,0,1,-4,-2,-3,-2,-3,-5,0
18.087635,19,-2,-2,-1,2,-2,-2,0,0
18.087640,-39,10,0,0,-2,0,-1,-4,0
18.088109,5,1,0,-2,-1,0,-1,0,0
18.088117,12,1,-2,-3,-1,0,0,0,0
18.103245,1,-2,1,0,-3,-3,-2,0,0
18.103249,1,-6,-1,-2,-2,0,0,-2,0
18.103251,11,0,-2,0,-3,-1,-1,-1,0
18.103253,-4,2,-2,0,-1,1,1,-1,0
18.124571,-1,-3,0,-1,-1,-1,-1,1,0
18.126600,-7,-3,-1,-3,-1,0,-2,-1,0
18.126606,11,-1,0,-2,-1,-2,0,0,0
18.126608,1,4,-1,0,1,-1,-1,-1,0
18.147004,-15,-4,-1,-1,0,-1,-2,0,0
18.147039,6,-2,-3,-2,-2,-2,-2,-2,0
18.148345,19,14,2,1,-1,1,1,1,0
18.148362,-26,-14,-1,-1,-1,-2,-2,-3,0
18.161158,8,-4,-5,-3,-1,0,-4,-3,0
18.161182,-20,-10,-2,1,-2,-2,-2,-4,0
18.167793,13,1,-4,-2,1,0,0,-2,0
18.167809,-7,16,1,0,0,0,0,1,0
18.184090,0,-19,-2,0,-1,0,1,3,0
18.184107,11,3,1,1,-1,0,-1,-3,0
18.185798,3,-1,-1,-1,0,-2,-1,0,0
18.185825,0,3,-1,-2,-2,1,0,-1,0
18.206579,-5,2,-1,-1,-1,-1,0,-2,0
18.206601,4,1,-1,-3,1,-1,1,0,0
18.208015,-4,-5,1,0,-1,0,0,0,0
18.208022,24,2,1,-1,0,0,-2,4,0
18.220962,-42,2,-3,-1,-1,-1,-3,-7,0
18.220986,33,-2,2,-1,0,0,0,4,0
18.228160,-88,-16,-5,-1,-2,-2,-3,-9,0
18.228168,16,-2,-1,-1,0,-1,1,1,0
18.244683,2,-1,1,-1,-2,-1,0,-1,0
18.244688,-8,4,0,-1,0,-2,0,-1,0
18.252645,28,1,0,-2,-1,-2,-1,1,0
18.252651,-7,8,-1,0,-1,-2,-2,-2,0
18.266620,-9,-20,-2,-2,-3,-2,-1,0,0
18.266672,6,3,0,-1,0,0,0,4,0
18.268424,28,4,4,1,-1,0,-1,-1,0
18.268431,-22,-12,-5,-4,-3,-3,-5,-6,0
18.281078,6,10,0,0,0,1,1,0,0
18.281096,3,-3,-2,0,0,-2,0,2,0
18.288111,-5,-1,-2,-2,0,-1,-2,1,0
18.288138,-4,1,2,-1,-1,0,2,1,0
18.306674,-1,3,0,-1,0,-1,-1,-1,0
18.306680,-5,-3,-2,-1,-2,0,-2,-2,0
18.306683,2,2,-1,0,-1,-1,0,0,0
18.306685,8,-4,0,0,-1,0,-1,-2,0
18.326757,-1,-2,-1,-1,-1,0,0,-1,0
18.328444,5,15,1,-1,-2,0,-2,-2,0
18.328450,13,-20,-1,-1,-1,-1,-3,-1,0
18.328452,-6,-2,-1,-1,-1,-1,-1,-1,0
18.341405,0,0,-1,0,-2,-2,2,1,0
18.341439,1,0,-3,-3,-1,-1,-3,-4,0
18.347941,11,5,0,0,0,-1,1,3,0
18.347958,-2,-2,-1,-3,-1,-1,-2,-2,0
18.364641,-10,2,-1,-1,-1,-1,-1,-1,0
18.364660,-1,-2,-1,0,0,-1,-1,-3,0
18.366862,1,1,0,1,-1,0,2,6,0
18.366868,1,-1,-1,-3,-1,-4,-4,-10,0
18.386721,2,13,0,-2,-2,-1,-1,-1,0
18.386763,-22,-27,-3,-1,0,-1,0,0,0
18.388193,31,7,0,-3,-1,0,1,4,0
18.388208,-10,-4,-2,-1,-1,-2,-2,-3,0
18.400951,-11,1,-1,0,-1,0,-2,-1,0
18.400967,15,3,-1,-1,-2,-3,-2,-5,0
18.408003,-81,-9,-2,-1,0,-2,0,-2,0
18.408024,-5,-2,0,-1,-1,1,1,4,0
18.424341,8,-2,0,-3,-1,-3,-2,-2,0
18.424366,-9,1,-1,-1,-1,0,1,1,0
18.427241,13,1,-2,-1,-2,-2,-3,-4,0
18.427247,11,3,3,-1,0,0,0,0,0
18.446894,-9,-5,1,-1,0,-1,-1,-2,0
18.446910,-1,1,0,-1,0,-1,1,-2,0
18.448252,32,13,-2,-3,-1,0,-2,-2,0
18.448271,-7,-28,-3,0,0,0,1,0,0
18.462127,-1,5,0,0,0,1,-1,0,0
18.462133,-1,-5,1,1,0,0,-1,1,0
18.470529,5,-2,-3,-2,-5,-2,-4,-4,0
18.470538,11,7,-1,-1,-1,-2,0,1,0
18.484243,2,-3,0,-1,-1,-1,0,-1,0
18.484258,-3,2,0,0,-2,-3,-2,-1,0
18.485598,1,-2,0,-1,-1,1,0,-1,0
18.485606,-4,0,0,0,1,0,0,2,0
18.507168,20,2,0,0,-1,-1,0,2,0
18.507208,-16,10,0,-1,0,-1,0,0,0
18.510035,-14,-26,-5,-3,0,-2,-1,1,0
18.510048,-6,2,-2,-1,-2,-1,-2,-6,0
18.520708,0,-6,-3,1,-2,0,-1,-2,0
18.520747,10,6,-1,-2,-1,0,-1,-2,0
18.530049,3,6,-1,0,0,-2,-1,0,0
18.530057,-2,1,1,-1,0,-2,-1,2,0
18.544825,1,0,-2,0,0,-1,-2,0,0
18.544849,-2,-3,-2,0,-2,-1,-1,1,0
18.546437,18,10,1,-1,0,0,0,-1,0
18.546575,-18,-20,-2,-1,-1,0,0,1,0
18.566603,-5,-3,-1,-3,0,-1,-1,0,0
18.566625,10,-1,-1,-2,0,-2,-3,-2,0
18.568110,-4,2,-1,-3,-1,-1,0,-3,0
18.568123,14,12,1,1,-1,-1,1,2,0
18.580543,0,-1,-3,2,-1,-2,-2,1,0
18.580562,0,-6,1,0,-2,-1,0,1,0
18.589558,-28,-2,-1,1,0,-3,0,-4,0
18.589562,3,1,-1,-1,-2,0,-1,2,0
18.604080,-8,-4,-1,-2,0,-2,-1,-7,0
18.604096,7,-1,-3,-1,-1,-1,-3,-5,0
18.605601,3,-1,0,-2,-1,-1,0,0,0
18.605618,-4,0,-1,-2,-3,-2,-2,-1,0
18.627035,1,1,0,-1,1,-1,0,2,0
18.627069,-5,-3,-1,-2,0,1,2,2,0
18.628854,6,16,-1,0,-1,-1,-1,0,0
18.628859,-3,-21,-3,-1,0,-1,-1,-1,0
18.640443,3,0,1,0,-1,-1,-1,-2,0
18.640466,-12,-4,-1,-1,-1,0,1,0,0
18.649677,6,-1,0,0,-3,-2,1,-2,0
18.649681,-2,14,0,-3,-1,-1,-2,0,0
18.664455,59,9,-1,-1,1,-1,1,3,0
18.664474,-91,-14,-1,-1,-2,0,-4,-5,0
18.665797,25,-3,-2,-1,-1,-1,-1,0,0
18.665815,11,1,-1,1,0,-1,-1,0,0
18.686649,-14,-6,-2,-1,-1,-1,-2,-6,0
18.686666,29,18,-1,0,-1,0,-1,1,0
18.688159,-7,-19,-2,-1,0,-1,-2,-2,0
18.688170,-9,-2,-2,-2,-3,-1,-1,-4,0
18.700316,-23,-1,0,-2,-1,-1,0,2,0
18.700340,19,2,-1,-2,-2,-4,-1,0,0
18.709171,-3,4,-1,0,1,-1,0,-1,0
18.709280,11,4,-2,0,-1,0,1,0,0
18.724825,6,-2,0,1,-1,0,-1,-5,0
18.724829,-5,-2,-2,-2,-3,-3,-1,-2,0
18.725540,-6,3,0,2,-1,-2,-1,0,0
18.725547,2,-2,-2,-2,1,-3,0,-5,0
18.747089,-13,-24,-3,-3,-1,1,0,1,0
18.747135,-6,-5,-2,-1,1,-1,-2,-2,0
18.748219,18,-3,0,-3,-1,-2,-3,-1,0
18.748223,-8,9,0,-1,0,-1,-1,1,0
18.760310,-8,3,-2,1,-3,-1,-2,-3,0
18.760332,22,-4,-2,-2,0,-1,0,2,0
18.770359,-20,1,-1,0,0,0,0,0,0
18.770363,5,1,-1,1,-1,-2,0,0,0
18.784386,-7,-1,-2,-2,-2,-1,-2,-1,0
18.784402,0,-6,1,1,-1,-2,-2,-2,0
18.786479,22,11,0,-1,-1,-3,-1,2,0
18.786487,-32,-4,-1,-1,-1,-2,0,0,0
18.806526,5,-22,-4,0,-1,-2,-1,-1,0
18.806548,30,8,-1,-1,-1,-3,-1,1,0
18.808000,-29,-7,2,-1,-1,0,-1,-4,0
18.808014,24,8,2,0,0,0,-1,1,0
18.820476,-37,4,-1,-2,0,0,-2,-1,0
18.820493,0,-5,-2,-2,-1,-2,-1,-2,0
18.830870,4,-3,-3,-1,-2,-1,-2,-2,0
18.830884,19,0,-1,0,-1,0,-1,2,0
18.844279,2,5,0,0,0,1,-1,-2,0
18.845531,-2,-2,1,0,-2,-1,-1,-1,0
18.845604,-6,-3,-2,-1,-1,-2,-1,-1,0
18.845680,-7,-3,1,1,-1,-1,-1,-2,0
18.866595,0,4,0,0,0,-2,-2,1,0
18.866619,1,4,-2,0,0,-1,1,2,0
18.868086,7,10,-2,-4,-1,-2,-4,-4,0
18.868102,-5,-23,-1,0,-1,-1,-3,-2,0
18.881261,9,-5,-2,-1,0,-1,1,0,0
18.881268,-17,-2,0,-1,-1,-1,0,1,0
18.889576,-10,-4,-1,1,0,-1,1,1,0
18.889581,10,10,-2,-3,-1,-1,0,1,0
18.904338,8,14,-1,-4,-3,1,0,2,0
18.904357,19,-3,0,0,-2,1,-3,-2,0
18.906409,12,1,-1,0,-2,2,1,-3,0
18.906414,-41,-20,-5,-3,-3,-2,-4,-4,0
18.928320,11,3,0,-1,0,-2,0,2,0
18.928325,-6,0,-2,-2,0,0,-1,-1,0
18.928328,15,5,1,-1,-2,-1,1,3,0
18.928330,10,6,-1,-2,-1,-1,-1,-1,0
18.949234,-10,-3,-2,-2,-2,-2,-1,-2,0
18.949252,-2,2,-1,0,-2,-2,-1,-1,0
18.950617,-7,-12,-1,-1,0,0,-1,1,0
18.950625,-2,9,-1,0,-4,1,-2,-6,0
18.964360,-20,-12,-1,-1,-1,-1,-2,-1,0
18.964385,0,-4,0,1,-2,1,-2,-5,0
18.965670,-7,4,-2,-1,-1,-1,0,-1,0
18.965679,6,-8,0,-2,1,0,0,2,0
18.986646,12,6,3,-2,0,-2,-1,-1,0
18.986666,-7,-2,-2,0,1,-3,1,-2,0
18.988980,-5,-5,0,0,-2,1,-1,1,0
18.988987,10,11,0,-1,-2,-1,-2,-2,0
19.009636,-6,0,-1,-1,-2,-2,1,-3,0
19.009663,-6,-8,-2,-3,0,-1,0,1,0
19.010771,9,1,-4,2,-2,-1,0,0,0
19.010794,-14,1,-1,-1,1,0,-2,-3,0
19.024050,-7,-6,-3,-1,-1,-2,-2,-4,0
19.024071,-3,1,-2,-1,-1,1,0,-3,0
19.025554,-11,-16,0,-1,-1,-2,-4,-3,0
19.025563,16,6,-1,0,0,-2,0,3,0
19.047134,1,5,0,1,-1,0,0,0,0
19.048844,0,-10,-2,0,0,0,0,1,0
19.048849,-9,0,0,1,-1,0,0,-2,0
19.048891,3,-4,1,-2,-2,-1,-1,-2,0
19.069177,54,14,2,-1,0,0,0,6,0
19.069215,-75,-13,-5,-4,-3,-4,-6,-9,0
19.070557,10,-4,0,-2,-1,0,-1,2,0
19.070572,4,1,0,0,0,-1,-1,-1,0
19.084017,7,-1,-1,-1,-1,-1,-1,0,0
19.084030,26,4,1,-1,0,-1,-1,3,0
19.085522,-15,-4,-2,-1,0,-3,-3,-6,0
19.085535,6,6,0,-1,-1,-1,0,0,0
19.106585,-17,4,-2,-1,-2,-1,-1,0,0
19.106603,-5,-19,-2,0,-1,2,0,2,0
19.108046,6,2,-1,-2,-2,-1,-1,2,0
19.108054,18,0,1,-1,-2,-2,-1,1,0
19.130207,5,4,0,-1,0,-1,-1,0,0
19.130216,-7,8,-1,0,-1,-1,-1,-4,0
19.130757,-1,1,1,-2,1,-1,0,2,0
19.130800,-4,1,-1,-1,0,0,-1,1,0
19.143819,-4,-10,-1,-1,-1,-3,-1,-1,0
19.143850,12,6,1,-1,0,-2,0,4,0
19.150430,-1,-2,-3,0,0,-1,-1,-4,0
19.152085,-2,-3,0,1,0,-1,-1,-4,0
19.166773,-12,-1,-3,-1,-1,-1,-1,-3,0
19.166796,34,16,0,0,-1,0,0,1,0
19.168196,-34,-12,-1,0,-1,-1,0,1,0
19.168201,-2,-11,-2,-2,-2,-2,-1,-2,0
19.189301,4,-3,0,-1,0,1,-1,-1,0
19.189316,11,3,1,-1,-1,-1,0,-1,0
19.190825,5,8,0,-3,-3,-1,-2,-3,0
19.190830,-11,2,0,-1,-2,0,-2,2,0
19.204403,-8,-8,-1,-2,-1,0,0,-1,0
19.204428,11,3,0,0,0,-1,-4,-7,0
19.210667,1,2,-1,0,-2,-1,0,1,0
19.210699,-3,6,-2,-1,0,-2,-1,-4,0
19.226819,21,-24,-3,-2,-3,-3,-1,2,0
19.226853,-6,-3,-2,-2,-1,-1,0,0,0
19.228304,2,-3,-1,-1,-1,0,-4,-4,0
19.228337,-5,3,-1,0,1,0,1,2,0
19.249093,3,11,0,0,0,-1,-2,-3,0
19.249111,6,-1,-3,-2,-1,-1,-1,2,0
19.250771,-2,-3,-1,-2,-2,-2,-1,1,0
19.250776,8,1,0,-1,-1,-1,0,1,0
19.263832,-4,3,-1,-1,-2,0,-1,-2,0
19.265125,-12,-6,0,-2,-3,-1,-1,0,0
19.270218,-5,4,1,0,-1,-1,1,0,0
19.270235,-5,-8,-2,-2,-1,0,-2,-3,0
19.286569,31,0,-1,0,-1,-1,0,-1,0
19.286605,8,6,-4,-3,-1,0,-3,-5,0
19.288038,-33,2,-1,0,0,-2,-2,-1,0
19.288046,-4,-25,-5,-1,-2,0,0,-2,0
19.309279,-8,1,1,-1,0,-1,-1,0,0
19.309309,8,0,1,1,-1,0,1,0,0
19.311680,20,9,0,1,0,-2,1,1,0
19.311698,-4,4,-1,-2,-1,-1,-2,0,0
19.323389,-19,-2,-1,0,-2,-1,-3,-5,0
19.323410,-1,1,1,0,0,1,-1,1,0
19.330555,1,-4,-2,-3,-1,-1,-1,-1,0
19.330600,-9,-2,0,0,1,-1,0,-1,0
19.347999,-5,-2,-2,-1,0,-2,-2,2,0
19.348005,-10,-1,1,-1,-1,-2,-1,1,0
19.348130,14,-4,-1,-2,-3,1,-2,0,0
19.348138,8,9,0,0,0,-1,0,3,0
19.369315,-19,0,0,0,-1,0,-1,-1,0
19.369336,1,-14,-2,-1,-2,-2,-1,0,0
19.370792,18,-7,-4,-1,-1,-1,-3,-6,0
19.370805,-12,1,-1,-1,-2,-1,-2,-2,0
19.383617,-9,7,1,2,-1,1,0,-1,0
19.383634,-8,4,-1,-1,-1,0,-1,0,0
19.390738,9,-3,0,-3,-2,-2,-2,-4,0
19.390771,-4,4,-2,0,-1,0,-1,-2,0
19.406860,-1,-6,-3,-1,-1,-2,-1,-2,0
19.406883,-1,-4,-2,-2,-2,0,0,-1,0
19.409880,-3,2,-1,0,-1,0,0,2,0
19.409892,-2,-4,-1,-2,-2,0,0,1,0
19.429584,-8,-3,-1,2,1,1,-1,-1,0
19.431711,4,0,-2,-3,-2,-3,-4,0,0
19.431716,-10,0,0,0,-2,-1,0,-1,0
19.431718,-2,-2,-1,0,-1,0,0,0,0
19.442833,9,-3,-2,0,1,-2,1,2,0
19.442854,-9,11,1,0,-2,-1,-1,-3,0
19.452647,-2,-19,-2,-1,1,0,0,-1,0
19.452656,0,1,0,-1,-3,-2,0,0,0
19.466628,2,2,-2,-3,-1,-1,-1,0,0
19.467710,-1,-2,1,2,-1,0,1,-1,0
19.468131,-5,7,-2,-1,-2,0,-2,-1,0
19.468164,13,-1,0,-1,-1,-1,0,-2,0
19.489197,-13,3,0,-1,0,-1,0,-2,0
19.489215,11,-1,-3,-3,0,-1,-2,-3,0
19.490696,-12,-4,-1,-1,-1,0,0,2,0
19.490714,-7,-1,-1,-2,-1,-3,-3,-2,0
19.504204,18,0,0,-1,0,2,0,0,0
19.504218,-59,5,-1,-1,-2,-1,0,-4,0
19.512405,7,-16,0,0,0,-2,0,-3,0
19.512418,12,6,0,0,-2,-1,0,4,0
19.527027,-46,-18,-1,-2,1,-2,-3,-4,0
19.527064,10,-3,-1,0,1,1,-2,0,0
19.529052,7,11,0,0,-1,-2,-1,5,0
19.529065,-2,11,1,-1,-2,-2,-1,-4,0
19.549612,11,-21,-2,-3,-3,-2,-1,2,0
19.549617,7,-1,-1,0,0,-1,-1,1,0
19.550557,20,10,1,-1,0,0,0,1,0
19.550609,-27,-9,0,0,0,-2,-2,-2,0
19.565493,-7,9,0,-2,-3,-3,-1,-1,0
19.565504,-1,-4,-1,-3,0,-1,-1,-4,0
19.573025,-3,0,1,0,-2,-1,0,-1,0
19.573031,-3,-1,0,-1,-1,0,-1,2,0
19.586699,9,6,0,-2,0,-1,0,0,0
19.586752,9,-4,1,-1,0,-1,1,0,0
19.589403,12,8,0,-1,-1,-1,-1,-1,0
19.589410,-3,-5,-2,-1,-1,-2,0,-1,0
19.609310,-7,1,1,0,-2,-2,0,-1,0
19.611439,11,-1,-2,0,-3,-3,-3,1,0
19.611446,-10,-2,-1,-1,0,-2,-1,-2,0
19.611448,5,-7,-3,0,0,-1,0,3,0
19.622988,-5,3,-4,-1,-3,-2,-3,-3,0
19.623010,8,-1,-2,-1,0,0,-1,2,0
19.632952,-17,-2,-1,0,0,0,-2,-3,0
19.632957,4,-3,-2,-1,-1,1,0,1,0
19.646662,38,8,1,0,-1,-1,1,-2,0
19.646683,-78,-9,-1,-1,-2,-2,-2,-5,0
19.648598,8,0,0,-1,0,1,0,1,0
19.648638,-2,-1,0,-2,0,-2,-2,0,0
19.669345,-3,-2,-1,-3,-1,0,-2,-2,0
19.669361,21,18,1,-1,0,-1,0,-2,0
19.671794,-3,-20,-1,-2,-2,-2,-1,1,0
19.671800,-24,-3,0,0,-1,-1,-2,-7,0
19.682732,7,1,-2,-2,0,-2,-1,-3,0
19.682750,1,-4,-1,-1,-2,-1,0,2,0
19.691625,60,17,-2,0,0,-1,-1,3,0
19.691631,-48,-6,-2,-2,0,0,0,-3,0
19.707046,-4,-4,1,1,1,0,1,-2,0
19.707051,12,-2,-3,-1,0,-2,-2,0,0
19.707974,3,2,0,-2,0,-2,-1,-1,0
19.708008,8,-1,0,-2,0,-1,0,2,0
19.729315,-24,1,-1,0,-2,-1,-2,-1,0
19.729352,27,9,1,0,-1,-1,1,0,0
19.731456,-18,-19,-3,-1,-1,-2,-1,-3,0
19.731462,3,-4,1,0,-2,-1,0,0,0
19.743133,-7,3,-1,-1,-3,-2,-2,-2,0
19.743157,12,-2,-1,-2,-1,-1,-2,-1,0
19.752902,-18,8,0,-1,-1,-1,-1,-2,0
19.752907,1,2,-1,0,-1,-1,-1,-2,0
19.766758,30,-1,-1,0,-1,0,-1,2,0
19.766775,-30,-4,-2,-2,0,-1,0,-3,0
19.768640,-11,1,-1,0,-1,0,-1,-1,0
19.768645,29,2,-3,-1,-3,-2,-2,-4,0
19.789362,-32,-4,0,-1,0,-1,-1,0,0
19.789385,8,-7,-1,0,-1,0,-1,0,0
19.791937,-16,0,0,-2,-1,0,0,-2,0
19.791943,10,15,1,0,0,-1,-2,1,0
19.802937,-5,-21,-2,-3,-1,-2,-1,-2,0
19.802965,34,-3,-1,-1,-2,-2,-2,-3,0
19.812317,-58,-15,-2,-1,-1,-2,-3,-3,0
19.812323,24,4,-1,-2,0,-2,-1,-1,0
19.827192,-1,14,1,-2,0,0,-1,1,0
19.828660,9,1,-1,0,0,0,1,2,0
19.828665,17,-7,-3,-2,-1,0,-2,-3,0
19.828667,-7,-2,-1,-1,1,-1,0,-2,0
19.849067,4,1,-1,0,-1,0,1,0,0
19.849079,-4,1,0,-1,-1,-3,-1,-5,0
19.850624,2,7,-2,-1,-1,-1,-1,2,0
19.850638,6,-6,-1,0,-1,-1,-2,0,0
19.872113,-27,-5,-2,0,0,-1,-2,-4,0
19.872136,3,-3,-1,-2,-2,0,-2,0,0
19.874121,-1,2,0,-1,0,-1,0,0,0
19.874125,5,-5,-2,-1,-1,-1,-1,1,0
19.886704,11,3,-1,0,-1,0,1,2,0
19.886727,-8,-2,-2,-1,0,-1,-1,-4,0
19.888908,-1,1,0,-1,-1,-1,0,0,0
19.888917,-5,-6,-2,-1,0,0,-1,-1,0
19.909486,11,16,1,-1,-1,0,-1,0,0
19.911435,-15,-20,-3,-2,-1,-1,-1,1,0
19.911442,-18,-3,-1,-3,0,-1,-1,-3,0
19.911444,12,3,0,0,-1,0,-1,-1,0
19.931959,20,-1,1,0,0,-1,0,1,0
19.932025,-73,-2,-2,-2,-2,-3,-1,-5,0
19.933261,19,4,-1,1,0,0,-2,-1,0
19.933282,-9,-7,-2,-1,-1,-1,0,-3,0
19.947101,6,0,-1,-1,-1,-1,0,-1,0
19.947129,24,5,1,0,0,-1,0,2,0
19.948440,3,-2,-1,-2,-1,0,0,-1,0
19.948444,-18,-2,-1,-1,-2,0,-1,-2,0
19.969411,8,-3,-3,-2,-1,-1,-1,-1,0
19.969433,0,-1,0,0,-1,-1,0,4,0
19.971132,-15,-1,1,0,-3,-1,-2,-5,0
19.971137,6,0,-3,-2,-2,-3,0,-2,0
19.991764,5,0,0,-1,-1,-1,0,2,0
19.991783,8,6,-2,1,-1,-1,0,-1,0
19.993293,-3,-15,0,-1,-1,0,1,3,0
19.993315,-2,1,0,1,0,0,0,0,0
20.006861,-17,-8,-3,-1,-4,-1,-2,-3,0
20.006884,24,9,0,-1,-1,0,-1,-2,0
20.008131,-12,5,-1,-1,1,0,-1,-1,0
20.008146,12,-3,0,-1,0,0,0,-1,0
20.029476,-17,0,-1,-3,-1,-2,-3,-1,0
20.029527,13,-11,-1,-1,1,0,-1,0,0
20.031684,-5,0,0,0,0,0,-1,-1,0
20.031691,-10,-5,-1,-2,-1,-1,-2,0,0
22.054116,29,7,4,-9,-46,10,93,7,3
22.054523,21,0,-4,-39,36,-76,-42,51,3
22.056176,1,-7,-6,25,-24,67,3,34,3
22.056241,30,0,-8,2,16,-5,8,-9,3
22.077920,-92,-10,5,14,-25,-64,57,47,3
22.077928,21,0,0,-4,-40,-44,0,6,3
22.078217,10,0,1,30,-2,19,36,29,3
22.078258,-17,-1,-2,-10,-3,-39,18,-14,3
22.090918,32,-9,-9,-16,-53,38,54,73,3
22.093026,2,-3,0,12,32,104,-53,-6,3
22.097741,-10,4,2,-13,17,-6,-13,-13,3
22.097763,-16,-7,-3,7,34,90,-10,-21,3
22.114318,5,1,-5,2,54,17,0,-29,3
22.114349,-32,-2,3,-10,-21,-94,22,-6,3
22.115668,35,5,5,12,3,-18,20,-44,3
22.115703,-18,0,-1,1,-40,73,37,-14,3
22.137173,23,12,3,-30,-34,13,-68,41,3
22.137192,-18,-2,0,36,67,96,90,-29,3
22.138531,25,8,3,-26,-128,-20,50,89,3
22.138539,2,-4,-3,28,74,10,45,15,3
22.151281,2,-3,2,-13,-57,-18,-11,-56,3
22.151308,-2,-5,-1,8,-7,10,31,78,3
22.157899,17,-3,-8,-27,-40,-4,-24,-38,3
22.157921,-17,-2,1,-19,28,-83,-25,-8,3
22.174381,20,-2,-2,4,31,-10,-31,-76,3
22.174387,-10,5,1,-9,8,-42,-53,-55,3
22.175528,19,-2,-11,-46,65,-12,6,-60,3
22.175550,-6,3,10,61,67,31,42,39,3
22.197042,-6,-3,-1,-8,30,25,-19,-102,3
22.197082,13,1,-5,-15,-75,-63,-43,-26,3
22.198587,-48,-4,1,13,48,35,-47,30,3
22.198600,19,-3,-5,-12,-106,-17,-2,-30,3
22.211198,12,3,0,12,-8,-21,-46,63,3
22.211219,11,2,-1,-7,26,33,-17,-15,3
22.217748,12,-3,-5,-8,-55,55,32,-4,3
22.217768,-4,4,1,4,-2,-82,-56,18,3
22.234347,26,0,0,11,-6,-32,-12,9,3
22.234679,-55,-3,-2,-38,36,51,-23,-34,3
22.235621,-14,-2,4,49,-6,-4,-5,84,3
22.235654,-10,2,1,24,-32,-6,-6,-37,3
22.256791,57,3,-4,-27,69,66,113,-25,3
22.256813,25,3,5,28,18,-63,55,-19,3
22.258546,-31,-1,0,-13,-17,30,-1,-10,3
22.258550,6,-3,3,1,-4,44,0,14,3
22.271413,-10,-2,0,18,18,-60,-51,3,3
22.271435,-18,-5,-4,-12,-16,-4,-3,5,3
22.277931,-3,2,1,-16,-55,74,14,-33,3
22.277957,44,2,0,-6,63,-5,8,16,3
22.294278,-20,3,-3,-11,-37,-36,-32,-11,3
22.294304,-9,-4,1,7,-12,127,-1,20,3
22.295693,4,-5,1,32,84,-10,72,-11,3
22.295701,-35,-4,-6,-21,22,-17,-17,0,3
22.316745,-9,6,10,21,7,22,43,69,3
22.316762,18,-5,-9,-55,-60,-15,5,12,3
22.318136,-16,3,1,8,74,50,55,38,3
22.318154,29,-2,-3,-24,-31,77,-52,-78,3
22.330637,8,3,-1,14,19,45,38,81,3
22.330676,-40,-9,0,5,18,-60,-28,-52,3
22.340594,-40,-5,-6,-48,12,-58,-57,-46,3
22.340598,8,-2,-3,8,-43,-76,-34,29,3
22.355134,1,3,3,35,-65,-37,37,-4,3
22.355150,6,2,1,-5,44,-31,-17,-65,3
22.357359,39,0,-1,4,-24,-9,-11,34,3
22.357364,-6,-3,-2,6,70,-15,6,-3,3
22.377022,5,1,1,-10,-2,103,-23,-49,3
22.377049,-15,-2,0,13,-31,-71,8,68,3
22.380259,-18,-4,-4,-4,39,-14,-6,-68,3
22.380285,-2,3,0,-11,15,80,-17,19,3
22.390264,2,1,2,12,-42,52,2,-17,3
22.390277,26,2,2,22,58,18,30,65,3
22.399852,-45,3,-2,-34,-41,-47,-37,51,3
22.399856,37,-2,-2,62,-40,-58,-11,-44,3
22.414698,-24,-1,3,13,-74,-23,17,9,3
22.414724,-23,-4,-2,6,4,-51,1,37,3
22.416406,56,7,4,47,-11,18,-18,66,3
22.416413,-14,-3,0,-1,25,-15,-12,-4,3
22.436915,-26,-6,-6,-14,-12,-70,-65,0,3
22.436927,20,0,-4,25,-18,31,3,10,3
22.438136,21,6,1,-9,56,15,33,44,3
22.438157,-78,-2,0,-36,-9,39,66,4,3
22.450196,4,-5,2,34,117,41,-38,-29,3
22.450210,-10,-1,-3,-41,-13,-8,100,-12,3
22.461130,18,-5,-1,21,-74,-43,-61,-51,3
22.461143,33,2,0,33,-41,-17,8,110,3
22.474140,-11,-1,-4,-29,71,33,6,15,3
22.474156,-7,4,1,14,15,62,-7,12,3
22.476133,11,-4,-3,-26,-125,14,21,-29,3
22.476142,-3,-6,-6,-23,-79,-83,-16,-5,3
22.496641,-5,2,0,15,-73,-27,-16,-2,3
22.496670,5,-4,-2,-8,32,13,-16,5,3
22.498812,26,5,2,20,-55,-13,25,-21,3
22.498843,-2,4,7,-5,-32,75,-49,-26,3
22.513132,-12,-8,-8,-47,-19,6,65,32,3
22.513141,-19,2,-4,5,-122,9,17,-41,3
22.519183,-21,-4,3,21,-60,-39,-39,-50,3
22.519200,-7,-4,-5,-17,64,-71,63,-12,3
22.534108,-6,0,4,22,-25,-23,-7,32,3
22.534124,48,2,3,-7,47,4,12,9,3
22.535668,-9,1,1,-14,33,10,23,12,3
22.535690,33,3,1,-7,-48,-2,-4,-1,3
22.558230,-21,-5,-5,-28,-28,39,16,64,3
22.558235,-5,5,6,60,64,11,-99,-31,3
22.558238,-2,-5,-5,-15,15,89,3,-6,3
22.558280,0,5,3,-9,2,61,48,-13,3
22.572054,26,5,-7,4,65,33,58,-26,3
22.572059,21,-2,-2,19,-31,-36,-2,71,3
22.580891,-3,-6,4,20,54,-27,45,-89,3
22.580903,-66,-7,-3,10,-98,-2,-35,11,3
22.594192,37,7,2,22,43,-72,-39,-68,3
22.594215,-8,-2,-4,-64,-51,26,43,50,3
22.595695,33,3,-8,-29,-4,47,-28,49,3
22.595710,-20,-4,-2,10,38,-49,-3,19,3
22.616720,7,-2,1,-20,-76,-43,15,-64,3
22.616738,-3,-8,-6,2,33,-3,-45,-5,3
22.618388,23,13,2,-24,-2,60,27,14,3
22.618395,-8,-11,-7,-1,98,127,8,-19,3
22.630828,-43,-6,-5,-29,18,49,-37,68,3
22.632445,9,2,4,9,-98,-17,8,-98,3
22.640689,-35,-9,-3,1,95,119,-35,59,3
22.640694,-13,-2,1,-6,-66,-124,-82,-32,3
22.654159,26,-1,-1,13,63,103,-23,61,3
22.654183,7,5,0,0,-9,-36,-2,38,3
22.655567,-37,-10,-6,3,-14,-89,-4,-37,3
22.655583,74,7,-6,-96,-47,-19,23,65,3
22.676681,-34,-20,-6,45,64,79,-97,-35,3
22.678093,-25,2,3,-10,-13,3,-8,-38,3
22.678156,17,-4,-4,22,45,-7,-36,2,3
22.678180,-5,9,2,-8,57,46,8,30,3
22.690932,-13,2,2,-22,-1,17,32,36,3
22.690955,52,-8,-6,16,14,38,-24,-28,3
22.699970,-38,-3,2,-8,-73,-30,-5,-48,3
22.699977,20,1,1,-2,41,-7,32,13,3
22.715058,-8,-3,-1,-3,-6,-8,-6,-7,3
22.715063,-22,3,1,36,52,40,8,-26,3
22.715695,40,-6,-9,-32,-5,8,10,-66,3
22.715713,-37,-6,1,39,5,-79,-70,-2,3
22.737501,19,2,-2,-7,-21,72,30,-41,3
22.737521,-33,-2,-1,-46,-59,-12,-12,16,3
22.738655,49,9,6,14,2,100,50,27,3
22.738659,-28,-6,-4,7,-55,-17,-6,-3,3
22.761140,8,-1,0,0,8,-45,48,14,3
22.761152,41,-7,-8,-9,-77,-25,-13,-44,3
22.761154,-89,-11,-4,-6,48,6,12,28,3
22.761156,1,-2,1,14,24,9,15,22,3
22.776575,18,6,-1,-10,-83,-31,29,-16,3
22.776595,21,6,-1,-75,-50,73,46,38,3
22.776598,-32,-9,-7,-10,-90,-51,-48,50,3
22.776600,19,3,2,12,34,-12,12,-51,3
22.797215,-16,-1,-1,-18,34,-44,-48,18,3
22.797234,-12,-15,-12,-18,-80,-15,37,-17,3
22.798699,-14,11,7,26,27,-24,32,-15,3
22.798705,19,1,-1,-1,0,63,2,-52,3
22.819237,-10,0,0,7,-46,-62,-7,-45,3
22.819260,-19,3,2,-5,53,-42,-52,10,3
22.821568,-2,-7,-5,-17,2,-77,-86,43,3
22.821576,-1,-5,-3,13,-5,5,15,-68,3
22.834406,21,3,0,2,-42,-75,-3,22,3
22.834429,-75,-10,1,23,96,61,26,-5,3
22.836818,18,0,-3,-20,-44,-14,27,38,3
22.836824,7,5,5,6,-11,-14,14,32,3
22.856577,28,2,-1,-13,8,-28,102,50,3
22.856600,-5,-1,-2,-13,-69,-46,-6,59,3
22.858070,37,15,7,24,8,127,71,0,3
22.859799,-27,-12,-5,-25,55,93,57,70,3
22.879369,-9,-3,-2,11,-11,71,-35,-31,3
22.879410,5,4,1,9,-11,5,26,-8,3
22.881278,11,-1,0,-1,-57,-9,-47,1,3
22.881288,-4,-5,-5,-4,-17,-2,-16,14,3
22.893537,-4,-2,0,12,-17,59,29,-11,3
22.896078,52,7,3,14,29,24,59,-99,3
22.900275,-76,-9,-3,-12,71,-2,-57,-70,3
22.900291,-20,-8,-4,14,43,-28,-43,65,3
22.916645,21,1,1,-12,1,-11,-57,-62,3
22.916653,-18,-5,-8,-13,-87,-78,-20,30,3
22.918122,52,5,3,13,15,-19,28,52,3
22.918136,-23,-9,-12,-35,-19,15,-74,-16,3
22.939178,-18,-2,-1,-1,-66,12,10,-13,3
22.939194,20,7,1,9,-44,-88,-47,32,3
22.941211,-20,5,4,36,76,-34,-27,5,3
22.941219,2,-8,2,18,-36,59,7,-83,3
22.961878,-45,-4,-2,5,-38,-10,-70,13,3
22.961894,-33,-2,-1,-11,92,99,-1,26,3
22.962649,9,1,-1,-2,43,-40,-35,-28,3
22.962676,15,3,3,13,9,-74,12,-87,3
22.976306,-4,0,-3,-2,-6,80,53,-5,3
22.978185,12,0,1,13,-21,88,-87,2,3
22.978193,1,4,2,-14,23,-10,17,-14,3
22.978195,15,3,-1,-30,-23,31,88,27,3
22.998735,6,-8,-1,16,-3,19,-10,-20,3
22.998753,-17,-2,0,7,25,-13,12,14,3
22.999146,30,2,2,-15,-63,24,49,59,3
22.999160,-23,0,5,30,52,83,7,-28,3
23.013313,22,-3,-3,-10,-41,-5,31,81,3
23.013355,10,3,-1,-38,28,38,22,20,3
23.021468,14,-8,-6,34,-125,-126,-27,-47,3
23.021510,-42,-4,-3,-10,27,-40,10,-39,3
23.036031,-42,4,4,-1,-40,-58,3,19,3
23.036049,46,-6,1,13,42,45,27,64,3
23.037916,3,-4,-10,-44,-34,44,-32,10,3
23.037921,-1,4,2,9,-120,-44,-17,0,3
23.058469,25,1,-2,14,41,-85,-59,-12,3
23.058489,-29,0,3,13,-4,-68,-16,33,3
23.059414,-16,-7,-6,-27,-21,10,12,-15,3
23.059543,36,5,-1,2,-77,-32,-114,29,3
23.072686,-19,-2,1,23,108,33,-16,-89,3
23.072709,15,7,4,13,-17,45,41,8,3
23.081219,-25,-2,-2,-10,-39,123,63,0,3
23.081236,-17,-4,-3,-20,-48,32,-10,-2,3
23.096188,40,-1,-2,-24,38,22,26,37,3
23.096233,-17,-8,-3,13,10,-106,-83,-74,3
23.097967,33,3,-3,-49,-59,-21,31,49,3
23.097974,-40,-2,2,63,96,24,7,-23,3
23.118326,17,-8,-4,-13,-66,-36,36,41,3
23.118353,-15,-1,1,20,112,-34,-49,-19,3
23.119034,3,-10,-13,-56,-58,1,-73,-8,3
23.119042,2,4,6,52,18,-46,11,25,3
23.132804,15,4,0,-4,61,8,17,68,3
23.132826,-4,-3,-1,3,-73,36,71,10,3
23.141239,-23,-1,6,47,26,62,38,-105,3
23.141262,49,6,-3,-16,32,-2,35,85,3
23.155981,-69,-4,1,-5,-109,-37,-40,-98,3
23.156004,7,4,2,11,-17,-7,8,-33,3
23.158511,-9,-4,-2,20,118,-14,27,15,3
23.158517,66,0,1,-8,-5,75,13,17,3
23.178426,-48,-4,-3,-35,32,101,66,-4,3
23.178450,30,2,-2,-29,-80,5,-29,15,3
23.181225,-5,-2,7,15,-36,9,34,34,3
23.181245,-17,-3,-13,-23,27,15,6,-18,3
23.192882,54,0,-1,-3,-18,-62,-23,-14,3
23.192912,-58,-4,-3,-9,17,63,29,-30,3
23.201124,35,1,-1,4,-63,-128,-22,-13,3
23.201148,-30,-7,-2,-19,-44,-33,45,36,3
23.215942,19,9,6,16,-28,-35,-17,-17,3
23.215968,-1,2,0,37,103,57,-2,-4,3
23.216741,-15,-8,-4,-16,-18,-16,-34,-32,3
23.216852,-9,-1,1,-8,54,-40,-58,-18,3
23.238524,9,-2,-3,1,75,73,43,5,3
23.240126,16,1,0,-12,-14,17,30,22,3
23.240135,-11,-2,0,8,51,18,-1,33,3
23.240140,36,1,-1,-7,-27,-11,-14,22,3
23.252792,-81,-5,1,17,28,-31,-18,-87,3
23.252816,10,-2,-3,12,1,-43,-29,45,3
23.262124,12,2,1,9,30,-3,7,31,3
23.262137,13,2,-2,-9,-34,31,14,19,3
23.278284,23,6,1,-1,-5,-8,-24,13,3
23.278292,-16,-15,-11,-48,-22,22,57,-5,3
23.278294,-3,-2,5,29,-64,-35,25,32,3
23.278296,-30,-3,-1,-9,-86,-21,37,-70,3
23.298385,15,-1,-4,-22,-36,20,-41,15,3
23.298403,-2,-1,0,6,-16,-40,26,-30,3
23.299349,15,2,-4,-8,22,38,-22,43,3
23.299355,-4,1,1,-3,8,25,7,-37,3
23.312952,-13,1,-5,-5,-26,5,28,30,3
23.312986,5,-2,0,-44,61,-9,-31,-6,3
23.320684,12,10,5,38,67,-9,16,-88,3
23.320727,-35,-6,-4,-4,-12,23,10,17,3
23.335867,19,-1,-1,1,83,28,-19,17,3
23.335885,-11,0,0,14,-95,60,44,15,3
23.336804,-24,-7,-6,-23,20,70,-15,11,3
23.336809,64,7,4,18,-37,-29,-23,10,3
23.358285,-50,-8,-4,5,58,-77,-8,26,3
23.358293,21,6,4,36,-37,48,22,43,3
23.359203,21,1,0,-7,-43,4,13,-7,3
23.359228,-3,-2,-6,-27,-29,45,0,19,3
23.373459,5,1,3,-8,-98,-11,16,87,3
23.373468,-2,1,-4,-7,10,42,-5,-97,3
23.381178,7,1,2,9,-47,-40,41,20,3
23.381196,-6,1,3,5,-11,18,-21,-25,3
23.396282,-18,-12,-8,2,-28,-20,6,-10,3
23.396299,8,-3,-4,-19,1,-54,-11,-23,3
23.398988,-2,-2,-5,-11,21,-22,-34,-9,3
23.398994,-19,-1,1,6,-32,7,15,7,3
23.419811,38,2,-1,-16,-7,5,13,0,3
23.419817,-21,-3,1,11,-94,-128,14,-21,3
23.419819,-19,-7,1,-6,-6,25,11,-41,3
23.419821,-12,-4,-3,-8,12,-27,-10,33,3
23.432865,7,5,1,1,-21,45,37,-57,3
23.432935,-13,-8,-3,8,83,3,-59,-5,3
23.441540,8,-1,-3,-29,3,3,24,2,3
23.441570,0,2,2,-20,-10,-72,-26,-3,3
23.455904,22,0,-1,30,-30,-24,11,81,3
23.455921,-18,-1,-1,-38,-46,44,-6,48,3
23.456648,-5,8,5,16,-11,-21,-27,26,3
23.456670,-32,-5,0,6,117,84,-30,-68,3
23.478458,38,6,3,12,-82,1,-15,32,3
23.478489,-4,3,2,3,28,-18,-17,-35,3
23.480312,-33,-9,-8,-30,-102,9,-37,-5,3
23.480326,14,-7,-8,-13,-2,-26,4,25,3
23.493278,2,5,4,10,1,37,57,-27,3
23.493309,23,-2,-5,-2,33,64,-72,51,3
23.501070,33,2,0,-3,-22,17,59,36,3
23.501087,1,3,1,14,25,-5,-4,0,3
23.524203,-42,-3,-3,-27,19,63,-18,-37,3
23.524228,8,5,1,24,23,54,60,-12,3
23.525930,-11,-6,1,30,58,42,-15,-9,3
23.525946,20,6,3,8,24,-20,4,53,3
23.538419,22,-7,-5,-9,-18,6,13,66,3
23.538436,-23,1,1,-13,-5,-62,0,-71,3
23.539432,15,8,3,-12,40,62,-31,26,3
23.539436,-1,-3,-4,12,44,83,75,3,3
23.553308,34,5,3,5,92,19,-22,5,3
23.553337,-7,-7,2,-2,78,66,45,13,3
23.560743,-29,-4,-3,1,-69,-85,37,-15,3
23.563079,14,0,-3,-14,-77,-9,24,48,3
23.578150,0,1,-6,-38,-14,-49,-79,-15,3
23.578156,-24,0,5,23,-66,-22,8,37,3
23.578158,29,-3,-2,-1,55,57,-49,-98,3
23.578160,2,5,4,24,52,33,7,33,3
23.598493,24,-1,-4,5,-4,14,1,-26,3
23.598510,19,2,6,1,18,-54,12,44,3
23.599298,-37,-6,-4,-7,-55,-32,7,7,3
23.599314,15,-6,-3,-24,-12,-23,6,-29,3
23.613280,-29,-4,1,29,-37,-50,-20,8,3
23.613316,17,-5,-7,-13,-14,33,-6,17,3
23.621342,23,6,1,9,5,-71,8,51,3
23.621364,0,3,2,2,-29,-43,-29,7,3
23.636189,-15,-4,2,52,35,-18,0,-82,3
23.638461,-35,-1,-2,-8,-91,33,-10,22,3
23.638474,23,-1,0,-1,57,80,-21,-14,3
23.638476,-18,-2,-5,-12,-37,25,53,5,3
23.658911,-16,-2,-3,-26,-62,-20,-73,-49,3
23.658944,25,0,0,32,13,19,-12,3,3
23.659408,-45,-1,-1,6,57,81,-5,0,3
23.659440,13,-6,-2,-34,-67,41,-20,-34,3
23.672686,-12,-3,-1,6,49,97,9,-19,3
23.672702,0,3,1,-9,-56,-2,18,-9,3
23.680401,23,-2,-3,-14,-88,-64,2,-76,3
23.680420,1,-2,-1,-22,-30,-76,-33,1,3
23.696153,4,-3,2,8,-18,-9,-15,61,3
23.696196,-20,-3,0,12,41,-36,9,-80,3
23.697605,-2,4,4,27,45,-23,48,54,3
23.697611,-2,7,3,7,8,90,-16,17,3
23.718391,5,-7,-6,-22,23,-1,44,-43,3
23.718401,-15,-1,-7,-1,6,-49,-35,-5,3
23.719185,15,-3,-5,-15,-15,-85,13,59,3
23.719196,-8,5,5,36,34,87,-4,-40,3
23.741127,5,-5,-3,-7,33,25,64,-51,3
23.741149,10,5,3,-4,64,85,40,46,3
23.744043,-28,-4,-1,7,29,-38,66,-21,3
23.744049,-20,-7,-3,6,-41,14,-53,-25,3
23.755945,16,7,3,-3,58,41,17,75,3
23.755961,31,0,-6,-8,-52,-77,-14,-23,3
23.756806,-24,-4,-2,-48,-54,40,-35,-71,3
23.756811,20,4,3,39,55,-57,30,26,3
23.779872,10,-2,2,2,31,-40,-7,44,3
23.779885,-47,-9,-3,-3,15,19,-41,18,3
23.779888,3,-4,-3,-7,42,35,-68,86,3
23.779890,-48,-10,-4,-5,-7,-40,9,-64,3
23.801151,27,8,1,-5,-78,23,-32,0,3
23.801167,14,-2,0,-23,48,6,8,69,3
23.803163,-9,7,5,26,95,-16,-12,-20,3
23.803172,18,-6,-6,-22,-5,3,52,28,3
23.816022,-4,3,-1,1,26,3,13,-10,3
23.816038,-14,-1,-2,-17,1,-11,16,5,3
23.816618,-11,-8,-3,7,-35,87,-13,-60,3
23.816630,17,-5,-4,-3,-9,-17,20,18,3
23.838541,-2,0,-1,-16,-20,-54,-14,-12,3
23.838566,5,-3,-3,6,-13,13,-22,-81,3
23.840286,6,1,-1,-5,-60,-15,15,44,3
23.840292,-24,3,2,7,5,-39,-48,22,3
23.860939,-7,-9,-5,-36,-39,64,18,-1,3
23.860958,10,2,5,62,-5,-66,-60,18,3
23.861593,54,6,3,-30,-118,-46,16,57,3
23.861608,-2,-2,-3,43,101,73,29,-41,3
23.875947,-22,7,2,22,-76,-26,79,23,3
23.875979,9,-9,-3,-9,-79,0,10,-26,3
23.877613,11,4,-2,-1,22,-2,-2,35,3
23.877619,5,3,2,0,-44,-25,-22,76,3
23.898505,-12,-6,-6,-8,1,-118,-26,-36,3
23.898525,25,3,2,-2,29,-34,8,-46,3
23.899570,-10,-6,-4,5,-22,22,1,-33,3
23.899574,9,-3,0,-40,2,17,71,31,3
23.922730,-54,-3,-1,20,-40,43,-14,12,3
23.922735,-20,-4,-4,-15,-11,-2,15,40,3
23.922737,-15,0,-3,-33,-49,-55,-37,3,3
23.922739,-16,-6,-3,5,-11,-77,-40,-41,3
23.937553,26,5,3,1,46,127,-5,5,3
23.937562,-2,1,0,3,4,43,-14,27,3
23.937566,-6,-1,-1,-5,-13,56,52,-11,3
23.937568,25,7,6,-1,59,-3,-28,27,3
23.958416,-11,-1,-2,-4,-32,-74,-21,-18,3
23.958434,19,-1,-4,-7,-44,74,-26,-96,3
23.960688,23,3,1,12,109,65,19,-50,3
23.960694,-24,-9,-3,-2,-75,-17,51,50,3
23.981188,36,6,8,24,53,5,-15,52,3
23.981216,-7,1,1,2,85,-3,54,-5,3
23.982859,-11,-3,-4,4,-48,-25,-35,-55,3
23.982871,-12,-5,-6,-5,-128,-79,-18,-31,3
23.996395,6,-3,-1,6,71,56,-5,-7,3
23.996426,5,1,1,4,-57,-5,-19,3,3
23.997857,-19,-6,-5,2,76,-65,-24,-50,3
23.997862,4,4,0,-3,-34,-39,-21,-38,3
24.018405,-64,-5,-4,-29,-65,-54,-6,49,3
24.018422,8,-7,-3,13,-62,-128,16,-19,3
24.019224,11,1,1,2,-25,65,20,77,3
24.019242,9,7,2,8,33,40,-13,-13,3
24.040876,1,-11,-6,10,39,65,21,-11,3
24.040899,-19,-1,2,-17,-17,-29,23,4,3
24.041724,-17,-5,-3,19,38,-39,14,-11,3
24.041728,26,2,0,-33,-6,68,-56,-7,3
24.055882,-1,-1,0,22,9,-15,31,-13,3
24.055898,9,-2,-3,3,55,96,-57,77,3
24.056790,-8,0,1,10,-23,-12,3,-28,3
24.056850,15,4,0,-7,54,-54,-26,-20,3
24.079621,-9,-2,-1,-22,-104,-28,-18,-62,3
24.079634,-7,-2,-4,-14,22,-15,-16,-17,3
24.079636,1,6,6,13,-32,-18,-1,63,3
24.079639,9,-8,-5,-18,6,56,10,20,3
24.101140,-6,-2,-1,-1,-19,4,4,40,3
24.101156,-15,1,2,-17,-37,35,-4,36,3
24.101711,41,3,0,-17,-28,-35,47,-35,3
24.103053,-14,-6,2,16,-8,-19,-13,13,3
24.115934,21,-5,-6,-14,-55,68,36,-6,3
24.115957,-17,0,-1,2,2,27,6,-56,3
24.116650,-15,-1,3,6,38,29,14,85,3
24.116667,-1,-2,-4,-15,-38,13,31,-74,3
24.138324,19,2,0,1,-25,-62,-71,-4,3
24.138347,-11,-1,-4,-21,11,79,-18,9,3
24.139438,4,0,0,2,20,9,-18,22,3
24.139447,-4,2,1,18,51,-23,29,-3,3
24.160940,13,2,2,-1,70,-12,-3,70,3
24.160961,28,1,-1,-24,-51,-128,-8,-74,3
24.161633,-69,-13,-1,17,-31,-11,-3,-20,3
24.161648,-1,-1,1,8,-3,18,11,73,3
24.176530,6,0,-1,-3,33,-45,-7,-54,3
24.176563,1,3,-4,-12,-35,-77,23,92,3
24.178603,-12,-3,-6,-5,0,43,-7,-22,3
24.178612,-26,-9,-2,-14,-48,-22,-9,-22,3
24.198507,-2,-2,0,1,23,-1,-44,-9,3
24.198524,10,-11,-5,9,75,52,38,28,3
24.199558,13,3,0,-20,-45,-9,-5,-25,3
24.199562,-15,7,3,34,-42,-26,17,28,3
24.220865,-4,-4,-4,-47,-12,-104,-52,-46,3
24.220878,-2,-1,3,47,103,14,-21,-1,3
24.221604,-2,-3,-3,3,25,35,-16,-3,3
24.221625,16,2,3,-5,-27,-5,2,14,3
24.235882,19,0,1,-6,-51,4,28,19,3
24.235909,-59,-4,-2,-3,-12,-10,-5,-56,3
24.236557,45,1,1,1,-6,-31,23,91,3
24.236592,-64,-6,0,28,36,57,-42,-34,3
24.258494,34,4,-2,-40,-90,-9,30,103,3
24.258515,-29,-8,-4,10,26,-7,-11,-75,3
24.261258,-26,-5,-2,17,23,16,19,2,3
24.261266,19,0,-2,-26,-19,-3,-62,-12,3
24.283494,3,-1,-2,5,111,-24,8,5,3
24.283501,23,7,2,-8,-128,64,45,28,3
24.283503,-1,2,-1,-3,91,79,51,-34,3
24.283505,3,-3,-1,6,12,48,53,6,3
24.295531,-23,0,-2,19,6,-14,-6,-10,3
24.295565,39,5,4,6,10,-6,9,0,3
24.303534,-20,-5,-8,-40,-49,-53,-41,2,3
24.303550,-18,3,2,10,26,19,-1,-14,3
24.318478,34,-3,0,26,-7,-57,23,45,3
24.318501,-40,-3,-4,-10,0,35,-38,-83,3
24.319356,4,-6,0,-15,49,-10,-10,9,3
24.319378,18,0,-2,-1,-42,-49,-23,26,3
24.341163,3,1,2,-3,-13,1,1,-19,3
24.341179,12,-1,1,-2,-65,-21,-11,37,3
24.343805,-15,-4,-6,3,24,-45,-21,-27,3
24.343822,22,2,0,-9,11,39,-4,-22,3
24.355245,-21,2,4,26,22,-7,-20,-7,3
24.356601,27,0,-3,-28,-59,-48,10,18,3
24.363831,12,0,3,51,30,50,-17,-29,3
24.363868,-12,1,-1,-6,25,-30,75,42,3
24.378658,-16,-6,-4,-8,-27,40,3,-66,3
24.378700,-18,-4,-1,-5,24,-3,-32,69,3
24.379506,-6,0,2,-2,-51,-125,-25,-39,3
24.379531,16,2,-2,-15,72,69,-9,25,3
24.401058,-5,7,5,24,50,32,9,-76,3
24.403450,-11,1,-4,11,3,24,25,58,3
24.403456,-11,-4,0,-6,-33,-14,1,-37,3
24.403458,27,-2,-2,8,2,-19,-7,7,3
24.415358,-17,0,-3,-22,-1,23,-11,-13,3
24.415381,2,-1,-6,-33,11,-42,2,28,3
24.423948,49,3,-1,11,-76,77,-71,3,3
24.423953,-32,-4,0,11,14,25,26,21,3
24.439634,-12,-2,0,1,-16,1,-24,-2,3
24.439639,3,-1,2,2,17,-15,7,-19,3
24.439641,41,4,-2,-13,15,3,15,-36,3
24.439643,-18,-6,-5,-15,15,-13,-12,-21,3
24.460965,-16,-5,-2,2,19,32,40,-50,3
24.460985,46,10,1,-4,-61,-58,-20,13,3
24.462385,-22,-5,-1,1,57,19,14,39,3
24.462396,7,0,0,-3,-27,-4,-8,-19,3
24.475405,-22,-1,1,-7,57,17,13,46,3
24.475421,-10,-4,-1,19,93,8,-8,-86,3
24.484651,-5,3,-1,18,-41,-6,25,2,3
24.484656,20,-2,-3,-11,-54,-80,-70,14,3
24.500334,38,4,-4,-32,-33,19,3,-9,3
24.500345,-30,-6,4,19,12,46,12,-78,3
24.500347,-66,-3,0,-10,35,14,1,41,3
24.500349,-7,-1,-1,4,25,15,16,-21,3
24.521218,17,-2,-3,-6,6,-16,-7,16,3
24.521240,9,-2,-5,-24,-12,18,-4,56,3
24.522950,0,3,0,-1,-54,2,6,-15,3
24.522955,-7,-2,-1,-19,-23,59,11,-40,3
24.535684,-5,-1,-3,10,-52,46,-28,-3,3
24.535713,5,-2,-5,-20,-22,-1,10,31,3
24.543718,50,7,2,-2,-2,14,38,54,3
24.543740,-12,-1,0,6,-29,-23,12,2,3
24.558716,4,-8,-4,-15,-6,-13,16,17,3
24.558740,-24,-2,2,24,1,-20,9,-28,3
24.561327,6,0,-1,-21,-49,-2,-21,-3,3
24.561419,16,5,0,18,-19,7,12,-14,3
24.581121,-19,-1,-2,4,3,64,-40,-59,3
24.581196,8,3,3,0,29,3,4,18,3
24.581664,18,-4,-2,-23,48,69,-22,-38,3
24.581684,-71,-6,-1,9,-9,-28,10,-9,3
24.595228,-20,-5,-4,-14,36,19,16,0,3
24.595246,35,4,4,69,-64,-14,-4,11,3
24.603719,-18,1,-2,-9,-35,-76,-15,25,3
24.604952,22,-2,0,-3,35,24,10,-53,3
24.618560,-20,2,4,19,-10,-25,-6,11,3
24.618582,3,-2,-3,-19,38,29,-14,17,3
24.620498,28,2,1,8,52,-32,27,15,3
24.620506,-7,-5,-5,-15,-56,-38,6,47,3
24.641115,-16,-3,-2,4,-18,-38,-9,-54,3
24.641137,-7,-4,1,-10,27,14,-6,-1,3
24.644091,-3,-4,0,6,21,-43,42,-11,3
24.644099,-5,-1,-3,-14,-10,-44,6,73,3
24.664250,37,2,3,43,26,16,4,111,3
24.664268,-9,-5,-2,-5,-21,-21,11,-71,3
24.666394,-26,-5,-7,-16,26,93,-10,-3,3
24.666399,21,6,3,23,12,-57,-13,11,3
24.678507,-6,-3,0,-5,-41,53,25,4,3
24.678528,6,-2,-3,-9,-18,21,21,7,3
24.680218,3,-1,1,22,-78,-56,-47,27,3
24.680230,-10,-4,-5,-41,127,20,-30,-59,3
24.701301,5,-3,-2,1,-17,-11,1,-14,3
24.701306,-11,1,-2,-2,-40,1,-2,22,3
24.701555,21,8,7,8,21,-25,-1,25,3
24.701563,6,-9,-4,-3,27,61,-91,-23,3
24.724057,-41,1,-2,-18,-28,18,2,-15,3
24.724080,36,-4,-5,-21,-27,9,6,-13,3
24.727321,-40,-1,-1,-10,-25,-25,18,-82,3
24.727328,41,2,1,25,-50,10,32,-39,3
24.738461,-69,-2,1,4,39,-28,-5,-25,3
24.739715,0,-3,4,1,-3,-6,-14,13,3
24.739720,-16,-6,-7,-23,18,0,32,-41,3
24.739722,-15,-1,6,14,11,17,-40,-40,3
24.762324,40,-2,-2,18,-30,-5,-10,-39,3
24.762342,-11,5,-1,-8,-30,-20,25,7,3
24.762345,7,-6,-3,7,-25,-82,-44,-3,3
24.762348,-44,-2,-2,-20,-26,-76,-19,-42,3
24.784220,26,2,-1,-2,4,46,34,16,3
24.784245,-21,-1,2,19,-35,8,-27,-86,3
24.785300,-2,-2,-1,-27,13,30,2,57,3
24.785309,17,-3,-8,-14,-51,8,3,-13,3
24.798460,-50,-2,-1,-10,-88,-32,-68,-55,3
24.798479,23,-5,-5,-26,33,91,23,46,3
24.799407,-10,-6,-4,-9,-10,19,1,-12,3
24.799426,10,1,3,-2,4,-5,12,10,3
24.821337,25,4,2,-14,9,-39,13,30,3
24.821354,-1,6,-2,-9,7,9,21,12,3
24.823196,-9,-1,2,21,10,-32,11,26,3
24.823205,21,2,2,14,64,66,8,35,3
24.844487,-5,-5,-1,7,67,15,40,23,3
24.844513,-31,-8,-3,3,19,-78,-42,-23,3
24.844936,22,1,0,11,-36,6,9,14,3
24.844962,-9,4,0,-5,-64,-38,20,24,3
24.858311,32,0,-3,-39,-19,-13,-25,-18,3
24.858320,-21,1,3,49,107,8,-29,-11,3
24.859368,-38,4,3,62,-4,-38,23,94,3
24.859449,-4,-9,-3,-2,23,63,4,-102,3
24.881200,9,-4,-6,-28,-48,-8,13,-38,3
24.881226,7,-4,-1,10,-47,-84,-47,4,3
24.883452,-10,1,-3,-3,110,-27,0,-54,3
24.883457,-11,-6,0,2,4,-9,25,30,3
24.904123,-2,1,0,11,-14,14,24,16,3
24.904132,34,0,-1,-18,-4,9,14,47,3
24.904671,-35,1,-4,-35,17,87,-33,-64,3
24.904687,29,3,-1,-6,11,-44,37,40,3
24.918866,-3,-2,0,22,8,-15,-59,28,3
24.918872,-38,-3,0,-6,-38,-16,-25,-28,3
24.919103,24,-1,-3,12,-15,33,-24,20,3
24.919134,1,0,1,3,-98,-19,-7,18,3
24.941478,10,-2,0,6,15,30,23,30,3
24.941500,2,2,-2,-3,17,81,70,1,3
24.941504,4,-1,4,-2,-60,-11,-28,4,3
24.943928,44,0,-5,-26,-23,21,9,51,3
24.965877,-58,-1,3,19,10,-26,0,-15,3
24.965884,9,0,-4,6,-47,-7,3,25,3
24.965886,-8,-5,-6,-62,45,98,13,-6,3
24.965888,-16,4,4,6,40,-70,2,28,3
24.978479,21,0,0,10,82,69,36,28,3
24.978511,-27,-4,-3,-18,23,-55,-3,-19,3
24.981054,18,1,0,4,-19,6,29,30,3
24.981065,2,6,2,17,-21,-26,-22,-61,3
25.000848,24,-4,-5,-15,10,-4,1,47,3
25.000867,7,-2,-1,-3,-3,-14,41,42,3
25.001592,4,-4,-2,0,-55,-57,-75,-80,3
25.001645,10,-3,-5,-23,47,8,54,90,3
25.024045,-5,0,0,2,-44,-32,1,-79,3
25.024061,7,1,1,17,104,-36,14,22,3
25.024904,13,-2,1,10,-21,-48,-27,-9,3
25.024908,4,4,1,-2,90,76,11,-1,3
25.038478,-51,-4,-2,-16,-24,22,-22,-51,3
25.038501,22,5,4,-6,14,-5,11,23,3
25.039374,29,-5,-4,16,-45,46,40,-20,3
25.039378,-38,-6,-4,-21,-10,-77,-86,3,3
27.063539,16,7,3,-1,-1,1,2,1,0
27.063976,1,3,-1,1,-1,-2,-2,-3,0
27.073346,12,3,-2,-1,-1,-1,-2,1,0
27.073394,-20,4,-1,-1,-1,1,-1,-1,0
27.086834,-1,-5,-2,-2,0,-3,-3,-3,0
27.089126,-24,-5,-1,-1,0,-2,1,-1,0
27.089132,44,19,2,1,2,0,-1,1,0
27.089134,-44,-20,-6,-3,-4,-1,0,-1,0
27.109808,-17,-3,1,-2,0,-2,-2,-6,0
27.109844,2,-3,-2,-2,-4,-3,-1,-4,0
27.110921,-1,-1,-1,-1,-1,-1,-2,0,0
27.110941,31,14,4,-1,0,-1,-1,2,0
27.131948,-4,-3,-1,-2,-4,-2,-1,0,0
27.131966,-3,-1,-3,0,1,-1,-2,-2,0
27.133304,-15,-9,-2,1,-3,-1,0,-4,0
27.133309,10,-19,-2,-4,-7,-2,-2,-4,0
27.146913,0,-5,-2,0,1,0,-1,1,0
27.146957,-13,6,0,-1,0,-1,-2,-3,0
27.148628,-6,-9,-1,-2,-2,1,-1,-3,0
27.148635,7,24,5,1,-1,-2,-1,-1,0
27.169191,-1,0,-5,-4,-6,-3,-1,1,0
27.169235,0,-8,-1,-4,-8,-2,-2,-2,0
27.170604,-6,3,-4,1,-2,-3,-2,-1,0
27.170618,2,-4,-2,-2,-4,-1,-2,-1,0
27.183934,12,7,4,-3,1,-1,0,0,0
27.183940,14,5,2,3,2,-1,-2,-1,0
27.193778,-4,5,-1,-3,-2,0,0,-1,0
27.193788,-7,-14,-2,-1,3,-1,0,0,0
27.206535,14,2,-3,1,-1,1,0,1,0
27.206557,-11,-7,-2,-1,1,-1,-2,-2,0
27.208026,4,-11,0,2,0,0,-1,1,0
27.208060,-4,8,-2,-1,0,-1,0,-3,0
27.229135,-14,1,3,0,0,0,0,-1,0
27.229158,20,9,-4,-1,-3,1,-1,3,0
27.230812,-22,-7,-2,-1,0,1,1,1,0
27.230836,13,-2,-4,-4,-5,-1,-2,-3,0
27.243179,-11,1,-1,-1,0,-2,-3,-2,0
27.243210,22,-2,2,-2,16,0,-1,-4,0
27.251705,-7,5,1,1,-20,-2,-1,2,0
27.251722,-4,-3,3,1,-2,1,-1,-2,0
27.266613,-7,-1,1,1,1,-2,0,-2,0
27.266631,4,-4,-3,-3,-1,-1,0,1,0
27.268594,46,18,-2,-3,5,-2,-1,-2,0
27.268602,-81,-31,-4,0,1,-1,-1,-3,0
27.289060,0,0,0,0,-4,-1,-2,-1,0
27.289082,-42,-6,1,-1,-2,1,1,0,0
27.290513,12,6,-2,-6,-9,-2,-4,-5,0
27.290528,16,-1,-1,2,-4,-1,-2,0,0
27.302991,19,-2,-2,-1,3,-2,-2,1,0
27.303007,-10,-8,-2,-4,-4,0,0,-1,0
27.312743,-14,-2,1,2,6,-1,0,-2,0
27.312759,29,17,-2,0,3,-3,-2,-2,0
27.326662,-20,-7,-2,-1,-3,0,-1,-2,0
27.326685,30,4,-3,-1,-4,-2,-2,-1,0
27.328225,24,-3,1,-2,2,0,0,4,0
27.328248,-41,20,5,-3,0,0,0,2,0
27.349087,-40,-12,-3,0,1,-3,-1,-5,0
27.349103,2,-9,-1,2,-3,-2,-1,-2,0
27.351102,-12,-19,-4,-4,4,-1,-3,-5,0
27.351109,35,12,0,2,-2,0,1,3,0
27.363088,11,10,-3,0,-1,0,0,2,0
27.363120,-13,9,5,-1,0,-1,0,-1,0
27.373110,-1,-3,-2,-2,-2,-2,1,3,0
27.373114,3,-4,-5,-2,-1,-1,-2,-6,0
27.387185,8,18,0,0,0,-1,0,0,0
27.387192,11,-13,-2,-2,-3,0,1,2,0
27.388166,-36,-29,0,-1,1,-3,-1,-3,0
27.388212,10,3,-1,0,-2,-1,0,1,0
27.409983,-14,-7,-3,-1,0,0,-1,-2,0
27.411943,24,15,0,0,-2,-1,0,2,0
27.411952,-31,7,2,0,6,2,0,-2,0
27.411954,-1,-13,-2,-4,-9,-2,-1,-2,0
27.422978,15,-5,-1,-3,-6,0,-1,2,0
27.422999,-11,-16,-2,-2,-3,-1,-1,-1,0
27.433505,14,10,-2,2,1,-1,-2,0,0
27.433511,-4,10,-2,-3,1,-1,-1,-2,0
27.447129,5,-6,1,-1,10,0,-1,1,0
27.447152,-9,6,-2,0,-27,-2,-2,-2,0
27.449680,1,-6,-3,-2,0,-1,1,1,0
27.449686,-5,7,6,1,0,-2,-3,-3,0
27.469250,-2,3,-1,-1,-4,-2,-1,-3,0
27.469273,-3,-13,-3,-5,3,-1,-2,0,0
27.470777,0,10,0,2,3,-1,-2,-2,0
27.470799,3,-25,-3,-1,-2,-2,-1,2,0
27.492284,8,13,0,3,-1,0,-1,1,0
27.492323,-1,-23,-3,-6,23,-2,-2,-3,0
27.494385,-18,3,0,4,-42,-3,-2,-3,0
27.494391,10,4,-1,-2,-1,0,1,0,0
27.506582,-10,-6,0,0,-1,-1,-1,-3,0
27.506598,8,5,-5,-2,-3,-2,0,1,0
27.507988,41,3,-1,-2,10,0,-2,1,0
27.507996,-84,-8,-3,-3,2,-2,0,1,0
27.529385,-9,-12,-2,-2,-4,-3,-2,-4,0
27.529392,20,11,2,3,1,-1,-1,2,0
27.530968,3,-3,-2,-1,7,0,-2,-3,0
27.531019,15,-2,-1,1,-3,0,-1,-1,0
27.551653,0,-7,-3,0,3,0,-3,-1,0
27.551677,-18,3,-1,0,0,-2,-1,0,0
27.553683,12,2,1,-6,3,0,0,2,0
27.553688,3,0,-4,3,1,1,-2,-2,0
27.566025,-9,-9,-4,-2,-4,-2,-1,-1,0
27.566045,-3,1,0,-2,7,0,-1,-5,0
27.572839,-6,-6,-2,4,-20,-2,0,1,0
27.572919,22,17,-1,-4,0,-1,-3,-4,0
27.589807,-3,-19,1,1,0,1,-1,1,0
27.589836,-9,0,-2,3,1,0,-2,-4,0
27.592974,-4,0,-4,-6,-4,-1,1,2,0
27.592985,7,15,-1,-2,-2,0,-2,-2,0
27.611677,1,-19,-4,-1,-4,-1,-1,-3,0
27.611699,-7,8,0,-2,-4,-1,1,2,0
27.614263,-7,-5,-1,-4,9,-1,-3,-4,0
27.614268,45,9,3,3,0,-1,1,4,0
27.626946,-14,19,1,-3,-1,-2,-2,-3,0
27.626969,-4,-14,-3,-2,-3,-2,-3,0,0
27.628322,-31,-4,-1,-1,5,-1,-1,0,0
27.628345,32,-8,1,-3,-1,-2,0,0,0
27.649187,20,11,2,2,1,0,1,1,0
27.649204,-25,7,-1,0,-3,1,0,0,0
27.650644,13,8,1,0,2,-2,0,-1,0
27.650655,-7,-13,-1,-2,0,0,-1,0,0
27.671619,18,10,0,-1,0,0,-1,2,0
27.671634,-12,4,-1,0,-3,-2,-1,-2,0
27.673068,-6,-23,-5,-3,-2,-4,-1,-1,0
27.673081,-16,2,-1,0,1,-1,1,-3,0
27.686285,4,6,-3,-3,-1,-1,-1,2,0
27.686295,6,4,1,-1,-1,-1,1,0,0
27.692971,-4,1,-2,-9,-7,-2,-3,-3,0
27.693000,24,6,1,4,2,-1,-1,1,0
27.709897,-22,-12,0,-1,-2,-1,-4,-6,0
27.709927,12,-3,-2,1,-3,-1,-1,1,0
27.711251,-10,3,1,0,5,0,-1,-5,0
27.711256,10,5,-2,-1,-1,0,-2,3,0
27.731969,-3,-3,1,0,-2,0,-2,-2,0
27.731976,-13,-23,-1,-4,1,-1,0,0,0
27.733069,17,1,2,1,0,0,1,4,0
27.733084,-2,4,5,1,-4,-2,-1,0,0
27.747101,-19,7,-1,1,-1,-2,-1,2,0
27.747127,3,8,0,-2,-3,-1,-1,-2,0
27.752917,1,-3,-2,3,3,0,-1,0,0
27.752940,-9,-11,-2,0,-3,-2,-1,-5,0
27.769097,31,5,-2,-5,-2,-1,1,1,0
27.769113,16,16,4,2,0,0,-1,-2,0
27.771560,-17,-22,-4,-1,2,-1,1,-1,0
27.771566,5,-13,-5,-4,-1,-2,-3,-1,0
27.792024,-18,-12,-3,-4,-3,-1,-1,-3,0
27.792046,10,2,-2,-1,-1,-1,-2,-3,0
27.793855,11,16,3,1,2,-2,-2,-1,0
27.793863,-23,3,-2,-2,0,-2,-1,0,0
27.806321,14,-5,-1,-1,13,0,1,2,0
27.806345,14,1,-2,0,-18,-3,-1,-2,0
27.813245,-27,3,4,-5,-4,-2,-3,0,0
27.813284,0,-10,-5,3,2,2,-1,-1,0
27.829578,-7,16,1,-3,-1,-1,-2,-2,0
27.829617,-13,-17,0,2,6,0,0,0,0
27.831273,10,6,-1,0,0,-3,-2,-2,0
27.831284,-6,-18,-2,-2,-4,-2,-2,-2,0
27.851681,8,4,-1,0,-2,-1,2,2,0
27.851704,-12,10,5,1,0,-2,-2,3,0
27.853794,22,2,-6,-1,-3,0,-1,-6,0
27.853800,15,-5,-3,-4,1,0,-1,0,0
27.866104,-53,-5,-3,1,-4,-1,-2,-5,0
27.866122,-43,-18,0,-3,0,0,-3,-3,0
27.872676,11,17,3,2,2,-1,-1,2,0
27.872699,-20,-15,0,0,-2,-2,-2,-1,0
27.889021,25,-2,2,0,-7,-1,-1,2,0
27.889031,9,3,-3,1,0,-1,-1,-3,0
27.890547,-9,-2,-3,0,0,-1,0,0,0
27.890562,5,9,-2,-1,-1,-1,0,1,0
27.911646,8,-5,-3,-3,-2,0,-1,0,0
27.911664,6,5,-4,-2,1,0,-2,0,0
27.913392,9,7,-1,-1,0,1,0,1,0
27.913498,-31,-25,1,-2,1,-2,-1,-5,0
27.926324,41,0,1,3,-3,-2,-2,1,0
27.926355,-55,-15,-7,-4,1,-1,-2,-8,0
27.932929,-2,-7,-2,0,-2,0,0,3,0
27.932954,-5,17,1,-3,-3,-1,-1,-4,0
27.950316,1,4,-2,-1,0,0,0,-1,0
27.950323,27,3,5,3,0,-1,0,1,0
27.950590,-5,-7,-3,-1,0,-2,-1,-1,0
27.950598,-3,6,-3,-1,0,-2,-1,0,0
27.971054,-3,-3,-2,-1,-1,-2,0,-1,0
27.971084,19,7,-1,-3,-1,-3,-1,1,0
27.980367,-14,-12,0,-3,0,-1,-1,-1,0
27.980376,6,6,-1,1,-2,-1,-2,-1,0
27.985249,3,3,-3,-1,-1,1,-1,2,0
27.985268,-16,-5,-1,-1,-2,-2,-1,-3,0
27.995121,3,-9,2,-1,-2,0,0,2,0
27.995127,0,-5,-6,-3,-4,-2,-3,-5,0
28.009842,24,-1,4,-1,-1,-2,-2,-4,0
28.009880,8,9,-2,-3,1,0,-1,0,0
28.012188,-11,10,0,2,1,-2,-1,-2,0
28.012201,-1,-3,2,-1,1,1,0,5,0
28.031765,-10,-5,-3,-2,0,0,-1,-6,0
28.031782,9,-6,-3,-2,2,0,-2,-2,0
28.033104,-11,-6,0,-10,-14,-3,-3,-5,0
28.033120,-5,11,-1,2,-2,-1,-1,-1,0
28.045471,11,7,-1,-2,0,-2,0,-1,0
28.045483,1,-5,0,-2,-2,0,0,2,0
28.054859,0,-2,-2,2,4,-1,0,1,0
28.054864,-1,7,1,-1,-1,-1,-1,-1,0
28.069678,-5,-10,0,-2,-3,-1,-2,-1,0
28.069702,20,-1,-3,-2,-2,0,-2,-5,0
28.071021,-11,18,0,1,-1,-1,-3,-4,0
28.071071,-9,-40,-4,-4,-1,-1,0,0,0
28.093109,-17,-4,0,3,1,-1,0,-2,0
28.093128,11,6,2,2,0,-1,1,2,0
28.093218,13,-2,-2,1,0,1,0,-1,0
28.093253,8,13,-1,1,-1,0,1,0,0
28.105541,-12,0,-2,-5,-1,-3,-2,-2,0
28.105563,1,-1,-2,-1,-2,0,1,2,0
28.115193,-2,-3,-3,-1,-3,-1,-3,-3,0
28.115198,26,8,1,0,0,-2,0,-1,0
28.129519,-58,-6,0,-1,-1,-1,-1,-4,0
28.129566,-21,-3,-5,0,-2,-1,0,-1,0
28.130656,-24,-26,-1,1,1,-1,-1,1,0
28.130664,0,-3,-1,-3,-2,-2,-2,-2,0
28.151712,26,11,-2,-1,-1,-1,-1,1,0
28.151733,12,6,2,1,-1,-2,0,-1,0
28.153358,0,-2,-3,-3,4,-2,1,-1,0
28.153364,2,10,1,0,-4,-1,0,1,0
28.165529,-1,2,-2,0,0,-1,-1,0,0
28.165546,-1,16,-1,-4,-1,-1,-2,-2,0
28.175529,0,-60,-4,-2,-1,-2,-2,-2,0
28.175538,-4,9,1,1,0,0,-1,-3,0
28.189217,-3,-6,-2,-1,-2,-2,0,-4,0
28.190053,-5,4,-1,0,-1,-2,0,0,0
28.190504,10,22,-1,1,-1,0,0,-1,0
28.190511,3,-1,0,-2,0,-2,0,1,0
28.211666,-11,-5,0,0,-2,1,0,1,0
28.211730,9,-4,-3,-4,0,-3,-1,-1,0
28.213524,20,20,1,-1,-3,-1,1,5,0
28.213529,5,-4,1,1,1,-1,-2,-4,0
28.225869,-62,-7,-2,-3,-1,-2,-3,-2,0
28.225900,6,-30,-4,-2,-2,-1,-4,-5,0
28.234926,-2,3,-2,-2,0,-1,-1,-2,0
28.234932,5,11,-2,-1,-1,0,-1,1,0
28.249165,26,11,-1,0,0,1,-1,0,0
28.249185,-9,-9,0,0,-1,-1,-1,0,0
28.250570,16,8,-1,0,7,0,0,1,0
28.250586,-21,7,0,5,-5,0,-1,-2,0
28.271759,12,-15,-2,-2,-3,-4,-2,1,0
28.271782,-14,-6,1,-2,-3,-2,-2,-1,0
28.273338,8,6,-2,-1,0,-2,0,-6,0
28.273347,1,0,-1,-1,3,-1,0,2,0
28.285443,7,8,2,0,1,1,0,1,0
28.285459,4,14,-2,-1,-3,-2,-1,1,0
28.295934,-8,-23,-3,-2,-2,-2,-2,1,0
28.295940,-3,-3,-4,-6,-2,-1,-1,-2,0
28.311911,4,-2,0,0,-2,0,-1,-2,0
28.311920,31,21,3,-1,0,1,0,0,0
28.311923,-25,-9,-1,3,1,1,0,2,0
28.311925,4,-17,-4,-5,-2,-1,0,2,0
28.331854,4,-3,-3,-1,-2,-2,-1,-5,0
28.331958,14,3,3,-2,0,0,0,-3,0
28.333179,5,17,3,1,-2,-1,-1,-2,0
28.333198,-6,1,1,-2,1,-1,-2,2,0
28.345342,9,-3,-2,-1,-2,-2,0,3,0
28.345360,5,3,0,0,-1,-1,1,-1,0
28.354961,-6,-1,-1,-1,-5,-1,-2,-2,0
28.354969,-6,-5,-1,-2,-1,-2,-2,-1,0
28.369275,17,16,2,0,0,-1,1,1,0
28.369305,-31,-32,-3,-1,0,-1,-2,0,0
28.371309,-3,4,0,-4,-3,-1,1,-4,0
28.371313,0,2,0,4,1,0,-2,-4,0
28.391681,1,-2,-1,-3,-3,0,-3,-1,0
28.391696,-12,4,-1,2,1,0,0,-1,0
28.393324,-1,-2,1,-1,-1,-1,-1,1,0
28.393351,6,6,0,-1,-2,-1,-1,0,0
28.405353,1,-2,-6,0,8,1,-1,-2,0
28.405368,-5,-2,1,1,-4,0,0,0,0
28.415332,24,8,-3,-4,-2,-2,-1,-2,0
28.415344,16,-11,2,0,-1,0,0,3,0
28.429184,-15,-7,0,0,0,-2,-1,-5,0
28.429212,-15,6,0,-2,1,-1,-2,-1,0
28.431316,-2,-18,-4,-2,0,-1,-1,-2,0
28.431324,12,10,1,0,0,0,-1,-1,0
28.451830,24,4,0,-3,-3,-1,1,2,0
28.451839,-20,-4,0,-1,0,-1,-2,1,0
28.453254,15,9,3,-1,-3,1,-1,4,0
28.453277,-21,-10,-6,-4,-3,-3,-3,-15,0
28.474077,-11,-3,-1,-1,-2,0,-2,-1,0
28.474099,11,10,0,3,1,-1,0,-1,0
28.475658,-10,-15,-2,0,1,-2,-2,-3,0
28.475682,-17,-5,0,-3,0,-2,-1,0,0
28.489125,-13,0,-1,-1,-4,0,-1,0,0
28.489140,31,7,0,-5,-2,-2,-1,-1,0
28.490679,16,16,2,1,-2,0,0,2,0
28.490696,-26,-23,-3,-2,-1,-1,-1,-1,0
28.511391,13,-8,-2,-3,-3,-3,-2,-1,0
28.511412,-12,-7,-1,-2,1,-1,0,0,0
28.518292,19,13,-1,0,-2,-2,-2,0,0
28.518309,-2,1,1,-1,-3,0,0,-1,0
28.534187,-10,-4,-3,1,0,0,-2,0,0
28.534210,3,-6,0,-2,-2,0,-2,1,0
28.535681,-13,1,-3,-3,-2,-2,-2,-6,0
28.535742,9,2,-4,-3,-2,-1,0,1,0
28.549115,-1,8,2,1,-5,-1,-2,2,0
28.549132,-17,-32,-7,-2,-1,-1,0,-4,0
28.550592,-8,5,-1,-2,-3,-1,-2,-3,0
28.550608,-4,4,-2,-2,1,0,-1,3,0
28.572547,10,-3,-2,-2,0,-1,-1,-2,0
28.572569,4,-5,0,0,-2,0,0,1,0
28.574032,-4,-2,0,1,1,-1,0,0,0
28.574079,5,-3,-1,-1,-1,-2,-2,-3,0
28.594605,4,9,2,-1,1,1,0,1,0
28.594634,-63,-3,-2,1,-2,-2,-4,-2,0
28.597063,-6,-12,0,-4,-1,-2,-1,-2,0
28.597071,-1,5,2,1,-1,-1,-1,-2,0
28.608571,-1,12,-2,-2,-2,-2,-2,-6,0
28.608592,20,3,2,-1,0,-1,-1,0,0
28.615243,-4,-23,-7,-1,1,-1,-1,-1,0
28.615261,-18,3,1,0,-1,-1,-3,0,0
28.631744,9,-2,-2,-2,1,-2,-1,-1,0
28.631763,2,6,0,0,-3,1,-1,-2,0
28.633143,2,8,2,0,1,0,0,1,0
28.633159,11,13,4,1,1,1,1,1,0
28.654157,-30,-23,-2,-2,-1,-1,-2,-1,0
28.654178,7,-1,-2,-2,-1,-2,0,-1,0
28.655489,-17,-17,-4,-1,-4,-1,-1,-6,0
28.655508,-2,-1,-3,-5,-1,0,1,-1,0
28.668460,3,7,5,3,-1,0,-1,-1,0
28.668470,4,-7,-3,-1,-1,-1,0,-1,0
28.675354,-1,7,2,0,0,-1,-1,2,0
28.675379,-1,-4,-2,-1,-3,-1,-1,-3,0
28.692277,20,-2,-3,-1,6,-1,-1,-4,0
28.692307,1,10,0,2,-3,0,-1,3,0
28.694715,3,-4,-2,-2,-1,-3,-4,-7,0
28.694726,2,-7,-1,0,-3,-1,-1,1,0
28.715615,-12,1,-1,-2,0,0,0,0,0
28.715620,25,-6,1,-3,1,-2,-1,1,0
28.715713,-7,4,-2,-1,-2,-1,0,1,0
28.715719,-7,1,1,3,2,0,0,1,0
28.728493,9,-4,-2,-1,-3,-2,0,-1,0
28.728517,-5,9,-1,-1,2,-1,-1,1,0
28.735469,18,-6,5,1,-3,-2,-1,-2,0
28.735486,-1,9,1,-4,-2,-3,-2,-5,0
28.751741,4,16,0,0,-4,-2,-1,1,0
28.751761,-14,-25,-1,1,-1,1,-1,-3,0
28.753270,-6,6,0,0,1,0,-2,-3,0
28.753292,-2,-6,-3,1,-1,-1,1,-1,0
28.774137,-5,-5,-2,0,-3,-2,-2,-3,0
28.774158,2,9,-2,-3,-1,-1,0,0,0
28.777429,-2,-2,-1,-1,0,-1,1,3,0
28.777442,27,2,-1,-1,-1,-1,-1,2,0
28.788453,-36,-8,-3,0,-3,0,-1,-2,0
28.788471,17,3,-2,0,0,-1,-1,-4,0
28.795250,-1,0,0,0,0,1,1,2,0
28.795269,-12,18,-2,-2,-2,-2,-1,-1,0
28.811706,-5,-26,1,-2,1,0,-1,0,0
28.811754,0,-1,-3,-2,-1,-2,-2,1,0
28.813566,16,-1,-1,-1,-2,0,-1,-3,0
28.813606,-9,6,1,-1,-1,0,-2,-1,0
28.834409,-12,1,-6,0,-1,0,1,1,0
28.834432,32,6,1,0,-2,-1,0,1,0
28.836108,18,3,0,-2,0,-1,-1,0,0
28.836117,-61,-11,-1,0,1,-1,0,0,0
28.848052,-6,-24,-2,-2,-2,-3,-1,-3,0
28.848079,-7,3,0,-4,-1,-1,0,-3,0
28.857238,-11,8,1,3,0,-1,1,2,0
28.857242,7,-5,-2,-3,9,0,-1,-2,0
28.873123,35,10,-1,3,-4,-1,-2,3,0
28.873130,-65,-1,-1,0,0,1,0,-3,0
28.873175,10,7,1,-2,-1,-2,-3,0,0
28.873196,14,-4,0,0,-1,1,-1,0,0
28.894303,-15,-10,0,-1,2,1,-1,2,0
28.894326,17,16,-1,-2,-2,-3,-2,-7,0
28.896261,-21,-14,-1,-2,0,0,-2,0,0
28.896269,20,-14,-5,-1,-4,-2,0,1,0
28.908615,-13,12,5,-2,-1,-3,0,-2,0
28.908638,8,1,0,-1,-2,-1,-1,1,0
28.915365,-14,0,0,-1,-1,0,0,-2,0
28.915385,22,5,-2,-1,-3,-2,-3,0,0
28.931702,-6,-5,0,-3,-2,-1,0,-1,0
28.931721,0,-5,-2,-2,0,-3,-3,-2,0
28.933730,-9,2,-2,-1,-1,-2,-2,-2,0
28.933738,8,-2,-1,-1,-1,-1,0,0,0
28.954572,20,9,-3,0,-1,-1,-2,-1,0
28.954593,-1,-17,-3,-1,0,-1,1,0,0
28.956196,-1,3,0,1,-1,-2,1,-2,0
28.956202,-7,-4,1,-1,-3,-1,0,-1,0
28.967705,-5,4,-1,-1,0,-1,0,2,0
28.967721,10,1,-1,0,0,1,-2,-3,0
28.977884,-6,-1,-1,-3,-1,-1,-2,0,0
28.977889,35,6,0,0,-1,-2,-2,-2,0
28.991786,-52,-14,0,-1,0,0,0,-1,0
28.991803,-10,-9,-1,-1,-1,-1,-2,-1,0
28.993971,-3,1,-4,0,0,-1,0,-1,0
28.993978,-26,-16,2,-2,-3,-2,-4,-4,0
29.014352,34,6,-4,-3,-2,-1,-4,-4,0
29.014385,13,4,2,0,4,0,0,2,0
29.015633,-22,1,1,0,-4,-1,-2,-3,0
29.015652,15,6,-1,-1,-1,0,0,1,0
29.030059,16,1,0,-1,-2,-3,0,0,0
29.030084,-12,3,-1,-2,-1,0,0,-2,0
29.037983,-6,-7,-3,0,1,0,-2,1,0
29.037987,-11,-2,-1,0,1,-3,-1,0,0
29.051753,2,0,-1,1,1,-1,0,-1,0
29.051776,-4,3,-2,-2,-4,0,0,3,0
29.054426,21,14,1,0,-2,-2,1,3,0
29.054438,-7,-6,1,-3,-3,-1,-2,-5,0
29.076942,-29,-21,-4,1,1,-1,-1,-4,0
29.076959,37,4,1,3,0,-1,-1,0,0
29.076964,-14,-3,-6,-5,-4,-1,0,-3,0
29.077043,-26,1,0,-1,-2,-1,-1,-4,0
29.088075,19,7,2,-2,-2,0,0,-2,0
29.089624,3,-3,0,0,-2,-1,-1,1,0
29.098315,8,-2,-3,-3,1,0,0,-1,0
29.098326,1,8,0,2,-1,-1,1,2,0
29.111704,15,7,0,-1,-2,0,-2,2,0
29.111731,-26,-13,-3,1,-3,-1,-1,2,0
29.113500,-10,-10,3,-1,1,-1,-2,-3,0
29.113526,4,-12,-5,-5,-4,-2,-1,-4,0
29.134227,15,8,-2,-1,-3,-1,-1,-1,0
29.136114,-9,5,0,-1,-2,-1,2,0,0
29.136126,6,2,-1,-1,-1,-2,0,2,0
29.136128,26,1,-1,0,0,0,0,0,0
29.147945,-56,5,2,-4,-2,0,-1,-3,0
29.147963,5,-9,0,0,0,-2,-2,-6,0
29.157751,7,-1,-1,1,0,-1,0,1,0
29.157759,-15,-3,-1,-1,0,0,0,-1,0
29.170964,10,2,-2,-1,-1,0,0,2,0
29.170980,-2,5,0,-2,0,0,-1,1,0
29.177827,-6,8,2,0,-1,0,-2,-4,0
29.177846,7,-27,-6,-1,-2,-1,-2,3,0
29.194143,6,2,-1,-1,0,0,-2,0,0
29.194165,-13,-7,-4,-1,-1,-1,-3,-5,0
29.195995,27,-2,2,-2,0,-1,-1,0,0
29.196025,-16,16,-3,-4,-1,-3,0,1,0
29.208124,-3,-5,-1,-1,-3,0,0,-4,0
29.208157,12,-10,-1,-3,-2,-1,-3,-3,0
29.216714,-11,0,-4,2,0,0,-1,1,0
29.217796,-5,0,-1,-1,-2,-1,0,-2,0
29.231815,10,1,0,-1,-2,-2,-2,-1,0
29.231833,-3,11,1,1,-3,-1,-1,-2,0
29.233169,29,4,1,-4,-2,-1,0,1,0
29.233186,-55,-15,1,1,-1,0,-2,-2,0
29.254222,-26,-11,0,0,-1,0,-1,-4,0
29.254246,-5,-6,-1,-2,-1,-2,-1,2,0
29.255578,0,3,0,-5,-2,-1,-1,0,0
29.255590,19,-9,-3,2,-1,-1,-3,-2,0
29.267801,12,8,0,1,0,-2,-2,1,0
29.267824,-11,-2,-2,-2,0,-1,-3,-7,0
29.278127,-16,0,-4,0,-1,-1,-1,-1,0
29.278134,13,12,0,-5,0,-1,0,3,0
29.294856,-1,-9,-1,-2,-2,0,-2,-2,0
29.294863,17,9,-4,-2,5,-2,0,5,0
29.297939,-8,-8,4,1,-2,-1,-1,-4,0
29.297956,2,6,0,2,-1,0,1,1,0
29.314391,9,1,1,-2,-1,-1,-1,-1,0
29.314409,0,8,-1,1,0,-1,-1,-1,0
29.315652,-23,-25,-1,-2,-1,-2,-1,-3,0
29.315669,0,-3,-2,-2,-1,-2,-1,1,0
29.327672,9,4,-3,-2,0,-3,-1,-2,0
29.327689,-2,4,1,-4,-3,-1,0,0,0
29.337928,-4,2,1,1,0,-2,0,2,0
29.337939,33,8,0,1,-1,0,-1,0,0
29.351580,-42,-10,-2,-1,-1,-3,-1,-2,0
29.351597,-9,4,1,0,-4,0,-2,1,0
29.353965,4,-9,-5,-1,-1,0,1,1,0
29.353971,11,-16,2,-1,-1,1,-1,-1,0
29.374127,11,3,-2,-1,-1,0,-1,1,0
29.374151,12,-4,-1,2,-1,1,-1,-2,0
29.375673,-9,14,-1,-3,-1,-1,-3,-3,0
29.375696,-16,5,-1,0,-2,-2,-2,-2,0
29.397165,40,-4,2,1,1,-1,1,3,0
29.397194,-25,-5,-4,-3,-4,-2,-4,-7,0
29.398369,12,-1,-1,-1,-1,0,0,-1,0
29.398375,-4,3,-6,-1,-1,0,-1,0,0
29.411586,0,9,3,-1,-1,-1,0,0,0
29.411604,4,-11,-1,-2,0,-2,-1,-1,0
29.413175,12,-1,-3,1,-2,-1,0,-1,0
29.413190,-15,1,4,1,-1,1,0,1,0
29.434238,-6,-3,-3,-2,-4,-2,-2,-2,0
29.434262,-53,-5,1,-1,-1,-1,0,-3,0
29.435674,2,-3,1,-1,-1,-1,-1,-2,0
29.435691,14,3,-4,-3,0,0,-1,1,0
29.456764,20,6,1,0,-1,-2,-1,1,0
29.456790,5,-4,-2,-2,0,-1,0,-2,0
29.458290,-6,11,2,1,-1,0,0,0,0
29.458303,-1,-19,-3,-1,-2,-3,-1,1,0
29.471867,-6,2,1,-1,-1,0,-2,-4,0
29.471903,4,-2,1,0,-2,-1,-1,1,0
29.473287,6,6,-2,-1,-1,-1,-1,-1,0
29.473336,-10,4,-1,-2,-1,-2,0,-2,0
29.494525,-28,-9,-4,-1,0,-1,-3,-2,0
29.494575,14,3,1,0,-3,-1,2,0,0
29.496056,15,5,0,0,0,-2,-2,1,0
29.496083,-3,3,1,-1,-1,-1,-1,0,0
29.516707,8,1,-2,0,0,1,-2,-7,0
29.516738,24,6,-1,3,-1,0,0,2,0
29.519515,-28,-23,-5,-5,-2,-1,-3,-7,0
29.519532,-1,-3,1,0,-1,-1,-1,-2,0
29.531619,7,4,-2,-2,-1,-1,0,1,0
29.531647,18,17,0,-1,-2,-2,0,0,0
29.537762,-10,-14,-4,-1,-2,-1,-2,-1,0
29.537785,12,5,0,-2,-1,-1,-1,0,0
29.554092,0,-2,-1,-2,1,0,-2,-2,0
29.555677,-25,-4,-1,-2,0,-1,-1,0,0
29.555684,-8,-9,-6,-3,-2,-2,-2,-4,0
29.555686,-6,10,-1,0,0,-1,-1,-3,0
29.576718,-4,-21,1,0,-1,-1,1,2,0
29.576744,-3,-3,-1,-2,-1,-1,0,0,0
29.578302,-1,2,-1,0,1,-1,0,1,0
29.578393,7,9,1,-2,-2,-1,0,-3,0
29.590852,-6,6,2,-1,0,-1,-1,0,0
29.590866,34,4,0,1,0,-2,-2,1,0
29.597819,-26,-2,-5,-3,-1,0,-1,4,0
29.597838,-65,-19,-6,-3,-1,0,-3,-4,0
29.614394,-25,-4,-2,-1,-2,-3,-3,-4,0
29.614423,-4,4,0,-2,-1,-1,0,-1,0
29.615919,18,13,2,0,-2,0,0,1,0
29.615927,16,-14,-1,-2,-1,-1,1,2,0
29.636598,-4,0,-5,-2,0,-2,-2,-3,0
29.636615,-1,-3,-2,-1,-1,-1,-2,-3,0
29.638180,8,6,4,-2,-3,-1,-2,-3,0
29.638196,2,8,1,2,-1,-1,-2,-1,0
29.651947,10,-9,-3,-1,-2,1,0,1,0
29.651953,14,-1,0,0,-1,0,0,2,0
29.657756,13,-6,-1,0,-1,-2,0,-2,0
29.657780,-15,9,-3,-1,-1,-1,-1,-2,0
29.674147,9,-4,-2,-1,-1,0,-1,-3,0
29.674167,-15,-12,-1,-1,-3,-1,0,-2,0
29.675559,11,3,0,1,-1,1,-1,2,0
29.675583,20,4,3,-2,0,0,-3,-4,0
29.696893,6,16,0,3,-1,-1,0,3,0
29.696931,-13,-3,0,-3,1,0,2,1,0
29.699031,-12,-22,-5,-1,0,-2,-4,-7,0
29.699039,4,-1,-2,-3,-1,0,0,1,0
29.711004,12,2,-1,-1,-2,-2,-2,-2,0
29.711025,-3,3,1,0,1,-2,0,-1,0
29.717789,-12,-4,-2,-2,-2,-3,-2,-2,0
29.717804,6,-2,4,-3,-2,-1,-1,-1,0
29.734426,3,0,0,0,-1,0,0,2,0
29.734444,-2,4,0,0,-1,0,-2,-2,0
29.735732,7,7,1,1,0,-2,1,2,0
29.735750,37,8,-6,-1,-2,-1,-1,0,0
29.756706,-72,-34,-5,-2,-1,-1,0,2,0
29.756725,2,-4,-2,0,0,-2,-2,-5,0
29.758107,2,-4,1,-1,-1,1,0,-1,0
29.758122,4,2,1,1,0,-2,0,-2,0
29.771047,24,13,2,-2,-2,-1,0,-3,0
29.771075,-14,-19,-2,-1,-2,0,-3,3,0
29.777800,-10,0,-4,-4,-1,-2,-4,-4,0
29.777836,6,1,-2,6,2,-2,-2,1,0
29.794149,31,18,4,-1,0,0,1,3,0
29.794183,-64,-9,-4,-1,-2,-1,-2,-7,0
29.796224,13,2,2,0,0,-1,1,2,0
29.796233,-5,-12,-5,-2,-3,-2,-2,-3,0
29.816544,-1,-11,-4,-1,0,-2,-2,-1,0
29.816561,25,17,0,-2,-1,0,0,2,0
29.819586,-13,-7,-1,1,-1,0,0,-1,0
29.819595,-1,10,1,0,-1,0,0,-1,0
29.831214,9,-23,-5,-5,-1,-3,-2,-3,0
29.831230,14,9,1,1,0,-2,-1,0,0
29.837871,-5,4,-6,1,2,1,1,2,0
29.837887,-8,3,1,-2,-2,-1,0,-1,0
29.854221,27,9,1,0,-1,0,-1,1,0
29.854244,-19,-6,-2,-3,0,0,-2,-5,0
29.855574,-6,-1,-1,-3,-2,-2,0,0,0
29.855590,8,-7,-2,-1,-1,1,0,0,0
29.876704,-7,33,2,-1,0,0,0,-1,0
29.876732,12,-58,-6,-1,0,-2,0,2,0
29.878404,-6,1,1,-3,-1,-2,-1,-3,0
29.878416,-6,-3,-3,0,0,-3,0,-2,0
29.890302,-12,11,4,2,1,0,-1,-1,0
29.890320,2,13,1,0,-2,-2,-1,0,0
29.899367,32,1,0,-2,1,-1,0,2,0
29.899381,-13,-6,-1,-1,0,-1,-1,-2,0
29.915790,-20,-8,-2,-4,-1,-2,-2,-3,0
29.915798,16,18,4,1,-2,-1,-2,-4,0
29.915801,-2,-10,-4,0,-1,0,-1,3,0
29.915803,12,-9,-3,-2,-2,-2,-3,-4,0
29.936780,-19,-6,-5,-1,-1,-1,-1,-1,0
29.936803,-7,16,0,-4,-3,-1,-1,-5,0
29.938930,8,-8,1,1,-1,-1,-1,1,0
29.938940,5,1,-2,-2,-3,1,-3,-1,0
29.950193,-1,-7,1,0,0,-1,0,0,0
29.950236,7,5,0,1,0,-2,-1,1,0
29.961477,-11,21,1,-1,-3,0,-1,-1,0
29.961486,-9,-20,0,-2,0,0,-2,-1,0
29.974568,-11,-13,-2,-2,-1,-3,1,-1,0
29.974598,3,0,-3,-3,-1,-1,-1,0,0
29.977832,-9,2,3,1,0,-1,1,-3,0
29.977843,-22,1,-1,-1,-1,-1,-1,-1,0
29.997007,10,5,-1,0,-2,-1,-2,-2,0
29.997097,20,-3,0,2,-2,-1,0,0,0
29.998150,-69,-5,-2,-1,-3,-1,-2,-4,0
29.998168,27,19,0,-1,-2,0,-1,2,0
30.010499,7,-14,0,-3,-2,-1,-1,1,0
30.010529,-41,1,-4,-1,0,-2,-1,-3,0
30.020293,8,-9,-3,-3,0,-1,-1,-3,0
30.020303,0,6,1,0,-2,-3,-1,-2,0
30.034170,26,3,0,0,-1,0,1,3,0
30.034186,0,-1,-4,-3,0,-2,-2,-4,0
30.035548,4,16,1,1,0,0,0,0,0
30.035559,-10,-24,-2,-2,2,0,-1,1,0
30.056562,16,3,2,-1,-2,0,-1,-3,0
30.056571,0,1,-1,-1,-4,-2,-1,-1,0
30.058094,16,16,0,0,-1,0,-2,-2,0
30.058108,-20,-27,0,-2,0,-3,0,-3,0
32.081306,35,2,5,-6,61,110,81,-2,3
32.081636,-26,0,-1,-15,24,15,-12,-27,3
32.081638,15,-3,-4,-10,-21,-3,-10,17,3
32.081700,26,1,0,-9,-96,-22,-48,-5,3
32.095262,-16,8,-2,-57,67,120,120,-79,3
32.095285,9,1,4,54,-57,-43,12,55,3
32.103553,38,-6,-2,-13,24,29,15,-2,3
32.103579,-57,5,6,26,41,56,28,10,3
32.118416,-6,3,1,-35,-40,32,-17,-26,3
32.118468,7,-2,-4,-32,86,127,-4,-23,3
32.119046,-14,1,3,10,23,50,34,-67,3
32.119080,11,1,0,7,-8,84,-11,32,3
32.140918,-28,-3,-3,6,54,-64,2,36,3
32.140940,-2,5,4,-4,66,46,67,-13,3
32.143794,17,0,1,0,11,34,25,36,3
32.143807,-4,1,1,-19,38,60,69,-35,3
32.155163,2,-2,1,20,-11,15,63,51,3
32.155181,14,7,5,17,21,-68,16,22,3
32.163910,-11,-4,-1,-3,-25,-27,-6,-3,3
32.163951,-5,-4,-2,-4,108,-19,19,100,3
32.178362,-5,-2,0,22,-95,-8,-29,-45,3
32.178379,-3,-3,-2,13,34,-25,-22,-4,3
32.180234,18,4,0,-18,16,-7,4,-4,3
32.180253,-3,-2,-1,9,-49,-47,-6,-19,3
32.200961,5,-5,-3,-22,-111,-49,-19,31,3
32.200976,8,-3,-9,-59,-70,77,17,-11,3
32.201595,-18,-1,2,29,78,27,-83,4,3
32.201698,20,3,4,22,47,27,-8,1,3
32.224512,-8,3,2,23,12,-32,-11,-22,3
32.226733,11,-4,-3,-24,-28,-39,-9,-45,3
32.226744,-42,-6,-2,15,-105,73,4,-14,3
32.226746,12,4,1,-1,-93,-5,10,-7,3
32.238399,-9,-4,-4,0,-17,-28,1,102,3
32.238422,-48,-6,-4,7,-59,-23,-20,-29,3
32.239230,16,4,-3,-13,-50,-72,-25,50,3
32.239234,19,-3,0,13,98,42,9,-74,3
32.262147,-6,-1,-8,-14,-2,-24,-8,63,3
32.262160,0,-2,4,22,55,-3,10,-12,3
32.262164,5,0,3,8,-70,21,56,34,3
32.262167,-2,-7,1,27,2,20,-65,-56,3
32.284174,6,6,4,52,2,-29,16,-27,3
32.284194,-11,0,0,-32,57,-11,-61,20,3
32.286470,32,5,1,-19,16,-65,16,25,3
32.286476,-25,-6,-4,-9,-29,15,32,-46,3
32.298408,22,-3,-1,-4,-21,41,-33,15,3
32.298427,-6,-4,-3,9,-37,-96,-33,-31,3
32.299838,11,-3,-7,9,30,127,6,23,3
32.299844,-28,0,-3,-11,23,-29,-36,-16,3
32.323100,-39,-8,-4,-8,49,-30,26,15,3
32.323104,10,4,1,-24,-91,10,-6,24,3
32.323106,-30,-7,-7,-10,120,-128,-53,-15,3
32.323108,18,5,-2,-11,21,96,42,88,3
32.344269,10,-7,-6,-4,15,33,-47,-58,3
32.344296,-5,-3,-1,-8,-5,-56,-23,-1,3
32.345528,11,1,1,39,39,60,20,-6,3
32.345534,-14,0,-2,-18,-43,-64,-13,-34,3
32.358537,9,-2,-2,-9,-38,22,6,10,3
32.361128,19,-1,-3,22,8,127,-2,18,3
32.361136,3,-4,-1,-44,-33,-20,-35,-67,3
32.361137,2,-3,-1,19,-39,-9,5,14,3
32.381141,8,0,-4,7,31,-41,83,-2,3
32.381168,9,-4,-4,10,-51,-21,-22,-8,3
32.383109,-44,-3,-1,2,49,45,65,-8,3
32.383119,-5,1,-1,3,7,-29,33,23,3
32.404370,-4,-3,-4,-20,-101,-122,-26,-23,3
32.404418,-14,3,3,-13,35,94,-10,24,3
32.404904,4,-1,1,12,28,80,-14,-27,3
32.404942,9,7,0,-20,-20,2,26,44,3
32.418370,-1,-2,4,7,-56,113,-39,-11,3
32.418419,10,-6,-6,5,55,0,35,-43,3
32.419080,32,1,-1,-20,-97,7,59,91,3
32.419124,17,5,0,7,69,29,34,59,3
32.441179,9,7,3,-12,-48,15,-24,-27,3
32.441208,-73,0,5,8,-83,-19,-4,74,3
32.443853,20,2,-2,-14,17,-30,-3,48,3
32.443859,-39,-5,-1,20,39,-3,-27,-53,3
32.464486,23,2,3,28,-70,-4,14,11,3
32.464530,12,-2,-1,19,-50,8,29,-27,3
32.464946,-14,0,-6,-48,38,7,-42,-47,3
32.464962,4,0,3,0,46,10,-2,49,3
32.479701,10,2,1,-6,22,-42,2,5,3
32.479709,9,2,1,13,-20,5,35,-10,3
32.479711,24,3,-2,-1,-77,-44,-3,-55,3
32.479713,-3,-15,-7,-11,15,-71,-48,-14,3
32.500904,-43,-1,1,-2,25,36,20,1,3
32.500923,16,0,-3,-33,106,23,2,4,3
32.501987,-15,-5,0,16,-88,-76,37,-18,3
32.501993,11,-5,-4,-2,-52,33,-12,35,3
32.524095,15,2,-1,-4,53,35,1,-4,3
32.524111,-6,2,0,-25,-51,-4,-18,3,3
32.525947,-9,-7,-2,-3,9,-34,-6,-18,3
32.525963,7,2,1,4,61,79,-19,-5,3
32.539033,-1,-4,2,-3,-8,23,42,6,3
32.539071,20,-2,-8,-7,-54,93,-62,5,3
32.541311,1,-10,-5,-2,-28,-17,7,-41,3
32.541316,-28,-1,1,-1,-4,-80,8,-90,3
32.560992,13,1,0,-4,-16,68,49,43,3
32.561009,9,3,0,3,-22,-83,-57,-47,3
32.561637,-23,2,2,-5,11,-40,-23,5,3
32.561661,-12,-4,-1,3,-27,44,3,14,3
32.584200,-16,2,-6,-82,-58,-50,36,-83,3
32.584222,30,-3,-1,39,55,89,11,-3,3
32.585562,-23,2,5,-12,-31,-73,-3,26,3
32.585719,3,2,4,19,-25,42,-10,18,3
32.598489,17,0,-5,-24,-65,-13,-57,-13,3
32.598507,0,2,2,18,67,50,27,59,3
32.599549,29,3,1,4,27,58,-30,-31,3
32.599553,-12,-3,-5,-12,-117,2,0,-52,3
32.621131,-13,-1,-1,31,106,-18,-21,78,3
32.621136,20,1,-2,-15,-23,-48,-36,-62,3
32.621543,-44,-5,-1,39,-68,24,36,7,3
32.621551,-11,-5,-4,-13,-28,-66,-7,7,3
32.644102,-24,0,1,23,52,115,-29,-46,3
32.644119,-19,-2,0,-7,-10,-109,53,7,3
32.646397,20,4,0,-11,44,47,29,65,3
32.646424,2,5,3,3,-2,-14,21,-43,3
32.658541,-8,0,1,10,7,-70,-29,-3,3
32.658564,40,1,1,-10,87,38,37,8,3
32.661057,13,1,2,25,11,127,-71,-24,3
32.661068,-80,-6,-4,-34,-8,10,59,30,3
32.683001,42,4,1,17,7,-65,-16,4,3
32.683008,-21,-4,-1,9,-32,-97,-3,-21,3
32.683009,24,-3,-5,-34,-37,-44,-14,46,3
32.683011,-11,-4,-4,-7,88,-51,-8,-5,3
32.704225,11,0,2,20,-4,57,-21,12,3
32.704248,-53,-11,-9,-17,-43,-25,7,-17,3
32.705752,22,-2,0,-5,14,20,3,16,3
32.705756,-3,2,-2,-5,-59,-79,-11,17,3
32.718360,6,1,-1,-4,-45,-55,46,-50,3
32.718382,15,-2,-2,-3,-87,-43,-61,15,3
32.720450,-20,1,0,25,-6,0,11,-13,3
32.720458,28,5,0,2,-37,-1,-15,17,3
32.741050,27,-1,0,14,-22,21,12,52,3
32.741073,-14,0,-2,-4,-69,-68,7,20,3
32.743100,-18,-3,2,-3,30,-30,-9,26,3
32.743114,58,1,-1,-7,0,77,-5,2,3
32.764372,-51,-4,1,6,25,-48,4,6,3
32.764391,13,5,5,15,6,-5,29,-3,3
32.764896,4,2,-3,-55,13,-31,-16,74,3
32.764961,-9,-2,-1,29,22,-13,-16,-38,3
32.778458,-5,-6,-3,2,8,85,26,50,3
32.778481,10,0,1,-14,-47,33,4,-9,3
32.779224,7,3,0,9,74,76,42,-20,3
32.779255,32,1,-3,-15,77,31,28,12,3
32.801217,-15,-3,-1,28,-18,-32,-33,-16,3
32.801234,-33,0,0,-6,-38,-6,-20,1,3
32.802306,4,3,-4,0,1,-28,10,-107,3
32.802310,4,-1,0,-13,-61,-17,-16,31,3
32.824311,-8,-5,-3,-2,9,-55,22,9,3
32.824330,-13,-1,0,-3,28,54,-45,1,3
32.824904,24,3,2,17,24,-65,-14,-16,3
32.824918,35,-4,-1,10,-7,28,5,66,3
32.837647,-24,-1,2,20,-19,-9,-19,-60,3
32.837667,12,-5,-4,6,-34,-2,7,36,3
32.846204,1,0,-2,-2,-10,37,4,-16,3
32.846236,-11,3,1,-15,3,73,-12,-2,3
32.861146,-11,-3,2,-23,-27,-37,1,8,3
32.861170,1,1,-2,-11,61,-35,-1,23,3
32.863525,12,-3,-4,1,-76,-70,-41,8,3
32.863536,23,-1,2,13,1,-22,45,109,3
32.884007,1,1,-4,-15,-8,-39,-28,-91,3
32.884019,15,-1,-2,9,55,-17,10,6,3
32.884747,-7,-4,-4,-20,49,-3,30,-1,3
32.884766,-33,0,4,15,-12,-10,-9,-21,3
32.898971,-5,-5,-7,-10,11,18,16,9,3
32.898978,15,0,-1,-1,-22,19,-2,26,3
32.906275,-11,-1,1,3,1,86,34,-5,3
32.906305,0,0,-2,-5,-21,10,-3,-27,3
32.920905,18,-4,-1,6,45,88,1,-18,3
32.922499,-8,0,1,-1,-27,34,19,-20,3
32.922505,-23,0,2,19,4,-19,-14,-4,3
32.922508,-21,-6,-8,2,79,7,8,-64,3
32.945006,11,3,2,-15,-2,-13,0,52,3
32.945012,-1,-1,-3,8,113,41,-10,14,3
32.945014,8,-2,3,-16,-43,-41,-4,6,3
32.945016,-14,0,-1,27,-95,2,-13,1,3
32.957976,-45,-6,-7,11,-2,-43,-50,-74,3
32.958000,-3,-4,-2,7,-19,-33,15,-8,3
32.966058,-12,-6,0,-16,41,2,9,24,3
32.966075,4,4,2,14,8,-10,-49,-12,3
32.981202,58,3,-1,0,-23,-1,21,88,3
32.981267,-79,-3,2,5,-8,13,4,-77,3
32.981806,37,-6,-10,-11,-86,30,-16,31,3
32.981830,-19,-2,-4,-36,41,-56,-7,7,3
33.005058,20,4,7,59,27,24,-4,3,3
33.005080,20,6,0,5,3,2,18,-21,3
33.005084,-36,-8,-1,10,-11,51,8,31,3
33.007448,-8,-12,-5,-9,-39,-17,-24,9,3
33.017858,-7,0,-3,5,-12,121,12,-44,3
33.017879,18,-3,-5,-8,18,10,25,10,3
33.026299,-62,0,1,14,-13,-22,-16,-14,3
33.026327,32,5,1,-18,-13,2,16,5,3
33.040791,-37,-5,-4,-26,-11,-47,2,18,3
33.040802,21,1,2,-7,-17,-53,-3,8,3
33.041577,24,6,4,68,36,-13,-9,14,3
33.041645,-22,-6,-3,-15,-15,-35,14,-82,3
33.064197,-3,-1,-1,-24,-57,-61,17,14,3
33.064216,3,-1,2,9,85,35,-17,8,3
33.065337,6,2,-1,-3,21,-58,7,-25,3
33.065342,-16,-7,-3,0,-87,31,8,63,3
33.077781,13,8,6,-10,-10,81,42,-52,3
33.077803,33,-4,-2,-16,-15,-19,2,35,3
33.085941,-48,-5,-2,-1,-38,-17,-8,-6,3
33.086042,29,-1,-4,8,-1,13,-3,7,3
33.102312,-10,-1,-1,-10,13,-2,0,-37,3
33.102319,-5,-1,-3,-24,-39,-28,8,11,3
33.102321,45,2,0,-2,-2,14,-8,-10,3
33.102322,-12,0,1,11,22,-8,-4,-13,3
33.124105,-1,3,-2,-7,7,-11,-9,15,3
33.124128,-63,-7,-9,-15,-6,-29,33,-60,3
33.125196,-19,-5,2,-11,-5,66,-5,-31,3
33.125200,35,5,3,26,-48,19,14,0,3
33.138181,3,-4,0,20,26,-52,-23,79,3
33.138214,23,1,-1,6,-47,2,23,21,3
33.146340,2,0,-3,-4,11,72,7,47,3
33.146412,-13,-9,-6,-16,-6,56,36,-11,3
33.160943,16,0,0,-18,10,-6,-13,77,3
33.160964,-2,2,0,8,-26,-13,-19,-3,3
33.163197,3,0,0,33,-17,-33,-3,-82,3
33.163216,7,4,2,-22,67,-12,-6,31,3
33.184072,28,-3,-3,8,2,-2,23,8,3
33.184089,8,0,0,-11,18,-53,17,66,3
33.184800,-8,1,1,2,-19,11,21,-24,3
33.184837,13,3,2,12,56,-7,5,-6,3
33.206514,7,-3,1,16,79,23,-8,6,3
33.206536,12,0,-1,-13,41,69,23,-19,3
33.207321,-11,1,3,-13,20,51,4,11,3
33.207324,3,0,-3,10,-61,-27,7,-80,3
33.221257,-7,6,6,0,17,-40,10,10,3
33.222595,-24,-2,-2,-4,-43,13,-83,9,3
33.222600,32,3,-3,-25,13,15,-5,23,3
33.222602,-17,-3,0,-13,2,-18,-68,-12,3
33.244218,36,3,0,-16,-46,13,8,9,3
33.244240,-81,-7,-1,15,-26,21,-15,-55,3
33.245268,-32,-4,-1,-6,-18,-52,-11,7,3
33.245276,-3,0,0,-5,-11,-9,-14,9,3
33.266600,-5,-3,-5,-14,-10,21,5,-15,3
33.266617,52,4,0,-5,-71,-16,-11,7,3
33.268303,1,-6,-3,4,23,-34,18,0,3
33.268309,19,-1,-2,-1,25,47,23,-17,3
33.280993,-15,-1,-4,-2,-74,-14,4,77,3
33.281011,11,2,2,8,17,32,-43,-10,3
33.282035,-3,-2,-4,-15,-41,-7,10,6,3
33.282040,12,0,-2,-15,63,-4,18,46,3
33.305593,-22,-2,1,22,-30,-13,-37,-55,3
33.305601,-16,1,4,9,3,-7,-12,-18,3
33.305603,20,-3,-3,-11,4,-37,12,31,3
33.305604,-14,2,0,-11,-21,-11,-19,-13,3
33.326896,-10,-3,-4,-14,-3,-12,19,-125,3
33.326919,-12,-3,-4,-4,-10,9,1,42,3
33.329251,-31,0,0,27,-18,-23,-26,-68,3
33.329263,6,1,3,2,-34,-22,2,-8,3
33.341431,-10,-3,-2,3,76,0,2,-12,3
33.341460,13,4,1,-35,-18,-9,21,3,3
33.343885,40,1,-4,-4,-51,-6,-13,7,3
33.343893,-21,-2,0,15,7,20,8,11,3
33.364259,7,-1,-2,-10,-13,-23,-39,-14,3
33.364278,25,-5,-5,14,19,-16,39,60,3
33.366290,-19,-4,-4,-17,10,16,-61,-9,3
33.366295,-36,-3,0,1,-15,-32,4,23,3
33.386707,4,2,2,-5,-27,23,-11,-15,3
33.386734,-1,0,2,16,64,-89,30,-5,3
33.387594,34,3,0,-37,40,62,23,15,3
33.387614,6,-1,0,2,17,28,22,-5,3
33.400865,-7,-2,-3,-7,-30,6,-8,46,3
33.400882,-15,-2,1,20,5,21,8,47,3
33.401515,23,0,-2,-13,12,-54,-4,34,3
33.401525,1,1,-1,-6,4,-17,11,-20,3
33.424647,0,1,3,-5,6,14,-16,14,3
33.424679,11,-1,-2,4,79,-11,1,-30,3
33.426609,-3,2,1,18,16,-16,0,-9,3
33.426615,-8,-5,-2,-15,-30,-1,4,17,3
33.446602,31,4,1,15,1,-91,21,22,3
33.446633,-26,-9,-4,6,-17,46,-31,-46,3
33.447613,9,-3,-4,-9,1,4,-16,28,3
33.447646,-4,1,-1,8,16,70,-4,-12,3
33.461934,-13,-1,-4,-11,-7,-66,-6,-23,3
33.461943,15,5,3,-16,-43,23,-13,9,3
33.461945,-1,0,2,11,10,-57,-31,-56,3
33.461947,-10,-6,1,-6,-13,-17,-14,-44,3
33.484182,3,-3,-4,3,-11,46,7,33,3
33.484199,24,6,2,25,-1,20,9,-85,3
33.484821,-24,-9,-2,5,-19,-5,-16,9,3
33.484836,6,1,-1,-4,2,-37,-10,40,3
33.507999,-13,-2,0,56,15,40,3,-3,3
33.508007,7,-4,-3,-10,-14,-28,-5,25,3
33.508009,23,2,-3,0,34,64,31,-32,3
33.508010,-7,-2,0,12,-45,-4,-63,-32,3
33.522880,-14,-5,-1,-17,-27,-9,17,2,3
33.522885,-10,-3,-6,-21,-31,57,-14,-22,3
33.522887,-5,1,-1,-4,-7,69,-3,50,3
33.522889,-12,4,-2,-12,-18,-12,28,-1,3
33.544213,0,-6,-6,-33,7,72,-4,-20,3
33.544236,2,-4,-4,-4,-26,9,13,0,3
33.546010,-62,-16,-2,9,-16,-22,12,-57,3
33.546019,19,-5,-1,21,30,6,-22,-20,3
33.566572,12,1,-6,-27,-3,-45,-15,-6,3
33.566595,3,4,2,25,-58,-33,-21,13,3
33.568642,-14,4,2,-5,-104,-11,9,21,3
33.568652,-25,-1,0,-8,46,-8,12,15,3
33.580979,16,-5,-3,1,-8,3,17,-10,3
33.580997,-9,0,1,-8,-8,2,23,-48,3
33.583001,20,7,1,-4,-11,-87,-21,19,3
33.583058,2,-2,-2,4,-43,-11,33,55,3
33.604074,-17,1,-1,-26,-3,9,-3,-53,3
33.604090,5,1,0,10,25,-22,30,55,3
33.605296,17,1,-2,24,10,69,10,37,3
33.605301,17,1,1,0,10,54,8,1,3
33.626664,9,3,2,5,8,11,-7,32,3
33.626687,-31,-3,-1,-13,-10,-18,14,13,3
33.628641,-18,-7,-1,-3,80,16,12,-69,3
33.628649,7,2,0,-23,78,-15,-22,35,3
33.640811,44,8,4,43,-25,12,17,51,3
33.640828,-17,1,1,5,11,15,-6,-12,3
33.642503,45,6,-1,-19,7,-18,-3,107,3
33.642528,6,-1,0,5,-30,-8,-8,-45,3
33.664498,-58,-7,-2,-17,-12,1,-6,7,3
33.664527,33,2,2,5,24,65,-7,-81,3
33.664813,-14,-1,-2,-16,13,-25,-1,-17,3
33.664820,25,-1,-3,-1,-24,5,15,43,3
33.686865,-1,5,0,-2,-24,-40,-16,-10,3
33.686895,-26,-14,-5,-6,-1,9,5,39,3
33.688914,6,4,1,-3,-3,-33,-8,-22,3
33.688921,-16,-2,0,7,-17,-47,-9,-92,3
33.700855,-6,-2,-2,-24,-19,-15,10,31,3
33.700877,18,-4,-2,0,97,9,23,-12,3
33.703336,-12,3,2,12,-3,19,-22,-16,3
33.703342,3,-2,-3,-7,-19,-65,25,13,3
33.726876,2,-3,0,4,80,35,22,-14,3
33.726889,13,8,0,-24,-71,-18,-44,27,3
33.726891,-4,-3,-3,19,-9,-15,-1,0,3
33.726893,-19,-4,-3,-11,-15,-23,-45,-11,3
33.747056,23,-1,2,-8,-2,51,-5,36,3
33.747109,-77,-7,-2,-4,-11,14,-6,-2,3
33.748597,18,-2,-1,-7,16,-38,6,-15,3
33.748605,-3,2,3,8,-5,17,-8,35,3
33.760600,-6,0,-1,-1,-19,-54,-26,-44,3
33.760660,31,-3,-3,6,-39,-14,-7,45,3
33.768466,-12,-2,-4,-7,39,116,17,-14,3
33.768488,6,3,-2,3,9,3,12,-2,3
33.784228,31,-3,-3,4,-11,67,-22,18,3
33.784253,-17,1,-1,-2,-45,-8,15,-14,3
33.785245,-18,-8,-3,-16,-37,-7,-7,39,3
33.785249,-12,-2,-6,-8,-52,-2,25,-51,3
33.806564,25,-2,1,44,79,47,-13,6,3
33.806588,-22,0,0,4,7,-34,-63,8,3
33.807327,6,-2,1,-2,-29,-7,11,0,3
33.807398,21,2,5,47,-13,53,-15,19,3
33.820329,-21,-3,-2,-10,-55,-62,20,-10,3
33.820351,28,0,0,-5,26,2,13,30,3
33.828648,3,4,6,8,67,7,-5,-14,3
33.828710,12,0,-3,-14,12,-14,-15,85,3
33.844206,-4,0,0,-27,16,-53,21,23,3
33.844231,27,3,1,13,23,73,6,-3,3
33.846492,-12,-3,-4,-13,-32,-10,5,-14,3
33.846501,0,-2,1,-1,58,-43,-6,18,3
33.866568,-34,-2,-1,-5,-55,75,-2,-29,3
33.866584,34,4,1,4,11,-34,16,44,3
33.867372,3,0,2,8,-15,-21,7,36,3
33.867396,-5,3,0,-9,5,38,0,-88,3
33.880502,-14,-6,-4,-7,-35,-37,-57,-51,3
33.880535,-44,-2,1,-22,6,21,-2,6,3
33.888396,2,-1,-3,-24,-35,32,25,-43,3
33.888417,-12,-2,-2,4,-101,-42,-24,6,3
33.904123,4,-1,-2,1,37,-56,-22,-5,3
33.904142,11,-2,-2,-1,-27,-11,9,-8,3
33.905095,-4,0,-3,-40,-24,-46,-4,36,3
33.905100,13,-7,-9,-15,5,25,-9,-55,3
33.927628,-28,0,2,23,55,85,7,-6,3
33.927634,36,0,0,3,0,-3,22,-4,3
33.927636,-36,-2,1,32,-30,34,-16,-1,3
33.927638,2,-2,0,-6,49,53,26,7,3
33.940405,-17,-3,-2,-13,-17,26,-4,2,3
33.940428,2,-1,-2,7,45,-15,1,29,3
33.948100,39,3,2,6,-2,55,35,36,3
33.948117,18,-3,-5,-20,-55,-14,-4,-17,3
33.964222,-32,1,1,14,-13,51,18,-17,3
33.964240,-21,0,0,-11,-44,33,10,31,3
33.965284,24,-8,-6,6,-2,-10,-18,-54,3
33.965289,-29,-8,-3,9,-8,1,-46,10,3
33.986793,22,0,0,-22,-7,-30,21,35,3
33.986816,1,-2,-4,-8,4,7,33,-52,3
33.988822,-7,0,-1,3,-27,-19,-51,-23,3
33.988831,-4,1,0,-7,29,8,20,47,3
34.000196,8,-3,-5,6,-9,-43,-2,34,3
34.000213,-19,-2,4,9,-66,-35,-2,-35,3
34.011026,1,4,4,15,62,73,74,67,3
34.011033,30,1,-4,-6,-36,-41,5,42,3
34.024285,-12,-1,-1,-3,-40,-18,8,2,3
34.024306,11,-4,-4,1,-50,-51,-23,-18,3
34.025681,-17,-3,-1,-3,-2,-14,-7,6,3
34.025857,4,2,1,3,6,3,12,37,3
34.046934,-3,-3,-1,1,19,-31,6,88,3
34.046956,4,3,1,-5,5,29,-22,-46,3
34.048274,-5,1,0,-19,2,38,9,-1,3
34.048285,-11,4,3,16,61,21,10,3,3
34.060347,34,6,5,-2,-23,-24,-10,-4,3
34.060367,-22,-6,-3,38,113,-1,-49,-49,3
34.071352,-69,-7,0,-12,-5,-53,-35,5,3
34.071357,-1,-3,-3,-16,-35,106,4,42,3
34.084022,27,1,0,-3,17,27,24,16,3
34.084033,-1,3,1,-5,3,63,13,-43,3
34.085538,14,3,1,1,12,-1,1,15,3
34.085595,-26,-2,0,11,-14,-5,4,-45,3
34.106765,8,-2,-3,-7,-52,0,-17,34,3
34.106788,-4,-1,-1,-2,32,74,5,-15,3
34.108370,14,2,-2,-4,-58,-69,-1,10,3
34.108374,-8,3,4,-2,-8,20,4,7,3
34.130579,16,2,0,20,19,56,49,-47,3
34.130586,-15,-1,-2,-2,36,-32,21,48,3
34.130760,10,2,-2,13,-18,-18,-14,-72,3
34.130848,14,0,0,-39,41,-38,-9,-21,3
34.144165,-11,-9,-5,42,29,-2,-18,-7,3
34.144200,8,-2,-4,5,-6,-30,-4,35,3
34.145877,-32,-4,-2,10,18,79,4,-1,3
34.145883,19,2,-2,2,-54,-31,5,21,3
34.166527,4,2,-1,-22,-26,-80,-14,-1,3
34.166544,-14,-1,-1,-15,-22,-11,-44,-44,3
34.168662,33,2,-3,-1,-63,-26,-7,-29,3
34.168667,-27,-3,1,1,-27,13,-8,13,3
34.189010,22,4,-1,-11,32,81,45,-6,3
34.189032,-41,-15,-5,2,-14,-45,-14,26,3
34.190480,6,-2,-3,-17,1,-65,0,-2,3
34.190488,3,-2,0,11,-4,-28,8,3,3
34.204139,-13,2,-1,-15,22,-18,-39,-18,3
34.205041,40,2,3,17,-55,-9,25,45,3
34.205578,-14,-4,-2,5,23,24,1,-61,3
34.205587,-12,2,0,6,-38,-16,-12,-29,3
34.227872,-18,1,0,-13,-69,13,15,-17,3
34.227884,41,3,4,10,-58,-51,12,19,3
34.228188,-24,-5,-1,-2,12,-117,-22,-15,3
34.228201,5,-1,1,14,45,98,5,21,3
34.249026,-29,0,1,4,-27,-42,-23,-125,3
34.249044,7,2,-6,-32,23,36,16,73,3
34.250566,-1,-2,-2,6,-3,3,-11,14,3
34.250581,-28,-4,-4,-5,88,-110,-9,9,3
34.263815,-8,-3,-4,-9,2,25,0,31,3
34.263855,6,2,-1,-11,37,15,15,6,3
34.271894,13,-2,-2,32,-8,-33,31,2,3
34.271901,15,-4,-3,-2,49,10,-52,-3,3
34.286897,-29,-11,-3,-19,23,-7,-15,-73,3
34.286905,-16,-2,-1,-3,9,-27,-4,6,3
34.288033,17,3,1,4,-21,27,8,-35,3
34.288049,-8,-1,-1,3,-25,-52,-4,-21,3
34.316676,13,-1,-1,7,12,0,3,49,3
34.316693,4,-2,-4,-10,-28,-1,-6,-8,3
34.318341,-5,0,0,-7,14,15,-11,33,3
34.318346,6,-4,-2,1,-8,3,20,52,3
34.323736,7,0,1,-1,7,55,-26,6,3
34.323769,-48,1,1,5,-6,-35,-13,-40,3
34.330668,65,-4,-4,-10,6,101,24,44,3
34.330700,-59,-4,0,5,-8,-20,7,-41,3
34.354554,14,-1,-1,5,-25,46,24,-16,3
34.354578,26,1,1,1,-1,-5,16,69,3
34.356195,-20,-2,-4,-7,-77,3,-14,68,3
34.356200,33,5,1,-23,35,11,2,-71,3
34.369399,-12,0,-1,13,2,-13,-46,-2,3
34.369423,-10,1,2,11,30,-51,7,-16,3
34.370829,11,6,4,1,18,2,-25,71,3
34.370848,2,-4,-6,-12,34,33,-34,-86,3
34.383365,-35,-4,-4,-3,118,62,13,-69,3
34.383376,-18,-6,-3,12,45,32,-43,-39,3
34.390363,8,-4,-1,-15,-61,1,13,38,3
34.390388,8,3,-5,0,-2,95,16,44,3
34.406881,19,11,12,-2,-92,-74,-18,28,3
34.406903,9,4,2,0,45,23,3,55,3
34.408443,-15,6,0,0,7,-15,-8,-50,3
34.408447,-63,-10,-2,5,-64,31,-2,-3,3
34.429955,4,-6,-4,2,-14,-30,17,-46,3
34.429964,32,1,-3,-6,-128,63,12,19,3
34.430850,-24,0,0,-5,40,-35,-16,-44,3
34.430869,42,-3,1,14,6,18,18,86,3
34.444740,-9,-3,-6,-12,-58,-35,-5,-26,3
34.444748,-3,-5,-1,-8,-26,1,5,-42,3
34.450281,-2,-1,-1,12,106,-54,0,-25,3
34.450299,11,3,2,-19,-74,-38,-8,-8,3
34.466550,6,-2,-1,13,87,20,23,68,3
34.466568,-26,1,-2,-13,0,26,-6,-36,3
34.468080,-13,-3,0,20,-19,-19,13,10,3
34.468092,1,2,3,0,-63,-111,22,8,3
34.489400,27,5,3,8,21,87,37,116,3
34.489435,9,0,-3,0,-7,-7,-5,-32,3
34.491676,9,5,4,-15,-14,32,11,-37,3
34.491685,10,-3,-2,2,-1,81,6,22,3
34.503621,-9,-2,-1,-3,-16,-59,-35,51,3
34.503692,-8,-5,-3,-2,-11,-69,1,-65,3
34.510441,4,-9,-7,-8,-51,42,6,-56,3
34.510464,4,0,1,6,-24,-33,-12,-3,3
34.526646,-2,-4,-3,-9,-24,-35,-19,-11,3
34.526669,15,-2,0,0,15,14,-1,8,3
34.528162,-19,-4,-3,-15,-16,-33,-19,49,3
34.528183,20,0,2,2,18,26,35,44,3
34.549104,-20,-1,-1,-3,13,3,12,-74,3
34.549127,-7,-5,-4,0,-1,0,3,38,3
34.550580,1,2,4,-12,4,70,22,19,3
34.550591,8,1,-2,3,-6,-9,10,-10,3
34.563810,-53,-5,-3,-3,8,2,46,12,3
34.563834,-3,-1,4,34,-10,-26,-36,-10,3
34.570417,25,-1,-2,-9,-11,-7,-9,-13,3
34.570442,-3,0,-3,-4,1,-60,-14,11,3
34.586492,-5,0,1,-12,-12,35,5,-45,3
34.586507,11,-7,-4,11,-13,-56,-8,0,3
34.588019,-32,2,-2,2,-37,78,27,-17,3
34.588090,16,2,4,7,-84,-23,-49,-10,3
34.609729,46,2,-2,11,15,20,13,27,3
34.609778,-27,-4,-3,-9,-13,-3,-3,10,3
34.611984,4,-3,-1,7,34,-5,-6,84,3
34.612020,6,-1,-3,-1,-3,-7,10,4,3
34.622729,-3,-5,-3,-11,-24,-21,-27,4,3
34.622751,-1,4,3,-6,30,20,15,82,3
34.631651,-6,-2,2,12,18,-37,-25,-62,3
34.631701,6,4,-3,-4,65,-19,-19,-105,3
34.648440,11,3,4,2,-28,-33,-19,107,3
34.648445,-3,2,-5,-38,-46,2,20,-31,3
34.648448,28,-6,-8,17,66,-54,-62,27,3
34.648450,-32,-7,0,23,45,56,-27,-21,3
34.669364,-31,1,-3,-2,2,3,-12,-61,3
34.669387,17,-13,-8,-4,-29,-7,-4,-40,3
34.671093,7,12,14,-14,-14,80,46,52,3
34.671098,-8,8,7,-3,7,-2,-2,-13,3
34.682686,22,0,-5,-7,19,-21,-1,4,3
34.682702,6,0,-1,1,-19,-18,-20,4,3
34.694740,-22,-8,-6,4,-4,14,30,-25,3
34.694748,3,-11,-7,0,-36,10,17,85,3
34.706820,-1,0,-1,-6,45,-8,12,-47,3
34.706845,20,-2,-3,-13,-22,-44,26,109,3
34.710427,-16,-8,-9,-6,-48,37,-24,-75,3
34.710441,20,2,-1,5,73,-48,11,66,3
34.729615,28,-1,0,3,-67,74,-2,46,3
34.729651,-65,-5,-3,-13,-41,34,-17,-17,3
34.730972,17,2,-1,-2,35,-35,-1,-13,3
34.730977,4,1,-1,-2,-12,8,9,-29,3
34.742683,9,1,-2,-14,17,-30,37,-13,3
34.742703,19,5,3,30,-41,57,-37,-9,3
34.752943,-28,3,6,-2,-3,-90,8,51,3
34.752950,12,-6,-8,-13,-41,34,-1,-51,3
34.766735,1,0,4,-16,-36,-8,9,-18,3
34.766757,-32,-1,2,-8,10,8,1,39,3
34.768103,4,-4,-5,6,-13,-22,-6,-25,3
34.768115,-17,-5,-6,-1,-3,40,-2,65,3
34.789216,0,1,0,3,0,-48,-30,-20,3
34.789232,-13,2,1,-1,111,56,3,-37,3
34.790546,25,-8,-5,-14,-33,6,-25,-23,3
34.790582,-69,-1,4,1,-38,-89,19,-10,3
34.802848,8,3,4,13,9,39,5,18,3
34.802855,18,4,-1,-5,-15,8,16,-28,3
34.813477,-1,0,-1,9,5,-9,13,67,3
34.813490,17,3,2,-7,-18,13,-5,-27,3
34.826639,-11,-4,-3,5,-45,-25,0,-57,3
34.826663,22,0,-1,3,15,-32,11,12,3
34.828429,20,6,3,0,0,-9,12,5,3
34.828438,-11,-6,-6,-7,-3,4,11,13,3
34.849998,-24,-4,-7,-8,-52,-30,-4,50,3
34.850002,9,2,4,-12,121,71,-4,7,3
34.850604,42,1,0,43,-26,-57,-17,28,3
34.850614,-63,-8,-1,-2,-10,-16,-8,-24,3
34.862835,-15,-2,-1,2,-33,19,0,79,3
34.862870,-17,-6,-3,5,60,-64,15,-73,3
34.873799,-7,3,1,-13,-6,8,5,18,3
34.873803,43,5,2,-5,59,58,-7,-24,3
34.886752,-5,-1,0,16,-17,59,-5,-32,3
34.886768,4,-3,-5,-6,-126,-53,26,39,3
34.889049,-10,-3,-2,1,31,-7,-31,-38,3
34.889054,-2,-2,1,0,30,24,2,-3,3
34.909610,-14,-3,-2,-12,11,-35,-18,-41,3
34.909638,23,1,1,13,-43,69,9,75,3
34.911391,-45,-10,-7,-23,-22,29,5,-29,3
34.911396,-12,2,-1,-3,-10,-28,37,-42,3
34.922671,24,-3,-3,-7,-2,-21,-19,36,3
34.922687,29,6,3,6,-40,-23,-51,-41,3
34.931931,-69,-10,-3,-6,93,-8,-15,-78,3
34.931936,-38,-7,-2,0,0,3,-1,21,3
34.946847,25,-3,0,-13,35,13,-28,85,3
34.946879,-35,0,3,26,31,-50,-10,-118,3
34.948160,42,13,5,2,-14,7,62,104,3
34.948187,46,4,-3,-23,-10,60,0,-46,3
34.969335,2,2,4,25,59,-66,47,16,3
34.969356,-3,1,-1,-10,15,36,-4,-16,3
34.971342,-26,-9,-1,-2,5,9,-17,59,3
34.971351,15,-2,-6,-5,9,-52,-29,-5,3
34.982659,-2,0,-3,-8,29,14,-3,1,3
34.983454,-8,0,-3,-7,21,23,14,1,3
34.991515,32,2,-5,-10,-19,44,2,-13,3
34.991525,-24,-5,5,13,26,-27,-13,18,3
35.006725,-20,-6,-4,-13,1,43,-10,-75,3
35.006735,23,1,1,11,-31,11,8,16,3
35.007904,-22,-3,-2,-16,14,13,7,12,3
35.007929,21,0,2,2,-53,-28,35,21,3
35.029722,-7,-3,-3,-2,74,59,-17,-50,3
35.029763,-17,2,2,3,19,-2,1,14,3
35.031600,20,-3,-4,-21,-53,-87,-4,-2,3
35.031605,13,2,1,12,-2,82,7,13,3
35.043149,-19,-3,-5,-13,-35,-30,4,37,3
35.043189,19,-3,-6,-20,-12,-28,10,13,3
35.052609,12,6,3,11,54,-14,-13,-27,3
35.052614,31,-4,-3,-9,5,-32,-8,10,3
35.066556,10,2,2,13,-15,13,5,63,3
35.066585,-65,-8,-5,-7,62,-18,-19,-28,3
35.068376,-3,-2,-4,-5,-41,12,24,11,3
35.068384,-1,5,3,9,25,57,-14,11,3
37.091270,26,-29,-4,-2,-2,-2,-1,0,0
37.092140,-5,6,-2,-2,-2,0,-3,1,0
37.098003,-22,-4,3,2,2,1,-2,-6,0
37.098088,3,1,-2,-2,0,0,-2,0,0
37.114396,2,11,4,1,-1,0,1,-1,0
37.114420,7,-3,-8,-4,2,0,0,1,0
37.115576,34,14,5,-4,-2,-2,-1,3,0
37.115593,-16,-3,-9,-1,-7,-4,0,-4,0
37.136689,-3,-16,4,4,1,-1,1,1,0
37.136720,-9,-8,3,4,-2,-3,-1,0,0
37.138612,-16,-3,-1,-1,-2,-2,0,0,0
37.138629,11,-1,-3,-3,1,-1,-1,-1,0
37.150896,-7,6,0,-2,1,-1,-3,-1,0
37.150912,3,6,-1,-1,-2,0,-1,-4,0
37.157633,-15,4,-4,0,2,-2,0,1,0
37.157649,-2,-14,2,0,3,-1,-2,-4,0
37.174176,64,13,-3,-2,-4,0,0,4,0
37.174185,-90,-14,-1,0,-1,-1,-2,-4,0
37.175845,-29,2,-1,-1,-2,0,-1,-4,0
37.175867,8,-6,2,-1,2,0,-1,1,0
37.196875,-4,3,0,-1,-3,-1,0,0,0
37.196927,31,0,-1,-1,-2,-1,1,0,0
37.198343,-12,-11,-4,0,0,-1,1,-1,0
37.198347,1,5,1,-1,-1,0,0,-1,0
37.211246,-3,12,-1,-3,1,0,-2,0,0
37.211272,6,-17,-1,-1,0,-1,-2,1,0
37.217804,-8,5,1,0,0,-2,-1,-3,0
37.217825,41,1,0,-2,-2,-1,-1,1,0
37.234254,-36,-5,-4,2,13,-2,-2,-3,0
37.234270,9,-1,-1,-1,-34,-2,-1,-2,0
37.235714,10,1,3,-4,-2,-1,-2,-1,0
37.235718,-10,-1,-1,-2,-1,-1,-3,-1,0
37.256797,-2,1,-1,-2,-2,1,-2,0,0
37.256819,11,10,-1,1,8,0,-1,0,0
37.259296,-9,-10,0,-1,0,0,-1,0,0
37.259312,7,4,-2,0,-5,0,0,1,0
37.270875,-13,-6,-3,-3,-2,-1,-2,-4,0
37.270892,12,15,1,1,14,-2,-1,-2,0
37.277839,24,-12,-7,-5,-9,-1,-2,-2,0
37.277862,-66,-10,0,0,5,0,0,-2,0
37.294108,5,-3,3,4,-5,-1,0,2,0
37.294127,13,9,-2,0,4,1,0,2,0
37.295691,-29,-17,-4,-1,1,-1,0,-2,0
37.295711,24,-1,-3,-2,-1,-2,1,2,0
37.316466,-7,-9,-1,-3,-3,-1,-1,-2,0
37.316478,9,27,9,-1,-2,0,-1,-3,0
37.318082,10,13,-4,0,-1,0,-1,-1,0
37.318123,-16,-25,-8,0,-3,-2,0,1,0
37.332399,8,3,1,-4,-3,-3,0,-2,0
37.332408,-60,-4,0,-1,4,-1,-2,-2,0
37.337843,-27,-2,0,2,-2,-2,0,-4,0
37.337859,24,8,2,-1,1,1,0,1,0
37.354080,11,2,-1,-2,-2,1,0,0,0
37.354100,-7,-8,-3,-1,-1,0,-1,1,0
37.355590,10,-4,0,-1,0,1,-1,-1,0
37.355599,2,15,0,2,1,-1,-1,-4,0
37.376699,5,-6,1,2,-1,-4,-1,-2,0
37.376728,11,-14,-3,-1,-1,-1,-2,-1,0
37.378985,-8,-6,0,1,-1,0,-1,2,0
37.379003,19,5,0,-1,1,-1,-2,0,0
37.391814,-4,9,4,2,1,0,-1,-1,0
37.391836,3,3,-4,-1,-1,-2,0,-1,0
37.398310,-7,6,0,-1,0,-3,-1,0,0
37.398327,16,-6,0,-2,-3,-1,-1,-1,0
37.414435,-44,1,-1,-1,-2,-1,-1,-3,0
37.414467,5,3,-3,-2,0,0,0,-2,0
37.415732,3,-14,2,-3,0,-2,-3,-1,0
37.415754,26,9,4,3,4,0,0,0,0
37.436910,-14,-22,-9,-4,-12,-1,-1,-1,0
37.436942,-8,8,1,-2,0,-1,1,0,0
37.438423,17,-2,-7,0,0,-2,-1,1,0
37.438428,-22,3,8,-2,-2,0,-1,0,0
37.450249,54,18,-2,-2,2,0,-2,2,0
37.450266,-23,-9,-1,-1,-1,-2,-1,-2,0
37.462202,-19,-18,-3,1,-3,-2,-2,-4,0
37.462212,-11,-3,-6,-5,-3,-1,-1,2,0
37.473974,0,2,1,-3,0,-1,0,-3,0
37.474002,23,1,1,-1,-1,-2,-2,-1,0
37.475681,20,12,2,1,-1,-1,0,2,0
37.475703,4,-2,0,0,-2,-3,-1,-4,0
37.495662,-45,-2,-1,-1,0,-1,-1,-4,0
37.495680,14,-8,-6,-1,0,1,0,1,0
37.504162,-24,7,1,-4,0,-1,-2,-1,0
37.505660,14,-1,0,1,-2,-3,-1,-3,0
37.510751,6,-10,-2,-1,-1,-2,-2,1,0
37.510771,-2,-18,-5,-3,-2,-2,-1,-3,0
37.519168,-4,1,-4,-1,0,-1,0,-1,0
37.519216,-3,11,3,-3,5,0,-2,-2,0
37.534020,8,-14,0,-2,-7,0,-1,0,0
37.534030,-33,-6,0,0,-1,-2,0,1,0
37.535573,10,7,0,-1,-1,0,-1,-2,0
37.535587,-20,-2,-2,1,0,-2,1,0,0
37.556547,-21,-1,-1,3,2,-1,-1,-3,0
37.556569,30,15,2,-2,-1,-1,-2,0,0
37.558361,-3,-13,-3,0,-1,-1,0,0,0
37.558392,-20,-13,-7,-3,-3,0,-1,-3,0
37.570201,33,5,-1,-6,1,-1,-1,3,0
37.570219,-15,-2,0,3,-1,-1,0,0,0
37.581492,-6,6,2,-1,-4,-2,-1,-6,0
37.581501,26,-6,0,1,-3,0,0,-2,0
37.594092,-15,-1,-4,-2,1,-3,-1,-1,0
37.594119,31,0,-2,-2,0,-1,-1,2,0
37.595561,11,39,7,3,0,1,0,0,0
37.595627,-43,-49,-4,-4,-3,-1,-1,-2,0
37.616526,26,-1,-5,0,-3,-1,-1,0,0
37.616543,11,5,-2,-2,-1,0,0,0,0
37.618094,-30,-6,-2,-1,-1,-2,-2,-2,0
37.618108,9,15,0,-2,-4,-3,-1,-1,0
37.630595,-8,3,3,1,2,0,-2,-1,0
37.630653,1,-7,1,2,1,-1,-2,-3,0
37.639785,11,0,0,-4,-3,0,0,1,0
37.639791,3,27,0,-1,0,0,0,1,0
37.654556,-18,-51,-5,-1,3,-1,-1,-1,0
37.654586,-3,8,-2,1,-5,0,1,0,0
37.656996,50,-6,-2,0,1,0,-1,-2,0
37.657002,-95,-8,-3,-5,-4,-3,-3,-6,0
37.677152,6,11,0,2,-2,1,1,1,0
37.677172,3,0,-3,-2,-3,-1,0,-1,0
37.679155,11,-2,-1,3,4,1,0,1,0
37.680586,18,0,-2,1,1,-1,-1,1,0
37.690489,1,24,-2,-3,1,-2,-2,0,0
37.690504,-5,-22,2,0,0,-1,-1,1,0
37.699928,-37,-4,-1,-1,-2,-1,-1,-2,0
37.699933,19,3,-2,2,-1,1,-1,0,0
37.714099,6,5,-1,0,-1,0,-1,0,0
37.714115,27,11,-2,-2,-1,-1,0,1,0
37.715471,3,3,3,-2,1,-2,-1,-1,0
37.715479,5,-11,-4,-1,-1,-1,-2,-3,0
37.736576,-17,9,4,1,-1,0,-3,-1,0
37.736591,-7,-4,-4,-1,1,-2,0,-1,0
37.738111,22,1,-2,-1,-2,-3,-2,0,0
37.738122,-41,-8,-1,-2,-1,-1,-1,-3,0
37.759063,14,-12,-1,-1,-3,1,-1,0,0
37.759081,-1,3,0,-3,1,-1,-2,-1,0
37.761175,-62,-2,0,-3,-11,-1,-1,0,0
37.761181,49,20,1,0,-3,-3,0,-1,0
37.774049,3,-14,-1,-2,-1,-2,-1,-2,0
37.776044,10,-5,-3,2,1,0,0,-1,0
37.776060,20,0,-2,-1,1,0,-1,1,0
37.776062,3,1,-1,-3,0,1,1,1,0
37.798681,-9,0,-3,-2,-1,-2,0,-1,0
37.798690,-7,4,0,-1,-3,-2,-3,-2,0
37.798693,-3,-4,-5,-1,-1,-1,1,0,0
37.798695,15,-6,-1,1,0,0,-2,-1,0
37.810315,17,19,1,2,1,-1,0,1,0
37.810335,-82,-34,-5,-7,-3,-2,-2,-10,0
37.819700,3,4,0,-2,1,-1,-3,-7,0
37.819705,6,-28,0,0,0,-1,-1,-2,0
37.834241,12,8,-4,-2,-2,-1,-1,-2,0
37.834271,10,15,3,-2,-1,1,0,2,0
37.836206,-4,-4,0,-1,-2,0,0,2,0
37.836211,1,0,-4,-2,-2,-2,0,-1,0
37.856944,-6,5,3,0,0,-2,-1,-1,0
37.856978,28,4,-4,-1,-1,0,0,0,0
37.858114,-31,-24,2,-3,1,-1,-2,-5,0
37.858120,-1,7,0,1,2,-1,-2,1,0
37.870367,-1,1,-2,-5,-11,-3,-1,-1,0
37.871586,11,4,1,-1,-1,-1,-1,2,0
37.880921,53,14,0,1,-1,-2,-2,-4,0
37.880929,-42,-16,-4,-4,-2,-2,-2,0,0
37.894282,-10,-6,-3,1,3,1,0,-2,0
37.894326,11,11,2,-3,-1,-2,-1,-2,0
37.895704,4,-9,0,-1,0,-1,1,2,0
37.895731,5,-2,1,0,-1,1,-1,-2,0
37.916632,0,-1,0,0,0,-1,-1,1,0
37.916653,18,-1,-4,-1,0,0,-2,1,0
37.918178,-16,3,4,4,2,2,1,2,0
37.918194,-13,1,-3,-4,-3,-4,-2,-6,0
37.939093,-20,-4,-1,0,0,-1,-1,-2,0
37.939112,-6,-2,-2,-1,2,0,-1,0,0
37.940715,22,10,-2,1,0,-1,-1,2,0
37.940736,10,-14,0,0,0,-1,0,1,0
37.954617,0,-10,-3,-3,-2,2,0,-1,0
37.954639,-2,-7,-1,-1,-1,-2,-1,-3,0
37.956144,-38,-5,-4,-3,0,-1,-1,-1,0
37.956213,12,16,3,3,-3,-1,-2,0,0
37.976665,-7,0,-3,1,2,-2,-2,-1,0
37.976687,-11,-1,-1,1,-1,1,0,-1,0
37.978080,4,2,0,-1,-1,0,-1,0,0
37.978096,8,7,1,-1,-1,0,0,1,0
37.998959,16,8,1,-1,-2,-3,-1,0,0
37.998989,-10,-15,-2,0,3,-2,1,-1,0
38.000551,-6,-6,1,-6,-13,-3,-1,-1,0
38.000567,22,1,-2,4,-1,1,0,0,0
38.015275,-25,-5,-2,-2,0,0,-2,-3,0
38.015286,4,8,0,-2,-2,-2,-1,0,0
38.015785,-3,-2,-5,0,3,-2,-1,-1,0
38.015813,4,0,-1,-4,-2,-2,0,1,0
38.036667,1,-1,-1,0,0,-1,0,0,0
38.036689,-20,1,-3,-1,-2,-1,-2,-3,0
38.038112,-3,-5,-1,-2,0,-2,-3,-4,0
38.038117,9,-1,3,1,0,1,0,2,0
38.059375,14,16,3,1,0,-1,0,0,0
38.059406,1,-4,1,0,0,-1,1,2,0
38.061167,-6,-13,-6,-4,0,-2,-2,-2,0
38.061186,-2,1,-2,-1,0,-1,-1,-4,0
38.073576,-2,-7,-4,-3,2,-1,-2,-1,0
38.073600,-1,8,1,1,-4,-1,-1,0,0
38.080531,6,3,0,1,-1,0,-2,0,0
38.080576,-1,-2,-2,-5,0,-1,-1,2,0
38.096836,-10,-4,3,2,-1,0,-1,1,0
38.096865,8,2,-7,-3,-2,0,-1,-2,0
38.098150,3,14,1,1,1,-1,0,0,0
38.098219,11,-18,-1,-1,2,-1,-1,2,0
38.119068,-32,-4,-3,-2,-2,0,-2,-2,0
38.119091,4,-3,-1,-1,-2,-1,-1,0,0
38.120593,30,1,1,2,1,1,1,3,0
38.120607,-62,7,-1,0,-1,1,-1,-4,0
38.133351,-19,-2,-1,-3,-1,0,-2,-4,0
38.133367,4,-2,4,3,0,0,-1,0,0
38.140189,-7,8,-1,-2,-1,-1,-2,1,0
38.140205,4,4,0,-2,-1,-2,-2,0,0
38.156654,15,-3,0,0,0,-2,-1,0,0
38.156659,12,-15,-3,-5,6,-1,0,-1,0
38.158130,-51,-7,1,3,0,-1,-1,-1,0
38.158148,17,4,0,0,0,-2,0,0,0
38.179347,1,-1,-2,-2,-2,-1,-2,2,0
38.179382,21,8,0,2,-1,-1,-2,-5,0
38.180695,11,-2,0,-2,1,0,-2,-1,0
38.180701,-6,-4,-4,-1,-2,0,0,-1,0
38.193421,3,2,3,1,3,0,-2,-2,0
38.193439,-17,10,2,-1,-2,0,-1,0,0
38.200288,43,-15,-5,-2,0,-1,-1,-2,0
38.200310,-31,-11,-5,-2,-3,-1,-1,-4,0
38.216554,16,-18,-1,1,-1,-1,0,1,0
38.216571,-24,-2,0,0,-3,-1,-1,1,0
38.218183,15,5,0,-3,-2,0,0,-1,0
38.218196,22,7,-1,-1,1,-2,0,0,0
38.239081,13,7,3,-1,-2,0,-1,0,0
38.239101,-8,-4,-2,-1,-1,-2,-1,-2,0
38.240813,-17,2,-5,-1,0,-1,-2,2,0
38.240818,4,-4,-2,-5,-1,0,-1,-5,0
38.253406,-5,1,-4,-2,-3,-2,-1,-1,0
38.253426,-10,-16,-2,2,-3,-3,-2,-1,0
38.260362,14,-3,-2,-2,-1,1,0,1,0
38.260384,-47,-1,1,0,0,-1,-1,-2,0
38.276565,4,2,-3,2,0,-1,-2,-4,0
38.276582,17,7,-5,-4,0,-1,-1,0,0
38.278171,3,1,2,2,8,0,-1,0,0
38.278199,-29,-7,-3,2,-5,-2,-3,-1,0
38.299044,7,-1,-1,-6,-3,-1,-1,-4,0
38.299058,2,4,1,1,-1,-2,0,4,0
38.300508,-15,-9,-1,-3,0,-2,-3,-7,0
38.300522,40,11,4,0,3,1,-1,3,0
38.314882,0,4,-1,0,-2,-2,0,1,0
38.314893,-20,-10,-4,-1,-2,-1,-1,-3,0
38.320520,5,-18,-2,-2,-4,0,-1,2,0
38.320542,16,1,-3,-3,-1,-3,-1,-1,0
38.337204,-31,1,-2,-5,-1,0,-1,-3,0
38.339416,17,4,1,-1,0,-1,-2,2,0
38.339424,-15,4,-1,0,-4,0,0,-1,0
38.339426,-10,-5,-3,-2,0,-2,-2,-3,0
38.359092,11,-3,0,0,2,0,1,1,0
38.359115,-1,-1,0,-1,-2,-1,-1,-2,0
38.360627,-4,-1,-1,-4,-2,-1,0,-3,0
38.360663,6,1,-3,3,-1,-1,-1,0,0
38.374256,6,11,0,0,-1,-1,-2,-3,0
38.374261,-3,-17,0,0,-2,0,-2,0,0
38.380397,-8,2,-2,-2,-4,-3,-2,-5,0
38.380413,1,-1,2,-3,-1,-1,0,1,0
38.397000,-6,-4,-3,-1,-1,-1,-1,0,0
38.397027,11,6,-3,-1,-2,0,-2,-3,0
38.398835,-13,5,-4,-1,0,-1,-1,0,0
38.398840,11,-1,2,-4,0,1,0,0,0
38.419007,39,-2,0,4,0,1,-2,0,0
38.419016,-83,-7,-2,-2,-1,0,-1,-3,0
38.420615,5,4,0,0,-2,-2,-1,0,0
38.420631,13,-1,-2,0,-1,0,0,0,0
38.434431,-15,-14,-2,-2,-2,-3,0,1,0
38.434436,14,-2,-2,-3,7,1,0,-2,0
38.443392,-9,-1,-1,4,-4,0,-2,-4,0
38.443401,-10,9,-1,0,-1,-1,-2,0,0
38.456673,22,1,-2,-4,0,0,-2,0,0
38.456695,-5,-7,2,2,1,-1,1,0,0
38.457986,4,-8,-3,-5,0,-1,-1,-1,0
38.458001,9,1,-1,-1,-2,1,-1,1,0
38.479449,-19,2,3,1,-1,-1,-1,-7,0
38.479489,10,-5,-6,-5,-3,0,-2,-1,0
38.481586,-8,1,1,2,1,-1,1,2,0
38.481592,12,-5,0,-1,-2,-3,-2,-1,0
38.493317,-16,2,0,-3,0,-1,-1,2,0
38.493354,4,8,2,0,-4,-3,-1,-3,0
38.501639,29,-3,-5,-3,-3,1,-2,3,0
38.501655,-58,1,2,3,1,0,-1,-3,0
38.516519,-5,0,-3,-3,-2,0,0,1,0
38.516537,7,-16,-1,-3,-2,-3,0,0,0
38.518031,-6,4,4,0,0,0,1,-1,0
38.518045,19,15,-1,-5,-2,0,-1,-1,0
38.539019,-11,-14,1,1,-2,-1,-1,-1,0
38.539035,9,-1,-3,0,-2,0,0,1,0
38.540471,-4,4,3,0,0,-1,0,-1,0
38.540481,14,-7,-3,-7,-10,-3,-2,-1,0
38.552916,-11,3,0,0,-4,0,0,-1,0
38.552938,-17,-5,0,0,0,0,-1,-2,0
38.562269,-15,-3,-1,-1,-3,-1,-3,-2,0
38.562274,9,-3,-7,-2,2,0,-1,-1,0
38.576973,2,-2,-3,-1,-1,-1,-2,1,0
38.576982,7,10,-2,1,0,-1,-2,-1,0
38.578112,14,23,5,4,3,-1,1,4,0
38.578130,17,-30,-3,-3,0,-1,-1,1,0
38.599050,-5,-6,-6,-1,-2,-1,-4,-7,0
38.599072,8,4,-1,-2,-2,-2,0,-1,0
38.601346,-8,0,-3,-4,-1,-1,-2,-5,0
38.601396,31,12,2,2,1,0,1,2,0
38.613109,-3,-1,3,-1,0,-1,2,3,0
38.613146,1,8,-3,0,-1,0,2,-1,0
38.623136,0,-10,-3,-3,-3,-4,-4,-4,0
38.623140,-24,-10,2,-1,-1,0,0,-1,0
38.639743,8,-5,-1,0,0,0,-1,0,0
38.639750,2,2,2,1,-2,-2,-1,0,0
38.639752,-5,-3,-4,-4,1,-1,0,1,0
38.639754,-9,-5,-4,2,1,0,1,-2,0
38.659529,-9,2,2,0,-2,0,-2,0,0
38.659570,24,16,1,1,-1,1,-1,1,0
38.661370,-10,-23,-4,-3,-2,1,0,2,0
38.661376,-17,6,5,-1,-1,-1,-1,-2,0
38.673214,8,8,-3,0,4,-2,1,2,0
38.673250,7,1,-1,-5,-11,-3,-3,-2,0
38.682468,-44,-25,-4,-3,-1,-2,-4,-8,0
38.682478,-1,2,-1,2,-1,-2,-1,-2,0
38.697128,6,-3,-6,0,0,1,0,1,0
38.697168,16,7,0,-1,2,-1,-1,1,0
38.699614,17,28,0,0,-1,1,1,0,0
38.699620,-41,-31,-2,-2,-1,0,-1,-2,0
38.719361,11,4,0,-4,0,-1,-1,-1,0
38.721658,-20,-4,0,1,2,-1,-2,-3,0
38.721666,21,-5,1,0,-1,-1,1,2,0
38.721668,21,27,3,-1,0,-1,-2,-1,0
38.732702,-19,-28,-6,0,-3,-1,-2,-3,0
38.732719,-5,-10,-6,-3,1,-2,-2,-4,0
38.742452,-6,0,-1,-1,-2,-1,0,-2,0
38.742458,6,10,1,-1,-1,1,-1,1,0
38.756503,-11,0,3,-1,-3,0,-2,-2,0
38.756524,3,-17,-1,1,-1,0,-2,-3,0
38.758128,0,6,-1,-3,-3,-3,-1,-1,0
38.758164,4,-6,-1,0,0,0,-1,-1,0
38.778082,38,11,1,0,1,-1,1,2,0
38.778091,-45,-6,-2,-1,0,-2,-2,-3,0
38.787158,-14,-5,-6,-2,0,-1,-2,-2,0
38.787163,12,6,1,-1,-1,-1,-2,-1,0
38.793433,2,7,0,1,-2,0,-1,0,0
38.793480,20,10,5,0,0,0,-1,1,0
38.802584,-7,-22,-2,2,9,1,1,0,0
38.802594,9,5,-3,0,-4,0,0,-1,0
38.816676,20,-5,-1,-4,-2,0,0,1,0
38.816693,-19,2,0,-1,-2,-1,0,-1,0
38.818902,11,6,1,1,3,0,-1,-1,0
38.818908,5,1,-2,-2,-1,-2,-2,-5,0
38.839419,-13,-4,-5,-1,-1,-1,1,0,0
38.839428,5,1,-1,0,0,0,0,-1,0
38.840470,4,0,3,-1,-3,-1,-1,1,0
38.840479,-13,3,-1,0,0,-1,-2,-2,0
38.861640,-19,7,1,-1,-1,-1,-1,0,0
38.861671,-13,-29,-5,-6,0,-1,-1,-6,0
38.864454,23,9,1,1,-2,0,-2,-1,0
38.864466,-2,-6,1,-2,-1,-2,0,0,0
38.877202,-11,6,-1,0,-1,-2,-1,-3,0
38.879094,21,8,-1,-3,-1,-1,-1,3,0
38.879109,-11,-4,1,2,1,0,-1,-2,0
38.879111,3,3,-3,-1,1,-2,-3,-2,0
38.899055,4,-6,-2,-3,0,-1,-3,-3,0
38.899077,48,16,1,-2,0,0,1,2,0
38.901349,-69,-10,-2,-1,-4,-2,-3,-4,0
38.901354,-5,-12,-3,-4,-2,-1,0,0,0
38.921478,-5,-4,1,1,-2,-1,0,-1,0
38.921495,14,-4,0,-1,-1,0,-2,-1,0
38.922953,27,19,2,-1,-2,-2,1,2,0
38.922968,-12,-5,-2,2,6,0,-2,-2,0
38.936602,22,-3,-3,-1,-3,0,-1,0,0
38.936618,-53,4,3,1,-1,1,0,-3,0
38.937976,11,-2,-1,-1,-3,-3,-1,0,0
38.937990,-4,-5,-2,-1,0,-1,-1,0,0
38.959188,-5,-2,0,-1,-1,-2,-1,-3,0
38.961428,20,18,0,0,-1,-1,0,1,0
38.961437,-28,-35,-3,0,1,0,-1,1,0
38.961439,27,-5,-3,-3,-3,0,0,0,0
38.981617,-8,2,0,0,0,-1,-1,-2,0
38.981638,-12,-2,-1,-1,0,0,-1,-1,0
38.983076,15,9,1,-2,-3,-2,-1,-2,0
38.983092,3,7,0,-1,-2,-1,0,0,0
38.996052,-10,3,4,3,0,-1,-1,0,0
38.996078,48,-8,-2,-1,2,1,0,1,0
39.002999,-4,9,-3,-1,-1,-1,2,4,0
39.003015,-9,-18,-4,-2,-2,-2,-3,-6,0
39.019106,-6,-5,0,-3,-3,-3,-1,-1,0
39.019127,3,-4,0,3,8,0,0,1,0
39.021161,1,5,-2,-2,-8,1,-2,-4,0
39.021171,-21,6,-1,-1,-1,-1,0,-1,0
39.042655,4,1,3,-2,0,-1,0,0,0
39.042669,7,-1,-2,-1,-1,-5,-2,2,0
39.043195,11,10,1,-3,3,0,-1,0,0
39.043218,-37,-18,-3,-1,0,0,-2,0,0
39.064211,6,-3,-5,-1,-2,-1,-1,-5,0
39.064237,-24,0,-1,-1,-5,-1,0,-1,0
39.065711,5,-1,-1,-1,1,0,-2,-1,0
39.065716,20,2,3,1,-1,-1,1,-2,0
39.079480,-10,1,-6,-2,1,-1,-3,0,0
39.079544,2,-2,-7,-5,-4,-1,1,0,0
39.081108,1,-5,-2,2,-2,-1,-2,-1,0
39.081112,3,6,-1,-2,-1,-1,-1,0,0
39.102072,-24,-12,-1,1,1,0,-1,-1,0
39.102102,-13,-1,-5,-3,-5,-4,-3,-8,0
39.105264,13,1,1,-1,-1,-2,-2,-4,0
39.105313,39,35,4,1,-1,0,0,2,0
39.115305,-57,-46,-3,-3,-3,-1,-1,-1,0
39.115330,-7,-5,-2,-2,-2,-1,-1,-1,0
39.123018,-5,-4,-5,-4,-1,-1,0,0,0
39.123051,1,6,1,-1,0,0,-1,-2,0
39.138310,40,20,-1,3,7,-1,0,3,0
39.138327,-23,-2,2,2,-1,1,-1,-3,0
39.139170,-20,-16,-3,-3,0,-3,-2,-2,0
39.139175,16,5,1,1,-2,0,-2,0,0
39.160881,-5,-1,-4,-4,-3,0,0,-1,0
39.160904,0,4,0,0,0,-1,-1,0,0
39.162573,10,-9,-2,-1,-1,-2,-2,-2,0
39.162588,-12,-9,-1,1,0,-2,-1,2,0
39.175575,10,7,1,0,-1,-1,-2,-4,0
39.175610,18,11,-3,-3,-1,-1,-1,-1,0
39.183479,10,10,2,0,-2,1,1,-3,0
39.183484,-40,-15,-4,-2,-1,-4,0,0,0
39.198375,-22,1,0,0,-4,-1,-1,-4,0
39.198393,6,-5,0,0,-1,-1,-1,-1,0
39.199151,-11,0,1,-2,0,0,0,-1,0
39.199165,14,1,-1,-1,-1,-1,-2,-4,0
39.221167,30,-1,-1,0,-2,-1,-1,2,0
39.221196,-23,-22,-5,-3,-2,-1,-2,-2,0
39.223303,1,4,-2,0,0,0,-1,0,0
39.223309,-1,-8,-3,0,5,-1,-1,-3,0
39.235654,9,15,0,-5,-14,0,0,-1,0
39.235776,-9,0,1,3,-1,-2,-1,0,0
39.243158,9,5,-1,-4,-2,1,-1,1,0
39.243188,13,10,0,2,-2,0,0,2,0
39.258979,-4,-14,-6,-1,2,-1,-2,-4,0
39.259018,-45,-6,3,0,0,-1,0,-2,0
39.261418,2,13,-2,-1,-3,-1,-1,-3,0
39.261425,2,-15,0,-4,-2,0,-1,1,0
39.281221,9,-21,-2,0,1,-1,-1,-1,0
39.281253,3,1,1,1,-2,-2,-1,-2,0
39.281550,5,2,-2,-1,0,-2,-1,-1,0
39.281566,18,5,-1,-3,-3,0,-1,-1,0
39.295212,7,6,1,0,0,0,1,0,0
39.295231,-26,-6,-1,-1,-2,0,-2,0,0
39.302812,1,-6,-3,1,-1,-3,-1,1,0
39.302830,-29,-4,0,-1,-3,-3,-1,-4,0
39.318721,-4,10,3,0,1,-1,-1,-1,0
39.318747,18,13,-2,-2,-1,0,0,0,0
39.320188,-9,-26,-3,-1,-1,-2,0,0,0
39.320194,20,1,-3,-4,-1,-2,1,2,0
39.343475,-32,-1,-2,-1,-1,-1,-2,-4,0
39.343489,-2,8,4,2,0,-3,-1,1,0
39.343491,-7,-2,-2,0,0,-1,-1,-2,0
39.343493,0,-1,0,0,-1,0,-1,0,0
39.357809,9,-3,-2,-4,0,-2,-1,2,0
39.357816,32,-2,-5,-1,-4,-1,0,1,0
39.363123,6,8,3,1,-3,0,-2,-2,0
39.363154,-32,-2,0,-1,-1,-1,-1,-3,0
39.378446,17,12,-2,-1,-3,-3,-3,-3,0
39.378463,-8,-21,-2,-3,-1,0,0,0,0
39.379674,8,-1,-1,0,1,-1,-1,-1,0
39.379684,1,-4,-3,-2,-1,-1,0,-2,0
39.400888,-2,9,0,-1,1,0,0,3,0
39.400905,-22,2,2,0,0,0,-1,-5,0
39.402613,10,7,-1,-3,-1,-2,-2,1,0
39.402632,30,-20,-7,0,-1,-1,-1,-2,0
39.415245,-10,-1,-3,0,-1,-1,1,-4,0
39.415296,-33,-9,0,2,1,-2,-2,-1,0
39.423154,6,15,5,1,0,1,-1,3,0
39.423176,6,-4,-1,0,0,-2,-2,0,0
39.438301,18,4,-2,-6,-8,-1,0,0,0
39.438321,14,-11,-1,0,-2,-1,-1,0,0
39.439123,-1,-3,-2,0,-1,-2,-1,-2,0
39.439127,4,7,-2,2,-1,0,0,1,0
39.461062,-7,4,0,-1,2,0,0,1,0
39.461094,2,3,-2,-1,2,-1,-2,-5,0
39.462428,-12,-7,-5,-2,-2,-1,0,-1,0
39.462435,-14,3,-1,-3,-1,-2,-1,-1,0
39.475452,-12,-7,-4,0,0,-1,-2,2,0
39.475477,24,10,1,-3,-2,-1,-4,-1,0
39.482724,-5,9,0,1,1,-2,-1,-3,0
39.482740,-10,-14,0,0,0,1,-1,-2,0
39.498394,-12,-7,-1,-1,0,0,0,-2,0
39.498410,55,12,4,-2,0,-2,1,5,0
39.499844,-51,-8,-4,2,0,-2,-2,-6,0
39.499850,-24,1,-3,-4,-2,-2,-2,-3,0
39.521044,3,-3,-3,2,1,-1,0,1,0
39.521067,-3,0,-1,1,-1,-2,1,-1,0
39.521940,31,3,2,-5,-2,0,1,2,0
39.521944,2,2,-3,-1,-1,-2,-1,0,0
39.535148,-10,-6,1,-1,0,-1,-1,-4,0
39.535164,30,17,-2,-1,0,0,0,0,0
39.545448,-31,-24,-4,3,1,-1,1,0,0
39.545455,-3,-7,-1,-4,-3,-1,-1,0,0
39.561289,5,-2,-1,-4,-2,-1,-1,-1,0
39.561297,-5,3,-1,4,9,0,-1,0,0
39.561299,-4,3,1,0,-2,-1,0,-2,0
39.561301,-5,4,2,2,0,-2,0,-1,0
39.580973,10,4,-1,-3,-3,-1,-1,-1,0
39.580989,-2,-4,-2,-5,-3,-2,2,-2,0
39.582323,50,6,3,1,1,0,-1,-1,0
39.582328,-54,-22,-5,-3,0,1,-1,-2,0
39.595455,-74,0,1,0,0,-1,-2,-6,0
39.595493,-13,-13,-4,-3,-3,-2,-2,-1,0
39.602733,8,12,2,-4,-3,-3,-2,-1,0
39.602800,27,-5,-3,-2,-3,-1,-2,0,0
39.618463,24,1,-1,1,0,-2,-2,0,0
39.618485,-25,-5,-3,-3,-2,1,0,-2,0
39.620318,0,3,5,1,-2,0,-1,-1,0
39.620325,8,13,1,4,-1,0,-2,-4,0
39.641931,19,7,-1,-1,1,-2,0,2,0
39.641968,-20,-18,-1,1,-3,-2,-2,-1,0
39.648399,1,-10,-2,-5,-2,-2,-2,-4,0
39.648416,23,-4,-1,2,2,-1,0,1,0
39.655439,-3,1,1,-1,-3,-1,-1,-2,0
39.655461,3,10,-1,-2,-2,0,-2,-2,0
39.663085,-25,-18,-4,-5,-1,1,0,2,0
39.663127,2,8,1,4,10,-1,-1,-4,0
39.678704,13,1,-3,-4,-6,1,1,2,0
39.678738,38,11,1,2,0,-1,-2,3,0
39.680058,-70,-8,-3,-4,-2,0,0,-3,0
39.680070,32,21,0,-2,-2,-2,-3,-2,0
39.700994,7,-30,-2,2,4,0,0,1,0
39.701001,-26,-6,-3,-1,-2,-1,-1,-1,0
39.701561,19,5,2,2,0,-1,-1,-1,0
39.701568,-23,-3,0,-3,-3,0,-1,-2,0
39.715114,7,16,1,-1,-1,-2,-2,-3,0
39.715133,-14,-21,0,-3,-1,-1,-1,0,0
39.722787,23,-4,-3,4,1,-2,-1,0,0
39.722811,-7,5,0,-3,-4,0,1,1,0
39.738436,-4,3,3,1,1,1,0,0,0
39.738458,7,2,-1,1,2,-1,0,-1,0
39.739331,1,4,-2,0,0,-2,-2,-1,0
39.739336,-6,1,1,-4,-4,-3,-2,-1,0
39.760862,-6,-19,-1,1,0,-1,0,-3,0
39.760889,-3,4,-1,-4,-1,-1,2,1,0
39.762509,3,-6,-3,-2,0,-1,-1,3,0
39.762535,0,3,0,-2,-2,0,0,-3,0
39.783398,7,2,-1,-3,0,-1,0,-2,0
39.783417,30,8,0,-2,-3,-2,-4,-6,0
39.784139,-72,-11,-3,-2,-1,0,-1,0,0
39.784155,10,-4,0,1,-1,-2,-1,-1,0
39.799346,-8,4,-1,-2,1,1,-1,0,0
39.799421,-4,1,-5,1,0,0,0,-3,0
39.799425,33,-3,-3,-3,-1,-1,-1,-1,0
39.799427,-35,-17,-2,-4,-1,-2,-3,-1,0
39.820994,4,5,1,1,0,-2,-3,0,0
39.821017,-5,-5,-2,-1,0,1,-2,-3,0
39.822501,42,20,1,1,-3,-2,-1,1,0
39.822510,-43,1,-3,-3,-3,-2,-1,-3,0
39.843827,1,-8,0,-1,-1,-2,-1,-1,0
39.843833,24,17,1,0,0,0,-1,2,0
39.844262,21,-10,-4,-2,4,-1,0,-2,0
39.844278,-9,-15,0,-4,-9,0,-3,-3,0
39.860136,10,5,-2,-2,-3,0,0,3,0
39.860148,-19,-1,1,-1,-2,-2,0,-2,0
39.860150,21,8,1,-1,-3,-1,-3,-4,0
39.860152,22,5,0,1,1,-1,-1,2,0
39.881104,-19,-3,-4,-2,0,-1,1,-2,0
39.881130,20,-3,-3,-6,-2,0,0,1,0
39.882320,-29,-1,0,2,-1,0,-3,-2,0
39.882326,-7,-3,-1,2,2,0,-1,-2,0
39.903331,-46,-3,-2,0,-2,1,-1,-3,0
39.903348,2,10,0,-4,-3,-1,-3,-1,0
39.904903,-4,-16,-1,0,-1,-1,-1,-2,0
39.904919,21,9,0,-2,0,-1,0,2,0
39.918408,5,-17,0,2,1,1,-1,-2,0
39.918431,0,-3,-1,-1,-2,-2,-1,2,0
39.919941,5,9,-2,-2,0,0,0,-3,0
39.919957,0,-1,-1,-3,-1,1,2,-1,0
39.940953,7,1,-4,1,1,-3,-3,-3,0
39.940973,-48,-7,0,1,1,0,1,0,0
39.941994,9,-1,-2,-1,-3,-2,-1,-1,0
39.942022,5,2,-2,-2,-2,-3,-2,-6,0
39.963691,6,-7,-2,-2,-3,0,-1,1,0
39.964797,-7,-11,-2,1,0,0,-2,-2,0
39.964802,9,7,0,-1,-1,-2,-1,1,0
39.964803,47,-6,2,2,0,0,-1,3,0
39.978711,-53,9,-4,-4,-1,-4,-4,-6,0
39.978750,2,-3,-2,3,-1,-3,-2,-2,0
39.979957,-10,-5,-2,-4,-1,0,1,0,0
39.979963,17,11,4,4,0,-1,1,2,0
40.000904,32,11,3,-3,-1,-1,-2,2,0
40.000919,-1,-22,-5,0,-1,1,-1,-3,0
40.001564,-31,-4,1,-2,-1,-1,-3,-1,0
40.001581,-5,-2,-3,-3,5,0,-2,1,0
40.023892,23,-2,1,-3,-9,-1,-1,0,0
40.023921,-16,10,2,-2,-3,-3,-3,-5,0
40.027040,18,-1,-3,-1,-1,0,-1,1,0
40.027047,-8,-3,-5,0,-1,-1,-1,-1,0
40.038593,9,10,2,-1,1,0,0,-1,0
40.038616,11,-12,-1,5,1,0,0,1,0
40.040622,27,-5,-5,-2,-2,-2,-2,1,0
40.040625,-30,-23,-4,-4,-2,0,0,0,0
40.061503,-13,2,-2,0,-1,-3,-2,-5,0
40.061514,12,5,-1,0,1,0,1,2,0
40.061658,2,11,8,2,0,0,-1,-2,0
40.061664,-32,5,-2,0,-3,0,-1,-2,0
40.083441,17,0,0,0,0,-1,0,2,0
40.083463,-10,0,0,-3,1,0,-2,-2,0
40.085419,33,-7,-5,1,3,1,0,2,0
40.085428,-24,34,-3,-5,-3,-3,-1,-3,0
42.118297,-10,1,4,-9,9,-43,-30,14,3
42.118434,14,-2,-9,-36,-75,-79,11,-8,3
42.118436,9,13,6,21,56,56,-5,-58,3
42.118478,-10,-13,5,23,-18,-19,-15,15,3
42.122856,22,9,0,7,1,-34,-30,-58,3
42.122879,19,-12,-3,6,18,-16,-22,47,3
42.131861,-67,-3,-5,-9,-21,-28,-29,-36,3
42.131870,26,5,-3,4,-29,-2,-11,-12,3
42.146607,-13,-2,1,-15,-21,29,-4,-23,3
42.146624,29,15,3,35,42,20,27,-6,3
42.148137,40,10,0,-3,-2,-18,-39,25,3
42.148150,-15,-43,-7,3,46,-47,32,3,3
42.169354,25,7,0,9,-56,-34,-22,18,3
42.169379,4,6,-6,-50,-1,40,1,-70,3
42.170718,-54,-19,-2,35,-29,-7,2,42,3
42.170736,29,21,5,10,2,-8,14,30,3
42.182643,-32,2,0,-25,7,16,-17,-42,3
42.182660,-15,-13,-4,-1,15,100,-2,-12,3
42.194658,43,2,1,-18,-32,39,22,3,3
42.194666,-49,-2,-11,-15,-27,36,-55,-22,3
42.206556,7,-8,-2,13,124,110,29,48,3
42.206578,-20,7,3,20,0,-39,2,68,3
42.207982,4,-3,-2,-23,51,36,12,14,3
42.207997,20,4,-2,-16,-33,-22,-8,-28,3
42.229114,12,-3,2,35,-61,-83,-19,18,3
42.229139,-17,-3,2,21,79,9,2,1,3
42.231058,10,6,-2,-47,7,-21,37,6,3
42.231140,3,1,6,13,-26,-38,-15,37,3
42.244468,-8,-4,0,15,56,93,15,-15,3
42.244480,5,3,5,36,-11,-41,25,-47,3
42.252338,-18,-18,-11,-38,-39,-45,-23,50,3
42.252353,27,12,3,8,40,-71,11,-13,3
42.266537,-18,-4,0,-12,64,-22,37,8,3
42.266561,19,4,1,16,-30,33,-19,22,3
42.268008,11,12,1,-6,-32,0,-18,25,3
42.268015,10,-8,-2,-7,27,-48,16,97,3
42.289132,-40,-4,-3,-11,-70,-20,-15,-85,3
42.289207,11,-7,-9,-24,33,20,-5,26,3
42.290452,-39,-14,3,9,10,-1,5,-12,3
42.290461,13,2,-1,16,-45,38,4,-16,3
42.305410,24,4,0,6,-66,-23,-10,4,3
42.305416,-13,5,2,-11,-2,-7,1,-21,3
42.313566,3,1,-3,15,-39,-12,-9,-28,3
42.313575,10,-2,-1,-14,5,21,0,-28,3
42.326666,3,-6,-12,-69,6,92,43,82,3
42.326696,0,9,8,36,-124,91,91,3,3
42.328259,-31,-24,-10,8,84,-37,29,-59,3
42.328274,-7,7,5,-7,-19,34,47,-48,3
42.350856,-57,0,-1,-1,-4,-53,-27,31,3
42.350863,-10,-10,-4,-7,-34,-45,-9,25,3
42.350866,52,7,2,-6,-4,-45,-9,17,3
42.350867,-23,0,-2,10,24,71,30,8,3
42.363145,11,4,2,17,-51,-24,-37,-24,3
42.363183,-9,-4,-4,-43,8,8,1,-44,3
42.373258,13,-7,4,28,-92,36,6,33,3
42.373263,2,6,-1,-2,48,-87,-32,-12,3
42.386723,12,-6,1,3,-65,-68,-43,29,3
42.386744,-20,3,-1,2,23,0,-35,-14,3
42.389011,-4,6,-3,-23,-16,24,-12,-41,3
42.389016,-3,-4,-2,2,4,26,2,22,3
42.409278,8,3,-1,9,10,19,9,-32,3
42.409311,10,3,2,-2,22,-32,0,33,3
42.412038,1,6,3,9,14,-35,-7,8,3
42.412045,24,-4,-9,-39,-79,79,-22,23,3
42.422750,-16,-8,-7,-26,-38,50,-49,-14,3
42.422773,6,-4,-1,6,74,-35,17,-13,3
42.432401,-26,4,3,28,-18,36,11,44,3
42.432406,18,9,2,21,-52,10,11,54,3
42.446712,1,-16,-2,3,43,-52,4,-39,3
42.446739,-2,-4,-2,-7,-46,-4,-12,-12,3
42.448260,3,8,-2,1,0,-74,-55,7,3
42.448302,-4,-5,4,21,45,17,-10,-24,3
42.469206,13,9,-1,13,12,7,-3,27,3
42.469228,-17,-2,-1,9,1,-40,-20,-22,3
42.470673,-2,-4,-4,-19,30,4,-4,-7,3
42.470678,-5,8,1,4,-13,-8,-11,-51,3
42.482783,34,0,4,1,40,-3,18,-9,3
42.482801,-68,-8,-4,8,4,-27,1,-14,3
42.493214,-4,1,6,20,68,76,-32,-1,3
42.493228,-5,0,-3,-14,-17,64,-14,-29,3
42.509416,15,6,4,8,-22,21,31,95,3
42.509427,-3,-9,1,3,24,-31,-11,-7,3
42.509430,7,-3,-1,4,-9,12,22,-13,3
42.509432,-16,-3,-1,8,25,-48,-10,-22,3
42.529660,11,9,-1,-8,27,-38,20,-9,3
42.529685,4,5,-2,4,25,25,-39,-7,3
42.531674,-3,-3,0,-5,-13,-34,-1,-48,3
42.531678,-1,-4,-4,-6,12,3,9,-23,3
42.543024,-7,-5,-3,-8,4,-4,5,15,3
42.543053,11,-1,-3,-5,3,15,3,1,3
42.553143,-3,-2,-1,-15,-21,21,14,1,3
42.553149,6,5,0,19,-34,-27,-2,79,3
42.566659,-19,-3,-2,-4,18,66,-13,-120,3
42.566678,9,-2,-1,0,-28,-24,16,34,3
42.568222,-1,0,-1,-14,-47,-8,3,3,3
42.568227,-9,-4,1,15,41,-10,8,19,3
42.589249,7,-1,-1,4,10,-33,15,25,3
42.589272,17,3,-2,-18,13,-32,0,-34,3
42.590545,10,0,-4,-13,-18,70,-16,-60,3
42.590559,-18,-9,-3,-11,76,-51,20,38,3
42.602787,-6,-1,2,-2,-22,-15,-22,-36,3
42.602829,11,5,1,-11,-14,-16,-20,19,3
42.613664,-14,-8,1,25,16,19,8,8,3
42.613751,0,0,-1,-26,3,-29,20,-26,3
42.626818,5,3,3,41,36,91,46,95,3
42.626849,27,7,-1,2,-17,-7,10,-13,3
42.629049,-27,-16,-1,-4,-26,-2,2,6,3
42.629074,10,5,-1,-13,-37,-10,-36,-53,3
42.649448,6,-3,-4,-16,-21,-12,10,52,3
42.649456,-1,1,-3,-5,-3,21,-4,60,3
42.650462,-6,9,-2,-7,-6,-7,6,-35,3
42.650472,18,-3,1,-2,-3,27,-1,1,3
42.671564,-6,2,-1,-9,1,-17,-8,-7,3
42.671586,-3,-17,-3,4,-19,-57,4,37,3
42.672973,16,4,1,7,23,12,1,11,3
42.672988,-6,1,-2,-19,-4,-43,-22,18,3
42.686002,-12,7,-1,6,-71,0,-6,-58,3
42.686024,27,9,2,-3,54,121,34,-21,3
42.693412,-29,-8,1,30,-4,-49,10,1,3
42.693451,31,-8,-9,-57,31,32,13,69,3
42.709363,10,-7,3,24,34,-22,-1,-90,3
42.709397,-45,-2,-3,-7,-20,3,-14,1,3
42.711005,12,1,-4,-30,-16,-115,-21,14,3
42.711012,-12,3,1,16,46,57,12,-56,3
42.731752,14,0,-2,-30,-52,-29,-7,103,3
42.731770,19,6,0,0,-17,3,14,-5,3
42.733120,12,-8,-1,-18,15,25,5,51,3
42.733138,-21,-1,-4,-11,-18,-40,-10,-73,3
42.746935,68,-3,-2,4,72,93,-30,22,3
42.746977,-94,-14,-8,4,-15,-33,11,51,3
42.748173,24,6,-5,-5,-23,17,7,73,3
42.748190,-21,-5,1,-2,-38,-1,-17,0,3
42.769497,-13,-16,-3,-6,-21,-100,-5,-16,3
42.769513,23,2,2,-3,10,27,6,-18,3
42.770755,8,4,-4,-17,32,30,2,-19,3
42.770759,4,3,-2,4,3,41,25,28,3
42.792094,-7,11,9,33,14,-3,-7,12,3
42.792118,7,0,0,-1,-8,2,-2,-27,3
42.793526,-19,-7,-8,-24,-45,-37,-18,21,3
42.793550,16,0,1,26,-78,-7,-12,-12,3
42.806074,-28,-3,-8,-57,-83,15,26,-8,3
42.806097,-26,-7,-4,-24,-82,17,37,-65,3
42.813039,39,13,5,11,21,-78,-56,-79,3
42.813065,-16,2,-1,38,67,24,6,84,3
42.829249,-38,-20,-6,-8,-3,-22,-25,-88,3
42.829283,31,1,-2,13,41,-20,-4,60,3
42.831202,-13,-3,-1,-7,-39,-25,54,6,3
42.831210,-1,0,0,-12,-33,-32,-17,-4,3
42.851545,21,12,4,-1,28,25,-2,75,3
42.851587,-50,-13,-3,3,14,-32,-13,-42,3
42.853102,0,5,1,11,-8,-18,-14,-51,3
42.853210,6,0,0,-12,-7,16,-20,-34,3
42.865963,-11,0,0,5,-27,-2,15,29,3
42.866027,28,1,2,4,74,22,-30,-47,3
42.872860,12,-2,-1,5,10,76,28,40,3
42.872881,-19,-4,1,1,-49,-51,28,-37,3
42.889242,15,1,-4,-6,-12,29,-17,-26,3
42.889266,5,18,5,24,8,2,-8,-3,3
42.890650,-22,-34,-3,-8,27,31,-21,-27,3
42.890655,3,-5,-5,-22,3,6,19,6,3
42.912412,-15,2,0,4,17,-80,50,-34,3
42.912421,13,5,-2,-3,-55,68,-24,11,3
42.913438,3,10,2,8,35,55,2,39,3
42.913471,36,0,0,14,1,5,-10,-32,3
42.926235,-15,-3,-4,-3,-3,75,-16,-2,3
42.926258,2,-3,-4,-25,-21,-84,-43,-79,3
42.932808,1,-2,-1,6,15,20,27,4,3
42.932826,-20,0,4,6,-1,-30,-4,-11,3
42.949159,51,6,1,17,21,-8,-12,26,3
42.949176,-22,-5,-1,0,24,4,11,-3,3
42.950646,-2,-1,2,-1,46,6,1,63,3
42.950688,-18,-1,0,-3,42,70,23,-68,3
42.972228,30,4,2,11,-16,-1,7,7,3
42.972272,7,-10,-4,-9,36,16,-4,29,3
42.974975,-21,5,0,-2,-40,-37,9,-6,3
42.974991,5,5,-2,-12,-37,9,-9,124,3
42.986468,-27,-18,-3,10,-29,-65,-19,-67,3
42.986493,32,1,-4,-28,-18,-66,-32,-32,3
42.992787,1,6,3,29,-9,9,4,-4,3
42.992811,-2,-1,2,22,10,-7,-10,54,3
43.009192,-10,2,-2,-1,20,21,-16,19,3
43.009284,-1,-6,0,9,-35,2,10,17,3
43.010604,18,6,3,22,60,63,50,-26,3
43.010630,-8,-7,-3,-3,-26,-21,13,-11,3
43.031527,-3,3,-2,-13,-51,-11,31,-4,3
43.031544,8,-2,-1,-25,12,29,-2,27,3
43.033059,7,3,-5,-6,0,33,13,-25,3
43.033068,18,-9,4,1,15,3,-12,8,3
43.046318,-101,-9,0,3,40,25,2,-7,3
43.046355,31,6,3,7,-3,-1,17,72,3
43.054473,0,0,-4,-11,-73,-50,-27,-36,3
43.054481,-3,-4,-4,6,0,-23,-23,-68,3
43.069101,24,4,-1,-7,-8,-23,-9,19,3
43.069126,-8,2,-1,7,-17,17,6,-18,3
43.070518,-6,-9,-1,-5,-55,-105,11,33,3
43.070533,10,5,-2,7,27,37,-20,23,3
43.091959,4,-3,-4,-17,-8,27,1,0,3
43.091991,-15,-6,-2,13,63,50,32,11,3
43.093972,24,5,3,5,-4,15,-14,-3,3
43.093977,-11,-4,-7,-8,-28,-47,-17,-30,3
43.106251,4,-2,4,15,24,30,2,-3,3
43.106273,-1,2,2,10,-10,-5,3,-6,3
43.113147,-5,-1,-4,-18,-12,44,-8,4,3
43.113277,2,-1,1,5,31,24,-4,-6,3
43.129641,-30,-3,-3,18,49,1,27,72,3
43.132472,-2,0,-3,-26,9,-9,10,-77,3
43.132479,-2,-3,2,33,2,26,-46,-6,3
43.132481,1,6,-1,-11,-15,14,-14,47,3
43.152050,-7,3,-2,-6,10,-28,-11,-17,3
43.152091,-24,-15,0,11,-42,2,0,-44,3
43.153306,2,-2,-3,-6,17,-4,0,4,3
43.153323,29,3,-1,-9,-28,-31,23,27,3
43.165133,-35,-8,-3,-15,-52,100,-27,-85,3
43.165148,-29,-1,-2,10,-8,-12,14,20,3
43.174511,-4,4,1,7,21,-28,8,0,3
43.174520,-1,-6,-2,5,-10,44,-6,-22,3
43.189034,32,1,2,-12,3,-25,10,21,3
43.189056,10,2,1,-2,-5,-9,-7,-11,3
43.190480,3,4,-2,-13,33,31,-17,14,3
43.190565,0,4,1,4,-15,-15,41,77,3
43.211614,-25,-16,-5,-13,2,4,-20,-108,3
43.211623,10,2,1,48,-1,-1,10,84,3
43.213403,0,-4,0,-20,-35,-21,-13,35,3
43.213494,-7,5,2,4,13,14,-9,-23,3
43.227228,22,10,0,-13,-26,-31,9,11,3
43.227240,7,-4,0,-9,-23,-20,-11,36,3
43.235268,-10,-2,-5,-22,-15,23,10,-57,3
43.235277,13,2,1,14,22,-61,4,-10,3
43.249133,-23,-3,1,-8,4,4,-3,23,3
43.249150,-2,-3,-2,-11,-28,-65,-7,21,3
43.250585,-20,0,-2,-17,-38,14,7,-26,3
43.250643,4,-6,-11,-57,-22,-46,-49,-9,3
43.272348,0,1,11,93,127,58,0,14,3
43.272353,-2,5,3,17,-10,-60,-34,-68,3
43.272968,12,1,-2,4,-1,-5,-2,-29,3
43.272976,-15,-6,-2,9,-13,-7,11,-4,3
43.285620,33,7,-1,-32,-18,-4,7,9,3
43.285636,-1,5,1,10,-3,-24,4,38,3
43.295425,-2,-7,-2,7,27,79,11,17,3
43.295429,-6,2,3,10,4,14,19,-49,3
43.309512,12,-1,-7,-6,-25,-33,-16,63,3
43.309555,-2,-2,-5,-20,-22,16,6,4,3
43.311222,-10,-2,-4,0,2,-39,-14,-21,3
43.311228,-3,2,4,7,-71,10,3,20,3
43.331631,3,-6,-5,-17,-28,9,-6,-2,3
43.331649,-3,1,2,11,22,59,16,-2,3
43.333590,3,-1,-2,-24,-82,-37,14,48,3
43.333597,-35,-4,1,14,66,-36,-15,-8,3
43.345541,1,-3,-3,6,54,26,7,-14,3
43.345588,23,-1,-5,-16,-9,22,5,-42,3
43.354952,-7,1,-1,-24,-15,20,49,15,3
43.354957,-3,0,3,9,1,-33,-1,-23,3
43.369011,-10,5,0,-12,-27,-43,-2,-17,3
43.369028,17,4,-1,-9,70,38,-1,33,3
43.370863,-3,0,2,-3,6,-5,-7,-15,3
43.370881,-17,-7,-3,12,2,21,1,-6,3
43.391884,-3,-2,-3,-31,-75,67,1,-37,3
43.391924,3,-2,1,-6,-11,24,-12,8,3
43.394135,-7,-5,-6,-11,27,-31,-19,28,3
43.394142,-5,-2,-1,-4,24,10,0,-5,3
43.405380,15,1,-2,0,-28,-69,-14,59,3
43.406906,-19,-1,-1,-13,-1,-13,1,-14,3
43.414319,10,0,0,0,-55,-18,-12,23,3
43.414383,-1,-4,-5,-15,-48,7,15,-40,3
43.430731,0,4,0,49,-19,-77,10,3,3
43.430746,-2,1,0,-6,-12,19,-8,-11,3
43.430901,2,0,1,10,27,4,-5,23,3
43.430925,-3,-11,-7,-12,-5,-21,-20,-31,3
43.451760,19,1,2,-2,0,-25,29,66,3
43.451782,-23,-10,-8,-26,-7,7,-4,-33,3
43.454545,6,-2,1,29,-22,-2,-13,23,3
43.454551,-8,3,-1,-18,112,-66,-16,5,3
43.465281,-1,-2,0,1,40,74,-2,-7,3
43.465299,3,0,-3,-13,13,-23,-8,-3,3
43.476287,0,-3,-5,-3,19,6,45,-42,3
43.476303,7,3,0,-7,-21,9,-14,3,3
43.489086,9,1,0,-1,18,-19,-2,-19,3
43.489109,-4,0,2,17,2,13,-4,-1,3
43.491322,-11,-4,-3,-51,10,-11,-13,-27,3
43.491327,12,3,0,16,-32,6,29,29,3
43.511772,3,-2,2,8,-14,-52,8,4,3
43.511829,7,2,2,2,-15,6,5,35,3
43.513880,0,1,1,7,34,-81,-18,20,3
43.513886,-18,-6,1,-8,55,6,5,10,3
43.525228,7,0,-2,-10,-59,29,2,-28,3
43.525278,-3,-2,1,-4,65,-30,-13,-3,3
43.535430,11,1,0,23,15,50,19,-15,3
43.535448,8,4,5,28,-40,-3,8,45,3
43.549192,-17,-4,-5,-21,-10,-24,-6,-39,3
43.549208,13,1,0,12,15,-5,-3,53,3
43.551707,2,2,0,5,-10,-4,-5,-37,3
43.551712,4,4,1,-9,-15,71,0,19,3
43.571673,-13,-10,-2,-3,33,87,20,-25,3
43.571687,-2,1,1,9,-25,-7,7,-38,3
43.572992,2,8,4,18,21,19,30,22,3
43.573004,-10,-5,-4,-10,-41,66,-12,21,3
43.594071,4,7,7,29,-55,-22,-6,-9,3
43.594096,-4,-4,-6,-17,-20,32,-7,-10,3
43.595898,2,-1,0,5,-5,-18,-10,79,3
43.595920,12,2,-1,-1,51,-18,-5,-105,3
43.609448,-10,-3,-5,-45,-5,-65,-15,6,3
43.609468,-25,1,6,62,9,73,8,2,3
43.611309,-11,-3,-2,13,2,19,2,-53,3
43.611370,7,-6,-4,-5,-67,-23,-7,15,3
43.631794,-13,-1,-2,8,57,3,-10,5,3
43.631799,23,2,3,1,28,-119,-24,-1,3
43.633010,-7,-1,-1,-9,33,47,-18,-20,3
43.633024,-9,0,-1,5,21,31,-3,14,3
43.654085,-3,-5,-7,-6,3,-73,1,-31,3
43.654100,8,-1,-3,-20,-44,23,5,40,3
43.656576,-30,-8,-2,11,-75,-60,-41,-86,3
43.656581,15,6,-2,-37,-13,-23,4,-35,3
43.669312,0,-4,-1,-2,-59,4,-7,79,3
43.669337,-1,0,-4,-8,-9,18,35,6,3
43.671537,-10,-3,2,20,-52,24,-28,-18,3
43.671546,51,-2,-8,-45,7,-27,-3,-7,3
43.692604,-22,1,2,3,7,59,17,-41,3
43.692646,-16,-4,-4,2,-53,66,10,-29,3
43.695655,0,-5,-8,-29,36,-63,-34,33,3
43.695662,-7,1,3,5,-22,31,28,19,3
43.714348,27,1,3,10,73,51,-16,29,3
43.714375,-6,-2,2,19,-28,-66,10,21,3
43.715539,6,1,-2,-9,70,119,24,14,3
43.715552,1,0,0,23,-19,-33,3,14,3
43.728438,-3,-6,-2,6,-71,-50,-2,-5,3
43.728460,-1,0,-1,-34,23,32,7,-24,3
43.735734,-2,-5,-5,-6,-38,-1,-14,-15,3
43.735763,-8,3,6,10,87,57,38,31,3
43.751702,10,5,5,29,12,20,21,28,3
43.751728,-8,1,-5,-27,-39,-26,-26,-62,3
43.753942,15,0,2,-12,-31,2,7,29,3
43.753950,-9,-5,-4,1,12,-38,-16,25,3
43.774393,-12,0,-4,-3,-55,45,40,-49,3
43.774413,-3,-1,-1,12,8,8,7,-43,3
43.776035,-8,3,-1,-12,-9,-18,25,-33,3
43.776150,-4,-10,-4,16,-30,-35,-62,9,3
43.788580,4,-1,-5,-5,69,-60,-17,5,3
43.788587,-3,0,-2,-7,-4,-42,-3,40,3
43.795243,3,1,8,45,89,-3,-5,11,3
43.795268,-17,2,2,35,7,-8,15,-33,3
43.811625,4,6,4,5,29,44,4,22,3
43.811655,-41,-5,1,-14,-22,-15,-24,4,3
43.813629,11,0,-2,-19,23,-8,1,29,3
43.813636,-7,-1,-2,-7,10,7,-3,13,3
43.834049,6,0,-2,4,-1,-17,-24,-9,3
43.834056,14,0,-1,8,5,25,6,13,3
43.835600,-7,-4,-3,-14,-87,-25,0,-2,3
43.835619,3,-1,-1,-4,-30,-6,10,-13,3
43.847825,2,-2,-2,-13,59,9,-1,2,3
43.847843,6,-1,0,12,5,-51,22,15,3
43.857035,29,-7,-8,-7,42,0,-38,35,3
43.857040,3,-1,0,21,2,58,11,-13,3
43.871501,7,0,4,-6,-43,-106,7,-45,3
43.871525,-5,2,-3,-9,-59,63,-83,22,3
43.872980,-6,2,1,14,34,-21,16,15,3
43.872988,-6,-9,-10,-13,-23,1,-6,-17,3
43.894169,-14,-2,-1,-13,45,26,-13,11,3
43.894209,0,-2,2,0,-81,-12,11,-14,3
43.896610,16,4,4,47,-36,25,10,-24,3
43.896618,-19,-3,-2,6,45,-30,-3,70,3
43.908854,-6,-4,-7,-70,-74,24,-12,-89,3
43.908889,1,1,3,2,9,-23,22,44,3
43.915221,-2,0,0,-10,-1,29,6,24,3
43.915238,7,1,3,1,3,10,17,-53,3
43.931530,10,0,-1,9,16,-29,-10,38,3
43.931547,-11,-4,-4,-6,113,-30,16,-22,3
43.933031,-7,1,0,-3,-18,-62,-2,-55,3
43.933048,-4,0,0,-9,-19,0,4,18,3
43.954040,3,2,-1,5,-36,-7,-4,31,3
43.954059,2,-4,-5,2,-87,20,-26,-7,3
43.955587,3,-6,-1,-1,7,19,20,36,3
43.955594,-5,-1,-3,-11,-14,-40,-13,-58,3
43.968507,-4,0,2,49,44,46,7,6,3
43.968572,17,0,-2,-1,18,25,15,19,3
43.975256,-24,-2,-2,-29,-16,9,19,9,3
43.975274,4,0,2,10,-28,3,-4,34,3
43.991650,-10,-5,-4,20,-1,-9,-6,17,3
43.991803,16,-2,-4,-13,13,31,-12,-27,3
43.993380,-16,-2,3,23,-7,-13,-2,11,3
43.993398,-9,4,0,-22,-57,10,8,17,3
44.014260,8,-1,0,36,4,17,13,-5,3
44.014279,12,4,1,-12,-2,65,63,16,3
44.015598,-8,-3,-7,-14,-14,22,-45,-43,3
44.015634,-6,-1,-2,-2,86,112,5,-12,3
44.028834,0,-1,-2,-16,-30,-67,-16,8,3
44.028894,7,-3,0,14,30,-33,-6,-27,3
44.037069,-1,1,0,3,-18,-7,15,8,3
44.037076,0,1,-4,-25,-2,-26,-34,-55,3
44.059347,-1,-5,-3,-17,9,-13,-11,0,3
44.060803,-2,-3,0,28,99,-34,21,111,3
44.060809,10,0,-1,-13,-17,-26,15,6,3
44.060810,-8,0,0,-14,-90,-34,-18,-44,3
44.074414,4,1,1,1,66,6,2,-5,3
44.074439,-13,-3,-5,-18,-62,-34,-24,-10,3
44.076979,-10,-1,-2,9,-3,6,-17,-12,3
44.076986,8,-1,1,13,12,-2,9,-24,3
44.087926,2,-3,-2,-26,-15,-39,-25,-11,3
44.087944,-9,0,-3,-9,-9,8,-14,-65,3
44.098515,13,2,2,-9,-34,19,4,8,3
44.098520,0,-1,0,13,20,-92,18,28,3
44.111628,-1,1,2,12,36,22,1,26,3
44.111658,-17,-6,-2,6,37,52,-47,-92,3
44.114476,-2,-8,-8,-2,-15,8,-11,62,3
44.114555,2,-4,-5,7,-18,12,15,46,3
44.134181,-15,0,-2,-8,7,13,3,-25,3
44.134266,12,-1,0,-8,-33,-29,-1,13,3
44.135956,-3,2,1,15,9,-1,2,-6,3
44.136042,-11,1,-1,1,-6,19,10,15,3
44.156540,-7,-1,-3,-8,-36,-3,-3,-25,3
44.156562,3,0,-2,-12,67,8,-29,-11,3
44.157991,-13,-2,-5,-25,-68,-14,13,-24,3
44.158006,12,4,0,-6,39,-45,-30,-29,3
44.171534,2,-4,-2,-3,-19,28,16,6,3
44.172646,11,-1,1,21,-61,-37,8,8,3
44.173177,-2,3,-1,0,39,0,-6,-61,3
44.173216,-6,-5,0,14,7,79,0,74,3
44.195080,3,-3,-8,-57,-83,-56,-5,-19,3
44.195086,-13,-4,-6,-19,-55,94,0,-11,3
44.195728,11,0,2,11,91,14,-53,-9,3
44.195747,0,0,3,23,-53,52,7,26,3
44.207849,-5,2,4,6,68,46,-3,7,3
44.210706,0,0,0,1,18,-38,14,36,3
44.216794,6,0,-3,-12,-4,-25,22,15,3
44.216824,-7,-5,-5,-16,-14,-8,-9,-57,3
44.231916,-1,0,0,7,-10,5,-1,23,3
44.231949,21,5,-1,-11,-98,13,38,25,3
44.233385,-23,-1,3,10,53,-24,-26,-3,3
44.233396,20,0,1,8,-2,-29,2,52,3
44.254016,-9,-7,-2,19,-11,40,3,-12,3
44.254036,-11,-1,1,-1,36,-42,-9,-27,3
44.255578,16,0,-2,-13,-48,44,15,40,3
44.255593,-13,-3,-3,-10,5,-4,1,3,3
44.267822,1,2,0,-5,19,3,-2,23,3
44.267845,3,-1,2,19,1,-11,3,18,3
44.277722,-7,-2,-4,-16,-65,-32,-4,-15,3
44.277737,-3,3,2,-20,78,29,1,-16,3
44.291755,29,-4,-8,-11,25,71,-10,27,3
44.293724,4,2,4,24,-25,-18,10,0,3
44.293740,-23,-7,-2,5,-28,44,-1,37,3
44.293743,-31,-3,-2,1,36,-35,22,-77,3
44.314241,4,-2,-2,-10,-36,-19,1,8,3
44.314277,-2,2,-1,-9,38,9,-9,17,3
44.315689,18,4,0,3,10,-13,6,21,3
44.315722,4,-2,1,-2,-61,8,5,14,3
44.327898,-15,1,0,8,-8,-16,9,3,3
44.327929,-2,-2,-2,7,16,-28,-2,0,3
44.337299,-3,0,0,1,-1,-19,4,-23,3
44.337306,1,-3,-3,2,-16,-17,-13,-2,3
44.351614,-1,1,2,12,-15,-16,3,-5,3
44.351634,-1,-2,-2,-9,15,4,-13,6,3
44.353106,5,-1,-1,-16,-6,-25,6,7,3
44.353126,0,2,1,21,60,40,-15,-57,3
44.374021,5,-2,-3,0,15,-45,11,23,3
44.374040,-2,-1,2,10,71,-24,-1,-19,3
44.375781,-20,-6,-1,7,14,43,23,-65,3
44.375808,13,-1,-4,-18,19,-69,-18,64,3
44.387839,-20,-2,-3,-12,-71,77,-20,-52,3
44.387862,-4,-1,-2,5,-1,47,30,-1,3
44.397059,20,8,4,13,59,-21,-43,-22,3
44.397089,-10,-4,-2,-19,-24,12,5,8,3
44.412372,-8,-2,-2,-1,-28,-48,-4,35,3
44.412395,1,0,4,17,65,42,-25,-6,3
44.413421,6,0,0,15,-52,18,4,-5,3
44.413458,-8,-4,-7,-16,-63,26,73,91,3
44.434014,-10,2,2,30,10,-101,3,21,3
44.434030,6,-1,-4,-9,-35,49,-20,-17,3
44.435598,8,1,-4,-12,4,-48,-9,7,3
44.435639,11,2,2,6,-1,-12,-12,4,3
44.448088,3,-2,-2,-7,-11,-4,13,18,3
44.448130,0,-5,-4,-13,-22,-34,3,-11,3
44.457752,6,-1,0,-1,-8,-14,7,10,3
44.457771,10,0,1,-1,-27,-10,-8,31,3
44.471675,-15,0,-1,-1,13,29,3,-45,3
44.471697,-4,-2,0,0,-6,53,17,21,3
44.474569,15,2,-1,-17,10,61,0,75,3
44.474575,-22,-6,-1,24,-6,31,-44,-26,3
44.494061,6,1,7,28,18,20,-2,12,3
44.494079,4,1,0,5,18,-16,15,50,3
44.495976,-3,-1,-2,-32,-33,-42,19,11,3
44.495997,8,2,3,21,21,7,-7,-25,3
44.507817,-6,0,-1,-1,-45,-3,-13,4,3
44.507834,-14,-3,-6,2,-53,-51,0,-14,3
44.517905,-6,0,1,-2,36,18,1,-21,3
44.517914,5,-3,-4,-7,-44,-28,49,15,3
44.531657,15,3,2,5,20,28,-31,6,3
44.531674,-23,-2,0,-11,-9,-22,9,-7,3
44.534076,-3,-4,-4,9,16,-9,16,17,3
44.534083,-13,0,-3,-17,-79,-12,-23,-64,3
44.554423,22,2,-1,6,42,28,10,40,3
44.554502,-13,-8,-5,-17,5,107,-9,-41,3
44.555555,-22,-5,-2,-2,-42,-21,-36,-114,3
44.555571,2,-1,-2,-1,50,8,11,17,3
44.577104,-10,-4,-3,0,-43,-4,6,9,3
44.577130,16,7,1,-3,72,-61,-29,-20,3
44.579036,-4,-9,-3,14,-35,-9,15,81,3
44.579046,-17,-1,0,1,38,2,-13,21,3
44.592168,17,-1,-4,-18,16,-6,19,-15,3
44.592228,-15,0,1,16,13,17,22,17,3
44.594424,13,3,-1,29,-18,46,15,50,3
44.594431,4,1,0,0,-21,-23,-19,-53,3
44.615359,-27,-8,-4,-12,-10,-2,3,49,3
44.615366,6,1,1,-9,-61,-51,-12,-30,3
44.615627,4,0,-1,-5,18,-6,-39,-5,3
44.615686,14,-1,0,-1,-4,-79,-9,52,3
44.636787,11,0,-1,6,20,41,2,-22,3
44.636812,-14,-3,-2,-16,-29,-39,-20,6,3
44.638833,2,-2,-3,4,53,15,16,-15,3
44.638837,-1,3,4,8,34,-52,48,-3,3
44.651817,-2,-5,-4,-12,-52,60,-48,45,3
44.653795,7,0,0,-13,36,-27,-9,-58,3
44.653802,0,-2,0,-10,-23,-2,-7,7,3
44.653804,-1,-3,-3,-2,36,8,-9,-6,3
44.674446,4,3,-1,-31,17,-49,15,-24,3
44.674475,-7,-5,0,43,-22,83,10,1,3
44.677050,-13,0,-4,-20,6,3,-13,-5,3
44.677061,0,-2,-2,7,-54,31,-23,-53,3
44.696746,3,1,-1,-13,14,-8,11,-38,3
44.696789,-14,-1,-5,-12,-19,-50,-6,86,3
44.698281,-21,-5,0,-2,-11,-42,-5,-92,3
44.698311,-15,0,2,4,47,25,-24,39,3
44.711053,27,1,0,0,51,-36,45,30,3
44.711080,18,0,0,16,-30,2,-35,28,3
44.718067,8,1,-1,7,11,1,7,13,3
44.718097,-5,-5,0,-5,-8,20,-8,-17,3
44.734198,0,1,0,4,-21,-2,2,-11,3
44.734216,-20,-8,-4,-13,18,-8,25,8,3
44.735602,2,5,-2,-1,-32,50,14,33,3
44.735618,11,4,1,4,-19,22,-17,-57,3
44.757344,-10,3,-2,-8,-74,-52,-20,3,3
44.757351,4,-3,-6,-49,10,-26,1,5,3
44.758020,-6,-8,-5,-35,52,78,3,-2,3
44.758035,-1,-1,0,19,-12,-11,19,13,3
44.771506,-18,-4,-5,-20,-44,-29,-25,-60,3
44.771511,21,9,5,44,40,-35,12,6,3
44.777744,-6,-1,-1,-5,-49,-11,1,3,3
44.777764,1,-1,-3,-18,-22,23,-12,1,3
44.794075,-6,-5,-1,6,42,-5,4,-25,3
44.794096,18,-3,-5,-19,-59,-73,9,65,3
44.795852,1,2,3,7,-10,49,14,-25,3
44.795872,-25,-4,-3,-1,13,-23,14,14,3
44.816648,20,1,1,14,-29,20,2,36,3
44.816680,-6,-1,0,-5,-38,5,7,4,3
44.818301,-9,1,0,7,13,-24,-19,-91,3
44.818310,16,0,-5,-24,-8,55,8,42,3
44.830902,-10,0,2,7,32,-99,-33,-33,3
44.830918,6,1,0,8,-11,94,-3,-2,3
44.838067,5,-4,1,0,17,-35,-13,30,3
44.838089,-4,0,0,0,-19,7,1,-11,3
44.854103,-12,-4,-2,2,-2,-1,3,-18,3
44.854120,6,1,-1,1,-8,-25,-8,-5,3
44.855462,5,2,0,22,7,36,11,18,3
44.855477,10,0,2,-4,-12,-94,-48,1,3
44.876818,-11,2,-1,7,-78,17,1,53,3
44.876841,0,-3,5,50,-1,-24,-6,-29,3
44.878110,3,3,0,-20,8,-75,7,25,3
44.878189,-14,-7,-4,-1,12,34,5,-5,3
44.891770,-4,-2,2,17,-1,32,11,-4,3
44.891815,-2,-3,-7,-14,-39,-10,-26,69,3
44.897814,9,1,1,1,-28,-57,-11,32,3
44.897832,41,6,2,1,4,7,15,56,3
44.914183,-18,-2,-1,-13,10,-16,-9,-32,3
44.914201,-8,0,-1,-13,18,2,21,-36,3
44.915563,10,-2,-5,-9,25,50,8,25,3
44.915574,1,1,-1,-11,7,-71,-12,15,3
44.936597,-6,0,6,13,123,84,14,41,3
44.936622,7,-1,1,-3,-6,8,31,-40,3
44.938799,-21,-4,-4,16,-65,8,-13,-28,3
44.938806,5,1,3,1,-7,-2,-6,-40,3
44.951076,-12,-4,-6,1,-35,-28,-8,-4,3
44.951110,-7,-1,3,0,4,-12,-7,-14,3
44.957866,6,-2,-2,-19,-25,-16,2,15,3
44.957882,-3,1,-2,-4,-39,-37,-2,6,3
44.974401,-7,-4,-4,-30,8,77,8,-35,3
44.974406,13,4,-1,-13,2,0,25,17,3
44.975666,-33,-6,2,9,-38,79,20,-64,3
44.975691,-8,-2,-4,5,7,74,-16,-22,3
44.996791,18,1,0,-20,-20,-57,-3,3,3
44.996822,-10,1,0,11,7,1,-20,-49,3
44.998045,5,2,-1,9,8,-25,9,31,3
44.998051,-26,-1,-1,-16,-6,13,14,-73,3
45.010945,24,-1,-2,-2,-5,58,3,25,3
45.010970,5,1,0,-17,-16,16,-6,33,3
45.017830,6,1,2,68,118,-36,12,-3,3
45.017858,-3,-3,0,1,13,-11,2,22,3
45.035913,-5,-4,-8,6,10,-3,26,-24,3
45.035919,-14,-2,1,0,13,-6,-12,-43,3
45.035922,6,3,1,-4,-2,34,-5,26,3
45.035924,20,2,-1,7,-14,-11,-10,21,3
45.056523,-10,1,-2,4,-42,9,6,-81,3
45.056545,8,-3,-2,-1,5,-47,-2,39,3
45.057999,-22,-4,-7,-17,-19,-84,-74,-13,3
45.058035,-3,-2,-1,0,40,10,8,3,3
45.070252,1,0,2,0,-3,-22,-13,9,3
45.070268,2,0,-1,0,-77,25,5,18,3
45.080471,-10,-4,-5,-34,31,1,-6,-4,3
45.080483,2,-1,-1,21,6,-19,9,-2,3
45.094254,7,0,2,11,6,14,-53,43,3
45.094271,3,-8,-4,-8,-12,0,-5,17,3
45.095831,-16,-2,-2,-5,-33,-2,19,17,3
45.095858,14,2,0,2,9,12,-10,10,3
47.119039,40,-44,-11,-6,-1,-2,0,1,0
47.119242,-3,0,1,2,-1,-2,-1,1,0
47.120660,-12,-13,-7,-1,0,0,0,-1,0
47.120735,-8,8,-1,1,-4,-2,-1,-2,0
47.142271,-46,7,3,1,1,-2,1,-2,0
47.142312,40,-4,-1,-2,0,-1,-1,0,0
47.144055,1,4,-5,0,-5,-2,-1,-1,0
47.144062,-13,9,2,1,0,-1,0,-1,0
47.155357,15,-10,0,-6,-2,0,-2,0,0
47.155388,16,6,1,0,0,-2,-2,0,0
47.164159,-2,0,2,2,2,-2,-3,-5,0
47.164164,25,-11,-6,-3,-3,-1,-1,0,0
47.179463,14,35,7,2,1,2,0,3,0
47.181190,-41,-24,0,-2,-1,-2,-3,-4,0
47.181198,-5,-8,-2,-1,-1,-1,0,0,0
47.181200,-7,-6,-5,-2,-5,-2,0,-2,0
47.201660,0,10,-3,-2,-4,0,-1,-1,0
47.201679,24,8,6,2,0,1,1,3,0
47.203006,23,9,-6,-3,-4,-2,-2,-4,0
47.203019,-51,-29,-2,-2,1,-1,-2,-2,0
47.223281,24,13,-8,-2,-1,-2,-3,-5,0
47.223303,-12,-13,-7,-8,-2,-2,-1,-2,0
47.226366,31,29,8,4,1,0,-1,1,0
47.226374,-10,-3,1,1,1,-1,-2,-3,0
47.238292,36,-9,1,-1,-1,-2,0,-1,0
47.238314,-6,5,-2,0,-2,-2,1,-1,0
47.239261,37,15,-5,-8,-3,-1,-1,2,0
47.239265,6,-10,1,0,1,-2,-2,-2,0
47.260925,-62,-19,2,3,0,-1,-2,-3,0
47.260961,47,13,0,-2,0,-2,-1,2,0
47.262760,-69,-11,-3,-1,-2,-2,-3,-3,0
47.262771,15,6,-5,-2,-1,-1,-1,2,0
47.283453,-14,11,3,1,0,-1,-3,-2,0
47.283477,13,16,0,0,0,0,-1,-1,0
47.284898,16,-27,-1,1,-1,-1,-1,0,0
47.284907,-25,4,-1,-1,-1,0,-1,-4,0
47.298435,-10,-10,-4,-6,0,-1,1,1,0
47.298452,6,-3,0,1,-3,0,-1,1,0
47.299083,-2,-1,1,-3,0,0,0,0,0
47.299213,34,20,1,5,-1,-2,-4,-3,0
47.320883,-17,-12,4,-1,-1,0,-2,2,0
47.320900,45,8,-2,0,0,-1,-1,1,0
47.321792,-26,-5,-2,-2,6,-2,-1,-5,0
47.321796,-18,-20,-3,-1,-4,0,1,0,0
47.343435,-16,8,1,2,0,-1,0,-1,0
47.343537,24,14,5,4,2,-1,1,0,0
47.344104,21,-5,-4,0,-2,-1,-1,-1,0
47.344116,-49,-13,-3,-2,1,-2,-1,-1,0
47.358676,-5,5,0,0,-1,-2,-2,-3,0
47.358685,-6,-1,-3,-3,-2,-2,-1,-4,0
47.359197,23,3,-1,-2,-2,0,-1,3,0
47.359217,8,6,0,-2,-1,0,-2,-2,0
47.380853,-7,18,-2,0,-2,0,-3,-2,0
47.380869,-15,-40,-6,-3,-1,-2,0,0,0
47.381879,-5,-9,-4,0,-3,-2,-3,-1,0
47.381883,42,11,3,0,-1,-1,-2,2,0
47.405918,-22,-3,1,0,-1,-1,0,-5,0
47.405924,-14,3,-5,-2,-3,-1,-2,-3,0
47.405926,-20,-5,0,-1,-2,-1,-1,-2,0
47.405928,8,-6,-2,3,2,-1,0,1,0
47.418779,20,9,-3,-2,-1,-1,0,-2,0
47.418814,-19,0,-3,-6,-1,-1,-1,-3,0
47.420754,23,0,3,5,-1,0,0,2,0
47.420759,-43,-27,-12,-11,-2,-1,-1,-3,0
47.441372,15,8,4,1,1,-1,-2,-1,0
47.443590,-10,-8,-3,-1,-1,-1,0,0,0
47.443595,-12,11,3,-1,-1,-1,-1,-4,0
47.443597,16,11,2,-4,-2,0,0,-3,0
47.463738,-10,-11,-3,3,-3,0,1,0,0
47.463765,-2,0,5,1,0,-1,-2,-1,0
47.465901,3,8,-4,-4,-1,0,-1,0,0
47.465908,4,-1,2,2,-1,-2,-1,0,0
47.478734,-9,-5,-5,-4,-3,-2,0,0,0
47.478781,12,-1,-6,-2,-2,-1,-3,-1,0
47.480903,-8,-2,3,1,-1,-2,-1,-1,0
47.480911,-6,-2,2,4,0,0,0,1,0
47.500957,9,11,1,0,1,-1,-2,2,0
47.500974,-46,11,-4,-3,-2,-2,-4,-8,0
47.501691,13,-24,-4,-3,-2,-1,-2,0,0
47.501707,-36,-20,-2,-2,6,0,0,0,0
47.523828,-28,-3,-1,1,-2,-2,1,-2,0
47.523850,12,-2,4,1,1,-1,-1,2,0
47.525949,-3,23,1,0,-2,-1,0,-1,0
47.525967,12,3,-2,0,1,-1,-2,-2,0
47.538392,13,-14,-4,-4,-2,-1,0,2,0
47.538428,17,24,7,-3,0,-1,-1,0,0
47.539324,-58,-55,-6,3,1,-1,-1,-2,0
47.539328,55,39,-2,0,-2,-1,0,3,0
47.560910,-6,-20,-1,-6,-1,-1,-1,-1,0
47.560928,-38,-2,-2,2,0,0,-2,-5,0
47.561897,0,18,-3,-2,-3,-2,-4,-5,0
47.561925,27,-9,1,-1,-2,0,0,-2,0
47.583383,-68,-27,-2,-1,0,0,-1,-2,0
47.583399,26,-1,-2,-1,-1,-1,0,1,0
47.584346,-6,2,0,0,1,-1,1,2,0
47.584351,-7,5,1,1,-2,-2,-1,-3,0
47.598360,37,22,2,-1,-1,-2,-1,-1,0
47.598382,-28,-15,-1,3,-1,1,0,-2,0
47.599417,-9,-10,-3,-7,-3,-2,-2,-1,0
47.599422,20,3,-5,-5,-4,-2,-1,1,0
47.620924,-3,8,2,-1,1,-1,0,0,0
47.622206,5,8,6,4,1,1,0,2,0
47.622210,-10,-9,1,0,-1,-1,-1,-3,0
47.622248,12,-2,-1,-2,-1,-1,-2,0,0
47.643501,4,-6,-9,-4,-2,-1,-1,-3,0
47.643523,14,14,1,-1,1,-1,0,0,0
47.644696,17,-12,1,1,2,-1,0,1,0
47.644701,28,2,-1,-1,-4,-1,-1,1,0
47.658817,-86,9,0,-1,0,-1,-3,-5,0
47.658848,34,-22,-6,-3,-4,-2,-1,3,0
47.660979,9,22,2,-1,1,-2,-2,-2,0
47.660988,-17,-9,0,0,0,0,0,-1,0
47.680861,33,25,4,1,0,-1,-1,-1,0
47.680884,-2,-43,-8,-5,-2,-2,-1,-2,0
47.682376,-15,8,1,0,-1,-2,-3,-1,0
47.682391,-11,-1,-1,-1,0,0,0,0,0
47.703339,20,12,0,-1,-1,-1,-1,-4,0
47.703355,3,-2,-2,-2,-2,0,-2,-4,0
47.704069,-13,-16,-3,2,-1,-1,-1,0,0
47.704085,-9,9,1,-1,-2,-2,-1,-4,0
47.718370,38,4,-1,-1,1,-1,1,2,0
47.720128,-5,-2,-1,-1,-3,1,0,2,0
47.720140,-8,-9,-3,-5,-3,-3,-1,0,0
47.720142,-9,1,-4,-1,0,-3,-1,-2,0
47.740905,1,-8,-1,1,-1,0,-1,0,0
47.740921,25,14,4,3,1,-2,0,1,0
47.743026,19,29,1,-3,-2,1,1,1,0
47.743033,-65,-30,-1,-1,-1,-2,0,-3,0
47.763490,15,-4,-2,-2,-1,0,0,1,0
47.763509,11,2,-3,-3,-4,-2,-1,-2,0
47.764033,-13,-2,3,-2,0,0,1,1,0
47.764044,34,20,-3,-3,1,-2,-1,-3,0
47.778484,-49,-29,-1,2,-9,-1,-2,-2,0
47.778526,-23,4,5,3,-1,-1,-1,-4,0
47.779493,17,26,-1,-2,-4,-1,0,1,0
47.779519,23,-24,-2,2,-2,0,-1,3,0
47.800790,-1,4,2,0,3,-1,-4,-4,0
47.800809,-17,-1,-10,-7,-1,-1,0,0,0
47.802624,24,-8,-5,-4,-4,-1,-1,-1,0
47.802636,-17,23,2,-1,-1,-2,0,0,0
47.823392,10,-23,0,0,-1,-3,0,-2,0
47.823414,16,-6,1,2,-2,0,-2,1,0
47.825878,0,17,-3,0,1,0,-1,-2,0
47.825894,-70,-13,-3,-5,-1,0,-2,-4,0
47.837705,18,-2,-2,2,2,-3,1,3,0
47.839046,-3,25,3,0,-1,-1,0,-4,0
47.846212,12,-22,2,0,2,0,1,2,0
47.846231,22,3,2,2,-2,1,-4,-2,0
47.860891,14,-1,-6,-6,-3,-2,-1,-2,0
47.860916,-27,-12,-7,-7,-2,-1,-1,-3,0
47.861744,29,38,9,7,0,0,0,0,0
47.861775,-22,-23,-5,-4,-1,-1,-2,-4,0
47.883369,0,-13,-2,-1,1,2,-1,0,0
47.884638,4,7,3,-1,-1,0,0,0,0
47.884642,-2,-21,-4,-2,-1,-2,-1,-2,0
47.884644,49,17,-4,-9,-8,-3,-1,1,0
47.898261,-60,0,0,4,-1,-2,-2,-3,0
47.898280,19,0,4,0,0,-2,-3,0,0
47.899375,-30,-7,-5,-4,-4,-1,-2,-3,0
47.899379,13,1,-2,2,2,0,0,1,0
47.920816,17,13,3,-2,0,-1,-2,-2,0
47.920859,7,-7,-4,-2,-2,-1,-2,0,0
47.921609,-29,-5,0,1,2,1,1,-2,0
47.921660,14,16,5,4,-1,-1,0,2,0
47.943447,19,-24,-5,-6,-5,-1,-2,-2,0
47.943465,-61,-6,-3,0,-1,-1,-2,-1,0
47.944338,-16,-11,-4,-3,-1,-1,-2,-3,0
47.944343,3,12,4,1,-1,-1,0,0,0
47.957715,-22,14,1,-4,-1,0,0,1,0
47.957737,66,-9,0,5,0,-2,-1,5,0
47.965865,-13,7,-5,-2,-1,-2,-3,-5,0
47.965874,-39,-10,2,0,0,0,0,-3,0
47.982130,18,2,-1,-1,-1,0,-2,0,0
47.982135,-30,-26,-8,-6,0,0,-1,-3,0
47.982137,16,2,2,1,1,0,-1,0,0
47.982139,5,7,-1,3,2,-1,-2,-2,0
48.003440,13,10,0,1,-1,1,1,-1,0
48.003455,32,2,1,-3,-2,1,2,0,0
48.004807,-59,2,0,0,-2,-2,-2,-2,0
48.004812,4,-15,-6,-6,-2,-1,-2,-1,0
48.017854,5,26,0,1,-1,-1,-1,-1,0
48.017879,1,-28,1,1,-1,0,1,2,0
48.025975,17,-4,-5,-4,-3,-2,-1,-1,0
48.027562,-11,-2,0,-4,0,1,-1,-1,0
48.041359,5,6,2,3,0,-1,-2,0,0
48.041402,-4,6,6,3,6,-1,0,-1,0
48.044345,6,8,2,0,-3,0,-1,-1,0
48.044350,-25,-15,-1,2,2,1,0,-4,0
48.063883,24,12,-4,-1,-2,-1,-2,0,0
48.063909,-10,2,-9,-5,-2,-3,-1,-1,0
48.064078,5,-16,1,-2,0,-2,-1,-2,0
48.064142,-7,-9,-2,1,0,0,-2,0,0
48.077741,22,13,4,1,1,-1,0,1,0
48.077769,-54,-14,-6,0,-2,-2,-3,-4,0
48.086017,4,7,-5,-3,-3,-1,-1,1,0
48.086039,15,-10,1,-2,-3,0,0,3,0
48.100883,6,-2,2,0,1,-1,-1,-2,0
48.100905,15,7,1,-3,-1,-1,0,-2,0
48.101941,1,8,0,-3,0,-1,0,2,0
48.101945,52,19,8,8,2,-2,-1,0,0
48.124586,-64,-40,-5,-4,-3,-4,-4,-2,0
48.124596,51,17,2,0,-3,0,-2,-2,0
48.124597,12,-2,1,1,0,0,-1,1,0
48.124725,-12,9,-5,-3,-3,-2,-2,-3,0
48.139714,12,-8,1,0,-1,-2,2,0,0
48.139719,-11,5,-2,1,-2,-2,-1,-3,0
48.146156,-16,-6,-5,-3,-1,0,-1,-3,0
48.146178,29,12,5,-3,2,0,0,0,0
48.160884,-19,-11,-1,1,-10,-1,-1,1,0
48.160913,-21,-4,1,-3,0,-1,-1,-1,0
48.162326,25,2,1,2,-1,-2,-2,1,0
48.162348,-14,8,-1,-2,0,-1,0,0,0
48.184991,15,-6,-3,-4,2,-3,-3,-1,0
48.184999,-25,-7,-3,-1,-2,-2,-2,-2,0
48.185003,12,15,0,0,-1,-2,-1,-4,0
48.185007,-25,-48,-3,-3,-4,-1,-1,-1,0
48.206655,58,16,-4,-1,-1,0,-1,0,0
48.206678,-25,-6,-4,-4,-5,-1,-1,-1,0
48.207499,-4,5,4,4,4,0,0,0,0
48.207503,3,11,1,-3,-1,-1,-1,-2,0
48.221141,-11,3,1,2,0,-1,-1,-2,0
48.221163,26,-11,2,1,-1,0,-1,3,0
48.222199,1,0,-5,-3,-3,-2,0,-1,0
48.222203,-10,-5,-4,-3,-2,0,-1,-2,0
48.243464,1,0,0,-1,-1,-1,0,-1,0
48.243616,9,31,0,-4,-1,0,0,3,0
48.244900,-26,-37,0,1,0,-2,-1,-2,0
48.244907,21,3,-2,0,-1,-1,-1,1,0
48.258083,-15,3,1,0,0,-1,0,-2,0
48.258104,-17,2,1,-2,-1,0,0,-5,0
48.265852,12,13,-1,-2,-2,0,-1,1,0
48.265870,12,-18,-5,-1,0,-1,-2,-1,0
48.280885,-39,-6,1,-3,-2,-1,-1,-2,0
48.280906,28,7,0,-1,-1,0,0,0,0
48.281691,33,-5,-9,-6,-3,-1,-1,-2,0
48.281709,-28,-9,-4,0,4,-2,-3,-3,0
48.303483,-8,4,4,3,-7,0,-2,-1,0
48.303505,20,-2,3,5,-1,-1,-2,-1,0
48.306072,-12,9,-1,-3,-1,0,0,-1,0
48.306084,9,-3,-5,-5,-4,0,0,0,0
48.318090,20,-5,-4,-3,2,1,-1,0,0
48.320704,-41,-8,-2,-1,-1,-1,0,-3,0
48.325987,21,18,-2,-3,-3,-3,-3,-2,0
48.326012,-20,-22,2,4,-1,-1,0,1,0
48.342300,-6,-9,0,-1,2,0,0,2,0
48.342314,0,-5,-1,1,-1,-2,-2,-1,0
48.342316,9,0,1,0,0,1,-1,2,0
48.342318,11,6,0,-1,-1,0,0,-2,0
48.363630,-67,14,-5,-1,0,-1,-1,1,0
48.363659,-2,-11,-3,-3,-1,0,-1,1,0
48.366095,9,-8,3,0,0,-2,1,-3,0
48.366102,-2,12,1,0,0,1,-1,-2,0
48.386511,15,0,0,-2,1,-1,0,1,0
48.386535,4,11,-1,-3,-3,-2,-1,0,0
48.387210,-41,-23,-2,2,-1,-2,0,-2,0
48.387223,5,-1,-1,-1,-3,-1,-1,-1,0
48.402118,21,6,-1,-2,0,0,0,-3,0
48.402130,-24,-14,-4,-2,0,0,-2,1,0
48.402135,30,18,-3,-6,-3,0,-2,0,0
48.402138,-47,6,5,6,0,-2,-1,-3,0
48.423252,5,-8,2,1,0,-1,0,-2,0
48.423274,10,27,0,-1,-1,0,1,-2,0
48.424297,-25,-30,0,-6,-4,-1,-1,-1,0
48.424309,60,17,-8,-4,-5,-1,-1,0,0
48.447096,-83,-39,-9,-1,-1,-1,-3,-4,0
48.447128,30,6,10,4,-1,0,1,0,0
48.448803,-4,8,2,1,3,-1,1,1,0
48.448808,11,-5,-1,-1,-1,-1,-1,-1,0
48.461010,38,12,-1,-2,-2,-2,-1,0,0
48.461033,18,-4,-9,-4,1,0,-2,2,0
48.463903,-21,-7,1,0,-1,1,-2,-5,0
48.463914,-8,10,-2,-2,-1,-1,-2,1,0
48.483305,33,13,1,-1,-1,0,0,-2,0
48.483324,11,-17,0,-1,-1,-1,-1,-2,0
48.484057,6,1,-4,0,0,-1,-2,0,0
48.484070,-20,-26,-3,-4,-3,-1,-1,-1,0
48.506477,19,6,3,4,-1,0,-1,0,0
48.506493,-15,-7,-4,0,1,-1,0,2,0
48.508096,30,13,1,-1,1,-2,-1,-1,0
48.508121,10,-4,-6,-1,0,-1,-2,0,0
48.520839,-24,6,0,-4,-3,-2,-2,-4,0
48.520862,23,13,-1,-3,-2,0,-2,-1,0
48.521939,-23,-19,4,3,1,1,-1,0,0
48.521944,1,7,-1,-3,-1,-1,-1,-1,0
48.544778,9,-16,-1,-3,-1,1,-1,-1,0
48.544784,-20,-1,-2,0,-1,-2,-1,-2,0
48.544786,-8,2,-5,-2,-1,-1,0,-1,0
48.544788,12,4,3,0,0,-3,0,-1,0
48.566636,5,-4,0,0,3,-1,1,2,0
48.566652,26,6,-2,-4,-8,-1,-1,-1,0
48.567721,-70,-13,1,2,-4,0,-1,0,0
48.567725,1,14,-3,-1,-2,1,-1,-3,0
48.580848,-37,-7,-1,-2,-2,-3,-3,-3,0
48.580864,-12,-21,-4,-2,3,-2,-1,-1,0
48.581634,24,13,3,-1,0,-1,-2,-3,0
48.581656,6,-3,-3,-2,-2,-1,-1,2,0
48.605902,21,22,-1,-3,1,-1,-1,-1,0
48.605907,-6,3,-2,1,1,-1,0,-2,0
48.605909,-21,-33,-5,-5,-2,-1,0,1,0
48.605910,10,14,0,4,0,-1,-1,0,0
48.626567,14,-26,-3,0,-3,-2,0,-1,0
48.626594,-4,9,0,-4,-1,-1,-1,-2,0
48.627600,0,7,-3,-2,0,1,0,-2,0
48.627683,10,5,4,1,-1,-2,0,0,0
48.640815,-15,12,-5,-1,-2,0,-1,2,0
48.640832,4,17,2,-1,-1,1,-1,-2,0
48.641670,18,-45,-8,-1,-1,-3,-3,-1,0
48.641782,-18,-22,1,-4,-1,0,-1,-4,0
48.663524,-11,5,0,4,-1,0,-1,-3,0
48.663556,-19,-3,-2,-1,0,-1,-1,-4,0
48.664819,40,23,3,2,0,-1,-1,3,0
48.664826,-6,5,0,-1,-2,-2,0,1,0
48.686465,-8,-12,-4,-5,-2,0,0,-3,0
48.686480,39,-5,-3,1,1,1,0,4,0
48.687404,-61,0,-4,-5,-2,-2,-3,-6,0
48.687476,-11,-9,-1,-4,-6,-1,-1,-2,0
48.700765,4,7,4,1,-1,1,-1,0,0
48.700776,6,-1,4,0,1,0,-1,0,0
48.701618,8,4,0,2,-1,-1,1,2,0
48.701650,-13,28,-2,-2,0,-1,-1,0,0
48.723597,10,-43,-5,-2,0,0,-1,1,0
48.723620,-22,-11,-2,-2,-2,-2,0,-1,0
48.726601,6,1,-3,1,1,-1,1,1,0
48.726613,8,13,3,-2,0,-1,-2,-2,0
48.747871,23,1,-9,-1,-2,-1,0,1,0
48.747878,-83,-2,3,-2,0,-2,-2,-5,0
48.747880,9,2,1,4,0,-1,1,-1,0
48.747882,9,-3,0,-2,0,0,1,2,0
48.760859,8,5,0,-1,0,-2,-2,-3,0
48.760880,0,-18,-4,-3,-3,0,-3,-1,0
48.763420,8,-10,-3,-2,-1,-2,-2,-3,0
48.763438,-17,-3,2,4,-1,0,-1,-3,0
48.783401,0,6,2,-2,-2,-3,-2,-3,0
48.783418,18,18,-2,-2,-3,0,-2,-2,0
48.785601,26,-1,0,-1,-3,-1,-1,2,0
48.785613,-29,-26,-5,-6,2,0,-1,-2,0
48.807007,-6,10,2,1,-1,-2,-1,0,0
48.807030,38,10,5,2,1,0,0,-2,0
48.809908,-18,2,1,2,0,0,-1,0,0
48.809919,-8,-7,-4,-1,0,-2,-1,-1,0
48.820774,9,3,-2,-3,-1,-1,-1,1,0
48.820795,-17,-3,0,1,-3,-2,-1,-3,0
48.821607,3,6,0,-2,-1,0,-1,-4,0
48.821610,7,17,0,1,-1,-1,-1,0,0
48.843511,-9,-10,-2,-2,5,-1,-3,-2,0
48.843538,6,-37,-9,3,-3,-2,0,2,0
48.844362,10,13,2,-3,0,-1,-1,-2,0
48.844403,-7,9,3,4,0,-1,-2,-3,0
48.866987,6,7,-1,-1,-1,0,0,1,0
48.867009,-1,2,0,-3,1,-1,-2,-2,0
48.869306,-3,-3,-2,-2,-2,0,-1,2,0
48.869310,39,17,2,2,1,-1,0,2,0
48.880990,-19,-13,-1,-1,-2,-2,-1,-1,0
48.881006,21,-17,-7,-3,-1,-1,0,-1,0
48.882252,-78,4,1,-1,-2,-1,-3,-5,0
48.882256,37,-6,0,2,-3,-2,-1,-2,0
48.903280,20,15,5,1,-1,-1,0,0,0
48.903290,-14,31,1,-2,-1,-2,-1,1,0
48.904033,29,-37,-5,-6,-1,0,0,3,0
48.904183,-24,-18,-2,-2,-2,1,-1,0,0
48.926601,-11,-8,-5,0,-2,-1,0,-2,0
48.926623,11,13,5,2,0,0,-1,-1,0
48.928006,-7,12,-7,-3,0,-1,-1,-3,0
48.928024,-9,-3,-2,-4,-2,0,-2,-1,0
48.948990,0,-19,-3,-3,-3,1,-2,0,0
48.949002,2,-2,-1,0,2,-1,0,-2,0
48.949654,12,6,1,0,-1,0,1,0,0
48.949686,-15,-10,-2,-6,-2,-2,-1,-3,0
48.964446,30,45,4,4,0,-2,0,0,0
48.964452,4,-39,-3,-1,0,-1,-1,3,0
48.964454,-61,-22,0,-1,0,-2,-2,-4,0
48.964456,42,-9,-6,-1,0,0,-2,-3,0
48.986524,-19,21,0,-2,-4,-2,-2,-3,0
48.986546,13,-28,-2,-5,0,-2,0,2,0
48.987661,22,20,3,-2,-2,-1,-1,1,0
48.987665,0,9,1,2,-2,1,0,2,0
49.000151,-9,-17,-5,-4,0,0,0,-2,0
49.000202,-39,9,-2,1,-3,-1,-1,-4,0
49.008675,21,12,0,1,1,-1,-1,-3,0
49.008709,-25,-21,-3,-1,1,0,-1,-2,0
49.023545,9,3,0,-3,-3,0,-1,-1,0
49.023567,-12,4,-3,0,2,0,-1,0,0
49.027119,8,5,0,0,-1,-2,-2,-1,0
49.027125,60,11,0,2,-1,0,0,1,0
49.046874,-84,-8,-1,-4,-1,1,-1,-8,0
49.046905,15,-3,-1,-2,-1,0,-1,-1,0
49.047429,16,-25,-1,2,0,-1,-1,2,0
49.047445,-11,-2,-1,-3,-2,0,0,1,0
49.060168,39,7,0,1,-1,-1,-1,-1,0
49.060186,-28,4,7,-2,-1,-2,0,-1,0
49.068551,41,11,1,4,-1,-1,-2,-2,0
49.068567,-35,-11,-3,-3,0,-2,-1,-3,0
49.083382,0,-8,-2,-3,-1,-1,-1,1,0
49.083399,25,16,1,3,-1,-1,-3,-3,0
49.085281,19,24,-1,-4,0,-1,0,0,0
49.085287,-41,-49,0,1,-1,-1,0,-2,0
49.106738,5,-3,-1,-1,0,-1,0,1,0
49.106757,2,4,-1,-3,-3,-1,-1,-1,0
49.107316,47,5,-2,1,1,-2,-2,1,0
49.107387,-52,37,2,-1,0,-2,-1,-3,0
49.120123,-11,-36,-4,-2,-2,-1,-3,-3,0
49.120134,-8,-6,-4,-2,1,1,-1,3,0
49.128704,-25,-3,3,-1,-2,2,-2,-6,0
49.128867,12,4,-1,1,-1,-1,-2,-4,0
49.143375,30,30,4,-2,0,-2,-1,2,0
49.143397,-33,-45,-3,3,0,1,0,-1,0
49.145344,-16,-1,-3,-2,0,1,0,1,0
49.145351,6,2,-2,-1,-4,-2,0,1,0
49.166493,3,2,-3,-2,0,-2,-1,1,0
49.166507,17,18,-1,0,-1,-3,-1,-1,0
49.167224,-8,2,-2,-2,-3,-2,1,0,0
49.167266,10,-10,-2,-1,0,0,-2,-2,0
49.180759,-33,6,0,-2,1,0,0,-2,0
49.180765,0,1,-2,-6,-3,-2,-1,0,0
49.188361,44,-10,2,2,0,0,-1,0,0
49.188383,-43,15,3,1,-1,-3,-3,-4,0
49.203546,15,-1,-4,-7,-9,-1,-1,2,0
49.203562,6,9,2,4,-2,1,-1,-2,0
49.204428,-1,-27,-4,-1,0,-1,0,1,0
49.204433,10,0,2,-1,0,0,-2,-1,0
49.228060,18,13,1,3,1,0,-1,2,0
49.228068,-8,2,-1,-5,4,-2,-2,-2,0
49.228070,-1,9,-4,2,-4,-1,0,-1,0
49.228071,23,1,-3,-2,1,-1,-1,0,0
49.240534,-14,-18,0,2,0,-3,-1,-2,0
49.240557,-1,13,-2,0,0,-1,-1,2,0
49.248395,-13,3,0,-1,2,0,-1,-4,0
49.248412,8,-29,-2,-3,-4,0,0,-1,0
49.263709,18,-1,-6,-4,0,0,-2,-1,0
49.263734,27,2,-3,-2,-3,-2,-1,-3,0
49.264102,-74,15,2,-5,-3,-3,-2,-1,0
49.264127,14,8,2,-1,-2,-1,2,2,0
49.286741,-13,-12,6,6,2,0,-1,-1,0
49.286763,-8,1,-2,-1,-1,0,-2,-2,0
49.289136,16,33,0,-5,-2,-1,-1,0,0
49.289140,-5,-43,-3,0,-1,-1,-1,1,0
49.309593,-15,-27,-3,-1,0,-1,-1,-4,0
49.309607,2,14,-2,-2,-2,-1,-2,-2,0
49.309809,-2,-11,-2,1,0,0,-2,0,0
49.309822,-5,20,-1,-3,-1,-2,-1,-2,0
49.323409,9,10,2,2,-2,-1,-3,-1,0
49.323459,4,-22,-1,0,4,0,0,-1,0
49.330912,2,2,4,4,-2,1,1,1,0
49.330934,-64,-9,-5,-4,-2,-1,0,-2,0
49.346545,18,-3,-7,-5,-2,-1,-1,-1,0
49.346564,-16,16,7,0,1,-2,-3,-4,0
49.347956,41,14,-1,-3,-1,-1,0,2,0
49.347965,-24,-22,-4,3,0,-1,-2,-4,0
49.370119,-11,-2,-1,-1,-1,-1,-1,0,0
49.370126,24,3,0,-3,-1,0,1,2,0
49.370128,-22,8,0,-1,1,-1,-3,-2,0
49.370129,-8,-21,-5,1,-1,0,-2,-2,0
49.385102,5,6,7,2,1,0,0,1,0
49.385107,4,-2,-5,-3,-5,-1,-1,-2,0
49.385109,9,-6,1,-2,-1,0,-1,1,0
49.385110,30,36,2,-3,-1,-1,0,0,0
49.406903,-13,-31,-7,0,-1,0,-1,-4,0
49.406936,7,18,-1,-5,-3,-2,-2,1,0
49.408476,14,-16,-4,1,0,-3,-1,0,0
49.408482,-62,-6,0,-3,0,-1,-2,-3,0
49.429504,22,2,-2,-2,-1,-1,-1,0,0
49.429543,-22,-1,-1,3,-2,0,0,1,0
49.431426,13,-13,-2,-2,6,-2,-1,-2,0
49.431431,29,14,1,0,-4,0,-1,1,0
49.443498,-2,3,0,-1,-1,-1,-2,-2,0
49.443525,-19,-7,-6,-2,0,-2,1,-1,0
49.444866,-2,13,6,2,1,1,0,0,0
49.444872,34,5,1,2,1,0,-1,1,0
49.466427,-47,-23,-5,-4,-2,-3,-1,-2,0
49.466443,18,-2,-1,-2,-3,-1,-1,-1,0
49.467241,-23,1,1,-2,-2,-1,-1,-5,0
49.467264,26,8,-2,-6,0,-1,-1,-1,0
49.489007,-3,8,-1,-3,-1,-2,-1,0,0
49.489029,21,-4,4,2,1,1,1,-2,0
49.489829,-49,-2,-4,-3,-2,-2,-1,0,0
49.489833,5,13,1,-3,-2,2,0,-1,0
49.503395,4,-1,-1,2,1,0,1,-2,0
49.503411,2,19,-2,-2,-1,-2,-1,-3,0
49.504313,13,-53,-4,-2,0,-1,-3,-2,0
49.504317,-13,5,-1,0,-1,-3,-2,-3,0
49.526559,10,15,1,-4,0,0,-1,3,0
49.526575,-18,-33,-11,-5,-9,-2,-3,-2,0
49.527173,17,7,2,-3,-3,0,-1,2,0
49.527182,8,3,-3,0,0,0,-1,-1,0
49.548983,11,13,6,1,-1,-1,1,-3,0
49.549002,-8,4,3,4,2,-1,-1,-1,0
49.549928,-6,-6,-10,-4,0,-3,-1,-2,0
49.549932,3,-2,3,-3,-1,-1,-1,0,0
49.563612,5,22,-3,-2,-2,-2,-2,-1,0
49.563634,12,-16,1,-4,0,1,0,0,0
49.564628,11,3,3,3,-3,-1,-2,-3,0
49.564633,-50,-1,-2,3,3,0,0,0,0
49.586735,-8,-6,-4,-1,0,0,-2,-3,0
49.586739,-4,15,0,-1,-2,-1,-1,0,0
49.587173,11,-20,-3,-3,-4,-1,-1,-1,0
49.587180,39,7,0,0,-1,0,1,0,0
49.609095,1,6,1,-1,0,1,-1,1,0
49.609113,-26,-28,-3,0,-2,-1,-2,-4,0
49.610233,-3,21,1,0,0,-1,1,0,0
49.610238,-6,-11,-1,-3,-2,-1,-3,0,0
49.623796,20,6,-10,-5,-3,-4,-2,-2,0
49.623827,-4,-17,-2,-4,1,0,0,0,0
49.632251,-4,17,5,9,7,0,-2,0,0
49.632296,-8,-35,-1,2,-4,-1,-1,0,0
49.646983,-9,-5,0,1,0,2,-1,-1,0
49.647043,12,12,-3,-3,-4,-2,-2,-1,0
49.648610,-4,0,0,-4,2,-2,0,1,0
49.648616,-4,0,-2,0,1,-1,-1,-3,0
49.669410,11,2,0,-2,-3,-1,-1,1,0
49.669498,-6,1,2,3,2,-1,0,-1,0
49.669918,34,25,-4,-4,-2,0,1,1,0
49.669941,-38,-42,-2,-5,-2,-2,0,-1,0
49.683387,-10,-7,1,-2,-1,1,-3,-5,0
49.683403,-5,3,3,0,0,-3,-2,-1,0
49.684091,-1,0,-5,0,-5,-2,-1,-5,0
49.684132,42,16,-2,-5,-1,0,-2,1,0
49.706963,-2,10,2,2,-1,0,0,1,0
49.706985,-18,-25,-3,0,1,-1,0,1,0
49.709643,3,-3,-1,-2,-2,0,-1,-1,0
49.709651,14,18,5,0,-1,0,-1,0,0
49.729388,-40,-21,-3,0,0,-2,0,0,0
49.729412,50,25,1,0,-1,0,-1,0,0
49.730268,-15,-12,-6,-6,-3,-2,-1,-1,0
49.730289,-9,-10,-3,2,-1,-2,-1,-3,0
49.744502,-12,9,5,0,-1,-3,-1,2,0
49.744512,-18,6,1,1,-1,-1,0,-2,0
49.744514,-37,-22,-5,-5,-4,-2,-3,-4,0
49.744516,1,0,-6,-2,-2,-1,1,-2,0
49.766489,27,18,7,1,1,-3,-1,0,0
49.766506,-6,-3,-2,-3,2,-1,-1,0,0
49.767480,-6,5,0,1,-1,-1,-2,0,0
49.767486,16,16,0,1,2,-1,-1,2,0
49.789579,1,-14,-6,-2,-1,0,-2,-2,0
49.789584,-7,2,-1,1,-3,-1,-1,-1,0
49.789690,-2,-8,-1,-4,-2,-1,-1,-2,0
49.789696,10,5,4,0,-1,-2,0,-1,0
49.803352,4,-10,-2,3,1,-1,0,0,0
49.803375,0,4,0,-5,-4,0,-2,-1,0
49.804668,-3,5,3,4,-1,1,1,0,0
49.804673,-19,13,-6,-5,-2,-2,-3,-4,0
49.826643,10,-25,-2,-5,-4,-2,-3,1,0
49.826672,-5,-39,-3,3,1,1,-1,-2,0
49.828632,21,-7,-4,-3,-1,-2,-1,0,0
49.828641,-5,19,-1,1,1,1,-1,-1,0
49.849043,8,7,1,-1,-1,0,0,-2,0
49.849059,0,28,-1,-6,-7,-3,-2,-2,0
49.850820,-3,-34,-2,4,-1,0,1,3,0
49.850825,-1,-6,-2,-3,-1,-2,-1,-1,0
49.863425,7,3,-3,-2,-2,-2,-2,-3,0
49.863446,36,15,1,-1,2,-1,-1,1,0
49.865015,-54,-9,1,-3,0,0,-1,-2,0
49.865020,13,7,-2,-3,-2,-1,0,1,0
49.886492,-23,-11,0,0,1,0,1,3,0
49.886508,6,23,4,2,2,0,-1,-3,0
49.887748,9,-18,-3,-2,-1,-2,-2,-1,0
49.887752,10,-5,-3,-1,-1,0,-1,2,0
49.909375,13,11,-5,-3,-1,1,-1,-3,0
49.909401,-19,-17,-2,-1,1,1,0,1,0
49.911054,45,13,6,4,0,-1,-1,-1,0
49.911061,-83,-7,-1,-2,-1,-1,0,-4,0
49.922840,23,-4,-4,-2,-1,0,-1,1,0
49.922862,-29,-1,-1,0,-1,-1,0,-2,0
49.930887,11,2,-5,-7,-3,-1,-2,-3,0
49.930904,54,-4,0,1,1,0,0,1,0
49.946753,-81,14,2,-2,-1,-1,-1,-3,0
49.946771,15,-22,-4,-2,-1,-1,-2,-1,0
49.947211,-11,-2,2,1,1,0,0,-1,0
49.947227,22,8,0,1,-1,0,0,-1,0
49.969248,-16,-7,-2,-4,-1,-2,-2,-4,0
49.969270,9,3,0,4,0,0,0,1,0
49.970971,-16,1,-8,-4,-1,0,2,0,0
49.970981,25,31,6,1,-2,-1,0,1,0
49.982661,24,-26,-1,-1,1,3,2,5,0
49.982677,8,7,-3,-5,0,-2,-1,-1,0
49.992115,-35,-6,-2,0,-2,0,-3,0,0
49.992122,-9,-12,-5,-2,0,-3,-4,-3,0
50.007778,21,15,-1,-4,0,0,-1,-1,0
50.007789,5,-3,5,7,3,-1,0,0,0
50.007791,12,12,3,0,0,1,0,0,0
50.007793,21,-5,2,0,0,1,0,0,0
50.029338,-70,2,1,-1,-2,-1,-1,-2,0
50.029388,-8,3,-3,-4,-3,0,0,-1,0
50.030880,-3,3,4,-1,-2,-2,-1,1,0
50.030887,-8,-31,-4,-4,-2,-2,-1,-2,0
50.042928,45,22,1,1,-1,-1,0,0,0
50.042960,-28,-10,-2,0,0,0,-1,-1,0
50.051041,21,8,-2,-1,-1,-1,-1,-3,0
50.051063,4,4,4,0,-1,-3,-2,-2,0
50.067043,-23,-7,-2,0,-3,-4,-2,-3,0
50.067060,16,20,-1,-2,-2,-1,-1,0,0
50.068905,8,-22,-2,2,1,0,2,2,0
50.068914,-55,-20,-3,-1,-2,-2,0,-4,0
50.088950,30,10,-3,-1,-1,-2,-1,-5,0
50.088971,-5,-15,-4,-4,-2,-4,0,0,0
50.089611,6,21,2,-1,3,-1,-2,-4,0
50.089625,39,-4,0,-1,-8,0,0,0,0
50.102745,-28,2,0,1,-2,-3,0,1,0
50.102761,5,-3,0,-2,0,0,0,-1,0
50.111049,-8,3,-2,3,-1,-1,1,-1,0
50.111067,-4,18,-1,-1,3,0,-2,-1,0
52.137212,7,2,5,8,-77,-67,-35,-14,3
52.137618,9,3,-4,-75,-14,-53,-2,8,3
52.138921,0,1,7,70,-29,-50,-34,-3,3
52.138970,-5,0,1,1,16,87,34,-26,3
52.151722,-13,4,4,20,-86,93,49,-8,3
52.151747,15,3,2,-5,21,22,12,-12,3
52.153127,19,-8,-11,-49,-8,4,-30,80,3
52.153144,-14,3,0,8,4,-24,21,-111,3
52.175039,-1,-7,-1,16,13,-70,-11,25,3
52.175061,12,-2,-4,3,-23,-40,4,-23,3
52.177780,8,10,5,-10,-20,127,27,14,3
52.177791,-16,-7,-4,-4,95,-61,-16,53,3
52.196846,5,-1,-3,-16,33,33,7,-65,3
52.197031,-4,-5,-5,-27,0,7,-3,16,3
52.198076,-8,-2,3,69,63,76,-46,26,3
52.198100,-5,-3,-6,-22,-74,-39,-43,17,3
52.212035,-9,0,1,20,2,25,36,3,3
52.212059,-8,1,1,10,-63,8,-16,-33,3
52.213806,-3,-6,-5,-34,-14,11,35,-87,3
52.213811,2,-3,-4,-8,2,-5,-9,86,3
52.234445,-9,-3,0,28,28,11,5,12,3
52.234492,10,1,3,20,-11,19,5,69,3
52.236128,14,6,-4,-46,-6,-9,31,5,3
52.236137,-31,-8,-9,-12,-14,-91,6,-2,3
52.256598,17,0,-3,-22,-28,-88,-54,-11,3
52.256614,-6,-3,9,18,35,61,48,40,3
52.258177,-12,-4,-4,-18,-27,21,8,-28,3
52.258209,8,3,5,11,-16,-14,-23,7,3
52.271072,4,-1,-5,-14,-14,8,5,-39,3
52.271087,-6,-3,-5,7,-32,-25,-25,-1,3
52.277687,4,3,4,-5,13,-15,17,-8,3
52.277712,-6,2,-2,-42,11,-29,32,9,3
52.294278,-1,2,1,14,-6,-27,-31,-17,3
52.294306,-30,3,5,71,86,29,-10,-93,3
52.296506,-3,-18,-7,-14,-46,37,-27,16,3
52.296515,0,-3,-1,11,-19,-17,-74,-21,3
52.316455,-17,-5,-3,-9,5,40,6,47,3
52.316469,12,-1,-7,-10,-22,-31,1,40,3
52.317993,-6,2,-3,-8,-13,-28,24,-9,3
52.318009,0,0,1,18,5,41,9,-14,3
52.332588,8,0,-1,0,5,5,10,7,3
52.332595,-1,-4,-3,-4,-28,5,-17,-1,3
52.337854,-4,-1,-2,-30,44,-8,21,15,3
52.337876,14,3,5,40,33,-43,-4,-9,3
52.354060,1,-5,-8,-34,-31,-81,-40,11,3
52.354083,-28,-13,-8,-6,-40,0,-4,-77,3
52.355503,-43,-18,-10,-5,84,48,-10,-19,3
52.355511,-1,-4,-2,9,-6,-36,-31,-6,3
52.376604,0,1,1,-3,-17,11,7,-5,3
52.376630,7,0,0,-6,-6,-22,6,33,3
52.378650,11,5,0,-1,-37,-25,-4,-8,3
52.378658,2,1,-1,0,-15,57,5,-8,3
52.391454,6,-4,-8,-4,21,-11,37,102,3
52.391506,14,5,0,-23,-12,1,1,25,3
52.397734,19,7,6,38,35,-30,-11,-8,3
52.397757,14,8,1,9,41,51,48,47,3
52.414158,-15,-11,-9,-54,-72,17,-42,-29,3
52.414177,5,5,10,62,47,-45,-6,50,3
52.415561,-15,-5,-5,-14,-73,-39,-36,-2,3
52.415578,-4,-1,1,0,40,28,33,-35,3
52.436644,7,0,1,23,-42,41,-31,-14,3
52.438481,-4,-3,-4,-17,-33,14,-1,-13,3
52.438488,-2,1,1,2,-3,5,22,-28,3
52.438490,4,-1,0,4,-17,7,-7,-25,3
52.451113,-16,8,6,10,38,103,62,-55,3
52.451143,41,-6,-5,-15,14,-62,-20,70,3
52.457994,-3,4,-1,5,-32,92,4,-29,3
52.458018,-12,-6,-5,-10,-47,-74,-33,-55,3
52.473995,5,0,1,11,-19,-49,6,-71,3
52.474016,-11,-1,-1,-7,-62,-4,18,-29,3
52.475947,8,0,5,4,-20,7,25,13,3
52.475967,-5,-6,-2,80,-4,102,4,-19,3
52.496591,4,2,5,62,25,-1,33,77,3
52.496610,6,0,0,9,6,-3,-35,-85,3
52.498028,7,3,-3,-19,-34,-40,1,0,3
52.498036,8,-2,-2,-30,5,54,12,-32,3
52.510953,-11,4,2,0,52,-80,-42,64,3
52.510978,11,-5,-6,5,-74,32,15,22,3
52.517862,-23,-3,0,-13,43,-44,4,9,3
52.517885,4,-2,3,-21,32,26,-2,56,3
52.534986,1,0,1,-15,-76,-34,-10,70,3
52.534992,12,3,-3,-16,10,114,30,18,3
52.535660,11,-4,-4,1,7,-18,20,96,3
52.535683,-28,-5,-9,-58,8,-86,13,-37,3
52.556738,2,3,8,62,52,44,-51,-44,3
52.556761,-10,0,-2,-6,11,-19,31,27,3
52.559247,3,-1,2,4,14,1,12,35,3
52.559255,-16,0,2,8,-20,-38,-16,-9,3
52.570896,5,2,-2,-7,-45,85,11,-4,3
52.571909,-18,-4,3,4,19,-22,33,-20,3
52.577796,4,-4,-3,-5,72,25,4,-12,3
52.577815,12,3,4,44,-2,26,23,42,3
52.594071,-10,-3,-7,-38,21,-30,37,-36,3
52.594096,0,-2,1,12,70,-87,-13,-66,3
52.596100,2,5,-2,-11,36,-54,-6,85,3
52.596131,-8,0,-2,-41,-16,30,9,-13,3
52.616884,4,-2,4,49,83,8,-8,-6,3
52.616903,-9,-4,-1,-17,-31,1,-47,3,3
52.618314,9,-1,-3,-17,0,6,15,-52,3
52.618319,4,-6,1,-4,-63,-48,-21,71,3
52.630775,11,5,5,13,40,-35,34,-3,3
52.630817,2,2,-2,-14,-11,22,-35,4,3
52.640064,-10,-3,-3,15,-19,35,11,10,3
52.640113,-1,2,-4,-8,-28,6,-14,3,3
52.654594,-5,-6,-4,-30,-56,-36,-14,-26,3
52.654616,1,5,5,8,87,-11,-8,36,3
52.656855,0,-6,-2,-13,-63,-31,10,-55,3
52.656867,5,-1,-2,0,-2,43,-26,0,3
52.676651,-16,-9,-6,-25,76,21,2,-52,3
52.676677,6,1,-5,-18,-7,-22,-27,-46,3
52.678406,-7,1,4,27,-34,23,-18,-13,3
52.678467,1,0,-1,-5,21,56,33,49,3
52.690276,-14,0,2,8,-8,15,-9,-25,3
52.690325,-1,1,0,-24,2,36,-2,30,3
52.699323,3,-3,-3,-28,-45,112,39,-6,3
52.699328,-21,-6,-1,5,11,-2,-8,-51,3
52.714151,9,4,1,-11,22,-57,-5,28,3
52.714176,0,1,0,7,-35,7,20,33,3
52.715504,-10,-1,-3,-7,-22,-31,-22,13,3
52.715514,17,4,2,5,41,-11,3,-62,3
52.736660,-10,1,-3,-43,-40,23,18,24,3
52.736681,-8,-14,-12,10,18,-30,-14,-69,3
52.738113,1,5,5,21,18,-20,-22,43,3
52.738131,8,-1,-2,-6,-31,-2,-5,-82,3
52.750252,7,-10,-4,-1,3,10,4,14,3
52.750273,-14,-3,-1,-9,-19,35,4,69,3
52.761283,2,-1,0,-2,-14,-18,3,10,3
52.761294,6,3,0,6,20,-2,14,33,3
52.774244,2,0,-2,-8,-18,10,-4,9,3
52.774260,-2,3,3,2,-15,11,10,-19,3
52.777250,12,1,2,4,1,-22,11,-34,3
52.777257,-2,0,-1,-11,-1,-66,-49,57,3
52.796809,-4,0,-1,6,-6,-50,-31,-90,3
52.796837,15,2,-3,-1,9,-79,-36,33,3
52.798503,0,0,4,26,14,19,7,-34,3
52.798507,-15,-11,0,6,18,9,6,58,3
52.810240,-3,-2,-3,-4,-56,26,6,26,3
52.810259,-6,0,0,-1,-18,-12,15,2,3
52.820760,-1,1,-2,-13,-12,-31,-10,4,3
52.820764,5,3,-1,-2,-19,12,5,9,3
52.834230,2,-2,-4,-3,3,2,15,18,3
52.834253,-3,-1,-2,-7,-11,14,11,8,3
52.835757,1,-2,-3,-6,4,9,-7,-14,3
52.835777,7,0,-1,5,-12,2,10,1,3
52.856645,-6,0,-3,-3,19,20,2,0,3
52.856667,8,2,1,6,-3,-11,-4,-25,3
52.858291,-19,4,5,-4,-78,20,3,12,3
52.858312,-17,-7,-3,6,43,41,19,-71,3
52.870246,11,-3,-1,-8,-35,-55,-40,-10,3
52.870272,-7,4,1,-3,-37,-2,-5,-6,3
52.880311,-5,-11,-4,6,-14,19,7,-12,3
52.880319,2,4,1,-4,-1,-4,26,3,3
52.894098,2,-1,-1,1,-7,36,-7,24,3
52.894123,-2,-3,-2,-3,-9,-13,9,21,3
52.895877,2,1,-4,-7,36,-25,-20,-21,3
52.895919,7,2,0,1,-19,-19,0,11,3
52.916491,4,-1,2,4,13,5,22,7,3
52.916509,-5,-3,0,1,1,-1,-7,3,3
52.918320,0,2,-3,-2,16,2,2,18,3
52.918325,5,0,-1,3,-3,-7,-12,0,3
52.930533,4,1,-2,-7,-30,9,4,4,3
52.930550,-15,-2,1,18,67,-14,-6,52,3
52.940974,-6,-6,-1,-3,31,-8,-13,-58,3
52.940979,4,2,1,8,6,-5,-7,-32,3
52.954900,9,-2,-3,3,-8,-36,11,-12,3
52.954931,-7,-5,-2,-2,-75,9,-9,72,3
52.956311,8,0,-2,-5,18,-4,10,11,3
52.956315,1,-4,-1,-1,13,-20,-20,41,3
52.976566,-5,1,-1,-1,28,4,8,-71,3
52.976585,2,-1,-1,-3,-24,11,18,-37,3
52.979106,4,1,-2,-1,-16,-8,-8,7,3
52.979130,-7,-1,-2,-5,-19,-7,14,-3,3
52.990882,-17,-3,1,-2,-12,-6,-18,24,3
52.990901,2,-3,-2,-12,-73,-58,-23,-24,3
53.000130,-1,-4,-6,-5,-57,62,-10,-10,3
53.000137,1,-2,-2,23,-68,-39,2,-62,3
53.014146,-3,4,1,1,18,8,13,-7,3
53.014164,-15,1,2,13,74,85,3,4,3
53.015511,2,-7,-5,-19,2,-5,-2,25,3
53.015521,-3,2,1,-10,-26,-12,-1,-8,3
53.036609,9,0,-2,-7,6,-6,4,37,3
53.036622,3,-1,-1,-4,-7,-6,17,-16,3
53.038107,2,0,-2,-7,4,-22,13,23,3
53.038118,-7,-2,-1,-4,34,38,5,41,3
53.059364,8,-1,-1,0,4,13,0,-69,3
53.059399,8,1,-5,-10,32,-45,-22,20,3
53.061995,5,2,-2,0,-25,-59,-24,-16,3
53.062004,-4,-4,1,35,10,-26,-41,-30,3
53.074347,-20,-3,-3,-8,-23,8,5,78,3
53.074371,45,2,-1,11,81,91,23,-52,3
53.076518,-2,5,1,-7,11,-19,-74,-52,3
53.076523,-4,4,-2,-12,-29,-80,10,23,3
53.096660,-8,-5,1,-3,0,37,11,27,3
53.096716,-6,-4,-1,7,-26,1,6,-11,3
53.098005,5,0,-2,-1,2,18,36,20,3
53.098021,10,3,0,-9,21,-38,-21,16,3
53.119603,12,3,-1,9,1,74,10,-20,3
53.119623,-4,-1,0,-9,-22,-33,7,27,3
53.122063,-1,2,0,11,21,-78,7,-30,3
53.122067,-17,-5,-3,-12,8,83,8,-19,3
53.134158,15,0,0,5,-16,-51,6,-17,3
53.134180,-20,-3,-3,-4,60,-39,-37,-58,3
53.136176,-11,-2,3,23,13,-45,-27,-5,3
53.136239,18,5,5,2,16,29,34,108,3
53.156504,2,-8,-5,-7,-10,23,-30,-56,3
53.156527,-20,-4,-3,7,-31,26,12,-1,3
53.158110,6,-3,-1,13,-3,-17,34,8,3
53.158138,-1,0,-1,-27,21,23,-9,-7,3
53.179468,-11,-1,3,30,3,-31,4,41,3
53.179500,17,-3,-4,-23,-6,46,13,-71,3
53.180604,-18,0,4,15,25,74,7,20,3
53.180620,6,0,2,13,-5,5,0,0,3
53.194038,-3,2,-2,-15,-81,16,8,46,3
53.194066,-1,-2,-2,-13,8,-59,-21,10,3
53.195954,-6,-3,-1,1,-49,-19,1,21,3
53.196000,-4,-3,-7,-12,-20,22,1,-23,3
53.216660,1,0,-2,-4,21,91,-7,31,3
53.216683,9,2,1,4,-16,26,17,35,3
53.218209,5,3,1,-9,-5,77,4,76,3
53.218227,-29,-11,-7,-13,-71,-93,-33,-95,3
53.239058,25,5,1,4,13,22,-25,15,3
53.239066,-25,0,-3,2,-4,-25,-13,27,3
53.240454,-16,-5,-1,0,4,-75,2,-2,3
53.240470,6,1,2,8,16,89,15,-17,3
53.254304,0,-1,-4,-15,32,-60,6,14,3
53.254309,-4,2,7,26,16,34,-11,-17,3
53.260231,6,-3,0,-2,-69,-15,-4,-30,3
53.260249,10,4,-1,-11,59,40,-34,83,3
53.276816,-11,-3,-2,-9,37,-67,22,-35,3
53.276840,4,-3,-1,-12,-22,57,33,19,3
53.278256,6,0,-3,-11,-26,45,-34,-19,3
53.278299,7,-1,2,11,3,-28,25,5,3
53.300113,-10,-3,-2,-4,-17,10,-32,-55,3
53.300125,-8,0,-3,-8,-38,36,-8,-39,3
53.300641,6,-1,2,-4,21,-8,-14,4,3
53.300660,-22,-2,-4,-7,-29,-6,-1,-6,3
53.313730,-1,-5,-4,4,64,-25,3,-39,3
53.313747,-14,1,1,-6,-20,-29,-5,-13,3
53.320785,14,1,-2,-4,54,-3,12,-15,3
53.320814,-10,-3,-1,-4,-40,-22,21,64,3
53.336807,-19,-8,-4,-8,0,-36,3,-39,3
53.336823,13,1,3,13,-38,53,6,29,3
53.338702,-6,3,0,-23,11,-77,-35,-20,3
53.338710,-4,1,0,32,34,120,8,-71,3
53.359511,13,6,5,-1,-18,-3,-2,46,3
53.359543,18,0,1,0,26,-36,-34,-43,3
53.361746,-23,-4,-5,5,-24,31,15,-23,3
53.361752,10,1,-1,-9,-13,-37,-15,7,3
53.373343,-17,-6,-3,-17,52,44,-29,-23,3
53.373365,20,2,0,18,13,-72,-1,24,3
53.380173,-13,-2,1,-8,32,127,67,41,3
53.380195,9,-3,-4,-4,42,7,1,-20,3
53.396771,-10,-4,-1,5,39,44,11,24,3
53.396794,-3,-5,-6,-14,-22,60,26,73,3
53.398183,-2,-1,-2,-3,79,8,-7,-23,3
53.398201,29,5,3,19,23,-47,-6,39,3
53.419266,-13,3,0,11,-25,-5,13,-58,3
53.419289,10,-2,-4,-44,-32,-44,-13,-19,3
53.421096,3,1,3,32,20,8,-12,-28,3
53.421101,2,0,1,-2,-67,23,-31,15,3
53.433703,-12,0,-2,-6,-70,-25,28,-41,3
53.433725,-3,-2,-2,-1,17,-51,-56,21,3
53.440144,-9,-5,-6,-16,-38,13,16,-14,3
53.440161,1,3,1,-5,5,13,-10,-22,3
53.456415,4,-4,-3,0,-43,-29,25,52,3
53.456425,-9,-2,-4,-5,-113,33,-18,24,3
53.458143,11,0,1,3,-22,-18,3,99,3
53.458168,-22,-8,-5,-11,15,-93,27,-55,3
53.479518,2,3,1,8,-41,65,32,30,3
53.481053,-7,-4,-2,1,-20,-59,-13,-26,3
53.481060,-2,1,0,0,-26,-17,4,22,3
53.481062,0,-5,-2,-7,37,21,38,35,3
53.493506,8,1,2,3,2,54,5,41,3
53.493530,-9,0,0,5,23,-8,16,-41,3
53.500108,-3,-1,0,-6,-49,-29,-7,8,3
53.500126,-14,-2,-3,33,-3,-26,6,-18,3
53.516528,6,-1,2,0,12,4,2,47,3
53.516569,-8,-2,-2,7,16,127,-15,-76,3
53.517989,8,-2,-2,0,64,-66,2,77,3
53.518005,-2,1,2,-8,-2,21,20,-18,3
53.539243,3,-3,-1,-2,-53,-31,-10,51,3
53.539260,-9,0,-2,8,55,39,28,10,3
53.540504,-9,-4,-7,-20,-82,-10,-38,-59,3
53.540557,2,-3,-1,-12,7,13,-18,6,3
53.553075,4,-3,-3,1,14,1,3,-38,3
53.553098,-2,1,1,-8,0,-89,29,14,3
53.561711,-6,-1,-1,1,-11,36,-21,-66,3
53.561734,5,-3,-3,-5,-17,3,-4,39,3
53.578204,6,3,1,5,19,-4,-15,-56,3
53.578212,1,0,-3,0,-5,-23,-8,27,3
53.578215,14,1,-2,-3,-5,37,12,53,3
53.578217,-1,-1,-3,14,56,29,3,5,3
53.599091,-10,0,2,-1,11,75,17,-17,3
53.599108,8,1,3,10,16,43,2,27,3
53.601343,-13,-8,-5,-2,25,-25,19,-84,3
53.601351,-14,-8,-4,-27,-39,8,-5,3,3
53.613133,3,-4,-3,-4,-14,-32,10,-10,3
53.613171,-11,1,1,13,31,-3,-21,18,3
53.622650,5,2,0,-24,7,16,12,4,3
53.622655,7,3,3,30,-10,-71,1,-60,3
53.636984,-13,4,3,5,39,31,-18,0,3
53.637014,25,-2,-1,0,-66,-61,-14,86,3
53.638777,10,-3,-3,-8,-10,-64,-21,-69,3
53.638818,-3,-2,0,6,71,10,14,-23,3
53.659013,6,6,2,0,-52,25,17,60,3
53.659035,-24,-6,0,-8,-14,10,35,4,3
53.660646,-1,1,4,11,33,127,2,30,3
53.660663,18,3,1,-8,-31,-20,-6,15,3
53.672756,-5,-4,-2,-1,24,-43,-21,-8,3
53.672766,6,2,1,-6,39,59,-4,33,3
53.682387,8,1,-3,3,-36,-27,4,-35,3
53.682392,-8,-2,1,-19,-9,-9,2,18,3
53.696982,-5,0,-4,-39,38,80,-25,-10,3
53.697020,-2,3,2,19,-1,-26,7,-40,3
53.699098,-6,-5,-4,12,64,65,8,73,3
53.699106,-1,3,-2,-5,-24,36,10,-94,3
53.719197,4,-3,-3,-9,-20,-23,-16,-18,3
53.719213,5,-4,-2,3,13,-56,15,-3,3
53.720516,-6,-2,-2,-17,-41,-83,-16,11,3
53.720533,-21,3,4,4,-13,26,-6,-3,3
53.732595,2,-3,-4,7,15,-41,-10,6,3
53.732611,21,0,-3,-7,-17,-16,7,-48,3
53.743548,-2,2,4,7,19,-17,-8,20,3
53.743565,8,-3,-4,-13,-31,-11,-28,-1,3
53.756790,-14,0,2,2,-21,-33,-9,-38,3
53.759133,1,5,1,5,38,-7,-3,22,3
53.759140,-4,-6,-2,-3,-24,75,-5,-22,3
53.759141,-3,-1,-4,-5,-36,99,4,-22,3
53.779390,-4,-8,-5,-4,28,-83,4,45,3
53.779436,-1,7,0,-5,7,27,-2,-24,3
53.780634,-6,-3,-2,-6,17,32,20,29,3
53.780651,14,-2,-2,0,-55,-38,5,34,3
53.801748,0,-2,-1,2,-18,-29,-25,-52,3
53.801777,-5,-3,-3,-7,-4,50,1,8,3
53.803560,-7,6,1,7,-19,-89,20,-22,3
53.803564,-5,-3,0,22,49,14,-20,36,3
53.816513,13,4,-1,-1,-59,-40,-26,84,3
53.816532,-10,-6,1,17,15,-60,-1,-72,3
53.818025,7,3,5,11,37,31,-23,-39,3
53.818035,-12,-2,-3,-9,-9,-55,-11,59,3
53.839633,15,2,-2,-6,14,-21,-8,-52,3
53.839655,-6,0,0,17,-17,-9,-3,56,3
53.842372,5,-2,-3,5,5,32,26,14,3
53.842383,1,1,2,-4,20,8,11,31,3
53.852775,-4,-1,0,8,-12,24,-17,-24,3
53.852800,-13,-3,-1,-26,-28,-10,-9,-37,3
53.863479,2,0,-1,2,0,-1,4,-7,3
53.863495,6,-1,-4,1,-21,-5,-5,-17,3
53.876568,6,0,0,-2,16,44,27,25,3
53.876588,-19,-2,-5,-22,103,12,-40,-26,3
53.878286,-1,-1,3,30,-29,-77,-5,90,3
53.878315,-7,-12,-6,-3,30,82,44,-12,3
53.899077,-8,-1,1,10,-1,-43,15,76,3
53.900040,12,-2,-3,-10,-38,88,-25,25,3
53.900483,10,2,-4,-9,-10,-52,-6,-24,3
53.900491,-6,0,1,-11,7,-14,-28,37,3
53.913224,-12,-4,0,11,2,14,-11,-27,3
53.913263,11,1,0,2,-58,-26,21,64,3
53.921979,-5,-2,-1,-19,6,54,0,-82,3
53.922016,-7,1,0,36,-59,-15,3,1,3
53.936481,-8,3,0,-13,-16,-17,11,-39,3
53.936495,1,-1,-1,16,-55,-4,3,16,3
53.938119,1,-5,-4,-5,-22,-39,-14,-37,3
53.938135,10,4,2,2,6,19,-4,-24,3
53.959159,1,0,-2,-7,13,-11,3,34,3
53.959183,-22,-9,-9,1,-68,-52,-17,-54,3
53.961750,-2,-4,-3,-16,-71,106,38,67,3
53.961768,14,2,1,-15,39,-5,-22,102,3
53.972927,18,-4,3,9,-56,-87,-8,-18,3
53.972943,-14,4,4,-14,-51,-2,7,15,3
53.982206,16,6,1,3,61,-20,-13,-25,3
53.982217,-9,-6,-2,-10,-44,-68,-6,-12,3
53.996326,-7,-1,-2,2,-12,20,15,25,3
53.996369,6,-3,-3,-9,5,-13,-26,-11,3
54.003032,6,0,0,0,0,-31,0,92,3
54.003061,-26,-1,-2,-5,-84,-14,24,-68,3
54.019328,6,-3,-2,6,42,34,-16,19,3
54.019359,15,1,0,-6,0,2,20,12,3
54.021105,-14,0,2,12,7,-5,-4,-15,3
54.021109,6,0,-3,-5,33,50,-2,28,3
54.041838,1,-2,-2,-17,-7,61,32,-29,3
54.041883,-7,3,4,28,26,-8,15,24,3
54.047733,0,-3,-5,-19,-95,109,-11,-18,3
54.047752,-14,-6,-2,7,-11,59,-15,23,3
54.056502,19,1,2,23,31,37,1,-15,3
54.056523,1,0,0,-3,18,-4,-13,-37,3
54.058203,1,4,0,1,30,17,-15,-25,3
54.058228,-3,-3,-3,-21,7,-37,1,-39,3
54.079155,-15,-2,-2,2,24,85,-11,-40,3
54.079176,3,-5,1,-5,56,2,33,-19,3
54.080881,31,7,6,42,1,22,-8,9,3
54.080917,-10,2,3,-7,23,-12,-16,-34,3
54.101662,-5,4,-2,-6,14,-26,15,21,3
54.101678,-14,-2,-2,-8,-45,-39,14,-19,3
54.104023,-7,-5,-2,-2,27,12,18,54,3
54.104028,1,2,1,0,6,-6,-24,-51,3
54.116959,16,3,-1,5,79,35,-42,-39,3
54.116991,-19,-2,-2,0,-3,-77,-24,-25,3
54.120145,-34,-3,0,0,-9,-36,-20,-29,3
54.120151,26,2,-2,-1,6,-16,4,55,3
54.139480,-11,-3,-3,-18,-50,-11,6,10,3
54.139485,14,0,-1,-10,25,95,7,-13,3
54.140465,-8,-4,-6,-30,61,-18,-7,-48,3
54.140512,-12,0,1,24,-35,-21,14,-72,3
54.161967,7,-2,0,-7,49,55,6,37,3
54.162010,33,8,5,28,-3,66,21,-3,3
54.163982,-22,0,0,-5,-54,-19,9,-14,3
54.163993,6,-1,4,30,89,2,-27,-45,3
54.176155,-1,-2,-4,-7,-79,17,25,-30,3
54.176178,-26,-8,-3,-4,-2,2,-16,-59,3
54.182579,14,-1,-3,2,-34,-40,14,38,3
54.182596,6,2,-2,-13,2,-11,1,15,3
54.199003,0,-2,1,1,4,-18,2,-3,3
54.199019,-1,5,1,-2,11,48,7,44,3
54.200587,8,-2,-2,-9,12,-12,4,16,3
54.200642,-18,-3,-5,-10,-28,33,-1,-23,3
54.221828,-6,-2,1,8,2,-38,-14,-47,3
54.221852,14,-6,-8,-22,-37,0,-17,43,3
54.223758,-7,-2,2,7,55,74,15,57,3
54.223763,13,5,-1,-5,-45,5,3,82,3
54.235840,0,1,1,-11,-23,-36,-7,53,3
54.235856,-18,-5,-6,-4,21,30,18,-19,3
54.242735,12,0,-1,10,21,-32,-9,48,3
54.242756,-12,-8,-3,-14,16,6,-26,-91,3
54.259346,-13,3,5,24,-16,46,31,16,3
54.259377,11,-3,-1,-10,-22,-46,-4,37,3
54.260841,-10,0,1,1,-46,16,-13,-17,3
54.260847,4,-4,-8,-18,60,12,24,12,3
54.281579,-3,0,-1,1,-6,-18,-67,19,3
54.281596,6,-3,-3,-13,-67,12,13,-5,3
54.283029,-6,1,2,2,0,-31,-5,-15,3
54.283043,10,-5,-1,-4,-20,-35,-2,36,3
54.296136,-12,2,-4,-1,-63,35,6,25,3
54.296157,7,4,0,3,11,-27,2,34,3
54.303103,2,-5,-4,-7,8,0,-2,-24,3
54.303133,-7,1,4,6,2,38,13,11,3
54.318274,-15,-6,-3,-5,-5,-51,6,-11,3
54.318299,7,1,-2,-5,5,-68,-49,19,3
54.328059,7,1,2,4,-59,-4,29,-38,3
54.328077,-9,-2,-2,-2,2,14,0,68,3
54.343240,-25,-4,-5,-2,0,11,-8,-66,3
54.343249,7,-1,0,1,43,-5,3,24,3
54.343252,-9,0,2,10,2,17,-19,20,3
54.343254,2,-2,-4,-11,-5,-67,15,-37,3
54.356131,5,3,3,-4,-2,45,-2,50,3
54.356154,16,2,1,8,2,-7,43,-18,3
54.362801,-14,6,0,0,-37,39,-1,-30,3
54.362818,18,-1,0,-16,6,-16,1,26,3
54.380722,16,0,-1,13,3,-9,2,9,3
54.380755,-27,-6,0,-3,77,-58,-1,-48,3
54.381861,4,-3,-4,1,-27,-29,-53,0,3
54.381868,-5,4,-3,-2,-35,-41,-33,-27,3
54.401637,4,-5,-5,-6,2,-12,-6,-12,3
54.401665,5,6,3,9,-35,-19,0,78,3
54.403320,2,-6,-3,-6,30,4,10,-59,3
54.403388,-3,0,0,6,2,5,8,45,3
54.415962,-16,-1,-1,-6,-10,-18,-6,-16,3
54.415990,5,-3,-2,-1,-8,10,-7,-1,3
54.422638,-4,1,1,1,31,-5,32,68,3
54.422655,13,0,2,6,-55,7,-26,-108,3
54.439022,21,1,0,3,0,-4,35,87,3
54.439045,-23,0,-1,1,-1,103,1,-1,3
54.440522,-14,0,0,-14,-64,-91,-32,-34,3
54.440537,-5,6,8,22,33,-26,12,9,3
54.461804,4,-3,-1,-5,12,-1,12,19,3
54.461839,-2,1,-1,-9,18,-36,-6,18,3
54.463614,6,-3,-4,1,-6,-34,25,-23,3
54.463629,-8,-1,-3,-11,-1,59,7,26,3
54.475958,35,8,2,5,0,-33,-26,-68,3
54.475984,-5,-5,-1,-6,6,20,-5,1,3
54.482669,8,1,3,1,-7,19,20,41,3
54.482692,-5,-7,-8,-8,41,-5,-31,-26,3
54.499217,-17,4,1,-1,-1,1,6,24,3
54.499221,3,-3,-4,-4,-12,-31,-18,-92,3
54.500441,5,-2,-2,0,21,25,23,-5,3
54.500507,-7,3,2,1,-34,-45,-21,43,3
54.521871,-9,-3,-3,-6,14,-17,-6,-7,3
54.521896,-6,-6,-6,-3,-7,11,-8,-30,3
54.523298,-6,-3,-2,-5,15,4,12,80,3
54.523308,1,4,2,10,-37,-86,-23,-38,3
54.535259,6,-2,-6,-6,8,87,31,-41,3
54.535284,-9,-1,0,2,7,-10,1,32,3
54.544798,8,1,-3,-10,-29,62,1,-35,3
54.544808,0,-3,-1,1,5,33,26,53,3
54.559329,-8,-6,-3,-9,-24,-52,-33,-7,3
54.559355,3,-3,-5,-8,2,11,28,6,3
54.560781,-5,-4,-3,-1,23,-49,-41,-34,3
54.560790,3,-1,0,2,1,6,-21,-64,3
54.581539,-6,-6,-3,-2,-32,-5,0,-6,3
54.581556,3,0,-1,-2,-6,0,-19,-2,3
54.583028,-18,-2,-1,1,29,-5,-3,3,3
54.583044,0,1,-1,-8,2,26,13,44,3
54.604022,-5,-8,-5,-2,11,-17,-60,-37,3
54.604043,17,5,1,11,0,-32,-5,23,3
54.605503,14,-3,-1,-5,-49,15,-10,24,3
54.605516,-12,0,3,3,30,27,1,13,3
54.619245,-6,2,0,-6,19,11,19,-54,3
54.619262,11,-1,-1,1,-42,-22,8,-1,3
54.620545,10,0,-2,1,3,-51,-23,-18,3
54.620551,6,0,-2,-7,-49,23,36,48,3
54.641477,-3,1,-2,0,-1,-2,14,-7,3
54.641499,-2,2,5,5,35,2,-5,-9,3
54.643177,-3,0,-1,10,40,29,1,-85,3
54.643281,4,0,1,-3,-22,-8,17,46,3
54.656307,9,-3,-2,13,51,-14,0,87,3
54.656319,-26,3,0,3,-3,44,-46,22,3
54.665290,3,1,-3,-5,-41,4,-17,-61,3
54.665295,-8,-4,0,0,32,9,-11,-3,3
54.679257,-3,1,1,-2,-54,70,0,-12,3
54.679274,4,-1,2,6,1,16,28,19,3
54.680543,-6,-2,-2,-15,35,-14,0,17,3
54.680551,-22,-4,-2,5,-3,1,-8,-61,3
54.702323,0,-2,-4,-20,-50,-24,13,47,3
54.702328,-1,0,0,8,-50,52,-1,78,3
54.703007,-2,2,3,3,57,5,7,-26,3
54.703018,-3,-2,-4,-4,3,22,14,14,3
54.715262,13,-5,-5,-3,21,23,-3,57,3
54.715280,-11,-1,-3,-10,-74,-21,-3,-68,3
54.727404,-3,-1,-2,1,-30,0,-4,29,3
54.727417,9,-2,-3,-4,-24,-81,-4,7,3
54.739139,-19,-3,2,5,11,-55,-2,13,3
54.739162,5,6,0,-3,-2,-8,6,-60,3
54.740579,7,4,4,1,-1,-1,14,44,3
54.740588,9,-4,-4,-2,-5,5,11,5,3
54.761899,-18,-3,2,-8,-48,17,-1,-41,3
54.764170,4,-4,-2,4,54,80,12,-28,3
54.764179,-11,-2,0,11,101,6,0,56,3
54.764181,-3,3,-2,-15,-10,-62,3,37,3
54.775581,15,3,1,-1,43,-19,37,47,3
54.775621,14,1,1,6,46,81,3,30,3
54.784609,3,1,4,3,-11,6,-11,-5,3
54.784615,1,-1,-3,-2,-28,50,18,37,3
54.799052,-6,-6,-3,5,19,-46,-15,37,3
54.799069,-1,-1,-2,-11,0,-18,3,-10,3
54.800583,11,-1,-3,-5,-22,-27,9,83,3
54.800601,23,3,3,-2,25,-21,12,-4,3
54.821523,12,3,0,16,26,23,-6,-21,3
54.821545,-25,-10,-2,0,-36,37,-13,-7,3
54.822972,-4,-4,-2,-3,21,-32,-20,18,3
54.822980,-26,-7,-2,3,33,24,-13,4,3
54.835291,6,4,1,-1,-13,26,4,41,3
54.835307,5,0,-2,-15,16,-52,-5,41,3
54.844465,-1,-2,0,12,-4,36,9,-11,3
54.844470,-7,-1,-1,-7,32,37,-20,-18,3
54.860640,-5,2,-1,-1,-80,-68,4,-20,3
54.860661,-6,-4,1,6,54,52,-19,2,3
54.860664,1,2,0,-6,46,42,30,-16,3
54.860667,14,4,0,5,15,-1,21,14,3
54.881629,-1,-4,0,-5,6,-4,-4,-56,3
54.881646,-19,-1,-1,-8,-60,-82,-47,-42,3
54.884235,2,-4,-5,0,-7,-59,-23,39,3
54.884242,-8,-1,1,4,-31,50,5,-82,3
54.895573,3,0,0,6,-4,-13,-8,83,3
54.895591,4,5,3,13,76,-7,8,6,3
54.905347,-3,0,-3,-10,-12,-106,-20,-52,3
54.905352,2,0,-5,-7,-14,-25,1,39,3
54.919070,-4,0,2,5,-50,10,9,-52,3
54.919092,8,0,1,-1,-3,-13,-16,9,3
54.921024,13,0,-1,-3,-46,25,9,2,3
54.921033,-14,0,3,8,14,25,3,5,3
54.942061,7,2,-1,-4,18,0,-26,-24,3
54.942231,0,-3,-3,1,-29,22,14,-4,3
54.944260,-4,1,-1,-4,-17,17,-1,-90,3
54.944265,10,-3,-3,-5,-28,1,-6,10,3
54.964051,-14,-1,-1,-4,22,0,2,-16,3
54.964070,-9,-2,-2,-3,-6,-19,9,-20,3
54.965513,26,2,-1,-4,-14,15,4,61,3
54.965522,-27,-10,-1,2,-6,-5,4,14,3
54.979702,6,3,-2,-7,-9,3,-27,2,3
54.979733,6,0,-1,5,-9,38,-9,-3,3
54.980856,-17,-6,-4,-18,56,97,20,24,3
54.980864,24,5,5,16,-24,3,-9,8,3
55.001662,-21,-6,-3,-1,-8,-3,3,1,3
55.001672,-11,-3,-2,2,-21,-34,1,-17,3
55.003010,6,-1,-1,-3,-8,85,91,22,3
55.003052,10,-1,-2,-31,-98,-81,-75,52,3
55.024287,5,3,2,23,25,62,18,-1,3
55.024315,1,0,4,-10,-48,-92,2,47,3
55.027536,-16,0,0,10,-35,-12,0,-38,3
55.027543,-13,-4,-5,-10,22,18,5,-45,3
55.038976,4,-3,-1,-7,0,-25,-11,-46,3
55.038998,0,-1,-3,-2,-12,9,15,42,3
55.040422,-5,-5,0,4,-22,-12,-29,-98,3
55.040437,-5,0,-1,6,9,1,8,-11,3
55.062657,6,-2,-2,-10,-16,-27,-8,23,3
55.062666,6,1,0,5,27,7,12,-12,3
55.063205,-18,-3,-2,-6,-86,42,-18,7,3
55.063215,15,1,-3,-9,15,-36,7,-46,3
55.084487,-22,0,1,5,46,19,1,-37,3
55.084511,14,-2,-2,-12,0,-3,-7,61,3
55.085823,5,3,3,32,-15,49,13,72,3
55.085828,-21,-4,-3,11,-21,7,-18,-38,3
55.099078,-1,2,2,-5,59,-22,-7,52,3
55.099094,-12,0,0,-9,29,33,-14,-30,3
55.100550,7,9,3,9,16,-38,2,14,3
55.100588,-13,-10,-4,1,34,43,-25,19,3
55.121879,3,-1,0,-1,0,-22,-9,11,3
55.121902,10,-4,-7,-3,-26,-23,2,64,3
55.124328,0,-2,-3,-17,-16,-21,-21,-32,3
55.124335,4,5,2,8,27,-8,14,15,3
57.146224,-18,8,-6,-1,3,-1,-2,-7,0
57.146693,-5,17,4,2,-2,-1,-2,1,0
57.148028,37,1,2,-2,-3,0,2,5,0
57.148094,16,-20,-2,0,8,0,0,1,0
57.169204,-83,-24,-7,3,-3,-1,-2,-5,0
57.169222,-3,-36,-3,-2,0,-3,-3,-6,0
57.171164,26,32,13,1,-7,-1,0,-2,0
57.171170,-20,0,-6,1,1,0,-1,-5,0
57.183435,39,9,-4,-5,-1,-2,-2,4,0
57.183483,19,3,-8,-2,-6,-2,-1,1,0
57.184038,-14,54,13,4,7,0,0,-2,0
57.184072,29,-62,-7,-4,-4,-1,-3,-3,0
57.205815,17,-1,-1,2,-3,-1,-1,3,0
57.205838,-26,16,-1,-3,4,-2,-5,-5,0
57.206668,-8,-12,-7,-3,-3,-1,-1,0,0
57.206708,-12,7,2,-1,-2,-1,1,-3,0
57.229422,-14,1,-1,-1,0,0,0,1,0
57.229521,27,-4,3,0,-1,-1,0,0,0
57.230130,10,-13,-7,-3,-1,-1,0,0,0
57.230189,-23,18,-4,-4,-4,-3,-2,-1,0
57.243731,27,9,4,6,2,-1,0,0,0
57.243747,-26,-10,0,-4,-3,-1,-2,-5,0
57.244105,25,-8,-5,3,-1,-1,-3,-2,0
57.244120,-15,-20,-2,-4,-1,-1,0,0,0
57.265808,-1,5,-3,-4,0,0,0,0,0
57.265830,-4,5,-4,4,3,1,0,-2,0
57.266972,20,1,-1,-5,-9,-2,-1,3,0
57.266978,32,27,-1,-5,-2,-1,-1,1,0
57.290501,-4,-23,2,5,1,-1,0,0,0
57.290510,-56,-3,2,-1,-2,0,-3,-3,0
57.290515,-8,-3,0,0,1,-1,-2,-2,0
57.290518,21,55,8,1,-1,0,2,3,0
57.305633,11,-21,-7,-4,-4,0,0,0,0
57.305638,28,-1,-5,-5,2,0,0,2,0
57.305640,-47,-7,3,8,1,0,-2,-6,0
57.305641,-32,-1,-2,-2,-1,-1,-1,1,0
57.326218,-17,4,-2,-7,10,-1,-3,-3,0
57.326245,23,17,-1,1,-29,-4,-1,-1,0
57.327944,-20,-42,-6,-8,-1,0,0,-3,0
57.327950,3,-10,5,6,2,0,0,-2,0
57.348994,25,30,3,-4,1,0,0,1,0
57.349010,-35,-35,-5,3,4,-2,-3,-4,0
57.351331,12,18,-6,-1,-1,-1,0,4,0
57.351335,-12,-26,0,-1,-4,-1,-3,-4,0
57.363417,27,22,8,3,6,-1,0,-1,0
57.363452,-25,10,1,1,1,2,-1,-3,0
57.365036,32,10,8,-3,-6,-3,-2,-2,0
57.365041,10,-31,-10,0,6,0,0,2,0
57.385824,-36,15,-1,1,-4,-1,0,0,0
57.385842,39,-2,0,-1,2,0,-1,-1,0
57.387792,-24,-1,-5,-2,1,1,0,0,0
57.387799,-23,0,0,-2,-5,-2,0,2,0
57.409176,25,-6,-2,0,-6,-1,0,2,0
57.409196,18,-8,-6,-3,-1,0,-2,-9,0
57.410402,-53,-13,-3,-5,-2,0,-2,0,0
57.410408,17,19,7,4,2,-1,-3,-2,0
57.423677,-29,-17,-7,-1,-4,-2,-4,-3,0
57.423699,34,27,-1,-1,6,-1,2,6,0
57.426094,63,-34,-7,-3,-3,-3,-1,1,0
57.426099,-60,-9,-4,-4,8,-1,-4,-5,0
57.446089,-14,-7,-2,1,-10,0,1,-2,0
57.446116,29,27,4,2,3,-2,-3,-1,0
57.446774,-2,-31,-5,-4,0,-1,1,0,0
57.446801,-8,13,4,4,1,1,0,-1,0
57.469117,6,-2,-8,-6,0,-3,-2,-2,0
57.469133,4,-13,-2,-2,5,0,-1,3,0
57.471555,18,26,5,4,-24,-1,-2,-2,0
57.471561,-20,-19,-6,-14,-9,-1,-1,0,0
57.482709,10,-3,3,-7,1,-1,-1,-4,0
57.482733,-14,-7,-3,2,-5,-1,3,3,0
57.491856,-16,18,1,1,11,-1,-2,-2,0
57.491868,37,7,4,4,-1,0,1,0,0
57.506132,6,8,-5,1,-5,0,-2,-2,0
57.506142,-4,-31,-5,-8,6,-2,0,5,0
57.506492,-8,0,-9,-3,3,0,-1,-1,0
57.506516,9,-2,6,4,-3,1,1,-1,0
57.529432,-23,17,-7,2,5,-3,-3,-7,0
57.529464,2,-3,7,0,-3,0,-3,-5,0
57.530990,-14,-13,-2,5,4,-1,1,1,0
57.530994,21,14,-1,-3,-3,-4,-1,0,0
57.542830,17,4,3,-1,1,1,0,2,0
57.542849,13,-13,-9,0,-1,0,-1,4,0
57.551326,29,28,9,1,-1,-1,-2,0,0
57.551360,-14,-4,0,2,5,0,0,-4,0
57.565784,-6,-3,3,-5,-4,1,0,1,0
57.565801,-14,-9,-4,2,-3,-1,-1,-2,0
57.567262,-4,2,-1,-2,2,-1,-2,-5,0
57.567267,17,6,2,-2,0,-2,0,-1,0
57.589026,-19,-2,2,5,0,0,1,2,0
57.589044,37,10,-1,-7,6,0,1,1,0
57.589968,-22,25,4,2,-7,-2,-3,-2,0
57.589973,2,-32,-10,-1,-2,-2,-2,-2,0
57.602637,-9,-10,-3,-5,-7,0,-1,-2,0
57.602660,4,4,4,9,5,-1,-1,-4,0
57.611030,-29,-26,-1,-1,3,-1,-1,-3,0
57.611070,0,16,-1,0,-1,-1,0,1,0
57.626072,1,-26,-1,-3,-2,0,-1,1,0
57.627488,-23,-4,-4,-3,-4,0,0,2,0
57.627494,-60,-17,-8,-6,0,-1,-1,-6,0
57.627496,-25,27,9,-3,-4,0,-2,1,0
57.648703,-11,-42,-7,2,2,-2,0,-4,0
57.648719,3,16,6,1,-3,0,-1,-4,0
57.649460,11,-7,-2,-2,1,0,-2,3,0
57.649526,-2,-1,-4,1,0,-1,-1,-2,0
57.662925,10,8,1,-3,0,0,-1,0,0
57.662965,3,27,-1,-4,-5,0,-1,-2,0
57.670747,-10,-44,13,2,9,2,2,1,0
57.670763,35,7,6,2,-3,0,0,-1,0
57.685851,-9,-3,-5,0,0,-2,-1,-2,0
57.685875,-49,1,3,-2,-3,-1,-2,-6,0
57.687824,0,2,-8,-2,0,-1,1,1,0
57.687835,62,20,-2,-2,-1,0,-1,1,0
57.709752,-93,-2,3,0,-1,-3,-2,-6,0
57.709765,29,-5,-6,-3,0,-2,0,5,0
57.710023,4,17,-2,-1,-1,-1,-1,-3,0
57.710038,-19,-40,-8,-2,-3,-3,-1,-2,0
57.723053,40,10,-4,-2,-3,0,-1,2,0
57.723077,39,4,-2,-3,-3,0,-1,0,0
57.730906,-34,5,3,5,1,-1,-3,-1,0
57.730923,13,14,2,-2,-4,0,-1,-2,0
57.746109,12,6,-3,-2,0,-1,0,1,0
57.746130,-4,1,0,-4,0,-1,1,2,0
57.747358,10,-14,-6,0,-3,-1,-2,-3,0
57.747364,-7,4,-1,-1,3,-2,-2,-1,0
57.769179,-8,-30,-5,-1,-3,1,-2,0,0
57.769204,46,0,3,-1,1,-1,-1,2,0
57.770850,-81,-1,-7,-1,-2,0,1,-1,0
57.770860,-15,-6,8,-3,0,0,-2,-3,0
57.791808,19,14,-1,-1,-1,0,-1,-2,0
57.791832,63,45,-2,2,4,0,0,-1,0
57.792481,-56,-75,-7,-14,-21,-5,-2,2,0
57.792506,-4,9,1,9,2,2,0,-2,0
57.805769,0,8,8,2,2,0,0,-1,0
57.805784,-21,-7,-2,-2,-2,0,0,-4,0
57.806440,42,18,0,2,5,0,1,0,0
57.806477,-16,-7,-8,-6,-3,-1,-1,0,0
57.829406,13,1,-1,-1,-5,-2,-2,-1,0
57.829447,-43,-28,-8,-1,3,-2,-1,-4,0
57.830660,52,35,6,-3,-1,-1,-2,0,0
57.830670,-29,-23,-3,-2,-2,-2,1,-1,0
57.851832,44,18,4,-1,2,0,-2,-2,0
57.851857,-26,-41,-8,0,-3,-2,-3,1,0
57.852531,20,4,2,1,2,0,0,0,0
57.852542,8,17,1,-1,-2,-2,-1,-1,0
57.865759,4,0,-1,0,-2,0,-1,-3,0
57.865771,-31,9,3,-4,-3,-1,0,-2,0
57.866485,47,8,-13,-1,-3,-2,-1,0,0
57.866537,15,-4,-8,-6,0,-1,-1,-2,0
57.888927,18,-22,9,4,0,0,0,-2,0
57.888948,-83,-9,-4,-1,-2,-1,-1,-4,0
57.889756,16,14,4,0,5,-1,-1,-2,0
57.889759,-4,1,-8,-1,-2,0,-1,0,0
57.911680,-25,2,-1,1,0,0,-2,-1,0
57.911718,12,-12,2,0,-2,0,-1,-2,0
57.912298,50,23,-4,-3,0,-1,1,5,0
57.912317,-31,23,3,-3,-5,-3,-3,-3,0
57.927998,9,-40,-4,-1,-2,0,0,1,0
57.928003,-9,11,-4,1,-1,0,-1,-1,0
57.928005,-5,-33,-3,-5,-3,-1,0,-1,0
57.928007,7,-1,-1,2,0,-2,-1,0,0
57.949107,-9,22,-2,-2,1,-1,-1,-2,0
57.949123,20,9,4,0,-2,0,-1,-1,0
57.950351,-37,-36,-1,1,8,1,-1,-4,0
57.950363,39,8,-4,-6,-20,-1,-1,0,0
57.971997,-29,-15,-2,-3,0,-2,-1,-1,0
57.975262,58,10,-1,3,-5,-2,-1,0,0
57.975271,-84,-1,0,0,0,0,-3,-8,0
57.975272,5,15,2,0,4,-1,-3,-3,0
57.985906,-12,-18,-6,-4,-1,-2,0,-1,0
57.985922,11,4,4,-1,0,-2,-3,-1,0
57.987450,11,13,4,1,-1,-1,0,2,0
57.987455,12,0,-3,1,3,-1,0,-4,0
58.009538,-31,1,-5,-3,-3,-3,-1,1,0
58.009568,-20,-31,-2,0,2,0,0,-1,0
58.011422,22,11,2,2,-3,-1,-3,0,0
58.011432,-39,-24,-7,-3,3,1,0,-1,0
58.031565,27,34,4,2,1,-1,-1,2,0
58.031582,-13,3,-3,-4,-1,-2,-1,-2,0
58.033659,9,4,0,1,-2,-2,0,-1,0
58.033664,9,7,-4,-1,1,0,1,-1,0
58.046273,43,-23,-1,-1,-1,-1,-2,0,0
58.046308,-85,-12,1,1,2,-1,0,0,0
58.048552,19,7,-4,-5,0,1,0,2,0
58.048558,27,-6,4,4,4,-2,0,3,0
58.069300,-69,6,1,-2,-1,-2,0,-5,0
58.069341,1,3,0,3,-1,-1,-1,-3,0
58.069855,12,-2,-7,-2,-2,-2,0,0,0
58.069867,-24,-8,3,1,-2,-1,-1,3,0
58.092098,22,21,-2,-4,-1,-1,-1,-3,0
58.092129,-14,-24,-3,-1,3,2,0,0,0
58.094235,-6,20,1,-1,-18,-3,-1,-1,0
58.094241,-7,-25,1,0,0,0,-2,-1,0
58.105862,-20,27,2,-1,-1,-3,0,-4,0
58.105944,11,-21,-4,-1,-3,-1,-2,-1,0
58.107936,12,-2,-2,-3,4,-3,0,-1,0
58.107958,-6,8,0,-1,1,-2,-2,-3,0
58.129300,54,2,1,8,-2,2,1,3,0
58.129460,-56,26,-6,-7,0,-2,-2,-4,0
58.129944,-32,-30,-2,5,8,-1,-2,-2,0
58.129963,18,-14,-3,-3,-3,-1,0,-2,0
58.152153,11,19,4,2,1,-1,-1,2,0
58.152169,26,-22,-1,-2,-1,1,0,2,0
58.154783,0,9,2,1,1,-1,-1,-1,0
58.154831,24,3,-6,-3,-1,-1,0,-1,0
58.165869,-76,-29,-8,-3,-1,-1,-1,-4,0
58.165892,24,9,7,0,0,-1,-1,2,0
58.166882,-33,16,1,1,-4,0,-1,0,0
58.166887,7,-26,-1,-2,1,-1,0,1,0
58.189434,21,7,1,-2,-4,-1,-3,-2,0
58.189456,7,10,-3,-4,-3,-3,-1,-2,0
58.191835,8,-12,-1,2,2,-1,-1,-3,0
58.191860,-2,36,2,-1,-1,-1,-1,2,0
58.211752,-36,-18,-5,1,1,0,-1,0,0
58.211784,45,2,-3,-4,-4,-3,-2,0,0
58.212786,26,4,-5,-1,-1,-1,-1,-1,0
58.212832,-31,0,5,0,0,-1,-2,-1,0
58.226097,8,-13,-5,-4,-1,1,0,-2,0
58.226119,14,16,-1,-1,0,-2,-2,-2,0
58.226655,16,2,0,-3,0,0,0,1,0
58.226680,-25,-24,2,3,-1,-2,-1,-5,0
58.248995,9,3,0,0,6,-1,-1,-3,0
58.249018,23,1,2,8,-1,0,0,3,0
58.250780,-24,8,-3,-1,-1,-2,-2,-2,0
58.250802,-84,-12,-7,-5,-3,-3,-3,-6,0
58.271499,24,-1,2,-1,0,-2,-1,3,0
58.271522,-10,-1,-4,2,0,1,-1,-2,0
58.272963,25,-3,3,1,0,0,0,-1,0
58.272980,15,4,1,2,0,1,-1,4,0
58.286806,-4,6,-2,-2,-3,-1,-1,-5,0
58.286815,-8,-15,-3,-2,-1,-1,0,0,0
58.294790,38,7,7,-3,1,0,1,1,0
58.294796,-44,-7,-7,-2,0,-1,-2,-2,0
58.309053,1,-14,1,2,-1,-1,-1,-2,0
58.309089,14,-17,-6,-1,-2,0,-1,2,0
58.310620,-11,7,2,1,1,0,0,-2,0
58.310650,34,4,-3,-3,0,-1,-1,-1,0
58.331506,6,8,2,0,-3,-2,0,1,0
58.331522,-11,7,4,5,4,-1,-2,-2,0
58.333092,7,11,-1,-2,-2,-1,0,2,0
58.333154,30,-19,-2,0,0,0,-1,0,0
58.345280,-32,-8,-4,-4,-1,-1,0,0,0
58.345306,22,23,-3,-5,-4,-4,-1,-2,0
58.356413,-19,-20,1,3,2,-1,-1,-3,0
58.356417,31,10,0,-5,-3,-1,-1,0,0
58.369292,15,5,2,2,5,0,-1,-3,0
58.369312,-22,8,0,-3,-3,1,-1,-1,0
58.371065,20,-12,1,-3,-2,1,0,4,0
58.371072,-23,5,-5,-4,-1,-3,-2,-3,0
58.392069,-19,-1,-2,0,-1,-2,-2,-3,0
58.392106,-3,17,3,1,-1,0,0,2,0
58.394498,-37,-13,-8,-5,0,-2,-2,-2,0
58.394510,13,-13,6,3,0,0,1,0,0
58.405134,21,5,-5,-4,-5,-1,-1,1,0
58.405158,-6,7,1,-1,-2,-2,-1,-3,0
58.414353,58,-8,-2,-3,-2,-2,-1,3,0
58.414358,-79,0,-2,1,1,-2,-1,-4,0
58.429107,-23,6,0,-3,-2,-2,-1,-2,0
58.429145,-37,-4,1,-1,0,1,0,-2,0
58.430968,83,-20,-8,-2,-3,-3,-4,0,0
58.431036,-6,13,-2,0,-2,-1,0,-2,0
58.452163,7,-3,1,0,-3,-1,-1,2,0
58.452192,-9,3,-2,-3,0,-1,2,-1,0
58.455373,-26,4,1,-1,-1,1,1,-2,0
58.455380,3,-2,0,-3,-2,0,-1,0,0
58.465142,19,9,1,-2,-1,-1,-1,0,0
58.465159,4,-16,1,1,-1,-1,-2,-1,0
58.473949,-23,7,-5,2,-1,-2,-2,-6,0
58.473957,31,-12,-1,-7,6,-1,-1,6,0
58.489511,-41,-18,-3,1,-6,0,0,-4,0
58.489516,-5,-13,-8,-1,0,-1,-1,0,0
58.490407,-16,9,5,5,-1,-2,-2,-4,0
58.490422,22,8,1,2,4,2,1,3,0
58.511916,44,13,-3,-5,0,-2,-2,0,0
58.511956,-35,-12,-2,-4,-1,-1,-1,-2,0
58.514952,-12,14,5,4,3,1,-2,-1,0
58.514961,-4,7,2,0,-4,-1,-1,-1,0
58.525508,49,5,-5,-2,-1,-2,-3,1,0
58.525546,1,-27,-2,0,-4,-2,-4,-2,0
58.536135,-5,-3,-4,-7,-2,-1,-1,0,0
58.536141,-8,0,-2,6,-4,-2,-1,-1,0
58.548972,27,17,5,-3,-1,0,0,3,0
58.548994,-35,-8,1,-2,3,-1,0,-2,0
58.552048,-6,-19,-5,3,6,0,-3,-6,0
58.552054,33,20,-6,-5,-10,-3,-2,1,0
58.571897,-23,-18,-4,1,0,0,-1,-5,0
58.571918,27,25,6,-1,0,0,-1,-2,0
58.573741,-21,0,3,-2,1,0,2,1,0
58.573746,8,-6,1,2,2,-2,-1,-2,0
58.585327,-15,1,0,-1,2,-1,-1,-1,0
58.585345,20,-6,-7,-3,-2,-2,1,2,0
58.594973,-11,-2,-3,-3,-1,0,-1,-2,0
58.594982,8,-1,0,-2,-2,-2,0,-1,0
58.609385,50,46,15,6,1,1,1,2,0
58.611218,-81,-87,-8,0,-2,-2,-2,-1,0
58.611246,44,8,-3,-5,-5,-2,-2,0,0
58.611254,0,-2,-1,-1,1,-1,0,-3,0
58.631511,-6,-10,-4,-2,-2,-2,-1,-3,0
58.631531,35,42,5,-1,-2,0,2,0,0
58.633008,-17,-4,0,-3,-1,0,0,-1,0
58.633024,-14,-6,0,4,1,0,-2,-2,0
58.645261,-13,-19,-4,-1,-1,-2,-2,-2,0
58.645296,23,17,-1,-2,-1,0,-1,2,0
58.654647,-27,-8,-3,-5,-3,-1,-2,-1,0
58.654697,18,27,3,0,1,0,-1,0,0
58.669688,43,-25,-13,-10,-5,-1,0,6,0
58.669728,-79,-16,2,4,-18,-3,-4,-8,0
58.671489,14,7,-2,-1,-2,0,0,-1,0
58.671494,-3,-3,-4,-5,-1,0,-2,-2,0
58.692100,-15,19,2,5,1,-1,2,-2,0
58.692181,20,-16,-5,-3,2,-2,-2,3,0
58.693170,12,6,4,3,-1,-1,-1,1,0
58.693191,-25,-2,-3,-1,-3,-2,-2,-4,0
58.705067,-28,-23,-3,-5,-2,-1,-1,-1,0
58.705131,42,48,0,2,6,1,0,-2,0
58.715218,-39,-19,-2,1,-2,-2,-2,0,0
58.715223,6,-32,-5,-2,1,-1,-2,2,0
58.729398,-22,5,0,-2,-1,-2,-3,-3,0
58.729452,7,8,-1,2,3,0,-1,-5,0
58.730663,9,3,-3,-2,-1,-1,-1,0,0
58.730670,3,3,7,2,-1,1,1,0,0
58.751472,-23,-28,-6,-5,-4,-2,-2,-2,0
58.751482,43,13,3,-3,0,-1,-1,1,0
58.752990,4,7,0,-2,0,-3,1,1,0
58.753004,-25,-14,-2,1,3,-2,-2,-2,0
58.774068,19,0,-1,-3,-7,-1,-1,-2,0
58.774091,-16,20,3,-4,-1,-1,-1,-1,0
58.776840,-31,-2,0,-1,-1,0,-1,-3,0
58.776849,2,-27,-9,0,-3,-1,-1,-1,0
58.789004,7,2,-6,-3,2,0,0,2,0
58.789027,4,-3,-1,7,2,-1,-1,-1,0
58.790539,17,8,3,1,-3,-1,-1,2,0
58.790554,3,12,3,-1,1,-2,0,-1,0
58.813536,1,13,-1,1,2,-1,-1,-2,0
58.813541,17,-23,-4,-6,-1,0,-1,0,0
58.813543,-28,-13,0,-2,3,0,1,1,0
58.813545,21,2,-5,-4,-3,-1,-1,-3,0
58.834462,-3,7,6,6,2,0,-1,-1,0
58.834492,20,7,-1,0,-1,0,0,4,0
58.837293,-71,-2,-6,0,-1,-3,-1,-5,0
58.837298,46,4,-2,-4,-3,-2,0,0,0
58.849262,-74,-2,-7,-4,-3,-1,-2,-6,0
58.849281,27,-20,-1,0,1,-2,1,3,0
58.852524,18,6,3,1,1,-1,-2,-6,0
58.852530,4,6,1,1,0,0,-1,3,0
58.871714,31,-5,0,2,0,-1,0,1,0
58.871736,-14,14,1,-1,0,0,0,-2,0
58.874784,17,-4,-5,-5,-2,0,0,-1,0
58.874796,-12,-2,0,-2,-1,0,-2,-3,0
58.894033,11,1,1,3,0,0,-2,1,0
58.894056,-14,3,3,-2,-1,0,0,-1,0
58.896039,3,-9,-4,-1,1,0,1,0,0
58.896081,-18,4,-3,-1,0,0,-1,-1,0
58.908392,-6,0,-3,-1,-3,-1,-1,-2,0
58.908414,-6,-17,-5,-4,-1,-3,-1,-3,0
58.915150,27,9,-1,-1,-1,0,1,1,0
58.915167,2,12,2,0,-1,-1,0,1,0
58.931592,-14,-13,-4,-6,-2,-3,-1,-3,0
58.931610,-6,-4,-2,0,0,-1,-2,-3,0
58.933423,17,29,5,4,1,0,0,0,0
58.933428,28,-29,-8,-6,-4,-2,-2,-2,0
58.955300,-63,-9,7,1,3,1,1,0,0
58.955306,31,16,-4,-7,-5,-2,-1,1,0
58.955482,-25,0,-1,-2,-1,-1,-3,-3,0
58.955490,-9,-5,1,0,-1,-3,-1,-3,0
58.969791,9,-8,-3,-2,1,-2,-2,0,0
58.969796,-18,-10,-1,-1,-1,-1,-3,0,0
58.975495,-2,-2,-1,0,-5,-1,-2,-4,0
58.975527,6,28,1,-1,0,1,-1,0,0
58.992000,15,-22,-4,0,0,0,-1,-1,0
58.992038,-10,5,1,0,2,0,-1,1,0
58.994131,12,-9,-3,-3,-8,-4,-1,-2,0
58.994135,-3,19,1,2,-1,-2,0,2,0
59.015645,-8,-15,0,0,1,-1,-1,-3,0
59.015652,-43,9,0,2,2,-1,0,-3,0
59.015655,8,-16,-4,-1,1,-1,-2,1,0
59.015656,11,-5,1,1,-2,0,0,0,0
59.028775,-7,13,-2,0,-3,-2,-1,2,0
59.028810,15,-5,3,-1,-1,-2,-1,-4,0
59.035287,-13,-26,-5,-4,0,-1,1,1,0
59.035302,1,4,-1,-6,-1,-1,0,-2,0
59.051493,30,8,-2,3,0,0,-3,-3,0
59.051516,7,13,2,0,-2,-1,-2,1,0
59.053166,-1,4,1,0,0,1,1,-1,0
59.053184,18,-11,-1,-1,1,-2,-2,4,0
59.074428,-15,-10,-6,-3,-1,-1,0,-8,0
59.076836,11,11,-1,-5,-2,1,-1,0,0
59.076843,9,6,1,-1,-1,-2,-1,0,0
59.076845,-16,-5,2,3,-2,-1,-3,-5,0
59.088290,12,9,1,-2,0,0,1,2,0
59.088305,7,-13,-4,-1,-3,-1,1,1,0
59.095536,-2,11,2,-1,2,-1,-2,-1,0
59.095571,-36,12,-2,1,-5,2,0,-1,0
59.111545,4,-40,5,-1,1,-3,-2,2,0
59.111612,2,-13,-3,-3,-4,1,0,-2,0
59.113724,11,2,-5,-3,1,0,-2,0,0
59.113751,-12,2,3,2,1,0,1,-2,0
59.134204,1,13,0,4,-3,-2,-2,-1,0
59.134222,-7,8,-3,-2,2,-2,-2,-1,0
59.135722,10,-18,-2,-1,-2,-2,-4,-3,0
59.135729,-30,-5,-6,-2,-1,0,-1,-1,0
59.148403,20,30,4,-6,0,0,-1,-1,0
59.148420,32,-8,3,5,2,-1,0,1,0
59.156529,-73,-6,-2,0,-1,-2,-3,-4,0
59.156596,-10,-14,-2,-2,-1,-1,-2,-3,0
59.171425,6,12,-1,-1,0,0,-1,2,0
59.171433,-26,1,-2,1,-1,-1,0,-2,0
59.172892,15,7,2,3,1,-2,-1,1,0
59.172906,9,-4,3,-1,-1,1,2,2,0
59.194042,-16,-11,-1,1,-2,-2,-1,-5,0
59.194071,25,32,0,-1,-2,0,-3,2,0
59.196019,20,-36,0,-1,-2,-2,0,0,0
59.196120,-40,-12,-2,0,-1,-1,-1,-3,0
59.208846,42,19,-3,-5,-5,-2,-1,2,0
59.208874,-7,-11,-6,0,-1,0,-1,-2,0
59.215272,0,20,0,0,-2,-1,-1,0,0
59.215296,-6,-7,6,-1,-1,0,-1,-3,0
59.231493,-15,-1,-3,0,-3,-2,-2,0,0
59.231511,2,-8,-2,-2,0,-1,0,-1,0
59.233063,10,27,-2,-3,-3,-1,0,2,0
59.233074,-1,-38,-5,-1,1,-1,-1,-3,0
59.254632,0,12,1,-2,-1,0,-1,0,0
59.254660,-25,-45,-3,2,-1,-1,-2,-1,0
59.255537,34,36,5,-4,-2,-1,-1,1,0
59.255560,2,12,-3,-1,0,-3,-1,0,0
59.267731,-19,-14,-1,1,2,0,1,-3,0
59.267750,20,4,-5,-3,-3,-2,-1,-2,0
59.278432,-23,-8,0,-2,0,1,1,-3,0
59.278453,42,28,-2,-3,-1,-1,-2,0,0
59.292029,-43,-38,2,-1,-2,-2,-2,-3,0
59.292069,-5,6,6,5,0,-2,0,1,0
59.293761,5,-8,-7,0,-1,-1,-2,0,0
59.293770,-3,11,2,-2,-2,-1,-1,-4,0
59.313983,-13,14,0,0,5,-1,0,1,0
59.314000,23,27,-1,-3,-4,-3,-2,-4,0
59.315517,23,-45,-5,-4,-2,-1,-2,-3,0
59.315558,-22,-14,-7,-1,-2,-1,0,1,0
59.327697,17,4,-5,0,-1,0,-1,-1,0
59.327708,0,12,5,-2,-1,0,-2,1,0
59.337772,-19,10,7,5,0,1,0,-2,0
59.337778,-8,5,-4,-1,5,-1,-1,-2,0
59.351581,14,-4,-2,1,-2,-1,2,2,0
59.351603,-5,-9,-6,-5,-1,-2,-1,0,0
59.353088,5,0,-3,-2,-2,-1,-2,-1,0
59.353093,8,-1,4,1,-1,0,0,2,0
59.376558,10,25,2,3,1,-1,-1,-2,0
59.376566,-39,-39,-2,1,1,0,0,-2,0
59.376568,-17,-13,-4,-4,-1,-1,-2,-2,0
59.376570,48,3,-2,-2,-2,-2,-1,2,0
59.388127,-69,-7,-2,-3,0,0,-1,-2,0
59.388156,32,28,4,-1,1,-1,-2,-4,0
59.397703,-8,-15,-3,2,-1,-1,-2,0,0
59.397708,5,2,-1,-3,1,-1,-2,-1,0
59.412002,33,0,0,-4,-3,-1,-2,-1,0
59.412030,-4,-19,-3,0,0,2,-1,-1,0
59.413727,-18,10,-1,0,1,-2,1,-1,0
59.413732,25,-8,-3,-1,-2,-1,1,3,0
59.434132,8,5,1,-1,-1,-1,0,2,0
59.434157,-24,10,-1,-3,-3,-3,-2,-1,0
59.436344,5,-17,-8,-1,-2,-2,-1,-1,0
59.436352,-21,8,3,-1,-3,-1,-1,-2,0
59.447637,-2,11,1,1,-1,1,0,0,0
59.447653,10,-4,-2,-3,0,0,-2,-3,0
59.459000,-1,-25,-2,0,-1,-1,-1,-1,0
59.459019,-4,10,-4,-2,0,-4,-2,0,0
59.472129,5,2,2,2,0,0,-3,0,0
59.472150,4,-4,-6,-1,0,-1,1,0,0
59.472970,38,26,3,-4,-3,-2,0,2,0
59.472984,-34,2,3,2,0,0,-1,-2,0
59.494165,8,-18,-8,-2,1,0,0,-2,0
59.494191,-16,-21,-8,-3,-3,-2,-1,0,0
59.497195,60,26,7,1,2,-2,-1,0,0
59.497208,-54,-39,-5,-2,2,-1,0,-4,0
59.507635,20,19,-5,-4,-11,-1,-4,-3,0
59.507655,-22,-13,1,-2,3,0,0,-1,0
59.517736,-21,7,0,1,0,0,-2,-2,0
59.517741,13,-4,3,-1,-1,-2,-2,0,0
59.532031,13,1,-2,-4,-3,-1,0,2,0
59.532037,-12,-11,-2,-5,-2,-1,0,-2,0
59.533030,13,19,1,3,0,-1,-1,-1,0
59.533045,-6,-8,-1,-4,-2,0,0,-2,0
59.554201,-13,-7,-1,4,2,-1,-1,-2,0
59.554224,26,6,-3,-1,-2,0,0,1,0
59.556598,-30,-2,3,1,1,-1,0,-1,0
59.556604,10,12,-2,1,-3,-1,-1,-1,0
59.567731,-8,-11,0,-6,0,0,-1,-2,0
59.567750,17,13,3,2,-1,1,-2,2,0
59.577820,-38,-9,0,-4,3,0,-1,2,0
59.577825,12,-7,-4,0,-4,-3,-3,-2,0
59.599145,25,3,-2,-7,-1,-3,-1,-1,0
59.599163,7,4,3,5,-3,-1,1,-1,0
59.601029,-20,-3,-2,1,0,0,-1,0,0
59.601035,8,4,1,-2,0,0,-1,-1,0
59.621921,2,-7,-4,0,0,-1,-1,2,0
59.621942,5,0,-2,-2,-1,-1,-1,-1,0
59.623252,3,2,-2,-2,-2,-1,-1,0,0
59.623261,6,29,3,-3,-1,0,0,-1,0
59.627843,-11,-39,-1,5,-2,-2,0,-1,0
59.627882,-2,7,1,-3,1,-1,0,0,0
59.637649,-23,-6,-1,-4,-3,0,0,0,0
59.637653,18,9,1,1,-2,1,-2,-2,0
59.651232,-3,8,-2,0,4,0,1,0,0
59.651261,-1,9,4,-1,-2,-1,-1,-1,0
59.657798,10,-16,0,0,-1,2,-1,-1,0
59.657870,-17,36,-4,-4,-3,-3,-3,4,0
59.673959,2,-17,6,2,1,0,0,0,0
59.673981,-1,-11,-1,-1,0,-1,-2,-5,0
59.675813,-38,0,-1,-1,0,-2,0,-5,0
59.675835,33,1,-3,2,1,-2,-1,4,0
59.696831,-48,-22,-3,-3,-3,-1,-2,-3,0
59.696858,-9,2,-2,-1,-1,0,-1,-1,0
59.698410,42,21,-1,-5,0,1,-1,-1,0
59.698416,-17,-43,-3,1,1,-1,-1,-3,0
59.711753,-1,4,0,1,-1,0,-1,0,0
59.711812,10,6,-1,-2,-1,-1,0,0,0
59.714131,-3,-3,-2,-1,-1,-1,-1,0,0
59.714139,-5,-4,-1,-2,-3,-1,1,0,0
59.733892,-3,4,-1,-2,-1,0,-2,-2,0
59.733901,37,9,3,-1,-3,-1,-2,-1,0
59.735396,-75,-6,-4,-2,-2,-2,0,1,0
59.735425,9,36,1,-4,2,0,-2,-4,0
59.756479,0,-71,-8,2,-8,-1,-2,-1,0
59.756501,-5,-14,1,3,4,-1,0,-2,0
59.759692,43,15,-6,-2,-2,-1,-1,1,0
59.759698,-19,-7,5,1,0,0,-1,-2,0
59.771443,-32,30,-1,-4,1,-1,-1,-2,0
59.771465,0,-3,-6,-4,-8,-2,-2,-2,0
59.772905,20,-16,-1,-2,-3,-1,0,0,0
59.772913,-4,-5,-4,-4,0,-1,0,-2,0
59.794318,8,17,-1,2,0,-2,-1,1,0
59.794351,-6,1,1,1,1,0,-1,-1,0
59.796687,-5,-30,-2,0,0,-1,-4,-2,0
59.796691,3,-12,-4,-4,-5,-2,-1,1,0
59.816942,6,23,-1,-1,4,0,1,-1,0
59.816959,-15,-4,-3,-4,0,-1,-1,0,0
59.818073,20,7,5,0,-1,0,0,0,0
59.818079,-6,-16,-2,0,1,-1,-2,-1,0
59.830869,18,12,1,-2,-4,-2,-2,-2,0
59.830886,-20,22,0,1,0,-2,0,-2,0
59.837658,4,-19,1,0,-2,-1,-1,1,0
59.838557,13,-39,-5,-1,1,0,-1,-4,0
59.853977,-20,12,-1,-1,0,-2,0,-2,0
59.853994,25,4,-1,-4,0,-3,-1,2,0
59.855453,-38,-6,-2,0,-5,0,-2,-2,0
59.855467,56,14,1,1,6,2,0,0,0
59.876526,12,16,2,-1,-4,-1,-2,-3,0
59.876545,-22,-32,2,6,-1,-1,1,2,0
59.878606,13,-3,-2,-1,-2,-2,-2,0,0
59.878645,-3,10,3,-1,-3,-2,0,4,0
59.891285,-23,9,-2,-4,3,-1,-1,-2,0
59.891459,-22,9,-3,-4,-4,-4,-3,0,0
59.897600,-5,5,1,2,0,0,-1,-3,0
59.898555,-8,-11,-3,-1,1,0,-1,-2,0
59.914045,35,10,4,1,0,-1,-1,1,0
59.915198,-15,6,-2,-1,5,1,0,0,0
59.915504,-5,-17,2,3,-1,-2,0,-3,0
59.915565,-13,5,-3,-3,-3,-2,-1,1,0
59.937042,20,-3,-1,-3,2,-1,0,1,0
59.937070,59,11,-2,0,-8,0,-1,0,0
59.938306,-36,5,-4,-1,6,0,-3,-2,0
59.938321,-18,14,1,2,0,-1,-1,-5,0
59.950882,-16,-23,0,-2,-1,0,0,-1,0
59.950891,-7,5,-2,-3,-2,1,0,1,0
59.958083,80,34,7,-2,-2,-1,0,6,0
59.958119,-33,-19,2,3,-3,0,-1,0,0
59.974545,-13,-14,-6,-2,-5,-1,-2,-3,0
59.974578,-13,-7,-2,0,-1,-1,0,-1,0
59.976996,-5,4,-5,-4,-1,0,1,-2,0
59.977001,10,11,0,-3,-1,-1,-1,0,0
59.997365,5,-31,-3,4,0,0,0,1,0
59.997370,-3,-2,-1,-5,-17,-3,-3,-2,0
59.998074,8,-3,2,2,13,0,1,0,0
59.998086,12,-8,-2,1,12,0,-1,-2,0
60.012680,-15,1,-1,-1,-1,0,-1,-3,0
60.012703,17,1,-2,1,3,-3,0,0,0
60.017993,0,5,-1,-1,-12,-3,-2,-4,0
60.018022,-2,1,-3,-1,5,0,0,2,0
60.034161,1,1,0,-1,-13,-3,-2,-1,0
60.034183,29,23,1,-2,1,1,-2,-1,0
60.036031,-49,-30,0,-1,6,2,0,0,0
60.036039,18,-4,0,1,-8,-2,-2,-2,0
60.056431,-33,7,4,-2,0,-3,-2,-3,0
60.056454,8,-1,0,-1,-1,-2,0,0,0
60.058434,18,18,-5,-4,-4,-3,-2,-1,0
60.058463,-57,-28,-5,0,1,-2,-3,-2,0
60.071354,26,-7,-4,-4,1,-1,0,-2,0
60.071383,-22,-1,0,1,1,2,-1,0,0
60.078097,-3,-1,-2,-2,3,0,0,-1,0
60.078122,3,17,1,-1,-9,-2,1,0,0
60.094083,21,-10,-4,-2,-1,-3,-5,0,0
60.094104,1,-15,-2,-1,4,0,-1,-1,0
60.095829,-31,6,4,1,-4,-2,0,-1,0
60.095856,46,3,-6,-5,-6,1,-1,3,0
60.117147,-34,6,7,1,1,0,-1,-5,0
60.117177,-12,5,-1,-3,2,-3,-1,0,0
60.119957,30,4,3,3,-6,0,-1,-2,0
60.119964,-52,-14,4,1,1,1,1,-2,0
60.130919,12,15,-6,-4,2,-2,-1,2,0
60.130935,-10,-32,-5,-1,-2,0,-3,-1,0
60.138143,14,-10,-2,-4,-4,-1,-1,-3,0
60.138177,0,-12,-2,1,-2,-1,1,2,0
62.155163,-3,-2,-1,-12,-63,-73,-45,19,3
62.155429,-3,-3,-2,-20,-46,-21,34,-29,3
62.164170,-1,-4,-8,13,34,-128,-60,-38,3
62.164230,4,-1,2,12,-26,58,-39,19,3
62.179460,11,-2,-6,-32,90,-55,13,16,3
62.179487,-36,1,4,34,36,42,-51,-5,3
62.180637,8,1,-1,-7,71,91,72,69,3
62.180652,22,-5,-9,-35,-28,-35,27,37,3
62.202183,-31,-2,0,10,-31,39,-17,-34,3
62.202208,16,1,-1,10,-5,-85,-24,-10,3
62.204337,3,1,3,-1,-27,75,16,69,3
62.204344,-28,-3,0,10,-6,-100,-4,-84,3
62.215151,-5,-4,-2,-1,-13,-20,-13,-7,3
62.215168,28,3,-1,-5,3,-108,34,78,3
62.226704,-28,-2,1,-5,56,91,-47,-128,3
62.226711,14,-3,1,-4,-81,-87,-27,127,3
62.239557,6,-7,-9,-14,12,16,20,-107,3
62.239586,4,4,5,15,-20,-103,32,43,3
62.242945,-2,-1,-2,2,-66,30,-23,-11,3
62.242952,-5,7,9,28,103,-70,29,41,3
62.261941,7,2,-2,9,9,50,6,-40,3
62.261970,15,-1,-4,4,14,54,-87,28,3
62.263084,18,-3,1,3,-62,-104,2,-41,3
62.263102,-69,-6,1,8,-35,77,-7,-41,3
62.275394,-1,-3,-1,-6,-4,72,-23,-5,3
62.275423,-2,-1,2,2,13,36,83,-18,3
62.285429,31,3,-5,-6,12,-1,-35,42,3
62.285436,5,-1,-1,-3,6,-21,-6,-8,3
62.299055,-3,-2,-2,-2,-13,-23,38,57,3
62.299075,-7,-7,-7,-8,-26,13,-12,-2,3
62.301065,-7,1,2,10,-53,-31,17,-70,3
62.301069,-18,-2,-9,0,-21,-66,-31,13,3
62.321890,33,4,5,20,-14,-30,82,25,3
62.321944,-30,-10,-5,3,24,72,27,-92,3
62.322966,-13,3,2,-5,6,-128,-14,54,3
62.322974,17,0,3,-6,26,93,18,-14,3
62.337474,20,11,10,31,-59,-50,24,56,3
62.337480,-22,-5,-4,22,23,-40,-63,39,3
62.344394,-48,-4,4,9,83,75,13,-91,3
62.344400,30,2,0,-3,17,81,46,-13,3
62.359134,-8,-5,-5,-23,12,-8,-39,-10,3
62.359165,26,4,1,-8,-8,61,-3,14,3
62.360636,-13,-4,-2,-4,1,7,-8,-2,3
62.360646,7,-1,-4,-8,-98,19,-36,32,3
62.381568,7,-6,-6,-14,41,58,13,41,3
62.381585,-15,0,3,11,-6,114,-41,-12,3
62.383015,27,11,0,-27,-36,-44,14,56,3
62.383081,-12,-12,-3,-5,-31,-48,15,-123,3
62.395770,-4,4,3,4,-32,-101,-17,26,3
62.395810,13,-2,2,-1,18,53,33,-7,3
62.405502,-1,-2,-3,-1,-18,-17,-4,41,3
62.405509,7,7,3,2,60,22,15,36,3
62.418992,-15,-2,-4,-43,0,-9,22,-25,3
62.419010,-3,-2,-2,31,12,32,-30,-8,3
62.420667,3,-1,3,7,-25,-7,12,-56,3
62.420689,1,-3,-1,6,74,-47,-11,8,3
62.442228,-6,-5,-3,1,21,108,-12,-16,3
62.442256,-9,6,-1,-15,-36,-105,-23,8,3
62.443752,8,-9,-3,2,69,-42,-5,27,3
62.443757,0,-3,-3,5,-6,91,-3,15,3
62.455455,-8,-2,-1,2,6,43,29,9,3
62.455477,-1,-6,-5,-23,-67,-128,-17,-44,3
62.464070,-11,-1,-1,6,27,63,21,-12,3
62.464088,-4,1,-4,-23,-98,-91,-18,-5,3
62.479478,-6,-1,-1,34,-13,-17,4,67,3
62.479571,-2,0,-1,-9,-18,-18,32,16,3
62.480638,3,-2,-2,-5,-5,-15,-10,-6,3
62.480653,-3,0,-2,-7,6,-6,-4,-22,3
62.501950,-21,-2,-3,-5,-90,-69,-52,-22,3
62.501981,-1,-4,0,10,13,111,-21,-11,3
62.503945,4,0,1,-9,-49,-41,8,1,3
62.503949,11,3,-1,9,13,31,0,-20,3
62.515123,-18,-4,-1,-2,23,-4,-29,-21,3
62.515140,4,2,-1,-5,10,-40,9,-21,3
62.524901,11,2,-1,0,21,29,8,36,3
62.524918,-1,-5,-6,-17,18,101,36,-51,3
62.540087,-4,-7,-5,-8,25,92,-37,-70,3
62.540092,11,5,4,-6,2,35,47,85,3
62.540515,-8,3,1,10,3,-39,15,-12,3
62.540552,-8,-4,2,6,12,-7,-15,53,3
62.562190,-1,0,-2,-3,8,-26,12,-49,3
62.562222,11,2,0,-5,-52,-21,-3,28,3
62.563966,8,-1,-5,6,41,-6,17,60,3
62.563973,1,1,3,3,-39,42,-77,13,3
62.584043,16,3,3,28,66,-33,5,-7,3
62.584066,-15,-8,-1,3,-2,-16,-4,-64,3
62.586947,10,-1,-1,-3,-25,-19,-3,31,3
62.586957,-7,-2,-4,-3,9,-12,17,-1,3
62.599092,3,0,1,-3,-26,12,1,16,3
62.599111,3,5,1,-5,20,0,8,7,3
62.600563,-10,-6,-5,-5,-22,9,-13,18,3
62.600588,8,1,1,3,-29,-1,31,10,3
62.621593,-14,1,1,-6,31,-70,-14,17,3
62.621611,1,-4,-5,-4,25,58,5,-2,3
62.623085,-16,-5,1,1,-20,27,31,37,3
62.624353,-3,0,-3,4,57,21,17,-6,3
62.651613,7,2,1,-21,-81,-43,-46,-5,3
62.651636,-7,-7,-4,8,52,-69,18,9,3
62.653093,-14,-5,-2,5,38,-16,-21,-60,3
62.653111,15,0,2,8,-6,-36,1,-1,3
62.659172,5,-2,-3,-6,-6,28,10,-3,3
62.659193,-4,3,0,-11,-2,-30,-31,-18,3
62.660846,-14,-2,-5,-4,15,-10,1,-44,3
62.660950,19,-1,-1,-1,9,-49,-3,7,3
62.681498,-13,-1,-4,1,26,13,13,7,3
62.681529,25,2,0,-6,-27,-22,-13,18,3
62.682991,-20,-5,-2,-11,-73,-18,-7,-52,3
62.683006,-5,-1,1,2,17,94,-8,-41,3
62.704538,-1,-2,0,-1,0,28,1,-12,3
62.704555,-5,-1,0,2,-14,26,12,32,3
62.705985,5,2,-2,-4,-15,11,-14,-58,3
62.705991,-4,1,0,-1,1,-42,9,38,3
62.718356,-6,0,1,2,3,3,-4,-5,3
62.718374,-9,-1,-3,2,-1,23,5,-26,3
62.725536,2,-1,1,1,-9,-77,8,2,3
62.725560,5,4,1,6,57,-73,10,37,3
62.741935,5,-4,-7,-45,79,3,-68,-22,3
62.741965,8,2,4,38,-87,6,-8,-10,3
62.743747,-7,-2,0,16,63,-6,18,59,3
62.743755,0,-2,-4,-3,-25,-37,-23,-24,3
62.764031,2,1,-1,2,-51,-33,26,47,3
62.764085,-13,-8,-4,-23,45,68,-28,-57,3
62.765511,19,0,1,-9,4,45,-28,-9,3
62.765527,-5,-2,1,-6,-28,-25,6,24,3
62.778738,4,-2,0,-1,-86,17,19,7,3
62.778768,-3,2,-3,-6,-45,-96,-3,40,3
62.785428,-11,3,2,12,-17,43,-1,63,3
62.785452,2,-2,-1,-13,-1,2,-10,12,3
62.801865,4,0,0,7,0,-3,6,3,3
62.801888,-5,-2,-4,-6,7,58,2,-21,3
62.802987,22,-10,-7,-13,-2,14,22,48,3
62.802996,19,-1,0,1,-8,20,-10,-27,3
62.824046,-5,-2,0,8,0,-37,0,-2,3
62.824070,0,-1,2,5,21,-57,-18,38,3
62.825643,-2,4,0,-7,-65,29,-22,-18,3
62.825665,-27,-3,-4,1,29,8,-10,1,3
62.838398,0,0,2,10,12,11,23,8,3
62.838414,12,1,-1,-11,-2,-47,8,-61,3
62.845408,20,1,0,0,-10,-16,-4,-22,3
62.845481,2,2,3,3,-18,-17,-5,11,3
62.861913,-12,-4,-8,-11,-80,1,12,34,3
62.861954,-18,-8,1,5,23,5,7,-8,3
62.863806,-1,-1,-2,1,1,38,-6,-16,3
62.863813,3,-2,-1,0,-86,15,26,88,3
62.884369,6,7,-1,7,115,-7,4,-27,3
62.884395,42,0,1,-3,2,18,-6,-19,3
62.885911,7,0,-1,0,10,7,14,-24,3
62.885916,-63,-6,-2,-1,-2,-20,-11,-15,3
62.898302,-13,-3,1,1,-10,42,8,-13,3
62.898320,-15,1,-2,-1,2,-22,12,-58,3
62.905492,10,-5,-2,-15,29,11,-46,46,3
62.905520,16,1,-2,7,4,-35,-9,-24,3
62.920811,8,-3,0,-4,-6,14,1,-22,3
62.920827,-5,3,0,-2,10,18,1,-5,3
62.930207,-25,-2,-2,-1,20,-36,-11,-33,3
62.930236,2,-1,-3,-10,-5,31,15,-67,3
62.944127,13,-4,0,1,2,7,-3,6,3
62.944153,2,3,-1,6,-81,11,2,55,3
62.946585,3,3,0,-4,1,-17,28,62,3
62.946590,7,-1,-1,18,2,48,-9,20,3
62.958554,-19,-2,0,7,22,6,3,-26,3
62.958578,-7,-4,-5,-7,4,0,-9,2,3
62.965158,9,2,0,-4,-15,7,-23,4,3
62.965174,-15,-5,0,-1,21,4,-4,25,3
62.981525,19,2,-2,-2,0,-3,-2,65,3
62.981542,-32,-5,0,-3,-29,-10,32,-46,3
62.983004,11,2,1,9,89,-26,-62,-88,3
62.983018,21,5,1,1,-31,-16,27,87,3
63.004022,-37,-11,-6,-10,-57,-15,-29,-64,3
63.004042,9,-1,-1,-2,36,29,10,43,3
63.005413,0,2,1,-1,-15,-33,8,-2,3
63.005422,-1,-3,-3,-8,26,-9,-11,-30,3
63.018431,11,7,7,12,-65,114,26,66,3
63.020379,13,-2,-3,-5,74,-74,-36,30,3
63.025320,-15,-3,1,22,-54,80,4,-13,3
63.025354,13,0,1,-4,5,-68,-3,-12,3
63.043076,-6,-2,-4,-4,-13,-71,22,-21,3
63.043082,-31,-3,-1,-5,26,61,-14,-35,3
63.043084,2,-3,-1,-10,-6,-29,22,-14,3
63.043086,10,1,-1,4,7,24,5,54,3
63.063980,6,0,0,0,51,24,-30,-49,3
63.063999,1,2,3,3,-10,3,21,95,3
63.065598,-14,-2,-3,1,89,57,10,-76,3
63.065612,9,1,1,-9,-37,-2,-18,-29,3
63.078054,-4,1,0,-1,10,-25,-2,42,3
63.078097,12,-3,0,3,-25,-17,5,57,3
63.088456,-12,-2,-6,-14,-13,-24,-36,-43,3
63.088466,4,-1,-1,8,-18,-16,19,15,3
63.101602,0,-2,-1,11,11,34,-1,-12,3
63.101629,2,2,1,-3,0,58,-17,-1,3
63.104285,-9,-3,-1,5,-2,13,22,-6,3
63.104293,3,2,-4,-25,15,77,12,-42,3
63.124410,11,-5,-1,-10,-10,-119,-41,-14,3
63.124437,-10,-1,-1,3,43,-7,2,-3,3
63.127269,7,-4,-4,-6,-96,15,-8,-22,3
63.127278,-37,-1,1,-5,60,-61,-32,-110,3
63.137535,46,7,2,6,-8,127,54,81,3
63.137551,12,3,2,2,58,9,-6,-40,3
63.147157,-11,0,1,6,-11,-47,15,92,3
63.147167,-10,-6,-3,-8,52,-21,-2,24,3
63.161785,2,0,1,19,39,26,-7,-8,3
63.161817,-1,0,-1,-1,-24,-50,-3,-24,3
63.163688,13,1,-1,-7,-11,-65,18,23,3
63.163837,-7,-6,-2,-8,4,7,-25,-10,3
63.184173,-15,3,0,-17,9,-65,7,-20,3
63.184214,7,2,0,11,-45,14,4,29,3
63.185603,11,-3,-1,3,-49,19,-1,5,3
63.185623,11,-2,-2,9,-59,19,8,-12,3
63.206579,-36,-1,1,-8,87,75,25,-31,3
63.206601,1,1,2,42,1,-5,-6,5,3
63.209390,16,-2,-1,-5,-8,-17,-10,-59,3
63.209403,4,-3,-5,3,-87,-8,18,52,3
63.221411,-3,0,-2,2,-20,-29,-12,0,3
63.221434,-4,0,-3,-13,-13,-37,2,-22,3
63.222877,-7,1,-1,-13,40,52,51,9,3
63.222893,-3,2,-1,19,30,-4,16,4,3
63.245278,1,-3,-3,0,-42,70,-15,10,3
63.245300,0,-1,-3,-16,-12,7,-6,-47,3
63.245910,-8,-4,-1,1,-9,-31,-7,-20,3
63.245948,-10,-1,0,-14,79,23,2,84,3
63.258088,-12,-3,-3,-6,4,-20,-21,-57,3
63.258118,11,0,-3,8,-20,-70,17,43,3
63.268300,-14,-2,-2,-14,8,64,-4,96,3
63.268309,-2,-4,-1,26,-12,-58,-14,4,3
63.281566,9,-3,-2,12,0,-31,3,43,3
63.281583,5,-6,0,-6,-41,45,-25,11,3
63.283216,-39,-7,-5,-11,-49,-56,-45,-76,3
63.283225,-5,1,1,-5,63,-23,17,-26,3
63.304177,5,-3,-4,-13,47,23,44,14,3
63.304193,3,-3,-6,-3,-6,-11,-10,-41,3
63.305500,2,3,0,-2,35,-61,23,28,3
63.305510,0,0,3,0,-9,-1,-45,-24,3
63.317879,-10,-4,2,8,31,-9,1,-1,3
63.317905,-3,4,-1,-9,4,33,15,-12,3
63.327797,13,1,-2,8,-5,58,7,-4,3
63.327813,-6,-5,-4,-7,-40,0,-15,-20,3
63.342057,9,2,-2,-35,-16,-44,-5,-8,3
63.342093,-8,0,0,14,-87,-74,-10,-56,3
63.343174,-13,-2,0,16,-1,11,-10,33,3
63.343199,6,-3,-3,1,-19,40,-49,-20,3
63.364000,-9,-1,1,1,-38,-32,-7,12,3
63.364019,-20,-6,-1,-19,25,33,-1,-56,3
63.365470,6,2,1,3,-22,17,1,-48,3
63.365482,8,1,-2,-9,34,-3,24,-20,3
63.386505,11,0,-3,11,-42,57,6,66,3
63.386512,-12,-3,0,-2,49,-33,6,-36,3
63.386514,28,7,8,23,79,7,-11,83,3
63.386516,-12,0,-4,-10,-67,-44,-22,-4,3
63.400917,0,4,1,-2,-32,-27,-17,-17,3
63.400934,5,-8,-4,-8,-30,51,25,18,3
63.402281,4,-2,0,-11,-15,-4,-4,31,3
63.402285,5,1,1,8,0,-8,13,0,3
63.423473,2,-2,0,8,8,-8,-15,19,3
63.423497,4,0,-1,-8,-7,-8,-12,46,3
63.426091,2,-2,-1,4,83,-8,9,-96,3
63.426097,1,4,1,4,-39,-6,-58,8,3
63.448320,-3,6,5,6,33,-30,18,-70,3
63.448333,6,-5,-2,-26,23,59,3,77,3
63.448335,2,-1,3,42,-14,-73,20,42,3
63.448337,-6,-7,-5,-5,-1,127,28,-61,3
63.463139,3,4,-1,-6,21,-2,-14,-29,3
63.463146,5,1,0,-2,8,-6,-15,-20,3
63.463148,-4,2,-1,-13,-31,16,10,20,3
63.463149,2,-1,-1,-12,-15,-14,24,30,3
63.483495,-2,-4,-2,4,-26,-43,1,27,3
63.483511,0,4,0,-4,11,41,-7,11,3
63.484459,-5,-4,-1,-5,-25,58,8,-2,3
63.484464,-3,-1,-2,2,-75,9,34,-17,3
63.505726,-13,-6,-2,-3,72,-46,-27,-44,3
63.505742,7,2,-2,2,8,-7,16,59,3
63.506528,-4,-2,-1,0,-57,-27,8,-34,3
63.506532,15,6,1,-5,1,48,-11,15,3
63.520775,-11,-4,0,8,55,108,26,18,3
63.520798,-10,0,4,4,-4,-19,4,33,3
63.521611,3,-1,-5,-10,0,-19,-17,-10,3
63.521615,-3,-1,-1,-3,15,-26,7,-25,3
63.543366,6,-2,-4,-9,-52,0,-16,-10,3
63.543385,9,-1,-1,-3,31,-84,15,56,3
63.544074,-10,-4,-2,6,46,105,-9,35,3
63.544095,17,4,2,-18,38,46,19,13,3
63.565777,-5,-6,0,28,-38,-10,-1,30,3
63.565794,11,-5,-4,-2,58,-13,19,-68,3
63.567699,9,5,2,-10,-38,-38,-12,2,3
63.567708,-12,-7,-6,-6,-35,-34,8,-6,3
63.580903,-14,-1,-2,-4,27,41,-4,48,3
63.580920,-3,5,3,0,-81,80,8,-2,3
63.582366,-16,0,-1,0,40,-12,-11,39,3
63.582371,21,3,2,-6,13,-6,-1,42,3
63.603318,9,6,2,-4,-70,-14,11,20,3
63.603337,-14,0,-4,8,-22,-20,-2,-22,3
63.603966,-15,1,2,-10,-3,45,44,-31,3
63.604002,0,-2,2,7,8,-19,3,39,3
63.625991,-5,-6,-4,-2,2,70,-33,8,3
63.626023,-4,-8,-3,-4,9,71,4,25,3
63.628435,14,1,-2,-10,-22,-51,18,-9,3
63.628454,-6,0,1,15,-11,58,-25,-9,3
63.641528,11,4,1,-1,7,-38,6,1,3
63.641575,-16,-3,-3,1,1,-62,-44,-78,3
63.643799,5,-5,-4,-6,14,57,-5,-17,3
63.643807,-25,-2,1,0,-61,20,5,-21,3
63.664120,2,0,0,0,-64,-2,4,-45,3
63.664130,6,6,5,3,-11,1,3,84,3
63.664132,4,-1,-5,-1,19,-62,-7,-54,3
63.664224,-23,1,-1,-2,49,-74,-24,-2,3
63.685857,17,-5,-5,0,-21,0,26,38,3
63.685880,3,-1,-4,0,21,68,-26,-28,3
63.687587,-11,-2,2,4,-40,-15,-8,-3,3
63.687591,-17,-5,-5,-12,-13,-16,6,-14,3
63.700992,-13,-2,-2,-7,5,-6,-27,-34,3
63.701015,4,-1,-1,0,-62,-36,-2,-13,3
63.702883,14,2,0,-2,14,-3,-9,9,3
63.702888,-5,0,-2,1,19,36,5,2,3
63.723456,-25,-10,-4,0,-17,-40,-15,-84,3
63.723485,11,2,2,3,-31,4,16,13,3
63.726417,-1,-5,-2,-7,-28,-45,-36,91,3
63.726422,7,4,0,5,13,21,-6,-89,3
63.746150,3,2,2,0,10,59,19,50,3
63.746178,-12,-5,-2,-6,11,92,-3,-12,3
63.746526,0,-2,-4,-16,16,-37,2,4,3
63.746540,3,-6,-2,4,51,20,-2,-15,3
63.760299,15,-2,0,-2,6,-23,-19,36,3
63.760331,-12,-2,-1,6,20,-11,2,-35,3
63.768676,-5,-6,-2,-7,13,13,-18,-26,3
63.768694,8,-1,-2,-6,-52,-21,16,31,3
63.784266,-14,-4,-4,-4,-3,-67,3,-28,3
63.786270,0,1,0,-10,35,-23,-11,-19,3
63.786277,6,0,-2,10,-22,14,4,91,3
63.786280,4,-1,0,3,-52,-6,29,-7,3
63.805766,-14,-1,1,-1,13,89,8,-24,3
63.805774,-4,-3,1,5,2,-31,5,-20,3
63.806418,9,4,2,-1,-12,3,7,2,3
63.806424,-6,-2,-1,0,27,70,5,-28,3
63.820772,-7,-2,-5,-10,-66,-80,-46,48,3
63.820789,2,1,2,-1,-23,-69,13,-2,3
63.822867,-5,-5,-5,-4,-39,-24,14,-23,3
63.822871,0,3,1,8,11,-27,-25,-12,3
63.843503,13,1,-2,0,-17,14,-9,-48,3
63.843522,-6,-1,-3,-5,12,-6,8,-8,3
63.845192,-18,-2,-1,13,9,-32,2,52,3
63.845204,19,-8,-5,-6,-14,-36,-11,31,3
63.867222,3,3,4,8,8,17,20,-29,3
63.867231,-16,-2,0,-2,-15,-47,-29,-13,3
63.867235,11,2,1,2,23,127,25,69,3
63.867239,-8,0,0,-3,30,-40,-12,35,3
63.883051,1,0,2,13,-16,40,26,32,3
63.883058,11,1,-2,-3,24,60,26,90,3
63.883060,-21,-3,-3,-16,-30,-56,-11,-124,3
63.883062,18,1,3,19,-2,-10,-2,39,3
63.904010,6,4,-1,-8,-1,-102,-10,13,3
63.904028,-8,-2,-3,4,6,20,10,18,3
63.905290,7,0,1,1,-10,60,8,26,3
63.905294,-8,-3,-2,-7,22,1,-5,-13,3
63.926175,10,3,-2,-9,2,-18,4,-14,3
63.926199,1,-4,-4,-2,-16,-91,-13,-28,3
63.927848,-4,-5,-2,-7,-13,-23,-30,-52,3
63.927854,2,-1,-3,2,-34,-13,28,13,3
63.942045,-7,1,2,-1,11,82,-3,-12,3
63.942091,8,0,-1,9,90,26,-15,103,3
63.942099,8,4,0,-15,5,64,15,-43,3
63.942106,-3,1,0,3,30,-29,24,22,3
63.963485,-11,-5,-4,-12,39,23,-27,8,3
63.963502,-3,-1,1,7,-4,27,8,5,3
63.964070,-7,-1,-4,-7,-34,-50,11,-22,3
63.964089,4,-1,0,10,-39,40,-9,-74,3
63.986152,-3,1,-3,-6,-28,-47,1,-21,3
63.986171,2,4,3,-5,0,1,-23,-50,3
63.988038,-8,-4,-3,1,34,18,16,-17,3
63.988043,3,2,-2,-25,40,44,-9,15,3
64.000929,-3,-4,-2,20,11,-11,-6,-18,3
64.000955,-3,-5,-3,-3,-35,23,-1,-29,3
64.002737,19,1,0,4,-11,-24,2,89,3
64.002747,-7,5,5,1,70,99,46,51,3
64.025880,0,2,1,-3,11,54,-49,-23,3
64.025890,5,1,-1,-2,-14,-16,-9,13,3
64.025892,-10,-3,-3,2,-14,-53,-24,-1,3
64.025894,-12,-4,-4,-20,-12,-6,25,-16,3
64.046384,7,0,3,24,10,-20,29,17,3
64.047951,8,6,2,-3,-3,-15,-6,28,3
64.047956,-23,-8,-2,3,-13,23,-13,-44,3
64.047958,-10,-3,-4,-3,-34,-31,-5,6,3
64.061104,-7,-6,-3,-7,-5,-11,6,-22,3
64.061142,-2,-2,-3,-4,-40,-12,-9,-29,3
64.062673,10,3,-2,-5,105,12,26,90,3
64.062681,-1,-3,-2,4,12,-9,-42,-4,3
64.083611,5,3,2,12,21,5,18,27,3
64.083627,-2,0,2,6,-10,29,31,71,3
64.086203,-10,-3,0,-6,-81,-20,-3,-27,3
64.086210,5,3,3,6,-9,-67,-17,48,3
64.105728,5,-1,-2,-12,-2,-58,-15,-55,3
64.105750,-1,-2,-4,-2,-15,-16,-2,-7,3
64.106444,0,2,0,2,-12,8,-5,-29,3
64.106458,-6,-6,-4,-5,-11,-31,14,-3,3
64.120285,-3,-4,-2,-4,-23,9,4,5,3
64.120310,7,-3,-1,-1,-5,-25,-8,-47,3
64.128786,-16,2,1,4,1,12,-7,6,3
64.128824,-1,-1,-1,4,-63,-49,-18,-92,3
64.143341,10,1,0,-13,35,71,19,72,3
64.143368,-6,-5,-3,-1,-33,11,-7,-34,3
64.145422,6,0,0,8,-38,-5,6,6,3
64.145453,-9,-1,1,-3,-14,49,24,31,3
64.165877,13,-4,-7,-5,0,-91,11,-87,3
64.165889,5,0,2,-2,21,67,7,20,3
64.166441,3,5,5,10,32,9,3,30,3
64.166539,-10,-10,-6,-12,-23,34,-7,15,3
64.180237,4,-6,-6,-11,-35,37,19,24,3
64.181854,-4,-5,-2,-18,31,35,11,-18,3
64.188606,0,1,2,27,3,-3,-7,-44,3
64.188628,9,1,0,3,11,8,-4,25,3
64.204293,-14,-1,-1,2,5,4,18,15,3
64.204322,0,-1,-3,-15,-59,-27,6,-10,3
64.212117,5,0,0,0,30,46,-17,7,3
64.212124,2,0,-1,-13,-67,-27,22,33,3
64.225919,-14,0,4,7,58,24,-6,17,3
64.225943,0,6,-1,2,-25,-64,-3,9,3
64.227789,-5,-2,-1,-7,-16,-7,4,-3,3
64.227801,-3,-3,-2,0,6,-38,-28,-68,3
64.240491,0,-2,-2,-6,-15,20,-14,43,3
64.240513,3,-3,0,-3,-7,-36,11,-38,3
64.248363,-5,-5,-4,-11,-1,-8,-11,-45,3
64.248379,0,-1,-1,2,25,11,-17,-7,3
64.263562,-1,4,1,-4,-36,-24,4,43,3
64.263590,-19,-5,-2,4,25,-86,-31,-14,3
64.264042,-2,-3,-2,3,-1,120,-25,-17,3
64.264058,-2,-2,0,-1,-29,-3,16,-3,3
64.285987,2,-2,-3,-7,-31,-48,4,-9,3
64.286009,4,0,-2,0,17,44,13,14,3
64.288701,-15,3,-1,-5,-87,-128,-38,26,3
64.288709,3,-3,-1,-1,-54,36,-25,29,3
64.300568,-2,2,3,9,-8,39,17,-28,3
64.300590,-2,-1,-4,-10,-18,20,-9,-1,3
64.315808,14,2,0,-14,14,20,26,26,3
64.315829,-2,4,5,14,25,-22,12,24,3
64.323268,-24,-6,-5,-8,-13,-15,-17,-35,3
64.323292,3,2,0,7,-5,13,-31,-7,3
64.330855,14,-1,-1,-10,24,14,11,-67,3
64.330873,-7,5,2,5,26,-42,-16,-49,3
64.346159,1,-3,-1,-3,21,63,11,42,3
64.346205,-6,0,-2,5,-30,50,6,-82,3
64.348107,-1,0,-3,-1,19,34,-8,25,3
64.348113,18,-2,-5,-7,-2,44,4,28,3
64.360386,-6,-4,-2,1,-3,-117,-47,-52,3
64.360407,3,3,2,2,-89,20,31,45,3
64.368418,4,2,1,6,18,24,-7,75,3
64.368440,-24,-1,-1,0,28,19,-18,-76,3
64.383303,14,3,0,-6,9,45,12,49,3
64.383320,-2,-1,3,17,34,63,5,15,3
64.383926,-1,0,1,-4,-30,-26,10,-13,3
64.383934,3,1,-2,11,80,16,25,62,3
64.405850,5,4,0,-2,6,-31,-18,-9,3
64.405872,-14,-4,1,2,46,0,-4,44,3
64.407033,0,-3,-3,-9,31,2,-3,21,3
64.407037,4,-1,-1,12,-52,-35,-3,-29,3
64.430410,0,-3,-2,-5,1,16,9,14,3
64.430417,-1,-2,-2,-1,32,-77,-32,-13,3
64.430419,4,-1,-2,-4,5,-4,13,-10,3
64.430422,3,-6,-2,-8,-11,-15,-8,58,3
64.443462,2,1,0,-7,-2,-80,-10,14,3
64.443483,-8,0,1,17,-17,96,0,-12,3
64.445159,1,1,0,1,40,-41,0,-24,3
64.445167,-4,-2,-5,-17,12,-105,-27,-72,3
64.465856,0,5,2,7,3,67,51,35,3
64.465879,5,-8,-4,-14,8,-39,2,-47,3
64.466588,5,-2,2,7,-14,-12,4,-8,3
64.466631,12,3,-1,-6,-30,-8,-9,5,3
64.489307,-5,-2,-1,-2,3,17,-7,0,3
64.489331,0,3,-2,-14,2,-16,0,-20,3
64.491231,-12,-5,2,2,-10,17,10,6,3
64.491250,12,2,2,8,-58,22,33,48,3
64.503389,8,-1,1,8,-22,-58,-34,-30,3
64.503405,-13,-2,0,2,12,-9,-14,22,3
64.504404,13,-4,-3,-1,-6,-1,-11,-25,3
64.504409,-13,-2,-2,-15,-22,83,-5,72,3
64.526090,5,2,0,9,55,37,-18,-28,3
64.526098,-5,-5,1,4,-36,-46,-20,-58,3
64.526629,-11,-2,-2,2,69,83,0,-9,3
64.526641,-10,-3,-2,-1,30,17,-3,-24,3
64.549004,-2,2,1,-8,-80,40,8,-1,3
64.549021,1,1,0,-2,66,-15,-8,13,3
64.550662,3,0,0,6,-33,-25,76,41,3
64.550676,8,1,1,-12,19,-7,-7,-6,3
64.563388,-15,-8,-3,-2,-17,-2,18,13,3
64.563405,2,-1,-2,-2,-9,35,12,15,3
64.565923,-38,-4,-2,-5,-32,-87,-55,-10,3
64.565929,18,-3,-4,17,2,-16,-11,-2,3
64.586241,-3,0,2,2,-26,-33,1,43,3
64.586246,-2,-2,0,0,-32,2,5,-49,3
64.586402,13,4,0,6,88,-3,-10,65,3
64.586432,-6,1,-2,-12,-9,23,25,-96,3
64.609294,-3,-3,0,9,14,0,-34,17,3
64.609328,0,-3,-2,0,17,60,14,44,3
64.610240,13,0,0,-4,-57,7,9,26,3
64.610245,-22,-1,0,-3,-72,-84,-14,-11,3
64.623367,1,2,0,-5,-20,22,23,3,3
64.623383,13,6,3,4,51,-48,-31,-48,3
64.625194,-17,-9,-3,-5,-15,0,-10,-35,3
64.625211,-16,0,1,8,28,14,14,21,3
64.646112,3,-6,-5,-9,-12,17,-1,6,3
64.646130,-2,-4,-3,2,38,-69,5,76,3
64.647822,2,4,0,1,-62,-12,-5,76,3
64.647827,1,3,2,4,17,-12,-29,-25,3
64.669162,-19,0,-1,7,67,-18,15,4,3
64.669190,17,-4,-2,-12,-23,12,6,25,3
64.670873,8,-1,-2,-2,-48,11,13,-20,3
64.670980,-7,-3,0,0,25,-49,6,31,3
64.683250,12,2,4,-1,-23,39,-20,-22,3
64.683272,-5,3,-3,-4,-36,-6,14,-45,3
64.685089,-4,-4,-1,-4,-28,-45,6,-54,3
64.685100,7,-1,0,0,46,42,15,52,3
64.705748,-20,-7,-5,-4,-10,-33,-15,-114,3
64.705763,17,4,2,-5,5,26,5,9,3
64.706609,-4,-2,-6,-16,-66,-7,-11,-3,3
64.706682,4,-1,-2,8,41,22,-17,-15,3
64.729404,11,-2,2,4,17,6,-18,33,3
64.729580,-12,0,-2,-7,-33,1,20,-50,3
64.729911,14,2,0,-4,22,29,10,59,3
64.729928,10,2,1,2,-20,17,8,-34,3
64.743978,-17,0,-2,-4,0,-8,-2,18,3
64.743991,-10,-2,1,5,-39,-23,-7,15,3
64.744166,6,1,3,6,84,84,25,0,3
64.744209,-10,-1,-3,-3,36,82,1,-1,3
64.765879,10,0,0,0,-28,20,11,56,3
64.765895,-17,-1,-3,-5,-16,-22,6,-14,3
64.767425,7,-1,-2,0,5,-30,11,-72,3
64.767430,-3,-2,-2,-2,-72,-11,-1,21,3
64.788922,3,-3,-4,-1,85,-38,-7,-16,3
64.788958,1,-5,-3,2,3,-5,-10,55,3
64.789567,-9,0,2,-3,5,-33,-4,-23,3
64.789581,8,-4,-5,11,-14,18,24,-43,3
64.806059,4,-2,-2,-14,-69,-90,18,18,3
64.806067,9,0,-1,14,51,11,-16,97,3
64.806069,-11,1,3,8,26,28,6,-23,3
64.806071,12,-3,0,20,-22,-35,-37,-15,3
64.826029,5,-2,-5,-9,-91,42,15,3,3
64.826058,6,2,0,-6,15,21,-9,-14,3
64.827671,-5,-5,-4,-3,-38,-49,-7,40,3
64.827678,-6,2,1,-10,30,8,21,14,3
64.848960,5,0,-4,-3,-10,11,-25,-6,3
64.848968,-8,2,2,1,-19,93,-6,9,3
64.849743,3,-1,-3,-5,-32,-30,-11,-33,3
64.849757,-6,-1,1,-10,7,9,10,35,3
64.863514,-14,1,0,1,-19,-12,-20,-112,3
64.863531,3,-1,-1,-8,-10,-84,4,51,3
64.864932,25,3,-1,1,13,44,10,38,3
64.864941,-18,-3,0,-5,21,-5,0,4,3
64.885820,-8,3,-2,3,-10,-56,-15,-9,3
64.885853,10,1,1,3,76,-33,3,-2,3
64.886685,3,-3,-4,-9,-13,-27,-34,3,3
64.886701,6,1,0,6,-4,-21,-12,73,3
64.909040,8,0,0,-1,30,-7,19,-1,3
64.909060,-31,-7,-3,-4,-78,71,-44,-83,3
64.911150,-12,4,5,3,8,-46,1,7,3
64.911160,17,-2,-1,-21,3,-16,17,34,3
64.923416,-3,-2,3,4,37,65,0,-13,3
64.926216,5,-2,-1,5,-17,60,9,10,3
64.926222,0,-2,0,3,-22,-32,-23,-1,3
64.926224,-18,-2,-1,-4,24,-63,-49,-79,3
64.946150,9,5,3,-4,-12,-26,6,64,3
64.946171,-2,-7,-4,-18,-89,68,1,16,3
64.946502,-8,0,-3,2,41,-11,5,-62,3
64.946509,-3,-2,-3,4,-62,13,9,-21,3
64.969064,16,0,-4,-10,11,27,9,30,3
64.969080,-3,-2,-1,1,8,-49,13,19,3
64.969988,-15,-2,0,7,17,75,23,25,3
64.969993,8,1,-1,-7,-60,4,-5,2,3
64.983276,-2,-1,1,12,3,0,4,-11,3
64.983300,7,3,0,1,6,-6,-10,2,3
64.985093,-12,-4,-1,-1,-12,34,-7,-2,3
64.985106,-1,3,-3,-23,14,-11,0,-11,3
65.005811,-8,-4,-1,12,-29,3,-8,2,3
65.005833,-3,1,2,-2,26,-35,14,41,3
65.007304,-17,-5,-4,-7,-30,-69,-22,-80,3
65.007312,5,-1,0,1,-12,-30,-28,40,3
65.029311,-5,-3,-1,-4,24,-19,-25,-6,3
65.029346,2,-1,-4,1,65,20,11,41,3
65.030626,0,1,-1,-11,-10,-2,-2,-4,3
65.030631,-16,-2,-1,14,22,12,14,4,3
65.051623,-5,0,-1,-20,-82,-52,6,12,3
65.051648,6,3,2,8,30,-11,-6,-55,3
65.053960,26,-4,-3,-6,-69,39,1,40,3
65.053965,-5,-2,1,9,19,-19,7,-15,3
65.065783,-2,-1,-1,-4,4,87,32,15,3
65.065800,-12,-1,-3,-4,-22,-17,51,-17,3
65.067255,7,-2,-2,6,0,15,-5,-28,3
65.067265,13,4,3,-4,10,6,-7,4,3
65.089222,24,3,0,-2,-34,2,3,-18,3
65.089260,-38,1,2,-1,17,-62,-28,-11,3
65.090026,-3,0,1,4,43,11,-5,14,3
65.090074,1,-4,-3,-2,-7,33,12,22,3
65.102840,4,1,0,4,47,-2,16,38,3
65.102862,2,-1,-4,-4,-95,13,-21,-114,3
65.111150,2,-5,-5,-6,-31,26,-1,-4,3
65.111184,-15,-1,-1,1,14,-18,4,-13,3
65.126001,-7,0,0,5,15,8,-21,10,3
65.126023,4,-3,-2,-3,-41,-87,-2,-14,3
65.127077,13,1,-1,-6,-24,18,28,58,3
65.127083,-20,-8,1,15,85,-55,15,-17,3
65.148979,-5,-2,-2,-6,10,2,-11,-51,3
65.148997,14,2,0,1,16,-37,1,48,3
65.149782,-7,0,-1,-3,26,60,-4,-32,3
65.149798,10,0,-2,-11,-30,33,3,13,3
67.174445,-1,2,6,2,-3,-2,-4,-4,0
67.175089,-1,-1,2,-4,0,-2,-3,-6,0
67.177632,-2,59,2,-1,-2,2,0,1,0
67.177728,62,50,4,-1,0,0,2,9,0
67.188034,-1,-112,-2,-3,-2,-2,-3,-4,0
67.188056,-32,-27,7,4,2,1,-2,1,0
67.196569,20,45,1,1,-1,-1,-2,-2,0
67.196587,-25,-11,6,1,7,1,1,-1,0
67.211564,-23,66,-6,1,-4,2,2,0,0
67.211588,68,-38,4,-3,-2,-4,-6,-5,0
67.213380,-76,-12,-10,-5,-4,0,1,-1,0
67.213413,55,7,-4,3,2,-1,-2,2,0
67.234379,32,29,5,0,0,-2,-2,4,0
67.234400,-37,-49,-9,-3,0,-1,-1,-1,0
67.235799,30,31,2,-3,0,-1,0,1,0
67.235808,-19,-20,2,2,2,0,0,-2,0
67.256639,-27,17,0,-3,-1,0,0,4,0
67.256679,31,0,4,1,0,-1,0,-1,0
67.258431,-10,4,-9,-6,-2,-1,-2,-2,0
67.258548,-8,17,-1,-2,-2,0,0,-4,0
67.271734,-2,-24,-6,2,-1,-2,-2,0,0
67.271754,-21,-24,-7,-5,-3,1,0,-1,0
67.272976,13,41,5,4,0,0,-1,3,0
67.272991,-32,4,-1,-5,-1,-3,-3,-5,0
67.294121,7,-3,-2,5,2,0,-1,0,0
67.294145,-28,-13,-2,-5,-2,0,-1,-8,0
67.296281,42,41,-8,-4,-4,-1,0,1,0
67.296290,-38,-23,-6,2,17,1,0,0,0
67.316511,34,-12,-1,-1,-15,-1,0,2,0
67.316526,-36,-7,-1,-6,0,0,-1,-7,0
67.318151,0,-6,2,-2,-4,-1,0,1,0
67.318175,41,23,5,2,1,-3,-1,1,0
67.331456,-54,5,-1,-5,3,-1,-1,-7,0
67.331470,9,2,1,3,-1,-1,-2,-3,0
67.332984,58,-23,1,2,0,2,2,3,0
67.333000,-74,-48,-14,-5,-8,-2,-3,-1,0
67.353995,-10,12,2,0,1,-2,-2,-2,0
67.354011,-3,22,2,2,-3,-4,-3,-4,0
67.355444,-30,-32,-11,-6,0,-2,-4,-5,0
67.355451,96,18,0,-1,-7,0,2,4,0
67.376464,-69,3,14,6,6,0,-2,-8,0
67.376502,-6,60,-5,0,2,-1,0,-2,0
67.378535,-5,-57,-5,-1,-1,-2,1,0,0
67.378586,20,2,3,-3,-4,-1,-1,0,0
67.391572,24,12,6,3,0,1,1,2,0
67.391595,-22,-40,-11,-3,-4,0,-2,-2,0
67.393123,39,16,8,2,0,-1,-1,0,0
67.393151,-13,0,-2,-3,-7,-2,-2,-4,0
67.413957,20,8,-4,-3,-1,-2,0,2,0
67.413975,22,38,3,-1,-1,0,-2,0,0
67.415580,4,-53,-12,-3,3,-1,-2,-5,0
67.415595,5,16,8,-1,-6,-2,-2,-5,0
67.436566,27,-6,6,-2,-2,1,0,-1,0
67.436571,-3,-13,2,1,-1,-1,0,2,0
67.437887,-26,19,2,0,-1,-1,0,-1,0
67.437897,0,11,-5,0,1,-1,1,1,0
67.450866,39,16,2,1,-2,-3,-3,0,0
67.450898,1,-53,-7,-2,-5,-2,-1,1,0
67.457739,-96,7,2,-9,-3,-1,-3,-9,0
67.457764,-21,3,4,5,4,1,-1,-2,0
67.474686,34,-22,-9,0,-1,0,-1,0,0
67.476471,11,15,3,-3,1,-2,-1,1,0
67.476479,-17,2,-3,2,-3,-1,2,2,0
67.476481,7,-1,1,-2,0,-1,-2,0,0
67.497073,-23,-17,-8,-7,0,-1,-2,-1,0
67.497078,17,39,2,1,1,0,-1,0,0
67.497985,17,-50,-5,1,0,2,1,2,0
67.498001,-50,-12,-1,-1,-4,-2,-2,-2,0
67.513064,-78,-21,2,0,3,-3,-2,-10,0
67.513081,-10,6,5,4,1,0,0,1,0
67.517839,52,40,-8,-5,-8,-3,-4,2,0
67.517862,22,-10,7,0,-1,2,0,0,0
67.534063,16,9,-5,-3,-2,-2,-1,1,0
67.534087,-27,-7,-7,-3,-4,0,-1,-3,0
67.535847,-12,6,7,3,3,-1,-1,2,0
67.535853,11,-1,-5,0,0,0,-2,0,0
67.558598,0,-1,-1,-1,-1,1,0,-2,0
67.558608,5,-39,-8,-3,0,-2,0,1,0
67.558611,18,20,3,0,0,-2,1,3,0
67.558612,-10,15,-1,-3,-3,-2,-4,-7,0
67.571495,15,-13,-3,-6,-2,-1,-1,2,0
67.571522,-34,-19,3,9,5,-1,-1,-6,0
67.578094,-3,12,3,2,0,-2,-2,-1,0
67.580537,12,7,5,-2,0,0,-1,2,0
67.594156,10,-11,-8,-5,-3,0,1,2,0
67.594194,33,11,-9,-5,-4,-2,-2,2,0
67.596394,19,-5,-3,-2,-2,-1,-3,-3,0
67.596399,1,-8,-2,4,3,0,1,6,0
67.616471,-18,4,-3,2,2,-2,-3,-9,0
67.616493,17,6,2,-5,-2,-2,0,0,0
67.618066,-9,-15,-1,-1,-1,-1,-1,-2,0
67.618077,17,5,-8,-5,-3,-2,3,-1,0
67.630875,18,26,2,-2,-1,-2,0,6,0
67.630891,-39,-9,3,4,3,0,-1,-5,0
67.637865,-1,2,2,4,0,2,-1,0,0
67.637940,17,-6,-2,-6,-1,-2,-2,-1,0
67.653959,-4,-2,-2,5,-1,-2,0,-2,0
67.653976,11,-23,-3,-2,-1,-1,-1,-2,0
67.655401,3,26,7,0,0,0,-3,0,0
67.655409,-1,6,1,1,0,-1,-1,-2,0
67.676641,-6,-1,3,0,0,-1,-2,0,0
67.676667,-2,-30,-7,-7,-3,-1,-3,0,0
67.678468,0,-4,-3,1,2,-1,0,-1,0
67.678542,3,-6,-6,-2,-3,0,-1,-3,0
67.690988,-29,-2,7,-2,-1,-2,-1,-2,0
67.691011,33,37,4,1,-2,0,-2,1,0
67.697710,-35,-6,-2,0,-3,-1,-1,-3,0
67.697778,53,4,-3,-1,-1,-2,-2,1,0
67.714051,6,1,-2,-4,-1,0,0,3,0
67.714069,60,4,1,1,0,0,1,2,0
67.715500,-79,-9,-3,2,1,1,-2,-7,0
67.715537,3,9,2,1,-1,1,-2,-3,0
67.736457,37,7,-3,-2,0,-1,-2,2,0
67.736474,-1,-10,1,3,3,0,-2,-7,0
67.737850,22,8,-1,-1,-5,-2,-2,-3,0
67.737880,-19,0,-2,-2,0,0,0,-2,0
67.750154,9,-24,-9,-3,-3,0,0,1,0
67.750176,-49,13,7,-3,9,-2,-4,-4,0
67.759713,33,7,0,-2,-11,0,1,1,0
67.759719,-4,-30,-2,-1,-2,-2,-3,1,0
67.774076,-14,31,4,4,-1,-2,-3,-6,0
67.776314,19,9,-1,-1,-1,0,2,3,0
67.776320,-9,-12,-3,-1,2,-3,-3,-3,0
67.776322,2,-15,0,0,-2,-1,-1,0,0
67.796615,22,19,3,-2,0,1,-1,0,0
67.796645,-1,-8,-4,-1,-5,-2,-1,-1,0
67.798011,8,0,2,-2,4,0,1,2,0
67.798029,-23,27,-5,2,-1,-2,-3,-7,0
67.810475,15,-59,-7,-5,0,-1,-1,-1,0
67.810508,-6,21,3,1,-4,-3,-4,0,0
67.820166,-9,13,5,-6,1,0,0,0,0
67.820177,10,-13,1,8,5,0,0,3,0
67.834076,-31,1,-4,0,-1,0,1,1,0
67.834098,-16,-3,-4,-4,-3,-2,-2,-6,0
67.836466,2,-7,-3,0,-2,-2,0,3,0
67.836472,-7,13,20,1,4,-1,-1,-2,0
67.856436,-22,4,-7,1,-1,1,-1,-3,0
67.856451,20,-2,-7,-4,-6,-1,0,1,0
67.858336,-20,-5,-2,-3,0,-1,-2,-6,0
67.858441,-16,6,-8,-5,-2,-1,1,0,0
67.871675,40,-7,-4,-2,-2,-1,-2,-1,0
67.871682,13,0,7,0,1,0,0,3,0
67.880252,-31,10,-3,4,1,-1,-3,-6,0
67.880256,11,-15,-7,-1,-3,-1,0,1,0
67.894055,-6,5,-2,1,1,0,-1,-1,0
67.894079,-19,-6,-6,-3,-1,0,0,-3,0
67.896352,9,-4,2,-1,-3,-1,-3,4,0
67.896361,5,-6,-3,-4,-3,-1,-1,-2,0
67.917175,11,20,0,1,1,-3,0,1,0
67.917187,-19,-14,1,-3,0,-1,-1,-3,0
67.918087,8,12,0,3,2,0,-1,0,0
67.918105,3,-3,-5,-3,-2,-2,-2,0,0
67.930170,1,-40,-6,-2,-3,-1,-3,0,0
67.930191,-2,26,4,1,-2,1,3,2,0
67.941219,16,-5,-3,-2,-1,-1,-1,-1,0
67.941241,50,27,-2,-3,0,-1,-1,2,0
67.953981,-59,-48,0,-5,-6,-1,-3,-4,0
67.953999,-54,6,-4,3,-2,-2,-2,-2,0
67.955499,38,-37,-2,-4,-4,-3,-1,0,0
67.955513,-5,-20,1,3,0,-1,-1,2,0
67.976637,53,50,1,-2,1,0,1,1,0
67.976665,-18,66,1,-1,-2,-2,-2,-2,0
67.979005,45,-77,13,8,5,1,2,7,0
67.979019,-34,-18,-4,-3,-1,0,-2,-3,0
67.990240,8,4,0,-3,-1,0,-3,-3,0
67.990262,11,-14,-9,0,-3,-1,-1,4,0
67.999802,-10,25,-7,-4,0,-1,-1,-4,0
67.999807,-6,1,3,-2,-1,-3,-1,-3,0
68.013994,-25,3,0,-1,-1,-1,0,-1,0
68.014014,42,-16,4,-1,0,-2,0,-1,0
68.015582,6,20,-2,0,1,0,-2,0,0
68.015600,48,6,-2,-7,-6,-2,-1,3,0
68.036674,-58,-7,-2,13,2,-2,-3,-8,0
68.036697,-17,-4,1,-8,-1,-1,-1,-1,0
68.038085,-9,-30,-7,-1,1,-1,-2,0,0
68.038090,1,11,0,2,0,0,0,2,0
68.050154,29,10,-2,-1,0,-2,-3,-3,0
68.050178,0,-12,3,-1,1,-1,-2,-1,0
68.059155,-20,27,-2,-3,1,-1,0,-4,0
68.059170,-14,-13,1,-1,-3,1,-2,0,0
68.075930,-9,48,-13,-5,0,-1,-2,-3,0
68.075949,32,-100,10,0,0,-1,0,7,0
68.075952,-93,2,1,-2,-2,-1,-2,-5,0
68.075953,-31,2,0,2,1,0,-1,-5,0
68.096546,31,10,6,1,-1,-2,-2,2,0
68.096575,14,21,-10,-7,-2,0,-2,-4,0
68.098259,17,16,-2,-3,-3,-1,-1,2,0
68.098264,-49,-30,2,-1,-3,-3,-3,-7,0
68.110301,-15,-2,0,-6,-3,0,1,1,0
68.110320,0,16,1,6,1,0,-1,-1,0
68.120711,14,-11,0,-2,-3,-2,-2,3,0
68.120722,-13,8,-2,0,1,0,0,1,0
68.134195,49,4,7,2,-1,-1,-1,1,0
68.134227,-84,-25,-7,-1,-2,-2,-1,-4,0
68.136661,19,28,-4,-2,-1,0,-2,-4,0
68.136671,23,3,-1,-3,-1,-1,-2,-3,0
68.156487,-36,-17,1,2,0,-2,0,1,0
68.156504,40,-10,-3,-3,-2,0,-1,0,0
68.158222,-36,-2,-2,3,4,2,-1,-2,0
68.158244,29,33,-1,-5,-8,-3,-3,1,0
68.170065,-46,-44,-1,-2,-1,2,0,0,0
68.170083,-35,-1,1,5,2,-1,-2,-2,0
68.179782,29,4,-1,-3,-1,-2,-1,1,0
68.179831,66,3,-7,-2,2,0,-1,-1,0
68.194319,-90,5,1,0,0,-2,-3,-12,0
68.194356,44,11,-9,-2,-2,-1,-1,0,0
68.195932,-4,-14,3,-1,-2,-2,-1,-5,0
68.195937,-22,-4,1,2,0,-3,-1,0,0
68.225014,46,14,2,1,0,-1,0,1,0
68.225045,-22,-18,1,-1,2,0,0,1,0
68.227279,9,19,-2,-4,-1,-2,-1,0,0
68.227284,15,0,-2,0,-1,0,-1,0,0
68.238982,22,1,-1,-1,0,-1,-1,2,0
68.238998,-19,24,-1,-2,-2,-1,-2,-2,0
68.241028,14,4,5,1,-2,-2,0,3,0
68.241049,-32,-47,-5,-1,1,-1,0,-2,0
68.253973,17,1,-2,-2,-1,0,1,1,0
68.253989,1,7,1,0,-1,-1,-1,-2,0
68.255377,-12,9,-6,-1,-3,-1,-1,1,0
68.255384,-15,4,1,0,1,1,-1,-2,0
68.276568,60,11,-4,-1,-2,-3,-2,2,0
68.276592,41,28,5,-2,-2,-1,-2,0,0
68.278975,-28,-45,-1,1,4,0,-1,-4,0
68.278984,9,54,3,2,-2,-1,-1,0,0
68.299019,-19,-59,-7,-2,1,1,0,-1,0
68.299036,16,3,0,-1,-2,-1,0,-1,0
68.302041,-10,18,-6,-3,0,0,1,0,0
68.302047,35,22,6,0,0,-1,-1,1,0
68.314023,-65,-17,-8,0,1,0,-1,-3,0
68.314042,-4,17,5,5,2,-2,-1,2,0
68.315944,51,-15,-6,-3,-5,-1,-3,-3,0
68.315950,-49,-21,-1,0,1,0,0,-2,0
68.337058,16,-1,3,-2,-2,-1,0,-4,0
68.337089,-21,28,1,-3,1,1,1,2,0
68.338273,14,-5,0,0,-1,0,-2,-1,0
68.338277,-12,4,-1,0,0,-2,-1,-2,0
68.359369,64,8,2,-4,1,0,0,4,0
68.359397,-46,-6,-5,4,-1,-1,-2,-4,0
68.360775,-4,5,7,1,-2,-2,-2,-3,0
68.360809,-18,-16,-10,-4,-2,-2,-2,-1,0
68.373518,-7,6,5,1,-2,-1,0,0,0
68.373535,41,-27,-9,-4,-3,-1,-2,-1,0
68.380168,2,16,2,-1,0,-1,-1,2,0
68.380186,-16,-11,-1,-1,-1,-1,-3,-2,0
68.396729,14,44,-3,-4,-4,-1,-1,0,0
68.396759,-8,-41,-2,1,6,-1,-1,-1,0
68.398267,-23,-25,4,2,-4,0,0,1,0
68.398272,4,13,0,-4,-2,-1,-4,-2,0
68.418784,13,16,-4,-1,0,0,-1,0,0
68.418797,-22,13,0,-2,-2,-1,-2,-2,0
68.425415,11,2,-1,-4,0,-1,1,1,0
68.425443,44,-20,-5,0,1,-1,0,3,0
68.433308,-5,10,2,2,-1,-1,-1,1,0
68.433327,-32,-3,-2,-8,-2,0,-1,-1,0
68.440116,1,-12,0,2,-1,0,-1,-2,0
68.440138,-2,15,-2,1,-3,-1,0,-1,0
68.456523,-13,-52,5,2,0,-1,-2,0,0
68.456545,50,-13,1,2,-2,0,2,0,0
68.458833,-47,7,-6,-4,-1,0,-2,-2,0
68.458844,-10,-16,3,-1,0,0,-1,-2,0
68.480441,-21,11,0,2,1,-1,-2,-5,0
68.480446,-13,-18,-5,-3,-1,-2,-1,0,0
68.480585,27,11,-2,-4,-2,-1,1,0,0
68.480592,-1,1,-4,1,-1,0,0,-1,0
68.493385,-6,1,-1,1,-3,-1,-1,2,0
68.493410,10,8,7,3,0,-1,-2,-1,0
68.500251,4,12,-1,0,0,-2,-2,0,0
68.500267,-20,-22,-2,-4,-1,-1,0,-1,0
68.516491,11,14,1,-5,-1,0,0,1,0
68.516514,-4,8,-7,1,-2,-1,-2,-4,0
68.518038,-6,-20,2,1,4,-2,-3,-3,0
68.518053,13,31,1,4,-3,-2,-2,2,0
68.539449,12,-26,0,2,0,0,0,0,0
68.539479,-16,-13,-4,-4,-4,-1,-3,-6,0
68.541429,27,16,-1,-1,-2,-3,-1,4,0
68.541436,-6,-4,-3,-3,0,-3,-2,-5,0
68.553351,7,13,-1,0,2,-2,0,0,0
68.553367,7,-1,-5,0,2,-3,0,1,0
68.560413,-13,-6,-1,1,-1,-1,-1,-2,0
68.560462,8,-2,5,-2,-1,1,1,0,0
68.576531,6,33,-4,-3,-2,-2,-2,0,0
68.576554,-21,-59,-6,0,0,-1,0,-1,0
68.579908,11,15,-13,-3,-2,-3,0,0,0
68.579913,-4,-24,11,1,3,0,1,2,0
68.599420,31,34,0,2,-1,-4,-5,-2,0
68.599443,-43,-51,-6,-3,-4,-4,-4,-9,0
68.602075,15,5,-2,-3,0,0,-1,-4,0
68.602093,-12,-6,-3,2,-2,-1,-1,-1,0
68.613467,10,-9,2,-1,4,0,0,1,0
68.613487,30,40,7,3,-3,-1,-1,4,0
68.620187,-13,-13,1,0,-2,1,-1,0,0
68.620204,-3,-9,-3,-3,-1,-1,-1,-4,0
68.636495,-14,-16,-4,-5,-2,0,-1,-1,0
68.636512,17,29,-3,-7,-3,2,0,2,0
68.637941,-6,-12,10,4,3,1,1,1,0
68.637977,61,36,-1,0,2,-1,-3,3,0
68.659128,-54,-70,-8,-3,-5,-3,-5,-11,0
68.659159,-9,1,-2,-3,-1,-1,2,1,0
68.661245,14,9,-2,1,-1,-1,-2,0,0
68.661261,14,-9,-5,-4,0,0,-1,-2,0
68.673888,4,23,9,-4,-1,-1,-1,-1,0
68.677084,3,14,1,3,0,-1,-2,-1,0
68.680163,-2,-13,-1,-1,-3,-1,-2,-2,0
68.680243,-45,-9,-5,-2,0,-2,1,1,0
68.697465,6,32,3,-1,0,-2,0,1,0
68.697470,10,-4,1,-2,-1,-1,0,0,0
68.698073,2,11,-4,1,1,1,1,5,0
68.698089,-54,-36,-11,-3,-2,0,-1,-7,0
68.719191,-3,15,1,-2,-2,0,-1,-4,0
68.719207,19,24,4,0,-1,0,-1,1,0
68.720414,1,-24,-3,0,5,0,-2,-2,0
68.720421,-12,18,1,0,-3,-1,0,0,0
68.732609,-4,-33,-6,-2,-1,-2,1,2,0
68.732626,22,24,2,1,0,-1,-1,-3,0
68.743426,-20,-8,-6,-3,-2,-2,-4,-4,0
68.743433,3,12,5,-1,-2,-1,-2,0,0
68.756682,12,-7,-3,5,-1,-1,-1,2,0
68.756759,12,2,3,-1,4,-1,-1,1,0
68.759498,-40,26,1,0,-4,0,-3,-6,0
68.759503,14,-24,-3,-5,-3,-2,-2,-2,0
68.779350,-6,5,-3,2,-2,-2,0,-2,0
68.779411,-2,-13,-1,-2,-1,0,-2,-2,0
68.780518,3,2,0,-3,-3,-1,-1,-2,0
68.780538,2,3,0,0,-1,0,-2,0,0
68.792659,-9,-2,1,0,0,1,0,1,0
68.792675,-7,26,-5,-3,-2,-1,-2,-1,0
68.803246,85,-23,-6,-5,-3,-1,2,4,0
68.803254,-93,21,12,9,4,0,-2,-4,0
68.816625,19,-12,-6,-5,3,-1,-2,-4,0
68.816640,-15,-2,-2,1,-1,1,-2,-2,0
68.818149,14,6,0,0,-2,-1,0,1,0
68.818155,32,4,-1,1,-2,-1,-1,-1,0
68.838878,2,-1,2,2,1,1,0,4,0
68.838887,-28,-29,-5,-2,-2,-3,-2,-2,0
68.840451,-18,15,5,-1,-1,1,-2,-3,0
68.840467,47,7,-8,-1,-2,-2,0,5,0
68.855649,-83,-49,-1,-4,-4,-2,-4,-7,0
68.855656,31,3,-5,-6,-2,-1,0,4,0
68.863375,18,1,3,3,-1,0,0,1,0
68.863384,16,14,-4,-2,-1,-2,-1,0,0
68.876655,7,14,-3,-2,-4,0,-2,-9,0
68.876682,4,-5,4,1,0,-1,-2,1,0
68.878581,-17,-18,-8,-5,-4,-3,-2,-5,0
68.878587,1,-2,2,-1,-2,-2,-2,0,0
68.900770,18,8,0,-3,-1,-1,0,4,0
68.900779,-1,-8,5,3,1,0,0,0,0
68.900784,-10,13,1,0,1,-1,-1,0,0
68.900788,-3,-15,0,-1,-2,-1,-4,-5,0
68.912704,-5,0,-1,0,-1,1,0,3,0
68.912724,-6,32,-5,-3,-4,-1,-2,-5,0
68.922798,-18,-35,5,3,1,-2,-2,0,0
68.922803,27,14,-5,-6,-1,-1,-1,-1,0
68.937402,32,-29,1,3,2,0,2,5,0
68.937433,-28,13,5,2,4,-1,0,-5,0
68.939222,-92,3,0,0,-1,1,1,-7,0
68.939228,10,-12,-5,0,2,-1,-1,0,0
68.959350,20,34,2,-3,-4,-4,-3,-1,0
68.959373,19,-20,-10,-2,0,-1,-1,1,0
68.960650,14,2,1,-3,-3,-3,-3,-2,0
68.960660,-23,-7,0,2,0,-1,0,-1,0
68.973019,3,7,3,2,-2,-1,-1,0,0
68.973047,2,-9,1,1,-1,0,0,-1,0
68.982145,7,17,-3,-4,-2,-1,-2,0,0
68.982151,-5,-30,-7,-3,-1,0,0,-2,0
68.996909,4,19,5,-2,-2,-4,-1,-1,0
68.996951,-3,-5,-2,-2,0,-3,-3,0,0
68.998031,15,19,-2,1,-3,-1,-2,-1,0
68.998050,-12,-14,0,-3,-2,0,1,-2,0
69.019075,-3,-19,-7,0,-1,0,-3,-4,0
69.019095,-20,-12,-1,-1,-2,0,-1,-3,0
69.020623,12,7,3,2,1,0,-2,-4,0
69.020649,-6,12,2,2,-3,-2,0,0,0
69.032698,40,39,-3,-7,-2,0,-1,2,0
69.032717,-5,-66,-2,3,-3,-3,0,-1,0
69.042276,-8,5,-5,-5,0,0,-1,-3,0
69.042295,-20,1,-4,-4,0,-1,-1,-1,0
69.058025,20,16,0,1,4,-1,1,-1,0
69.058042,5,-13,-3,1,-2,0,-1,0,0
69.058257,-10,1,-1,0,0,-1,-1,0,0
69.058280,2,-18,-1,-2,-1,-1,-1,-1,0
69.079531,-10,14,-4,0,-1,-1,-2,-2,0
69.081449,23,10,-2,-2,0,0,1,0,0
69.081462,-18,-19,-3,-2,-1,-1,-1,-2,0
69.081465,23,4,4,-1,1,0,0,1,0
69.092609,-6,-5,-1,-1,-2,2,-3,-2,0
69.092629,-29,21,4,-2,0,1,-3,-3,0
69.102295,40,15,2,1,-1,-1,-1,5,0
69.102301,-40,-37,-5,-4,-3,-3,-3,-6,0
69.116718,-2,-2,0,0,0,0,0,1,0
69.116758,25,-16,-7,-4,-2,-2,0,2,0
69.118176,-21,4,-3,-2,0,0,0,-2,0
69.118193,8,16,-1,0,-1,0,-3,0,0
69.139055,-19,9,14,6,-1,-1,-2,-2,0
69.139099,-6,5,-3,0,1,-1,0,0,0
69.141366,-24,-8,5,3,-1,-2,-1,-3,0
69.141374,7,5,-2,-1,1,-1,0,-1,0
69.161866,-38,-37,-8,-7,-4,-1,-1,1,0
69.161888,42,22,-1,-1,0,-1,0,0,0
69.163212,-69,-31,2,0,-2,-2,-3,-6,0
69.163220,38,15,-1,-1,-1,-2,-1,1,0
69.176449,-11,-33,-2,0,1,-1,-1,-3,0
69.176467,-14,11,2,0,-1,-2,-2,0,0
69.178248,27,-2,-5,0,-1,0,0,3,0
69.178358,33,9,-2,-2,-3,-1,-2,0,0
69.198954,-36,-6,-6,-4,-3,0,0,-4,0
69.198993,4,1,-2,-1,-1,0,-3,-3,0
69.200413,20,5,6,2,2,-1,0,1,0
69.200425,7,31,3,4,-1,0,-1,1,0
69.221642,13,-29,-5,-8,-2,0,0,-1,0
69.221667,0,-6,1,2,1,-1,0,1,0
69.223819,19,2,-4,-1,-2,-1,-1,-1,0
69.223826,-14,13,1,3,1,-1,1,1,0
69.236516,12,12,-1,-2,-2,-3,-3,-5,0
69.236534,-33,-24,0,-4,-1,0,-3,-4,0
69.237952,97,13,-9,-3,-1,-2,-1,2,0
69.237960,-72,-14,3,0,-1,-1,-2,-2,0
69.259828,12,15,-4,2,0,0,0,-1,0
69.259833,20,2,8,-2,-2,-2,-1,0,0
69.260617,-22,-15,-9,0,-1,1,-3,-2,0
69.260648,16,-3,0,-1,-3,-2,-2,-4,0
69.281532,3,0,1,2,0,-2,-1,0,0
69.281550,0,24,-5,-5,-1,-2,0,-1,0
69.282947,15,13,7,-1,-7,-2,-1,2,0
69.282963,-29,-47,-5,-1,-4,-1,-2,-3,0
69.296751,3,12,-3,3,1,-1,-3,-3,0
69.296768,11,-9,-3,0,-2,-2,-1,0,0
69.298096,-29,-10,-2,-4,0,0,-1,-1,0
69.298114,36,18,1,-3,1,-1,-1,-3,0
69.319121,4,1,2,1,-1,-1,-1,1,0
69.319137,-16,-14,-4,-2,-1,0,-1,-3,0
69.322515,-1,14,-1,-2,0,-2,1,-1,0
69.322522,-11,-14,-2,1,0,0,0,0,0
69.342313,39,10,1,-2,0,1,0,3,0
69.342345,-71,22,-1,-3,-1,-1,-3,-6,0
69.343839,22,-30,-6,-1,-2,-3,-3,0,0
69.343860,14,6,-4,0,1,1,-1,-2,0
69.355740,-15,9,-3,0,0,-1,0,1,0
69.355749,16,3,-1,2,-3,-1,-2,-2,0
69.362566,-28,0,-1,-5,0,1,0,-1,0
69.362587,0,-9,-5,2,0,-1,-4,-3,0
69.379209,13,26,2,-3,-3,-2,0,0,0
69.380854,-26,-31,-3,0,-1,-1,0,2,0
69.380861,12,11,3,0,1,0,0,-3,0
69.380863,14,0,0,-1,-1,1,-1,-1,0
69.401471,-26,-1,1,-2,4,0,-3,-5,0
69.401496,11,-2,0,2,-5,-1,0,1,0
69.402974,5,-9,-5,-4,-2,-3,-1,0,0
69.403010,-20,3,-1,-5,-2,-1,0,-2,0
69.418230,-2,-13,0,0,-3,-2,0,-3,0
69.418236,14,26,4,3,4,1,-1,0,0
69.422821,87,0,-4,-3,-3,0,-2,1,0
69.422844,-67,-2,-3,-2,-3,-3,-3,-4,0
69.439438,-7,-36,-6,2,0,-1,0,1,0
69.439471,74,24,-1,-5,-1,-3,-1,1,0
69.441579,-22,-7,2,2,1,-1,-1,-4,0
69.441591,27,-3,-5,-4,-1,-3,-1,0,0
69.461800,-8,2,-2,0,-2,0,-1,2,0
69.461844,-3,6,5,3,0,0,0,-1,0
69.464073,-49,-10,-3,-1,0,-1,-1,-1,0
69.464085,9,-1,5,2,0,0,1,0,0
69.475999,0,13,-1,1,-2,-1,0,-2,0
69.476024,-11,-30,-1,-3,-2,-1,-1,-2,0
69.482718,-5,14,1,1,-1,-1,-2,-3,0
69.482735,2,-8,-4,-2,0,-3,-2,1,0
69.498968,-23,-11,1,-2,-2,-1,-2,-2,0
69.498984,14,8,-1,-1,-2,-2,-2,-1,0
69.500547,17,-11,1,1,1,-1,1,2,0
69.500570,4,-11,0,-3,1,0,0,-1,0
69.521447,10,16,0,-1,-3,-1,-3,-2,0
69.521469,12,-12,1,2,7,1,1,-2,0
69.522894,-29,10,-7,-3,-4,-2,-2,1,0
69.522909,4,-16,2,2,1,0,-1,-3,0
69.535975,15,-16,0,1,0,0,-1,3,0
69.535999,-33,-1,-2,-3,-1,0,-2,-1,0
69.542722,32,19,1,1,1,0,1,1,0
69.542745,17,-12,-1,-3,-2,-1,-2,-6,0
69.558931,-13,19,-4,-2,-1,-1,-1,-3,0
69.558948,-10,-6,3,0,-4,-1,-1,-1,0
69.560568,1,2,2,-2,-1,-1,0,0,0
69.560596,-4,14,3,1,-1,-1,-2,-1,0
69.581644,-12,-19,-4,-1,1,-2,0,0,0
69.581664,1,16,-4,-4,-3,-1,-1,1,0
69.583027,6,-1,0,1,-2,-1,-1,-4,0
69.583054,21,20,-1,-1,-1,-1,0,1,0
69.595922,1,-38,1,1,0,0,-1,-1,0
69.595940,31,5,0,0,-1,0,-1,0,0
69.604125,-46,26,1,0,-2,-2,-4,-5,0
69.604131,-24,-38,-9,-7,0,0,0,0,0
69.619653,-5,12,5,4,-1,-2,0,-1,0
69.619662,16,-15,-2,-3,-3,-1,0,-3,0
69.620458,4,30,-6,-3,-6,0,-1,2,0
69.620474,4,-1,2,-5,-6,-2,-1,5,0
69.641638,-10,-4,1,-3,-1,-3,-3,-9,0
69.641658,-26,-3,-2,0,4,1,-1,-2,0
69.643334,-6,-9,0,1,1,-1,1,-4,0
69.643345,-11,13,-3,-1,0,-1,-1,1,0
69.655257,10,0,-1,-5,-2,-2,-2,-2,0
69.655279,7,-1,-3,0,-1,-1,0,2,0
69.663984,-29,-12,0,3,3,-1,-2,-4,0
69.664006,36,34,-1,1,-2,0,-1,1,0
69.679564,-14,-54,-3,-2,-3,-1,-3,-2,0
69.679626,6,15,-4,-5,-1,-2,0,1,0
69.681414,-1,-7,0,-4,-2,-1,0,0,0
69.681484,-47,-1,2,4,1,-1,0,-6,0
69.701645,8,23,0,1,1,0,0,-1,0
69.701661,0,-5,0,-3,-2,-3,-1,0,0
69.703120,-12,-16,3,-1,-1,-3,0,4,0
69.703138,27,22,2,-1,-2,-2,-2,1,0
69.715145,17,24,0,-2,-3,-1,-1,-1,0
69.715162,-39,-29,-3,0,-3,1,-1,-7,0
69.727233,6,-13,-3,-1,0,1,0,0,0
69.727240,-9,0,-3,-1,3,-2,0,-1,0
69.739550,-35,6,3,5,-6,-2,-1,1,0
69.739579,86,14,2,-8,-2,-1,0,1,0
69.742783,-15,9,-3,-1,2,-1,-2,-1,0
69.742790,14,7,6,5,1,0,-2,-1,0
69.762325,-3,-38,-7,-3,3,-1,-1,-1,0
69.762338,20,2,-5,0,-1,-2,-2,-3,0
69.763138,-49,-16,3,-2,-2,-1,-1,-6,0
69.763161,0,-6,1,-6,-1,-2,0,-1,0
69.775233,12,26,2,1,1,0,0,1,0
69.777605,-18,0,-2,1,-2,-2,-2,1,0
69.786195,49,-9,-5,0,0,-2,-2,-1,0
69.786201,-31,-11,-3,-2,-4,-1,-1,-1,0
69.799196,1,14,-1,-1,-2,1,0,-1,0
69.799214,-40,12,6,2,1,-1,0,-1,0
69.801322,36,-6,-8,-6,-7,-1,0,-1,0
69.801329,1,-11,1,0,-3,-1,0,0,0
69.823185,8,1,-3,-4,-1,1,-1,0,0
69.823190,-20,3,-3,1,0,-1,-1,-1,0
69.823192,16,7,3,0,2,0,0,0,0
69.823194,-4,-27,-8,-4,-3,-3,-3,-5,0
69.835366,30,5,12,1,1,-1,1,2,0
69.835388,-15,27,0,2,1,0,-2,-2,0
69.845949,27,-26,-9,-4,-1,-1,-1,4,0
69.845956,-67,-16,-2,1,0,-2,-2,-6,0
69.866630,-16,-1,-7,-5,-2,1,-1,1,0
69.868770,27,3,0,-3,-1,-3,-1,-2,0
69.868778,-13,13,6,2,0,-2,-1,-2,0
69.868780,19,7,-4,3,0,-1,0,4,0
69.881419,-18,-4,3,-1,1,-3,-2,-7,0
69.881435,-14,-8,-3,1,-3,0,0,1,0
69.882996,-11,16,-3,-2,-1,0,-2,-2,0
69.883042,25,-17,4,2,1,-1,1,3,0
69.895409,38,1,-1,-2,-1,-1,-1,-3,0
69.895466,-64,4,-1,0,-2,-1,-2,-2,0
69.905185,-9,-7,-4,-2,-3,-1,-2,-3,0
69.905190,20,26,1,-2,7,2,0,1,0
69.919392,-2,-18,-3,4,0,0,0,0,0
69.919414,-28,-4,0,-2,-1,0,1,0,0
69.920410,55,34,7,0,0,-1,-1,-2,0
69.920446,-40,-36,-2,0,-2,-1,1,1,0
69.941922,6,1,-6,-5,-3,-1,-2,-3,0
69.941958,4,-8,-1,-2,0,-2,-2,0,0
69.943999,-4,-1,4,4,3,2,-1,-2,0
69.944007,21,20,1,0,-2,1,0,-1,0
69.955346,-12,6,-9,-2,-2,-2,-2,-1,0
69.955370,22,-31,-1,-8,-1,-1,-1,-1,0
69.964120,-35,-10,0,2,-1,-1,0,-1,0
69.965137,11,36,-1,-2,-5,-2,-2,-3,0
69.979350,-18,-52,-4,-2,-2,-1,-1,-1,0
69.979382,10,6,-1,-1,-2,-4,-2,-4,0
69.980622,-24,-9,-5,-7,-1,-2,-2,-3,0
69.980641,14,-10,-2,0,0,-2,-2,-1,0
70.002062,30,29,7,-1,4,-1,0,3,0
70.002091,17,-15,0,5,-3,-1,-2,-2,0
70.003673,24,25,0,0,-1,-2,-2,1,0
70.003679,-2,-51,-2,0,-4,-3,-2,-1,0
70.015119,-24,-1,-6,-5,-2,-2,-1,-4,0
70.015136,6,-1,0,-1,-1,0,-1,-1,0
70.025295,-4,3,-1,1,0,0,1,-1,0
70.025318,6,21,-1,-4,0,-1,-1,0,0
70.040219,-10,4,3,2,0,-1,-1,0,0
70.040225,11,-1,-1,-3,-1,0,-1,-2,0
70.040469,-34,-24,-4,-2,-1,-2,-2,-1,0
70.040485,-1,13,-6,-3,-2,0,-2,0,0
70.061955,23,-11,4,-2,1,0,0,1,0
70.061993,-74,17,0,3,-1,-2,0,-4,0
70.064232,11,-33,4,0,-1,-2,0,-1,0
70.064240,20,8,-3,1,-1,0,1,1,0
70.075564,-62,-5,-6,-4,-3,-2,-4,-5,0
70.075591,47,12,-2,-6,-2,0,0,5,0
70.085859,-33,-9,-1,-1,0,-1,-2,-4,0
70.085864,-12,-9,3,6,5,-1,0,-3,0
70.099330,2,28,4,-1,-4,1,2,2,0
70.099347,21,-29,-6,1,-1,-1,-2,-2,0
70.101090,-9,-9,-1,-1,-2,1,-2,1,0
70.101099,5,5,0,1,-1,-1,-2,-1,0
70.121543,-1,13,3,-2,-1,-2,-1,1,0
70.121564,3,13,0,-2,1,0,-1,1,0
70.123188,-7,-4,-3,-2,-2,-1,-2,-2,0
70.123205,-9,12,-1,-3,-1,-1,-1,-2,0
70.144134,6,5,0,2,-2,-1,-2,-5,0
70.144160,23,-38,-8,-4,-3,-1,-1,4,0
70.146873,-59,-11,5,-2,-2,-2,0,-2,0
70.146891,55,23,2,-4,-3,0,-1,1,0
70.159057,-14,-11,-4,1,-1,-2,-3,-2,0
70.159078,-6,8,6,2,2,1,0,-3,0
70.160705,28,13,-2,0,-1,1,0,2,0
70.160737,-21,-13,-3,-4,-2,-1,-1,-1,0
72.183404,5,3,2,3,-16,19,43,28,3
72.183723,-10,0,-1,-1,18,7,30,28,3
72.185137,-1,3,1,2,30,-4,17,-33,3
72.185201,4,-6,-3,4,-11,-27,12,2,3
72.206205,-11,2,-3,-2,1,-24,-30,-3,3
72.206212,3,-6,1,2,19,6,-12,9,3
72.206553,-8,-1,-2,-7,-78,-59,-40,19,3
72.206562,-7,2,1,2,26,118,27,-27,3
72.228655,5,2,5,6,28,-31,-32,10,3
72.228684,0,-4,-6,-7,-37,-63,-31,-5,3
72.230019,-9,-8,-4,-1,-12,78,11,-13,3
72.230026,3,5,1,-5,-72,69,5,-18,3
72.243444,-5,-6,-5,-3,39,-2,1,5,3
72.243527,-4,2,-3,-1,-59,13,12,13,3
72.245131,28,-3,-4,-5,-5,14,9,14,3
72.245142,-10,-7,-2,-2,-4,-47,16,10,3
72.265836,-11,4,2,-3,-25,-4,15,21,3
72.265860,-7,-3,2,6,1,31,25,-11,3
72.267536,-8,2,0,1,5,-20,18,23,3
72.267550,1,-6,-4,-7,-73,-15,-22,-32,3
72.289308,14,6,3,5,43,-59,-43,-23,3
72.289330,-4,-5,0,2,2,13,-7,15,3
72.289334,5,6,1,1,-50,-40,55,0,3
72.289338,5,-8,-2,2,18,-100,-36,46,3
72.303223,-16,5,2,3,-12,59,36,-21,3
72.303246,15,-4,-2,-10,-12,27,8,66,3
72.303891,-5,2,-1,9,91,-81,-10,4,3
72.303904,1,1,0,-3,14,-22,-1,-30,3
72.325827,20,-1,-4,-5,-11,-33,-16,43,3
72.325855,-16,-14,-10,-5,38,-4,-20,-7,3
72.327172,-14,-5,-3,-7,-44,-9,23,-15,3
72.327177,4,1,4,1,20,21,10,-12,3
72.348754,9,0,-1,-2,3,17,-20,23,3
72.348760,-16,1,2,1,-8,-21,3,-41,3
72.348952,2,-7,-3,-2,0,21,4,24,3
72.348960,-3,-5,-1,4,-56,16,7,-25,3
72.364666,-21,1,0,-3,-35,89,-35,-25,3
72.364680,7,4,-2,3,-41,38,17,-15,3
72.365418,18,7,7,8,18,-14,-57,26,3
72.365428,-24,0,1,-1,11,25,-8,26,3
72.385915,3,-4,-4,-4,-8,-55,-4,-39,3
72.385937,9,4,3,3,11,20,19,23,3
72.387278,-13,1,-3,-6,-6,-5,-14,-42,3
72.387282,1,-4,-3,-4,17,35,12,-11,3
72.408480,4,4,5,4,51,-78,-39,2,3
72.408511,1,4,2,1,13,-21,-3,-17,3
72.410040,11,-2,0,-1,-29,-26,24,-8,3
72.410051,-10,-5,-11,-13,94,113,18,-8,3
72.423826,9,8,3,10,-7,-20,49,20,3
72.423856,-14,-2,5,6,13,105,4,14,3
72.426659,8,-2,-2,1,21,23,11,-8,3
72.426667,6,1,-1,0,-21,-13,-13,-2,3
72.446043,-9,-3,-4,-5,-61,17,8,42,3
72.446075,12,2,-1,-5,-41,-54,-26,-12,3
72.446451,-14,-6,-8,-8,41,-6,-10,-48,3
72.446524,11,0,4,2,-12,-69,-6,45,3
72.468455,-17,-7,-3,-3,-75,44,16,-45,3
72.468477,-18,0,-2,-2,11,-15,-28,-43,3
72.470437,-11,-5,0,-3,-38,22,20,6,3
72.470446,14,3,3,7,2,-10,-25,9,3
72.482682,7,0,0,-1,30,40,-6,19,3
72.482699,-4,-1,0,1,15,-36,-17,-4,3
72.492054,-5,0,1,-1,27,26,-8,-8,3
72.492089,-3,-2,-4,-7,-55,-37,31,4,3
72.505758,7,0,0,2,48,-1,25,1,3
72.505779,-2,0,-5,-3,59,0,41,-7,3
72.506396,3,5,3,5,-21,-44,-21,13,3
72.506410,10,0,-1,-1,2,-9,-6,0,3
72.528817,-18,-4,-4,-7,-24,-13,10,-2,3
72.530505,-2,0,1,-2,-1,14,-14,1,3
72.530509,16,3,-1,-1,-2,30,-8,-26,3
72.530512,0,-3,0,-2,-24,-3,15,69,3
72.543499,-2,-1,-4,-2,31,-2,-26,-75,3
72.543518,-11,-7,0,2,14,-1,-9,-9,3
72.544337,-2,-1,-1,1,-45,-32,-6,30,3
72.544342,6,1,-2,-5,-2,31,-16,-32,3
72.565765,-4,-3,-2,-1,-14,48,20,17,3
72.565775,8,0,1,-4,-12,1,9,9,3
72.566580,4,6,2,-2,-73,-5,19,-1,3
72.566596,-10,-6,-6,2,98,19,16,1,3
72.588353,-6,3,-3,-6,-39,40,35,-19,3
72.588369,15,-1,3,6,-3,-65,-29,-11,3
72.589997,4,-5,-2,-1,0,22,10,60,3
72.590006,1,7,4,4,-1,5,9,-22,3
72.602654,9,-2,-1,-1,0,-6,-26,0,3
72.602672,5,3,0,-2,-3,28,9,28,3
72.611391,-19,-5,-2,-2,22,-31,-22,-23,3
72.611413,-5,-6,-2,-3,-43,-4,-6,18,3
72.626970,15,0,-3,-9,6,-19,-53,70,3
72.626977,-5,1,-2,-2,-10,-11,-20,-25,3
72.626979,16,0,1,-4,-23,25,23,26,3
72.626981,-14,8,2,3,-19,79,-6,-65,3
72.648379,2,-4,2,6,6,21,1,28,3
72.648467,2,0,-4,-5,-2,70,30,8,3
72.649245,3,4,-3,-5,29,79,-11,-8,3
72.649261,-14,-3,1,2,-9,-30,-17,-26,3
72.673428,10,-8,-5,-4,-23,-53,3,67,3
72.673435,-5,-4,-5,-4,69,-15,-14,-52,3
72.673437,-21,2,2,5,8,0,1,-14,3
72.673438,20,4,-1,-6,34,27,-8,27,3
72.685928,-11,-8,-3,5,35,-22,-16,-39,3
72.685950,7,-3,-1,-3,-23,-23,-20,22,3
72.687891,-8,-4,0,0,4,-9,-8,-21,3
72.687935,0,-4,3,4,9,21,19,30,3
72.708442,-1,-2,-2,-7,-68,-73,-10,-27,3
72.708464,13,1,1,5,41,18,-16,62,3
72.709052,-21,6,-2,-5,-21,46,5,-26,3
72.709076,-1,-5,-2,0,-28,24,-24,-8,3
72.722566,-6,1,1,1,75,39,25,-17,3
72.722588,-13,-6,0,1,-36,-84,2,8,3
72.730780,-6,-3,0,2,11,9,-27,37,3
72.730796,4,7,1,-5,7,1,35,-5,3
72.746039,9,2,0,-1,-29,-41,-77,-7,3
72.746057,-11,2,-2,-2,-2,75,42,30,3
72.747247,4,-5,1,7,23,11,-19,2,3
72.747251,-3,-3,-5,-4,-14,-49,2,20,3
72.768366,-15,-1,2,6,-5,26,20,3,3
72.768384,-1,-1,-2,0,-25,62,18,-9,3
72.768969,15,0,-1,0,32,-62,-20,-33,3
72.769007,-15,-4,-3,1,-43,3,22,45,3
72.782597,4,8,1,1,93,59,-56,-41,3
72.782613,18,0,-1,-5,-23,-78,45,27,3
72.791477,-21,-14,-1,4,-11,114,17,-3,3
72.791530,9,0,-2,3,32,-10,-9,-41,3
72.805852,-19,-7,-2,-4,-65,-34,31,-4,3
72.805875,4,2,2,0,6,47,-52,-12,3
72.807282,9,2,-3,-6,2,-61,3,-23,3
72.807298,3,1,1,-1,-39,-13,2,18,3
72.828517,20,5,-2,1,42,52,21,23,3
72.828553,-1,-4,-2,-2,10,9,23,4,3
72.829409,-3,-2,-2,-4,-54,-67,-9,-8,3
72.829432,-21,-4,-6,-6,-59,-35,-74,-15,3
72.842599,3,-6,-4,-5,-69,-46,5,22,3
72.842621,-13,0,2,3,7,-16,20,-26,3
72.850910,-9,-4,-4,-3,21,-20,-11,-16,3
72.850932,11,-6,-3,-3,-37,10,13,42,3
72.865962,12,-1,-2,-3,-8,-48,-10,-26,3
72.865978,9,-1,-1,-2,-13,-34,3,-10,3
72.867511,-28,-5,-1,1,-10,84,8,15,3
72.867515,14,2,2,-2,25,92,9,-8,3
72.888505,-6,-5,-1,-2,-35,68,37,29,3
72.888521,-20,-4,-2,-4,49,22,-18,-74,3
72.891137,52,18,2,5,99,73,41,28,3
72.891144,-14,-6,0,6,-3,-47,-12,22,3
72.902864,-13,1,3,1,5,22,17,8,3
72.902885,-1,-5,-8,-6,-23,15,-3,-11,3
72.911274,-2,-4,-1,-1,-55,-46,-4,-3,3
72.911317,-5,3,-3,2,75,-32,25,-36,3
72.933967,13,-7,2,1,29,-5,-27,-6,3
72.936332,-4,1,3,9,5,-74,-11,43,3
72.936343,-2,1,0,-4,-9,-74,-10,-12,3
72.936345,13,5,3,2,-4,7,20,-13,3
72.948401,-7,-2,-1,-2,-10,-40,2,0,3
72.948424,-3,3,0,-1,-54,-84,-7,31,3
72.951004,12,3,3,-2,40,76,-5,5,3
72.951011,-25,-8,1,0,20,14,-31,-26,3
72.971564,-2,5,1,-1,-66,97,22,-21,3
72.971583,-1,-2,-1,3,45,53,44,-8,3
72.972178,6,-1,-2,-4,-25,-49,-13,8,3
72.972195,4,3,-3,-4,6,-15,12,28,3
72.986048,-9,2,0,2,31,43,-30,6,3
72.986057,2,-5,-1,-4,-86,-24,32,-55,3
72.986556,-1,-2,0,-6,-85,-8,-8,-17,3
72.986717,8,2,-5,-6,89,7,8,6,3
73.008759,-27,-9,-3,0,9,15,11,-13,3
73.008793,27,1,-4,-7,12,-1,-41,11,3
73.011368,-13,-4,1,7,-14,-17,3,22,3
73.011381,-33,-9,-3,-5,-44,31,-8,-47,3
73.032299,7,6,1,-1,23,48,19,-19,3
73.032308,16,4,1,-3,-7,15,2,15,3
73.032313,-4,7,-2,-1,-22,2,9,18,3
73.032316,17,-4,3,12,61,-7,-2,-33,3
73.046343,-1,-3,-3,-4,2,-74,-61,18,3
73.048115,-15,-5,-2,-3,-2,62,-3,30,3
73.048119,4,-3,-4,-4,-19,-30,-20,-21,3
73.048122,5,6,4,5,-29,-37,-6,10,3
73.068512,11,2,1,-6,-62,-50,11,-15,3
73.068528,-23,-1,0,2,57,6,-9,28,3
73.069213,-10,0,1,2,-12,-100,0,-67,3
73.069233,-1,-10,-8,-4,40,85,12,15,3
73.091616,11,0,-2,-5,-20,8,-23,-2,3
73.091640,-14,-6,-2,-1,-60,85,16,1,3
73.093367,18,-3,-4,5,64,42,2,12,3
73.093384,-3,1,2,-6,-53,-18,-10,1,3
73.105929,5,7,1,4,12,-3,26,-8,3
73.105951,5,2,0,1,18,-45,-21,-1,3
73.108498,-19,-2,1,-2,-2,-15,-10,-4,3
73.108513,9,3,-1,-1,-48,9,6,-14,3
73.128529,-7,3,4,4,38,-81,-41,6,3
73.128563,22,6,1,-2,-5,-51,18,52,3
73.129324,-15,-5,2,5,8,9,16,-2,3
73.129347,0,-11,-5,-6,-11,-78,-43,-53,3
73.151777,-11,-7,1,5,16,82,27,28,3
73.151796,0,-3,-5,-3,-44,-19,-65,-59,3
73.153573,-1,0,2,3,-6,-15,-28,14,3
73.153578,0,-1,-2,-4,-10,-63,7,12,3
73.165974,1,0,-1,0,6,-8,-3,-14,3
73.165990,10,2,-1,-5,-9,103,0,-1,3
73.167197,4,-2,-1,-8,-2,26,15,-7,3
73.167206,1,8,2,3,-15,5,-11,20,3
73.189100,7,-3,1,0,0,-35,26,-15,3
73.189105,1,6,2,5,-50,52,2,-15,3
73.196009,-8,-5,-8,-9,-46,6,-7,12,3
73.196094,-22,-4,-1,2,11,77,-23,4,3
73.212136,0,0,-1,0,11,-25,9,0,3
73.214429,-16,-13,-4,-4,16,-124,-6,-22,3
73.214436,-2,2,-7,-10,-47,101,0,15,3
73.214438,-1,-6,-2,-6,-33,-22,0,-15,3
73.225880,1,0,-1,-2,-21,15,20,17,3
73.225902,-1,2,0,-2,9,13,-1,-17,3
73.227697,16,-1,2,0,6,-79,-43,0,3
73.227702,8,3,2,2,10,20,35,57,3
73.248384,-2,2,1,0,-44,-72,-15,-42,3
73.248401,-16,-4,0,0,57,64,27,8,3
73.251253,-4,5,0,1,-18,26,24,-23,3
73.251259,26,0,-1,-2,9,-22,36,-13,3
73.271585,-12,0,-2,0,-46,-69,-23,-3,3
73.271603,-5,-5,2,0,3,27,12,18,3
73.272280,-3,-3,-2,-4,5,75,32,8,3
73.272296,-15,1,2,4,44,-21,7,1,3
73.285768,10,9,-3,-2,10,105,12,5,3
73.285790,-1,-5,-5,-8,-11,-95,-17,-16,3
73.286565,-16,-12,1,1,0,-25,-4,4,3
73.286581,-15,-3,0,1,37,-57,-1,9,3
73.308504,8,2,0,4,-1,57,22,36,3
73.308532,6,6,2,1,29,12,-19,11,3
73.309608,9,1,-2,0,-5,-59,18,-49,3
73.309614,1,-7,-3,-2,-14,26,-39,-8,3
73.331395,-2,-4,-2,-4,26,30,0,6,3
73.331408,-7,-1,0,0,-60,-21,-20,12,3
73.332059,0,1,-1,-5,15,-34,-5,18,3
73.332094,-19,3,-1,-2,-17,5,-3,-5,3
73.346318,2,4,-4,-2,11,-5,12,-8,3
73.346332,-16,-17,-3,-3,-53,-19,-11,-10,3
73.346690,-21,-4,-2,-1,28,-53,-4,10,3
73.346700,8,5,-1,-2,-21,6,3,-35,3
73.368914,6,-5,-3,-4,12,-48,-1,47,3
73.368935,5,6,-3,0,32,31,7,-23,3
73.369971,16,3,0,1,-48,-20,11,20,3
73.369980,1,1,2,5,58,-9,-44,19,3
73.393831,4,-3,-3,3,-13,73,80,-39,3
73.393838,1,-1,0,6,28,2,-10,-62,3
73.393840,-3,-2,-2,-1,34,47,-1,25,3
73.393842,11,5,0,-3,-35,13,-32,-11,3
73.407587,-16,-11,-4,-7,7,-69,-15,54,3
73.407596,-3,2,-1,0,7,39,-3,19,3
73.407598,-5,-3,-1,-5,18,21,-1,7,3
73.407600,15,2,-1,4,-42,49,35,-30,3
73.428885,-24,-4,-2,-1,6,-105,-40,-16,3
73.428918,0,-2,-2,-3,-34,-17,7,-22,3
73.429220,14,7,1,2,56,-71,-7,20,3
73.429231,-6,1,-1,-3,-9,2,19,15,3
73.451762,9,-6,-4,-5,-63,-12,-23,-14,3
73.453497,-6,4,1,-1,-31,-3,10,13,3
73.453507,-9,-4,-2,-6,-16,8,-1,-46,3
73.453509,-4,-1,-1,3,-12,26,-9,8,3
73.474489,-6,-1,-4,-3,-13,25,-8,-27,3
73.474528,-3,-3,-1,1,21,-6,-2,5,3
73.475080,1,-1,0,2,2,3,-7,0,3
73.475104,-2,-3,-1,-5,0,-5,21,18,3
73.488193,12,-2,-2,-22,36,13,-21,0,3
73.488215,17,2,2,22,8,-12,9,-9,3
73.488798,-8,2,3,-1,2,0,14,18,3
73.488813,7,-11,-6,-5,-22,-19,-8,-17,3
73.511969,-7,0,-2,-3,6,43,-2,0,3
73.512004,8,6,0,-14,-35,31,23,-3,3
73.513132,1,1,5,17,80,69,19,20,3
73.513136,0,-2,-1,-2,-10,-79,-26,-14,3
73.525828,28,15,4,2,4,14,9,10,3
73.525844,-25,-12,-6,-5,-75,-32,-23,1,3
73.528250,-20,-3,-1,1,-18,32,-1,5,3
73.528285,6,7,0,-5,-10,-40,-29,-28,3
73.556665,-2,-3,0,2,41,10,20,-22,3
73.556689,27,5,2,6,-5,-26,-3,17,3
73.559699,-34,-6,-3,-5,-19,-36,-25,-13,3
73.559706,-7,-3,-3,-1,9,-7,10,15,3
73.571888,11,5,3,1,-38,-45,-4,-29,3
73.571910,-12,3,2,-2,39,-37,-22,6,3
73.573059,14,-2,-3,-4,-11,-14,-4,-2,3
73.573065,4,5,2,2,-9,74,24,36,3
73.585435,6,-4,-2,6,76,-51,-48,7,3
73.585465,-18,2,-2,3,0,85,14,-1,3
73.593397,12,1,1,4,0,54,-7,-20,3
73.593421,-9,-12,-3,-5,-29,-52,14,6,3
73.609900,-5,-1,3,10,-31,43,4,-36,3
73.609906,3,-8,-7,-11,-25,-50,-14,-5,3
73.609909,14,2,-3,-7,-20,24,13,6,3
73.609910,-13,-3,-4,0,-13,-17,-1,-16,3
73.631498,-4,0,-3,-4,-3,-6,-11,23,3
73.631514,12,-6,-2,-4,22,-10,16,20,3
73.632614,-14,-7,-4,2,-108,-15,-3,-48,3
73.632620,0,0,0,-10,16,1,-32,-18,3
73.645521,3,-6,1,2,-22,-79,11,51,3
73.645549,10,6,-1,-7,32,21,12,56,3
73.654465,7,-14,-7,1,38,-53,-29,-62,3
73.654471,-15,-2,0,-1,10,-18,-1,16,3
73.669808,8,6,0,-3,5,96,6,7,3
73.669813,-8,-2,1,6,5,-54,-8,-15,3
73.669815,7,4,0,-4,10,68,11,28,3
73.669817,9,5,0,4,-8,-16,24,10,3
73.691721,4,-6,1,-1,-5,45,-3,20,3
73.691741,-35,6,2,-1,-3,-21,11,-36,3
73.693734,18,-2,-1,2,5,40,19,73,3
73.693779,11,6,3,2,-34,-52,14,-10,3
73.705378,-16,2,-2,-1,10,34,-2,1,3
73.705402,12,2,-2,0,6,12,-7,-2,3
73.713401,-12,3,2,0,6,-45,-7,-21,3
73.713418,-4,-7,-1,-4,-11,27,2,-3,3
73.728758,-5,-2,-3,-2,-5,-18,11,-16,3
73.731499,10,1,3,3,17,8,-5,14,3
73.731506,-5,5,3,1,-40,-17,-11,-7,3
73.731508,6,2,-5,-7,10,9,25,-2,3
73.752472,-15,-5,-1,-1,-9,-1,-36,-26,3
73.752541,-2,-2,-1,1,63,107,-3,-9,3
73.752792,14,3,2,1,-23,-25,3,23,3
73.752999,-2,2,1,-1,-7,75,1,9,3
73.774782,-11,1,2,9,56,-9,29,-2,3
73.774803,0,-8,-5,-10,-41,-3,-15,-34,3
73.776477,2,0,-1,-1,0,-3,1,5,3
73.776485,0,-2,0,2,-3,-8,-29,-5,3
73.788287,-2,-5,-5,-8,-5,-52,22,1,3
73.789146,-2,4,4,3,-67,-50,7,5,3
73.789150,-1,0,-2,0,27,-40,-11,-31,3
73.789202,-4,-7,-2,5,22,114,-22,8,3
73.811715,-8,-4,-1,-3,-45,-36,5,-27,3
73.811745,14,5,-1,-3,1,-29,8,25,3
73.812535,-21,-12,-4,-11,-8,-18,-7,11,3
73.812570,-10,-10,0,3,52,-32,-17,-2,3
73.827355,1,3,1,2,-19,9,-19,5,3
73.827367,8,1,-1,-2,2,25,5,-32,3
73.833277,7,4,-1,-2,27,-20,-9,5,3
73.833294,6,3,1,-1,-9,-20,15,10,3
73.848421,4,1,1,-1,1,48,10,16,3
73.848438,-12,-12,-4,-1,24,-6,-24,4,3
73.849399,-13,-4,-3,-4,-99,45,6,6,3
73.849403,0,2,-2,-2,14,-19,4,4,3
73.874263,2,-1,-3,-2,-14,-1,-14,-31,3
73.874281,6,6,0,-1,-7,-16,-6,-2,3
73.874283,-9,-1,-2,-2,13,77,5,-15,3
73.874285,14,0,1,-1,-19,8,4,19,3
73.885093,-4,-3,0,-9,25,8,4,26,3
73.885110,-5,-7,-7,2,47,-15,22,20,3
73.893367,-5,-5,-1,7,28,-29,-12,-69,3
73.893384,-4,-11,-2,-3,-1,79,12,17,3
73.908804,11,2,-2,-4,-68,13,-25,-20,3
73.908828,-4,1,-1,-8,-58,31,18,13,3
73.909807,-1,-4,-4,-5,37,-12,-61,29,3
73.909812,-11,3,2,2,-1,-34,22,-51,3
73.931582,-1,-3,-1,2,-7,-8,-16,3,3
73.931599,1,-2,0,-2,-19,22,-17,-5,3
73.932537,-5,5,0,-5,52,5,22,-10,3
73.932549,5,9,1,5,-3,-27,4,43,3
73.954279,0,-5,-2,2,7,0,14,4,3
73.954307,-1,9,2,0,10,-53,-3,-31,3
73.954951,20,-9,2,3,61,17,9,20,3
73.954987,-11,2,-2,-4,-28,-71,-22,3,3
73.968237,-7,-3,0,4,2,-26,6,-58,3
73.968253,-19,-1,-1,0,19,16,3,4,3
73.969114,20,3,0,-7,-23,-25,-12,6,3
73.969162,11,-1,-2,-7,-31,93,6,-11,3
73.991937,-10,4,-2,6,50,-44,19,1,3
73.991962,6,2,2,-1,3,43,6,11,3
73.993248,-9,6,2,3,-59,-58,9,-8,3
73.993254,-7,-13,-5,-4,0,66,-17,-62,3
74.013901,2,1,-4,-6,-24,32,2,-2,3
74.013911,-9,-6,-3,-2,2,-29,-1,4,3
74.014572,3,-3,0,-1,-32,44,18,33,3
74.014581,-8,5,0,1,10,-29,15,-5,3
74.030463,39,1,0,-2,-16,-23,-45,13,3
74.030477,-13,-4,-2,-3,10,5,5,-12,3
74.030479,-11,0,-4,-1,11,11,1,11,3
74.030480,8,3,1,3,-4,-41,26,17,3
74.051685,-4,-5,-2,0,48,40,-2,-23,3
74.051702,1,5,2,1,-30,-11,-20,-11,3
74.053693,1,1,0,-1,11,-52,-6,13,3
74.053701,11,8,0,-2,27,-10,-1,-33,3
74.074337,-19,-10,-2,2,-13,4,14,40,3
74.076398,-3,-6,-1,0,-19,6,-8,-25,3
74.076406,14,-3,-6,-4,50,-69,-10,-12,3
74.076408,-4,-1,-1,-1,-8,14,-22,13,3
74.088610,-24,-1,2,-1,-14,-7,9,-52,3
74.088637,19,0,-3,-6,9,-13,-2,24,3
74.090380,-11,-1,1,5,0,-57,7,6,3
74.090403,6,1,-2,-4,50,87,-5,0,3
74.111822,-11,1,2,1,15,64,-18,-4,3
74.111895,-8,-5,-3,5,23,-2,19,14,3
74.112234,-15,0,1,-1,-4,17,2,-22,3
74.112243,8,-2,-2,-2,-59,-25,12,43,3
74.134039,18,-3,-3,-4,8,-62,-5,-13,3
74.134065,-33,-6,-4,-4,-9,21,-5,-28,3
74.136086,-4,-3,-1,-3,-17,-17,-1,43,3
74.136093,-1,-4,-3,-3,-81,-43,-10,-49,3
74.148282,-1,-3,-2,-1,-25,1,9,40,3
74.148304,11,4,2,-3,-68,11,33,1,3
74.149088,-4,2,0,4,3,-14,34,17,3
74.149172,-17,-9,0,0,16,19,-7,-12,3
74.171599,19,7,0,-2,-14,-30,1,36,3
74.171604,-14,-5,1,0,10,-8,-13,4,3
74.172221,-2,8,-2,-1,-13,18,-4,-34,3
74.172274,-13,-9,-2,0,25,-3,-18,-2,3
74.194402,7,3,0,-1,17,4,24,8,3
74.194462,3,1,0,-3,58,15,-5,13,3
74.197204,7,-4,-6,1,-3,-33,1,-2,3
74.197254,-21,-1,2,2,38,-74,-28,-16,3
74.208303,-2,4,0,2,7,100,26,-3,3
74.208324,7,2,1,2,15,15,-10,1,3
74.210507,-7,-4,-3,-7,-30,23,-9,-30,3
74.210517,14,9,3,4,80,23,10,64,3
74.234167,-17,-8,-3,-5,0,-20,-7,-32,3
74.234174,12,2,0,-2,7,-44,-5,-21,3
74.234175,20,1,3,10,-4,70,4,30,3
74.234177,-8,-1,-4,-2,-43,-17,6,10,3
74.254033,8,4,0,0,50,-8,-11,33,3
74.254056,-7,-2,-3,-1,12,-7,14,20,3
74.254816,-4,-10,1,-5,-27,-33,-18,-28,3
74.254820,17,0,-4,-3,6,21,11,1,3
74.268449,-3,2,2,4,-78,21,20,5,3
74.268467,19,-6,-7,-5,-30,-66,-42,3,3
74.270089,-20,2,-1,-2,10,1,20,-49,3
74.270098,-15,-3,-4,-2,-17,-10,-2,-21,3
74.291753,-6,-4,0,-2,-12,-20,8,-3,3
74.291781,-10,0,0,1,-1,22,1,4,3
74.293449,3,0,-1,-3,-8,52,-4,21,3
74.293455,8,-2,-1,-7,-23,-30,-1,-6,3
74.314061,-7,3,-2,3,27,72,-6,6,3
74.314079,9,-1,0,0,97,6,-20,-43,3
74.314742,-2,-2,2,-2,-7,9,-5,18,3
74.314756,2,-2,2,0,-9,-14,20,-16,3
74.328571,-1,-1,-4,-2,-13,-39,-9,11,3
74.328603,-7,1,1,2,-52,6,26,12,3
74.329479,-6,-5,-4,-6,16,-47,-12,-22,3
74.329506,23,12,3,6,4,56,-2,18,3
74.352014,-12,-6,-3,-8,6,8,2,-59,3
74.352036,-18,-3,-2,0,-29,-2,-15,10,3
74.354258,18,2,1,6,82,-8,1,-11,3
74.354265,0,-2,-2,-2,-22,-27,0,13,3
74.374204,4,0,0,-1,-6,-13,2,64,3
74.374236,6,0,0,1,-18,12,0,-8,3
74.374935,-8,-2,-4,-4,-16,19,-8,3,3
74.374959,-14,-5,-1,1,4,-2,-7,11,3
74.388890,6,-2,0,0,24,17,-5,-7,3
74.388897,-2,3,0,9,33,-39,8,-7,3
74.388898,6,-3,-3,-7,-31,49,12,42,3
74.388900,9,10,-1,5,0,-37,-32,-58,3
74.411825,-27,-20,-3,-2,-15,-64,-65,-7,3
74.413236,-1,-2,-2,-5,-29,-5,20,22,3
74.413242,3,6,1,-5,-39,-15,-9,13,3
74.413245,11,1,-2,2,40,-8,6,3,3
74.436461,-4,3,0,-2,-13,57,3,-9,3
74.436469,27,6,2,1,-69,6,0,32,3
74.436471,-25,-7,-3,-1,18,-22,-2,-50,3
74.436473,6,-2,-3,-9,-10,-18,-8,-6,3
74.447783,-7,-9,-1,1,-10,-44,13,39,3
74.447800,-5,-5,-2,-5,7,40,19,-20,3
74.458911,8,4,-3,-2,-78,-9,-11,3,3
74.458923,-26,-8,-3,-8,-20,35,1,-11,3
74.471711,2,5,0,4,69,52,14,-29,3
74.471733,2,1,1,0,11,-9,-5,2,3
74.474603,-12,-1,-1,-4,-32,13,12,-2,3
74.474627,-5,-2,-1,-1,0,6,1,6,3
74.494076,1,11,5,2,-34,-43,2,7,3
74.494097,2,-8,-3,-6,70,-72,-7,20,3
74.496256,24,7,3,3,55,62,-15,11,3
74.496263,-31,-7,-2,2,28,28,0,-7,3
74.507790,-2,-2,-3,-4,-2,16,-1,19,3
74.507824,11,0,1,0,-19,5,0,-50,3
74.516716,-12,1,1,-1,-5,-25,-25,31,3
74.516739,20,6,-1,-5,-1,-50,13,7,3
74.531404,-4,-2,0,-3,-96,3,-10,-24,3
74.531413,-9,-8,-2,-3,22,18,15,-2,3
74.532902,1,-7,-1,2,-11,-17,-29,-13,3
74.532920,-7,-2,3,8,65,-2,13,10,3
74.554065,3,3,-1,-1,-25,-16,3,1,3
74.554081,9,4,0,-3,-29,5,-8,11,3
74.555409,-4,0,-5,-4,8,-7,14,-50,3
74.555414,12,2,-2,-1,-32,53,-7,42,3
74.567782,18,-1,2,2,75,-15,15,-4,3
74.567804,-19,4,-1,0,8,1,-14,4,3
74.576677,-8,-14,-4,-4,12,-20,-21,-7,3
74.576735,4,-2,-3,-1,-41,-57,-15,-22,3
74.593059,-21,-5,-6,-6,-1,-70,-53,-5,3
74.593071,4,-9,-4,-1,-23,60,-6,1,3
74.593139,9,8,3,3,27,2,5,23,3
74.593192,-2,-9,-4,-3,-48,6,-4,-14,3
74.613936,-3,-1,-1,-1,-55,-57,15,57,3
74.613956,3,3,2,6,41,-17,-1,-12,3
74.615411,-8,-3,-2,1,-4,-1,5,-10,3
74.615422,7,6,0,0,20,-50,5,22,3
74.628275,-36,-5,-1,5,-28,24,35,-15,3
74.628312,-9,0,1,-1,-58,57,-41,-12,3
74.638180,5,3,-1,-1,52,8,12,-5,3
74.638184,-7,-5,2,2,6,-6,10,-1,3
74.651942,18,7,-1,-1,46,54,10,45,3
74.651975,-19,-5,-5,-5,-29,-63,-24,-48,3
74.654032,5,-9,-1,2,-11,-11,1,-14,3
74.654047,1,0,-4,-10,-21,-24,-34,8,3
74.674098,24,5,-1,-1,-6,10,2,15,3
74.674125,-15,-6,0,0,-38,35,21,16,3
74.675609,0,5,-1,-4,-39,-83,-3,13,3
74.675629,-11,-8,-1,-5,11,-50,0,3,3
74.687581,13,0,-4,-3,-14,52,1,-21,3
74.687603,-3,-1,1,1,66,-46,-4,-44,3
74.697389,-3,0,-2,-3,1,68,13,1,3
74.697440,7,9,3,-2,-3,-19,13,-1,3
74.712064,-9,-6,-3,0,7,18,-56,-12,3
74.713727,8,-1,4,5,48,1,11,11,3
74.713733,-5,0,-2,1,-27,1,1,12,3
74.713735,4,0,-2,1,19,17,-4,-22,3
74.734215,2,0,-2,-3,-15,-26,5,-19,3
74.734237,7,5,-3,-2,-22,17,1,15,3
74.735545,8,-2,2,5,-20,67,19,11,3
74.735561,-5,-2,0,-6,-100,-47,-18,0,3
74.747601,3,1,-1,2,61,20,-1,-59,3
74.747609,-25,-7,-7,-5,-13,-4,28,5,3
74.759313,4,3,-1,-4,-19,-53,13,46,3
74.759323,2,-7,-4,-2,-10,27,1,-47,3
74.771585,-3,2,3,-2,0,-23,10,5,3
74.772585,17,7,1,2,-7,7,-1,20,3
74.772942,-11,-6,-6,-8,-72,54,-15,-58,3
74.772948,-2,-7,-3,3,23,5,13,17,3
74.794136,10,-7,-3,-4,-7,-9,17,0,3
74.794274,-22,-4,-3,-4,1,7,-19,-5,3
74.795800,-17,0,0,-1,-3,-40,9,4,3
74.795829,0,2,3,2,19,35,1,27,3
74.809770,-6,-2,-2,0,-34,-9,7,-8,3
74.809778,21,2,-2,-3,-31,-33,-5,-17,3
74.817003,12,8,-2,-12,-41,18,-1,29,3
74.817008,-37,-9,2,16,-20,22,11,-42,3
74.831514,9,-2,-3,-3,1,4,-9,12,3
74.831530,19,0,1,-2,-8,11,9,33,3
74.833179,4,-3,1,2,13,-18,4,-15,3
74.833192,4,3,-1,-6,0,32,-11,3,3
74.855752,-8,2,2,-1,-15,-24,-10,4,3
74.855757,18,7,3,7,-21,-2,-2,19,3
74.855760,-21,-7,0,4,77,-14,3,-29,3
74.855761,22,-2,-3,-1,23,-46,12,107,3
74.876736,-9,1,1,-3,3,97,2,-20,3
74.876794,-23,-3,0,-2,14,-2,-3,-20,3
74.878766,16,4,1,-11,-60,-54,-3,30,3
74.878776,-7,3,0,-10,23,8,-5,-19,3
74.891993,8,-4,-2,19,56,-7,20,13,3
74.892017,-2,4,3,7,3,24,13,-22,3
74.893796,9,4,-1,1,-29,11,-48,27,3
74.893801,4,-7,-2,-11,-2,-13,4,-13,3
74.914042,-10,-3,-5,-13,-9,3,4,-5,3
74.914059,-5,-6,-3,6,-4,-36,-33,9,3
74.915560,-5,0,1,3,15,-58,36,0,3
74.915575,13,9,-1,-11,-51,49,-15,-58,3
74.936868,-3,3,0,14,27,-82,-14,-20,3
74.936883,-5,-14,-6,3,3,43,7,24,3
74.937983,-14,-7,-2,2,24,32,14,-8,3
74.938018,-7,-3,-1,2,3,5,7,-30,3
74.951395,4,0,-4,-13,-128,-32,-40,-7,3
74.951406,6,4,0,-9,27,-68,11,-1,3
74.953032,-5,1,-2,2,31,77,-1,-1,3
74.953047,9,-1,-3,5,19,15,6,42,3
74.974773,1,-3,2,-3,49,-37,-43,-76,3
74.976656,5,-6,-5,-2,-49,-84,-12,-4,3
74.976669,-14,-7,-3,-5,16,-43,-7,18,3
74.976671,-3,8,3,9,21,17,-7,-15,3
74.997089,-3,0,-1,-7,-2,-38,25,9,3
74.997100,-9,-9,-1,-5,10,58,-16,-12,3
74.997993,-13,1,-1,3,8,29,-5,-20,3
74.998009,0,-10,-4,-4,-22,-57,-16,-15,3
75.012860,9,3,1,-3,4,21,17,56,3
75.012867,-15,5,3,-3,-6,2,-1,-41,3
75.018081,23,1,0,-1,-9,37,19,38,3
75.018113,-12,-4,0,3,-34,17,8,-21,3
75.034003,3,1,-1,-5,14,24,7,4,3
75.034029,7,4,-2,1,4,33,11,25,3
75.036057,0,-1,0,2,-15,-50,11,45,3
75.036064,16,6,1,2,13,2,-8,-4,3
75.059200,-15,-4,2,1,-35,51,1,-14,3
75.059205,8,1,-4,-7,59,16,21,14,3
75.059208,-7,-2,0,2,-66,1,-17,-11,3
75.059210,13,9,2,-2,29,16,4,51,3
75.071289,12,0,2,0,-4,31,10,4,3
75.071311,-18,-6,-5,-5,-20,-70,-23,23,3
75.078059,10,4,1,5,49,-2,3,12,3
75.078104,-17,-2,-2,2,18,14,-14,-17,3
75.094418,-5,-1,-3,-7,23,-44,-19,-39,3
75.094451,16,7,0,-2,-35,12,9,29,3
75.095520,-11,-2,2,0,14,-55,-9,-33,3
75.095603,3,-2,-3,-2,37,78,29,-1,3
75.116525,-29,3,-3,0,13,46,16,37,3
75.116543,-2,-12,3,1,-8,3,1,-7,3
75.118813,-11,2,-2,0,14,12,-9,-40,3
75.118821,0,0,-2,-3,31,59,24,24,3
75.130807,12,-1,-2,2,-92,-38,24,-6,3
75.130823,-2,0,2,3,62,-42,-16,8,3
75.137584,0,-1,-4,-4,-24,103,-10,-20,3
75.137600,-10,-6,0,3,77,-19,-8,14,3
75.154502,6,-1,-1,0,1,-17,7,50,3
75.154509,20,7,0,-4,-53,18,-3,-79,3
75.155391,5,-6,2,7,59,15,2,-7,3
75.155399,7,10,-3,-6,-50,-55,-7,-4,3
75.176487,-12,-16,-1,-4,-9,17,-7,-5,3
75.176505,-18,-2,1,6,68,21,13,14,3
75.178626,-3,1,-1,-5,-9,-24,-9,4,3
75.178638,5,5,-1,0,-33,-23,-3,-32,3
77.201657,-37,15,6,2,7,1,0,-2,0
77.201998,28,8,10,4,-2,-2,-2,-1,0
77.203639,-8,2,17,1,1,-1,0,-1,0
77.203683,-16,-15,-6,-3,-2,-2,-1,0,0
77.215839,24,-7,-6,-1,1,1,0,-1,0
77.215856,-3,19,-5,-4,-1,-1,-1,-2,0
77.222642,-17,-9,-2,0,-1,0,0,1,0
77.223466,4,3,-2,0,1,-1,1,2,0
77.239524,-31,-1,2,-2,-3,0,-1,-2,0
77.239553,8,-19,-2,-3,-2,-2,-1,-1,0
77.242998,4,-24,-1,0,-1,-2,1,8,0
77.243006,-48,-38,-7,-4,-2,0,-1,-4,0
77.261898,24,-11,-9,-1,-3,-2,-1,0,0
77.261928,-51,12,3,-2,-4,-2,-6,-16,0
77.263047,65,10,-9,-3,-5,-3,-2,-8,0
77.263064,-27,6,-3,1,3,1,-2,-1,0
77.275089,-58,-6,21,3,0,0,2,-2,0
77.275107,20,-18,-5,-1,0,1,-1,3,0
77.285380,-2,35,2,-3,-1,-1,0,3,0
77.285387,12,3,2,0,-3,0,-1,0,0
77.298959,42,-15,-6,-2,-4,-1,-1,1,0
77.298975,-17,1,-3,-1,6,-1,0,0,0
77.300726,-51,-4,-4,0,-5,0,-3,-6,0
77.300736,26,1,5,-1,-1,-1,1,1,0
77.321481,-20,3,-11,-1,-1,-3,-2,-7,0
77.321522,35,-4,2,0,2,0,1,5,0
77.322999,-18,-25,1,3,1,-1,1,-3,0
77.323013,-7,17,-6,-1,-2,1,-1,0,0
77.335018,11,-20,-3,3,0,1,2,7,0
77.335057,1,7,-4,-7,-3,-3,-3,-8,0
77.345656,-5,26,11,1,2,1,-1,1,0
77.345669,66,-13,-3,0,-1,-1,1,6,0
77.359005,-52,36,4,-4,-3,-2,-5,-10,0
77.359026,57,15,-11,1,-3,-1,0,2,0
77.360921,-91,-66,-9,-4,1,-1,-2,0,0
77.360946,-6,18,9,2,0,-3,-2,-5,0
77.381958,19,-5,0,2,3,1,0,1,0
77.381963,-13,6,0,-2,-4,-2,-1,-2,0
77.382898,27,20,-5,-2,-2,-1,0,3,0
77.382912,-17,-24,-3,-1,-1,0,1,3,0
77.395394,7,13,0,-2,-1,-3,0,-4,0
77.395417,5,-18,2,-3,-2,-2,-3,0,0
77.405761,7,27,-3,0,6,-2,-1,2,0
77.405765,-45,-46,-4,0,-2,0,0,-3,0
77.419039,7,-2,5,2,0,-1,0,2,0
77.419056,3,-3,-6,-3,-1,-1,-2,-4,0
77.420408,-1,18,8,3,0,-2,-2,-1,0
77.420423,12,20,-3,-1,0,-1,-3,1,0
77.441723,56,-34,-13,-3,-2,-1,1,3,0
77.441745,-22,12,13,3,0,-1,1,1,0
77.443512,49,21,1,-2,-1,-1,-1,-2,0
77.443518,8,-87,-15,-9,-3,-3,-2,-3,0
77.455064,-60,18,2,-2,-1,0,-1,-3,0
77.455085,22,9,8,5,2,2,2,1,0
77.464177,4,11,-21,-6,-4,-1,-1,0,0
77.464182,7,63,25,3,2,-2,-2,-3,0
77.479281,41,-21,-3,-1,0,0,-1,0,0
77.479311,-27,-57,-7,-3,-1,0,-1,1,0
77.480661,-25,19,-2,1,-1,0,0,-1,0
77.480681,5,2,10,-1,1,1,2,-2,0
77.501603,28,-2,-13,-6,-2,-2,-4,1,0
77.503659,-47,25,-3,-3,0,-3,-2,-9,0
77.503666,20,-21,7,4,0,1,-1,0,0
77.503668,-10,-4,-5,-2,-1,0,0,-3,0
77.515126,-2,25,5,0,-1,-1,-1,-5,0
77.515142,20,-5,-1,1,-2,0,0,5,0
77.525718,-3,-28,-4,-2,4,1,1,2,0
77.525730,-1,21,-3,2,-3,-1,-2,-1,0
77.538968,4,-39,4,-1,-2,0,0,6,0
77.538976,-24,-35,-9,1,2,0,0,-5,0
77.540390,4,-12,0,-1,-1,-2,-3,-6,0
77.540408,-30,14,0,-3,-3,-1,-2,-7,0
77.561994,9,22,-1,1,-1,0,2,3,0
77.562033,-18,28,15,1,-3,0,-2,2,0
77.564030,-11,-40,-11,-4,-4,-3,-2,2,0
77.564036,-1,28,8,-1,1,0,0,-3,0
77.575494,5,-24,-6,-3,-2,-1,-1,-1,0
77.575528,-15,41,13,1,1,1,-1,-1,0
77.584609,4,-19,-2,-2,-2,0,0,-2,0
77.584617,-55,4,4,0,1,-2,-4,-3,0
77.599315,14,1,-9,-1,0,-4,-1,-2,0
77.599345,13,-11,2,-1,-1,-3,-2,1,0
77.601760,18,3,1,-2,-3,-1,-1,1,0
77.601769,22,-5,-1,1,-3,-2,-1,6,0
77.621464,-20,14,2,1,1,1,-3,-7,0
77.621534,27,-44,-11,-5,-2,-3,-3,-3,0
77.622899,-14,18,5,0,-4,-1,-1,3,0
77.622914,2,-17,-11,-1,0,-1,-1,-1,0
77.635098,-3,67,3,-2,-3,0,-1,-2,0
77.635120,12,-31,-10,-3,-3,-2,-1,-1,0
77.645804,-4,22,5,0,-1,0,-1,-4,0
77.645815,-14,-43,-15,-3,-3,0,1,1,0
77.659289,26,28,1,2,3,-1,-3,-1,0
77.659311,-15,-5,-5,0,0,1,0,-1,0
77.662158,-6,-5,6,-1,-1,-1,0,7,0
77.662169,27,13,-8,-1,0,-3,-5,-3,0
77.681403,-12,-5,10,-2,-3,0,0,-4,0
77.681420,54,35,-13,-3,-2,-2,-1,0,0
77.682953,14,-26,15,2,2,1,-1,-2,0
77.682971,-44,-1,-3,-2,-3,0,-1,-3,0
77.704032,18,14,-7,1,1,-1,-1,0,0
77.704049,5,-5,-1,1,-2,-2,1,0,0
77.705465,3,12,-6,-3,0,0,-3,-7,0
77.705516,1,-16,-1,-4,-1,-3,-1,-3,0
77.718920,-6,-14,-2,1,-2,-2,2,2,0
77.718939,-55,-11,-15,-3,-1,-2,-2,-5,0
77.720376,22,26,17,3,-2,-3,0,0,0
77.720400,-32,-10,-2,-2,1,-1,-3,1,0
77.741710,8,5,3,-1,-1,-1,0,1,0
77.741893,52,8,-1,-2,0,1,0,-1,0
77.743151,-42,-28,-10,-3,1,-1,0,-3,0
77.743222,33,10,0,2,1,1,-1,2,0
77.763949,-16,-80,-2,-4,-1,-1,-1,-2,0
77.763968,8,21,7,1,1,1,0,2,0
77.766236,-8,3,-5,0,1,-2,-2,-5,0
77.766241,33,6,-1,0,-1,0,1,7,0
77.778987,10,11,-8,-1,-2,-2,-2,-1,0
77.779007,-6,-2,6,-5,0,-1,-1,-1,0
77.780478,-16,34,-10,-2,-2,-1,-4,-5,0
77.780492,-10,-65,3,-2,2,-1,-2,-3,0
77.804021,-21,15,-3,-2,-2,-1,-1,-2,0
77.804028,-6,-4,6,1,-3,-1,-1,-1,0
77.804030,14,29,-1,1,1,0,0,4,0
77.804032,6,3,0,4,0,-2,-1,-2,0
77.824431,15,-15,1,0,0,1,-1,-9,0
77.824467,69,24,-6,-1,-2,-2,-2,2,0
77.826482,-74,-54,6,-3,-2,-1,-2,-2,0
77.826487,-13,7,-2,-3,-3,0,-1,-3,0
77.839155,14,10,0,0,1,-2,0,2,0
77.839176,6,26,-5,-1,-1,-1,-1,-6,0
77.841796,11,-20,-8,-1,-3,-2,-1,-4,0
77.841810,16,19,-4,-4,-1,-1,-1,1,0
77.861955,-6,-4,-4,-3,-2,-3,-2,0,0
77.862004,-9,28,6,1,-1,1,2,0,0
77.863718,8,-36,-6,-4,-9,-1,-1,2,0
77.863725,-23,-9,0,-2,-2,-3,-2,-4,0
77.884057,23,21,-1,-3,-1,-1,-2,3,0
77.884158,-40,-21,5,0,0,-3,-3,-5,0
77.885460,-6,14,0,-2,2,0,1,0,0
77.885473,11,34,-3,2,-1,-2,-1,0,0
77.898297,39,31,-2,-2,-2,-2,0,4,0
77.898308,-97,-95,10,2,1,0,-1,-5,0
77.905276,-20,-9,-4,-1,0,1,2,0,0
77.905301,22,9,-5,1,1,-2,-2,-3,0
77.921625,-22,-13,10,0,2,0,0,-2,0
77.921647,-13,12,-7,-4,-1,0,-3,-2,0
77.922946,40,11,-2,-1,-1,0,-2,-1,0
77.922951,-6,-6,0,-2,-4,0,-1,-4,0
77.944196,-12,11,2,1,2,-1,-2,3,0
77.944215,16,-15,-7,-5,-8,-1,1,6,0
77.945604,4,20,2,-1,-2,-2,-2,-4,0
77.945649,-15,-29,-9,-1,-1,0,3,6,0
77.958603,23,-1,4,1,-2,-2,-5,-10,0
77.958622,-16,22,0,-3,1,-1,-2,3,0
77.965100,13,-8,-5,1,4,-1,-1,-2,0
77.965116,6,-3,2,-3,-2,-1,-1,2,0
77.981571,-25,-11,-5,-4,-3,1,-1,-2,0
77.981597,99,43,-6,1,0,-1,1,1,0
77.983187,-93,-56,10,1,1,-3,-5,-7,0
77.983195,26,30,-1,2,2,-1,-2,0,0
78.004431,-19,-28,-6,-2,-1,-1,-1,-3,0
78.004460,6,-16,-4,-3,-1,-2,-3,-4,0
78.007380,9,18,-8,-2,-1,-1,0,0,0
78.007397,5,7,1,0,0,1,0,1,0
78.018484,-27,-17,4,1,0,1,0,-1,0
78.018505,-16,16,-3,1,-2,-1,0,-1,0
78.025366,12,42,0,2,2,1,1,4,0
78.025394,59,33,-2,-7,-5,-6,-7,-3,0
78.041976,-64,12,-4,-1,-1,-1,1,0,0
78.041999,-20,-25,2,-2,-1,-1,-2,-6,0
78.043153,38,29,-4,0,-2,1,-1,3,0
78.043190,-58,10,4,1,-1,-1,-1,-4,0
78.064003,7,-25,-2,-1,-2,1,-3,2,0
78.064026,0,7,-2,-1,0,-1,-1,0,0
78.065488,12,28,3,2,-1,-3,-4,-3,0
78.065502,-3,-30,-5,-1,0,-1,1,-2,0
78.078735,10,-21,-1,-2,-2,-3,-2,2,0
78.078759,-24,-8,10,2,1,1,1,3,0
78.085190,36,3,-3,-3,-1,0,0,6,0
78.087014,14,8,0,0,-1,1,1,2,0
78.101459,-18,-22,-8,-1,-2,-1,-1,-4,0
78.101501,82,27,-2,-3,-1,-2,0,0,0
78.102953,-68,-24,10,1,0,-4,-3,-7,0
78.102967,-2,8,6,-1,-2,-1,-3,-10,0
78.124082,13,-26,-1,3,-2,0,1,-3,0
78.126047,9,6,-4,-1,-2,-1,0,2,0
78.126053,13,-8,-9,-3,-3,1,0,3,0
78.126055,-5,27,7,1,0,-1,1,0,0
78.138270,-11,9,0,-1,0,-2,0,-2,0
78.138286,25,-12,-3,2,-2,-1,-3,0,0
78.145231,-50,23,-5,-3,-1,-3,-4,-10,0
78.145251,-52,-40,-4,0,2,0,-2,-6,0
78.162679,11,-1,-1,-1,0,-3,0,2,0
78.162694,-21,33,0,0,0,0,-1,-6,0
78.163115,33,-34,-4,-2,-2,-3,-1,3,0
78.163125,9,6,3,0,-1,1,1,-1,0
78.183891,-5,4,-3,-2,0,1,-2,0,0
78.183921,14,-5,1,-5,-3,-3,-2,1,0
78.190578,50,10,3,2,4,3,2,3,0
78.190610,-35,-53,-8,-2,0,-3,-3,-3,0
78.197577,-1,36,6,-1,1,-1,0,3,0
78.197595,-7,-18,4,3,0,-1,-1,-4,0
78.206648,-2,19,-3,-4,-3,0,0,-2,0
78.206694,7,1,-3,-1,-1,0,-1,-1,0
78.221400,5,12,2,0,-1,-3,-2,0,0
78.221422,-17,-25,-10,-3,-1,-1,-1,-3,0
78.222901,-7,-30,-10,-4,-2,-2,-2,-1,0
78.222914,7,17,17,2,3,-1,-2,2,0
78.244360,28,41,9,7,1,0,1,0,0
78.244400,-85,-12,0,-1,1,1,1,2,0
78.245450,64,-2,2,1,-1,-1,-4,-5,0
78.245465,-18,5,-9,-5,-2,-2,-2,-1,0
78.257679,-15,-6,-3,-2,0,-2,0,-2,0
78.257749,24,40,0,0,-2,-1,-2,-1,0
78.268119,-2,-41,0,-1,1,-2,0,3,0
78.268127,13,-27,-5,1,0,1,0,0,0
78.281451,12,11,-4,-2,-3,-2,-2,-3,0
78.281468,-15,5,0,-1,-2,0,-2,-3,0
78.282955,-2,0,-3,-3,-3,-1,1,0,0
78.282974,13,9,-2,1,0,0,1,4,0
78.304005,-27,-15,-6,2,-1,-2,-3,-12,0
78.304020,13,-17,3,-2,1,0,-1,-1,0
78.305348,15,-38,-11,-2,-3,-1,-1,4,0
78.305362,-22,1,2,0,-2,0,0,-3,0
78.318540,-10,36,-2,-6,0,-1,0,1,0
78.318546,-1,-59,-6,-1,2,-2,0,2,0
78.328458,1,29,1,0,3,0,1,2,0
78.328470,38,9,-4,-3,-4,-2,-3,-5,0
78.341558,1,-31,-11,-6,-2,-2,-2,1,0
78.341577,-30,58,17,2,-1,-1,-2,-6,0
78.343643,-21,-27,-4,-2,-2,-1,-2,-1,0
78.343659,9,-1,-1,0,-2,-1,1,5,0
78.364364,24,22,6,0,-1,0,-1,-1,0
78.364374,-21,-31,-11,-2,-2,0,-1,0,0
78.365885,-4,40,4,-2,-2,-2,1,-2,0
78.365900,-18,-14,4,-1,1,-1,0,-4,0
78.377885,28,8,-4,-3,-3,-2,0,5,0
78.377918,51,10,-4,-2,-1,-3,-1,4,0
78.387420,-47,-8,-2,-2,-2,-1,-1,-5,0
78.387424,27,-13,-14,-3,-4,-2,-1,0,0
78.401640,48,31,10,-2,1,1,-1,4,0
78.401663,1,-22,10,8,2,1,0,1,0
78.404080,-6,2,3,-2,-2,-1,-3,-6,0
78.404085,6,4,6,0,-1,-1,-1,-2,0
78.424576,-33,-37,-10,-3,-3,-2,0,0,0
78.424605,30,27,-1,-3,0,-1,-2,2,0
78.426894,3,22,-1,1,-1,-1,-2,-2,0
78.426900,-1,-43,-3,-2,-3,-3,-2,-3,0
78.437563,-14,-3,-4,-3,0,-1,-2,-6,0
78.437579,-20,-13,-3,-4,-1,0,1,3,0
78.446959,-19,-14,1,2,-1,-1,-1,-4,0
78.446964,1,64,-5,-3,-1,-3,-3,-4,0
78.461733,47,-11,4,2,0,-1,-2,2,0
78.461775,-78,-13,-6,2,-2,-3,-1,-5,0
78.463074,-10,18,0,-3,0,-1,-1,0,0
78.463098,-4,-21,-2,-2,0,0,0,7,0
78.484301,-4,15,1,-1,-2,0,-3,-6,0
78.486153,-6,-5,-4,-2,-3,0,-3,-3,0
78.486161,54,-9,1,2,0,-2,-1,3,0
78.486163,-32,20,-2,0,1,0,1,0,0
78.497565,-17,-23,-8,-2,-1,-2,-1,-1,0
78.497582,6,-31,-7,-6,-1,-1,-2,1,0
78.507421,-4,32,15,6,1,1,1,-4,0
78.507428,11,-35,-2,-2,1,1,1,5,0
78.524553,5,-44,2,0,-2,-3,-4,-5,0
78.524573,14,40,0,1,-1,-1,0,-5,0
78.524575,-2,-19,-9,-3,0,-2,-1,0,0
78.524577,-9,9,-2,-1,-1,-1,-1,-1,0
78.544303,-8,82,4,-1,-1,0,0,0,0
78.544370,3,-112,-2,-1,1,-2,-3,-7,0
78.545663,19,25,-2,-3,-2,0,1,2,0
78.545717,29,-18,-2,3,0,-2,-2,-1,0
78.558059,-74,-3,-1,-2,1,-1,-1,1,0
78.560031,-16,33,-5,-3,-2,-2,-3,-3,0
78.567944,6,-6,-4,-3,-2,0,-1,2,0
78.567950,7,1,2,-3,0,0,0,-1,0
78.581481,22,-8,-2,3,0,0,0,1,0
78.581497,-6,-8,2,2,1,1,2,2,0
78.583839,-8,16,-2,-3,-1,1,-3,1,0
78.583844,-13,-43,-6,-3,-3,-3,-2,-2,0
78.603947,14,-24,0,-2,0,-1,0,4,0
78.603963,-15,40,9,4,0,0,0,-4,0
78.606090,11,-4,-16,-4,-1,-1,-2,-2,0
78.606094,-14,-4,10,0,0,0,-2,-2,0
78.617792,7,43,6,-2,0,-1,-4,-3,0
78.617808,11,-5,-3,2,-2,0,1,1,0
78.628100,3,-26,-1,-2,-2,-1,-2,-1,0
78.628110,-30,7,-4,-1,-3,-2,0,-1,0
78.640654,-3,-19,1,-3,-3,-1,-2,-5,0
78.640701,15,37,-5,-1,2,0,-1,-1,0
78.649340,-14,-3,3,0,-1,-2,-3,-6,0
78.649345,31,35,-7,1,7,-1,0,-2,0
78.663961,34,-23,2,-2,-3,0,1,0,0
78.663979,-7,24,-8,0,-2,-1,0,1,0
78.665469,-9,-57,4,1,0,-1,0,1,0
78.665484,-1,25,2,-1,0,-1,0,2,0
78.686444,3,-12,-5,0,0,-3,-3,-7,0
78.686466,23,7,-1,-4,-4,0,-1,3,0
78.688329,-6,28,-7,-1,0,-1,0,-1,0
78.688337,-13,-39,2,4,0,-1,-2,2,0
78.701618,1,64,8,2,0,-1,0,-2,0
78.701640,0,-51,-4,-5,-2,0,-2,-1,0
78.702898,-13,6,3,-1,-1,0,-2,-6,0
78.702951,10,24,-3,-4,-5,-2,-1,-1,0
78.726386,-28,-32,-8,-2,-1,-2,-2,-2,0
78.726391,-21,28,-2,-1,0,-1,-2,0,0
78.726393,25,-34,-3,0,0,-2,0,1,0
78.726395,24,19,5,1,0,0,-1,-1,0
78.746450,9,-10,1,1,-1,0,0,-1,0
78.746468,-5,11,2,0,1,-1,0,3,0
78.747951,-25,-2,0,-1,-2,-2,-3,-3,0
78.747962,9,-8,-3,-1,-2,-2,-3,-4,0
78.761866,-44,-21,-4,-2,-3,0,-1,-2,0
78.763132,30,-35,-2,-3,-2,0,-2,-3,0
78.767838,-25,85,11,-1,-1,-1,1,2,0
78.767912,-6,-77,-11,-2,-2,1,-2,-3,0
78.784139,3,18,-4,-2,-1,0,0,-2,0
78.784161,7,15,0,-2,-2,-2,1,-1,0
78.786364,-1,-20,-1,2,1,-2,-1,-2,0
78.786369,6,34,1,-4,-4,0,0,-1,0
78.807079,-4,-17,-3,0,1,0,1,2,0
78.807108,9,9,0,-1,-2,-1,-3,-5,0
78.809864,-11,-9,-4,0,0,0,-1,0,0
78.809870,-9,16,2,0,-2,0,-2,-4,0
78.820746,0,3,0,2,1,0,1,0,0
78.820768,10,45,4,-2,-2,-5,-3,-5,0
78.827911,-13,-89,-7,-1,-1,-2,1,3,0
78.828009,1,6,8,-1,-3,-1,-3,-7,0
78.844113,-5,-14,-13,-2,0,-1,-1,-2,0
78.844146,-16,-6,6,1,-3,-2,0,1,0
78.845991,23,20,-4,-7,1,-3,-3,-2,0
78.846000,17,2,-10,-2,-2,-1,-1,3,0
78.866874,17,32,13,3,0,1,0,3,0
78.866894,-28,-46,-7,2,2,0,-1,-2,0
78.868104,21,-21,1,0,-3,1,0,2,0
78.868119,-3,3,-3,-3,-2,0,-1,1,0
78.880780,0,14,-1,-3,-3,-3,-3,-3,0
78.880798,68,23,1,-2,1,0,1,2,0
78.887643,-85,-33,-3,4,-1,-1,-1,-5,0
78.887665,39,33,-2,-3,0,-3,-1,0,0
78.903876,-87,-50,5,0,-1,-1,0,-2,0
78.903898,-22,6,5,2,2,-1,-1,-4,0
78.905344,29,18,1,-1,-1,-1,-1,0,0
78.905351,-20,-15,9,3,1,1,-4,-1,0
78.926367,38,-9,-6,-2,-1,0,0,2,0
78.926382,6,-12,-8,-4,-1,-1,-1,0,0
78.928283,0,32,0,-2,-2,0,0,-1,0
78.928318,-15,13,-1,3,0,-1,-2,-6,0
78.943403,21,-35,-11,-5,-1,-3,-3,2,0
78.943411,-40,1,2,1,-3,-1,-2,-1,0
78.949822,29,23,6,3,1,0,0,-1,0
78.949826,5,3,-2,-3,-2,-1,1,4,0
78.964117,-39,-17,-10,-3,-2,-2,-5,-14,0
78.965317,1,5,-2,-3,-1,0,-3,-4,0
78.965405,4,20,0,-3,-2,-1,-1,0,0
78.965412,-24,-22,4,3,4,0,0,1,0
78.986484,33,25,3,0,-1,0,2,4,0
78.986501,2,6,-5,-1,0,-1,0,-2,0
78.988222,13,-25,0,-2,-2,-3,-1,-4,0
78.988227,46,34,-1,-1,1,1,2,1,0
79.001050,-64,-85,-6,-3,-3,-1,-3,-2,0
79.003047,3,-15,2,-2,0,-2,-3,0,0
79.007973,12,26,-1,6,1,2,-1,2,0
79.008004,3,0,-3,0,-1,-2,-1,-4,0
79.025280,17,33,3,0,-1,0,-1,0,0
79.025311,15,-2,-5,-4,-2,-1,0,0,0
79.026531,-2,-3,0,2,0,-1,-1,-2,0
79.026537,-12,-14,-4,-1,0,-2,0,-1,0
79.046453,-28,-10,9,5,0,0,-1,-1,0
79.046471,-6,-2,-5,-4,-3,-3,-3,-4,0
79.047951,23,7,6,-2,1,-1,-1,0,0
79.047961,-18,-15,3,1,-2,1,0,0,0
79.061378,21,17,-4,-1,0,0,-1,3,0
79.061415,21,16,-3,-1,-2,-2,-1,-2,0
79.067772,-37,-44,-4,-1,-1,-1,0,3,0
79.067794,-3,15,-2,-3,-2,0,-3,-3,0
79.084169,2,15,2,3,1,-2,-1,-1,0
79.084187,45,20,1,-2,-1,-3,-1,3,0
79.085576,7,37,-8,-4,-4,0,-1,-1,0
79.085606,-78,8,15,2,1,0,-2,-5,0
79.106683,17,9,-3,0,-1,-1,0,-2,0
79.106705,-13,-39,3,4,-1,0,0,0,0
79.109376,2,0,-6,-3,-2,-2,-1,-1,0
79.109383,10,1,-2,-3,-2,-2,-2,1,0
79.121049,17,23,8,-3,0,0,0,0,0
79.121065,-23,5,3,1,2,0,-1,-2,0
79.128098,18,1,8,0,-1,-3,-2,-1,0
79.128143,3,-42,-14,-3,-3,-2,0,-2,0
79.144105,14,-12,-7,-5,-2,-1,-1,0,0
79.144115,-11,-16,1,1,-2,-1,1,-1,0
79.145697,-1,-22,-3,-1,-1,0,-4,-5,0
79.145737,8,60,18,6,2,1,-2,-1,0
79.166905,-3,-39,-8,-1,-4,-2,0,-3,0
79.166925,24,4,-7,-4,-2,-2,-4,-1,0
79.169125,31,13,0,-2,0,-1,0,4,0
79.169129,-75,-27,-11,-5,-4,-4,-1,-8,0
79.180214,21,24,0,-1,0,-1,-1,3,0
79.180231,-4,-30,2,1,-1,0,0,5,0
79.191481,-50,-17,-13,-5,-2,-3,-3,-9,0
79.191498,44,7,-5,-4,-3,-2,-4,-8,0
79.204478,10,21,8,4,2,-2,-1,1,0
79.204500,-23,-3,-3,-1,2,0,-1,-4,0
79.206773,3,4,2,-1,0,-1,0,1,0
79.206850,2,-12,1,0,-1,-1,0,3,0
79.226555,4,22,-3,-1,-5,-1,0,-3,0
79.226578,0,24,2,1,-2,-2,-1,-2,0
79.228402,-8,-32,-7,1,1,0,-1,-1,0
79.228443,25,-13,-16,-3,-2,-2,0,2,0
79.240989,53,-2,14,4,2,-1,-5,-3,0
79.241018,-33,16,-1,-2,-1,-1,0,-1,0
79.249432,1,-34,-4,-3,-1,0,-1,-3,0
79.249436,18,24,-7,-2,-1,-2,-1,0,0
79.263930,-19,-21,-6,-2,-2,-3,-2,-1,0
79.263946,-4,-11,-2,-8,-1,-1,0,-1,0
79.265560,-10,26,1,3,-1,0,0,-2,0
79.265571,20,-6,3,-1,1,0,-1,1,0
79.286486,-18,27,6,1,1,-1,1,2,0
79.286507,27,-29,-18,-7,-4,-4,-3,2,0
79.287842,-41,-44,7,-3,0,-1,-1,-2,0
79.287861,-26,-30,-2,-3,-1,-1,-1,-2,0
79.300815,-12,4,-5,-1,0,-1,-2,-8,0
79.300819,-11,27,1,1,1,0,0,-2,0
79.310666,41,38,1,1,-2,0,0,4,0
79.310687,2,1,0,1,-2,-2,0,1,0
79.324342,-20,-12,-5,-3,-1,1,-1,0,0
79.324370,14,10,5,2,1,0,0,0,0
79.326252,-3,2,-2,-1,-1,-1,-3,-3,0
79.326262,-9,4,3,-1,-1,0,-2,-1,0
79.348155,2,1,-4,-3,-2,-1,0,1,0
79.348159,-5,-9,1,0,-1,1,-1,-3,0
79.348162,0,8,-1,-2,-2,-1,-1,-1,0
79.348164,-1,-5,-2,-3,-1,-1,0,0,0
79.360175,11,3,0,-1,0,-2,-2,0,0
79.360200,-12,-8,1,2,-2,-2,-2,-4,0
79.370338,-1,15,9,4,3,1,-1,0,0
79.370343,12,32,0,3,1,-1,-1,2,0
79.384192,-22,38,10,0,-2,-1,-2,-7,0
79.384209,10,-37,-4,-5,-2,-2,-1,2,0
79.386672,1,-36,2,-3,-1,-2,1,1,0
79.386678,-6,51,-1,0,-1,-1,-1,-2,0
79.407079,39,5,-3,-1,-1,-1,0,7,0
79.409317,-66,-4,-11,0,-1,1,1,-3,0
79.409322,5,-2,2,-3,-3,-2,-3,-5,0
79.409323,37,8,4,3,3,1,1,4,0
79.420116,-44,-37,-5,-3,-3,-2,-2,-7,0
79.420131,12,10,4,2,0,0,-1,0,0
79.429751,12,6,-11,-3,-2,-2,2,6,0
79.429758,-20,-25,-3,-4,-2,0,-2,-4,0
79.444064,1,-18,-5,-2,1,1,0,-1,0
79.444075,12,-7,-6,-3,-4,-2,-2,-1,0
79.445548,-7,33,5,0,0,0,-2,-3,0
79.445576,21,-11,2,0,-3,-2,-1,0,0
79.466392,-1,3,-2,3,0,-2,-2,2,0
79.466409,-11,2,5,-3,1,-2,0,-2,0
79.467936,28,37,2,1,-3,0,0,3,0
79.467945,-27,-24,0,3,0,0,-3,-5,0
79.480123,26,-14,-8,-3,-3,-1,-1,1,0
79.480141,4,-4,-6,-2,-2,-1,0,-3,0
79.488984,-15,9,0,2,2,0,-1,-4,0
79.488995,17,20,-5,-1,-2,-4,-1,-2,0
79.504542,-23,-14,3,-4,-1,-1,-2,-3,0
79.504558,13,26,20,3,3,3,1,2,0
79.505436,-21,-29,-9,-2,0,0,-1,-5,0
79.505449,32,-26,7,-4,-3,-2,-5,1,0
79.526510,-10,6,-5,-5,0,-1,0,1,0
79.526533,56,22,-3,1,0,-2,-1,0,0
79.528244,-25,-60,-6,-4,-3,-1,0,1,0
79.528294,-27,1,1,0,2,-1,1,-4,0
79.550043,-6,1,8,1,-1,-2,-1,-3,0
79.550051,1,-9,-7,-2,-2,-2,-3,-2,0
79.550055,40,-6,-7,-2,-3,-2,-3,-3,0
79.550059,-45,13,4,-2,-3,-2,-2,1,0
79.563566,14,10,0,-2,-1,-2,1,1,0
79.563586,-24,-12,-9,-1,0,0,0,-1,0
79.564020,25,29,-11,-2,0,0,0,-3,0
79.564849,1,28,-1,3,1,-2,-2,-3,0
79.585763,-10,-58,-10,-2,-3,-1,-1,2,0
79.585784,1,4,3,-3,-4,-1,-1,-3,0
79.587063,-11,18,-7,-3,0,-2,-3,-5,0
79.587068,24,6,9,1,1,0,0,1,0
79.608354,-64,37,0,1,0,1,-1,-4,0
79.609406,-3,-19,-5,-1,-1,0,-2,-4,0
79.609413,-2,-32,8,-1,-1,-1,0,5,0
79.609416,-26,9,-10,-2,-1,-2,-1,-2,0
79.623330,45,-34,7,-1,-1,-1,1,3,0
79.623353,-9,14,-1,-2,-2,-1,-1,-2,0
79.626159,-17,1,4,-1,-3,-1,-2,0,0
79.626181,11,-21,4,2,-1,1,-2,-3,0
79.646033,1,19,-5,1,0,-1,0,-1,0
79.646062,4,4,-2,-3,0,-1,0,-1,0
79.646440,4,10,-2,-1,-1,-1,-1,0,0
79.646451,1,6,-6,-2,-1,1,1,-1,0
79.668765,40,23,-7,-2,0,-2,-2,3,0
79.668780,-35,-30,-2,1,0,0,-2,-1,0
79.670963,18,21,4,-1,0,-2,0,2,0
79.670972,3,-16,-6,-4,-2,-1,-1,-4,0
79.683262,32,31,2,2,-2,0,0,-2,0
79.683278,-33,-33,0,1,2,1,1,6,0
79.684254,28,25,-1,-1,-1,-4,-4,-6,0
79.684258,7,0,-1,-7,1,-1,1,2,0
79.705653,4,23,-2,1,0,0,-1,-3,0
79.705665,3,-51,-12,-3,-2,-1,0,2,0
79.706493,-29,-16,9,4,-1,0,-2,-4,0
79.706597,12,-4,-5,-3,-2,-3,-1,1,0
79.728606,-6,-3,-5,-5,-2,-1,0,3,0
79.728623,-1,29,10,1,-2,0,-4,-8,0
79.729880,25,32,-8,1,-1,-1,1,-1,0
79.729885,-79,-51,-2,2,-2,-1,-2,-3,0
79.743348,15,-10,-1,-3,0,0,-1,0,0
79.743375,-2,3,-3,-2,0,-3,-2,-2,0
79.745937,14,-9,5,0,-1,-1,-1,0,0
79.745943,3,18,-5,-1,0,0,1,-5,0
79.766347,-8,15,-1,0,0,-1,-2,0,0
79.766354,-35,-78,9,-2,-1,-2,-3,-1,0
79.766432,-15,-4,1,-3,-2,-1,-3,-3,0
79.766465,5,2,-9,1,0,-1,-1,3,0
79.788493,-14,-4,7,5,-1,-1,-2,-6,0
79.788517,30,62,-3,0,-1,0,3,4,0
79.789812,-8,-23,2,0,-2,-2,-1,0,0
79.789820,7,22,5,1,-1,0,-1,-3,0
79.803236,8,-26,-8,-2,-2,-1,0,1,0
79.803253,47,7,-3,-4,0,-3,0,3,0
79.804618,-18,-13,-7,-1,-2,-1,-2,-3,0
79.804623,11,-4,-5,0,-2,-1,0,5,0
79.825757,7,19,1,-1,-1,-1,-3,-8,0
79.825778,6,0,-1,-2,-1,0,-1,-2,0
79.826853,-21,-9,-4,-2,2,0,1,0,0
79.826874,10,21,3,-3,-1,-2,-4,-3,0
79.856474,-2,-46,2,0,-2,-1,2,5,0
79.856496,-19,-14,-3,-2,-4,-3,-1,-2,0
79.859237,1,34,-1,-2,0,0,0,3,0
79.859249,-3,-35,1,4,0,0,-3,-8,0
79.863236,-26,4,4,-1,-3,1,0,-2,0
79.863255,3,25,-10,-3,-2,-2,-1,-8,0
79.863996,-3,4,-1,-2,-1,-2,-2,2,0
79.864009,33,11,6,-2,0,-1,0,-2,0
79.885798,6,-38,-5,-3,-1,0,0,-1,0
79.885814,-15,-9,1,2,-1,-1,-1,-4,0
79.887015,1,28,-6,-2,-4,-1,-2,0,0
79.887023,-8,-51,-9,-6,-6,-2,-2,3,0
79.909604,-22,-6,3,0,8,0,-1,0,0
79.909610,1,8,0,4,-3,0,-2,-4,0
79.909613,28,-5,-2,-1,-1,-1,-1,3,0
79.909615,-6,-21,1,-1,-2,0,-1,-6,0
79.925283,-28,51,1,-5,0,-2,0,-2,0
79.925291,-8,10,7,6,1,0,1,1,0
79.930983,3,-51,-6,-3,-3,-4,-3,-3,0
79.931000,10,13,9,1,2,0,0,3,0
79.945850,32,4,-7,1,-1,-1,-1,2,0
79.945868,8,-22,4,-4,-1,-1,-4,-2,0
79.946617,-4,25,1,1,0,0,1,-1,0
79.946634,-33,-6,-17,-6,-1,-2,-1,-2,0
79.968819,16,-3,9,-2,-4,0,-1,-2,0
79.968849,30,29,3,1,1,0,0,5,0
79.971520,-13,-9,-2,1,1,0,-2,-4,0
79.971526,10,-16,-4,-2,-1,-2,-1,0,0
79.983445,-14,20,-1,1,-1,-1,-2,-2,0
79.985630,17,-17,-2,-2,-1,-1,-3,-3,0
79.985637,-14,-33,-1,-1,-1,0,1,2,0
79.985639,12,42,8,1,1,1,1,1,0
80.005885,0,-14,-8,-3,-6,-2,-3,-1,0
80.005903,-6,38,7,1,1,0,-1,2,0
80.006511,-14,-9,-1,-3,-1,-3,-3,-5,0
80.006584,39,-8,-1,1,0,-2,-1,-2,0
80.028669,22,-8,5,2,1,1,1,4,0
80.028690,-43,3,-2,-6,0,0,1,-2,0
80.030266,21,19,4,0,-2,-3,-4,-2,0
80.030279,-2,25,-3,1,1,0,-1,-2,0
80.043292,9,-51,-1,-2,0,0,0,3,0
80.043311,14,39,-2,0,-2,-1,0,-1,0
80.044930,-3,-18,-5,-6,-4,0,0,-4,0
80.044939,-11,-1,0,-1,0,1,1,8,0
80.066023,-15,7,-2,-1,-3,-4,-4,-10,0
80.066042,-4,6,0,-2,-2,0,-2,2,0
80.066525,-3,6,1,1,2,1,0,2,0
80.066537,-14,43,-7,-3,-4,-1,-2,-8,0
80.088453,-3,-46,-8,-4,1,-4,-1,3,0
80.088477,-10,3,-1,5,-2,-1,-1,-2,0
80.089851,11,-14,-2,-2,0,0,-1,0,0
80.089861,-24,-9,1,0,-2,-1,-2,0,0
80.103358,9,17,1,1,0,0,1,1,0
80.103380,14,-4,-1,-2,-2,-2,-1,-3,0
80.104687,-23,18,8,1,2,1,2,4,0
80.104696,13,-21,-6,-1,-2,0,-2,-2,0
80.127713,-20,6,1,0,-1,1,0,-6,0
80.127734,-2,-22,-13,-2,0,0,0,3,0
80.133512,-11,13,5,-6,-2,0,0,-3,0
80.133537,-6,-36,-2,-3,-4,-3,-2,0,0
80.148433,46,94,21,10,2,-1,-1,3,0
80.148449,-74,-48,-6,1,1,-1,-1,-5,0
80.151338,46,-3,-4,0,-1,-1,-1,1,0
80.151344,-8,-3,0,-4,-2,-2,0,-1,0
80.163330,23,4,-8,-6,-5,0,-1,-2,0
80.163354,16,7,1,1,-1,0,0,4,0
80.164976,-42,2,-2,1,-1,0,-2,-5,0
80.164981,-3,-36,-3,-2,-1,0,-2,-3,0
80.186073,-16,-8,-4,-3,-2,-1,0,2,0
80.186104,9,8,0,0,-1,0,-2,0,0
80.187931,17,6,-6,-3,-2,-2,-1,0,0
80.187936,16,9,8,5,1,0,1,4,0
82.234053,8,1,-2,-5,25,-57,-11,9,3
82.234420,12,-2,-2,-3,23,34,-34,3,3
82.236269,-11,-4,-4,-13,-53,-81,-35,-7,3
82.236323,4,5,2,-14,-88,-59,-31,5,3
82.247569,3,-8,-9,6,-36,-44,-49,-22,3
82.247591,3,0,1,3,9,45,35,7,3
82.256167,-4,-8,-11,-16,-61,-71,8,2,3
82.256196,-9,-5,-1,11,12,10,-52,-9,3
82.271607,6,0,-1,-4,-11,37,-4,9,3
82.271632,1,-5,-5,-5,44,32,-13,-6,3
82.273280,-3,-1,-3,-7,-21,10,11,-2,3
82.273290,-11,-1,-1,2,18,16,13,-13,3
82.294383,-5,1,2,1,-16,39,13,-2,3
82.294414,1,-4,-5,-13,-7,-68,-29,7,3
82.296172,7,3,7,34,-51,-39,26,8,3
82.296178,-3,7,4,-2,14,99,11,17,3
82.307606,10,10,12,6,24,-71,29,7,3
82.307627,-3,-1,4,37,69,107,27,-3,3
82.315996,-19,0,-1,-10,-48,-35,-24,-13,3
82.316027,24,-5,-5,0,107,52,-4,-1,3
82.331592,-5,-9,-5,4,18,3,5,-7,3
82.331611,-1,1,-3,-10,-29,50,10,0,3
82.333302,3,1,1,-4,75,69,-29,11,3
82.333308,0,1,1,7,-10,-16,7,-10,3
82.354974,-13,-4,-2,-9,-39,36,6,-1,3
82.355000,-6,-3,-4,-6,-12,-57,-18,-7,3
82.355085,6,1,-1,1,21,22,19,1,3
82.355098,-4,0,-1,-3,-51,-32,-5,2,3
82.367595,7,3,0,0,8,17,-13,-3,3
82.367634,-6,1,2,0,-7,-16,-27,-1,3
82.375797,10,-3,-2,-7,-2,10,14,1,3
82.375816,-11,-3,-2,-2,-40,-58,0,-1,3
82.391630,-2,-3,-2,-9,18,110,-45,-18,3
82.391656,-5,2,0,-2,-45,11,-4,1,3
82.393867,26,-1,-4,-11,104,14,-2,0,3
82.393879,-33,-6,4,7,-1,-8,6,-14,3
82.413919,4,2,2,4,15,118,42,11,3
82.413934,-8,-1,-6,-31,-49,-88,-29,5,3
82.414691,6,2,4,25,4,13,12,0,3
82.414700,0,0,-3,0,-7,20,-19,-4,3
82.436697,4,-4,-2,0,-15,-40,5,-1,3
82.436775,-1,-1,0,-5,12,-5,-18,10,3
82.438445,-5,-4,-5,-16,-74,-73,-7,-6,3
82.438449,-3,0,1,2,8,-40,11,2,3
82.451601,2,1,-2,-1,-13,-30,-40,-14,3
82.451624,6,-3,-2,1,11,-6,4,0,3
82.453425,-7,1,-1,-34,-85,-66,-12,-5,3
82.453430,4,-5,-1,2,-106,82,-22,-2,3
82.476063,5,-1,-1,-8,37,-8,25,12,3
82.476068,2,9,-1,17,25,5,-65,-3,3
82.476070,-11,-24,-4,-13,-9,35,15,1,3
82.476072,-18,-3,-4,-17,18,81,-32,-9,3
82.496470,10,-4,1,45,48,-22,-4,-11,3
82.496489,-11,-5,0,-7,-48,5,7,4,3
82.497990,12,8,-2,7,-2,16,-13,3,3
82.498009,5,3,0,6,19,-1,-27,-6,3
82.510377,-2,-6,-4,-11,-28,-28,-7,-3,3
82.510414,18,5,3,5,28,-14,14,2,3
82.521102,-20,-3,-2,10,7,23,12,-8,3
82.521109,0,-1,-1,-6,6,-20,14,1,3
82.534091,-13,6,-1,-10,-26,-18,3,5,3
82.534114,5,-10,-5,4,-35,-33,-3,-4,3
82.535673,-10,3,1,-3,16,22,8,1,3
82.535678,10,1,0,6,-29,-14,-39,-1,3
82.556744,-8,2,0,-6,-18,-20,4,-2,3
82.556765,-11,-8,-4,-3,11,34,-28,-6,3
82.558184,10,-1,3,6,-26,-28,-8,4,3
82.558205,-5,1,-2,6,7,-37,55,3,3
82.570055,4,1,-2,-3,22,-33,-43,1,3
82.570069,-4,2,-1,4,57,19,24,-1,3
82.580071,22,7,0,2,-21,-7,6,-3,3
82.580082,-16,-5,-5,-6,-2,11,12,-6,3
82.594124,-4,-3,-3,-13,-29,4,16,3,3
82.594161,-1,1,4,4,4,-17,12,-4,3
82.596073,6,0,-1,6,7,84,4,5,3
82.596083,5,4,2,2,11,-57,-10,4,3
82.616510,-19,-3,-1,0,-25,-10,-4,-3,3
82.616523,2,-3,-1,-13,47,31,-45,-5,3
82.617930,-10,0,0,10,12,50,1,-2,3
82.617946,2,0,-2,-3,-11,-75,1,6,3
82.630190,-8,-4,-2,-6,-15,100,16,0,3
82.630213,5,0,2,1,-2,-43,26,4,3
82.640692,-8,1,-2,2,74,7,-20,-10,3
82.640704,5,-1,2,0,19,5,10,0,3
82.653897,4,0,-2,-1,3,-40,2,-2,3
82.653913,-4,0,-1,0,-34,0,11,4,3
82.655447,-3,-5,-5,-6,-11,2,-1,-4,3
82.655461,5,-1,0,-1,-4,9,6,-1,3
82.676578,9,4,5,-2,-20,7,6,2,3
82.676604,5,-2,-4,-5,-24,-24,3,2,3
82.679024,-14,1,-1,-5,-4,35,9,-4,3
82.679036,3,-5,-1,1,-5,70,25,5,3
82.691244,9,-7,-3,-23,-86,-109,-51,-4,3
82.691282,-11,-4,0,35,16,57,62,1,3
82.697672,3,1,0,0,7,33,14,1,3
82.697690,-9,1,-1,-3,-16,14,-2,-3,3
82.713882,21,8,5,3,5,36,9,4,3
82.713900,3,0,0,-9,-6,-40,1,0,3
82.715543,-3,-3,0,-7,-33,11,4,2,3
82.715560,7,6,1,4,51,-42,-7,7,3
82.736416,-4,-1,-2,2,37,50,4,-5,3
82.736434,-8,-4,-2,-8,-11,2,14,-12,3
82.737932,-1,-2,0,1,-35,-38,5,2,3
82.737986,0,-3,-3,0,-15,-27,-23,-4,3
82.750290,-15,-2,-1,3,-7,19,-14,3,3
82.750317,-4,0,-2,-7,7,8,8,8,3
82.759793,11,4,1,4,-3,-128,-70,1,3
82.759806,5,-1,2,9,41,106,10,-1,3
82.774365,-3,0,-1,0,-17,-33,23,1,3
82.774388,3,-2,-3,-7,-10,-7,-20,-2,3
82.775559,-3,0,0,-5,2,-39,-2,-3,3
82.775578,-3,-1,-2,-7,-25,-20,-10,-1,3
82.796469,-11,-5,-6,1,20,15,27,-8,3
82.796485,4,-2,0,-12,-42,1,35,1,3
82.797876,7,2,2,4,-28,-59,-5,8,3
82.797916,-11,-2,1,-1,4,27,11,-7,3
82.811292,-8,-4,-3,-4,4,1,6,0,3
82.811334,6,0,1,2,9,14,10,0,3
82.818052,-1,-2,0,-3,-9,29,14,5,3
82.818080,-4,1,0,-4,-8,-20,-6,-4,3
82.836634,5,-3,-4,-1,9,-2,-8,-3,3
82.836641,3,2,1,0,-67,28,-28,-1,3
82.836643,-15,-8,-5,0,30,53,-11,-8,3
82.836645,1,0,-3,-6,1,8,-11,1,3
82.856627,1,-2,-2,0,-17,-18,-3,0,3
82.856651,-12,2,0,-3,5,-8,4,0,3
82.858192,3,1,-1,-3,-13,23,10,-13,3
82.858226,-1,-5,-3,-11,40,-20,49,22,3
82.870871,11,0,1,24,-23,68,23,-2,3
82.870885,-38,-3,0,0,27,18,-36,-17,3
82.878143,-3,-1,-1,0,20,-6,10,-1,3
82.878167,5,-2,-1,-3,-18,-30,-14,-2,3
82.894450,-1,1,0,-4,7,-33,-17,1,3
82.894488,12,0,-2,2,25,23,7,0,3
82.896305,-4,-1,0,3,54,-40,1,-3,3
82.896311,-9,-3,-4,-7,-85,-47,-50,-12,3
82.916544,4,2,-1,-10,-54,-27,3,4,3
82.916584,-2,-4,-4,0,26,-30,-5,-11,3
82.917920,-4,-1,-4,-4,-19,6,-16,2,3
82.917932,3,-1,-1,6,20,-59,6,-2,3
82.930187,1,0,-1,-7,21,27,-13,1,3
82.930197,7,1,1,1,-30,6,1,2,3
82.940565,-6,-1,0,0,3,-45,24,0,3
82.940571,3,2,2,-1,13,1,12,6,3
82.953926,3,1,1,7,42,17,-1,9,3
82.953943,6,4,5,5,-35,12,-2,0,3
82.955430,-2,-2,0,-8,-6,67,-7,-7,3
82.955445,14,1,1,6,7,23,7,-1,3
82.976870,-8,-2,-3,-4,-51,38,1,-2,3
82.976877,11,-5,-5,-10,6,31,39,12,3
82.978390,-4,1,3,7,47,12,-64,-3,3
82.978428,-6,-7,-4,-8,4,51,41,-4,3
82.990469,-9,-7,-5,-6,9,69,19,-5,3
82.992820,-2,1,-1,-3,1,-1,-3,-2,3
82.999987,0,-2,-2,-3,-15,24,23,-2,3
82.999991,-2,-2,-3,-2,-1,-18,-4,8,3
83.014001,1,-1,0,-1,32,-57,-21,-4,3
83.014019,-1,-3,-2,0,13,-17,1,2,3
83.015665,-1,1,0,-1,-10,-17,-23,0,3
83.015712,-6,-1,1,0,-17,-13,-3,-13,3
83.036409,1,3,2,-3,-14,17,12,4,3
83.036425,-7,-3,-2,2,86,-43,-36,-7,3
83.037884,29,2,-2,-23,-8,-70,-4,14,3
83.037893,-35,-3,-2,15,16,36,-9,-26,3
83.050145,-1,4,1,0,21,-78,-13,0,3
83.050167,3,-1,-1,-2,-14,55,8,3,3
83.059691,4,-3,-3,0,13,-7,22,7,3
83.059703,1,-1,-3,-4,2,3,-13,-4,3
83.074116,2,-2,1,0,-9,-38,-9,-9,3
83.074210,-1,-1,-1,1,-5,-18,-6,4,3
83.075596,-4,-4,-3,-2,-33,4,34,-2,3
83.075620,7,0,-2,-24,-124,68,-26,7,3
83.096655,-2,1,2,19,15,110,56,3,3
83.096673,2,0,1,-3,-33,-16,-53,1,3
83.098316,-4,1,1,8,6,73,11,-3,3
83.098320,-6,-2,-2,-6,-13,-58,-15,-5,3
83.110408,2,3,1,-9,26,-22,-5,-1,3
83.110441,-1,1,0,15,2,-65,-62,-16,3
83.119632,-6,2,4,4,-9,26,22,7,3
83.119641,5,1,0,3,46,-23,-15,0,3
83.135440,-1,-2,-2,3,-30,-19,-1,-2,3
83.135452,-7,-4,-6,-18,-48,8,17,1,3
83.135544,-8,0,-1,11,-21,-67,-18,-10,3
83.135551,2,0,0,14,76,67,21,-3,3
83.157072,-3,-3,-4,-2,-6,-16,-40,-1,3
83.157104,-2,-3,-1,-12,-17,8,26,-2,3
83.159238,-1,2,-1,-8,-7,-8,-9,0,3
83.159244,1,0,-2,-2,-38,25,23,13,3
83.170115,5,-1,0,0,-12,-43,-9,0,3
83.171005,0,0,-2,2,3,-71,40,-3,3
83.179877,7,0,-3,-7,-8,-17,-39,2,3
83.179883,-18,0,0,4,5,-52,39,-12,3
83.194481,-5,1,2,-10,65,-55,-15,-9,3
83.194527,-1,6,8,22,11,97,6,24,3
83.196390,11,-2,-7,-30,-84,73,15,-7,3
83.196401,9,-1,0,24,-39,31,-7,2,3
83.216550,-35,-8,-5,-11,-9,-39,-12,-6,3
83.216573,3,0,-1,-5,13,-28,3,1,3
83.218141,-16,-5,0,4,24,13,25,-3,3
83.218160,14,2,0,-7,8,6,-28,10,3
83.230118,0,-3,-5,0,-4,65,29,-5,3
83.230136,12,2,1,3,17,69,25,1,3
83.239156,-14,-5,-4,3,-9,5,-22,-3,3
83.239204,6,2,0,-8,-82,-42,-42,-4,3
83.253914,5,2,0,-3,30,-16,-23,1,3
83.253936,-11,-5,-2,-5,25,-3,-5,-8,3
83.255382,4,1,2,22,108,-31,33,3,3
83.255390,-8,2,2,3,25,85,-14,7,3
83.276499,-4,1,0,7,-30,-29,-7,-19,3
83.276514,-1,-1,-2,-11,1,-7,-76,-12,3
83.278695,0,-4,-4,-8,11,-11,24,5,3
83.278717,1,1,5,12,23,-14,16,8,3
83.292391,2,-4,-4,-6,-22,-53,-28,0,3
83.292397,1,2,-2,-3,-17,-9,27,-5,3
83.299503,-6,-1,-1,2,-55,-64,-44,-3,3
83.299508,3,-1,-1,-15,23,19,10,1,3
83.314208,-1,-1,1,1,38,-40,5,4,3
83.314224,-1,-3,-2,0,-20,37,2,-7,3
83.315473,-2,2,0,-2,5,103,14,1,3
83.315481,12,-2,0,-5,29,-9,12,2,3
83.338027,9,3,1,6,-13,10,3,4,3
83.338036,-8,-1,-2,-9,-54,15,1,3,3
83.338041,0,3,0,0,36,93,6,2,3
83.338045,-21,-8,-8,-21,-31,-91,-41,-28,3
83.359140,8,-2,-3,2,91,61,41,4,3
83.359165,0,-1,-3,5,-30,13,-1,6,3
83.360622,6,-3,-1,-1,7,27,17,-2,3
83.360669,4,3,-1,9,57,40,15,0,3
83.374319,-5,-2,2,-12,-38,-30,-43,-6,3
83.374342,7,6,3,9,30,-121,9,-4,3
83.376349,-4,-3,-6,-4,-19,-95,0,-22,3
83.376354,-18,0,-1,-6,55,48,7,33,3
83.396583,21,-7,-5,-9,-46,0,-22,29,3
83.396603,4,-1,2,2,29,-10,-23,-83,3
83.398545,-5,-4,0,4,-13,-39,-6,-4,3
83.398552,10,2,2,13,-9,-16,7,4,3
83.419512,-4,3,2,1,-29,22,7,15,3
83.419551,0,-6,-4,-6,-3,19,7,20,3
83.420810,6,-2,-1,-6,5,-4,4,7,3
83.420854,-7,-6,-5,-7,-29,-15,-5,-13,3
83.434220,0,0,0,4,7,62,1,0,3
83.434240,5,-2,0,3,-49,35,12,13,3
83.436247,8,3,1,-23,-7,49,44,-6,3
83.436252,0,0,2,48,-99,-100,-26,-1,3
83.457166,-8,1,1,8,33,78,16,-16,3
83.459108,9,1,1,-5,10,75,30,25,3
83.459117,-12,0,-1,2,-26,-4,-41,2,3
83.459119,5,-1,-2,-24,-16,18,28,-4,3
83.479206,3,3,0,15,-7,-20,2,-6,3
83.479230,-7,-5,-3,-1,-41,-31,-12,9,3
83.480539,-11,-1,-1,-3,5,-26,7,-1,3
83.480557,0,-3,-1,-4,-16,-30,16,-18,3
83.494422,7,3,1,-6,14,30,14,11,3
83.494443,-11,-2,-4,-12,57,-85,11,6,3
83.495519,-14,-6,-4,16,-32,-41,7,-14,3
83.495536,-5,4,6,0,-42,83,-4,21,3
83.516885,-16,-3,0,1,58,-61,-63,-62,3
83.516908,25,-6,-6,-7,-55,-70,6,14,3
83.519206,2,-4,-6,-9,-14,-56,-2,-25,3
83.519220,-8,-5,-5,-8,31,-26,-47,11,3
83.540593,-3,2,-3,-5,-34,74,50,4,3
83.540609,-8,2,1,7,23,9,6,8,3
83.540678,-3,-3,-5,4,27,-3,-26,13,3
83.540711,0,-1,-2,-9,10,10,22,-13,3
83.553372,-3,-4,-4,-13,-38,-31,0,2,3
83.553392,-3,3,3,7,20,-16,-16,-3,3
83.560304,1,-2,-2,-26,-85,-7,24,19,3
83.560331,5,0,-1,4,85,13,16,-15,3
83.591578,-1,-3,-4,-5,-74,5,14,13,3
83.591606,-17,-1,-2,-1,103,-53,-7,-13,3
83.593789,8,5,11,45,18,90,-28,2,3
83.593801,-1,2,4,-3,-18,-3,-4,-6,3
83.599039,2,-3,-3,1,-5,-3,21,19,3
83.599060,3,-2,-5,-18,-7,-23,-52,2,3
83.600895,9,-2,-2,-8,-54,-71,-7,-6,3
83.600902,-10,-1,-4,-3,88,72,16,-11,3
83.613455,6,1,2,5,7,15,-10,14,3
83.613482,-5,1,0,-5,-32,32,-2,4,3
83.620171,2,1,1,-6,28,4,-7,1,3
83.620194,2,-2,-1,-3,-37,-56,-15,-2,3
83.636548,-7,0,0,-9,-8,3,-13,-5,3
83.636608,1,-4,-1,-1,-61,25,-9,24,3
83.638096,5,1,1,14,112,74,0,-9,3
83.638113,-3,-1,-2,-5,-10,-59,-10,2,3
83.658943,-9,-7,-7,-6,4,25,-18,-10,3
83.658960,-7,-1,-6,-22,-16,-2,10,-15,3
83.660477,-2,3,9,36,-2,2,-3,11,3
83.660507,8,3,2,-1,-22,-27,-10,9,3
83.673598,-4,-3,1,5,4,53,28,2,3
83.673626,1,-2,-3,2,23,59,51,1,3
83.680464,-7,-3,-3,-14,12,-13,-28,-4,3
83.680507,-3,-3,-4,-5,-1,1,32,2,3
83.696435,-1,-1,0,2,10,-16,-2,-7,3
83.696448,1,-1,-1,4,-20,3,6,-7,3
83.697858,0,3,1,-4,1,-21,7,1,3
83.697877,-2,-3,-4,-14,-41,16,-5,-3,3
83.718915,6,5,3,5,4,-113,-49,9,3
83.718936,4,-1,1,0,-28,-62,4,-16,3
83.720351,-1,1,-2,-8,-5,89,12,9,3
83.720358,-3,1,3,13,-39,52,-13,-6,3
83.733458,14,2,1,-13,34,24,14,-2,3
83.733479,13,3,1,10,6,-7,-3,4,3
83.740509,-5,-1,1,23,9,-22,1,-14,3
83.740629,-18,-2,0,1,4,37,-38,-7,3
83.758786,31,0,-4,-4,-13,-26,-26,11,3
83.758794,0,1,1,5,28,38,-2,5,3
83.758796,-5,1,0,10,-20,-8,25,-1,3
83.758798,2,-5,-8,-19,88,78,25,-10,3
83.778985,-13,0,1,4,-19,-40,9,-1,3
83.779005,-2,-1,1,0,9,22,-28,6,3
83.780532,-4,-2,-2,-15,-11,27,-2,-16,3
83.780543,-6,1,2,-2,-42,-97,8,-1,3
83.793693,-5,-1,-2,3,19,44,15,-5,3
83.793830,-7,-3,-5,-9,11,19,8,-11,3
83.800539,9,0,-1,-6,39,-16,26,17,3
83.800568,13,-1,2,-10,22,-2,-8,8,3
83.816642,-10,-1,3,15,-3,12,-4,-17,3
83.816664,-4,1,3,12,3,52,-18,-8,3
83.818150,-2,1,0,-11,-27,-36,-17,1,3
83.818154,2,-3,-4,-6,-21,-36,-12,0,3
83.838913,-4,-1,-4,-11,-45,-3,9,11,3
83.838935,-7,-1,-1,7,-67,76,22,-11,3
83.845599,0,-1,-3,-8,3,-48,-17,16,3
83.845631,-8,-5,-5,1,41,71,16,-9,3
83.854017,6,1,-2,-9,-10,21,21,-13,3
83.854042,-12,-5,-3,6,-2,-40,7,20,3
83.860444,-2,-3,-3,-15,7,44,-6,4,3
83.860479,-6,-1,-2,1,-27,-47,-9,-14,3
83.876552,-5,1,1,7,-5,-17,15,3,3
83.876574,11,-2,-5,-22,-17,-28,-9,-5,3
83.878471,-3,-3,-3,-3,5,-11,-17,-7,3
83.878479,4,2,1,1,-7,-77,-7,5,3
83.898922,-7,-1,-2,2,16,41,-45,-12,3
83.898932,11,2,3,6,-37,-51,9,1,3
83.900471,-8,-5,-3,0,63,24,2,-8,3
83.900486,8,1,-2,9,-16,7,14,1,3
83.914365,6,0,-3,-7,11,-3,-1,11,3
83.914371,-16,-2,-4,-40,38,-44,-2,-1,3
83.922171,1,-2,-1,10,-67,24,-25,1,3
83.922175,-5,-2,3,46,39,51,27,-1,3
83.936399,5,3,4,10,10,-112,-23,4,3
83.936415,-16,-3,-3,2,0,16,14,2,3
83.937988,-17,-1,-3,-9,-29,-19,13,-10,3
83.938004,25,-4,-3,-21,3,-61,-19,9,3
83.959844,-34,-4,-3,-4,-40,-24,24,-22,3
83.959849,11,0,1,31,118,69,-21,30,3
83.960454,4,-2,-3,-7,-19,-74,-11,-21,3
83.960470,1,4,2,1,-20,-12,14,13,3
83.973222,15,-2,-2,-1,7,90,-2,3,3
83.973264,-5,0,1,1,0,-5,-15,-14,3
83.981517,4,1,-1,-7,7,14,-7,4,3
83.981533,-4,-3,-3,-11,16,42,28,4,3
83.996767,4,1,-2,-1,-22,10,-31,11,3
83.996797,-28,-4,1,-5,32,-1,38,-33,3
83.998124,4,-1,3,8,6,-32,21,11,3
83.998142,-1,-2,-1,-3,-7,21,-5,-6,3
84.019010,-8,-3,-1,-3,18,36,22,7,3
84.019030,14,5,1,1,-25,32,-18,-4,3
84.020365,-1,0,-2,-4,35,-39,20,-1,3
84.020373,-6,0,0,-5,-4,7,17,8,3
84.041710,2,-2,-6,-38,-40,-62,20,-1,3
84.041904,-2,0,0,8,-40,30,-21,-5,3
84.043095,-11,-3,-1,1,28,-43,-20,-11,3
84.043116,6,0,-2,2,-6,15,-13,-16,3
84.056734,16,2,3,2,3,21,14,15,3
84.056773,-12,-4,-4,-1,-18,-4,10,-4,3
84.058353,2,-2,-7,-10,-4,43,-11,11,3
84.058382,-1,-2,-5,-23,-24,-50,1,-10,3
84.079116,-17,-1,5,34,22,-97,6,15,3
84.079137,30,-1,5,9,17,-13,-71,37,3
84.080754,6,-1,-1,1,-41,40,-6,-50,3
84.080759,-5,-1,-4,-2,26,-36,33,16,3
84.092596,-8,-5,-7,-6,-12,19,-12,-20,3
84.092618,-2,1,0,-1,31,-14,6,-1,3
84.102574,2,0,-1,-1,-1,10,4,20,3
84.102580,3,2,1,1,-24,7,-23,-11,3
84.118898,-8,-4,-2,-2,5,19,-16,-20,3
84.118907,-15,-3,-3,-6,-7,-33,21,0,3
84.118909,10,-2,-1,-10,-11,83,-9,10,3
84.118911,-6,2,2,3,-90,-19,-29,-7,3
84.138893,9,-3,-1,4,82,99,-16,7,3
84.138915,2,1,-2,-8,-20,41,28,-4,3
84.142170,-3,-2,0,8,-18,-9,-31,-4,3
84.142178,5,-1,-1,-16,-51,17,-15,5,3
84.153306,-4,-6,-5,3,-47,-25,1,-15,3
84.153328,6,3,0,7,-53,30,35,1,3
84.163628,3,-1,1,4,22,-10,4,4,3
84.163637,-4,1,2,9,17,15,-11,0,3
84.176836,4,2,1,-12,-13,-13,-12,14,3
84.176871,-5,-2,-1,-9,36,-19,-6,-19,3
84.179291,8,0,1,7,-15,84,69,37,3
84.179304,-1,0,1,-11,-83,16,1,-3,3
84.199054,-7,-4,-4,-1,46,-16,33,-17,3
84.199070,-7,-4,-3,3,2,52,-2,9,3
84.200466,-6,0,0,-13,-12,-10,-10,-6,3
84.200484,-3,0,0,6,55,27,-21,-24,3
84.212667,5,0,1,4,-8,5,6,8,3
84.212684,0,0,0,6,-9,-33,-16,-2,3
84.221982,-5,-7,-9,-21,-11,-33,-2,-9,3
84.221986,-3,-1,-1,26,21,-27,35,14,3
84.236457,-3,8,10,3,-14,79,-94,-13,3
84.236474,10,2,3,13,101,-29,19,19,3
84.237863,-13,-4,-3,5,-13,-15,1,-34,3
84.237916,2,0,-2,-16,-9,3,-6,-10,3
84.259453,0,-1,-1,-6,4,-24,3,5,3
84.259462,7,4,3,1,-29,-28,-11,4,3
84.260601,-4,-2,-2,-6,11,26,-12,5,3
84.260625,-13,-6,-1,3,38,59,-5,4,3
84.275208,-2,0,-4,-6,-72,-38,0,-2,3
84.275223,1,-4,-4,-10,-20,-28,-16,-17,3
84.282362,-6,-2,-4,-10,-6,-43,17,7,3
84.282368,-2,0,0,0,14,13,3,1,3
84.296401,-2,0,-2,1,-2,17,15,-7,3
84.296419,6,-2,-2,3,-9,-9,6,17,3
84.297949,11,4,2,2,42,-64,-9,5,3
84.297983,4,-3,-5,-20,-77,17,7,-7,3
84.319461,-20,0,4,26,93,62,15,-9,3
84.319465,-6,-1,0,-2,-3,-10,1,-12,3
84.320358,-8,2,-1,5,-15,14,-14,-5,3
84.320367,2,-1,-2,4,24,-8,50,10,3
84.341749,1,-2,-9,-25,-36,-115,6,-1,3
84.341775,-19,-7,-6,-6,-24,8,11,-15,3
84.343649,20,1,0,8,10,-20,-13,11,3
84.343658,-7,-1,0,3,15,-14,-10,7,3
84.357088,-6,-5,-2,32,-13,-6,8,-9,3
84.357114,-5,-1,-1,1,-7,107,-7,-2,3
84.358876,-2,2,3,5,4,-9,-1,2,3
84.358881,5,0,-2,-4,17,76,-13,-4,3
84.379048,-1,-2,-3,-13,-55,1,-2,9,3
84.379068,7,2,-1,-4,14,-63,-23,-11,3
84.380678,-6,-2,-3,-3,-15,10,-11,-12,3
84.380685,4,-3,1,-3,12,32,-2,4,3
84.401549,1,-1,-1,-13,6,-37,21,4,3
84.401568,3,-1,-2,15,-71,-22,-24,-5,3
84.404176,-2,-2,2,-1,-49,71,35,10,3
84.404181,10,-4,-4,2,22,-98,16,2,3
84.416397,2,3,6,4,-39,86,-13,8,3
84.416414,-4,0,-3,-14,-4,-29,-4,-7,3
84.418074,0,-2,-1,4,1,-74,7,4,3
84.418093,5,1,2,-15,13,38,-5,-5,3
84.439653,15,1,4,37,-20,-8,10,15,3
84.442290,-10,3,6,-7,80,9,31,-8,3
84.442296,-4,-3,-1,3,4,20,-37,-11,3
84.442298,-1,-1,-3,-7,23,39,-69,-4,3
84.461839,-6,-3,-7,-19,9,-89,-10,-19,3
84.461874,1,-5,-8,-43,-31,-26,-21,3,3
84.462973,-4,1,0,0,17,-27,5,-13,3
84.462991,2,1,1,16,-10,-57,-10,4,3
84.475884,-7,3,5,4,75,1,37,9,3
84.475891,-17,-7,-4,2,-13,0,-1,16,3
84.482518,6,-3,0,-11,-16,38,3,-37,3
84.482534,-4,0,-1,-8,-10,-35,-2,4,3
84.499135,1,2,2,3,1,22,6,0,3
84.499159,1,0,-1,2,-5,20,15,-6,3
84.501075,-2,-2,-2,2,19,-5,-4,7,3
84.501088,-9,0,0,-5,-37,2,14,8,3
84.521362,4,-2,-3,14,-6,-16,-53,-6,3
84.521400,-2,-1,-2,9,-2,27,10,0,3
84.522915,-19,-5,-4,-6,-24,-38,-21,3,3
84.522932,-4,-3,-4,-12,9,88,-34,-11,3
84.536245,-1,1,1,-23,-26,-8,9,-12,3
84.536250,10,-3,-2,7,-5,62,-4,14,3
84.542676,-1,0,0,2,-14,-48,40,-7,3
84.542694,0,-2,-5,-4,-36,-72,-30,17,3
84.558944,-2,1,0,-15,-2,27,9,-1,3
84.558961,7,3,4,15,-11,4,-19,-16,3
84.560683,4,-5,-5,-3,47,52,34,4,3
84.560716,-10,2,5,11,7,2,53,1,3
84.581443,8,-2,-4,-3,12,16,-22,14,3
84.581504,-5,-2,-1,-1,3,-20,-4,-22,3
84.583032,-3,2,-1,-4,-27,-10,-18,7,3
84.583051,-4,-1,1,9,2,-28,8,-2,3
84.597739,-11,-2,-1,1,-2,-26,-2,7,3
84.597746,2,-3,-5,-16,-12,-33,31,-16,3
84.602638,0,2,3,11,0,97,-22,8,3
84.602659,-1,-1,-2,5,59,117,17,2,3
84.618933,-2,-2,-2,13,27,51,-3,-13,3
84.618951,2,0,1,-3,7,-9,0,19,3
84.620383,-3,3,1,3,18,53,11,2,3
84.620392,6,0,-2,-7,-20,-63,-2,-3,3
84.641777,1,-4,-5,-7,-89,-37,14,4,3
84.643213,4,-2,0,5,60,10,-28,4,3
84.643219,8,-2,-1,-9,-15,3,7,8,3
84.643221,-3,0,2,5,17,-39,-16,-23,3
84.655822,-23,-1,-3,-10,-3,12,14,-26,3
84.655844,3,-4,-3,6,4,60,-8,11,3
84.662963,-14,1,0,-5,-14,-20,-8,4,3
84.662987,13,1,1,11,8,-6,5,4,3
84.679237,22,-5,-4,-18,21,24,41,-2,3
84.679336,-30,-4,-1,5,2,36,2,-6,3
84.680575,1,1,4,-9,8,-51,-16,0,3
84.680591,8,1,-1,0,-84,-78,6,0,3
84.701756,1,2,0,6,62,51,-13,7,3
84.701771,6,2,-4,-5,-20,-60,-7,-1,3
84.703451,1,-5,-6,-7,-18,-30,-3,8,3
84.703458,-11,-3,-1,3,-7,-21,-6,-4,3
84.715860,6,-1,2,-3,-19,-12,-5,-3,3
84.715882,-11,3,-2,-5,-3,-40,6,7,3
84.722644,0,-6,-3,-2,18,-31,8,-11,3
84.722667,-1,-1,-1,10,8,26,-11,-6,3
84.739025,-4,-1,-2,3,-2,5,-11,1,3
84.739041,20,3,2,2,-5,-26,-4,-2,3
84.740629,0,1,0,0,-5,81,35,7,3
84.740758,-11,-1,-3,-14,-31,-16,-17,-10,3
84.761832,3,1,-1,7,26,56,-3,19,3
84.761866,6,1,0,-9,-2,41,2,-9,3
84.763403,11,0,0,-2,-4,1,31,-2,3
84.763410,-7,-5,0,-3,24,29,-6,-4,3
84.775835,-18,-2,0,0,-8,-9,-7,-24,3
84.775854,15,0,-1,-3,-16,-12,6,32,3
84.782776,1,1,-2,7,-3,-81,-7,17,3
84.782810,-2,2,-2,1,13,97,-12,-22,3
84.800767,6,0,-1,-11,-24,-35,26,7,3
84.800772,-11,-6,-6,-12,-6,23,-1,-24,3
84.800775,8,-6,-6,-11,-96,-7,-43,-11,3
84.800776,-3,-1,0,10,104,-20,16,9,3
84.821408,-2,-1,-2,-2,10,33,-1,10,3
84.821430,-3,-1,-2,-6,-39,-44,-10,-11,3
84.824114,-2,5,6,13,9,75,-5,6,3
84.824130,-1,-1,-2,-5,-19,-7,17,10,3
84.835146,-1,-5,-3,-3,-11,-3,-13,-17,3
84.835165,3,-1,1,5,-5,-10,1,6,3
84.845532,-3,-2,-4,0,11,-14,15,-11,3
84.845541,-20,-9,-5,-6,-16,-29,-18,-10,3
84.866422,0,1,2,5,10,-19,-3,12,3
84.866437,6,3,3,5,0,-6,21,-3,3
84.868025,-7,-3,-2,6,22,-57,12,2,3
84.868049,1,4,1,-12,5,107,-38,-1,3
84.881410,-1,-3,-5,-5,-36,-58,-45,-7,3
84.881423,-3,-8,-6,-6,-87,-18,-24,-13,3
84.883018,0,-2,-1,-6,-8,57,19,1,3
84.883128,-1,-3,-2,-3,-22,-23,29,2,3
84.895524,2,2,0,-3,7,3,-23,2,3
84.895539,-4,3,3,9,13,-7,-2,7,3
84.904565,2,-2,-2,-3,15,-9,-16,-7,3
84.904569,-5,1,0,8,-4,-99,25,2,3
84.919039,10,0,0,-6,-44,43,17,8,3
84.919058,-9,4,4,-2,37,16,4,-6,3
84.920417,3,-1,-3,-6,-52,-73,-33,-1,3
84.920462,15,-2,1,22,99,56,-16,-3,3
84.943078,-3,-2,-3,-5,-27,-56,-17,-5,3
84.943098,-1,-3,-2,0,-7,2,-1,0,3
84.943104,-1,1,1,-7,14,-13,-30,1,3
84.943107,0,2,0,3,-41,-25,8,2,3
84.957773,-6,-2,-3,-2,21,11,12,2,3
84.957788,-20,-2,-2,6,31,12,-13,-2,3
84.965592,6,0,-2,-4,9,18,8,-6,3
84.965597,1,-1,1,-5,-5,42,-2,-24,3
84.979085,11,2,-1,1,0,28,52,40,3
84.979112,-4,-4,-3,-6,-3,-26,-73,-29,3
84.980771,-2,3,4,8,12,73,20,2,3
84.980775,9,3,1,-6,-24,-39,11,5,3
85.002039,-18,0,3,14,32,86,17,-12,3
85.002065,13,-2,-4,-11,-52,15,45,20,3
85.004448,-3,2,4,10,81,108,-3,-10,3
85.004456,2,-1,-3,3,35,23,-25,-3,3
85.015187,-3,-6,-7,-6,-15,-6,2,0,3
85.015203,3,1,-1,3,4,-9,10,-11,3
85.026152,3,-1,-4,2,-8,-44,-15,3,3
85.026163,-5,-2,-2,-12,-11,-4,0,1,3
85.046488,-6,0,0,-9,17,-24,2,-3,3
85.046505,12,1,1,11,30,18,13,-6,3
85.048011,7,-5,-6,0,-1,-44,-25,-3,3
85.048029,4,1,3,-8,-24,-39,9,16,3
85.061884,-4,4,4,4,10,-96,-21,-11,3
85.061905,12,-4,-1,-6,12,10,0,7,3
85.063127,-1,3,2,-2,-17,61,18,2,3
85.063132,-1,-2,-4,0,-78,-36,13,20,3
85.075286,0,-4,-2,-8,15,-15,-70,-13,3
85.075307,0,1,3,5,-7,-14,17,5,3
85.094068,-11,1,0,-6,-20,6,10,-9,3
85.094076,-12,-7,-5,2,50,3,-28,-5,3
85.098927,4,3,0,-2,-18,37,13,8,3
85.098943,-2,3,3,11,49,-16,-22,2,3
85.101793,-16,-3,-2,1,-16,-24,-14,-4,3
85.101797,0,0,-3,-14,-19,33,25,-1,3
85.129254,7,-3,0,26,-4,-10,-46,0,3
85.129295,-2,-2,-2,-2,8,-20,15,4,3
85.130538,16,-5,-5,-6,-4,-53,-13,2,3
85.130551,-27,-5,-6,-19,-46,-86,1,-12,3
85.135202,4,-3,-3,13,0,-18,34,6,3
85.135218,-7,2,3,-15,-77,34,-15,-3,3
85.144090,1,-3,-1,14,29,-40,-4,1,3
85.144113,2,0,-1,1,-3,51,28,14,3
85.159477,10,-3,-5,-12,-9,-73,-14,-1,3
85.159492,-35,-3,-3,-7,6,96,-13,-17,3
85.160503,-8,2,0,-3,-18,-36,-3,-5,3
85.160519,16,1,2,8,26,58,-9,3,3
85.181481,8,1,2,-7,52,126,14,-11,3
85.181497,-14,-3,-4,15,27,53,-1,10,3
85.184128,2,0,2,-9,-32,99,47,-18,3
85.184135,2,4,8,32,82,1,-46,2,3
85.195530,-3,1,-2,-5,19,11,47,-21,3
85.195549,0,-4,-1,1,-30,-24,30,4,3
85.204784,-1,-2,-2,8,68,7,-17,13,3
85.204788,10,-5,-9,-27,-42,-39,-1,-21,3
87.231184,103,91,48,14,0,2,7,22,0
87.231331,24,100,26,-8,-5,-10,-11,3,0
87.231333,-42,5,-10,2,1,-1,-6,-26,0
87.231335,10,21,6,-1,0,-3,1,6,0
87.244266,78,-55,-20,-8,-1,0,0,-7,0
87.244317,0,51,-1,4,0,2,0,5,0
87.247100,-4,-31,12,3,3,1,2,10,0
87.247145,-25,-106,-45,-8,-9,-5,-5,-7,0
87.266641,-26,20,34,4,1,1,1,4,0
87.266663,-5,-24,-2,-2,-1,1,2,-1,0
87.268169,-11,8,-4,-3,-2,-2,-2,-5,0
87.268187,1,-32,-8,-1,2,3,3,2,0
87.288885,-44,24,-13,-7,-5,-5,-5,-10,0
87.288907,-48,-81,-17,-2,-4,-1,0,-6,0
87.290738,114,116,4,7,5,1,4,6,0
87.290770,-24,-56,-18,-7,-3,-5,-5,8,0
87.303867,41,36,-2,-1,-2,-3,-7,-11,0
87.303890,-23,52,-9,-3,-2,-1,-1,-10,0
87.305314,35,45,-3,4,-1,1,2,6,0
87.305322,30,84,22,5,6,5,4,7,0
87.326476,-5,2,-7,-7,-4,-7,-5,7,0
87.326494,2,-63,-43,-11,-3,0,0,-9,0
87.328400,26,-8,7,-3,-3,-1,-2,-3,0
87.328428,17,13,13,4,4,1,2,5,0
87.349624,-22,-22,2,5,3,3,-3,-15,0
87.349673,24,23,17,1,1,-1,1,6,0
87.355150,-43,-15,-6,6,-3,-3,-2,0,0
87.355168,10,-26,-8,-10,0,-3,-2,-3,0
87.362965,-16,-26,-6,-2,4,-1,0,2,0
87.362981,-32,-84,-10,0,1,0,-3,-5,0
87.371403,-1,-7,-10,-6,2,3,1,1,0
87.371410,-6,26,-15,-3,-8,-4,-2,-2,0
87.386468,-40,-53,-5,-3,8,-1,-2,-6,0
87.386472,-25,-46,1,-3,10,0,0,-4,0
87.392652,-21,26,42,11,5,0,0,1,0
87.392676,38,32,13,4,2,1,-1,0,0
87.408966,2,-78,-11,-5,-7,-1,1,0,0
87.408987,14,73,17,5,3,1,0,0,0
87.410423,-59,-47,-11,-5,-2,0,0,-3,0
87.410466,-19,-11,-16,1,-2,-3,-3,-8,0
87.423679,60,13,12,2,6,3,3,1,0
87.423699,32,-42,-21,-5,-11,-5,-5,-4,0
87.430229,-94,-13,-13,-7,-4,-2,-2,0,0
87.430276,12,-14,-3,-4,-4,-3,-4,-6,0
87.446524,-8,-28,-1,1,-2,0,2,3,0
87.446543,2,102,29,8,2,2,3,2,0
87.448394,4,19,5,-2,-4,-1,-1,-2,0
87.448408,-25,60,-5,-3,-1,-4,-4,-7,0
87.469170,-24,-46,-10,-1,-3,-1,0,1,0
87.469217,6,84,19,0,-3,-1,-2,0,0
87.470512,33,-91,-13,0,1,1,-1,3,0
87.470529,-4,-61,3,4,1,1,-1,-4,0
87.483533,-31,-9,-5,-6,1,-5,-4,-7,0
87.483559,9,5,-19,-4,-12,-1,-2,0,0
87.491213,-2,-7,-6,-5,-3,-3,-1,0,0
87.491258,108,59,13,-2,2,2,0,2,0
87.506508,-101,-36,-10,-3,-4,-2,-4,-5,0
87.506537,-5,0,-6,1,5,-1,-1,-3,0
87.508435,27,44,-27,-6,-4,-2,0,3,0
87.508445,-27,-27,12,3,0,-1,-1,-2,0
87.529197,30,44,3,3,1,1,1,4,0
87.529228,-2,-10,-10,-5,-1,-1,2,-1,0
87.530487,-5,-8,2,-1,-1,-2,-2,-2,0
87.530505,-6,6,-4,0,-1,-2,1,3,0
87.543325,-20,-60,-14,-6,-6,1,0,-1,0
87.543348,57,-69,26,3,0,-2,-3,6,0
87.550265,7,-29,11,3,2,0,2,-1,0
87.550292,24,-79,-31,-8,-4,-2,-4,0,0
87.566440,-71,-36,38,5,2,0,1,0,0
87.566462,-65,-31,-19,-6,-3,-1,-3,-9,0
87.568046,49,-43,6,-3,0,-1,-4,-4,0
87.568051,7,10,1,1,-1,-1,-1,-2,0
87.589487,26,58,-8,0,-3,0,1,-1,0
87.589499,8,13,-7,-2,-1,-1,1,3,0
87.590688,-4,-6,-1,0,0,-1,-1,-2,0
87.590713,-39,54,14,0,4,2,1,-2,0
87.603237,41,-73,-20,-11,-14,-6,-5,2,0
87.603253,-18,-18,-15,-5,-3,0,1,-2,0
87.610261,57,67,9,-3,-2,-2,-1,-2,0
87.610292,-52,1,18,4,-1,-3,-2,1,0
87.628825,-8,61,9,3,4,1,0,-4,0
87.628835,23,6,-7,-1,-2,1,-1,1,0
87.628837,-10,-31,-15,-4,-5,-1,-1,0,0
87.628839,17,27,-4,-2,-3,-1,-1,0,0
87.648366,27,14,2,0,2,1,0,2,0
87.648388,-14,-18,-3,-3,-2,-3,-2,-1,0
87.649439,8,36,5,2,0,0,0,-3,0
87.649443,-11,-23,9,1,-1,0,-1,-1,0
87.662595,-3,13,-6,0,2,-1,-3,-3,0
87.662611,90,-18,-19,0,-1,-1,0,2,0
87.670410,-91,97,44,5,2,-3,-2,-1,0
87.670439,36,-77,-11,-1,1,-1,-4,-2,0
87.686155,9,18,-5,-3,-4,-3,-3,-6,0
87.686184,-29,-61,-15,-3,2,0,-1,-11,0
87.687845,23,15,16,3,0,2,2,6,0
87.687853,-9,-2,-5,-5,-5,-3,-2,-4,0
87.708471,11,50,5,3,9,0,-2,-2,0
87.708490,-25,-20,10,1,-6,-3,-1,-1,0
87.709912,8,-37,-19,-5,-1,-1,0,2,0
87.709917,-24,10,6,0,0,0,-1,-2,0
87.722721,29,-5,-5,-2,-1,-2,-1,-2,0
87.722738,-74,1,-1,0,1,0,0,0,0
87.730059,108,32,0,-2,-1,-2,0,8,0
87.730076,-100,11,2,1,-1,-1,-3,-14,0
87.745841,-32,-58,-11,-3,-1,-1,-3,-5,0
87.745861,16,59,12,-1,0,-2,-2,-2,0
87.746839,-20,-77,-16,-4,-4,-2,-2,-9,0
87.746882,15,5,0,-1,1,-1,0,0,0
87.768349,3,30,1,2,0,1,2,3,0
87.768365,9,45,19,5,1,0,-2,0,0
87.770499,2,-50,-19,-5,-3,0,-3,-1,0
87.770505,14,12,1,-1,1,-1,1,0,0
87.782817,-4,58,-3,-1,-3,1,0,-2,0
87.782834,17,-17,-1,-1,4,0,1,4,0
87.790676,-18,65,-3,-4,-2,-4,-3,-5,0
87.790732,37,-9,-12,-5,-3,-2,-1,0,0
87.805730,-72,-25,-37,-4,-3,-5,-4,-3,0
87.805752,-33,12,12,3,0,-1,-1,-4,0
87.807003,-19,24,3,4,3,1,1,-5,0
87.807021,7,-24,-1,-2,-1,0,2,5,0
87.828558,51,56,12,0,-3,1,0,3,0
87.828576,63,-10,-11,-1,-4,0,-1,5,0
87.829021,-120,-46,-10,-3,0,-3,-5,-11,0
87.829107,43,-6,0,0,-5,0,0,2,0
87.842669,64,-28,8,1,2,0,1,5,0
87.842702,-8,0,-4,-5,-1,-3,-5,-6,0
87.850394,4,14,2,-1,-2,0,-1,-1,0
87.850421,-1,-2,1,-3,1,0,-1,-1,0
87.865895,10,-6,-4,-1,-2,-2,0,0,0
87.865917,17,11,-2,0,0,-1,0,0,0
87.867652,30,26,-1,-2,-1,0,-1,3,0
87.867661,-23,31,-5,1,-2,-1,-3,-6,0
87.888172,13,3,2,-1,0,-2,-2,-2,0
87.888181,14,-40,-18,-4,-6,-2,-1,1,0
87.889017,-6,-29,15,-2,-2,1,1,-4,0
87.889088,14,-5,8,3,3,-1,-2,7,0
87.904121,-14,76,15,1,1,0,0,-2,0
87.904130,-36,-83,-16,-2,0,-1,-3,-5,0
87.910089,21,-37,-7,-1,-1,0,-1,0,0
87.910118,27,3,-7,-2,-3,-3,-1,-2,0
87.925886,-37,-26,11,3,2,1,-1,-1,0
87.925918,53,23,5,-3,-2,-3,-2,4,0
87.928196,-44,-9,-6,3,1,-1,0,-3,0
87.928207,-30,3,-21,-7,-2,-1,-3,-3,0
87.949666,-14,-5,9,2,-1,-3,-1,1,0
87.949671,-13,18,7,2,1,0,0,0,0
87.949672,21,-3,0,3,0,-3,-4,-6,0
87.949674,-8,18,7,-2,-3,-1,-2,-4,0
87.962606,10,-21,-6,-3,-2,-1,1,4,0
87.962629,-12,27,10,-1,0,-2,-3,-3,0
87.970452,22,-6,-15,-5,3,-2,-2,1,0
87.970473,96,104,23,0,-11,-2,-2,2,0
87.985767,-87,-58,-6,-3,-4,-4,-6,-12,0
87.985784,-10,9,8,0,2,0,-1,-2,0
87.987132,4,-5,-12,-2,-2,-3,0,1,0
87.987136,-3,1,6,2,2,0,0,0,0
88.008548,37,-11,2,-2,-2,0,2,4,0
88.008570,-9,4,-12,-4,-6,-4,-1,0,0
88.009710,-4,14,13,4,1,-1,1,-2,0
88.009716,-49,-19,-3,-2,0,-2,1,1,0
88.030732,58,-60,-13,-3,-4,-1,-2,2,0
88.030749,-70,-15,-3,0,1,0,-2,-8,0
88.031440,27,29,1,-5,-5,-1,-1,-1,0
88.031458,5,-34,20,2,-1,-1,-1,0,0
88.045783,-37,-55,-21,-1,-1,-3,-4,-6,0
88.045803,41,90,18,2,-1,1,2,3,0
88.046444,13,-57,-4,3,-1,0,-1,-3,0
88.046476,-103,-14,-3,-1,1,0,-1,-7,0
88.068485,34,39,6,-1,0,1,-2,2,0
88.068509,54,-27,-3,0,0,0,0,3,0
88.070525,-7,-20,3,0,1,2,1,6,0
88.070531,31,-15,-4,-4,0,-3,-5,-2,0
88.092093,-23,16,6,-3,-1,-2,-3,-4,0
88.092098,-1,-32,8,4,1,1,2,3,0
88.092100,-8,25,1,-3,-2,-1,-2,-6,0
88.092102,18,-19,-8,1,0,0,0,3,0
88.107461,18,16,-3,-4,-2,0,2,4,0
88.107490,-14,-1,-7,-1,-2,-1,-2,-3,0
88.107497,-10,4,1,-2,-2,-1,-1,3,0
88.107502,16,-25,-13,-5,-2,1,1,1,0
88.128406,-90,24,45,8,-2,-1,-1,-3,0
88.129753,35,30,2,1,-3,0,-1,-3,0
88.129758,31,-29,-9,-8,-1,0,0,4,0
88.129760,-57,-37,-9,0,-1,1,0,-4,0
88.150810,45,19,-10,-4,0,-1,0,2,0
88.150839,-22,-3,-1,-4,2,-1,0,-4,0
88.153443,-20,5,2,-1,-1,-4,-2,2,0
88.153447,41,8,-2,-1,0,1,-1,-1,0
88.165866,5,-1,-1,-1,1,-1,0,-2,0
88.165884,-9,3,0,-1,0,0,0,1,0
88.168030,-6,-18,-16,-4,-2,-1,-1,-2,0
88.168036,8,16,12,1,0,-2,1,2,0
88.188338,33,-23,-18,-3,-2,0,-2,-4,0
88.188361,-18,18,0,-4,-2,-1,-2,-4,0
88.188968,15,-36,-9,-3,-3,-2,-1,5,0
88.188982,-68,-24,-1,0,9,-1,-2,-10,0
88.211133,44,83,-3,-1,-5,0,0,3,0
88.212924,-28,20,7,-1,0,-2,-1,0,0
88.212932,-10,38,-3,6,2,2,-2,-5,0
88.212935,20,-31,3,4,2,1,3,6,0
88.225719,-14,-25,-9,-5,0,-2,-1,-1,0
88.225740,26,17,-7,7,10,0,-3,-8,0
88.226863,-30,-11,4,-7,-26,-3,-3,-6,0
88.226878,41,24,1,0,-2,0,-1,3,0
88.248818,-38,-2,-2,0,0,0,1,1,0
88.248826,-14,-63,-11,-6,-6,0,-1,5,0
88.248944,53,-20,-5,-2,5,-1,-2,-1,0
88.248998,-14,-30,-6,-1,-2,-4,-1,-3,0
88.271127,18,42,15,1,-3,0,-3,-2,0
88.271144,-3,27,14,1,-1,1,2,1,0
88.272448,-20,-16,0,-1,3,1,-1,0,0
88.272452,4,-9,-4,-4,-6,-2,-3,2,0
88.285961,10,6,-6,2,4,0,0,-2,0
88.286039,16,-27,-3,-2,1,-1,-2,0,0
88.287412,-6,15,8,1,-6,0,-1,-1,0
88.287416,12,-40,-37,-7,-6,-3,-2,-1,0
88.308372,18,34,33,14,9,3,0,-1,0
88.308395,-83,-63,-9,-4,-3,-1,-3,-4,0
88.310223,33,-7,-4,-4,0,-3,0,1,0
88.310247,-20,17,-2,1,0,-2,-2,-7,0
88.330731,8,-61,-16,-5,-5,-1,0,2,0
88.330747,-60,16,0,0,-2,-2,-1,-5,0
88.331538,21,-5,-2,1,5,-2,-1,2,0
88.331554,-38,48,7,-3,1,1,0,2,0
88.345804,32,-11,6,-1,-1,0,-1,0,0
88.345823,-2,21,10,3,0,0,-1,-1,0
88.347252,-22,32,2,-2,3,-1,-2,-8,0
88.347256,9,-25,1,-3,-1,1,0,3,0
88.368491,-32,-68,-11,-3,-3,-3,-1,1,0
88.368514,45,38,-5,-2,-3,-2,-1,-1,0
88.369937,14,13,4,2,-1,-2,1,2,0
88.369941,-8,9,6,1,-1,0,-2,-4,0
88.392722,12,1,-5,-2,1,-2,-1,1,0
88.392727,-6,-35,-6,-1,-3,-1,0,4,0
88.392729,-36,49,-5,-3,1,-1,-2,-5,0
88.392731,99,13,5,3,2,0,0,4,0
88.408422,-49,-12,-11,-5,-4,-2,-2,-5,0
88.408438,94,32,-9,-3,-3,-2,-1,3,0
88.408440,-71,2,24,7,0,-1,-3,-6,0
88.408442,-64,2,-1,-1,-5,0,-2,-4,0
88.428616,-16,-70,-12,-5,-4,-1,-1,-2,0
88.428639,12,28,-2,-1,-3,-2,1,2,0
88.430063,50,-19,-4,-4,0,-1,1,2,0
88.430068,-6,-10,0,-2,-1,-1,0,0,0
88.451301,16,-10,-7,-1,-2,-2,-2,0,0
88.451341,-41,0,1,-2,1,1,2,3,0
88.453621,16,-32,-5,-3,-1,-1,-2,-8,0
88.453630,65,44,14,2,0,-1,0,3,0
88.465972,-78,-11,-14,-6,-3,-3,-3,-7,0
88.465988,31,6,4,2,-1,-1,-1,0,0
88.468128,-10,14,-6,2,3,-1,0,-1,0
88.468133,-3,-48,-7,-4,-4,-2,-1,-4,0
88.488340,35,24,-3,1,1,-1,-3,2,0
88.488362,-27,-23,11,0,1,-1,-1,0,0
88.488819,10,-12,-22,-3,-3,-1,1,4,0
88.491381,-32,-62,-4,0,0,0,0,-3,0
88.510839,41,38,21,3,-3,0,-1,2,0
88.510870,57,3,5,0,-4,-3,-4,-3,0
88.512637,-78,-15,-7,-3,-1,0,-1,-7,0
88.512648,20,63,4,1,-1,0,-2,-1,0
88.525732,-3,0,1,-1,0,-1,1,1,0
88.525753,30,-18,-5,-1,-3,-1,-1,0,0
88.527569,25,39,13,3,1,0,0,4,0
88.527591,-47,-13,-3,-2,-1,-1,-1,-1,0
88.548198,57,-94,-30,-3,-2,-2,-3,4,0
88.548236,-25,72,7,-3,0,0,0,-1,0
88.548896,17,-1,-2,-2,-1,-1,-2,-2,0
88.548911,-39,-24,6,-2,1,0,-1,-3,0
88.570920,-3,60,-7,-5,-7,0,0,-3,0
88.570954,-4,-47,-10,-1,-1,-1,0,0,0
88.574044,-6,-14,3,-2,-1,-1,-1,1,0
88.574058,36,-52,-33,-6,-5,-2,0,1,0
88.585806,-13,31,23,6,5,2,1,-2,0
88.585822,-3,-56,-9,-5,-1,-3,-4,-4,0
88.587489,-26,34,38,6,2,1,3,2,0
88.587493,109,84,19,4,1,-1,0,7,0
88.609553,-106,-65,-3,-2,1,-1,-3,-9,0
88.609559,1,-46,-1,-3,0,-1,0,-2,0
88.609561,49,-39,-7,-1,0,-1,-2,4,0
88.609562,-109,11,0,0,-1,-1,0,-6,0
88.630765,100,49,9,0,3,-2,1,11,0
88.630789,26,-12,-6,-2,-1,-1,-2,-8,0
88.631695,19,-16,-6,-4,4,-2,-1,-1,0
88.632632,-74,6,2,-4,-22,-2,0,-2,0
88.645287,-11,29,0,3,3,2,0,2,0
88.645304,-39,1,-7,-1,1,0,-2,-4,0
88.653628,14,11,-7,-1,-3,-1,0,7,0
88.653649,-9,32,11,1,7,-2,-2,-9,0
88.669267,27,36,-8,-1,-1,-2,-1,0,0
88.669289,-11,-65,-3,-2,-4,0,-1,-1,0
88.671692,-11,-8,-23,-5,-2,-2,1,0,0
88.671699,15,5,15,5,6,0,-2,-1,0
88.691345,8,-54,-26,-5,-4,-3,0,0,0
88.691394,-16,66,30,0,0,-2,-3,-2,0
88.692035,-43,-37,-18,-1,0,-1,-3,-3,0
88.692068,17,-15,-9,-3,0,1,-1,-2,0
88.705041,-13,30,-11,-6,-6,-3,-2,-2,0
88.705063,32,-13,-1,1,0,1,2,7,0
88.713267,-18,-17,-9,-3,-4,-3,-1,-2,0
88.713283,-9,0,1,-2,-1,-1,-1,-1,0
88.728681,7,25,13,2,4,0,-2,-3,0
88.728713,-28,-19,-9,-5,-2,-3,-2,-3,0
88.729947,11,72,15,2,1,1,1,-2,0
88.729952,30,-35,-10,1,5,-3,0,4,0
88.750888,20,9,-2,-5,-3,-2,-2,-2,0
88.750906,7,22,0,1,-3,-2,0,3,0
88.751501,-21,-37,-13,-3,-3,0,-2,-3,0
88.751567,35,20,9,0,0,-2,-1,0,0
88.765045,-16,80,6,-3,-3,0,0,-3,0
88.765070,27,-26,2,5,2,1,-1,-2,0
88.773726,-16,-25,4,-3,1,1,-1,0,0
88.773748,-10,28,-2,-2,-1,-1,-1,1,0
88.788368,-13,-1,-4,1,0,-3,-1,-2,0
88.788400,-1,-5,-9,-2,1,-1,-2,-2,0
88.790840,-4,-42,2,1,-1,-1,0,-2,0
88.790855,-28,4,3,2,2,-1,-1,-1,0
88.813179,15,-72,-19,-5,-4,1,1,7,0
88.813188,6,103,5,-3,-5,-3,-1,-2,0
88.813190,16,-42,8,0,-1,-1,-2,-3,0
88.813192,2,-27,-15,-3,-4,0,0,1,0
88.825166,-27,-10,0,0,0,-2,-3,-6,0
88.825188,41,8,-4,0,-1,0,0,2,0
88.840832,2,-7,-3,-1,-2,-1,0,-1,0
88.840851,-21,-1,0,0,-1,-1,-2,-4,0
88.848238,32,-16,-6,-2,0,0,-1,4,0
88.848255,-54,12,14,-1,0,-1,-1,-2,0
88.849085,11,38,-2,1,0,-4,-5,-5,0
88.849229,-9,4,17,3,2,0,-1,-1,0
88.870922,-62,-10,13,4,1,1,0,-4,0
88.870947,-32,-36,-12,-2,-2,-1,-2,-5,0
88.872044,12,29,-5,0,-3,-2,1,0,0
88.872053,29,-81,-11,-5,-4,-4,-3,0,0
88.884993,16,8,-4,0,0,-2,-1,2,0
88.885009,23,70,16,5,3,3,4,2,0
88.893597,-74,-26,-6,-5,-1,-3,-5,-7,0
88.895657,-17,3,-11,-3,-2,-2,-1,-3,0
88.908363,-2,5,15,2,-1,0,0,-1,0
88.908387,-20,-38,-17,-5,0,0,-2,-3,0
88.909041,36,27,11,2,2,1,1,1,0
88.909060,5,19,0,-1,1,-1,0,-1,0
88.930869,-17,-3,-5,-3,-3,-4,-3,-7,0
88.930887,5,-39,-4,0,0,-1,-1,1,0
88.932365,8,14,2,0,1,1,-1,1,0
88.932373,19,-14,-13,-7,-7,-3,0,4,0
88.945455,2,8,3,-2,-4,-2,-4,-4,0
88.945472,-76,-59,-5,0,-3,-3,0,-2,0
88.961266,-14,-30,27,1,1,-3,-2,-7,0
88.961311,52,64,0,1,3,0,-3,-5,0
88.968180,19,12,1,-4,-2,-1,1,0,0
88.968196,11,-6,-2,0,-2,1,0,-1,0
88.969138,7,1,-9,-2,-4,-2,0,2,0
88.969143,-2,-6,-6,-2,-1,0,0,2,0
88.990943,-6,-17,6,2,2,-1,-2,-1,0
88.990964,8,31,-9,-5,-2,-2,-2,-4,0
88.993582,41,-18,-3,2,1,1,0,4,0
88.993590,24,-45,-10,-3,-3,-1,-3,1,0
89.005262,-44,-53,-2,-3,-1,0,-1,-1,0
89.005286,84,97,20,10,5,0,-1,-1,0
89.013296,-79,-29,3,-5,-3,-1,-1,-12,0
89.013318,36,0,6,1,2,-2,1,-4,0
89.029945,-8,-17,-3,1,-2,0,0,-1,0
89.029953,29,-2,-8,-6,-5,-2,-1,4,0
89.029955,46,25,-4,1,-1,0,0,6,0
89.029956,-45,-1,2,-2,1,-1,-4,-6,0
89.051150,-3,15,3,2,2,1,0,-1,0
89.053478,21,-70,-14,-2,6,-1,-2,0,0
89.053483,-22,16,-3,4,-2,-1,-1,3,0
89.053485,-52,-17,0,0,-1,-2,-1,-8,0
89.074039,-4,18,2,2,1,-2,0,-3,0
89.074060,-26,-16,-5,-1,1,1,-1,-3,0
89.076723,21,28,2,-2,-1,0,1,3,0
89.076730,10,-5,-4,-5,-2,-1,0,5,0
89.088480,14,43,4,2,0,0,-2,0,0
89.088504,-37,-95,-36,-6,-5,-5,-5,-2,0
89.091221,23,93,22,3,2,0,2,1,0
89.091240,16,79,22,5,-1,2,-1,-1,0
89.110951,-63,-16,-1,-3,-2,-2,0,-8,0
89.110985,-21,27,5,-2,-2,0,0,1,0
89.111891,24,-32,-10,-5,-3,0,-1,-1,0
89.111918,72,18,-12,-3,2,-3,-2,0,0
89.133918,-17,-33,8,0,-2,-3,-4,-3,0
89.133934,12,3,-3,-1,-1,0,0,3,0
89.135480,-18,-17,6,-3,-3,-1,-2,-2,0
89.135487,-6,26,1,2,1,0,1,0,0
89.148377,24,-45,-9,-2,-4,-1,0,3,0
89.148393,1,15,6,3,0,-1,-3,-3,0
89.149635,16,2,-12,-5,-2,-2,-2,2,0
89.149644,-31,-29,-10,2,-2,-1,-2,-2,0
89.171395,30,47,8,-1,-2,0,-2,-4,0
89.171404,-22,-31,-30,-4,-3,-2,-2,-4,0
89.171408,2,-53,5,-2,-1,-2,-1,1,0
89.171412,-55,-52,6,4,2,1,1,-3,0
89.194420,61,24,0,-2,0,0,1,2,0
89.194454,32,32,3,-2,-1,0,1,-2,0
89.196946,-18,5,-23,-2,0,-1,-2,-4,0
89.196954,35,-13,-7,-8,-4,-2,1,5,0
89.208492,27,18,0,2,3,0,-1,3,0
89.208516,-12,-49,5,-1,-2,-2,-1,-1,0
89.209990,21,9,-2,-2,-2,-3,1,-4,0
89.209997,-31,-8,4,0,0,0,0,-1,0
89.230740,18,8,-7,-3,-1,-2,-1,-3,0
89.230757,6,43,21,0,0,-1,-1,-1,0
89.233126,-11,-7,-13,-2,-2,0,-4,-2,0
89.233135,-10,41,4,1,-2,-2,-1,0,0
89.253888,1,9,-10,-2,-3,-2,-5,-2,0
89.253903,-20,-4,27,7,4,2,2,1,0
89.254713,-15,0,-7,-3,-2,-2,-4,-3,0
89.254795,3,-45,-7,-2,-1,0,1,2,0
89.268337,-11,43,9,-4,-2,-2,-2,-3,0
89.268353,-58,14,-5,-4,-2,-1,-3,-10,0
89.268875,23,10,5,5,2,1,1,2,0
89.268891,-18,-6,-5,0,-1,-1,-1,-1,0
89.291199,-6,-29,-3,0,-1,-1,1,4,0
89.291227,91,51,-2,-1,-1,-2,1,5,0
89.292767,-99,-21,2,-5,-3,-2,-3,-7,0
89.292776,1,-7,0,3,0,-2,-2,-2,0
89.313939,-5,-6,-6,-2,-1,0,0,1,0
89.313950,13,9,8,1,-3,1,-1,0,0
89.314592,20,-14,-2,0,1,0,1,2,0
89.314604,13,6,-14,-4,-2,-2,-2,0,0
89.330301,6,-47,-5,-1,-2,-1,-1,0,0
89.330310,-24,-30,0,0,2,-2,-2,0,0
89.330312,5,75,2,3,2,0,-1,0,0
89.330314,9,-82,9,-6,-1,-1,-1,0,0
89.350934,-19,-21,-2,3,2,-1,-1,-4,0
89.350958,5,55,-12,-2,-2,-2,-1,1,0
89.353343,41,-87,1,-2,-3,-1,0,2,0
89.353349,-76,34,-3,-2,-2,-2,-2,-7,0
89.376138,-10,-1,5,-2,-1,1,0,-2,0
89.376143,-7,-17,-4,-2,-3,0,-2,-5,0
89.376145,58,39,-2,0,-1,2,2,7,0
89.376147,14,-6,-8,-2,-3,-1,-3,-5,0
89.388414,-10,-7,-2,2,0,0,1,-1,0
89.388442,-9,-10,5,-1,-2,-2,-3,-3,0
89.391380,18,-65,-3,-1,-2,-2,-2,-2,0
89.391394,20,50,10,1,-1,-1,0,3,0
89.411188,17,53,8,3,2,0,-2,-2,0
89.411215,-29,-37,-6,-2,-2,-2,0,-2,0
89.412328,10,-22,0,-1,0,-1,0,0,0
89.412337,34,32,-2,-1,-2,-2,-2,3,0
89.434081,-20,-21,-9,-3,-3,-2,-1,-4,0
89.435733,10,40,20,2,-1,-1,1,4,0
89.435738,-8,-2,2,0,0,0,-2,-6,0
89.435740,-3,5,4,0,1,0,-1,-1,0
89.448394,28,4,-11,-5,-2,-1,-2,4,0
89.448411,27,-14,6,-4,-2,0,-1,1,0
89.449614,-23,6,0,-1,-1,-2,0,-6,0
89.449623,-2,-1,5,1,1,1,-1,-1,0
89.471203,-4,-22,1,-1,-1,-1,-1,4,0
89.471309,-2,-44,-14,-4,-2,-1,-2,-7,0
89.471381,1,67,5,0,-1,-1,-1,-1,0
89.471389,-17,-18,-3,0,-2,-1,-1,1,0
89.494355,-6,4,-5,1,-1,1,0,-1,0
89.494404,30,37,7,-1,-1,-3,-1,3,0
89.496737,-46,-29,-8,-3,-4,-1,-2,-2,0
89.496743,2,39,-14,1,0,-1,1,2,0
89.508582,-11,1,15,1,-1,0,2,1,0
89.508601,-10,22,-3,1,-1,-1,-1,-5,0
89.510378,-6,-19,-10,-1,-1,-1,0,-1,0
89.510385,22,-3,8,-1,-1,-2,0,2,0
89.530781,75,43,23,-1,-1,-1,-1,1,0
89.530799,-101,-36,-13,0,0,0,-3,-6,0
89.531407,1,-9,-8,-3,-1,-2,-3,-2,0
89.531418,-7,-36,-6,-2,-1,-1,0,-1,0
89.554510,-2,2,-5,2,1,0,0,-3,0
89.554540,26,-12,0,-1,1,-1,0,1,0
89.555668,1,-11,2,-1,0,-1,-1,-1,0
89.555672,-15,49,3,0,0,0,1,-3,0
89.568486,10,-26,-6,-4,-3,-2,-1,-2,0
89.568507,-11,-19,-12,-1,-1,-1,-1,1,0
89.570770,-31,33,14,4,1,0,-2,0,0
89.570774,51,16,3,-4,0,-3,-1,-2,0
89.590873,-35,-60,-10,-2,0,-3,-1,-4,0
89.590902,8,-56,-17,-4,-3,-1,1,1,0
89.591606,-11,27,5,-1,0,0,0,1,0
89.591626,-37,8,17,2,-2,-2,-3,-7,0
89.614132,-31,8,4,6,3,0,-2,-1,0
89.614149,11,-1,-6,-2,-1,-2,-2,-3,0
89.615494,48,19,-2,-4,-3,-1,1,0,0
89.615499,18,-40,-9,-1,-1,0,0,-2,0
89.628519,-65,-11,-8,-7,-4,-3,-5,-6,0
89.628545,26,72,6,-2,-1,-2,-1,-2,0
89.629714,-5,-26,1,1,0,-1,-2,-4,0
89.629721,-30,3,-11,-4,-1,-1,-4,-5,0
89.650811,12,12,10,4,4,0,1,1,0
89.650847,22,-14,-1,0,-1,0,-1,6,0
89.651496,0,0,-2,-2,-4,-1,-1,-2,0
89.651574,-22,-13,-14,-3,-2,0,-2,0,0
89.674784,16,-77,-18,-6,-2,-1,1,3,0
89.674812,52,32,23,4,1,-1,0,2,0
89.676575,-70,-7,-7,-3,-1,-2,-3,-9,0
89.676581,9,-23,2,1,0,-2,-1,-2,0
89.688066,17,42,1,0,-1,0,0,1,0
89.688096,2,-14,-8,-4,-1,-1,1,2,0
89.695755,33,17,9,0,-1,-1,0,4,0
89.695772,-1,-13,-17,-4,-2,-1,-1,-4,0
89.711022,-23,20,23,5,1,0,1,0,0
89.711048,-51,-22,-11,-3,-2,0,-2,-6,0
89.711722,27,-5,-5,1,1,-2,0,1,0
89.711736,-6,16,-3,-2,-1,0,1,5,0
89.734159,8,11,2,-3,0,-2,-4,-5,0
89.734181,-34,-7,2,0,0,-1,0,-3,0
89.735294,50,10,-6,1,1,-1,0,5,0
89.735299,13,-10,7,0,-2,-2,-3,-4,0
89.747635,19,-16,-35,-7,-3,-2,1,8,0
89.747653,-14,3,12,-3,-4,-1,-5,-18,0
89.759089,-14,12,-3,-2,-1,-1,-3,-7,0
89.759157,11,-49,-20,-4,-2,-3,0,-1,0
89.774144,-9,59,21,3,1,1,-2,-2,0
89.774153,38,-1,-16,-4,-3,-1,-1,7,0
89.774155,-2,36,3,3,0,-1,0,2,0
89.774158,-46,-82,-1,-1,-1,-2,-2,-4,0
89.794363,36,11,-1,-2,-3,-3,0,-1,0
89.794408,-7,-40,-8,-2,1,0,1,3,0
89.795620,5,-16,8,1,0,0,-2,-1,0
89.795625,-2,42,5,0,-1,-2,-1,1,0
89.807698,-6,-1,-13,-2,-2,-1,0,-3,0
89.807795,-1,0,10,2,1,1,0,1,0
89.815947,-17,23,-13,-4,-1,-1,-1,-2,0
89.815970,-16,-40,-1,-1,-1,0,-1,1,0
89.830761,2,-12,-12,-5,-4,-2,-2,-2,0
89.830778,4,22,7,-1,0,-1,0,-2,0
89.831761,-31,-16,5,1,-2,-1,0,-1,0
89.831770,14,60,10,4,2,-1,-1,0,0
89.853841,3,-25,1,-4,-3,-2,-2,-1,0
89.853859,-29,15,0,2,1,0,0,3,0
89.854608,39,-10,-1,-2,-4,-2,-2,1,0
89.854627,15,51,-1,-2,0,1,-1,2,0
89.867809,-14,12,-9,1,-1,-1,-2,-4,0
89.867826,-13,-77,-6,-5,-2,-3,0,-1,0
89.875926,-18,11,4,-4,0,0,0,-3,0
89.875957,81,-15,-7,0,-2,-1,-3,-1,0
89.891176,-77,4,0,-3,-1,-1,-4,-7,0
89.891202,3,-22,-6,-1,-2,-1,0,2,0
89.892718,19,-5,-4,-4,-3,-1,0,4,0
89.892723,-9,20,8,2,0,-3,-3,-6,0
89.913980,38,-11,12,0,0,-2,0,4,0
89.913995,-22,30,-9,-2,-1,-3,-3,-5,0
89.914643,3,-30,0,-1,-1,-2,0,1,0
89.914682,-1,6,4,-2,-3,0,0,1,0
89.927923,-4,-5,9,1,-2,-2,-1,0,0
89.927952,3,14,9,3,0,-1,0,-1,0
89.935961,6,-18,-5,0,-2,-2,-1,-4,0
89.935983,-5,2,-7,-4,-2,-1,1,1,0
89.951533,-4,-21,-14,-7,-3,0,-1,-1,0
89.951549,47,34,24,7,1,-1,-1,4,0
89.953669,-43,-37,-15,-6,-2,-2,-4,-8,0
89.953674,-15,22,7,4,4,2,0,0,0
89.975379,8,-30,1,-2,-2,-1,-2,0,0
89.975387,-16,20,0,2,0,0,-2,-5,0
89.975389,20,30,0,1,1,0,0,4,0
89.975391,-29,-42,-9,-5,-2,-2,-2,-4,0
89.987717,-5,16,-11,-5,-1,-1,0,0,0
89.989927,2,-24,7,1,-1,0,1,1,0
89.995829,7,31,16,5,4,2,0,0,0
89.995854,-26,-64,-11,-3,-2,-2,0,-2,0
90.020031,9,-12,-24,-3,-1,0,0,-1,0
90.020036,29,22,5,-4,-2,-2,-1,0,0
90.020037,-41,-52,-6,-2,1,-1,0,0,0
90.020039,29,40,8,0,-2,-3,-1,0,0
90.036896,-16,-69,-4,2,2,0,-1,-4,0
90.036902,-45,0,-15,-3,-2,-2,-3,-1,0
90.036904,6,38,12,0,-3,-1,-2,-1,0
90.036906,-5,-14,0,0,-1,1,1,1,0
90.057064,3,18,5,-4,-3,-3,-2,-1,0
90.059069,-2,-15,-1,4,4,0,-2,-2,0
90.059076,0,18,3,-1,-2,-2,1,-1,0
90.059078,2,-13,6,1,-1,-1,0,1,0
90.071135,10,53,-3,-4,-3,-1,-1,1,0
90.071152,-16,61,9,0,-3,1,-2,-4,0
90.071345,22,7,0,-1,-1,2,-2,0,0
90.071363,10,-42,-8,0,0,0,-2,-1,0
90.094178,-6,93,33,6,2,-1,-2,-3,0
90.094197,1,31,-10,-5,-1,-2,1,0,0
90.096317,10,-4,-16,0,-1,-1,1,-1,0
90.096323,66,20,3,-2,-5,-1,-3,0,0
90.116458,-49,-34,0,0,-1,-1,2,-1,0
90.116473,8,-18,-7,-1,-1,1,-1,-1,0
90.116942,31,-12,5,-1,-1,-2,0,-2,0
90.116970,-27,17,-1,-2,-1,-1,-1,2,0
90.130753,11,-43,-15,0,1,-2,-2,-4,0
90.130779,12,14,14,-1,0,-2,-1,-1,0
90.131556,-16,-15,-5,-1,-1,-1,-2,-2,0
90.131567,-13,-7,-6,-2,0,-1,-1,-3,0
90.153830,21,73,11,7,3,1,0,2,0
90.153852,-18,-32,-25,-5,-3,-1,-1,1,0
90.154665,9,-31,24,1,0,0,-2,-2,0
90.154670,-6,25,3,0,-1,1,-1,-3,0
90.176451,-14,-98,-25,-6,-2,-1,-1,0,0
90.176475,15,-23,10,1,-1,0,-1,-2,0
90.177100,6,49,-5,-1,0,0,0,2,0
90.177112,2,13,2,1,-1,-2,-1,-2,0
90.191891,-47,-33,6,2,0,1,1,-1,0
90.191904,17,6,-4,-4,-2,-2,-1,1,0
90.191906,-17,-74,-18,-6,-3,-2,-2,0,0
90.191908,-31,-17,-3,0,2,1,0,-1,0
90.213960,45,33,11,0,-1,-1,-2,1,0
90.213976,-15,-9,13,-1,-2,-3,-2,-4,0
90.215057,-8,60,-1,-3,-2,0,0,2,0
90.215061,16,-12,-4,-2,-3,-2,-4,-1,0
92.239435,-23,2,-2,1,50,-28,-39,-82,3
92.240213,24,2,0,-45,-60,-85,52,15,3
92.242405,-2,3,1,12,-27,28,16,-2,3
92.242423,36,3,2,9,80,53,8,13,3
92.262094,-90,-12,-6,2,28,-10,5,-22,3
92.262109,25,5,4,-10,6,120,39,10,3
92.263014,6,-2,-3,-17,20,-10,-25,-33,3
92.263097,10,2,6,56,-15,71,6,-20,3
92.278199,20,-2,-3,-30,-46,-105,-41,-22,3
92.278204,26,-8,-8,13,-10,-17,-42,84,3
92.282642,-14,-2,-3,-25,12,-56,-4,-20,3
92.282659,18,5,5,8,69,-20,6,-6,3
92.298950,-10,0,-2,-26,-27,32,-23,-25,3
92.298968,1,4,0,15,79,9,15,43,3
92.300505,0,-9,-9,-15,11,15,-40,-13,3
92.300553,-2,1,6,2,-57,19,-7,78,3
92.321363,-11,8,0,-3,-24,17,-6,-25,3
92.321386,11,4,-1,-12,14,-37,16,-21,3
92.323008,-6,-2,1,5,-20,40,23,25,3
92.323213,23,0,-6,5,4,-59,-1,-19,3
92.336376,-37,-3,-2,-19,-5,2,-9,31,3
92.336408,-6,0,3,10,-8,16,-4,-52,3
92.342689,-16,3,1,-6,0,10,-1,10,3
92.342714,15,-7,-3,5,-30,-39,-6,10,3
92.359014,7,-5,-4,-4,1,-7,-16,-18,3
92.359058,10,6,-4,-12,-22,-28,1,-19,3
92.360839,-21,-2,9,17,-3,-58,-4,-44,3
92.360870,8,-1,-1,-5,13,-12,25,-4,3
92.381422,14,-1,2,-3,-32,10,-3,16,3
92.381441,6,1,-1,5,59,-54,-8,-12,3
92.382925,5,3,1,4,-11,12,14,37,3
92.382953,-26,-3,-3,6,44,1,-2,-13,3
92.395572,11,-3,-1,-8,-40,-36,-28,0,3
92.395612,-9,-1,0,17,62,3,36,-15,3
92.404510,15,2,1,-9,22,101,-9,14,3
92.404515,3,-4,0,26,-44,-128,-23,-36,3
92.419020,-49,-4,-4,-4,-11,21,3,6,3
92.419045,10,0,1,-6,-23,10,4,1,3
92.420349,2,-1,-5,2,-9,0,4,8,3
92.420369,-7,-1,-1,-12,0,21,4,-7,3
92.441621,15,2,-1,-1,12,6,3,24,3
92.441648,-2,-3,10,6,-42,-7,-14,-19,3
92.443518,-1,-4,-4,-11,5,0,1,-3,3
92.443530,-21,-1,1,-4,-13,-7,4,23,3
92.455175,25,0,-3,-5,6,-37,-7,-18,3
92.455197,-15,-4,-6,-9,15,50,-15,-3,3
92.464320,-3,-2,-1,4,-8,3,9,-41,3
92.464327,-6,0,-2,-6,3,-28,8,7,3
92.480760,0,-2,-3,1,11,-4,11,-19,3
92.480767,20,-3,-3,-3,-29,-21,1,-5,3
92.480770,-13,0,0,7,4,99,17,33,3
92.480772,-18,-3,-3,4,68,-4,5,-43,3
92.501911,22,3,3,-4,-38,95,19,6,3
92.501942,-8,11,3,1,-9,5,3,29,3
92.504882,-10,-5,-4,-6,8,-32,-17,-63,3
92.504887,-24,-16,-6,-11,-24,-20,0,-26,3
92.515648,32,2,-2,-12,-42,-6,-6,30,3
92.515670,3,-6,-5,-7,8,-52,1,20,3
92.526358,6,3,2,-3,-24,-39,28,-6,3
92.526369,25,6,-2,-3,-18,25,-9,38,3
92.539106,-23,-9,-4,-2,18,-6,-7,0,3
92.539129,-3,2,-1,-3,-23,-1,-9,-43,3
92.542310,13,5,0,3,13,21,-5,63,3
92.542318,2,2,-1,-10,-28,-30,-1,-2,3
92.561754,17,-5,-1,4,44,-8,28,8,3
92.561791,-5,5,0,-2,-18,10,14,5,3
92.562877,12,-6,2,-11,-3,69,-15,0,3
92.562893,-15,1,4,18,21,2,-11,-13,3
92.575127,-17,-3,-1,5,25,3,-13,3,3
92.575186,-8,0,1,3,-31,14,-3,0,3
92.600170,-3,-4,-3,-2,32,-39,0,-15,3
92.600201,6,10,0,-8,-10,82,19,24,3
92.602165,-23,4,4,0,2,-70,-33,-25,3
92.602174,61,-6,-4,-4,-15,42,-6,-77,3
92.602179,-13,-2,1,5,-1,-70,17,31,3
92.602183,-2,-4,-7,-12,-19,-68,-41,-51,3
92.621310,-9,-6,-3,8,17,71,8,-27,3
92.621326,-16,-3,-1,-5,-8,9,-10,22,3
92.622962,16,8,1,-3,-18,-68,46,1,3
92.623010,7,-5,-1,7,39,95,42,73,3
92.644262,-27,-2,-2,-2,6,-111,-36,-27,3
92.644289,-15,-7,0,6,3,24,-10,-19,3
92.645687,5,0,0,15,-5,11,-7,17,3
92.645698,5,4,2,-13,-16,-20,8,44,3
92.658963,19,1,-2,-8,-4,-10,-9,7,3
92.658984,-21,-3,2,6,13,-10,10,-18,3
92.660893,12,2,-2,-13,-2,18,-18,39,3
92.660924,0,1,0,-3,29,-30,-7,-9,3
92.681477,13,11,5,7,7,33,-3,5,3
92.681491,-16,-9,-4,0,-17,-9,41,33,3
92.682932,-5,-3,-2,-4,-22,6,-18,-70,3
92.682947,0,0,-2,-1,-2,-15,-15,-28,3
92.697366,24,-3,-4,4,-11,29,20,11,3
92.697372,-15,0,-2,-7,-38,-13,-13,19,3
92.705890,-1,-2,-4,0,-33,-83,-31,-1,3
92.705897,-15,-8,2,11,65,64,-11,-29,3
92.718883,-30,1,0,-10,-10,47,28,-19,3
92.718905,31,3,-3,-1,0,9,-10,3,3
92.720453,-10,-5,-3,-1,-13,17,-11,43,3
92.720462,7,7,1,1,-23,-23,-14,-26,3
92.741462,-8,-1,-1,0,-13,-6,-15,-38,3
92.741483,0,-2,-2,-2,29,-20,-18,57,3
92.743361,-23,0,-2,-10,-40,105,6,-83,3
92.743403,11,5,-1,0,-11,-33,34,34,3
92.755261,37,-8,-3,-11,-53,-81,-32,13,3
92.755283,-88,-5,-1,11,5,81,-8,35,3
92.765130,-5,1,0,1,13,-31,-11,-3,3
92.765181,-8,-5,-3,-6,-33,-14,-2,-31,3
92.779020,0,1,-2,-6,5,-21,9,11,3
92.779037,38,5,0,-4,2,4,-22,-11,3
92.780664,3,-1,-2,-1,1,-20,-5,-10,3
92.780669,-18,-3,-6,-8,-10,3,-6,30,3
92.801810,1,3,2,-2,-51,-8,0,23,3
92.801830,14,4,-2,-2,109,63,30,13,3
92.803131,-34,-7,5,18,-15,91,27,4,3
92.803135,38,-12,0,3,-11,-85,-31,18,3
92.815270,16,-5,-8,-6,2,88,-18,-52,3
92.815978,-53,-4,-1,-8,-11,-46,1,-23,3
92.826323,7,3,-2,-4,22,-36,-4,25,3
92.826331,-6,5,0,1,3,33,4,-17,3
92.839057,4,2,2,2,15,-6,9,43,3
92.839065,21,2,1,0,-21,-28,-6,-27,3
92.840675,7,-1,-2,-1,33,1,-4,2,3
92.840704,-17,-2,0,-4,-27,-3,-5,-10,3
92.861858,-10,-4,-1,3,30,9,5,12,3
92.863183,11,-1,0,0,-15,-10,1,-16,3
92.863189,8,0,-2,1,0,-10,-8,6,3
92.863191,3,5,1,-4,16,9,-2,-5,3
92.884668,-21,-1,1,1,-40,-9,1,-16,3
92.884681,8,-3,-2,1,33,-5,-1,-1,3
92.885547,8,-4,-5,-5,1,-74,-1,-20,3
92.885560,-7,-1,-2,-2,-8,-51,-12,53,3
92.898877,-4,1,-2,3,61,119,18,-32,3
92.898892,12,0,0,-5,-28,-48,-13,-12,3
92.900485,-3,-4,-3,-13,-79,-35,18,21,3
92.900504,-6,3,0,6,51,-54,-9,-16,3
92.921784,1,4,2,-9,-25,-56,-27,2,3
92.921807,45,-8,-3,23,-73,-101,1,55,3
92.924244,-83,-14,-4,-3,38,112,7,-46,3
92.924257,6,-3,-3,-7,-36,33,10,-9,3
92.945552,7,-6,-6,-5,1,-10,-24,17,3
92.945561,-7,-4,0,-2,70,29,-1,-104,3
92.945757,31,3,-2,-3,-7,10,10,-12,3
92.945822,-5,1,4,6,-4,11,16,67,3
92.960944,-8,0,0,3,-6,-10,21,44,3
92.960956,8,5,2,-2,57,2,-4,-29,3
92.960959,14,-2,0,4,23,-71,-2,22,3
92.960961,-15,2,-3,-9,16,114,-7,-19,3
92.981379,-12,1,5,8,50,-41,8,-18,3
92.981395,23,3,3,3,-69,41,-6,49,3
92.982920,-1,-1,-1,-2,42,-43,-20,9,3
92.982935,-7,-13,-7,-3,-12,65,-15,-42,3
93.003908,6,2,-1,-3,-46,-20,25,52,3
93.003923,-9,1,-3,-19,22,-37,-8,-24,3
93.005396,11,4,4,22,-12,9,-19,9,3
93.005430,6,0,1,-1,-24,-14,19,12,3
93.018676,15,-2,-2,-1,59,-12,-5,-42,3
93.018710,-29,0,-2,-10,36,89,-25,-11,3
93.025209,36,7,3,-26,-13,-61,30,48,3
93.025237,-3,4,2,21,88,91,95,-46,3
93.041831,-17,-1,4,11,-40,14,17,13,3
93.041849,10,0,3,-1,-36,59,-26,19,3
93.043087,-2,-9,-8,-9,-12,11,25,-3,3
93.043116,-10,6,8,20,16,66,54,38,3
93.071751,9,-5,-5,0,29,-54,-21,-90,3
93.071775,17,2,1,-5,-13,-11,35,-26,3
93.073107,-5,-9,-7,-7,-9,14,-18,55,3
93.073206,2,0,4,-3,-3,-23,-32,34,3
93.078444,4,-3,-3,3,23,9,-15,60,3
93.078473,-29,-2,-2,0,-36,-30,-3,-42,3
93.085087,10,2,-1,9,-45,9,15,-9,3
93.086310,-11,-1,-1,4,72,65,0,-14,3
93.101417,-6,4,-2,-13,-25,-53,-11,-1,3
93.101452,-11,0,-1,5,-5,-77,-4,14,3
93.102982,25,-1,0,-11,-3,-66,-53,-5,3
93.102997,-42,-8,-6,-14,-46,-74,-33,-35,3
93.124258,-35,-2,2,2,4,65,1,12,3
93.125886,10,0,-2,-4,-30,68,27,-4,3
93.125894,26,7,3,10,44,-7,-4,-2,3
93.125896,-17,-8,-5,-20,-80,-95,-16,-21,3
93.138201,10,1,4,10,28,-64,-28,-11,3
93.138224,-1,3,0,1,-5,-14,31,64,3
93.145364,-21,-4,0,10,-25,71,-49,-15,3
93.145384,22,6,0,-8,-72,-5,7,-33,3
93.162735,-5,-9,-9,-12,-26,0,-1,36,3
93.162745,0,-3,-2,-2,13,57,8,-16,3
93.162965,-19,-1,-2,-7,55,22,9,-26,3
93.162990,66,3,4,20,20,-128,-51,43,3
93.184055,-60,-7,-5,-4,-25,51,9,-40,3
93.184077,5,-2,-5,-5,-7,67,33,17,3
93.185639,-17,-2,2,7,90,-61,-21,-5,3
93.185646,17,0,-5,-7,48,127,44,-7,3
93.198419,9,6,6,3,5,47,37,17,3
93.198436,-14,2,0,3,26,-41,-57,16,3
93.205334,11,-1,-5,-11,-34,127,6,19,3
93.205410,-34,-5,-5,0,5,-85,-41,-46,3
93.221788,47,3,1,-2,-11,52,36,11,3
93.221821,-23,-6,0,0,23,7,-7,-56,3
93.224096,8,7,4,1,-11,115,22,12,3
93.224109,-2,-1,0,-4,-8,-9,-7,24,3
93.244388,9,-5,-4,2,-19,-21,-21,-10,3
93.244502,7,0,0,-7,36,27,-12,-19,3
93.245533,12,1,-2,-2,10,-69,-21,2,3
93.245553,-48,-8,-3,-2,1,-93,-24,-46,3
93.258423,-11,-7,-3,-4,-8,-59,-6,-8,3
93.258444,7,1,-1,0,-16,-5,12,20,3
93.265204,13,6,3,5,-32,-19,19,10,3
93.265265,24,0,-4,-5,42,-30,-2,22,3
93.281530,-19,1,2,-2,-2,63,2,-45,3
93.281549,3,-2,-3,-6,11,41,29,65,3
93.283004,29,-2,-4,4,-3,-10,8,83,3
93.283012,-56,-13,-2,-2,-112,67,11,-65,3
93.303890,-3,1,-1,-2,20,-6,-11,-23,3
93.303908,-4,-10,-7,-8,38,-49,-22,-33,3
93.305310,-15,5,4,12,1,9,15,33,3
93.305326,15,4,-1,-8,-1,-3,-5,12,3
93.319110,28,2,0,2,29,54,10,-10,3
93.319116,-1,5,4,8,-14,69,40,42,3
93.325200,-10,-7,-4,-9,62,-113,-63,-66,3
93.325226,1,8,3,7,39,96,45,5,3
93.341477,45,-9,-5,-4,-54,-26,-2,56,3
93.341502,25,0,-2,8,-48,36,-53,9,3
93.343128,-33,7,2,-1,50,16,47,-5,3
93.343133,-7,-6,-6,-13,64,-16,-42,-35,3
93.364941,-5,3,1,8,54,-10,16,37,3
93.364946,-1,-3,-1,2,68,-97,2,85,3
93.365413,-8,-2,-1,-1,-28,19,-1,-25,3
93.365426,15,5,0,-3,-16,22,1,-22,3
93.378011,10,3,0,-2,12,-5,8,42,3
93.378036,-4,-5,-4,-3,-41,-56,-8,-37,3
93.388055,-12,-2,-1,-2,-20,-22,1,-47,3
93.388061,5,5,1,-1,-21,-60,30,53,3
93.401566,-7,-6,-7,-8,-18,-10,-25,-40,3
93.401589,-11,-6,0,3,-15,27,-14,-41,3
93.403812,-7,6,4,8,21,45,17,50,3
93.403819,56,-3,1,4,-2,81,-25,29,3
93.424103,-64,-1,-3,-5,-5,-3,-8,-105,3
93.424134,12,1,-2,-8,5,-39,-7,17,3
93.426293,13,-4,1,11,-37,43,19,37,3
93.426298,-6,2,3,-1,-1,33,-5,-47,3
93.437553,17,2,-2,0,14,-53,-43,117,3
93.437576,20,1,2,2,-53,28,1,45,3
93.447362,-15,10,4,-9,10,77,38,-28,3
93.447372,-17,-16,-7,-2,-24,-85,-55,8,3
93.461559,0,4,3,5,-17,37,40,7,3
93.461588,-18,-1,1,-2,-20,-39,-27,-48,3
93.463152,14,-10,-10,-9,-15,-39,10,5,3
93.463197,2,4,2,5,46,28,4,54,3
93.484116,-23,-2,-1,-7,7,28,18,-19,3
93.484138,19,0,-2,0,11,-6,-17,-9,3
93.485680,-23,-4,-1,-4,-68,-37,-16,-41,3
93.485686,0,-2,-6,-6,-30,-5,12,17,3
93.497546,-5,1,-1,0,-30,39,-8,55,3
93.497563,-13,4,1,5,12,82,33,-40,3
93.507337,4,-7,-1,-4,-48,-44,-28,-66,3
93.507350,-51,-2,-3,-4,-29,-22,10,30,3
93.522685,14,-5,-7,-16,-33,-23,-61,-6,3
93.522692,-17,-6,-7,-5,-3,65,30,12,3
93.522839,5,-1,-1,-1,-4,-77,18,66,3
93.522846,23,5,3,5,14,38,-10,-20,3
93.544312,6,-2,2,12,113,74,14,-44,3
93.544336,-24,1,1,4,-62,35,-37,14,3
93.545798,17,-7,-4,1,-23,28,-3,-30,3
93.545888,17,4,0,-1,2,-4,14,-2,3
93.557641,-51,-7,-5,-10,-84,-88,-21,19,3
93.557673,8,7,0,1,59,-109,-17,-22,3
93.568022,-21,-7,1,-1,26,36,-21,34,3
93.568031,-10,-4,-3,0,-27,61,-1,-29,3
93.581645,61,7,3,4,5,-25,-6,15,3
93.581661,-38,-6,-5,-4,16,67,55,39,3
93.583647,5,-3,-3,2,-6,-8,-19,3,3
93.583653,-4,-2,-2,-6,8,-82,-21,37,3
93.603816,43,2,1,-3,32,-18,-1,-79,3
93.603832,16,-1,-1,-2,31,-50,12,-28,3
93.605300,2,6,4,1,38,83,9,39,3
93.605317,19,-1,-1,-3,-72,-42,18,-25,3
93.617706,-19,7,8,13,114,57,24,62,3
93.617733,15,-1,0,7,-39,-90,-3,-33,3
93.627117,-18,-3,-7,-7,-5,-20,-16,-47,3
93.627127,3,-8,-3,-1,7,-39,-2,21,3
93.641708,-14,1,2,2,-25,-28,0,3,3
93.641729,1,2,0,-6,-18,1,-5,-25,3
93.643184,22,-1,-2,1,4,-5,20,18,3
93.643191,6,7,-1,-1,41,1,6,24,3
93.663936,5,-8,-5,-4,-36,46,-19,-20,3
93.663952,-30,-1,-4,-10,-32,-36,-18,7,3
93.665442,-5,-1,-3,-5,5,-3,3,4,3
93.665455,14,-3,-1,-2,4,16,-24,-8,3
93.678131,-40,-3,-2,-2,4,-65,26,-6,3
93.678183,30,2,-1,-5,-27,46,-22,4,3
93.686800,13,0,0,1,16,-6,4,57,3
93.686805,-20,-1,-1,-1,7,28,20,-14,3
93.701535,33,2,0,0,4,16,7,-2,3
93.701553,-4,-2,0,-1,-2,16,-5,15,3
93.703525,-21,2,0,-1,8,50,-1,-49,3
93.703532,18,2,-1,0,-13,18,15,58,3
93.724002,-10,-4,3,-3,-35,58,3,-29,3
93.724025,17,-2,-3,0,87,-71,-13,6,3
93.725438,-24,-1,-1,2,2,22,36,61,3
93.725455,-63,-2,-1,-3,42,-30,-19,-15,3
93.737720,-1,-4,-6,-12,-93,-50,-19,-43,3
93.740672,-4,-3,1,1,31,46,17,9,3
93.747090,-9,-2,-3,-2,13,9,-18,-114,3
93.747095,20,1,-2,0,3,-4,7,32,3
93.761669,-9,-1,-4,-4,-7,5,7,34,3
93.761698,-3,-2,0,1,-25,33,16,-2,3
93.763276,14,3,-1,-5,-9,17,-20,-11,3
93.763372,-2,2,-4,-4,-26,-51,4,-38,3
93.784200,0,-2,0,5,16,66,17,-10,3
93.786411,7,0,-1,1,-9,-39,1,9,3
93.786418,-5,1,1,1,19,-4,-10,0,3
93.786421,3,3,2,4,2,8,-3,-4,3
93.807056,5,-3,-3,-2,-37,-28,-4,57,3
93.807082,-14,-1,2,4,25,-24,-8,-53,3
93.809633,7,0,-5,-11,-107,65,2,10,3
93.809645,-4,-3,3,4,36,21,18,-34,3
93.821672,-40,-3,0,4,-21,-70,-1,11,3
93.821694,7,0,-3,-5,-63,70,-26,24,3
93.822890,-19,-4,0,0,-1,-69,-11,5,3
93.822926,19,-1,-2,-1,-19,13,-18,-14,3
93.844527,6,4,-1,-4,67,28,7,-24,3
93.844566,-3,0,0,2,17,-10,18,20,3
93.846002,10,3,-1,-1,4,-100,-44,25,3
93.846008,15,0,0,-3,41,7,3,18,3
93.866504,4,2,1,6,64,48,-34,-33,3
93.866547,-9,-7,-1,2,49,1,17,0,3
93.867833,4,-2,2,3,20,-15,-4,-24,3
93.867855,3,2,-2,-5,23,24,-23,38,3
93.881401,5,-3,-2,0,-35,44,22,9,3
93.881412,-6,-3,-4,-4,-23,11,-4,-25,3
93.882919,-4,1,0,3,29,28,3,11,3
93.882932,-1,-3,0,0,-31,15,9,-25,3
93.911992,5,4,1,2,3,-77,5,15,3
93.912005,7,-3,-3,0,-10,-55,-1,16,3
93.912959,-13,-4,-4,-3,17,-36,-4,-30,3
93.912978,-55,-5,0,2,-73,76,3,-37,3
93.927010,27,-2,-4,-4,10,-57,-3,49,3
93.927016,-34,-4,-1,-4,-17,-19,10,15,3
93.928276,13,2,0,-6,19,22,12,-15,3
93.928320,9,-2,0,2,-5,-22,3,11,3
93.941266,-13,-2,-1,-2,-18,-8,-3,-3,3
93.941291,1,4,4,8,58,81,21,-11,3
93.947592,9,-1,-1,4,31,73,10,15,3
93.947611,-9,-4,-4,-1,-3,28,-5,-10,3
93.963992,11,2,1,0,-3,-71,2,11,3
93.964010,40,1,-4,-5,-8,78,9,1,3
93.966000,-13,1,0,1,7,6,9,-30,3
93.966005,9,0,1,0,6,-13,-8,1,3
93.986836,-17,-8,-4,-1,-30,-46,-10,-19,3
93.986866,0,2,3,11,87,-35,-13,18,3
93.990105,61,-1,0,1,-23,-8,-7,-12,3
93.990117,-48,-6,-4,-4,-11,-54,7,23,3
94.009030,21,6,-3,-8,31,10,-12,-11,3
94.009054,-6,-3,-4,-7,-20,34,-10,-5,3
94.010902,7,-4,-1,-1,0,-39,7,14,3
94.010938,16,3,-1,-1,-15,-12,-23,10,3
94.023951,-10,-3,-1,-2,14,62,-28,-30,3
94.023976,3,-2,-4,-7,-28,-10,-41,1,3
94.025475,-38,-4,-1,-3,-31,-29,-8,1,3
94.025497,5,-6,0,0,26,29,16,-7,3
94.046609,-4,-2,1,-1,-26,73,-7,0,3
94.046633,-11,3,2,-4,-33,15,13,22,3
94.048000,-14,5,3,-1,-15,-6,-10,2,3
94.048011,15,-5,-5,-4,-9,-24,1,-18,3
94.061224,10,4,0,0,-3,-3,12,21,3
94.061284,6,-3,-6,-5,-9,-12,0,-16,3
94.067678,14,-6,-3,7,75,42,10,28,3
94.067694,-68,-6,1,-1,-13,14,-4,-23,3
94.083939,4,3,3,2,11,17,17,26,3
94.083982,12,5,1,-6,5,-64,-4,-44,3
94.085476,-13,-9,-4,0,-9,30,4,35,3
94.085491,29,-3,-2,-2,1,-13,-10,-46,3
94.106953,-28,-5,-1,-2,3,6,-4,-9,3
94.106975,-15,-3,-2,0,-8,56,-15,-26,3
94.109537,8,2,1,-1,-4,50,16,-5,3
94.109551,1,1,-1,-3,-30,64,-10,-37,3
94.120696,-19,-2,0,1,2,-22,-11,-21,3
94.120718,7,1,3,-8,-36,-30,17,13,3
94.127914,-4,4,3,5,59,29,3,-7,3
94.127947,14,3,-1,0,-2,-50,-18,29,3
94.145649,27,2,-1,-3,-6,11,20,-46,3
94.145657,-5,-7,-2,-2,-17,-31,-29,-17,3
94.145659,-37,-8,-3,-4,-30,-34,-9,-4,3
94.145662,10,3,1,-5,28,-15,7,34,3
94.166403,6,4,-1,-2,-59,-21,1,1,3
94.166425,2,-2,2,11,67,-53,-3,8,3
94.169259,4,0,0,-3,-12,-29,-6,-16,3
94.169267,19,2,-2,1,5,51,16,10,3
94.181347,-11,-4,0,3,-2,-7,16,20,3
94.181369,-3,0,0,0,-14,61,-9,-35,3
94.187597,-14,-1,-1,-3,-42,-35,-19,-10,3
94.187622,8,-1,-2,1,62,-88,-2,4,3
94.204221,26,-5,1,0,7,80,27,27,3
94.204243,-74,-4,-3,-3,-40,82,-12,-18,3
94.205503,5,0,-1,0,7,-19,3,-7,3
94.205511,-5,-2,2,4,-34,10,-2,17,3
94.234086,7,1,-3,-2,21,-49,12,-39,3
94.234109,22,-1,-1,-7,72,-19,7,35,3
94.235661,18,3,1,2,5,-22,-10,0,3
94.235674,6,5,1,-3,-1,26,29,18,3
94.241073,-14,-9,-6,-5,2,92,15,-10,3
94.241108,-58,-7,0,-1,-34,-86,-3,43,3
94.247524,-5,0,-3,-5,-17,-3,-29,-90,3
94.247542,20,0,0,0,5,6,11,53,3
94.263918,1,1,0,1,-15,-11,-14,8,3
94.264861,-2,5,2,5,-18,21,10,-15,3
94.265482,0,-4,-1,0,6,9,19,25,3
94.265543,-4,1,-3,-3,-18,-8,-46,-15,3
94.286621,31,-1,0,-3,-2,17,-37,-4,3
94.286643,-34,-5,-5,-5,-41,-52,9,15,3
94.287861,25,-5,-3,-5,-44,27,17,-2,3
94.287877,11,-3,-3,-1,64,-29,18,-12,3
94.300627,-30,-3,1,4,16,-11,-30,-8,3
94.300632,38,2,0,3,6,-10,18,39,3
94.310845,-3,-1,0,-4,2,-2,-5,-7,3
94.310860,-2,0,-2,-4,-20,66,0,-7,3
94.324403,-16,-3,-1,-1,0,-41,7,10,3
94.324441,19,4,3,5,4,-20,4,-13,3
94.326184,-8,1,-2,-1,-4,-5,-1,37,3
94.326189,1,-1,-1,-2,5,12,3,-19,3
94.346463,-2,1,2,5,-45,-102,6,18,3
94.347811,5,-8,-6,-6,-1,4,-17,-17,3
94.347915,18,3,-3,-7,0,28,21,17,3
94.347921,-7,-8,-3,-4,-66,-60,-12,-14,3
94.360485,-39,0,-1,2,85,65,26,-7,3
94.360523,30,7,-1,-1,-10,5,-16,6,3
94.369197,9,0,1,0,-11,6,-28,-8,3
94.371684,6,-1,3,1,-8,-22,-3,-16,3
94.384068,-3,-5,-3,-4,-16,-10,3,-36,3
94.384093,9,1,-2,-7,3,-4,-1,-3,3
94.385413,-44,-10,-5,4,86,-32,-8,4,3
94.385429,5,1,2,0,-61,43,7,-23,3
94.407207,25,3,3,2,18,34,-20,-5,3
94.407247,-4,0,0,-1,10,19,28,-14,3
94.408756,18,6,1,0,-20,-17,4,32,3
94.408766,-19,-5,-2,0,-6,-20,-17,-14,3
94.420035,3,6,1,2,14,-40,-1,0,3
94.420058,12,-1,-7,-9,-7,85,26,38,3
94.429076,-1,-9,0,4,-20,-61,16,22,3
94.429103,10,6,-1,0,21,69,-9,-8,3
94.444008,-48,-10,-7,-6,5,26,-26,72,3
94.444028,8,-5,0,1,-7,-30,-9,-50,3
94.445959,16,4,1,-1,11,2,5,-2,3
94.445986,5,-1,0,-1,15,-2,16,9,3
94.466402,19,5,-2,-5,-23,-18,-9,1,3
94.466419,6,3,5,8,-7,-22,-10,12,3
94.468092,-9,-1,-3,-1,-16,54,10,40,3
94.468097,-11,-2,-2,-1,-8,-95,1,-26,3
94.480063,1,4,2,0,-7,11,-18,-9,3
94.480081,28,-3,-5,-5,0,-11,-2,16,3
94.489187,2,8,3,4,46,49,-9,-49,3
94.489200,0,-5,-3,-4,54,7,-13,42,3
94.505022,-19,-14,-5,-7,-93,22,30,-11,3
94.505027,-30,-6,-2,0,-18,-44,6,-13,3
94.505332,4,-2,-2,-5,8,-59,-55,20,3
94.505340,4,-1,0,2,-6,-12,0,-1,3
94.526684,30,5,-1,-4,-3,9,9,-3,3
94.526715,-8,-1,0,-1,-7,-34,-11,-3,3
94.528640,-13,-3,-4,-4,-20,4,-7,20,3
94.528645,-6,-2,0,-1,-12,-15,-6,-32,3
94.540462,17,0,-2,-4,18,-103,-19,20,3
94.540491,-10,1,-1,1,-10,67,30,9,3
94.550101,-9,-8,-3,-4,-11,-1,1,-60,3
94.550106,-1,-1,-3,-6,-27,-5,13,25,3
94.564525,-39,-5,0,13,-20,15,-6,-12,3
94.564547,28,7,4,7,89,-52,-41,-26,3
94.566294,-14,0,0,-3,-42,59,5,20,3
94.566298,10,-5,-7,-7,-8,-28,4,24,3
94.586429,2,-1,-2,-2,8,-37,16,-38,3
94.586445,4,-1,0,1,-9,-17,-11,2,3
94.587890,-1,0,-3,0,-9,-29,25,11,3
94.587894,16,8,2,5,16,111,21,22,3
94.600201,1,-2,-1,-3,14,-48,-4,-19,3
94.600228,-4,1,3,1,-2,2,-8,9,3
94.610061,17,-5,-6,-8,-6,-7,-10,-32,3
94.610070,-16,0,-1,6,-6,69,21,34,3
94.624096,23,1,-1,-1,45,24,-10,-21,3
94.624128,-62,-9,-3,-4,-17,13,26,-8,3
94.625950,-9,-3,-3,-10,-31,-60,-31,-6,3
94.625955,-5,1,0,2,30,4,-14,-39,3
94.646488,-3,-8,-3,1,12,67,-9,42,3
94.646508,10,4,1,-1,-34,-74,-16,11,3
94.647901,22,4,0,2,24,24,-11,12,3
94.647916,4,-3,1,3,10,-32,22,-28,3
94.660089,-2,2,2,-1,13,-48,-14,-2,3
94.660109,12,-11,-8,-3,-9,-47,-11,4,3
94.670682,-23,-3,-3,-6,-98,54,15,2,3
94.670688,8,5,3,-1,11,5,-14,9,3
94.684442,1,-5,0,1,-17,32,24,-9,3
94.684459,5,4,-2,0,2,-14,1,-15,3
94.685833,-4,-4,1,2,10,-4,-1,-26,3
94.685839,-33,-3,1,1,-9,-49,-26,-23,3
94.706417,11,1,-4,-8,-11,43,22,16,3
94.706470,-8,4,0,-2,14,32,1,23,3
94.708066,1,-3,3,2,-45,33,-4,-18,3
94.708084,-4,0,0,-5,30,-23,-3,19,3
94.721433,-1,3,1,4,-31,-33,-5,27,3
94.721438,18,5,1,0,41,47,22,-3,3
94.729709,-7,-9,-8,-7,6,18,-2,-10,3
94.729714,-23,-9,-5,-3,-32,-49,-6,-79,3
94.744416,43,9,3,-1,-10,-12,13,43,3
94.744435,-64,-10,-5,1,6,43,4,-6,3
94.746254,-12,-1,-1,2,17,-43,14,9,3
94.746261,1,1,2,2,-10,34,-13,2,3
94.768278,-7,3,-1,1,37,-13,-9,-38,3
94.768285,57,4,1,-2,-27,-2,5,11,3
94.768288,5,6,3,4,42,2,4,16,3
94.768334,-20,-6,-5,-3,-18,38,-2,114,3
94.789400,-5,-4,3,2,66,2,2,-29,3
94.789456,23,-3,-6,-11,-91,64,10,0,3
94.791932,-14,-2,-1,0,15,54,13,-3,3
94.791938,20,2,4,2,-9,36,3,35,3
94.804368,-20,-4,-6,-6,-12,-43,-17,-34,3
94.804384,-4,-3,-2,-3,-4,-33,-9,-8,3
94.812461,-1,8,2,2,19,-34,13,-15,3
94.812466,-9,-10,-4,-1,0,-6,9,-1,3
94.826467,3,3,-2,-2,-12,-3,0,5,3
94.826493,-12,0,1,1,15,48,-6,-46,3
94.828512,4,1,2,2,0,-45,21,18,3
94.828520,5,2,1,3,22,-45,-40,-24,3
94.848985,8,-1,-1,2,2,19,-11,-8,3
94.849002,-36,5,-2,-1,9,23,-4,31,3
94.850396,-55,-8,0,3,46,50,8,-30,3
94.850412,6,-3,-2,-7,-41,20,-20,-21,3
94.863865,-13,-1,-3,3,43,-8,9,3,3
94.863877,19,2,3,4,41,36,-13,-2,3
94.865412,24,7,2,0,-2,36,9,3,3
94.865427,-18,-2,-3,-4,-5,-12,-13,-1,3
94.886486,-3,0,-2,-3,-19,42,-32,-14,3
94.886505,16,-1,0,2,15,-38,-4,29,3
94.887885,31,0,1,3,-1,-22,-14,25,3
94.887894,-1,-7,-4,-2,-1,-42,6,0,3
94.909645,1,6,2,0,-1,23,5,15,3
94.909657,-16,-9,-5,-3,-17,-94,-23,-17,3
94.910696,-9,-5,1,-1,-12,7,2,7,3
94.910733,8,5,0,-1,10,-7,17,1,3
94.926376,-6,-5,-2,-5,-26,4,2,-10,3
94.926384,-13,-1,0,-3,5,-5,2,-17,3
94.930224,42,4,-1,3,-48,13,-14,12,3
94.930243,27,5,2,4,69,16,10,-25,3
94.946556,-26,-3,-2,0,-7,14,11,10,3
94.947807,7,-1,-1,0,-6,6,-1,3,3
94.947936,17,3,-2,0,22,-92,-18,-1,3
94.947943,-5,-2,-3,-4,-21,14,7,-9,3
94.971044,0,-6,-2,-2,-15,15,11,-10,3
94.971053,6,3,-2,-3,-10,-3,-11,-44,3
94.971058,-10,-4,0,4,65,11,4,43,3
94.971062,-3,2,-2,-3,-31,-10,-1,-17,3
94.983755,-10,-2,-4,0,-2,-27,15,18,3
94.983785,75,9,2,-4,50,-2,3,-8,3
94.990576,-41,-10,-2,-2,16,-6,-25,-12,3
94.990608,-37,-5,-1,-2,-1,-2,6,7,3
95.007024,1,-4,-2,-1,14,26,-3,19,3
95.007059,-4,-6,1,3,-13,6,20,-20,3
95.008198,28,7,-2,-7,-17,61,-18,10,3
95.008228,-6,4,3,6,18,-7,11,-11,3
95.029054,3,-4,-3,-4,-13,-11,-18,-34,3
95.029077,-4,-5,-5,-5,-32,46,7,14,3
95.030478,74,6,-1,0,-2,-48,15,3,3
95.030534,-79,-10,-1,-2,-24,17,0,-4,3
95.043437,14,0,0,3,68,12,-10,14,3
95.043475,-22,-2,1,4,-8,-20,3,4,3
95.050378,3,-4,-5,-5,-25,0,11,7,3
95.051698,45,9,1,2,5,-1,-7,-23,3
95.066476,1,4,0,-6,-27,-32,3,42,3
95.066516,-47,-7,0,2,19,54,-1,5,3
95.067861,-20,-3,-1,-2,-6,-5,4,-14,3
95.067916,21,3,1,0,-12,-8,2,16,3
95.089219,10,8,0,-2,-7,13,6,-35,3
95.089245,11,0,3,6,-3,-18,-3,45,3
95.091447,-1,1,-4,-7,-34,8,-9,-29,3
95.091455,28,-2,-1,-2,-1,-38,-13,-5,3
95.103278,-14,-5,-2,-8,-110,1,-4,13,3
95.103295,67,-1,-2,-2,18,-7,2,-2,3
95.118230,-73,-6,-2,0,-9,-19,-5,-44,3
95.118253,32,0,-3,-3,21,6,-3,13,3
95.126439,-15,0,-2,3,-39,52,2,-5,3
95.126454,-5,-4,-2,-5,-29,-53,-10,-14,3
95.128379,23,2,0,2,19,-24,17,36,3
95.128422,-4,-7,-5,-8,47,40,-8,-19,3
95.149100,-4,-2,-1,0,18,-16,9,-36,3
95.149116,-34,-3,-2,-1,0,-24,-37,-10,3
95.151001,5,-1,-1,-1,4,7,7,-20,3
95.151011,-25,-4,-4,-2,-8,2,3,46,3
95.163836,39,2,0,2,21,-1,-8,-34,3
95.163857,-4,3,2,1,0,3,9,6,3
95.170376,2,2,-2,-7,-61,-2,-3,47,3
95.170393,38,-2,-2,3,18,-19,-30,-83,3
95.186936,-24,-13,-4,-3,17,36,-7,10,3
95.186966,-1,1,-1,2,3,13,8,-24,3
95.188975,7,2,1,1,11,-10,-6,-13,3
95.188979,13,2,-2,-6,-20,6,10,47,3
95.209017,3,10,5,9,-8,8,-4,-3,3
95.209044,-19,-10,-5,-5,6,-26,-15,-18,3
95.210781,2,3,-1,0,7,0,-7,-31,3
95.210794,-20,-14,-6,-1,-39,11,3,13,3
95.223411,-8,0,-1,0,22,-19,-3,31,3
95.223516,-15,4,1,-2,-13,0,13,15,3
95.229998,-4,-2,-2,1,7,-6,11,7,3
95.230015,-5,6,1,1,-5,-51,-20,-4,3
97.247527,-21,-2,-2,-1,-1,0,0,-1,0
97.247720,-11,-11,-2,-1,1,-1,-1,-1,0
97.256987,-3,108,23,3,0,-2,-2,-2,0
97.257004,12,-64,-2,-2,-1,-1,1,1,0
97.270912,-19,5,-8,-1,-2,-1,-1,-1,0
97.270935,-11,-17,2,1,-3,0,0,-1,0
97.273215,1,-18,0,-2,-2,-1,-1,-1,0
97.273298,-19,-16,-6,1,1,0,-1,0,0
97.294164,20,11,3,-1,-1,-1,-1,-2,0
97.294194,-21,-50,-22,-2,0,-1,-1,-2,0
97.294755,27,-55,-7,-4,-4,-2,-1,4,0
97.294770,-30,-81,17,8,6,2,1,-1,0
97.307868,24,77,-4,-1,0,0,0,-2,0
97.307894,27,-9,-9,-5,-3,-3,-3,-3,0
97.315960,-56,-18,-7,-3,-1,-1,-2,-3,0
97.315986,38,5,-11,-5,-4,-3,-2,-1,0
97.339098,-45,-35,-1,0,-1,-1,0,-3,0
97.339114,-8,22,14,2,0,1,0,0,0
97.339907,21,33,6,1,1,1,1,2,0
97.339938,9,-4,-10,-4,-2,-5,-1,-2,0
97.353848,-2,-5,7,3,4,1,-1,-3,0
97.353869,-10,11,0,-2,-3,-1,-3,-2,0
97.354683,0,-80,-27,-3,-1,-1,0,1,0
97.354699,-23,93,11,2,2,0,1,1,0
97.367826,14,19,-7,-3,-4,-4,-2,-3,0
97.367832,15,-54,-10,0,0,0,0,18,0
97.376201,7,63,17,2,-1,-1,-2,-16,0
97.376254,33,-53,-16,-4,-1,-2,-2,-1,0
97.391376,1,-15,-6,-4,-5,-3,-1,-1,0
97.391422,-5,-24,-8,-5,-4,-2,-1,-7,0
97.393323,4,24,2,1,2,-1,0,11,0
97.393329,-8,-18,-5,-2,-2,-1,-1,2,0
97.413832,5,-15,12,-1,0,0,-2,-5,0
97.413845,3,10,9,3,3,-2,0,8,0
97.414508,-15,-24,-8,-5,-2,0,-1,-3,0
97.414517,0,-13,-8,0,-2,-1,-3,-7,0
97.430089,23,-7,13,1,0,0,-1,3,0
97.430099,-20,-69,-12,-3,-1,-1,-1,-3,0
97.436020,-9,-24,-2,-3,-3,-3,-2,0,0
97.436036,9,31,-4,2,0,-2,0,-4,0
97.450796,11,10,0,-1,-2,-1,0,2,0
97.450812,2,34,8,3,0,-1,-2,-8,0
97.452996,-16,-62,-17,-7,-3,-3,-2,-4,0
97.453003,-4,19,9,0,-1,-1,1,6,0
97.475972,-17,-51,-12,-3,-1,0,-2,-2,0
97.475978,-27,44,4,0,0,1,1,-4,0
97.475980,10,30,6,3,0,0,0,1,0
97.475982,18,-1,-1,-1,-2,-2,-3,0,0
97.487786,1,18,2,-1,0,-2,-1,0,0
97.487858,10,-10,-8,-2,-2,-1,0,-4,0
97.495867,15,-47,3,0,-2,1,-1,1,0
97.495885,-73,8,27,0,-1,0,-1,-6,0
97.511282,56,-26,-14,-4,-2,-2,-2,1,0
97.511329,-33,-58,5,-2,-1,-1,0,1,0
97.511608,5,102,-5,0,1,-1,0,-1,0
97.511661,14,18,-4,-2,-2,-1,-2,-3,0
97.534701,-33,-29,-5,-1,1,-1,1,2,0
97.534734,6,92,7,-1,-1,0,-2,-3,0
97.536779,22,3,-2,0,-1,-1,-4,-1,0
97.536787,-19,-44,-15,-5,-2,-2,0,-1,0
97.547566,-13,35,5,1,-1,-1,-1,-1,0
97.547582,11,-13,-3,-2,-1,-2,0,1,0
97.555905,-10,-2,2,-1,-1,0,0,-1,0
97.555927,13,-7,5,0,-1,-1,-2,1,0
97.570643,-11,-21,8,2,0,1,-1,-4,0
97.570658,-6,-74,-16,-3,0,-1,-1,-4,0
97.571419,12,68,4,1,-1,-2,-1,-1,0
97.571487,16,-21,-6,-3,-2,-2,-1,0,0
97.594192,18,-15,-1,1,1,1,0,1,0
97.594234,-38,50,10,4,3,1,-1,-2,0
97.595846,5,-23,-6,-2,-1,-1,-2,0,0
97.595851,-34,-7,-8,0,0,0,1,2,0
97.617439,-9,-18,-8,-4,-4,-1,-1,-3,0
97.617453,15,26,-3,0,-2,0,-1,-3,0
97.617526,-14,-38,-5,-2,-1,-2,-2,-1,0
97.617533,-6,5,1,-3,-2,0,-1,1,0
97.631572,-18,11,9,1,0,-2,-1,-1,0
97.631577,19,-16,8,-1,-2,-1,-1,-1,0
97.631579,-1,-4,5,-1,1,2,1,2,0
97.631580,26,8,-12,-3,-1,-3,-3,-1,0
97.654141,-32,23,9,0,0,-1,-1,-2,0
97.655443,-8,-17,-3,-2,-1,0,-1,-2,0
97.655450,2,-19,6,-1,-1,-2,0,-2,0
97.655452,2,16,6,1,-1,-1,0,-1,0
97.676679,13,-22,-2,1,-1,-1,0,-1,0
97.678471,-10,11,1,-2,-2,-1,0,-1,0
97.678477,-20,-25,1,-1,-3,-1,-2,-1,0
97.678479,19,8,-4,-1,1,-1,-2,0,0
97.690870,1,18,-10,-5,-1,-3,-2,-5,0
97.692778,11,-28,6,3,-1,-1,0,1,0
97.692802,1,28,9,2,1,0,0,0,0
97.692807,6,-59,-14,-4,-1,-2,0,-2,0
97.713901,29,15,-35,-7,-4,-2,-2,3,0
97.713918,-15,-45,30,5,3,-1,-1,3,0
97.714638,-13,-1,-2,-3,-1,-1,0,-1,0
97.714654,-17,5,4,2,-1,1,1,-1,0
97.736346,-1,-16,-11,-6,-3,-1,1,1,0
97.736363,15,37,-6,-1,-1,-3,-2,-2,0
97.737283,3,21,-3,-1,-3,-2,-2,-2,0
97.737287,2,-31,-5,0,0,0,0,0,0
97.750746,-29,17,15,1,0,-1,-1,-2,0
97.750764,-3,-10,-8,-3,-2,0,-2,-1,0
97.752126,-2,-1,4,0,0,-2,0,-2,0
97.752130,-5,22,-2,0,-1,0,-1,-3,0
97.774670,6,13,1,-1,-3,0,-2,-1,0
97.774683,2,22,3,-1,0,-2,-1,-1,0
97.774730,3,-19,-5,-3,-1,-1,1,0,0
97.774789,30,0,13,3,1,-1,0,-1,0
97.796358,-23,-1,3,0,-1,-1,-3,-2,0
97.796375,-9,-26,-3,-3,-2,0,-2,0,0
97.797453,12,-5,-6,-3,-3,-3,-2,1,0
97.797457,8,6,-2,-1,0,0,-1,-1,0
97.811143,4,-9,0,-1,0,0,0,-2,0
97.812706,8,-24,-17,-5,-3,-2,1,0,0
97.812710,6,-11,19,4,2,-2,-1,-3,0
97.812713,8,22,8,2,-1,-1,-2,0,0
97.834136,-1,-13,-1,-3,0,-1,-2,-2,0
97.836007,-5,3,-12,-4,-2,-2,0,-2,0
97.836016,-18,-20,8,2,2,1,1,-3,0
97.836020,-5,-20,-9,-2,-2,-1,-2,-1,0
97.856582,15,-2,5,2,1,0,0,0,0
97.856618,2,2,-8,-2,-3,-1,-1,1,0
97.858652,-2,-5,0,1,0,-1,-1,-2,0
97.858657,12,25,9,0,0,-1,0,3,0
97.870833,-47,-13,-2,-3,-2,-2,-1,-3,0
97.870854,-1,-16,-5,0,1,-1,-1,-2,0
97.871421,9,91,24,2,1,-1,-1,-2,0
97.871435,-41,-13,-8,-3,-1,-2,-2,-5,0
97.894429,26,-9,-1,0,-1,-1,-2,1,0
97.894467,12,24,4,1,2,1,-1,0,0
97.896939,-17,-29,-14,-4,-1,-1,-1,-3,0
97.896952,-10,-15,-11,-4,-3,-2,-1,-2,0
97.916403,39,19,15,4,0,-1,-1,1,0
97.916431,-14,0,-2,-2,0,-2,0,-1,0
97.917513,27,-40,-11,-3,-3,1,0,1,0
97.917537,-38,70,3,-3,-1,-2,-2,-3,0
97.930692,-9,-19,-12,-4,-3,-2,-1,-1,0
97.930709,-22,6,2,-1,-2,-2,-1,0,0
97.931402,18,-22,7,4,0,-1,-1,0,0
97.931413,13,-15,-6,1,-1,0,-1,0,0
97.954048,1,-12,-3,1,-2,-2,-2,-1,0
97.954070,10,33,-1,-1,0,-1,-2,-1,0
97.955252,-3,-19,-10,-2,-1,-2,-2,-1,0
97.955260,-26,-14,-7,-1,-1,0,-1,-2,0
97.976479,12,13,6,1,1,-1,-3,-3,0
97.976503,10,3,0,-2,-3,-2,-3,-2,0
97.977310,-18,11,-10,-1,0,0,-2,-3,0
97.977347,-9,-10,2,0,-2,0,-2,1,0
97.992756,9,1,-1,-3,-1,2,1,-1,0
97.992769,-5,9,0,-1,-2,0,0,-1,0
97.992771,36,21,0,-1,0,-1,-2,1,0
97.992773,-48,-17,-3,-1,-1,-2,-2,-4,0
98.013860,-5,6,-4,-3,-3,-2,1,0,0
98.013878,5,2,11,3,1,-1,0,-1,0
98.014554,-10,6,-1,-2,-1,-1,0,0,0
98.014567,35,-2,-3,-2,-2,-1,0,0,0
98.038380,-34,-61,-18,-2,-2,-1,-2,-2,0
98.038389,-2,8,7,-1,1,0,-2,-2,0
98.038393,-7,3,-9,-3,-1,0,-1,1,0
98.038397,8,-3,6,-1,0,0,0,-3,0
98.051311,7,7,0,-2,-3,-1,-3,-3,0
98.051342,1,-25,-10,0,0,-1,0,0,0
98.052963,-1,1,0,-1,-1,-1,-2,-1,0
98.052968,15,-26,-9,-3,-2,-1,1,0,0
98.078209,8,22,3,0,0,-2,1,4,0
98.078292,-35,-13,-1,-1,-1,-1,-2,-4,0
98.078298,-3,14,0,-2,-2,-1,-1,-1,0
98.078300,24,-14,-5,-1,-1,0,-1,-1,0
98.096540,-27,-9,-1,2,-1,-1,-2,1,0
98.096566,12,12,4,-1,-2,1,0,2,0
98.097915,-11,13,0,-2,-1,-1,-2,-4,0
98.097922,16,-1,1,2,1,-2,-1,-1,0
98.111129,-4,10,-11,-3,-1,-1,0,1,0
98.111166,9,26,-2,-1,-1,-2,0,-1,0
98.112297,-14,-20,1,0,-2,0,-1,0,0
98.112305,-8,0,1,-3,-1,-2,-1,-1,0
98.133938,13,13,1,0,-1,0,-1,0,0
98.133961,2,-53,-17,-1,-1,-1,-2,-1,0
98.134725,18,29,3,-1,1,1,2,0,0
98.134744,-64,-5,-4,-3,-1,-2,-1,-4,0
98.156578,5,-13,0,2,0,1,-2,0,0
98.157806,3,7,-2,-2,-4,-1,-1,-2,0
98.157822,17,-9,1,1,0,-1,-1,3,0
98.157825,-4,-2,1,-1,1,-1,-2,-2,0
98.171241,17,8,1,-1,-1,-1,-2,-2,0
98.171260,-9,-1,-2,-3,-2,-2,-1,1,0
98.172235,19,13,0,0,1,-2,-2,0,0
98.172242,-8,-23,-3,-1,-3,0,-1,-3,0
98.194095,-1,-1,2,-2,-2,-2,0,-2,0
98.194118,8,10,-4,0,1,-1,-1,-2,0
98.194705,-7,-11,6,-2,-2,-1,0,-1,0
98.194717,4,-17,-3,-1,-1,-2,0,0,0
98.216586,-7,-6,4,-3,0,0,-1,-2,0
98.216612,-2,12,-7,-1,0,1,-1,0,0
98.217920,-11,21,-11,-4,-2,-3,-2,-4,0
98.217930,4,-10,14,8,5,4,3,4,0
98.230077,-11,13,1,-2,-2,-3,-2,-3,0
98.230098,11,7,3,-1,-1,-1,-1,3,0
98.238050,-14,-39,-17,-2,-4,-3,-4,-6,0
98.238073,1,26,1,-3,-4,-1,-1,2,0
98.253876,-3,3,5,-3,0,-2,0,-3,0
98.253897,7,-24,0,1,2,-1,-1,-2,0
98.254680,-19,15,1,-1,-1,-1,-1,-1,0
98.254684,13,27,15,0,0,-1,-2,-3,0
98.276576,4,-2,5,1,1,-1,-1,0,0
98.276609,-5,-6,8,0,0,0,0,-2,0
98.278182,2,-12,-3,-3,-2,0,1,1,0
98.278284,9,21,-7,-3,-1,-2,-2,-1,0
98.290096,-12,-4,2,0,0,-1,-1,-3,0
98.290118,28,4,4,-1,0,0,-3,-1,0
98.298262,-24,-26,-1,-2,0,-1,-1,1,0
98.298284,8,-16,-4,-3,-4,-2,-2,-1,0
98.313872,-27,-36,-10,-1,-1,1,0,0,0
98.313889,-2,-12,2,0,0,0,-1,-4,0
98.314730,6,21,4,-1,-2,0,-2,-2,0
98.314734,8,15,-9,-2,-1,-4,-2,-1,0
98.336305,10,-11,5,0,1,0,-2,2,0
98.336321,-19,0,-1,1,-1,-1,-2,0,0
98.337048,1,0,3,1,0,0,1,0,0
98.337108,-23,21,3,-1,-2,1,-2,-2,0
98.349955,11,-13,-1,-1,0,0,0,2,0
98.350003,-18,-1,-7,-4,-1,0,0,1,0
98.358222,-1,2,-2,-2,-1,-1,0,1,0
98.358240,6,-31,-17,-2,-1,-2,-1,-2,0
98.374046,0,36,26,5,1,2,1,-3,0
98.374073,-6,20,-2,-2,-1,-1,-3,-3,0
98.375050,9,-7,-6,0,0,-2,-1,1,0
98.375055,-26,-31,-3,-1,0,0,-1,-2,0
98.396399,15,35,-7,0,-2,-2,-1,0,0
98.396406,-3,-30,3,0,0,-2,0,-1,0
98.397125,-5,6,1,-1,-2,-3,0,0,0
98.397141,12,-8,-4,-5,-3,-1,-1,2,0
98.410573,4,-3,-8,1,2,-1,0,0,0
98.410618,44,-20,-3,-4,-3,-1,-2,1,0
98.418399,-70,59,0,1,0,0,-2,-5,0
98.418417,-5,-2,-1,2,0,-1,-1,1,0
98.434129,0,-3,-3,-2,-3,0,-1,0,0
98.435729,-8,-13,-2,0,0,-2,0,-2,0
98.435736,28,-20,-4,1,-1,0,1,2,0
98.435738,2,-15,-10,-3,-3,-3,-1,-1,0
98.456497,-30,58,14,0,-1,0,-2,-1,0
98.456529,24,2,9,3,0,0,-2,1,0
98.458206,15,-11,-6,-4,0,-1,-2,-1,0
98.458217,-16,-6,7,-1,1,2,-1,-4,0
98.470314,6,-14,-16,-2,-1,-1,-3,-3,0
98.470331,-20,9,-3,-3,-3,-2,1,-1,0
98.478429,3,6,6,-1,-3,0,0,0,0
98.478455,25,-21,-4,1,-1,-2,-2,-2,0
98.494081,3,-4,-11,-1,1,0,0,0,0
98.494119,-6,-47,5,0,-1,0,-1,1,0
98.495061,-6,29,6,-1,0,-2,-1,-2,0
98.495115,6,2,0,-3,-2,-1,0,1,0
98.516578,-8,-5,-3,-3,-4,-3,-1,-3,0
98.516613,10,5,-2,-3,-3,-2,-1,-1,0
98.518724,3,-32,-9,-3,0,0,-1,-4,0
98.518728,3,7,1,1,0,-2,0,-1,0
98.530137,8,-11,12,1,-1,-1,-1,1,0
98.530155,8,41,-10,-1,-1,-2,-1,-1,0
98.538906,-15,-59,9,1,1,0,-1,1,0
98.538912,-22,35,1,0,0,1,-2,-1,0
98.556477,49,-23,-7,-3,-3,-1,-1,0,0
98.556492,-49,-14,-9,-3,-1,-1,-1,-4,0
98.556494,21,42,5,0,1,-2,-1,-2,0
98.556496,-24,0,3,-3,-3,-3,0,-3,0
98.576527,3,17,-4,-1,-1,-2,-2,-1,0
98.576572,-25,10,18,4,3,2,2,0,0
98.578695,31,2,-12,-1,-2,-2,-3,0,0
98.578702,-7,-18,-5,-2,-2,0,0,-1,0
98.600736,-3,23,-7,-2,-2,-2,-2,-3,0
98.600741,3,12,1,0,1,-1,-3,-1,0
98.600743,-8,-31,-2,1,-1,-1,0,1,0
98.600745,20,30,-2,-2,-1,-1,-1,1,0
98.615509,-23,-40,-3,-2,-2,-2,-1,-2,0
98.615516,7,-2,-2,-1,-1,0,0,-2,0
98.615518,-16,-9,1,0,-1,-1,0,-1,0
98.615520,14,7,-6,-2,-2,-2,-1,-1,0
98.636590,6,-6,3,2,-3,-1,0,1,0
98.636612,-9,0,0,-1,-2,0,-2,0,0
98.639058,3,-6,-1,0,0,-1,-1,-3,0
98.639065,-2,-31,-14,-2,-4,1,0,-1,0
98.658886,-5,80,31,4,2,-1,0,-3,0
98.658909,18,0,1,-1,1,-1,-1,0,0
98.660859,-92,-15,-7,-4,-3,-2,-3,-2,0
98.660903,11,-6,3,1,-1,0,-1,0,0
98.673317,13,-27,-14,-5,-2,0,-1,-1,0
98.673341,20,12,0,-4,-3,-1,-1,-1,0
98.681788,22,13,-1,1,0,0,-3,-3,0
98.681805,-40,-3,1,1,0,-1,-2,-3,0
98.696458,11,-15,2,1,0,0,-2,0,0
98.696478,-35,-13,-1,-2,-1,-2,0,-3,0
98.697918,18,-13,-8,-2,-1,1,-1,-1,0
98.697940,13,14,2,-2,0,0,-1,-2,0
98.718976,18,-28,-4,1,1,1,-1,0,0
98.718992,-5,-2,-1,1,-1,1,-1,2,0
98.721766,1,16,8,0,-1,0,0,-2,0
98.721776,13,-8,-6,-1,-1,-1,-1,-1,0
98.732695,-22,-11,8,-2,0,0,-1,0,0
98.732717,6,-21,-7,-3,-3,-2,-3,-1,0
98.742690,3,15,-3,-2,-3,-3,-1,1,0
98.742706,13,10,6,0,0,-1,0,-1,0
98.756842,-22,-14,-11,-4,-1,-2,0,-2,0
98.756870,9,11,-5,-3,-3,0,-1,-1,0
98.758165,-15,1,6,0,0,1,0,-1,0
98.758187,4,-14,-9,1,1,2,0,0,0
98.778981,-32,-8,-2,-2,-2,-2,-2,-4,0
98.779001,53,3,-1,-1,-1,-1,-2,-1,0
98.780916,10,-9,3,1,0,-1,-1,-1,0
98.780983,5,5,2,-1,0,-2,0,1,0
98.792602,-17,-7,-7,-1,-3,-1,-1,-5,0
98.792627,-2,4,1,0,0,-1,-1,0,0
98.801991,17,-9,-7,-3,-2,-2,-1,1,0
98.801996,-8,2,3,1,0,0,-3,-3,0
98.817835,12,-2,-2,-2,-1,-1,0,2,0
98.817844,3,17,-18,-4,-2,-3,-1,-1,0
98.817934,-26,-85,12,1,2,1,0,0,0
98.817940,29,59,22,2,1,-1,-2,-2,0
98.838961,-15,26,-1,1,0,-1,0,-1,0
98.838983,-9,7,1,-1,-1,-1,-1,-4,0
98.841913,13,-6,-12,-5,-3,-1,0,1,0
98.841918,-4,-28,-7,-1,-1,-1,1,0,0
98.853532,-2,-20,-3,-1,0,-1,-2,0,0
98.853554,1,16,8,-1,-1,-1,-1,-1,0
98.860525,-3,14,-5,3,0,-1,-1,-2,0
98.860563,-8,-12,3,0,0,-2,0,2,0
98.876564,13,13,-4,-3,-2,-2,-1,-1,0
98.876595,-10,-9,2,1,0,-2,-1,-1,0
98.879644,6,10,2,1,-1,1,0,-1,0
98.879654,-3,-10,-8,-6,-3,0,-2,0,0
98.898977,6,-3,2,1,1,0,0,-1,0
98.898996,-7,-5,-5,-3,-1,-1,0,-1,0
98.900551,-5,50,18,0,1,-1,-1,-1,0
98.900569,-6,-31,9,3,1,-4,-2,-5,0
98.913256,-4,-1,-5,-2,-2,-1,0,-1,0
98.913273,-11,1,-3,-1,-2,0,0,1,0
98.920105,25,30,-3,-3,-3,-3,-3,-1,0
98.920121,-8,2,0,1,0,1,0,-1,0
98.936387,5,-3,2,-1,-2,-1,-1,0,0
98.936403,-5,-53,-9,-3,-2,-2,-1,-2,0
98.937971,-6,82,9,2,1,0,-1,-2,0
98.937981,12,-14,-1,0,1,-4,-2,0,0
98.959361,12,-32,-12,-3,-1,-1,-1,-2,0
98.959366,-20,16,5,1,1,-2,0,1,0
98.960753,55,-35,-8,-4,-2,-1,-1,-4,0
98.960786,-28,8,2,-2,-2,0,0,-2,0
98.975882,4,18,0,1,0,0,0,0,0
98.975888,7,-6,0,2,0,0,0,1,0
98.980122,-9,-27,-10,-3,-1,-1,0,0,0
98.980139,6,17,-5,-1,-1,-1,0,0,0
98.996533,-1,-31,-8,0,0,-3,-2,-1,0
98.996549,-14,24,5,1,0,0,0,-1,0
98.998596,-25,-16,-5,-2,-2,-2,-2,-3,0
98.998601,8,-13,3,-2,-1,-2,-2,-1,0
99.019490,-9,4,-7,-3,-2,-2,-1,-1,0
99.019519,16,-2,14,3,0,-1,0,-2,0
99.022191,-6,1,-8,-1,-1,0,-1,2,0
99.022196,5,15,9,-1,-1,-1,0,-2,0
99.033293,-11,6,-3,1,0,0,-1,-1,0
99.035158,18,3,-3,-1,0,-2,-2,-2,0
99.040464,-1,-16,-9,-2,-2,-4,0,0,0
99.040495,-14,-12,-4,-3,-1,0,0,-1,0
99.056998,21,20,0,-2,-3,-3,-1,1,0
99.057022,-10,-14,-1,1,0,0,0,-1,0
99.058105,-10,-13,-3,-4,-3,-3,-2,1,0
99.058132,25,4,-6,-1,-2,-1,-2,0,0
99.079121,-26,-12,9,0,0,1,1,-2,0
99.079140,-12,-7,-5,-3,-1,0,0,-2,0
99.080473,8,2,2,-1,0,-1,-1,-1,0
99.080503,-8,4,-1,0,-1,-3,-1,-1,0
99.092565,5,-8,-2,-3,-3,-1,-2,-1,0
99.092589,-10,10,3,0,-1,-1,0,-1,0
99.101735,3,-3,-4,0,1,-2,-2,0,0
99.101743,-2,18,0,-1,0,-2,0,-1,0
99.116369,13,-6,3,2,1,1,-2,-2,0
99.116405,-9,-9,-7,-3,-2,-1,-3,0,0
99.117859,-13,-15,5,0,-1,2,1,-2,0
99.117870,6,-14,-11,-1,-2,-1,-2,-1,0
99.139397,11,24,1,-1,-2,-3,-3,0,0
99.139426,-17,-4,-17,-1,2,-2,-1,-1,0
99.142912,24,23,10,-2,-1,0,-1,0,0
99.142939,-9,-8,-6,0,0,2,1,0,0
99.152918,-5,3,2,-2,-1,0,0,-2,0
99.152940,18,4,-2,-4,-2,-3,-3,0,0
99.162493,-9,-65,-13,-3,-2,1,-1,0,0
99.162498,15,87,12,5,1,-2,-1,-1,0
99.176645,-12,-12,1,-1,0,-1,-2,-1,0
99.176654,-11,-5,3,-2,-2,0,-1,-3,0
99.178358,11,5,-4,-4,-1,-2,-1,-1,0
99.178405,-6,-38,1,-2,-1,-2,-1,0,0
99.199273,-8,4,-8,-2,0,0,0,-2,0
99.199289,-6,19,15,1,0,-1,0,-2,0
99.201975,-4,-17,1,1,-1,-1,-2,-1,0
99.201982,-12,5,-2,-3,-1,0,-2,-1,0
99.212594,-2,2,-4,0,-1,-1,-1,2,0
99.212621,36,-9,0,-3,-2,-1,-1,0,0
99.223868,-25,6,-13,-3,-1,-3,0,-1,0
99.223879,-7,-24,4,2,0,0,-1,-2,0
99.236610,-4,-3,-1,-4,-3,-2,-1,-1,0
99.236632,2,-17,-9,0,0,1,-1,-2,0
99.239332,7,32,8,4,1,0,-1,-3,0
99.239338,5,0,1,-1,-1,-2,-1,0,0
99.259211,-4,-4,-1,-1,-1,-1,-2,-3,0
99.259246,1,1,-6,-6,-3,-2,-1,1,0
99.261985,2,18,5,3,3,0,-1,-2,0
99.261995,-14,-34,-10,-4,-2,0,-2,-3,0
99.272902,8,5,4,1,0,-2,-3,-2,0
99.272933,-4,-23,2,-2,-1,-2,1,1,0
99.282035,-10,31,-1,-1,-1,-2,-1,-2,0
99.282087,14,-61,-27,-8,-3,-4,-2,0,0
99.296526,-8,27,31,7,4,2,1,-2,0
99.296546,6,8,-2,2,-1,0,-2,-1,0
99.297926,-7,-8,2,-1,0,-1,-1,-1,0
99.297936,0,-12,-9,-1,0,-2,-3,-1,0
99.319263,-5,-11,-10,-7,-4,-3,-2,0,0
99.319284,28,7,6,1,0,-1,-1,-1,0
99.320364,-12,-16,-1,-1,0,-2,-2,-2,0
99.320377,-6,1,-7,-1,-3,-1,-3,-2,0
99.332470,-12,6,4,-1,-3,-1,-1,-2,0
99.332483,-12,10,-5,0,1,1,-1,-1,0
99.343238,-6,-6,6,-1,-2,-1,-1,-1,0
99.343246,3,-10,6,1,0,1,0,-1,0
99.357357,9,5,-9,0,0,-1,0,-2,0
99.357389,34,-11,-10,-4,-2,-2,-1,2,0
99.359314,-60,-2,1,-2,0,0,-2,-3,0
99.359321,-3,15,5,1,0,-3,0,-1,0
99.379774,-1,-93,-13,-4,-3,0,-1,-2,0
99.379779,-17,56,10,0,-1,-1,-1,-3,0
99.380401,30,-6,-9,-2,-2,-1,0,1,0
99.380408,-5,20,7,-1,-1,-2,-1,1,0
99.392604,-4,-12,-11,0,0,-3,-1,-1,0
99.392625,-12,1,0,-4,0,-4,-1,-4,0
99.402089,13,0,3,2,0,-2,-1,0,0
99.402094,-9,0,-4,-1,0,-2,0,-1,0
99.416502,9,16,-3,-1,-2,-1,0,1,0
99.416523,-2,-14,3,-1,-1,-2,-3,-4,0
99.418081,15,4,4,-4,-3,0,1,-1,0
99.418100,12,6,-1,1,-1,0,-2,-1,0
99.438938,-46,-7,-9,1,1,0,0,-2,0
99.438960,-23,-1,19,4,1,0,0,-2,0
99.440760,8,4,-11,-4,-3,-3,-2,0,0
99.440769,0,10,-1,-3,-4,-3,1,-2,0
99.452565,35,10,4,0,0,1,0,2,0
99.452588,-24,-12,-6,-2,-2,-1,-1,-4,0
99.461739,3,-4,-5,-2,0,-3,-1,-2,0
99.461759,-4,-1,3,-1,-1,-1,0,-2,0
99.476494,7,-33,-16,-4,-1,-4,-3,-2,0
99.476515,-3,94,1,2,1,0,1,0,0
99.478525,14,4,6,2,1,1,1,0,0
99.478564,3,-18,-6,-2,-2,0,0,1,0
99.499230,-23,4,1,-2,-3,0,-2,-3,0
99.499333,8,-31,-12,-3,-2,-1,-2,0,0
99.501315,-12,-9,-4,0,1,-1,-1,-1,0
99.501323,5,16,4,0,0,-1,0,1,0
99.521494,16,-4,1,-3,-3,-2,-1,1,0
99.521510,-24,-7,-1,2,1,0,-2,-3,0
99.523219,8,12,2,0,-1,-2,-1,-1,0
99.523286,-17,-15,3,0,-1,0,-1,-3,0
99.536341,9,29,12,0,-2,-2,-1,-1,0
99.536350,-1,-44,-13,-2,-1,0,0,0,0
99.537837,-11,21,9,2,1,-1,0,-1,0
99.537853,-1,12,-3,-1,-3,-1,-1,1,0
99.558986,7,15,-1,-3,-1,-2,-2,-2,0
99.559010,-6,-6,3,-2,-2,-2,-1,-2,0
99.560820,9,-11,-8,-2,0,1,-1,-1,0
99.560845,3,-3,-1,-1,1,-1,-2,-2,0
99.581382,-4,15,2,1,0,-1,1,0,0
99.581394,-2,-17,0,0,-2,-2,-1,0,0
99.582942,1,-10,-2,-2,-1,-2,-3,0,0
99.582956,0,1,9,0,-1,-2,0,-1,0
99.597032,11,1,3,0,0,-2,0,0,0
99.597040,-2,-21,-11,-4,0,1,-1,-4,0
99.597874,-15,16,0,-4,-6,-1,-1,-3,0
99.597885,-22,-31,-4,1,1,1,-3,-2,0
99.618985,20,43,15,1,2,-1,-2,1,0
99.619003,-8,-13,-8,-2,0,0,-1,2,0
99.620363,33,-38,13,2,0,-3,-2,0,0
99.620372,-10,23,-8,-3,-2,-2,-1,-1,0
99.641535,-8,-12,-3,-2,-2,0,0,-2,0
99.641553,-5,8,-1,0,0,-1,-1,0,0
99.643367,3,-17,-6,-2,-1,0,1,1,0
99.643374,-15,6,-1,-1,-3,-1,-1,-3,0
99.656016,-31,-12,-1,1,0,0,-2,-2,0
99.656037,16,13,-1,-3,-2,-2,-2,-2,0
99.662638,-5,-12,-12,0,0,-1,-2,-1,0
99.662663,17,13,8,2,2,-1,-2,-2,0
99.679633,-6,4,-1,-2,-1,-3,-1,-1,0
99.679654,4,-8,3,2,1,-1,-1,-2,0
99.681163,-3,1,-5,-3,-2,-1,-1,-1,0
99.681178,2,-2,0,1,-1,-3,-1,-1,0
99.701494,7,-15,-17,-6,-4,-1,-1,0,0
99.703186,-9,54,5,0,-2,-1,-1,-2,0
99.703191,-15,-19,-6,1,1,2,0,0,0
99.703193,-13,0,-2,-4,-2,-2,-4,-3,0
99.715943,0,5,-1,0,-2,-1,2,0,0
99.715973,8,-32,-10,-4,-2,0,-1,1,0
99.722565,12,33,4,-1,-1,-1,-2,-2,0
99.722587,-4,-1,-1,0,-1,-1,-2,-3,0
99.739097,-1,-19,-3,0,0,-1,-2,-1,0
99.739114,0,-1,4,1,-1,-2,0,0,0
99.740551,-11,-2,1,-2,-1,-3,-1,-1,0
99.740578,19,-8,3,-1,0,-1,2,2,0
99.761949,-14,19,1,0,0,-1,1,-1,0
99.763018,-6,-23,7,1,0,-2,-2,-3,0
99.763032,21,3,-7,-6,-4,-2,-2,2,0
99.763125,-10,-11,-6,1,0,0,-1,-2,0
99.775853,10,6,4,3,1,0,-1,-1,0
99.775878,-9,2,-4,-3,-1,0,-2,-1,0
99.784327,3,-16,-5,-1,1,2,-2,-1,0
99.784370,9,7,-3,-3,-2,1,-2,1,0
99.798887,7,2,-4,0,0,-1,-2,-1,0
99.798908,0,-9,4,3,1,0,-2,-1,0
99.800377,-29,-14,4,0,-1,-2,-1,-1,0
99.800390,23,13,8,0,-2,-1,0,1,0
99.821501,-5,-8,-3,-2,0,0,-1,-3,0
99.821524,5,-29,5,0,-2,-1,0,-1,0
99.823055,7,90,-2,-2,-3,-2,-3,0,0
99.823083,-5,-14,-4,0,1,-1,-1,-1,0
99.836261,-13,-10,0,-1,-1,0,-1,-2,0
99.836293,6,6,-2,-3,-1,0,-3,-1,0
99.850141,-15,-7,2,-1,-2,0,1,-3,0
99.850161,-11,1,-2,-1,-2,0,1,0,0
99.859084,-13,12,-2,-1,-2,-1,-2,-1,0
99.859114,-1,-13,-10,-1,-2,0,0,0,0
99.860722,-3,-20,10,1,0,0,-1,-1,0
99.860768,6,2,-1,-1,0,-1,-2,0,0
99.881401,8,2,0,-1,-2,-1,0,-1,0
99.881424,-1,4,-5,0,-1,-2,-3,1,0
99.882912,-8,-13,-7,-3,-2,-3,0,-4,0
99.882931,14,-1,0,0,2,-1,-1,1,0
99.895964,-5,-13,-3,-2,-1,-1,0,-2,0
99.895998,9,10,0,-3,-2,-2,-1,0,0
99.902617,-7,-6,-2,0,1,0,0,-2,0
99.902641,6,3,-1,-3,-2,-1,-2,-1,0
99.919038,-23,4,1,1,0,0,0,-2,0
99.920680,29,-1,6,0,0,-1,0,0,0
99.920695,-1,-19,-8,-2,-1,0,-2,0,0
99.920698,-10,-44,-3,-2,-2,-1,-1,0,0
99.942118,20,68,9,-2,-1,-3,-2,0,0
99.942122,-23,6,-2,-3,-2,-4,-3,-1,0
99.942887,9,-19,8,1,0,-1,0,-1,0
99.942912,-1,-28,-5,-1,1,-1,1,2,0
99.956155,29,1,1,0,-2,0,-2,2,0
99.958819,-59,3,3,-1,0,1,-2,-7,0
99.963267,-6,0,-7,-3,0,-2,-1,0,0
99.963312,-11,10,-3,0,-1,-2,-2,-3,0
99.979061,4,-30,7,2,4,-1,0,0,0
99.979079,15,25,-4,-2,-1,-1,0,2,0
99.980468,2,-9,-9,-2,-1,-1,0,0,0
99.980487,-12,30,10,0,-1,-1,0,-3,0
100.001811,8,-19,-6,-3,-1,-1,-1,1,0
100.001840,3,-16,1,-1,-1,-1,-1,0,0
100.003677,1,15,-3,-1,-1,-2,-1,1,0
100.003689,2,-7,-5,-3,-2,1,0,0,0
100.015106,26,-4,0,2,2,0,-1,0,0
100.016655,-18,-5,2,-2,1,-1,-2,-2,0
100.025617,-8,-45,-4,0,0,-1,-1,-1,0
100.025626,5,51,9,1,-1,1,-1,-1,0
100.039215,-20,-26,-11,-4,-3,-1,0,-1,0
100.039237,15,20,11,0,-2,0,0,-1,0
100.040827,5,10,-13,-3,-2,-1,0,0,0
100.040893,-7,-29,1,-1,0,-1,-1,-3,0
100.061784,-5,-12,-4,-1,-1,-2,-1,-1,0
100.061812,3,25,-1,0,0,-3,0,-2,0
100.063685,25,31,5,-1,0,0,-1,0,0
100.063690,-9,-17,-4,-2,-2,-4,-1,1,0
100.075129,-23,5,-3,-4,-1,0,-2,-1,0
100.075153,9,-20,-6,-2,0,0,1,3,0
100.084300,-14,0,0,-2,-1,0,-2,-5,0
100.084305,-8,36,3,3,0,-1,-1,-1,0
100.099061,25,-10,-4,-2,-1,0,-2,-1,0
100.099081,-10,-6,-5,1,0,-1,-2,0,0
100.100465,4,8,0,-1,0,0,0,-1,0
100.100524,6,-21,-7,-4,-2,-2,0,0,0
100.121841,-26,-28,13,4,2,-1,-1,-1,0
100.121874,33,33,-2,-2,-1,-1,-1,-1,0
100.124666,-19,7,2,0,-1,-1,0,-2,0
100.124680,-5,-1,-14,-2,-1,-2,-4,-2,0
100.135233,-20,-4,23,6,1,3,3,-3,0
100.135255,19,-8,-5,-3,-2,-2,-1,0,0
100.145028,-11,-8,-1,-1,-1,-2,-1,-3,0
100.145035,4,-9,-3,-1,1,-1,0,0,0
100.160366,-12,11,-9,-5,-2,-2,-1,-1,0
100.160392,4,1,1,0,0,-2,-1,-2,0
100.160758,6,0,6,-1,0,-1,1,1,0
100.160780,-1,-7,-8,-3,-3,0,-1,-1,0
100.181540,19,11,-9,-2,-1,-2,-2,0,0
100.181557,-15,-11,8,1,1,1,2,0,0
100.182908,-15,-15,-4,0,-1,-2,-2,-2,0
100.182918,-13,5,1,-2,-2,-2,1,-2,0
100.195296,9,2,-6,-2,-3,0,-3,-1,0
100.195313,3,-13,-9,-5,-3,-1,0,1,0
100.206444,-1,4,9,2,0,1,-2,1,0
100.206457,56,26,0,-1,-2,0,0,0,0
100.219436,-21,12,3,-1,-3,-2,-5,-4,0
100.219465,-20,-1,7,-1,-2,0,-1,-1,0
100.221941,14,-20,2,6,6,2,0,2,0
100.221946,-7,1,-7,-4,-5,-1,-1,-1,0
100.241686,17,-14,-11,-5,-2,-1,-1,1,0
100.241708,-19,-3,-6,-2,-3,-1,-1,-4,0
100.243815,3,3,-4,-2,-4,-2,-2,-1,0
100.243825,-2,-16,3,1,2,0,-1,2,0
102.267304,12,-14,9,36,-95,-28,29,31,3
102.267578,12,3,-12,-102,-97,-32,87,79,3
102.267983,-62,4,15,52,-55,13,-113,-89,3
102.267996,21,-2,-11,-80,67,71,85,-43,3
102.282708,-77,-23,-25,-54,-22,-62,-124,17,3
102.282714,33,-3,-3,-61,-36,-42,73,10,3
102.290972,18,16,6,-35,-31,-37,7,27,3
102.291053,9,-6,0,-55,30,7,-68,-45,3
102.303214,-23,0,-1,-23,-49,28,10,-29,3
102.303230,27,10,11,38,17,-30,-39,11,3
102.310682,-25,-3,2,33,-50,21,22,20,3
102.310714,31,10,15,89,28,-10,-8,-67,3
102.326489,-51,-7,4,47,2,1,-49,15,3
102.326516,-10,5,-13,-59,-38,85,-12,-15,3
102.329019,-46,-13,-11,-25,39,49,-64,-55,3
102.329027,84,7,13,-11,-78,-78,58,28,3
102.348898,-50,-15,-9,-10,79,61,-15,-83,3
102.348921,-4,2,4,2,15,-30,-12,-15,3
102.350621,-25,-10,-13,-54,-32,3,9,-92,3
102.350645,26,14,0,-15,-4,-38,-38,119,3
102.363259,-12,-20,-29,-102,-128,112,-12,31,3
102.363282,21,12,8,-41,-30,-74,-39,-86,3
102.370181,10,4,17,95,91,29,76,23,3
102.370203,-28,-15,-5,24,-111,-79,-71,103,3
102.386346,16,5,1,-12,21,-86,32,-44,3
102.386369,42,-6,-2,40,67,98,-77,56,3
102.387796,12,9,-2,-60,55,-16,-19,75,3
102.387804,-1,-7,-4,19,36,32,-108,-29,3
102.409134,25,11,12,21,57,-5,-13,8,3
102.409142,-24,2,3,21,4,11,31,-43,3
102.410535,-15,-7,-11,-79,-79,-75,51,-35,3
102.410558,-18,-5,4,35,101,127,10,-26,3
102.424381,61,13,3,20,-25,37,66,65,3
102.424392,6,-2,-4,28,23,-66,-7,35,3
102.431836,-37,-19,1,-46,-43,83,87,-8,3
102.431840,6,5,1,-40,106,47,-10,60,3
102.446388,-18,3,-4,63,49,-31,51,-39,3
102.446408,31,-1,1,-2,-19,-15,-5,-58,3
102.447965,28,-12,-27,-74,-86,43,12,-13,3
102.447980,-12,-2,-13,46,66,73,79,-27,3
102.470206,17,7,12,50,-118,-52,-22,-51,3
102.470215,17,-19,-9,3,-74,20,-75,8,3
102.470459,42,-2,3,80,57,15,43,20,3
102.470495,14,-3,-3,-27,-56,32,19,-11,3
102.482953,14,-4,-11,-25,-14,-40,-48,-24,3
102.482983,-4,3,-4,-63,-91,8,55,5,3
102.492464,64,23,14,62,-9,-31,-45,72,3
102.492471,-23,2,4,-44,-71,-58,11,-28,3
102.506881,-42,-29,-7,21,43,22,7,77,3
102.507053,-63,-22,-8,-41,-116,-48,-23,-57,3
102.508162,-32,-7,-8,27,81,-41,41,-53,3
102.508182,70,1,2,-25,65,-33,47,66,3
102.529447,-9,18,10,35,-45,-29,-15,-12,3
102.529466,14,-1,0,16,54,-25,44,10,3
102.531115,-17,3,-7,14,-39,21,36,60,3
102.531134,2,-17,-11,-27,-8,-37,-75,-23,3
102.542768,-38,-11,-4,-24,-64,10,24,-14,3
102.542798,5,7,1,4,26,17,-6,-22,3
102.552794,-6,9,-4,-20,-74,-45,62,70,3
102.552801,42,24,0,-24,-123,-51,-15,-32,3
102.566363,-108,-57,-9,-3,-22,59,16,28,3
102.566379,33,-2,1,-8,-72,-16,-28,0,3
102.568012,17,-12,0,4,-35,-41,-107,-103,3
102.568252,19,16,0,6,4,-24,46,14,3
102.590461,31,11,-4,-13,38,-10,5,-1,3
102.590489,27,14,4,6,34,24,35,29,3
102.592111,-33,-5,-3,-8,-1,14,-24,-29,3
102.592122,-25,-4,-6,-37,-63,9,-50,19,3
102.603356,31,9,8,-9,66,11,18,-29,3
102.603380,-59,-13,-3,64,-37,-39,-40,-14,3
102.610386,48,1,3,4,37,85,14,113,3
102.610431,-35,-14,1,31,-53,48,39,18,3
102.626685,19,12,1,-12,-52,-111,9,-17,3
102.626711,3,14,4,-10,-47,69,4,8,3
102.628169,27,-1,0,3,70,-27,-39,-108,3
102.628209,-40,-13,2,18,-29,-7,17,38,3
102.648911,54,7,-1,-31,16,31,-18,43,3
102.648927,-20,14,1,-15,-34,-8,2,-12,3
102.651442,-15,-14,3,-20,51,62,-81,1,3
102.651448,2,-2,2,-16,-33,-40,-43,-1,3
102.663237,21,2,-2,25,32,20,-30,-92,3
102.663256,-3,-8,-8,-18,-74,-21,-37,-71,3
102.670116,2,2,0,29,-90,-76,50,101,3
102.670132,27,4,7,26,-60,43,32,-25,3
102.687672,-30,-3,3,-8,33,72,53,41,3
102.687677,-20,4,2,0,30,-60,-43,-28,3
102.687917,3,4,2,3,-55,15,22,40,3
102.687924,-15,-12,-4,-2,37,-11,-16,-20,3
102.708945,6,5,-2,-17,-58,-7,7,0,3
102.708964,3,-6,-1,40,121,11,49,2,3
102.710881,-22,0,-3,-25,-4,-48,-7,-95,3
102.710918,14,8,1,17,78,27,58,36,3
102.723809,-34,-12,1,47,72,15,-55,31,3
102.723845,13,1,-5,-29,-83,26,-2,83,3
102.730033,-4,-6,2,13,-49,-85,3,14,3
102.730051,9,-5,-6,-46,-46,32,-3,90,3
102.746450,-14,4,-4,-24,-128,-1,34,-7,3
102.746468,2,-4,2,28,127,84,-4,-45,3
102.748515,-58,5,9,27,-28,67,42,-1,3
102.748520,39,-5,-5,-20,-74,-7,-40,-48,3
102.769167,-16,1,-6,-26,-22,-23,21,36,3
102.769189,-14,-19,-4,-7,15,27,-48,-6,3
102.770385,3,4,0,5,86,-19,-17,-55,3
102.770401,-36,-1,2,25,-15,8,-1,-66,3
102.783401,18,4,1,-21,-14,-20,-46,-13,3
102.783426,26,11,2,29,46,-123,33,14,3
102.790255,14,3,6,21,3,37,37,56,3
102.790338,-16,0,0,3,30,-97,-43,-38,3
102.806973,-3,-11,-9,-14,-16,-37,-23,-63,3
102.807004,31,-4,-7,-28,-110,-1,12,92,3
102.808889,-32,-4,2,7,45,52,-3,-7,3
102.808897,10,0,-3,2,32,-37,-47,-37,3
102.829080,-21,7,2,-61,-76,-12,16,57,3
102.829110,4,0,-13,-16,107,0,-44,-28,3
102.830416,-4,-2,-4,15,-50,82,-36,-80,3
102.830434,7,-22,-6,3,62,23,25,18,3
102.843098,-1,-5,-2,5,-3,-44,-17,-45,3
102.843103,-1,-1,0,-9,-44,92,20,-16,3
102.851956,8,-4,-3,-2,6,-46,-12,31,3
102.851961,-12,4,-5,-35,-41,-40,-15,29,3
102.866513,19,10,-3,-49,-45,30,-3,-19,3
102.866538,-3,-11,-6,-1,-52,-34,78,44,3
102.868333,33,-14,-8,33,26,-17,-6,2,3
102.868347,-102,6,5,12,-8,5,10,1,3
102.891846,2,-30,-1,14,-20,20,18,47,3
102.891851,4,5,2,-16,-45,-18,-20,-40,3
102.891853,19,9,1,-23,1,-13,-3,41,3
102.891855,18,-1,-2,-2,-12,12,7,-21,3
102.902878,0,18,3,28,43,6,11,26,3
102.902900,2,3,1,-10,-52,3,38,15,3
102.912532,2,-7,2,-7,69,41,-39,-3,3
102.912537,-17,-1,-6,14,-82,26,33,3,3
102.926823,-31,-7,2,37,57,-33,8,-66,3
102.926863,-4,-10,6,1,-6,3,38,-7,3
102.928009,-22,-2,-5,-19,-47,-32,4,38,3
102.928036,27,5,1,-15,0,11,-9,-26,3
102.949053,20,3,-3,-56,-23,10,7,19,3
102.949080,-20,2,9,73,113,50,-63,-54,3
102.951001,-2,7,4,-13,-39,11,-22,-40,3
102.951008,51,11,4,6,87,-14,-38,68,3
102.971427,-45,-8,3,26,17,4,11,24,3
102.971443,8,2,-4,-19,46,-72,-11,-31,3
102.973524,-14,-9,0,-15,-59,50,9,-53,3
102.973550,-17,-5,0,18,3,34,29,8,3
102.986470,15,9,3,10,-15,26,-8,5,3
102.986488,14,8,0,-6,-19,-12,8,40,3
102.987786,10,9,4,-9,-46,-43,39,42,3
102.987802,27,-3,-4,12,-6,29,-67,-61,3
103.008916,-28,10,1,-9,-34,30,16,14,3
103.008935,40,0,3,-23,-41,72,38,50,3
103.010610,23,-1,-7,-56,-93,-70,-11,4,3
103.010712,-29,-10,2,-11,39,13,-47,-46,3
103.023273,42,4,-5,35,82,-38,-6,-86,3
103.023331,-44,-1,3,7,-51,34,17,18,3
103.032084,-7,11,-2,1,-7,3,-42,-8,3
103.032089,13,6,3,26,-111,-28,36,47,3
103.046763,-3,2,-3,15,-19,-20,-26,47,3
103.046768,-10,-13,-2,-21,6,-30,-20,-69,3
103.047886,-7,-11,-8,2,33,-9,9,-1,3
103.047902,-26,-5,-6,-22,-8,-13,16,-3,3
103.069148,39,2,2,-19,-8,10,-15,-6,3
103.069172,3,3,-2,-23,-27,8,48,14,3
103.070762,-26,-3,4,-9,-31,41,-14,-25,3
103.070766,-32,-9,-7,-15,-29,-56,37,-33,3
103.082824,-7,-7,2,14,34,90,-3,16,3
103.082853,13,8,-2,-13,8,45,-46,-81,3
103.093817,2,1,3,47,-12,5,89,76,3
103.093832,18,11,5,4,-24,85,41,-36,3
103.106537,-29,-6,-6,11,-49,17,-22,0,3
103.106562,-25,-12,-2,43,54,-21,31,43,3
103.109395,24,-10,1,6,-35,-22,0,-58,3
103.109403,5,2,-1,8,-23,51,32,16,3
103.129243,28,5,2,6,-52,10,6,32,3
103.129274,-22,13,6,8,15,16,-4,-7,3
103.130508,9,11,-4,0,44,-12,-17,-3,3
103.130528,33,1,-3,-9,-42,-83,-11,46,3
103.142637,-25,-11,-1,-6,-44,-89,-9,-48,3
103.142709,11,2,-1,-1,12,-50,2,20,3
103.152687,-6,-4,-1,-1,6,49,30,-9,3
103.152691,-23,-2,4,12,30,-21,-79,-20,3
103.166656,39,8,1,-3,69,34,13,38,3
103.166685,-10,-4,2,-1,-35,-3,-9,-47,3
103.168838,-33,-10,-3,12,0,-9,-15,19,3
103.168843,3,-7,-1,-8,28,-2,16,28,3
103.189007,2,11,1,-13,27,23,-62,-37,3
103.189025,11,-11,3,32,-59,36,75,50,3
103.190546,44,8,2,20,89,4,-58,16,3
103.190579,-5,7,3,-6,-41,-21,-2,-10,3
103.202602,-33,-18,-7,12,-44,-64,-2,71,3
103.202609,30,-9,-7,4,-54,42,8,42,3
103.212469,-13,-5,-1,-3,-26,-78,43,-2,3
103.212476,18,14,0,17,46,-37,32,-20,3
103.226641,-10,-15,-4,3,23,54,40,-8,3
103.226690,10,-2,-5,-9,28,-60,-49,-67,3
103.228621,-24,-3,-1,4,4,34,20,50,3
103.228636,17,-2,-3,-18,10,-6,-38,47,3
103.249753,-8,5,1,-13,-11,10,33,-32,3
103.249761,-28,2,-3,-12,-65,-61,-13,18,3
103.250386,38,-8,-7,-19,-57,90,-15,-22,3
103.250398,-22,-2,-1,2,33,2,11,24,3
103.262523,18,-2,-4,-15,-93,52,5,-71,3
103.262540,-62,1,3,4,-15,127,-32,21,3
103.273597,3,5,0,1,-63,-37,-29,11,3
103.273608,-13,-6,0,-9,27,-2,-18,-108,3
103.285695,66,3,-1,-1,7,-37,22,55,3
103.285717,-46,0,-4,-44,62,-68,11,78,3
103.292663,-11,5,0,-3,68,20,-27,-73,3
103.292760,25,-5,-1,0,-28,-23,-2,-48,3
103.309001,-93,-21,-7,-14,108,19,1,33,3
103.309019,33,6,3,8,-35,4,37,4,3
103.310793,-4,-1,-1,-4,83,-28,-41,24,3
103.310823,25,4,-1,25,-40,43,64,95,3
103.331795,-44,1,0,-9,2,-50,-50,-61,3
103.331813,52,15,-2,3,-20,-8,19,-33,3
103.332908,-7,-24,0,7,3,110,43,84,3
103.332923,-47,-3,-1,-1,-27,-12,-75,18,3
103.346400,3,2,-1,7,-3,6,51,29,3
103.346417,2,-8,-6,-7,-16,39,-40,-39,3
103.347850,-15,9,5,8,-14,-47,-9,-31,3
103.347861,11,-1,-5,-31,-52,8,18,-9,3
103.369402,18,0,1,5,-62,15,2,21,3
103.369432,28,6,3,18,108,37,11,20,3
103.371626,-1,4,1,18,-8,47,41,-87,3
103.371632,-52,-14,-1,-1,59,-32,-17,62,3
103.391481,12,6,1,8,38,31,-3,-88,3
103.391498,39,1,-1,-3,-37,-49,-1,28,3
103.393284,-19,6,-1,-11,57,-31,-1,7,3
103.393315,-17,-13,-1,12,62,-6,22,-5,3
103.406455,13,4,-2,-8,-53,61,-9,-2,3
103.406479,-2,-7,-4,-19,-87,-69,32,44,3
103.408003,22,9,6,31,-4,-22,-56,-37,3
103.408030,-22,0,3,13,-47,29,-17,-90,3
103.428990,14,0,-3,0,-5,-42,-5,1,3
103.429008,-6,-4,-3,-6,-22,-45,1,0,3
103.430517,7,-2,-2,-20,-44,-4,8,14,3
103.430570,18,8,-2,-31,-58,65,40,25,3
103.452538,16,0,2,20,-10,75,-7,-61,3
103.452543,-13,-8,0,19,17,-60,4,39,3
103.452941,3,7,1,-3,57,-62,-30,-65,3
103.452948,-15,-20,-4,-3,-61,35,18,54,3
103.467415,1,-8,1,0,41,-14,-2,47,3
103.467420,4,3,-2,3,-22,25,-20,9,3
103.472702,-13,-6,-4,-9,-39,-27,11,26,3
103.472732,20,11,0,-4,21,-7,-11,-14,3
103.489184,-17,6,4,-1,-31,-59,-8,-1,3
103.489216,2,-2,0,2,24,1,-18,-14,3
103.491947,9,3,1,-3,-13,-29,8,13,3
103.491952,-13,12,6,-13,71,65,11,88,3
103.511988,34,-5,-9,0,59,56,28,-52,3
103.512017,-67,-13,-5,-8,84,93,-17,-32,3
103.513961,6,-7,-5,0,-22,0,22,62,3
103.513969,20,1,1,-12,-34,-40,2,0,3
103.525801,-2,2,-1,-15,-45,-38,-14,9,3
103.525832,14,5,0,-6,2,-5,-17,-3,3
103.532884,-12,-4,-2,-2,-6,7,18,-8,3
103.532915,-3,-6,-6,-9,2,-19,-12,-53,3
103.549008,0,5,2,3,-21,-53,-21,30,3
103.549032,-5,-2,-1,3,-6,0,1,-41,3
103.550545,-9,-6,-3,-8,1,-15,-5,4,3
103.550563,15,1,-2,3,-26,8,42,-23,3
103.571382,0,-2,-2,9,29,25,41,107,3
103.571406,-48,-7,-1,5,-18,-47,-2,-41,3
103.573056,2,-7,-2,-10,-58,-30,31,-7,3
103.573125,2,-3,-5,4,38,28,-39,-1,3
103.586223,-11,1,5,-3,-27,35,29,-67,3
103.586252,-20,0,0,0,-28,-4,-10,-16,3
103.592904,-6,0,-3,-12,5,-26,-6,24,3
103.592936,-1,-1,-2,18,12,-22,-8,13,3
103.609029,43,-2,-2,-5,-37,-44,-3,-7,3
103.609034,-5,6,0,5,47,98,40,14,3
103.610791,41,0,-5,-6,-103,32,-41,-20,3
103.610829,-8,-1,5,23,77,35,-6,-80,3
103.631454,11,2,-2,-1,-40,-59,-43,-32,3
103.631472,-31,-1,3,-9,-38,21,-14,-13,3
103.632959,-9,2,-1,10,122,-64,-7,24,3
103.632971,-21,-11,-5,-6,-47,13,18,-35,3
103.645762,8,-3,-2,1,-2,-35,16,15,3
103.645781,24,-4,-4,-1,17,-33,-34,13,3
103.652469,-21,-6,-3,-10,-37,-20,-1,-20,3
103.652485,11,5,0,-6,-11,-27,-4,63,3
103.669245,-23,-3,2,4,25,22,4,-46,3
103.669268,33,7,3,-4,-43,-10,-5,104,3
103.670997,-28,0,0,5,0,13,-8,13,3
103.671006,20,1,1,1,-26,33,-22,14,3
103.691466,-9,2,-2,-3,73,-30,-11,-18,3
103.691487,-3,-7,-8,-13,-44,-81,7,-4,3
103.693277,-1,-6,-2,5,-14,127,7,-81,3
103.695423,5,-3,-2,-17,32,-30,65,28,3
103.706112,-24,-1,-4,-4,-36,-3,-55,89,3
103.706149,41,-1,0,-2,3,-41,11,-61,3
103.712581,-7,2,2,0,-33,-11,0,-5,3
103.712598,-22,-2,-6,-14,-59,-85,-59,-54,3
103.728277,-1,1,4,-8,-97,-4,30,56,3
103.728295,20,-4,-4,6,-3,37,-69,82,3
103.729369,18,-1,-2,6,-20,21,-12,-8,3
103.729376,28,0,1,-3,-38,-8,-21,-62,3
103.750768,-12,1,-1,-2,-2,17,17,0,3
103.750789,-33,-4,-2,4,-7,30,-6,31,3
103.751393,2,1,1,5,26,-73,21,19,3
103.751406,4,-2,0,10,-31,2,-14,13,3
103.765138,-22,-1,-4,2,16,-23,39,-32,3
103.765155,12,-1,1,-6,-18,-54,-2,-19,3
103.772783,-1,7,2,-17,-82,25,44,58,3
103.772814,-33,-12,-3,6,30,23,51,-4,3
103.788323,18,0,0,-3,3,30,0,10,3
103.788346,10,-3,-2,0,-17,-78,-7,-5,3
103.790875,10,-3,-1,-7,0,-17,-26,7,3
103.790946,-12,3,1,4,36,5,-2,8,3
103.812583,4,4,5,5,-11,-25,-31,-4,3
103.812590,-6,1,-2,-1,14,96,9,-26,3
103.812592,0,0,0,-1,27,-25,-2,-5,3
103.812594,18,3,3,-5,-47,-43,33,44,3
103.825192,-7,-5,-5,0,86,89,-84,-43,3
103.825216,-1,-4,-5,-18,-31,82,23,5,3
103.832707,-17,-5,-2,13,0,19,81,-33,3
103.832730,-2,2,1,2,16,17,-7,-11,3
103.848207,6,-12,-5,-17,-47,-41,29,-10,3
103.849499,-12,3,1,-8,-87,14,31,-37,3
103.849504,11,-1,1,-4,95,-61,-46,10,3
103.849506,3,10,4,8,-18,6,-13,45,3
103.870661,-4,0,0,-6,-86,40,22,-19,3
103.872052,24,-3,-4,-5,108,12,22,-3,3
103.872057,3,-3,-3,-3,-15,5,8,26,3
103.872058,2,0,-2,-5,9,9,-18,-29,3
103.885167,-18,-1,0,2,2,-45,3,97,3
103.886285,7,4,3,14,24,-53,-14,-59,3
103.892711,-16,-12,-6,-4,-13,83,-18,36,3
103.894772,6,1,-3,-1,30,-63,-7,1,3
103.908356,35,-1,-1,4,-110,22,-31,-36,3
103.908378,-39,-1,2,6,36,-7,64,28,3
103.909381,47,3,-1,-1,-25,-10,-13,-11,3
103.909391,-11,1,0,-5,-15,78,-25,-12,3
103.930824,-15,-10,-5,-5,7,57,75,8,3
103.930843,30,5,0,-23,-42,-77,25,-68,3
103.932919,9,1,-4,-4,11,8,-72,29,3
103.932924,-7,-4,-2,12,-5,-5,11,16,3
103.945406,0,6,4,14,84,-35,-3,-17,3
103.945423,-15,-4,-1,-7,-24,-49,-19,33,3
103.952546,-22,2,4,-2,68,104,42,42,3
103.952562,14,-5,-7,-5,-20,-39,-41,-51,3
103.968435,-24,-3,-1,-1,-40,38,38,3,3
103.968457,7,-3,0,15,14,-5,-57,55,3
103.970622,-22,-5,-4,19,-40,5,11,-109,3
103.970626,-15,4,1,-1,3,27,18,8,3
103.990823,-13,1,-1,1,45,32,-21,-49,3
103.990854,19,4,4,10,53,36,26,14,3
103.993450,-19,-5,-4,-3,-16,-44,-6,-69,3
103.993477,11,-3,-1,-11,-26,-26,-5,-19,3
104.005350,-2,1,0,0,-17,-59,-34,10,3
104.005373,-9,-1,-2,-1,2,39,-6,-7,3
104.012636,12,-1,-1,0,90,-67,4,22,3
104.012653,-2,-1,-1,-9,20,-8,33,-31,3
104.029079,7,5,3,14,6,-69,-27,0,3
104.029087,-6,-2,0,28,-54,-25,-28,-30,3
104.029090,12,3,0,-9,-56,32,14,47,3
104.029092,-21,-8,-4,3,43,-77,-22,-16,3
104.050832,27,1,0,-6,85,15,-26,57,3
104.050860,-19,-2,-1,-9,21,25,-1,-10,3
104.052601,-6,2,4,-4,-53,-41,-12,9,3
104.052607,10,3,0,-12,-29,0,-65,23,3
104.065067,-16,-2,-7,-4,-127,-52,-13,-29,3
104.065083,-3,-3,1,24,66,57,66,-9,3
104.072756,-16,-1,3,2,-4,-67,-28,46,3
104.072788,-16,-6,2,6,36,-72,4,-3,3
104.088176,-11,-2,-1,2,67,15,51,43,3
104.088192,-3,2,-3,-10,-30,17,-2,5,3
104.090452,-1,-2,-3,0,10,-2,33,0,3
104.090473,20,2,-1,2,6,38,33,71,3
104.111098,-8,2,2,1,-20,5,-7,-21,3
104.111142,30,8,3,-5,-19,67,15,20,3
104.111389,-9,-6,-6,-9,-90,-65,-66,-4,3
104.111406,7,4,2,0,12,85,27,-5,3
104.133381,-7,-9,-8,-8,-7,-22,17,-19,3
104.133405,35,2,-3,-18,-7,87,-18,10,3
104.134966,-43,-3,2,4,-45,121,7,-32,3
104.134971,1,-1,-3,3,-27,-12,-14,27,3
104.148209,5,1,0,0,1,-23,7,-21,3
104.148232,-23,0,-1,3,67,-91,-45,-22,3
104.150542,49,3,-2,-9,6,-38,-45,9,3
104.150548,-31,-6,-2,-4,-22,9,8,-37,3
104.170829,7,1,2,4,13,-23,-3,84,3
104.170846,-18,-5,-5,-12,-13,48,35,-73,3
104.171374,-8,1,2,1,76,33,24,2,3
104.171380,20,-1,-1,3,-19,-15,36,12,3
104.193585,6,-4,-3,-10,-64,-19,-1,14,3
104.193633,-58,-5,-1,-3,25,7,8,4,3
104.195954,29,-6,-10,-2,-17,-72,1,79,3
104.195963,-2,5,3,2,1,39,36,-92,3
104.208301,25,8,6,1,1,-6,-24,36,3
104.208330,-16,-8,-7,-4,-48,37,-32,-41,3
104.209553,12,3,0,-4,-25,-6,30,11,3
104.209576,-16,-13,-6,-3,43,-27,-58,38,3
104.231300,-2,4,-1,-6,-53,10,-20,-23,3
104.231307,10,-4,3,14,56,-82,-28,5,3
104.231406,6,-3,0,-12,-43,12,-54,-29,3
104.231419,2,2,-3,10,-89,71,2,-12,3
104.253310,12,-7,0,14,7,-3,-2,-8,3
104.253334,-13,-1,-1,-4,-65,-43,2,23,3
104.254726,-1,7,4,-5,-71,-2,33,5,3
104.254730,25,-2,0,-1,-16,26,-15,13,3
104.268176,-23,-8,-6,-3,-36,19,-4,46,3
104.268194,20,2,3,5,-4,-46,10,18,3
104.269304,10,3,2,-1,19,4,43,-39,3
104.269312,4,-4,-4,-3,-72,17,-21,61,3
104.290967,-7,2,1,0,-24,-54,14,-108,3
104.290998,12,1,0,-8,-53,20,-15,47,3
104.292896,-11,-5,-4,-3,27,38,16,42,3
104.292998,5,5,3,2,43,-31,34,-16,3
104.313292,5,2,4,10,30,4,-2,50,3
104.313312,-7,-5,-4,-14,-56,-28,-23,-85,3
104.313953,23,-3,1,31,79,-28,16,79,3
104.313998,-67,0,0,-4,-80,34,-70,1,3
104.328335,12,-7,-6,-14,-4,19,7,3,3
104.328356,0,1,0,-6,18,20,6,17,3
104.329859,-24,2,-2,4,18,45,-39,-54,3
104.329870,25,-2,-3,-9,-65,-118,36,-4,3
104.350727,-1,4,0,0,94,20,-15,7,3
104.350753,18,1,-1,-12,-3,-36,-16,75,3
104.352653,-18,1,3,-2,3,6,-10,-51,3
104.352662,-2,-1,-2,1,112,-13,10,-34,3
104.373268,-4,-2,4,-3,-11,45,41,-58,3
104.373341,5,-7,-7,2,-19,-11,-2,-13,3
104.374128,-40,-8,-4,-7,-30,-22,6,-62,3
104.374149,2,-3,-2,-4,-50,-64,-13,-14,3
104.388513,12,1,0,-1,17,44,-10,22,3
104.388519,-1,1,-1,1,23,66,3,-12,3
104.388870,-3,0,-1,-7,-47,-114,-29,-30,3
104.388879,25,3,7,5,84,-58,35,-14,3
104.411117,-4,-3,-8,-13,24,43,40,0,3
104.411161,-18,1,2,10,-29,-88,-27,5,3
104.413050,19,1,-3,0,-12,-32,-19,2,3
104.413060,-12,-4,-6,-6,-1,-36,-6,79,3
104.434372,10,-1,-3,0,-5,-9,1,49,3
104.434376,5,6,4,4,-27,41,-9,-69,3
104.434378,-4,-8,-1,-4,9,25,35,81,3
104.434380,-14,-3,-2,-4,19,38,-17,-80,3
104.450501,16,-3,-4,-5,-108,-36,9,15,3
104.450512,-10,-1,-2,-6,-67,-50,12,1,3
104.450514,0,-1,-1,1,4,61,2,37,3
104.450516,31,-4,0,-2,-77,91,39,5,3
104.470636,-32,1,1,-2,-2,-27,-3,-29,3
104.470653,7,-6,-6,8,72,60,9,1,3
104.471429,12,4,3,-2,-6,50,7,7,3
104.471433,-34,-1,0,3,-50,-52,19,35,3
104.493744,-4,-4,1,8,38,-1,-14,-11,3
104.493784,16,-1,4,5,25,-22,20,-12,3
104.494994,-19,-4,-5,-6,-39,-45,116,-57,3
104.494999,-15,-3,-3,-4,23,9,27,17,3
104.508363,19,3,2,4,33,84,-20,-73,3
104.508382,-30,-2,0,0,-13,-78,-51,20,3
104.509376,19,-6,-5,-5,25,-5,18,15,3
104.509383,17,9,1,-2,56,17,-77,-34,3
104.530669,-31,-5,-2,-5,0,19,26,14,3
104.530687,1,-7,-4,-5,-86,-15,-27,22,3
104.531446,10,6,-1,3,69,24,2,31,3
104.531495,-24,-1,1,4,43,68,38,49,3
104.553234,41,5,1,-6,-61,-35,-21,17,3
104.553258,-15,0,0,-8,9,-77,-18,-45,3
104.555887,-12,-3,-2,21,-23,17,-48,-11,3
104.555902,15,2,-3,2,101,57,2,-16,3
104.576647,-18,-4,-1,-3,-8,-31,-23,-44,3
104.576685,15,0,0,4,24,54,31,-5,3
104.577541,-2,4,0,-13,-2,-36,31,-7,3
104.577575,-17,-2,0,4,-42,22,-93,-3,3
104.591748,-6,-7,-7,4,15,-72,2,-23,3
104.591759,18,2,0,-12,-34,22,-15,48,3
104.591761,-16,-1,-1,0,28,23,-61,-8,3
104.591763,21,-1,-2,-3,-8,36,41,30,3
104.613270,-14,2,2,-1,21,-15,12,2,3
104.613293,7,0,-1,10,72,53,20,43,3
104.613975,0,-5,0,-6,-69,-44,-44,44,3
104.614900,8,-4,-4,-3,7,106,16,48,3
104.628476,-5,7,-1,-2,73,72,-5,40,3
104.628501,-12,-7,-2,2,70,4,73,-21,3
104.629973,36,3,1,-8,-3,13,32,35,3
104.629979,-2,3,2,9,87,55,35,-54,3
104.650852,21,-1,2,8,-28,-68,-23,33,3
104.650871,2,7,0,1,-20,-16,-16,24,3
104.652613,-5,1,1,-3,18,77,24,15,3
104.652620,-1,-4,2,-1,-14,-32,-19,-109,3
104.673242,-5,-1,-1,-3,-32,-3,-4,-4,3
104.673274,-7,3,-1,-9,-87,13,24,24,3
104.674026,1,-1,-2,-3,58,-25,-4,-48,3
104.674055,-7,-1,2,10,-48,-68,16,40,3
104.688158,-2,-2,-2,-4,-37,68,-5,-3,3
104.688181,-5,0,-2,-5,-19,14,35,-17,3
104.689262,-7,-1,-1,2,-49,-2,-5,1,3
104.689274,7,3,-2,-10,-71,-35,-3,-11,3
104.711184,-24,-6,-2,-3,3,-33,8,-7,3
104.711218,3,1,0,2,3,44,12,11,3
104.712502,-4,0,-1,-1,-10,-21,-14,-2,3
104.712510,-16,-13,-12,-12,46,57,37,-13,3
104.733279,-13,2,2,2,27,19,8,-51,3
104.733291,-13,-1,-3,-9,-20,-46,-9,6,3
104.733891,-17,-9,-1,0,12,-93,-20,-10,3
104.733932,21,3,4,4,-4,-11,-3,47,3
104.748155,-18,-4,-2,0,4,-33,-4,14,3
104.748172,13,-2,1,2,37,-13,30,-10,3
104.749281,7,3,-2,-5,-50,65,13,21,3
104.749285,-8,1,0,-13,-121,-69,-54,-2,3
104.770690,4,0,-1,1,96,-44,-42,-17,3
104.770712,13,5,5,10,7,-14,-12,-45,3
104.771768,11,2,-1,2,53,15,-31,39,3
104.771773,6,-7,-4,-2,-87,-30,35,19,3
104.793542,6,3,0,-5,-14,76,-40,42,3
104.793634,13,-3,-3,-3,-3,64,-22,64,3
104.795145,-43,0,0,1,12,7,-16,-76,3
104.795226,0,1,3,0,21,59,-4,-3,3
104.808261,14,6,1,5,66,-5,-12,93,3
104.808284,-11,-8,-2,-13,9,-29,-18,-69,3
104.810009,20,2,0,1,-77,5,-3,-12,3
104.810032,11,1,-2,7,76,-54,-29,4,3
104.830717,-20,-9,-7,-10,-108,-41,18,-46,3
104.830739,9,-2,-1,3,62,21,-15,30,3
104.831489,-65,-5,-1,-5,-1,11,-6,-52,3
104.831504,-23,0,-2,-3,-7,10,20,-26,3
104.853144,8,0,-1,-6,-24,2,18,15,3
104.853161,-17,-2,-2,4,-70,-84,-36,-3,3
104.854068,2,2,0,0,14,79,41,-2,3
104.854072,42,10,5,0,-46,-72,-20,48,3
104.869555,-5,-10,-4,5,69,57,26,-1,3
104.869560,-9,2,-1,3,36,-2,14,-2,3
104.875695,5,-4,-5,-1,13,-6,49,7,3
104.875719,-5,-3,-1,-5,-31,-83,-73,9,3
104.891163,14,4,1,-2,-29,-52,14,-6,3
104.891177,-17,0,-1,2,-23,24,-8,-36,3
104.891520,10,-1,0,6,28,-2,-3,9,3
104.891535,10,-4,-5,-4,1,16,26,38,3
104.913222,-12,3,3,1,-43,-39,-25,-55,3
104.913241,-23,-4,-5,-5,36,-38,-50,-42,3
104.914263,-10,-10,-5,-6,-13,-12,30,-51,3
104.914269,-2,-7,-3,-15,82,11,6,-3,3
104.927932,-9,-5,0,23,-4,-88,-31,21,3
104.927966,0,0,-1,-1,-21,15,-5,2,3
104.936064,14,1,-3,-2,61,30,-25,60,3
104.936094,-21,-1,-2,-11,-66,-41,-7,-33,3
104.950653,28,0,-2,-3,18,63,20,15,3
104.950671,39,-5,-8,-8,73,45,25,71,3
104.952002,-17,6,5,1,-37,43,-40,-3,3
104.952008,-30,-5,-5,5,3,34,22,35,3
104.973804,-25,-2,-3,-7,-13,20,12,-50,3
104.973860,0,-2,3,4,-28,74,41,24,3
104.974294,3,2,0,-2,-97,-50,8,-18,3
104.974309,11,0,-1,7,46,10,-10,24,3
104.987455,-11,1,3,-2,-24,38,6,-7,3
104.987471,4,-1,-3,-7,-75,-37,13,12,3
104.995817,-16,-5,1,3,18,8,37,-24,3
104.995840,-13,6,-1,1,71,120,-52,-32,3
105.011021,11,-15,-10,-5,-30,-54,16,-88,3
105.011038,0,1,1,3,37,-69,-15,18,3
105.012626,13,-3,-1,0,-8,-40,0,18,3
105.012631,-14,0,1,2,-28,-12,-7,-20,3
105.033214,5,4,3,-2,24,39,15,42,3
105.033257,8,3,1,0,-14,6,10,-6,3
105.033991,3,3,0,0,-11,-7,-20,-11,3
105.033999,32,-2,-1,-2,14,-32,27,86,3
105.047515,-11,1,2,-3,-30,-12,-24,-72,3
105.047531,-3,5,5,1,-35,55,54,7,3
105.056349,51,3,-3,-8,-12,34,-58,-11,3
105.056395,-44,-10,-3,5,12,45,56,-62,3
105.071011,-11,-7,-3,-3,21,8,34,37,3
105.071034,-13,-1,-3,0,-9,16,-48,-20,3
105.074689,-6,2,1,-13,8,-47,15,5,3
105.074699,12,6,2,25,-26,25,1,4,3
105.095919,24,2,0,-1,-22,16,-2,-49,3
105.095926,-3,-2,-2,1,-2,-10,-1,-6,3
105.095928,5,-2,-1,-1,-7,-31,2,14,3
105.095929,-7,-1,-1,-9,-9,-37,-23,-36,3
105.107741,-7,2,0,3,15,-12,-12,39,3
105.107765,10,1,4,-2,-97,-25,-8,32,3
105.116162,-17,-8,-9,-3,-30,-44,-17,-67,3
105.116193,-35,1,3,5,22,11,10,-16,3
105.130774,24,-3,-1,-2,-2,100,27,-17,3
105.130791,30,-3,-3,-6,-44,-11,-17,3,3
105.131479,-13,-2,2,1,-16,-28,-30,71,3
105.131498,-3,-1,-4,-8,-31,19,-21,2,3
105.153172,-10,1,1,-2,-16,-14,-5,-3,3
105.153196,-12,0,-3,2,49,0,8,-15,3
105.154048,14,2,3,3,18,26,24,46,3
105.154052,12,-1,-2,2,37,-38,-22,-32,3
105.176636,8,1,-1,-13,66,-9,36,20,3
105.176670,6,-1,-3,2,17,45,26,-14,3
105.177623,-33,-3,-2,3,42,23,0,44,3
105.177673,14,-2,3,-4,-41,-41,10,-10,3
105.190781,8,0,-2,-5,-14,-4,-11,75,3
105.190803,-21,-6,-4,-1,98,3,-10,24,3
105.191525,33,3,-1,3,30,-46,2,11,3
105.191549,-19,-1,0,-7,-16,-10,12,-82,3
105.213268,-14,-1,2,8,-38,-70,6,22,3
105.213285,3,3,3,4,59,84,-43,23,3
105.214458,10,3,-2,1,-31,-17,0,-49,3
105.214462,22,-2,-3,2,-10,-14,0,35,3
105.236306,1,3,2,3,-15,45,6,28,3
105.236322,-18,-4,-1,4,43,-26,42,-24,3
105.237135,-8,-1,0,1,-77,15,-16,-21,3
105.237207,8,-5,-3,-10,-17,28,24,16,3
105.251266,-23,-3,-2,12,91,68,-21,-12,3
105.251276,26,2,3,-3,-65,-38,-3,-27,3
105.251389,2,-2,-4,3,-14,28,6,32,3
105.251421,3,4,4,-1,-40,53,34,38,3
107.275740,20,10,0,0,-1,-2,-1,-1,0
107.276052,-6,-14,-2,0,0,0,0,0,0
107.282942,-3,0,-3,-3,-2,-2,0,-3,0
107.282971,-11,8,-1,-1,-2,-2,-1,-3,0
107.299071,11,-11,-1,1,-1,1,0,-1,0
107.299096,13,-1,-3,-2,-1,-1,-1,-5,0
107.301263,40,1,-2,0,-2,-3,-2,2,0
107.301333,-61,-9,-2,-1,-1,-1,1,-2,0
107.321376,-24,-5,3,1,1,-1,-1,-2,0
107.321385,-16,1,-8,-2,-1,-4,0,-1,0
107.323115,9,27,16,8,8,1,1,1,0
107.323142,24,-14,-4,-6,-11,-1,-2,-4,0
107.335893,4,5,-2,-4,-2,-2,-1,0,0
107.335918,-6,-15,-3,-2,10,0,-1,-2,0
107.342613,-2,11,-18,-11,-33,-1,-2,-2,0
107.342652,-6,-3,12,5,4,1,1,1,0
107.358909,-6,-17,1,-3,-1,0,-1,-1,0
107.358931,1,-9,2,8,-6,0,-1,2,0
107.360869,-3,-5,-5,-6,6,-2,-2,-9,0
107.360907,-10,4,-8,0,1,-1,-1,-1,0
107.381417,52,2,-6,-1,-5,1,0,0,0
107.381433,-54,1,0,-4,4,-2,-1,-3,0
107.383244,4,-1,-3,0,4,1,-1,2,0
107.383250,-18,-2,-5,0,-1,-1,-1,-2,0
107.395705,5,0,-1,-1,4,-2,1,0,0
107.395726,-6,0,1,0,-4,0,-1,1,0
107.402518,7,-10,2,-4,3,-1,2,1,0
107.402534,-7,-6,-4,1,-4,-2,-2,-3,0
107.418842,10,-9,-4,-1,-1,0,0,3,0
107.418888,-24,21,-1,-1,-4,-1,-1,-2,0
107.420295,-14,-5,3,1,-1,-2,-1,1,0
107.420307,12,9,-1,-5,4,-3,-2,-3,0
107.441569,-7,-3,-10,-2,-1,-2,-1,-3,0
107.441589,8,-12,-3,-2,-3,0,0,0,0
107.443078,17,14,2,-1,4,0,0,1,0
107.443103,-19,-23,-2,-1,7,-1,-1,1,0
107.456188,-9,-9,-6,3,-5,-2,-2,-1,0
107.456218,18,4,-1,-3,-2,-3,-1,0,0
107.462593,-15,-10,0,0,-1,-2,-1,-4,0
107.462612,27,5,-2,-3,-1,0,-1,1,0
107.478961,-26,-3,1,-2,-2,-1,-1,-2,0
107.478973,10,-1,-4,-1,0,-1,-1,-1,0
107.480428,-6,4,5,0,2,-1,-1,0,0
107.480449,-12,1,-5,-3,-3,-1,-1,2,0
107.501734,13,18,4,-2,1,-2,-4,-3,0
107.501765,2,-23,-1,2,0,0,1,2,0
107.503697,-25,-5,-2,-1,0,0,0,-8,0
107.503701,-13,-9,-1,-1,-3,0,1,0,0
107.515913,13,14,4,-1,0,-1,-1,1,0
107.517894,1,5,-1,-4,2,-1,-2,-2,0
107.525044,-3,-8,-2,4,0,-1,-2,1,0
107.525051,10,10,0,-1,-1,-1,-2,0,0
107.540948,-20,-4,-1,-1,0,0,-2,-5,0
107.540955,18,2,1,-2,-1,0,-1,0,0
107.540958,39,10,1,-1,-2,-1,-1,1,0
107.540960,-44,-17,-8,-4,-4,-3,-2,1,0
107.561478,-4,-18,-1,0,-1,-1,-1,-2,0
107.561496,-10,3,4,1,-3,-1,-1,-1,0
107.563542,24,19,-3,-1,-2,-1,0,3,0
107.563548,16,-7,0,1,-2,-2,-2,-2,0
107.575073,-1,-7,-8,-5,-1,0,-1,-2,0
107.575091,-13,4,0,-1,-1,-1,1,-3,0
107.585937,-19,-19,-1,-2,-1,-2,0,1,0
107.585944,16,10,-6,0,-2,-1,-1,1,0
107.598978,-7,17,8,1,1,-1,-1,0,0
107.599001,-3,-1,-3,0,-3,-3,-1,-1,0
107.601497,1,3,-2,-1,-1,-2,-2,1,0
107.601504,11,-14,0,0,-1,0,-1,0,0
107.621525,-22,-22,-4,-2,-2,-1,0,-1,0
107.621548,20,8,-1,0,-1,0,-1,1,0
107.623057,-9,-14,-3,-2,-1,0,1,-1,0
107.623078,11,21,5,-1,-1,-2,-3,-5,0
107.635025,4,6,-2,0,-1,-1,-2,1,0
107.635048,-19,2,-2,-4,0,-4,-2,-3,0
107.645444,-10,-21,-6,-3,-1,-1,-1,1,0
107.645452,8,21,8,3,1,0,0,-3,0
107.658955,12,8,0,0,-1,0,2,1,0
107.658977,-10,-28,-3,0,-2,-1,-2,-2,0
107.661160,2,3,-2,-1,0,-2,1,-1,0
107.661178,18,2,-3,-3,-1,-1,-1,1,0
107.682335,9,7,-1,-2,-2,-1,-1,0,0
107.682360,17,19,4,0,-1,0,0,3,0
107.683220,-12,-3,0,0,0,0,0,-2,0
107.683228,-12,-7,-4,-2,-2,0,-1,0,0
107.696406,3,2,-4,-1,6,0,-2,-4,0
107.696413,-2,-9,2,-2,-11,-1,-2,-2,0
107.704460,-4,9,3,1,1,-2,-1,-2,0
107.704465,-19,-9,0,-1,0,-1,0,0,0
107.718838,10,-13,-6,-1,0,-1,-2,0,0
107.718860,0,2,-5,-1,0,-1,0,-1,0
107.720338,2,-5,0,0,0,-1,-2,-2,0
107.720346,1,7,-3,-1,-2,0,-1,0,0
107.741954,-15,-4,6,1,-3,-1,-1,-4,0
107.741959,-1,-2,-2,-1,-2,0,-1,0,0
107.742810,5,5,-1,-2,-3,0,-3,-1,0
107.742823,3,4,2,-4,3,0,1,-2,0
107.755426,-13,16,2,1,-1,-1,-2,-1,0
107.757920,5,-42,-6,2,4,-2,-1,0,0
107.764969,-5,-2,-5,-2,0,0,-2,-1,0
107.764975,-4,0,-1,-2,-1,-2,-1,-1,0
107.778944,-8,0,-4,-3,-4,-2,1,-1,0
107.778968,2,19,8,0,0,2,0,0,0
107.780303,2,-5,-1,-2,-2,-1,-1,1,0
107.780312,-12,-26,0,1,-1,0,-2,0,0
107.801494,18,14,1,2,5,-1,-1,1,0
107.801518,6,12,-3,-2,-8,-3,-2,-3,0
107.804122,-24,-8,-3,-3,-1,0,-1,-1,0
107.804169,-5,12,5,0,-1,-1,1,0,0
107.815024,3,-22,-1,0,0,2,-2,-2,0
107.815041,9,-2,-3,-2,3,0,-1,0,0
107.825768,0,21,4,0,-1,0,-1,-2,0
107.825778,1,-26,0,0,-2,-1,-1,-1,0
107.839005,-6,-17,-6,-3,-3,-2,-1,-1,0
107.839137,-10,-3,-1,0,2,-2,1,-3,0
107.840656,6,3,-2,-4,-3,-1,-2,-1,0
107.840681,-7,15,-3,-2,-1,-1,-1,-1,0
107.861580,16,7,4,4,-1,-1,-2,1,0
107.861597,8,5,-1,-1,0,-1,-1,0,0
107.863012,-6,-4,5,3,0,-1,-2,0,0
107.863020,-14,0,-3,-3,-1,-2,-2,-5,0
107.875123,-5,-3,-1,-2,-2,-1,-1,2,0
107.875146,-1,5,-3,-3,-3,-2,-3,-5,0
107.883935,9,-8,-2,-1,0,-1,0,0,0
107.883944,-3,-7,-2,-2,-1,-1,0,0,0
107.898808,-6,4,-2,-1,-1,-1,1,0,0
107.898847,7,-2,-2,-3,2,0,-1,2,0
107.900347,13,20,5,2,-2,-2,-1,0,0
107.900363,-12,-22,-3,1,5,0,0,0,0
107.921441,2,-1,-3,-4,-12,-3,-1,-2,0
107.921464,16,2,2,-3,0,0,-1,0,0
107.924124,-25,-4,-4,-2,-3,-2,-2,-1,0
107.924129,4,10,-1,-1,0,-2,-2,-2,0
107.935191,4,3,0,0,-1,0,0,-2,0
107.935208,-14,-22,-3,-1,-2,-1,0,-2,0
107.946368,4,0,0,-3,-2,0,0,0,0
107.946375,7,5,0,-3,-3,-2,-1,0,0
107.958910,-3,1,-3,-1,-1,-1,-1,-1,0
107.958937,-8,6,-1,-5,-1,-2,0,-1,0
107.961689,3,-10,-2,2,1,-1,-1,0,0
107.961698,-2,5,-1,0,-1,-1,-1,-1,0
107.981451,1,-3,1,-3,-1,0,-1,-2,0
107.981467,-5,3,2,1,1,-2,-2,0,0
107.983022,6,-3,-4,-3,-2,-2,0,-3,0
107.983041,-2,4,-1,0,-3,-1,0,4,0
107.995437,0,9,1,1,0,0,-1,-8,0
107.995471,-12,-24,-5,-1,-1,-2,-5,-4,0
108.004297,3,-4,-2,-1,-1,-1,-1,-1,0
108.004306,-9,6,-1,1,-3,-1,0,1,0
108.018856,4,-3,0,-2,0,-1,0,3,0
108.018878,1,14,2,-2,-1,0,-2,-1,0
108.020312,13,0,0,-2,0,-1,-1,-1,0
108.020327,-21,-1,-2,1,0,-2,-2,-2,0
108.041367,1,-5,-4,-2,-1,1,-1,2,0
108.041406,-3,0,0,4,-1,-2,1,1,0
108.043168,-3,0,-2,-9,-1,-1,0,-1,0
108.043210,6,8,3,5,1,-2,-1,-3,0
108.064036,-6,-4,-2,-2,-1,-1,-1,0,0
108.064060,3,15,-6,-3,-3,-2,-3,-3,0
108.066464,-5,-22,1,4,5,-1,-1,0,0
108.066471,-2,1,0,-6,-11,-2,-1,-3,0
108.078889,-2,-12,-1,-1,-2,-2,1,0,0
108.078909,-3,12,2,-1,0,-1,-1,-2,0
108.080466,-16,-3,-7,-1,-1,-2,-2,-3,0
108.080480,-8,3,1,-3,1,0,-2,0,0
108.101310,16,-3,-1,-1,-1,-2,-3,-4,0
108.101321,1,0,-2,-3,-2,0,1,2,0
108.102803,-1,3,1,-1,-2,-1,-1,-2,0
108.102812,16,10,-4,0,-1,-2,1,-2,0
108.124023,-9,-16,-4,-3,-2,0,1,0,0
108.124105,-11,-6,-2,0,0,-1,-3,-3,0
108.126195,10,2,4,1,-1,0,1,1,0
108.126211,6,-1,0,-1,-1,-1,-2,0,0
108.139703,-7,7,2,-2,-2,-2,1,-2,0
108.139739,-1,-4,-2,-1,0,1,-1,0,0
108.142387,1,1,0,1,-4,-2,-2,2,0
108.142394,3,-3,-1,-6,0,0,0,0,0
108.161508,-11,10,3,3,1,-2,-1,0,0
108.161527,43,3,1,1,-1,-1,0,0,0
108.163174,-5,12,1,2,-2,0,-1,-1,0
108.163180,-46,-42,-9,-3,0,-2,-4,-5,0
108.184232,3,1,-1,-4,-6,-2,-1,2,0
108.184253,-14,-6,-1,0,0,0,1,2,0
108.185446,26,14,1,-3,-2,-1,0,0,0
108.185462,25,11,2,0,-2,0,-1,0,0
108.198276,-15,-10,-2,0,1,-2,-2,0,0
108.198292,5,5,0,-1,-1,0,-1,-1,0
108.205313,-8,-9,-8,0,-2,-2,-1,-3,0
108.205342,6,-3,1,0,1,2,1,1,0
108.221808,-9,24,11,-1,0,-1,-1,0,0
108.221844,-2,0,-1,1,-1,-1,0,1,0
108.224370,-9,-4,-3,-3,0,-3,-3,-2,0
108.224380,0,1,-3,0,0,0,-3,-1,0
108.244088,14,-10,-5,-2,-1,-1,0,1,0
108.244130,-12,-8,-2,0,-3,-1,-2,-3,0
108.245500,-11,-9,-2,-2,-1,0,-1,-1,0
108.245518,57,20,2,0,-1,-2,-1,1,0
108.258254,-16,11,3,0,-1,-1,-3,-2,0
108.258276,-12,-35,-7,-3,1,-1,-1,-1,0
108.265016,4,-4,1,1,1,0,-1,-2,0
108.265032,-12,-2,-2,-2,0,0,-1,-7,0
108.281497,21,5,-4,0,0,-2,0,-2,0
108.281513,-7,2,0,-1,-1,-2,-1,-2,0
108.282902,-3,3,0,-2,0,-1,0,0,0
108.282942,13,3,1,-2,-1,-2,-2,2,0
108.304169,-7,-7,-3,-2,0,0,-1,-2,0
108.304180,-2,4,2,-2,-2,-1,-1,-1,0
108.305301,-2,-3,-3,-2,-2,-1,-1,0,0
108.305402,-12,0,-2,-2,-1,-1,0,0,0
108.319369,-2,-7,1,1,2,-1,-1,-2,0
108.319375,-6,4,-2,2,9,-1,0,-2,0
108.325079,-8,2,2,-2,-7,-1,-1,-3,0
108.325103,-4,-1,-2,-3,-2,-1,-1,-1,0
108.341549,0,-8,-3,1,-2,-2,-2,0,0
108.341566,7,4,-2,-1,-1,-1,-1,0,0
108.343661,-2,-13,-3,-2,0,-1,0,0,0
108.343670,-9,-5,-5,-2,-1,-1,-3,-6,0
108.366337,2,3,-1,-2,-2,-1,-1,-1,0
108.366344,8,10,3,-1,-2,0,0,3,0
108.366347,7,1,-2,-2,-1,-1,-3,-4,0
108.366348,-17,-9,2,2,-1,0,0,2,0
108.378323,1,3,-1,-2,-1,-1,-2,-4,0
108.378342,-8,0,1,-2,-3,0,-2,2,0
108.385205,16,4,-2,-1,0,-1,-1,0,0
108.385227,-15,1,0,-1,0,-1,0,2,0
108.401571,-13,-10,-2,-1,0,0,-1,0,0
108.401592,5,-11,-4,-2,-3,-2,-1,0,0
108.402995,7,5,0,-5,0,-3,-1,-2,0
108.403011,0,7,0,6,2,-1,0,-1,0
108.424168,5,5,2,0,-2,0,-1,-1,0
108.425633,-13,4,2,0,-2,-2,-1,0,0
108.425645,2,-4,-3,2,0,-1,-1,0,0
108.425731,-1,-3,0,-2,-2,-1,-2,-2,0
108.438640,8,-2,-7,-2,-4,-3,-2,2,0
108.438668,25,11,2,1,-1,1,-3,-2,0
108.445030,-78,-13,-3,0,0,1,-3,-3,0
108.445046,-27,-14,-1,-4,-3,-3,-1,-1,0
108.461764,-3,-3,-2,0,-1,1,-1,-4,0
108.461794,12,-2,-1,-1,-1,-2,-1,-2,0
108.462985,18,11,0,-4,-5,-1,-1,2,0
108.463001,7,5,1,2,-2,0,0,-1,0
108.484409,-4,-10,-4,-3,1,-1,0,0,0
108.484440,31,16,9,0,-2,-3,1,-1,0
108.485796,-23,20,5,3,3,2,0,0,0
108.485800,-19,-56,-13,-4,-2,-3,-3,-4,0
108.498345,9,3,-2,-3,-2,-1,-2,0,0
108.498361,-8,-7,-3,-1,-1,-1,-2,-1,0
108.505165,18,7,1,1,-1,-2,0,1,0
108.505187,19,14,1,-3,-1,0,0,1,0
108.521302,-5,-3,-6,-3,-3,-3,-2,-3,0
108.521335,-11,3,3,-1,1,0,1,-1,0
108.523124,10,-5,3,2,0,0,-1,-1,0
108.523157,10,10,1,2,-1,-1,0,-1,0
108.544451,-19,-6,-1,-2,-1,-1,-1,-3,0
108.544507,-8,1,-7,-3,-3,0,-1,-4,0
108.545886,-2,-17,-3,-2,-3,-2,-2,-1,0
108.545893,7,3,-1,-2,1,0,-3,-3,0
108.557786,1,4,2,-1,-2,-1,-1,1,0
108.557810,0,-1,-2,-1,-2,-1,0,-1,0
108.568996,20,12,-2,0,0,-1,0,1,0
108.569000,26,-30,-5,-1,-3,-2,-2,-1,0
108.583405,-34,9,5,1,0,0,-1,-1,0
108.583414,-45,-26,-7,-3,-2,-1,-2,-4,0
108.583419,15,6,-3,-3,-2,-2,1,0,0
108.583423,10,14,1,1,-2,-1,1,2,0
108.603978,23,6,1,2,1,-1,1,1,0
108.603995,2,2,1,0,0,-2,-2,-1,0
108.605470,-4,-9,-3,-1,-1,0,-1,0,0
108.605478,-3,9,1,-2,-1,0,1,-1,0
108.617587,-1,-7,-3,-1,-1,-1,-2,-3,0
108.617653,-5,2,-1,-2,-1,-1,-1,1,0
108.627517,1,-9,0,-2,1,-2,-1,-2,0
108.627524,-8,6,1,0,-2,-1,-1,0,0
108.641511,7,0,-1,0,0,-1,1,0,0
108.641532,2,-5,-4,-1,-1,-1,1,1,0
108.643097,0,1,2,-1,-1,-1,-1,0,0
108.643102,-12,2,-4,-1,-1,-1,-1,-5,0
108.663840,2,-13,-7,-3,-2,-1,-2,-2,0
108.663855,-6,2,3,0,1,-1,-1,-1,0
108.665316,-4,-4,-2,1,7,0,-3,0,0
108.665329,-2,11,3,-1,-8,-1,-1,3,0
108.677822,8,-1,-2,-2,-1,0,0,0,0
108.677982,5,-2,-2,-1,-1,-2,0,-1,0
108.688301,-7,-2,-1,0,-1,-1,0,-1,0
108.688306,1,0,-1,-2,2,0,-1,1,0
108.701464,-2,0,-1,0,0,-2,-2,-1,0
108.701481,-1,-2,-2,-4,-2,0,-1,-3,0
108.702959,-3,-5,-3,0,-2,-2,-2,-4,0
108.702963,-3,0,-2,-4,1,0,-1,-1,0
108.725886,2,1,3,2,-3,-2,-2,-1,0
108.725896,-3,0,2,1,1,-1,0,-3,0
108.725898,7,-2,-5,-1,-3,0,0,-1,0
108.725900,-18,12,-1,0,-1,-2,0,-3,0
108.737788,-4,-10,1,-2,0,-2,0,2,0
108.737811,4,-3,0,0,-1,-1,0,1,0
108.747580,1,1,-1,-1,-2,0,0,-2,0
108.747587,20,-14,-1,0,1,0,-1,0,0
108.761334,-8,13,1,-1,-2,0,-1,-3,0
108.761353,-23,0,-1,-1,-2,-2,-2,-3,0
108.762917,8,-5,0,-1,-2,-2,0,1,0
108.762934,-27,-2,-2,-1,1,-2,-1,-4,0
108.783856,17,-3,0,-3,0,0,0,0,0
108.783874,7,5,0,-3,-7,-1,-1,-1,0
108.785411,-6,-1,0,-1,-3,1,0,-1,0
108.785440,17,3,0,-2,0,-1,0,-2,0
108.797556,-1,-2,-3,2,-1,1,0,3,0
108.797572,8,-3,-4,-2,0,-2,-1,-2,0
108.808619,-24,4,2,-3,-1,-1,0,2,0
108.808671,-5,2,1,0,-2,-2,-2,-3,0
108.821715,8,-7,-2,-2,2,-1,-1,3,0
108.821742,-14,-5,-4,-1,0,-2,-2,-3,0
108.823219,11,4,-2,-1,-3,0,-1,-2,0
108.823240,-13,-15,-3,0,2,0,0,-1,0
108.844447,-10,-3,3,-2,0,1,-1,-2,0
108.844479,36,-3,-6,0,0,-3,-1,2,0
108.846655,-46,-9,-1,-2,-1,-1,0,-2,0
108.846661,4,9,1,0,0,-1,-1,0,0
108.857683,-1,3,-1,0,0,-2,-1,-2,0
108.859061,-7,-5,0,2,0,-1,0,0,0
108.867054,21,4,-2,-3,-2,-2,-1,-3,0
108.867059,0,5,0,-5,-1,0,-2,0,0
108.881342,-9,10,-1,3,-2,0,-2,0,0
108.881379,31,-6,0,-3,-2,-1,0,4,0
108.882899,-71,-25,-1,0,-1,-1,-2,-6,0
108.882913,-6,-6,-4,-1,-3,-1,-1,2,0
108.903892,19,0,-2,-4,-3,-2,-1,-5,0
108.903909,-6,10,0,1,-1,1,-1,0,0
108.905472,26,2,0,-1,-1,-1,1,0,0
108.905483,5,-2,-2,3,-2,-2,-1,-1,0
108.917628,-23,-3,-2,0,0,-2,0,-2,0
108.917644,11,3,0,-3,1,0,0,1,0
108.928068,38,16,-1,1,0,1,-2,1,0
108.928076,-30,-19,1,-2,0,-1,-1,4,0
108.943847,-3,-10,-7,-2,-1,-1,-1,-1,0
108.943864,-22,-5,-5,-1,-1,0,-1,-4,0
108.943867,4,0,-3,-6,-1,-3,-3,-7,0
108.943869,8,7,0,6,2,0,0,0,0
108.963999,10,6,1,0,-1,0,-1,0,0
108.965914,-16,-10,1,-2,-1,0,-1,1,0
108.965921,4,1,-1,0,0,0,0,2,0
108.965923,22,10,-1,-2,-1,-2,-1,-1,0
108.986521,-2,5,0,-3,0,-1,-1,-3,0
108.986544,-11,-11,1,1,-1,-2,-1,0,0
108.988505,10,-10,-3,0,-1,-1,0,1,0
108.988511,16,-5,0,-1,-2,-2,-2,-2,0
109.001925,-9,-1,-1,0,3,-2,-2,0,0
109.001958,3,8,0,-6,-13,-1,-3,-3,0
109.004389,-11,-2,-5,-1,-2,-1,0,0,0
109.004397,-3,12,9,1,1,1,-1,-2,0
109.023932,14,-8,-5,-3,-2,0,-1,0,0
109.023952,-2,1,-1,-1,3,-1,-2,-3,0
109.025665,5,-2,-1,2,-2,0,0,1,0
109.025698,0,-6,-4,-4,-4,-1,-2,-2,0
109.046365,-7,1,1,-1,0,-1,-2,-1,0
109.046381,-1,10,-4,-2,1,0,-1,-1,0
109.047887,1,-1,3,2,-3,-2,-1,-2,0
109.047899,-14,-21,-3,-4,-1,-2,-1,5,0
109.061564,-3,-12,-2,-1,-4,-3,-4,-11,0
109.061583,-9,0,-1,3,1,-1,0,-1,0
109.062994,26,12,0,-2,2,0,0,0,0
109.062999,-24,9,0,1,-2,-1,0,-1,0
109.083913,3,-6,-7,-2,-1,-1,0,-3,0
109.083934,0,-2,-2,0,-1,-1,0,0,0
109.085545,-9,0,0,-1,-2,-1,-2,-5,0
109.085624,11,7,-2,-1,-1,-1,0,1,0
109.106435,-1,-12,4,-1,-3,0,1,1,0
109.106457,-1,1,-2,1,1,-2,-2,-2,0
109.108112,41,0,-2,-1,-1,-1,0,6,0
109.108116,-65,0,-3,-2,-3,-2,-3,-8,0
109.120683,-15,3,1,2,1,-1,0,-1,0
109.120700,-1,-10,-4,0,3,0,-1,-1,0
109.128576,-1,-8,-1,0,-1,-2,-1,2,0
109.128581,35,9,-3,-4,-2,-2,0,-1,0
109.144717,2,2,2,-2,-2,-1,0,1,0
109.144730,-12,-2,2,0,-1,-1,-1,-3,0
109.145440,-19,1,1,0,-3,-3,-2,-1,0
109.145492,8,16,0,-1,2,-1,1,-1,0
109.167025,-14,-22,-6,-2,-3,-3,-2,-4,0
109.167043,14,-3,0,-1,-2,0,2,2,0
109.168557,-10,0,-2,0,7,-1,-1,-3,0
109.168561,5,1,0,1,-6,0,-2,-2,0
109.180698,9,11,0,-1,-1,0,-1,3,0
109.180714,-5,2,-3,-2,-2,-3,-1,0,0
109.187765,-14,-7,-1,-1,0,-1,-1,-3,0
109.187839,6,-5,2,1,0,1,2,0,0
109.204422,3,7,-2,-3,0,0,0,3,0
109.204444,-3,-10,-4,1,1,-2,-2,-5,0
109.207086,5,16,0,-1,-2,0,0,1,0
109.207099,5,-28,-3,-1,0,-1,-2,-1,0
109.226581,-23,-2,-2,-4,-4,-1,-2,-4,0
109.226616,0,4,3,-2,-2,-1,0,-2,0
109.228091,0,0,1,-1,-3,0,0,0,0
109.228123,11,4,-4,0,-2,-2,-2,-2,0
109.240955,5,5,-2,2,1,-1,0,3,0
109.240973,40,6,-1,-4,-2,1,-1,2,0
109.247498,-50,6,3,4,-2,-2,-1,-3,0
109.247519,2,-7,-1,-3,1,-1,-1,0,0
109.263000,-10,-30,-2,-1,0,-2,0,-1,0
109.263017,-14,-1,-5,-3,-2,-2,-1,-4,0
109.272333,14,-5,-4,-3,-1,-2,0,1,0
109.272340,7,11,-1,-1,0,-2,0,1,0
109.286778,-3,13,-1,1,1,-2,-1,0,0
109.286795,10,-5,0,0,-2,-1,-1,3,0
109.288342,2,-3,-3,-2,-1,-1,-1,-1,0
109.288376,-16,-1,-1,-3,-2,-1,-1,-2,0
109.302746,29,3,2,0,-1,0,0,0,0
109.302751,-33,-2,1,1,0,-1,-1,0,0
109.307649,-6,-5,-3,-2,-3,-2,-1,-2,0
109.307769,2,-5,-2,-2,-1,-2,-2,-1,0
109.323991,13,5,2,-1,-2,-1,-2,-1,0
109.324026,-4,16,-3,-1,-2,-1,-1,-1,0
109.325463,-11,-25,-6,-2,-2,0,0,-1,0
109.325487,4,7,2,0,1,-1,-1,-1,0
109.347297,-5,0,-1,-1,0,-1,-2,-2,0
109.347305,41,-3,2,-4,-1,0,-1,2,0
109.347871,-71,0,5,-1,-3,-1,-1,-3,0
109.347880,11,4,-1,1,-1,0,0,-1,0
109.363215,-20,2,-1,-1,-1,-1,-2,-2,0
109.363222,-4,2,0,0,-1,0,0,-1,0
109.367842,28,3,-1,-3,-1,0,0,0,0
109.367868,5,1,0,1,-1,-2,0,-2,0
109.384110,-7,-4,-1,0,-1,-2,1,3,0
109.384134,1,-8,-3,0,6,0,0,3,0
109.386398,8,1,1,-3,-3,-1,-4,-10,0
109.386404,-13,0,2,1,-1,0,1,-1,0
109.406701,13,6,0,-2,-2,0,0,-1,0
109.408305,4,-3,0,0,0,-1,-1,0,0
109.408314,-9,2,-4,-1,-1,-2,-1,3,0
109.408316,4,-6,-1,-2,-2,0,0,-1,0
109.420904,-3,-1,-1,0,-1,-2,0,2,0
109.422502,-10,0,5,3,-2,-3,-2,-3,0
109.427797,-2,4,2,0,1,-2,1,2,0
109.427825,10,-6,-6,-3,-2,-1,-1,0,0
109.444004,-10,-2,-3,-2,-2,-1,-1,-4,0
109.444034,-13,-2,-2,-4,-4,-2,-2,-3,0
109.445556,40,18,-2,-4,-2,-2,-2,2,0
109.445594,-12,-19,2,4,-1,1,-1,2,0
109.466573,-14,0,-2,-2,-1,-1,-2,-2,0
109.466592,-9,-2,-2,0,-2,1,-1,-1,0
109.468748,1,-5,-1,0,1,0,-2,0,0
109.468755,26,11,-1,-4,-2,-2,-2,-3,0
109.480168,-44,-6,-3,-1,-1,-1,-2,0,0
109.480185,-1,-4,-6,-3,-4,-1,-1,-4,0
109.490954,8,0,-1,0,-3,0,0,1,0
109.490966,-7,1,-1,-3,-1,-1,-1,-2,0
109.503837,24,-1,2,0,-2,0,-1,-1,0
109.503878,-2,22,0,1,1,-1,0,0,0
109.505365,-18,-29,-3,-2,0,-3,-2,-2,0
109.505380,5,0,-3,-1,-2,-2,-1,-4,0
109.526641,3,5,0,0,1,2,0,-2,0
109.526687,-6,-5,0,-1,-1,0,-1,1,0
109.528663,14,8,2,0,0,-1,-2,-2,0
109.528670,-8,-3,-2,1,-2,-1,-1,1,0
109.540319,53,8,1,2,8,-2,0,2,0
109.542858,-57,-7,0,-4,-10,-1,-3,-6,0
109.549851,-4,2,-4,-1,-4,-2,0,-3,0
109.549855,-6,-11,-3,-6,-1,-1,-1,-2,0
109.564972,14,19,4,0,-1,0,0,2,0
109.564979,13,-26,-1,0,3,1,1,2,0
109.565387,6,-1,1,0,1,0,0,1,0
109.565395,-14,7,0,1,-3,-3,-1,-1,0
109.586513,4,0,-1,-1,-4,-1,0,-3,0
109.586539,14,7,1,-2,0,0,2,1,0
109.587867,-24,-4,-2,-1,-2,-1,-2,-4,0
109.587874,1,-1,0,0,2,-1,-1,-1,0
109.600756,-5,1,0,-1,-4,-1,-1,-2,0
109.600779,7,-3,-3,0,1,0,-2,-2,0
109.611223,2,-5,-6,-2,-1,0,0,1,0
109.611229,-3,27,5,1,-1,-2,0,0,0
109.623990,-6,-30,-3,-4,-3,-2,-1,-1,0
109.624012,-5,-5,1,0,-1,-1,-1,-2,0
109.626946,15,0,-3,-1,-1,1,1,0,0
109.626968,-2,-5,-1,-1,0,-2,-2,-1,0
109.646320,-9,4,-2,-1,0,-2,-2,-1,0
109.646338,4,2,0,-1,1,-2,-1,0,0
109.647937,0,0,2,-1,-2,0,0,0,0
109.647946,3,-2,-2,0,0,0,0,1,0
109.660361,6,5,-2,-2,-1,-3,-3,-3,0
109.660382,-15,-7,-3,-3,0,-1,-1,-1,0
109.669404,20,3,0,-1,-2,-2,-2,-5,0
109.669409,-33,-10,-2,-1,-2,-2,-1,-3,0
109.684745,20,7,-1,-2,-1,0,1,3,0
109.684768,-6,16,2,-1,2,-3,-2,-3,0
109.686275,-25,-17,7,3,-1,0,-1,-1,0
109.686280,25,2,-3,-3,0,-2,-1,0,0
109.706629,-11,-18,-7,-2,0,-1,-1,-1,0
109.706659,11,6,1,-1,-2,-3,0,2,0
109.707984,-4,5,0,-2,-1,-1,-1,-2,0
109.708025,-1,-3,-1,-1,1,1,0,0,0
109.720277,-11,1,1,0,-1,0,-2,-2,0
109.720283,-4,-2,-1,1,-2,-2,1,0,0
109.729767,18,19,-1,-4,0,-1,-1,0,0
109.729771,-18,-22,0,2,-1,-1,-3,0,0
109.744214,0,-1,-4,-1,-1,-2,0,0,0
109.745477,4,-12,-1,-4,-1,-1,-3,-5,0
109.745487,0,-1,1,2,0,-1,-2,-1,0
109.745490,16,12,0,-2,-1,-1,0,2,0
109.766292,-17,1,2,1,-1,-1,-2,-2,0
109.766301,-16,-1,-1,-1,-2,-2,-1,-1,0
109.767797,7,4,-1,-5,-3,-1,-1,4,0
109.767812,18,-4,0,-4,-2,0,1,0,0
109.782117,-48,-6,0,3,0,-2,-1,-3,0
109.782122,10,-1,-4,-2,-1,-1,-3,-2,0
109.791146,-1,-5,-4,-1,2,-1,0,0,0
109.791153,8,-1,-2,0,-2,-2,-1,-4,0
109.804037,14,9,7,-2,-3,0,0,0,0
109.804059,-12,6,1,1,2,-1,-2,-2,0
109.806292,2,-20,-3,1,1,0,0,4,0
109.806474,12,-10,-4,-2,-2,-1,-3,-6,0
109.828058,-11,-2,-5,-2,-2,-2,-2,-1,0
109.828065,-8,4,1,-2,-1,-1,-1,0,0
109.828407,5,6,-1,-1,-1,-1,-3,-3,0
109.828442,-13,0,-1,-1,-2,1,-1,0,0
109.840576,8,1,-2,-2,-1,-1,2,3,0
109.840606,8,-4,-3,0,-4,0,-2,-3,0
109.848902,1,-1,-2,-5,-1,-1,-1,-2,0
109.848919,-11,-2,1,2,0,0,-1,-2,0
109.863902,5,-2,-2,1,0,1,0,1,0
109.863921,3,0,1,-3,-1,0,-1,1,0
109.865521,44,3,1,2,0,-1,-1,0,0
109.865537,-86,0,-2,-3,-1,-1,-1,-1,0
109.886354,16,16,3,-2,0,-1,-1,-1,0
109.886370,7,-38,-7,0,0,-1,0,-1,0
109.887844,-21,-1,-2,-1,-2,-2,-1,-4,0
109.887852,23,1,0,-3,0,0,0,2,0
109.900127,0,1,0,-2,-2,0,-2,-1,0
109.900155,-8,9,1,0,0,-2,0,1,0
109.909136,2,2,1,1,1,-2,0,-1,0
109.909142,7,2,0,3,-2,-2,-2,0,0
109.924130,-12,-4,-2,-1,-1,-3,-1,-4,0
109.924193,16,10,1,-1,-2,0,0,4,0
109.925590,-8,-13,-3,-4,1,-1,-3,-4,0
109.925614,6,24,-1,-1,-2,-3,-1,-1,0
109.946370,-9,-41,-6,-3,-2,-1,-2,-4,0
109.946388,-10,-9,-1,-2,1,0,0,-2,0
109.947903,-16,3,-1,2,-2,-1,-1,-2,0
109.947918,9,-3,-1,0,1,0,1,1,0
109.970511,15,14,2,1,-1,-1,-2,1,0
109.970515,-6,9,0,-1,-2,0,-1,1,0
109.970518,3,-6,-7,-3,-2,-2,-1,2,0
109.970519,30,-2,2,-1,-2,1,0,0,0
109.985650,-12,1,-1,-1,-2,-2,0,1,0
109.985655,-23,-6,1,-1,-1,-2,-2,-4,0
109.985658,26,7,1,0,-2,0,-1,-1,0
109.985659,-11,0,-1,-3,-1,-1,-2,-3,0
110.006692,-7,-25,-5,0,-2,-2,-3,-3,0
110.006724,9,5,5,2,-1,-2,-1,-1,0
110.008851,-19,3,-1,-4,-1,-1,1,0,0
110.008857,6,-5,-3,0,-2,-2,-1,0,0
110.028978,16,9,0,-5,0,1,-1,-2,0
110.028998,-5,6,1,4,-1,1,0,-2,0
110.030709,-3,-2,-2,-1,-2,-1,-2,-2,0
110.030714,8,-4,0,0,0,0,-2,0,0
110.043768,-10,4,-4,-2,-1,0,-2,-3,0
110.046060,9,3,1,-1,0,0,0,1,0
110.050157,-7,13,2,-2,-1,-1,-1,-1,0
110.050173,-15,-38,-4,0,-2,-3,-2,-5,0
110.066427,31,5,-6,-1,0,-1,0,3,0
110.066446,-59,-15,-4,-4,0,-2,-2,-5,0
110.067998,6,12,-1,0,-1,-2,0,0,0
110.068019,-5,5,1,-4,-2,-1,-1,2,0
110.089393,5,-5,0,0,-1,0,-1,-1,0
110.089422,22,8,-2,-3,-2,-1,0,0,0
110.092719,-18,-8,1,0,-1,0,0,0,0
110.092737,16,1,-1,0,-1,-1,0,2,0
110.103178,-25,3,3,0,-1,1,-1,-3,0
110.103200,17,5,1,-3,-1,0,-1,1,0
110.111270,-3,8,1,1,-3,-1,-1,-2,0
110.111279,-5,-22,1,-1,3,-1,0,0,0
110.127396,3,3,-2,-3,-2,-2,-1,-1,0
110.127407,-5,-2,-3,-2,-1,-2,-1,-3,0
110.128313,5,-8,-3,-1,-1,-1,-2,1,0
110.128351,2,14,1,1,0,0,-1,-3,0
110.149083,23,2,-1,-1,0,-1,1,1,0
110.149104,-17,-7,0,0,-2,-1,-2,0,0
110.150961,-12,-7,0,-2,-1,0,0,-2,0
110.150965,5,12,-2,-1,-3,-2,-2,0,0
110.163188,-12,6,0,-1,-1,-2,-3,-1,0
110.163207,19,-32,-6,-2,-1,-2,0,-2,0
110.170083,-1,0,1,0,1,0,-1,0,0
110.170105,-24,-2,-1,-1,-1,1,-1,-1,0
110.186499,24,16,1,0,0,0,1,4,0
110.186521,13,13,2,-5,1,-3,-1,1,0
110.189112,-27,-16,-4,3,2,-1,-2,-4,0
110.189121,3,4,-1,-2,-2,-1,-2,-2,0
110.209659,-9,-5,2,0,-1,-2,-2,-1,0
110.209765,9,1,-3,1,-2,0,0,0,0
110.211097,2,-10,-3,-4,-2,-1,-2,-2,0
110.211123,5,16,0,-2,0,-1,1,0,0
110.223629,-17,-22,-5,-1,0,0,-1,-3,0
110.223659,-6,4,0,0,-2,-1,-1,0,0
110.230027,20,-1,-1,-1,-3,-3,0,4,0
110.230044,-12,3,-2,0,-1,-1,0,-2,0
110.246417,-12,-4,2,-2,-1,-2,-1,-3,0
110.246432,11,8,-2,0,-2,-2,-1,-1,0
110.247939,12,3,2,-1,-2,0,0,0,0
110.247950,12,0,1,-2,-1,-1,-3,0,0
110.268242,-4,-2,-4,-3,-2,-1,-1,-4,0
110.268265,7,13,-1,0,-2,-1,-1,-3,0
112.293621,16,2,-5,-13,-76,30,73,48,3
112.293938,-8,-7,-3,-10,11,-4,-22,-96,3
112.295057,16,-2,0,0,-42,-70,21,14,3
112.295063,36,1,-1,11,69,76,-13,-72,3
112.308207,-14,-3,-3,-10,-18,-33,-8,33,3
112.308226,4,11,4,10,-81,-40,-11,42,3
112.310158,-58,-11,-2,2,3,19,64,-60,3
112.310166,39,1,0,5,27,95,44,51,3
112.330651,39,7,6,-5,91,2,54,80,3
112.330787,28,-4,0,0,-6,25,8,-16,3
112.332084,-41,-9,-3,4,-20,-56,11,5,3
112.332088,-7,4,-4,-16,-25,51,69,54,3
112.353132,51,-8,0,-7,-22,-8,-10,83,3
112.353149,-9,0,-6,17,10,10,-7,-43,3
112.353953,7,-1,4,8,-3,-61,39,50,3
112.354038,-71,-2,-1,-1,-41,-52,0,45,3
112.368337,32,-27,-7,4,50,37,-43,-49,3
112.368371,25,4,0,-17,-11,-29,39,36,3
112.370474,-26,5,-3,5,73,-37,2,-60,3
112.370479,6,0,0,-11,-50,-2,-11,-14,3
112.391012,-49,4,-2,-2,-35,-12,12,-13,3
112.391042,8,-12,-4,2,25,-26,-14,29,3
112.393322,66,9,-1,-5,38,-4,-40,1,3
112.393363,-30,-5,-3,-12,-19,-53,29,-78,3
112.413858,-52,0,0,-6,-7,79,11,-29,3
112.413865,31,8,7,2,-72,-7,-17,13,3
112.413921,5,1,-3,-6,45,14,-43,-47,3
112.413927,32,5,2,2,-12,-90,20,37,3
112.427694,-48,-8,-1,-11,-52,-18,83,-35,3
112.427715,25,0,0,-22,112,42,-43,3,3
112.435828,10,3,2,30,-40,-52,23,53,3
112.435853,-39,5,-2,2,83,92,-26,-14,3
112.450893,-17,5,0,-13,10,-10,11,27,3
112.450909,25,-13,-9,1,-9,1,-74,27,3
112.452923,-38,-3,1,-6,-45,-47,11,-19,3
112.452928,69,-2,1,4,4,-70,-7,-3,3
112.473310,-29,10,-1,-4,-23,-76,-68,-75,3
112.473338,-48,1,-3,-1,54,21,31,5,3
112.474953,13,-8,-1,-4,-47,49,-20,7,3
112.474962,16,1,1,-8,-85,-128,55,10,3
112.487859,25,7,1,-6,-8,61,-53,-8,3
112.487888,-5,3,2,4,-39,54,23,12,3
112.495709,18,-3,-2,-2,11,-3,-35,-9,3
112.495729,-2,3,2,-8,-94,-32,27,2,3
112.511166,15,6,-2,2,-28,-28,-11,1,3
112.511250,15,-2,-5,-24,-18,-32,-33,-69,3
112.511338,30,-1,-1,13,9,54,-3,64,3
112.511429,-7,0,-2,-2,-3,54,31,-16,3
112.533351,-52,-6,-3,-4,-18,-44,-103,-57,3
112.533375,-24,2,-1,0,17,7,8,19,3
112.534989,45,-4,-2,-16,-11,52,29,-54,3
112.534994,16,-7,-1,2,68,-13,-29,10,3
112.547605,21,11,6,9,25,112,-21,10,3
112.547627,5,-2,-4,4,91,5,34,28,3
112.555817,-28,-3,-1,9,-60,62,-71,-47,3
112.555837,17,1,1,15,44,-49,9,66,3
112.570670,9,10,2,-2,-53,-30,-11,-62,3
112.570680,-57,-9,3,16,35,44,81,66,3
112.571332,4,-3,-5,-19,11,-25,-3,-49,3
112.571364,21,0,-2,-17,-64,53,-6,56,3
112.593597,-8,-2,-1,-5,85,-38,29,-11,3
112.593637,3,4,2,7,-58,-2,21,-14,3
112.595532,-8,8,-2,-40,-1,-30,14,42,3
112.595540,-52,-17,1,29,-68,37,-3,-39,3
112.607694,41,-15,-9,-2,102,-14,64,39,3
112.607716,-15,0,-2,-5,-54,-53,4,-52,3
112.617577,-15,3,-4,-5,-23,-44,-28,13,3
112.617582,-6,-6,-4,-5,117,2,-17,-30,3
112.630919,8,-3,1,-8,-108,6,23,10,3
112.630936,14,-3,-4,2,29,-1,-62,7,3
112.632671,-22,3,1,2,-10,-10,28,-21,3
112.632676,-26,-2,-3,-5,-10,-12,-4,-79,3
112.653626,16,4,4,3,23,32,-37,86,3
112.653650,-56,-1,-2,-8,-66,-9,40,-29,3
112.653978,24,-1,-1,-10,-26,-61,18,-55,3
112.654054,-10,-2,0,31,-8,44,-29,14,3
112.667514,19,3,2,9,99,2,3,8,3
112.667531,-21,4,1,-3,-65,59,8,-60,3
112.675920,17,-2,0,13,-29,-19,46,51,3
112.675957,-74,-9,-3,-18,-32,-12,-64,-10,3
112.691010,-13,-2,-3,1,28,-11,-44,-37,3
112.691033,16,-2,-6,4,63,-84,-15,56,3
112.692855,-3,0,3,0,11,63,4,53,3
112.692864,39,-5,-6,-18,-30,-65,30,21,3
112.713230,-23,-6,2,1,-34,-40,-61,1,3
112.713292,11,5,0,-6,-17,9,64,8,3
112.713897,-14,-4,-2,4,79,-22,21,-37,3
112.713908,3,6,-1,-8,-48,-8,-34,63,3
112.728096,-32,-7,-6,0,50,-57,19,-41,3
112.728101,59,6,6,20,88,-2,-23,40,3
112.735968,5,-10,-4,-20,-31,-53,50,1,3
112.735984,-32,2,2,45,20,98,-4,3,3
112.751065,48,-5,-5,-2,32,40,61,34,3
112.751090,14,-2,0,-2,-8,93,-51,-1,3
112.752897,-9,1,-2,1,-42,2,-36,-13,3
112.752902,20,4,1,-26,54,-2,52,7,3
112.774542,-2,7,5,5,-36,97,50,66,3
112.774547,-12,-9,-5,4,-27,-34,-6,-67,3
112.774549,40,-2,-2,6,34,66,-35,-83,3
112.774551,51,5,-1,-14,-44,-32,-14,18,3
112.796324,-46,-3,0,1,-47,-27,25,-9,3
112.796341,-4,0,-2,-10,10,4,8,12,3
112.797185,-8,5,7,7,20,-16,-48,80,3
112.797208,6,-6,-3,-7,5,14,-36,-73,3
112.810993,13,1,-6,-10,-66,91,97,10,3
112.811009,-8,-11,-2,-2,-24,43,48,3,3
112.812148,-7,-4,-3,-7,62,5,-5,27,3
112.812152,-5,-4,-5,1,17,45,-1,10,3
112.833655,9,4,2,44,-10,-81,-53,-49,3
112.833773,16,8,4,-5,-29,81,-30,48,3
112.835017,0,3,0,0,-66,-83,63,-16,3
112.835026,-4,1,1,0,46,17,30,26,3
112.856593,57,-10,-7,-19,-28,-15,-35,-95,3
112.856628,-17,0,-2,-1,0,-16,-6,11,3
112.857344,-4,-2,1,7,-70,5,-48,8,3
112.857370,-34,5,3,4,99,-21,24,27,3
112.870773,-41,-5,-8,-12,-32,-37,7,25,3
112.870790,12,-4,1,2,-78,-8,-14,-12,3
112.871305,13,-1,-3,-1,110,23,-31,-21,3
112.871319,39,-2,-2,-2,30,-30,29,-58,3
112.893730,-7,9,5,-11,-59,-24,-25,12,3
112.893766,8,-6,-5,12,115,54,-21,-61,3
112.895728,4,0,-2,7,-18,-3,75,43,3
112.895734,-14,-5,-1,-26,-124,-8,-21,19,3
112.916385,4,-3,0,52,62,-21,21,39,3
112.916404,25,9,-2,-15,-42,-13,-6,35,3
112.917238,-17,-4,-2,1,99,77,-65,-57,3
112.917254,2,1,-6,-9,-62,-40,25,40,3
112.930665,-63,-8,-1,-14,-55,13,2,30,3
112.930682,-5,1,-1,0,22,-77,56,-15,3
112.931384,-15,4,2,5,-27,-57,-69,39,3
112.931420,-6,-13,0,-2,-2,29,2,-63,3
112.953225,11,-1,0,-13,21,36,29,-7,3
112.953242,3,5,1,4,0,-2,56,-27,3
112.955754,32,3,-1,-6,-29,61,10,47,3
112.955769,-13,9,3,6,83,-18,30,-68,3
112.976477,50,-2,-4,-8,-65,-42,0,28,3
112.976512,29,-1,0,1,62,80,-36,-44,3
112.977562,-18,-4,-2,4,45,13,46,19,3
112.977610,10,-1,-3,-2,-26,36,-22,25,3
112.992451,78,4,2,-17,27,49,30,25,3
112.992459,-57,-6,-5,2,-31,-89,-46,-27,3
112.992461,8,-2,0,-1,-39,25,34,-17,3
112.992463,8,-2,-2,16,42,-18,-39,-8,3
113.013242,-17,2,1,-8,50,99,36,-33,3
113.013258,-5,3,2,-4,-12,-33,-83,59,3
113.015014,-14,-9,-4,0,-18,-12,-26,-12,3
113.015023,-4,0,-3,-10,-125,13,-7,-41,3
113.038369,10,0,-2,-3,-2,15,17,19,3
113.038376,6,3,0,-1,15,-41,-3,-24,3
113.038378,-32,0,0,4,-18,16,15,9,3
113.038379,-5,3,0,0,-28,-115,-4,-28,3
113.051213,-14,-9,-6,-5,14,-74,0,31,3
113.051243,-8,6,-2,0,-35,31,15,-36,3
113.053484,-15,-16,-3,-17,-101,-6,4,5,3
113.053490,-12,-4,-7,-5,36,93,-57,22,3
113.073582,-16,-1,-1,3,-21,-15,-51,-21,3
113.073621,-7,2,2,-3,33,-33,64,-14,3
113.074303,-38,-2,-2,-1,62,114,-21,16,3
113.074324,9,5,3,7,44,-19,26,12,3
113.096357,-11,-1,-4,-32,-76,-96,-32,-28,3
113.096377,8,2,3,9,-36,127,26,67,3
113.097429,5,-4,-3,-6,-12,6,-23,4,3
113.097434,-7,1,1,5,-98,55,0,-51,3
113.111202,-23,-4,-2,-5,87,-12,-40,14,3
113.111248,62,-3,0,-2,-10,3,-58,14,3
113.113007,-55,7,7,12,-5,-107,-9,-22,3
113.113013,-1,0,-3,-8,83,-75,91,71,3
113.133187,6,-2,-2,4,49,81,60,-40,3
113.133198,-55,-12,-5,-7,-62,7,-23,-31,3
113.133851,32,1,0,3,48,-18,-11,49,3
113.133889,-26,1,3,-5,-23,-20,48,15,3
113.156642,-8,1,0,9,-11,65,27,12,3
113.158352,-29,-6,-4,6,-1,-52,64,-34,3
113.158359,5,5,0,-7,-29,5,4,-18,3
113.158361,7,-2,-1,-10,56,-82,-25,2,3
113.170728,-12,4,2,5,28,12,-14,51,3
113.170751,-6,-7,-3,-48,-56,19,7,6,3
113.173803,-19,-2,-3,11,-38,10,-39,-50,3
113.173814,54,3,-1,0,-10,-9,-30,-20,3
113.195220,40,-4,0,10,-50,-65,-5,-2,3
113.195227,-32,2,4,1,-9,-83,-17,-8,3
113.195228,53,4,-2,-7,-24,114,-20,-24,3
113.195230,-43,-12,-6,2,0,65,38,-24,3
113.216579,-10,2,-3,-18,-48,-22,3,54,3
113.216604,-10,1,3,15,54,18,35,-54,3
113.218404,7,-4,-9,-8,-22,-33,67,30,3
113.218410,45,-1,-2,0,1,13,-128,3,3
113.230724,-63,-3,-1,0,-35,51,11,-30,3
113.230743,19,-1,0,8,16,-26,-6,58,3
113.231551,-40,-1,-1,5,35,26,30,-45,3
113.231592,62,6,4,-5,-21,14,-44,-41,3
113.253159,0,-7,-3,7,9,-23,-31,-81,3
113.253182,30,2,-2,-4,81,45,-27,108,3
113.254024,17,-4,0,-2,-41,-40,-9,2,3
113.254028,-28,-1,-1,-28,-26,27,19,24,3
113.276835,40,10,2,22,44,17,-24,-59,3
113.276873,-9,1,2,9,-22,-16,-2,25,3
113.277244,9,3,1,2,-19,37,91,19,3
113.277450,22,-1,-1,1,41,9,40,6,3
113.299056,-13,-3,-2,-5,0,-54,20,25,3
113.299081,7,-2,0,-3,-18,-67,2,19,3
113.300979,-17,-6,-4,-2,29,25,34,-56,3
113.300984,-73,-5,-2,11,10,79,87,45,3
113.313145,0,1,2,-10,55,-1,-6,82,3
113.313162,2,-3,-4,22,-53,101,51,-7,3
113.314063,-15,1,-1,-7,7,-49,64,-20,3
113.314068,-9,6,4,10,10,1,-24,-38,3
113.336301,20,-2,-4,-5,8,-38,-48,27,3
113.336359,12,-3,-3,-9,12,-6,-19,52,3
113.336983,-20,0,3,6,-13,-31,-50,56,3
113.336998,9,2,-1,6,44,-6,-68,16,3
113.351133,-18,-6,-6,-34,-61,-10,-12,-35,3
113.351141,-13,1,2,-3,-3,-2,-17,-8,3
113.358286,21,-15,-11,-7,-4,75,-36,-28,3
113.358303,25,6,6,6,-47,9,79,110,3
113.373212,-42,-7,-3,-5,-21,13,-46,-91,3
113.373240,9,-3,-5,-4,14,-9,-2,8,3
113.375757,24,5,2,3,21,5,-14,23,3
113.375772,-28,-2,-2,-7,-12,20,27,-39,3
113.397106,35,6,1,9,-1,-26,-47,-5,3
113.397112,-71,1,2,2,45,-11,15,12,3
113.397114,49,2,4,6,51,21,39,-23,3
113.397116,52,1,-3,3,-43,-14,-38,-10,3
113.411541,-20,0,2,6,-101,66,40,28,3
113.411549,2,7,2,7,40,-3,-9,-68,3
113.418411,-14,3,-7,-16,73,14,24,-7,3
113.418437,-10,-5,1,-24,30,55,10,4,3
113.433181,-1,-13,-3,18,39,71,86,11,3
113.435299,2,-1,-1,-6,-41,65,-57,4,3
113.435306,-9,3,0,-1,-42,-5,17,20,3
113.435308,34,-5,-2,-5,-31,-13,8,23,3
113.456605,-55,3,0,3,42,34,2,-33,3
113.458347,30,1,4,4,-57,56,47,-41,3
113.458351,39,4,3,1,111,-2,-23,18,3
113.458353,-23,-6,-5,9,46,2,-14,27,3
113.470371,31,2,1,-4,-27,-79,-68,-7,3
113.470394,-19,-10,-10,-3,-14,-81,-10,-34,3
113.478211,30,3,-1,-2,-64,3,-3,27,3
113.478230,-25,-2,-4,2,-22,16,-23,-24,3
113.493488,20,7,2,5,5,-4,14,27,3
113.493527,-13,-3,-2,-11,-31,0,-39,-4,3
113.494139,-21,-5,0,2,-20,-70,-24,-4,3
113.494195,3,1,0,-1,-9,-68,-20,19,3
113.517011,-50,-8,-7,3,-35,7,-29,-37,3
113.517967,22,-5,-1,-3,-81,-92,-33,16,3
113.517974,-1,-1,0,5,72,60,-43,-59,3
113.517976,-32,0,-2,1,-38,-74,-19,-73,3
113.538966,56,0,1,-5,-8,-60,-56,-32,3
113.539066,48,-4,-5,-6,-6,-3,19,27,3
113.539701,-29,-4,-2,-3,-114,47,46,57,3
113.539724,23,-4,-6,-4,11,-18,17,-12,3
113.553178,12,7,-1,-30,19,-15,37,-3,3
113.553187,80,4,1,20,17,-19,6,76,3
113.553775,-25,2,3,3,-65,-4,9,11,3
113.553781,-40,-4,-4,-1,4,3,-16,-22,3
113.576737,-17,-4,1,1,47,19,-17,28,3
113.576768,7,2,0,-10,-1,3,-20,-6,3
113.579232,-6,-6,-3,-4,-43,6,-31,-58,3
113.579238,7,-1,2,4,-38,5,26,56,3
113.590167,40,1,-1,9,17,-36,-38,-52,3
113.590195,-24,1,-1,-4,5,60,-13,10,3
113.598379,8,-1,-1,4,16,-24,27,20,3
113.598402,13,6,2,14,-17,31,-12,-16,3
113.613293,14,0,-1,-2,-4,-21,28,45,3
113.613305,-15,-12,-7,-4,19,39,44,-20,3
113.613807,10,-3,-4,-7,24,7,-3,79,3
113.613816,-46,6,5,5,42,-18,15,44,3
113.636638,8,-4,1,4,-2,67,28,26,3
113.636661,-20,1,-3,-7,7,95,100,5,3
113.637921,-16,0,1,4,37,-39,-62,38,3
113.637925,3,2,-3,-4,-62,-2,2,8,3
113.650136,-40,-3,1,9,22,25,5,-4,3
113.650155,5,0,1,-1,40,100,-7,42,3
113.658184,-19,-2,-1,-4,-6,-27,5,6,3
113.658201,8,-5,-5,-2,-24,60,-45,-69,3
113.673598,-28,-2,-1,1,28,89,12,23,3
113.676093,-25,-1,-2,-9,-79,-128,16,28,3
113.676102,37,2,-1,3,-88,-8,13,-4,3
113.676104,38,2,6,3,25,42,18,23,3
113.696332,3,4,0,0,58,-14,9,-35,3
113.696349,-48,-1,-2,-6,-23,-25,30,-3,3
113.697108,34,-5,-1,-23,14,84,-58,-17,3
113.697125,7,0,-3,-8,-42,-51,18,24,3
113.718811,-21,-6,-1,12,-16,73,34,-45,3
113.718827,-17,0,2,12,44,-15,-16,-52,3
113.719998,-17,-3,-1,-7,33,-13,15,-67,3
113.720002,-57,-3,-1,-4,-1,1,-16,24,3
113.733275,-27,1,0,1,-128,-42,-16,-30,3
113.733302,29,0,-2,-4,114,-17,10,30,3
113.735209,7,7,4,9,-24,-77,5,44,3
113.735217,-51,-6,-3,1,-6,26,-19,-106,3
113.756381,30,-1,-5,-1,-39,-22,7,24,3
113.756403,3,-1,0,2,8,60,-38,17,3
113.757196,-23,-3,-1,3,-4,15,62,-11,3
113.757213,43,-5,-6,-2,57,15,21,54,3
113.778932,9,2,-1,-6,14,-46,21,63,3
113.778948,-1,-1,0,-3,-5,-95,-16,-8,3
113.779870,7,1,-1,8,17,25,-20,14,3
113.779874,-26,0,1,-4,-20,-5,30,-35,3
113.793505,70,-1,0,-2,-3,-56,-22,53,3
113.793540,5,-2,-2,-6,-88,88,31,-20,3
113.794758,4,4,-2,4,10,28,-9,-15,3
113.794763,29,-5,-4,-5,92,39,-23,-9,3
113.817740,47,-4,-4,-4,-28,23,15,21,3
113.817747,-1,0,-3,-30,-6,45,-51,-49,3
113.817749,-20,-6,-2,63,-27,66,-53,-27,3
113.817751,-6,2,-1,-5,-21,-29,0,2,3
113.839000,-14,-1,-5,-5,38,114,-4,-14,3
113.839117,45,-8,1,8,9,-25,-63,-12,3
113.840479,47,3,0,-24,-14,-30,45,44,3
113.840492,-17,-1,-1,2,-105,-45,-23,-7,3
113.853585,-19,1,2,14,76,10,26,-40,3
113.853615,15,-1,-2,-5,-22,-41,20,-51,3
113.854580,-27,0,-2,-13,-18,-14,10,36,3
113.854584,8,4,5,12,42,-4,18,58,3
113.876719,-64,-6,-6,-20,-90,-18,12,-58,3
113.876763,10,1,-1,8,80,1,-41,-37,3
113.878903,1,-9,-4,-8,-2,34,17,-52,3
113.878908,-22,-2,0,2,13,77,44,-72,3
113.899027,-50,2,3,4,-26,-12,15,1,3
113.899089,-3,2,0,1,6,-33,-2,-16,3
113.899863,-10,3,0,7,64,2,89,33,3
113.899879,-52,-9,-6,-24,-6,-15,-69,92,3
113.913217,3,-8,-2,-5,34,55,-44,52,3
113.913234,-34,1,2,7,-23,-26,67,52,3
113.913991,-18,-4,-3,-15,-54,-43,-31,-29,3
113.914044,13,-2,-4,-3,1,-6,5,-3,3
113.936261,45,3,0,-2,-14,-30,-15,21,3
113.936284,-35,-8,-1,-27,24,-79,-23,-32,3
113.937042,28,-1,-3,32,-108,67,36,-21,3
113.937051,27,-1,0,4,-18,-10,52,47,3
113.958938,-28,-5,-3,0,-18,-73,-28,-49,3
113.958981,-8,2,-1,3,-29,-9,-8,66,3
113.959675,-31,-1,0,-14,6,-46,-30,-6,3
113.959696,29,-2,-2,-2,-33,-102,-6,-57,3
113.974205,17,2,0,5,39,1,40,27,3
113.974215,-13,7,3,8,-52,60,31,32,3
113.974217,14,-5,-2,-11,-21,-43,14,-3,3
113.974219,4,1,-3,5,-3,53,-17,10,3
113.996384,-15,5,2,-2,62,8,5,-11,3
113.996401,20,2,2,12,-74,-7,-19,84,3
113.997485,60,11,3,-8,-6,-28,78,84,3
113.997489,11,0,1,1,26,7,-4,9,3
114.019080,-72,-6,-1,-3,-34,-12,12,12,3
114.019087,20,0,-1,4,6,-14,-36,24,3
114.019551,-2,0,0,-5,-5,-24,-54,-14,3
114.019560,-3,-1,0,-1,4,-12,17,-13,3
114.035087,17,8,2,-8,-15,-12,33,0,3
114.035094,-20,-7,1,12,-57,-53,-57,-44,3
114.035095,-21,-10,-6,-10,45,-6,-20,-25,3
114.035098,-10,0,3,0,0,-8,-12,-30,3
114.056493,19,-4,-6,-5,-27,-1,15,-3,3
114.056524,-16,0,-1,-6,-14,26,-1,30,3
114.058468,-19,-1,0,-2,17,-54,-12,-44,3
114.058476,9,0,2,6,-7,-44,-14,29,3
114.078845,27,0,-3,1,77,71,-101,24,3
114.078875,18,8,2,9,-18,77,61,-39,3
114.079985,-90,-20,-5,-4,17,-8,-75,55,3
114.079990,27,-2,-4,0,19,52,25,-39,3
114.093300,17,0,2,-1,-42,-60,-8,29,3
114.093325,0,4,1,-1,27,-20,10,-33,3
114.095578,-16,-11,-7,1,93,16,6,-84,3
114.095585,-1,-3,-1,-12,-42,54,23,50,3
114.116530,47,7,3,4,-74,22,41,-3,3
114.116614,2,-7,-4,-1,114,32,28,-28,3
114.117374,29,9,5,0,-24,10,-21,-21,3
114.119384,-13,0,0,2,-4,-86,8,-19,3
114.139494,-51,-5,-4,-1,68,-72,-29,10,3
114.141875,-9,-4,-7,-6,-28,9,-53,-13,3
114.141882,47,5,3,-3,-64,7,20,20,3
114.141884,-30,6,6,6,36,-16,0,-27,3
114.153158,-28,-5,-4,-3,-50,37,4,30,3
114.153181,15,-11,-8,-7,-33,-40,-17,-23,3
114.154020,7,4,3,2,85,56,-18,-39,3
114.154024,2,1,1,2,-18,22,5,24,3
114.176512,10,4,3,-2,-6,-24,20,7,3
114.176548,-8,-3,-1,4,26,13,-6,-23,3
114.177491,-2,-2,-3,-4,-34,8,12,-26,3
114.177528,-16,-1,0,-9,-36,17,5,-9,3
114.199175,49,-7,-3,8,93,-22,-74,6,3
114.201210,6,5,0,6,61,110,30,66,3
114.201224,-29,4,4,6,-27,-60,29,32,3
114.201226,34,7,1,2,41,-20,1,-14,3
114.213154,28,0,-2,-5,-69,-80,3,12,3
114.213198,-59,-12,-6,-24,-75,-95,6,-12,3
114.214826,33,1,0,4,3,-15,10,8,3
114.214832,-12,-6,-3,-3,-6,-79,-20,22,3
114.237846,1,5,5,8,0,40,12,-22,3
114.237850,31,4,1,-7,-18,11,-2,-35,3
114.237852,-46,-4,-2,-10,40,11,5,16,3
114.237854,-10,-7,-8,-3,-21,1,1,-52,3
114.258069,34,-10,-5,-13,6,30,17,68,3
114.258089,-20,3,0,1,-29,-2,14,18,3
114.265918,4,1,0,-2,-26,-28,-28,-22,3
114.265935,34,4,0,-1,-10,41,1,41,3
114.273431,-49,-7,-2,-7,-128,-32,18,3,3
114.273457,62,7,1,8,41,100,94,-62,3
114.275147,-3,-3,0,3,1,-35,23,-37,3
114.275153,5,-3,-6,-7,-65,0,5,24,3
114.296363,-18,-1,0,-8,66,11,7,-77,3
114.296380,-12,-7,-5,8,72,-57,-13,6,3
114.297365,0,2,-3,-9,0,91,57,24,3
114.297370,9,6,4,2,-75,-36,-70,-43,3
114.318893,12,-7,0,5,1,119,98,-19,3
114.318916,-30,-6,-1,2,-40,7,-67,-15,3
114.319534,-25,-1,-1,-10,1,8,-28,30,3
114.319553,-9,-8,-1,3,38,21,2,5,3
114.332712,-25,1,-2,5,-50,-41,-14,58,3
114.332794,-3,7,3,-8,102,29,19,31,3
114.341055,25,2,-1,6,-34,-50,-17,1,3
114.341080,-24,-3,-1,2,80,5,36,-33,3
114.356820,-1,-1,-5,-14,-62,-45,-76,-26,3
114.356851,-23,-4,1,1,-47,-29,26,25,3
114.358611,-33,-6,-4,0,-33,-10,-4,-28,3
114.358619,19,-1,-1,9,61,58,19,54,3
114.378850,22,3,-1,-2,14,48,27,-7,3
114.378868,-6,-1,-6,-19,-82,29,-28,23,3
114.379506,-10,-1,2,-1,-94,27,19,19,3
114.379515,4,-3,0,-8,15,-18,-57,-13,3
114.393504,-14,-14,-10,10,5,-70,-15,-4,3
114.393512,40,3,1,2,60,-21,23,15,3
114.400851,-10,-1,1,-1,-2,-15,9,2,3
114.400877,7,1,-3,6,-28,8,1,34,3
114.416629,-9,4,5,-6,-6,7,44,13,3
114.416654,4,-4,-2,1,-1,-30,-12,2,3
114.418886,2,5,0,4,25,-7,-37,36,3
114.418891,42,2,6,1,54,-50,31,10,3
114.444954,-53,-8,-8,-11,0,6,-84,-20,3
114.444974,-28,0,3,3,-52,9,63,-25,3
114.444977,21,3,-1,-4,26,25,-2,49,3
114.444980,-56,-4,-4,-3,-66,-53,21,-48,3
114.452526,14,8,6,5,18,-18,8,11,3
114.452548,13,2,2,2,-61,48,-37,4,3
114.461223,-1,-6,-10,-17,-44,-104,21,-16,3
114.461272,-28,-3,-9,-20,-42,94,-74,-29,3
114.476663,19,4,4,8,-3,3,39,-2,3
114.476701,-6,-7,-6,-5,83,-10,-14,-1,3
114.478334,48,-1,6,10,5,34,3,15,3
114.478342,-46,-7,-3,-5,-4,-29,29,9,3
114.498807,24,-2,-1,-3,26,44,2,-23,3
114.498827,1,4,1,4,-37,60,1,28,3
114.500120,18,4,2,2,37,0,-19,5,3
114.500135,27,2,2,-19,-26,9,60,9,3
114.512653,-11,5,8,66,60,98,10,-26,3
114.513735,-54,-6,-1,4,-22,-34,41,96,3
114.520869,15,-2,-5,-5,-16,-31,7,53,3
114.520893,59,-4,2,4,39,0,-48,44,3
114.535482,-3,4,2,-9,-61,-52,7,35,3
114.535507,-3,-4,-3,-6,35,53,9,-25,3
114.543579,5,4,0,4,39,-33,11,15,3
114.543621,-4,3,0,7,-23,8,9,-6,3
114.559233,12,1,-2,-15,-6,-11,-8,-6,3
114.560673,13,2,1,9,6,-33,11,-23,3
114.560680,-9,-3,-2,-5,-7,22,-29,-37,3
114.560683,1,1,2,10,-1,44,14,-11,3
114.572702,11,-1,-5,-11,-27,-61,7,-57,3
114.573944,-50,1,2,-10,68,35,-14,39,3
114.580851,73,1,-6,-5,15,57,-31,-46,3
114.580883,-1,-18,-5,-8,18,-44,-92,-39,3
114.596408,-71,2,-1,-37,-24,28,41,50,3
114.596429,14,10,4,25,-117,-27,11,-28,3
114.597201,-17,-2,-2,2,16,87,52,-41,3
114.597221,16,12,2,11,1,-1,59,43,3
114.618926,30,-1,-3,-17,9,-12,-9,-23,3
114.619953,8,-2,-2,-2,6,-62,-1,-26,3
114.619958,-32,-3,-1,3,-7,21,5,-11,3
114.619960,12,4,-1,-3,-24,-5,34,1,3
114.641377,19,-3,-1,8,19,8,5,-21,3
114.641404,-2,0,-2,-4,-8,-3,6,-8,3
114.642086,-29,0,2,10,-2,6,-71,-43,3
114.642106,22,-5,-4,-7,12,-52,-1,-7,3
114.656542,3,0,1,7,14,-31,28,1,3
114.656565,22,1,0,-4,10,-49,-53,-5,3
114.657202,-1,-4,-2,-24,-9,-21,84,45,3
114.657225,-13,1,-1,21,-31,-64,-29,-11,3
114.678894,-22,-3,2,2,-73,102,10,6,3
114.678918,16,8,6,-4,-11,53,-14,-36,3
114.680040,-53,-5,-3,-2,-8,-47,6,98,3
114.680044,29,5,-1,-35,27,86,-20,-18,3
114.701346,-14,-8,-1,56,5,-15,-3,59,3
114.701366,15,-11,-8,-5,33,10,-52,-70,3
114.702037,-13,-1,0,0,-75,-47,69,52,3
114.702058,15,-3,-4,9,33,-25,27,16,3
114.716390,-13,2,0,-12,7,-41,-13,-54,3
114.716409,4,-3,-7,-19,-79,-23,-12,7,3
114.716948,12,-7,-3,9,42,9,-28,-56,3
114.716956,-49,-3,0,-3,-35,-3,19,-8,3
114.739804,9,3,0,-7,-4,23,-18,-4,3
114.739838,20,-4,-3,2,5,-33,55,-3,3
114.739843,21,3,0,7,-6,101,-6,-30,3
114.739849,-3,1,1,0,0,28,-1,19,3
114.763010,-25,0,-4,-9,41,47,-21,-6,3
114.763017,0,-4,0,11,12,-30,-17,16,3
114.763019,-14,-2,-3,-7,26,-7,-29,-35,3
114.763020,-8,1,-1,4,4,26,-38,6,3
114.776660,9,-6,-3,0,0,-47,31,7,3
114.776720,28,7,-1,-11,36,-26,44,22,3
114.779110,-28,-9,-1,18,-25,57,-50,-9,3
114.779119,-2,6,2,9,47,2,13,8,3
114.799046,31,-13,-6,-18,-26,-24,6,39,3
114.799063,64,0,-1,7,-22,-42,-1,51,3
114.801234,13,0,-2,-15,-45,-25,-6,35,3
114.801250,17,-3,-2,1,-28,77,13,-47,3
114.822341,-23,4,-1,-3,-12,-22,-37,-37,3
114.822375,-38,-6,-4,-13,13,-40,7,25,3
114.824500,-13,-2,1,0,-49,30,60,-9,3
114.824510,15,4,-1,-5,-97,3,2,20,3
114.835082,-7,0,-2,-10,29,6,17,23,3
114.835156,-35,-9,-4,-1,-15,37,-30,1,3
114.844739,12,6,1,-1,-18,-2,-2,-11,3
114.844745,8,-7,0,8,-16,-42,43,4,3
114.858942,37,-1,0,0,58,96,-63,-3,3
114.858974,-12,2,-2,2,-24,-4,32,14,3
114.860720,48,2,3,5,10,0,-30,2,3
114.860754,-1,-3,-1,-10,-16,52,55,-97,3
114.881866,15,4,-1,1,70,22,55,35,3
114.881889,-32,1,3,0,3,-1,23,-7,3
114.884402,3,3,2,6,41,-14,-27,14,3
114.884406,-17,5,3,4,-10,-31,-19,17,3
114.895138,19,4,4,6,-2,-37,-28,17,3
114.895156,-15,-3,0,4,33,33,-13,-15,3
114.904872,-90,-8,-6,-39,-57,3,26,-67,3
114.904876,3,-10,-6,6,20,-34,-88,54,3
114.918925,-16,3,0,0,-64,27,5,-24,3
114.918932,37,-1,-1,1,-69,67,19,16,3
114.920348,-1,6,1,-4,32,36,17,14,3
114.920374,0,4,2,-16,-10,-3,-55,21,3
114.941388,-11,-1,2,19,-94,-69,78,5,3
114.941407,43,-5,-7,-12,38,27,22,-2,3
114.943010,77,-1,-3,-2,56,-66,1,23,3
114.943022,4,1,1,2,7,-39,37,46,3
114.955056,48,-6,-4,-4,-20,35,41,-32,3
114.955073,-14,2,3,9,18,-41,6,3,3
114.964629,42,10,2,11,2,-32,2,35,3
114.964635,-44,-1,-1,0,22,27,27,46,3
114.980561,-5,-2,0,-6,67,-14,-42,2,3
114.980568,12,0,-2,-3,-8,-8,-6,32,3
114.980570,10,-3,0,4,-6,49,1,-25,3
114.980572,0,-3,-3,-5,-10,-55,-63,-78,3
115.001864,-34,-4,-3,-5,-37,42,-52,-39,3
115.001887,-9,1,1,1,21,46,-20,-22,3
115.004112,-31,-9,0,8,17,15,-20,5,3
115.004117,-13,0,2,10,23,16,15,8,3
115.016037,10,-1,-4,-12,103,47,39,-22,3
115.016070,-16,-1,3,37,-28,-60,-80,16,3
115.023195,15,7,4,4,-7,-12,41,59,3
115.023234,-27,-6,-2,-6,-12,-18,14,50,3
115.039401,-56,5,3,8,-13,-47,3,28,3
115.041663,45,7,3,-13,-23,6,-14,16,3
115.041670,-72,-13,-8,-1,29,-9,-35,-82,3
115.041673,20,-2,0,12,-31,9,47,44,3
115.061630,-4,-4,-4,-18,73,-66,-79,15,3
115.061649,-10,-5,-5,-7,-54,-77,54,1,3
115.062973,38,5,1,-3,-52,20,-5,15,3
115.062991,28,-1,-2,-7,-44,-48,4,-16,3
115.075145,-66,-10,-1,8,38,63,17,-27,3
115.075186,5,4,2,-3,38,43,26,-23,3
115.085396,24,-4,-5,1,18,-23,-55,-32,3
115.085403,-52,0,2,-16,17,-47,3,-64,3
115.099104,41,3,-1,55,-46,64,55,4,3
115.099126,17,0,0,-6,-3,27,9,23,3
115.100841,-49,-2,-1,-4,21,-4,10,-30,3
115.100847,-10,-3,-1,7,21,40,-19,-5,3
115.121303,24,2,0,-24,-39,-44,-23,-95,3
115.121312,-25,-12,-7,-15,-33,-47,-18,31,3
115.122966,-4,1,-2,14,64,-4,31,-24,3
115.122989,9,0,-2,-5,9,39,9,10,3
115.135047,19,3,4,-5,-12,-36,-7,17,3
115.135064,-11,-3,-3,-6,-12,-3,3,55,3
115.145055,19,0,-1,-4,-8,3,-63,-12,3
115.145060,-3,4,2,5,-42,-20,93,9,3
115.159025,-22,-7,0,-10,66,77,-66,97,3
115.159066,28,3,1,5,12,1,96,-93,3
115.161164,-11,2,1,-3,-17,-7,-33,37,3
115.161170,23,2,6,14,55,106,49,-12,3
115.182361,-15,2,-1,2,-10,35,-33,22,3
115.182366,-26,5,4,3,14,47,-28,16,3
115.182876,-6,1,2,6,34,-2,-2,27,3
115.182889,6,11,3,13,97,62,-47,-20,3
115.195090,50,-8,-5,-3,-45,-118,35,1,3
115.195108,-83,-24,-15,-15,-74,62,-29,-35,3
115.204319,8,13,8,5,63,-7,32,35,3
115.204324,-6,-13,-9,-11,-30,27,-59,-52,3
115.218845,23,2,-1,-5,-11,-38,12,2,3
115.219740,-64,3,2,7,19,20,1,2,3
115.220278,1,-11,-9,-14,-84,89,-89,-43,3
115.220285,-31,-2,-1,11,64,-24,80,47,3
115.241419,1,1,1,-2,-17,44,-27,-36,3
115.241439,25,6,0,0,-11,-4,17,-14,3
115.242918,-59,-5,-1,-1,6,22,-18,34,3
115.242986,37,0,-2,-8,-36,15,-32,15,3
115.255525,-33,1,-2,-3,-20,-16,10,28,3
115.255552,-18,1,5,6,6,-64,29,17,3
115.265087,39,-8,-8,-16,53,11,5,-33,3
115.265093,-9,-1,-4,-3,-8,-79,-25,24,3
117.279974,-34,-6,-2,-1,-2,-2,0,-3,0
117.280288,-26,-1,-1,-1,0,0,-1,2,0
117.289783,5,1,1,-2,-2,-3,-2,-1,0
117.289794,10,-1,0,-1,-1,0,-2,1,0
117.304727,7,9,-1,-2,0,-1,-1,-1,0
117.304732,19,-5,-2,-2,-1,-2,-1,-2,0
117.305289,-10,-16,-3,0,-1,-1,-2,0,0
117.305305,3,6,-2,-2,0,-2,0,0,0
117.326852,-26,-2,-1,1,0,-2,-2,-1,0
117.326884,-15,-3,0,-3,-2,0,-2,-1,0
117.327896,6,7,0,1,-1,0,-1,-2,0
117.327907,-9,-1,0,-2,-1,0,0,-1,0
117.340196,0,-5,-1,-1,-2,-1,-2,0,0
117.340278,12,3,-1,-1,-3,-1,-1,0,0
117.350173,-2,11,-1,-1,-1,-1,1,0,0
117.350178,-15,-6,-1,0,-2,-2,-2,-3,0
117.364090,5,-3,0,0,1,0,-1,-2,0
117.364114,27,11,0,1,-1,-3,-2,0,0
117.365896,-20,-35,-3,-4,-2,-1,-2,-2,0
117.365903,-22,-9,-3,-2,-1,-3,0,-1,0
117.386438,2,-1,-3,-2,-3,-3,-1,-2,0
117.386460,-2,3,0,-1,-1,-1,-1,0,0
117.388526,11,13,2,-2,-1,1,-1,1,0
117.388530,-3,1,0,0,-1,0,-1,-2,0
117.400045,-6,0,0,-1,-2,-1,1,-2,0
117.400063,8,8,-1,-3,-1,1,0,2,0
117.409216,-3,-15,-3,-1,-2,-1,0,0,0
117.409220,-3,8,-1,-1,-1,-2,0,-2,0
117.424128,28,-7,-1,1,-1,-1,-2,0,0
117.425232,-39,-10,0,0,0,-1,0,-2,0
117.425478,17,16,-2,-1,0,-2,-2,-1,0
117.425486,11,0,0,0,-1,-1,-2,-1,0
117.446311,22,-4,0,0,-2,-1,0,0,0
117.446323,-8,1,-2,-2,1,0,0,-2,0
117.447822,38,9,1,0,-1,0,0,-1,0
117.447836,-20,-9,-1,-2,0,1,-2,-1,0
117.462211,2,-7,-2,-1,0,0,-1,-1,0
117.462217,1,-3,-1,-1,-1,-1,-2,-1,0
117.469953,1,10,-1,0,0,-1,-1,-2,0
117.469959,-3,-1,0,1,-3,-2,0,0,0
117.483896,-15,4,0,-2,0,-1,0,-1,0
117.483914,10,-1,-2,-2,-3,-1,-2,-1,0
117.485866,-17,-1,-1,0,-2,-1,-1,1,0
117.485876,13,4,0,-1,2,-1,-1,0,0
117.508216,-37,-3,-2,-1,-2,-2,-3,-4,0
117.508229,14,-12,-2,-1,-2,-3,-2,0,0
117.508232,-24,6,-2,-1,-1,-1,-1,-3,0
117.508234,-19,-5,0,0,-1,1,0,0,0
117.528872,18,-16,-1,-2,-2,-1,-2,2,0
117.529017,-9,5,0,0,0,0,1,1,0
117.531256,-6,-12,-1,-1,1,-1,-1,-2,0
117.531262,24,11,-1,-4,-1,-3,-3,-4,0
117.544341,-5,-2,-2,-1,0,0,-2,0,0
117.544383,4,2,-1,-3,0,-5,-2,-1,0
117.545472,0,3,-2,0,-1,1,0,0,0
117.545498,1,-2,-2,-1,-1,0,-2,0,0
117.566466,4,12,0,0,0,-2,-2,-3,0
117.566489,-15,-23,-2,-1,0,1,0,-1,0
117.568623,10,2,-1,0,0,-1,-1,1,0
117.568627,-30,-9,-2,0,0,-1,0,-2,0
117.589086,1,3,-1,-1,-1,0,1,1,0
117.589369,22,5,0,0,-1,-1,-2,-2,0
117.590726,0,1,-2,-2,0,-2,-1,0,0
117.590750,0,-7,-4,-2,-2,-1,-1,0,0
117.603826,-2,6,0,0,-1,-2,0,-1,0
117.603836,-20,2,0,-1,0,1,1,-2,0
117.605367,12,-3,-2,-4,-1,0,0,1,0
117.605384,21,-4,-1,0,-1,-1,-2,0,0
117.626567,-28,-1,-3,-1,-2,0,-3,-4,0
117.626595,-28,0,0,-1,-1,0,0,-2,0
117.628862,26,6,-2,-1,-2,-2,-3,0,0
117.628867,5,1,1,-1,0,-2,-1,-2,0
117.650342,8,-1,-2,-3,-2,0,-1,1,0
117.650353,3,1,-1,-1,0,-1,-1,-2,0
117.650356,-23,-5,-1,0,0,0,-1,-2,0
117.650358,5,7,1,0,-1,0,-1,-1,0
117.663208,-17,-22,-2,0,-1,-1,-1,0,0
117.663226,-3,5,-3,-2,-1,-1,-1,-1,0
117.669968,5,-20,-3,-2,-2,-2,-1,-2,0
117.669985,-4,0,-1,-1,-1,-1,-2,-1,0
117.686380,9,6,0,0,-2,-1,-1,-1,0
117.686402,-3,1,-4,-1,0,-2,1,1,0
117.688123,-8,7,0,0,-1,-2,0,0,0
117.688127,-4,-1,0,-1,0,0,-2,-1,0
117.708969,6,3,-1,-2,-2,1,0,0,0
117.709001,-12,-5,0,0,-1,-1,0,1,0
117.710870,24,-1,0,-2,0,0,-2,2,0
117.710886,-41,-10,-4,-2,-1,-2,-2,-2,0
117.723569,11,14,-2,-1,-1,-1,-2,0,0
117.723591,9,-24,-2,-3,-2,-2,-1,0,0
117.729970,-13,-13,0,-1,-1,-1,0,-2,0
117.729987,4,4,-1,0,-1,0,0,1,0
117.746401,5,3,-1,-2,-1,-1,-2,-1,0
117.746425,1,4,1,0,-1,0,-3,-4,0
117.747911,-8,9,-2,0,-2,-1,0,-2,0
117.747928,5,-6,-2,-1,-1,-1,1,-1,0
117.768789,-5,5,0,0,1,0,1,-2,0
117.768811,0,1,0,-2,-1,0,-1,0,0
117.770222,-20,-7,-1,-1,-1,-1,-2,-1,0
117.770229,11,-7,0,-1,1,0,-3,-4,0
117.783382,-5,-1,0,-1,-3,-2,-2,-2,0
117.783399,2,0,0,1,-1,-2,-1,-2,0
117.791046,-4,14,0,-1,-1,0,1,-1,0
117.791053,3,1,0,-1,-1,0,1,1,0
117.808241,-1,-4,0,0,-2,-1,-2,-4,0
117.808251,3,-1,-1,0,-1,-2,-2,-2,0
117.808254,-1,1,0,0,0,-1,-3,-1,0
117.808256,-1,-1,-1,-2,-3,-1,1,0,0
117.828936,3,-1,0,-2,1,0,1,-1,0
117.828954,2,-8,-4,-1,-2,-2,-1,0,0
117.830757,-6,22,0,0,1,-1,1,0,0
117.830764,16,-20,-3,-2,-1,-1,-1,2,0
117.843521,-17,-2,-2,-2,0,0,-2,-1,0
117.843666,1,-1,-1,0,-2,0,1,-1,0
117.850033,-2,6,-1,-1,1,0,-3,-1,0
117.850052,-3,7,2,0,0,0,0,0,0
117.866449,8,-3,-1,-1,1,0,0,1,0
117.867941,0,1,0,0,0,-1,-1,0,0
117.867947,8,-2,-1,-1,-2,-3,0,0,0
117.867949,-7,3,1,1,-2,-1,1,-1,0
117.889531,-5,11,-4,-1,0,0,0,3,0
117.889564,1,-28,-2,-2,-3,0,-4,-2,0
117.890735,-19,-8,-3,-2,-1,-2,-2,-4,0
117.890780,-4,2,-1,-2,-1,-2,-2,-2,0
117.903340,-1,3,1,-1,-2,-2,-1,0,0
117.903355,-5,8,0,-1,-1,-1,1,-1,0
117.910657,1,-5,-1,0,-3,-1,-2,0,0
117.910687,-1,5,0,1,0,-1,-2,0,0
117.926827,-2,-6,1,-1,-1,-2,-1,-1,0
117.928330,6,2,-1,-2,0,-1,-1,0,0
117.928336,2,-9,0,-2,1,-2,-1,-2,0
117.928338,-13,3,0,-1,-1,-2,-1,-1,0
117.949003,9,-4,-2,1,-3,0,0,2,0
117.949043,3,-5,-3,-2,-1,-3,-1,-4,0
117.950327,6,15,1,-1,-3,0,-1,-1,0
117.950340,-25,-9,-3,-2,-1,-2,-2,0,0
117.963169,-5,-18,-2,-2,-2,-1,-2,-4,0
117.963181,-1,-4,-2,-1,0,-2,0,0,0
117.970162,2,-3,-1,-2,0,0,0,-1,0
117.970185,6,11,0,-1,-1,-1,-2,-1,0
117.986310,8,0,1,0,0,-1,1,-1,0
117.986333,-10,5,0,0,-1,-1,-1,0,0
117.987784,4,0,-1,0,-2,-2,-1,-1,0
117.987791,4,-7,-2,-1,-2,0,0,-1,0
118.010605,2,3,-1,-1,-1,-1,1,0,0
118.010612,1,14,1,-2,0,1,-1,1,0
118.010693,-17,-31,-4,-1,-1,-2,0,-3,0
118.010743,-5,7,0,0,-1,0,1,2,0
118.023316,32,6,0,-1,-1,-1,-4,-4,0
118.023358,-5,-1,-2,1,-2,-1,-1,-3,0
118.031496,4,4,-1,0,-3,-1,-1,0,0
118.031512,1,7,0,-1,-1,0,-2,-3,0
118.046376,-10,-19,-2,-1,-2,-1,-1,0,0
118.046392,3,4,0,1,-2,-1,0,-1,0
118.048396,8,6,0,0,0,0,0,0,0
118.048404,-6,-1,0,0,-2,-2,-2,-1,0
118.069325,-4,5,0,0,0,-1,-2,-1,0
118.069347,1,2,0,0,-2,-1,-2,0,0
118.070611,5,-17,-2,-3,-1,0,-2,-2,0
118.070620,2,4,0,0,-1,-2,0,-1,0
118.083342,-1,-2,-3,-3,-1,-2,-1,0,0
118.083371,-7,10,0,-1,-2,-1,-2,0,0
118.092255,0,-20,-1,0,0,-2,1,1,0
118.092260,-1,-18,-3,-2,-1,0,-2,-2,0
118.106523,-5,0,0,-1,0,-3,0,-1,0
118.106549,0,6,0,0,0,-3,-1,-1,0
118.108001,-5,14,0,-1,-1,-2,-2,-1,0
118.108019,6,-2,-3,0,-1,0,-2,-1,0
118.128921,-3,-6,-5,-3,-1,1,-1,-2,0
118.128942,-3,-3,-1,-1,-1,-2,-2,-2,0
118.130549,29,6,1,0,0,0,0,1,0
118.130565,-35,-7,-2,-2,-2,0,-2,-1,0
118.142831,-2,8,0,0,-1,0,0,0,0
118.142862,8,4,-2,0,-1,-1,1,-1,0
118.151501,-3,-20,-1,0,-1,-3,-2,-2,0
118.151518,15,11,-1,0,-1,-1,1,-1,0
118.167327,-15,-26,-3,0,-1,0,0,0,0
118.167337,-3,-5,0,-1,0,0,-3,0,0
118.167892,-2,11,-1,-1,-1,0,-1,-2,0
118.167907,11,-2,-2,-1,0,-2,0,-1,0
118.189235,-3,7,0,-1,-1,-2,-3,-5,0
118.189263,7,4,0,-3,1,-1,-2,0,0
118.191175,-16,-26,-6,-1,-1,-1,-3,-1,0
118.191180,11,4,-3,-2,-1,-2,0,-2,0
118.202703,0,0,-1,0,0,0,-1,0,0
118.202727,-14,-3,-1,0,-1,-1,-1,-2,0
118.212996,-20,17,1,-1,-1,-1,-1,1,0
118.213005,8,-22,-3,-2,0,-1,-1,-1,0
118.226639,-4,3,-1,0,0,0,0,1,0
118.226677,4,-3,-1,-2,-2,1,0,0,0
118.228462,-5,1,0,-3,-3,-1,0,-1,0
118.228468,5,-2,0,0,-2,0,-1,0,0
118.248931,15,17,1,0,-2,-2,-1,-1,0
118.248970,-23,-34,-4,-2,0,0,-1,-3,0
118.250323,3,9,-2,-2,0,-2,-3,-1,0
118.250336,-4,8,1,0,-1,-1,0,0,0
118.262674,9,-7,0,-1,-1,0,-1,-2,0
118.262679,2,5,0,-1,-1,0,-2,1,0
118.274212,5,3,0,0,1,-1,1,-1,0
118.274218,-6,1,-2,-2,0,-2,-3,-1,0
118.286326,-8,0,-2,0,-1,-2,-1,-2,0
118.286348,1,-30,-3,-1,-2,-2,-2,-2,0
118.288310,-5,-2,-1,-1,-2,0,-1,1,0
118.288315,4,3,1,1,0,0,0,-1,0
118.308914,-5,7,0,-2,-1,-2,1,-1,0
118.308921,9,15,-1,-1,0,-2,0,-2,0
118.310634,16,2,0,0,1,1,-2,1,0
118.310727,-33,-4,-2,-2,-1,0,0,0,0
118.325699,13,6,1,-2,-2,-2,-4,-7,0
118.325706,-6,-19,-4,-3,-2,1,0,0,0
118.331453,9,-4,-3,-1,0,0,-1,-1,0
118.331470,-13,8,0,-1,0,0,-1,-1,0
118.346365,2,-4,-1,0,1,0,2,3,0
118.346424,-14,11,0,-1,-2,-2,1,-2,0
118.347879,-19,2,-1,0,0,0,0,-2,0
118.347892,12,-5,0,-1,-1,-1,-1,-1,0
118.369084,4,-1,-4,-1,-1,-1,-1,1,0
118.369100,10,6,0,-1,-3,-1,-2,0,0
118.370959,0,-4,-4,-2,0,0,-1,-2,0
118.370966,4,-2,1,-1,-1,-1,0,-2,0
118.382820,-6,6,0,-1,0,0,-2,0,0
118.384553,17,1,-3,-1,-1,0,-1,-1,0
118.393191,-4,-12,-1,-2,0,-2,-2,-1,0
118.393198,-3,10,-1,-2,-2,-1,-3,0,0
118.406492,5,-9,-2,-1,0,0,0,0,0
118.406513,-25,4,-2,-2,-1,-1,-2,-2,0
118.408046,22,14,0,0,-1,-1,-1,0,0
118.408071,-10,-4,-1,-2,-1,-1,-1,0,0
118.429174,-1,2,1,-1,-2,-1,-2,-2,0
118.430706,13,3,1,-1,-1,0,-1,-3,0
118.430715,-7,12,0,-3,0,-2,0,0,0
118.430718,-3,-23,-3,0,-2,0,0,0,0
118.451448,2,-6,-2,-1,0,1,0,2,0
118.451459,0,-1,0,-1,-1,-2,-1,-1,0
118.452846,3,1,-1,0,-2,-1,-2,-4,0
118.452888,6,1,-2,0,0,-1,1,-1,0
118.466297,-9,11,-1,-2,-2,0,0,-1,0
118.466302,25,-15,-2,-3,-2,0,-2,0,0
118.467733,-64,-2,0,-2,-1,0,0,-1,0
118.467741,16,19,1,0,-1,-1,-4,-2,0
118.490006,-20,-37,-4,-2,-2,0,-2,-1,0
118.490038,7,9,-1,-2,-1,0,-1,-1,0
118.492212,15,2,-1,0,-2,-1,0,0,0
118.492217,-14,7,-1,-2,-1,0,-1,-2,0
118.513059,2,-11,-1,-1,-1,-3,0,0,0
118.513065,7,-2,-2,-1,-1,-2,-1,-3,0
118.513069,-1,-6,-1,-2,-1,-1,-1,-2,0
118.513070,-2,1,0,-1,-1,1,0,0,0
118.528564,1,10,0,-1,0,-2,1,-1,0
118.528570,-12,-1,-1,0,-1,-1,-1,0,0
118.528572,8,0,-1,1,-1,0,-1,-1,0
118.528574,-1,-7,-2,-2,-1,-2,-3,-2,0
118.549270,-5,1,-1,0,-1,0,-1,-3,0
118.549301,-2,1,0,1,-2,0,0,-1,0
118.552157,-9,3,1,1,-1,0,2,0,0
118.552167,7,-16,-2,-1,0,-3,0,0,0
118.571413,7,2,-2,0,-1,0,-2,0,0
118.571428,-5,4,0,0,-1,0,-1,-1,0
118.573198,2,6,0,0,-2,-1,-2,0,0
118.573214,9,6,1,0,-1,-1,-1,-1,0
118.585713,-7,-6,0,0,-1,-2,-1,1,0
118.585731,13,-10,-3,-1,-1,-3,0,1,0
118.592766,-32,-4,-1,-3,0,0,-2,-3,0
118.592803,12,-12,-3,-1,0,0,-1,-1,0
118.608887,10,15,0,-2,-1,-2,-2,-2,0
118.608909,35,6,-1,-1,0,1,0,1,0
118.610631,-45,-5,-2,-1,-1,-1,-1,-2,0
118.610658,-4,-14,-3,-3,-1,0,-1,0,0
118.632204,-2,2,-1,0,-1,-1,-1,-2,0
118.632233,-16,-2,0,0,0,-2,-1,-1,0
118.634190,24,2,0,-1,-1,-2,0,3,0
118.634199,2,7,0,0,0,0,-1,-1,0
118.645650,-10,0,-3,-2,-1,-2,-2,-1,0
118.645667,-10,-18,-2,-2,1,1,-3,-2,0
118.653419,8,2,-1,-3,0,0,-2,0,0
118.653427,-7,3,1,-1,-1,0,0,1,0
118.669579,7,3,-3,-4,-1,0,-1,-2,0
118.669585,-12,4,-1,-1,-2,1,-1,-1,0
118.670308,16,-3,0,-1,0,-1,-1,1,0
118.670323,0,5,-1,0,0,-1,-2,-2,0
118.691435,4,-3,1,1,-1,0,1,1,0
118.691453,-54,15,1,0,0,0,2,0,0
118.693268,21,-19,-4,0,-2,-1,-2,-1,0
118.693317,0,-18,-1,-1,0,0,0,0,0
118.705769,-12,1,1,1,-2,0,-1,-1,0
118.705792,-9,4,-1,-2,-1,-1,0,-1,0
118.712548,7,8,0,-2,-1,-1,-1,0,0
118.712564,-12,1,-1,-1,-3,-1,-2,0,0
118.728977,-2,-4,-1,1,1,-1,0,1,0
118.731455,9,2,0,-1,0,0,0,-1,0
118.731461,8,7,0,-2,-2,-2,1,-2,0
118.731463,-3,-11,0,0,0,0,-1,-1,0
118.751829,4,-5,-1,0,-2,0,-1,1,0
118.751859,-10,-1,-1,-2,0,-2,-1,-1,0
118.753427,8,-3,-2,0,-1,-2,0,-1,0
118.753432,-4,7,2,-1,0,-2,-1,-1,0
118.765863,-7,0,0,-1,-1,0,-2,-2,0
118.765888,-2,-4,-1,-2,-1,-2,-2,-3,0
118.773024,9,16,-1,-1,-1,-1,-1,-1,0
118.773066,-13,-3,-4,-1,0,-1,-1,0,0
118.789584,-10,-15,-1,-1,0,-1,0,0,0
118.789641,6,-5,-1,-2,-1,-1,-1,1,0
118.792108,-1,3,0,1,-1,0,-1,0,0
118.792113,-6,4,0,-1,-2,-2,-1,-1,0
118.811630,4,5,-1,-2,0,-2,-1,-4,0
118.811659,-4,2,-1,1,-1,-1,0,0,0
118.812917,0,-8,-1,-1,0,0,-1,-1,0
118.812937,32,10,-1,-1,-1,0,0,2,0
118.825793,-57,-12,-2,-2,0,0,-1,-1,0
118.825818,11,12,-2,0,-1,-1,-2,0,0
118.832710,-3,-30,-2,-2,-1,-1,-2,-3,0
118.832735,8,-2,-2,-2,-1,0,-1,-3,0
118.849556,8,-8,-1,-2,-1,-2,0,-1,0
118.849667,1,0,1,-1,-2,-2,-2,-1,0
118.851442,-5,5,-1,0,-1,0,0,0,0
118.851446,-6,-2,-1,1,-2,0,-1,-2,0
118.871909,6,3,-1,-1,-1,-1,-1,-2,0
118.871932,-2,0,0,0,0,-2,-1,1,0
118.873367,-7,4,0,0,-2,-2,-1,0,0
118.873395,-8,-12,-3,-2,0,-1,-2,0,0
118.885729,60,0,0,1,-1,0,-1,3,0
118.885740,-49,-31,-4,-2,-3,-1,-5,-7,0
118.892841,1,6,0,-2,0,-1,-1,-1,0
118.892871,-12,4,-1,0,-2,-1,0,-2,0
118.909257,-9,7,0,-1,-1,-2,-1,-1,0
118.909276,21,4,2,0,-1,-1,-2,2,0
118.911382,-8,-6,1,-1,-1,0,-1,-1,0
118.911391,-6,-1,-1,-2,-1,-2,0,-1,0
118.931304,3,1,-2,-3,-1,-2,-1,-2,0
118.931317,7,1,-1,0,-1,0,1,0,0
118.932781,-11,0,-2,-1,-1,-2,-3,0,0
118.932795,9,1,0,-1,-1,-3,-1,0,0
118.945751,-4,1,-1,-2,-1,-1,-2,-1,0
118.945758,3,0,-1,1,-1,0,-1,0,0
118.956074,-1,-3,-2,-1,-1,-2,-2,-2,0
118.956088,-1,-3,-2,-2,2,0,-1,-1,0
118.968880,1,1,-2,0,-2,-1,-2,-1,0
118.968903,-21,7,0,-1,-1,-1,-1,-4,0
118.970341,7,-3,-3,-2,-1,0,-1,3,0
118.970356,-9,-22,-2,-1,0,-2,-2,-3,0
118.992549,-9,1,-1,-2,0,-1,0,-1,0
118.992575,12,6,-1,-1,1,0,-1,0,0
118.993327,-5,11,0,-2,1,0,0,-2,0
118.993369,-9,-17,-2,0,-3,-1,-3,-1,0
119.005714,5,1,0,0,-2,0,-2,-1,0
119.005745,9,0,0,-3,0,0,0,2,0
119.013834,-3,4,0,-1,-1,-1,1,-3,0
119.013900,3,8,-2,-2,0,-1,0,0,0
119.028812,-5,-3,0,0,-2,-2,-2,0,0
119.028831,-3,-2,-1,-1,-1,-1,-1,-2,0
119.030372,28,-3,0,0,-2,-2,-2,-3,0
119.030413,-76,-2,1,-2,0,-1,-2,-4,0
119.051954,13,2,-3,-1,-1,0,-2,-2,0
119.051983,1,-6,-5,-1,0,-1,-1,1,0
119.054143,2,-13,-1,0,0,0,0,0,0
119.054148,28,13,2,-1,-1,0,0,-1,0
119.065197,-11,-12,-2,-1,-1,0,0,0,0
119.065223,2,12,0,0,-2,-3,-1,0,0
119.075404,-7,-8,-2,0,-1,-1,0,-2,0
119.075410,12,2,-1,-1,0,-1,-2,0,0
119.089279,-7,8,-2,0,0,0,0,0,0
119.089310,8,-7,-2,-2,-1,-2,0,-2,0
119.090680,-7,0,0,-1,-1,-2,-2,0,0
119.090704,2,5,-1,-1,-2,-1,0,-1,0
119.111483,-4,3,0,-2,-1,-1,0,0,0
119.111502,4,-22,-1,-1,-2,0,-1,-1,0
119.113142,-2,2,0,0,0,-2,0,1,0
119.113155,10,3,-2,0,-1,0,0,1,0
119.125108,-19,0,-4,-2,-2,-1,-2,-2,0
119.125148,-1,3,2,-2,0,2,-1,-1,0
119.134333,7,4,1,-1,0,0,-1,0,0
119.134338,19,-12,-3,-2,-2,-2,-1,-3,0
119.149086,-2,-7,-1,1,0,-2,-1,-2,0
119.149126,0,5,-1,-1,-1,-1,-2,-1,0
119.150401,-8,-5,-4,-1,-2,0,-2,1,0
119.150423,-6,15,2,2,-1,-1,0,-1,0
119.171382,22,-6,-2,0,-2,-2,-1,-1,0
119.171405,-7,-5,-1,2,-1,-3,-1,-2,0
119.173979,-6,7,-2,-2,0,0,-1,-1,0
119.173984,-1,-1,-1,-3,-4,-1,-2,1,0
119.185487,-4,2,1,-1,-1,-1,-1,-2,0
119.185519,0,-2,-1,-1,-1,-1,-2,0,0
119.194950,18,-3,-2,1,-2,-1,-1,-1,0
119.194956,-13,20,2,0,0,-2,0,1,0
119.210594,-9,-37,-2,-3,1,-1,0,1,0
119.210605,4,0,-1,-3,0,-2,-1,-4,0
119.210609,-2,-3,-3,-1,0,-1,-1,0,0
119.210611,2,1,0,1,-1,1,-1,-2,0
119.231687,4,16,0,-1,-1,0,0,-1,0
119.231704,-1,0,-1,0,-1,-1,0,1,0
119.234519,11,3,1,-1,-1,-2,-2,-2,0
119.234539,-18,-10,-2,-2,0,-3,-4,0,0
119.245132,-5,-3,-2,-2,-1,-1,0,-2,0
119.245150,13,9,-2,-1,0,-3,-3,0,0
119.256011,-14,-20,-2,-1,-1,-2,-1,-3,0
119.256030,12,0,-1,-1,-1,-1,-1,0,0
119.269084,-12,4,-1,0,-1,-1,-1,-3,0
119.269108,3,1,-2,-1,-2,0,0,0,0
119.271708,-8,8,1,0,-1,0,-1,-1,0
119.271716,2,-6,-2,-2,-1,0,0,-1,0
119.291702,-5,-3,-1,0,-2,-1,-1,-2,0
119.291740,14,1,-1,-1,-2,1,2,0,0
119.294257,-29,0,0,-2,-2,-2,-1,-1,0
119.294267,9,-4,-2,-3,-1,0,-1,2,0
119.304975,6,4,-1,-1,0,-2,0,-3,0
119.304991,2,2,-1,-1,-1,0,-2,-4,0
119.314605,7,12,-2,-1,-2,-1,1,2,0
119.314609,-30,-30,-3,-3,-2,-1,-3,-3,0
119.329000,8,13,2,-1,-1,-1,0,3,0
119.329017,-28,-10,1,-2,1,-1,0,0,0
119.331046,10,4,-1,-1,-2,-1,-1,-2,0
119.331051,7,25,0,1,-1,-1,0,0,0
119.352853,-8,-26,-3,-3,-1,-2,-1,-1,0
119.352900,-1,3,-1,-1,-1,-1,-1,-1,0
119.352902,9,-1,2,0,-3,-2,-2,-1,0
119.352904,3,1,0,0,-1,0,-1,-1,0
119.365118,7,7,0,0,0,-1,-1,0,0
119.368021,-11,-3,1,0,-1,-2,0,-1,0
119.375170,-17,6,-3,-1,0,-2,0,-1,0
119.375176,27,-14,-3,-2,0,0,-2,-2,0
119.389300,3,7,0,-2,-2,-3,-2,-3,0
119.391047,-4,-5,-2,-2,-1,-1,-2,0,0
119.391057,-3,0,0,0,-1,-1,0,0,0
119.391059,1,4,0,-1,-1,0,0,0,0
119.411455,-11,3,0,0,-3,-1,-1,-1,0
119.411472,10,6,-2,-2,-1,-1,-1,0,0
119.413160,10,-19,-2,-3,0,-1,-1,0,0
119.413178,20,-2,-1,-1,0,-2,-1,1,0
119.434056,-50,-4,-1,0,0,0,-2,-1,0
119.434072,2,-1,-2,-1,-2,-2,-1,-2,0
119.437031,3,5,-1,-1,0,0,0,-1,0
119.437035,4,-1,-1,0,-2,-1,-1,-2,0
119.448285,15,-2,1,-1,-3,0,0,0,0
119.448298,-6,6,2,0,0,-1,-2,0,0
119.455296,-4,-7,-4,-2,-1,0,-2,-1,0
119.455317,-22,-21,-3,1,0,-1,0,0,0
119.472150,21,4,-1,-2,-1,-2,-3,-1,0
119.474037,-6,-5,-2,-1,-1,0,0,1,0
119.474043,1,-5,0,-1,-1,-1,-1,-1,0
119.474045,-8,8,-1,-2,-2,-1,0,1,0
119.494110,1,2,-1,0,-1,0,0,0,0
119.494131,1,-3,-1,-1,-2,-2,-1,-1,0
119.495454,-18,0,-1,-2,0,0,-1,-2,0
119.495470,14,13,0,0,-1,-1,-1,-2,0
119.509161,-2,-12,-3,-3,0,0,0,1,0
119.509170,-13,-5,0,-1,-1,-1,0,0,0
119.510626,0,0,-1,-1,-3,-3,-1,-1,0
119.510660,-5,0,0,-2,0,-1,0,-2,0
119.531482,7,11,-1,0,-1,0,-2,0,0
119.531498,3,1,0,-1,-1,-1,-1,0,0
119.532933,-8,-6,0,-1,0,-1,1,-1,0
119.532938,3,4,-2,-1,-1,-2,-3,0,0
119.555802,6,8,0,-2,-2,1,0,0,0
119.555822,1,-15,-3,-3,0,-1,-1,-1,0
119.555826,-21,-11,-1,-1,-1,0,-1,-2,0
119.555829,-4,15,-1,-2,-1,-1,-1,0,0
119.570850,-4,-10,-2,0,-1,0,-2,-2,0
119.570854,5,7,-1,-1,-1,-1,0,-1,0
119.575113,3,1,-1,-1,-1,-1,-1,1,0
119.575133,-4,-1,1,0,0,-1,-1,-3,0
119.591461,-4,5,-1,-1,-1,-3,-1,0,0
119.591486,3,-3,-1,-2,-3,0,0,-1,0
119.593384,5,-1,-1,0,-2,0,-3,-2,0
119.593398,-4,-5,-1,-1,-1,-1,-1,-1,0
119.614188,-2,1,0,-1,-1,-1,-1,0,0
119.614210,9,3,0,0,-1,-2,-1,-1,0
119.616164,6,-17,0,-1,0,-1,0,0,0
119.616175,-7,3,0,-2,-2,0,-1,-2,0
119.628285,-15,-23,-4,-2,0,-2,-1,0,0
119.628302,-3,4,-2,-1,0,-2,-4,-6,0
119.635063,1,2,-1,-3,-2,-1,-1,-4,0
119.635085,9,1,-2,-1,0,-1,-1,1,0
119.651403,0,-12,-1,0,0,-2,1,0,0
119.651420,-5,5,0,-1,-1,1,-1,1,0
119.652826,2,1,0,1,1,-2,0,-2,0
119.652843,1,0,-1,-2,-1,0,-1,-3,0
119.673962,-2,6,1,-1,0,0,0,-1,0
119.673979,-6,-8,-1,-1,-1,0,-2,0,0
119.675460,1,6,-1,-2,-2,-1,-1,0,0
119.675479,-3,-8,0,0,-1,-1,0,0,0
119.688938,-3,4,-2,0,0,-2,-2,-1,0
119.690820,8,-6,-1,1,-1,-2,-1,-1,0
119.695083,1,5,-2,-1,0,0,-1,-1,0
119.695101,-10,11,0,-1,1,0,1,-1,0
119.712575,33,-13,-4,-3,-2,-1,0,3,0
119.712581,-12,-6,-1,0,-2,-3,-2,-2,0
119.712857,1,-2,0,-1,-1,-2,-1,0,0
119.712863,-14,-7,0,0,-2,-2,-1,-2,0
119.734204,8,17,2,1,0,-1,-1,-1,0
119.734227,2,4,-1,1,0,-1,1,1,0
119.735943,-1,-1,-4,-1,0,-1,-1,1,0
119.735948,12,-1,-2,-2,-2,-1,-2,-1,0
119.748167,-6,3,1,0,-2,-2,-1,-1,0
119.748190,-2,-5,-1,-1,-3,-1,0,-1,0
119.755346,-10,-2,-1,1,1,-2,-1,-2,0
119.755382,0,1,0,0,0,-1,0,1,0
119.775022,-5,-2,-2,-2,-2,1,0,0,0
119.775032,0,-10,-2,-3,0,-1,-3,-4,0
119.775035,12,0,-1,-2,-1,-1,-1,2,0
119.775037,14,-7,-1,0,0,-1,-3,-1,0
119.794208,6,12,0,-1,-1,-2,-1,-2,0
119.794228,-16,17,0,0,0,0,-1,0,0
119.795461,-13,-34,-5,-2,-2,-2,1,-1,0
119.795474,9,2,-1,-1,0,0,-1,0,0
119.808325,-13,-2,-1,-1,-1,-1,-1,-1,0
119.808350,19,23,0,0,0,-1,0,1,0
119.815190,-2,-7,-2,-1,-1,0,-1,0,0
119.815224,-22,-13,-2,-1,-1,-1,-1,-2,0
119.831692,-18,0,-1,-1,0,0,-2,-5,0
119.831723,11,-1,-1,-2,1,-1,-3,-2,0
119.833955,7,13,1,0,-1,-1,-1,-2,0
119.833964,-28,1,-1,-1,0,-3,0,-1,0
119.854165,-11,-23,-3,-2,-2,-1,-1,-3,0
119.854247,-5,-6,0,-2,-3,-1,0,0,0
119.855354,-2,1,1,-1,-1,0,-2,0,0
119.855386,5,-1,-1,-2,-2,0,-1,1,0
119.868166,8,7,-1,-1,-1,0,-1,0,0
119.868183,-5,-10,-3,-1,0,-1,0,-2,0
119.875077,12,9,0,-1,0,0,1,-1,0
119.875100,-19,-5,-2,-1,0,-1,-1,-3,0
119.891318,1,-1,1,1,0,-1,0,2,0
119.891335,4,-10,-3,-2,-1,0,-2,-1,0
119.893394,-4,18,1,-1,-2,-1,-2,-1,0
119.893464,0,-11,-1,-1,-1,0,0,-2,0
119.922857,26,-4,-1,0,0,-1,-1,1,0
119.922894,-34,-4,0,-2,-2,-1,-2,-1,0
119.925912,8,2,-2,-1,0,0,-2,-1,0
119.925920,9,5,1,-1,-2,1,-1,0,0
119.935923,-27,4,-1,0,-1,0,1,0,0
119.935946,10,-1,1,-1,0,-1,0,0,0
119.937933,-19,0,0,-1,-1,-2,-1,-1,0
119.937939,31,10,-2,-2,-1,-3,-2,-1,0
119.950768,-18,-8,0,-1,-1,-1,-2,-1,0
119.950784,-10,-4,-3,-1,0,1,0,1,0
119.952619,-8,-11,-1,-2,-2,-3,-1,-1,0
119.952626,9,-1,-1,-2,1,0,-2,-1,0
119.974992,1,2,-2,-1,-1,1,-2,-3,0
119.975002,7,4,0,-1,-3,0,-1,-3,0
119.975004,-2,2,0,-1,-1,-1,-1,-1,0
119.975006,-6,-4,-2,-1,0,-2,-1,-2,0
119.995670,-4,4,0,-3,0,-1,0,-2,0
119.995690,-3,-1,-1,0,-1,-3,-1,-2,0
119.996441,10,-13,-2,-1,-3,1,-3,-2,0
119.996458,9,1,-1,-2,-2,0,-1,0,0
120.010777,-18,9,-1,-2,0,0,-2,-2,0
120.010797,16,-8,-2,0,-1,-1,-2,-2,0
120.012098,-32,2,0,-1,-1,-1,-1,-2,0
120.012103,-18,-4,-2,-2,-1,0,0,-1,0
120.033331,13,20,-1,-1,0,-1,-1,0,0
120.035490,11,-23,-2,-3,-1,0,-1,-3,0
120.035502,0,5,-1,-1,-2,-1,-1,1,0
120.035504,-6,-5,-1,2,-2,-1,0,0,0
120.056259,8,-10,-1,-2,0,-1,0,-1,0
120.056300,-8,5,-1,-2,1,1,0,-1,0
120.058426,18,-1,-1,0,-1,-3,-2,-2,0
120.058432,-23,0,0,-2,-1,-2,-2,-1,0
120.070585,10,7,-2,-1,0,-2,-2,-1,0
120.070600,-33,-4,-2,-2,0,0,-2,-1,0
120.071429,7,8,1,0,0,0,-1,-1,0
120.071501,15,-13,-3,-1,-1,0,-1,2,0
120.093570,7,-4,-1,-2,-2,-3,-1,-1,0
120.093636,9,2,-1,-2,-3,-2,-1,0,0
120.094718,-4,2,-2,-2,-1,-2,-1,-3,0
120.094723,-5,4,0,-1,0,0,-1,-1,0
120.116545,2,-7,-3,1,-1,-1,-3,-2,0
120.116555,4,2,-1,0,-1,0,-1,0,0
120.116558,1,-1,0,-1,-1,-1,-1,1,0
120.116562,17,2,0,1,-1,-1,0,0,0
120.131064,-52,-6,-2,-1,0,-1,-1,-1,0
120.131068,16,-2,-3,-1,-2,-2,-2,-1,0
120.131403,-21,-13,-3,-1,0,1,0,-5,0
120.131411,10,14,-1,-2,-2,-1,-2,0,0
120.153209,17,-17,0,-2,0,-2,-1,2,0
120.153231,-8,10,-1,-1,-2,-1,2,1,0
120.155888,6,1,-2,-1,-1,-2,-3,0,0
120.155903,-15,-6,-1,1,0,-1,-3,-3,0
120.175815,4,5,0,1,-2,0,1,-1,0
120.175865,1,6,-2,0,0,0,-1,-1,0
120.177776,13,-11,1,-1,-1,0,0,-1,0
120.177783,-12,11,0,0,0,0,-1,-1,0
120.190912,18,-13,-2,-1,-2,-2,-1,-2,0
120.190938,-35,-6,1,-1,-1,-1,-1,-1,0
120.193305,18,7,-4,-2,-2,-1,-1,1,0
120.193313,2,3,-1,-3,-1,-2,-1,-3,0
120.213146,15,2,0,-1,0,1,-2,2,0
120.213164,-13,3,1,1,-1,-2,1,-1,0
120.214038,-1,1,-1,-1,-1,0,-1,0,0
120.214055,0,2,-1,-1,-1,-1,-1,0,0
120.235652,-18,-24,-2,-2,-2,-2,-3,-3,0
120.235669,3,-2,2,0,1,-1,-2,1,0
120.236702,6,1,-1,-2,2,0,-1,-2,0
120.236707,-4,-6,-1,0,-1,0,-1,-1,0
120.250899,-6,3,1,-1,-1,1,-1,-3,0
120.251948,9,1,-1,-2,-1,-3,-1,-1,0
120.251954,-8,-4,-2,0,0,-2,-1,-3,0
120.251956,31,4,-1,-1,-2,0,0,2,0
120.273184,-4,12,-1,0,-1,0,0,0,0
120.273206,-10,-16,-2,-1,-2,-1,-3,-3,0
120.273959,5,11,-1,-2,-2,0,-2,-1,0
120.273975,-10,-11,-2,-1,-1,-2,1,-3,0
122.299068,21,3,3,-8,-26,-66,-1,-71,3
122.299364,-24,6,4,17,97,-76,111,31,3
122.301752,36,5,3,-18,-75,2,-11,102,3
122.301761,37,-1,-4,-28,-73,-45,-5,-43,3
122.321579,27,-1,3,41,98,38,12,35,3
122.321601,-29,2,0,11,44,17,-18,-86,3
122.322113,-8,-22,-15,-35,-19,-36,1,17,3
122.322148,-12,8,3,17,127,36,-26,8,3
122.335640,43,-3,-4,-8,-36,83,-12,-5,3
122.335663,-36,-14,-7,26,-82,-26,-56,16,3
122.336291,-15,7,7,6,110,9,18,-12,3
122.336306,4,1,1,-7,-77,-52,12,-43,3
122.358967,-8,-3,-6,-28,-80,-60,-58,8,3
122.359086,1,-9,-3,7,53,-53,-1,-8,3
122.360598,-32,-1,0,-4,38,34,7,-15,3
122.360612,20,8,6,22,62,-15,49,-43,3
122.381363,61,11,7,-5,5,-4,-9,108,3
122.381410,-44,-6,-9,-19,-49,19,-32,-36,3
122.382122,-14,-4,-3,-7,-5,-12,29,-38,3
122.382131,-10,-5,-1,-10,-55,-6,11,-45,3
122.395857,42,0,-2,-3,36,24,7,14,3
122.395865,-39,10,5,-14,-109,108,-68,-5,3
122.396375,10,-2,1,19,47,73,38,15,3
122.396385,-25,-2,-1,9,-31,12,1,18,3
122.418892,-14,-4,-4,-17,-47,-59,7,-60,3
122.418908,9,-2,-3,-1,43,53,-7,3,3
122.419714,16,4,-1,9,-55,55,-9,-11,3
122.419719,47,2,3,-8,10,-4,-12,102,3
122.441392,-117,-16,-8,-6,-28,45,10,-63,3
122.441398,52,-3,-3,-8,-47,38,5,75,3
122.442110,0,5,0,13,-13,0,-28,3,3
122.442133,16,0,0,5,59,3,15,28,3
122.458338,24,2,1,19,35,90,-5,9,3
122.458346,18,-3,-2,-42,-54,64,59,68,3
122.458348,32,3,0,14,-83,-39,-45,7,3
122.458350,-3,-2,2,2,-82,32,-3,-8,3
122.478881,0,3,-1,8,-12,-2,-2,9,3
122.478898,4,4,2,-8,-15,-89,1,-72,3
122.479761,-12,-4,-2,-20,10,-15,15,-11,3
122.479768,-32,-4,-3,-8,-6,-37,-49,-88,3
122.501736,12,2,3,6,24,24,-3,84,3
122.501767,-22,-10,-5,-18,-32,-58,1,-79,3
122.503902,23,3,3,18,-18,49,8,9,3
122.503908,1,-1,-1,20,-6,-20,13,15,3
122.515844,-55,-4,-3,-7,-15,68,34,-8,3
122.515866,16,-3,-3,1,94,80,-12,-30,3
122.518867,-37,-7,-1,-2,2,6,23,-11,3
122.518877,-7,-2,-3,-4,-25,49,26,-5,3
122.539457,47,6,0,-9,-13,-20,-39,-5,3
122.539491,3,16,13,56,23,-7,74,69,3
122.539925,-1,-7,-5,-11,-10,-122,-41,66,3
122.540196,-61,-10,-1,10,30,122,41,-5,3
122.561344,43,4,-2,0,11,30,36,7,3
122.561361,17,-7,-3,9,33,73,1,-72,3
122.562310,-24,-1,-1,-10,8,70,21,9,3
122.562315,-16,-1,-3,-9,-12,-69,-21,17,3
122.575818,-5,0,-1,-3,-41,-33,15,24,3
122.575851,3,-12,-11,-10,65,-85,-79,-14,3
122.578075,10,7,-3,-2,34,4,92,49,3
122.578081,-14,-18,-8,-62,-104,79,-52,-13,3
122.598973,-1,1,4,46,-57,-109,-56,-51,3
122.599016,-10,-3,-1,-8,24,-69,14,12,3
122.599663,37,1,1,1,9,1,-19,19,3
122.599678,1,7,-2,1,46,-16,-6,32,3
122.621589,-17,-4,-4,-11,35,0,-8,13,3
122.621613,24,4,1,2,-58,-29,10,2,3
122.624580,11,-1,0,-14,-33,76,-16,-49,3
122.624585,-45,0,0,-1,22,-30,27,-13,3
122.635745,37,3,4,3,12,58,5,8,3
122.635767,-32,7,5,11,41,11,14,21,3
122.637358,-26,-10,-8,-15,57,-45,-15,-53,3
122.637362,-8,-2,1,21,56,97,29,11,3
122.659970,-44,-4,2,5,39,31,5,8,3
122.659998,16,-7,-2,-6,-56,-10,70,-27,3
122.660001,-25,7,4,-9,-52,-2,-15,3,3
122.660004,24,5,3,38,15,-17,-3,-23,3
122.681467,-33,-7,-2,-6,9,-92,-4,77,3
122.682560,32,5,-3,2,-55,61,-16,20,3
122.682567,-8,-2,0,2,58,-93,4,40,3
122.682569,29,8,6,7,-37,-10,23,10,3
122.695834,13,-6,-9,-14,33,16,-6,77,3
122.695852,-21,-4,1,22,52,16,-21,37,3
122.696537,-31,-5,-2,-14,-58,-50,-23,-122,3
122.696552,59,6,-5,-16,32,67,27,-28,3
122.719382,-61,-7,1,-5,-28,-91,-29,-13,3
122.719413,-1,-11,-1,3,35,37,39,12,3
122.722291,-18,1,3,23,-21,74,-4,19,3
122.722302,33,3,4,2,-14,-40,75,46,3
122.741451,3,8,1,-26,11,67,1,-39,3
122.741483,-7,-3,-6,4,-71,1,-10,-93,3
122.742467,3,1,3,4,47,103,24,63,3
122.742484,-5,-3,-2,-3,-34,-22,-13,19,3
122.755781,1,-1,-4,0,-19,-34,-10,-103,3
122.755893,-4,7,3,-13,-45,-1,-73,-12,3
122.756999,3,0,2,7,32,20,-1,-4,3
122.757029,-33,-8,-9,-15,51,-14,-23,-103,3
122.778769,22,-11,-5,5,78,24,42,-10,3
122.778787,-17,-2,1,-6,-8,-26,-19,15,3
122.779751,12,1,-2,-11,23,-35,6,-14,3
122.779756,11,-6,-4,19,29,7,-18,25,3
122.801803,31,5,9,26,-53,-35,-57,89,3
122.801823,21,7,2,11,-60,-11,23,84,3
122.802113,-6,-9,-6,-3,-19,35,18,34,3
122.802187,-26,-4,-2,-13,-28,21,-45,0,3
122.815563,33,5,0,-3,-25,30,20,-31,3
122.815574,-23,-3,-2,-9,-103,-35,-5,16,3
122.816259,18,0,-4,10,-27,-72,-8,26,3
122.816268,-6,-3,-1,-1,-128,-42,30,60,3
122.838994,6,2,-1,-12,-94,-68,-55,-17,3
122.839021,-28,-2,-1,-13,46,-34,3,-4,3
122.841328,6,0,-2,-7,-49,-35,28,56,3
122.841333,-2,3,0,-37,-63,-4,-1,1,3
122.862685,24,4,5,12,82,127,51,6,3
122.862739,-21,2,-2,-5,-17,-86,-72,-9,3
122.862741,15,-1,-3,-9,0,23,-9,-14,3
122.862743,49,3,1,-15,57,-13,-1,36,3
122.875136,-128,-18,-9,0,-32,-20,-58,-84,3
122.875159,72,7,5,10,103,-50,72,24,3
122.885608,-5,2,3,9,-6,90,20,-54,3
122.885612,-21,-4,-5,-15,32,27,-54,24,3
122.898990,30,8,2,-3,-16,70,-35,-88,3
122.901214,-15,-11,-8,-14,-115,24,48,50,3
122.901222,20,2,0,-1,-36,-128,-19,-4,3
122.901224,0,3,3,15,-79,34,8,-24,3
122.921378,16,-2,-7,-36,31,-36,52,77,3
122.921403,38,7,1,10,-58,33,-25,13,3
122.924082,-76,-13,-5,-17,-15,72,41,-34,3
122.924092,0,-4,-1,5,-51,-60,-7,27,3
122.934968,6,7,4,-4,-20,-40,-22,-23,3
122.934985,26,-1,1,-4,62,93,-30,24,3
122.944754,-33,-6,-6,-13,13,-35,-4,-11,3
122.944759,14,-2,3,63,24,79,-51,-42,3
122.958886,-11,2,1,3,-65,1,39,4,3
122.958917,10,-3,-2,3,50,104,9,17,3
122.961060,38,2,0,10,51,-34,-24,14,3
122.961087,-20,4,1,-18,-16,-20,22,12,3
122.981735,26,-3,0,14,81,82,66,20,3
122.981764,-17,-3,-3,3,-49,-26,-23,-78,3
122.984304,13,-4,0,-7,-13,21,7,9,3
122.984310,-8,0,-4,-25,99,-37,-35,12,3
122.995013,38,3,1,2,-17,-32,-6,-25,3
122.995030,-63,-6,-2,1,47,-7,20,29,3
123.003858,-9,-2,-8,-3,-56,103,52,23,3
123.003895,19,-7,-3,-10,-53,-28,-1,-2,3
123.019692,-41,-6,-5,-5,-36,55,-50,-73,3
123.019698,-5,-5,-4,-10,-38,66,17,-39,3
123.020278,49,13,4,6,67,-16,-32,-48,3
123.020292,-21,2,4,10,-25,43,-12,-20,3
123.041442,-16,-5,0,4,4,-79,-2,39,3
123.041461,39,0,-1,-3,-58,-31,-14,50,3
123.044625,0,-2,0,-2,-115,104,-17,32,3
123.044632,-18,-7,-9,-24,30,-80,5,-5,3
123.055442,1,0,-1,33,71,-89,-13,-10,3
123.055467,21,1,-1,-33,-37,37,-8,-42,3
123.064931,-39,-7,-1,-6,25,-128,-57,-55,3
123.064944,3,6,-1,-6,-30,24,42,38,3
123.079010,11,-6,-2,-9,-16,127,46,-23,3
123.079034,-2,-8,-2,-1,-84,9,-8,4,3
123.081577,21,5,-1,5,82,10,-14,-65,3
123.081586,25,-6,-4,0,-73,57,40,-51,3
123.101521,-25,-5,-5,-10,-51,-38,-29,22,3
123.101543,-49,-2,-1,4,46,-34,34,-20,3
123.102758,22,1,2,-7,-40,-19,11,30,3
123.102792,-14,-1,2,15,50,3,46,-2,3
123.114973,58,4,-2,-3,-22,21,13,5,3
123.114994,-90,-7,-1,11,32,-63,6,5,3
123.125027,5,-2,-1,1,-40,-13,-50,27,3
123.125034,-49,-4,-2,2,61,68,1,2,3
123.139228,2,-1,-1,15,-30,-15,-19,42,3
123.139268,30,6,1,2,38,36,-40,-16,3
123.141014,28,7,1,-2,-7,-51,55,32,3
123.141020,-21,-3,1,-1,-85,-73,-8,2,3
123.161324,-6,-5,0,-9,9,-80,-45,7,3
123.161335,21,5,3,7,98,65,-17,14,3
123.162877,0,-5,2,-1,-10,-13,-1,4,3
123.162890,-27,-4,-4,-30,-35,45,-27,15,3
123.184290,-37,-2,-2,26,72,-16,31,-43,3
123.184320,59,4,-2,-9,-98,-47,6,-10,3
123.186327,-64,-8,-5,-5,21,3,19,38,3
123.186332,15,-1,-3,-4,67,-37,-21,-14,3
123.199086,1,-5,-7,-17,-45,-23,-13,-27,3
123.199112,10,-1,-1,-2,5,-45,49,36,3
123.201393,-4,-1,5,6,-34,79,-11,-41,3
123.201401,16,4,3,19,89,-94,-11,50,3
123.223619,-42,-4,-4,-26,-88,116,-3,36,3
123.223626,56,-3,-4,2,15,-27,12,8,3
123.223629,5,0,-1,7,-8,-20,-17,17,3
123.223631,29,-1,2,5,-71,-5,44,46,3
123.243832,12,-1,-1,-5,-35,-23,-18,-93,3
123.243852,-32,3,2,-3,67,-5,-16,-11,3
123.245442,16,-6,-5,-6,7,-11,-13,-29,3
123.245454,-69,-6,-1,7,63,51,-25,-35,3
123.259273,13,2,0,-2,70,77,44,64,3
123.259318,-17,-6,-2,-9,-16,0,-1,42,3
123.261283,9,0,0,-5,-88,-88,4,-40,3
123.261289,19,5,2,5,14,8,-3,-19,3
123.283560,-1,-7,-4,-11,-6,-128,1,-2,3
123.283569,-9,0,1,5,-75,76,9,13,3
123.283575,4,1,-1,5,-25,86,54,34,3
123.283579,-9,-6,-1,-4,-34,29,23,-35,3
123.303969,1,-1,4,10,-48,20,30,62,3
123.303993,-14,1,1,-4,-52,-30,-15,-108,3
123.305956,-22,-5,-4,-6,-29,-69,-11,27,3
123.305971,5,0,1,6,-31,2,-17,6,3
123.318794,-10,-5,-4,8,38,-14,-18,-30,3
123.318811,-9,1,-1,3,-12,26,-8,-108,3
123.320247,49,-2,0,-12,71,45,-5,-14,3
123.320261,-7,-1,-2,-17,3,-49,-29,9,3
123.341403,1,4,2,6,0,-98,-1,32,3
123.341422,-19,-3,-3,-11,-28,-106,-13,45,3
123.343392,25,1,-1,23,9,43,-51,-3,3
123.343435,10,-1,-2,-7,-8,30,11,-21,3
123.364151,15,3,2,0,-12,5,29,33,3
123.364252,-19,1,-1,2,24,8,-14,-17,3
123.365397,25,4,0,-7,13,-3,-10,0,3
123.365419,-16,-3,0,0,-99,-52,15,17,3
123.378213,23,0,-3,-5,91,127,-22,68,3
123.378231,-33,-7,-2,-2,-21,-46,-7,-72,3
123.385064,-13,5,-2,-6,4,-12,12,52,3
123.385082,39,-2,-3,11,10,44,2,32,3
123.401391,-33,0,1,-6,18,41,25,2,3
123.401411,26,2,5,5,30,72,1,27,3
123.402771,-61,-1,-1,-11,-72,-95,48,-39,3
123.402782,56,8,2,11,81,12,-51,-22,3
123.424504,-33,-4,0,-6,19,5,2,-29,3
123.424512,34,2,0,15,47,9,5,27,3
123.425452,13,-3,-1,-5,-12,-15,-12,-14,3
123.425473,-11,0,-1,-28,-15,-28,5,11,3
123.440524,17,2,1,33,43,15,26,-25,3
123.440531,12,-2,-2,1,-33,2,11,87,3
123.445170,-29,-2,1,2,13,17,-28,-91,3
123.445188,14,-4,-3,-8,-78,23,-8,0,3
123.461335,1,0,-3,-13,-30,-27,-4,-32,3
123.461352,13,2,-2,2,-29,-21,7,88,3
123.463004,-18,-12,-3,8,46,90,12,6,3
123.463130,-29,0,2,7,-13,-15,1,-78,3
123.484247,29,2,-3,-5,-38,15,-25,59,3
123.484271,-37,-7,-4,0,36,30,17,-10,3
123.485921,6,3,0,-6,21,-8,-8,3,3
123.485930,-1,-4,-5,21,76,31,-26,17,3
123.498602,-30,-6,-3,-5,-16,-19,-48,-8,3
123.498632,5,0,-2,-18,-43,-14,-31,-26,3
123.505404,12,-1,-1,3,62,7,4,55,3
123.505434,4,0,-3,0,17,-38,9,31,3
123.521610,38,1,-1,-6,-42,-66,1,-17,3
123.521640,-32,2,1,8,57,11,-31,8,3
123.523969,-36,-1,-1,-5,-39,-104,-17,-89,3
123.523978,36,0,-2,-16,-9,-4,2,7,3
123.543948,-22,-7,0,15,-26,19,-6,-25,3
123.543967,9,2,1,3,49,-57,13,22,3
123.545586,4,-4,-2,2,-16,-11,-10,6,3
123.545597,-14,5,1,1,16,-8,-9,-2,3
123.558290,-8,1,1,-7,0,16,11,-14,3
123.558316,9,-1,-2,-5,-15,1,6,-12,3
123.565115,13,-1,0,10,-2,23,7,40,3
123.565131,0,-4,-2,-4,-19,-5,2,4,3
123.581704,6,-1,0,-7,-39,-8,37,55,3
123.581725,-13,3,3,6,-3,-85,3,32,3
123.582957,17,3,0,-1,23,54,-33,-65,3
123.582970,19,-4,-5,1,38,45,29,-67,3
123.603982,-42,-7,-1,-2,5,-51,11,69,3
123.604005,15,-3,-2,-2,-16,22,28,-30,3
123.606594,-11,-2,-2,-2,7,11,20,4,3
123.606616,-20,0,-2,0,-14,-84,-42,-33,3
123.618358,21,5,1,-4,-12,0,-8,-17,3
123.618387,-22,-7,-4,-2,33,33,11,-63,3
123.625217,29,2,0,3,-30,-9,-5,87,3
123.625258,0,-2,0,5,1,15,10,19,3
123.643278,-17,-1,-2,-14,10,1,-10,-17,3
123.643310,-13,-4,-2,-3,25,11,-18,-25,3
123.643406,-1,0,1,-8,-108,-85,-2,26,3
123.643471,-11,1,2,-11,-66,19,12,-25,3
123.663974,7,1,1,25,5,-41,11,-43,3
123.663999,5,-1,-1,2,-25,34,-6,54,3
123.665859,28,1,0,-1,-15,2,4,19,3
123.665864,-5,-1,-3,-2,16,2,9,0,3
123.677816,-2,2,0,-14,0,13,-18,8,3
123.677847,-19,0,-3,-2,3,-27,13,-46,3
123.687258,-4,0,1,10,4,64,-9,2,3
123.687267,22,-4,-3,-5,-48,8,15,39,3
123.701421,-34,-11,-5,3,92,19,-12,-74,3
123.701440,-10,-1,-2,-2,-5,-30,-19,7,3
123.703204,-7,4,-2,-12,-50,-3,31,3,3
123.703214,4,3,-1,1,32,-4,-4,4,3
123.723933,19,3,0,8,-32,6,-18,33,3
123.723952,14,-3,-1,0,7,18,6,33,3
123.725525,-28,-4,-3,-11,58,-55,40,-77,3
123.725557,-10,-1,1,7,-45,2,-37,-16,3
123.737539,16,4,2,1,19,-54,-29,-54,3
123.737543,4,-1,-2,-5,-79,18,0,59,3
123.747158,25,6,0,2,40,9,2,52,3
123.747163,-30,-9,-1,5,46,13,-4,-78,3
123.761381,-23,1,2,-8,-14,7,3,11,3
123.761402,3,0,-1,8,12,5,3,-11,3
123.762990,4,-3,-3,2,24,33,-16,14,3
123.763001,-28,0,-3,3,36,35,-22,-58,3
123.783882,-1,0,-1,-5,-35,1,8,9,3
123.783897,19,-3,-3,-6,46,4,2,-4,3
123.785372,-10,-1,-1,1,-17,12,1,19,3
123.785389,-13,0,2,4,-13,-35,1,20,3
123.798568,26,-1,-4,-6,0,11,6,11,3
123.798576,-15,1,1,-1,-34,8,-8,-20,3
123.807106,1,-3,-2,2,42,-63,-7,-3,3
123.807112,19,4,5,12,-39,43,48,42,3
123.822038,12,6,2,-5,65,-37,-19,-33,3
123.822075,2,-4,0,4,84,79,-31,59,3
123.824888,-20,0,1,6,-44,-26,-2,-6,3
123.824916,9,-2,1,7,54,14,-1,28,3
123.845379,-12,-4,-3,-10,-28,11,-3,15,3
123.845388,35,10,3,1,14,6,13,-15,3
123.845428,36,-7,-1,4,20,-14,-26,-14,3
123.845453,-24,3,-1,-5,-20,-5,-10,31,3
123.857563,20,1,-2,1,-32,31,1,26,3
123.857653,-8,2,-3,-5,-35,-73,-21,-49,3
123.866377,-1,-1,-1,-5,-37,4,-6,18,3
123.868018,11,-7,-5,-12,-7,-101,-23,70,3
123.881392,-12,-1,2,18,91,57,-26,-58,3
123.881415,5,2,3,-9,-32,-23,20,20,3
123.883079,3,1,0,11,-18,23,3,-2,3
123.883098,-23,1,-1,-7,-72,0,9,25,3
123.903826,35,-4,-4,-5,10,-76,-10,-47,3
123.903843,-49,-11,-6,1,-15,16,-49,-34,3
123.905727,-8,-1,-2,0,18,57,-16,-6,3
123.905745,-2,0,2,-9,-13,-28,17,-31,3
123.917475,1,-4,-2,-5,-12,68,28,9,3
123.917495,2,-3,-6,-17,21,-26,-11,-14,3
123.927861,4,0,3,16,42,30,6,-32,3
123.927866,6,1,-3,4,23,-9,-5,22,3
123.941341,-4,3,0,-7,-48,-7,17,37,3
123.941365,9,-3,0,0,7,-23,4,11,3
123.943522,-19,0,-2,-8,-6,45,20,28,3
123.943560,12,-1,-3,-1,-61,-15,-23,-16,3
123.964001,3,-4,-2,5,-6,-39,14,10,3
123.965545,-33,-6,-2,-7,-38,60,9,-11,3
123.965559,18,9,3,-1,61,-46,-44,-11,3
123.965564,-10,-7,-2,-2,-10,19,11,17,3
123.977574,-2,-7,-4,-8,-12,9,12,32,3
123.977591,-27,-4,0,8,4,-90,9,-17,3
123.986485,50,-4,0,-5,-35,-12,-2,30,3
123.986489,2,0,-1,-1,34,9,2,3,3
124.003073,-7,1,1,1,-7,-7,-6,53,3
124.003082,14,3,-1,3,33,-12,16,-58,3
124.003087,-19,0,-1,-1,2,8,-15,-29,3
124.003091,26,3,2,2,17,-23,-1,-10,3
124.023980,-16,-1,0,2,-26,-10,6,-8,3
124.024000,42,1,-4,1,-36,42,18,63,3
124.025446,-21,-3,-4,-12,-63,29,43,-10,3
124.025461,0,-3,-4,-12,6,15,-15,-6,3
124.038237,-14,-2,-1,9,-94,-2,-7,4,3
124.038256,22,-1,1,1,-11,63,-9,1,3
124.047832,-20,-5,-1,-1,-36,-35,1,-7,3
124.047841,-6,-2,-2,-3,31,-13,9,17,3
124.062809,-8,-5,-5,-16,-39,16,-50,-47,3
124.062818,-1,1,2,6,24,-64,5,19,3
124.062820,6,-1,-2,-2,8,-12,7,2,3
124.062822,-24,2,2,3,-18,-44,-13,41,3
124.084288,8,2,0,-1,25,24,-17,-26,3
124.084314,-3,0,0,3,-1,80,2,-6,3
124.085626,13,-2,-3,-4,2,-5,-21,4,3
124.085634,-10,-3,-3,1,25,-17,18,-20,3
124.097504,-4,-1,1,0,17,4,11,48,3
124.097521,-5,0,0,-1,-2,-70,8,4,3
124.108294,-4,3,5,-7,-91,93,14,24,3
124.108302,22,2,-1,12,77,-28,0,-9,3
124.121840,-53,-9,-6,-5,-54,-14,-30,2,3
124.121881,21,2,0,2,-15,8,-7,-11,3
124.125417,-45,-7,-3,-5,-14,-81,-4,3,3
124.125426,15,-5,-2,4,-62,36,-20,-2,3
124.144019,11,2,1,-7,2,-71,10,-68,3
124.144070,14,-1,-2,-6,11,23,9,8,3
124.145436,-26,4,-2,6,-33,-50,-31,2,3
124.145454,-58,-5,-1,-8,0,-6,20,-62,3
124.166522,13,-2,-1,4,39,-15,-20,5,3
124.166540,5,0,-2,-3,-30,108,-8,-3,3
124.167851,2,1,0,-2,34,-2,3,-32,3
124.167862,0,-1,0,-1,1,16,2,-66,3
124.181546,27,2,-1,-3,3,8,26,32,3
124.181569,-19,-2,0,-1,-8,-22,-4,-52,3
124.182880,12,-5,-3,4,84,15,-3,14,3
124.182886,-13,1,0,2,-34,22,-2,-9,3
124.203930,10,-2,0,3,50,22,10,8,3
124.203946,-6,-4,-2,-2,-61,-104,-33,8,3
124.205532,-5,-3,-1,-1,42,-19,10,8,3
124.205560,11,0,-2,-11,16,37,-27,-6,3
124.226663,6,5,3,25,40,11,17,-3,3
124.228660,-11,-1,-4,-8,-90,-61,62,34,3
124.228669,17,-2,0,9,21,104,5,-33,3
124.228671,15,3,1,0,-1,2,15,79,3
124.241343,-17,2,3,-1,-26,-5,-22,-71,3
124.241361,-31,0,3,3,62,0,-8,28,3
124.243157,15,-1,-1,-5,-68,-45,13,-6,3
124.243173,-8,2,1,1,42,30,-8,-39,3
124.263888,25,-4,-1,-7,-12,22,22,89,3
124.263898,-11,0,0,2,12,6,-8,-23,3
124.265310,3,0,-3,-9,-12,-11,7,23,3
124.265324,11,1,-1,1,-13,-11,0,4,3
124.286343,-20,1,-4,0,-15,5,10,6,3
124.286366,9,-1,-4,-6,23,3,-4,4,3
124.288024,3,-1,-3,1,15,-23,-11,28,3
124.288032,9,-3,-3,-3,3,29,-11,1,3
124.300767,-2,1,-2,-10,43,-4,6,-6,3
124.300783,6,1,3,22,-54,91,27,-4,3
124.307503,-21,3,0,7,90,4,25,-15,3
124.307526,43,-4,-2,-3,-15,-15,7,114,3
124.323915,1,-5,-3,-6,-13,-8,-20,-103,3
124.323937,19,-2,0,-7,4,-25,12,27,3
124.325494,-15,-1,-2,-11,-42,-34,-46,7,3
124.325510,-21,3,4,14,-14,22,8,-24,3
124.346476,34,-2,-4,-5,-17,3,8,62,3
124.346493,-14,-3,-3,-3,7,-28,-26,-12,3
124.347963,0,-2,1,-4,-17,-4,5,-20,3
124.347979,0,1,-2,-6,7,-26,2,-5,3
124.361005,-9,-2,-1,-2,-18,-11,-3,8,3
124.361081,0,0,-1,-1,13,10,-9,-16,3
124.367553,-4,0,-1,2,3,0,4,4,3
124.367569,-9,-1,-3,-3,0,-3,5,-31,3
124.384019,-19,-2,-3,-3,-59,-36,-26,70,3
124.384036,-1,-3,-5,-7,55,77,36,-49,3
124.385700,-11,-3,0,-3,-7,-10,1,36,3
124.385704,5,-2,-1,-2,-37,-38,-12,-74,3
124.406450,-6,0,1,0,-1,-17,-7,24,3
124.406470,1,1,2,1,12,47,4,13,3
124.408037,20,-6,-7,-4,-13,5,-20,7,3
124.408065,-45,-4,-2,1,8,11,3,6,3
124.421299,4,5,8,2,9,14,24,-4,3
124.421305,-4,-4,-3,-12,-9,-34,-26,-15,3
124.427519,6,0,1,16,-6,18,11,-10,3
124.427536,4,0,-1,2,88,-14,-11,8,3
124.443904,1,2,0,4,7,-16,20,-14,3
124.443922,-2,-2,-3,5,-65,-51,-11,24,3
124.445365,1,3,2,-2,-50,60,14,-10,3
124.445381,7,-2,-2,-5,-22,-13,-8,19,3
124.468991,-6,-3,-2,-1,4,-12,-13,-28,3
124.468996,19,2,1,-1,7,-31,-6,-38,3
124.468998,-22,0,-2,-1,13,23,1,-20,3
124.469000,9,0,1,-1,-28,-21,12,-4,3
124.480682,9,-1,-4,-7,-6,33,0,25,3
124.480703,0,1,2,3,10,12,-16,15,3
124.487719,2,-2,0,-3,8,-5,1,-1,3
124.487742,10,1,0,-1,-6,-83,4,-4,3
124.504230,-16,-4,-3,-2,12,29,6,-7,3
124.505602,2,-1,0,1,12,-11,-16,15,3
124.505613,-5,0,-2,-3,5,-51,-1,-8,3
124.505616,-1,-3,-4,-2,-77,13,-1,35,3
124.526972,-6,-4,0,2,-10,-3,-8,-53,3
124.527006,-23,-2,-2,-4,31,-17,3,47,3
124.528401,-15,-1,0,-1,36,73,2,-53,3
124.528406,38,2,3,5,25,-23,-16,4,3
124.540864,-5,-4,-3,-9,-27,70,-2,20,3
124.540886,12,1,-2,-1,7,2,17,-12,3
124.547665,-7,-3,-4,-2,-2,-32,-21,-92,3
124.547681,7,-2,-4,-4,6,71,12,38,3
124.563781,11,1,0,-1,4,-42,-10,-1,3
124.563792,4,0,-1,-5,2,4,-5,-1,3
124.565291,1,-2,-2,-3,13,-59,5,42,3
124.565304,-9,-2,-1,-5,-67,-17,13,-35,3
124.586644,-4,3,-1,0,-23,-18,-31,-10,3
124.586669,5,-4,-3,-6,-57,-45,-3,1,3
124.589322,10,3,2,0,51,9,8,26,3
124.589332,-14,-3,-2,-8,-21,58,72,10,3
124.600795,11,4,0,3,-4,37,-26,0,3
124.601632,-3,-1,-1,2,14,-14,-1,-3,3
124.608516,15,-4,-3,-3,-27,-16,-12,9,3
124.608522,-23,1,-1,6,-35,14,1,-4,3
124.625278,-5,-4,-4,-11,-33,-59,16,8,3
124.625284,-3,2,0,1,23,43,-1,-68,3
124.625420,5,4,1,3,-19,-17,28,-3,3
124.625427,13,-3,-2,-7,-52,45,-26,-13,3
124.646384,-27,1,2,3,25,12,34,7,3
124.646401,0,1,0,0,-23,25,-25,14,3
124.648831,-15,-4,-2,-17,-29,-82,2,5,3
124.648838,22,1,-1,20,95,-21,-22,-14,3
124.660133,6,3,2,6,38,63,20,-8,3
124.660165,-2,-3,-2,2,19,3,15,-11,3
124.669584,-8,-2,-3,-7,21,4,-23,-10,3
124.669589,0,1,-1,-7,-13,-81,-14,5,3
124.684372,0,-4,-2,8,40,20,-6,13,3
124.684399,-13,-1,1,7,47,-87,20,23,3
124.685599,-1,-2,-4,4,-16,29,-59,31,3
124.685608,18,-2,0,-6,-74,36,23,-86,3
124.706444,15,0,-2,-6,42,30,28,16,3
124.706468,18,0,-2,4,-68,-45,-50,45,3
124.708021,-26,-2,-1,4,-9,79,-19,6,3
124.708048,-24,2,-1,-6,21,5,9,1,3
124.720542,11,-4,-3,-9,-2,-21,3,12,3
124.720546,-6,-6,-2,4,-70,20,4,-68,3
124.729052,-1,1,0,1,32,-12,9,37,3
124.729057,11,-2,-4,-12,-19,9,-83,-21,3
124.744095,-3,4,3,5,-13,1,22,-27,3
124.744114,-13,-1,-4,-8,-67,39,-3,32,3
124.746059,35,-1,1,5,22,42,11,-5,3
124.746064,-9,-2,-1,-6,19,-27,2,-22,3
124.766987,-3,0,-2,-5,-20,-99,-17,-7,3
124.767000,7,3,1,0,-36,60,5,21,3
124.767875,-6,-2,-7,-16,44,-96,-33,0,3
124.767891,16,7,4,9,-32,87,23,84,3
124.780220,-29,-9,-2,4,58,-11,-42,-26,3
124.780244,-31,-10,-8,-16,35,-27,12,18,3
124.790864,9,4,4,2,-1,73,34,56,3
124.790874,8,-3,-3,-2,-57,-7,44,60,3
124.804343,4,2,-4,11,21,56,-54,3,3
124.804372,17,2,0,-7,36,25,15,-17,3
124.806800,-37,-3,2,6,-17,-30,30,56,3
124.806811,-22,-7,-2,1,50,44,-38,-93,3
124.826630,6,0,0,-6,-47,0,58,18,3
124.826661,26,-1,1,1,42,-12,-2,37,3
124.827930,10,-3,-4,-2,-36,-66,9,-6,3
124.827965,4,4,1,0,-21,-23,-16,35,3
124.840126,-30,-4,-2,-3,-68,-12,24,-57,3
124.840146,-23,-4,-1,-4,80,-108,-30,-86,3
124.849821,8,5,-1,14,-25,106,-27,10,3
124.849826,-10,-6,-1,1,45,-23,-9,-8,3
124.863786,14,-2,-3,-3,-42,1,8,81,3
124.863864,3,9,6,6,75,-4,66,8,3
124.865337,-11,-1,-1,-23,-47,-80,10,-53,3
124.865351,5,0,-1,14,24,-118,-36,-8,3
124.886588,-14,0,0,-4,60,127,1,11,3
124.886610,-8,-2,-4,5,-38,-60,-15,5,3
124.889264,30,1,-1,1,-32,-29,8,38,3
124.889279,-4,-7,-4,-8,71,-60,19,-75,3
124.900533,-11,-4,1,-5,-20,-4,0,-7,3
124.900558,-2,-2,-2,-7,-6,5,-30,13,3
124.909257,34,4,4,8,-60,44,34,-55,3
124.909267,-47,-2,0,2,84,-36,29,41,3
124.924748,15,5,-1,0,-27,-51,0,22,3
124.924755,-13,-1,-2,-2,-2,42,-34,-15,3
124.925475,-16,-3,-2,-10,-3,-54,-40,-1,3
124.925499,10,-3,-3,-3,-19,49,-9,29,3
124.946551,16,3,4,4,1,-3,1,-38,3
124.946576,-2,1,3,9,-25,127,-7,17,3
124.947881,4,0,-2,-2,30,34,25,83,3
124.947891,3,1,-3,-8,-6,125,0,-52,3
124.960297,0,-7,-5,-14,-42,28,-14,-2,3
124.960315,28,-1,-2,14,-7,-19,13,-22,3
124.970241,-33,-4,-3,-3,-46,23,0,-7,3
124.970250,-27,-2,0,-6,-2,86,6,-31,3
124.983809,31,4,-1,1,18,34,39,26,3
124.983832,6,-6,-4,-17,-52,-7,10,-2,3
124.987176,-46,-9,-5,-1,55,43,-43,-41,3
124.987181,20,3,2,0,14,-73,-8,61,3
125.006777,3,1,0,-3,1,-31,-33,-4,3
125.006810,18,5,1,-4,-26,-75,-21,29,3
125.007871,35,3,1,3,39,85,10,-19,3
125.007888,11,3,0,-4,-23,-71,-16,25,3
125.019925,-38,-7,-2,4,55,-24,-8,-38,3
125.019939,-7,2,-1,1,48,64,42,4,3
125.029131,13,-2,0,8,-31,-48,-4,5,3
125.029135,-3,-1,-1,7,2,-18,11,88,3
125.044072,-1,-2,-1,1,36,-60,-12,-37,3
125.044092,-20,0,-5,-10,-9,-39,20,81,3
125.045975,-50,-8,-1,12,52,1,-4,-127,3
125.045981,7,-8,-5,-12,-106,64,-18,45,3
125.066415,2,-3,-1,0,-53,-93,30,-3,3
125.066431,-13,2,3,0,72,31,11,-17,3
125.067933,33,1,-2,-4,2,-12,-58,55,3
125.067950,-20,2,-1,-2,-16,-5,-9,-104,3
125.089037,-4,2,1,-10,22,45,-15,-31,3
125.089069,-18,-2,0,3,-33,61,-8,-24,3
125.090819,43,2,2,7,39,18,31,-8,3
125.090829,-28,0,1,-3,39,45,32,91,3
125.103200,13,-5,-7,0,9,-41,-67,-13,3
125.103223,15,1,-2,5,24,-31,-11,-16,3
125.110315,-3,-1,-6,-17,-85,-17,2,43,3
125.110349,16,2,0,-3,7,-28,4,12,3
125.128420,-18,-1,-2,1,14,0,15,30,3
125.128425,22,1,-1,4,-44,-33,-19,0,3
125.128428,-26,-3,0,1,46,7,35,69,3
125.128429,9,1,1,8,95,-48,-14,-50,3
125.149041,-12,0,0,1,-94,25,13,0,3
125.149069,4,2,2,5,103,97,14,-6,3
125.151505,27,0,-3,-9,-25,50,-16,6,3
125.151511,-31,-4,-4,-5,-67,58,3,-18,3
125.163833,7,-1,0,2,38,3,-4,17,3
125.163850,-28,-4,-2,-14,-33,-4,-8,-8,3
125.165449,-2,4,2,4,-1,16,15,-67,3
125.165470,34,2,2,24,-18,-77,-25,-64,3
125.186477,-3,-1,-3,-6,-24,-15,-14,-33,3
125.186500,-17,-5,-4,-7,-111,0,-3,48,3
125.187838,-34,0,-1,-1,15,-16,-23,-56,3
125.187852,-6,-4,0,1,-3,-45,3,-26,3
125.208885,-26,2,0,0,-4,-48,2,14,3
125.208908,10,0,0,3,-9,-3,-4,-13,3
125.210740,-11,-1,0,0,-49,-25,1,14,3
125.210774,9,-1,-2,-7,-3,14,4,-5,3
125.223804,3,4,0,5,14,20,2,-6,3
125.223821,11,-6,-2,-7,3,-72,11,40,3
125.230013,8,-1,-3,-1,-11,10,-9,11,3
125.230031,-56,0,0,-3,23,65,18,53,3
125.246299,24,-5,-6,-5,-8,0,-49,-83,3
125.246317,1,-1,-4,-3,25,-34,6,-27,3
125.248013,29,-2,-3,-8,11,-80,-7,62,3
125.248079,-5,-4,-2,-3,28,-8,-16,18,3
125.268964,-3,2,2,2,15,31,22,64,3
125.268975,13,-1,-1,-2,-15,42,-12,-14,3
125.270289,1,0,3,10,22,13,18,-31,3
125.270305,2,0,-6,-15,-21,44,-5,-2,3
125.285163,-14,-3,-1,1,-21,10,15,27,3
125.285175,-9,0,-2,0,8,22,1,17,3
125.290271,8,-5,-2,-2,-25,3,10,1,3
125.290300,4,1,1,-4,-10,25,-3,-12,3
127.308684,2,-27,-12,-1,0,1,0,-3,0
127.308842,-31,9,-1,-2,-1,-3,-4,-1,0
127.315418,-7,-14,-8,-5,-3,-1,-2,-5,0
127.317395,-3,-6,-2,-1,1,-1,-1,0,0
127.331366,12,18,5,2,-1,-2,-2,0,0
127.331382,6,5,-8,0,0,-2,1,0,0
127.333158,-7,-10,4,1,-1,0,-1,0,0
127.333208,-3,-8,-6,-3,1,-1,-1,1,0
127.353913,12,22,4,-3,-3,-1,-2,0,0
127.353938,40,-11,0,1,-1,0,0,2,0
127.355618,-69,8,0,-1,-2,-1,-2,-8,0
127.355638,-25,5,-2,-2,-1,-3,-1,-6,0
127.368424,5,-6,-1,-2,0,-2,0,3,0
127.368501,-19,-14,1,0,-1,-2,-2,-2,0
127.375381,14,11,0,-1,0,-1,0,2,0
127.375413,10,-9,-6,-3,-2,-1,-2,2,0
127.391778,-9,8,3,0,0,-2,-1,-2,0
127.391816,-10,6,1,-1,-2,-2,0,1,0
127.393814,81,16,2,-2,-2,-1,-2,1,0
127.393821,-65,-21,-7,0,-1,-1,-4,-13,0
127.413886,-19,-2,0,-3,-1,0,0,1,0
127.413910,33,-8,2,-1,0,1,-1,-1,0
127.415856,-35,31,-4,-4,-3,0,1,-1,0
127.415863,-7,-35,0,1,-1,-1,-1,-1,0
127.427520,33,20,-1,0,0,0,0,1,0
127.427537,-34,-14,-2,0,-2,-2,-2,-3,0
127.438155,8,-8,-3,-1,-3,0,-2,-2,0
127.438160,25,18,0,-3,-2,1,-1,2,0
127.451840,-9,-11,2,1,-2,-1,-2,-2,0
127.451864,-14,4,-2,0,3,1,0,0,0
127.452997,26,0,1,0,2,0,0,5,0
127.453019,-19,1,2,-1,0,-1,-1,-2,0
127.474138,40,-6,-3,-2,0,-4,-3,-2,0
127.474160,-34,3,-3,-8,-2,-1,-2,-4,0
127.476798,-19,-15,-2,1,-2,-1,-3,-4,0
127.476807,18,22,1,-2,-1,-2,1,3,0
127.487676,-25,5,0,3,0,-1,1,0,0
127.487698,50,-25,-1,-1,-2,-2,1,3,0
127.496364,-80,6,-4,-2,-2,-2,-1,-9,0
127.496379,-7,-20,-4,-2,-1,2,0,0,0
127.512214,-4,11,2,2,-1,-2,-1,-3,0
127.512224,25,11,2,0,-1,0,0,2,0
127.512957,2,22,-3,-4,-1,-1,-1,-3,0
127.512974,3,-17,0,-1,-3,-3,-1,-2,0
127.534165,-20,-8,-6,0,-1,0,-3,-2,0
127.534189,-13,3,1,0,-2,-1,0,1,0
127.535321,14,-18,-2,-4,-2,-4,0,1,0
127.535325,-1,6,-4,-1,-1,0,-2,-3,0
127.547668,1,-4,4,0,0,-1,0,-1,0
127.547690,5,2,-7,-5,0,-1,-2,-2,0
127.557577,20,-4,3,5,-1,1,-1,2,0
127.557582,4,10,5,-3,-2,-2,0,0,0
127.571823,17,6,-2,-1,0,-1,-1,-2,0
127.571872,-15,-14,3,-1,0,0,0,-2,0
127.574242,-18,-10,-2,2,-1,-2,1,0,0
127.574247,50,1,3,1,0,0,-1,4,0
127.594072,-59,0,-7,-2,-3,0,-2,-2,0
127.594118,13,5,1,-1,-1,-3,-4,-7,0
127.595337,-12,3,2,-3,0,0,-3,-1,0
127.595363,37,15,3,2,-1,0,0,4,0
127.607544,-21,2,-2,-4,-1,-3,-2,-10,0
127.607613,9,-31,-7,-3,-1,0,0,1,0
127.617791,-5,-21,-3,0,-1,-1,0,-2,0
127.617797,-12,11,-3,-2,0,-3,-1,-4,0
127.631884,8,-1,0,-4,0,-1,0,1,0
127.631913,6,15,7,7,0,0,0,1,0
127.634296,32,12,4,0,0,-2,-1,-2,0
127.634302,-85,-11,-5,-1,-3,0,-1,-4,0
127.654115,48,-4,-4,0,-3,-1,-1,2,0
127.654139,-32,3,-3,-1,-2,-3,-2,-6,0
127.655937,3,-4,1,-2,1,0,-1,1,0
127.655989,8,-16,-1,-1,0,-2,-1,1,0
127.667596,5,-13,-4,-1,-2,-1,-1,0,0
127.667601,19,26,1,-3,-3,-2,0,-3,0
127.678311,-33,-10,2,-1,-2,-2,-4,-5,0
127.678322,14,5,2,-1,0,0,0,-2,0
127.691357,-22,-3,-1,1,1,-2,0,-1,0
127.691376,9,18,-5,1,-1,-1,0,2,0
127.693178,9,-11,-3,-5,-2,0,1,2,0
127.693200,35,-7,1,4,2,-1,-3,-3,0
127.713796,12,-5,0,-3,-3,2,-1,1,0
127.713803,-19,7,2,0,-2,-1,-1,-1,0
127.715314,5,36,-2,1,-1,-1,-1,5,0
127.715330,13,-39,-5,-3,-2,1,-1,-7,0
127.727806,2,4,-2,-2,-2,-2,-2,-5,0
127.727843,-31,-12,-4,-2,0,0,-1,-2,0
127.736718,26,3,5,-1,-1,-1,1,0,0
127.736723,14,20,1,1,0,0,-1,3,0
127.751055,-4,-6,-2,0,-1,-1,-1,1,0
127.751082,-6,-4,1,-1,0,-1,0,0,0
127.757568,13,-20,-7,-3,-2,-1,-1,0,0
127.757586,-37,11,-1,-3,-3,-2,0,-2,0
127.773912,-14,2,6,2,2,-2,0,-3,0
127.773932,-3,-1,0,-1,0,-1,0,-1,0
127.775346,18,7,0,4,0,-1,-1,-3,0
127.775357,1,6,-3,-10,-2,0,-1,1,0
127.787620,-8,5,-6,1,-1,0,-1,-3,0
127.787645,16,-31,0,-1,-3,-3,-3,1,0
127.796748,-47,16,2,4,0,-1,-1,-3,0
127.796753,-13,-25,-1,0,0,-1,0,-2,0
127.811697,11,3,0,-5,0,-1,-1,0,0
127.811726,5,14,0,-2,-1,0,-2,1,0
127.812927,-4,-3,-4,-1,0,0,-3,-2,0
127.812943,46,30,2,3,-2,-1,-2,1,0
127.834561,-28,-39,-1,-1,0,1,2,5,0
127.836164,-33,-11,-5,-1,-1,-1,-4,-10,0
127.836169,18,-2,-1,-5,-2,-1,-2,-2,0
127.836171,21,7,0,3,0,-2,-2,0,0
127.847634,-9,17,0,-1,-3,-2,0,-1,0
127.847659,58,18,7,-3,-2,-1,-1,3,0
127.858069,-81,-41,-5,2,2,0,1,-1,0
127.858077,-27,12,2,-2,0,-2,-1,-3,0
127.871415,41,2,-4,-2,-2,-2,-1,0,0
127.871492,-17,-4,3,2,-1,-1,1,1,0
127.872991,19,6,2,-4,0,0,1,1,0
127.873019,-6,-12,-6,-2,-3,-1,-1,-2,0
127.894211,-10,1,0,1,0,-2,-3,-1,0
127.896366,-13,-8,-2,-1,-1,-2,0,-2,0
127.896372,30,11,-3,-3,-3,-1,-3,-2,0
127.896374,20,0,1,1,-1,1,-1,7,0
127.907528,-49,-25,-3,-2,-2,-2,-3,-8,0
127.907545,15,25,-2,-3,-2,-2,-2,-2,0
127.916785,-4,-30,0,-1,-1,-2,-1,-3,0
127.916792,-35,-1,-3,1,-1,-1,-1,-2,0
127.933627,34,12,-2,-5,-1,-1,1,3,0
127.933634,-11,4,-2,5,-1,1,0,-2,0
127.933636,9,1,-3,-1,-4,-1,-3,0,0
127.933638,-1,3,5,-2,1,1,1,3,0
127.953891,12,-3,1,0,-3,-2,-2,-3,0
127.953907,-19,-12,-6,-4,-2,0,1,2,0
127.956294,57,26,5,-1,0,1,0,0,0
127.956311,-32,-20,-6,-2,-2,-1,0,-6,0
127.976721,-7,-2,0,1,1,0,-2,0,0
127.976766,32,-7,1,-2,0,-2,-1,3,0
127.978313,-88,-3,-7,-1,-3,-4,-4,-3,0
127.978319,7,0,-1,1,1,-2,-1,-6,0
127.990647,8,12,5,-2,-1,-1,0,3,0
127.990663,4,-9,-3,3,2,-2,-1,-2,0
127.991451,-7,3,-1,-1,-1,0,0,1,0
127.991478,3,10,2,1,-2,-2,-1,1,0
128.013105,0,-13,-3,-2,-2,0,-1,-1,0
128.013121,-3,2,0,-3,1,-1,-2,-4,0
128.013870,47,0,1,-1,0,-1,1,2,0
128.013886,-31,0,-4,-2,-4,-1,-3,-5,0
128.035584,2,8,-2,-2,-2,1,0,0,0
128.035600,17,9,1,-1,-2,-1,0,1,0
128.036410,-2,-9,-2,2,0,-1,-1,-3,0
128.036450,23,9,1,-3,0,-1,1,4,0
128.050632,23,-20,-6,3,1,-3,-2,-2,0
128.050649,-8,-1,-4,-3,-1,0,0,-1,0
128.051702,-23,-6,1,1,-1,-3,0,0,0
128.051707,1,16,-1,-4,1,0,0,0,0
128.073442,-3,-7,4,2,1,0,-1,-3,0
128.073452,0,-8,-2,-1,-1,0,-2,1,0
128.073873,2,4,0,-2,-3,0,-1,-2,0
128.073891,26,-5,-3,-2,-1,-1,0,4,0
128.095586,9,12,-1,-2,1,-1,0,-1,0
128.095602,-51,-8,0,2,0,0,-1,-2,0
128.096517,43,-9,-3,-5,-1,-3,0,1,0
128.096521,-57,4,2,-1,-2,-1,-2,-6,0
128.110704,-25,-39,-4,-4,-1,0,-1,-3,0
128.110722,-21,4,4,-1,0,-2,-1,-2,0
128.112531,24,8,-5,-1,-1,0,-1,-2,0
128.112535,-2,1,-2,-3,-1,-2,0,-1,0
128.141466,-3,10,3,4,-1,1,2,5,0
128.141505,10,8,-1,-1,-1,0,-3,-3,0
128.143360,-20,-23,-1,-3,-1,0,-1,-3,0
128.143373,1,-12,-2,1,-2,-2,-1,0,0
128.156084,5,18,1,-1,-1,-1,0,2,0
128.156112,-3,-11,-4,-4,-1,-1,0,1,0
128.157801,27,17,3,1,-3,-1,0,2,0
128.157805,-24,-15,-4,-2,-2,0,-2,-5,0
128.170761,37,22,2,-1,1,-2,0,1,0
128.170777,-38,-16,-2,0,-1,-2,-4,-6,0
128.173191,15,-6,-4,-5,-3,-1,-3,-3,0
128.173200,16,-18,-1,2,0,1,0,2,0
128.193707,2,11,1,1,-1,-1,-1,-1,0
128.193763,2,-5,-4,-5,0,-2,0,-2,0
128.194742,-7,15,-1,1,0,-1,-1,-1,0
128.194746,-1,11,0,-1,0,-2,-2,-1,0
128.215626,13,3,-5,-2,-2,-1,0,1,0
128.215630,5,-3,1,1,0,0,0,3,0
128.216255,-4,9,1,-3,-1,-1,-3,-5,0
128.216264,7,-22,0,0,-1,-2,-1,1,0
128.230593,-16,4,-1,-2,-3,-1,-1,-3,0
128.230603,8,0,-3,-2,-3,0,1,2,0
128.231278,-6,0,-1,-1,0,-2,0,0,0
128.231286,6,13,1,1,-1,1,-2,-1,0
128.253104,-11,-4,-1,0,-2,1,0,3,0
128.253127,23,-10,-3,-1,-2,-1,-3,-5,0
128.255980,41,12,-2,1,-1,-1,-1,-5,0
128.255998,-3,-18,-5,0,-1,-2,0,1,0
128.275743,-24,-7,-6,-1,-1,-3,-4,-4,0
128.275777,18,12,10,2,-1,0,1,2,0
128.277946,-9,-1,-2,-1,-1,-2,0,0,0
128.277953,16,15,-3,-3,-3,-1,1,1,0
128.290896,5,0,1,-2,-2,-1,0,0,0
128.290926,-14,-6,-1,-1,0,-1,-1,0,0
128.293287,-10,2,3,2,0,-2,-1,-1,0
128.293297,23,22,2,0,1,-2,0,0,0
128.313121,-53,-52,-6,-1,-1,-1,0,1,0
128.313138,54,15,-1,-3,2,0,-1,0,0
128.313829,-93,-20,-7,-5,-2,0,-3,-6,0
128.313869,23,17,5,-3,-3,-3,-3,-6,0
128.335565,20,1,1,2,0,0,-1,-2,0
128.335581,-15,1,0,1,-2,-1,1,1,0
128.336422,26,-6,0,-2,1,1,1,5,0
128.336426,-8,1,-2,-1,0,1,0,0,0
128.350676,-1,17,0,-2,-3,0,-2,-2,0
128.350693,-12,-10,-1,-3,-1,-4,-2,-2,0
128.351687,9,0,-1,0,-2,-2,-1,1,0
128.351692,-19,-12,-2,-2,-1,-1,-2,-2,0
128.373157,11,4,1,0,-1,-2,-3,-3,0
128.373220,-13,-6,-5,-2,-1,-2,-1,-4,0
128.373858,-2,1,1,-2,-1,-1,-2,1,0
128.373871,-3,-4,2,1,-1,0,-1,1,0
128.395876,1,2,-1,-3,-2,-3,-2,-2,0
128.395902,-9,1,-4,-1,-3,-1,0,-2,0
128.397235,12,28,4,-1,0,0,0,1,0
128.397244,-15,-45,-5,1,-1,-2,-1,0,0
128.410791,25,28,3,0,-2,-1,-2,-2,0
128.410823,-21,-38,-7,-3,-4,-1,-2,1,0
128.418261,7,-3,-2,-1,-2,-1,0,-1,0
128.418285,-3,6,-3,-1,0,1,0,-2,0
128.433486,42,12,-1,-3,0,-2,1,1,0
128.433494,-31,11,1,0,0,-1,-3,-5,0
128.433948,12,-7,1,1,2,-1,-2,0,0
128.433970,8,14,6,-1,0,0,-1,-1,0
128.455750,20,-19,-1,-4,-1,-1,0,1,0
128.455776,-14,-15,-6,2,-1,0,0,2,0
128.457168,-13,10,-1,0,0,-2,-2,-7,0
128.457176,-62,-36,-8,-5,-4,-3,-2,-2,0
128.470661,-11,1,1,-1,-2,-1,-3,-6,0
128.470681,32,17,3,2,0,-2,0,3,0
128.471918,-11,2,1,1,0,-3,-1,-2,0
128.471928,22,9,-2,1,-2,-2,1,1,0
128.493415,-12,-2,-2,0,-1,0,1,-2,0
128.493446,-9,8,-1,-5,0,-3,-3,-2,0
128.494912,0,-9,-3,-1,-2,-2,-1,0,0
128.494923,9,14,0,-2,0,0,-1,-1,0
128.515799,-2,-3,-2,-1,0,1,0,2,0
128.515826,-9,-21,1,0,0,-1,0,-3,0
128.516449,24,-7,-3,-5,-3,-3,-2,0,0
128.516471,13,-10,-4,-2,-1,-2,0,0,0
128.530219,5,14,-1,2,-1,-1,-1,-2,0
128.531790,-12,-3,0,-1,-1,-2,0,-1,0
128.538642,-6,-18,1,2,1,2,0,0,0
128.538675,-1,1,-2,-2,1,-2,0,-1,0
128.553073,7,6,-2,1,-2,-2,-1,1,0
128.553089,21,9,-2,-3,-1,0,0,1,0
128.553878,-24,-5,-1,1,-1,-1,-1,-1,0
128.553882,7,11,0,2,-1,0,0,-2,0
128.575664,-15,-7,0,-4,-1,0,0,1,0
128.575683,6,-1,-6,-1,-2,-3,-1,-1,0
128.576633,-5,2,1,-2,1,0,1,0,0
128.576664,52,16,0,0,0,0,-1,-1,0
128.591175,-97,-13,1,1,-1,-3,-3,-2,0
128.591181,-1,-19,-6,-1,-3,0,-2,-4,0
128.598433,7,7,1,0,1,0,0,-3,0
128.598462,0,11,0,3,-1,-1,-1,1,0
128.613307,-23,-18,-2,-4,-1,-2,2,0,0
128.613330,18,15,1,1,1,-1,-1,1,0
128.614019,-16,-9,-1,1,-3,-2,0,0,0
128.615133,-10,10,1,-7,-2,-2,0,-1,0
128.636551,14,12,0,1,-3,0,-1,1,0
128.636591,-16,-9,-1,1,0,0,-1,-4,0
128.638628,25,13,-1,-2,-2,-2,-1,3,0
128.638647,-34,-25,0,-1,-2,-1,-1,-2,0
128.650160,27,-7,-5,-4,0,-2,-2,-2,0
128.651366,-42,-1,0,-1,-1,0,0,-2,0
128.658310,18,4,0,0,-1,1,-1,1,0
128.658343,-14,3,0,0,-2,-2,0,-4,0
128.673273,18,-14,-5,0,-1,-1,0,-1,0
128.673291,-1,7,-1,-3,-3,-3,-2,-2,0
128.673816,-55,-10,-2,-3,-2,-1,-1,-4,0
128.673830,25,3,-2,-2,-1,-1,-2,1,0
128.696234,-3,13,3,0,-1,0,0,-1,0
128.696250,31,9,2,0,1,0,0,1,0
128.697541,-11,3,-2,-3,0,0,0,0,0
128.697553,24,3,6,6,0,-1,-1,2,0
128.710317,-16,-13,-4,0,-1,-1,-2,-7,0
128.710341,5,4,1,-2,-2,0,-1,2,0
128.718459,-4,-12,-3,-2,-2,-1,-1,-1,0
128.718477,3,11,-1,-1,0,0,-1,-1,0
128.733934,2,6,-1,0,3,0,0,-1,0
128.733939,31,0,1,-2,-3,-2,0,0,0
128.733941,-5,20,-2,-1,0,-1,-2,-2,0
128.733942,-73,-27,-1,-3,-3,0,-1,-6,0
128.755679,-6,-25,-8,-2,-3,-1,-2,-1,0
128.755699,8,-5,-2,-3,0,1,-2,-1,0
128.757228,7,-3,1,0,-1,0,-1,1,0
128.757234,18,6,-5,0,-3,0,-2,-2,0
128.770037,-19,6,2,-3,0,-1,-1,-3,0
128.770059,13,9,2,-1,-2,-2,-2,0,0
128.778168,11,-7,1,1,0,0,0,1,0
128.778185,-2,3,-4,-1,0,-3,-1,1,0
128.802031,21,7,1,-1,-2,-1,-3,0,0
128.802062,-9,-15,0,-3,0,0,0,1,0
128.803979,30,9,0,1,0,0,1,3,0
128.803983,-58,-19,-4,-5,-1,-3,-2,-9,0
128.815895,18,-18,-7,-4,0,0,1,1,0
128.815920,7,9,6,5,-1,-1,-1,-2,0
128.816663,-5,-9,-4,0,-1,-1,0,0,0
128.816754,36,10,4,0,-1,1,-1,2,0
128.839329,12,24,2,0,-3,-2,0,-1,0
128.839351,-37,-15,-4,-5,0,-1,-1,-3,0
128.841188,12,-33,-5,0,0,1,-1,1,0
128.841193,10,1,0,-1,1,0,0,0,0
128.853455,-1,7,1,0,-1,-1,0,-1,0
128.853533,28,2,-7,0,-4,-2,0,1,0
128.854730,-34,8,-1,-4,-2,-1,-2,-4,0
128.854738,0,-1,-2,-2,-2,-2,-2,1,0
128.875683,-33,-3,1,-1,-1,-3,-3,-7,0
128.875751,8,6,-1,2,2,-1,-1,0,0
128.876731,36,5,-1,-2,-2,-1,-2,-1,0
128.876769,-75,-11,-6,-4,-1,0,-1,-1,0
128.898854,25,-5,0,0,-1,0,-1,1,0
128.898871,-2,14,4,1,-1,0,0,-5,0
128.900126,-11,-33,2,0,0,-2,0,1,0
128.900133,43,14,2,-1,-2,-2,0,5,0
128.913106,7,10,-1,1,1,0,-1,-3,0
128.913122,-36,-4,-2,-3,-1,-1,-1,-8,0
128.915287,-3,-9,-4,0,-1,-2,-1,-4,0
128.915299,5,-6,-2,-3,1,1,1,1,0
128.937517,-14,4,-3,-2,-1,-2,0,5,0
128.937522,16,11,1,0,-1,1,0,2,0
128.937524,-7,30,2,2,-2,-2,-1,-1,0
128.937526,8,-29,-5,-1,-3,-3,-1,-1,0
128.959148,9,4,-2,-3,-1,-1,0,0,0
128.959177,-58,-8,-1,0,-1,-2,-2,-2,0
128.960296,26,28,0,-2,0,-2,-1,1,0
128.960300,-12,-28,-3,-5,-2,-2,-2,-6,0
128.973291,-3,2,1,2,-1,0,0,1,0
128.973312,50,1,0,-3,-1,-3,-1,1,0
128.974646,-69,-19,-4,0,0,-1,-1,-6,0
128.974651,14,18,0,2,-3,-1,-1,-2,0
128.997104,11,0,-2,-6,-1,0,0,-1,0
128.997111,6,16,-3,-2,-1,-1,-2,2,0
128.997113,-14,-31,-1,0,0,-1,-2,-2,0
128.997115,64,15,-2,3,-1,-1,-2,-2,0
129.018915,-79,-27,-4,-2,-1,-4,-1,-5,0
129.018937,-2,-1,-2,-2,-1,0,0,-2,0
129.019747,25,21,1,-2,-2,-1,-2,1,0
129.019751,-13,11,-1,0,0,-1,0,-4,0
129.033288,26,-7,3,2,0,0,-1,2,0
129.033308,-12,4,2,1,0,-1,-1,-3,0
129.035202,3,0,-4,-3,-2,-2,1,-1,0
129.035210,-13,-1,-4,-2,-1,-1,-1,1,0
129.056022,24,-2,0,0,-1,-1,-2,-3,0
129.056055,-46,-21,-3,-4,0,0,-2,-2,0
129.058640,14,1,2,0,-2,-2,-1,2,0
129.058646,-1,9,1,-2,-3,-1,-1,1,0
129.078884,-1,5,-2,1,-1,-1,0,2,0
129.078904,8,-4,-2,-3,-2,-1,-1,0,0
129.079636,24,20,0,-2,-1,0,0,0,0
129.079651,25,-10,-4,0,2,-1,-1,0,0
129.093689,-77,-28,-4,-4,-2,-1,-2,-1,0
129.093732,-3,-1,1,0,1,1,-1,-5,0
129.094106,43,15,0,0,2,-1,-2,0,0
129.094158,-98,-38,-2,0,-2,-1,-2,-4,0
129.115990,66,21,2,0,-3,-1,-1,2,0
129.116012,-25,-5,-5,-3,0,0,0,-3,0
129.117468,-30,-15,-3,-2,-1,0,0,-2,0
129.117478,34,16,3,-3,1,-1,1,0,0
129.138881,-1,7,1,1,1,-2,-1,2,0
129.138903,15,-6,-1,0,-3,-2,2,2,0
129.139714,1,-4,0,1,-1,-2,-1,-1,0
129.139736,-9,1,1,2,2,-1,-1,0,0
129.155071,27,15,-2,-2,-2,0,-2,-1,0
129.155083,1,-17,-5,-1,-2,-2,-2,0,0
129.155086,-32,-8,-1,-6,0,0,-1,-1,0
129.155087,-9,-1,0,-1,-1,-1,0,1,0
129.176146,26,16,-8,-1,-1,-2,-1,-4,0
129.176182,-16,-7,2,1,-1,0,-2,0,0
129.178208,-3,-11,-6,-4,0,0,0,-2,0
129.178215,-3,4,2,2,-1,1,-1,-2,0
129.199369,9,1,4,-1,-2,0,-1,-3,0
129.199378,-14,13,0,1,-2,-1,-2,-1,0
129.199705,44,-5,-1,-3,-1,-3,2,5,0
129.199847,-32,-2,-1,-1,0,-1,-3,-6,0
129.214166,17,14,1,1,0,0,-2,0,0
129.214173,7,-19,0,-3,-2,0,1,0,0
129.214175,-19,-10,-2,0,-2,1,-1,-2,0
129.214177,33,11,-1,0,0,1,-2,0,0
129.235646,-40,-18,-4,-3,-2,-2,0,1,0
129.235668,51,29,7,2,0,0,-1,4,0
129.236263,-17,-3,-3,-5,-1,-1,-1,-5,0
129.236278,13,-5,-2,0,-2,-1,1,0,0
129.259150,-17,0,1,0,1,-2,-1,-1,0
129.260795,7,-4,2,4,1,-1,-1,2,0
129.260799,-17,-8,-2,-1,-1,-1,-2,0,0
129.260802,40,4,0,-7,-2,-1,-1,1,0
129.273459,-49,-15,-4,2,2,2,0,-5,0
129.273486,-65,6,0,0,-1,-1,1,-4,0
129.274803,6,13,4,3,1,1,1,1,0
129.274809,-2,-2,-1,0,-2,-1,-1,3,0
129.295622,42,-3,-1,-3,-2,-4,0,-1,0
129.295640,5,0,-3,-4,-1,-1,-2,-3,0
129.296258,-4,27,1,0,-2,-1,-2,-2,0
129.296267,-48,-47,-2,-1,-2,-1,-1,-1,0
129.319089,4,0,1,-1,-2,0,-2,1,0
129.319112,5,-10,-6,-8,-1,-1,-1,0,0
129.320786,21,8,2,3,-1,-3,-3,0,0
129.320795,31,14,-2,0,-1,-1,0,0,0
129.333314,-38,-7,-2,-2,-1,1,-2,-5,0
129.333335,-8,-8,-6,-1,-1,-1,-1,0,0
129.334559,19,11,5,-1,1,-1,0,2,0
129.334563,-2,-1,-4,3,-2,-3,0,-3,0
129.357088,9,-14,-2,-3,-1,0,-1,-1,0
129.357095,13,7,2,0,1,0,-1,-1,0
129.357097,-20,-10,-4,0,-2,-2,-1,-5,0
129.357098,10,9,-1,-3,-1,0,-2,1,0
129.378835,38,4,6,0,-1,1,1,4,0
129.378895,-5,2,-5,1,0,-1,0,-1,0
129.379964,-26,-12,2,-2,-2,-1,-2,-4,0
129.379969,0,3,-2,-2,-1,-3,-1,0,0
129.393646,25,17,0,-1,-1,-2,0,-1,0
129.393680,3,-12,-1,-1,-1,-2,0,-1,0
129.393953,-7,-17,-6,0,0,0,-2,-2,0
129.393969,-4,15,4,-1,0,1,-1,0,0
129.416300,-13,-11,0,2,0,0,-1,0,0
129.416330,5,3,-3,-2,-1,-1,-3,-3,0
129.417956,-1,2,-4,-2,-2,-3,0,-2,0
129.417961,34,14,4,-4,0,-1,-1,0,0
129.438969,-66,-26,-1,3,0,0,-1,-1,0
129.438988,7,-9,0,-1,0,-2,-1,-1,0
129.439703,11,0,0,-1,0,1,1,1,0
129.439729,8,17,0,0,0,-1,0,-2,0
129.453166,-11,-13,-7,-3,-1,-1,-1,0,0
129.453188,35,5,1,-4,0,0,2,4,0
129.453894,-43,-7,1,1,0,1,-1,-2,0
129.453913,-45,1,-2,1,0,0,-2,-2,0
129.476015,25,3,-1,-1,-1,-3,-1,-3,0
129.476055,-7,5,2,-4,-2,-1,-1,-1,0
129.477745,20,12,-3,-3,-1,-2,0,2,0
129.477753,-4,-35,-2,2,0,-1,-1,-2,0
129.498910,1,4,-3,-1,-3,-1,-2,-5,0
129.498931,-16,2,-1,-2,-3,0,-2,0,0
129.499634,6,-2,6,2,0,-1,-2,-1,0
129.499650,19,27,1,0,-3,-3,1,1,0
129.512486,-7,-32,-4,-4,1,1,1,2,0
129.512497,-4,8,0,3,0,-1,-3,-3,0
129.520762,0,-8,-5,-4,-2,0,-1,1,0
129.520784,36,10,0,-1,1,-2,-3,-2,0
129.535877,-59,-5,3,1,0,-1,0,-2,0
129.535900,23,5,-1,1,-2,-2,-1,-2,0
129.538369,-9,-13,-3,-2,-2,-3,-3,-2,0
129.538380,-18,-13,-2,1,0,-2,0,-2,0
129.558853,27,25,2,1,1,0,0,2,0
129.558868,13,-5,-1,1,-1,0,-1,-5,0
129.558870,-34,1,-2,-1,-1,-1,-1,-2,0
129.558944,-8,-5,1,-4,-2,-1,0,-2,0
129.575567,17,19,-3,-2,-2,-3,-2,-1,0
129.575582,0,-12,-1,2,-1,-1,0,3,0
129.580688,22,-11,-4,-1,-1,-2,-2,-3,0
129.580705,-34,-5,-4,-2,-4,-1,0,-1,0
129.595604,45,8,2,-1,1,0,1,2,0
129.595621,-80,-7,-1,-2,-3,-2,-1,-7,0
129.596557,20,10,1,0,1,-1,-1,-1,0
129.596566,-11,-5,-2,-4,0,1,-1,1,0
129.619683,22,5,-1,-3,1,0,-2,-1,0
129.619692,32,14,1,5,0,0,-1,2,0
129.619696,-5,-12,-4,-8,-2,0,-1,-2,0
129.619700,-5,-10,-2,3,-2,-2,-3,2,0
129.632868,4,13,-2,1,-2,0,-1,-5,0
129.632890,-7,-13,0,-2,0,-1,-1,-5,0
129.640752,53,18,0,-2,0,-2,1,7,0
129.640775,-9,-13,1,-1,0,0,-3,-4,0
129.656024,-62,3,-4,0,-4,-3,-4,-7,0
129.656051,0,17,-4,-4,-1,-1,0,-2,0
129.657698,-5,-23,-3,1,-3,-1,0,-3,0
129.657702,22,7,0,-1,1,-1,0,-1,0
129.678794,9,-7,3,0,-2,-2,1,1,0
129.679794,-4,6,4,-3,-1,-2,-2,1,0
129.679799,5,0,0,2,0,1,0,0,0
129.679801,4,5,-5,-2,-1,0,-1,-3,0
129.693012,-18,-16,-2,0,-2,0,-2,0,0
129.693039,8,-2,-1,0,1,-2,-1,-2,0
129.700770,7,5,0,-6,-1,-1,0,-2,0
129.702198,1,29,0,3,-1,-1,-1,1,0
129.715743,-36,-41,-6,0,-1,0,-1,-4,0
129.715763,3,-6,2,3,0,0,0,2,0
129.718010,-17,-3,-1,-1,0,-1,-4,-4,0
129.718017,3,-3,-2,-3,-1,-1,0,-1,0
129.739282,43,13,7,-3,-1,-2,0,0,0
129.739319,10,-2,-2,-1,-2,-1,0,1,0
129.740999,13,0,-1,3,-2,0,0,3,0
129.741004,-61,-1,-2,-4,-1,-1,-3,-8,0
129.752520,4,-8,0,-3,-1,-1,-2,1,0
129.752542,13,0,-4,-2,0,-2,-3,-5,0
129.760721,-1,-6,-2,1,1,-2,-1,-2,0
129.760739,11,-14,-2,-1,-2,-2,0,1,0
129.775703,9,8,-1,-3,-3,-1,-2,-1,0
129.775730,-20,4,-3,0,0,0,0,0,0
129.776791,-3,1,-4,-2,0,0,0,-3,0
129.776835,0,-2,0,2,1,-1,-1,0,0
129.798456,14,8,-1,-3,1,1,0,0,0
129.798473,-14,7,1,0,-1,-2,0,-1,0
129.805672,3,-16,-5,-2,-1,-2,-2,0,0
129.805692,-17,-9,4,-1,-1,-1,-1,1,0
129.821219,13,15,0,0,-1,0,0,0,0
129.821241,-24,1,-2,-1,1,-2,1,-3,0
129.822149,43,-5,4,1,-1,-2,1,2,0
129.822171,8,12,-2,0,0,-1,-1,-5,0
129.836497,-6,-19,-4,-1,-2,-1,-1,0,0
129.836502,2,-13,-3,-5,-2,0,0,1,0
129.836504,-8,14,4,4,1,-1,0,2,0
129.836506,-1,-4,-2,1,0,-1,-2,1,0
129.859461,-27,19,3,0,2,-2,0,-1,0
129.861768,2,-7,-2,4,-1,-1,-1,-1,0
129.861774,-17,-4,-3,-3,-2,0,-2,-2,0
129.861776,38,20,5,-4,0,-1,0,0,0
129.881314,-25,-19,-2,0,-1,-2,-1,-1,0
129.881437,-22,-11,-3,-4,-1,-1,-1,-2,0
129.883337,-8,3,-3,-1,-2,-2,-2,1,0
129.883342,12,7,-1,2,0,0,0,1,0
129.895738,-5,0,-1,-2,-1,0,-1,-2,0
129.895756,64,-3,2,-1,0,0,-1,1,0
129.897833,-84,11,1,1,0,1,0,-4,0
129.897838,-6,-3,-5,-2,-2,-2,-1,-1,0
129.919414,25,-9,-1,-5,-1,-1,-1,3,0
129.919442,-5,-10,-3,3,-2,-1,-1,0,0
129.920690,25,10,5,4,1,0,0,1,0
129.920694,20,-16,-3,-3,0,1,-1,-2,0
129.941440,-32,3,-2,2,0,-1,0,-2,0
129.941466,19,21,-3,-4,-2,-2,-3,-5,0
129.944019,-8,-20,3,0,1,0,0,-3,0
129.944028,17,1,1,-2,-3,-2,-1,0,0
129.955920,1,40,-1,0,-1,-2,-1,2,0
129.955949,-13,-50,-4,-2,-1,1,0,1,0
129.957327,-22,1,-5,-2,-1,-1,-2,-3,0
129.957332,23,-3,3,0,0,0,-1,1,0
129.978796,21,2,0,0,0,0,0,2,0
129.978818,-34,3,-5,-1,-1,-3,-2,-3,0
129.979563,6,-1,-3,-9,0,0,0,-1,0
129.979579,7,-3,3,5,-2,0,-2,0,0
130.001389,13,27,1,0,-1,-1,-1,-1,0
130.001406,-9,-49,-2,1,0,-2,0,2,0
130.002313,23,3,-5,-3,-3,-1,-1,-1,0
130.002317,-40,-6,-4,-3,-1,0,-1,0,0
130.015715,12,-5,-2,-6,-2,0,-1,-1,0
130.017671,-8,21,4,2,0,0,-1,-1,0
130.017683,11,9,4,1,-2,-1,0,2,0
130.017685,-31,-14,-3,-1,0,-1,0,-5,0
130.040949,-20,-15,-3,0,-1,0,-1,0,0
130.040959,4,16,-2,-4,0,0,1,0,0
130.040961,2,11,-1,2,0,-1,-2,-1,0
130.040963,-5,-19,-3,-1,1,0,0,1,0
130.061414,4,-17,-5,-2,-2,-1,-1,-5,0
130.061437,4,12,1,0,1,1,-1,1,0
130.062055,38,18,3,3,-1,-3,-1,0,0
130.062271,-67,-19,-2,-4,-1,-2,-2,-3,0
130.075975,24,11,-3,-3,-1,-1,0,-1,0
130.076013,-12,-14,-3,-3,-4,-1,-2,-5,0
130.083587,-17,-5,-1,-3,-3,0,-2,-2,0
130.083616,15,10,-1,2,-2,1,1,1,0
130.099083,0,-17,1,2,-1,0,0,2,0
130.099108,36,17,0,-1,1,0,-1,3,0
130.100927,-54,-12,-3,0,0,-3,-1,-5,0
130.100935,12,15,0,-3,-1,-2,0,0,0
130.121573,-5,-27,-2,-1,-1,0,-1,2,0
130.121602,-5,8,-1,0,-3,-2,-2,-4,0
130.122265,2,-9,-1,-3,0,0,0,-1,0
130.122331,13,9,2,-1,1,-1,-3,-2,0
130.135542,-3,0,1,6,0,-2,-2,-1,0
130.135557,2,0,0,-1,1,0,0,2,0
130.136186,-9,-7,0,-3,-4,-1,-1,-1,0
130.136200,43,7,1,0,-1,-1,-1,0,0
130.158998,-32,-1,0,0,0,-1,-2,-5,0
130.159024,-16,8,-4,-4,0,-1,0,-2,0
130.160628,3,-22,-5,-2,-2,-1,-2,0,0
130.160636,51,1,-3,0,0,0,1,3,0
130.180383,2,13,0,0,-1,0,-1,-5,0
130.180393,-19,9,1,4,0,0,0,-3,0
130.188390,1,-11,-1,-1,-1,-1,-1,-1,0
130.190421,-1,-5,-3,-3,-2,-2,-3,2,0
130.195586,2,-4,-3,-7,1,-1,0,0,0
130.195603,28,13,3,0,-1,-2,-1,-1,0
130.196450,-17,2,-5,0,0,-1,-1,0,0
130.196455,37,20,6,2,-1,2,-1,3,0
130.218846,-15,-23,-4,-3,-2,-1,-3,-6,0
130.218862,35,-1,-1,-3,-2,-1,1,5,0
130.219965,-5,-22,1,1,-1,-3,-2,-9,0
130.219972,-2,-4,-2,1,0,-2,0,-1,0
130.242504,7,17,2,0,-1,-1,0,1,0
130.242521,-18,-5,-3,-2,-1,-1,0,3,0
130.242525,17,9,0,-2,-2,-1,0,2,0
130.242529,-61,-5,-1,2,-1,-1,-3,-7,0
130.258705,6,8,3,0,1,-1,0,-1,0
130.258714,-5,-31,-5,-2,-1,-1,-1,0,0
130.258717,-8,9,-3,-2,0,-1,-1,0,0
130.258719,-3,-2,4,-5,-2,-1,0,0,0
130.278876,-11,2,1,4,-1,-2,-2,-7,0
130.278892,8,-8,0,-2,-1,-1,-1,-4,0
130.279489,26,-14,-5,-4,-1,-1,-1,1,0
130.279497,-33,-1,2,1,0,0,-3,-1,0
130.303130,36,22,2,1,0,0,1,5,0
130.303134,-38,-20,-3,-1,-1,-1,-2,-1,0
130.303136,63,16,1,-1,-2,0,-2,1,0
130.303138,-81,-14,-5,3,-2,-2,0,-2,0
132.327217,1,-4,-2,4,26,-20,2,37,3
132.327495,19,7,2,-2,3,-14,10,4,3
132.328952,-14,-5,1,6,-64,62,-14,-43,3
132.328957,-6,8,4,-13,38,30,12,67,3
132.340261,16,-5,-3,1,34,10,2,7,3
132.340286,-12,-6,-3,4,5,68,-23,-1,3
132.349845,-10,-2,-1,5,-29,-6,6,-19,3
132.349863,-13,-4,-4,3,-37,-16,-11,-35,3
132.372081,16,8,4,-12,29,-11,17,81,3
132.372130,-1,-2,-2,0,-40,23,18,-74,3
132.374974,13,-2,-2,1,18,-11,46,66,3
132.374982,-29,-3,0,5,3,11,-19,-16,3
132.386282,13,-7,-5,-6,-17,-3,-1,-58,3
132.386361,-21,-4,-2,0,-19,-38,8,3,3
132.387739,-10,-1,3,3,71,19,4,11,3
132.387746,-5,-1,-7,-36,-94,-15,-25,-60,3
132.399980,9,1,6,61,71,-18,38,22,3
132.399996,-11,1,3,-7,-8,10,-10,2,3
132.410244,2,-5,-4,0,-76,73,-55,-13,3
132.410263,22,0,-2,9,73,-23,18,28,3
132.424228,-32,-5,-4,-18,-21,83,28,56,3
132.424238,-6,-1,-1,6,73,99,-17,-66,3
132.425425,-13,0,-2,14,28,-42,13,-5,3
132.425441,27,2,1,9,-5,0,-40,4,3
132.446331,5,6,-1,-16,-77,30,-8,10,3
132.446348,0,1,-6,3,113,-21,14,18,3
132.448354,0,-5,0,28,-44,-66,-5,-23,3
132.448360,8,-1,3,8,-21,48,2,-4,3
132.460288,0,0,-1,-10,5,-12,-5,-8,3
132.460317,7,1,0,-6,-26,-49,-17,-18,3
132.470100,8,1,-2,-16,15,-89,-3,2,3
132.470105,-9,-1,0,5,3,84,11,-43,3
132.485340,13,7,3,0,-6,-11,4,-12,3
132.485349,-2,-5,-3,-14,16,-60,6,33,3
132.485351,2,1,1,-6,38,112,19,-1,3
132.485353,6,1,-1,12,-17,-16,14,21,3
132.506453,-9,-7,-7,-13,-15,0,-20,-12,3
132.506477,-15,-3,-3,6,2,-41,-3,4,3
132.508392,3,6,6,-3,27,16,14,-18,3
132.508398,-17,-8,-2,1,20,-7,-2,-2,3
132.519944,0,-2,-2,-7,-10,31,-17,11,3
132.519965,1,-1,2,7,9,49,1,-1,3
132.530319,15,-2,-5,-2,-70,64,23,-6,3
132.530330,-20,-3,-1,0,11,-19,4,-33,3
132.544387,-11,1,2,4,-6,-34,24,96,3
132.546287,28,1,0,-2,-33,7,-24,-84,3
132.546297,-4,1,0,-13,-69,-48,9,-29,3
132.546300,8,4,3,13,-59,-1,-13,17,3
132.566558,11,0,1,-11,-1,-26,12,40,3
132.566582,-11,0,6,6,-21,13,0,34,3
132.568742,4,-2,-4,-7,14,-41,-17,22,3
132.568748,10,-3,-6,-4,-15,-43,-4,6,3
132.580558,-6,-5,-1,-6,12,3,-6,-49,3
132.580573,-13,-4,-3,2,-67,-35,31,14,3
132.591814,-10,1,-1,-8,-28,15,-6,-12,3
132.591822,-6,1,0,3,17,-23,-6,-17,3
132.603858,-6,1,-1,-1,-3,-54,-41,-25,3
132.603895,12,-2,-2,3,-46,-44,6,32,3
132.605538,-7,2,4,12,29,-11,-33,17,3
132.605679,-2,1,0,-7,11,94,3,-19,3
132.627178,-1,-2,2,6,12,38,6,-4,3
132.627196,-7,2,-6,-13,9,-27,-25,23,3
132.628586,5,-6,-4,-5,24,23,12,89,3
132.628602,-1,-1,-1,-1,-33,-15,-9,-67,3
132.649369,15,2,-2,0,46,37,-8,-28,3
132.649399,-17,-6,-6,-7,-72,22,10,-6,3
132.651798,5,2,2,-8,31,74,44,28,3
132.651803,-10,-4,-4,0,-20,1,-32,13,3
132.663944,12,1,2,-1,-40,-9,-25,-23,3
132.665698,-9,2,2,-3,25,-37,5,-43,3
132.665704,22,1,-4,1,-31,70,13,12,3
132.665706,-28,-3,1,-1,-1,-64,7,24,3
132.687948,-5,0,-1,-2,-64,51,17,-123,3
132.687955,-8,2,0,-1,86,42,-4,22,3
132.687958,20,1,-1,-2,-57,-12,6,18,3
132.687960,10,4,3,2,43,-31,-19,46,3
132.709150,25,-8,-3,7,16,38,14,-27,3
132.709184,-41,-6,-2,-4,53,19,41,10,3
132.710528,1,0,1,-1,-60,-84,-20,-25,3
132.710534,-12,-6,-2,0,-9,-35,25,-36,3
132.723991,9,2,-1,4,15,25,-1,40,3
132.724031,11,1,4,0,-93,74,44,-37,3
132.726393,-18,-7,-4,6,2,9,-50,1,3
132.726409,22,7,2,0,-32,-15,27,37,3
132.746390,-28,-6,-3,-5,27,-22,1,23,3
132.746409,-5,-1,1,-5,22,-102,-66,-44,3
132.748131,-17,2,1,2,26,74,4,-35,3
132.748136,8,-1,-2,-6,6,-9,-13,42,3
132.768937,-4,-1,-4,-7,-11,26,14,-21,3
132.768954,13,-2,3,24,22,83,-22,39,3
132.770576,-8,0,0,-2,27,-22,39,-20,3
132.770581,7,-2,0,0,25,-41,-9,19,3
132.783802,-20,-2,-4,-11,-5,-38,-6,-38,3
132.783822,10,3,0,-3,1,7,-38,-14,3
132.785378,-4,-3,-2,1,37,4,11,-7,3
132.785394,19,1,2,5,-9,0,35,13,3
132.806384,-4,2,-1,-2,-73,-19,-10,26,3
132.806413,2,-5,-6,-9,-5,-23,21,98,3
132.807818,-24,-7,-2,-2,20,-63,-35,-79,3
132.807830,21,-2,-1,-5,-92,-20,0,98,3
132.828797,-7,-6,-3,-4,-7,-13,-4,-61,3
132.828813,2,-3,-3,-9,-9,-50,-11,24,3
132.830456,18,2,-3,-5,-17,5,-21,33,3
132.830472,-26,-1,-3,-1,46,-8,-1,-5,3
132.843395,-14,-4,0,-1,-10,-3,-15,-27,3
132.843480,-10,-2,-1,2,-29,24,0,-27,3
132.850602,19,-2,-3,-5,-110,-41,-41,35,3
132.850632,-14,-2,-5,-4,25,67,15,-78,3
132.866483,-8,-1,1,0,18,5,2,30,3
132.868681,6,-2,-3,2,-53,50,-41,-14,3
132.868686,1,-7,0,-9,-43,17,23,9,3
132.868688,-26,3,4,23,47,3,-1,-31,3
132.889303,17,2,1,-5,14,-63,-19,40,3
132.889385,-9,4,2,-5,-12,32,30,-21,3
132.891034,0,0,-1,-14,23,-35,9,15,3
132.891040,11,-1,-1,7,19,12,0,51,3
132.903368,11,-3,-2,3,34,-7,-23,-37,3
132.903390,6,5,4,5,32,32,18,5,3
132.910307,-15,2,0,3,110,-2,25,14,3
132.910329,-8,-9,-6,-11,0,-52,-39,-26,3
132.926444,16,4,1,1,-6,-22,7,38,3
132.926477,-31,-1,-2,-5,28,10,45,23,3
132.928068,14,4,-2,3,31,43,11,-20,3
132.928103,-2,-2,-1,-8,-50,-39,-1,-20,3
132.948973,-4,-2,0,7,2,75,9,-1,3
132.948996,31,-7,-4,-5,3,23,-16,51,3
132.951456,-2,4,6,5,68,-13,21,-8,3
132.951463,-21,-1,-2,1,-29,86,-7,-84,3
132.964028,42,4,1,-6,1,-30,-20,-30,3
132.964057,-42,-4,-7,-2,-24,-118,-67,-19,3
132.969940,-21,-2,-1,2,13,52,-1,62,3
132.969956,13,-3,-1,-3,92,46,44,-30,3
132.986245,-10,5,1,3,-35,-26,-12,13,3
132.986254,8,-3,0,1,11,24,25,-17,3
132.987739,-5,0,0,3,-28,3,-30,30,3
132.987755,5,-4,-4,-7,-32,-55,-41,-2,3
133.009021,-24,1,-5,-9,-26,9,15,3,3
133.009153,14,-4,0,2,21,70,29,-1,3
133.010981,-16,-2,-3,-5,-11,19,9,33,3
133.010988,1,2,0,0,-5,66,-5,-44,3
133.023163,4,-4,-2,-4,-66,-42,4,3,3
133.023184,14,-1,-1,12,22,29,-24,-2,3
133.030866,7,-1,-1,-4,-38,17,1,-52,3
133.030871,-3,1,-3,5,-28,-5,-46,7,3
133.046390,-12,-6,0,5,51,31,7,16,3
133.046400,-2,-1,-2,-4,-83,-35,2,-12,3
133.047877,0,-2,-1,6,8,-9,14,-12,3
133.047890,6,7,2,-4,-69,-10,18,8,3
133.069072,-5,3,1,1,8,-27,7,94,3
133.069095,0,-4,-2,-1,34,-23,-32,-22,3
133.071157,12,-1,0,4,-4,-66,-6,1,3
133.071168,7,1,2,-6,11,7,18,11,3
133.083565,-41,-8,-4,1,6,26,-22,50,3
133.083591,23,3,0,-7,-26,-57,-4,-31,3
133.090234,23,-5,-4,5,22,-50,15,7,3
133.090253,-39,-4,2,4,39,-45,-9,6,3
133.106688,5,-6,-8,-4,48,26,23,40,3
133.106715,19,1,2,1,14,-8,-5,21,3
133.108638,-27,-2,-2,-7,-18,-14,-15,-20,3
133.108645,15,-1,-4,-7,-30,52,-2,28,3
133.128858,-2,4,4,0,-50,-10,20,-9,3
133.128935,-5,4,1,-2,4,47,4,11,3
133.130419,19,3,-2,2,-58,-40,18,-26,3
133.130436,3,0,1,-9,22,-28,-30,14,3
133.143528,-12,-4,-1,-2,10,49,20,-28,3
133.143557,-11,1,-1,-3,-82,15,-2,36,3
133.150181,16,-3,0,-2,-13,18,-5,-17,3
133.150205,17,-3,-3,-8,-6,5,5,49,3
133.166254,-18,-1,3,2,39,-54,20,-7,3
133.166271,-13,-4,-2,7,32,60,-13,-42,3
133.167825,-17,0,-1,-5,-28,12,-10,11,3
133.167833,1,0,0,-1,1,2,5,9,3
133.188883,14,1,-2,4,-13,46,-14,-48,3
133.188912,13,-5,-6,-5,35,-59,5,-16,3
133.190409,-11,-1,0,-3,12,11,-14,-10,3
133.190428,-25,-5,-4,2,41,123,-5,23,3
133.202965,28,4,1,0,-38,-83,-11,9,3
133.202970,-25,2,3,-3,-12,-37,23,-3,3
133.212073,-6,-7,-4,-3,9,99,12,16,3
133.212084,9,0,-2,7,80,-4,-8,-3,3
133.226646,0,-5,-5,-6,28,26,19,7,3
133.226671,-6,0,1,7,101,-39,12,12,3
133.228832,-8,2,0,2,31,5,3,33,3
133.228836,-2,0,-2,-4,-6,1,2,-3,3
133.248990,8,5,1,1,21,21,14,-50,3
133.249019,-22,-11,-4,-6,-36,116,-16,-22,3
133.250439,-26,-2,4,2,4,5,-1,31,3
133.250454,8,-5,-2,-4,-47,-54,31,-48,3
133.263467,-2,2,2,0,-48,-34,-42,4,3
133.263476,0,1,-2,-2,-18,27,-4,-5,3
133.273261,6,-2,-2,0,-28,-33,-8,60,3
133.273268,-3,0,1,1,-47,19,5,16,3
133.286460,-2,0,-1,-4,-8,-16,-6,-4,3
133.286484,7,5,1,0,-2,-14,13,-16,3
133.287833,17,-1,0,5,-28,41,0,16,3
133.288009,-11,-3,-1,1,15,33,-13,-5,3
133.310028,-7,-6,-6,-6,-4,-22,0,-19,3
133.310035,10,6,5,2,7,-22,22,-2,3
133.310492,-21,-5,-2,-1,4,-14,-24,-45,3
133.310505,-1,-2,-2,-8,-27,-39,-3,-44,3
133.322977,-11,0,2,2,4,6,-14,5,3
133.323014,22,1,-2,-4,-1,-30,-4,23,3
133.332121,8,3,0,-2,11,70,9,-19,3
133.332131,-8,0,2,9,29,-43,-10,20,3
133.346313,1,2,-1,0,-24,28,-9,-3,3
133.346329,-6,-6,-2,-8,23,-56,-17,21,3
133.348297,-3,-1,0,2,29,-50,-2,-62,3
133.348302,-21,1,1,-2,-24,60,41,-86,3
133.369491,43,-3,-4,2,76,-15,-35,75,3
133.369515,5,3,1,-3,-3,-46,11,71,3
133.372307,-15,-3,-3,-5,-14,-31,-16,-100,3
133.372324,14,2,0,-1,-15,19,11,19,3
133.382910,-5,2,2,-1,-17,-32,0,-13,3
133.382990,6,0,-2,0,-20,16,0,-14,3
133.393517,-5,-5,-3,-3,29,0,8,30,3
133.393525,4,0,-2,-2,-10,-30,-5,21,3
133.406513,-10,-2,1,-5,-45,11,14,-28,3
133.406542,5,4,0,4,65,-7,-10,26,3
133.408236,-4,-6,1,5,-3,-32,10,-28,3
133.408269,2,0,-3,-3,51,33,-37,3,3
133.428925,-5,-9,-5,-9,-72,74,34,20,3
133.428943,-24,-5,-2,-6,-26,-1,-52,-64,3
133.430752,12,0,-6,-5,-19,-27,-10,110,3
133.430758,3,2,0,0,-15,-34,2,41,3
133.443034,8,0,0,5,-6,-6,-1,-8,3
133.443065,22,-1,-3,-1,-4,83,48,68,3
133.453080,-16,-3,-1,0,7,-10,-9,-43,3
133.453092,-8,-1,1,1,-8,6,4,69,3
133.466346,26,1,-2,-2,14,7,-7,-91,3
133.466388,13,7,2,-1,-19,-24,2,-6,3
133.467728,-10,-1,1,-2,-7,-15,-9,32,3
133.467742,5,-1,0,-2,-13,15,14,27,3
133.489055,-10,-3,-1,0,14,-17,-13,3,3
133.489081,11,2,-2,-1,-92,-25,-4,-30,3
133.491877,-12,6,-3,-6,52,28,-20,-37,3
133.491901,-20,-22,-5,-8,-91,-81,14,-46,3
133.502515,-16,-6,-4,4,27,67,17,56,3
133.502537,-7,6,3,3,1,-18,-15,41,3
133.512238,1,-13,-2,-3,-21,6,6,-21,3
133.512245,19,2,-1,0,3,9,-2,40,3
133.526654,-13,-1,3,2,14,-14,-3,-12,3
133.526681,4,1,-1,-10,2,22,4,32,3
133.527891,10,11,3,3,43,-21,15,-17,3
133.527908,2,2,2,17,81,-7,26,22,3
133.548963,-9,0,-1,-3,-19,31,3,-65,3
133.548989,-4,-2,-3,0,-8,-1,-1,-2,3
133.550700,0,-4,-2,-2,-7,-17,-3,6,3
133.550706,5,-2,0,-3,-24,8,-5,-2,3
133.562586,-1,5,-2,-6,7,-43,4,26,3
133.562604,-24,-9,-1,4,18,-5,-4,-33,3
133.573096,-12,-5,-2,-4,5,-47,3,26,3
133.573107,24,4,-5,-8,-27,61,-35,-42,3
133.587956,-7,0,0,2,-5,-41,7,-2,3
133.587964,-20,-7,-1,-1,-10,-17,-32,20,3
133.588322,43,1,1,8,-86,13,8,-17,3
133.588374,-17,4,-2,-3,74,-20,-22,-73,3
133.609429,-11,-2,0,0,30,-53,11,-4,3
133.609464,14,1,1,-1,-50,3,-14,20,3
133.611536,-19,8,3,-2,-39,96,13,-9,3
133.611542,4,1,1,3,-12,13,24,-17,3
133.631797,-8,1,1,0,-12,14,5,0,3
133.631814,4,2,-1,-1,18,18,14,-29,3
133.633612,-13,-4,1,-3,-38,-21,10,-4,3
133.633616,6,-6,-2,-4,-23,-37,-36,-1,3
133.646329,-4,1,-2,-3,27,17,5,31,3
133.646345,8,3,3,1,-18,-61,16,-30,3
133.647965,5,5,0,-3,-53,35,-11,12,3
133.648032,-19,-5,-5,-12,-67,-13,5,-5,3
133.668767,2,2,2,1,26,-49,-5,2,3
133.668789,1,-3,-5,-2,12,-1,6,2,3
133.670263,-7,-3,-2,-3,38,0,-2,8,3
133.670267,25,-3,-4,0,-31,48,11,92,3
133.691403,4,-5,-3,-1,-8,-15,-22,16,3
133.691430,-2,0,-2,-2,17,6,32,-76,3
133.693239,4,-1,-3,0,6,67,1,-3,3
133.693251,13,6,3,3,71,-34,-6,19,3
133.706398,-24,-1,-1,3,-11,46,3,4,3
133.707598,15,-4,-3,-4,-58,-31,11,-21,3
133.707952,1,0,-1,-2,37,-21,12,4,3
133.707965,-16,3,0,0,-8,-121,19,23,3
133.728798,34,-8,-2,-5,-67,71,-16,-10,3
133.728814,-18,3,0,-1,-26,-23,-5,7,3
133.730300,2,2,-1,-4,-13,-70,-6,-5,3
133.730316,-34,-6,-1,0,78,3,-4,-42,3
133.751726,13,1,0,-1,2,-22,1,8,3
133.751743,5,-5,-3,2,25,29,9,18,3
133.752843,-1,-2,-4,-5,-24,-53,-31,-10,3
133.752875,3,-9,-4,-3,12,102,47,-14,3
133.765822,-28,3,-3,-4,-22,51,-34,-10,3
133.765847,28,-1,5,4,32,34,29,88,3
133.772882,-38,3,-1,-1,-29,-39,-31,-66,3
133.772904,22,-3,-4,-6,-40,23,-4,-11,3
133.788696,-27,-7,-6,-9,-62,0,22,12,3
133.790952,5,2,0,3,62,-28,-6,-22,3
133.794987,-8,-5,-2,3,-27,-2,-3,48,3
133.795005,13,9,4,5,35,23,-9,4,3
133.811295,12,0,4,1,19,-63,-9,-8,3
133.811316,-9,-3,-2,0,-8,26,-4,15,3
133.812810,-6,-3,-1,-4,51,-34,-6,5,3
133.812826,20,8,3,0,6,-32,-6,41,3
133.825843,-19,-5,-4,1,37,17,21,-97,3
133.825871,1,3,3,-3,-13,115,-22,-39,3
133.832572,-4,0,2,9,78,92,2,18,3
133.832598,-7,-5,-2,-4,-24,67,30,-9,3
133.848982,11,-1,-1,-11,-94,-2,-19,24,3
133.849002,-25,-6,-2,-1,-20,-61,7,9,3
133.850796,1,-2,-5,-4,1,105,-15,-20,3
133.850804,20,-2,-1,0,-19,-12,-24,-47,3
133.872424,-7,3,2,-3,-11,2,27,21,3
133.872432,-4,-6,-5,-1,23,-79,19,28,3
133.872979,19,2,1,-1,8,18,12,50,3
133.873001,-28,-4,0,6,-16,41,-4,38,3
133.888677,26,3,-2,-1,-53,68,-10,-15,3
133.888735,4,-5,-2,-8,-81,-72,7,35,3
133.892858,6,-3,1,2,35,-92,24,-47,3
133.892886,-24,-3,1,-5,13,60,-33,-60,3
133.909275,-4,0,2,6,33,2,7,-35,3
133.909323,10,-1,-2,-3,-9,57,-18,40,3
133.911455,-3,-2,-3,-2,-12,-4,9,-11,3
133.911460,15,1,1,3,-33,-71,-9,45,3
133.931485,-2,-2,-3,0,40,14,21,-24,3
133.931501,-8,4,2,2,29,-16,-21,-51,3
133.933893,8,-4,-1,-6,-14,-56,-26,10,3
133.933899,2,-3,-9,-10,-23,19,-16,-20,3
133.945860,-16,0,3,7,49,-67,34,64,3
133.945887,-15,-5,-3,-4,40,28,11,-8,3
133.952563,8,-2,1,3,-15,42,-7,-65,3
133.952579,-6,2,-3,-1,64,11,8,28,3
133.969001,9,-1,-4,-5,-59,-10,-12,24,3
133.969026,-8,-6,-7,-8,-31,6,-19,-32,3
133.971113,9,0,0,-1,0,-13,-2,-48,3
133.971117,14,2,3,1,-13,-21,21,40,3
133.991375,-1,-2,-3,-1,8,47,-72,-11,3
133.991393,-20,0,1,5,41,35,-12,3,3
133.993366,5,2,-2,3,-3,29,51,26,3
133.993399,-36,-5,0,-3,-22,28,81,65,3
134.005830,7,2,2,5,8,60,-73,-74,3
134.005851,-1,-1,-2,-5,-22,-13,-1,2,3
134.012400,-6,-4,-4,-3,-74,-27,47,104,3
134.012416,-6,-2,0,2,19,-50,-60,-36,3
134.028870,-23,-1,0,-2,73,-30,15,31,3
134.028886,31,6,3,5,-43,18,8,-28,3
134.030371,10,-2,0,2,64,-2,-2,-12,3
134.030386,-4,-1,-1,1,-3,37,-36,-40,3
134.051744,9,-3,-3,-3,-2,-44,-4,14,3
134.051781,24,1,0,0,-2,3,-5,-53,3
134.054041,-38,-7,-4,-7,-5,-6,-6,-8,3
134.054046,12,2,3,1,-46,0,4,15,3
134.065765,17,-3,-3,-1,53,116,16,95,3
134.065781,-29,-2,-5,-3,14,-61,-22,18,3
134.073950,50,7,7,10,3,-51,-59,6,3
134.073955,-40,-6,-5,-5,5,38,41,5,3
134.089975,9,2,3,2,-24,-83,1,-47,3
134.089981,-33,2,1,0,-23,-21,2,-3,3
134.090438,26,3,-1,-1,30,-48,-16,-37,3
134.090479,11,6,3,-1,-23,-64,-37,-2,3
134.111432,3,4,3,14,3,20,43,42,3
134.111448,-3,-3,0,-1,31,-8,-1,-35,3
134.112841,-33,-2,1,-3,-8,6,11,-75,3
134.112877,27,8,4,1,52,-88,-8,-15,3
134.125389,-13,-6,-2,5,-70,28,74,23,3
134.125450,27,3,0,-2,8,-24,-44,-17,3
134.135556,-18,-6,-2,-2,11,118,-8,29,3
134.135561,1,-1,0,4,-32,-37,-28,14,3
134.149050,12,-1,-4,-10,-6,-5,-21,-87,3
134.149084,-5,-5,-4,1,22,0,8,-7,3
134.151494,7,-2,1,-2,-22,0,0,46,3
134.151502,-33,-11,-5,-9,-79,22,-6,-10,3
134.171723,0,-1,-3,-9,8,-13,8,-13,3
134.171762,19,3,5,7,34,-48,1,23,3
134.175518,1,5,-3,-4,-6,-65,-26,-26,3
134.175527,5,-7,-3,3,-12,109,32,10,3
134.185007,-6,0,1,1,60,-36,-55,15,3
134.185023,-19,-6,-3,-4,-8,68,20,-8,3
134.194528,29,5,0,-1,7,50,39,124,3
134.194535,-17,-1,-7,-8,20,-28,-38,-86,3
134.209518,5,-3,-2,-3,-17,40,28,62,3
134.209569,47,6,2,-1,-11,-31,1,106,3
134.211404,-51,-7,-2,-1,-38,38,-36,-85,3
134.211419,20,6,3,2,28,-21,-19,36,3
134.231396,-32,-11,-8,-8,-45,-54,49,-3,3
134.231437,-2,-2,-1,3,54,-3,8,-35,3
134.232886,20,3,-1,-7,-23,23,19,79,3
134.232948,-18,0,-1,5,57,17,-10,-47,3
134.245436,18,-1,-2,-6,-20,-77,-76,14,3
134.245449,-7,2,-1,0,75,9,-56,48,3
134.256005,-25,-10,-2,5,-12,5,-39,-44,3
134.256020,13,-6,-8,-7,-24,43,20,34,3
134.268796,10,10,5,6,94,-32,43,35,3
134.268812,-23,-7,-3,-4,-69,127,-4,6,3
134.270244,22,6,-1,-4,30,-49,-2,-5,3
134.270252,-13,-2,0,-1,2,-11,10,-55,3
134.293078,14,7,5,1,-48,-4,-17,-42,3
134.293087,-34,-4,-3,-6,-39,-20,39,9,3
134.293186,-5,-7,-5,-3,36,62,27,-16,3
134.293235,12,-4,-2,-8,0,-45,-51,14,3
134.305626,5,0,0,4,55,-64,3,7,3
134.305660,-2,-3,-7,-9,2,-51,-6,-49,3
134.315018,-5,1,-2,-2,-17,-75,-41,95,3
134.315023,-22,-3,3,12,70,-30,-15,-99,3
134.328914,-6,2,0,-5,-86,-57,-4,23,3
134.328933,19,-3,-1,6,92,47,-21,-56,3
134.331170,2,3,3,5,-9,-24,47,57,3
134.331175,28,6,-1,-3,-63,13,9,73,3
134.351757,-30,-5,-1,0,2,-62,-24,-25,3
134.351786,-12,-5,-2,1,-33,62,-5,-11,3
134.353456,17,8,3,-2,-22,-38,19,-10,3
134.353463,-18,-6,-2,-1,8,1,26,19,3
134.365313,-12,-2,-1,0,4,76,-12,-8,3
134.365343,-17,-2,0,-2,-32,-89,20,48,3
134.374277,13,-7,-7,-9,-8,24,3,-52,3
134.374288,7,-6,-7,-10,-100,54,8,48,3
134.388867,15,-1,-2,-3,41,21,-13,-33,3
134.388938,-35,-2,1,1,-70,-14,10,1,3
134.390603,7,2,0,5,52,-41,-12,-17,3
134.390628,-2,-4,-1,-3,-7,-47,-70,-14,3
134.411316,-22,-11,-5,-6,-27,-11,21,45,3
134.411333,28,7,0,1,59,70,4,-61,3
134.413259,-7,2,1,3,-35,77,35,0,3
134.413263,-2,4,2,5,19,-3,37,21,3
134.434815,23,3,-2,-2,-16,14,-35,-6,3
134.434821,-3,1,1,-3,-18,-64,-2,47,3
134.435288,-2,-9,-6,-6,21,-17,-4,-54,3
134.435295,-28,2,4,9,43,-23,0,-15,3
134.451021,36,0,-2,-5,-44,20,-28,91,3
134.451031,-49,-1,1,-1,-9,-21,8,-31,3
134.451033,-9,0,-2,-4,0,-23,16,1,3
134.451035,16,-4,-1,0,11,-24,-8,18,3
134.472197,-16,1,0,7,44,-57,14,-1,3
134.474327,27,-1,-3,-2,6,14,2,-10,3
134.474336,-16,-12,-2,1,-22,58,-24,-1,3
134.474338,6,8,6,3,-15,57,34,-33,3
134.484916,12,-2,-3,-4,-7,-7,62,76,3
134.484938,-12,-3,0,-1,-75,10,-31,-80,3
134.494603,1,-2,-3,-4,38,65,-17,39,3
134.494608,13,-1,-4,-3,6,92,17,37,3
134.509260,-13,-2,-2,-7,46,1,-13,-101,3
134.509320,6,1,2,12,54,4,38,-52,3
134.510881,-14,-2,0,0,-18,-25,-32,33,3
134.510886,9,0,1,-2,-20,-31,-1,2,3
134.531903,-19,-6,-4,-8,-1,34,-59,-41,3
134.531930,40,-2,-5,-7,-42,-8,4,68,3
134.532932,-23,-3,-4,1,13,78,12,-74,3
134.532945,12,7,5,4,-25,-52,22,17,3
134.554164,-2,-1,1,7,34,-24,-3,-29,3
134.554190,-4,-5,-2,-4,89,12,19,40,3
134.556936,16,-1,1,3,-2,-29,-4,-31,3
134.556947,-4,-1,-1,0,-22,29,-18,4,3
134.568859,-17,3,-1,-2,-19,4,-3,-54,3
134.568875,10,0,-1,-3,-14,103,-43,57,3
134.571198,-2,3,3,-1,4,-108,-4,28,3
134.571212,3,0,-2,-4,7,-20,3,66,3
134.591554,15,2,2,7,3,-23,3,-59,3
134.591594,-16,-5,0,4,-56,23,49,1,3
134.593019,-17,-3,0,0,-53,18,-15,10,3
134.593050,7,0,-2,-3,-75,-13,10,54,3
134.614028,19,6,4,4,13,83,3,75,3
134.614052,2,3,0,-3,20,17,-2,-7,3
134.616366,0,1,1,3,37,22,-2,-22,3
134.616373,-15,-4,-3,-1,12,-58,25,-19,3
134.628886,17,-1,2,1,-2,68,26,75,3
134.628904,-48,0,-3,-11,12,-82,-17,-68,3
134.631478,22,-6,0,7,85,47,-7,16,3
134.631488,-2,-6,-6,-6,30,20,-4,-57,3
134.654319,-19,-3,-1,-1,-29,19,20,31,3
134.654326,10,-1,0,-1,-33,-55,-25,-12,3
134.654328,3,1,-1,-3,-62,-55,16,2,3
134.654330,-26,-4,-2,-3,64,-18,-4,-60,3
134.683330,10,2,-1,0,4,56,5,-7,3
134.683337,14,5,0,-4,-76,-36,-11,41,3
134.683340,-23,-3,1,-2,16,7,-5,29,3
134.683342,6,-1,-2,8,11,92,32,4,3
134.689248,4,0,1,0,-10,-8,-26,-21,3
134.691002,6,0,-2,-3,3,-17,-8,39,3
134.691007,16,3,0,-3,-31,-69,13,30,3
134.691009,2,6,1,-1,34,0,-60,-6,3
134.711365,7,-7,-3,-4,32,42,-2,5,3
134.711388,-27,-1,2,9,-27,-18,28,48,3
134.712864,-5,-3,-7,-9,-32,-43,-31,4,3
134.712876,24,1,2,0,-15,-24,17,40,3
134.734335,-15,-5,-6,-6,-5,-57,-11,-54,3
134.734361,20,-2,-1,-1,23,-11,-13,-2,3
134.736587,5,2,0,0,-8,7,10,-14,3
134.736591,2,1,1,0,-8,32,-6,25,3
134.748544,19,6,-1,-4,-88,-64,-25,-15,3
134.748570,-19,-8,-1,4,0,22,42,-18,3
134.755569,6,0,-3,-3,12,10,-11,0,3
134.755600,-8,-4,1,-8,-110,-118,6,-7,3
134.771982,-19,-4,-4,2,30,24,2,79,3
134.772023,12,-1,-2,-2,-2,-2,-11,-95,3
134.774902,10,1,-2,-2,7,-22,-2,59,3
134.774915,-9,0,0,2,-55,-22,4,-43,3
134.794125,-28,-6,-4,-4,2,38,25,-29,3
134.794162,13,2,4,0,27,-5,0,-5,3
134.795505,-5,3,1,8,-37,25,-19,13,3
134.795519,6,-3,-2,-8,-30,87,7,-7,3
134.808201,-18,-5,0,1,12,21,91,12,3
134.808215,11,-2,-2,-4,-47,-18,13,64,3
134.815055,4,1,-1,-4,0,-58,-34,-73,3
134.815080,-43,0,1,4,27,37,6,-19,3
134.831744,7,-1,-1,-3,-2,-28,-74,-35,3
134.831775,16,1,-1,-3,-4,15,-12,46,3
134.834295,-1,1,1,-1,7,12,25,-25,3
134.834300,13,2,-2,1,27,-40,5,-18,3
134.856178,-8,-2,0,-1,-8,7,-1,19,3
134.856185,-1,1,-2,0,14,-5,-11,-4,3
134.856187,-9,-2,-1,3,61,24,3,-18,3
134.856189,38,6,1,2,28,-38,4,9,3
134.870975,-21,-3,-3,-14,47,-5,32,58,3
134.870980,-40,-16,-9,6,-35,-32,-84,-84,3
134.875268,14,1,0,0,49,-31,43,76,3
134.875305,15,-7,-3,-1,25,36,-7,12,3
134.891348,-28,4,2,3,18,-14,-17,-44,3
134.891427,20,1,-1,-6,-13,-43,12,16,3
134.893426,-18,-2,-1,-3,-31,10,2,-5,3
134.893442,-2,0,-1,-1,11,-16,-6,-24,3
134.913922,17,0,-1,0,-41,16,-15,-6,3
134.913952,4,1,0,1,34,35,8,5,3
134.915433,-3,-2,-4,1,-28,-2,-6,-27,3
134.915438,0,-1,-2,-2,13,13,3,25,3
134.928135,4,-1,-1,0,-67,-39,-1,-49,3
134.928155,-10,3,2,1,27,-35,-1,6,3
134.935258,-12,-2,3,8,-21,113,9,-20,3
134.935280,-2,-1,3,0,-35,3,11,77,3
134.951578,-23,2,1,-4,-53,-77,-25,-23,3
134.951604,13,-7,-5,3,127,73,28,-17,3
134.952847,5,-2,0,0,4,-22,-30,1,3
134.952885,-15,1,-2,-3,-18,-20,2,-23,3
134.973920,-3,-1,0,4,-8,38,2,5,3
134.973940,14,7,0,-6,-18,2,1,27,3
134.976322,-1,-1,-1,-4,-16,-22,31,9,3
134.976330,-11,-3,-1,4,25,12,-18,-85,3
134.988793,16,0,-1,0,30,-61,14,56,3
134.988849,6,6,2,3,-43,51,-26,-38,3
134.995043,3,1,1,1,78,-15,14,-37,3
134.995063,-2,1,4,2,32,-21,-3,112,3
135.011508,-3,0,3,2,6,-21,30,-93,3
135.011516,12,-1,-4,-7,-61,-20,4,5,3
135.012819,8,-8,-7,-8,-56,58,6,-3,3
135.012834,-22,-1,0,-5,3,-24,-4,-12,3
135.033851,14,-2,1,11,38,20,30,10,3
135.033874,16,-1,-2,-7,-19,-17,-22,15,3
135.035497,-3,1,-2,-7,15,-4,6,9,3
135.035565,6,-1,-4,-1,-1,-70,-15,-34,3
135.047484,4,-3,-5,-6,20,41,-7,8,3
135.047501,-6,0,1,3,13,-10,24,10,3
135.057721,-4,-2,-2,-3,-27,-36,-15,5,3
135.057733,-14,-6,-2,1,15,76,1,-28,3
135.074462,22,-1,2,0,-13,-50,-3,34,3
135.074474,-13,-4,-2,-4,-38,2,23,48,3
135.074478,-3,-4,-1,3,3,57,-73,-44,3
135.074480,-14,-5,0,4,79,65,10,-41,3
135.093852,11,2,-3,-5,-1,6,-16,24,3
135.093869,-20,-11,-3,-5,0,71,41,17,3
135.095363,15,2,-3,-6,11,-74,-46,44,3
135.095373,-7,-2,-2,0,3,-3,-11,-47,3
135.107494,-2,5,1,-5,-8,55,-13,-8,3
135.107512,-32,-5,0,1,2,10,-8,63,3
135.118201,-10,1,0,0,7,-9,30,-49,3
135.118215,0,-1,-3,-3,-20,9,5,29,3
135.131731,18,-2,-1,-2,-8,-49,-42,13,3
135.131761,-5,1,-5,-10,-82,22,-11,32,3
135.134496,2,3,5,9,58,65,49,4,3
135.134503,-2,1,-5,-10,-26,-109,-13,-1,3
135.153964,-15,-9,-2,2,3,42,32,-56,3
135.153984,-2,0,-1,0,14,-78,0,-60,3
135.155481,1,1,1,-1,-11,64,-17,30,3
135.155503,1,-1,-1,2,7,10,12,-4,3
135.167434,1,1,0,4,20,8,-5,-7,3
135.167451,10,4,3,0,-23,-26,-43,-25,3
135.177926,-12,-2,-4,-6,11,-115,14,0,3
135.177931,-2,-2,-2,-1,-6,5,1,13,3
135.191456,-17,-4,-5,-3,-22,17,-20,25,3
135.191479,37,2,2,5,19,4,11,-34,3
135.194393,5,2,-2,-6,-22,-24,24,-18,3
135.194400,18,2,0,2,-97,8,-11,11,3
135.213776,-3,-3,0,-5,-75,-3,-23,-15,3
135.213788,-26,-3,-1,-1,52,77,14,34,3
135.215316,23,-2,0,4,-14,-9,13,5,3
135.215330,-16,1,4,1,4,-16,25,8,3
135.228951,6,2,-1,-1,1,41,3,6,3
135.228957,0,4,3,4,12,-14,-26,-23,3
135.237050,0,0,-2,-6,-38,-10,-13,1,3
135.237054,20,-2,-2,-3,-21,-46,-5,77,3
135.251357,-23,-1,-2,1,25,71,15,24,3
135.252135,5,0,0,0,16,-2,-2,-14,3
135.252755,-10,-3,-4,-6,11,4,-32,16,3
135.252762,2,-3,0,2,63,15,-2,-2,3
135.274166,0,-7,-5,-7,-44,-62,-28,-38,3
135.274171,-1,0,-2,-1,44,-51,3,-20,3
135.275834,-13,-3,0,1,6,82,21,-12,3
135.275868,4,4,4,4,-45,39,-17,-18,3
135.287463,1,0,-3,-5,-9,20,29,-26,3
135.287485,11,0,-5,-7,-58,-62,6,14,3
135.297042,-27,-2,1,5,20,107,-44,-29,3
135.297047,15,-1,-4,-5,10,-47,2,-31,3
135.311333,-13,-3,1,3,30,-16,-7,11,3
135.311351,24,1,1,2,19,34,19,14,3
135.313293,3,7,6,6,-24,-76,48,18,3
135.313298,-1,-4,0,0,5,-13,24,-14,3
137.335735,12,-4,-2,4,-1,0,0,4,0
137.335932,-7,0,-7,-4,-11,-3,-2,-1,0
137.336978,-22,15,3,5,4,-1,-1,0,0
137.336983,0,-37,-9,-1,-1,-3,-3,1,0
137.358178,-11,30,10,-2,2,1,2,-2,0
137.358203,-8,1,-3,-6,-5,-3,-6,-2,0
137.358979,22,9,-7,-3,15,1,0,0,0
137.359011,-30,-16,3,2,26,2,1,1,0
137.374383,5,-32,-9,2,-26,-3,1,0,0
137.374389,23,8,4,0,4,-1,-1,0,0
137.380713,6,15,6,8,6,1,2,2,0
137.380730,-14,0,-9,-4,-8,-3,0,-2,0
137.395672,27,-6,3,-5,8,-1,-3,-3,0
137.395731,-21,9,1,6,-7,1,-3,-7,0
137.396555,-14,-12,-8,-6,-7,-1,0,0,0
137.396559,13,-5,0,-2,1,-1,-2,2,0
137.418132,16,10,-1,-1,1,1,1,4,0
137.418148,8,13,4,-1,-3,0,1,2,0
137.419379,-8,-15,-4,-9,-5,-3,-1,-2,0
137.419384,12,37,-2,1,-2,-1,-2,-2,0
137.441347,0,-31,-4,0,2,-2,0,1,0
137.441363,19,12,0,1,1,-1,0,1,0
137.443141,-45,2,10,-1,-3,1,1,1,0
137.443190,0,-13,-1,-2,9,-1,-2,-3,0
137.455893,37,51,6,3,-9,-2,-2,7,0
137.455921,-13,-63,-7,0,-3,-1,0,-1,0
137.456693,-47,-6,-2,-4,-6,-2,-1,-6,0
137.456719,-23,22,1,-9,13,0,-1,-4,0
137.478337,25,-20,-1,9,-16,1,-1,1,0
137.478353,-43,2,-10,-1,-4,-1,-2,-8,0
137.479322,21,9,4,-2,-6,-1,0,-1,0
137.479326,-14,3,0,-4,2,0,0,0,0
137.501387,-4,-23,-11,1,11,0,1,-1,0
137.501399,21,4,4,2,-4,0,-1,2,0
137.501964,9,4,2,4,-4,-2,-2,-5,0
137.501978,8,0,0,-2,-9,-1,-1,-1,0
137.515610,-25,-39,-3,-3,4,0,1,-1,0
137.515620,-5,26,-8,-5,-6,-2,-2,-2,0
137.516265,9,10,1,-1,5,-1,1,2,0
137.516281,6,-2,-3,0,-5,-2,-2,-2,0
137.538964,38,23,0,-3,1,-1,0,4,0
137.538988,-39,-20,-2,-7,17,-2,-1,-3,0
137.538990,8,-13,-5,0,-2,-3,-4,-6,0
137.538992,29,14,2,3,-11,-1,0,2,0
137.561977,-50,-29,-2,4,1,1,0,-6,0
137.561983,43,18,-2,4,0,0,-1,4,0
137.562092,5,-17,-2,-4,-1,1,-1,0,0
137.562161,-13,6,1,-3,3,0,0,0,0
137.575981,-8,2,9,9,5,1,-1,-2,0
137.576036,14,19,-1,-1,-3,-2,-2,-1,0
137.578580,-19,-23,-1,8,-24,0,0,1,0
137.578586,18,-10,-5,-5,-4,-2,0,0,0
137.598208,-15,12,-4,-8,2,-2,-3,-2,0
137.598223,-1,-5,0,-7,-11,-1,-2,-1,0
137.599031,20,50,-6,-2,2,-1,0,5,0
137.599050,-12,-49,-1,1,1,-1,-3,-5,0
137.621758,-22,-1,2,-2,0,-2,-1,-2,0
137.621795,8,1,2,2,2,-2,0,-1,0
137.623842,22,9,-1,-7,3,-2,0,4,0
137.623849,2,20,1,2,-6,-3,-3,-4,0
137.635663,-12,14,-4,-3,6,0,0,-2,0
137.635679,8,-45,-5,0,2,0,-2,1,0
137.636385,-3,-3,0,-1,-19,-2,-1,0,0
137.636389,47,25,1,-5,-11,-2,1,3,0
137.658243,-33,-29,-5,-7,-4,-3,-3,-6,0
137.658260,-14,20,6,0,1,-1,0,-1,0
137.659323,-1,-3,1,-1,6,-2,-1,-2,0
137.659361,13,0,-4,1,5,-2,-2,0,0
137.682300,-1,10,0,-7,-2,-2,-1,-1,0
137.682330,-2,-7,-1,1,-4,-2,0,-2,0
137.684697,2,-3,0,1,8,0,-1,-2,0
137.684704,-60,-11,-5,2,-3,0,0,1,0
137.695590,103,35,13,2,3,-1,-1,6,0
137.695607,-87,-5,-5,-1,-5,-2,-2,-10,0
137.696636,13,-27,1,-1,5,1,0,-2,0
137.696641,-13,24,-15,0,0,-2,-4,-6,0
137.718417,-10,-6,10,-1,-1,2,0,-1,0
137.718423,29,-12,4,3,0,-1,1,3,0
137.718777,-11,7,-2,-2,1,-1,-1,-3,0
137.718789,4,-4,4,-3,-3,-1,0,1,0
137.741550,-3,0,-8,0,0,-1,-3,-3,0
137.741580,16,10,0,-2,-2,0,0,3,0
137.743850,-15,-16,0,-1,7,0,0,-2,0
137.743856,14,9,2,1,17,0,-1,1,0
137.755970,-16,-24,-2,-8,-11,-1,-1,-5,0
137.755990,-22,-22,0,17,-10,-1,0,4,0
137.757989,-34,-5,-8,-5,-12,-3,-3,-10,0
137.757997,1,-1,3,2,3,-1,0,0,0
137.778118,-13,9,-4,0,1,-1,0,-2,0
137.778134,20,6,1,-7,2,-1,0,0,0
137.780338,9,7,-4,-2,1,0,1,3,0
137.780345,-10,-8,-8,-2,-10,-3,-1,0,0
137.801361,-5,-3,9,-1,1,-1,1,-1,0
137.802502,4,-15,-7,-4,-2,-2,-2,-1,0
137.802506,3,24,7,2,2,-1,-2,0,0
137.802508,-2,8,2,0,-1,-1,1,1,0
137.815798,13,-16,-5,0,2,0,-2,-1,0
137.815822,-17,4,-5,-5,2,-1,-1,-1,0
137.816619,15,11,-4,-1,0,-3,-3,0,0
137.816637,-7,-23,0,-1,-3,0,-1,0,0
137.838115,-1,29,-5,0,-2,-3,-4,-1,0
137.838135,-35,-36,2,1,3,0,-1,-2,0
137.839602,-4,-18,-16,-7,-9,-3,-3,-1,0
137.839607,28,14,8,1,-3,0,0,3,0
137.861368,16,22,4,-5,0,-1,-2,-3,0
137.861398,29,11,-3,4,-1,1,0,0,0
137.862057,-22,8,5,3,5,0,-1,-3,0
137.862071,-19,-32,-2,-2,-1,-1,-1,0,0
137.875931,34,16,-10,-3,-4,0,0,2,0
137.875965,-34,8,-10,-8,-3,-3,-1,-3,0
137.876424,-8,-30,15,1,4,0,1,0,0
137.876433,4,7,1,-1,-4,-1,-1,-3,0
137.898447,-38,-7,-3,0,0,-1,-1,-2,0
137.898558,30,13,0,1,-2,-1,0,1,0
137.901013,5,-8,-12,-4,5,1,-3,1,0
137.901028,-14,17,17,2,14,-1,-3,-2,0
137.921576,5,-13,2,5,-11,-1,0,1,0
137.921595,-8,16,-2,-6,0,-1,-4,-2,0
137.922284,-13,-14,0,0,-1,-1,1,0,0
137.922303,16,-22,-10,-4,0,0,2,-3,0
137.934978,-17,5,-3,-1,8,-2,-2,-2,0
137.934983,17,7,5,-3,-8,1,-1,0,0
137.943549,21,35,7,2,1,0,-2,-4,0
137.943575,-18,-37,-16,-4,-7,-2,0,3,0
137.958413,34,-16,-1,0,2,2,1,0,0
137.958468,-99,4,2,-3,0,-3,-3,-5,0
137.960455,73,-31,-7,-4,-1,-2,-1,-2,0
137.960464,-3,17,2,0,-3,0,-1,-3,0
137.982127,-14,-8,-6,-2,-2,-2,-1,-4,0
137.982132,50,-8,-2,-4,1,0,0,5,0
137.982134,-30,51,17,1,1,-2,-1,0,0
137.982135,2,-15,-1,9,-1,1,-1,-1,0
137.996115,11,4,-2,-1,0,0,-1,1,0
137.996119,20,-2,0,0,-1,-1,-2,0,0
138.003491,-29,-16,-8,-3,-3,-2,-2,-1,0
138.003607,13,8,0,-5,-3,-1,-2,-1,0
138.018206,10,-9,0,1,1,1,0,3,0
138.018222,-43,23,-5,-2,7,0,1,-1,0
138.019348,4,-6,-4,1,-5,0,-1,-3,0
138.019353,-7,1,-1,-2,-1,-2,-5,-5,0
138.041313,-5,3,2,-4,-3,0,-2,-2,0
138.041331,20,-2,2,2,0,-1,-3,-5,0
138.044106,-1,-25,-4,-3,-1,-2,-2,-1,0
138.044122,-17,4,-2,1,-3,-2,0,0,0
138.055581,-13,0,-1,-3,-6,-2,0,0,0
138.055618,37,-3,-6,0,14,-3,-1,1,0
138.063205,-26,-2,0,-1,-4,2,3,3,0
138.063222,63,-4,1,-2,-6,-3,-1,4,0
138.078093,-64,-19,-4,-2,0,-1,-3,-8,0
138.078111,-6,-2,0,-4,-4,-1,-1,-3,0
138.078857,23,37,-1,0,0,-2,-2,-1,0
138.078875,-11,-15,0,-2,-1,-2,-1,-2,0
138.101280,19,1,-9,-1,-2,-2,0,1,0
138.101295,10,-2,12,6,-5,2,1,-1,0
138.102106,-9,20,-1,-1,0,0,1,3,0
138.102110,22,-7,-2,-3,-4,-2,-3,-7,0
138.114989,-59,19,2,-3,8,-2,-1,-1,0
138.115012,25,-19,-9,2,-6,-1,-1,-2,0
138.123049,5,-6,2,-3,-1,-2,1,1,0
138.123066,3,-13,-3,2,0,2,-1,3,0
138.138101,-29,-3,0,1,2,0,-1,-4,0
138.138126,9,-8,1,-5,-1,0,0,3,0
138.140100,-15,-5,-1,2,-1,-2,-4,-6,0
138.140105,-6,18,-2,-4,-3,-1,0,-1,0
138.161412,8,-6,-1,1,-3,-4,-2,-3,0
138.161428,15,18,4,-3,-4,-2,0,-1,0
138.162741,45,-16,-1,-4,1,-1,-2,1,0
138.162746,-56,8,0,2,1,-1,-1,-3,0
138.175125,12,-5,-2,-3,-3,0,-1,1,0
138.175196,-13,16,6,3,3,-1,-1,2,0
138.184944,10,-13,-4,-1,3,-2,-3,-1,0
138.184953,-2,2,-1,-4,-20,-3,0,-1,0
138.198257,-4,-1,3,4,1,0,1,-1,0
138.198273,-9,-1,-5,-6,-6,-1,-1,-1,0
138.199952,-13,14,3,1,5,0,0,-1,0
138.199962,-22,-36,-5,12,-18,1,1,-2,0
138.221523,60,2,-3,-2,-1,0,0,3,0
138.221547,11,1,1,0,-2,-2,-1,-5,0
138.223345,1,7,-4,-3,-3,1,-2,1,0
138.223351,-24,-3,0,-6,10,-1,-4,-4,0
138.234964,37,2,-1,-2,-2,-2,-1,2,0
138.234980,-13,-24,2,6,1,-1,0,-1,0
138.243443,-14,11,-9,-5,0,-2,-2,-2,0
138.243464,26,24,13,-1,5,1,1,3,0
138.258111,-19,1,-2,0,-2,1,-1,-1,0
138.258134,-7,-16,-3,-3,1,1,0,-2,0
138.260096,4,-17,-5,-1,-5,-4,-2,-3,0
138.260106,1,13,-5,-4,2,-1,-1,0,0
138.281409,-24,1,2,0,-2,-1,-3,-6,0
138.281447,28,17,-3,-4,-3,-2,-1,1,0
138.282129,-17,-9,-1,2,0,-1,0,-1,0
138.282164,28,-2,-1,0,8,0,-1,5,0
138.295172,-40,-4,3,1,-6,-1,-1,-3,0
138.295182,15,-19,-5,-1,-2,1,1,1,0
138.303118,5,21,5,2,-2,1,0,0,0
138.303141,0,-17,-3,-5,3,-3,-4,-8,0
138.318097,-17,-6,-2,-2,2,-2,-1,-3,0
138.318119,2,12,-1,2,0,1,-1,0,0
138.319446,7,10,3,-3,-5,-2,-1,1,0
138.319451,-43,8,-6,-2,2,1,0,0,0
138.341625,30,6,4,6,12,1,0,2,0
138.341633,36,-29,-3,-3,-18,-3,-2,-3,0
138.342127,-75,-18,2,-4,-1,1,0,-4,0
138.342162,37,8,-1,2,0,0,-1,1,0
138.363986,-9,4,-3,-7,-2,-2,-1,1,0
138.364002,22,33,2,2,5,-1,-1,-1,0
138.365399,-8,-52,-9,-1,-2,-1,-2,-1,0
138.365413,0,0,-1,-2,-3,-1,-1,-1,0
138.378169,-2,-11,-2,2,-5,-2,-2,0,0
138.378190,-5,37,7,2,5,1,-2,2,0
138.378903,28,-13,-9,-5,-3,-2,0,-2,0
138.378925,-50,9,9,3,2,-2,0,-1,0
138.400846,14,-4,-4,-4,-1,-2,-1,-1,0
138.401053,27,-18,-8,-5,-1,-2,-1,1,0
138.408734,13,8,-1,1,1,-1,0,-4,0
138.408761,-3,-8,1,-1,1,-1,1,-2,0
138.423866,-14,13,-2,0,-3,0,0,-2,0
138.423884,-46,-17,0,-6,-3,-1,-2,-3,0
138.424629,18,-9,-4,-3,0,-1,0,2,0
138.424660,8,-4,2,7,7,0,0,0,0
138.438584,8,-3,-3,-1,-6,0,-3,0,0
138.438616,-25,7,1,3,-2,-2,-2,-1,0
138.438914,31,11,4,3,4,0,1,5,0
138.439007,19,-13,-8,-7,-3,-2,-2,-6,0
138.461298,-5,4,-2,0,1,-2,-3,-5,0
138.461314,5,-7,-2,-2,0,-1,-1,-1,0
138.462370,-19,0,1,-3,-3,-3,-3,-3,0
138.462375,37,38,2,0,-2,-1,-1,3,0
138.483797,-8,-45,-7,-6,-1,-2,-1,3,0
138.483811,-20,-11,-4,4,1,-3,-2,-2,0
138.484485,22,11,4,1,-1,-1,-2,-1,0
138.484501,-17,7,0,-2,-2,-1,-3,-1,0
138.498878,7,10,2,-2,-1,1,0,-1,0
138.498885,-2,-5,-3,-2,1,0,-1,0,0
138.498887,-17,5,-1,0,0,0,0,-1,0
138.498889,23,-12,-2,-3,-4,1,-2,-1,0
138.521759,-16,1,1,1,-2,-3,0,1,0
138.521789,26,-1,-3,-1,2,-1,-1,-1,0
138.523577,-8,12,1,0,6,0,-2,-1,0
138.523583,-83,-24,-6,-2,-7,-2,0,2,0
138.544634,26,-16,3,0,-1,-1,-2,-3,0
138.544638,6,7,2,0,1,0,0,-2,0
138.544768,-18,7,9,1,-2,0,-1,-3,0
138.544814,-2,11,-9,-3,2,-2,-2,-4,0
138.558277,6,7,2,-1,-1,-1,1,3,0
138.558310,-15,1,0,2,-2,-2,-1,-2,0
138.560583,10,-26,-3,2,-2,0,0,-2,0
138.560588,-22,9,1,-7,-2,0,-1,0,0
138.581470,-11,11,2,4,-2,-1,-4,-8,0
138.581492,-5,-19,-3,-4,-1,-3,-3,1,0
138.582053,6,-6,1,0,-1,0,0,5,0
138.582064,12,-2,-1,-1,-3,-1,-2,-3,0
138.603820,8,5,-3,-2,1,-2,-2,3,0
138.603846,-13,7,-2,-6,-2,-1,0,0,0
138.606242,-2,21,5,5,-2,-1,0,-3,0
138.606257,21,-31,-7,-5,13,0,0,2,0
138.618099,36,4,-2,3,-10,0,1,1,0
138.618117,13,-3,2,2,-1,-1,0,-1,0
138.618936,-4,-9,-8,-6,-5,-1,-2,0,0
138.618940,-20,20,4,3,3,0,-3,-4,0
138.641390,18,13,-11,-10,0,0,-2,-2,0
138.641407,-16,-18,2,-3,0,0,-1,-1,0
138.642171,7,17,-2,3,-1,-2,1,1,0
138.642195,24,-11,6,2,-5,0,0,2,0
138.663830,-24,13,-3,-1,2,-4,-1,-3,0
138.663846,-16,4,-2,1,-3,0,-2,-2,0
138.664774,2,0,-7,-5,-3,-1,-1,-2,0
138.664779,42,1,3,0,-3,-1,0,1,0
138.686787,-78,-20,-2,-4,-3,-1,-2,-3,0
138.686795,10,11,0,1,2,-1,-3,-3,0
138.686939,12,15,0,-5,-5,-3,-3,-6,0
138.686970,-12,-30,-3,1,-3,1,1,2,0
138.703866,20,-3,-2,-3,1,-1,-3,-1,0
138.703876,3,17,2,-1,2,1,0,3,0
138.703880,-54,-13,-8,-3,-4,0,1,-2,0
138.703884,8,23,8,1,-4,-2,-3,-5,0
138.723879,8,-4,-1,0,-1,0,0,-3,0
138.723898,-15,-14,-8,-5,-2,-3,-1,-4,0
138.725476,12,-8,2,0,2,-1,-2,-1,0
138.725485,-2,5,-5,-3,1,-1,1,1,0
138.738372,19,25,7,4,2,0,1,2,0
138.738401,-30,-52,-3,-5,-3,1,0,-1,0
138.739325,20,3,-5,-4,-2,-2,-1,2,0
138.739349,-25,-10,-10,-3,-1,-1,-2,-3,0
138.761316,-5,6,5,1,0,0,0,0,0
138.762481,68,28,2,2,-1,-1,0,1,0
138.762486,-23,-6,-6,-4,-1,-1,-1,-2,0
138.762488,2,-11,2,-2,-2,-1,-2,-4,0
138.783994,12,23,0,-1,-3,-2,-1,0,0
138.784013,-10,-26,-4,-2,-2,0,-1,1,0
138.784547,12,-10,-8,-1,-2,-1,-1,1,0
138.784566,-13,-8,5,1,-1,-2,-1,-5,0
138.798230,46,-10,-6,-5,1,-3,-1,2,0
138.798250,-41,14,1,3,-2,-2,-3,-9,0
138.798915,2,-2,0,-2,-1,0,0,1,0
138.798989,9,4,-11,-5,-8,-3,-1,-2,0
138.822067,-23,-16,4,2,1,-1,0,3,0
138.822096,2,41,4,-2,-9,-4,-1,-7,0
138.824235,-23,-59,-4,2,4,0,-1,1,0
138.824242,2,11,8,1,2,0,0,1,0
138.843885,31,-6,-6,-3,-3,1,-1,0,0
138.843896,-13,15,-7,-4,0,-2,-2,0,0
138.844585,-12,-4,6,2,0,-1,1,-3,0
138.844606,0,11,-1,-1,-3,-1,0,1,0
138.858788,-14,-1,-1,4,4,0,-2,-3,0
138.858797,12,-18,-5,2,1,1,-1,4,0
138.858938,14,8,2,-5,-2,-1,-1,-2,0
138.858970,8,-1,-5,-2,0,0,-1,0,0
138.881478,-9,5,-3,-2,-3,-1,0,-2,0
138.881508,10,6,0,1,1,-1,-1,-3,0
138.884037,4,-3,-7,-2,-3,-1,-1,1,0
138.884043,9,0,3,-1,-1,2,-2,0,0
138.904302,-22,-9,-1,1,0,-1,-2,-3,0
138.904460,13,12,0,-1,0,1,0,3,0
138.906796,-22,-24,-1,-5,0,-1,-1,-7,0
138.906803,-3,3,-6,-1,3,-3,-1,-2,0
138.918647,33,0,5,5,-1,1,1,2,0
138.918676,-39,-10,2,3,2,0,-2,-1,0
138.919951,41,15,-1,1,-3,-1,-1,-2,0
138.919959,16,11,-2,-1,-2,-2,-3,-3,0
138.941381,-24,-13,-6,-3,-1,1,0,-1,0
138.941444,17,-2,-9,-4,-2,-1,1,3,0
138.942491,-1,-1,0,3,2,0,0,3,0
138.942535,-15,-15,0,-2,-4,-2,-1,-5,0
138.964030,30,3,2,-3,0,-2,0,0,0
138.964046,10,11,-1,-4,-2,-2,-1,-4,0
138.964956,-13,0,-2,0,0,0,0,0,0
138.964961,11,1,-3,-6,-2,0,-1,2,0
138.977492,-24,-16,0,0,-2,0,-3,-3,0
138.977511,23,8,1,-2,-2,-1,0,0,0
138.985611,-4,13,2,3,-2,-1,-1,-1,0
138.985627,2,7,-7,2,0,-1,1,3,0
139.001243,9,-1,14,-4,-2,0,-1,-2,0
139.001252,-41,-26,0,1,1,-2,-3,-1,0
139.001910,28,6,4,-1,-1,0,-3,-2,0
139.001924,-49,-5,0,2,1,0,-1,-3,0
139.023885,-14,7,-10,0,-2,-3,1,-2,0
139.023913,-1,-20,-1,-2,-1,-1,0,0,0
139.026709,17,13,2,-1,-3,-1,-1,0,0
139.026716,-2,-20,-5,-1,0,-1,-1,-1,0
139.037932,23,26,9,-2,-3,-1,-1,1,0
139.037960,-17,-58,-16,-4,-1,-1,-2,-1,0
139.047337,-9,56,11,3,7,1,0,-3,0
139.047344,23,8,-1,4,-2,-1,1,0,0
139.063249,-10,-9,2,2,-1,-2,-1,-4,0
139.063256,-7,-7,-3,-7,-4,0,-1,0,0
139.063258,12,-8,-7,2,1,-2,-3,-1,0
139.063260,-10,5,2,-2,-2,0,0,-3,0
139.084127,-1,-14,-3,-2,1,0,0,0,0
139.084144,22,25,9,4,1,0,-1,1,0
139.086567,-17,-16,-8,-3,-2,-2,0,1,0
139.086573,-5,1,3,-1,-1,-2,0,0,0
139.097532,16,13,-7,0,-3,1,-2,3,0
139.097549,14,-39,-1,-3,-2,0,1,0,0
139.108976,-53,21,2,-3,-3,-2,-1,-5,0
139.108985,-6,-25,-5,-1,-1,0,-3,-2,0
139.122308,-41,-16,-12,-3,1,-2,-1,-6,0
139.122365,37,35,8,5,1,0,0,4,0
139.124702,10,-11,1,-3,-2,0,-1,-2,0
139.124709,-8,-4,-3,-1,0,-2,-2,0,0
139.144182,10,-1,-1,-3,-1,-2,-4,-7,0
139.144210,-28,-3,-4,0,0,0,-2,-1,0
139.145463,5,1,0,1,-4,0,-1,0,0
139.145480,2,12,0,0,0,1,-1,1,0
139.157545,8,-13,-3,-4,-2,1,-2,2,0
139.157570,12,64,5,0,0,-2,-2,-2,0
139.167107,1,-57,-2,-1,4,0,-1,2,0
139.167116,-27,-3,6,-3,-9,-2,-4,-7,0
139.181779,8,-8,-1,-1,-3,-1,1,6,0
139.181807,-10,35,2,5,2,-1,-1,-7,0
139.184627,-14,-18,-6,-1,-3,-1,0,-2,0
139.184631,42,20,-1,-4,-1,0,0,2,0
139.204032,-14,-4,1,-1,0,-2,0,-2,0
139.204051,-15,-6,4,-1,-1,0,1,-1,0
139.205606,14,14,-1,0,-1,-2,-1,3,0
139.205631,24,-35,-2,1,1,-1,-2,1,0
139.226702,9,12,1,-4,-2,1,1,0,0
139.226733,-26,-20,-2,0,-1,0,0,2,0
139.228155,4,6,-4,-4,-2,-1,-1,-4,0
139.228160,-12,29,3,1,-2,1,1,-2,0
139.241476,-9,-20,-6,-2,-1,-2,0,-2,0
139.241505,-6,-6,-5,-4,-3,0,0,-3,0
139.243031,25,26,8,3,0,-1,-1,3,0
139.243043,-37,-22,-1,1,-1,-3,-1,-3,0
139.263854,-15,-3,-4,-1,-1,0,-4,-4,0
139.263962,19,-10,-3,-2,-2,-1,1,1,0
139.265272,25,12,-4,-4,-2,0,-2,-2,0
139.265285,-3,7,1,1,1,-2,0,-5,0
139.286574,-1,-12,1,0,5,-3,-1,3,0
139.286596,-11,-16,-10,-1,-3,-1,-2,-8,0
139.288099,-10,5,4,-1,0,1,-2,-1,0
139.288111,43,9,2,1,-1,1,1,1,0
139.301404,-69,18,2,5,1,0,-2,-7,0
139.301420,-8,-21,-6,-4,-1,-2,-3,1,0
139.302793,-28,-24,-1,-1,-2,-2,0,-3,0
139.302820,13,-3,-4,-4,2,-2,-1,1,0
139.325939,60,14,3,-1,-2,-2,-1,1,0
139.325953,-53,-3,0,-2,0,0,0,0,0
139.325957,5,-11,-3,0,-1,1,-1,-1,0
139.325958,-12,-1,-3,-3,0,0,0,1,0
139.346313,6,10,-3,0,0,1,1,0,0
139.346329,-21,-25,-1,-1,0,0,1,0,0
139.348487,23,0,-5,-3,-3,-2,-3,0,0
139.348492,0,3,1,-3,-1,0,-1,-3,0
139.361403,-36,-22,-7,-2,-4,-3,-3,-4,0
139.361420,27,16,5,1,0,-3,0,0,0
139.362874,-19,6,-5,0,-3,-2,1,1,0
139.362891,8,14,5,0,-2,-2,-2,-4,0
139.384231,4,-22,-4,-4,-3,0,0,1,0
139.385411,31,3,3,2,2,0,-1,2,0
139.385422,-75,15,-1,-1,-2,0,-2,1,0
139.385426,11,-29,-2,2,0,-3,-1,0,0
139.406356,-1,9,-2,1,-2,2,-1,-1,0
139.406517,4,-14,0,-3,1,-1,-3,0,0
139.408223,25,0,1,-2,0,-1,1,3,0
139.408258,-8,16,-1,3,-2,0,-1,3,0
139.421552,-8,-12,6,1,1,-2,-1,0,0
139.421570,31,5,1,1,0,-2,-2,-3,0
139.423100,-14,-7,-1,4,-1,0,-1,-3,0
139.423120,-7,2,-6,-5,-3,-1,-2,-2,0
139.443996,2,-13,-2,-3,-2,-1,0,-2,0
139.444014,2,13,-2,-4,-2,-1,0,0,0
139.445355,9,-7,-4,-4,-1,-1,0,0,0
139.445370,-13,4,2,2,-1,0,-2,-3,0
139.466241,23,34,11,-2,1,-1,-1,1,0
139.466255,17,-13,-3,-1,-4,0,-3,0,0
139.467867,-23,-1,-2,-3,0,1,-1,-4,0
139.467882,-24,-14,-3,-1,1,-1,-1,1,0
139.480597,-3,6,-5,-2,-2,-2,-1,-2,0
139.480633,-7,-11,5,0,0,-1,0,-2,0
139.487555,44,26,1,1,-2,-2,-1,3,0
139.487577,14,-33,-7,-5,-3,-3,-1,-1,0
139.504196,-53,-1,0,-1,2,-2,-1,-3,0
139.504225,-20,2,5,0,-1,-1,-2,-3,0
139.506197,2,0,-3,-3,-2,-1,-1,-2,0
139.506202,19,7,-1,-1,0,0,-1,-3,0
139.527341,12,11,-2,0,1,-2,0,1,0
139.527346,9,1,-8,1,-2,-1,1,1,0
139.527926,7,-6,-1,-2,0,-1,-2,-2,0
139.527937,-34,7,3,-2,0,0,0,-1,0
139.540633,30,-11,0,-1,-9,-2,-2,2,0
139.540654,-51,14,-5,-2,-4,-3,-4,-7,0
139.547426,2,-1,-2,-2,-2,0,0,-1,0
139.547442,7,-3,2,-2,-1,-2,-1,1,0
139.563849,-3,-10,-5,0,1,0,0,-3,0
139.563872,14,11,-2,-1,1,-1,0,1,0
139.566473,-3,-1,-2,-1,1,-2,-1,0,0
139.566480,6,-25,-2,-3,0,-1,-2,-3,0
139.586282,-10,-12,-1,0,1,0,-3,-1,0
139.586304,27,3,-4,-3,-3,-2,-1,-3,0
139.587737,-7,-19,1,2,1,0,0,0,0
139.587752,-39,9,-3,0,0,-1,0,-2,0
139.600649,17,-4,-5,-3,0,-2,-1,0,0
139.600671,9,10,0,-2,-2,-1,0,0,0
139.607523,-7,-16,8,2,-1,-2,-2,-3,0
139.607550,39,21,-3,-4,-1,0,2,12,0
139.624535,-6,-13,-5,2,-2,-1,-4,-14,0
139.624576,-8,-9,-2,-1,0,-2,0,3,0
139.626000,8,2,-1,-3,-2,-1,-1,-4,0
139.627823,-14,1,-2,0,-2,-2,-2,-1,0
139.646693,5,3,-1,-2,0,0,0,5,0
139.646722,-19,-5,0,0,-1,0,0,0,0
139.649404,-2,-3,0,0,1,0,-1,0,0
139.649413,37,26,2,0,-1,0,1,-2,0
139.660737,9,-28,-5,-5,-1,-1,0,1,0
139.660762,-82,9,3,0,-1,0,-1,-4,0
139.667916,2,-29,-5,-2,-1,-1,-1,2,0
139.667947,6,6,4,1,7,-2,-2,-1,0
139.684200,6,21,1,4,-3,0,0,-1,0
139.684205,33,-1,-1,0,2,0,0,0,0
139.692111,-8,7,-3,-3,-2,-2,-2,-2,0
139.692123,-21,2,-2,0,-2,-1,-2,-4,0
139.706462,1,10,0,-2,-1,-1,1,3,0
139.706491,30,-20,3,-1,-2,-1,-1,2,0
139.708371,-17,5,-3,1,2,-3,-2,-6,0
139.708383,15,18,-1,0,-4,-2,-2,-4,0
139.721040,-25,-27,-2,-2,1,-1,-1,-2,0
139.721062,4,7,-6,1,-2,1,-1,-1,0
139.727485,-33,-12,-3,-9,-3,-2,-2,-4,0
139.727503,-8,-24,-3,2,-3,-2,-2,-1,0
139.745522,85,29,-3,1,-1,-1,-2,-2,0
139.745528,-29,22,0,-4,0,0,-1,-3,0
139.745531,24,-7,0,2,1,1,1,2,0
139.745533,7,10,1,-2,-3,-1,-1,0,0
139.766969,-16,-11,-4,-2,-1,0,-1,0,0
139.767027,41,-12,-3,-4,-2,-1,0,-1,0
139.767780,-29,0,4,1,0,0,0,-1,0
139.768647,10,-19,-14,-5,-2,-2,1,-1,0
139.779897,-22,-2,6,3,1,0,-1,0,0
139.779914,6,4,6,2,0,0,0,-1,0
139.791560,-14,11,0,-1,-2,-1,-2,-2,0
139.791584,8,-14,-6,-4,-1,0,-1,1,0
139.803976,-14,4,1,0,0,-1,-1,-3,0
139.803998,14,4,0,-1,-1,-2,-2,0,0
139.806254,53,-4,-1,-1,-2,-2,-1,-1,0
139.806260,-55,2,-1,-1,-2,-1,-2,-4,0
139.826681,-4,8,-2,-5,4,-3,0,-1,0
139.826748,29,-28,0,3,-2,0,-1,2,0
139.827931,21,13,4,0,-1,1,0,1,0
139.827955,-17,-5,-4,-1,-2,-2,-4,-3,0
139.841371,-20,8,1,-3,-2,-1,-3,-2,0
139.841378,-6,3,2,0,3,-2,0,0,0
139.850385,34,-21,-9,-2,-1,-1,-1,-2,0
139.850393,-8,19,1,3,1,0,0,0,0
139.864240,-9,0,0,-5,-4,-1,-1,-1,0
139.866740,8,16,-3,4,3,-1,-1,-2,0
139.866749,-13,-19,1,-1,-5,0,0,3,0
139.866751,1,-10,4,0,-1,0,1,1,0
139.887983,-7,-2,-5,-3,-2,-1,0,0,0
139.888003,-6,1,-7,-8,-5,-1,-3,-4,0
139.888008,-10,13,1,2,1,-2,-1,-2,0
139.888012,-19,-13,1,0,-1,1,-1,-3,0
139.900450,20,7,-2,1,-4,0,0,3,0
