timestamp,emg1,emg2,emg3,emg4,emg5,emg6,emg7,emg8,label
2.002661,29,-7,26,7,-1,0,-2,7,4
2.002987,41,34,-7,0,2,2,6,13,4
2.004077,7,0,20,5,0,-5,-5,8,4
2.004081,-43,-57,-24,-6,-3,-5,-13,-76,4
2.027060,-86,121,17,9,6,4,8,-9,4
2.027066,33,59,5,-1,-4,-6,-13,-32,4
2.027067,-47,-61,-6,-12,-2,2,4,15,4
2.027070,34,11,9,6,6,4,4,-20,4
2.048803,21,36,-10,-2,-1,-2,0,43,4
2.048832,43,-34,32,20,4,2,3,-12,4
2.051133,-57,20,-4,-6,0,-3,-4,3,4
2.051152,18,-63,-10,-5,-2,1,3,13,4
2.062856,58,17,8,0,0,0,-1,40,4
2.062869,-67,99,49,1,11,10,19,-7,4
2.070223,-56,-103,-46,-9,-9,-7,-19,-71,4
2.070247,23,-61,-33,-18,-9,-4,-2,26,4
2.085808,57,-35,-6,8,0,-1,3,7,4
2.085839,-23,-96,-25,-1,-2,-4,-3,-18,4
2.087103,83,38,21,-5,2,4,6,21,4
2.087108,-46,80,23,0,1,2,-2,-18,4
2.108505,24,38,-16,-1,-4,-3,-7,-34,4
2.108535,89,26,-11,-8,-4,-4,-2,39,4
2.109034,-59,-57,-1,-1,-2,0,0,2,4
2.109055,-7,-17,-9,0,-2,-4,0,8,4
2.122653,62,91,39,-3,1,1,2,-44,4
2.122676,-49,-71,-50,-2,-5,-8,-14,75,4
2.123290,41,99,4,-15,-10,-13,-22,-41,4
2.123305,-64,72,0,-8,-5,4,10,3,4
2.146008,-44,-34,-30,-8,-3,4,2,-13,4
2.148582,15,-40,16,16,6,-12,-4,5,4
2.148587,48,52,-26,-3,-10,-13,-9,12,4
2.148589,-59,-91,23,28,6,-4,-10,-26,4
2.168768,-8,30,2,-7,2,2,-2,-8,4
2.168799,123,-68,7,1,2,21,17,41,4
2.169106,-94,-36,-4,-18,7,39,12,111,4
2.169114,45,1,8,12,-2,-27,-8,-40,4
2.182733,-13,-9,1,4,0,-4,-2,41,4
2.182739,83,26,-19,-4,-2,-8,0,18,4
2.183361,-26,49,12,2,2,7,4,-31,4
2.183367,-77,-56,-69,-47,-11,4,-1,-19,4
2.205234,3,-73,5,20,5,-8,-10,4,4
2.205256,31,10,-36,-18,-10,-7,-10,-31,4
2.207026,-19,-19,-9,1,2,-5,-1,-24,4
2.207032,101,45,41,9,7,11,17,37,4
2.229941,-106,108,33,3,-2,-8,-6,-27,4
2.229954,-68,-2,-1,-16,-7,2,3,1,4
2.229956,-35,-28,-14,-10,-3,-9,-9,-41,4
2.229959,44,18,-4,16,1,0,-2,20,4
2.242710,99,63,19,2,6,11,3,-12,4
2.242746,-1,107,22,-6,-8,-7,-12,40,4
2.245055,-17,-128,11,1,3,-4,5,-3,4
2.245059,53,122,-3,2,2,3,-3,21,4
2.265788,47,-47,-14,-5,-3,1,4,-10,4
2.265808,32,23,-7,3,1,0,-4,-68,4
2.267058,36,12,9,9,1,-5,10,58,4
2.267065,45,-33,-6,-10,-9,-5,-13,-5,4
2.288395,-2,11,-3,14,8,4,6,20,4
2.288418,-92,-106,-24,-19,-10,-12,-15,-54,4
2.289795,52,-94,-9,6,1,1,0,13,4
2.289804,-36,30,23,-1,5,5,2,-41,4
2.302689,-81,-117,-25,-20,-11,-7,-6,24,4
2.302708,7,127,-39,-11,-3,-1,-3,-30,4
2.304116,65,-24,-12,6,1,-4,-6,-16,4
2.304121,35,30,-16,-3,-2,1,5,34,4
2.326404,-44,-74,8,-1,1,-2,-6,-46,4
2.326422,-15,92,24,3,2,2,0,-6,4
2.327024,-33,-72,-31,-15,-9,-5,4,0,4
2.327036,-128,-76,13,4,1,-1,-7,-36,4
2.348428,7,21,-23,1,-3,1,-2,-18,4
2.348450,21,-61,24,-8,-1,3,6,12,4
2.350429,-36,127,28,23,8,-2,-1,32,4
2.350436,-43,-37,3,-7,0,3,5,-1,4
2.362681,55,102,17,8,5,0,5,34,4
2.362710,25,-49,5,27,9,9,11,-3,4
2.365656,52,-78,-9,-24,-8,-8,-10,-13,4
2.365662,125,78,5,0,2,0,-2,-34,4
2.386171,76,70,-16,-13,-5,0,-1,44,4
2.386193,-37,94,19,20,2,1,-2,-17,4
2.386433,-23,-53,6,6,3,2,5,28,4
2.386442,-49,-53,-9,0,-3,-1,-4,-16,4
2.408391,62,-23,-12,-8,-4,1,6,-20,4
2.408415,23,14,10,-6,-2,-4,-3,6,4
2.410471,39,42,-5,7,1,2,0,-53,4
2.410475,4,-128,-10,-10,-2,-6,-5,53,4
2.422896,-70,-50,25,7,-3,-3,0,21,4
2.424857,73,22,5,-18,-4,-2,2,2,4
2.424867,40,108,-17,-17,-6,-8,-7,-18,4
2.424869,17,12,15,2,2,5,7,57,4
2.448559,46,64,-22,-7,-6,-4,-8,-21,4
2.448571,95,-57,-15,11,1,2,6,31,4
2.448575,2,119,43,7,5,6,7,13,4
2.448578,-78,-60,-55,-21,-9,-8,-15,-53,4
2.468584,8,-31,36,0,-1,-4,-3,6,4
2.468601,-22,-40,-21,-9,-7,-3,-8,-38,4
2.468985,11,23,7,-1,0,2,0,6,4
2.468992,85,127,26,14,7,2,3,15,4
2.482619,-53,-110,-61,-18,-8,-4,0,67,4
2.482643,-46,92,20,5,6,6,9,1,4
2.483394,-108,-38,12,1,-2,-3,-11,26,4
2.483416,39,121,16,9,3,4,5,17,4
2.506363,23,127,30,-3,2,2,2,32,4
2.506923,-46,-128,-54,-13,-9,-9,-6,30,4
2.506943,-14,44,-12,-3,2,-2,-5,-28,4
2.506948,-80,-65,5,-5,0,0,12,2,4
2.528612,15,75,30,31,7,6,8,-2,4
2.528631,25,-89,-2,-7,-4,-4,-8,1,4
2.529503,30,94,24,5,1,1,1,10,4
2.529520,99,107,44,19,8,9,12,-32,4
2.542599,-12,42,-24,-11,-10,-6,-12,-43,4
2.542623,90,46,-4,-10,-2,-3,-1,9,4
2.543233,50,50,-10,9,0,0,3,11,4
2.543241,78,12,30,6,3,3,5,-2,4
2.565938,28,74,30,-2,2,4,6,-9,4
2.565956,-15,-41,6,8,0,0,-6,15,4
2.567163,-76,-105,-34,-19,-8,-5,-6,-27,4
2.567168,-12,52,-9,-6,-3,-4,-5,9,4
2.588240,55,-84,-7,11,0,-2,-9,-15,4
2.588248,-97,-37,-7,-5,0,-2,-4,-41,4
2.588912,-26,49,27,7,1,1,3,57,4
2.588991,61,-128,-40,13,-3,-1,0,-5,4
2.604426,-110,40,30,-8,-3,-2,-3,-2,4
2.604432,-66,-16,-5,-27,-3,0,-5,-44,4
2.610309,52,32,3,25,2,2,3,3,4
2.610328,-84,-57,-19,-10,-6,-4,-8,-17,4
2.626191,37,84,9,15,5,-1,-3,-18,4
2.626209,23,-53,10,9,4,3,10,43,4
2.627302,56,-11,-5,-15,-5,-4,-8,-42,4
2.627306,8,52,9,-1,-1,-2,-5,6,4
2.648277,6,-95,-23,-12,-3,-2,1,-1,4
2.648297,-8,27,22,12,1,1,6,21,4
2.650119,11,-128,-36,-33,-10,-10,-11,57,4
2.650123,-128,46,17,16,6,1,-4,-39,4
2.662281,38,-60,-19,-7,-2,-3,-7,-76,4
2.662310,3,-26,-12,-16,-7,-3,4,14,4
2.670205,32,96,15,14,2,2,14,1,4
2.670222,107,-68,-4,-1,2,0,-6,-7,4
2.686059,-112,-18,-17,-18,-7,-4,-3,27,4
2.686087,-84,-31,-9,1,0,-4,-7,-21,4
2.686456,8,-81,3,16,5,1,-5,-57,4
2.686462,33,70,22,-7,-4,-4,-2,36,4
2.708301,82,87,0,-1,2,4,8,26,4
2.708319,-11,-5,4,7,1,0,-3,5,4
2.709912,79,-51,-8,-16,-1,-5,-4,-3,4
2.709916,65,-2,-1,4,2,6,13,35,4
2.721987,-73,-90,-28,-5,-4,-4,-17,-60,4
2.722009,22,121,4,9,1,4,7,10,4
2.730885,-18,27,6,-2,0,0,-1,10,4
2.730916,26,35,2,-3,-2,-3,-5,8,4
2.745913,28,-9,-10,-26,-1,0,4,1,4
2.745929,124,77,2,24,0,-2,-7,-23,4
2.746606,-33,66,5,-7,1,3,4,-20,4
2.746665,-24,-44,-4,-4,-3,-2,-3,79,4
2.768698,14,-12,10,5,2,4,5,-12,4
2.768732,-93,-53,-27,-16,-10,-11,-12,32,4
2.771219,4,82,15,9,2,4,0,-14,4
2.771223,46,35,-10,-10,0,1,1,-13,4
2.781973,-63,42,39,15,4,-1,3,7,4
2.781999,71,-69,-20,-9,-1,-1,3,20,4
2.797639,-40,16,1,1,-1,-1,1,-3,4
2.797658,-13,-32,3,-9,0,0,3,0,4
2.805951,89,50,19,7,-3,-4,-7,-5,4
2.805966,48,127,25,-6,-2,-1,5,-14,4
2.807846,16,-71,-9,-7,-2,-2,-6,-9,4
2.807849,10,-11,-19,-5,-9,-5,-3,-19,4
2.828382,12,-59,-1,-3,2,-3,-3,-6,4
2.828395,33,-41,-7,-11,-1,10,-1,28,4
2.831366,31,-12,-5,5,-2,-4,2,2,4
2.831377,74,68,-2,-5,-1,-13,-11,1,4
2.842372,-75,59,-18,-5,-2,-2,-6,-11,4
2.842399,-4,46,-6,-6,-1,-1,6,17,4
2.853024,-57,45,1,-4,-1,7,4,-47,4
2.853030,-59,-117,-1,9,-7,1,-4,-20,4
2.864854,-6,-91,-25,-9,5,-4,-3,-8,4
2.864889,95,4,15,15,5,6,-2,-35,4
2.874373,11,69,47,4,1,-1,-4,38,4
2.874376,-54,51,-14,-3,-7,-5,2,-9,4
2.888358,29,121,29,15,4,7,10,7,4
2.888380,-79,-104,-17,-2,-1,-3,-5,-7,4
2.889959,21,57,1,1,1,-1,6,38,4
2.889978,-39,-36,-6,-18,0,-2,-8,-7,4
2.910695,-86,-128,-24,-4,-5,-6,0,65,4
2.910718,14,127,15,17,5,1,-1,-38,4
2.912239,-76,-21,-9,1,-3,-5,-5,7,4
2.912244,-5,91,2,1,2,4,7,46,4
2.926401,47,-49,-11,-2,-5,-3,-5,29,4
2.926429,-4,64,1,-13,-2,-4,5,39,4
2.929310,60,-24,-13,0,-4,-3,-9,-40,4
2.929314,40,-32,-15,-8,-3,-1,-2,-12,4
2.948339,53,34,21,5,3,4,7,-10,4
2.948365,14,40,28,12,4,4,4,25,4
2.950091,-33,-119,-33,-17,-7,-3,3,10,4
2.950190,-32,-48,4,5,1,-1,-5,-40,4
2.970787,-18,107,14,12,-1,-1,0,-28,4
2.970809,-111,-40,-19,-17,-6,-9,-16,-23,4
2.972430,38,-11,7,7,2,-2,-1,-20,4
2.972464,-4,107,8,0,-1,-2,-2,-20,4
2.985952,-27,-128,-21,-10,-3,-2,-5,-29,4
2.985970,81,15,16,-7,-2,0,2,-15,4
2.987936,51,45,-24,1,-2,0,4,5,4
2.987942,17,26,-29,-20,-7,-5,-8,-19,4
3.009927,-34,46,-12,25,3,1,-3,-11,4
3.010013,55,-128,-16,-6,-2,0,0,10,4
3.010016,-74,-84,-8,3,-3,-6,-6,22,4
3.010018,93,79,24,12,8,11,15,6,4
3.031261,119,42,-12,-15,-4,-2,-4,4,4
3.031296,23,-66,3,3,-1,-2,-5,35,4
3.033807,-89,-99,-18,-12,-5,-4,-7,-42,4
3.033813,23,76,22,13,3,1,-3,13,4
3.045272,9,-116,4,1,-1,2,6,10,4
3.045296,-22,-1,-33,-5,-2,-4,-2,19,4
3.051919,-3,35,19,0,4,0,-5,17,4
3.051935,-8,-98,2,-18,-4,-5,-5,-19,4
3.068640,-49,-10,-14,-3,-3,-4,-6,6,4
3.068658,16,66,1,-1,2,2,2,-14,4
3.070455,-68,60,3,1,-4,-2,0,-13,4
3.070468,-18,-112,-12,13,0,-3,-8,-10,4
3.091214,64,-101,-33,-14,-7,-5,-8,-25,4
3.091234,32,47,59,18,1,1,1,-1,4
3.092166,127,-68,-42,-29,-4,-6,-8,-67,4
3.092181,59,86,5,6,0,-1,-2,26,4
3.105269,18,88,-9,-4,-1,-1,3,31,4
3.105282,-53,90,12,5,4,3,0,-39,4
3.112400,69,-9,22,11,1,4,6,40,4
3.112429,13,-7,-19,-3,-7,-2,0,6,4
3.128398,123,0,15,-24,-5,-8,-7,9,4
3.128421,81,-40,-10,18,2,-2,-3,33,4
3.129857,-28,32,12,5,1,2,1,13,4
3.129864,-34,37,-2,0,0,-3,-2,13,4
3.150814,-59,89,6,0,1,6,10,20,4
3.150841,-97,-7,2,-7,-2,-3,-7,-32,4
3.152636,50,-107,5,7,-2,18,14,67,4
3.152671,44,79,9,-16,2,-10,-1,-66,4
3.166409,-69,-28,-11,11,2,-2,3,-10,4
3.166417,-113,-67,-7,3,3,-1,1,-11,4
3.172077,127,127,41,9,10,10,18,7,4
3.172099,-57,-97,-25,-24,-6,1,-6,19,4
3.188490,-31,-6,19,4,0,2,0,-17,4
3.188518,89,94,6,-5,-2,-1,3,-6,4
3.190779,-28,-41,15,-1,2,1,-1,-11,4
3.190782,-25,0,-1,5,0,-2,-4,-53,4
3.210952,127,-59,1,7,-2,-1,1,14,4
3.210974,58,92,20,3,1,1,0,-1,4
3.213538,-45,-51,-35,-22,-5,-9,-11,19,4
3.213550,9,48,14,7,-3,-5,-10,-26,4
3.225229,7,38,3,12,-1,-1,-1,11,4
3.225257,-59,20,-8,-13,-2,1,3,-27,4
3.235331,-43,70,3,1,2,-1,4,-12,4
3.235337,-74,-48,-24,-9,-3,-1,2,26,4
3.248323,5,82,15,2,4,3,-5,3,4
3.248341,-72,16,-4,3,-5,-3,-2,-17,4
3.251193,-9,10,-12,11,-1,-4,-2,13,4
3.251203,-75,18,17,-2,1,3,0,-52,4
3.270784,-111,-51,-12,15,-1,0,2,21,4
3.270807,-66,19,-41,-21,-10,-14,-22,-34,4
3.272399,81,-37,-4,0,-4,0,6,41,4
3.272407,-13,9,0,-2,2,4,4,-26,4
3.284891,-91,7,-3,-2,-2,-1,-1,-5,4
3.284925,51,1,-5,-7,-2,0,-2,-54,4
3.294351,-46,-44,-4,-3,-2,-4,-9,13,4
3.294359,3,-29,1,19,-3,-4,-7,26,4
3.308449,64,-4,13,-6,3,1,5,26,4
3.308529,45,-44,-10,2,1,1,7,10,4
3.309944,-33,8,-13,-9,-6,-8,-11,-38,4
3.309977,14,12,7,9,5,5,7,22,4
3.331271,-85,87,7,-14,-6,-8,-14,-23,4
3.331307,71,-68,4,11,2,4,4,19,4
3.334200,3,16,7,13,5,2,1,-12,4
3.334208,-55,-99,-52,-23,-11,-9,-8,27,4
3.345340,34,57,-32,-11,-5,1,1,-35,4
3.345363,-42,-39,24,1,9,2,0,29,4
3.352151,33,91,11,-6,-2,-4,-6,-29,4
3.352176,-4,-82,-9,4,-2,0,6,29,4
3.368760,-6,52,-12,-11,-4,-4,-8,-40,4
3.368778,-46,-25,-2,2,-1,0,13,74,4
3.369925,-92,73,7,4,1,-2,-2,13,4
3.369943,30,-8,6,-3,-2,-4,-9,3,4
3.390820,36,-55,-20,-16,-4,-4,-4,-31,4
3.390842,-27,109,9,2,-1,0,2,16,4
3.393056,39,118,42,21,6,6,12,33,4
3.393061,59,-89,-42,-19,-5,-4,-10,-39,4
3.404385,-6,-45,6,-1,2,3,2,2,4
3.404409,34,-6,-42,-1,-9,-8,-10,-5,4
3.415612,-116,16,3,-11,-1,-3,-8,-29,4
3.415619,-41,-83,-1,8,2,1,0,-29,4
3.430465,113,91,16,7,6,17,12,17,4
3.430487,-86,78,11,6,4,-10,7,22,4
3.430493,3,-128,-56,-7,-6,-9,-15,-34,4
3.430498,-45,26,16,6,-1,-1,8,49,4
3.458665,-4,12,9,0,-2,-3,-8,-52,4
3.461358,13,66,7,-4,0,7,1,-33,4
3.461365,106,-76,18,6,0,1,8,60,4
3.461367,21,74,-11,5,3,4,10,84,4
3.464665,-124,-96,-29,-29,-9,-9,-20,-80,4
3.464694,123,-63,-18,7,-1,1,-6,-6,4
3.475166,117,-6,-14,-5,-2,-5,-4,-33,4
3.475179,101,59,41,16,4,5,7,11,4
3.488349,-75,-70,-14,-20,-6,-10,-9,48,4
3.488372,70,30,1,13,-5,-1,-6,-28,4
3.491045,18,-20,-15,-11,0,-1,-9,-64,4
3.491058,16,114,32,0,1,4,5,-5,4
3.510852,-28,22,8,22,2,-5,-8,4,4
3.510994,-3,-67,-5,-8,-1,0,-2,-33,4
3.512201,-49,-83,5,-1,0,2,11,29,4
3.512234,0,85,10,6,3,-1,-3,-22,4
3.524510,61,5,22,0,-3,-3,5,17,4
3.524531,21,-124,-15,-5,-2,0,-2,19,4
3.535169,56,87,-7,2,-3,0,1,14,4
3.535175,-100,-93,-12,-7,2,0,3,1,4
3.548430,1,43,7,19,5,1,2,-9,4
3.548448,-40,-62,14,9,-1,3,10,33,4
3.550623,39,127,28,-3,2,-4,-13,-72,4
3.550634,127,79,0,0,0,-7,-15,-21,4
3.571051,77,-32,-5,-2,-2,0,1,57,4
3.571055,57,80,-12,-18,-6,-4,-9,-48,4
3.572257,17,55,18,6,4,4,5,-41,4
3.572264,-51,-15,-8,3,1,1,5,39,4
3.585343,73,-41,-13,-16,-2,-1,5,-3,4
3.585370,-24,9,-15,-4,3,-2,-3,-22,4
3.594820,-84,-8,-17,-3,-3,-2,-2,50,4
3.594825,25,-44,19,9,0,-3,-2,-13,4
3.608270,-24,37,12,2,2,2,0,32,4
3.608293,23,-83,-8,-16,-3,1,9,70,4
3.609885,46,-69,-15,16,-5,-2,-4,-26,4
3.609890,48,-42,-6,-6,1,0,0,-27,4
3.631031,12,-78,9,13,4,-2,2,64,4
3.631058,10,105,-6,-1,-3,-3,-10,-62,4
3.632667,-71,94,25,-2,0,-4,-6,14,4
3.632671,-71,-5,-17,3,-6,-5,-9,-37,4
3.644964,101,97,-1,-2,0,5,12,8,4
3.645073,-128,-87,7,3,-2,-3,-7,-20,4
3.653369,89,3,-1,-1,0,2,8,46,4
3.653391,8,-61,-41,-15,-9,-5,-7,1,4
3.668665,-1,8,12,-10,2,0,0,2,4
3.668692,-60,15,-3,-9,-4,-3,-1,36,4
3.669838,9,-44,-7,-8,-1,0,2,15,4
3.669913,55,57,29,20,4,1,1,-27,4
3.690787,-101,8,-30,-3,-4,-2,-1,43,4
3.690807,95,-108,19,-5,-2,-2,-6,-11,4
3.692371,46,-48,-14,-9,-1,-3,-3,0,4
3.692378,-59,80,21,4,0,3,-2,-15,4
3.704430,-45,-60,-50,-8,-7,-11,-14,-22,4
3.704454,35,28,26,5,8,5,5,5,4
3.715817,71,107,19,14,2,1,6,58,4
3.715823,43,-112,-25,-29,-6,0,3,43,4
3.735841,127,127,22,19,6,4,7,38,4
3.735861,89,-105,-20,0,-3,-5,-12,-58,4
3.737475,-75,63,28,-22,-7,-2,1,32,4
3.737478,47,-109,-24,-8,-1,0,1,-40,4
3.751555,20,93,33,13,5,20,15,15,4
3.753313,-66,4,-25,-7,-6,-21,-9,9,4
3.753323,-27,-60,-17,-10,-4,-6,-8,-13,4
3.753325,11,127,20,-4,-3,-4,0,1,4
3.764620,-128,-3,22,19,4,2,-1,-7,4
3.764644,-100,9,-14,-15,-4,4,5,12,4
3.774902,65,-86,-22,-4,-3,-2,-8,-15,4
3.774908,-66,-9,12,4,0,-1,-2,17,4
3.788268,57,-71,-5,-5,-3,-1,-2,12,4
3.788290,-75,127,62,17,11,12,14,31,4
3.790174,-69,-34,0,2,-4,-5,-3,-15,4
3.790180,-55,92,-38,-17,1,2,-8,-16,4
3.811033,-21,-98,-20,21,-4,-6,2,1,4
3.811047,70,105,14,9,1,2,-2,24,4
3.813158,20,-1,-20,8,1,3,4,8,4
3.813174,-29,11,44,21,10,6,7,-14,4
3.824772,106,-21,-15,-17,-7,-7,-10,-18,4
3.824904,-50,-128,-10,-13,-3,-4,-11,-4,4
3.834084,9,47,1,7,1,3,6,-29,4
3.834088,62,-83,7,-5,-3,-3,2,72,4
3.848375,-17,-70,-19,-11,-3,-6,-5,-34,4
3.848402,-27,54,-1,-3,-3,2,16,-26,4
3.849822,10,127,20,0,2,2,-2,-42,4
3.849828,38,63,34,2,-3,-4,-13,55,4
3.870807,-58,49,-11,-23,-5,-6,-7,-12,4
3.870824,83,126,45,45,9,5,3,25,4
3.872257,-7,-128,-43,-32,-11,-4,2,-2,4
3.872290,90,117,-15,5,0,3,12,-36,4
3.893296,51,-68,0,0,-5,-11,-22,-71,4
3.893324,113,-19,10,-7,0,5,11,101,4
3.895036,-21,-40,-11,9,4,14,-1,-69,4
3.895040,18,85,20,0,2,-7,-3,43,4
3.907900,-57,46,5,-2,-1,-8,2,15,4
3.907917,-36,5,-19,-5,3,-1,-5,-2,4
3.916525,-22,-65,-10,-15,-3,-8,-2,-18,4
3.916532,-93,-73,-19,-2,-3,5,1,-23,4
3.932343,27,51,24,3,4,5,15,54,4
3.932348,71,-44,-51,-14,-3,-7,-12,-102,4
3.932401,-96,-60,-22,-14,-11,-9,-21,-9,4
3.932427,88,-95,-3,-3,-5,-6,-4,-34,4
3.953409,70,15,-6,4,2,1,9,41,4
3.953431,105,87,-2,1,-1,0,-11,31,4
3.955420,86,-4,31,12,3,0,3,34,4
3.955424,-72,61,-7,8,-1,-3,-4,-61,4
3.968386,110,-78,-16,-8,-9,-1,-9,9,4
3.968416,-118,-64,-4,-10,-1,-2,-5,-64,4
3.974551,44,83,20,9,6,1,2,103,4
3.974571,33,1,-8,-10,-4,-4,0,44,4
3.991169,73,127,3,-1,0,7,9,-41,4
3.991192,-21,-13,23,12,-2,-3,-7,-43,4
3.993558,12,46,38,11,10,2,6,33,4
3.993564,13,-60,-42,-8,-7,-7,0,67,4
4.013623,-46,-56,-32,-14,-7,-7,-11,-71,4
4.013720,28,14,-10,-8,-5,-3,-5,38,4
4.015027,25,-17,-19,-1,-3,-1,2,-14,4
4.015047,19,108,40,5,5,6,5,3,4
4.027705,-123,-101,16,6,5,5,1,-27,4
4.027720,-9,86,6,-4,-3,-3,0,18,4
4.034820,40,-43,-15,-15,-4,-2,-6,-27,4
4.034848,55,29,7,6,0,-2,-1,0,4
4.051189,-33,-17,8,-4,4,2,5,31,4
4.051243,109,-11,-18,4,-11,-7,-11,-2,4
4.054124,-82,25,14,6,3,1,4,-25,4
4.054131,5,-12,1,-22,-6,-8,-17,-38,4
4.073501,-17,-36,7,14,1,19,9,-43,4
4.073515,-72,92,32,11,7,-3,16,75,4
4.074889,85,-9,-16,2,-6,-13,-13,62,4
4.074954,-25,-107,-44,-3,-5,-4,-4,-70,4
4.087606,-36,95,-13,-13,-5,-6,-4,71,4
4.087615,-23,14,3,-3,4,10,10,-44,4
4.094363,40,92,-6,14,3,5,4,1,4
4.094385,-102,88,19,12,7,3,4,-11,4
4.110827,-6,-44,6,-5,-6,-4,-4,7,4
4.110847,-23,-48,-17,-3,0,2,6,82,4
4.112182,-68,-16,-36,-11,-4,-12,-12,-44,4
4.112195,56,43,-9,8,0,3,2,75,4
4.135022,1,-70,6,-1,3,-3,-5,-32,4
4.135038,49,65,34,-1,1,0,1,-31,4
4.135125,-61,-46,12,6,0,1,-2,-14,4
4.135176,99,71,18,5,0,-1,-3,-15,4
4.147773,-8,-13,-25,-3,3,-3,0,78,4
4.147807,54,-17,-58,-19,-13,-13,-22,-43,4
4.154451,117,-86,43,9,7,15,28,57,4
4.154476,51,-91,-10,-10,-6,-8,-13,-61,4
4.170864,16,55,2,3,2,-2,1,-27,4
4.170886,74,39,37,21,6,7,11,21,4
4.174144,7,-48,-15,-18,-7,-6,-11,61,4
4.174149,51,-10,11,-13,0,1,10,-10,4
4.193564,127,49,-10,10,-5,-11,-28,-92,4
4.193596,-17,2,9,4,3,5,6,-25,4
4.196071,-63,-79,-42,3,-2,-2,-4,-33,4
4.196075,74,53,21,0,1,-1,-4,32,4
4.208117,-78,96,-3,-5,4,1,3,-24,4
4.208141,-89,-128,-21,-9,-5,-8,-12,-11,4
4.214593,13,51,-4,-1,-4,-1,-7,-78,4
4.214610,-8,-6,-40,-6,-2,2,15,55,4
4.230970,-90,50,34,3,-2,0,-15,-40,4
4.230999,2,-95,-21,-10,-1,-3,7,45,4
4.232385,53,109,26,12,2,3,4,-20,4
4.232409,-42,15,12,15,2,6,8,-9,4
4.253252,127,62,-13,-23,-2,0,5,39,4
4.255036,3,56,-9,14,4,0,-4,2,4
4.255041,-35,77,17,4,1,-1,-1,-2,4
4.255043,-106,-27,-9,13,4,0,3,21,4
4.268308,127,-68,-15,-20,-7,-3,5,10,4
4.268353,-66,-42,30,26,3,1,-7,-48,4
4.274610,43,95,3,-2,6,22,17,-3,4
4.274627,23,-128,-25,-21,-12,-24,-24,-7,4
4.291169,-85,82,28,14,5,0,7,28,4
4.291183,-31,-84,-26,-17,-5,-5,-9,-62,4
4.292632,-61,-41,8,11,2,-1,7,57,4
4.292644,60,17,27,10,8,9,1,3,4
4.313452,-97,1,-1,1,-2,-4,-7,-6,4
4.313474,72,-81,-6,-17,-7,-7,-7,-35,4
4.316160,125,103,23,8,0,0,4,56,4
4.316173,45,-69,-28,-25,-4,-1,-8,24,4
4.328192,58,-43,29,32,7,1,7,-46,4
4.328220,43,-13,9,1,2,5,-1,19,4
4.334785,17,-14,-46,-35,-6,-8,-8,-49,4
4.334812,-55,57,14,11,-1,-1,-3,33,4
4.351221,9,8,12,2,-2,-2,2,8,4
4.351252,87,109,8,13,0,0,2,19,4
4.353463,-33,-41,-5,-3,3,-1,-2,-54,4
4.353470,-61,-79,-1,-8,-4,-2,-2,15,4
4.373377,-24,47,-8,-4,-6,-2,-2,5,4
4.373393,123,81,15,-7,-3,1,3,53,4
4.374866,-45,-64,9,5,0,-5,-9,-18,4
4.374874,36,94,-15,-2,-3,-6,-8,-36,4
4.386892,-41,-77,-22,-5,-2,2,2,31,4
4.386910,-77,25,5,-1,3,2,5,-25,4
4.397283,-20,42,11,-1,-2,-4,-3,-16,4
4.397292,78,59,28,14,3,5,5,-56,4
4.410862,-50,52,3,-3,2,1,3,84,4
4.410885,-16,-47,-47,-29,-10,-11,-20,-66,4
4.412517,94,54,33,26,-1,-1,-1,-6,4
4.412535,36,4,-4,1,2,10,11,14,4
4.433562,127,64,13,3,3,-18,-10,-13,4
4.433580,-28,-124,-42,-23,-10,-9,-11,-3,4
4.434989,-33,59,-35,-2,-1,-5,5,32,4
4.435012,-46,51,-4,-10,-4,4,-19,-23,4
4.447702,70,50,9,1,9,13,33,26,4
4.447711,-14,-26,14,1,0,-3,-5,15,4
4.457890,-65,-97,-20,-6,-4,0,1,-29,4
4.457898,48,65,-8,3,2,-2,11,7,4
4.470777,62,51,13,-10,-2,1,-26,39,4
4.470800,-1,-49,-28,9,-3,-4,-4,-15,4
4.472293,50,29,14,-5,-2,-2,-3,14,4
4.472339,19,4,-21,3,1,1,13,1,4
4.493272,85,17,41,3,-2,-4,-6,-4,4
4.493345,99,127,3,-20,0,6,13,68,4
4.494681,36,-114,-18,1,-4,-7,-18,-21,4
4.494742,47,23,21,2,4,4,2,-56,4
4.515912,-126,-128,-20,-16,-9,-8,-16,-30,4
4.516104,18,7,21,11,7,3,12,24,4
4.518576,39,88,29,-7,0,3,6,32,4
4.518583,-128,-128,-10,-6,-5,-9,-6,2,4
4.531052,-29,69,-4,3,1,3,6,-6,4
4.531086,-41,52,16,5,-1,4,4,-24,4
4.532980,3,30,-17,-22,-4,-2,-2,34,4
4.532985,-88,-10,-4,13,-3,-11,-21,77,4
4.553264,-98,-121,-52,-19,-13,-5,-4,-24,4
4.553288,1,-24,-28,-7,-1,-3,-3,-3,4
4.555624,-41,-58,26,0,0,0,1,9,4
4.555628,-23,28,0,-22,-3,0,1,6,4
4.567265,21,90,31,28,5,15,9,-29,4
4.567301,5,-60,-31,-8,-6,-6,-1,8,4
4.575816,-23,-54,-5,21,-1,-7,2,47,4
4.575837,11,-98,-6,-9,1,-9,-31,-72,4
4.590096,-22,56,24,5,5,1,8,31,4
4.590122,99,-73,-8,-9,-4,9,5,-12,4
4.597149,-78,-25,8,3,5,22,-3,-28,4
4.597181,24,31,-13,2,-2,11,7,6,4
4.613687,-71,-43,-31,-6,0,1,9,-48,4
4.613713,30,127,107,31,12,3,-4,9,4
4.615592,53,-121,-58,-17,-7,-18,-4,-17,4
4.615597,127,77,49,9,5,11,10,28,4
4.626955,19,54,-41,-23,-6,-5,-8,17,4
4.626976,-99,-67,-33,2,-5,-9,-6,10,4
4.636470,24,110,-15,-26,-1,10,0,-98,4
4.636474,-91,15,-1,9,-6,-6,-7,-25,4
4.650900,13,-39,-10,-6,-2,-7,-1,19,4
4.650909,5,96,30,5,0,-4,-1,16,4
4.657079,72,79,20,4,-2,0,5,41,4
4.657101,50,-61,-81,-11,-7,-8,-6,2,4
4.673662,44,-58,50,-4,5,-4,-3,-37,4
4.673689,17,34,5,12,5,27,14,6,4
4.676468,50,-25,3,6,-2,-18,-12,12,4
4.676471,-15,-8,-5,8,-1,-8,10,9,4
4.687113,-9,-39,-6,1,-4,2,-6,-35,4
4.687138,97,23,6,2,4,0,5,-4,4
4.698134,14,127,10,9,2,4,3,43,4
4.698138,-47,-58,11,-10,-4,-5,-1,-7,4
4.712957,-66,16,-28,0,0,0,-4,-52,4
4.712963,-122,-121,-34,-16,-8,-7,-8,-32,4
4.717452,-105,-18,30,2,-2,-5,-7,-11,4
4.719835,68,104,-12,-24,-5,-8,-14,23,4
4.733681,82,19,7,16,1,2,-1,-18,4
4.733734,66,-14,-15,-1,2,-6,-1,22,4
4.735388,-31,-123,-10,-8,-2,1,-1,8,4
4.735394,44,10,-3,5,3,1,0,-23,4
4.747600,116,89,-1,-16,-5,-1,4,57,4
4.747645,-22,107,17,14,-1,-7,-6,5,4
4.756778,5,-70,-27,-16,-5,-5,-5,17,4
4.756786,-71,17,6,16,8,8,16,12,4
4.770796,92,60,63,-3,10,11,9,-5,4
4.770812,-85,-110,-38,-14,-8,-12,-9,44,4
4.772896,13,36,-27,-10,-7,-5,-19,-80,4
4.772901,-36,-3,35,15,6,6,15,4,4
4.793316,-46,15,12,7,-2,-2,-3,31,4
4.793330,86,-4,13,-17,0,3,4,-44,4
4.794670,-9,62,7,7,2,-3,1,-1,4
4.794676,62,-56,-2,-7,-4,-4,-4,-8,4
4.816060,-59,20,-19,6,-4,-4,0,-28,4
4.816093,-44,31,-25,-26,0,15,5,25,4
4.818473,33,3,2,9,0,-14,-4,-6,4
4.818481,24,68,48,12,7,-2,2,-6,4
4.831133,3,7,-15,2,-7,-6,-5,54,4
4.831161,124,27,0,-7,-1,-5,4,25,4
4.833114,43,87,18,9,4,13,3,-13,4
4.833122,4,-88,-18,-16,-10,-10,-13,5,4
4.853283,-30,-41,-14,-11,-3,-3,-1,-16,4
4.853300,-39,41,4,34,2,3,7,22,4
4.854661,43,5,7,20,12,8,10,17,4
4.854667,-32,-22,0,-9,-4,-3,-1,-1,4
4.875927,30,8,-23,-10,-3,-4,-8,-13,4
4.875948,31,107,44,-6,5,2,9,14,4
4.878271,-80,-37,-26,-3,-4,-6,-18,-43,4
4.878274,37,-9,10,2,-1,5,12,-14,4
4.889435,71,-9,0,6,0,1,0,6,4
4.889458,-24,-46,0,-1,-2,-2,-3,-9,4
4.898444,60,97,10,-4,1,4,9,43,4
4.898467,64,106,27,-11,1,3,0,26,4
4.914572,-106,-128,-20,13,-9,-11,-21,-69,4
4.914581,12,-47,-6,3,-4,-10,-11,83,4
4.914896,5,-62,-11,-8,-2,-1,-1,37,4
4.914909,-31,-65,-27,-4,-2,1,-2,-28,4
4.935881,-23,-81,48,25,11,10,14,28,4
4.937975,-65,7,-36,-22,-14,-14,-25,-128,4
4.937979,-28,-126,-14,-10,-4,-1,-1,26,4
4.937981,-19,7,-20,-3,-1,-1,-1,-17,4
4.951040,26,74,6,-4,2,0,0,-9,4
4.951070,-17,-58,-2,11,3,0,4,10,4
4.952343,97,127,17,-19,-2,1,7,12,4
4.952351,78,32,67,16,5,4,15,35,4
4.973303,110,-47,-6,-16,-6,-8,-20,-52,4
4.973326,29,-68,-12,1,-1,-2,-1,-47,4
4.975543,-12,55,4,-9,1,1,5,13,4
4.975548,58,102,-7,7,4,5,8,46,4
4.996551,110,28,-16,-5,3,-3,4,84,4
4.996570,-35,124,32,16,-1,-2,-3,16,4
4.999453,40,-48,7,6,1,1,0,-15,4
4.999459,-34,2,-9,-5,0,0,-13,-54,4
7.020950,1,1,0,-1,-1,-1,-1,-1,0
7.021293,-2,-1,-1,-1,-1,-1,-2,-1,0
7.022733,-1,1,0,-1,-3,-1,0,-1,0
7.022741,0,-1,-1,-1,0,1,0,-1,0
7.035260,-1,0,-2,1,-1,-1,-1,1,0
7.035285,-1,-1,-2,-1,1,-1,-1,0,0
7.041954,0,-2,0,-1,0,1,-1,0,0
7.041972,0,1,-1,-1,-2,0,0,0,0
7.065821,-1,-1,-1,0,-3,-1,-1,0,0
7.065851,-2,0,-1,-1,-1,-1,-1,-2,0
7.067681,-1,-1,-2,0,-1,-1,-1,-1,0
7.067693,0,-1,-1,-2,-1,-3,0,0,0
7.081296,-1,-3,-1,-2,-2,-3,-1,-3,0
7.081329,-2,-2,-1,-1,-1,-2,-2,-1,0
7.083570,0,-1,0,-1,-2,0,1,0,0
7.083575,0,-1,-1,-2,0,-2,-1,-1,0
7.095416,-1,-1,-1,-1,-1,1,0,-2,0
7.095796,-1,-1,-1,-2,-1,-1,-1,-1,0
7.102336,-1,0,0,-2,-1,-1,-1,-2,0
7.102366,-1,-1,-1,-1,-1,-2,-2,-3,0
7.119786,2,1,-1,-2,0,-1,0,-1,0
7.119792,-1,-2,-1,0,-3,-1,-1,0,0
7.119872,0,0,-1,-1,-1,-2,-1,-1,0
7.119879,-1,-1,-1,-1,-1,-1,-1,0,0
7.141123,-2,-2,-1,0,0,-2,-2,-1,0
7.143597,0,-2,-1,-1,-1,-1,-1,-1,0
7.143606,0,-2,-1,-1,-1,0,-1,-2,0
7.143608,0,-1,0,-2,-2,-1,-1,-1,0
7.155145,-2,-2,0,-1,-2,-3,0,0,0
7.155166,-2,0,-2,-1,-1,-1,-2,-1,0
7.161884,-1,-1,-2,-1,0,0,-2,-2,0
7.161905,-3,-2,-2,-1,-1,0,-2,0,0
7.178434,-2,-2,-2,0,-3,0,1,0,0
7.178454,0,-1,0,-1,-1,-2,-1,-2,0
7.181199,-1,0,-1,-1,0,-2,-1,0,0
7.181214,-1,0,-1,0,-1,-1,1,-1,0
7.200896,0,0,-1,-1,0,1,-1,-1,0
7.200915,-1,-1,0,-1,1,-1,-1,0,0
7.202595,0,-1,-2,-1,-2,0,1,-1,0
7.202619,0,-1,-1,-1,-1,0,-1,0,0
7.214522,-1,0,-1,-2,0,0,0,-1,0
7.214536,-2,-2,-2,-1,-1,0,-1,-2,0
7.225330,-1,1,-1,2,0,-2,0,-2,0
7.225336,-1,0,-1,0,0,-4,0,-1,0
7.238153,-1,-1,0,-1,0,-2,-1,-1,0
7.238169,-2,1,0,-1,-2,0,0,0,0
7.240365,0,-1,-2,-2,-2,-1,-1,1,0
7.240370,0,-2,-1,0,-1,0,0,-1,0
7.261502,-1,-1,-2,-2,-2,-1,-1,-2,0
7.261509,-1,-1,-2,-1,-1,-1,-2,0,0
7.262158,-3,-2,-1,-2,-2,-2,0,-1,0
7.262163,0,0,-1,-2,-1,-1,-2,0,0
7.275266,1,-3,-1,-1,0,-1,0,-1,0
7.275271,-1,1,-2,-1,0,0,1,-2,0
7.284664,-1,-1,-2,-2,0,0,2,9,0
7.284676,0,0,-1,-2,-2,-2,-4,-30,0
7.298464,2,0,0,-1,1,0,0,2,0
7.298488,-16,-3,-2,-1,-1,-1,-1,-10,0
7.301341,-2,-2,-2,-1,-1,-3,-8,-18,0
7.301350,-4,0,0,-1,-2,-1,-1,5,0
7.321046,-2,-1,-1,0,-2,-2,1,-2,0
7.321050,4,0,-1,-1,0,-1,0,-3,0
7.322229,0,-1,0,0,-1,-2,1,4,0
7.322236,-1,-1,-1,-1,-2,-1,-1,13,0
7.334930,-2,-1,-1,-2,-2,-1,0,-7,0
7.334972,2,-1,-1,-1,-1,2,-1,4,0
7.345227,-1,-1,-1,-1,-1,-2,-1,0,0
7.345230,0,0,-2,-1,-1,-1,0,-3,0
7.358408,-2,0,0,0,-1,0,-1,1,0
7.358424,1,-1,-1,-1,-1,-2,-2,2,0
7.359806,-1,-1,0,-2,-1,0,0,3,0
7.359812,-2,-1,0,-1,-1,0,-2,0,0
7.380920,-3,-2,-1,-1,0,-1,-2,0,0
7.380945,0,-1,-1,0,-2,0,-2,4,0
7.382375,1,-1,-1,-1,0,-1,1,-4,0
7.382398,-2,-2,-4,-2,0,-1,-2,3,0
7.394691,-1,0,-1,-1,-2,-2,-1,-1,0
7.394718,1,-1,-1,-1,-1,-3,1,-4,0
7.404318,-1,-1,-1,0,-2,0,-1,2,0
7.404325,-3,-1,0,0,-2,-1,0,0,0
7.418781,0,0,-3,0,-1,-2,-2,1,0
7.418815,0,0,0,0,-1,-2,-1,-1,0
7.419919,0,-1,-1,-1,0,-1,0,0,0
7.419946,0,-2,-1,0,0,0,-1,3,0
7.440875,1,0,-2,-2,-1,0,-1,-1,0
7.440896,-2,-1,-3,0,-1,-1,-2,0,0
7.443050,-4,0,-1,0,0,-1,-2,0,0
7.443054,0,-3,-3,-2,2,-1,-1,-1,0
7.454446,-1,-3,0,-1,0,-1,-1,-1,0
7.454466,2,-1,-1,-1,-2,-1,-1,0,0
7.463883,-1,-1,-1,-1,0,0,-2,-1,0
7.463888,-2,0,0,0,-2,-3,1,1,0
7.479110,-2,-1,0,0,0,0,-2,-1,0
7.479114,-1,-1,-1,-1,0,-2,-1,-1,0
7.479663,1,1,-1,-1,0,1,-2,-3,0
7.479673,-1,-1,-1,-3,-2,0,-1,0,0
7.501017,-2,-2,0,-3,-2,-1,0,-1,0
7.501036,-3,0,0,-2,-2,-1,0,-2,0
7.503175,0,-2,-2,0,-2,-1,2,-1,0
7.503179,-2,0,-1,-1,0,-1,-1,-3,0
7.514795,-1,-1,0,-2,-1,1,-2,1,0
7.514899,0,-1,-2,0,-2,0,-1,0,0
7.524900,-2,-2,-1,-2,-1,-1,0,1,0
7.524908,1,-2,-1,0,0,0,-1,0,0
7.538392,-1,-1,-1,1,1,-3,-1,-2,0
7.541223,-2,0,0,0,0,-2,-1,-2,0
7.541229,1,-2,0,-1,-1,0,-1,1,0
7.541231,-1,-1,1,1,0,0,-2,-2,0
7.560849,0,-1,-1,-1,-2,-1,-3,-1,0
7.560866,0,-1,-1,-3,-1,-1,0,-1,0
7.562153,0,-1,0,-2,-1,0,0,0,0
7.562165,-1,-1,-1,-2,0,-1,-1,0,0
7.574371,0,0,-2,0,0,-2,0,-2,0
7.574384,-1,-1,-2,0,-2,0,-1,-1,0
7.585072,-2,0,-2,0,-2,-2,0,-1,0
7.585078,0,-1,0,-2,-1,0,-1,0,0
7.598393,-2,0,-1,0,-1,0,1,0,0
7.598421,-2,-2,1,-2,-1,0,-1,0,0
7.600033,-1,-1,-3,-1,-3,-1,-1,0,0
7.600039,-2,-2,-3,-1,-1,-1,0,-1,0
7.620731,-1,-1,0,-1,-1,-1,-1,-2,0
7.620745,0,-1,1,-1,1,0,-1,0,0
7.622209,-1,-1,-2,0,-1,-1,-2,-2,0
7.622240,0,-1,0,-1,0,-3,-2,-1,0
7.643849,-1,-2,-2,0,-1,0,0,0,0
7.643885,0,-3,-2,-2,-1,-2,-1,0,0
7.645982,0,0,0,-1,1,0,-1,-2,0
7.645990,-1,-1,-1,0,-2,0,-1,0,0
7.658235,-1,0,0,1,-1,-1,-1,-1,0
7.658253,0,0,-2,-2,-1,-1,-1,-2,0
7.659909,-2,-1,0,-1,-1,-2,0,-1,0
7.659915,-1,-1,-1,-2,0,-1,-1,0,0
7.681873,-2,0,0,-2,0,-1,0,0,0
7.681878,-1,0,-1,-1,-1,-2,0,1,0
7.682304,-1,-1,-1,-2,-1,-1,-2,0,0
7.682310,0,0,0,0,-1,0,-1,-1,0
7.703281,0,-3,-2,-2,-2,-3,-3,-1,0
7.703304,1,-1,-2,-1,-1,-1,0,-1,0
7.704828,1,-1,-1,-3,-1,-1,0,-1,0
7.704840,0,1,-2,1,-1,-1,0,0,0
7.718539,-1,0,-1,0,0,0,-1,1,0
7.718562,-2,-1,0,-1,-1,0,-1,-1,0
7.719757,-1,0,-2,-1,-1,-1,-1,0,0
7.719774,0,-2,-2,-1,-2,1,-1,-2,0
7.741184,-2,-1,-1,-2,0,-2,-3,-2,0
7.741207,-1,-2,0,-1,0,-2,-2,-1,0
7.742562,1,0,-4,-2,-2,0,-1,0,0
7.742565,-1,-1,-2,-2,-1,-2,-1,-1,0
7.763446,0,-2,-1,0,-3,-1,0,-1,0
7.763475,-2,0,-1,-1,-1,-2,-1,1,0
7.765004,-1,-1,2,-1,-1,-1,-2,0,0
7.765023,-2,-1,0,-2,-2,-1,0,0,0
7.778470,0,0,-1,-2,0,1,0,-1,0
7.778483,-2,-2,-1,-1,-1,0,0,-1,0
7.780232,-1,-2,0,-1,0,-2,-1,-1,0
7.780267,-1,-1,-1,0,2,-1,-1,0,0
7.800974,-1,-1,0,-2,0,-2,1,0,0
7.801005,1,-1,-3,0,-2,-1,-3,0,0
7.803053,-1,0,-1,0,0,-1,0,-1,0
7.803058,-3,-1,-2,-1,-2,-1,-2,0,0
7.823480,0,0,-3,-1,-1,-1,-3,-2,0
7.823486,-2,-1,0,1,-1,-1,-1,-2,0
7.824671,-1,-2,-2,-2,-1,0,-1,-1,0
7.824684,-2,0,0,0,0,-1,0,-1,0
7.839101,-1,-1,-1,-1,0,-1,-1,-1,0
7.839107,-1,0,1,-2,-2,-1,-2,1,0
7.844738,-1,-1,0,-2,-1,0,0,-2,0
7.844750,0,-1,1,0,-1,-1,-1,-2,0
7.860949,-2,-1,-3,-2,-1,0,-3,-1,0
7.860983,-1,-2,-2,-2,-2,0,-2,0,0
7.862588,-2,-1,-1,-1,-2,-1,-1,-1,0
7.862591,0,0,-1,-2,-1,0,-1,0,0
7.883332,0,-2,-1,-1,-2,0,0,0,0
7.883356,-1,0,-1,-1,1,-1,0,-2,0
7.886467,-1,-2,-1,-1,0,-2,-1,0,0
7.886472,-2,-2,-2,-1,-2,-1,0,-2,0
7.897862,-1,-1,-1,1,-1,0,0,-1,0
7.897891,-1,-1,-3,-2,0,0,-1,-2,0
7.904376,1,0,1,0,-2,-2,0,-1,0
7.904399,0,0,0,-1,0,-1,-1,-1,0
7.920190,-2,-1,1,-3,-3,1,-1,1,0
7.920218,0,-1,-1,-1,0,-2,-1,-1,0
7.921212,0,-1,-3,2,-1,0,-1,-1,0
7.921216,-4,-2,-1,-3,0,-2,-2,0,0
7.942571,-2,-2,0,-2,-1,-2,-1,-1,0
7.942588,0,-1,-1,0,-1,0,0,0,0
7.943790,-1,-1,-1,-2,-2,-1,-1,-2,0
7.943793,1,-1,-1,1,-2,0,0,-1,0
7.957333,-1,0,-1,0,-1,-3,0,-1,0
7.957355,-1,1,0,0,-2,0,-1,-1,0
7.965813,0,-2,-1,-2,0,-2,-1,0,0
7.965818,0,0,-1,-1,-1,-1,1,-1,0
7.982932,1,-1,1,-1,0,-2,1,-1,0
7.982938,2,-1,1,-1,1,-1,-2,-1,0
7.982939,-2,0,1,0,-1,0,-1,-1,0
7.982941,-2,-1,-2,-2,0,-1,-2,-2,0
8.002693,-1,0,-3,0,-1,-1,-1,-2,0
8.002715,-1,-1,-1,-2,-1,-1,-1,-1,0
8.003300,0,-1,-1,-1,-1,-1,-1,-2,0
8.003325,-2,0,1,-3,-2,-2,-2,-1,0
8.017301,-2,-1,0,-1,-1,-1,-2,-1,0
8.017403,-1,0,1,0,-3,0,-2,-1,0
8.024864,0,0,-2,-1,-1,0,-1,-1,0
8.024882,0,0,-1,2,-1,0,-1,0,0
8.040393,-2,1,-3,-2,-1,-3,-1,-1,0
8.040421,-2,-1,-1,-1,0,-1,0,-2,0
8.043344,-1,-1,0,0,-2,-1,-2,-1,0
8.043350,-1,0,-2,-1,-1,0,1,0,0
8.062637,1,-1,-1,0,0,-1,-1,-1,0
8.062650,-1,-1,-2,-1,0,-3,0,-1,0
8.063465,-2,-1,-1,-1,-1,-2,-1,-2,0
8.063566,-1,-2,0,-2,-2,0,0,0,0
8.077000,-1,-1,1,1,-2,0,-1,-1,0
8.077021,-1,0,-1,-1,-1,-2,-1,-3,0
8.084687,0,1,-1,-1,-1,-1,-1,-1,0
8.084720,1,0,-2,-1,-2,-2,-2,-1,0
8.100200,-3,-1,-1,-1,-1,-1,-1,-2,0
8.100234,-1,-2,-2,-1,-2,-2,-1,-1,0
8.102462,-2,-1,-2,-1,-2,0,-1,-2,0
8.102466,-4,-2,-2,0,-2,-1,1,0,0
8.122658,1,0,0,-3,-1,0,-1,-2,0
8.122671,-1,-1,-1,0,1,0,0,0,0
8.123298,0,-1,-1,-1,0,-1,-1,0,0
8.123415,-1,-1,1,-1,-2,0,0,-1,0
8.136922,-1,-2,0,-1,-2,0,-2,-1,0
8.136938,0,-1,-2,-3,-2,-2,0,-1,0
8.144535,-1,0,-1,-2,0,-2,-1,-1,0
8.144550,-2,-1,-1,-1,0,-1,-1,0,0
8.160254,0,-1,-1,-2,-1,0,-1,0,0
8.160275,0,1,-1,0,-2,0,1,-2,0
8.161884,-1,-2,-1,-1,0,-1,-2,0,0
8.161887,-1,1,-3,-3,-1,-2,-2,-2,0
8.184998,2,-1,0,0,0,-2,-2,-1,0
8.185006,-2,0,-2,-1,-1,-1,-1,-1,0
8.185008,-1,0,-1,-3,1,-2,-1,-1,0
8.185010,-1,-1,-1,-1,0,-2,-2,-2,0
8.197553,1,-1,0,-1,0,-1,0,-2,0
8.197593,-1,-3,0,-1,-1,-1,0,0,0
8.204521,-2,0,-1,0,-1,-1,-2,-1,0
8.204544,0,-1,0,-1,0,-2,-2,-1,0
8.220125,-2,-1,0,-2,-2,0,-2,-1,0
8.220150,0,1,0,0,0,-2,-1,-1,0
8.222354,-2,0,-1,0,-1,-1,0,-1,0
8.222357,0,-2,-1,-2,-4,-2,-1,-2,0
8.242725,-1,0,-3,0,-1,-3,-1,-2,0
8.242748,-2,-1,-3,-1,0,-1,-4,0,0
8.243949,-1,-1,1,-2,-1,1,0,0,0
8.243953,1,0,-2,0,-1,2,-2,-2,0
8.257214,0,-1,-1,0,-1,-1,-1,-1,0
8.258880,-2,-1,1,-1,-2,1,-1,0,0
8.264544,0,0,-1,-1,-2,-2,0,-2,0
8.264565,-1,-1,-1,0,-1,-1,-1,2,0
8.280570,-1,0,0,-2,-1,-1,0,-1,0
8.280599,0,-2,0,-1,-2,0,-1,-2,0
8.282983,-1,-1,1,-2,-1,2,-1,-1,0
8.282989,-3,-1,-1,-2,0,-1,-1,-2,0
8.302560,-1,1,-1,0,0,-2,-1,-1,0
8.302579,-1,0,-2,0,0,-2,-1,-1,0
8.303987,-2,1,-1,0,-2,-2,0,-1,0
8.303990,-1,-1,0,0,0,-2,0,-2,0
8.317486,0,-1,-2,-2,0,1,-1,0,0
8.317527,0,-1,-1,-1,0,1,0,0,0
8.324446,0,-3,-2,-2,0,-2,-1,0,0
8.325936,-2,-2,-2,0,-1,-1,-1,-2,0
8.341813,-1,0,-2,0,-1,-1,-1,-1,0
8.341819,-1,-1,-1,-2,-1,-2,-1,-1,0
8.341820,-1,-1,-1,0,-3,-3,-1,0,0
8.341822,0,0,0,1,-1,-1,-1,0,0
8.362907,0,-1,-1,-1,-1,-2,0,-1,0
8.365616,0,-1,-1,1,-1,-2,-3,-3,0
8.365622,0,-1,-1,0,-1,0,0,-1,0
8.365624,-1,-2,-2,-1,-1,0,-2,0,0
8.377247,-2,-2,-1,1,0,-1,-2,0,0
8.377277,-2,-1,-1,0,-1,0,0,-1,0
8.384756,-2,-3,0,0,-1,-1,-2,-1,0
8.384784,0,-1,-1,0,-1,0,0,-1,0
8.400537,-1,-2,0,-2,0,1,0,-1,0
8.400575,0,-2,-2,-1,-1,-3,0,-1,0
8.402856,0,0,-3,-1,-2,0,-1,-1,0
8.402868,-2,0,-2,-2,0,-2,-1,0,0
8.422633,0,0,-2,-1,-1,-1,1,-1,0
8.422654,-2,0,0,-2,-1,-2,-3,-2,0
8.423447,0,-2,-2,0,-1,-1,-1,-2,0
8.423468,0,-1,0,-1,-2,-1,-1,-2,0
8.436882,-1,-2,-1,-1,-2,-2,-2,-1,0
8.436906,-1,-1,-1,-2,1,-2,0,-2,0
8.444511,-1,-1,1,-1,-2,0,0,0,0
8.444534,-3,0,-2,1,-2,-1,-2,1,0
8.460187,0,0,-1,-1,-3,-1,-1,-2,0
8.460210,-1,-1,0,0,-3,-1,-1,0,0
8.461182,-1,-1,-1,-2,-2,-2,-1,-1,0
8.461185,-1,-1,0,0,0,-2,-1,-1,0
8.483858,0,-2,-2,-2,0,-1,-2,1,0
8.483864,-3,-1,-1,-2,-1,-1,-1,-1,0
8.483866,0,-1,-2,-1,0,-2,-1,0,0
8.483868,1,-1,0,-1,-2,-1,0,-2,0
8.499145,-3,-1,-1,0,-1,-2,-1,-2,0
8.499151,-2,-1,-1,-1,0,0,-1,0,0
8.504474,-2,-1,0,0,-1,-1,-2,0,0
8.504498,-1,-2,0,-2,-3,-1,0,-1,0
8.520086,-1,0,-1,0,-2,0,-1,-2,0
8.520171,0,-1,-1,-2,-2,-1,0,0,0
8.522407,-2,0,-2,1,0,0,-1,1,0
8.522412,1,0,-2,-1,0,0,-1,0,0
8.544841,-1,-2,-1,0,-1,-1,0,-2,0
8.544845,0,0,-3,0,1,0,0,-1,0
8.544846,0,0,-1,0,-1,0,-2,-2,0
8.544848,0,-2,-1,-1,-1,-2,-1,-1,0
8.557020,-1,0,-2,-2,-1,-1,0,-1,0
8.557041,0,0,-1,0,-3,1,1,-1,0
8.564619,0,0,-2,-1,1,0,-1,-1,0
8.567108,-1,0,-1,-1,-1,-1,-1,-1,0
8.580562,-1,-1,1,-1,-3,0,-1,1,0
8.580588,-2,-1,0,-1,-2,-1,-3,-2,0
8.582612,0,-1,0,-2,1,0,-1,-2,0
8.582619,-1,-1,-1,-2,-1,-1,-1,-2,0
8.602567,1,-1,-2,0,0,-1,-2,-1,0
8.602590,-1,-2,-1,0,1,-1,0,0,0
8.604053,-3,-1,-3,-1,-2,-1,0,-1,0
8.604057,0,-1,-2,-2,-2,-2,0,-2,0
8.625591,-1,-1,-1,-1,-2,-1,-1,0,0
8.625610,0,0,-3,-1,-2,-2,0,-1,0
8.627448,0,-1,0,-1,-2,0,0,-1,0
8.627455,-1,-1,-1,-2,0,0,0,0,0
8.640326,0,0,-2,-2,0,-2,-1,-1,0
8.642321,1,-1,-1,0,0,-1,-2,-1,0
8.642326,-3,-1,-2,-1,0,-2,0,-2,0
8.642328,-2,0,-1,0,-1,-1,0,0,0
8.662984,-1,-1,-2,-1,0,-2,0,-2,0
8.663011,-1,-2,-2,0,1,-3,-1,1,0
8.665331,1,0,0,-1,0,0,-2,0,0
8.665337,-1,-1,-2,2,0,1,-1,0,0
8.685407,0,-1,-2,0,1,0,-1,-1,0
8.685433,-1,-1,0,-1,0,-1,-2,-1,0
8.685692,0,-1,-1,-1,-2,0,-1,-1,0
8.685699,0,-1,0,-1,0,-2,-2,0,0
8.700531,0,0,-1,-1,0,-1,0,-1,0
8.700536,-2,-1,-2,-2,-2,-1,0,-2,0
8.700831,-1,-1,0,-1,-3,-1,-1,-3,0
8.700869,-1,0,-1,1,-1,-1,0,0,0
8.722499,-2,-1,0,-1,-1,-1,-1,-2,0
8.722520,-1,0,-1,-2,-2,-1,0,-1,0
8.732603,0,-2,-2,0,0,-1,-1,-1,0
8.732607,-1,0,-1,-2,-1,-1,-1,-1,0
8.745219,0,0,1,0,-1,-2,0,0,0
8.745242,0,0,-1,-2,0,-1,0,-1,0
8.747115,0,-1,-2,-1,-2,0,0,0,0
8.747126,-1,-2,-3,-1,0,-1,-3,-1,0
8.760480,-4,-1,-1,0,-3,0,-1,-1,0
8.760519,-1,0,-1,1,-1,-3,-2,-2,0
8.762803,-1,-1,0,-1,-1,-2,0,0,0
8.762809,-1,0,0,-1,-2,-2,-1,0,0
8.783052,-1,-2,1,-2,-2,-1,0,0,0
8.783091,-2,-1,-2,0,-1,1,0,0,0
8.784927,-1,-1,0,-1,1,-1,-1,-2,0
8.784932,-1,1,-3,-1,-2,0,-1,-2,0
8.805428,0,0,-2,-2,-1,0,-3,-1,0
8.805451,0,1,-1,0,0,-2,-1,0,0
8.807955,0,0,-1,-3,0,-1,0,-3,0
8.807959,0,-1,1,0,0,-1,-3,-2,0
8.820217,-1,-1,-1,-1,-1,0,0,-2,0
8.820245,-1,-1,-1,-2,-1,-1,-1,-1,0
8.822812,-2,1,-1,1,0,-1,0,1,0
8.822818,-1,-1,-3,-1,-1,-1,0,0,0
8.842490,0,-1,-2,1,-2,0,-2,-2,0
8.842505,-2,-3,-2,-1,-1,0,-1,-2,0
8.843295,-1,-1,-1,-1,0,-2,1,-2,0
8.843385,0,-2,0,-2,-1,-1,-1,0,0
8.865161,-1,-1,-2,-1,0,-2,0,-2,0
8.865177,-1,0,0,-1,-1,1,0,0,0
8.866365,-1,-1,-2,-1,-2,0,-3,0,0
8.866369,0,-1,-1,-1,0,-2,0,-2,0
8.880328,0,-1,-1,-1,-1,-2,-2,-1,0
8.883133,-2,-2,-1,-1,1,0,-1,-2,0
8.883139,-1,-1,-1,-1,-1,-1,-2,-1,0
8.883141,-3,-1,0,-1,-2,-1,-1,-1,0
8.903724,-3,-2,0,-3,0,-1,1,-1,0
8.903730,1,-2,-2,1,-1,-2,1,0,0
8.903732,-2,-1,-1,-3,-1,-1,0,0,0
8.903733,0,-1,-1,1,-1,-1,-1,-1,0
8.925123,0,0,-3,-1,0,-2,-2,-1,0
8.925144,0,0,-1,-1,0,0,-3,-2,0
8.927570,0,-2,-3,-2,1,-1,-1,0,0
8.927575,-2,-2,0,0,-1,0,-2,-1,0
8.940441,-1,0,-1,-1,0,-2,-2,0,0
8.942727,-1,-1,-1,0,-3,-1,-1,0,0
8.942732,-2,-4,-2,-1,0,-1,3,-1,0
8.942734,0,2,2,-3,-3,-4,-2,-2,0
8.962843,-1,1,0,0,-2,-2,-1,-1,0
8.962873,1,-1,-2,-3,-1,-1,-1,0,0
8.965433,-1,-2,-2,-1,-1,-1,0,-1,0
8.965438,-2,-1,0,1,-2,1,-1,-1,0
8.985442,-1,-1,-1,0,1,0,-1,-2,0
8.985469,-1,0,-1,-1,1,-1,-1,-2,0
8.986040,-2,-1,-2,0,-1,-1,-2,-2,0
8.986082,-1,-1,-1,-1,0,0,-1,0,0
8.999947,-2,-2,-1,-1,-4,0,-1,0,0
8.999987,-3,-3,0,-1,-2,0,0,0,0
9.007751,0,1,0,-2,-1,-3,-3,-1,0
9.007775,0,-1,-1,-1,0,0,-1,-1,0
9.023008,-1,-1,-1,-1,-1,0,0,-1,0
9.023167,1,0,-1,-1,-1,0,0,-1,0
9.026295,-1,0,1,-1,-1,-2,0,0,0
9.026308,1,-1,-2,-2,-2,-1,0,-1,0
9.045269,0,-2,-4,-2,-1,-1,-1,-1,0
9.045283,0,-3,-1,0,-1,-1,0,0,0
9.045782,0,0,-2,0,-1,-1,-1,-1,0
9.045909,0,0,0,-1,-1,0,-1,0,0
9.060031,-1,1,0,-1,0,-1,0,-3,0
9.060053,-3,-1,-1,-1,-1,-1,-1,0,0
9.061033,-1,-1,-1,-2,0,0,0,-2,0
9.061037,0,-1,-1,-1,0,-2,-1,-1,0
9.082635,-1,-1,-1,-1,0,-2,0,0,0
9.082656,0,0,-1,0,0,-3,-3,-1,0
9.084976,-1,-1,-2,-2,-2,0,0,-3,0
9.084981,-2,-1,-2,-3,-1,-2,-1,-1,0
9.105617,0,0,1,0,1,0,-3,-1,0
9.105625,-2,0,-1,-2,-2,0,0,-1,0
9.105629,0,-1,0,-1,-1,-1,-3,1,0
9.105695,-2,-2,-1,-1,0,0,1,-1,0
9.120162,-1,-2,-1,-2,-1,-1,-2,-1,0
9.120178,1,-2,0,-2,0,-1,0,-1,0
9.121343,-2,1,-1,-2,-1,0,-1,0,0
9.121347,-2,-1,0,-2,-1,-1,-1,0,0
9.142593,-1,-2,-1,0,-1,-2,0,-1,0
9.142611,0,1,0,-2,-1,-2,-2,-1,0
9.143525,0,-1,-1,0,-1,-1,-1,0,0
9.143529,1,-1,-3,-1,0,1,-2,-1,0
9.165337,0,-1,-1,-1,-1,0,-1,-1,0
9.165354,-2,-1,0,-1,0,-1,-2,-2,0
9.167152,-1,-1,1,0,-1,-3,-1,-2,0
9.167162,-2,-1,-2,1,-1,0,-2,-1,0
9.179945,-1,-2,-2,-2,-1,-1,-2,-1,0
9.179973,-1,-1,-1,-1,-3,1,-1,0,0
9.187598,-4,-1,0,-2,1,-2,-1,1,0
9.187620,-1,-1,-1,0,-2,-2,-2,0,0
9.202919,-1,0,-1,0,-1,-1,0,-1,0
9.202945,-1,0,-1,0,0,-2,-1,-1,0
9.203283,0,0,-3,0,-2,-1,0,-2,0
9.203289,0,-2,-1,-1,1,-1,-1,-2,0
9.225171,-1,-1,-1,-2,0,-1,-1,-2,0
9.225194,0,-1,-3,0,-2,-1,-1,0,0
9.226254,0,-1,0,-1,1,0,0,-1,0
9.226262,-1,-1,-1,-1,-1,-1,1,1,0
9.239709,-2,0,-1,-1,-1,0,1,0,0
9.239738,-2,-3,1,-2,-3,-2,0,-2,0
9.247675,-1,0,-2,-2,-2,-1,-2,-2,0
9.247705,-1,-1,-1,-1,-3,-1,-1,0,0
9.262669,0,0,-1,-1,0,-3,-1,1,0
9.262682,-1,1,-2,-2,0,-1,-1,-1,0
9.263383,0,-1,-2,0,-2,-1,0,-1,0
9.263409,-1,-1,1,-1,0,-1,0,-1,0
9.285395,0,0,-2,-2,0,0,-2,-1,0
9.285414,0,0,-2,-1,1,-2,-1,0,0
9.287931,-2,-1,-1,0,-1,0,-1,-3,0
9.287937,-2,-1,-1,-2,0,0,-3,-1,0
9.299729,-2,-2,0,0,-2,0,0,-2,0
9.299759,0,-1,-1,-1,-1,-1,-1,-2,0
9.307843,-1,-1,-2,0,-1,-1,0,1,0
9.310357,-1,-2,0,0,1,-2,-1,-1,0
9.322534,-2,-1,0,-1,-2,-1,-3,0,0
9.322549,-1,0,-1,-2,-1,-1,-1,-1,0
9.323383,-3,-2,-1,-1,0,1,-1,-2,0
9.323456,-1,0,-2,0,-1,-2,0,-2,0
9.345210,0,-2,-1,-2,0,-1,0,-1,0
9.345765,-2,-1,1,-1,-1,-1,1,0,0
9.348007,-2,0,1,-1,-1,-1,-2,1,0
9.348011,-1,-2,-1,-2,-1,-2,0,-2,0
9.359469,-3,-2,-1,-1,-1,0,-2,-2,0
9.359496,-1,0,-2,-2,-2,-2,-3,0,0
9.368068,-1,-1,0,-1,0,-1,-1,-1,0
9.368106,-1,-2,0,0,-2,0,-1,-3,0
9.383985,0,0,-2,-1,-1,-1,0,-1,0
9.383991,-2,-2,-1,-1,0,0,-1,-1,0
9.383992,1,-3,-1,1,0,-2,1,-1,0
9.383994,0,-1,-1,0,-3,0,-1,0,0
9.405259,0,0,0,-2,-1,-3,0,-2,0
9.405280,-1,-1,-1,1,0,2,-1,-2,0
9.407566,-1,2,-1,-1,-1,-3,-1,0,0
9.407570,-2,-2,-1,-1,-2,-2,-1,-2,0
9.419511,0,0,-2,0,-2,-1,-1,0,0
9.419535,-1,0,-1,-2,-1,-2,2,-2,0
9.427942,0,-2,-2,0,-1,-1,-1,-1,0
9.427960,1,1,0,-1,0,-2,-1,0,0
9.442557,-1,0,-1,-2,0,-1,0,0,0
9.442579,-1,-2,-4,-1,-3,1,-2,-1,0
9.443677,-2,0,0,0,0,-1,0,-3,0
9.443682,-1,-1,0,-3,-1,-1,-1,-2,0
9.465138,-1,-1,-1,-1,0,0,0,-1,0
9.465164,-1,0,1,-1,-1,-3,-2,0,0
9.465795,-2,-1,-1,-2,0,0,-1,-2,0
9.468392,-1,-1,-1,-1,-1,0,-2,0,0
9.479473,-2,-1,-2,-2,0,-1,-1,-1,0
9.479496,-1,1,-2,0,1,-1,0,-2,0
9.487784,0,-2,-1,-1,-2,1,-1,1,0
9.487806,-1,-2,-1,0,0,0,0,-1,0
9.502624,0,1,-1,-1,-2,-1,-1,-1,0
9.502652,0,-2,-1,-1,1,-2,0,0,0
9.504837,-1,-2,-2,-1,-1,-1,-1,-1,0
9.504841,-2,-2,-2,-1,-2,-1,1,-1,0
9.525102,-1,-2,-1,0,-1,0,0,-1,0
9.525174,-2,-1,-3,-1,-3,-1,-2,-1,0
9.525789,-2,0,-1,-1,-1,-1,0,-1,0
9.525860,0,-1,0,-2,-2,-2,-1,1,0
9.548262,-1,0,-2,-1,0,-1,-1,-1,0
9.548282,0,-1,1,1,0,-1,-1,0,0
9.549507,-1,-2,-1,-3,0,-1,-2,-1,0
9.549513,-2,0,-2,-1,0,-2,-1,-2,0
9.562828,0,-1,-1,-1,-2,-2,-1,0,0
9.562857,-1,-1,-1,-2,0,-1,-1,-1,0
9.565606,0,0,-1,-2,-1,0,-1,-1,0
9.565612,1,-1,-1,0,1,1,0,-1,0
9.587436,0,1,-2,-1,-1,0,-1,-1,0
9.587442,-1,-2,-2,0,-1,-1,-1,0,0
9.587443,-1,-1,-3,0,-1,-2,-1,-1,0
9.587445,-1,0,-1,-1,-1,0,-2,-1,0
9.608363,-1,-2,0,-2,-1,0,-1,0,0
9.608385,-2,-2,1,-2,-1,-1,-1,-1,0
9.610577,-1,0,-1,0,-1,-2,1,-1,0
9.610584,-1,1,0,0,-1,-1,0,0,0
9.622660,-2,0,-1,0,0,0,-1,0,0
9.622680,0,0,-1,-1,-2,-1,-1,0,0
9.623346,-1,1,-1,0,0,-2,0,-1,0
9.623363,-2,-3,-1,0,0,0,-1,-1,0
9.645074,-2,-2,0,0,-2,1,-3,0,0
9.645096,-3,0,-2,-2,-1,1,0,-1,0
9.646954,-1,-1,-1,-2,-1,0,-1,1,0
9.646966,-2,0,-1,-1,-2,0,-1,-2,0
9.668738,-1,-1,-2,-1,0,-2,-2,-1,0
9.668782,-1,0,0,0,0,0,-1,-1,0
9.669218,-1,-1,0,0,-2,0,-1,0,0
9.669233,1,0,-1,-1,0,0,-1,1,0
9.682658,0,-2,-1,-1,0,-1,-1,-2,0
9.682666,1,-1,0,0,1,-2,0,-1,0
9.683298,0,-1,-1,-2,-1,0,-3,-2,0
9.683307,0,-1,-2,-2,-2,-2,-1,0,0
9.705238,-3,-1,0,-1,-2,-1,-2,-1,0
9.705259,-2,-2,-1,-1,0,-1,-1,-1,0
9.707036,-3,-1,-1,-1,-1,-1,-1,-2,0
9.707045,-1,-1,0,1,-2,0,-1,-1,0
9.728619,0,-1,0,0,-1,-1,-1,-1,0
9.728624,-1,-1,-2,-1,-2,0,-1,-2,0
9.728625,0,-1,-2,0,-2,-2,-1,-1,0
9.728627,-1,0,-1,-1,0,-1,-2,-1,0
9.745231,-1,-3,-2,0,-1,-3,-1,-1,0
9.745237,-1,-1,0,-3,0,-2,-2,-1,0
9.745238,0,-2,-2,0,-1,-1,-1,-2,0
9.745240,-2,0,0,-2,-2,-2,-2,-2,0
9.765166,0,0,0,-1,-1,-1,-2,-2,0
9.765190,0,-2,-1,-3,-2,-1,0,-1,0
9.766336,-2,-3,-1,-3,-1,-2,0,-1,0
9.766341,-1,-2,-2,-1,-2,-1,0,-1,0
9.791149,-1,-1,-1,-1,-1,-2,0,0,0
9.791160,-1,0,-3,0,-1,-1,-2,0,0
9.791164,-3,-2,-1,0,-1,-1,-1,-1,0
9.791167,-2,-1,-2,0,0,-2,-2,0,0
9.802724,-3,-1,-1,-1,-1,-1,0,-1,0
9.802747,0,-1,0,-1,-1,-1,-2,0,0
9.805047,0,0,-1,-1,0,-1,0,1,0
9.805058,0,-3,0,-1,-1,-3,1,-1,0
9.825335,-2,1,0,-2,0,0,0,1,0
9.825355,-1,0,-1,-1,-1,-2,-1,-2,0
9.825934,-1,0,0,0,-1,0,0,1,0
9.825956,-2,0,-3,-2,-1,-1,0,-1,0
9.847601,-1,-1,-2,-1,0,-3,-3,-1,0
9.847634,-1,-1,-3,0,-1,-1,-2,-2,0
9.855028,0,-2,-1,0,0,-1,-1,0,0
9.855043,-1,-1,0,-2,-2,-2,-1,-1,0
9.862933,0,-1,-1,-2,-1,0,-1,-2,0
9.862966,-3,-2,-1,-1,-3,0,-1,-1,0
9.865074,1,-1,-1,0,0,-1,-1,-1,0
9.865082,-1,-1,0,0,-1,0,-1,0,0
9.886864,-1,0,-1,0,-1,0,0,0,0
9.886872,-1,-2,0,-1,1,-1,0,0,0
9.886874,-1,-1,-1,-2,-2,-2,-1,-1,0
9.886876,-1,1,-2,0,0,0,0,-2,0
9.908847,-1,-1,-2,-1,-1,-1,0,-1,0
9.908871,0,1,-1,0,0,-2,0,-2,0
9.910591,-2,-2,0,0,-2,-2,-2,-1,0
9.910595,0,-1,-1,-1,0,-2,-1,-1,0
9.922830,0,-2,-1,0,0,-1,-1,-1,0
9.922941,-1,-1,-2,-1,0,-1,-1,-1,0
9.925525,-1,0,-2,-3,0,0,-1,-2,0
9.925531,0,-2,-2,-3,-1,0,-1,-1,0
9.945235,-3,-1,-2,-1,-1,-1,-1,0,0
9.945255,-1,-2,0,-2,-1,-1,-1,0,0
9.946905,-1,-1,-2,-1,-1,-1,-2,-2,0
9.946927,0,0,0,-2,-1,0,-3,1,0
9.968459,-2,-1,1,-1,-1,-1,0,-2,0
9.968479,-2,-1,-2,-2,0,0,0,0,0
9.969034,-2,0,-2,-2,0,0,-1,0,0
9.969048,-1,0,0,0,-2,-1,0,0,0
9.982801,0,-1,-2,-1,1,-1,-1,-1,0
9.982841,-1,-2,0,-1,0,-1,-1,-1,0
9.984729,-1,0,-2,-1,-1,-2,-1,-1,0
9.984734,-2,-2,-1,0,-1,-2,-1,-1,0
10.005570,-2,-2,-1,-1,-1,0,-2,0,0
10.005593,-1,-2,0,0,-2,0,-2,-1,0
10.007215,-1,-2,-1,0,0,-2,0,-2,0
10.007219,0,0,-1,-1,0,0,-1,-1,0
12.030833,-78,-81,-21,-5,-2,0,2,-11,4
12.031143,-70,-57,-14,-8,-4,-6,-26,-47,4
12.032342,61,38,3,-4,-4,-4,2,-8,4
12.032374,-88,-75,-2,-6,-4,-3,-4,3,4
12.060666,77,-25,-34,-7,-1,-1,1,18,4
12.060676,8,29,-11,-17,-12,-11,-19,-93,4
12.062141,90,-10,32,10,1,2,4,87,4
12.062155,9,27,-10,5,5,6,18,31,4
12.067513,47,-60,-37,-12,-7,-9,-19,-38,4
12.067532,12,76,3,0,0,-3,4,33,4
12.076242,-18,68,10,1,1,1,3,-35,4
12.076247,-119,-99,-37,-12,-7,-3,-8,-28,4
12.090756,-14,42,38,22,11,12,9,51,4
12.090782,50,15,-32,-14,-6,-5,-4,-60,4
12.092338,-42,-42,-18,-7,-5,-4,0,-82,4
12.092355,49,-47,1,-3,0,0,-11,50,4
12.113459,-18,-14,4,2,-2,-4,-5,38,4
12.115253,-49,-96,16,3,-2,0,9,-19,4
12.115260,-25,74,18,0,2,3,-1,24,4
12.115262,2,-95,3,4,-1,-4,-4,-56,4
12.127107,-5,35,-7,-11,-5,-5,-9,-9,4
12.127138,-63,16,13,10,4,4,2,12,4
12.138074,-15,-126,-25,-7,-4,-4,1,20,4
12.138080,54,98,2,0,0,1,-9,15,4
12.152852,-15,61,9,3,0,0,19,-66,4
12.152859,-39,-19,5,6,5,2,-4,2,4
12.152862,6,26,-8,-14,-5,-1,5,-28,4
12.152863,-17,-82,-19,-9,-6,-4,-4,-35,4
12.173486,76,74,5,9,5,2,-8,88,4
12.173509,57,5,-10,-9,-3,0,21,54,4
12.174996,79,10,0,6,2,2,-10,-30,4
12.175018,3,95,-7,2,1,-3,-1,-41,4
12.186834,-75,65,-9,-5,-2,-2,-7,-85,4
12.186850,56,15,44,13,9,9,7,42,4
12.197431,-4,-44,-10,-7,-7,-7,-14,-5,4
12.197444,79,13,11,8,0,0,5,18,4
12.211351,121,-124,-47,-20,-12,-9,-1,49,4
12.211463,35,60,5,-7,-1,-2,-21,-51,4
12.214165,74,-9,-23,17,8,7,16,65,4
12.214175,81,70,-2,-5,-4,-6,-9,3,4
12.233301,-57,9,7,0,-1,-3,-1,-38,4
12.233324,-46,-128,-3,0,-1,-2,-1,0,4
12.235119,98,122,0,-9,-5,-5,-4,-28,4
12.235149,12,-67,-8,-3,1,3,12,44,4
12.246943,-53,31,4,4,3,1,-7,50,4
12.246967,55,65,-25,0,-2,1,9,47,4
12.257166,-78,-16,13,-5,-2,-4,-10,-44,4
12.257171,-15,-21,3,-5,-3,-1,-6,37,4
12.270841,-3,-30,-5,0,0,-1,3,48,4
12.270867,16,13,16,3,0,-1,-6,-34,4
12.273240,-13,49,-9,8,3,7,17,20,4
12.273246,32,-73,-20,-21,-13,-13,-24,-97,4
12.294682,-14,48,0,6,4,7,19,51,4
12.294694,-30,18,5,-1,-4,-5,0,22,4
12.295015,-39,-21,-11,-3,3,5,9,19,4
12.295081,43,62,12,-5,-2,-2,4,18,4
12.309655,58,10,5,6,3,4,-9,-43,4
12.309662,50,-60,-17,0,1,0,-2,-36,4
12.317948,-75,-75,13,-11,-7,-9,-10,21,4
12.317957,-57,59,7,12,8,5,2,7,4
12.340427,33,-24,-1,2,-1,-3,-2,1,4
12.340441,-27,15,-9,-1,-2,-1,1,-72,4
12.340446,19,11,8,-1,-1,-2,-8,23,4
12.340450,51,-6,-29,-3,-2,1,6,-18,4
12.353370,70,-56,44,17,8,9,29,34,4
12.353394,-94,-40,-10,-8,-4,-5,-32,-80,4
12.355734,-2,15,-2,-3,-2,-3,0,-49,4
12.355739,-72,19,-6,-5,-1,1,11,0,4
12.367358,-56,112,1,3,1,1,-9,-58,4
12.367380,-60,-85,-18,-5,-3,-6,-12,34,4
12.377504,110,-21,-19,-8,-3,-2,2,80,4
12.377509,-19,1,25,6,3,0,-4,-16,4
12.391085,87,2,-4,-9,-6,-2,4,15,4
12.391103,-59,-44,-17,-6,-1,3,14,58,4
12.392221,55,-15,-8,5,0,-3,-12,-47,4
12.392229,48,14,7,2,-2,-1,8,20,4
12.413487,-102,-34,13,0,0,0,-11,-55,4
12.413514,16,26,22,3,-2,-1,-3,-29,4
12.415262,-57,-25,-8,-2,-2,-4,-4,56,4
12.415267,96,-28,2,2,4,6,18,36,4
12.436095,-46,32,-7,-11,-6,-8,-18,-63,4
12.436124,50,61,-29,-9,-6,-7,-5,33,4
12.437327,-45,-41,-5,-5,0,1,13,17,4
12.437371,-49,6,29,9,4,4,-9,8,4
12.451232,15,-57,-19,-8,-4,-7,-16,7,4
12.451270,-42,91,41,6,1,0,15,36,4
12.452435,35,22,21,11,6,6,2,-38,4
12.452462,-5,-37,-9,-11,-6,-4,-4,52,4
12.473491,84,35,18,3,0,-1,-6,-30,4
12.473521,55,-60,-20,-2,0,0,5,58,4
12.476336,-38,60,8,-4,-4,-5,-4,-22,4
12.476340,-17,-7,-11,2,1,-3,0,-34,4
12.495663,41,116,4,7,6,7,8,-2,4
12.495670,70,-67,-20,-12,-6,-4,2,47,4
12.497431,-62,-3,-20,-8,-1,-2,-6,16,4
12.497458,22,67,7,-2,1,-1,-11,-41,4
12.511507,53,2,22,-2,0,-2,6,82,4
12.511512,-15,66,4,9,2,2,-9,-103,4
12.512125,77,-80,-38,-7,-2,3,13,90,4
12.512138,-42,3,20,4,0,-1,-4,-51,4
12.533670,-26,-56,-16,-7,-4,-7,-19,-57,4
12.533797,-18,-47,2,0,-2,-3,-1,17,4
12.535469,55,105,38,8,3,-1,-10,-98,4
12.535475,63,20,-12,1,-1,0,3,46,4
12.556027,-65,-27,-6,1,-1,1,15,81,4
12.556057,12,-83,-5,-2,-4,-3,0,45,4
12.557986,-18,20,9,6,1,1,6,30,4
12.557991,54,35,29,-1,1,0,-17,6,4
12.570033,-31,-10,4,-3,-4,-3,20,-1,4
12.570058,56,51,-10,3,3,5,-18,-18,4
12.577042,12,-18,10,-2,-1,-4,-1,-18,4
12.577065,30,95,20,7,0,2,13,117,4
12.593200,-34,-78,-76,-16,-7,-6,-15,-27,4
12.593213,9,70,12,13,4,4,5,-5,4
12.594675,50,60,-5,-5,-3,-3,-10,-48,4
12.594681,-32,-26,-21,-3,-2,-3,2,-17,4
12.616353,-44,-63,-10,-4,-5,-5,-8,-13,4
12.616382,-27,25,14,-4,1,1,12,-16,4
12.618537,58,-19,-14,0,-1,-1,-2,-21,4
12.618544,-49,-21,5,-7,-8,-10,-17,-28,4
12.630613,66,-56,-10,9,4,2,5,-38,4
12.632259,-30,80,-9,-10,-3,-7,-16,-52,4
12.636935,52,29,28,2,0,-1,5,33,4
12.636961,13,19,-11,1,3,3,7,71,4
12.654497,42,-14,24,9,4,5,-2,-39,4
12.654504,22,-76,-18,-11,-7,-6,-4,27,4
12.654745,66,34,-14,2,1,3,8,-17,4
12.654751,13,-6,-13,-13,-9,-10,-19,-46,4
12.676016,6,-2,2,-5,-4,-4,-13,26,4
12.676039,-81,-54,5,3,4,3,13,-2,4
12.678740,70,115,33,10,1,-3,-31,-13,4
12.678745,-85,-109,-21,-1,0,-1,14,-42,4
12.690190,59,-47,-28,-3,0,1,-1,68,4
12.690226,66,-21,24,-3,-2,-1,6,5,4
12.697183,-51,-101,-14,-5,-3,1,5,-12,4
12.697206,73,121,16,6,3,4,11,48,4
12.713268,-49,-33,-26,-6,-2,-2,-2,-31,4
12.713298,96,61,52,7,1,-1,-5,22,4
12.714837,-40,2,-18,-2,0,0,1,107,4
12.714852,60,-116,-24,-7,-2,-1,-7,-4,4
12.735846,90,66,22,0,1,0,5,4,4
12.735864,69,-17,-10,3,2,-1,-4,-19,4
12.737274,61,-10,-11,-3,-2,-2,-3,-6,4
12.737289,-110,-6,-3,-1,-2,0,1,-29,4
12.750280,45,-16,7,-1,-2,-1,8,37,4
12.750302,124,24,-31,-8,-4,-3,-6,-7,4
12.757105,-37,-1,-28,-8,-4,-4,-5,-76,4
12.757127,31,16,7,7,2,2,3,-73,4
12.773563,79,81,-12,-4,-3,-3,0,50,4
12.773579,18,-25,-15,3,0,-3,6,17,4
12.775914,98,-37,-13,-6,-1,1,-7,39,4
12.775920,-25,-98,-7,-6,-5,-5,-2,-6,4
12.795619,35,66,39,10,3,2,13,-12,4
12.795626,-43,90,-19,-6,-6,-4,-15,-67,4
12.797419,-85,-71,-14,-7,-3,-1,-3,21,4
12.797439,9,16,19,8,1,0,-4,5,4
12.811324,-77,55,15,-1,-4,-3,-7,29,4
12.811330,-105,48,-14,-9,-4,-2,9,19,4
12.817326,57,-43,7,4,0,-1,-4,-74,4
12.817357,-65,24,4,-11,-4,-1,-5,-8,4
12.833577,-88,-65,-11,1,2,2,5,4,4
12.833612,-51,-23,9,1,1,3,-5,-17,4
12.835547,-3,47,27,6,2,1,5,-15,4
12.835551,-66,65,3,-3,-4,-4,-7,4,4
12.857620,11,-45,1,0,0,-1,-2,-2,4
12.857627,24,4,2,-4,-1,0,1,0,4
12.857629,-68,-48,1,2,-1,-2,-4,-45,4
12.857631,27,1,-13,2,1,1,4,21,4
12.870165,-67,81,2,-2,-1,-2,0,-50,4
12.870189,11,-2,-5,3,2,2,8,27,4
12.877852,-18,50,-1,-7,-3,-6,-1,56,4
12.877879,83,20,-9,-3,-1,0,1,-12,4
12.894196,-62,-15,7,-2,-1,-3,-5,6,4
12.894222,3,45,10,2,1,-2,1,17,4
12.896307,48,13,5,5,2,2,2,-75,4
12.896313,97,63,45,-2,-2,-1,18,77,4
12.915831,112,-47,-23,-1,-1,-2,-30,-87,4
12.915860,45,29,7,6,3,3,9,29,4
12.918372,-32,10,14,1,-2,-2,10,117,4
12.918387,9,-34,-9,1,3,2,-23,-39,4
12.929930,-17,2,4,3,-1,-3,5,5,4
12.929966,64,-89,-2,-5,0,-3,-2,26,4
12.938380,-47,27,5,1,-1,-3,-10,-107,4
12.938408,-78,-18,-21,-7,-3,-1,6,110,4
12.953228,48,-17,-9,-4,-5,-6,-21,-86,4
12.953301,-113,-45,-1,2,0,0,-3,11,4
12.954760,-44,-13,4,-4,1,0,5,75,4
12.954777,-23,-12,4,5,3,0,-4,9,4
12.975789,-6,-38,-12,-7,-3,0,10,46,4
12.975815,19,-20,36,2,-2,1,3,-60,4
12.977676,127,34,7,2,2,-1,-21,19,4
12.977681,-93,15,-21,0,-2,0,10,-36,4
12.989719,30,40,3,-1,-2,-1,-9,3,4
12.989746,6,97,5,-1,-1,-3,-2,56,4
12.998907,-94,-97,-61,-24,-13,-13,-12,-48,4
12.998915,28,-44,-28,-6,0,-2,-5,-30,4
13.015533,47,49,18,0,0,0,8,3,4
13.015542,-16,-2,6,3,-2,-1,-2,23,4
13.015545,99,62,10,15,6,5,5,26,4
13.015546,-59,-41,-16,-11,-3,-1,2,5,4
13.035882,70,8,10,4,1,2,5,-32,4
13.035979,-74,-54,-4,-1,-1,0,-3,-20,4
13.037433,52,-89,-7,-7,-1,-1,-1,5,4
13.039782,-11,52,28,3,-2,-2,1,25,4
13.049493,-14,51,11,2,-1,1,-3,47,4
13.049524,58,99,1,2,-1,-1,0,-25,4
13.059611,-55,-28,-17,-6,-3,-3,2,37,4
13.059621,41,-62,-10,-1,-1,-2,-3,-21,4
13.073443,8,-26,-11,-4,2,1,4,11,4
13.073460,12,43,13,11,11,1,-7,24,4
13.075833,14,-47,6,-1,18,3,7,-17,4
13.075839,-6,-122,-15,-1,-17,-2,7,4,4
13.096295,-39,45,-5,-8,-15,-5,-10,-37,4
13.096333,17,-63,-22,-25,-16,-2,-5,-42,4
13.098777,6,-7,17,27,6,5,8,55,4
13.098783,-24,-38,-5,0,22,-1,-7,-30,4
13.109331,102,38,-10,-2,3,-2,-6,-39,4
13.109356,80,31,16,-3,1,0,4,7,4
13.120042,82,-50,4,-8,-14,-6,-5,0,4
13.120055,42,77,17,6,-2,-2,-2,22,4
13.133593,-20,66,3,2,-3,-3,-2,22,4
13.133648,127,29,3,9,6,8,11,18,4
13.135576,-81,28,3,-11,-7,-5,-3,-9,4
13.135582,127,30,10,6,0,2,0,-31,4
13.155921,23,-55,18,1,9,6,11,28,4
13.155943,47,-2,6,4,-6,-6,-3,54,4
13.157598,-45,-18,-9,-7,-2,0,6,7,4
13.157625,-67,-71,-16,-5,7,2,1,24,4
13.169472,-72,-25,-17,-18,-23,-10,-17,-75,4
13.169491,-72,-99,-4,-2,10,-1,-3,-14,4
13.180050,-17,97,0,14,4,1,3,-28,4
13.180067,50,-49,53,4,-12,-2,-4,22,4
13.193235,96,42,-1,8,11,5,11,16,4
13.193252,103,10,-24,-13,-9,0,0,68,4
13.194702,78,-56,25,2,-3,1,-3,4,4
13.194708,46,14,-30,-7,5,-3,3,44,4
13.216155,-22,-25,19,6,2,-2,-7,-3,4
13.216162,-14,-4,-17,-5,-7,-9,-8,-26,4
13.217633,6,38,-5,-3,1,3,6,-4,4
13.217712,2,18,-11,1,-2,3,4,4,4
13.231521,34,-9,-6,-3,-3,-6,-11,-7,4
13.231531,14,110,27,-3,-9,-9,-15,-39,4
13.239916,1,-20,-9,-3,-2,-2,-2,-36,4
13.239928,-25,75,4,3,-3,-1,-10,-60,4
13.253205,28,-76,-8,1,6,5,20,61,4
13.253228,-109,67,8,1,5,2,-21,-59,4
13.254733,-18,-40,-44,-12,-7,-5,6,29,4
13.254747,-78,-69,-9,-9,-8,-11,-25,-105,4
13.275680,27,107,24,6,4,2,5,67,4
13.275696,-58,-79,-12,-1,-1,-1,7,18,4
13.277251,92,80,9,5,-1,-5,-20,-12,4
13.277257,82,72,-6,-1,-2,1,2,16,4
13.289558,43,-44,-27,-7,0,1,7,28,4
13.289583,-11,-20,11,1,-1,1,2,-30,4
13.300736,7,10,20,5,0,-2,-7,15,4
13.300757,12,-23,3,-3,1,-1,4,17,4
13.314562,-30,103,30,15,6,8,13,70,4
13.314611,2,-114,-57,-19,-9,-9,-13,17,4
13.317459,71,-5,26,8,3,7,32,54,4
13.317466,99,-15,-10,-4,0,1,-26,-2,4
13.335783,23,-41,-16,-7,-4,-8,-1,-22,4
13.335802,-28,51,3,6,1,5,14,-6,4
13.337416,46,-69,-22,-5,-3,-3,-2,5,4
13.337428,-45,-42,-1,-3,2,1,13,8,4
13.358498,-12,-41,16,4,-1,-2,-10,46,4
13.358514,98,-5,-9,2,-1,-3,-3,19,4
13.361672,-40,-38,-12,-20,-6,0,1,-59,4
13.361676,-59,44,-8,12,4,6,10,5,4
13.373446,-70,-17,5,-2,0,0,-2,3,4
13.373508,-56,65,29,13,2,-3,-5,2,4
13.375457,-124,42,23,2,2,3,0,2,4
13.375462,36,-16,-2,-10,-7,-9,-16,-9,4
13.396152,64,31,-19,-5,-1,1,2,-33,4
13.396184,-1,-51,-7,4,2,0,13,12,4
13.398713,-28,4,-4,-5,-5,-5,-26,-11,4
13.398724,39,47,13,-3,-1,-1,-1,-48,4
13.418598,40,-23,-4,-2,-5,-3,1,46,4
13.418637,48,-128,-32,-11,-5,-9,-18,-66,4
13.419852,-82,127,6,6,3,2,3,-9,4
13.419872,34,127,11,6,0,0,6,16,4
13.433447,32,-46,-32,-5,-3,-3,-8,-22,4
13.433477,-31,-28,33,7,5,6,6,-6,4
13.435036,-59,-62,-2,5,1,0,-1,-6,4
13.435075,62,-77,-28,-4,-2,-3,13,45,4
13.456091,57,70,30,0,1,-1,-19,20,4
13.456121,-99,-107,-26,-3,-4,-3,5,28,4
13.457754,113,-24,-37,-16,-5,-6,-13,-16,4
13.457758,-72,-42,33,8,7,9,26,-40,4
13.478856,19,-7,-26,-9,-2,-2,2,26,4
13.478862,-3,44,-29,-8,-4,-3,-9,3,4
13.479988,35,19,26,8,4,5,17,45,4
13.480013,-6,18,-16,-6,-4,-2,-17,-2,4
13.494960,-55,30,27,7,3,0,0,-25,4
13.494967,-29,56,21,4,3,5,-1,6,4
13.499557,-48,48,-13,-7,-5,-3,0,-87,4
13.499592,-52,-12,14,-2,-2,-1,-1,31,4
13.515860,-128,-12,-6,-5,-4,-5,-4,-25,4
13.515885,127,63,-5,2,1,2,3,-6,4
13.518654,9,-120,-1,-12,-6,-5,6,12,4
13.518663,88,92,-15,-1,-1,-3,-19,58,4
13.540513,-79,12,16,6,1,2,-2,-92,4
13.540554,-29,88,2,-5,1,2,23,77,4
13.540556,-84,-80,34,13,7,3,-12,-17,4
13.540558,49,-85,-19,-11,-3,-8,-12,-53,4
13.552728,47,38,1,-4,-3,-1,13,25,4
13.552754,28,-85,2,-4,-1,1,-8,-90,4
13.559723,78,127,44,13,4,2,5,25,4
13.559743,-34,-86,-16,-8,-6,-6,1,20,4
13.575687,-11,-27,1,-1,-2,-3,-14,-38,4
13.575710,91,19,6,7,2,4,13,30,4
13.577656,73,106,-9,-1,-3,-3,-7,19,4
13.577661,-42,28,-6,-1,-2,-2,1,-31,4
13.599401,26,3,-20,-3,-3,1,6,-59,4
13.599427,62,6,31,12,8,7,7,68,4
13.600825,-78,-71,-31,-12,-4,-3,0,-33,4
13.600833,38,65,27,7,0,-2,-14,-6,4
13.612677,34,-128,0,1,1,-2,4,24,4
13.615416,-64,113,34,3,1,0,4,-18,4
13.619527,28,-5,-22,-5,0,-1,-17,1,4
13.619595,8,-5,2,0,-2,1,9,8,4
13.635786,23,-6,28,4,1,-1,-4,61,4
13.635813,25,-28,-8,0,-3,-3,-6,-30,4
13.637466,99,-13,8,-5,-3,-3,5,15,4
13.637488,34,83,9,0,-2,1,5,-40,4
13.658375,-101,-39,-9,9,2,-1,-5,40,4
13.658398,-5,-61,-38,-8,-4,-5,-8,-53,4
13.659867,87,-23,-17,-1,-2,-2,0,14,4
13.659886,-36,-47,-22,-10,-2,0,1,43,4
13.672717,8,37,-9,-3,-2,-4,-4,-4,4
13.672742,-77,-23,-9,-6,-2,-1,-1,23,4
13.680725,-55,55,-10,8,-4,-2,-8,-73,4
13.680745,0,38,-6,-5,7,4,11,13,4
13.695757,43,77,21,-4,-2,-1,7,39,4
13.695779,-5,-49,-3,-6,-4,-5,-23,-1,4
13.697495,-8,-36,-5,1,0,-1,1,9,4
13.697522,-69,-33,-9,2,-2,-3,-3,9,4
13.717635,-103,96,3,-4,-2,-3,-12,-68,4
13.717670,-65,-47,-27,-10,-7,-7,-11,-5,4
13.727168,49,-24,-16,-2,2,6,15,74,4
13.727175,-47,-26,23,11,3,-2,-10,-52,4
13.732749,127,-122,-23,-4,3,6,11,-45,4
13.732783,-98,-54,-27,-9,-10,-10,-11,4,4
13.739479,12,31,14,-1,1,-1,-12,-55,4
13.739504,-35,29,4,5,2,2,8,45,4
13.755763,126,24,0,-2,-3,-5,-12,-23,4
13.755793,114,127,8,3,3,4,11,2,4
13.757786,-59,-23,-3,-4,0,0,-4,1,4
13.757791,81,-18,25,7,2,-2,-2,-28,4
13.778154,-60,45,-10,0,0,1,4,25,4
13.778172,-23,-15,1,-2,-1,-3,-8,-68,4
13.780128,100,2,37,0,0,-4,4,59,4
13.780154,-53,15,0,7,2,1,-1,-9,4
13.792628,-98,7,-1,-6,-4,-6,-3,38,4
13.792716,-55,-77,-44,-12,-4,-1,-4,-30,4
13.799464,60,88,0,-3,-5,-7,-11,7,4
13.799494,37,-113,-42,-18,-8,-5,-1,109,4
13.815772,-98,-31,-4,0,-3,-3,-13,-78,4
13.815794,-11,5,37,11,5,4,9,27,4
13.818327,60,11,-1,0,0,-1,-11,-62,4
13.818336,-18,-17,-29,-8,-5,-6,-7,-3,4
13.838351,-5,2,-8,-7,-1,-1,7,39,4
13.838366,-3,30,23,4,1,2,3,12,4
13.839709,-128,23,15,7,6,6,14,5,4
13.839722,109,45,-3,-4,-3,-6,-14,-73,4
13.853656,73,-81,3,5,5,5,5,-15,4
13.853663,-25,12,-4,0,1,-1,11,57,4
13.863498,68,23,16,10,5,7,-5,22,4
13.863517,52,-60,-13,-3,-2,-1,10,14,4
13.875851,36,69,8,-4,-3,-1,-5,6,4
13.875868,-21,3,6,4,0,-2,-7,5,4
13.877146,-51,43,-14,-2,-1,-2,2,26,4
13.877152,84,29,21,1,-1,1,0,18,4
13.900491,24,-29,-25,-7,-6,-5,-12,24,4
13.900511,53,-29,-10,-8,-1,-4,5,25,4
13.900517,-107,-88,22,5,4,2,-5,-1,4
13.900522,67,117,6,-1,-2,1,4,-22,4
13.912365,-12,4,1,4,3,2,-2,35,4
13.912398,124,34,12,2,0,-3,-1,-52,4
13.921816,7,-128,-14,-5,-2,1,8,6,4
13.921829,37,77,54,4,-5,-9,-16,2,4
13.935714,0,-86,-31,-10,-2,1,4,-78,4
13.935742,3,14,19,1,-2,0,4,105,4
13.937366,108,77,12,6,4,3,5,-53,4
13.937382,-67,-107,-23,-6,-5,-5,-4,-19,4
13.958424,35,49,11,0,-2,-1,1,27,4
13.958442,-38,-68,-24,-2,0,0,-8,-78,4
13.959774,117,5,-14,-6,-6,-4,6,48,4
13.959780,-68,14,-5,2,3,2,-1,-13,4
13.971920,-60,30,18,3,0,-2,5,56,4
13.971997,-7,63,-10,-2,-1,0,-2,-25,4
13.982772,46,11,-28,-15,-9,-7,-6,62,4
13.982781,-68,-29,4,4,4,0,0,-65,4
14.003273,73,-53,6,-1,1,-1,0,5,4
14.003296,48,34,30,4,1,2,2,-42,4
14.005535,-7,24,-26,-7,-6,-5,-3,49,4
14.005539,-78,25,34,8,2,4,8,119,4
14.018369,51,31,-50,-18,-12,-11,-18,-66,4
14.018390,-69,-5,-7,-6,1,4,9,76,4
14.020278,63,-94,-15,0,2,3,19,5,4
14.020282,88,4,-4,-11,-5,-6,-33,2,4
14.031933,59,-76,12,7,5,2,14,3,4
14.031997,-12,-5,-7,2,-1,-2,-7,-15,4
14.041521,-47,-23,-17,-7,0,0,2,8,4
14.041530,0,-79,0,2,1,4,13,-13,4
14.055783,-44,113,21,4,1,-2,-3,-17,4
14.055797,-6,-121,-27,-6,-4,-1,-1,-12,4
14.057261,35,25,29,3,6,5,14,68,4
14.057274,-39,59,-12,-6,-6,-9,-19,-44,4
14.078557,-93,4,0,-3,-5,-2,1,27,4
14.078587,67,-13,-5,0,-1,-2,-9,-28,4
14.081833,68,75,46,6,3,4,1,-5,4
14.081847,70,31,-38,-5,-5,-4,-8,-17,4
14.092440,24,-62,-8,-3,1,-1,-1,-37,4
14.092462,61,-60,6,10,2,-1,5,27,4
14.102485,31,80,34,2,-2,-5,-7,1,4
14.102492,-48,-92,-9,-6,-1,-2,-9,-116,4
14.115756,38,90,8,2,2,3,9,35,4
14.115772,127,10,27,1,-1,0,-5,6,4
14.118631,-113,-27,-28,-1,-2,-3,-12,-37,4
14.118642,96,34,3,5,4,6,26,53,4
14.138639,-20,-19,-6,-4,-4,-2,1,48,4
14.138661,11,14,2,-1,0,0,-15,36,4
14.139804,35,65,10,0,-3,-6,-9,-13,4
14.139818,77,101,7,-4,-3,-3,13,60,4
14.152085,111,-35,-5,2,-1,-2,-17,69,4
14.152114,-68,88,2,-2,-2,0,8,-53,4
14.161423,-93,-51,-12,-4,-4,-3,2,-12,4
14.161432,-82,-9,10,3,3,6,7,11,4
14.175812,5,-47,-18,0,0,-1,0,-47,4
14.175830,-27,99,13,1,2,1,-3,20,4
14.177587,32,4,-10,-5,-7,-8,-7,-14,4
14.177592,-33,-68,0,-5,-3,0,-5,-58,4
14.198276,-4,6,1,1,0,3,2,24,4
14.198293,48,17,-3,-3,0,-1,2,-7,4
14.200181,-41,18,-15,1,1,0,-2,-49,4
14.200245,37,-51,-50,-11,-3,-1,-1,47,4
14.211901,-30,-55,15,-4,-8,-9,-15,23,4
14.211908,33,-30,-12,-3,-2,0,3,60,4
14.221819,-9,14,1,0,0,3,5,-5,4
14.221828,40,-1,23,2,2,1,5,11,4
14.235838,-25,76,-20,8,4,5,2,-20,4
14.235862,22,-14,-19,-5,-3,-5,-2,-29,4
14.237267,-87,-96,13,-1,-2,0,-6,-29,4
14.237273,-2,45,26,4,5,1,0,8,4
14.259166,1,0,10,-4,0,-3,7,0,4
14.259173,-8,-52,-33,-4,0,0,-9,-94,4
14.259742,42,-79,-27,-7,0,-2,-14,30,4
14.259756,4,26,-6,3,0,1,3,-10,4
14.280800,23,35,24,5,2,2,6,-24,4
14.280824,-60,1,4,-2,-1,-1,3,-11,4
14.283467,-39,-32,-4,-3,-2,-2,-6,-49,4
14.283475,81,72,44,16,7,7,15,59,4
14.295941,9,-42,-16,-11,-7,-7,-10,-50,4
14.298530,122,33,25,2,-1,0,1,89,4
14.298538,40,37,9,7,2,-2,-5,-28,4
14.298540,81,-1,-10,-13,-4,-1,-4,-8,4
14.318364,-61,-18,-10,-1,-1,2,4,-28,4
14.318388,-25,12,12,6,1,0,-7,34,4
14.320908,50,-73,7,-1,1,4,15,37,4
14.320915,33,12,10,7,-1,-3,-8,-1,4
14.341229,29,-33,-4,-4,-2,-3,-7,-5,4
14.341304,111,90,-4,-1,-1,-2,-5,21,4
14.343856,59,12,-3,1,-2,-2,1,16,4
14.343860,51,3,2,0,0,0,2,35,4
14.355836,-37,-35,-15,-10,-6,-2,-2,-11,4
14.355856,-80,-9,26,13,5,1,2,16,4
14.357324,-114,24,-32,-17,-10,-9,-18,-39,4
14.357346,-72,-56,-13,-1,-2,1,21,-5,4
14.378321,-19,22,18,7,3,1,-27,66,4
14.378346,40,64,23,3,2,2,19,-21,4
14.380389,103,62,4,2,-1,-5,-13,-5,4
14.380413,-52,-22,-23,-5,-1,-4,1,14,4
14.400941,-29,-10,3,1,2,3,13,8,4
14.400967,-40,-33,-10,-2,-2,-2,2,-15,4
14.402350,-59,74,5,0,-3,-2,0,49,4
14.402372,-32,-23,-9,-4,-5,-6,-19,-7,4
14.415424,-7,21,32,9,7,6,17,73,4
14.415430,-32,-26,-42,-16,-10,-12,-24,14,4
14.421889,54,-52,-5,1,0,1,6,-1,4
14.421913,17,-58,-6,-8,-3,1,-2,-1,4
14.438448,75,16,-5,7,1,0,5,26,4
14.438470,-73,20,-1,-7,0,-1,-6,-89,4
14.440897,90,-53,-22,-3,2,2,8,53,4
14.440904,-60,-45,-9,-4,-3,-5,-19,-37,4
14.463707,4,-77,-27,-6,-3,-2,-6,-51,4
14.463724,-37,22,13,-4,-4,-1,0,-19,4
14.463728,42,-46,5,4,1,4,7,15,4
14.463731,36,3,-10,-1,-1,-1,-4,-2,4
14.475369,-7,-26,-29,-8,-4,-3,3,32,4
14.477435,77,17,-23,-9,-5,-5,9,55,4
14.482097,-126,-39,-9,-8,-1,-3,-28,-5,4
14.482151,6,-1,8,8,2,2,10,1,4
14.498366,69,93,9,-2,-2,-3,-4,-37,4
14.498395,-22,-1,4,-2,-1,-3,-5,-20,4
14.501077,83,75,30,14,4,3,7,-52,4
14.501083,73,15,-12,-5,1,-1,5,66,4
14.520739,86,7,-4,-1,-1,-2,-5,-35,4
14.520762,102,35,19,7,0,-1,-9,-14,4
14.522256,58,31,7,3,1,4,30,29,4
14.522267,7,43,-4,1,0,-4,-35,-25,4
14.535293,-20,-18,-2,-5,-2,0,1,-35,4
14.535372,74,-95,6,7,0,1,2,31,4
14.542154,-98,-14,-16,-5,-2,-1,-4,-35,4
14.542176,56,53,8,4,-2,-2,5,-29,4
14.558180,-103,-43,-28,-12,-7,-7,-7,20,4
14.558199,76,13,-10,3,3,4,4,-46,4
14.560569,-72,8,-16,-7,-2,-3,-6,-40,4
14.560573,-8,-47,2,5,0,-1,4,55,4
14.580890,-26,-62,-16,-4,2,2,7,-32,4
14.580912,45,-11,13,5,2,1,-9,74,4
14.582348,-64,-59,-17,-5,-2,-4,2,-33,4
14.582362,-128,-34,-26,-15,-9,-8,-11,-15,4
14.595395,88,47,-21,2,0,1,5,9,4
14.595424,51,-70,-20,-5,-2,0,1,24,4
14.601984,81,-6,-1,0,1,0,0,-18,4
14.602002,-59,-53,21,6,3,2,3,29,4
14.618555,72,36,25,-3,-4,-4,-5,14,4
14.618566,-5,38,-7,-7,-5,-5,-14,-75,4
14.619907,64,-66,-4,4,1,-1,-10,8,4
14.619924,-50,-16,6,4,3,2,10,-51,4
14.641043,-8,66,-4,-9,-5,-5,-9,-35,4
14.643413,-7,41,-3,-3,-2,-1,-3,5,4
14.643419,17,31,11,-1,-2,-1,4,50,4
14.643421,-32,-46,-24,-5,-1,-4,-10,-44,4
14.665567,-40,27,11,12,4,6,11,40,4
14.665573,-48,-16,17,1,-2,0,2,-3,4
14.665576,36,29,-7,-3,-4,-7,-13,-11,4
14.665577,41,103,0,-3,-1,1,6,27,4
14.678706,4,-40,25,10,5,2,-5,-80,4
14.678715,58,-27,-16,-5,-2,-3,4,-24,4
14.679870,-89,-36,-12,-10,-4,-3,3,41,4
14.679889,76,105,58,17,6,8,16,43,4
14.701138,18,-87,-18,-7,-5,-6,-19,-58,4
14.701175,3,7,13,1,1,0,4,35,4
14.702732,-50,-20,3,-2,2,1,2,26,4
14.702737,24,1,0,-2,-1,3,7,55,4
14.715083,-14,-33,-10,2,1,2,5,-12,4
14.715104,-106,-128,-21,-3,-1,-1,9,30,4
14.722054,-90,97,-21,-15,-10,-11,-21,-37,4
14.722130,70,-99,-39,-9,-5,-5,3,12,4
14.738367,62,68,24,5,3,2,4,37,4
14.738383,14,3,1,-4,-2,-2,-2,-20,4
14.741040,4,24,25,12,5,4,1,9,4
14.741046,-59,-37,-25,-10,-6,-3,-1,-9,4
14.760833,23,2,17,8,4,4,3,39,4
14.760855,19,-25,-17,-4,-2,-2,-4,-38,4
14.762317,21,-23,-2,0,1,1,1,-49,4
14.762336,44,100,25,7,3,2,-3,-22,4
14.774390,-39,-13,10,2,2,2,7,7,4
14.774619,-81,71,-19,-1,-2,-3,-9,-38,4
14.784826,39,-60,1,-2,0,-1,0,9,4
14.784834,37,-40,1,0,1,0,7,-33,4
14.798252,-57,88,6,1,-1,-1,-12,95,4
14.798271,78,-16,23,6,4,2,1,-38,4
14.799839,-18,-67,-13,-8,-5,-4,4,70,4
14.799858,-63,-18,15,9,1,-1,-7,44,4
14.820672,75,32,6,-7,0,0,6,36,4
14.820679,52,-50,2,-9,-3,-1,0,91,4
14.822185,-71,33,-6,13,2,1,-9,-67,4
14.822198,65,-10,18,0,0,-1,-1,-16,4
14.835240,-57,-14,-16,-7,-6,-4,-8,-30,4
14.835247,-120,2,-5,2,0,1,0,9,4
14.844673,49,40,19,1,3,3,7,-13,4
14.844679,38,-39,12,4,0,1,5,1,4
14.858217,-3,49,-1,3,1,-2,-3,3,4
14.858235,-27,38,3,-7,-4,-6,-13,-48,4
14.859691,106,51,5,3,-1,0,2,18,4
14.859695,6,-26,-21,-11,-6,-6,-13,-8,4
14.882089,86,-18,5,0,-1,1,10,78,4
14.882095,-54,-44,-1,3,2,2,6,-24,4
14.882452,69,16,19,8,0,-2,-15,63,4
14.882460,-57,-65,-25,-6,0,-3,1,-43,4
14.894528,50,36,28,20,9,7,9,-3,4
14.894552,-31,-13,-8,-7,-4,-4,3,7,4
14.903738,42,-112,-43,-13,-4,0,8,44,4
14.903742,-26,55,31,8,3,4,-2,34,4
14.918330,54,28,-20,-13,-5,-4,-7,8,4
14.918347,15,8,7,5,1,0,0,32,4
14.919803,-18,8,-5,-3,1,0,10,7,4
14.919818,-8,-72,-28,-8,-4,-3,-9,10,4
14.940716,8,-37,-11,-4,0,-1,1,32,4
14.942546,-3,110,12,1,1,0,-2,-6,4
14.942554,35,-8,-13,-12,-8,-7,-4,-5,4
14.942556,-42,24,-13,0,3,0,-2,-30,4
14.954525,54,63,22,2,-1,-1,-3,-64,4
14.954548,-28,-91,-19,1,0,-1,0,7,4
14.965917,-25,116,11,-4,-4,-2,-1,44,4
14.965923,-14,57,-22,-10,-1,-4,-5,-83,4
14.979171,94,-118,-20,-9,-5,-4,6,101,4
14.979201,102,15,-2,5,-1,1,-3,3,4
14.980199,-87,-64,-19,-8,-3,-2,-13,-77,4
14.980219,127,23,33,20,4,-1,4,78,4
15.001098,-128,-57,-13,-9,-4,-5,-10,-32,4
15.001129,-21,-19,3,-2,-2,2,6,13,4
15.002631,14,28,19,4,0,1,1,-8,4
15.002635,92,87,-6,6,1,4,-1,-18,4
15.014518,-113,-109,-12,-3,-3,-6,-4,-30,4
15.014543,120,-54,-19,-5,-4,-3,-2,13,4
15.025221,69,83,18,5,2,0,-8,-56,4
15.025234,-33,14,-2,-6,-1,1,5,42,4
17.039437,-2,-3,-1,-1,1,0,-1,-1,0
17.039715,-1,1,-3,-2,-2,-2,-2,-3,0
17.055024,3,-3,-2,-1,-2,0,0,1,0
17.055039,-1,5,4,-2,-2,-2,-1,-2,0
17.063073,2,-2,-4,-1,0,1,0,0,0
17.063148,-3,-2,-2,-1,1,1,0,-1,0
17.065397,1,-1,-3,-1,0,0,-1,-1,0
17.065407,-3,6,5,-2,0,-1,-2,0,0
17.085732,0,-8,-7,-1,-1,-2,0,-1,0
17.085742,-2,3,2,-1,-2,-1,-1,0,0
17.085833,-2,-3,-3,-1,0,-1,-1,-2,0
17.085879,2,3,2,1,-1,0,0,4,0
17.108334,-2,-1,1,-1,-1,0,-1,-2,0
17.108351,-2,0,-1,-2,-2,0,-1,-2,0
17.110094,-1,-2,-2,-1,-2,-2,-1,-3,0
17.110098,1,-3,-2,-1,-1,-1,1,1,0
17.122847,1,5,4,-1,0,0,-1,0,0
17.124894,-4,-6,-5,-2,0,0,-2,-2,0
17.124900,0,-2,-2,-1,-2,0,-1,-2,0
17.124902,-1,2,3,-2,0,0,-1,-4,0
17.145208,-1,1,0,-1,-1,-2,-1,-3,0
17.145237,0,-4,-1,-1,0,-1,-1,-1,0
17.147698,0,-2,-2,-1,0,-2,0,1,0
17.147710,-3,0,0,-1,0,-1,-1,-2,0
17.168386,-1,0,-1,0,-2,-1,0,-2,0
17.168404,1,4,-1,-1,-1,1,-1,1,0
17.168973,1,-5,-2,-1,-1,-1,-1,-2,0
17.169008,-2,0,0,-2,-1,-2,-2,-2,0
17.182769,-1,-3,-2,0,-1,-2,-2,0,0
17.182801,-2,-1,-1,1,0,-2,0,-1,0
17.183575,0,2,0,-2,-2,0,0,0,0
17.183609,-1,-3,-1,-1,-1,-1,-2,-1,0
17.205480,1,0,-2,-1,-1,-1,0,1,0
17.205510,-1,-3,-1,-1,-1,0,-2,0,0
17.207731,2,2,0,-2,0,-1,0,0,0
17.207735,0,-3,-4,-1,0,-1,-1,-4,0
17.228388,-5,-3,-1,-3,-1,-2,-2,-2,0
17.228401,1,0,1,0,-1,-1,-2,3,0
17.228983,-3,0,0,0,0,-2,-2,-4,0
17.229048,-2,3,6,-1,-2,-2,-1,-1,0
17.242862,0,-8,-10,-1,-1,-1,-1,-1,0
17.242869,-1,-5,-2,-3,1,0,1,0,0
17.243288,-2,1,1,-3,-1,0,-1,1,0
17.243295,0,-4,-7,0,-1,-1,-1,-3,0
17.265317,0,4,7,0,0,-2,-2,0,0
17.265349,-2,1,0,-2,-2,-3,-1,-1,0
17.267279,-1,-1,1,1,-2,-1,-1,-1,0
17.267292,-2,3,2,-1,-1,1,-2,-1,0
17.290126,-1,1,2,-1,-2,-1,-2,-2,0
17.290132,-2,-3,-4,0,0,-2,-1,-3,0
17.290134,-2,-2,-3,-1,0,-2,-1,-1,0
17.290136,0,0,0,-1,-1,-1,-2,0,0
17.302631,5,0,0,-1,-2,-1,-1,-1,0
17.302656,5,-3,-1,-1,0,0,-1,1,0
17.305079,0,-1,-3,0,-1,-1,-1,-1,0
17.305085,-4,-7,-4,0,-2,1,0,-2,0
17.325035,-1,1,2,-1,-1,0,1,-1,0
17.326567,-4,1,0,-1,-1,0,-1,-1,0
17.332772,1,-2,-2,1,0,-1,-1,1,0
17.332811,-1,-2,1,0,1,-1,-1,1,0
17.348276,-6,-1,-1,-1,-1,-1,0,-1,0
17.348296,-2,0,-2,-2,-2,-2,-2,-3,0
17.350331,1,-1,-2,0,-3,-2,1,0,0
17.350337,-2,3,1,-1,-2,-1,-1,-1,0
17.362748,0,-9,-6,-2,-1,-1,0,0,0
17.362768,-4,-4,-4,0,-2,0,-2,-2,0
17.365463,-1,-4,-2,0,0,-1,-1,-2,0
17.365473,1,0,1,-2,1,-2,1,-1,0
17.385321,-1,-1,-1,-2,-1,0,0,-1,0
17.385413,0,4,2,-2,-1,-1,-2,-1,0
17.385749,-1,0,1,-3,0,0,1,1,0
17.385757,-1,-4,-5,0,-2,-1,-1,0,0
17.408396,-1,0,1,-1,0,0,-1,-2,0
17.408424,-2,3,3,0,-1,1,0,0,0
17.409824,-2,-7,-4,-2,0,0,0,0,0
17.409833,0,2,1,-1,0,-1,-1,-2,0
17.422728,0,1,0,1,-1,0,-2,0,0
17.422748,-1,-5,-8,-2,0,-2,0,-3,0
17.424261,-1,0,1,1,-1,0,-2,-1,0
17.424270,-3,-1,-2,-1,0,1,1,1,0
17.445462,0,-3,-2,-1,-1,-1,0,-1,0
17.445473,4,4,4,-1,0,-3,-1,1,0
17.445616,-4,1,-2,-1,-1,-1,-3,-1,0
17.445670,-2,-5,-3,-1,1,-2,0,-1,0
17.468461,-1,2,0,-1,1,0,-2,-1,0
17.468481,-1,1,0,-1,-1,-3,1,0,0
17.469753,0,-3,-2,-2,-1,-1,-2,2,0
17.469762,-2,-2,1,-1,-1,0,0,-1,0
17.482813,-3,-1,-1,-1,0,-1,-2,-2,0
17.482846,-2,1,2,-1,0,-1,0,1,0
17.484430,0,-2,-1,0,-1,-2,0,-2,0
17.484437,-2,2,0,1,-1,-1,-1,0,0
17.505037,-1,-7,-3,1,-1,-1,0,1,0
17.505060,1,-1,-2,0,-2,1,-1,2,0
17.506351,-3,0,-1,-1,-1,-1,-1,-1,0
17.506358,-1,-2,0,-1,-1,-1,-2,-2,0
17.528133,-2,1,2,-1,0,-1,-1,-2,0
17.528151,-3,-2,-4,-1,-1,0,-1,-1,0
17.528813,-1,-1,-1,-1,-1,-1,0,-2,0
17.528831,2,1,0,-1,-1,0,-1,-2,0
17.542551,-1,2,2,-1,-2,0,-2,-1,0
17.542659,-2,-4,-1,-1,0,1,-1,-1,0
17.543174,0,-1,-3,-1,1,0,0,2,0
17.543211,-2,-3,-1,-1,-2,-3,-2,-3,0
17.564992,-4,-2,2,-2,0,-2,-1,-3,0
17.565009,-1,-4,-3,0,-1,-2,1,-1,0
17.566354,1,1,1,-1,-1,0,-2,1,0
17.566361,2,5,1,0,0,0,-2,1,0
17.588219,0,-2,-1,-3,-2,-1,-1,1,0
17.588254,-2,-4,-4,0,-1,-2,-2,-1,0
17.588894,0,2,2,-1,-2,-2,1,0,0
17.588907,-4,-6,-7,-1,-1,-2,-2,-3,0
17.603259,-1,2,0,1,0,-1,0,0,0
17.603265,-1,-1,1,-1,-1,0,0,0,0
17.610042,-1,0,0,-1,0,-1,0,1,0
17.610063,1,0,2,-2,-1,0,-2,0,0
17.625010,1,0,-3,-1,-2,-1,0,-1,0
17.625032,-1,-1,1,-2,0,0,-1,-1,0
17.625688,-3,-2,-2,0,-2,1,0,-2,0
17.627220,2,2,1,-1,-2,-2,1,0,0
17.649964,-1,1,-5,-1,-3,-1,-1,-1,0
17.649969,0,-1,1,-1,-1,-2,0,-3,0
17.649971,-5,0,-1,-3,-1,-2,-3,-3,0
17.649973,-3,-7,-5,0,-1,0,1,1,0
17.662914,-1,-1,-3,-1,0,-3,-2,-1,0
17.662938,-3,1,1,0,0,-1,-2,-3,0
17.665746,0,1,0,-2,0,-2,0,-1,0
17.665753,-1,2,0,-2,-1,-1,-1,1,0
17.685053,0,-3,1,-1,-1,1,0,0,0
17.685074,0,0,-1,-1,0,-1,0,1,0
17.685810,-4,-5,-1,-1,1,1,-1,-1,0
17.685824,0,3,3,-2,0,-1,-2,-2,0
17.708256,-5,-7,-3,-1,-2,-2,-2,-4,0
17.708280,-2,-2,-3,-3,0,-2,-2,-3,0
17.709304,1,-1,-1,-1,1,0,1,2,0
17.709309,1,1,0,1,-1,-2,-2,1,0
17.722108,0,0,1,0,1,-1,-1,1,0
17.722133,-1,0,2,-1,-1,-2,0,0,0
17.730428,-1,-2,-3,-1,-1,-1,0,-1,0
17.730460,1,2,2,-1,-1,0,0,1,0
17.745122,-3,-4,-2,-2,-1,-1,-1,-3,0
17.745136,-3,-4,-5,0,-1,-1,-1,-2,0
17.745636,-1,-1,-1,-1,-2,-1,-3,0,0
17.745649,-3,-1,-2,-1,0,-2,-2,-4,0
17.768380,3,-1,-2,0,0,0,0,1,0
17.768411,-2,0,-1,-1,0,-1,0,0,0
17.770289,0,0,0,0,-2,0,-1,-1,0
17.770299,0,-2,-1,-1,-1,-2,-1,0,0
17.782076,0,3,0,-1,-2,0,0,-3,0
17.782102,-1,-2,-2,-2,-1,0,-2,2,0
17.790132,0,-1,-2,-1,0,-1,-1,-2,0
17.790149,-2,-1,0,-1,-1,-1,-1,0,0
17.805611,0,-2,-1,-1,-1,-2,0,1,0
17.805618,-1,-1,1,1,-1,-2,-2,0,0
17.805720,-2,-2,-1,-2,-1,0,-2,-2,0
17.805753,0,0,-2,-1,0,-1,0,-2,0
17.828560,-2,3,2,-1,0,-2,-2,-1,0
17.828590,1,-5,-6,-3,-1,0,0,0,0
17.831577,-1,-2,-2,0,0,-1,0,0,0
17.831582,-1,-4,-4,-3,-1,1,0,-1,0
17.842478,-2,-2,-4,-1,0,0,0,-2,0
17.842506,-1,1,3,-2,-1,1,-1,-3,0
17.850405,-2,1,2,-1,-2,-2,-2,-1,0
17.850555,1,0,-3,1,-2,-1,-1,0,0
17.865071,0,-2,-3,0,0,0,-1,3,0
17.865089,2,1,-2,0,0,0,-1,1,0
17.867763,-3,-1,-2,-1,-1,0,-1,0,0
17.867775,-3,-4,1,-2,-1,-2,-2,-2,0
17.888220,-3,-2,0,-1,-1,-2,-3,-3,0
17.888245,-2,-1,-1,0,-1,-1,0,-3,0
17.888932,1,1,-1,-2,0,-2,0,0,0
17.888945,2,2,3,0,0,-2,-1,-1,0
17.902116,-1,1,1,-1,-1,-1,-1,0,0
17.902132,0,-1,1,0,-1,-1,-2,-1,0
17.910015,-1,1,3,-1,-1,-1,-2,-2,0
17.910038,-2,4,5,-1,-2,-1,-2,-2,0
17.925248,-1,-10,-7,-2,-3,0,0,0,0
17.925270,-1,-1,0,-1,2,-1,0,-3,0
17.926642,1,-2,-4,0,0,0,-1,-1,0
17.926646,0,0,0,-1,0,0,-2,1,0
17.948317,-2,2,1,-2,-1,1,-2,-2,0
17.948338,-1,0,0,-1,0,-2,-1,1,0
17.949040,-1,-1,-1,-2,-2,-1,0,0,0
17.949164,-2,-3,-2,0,1,-1,0,-1,0
17.963885,-2,2,2,-1,-2,-2,-1,-1,0
17.963898,0,0,-2,-2,-1,-1,1,0,0
17.970119,-3,-4,-1,-1,-2,-1,-2,-4,0
17.970143,-1,-1,-2,-1,-1,0,0,-1,0
17.985094,-1,-4,-2,-1,-1,-2,-2,0,0
17.985120,-1,1,-1,0,1,0,0,0,0
17.986505,1,-2,-1,-1,0,-1,-2,-2,0
17.986511,0,-1,-1,-1,0,-1,1,0,0
18.009452,-1,0,0,-3,0,-1,1,-1,0
18.009459,0,0,-1,-2,-1,-3,-3,-2,0
18.009460,1,-1,-2,0,-1,-4,-1,0,0
18.009462,-4,-5,-3,-2,-2,-1,-2,-4,0
18.022091,-1,-1,1,0,0,-1,0,-1,0
18.022112,-2,3,0,-1,-2,-2,-1,0,0
18.030386,-3,-16,-11,-3,-3,-1,-1,0,0
18.030412,-3,-5,-1,-2,-1,0,0,-2,0
18.045309,0,0,-3,-1,-1,-1,-1,0,0
18.045412,0,0,2,0,-3,-1,0,-1,0
18.045868,0,6,5,1,1,0,-1,-1,0
18.045892,-1,0,-2,-1,0,-1,-2,-1,0
18.069801,-2,-2,-1,-1,-2,0,-1,-2,0
18.069808,-2,-1,0,-1,0,-1,-1,-1,0
18.069810,2,4,1,0,-1,0,0,-1,0
18.069812,1,-5,-3,-2,-1,1,1,0,0
18.090982,-3,0,-2,-1,0,-1,0,-4,0
18.091000,-2,-2,-1,-2,-2,0,-1,-2,0
18.092422,0,1,1,-1,1,-2,1,0,0
18.092425,-4,-2,-2,-2,0,-2,-2,-1,0
18.105086,0,4,4,0,-1,-1,-1,0,0
18.105108,-1,-4,-1,-2,-1,0,-1,0,0
18.105964,0,-3,-6,0,-1,-1,-2,0,0
18.106141,-1,-2,-1,0,-1,-1,-1,-2,0
18.128882,0,-1,-1,-1,0,0,-2,1,0
18.128920,-1,0,1,-1,1,0,0,0,0
18.131797,-1,2,2,0,0,0,-1,-1,0
18.131803,1,3,1,1,0,-1,-1,2,0
18.150857,-2,-5,-4,-2,-1,-1,-2,-5,0
18.150892,-3,-3,-2,0,0,-1,-3,0,0
18.151953,-2,-1,-1,-1,-1,-2,-1,-3,0
18.151982,0,0,-2,0,-2,0,-1,-1,0
18.165383,1,1,1,-2,-1,-2,0,1,0
18.165392,0,-1,-3,-2,-1,-2,-1,0,0
18.165811,-1,-2,0,-1,0,-1,0,-2,0
18.165817,-4,1,0,-1,-1,-1,-3,-2,0
18.188904,2,1,1,0,-1,-3,-1,2,0
18.188933,-1,-1,0,-1,0,0,-2,-2,0
18.191757,-1,2,2,-1,-2,-1,0,-1,0
18.191763,0,-8,-9,-2,0,0,0,-1,0
18.211921,-1,-6,3,-1,1,-1,-2,-1,0
18.211928,0,-2,-2,1,0,-1,1,-2,0
18.211929,0,-1,-2,-2,0,-1,-1,-3,0
18.211931,1,6,3,0,0,-1,0,0,0
18.226730,-3,-7,-7,0,-3,0,-2,-2,0
18.226736,-1,1,1,0,-2,-2,0,-3,0
18.226738,-3,-2,0,0,0,-1,-1,-3,0
18.226740,1,9,-9,-1,-1,-1,-1,-1,0
18.248773,0,8,8,0,-1,-1,0,-3,0
18.248799,-1,-8,-4,0,0,-1,0,2,0
18.251139,-2,3,-2,-2,-1,0,-1,-1,0
18.251149,-1,-9,2,-1,-2,0,-1,0,0
18.271351,1,4,-3,-2,0,0,-1,0,0
18.271357,0,5,0,-1,0,1,0,1,0
18.271359,-3,-6,-2,-2,0,-1,-1,-1,0
18.271361,1,2,2,1,0,-1,-3,-2,0
18.286972,0,-2,-2,0,1,-1,-1,0,0
18.286979,0,-1,1,-1,-1,-1,-1,1,0
18.286981,0,-4,-2,-1,-1,-1,-1,1,0
18.286983,-1,-1,3,0,0,0,0,-1,0
18.308528,-1,0,-7,-1,-1,0,-1,-1,0
18.308550,-2,-6,-4,-1,0,1,-1,-2,0
18.310015,1,2,-1,-1,-2,-1,-1,-1,0
18.310019,-3,-1,2,-1,-1,-3,-1,-3,0
18.330870,-2,-4,-2,0,-1,-1,-2,0,0
18.330891,1,2,-1,-1,0,-1,-1,-1,0
18.332430,-1,0,1,-1,-2,0,-2,0,0
18.332437,-1,-3,-3,0,-1,0,-1,-1,0
18.345574,-3,-1,-1,-2,-2,0,-1,0,0
18.345602,-1,-1,-2,0,-2,-1,-1,-1,0
18.348685,0,2,2,-1,-1,-1,-1,-2,0
18.348694,-2,-2,-1,-2,0,0,0,-1,0
18.368657,0,1,-2,0,1,0,0,1,0
18.368689,-3,0,2,0,-2,1,-4,-3,0
18.369060,-3,-2,-1,-2,0,-3,-1,-1,0
18.369091,1,-5,-3,0,0,-1,0,1,0
18.390876,-2,-3,-3,-2,-3,-1,-1,-2,0
18.390895,-2,-1,-1,-2,-1,0,-2,-3,0
18.392585,0,2,-2,-1,-1,0,-1,-1,0
18.392589,1,2,2,-1,0,-2,-1,-1,0
18.405741,0,0,-1,0,-1,-2,-1,-1,0
18.405829,0,-7,-3,-4,0,0,-1,0,0
18.405867,-2,1,1,0,-3,-1,0,1,0
18.408106,0,-5,-4,0,0,-2,-1,1,0
18.428572,-5,-5,-2,-1,0,-2,-2,-7,0
18.428581,-3,1,2,-1,-2,-1,-1,-4,0
18.428836,0,-3,-2,-1,-1,-1,-1,0,0
18.428843,0,0,0,0,-1,1,-2,-1,0
18.451009,0,2,0,-3,-1,-2,-3,-1,0
18.451035,0,-2,-2,0,-1,-2,0,0,0
18.452655,-1,-1,-3,-1,0,1,0,-2,0
18.452659,-3,2,4,-2,-3,-1,-1,-2,0
18.465231,2,0,-4,1,-3,0,2,0,0
18.465255,-2,-1,-2,-2,-1,0,-2,0,0
18.466862,1,0,-1,1,1,-2,0,2,0
18.466878,-6,-3,-3,-2,-1,-2,-2,-6,0
18.488567,-2,0,2,-1,0,0,-1,2,0
18.488576,0,1,-2,0,1,-2,2,-1,0
18.488863,-2,-7,-3,-2,-1,1,-1,-2,0
18.488869,1,1,0,-1,-1,0,-1,0,0
18.511387,1,1,-1,-1,1,0,-1,-1,0
18.511410,0,2,1,-1,-1,-2,-2,0,0
18.514567,0,0,1,0,0,-2,-3,-2,0
18.514582,0,-1,-2,-1,-1,-1,-1,0,0
18.524689,-1,-2,-2,-1,-1,-1,-1,-1,0
18.524713,0,3,1,-2,-1,0,0,0,0
18.532833,-1,-1,0,0,-1,-1,-1,1,0
18.532870,0,-6,-5,-1,-1,-1,-2,0,0
18.548385,-2,-1,1,1,-1,-2,-1,-1,0
18.548462,1,0,0,-2,-2,0,-1,-1,0
18.550936,-1,1,-2,-1,-2,0,-1,-1,0
18.550954,-1,-4,-4,-2,1,-1,0,1,0
18.570724,0,-2,-4,-2,-2,-1,0,2,0
18.570740,1,0,-1,0,-2,-2,-2,-1,0
18.571644,0,0,1,-2,-2,-2,0,-1,0
18.571657,2,5,3,0,-2,1,1,1,0
18.585339,-2,3,0,-2,0,0,-2,-3,0
18.585372,-4,-2,-2,0,-1,-1,-1,-3,0
18.585743,0,-1,-1,-3,-1,-1,0,-1,0
18.585750,0,0,0,-2,-1,-1,-1,-2,0
18.608286,2,-1,0,1,-1,0,-1,0,0
18.608305,0,0,0,0,-2,-1,-1,0,0
18.609204,0,-2,-1,-1,-1,-1,-1,-1,0
18.609208,-3,1,1,-2,-2,-2,-1,-2,0
18.630790,-1,2,0,-2,-1,1,-1,-1,0
18.630807,-2,-6,-3,-2,0,0,-2,-1,0
18.631518,-2,-2,-1,-3,-1,0,-1,0,0
18.631525,-1,2,0,1,-1,-2,-1,-1,0
18.647321,1,0,1,-2,-2,-1,-1,0,0
18.647327,-2,-1,-1,-1,-2,-2,-2,-2,0
18.647329,-2,-3,-9,0,0,-1,1,-1,0
18.647331,-3,1,1,-1,-1,0,-2,-2,0
18.668207,-1,-6,-2,-2,0,-2,-1,-1,0
18.668226,0,1,3,0,1,-2,0,-1,0
18.669350,0,-2,0,-1,-2,1,-1,0,0
18.669355,-3,0,-2,-2,0,-2,-2,-2,0
18.692800,2,-2,-2,2,0,-1,-1,1,0
18.692805,-1,-1,-3,-1,-2,-1,-1,-1,0
18.692807,1,4,2,-1,1,-1,-1,0,0
18.692809,-3,-5,-5,-2,-2,-1,0,-3,0
18.704524,-2,-3,-1,0,-2,-2,-1,-2,0
18.704548,-1,-1,-2,0,-2,-1,-2,0,0
18.713278,0,2,1,0,-1,-2,-1,0,0
18.715528,2,1,0,0,-1,-2,0,1,0
18.728473,-1,-2,-1,-1,-2,-1,0,0,0
18.728492,-3,-2,-2,-1,-2,-2,-1,-2,0
18.731385,0,-2,1,-1,-1,-1,-2,1,0
18.731393,0,0,0,-1,-1,0,-2,-2,0
18.751200,-3,-1,-2,-1,0,-1,0,-1,0
18.752834,0,0,-1,-2,0,0,0,-1,0
18.752845,-2,-1,2,0,-1,0,-2,-2,0
18.752847,0,-4,-4,0,-1,-1,0,-1,0
18.764598,-4,2,3,-1,-1,0,-2,-2,0
18.764622,3,-2,-1,1,-1,-1,0,2,0
18.772686,-6,-4,0,-2,-1,-2,-2,-6,0
18.772703,-2,-2,-2,-1,-1,-2,-1,-2,0
18.788256,-1,0,-2,-1,-2,0,-1,1,0
18.788273,0,2,1,-1,0,0,0,0,0
18.789050,0,-1,0,-1,0,0,0,0,0
18.789072,0,6,5,-1,-1,-1,-2,-1,0
18.810723,-1,-12,-7,1,-1,-2,1,-1,0
18.810745,-2,1,-1,-2,-1,-1,-1,-1,0
18.813022,0,-1,-2,-1,-2,-3,-1,0,0
18.813032,-3,0,1,-2,0,-2,-2,-3,0
18.824394,0,0,-3,-1,1,-1,-2,0,0
18.824416,-2,-2,-1,0,-1,-1,0,-3,0
18.832908,-1,-2,-2,-2,1,0,-1,0,0
18.832944,0,1,0,0,-2,-1,1,1,0
18.848230,0,2,2,-1,-1,-3,-2,-1,0
18.848239,-1,-3,-4,-1,0,-1,0,1,0
18.848955,-1,4,2,0,-1,-1,-3,-1,0
18.848995,-2,-5,-3,0,-2,0,1,1,0
18.870918,-6,-6,-2,-1,-3,0,-2,-8,0
18.870995,-6,-1,1,-2,-2,-1,-3,-4,0
18.872816,1,0,-1,0,-3,0,0,1,0
18.872822,2,1,1,-1,0,-1,-1,2,0
18.884675,1,1,0,-2,-1,0,0,1,0
18.884694,1,-2,-2,-1,-1,0,-1,0,0
18.894324,0,1,0,-1,-1,-1,-1,-2,0
18.894333,-1,-5,-2,-2,-2,-2,-1,-1,0
18.909862,-1,1,1,0,-2,1,-2,0,0
18.909867,-2,4,3,0,-1,-2,-1,-1,0
18.909869,0,-9,-5,-1,0,-1,-1,0,0
18.909871,-1,-2,-2,0,0,0,0,0,0
18.930964,2,2,1,-1,0,-1,0,0,0
18.930992,-2,-2,-3,-1,-1,-2,-1,-2,0
18.933310,-2,-2,-1,-2,-2,-1,-1,-1,0
18.933318,-1,0,-2,-2,-1,1,0,-2,0
18.944324,0,3,4,-2,1,-1,0,-2,0
18.944346,3,4,0,0,1,-2,-1,1,0
18.954794,-6,-9,-3,0,-1,-1,-2,-4,0
18.954799,-1,-4,-4,0,0,-1,1,0,0
18.968238,-3,-4,-4,-3,-3,-2,-2,-3,0
18.968265,-2,1,2,-2,-1,-1,-2,-2,0
18.974517,2,2,1,-1,1,-2,0,0,0
18.974532,1,1,1,-2,-1,-1,-1,1,0
18.998246,-2,3,0,-1,-1,-1,-1,-1,0
18.998266,0,-4,-1,0,0,-1,-2,0,0
19.000075,-2,-2,-2,0,-2,-3,-1,-1,0
19.000156,-3,-3,-2,-1,-1,-1,-3,-2,0
19.013590,0,1,0,-1,0,-1,-1,0,0
19.013632,-1,-2,-3,-1,-1,-1,-1,0,0
19.015622,1,0,0,-1,-2,-1,1,0,0
19.015629,-1,0,-2,-1,0,-2,-1,-3,0
19.028387,0,-3,-2,-1,0,-2,0,1,0
19.028408,-1,-2,-3,-2,-1,-1,0,-1,0
19.030352,0,3,-1,0,-1,0,-1,-2,0
19.030367,-1,-2,-2,-3,0,-1,-1,-2,0
19.051581,-1,0,-1,-2,1,-1,-1,0,0
19.051721,-1,-4,-4,-2,-2,0,1,1,0
19.052257,-2,4,2,0,0,0,-1,0,0
19.052271,2,4,2,0,-3,-1,-1,-1,0
19.073425,0,-3,-1,-1,-1,-2,-2,-1,0
19.073454,-2,-1,0,0,-1,-1,-2,-2,0
19.076136,0,-1,-3,-2,-2,-2,1,-1,0
19.076140,-3,-5,-1,-1,-1,-1,-1,0,0
19.087591,1,2,0,0,-1,-1,1,1,0
19.087614,-1,-1,-1,-1,-2,0,-1,-1,0
19.094579,1,-2,-2,0,1,-2,0,1,0
19.094598,0,-3,1,1,0,0,-1,-2,0
19.113418,1,-1,-3,-1,-4,-2,0,-1,0
19.113431,-1,0,2,-1,-1,0,-2,1,0
19.113434,-2,0,-3,-1,-1,0,-1,-2,0
19.113435,-1,3,1,-2,0,0,0,1,0
19.133752,-1,-2,-2,-1,0,0,-2,0,0
19.133792,-1,0,-1,-1,-1,-1,-1,-2,0
19.135562,0,-2,-2,-2,0,-2,-3,-1,0
19.135567,-2,-2,-1,0,-2,-3,-2,-2,0
19.147677,-3,-3,-3,-3,-1,0,-1,-2,0
19.147698,1,0,1,0,-2,-2,0,-1,0
19.154484,-1,-1,1,0,0,0,-1,-2,0
19.154506,-2,-5,-4,0,-1,-1,-1,-1,0
19.170786,-1,0,-3,1,-1,-2,0,-1,0
19.170808,0,6,1,-1,0,0,1,1,0
19.172859,-2,-15,-8,0,-2,-2,-2,-4,0
19.172865,-1,-1,0,-1,-2,-1,0,-1,0
19.193455,-4,-6,-2,-1,-1,-2,-2,-3,0
19.193473,-2,-1,0,0,0,-1,0,-2,0
19.194763,-1,5,3,1,-1,1,1,1,0
19.194782,0,1,-2,-2,-1,-1,0,-1,0
19.215843,0,-1,1,0,-2,1,-1,0,0
19.215868,0,-3,-1,-1,-1,0,0,0,0
19.217742,-1,0,1,-2,-2,-3,-1,-1,0
19.217827,-1,1,-1,-1,0,-1,-2,0,0
19.230942,0,2,-2,-1,0,-1,0,-1,0
19.230968,-2,-1,1,-2,-1,0,-2,-1,0
19.233724,1,-1,-3,-1,0,1,-2,1,0
19.233730,-3,-1,0,0,0,-1,0,-3,0
19.253215,0,1,2,-1,-2,-1,-1,-2,0
19.253288,-2,-2,-3,-1,1,-2,0,0,0
19.254656,1,1,0,0,0,-2,-1,1,0
19.254669,-3,0,2,-2,-2,-1,-3,-1,0
19.269704,-1,-1,-1,1,0,-1,-3,-1,0
19.269711,-3,-3,-4,-2,-3,-1,-1,-1,0
19.274670,-1,-6,-5,-1,-1,1,-1,0,0
19.274690,1,4,2,-2,1,-1,0,1,0
19.290876,0,1,-1,-1,-1,-3,0,-2,0
19.290900,2,0,-2,1,-1,-2,-3,0,0
19.293365,-3,4,2,-1,-1,-1,-1,0,0
19.293370,2,-4,-4,0,0,1,1,1,0
19.313588,-6,-7,-2,-1,-1,-3,-1,-5,0
19.313620,0,-2,-2,-2,0,-1,-2,-1,0
19.315806,0,1,1,-1,-1,-1,0,-1,0
19.315812,1,0,-1,0,1,0,-2,1,0
19.328133,2,1,2,0,0,0,-1,0,0
19.328242,-1,-4,-5,-1,0,-1,-2,-1,0
19.334740,-2,0,-1,-2,0,-1,-2,-3,0
19.334760,-4,-1,-1,0,-1,-1,-1,-1,0
19.350974,-1,-1,-1,-2,-1,0,0,0,0
19.351001,0,-5,0,-2,-2,0,1,-1,0
19.352276,2,0,0,0,-1,-2,-2,1,0
19.352287,0,-1,-2,0,-1,-3,0,-1,0
19.380824,-1,1,0,0,-1,-3,-1,0,0
19.380844,-1,0,-2,-2,0,1,-1,-2,0
19.382518,-3,-12,-11,-1,0,-2,1,-1,0
19.382554,0,-1,5,0,-2,0,-1,-1,0
19.387901,-2,2,-1,-1,-1,0,-1,1,0
19.387924,-1,3,2,-1,-1,-3,-1,-1,0
19.394602,0,-3,-1,1,-2,0,-1,-1,0
19.394623,-1,-5,-2,-1,0,-2,-1,-2,0
19.410894,0,-3,-1,0,-1,-1,-2,0,0
19.410952,1,1,2,-1,-1,-2,-2,0,0
19.412131,-2,1,1,-1,0,0,-1,-2,0
19.412144,1,0,-1,-3,-3,0,-1,1,0
19.433596,-1,2,1,0,0,0,0,0,0
19.433653,-2,-1,-1,-1,1,-2,-2,-3,0
19.436143,-1,3,1,-2,-1,-2,-1,0,0
19.436150,-3,-7,-7,-1,0,-1,-2,-1,0
19.447808,-1,-1,-4,-3,-1,0,-1,-1,0
19.447826,-3,-3,-2,0,-1,0,1,0,0
19.454322,-1,0,2,-1,0,0,0,0,0
19.454353,0,3,1,-1,-1,0,-1,-2,0
19.470792,-5,-3,-2,-1,-2,-2,-2,-5,0
19.470825,0,-3,-3,0,-2,-2,-1,0,0
19.472188,-1,3,2,0,-1,-1,-1,0,0
19.472202,-2,2,0,-2,-1,-2,-1,1,0
19.493236,0,-2,0,-1,-2,-1,-1,-1,0
19.493253,-1,-7,-8,0,-1,-1,-1,-2,0
19.494646,-1,0,0,-2,-1,0,-1,-2,0
19.494655,-2,-3,-2,-1,-2,-1,-2,-4,0
19.507496,-2,0,-2,-4,1,-1,0,1,0
19.507516,-3,-1,0,-1,-2,0,0,-2,0
19.517359,-2,-1,-2,-1,-1,-1,-2,-1,0
19.517380,-2,-3,-1,0,-2,-2,-1,-1,0
19.531003,0,0,0,0,-1,-1,0,-1,0
19.531025,-2,0,2,0,-1,0,-2,-4,0
19.533647,-1,-1,0,-2,0,-1,0,0,0
19.533661,-3,-1,1,-2,-2,-1,-2,-4,0
19.553697,2,-5,-5,-1,-1,-1,0,0,0
19.553782,-1,4,3,0,0,2,0,-1,0
19.556295,-2,-4,-3,0,-1,-1,-2,-2,0
19.556301,0,2,0,0,0,-1,-2,0,0
19.566966,-1,0,0,1,-4,-1,-2,-1,0
19.566983,-2,-1,0,-3,-2,0,0,1,0
19.576650,-1,0,-2,-2,1,-1,-2,-3,0
19.576655,-1,-4,-1,0,0,-2,1,-1,0
19.590982,-1,-6,-3,0,-1,0,-1,-2,0
19.591000,0,2,2,-1,0,-1,-2,0,0
19.592264,-1,2,-1,-1,-2,0,-1,-1,0
19.592270,0,1,-2,-2,-1,-1,-1,0,0
19.614168,1,2,2,-2,-2,-1,-1,0,0
19.614176,-1,-1,2,-1,-2,-2,-3,-1,0
19.614799,-1,-4,-5,-2,0,0,-1,-1,0
19.614807,-2,-1,-2,-1,-1,-2,0,-2,0
19.628292,-2,1,0,-1,0,-2,-1,-1,0
19.628301,-1,-1,-3,-2,-2,-3,-1,-2,0
19.636655,-1,-1,1,0,-1,-1,-2,-1,0
19.636660,1,3,0,1,-1,0,0,1,0
19.650979,-3,-2,-1,-2,2,2,0,1,0
19.651008,0,0,-1,0,-2,0,-1,1,0
19.652223,-3,5,2,-1,-3,-3,-2,-3,0
19.652269,-2,-15,-7,-2,-1,0,0,0,0
19.673545,-1,-3,-2,-2,-1,0,1,-1,0
19.673571,0,-3,-2,0,1,-1,-1,2,0
19.676367,-1,2,1,-1,-2,-1,0,1,0
19.676374,-3,4,3,0,1,0,-2,-1,0
19.686914,-3,0,-2,-2,-1,-3,-1,-4,0
19.686937,-3,-4,-3,-1,-2,0,-1,-3,0
19.697691,1,-2,-2,-2,-1,0,0,0,0
19.697704,-5,-2,-7,-2,-1,-1,-2,-3,0
19.710632,0,-5,-5,0,0,0,0,0,0
19.710648,-1,1,0,0,1,-1,0,0,0
19.712106,-1,-3,0,0,0,-1,0,1,0
19.712138,2,0,-1,-3,0,0,-2,0,0
19.733837,0,4,1,-1,-2,-2,-1,-1,0
19.733863,-1,-2,0,-1,-2,-3,-1,-2,0
19.735451,1,-3,-1,0,-2,-1,0,0,0
19.735455,0,2,0,-1,0,-2,-1,-1,0
19.747022,-1,-1,0,0,-1,-1,-2,0,0
19.747046,-2,-1,-1,-2,-1,-1,-2,-1,0
19.755816,-2,-1,-2,-2,-1,-1,-1,0,0
19.755837,0,-3,0,-1,-1,-1,-3,-1,0
19.770678,0,1,-1,0,0,-1,-1,1,0
19.770687,-1,0,-1,0,-1,-1,-1,-1,0
19.772207,-2,-5,-3,-1,0,-1,-2,-2,0
19.772220,-1,2,0,0,-2,0,-1,-3,0
19.793466,0,-6,-3,0,0,-2,-1,2,0
19.793485,0,-2,-3,-1,-1,1,0,1,0
19.795379,-2,0,-2,0,-1,-1,-1,-1,0
19.795382,1,3,5,-1,-2,0,1,0,0
19.807025,-4,-3,-4,-2,-3,-2,-1,-4,0
19.807047,-1,0,-1,-2,-2,-1,1,-1,0
19.818253,-1,-2,0,-3,-2,-1,0,-1,0
19.818271,-1,-4,-3,-2,0,-2,0,-1,0
19.833657,0,3,3,0,0,0,-1,-1,0
19.833665,-2,-3,-4,-1,-2,1,-1,-4,0
19.833668,-1,0,-2,-2,-1,0,-1,-1,0
19.833670,-1,-1,2,0,-1,0,0,-1,0
19.853207,-1,-2,0,0,-2,-1,-3,-1,0
19.853225,0,-1,-1,-1,1,0,0,-1,0
19.854693,-2,0,1,-1,1,-1,-1,-2,0
19.854778,-1,3,1,0,-1,0,-1,-1,0
19.867098,0,-4,-2,-1,0,-1,0,0,0
19.867134,-1,2,3,-2,-2,-1,-2,1,0
19.878761,-1,-1,-4,0,0,-1,-1,-3,0
19.878770,-1,4,1,1,-1,-1,-2,-3,0
19.891123,-2,-7,-5,-2,0,2,1,-1,0
19.891146,0,3,1,-1,0,-1,-1,-2,0
19.893492,0,-2,-1,-1,-1,-1,-1,0,0
19.893498,-1,2,0,0,0,-1,-3,2,0
19.913404,0,0,2,-1,-2,-2,-1,0,0
19.913430,1,-2,-3,-1,-1,-1,1,1,0
19.914782,-3,1,2,-2,-3,-2,-2,-3,0
19.914811,-1,-4,-3,-1,-2,0,0,-2,0
19.926826,0,-1,1,0,0,-2,-1,0,0
19.926840,0,-1,-1,1,-2,-1,1,0,0
19.936479,2,3,4,-1,-2,0,0,-1,0
19.936484,-3,-4,-4,-2,-3,-2,0,1,0
19.950935,-1,7,1,0,-1,-1,0,-2,0
19.950952,-4,-6,-2,-1,-2,-1,-1,-3,0
19.952628,-1,-6,-4,1,-1,0,0,-1,0
19.952633,-2,-3,0,-3,-2,0,-2,0,0
19.973805,1,2,0,-1,-1,0,-1,-1,0
19.973812,-1,4,1,-2,1,-1,-2,0,0
19.974739,-1,-1,-2,-2,-2,-2,-1,-2,0
19.974745,0,-3,-2,-1,-1,-1,0,-1,0
19.996032,-2,0,3,-1,-2,-2,-2,-4,0
19.998260,1,-6,-4,-1,-1,0,-2,0,0
19.998267,-3,2,1,0,-2,-2,-2,-2,0
19.998269,-1,-1,-3,0,-1,-1,0,1,0
20.010832,1,0,0,0,-1,-1,0,-1,0
20.010848,0,-2,-1,0,0,-1,2,0,0
20.014095,0,-2,-2,-2,0,0,-1,0,0
20.014104,-2,-3,-2,-3,0,-1,-1,-2,0
20.033532,-2,-2,-3,-1,-2,-3,-1,-3,0
20.033571,-3,-1,-1,1,-1,0,-2,-2,0
20.035965,-1,1,0,-1,-2,-2,-3,1,0
20.035971,-2,-1,1,-1,0,-1,0,-2,0
22.058682,-6,-105,16,15,5,6,8,-20,4
22.059343,62,-15,21,-5,-4,-5,-7,19,4
22.060685,-15,-23,14,1,-2,-3,-1,-14,4
22.060689,62,-72,-51,-19,-5,-6,-8,-40,4
22.080735,-15,27,5,8,0,0,-3,-30,4
22.080757,27,38,15,7,6,5,6,29,4
22.082313,70,-90,-60,-15,-4,-4,-3,30,4
22.082393,-56,76,3,7,1,0,0,-8,4
22.095018,51,-61,-13,-4,-4,-3,-1,-6,4
22.095051,-48,51,8,1,-1,0,0,-34,4
22.101924,25,23,28,13,7,5,8,29,4
22.101941,53,7,-4,-4,-4,-6,-11,-28,4
22.118263,32,7,-7,-4,0,0,6,30,4
22.118282,12,-12,-11,5,3,3,5,5,4
22.119812,-40,-10,-17,0,1,3,6,-52,4
22.119898,-43,24,15,-1,1,-4,-9,48,4
22.142408,83,-77,-8,-3,-1,-1,-2,-6,4
22.142414,56,101,10,3,-4,-5,-6,-19,4
22.142417,-14,-29,-8,-1,-1,-1,-2,7,4
22.142419,-82,0,-10,-6,-3,-3,-1,-60,4
22.155187,82,6,-14,-4,-2,0,0,37,4
22.155210,-110,80,17,5,-1,-2,-8,-35,4
22.162115,-94,12,-32,-2,-1,-3,-4,27,4
22.162138,-35,21,-19,-4,-1,2,5,-1,4
22.178610,-14,-25,16,5,1,1,5,29,4
22.178640,-89,43,-1,-1,-1,-3,-5,-40,4
22.181400,98,111,25,-2,-3,-4,-7,-16,4
22.181407,127,122,39,12,4,7,12,12,4
22.201017,24,-19,-13,-2,-2,-2,-10,-17,4
22.201046,68,35,-22,-4,-2,-4,-2,-12,4
22.202621,-32,-29,20,1,-1,0,-5,-26,4
22.202625,-78,57,-29,6,3,2,3,-32,4
22.215060,21,18,-15,-6,-7,-5,1,14,4
22.215096,-32,-49,-1,7,4,4,6,14,4
22.221795,-32,-78,-8,-6,-2,-1,2,20,4
22.221812,-16,39,14,1,-2,-2,0,-24,4
22.238181,16,44,24,7,2,0,-7,-26,4
22.238194,19,21,5,-15,2,-1,2,16,4
22.239742,86,6,-1,-2,-5,-3,-2,2,4
22.239757,88,6,-2,1,3,0,0,14,4
22.260664,68,-38,-28,-12,-7,-5,-3,13,4
22.260683,58,45,-16,4,-2,-3,-4,-6,4
22.262085,99,85,26,8,3,6,12,26,4
22.262184,36,-94,-10,-19,-8,-5,0,69,4
22.275381,74,107,51,27,6,1,-11,-95,4
22.275409,17,-128,-51,-11,-8,-4,0,35,4
22.282132,-69,-39,0,1,-3,-2,-4,-22,4
22.282169,-91,73,9,4,0,-1,-2,-3,4
22.299523,73,-53,-49,-22,1,2,10,17,4
22.299532,61,-65,7,4,3,4,5,-2,4
22.299968,16,-71,-13,5,0,-3,-3,-2,4
22.300027,-48,-104,-15,-13,-6,-5,-8,-17,4
22.320746,-69,35,10,3,0,0,2,4,4
22.320777,-84,-32,9,-1,0,1,-6,-78,4
22.322543,50,52,3,2,1,2,6,34,4
22.322548,97,-64,4,5,1,4,6,-28,4
22.335097,85,67,0,-2,-3,-6,-11,9,4
22.335120,-4,-17,22,-2,0,2,8,35,4
22.341803,-14,23,1,4,3,1,-2,-6,4
22.341823,-78,60,19,5,3,2,6,-3,4
22.358765,-93,-40,-10,-12,-7,-5,-10,8,4
22.358794,-59,-3,6,1,0,2,11,55,4
22.361711,80,56,10,-2,-4,-8,-16,7,4
22.361718,17,-45,-4,5,3,4,4,11,4
22.380734,59,-70,5,7,1,0,-1,30,4
22.380752,-58,38,18,-2,0,1,2,-26,4
22.382571,66,23,19,3,0,0,-1,-20,4
22.382599,-47,-27,-20,-11,-3,-10,-15,0,4
22.394366,-120,-12,11,-7,1,5,13,9,4
22.394380,87,-60,-25,-1,-3,-3,-11,0,4
22.403934,34,-14,-20,-6,-3,-2,-1,-17,4
22.403939,100,50,8,12,2,1,0,1,4
22.418698,108,73,-1,-13,0,0,7,-20,4
22.418728,10,28,-34,-12,-7,-9,-11,12,4
22.420128,-10,-17,8,-2,2,2,6,14,4
22.420133,110,-74,9,7,2,1,2,29,4
22.441879,96,-56,-17,-9,-2,0,1,-10,4
22.441885,35,26,-3,6,1,2,1,-2,4
22.442184,23,-123,-38,-19,-3,-1,8,10,4
22.442207,-46,-48,-5,-6,-3,-2,2,58,4
22.454598,-59,-46,26,13,0,-7,-18,-101,4
22.454636,22,-58,2,-4,1,1,5,52,4
22.465728,24,98,-12,-2,-5,-8,-12,-5,4
22.465737,-106,18,18,-2,4,3,8,0,4
22.478758,22,-105,-15,0,0,2,1,16,4
22.478789,35,74,27,8,2,0,-3,-7,4
22.481119,55,49,12,7,-3,-8,-18,-26,4
22.481125,5,-24,-36,-11,-5,-5,-4,-16,4
22.502875,103,127,-4,-1,-2,0,1,4,4
22.502879,87,-46,6,-2,-2,0,1,0,4
22.502882,-44,-31,6,-6,0,0,-1,10,4
22.502884,70,89,8,9,0,1,2,-31,4
22.514667,-70,-23,-7,-4,-4,-3,4,40,4
22.514688,33,21,-11,-3,0,-4,-8,-27,4
22.524846,27,13,-1,-3,-3,0,5,51,4
22.524850,51,51,12,-1,0,0,-3,-28,4
22.538319,-118,115,16,5,2,0,-2,-4,4
22.538341,-29,-35,26,-1,-5,0,2,-4,4
22.539860,22,-41,-27,-8,-1,-2,0,-11,4
22.539881,101,-18,-7,-7,-5,-2,-4,-2,4
22.560688,-31,-58,-36,14,4,2,2,19,4
22.560783,-79,38,-21,-9,-4,-10,-13,-21,4
22.562179,-128,-90,-25,-11,-2,-1,0,-9,4
22.562229,-43,-106,-7,-5,-3,1,2,-11,4
22.574377,-4,-1,5,1,-1,2,4,6,4
22.574396,20,45,-14,-3,-1,1,3,0,4
22.583751,58,10,-14,2,0,1,2,26,4
22.583785,-43,24,11,4,2,2,5,14,4
22.598387,-37,20,-8,-2,-3,-8,-20,-20,4
22.598394,-8,-128,-14,-3,2,2,4,1,4
22.608258,-106,78,8,0,-1,-2,-4,-52,4
22.608265,76,-5,-17,-9,-7,-9,-15,10,4
22.620725,65,-77,3,-12,-1,1,9,29,4
22.620750,9,98,11,16,3,3,2,17,4
22.622293,-57,-80,1,4,2,1,-2,-15,4
22.622300,-8,5,7,0,0,-3,-3,-10,4
22.634472,-7,-28,-2,-1,-2,-3,-3,-20,4
22.634492,-88,-76,-20,-12,-5,-4,-3,-21,4
22.645305,59,29,46,14,5,6,9,4,4
22.645311,14,59,-22,-8,-6,-4,-4,1,4
22.661272,55,46,45,11,7,5,4,4,4
22.661278,79,22,14,-2,2,3,9,10,4
22.661281,-52,-71,-20,-4,-1,-1,-1,-28,4
22.661282,-90,38,13,0,-1,-3,-7,9,4
22.681019,-15,-128,-12,-5,1,0,-7,-86,4
22.681038,24,127,25,11,3,-1,-1,15,4
22.682345,-82,-74,-25,-16,-8,-5,-6,-21,4
22.682350,30,-13,-15,1,4,6,10,9,4
22.694363,-28,-17,7,0,1,2,2,25,4
22.694378,31,28,34,8,5,6,1,-26,4
22.704000,31,-78,-25,-10,-5,-5,-6,9,4
22.704006,-41,14,-6,13,2,-1,0,-13,4
22.718381,-32,93,-27,-7,-4,-5,-5,26,4
22.718404,40,62,9,2,-1,-1,1,12,4
22.719724,72,-41,-5,2,-3,1,7,41,4
22.719758,-27,-6,-5,-7,-5,-5,-7,-25,4
22.740898,90,73,11,5,4,4,6,37,4
22.740918,-98,-103,-11,-7,-3,-6,-14,-62,4
22.742204,-85,43,-4,-7,-1,-2,-1,34,4
22.743376,-31,-87,-6,15,3,4,2,-34,4
22.763448,2,121,20,1,-6,-6,-2,40,4
22.763482,49,-128,-46,-14,-4,-5,-5,0,4
22.766109,69,127,30,12,4,2,-3,-12,4
22.766115,29,-4,0,-3,2,3,5,-5,4
22.778326,58,81,-8,-4,0,1,1,-45,4
22.778350,-38,78,21,2,-5,-3,-2,2,4
22.780613,-57,6,-11,-7,-1,-1,4,2,4
22.780621,68,84,9,2,0,-1,-2,41,4
22.801265,-36,-27,-11,-8,-2,2,7,9,4
22.801274,13,-10,-10,8,2,0,-2,4,4
22.802283,29,61,19,18,1,-2,-1,-13,4
22.802316,-85,31,24,-4,2,-2,0,10,4
22.823405,33,12,-2,-1,-4,-7,-9,8,4
22.823428,21,20,-5,1,0,1,-1,-65,4
22.825376,21,57,29,7,5,5,8,57,4
22.825383,-5,-112,-34,-14,-8,-3,-5,13,4
22.838240,-17,-37,-9,3,0,-1,3,-34,4
22.838262,-20,84,13,2,0,2,1,69,4
22.840142,109,71,22,9,4,-1,1,9,4
22.840146,36,-39,-5,-5,-3,-2,-3,-48,4
22.861217,63,-62,-15,-13,-5,-5,-9,34,4
22.861247,81,37,14,6,3,4,8,-12,4
22.864125,-17,8,-9,-9,-3,1,2,-5,4
22.864132,-48,-92,-30,-12,0,-1,4,18,4
22.883516,-82,104,33,12,4,1,2,13,4
22.883542,94,24,-10,3,2,-2,-5,2,4
22.884789,83,-127,-37,-15,-7,-3,-4,-11,4
22.884807,127,127,27,16,2,0,-3,-10,4
22.897638,9,-102,-4,-11,-3,-3,0,-1,4
22.897657,-128,-65,-11,-3,-2,-1,4,12,4
22.904469,-2,-43,-3,-6,-3,-5,-5,18,4
22.904491,-18,26,20,-4,-2,-3,-7,-37,4
22.920770,108,68,-5,6,-3,-1,3,17,4
22.920796,32,-95,4,-9,-3,-5,-10,0,4
22.923194,-87,-112,-41,-9,-3,-2,-3,-16,4
22.923204,-37,47,12,7,4,3,5,28,4
22.943498,-68,-62,-13,4,-2,-3,-6,-19,4
22.943518,-33,-2,-17,0,-3,-3,-4,23,4
22.944918,-70,17,-11,-9,-3,-6,-15,-60,4
22.944992,92,-33,-3,3,0,0,0,0,4
22.958277,64,83,16,-2,0,0,0,-13,4
22.958299,73,96,27,15,7,7,15,26,4
22.964609,-29,-42,-1,-11,-3,-3,-4,-7,4
22.964638,38,-34,-15,2,-1,-1,1,11,4
22.981118,19,39,25,10,2,2,2,23,4
22.981136,127,68,11,1,-2,-7,-7,-5,4
22.982682,-33,61,33,9,6,7,8,3,4
22.982691,41,-31,-27,-9,-5,-7,-7,-32,4
23.003177,-42,25,6,3,1,1,0,13,4
23.003186,-93,-71,-23,-16,-2,0,0,-47,4
23.004693,-114,-56,21,3,-1,1,7,15,4
23.004707,-24,88,53,13,4,4,3,-20,4
23.018334,-105,-128,-58,-10,-1,0,0,-29,4
23.018341,-15,44,20,5,-2,-1,-5,33,4
23.024915,69,-51,-13,-9,-6,-8,-17,-35,4
23.025031,-28,21,4,-1,3,8,17,42,4
23.040940,-49,-26,-27,-9,-6,-9,-10,-9,4
23.042950,19,-90,-9,-12,-4,-8,-9,-56,4
23.042955,51,50,12,14,5,5,4,56,4
23.042957,57,52,5,10,4,2,-11,-44,4
23.065816,66,-128,-11,-11,-8,-2,9,17,4
23.065919,-113,37,2,-7,-1,-3,-5,16,4
23.065924,106,8,12,-4,-4,-1,2,-24,4
23.065926,79,-42,10,11,3,1,5,38,4
23.078225,0,97,26,8,2,-1,-9,-21,4
23.078264,-82,55,-15,1,0,4,9,-14,4
23.084685,93,-36,39,8,5,4,4,38,4
23.084714,-6,-57,-29,-21,-9,-7,-6,2,4
23.108291,-4,2,11,0,1,-1,4,19,4
23.108316,31,55,20,11,0,1,1,-2,4
23.109732,38,127,15,3,0,-4,-8,-20,4
23.109763,-21,-75,-27,-9,-3,-4,-4,11,4
23.123395,19,13,10,3,1,0,-1,4,4
23.123417,18,49,-15,-5,1,7,12,-11,4
23.125463,-93,-38,-29,-5,-6,-5,-8,-46,4
23.125468,55,14,-23,-8,-3,-3,-4,45,4
23.137714,-50,-99,-23,-12,-2,2,5,-5,4
23.137737,75,4,8,-3,0,-1,-3,19,4
23.144342,43,-5,-35,9,-1,-2,-2,0,4
23.144361,-79,12,5,-1,-4,-3,0,-10,4
23.160655,-36,48,1,2,3,3,2,12,4
23.160669,12,-101,-14,-5,-7,-7,-19,-30,4
23.162110,94,41,-5,-13,-1,-4,-3,-3,4
23.162124,-29,3,3,-6,-4,-6,-7,-21,4
23.183417,-56,0,-11,-4,-2,-1,5,23,4
23.183452,-11,-127,-7,7,2,-1,-2,-1,4
23.186099,34,-94,-26,-3,-2,0,6,22,4
23.186105,-72,-5,-21,-9,-6,-5,-4,14,4
23.197792,127,112,58,10,5,2,-3,-78,4
23.197814,-58,5,-28,-16,-6,-6,-4,0,4
23.204451,-66,29,12,10,4,4,7,8,4
23.204474,33,-2,-20,-10,-3,-6,-7,-19,4
23.221073,23,6,12,7,-4,-1,1,-3,4
23.221083,-83,105,19,-2,1,-2,0,30,4
23.222183,49,-65,20,3,3,3,5,10,4
23.222235,18,34,6,-1,-1,0,-5,-52,4
23.243394,65,-25,-9,-1,-1,-2,-3,-23,4
23.243410,33,-110,-10,0,-3,-1,3,49,4
23.246282,48,-21,-50,-21,-9,-7,-8,-3,4
23.246299,-21,-26,-1,-2,2,2,5,21,4
23.257711,-42,52,-1,-3,-2,-2,-3,25,4
23.257729,26,11,12,8,6,6,8,-47,4
23.264486,-57,-21,-27,-13,-4,-3,-6,-35,4
23.264507,36,-43,15,4,1,-1,-3,-8,4
23.281014,50,15,11,1,2,1,3,-13,4
23.281043,67,-70,17,8,0,-2,1,17,4
23.283139,-128,-5,-1,-4,-5,-6,-9,19,4
23.283146,62,37,-2,10,1,2,1,-45,4
23.303343,71,57,61,16,11,3,4,27,4
23.303370,-2,17,-73,-28,-9,-5,-2,-5,4
23.304838,81,47,19,21,3,1,-6,-29,4
23.304932,0,88,24,0,2,-1,8,35,4
23.317195,-20,-7,-18,-1,-3,-2,-5,-8,4
23.317226,69,-53,-1,1,-2,0,3,18,4
23.326779,9,24,9,-6,0,2,3,-1,4
23.326784,55,32,17,22,4,3,1,5,4
23.340707,-21,-84,-51,-16,-5,-3,-2,-9,4
23.340725,-33,14,12,4,0,-3,-7,-17,4
23.342230,44,22,-1,-5,-2,-1,1,1,4
23.342235,-117,11,0,2,1,1,3,-1,4
23.363510,-17,-107,15,-3,-2,-5,-7,3,4
23.363541,-55,-33,11,0,-1,-3,-12,-28,4
23.364844,76,49,-9,0,0,0,4,50,4
23.364862,90,67,-5,-3,0,-3,-4,40,4
23.377616,-28,-110,-42,-13,-5,-5,-7,-9,4
23.377622,13,127,31,8,3,2,7,11,4
23.387379,-38,45,26,-4,-3,-6,-12,-39,4
23.387386,-20,-62,-14,-12,-7,-5,-1,0,4
23.400779,-33,82,-11,-8,-9,-7,-12,-5,4
23.400799,50,-8,-12,-5,0,0,0,5,4
23.402264,71,7,24,12,6,6,5,18,4
23.402272,-15,-20,4,0,-1,-2,-2,-7,4
23.423668,46,41,1,6,-1,0,-4,-1,4
23.423674,82,72,7,1,1,1,4,6,4
23.424699,-36,-52,-46,-12,-6,-5,-7,-32,4
23.424706,78,-42,-10,-4,-3,-1,0,-4,4
23.439177,0,21,-2,-4,1,-1,0,-5,4
23.439190,17,-26,9,13,3,5,10,52,4
23.447821,-126,-71,-1,0,1,0,1,-70,4
23.447827,-95,-77,-6,-3,-2,-2,-6,39,4
23.461214,-7,-4,-44,-12,-2,-2,1,-40,4
23.462688,-78,79,32,-4,-2,-3,-4,26,4
23.462697,-38,1,-6,3,1,0,1,-40,4
23.462699,13,66,3,0,0,-1,-2,-4,4
23.483602,-29,1,8,3,2,6,14,32,4
23.483643,62,31,-12,-2,1,-1,-3,-13,4
23.486424,-3,-3,-9,-4,-3,3,4,27,4
23.486431,2,30,2,-2,-1,-2,0,-5,4
23.497314,6,12,7,7,3,3,2,-14,4
23.497345,54,-28,-8,-13,-4,-7,-13,-44,4
23.507067,63,40,2,6,0,-1,-1,20,4
23.507085,-50,28,-20,-1,-1,3,4,-17,4
23.520758,127,82,22,2,2,-2,-2,59,4
23.520782,-77,-128,-35,-11,-7,-3,0,0,4
23.522222,6,18,14,-3,4,2,1,9,4
23.522236,18,78,44,8,4,5,2,8,4
23.543176,-21,4,-41,3,-5,-6,-13,-43,4
23.543201,99,-46,-15,-3,-6,-5,-10,11,4
23.545469,58,-30,1,-4,-1,-3,-5,36,4
23.545473,88,47,-4,-3,1,0,-1,-23,4
23.557144,-34,-43,-5,6,0,3,7,26,4
23.557222,63,68,12,5,1,3,5,11,4
23.566961,-12,-15,-4,1,-1,-4,-10,-39,4
23.566968,-40,-108,-42,-12,-7,-7,-8,29,4
23.580913,12,16,24,-3,-1,-1,-5,-53,4
23.580930,-36,13,10,6,2,3,4,10,4
23.582391,-1,17,-3,-4,-2,-5,-8,-14,4
23.582416,79,19,10,2,1,-1,3,33,4
23.603240,121,-38,9,-7,-4,-2,4,22,4
23.603266,-45,-31,6,3,1,2,0,-20,4
23.604737,18,23,22,9,1,3,3,27,4
23.604770,-7,65,21,2,5,2,2,-36,4
23.617310,-25,-128,-58,-9,-4,-5,-8,22,4
23.617353,49,15,-13,-15,-1,-3,-8,-59,4
23.626604,-35,14,2,8,1,1,8,27,4
23.626609,61,19,16,-3,-3,-1,-8,-82,4
23.641307,-24,-13,19,-4,-2,-2,-1,3,4
23.641312,-12,-6,-10,1,-2,-2,-1,14,4
23.642103,10,62,-24,-9,-1,0,2,17,4
23.642116,-118,-103,-11,4,-1,0,0,-2,4
23.663324,68,-38,-22,-15,-8,-7,-3,21,4
23.663351,-80,-15,-8,2,-1,-3,-6,-5,4
23.665751,-21,-21,9,-7,-3,-1,-5,-11,4
23.665758,-12,-128,-30,-13,-6,-3,-1,18,4
23.677215,8,25,28,6,6,1,2,1,4
23.677238,-29,-33,-3,1,2,1,7,20,4
23.686929,4,70,27,7,1,0,1,-2,4
23.686938,4,-3,-1,3,0,-1,-2,-4,4
23.702797,-3,15,5,2,3,1,2,3,4
23.702804,15,-34,5,2,-1,0,2,50,4
23.702806,-87,35,28,10,3,-4,-14,-88,4
23.702808,-36,-79,-36,-22,-9,-5,-5,5,4
23.723588,-28,-76,-21,-6,-5,-2,-3,-47,4
23.723605,-54,21,-2,-5,-1,-5,-6,6,4
23.724852,53,-94,-7,4,1,3,8,20,4
23.724858,35,99,1,-2,-3,-2,-3,14,4
23.736856,-54,42,12,4,0,1,-1,-7,4
23.736881,11,16,15,8,2,2,-1,-25,4
23.748788,1,7,-6,-8,-6,-1,1,21,4
23.748797,23,-3,2,4,0,-1,3,5,4
23.761390,14,105,21,27,10,5,3,57,4
23.761419,62,-14,-17,-11,-6,-14,-25,-94,4
23.764941,-8,74,-15,-10,-3,1,7,51,4
23.764951,-45,54,23,9,4,4,9,-11,4
23.783289,-26,-53,-60,-36,-12,-9,-12,-2,4
23.783306,-41,44,25,9,5,5,9,16,4
23.785042,0,17,-10,3,0,-2,-2,-8,4
23.785071,34,-14,-1,-2,0,-1,-2,7,4
23.806064,-23,121,37,11,4,4,4,2,4
23.806093,28,15,-20,0,-1,1,1,6,4
23.808207,79,-3,1,-6,-1,-2,0,18,4
23.808213,-1,-4,10,-1,-3,-2,-6,1,4
23.820849,41,24,3,-2,-1,-3,-1,8,4
23.820872,21,-112,-7,0,-3,-1,0,-12,4
23.823295,-42,-47,3,4,4,6,9,12,4
23.823299,59,127,51,16,6,0,-4,-3,4
23.846466,-128,-128,-54,-18,-7,-3,-3,-17,4
23.846489,46,6,-2,-7,-6,-6,-4,17,4
23.846494,36,57,6,4,0,-1,-1,-12,4
23.846498,-114,12,8,10,4,1,0,2,4
23.865768,127,127,51,1,4,5,9,-34,4
23.865797,-68,-15,-43,-7,-5,0,3,10,4
23.868933,-47,58,12,-3,2,-2,-5,-17,4
23.868940,115,-23,-27,-9,-1,0,2,35,4
23.880975,-39,-14,30,13,1,0,-2,-36,4
23.880995,-66,50,-6,-3,-1,2,-3,20,4
23.882908,3,-23,-21,-7,-6,-3,0,2,4
23.882914,-49,-47,16,1,0,1,-2,-8,4
23.903401,23,57,29,8,1,0,0,2,4
23.903426,55,-67,-16,-13,-6,-7,-9,-10,4
23.905138,64,-92,-38,-7,-6,-2,0,32,4
23.905146,46,84,27,1,2,-1,-1,-18,4
23.925974,-57,8,-15,-1,-1,-1,-3,29,4
23.925995,-63,46,5,2,-1,-1,2,-2,4
23.928639,95,104,44,13,4,3,3,14,4
23.928644,-72,-124,-38,-10,-3,-3,-1,-11,4
23.940122,-16,-52,-19,-4,-3,-2,-2,-3,4
23.940141,90,122,41,12,6,8,13,3,4
23.947249,-48,-50,-4,1,-1,-1,-8,-18,4
23.947272,108,52,-21,-9,-9,-8,-6,-9,4
23.963618,88,81,-4,-1,3,2,5,-2,4
23.963657,41,100,42,9,2,1,1,16,4
23.965709,78,62,-1,-3,-4,-4,-4,2,4
23.965715,29,-87,-34,-9,-8,-10,-16,-42,4
23.985760,-15,6,-20,-6,-4,-3,1,8,4
23.985772,127,-25,-13,1,-1,-3,-4,-6,4
23.987298,-95,-99,-28,-10,-5,-3,-6,-29,4
23.987313,-59,2,15,10,3,2,-2,17,4
24.000364,-18,-59,13,3,0,-2,-7,2,4
24.000490,36,25,10,4,1,1,-1,-14,4
24.007391,-57,-17,-22,-6,-4,-6,-9,-9,4
24.007415,-4,13,-20,-12,-1,1,8,-1,4
24.023606,41,40,18,14,1,1,-1,7,4
24.023638,-44,35,5,7,2,3,6,44,4
24.026138,-30,-59,-7,-5,-4,-1,-4,-35,4
24.026145,44,39,-1,-4,-2,1,3,2,4
24.048306,106,-31,-14,-11,-2,-7,-10,-2,4
24.048312,-82,-100,-16,-1,0,2,6,-10,4
24.048315,76,113,48,16,6,3,4,28,4
24.048316,-35,-112,-45,-13,-9,-8,-11,-47,4
24.059730,30,68,-4,-5,-2,0,4,6,4
24.059818,-53,112,45,19,6,4,3,0,4
24.067244,5,-128,-25,-3,-3,-4,-1,8,4
24.068377,111,31,-5,-1,1,0,5,86,4
24.082656,-89,39,14,3,2,0,-6,-53,4
24.082683,-46,-2,-9,-4,0,0,2,-3,4
24.084651,95,-19,12,9,2,3,9,28,4
24.084658,63,-9,8,4,-2,-4,-8,10,4
24.105618,27,-9,-4,-1,-1,1,4,37,4
24.108195,90,-41,-9,-5,-2,0,-6,-62,4
24.113418,-54,-59,-8,-8,-4,-4,-3,-4,4
24.113444,-16,36,-7,-6,0,1,4,5,4
24.119410,-73,-23,3,4,-1,-1,-1,-11,4
24.119436,20,-88,-25,-9,-6,-5,-2,24,4
24.127209,-26,6,-6,-7,2,-2,0,19,4
24.127223,-128,6,22,5,4,-3,-6,-25,4
24.142494,11,78,8,-2,-2,2,5,3,4
24.142518,-10,20,-5,-7,-4,-2,-4,30,4
24.143937,24,31,17,2,3,2,1,-16,4
24.143946,-95,-34,-11,-4,-1,4,5,-2,4
24.165031,-19,-124,-16,3,-4,-4,-8,-19,4
24.165055,-75,-128,-25,-11,-5,-7,-6,-25,4
24.166545,61,127,6,1,0,1,1,8,4
24.166560,42,94,12,1,2,0,-3,-4,4
24.187488,31,-50,-15,-8,-5,-4,1,-19,4
24.187495,-91,-34,-4,1,-2,-2,-3,1,4
24.188295,-40,-18,-5,-2,-2,0,-1,-4,4
24.188309,-63,-61,-4,1,1,-1,3,-17,4
24.202733,-6,108,18,4,2,-2,-6,-8,4
24.202750,126,90,2,-1,-5,-4,-6,44,4
24.203105,-79,-1,-6,-1,-2,0,2,-44,4
24.204108,84,-34,-19,3,0,4,12,34,4
24.225040,13,-2,5,-1,-1,-1,-3,-2,4
24.225061,73,-83,-14,-14,-2,-3,-4,-10,4
24.226146,36,11,3,2,-4,0,0,28,4
24.226151,70,28,-4,-1,0,-1,-3,-34,4
24.239527,-9,-41,-2,0,2,4,11,36,4
24.239543,-98,97,37,17,7,5,9,-2,4
24.248664,-69,-126,-71,-23,-16,-16,-22,-54,4
24.248671,37,63,22,-2,5,2,-2,-14,4
24.265158,2,-56,-12,-10,-2,0,3,23,4
24.265165,-4,99,20,4,2,3,5,-1,4
24.265167,43,36,12,9,2,2,5,13,4
24.265169,15,-11,13,-2,-3,-2,1,11,4
24.285161,-73,-87,-23,-1,-3,-3,-7,-7,4
24.285191,78,-8,-6,-8,2,0,-2,-14,4
24.285776,0,88,17,13,3,1,2,9,4
24.285873,66,56,16,1,-2,-4,-3,11,4
24.299640,112,13,-14,-19,-7,-4,-5,22,4
24.299678,24,17,11,23,4,0,-4,-19,4
24.307352,-28,-41,-35,-9,-2,-2,-1,9,4
24.307377,-35,65,15,-3,2,1,4,12,4
24.322879,-40,27,20,8,1,1,-1,-44,4
24.322905,51,-20,-20,-12,-2,-1,2,27,4
24.325077,71,87,39,3,4,1,-1,5,4
24.325084,-111,-19,-4,15,3,4,2,-11,4
24.345151,-14,-63,-34,-24,-11,-10,-8,6,4
24.345173,-75,-43,-50,-18,-10,-6,-11,-38,4
24.345934,31,102,23,5,5,6,9,11,4
24.347537,-24,-118,-15,-6,-5,-1,0,17,4
24.367642,27,127,28,19,9,8,8,-4,4
24.367660,-43,12,7,-4,-1,-1,-1,-1,4
24.368928,9,-33,-6,-7,-3,-3,-4,17,4
24.368932,-1,7,14,3,0,0,2,-14,4
24.382898,-30,-41,2,-1,-2,0,-2,10,4
24.384972,34,-8,10,2,-1,0,1,-1,4
24.384979,-26,4,-1,-1,-1,2,-2,-14,4
24.384981,-22,-96,-63,-20,-9,-9,-9,-5,4
24.404973,101,98,9,3,2,1,0,1,4
24.405017,-95,13,-12,-10,-3,-4,-2,-3,4
24.405760,91,126,27,11,4,3,8,7,4
24.405786,77,-12,14,4,1,2,2,8,4
24.419429,112,-128,-32,-7,-5,-3,-3,-29,4
24.419447,92,103,32,-6,0,-1,3,18,4
24.427004,71,-111,0,5,0,0,-3,-30,4
24.427023,-49,54,24,14,4,3,5,49,4
24.443187,-45,-52,-21,-19,-4,-8,-11,-27,4
24.443216,-14,1,10,14,3,4,4,-3,4
24.443222,-58,81,30,3,0,-2,-2,-1,4
24.443227,-28,-51,8,6,0,3,2,-15,4
24.466625,-55,-80,-19,-6,-6,-5,0,56,4
24.466644,-23,60,-6,-4,-4,-4,-11,-34,4
24.466647,-103,-128,-17,-10,-5,-6,-9,-3,4
24.466650,-18,6,-15,-8,-5,-5,-3,-25,4
24.479818,53,74,50,20,7,6,6,13,4
24.479844,-31,8,-3,-2,0,-4,-6,6,4
24.487002,-1,54,-7,-5,-5,-3,0,9,4
24.487025,-9,7,11,-1,2,0,-3,-11,4
24.502609,-52,-43,-15,-1,-1,0,-2,-28,4
24.502635,-1,-89,-1,7,1,3,7,6,4
24.504565,102,-21,-17,-5,-2,-2,-2,-10,4
24.504574,11,28,-19,-10,1,-2,-2,45,4
24.525078,-73,48,9,5,1,-1,0,-40,4
24.526257,-35,-86,-18,-14,-4,-5,-8,-21,4
24.526269,-70,18,-5,1,-1,-2,3,8,4
24.526273,110,65,16,4,0,2,2,28,4
24.539507,87,26,1,7,3,3,5,19,4
24.539532,12,-17,15,-1,0,0,1,29,4
24.546982,-42,34,1,-8,-7,-7,-10,-30,4
24.547002,-18,46,2,-2,-4,-2,-3,0,4
24.563829,-18,-10,19,-2,3,0,3,29,4
24.563995,-23,-12,-15,-6,-3,-3,-3,-34,4
24.564002,82,35,-15,-6,-1,-2,0,-18,4
24.564007,-75,-6,-19,-6,-7,-8,-13,-12,4
24.585163,-76,4,10,4,-1,1,0,14,4
24.585183,127,21,-1,-1,1,0,3,23,4
24.586658,-109,-34,15,9,-1,1,0,-63,4
24.586664,53,-58,0,-13,-1,-3,-5,-31,4
24.599652,62,-76,-22,-6,-3,-1,-2,-6,4
24.599680,41,64,5,1,0,2,6,43,4
24.607166,66,66,8,0,3,1,-4,-57,4
24.607192,97,29,-2,0,-4,-2,5,36,4
24.622633,-96,-72,4,0,-1,-3,-2,-15,4
24.622657,0,5,-15,6,0,-2,0,-15,4
24.624850,-5,-31,-10,-4,-1,-1,2,52,4
24.624856,-7,-3,11,2,-3,-2,-4,-27,4
24.645165,87,46,26,2,-1,-1,0,15,4
24.645179,-13,-32,-8,6,2,1,1,-13,4
24.647939,50,-101,-19,-5,-2,-1,3,46,4
24.647947,-24,-7,15,1,1,-3,-7,-34,4
24.659480,-27,116,11,6,2,1,2,-1,4
24.659509,-26,-66,-21,-6,-4,-1,-1,-5,4
24.667231,-78,-105,-18,-1,-2,0,-2,-3,4
24.667255,-63,11,9,4,3,4,8,-17,4
24.682985,68,127,7,-6,-6,-7,-9,-15,4
24.683034,-28,4,8,-1,-2,-2,-2,18,4
24.685407,90,43,16,7,6,6,10,32,4
24.685413,-61,-89,-23,-4,-2,1,1,2,4
24.705133,-128,-61,-33,-8,-4,-3,-3,26,4
24.705150,84,7,23,1,1,-1,-4,-56,4
24.705768,36,33,7,2,2,2,-2,26,4
24.705782,73,81,15,12,3,0,2,-7,4
24.727504,-14,-34,-3,0,2,4,6,10,4
24.727528,-128,-72,-38,-17,-12,-4,-3,0,4
24.728475,65,123,20,12,8,3,7,37,4
24.728479,107,7,-18,-7,-7,-5,-6,-17,4
24.742643,52,-29,-13,-2,0,1,2,-11,4
24.742667,39,127,37,11,3,-2,-6,33,4
24.743629,-81,-89,-27,-11,-5,-2,-3,-17,4
24.743633,-9,92,-4,-6,0,0,2,15,4
24.766102,-35,44,10,4,-1,-2,-2,-9,4
24.766109,64,-19,-4,-1,-1,2,1,-12,4
24.766110,-23,-26,-9,-5,-3,-4,-3,27,4
24.766112,-40,6,10,9,2,4,4,3,4
24.787543,127,-51,-16,-8,-9,-9,-15,-44,4
24.787566,44,6,12,-1,2,1,4,40,4
24.789587,25,99,32,10,3,2,5,27,4
24.789596,-69,-97,0,-3,-2,-4,-4,-27,4
24.802431,-61,15,-22,-7,-5,-4,-8,-36,4
24.802455,-39,13,-4,2,-2,-2,1,8,4
24.812991,15,-10,3,-4,-2,-3,-1,-4,4
24.813008,-41,-43,12,0,3,3,8,15,4
24.825605,98,72,61,30,10,5,4,43,4
24.825634,15,-111,-49,-34,-14,-16,-17,-29,4
24.828124,26,99,23,12,5,5,-2,-46,4
24.828130,-75,-117,-60,-21,-11,-11,-9,20,4
24.847638,-46,30,-11,-6,2,3,8,30,4
24.847656,22,58,9,8,4,5,2,-39,4
24.848316,-4,28,9,0,-1,-1,0,6,4
24.848430,127,95,16,13,0,0,-2,0,4
24.862952,-83,-65,-13,-13,1,-2,-1,-48,4
24.862991,50,45,36,18,7,7,9,15,4
24.865410,-25,-128,-51,-24,-14,-14,-19,-36,4
24.865417,88,-5,-2,-4,0,2,-1,-9,4
24.885099,3,57,-13,-9,-4,-1,1,38,4
24.885123,87,-4,4,1,1,1,0,-23,4
24.886471,-6,31,-3,-1,0,-1,3,18,4
24.886480,-12,39,17,2,0,-1,-5,-14,4
24.907917,-49,-84,-39,1,-2,-2,3,46,4
24.907953,-71,90,22,1,-3,-5,-7,-36,4
24.908609,-16,-114,-32,-12,-5,-3,-2,22,4
24.908662,-12,112,2,2,-1,1,1,11,4
24.922764,17,33,9,3,2,1,-1,-26,4
24.922794,6,-5,-6,-7,-5,-5,-10,11,4
24.925311,-91,-16,20,4,2,1,-3,-78,4
24.925315,-43,-91,-4,-1,1,0,2,-18,4
24.945415,21,48,18,0,2,2,1,-8,4
24.945442,-58,-120,-34,-1,-2,-2,0,6,4
24.948674,14,24,11,1,-1,-3,-6,-17,4
24.948687,34,12,11,0,0,0,2,11,4
24.968050,4,-26,-5,-3,-4,-5,-6,-21,4
24.968102,44,79,28,10,8,7,13,17,4
24.968322,89,38,-9,-12,-8,-9,-10,37,4
24.968336,-20,-86,-8,-1,-3,-1,-2,8,4
24.982830,-21,24,0,-1,-1,2,2,17,4
24.982874,-66,-65,-6,3,2,4,3,-16,4
24.985616,19,29,7,7,4,3,3,11,4
24.985623,53,-81,-17,-9,-4,-7,-7,6,4
25.005357,14,70,9,-1,-1,-1,-2,4,4
25.005381,-7,-25,-8,-2,0,-2,-5,-16,4
25.007133,44,40,8,1,-2,3,7,50,4
25.007137,-62,-52,-18,-4,-3,-2,-4,-27,4
25.027458,-4,-18,5,5,2,3,4,26,4
25.027465,87,-65,-20,-10,-5,-7,-7,-46,4
25.028085,-111,-16,5,1,-2,-1,-5,-18,4
25.028091,16,-3,6,2,-1,-1,-3,-7,4
25.042837,23,10,-4,-4,-5,-2,-1,-3,4
25.042844,2,71,27,7,2,5,7,26,4
25.043177,64,48,5,5,5,2,2,-11,4
25.043184,-85,-57,-28,-5,-5,-6,-14,-14,4
27.068501,0,0,0,-2,-1,0,-1,-2,0
27.068846,-1,-1,-1,0,-1,-1,0,0,0
27.077298,-1,-3,-1,1,0,-3,-2,0,0
27.077302,0,0,0,-1,-1,0,0,2,0
27.090879,0,1,-1,-1,-1,-2,-2,-1,0
27.092773,-1,-1,-1,-1,-1,0,-2,-2,0
27.092779,-2,-4,0,-2,-1,-4,-2,-3,0
27.092781,0,-2,-1,-1,-2,-1,-1,-2,0
27.113487,0,0,-2,2,0,-1,-1,-1,0
27.113514,0,-1,-3,-3,-2,0,0,-2,0
27.115386,-1,-1,-1,-1,-2,0,0,-1,0
27.115392,0,1,0,0,-2,0,-2,-1,0
27.126827,-1,0,0,-2,1,-1,-1,-1,0
27.126849,-1,-1,1,1,-1,0,-1,-1,0
27.136657,-3,-3,-3,-1,-3,-2,-2,-2,0
27.136663,-2,1,0,-3,0,-2,0,0,0
27.151079,-1,0,-1,2,-1,-2,-2,-2,0
27.151107,0,0,0,-1,1,-2,-1,0,0
27.152525,0,-2,-1,1,0,-1,-1,2,0
27.152544,-1,0,-1,0,-1,-2,-1,-1,0
27.173366,-1,-2,-1,-3,-2,-1,0,-1,0
27.173388,0,-1,0,-2,-3,-2,1,-1,0
27.175553,0,-1,-1,-1,-1,-1,-1,-1,0
27.175557,0,0,-2,-2,0,0,-2,-2,0
27.186954,-2,-4,-1,-1,0,-2,-3,-3,0
27.186976,-2,-1,-1,-2,-2,-1,-2,-1,0
27.197147,-4,-1,0,1,0,-1,-1,-3,0
27.197160,0,-2,-4,-1,0,0,1,0,0
27.210592,0,-1,-1,0,-1,-1,-1,-1,0
27.210615,-2,3,1,-2,0,-2,0,-4,0
27.212138,-1,-6,-6,-2,-1,-1,0,-1,0
27.212177,-1,-2,-2,0,-1,0,-1,0,0
27.233536,-3,0,0,0,1,-1,0,-1,0
27.233570,-2,-1,-1,0,-2,1,-1,0,0
27.235381,-2,1,0,-2,-2,-1,0,-4,0
27.235385,-2,-1,-1,-2,0,0,-1,-2,0
27.247133,0,1,0,-2,-2,-2,-1,1,0
27.247155,0,2,1,0,0,-1,0,2,0
27.256524,-2,0,0,-2,1,0,-1,-1,0
27.256529,1,0,0,-1,-1,-1,-1,1,0
27.270747,-3,-1,-4,0,-1,-1,-2,-2,0
27.270771,-1,0,-3,0,0,-2,-1,0,0
27.272992,1,-1,-2,-2,0,0,-1,0,0
27.272998,-2,0,1,1,-1,-1,1,1,0
27.293791,0,-1,-1,-1,-1,0,-1,-1,0
27.293813,-1,-2,0,-1,-3,0,-1,-2,0
27.296198,2,-1,-3,-1,-1,0,-2,1,0
27.296204,-3,-2,-2,-1,0,0,-2,-3,0
27.307075,0,-2,-2,0,-2,-3,-1,-1,0
27.307092,-3,-4,-3,-2,0,-1,-1,-2,0
27.322087,1,2,0,-1,-3,-2,0,0,0
27.322118,-2,1,0,-3,-2,-2,1,-3,0
27.330878,4,2,-1,0,1,0,-2,2,0
27.330897,-3,-4,-4,1,0,1,-1,0,0
27.332839,1,5,3,0,0,-1,0,2,0
27.332852,-1,-4,-2,0,-1,-2,-2,-2,0
27.353299,-3,-2,-1,-1,0,1,-1,-2,0
27.353324,0,-1,0,-1,-1,-1,-2,-3,0
27.354800,0,-3,-4,-1,0,-1,-2,0,0
27.354822,0,1,-1,0,0,1,-2,1,0
27.367216,-2,-4,-3,-2,-1,-1,-1,-2,0
27.367250,1,-3,-4,-2,-2,0,1,1,0
27.376101,-2,-2,0,0,-2,-2,-1,-1,0
27.376105,-1,0,-1,-2,-2,-3,-1,-1,0
27.390850,-3,0,1,0,1,-1,-2,-1,0
27.390867,0,2,1,-3,1,0,-1,0,0
27.392289,0,0,1,0,-1,-1,0,-1,0
27.392293,0,-2,0,0,-1,-1,-1,-1,0
27.414392,0,-1,-4,-2,0,-1,-1,2,0
27.414398,-4,-1,0,1,-1,-3,-2,-4,0
27.414773,-1,-3,-4,-1,-2,0,-2,-1,0
27.414779,-1,0,0,-1,-1,-1,-2,-2,0
27.427241,-1,0,1,-4,-1,-1,0,-2,0
27.427270,0,0,0,-2,-3,-1,-1,-2,0
27.435837,1,-1,-2,-2,1,1,0,-1,0
27.435855,2,1,-2,-2,-3,-2,0,0,0
27.451013,-2,1,-2,0,0,0,-1,-1,0
27.451034,-1,-3,-2,1,-1,-2,0,0,0
27.452312,-2,-5,0,-1,-2,-1,-1,-1,0
27.452362,-1,-2,-2,-1,0,0,1,-1,0
27.473244,-1,0,0,0,-4,-1,-1,-1,0
27.473261,0,3,2,-2,-2,0,-2,0,0
27.474803,-3,3,0,-1,0,-1,-1,-3,0
27.474817,0,-4,-4,0,-1,1,-1,-1,0
27.486900,-2,-3,-1,0,0,-3,-1,-1,0
27.486924,1,0,-2,-1,0,0,0,0,0
27.498514,-1,1,2,-1,0,-1,-2,1,0
27.498520,-2,-1,0,-1,0,-1,-1,-3,0
27.510005,-2,-1,0,-1,-1,0,-1,0,0
27.510019,2,-2,-4,-1,-2,0,0,-1,0
27.517150,0,-1,0,-2,-1,-1,-1,0,0
27.517169,-2,-1,-1,-1,0,-1,-1,-1,0
27.533559,3,0,1,0,0,1,0,2,0
27.533602,-4,-2,-1,-2,0,-2,-2,-3,0
27.535495,-2,-2,-3,-2,-1,-2,-2,-3,0
27.535500,-3,-3,-3,-3,-2,0,0,-2,0
27.555782,0,0,-1,-2,-2,-2,1,-1,0
27.555799,1,2,2,0,0,-2,-2,1,0
27.557224,-3,-1,-2,-1,-2,-1,-1,-2,0
27.557237,-3,-2,-1,-2,-1,1,-2,-2,0
27.570684,-3,0,-2,-2,-1,0,-1,-1,0
27.570753,0,-3,-3,0,-1,0,1,1,0
27.572177,-1,-1,0,-2,1,-1,1,-1,0
27.572184,1,-1,-2,-1,0,-1,-1,-2,0
27.593596,-2,-2,-1,-3,-2,-2,0,-2,0
27.593714,-1,-1,0,0,0,0,0,1,0
27.596320,-2,-2,-3,-1,-2,0,-1,-2,0
27.596326,-1,-2,0,0,-3,-2,-1,-1,0
27.616091,-1,0,-1,0,-1,1,-1,0,0
27.616097,-5,-4,-3,-5,2,-2,-2,-5,0
27.617369,1,1,0,0,0,-1,1,0,0
27.617386,1,1,1,-2,-1,-2,-1,0,0
27.632128,-2,-2,0,-1,-3,-1,0,-3,0
27.632135,0,-1,1,-1,-2,-2,0,0,0
27.632341,-2,1,1,1,1,1,-2,-1,0
27.632347,0,0,-1,0,-1,-1,0,0,0
27.653122,-1,-2,-1,-1,-1,-1,-2,-1,0
27.653145,-1,-1,0,0,-2,-1,-1,-2,0
27.654754,0,-1,1,-1,-2,0,-1,0,0
27.654773,-1,0,0,0,-1,-2,1,0,0
27.678642,2,1,-1,-1,-1,-2,-1,0,0
27.678648,-3,-1,-1,-1,-1,-1,-2,-1,0
27.678650,0,-5,-2,-1,-1,0,-1,-1,0
27.678652,-1,-3,-2,0,1,0,-1,0,0
27.690212,-3,-1,2,-3,-1,-1,0,-5,0
27.690236,0,2,1,0,-1,-1,-2,0,0
27.697317,-3,-2,-4,-3,1,-2,-2,-4,0
27.697382,0,2,0,-2,-2,0,-1,2,0
27.713622,-1,-3,-3,-1,-2,-2,-1,-3,0
27.713660,-2,-3,-6,-1,-1,0,-1,-1,0
27.716109,-2,-2,2,2,0,-2,-2,-1,0
27.716117,-3,-3,0,0,-2,0,-1,-2,0
27.735761,-2,-2,-1,-4,-2,0,-2,1,0
27.735785,-2,0,0,-3,-1,-1,0,0,0
27.737218,-1,2,-1,0,-1,-1,0,1,0
27.737233,-1,1,1,0,-2,-1,-1,0,0
27.750249,0,0,1,1,-2,-2,-3,1,0
27.750293,-1,-2,-2,0,-1,-1,-1,-1,0
27.756995,-2,0,-2,-3,-2,-1,-1,0,0
27.757017,-3,1,0,-1,0,1,-3,0,0
27.773273,-3,-3,-1,0,1,1,-1,0,0
27.773284,-1,-2,-1,-2,-1,-1,-1,-3,0
27.774969,0,0,-1,-1,-1,1,-2,-2,0
27.774988,-2,-3,-3,-1,-1,-1,-2,-1,0
27.796467,1,-1,-2,1,0,-1,0,0,0
27.798967,-1,1,1,0,-1,-2,-1,-2,0
27.798974,0,-1,0,-2,-3,-1,-1,0,0
27.798976,2,0,-2,-1,-1,0,-2,0,0
27.809980,-6,-1,-2,-2,0,-2,-3,-6,0
27.810003,1,-2,-2,1,-1,0,2,1,0
27.817259,0,-1,-1,0,-1,-1,0,-2,0
27.817290,-2,0,-1,-1,1,-2,-1,-2,0
27.835171,0,1,-1,0,-2,0,-1,0,0
27.835178,-1,-1,1,-1,-1,-1,-1,0,0
27.835180,-1,2,0,0,-1,0,-1,0,0
27.835182,0,-2,-2,-2,-2,-1,-1,0,0
27.855900,-2,1,0,-2,-1,-1,-1,-1,0
27.855922,-1,0,0,-1,-1,0,-2,-1,0
27.857965,0,-3,-3,-1,0,-2,0,0,0
27.857974,-3,-2,-2,-2,-1,-2,-2,-3,0
27.869822,0,1,3,-1,0,-1,0,-1,0
27.869846,-2,-1,-2,-1,-1,-1,-2,-2,0
27.879770,-1,0,0,-1,-3,0,0,-1,0
27.879788,-1,0,0,-1,0,-1,0,-2,0
27.893724,-1,-2,-3,2,-1,-1,-1,-1,0
27.893754,-3,0,3,-1,-2,1,-1,0,0
27.895600,-4,-2,0,-1,-1,-1,-1,-2,0
27.895610,-2,2,-1,-2,-1,-1,-2,-1,0
27.915832,-1,-1,-1,-2,-1,0,0,0,0
27.915870,3,0,-2,-1,0,-1,-1,-2,0
27.918284,0,-2,-1,0,0,0,0,0,0
27.918288,-2,-3,-3,-1,-1,-1,-2,-3,0
27.934714,-1,1,0,0,-1,-1,0,1,0
27.934732,0,0,0,-3,-2,-1,-1,-1,0
27.936947,-3,-2,0,-1,0,-2,-2,-2,0
27.936975,1,-3,2,-1,-2,-1,0,0,0
27.953321,1,2,-1,-2,-2,1,-3,-3,0
27.953341,-1,-5,-2,0,-2,0,0,0,0
27.954807,-2,0,-1,-1,-1,-1,-1,1,0
27.954848,-1,0,1,-1,-1,0,-1,-1,0
27.975762,-1,-3,-3,-2,0,-2,-1,0,0
27.975787,-2,-2,-2,3,-6,-1,-2,-2,0
27.977245,-1,-2,-1,-5,3,-1,-1,-1,0
27.977265,1,2,2,-1,1,0,0,2,0
27.990071,-2,-6,-5,0,0,-1,-2,-2,0
27.990094,-1,1,0,-3,-1,-2,-1,-1,0
27.997110,0,-1,0,-1,-2,-2,0,-1,0
27.997137,-2,-1,-2,-2,-1,1,-1,-1,0
28.013340,1,1,1,-1,0,-1,0,0,0
28.013367,-1,-4,-3,-1,0,-1,0,0,0
28.015028,-1,2,2,1,-2,-1,-2,-2,0
28.015035,-1,-4,-4,0,0,-2,0,-1,0
28.035999,-1,2,-2,0,-2,-2,-1,-1,0
28.036006,-3,-6,-2,-3,0,0,0,1,0
28.037285,0,1,-2,-1,-2,0,-1,1,0
28.037304,-5,-5,-1,0,-1,-2,0,-5,0
28.049701,0,-1,-1,-3,-1,-1,0,0,0
28.049741,-2,1,1,0,1,-1,-1,-2,0
28.058984,1,0,-1,0,-1,1,-1,0,0
28.058993,-1,2,1,-1,-2,-1,-1,-1,0
28.073420,-2,-1,0,-1,-1,-1,-1,1,0
28.073520,-1,-3,-3,-3,-1,-2,-1,-3,0
28.075633,-1,-2,-1,-1,0,0,1,0,0
28.075640,-1,1,0,-1,0,-1,-2,-4,0
28.095668,-1,-4,-6,0,-2,-1,1,1,0
28.095686,-2,-2,-2,0,0,2,-1,-1,0
28.097477,-1,1,1,-1,-2,-2,-2,-2,0
28.097521,0,-1,-3,1,-1,1,1,-2,0
28.109281,2,1,3,-2,0,-1,-1,-1,0
28.110409,-1,0,-4,-1,-2,-1,-1,-1,0
28.118762,-2,-3,-2,-1,-1,0,-2,-1,0
28.118767,1,-1,1,-4,-1,0,-3,-1,0
28.133242,0,-1,-1,-1,-1,0,-1,2,0
28.133260,-3,1,-3,0,1,-2,-1,-4,0
28.135151,-1,-5,-5,-2,1,-1,-1,-2,0
28.135196,1,-1,-1,-1,0,0,0,2,0
28.155925,-3,-1,0,-1,-3,-1,-1,-2,0
28.156004,1,1,1,0,-1,0,-1,1,0
28.158028,0,1,1,-1,-2,0,-1,0,0
28.158037,-1,-2,-6,-4,-3,0,0,1,0
28.169439,-2,-3,-3,0,-1,0,0,-2,0
28.169461,0,1,1,-1,0,-1,-1,1,0
28.180794,0,0,0,-1,-2,-1,0,-1,0
28.180802,-2,-3,-3,-1,-1,-1,-1,-2,0
28.195430,-3,-4,-6,-3,-1,-2,-1,-1,0
28.195443,-1,-2,-1,-1,-1,-3,-1,0,0
28.195446,0,-1,-2,-2,3,0,-1,1,0
28.195447,1,1,1,2,0,0,0,0,0
28.215958,-1,0,2,-2,-2,-1,-1,-3,0
28.215993,-1,0,0,-2,-3,1,-1,-1,0
28.218501,-1,-3,-4,-1,-3,-2,0,0,0
28.218509,-3,1,-1,-1,-1,-1,-1,-1,0
28.229622,0,-2,-2,0,-1,-1,-1,0,0
28.229644,0,-1,1,0,0,-2,0,0,0
28.239819,-1,-4,-3,-2,-2,0,-2,-1,0
28.239831,-2,-3,-2,-2,0,-2,1,-1,0
28.253349,-2,1,2,0,0,2,-2,-2,0
28.253371,3,0,1,-2,-1,-1,-2,1,0
28.254754,-3,-1,2,-2,0,-1,-2,-1,0
28.254821,-1,-1,-2,0,-1,-2,-1,0,0
28.275739,-1,-2,-1,-1,-2,-2,-3,-1,0
28.275760,0,2,-1,0,-2,0,1,1,0
28.277149,-4,-1,0,1,-2,-2,-1,-2,0
28.277162,-1,-3,0,-2,-1,-3,-2,-2,0
28.289447,-2,2,0,0,-1,-1,-1,-3,0
28.289465,-1,-2,-1,-1,-2,0,-3,-1,0
28.299014,-1,1,1,-2,-2,-1,0,-1,0
28.299021,0,-1,-1,0,-1,-2,0,0,0
28.313538,1,-1,1,-1,-2,-2,0,1,0
28.313569,-1,-4,-2,-1,-1,0,0,2,0
28.315421,0,-1,-3,-3,0,-1,-2,-3,0
28.315428,1,1,1,-1,-1,0,-2,-1,0
28.335712,-4,-2,-2,-3,-2,-3,0,-2,0
28.335720,1,1,0,-1,0,-2,-1,0,0
28.337100,-1,-1,1,-1,-2,-1,-1,-1,0
28.337106,1,-3,-2,2,-2,0,0,0,0
28.351108,-2,-1,0,-3,0,0,-1,-1,0
28.351119,-5,-1,1,-3,0,-3,0,-4,0
28.359884,1,0,-2,1,-2,-3,0,0,0
28.359889,-2,-2,-4,-1,1,-1,-2,0,0
28.373537,0,0,-1,0,-1,-2,2,0,0
28.373565,3,1,1,0,-1,-3,-2,-1,0
28.375648,-3,-1,-1,-1,-1,-2,-1,-2,0
28.375653,-3,-2,-1,-1,1,0,-1,-1,0
28.398048,1,-1,0,3,-1,-1,-1,0,0
28.398055,-1,-1,-3,-3,1,-2,-2,-2,0
28.398057,1,2,0,-2,-3,0,1,0,0
28.398059,-1,-1,0,-3,-3,-2,0,-3,0
28.409869,1,-1,-1,-1,1,0,-2,-1,0
28.409892,-4,0,-3,-2,-2,-1,0,-1,0
28.419466,-1,-2,-1,-1,0,0,-1,2,0
28.419476,0,0,0,-1,-1,-1,-2,-3,0
28.433629,-2,2,0,-2,-1,-1,-1,0,0
28.433654,-2,-2,-1,0,-1,0,0,-2,0
28.435658,-1,-3,-1,0,0,0,-1,-2,0
28.435663,1,5,2,-1,-1,-2,0,2,0
28.455891,-4,-6,-4,-3,1,-2,-1,-6,0
28.455914,-1,-1,3,-3,-1,-1,-1,0,0
28.457668,-1,0,-1,0,0,0,-1,0,0
28.457675,0,-2,0,-2,0,0,-2,1,0
28.469396,1,1,0,-2,1,-1,-1,0,0
28.469421,-2,-2,-2,0,-2,-2,-1,-1,0
28.479354,1,1,1,-1,-1,-1,-1,-1,0
28.479362,-2,1,-1,-2,-2,-2,-1,-3,0
28.493183,0,-5,-1,-1,0,-2,-2,0,0
28.493233,-3,-2,-3,-1,0,0,0,0,0
28.494681,0,-1,0,-2,-1,-1,-2,-1,0
28.496548,-1,1,-1,0,-1,0,-1,-1,0
28.515888,-1,-5,-4,-2,-2,-1,-2,-1,0
28.515915,1,0,-2,0,-1,1,0,-2,0
28.517677,-4,-3,-3,-1,0,-1,-2,-1,0
28.517685,-2,-2,-2,0,-2,-1,0,-1,0
28.538302,0,2,2,-1,-2,-1,-1,-1,0
28.538328,2,0,0,-2,-1,-1,-2,0,0
28.539839,0,-3,-4,-1,0,-1,0,-2,0
28.539864,-2,-3,-3,-3,-1,-2,-2,-1,0
28.553206,-1,-1,-3,-1,0,-2,1,0,0
28.553229,0,0,0,1,-1,-1,-1,-1,0
28.554774,0,0,-1,-1,-2,-1,0,0,0
28.554797,-1,-3,-2,-3,-2,-1,1,-2,0
28.575726,0,0,0,3,0,0,-1,1,0
28.575790,0,0,-3,-3,0,-1,-1,-2,0
28.577147,-4,-2,0,-1,-1,-2,-3,-3,0
28.577157,0,1,2,2,1,0,-1,2,0
28.598505,-4,-3,-3,-2,-2,-1,-3,-4,0
28.598512,-2,-4,-3,0,-2,-2,-1,-2,0
28.599917,1,2,1,-1,0,0,0,-1,0
28.599936,-3,1,0,0,-1,0,0,-1,0
28.615256,-1,-1,-1,-3,-1,0,-1,0,0
28.615268,1,-3,-6,0,0,0,-1,0,0
28.615271,1,-1,0,-2,-2,-1,-1,0,0
28.615273,-2,-2,-2,2,-2,-1,-1,0,0
28.635783,0,1,1,-1,-3,-1,0,1,0
28.635803,-5,-2,2,-3,0,-2,-1,-2,0
28.637254,-1,-2,-2,-2,-1,-2,-2,0,0
28.637267,-1,-2,-2,-4,-1,-1,-2,-1,0
28.658307,0,2,1,0,0,-1,-1,-2,0
28.658324,0,1,0,-1,-3,-1,-2,-1,0
28.659744,-1,0,-3,-1,-2,0,-1,0,0
28.659751,0,0,1,0,0,0,0,0,0
28.673135,0,0,-3,-1,-1,-1,-2,-1,0
28.673164,0,-2,0,-1,-1,-2,1,-1,0
28.679498,-2,-1,2,0,-1,0,-1,-3,0
28.679558,-2,-4,-3,0,-1,1,-2,0,0
28.695845,-3,-2,-3,-3,-3,1,-3,-2,0
28.696032,-3,1,0,3,-2,1,-2,-1,0
28.697515,1,-2,-2,-1,-2,-2,2,-1,0
28.697532,3,1,1,-1,0,-3,-1,0,0
28.718306,-2,0,1,-2,0,-1,0,-2,0
28.718330,-3,-7,-3,-1,1,-2,-2,-5,0
28.720242,-2,0,-5,1,0,-1,-1,0,0
28.720247,-1,0,0,-1,-3,-3,-1,-2,0
28.732703,2,1,-2,-2,-1,-2,-1,1,0
28.732743,-4,1,-2,-1,-1,-2,-2,-1,0
28.739477,-1,-2,-1,0,0,-1,0,0,0
28.739496,-3,-1,-2,-3,-1,-2,0,-3,0
28.756359,-2,-1,0,0,-1,-2,0,1,0
28.756365,0,-1,-1,-3,0,-2,0,1,0
28.757165,0,-1,-1,1,-1,0,0,-2,0
28.757172,-1,0,-3,0,-1,0,-1,-3,0
28.778378,-1,0,2,2,-2,0,0,-1,0
28.778400,0,0,-3,-3,0,1,-1,2,0
28.780826,-1,-1,-3,0,2,-2,-1,1,0
28.780833,-1,-1,1,1,-3,-2,-3,-2,0
28.792523,-3,-1,-2,-1,0,-1,-1,-4,0
28.792539,0,-1,0,0,-1,0,0,-2,0
28.799448,0,0,1,-3,0,-1,-2,-2,0
28.799469,-1,0,-1,-2,0,0,-1,0,0
28.816240,-1,-4,-5,0,-1,-1,-2,0,0
28.816309,-2,-3,-2,-1,-2,-1,0,-1,0
28.818678,0,1,-2,-3,-1,0,-3,0,0
28.818685,-3,-1,2,0,0,0,-2,-4,0
28.838285,-1,-3,-2,-1,0,0,-1,0,0
28.838300,1,1,-1,1,-1,-2,-1,0,0
28.839807,-2,-1,0,-2,0,-1,1,0,0
28.839813,-1,1,0,-2,-1,0,-2,1,0
28.852578,1,-1,-1,1,-1,-1,-1,0,0
28.852600,-1,-2,0,0,0,-1,-1,-3,0
28.859468,0,-1,0,0,-2,-1,-1,0,0
28.859484,0,-3,-2,-2,-1,-1,0,-1,0
28.875734,-2,0,1,-2,1,-3,-1,-1,0
28.875756,0,0,-1,-1,-1,-1,0,1,0
28.877179,-3,-2,-1,1,-1,-2,-1,-2,0
28.877192,-1,0,-1,-1,-2,-1,-2,-1,0
28.897255,1,-2,-2,-1,0,0,-1,0,0
28.897272,0,2,2,0,-1,1,1,0,0
28.907578,-4,-2,-4,-1,1,-2,-1,-3,0
28.907585,-2,-4,-1,-1,-2,-2,-1,-1,0
28.912571,1,-1,-1,-1,-2,-1,-2,-1,0
28.912598,-1,0,1,-1,-1,-1,-2,-2,0
28.919460,-1,-3,-5,-3,1,-1,-2,0,0
28.919480,1,2,-2,0,-2,-2,0,0,0
28.935838,-3,-2,1,2,-1,0,-1,-1,0
28.935857,0,-3,-1,0,0,-1,-1,-2,0
28.937286,-3,-4,-2,-1,-3,-1,-1,-2,0
28.937293,-1,-5,-5,-2,0,-1,-2,-2,0
28.958473,0,2,0,0,-1,-1,-2,-1,0
28.958478,2,1,0,-2,-2,-1,-1,0,0
28.959710,-2,1,-1,-1,-1,-1,-1,-1,0
28.959717,1,-2,-4,-2,0,0,1,1,0
28.974582,-3,-1,-1,-2,-2,0,-1,-3,0
28.974589,-2,-4,-2,-1,-2,0,-2,-2,0
28.979840,3,0,3,-2,-3,-1,-2,0,0
28.979867,-2,1,0,-2,-2,-2,-2,-3,0
28.995992,-2,-2,1,-2,-1,-1,-2,-1,0
28.996030,-3,-2,-5,0,-1,0,-1,-1,0
28.998925,-2,0,2,-1,0,-1,-1,2,0
28.998952,-1,-4,1,1,0,-1,-1,-4,0
29.025714,0,2,0,-2,1,-3,1,-2,0
29.025736,0,-1,-3,-2,0,-2,-1,0,0
29.027909,-2,-2,-1,-1,0,0,0,-1,0
29.027913,-1,-2,-2,1,-1,0,-2,0,0
29.032259,0,-3,-2,-3,-2,-1,0,-1,0
29.032301,-1,1,1,1,-1,-3,-2,-4,0
29.042655,2,1,-3,-1,0,0,-1,0,0
29.042663,-2,-5,-2,-1,-2,0,-1,-4,0
29.055817,-2,-2,-7,-2,0,-1,-2,0,0
29.055886,-3,1,2,0,-2,-2,-2,-3,0
29.057306,-2,0,-1,-1,1,-1,0,-1,0
29.057326,1,-1,1,-3,1,0,0,0,0
29.078590,0,0,0,-1,-2,-1,1,2,0
29.078715,-3,-3,-3,1,-3,-1,-1,-1,0
29.081816,-2,-2,0,-1,-2,0,-1,-2,0
29.081824,-2,1,-1,-1,1,-1,-1,-1,0
29.092150,-2,1,-1,-1,0,1,-2,0,0
29.092179,0,-1,-1,-3,-2,-1,-1,1,0
29.102472,0,-2,0,-2,-2,-2,0,0,0
29.102476,-2,0,0,1,-2,-2,0,1,0
29.115746,1,-2,0,-1,-1,-1,-1,0,0
29.115757,-2,0,1,-3,-1,0,-2,-1,0
29.117491,0,-3,-4,-1,-2,0,0,1,0
29.117532,-2,-2,-1,-1,1,-1,0,-2,0
29.138390,-2,-2,-2,0,-1,-1,0,-1,0
29.138474,0,1,-1,-1,-1,-2,0,2,0
29.140242,-5,-2,-2,0,-4,-2,-1,-1,0
29.140253,1,-1,-1,-3,-2,-1,-1,1,0
29.151906,-2,-5,-4,0,-2,-1,-2,-2,0
29.151931,-1,1,1,-1,1,0,0,0,0
29.163300,-1,-1,-2,0,0,1,-1,-4,0
29.163314,0,4,2,-2,0,0,0,0,0
29.178428,-1,-2,-1,-1,-3,-2,-1,-1,0
29.178435,-1,-4,-4,-1,1,-2,-1,0,0
29.178437,1,-1,-1,-2,0,-2,-1,-4,0
29.178439,-3,-2,-2,2,-1,-2,-1,-2,0
29.198317,0,1,-1,-1,-1,0,-1,-1,0
29.198343,0,0,-1,-1,0,0,-2,0,0
29.200888,1,-1,-2,0,-1,-1,-1,0,0
29.200893,-1,-2,0,0,0,2,-1,-2,0
29.213211,-2,-1,-1,-2,-1,0,0,-1,0
29.213241,0,-2,-1,-2,-2,0,1,0,0
29.222892,-3,-1,2,-2,0,-2,-2,-2,0
29.222898,0,-1,-1,0,2,0,-1,2,0
29.235722,-2,0,0,0,2,0,-1,-2,0
29.235746,2,-2,-2,1,-1,1,1,-2,0
29.238008,1,2,0,0,0,0,0,-1,0
29.238022,-1,-3,-3,0,-1,-2,-2,1,0
29.266020,0,1,2,0,-1,-1,-2,-1,0
29.266059,0,-1,-4,-3,-1,-1,0,-1,0
29.268712,1,1,-1,1,-3,-2,1,2,0
29.268728,-6,-4,-4,0,-1,-1,-3,-8,0
29.271780,-2,-1,3,-1,-1,1,1,0,0
29.271792,1,3,2,1,-3,-2,-2,1,0
29.281748,-4,-4,-2,-2,-4,-2,-4,-5,0
29.281754,0,-3,-2,-2,0,0,-1,1,0
29.296316,0,0,-3,-1,-2,-1,1,-1,0
29.298995,1,-1,-2,1,0,-1,-1,0,0
29.299004,-3,-1,0,0,0,-1,-2,-1,0
29.299006,0,1,2,-1,-3,-2,0,1,0
29.319095,-1,-1,-1,-3,-2,-1,-1,-3,0
29.319102,-2,-1,-1,-1,0,-2,-1,0,0
29.319768,-1,-1,-4,-2,0,-1,-1,1,0
29.319803,-2,-1,-1,1,-1,-2,0,-1,0
29.333769,-2,2,-2,0,0,-1,-2,-1,0
29.333814,2,0,-2,-1,-2,-1,-2,0,0
29.342741,0,-3,-1,-1,-4,1,0,-1,0
29.342746,-2,0,-1,-1,-1,0,0,-1,0
29.355923,0,-1,-1,2,0,-1,1,2,0
29.355953,-6,-2,-1,-3,-1,0,-3,-5,0
29.358261,0,-2,-1,1,2,0,-1,0,0
29.358268,0,0,-2,1,-3,-1,0,-1,0
29.378256,0,0,0,-1,-2,0,-1,-1,0
29.378272,0,-3,-2,0,1,-2,-1,0,0
29.380110,0,1,0,-3,-1,-1,-1,-1,0
29.380121,-2,-2,-1,-2,-2,0,-1,-2,0
29.392286,-1,-1,-2,-1,0,-1,-3,-2,0
29.392315,-2,-4,-3,-1,0,0,1,0,0
29.402095,-1,-2,-1,-1,-3,-3,0,-3,0
29.402099,2,0,1,0,0,-1,0,1,0
29.416000,-3,-6,-4,-3,-2,-3,-2,-2,0
29.416039,-2,0,1,0,-2,-1,0,-1,0
29.418105,0,1,0,-2,-1,-1,1,2,0
29.418109,-1,-2,-2,-3,-1,-1,-1,-3,0
29.438443,0,-1,-2,1,2,0,-1,0,0
29.438466,0,0,0,0,0,-1,-1,1,0
29.441052,1,-2,-2,0,0,-1,-1,-2,0
29.441061,-1,-4,0,-2,-2,-2,0,-1,0
29.460799,0,2,2,-1,-1,0,-1,0,0
29.460884,-2,-4,-3,-2,-1,-1,-2,-2,0
29.462101,-2,0,-1,0,0,0,-2,0,0
29.462115,1,3,-2,-2,1,-1,0,-1,0
29.475684,0,-1,-3,0,0,-1,0,1,0
29.475707,-3,0,-2,0,-2,-1,-1,-3,0
29.477115,0,1,3,1,-1,0,-1,2,0
29.477128,-3,0,1,0,-1,-2,-3,-5,0
29.498340,-5,-3,0,-1,0,-1,0,-3,0
29.498368,0,-2,-1,-1,0,-1,0,0,0
29.501182,-1,-2,-2,0,-2,0,-1,-1,0
29.501191,0,0,-1,2,-1,1,0,2,0
29.520818,0,1,1,-1,-2,-2,0,0,0
29.520833,-3,-1,0,-1,0,-1,-2,-1,0
29.522274,-2,-3,-3,-1,-1,-2,0,-1,0
29.522338,2,0,-2,-3,0,0,-1,2,0
29.535688,-1,-2,-1,0,-2,0,0,-2,0
29.535699,-1,3,0,-3,-2,-1,-1,-1,0
29.537148,0,-3,-2,-1,1,-1,0,0,0
29.537163,-3,0,0,0,-1,-1,-1,2,0
29.558178,0,3,1,0,-1,-1,0,-1,0
29.558197,-2,-5,-1,-1,-2,0,0,-1,0
29.559697,-2,-2,-2,1,0,-1,0,0,0
29.559704,0,-2,-1,-1,-2,-2,-1,-1,0
29.582821,-3,1,0,-1,0,-1,0,-2,0
29.582885,0,0,1,0,-2,-1,0,0,0
29.582888,-3,-3,-2,-1,-1,-1,-1,-4,0
29.582890,2,0,2,-3,0,-2,0,0,0
29.595536,1,0,1,-1,1,1,-1,-2,0
29.595570,-1,-3,-1,-1,0,-1,0,0,0
29.601961,0,1,0,-2,-1,2,-1,2,0
29.601991,-2,-1,-2,-2,-1,-2,-2,-2,0
29.618595,-3,-3,-3,0,-2,-1,-2,-1,0
29.618629,0,1,-1,-2,-1,0,0,-1,0
29.619717,0,-3,-3,0,0,-1,-2,-2,0
29.619733,-2,-1,0,-1,-1,0,-1,0,0
29.640846,2,1,0,0,0,-2,0,0,0
29.642310,0,-6,-5,-1,-3,-4,-1,-1,0
29.642315,-1,-5,-4,-4,-1,0,-1,-2,0
29.642317,-2,-3,-5,-1,-1,-1,-1,-2,0
29.655257,1,-1,-2,-1,0,-1,-1,1,0
29.655278,-4,1,1,-1,-1,-1,0,-2,0
29.662129,-2,2,2,1,-1,-3,-1,-2,0
29.662159,0,-1,0,0,-1,-2,1,0,0
29.678647,-2,-1,-1,-3,-3,-2,-1,-2,0
29.678667,0,2,1,0,1,0,-2,-1,0
29.680074,1,-2,-5,2,-3,-2,-1,-2,0
29.680095,-1,-1,0,-1,0,0,0,0,0
29.701106,-1,-2,-2,0,-3,-1,-1,0,0
29.701132,0,-2,0,-1,-1,-2,0,0,0
29.703319,-1,2,1,0,-1,-1,0,0,0
29.703325,-2,-2,-2,-1,-1,-2,-1,-1,0
29.715094,0,-1,0,-2,-2,0,-1,-2,0
29.715113,-1,1,0,-1,-1,-2,-1,-3,0
29.721835,0,0,-3,-2,1,-1,-1,1,0
29.721852,1,-4,-6,1,0,0,-1,-1,0
29.738138,0,-1,-1,0,1,-1,0,-1,0
29.738145,-3,-1,-2,0,0,-1,-2,-1,0
29.739652,0,2,2,0,-1,-2,-1,1,0
29.739665,-6,-3,-1,-2,-1,-2,-2,-3,0
29.760601,-3,-2,-3,-2,-2,-1,-1,-1,0
29.760620,2,0,-1,-1,-1,-1,1,0,0
29.762515,0,-2,-1,-1,0,-1,-1,0,0
29.762529,1,1,0,-1,-1,0,-1,-2,0
29.775009,-2,-1,-1,0,-1,-1,0,0,0
29.775027,-1,0,-2,0,-3,0,0,-1,0
29.781974,0,-2,1,-2,0,0,0,0,0
29.782015,0,0,1,1,-1,0,0,-1,0
29.798231,1,-2,-3,-4,-3,-3,-2,-3,0
29.798257,-1,-4,-6,1,-1,-1,-2,0,0
29.800370,-3,-3,-1,-1,0,-1,-1,-2,0
29.800443,0,0,0,-2,0,-1,0,2,0
29.821213,-1,0,2,-1,-1,-2,-1,-4,0
29.821234,1,-1,-3,0,0,-1,-1,-1,0
29.822883,-2,0,1,0,-2,-1,-1,-2,0
29.822902,0,1,-1,0,-3,-1,-1,0,0
29.835268,-1,-3,-2,-1,0,-1,-1,1,0
29.835306,-1,-2,-1,0,1,-1,-1,0,0
29.842064,0,-1,-1,-3,0,-1,-1,0,0
29.842080,-1,-2,-1,1,-1,-1,-1,-2,0
29.858461,0,0,1,0,-2,0,-1,-1,0
29.858479,0,2,3,-3,0,-1,-3,0,0
29.859667,-2,-1,0,-2,0,0,-1,-1,0
29.859674,-1,-1,-1,-3,-2,-2,-2,-2,0
29.880732,1,0,-3,-1,-2,-1,0,0,0
29.880790,-3,-2,0,0,0,-1,1,-2,0
29.882150,-1,2,2,-1,-3,-1,1,0,0
29.882170,0,-4,-5,-1,-1,-1,-1,-3,0
29.896359,-2,-1,-1,-1,0,-2,-2,-1,0
29.896366,2,1,3,0,-1,-2,0,0,0
29.901856,0,-5,-7,-1,-1,0,-2,-3,0
29.901875,-3,-3,1,2,1,0,0,0,0
29.918171,-3,-2,-2,-2,0,0,0,-3,0
29.918189,-3,-2,-2,-4,-2,0,-1,-3,0
29.919755,0,2,4,-1,0,-1,-1,0,0
29.919762,1,1,0,-2,1,-2,0,2,0
29.941530,-1,-2,-3,-2,-2,0,-3,1,0
29.941535,1,2,0,1,-1,-1,-2,0,0
29.942137,1,-2,-3,-2,0,-1,0,1,0
29.942151,-2,-1,-1,-1,1,-1,-1,-1,0
29.954466,-2,-3,0,-1,-1,-1,-1,1,0
29.954487,-2,-2,0,-3,-1,-1,-1,-1,0
29.965241,-1,0,0,0,-2,-1,-1,0,0
29.965249,1,-1,-3,-1,-1,0,-1,0,0
29.978320,-3,-2,-1,1,1,-1,-1,-3,0
29.978344,0,-1,-1,0,0,0,-1,-1,0
29.981054,-1,1,-1,-1,0,-1,-2,-2,0
29.981061,-1,0,1,-1,-4,-1,-1,0,0
30.000908,1,2,-1,-1,0,-1,-1,1,0
30.000926,-3,-3,-3,-1,-1,-1,0,-1,0
30.002967,-3,-5,-3,-2,-1,-2,-1,-1,0
30.002974,-1,1,1,0,-1,-1,-1,-1,0
30.014547,0,0,0,-3,-1,0,0,-3,0
30.014571,0,0,-1,-2,0,-1,-1,0,0
30.024711,-1,-1,1,0,-2,-1,-1,-1,0
30.024716,0,-3,-3,1,-1,-3,-2,0,0
30.038405,-1,-1,-1,-4,0,-2,-2,-1,0
30.038429,0,-3,0,-2,1,-2,-2,0,0
30.039832,0,1,0,0,-2,-2,0,-1,0
30.041496,-1,0,0,-1,-1,0,-1,-2,0
30.060652,0,-2,-1,0,-2,-2,0,-2,0
30.060673,-1,-1,-1,-2,-1,0,0,-1,0
30.062682,-1,-2,-2,0,-1,-1,0,1,0
30.062690,-2,-1,0,-2,0,-1,-2,-6,0
32.085816,-12,-43,-7,4,1,-1,-4,-21,4
32.086215,-48,31,15,3,5,4,6,5,4
32.088306,-7,12,-14,-9,-6,-8,-7,23,4
32.088313,-46,19,-9,-10,-8,-4,-10,-24,4
32.099684,-12,87,30,22,10,7,6,4,4
32.099725,-25,-93,0,16,7,5,8,10,4
32.109177,108,3,-14,-15,-9,-4,-4,6,4
32.109184,13,-71,-24,-9,-2,2,4,13,4
32.122670,28,24,19,21,3,0,-3,-11,4
32.122701,125,79,8,-12,-3,-6,-3,4,4
32.130369,0,-71,-12,4,2,3,9,24,4
32.130397,-25,44,1,-9,-4,-5,-3,-7,4
32.144964,-49,-23,26,2,-1,0,-5,-33,4
32.144978,43,-48,9,4,0,2,7,30,4
32.145981,-63,37,-1,16,-2,-6,-9,-49,4
32.146011,35,-118,-41,-24,-2,4,11,22,4
32.167865,-52,71,18,20,1,-2,-4,31,4
32.167898,-90,-63,-32,-17,-9,-10,-14,-16,4
32.169498,71,49,-33,0,0,1,6,3,4
32.169506,127,43,15,13,5,3,-3,34,4
32.181953,-77,-35,-18,-8,1,1,2,-7,4
32.181981,-57,8,0,-1,-3,-2,-9,-28,4
32.190111,-58,-78,-11,-6,-6,-3,-8,-13,4
32.190137,-3,-95,-12,-3,0,-1,0,-6,4
32.204949,-28,28,11,-7,-4,-4,-3,-20,4
32.204961,33,16,0,1,-3,-3,0,28,4
32.205597,-64,-60,1,3,2,3,3,-3,4
32.205605,-89,-51,-9,3,-6,-6,-6,-23,4
32.227777,-35,14,-12,-8,-6,-6,-12,-44,4
32.227806,79,-6,16,15,6,5,-2,15,4
32.230778,32,-6,-6,-13,-4,-3,0,10,4
32.230784,-9,70,31,13,9,9,15,11,4
32.242061,127,15,-49,-10,-15,-16,-14,-9,4
32.242089,1,36,7,0,-1,-1,2,9,4
32.251489,26,24,-4,2,5,4,8,17,4
32.251498,63,-49,6,-10,-9,-11,-12,-33,4
32.267010,16,31,-1,-8,5,7,8,19,4
32.267023,70,89,1,-3,-3,0,5,-1,4
32.267025,13,-74,-7,-1,-11,-5,-9,-34,4
32.267029,112,111,35,22,15,2,4,21,4
32.287537,-82,-96,-6,-4,0,4,3,19,4
32.290553,26,23,-12,-11,-5,-5,-7,-31,4
32.290559,106,12,22,-9,-1,-2,-4,33,4
32.290561,20,-37,15,-3,-4,-1,-5,-14,4
32.301819,-61,100,21,5,2,2,4,24,4
32.301845,-52,-118,-52,5,5,8,16,30,4
32.310457,-97,-46,-11,-2,-4,-4,-18,-103,4
32.310478,54,14,-21,-8,-8,-3,-3,24,4
32.325236,63,-100,6,-7,1,1,8,15,4
32.325266,66,68,30,5,-1,0,1,7,4
32.328116,-29,0,-8,3,2,0,3,29,4
32.328122,-49,12,-28,-8,-3,-2,-3,-9,4
32.347611,-77,-10,-4,-4,-1,0,2,-11,4
32.347631,82,-33,-1,-9,-4,-4,-7,6,4
32.348334,-13,101,6,18,4,1,-5,-17,4
32.348353,-86,-30,-7,-6,-6,-5,-3,5,4
32.362196,12,121,2,-13,-8,-7,-6,-4,4
32.362230,-58,-91,-4,-1,1,2,6,2,4
32.370171,93,85,26,1,4,0,-1,17,4
32.370194,-93,43,-43,-21,-5,3,6,-25,4
32.385146,41,-17,11,10,2,2,-3,38,4
32.385165,-18,-5,-5,3,-2,-5,-4,-8,4
32.387685,20,-92,-5,-12,-4,-3,-2,31,4
32.387691,-17,-13,9,8,-1,0,3,18,4
32.407641,124,23,4,-9,0,0,3,16,4
32.407697,-83,20,1,3,-3,-2,-7,-63,4
32.408247,39,9,5,-2,-2,2,8,18,4
32.408254,12,-121,13,19,-1,-4,-7,-6,4
32.421847,-19,-19,15,13,6,5,5,-12,4
32.421864,-20,55,-42,-7,-3,-5,-5,-14,4
32.430167,60,15,-6,-2,-3,-1,8,-12,4
32.430187,127,-28,-22,-7,-2,-3,-11,-6,4
32.445629,21,100,30,2,1,2,3,-13,4
32.448144,19,70,-4,1,-6,-7,-8,-5,4
32.448151,74,81,10,-7,0,0,7,12,4
32.448153,-75,0,-7,-11,-5,-5,-13,8,4
32.469567,71,53,3,8,0,-1,-2,-10,4
32.469574,38,-94,-13,-9,-2,0,-1,15,4
32.469575,-82,-36,-22,-4,-3,-1,-3,-6,4
32.469577,16,1,8,-3,2,1,14,25,4
32.491077,-60,3,6,-1,-2,-4,-16,-53,4
32.491100,-44,8,-5,-7,-4,-2,-4,-19,4
32.493955,-24,74,52,10,6,3,0,12,4
32.493959,-42,-75,-17,-3,-3,-1,0,-15,4
32.505130,-3,-42,-34,-8,-1,0,7,16,4
32.505153,-12,16,3,4,4,1,6,-9,4
32.505606,-25,-12,19,0,2,-3,-6,-12,4
32.505619,-30,72,-17,6,1,-2,-2,-43,4
32.527731,91,12,5,-11,-4,-6,-11,41,4
32.527770,-24,-63,21,-1,-4,-1,-2,-2,4
32.530358,79,41,-24,-1,-3,-3,-6,14,4
32.530372,71,45,40,6,5,7,7,15,4
32.542136,-52,-74,-26,-7,-5,0,-2,-39,4
32.542277,-2,14,1,-9,-6,-2,2,14,4
32.550351,0,-35,13,2,5,-2,-7,-11,4
32.550392,83,-44,-23,-3,-1,-2,-12,46,4
32.565100,106,63,17,6,2,0,2,14,4
32.565127,65,48,14,1,-1,0,1,24,4
32.565937,-80,-111,-51,-15,-7,-1,3,-13,4
32.565975,27,-41,27,-2,-1,-1,4,20,4
32.595702,-89,-67,7,6,0,-1,1,-11,4
32.595790,45,13,9,16,5,2,0,7,4
32.596706,37,29,-1,-17,-4,-5,-5,11,4
32.596731,27,13,-11,-2,-3,-2,3,-16,4
32.602512,44,-35,-1,-4,-4,2,8,1,4
32.602538,70,-31,-3,-5,-2,-1,-3,-3,4
32.603860,101,66,3,10,2,-1,-6,25,4
32.603869,-9,4,-9,-5,1,3,1,-13,4
32.625790,63,1,20,2,2,0,2,-18,4
32.625796,20,-20,-18,1,-5,-3,-5,5,4
32.625798,-108,-63,-20,-15,-2,-9,-10,23,4
32.625799,-8,-53,-16,-4,-3,-4,-5,-39,4
32.647645,-7,85,-2,2,2,-1,0,36,4
32.647664,-20,47,-4,1,5,3,3,-48,4
32.648826,-45,-91,2,4,-6,0,-1,3,4
32.648848,56,24,12,-7,0,2,0,-42,4
32.662641,-111,59,17,5,-4,-7,-13,-23,4
32.662668,51,29,0,-12,-1,-3,-3,23,4
32.664365,-2,45,8,3,-3,0,-1,-17,4
32.664370,13,58,12,1,1,-1,4,26,4
32.686349,89,-128,-17,2,-4,1,1,1,4
32.686354,-52,78,30,11,0,0,-1,0,4
32.686356,72,127,33,3,5,-1,-1,-13,4
32.686358,-107,6,-26,-1,-2,-4,-1,-8,4
32.707612,-49,-50,1,-1,2,5,8,3,4
32.707636,-41,-6,7,1,-7,-9,-10,17,4
32.709440,4,6,12,0,2,5,10,20,4
32.709444,-67,-65,-19,-5,-9,-5,-10,-14,4
32.722786,7,-46,-14,-3,2,2,-3,61,4
32.722807,43,30,-3,0,3,5,6,13,4
32.723337,-70,-90,10,-4,-5,-2,0,-19,4
32.723413,127,34,-18,4,6,1,4,41,4
32.745675,-75,50,-19,-10,-5,-9,-13,-78,4
32.745708,-48,-128,-22,-6,-2,2,5,7,4
32.748502,34,70,-7,9,-2,-1,-2,-2,4
32.748512,6,-21,-13,-2,-4,-1,-1,-13,4
32.768131,-21,-115,-34,-11,0,3,6,8,4
32.768594,61,97,-7,-1,-1,-1,4,4,4
32.768604,-52,-56,-25,0,-5,-6,-11,-34,4
32.768606,-69,100,65,18,5,2,1,3,4
32.782583,-26,12,-32,-11,-6,-7,-2,-1,4
32.782607,-60,-12,2,2,1,1,0,6,4
32.784428,114,-29,-10,-9,3,2,4,8,4
32.784436,-51,13,5,2,3,2,-1,-6,4
32.805179,80,16,-18,-3,-4,-7,-5,-43,4
32.805211,125,77,-6,-2,2,1,8,78,4
32.807509,-37,7,13,5,-6,-5,-14,-58,4
32.807515,-26,-64,7,-1,5,5,4,-19,4
32.830084,-25,40,24,-6,3,1,4,30,4
32.830092,-39,-92,-14,-5,-3,-5,-9,-11,4
32.830094,-66,-52,-6,11,0,4,11,21,4
32.830096,-19,34,-2,5,-2,-1,-9,-25,4
32.844670,35,-89,0,2,-2,-2,-10,15,4
32.844677,-70,-21,17,7,3,1,-2,12,4
32.844679,-76,-12,-11,-9,-2,-2,-4,-28,4
32.844681,45,107,-14,-8,-7,-5,-1,5,4
32.864873,31,-31,23,13,5,2,3,7,4
32.864895,-24,-18,-4,-8,-1,0,-1,-20,4
32.873953,69,82,22,11,5,4,5,32,4
32.873962,23,50,-11,-10,-5,-4,-2,5,4
32.887710,37,47,17,3,3,1,2,-7,4
32.887732,-31,33,-8,-4,-2,-1,-4,-16,4
32.889889,-27,-8,-33,-2,1,3,7,-15,4
32.889896,-47,-91,-41,-18,-10,-6,-6,35,4
32.911271,60,59,16,4,2,-1,1,32,4
32.911285,2,-72,-4,6,0,-2,-6,-52,4
32.913588,127,112,1,-5,-2,-3,-5,-3,4
32.913596,123,-79,2,-6,-3,-2,11,50,4
32.925171,9,-17,-9,2,-3,2,-7,-83,4
32.925196,68,47,-7,-8,-2,-3,-1,10,4
32.926999,25,-46,-31,1,-4,-1,-4,-20,4
32.927007,31,65,10,8,0,-1,-4,1,4
32.947596,-75,77,22,0,0,1,4,4,4
32.947617,32,-48,-1,3,0,1,2,-11,4
32.949466,-49,-38,19,-8,4,3,5,23,4
32.949478,49,-69,-22,7,1,0,1,-12,4
32.962163,-28,-73,38,2,1,-5,-1,8,4
32.964572,118,-10,-3,-2,-3,-1,0,44,4
32.970022,24,48,1,-2,-3,-1,1,-16,4
32.970045,-40,-76,-12,-3,-4,-1,-3,1,4
32.985193,-1,-2,2,6,1,3,-1,-21,4
32.985212,-3,-23,-11,-7,-5,-3,-2,-5,4
32.985728,-60,-86,-10,-6,-1,-1,-1,8,4
32.985743,68,121,29,9,2,2,1,4,4
33.007854,-39,35,-20,-7,-1,-1,2,19,4
33.007880,-32,74,19,-3,-3,-3,-5,-3,4
33.009618,-33,0,8,4,-1,-3,-4,-28,4
33.009622,50,-17,0,-3,0,-2,-3,1,4
33.022014,49,-42,-9,3,-3,-2,3,28,4
33.022040,-16,-46,18,8,9,5,-4,-17,4
33.030086,44,38,-39,-4,-9,-7,-1,2,4
33.030112,-24,-37,-3,-11,1,0,2,-9,4
33.046666,36,77,21,1,-4,0,1,23,4
33.046680,-31,-92,2,4,2,0,0,-15,4
33.046682,16,4,-2,-8,-6,-5,-7,-7,4
33.046684,-54,2,5,4,-5,-2,-2,-18,4
33.067774,-37,-50,-22,-12,4,1,1,5,4
33.067795,-60,-41,-8,2,-3,0,-4,-72,4
33.069212,33,36,45,12,8,3,0,64,4
33.069217,-6,35,-1,-1,-2,-1,0,0,4
33.092461,-51,4,-60,-13,-7,-3,-7,-30,4
33.092552,-24,23,30,3,0,-3,-3,4,4
33.092554,-20,-100,-18,-7,-2,-1,2,15,4
33.092556,-28,-27,-4,3,2,1,0,-32,4
33.107722,5,31,2,3,1,3,8,24,4
33.107729,61,64,11,4,-1,-1,-4,38,4
33.107731,49,-39,-25,-8,-2,-4,-4,-15,4
33.107732,-94,-5,18,8,3,-1,-4,-11,4
33.127864,-13,-8,-1,5,0,5,5,-3,4
33.127879,-44,51,-3,7,-2,-3,3,33,4
33.128128,59,-100,7,-14,0,0,1,-40,4
33.128142,-23,43,-8,-8,-5,-4,-8,-41,4
33.142060,47,-22,28,-2,-1,-1,-4,23,4
33.142081,28,6,12,15,1,3,7,5,4
33.150515,-82,127,36,5,5,3,1,-5,4
33.150540,127,-86,-12,-4,-2,-3,-2,52,4
33.165031,37,-3,0,-3,-4,-3,-1,-17,4
33.165049,37,-35,-13,-16,-1,0,-1,-18,4
33.167922,-58,-106,-25,-1,-3,-2,-1,25,4
33.167935,40,77,28,11,2,4,1,-24,4
33.187482,72,18,-3,-2,-2,-2,-4,-6,4
33.187489,-4,39,-8,-9,-5,-5,1,14,4
33.188124,45,46,5,1,-1,1,4,13,4
33.188137,-56,62,8,-3,0,0,-2,-2,4
33.201859,27,-16,23,11,-1,-5,-10,-28,4
33.201880,-58,14,-32,-12,-4,-1,3,5,4
33.210019,50,4,-12,-3,-6,-4,-6,6,4
33.210036,26,41,20,3,2,1,1,16,4
33.225084,-7,-47,-11,-11,0,-2,-4,-23,4
33.225114,-81,-108,-1,-2,0,2,2,4,4
33.227068,21,72,22,6,2,0,0,14,4
33.227074,-6,-24,-32,-6,-6,-4,-3,-13,4
33.248967,-30,3,16,1,3,1,6,11,4
33.248972,127,88,10,1,1,-3,-9,-3,4
33.248973,34,-79,-16,-9,-4,-2,3,14,4
33.248975,-53,-60,-14,-11,-7,-3,-4,-5,4
33.270830,-15,-14,-8,10,4,0,5,-2,4
33.270862,127,59,29,7,3,2,0,-16,4
33.273576,24,22,4,3,1,1,4,33,4
33.273582,83,29,10,15,4,6,5,-9,4
33.285222,-72,-20,-20,-10,-8,-9,-16,-68,4
33.285240,67,48,5,-7,1,-1,-1,14,4
33.285716,-75,58,16,11,4,4,3,-6,4
33.285748,-7,-70,-12,-3,-2,-1,3,-18,4
33.308041,-28,93,4,-1,-3,-1,0,38,4
33.308071,-67,-13,4,7,-1,-1,-1,-18,4
33.310543,-86,-15,-8,-5,-4,-3,-7,-54,4
33.310549,10,115,21,3,4,2,3,20,4
33.330823,-28,-105,-40,-11,-8,-4,2,80,4
33.332977,-18,-45,-7,-8,-2,-4,-10,-56,4
33.332988,127,66,-5,1,-1,-3,0,19,4
33.332990,-94,50,10,0,1,-2,-4,-11,4
33.345131,70,67,19,9,1,2,1,7,4
33.345151,51,-23,-12,-7,-3,1,9,6,4
33.346080,-54,-128,-19,-7,-6,-2,-5,29,4
33.346111,58,0,-35,-1,-3,-1,0,-30,4
33.367696,42,127,21,-1,1,0,-2,-30,4
33.367717,-19,-104,-28,-1,-4,-3,-7,-13,4
33.370168,-10,8,22,-4,-1,-2,-7,-45,4
33.370175,-9,-106,-51,-8,-4,-7,-4,28,4
33.390784,-62,9,12,0,-3,0,-2,-8,4
33.390797,127,54,-4,-1,0,0,2,12,4
33.391483,60,52,-15,-1,-3,-2,1,-6,4
33.391500,-14,-34,-29,-12,-4,-4,-7,8,4
33.405200,106,-55,3,0,0,-2,1,-2,4
33.405207,-58,-10,-19,-6,-4,1,4,60,4
33.405735,-86,95,45,18,6,5,0,-39,4
33.405749,101,102,41,-5,0,-2,2,-3,4
33.427585,36,-4,20,-5,0,2,3,24,4
33.429105,42,-85,-1,1,-1,2,8,72,4
33.429115,-51,64,23,6,4,-1,-9,-84,4
33.429117,63,-9,8,-13,-3,-4,-4,39,4
33.451208,32,-33,-28,1,-2,0,-1,-2,4
33.451231,6,92,-7,1,0,3,5,-18,4
33.451473,127,-34,-31,-14,-5,-4,4,106,4
33.451489,-91,47,16,14,5,3,-3,-56,4
33.466259,-18,-43,-21,-9,0,0,-4,-2,4
33.466271,-5,14,-2,-3,-6,-13,-6,-5,4
33.466273,38,89,12,10,4,5,3,-3,4
33.466275,59,-14,-13,-5,-5,-4,0,6,4
33.487639,-42,90,-4,4,2,3,2,36,4
33.487656,5,110,14,-2,2,-2,-3,-87,4
33.489355,81,-109,-4,1,2,0,-3,16,4
33.489364,-61,-4,1,-5,0,2,5,-24,4
33.512485,-41,-87,10,-4,-7,-3,1,-4,4
33.512498,-52,-73,20,11,0,-7,-20,-33,4
33.512501,-47,-15,-21,-11,-7,-4,0,-3,4
33.512504,-36,-16,28,2,3,6,5,12,4
33.525094,59,68,41,11,-1,-4,3,38,4
33.525118,-35,24,37,2,2,-1,-11,-32,4
33.526177,54,-94,-12,0,-4,-3,-3,10,4
33.526181,-21,-99,-18,0,-2,0,4,2,4
33.547804,-93,-22,-13,3,4,0,1,3,4
33.547821,64,45,8,8,6,8,10,18,4
33.548249,-17,64,34,9,-4,-5,-7,-17,4
33.548258,53,72,-13,-4,0,0,7,6,4
33.571015,-11,-61,26,-1,-1,-2,-4,-10,4
33.571044,-92,-11,-33,-10,-1,3,-4,4,4
33.573997,-23,-38,-11,-4,-3,-2,-1,1,4
33.574004,43,79,34,13,1,1,0,16,4
33.585042,37,-80,-31,0,4,2,6,28,4
33.585111,98,-109,-42,-15,-8,-4,-2,-15,4
33.586405,-40,40,2,2,3,0,4,-19,4
33.586410,75,-128,9,-3,-3,-4,-8,24,4
33.607481,-27,127,42,0,-1,2,-1,-44,4
33.607504,21,-3,-9,-3,1,5,13,35,4
33.608204,52,-57,-15,-6,-2,0,2,9,4
33.608212,76,88,26,10,3,1,-3,0,4
33.630987,23,-47,-11,-8,-4,-3,-7,-27,4
33.631009,-19,20,13,2,-5,-2,2,20,4
33.633370,-54,-97,-5,-3,-1,-2,-6,-25,4
33.633382,36,78,11,0,1,0,0,11,4
33.645184,126,-90,-37,-9,-3,-2,4,20,4
33.645208,17,2,51,0,-3,-6,-12,-34,4
33.648408,-23,91,-25,6,3,1,-2,2,4
33.648415,14,-105,-18,2,4,4,4,5,4
33.667633,21,-49,-43,-10,-6,-1,4,-6,4
33.667657,73,-12,-29,-7,-5,-4,0,38,4
33.669263,-92,-71,-8,-4,-1,-2,-10,-45,4
33.669268,-53,-72,-31,-5,-4,-6,-7,-4,4
33.690931,-24,68,-24,-1,0,1,-1,-8,4
33.690951,16,60,-16,-1,0,-1,-9,7,4
33.691605,96,127,35,7,4,2,7,31,4
33.691619,-28,72,-23,-14,-5,1,7,-23,4
33.708442,-47,-33,-16,-3,-1,-2,-4,15,4
33.708477,-128,-24,-2,-8,-4,-4,1,2,4
33.708479,21,93,31,1,1,-4,-6,2,4
33.708483,-22,-91,-19,2,-1,-2,3,12,4
33.727569,17,127,26,18,7,3,0,6,4
33.727589,52,73,13,5,5,6,6,-8,4
33.729109,15,8,-34,-16,-14,-17,-10,-25,4
33.729126,59,92,62,3,1,2,-2,8,4
33.750985,-111,30,10,11,-3,-5,-6,15,4
33.751023,84,-49,-18,-1,3,2,-3,-23,4
33.751554,62,15,-3,8,3,5,4,-33,4
33.751587,-43,92,-4,4,-2,-3,-8,-17,4
33.766137,6,95,25,2,0,-1,-2,-19,4
33.766148,-10,-74,11,3,2,1,3,36,4
33.766150,55,-64,-10,-3,-1,2,1,11,4
33.766153,-109,-25,-36,-26,-9,-8,-10,-2,4
33.787736,74,-37,11,-5,2,0,-4,-18,4
33.787768,-70,-24,5,8,3,0,5,9,4
33.789218,-34,6,-11,-9,-3,-4,-4,6,4
33.789228,61,42,47,9,5,4,1,3,4
33.810741,110,-48,-35,-9,-5,-2,3,22,4
33.810771,-91,76,-12,-14,-7,-7,-11,-77,4
33.813307,-23,-73,-47,-5,4,4,3,27,4
33.813339,33,-6,42,0,-6,-6,-1,49,4
33.824416,23,-61,-53,3,2,2,-1,2,4
33.824440,110,124,71,11,8,9,15,-2,4
33.832767,-121,-128,-12,4,0,2,7,67,4
33.832800,-81,-2,-9,1,-2,-4,-7,12,4
33.847550,56,-5,19,-7,-1,-1,-1,-71,4
33.847574,-85,64,-4,19,4,3,4,40,4
33.848109,3,-91,-42,-27,-12,-7,-3,-6,4
33.848154,62,-29,-19,-4,-2,3,7,42,4
33.870901,2,13,21,1,-1,-1,-3,4,4
33.870926,-66,-98,-33,-2,-4,-4,-2,16,4
33.872294,40,127,42,6,6,1,-3,-45,4
33.872304,0,-44,-30,-6,-3,-3,-5,-26,4
33.884840,-109,-15,-3,-1,-2,0,1,5,4
33.886403,127,-100,-13,-7,-5,-5,-6,-13,4
33.892729,-82,-74,0,-7,0,0,2,6,4
33.892738,48,51,-4,11,2,1,0,-14,4
33.907724,-74,-73,17,0,-1,2,1,-36,4
33.907731,-37,-128,-66,-33,-3,-3,1,53,4
33.908252,76,86,95,30,5,1,-3,-43,4
33.908280,-119,16,-47,-19,-6,-8,-18,-73,4
33.930726,26,-7,15,10,-1,-1,2,32,4
33.930751,74,62,15,0,4,3,5,-8,4
33.931778,58,-20,-15,-7,-5,0,5,26,4
33.931782,-16,18,-3,-3,0,0,2,37,4
33.944268,-80,106,38,14,3,0,-6,-54,4
33.944288,50,66,0,8,-6,-3,0,10,4
33.953774,49,-3,-1,4,6,4,1,36,4
33.953781,43,-51,10,-3,-6,-5,-8,-75,4
33.968978,10,-16,-43,-18,-7,-5,-3,28,4
33.968984,15,-29,16,5,1,-1,-1,8,4
33.968986,19,71,22,13,7,3,3,8,4
33.968988,-18,-128,-22,-2,0,0,6,22,4
33.990872,40,104,48,14,1,-1,0,15,4
33.990895,-29,22,-12,-2,-1,-3,-10,-17,4
33.992700,-27,-55,-25,-13,-7,-4,-1,7,4
33.992709,7,-50,-37,13,8,7,9,-23,4
34.004475,-48,-128,-68,-22,-11,-11,-14,-19,4
34.004520,-6,3,-9,-3,-6,-2,-7,-33,4
34.013090,-126,-23,-9,3,-5,-3,-1,5,4
34.015114,68,35,24,-9,2,0,3,21,4
34.028274,76,98,15,2,0,2,2,-12,4
34.028314,36,-6,21,7,1,-2,1,4,4
34.028320,-44,-75,-47,-10,-2,0,0,17,4
34.030997,29,-41,4,-2,-7,-6,-10,-9,4
34.050983,-12,-21,-3,-11,-4,-2,0,32,4
34.051210,33,7,0,1,0,0,-3,-2,4
34.051590,83,94,5,3,0,-1,3,3,4
34.051601,-42,-51,-1,13,4,3,4,29,4
34.064686,-10,46,8,-2,1,0,-2,-5,4
34.064694,-69,-36,-19,-12,-7,-2,2,-3,4
34.072724,7,30,24,5,6,3,0,-22,4
34.072746,-51,68,11,8,-4,1,5,7,4
34.087783,118,30,30,10,7,5,0,-8,4
34.087873,-128,-80,-36,-22,-7,-10,-9,-5,4
34.089689,-75,-80,8,6,-1,2,3,10,4
34.089697,13,-46,-24,-15,-4,-3,0,29,4
34.110643,-5,-6,0,7,3,6,5,-40,4
34.110666,21,51,7,-5,-3,2,7,22,4
34.111492,8,65,34,10,2,1,1,1,4
34.111506,-38,-11,2,3,1,-1,-1,-18,4
34.124659,50,19,17,-6,1,2,8,31,4
34.124663,76,-15,-14,-8,-11,-12,-23,-30,4
34.132644,40,-59,-8,-9,-2,-1,0,1,4
34.132675,5,-34,-4,-8,-3,-2,-5,-14,4
34.147574,33,60,13,9,3,-2,-3,-8,4
34.147596,-53,7,-33,-7,1,2,5,-6,4
34.149150,53,120,-16,-2,1,1,2,2,4
34.149159,100,10,33,2,0,-2,-5,12,4
34.171630,-103,-69,-29,-2,-4,-4,0,3,4
34.171635,12,60,28,18,1,1,1,-10,4
34.171636,-32,-54,1,-12,-7,-6,-5,8,4
34.171638,29,45,13,8,6,4,3,-30,4
34.193432,42,-58,-71,-27,-3,-2,2,27,4
34.193454,-37,14,26,8,-3,-3,-6,18,4
34.195211,-48,2,5,-1,-2,-3,-5,-46,4
34.195218,26,109,29,16,0,0,-3,-4,4
34.207807,-19,-128,-26,-7,-5,0,-1,4,4
34.207834,3,6,18,2,2,4,4,-3,4
34.209389,22,3,1,-8,0,-3,3,25,4
34.209393,-23,12,-18,-10,-3,-4,-6,-55,4
34.233469,-14,-51,-19,2,-4,-6,-7,-1,4
34.233479,-41,109,26,6,2,0,-5,16,4
34.233481,73,-96,-49,-13,-7,-3,1,4,4
34.233483,23,84,26,4,2,1,5,34,4
34.252923,-46,19,24,3,-1,-5,-6,-48,4
34.252947,-33,-47,-4,-2,0,1,1,-13,4
34.253651,14,-72,-11,2,-2,-2,-2,4,4
34.253665,2,-20,-8,5,-1,0,0,16,4
34.267596,26,72,25,-3,2,3,5,52,4
34.267615,100,-52,-44,-9,2,3,7,-84,4
34.269138,-62,50,23,14,2,-2,-16,32,4
34.269144,7,-107,-37,-8,-3,0,5,3,4
34.290836,-43,-85,-39,-18,-11,-10,-19,-9,4
34.290865,32,6,-1,1,-1,2,8,-17,4
34.292877,44,2,-6,-1,2,2,6,7,4
34.292881,-12,26,-9,-10,-4,-2,-3,13,4
34.313236,-19,52,18,8,2,2,3,-9,4
34.313266,-6,-91,8,8,0,-1,0,24,4
34.314013,-12,-22,-1,5,-1,2,3,-12,4
34.314039,5,109,34,-1,1,-11,-18,13,4
34.327592,98,-83,-17,-7,0,2,1,-33,4
34.327606,12,-2,5,-5,-1,0,-6,-65,4
34.328091,-38,-61,0,-1,-2,0,4,16,4
34.328105,19,-48,2,1,0,3,-1,18,4
34.350893,35,44,22,9,3,2,1,-16,4
34.350916,13,74,2,-5,-2,-3,1,54,4
34.353397,18,46,-7,1,0,0,-3,-91,4
34.353404,-51,39,-30,-3,-1,0,5,56,4
34.373381,25,-66,-9,6,-6,-8,-16,-40,4
34.373404,-13,-14,4,3,-1,1,3,25,4
34.374004,-55,29,-2,-2,2,1,3,-9,4
34.374114,125,-87,-8,4,-3,0,1,-1,4
34.387610,-128,12,-36,-11,-4,-3,-4,-27,4
34.387635,-52,-76,-11,0,5,0,-4,4,4
34.388281,43,23,8,-4,-3,-3,1,14,4
34.388301,-24,23,2,-2,-1,-1,1,-23,4
34.410976,10,29,15,0,-1,1,5,31,4
34.411006,91,82,-18,24,9,7,6,24,4
34.413565,52,40,-25,-31,-15,-14,-13,-24,4
34.413576,-48,-101,1,-1,-3,-1,-5,-25,4
34.433881,-37,2,17,0,2,3,2,4,4
34.433891,-6,-26,-20,-12,-4,-2,2,8,4
34.434083,12,-6,7,1,1,1,1,11,4
34.434089,-27,38,8,2,0,3,2,-7,4
34.448929,1,5,-8,-13,-3,0,4,33,4
34.448936,-5,24,22,5,-1,-3,-4,5,4
34.448938,-22,12,-11,0,-3,1,0,-15,4
34.448940,-40,-14,40,9,6,2,2,9,4
34.470680,83,57,-21,-19,-12,-10,-12,26,4
34.470698,83,-4,25,4,3,2,1,5,4
34.471386,-2,61,-5,-3,-1,-1,-3,-18,4
34.471407,43,72,3,-4,2,0,3,-7,4
34.493138,-15,127,39,23,6,5,6,-20,4
34.493162,-91,-60,-43,-33,-12,-9,-6,30,4
34.494670,103,47,22,24,3,0,-6,-24,4
34.494676,-2,-44,-4,-2,-2,0,-2,-16,4
34.508037,51,53,14,1,0,2,2,47,4
34.508072,5,-72,-45,-11,-5,-5,-2,-11,4
34.510103,13,-28,23,0,6,7,8,32,4
34.510118,-25,-91,3,10,4,2,6,22,4
34.538169,-3,-80,-23,-5,-7,-7,-15,-79,4
34.538192,67,74,28,12,4,2,6,8,4
34.539328,-45,-81,-47,-11,-7,-5,-6,16,4
34.539337,105,17,-26,0,0,-2,-3,-16,4
34.553238,23,-119,-16,-10,0,1,8,20,4
34.553263,42,126,53,18,4,4,4,65,4
34.554675,-44,-41,-6,1,-2,-7,-15,-78,4
34.554684,-23,76,-10,-3,-5,-3,-3,27,4
34.567761,-5,95,28,13,7,3,6,39,4
34.567786,78,-32,-19,-13,-7,0,1,-7,4
34.569634,31,73,19,7,5,1,9,40,4
34.569640,-42,-76,-29,-9,-5,-4,-10,-68,4
34.590943,-7,-26,-13,-3,-1,-4,0,15,4
34.591019,-63,-33,-1,-1,1,0,-2,-14,4
34.591587,63,-22,17,3,-1,1,0,9,4
34.591606,-106,-47,-22,-15,-7,-5,-8,-22,4
34.613267,-16,35,-1,-3,-1,0,-1,-2,4
34.615156,59,23,-48,-13,-4,-5,-3,-25,4
34.615163,-25,-96,33,20,2,1,3,22,4
34.615165,29,127,56,0,4,4,9,39,4
34.627812,7,-23,35,5,-8,-8,-13,-59,4
34.627841,-38,95,16,-9,0,-4,-8,-78,4
34.630672,41,127,26,12,3,2,-1,-15,4
34.630683,88,37,-9,-4,2,5,8,13,4
34.652391,42,-16,-13,-8,-1,-2,-4,7,4
34.652398,-128,-41,-10,-2,-6,-3,-3,11,4
34.652400,20,54,-13,-15,-3,0,0,7,4
34.652402,-30,-101,-18,1,-3,-2,1,-1,4
34.673567,33,-50,-1,4,5,5,7,-32,4
34.673590,10,100,36,17,3,2,-2,36,4
34.675237,-1,-128,-8,-4,-6,-2,-1,-24,4
34.675245,-24,-23,-7,-26,-1,-1,5,20,4
34.687512,-47,-46,-10,3,1,-5,-9,20,4
34.687535,39,18,0,10,-1,-2,1,14,4
34.688690,-59,35,38,4,-1,1,3,6,4
34.688694,26,121,-4,1,-2,-3,-2,14,4
34.710684,31,-3,-17,1,0,2,1,-47,4
34.710713,-50,-23,7,-6,-3,-3,-4,-16,4
34.713801,4,-11,-27,-12,-4,-4,-8,28,4
34.713810,120,65,-14,3,0,0,0,28,4
34.733959,-5,117,-7,-5,2,2,8,-19,4
34.733989,-61,-82,-56,-8,-4,-2,-2,-30,4
34.733991,-1,80,-34,-12,-1,-5,-2,46,4
34.734062,-91,-55,20,6,-3,-4,-7,-13,4
34.747530,5,-9,-5,8,1,2,3,19,4
34.747552,63,-83,4,-2,-1,-2,-8,-53,4
34.748303,-33,44,1,6,0,1,5,-13,4
34.748309,48,-19,13,-5,0,0,0,-14,4
34.770832,15,59,22,3,-1,0,0,45,4
34.770854,56,79,45,-1,3,0,-1,6,4
34.772999,-119,-128,-45,-10,-3,-2,-3,-3,4
34.773004,58,102,21,6,-10,-12,-20,-20,4
34.793223,-21,-128,-22,-12,-4,-4,-4,-3,4
34.793237,-21,-41,6,4,0,1,5,21,4
34.793922,-2,87,8,7,1,3,3,19,4
34.793988,-52,18,-1,1,4,0,-6,-71,4
34.807667,18,17,-4,1,-1,0,1,26,4
34.807672,-3,-73,-14,-1,-2,0,-2,-3,4
34.815059,36,4,-4,-9,-3,-2,-2,12,4
34.815082,23,-10,10,8,-1,3,6,30,4
34.830936,37,91,56,14,7,5,5,-6,4
34.830965,-77,-97,-74,-35,-19,-12,-10,22,4
34.832930,26,63,-11,-1,1,1,-3,-94,4
34.832941,95,84,17,-13,3,2,2,16,4
34.853216,-47,7,3,1,1,-1,0,24,4
34.853248,16,30,47,19,9,5,11,28,4
34.855239,46,-29,-2,-4,-2,-3,-4,6,4
34.855245,-62,-68,-17,-2,-3,-1,-3,-5,4
34.867201,-3,4,0,-1,-1,1,-3,-8,4
34.867225,-26,-24,23,1,1,-1,-3,-3,4
34.875473,74,-59,-17,2,1,2,7,55,4
34.875506,-104,93,-3,-1,-7,-13,-27,-77,4
34.890824,40,-39,-26,-12,-4,-5,-4,3,4
34.890841,45,-61,11,9,2,1,0,-12,4
34.891316,37,92,4,0,0,2,8,43,4
34.891388,-25,-82,-6,10,2,5,7,12,4
34.913441,-15,-19,-5,-7,-3,-2,-3,1,4
34.913464,-19,57,-8,-5,1,-1,-3,-12,4
34.915171,-24,-44,20,0,-1,-1,-2,-13,4
34.915179,-7,-40,-25,-1,-3,-1,2,14,4
34.926964,-16,25,12,-4,-2,-1,1,5,4
34.926987,105,72,36,17,8,2,-3,3,4
34.935135,-103,-112,-27,-9,-10,-11,-14,-7,4
34.935159,26,-14,-32,-21,-10,-8,-9,3,4
34.950175,64,23,9,5,2,3,4,6,4
34.950189,-80,35,-21,0,0,0,0,2,4
34.950988,-8,-3,12,-2,2,2,1,-27,4
34.951011,11,3,7,3,1,2,5,20,4
34.973500,-39,9,-5,4,-1,-1,-2,5,4
34.973523,-21,-8,13,-7,-3,-3,-3,-14,4
34.975943,37,25,-15,-7,-3,-2,0,-1,4
34.975949,53,-100,-22,1,4,0,4,18,4
34.987125,-5,-78,-22,2,-4,-4,-3,21,4
34.987148,67,-15,-11,0,3,3,4,-20,4
34.994952,72,44,-17,-3,1,1,3,-10,4
34.998531,14,-53,-2,2,-1,0,-1,15,4
35.011317,-10,44,17,-5,1,2,4,15,4
35.011331,59,27,-23,11,-4,-5,-10,15,4
35.012165,17,45,8,-4,-2,-3,-3,10,4
35.012183,-21,16,10,5,4,2,4,-24,4
35.033624,32,-85,-25,-5,-3,0,6,50,4
35.033653,-66,97,88,5,-3,-9,-19,-82,4
35.035731,2,-63,-64,-15,-5,-2,6,39,4
35.035736,32,55,7,5,3,3,0,-14,4
35.047271,-44,12,-22,-16,-2,-7,-10,7,4
35.047294,-5,18,4,14,6,10,18,39,4
35.056627,-1,34,24,1,3,1,4,88,4
35.056632,-74,48,2,-9,-8,-7,-11,-50,4
35.072334,28,100,16,15,4,1,-3,-13,4
35.072341,0,-98,-44,-19,-10,-4,4,13,4
35.072342,-5,-21,-19,3,1,-1,-7,28,4
35.072344,-14,-4,24,7,2,3,1,-25,4
37.096306,3,0,0,-2,-2,-1,-1,0,0
37.097055,-4,-8,-6,-1,0,0,0,0,0
37.099056,-3,1,3,0,-1,-1,-1,-4,0
37.099063,-1,-4,-2,-1,0,0,0,-3,0
37.118157,1,4,1,-2,-2,0,0,4,0
37.118177,-8,-9,-1,0,-1,-2,-2,-9,0
37.119764,-1,1,3,-2,-1,-1,-2,1,0
37.119779,-1,3,-3,-1,0,0,-2,1,0
37.140745,4,-7,-9,0,-1,-1,-1,2,0
37.140767,-5,6,2,-4,-1,-1,-1,-1,0
37.142457,8,7,2,-2,-1,-1,1,-1,0
37.142461,-30,-20,-5,2,1,-2,-2,-3,0
37.155133,1,-15,3,2,0,-2,-1,1,0
37.157261,-2,3,-1,1,-1,0,1,0,0
37.161989,2,3,-4,-3,0,-1,-1,-1,0
37.162075,11,14,4,-2,-2,0,0,4,0
37.178241,-4,0,0,-2,-4,-2,-1,-3,0
37.178262,0,-3,0,-1,-4,-1,-2,0,0
37.179985,0,5,-6,-2,0,-3,-1,-1,0
37.180021,2,-4,3,4,0,-2,0,-1,0
37.200851,0,-1,0,0,-1,-1,-1,1,0
37.200871,3,0,-2,-3,0,-1,-1,-1,0
37.202719,-11,-10,-1,-1,-2,0,-3,-6,0
37.202726,1,-2,-1,-3,-1,-2,0,0,0
37.215199,-3,-3,-3,-2,-1,-1,-3,-7,0
37.215246,-1,2,0,0,-1,-2,0,4,0
37.221974,2,0,1,1,1,-1,1,2,0
37.221993,5,2,2,0,-2,-2,-1,-1,0
37.238512,-4,6,1,0,-1,0,-2,-2,0
37.238518,-6,-8,-7,1,0,-1,-3,-2,0
37.239694,-5,-10,0,-2,-2,-1,-2,-2,0
37.239710,5,5,-2,0,1,2,-2,2,0
37.260918,-4,0,3,-3,-1,0,0,-3,0
37.260937,1,2,1,-1,0,-1,-1,-2,0
37.263349,-1,-2,-5,-1,-1,-2,-3,-1,0
37.263362,15,10,4,1,-3,-1,1,11,0
37.275076,-29,-8,-5,-5,-1,-4,-4,-11,0
37.275093,-2,1,-3,-1,0,0,0,1,0
37.282055,1,-34,-11,0,0,0,0,1,0
37.282095,1,5,5,0,0,0,0,-2,0
37.298423,6,0,3,2,0,-1,1,-1,0
37.298457,-2,8,0,-2,-1,-2,-1,-2,0
37.300979,3,13,-1,-1,-2,0,-1,1,0
37.300986,-5,-5,-4,-3,-3,-2,-1,-3,0
37.320671,0,-5,-2,-2,1,-2,-3,-2,0
37.320692,0,1,-1,2,1,-1,0,2,0
37.322486,-3,5,-1,-2,-1,0,1,1,0
37.322511,-4,-5,1,-3,-1,-3,-4,-5,0
37.335249,3,3,1,-2,-2,-1,-1,0,0
37.335268,-1,-1,2,-1,-2,-1,-2,0,0
37.342637,3,3,2,0,0,0,1,2,0
37.342673,-3,4,1,-5,-1,-2,-1,-6,0
37.358156,1,-12,-10,1,-2,-2,1,1,0
37.358180,-3,-4,10,2,-2,0,-1,-4,0
37.359576,0,8,4,-1,-2,-2,-2,-3,0
37.359583,-2,-6,-8,-3,0,0,-1,2,0
37.380693,4,1,1,-1,0,-2,-1,1,0
37.380720,-5,-5,-5,-2,0,-1,-3,0,0
37.382559,-6,2,2,-1,-3,1,-2,-3,0
37.382615,3,2,3,-1,-2,-2,-1,2,0
37.395025,1,-3,-5,1,2,1,-1,-3,0
37.395040,-2,-5,-5,-3,0,-1,-1,-1,0
37.401941,0,1,1,-1,0,-2,-1,-3,0
37.401962,-5,-2,-3,-1,1,0,-2,-2,0
37.418687,3,5,3,0,-1,-1,0,2,0
37.418714,1,1,1,-2,0,-2,0,-2,0
37.420134,-3,0,2,0,-1,-1,-2,2,0
37.420142,-8,-5,-1,-2,-2,0,-1,-6,0
37.440618,8,5,2,1,-3,-1,-3,-1,0
37.440625,1,-7,-5,-2,1,0,0,0,0
37.442285,-1,-1,-2,1,-1,-1,0,-2,0
37.442334,-2,0,-3,1,0,0,-2,-2,0
37.456826,-3,0,1,-2,0,1,-1,0,0
37.456832,2,0,-1,1,-3,-1,-1,0,0
37.462429,-5,-1,-2,-3,-2,-2,1,-2,0
37.464824,0,-2,-2,-2,1,-1,-1,0,0
37.478615,-2,2,0,-3,-1,-2,-1,1,0
37.478648,11,5,0,-1,-1,0,0,3,0
37.481141,-21,13,-6,-1,-2,-2,-2,-2,0
37.481146,2,-16,-4,-1,-1,2,-1,-1,0
37.508311,-2,-6,3,1,0,0,1,1,0
37.508335,6,-7,-1,2,0,0,-2,-3,0
37.511155,3,4,2,0,0,0,-1,-2,0
37.511158,64,18,-4,-1,-3,0,-1,1,0
37.514403,-84,-13,-6,-1,-1,-1,-1,0,0
37.514428,2,-13,-2,-4,-2,-2,-3,-3,0
37.523216,-1,5,0,1,1,-2,0,-2,0
37.523237,2,12,-1,3,1,-3,0,0,0
37.538172,29,-15,-3,-3,-2,-2,0,1,0
37.538187,-14,9,3,-1,-2,-2,0,-4,0
37.539805,0,-9,1,-3,0,-1,-1,-1,0
37.539824,-16,-3,-4,0,-1,-2,-1,-2,0
37.561217,19,11,2,-1,0,-1,0,0,0
37.561239,-13,2,-1,-3,0,-1,-3,0,0
37.563811,11,-4,-2,-1,-3,-2,-3,0,0
37.563818,-19,-5,-1,0,-1,-1,0,-2,0
37.574528,2,4,0,-4,-1,-2,-2,-2,0
37.574561,16,0,-2,-1,-1,-2,-1,-3,0
37.592610,-3,-5,-1,0,2,1,1,1,0
37.592622,-15,-4,3,-5,-3,-4,-2,-4,0
37.598154,12,1,0,3,-2,-1,-1,-4,0
37.598278,-7,0,-1,-6,-1,-1,-1,0,0
37.600600,4,0,-2,2,-1,-2,-1,2,0
37.600611,-15,-9,-1,-3,-2,-2,-3,-7,0
37.620809,8,1,-3,-3,0,0,-1,-1,0
37.620830,-5,-2,0,-1,-1,-1,-3,-4,0
37.622968,-6,-4,-3,-3,-1,1,0,-2,0
37.622991,5,-1,2,-1,0,0,-1,3,0
37.634343,2,4,1,-1,-1,-2,0,1,0
37.634367,-9,-4,-2,-1,0,-3,-3,-3,0
37.643117,9,1,-1,-3,-2,0,-2,3,0
37.643124,-8,-6,-4,0,0,-1,0,-2,0
37.658910,-1,3,-2,-2,0,-2,-2,-2,0
37.658917,-2,-2,-1,0,2,0,1,1,0
37.659590,3,-1,-1,-2,0,-2,0,-3,0
37.659596,-3,1,0,-2,-2,-2,-1,-1,0
37.680796,1,-1,0,1,-1,0,1,0,0
37.680815,7,2,-1,-3,-3,-2,-1,1,0
37.682446,0,-1,0,-2,-1,0,0,0,0
37.682453,-2,3,2,-1,-2,-2,-1,-1,0
37.694571,-2,-1,-4,-1,-2,-1,-2,-4,0
37.694588,-4,-1,-2,-1,-2,-1,-1,-2,0
37.704901,0,-3,2,2,1,1,-1,-1,0
37.704906,-2,-1,-4,-2,-2,0,2,1,0
37.718368,7,3,2,2,0,0,0,4,0
37.718392,-5,-3,-7,-2,-1,-2,-2,-4,0
37.720905,-2,0,-3,-1,0,-4,-3,-1,0
37.720911,3,-1,-2,-1,-1,0,-2,4,0
37.740739,-3,-2,2,-3,-2,-2,-2,-5,0
37.740755,3,0,-2,-3,-5,0,-1,2,0
37.742961,-5,-4,-7,-1,-2,-2,-1,-4,0
37.742967,-3,-3,0,1,1,0,-1,-4,0
37.754328,-4,-7,-4,-2,-1,0,-1,-3,0
37.754340,-1,1,2,3,0,0,0,2,0
37.765621,3,-2,-1,0,-4,-4,-2,-3,0
37.765639,0,1,-1,-7,-1,-1,-2,1,0
37.778295,-1,2,1,1,-2,0,-1,-2,0
37.778319,-1,-5,-2,1,1,-2,-1,-2,0
37.780309,3,1,-1,0,0,0,1,4,0
37.780316,-1,5,3,1,0,0,-1,-2,0
37.801041,4,-3,-3,-2,0,0,-1,-1,0
37.801078,0,0,1,-3,-4,-2,0,0,0
37.802229,-3,0,-2,0,-1,0,-1,-4,0
37.802245,0,-3,-1,-1,0,-1,-2,1,0
37.814864,3,2,-3,0,-1,-1,-1,3,0
37.814913,-1,-3,0,-2,-1,-1,-1,-2,0
37.824833,4,2,2,-2,-1,0,-1,1,0
37.824839,5,-2,-1,0,0,-1,-1,0,0
37.838383,-16,-8,0,1,1,-2,-2,-5,0
37.838408,0,2,-1,-2,1,-1,-2,0,0
37.841183,-17,-4,-1,-1,-2,-2,-1,-1,0
37.841187,8,3,3,-2,2,1,1,1,0
37.861461,2,1,-5,-3,-2,-2,-2,-3,0
37.861467,2,-1,-2,2,0,-1,-1,-1,0
37.868987,4,0,8,1,1,1,0,-2,0
37.868996,-9,-2,-3,0,0,-1,1,1,0
37.874842,-4,-5,-3,-4,-2,-2,-1,-4,0
37.874861,7,5,3,-2,-2,0,0,1,0
37.885209,2,-2,-7,-2,-1,-1,-3,-3,0
37.885216,-2,-2,-1,0,-2,0,0,-3,0
37.898299,1,5,6,1,0,0,-1,1,0
37.898319,-3,-5,-5,-2,-1,-2,-1,-1,0
37.900724,0,4,3,-1,-2,-2,0,1,0
37.900730,-5,-2,-2,0,-1,-2,-1,-1,0
37.920794,1,-1,-5,0,-2,-1,0,2,0
37.920885,-1,1,0,0,-2,1,-1,0,0
37.923210,-2,-7,-5,-3,0,0,-1,-4,0
37.923251,-9,-5,-3,-1,-3,-2,-1,-4,0
37.934528,3,1,5,1,0,2,-1,0,0
37.934547,-1,-2,-1,-1,1,-2,-1,-2,0
37.944110,0,1,0,-2,-3,-1,-1,2,0
37.944115,-1,4,8,-5,-3,0,-2,-1,0
37.958182,3,-9,-9,-1,-1,-2,0,2,0
37.958203,0,1,-2,-1,2,0,1,4,0
37.959620,-2,-2,-3,-2,0,0,-1,-2,0
37.959635,-7,-6,-3,0,-1,-2,-2,-6,0
37.980798,-1,3,2,-2,-2,-1,-2,-2,0
37.980823,-5,-1,0,0,-3,-3,-2,-5,0
37.982518,-3,-4,-3,-3,-3,-1,-1,-2,0
37.982527,0,-1,-1,-1,-1,-1,0,1,0
38.004897,0,3,1,-2,-1,-2,-1,0,0
38.004902,-2,-3,-3,1,1,-1,1,-2,0
38.004904,0,-2,-1,-1,-1,-1,-1,0,0
38.004906,1,0,-2,0,0,0,-2,-1,0
38.020165,-1,-2,1,1,0,-1,0,-1,0
38.020172,1,1,0,-2,-1,0,-1,-1,0
38.020174,-2,0,-2,0,-1,-1,1,0,0
38.020176,0,6,3,1,-1,-1,-1,1,0
38.041030,-2,-3,-1,-3,-2,-2,0,-2,0
38.041048,-2,-3,-6,1,-1,0,-2,-1,0
38.042919,1,-1,-4,0,1,0,0,2,0
38.042923,-2,-1,-1,-2,-1,-3,-1,-6,0
38.063250,-8,-2,0,-1,-2,1,0,-1,0
38.063272,4,3,2,-2,-2,-1,-1,1,0
38.065532,-2,-1,0,0,-3,-2,-2,-3,0
38.065539,0,-2,-3,-1,-1,0,-2,2,0
38.078574,1,2,1,-1,-1,-1,-1,1,0
38.078606,-3,-2,0,-1,-1,0,0,0,0
38.081340,-1,0,-2,-1,-2,-2,-1,-3,0
38.081347,-2,-5,1,0,1,1,-1,1,0
38.101044,-1,-4,-5,0,1,0,0,-2,0
38.101166,2,0,-3,-2,0,-2,0,2,0
38.102249,-5,-7,1,1,1,-2,-2,-2,0
38.102266,-3,-2,-6,0,-1,-1,0,-1,0
38.123480,-2,1,0,-4,-2,-2,-2,-1,0
38.123496,-2,0,2,-1,1,0,-1,-2,0
38.124834,0,2,-1,-2,-2,0,-2,0,0
38.124838,0,-2,-3,1,-1,-1,-1,0,0
38.146117,3,7,2,1,0,-1,1,1,0
38.146136,2,0,-3,-5,-3,-2,0,1,0
38.147495,-3,2,0,1,2,1,0,-2,0
38.147520,-1,-4,1,0,1,-3,-1,-4,0
38.160785,-2,-6,-3,-2,-2,-1,-4,-3,0
38.160863,-6,-1,-1,0,-2,-1,-1,-2,0
38.162379,-1,-6,-5,-3,-1,0,0,-4,0
38.162405,0,1,-2,-1,-1,-1,-1,-1,0
38.183688,1,2,0,-1,-1,1,0,1,0
38.183717,-2,-2,-1,0,-1,-1,-1,0,0
38.185746,3,2,3,-1,-2,0,0,5,0
38.185756,0,2,-3,-3,0,-2,-1,-1,0
38.197679,-3,-2,7,4,0,-1,0,-3,0
38.197696,-1,-3,-1,-2,1,0,-2,-2,0
38.204441,-1,-3,-1,-1,-1,-1,-1,1,0
38.204457,1,3,-2,-2,0,0,0,-1,0
38.220686,1,1,-3,-2,-3,-3,-1,1,0
38.220693,-1,-2,-1,1,0,-2,-1,-3,0
38.222151,-3,1,1,-2,0,-2,-1,-1,0
38.222165,-1,1,-6,-2,-3,-1,-2,-3,0
38.243307,1,-2,3,1,1,0,0,0,0
38.243325,-5,3,4,0,0,0,0,-2,0
38.244835,2,-4,-3,1,1,0,1,4,0
38.244852,-9,-7,-4,-2,-1,0,-3,-6,0
38.257875,-5,-3,-3,-4,-1,0,-2,-4,0
38.257894,3,3,-2,-1,-5,-1,-1,0,0
38.264420,9,6,3,-1,0,-1,1,6,0
38.264448,-7,-7,-3,-1,-4,-2,-3,-6,0
38.280826,-1,0,-3,-1,-2,0,0,2,0
38.280842,-1,-5,1,-1,-3,0,-2,-3,0
38.283037,-4,-1,-4,-3,1,0,-1,-3,0
38.283048,6,3,5,2,1,-1,1,5,0
38.303292,-4,0,-4,-4,-2,-1,-1,-2,0
38.303315,-1,-2,0,0,-1,-1,1,0,0
38.305774,0,-1,-2,-2,-1,-3,-2,-1,0
38.305779,1,-3,0,1,0,-1,-1,3,0
38.317790,1,5,6,-3,-2,-3,-2,-3,0
38.317817,-5,-2,-5,-1,-3,-3,-3,-1,0
38.324418,-3,-7,1,2,-1,1,-1,-2,0
38.324434,0,0,0,-3,-2,0,1,2,0
38.340729,-1,-1,-1,1,0,0,-2,-2,0
38.340748,-2,-1,2,-1,0,-1,0,-2,0
38.342976,-3,0,-4,-3,-4,-3,0,-2,0
38.342980,6,9,4,0,-1,1,1,5,0
38.363294,-1,-5,-6,1,-1,-1,-2,0,0
38.363315,-5,-6,-5,-4,-1,-2,-1,-2,0
38.364764,-7,-7,-7,-3,-5,-1,-4,-7,0
38.364835,0,-1,6,4,0,-1,-1,-1,0
38.377941,5,4,-3,-3,0,1,0,2,0
38.377947,-2,-9,-4,1,1,0,-3,-2,0
38.384335,0,1,2,-1,0,0,1,2,0
38.384352,-1,6,3,-1,-2,-3,-1,-1,0
38.400859,0,-4,-3,-2,-2,-1,-2,-2,0
38.400880,-6,-7,-2,-3,0,0,-1,-2,0
38.403214,0,1,-1,-2,-1,-2,-1,-1,0
38.403220,-7,-8,-7,-2,-1,-2,-2,-5,0
38.423850,-1,-1,-3,-4,-1,-2,-1,0,0
38.423856,-1,4,8,1,1,-2,-1,0,0
38.424733,1,-2,1,2,0,-2,-2,0,0
38.424741,-1,-3,-6,-1,0,1,-3,-2,0
38.438997,-1,0,-1,0,-1,-1,0,3,0
38.439003,1,2,1,0,-3,-2,-1,1,0
38.444533,-4,0,0,-1,-1,-1,-2,-6,0
38.444551,1,1,3,-1,-1,-2,1,2,0
38.460928,-4,-8,-11,-3,-2,-1,-1,-8,0
38.460952,0,1,0,-1,0,-1,0,0,0
38.463122,0,3,3,0,-1,1,1,0,0
38.463129,1,-2,0,1,-1,1,0,2,0
38.485542,-3,-5,-2,-3,0,0,0,-3,0
38.485546,1,1,-2,0,-3,0,-1,1,0
38.485549,-3,0,-2,-1,1,-2,-1,-1,0
38.485551,-1,-1,1,-2,0,-2,-1,-2,0
38.497324,1,4,4,1,-2,-2,0,2,0
38.497347,-1,-1,-3,-2,-1,-1,-2,-4,0
38.508218,6,6,2,0,-2,-1,-1,4,0
38.508224,-8,-11,-8,-1,-2,1,-2,-5,0
38.520723,-4,-4,-1,2,-1,0,-2,-1,0
38.520751,1,0,3,-2,-1,1,0,0,0
38.523584,-1,2,1,-3,-1,0,-1,-1,0
38.523593,3,4,1,-3,0,-1,-1,3,0
38.543112,1,2,1,-1,-3,-3,-2,-2,0
38.543136,-7,-6,-7,2,-1,-1,-1,0,0
38.544608,-3,2,9,0,0,-2,-3,-5,0
38.544621,1,-9,-9,-1,0,0,1,0,0
38.556965,-1,-1,1,-1,0,0,2,2,0
38.556983,4,6,-1,-3,0,-1,-2,1,0
38.567038,-3,-2,-1,0,-2,-2,0,-1,0
38.567046,-3,-1,-2,-1,-3,-2,-3,-5,0
38.580727,-1,4,1,-2,-1,1,1,2,0
38.580739,-6,-7,-1,-2,-1,-1,0,-5,0
38.582256,-1,0,0,-2,-2,-2,-2,-1,0
38.582281,0,2,0,-3,-1,-1,-1,-1,0
38.603213,2,-1,-2,1,1,-1,-1,3,0
38.603297,1,3,-1,0,-2,0,-1,3,0
38.604736,-2,-1,1,-5,-1,0,-1,-3,0
38.604770,0,-1,4,3,-1,-1,-1,-2,0
38.617174,-2,-4,-4,-1,-2,-1,-2,-4,0
38.619088,3,0,1,-1,-1,0,-1,0,0
38.626431,-6,1,1,3,-1,0,-1,-3,0
38.626437,4,-2,-6,-4,-1,-1,0,2,0
38.640956,5,0,3,0,1,3,0,3,0
38.640964,3,-1,-2,-1,-2,-3,0,1,0
38.642083,-2,-3,-7,-2,-1,0,-1,-1,0
38.642096,-4,-4,-3,-1,0,0,1,-2,0
38.663445,-7,-2,2,3,3,0,-1,-1,0
38.663466,24,4,3,2,0,-1,0,1,0
38.665981,-11,-2,-3,1,1,0,0,3,0
38.665998,-19,-2,-1,-1,-2,-2,-2,-6,0
38.676845,1,0,0,-4,-3,-2,-2,-1,0
38.676867,-6,-4,-2,-1,-2,-2,-2,-2,0
38.687418,14,17,1,-1,0,-1,0,3,0
38.687424,-4,-24,-4,0,-3,-1,-2,-3,0
38.702220,-4,3,-2,-1,-2,-2,-1,-1,0
38.702226,0,-3,0,-1,-1,0,1,-1,0
38.702690,0,-3,-3,-1,0,0,0,-2,0
38.702697,4,13,4,-2,-2,0,-1,1,0
38.723988,4,4,0,0,-2,-1,-1,0,0
38.724011,-8,-7,-5,-2,-1,-2,0,-2,0
38.726269,-5,-8,-3,0,-1,0,-2,-3,0
38.726272,0,2,0,-1,0,0,1,3,0
38.737083,0,-1,1,-3,-1,-1,-2,-5,0
38.737101,-3,6,3,-1,-1,-1,-2,-1,0
38.748396,-4,-8,-7,-3,-3,-2,-1,0,0
38.748402,4,-1,2,-1,2,0,-2,0,0
38.761012,0,0,-3,-1,-1,-1,0,0,0
38.761041,-3,6,2,1,1,2,1,1,0
38.763996,3,-1,2,0,1,-2,-2,0,0
38.764002,15,1,7,0,0,-2,-1,1,0
38.783599,0,-4,-7,0,-1,-3,-2,-3,0
38.783671,-20,-4,-2,-1,-2,0,-1,-1,0
38.784783,-2,2,1,0,0,-1,1,-1,0
38.784819,-1,6,2,0,-1,1,0,0,0
38.806005,18,-1,2,-3,-3,-2,-1,0,0
38.806024,0,-1,-4,-3,-3,-1,-3,-4,0
38.807498,-8,-5,1,2,0,0,-1,0,0
38.807502,0,-3,-5,-2,-1,-1,-1,-2,0
38.820902,-4,-4,-1,0,0,-1,0,0,0
38.820931,1,1,0,-1,0,-1,-2,-5,0
38.822944,6,-4,-3,-1,0,0,1,2,0
38.822950,-8,-4,-5,0,-1,-1,-1,-3,0
38.843240,-10,3,2,0,1,1,0,1,0
38.843247,6,-2,-5,-5,-2,-2,-2,2,0
38.844656,1,-5,-4,0,1,-3,-1,-2,0
38.844689,-6,1,4,1,-2,-3,-1,-1,0
38.856825,-8,-5,-5,-2,-1,-2,-2,-1,0
38.856893,-1,1,3,3,2,0,0,2,0
38.867559,3,1,0,-3,-2,0,-2,0,0
38.867565,-1,3,-2,-1,-2,0,-1,0,0
38.880822,-3,-1,1,-1,-4,-2,-1,-2,0
38.880839,-1,0,6,-1,-1,0,-1,-1,0
38.882798,2,-7,-8,-4,-2,-3,-1,0,0
38.882805,-4,4,2,1,-1,-1,0,-1,0
38.903158,-8,-4,-1,1,-2,-1,0,-5,0
38.903165,24,7,3,-1,1,0,1,3,0
38.904626,-7,-7,-3,0,0,0,-1,-3,0
38.904634,-13,-4,-8,-2,0,-1,-1,-1,0
38.926611,3,1,1,-2,0,0,0,3,0
38.926634,-14,-6,-9,3,-1,-4,-1,-2,0
38.929413,5,6,8,-1,-1,-1,-1,-3,0
38.929428,6,-10,-11,-2,-2,-1,-2,2,0
38.940773,-7,-1,-2,-2,0,0,0,-1,0
38.940790,-3,-5,-3,-1,0,0,-2,-7,0
38.942167,1,4,1,-3,-2,1,0,4,0
38.942173,-1,3,0,1,0,1,0,-1,0
38.963290,1,2,5,3,-2,-3,-1,1,0
38.963316,-5,-4,-3,-3,0,-1,-2,-5,0
38.965161,-9,-5,0,0,-2,-1,-2,-2,0
38.965170,2,3,0,-1,-3,-2,-2,0,0
38.985781,1,-1,-3,-1,-1,-2,-3,-1,0
38.985807,4,1,4,2,-1,0,-1,0,0
38.987255,-5,3,-1,-1,-1,-2,-1,-2,0
38.987265,3,-7,-6,-3,-1,0,1,0,0
39.001217,-2,0,2,-1,-2,0,-1,-1,0
39.001264,-7,0,0,-1,1,-3,0,1,0
39.002265,0,-8,-4,-1,-1,1,-1,-1,0
39.002277,1,2,3,-1,-2,-1,-2,-3,0
39.023362,-2,-3,-7,-3,2,1,-1,-3,0
39.023385,-6,-2,-3,-6,-4,0,-4,-5,0
39.026120,1,1,-4,1,0,-1,0,0,0
39.026127,-1,-3,4,0,1,-1,1,-1,0
39.045851,-1,-4,0,-2,0,-3,-1,2,0
39.045871,2,3,-2,0,-2,0,-1,2,0
39.047327,3,0,0,-4,-2,-1,0,0,0
39.047362,-2,1,0,-2,-3,-3,-2,-3,0
39.059901,1,-5,-4,-1,-1,1,-1,-1,0
39.059908,5,2,2,2,0,0,1,4,0
39.067144,-21,-6,-6,3,-1,-2,-2,-7,0
39.067163,-1,2,0,-7,1,1,0,2,0
39.084108,4,0,0,0,0,-2,-1,-1,0
39.084143,-5,-4,-5,-3,-2,0,-1,-2,0
39.086193,14,6,6,1,0,0,1,2,0
39.086199,-4,0,-4,-1,-3,0,-1,0,0
39.106847,5,2,-2,1,3,-1,-1,-2,0
39.106892,-19,-8,3,0,1,-2,1,0,0
39.107132,3,2,0,-2,0,0,1,1,0
39.107138,3,-1,-1,-1,0,-2,-2,0,0
39.121427,6,-4,-3,-1,-2,0,1,-2,0
39.121433,5,2,1,-1,-2,-3,-2,-1,0
39.127223,-2,-2,-2,-3,-2,-1,-1,-1,0
39.129601,3,1,0,1,2,-2,-2,-2,0
39.143363,-12,0,-3,-3,-2,-2,-2,-5,0
39.143391,3,-3,-3,-1,0,1,-1,0,0
39.145119,-8,-4,-2,-1,1,0,0,1,0
39.145126,2,-2,-1,1,-1,-2,-1,-2,0
39.166142,-6,-1,2,-1,-2,-1,-2,-1,0
39.166195,-2,0,-3,0,-2,-2,-1,-2,0
39.168298,1,-3,0,1,-2,-2,-4,-5,0
39.168303,-1,6,-2,0,-1,1,1,2,0
39.180465,-4,0,3,2,1,-2,0,0,0
39.180490,2,1,2,-1,-1,-1,-1,-6,0
39.186811,-3,-2,-4,-3,-1,-1,-3,-2,0
39.186829,-3,1,2,-2,0,-2,-1,-1,0
39.203189,9,3,-3,-4,-3,-1,-1,1,0
39.203211,-13,-2,-3,1,-1,-1,0,-1,0
39.204729,-4,-1,2,0,-1,-1,0,-2,0
39.204812,-4,-6,-6,-1,-1,0,0,-2,0
39.225594,1,4,2,-1,-1,0,0,0,0
39.225617,5,-3,-3,-2,-1,-1,-1,1,0
39.227099,1,5,-1,-1,-1,-1,1,-1,0
39.227112,-2,-8,-3,1,1,-1,-1,0,0
39.240158,-1,-1,-4,-1,0,0,-1,0,0
39.240176,-4,4,7,0,-1,-1,-2,-2,0
39.246906,-1,-1,1,-1,-2,-2,-1,2,0
39.246926,1,0,0,0,-1,-1,-1,-2,0
39.263247,-2,3,-1,-1,0,-1,-2,0,0
39.263267,-3,-8,-5,-1,0,-1,0,2,0
39.264749,-4,-6,-1,-1,0,-1,-2,-3,0
39.264777,-2,1,-3,-3,-1,-1,0,0,0
39.285786,-5,-4,-1,-1,-2,-3,-1,-3,0
39.285811,1,2,-1,-2,-2,-2,-1,3,0
39.288709,3,0,-1,0,-1,-1,0,-1,0
39.288714,-1,1,-1,-4,0,-1,0,0,0
39.300478,-1,-6,-7,1,1,0,-1,0,0
39.300499,1,-6,-9,-3,-3,-2,-1,-3,0
39.307982,2,-2,-2,2,-1,-1,-1,1,0
39.308018,-3,4,5,-3,-2,-1,-1,-1,0
39.323269,-3,-1,3,0,0,-1,1,-2,0
39.323317,1,-2,-3,0,-2,-1,-2,-1,0
39.324688,0,-1,0,-1,-1,-1,-1,-1,0
39.324694,2,1,0,1,-3,-1,0,1,0
39.346102,-1,3,1,-1,-2,0,0,1,0
39.346134,3,4,1,-3,0,-1,-1,-1,0
39.349045,-5,-10,-3,0,-2,-1,0,-2,0
39.349068,-2,-1,1,1,-1,-2,-1,-2,0
39.360181,3,-3,-4,-2,-1,-1,-1,3,0
39.360203,0,2,6,-3,-1,-1,0,0,0
39.367300,2,5,-1,-5,1,0,0,2,0
39.367333,0,-4,-8,3,1,0,-2,-1,0
39.384744,-4,-4,-4,-4,-1,-1,-1,-2,0
39.384750,-1,1,-1,0,0,-1,0,-2,0
39.384903,-3,-1,4,-1,-1,-1,0,-1,0
39.384910,-1,-1,-3,1,-1,-1,-3,-3,0
39.406042,-1,1,1,-1,-2,-2,-2,-3,0
39.406073,6,-3,-8,-2,0,1,-1,4,0
39.407851,-2,-2,-5,-2,-2,-2,0,2,0
39.407857,-1,2,2,-2,-1,1,0,-1,0
39.419358,1,-4,-2,-2,-2,0,1,2,0
39.419381,-4,-1,4,-2,0,-2,-1,-1,0
39.430603,-4,-8,-5,0,3,0,0,-2,0
39.430613,4,0,-3,-1,-3,-2,-1,-1,0
39.443468,3,2,1,-1,0,0,-2,-1,0
39.443498,-18,-1,0,-2,-1,-1,0,-3,0
39.446407,3,-1,1,-2,-2,-1,-1,1,0
39.446424,-3,-5,-2,-1,-2,-1,-1,0,0
39.465962,0,0,1,-2,-1,-1,-1,-2,0
39.466003,5,1,0,0,-1,-2,0,1,0
39.467526,-3,3,0,-1,-1,0,-3,-2,0
39.467550,1,6,8,3,1,0,1,4,0
39.480537,-3,-9,-11,-3,1,-1,0,-1,0
39.480544,-4,2,7,1,-3,-1,-1,-4,0
39.489733,-1,-3,-2,-2,-3,-1,-1,-2,0
39.489740,2,0,5,-1,-1,-2,1,3,0
39.503313,-6,0,0,-3,-2,-1,-2,-5,0
39.503335,2,-3,-6,-1,-1,-1,-1,1,0
39.505995,1,2,-1,0,-1,0,-1,0,0
39.506000,-1,0,0,-4,-2,-2,-2,-1,0
39.526781,-2,0,-1,0,-1,-1,-2,1,0
39.526788,2,2,0,-1,-1,-2,-1,-2,0
39.527105,-1,-5,-8,2,-1,-2,-2,-2,0
39.527137,-5,-10,-4,-3,-1,-1,-2,-6,0
39.541873,-2,2,2,-1,-3,-2,0,2,0
39.541880,0,-2,1,-1,0,0,-1,-4,0
39.557488,0,1,-1,-3,-1,-1,-1,-1,0
39.557494,-5,-2,-4,1,0,-1,-1,-1,0
39.563441,-4,1,3,-3,0,-2,0,-1,0
39.563460,7,-2,-6,0,0,0,-2,1,0
39.564855,2,2,1,-2,-1,-2,-1,1,0
39.564933,2,1,4,-2,0,-1,-1,-2,0
39.585813,-1,0,-1,-1,-2,-1,-1,-1,0
39.585837,1,-1,-3,-2,0,0,0,3,0
39.587894,3,-2,-1,0,1,-1,0,-1,0
39.587899,8,0,0,-2,-2,-2,-3,-2,0
39.599796,-15,-4,1,3,0,-2,-1,-2,0
39.599949,-5,-3,0,0,-1,-2,-1,-2,0
39.608345,-3,1,-2,1,-2,0,-1,-1,0
39.608374,1,-4,-7,-2,0,0,0,2,0
39.623331,4,4,4,1,0,1,1,2,0
39.623353,0,-1,-4,-2,-1,-1,-1,-2,0
39.625073,1,0,4,-2,0,-1,-2,-2,0
39.625078,-6,-2,-4,1,-1,0,-2,-1,0
39.646031,7,-2,-7,-2,0,0,-1,-2,0
39.648080,-6,-2,4,0,0,1,0,-1,0
39.648087,1,3,-1,-1,0,0,-1,-1,0
39.648089,-9,-7,-3,-3,1,-2,-2,-4,0
39.659278,0,1,0,-2,-2,-2,-3,-2,0
39.659295,-2,1,0,-1,0,0,-1,-3,0
39.668707,2,-2,-4,0,-1,-1,0,4,0
39.668711,-1,6,3,-2,-2,-2,-1,-1,0
39.683600,7,-3,-1,4,1,-1,1,1,0
39.683639,-3,-4,-6,-1,-2,-2,-1,-2,0
39.684742,-4,1,0,-1,-1,-1,-1,0,0
39.684751,-2,3,1,-1,-1,0,-1,-1,0
39.705831,-3,-2,-1,-4,-2,-2,-2,-4,0
39.705852,5,1,0,0,0,0,-1,2,0
39.707191,-4,-4,-2,-1,-2,-1,0,-5,0
39.707197,-1,1,1,0,-3,-1,-2,0,0
39.719310,1,2,7,-3,-1,0,-1,-1,0
39.719333,0,-8,-8,-1,-1,-1,0,-1,0
39.730291,-2,2,3,0,-1,-1,-1,0,0
39.730297,-2,-5,-7,-1,-2,-1,0,-3,0
39.743086,-2,2,6,0,-1,1,-1,3,0
39.743093,-4,2,3,-3,1,-1,-1,1,0
39.744612,1,-4,-4,-3,-1,-2,-3,-5,0
39.744626,2,-1,-2,1,0,0,0,2,0
39.766066,-1,-4,-6,-1,-2,-3,-3,-4,0
39.766112,1,10,4,-5,-2,-3,1,4,0
39.769067,-7,-7,-2,1,0,0,0,-1,0
39.769074,0,-5,-2,-2,-1,-2,-1,-1,0
39.779377,-1,-1,-3,1,-1,1,-1,0,0
39.779398,11,-6,-9,-3,1,0,-2,-3,0
39.788590,-27,1,1,-3,-2,-1,1,-2,0
39.788597,-3,-3,-1,0,-1,-1,-1,-2,0
39.803459,-6,-6,-9,-2,0,0,1,2,0
39.803464,3,-3,4,1,-2,0,0,0,0
39.804659,3,0,0,1,-2,1,-2,-3,0
39.804666,-4,-2,-3,-5,2,-1,-2,-1,0
39.825730,-5,2,3,1,-3,-1,-1,-4,0
39.825753,-3,-1,-2,-2,-2,0,-2,-2,0
39.827039,0,-6,-4,-1,0,-1,-1,-2,0
39.827045,1,6,4,0,-3,-2,0,-2,0
39.849814,6,1,-2,0,1,-1,0,1,0
39.849836,1,0,-2,1,-2,-2,-1,-4,0
39.850008,-21,-4,-2,-1,0,-1,0,1,0
39.850053,-3,-1,-1,-1,-1,0,-2,-1,0
39.865561,-4,0,0,-2,2,-1,-1,0,0
39.865568,-3,0,-3,-4,-2,-1,-3,-5,0
39.865571,5,-3,-1,2,-1,-1,-1,-5,0
39.865573,-1,-2,1,2,1,0,0,2,0
39.885797,2,0,0,-5,-2,-1,0,-3,0
39.885823,-4,0,-2,0,3,0,-1,0,0
39.887891,11,1,-4,-2,-1,-1,1,2,0
39.887896,-2,1,2,-3,2,-2,0,-1,0
39.908873,2,2,1,-1,-1,0,-1,-2,0
39.908910,-7,-4,-2,2,-2,-2,0,0,0
39.911395,8,0,-2,-2,-2,-1,-2,1,0
39.911400,-4,-3,-7,1,-2,0,-1,-1,0
39.923143,-2,0,1,-2,-5,-3,-3,-1,0
39.923164,2,-5,-9,1,2,1,1,2,0
39.926098,-7,1,3,1,-1,-2,-1,-2,0
39.926104,2,0,1,-1,0,0,-2,-3,0
39.945958,-4,-5,-5,0,-1,-2,-1,-1,0
39.946056,-4,0,2,-3,-3,-2,0,-2,0
39.947367,6,1,1,0,3,0,1,3,0
39.947392,0,-1,-3,1,-2,-1,0,-1,0
39.968148,-5,2,-1,-1,-1,1,0,-4,0
39.968166,1,0,-1,-1,-4,-1,-2,1,0
39.969689,8,-4,4,1,-1,-1,0,-1,0
39.969695,-4,-1,-1,-2,-2,0,0,1,0
39.982834,10,-1,-2,0,-1,1,0,3,0
39.982868,2,3,1,-3,-1,-1,-1,-1,0
39.989919,-9,0,-3,-2,0,-1,-1,-2,0
39.989940,-16,-5,-3,0,-2,-2,-1,-4,0
40.005740,-1,0,-1,-5,1,-3,-1,-1,0
40.005811,-2,-13,-3,2,0,-1,-1,-1,0
40.007205,3,5,5,-1,-1,-1,-1,0,0
40.007223,7,1,-2,-2,-1,1,0,1,0
40.028725,-5,-4,1,-2,-3,-1,-2,-4,0
40.028756,-6,-1,-6,2,0,0,0,1,0
40.031274,6,2,-3,-4,-3,-1,-1,-2,0
40.031282,0,-4,-2,0,-1,0,-2,-1,0
40.042485,-5,-2,-2,-6,-1,-2,-3,-5,0
40.042501,4,5,4,0,0,1,1,3,0
40.049795,-3,-4,-2,-2,-1,-1,0,-3,0
40.049829,-3,3,-1,-2,-3,-2,-2,-2,0
40.065977,5,-9,-4,2,1,1,-2,-3,0
40.066047,-2,1,0,0,0,-3,-1,-2,0
40.067423,1,1,-3,-3,-1,-1,0,2,0
40.067451,1,-2,0,-2,-1,0,1,4,0
40.088848,4,5,6,1,-2,-2,-2,-2,0
40.088878,-18,-4,-3,0,-1,-1,1,2,0
40.090727,-1,-2,0,-2,-1,-1,-3,-2,0
40.090731,5,-3,-2,-3,-2,-1,0,-2,0
42.113697,8,1,-27,-11,-7,-3,9,53,4
42.114245,-119,-15,-13,-1,-2,-5,-15,-58,4
42.114250,73,-8,-11,11,1,0,-1,-61,4
42.114252,41,-2,-4,-25,-4,1,7,31,4
42.127755,78,3,46,31,9,1,-5,14,4
42.127783,21,101,6,-1,-2,-4,-9,-44,4
42.130747,-84,-79,-5,-8,-4,-5,-4,-11,4
42.130755,-112,-35,-4,1,-1,-2,-8,-31,4
42.150151,92,14,-11,-7,2,3,8,24,4
42.150184,-37,82,34,1,1,5,9,37,4
42.150581,95,86,-18,11,2,4,13,97,4
42.150589,-96,-56,1,-2,-3,-7,-15,-108,4
42.173466,107,-94,-40,-18,-4,-1,2,-13,4
42.175573,52,12,-2,9,3,2,2,-10,4
42.175582,-64,-10,-23,-6,-1,1,3,50,4
42.175586,32,-74,-30,-17,-9,-9,-7,-18,4
42.187633,-43,94,5,0,-1,0,1,-2,4
42.187656,-74,-61,-8,0,-1,-5,-5,-64,4
42.190267,47,-8,-13,1,-1,2,4,27,4
42.190274,-47,13,-14,-5,-5,-5,-10,-26,4
42.210139,6,-54,-13,3,-2,-1,-2,26,4
42.210161,-9,-73,-13,-6,-4,-3,-4,-32,4
42.212525,-30,12,38,-1,0,-4,-6,76,4
42.212542,49,-40,-25,-1,4,3,1,-15,4
42.233477,15,-72,-10,-1,-3,-1,1,32,4
42.233504,58,-5,-29,-10,-5,-3,3,47,4
42.233885,-48,-13,31,-9,4,2,5,-9,4
42.233893,57,97,33,10,3,1,-5,-2,4
42.247523,-29,52,-6,-3,-1,-1,1,-3,4
42.247551,3,-115,-20,-4,0,2,5,10,4
42.248286,-46,11,-1,-4,-3,-5,-6,-22,4
42.248304,0,37,20,2,0,-1,5,41,4
42.269993,30,-19,-1,4,1,-2,-9,-49,4
42.270016,32,111,36,13,2,-1,-8,1,4
42.271729,104,1,-24,-14,-6,-3,1,40,4
42.271743,48,-85,-18,11,4,2,0,-4,4
42.293226,-69,2,12,-6,0,-3,-6,55,4
42.293331,-21,-63,-4,-2,-1,1,3,-4,4
42.293889,-12,57,-20,-14,-3,-3,-4,-6,4
42.293975,-50,-48,-15,6,2,0,1,10,4
42.307542,28,-22,34,-4,-1,-4,6,28,4
42.307556,18,30,9,-1,1,-1,-9,40,4
42.308260,-84,67,16,9,0,-4,-15,-118,4
42.308327,50,15,-15,-5,-3,-1,5,41,4
42.330358,-26,-17,-6,0,-1,0,-6,-20,4
42.330388,-65,-23,-15,-2,-1,0,6,-2,4
42.332574,87,34,40,18,2,4,8,-10,4
42.332581,-84,81,11,4,0,-3,-7,10,4
42.354437,9,-80,-17,-13,-4,-4,-2,-15,4
42.354443,-82,83,0,1,5,3,5,-16,4
42.354445,-75,-125,-7,1,1,0,-2,-9,4
42.354447,78,6,-13,-11,-7,-6,-5,-12,4
42.367163,0,106,27,10,1,-1,0,1,4
42.367195,38,12,-6,0,-2,3,2,-33,4
42.375152,-9,3,12,-9,2,-1,-4,-1,4
42.375167,41,51,3,1,1,3,3,31,4
42.390276,-40,65,22,14,1,0,-4,-71,4
42.390300,94,27,9,-4,-6,-7,-12,-7,4
42.391859,-22,-6,-16,-2,-3,-2,-3,31,4
42.391868,-2,11,-10,-10,-4,-3,1,17,4
42.413515,57,34,-3,8,1,1,1,-6,4
42.413541,0,25,5,-7,-1,0,2,-16,4
42.415825,42,-32,7,3,-1,-1,-1,9,4
42.415832,-47,-65,-29,-5,-3,-1,0,-28,4
42.426826,-45,99,53,14,8,6,7,56,4
42.428015,103,-116,-13,-8,-4,-10,-14,-31,4
42.435012,-4,27,-4,-6,-4,-2,3,28,4
42.435028,-56,12,14,0,-1,-1,-4,-15,4
42.450227,-27,19,-11,-13,-3,-5,-6,-61,4
42.450251,9,11,17,23,3,3,13,46,4
42.450649,-11,-15,-1,-11,4,3,5,-8,4
42.450666,-22,37,9,2,-2,-1,-5,-32,4
42.473366,-3,-103,-28,-11,-6,-1,2,26,4
42.473386,-25,-19,2,-1,0,-1,-2,-3,4
42.475468,98,-3,-10,18,-8,-6,-5,-8,4
42.475473,71,-62,-7,-10,6,3,3,-20,4
42.487225,-27,-59,-16,-7,-3,-4,-5,7,4
42.487247,-18,52,-4,3,-3,-1,-3,20,4
42.497028,-13,-98,-6,4,4,0,-2,-7,4
42.497039,11,-29,-1,3,-1,0,2,-13,4
42.512506,-97,68,-23,-8,-2,0,4,29,4
42.512513,58,-127,-16,-11,-7,-6,-8,33,4
42.512516,10,28,7,6,1,2,6,30,4
42.512518,14,-96,-15,-8,-3,-1,-3,-12,4
42.533465,31,22,-4,-2,0,3,1,-15,4
42.533491,-37,79,-4,-1,-2,-1,-1,30,4
42.533873,36,19,1,-15,1,2,3,23,4
42.533915,28,-49,-19,-6,-5,-5,-8,-54,4
42.546993,78,-38,41,16,7,2,-2,45,4
42.547015,-75,-97,-9,7,5,2,4,24,4
42.555667,4,93,11,-8,-6,-6,-10,-6,4
42.555695,44,-23,-11,-5,-4,-4,-6,30,4
42.570185,-20,12,2,13,5,3,3,20,4
42.570208,-46,-11,-6,-6,0,-1,1,3,4
42.572406,-65,87,35,21,6,8,8,-13,4
42.572419,-16,67,-2,-9,-8,-5,-3,23,4
42.593275,32,-50,-27,-8,-1,-6,-14,-35,4
42.593297,0,-18,0,-4,0,0,-2,13,4
42.595350,25,-31,-30,-1,-1,0,0,-43,4
42.595357,10,-14,43,17,5,4,3,-14,4
42.606775,5,-16,-14,-6,-7,-5,-6,-37,4
42.606844,103,72,2,-6,-4,-2,-5,-80,4
42.615237,-49,56,-18,-8,-5,-4,-1,6,4
42.615273,-18,-56,7,3,1,-1,-2,-57,4
42.630104,-9,46,9,0,-1,0,1,26,4
42.630125,-82,-76,-17,-10,-4,-1,6,34,4
42.631653,-5,-9,-8,-7,-1,0,-2,-51,4
42.631660,-60,-9,-7,-5,-3,-3,-7,-22,4
42.653127,23,-1,1,-7,-1,1,8,84,4
42.653173,25,-28,8,2,2,2,0,-41,4
42.653851,-21,67,10,15,3,0,-3,22,4
42.653859,-80,44,-12,-25,-5,-7,-10,16,4
42.668835,45,-20,-21,5,-4,-1,-7,-59,4
42.668841,99,-17,26,2,3,2,10,60,4
42.675071,-17,-101,-1,-6,-1,-2,-5,34,4
42.675085,35,-25,33,14,5,5,8,7,4
42.690157,-96,-56,3,3,-2,1,-1,-45,4
42.692449,95,79,-16,-6,-1,-4,-6,-23,4
42.692455,56,56,3,-5,-6,-2,3,8,4
42.692457,16,25,-29,2,1,0,3,5,4
42.714685,-23,103,42,1,2,0,2,-9,4
42.714691,36,-40,10,14,1,2,1,22,4
42.714693,-31,-74,6,-3,0,0,1,-5,4
42.714695,-67,127,-18,-2,-7,-4,-8,10,4
42.735780,85,-102,-64,-18,0,-1,-2,-26,4
42.735803,-46,68,35,14,6,2,3,24,4
42.737230,5,-10,6,2,-2,0,2,38,4
42.737235,69,-26,-6,-7,-1,-6,-13,-31,4
42.750122,-8,-56,-3,-1,1,4,9,36,4
42.750142,-128,-86,-12,-6,-3,-1,-2,-1,4
42.750696,74,-73,-12,-5,-2,-1,-5,-37,4
42.750706,53,37,11,6,2,1,4,18,4
42.773165,55,-47,-13,-9,-2,-2,2,32,4
42.773187,70,-59,-13,-1,0,0,2,22,4
42.775253,10,-75,-32,-10,-6,-4,-1,-7,4
42.775258,-29,105,34,6,-4,0,2,35,4
42.796035,-46,95,21,-8,6,-2,-3,-82,4
42.796061,-1,-4,-15,-4,-2,0,-2,17,4
42.796773,20,54,5,16,2,1,-5,-4,4
42.796910,-83,-81,-23,-12,2,2,-1,3,4
42.810068,46,-18,-1,2,-7,-5,-5,20,4
42.810084,29,-34,12,2,3,3,4,1,4
42.810721,-101,-54,-11,-4,-1,-5,-9,-38,4
42.810735,33,14,7,1,1,2,9,56,4
42.833562,-123,-12,8,-5,-5,-4,0,-12,4
42.833613,97,127,-2,5,-7,-5,-9,-36,4
42.834910,108,0,7,2,-1,-1,1,41,4
42.834916,54,73,22,0,6,2,7,-35,4
42.855645,60,-72,-13,2,-4,-2,-3,-61,4
42.855656,-38,-21,-11,-17,-2,-3,-9,-20,4
42.856507,-17,96,35,2,0,-1,0,2,4
42.856622,74,18,11,10,-2,-3,2,53,4
42.870078,53,45,2,1,2,-2,-11,-16,4
42.870087,-126,-19,10,4,0,0,4,11,4
42.870598,117,86,-20,-2,-1,2,3,49,4
42.870604,100,-2,-11,4,-7,-4,-5,-77,4
42.893345,-70,-4,-3,-4,6,0,1,58,4
42.893367,-30,1,-10,-5,-3,-1,-2,-4,4
42.895823,-35,-116,-54,-31,1,0,-6,29,4
42.895832,38,-2,43,10,0,0,1,29,4
42.916826,-34,-81,-17,5,-4,3,9,36,4
42.916833,1,64,10,-1,1,0,-5,5,4
42.916835,-1,-61,-3,0,-2,-1,8,-2,4
42.916837,29,-3,-20,-10,-3,-2,-3,30,4
42.930152,-40,91,-1,-1,-3,-3,-6,6,4
42.930176,20,-13,3,2,3,2,7,2,4
42.931807,-128,21,16,5,-3,-3,-8,-24,4
42.931812,-128,-84,-27,2,5,6,2,-25,4
42.953136,27,-6,-1,-3,-5,-4,0,-2,4
42.953159,26,-33,-17,-5,-4,-2,-2,-2,4
42.953854,2,51,25,13,3,2,2,-49,4
42.953867,-26,-76,4,6,1,1,0,-2,4
42.975812,-66,55,0,-19,-1,-2,5,81,4
42.975835,94,45,-21,-1,-3,-7,-18,-80,4
42.977728,-31,-17,9,2,4,1,4,13,4
42.977733,6,14,0,5,1,-2,-5,14,4
42.990603,55,-32,7,7,-2,2,6,10,4
42.990633,26,4,-9,-5,-4,-1,-4,19,4
42.992119,52,-47,-10,-7,-7,-4,-5,-26,4
42.992123,-48,51,-3,-11,-2,0,2,-15,4
43.013445,16,-13,-12,7,-6,-5,-5,16,4
43.013667,21,90,5,10,3,3,5,11,4
43.013932,47,-54,-14,-1,-2,-3,-2,-26,4
43.013939,-79,11,-5,-5,-3,-3,-7,-38,4
43.035751,67,56,4,-2,1,0,-1,-55,4
43.035774,-60,-128,0,-8,1,0,3,50,4
43.037321,35,110,1,-3,-3,1,1,9,4
43.037331,-64,-32,22,5,0,2,4,9,4
43.050494,75,107,20,9,7,4,5,31,4
43.050530,-99,-12,-5,4,1,-3,-11,-76,4
43.052068,-105,-57,-22,-15,-4,-2,0,32,4
43.052073,7,-45,-11,2,2,0,-3,-43,4
43.073230,-20,-26,0,-2,-2,-1,0,-8,4
43.073237,25,20,11,4,-1,-1,-1,31,4
43.073764,-33,8,8,2,2,0,4,30,4
43.073777,44,11,-17,-6,-3,-3,1,11,4
43.095953,-30,-23,12,-3,0,1,-5,-25,4
43.098435,-7,46,9,2,-1,-3,-2,-4,4
43.098443,10,-26,7,1,-1,-1,0,18,4
43.098444,98,58,1,1,-3,-2,1,11,4
43.110091,2,6,4,-8,-3,-3,-4,-15,4
43.110179,13,-82,0,2,-1,-2,-1,1,4
43.113111,27,27,-2,-7,-1,0,-2,-14,4
43.113130,-28,-1,-5,5,4,2,3,13,4
43.134235,-20,-36,-27,-6,-4,-2,0,10,4
43.134242,51,26,1,-1,1,-1,-5,-16,4
43.134244,80,91,61,21,2,0,1,23,4
43.134246,77,-75,-14,-6,-2,-6,-9,20,4
43.155908,29,-43,-15,0,-2,1,-1,-33,4
43.155930,-76,-4,-31,-17,-6,-1,6,18,4
43.157851,-24,65,6,5,2,3,3,-22,4
43.157856,-29,-42,-12,0,-4,-4,-8,-13,4
43.169326,29,41,0,-6,1,-3,-4,31,4
43.169345,-3,32,17,10,2,2,3,-7,4
43.180372,13,-72,-7,-2,1,1,0,-15,4
43.180381,11,40,-6,-3,-3,0,5,43,4
43.193146,-121,-127,14,0,-2,-1,-4,-59,4
43.193169,-52,87,14,2,-4,-8,-11,6,4
43.195831,2,-79,-39,-8,-3,-2,-1,-16,4
43.195841,-17,-17,-10,-6,-3,-1,5,13,4
43.216113,-3,-9,4,0,1,2,1,-7,4
43.216149,7,-29,-5,-5,0,3,3,15,4
43.217142,33,52,7,4,0,-2,-2,28,4
43.217158,-74,94,3,-8,-3,-2,-9,-42,4
43.229535,127,-22,-14,1,-2,-4,2,53,4
43.229663,-68,-18,-7,-6,-3,-2,-3,-21,4
43.240216,30,-33,-5,9,0,0,0,9,4
43.240222,9,14,0,1,0,-1,0,-16,4
43.253242,-84,-7,20,-3,0,0,-2,18,4
43.253265,-41,-69,-22,-2,-4,-3,-8,-75,4
43.255626,16,-32,-14,-7,-2,-1,-3,13,4
43.255632,51,11,3,2,0,2,3,21,4
43.275820,34,38,-5,-7,-4,-4,-4,-5,4
43.275841,45,11,41,6,3,3,10,69,4
43.277237,-107,10,3,-5,0,-3,-13,-116,4
43.277294,-46,-95,3,4,-1,0,-4,15,4
43.289784,95,104,3,-4,0,-1,1,16,4
43.289791,-22,-99,-13,-4,-3,-2,-3,-16,4
43.299152,79,67,-2,2,4,2,7,15,4
43.299160,96,3,9,-7,3,0,1,20,4
43.313336,-13,5,20,16,-3,0,-4,-40,4
43.313371,8,-14,3,-5,2,2,8,73,4
43.314915,16,19,-8,-5,-6,-5,-10,-72,4
43.314939,4,-103,-16,-14,3,-1,-2,-19,4
43.335802,-43,-67,-17,2,-5,-4,-5,-1,4
43.335842,67,11,6,4,1,-1,-2,-6,4
43.338042,-6,-76,-10,-7,-5,-4,0,39,4
43.338047,-4,84,10,0,0,0,2,-8,4
43.349893,-27,76,-8,4,1,-1,-3,-30,4
43.349927,35,-55,-13,-3,-2,-5,-5,9,4
43.360200,38,-39,-2,-4,0,2,9,34,4
43.360205,-87,-27,-3,-2,-7,-5,-7,-36,4
43.373559,-8,-22,-8,-2,-2,-2,-2,17,4
43.373588,-1,2,-13,-5,-3,1,-1,-2,4
43.375414,-90,12,21,11,9,5,8,25,4
43.375419,-29,59,6,6,-3,-3,0,-25,4
43.396137,101,-28,3,1,2,2,3,39,4
43.398204,35,27,-20,-6,-3,-1,-2,-50,4
43.398217,-80,-62,-3,-4,-4,-4,-2,-9,4
43.398219,37,-32,-16,-1,-1,0,-1,-11,4
43.409437,-51,-27,-1,-11,-2,-2,-1,15,4
43.409460,-56,26,-10,9,3,1,5,16,4
43.418844,4,45,8,-5,1,-1,-4,8,4
43.418853,-18,12,-8,0,-1,-5,-3,-14,4
43.433427,22,6,1,3,0,0,-2,-22,4
43.433458,-28,44,2,-3,-1,1,7,41,4
43.434942,8,-39,-23,-2,-6,-4,-12,-83,4
43.434978,1,94,2,-5,1,1,2,59,4
43.455769,-31,8,3,10,4,0,-3,-42,4
43.455791,21,111,1,-19,2,1,3,15,4
43.457597,37,-26,2,6,1,1,-1,-5,4
43.457603,-51,31,-5,3,4,5,9,56,4
43.469384,-17,-107,-22,-10,-3,-5,-8,-88,4
43.469406,12,-32,18,3,0,0,-3,-19,4
43.479851,-8,114,3,1,-1,-1,-1,-11,4
43.479859,13,50,-1,0,-6,-2,-7,-17,4
43.494822,-83,36,14,4,3,2,7,55,4
43.494828,-47,-7,-1,-5,-7,-5,-6,-18,4
43.494831,-48,-30,-11,-10,-4,-5,-6,2,4
43.494833,-31,42,6,5,0,0,0,-19,4
43.516101,-64,24,-1,-2,-1,-3,-4,-7,4
43.516160,47,-57,-3,-5,0,0,4,14,4
43.517723,-12,30,3,6,0,0,0,47,4
43.517733,35,-67,12,-9,-1,0,6,30,4
43.529395,-45,77,20,13,5,3,-6,-48,4
43.529426,6,-84,-34,-8,-7,-3,2,67,4
43.540316,97,84,12,-5,1,-1,0,-3,4
43.540323,-6,-47,-12,-1,2,-1,-2,-21,4
43.553363,82,56,-10,-9,-3,1,4,31,4
43.553389,-17,-31,12,12,3,2,-1,-16,4
43.555128,-7,11,11,-5,-5,-3,1,8,4
43.555138,-33,44,43,17,5,1,-1,-13,4
43.575654,-31,-65,-19,-9,-8,-9,-5,16,4
43.575677,-39,13,-8,-1,2,-1,-5,-40,4
43.577251,47,3,-5,-2,-3,-2,-1,15,4
43.577270,-46,18,1,-1,-4,1,-2,-6,4
43.589332,15,-75,-12,-9,3,1,5,39,4
43.589354,90,56,30,7,-3,0,-2,-14,4
43.599707,3,6,-6,2,-5,-3,-3,16,4
43.599716,-13,-24,-26,-17,-3,-3,-7,-37,4
43.613407,21,48,10,6,-1,-1,2,-29,4
43.613538,20,-7,-11,-1,-1,-3,-5,-16,4
43.615637,-12,-7,6,-4,3,-1,0,6,4
43.615654,56,45,0,9,-2,-1,-2,-61,4
43.635663,-18,-40,-3,-3,-3,-3,3,47,4
43.635677,14,72,15,-2,2,1,-1,-15,4
43.637105,-23,99,9,12,-1,-1,-2,8,4
43.637119,90,-98,-4,-13,2,-1,1,20,4
43.658467,-98,-19,10,13,6,6,5,-8,4
43.658583,-36,-58,-10,-3,-6,-3,-3,5,4
43.660792,-18,-35,2,-2,0,-1,-1,-1,4
43.660795,40,25,-9,-7,-3,-3,1,45,4
43.673169,7,-34,-8,-2,-2,0,-5,-20,4
43.673191,75,-20,-8,4,1,0,1,-4,4
43.674929,-103,-37,1,-1,-3,-3,-1,34,4
43.674935,6,-40,-7,-5,-1,0,1,15,4
43.696237,48,38,7,2,0,-1,1,53,4
43.696260,-27,-3,-1,-6,0,-3,-13,-64,4
43.698113,101,-73,-2,-1,1,1,2,9,4
43.698118,-101,-27,-5,-4,-1,0,2,5,4
43.718201,22,47,-3,-4,-4,-6,-5,19,4
43.718220,-41,4,9,4,4,23,6,-1,4
43.719694,-62,-12,-11,-1,0,-1,9,58,4
43.719719,44,-4,-2,0,-4,-13,-15,-82,4
43.733597,12,109,6,1,-2,-5,-2,-40,4
43.733639,-69,-85,-18,-7,-6,-28,-8,82,4
43.734908,-31,-7,9,-1,1,42,3,-75,4
43.734965,0,-12,-8,9,5,16,17,119,4
43.756237,-7,1,-1,-10,-6,-14,-7,-91,4
43.756260,8,70,4,0,3,3,4,-50,4
43.758978,-46,-23,-14,-5,-5,-29,-10,-22,4
43.758983,-33,66,10,-3,-4,20,-6,4,4
43.778981,10,31,11,0,2,9,4,14,4
43.779000,-100,-83,-11,-7,-2,-7,3,29,4
43.780012,93,89,14,8,0,-2,-3,-52,4
43.780033,-87,0,-1,2,-3,-9,1,-7,4
43.794249,45,-15,0,2,2,1,-3,-27,4
43.794255,33,65,8,9,0,1,2,-16,4
43.799803,-57,-17,-3,-12,0,-7,0,66,4
43.799842,33,-25,0,-2,3,5,-4,-37,4
43.816052,28,-30,-4,-1,0,0,-3,44,4
43.817669,-75,-19,5,-1,-5,-1,-1,-73,4
43.817676,64,-60,-9,-8,0,-4,-1,-34,4
43.817678,-46,-31,2,1,-3,-9,0,45,4
43.839159,16,9,-3,1,-1,6,-5,6,4
43.839168,127,21,-8,-3,0,0,2,25,4
43.839756,26,-37,-7,-3,-4,-5,-5,-23,4
43.839775,54,87,-1,0,1,-4,-4,11,4
43.852683,-24,-79,-10,-1,-2,-3,2,-13,4
43.852706,68,88,15,1,0,-1,2,68,4
43.860044,37,-22,0,6,1,-2,-5,-22,4
43.860064,28,-75,-26,-11,-3,-4,3,3,4
43.876128,-24,32,6,8,-2,-1,1,7,4
43.876150,-15,49,0,8,2,2,1,13,4
43.877213,-54,58,16,3,2,5,6,-14,4
43.877227,77,-6,-24,-7,-5,-8,-7,9,4
43.898387,103,9,22,-7,3,2,6,68,4
43.898421,-101,-41,-9,0,-4,-8,-14,-12,4
43.900868,57,-12,-11,-9,-4,-2,5,13,4
43.900879,2,-52,2,1,-2,-3,-2,-15,4
43.912840,9,-6,-15,-4,-1,-3,-4,9,4
43.914676,-3,44,3,-4,-3,-1,-4,-38,4
43.919357,0,77,-12,-2,1,-1,1,37,4
43.919380,-6,-85,-12,1,-2,-4,2,-13,4
43.935698,-43,-6,-9,-10,-2,-1,-4,-40,4
43.935716,115,25,7,1,2,3,2,10,4
43.937154,-70,47,6,2,-4,-5,-7,28,4
43.937173,34,-4,21,1,0,-2,-1,-19,4
43.958248,-34,-68,-20,0,0,4,-2,-15,4
43.958272,-48,67,22,3,-3,-6,-2,16,4
43.959758,9,-34,-6,-3,-3,-3,6,-14,4
43.959777,39,44,9,1,1,0,0,36,4
43.972735,21,-7,-2,0,-2,-3,-5,-3,4
43.972758,-46,-52,-7,-5,-4,1,-3,-1,4
43.981300,12,-60,-4,6,1,2,2,-10,4
43.981306,-9,2,-4,-6,1,0,0,24,4
43.995791,-69,47,-1,0,-4,-2,2,-10,4
43.995803,11,18,-16,-8,0,1,-1,0,4
43.997177,38,-15,-1,7,1,0,-1,1,4
43.997194,29,-88,-15,-2,-3,-1,0,27,4
44.018219,39,39,13,-8,-2,-7,-12,-10,4
44.018243,20,-34,-11,1,0,1,0,11,4
44.019953,-32,-15,2,6,2,1,-1,-2,4
44.019962,-85,127,21,5,1,-2,2,-22,4
44.032899,-28,-14,-17,-9,-6,-4,1,12,4
44.032935,44,-21,2,2,-2,1,1,-7,4
44.039546,-20,10,2,-4,-1,-1,-2,7,4
44.039568,25,27,18,10,3,0,2,-24,4
44.057254,30,39,-5,-2,-3,0,3,28,4
44.057260,-10,12,0,-5,0,-1,0,-1,4
44.057332,-2,-50,-12,-5,0,1,-4,14,4
44.057338,-51,22,10,2,-1,-1,-2,-21,4
44.078343,-14,-39,-6,6,-3,-1,-5,-4,4
44.078368,-2,-22,-6,-5,2,1,5,24,4
44.081130,25,26,-4,-13,-5,-2,0,29,4
44.081136,43,-45,-13,1,1,0,-10,-95,4
44.092452,-39,-95,14,1,1,-1,0,9,4
44.092476,5,1,12,4,0,0,-1,-11,4
44.099676,-89,-19,4,-2,-1,-3,-7,6,4
44.099705,83,-3,-13,-7,-4,-3,-2,-1,4
44.116461,-14,38,4,6,-2,0,1,-32,4
44.116529,-99,-77,-12,-7,1,1,-1,-18,4
44.118608,70,105,26,0,-1,-3,-5,26,4
44.118614,-31,-72,-9,-7,-5,-2,-5,17,4
44.138345,-41,39,12,4,2,0,0,-27,4
44.138368,-24,-27,-4,-2,-4,-3,-2,21,4
44.139858,18,0,-4,2,0,3,-1,-80,4
44.139887,-128,19,4,1,-2,-2,1,-21,4
44.151953,35,-18,-18,-7,-3,-2,-6,36,4
44.151975,15,-24,6,2,3,2,1,-14,4
44.162243,58,-1,-2,-2,-2,-2,2,24,4
44.162253,31,77,9,-4,-1,0,1,-4,4
44.175636,32,-25,-17,-2,0,0,3,-17,4
44.175659,127,77,14,3,-2,-2,-2,28,4
44.177100,-36,-12,4,11,2,-1,-3,-4,4
44.177180,0,-1,-1,2,-1,-2,-2,-31,4
44.198202,50,32,12,-4,2,-3,0,51,4
44.198220,92,3,-4,-1,0,2,2,16,4
44.200234,-75,-15,-16,-1,-4,-3,-3,-19,4
44.200269,86,-38,-5,-13,0,-1,3,70,4
44.213482,-48,-15,-6,-1,-1,0,-4,-99,4
44.213493,66,61,3,5,-1,-3,2,12,4
44.222650,-17,-8,-1,-3,-2,1,-1,-4,4
44.222661,-9,-9,-14,-8,0,-2,0,49,4
44.235683,58,-8,22,3,1,-2,-3,-4,4
44.235707,-45,-36,-16,-3,-1,-1,-3,-12,4
44.237198,-9,12,-11,-1,-1,-2,-1,-15,4
44.237211,11,112,20,9,-2,-1,-4,-1,4
44.260830,-55,-96,-21,-5,0,1,4,29,4
44.260842,-13,17,17,-4,-2,-1,-3,-48,4
44.267436,-6,-12,-11,0,4,0,1,3,4
44.267441,-9,4,3,2,-1,0,2,-19,4
44.272024,19,72,-5,-1,-4,-3,0,24,4
44.272046,-21,-26,-9,-6,-1,-2,-3,-3,4
44.280786,52,-51,-9,-7,-2,-2,-5,29,4
44.280831,23,-38,-7,-4,-2,-1,0,12,4
44.296137,16,89,12,2,0,1,-2,-65,4
44.296170,-95,-6,1,-1,-2,0,0,-21,4
44.297273,59,19,-25,-8,-3,-2,-1,-28,4
44.297290,14,-1,-11,2,-1,-2,0,17,4
44.318282,-16,-94,6,0,-2,-1,-1,11,4
44.318309,11,15,14,2,-2,-3,1,46,4
44.319956,-1,-5,-9,1,0,-1,-4,-68,4
44.319960,-79,-52,-8,-6,0,-3,-2,-25,4
44.331982,-94,37,-6,-5,-2,-1,-1,32,4
44.332012,4,19,-5,4,3,-1,-3,-28,4
44.342277,-113,-31,15,3,-3,-2,2,17,4
44.342282,48,12,6,-1,1,-2,-3,-1,4
44.355831,108,-24,0,7,2,0,5,21,4
44.355849,-113,-11,3,-4,0,0,-3,3,4
44.357146,71,24,-25,-8,-4,-5,-5,17,4
44.357158,-21,27,28,13,4,4,5,32,4
44.378746,64,-13,-5,-1,-3,-1,-5,-32,4
44.378791,51,-60,-21,-4,-1,-2,-2,-10,4
44.381683,113,55,25,1,0,0,6,15,4
44.381694,-46,-3,-1,-4,-4,-5,-4,13,4
44.391908,2,-2,1,-5,-4,-2,0,-8,4
44.391933,-74,-20,-2,6,-2,-1,0,-11,4
44.401815,72,84,13,-7,-1,-1,-1,35,4
44.401819,-38,8,4,7,0,-2,-4,-28,4
44.416236,-25,80,11,-2,2,1,-3,-18,4
44.416266,62,-52,-17,2,-2,-3,-3,-11,4
44.417424,31,-34,12,-2,2,1,7,22,4
44.417451,23,23,-14,-7,-4,-1,-1,-1,4
44.438363,-34,-20,-3,6,0,0,3,32,4
44.438386,33,127,17,0,0,-1,-1,-50,4
44.440126,-38,-65,-4,3,0,0,-2,6,4
44.440132,46,-43,-3,-1,-1,-1,-4,-4,4
44.451902,-76,6,-2,2,0,1,4,-14,4
44.451930,22,-21,8,-9,-3,-1,-2,60,4
44.463111,-35,6,16,7,2,2,-1,-26,4
44.463122,-55,6,-11,-13,-5,-3,-5,-27,4
44.476752,21,90,-3,7,-2,-1,-2,30,4
44.476791,81,-20,4,-4,-2,-1,-3,5,4
44.479824,-49,-69,-10,-1,2,1,-1,-42,4
44.479831,64,-56,-15,-4,-3,0,8,98,4
44.498324,-64,10,-21,-14,-1,-1,-6,-83,4
44.498353,-36,-3,15,6,2,0,2,24,4
44.500462,-19,-22,-4,-1,0,0,1,-24,4
44.500470,-17,112,-25,0,0,-3,-4,-15,4
44.511946,-15,-52,5,5,-1,0,1,8,4
44.511975,56,60,-30,-9,-1,-1,2,-33,4
44.522040,-26,99,27,-1,-5,-4,-7,-29,4
44.522049,30,-69,-6,5,0,-1,-3,-39,4
44.535713,99,32,-16,-9,3,1,6,96,4
44.535739,-68,-35,18,4,0,0,-7,-71,4
44.537178,-60,-47,-2,2,0,1,-2,22,4
44.537233,-57,-41,-19,-12,-6,-4,-2,-24,4
44.558104,38,-16,-4,-5,-3,-4,-1,9,4
44.558111,-119,49,19,17,1,0,1,23,4
44.559573,82,-62,-30,-10,0,-1,-2,40,4
44.559586,17,-41,22,5,3,2,-2,-43,4
44.573940,2,-55,-8,-5,-3,-2,-2,0,4
44.573946,-64,21,-22,-5,-3,1,5,27,4
44.582365,51,11,57,6,-2,-1,-1,53,4
44.582373,-61,81,-1,1,3,2,-10,-40,4
44.596204,-4,-17,-5,3,1,0,1,9,4
44.596236,114,-5,-14,-3,-1,-1,-2,35,4
44.599016,30,-2,-2,-3,-5,-6,-9,-48,4
44.599025,101,24,30,3,3,5,11,70,4
44.618267,-7,-26,-6,1,-3,0,-4,-33,4
44.618341,32,65,10,7,6,3,5,-19,4
44.620418,-78,52,-15,-10,-6,-5,1,12,4
44.620425,3,21,7,-6,-4,-5,-6,-38,4
44.641254,-13,56,25,9,4,16,7,97,4
44.641276,68,-67,13,-2,-4,-12,-8,-38,4
44.643563,127,127,16,9,5,-5,2,5,4
44.643567,50,48,19,5,1,-6,-19,-72,4
44.655824,-35,9,-9,-5,-10,-20,-9,-68,4
44.655840,-23,-4,-29,-14,1,15,11,59,4
44.657380,-59,-25,-6,6,5,11,8,-53,4
44.657399,23,1,16,11,3,3,14,48,4
44.678587,53,-128,10,-4,3,2,-3,-18,4
44.678617,48,-25,-7,3,-4,-4,-3,42,4
44.681263,-128,-82,-52,-16,-6,-6,-7,22,4
44.681269,-46,-103,-42,-16,-5,-2,-5,4,4
44.701026,42,24,15,14,5,1,11,-23,4
44.701055,-128,-128,-19,-7,-1,-1,3,25,4
44.702266,68,3,3,-3,-2,-3,-6,-23,4
44.702341,62,1,18,7,2,7,14,42,4
44.715073,-55,-52,-4,-5,-4,-6,-13,-49,4
44.715121,43,64,13,9,-1,-4,-1,34,4
44.722023,5,28,-9,0,0,1,2,24,4
44.722040,-91,125,13,1,-3,-2,-6,-29,4
44.738375,-53,-106,-38,-14,-2,-5,-6,10,4
44.738399,-18,120,10,7,-1,-1,-2,-7,4
44.740885,-13,22,7,3,2,1,1,-37,4
44.740891,-10,-27,-8,-5,-3,-2,-1,30,4
44.761561,-21,67,20,3,-1,-1,-4,13,4
44.761573,66,-72,-15,-9,-3,-3,-7,-50,4
44.762352,-27,-3,8,6,1,2,1,39,4
44.762388,56,68,16,5,1,0,6,-4,4
44.776755,-22,26,-53,-12,-2,-1,-9,25,4
44.776762,9,91,41,4,1,-2,-5,-24,4
44.782259,-84,-36,-18,-1,-3,-1,1,1,4
44.782303,-42,23,11,7,2,0,2,-1,4
44.797278,7,44,19,3,-1,-1,-2,0,4
44.797298,23,6,-18,-18,-3,-3,-5,-29,4
44.807233,99,6,11,6,3,1,2,24,4
44.807240,14,-128,-48,-15,-4,-2,-2,-31,4
44.820869,47,43,11,3,0,-3,1,53,4
44.820899,-84,-118,-60,-16,-5,-2,-5,-27,4
44.823214,22,-19,23,2,1,0,-3,-63,4
44.823220,-128,-92,-23,-3,-1,-1,-4,-17,4
44.835077,81,108,11,-4,-3,-1,5,30,4
44.835095,19,12,15,8,1,2,3,14,4
44.841743,26,-61,-7,1,-3,-2,-3,28,4
44.841760,-5,41,-2,-6,0,-1,-1,-31,4
44.858201,27,-45,6,-7,-3,1,4,44,4
44.858220,24,12,11,12,3,0,-1,-28,4
44.859605,-59,-83,-17,0,0,1,-7,-6,4
44.859611,37,37,-8,-2,-8,-8,-6,60,4
44.880799,59,-79,-12,-9,0,-1,-1,-29,4
44.880842,39,45,9,-4,-2,-2,2,12,4
44.883039,-85,38,1,2,1,-1,8,26,4
44.883046,32,12,4,1,-2,-1,-8,-40,4
44.895234,30,92,8,4,1,0,0,7,4
44.895266,-61,-93,-10,-6,-5,-6,-3,-5,4
44.901815,67,97,22,2,0,2,3,4,4
44.901842,-38,-99,-1,-4,2,0,2,41,4
44.918313,-86,31,8,-4,0,-2,-7,-55,4
44.918340,-4,-66,1,-4,-4,-4,-6,56,4
44.919680,48,24,-9,-7,-4,-2,-4,-49,4
44.919694,94,26,-1,10,5,1,8,22,4
44.948448,21,-71,-9,5,-1,0,-7,7,4
44.948486,30,60,3,2,-2,-1,1,43,4
44.950893,-53,-121,-35,-14,-6,-3,-1,-11,4
44.950898,13,52,5,0,1,3,4,24,4
44.955386,-13,-21,-22,7,-2,-3,-3,-19,4
44.955405,-9,69,7,6,3,4,5,-9,4
44.962530,-42,-76,-7,-9,-4,-3,-1,-5,4
44.962561,-6,39,-14,-15,-2,-3,-11,-4,4
44.978718,106,-102,43,15,5,4,-1,37,4
44.978749,-48,-15,3,-7,-2,-3,-10,-25,4
44.981213,19,58,8,-2,-1,-3,-3,-4,4
44.981218,41,73,11,-2,2,2,5,-2,4
45.000778,-77,-70,-29,-7,-9,-5,-9,-29,4
45.000796,-23,-23,31,5,10,4,6,-34,4
45.002195,69,48,-15,0,-3,-5,-7,12,4
45.002266,23,-83,11,6,0,0,1,2,4
45.015032,-44,30,-1,-3,-1,-1,5,-4,4
45.015057,-36,10,7,-5,-3,-1,4,43,4
45.021925,58,22,12,9,1,1,4,6,4
45.021948,-49,15,6,1,-3,-1,-4,44,4
45.038333,-12,6,-10,-7,4,2,10,-86,4
45.038349,57,38,-32,2,-7,-4,-10,70,4
45.039748,-8,-7,36,4,7,5,7,29,4
45.039761,-2,-65,-37,-9,-11,-11,-17,-65,4
45.061026,-117,22,36,4,-2,-1,6,-31,4
45.061058,8,49,-6,3,5,0,6,2,4
45.064111,76,18,-2,-4,0,-2,-4,7,4
45.064119,81,18,-1,4,1,2,1,-13,4
45.083588,-20,-15,-16,-4,-3,-1,-2,15,4
45.083612,93,-8,-7,-7,-4,0,4,22,4
45.084851,-96,67,20,3,-1,-2,-6,4,4
45.084872,73,60,27,3,0,-1,-3,23,4
45.098785,33,-17,-9,-4,-3,-3,-2,-28,4
45.098794,107,-73,15,-4,0,0,-1,-6,4
45.100062,37,103,12,12,3,4,10,50,4
45.100105,24,2,-15,-6,-1,0,1,-52,4
47.123908,6,0,-3,-2,1,1,-1,1,0
47.124209,-2,2,0,-2,-1,-2,-2,-3,0
47.124610,-8,3,0,0,0,-1,0,-1,0
47.124617,5,0,-2,-1,-3,-3,-3,-6,0
47.145782,-1,-1,0,1,-2,-1,0,-1,0
47.145807,5,3,2,-1,1,-1,-1,-1,0
47.147711,0,-3,-2,-1,1,-1,0,-4,0
47.147717,-6,-1,0,-1,-1,1,0,2,0
47.159287,-1,5,1,-4,-2,-1,-2,0,0
47.159311,-4,-3,0,-2,-3,0,0,-1,0
47.169009,13,3,6,6,0,1,0,1,0
47.169014,20,-4,-3,-3,-1,1,0,0,0
47.183496,-28,-6,-1,2,0,-1,0,-3,0
47.185873,7,1,-1,-5,0,0,0,1,0
47.185882,-5,-4,-2,-2,-3,0,-1,-2,0
47.185884,17,4,-2,2,2,0,3,3,0
47.206086,6,1,-1,-3,-1,-3,-1,-2,0
47.206106,-7,-2,-2,1,-1,-1,-2,-2,0
47.207298,-3,-2,1,0,1,-1,-2,-3,0
47.207317,-3,3,0,-2,0,-1,-2,1,0
47.219302,2,0,-1,0,-1,-2,-2,-1,0
47.219313,-7,-5,-5,-1,-2,-1,-2,1,0
47.229485,-1,-2,-3,-1,0,-3,-2,-2,0
47.229501,-7,-3,0,-1,-2,-1,0,-3,0
47.243249,1,-3,-1,-1,-1,-1,0,1,0
47.243273,2,-1,-3,1,-1,-1,-1,-1,0
47.245460,-2,3,4,-2,0,-1,-1,1,0
47.245474,-1,3,3,-1,-1,-1,-3,-4,0
47.266162,-2,2,2,-2,-2,-3,-4,-5,0
47.266171,-4,-6,-9,-3,0,-1,1,2,0
47.267306,-4,-6,-6,-2,0,-1,0,-2,0
47.267465,-5,1,5,5,0,-3,-1,-1,0
47.281202,5,4,0,-8,-1,1,0,2,0
47.281209,2,-1,-3,3,2,-1,-1,1,0
47.289490,-4,-1,-2,-2,-1,-1,-1,-1,0
47.289496,3,2,-1,1,0,0,1,3,0
47.303128,-4,-7,-3,1,-1,0,-2,-4,0
47.303144,-3,-6,1,-3,-1,-1,-1,-3,0
47.304802,2,3,-2,-3,-3,0,0,-1,0
47.304811,-1,-3,-1,-2,0,-3,-3,0,0
47.325637,2,8,3,1,-2,-2,1,1,0
47.325665,-1,3,1,0,0,1,0,-2,0
47.327170,22,1,-2,0,-4,-3,-2,0,0
47.327222,-20,-1,-3,-3,-1,-1,-2,-3,0
47.339855,3,-3,-5,-2,0,-1,-1,-1,0
47.339885,-3,3,4,1,-2,-2,-2,-2,0
47.350220,-9,-1,0,1,-1,-3,-2,-1,0
47.350235,16,1,-2,1,-3,0,0,1,0
47.363235,3,-2,0,1,2,1,-1,2,0
47.363262,-4,0,1,-1,-1,-1,0,1,0
47.365011,3,-5,-3,-4,-3,-1,-2,-4,0
47.365040,-5,-4,-6,-5,-3,0,0,-1,0
47.385729,-5,-3,1,5,1,2,1,0,0
47.385751,-2,0,1,-4,-2,-1,-2,-2,0
47.387207,-9,1,6,1,-1,0,1,3,0
47.387214,0,-3,-2,-3,-1,-1,-1,1,0
47.399703,-1,3,3,0,-1,-1,-2,-2,0
47.399745,3,0,-3,-2,-1,-2,-1,1,0
47.410666,-7,-4,-3,-4,-2,-2,-2,0,0
47.410671,-4,-3,-2,3,1,-1,-2,-1,0
47.423396,6,-1,-3,-4,-2,-1,0,-1,0
47.423411,-3,-2,-4,0,-2,-1,-1,-3,0
47.424772,-5,0,0,-3,-1,-1,-1,0,0
47.424791,0,0,0,1,-1,-2,-1,-3,0
47.445856,-2,-4,-4,0,-1,-2,-2,-2,0
47.445883,0,-2,-2,-4,-2,0,-1,-2,0
47.447704,-7,-4,-1,1,-1,1,0,1,0
47.447710,4,2,2,1,0,-2,-2,-2,0
47.468490,-1,0,-1,-2,0,-2,-2,-1,0
47.468497,-1,0,-3,-2,-3,-2,1,0,0
47.469620,2,3,3,-1,0,-1,-1,0,0
47.469626,-2,0,-3,-1,0,1,-1,-1,0
47.483845,-4,-7,-2,-3,-1,-1,1,-2,0
47.483858,14,10,3,2,1,1,1,6,0
47.484944,-27,-7,-3,1,-2,0,-1,-7,0
47.484968,-4,-4,1,0,-1,0,-3,-1,0
47.505777,-2,-1,0,4,-1,-3,0,-1,0
47.505806,0,-4,-2,-2,-1,-3,-2,-3,0
47.508067,9,3,-3,-1,-1,-1,0,2,0
47.508073,-4,-2,-2,-1,-3,0,0,-2,0
47.528577,1,2,-2,-2,-4,-2,-1,0,0
47.528609,-4,-5,0,-3,-1,0,1,0,0
47.531159,1,-1,-1,4,0,-2,-2,-3,0
47.531166,-1,-3,-3,-4,0,-1,-1,0,0
47.543387,1,3,2,1,-1,0,-2,1,0
47.543415,-3,-5,-2,-1,-2,-2,-1,-2,0
47.546390,0,3,0,-2,0,-1,-1,1,0
47.546397,0,-1,-2,0,0,-3,-2,0,0
47.565903,-1,0,2,0,-2,2,0,-1,0
47.565934,-4,-2,-1,-2,-2,-1,-2,-1,0
47.567239,2,-1,-4,-4,0,-3,-2,-2,0
47.567264,1,-1,4,4,0,0,1,1,0
47.588296,0,1,-2,-2,0,-1,-1,1,0
47.588320,-5,-1,1,-2,-2,-1,-1,-4,0
47.590140,-1,-1,-2,-1,0,0,0,1,0
47.590145,0,-2,-5,-6,-5,-2,-3,-3,0
47.602600,11,-3,-5,-2,-2,-1,-3,-1,0
47.602623,-35,-8,-3,0,0,-1,-2,-4,0
47.609407,2,2,2,0,0,-2,0,1,0
47.609426,-7,2,4,-1,0,-1,-3,-5,0
47.625743,4,-6,-11,-4,-2,-2,0,-1,0
47.625817,10,5,3,-1,1,0,2,4,0
47.627066,-3,-6,-5,-1,-3,-1,-1,-4,0
47.627079,2,1,2,-2,-2,-3,0,1,0
47.648284,-3,-2,-4,-3,-1,-1,-2,0,0
47.648316,5,2,1,0,-1,0,0,1,0
47.650733,-2,-4,-3,-3,0,-1,0,2,0
47.650740,3,1,0,-1,-1,1,0,0,0
47.662764,-5,2,2,0,-3,-2,-1,-1,0
47.662790,2,0,-1,-3,1,0,0,0,0
47.669488,4,4,7,2,2,-2,-2,-3,0
47.669510,-4,-1,-2,-2,1,-1,-1,0,0
47.687047,-5,-2,1,0,1,-1,0,-1,0
47.687059,1,-3,-5,1,-2,-2,-2,-3,0
47.687145,-3,-5,-6,-2,-2,-1,-1,-1,0
47.687151,-1,1,0,-1,-2,1,-1,-1,0
47.708235,-5,-2,-4,-1,0,0,-1,0,0
47.708251,5,1,1,1,-2,0,-1,1,0
47.710126,-2,2,1,-1,-2,-1,-1,0,0
47.710130,2,0,-2,-1,-1,-1,-1,0,0
47.722735,-2,-7,-6,-1,0,-1,-1,1,0
47.722765,-6,-4,-4,-3,-3,-1,-2,-5,0
47.729564,2,-1,-1,0,-2,0,-1,3,0
47.729594,-2,-1,1,5,1,-2,0,-1,0
47.746150,-1,0,3,-2,-1,-2,0,1,0
47.746187,3,1,0,-2,-1,-3,-2,0,0
47.748344,-3,-3,-3,-3,-1,0,0,-3,0
47.748350,2,1,-2,1,-5,-1,-2,2,0
47.768491,-1,4,4,-1,0,-1,-2,-2,0
47.768518,2,-2,-5,0,2,0,0,1,0
47.769653,2,2,1,-1,-1,-2,-1,-1,0
47.769669,-4,-5,-3,-2,0,1,0,-2,0
47.782841,-3,-1,0,0,-1,-1,-1,-1,0
47.782882,-8,-3,1,0,-1,-2,-4,-5,0
47.789684,2,-1,-4,0,0,0,0,-1,0
47.789707,-2,-1,1,0,-1,-1,-1,0,0
47.805854,0,-2,2,0,-1,-1,-1,-1,0
47.805878,2,0,3,-1,0,0,0,2,0
47.807656,-2,0,-1,0,-2,0,-1,-1,0
47.807662,-1,0,-1,-5,-2,-2,-2,-1,0
47.828322,-3,-3,-8,-3,-1,-2,-2,-2,0
47.828343,1,1,1,1,-1,-2,-1,-2,0
47.829901,-2,-2,-2,-1,-2,-2,-1,-1,0
47.829923,3,1,-1,1,3,0,-1,1,0
47.842722,-2,-1,3,-3,-3,0,0,-1,0
47.842736,-8,-7,-9,-1,0,0,-1,-5,0
47.849604,0,-2,0,-1,1,0,0,-1,0
47.849629,0,1,0,-4,-2,-2,-2,-2,0
47.866051,2,0,3,1,1,-2,-1,-2,0
47.867927,-2,1,-1,0,-2,-2,-1,-1,0
47.867934,-1,-1,1,0,-3,-1,-1,-1,0
47.867936,-1,-3,-7,4,-3,-3,-2,-1,0
47.888647,1,3,5,0,1,0,0,2,0
47.888652,2,0,3,-2,-1,0,0,1,0
47.889607,-3,-3,-4,0,1,0,-1,-1,0
47.889621,4,-1,-1,-6,-2,0,0,-1,0
47.903544,4,1,-3,1,-1,-1,-1,-1,0
47.903548,21,-2,-1,2,1,-1,1,6,0
47.909307,-45,-5,-1,-2,-3,-2,-3,-10,0
47.909322,-5,-7,-5,-4,-1,1,0,-7,0
47.925840,-5,-4,-1,-3,0,0,-2,-3,0
47.925868,10,3,2,-1,0,-1,-1,-1,0
47.927823,16,4,-2,-1,1,-1,1,4,0
47.927829,-7,-6,-5,-3,-1,-3,-1,1,0
47.948247,-1,2,-1,0,-1,-3,0,-2,0
47.948292,-8,-13,-10,-3,0,-2,-1,-2,0
47.950400,5,0,3,1,1,1,1,2,0
47.950408,-6,2,3,2,2,-1,-2,-3,0
47.962314,2,0,-1,-2,-1,0,-2,-1,0
47.964948,-5,1,-4,-4,-1,-1,-3,0,0
47.972848,-1,-4,-5,-4,-1,-2,-1,-4,0
47.972854,7,0,4,-2,-1,1,1,0,0
47.985687,-2,3,1,1,0,-1,-1,-1,0
47.985708,-13,-4,3,0,-2,1,0,0,0
47.987097,-1,-6,-4,-1,-2,-1,-4,-3,0
47.987111,-1,0,-3,-3,-2,-2,-1,1,0
48.008154,-2,-4,-4,-1,-1,0,0,-3,0
48.008176,2,5,2,0,-1,-1,-1,1,0
48.009871,6,0,3,-2,0,-1,-1,0,0
48.009878,-6,-5,-3,3,1,-2,-2,-8,0
48.022017,-5,-4,0,-5,0,-1,-2,-2,0
48.022042,2,3,1,-1,0,0,0,-1,0
48.031400,0,-1,2,2,-1,-1,-1,0,0
48.031410,2,3,-3,-2,0,-1,-2,2,0
48.046050,-4,-2,-4,0,-4,-2,0,0,0
48.046057,-3,2,1,-3,-1,-2,-1,-2,0
48.047279,4,0,2,0,-1,-2,-1,1,0
48.047309,0,-1,1,-2,-2,1,0,-1,0
48.068152,-3,-3,-2,1,-1,-1,-4,-3,0
48.068174,-2,6,-3,-1,-4,-1,-1,-3,0
48.070465,0,-10,-1,-3,1,1,0,3,0
48.070469,0,-1,-2,2,-1,-2,0,0,0
48.081946,2,2,0,0,-1,-1,0,1,0
48.081978,-5,-1,2,1,-2,-2,-3,-5,0
48.093604,2,5,3,2,-3,-1,-2,-2,0
48.093609,-4,1,2,-5,-4,-1,-1,-1,0
48.106567,-3,-4,-5,-4,-1,0,0,0,0
48.106596,8,1,-1,1,1,0,1,2,0
48.108204,-10,-4,-8,-1,-3,-1,-2,-6,0
48.108216,-2,-1,2,0,1,-1,-1,1,0
48.129207,-1,-1,-7,-5,-4,-3,-1,-1,0
48.129430,-1,-2,2,2,1,0,0,0,0
48.131889,6,5,3,-2,0,-2,-1,1,0
48.131901,-1,-2,0,1,-2,-1,0,0,0
48.141914,-3,-4,-3,-2,-1,-2,-1,-4,0
48.142008,-4,-5,-6,-5,-2,-2,-2,-1,0
48.158387,3,4,-1,-1,-2,-1,1,2,0
48.158401,-4,-3,-1,0,1,-2,-3,-4,0
48.166069,3,3,3,2,0,1,0,1,0
48.166114,-2,-5,-2,-3,-1,-2,-2,-3,0
48.168301,-4,-3,-2,0,-1,0,1,-2,0
48.168307,4,4,0,-4,-2,0,-1,3,0
48.188280,1,3,5,2,0,0,-1,0,0
48.188302,-4,-3,-1,0,-1,0,-1,-2,0
48.189840,0,0,0,3,1,-2,0,-1,0
48.189895,-3,-6,-7,-4,-1,-2,-1,-2,0
48.202041,-1,-1,1,3,-1,-1,-1,-1,0
48.202047,0,1,0,-5,-2,-2,-1,-1,0
48.212298,0,-2,-2,-2,2,-1,0,1,0
48.212306,0,-1,0,-1,0,-1,-1,-2,0
48.225731,-2,0,-3,-1,1,0,0,1,0
48.225756,-1,1,1,-2,-2,-1,-1,-2,0
48.227221,-1,-4,-1,0,-2,-1,0,-2,0
48.227234,1,4,0,-5,-1,-1,1,2,0
48.248741,-3,-9,-4,5,1,-1,0,-2,0
48.248753,0,3,2,3,1,-1,0,1,0
48.250127,2,-2,-2,-1,1,-1,-2,-1,0
48.250170,-2,-3,-4,0,-1,0,-1,-1,0
48.262542,1,1,4,-5,-3,0,1,2,0
48.264944,-3,-3,-1,-5,-2,-1,-1,-1,0
48.270891,-2,-1,-2,-1,-3,-2,-2,-1,0
48.270919,-1,-10,-3,2,-1,-1,2,0,0
48.285011,-5,-2,-2,-3,2,-2,-2,-4,0
48.285034,1,-1,-2,-1,-2,-1,0,0,0
48.287175,-4,3,1,-1,2,-1,-1,-2,0
48.287184,0,2,-1,-1,0,0,0,1,0
48.307942,-2,0,-1,-2,-1,-1,-1,-1,0
48.307971,2,-1,-2,0,-2,0,0,-1,0
48.310872,2,-2,0,-2,-1,-1,-1,0,0
48.310879,2,3,3,1,1,1,-1,1,0
48.330041,0,1,-4,0,-2,-1,-1,-2,0
48.330058,-3,-4,-2,1,1,-1,-1,1,0
48.330668,-1,-7,-3,-5,-2,0,0,-2,0
48.330752,-2,0,3,4,1,-1,-2,-1,0
48.345687,1,0,2,-7,-4,-3,-2,-1,0
48.348739,0,1,-2,0,0,-1,0,0,0
48.348749,-1,1,1,3,0,0,-1,-2,0
48.348753,1,-2,-5,-6,-1,-3,-1,0,0
48.367651,-1,1,4,1,-1,0,-2,-2,0
48.367675,-1,-3,-5,-3,-2,-2,-2,-1,0
48.368995,-5,-2,-4,-3,0,-3,-1,-1,0
48.368999,-1,-2,-1,2,-1,-1,0,-1,0
48.390006,0,-2,3,4,1,-1,-1,1,0
48.390020,-1,2,1,0,0,0,-2,-3,0
48.390569,2,1,-2,-1,-2,0,-1,0,0
48.390582,-4,-1,-4,-3,-2,-1,-3,0,0
48.405072,-1,-2,-3,-1,-1,-2,0,-2,0
48.405094,-2,2,2,-4,0,0,-1,-2,0
48.407098,1,1,0,0,-1,0,-1,0,0
48.407106,-2,-2,-4,-1,0,-1,-2,-2,0
48.428416,0,0,2,1,0,1,-1,0,0
48.430881,-1,-1,-5,1,-1,0,-1,-2,0
48.430894,-1,-1,-1,-4,-3,-3,0,-2,0
48.430898,0,1,-1,-1,2,-1,1,0,0
48.450181,-1,0,3,1,-2,0,-1,-1,0
48.450210,-1,-8,-8,1,-2,-1,-1,-2,0
48.451006,-1,0,2,-6,-3,0,3,4,0
48.451039,-2,-9,-8,0,-2,-3,-1,-5,0
48.466643,-2,4,1,2,1,0,-1,-3,0
48.466704,-1,2,7,3,1,-2,-1,-1,0
48.467235,0,0,-1,3,-1,-2,-1,-1,0
48.467255,-4,-2,-1,-6,-2,-1,-1,-1,0
48.487651,1,-1,-1,-2,-3,-2,-2,1,0
48.487676,-2,-3,-4,-3,-2,1,1,1,0
48.489390,-1,-4,-4,-2,-1,-1,-1,-3,0
48.489399,2,2,4,1,-3,0,-3,1,0
48.513023,1,1,-1,-3,-1,0,-1,0,0
48.513045,-2,0,-2,0,-2,-1,-2,-2,0
48.513049,-1,-1,0,1,0,-1,0,1,0
48.513053,-3,1,0,1,-1,0,0,-1,0
48.525473,-1,-2,-5,-4,-1,-2,0,1,0
48.525495,-2,-1,-1,-1,-1,-3,0,-3,0
48.528363,-1,-1,-4,-1,0,0,-1,-1,0
48.528380,-4,-3,-1,2,-2,-1,-1,-5,0
48.547597,0,-2,-1,0,1,0,0,0,0
48.547631,-2,-2,-3,0,-1,0,-2,1,0
48.548364,-2,-2,-3,-2,-1,0,-3,-3,0
48.548480,2,10,6,-3,-1,-2,1,-2,0
48.569967,0,-3,0,3,0,0,1,0,0
48.569991,-1,-2,-2,-2,-1,-2,-1,0,0
48.572206,0,-2,-3,1,-1,-2,-1,-3,0
48.572220,2,-3,-5,-1,-1,-2,-2,0,0
48.585011,-2,1,-4,-1,-3,-2,-2,-2,0
48.585034,1,-3,0,-1,1,1,-2,1,0
48.587024,0,2,3,1,-1,-2,-4,1,0
48.587028,-1,-2,-1,-3,-2,-1,0,0,0
48.607419,-2,-3,-6,-2,-1,-2,-1,0,0
48.607427,-2,5,5,0,-1,-1,-2,-3,0
48.608077,-2,-1,-2,-3,-1,0,0,-3,0
48.608090,2,0,1,1,0,-1,0,2,0
48.630028,0,-1,-3,-3,-1,0,-1,-1,0
48.630101,0,-1,-3,-1,0,-2,0,0,0
48.631797,0,1,1,2,-1,0,0,1,0
48.631808,-2,-3,-2,2,1,-1,-1,-3,0
48.645153,-3,-4,-1,-2,-1,-1,-1,-4,0
48.645177,3,-1,-3,-4,0,-1,1,0,0
48.647456,-4,-5,-4,-1,-3,-1,-2,-3,0
48.647464,0,0,2,-1,0,-1,0,0,0
48.668970,-1,-3,-1,-1,-1,-1,-2,0,0
48.668976,1,5,5,1,-1,-2,-2,-1,0
48.668978,0,0,-2,1,0,-1,1,0,0
48.668980,-1,-1,-3,0,-1,-2,-1,-1,0
48.690354,-2,-2,-2,-1,-1,0,0,-1,0
48.690381,-1,-2,-2,-3,-3,-1,0,-2,0
48.692475,0,-3,-3,-6,-2,-1,0,1,0
48.692479,-1,7,3,1,0,-2,0,-1,0
48.705280,1,2,1,-1,-1,0,-1,0,0
48.705305,-5,-2,-3,0,-4,0,-1,-2,0
48.705970,0,-3,2,1,0,-1,-2,-2,0
48.705990,-1,-7,-6,-2,-1,0,-1,0,0
48.727868,-1,1,3,-1,-1,-1,-2,-2,0
48.727898,-1,-3,-5,-1,-2,-2,-1,-1,0
48.730606,-3,-2,2,-1,0,1,-1,-6,0
48.730613,-1,1,4,-1,-2,0,0,0,0
48.750273,0,-4,-10,-1,-2,-2,-1,-1,0
48.750339,-1,0,0,0,-1,-1,-2,-1,0
48.750600,2,0,-3,-3,-2,0,0,0,0
48.750607,-4,-5,-4,-2,1,1,1,-1,0
48.765085,2,3,4,1,-2,-1,0,-2,0
48.765109,0,-2,-2,-2,0,0,-1,1,0
48.767427,-3,-1,-1,1,0,-1,0,-1,0
48.767435,1,3,2,0,-2,0,-2,0,0
48.787626,1,-3,-5,-3,-1,-1,-1,0,0
48.787655,-2,-3,-3,0,0,-1,-2,-2,0
48.790081,0,0,-1,-3,-3,-3,-1,1,0
48.790088,-4,0,1,1,-5,-4,-2,-2,0
48.810187,4,6,6,0,-1,-2,-3,-2,0
48.810193,1,-2,-3,0,0,1,0,2,0
48.810544,0,-1,-4,-4,4,0,0,0,0
48.810577,0,1,1,1,0,-2,-1,-1,0
48.827001,-1,-1,-1,-3,-1,0,1,0,0
48.827007,-2,-1,-1,-4,-2,-3,-2,-2,0
48.827009,-3,-1,-5,-1,-4,-1,-2,-1,0
48.827011,-2,-5,-6,-1,-1,-1,0,-3,0
48.847873,-2,0,1,0,-1,-2,-2,-1,0
48.847917,-2,-2,-4,-1,1,-1,0,-2,0
48.850604,2,3,6,0,-3,-3,-1,2,0
48.850610,-2,-4,-3,0,-1,-1,-2,-2,0
48.870422,-3,-4,-4,-1,0,-2,0,-1,0
48.870445,0,-1,-1,-2,0,0,1,0,0
48.873121,-2,-1,-4,-1,-3,-2,-1,-3,0
48.873127,-1,-3,-2,-2,0,0,-1,0,0
48.885003,-1,0,1,1,0,-1,-1,-1,0
48.885028,-1,3,2,-2,-1,-2,-1,-1,0
48.887405,-3,0,3,1,1,0,0,0,0
48.887412,4,-1,-5,-2,-2,-1,2,3,0
48.907551,-4,-2,-3,-2,-1,0,-1,-2,0
48.907567,0,-3,0,3,-2,-1,-3,-1,0
48.908028,-4,1,3,-3,0,-1,-2,-4,0
48.908053,-2,0,0,-4,-2,-2,-1,-2,0
48.938291,0,-2,-4,1,-1,0,0,0,0
48.938313,1,1,3,-1,0,0,-1,-1,0
48.938949,0,-4,-2,0,-3,-1,0,2,0
48.939046,-3,-2,-3,-3,0,-2,-1,-3,0
48.945385,-4,-1,-1,-1,0,-2,0,-2,0
48.945426,4,-2,-2,-1,-1,-1,-1,0,0
48.945980,-3,-1,2,1,-1,-1,-1,-1,0
48.945999,-3,1,2,-1,-2,0,-3,-3,0
48.968124,-2,-1,-1,-3,-3,-2,-2,-2,0
48.968184,-2,-1,0,2,1,-1,-1,-2,0
48.968707,2,0,-3,-2,-1,-3,-2,0,0
48.968720,2,3,0,-5,-1,0,-1,1,0
48.989934,0,-2,2,1,0,0,-2,1,0
48.989957,-1,-1,-4,-2,-1,-2,-2,-1,0
48.991401,-1,-3,-5,-3,0,-1,-3,-3,0
48.991406,-3,0,4,5,0,-1,-2,-2,0
49.004463,0,0,-2,-3,-2,-1,0,0,0
49.004485,-4,0,-1,-2,-1,-3,-3,-1,0
49.012732,0,0,0,0,-2,1,1,1,0
49.012753,0,-1,-3,-1,1,-2,-1,0,0
49.028599,0,-4,-3,-2,-1,-2,-1,1,0
49.028629,-1,-1,1,-2,-3,-1,-1,1,0
49.031691,-1,-2,-3,1,0,-1,0,-1,0
49.031699,0,-2,-4,0,-4,0,-2,1,0
49.050237,1,1,-2,-5,0,1,0,-2,0
49.050265,-1,1,2,-1,-1,-1,-1,-5,0
49.050667,-1,0,1,0,0,0,-1,-1,0
49.050676,1,-1,-6,1,-2,-1,-1,1,0
49.064424,-7,-7,-5,-2,0,-2,-3,-4,0
49.064457,-4,1,4,3,0,-1,0,-1,0
49.072651,3,3,2,0,-1,0,1,0,0
49.074575,-3,-3,-3,-6,-1,-2,-2,-4,0
49.088237,1,-1,-1,0,-2,0,0,0,0
49.088266,0,4,-1,-1,0,1,0,-1,0
49.088271,-3,-5,-3,0,-3,-1,-1,0,0
49.090644,0,0,2,-3,-2,0,0,0,0
49.110595,-1,-1,1,2,-1,-1,-1,-1,0
49.110599,0,3,-2,-5,-1,0,-1,0,0
49.110601,-3,-3,-3,0,-1,-1,-4,0,0
49.110603,-2,-3,-2,-4,-1,-1,0,-2,0
49.124465,0,2,4,-1,0,-2,-1,1,0
49.124550,-3,-6,-4,3,-1,-1,-1,0,0
49.133094,1,6,-4,-2,-3,-2,-1,-1,0
49.133126,-3,-6,-5,0,0,0,0,-3,0
49.147581,0,1,0,-1,0,-1,0,0,0
49.147599,0,-3,0,0,-1,-2,0,1,0
49.150002,0,-3,-3,-2,0,-2,-1,-3,0
49.150009,0,2,2,0,-3,-1,0,0,0
49.170041,2,2,0,-2,-1,1,0,1,0
49.170064,0,-2,-3,0,-2,0,-1,-2,0
49.172413,-2,2,1,-3,-1,-1,-1,1,0
49.172418,1,-2,0,0,1,-1,0,-1,0
49.184306,-5,-6,-5,-2,0,0,-2,-2,0
49.184333,1,-2,-3,-3,-3,-2,-2,-1,0
49.192658,-1,1,2,-1,0,-1,-1,-1,0
49.192673,0,1,2,2,-2,1,-2,1,0
49.207503,-2,-1,0,2,-3,-2,0,-3,0
49.207526,-1,-2,0,-2,0,0,0,-1,0
49.208102,0,0,1,1,0,0,0,1,0
49.208958,1,-5,-3,-2,-1,-3,-2,-1,0
49.230390,-3,-6,-5,-3,-2,-2,-3,-6,0
49.230430,-5,-2,-3,-5,-2,-1,-1,-4,0
49.231696,-2,-4,0,1,0,0,0,-1,0
49.231701,-2,3,2,-1,-2,0,-1,-1,0
49.244636,3,0,0,0,-2,-3,-1,2,0
49.244651,-2,-3,0,-1,1,0,-2,0,0
49.252548,1,-2,-1,0,0,0,-1,0,0
49.252570,-4,-2,-4,-5,-1,-1,-4,-4,0
49.267552,0,0,-3,-1,-3,1,-1,-1,0
49.267574,4,4,6,2,1,1,0,2,0
49.268214,-1,-3,-2,5,1,-1,-1,-1,0
49.268230,2,2,3,-2,0,0,0,1,0
49.290066,-6,-2,-4,-3,0,-2,-2,-3,0
49.290088,-2,0,-1,1,-2,-2,-2,-1,0
49.292696,-2,-4,0,-1,-1,-1,-1,-3,0
49.292701,1,-3,-6,-4,-2,-3,1,0,0
49.304476,1,3,2,0,0,1,-1,1,0
49.304499,0,-3,-1,0,-1,-1,1,-1,0
49.314651,-2,-2,-3,-2,0,-1,-2,-2,0
49.314656,-2,1,2,1,-2,0,-2,-1,0
49.327510,1,-2,-3,-3,-1,-2,0,0,0
49.329881,-3,-3,-3,1,-2,-1,-2,0,0
49.329887,1,7,2,-3,-3,0,-2,0,0
49.329889,-3,-10,-4,3,2,-1,0,1,0
49.350180,-6,-4,-1,-1,2,0,-1,-6,0
49.350208,6,2,-1,1,-2,-1,-1,2,0
49.350729,-3,-4,-3,-7,-4,-2,-1,-3,0
49.350810,0,3,-1,1,-2,-1,-1,-2,0
49.373674,1,3,5,5,1,-2,0,1,0
49.373703,-6,-2,-2,-4,-1,-1,-1,-3,0
49.375915,0,-2,2,0,0,-1,0,2,0
49.375920,0,4,1,0,-1,-2,-1,-2,0
49.387492,1,-4,-6,-2,-3,0,-1,-3,0
49.387514,-4,-1,-2,-4,0,-2,-1,-3,0
49.390287,-5,-2,-4,-1,-1,0,0,-2,0
49.390296,-1,-1,1,1,0,-2,-1,-1,0
49.409872,0,1,0,0,-3,1,-1,1,0
49.409891,0,-2,-2,-1,-1,1,-1,0,0
49.410860,-2,-3,-3,0,-2,0,-2,-1,0
49.410879,0,0,1,2,0,0,-1,0,0
49.433562,-3,-2,-2,-5,-3,0,0,0,0
49.433591,1,1,3,-4,2,-1,1,-1,0
49.435716,0,-3,-3,-3,1,-1,0,-2,0
49.435722,-1,-1,-1,1,-2,0,-2,-1,0
49.447580,-1,3,4,1,1,-2,0,1,0
49.447615,-2,-2,-3,0,-4,2,-1,-1,0
49.449960,-2,-2,0,0,2,-1,1,-1,0
49.449967,1,0,3,-3,-1,0,0,0,0
49.470702,-2,1,2,0,-1,-1,-2,-1,0
49.470708,5,2,0,-1,0,0,0,1,0
49.470710,1,-5,-5,-2,-1,-1,-2,0,0
49.470712,-1,-2,3,3,0,0,1,2,0
49.493253,-4,-3,-3,-2,-2,-2,0,-1,0
49.493276,-1,-2,-1,-1,-1,-1,0,0,0
49.495904,1,0,-1,-3,-3,0,0,1,0
49.495917,0,-1,-3,0,1,-1,-2,-2,0
49.507695,1,1,0,-2,-1,0,-2,-2,0
49.507721,-2,-3,2,-2,-2,-2,0,0,0
49.508715,2,1,-1,4,-1,0,0,1,0
49.508719,-3,-6,-3,0,0,0,0,-4,0
49.530110,3,2,-1,-1,-1,-1,-2,2,0
49.530145,-2,-3,-5,-2,0,-1,-1,0,0
49.531503,-1,0,3,3,1,-1,-2,-1,0
49.531508,-2,1,1,-8,-1,0,1,-1,0
49.553285,2,-6,-1,1,0,0,-3,-2,0
49.553308,-3,-4,-4,0,0,-2,-2,-2,0
49.555138,-3,0,-3,-3,-1,0,-2,-2,0
49.555143,-2,0,-3,-4,-4,-2,-2,-1,0
49.567631,-1,-7,-3,0,0,-1,0,-1,0
49.567652,-2,-3,0,4,1,-1,-1,-1,0
49.568241,1,0,1,-1,-2,-2,0,-1,0
49.568248,0,-2,-3,-1,1,-1,-1,0,0
49.590515,0,3,1,-3,0,-2,1,0,0
49.590545,-1,-2,0,2,-1,-1,-2,-5,0
49.592476,-4,0,-1,1,-1,-1,-1,-2,0
49.592482,-1,-1,1,-1,-2,0,0,2,0
49.613431,1,2,1,-1,-2,-2,0,-1,0
49.613451,-1,-2,-3,-5,0,-1,-2,1,0
49.613937,-3,1,3,0,-1,0,-2,-4,0
49.613952,0,0,1,-2,0,0,0,-2,0
49.627411,0,-1,-2,4,-4,-2,-1,0,0
49.627480,0,1,3,-1,-1,2,1,-2,0
49.628084,0,-3,-1,0,-2,-1,-2,0,0
49.628136,1,-3,-1,-1,-1,0,0,1,0
49.650503,-7,-3,-4,2,-2,-1,0,-4,0
49.650522,2,-1,-5,-3,-1,-1,-1,0,0
49.658469,0,-1,0,-4,0,-1,-2,0,0
49.658508,-1,4,5,-3,-2,-1,-1,0,0
49.673525,1,-5,-8,0,2,0,-1,3,0
49.673538,-1,0,0,0,1,1,0,0,0
49.673957,-1,-4,-6,-1,-1,-2,-2,-1,0
49.674022,-3,0,1,-3,-1,-1,-3,-3,0
49.687495,-3,-2,0,-2,-2,-2,-3,-4,0
49.687503,0,-6,-4,0,-1,0,0,3,0
49.688181,0,3,1,-1,-1,1,0,0,0
49.688194,1,-3,-2,-2,0,-1,-1,-2,0
49.709980,3,0,0,-4,-2,0,-1,0,0
49.710002,-1,-1,-1,1,-2,-1,-2,-1,0
49.712278,0,-2,0,-2,0,-1,0,0,0
49.712292,-2,-1,-5,1,0,-1,-1,-1,0
49.734024,-2,-1,-2,-4,-2,-1,1,1,0
49.734034,-1,2,1,-2,-3,-3,-2,-3,0
49.734153,3,0,-2,1,-1,-1,-1,1,0
49.734179,-11,-4,-6,-1,-1,0,-2,-7,0
49.749689,4,0,4,2,-1,-2,-1,0,0
49.749696,-2,0,-3,-3,-2,-2,-1,0,0
49.749698,0,0,-1,-4,1,-1,-1,-3,0
49.749700,4,3,-2,3,-1,-1,-1,2,0
49.770177,-3,0,2,-2,-1,-2,-2,-4,0
49.770202,-4,-2,-2,-2,0,-2,-2,-3,0
49.772743,-1,-4,-2,1,0,-1,-1,3,0
49.772748,-2,1,0,0,-1,-3,-2,-2,0
49.800779,-2,-2,-4,-1,0,0,-2,-3,0
49.800803,0,1,1,0,-1,-4,0,-1,0
49.803013,0,-2,-1,-2,-1,0,-1,-1,0
49.803019,1,-3,3,0,-2,0,-1,-1,0
49.807784,0,1,-3,-2,-2,-1,0,1,0
49.807802,0,-2,0,-1,2,-2,-2,-1,0
49.808477,-2,-3,-1,0,-3,-1,0,-2,0
49.808496,0,-1,-3,-2,-2,0,0,0,0
49.830034,-1,3,5,0,1,1,0,0,0
49.830052,0,-2,-4,0,-1,0,-1,-2,0
49.830781,-5,-6,-5,0,0,0,0,-2,0
49.830798,6,-2,-3,-6,-1,0,0,1,0
49.853192,-3,-3,3,1,2,0,0,-4,0
49.853216,1,1,1,-3,-1,-1,0,1,0
49.854388,2,4,5,0,-4,-3,-2,-1,0
49.854401,-2,-4,-5,0,-2,-1,0,1,0
49.867790,-1,3,2,-5,-1,0,1,-5,0
49.867815,0,-2,2,0,0,0,-2,-1,0
49.869309,-3,0,-2,-3,1,0,-2,-3,0
49.869313,-2,-3,-2,-1,-1,-1,-2,0,0
49.890047,2,1,-2,3,0,-3,-2,1,0
49.890061,0,-1,-3,0,-2,-1,-1,-2,0
49.890696,-1,-1,-2,-4,-2,-1,-3,1,0
49.890709,-1,-2,-1,0,-1,0,-2,-1,0
49.913230,-4,-1,-2,-3,-2,-1,-2,-4,0
49.913249,0,-1,-5,-4,0,2,0,-2,0
49.915314,-2,0,2,0,0,-3,1,0,0
49.915322,-2,-2,-5,-4,-1,-1,-1,-3,0
49.927274,-1,0,0,0,-2,-1,-1,2,0
49.927335,-1,-4,0,4,0,0,1,-1,0
49.935076,1,3,5,-5,0,-1,-1,-2,0
49.935093,-2,-1,3,1,0,-2,-1,-2,0
49.951676,0,-2,-3,-3,-1,-1,-1,2,0
49.951682,-1,0,-3,-1,-1,0,0,-1,0
49.951684,-1,-4,-3,1,-1,-1,-1,-2,0
49.951686,-2,1,1,2,0,-4,-2,-1,0
49.973334,2,-1,-1,-1,1,0,-1,1,0
49.973356,-2,-2,-1,-3,-3,-3,-1,-1,0
49.975736,-4,-2,-3,0,-3,1,-2,-3,0
49.975741,0,-3,-2,-2,-3,-1,-1,-1,0
49.987133,-4,-2,1,0,-1,-1,-2,-2,0
49.987155,0,-2,-1,-2,0,-2,-1,0,0
49.997760,-1,-1,-4,0,0,-2,-1,-2,0
49.997766,-1,0,-2,-3,-1,-1,1,2,0
50.010458,-1,1,0,0,-1,-2,-3,-4,0
50.010486,-2,1,1,-1,-2,0,-2,-1,0
50.013235,-5,-8,-3,3,0,-1,-2,-6,0
50.013242,-1,0,-2,3,1,-1,0,0,0
50.033398,-2,-2,-3,-3,-2,-1,1,-1,0
50.033416,0,1,0,-1,-1,-2,-2,-2,0
50.033926,2,1,0,-1,-2,1,-1,2,0
50.033936,-3,2,-1,-2,0,0,-3,-2,0
50.046851,0,-2,-4,-1,0,0,-1,0,0
50.046870,0,1,4,2,-3,-1,0,1,0
50.055091,-1,0,-8,-13,1,-2,0,-1,0
50.057330,-2,-7,0,2,-1,-2,-2,-3,0
50.070436,-2,-3,-3,1,-2,-3,-1,-1,0
50.070461,-4,0,-1,-1,1,1,-1,-1,0
50.072959,4,2,2,-1,-1,-1,0,2,0
50.072964,-2,-2,-1,-5,-2,-2,0,-2,0
50.093446,0,-3,-1,-1,0,-1,2,-2,0
50.093461,-2,-2,-2,-1,0,0,0,-1,0
50.094053,1,2,6,2,0,-1,-1,0,0
50.094072,0,0,1,0,1,0,0,-3,0
50.107508,-2,1,0,-2,-2,1,0,2,0
50.107514,0,-4,-5,-3,1,-1,-2,-2,0
50.115140,-1,0,1,3,-2,-1,-1,0,0
50.115178,1,1,3,-1,-1,-1,-3,0,0
52.132256,23,-89,-64,-21,-7,0,10,48,4
52.132862,-10,127,47,14,4,0,-1,66,4
52.142580,-39,-4,7,4,-4,-5,-11,-64,4
52.142586,-55,-26,11,1,1,3,8,16,4
52.155805,-31,-68,-31,-3,1,3,15,66,4
52.155822,113,73,-3,1,0,-1,-9,-47,4
52.158017,-51,-78,-27,-6,-1,0,1,24,4
52.158021,-112,81,34,1,1,-3,-3,-11,4
52.178680,-3,86,45,8,4,1,-1,16,4
52.178690,46,-67,-41,-2,0,2,2,-18,4
52.179896,13,65,73,21,9,4,-6,-24,4
52.179912,7,5,-21,-5,-3,-1,1,-5,4
52.200699,79,-9,-18,-11,-4,-3,-9,-89,4
52.200717,40,-63,-17,-7,-1,-5,6,49,4
52.202545,-42,-45,-24,-17,-10,-8,-14,-52,4
52.202551,126,55,6,0,-1,0,-2,66,4
52.215966,7,9,4,-3,-3,-3,-7,-68,4
52.215996,-119,-119,-16,-6,1,2,-4,9,4
52.217974,-25,71,11,8,5,4,-2,49,4
52.217983,-21,-13,10,-5,-1,-3,6,49,4
52.239568,-3,84,15,15,-1,-2,-7,22,4
52.239574,7,8,-27,-20,-4,-4,-3,-54,4
52.239615,65,-15,20,5,1,5,11,27,4
52.239635,23,-98,1,5,2,1,-3,-28,4
52.261236,13,-9,-2,3,-3,-2,-4,74,4
52.261256,-4,46,38,6,4,4,1,9,4
52.263666,-77,-14,-27,6,2,5,8,23,4
52.263672,-57,-84,-60,-22,-9,-8,-14,-100,4
52.275811,-34,-49,-6,-3,-1,-3,1,15,4
52.275833,-68,8,-8,2,-1,0,-4,-92,4
52.277152,22,114,19,7,2,2,6,-18,4
52.277160,0,15,28,18,2,-3,-8,-31,4
52.298361,-125,-44,-19,-1,-4,-7,-8,5,4
52.298401,7,-65,-15,-7,-2,-2,-2,-3,4
52.300819,107,51,17,-3,1,2,8,46,4
52.300827,29,98,16,5,3,0,0,40,4
52.320573,-25,35,19,1,-1,-5,-17,-23,4
52.320592,-14,90,14,8,1,2,1,27,4
52.322063,-16,-92,-45,-16,-7,-5,-3,11,4
52.322085,37,-61,7,11,5,5,7,20,4
52.335060,-5,15,10,-8,-4,-4,-3,61,4
52.335068,-72,12,-19,-1,-4,-1,-1,-36,4
52.342245,47,13,19,3,2,-2,-12,-59,4
52.342269,22,70,-5,1,-1,-3,-9,4,4
52.358455,79,-51,-9,-6,-1,-2,-2,-13,4
52.358484,-23,-16,-5,-9,-5,-8,-7,-33,4
52.360774,94,1,6,-2,-2,-1,4,44,4
52.360782,47,6,-6,-4,-3,-2,-5,-82,4
52.381298,58,61,2,4,-1,-1,-2,-25,4
52.381305,82,90,7,-2,0,0,4,44,4
52.382309,-13,20,14,5,-2,0,1,7,4
52.382329,14,51,2,-3,2,2,4,15,4
52.397934,32,-65,-5,7,-2,-4,-7,5,4
52.397942,79,-59,50,10,5,3,3,11,4
52.401913,-7,21,-16,-13,-1,-6,-5,-55,4
52.401930,-123,73,2,-4,0,2,-1,5,4
52.418174,23,-16,-14,-1,0,-1,-3,-57,4
52.418192,-19,71,25,4,-2,-2,8,9,4
52.419689,7,-93,-1,2,-3,-4,-4,61,4
52.419707,-105,61,7,6,-3,-3,-3,-8,4
52.441212,125,3,-10,-9,-1,-1,0,57,4
52.441242,-128,3,10,-7,-7,-10,-23,-61,4
52.443988,-82,85,45,16,3,4,1,-14,4
52.443994,68,-12,-24,-21,-11,-11,-12,-42,4
52.455269,-83,-47,3,2,1,2,2,-7,4
52.455301,49,25,-19,6,6,4,8,16,4
52.462134,-37,9,-5,-2,-1,-4,-4,-18,4
52.462164,-33,-96,5,9,0,3,4,14,4
52.478665,20,-53,6,-17,1,1,10,-2,4
52.478698,6,14,77,11,3,-2,-6,37,4
52.479843,73,65,-4,-9,-7,-8,-4,12,4
52.479861,103,14,0,-1,3,5,10,-6,4
52.500772,20,63,-4,6,2,0,4,89,4
52.500796,26,-93,-43,-6,-1,4,2,2,4
52.502169,-20,82,12,2,2,2,-2,21,4
52.502177,-29,-58,25,5,3,-1,0,19,4
52.515083,-53,67,-2,-2,-1,4,5,-45,4
52.515101,-43,41,-11,6,-1,-1,-3,-41,4
52.521863,-1,-44,-15,-7,0,-3,-7,-46,4
52.521879,-96,-26,-5,-5,-4,-7,-11,14,4
52.538765,74,-38,-13,5,1,2,4,-9,4
52.538771,66,-89,-84,-23,-10,-3,8,25,4
52.539682,66,-22,-2,2,-1,0,6,2,4
52.539717,65,1,-26,-11,-4,1,1,-24,4
52.560794,-128,-8,3,1,3,-1,-1,-15,4
52.560808,-66,-35,15,-3,0,1,6,36,4
52.563784,-69,-32,0,3,-4,-6,-23,-68,4
52.563791,39,-27,2,-2,-1,0,2,92,4
52.574979,41,54,21,10,0,-4,1,12,4
52.575040,47,10,-11,-1,1,1,10,76,4
52.582344,58,52,11,2,2,3,4,-59,4
52.582399,-128,-59,-18,-13,-5,-5,-4,34,4
52.598266,-51,-60,-8,-7,-4,-1,-4,-45,4
52.598304,42,55,24,5,2,0,-4,-31,4
52.601464,11,81,5,4,2,2,13,23,4
52.601473,-91,-66,-20,-1,-5,-7,-19,-42,4
52.620635,41,39,4,-1,0,1,4,9,4
52.620657,29,-53,-9,-5,-2,-2,-5,-54,4
52.622358,-124,-26,19,-2,6,10,22,60,4
52.622374,127,1,25,10,-9,-12,-19,-37,4
52.635014,50,-4,-14,-4,1,-1,3,42,4
52.635084,47,-24,6,1,0,-1,-5,-12,4
52.641840,57,-24,11,-1,1,1,9,-22,4
52.641863,55,115,11,8,7,6,9,30,4
52.658298,-12,-44,-6,-5,-6,-5,-6,-16,4
52.658323,39,-85,3,-10,-4,-6,-12,-50,4
52.659610,-45,25,16,8,1,2,8,21,4
52.659624,-19,54,-24,-3,0,-1,-5,-35,4
52.680607,-21,-80,-5,-3,-2,-3,-1,-3,4
52.680614,46,103,9,10,8,10,10,24,4
52.682298,76,-83,-13,-10,-5,-9,-25,55,4
52.682349,27,-26,9,6,6,8,15,35,4
52.697474,-4,74,21,11,6,3,1,70,4
52.697480,65,4,-38,-17,-10,-11,-24,-109,4
52.704123,23,-87,-26,2,1,2,2,32,4
52.704127,-69,-72,-13,-18,-5,0,7,20,4
52.718209,-3,44,6,1,0,2,6,-23,4
52.718232,16,-16,1,3,0,3,11,55,4
52.720097,-83,115,-46,-7,-4,-5,-17,-71,4
52.720101,-128,-74,-34,-15,-4,-4,0,23,4
52.741077,34,89,34,11,1,3,5,-12,4
52.741100,16,-55,-6,1,2,-1,-9,6,4
52.743354,-39,1,1,1,2,3,3,22,4
52.743358,33,-27,-30,-17,-5,-3,4,30,4
52.755020,-95,29,-2,5,1,0,-10,-78,4
52.755043,42,-35,29,9,0,0,14,91,4
52.765477,56,52,11,0,0,-4,-14,-55,4
52.765485,38,-23,10,-1,1,3,9,10,4
52.778441,-26,-85,-52,-14,-6,-5,0,46,4
52.778471,-50,10,26,7,1,-2,-3,-5,4
52.781140,17,-56,-11,-7,-3,1,7,17,4
52.781147,-3,55,21,7,-1,-3,-14,-88,4
52.800734,-73,4,-14,-5,-1,-2,-6,-55,4
52.800757,-98,-81,-3,-1,0,3,4,54,4
52.802202,-36,-62,-32,-18,-9,-5,8,17,4
52.802261,-53,-57,19,10,4,1,-2,3,4
52.814307,11,-33,-46,-6,-8,-9,-21,-48,4
52.814341,-12,3,3,-3,-3,1,7,69,4
52.823738,86,-128,7,2,-2,-1,-2,23,4
52.823747,82,118,-2,15,2,0,1,-13,4
52.838232,-98,30,0,-5,1,2,8,7,4
52.838248,-89,70,-7,7,1,-2,-5,5,4
52.839766,39,28,-63,-21,-4,-5,-6,14,4
52.839841,-26,-2,35,10,7,2,6,-33,4
52.868106,62,48,25,-1,-6,-6,-10,35,4
52.868123,44,49,4,-6,-1,-3,-1,-5,4
52.869574,-38,-4,-13,3,-3,-1,2,11,4
52.869588,50,-81,-19,-4,-3,-1,-1,15,4
52.874447,4,48,18,2,3,3,2,-1,4
52.874467,-99,-39,-5,-3,-2,-1,1,-19,4
52.884676,-36,58,27,5,1,-3,-2,-11,4
52.884681,95,5,15,6,3,1,-1,16,4
52.898167,-17,-31,-10,-3,0,-3,-11,-52,4
52.898176,73,-44,-29,-8,-2,-4,-4,12,4
52.900000,21,62,33,8,3,0,2,11,4
52.900038,-10,-1,-28,-15,-6,-4,-9,84,4
52.920669,93,45,38,3,3,1,0,26,4
52.920691,37,-49,-46,-10,-2,-2,-5,-40,4
52.923226,-13,-24,9,6,-1,1,1,28,4
52.923233,-18,118,78,15,10,11,27,90,4
52.934367,-54,27,-20,-9,-5,-3,1,73,4
52.934390,-116,-53,-20,-7,-3,-5,-13,-85,4
52.946085,3,-2,19,4,1,-1,-4,-11,4
52.946103,44,-26,28,-3,0,-2,-2,-37,4
52.958486,127,-29,-12,3,0,1,3,-41,4
52.958569,-48,46,17,-1,0,-1,18,21,4
52.960712,16,31,7,-1,1,-2,-11,40,4
52.960719,-87,55,-27,-10,-5,-2,-6,-63,4
52.980832,8,-99,-7,-2,0,0,4,3,4
52.980870,-13,11,13,10,3,5,2,-82,4
52.982419,-13,-97,-20,-11,-5,-5,-1,53,4
52.982497,-5,127,19,0,-2,-2,0,47,4
52.994495,-43,-59,0,0,0,-8,-32,-81,4
52.994515,87,-64,1,1,-1,3,11,52,4
53.004217,-110,18,6,-1,-3,-6,-16,-6,4
53.004226,20,-30,-36,-11,-4,-3,-15,-37,4
53.018206,51,70,19,11,4,6,14,71,4
53.018225,53,-25,-26,-10,-4,-4,-11,-67,4
53.020102,72,61,39,2,2,2,4,-52,4
53.020114,-22,-77,-31,-12,-11,-6,-3,-2,4
53.041275,-21,30,11,8,2,3,1,-46,4
53.041281,-43,-58,3,-7,-1,-1,1,71,4
53.042049,53,88,40,13,6,5,-3,-77,4
53.042063,26,-82,-21,1,0,-1,8,61,4
53.056878,75,72,6,-14,-8,-6,2,79,4
53.056884,-94,101,12,-2,-2,-3,-7,-37,4
53.064681,-18,-40,-24,-4,-1,0,5,11,4
53.064689,-79,66,47,14,6,3,1,-28,4
53.078469,-20,-128,-28,-10,-6,-4,1,-1,4
53.078498,81,127,21,6,1,0,3,43,4
53.080949,-90,-106,-36,-8,0,2,10,32,4
53.080956,67,127,24,5,-5,-6,-15,5,4
53.100774,-20,-81,-11,9,4,7,13,53,4
53.100793,29,73,-22,-11,-2,-2,-3,18,4
53.102425,77,0,-7,4,-1,-2,-13,-25,4
53.102430,-4,-55,14,7,9,9,11,-11,4
53.114373,-86,93,-7,-14,-7,-5,-1,-17,4
53.114403,-44,-35,-31,4,-3,-2,2,3,4
53.132374,-109,-55,-27,-8,-5,-4,-8,-16,4
53.132383,-30,-40,-21,-11,-1,1,3,-33,4
53.138360,103,42,16,-4,-4,-4,-4,-30,4
53.138450,15,-33,9,-5,-3,1,0,9,4
53.140887,-47,70,-7,4,1,0,1,-23,4
53.140893,32,26,7,5,-7,-4,0,-8,4
53.161284,-43,-61,-17,-5,-1,-2,-11,9,4
53.161315,-13,98,14,-2,-2,1,0,-76,4
53.163789,58,-31,-12,-7,2,3,1,4,4
53.163793,47,24,-14,5,3,3,10,66,4
53.183467,-21,23,0,3,2,1,2,0,4
53.183483,57,65,30,15,7,5,1,43,4
53.184727,-92,-79,-82,-30,-15,-16,-21,-79,4
53.184737,5,-43,-17,-2,-2,-4,-2,-24,4
53.198477,-64,16,22,7,4,5,2,-22,4
53.198488,83,48,-4,0,2,0,2,-5,4
53.199998,16,-105,-23,-9,1,4,-8,56,4
53.200028,43,75,2,-6,-7,-10,-12,57,4
53.220852,82,77,30,17,2,-3,4,66,4
53.220876,-65,-128,-29,-10,-1,1,-1,8,4
53.223050,-20,109,43,6,10,6,15,28,4
53.223057,55,79,0,-7,-4,-4,-8,-41,4
53.243298,127,-60,-5,-6,-1,-1,-5,0,4
53.243321,-72,42,12,3,-4,-4,-7,-20,4
53.245658,-8,-39,17,8,-5,-5,-3,-13,4
53.245667,-29,-128,-11,-4,0,2,-9,-60,4
53.258858,46,66,-7,-6,1,-1,4,-36,4
53.258888,66,-84,14,8,1,-3,-6,101,4
53.260411,68,72,9,3,1,1,6,-4,4
53.260432,67,88,53,4,-2,-5,-11,-31,4
53.280817,18,-128,-31,-6,-5,-2,4,-14,4
53.280862,-22,44,-32,-4,2,3,0,-25,4
53.282606,-9,-62,18,13,4,3,11,99,4
53.282636,90,23,-23,-11,-4,-7,-11,-75,4
53.303177,-108,45,-8,9,-2,2,6,26,4
53.303200,119,48,43,-7,-1,-6,-21,-75,4
53.304760,116,-92,-29,-10,-4,-2,9,19,4
53.304767,-38,70,-6,-3,7,8,7,38,4
53.317697,-63,42,18,0,3,5,15,55,4
53.317723,-20,-26,-71,-12,-7,-8,-12,-19,4
53.324684,17,127,60,16,2,-2,-13,-22,4
53.324707,-8,-128,-28,-11,-5,-2,0,15,4
53.340727,35,41,-1,-8,-5,-5,-11,-45,4
53.340740,15,-128,13,3,-4,-3,5,77,4
53.342286,-55,101,3,1,1,2,3,-30,4
53.342318,-36,-53,-11,2,2,2,9,17,4
53.363188,80,-92,18,5,2,-2,-4,-23,4
53.363216,54,109,34,7,1,0,-2,-57,4
53.365872,31,-18,-23,-9,-6,-4,0,-11,4
53.365888,14,-61,24,18,6,3,1,-16,4
53.377006,-128,31,-41,-17,0,-1,-6,0,4
53.377028,112,-90,-39,-11,-11,-11,-16,66,4
53.385685,7,-62,12,3,3,2,3,-8,4
53.385708,16,-19,-26,-5,-3,-2,0,-11,4
53.400802,-24,-119,14,5,3,3,4,7,4
53.400819,-128,84,23,3,2,3,1,-58,4
53.402175,61,84,29,12,3,4,2,-6,4
53.402212,27,30,2,-2,0,1,2,26,4
53.423287,52,-31,-11,-4,-4,-4,-11,-72,4
53.423310,11,56,23,4,3,5,16,39,4
53.425524,4,-58,-50,-4,-1,1,3,-64,4
53.425528,15,-29,5,3,-1,-1,5,78,4
53.437934,-53,-12,20,5,2,3,1,-53,4
53.437965,13,-89,33,9,4,5,2,2,4
53.444742,29,-27,-12,-9,-4,-5,3,39,4
53.444898,55,22,-14,3,-3,1,2,-23,4
53.463400,33,60,-2,-6,-5,-4,-7,33,4
53.463411,-40,-20,-23,-5,-2,-2,1,1,4
53.463414,-27,-77,6,-3,-5,-3,-9,-17,4
53.463416,-74,26,-14,-3,-1,2,1,9,4
53.483501,6,28,27,-2,-1,-3,-5,24,4
53.483534,-60,100,-9,-5,0,-3,-6,-91,4
53.484856,59,-9,10,-3,-2,1,7,78,4
53.484874,-88,-63,-36,-19,-13,-15,-22,-78,4
53.497737,65,47,-12,-1,0,0,-3,51,4
53.497768,-21,-37,16,14,2,2,6,85,4
53.504695,15,83,-2,-11,-4,-7,-9,-113,4
53.504718,51,91,59,21,8,3,6,74,4
53.521015,37,-49,-33,-7,-5,-5,-3,-34,4
53.521038,-54,-12,7,-10,-1,-1,3,5,4
53.523640,-19,85,55,20,6,1,-9,-16,4
53.523645,0,-79,-8,-5,-1,1,9,22,4
53.543392,-11,81,9,4,2,2,2,-3,4
53.543416,60,-13,-2,6,-1,0,-2,23,4
53.544826,-23,-18,-24,-3,-3,0,11,15,4
53.544853,-58,-83,12,-5,-3,-1,-13,-24,4
53.557487,-23,-9,1,-3,-2,-2,-6,-21,4
53.557506,-3,-128,-37,-13,2,5,9,-34,4
53.564647,79,82,44,3,2,0,4,118,4
53.564679,-31,-85,-28,-9,-4,-4,-5,11,4
53.580722,20,-6,-9,0,0,-1,6,-8,4
53.580741,23,-56,1,-2,-3,-2,1,27,4
53.582470,-28,81,2,-4,-2,-2,-5,-45,4
53.582489,6,2,-14,-6,-1,-2,0,-13,4
53.603220,-26,79,18,4,1,-1,-3,10,4
53.603235,55,-37,-43,-15,-7,-5,-4,55,4
53.604609,-12,-30,-44,-9,-6,-4,-6,-44,4
53.604642,-4,19,6,8,0,-2,3,9,4
53.617650,-16,1,5,9,7,5,3,24,4
53.617658,63,108,-21,-1,-7,-8,-9,-108,4
53.624319,-34,15,2,3,3,4,-3,-22,4
53.624341,93,30,-6,-9,-8,-3,-1,2,4
53.640670,24,90,40,0,1,-4,0,33,4
53.640755,-32,-6,-13,-3,4,2,-2,-6,4
53.642256,-5,-7,12,5,-2,0,0,15,4
53.642262,-111,119,-2,-1,4,2,3,-45,4
53.665336,-40,-17,-6,2,-1,0,-6,-42,4
53.665345,-30,-19,-6,-4,-2,-3,-2,61,4
53.665348,57,-102,-17,-2,-1,-1,-2,0,4
53.665350,-16,-78,6,-8,1,0,-3,8,4
53.685693,21,-101,-26,-7,-6,-3,2,-3,4
53.685711,-42,25,31,13,4,2,-13,-49,4
53.688274,-123,59,-35,-11,-10,-8,-6,10,4
53.688279,52,127,37,20,6,2,0,-24,4
53.700747,42,33,3,-2,-1,1,2,-44,4
53.700773,19,-42,1,-7,-6,-7,-8,-7,4
53.703877,-29,77,25,11,6,2,-2,-13,4
53.703883,-56,33,-28,-17,-9,-9,-4,21,4
53.723341,-17,-87,-20,-5,-5,-2,4,-16,4
53.723366,-10,92,20,2,4,2,5,16,4
53.725837,48,60,25,10,-1,-4,-12,-13,4
53.725844,63,-118,-11,-8,-1,-1,1,33,4
53.736928,-11,86,-1,3,-2,1,3,28,4
53.736951,-73,-76,8,3,1,-1,2,-82,4
53.747609,23,-32,5,6,3,2,-1,-40,4
53.747614,107,39,12,10,1,1,-6,-34,4
53.760559,-11,44,-22,-25,-10,-10,-10,10,4
53.760582,40,15,11,3,1,0,3,72,4
53.762416,-90,-128,-18,-5,-1,-1,5,2,4
53.762440,-35,87,35,6,9,7,14,-2,4
53.783607,31,23,43,16,4,2,-6,-15,4
53.783645,2,65,-4,-8,-5,-3,2,27,4
53.785989,-67,-92,-16,-3,-2,-2,1,-24,4
53.785995,-4,73,17,-2,-2,0,-1,-5,4
53.796849,0,-80,-9,2,1,1,3,-5,4
53.796866,-69,-52,-15,0,-6,-3,0,-18,4
53.806661,38,69,29,-5,7,5,5,5,4
53.806665,50,37,18,8,0,-1,-6,4,4
53.821393,-53,11,-11,1,0,0,-5,-38,4
53.821400,49,-40,-3,-6,0,-2,-2,51,4
53.822102,-27,-68,-70,-24,-9,-5,1,22,4
53.822109,50,59,38,11,-1,-4,-8,-36,4
53.843242,-54,-99,-17,-4,2,1,-3,-6,4
53.843260,7,-79,-38,-12,-3,-3,-9,-44,4
53.845840,32,84,31,5,2,-1,-1,94,4
53.845857,21,-3,-11,2,1,1,3,-7,4
53.856892,78,27,-9,-6,-6,-4,1,0,4
53.856915,36,53,-5,4,0,1,1,-30,4
53.867467,68,-75,-5,-9,3,1,0,41,4
53.867472,-19,-97,-58,-23,-9,-5,-5,-1,4
53.880679,-39,54,21,5,0,-2,-4,-38,4
53.880698,66,106,12,-2,0,0,4,79,4
53.882935,36,25,-5,1,-3,-2,4,51,4
53.882955,-87,-22,-48,-18,-3,-1,3,-9,4
53.903300,36,9,17,13,3,0,1,6,4
53.903322,-109,82,-6,-7,1,-3,-8,-13,4
53.904833,70,98,0,5,0,0,0,-32,4
53.904892,-17,30,16,1,1,2,3,32,4
53.917114,-56,30,-35,-14,-4,-4,-2,4,4
53.917142,75,29,30,11,6,5,14,28,4
53.926086,-50,-62,-13,-7,-5,-6,-7,-20,4
53.926090,-54,-22,-10,-1,2,0,-5,-27,4
53.940808,11,-75,-25,-7,-9,-9,-4,107,4
53.940826,66,-95,0,8,7,6,-1,-42,4
53.942260,-82,28,20,4,2,0,1,-24,4
53.942281,41,-115,1,4,-5,-4,-12,-5,4
53.963182,-28,-101,-24,-9,-2,3,9,50,4
53.963200,19,-8,-14,-4,-3,-3,-1,-25,4
53.964905,49,-26,-11,-3,-2,-2,-3,-32,4
53.964943,2,-12,16,4,-1,2,6,51,4
53.985757,38,-26,-6,3,1,0,6,70,4
53.985780,43,15,82,11,-2,-9,-26,-98,4
53.987301,7,9,-13,-3,-2,0,-7,50,4
53.987316,-57,-64,-17,-9,-4,-4,-5,-3,4
54.000827,-43,5,-15,-5,-3,-1,-4,-63,4
54.000851,-25,95,-16,-7,-1,0,13,22,4
54.002235,40,96,7,4,1,0,2,-5,4
54.002249,15,51,5,-2,-2,-4,-4,-2,4
54.023217,17,41,4,5,6,4,4,-9,4
54.023322,56,-91,5,10,0,4,20,109,4
54.024582,-5,30,24,6,1,-5,-15,-17,4
54.024589,-97,-43,-19,4,1,-1,4,28,4
54.038289,-1,104,20,1,2,1,-3,-13,4
54.038296,-91,84,-2,-3,-2,0,2,3,4
54.047951,90,-128,-64,-30,-11,-2,16,62,4
54.047959,39,-17,10,5,1,2,4,-12,4
54.060659,31,92,19,5,5,1,0,-4,4
54.060682,-62,-52,-9,-2,-4,-4,-6,-43,4
54.063389,3,33,17,8,4,3,3,36,4
54.063397,-40,-14,-24,1,-1,-1,-1,-17,4
54.083523,-9,22,4,1,0,-3,-18,-95,4
54.083569,-51,-6,-8,-4,-1,5,25,92,4
54.086096,43,30,4,11,-3,-7,-36,-109,4
54.086102,61,30,-16,-29,-9,-9,-2,75,4
54.106088,11,60,20,4,1,1,0,26,4
54.106156,-31,-81,-87,-29,-15,-11,-9,38,4
54.107483,-27,98,22,-3,0,0,14,-28,4
54.107502,-34,93,-2,10,1,4,-2,-32,4
54.120888,20,20,-10,-4,-3,-4,1,82,4
54.120919,11,61,27,5,3,-1,-6,-44,4
54.123280,-33,-46,-23,-3,-5,-1,6,12,4
54.123287,51,12,-24,15,7,2,-1,-71,4
54.143094,-71,86,69,17,6,3,6,-14,4
54.143165,-60,-14,-34,-6,-4,-7,-18,-3,4
54.144787,-44,80,2,-4,-2,-1,-1,8,4
54.144803,51,108,20,2,3,2,1,-7,4
54.166059,34,-46,-16,-7,-3,0,2,-9,4
54.166281,17,-60,-16,-2,-3,-4,-4,-12,4
54.167223,52,102,61,10,4,4,7,-1,4
54.167253,-30,-98,-45,-4,-2,-3,-2,-16,4
54.181308,12,-57,-22,-12,-3,-3,-2,23,4
54.181321,51,25,38,10,3,1,-5,-27,4
54.182492,2,-128,-52,0,3,6,20,35,4
54.182524,81,127,5,-13,-6,-3,-4,22,4
54.203257,60,35,8,16,1,-1,0,-19,4
54.203280,-68,-55,-35,-10,-3,-4,-8,-29,4
54.205622,28,97,23,7,0,0,-2,10,4
54.205630,-47,-128,-26,-8,-6,-4,-1,34,4
54.226379,9,3,-29,-17,-6,-2,2,9,4
54.226385,70,127,34,6,5,3,-4,-73,4
54.227058,-77,42,36,6,-1,-7,-12,-59,4
54.227071,-52,-40,-25,-9,-5,-5,-4,3,4
54.241548,9,26,-5,-8,-1,1,1,22,4
54.241554,73,107,16,8,0,1,2,-4,4
54.247167,100,88,-8,-2,-1,-3,-7,9,4
54.247191,-94,112,64,0,9,5,6,-72,4
54.263251,24,-128,-13,-8,-7,-8,-12,14,4
54.263283,-26,-92,-13,-11,0,1,8,-31,4
54.265439,-79,-57,-10,4,0,-1,-8,48,4
54.265453,-15,2,46,10,2,-1,-3,71,4
54.287229,-14,19,-9,2,-2,-2,-1,7,4
54.287235,-14,117,9,5,4,0,-5,-56,4
54.287238,24,56,-1,-3,-2,1,5,49,4
54.287239,19,16,-13,9,2,0,0,-10,4
54.300060,1,90,12,3,-3,-2,-7,-5,4
54.300081,-61,-18,0,-1,4,4,4,27,4
54.306770,-49,-44,-42,-11,-2,-4,-2,-29,4
54.306785,114,30,-11,-2,-1,0,-7,5,4
54.323359,-3,18,23,13,2,0,0,-63,4
54.323392,5,-29,-19,-6,-5,-1,5,24,4
54.325632,36,-41,19,-5,0,2,10,87,4
54.325638,-93,-16,-2,2,-1,-1,0,4,4
54.345737,-49,-19,0,-5,-3,-3,-10,-95,4
54.345766,-43,63,18,0,1,-3,-9,20,4
54.347265,73,-115,-4,-2,1,1,4,-32,4
54.347275,-52,21,0,-1,-2,-6,-3,21,4
54.360212,-23,-30,-20,-4,3,3,-3,34,4
54.360236,114,63,26,0,-1,1,4,40,4
54.366825,-89,-41,-15,0,-2,0,-3,-28,4
54.366850,109,73,53,18,6,9,11,-1,4
54.383457,-74,-59,-4,-17,-6,-11,-11,43,4
54.383491,-92,48,-9,-1,-3,-4,0,5,4
54.384748,58,63,9,3,0,-1,-5,21,4
54.384770,65,-74,-22,-14,0,0,2,-42,4
54.406122,52,14,10,5,1,3,5,21,4
54.406151,9,-15,5,-6,-2,-1,1,3,4
54.408656,-70,-5,-19,-4,-3,-3,-5,-25,4
54.408661,32,51,15,6,2,0,11,107,4
54.420134,49,8,20,9,3,-1,-6,-49,4
54.420157,118,27,-24,1,0,-1,-4,2,4
54.426891,14,-28,2,-11,-6,-7,-10,11,4
54.428393,28,-111,-33,-11,-6,-4,-7,-22,4
54.445788,-30,-33,4,0,1,3,3,-54,4
54.445799,34,16,1,6,0,4,12,54,4
54.445802,42,33,27,1,2,-3,-6,-40,4
54.445804,-93,-71,-21,-7,-2,4,6,18,4
54.466154,13,17,-6,-10,-1,-1,2,17,4
54.466195,-37,99,1,2,4,0,-4,-43,4
54.467978,78,44,-1,8,-5,-3,-7,-43,4
54.467983,25,5,44,0,2,-2,-13,-6,4
54.480213,-27,85,14,2,0,6,24,101,4
54.480269,-20,-34,-17,-5,0,0,-2,-8,4
54.486964,-81,-64,-36,-5,-3,1,5,-9,4
54.487019,51,-33,-14,-8,-4,-4,-5,-61,4
54.503133,58,60,31,18,5,3,7,104,4
54.503156,-43,-76,7,1,-6,-8,-14,-36,4
54.505417,-48,-77,-2,-1,0,-1,-3,-46,4
54.505426,-30,105,36,7,-2,-4,-7,-20,4
54.525759,-11,-53,-30,-10,-1,-3,-4,-20,4
54.525782,-12,-42,3,0,-3,-1,1,16,4
54.527195,-32,47,-25,-4,1,0,0,22,4
54.527206,-65,115,17,2,0,1,-4,-81,4
54.540006,109,-119,4,-4,-11,-12,-12,-13,4
54.540031,86,29,6,1,-1,-1,4,29,4
54.546862,-6,8,32,10,6,5,10,-16,4
54.546891,40,69,14,4,-2,-6,-23,-76,4
54.563218,8,-70,-34,-9,-1,0,8,68,4
54.563234,33,-41,3,3,1,1,-4,-17,4
54.564867,27,35,-8,-11,-2,1,2,30,4
54.564884,12,91,20,9,3,1,11,21,4
54.585644,2,127,31,36,8,7,-6,-35,4
54.585665,-67,-128,-95,-42,-13,-17,-21,-14,4
54.587155,-43,111,-24,-13,-4,-3,-9,-62,4
54.587169,61,-50,0,4,-1,-1,1,63,4
54.599569,-37,14,-41,-22,-6,2,11,9,4
54.599612,2,100,70,30,11,11,9,30,4
54.610509,-15,-36,-8,0,-1,-2,-5,-12,4
54.610514,-29,-19,-9,-11,-5,-4,-1,3,4
54.623212,-21,-2,-39,-11,-2,-1,-1,-29,4
54.623230,-32,-34,44,26,7,0,-3,24,4
54.624626,108,-28,-25,-18,-11,-12,-14,-45,4
54.624665,-49,-9,-18,6,0,-2,-7,3,4
54.646797,-13,-79,-72,-21,-10,-7,-3,0,4
54.646865,-32,127,7,-3,0,4,8,-40,4
54.647227,0,-115,-25,-4,-4,1,8,48,4
54.647234,4,-2,8,-3,0,-2,2,20,4
54.662214,-31,-31,6,-5,-3,-5,-11,-53,4
54.662223,80,-81,-32,-6,0,2,11,54,4
54.669810,-57,71,85,17,9,2,-17,-94,4
54.669814,-21,-86,-30,-8,-5,0,7,2,4
54.683235,66,99,37,3,4,2,-3,7,4
54.683256,127,-121,-10,-20,-15,-12,-16,-18,4
54.684786,24,22,-20,4,1,3,10,-10,4
54.684793,-21,118,48,12,2,1,1,68,4
54.705804,-30,-7,13,-2,3,2,-3,-89,4
54.705835,-64,-126,-47,3,0,-2,0,46,4
54.708115,127,38,9,-4,-1,-1,1,22,4
54.708120,69,16,-7,2,-3,-2,-4,-4,4
54.719417,94,-98,-37,-8,-4,-5,-2,34,4
54.719442,16,79,33,7,2,3,3,-13,4
54.731190,13,-32,-20,7,-1,0,4,66,4
54.731202,6,49,-3,-5,0,1,-1,-15,4
54.743068,1,54,15,5,1,0,1,0,4
54.743086,-33,2,-12,-8,-1,3,16,31,4
54.744878,-8,-94,10,-6,-1,0,-2,-22,4
54.744908,-74,-97,-54,-16,-3,-1,0,-13,4
54.766234,17,33,46,3,1,-4,3,-18,4
54.768384,-56,4,17,1,-1,0,3,67,4
54.768391,45,127,5,3,2,3,4,47,4
54.768393,-67,-77,-67,-7,0,2,-2,-27,4
54.779732,51,77,-8,-4,-3,-3,-4,-40,4
54.779773,32,-41,-27,-3,0,-3,-8,-61,4
54.790647,53,-77,-27,-12,-7,-3,3,56,4
54.790652,-22,41,30,3,1,-3,-2,31,4
54.803162,-29,42,20,9,4,1,-3,8,4
54.803177,-44,46,12,-2,0,1,-5,-16,4
54.804618,24,94,-25,-11,-3,-2,0,-10,4
54.804632,64,-70,18,7,1,1,12,89,4
54.825928,-15,-70,1,-3,-6,-5,-19,-85,4
54.825946,-60,127,7,-5,-2,-3,-8,12,4
54.827999,-42,-81,-40,-4,0,-1,5,40,4
54.828012,127,102,32,1,0,0,-4,-17,4
54.839428,-61,-35,-12,1,-2,-2,3,16,4
54.839452,72,-24,-1,3,-1,0,1,-26,4
54.849195,-55,81,46,9,4,3,-5,-6,4
54.849235,-24,-86,-49,-8,-2,1,4,-4,4
54.864736,41,9,8,-2,-4,-5,-2,61,4
54.864747,36,70,14,3,-1,-4,-12,-72,4
54.864750,-25,-56,29,11,3,2,5,0,4
54.864751,127,-19,6,1,3,4,6,-24,4
54.885703,-70,-60,-48,-10,-3,0,5,102,4
54.885728,25,24,21,-1,-5,-4,-12,-31,4
54.887191,21,11,9,-4,-6,-8,-16,-53,4
54.887204,10,127,24,16,3,4,0,-23,4
54.899943,-5,-128,-41,-13,-1,-2,9,46,4
54.899978,-16,38,-28,-15,-4,-1,9,29,4
54.911387,-32,43,19,1,2,-2,-7,-33,4
54.911396,4,38,-23,-5,-4,-3,-3,8,4
54.926190,22,26,18,10,1,2,0,3,4
54.926197,-21,-16,-19,-15,-2,1,2,-14,4
54.926199,43,-36,-11,11,0,-2,4,36,4
54.926201,-115,-111,-21,-16,-7,-9,-17,-69,4
54.946077,11,127,12,0,1,0,8,54,4
54.946113,-2,2,4,11,3,-2,-5,-45,4
54.948420,28,78,0,-5,-2,1,8,67,4
54.948427,-36,1,-3,6,0,0,0,-2,4
54.960065,-37,-48,-23,5,-1,-2,-8,-62,4
54.960084,-31,83,50,13,2,0,-4,26,4
54.970274,-53,-67,-15,-7,1,2,-1,-37,4
54.970287,-37,-43,-9,-12,-4,-2,1,15,4
54.982990,61,118,55,9,5,5,-8,-74,4
54.983024,-71,-108,-28,-3,-5,-5,-7,12,4
54.989484,71,19,-6,-1,-2,-2,-4,-69,4
54.989503,62,72,-27,0,-4,-4,0,54,4
55.005859,88,-24,21,6,8,7,4,-37,4
55.005883,52,124,11,-6,-3,-3,-8,-2,4
55.007162,-38,-71,-2,-2,-8,-9,-11,-21,4
55.007170,-40,-2,-1,2,5,1,-4,30,4
55.028954,4,80,22,4,1,1,0,0,4
55.028984,-15,-96,0,5,2,1,3,-27,4
55.030877,-12,91,6,-1,1,1,3,46,4
55.030882,69,116,4,11,-2,0,13,52,4
55.043431,-2,-15,-16,-15,-5,-7,-18,-90,4
55.043463,0,-57,6,0,0,1,-4,23,4
55.046324,25,-4,9,7,1,0,3,44,4
55.046331,17,-21,21,0,3,2,-2,15,4
55.073251,30,2,3,-4,0,-1,1,11,4
55.073276,52,-27,-46,-9,-4,0,12,74,4
55.076329,-28,-39,30,-2,0,1,-2,-46,4
55.076333,92,-22,15,6,4,-2,1,30,4
55.088395,67,36,4,2,-1,2,4,-37,4
55.088426,-14,-58,-21,-8,-3,1,8,2,4
55.090434,-128,27,3,4,0,-4,-23,-74,4
55.090440,34,-21,36,-3,2,4,-3,-13,4
55.103311,6,-60,-10,0,-1,-2,0,47,4
55.103334,36,60,8,6,3,2,7,-9,4
55.104828,6,6,-27,-16,-5,-4,3,57,4
55.104837,24,48,78,42,12,7,-3,-124,4
55.125580,-34,-72,-62,-27,-16,-11,-4,4,4
55.125604,88,-75,-3,6,-3,-3,-7,-12,4
55.127065,-50,-24,-4,-1,3,2,11,40,4
55.127079,64,43,-3,-12,-6,-4,-5,16,4
57.151242,-3,-1,-1,0,-1,0,-2,-2,0
57.151589,4,0,-2,-2,-1,0,0,-1,0
57.151592,-1,-1,-1,0,-2,-1,-1,-1,0
57.151594,-3,-3,0,0,-1,-1,-1,-1,0
57.172722,-1,-1,-1,-1,0,-2,2,2,0
57.172747,-4,-2,-2,-4,-2,-3,-1,-1,0
57.174410,-1,0,0,1,-2,0,-1,-2,0
57.174414,-1,-3,-4,-5,-3,-1,-2,-2,0
57.187617,5,8,5,0,0,-1,-1,0,0
57.187700,-3,-5,-2,2,0,0,0,-3,0
57.189348,-3,0,-1,-2,0,-1,-1,-1,0
57.189355,-1,-6,-6,-3,1,1,-1,1,0
57.210072,1,-2,-2,4,2,1,0,0,0
57.210095,-2,-2,-3,-5,-1,-1,-1,-3,0
57.211382,-1,-1,3,0,0,-1,0,0,0
57.211395,-2,2,4,0,-2,-2,0,0,0
57.232829,-3,-3,-5,-5,-2,-2,-1,-3,0
57.232878,-3,0,1,-3,-1,-2,-2,-1,0
57.233405,2,-2,-6,-4,0,-1,0,0,0
57.233426,2,3,2,6,-1,-2,-1,-1,0
57.247857,-9,-5,-2,-4,-1,0,-3,-2,0
57.247899,6,0,-1,-1,-3,-2,-1,0,0
57.249365,-11,-2,-3,-2,-2,0,-1,-4,0
57.249369,-3,0,-1,-1,-1,0,-1,0,0
57.270202,-1,1,3,-1,-2,0,1,-1,0
57.270226,-2,-1,-5,2,-2,-1,-2,-1,0
57.272185,5,-1,0,-5,-1,-2,1,3,0
57.272189,0,3,4,0,-2,-1,-1,-5,0
57.292541,0,-6,-11,-1,0,-1,0,-1,0
57.292555,-2,-1,0,-2,0,-1,1,1,0
57.293187,0,-1,-1,1,0,0,0,-1,0
57.293250,-3,1,4,4,-1,-1,-1,-2,0
57.307946,5,0,-1,-2,-2,-4,0,-1,0
57.307969,0,-2,-4,-2,-2,0,-1,-2,0
57.309806,0,0,-1,-3,0,1,-1,1,0
57.309810,-2,0,-1,2,-1,1,0,1,0
57.330005,-2,-2,-2,0,-3,0,1,-1,0
57.330025,-1,0,0,3,-1,-1,0,0,0
57.331889,1,0,1,-2,-4,-1,-1,-1,0
57.331903,4,-1,-2,-2,-1,-3,-2,-3,0
57.353729,11,2,3,-2,-1,-2,-2,0,0
57.353736,-25,-2,-2,1,1,-2,-3,-3,0
57.353738,-5,-2,-6,-3,1,-2,0,-4,0
57.353740,0,2,-1,-3,-1,-1,1,3,0
57.368083,-4,-4,-1,0,0,0,-2,-6,0
57.368089,9,-1,4,-3,-1,-1,-1,-1,0
57.368173,1,-1,1,0,-1,-2,-1,0,0
57.368180,-4,-1,-3,-3,-2,-1,-2,-2,0
57.390026,1,-3,-6,0,-1,0,0,1,0
57.390042,4,10,11,-1,3,2,-1,0,0
57.391399,-3,-1,1,3,0,-1,-2,0,0
57.391403,1,-2,-1,0,-1,-1,0,0,0
57.412534,-7,-1,-1,-1,0,1,-2,-4,0
57.412554,-2,-5,-7,-2,-1,-1,0,-3,0
57.413935,2,-1,0,-1,-2,0,1,0,0
57.413940,-1,-2,-1,-1,1,0,-1,0,0
57.428386,-3,2,1,2,0,-1,-1,2,0
57.428409,1,-2,-3,-2,-2,-1,-2,0,0
57.431339,0,0,-2,-3,-3,-2,-3,-3,0
57.431349,-3,-5,-6,-4,1,0,0,0,0
57.450175,-5,0,2,1,0,-2,-1,-1,0
57.450200,3,-1,-1,1,0,-2,-2,-1,0
57.450684,-1,-1,0,0,0,-1,-1,-2,0
57.450691,1,2,0,-1,-1,-1,0,-1,0
57.472552,0,-3,3,-4,1,-1,-1,-1,0
57.472568,0,-2,-4,-3,-1,-1,0,2,0
57.473832,-1,0,-5,4,1,0,0,-1,0
57.473836,-2,0,1,-3,0,0,0,-2,0
57.486980,1,1,4,1,-1,-2,-2,-2,0
57.487008,-2,-2,-1,0,-2,-2,-2,-4,0
57.495057,-1,-2,-1,-8,-3,-2,-1,-3,0
57.495075,0,-2,-2,-2,-3,-2,-2,-1,0
57.509853,-2,-2,-3,-2,-2,-1,-2,1,0
57.509861,1,-1,0,-4,0,0,0,-1,0
57.510690,-2,0,0,0,0,-3,-1,-1,0
57.510833,-2,0,4,1,0,-2,0,1,0
57.532692,0,-3,-9,-2,-2,-2,-1,0,0
57.532730,0,-1,-2,1,0,-1,0,-1,0
57.534995,-1,0,1,2,-2,-3,-1,0,0
57.535000,1,-2,-2,-5,0,-1,0,1,0
57.546781,-2,2,2,1,-1,-1,-2,-2,0
57.546798,-4,0,-2,-2,-2,-1,0,-3,0
57.556163,-2,-2,1,-1,0,1,-1,-1,0
57.556169,-1,-2,-2,2,0,-1,-1,-2,0
57.571944,-1,-1,0,-4,-2,-2,-1,-1,0
57.571953,2,2,3,2,-2,-2,-2,0,0
57.571956,0,-3,-3,-3,-1,0,0,-1,0
57.571960,0,4,3,-1,-3,-1,-3,-2,0
57.592516,-1,-5,-5,1,2,0,1,0,0
57.592531,2,0,1,3,0,0,0,1,0
57.595632,-2,-2,0,-2,2,1,-2,-1,0
57.595644,0,-2,-4,0,-2,-1,-2,-2,0
57.606929,-1,-1,-2,-3,-3,-2,-1,0,0
57.606953,-2,2,-2,0,-1,-2,0,-1,0
57.615248,0,0,-1,0,-1,-2,0,0,0
57.615274,-2,-2,-3,-1,-1,-1,-1,-1,0
57.630133,0,4,2,0,-2,-2,-1,-1,0
57.630152,-2,-7,-7,-1,1,-1,-1,-2,0
57.632819,1,5,7,1,0,0,0,-2,0
57.632838,0,-3,-1,-1,-1,0,-1,-3,0
57.652456,2,0,2,-1,-2,-1,-1,1,0
57.652513,-1,0,-1,0,-1,-1,-1,0,0
57.653165,-2,-5,-8,-3,-2,0,-1,-1,0
57.653171,-3,-2,-2,-2,-2,-1,-1,-2,0
57.666886,1,2,4,4,1,2,-1,1,0
57.666904,-2,0,-3,-3,-1,0,-2,0,0
57.675070,-1,0,0,-2,-2,-1,-1,0,0
57.675094,1,0,0,2,1,1,2,2,0
57.689919,-3,-4,-7,-6,-2,-1,0,-4,0
57.689938,-1,2,2,1,-4,-1,-1,-1,0
57.691512,-3,-10,-6,0,1,-2,-1,-3,0
57.691516,4,7,1,-1,-2,-1,-2,1,0
57.714574,2,2,4,2,-1,0,1,-1,0
57.714580,-10,-2,-1,-6,2,-1,-1,0,0
57.714582,0,1,0,-1,-2,-2,-2,-1,0
57.714584,-2,-2,0,0,-1,-1,-2,0,0
57.729836,4,-2,-6,-2,-1,-1,-1,-1,0
57.729843,2,-3,-2,-3,-2,-2,-1,-2,0
57.735111,1,4,1,2,-1,-1,0,2,0
57.735134,-4,-6,-3,-3,-3,-2,-3,-7,0
57.750137,-4,0,-1,2,0,-1,-1,2,0
57.750323,0,-3,-5,-6,-3,-1,0,1,0
57.751010,-1,-2,1,0,-1,-2,0,-2,0
57.751089,4,1,1,3,1,-2,2,3,0
57.772751,-5,-3,-2,-1,1,-1,0,-4,0
57.772774,-2,-1,0,-2,-3,-2,-3,-4,0
57.775317,6,-2,-3,-6,0,-2,0,-1,0
57.775323,-2,-1,-1,-1,-2,-1,0,0,0
57.787009,-2,-2,-1,-2,0,0,0,0,0
57.787081,1,-1,-2,-2,0,-1,0,2,0
57.795434,-1,2,0,0,-1,-1,-3,-1,0
57.795471,-3,-5,-6,-3,-1,-1,0,-2,0
57.810588,-1,6,6,0,0,-2,-2,-2,0
57.810611,1,0,-1,2,-1,-1,-1,-1,0
57.811106,-3,0,-2,-1,-1,1,0,2,0
57.811129,-2,-1,0,1,-1,0,-2,-2,0
57.832785,1,-1,-4,-3,-2,0,0,-1,0
57.832803,-3,0,1,-2,0,-2,-2,-3,0
57.834416,-2,-2,0,-1,1,0,1,-1,0
57.834421,-1,-1,-1,-1,-2,-1,-2,-1,0
57.855839,1,-2,-2,-2,-2,-1,0,0,0
57.855909,-1,0,-2,-3,0,-2,0,0,0
57.856502,0,-2,1,3,-1,-1,-1,0,0
57.856515,-2,-2,-2,-4,-1,1,-1,-4,0
57.869943,3,2,-3,2,0,0,-3,0,0
57.869957,-3,-3,2,0,-1,0,1,-1,0
57.870655,0,0,0,-2,-1,-2,-2,0,0
57.870668,-2,-1,-2,-1,1,-1,1,0,0
57.892634,-1,-3,-1,-1,-2,-1,-2,-2,0
57.892658,1,-4,-5,-2,0,-1,-2,0,0
57.894288,0,7,3,0,0,0,-1,-2,0
57.894300,0,0,-2,-2,0,-1,0,1,0
57.916843,-3,-1,0,-4,0,-2,-2,-1,0
57.916857,2,-2,-5,0,-1,1,0,-1,0
57.916859,-3,-5,-1,-4,-3,-2,-1,-2,0
57.916861,0,-1,-3,4,1,-1,-1,1,0
57.932297,0,0,2,3,1,0,-1,1,0
57.932306,-3,-6,1,1,-1,1,-1,-2,0
57.932308,-1,-1,-1,-3,-2,-2,-2,-2,0
57.932310,0,-3,-3,-5,0,0,1,-1,0
57.952675,-1,-2,-1,-1,-1,0,-1,-1,0
57.952702,1,1,-1,0,1,-1,-1,-1,0
57.954895,-2,-2,-5,-1,0,-2,0,0,0
57.954899,-2,-2,-2,-2,-1,-1,-1,-1,0
57.975767,0,0,1,-1,-1,-1,0,1,0
57.975796,0,0,0,-2,-2,-3,-3,-4,0
57.978482,-1,0,-2,-2,-2,0,-1,-1,0
57.978499,-1,0,-1,-1,-1,-2,-2,-1,0
57.990161,-2,-1,-1,0,-1,0,0,1,0
57.990535,-6,-1,-1,0,-1,-1,-1,-4,0
57.993008,5,-1,-1,1,0,0,0,0,0
57.993015,1,-1,0,2,-3,-1,-1,-1,0
58.012532,-2,-2,-2,-5,-2,0,-1,-5,0
58.012551,2,2,3,2,0,-1,0,1,0
58.013180,-3,-1,-1,-1,-1,-1,-2,-1,0
58.013189,-3,-1,0,-6,1,1,-3,-3,0
58.035661,1,-3,-6,0,-2,-1,-1,0,0
58.035677,2,0,1,2,0,-1,-2,1,0
58.037119,-1,0,-1,-1,0,-1,0,-2,0
58.037126,1,0,-2,1,0,-3,-2,-2,0
58.050043,-1,0,2,1,-1,-1,-1,-1,0
58.050069,0,-1,-3,-1,-1,1,1,0,0
58.052172,1,0,-2,-1,-1,0,0,1,0
58.052176,-5,-1,-2,-3,-1,-2,-1,-1,0
58.073094,-5,-1,1,-2,-2,-3,0,-4,0
58.073100,1,1,1,2,1,-2,0,-1,0
58.073102,-1,-1,-1,-1,2,-1,-1,-1,0
58.073104,0,-1,2,2,-1,-2,0,0,0
58.095820,-2,0,0,-1,0,-2,-1,0,0
58.095839,-2,0,-3,-5,-3,-2,-1,0,0
58.097518,-2,-5,-3,-2,-2,-1,-1,0,0
58.097525,0,2,0,-2,-2,-1,-2,-1,0
58.110152,2,1,3,3,0,0,-2,0,0
58.110179,-1,1,1,0,-2,-1,-1,-2,0
58.112197,0,-1,-3,-3,0,0,0,0,0
58.112207,-2,-2,2,1,-2,0,-1,0,0
58.134575,-1,-1,-3,-3,-3,-1,-1,-1,0
58.134580,0,0,-4,-3,0,0,-1,1,0
58.134582,0,0,2,0,-2,-1,-1,-1,0
58.134584,0,-1,-1,2,-1,-1,0,-1,0
58.155972,-2,0,-4,-1,-1,-2,-1,-2,0
58.156066,1,0,0,-1,0,0,-1,1,0
58.157521,-2,0,-4,-4,-1,-2,0,-2,0
58.157526,0,-1,3,1,-1,-2,1,-1,0
58.170110,0,-1,-3,-2,-2,0,-1,0,0
58.170132,-3,-2,0,-2,-1,-2,-1,-4,0
58.170668,0,-1,-3,1,0,1,-1,0,0
58.170744,-1,-2,-5,-1,-1,1,-1,-1,0
58.192835,0,3,-2,-3,0,-1,-2,1,0
58.192868,0,-3,-1,-1,0,-1,1,0,0
58.195238,-3,-1,1,2,-1,-2,0,0,0
58.195247,0,0,0,-1,0,-1,1,0,0
58.215715,-4,-3,0,-1,-2,0,-2,-3,0
58.215737,-1,-2,-5,-2,-1,0,-2,1,0
58.216331,-1,-1,-3,-1,0,-2,-2,-2,0
58.216353,-1,-1,-3,0,-1,-2,0,-1,0
58.229959,1,-1,2,2,1,0,-1,0,0
58.229972,-1,0,2,-4,-1,0,-2,-2,0
58.230610,-3,-2,0,-1,-1,0,-2,-3,0
58.230631,-1,0,-1,-4,0,-2,-2,0,0
58.252493,1,0,-1,3,-2,-1,-1,0,0
58.252523,0,2,1,0,-1,-1,-2,-1,0
58.254923,-1,-4,-2,-1,-3,-1,0,-1,0
58.254927,-1,-4,-5,-4,-1,-1,-1,-1,0
58.276304,-2,1,3,-1,-2,-1,1,-1,0
58.276310,0,0,0,-1,1,0,1,-1,0
58.276312,2,0,-2,-3,-1,-2,-1,0,0
58.276314,1,-1,-3,2,0,-3,-3,0,0
58.292133,-2,-2,-1,-4,2,-1,0,1,0
58.292139,-1,4,4,2,0,-1,-2,-2,0
58.292141,-2,1,3,0,0,0,-2,-2,0
58.292143,0,-7,-10,-5,-1,-1,0,-1,0
58.313004,1,-3,-1,3,-1,-1,-3,-1,0
58.313026,-1,1,1,-1,-1,0,2,0,0
58.323017,-2,1,-2,-1,-1,-2,-1,-1,0
58.323024,-1,2,4,1,-1,-1,0,-1,0
58.335634,-3,-2,-2,-5,-2,-1,-1,-2,0
58.335657,1,-3,-3,-1,-1,0,-2,1,0
58.337178,1,-1,-1,-3,-1,-1,-1,1,0
58.337188,-1,-2,0,-1,0,0,0,-3,0
58.350497,-2,-2,-1,0,2,0,-1,-1,0
58.352839,-2,-1,0,-2,-2,-2,-2,-1,0
58.352847,-3,-1,-3,-4,1,-2,-1,0,0
58.352850,1,2,3,2,1,0,-2,-1,0
58.372669,-1,-1,0,-1,-2,-2,-2,0,0
58.372699,-2,-3,-6,1,0,-2,0,-3,0
58.373675,-2,-1,-2,-4,-2,-2,-2,-2,0
58.373686,-3,0,3,0,-2,0,0,-1,0
58.396062,1,-2,-5,-1,-1,-2,-2,-4,0
58.396105,0,-1,-3,-1,-1,0,-1,1,0
58.398290,-1,-3,2,0,-3,-1,-1,-3,0
58.398297,-2,0,-1,0,-1,1,0,-2,0
58.410055,-1,-1,-5,-2,-1,-2,-1,-1,0
58.410079,-2,-5,-1,-2,-4,-2,-2,0,0
58.411975,1,-2,-3,2,0,1,0,1,0
58.411986,-1,3,2,-1,0,2,0,-1,0
58.434354,-2,-2,-3,-2,-2,-2,-1,-3,0
58.434360,-2,-4,-3,-4,-1,-2,-1,-2,0
58.434362,0,2,0,-2,0,-1,-1,-1,0
58.434364,-1,-3,-4,-2,-1,-4,-1,-1,0
58.455711,0,2,1,-4,1,-1,-1,0,0
58.455734,-2,1,2,-1,1,0,0,-1,0
58.458168,-2,-2,3,4,-1,0,-1,-2,0
58.458172,0,-2,-3,-2,0,0,-1,-1,0
58.469423,0,-3,-4,-2,-1,-1,0,0,0
58.469448,-1,0,-4,-1,0,0,1,-1,0
58.477873,-1,0,4,-2,-1,-1,1,0,0
58.477894,0,1,-1,2,-1,-1,-1,2,0
58.492593,-2,-1,4,1,0,0,0,-2,0
58.492668,0,-4,-7,-1,-4,-1,-3,-2,0
58.495162,1,6,4,-3,-3,-1,-2,-1,0
58.495180,-1,-2,3,0,0,0,0,0,0
58.515970,2,0,-3,-1,-2,0,0,0,0
58.516002,1,2,-7,-5,-1,-2,0,0,0
58.516472,-1,-7,-6,1,1,0,-1,1,0
58.516479,0,-2,-3,-3,-2,-1,0,-2,0
58.529793,-1,0,0,-2,0,0,-3,-2,0
58.529811,2,3,4,0,0,-1,0,-1,0
58.537912,3,-2,-7,0,1,1,0,4,0
58.537934,-8,-5,0,0,-2,0,-4,-8,0
58.552714,-4,-2,0,-4,1,-1,-1,-2,0
58.552736,1,1,2,0,0,-2,-1,1,0
58.554809,1,0,0,-2,0,0,-2,-1,0
58.554813,0,-1,1,0,1,-2,-2,0,0
58.575687,-2,-2,-4,-1,-1,0,0,1,0
58.575709,-2,4,6,-2,-2,0,-2,0,0
58.576334,-1,0,1,2,1,-1,-1,0,0
58.576422,0,-1,-1,-5,-2,-1,0,1,0
58.590345,0,-1,0,0,-2,-1,-3,-1,0
58.590352,-2,-4,-3,-1,1,0,0,-1,0
58.597847,0,1,0,1,-2,-1,-2,-2,0
58.597898,0,0,-2,-2,-1,-1,-1,0,0
58.612553,0,0,1,-2,-1,-1,0,1,0
58.612572,-3,-3,-1,0,-1,0,-2,-1,0
58.614869,-4,1,1,-1,-1,-2,-2,-2,0
58.614888,0,3,4,2,-1,-2,1,-2,0
58.637330,-1,0,-4,-4,-2,-1,0,0,0
58.637338,-2,-8,-7,-2,-1,-2,-1,-3,0
58.637340,-1,-4,-2,-1,-1,-1,0,-1,0
58.637342,1,0,6,2,1,1,-1,2,0
58.649712,0,6,6,1,-1,0,-1,-1,0
58.649879,1,3,0,-7,-2,-2,0,-2,0
58.657812,-4,-2,-3,3,0,0,-1,1,0
58.657831,-3,-3,-1,-3,-2,-1,-4,-3,0
58.680684,-1,-3,-3,0,-1,-2,-1,-1,0
58.680702,0,-2,-1,-1,-2,0,-3,1,0
58.683268,-1,0,-1,-3,-1,-1,0,-1,0
58.683279,0,1,-2,-2,-1,0,-1,0,0
58.695720,-4,-7,-3,-2,0,-1,-1,-3,0
58.695739,-2,-1,-2,4,-1,-1,-1,-1,0
58.697252,-1,-2,-2,-6,0,-2,-1,-2,0
58.697266,0,0,-4,0,-1,-1,0,1,0
58.709398,0,-1,0,-3,0,0,0,0,0
58.709421,0,1,-1,0,1,-3,1,-1,0
58.717490,-1,-1,0,-1,-1,0,-1,-2,0
58.717512,-3,-2,-4,-5,-3,-2,-2,-2,0
58.732813,0,-2,-4,1,-1,0,0,0,0
58.732852,0,5,6,2,0,-1,-1,-1,0
58.733288,1,-2,-4,-1,-1,-2,0,-1,0
58.733301,2,2,0,-1,0,-1,0,1,0
58.756128,-2,-4,-3,2,1,0,-1,-1,0
58.756236,-3,-2,0,-3,-3,-2,0,-1,0
58.758730,-1,-3,-6,-1,0,-2,-1,-1,0
58.758735,-3,-1,-1,-4,-1,-2,-1,0,0
58.769590,2,2,0,-1,-2,-1,0,0,0
58.769608,-3,0,-1,1,0,2,-1,0,0
58.779731,1,0,0,2,2,1,0,0,0
58.779739,-2,-5,-1,0,-1,-1,-2,-1,0
58.794058,-1,0,0,0,-2,0,-3,-1,0
58.794064,-1,-2,-4,0,-1,-1,-2,-2,0
58.794066,-3,-2,0,-3,-2,-1,-1,-1,0
58.794067,1,-2,-4,-1,0,1,-1,0,0
58.816122,1,5,6,2,1,-1,1,2,0
58.816174,-1,-1,0,1,0,0,-1,-1,0
58.817654,0,1,-1,-8,-1,-1,-1,0,0
58.817661,0,-2,-1,3,1,-2,-1,0,0
58.841178,0,-1,-3,-4,-2,-1,-3,-1,0
58.841185,-1,0,-3,-2,-1,-2,-1,-1,0
58.841187,0,-1,1,-1,-1,0,-1,0,0
58.841189,-3,1,2,2,1,0,0,0,0
58.852429,-2,1,-6,-2,1,-1,0,-1,0
58.852446,0,-4,-1,0,0,-1,0,0,0
58.854928,-3,-3,-6,-1,-1,-1,-1,-1,0
58.854935,-3,-2,0,-2,-1,-3,-2,-3,0
58.875887,-2,-1,-1,-1,-1,0,0,-1,0
58.875912,0,-1,-2,-6,-3,0,-2,-1,0
58.876680,0,-1,1,0,-3,-2,-2,-2,0
58.876713,-3,6,2,-1,-1,0,0,-2,0
58.898466,-2,-6,-3,-3,-3,-2,0,0,0
58.898503,-1,-3,-2,0,-2,-2,-2,-2,0
58.900356,0,0,0,3,-1,-1,-3,1,0
58.900361,-1,0,-1,-1,-2,0,-3,-5,0
58.912733,-2,0,-1,-2,-1,-1,-1,-4,0
58.912767,0,-1,1,0,-1,-1,-1,-1,0
58.914138,-3,-2,-1,-1,0,0,0,-2,0
58.914145,0,-4,-6,-4,-2,-2,0,2,0
58.935725,-1,0,1,2,-1,-1,-3,-3,0
58.935732,0,0,-1,1,-1,0,-1,-1,0
58.936467,-1,0,3,2,1,-1,-2,-1,0
58.936480,2,-1,-3,-4,0,2,1,-1,0
58.958094,-1,-1,1,-3,-2,-2,-3,-1,0
58.958110,-1,-2,0,-1,0,0,0,-1,0
58.959613,2,-2,-4,-2,0,-1,0,-1,0
58.959618,-1,-2,0,-1,-3,-1,0,-2,0
58.972656,0,-3,-2,-1,-1,-1,-1,3,0
58.972679,-5,1,2,1,2,-1,-2,-4,0
58.975009,1,-4,-1,-3,-1,-1,0,3,0
58.975015,-5,-4,-3,2,-1,-1,-1,-4,0
58.995816,2,0,-2,-3,0,-1,0,1,0
58.995844,-1,1,0,-1,-2,-1,0,-3,0
58.997726,0,0,1,1,-3,-2,-1,-1,0
58.997737,1,2,0,-2,-1,-1,0,1,0
59.018237,-3,-8,-6,-3,0,1,0,-1,0
59.018263,1,2,-3,-6,-2,0,0,0,0
59.018994,-2,1,0,3,1,0,-3,-3,0
59.019029,0,-2,-1,-2,-2,-1,0,0,0
59.032862,-1,3,2,1,2,-1,-2,-2,0
59.032895,2,-3,0,0,-2,-1,0,-1,0
59.033478,-2,-2,-4,-1,-3,-1,0,-1,0
59.033496,0,0,-2,-2,-1,0,0,1,0
59.055694,-3,-4,3,0,-3,0,-1,-2,0
59.055712,-3,-1,-6,2,0,0,1,0,0
59.057152,-2,-1,0,-1,-2,0,0,-1,0
59.057157,-2,-2,-1,0,-1,0,-2,-1,0
59.078357,2,1,-1,-3,-1,-4,0,-2,0
59.078397,-2,-2,1,-1,0,0,1,-1,0
59.079317,-1,3,-1,-1,-1,-2,0,-2,0
59.079371,0,-5,1,1,0,-2,-2,0,0
59.092591,0,0,-2,-1,1,0,0,0,0
59.092602,1,-2,-1,-1,0,-1,-1,2,0
59.093113,-4,-9,-7,-1,2,-1,1,0,0
59.093119,-3,2,0,-3,-3,-2,-1,-2,0
59.115855,-2,0,-1,2,-1,1,0,0,0
59.115889,-1,-1,-3,-2,-3,0,0,0,0
59.117941,0,2,1,-1,-3,-2,0,1,0
59.117949,1,1,0,-3,0,0,0,1,0
59.138894,-1,-1,1,3,-1,-3,-2,-3,0
59.138899,-1,1,-2,-1,-2,-2,-1,1,0
59.138901,-1,-1,-2,-2,-1,-2,-1,-3,0
59.138903,2,0,0,4,0,-2,0,0,0
59.155387,-1,1,0,-3,-2,-1,-1,-1,0
59.155437,3,-1,-2,-2,-1,0,-1,-1,0
59.155439,-5,-7,-2,-1,-3,-1,-1,-4,0
59.155440,-1,4,4,1,0,0,-1,-2,0
59.176139,-2,-2,-1,-1,0,1,-1,0,0
59.176168,-3,-4,-4,-1,0,-1,-2,-3,0
59.178647,0,2,0,-5,-1,0,-1,0,0
59.178654,-1,-2,-2,0,-1,0,-2,0,0
59.198341,-2,-2,-2,1,-1,0,-1,-1,0
59.198375,-1,2,1,0,-3,-4,-2,-1,0
59.200930,0,1,0,-2,-1,-1,0,0,0
59.200936,-2,-3,-2,-5,-2,-2,-1,-6,0
59.212607,1,0,-4,-1,-1,-1,1,1,0
59.212636,0,0,1,1,1,-1,0,-2,0
59.215254,0,1,2,-1,-1,-2,-1,1,0
59.215274,-2,-3,-2,-1,-1,-1,1,0,0
59.235682,0,0,0,-3,-2,-2,-2,-2,0
59.235704,-1,-2,-5,-1,0,-2,-1,0,0
59.236440,1,0,-2,3,1,1,-2,0,0
59.236453,0,1,2,-1,-1,0,1,1,0
59.258227,-3,-5,-4,-4,-1,-2,-1,-2,0
59.258251,-1,-2,-3,-2,0,-1,0,1,0
59.259349,-3,0,2,1,-1,-1,-1,-2,0
59.259361,-1,3,4,0,-1,-2,-2,-1,0
59.272535,0,2,3,-2,-2,-1,-2,0,0
59.272553,-1,-1,-3,-2,-3,0,0,-3,0
59.273767,-2,-2,-3,-4,0,-1,-1,-2,0
59.273771,-1,-2,-6,1,0,1,-2,-2,0
59.295779,1,-1,2,0,-2,-1,-1,-1,0
59.295798,-1,0,0,0,-1,-1,-1,-2,0
59.296413,-1,-2,-1,-2,0,-1,-2,0,0
59.296420,-1,0,-4,-4,1,-1,-1,1,0
59.318157,-1,-4,-5,4,0,0,-1,-3,0
59.318174,2,-1,2,-1,-1,0,-2,1,0
59.320502,-2,1,2,0,-2,-2,-2,-2,0
59.320507,-3,-1,-3,-2,-4,-1,1,-1,0
59.332084,0,2,2,-1,1,-1,1,1,0
59.332125,-4,-4,2,1,0,0,1,-1,0
59.341241,2,0,-1,0,1,0,0,-1,0
59.341246,0,1,2,-1,1,-2,-1,0,0
59.355560,-1,2,-4,0,-2,0,-1,-2,0
59.355574,-2,-1,-3,-3,-1,-1,-2,-2,0
59.357129,-2,0,1,-1,0,0,0,0,0
59.357142,-2,-2,-3,0,-2,-1,-3,-4,0
59.378962,-2,-4,-1,-1,-1,-1,0,-1,0
59.378997,-2,-1,-3,-1,-1,0,0,-1,0
59.381120,-1,-2,-9,-6,-1,-1,0,1,0
59.381127,0,0,4,1,-1,-1,-2,-3,0
59.392019,-3,0,0,-1,0,0,-1,-1,0
59.392130,-2,-1,-1,1,-1,1,0,1,0
59.401675,1,1,4,0,-2,-2,-1,1,0
59.401681,-2,-3,-6,-1,-2,0,0,1,0
59.417555,2,3,1,-3,0,0,-1,0,0
59.417561,0,-2,-1,-2,-2,-2,0,-2,0
59.417564,-3,-4,-3,-3,-2,-1,0,0,0
59.417566,-2,2,2,0,1,-1,-2,0,0
59.438370,1,-2,-2,-1,-1,-1,0,1,0
59.438391,-2,-2,-3,-2,0,-2,-2,-1,0
59.441326,0,2,6,0,-1,-1,0,-2,0
59.441331,-2,-4,-1,3,1,0,-2,-1,0
59.451781,-1,-3,-2,-6,0,1,-2,1,0
59.451805,-1,1,1,2,0,0,-1,-1,0
59.463659,-2,-4,-5,-3,-2,-1,-1,-4,0
59.463666,0,-2,-3,-3,-1,-2,-1,0,0
59.475977,0,2,2,0,-1,-2,1,0,0
59.476015,1,-2,0,-2,-1,-1,-2,0,0
59.479037,-2,1,1,0,-1,-1,-1,-3,0
59.479048,1,-1,-4,-1,-1,0,-1,1,0
59.498158,-1,-2,-4,1,-2,-2,-1,-2,0
59.498169,0,-1,0,-3,-1,0,0,-1,0
59.499915,-2,-1,-1,1,0,0,-2,0,0
59.499950,1,-2,-1,-4,-2,-2,-1,-1,0
59.511941,-1,-3,-3,-1,-2,0,-3,0,0
59.511969,-2,0,1,1,-2,-2,-1,-1,0
59.522246,2,1,-2,-2,2,-2,0,0,0
59.522251,1,0,-2,-3,-1,-1,-1,0,0
59.535894,-3,-1,0,1,1,0,0,-3,0
59.535916,-2,0,2,2,-1,0,-1,-1,0
59.538165,-2,-2,-1,-1,-2,0,-2,-1,0
59.538169,0,-1,2,-2,0,-1,1,-1,0
59.558202,-4,-3,-5,-2,-2,-1,0,-1,0
59.558225,0,1,1,-1,0,0,0,1,0
59.559561,2,2,1,0,1,1,0,1,0
59.559574,-5,-1,-2,-3,-2,-1,-1,-2,0
59.571943,1,-1,4,1,-2,-1,0,-2,0
59.571984,-3,-3,-3,-2,-2,-1,-1,-1,0
59.582601,-3,-2,-2,-1,-2,-1,-1,-2,0
59.582624,3,1,-4,-1,0,0,1,2,0
59.595770,1,-2,1,1,1,0,0,-1,0
59.595797,0,3,4,0,-1,-1,-2,-3,0
59.597331,1,-1,-2,-2,1,-2,-2,-1,0
59.597390,-2,-3,1,0,-2,-1,-1,-1,0
59.618209,-3,0,-3,-3,-1,1,0,0,0
59.618234,1,-1,-2,-2,2,0,-1,1,0
59.620073,-1,-4,-1,1,-1,1,-2,2,0
59.620078,-2,3,2,1,-1,-1,-2,0,0
59.632453,-3,-1,-1,-2,-2,-1,-3,-3,0
59.632499,-3,-3,-3,-2,-3,-1,0,-2,0
59.642652,-1,2,-1,0,-1,-2,-1,-1,0
59.642659,0,-2,-3,-2,-1,0,0,1,0
59.655737,0,-2,2,1,-1,-1,0,-1,0
59.655835,0,0,-1,-4,-2,-1,0,-1,0
59.657069,-1,1,0,3,2,-1,1,0,0
59.657080,-1,2,6,2,-2,-1,-2,-4,0
59.678803,0,-2,-7,0,0,-2,-3,-1,0
59.678848,-3,-6,-3,-1,0,-1,-1,-1,0
59.681090,1,-1,-4,-3,-5,0,-1,0,0
59.681100,-3,-2,-1,-1,-1,0,-1,-4,0
59.692108,-1,1,2,-3,0,1,1,-1,0
59.692136,0,-1,-4,-2,-2,0,-1,0,0
59.700797,-2,-3,-3,-2,-3,-1,-2,-1,0
59.702026,-2,-3,1,-1,-3,-1,-1,0,0
59.715996,-1,-3,-3,-2,-1,0,-2,-1,0
59.716022,-2,4,5,4,0,0,0,-1,0
59.717336,-1,-2,-1,-5,0,-2,-1,0,0
59.717363,0,-2,-3,1,0,-1,-2,0,0
59.738424,-2,0,0,-3,-3,-2,-2,-1,0
59.738446,-1,-2,-1,-2,0,0,-1,0,0
59.740313,-1,-1,0,1,0,-1,-1,-1,0
59.740319,-1,-2,-4,-4,0,-2,-2,-1,0
59.760864,-1,2,-1,-2,-2,-2,-1,2,0
59.760870,1,0,0,3,-1,-2,-2,0,0
59.762446,-3,1,-2,-2,-2,0,-1,-1,0
59.762468,-3,-5,-2,0,-2,-1,-1,-1,0
59.777106,0,-2,-1,1,0,-1,-1,-2,0
59.777113,3,3,3,-2,-1,-2,-2,0,0
59.777115,-1,-1,2,1,2,0,-2,-2,0
59.777117,1,0,-1,-2,1,0,1,0,0
59.798418,-1,2,0,-2,-1,-2,-1,2,0
59.798449,-5,-5,-2,-3,-2,-1,0,-4,0
59.800763,0,-4,-5,-2,-2,-1,0,1,0
59.800770,0,0,-2,1,-1,-1,-1,0,0
59.822898,2,1,1,1,1,-2,1,0,0
59.822903,-2,-7,-6,1,1,-1,0,0,0
59.822905,-2,-1,2,-1,-1,-2,0,-1,0
59.822907,-1,-2,-2,-4,-1,2,-1,-1,0
59.835780,0,0,1,1,-2,-2,-1,-1,0
59.835805,0,3,-3,-2,-2,-3,-3,-1,0
59.838534,-1,0,0,2,0,-2,1,-1,0
59.838540,-2,-2,-3,-6,0,-1,-2,-1,0
59.858396,-1,1,1,-4,-3,-1,-2,-2,0
59.858413,-1,-3,-3,0,1,-1,-3,0,0
59.859868,0,6,3,-5,0,0,-1,0,0
59.859872,-2,-1,1,5,0,-1,-1,-2,0
59.880611,0,-1,-1,2,-2,0,1,1,0
59.880632,-4,-3,-4,-1,-1,-1,0,-2,0
59.882668,0,-2,-2,-1,-2,-1,0,-1,0
59.882679,1,-1,-4,-5,-2,-2,-1,-3,0
59.895668,-1,0,1,2,3,-2,-1,0,0
59.895702,-1,-3,-5,0,-1,-1,0,-1,0
59.897224,-3,-1,2,-1,-2,1,-1,-2,0
59.897288,-1,-2,-1,1,-3,-2,0,0,0
59.918133,-2,-2,-1,-1,-1,-1,-1,-4,0
59.918146,1,1,1,-5,-2,0,0,1,0
59.919674,0,-3,-4,0,0,-2,-3,-2,0
59.919706,-1,-2,0,-3,-1,-1,0,2,0
59.940814,-2,-4,-4,-4,-2,-2,-3,-4,0
59.940844,-1,6,7,3,-1,0,-1,0,0
59.942887,0,-2,-2,-1,-2,0,-1,3,0
59.942891,-1,1,-1,0,0,-1,-2,-2,0
59.955189,-1,-4,-2,-1,1,0,-1,-2,0
59.955211,-1,0,-1,0,0,1,-3,-3,0
59.962040,0,-1,1,0,0,0,1,-1,0
59.962063,-2,1,0,-1,-1,-1,-2,0,0
59.978999,-3,-3,-3,-1,-3,-1,-1,-1,0
59.979011,0,-2,-2,-4,-2,-1,-2,-1,0
59.979690,-2,0,0,1,0,-2,-3,-2,0
59.979697,0,-5,-6,0,-1,-1,-1,0,0
60.000716,0,2,6,1,0,-1,-2,0,0
60.000741,1,2,1,-1,-1,-2,0,1,0
60.002297,-2,-5,-7,1,-1,-1,-1,0,0
60.002307,-2,0,4,0,0,0,0,0,0
60.015553,-2,0,-4,-2,-1,-2,-1,-1,0
60.015609,1,-1,-1,-3,-3,-2,-1,-1,0
60.022243,-3,0,1,0,-1,0,-1,-1,0
60.022271,0,3,0,0,0,-1,-1,-1,0
60.038347,0,-5,-2,-4,1,0,-1,0,0
60.038369,-2,-1,-4,1,0,-1,0,-1,0
60.040998,-1,-4,-5,-2,0,-1,-1,-3,0
60.041004,0,-1,-2,-2,1,1,-1,1,0
60.060778,-2,2,3,4,-2,-1,-1,-3,0
60.060804,0,0,-3,-4,0,-3,-1,-2,0
60.066762,-2,-4,-2,0,-1,0,0,0,0
60.066778,2,2,0,0,0,-1,0,-1,0
60.075158,0,0,-3,-6,-2,0,-1,2,0
60.075179,-3,-4,1,4,-1,0,-3,-2,0
60.082161,0,1,0,0,-2,-1,-1,0,0
60.082192,0,0,-1,-2,-3,-2,0,-2,0
60.098745,-3,0,-2,-3,-2,-1,-1,-2,0
60.100899,-4,-7,-2,-1,-2,-1,0,0,0
60.100909,0,8,2,-3,1,0,-4,-2,0
60.100911,-2,-4,-2,0,0,-1,-1,0,0
60.120740,-1,-1,-2,1,0,1,-2,1,0
60.120762,-1,-1,-1,-1,-2,0,-1,-2,0
60.122126,0,-3,-2,-3,-1,0,0,-2,0
60.122139,-1,-2,-1,-2,0,-1,-1,-1,0
60.134946,-1,1,-2,-1,-1,-1,-1,0,0
60.134960,-1,2,5,0,0,-1,-2,0,0
60.141746,-2,-3,-5,-5,-4,-2,-1,-2,0
60.141770,-1,-1,1,0,-2,0,0,-2,0
62.160744,86,48,-4,-1,-1,1,-7,47,4
62.161112,4,-39,-12,-11,-3,-4,-2,-2,4
62.169587,8,-69,18,1,0,3,6,-1,4
62.169591,-83,-9,8,8,2,3,10,51,4
62.183504,-27,-80,-17,-3,-3,-2,-8,-80,4
62.183534,16,127,29,2,-2,-2,-10,61,4
62.185585,-67,-96,-51,-15,-11,-13,-16,-17,4
62.185589,35,15,2,1,1,-4,-18,-93,4
62.205866,-40,-35,18,-13,-9,-9,-12,40,4
62.205871,34,32,-8,14,-2,-1,-4,-17,4
62.207155,16,63,16,-5,8,5,17,9,4
62.207191,29,86,29,-4,-4,1,14,-6,4
62.220538,-68,-51,-4,0,4,-1,-16,-14,4
62.220543,66,-13,25,4,1,-5,-5,-39,4
62.230618,63,-17,29,0,-1,3,4,-4,4
62.230627,13,-100,-17,-1,-1,0,1,10,4
62.243078,-29,12,9,2,5,4,15,-7,4
62.243094,54,-66,-64,-23,-12,-8,-2,-18,4
62.245182,-21,86,66,16,5,2,-7,-57,4
62.245191,-37,-11,-10,0,-3,-1,5,112,4
62.266545,62,102,16,-2,-2,-5,-2,-86,4
62.266556,-59,38,-18,11,7,3,-3,3,4
62.267199,37,31,34,4,1,2,11,13,4
62.267206,19,-128,-43,-4,-6,-5,-5,56,4
62.288374,-57,61,-2,4,0,-2,-3,-4,4
62.288404,-21,59,0,-9,-4,-2,3,7,4
62.290588,13,28,0,-2,-2,3,6,-25,4
62.290592,-72,-29,12,12,6,5,-2,-15,4
62.303323,52,-50,11,-5,-9,-9,6,57,4
62.303345,-8,-52,-4,-3,3,3,-12,20,4
62.305646,2,-128,-39,-9,-2,-2,-7,17,4
62.305650,-48,22,28,10,0,0,-2,-7,4
62.328118,-43,8,-18,-7,-4,-7,-7,-14,4
62.328129,-48,-41,1,4,-2,0,16,-35,4
62.328132,-103,-4,6,-1,-1,-1,-10,54,4
62.328134,40,74,-23,-13,-5,-6,-8,-40,4
62.339412,12,16,2,-1,-1,2,8,4,4
62.339428,11,57,0,-5,0,2,7,1,4
62.349736,-60,0,-15,-1,1,1,-9,-70,4
62.349743,-68,59,1,-3,1,-3,-3,-1,4
62.363137,44,-71,-25,1,2,1,-6,49,4
62.363154,-37,58,-9,-12,-3,-5,-3,-16,4
62.365842,60,58,67,15,7,2,5,-16,4
62.365850,72,-28,-26,-8,-5,-3,-6,8,4
62.385791,66,112,20,1,5,6,17,1,4
62.385813,-14,30,-3,-3,-11,-13,-20,87,4
62.387225,18,92,27,12,7,5,-2,-70,4
62.387230,-71,-72,-17,-13,-5,-2,3,-2,4
62.399668,-49,-32,12,1,-4,-3,-8,-70,4
62.399705,57,-13,6,1,4,5,13,-19,4
62.409316,-110,-94,-14,4,-3,-3,1,18,4
62.409320,39,21,27,6,3,3,1,21,4
62.423049,-109,-59,-53,-12,0,3,12,11,4
62.423057,-59,-47,34,-1,-3,-11,-34,43,4
62.424591,-93,-112,-59,-16,-11,-9,-6,-54,4
62.424604,51,-20,-2,3,2,5,8,-11,4
62.445854,45,48,-18,-12,3,5,9,57,4
62.445880,-5,-1,13,10,4,4,3,-28,4
62.447636,80,47,1,9,0,0,9,55,4
62.447641,-36,-83,-1,-10,-6,-4,-7,-59,4
62.459778,98,127,95,25,2,-1,-15,64,4
62.459793,-58,-128,-25,-14,-6,-5,3,-50,4
62.470288,54,-57,-20,-7,-1,-1,-9,-26,4
62.470294,-52,6,9,8,-5,-3,0,114,4
62.483469,34,59,47,12,10,4,-14,-71,4
62.483508,45,-30,1,6,6,5,8,-22,4
62.486003,-15,51,-1,-5,-4,-4,-1,33,4
62.486010,35,24,-17,1,1,1,3,3,4
62.506190,-19,-4,-14,1,-9,-5,2,-3,4
62.506214,-12,-73,-15,13,10,7,7,26,4
62.508713,-25,-65,-9,-12,-5,-1,7,64,4
62.508717,62,77,26,5,1,0,-5,-69,4
62.519386,71,-10,-22,-11,-10,-8,1,80,4
62.519401,8,49,-21,-6,-1,5,8,-121,4
62.531482,-17,-36,-56,-5,-1,1,1,92,4
62.531490,35,69,36,10,6,0,-6,-73,4
62.543168,9,28,21,1,1,1,3,51,4
62.543189,29,-87,-15,-2,-4,-2,-3,-77,4
62.546273,46,19,24,6,8,8,8,-62,4
62.546283,11,43,-4,-4,-6,-5,-2,26,4
62.566473,75,-53,-22,-7,-2,-3,-3,-92,4
62.566512,-35,86,25,11,0,-2,-6,44,4
62.567618,-53,-65,-7,-4,-4,-4,-14,4,4
62.567632,-100,-110,-17,-2,4,1,-3,-11,4
62.588315,-45,7,10,5,-1,-2,-1,-5,4
62.588337,16,111,-42,-12,-4,-2,-4,-57,4
62.589850,81,114,18,9,1,0,-5,21,4
62.589855,-46,-53,-25,-17,-7,-4,6,53,4
62.603530,47,63,3,2,0,-2,-1,-21,4
62.603555,37,-46,5,-8,0,-2,-16,11,4
62.606084,54,120,77,27,7,6,12,6,4
62.606096,115,-79,-21,-3,3,3,2,16,4
62.625600,-128,-93,-37,-14,-6,-4,-6,-25,4
62.625639,83,40,10,-8,-3,-1,8,102,4
62.627079,67,-44,-30,11,1,-1,-12,-89,4
62.627092,19,50,-3,7,-3,-3,1,69,4
62.648287,-25,9,-12,-4,0,-2,-10,4,4
62.648325,-117,-60,12,-1,-2,-2,2,-35,4
62.650511,-1,-85,-27,3,3,1,6,-16,4
62.650518,-55,92,-57,-7,-11,-7,3,57,4
62.663423,-67,-72,-4,-3,2,0,-8,-34,4
62.663494,127,-15,57,9,-2,-4,-1,-83,4
62.665433,30,31,-12,-13,-2,-5,-16,7,4
62.665441,-72,12,4,4,2,3,8,-47,4
62.687536,26,-7,8,4,2,0,4,43,4
62.687541,105,-87,-27,-6,-4,-1,5,44,4
62.687543,-44,71,18,-11,1,2,4,-18,4
62.687545,-19,-58,34,-2,2,2,8,17,4
62.708458,53,-46,-15,-1,1,2,1,39,4
62.708473,-128,-2,21,11,0,-7,-17,10,4
62.711804,-20,86,-12,-17,-8,-9,-8,53,4
62.711810,84,68,30,-1,1,1,0,6,4
62.723110,10,-47,-45,-4,-7,-2,-1,-5,4
62.723127,-59,47,0,8,6,7,12,-40,4
62.724598,35,-18,72,8,-4,-6,-6,13,4
62.724605,-126,-109,-16,-11,0,-6,-23,-59,4
62.745905,103,15,-15,-3,-5,-4,13,0,4
62.747556,7,-12,7,-1,2,0,-23,28,4
62.747566,-1,86,-21,-8,-6,-3,13,12,4
62.747568,33,-20,8,8,6,6,5,0,4
62.768250,-40,-50,16,-8,-3,-4,-9,-72,4
62.768299,-37,48,-38,-7,-3,0,14,38,4
62.769607,63,75,-10,0,-3,-3,0,-68,4
62.769685,81,1,-14,0,-2,-2,-15,17,4
62.782579,8,-58,4,1,9,2,0,66,4
62.782617,-63,-53,-8,-18,-9,-5,0,13,4
62.789242,-113,-128,-33,-2,2,1,-7,14,4
62.789260,115,127,4,11,-3,0,6,11,4
62.805578,-98,-68,-50,-19,-4,-9,-19,-92,4
62.805595,-40,82,12,8,6,8,11,26,4
62.807117,-71,-128,-57,-29,-14,-12,-18,-76,4
62.807126,69,56,-1,4,-2,-1,2,-14,4
62.829805,-57,127,50,19,1,5,13,-1,4
62.829815,18,45,4,7,1,-1,0,16,4
62.829893,29,-60,17,6,1,2,19,44,4
62.829944,-21,-14,-9,-7,-3,0,9,-34,4
62.845444,-46,-7,-3,-3,-2,-2,-17,-87,4
62.845461,55,102,62,18,9,11,10,84,4
62.849581,127,26,7,-2,-5,-5,-2,-73,4
62.849599,-2,-84,-38,-21,-7,-8,-13,-69,4
62.866070,23,127,38,8,1,3,12,73,4
62.866104,120,-92,-8,-12,-2,-3,-2,-31,4
62.867343,-89,96,58,19,11,11,13,79,4
62.867348,-41,-49,-62,-17,-8,-9,-25,-42,4
62.888498,52,-17,-22,-14,-5,-3,6,7,4
62.888521,-44,91,-17,-4,-4,-5,-11,44,4
62.891222,40,6,21,18,8,10,33,101,4
62.891228,-6,68,-9,-1,0,-6,-26,8,4
62.902545,-50,112,21,10,-4,-3,4,54,4
62.902568,-35,-102,-22,-5,-4,0,13,70,4
62.909577,-25,32,-6,3,4,0,-24,18,4
62.909603,46,-108,-6,-8,2,1,8,5,4
62.925903,-41,-91,23,5,-3,0,-1,-73,4
62.925921,41,26,9,5,2,0,-7,-78,4
62.927143,-28,126,44,12,1,0,0,28,4
62.927162,45,37,8,2,4,5,6,0,4
62.948453,-26,-50,-79,-19,-12,-12,-22,3,4
62.948487,61,50,11,-2,0,-3,3,-77,4
62.950835,86,102,20,2,-1,1,-4,-7,4
62.950842,-128,114,60,18,3,-3,-6,-66,4
62.962586,22,-16,3,-5,1,1,1,22,4
62.962623,96,112,-4,6,0,-2,0,31,4
62.969349,-87,-128,-45,-8,-4,-1,0,2,4
62.969370,-83,127,52,25,7,4,-1,-1,4
62.986314,81,-25,-30,-1,2,2,12,48,4
62.986321,-24,-68,0,-9,-5,-4,-20,-52,4
62.987104,4,-62,-34,-11,0,1,8,-10,4
62.987117,-63,-22,-7,-5,-1,0,-1,22,4
63.008107,-56,27,23,17,6,4,-3,24,4
63.008123,-4,57,-11,-8,-5,-2,4,-53,4
63.011356,41,-52,-28,-4,-1,0,-1,44,4
63.011376,-110,-128,-90,-12,-10,-6,1,-53,4
63.022592,42,106,-7,-11,-4,-4,-4,-11,4
63.022649,-78,58,41,11,3,-2,-17,21,4
63.029423,1,30,1,-1,2,-4,-8,-41,4
63.029453,4,-69,24,-2,3,3,11,21,4
63.047432,31,-60,-12,-4,-1,1,3,-29,4
63.047439,8,-85,-28,-10,-8,-5,0,21,4
63.047441,-12,124,7,-1,0,-2,-8,-58,4
63.047443,121,49,32,21,11,9,11,0,4
63.068207,51,-56,28,2,-1,-5,-3,32,4
63.068231,-59,-26,-14,-7,-1,3,16,-37,4
63.069686,70,36,-8,-14,-9,-7,-29,-49,4
63.069693,17,83,6,-3,2,3,11,8,4
63.082353,45,127,26,8,2,4,8,-9,4
63.082382,40,-3,-12,-2,-2,-5,-3,-34,4
63.090899,50,33,12,4,0,4,9,-43,4
63.090924,4,-109,4,-26,-11,-10,-5,116,4
63.106147,95,-74,35,6,-1,-5,-2,-39,4
63.106176,-93,-19,12,-1,12,-7,-20,-29,4
63.108147,-71,46,7,2,-23,-5,0,32,4
63.108152,50,49,7,-5,-3,0,-4,-21,4
63.128447,51,61,21,9,1,1,3,16,4
63.128478,87,-14,-28,-8,-7,0,6,53,4
63.131759,-45,-128,2,11,10,-1,0,2,4
63.131770,-52,92,31,-4,2,3,4,-15,4
63.141684,-7,-8,-18,-7,2,13,27,68,4
63.141694,4,-62,-42,-22,-15,-17,-20,53,4
63.151332,26,49,43,15,7,4,11,20,4
63.151337,-70,7,-9,6,-1,1,-11,18,4
63.166163,42,-27,-34,0,9,6,-16,-78,4
63.166344,-70,47,-28,-3,-6,-3,1,41,4
63.167930,52,-128,-25,-20,0,-8,-16,-6,4
63.167943,-4,-105,7,5,2,-1,1,11,4
63.188675,-36,40,12,-5,-3,-1,3,-30,4
63.188682,-1,38,-11,8,3,5,6,-15,4
63.189563,-4,-60,-7,-7,-5,-5,-1,-11,4
63.189569,-52,65,-17,8,8,7,16,-91,4
63.203193,-86,-33,-81,-11,-12,-15,-20,107,4
63.203198,61,-101,21,4,3,2,-4,-37,4
63.212886,-8,112,24,-3,1,1,3,-21,4
63.212901,7,65,81,12,-2,-1,2,77,4
63.225629,-82,-107,-36,-12,-3,-1,-2,-25,4
63.225651,-102,76,12,1,0,1,-4,-64,4
63.227109,-34,-6,-3,1,-2,0,3,20,4
63.227140,60,1,-14,-5,-4,-4,-4,5,4
63.248466,-4,46,20,3,-2,-2,-10,-7,4
63.248512,65,51,24,10,4,4,7,40,4
63.250375,-15,-71,-21,-8,0,-2,-2,-9,4
63.250379,25,-70,-22,-3,-2,-1,-9,1,4
63.262470,37,91,20,-6,-4,0,11,-32,4
63.262524,8,-128,-3,14,5,4,-7,57,4
63.270857,-56,0,-37,-18,-9,-8,-12,-27,4
63.273353,-100,0,33,3,0,-2,-4,-24,4
63.285684,-95,113,25,-3,1,-1,-6,-59,4
63.285704,41,-58,-16,-7,-2,2,16,22,4
63.287217,5,113,12,10,1,0,4,17,4
63.287275,81,-24,-1,-3,1,-2,-1,34,4
63.308098,-5,34,6,-1,-3,-3,-6,11,4
63.308121,-37,68,13,1,-3,0,6,-18,4
63.309747,1,-26,-5,6,2,1,-2,-3,4
63.309800,0,-45,-26,-7,-3,-2,0,-25,4
63.322048,19,-19,10,9,1,0,-4,13,4
63.322071,71,-62,-16,-5,-4,-2,0,66,4
63.331543,88,2,12,4,-3,-4,-9,-96,4
63.331550,57,-70,-27,-18,-3,0,5,101,4
63.345774,15,30,-28,0,1,-2,-14,-99,4
63.345795,-14,-69,9,3,1,4,15,48,4
63.347181,-30,-15,-13,-8,1,2,-2,10,4
63.347205,68,106,19,3,-4,-3,4,42,4
63.368395,-12,-21,-19,7,3,2,-14,-48,4
63.368424,27,91,-1,-4,0,-1,3,13,4
63.371079,-44,10,-1,-7,-3,-5,-9,-56,4
63.371083,-61,22,-3,0,1,3,9,-7,4
63.382081,14,-128,-2,-9,-2,-4,-9,35,4
63.382119,-12,-1,30,8,7,5,4,-54,4
63.396878,9,64,-6,5,-2,-1,0,51,4
63.396899,-16,-113,-32,-5,-8,-9,-13,-80,4
63.405757,1,46,25,11,3,1,9,98,4
63.405774,-97,-57,-19,-11,-2,-4,-15,-30,4
63.407101,14,65,-11,2,1,4,11,-56,4
63.407114,72,88,41,12,1,-1,-3,35,4
63.428258,-31,-27,-12,-4,-6,-3,1,-22,4
63.428288,33,76,3,-3,-4,-3,3,-19,4
63.430805,-33,-69,3,-1,2,3,6,41,4
63.430814,30,11,-6,2,-3,0,-2,3,4
63.441804,32,-45,0,-8,-3,-3,5,36,4
63.441828,73,24,6,1,2,0,5,5,4
63.452866,17,-33,-7,-5,-2,1,10,54,4
63.452871,-104,86,50,21,12,5,-6,-51,4
63.466031,-42,-87,-9,-1,-3,-10,-38,-54,4
63.466073,-21,-13,-29,-12,-7,-1,-1,-16,4
63.468782,-27,-8,4,10,6,4,4,26,4
63.468788,123,54,-17,-12,-4,0,12,48,4
63.488403,-24,22,18,4,0,0,9,22,4
63.488419,18,35,2,-1,3,-1,-8,-66,4
63.490744,16,-10,-10,-2,-1,-1,-5,-28,4
63.490748,13,41,-23,0,0,1,3,14,4
63.501876,-2,32,4,-1,1,1,-1,-8,4
63.501900,-3,-9,-1,1,-7,-4,-2,36,4
63.512585,-31,-4,-5,-3,0,-1,5,-42,4
63.512595,-17,-78,-62,-18,-6,-4,-10,-61,4
63.525771,126,-63,-18,-15,-6,-2,6,35,4
63.525793,73,72,65,29,18,9,17,23,4
63.527126,67,-46,-12,-7,-4,-10,-28,-42,4
63.527134,-120,-128,-31,-9,-4,-3,-5,-55,4
63.548247,45,78,-1,-2,0,3,12,8,4
63.548261,23,87,2,-4,-3,1,7,35,4
63.549865,49,32,34,10,4,5,8,26,4
63.549886,27,-67,-67,-23,-10,-8,-15,15,4
63.570970,31,57,26,11,2,4,15,38,4
63.571001,-23,71,3,1,-2,-4,-14,-19,4
63.573506,36,40,18,3,2,-1,7,59,4
63.573512,-26,-1,-3,-13,-4,-2,-1,2,4
63.585586,-40,-37,-48,0,-3,-2,4,-8,4
63.585609,13,30,69,17,9,9,8,22,4
63.587145,-28,-77,-71,-25,-11,-14,-22,100,4
63.587152,65,127,67,7,0,-2,-6,-58,4
63.608089,-3,-34,-34,-10,-4,-3,-1,-33,4
63.608096,-37,-128,-41,-8,-3,-2,9,-21,4
63.609566,-114,83,10,2,1,-3,-13,-95,4
63.609581,-51,96,28,10,3,1,2,4,4
63.630716,-2,5,27,0,-1,-2,-8,13,4
63.630748,0,-9,-19,-5,-6,-4,-10,-49,4
63.633175,-44,27,19,-2,1,1,8,-11,4
63.633182,-3,-55,-16,0,0,1,8,76,4
63.645902,43,31,17,15,5,-1,4,51,4
63.645934,-28,17,-23,-15,-6,-9,-23,-2,4
63.647668,58,49,15,6,-1,-1,-2,43,4
63.647673,-63,-43,8,-2,0,1,2,36,4
63.675675,16,113,9,2,-3,2,12,48,4
63.675895,-65,-65,7,-8,-4,-3,-7,-23,4
63.678630,75,65,3,1,2,5,17,52,4
63.678648,85,-70,-1,8,-1,-1,3,46,4
63.690791,-5,41,14,-6,0,2,0,-38,4
63.690813,32,-39,-34,5,-3,-3,-3,-19,4
63.693098,-106,-58,9,6,-2,2,-4,-19,4
63.693104,114,73,3,1,-3,-2,2,17,4
63.704510,-44,23,5,-4,4,3,6,-9,4
63.704544,-24,64,-44,-18,-4,-4,-4,-15,4
63.714058,-18,-73,-22,-6,-5,-6,-3,-28,4
63.714065,-95,-112,-46,-15,-4,-3,0,-26,4
63.728394,19,-124,-29,2,-5,-4,-14,-29,4
63.730419,-115,93,-15,-4,-3,-5,-9,-89,4
63.730428,11,97,14,1,3,5,9,27,4
63.730430,-32,-20,-5,-3,-1,-3,-11,-65,4
63.750637,-10,32,9,0,-2,-1,6,6,4
63.750661,20,-81,2,-2,1,1,2,52,4
63.752248,34,-128,-3,-3,-5,-2,-1,-40,4
63.752264,65,30,-42,10,4,5,9,1,4
63.765345,-78,-29,1,-5,-6,-7,-21,72,4
63.765376,-25,38,28,4,-1,-3,-10,-38,4
63.771935,-75,-30,-15,-2,2,1,-5,11,4
63.772054,40,12,-7,-5,-5,-2,-2,-7,4
63.788520,-56,-2,-14,6,4,6,9,-67,4
63.788545,104,-86,-7,0,-4,-3,-9,-15,4
63.790687,44,-11,-13,-11,-2,1,3,21,4
63.790692,-68,26,36,12,5,1,-9,-44,4
63.810700,28,-96,-17,-11,-3,-2,8,38,4
63.810715,21,64,21,13,4,0,-9,38,4
63.812315,10,43,1,-5,2,-2,-11,-70,4
63.812355,2,-14,6,-1,-5,-3,5,100,4
63.826195,-71,120,35,1,0,2,12,13,4
63.826199,42,-86,-32,3,-3,-1,3,36,4
63.832137,52,-35,-15,-1,-7,-5,-2,3,4
63.833933,-64,12,18,-10,3,-3,-6,-14,4
63.848257,105,24,25,3,4,3,2,-6,4
63.848300,70,82,50,10,3,3,10,29,4
63.850416,7,-16,-19,-3,-4,1,11,38,4
63.850421,20,27,7,-1,-2,-2,-12,-60,4
63.871487,34,-34,-17,-4,-4,-4,-6,-39,4
63.871498,-43,-11,19,-18,-5,2,9,36,4
63.872489,-26,45,115,52,12,5,8,6,4
63.872506,70,-31,-36,-17,-4,-7,-13,-6,4
63.885062,-58,21,-8,6,1,-1,-4,-1,4
63.885088,43,48,-13,-13,-3,0,2,77,4
63.892095,4,96,-22,-1,0,5,10,-55,4
63.892116,-49,68,18,4,2,8,19,34,4
63.908280,-37,81,13,13,-4,-11,-26,-45,4
63.908302,-34,-119,-43,-19,-6,-3,8,-50,4
63.910393,73,-46,-14,-10,-3,-5,-10,-2,4
63.910397,46,9,14,7,5,4,6,-18,4
63.930829,-46,-5,-8,-9,-3,-1,-11,-121,4
63.930854,36,108,7,18,2,2,8,46,4
63.933232,63,5,27,-5,-2,-4,-5,49,4
63.933246,-98,-41,-7,-4,0,-3,-7,-36,4
63.945147,99,9,13,-5,0,1,11,4,4
63.945174,-40,5,-10,-9,-6,-7,-12,-25,4
63.951781,-18,78,-21,-1,-4,-1,2,42,4
63.951803,-40,16,33,7,0,0,11,13,4
63.968507,112,-87,2,-3,-1,1,2,33,4
63.968524,38,-1,27,-7,-1,2,3,13,4
63.974272,-77,-23,-8,-2,-3,-5,-15,-84,4
63.974291,46,-103,-21,-4,-2,-3,0,28,4
63.990575,42,52,8,5,7,6,3,36,4
63.990606,-9,-56,-22,-2,-4,-1,0,-4,4
63.992080,49,3,-1,-4,1,1,5,47,4
63.992114,45,22,-6,7,2,-3,-6,1,4
64.005089,-79,-36,6,-9,-6,-5,-10,-51,4
64.005116,73,63,-18,7,1,0,0,20,4
64.012156,-72,2,-11,-5,-4,-3,-2,18,4
64.012258,-9,61,-5,-9,-4,-4,2,82,4
64.030143,22,100,43,12,1,1,0,22,4
64.030151,-46,-8,-30,-9,-3,-5,-2,1,4
64.030154,-47,-19,-4,-2,0,-1,-9,-9,4
64.030156,84,-32,-15,1,-2,0,-2,-3,4
64.050678,-22,61,-8,-2,-3,-4,-3,51,4
64.050703,-50,-99,-14,7,2,3,17,45,4
64.052362,-21,-91,58,10,4,1,-17,-78,4
64.052366,-24,4,-12,-12,-10,-5,-6,-30,4
64.064745,-33,24,-30,3,0,0,2,6,4
64.064769,-49,45,6,-1,-2,-3,-2,-82,4
64.073225,35,98,-22,-12,-2,-1,1,95,4
64.073248,61,2,13,9,-3,1,-1,-23,4
64.088280,59,-34,9,-6,0,-3,-4,-4,4
64.088303,-16,16,-12,0,2,-1,-10,-68,4
64.090686,7,72,-1,-2,1,0,14,91,4
64.090694,15,-108,-11,3,0,-5,-11,-15,4
64.110838,-75,-128,-42,-19,-7,1,14,6,4
64.110861,-54,58,-10,2,-1,-2,-11,-35,4
64.112356,22,10,3,5,-3,0,-4,-34,4
64.112384,-47,6,15,-11,11,5,-8,12,4
64.124271,33,-51,-2,5,-1,0,7,9,4
64.124280,-2,91,73,1,10,6,1,17,4
64.134794,-43,-120,-25,6,-4,-10,-17,-94,4
64.134799,-71,45,1,-5,-4,-1,17,3,4
64.148500,32,-29,-15,-5,-2,-1,-4,-16,4
64.148557,-47,5,11,-1,-1,1,-5,-13,4
64.150963,90,8,-3,2,1,0,8,48,4
64.150968,-6,-31,10,9,0,-3,-6,-16,4
64.171315,-75,-55,-2,-9,-4,-4,-8,-49,4
64.171415,78,-31,2,18,3,2,2,123,4
64.172156,63,34,9,-19,-7,-9,-14,-95,4
64.172170,4,-61,-54,-7,-3,-1,3,-37,4
64.184386,42,14,-15,-4,-4,-4,0,121,4
64.184414,-42,-70,1,-5,2,0,-2,-66,4
64.195522,4,25,-1,15,7,8,9,34,4
64.195532,21,127,25,-2,-1,-2,-5,-4,4
64.208296,-66,-5,-24,-8,-3,-3,3,59,4
64.208318,44,52,8,4,-2,-2,-5,-35,4
64.209572,-79,-37,-31,-13,-7,-2,7,33,4
64.209585,-22,-57,-9,-1,-5,-1,3,30,4
64.232052,96,22,10,6,2,-1,-3,-18,4
64.232057,-53,-23,-5,-7,-5,-5,-2,0,4
64.232283,-1,-18,-8,-3,1,-1,-5,-29,4
64.232309,94,35,24,7,0,1,2,-17,4
64.244771,-17,120,4,-1,-1,-3,-1,-37,4
64.244804,38,30,11,12,5,0,-8,18,4
64.253213,-16,15,-29,-13,-6,-3,13,-10,4
64.253235,-73,97,19,8,1,1,-21,-42,4
64.268256,61,25,16,3,-4,-9,-15,-50,4
64.268279,37,22,7,-5,-3,1,12,23,4
64.269687,35,98,35,17,10,1,-8,12,4
64.269710,-52,-93,-9,-2,-5,-2,4,-15,4
64.290556,-6,-23,-42,-24,-4,2,4,22,4
64.290573,-12,105,14,-3,-1,-2,2,62,4
64.292041,1,-50,-10,-13,-2,-5,-7,-12,4
64.292073,-2,13,13,7,2,-1,0,-4,4
64.304705,76,35,11,1,-1,0,1,70,4
64.304727,-43,-120,-44,-11,-9,-11,-13,-88,4
64.313988,73,16,-14,-6,-4,0,4,33,4
64.313998,-20,-71,-1,2,0,-2,4,2,4
64.328330,-24,20,28,11,5,4,6,-22,4
64.328359,-28,-65,-22,5,0,3,6,8,4
64.329863,17,31,4,-4,-4,-2,0,31,4
64.329920,-44,-42,-19,-8,-3,0,5,-12,4
64.350642,-44,0,18,11,7,3,2,-28,4
64.350661,122,-60,-11,-3,-1,2,12,69,4
64.352295,47,78,23,8,4,3,-15,1,4
64.352307,-16,-79,-54,-18,-10,-10,-12,-58,4
64.364357,-10,-81,-16,-10,-7,-7,-18,-24,4
64.364381,24,27,-11,-5,-1,4,3,16,4
64.374213,46,8,19,-4,-1,-1,8,44,4
64.374220,41,127,11,-2,-5,-4,-4,-34,4
64.388154,-17,-8,-4,3,1,-1,-5,-6,4
64.388161,-43,-6,-13,-5,-7,-8,-7,0,4
64.389781,39,-82,-39,-8,-6,-2,5,-4,4
64.389801,47,121,39,4,6,4,-2,-18,4
64.410791,14,-60,-14,-9,-6,-7,-6,87,4
64.413126,62,70,36,9,5,3,-6,39,4
64.413131,-106,-66,-29,-2,-1,0,7,-14,4
64.413133,-23,-25,20,6,3,-2,-6,-10,4
64.424880,-85,41,-2,5,1,5,6,-51,4
64.424910,30,109,17,-3,-1,0,-8,-86,4
64.435209,5,-38,1,4,1,2,-2,6,4
64.435214,8,41,-11,-6,-2,0,3,-10,4
64.448304,29,-35,10,6,2,0,1,7,4
64.448334,-51,-43,-23,-9,-6,-5,-3,-12,4
64.451192,-25,9,23,-2,2,1,-1,-77,4
64.451198,6,46,0,0,1,1,6,87,4
64.470090,-6,-52,15,6,2,1,-1,-39,4
64.470106,19,77,24,-4,1,0,4,31,4
64.470790,-53,-111,-32,-9,0,1,4,7,4
64.470809,-24,-34,4,2,0,-2,-13,-38,4
64.492558,56,21,4,-2,-2,-1,0,-17,4
64.492575,18,-23,-7,-1,-1,3,3,40,4
64.494677,-26,-12,-7,0,-4,-5,-9,-27,4
64.494698,-24,-93,-10,4,4,5,11,-4,4
64.507423,19,119,22,-10,-6,-6,-6,11,4
64.507447,31,-128,-13,-3,0,0,1,-17,4
64.508543,-5,31,5,3,0,3,-3,17,4
64.508546,42,45,20,2,5,4,8,60,4
64.529974,57,-13,-10,-9,-3,-4,-17,-110,4
64.530004,3,-32,-22,1,0,-1,2,83,4
64.530842,8,-8,8,1,-1,-4,-8,3,4
64.530880,117,-44,-5,-11,-2,-1,-1,74,4
64.552520,21,-5,6,1,2,3,7,4,4
64.552545,-3,-16,-9,-1,-1,1,0,-23,4
64.554685,-67,-56,25,4,-1,3,5,-4,4
64.554689,49,74,9,-9,-10,-12,-12,64,4
64.567463,-55,6,1,3,-3,-2,-2,4,4
64.567488,11,-42,27,15,0,0,-3,-40,4
64.569702,0,15,8,1,-1,1,1,-20,4
64.569708,-27,18,-45,-2,-4,-1,5,-16,4
64.592004,-97,-93,-72,-21,-5,-1,0,-16,4
64.592011,-30,19,15,2,-2,-5,-18,-21,4
64.592013,36,72,-7,4,-1,-1,-3,-33,4
64.592014,-52,-11,0,-9,0,1,3,28,4
64.612744,-78,75,-19,16,3,1,5,72,4
64.612766,-96,-128,-48,-12,-2,-5,-7,-113,4
64.614494,-35,25,-7,-2,-3,0,11,83,4
64.614500,-48,14,1,2,1,0,-14,-70,4
64.627619,23,-81,22,6,4,6,16,73,4
64.627649,24,127,14,-3,-5,-3,-9,-82,4
64.629152,-42,-62,0,0,-1,-6,-16,-20,4
64.629157,65,83,5,1,0,-3,2,21,4
64.650148,33,27,33,3,0,1,6,7,4
64.650167,15,-38,-21,-6,-2,-1,0,27,4
64.652863,4,-5,-6,-7,-7,0,5,-1,4
64.652870,-67,-66,57,17,7,-3,-2,-22,4
64.672666,28,23,-7,-4,3,0,-1,15,4
64.672854,6,16,7,0,-3,-2,2,29,4
64.673388,53,47,-3,2,8,9,9,-18,4
64.673411,-63,-114,-84,-23,-12,-8,-11,45,4
64.687643,82,60,23,5,-1,0,1,-25,4
64.687663,-44,88,38,13,2,-1,-7,-42,4
64.688369,-29,-59,-31,-13,-5,-5,-4,46,4
64.690610,50,21,13,12,2,5,4,-13,4
64.710044,23,-25,-23,-4,-4,-4,-5,9,4
64.710068,-72,-35,13,0,-1,-1,1,-1,4
64.712936,35,2,3,4,0,1,-5,-20,4
64.712950,56,-74,-9,7,1,2,7,-7,4
64.732817,-101,45,-15,-12,-3,-5,-11,-22,4
64.732849,-16,30,-13,-5,-1,-1,3,54,4
64.733318,-34,82,3,-3,-3,-5,-6,-11,4
64.733375,84,72,28,14,8,11,21,30,4
64.747507,5,75,4,-6,-4,-9,-16,-35,4
64.747533,-7,-41,-7,-2,0,1,4,10,4
64.748984,-47,-30,-8,-7,-4,-4,-9,-32,4
64.748992,15,35,1,-6,-3,2,9,3,4
64.770004,12,73,13,16,2,1,-3,-26,4
64.770021,71,-14,-35,-9,-3,-3,7,83,4
64.771479,-42,-108,7,0,0,0,9,-1,4
64.771484,70,85,15,-2,-6,-5,-17,-46,4
64.792375,-89,-38,7,-1,-1,2,7,7,4
64.792409,-81,-45,-8,-5,-2,-1,1,-19,4
64.792989,-21,127,-1,-3,-2,0,2,23,4
64.792995,16,-5,6,16,4,4,7,27,4
64.807924,-25,-119,-17,-10,-5,-5,4,4,4
64.807931,81,33,1,1,2,0,-1,3,4
64.808029,-3,16,-24,-9,-4,-4,-3,-20,4
64.808036,9,69,8,-6,-1,-3,-5,13,4
64.829952,-94,-111,-15,-5,-4,-2,7,34,4
64.829978,72,85,-6,5,2,1,-4,-112,4
64.830645,-39,-121,12,3,1,-1,-1,60,4
64.830669,-48,-111,-26,-11,-3,-4,-9,-33,4
64.852531,44,-6,27,3,0,2,6,6,4
64.852553,-11,31,-27,-15,-9,-4,-12,60,4
64.854971,-27,16,-8,-5,-2,-6,-7,-18,4
64.854979,-23,0,19,3,0,-1,-1,-5,4
64.867535,-18,1,-13,1,3,2,-3,-20,4
64.867560,-76,-15,14,4,4,2,-1,16,4
64.868667,66,36,10,8,3,3,6,12,4
64.868671,-79,15,16,-3,-1,-1,-7,-47,4
64.889893,39,-28,-11,4,3,-1,-4,-10,4
64.889917,-28,17,13,1,1,1,5,-46,4
64.890534,84,60,22,14,-1,1,4,38,4
64.890547,-37,87,-2,-5,-2,-3,6,-17,4
64.912658,-23,-41,0,0,-7,-5,-11,-42,4
64.912681,-23,-27,12,-5,0,3,5,18,4
64.914030,12,-21,5,3,0,-3,-3,45,4
64.914035,-24,19,-3,1,-2,-2,-5,8,4
64.927726,44,43,19,4,-1,1,5,17,4
64.927752,47,-11,-8,-4,-2,-4,-6,0,4
64.930610,54,-1,-5,5,1,3,7,-39,4
64.930617,-11,-32,-20,1,-3,-5,-6,34,4
64.950207,-9,46,7,-6,3,0,-4,2,4
64.950217,-50,-80,8,18,4,1,-3,12,4
64.951064,53,-66,-16,-8,1,0,5,44,4
64.951266,98,68,27,11,3,-3,-15,-99,4
64.972643,19,-102,-22,-10,-7,-7,-10,62,4
64.975679,85,112,-4,-4,-1,0,8,19,4
64.975685,-22,55,4,-4,-3,0,1,-1,4
64.975687,9,3,-9,2,3,2,3,-45,4
64.996501,16,15,-9,-11,-2,0,0,-20,4
64.996510,-33,-72,11,-4,-2,-6,-10,6,4
64.996512,-30,3,-17,-13,-7,-4,1,19,4
64.996514,54,-22,10,-8,2,2,7,79,4
65.011713,-45,-55,-3,2,0,1,-3,-44,4
65.011723,-46,-53,-9,-2,-4,-1,-8,-57,4
65.011725,-22,56,-9,-7,0,-1,-5,-44,4
65.011726,-55,-5,8,-3,2,3,12,14,4
65.032694,72,55,4,5,2,3,15,114,4
65.032724,116,58,-16,-5,-3,-2,1,-27,4
65.034063,-52,20,-16,-4,-6,-3,-8,15,4
65.034068,-22,-76,-13,-11,-6,-3,-8,-18,4
65.047609,62,92,-4,0,5,7,19,11,4
65.047646,54,-68,13,5,-2,-5,-16,-23,4
65.050252,-23,-83,-5,-5,-2,-2,-8,-34,4
65.050259,-53,-84,-14,0,-5,-2,3,29,4
65.070086,21,79,24,9,2,0,-2,-46,4
65.070109,-22,-34,-15,-10,-4,-1,10,29,4
65.072135,98,100,35,2,2,1,-19,-67,4
65.072149,-17,-80,-25,-8,-8,-5,4,83,4
65.092713,71,46,5,2,5,3,-10,46,4
65.092743,14,117,2,-9,-7,-8,-6,-28,4
65.094891,64,39,43,13,4,1,10,45,4
65.094899,-1,106,-3,1,0,1,2,4,4
65.106722,37,-80,6,3,-3,-1,2,-75,4
65.106745,-82,52,-31,-4,0,0,-9,43,4
65.115270,28,-120,-26,-15,-12,-9,-1,27,4
65.115306,-9,87,10,7,2,3,-5,-66,4
65.130014,7,4,-4,-8,1,-1,2,9,4
65.130032,-74,21,8,0,3,3,2,-29,4
65.131351,-1,-84,1,12,4,2,4,37,4
65.131364,92,43,20,16,7,8,15,-58,4
65.152513,-49,-81,-27,-24,-11,-14,-44,-85,4
65.152527,94,78,28,10,3,4,12,24,4
65.153128,-16,-74,-35,-12,-4,-3,1,21,4
65.153142,19,-2,-9,-4,1,1,4,38,4
67.178341,-2,-6,-10,-7,2,1,3,3,0
67.179020,-5,13,1,-2,-2,-2,-2,-2,0
67.179037,1,-13,-5,-2,1,0,-2,-2,0
67.179043,-2,5,-9,-1,-3,-1,0,-1,0
67.191888,2,4,10,1,-3,-2,-2,-2,0
67.191910,-2,0,0,-2,-1,-1,0,0,0
67.199967,0,2,-11,-4,0,0,0,0,0
67.199984,2,-3,4,0,-1,-4,-1,0,0
67.215811,-2,-1,-6,1,-4,-1,-3,-3,0
67.215829,-4,-3,2,-5,0,-2,-1,-3,0
67.217750,-2,5,-3,3,-1,1,-3,-1,0
67.217759,-1,4,-4,-1,0,-2,-1,-2,0
67.238320,0,-7,3,-1,-2,-3,0,0,0
67.240530,-1,-2,-3,-1,1,0,0,0,0
67.240535,-1,4,7,-5,-1,0,-1,0,0
67.240537,0,-1,-6,3,3,0,1,0,0
67.251689,-1,3,5,8,0,0,-1,0,0
67.251708,0,0,-6,-6,1,0,-1,0,0
67.260497,1,0,1,-2,-2,-1,0,0,0
67.260538,4,-8,-3,-6,1,0,0,-1,0
67.275359,-10,-6,-4,-3,-2,1,0,-3,0
67.275384,1,6,3,0,-3,-1,-1,0,0
67.276380,-3,-4,-3,1,-1,-1,0,-1,0
67.276384,-1,0,-3,-6,-2,-1,-2,-1,0
67.298236,5,5,-4,1,1,-1,0,2,0
67.298242,-1,-1,-2,2,0,-2,-2,-2,0
67.298646,-5,-9,1,0,0,0,-1,-1,0
67.298653,1,0,-7,-2,-2,-2,-2,0,0
67.312090,0,0,10,-3,1,0,-1,0,0
67.312124,-3,-10,-4,2,0,0,1,-1,0
67.320084,2,1,-7,-4,-1,-3,-2,-3,0
67.320110,-3,-6,3,-1,-1,0,0,-1,0
67.335657,0,5,-4,5,-1,0,-2,-2,0
67.335680,2,-1,-4,-1,-1,-2,-2,-1,0
67.337320,-1,1,3,2,1,-3,-1,-1,0
67.337325,-4,-10,-1,-4,-1,0,-2,0,0
67.360318,2,14,-3,-3,-2,-3,-2,0,0
67.360324,1,-2,7,-3,0,1,1,0,0
67.360326,-2,-6,-2,2,-1,0,1,2,0
67.360328,-4,1,-3,-1,-2,-2,-3,-2,0
67.380957,-2,-7,-5,-3,-1,-2,1,0,0
67.380994,-3,-2,-3,0,-3,-1,-3,-4,0
67.383053,2,9,1,-6,-2,-1,-1,0,0
67.383059,0,-5,2,2,2,-2,0,0,0
67.395998,-1,-7,-3,-1,-2,-1,-1,-2,0
67.396029,1,11,12,3,-1,-1,-1,0,0
67.397363,1,-4,-3,-1,0,1,1,0,0
67.397368,-3,-2,-3,-2,-3,1,0,-2,0
67.418245,-1,-1,-9,-6,-3,-2,-2,-2,0
67.418270,1,-8,-10,-3,-2,-1,-1,0,0
67.419848,-2,5,-4,0,-1,-1,-1,-1,0
67.419852,-1,0,13,1,0,-1,-1,-2,0
67.440732,0,-17,-2,5,2,1,0,-2,0
67.440751,-2,15,-4,1,0,1,0,-1,0
67.442102,-2,2,0,-2,0,-3,-3,-1,0
67.442133,-1,-1,-9,-3,-1,-3,-1,-1,0
67.454326,0,-2,3,-3,0,-1,-1,1,0
67.454335,1,-5,-1,0,-2,-1,1,-1,0
67.464308,1,-2,2,2,-1,2,-1,-1,0
67.464314,-1,2,-3,-1,-3,-2,-1,0,0
67.478804,-1,-3,-4,-1,3,-1,-1,0,0
67.478853,0,-2,5,0,0,-1,0,0,0
67.480639,0,4,0,-2,-2,0,0,-1,0
67.480644,-1,-6,-2,2,-1,1,-1,-1,0
67.500587,-1,4,-1,-4,-2,-1,0,-2,0
67.500594,-2,-2,-7,-2,0,-2,-1,0,0
67.502068,1,-6,5,0,0,-2,-2,0,0
67.502084,0,-2,-4,0,-1,1,0,2,0
67.516492,2,9,2,0,-1,-2,-1,-1,0
67.516501,-3,-20,-6,-2,-1,-2,-1,-1,0
67.525305,-1,2,3,-7,-3,-2,-2,0,0
67.525311,0,3,-7,7,0,-2,-2,0,0
67.538404,-2,2,9,4,3,1,-1,0,0
67.538434,0,-1,6,1,-1,0,-1,0,0
67.540553,-1,-1,1,0,1,0,0,-3,0
67.540559,5,-1,-4,-3,-3,-2,-1,0,0
67.563492,-4,1,-4,-5,-4,-3,-1,-1,0
67.563499,-2,1,-1,0,1,-1,-1,0,0
67.563502,-2,-4,-1,2,0,-1,-1,-5,0
67.563503,0,5,-1,-7,-1,0,-1,0,0
67.574750,1,-6,-1,-3,0,0,-2,-1,0
67.574780,-1,-1,-2,0,-1,-1,-1,0,0
67.583295,-1,3,0,-2,-1,-1,0,-1,0
67.583321,0,-1,3,-2,0,1,0,0,0
67.598464,-3,-1,-3,0,-3,-1,-2,-2,0
67.598496,-2,2,-4,-7,-1,0,0,0,0
67.599652,-3,-3,3,4,1,-1,1,-1,0
67.599665,6,-19,-8,1,-1,-2,-1,0,0
67.620925,-3,12,2,-4,1,1,-2,-3,0
67.620956,1,9,-6,-2,-1,0,-1,1,0
67.622969,-3,-4,6,-1,-1,-3,-1,-1,0
67.622976,-4,0,2,-2,1,-1,-1,-1,0
67.635004,-1,-8,-8,-1,-3,-2,0,-1,0
67.635027,3,2,2,-4,0,-3,-2,-2,0
67.641695,2,-1,-1,0,0,2,-1,0,0
67.641710,2,1,-3,-2,-1,-3,-1,-2,0
67.658215,-4,1,-3,-1,-2,-2,-2,-1,0
67.658228,-6,2,-3,-2,-3,-1,-2,-1,0
67.659523,-2,-8,-12,-2,-3,-1,-1,-3,0
67.659545,-2,8,4,-2,-1,0,-1,-1,0
67.680898,3,0,7,1,1,0,1,-1,0
67.681140,1,-1,-2,4,-3,0,0,1,0
67.683662,-3,1,-1,-4,0,0,-2,0,0
67.683666,-2,-1,-2,2,-1,0,1,1,0
67.695216,0,-3,-3,1,1,-1,-3,-1,0
67.695236,2,3,-2,-1,0,0,-1,1,0
67.701913,1,4,7,0,0,-2,-2,-3,0
67.701933,-6,-7,-2,-1,-1,0,0,-3,0
67.719684,1,12,1,2,1,-1,-2,-1,0
67.719691,2,-2,-2,1,-1,-1,0,-1,0
67.719693,1,-30,-9,0,-1,0,-2,1,0
67.719695,-4,16,5,-2,-2,-2,-2,-2,0
67.741077,-2,-8,0,-1,-3,-1,-2,0,0
67.741099,0,-1,-3,-2,0,-2,-3,-1,0
67.743702,-1,4,-4,-3,-3,-1,0,0,0
67.743707,-5,-9,0,-2,1,-2,-1,-2,0
67.755159,-4,-7,-1,0,0,-1,3,-3,0
67.755178,-2,0,-1,-3,-1,0,-1,-2,0
67.762005,1,3,0,4,0,-1,0,-1,0
67.762028,0,-2,-3,0,-2,0,-3,0,0
67.778345,5,-1,-7,-7,-3,-1,0,1,0
67.778369,-2,-7,1,-1,-1,-2,0,-2,0
67.780102,-6,6,-3,0,2,-3,0,-1,0
67.780107,-2,-1,3,2,0,-1,1,-2,0
67.800642,0,-3,-1,-2,-1,-1,0,-2,0
67.800665,0,-5,-2,-2,-1,0,-1,-1,0
67.802076,2,8,2,-2,-3,-3,-2,-3,0
67.802100,0,6,-5,1,0,0,0,1,0
67.814366,-1,-20,-4,1,-4,-1,-1,-2,0
67.814413,-3,-6,-1,0,-2,-1,-1,-2,0
67.824945,0,11,9,-1,0,1,-1,1,0
67.824950,0,-1,-3,0,0,-1,0,1,0
67.838430,1,7,9,3,0,0,-1,-1,0
67.838462,0,-5,-7,-2,-1,-1,1,-2,0
67.840914,2,9,-1,-1,-2,0,0,1,0
67.840919,-3,-12,-1,-3,1,0,-1,-3,0
67.860549,-3,-4,-7,-8,-1,-3,-2,-1,0
67.860565,-3,0,5,2,-2,-1,-1,-1,0
67.862327,2,-17,-8,-7,0,-1,-1,1,0
67.862345,3,28,13,4,1,1,0,1,0
67.875988,-2,4,-1,0,-1,-2,-2,-2,0
67.875994,-1,4,1,0,-1,-1,-2,-1,0
67.884524,-1,-4,-9,-4,-6,-2,-1,-2,0
67.884529,-3,-15,-3,-2,0,-1,-1,0,0
67.898481,-2,-2,4,2,0,-2,-1,-1,0
67.898519,-1,-3,-2,0,-2,-2,0,0,0
67.900356,-1,-2,-2,-1,0,-1,1,-2,0
67.900363,-1,-7,-9,-5,-1,-1,-2,-2,0
67.922311,-3,2,9,0,-1,1,1,1,0
67.922316,0,-6,-5,1,1,0,-1,0,0
67.922318,-2,1,7,2,0,0,-1,-3,0
67.922320,1,7,-4,-2,-4,-4,-1,-2,0
67.934547,2,16,-2,-3,1,0,-2,1,0
67.934576,1,-6,1,-6,-1,-1,0,1,0
67.945528,-3,1,-7,1,1,0,0,0,0
67.945536,1,-4,2,-2,-2,-1,-3,-3,0
67.958081,-3,-1,-1,0,1,-1,0,-1,0
67.958104,5,-1,-2,0,-1,0,-1,0,0
67.959534,-13,-2,-6,-2,0,-1,0,-2,0
67.959547,0,-2,3,-1,-2,-2,-1,-2,0
67.980646,-2,-7,-8,-4,-1,0,-1,-2,0
67.980669,1,7,-1,-3,1,-1,-1,-1,0
67.982522,3,3,2,1,-1,-2,-3,1,0
67.982528,0,-7,0,2,0,1,1,1,0
67.994624,-4,-10,-6,-2,-4,-3,-2,-2,0
67.994660,-3,0,-4,-3,-2,-2,0,-2,0
68.004987,2,16,11,-1,1,0,0,-1,0
68.004993,-2,9,0,0,-1,0,0,-1,0
68.018089,3,-9,1,0,0,-2,-1,1,0
68.018112,-3,-6,-1,-1,1,0,-1,-1,0
68.019688,1,-8,-8,1,-3,-2,-2,-2,0
68.019769,-2,4,1,-3,-4,-2,-2,0,0
68.040744,0,-5,-8,-4,-2,0,0,1,0
68.040856,-4,1,1,1,-3,-1,-1,-3,0
68.042989,2,-3,-1,-1,-1,0,0,0,0
68.042994,0,-14,-6,0,0,0,0,0,0
68.054452,2,13,4,-1,0,2,0,-2,0
68.054482,-3,-2,1,3,0,-1,-2,1,0
68.063899,6,15,3,0,-1,-2,-1,-1,0
68.063904,-1,-10,-1,-2,1,-1,1,-1,0
68.078148,-6,-3,-2,3,0,-2,0,-2,0
68.078193,0,0,0,1,1,0,-2,-2,0
68.079670,-2,-8,-6,-7,-1,-1,-1,0,0
68.079692,2,3,0,4,-1,-1,-2,-2,0
68.100681,1,3,0,-8,0,0,-1,0,0
68.102790,0,5,-1,3,-1,1,-2,-2,0
68.102800,-2,-8,1,-1,1,-1,-2,-2,0
68.102804,-4,-5,0,0,0,0,-1,1,0
68.114943,-2,-2,-7,-1,0,-1,-1,-1,0
68.114985,-2,-2,-4,-7,-3,-3,0,-1,0
68.124874,-1,0,1,2,1,1,-1,0,0
68.124882,0,-10,-4,5,0,-2,-2,-1,0
68.140825,-1,6,2,0,-1,1,-2,-4,0
68.140831,0,-5,-1,1,-2,1,0,0,0
68.140833,0,-6,-4,-1,-2,-3,-1,-1,0
68.140835,4,6,-4,-5,-3,-2,-1,-1,0
68.160853,-11,-7,2,3,1,-2,0,0,0
68.163449,-1,5,2,-2,0,-1,-1,-5,0
68.163455,-6,-6,-4,-1,-2,0,-1,-3,0
68.163457,-2,-4,-5,-6,0,1,-1,-2,0
68.174311,4,1,2,0,-3,-4,-1,0,0
68.174457,-1,-2,-3,-1,-3,-1,-1,0,0
68.184868,0,0,3,0,-1,-1,0,-1,0
68.184875,-1,0,4,2,0,0,-1,0,0
68.198555,-1,-2,-3,-2,-1,-1,-1,-1,0
68.198581,0,-2,-1,-1,-1,-1,-1,1,0
68.200396,0,0,-2,-1,-3,-2,1,-1,0
68.200412,-2,-3,-1,-1,0,-1,-2,-1,0
68.220962,1,0,-4,1,-2,-1,-1,0,0
68.220995,-1,1,3,-3,0,-2,-2,1,0
68.222418,0,3,4,2,-2,0,0,0,0
68.222435,-4,-4,-4,-3,1,0,-1,-2,0
68.234183,1,-16,-5,-2,-4,-1,-1,0,0
68.234212,-1,9,0,3,0,-1,-1,-1,0
68.244607,0,0,0,-2,-1,-1,-2,-1,0
68.244616,-3,0,1,0,-3,-1,0,0,0
68.258070,1,-1,0,-1,0,0,-2,0,0
68.258086,0,-5,-4,-4,-2,-2,0,-1,0
68.259746,-4,-6,-7,-4,2,0,-1,-3,0
68.259828,0,6,11,2,-1,-2,-1,-2,0
68.281367,-1,2,1,-1,0,-1,-1,-2,0
68.281376,-2,-1,1,3,-1,-1,0,-1,0
68.282454,-3,-2,-1,2,-1,-2,-2,-1,0
68.282482,-2,2,-4,-5,-3,-2,-1,1,0
68.303284,5,-1,-5,-2,-1,1,0,-1,0
68.303306,-5,-8,3,1,0,-2,-1,1,0
68.305777,3,12,5,-2,-2,0,0,-1,0
68.305783,-7,1,-1,-4,-2,-2,-2,-2,0
68.317461,-2,-6,-7,-4,0,1,0,-2,0
68.317481,1,-4,-2,2,-1,0,-1,-2,0
68.324201,12,-3,-1,0,-2,-2,-2,0,0
68.324224,32,1,-4,3,0,1,-1,2,0
68.341978,-24,0,5,-2,-1,-3,-1,-1,0
68.341985,-21,-2,-6,-3,-4,-2,-3,-2,0
68.342028,-7,-8,-3,-1,1,-1,-1,-2,0
68.342048,15,5,1,0,-1,-2,-1,0,0
68.363147,23,24,-2,0,-2,-2,-3,-1,0
68.363168,-8,-11,8,1,0,-1,-1,-2,0
68.365266,0,-10,-5,-2,-1,0,0,1,0
68.365377,-29,-14,-13,-5,-2,-2,0,-5,0
68.378530,-1,5,5,1,0,-1,0,-1,0
68.378568,2,12,4,-2,0,-1,0,1,0
68.380394,-1,2,1,1,-1,-1,-1,0,0
68.380399,-3,-1,-1,-2,-2,0,-2,-1,0
68.400695,-5,-8,-5,-1,0,-1,0,-2,0
68.400721,12,1,-2,-6,-1,-2,-2,-1,0
68.403103,-3,-5,-2,1,-1,-1,-1,-1,0
68.403109,-6,-1,-3,-1,-1,-2,-1,-2,0
68.424030,-1,3,5,-1,-2,-3,-1,0,0
68.424048,1,-10,-6,-4,1,-1,0,-2,0
68.426069,-1,-2,-8,-5,0,-1,0,-1,0
68.426073,-4,3,6,4,1,-3,-3,-3,0
68.437709,1,5,2,1,-3,-1,0,-1,0
68.437730,2,-5,-5,-3,-1,-1,0,-1,0
68.445096,-6,3,12,4,1,1,-2,-1,0
68.445126,4,-2,0,-4,-1,0,0,-1,0
68.460980,14,-5,-2,-4,-2,0,-1,0,0
68.461008,0,-3,-11,-3,-2,-1,-1,0,0
68.463101,-16,5,4,-2,-2,0,-3,-3,0
68.463110,6,-1,6,2,1,-1,1,3,0
68.483504,1,-2,1,0,1,0,-2,-2,0
68.483539,21,5,-4,-3,-3,-2,-2,0,0
68.484689,-8,-2,-8,-5,-2,-3,-1,2,0
68.484704,-10,-11,-5,1,0,-1,-2,-7,0
68.497550,10,-5,-7,-6,-2,-1,1,1,0
68.497622,-4,2,3,3,0,0,-1,-1,0
68.504509,2,-2,-1,-1,-2,0,-1,-3,0
68.504538,-2,8,-2,-7,-3,1,-1,1,0
68.520838,-8,3,1,4,1,-1,-2,-1,0
68.523403,-2,-8,-5,-1,0,1,0,0,0
68.523410,-1,-2,0,0,2,-2,-2,-1,0
68.523412,1,3,-3,-3,-2,-3,-2,-1,0
68.544677,0,-2,5,2,-2,-2,-1,0,0
68.544698,-17,7,4,1,0,-1,0,-3,0
68.544800,5,0,-2,-3,-5,0,-1,0,0
68.544841,-2,-3,-11,0,0,-1,-1,0,0
68.559806,-7,0,7,1,0,-2,-1,0,0
68.559812,5,-17,0,-3,-2,-3,-3,0,0
68.564462,-12,14,-1,-8,1,-1,0,-2,0
68.564495,5,-8,-1,-2,-2,0,0,1,0
68.580870,-7,1,-6,1,0,-2,-1,-2,0
68.582949,2,6,2,-3,-1,0,-1,-1,0
68.582958,2,-6,0,2,-2,-1,-2,-2,0
68.582960,-5,8,-3,-4,-2,-2,0,1,0
68.606016,-1,-15,-4,-3,-1,-1,-2,-2,0
68.606023,-2,6,6,3,1,-2,-2,-2,0
68.606025,1,-19,-5,-3,-2,0,-1,-2,0
68.606027,-3,1,6,3,2,0,-1,-1,0
68.617526,-3,-6,1,1,-2,0,-1,-1,0
68.617554,-3,5,-7,-2,0,-2,-1,0,0
68.624851,3,6,5,0,-2,-1,-1,1,0
68.624880,-1,-8,-5,2,0,-1,-1,-1,0
68.640541,-1,-1,-7,-3,-2,-2,0,-1,0
68.640565,1,2,3,0,-1,-1,-3,0,0
68.642046,-4,3,-4,-1,0,0,0,-2,0
68.642991,-3,-1,2,1,0,-1,-1,-1,0
68.662304,-7,6,0,-3,0,-2,0,-3,0
68.662325,7,-7,-6,-1,-1,-1,-1,0,0
68.672342,20,-3,-3,0,0,-2,0,-1,0
68.672349,-29,-4,-1,-6,-3,-1,0,-3,0
68.677823,14,-2,-2,-1,0,1,-1,3,0
68.677888,12,9,6,1,-1,0,0,0,0
68.684278,-25,-8,-3,-3,2,-1,0,-1,0
68.684296,8,1,0,0,-1,0,0,1,0
68.700675,-10,-8,-3,-5,-1,-1,-1,-2,0
68.700698,8,14,-7,0,-1,-2,-1,-2,0
68.702094,9,-28,7,0,-1,-1,-2,-1,0
68.702107,-4,30,7,-2,-2,-2,-2,-2,0
68.723279,-17,1,4,2,0,-2,0,0,0
68.723307,-7,-1,-1,-4,-2,-1,0,-2,0
68.724652,0,-2,-9,-1,-1,-1,-2,-3,0
68.724658,4,-12,1,0,1,-1,0,0,0
68.737780,10,2,-9,-2,-1,-1,-2,-2,0
68.737803,-12,-12,-4,-4,0,0,0,-2,0
68.744726,-5,9,-2,3,0,0,-1,-1,0
68.744763,9,0,0,-5,-2,-2,-1,-1,0
68.760636,-7,2,-2,-1,-2,0,-1,-2,0
68.760738,-2,-4,-1,1,-2,-1,-1,1,0
68.762275,2,-1,-4,2,0,-1,-1,-1,0
68.762291,3,-2,0,1,0,-2,-1,0,0
68.783163,-4,1,3,1,1,-2,0,-1,0
68.783186,-7,3,-2,0,-1,0,-2,0,0
68.784711,0,-3,1,0,-2,0,0,-1,0
68.784720,0,-2,-4,0,-1,-1,-1,-1,0
68.797056,-4,-4,-2,-3,-2,0,-3,-3,0
68.797089,-1,-10,-2,2,0,0,-1,-1,0
68.806947,0,11,3,0,1,-1,0,2,0
68.806954,-3,-16,-12,-1,-2,0,0,-1,0
68.820756,8,0,-2,-6,-1,-1,1,0,0
68.820786,-12,0,3,1,0,-1,-1,0,0
68.822934,-2,6,3,1,0,0,0,0,0
68.822940,-3,1,2,-5,-1,-1,-4,-3,0
68.843490,3,-2,-3,1,-1,-1,-4,-1,0
68.843512,4,-21,-4,-3,-1,-2,-1,-3,0
68.844855,-3,18,-2,-2,-1,-2,-1,-3,0
68.844875,2,0,0,0,0,0,-1,1,0
68.856770,-1,14,4,0,-1,-1,2,1,0
68.856795,-5,-5,2,-3,-1,-1,-1,-2,0
68.867055,0,-1,5,0,-3,-3,-2,-1,0
68.867060,1,-4,-2,-1,0,-2,0,0,0
68.880684,-4,-3,-2,0,-1,0,-1,-1,0
68.880722,-3,5,-1,-1,-1,-1,-1,0,0
68.882451,0,-14,-10,-5,-2,-1,0,0,0
68.882458,6,14,9,2,-1,0,0,1,0
68.903154,-13,-7,-3,0,0,0,0,-2,0
68.903164,0,4,-1,-2,1,-1,0,-1,0
68.904603,-3,-2,-3,0,-1,-1,-1,-1,0
68.904617,1,-12,3,-3,0,-2,-1,0,0
68.917197,3,11,1,1,-1,-1,-1,0,0
68.917203,-2,2,3,4,-3,-1,-1,-1,0
68.928316,0,2,-1,-2,-2,-1,-2,0,0
68.928331,-1,-8,-11,-7,-3,-2,-3,0,0
68.940791,1,-8,6,3,2,0,1,-2,0
68.940817,-2,8,0,2,-1,0,-3,-1,0
68.943757,1,-4,-5,-3,-1,1,0,1,0
68.943766,-3,-14,-2,3,0,0,1,0,0
68.964195,0,8,0,-3,-3,-1,-2,0,0
68.964206,0,9,1,-2,-1,0,0,-1,0
68.965091,5,-2,-4,-2,-3,-1,-2,-1,0
68.965565,-8,1,2,0,1,1,-1,-1,0
68.976839,-3,-8,-7,-2,-2,-4,-1,1,0
68.976862,-1,-4,8,4,3,0,-1,-1,0
68.986128,0,6,-4,-5,-1,-1,-1,-1,0
68.986133,1,1,-1,-2,-1,-1,-1,-2,0
69.000679,2,-6,-3,-4,-2,0,-1,0,0
69.000703,-1,5,-2,-6,-1,-3,-1,0,0
69.002207,-2,-19,-20,-1,-2,0,-1,0,0
69.002228,0,11,25,9,2,0,1,-1,0
69.023154,2,0,2,-1,0,0,-1,0,0
69.023177,1,-2,-1,-1,-3,-1,0,1,0
69.024880,-2,-2,-6,-3,2,-1,1,0,0
69.024904,-2,4,-5,-5,-2,-2,-2,-1,0
69.036870,-2,-7,-3,0,-1,0,-1,0,0
69.038050,-1,-1,-2,-4,-1,0,-1,0,0
69.053493,-1,2,6,2,-1,-1,-2,-1,0
69.053500,-4,2,-8,-3,-1,-2,-2,-1,0
69.060705,-1,-1,0,-1,1,-3,-1,-2,0
69.062586,-1,-2,-6,-2,-1,-1,-2,0,0
69.062597,-1,2,10,4,1,-2,-1,0,0
69.062601,0,-2,-3,-4,-1,-1,-1,0,0
69.083681,-2,-1,-8,-6,-3,1,-2,-3,0
69.083725,-1,-8,0,4,-1,-2,-1,-2,0
69.085034,-2,3,8,2,0,0,0,-1,0
69.085045,1,3,-5,-2,-2,0,0,-1,0
69.096932,-1,-4,2,3,0,-1,-1,-2,0
69.096977,0,-5,-7,-5,0,-1,0,-2,0
69.105910,-3,8,9,-2,-2,-1,0,-2,0
69.105915,1,5,-4,6,-1,1,-2,0,0
69.120708,-3,-6,3,-2,-2,0,-2,-2,0
69.120825,0,10,-5,-2,0,-2,-1,0,0
69.121976,-3,-13,0,0,0,-1,-1,-1,0
69.122009,-1,-7,-3,0,-1,0,0,-1,0
69.143249,0,0,-1,-3,0,2,-1,0,0
69.145687,-3,1,1,0,-2,-2,-2,-3,0
69.145693,-1,1,-2,-1,-1,-1,-2,-2,0
69.145695,0,-6,-9,-6,-4,-2,-1,-3,0
69.156825,-3,14,9,4,1,-1,0,-3,0
69.158814,7,-1,0,-6,-4,-1,-2,0,0
69.167420,-10,-3,-7,-2,-4,-1,-2,-2,0
69.167428,-4,-2,4,1,-1,-1,-1,-1,0
69.180792,-2,0,1,-2,-1,0,-2,-1,0
69.180924,-1,-5,-3,-5,0,-1,1,-2,0
69.183383,5,9,4,-2,-1,-3,-1,1,0
69.183397,2,-9,-7,-2,-1,-1,1,1,0
69.203266,1,-4,-5,-1,0,-2,0,0,0
69.203342,-1,0,2,-1,1,1,-1,0,0
69.204734,2,-1,0,-1,-2,0,-1,0,0
69.204753,-1,15,2,-1,0,-2,-3,-2,0
69.225702,0,-13,1,0,-2,-1,-1,-1,0
69.225726,-3,-3,-3,2,0,-1,-3,0,0
69.228496,-3,-1,1,-2,-1,0,-2,-2,0
69.228511,-1,-8,-5,-6,-1,-1,0,-1,0
69.240619,-2,25,0,-2,-2,-1,-1,-1,0
69.240642,-4,-20,3,1,-1,1,1,1,0
69.242013,2,9,-1,-2,0,-2,-1,-1,0
69.242026,-2,0,-2,2,-1,-1,-1,-1,0
69.263205,0,-12,-14,-6,0,-2,-3,2,0
69.263231,-5,7,2,-1,0,-1,-1,-3,0
69.265090,0,-5,-2,-2,0,0,-1,0,0
69.265123,1,-3,-2,-2,-1,0,-1,1,0
69.285656,0,-3,-2,-3,-1,-2,1,0,0
69.287763,-1,-1,-2,1,-2,-2,0,1,0
69.287780,-1,-4,-1,3,-2,-3,-1,-1,0
69.287783,-1,-3,-1,1,1,0,0,-3,0
69.300619,6,7,7,-2,-2,0,-1,0,0
69.300641,-12,-2,-1,1,-2,0,-3,-1,0
69.302257,2,-4,-9,-2,1,0,-1,-1,0
69.302264,-2,-5,-1,-2,-1,-1,-2,-2,0
69.325315,-1,-9,-3,0,1,-2,0,0,0
69.325321,3,2,-3,-1,-1,-2,-1,0,0
69.325323,-3,1,4,-1,-1,-1,0,0,0
69.325325,0,3,0,1,-1,-2,0,0,0
69.345845,0,2,-4,-2,-1,0,-2,-1,0
69.345873,-2,-7,-5,-2,0,-1,-2,-2,0
69.347557,-2,-9,1,2,0,-2,-1,-2,0
69.347563,-2,-11,-1,-3,-2,-3,-1,0,0
69.360865,-3,16,1,-2,-3,-3,-1,-3,0
69.361029,11,0,0,2,2,0,0,0,0
69.363773,-12,0,-4,0,-1,0,-2,-2,0
69.363782,-5,-6,4,-6,0,0,-2,-3,0
69.383286,-5,-8,-7,0,-2,-1,-2,-1,0
69.383305,1,7,1,-2,-2,0,0,0,0
69.384845,6,-2,0,-3,2,-1,0,-1,0
69.384851,-1,10,2,4,-1,0,0,-1,0
69.406041,-2,-12,-3,1,-2,-1,0,0,0
69.406055,3,2,0,-4,-2,-1,-2,-1,0
69.407083,0,2,-8,2,1,-1,-2,0,0
69.407097,-2,-5,7,-2,-4,-2,0,-1,0
69.420335,1,-2,1,3,1,0,-1,-1,0
69.420341,-3,-7,-7,0,0,-1,0,-1,0
69.426713,2,3,7,-1,-2,-1,-1,0,0
69.426727,1,2,-2,0,-1,-1,-1,-1,0
69.443532,0,-5,-2,-5,-1,0,-1,-2,0
69.443560,-3,5,-3,-2,-2,-3,0,-1,0
69.446007,-4,-4,-1,-2,-1,-1,0,-2,0
69.446012,1,3,0,-2,0,0,0,0,0
69.467494,-2,0,3,0,-1,-2,-3,0,0
69.467500,-2,2,-4,-4,0,0,-1,-1,0
69.467502,3,-5,-2,4,0,1,1,3,0
69.467504,-2,7,-4,0,0,-2,-3,-5,0
69.480142,-5,-8,-5,1,-2,-1,0,-1,0
69.480158,-6,-2,1,-4,-2,-1,-2,-1,0
69.486854,1,-2,-2,-3,-3,-1,-1,-3,0
69.486879,-3,1,-6,-4,-1,0,-1,1,0
69.503291,0,-11,3,-1,-1,-3,0,-1,0
69.503315,-2,-7,-2,0,-1,-2,-1,0,0
69.505999,0,0,-2,-6,-2,-1,-1,1,0
69.506007,1,-1,-2,2,1,-1,-2,-2,0
69.525706,-2,3,-1,-2,-2,-2,-2,-2,0
69.525730,-1,3,4,3,-2,0,-1,0,0
69.527710,-2,-1,1,-2,-3,0,-1,-1,0
69.527720,-1,0,1,-1,-1,0,-1,-1,0
69.540034,-1,0,-3,0,-1,0,-1,-1,0
69.540057,0,-3,-3,-1,-1,-1,0,-1,0
69.546877,-2,0,-1,0,-2,-2,-2,-3,0
69.546907,-1,2,-1,0,-3,-2,-1,0,0
69.563293,-1,-3,-2,-1,-1,-1,-2,0,0
69.563300,1,2,1,3,1,-1,-1,-2,0
69.564807,-1,1,-1,-4,1,-3,-2,1,0
69.564836,0,-3,2,0,1,0,-2,0,0
69.585698,-1,-2,-4,-4,-3,-1,-1,0,0
69.585714,-1,-1,-1,-1,-3,-2,-1,-1,0
69.588252,0,1,-5,-4,-5,-2,-2,-1,0
69.588257,0,-2,3,0,0,-1,1,0,0
69.600076,0,-4,-6,1,1,-1,-1,-1,0
69.600096,1,10,8,2,1,1,0,0,0
69.606818,-5,-3,-2,1,0,-2,0,-3,0
69.606842,0,-3,-5,-3,-3,-2,-2,-1,0
69.624654,-1,1,0,-4,-2,1,0,-1,0
69.624663,0,-2,5,2,-1,0,-1,0,0
69.624665,-2,-3,0,1,-1,-1,-1,-1,0
69.624667,-1,-8,-3,-3,-2,-2,0,-1,0
69.645793,0,-1,-3,-1,1,-1,0,0,0
69.645813,-2,0,-3,-5,-3,-2,-2,-2,0
69.647187,1,4,-3,0,-1,1,-2,-1,0
69.647222,-4,-21,-1,6,3,0,-1,-1,0
69.660420,1,7,5,-1,-1,1,-2,0,0
69.660444,-3,-1,-3,-1,-1,0,-3,-3,0
69.666798,-1,-3,-3,-4,-1,-1,-1,0,0
69.666823,-2,8,-3,-5,-4,-2,-1,0,0
69.686031,-1,-1,3,0,-1,-1,-2,-3,0
69.686119,-3,-6,1,0,0,0,-1,0,0
69.686122,2,0,-4,1,0,-3,-2,0,0
69.686124,-1,0,-4,-2,-2,1,0,-1,0
69.705847,-3,-3,5,2,-2,-1,-1,-1,0
69.705869,-1,3,-5,-5,-2,-3,0,-1,0
69.707736,-4,1,5,-3,-2,-1,-1,-2,0
69.707744,0,2,-2,-1,0,-1,-1,0,0
69.719283,-1,-11,-9,-3,-2,-2,-1,-1,0
69.719299,1,12,-4,-2,-2,-1,0,0,0
69.731257,-1,-1,0,0,1,0,1,0,0
69.731270,0,16,4,5,1,0,0,-1,0
69.743148,-8,-12,6,-1,-2,-2,0,-3,0
69.743171,-2,-8,1,-2,0,0,-2,-1,0
69.745173,0,-3,-4,-1,-1,-1,-1,1,0
69.745189,1,3,-3,-2,-4,-2,-1,0,0
69.765937,0,1,-8,-4,0,0,1,0,0
69.766041,-3,-12,0,-1,-3,-2,-2,-2,0
69.767231,4,9,7,5,0,1,0,0,0
69.767250,0,-1,1,0,3,0,0,1,0
69.779813,-6,-4,2,3,1,-1,-1,1,0
69.779831,-2,-4,-8,-2,-1,-2,-2,0,0
69.789753,-2,-12,-3,-2,-2,-2,-2,-3,0
69.789759,5,1,-1,-3,-2,-3,-1,0,0
69.803303,2,5,0,-2,-1,-1,-1,-1,0
69.803327,6,1,-1,1,0,0,0,0,0
69.805121,-1,0,-3,-5,-1,0,-2,-2,0
69.805125,-11,3,3,-1,-1,-1,-1,-3,0
69.825766,0,4,-2,0,1,-1,-2,0,0
69.825779,-3,-3,3,0,0,-1,-1,-2,0
69.827199,2,4,-1,-3,-2,-1,1,0,0
69.827212,0,4,-2,-1,-2,0,-1,-1,0
69.840040,-3,-7,1,2,-1,-1,-2,-3,0
69.840050,0,-1,0,-2,0,0,1,1,0
69.850133,-6,-33,-4,0,-1,-2,-1,-2,0
69.850139,4,35,5,-1,1,-2,-2,-1,0
69.863125,17,7,0,-2,-2,-1,-1,0,0
69.863143,-21,1,-2,2,-1,-1,-1,1,0
69.865058,-4,-1,-2,-1,1,-1,-1,-3,0
69.865069,-3,-14,-4,-4,-2,-3,0,-2,0
69.885602,2,7,11,6,1,-1,1,0,0
69.885616,5,-9,-10,0,-2,-1,-1,0,0
69.887041,-4,4,-2,-4,-1,0,-1,-1,0
69.887057,-1,-11,-3,-1,-1,1,-2,-1,0
69.901183,1,6,1,-1,-2,-2,0,0,0
69.901190,2,-4,-1,-1,0,-2,-2,-3,0
69.909208,-4,6,-1,-3,0,-2,-1,-1,0
69.909213,3,-10,-14,-6,-2,-1,-1,-1,0
69.923736,-7,2,12,3,1,0,0,1,0
69.923755,-1,6,8,1,-2,0,-1,-3,0
69.925244,3,1,-5,2,1,0,0,0,0
69.925248,-2,-5,1,-1,-1,-1,-1,-2,0
69.948113,7,-4,-11,-4,0,-1,-2,-1,0
69.948122,1,-3,-3,-2,-1,-2,-1,-3,0
69.948124,-9,2,4,1,0,-2,1,0,0
69.948126,1,-7,0,2,0,1,-1,-2,0
69.959692,-3,2,-2,2,-1,-1,-3,0,0
69.959726,9,-1,-2,-5,1,-1,0,-1,0
69.968280,3,1,3,0,-2,-1,-1,1,0
69.968296,-6,-2,0,2,-1,0,0,1,0
69.983188,1,1,-7,-2,0,-1,-2,-1,0
69.983212,0,-3,-3,-3,-1,0,0,1,0
69.984690,-3,2,4,0,1,1,-1,-2,0
69.984696,-1,0,6,3,2,-1,-2,1,0
70.005821,-4,-3,-4,-5,-2,0,0,-2,0
70.005838,-4,-4,-5,2,-2,-3,0,0,0
70.007433,1,1,-3,-3,0,0,-2,-1,0
70.007437,1,-5,-5,-5,-2,-2,-1,-2,0
70.019646,-3,-1,2,4,-1,1,-2,-1,0
70.019668,-5,-6,1,-2,-2,-2,0,-2,0
70.030117,4,12,-3,0,-2,-2,1,0,0
70.030122,-3,-31,-1,1,0,-2,-1,-2,0
70.043115,2,15,-5,-3,0,0,1,-3,0
70.043130,-5,1,0,1,-2,0,-2,-1,0
70.044921,-1,5,3,0,1,-1,-1,-3,0
70.044948,-3,-1,-3,-2,0,-2,0,-1,0
70.066031,-7,-15,-7,-1,0,-1,0,-1,0
70.066060,5,3,3,-1,1,0,-2,0,0
70.067696,2,-1,-4,-3,-2,0,-1,0,0
70.067701,-2,-1,1,-1,-2,0,-2,0,0
70.079564,1,-2,-2,-5,-2,-2,-2,0,0
70.079597,1,7,0,2,0,-3,0,-1,0
70.089405,-5,-8,1,-1,0,-2,0,0,0
70.089411,3,4,-1,-1,-1,-1,0,0,0
70.104591,-3,-1,2,-2,-1,0,0,0,0
70.104598,-3,-6,-9,-2,-2,-2,-2,-2,0
70.104600,1,-2,6,-1,1,-1,0,-1,0
70.104602,0,-3,-9,-1,-1,0,-2,-1,0
70.125768,-3,9,5,-1,-1,-2,-1,0,0
70.125788,-5,-5,-5,-4,-2,0,-2,-2,0
70.127022,3,-3,-5,0,-1,-2,-2,-1,0
70.127030,0,11,5,2,1,0,0,-1,0
70.139354,-3,-13,-2,1,-1,-1,-3,0,0
70.139376,0,16,-1,-4,0,0,0,0,0
70.150429,2,-10,-2,-2,-2,-1,-3,-1,0
70.150438,-2,0,-3,-6,0,0,-1,0,0
70.163195,-3,-4,-2,-3,-2,-2,-1,0,0
70.163211,-1,-5,2,-1,1,-1,-1,-1,0
70.165668,0,1,-3,-2,-1,-1,-1,0,0
70.165688,0,4,1,-2,-2,-1,-2,-3,0
72.188222,23,95,36,9,-1,-1,0,33,4
72.188673,-35,32,16,5,1,-1,0,-71,4
72.191476,20,-118,-20,-11,-3,0,7,13,4
72.191484,12,91,52,14,-2,-10,-20,-68,4
72.210725,-95,-58,-3,-9,-2,0,-3,33,4
72.210803,21,-67,-47,-6,-2,-1,2,-8,4
72.212294,33,55,32,13,7,4,10,-2,4
72.212315,35,8,36,0,1,-1,2,25,4
72.233286,-6,-37,-10,2,-1,-2,-5,52,4
72.234686,-35,7,1,-4,0,3,10,69,4
72.234693,33,85,28,13,-3,-6,-2,-50,4
72.234695,39,-40,8,4,7,6,8,23,4
72.247737,64,-92,-37,-8,-3,-7,-21,-32,4
72.247773,-3,-3,-11,0,2,1,1,10,4
72.254586,11,25,3,4,1,1,9,6,4
72.254610,-10,108,38,3,4,4,8,29,4
72.278456,-86,70,37,7,1,-2,-5,-30,4
72.278494,127,68,-5,-3,-9,-7,-3,43,4
72.280890,-117,-87,-19,-12,2,-2,-3,-61,4
72.280896,-54,93,67,21,3,3,8,34,4
72.293502,-93,-70,-47,-8,-4,-3,-3,-37,4
72.293528,37,-33,3,22,2,1,-6,-41,4
72.296201,-72,100,25,-5,-2,-3,-9,-32,4
72.296207,116,-102,-36,-10,0,3,5,5,4
72.307567,43,-61,-20,-12,-4,-1,6,66,4
72.307591,-51,104,13,1,-3,-3,-3,-25,4
72.314435,74,76,15,7,0,-3,-4,-43,4
72.314464,-15,34,26,-3,-2,3,-3,10,4
72.330912,-23,-39,-15,-11,-9,-6,-8,4,4
72.330956,50,13,-65,-9,1,-1,-1,-22,4
72.333569,-42,-82,-37,-10,-3,0,7,35,4
72.333575,-72,122,-5,-2,-8,-11,-19,-52,4
72.353228,110,-52,-6,2,6,6,13,23,4
72.353244,-9,-13,17,-7,-2,0,-2,-16,4
72.354621,4,68,19,15,6,0,-4,4,4
72.354634,-21,-102,-34,-5,-2,-1,-6,-43,4
72.367837,59,79,2,-8,-5,-2,-4,29,4
72.367843,-63,-123,-2,-1,1,1,0,-21,4
72.374268,31,-70,-36,-15,-5,-2,-8,-38,4
72.374283,77,66,2,-5,-6,-4,-9,61,4
72.390784,-19,-55,6,1,-3,-5,-10,-37,4
72.390806,108,96,35,4,7,8,16,50,4
72.392880,-21,-27,7,11,1,-1,-15,-69,4
72.392883,-92,-127,-75,-25,-12,-9,-9,33,4
72.413510,-26,87,4,5,6,6,1,-5,4
72.413515,-19,-23,18,9,-2,-1,1,34,4
72.415016,-25,-72,37,10,5,5,14,8,4
72.415053,111,20,5,10,8,1,-3,-25,4
72.428155,2,18,-20,-13,-5,-5,-12,-69,4
72.430306,-63,-80,-44,-14,-6,-6,-10,17,4
72.434375,7,5,-26,-3,-5,-2,-3,40,4
72.434402,32,23,24,6,5,5,9,-25,4
72.450768,-42,-42,-2,1,-3,0,5,21,4
72.450792,48,127,38,3,-2,-3,0,67,4
72.453032,-47,41,-5,-2,0,-1,-8,-93,4
72.453037,87,40,49,3,5,1,1,81,4
72.473544,62,16,-16,1,-3,-4,2,-20,4
72.473575,-18,-41,34,-3,1,3,10,50,4
72.475743,34,54,25,8,0,2,9,43,4
72.475747,-41,-81,-2,0,-1,2,6,-26,4
72.487621,43,-2,38,2,0,-1,-9,-44,4
72.487646,-54,44,14,5,1,0,-1,7,4
72.494501,97,-1,-41,0,-1,0,7,103,4
72.494526,-109,5,-61,-22,-9,-7,-6,-12,4
72.510586,-52,99,53,10,3,4,5,-61,4
72.510666,-74,43,22,4,1,-3,-12,-6,4
72.512384,74,-76,-51,-15,-6,2,12,33,4
72.512405,-111,-23,10,13,5,3,-6,32,4
72.532731,13,-74,-31,-2,-6,-5,-3,22,4
72.532766,-13,25,-17,-15,6,2,7,-42,4
72.534958,-40,127,74,13,3,2,2,-30,4
72.534964,108,55,-7,-13,-12,-12,-13,8,4
72.546865,-75,-8,33,11,5,5,8,29,4
72.546924,27,65,18,7,2,2,4,-48,4
72.554506,-57,85,-13,-11,-6,-3,2,46,4
72.554536,-20,-52,34,12,7,3,0,-14,4
72.572259,28,64,-9,-2,-4,-5,-11,-26,4
72.572265,28,6,-31,-6,-2,-3,1,51,4
72.572267,-37,-73,20,-2,8,4,-6,-40,4
72.572269,39,51,1,4,-2,-2,-7,-8,4
72.592780,52,127,84,29,11,9,17,81,4
72.592796,-69,-128,-43,-16,-13,-6,-6,-50,4
72.593172,5,67,0,-1,-1,-6,-26,-15,4
72.593185,81,57,52,7,3,5,3,17,4
72.607168,42,52,13,9,8,4,8,62,4
72.607190,40,9,37,0,-7,-6,13,-26,4
72.614523,-12,-53,-4,7,-1,-6,-32,-49,4
72.614560,-98,58,-33,-10,2,4,-5,7,4
72.629961,-15,27,-8,-8,-7,-8,-4,50,4
72.629985,91,71,0,4,2,-1,-7,11,4
72.630881,-72,63,-7,7,-1,1,5,68,4
72.630909,42,-92,-20,-1,-6,-3,3,-45,4
72.652550,-61,33,56,10,0,-2,-13,-79,4
72.652572,68,-42,-14,3,1,1,4,50,4
72.653040,103,-2,1,-20,-8,-3,10,80,4
72.653054,-121,40,-11,0,1,-8,-22,-113,4
72.666851,69,-102,-59,-17,-2,-1,4,18,4
72.666877,87,-102,-14,0,-3,1,7,51,4
72.674224,-74,-80,-16,-3,-1,0,8,-32,4
72.674247,47,40,-15,-9,-3,3,16,21,4
72.689989,-60,-80,-19,10,3,-2,-7,35,4
72.690134,-113,43,-8,-2,-3,-4,-12,15,4
72.691510,109,-128,-34,-17,-8,-3,-1,12,4
72.691514,-17,-21,-20,-8,-6,-3,15,1,4
72.713822,-69,-31,22,-8,-3,-5,-26,-34,4
72.713829,74,-5,-29,-15,-11,-10,-8,11,4
72.713830,-66,106,25,13,8,2,5,-117,4
72.713832,-18,-63,7,-2,0,1,5,81,4
72.729346,0,48,5,-2,-1,1,0,-21,4
72.729355,-8,-38,-12,-3,1,2,0,4,4
72.734268,92,78,-15,-29,-10,-7,1,18,4
72.734292,67,13,19,13,3,2,24,12,4
72.750020,13,96,-5,-6,0,-2,-23,-17,4
72.750038,-105,-69,40,21,6,3,-18,-106,4
72.752140,-25,117,35,8,-1,1,8,65,4
72.752145,-55,31,-7,3,-4,1,5,-41,4
72.772540,-45,-81,-61,-16,-1,-4,-9,2,4
72.772563,-22,29,38,4,7,8,11,18,4
72.774947,19,-128,26,6,-2,-3,-6,10,4
72.774954,22,17,-1,-6,-1,-1,-2,-8,4
72.786950,-10,6,-27,-2,-4,0,4,-5,4
72.786977,0,24,-21,-4,1,-1,-7,-30,4
72.794675,-31,-28,-29,-3,2,2,1,-10,4
72.796755,31,-46,21,3,-2,-3,-6,65,4
72.810159,86,-62,-10,0,1,1,21,29,4
72.810182,4,70,26,-1,-1,1,-2,-11,4
72.810776,-43,-37,-21,0,-1,2,12,83,4
72.812814,123,-40,-27,-6,-5,-8,-20,-124,4
72.832927,-4,-74,4,0,-7,0,22,17,4
72.832962,-73,46,23,13,3,1,2,31,4
72.834622,-95,45,-27,3,-1,0,5,-3,4
72.834631,5,17,17,0,4,2,-1,14,4
72.846780,67,96,45,9,2,4,12,7,4
72.846812,-55,-82,-27,-15,-15,-13,-11,-33,4
72.854465,-74,-61,-43,-15,-5,-3,-11,-57,4
72.854488,9,-20,23,6,2,2,1,27,4
72.870038,48,47,17,0,0,1,8,7,4
72.870061,41,-13,-9,9,6,6,1,-14,4
72.870813,23,1,-20,-13,-6,-5,-5,-12,4
72.870831,-23,62,-2,-3,-1,2,4,33,4
72.892380,-61,-116,-4,2,3,1,-4,-52,4
72.892402,116,-82,-25,3,-5,-1,9,-30,4
72.895175,-53,64,17,4,1,-5,-9,-32,4
72.895186,-76,-96,-48,-15,-4,-2,7,92,4
72.907025,-36,94,3,-5,-2,-4,-8,-5,4
72.907156,41,58,-5,-8,2,4,16,42,4
72.914567,90,2,4,3,-3,-4,-4,-31,4
72.914619,-43,-34,9,0,-2,0,-2,-11,4
72.930091,86,2,-44,-4,-4,-5,-17,14,4
72.930110,-79,102,43,8,6,-1,-9,-17,4
72.932253,56,-85,-22,-4,-4,-3,5,88,4
72.932262,0,98,56,3,5,2,-4,-19,4
72.952433,50,52,-8,1,1,-1,7,27,4
72.952455,-9,70,-1,4,2,1,-5,-48,4
72.953994,61,80,31,10,5,3,2,27,4
72.953999,-20,-119,-36,-14,-7,-7,-3,-24,4
72.976324,4,23,-7,-4,-3,3,10,20,4
72.976330,-6,75,27,5,1,-3,-18,60,4
72.976332,20,43,30,4,3,2,1,-68,4
72.976333,79,1,-33,-4,-10,-6,-3,-2,4
72.989861,8,-95,11,7,2,0,3,-7,4
72.989886,4,-41,-47,-9,0,0,11,46,4
72.991341,-53,29,27,2,-3,1,1,-6,4
72.991346,117,72,10,10,3,0,-4,11,4
73.012692,-66,-47,17,0,-1,-4,-7,-28,4
73.012714,-75,10,2,-4,-2,-1,3,30,4
73.014060,-1,3,-12,0,-2,-1,-2,25,4
73.014067,-5,-10,0,2,0,0,2,13,4
73.034964,-82,-44,-4,-10,-7,-8,-6,-18,4
73.034988,-95,-25,10,-6,-1,-2,7,-10,4
73.036454,44,-37,-23,-4,-1,3,15,12,4
73.036463,-40,-23,-25,0,-3,-3,-12,-64,4
73.050004,7,-114,-16,-2,0,3,5,3,4
73.050028,-29,-58,-3,-3,-4,-1,-5,-30,4
73.051668,-19,-8,-8,-1,-1,-3,-6,-15,4
73.051673,-33,-15,6,-7,1,2,12,2,4
73.072358,68,72,28,30,10,6,-5,9,4
73.072378,68,-20,-10,-17,-10,-13,-24,-26,4
73.073041,-21,40,0,7,1,0,-1,-75,4
73.073054,83,28,-2,-2,-3,-2,-3,43,4
73.095353,-21,-100,-49,-20,-8,-4,-3,-34,4
73.095392,63,9,2,3,1,4,6,22,4
73.097433,0,20,0,0,1,1,-3,8,4
73.097440,-36,-20,-7,2,-1,-2,-5,12,4
73.110409,-29,14,23,-1,0,-2,-2,-57,4
73.110437,15,-32,-19,-6,-3,-1,0,10,4
73.113533,11,-103,-32,-19,-5,-2,5,-6,4
73.113541,-61,-11,29,19,13,10,8,41,4
73.132723,-24,-55,-30,-11,-11,-16,-31,-45,4
73.132750,89,46,-13,-7,-3,0,11,56,4
73.133261,76,-92,-39,-12,-2,-5,-12,-74,4
73.133268,73,28,0,-8,-2,1,12,40,4
73.155541,37,127,26,6,1,3,-4,0,4
73.155564,8,48,2,4,6,3,-5,11,4
73.158039,-20,-16,39,6,0,1,9,49,4
73.158043,-40,39,-8,-4,0,-5,-13,-41,4
73.169937,-13,-29,-4,-16,-5,-2,5,37,4
73.169960,18,25,-14,5,0,1,6,-7,4
73.171293,57,0,34,10,0,-1,2,13,4
73.171301,-77,77,16,9,2,1,-10,-41,4
73.194810,96,123,12,-10,-10,-16,-21,-11,4
73.194945,1,35,-3,0,0,1,3,-17,4
73.194949,-10,80,-1,-7,-1,-2,-4,36,4
73.194951,70,-25,-12,0,-1,-4,1,15,4
73.215295,-42,33,19,12,11,10,9,-41,4
73.215337,9,13,12,-1,-5,-2,5,77,4
73.215790,22,59,28,4,3,3,2,2,4
73.215807,18,37,-2,5,-2,-1,0,-18,4
73.229922,86,-32,-40,-9,-1,1,3,52,4
73.229983,22,-29,13,3,-1,-3,6,-4,4
73.231518,-39,-106,-16,2,2,5,10,7,4
73.231530,58,120,55,-1,-5,-6,-10,34,4
73.252585,27,-128,-57,-21,-9,-6,3,41,4
73.252608,-18,-35,-1,4,1,3,5,-5,4
73.254208,38,123,28,1,1,-1,-5,-15,4
73.254218,62,-33,-16,-3,-2,-2,2,-20,4
73.274994,-58,111,42,14,3,4,6,24,4
73.275011,22,-79,5,1,0,-3,-8,-26,4
73.275647,-68,-47,-44,-10,-3,-2,-5,51,4
73.275713,-49,-52,-14,-9,-1,0,1,-32,4
73.289856,-75,61,8,8,3,3,7,-27,4
73.289880,-79,-111,-43,-15,-6,-3,-8,67,4
73.291480,-6,-41,32,2,-1,-1,-5,-74,4
73.291484,-115,28,23,13,5,0,-13,-41,4
73.312525,-76,-100,-26,-12,-9,-6,4,33,4
73.312543,2,-26,-13,-4,-4,1,0,-10,4
73.314514,68,24,-21,-2,0,0,-3,33,4
73.314525,-21,17,-2,0,-2,3,11,91,4
73.334879,6,127,24,5,2,0,-6,-86,4
73.334891,9,-40,-40,-1,-4,-1,0,-75,4
73.335690,79,53,18,7,2,0,-1,47,4
73.335696,-12,80,28,3,2,-2,-3,-34,4
73.349930,13,-84,13,11,8,7,5,77,4
73.349947,-48,-24,-18,4,-2,-5,-9,-64,4
73.351873,-48,-56,-20,0,1,2,4,-35,4
73.351879,-10,-113,-40,-9,-2,-3,-2,-3,4
73.372705,-13,43,8,-5,-1,0,7,72,4
73.372734,-50,127,57,4,2,-1,-6,-98,4
73.375135,11,-122,-19,-5,-1,-4,3,-14,4
73.375143,-17,-84,-36,-11,-1,1,-3,5,4
73.395027,41,48,-6,5,-3,-4,-23,2,4
73.397420,11,75,18,-1,1,2,-1,35,4
73.397427,22,98,-3,-4,-5,-2,4,26,4
73.397429,-108,-34,-7,-5,-3,-1,4,-7,4
73.413202,-22,58,-50,-9,-10,-8,-4,50,4
73.413210,43,-45,-19,-7,2,-2,-6,3,4
73.413212,-65,20,32,6,-2,-5,-6,31,4
73.413213,47,89,34,1,1,-2,-4,-22,4
73.432775,82,-10,-10,-3,0,4,22,115,4
73.432807,-13,-19,2,0,0,-4,-13,-80,4
73.433416,0,77,33,5,-4,-4,-5,7,4
73.433427,20,-85,-20,-4,1,1,2,-4,4
73.454907,0,-50,-33,1,2,1,4,-10,4
73.454931,-10,52,10,4,0,-2,0,52,4
73.458040,34,-58,-9,2,3,5,-2,-29,4
73.458049,57,-57,-34,-19,-9,-8,-10,33,4
73.470065,41,29,5,6,3,0,-4,-105,4
73.470087,-17,34,13,-3,0,4,13,72,4
73.472639,41,2,-10,-1,-2,3,15,38,4
73.472645,19,115,2,1,-6,-6,-17,-45,4
73.492304,-30,-22,3,-10,-2,-2,-4,-9,4
73.492315,-9,-33,4,4,3,4,10,40,4
73.493089,7,36,10,-6,-4,-6,-4,7,4
73.493103,12,39,-2,-8,-5,-2,4,13,4
73.515419,37,-78,48,1,0,-1,0,83,4
73.517509,29,19,22,13,6,2,-5,-39,4
73.517515,-30,67,-13,1,2,4,9,-36,4
73.517517,-59,-73,-31,0,4,-2,-23,-115,4
73.529975,-30,27,-6,-7,-4,-1,10,6,4
73.529994,26,57,59,7,-1,1,1,38,4
73.532756,28,62,15,5,4,-1,-8,-8,4
73.532764,-13,-39,-6,-2,-3,3,17,26,4
73.553113,58,71,-17,-6,-2,-5,-14,-5,4
73.553120,-92,50,8,-9,-6,-7,-13,-104,4
73.553122,5,6,-5,-1,-1,-1,-13,-11,4
73.553124,33,113,22,6,-3,-4,11,127,4
73.575069,-90,-102,-44,-11,-5,0,-2,-50,4
73.577714,22,31,2,8,0,0,10,16,4
73.577722,-2,-26,1,-15,-5,-4,-12,-9,4
73.577724,-32,-73,-4,-8,-5,-4,7,-5,4
73.589894,47,-74,18,10,5,3,0,-10,4
73.589911,72,-35,-48,-12,-7,-5,-5,7,4
73.590963,-62,7,-4,6,-2,-2,5,80,4
73.590967,-65,14,0,-8,-2,-1,-2,-45,4
73.612524,60,5,5,9,5,0,-1,22,4
73.612547,3,44,11,-1,-3,2,-2,-3,4
73.614345,-26,47,18,10,2,2,12,1,4
73.614355,23,-53,-6,0,1,0,-20,-36,4
73.634948,-3,38,8,1,-2,0,3,-33,4
73.634972,-5,5,-13,-6,1,-1,2,-35,4
73.635702,-110,23,6,-3,-2,0,10,-8,4
73.635715,32,98,48,6,5,3,-9,12,4
73.649305,24,-3,31,9,-1,-4,-3,19,4
73.649324,51,20,10,6,3,0,0,-6,4
73.657322,-88,-39,-53,-19,-4,-4,-5,-59,4
73.657346,36,39,3,6,-6,0,14,76,4
73.672347,11,54,13,-3,1,-2,-16,-96,4
73.672368,-15,-114,-32,-17,-1,-2,3,72,4
73.673718,121,-47,-32,-19,-9,-13,-27,-23,4
73.673723,7,-76,-18,11,5,2,9,2,4
73.694952,48,39,24,8,8,6,11,-53,4
73.695103,-40,-68,3,6,3,1,-2,-58,4
73.695703,-17,-37,-20,-4,0,-1,-1,11,4
73.695711,-24,98,11,-4,-5,-4,-11,-43,4
73.709371,36,-2,-8,-6,-6,-6,-2,70,4
73.709395,-66,-52,-27,-3,-2,-1,-1,10,4
73.717631,-34,-36,9,5,2,1,3,28,4
73.717654,-4,35,-18,-4,-2,-1,0,-14,4
73.732891,-48,-82,26,2,2,4,17,40,4
73.732912,38,127,-7,0,-7,-4,-10,38,4
73.735194,-5,-64,-20,-7,9,6,12,2,4
73.735200,-18,55,-14,-3,2,-1,0,-44,4
73.754888,-128,-101,-80,-3,-4,-5,-1,89,4
73.754895,15,-8,11,-6,0,-2,2,44,4
73.755734,8,-21,-1,4,-2,-2,-3,-7,4
73.755747,41,97,2,11,4,4,11,12,4
73.770660,-30,9,4,-3,0,4,8,13,4
73.770678,81,33,21,12,-4,-8,-24,-113,4
73.778423,99,26,-10,-12,-3,-5,4,53,4
73.778471,4,-66,-22,-12,-2,-1,-4,-22,4
73.792387,7,55,-6,-13,-1,-2,-1,-19,4
73.792411,-85,-33,-1,0,0,2,6,58,4
73.793566,28,20,5,3,-2,0,-7,-73,4
73.793574,-28,-84,15,6,-1,-2,2,-12,4
73.816306,84,-35,10,-9,-3,1,0,-49,4
73.816313,-22,-12,-28,-2,1,-1,-7,-30,4
73.816315,-43,73,2,14,2,0,-3,-10,4
73.816317,-19,-31,2,-5,-3,1,8,22,4
73.831472,-3,-23,-19,14,7,6,2,33,4
73.831479,44,-43,-11,-9,-6,-7,-2,3,4
73.837775,69,6,32,15,-3,0,4,54,4
73.837797,-59,-42,-35,-12,-3,-3,3,-6,4
73.852777,51,42,-17,-11,-4,-5,-6,45,4
73.852802,-30,-1,-6,-3,0,-2,-7,26,4
73.855707,-52,-31,1,-6,2,1,-7,-18,4
73.855713,-42,4,34,13,7,5,5,28,4
73.875189,-8,11,-8,-9,-4,-2,-22,-22,4
73.875218,41,5,20,9,1,-2,6,68,4
73.878387,-77,-31,-4,-9,-2,1,1,-85,4
73.878395,35,60,-4,2,-1,-1,-5,36,4
73.889559,-29,66,9,0,0,2,3,-38,4
73.889592,-3,-7,-7,-5,-3,0,6,13,4
73.897862,68,-8,1,-3,-1,-2,-5,31,4
73.897897,14,-12,4,-6,-2,-1,-3,23,4
73.912467,-58,-49,-21,-2,-6,-1,3,-37,4
73.912496,1,-14,24,14,2,-1,0,-20,4
73.913053,-89,118,16,-2,-5,-2,-9,-40,4
73.913066,100,-90,-44,-6,0,-2,-2,-41,4
73.934903,-19,14,4,3,3,-2,-8,41,4
73.934929,18,20,-14,-6,-2,2,1,-22,4
73.937450,3,4,0,1,-2,-1,1,14,4
73.937454,9,8,10,-3,0,1,-3,10,4
73.949495,-20,30,18,0,-1,0,0,-44,4
73.949519,-17,-71,3,4,2,4,12,-6,4
73.957423,33,59,-15,-2,-3,-8,-34,14,4
73.957437,52,-91,26,-2,-5,-4,-4,33,4
73.973135,-34,120,0,-9,-3,-4,-5,-1,4
73.973142,-17,4,-3,-3,2,4,4,15,4
73.973144,20,-9,-7,0,1,6,18,37,4
73.973145,-2,73,18,6,0,0,-8,-24,4
73.994968,-39,-73,1,2,-1,-1,-2,-2,4
73.994992,34,15,8,-1,1,0,1,-8,4
73.997688,5,-16,5,7,-1,-1,-1,-10,4
73.997696,-16,-1,-1,-4,-3,-1,0,21,4
74.018875,6,-40,-8,3,1,-1,7,1,4
74.018882,103,68,-17,-2,3,3,10,83,4
74.018884,-29,-69,14,11,-4,-8,-14,-26,4
74.018885,-128,-62,-21,-5,-5,-3,-9,15,4
74.034513,-38,-101,8,-1,-2,-1,1,1,4
74.034519,20,7,-17,-14,-7,-6,-5,6,4
74.034522,-3,37,14,4,2,5,10,30,4
74.034525,43,34,-1,4,2,2,10,11,4
74.055186,-25,57,17,4,-1,-3,-4,-16,4
74.055203,-44,1,3,2,0,1,-5,-19,4
74.056680,16,-51,-9,-1,0,0,5,21,4
74.056685,-15,68,4,-1,-5,-2,-6,-28,4
74.078410,26,2,1,-2,3,-1,2,-12,4
74.078435,-15,-1,0,7,2,0,-5,2,4
74.080092,-1,-49,-26,-24,-3,0,-2,-34,4
74.080098,31,11,4,28,4,2,0,-6,4
74.092898,16,-24,-8,-11,-5,-2,1,-19,4
74.092928,-102,-34,13,3,-2,-5,-12,-84,4
74.095732,101,-1,-14,-9,-3,-1,8,-2,4
74.095739,-91,-80,-32,-16,-7,-7,-3,-21,4
74.115287,24,-81,-28,-3,-4,-3,-7,12,4
74.115324,-3,-19,0,1,1,1,0,-9,4
74.115741,-29,58,20,12,2,1,0,-9,4
74.115755,83,-3,18,0,-1,-1,3,7,4
74.138504,-77,127,12,0,-5,-4,5,1,4
74.140261,0,44,21,0,2,-1,1,-13,4
74.140270,-31,-29,-46,4,-1,1,6,29,4
74.140274,47,79,26,-4,2,-4,-9,38,4
74.152465,26,-63,-12,-9,-2,-1,3,18,4
74.152484,0,19,-5,-3,-1,2,4,24,4
74.153909,-55,24,-1,-6,-1,-1,2,-4,4
74.153913,-54,-48,-18,-6,-3,0,10,8,4
74.175495,112,74,12,9,3,-1,-5,44,4
74.175534,-83,-125,-47,-17,-5,-3,-3,-27,4
74.177701,101,56,20,8,6,5,6,102,4
74.177709,33,81,26,6,3,1,-9,-73,4
74.198496,-50,1,-2,-10,-3,-1,1,-8,4
74.198661,40,-5,-59,-12,-5,-2,0,40,4
74.199037,27,77,34,16,-1,-2,-6,-1,4
74.199049,-26,-75,-8,-13,1,-2,0,-63,4
74.212361,30,127,21,11,4,1,8,-5,4
74.212389,-15,-42,-9,-6,0,-2,9,67,4
74.220255,-13,15,-2,-1,2,1,-7,-77,4
74.220277,-21,106,4,-4,-5,-3,6,4,4
74.234953,-72,-106,-3,1,-5,-7,-19,-1,4
74.234978,-5,33,0,-5,-4,0,3,23,4
74.237584,18,-42,11,-7,-1,-3,0,-30,4
74.237592,-64,-106,-21,7,0,3,2,45,4
74.258325,7,112,27,7,3,2,-4,-75,4
74.258339,30,-19,14,3,-1,-3,-12,-22,4
74.258883,14,-32,-22,-11,-4,-3,-5,-1,4
74.258947,-48,15,6,-4,0,0,4,70,4
74.272594,73,73,-18,-3,-3,1,1,33,4
74.272612,-17,7,14,0,-4,-3,-7,-36,4
74.273141,-30,-6,-8,5,1,-3,2,67,4
74.273154,62,94,35,5,1,3,4,-17,4
74.295220,-9,-81,-2,11,3,0,4,39,4
74.295242,86,107,39,11,13,10,7,55,4
74.296938,34,-127,-8,-1,-4,-3,-7,-19,4
74.296947,-4,43,-1,-4,-2,1,-1,-21,4
74.318117,42,-107,-3,-2,1,1,-2,29,4
74.318124,105,114,5,-4,-2,-3,0,-61,4
74.318706,-4,-41,-20,-8,-3,-4,3,61,4
74.318720,-46,28,15,12,5,3,-7,-63,4
74.333541,-93,-113,-31,-13,-8,-5,-8,-36,4
74.333550,-45,-43,-3,-1,-2,-1,3,-3,4
74.333552,-1,-12,8,-4,-9,-5,-4,-32,4
74.333554,45,16,29,4,4,-1,4,32,4
74.355391,-88,101,5,-6,-2,-1,-7,26,4
74.355415,51,-97,-18,-8,-8,-5,-2,-1,4
74.357615,-11,20,-18,-15,4,-1,-4,-26,4
74.357621,8,-33,-19,3,2,-3,-4,7,4
74.379660,79,-59,-1,-4,-3,-5,-11,-40,4
74.379677,-11,50,28,0,-4,-4,-12,-70,4
74.379679,-59,-8,3,-1,3,4,9,37,4
74.379682,97,-49,-64,-21,-8,-5,-10,83,4
74.393064,-71,-49,53,16,6,6,5,-63,4
74.393095,6,-15,-24,-2,-4,-3,-2,25,4
74.395692,17,50,19,-1,-3,-4,-3,-25,4
74.395697,8,3,6,-1,0,1,2,-17,4
74.415391,-54,-17,-14,4,-1,0,4,31,4
74.415443,12,15,-7,-1,-2,3,-5,53,4
74.415732,-38,75,-5,10,2,-1,4,-14,4
74.415747,84,-70,13,-2,-4,-2,-6,39,4
74.438330,-29,-43,-25,-9,-7,-4,8,12,4
74.440091,-44,-34,15,8,4,0,-2,-25,4
74.440097,105,46,11,4,1,-1,-8,-8,4
74.440099,-28,-22,-12,-1,-1,0,-4,15,4
74.452428,1,-73,-3,-8,-1,1,7,29,4
74.452450,75,107,-7,7,3,1,-3,9,4
74.454832,-81,-128,-20,-19,-6,-3,-2,-5,4
74.454844,27,77,3,7,1,-1,-6,-102,4
74.474978,113,78,17,1,2,-1,-1,-1,4
74.474996,1,59,-13,-4,2,-5,-4,67,4
74.475583,-36,-29,-1,-3,-2,-1,-3,12,4
74.475601,-14,65,7,-2,-4,-2,-3,-29,4
74.498730,-59,-13,13,3,-1,1,8,-3,4
74.500765,28,28,33,-3,-6,-6,-9,0,4
74.500778,56,31,10,5,-1,-1,6,28,4
74.500780,-103,-128,13,-1,0,-2,0,6,4
74.512406,111,68,-9,-4,-2,-3,2,-27,4
74.512423,-36,-30,-23,-7,-3,2,7,42,4
74.514841,-62,-7,26,18,9,5,-9,-16,4
74.514847,33,-31,-19,-7,-7,-5,4,18,4
74.534907,-3,127,28,0,1,2,7,31,4
74.534917,28,-29,-24,-3,0,0,0,-38,4
74.535665,4,-81,-22,-6,-2,-2,-1,-8,4
74.535683,-2,-23,-20,4,3,3,2,-2,4
74.558336,-2,14,7,12,4,5,3,-14,4
74.558366,-24,-47,8,-1,-2,-4,-5,-43,4
74.560105,-15,53,8,-6,-2,4,18,111,4
74.560113,90,29,1,-6,-6,-7,-11,-24,4
74.571756,-56,-81,-16,-3,3,2,2,66,4
74.571773,-15,-32,-20,-10,-3,-2,-2,-68,4
74.580994,7,54,43,22,6,4,10,-61,4
74.581004,-19,-54,1,-1,2,0,-11,44,4
74.595000,15,94,26,2,-4,-5,-9,-24,4
74.595025,-45,-20,-3,-12,-1,-4,-1,34,4
74.597054,-4,16,-8,-5,-4,-5,-11,-76,4
74.597060,82,5,-14,-2,-4,-3,10,56,4
74.618135,-34,-71,-12,-8,-3,-5,-23,-44,4
74.618185,3,53,14,10,-2,2,6,-15,4
74.618864,48,-87,0,0,3,1,7,61,4
74.618870,-37,-6,-21,-5,-3,-5,-6,-21,4
74.631885,-37,-11,-6,-1,-3,-2,2,47,4
74.631923,21,13,26,6,1,1,0,-91,4
74.639945,48,-94,-52,-4,-2,-2,-4,14,4
74.639964,-7,-46,6,-2,1,1,5,30,4
74.655445,15,-4,-10,-4,1,-2,-6,43,4
74.655476,-42,-92,6,9,0,-1,1,-35,4
74.658293,53,20,-15,-18,-7,-6,-14,-30,4
74.658298,-115,56,7,11,1,0,-2,-10,4
74.678557,25,-67,-12,-1,-2,-1,-3,-71,4
74.678600,-84,50,12,2,4,3,3,15,4
74.679003,36,50,21,5,1,0,3,18,4
74.679021,-66,-7,-32,-17,-5,-1,5,-56,4
74.691676,-40,55,16,5,0,-1,-4,8,4
74.691723,-2,38,-6,4,2,2,1,33,4
74.700007,-35,-47,-9,2,1,0,-4,-24,4
74.700026,-63,32,21,2,-1,0,-8,-55,4
74.715431,62,68,8,0,-1,0,11,9,4
74.715471,6,-128,-30,-8,-4,-3,6,48,4
74.716834,94,127,20,3,2,3,0,27,4
74.716841,-14,-104,-2,-4,-2,-5,-7,-67,4
74.738166,-43,80,3,-11,-2,-1,2,47,4
74.738180,11,-85,-29,-4,-7,-4,-4,16,4
74.738791,-57,58,6,0,1,-1,-3,8,4
74.738804,124,-63,-3,3,1,2,8,22,4
74.752866,-40,88,47,11,-1,-1,0,-52,4
74.752879,3,-50,-15,-8,0,-1,-7,60,4
74.759930,-48,8,27,6,-1,-3,-8,-60,4
74.759944,-56,-44,-26,-11,-5,-7,-15,47,4
74.774834,22,-2,-11,5,1,0,3,-20,4
74.774858,1,49,16,2,2,1,0,-34,4
74.776270,-36,-7,-1,-1,-2,-1,-4,6,4
74.776278,-12,-30,15,3,-1,1,3,-5,4
74.800032,32,-25,-15,-6,-6,-2,-3,48,4
74.800038,-21,-15,-3,-11,1,2,8,44,4
74.800040,-22,67,2,1,-3,-5,-15,-44,4
74.800042,81,49,-10,-3,-4,-1,2,-34,4
74.812172,-6,-59,-25,-3,3,3,9,-13,4
74.812197,24,109,21,-1,-3,-5,-14,-23,4
74.820094,-63,-93,-11,-9,-2,0,12,0,4
74.820119,100,127,8,2,1,1,-4,7,4
74.834997,17,-128,-29,-10,-5,0,-3,-46,4
74.835019,84,110,22,16,3,4,17,127,4
74.835642,-38,-1,2,-1,7,1,-8,-39,4
74.835695,-72,55,16,2,-1,2,4,-6,4
74.858224,15,-31,3,4,3,-2,-5,37,4
74.858248,-96,-5,22,6,-2,-1,-1,-59,4
74.859636,10,-65,-6,-5,-4,-2,5,-20,4
74.859648,-27,31,0,-8,-1,-3,-10,35,4
74.880632,-2,60,-11,-9,-4,-4,-5,13,4
74.880654,81,-115,-5,8,1,1,4,-1,4
74.881311,41,86,26,12,-1,-4,-7,-44,4
74.881334,-74,26,-5,-11,-2,-3,-5,30,4
74.895132,-20,-101,-7,-8,-1,1,0,-2,4
74.895149,-45,-18,-18,-8,-3,-4,-8,15,4
74.895655,91,111,5,0,-3,-1,4,-37,4
74.895670,-21,-97,-19,-3,-4,-3,-2,47,4
74.918073,-1,-10,-35,-1,1,-3,-7,-23,4
74.918099,11,7,-5,-3,1,-1,0,31,4
74.919779,-24,-13,-3,1,-1,2,4,15,4
74.919792,-68,-62,-18,-6,-4,-1,4,32,4
74.940705,-60,127,19,2,-3,-2,-1,-29,4
74.940793,-24,-64,-4,-6,-3,-3,-4,-29,4
74.941363,44,85,-16,-3,-1,1,6,54,4
74.941376,-25,-73,4,2,1,-1,1,-43,4
74.955137,59,13,-8,0,-3,-1,-1,24,4
74.955151,-63,95,7,1,2,1,2,1,4
74.955709,-94,47,-2,-2,-4,-2,-2,8,4
74.955722,61,65,3,-2,-1,-2,1,1,4
74.978405,46,-51,-6,4,-1,-3,1,63,4
74.978431,-40,-84,-23,-10,-5,-3,-2,-28,4
74.980685,-48,44,-9,-4,-2,-1,-3,7,4
74.980697,13,-14,28,10,4,0,1,22,4
75.000604,-98,59,-4,-6,-1,1,0,-64,4
75.000611,83,-8,11,14,3,1,-1,-8,4
75.001272,-19,-128,-24,-10,0,-1,-6,43,4
75.001286,36,-31,-13,-4,0,1,3,-65,4
75.015854,73,62,6,4,2,1,4,5,4
75.015864,21,-7,-35,-4,-6,-7,-5,11,4
75.015866,-42,111,49,19,4,2,6,-48,4
75.015868,-6,46,-22,-12,-6,-7,-13,-18,4
75.038304,31,-54,-18,-4,-1,-2,-2,-35,4
75.038334,45,82,19,1,2,5,6,25,4
75.040432,-28,-65,-4,0,1,-1,3,-19,4
75.040439,13,-1,4,1,-2,0,-4,2,4
75.062802,-20,-19,5,0,-4,-3,4,8,4
75.062807,57,-14,-7,5,3,0,-7,10,4
75.062809,29,30,-10,-4,-5,-5,-5,-4,4
75.062810,22,-53,0,-4,1,2,14,21,4
75.075162,65,77,27,1,0,-4,-11,-35,4
75.075192,-3,-100,-7,-7,-2,-1,7,-9,4
75.077483,32,-90,-5,2,-1,0,-3,26,4
75.077489,-79,127,-6,-1,0,-1,0,-9,4
75.098471,24,-128,-22,-4,-2,-2,-11,-14,4
75.098498,-55,127,29,0,-2,-3,-1,-50,4
75.099853,38,-28,10,1,2,-2,2,-46,4
75.099858,39,-2,0,-5,-1,2,1,32,4
75.120785,-30,-45,23,5,4,4,9,67,4
75.120811,-14,-2,4,-1,1,0,-8,-49,4
75.123072,-29,-126,-41,-8,-6,-4,-9,-14,4
75.123090,67,-97,1,0,-1,2,3,78,4
75.135097,-15,27,5,3,-1,2,-4,-65,4
75.135126,104,-26,-13,-13,-5,-3,0,37,4
75.137179,-80,-67,4,1,1,1,2,14,4
75.137184,108,38,-15,-4,-2,-1,4,-25,4
75.158050,-31,9,31,2,3,2,-1,-8,4
75.158061,33,127,-10,-8,-6,-6,-3,31,4
75.158730,-43,-55,-19,-1,-1,0,-4,-39,4
75.158743,-88,-23,4,8,0,1,-3,-41,4
75.180787,41,-88,-19,-8,-6,-4,-1,64,4
75.182289,21,-65,-25,-4,-1,0,-6,-108,4
75.182298,19,121,18,0,2,-2,-8,92,4
75.182301,-114,-33,-11,3,1,3,2,2,4
77.205861,1,1,1,-2,-3,-1,-1,-2,0
77.206337,-6,-12,-5,0,0,-2,-1,-1,0
77.207851,15,9,9,3,2,2,0,-2,0
77.207855,-6,1,-5,-3,-1,-1,1,1,0
77.220157,-22,-7,-1,-2,-2,-3,-2,-2,0
77.220179,13,3,6,0,-1,-1,-3,-3,0
77.227147,-11,3,-4,2,-2,-1,0,0,0
77.227194,-10,-10,0,-4,2,0,-1,-5,0
77.244511,8,-6,-4,5,-1,0,0,-1,0
77.244519,-10,11,-1,-1,-2,1,-1,-1,0
77.244804,-6,-11,3,-1,-2,0,-2,0,0
77.244826,-7,3,-5,-1,-2,-2,-1,4,0
77.265711,-4,-12,9,0,-1,-1,-3,-6,0
77.265736,-10,12,4,0,0,-1,-1,-1,0
77.267337,-4,3,-7,-1,-1,-1,-1,-1,0
77.267343,13,0,-4,-4,-3,-2,-1,0,0
77.280162,-4,8,-1,-1,-1,-3,-1,-2,0
77.280204,-12,-20,-8,0,-1,0,-2,-2,0
77.287014,16,15,3,0,-1,-1,-1,3,0
77.287029,-23,3,-4,-2,-1,0,1,-1,0
77.303303,11,-9,0,-2,-1,-2,-2,-1,0
77.303324,7,-3,-8,-4,-2,-2,-3,-2,0
77.304910,-11,-7,17,0,0,-3,1,-3,0
77.304914,4,-1,-2,-2,3,1,-1,0,0
77.325713,-11,-10,-7,-1,0,0,-1,-1,0
77.325727,-1,4,2,-2,0,0,-1,-1,0
77.327494,6,-4,-15,-1,-1,-2,-2,1,0
77.327525,21,9,-1,0,-3,-3,-1,0,0
77.339591,-31,0,1,2,1,-2,0,-2,0
77.339615,-49,-33,-7,-10,-1,-2,-2,-6,0
77.348581,-2,6,-17,0,-3,-1,-1,1,0
77.348627,-3,-10,26,3,-1,1,-1,-3,0
77.363111,20,18,3,1,-1,-1,-2,3,0
77.363131,18,8,1,1,-1,-1,-1,2,0
77.364948,-24,-11,3,-2,0,0,1,-2,0
77.364999,5,6,-13,-4,-1,-1,-1,-2,0
77.385661,9,-6,-8,-5,-2,-2,0,-1,0
77.385669,-3,4,4,4,2,-2,-1,-1,0
77.387165,10,-8,1,-4,-1,0,-1,-1,0
77.387178,5,33,-3,2,1,0,-2,0,0
77.400020,-19,-23,-2,-3,-4,-1,-3,-1,0
77.400025,12,-32,-3,0,-2,-2,-1,0,0
77.408581,10,8,-3,-2,1,0,-2,-2,0
77.408586,-20,-9,-2,0,-1,-4,-2,-3,0
77.423102,-7,3,-1,0,2,1,-1,-2,0
77.423123,8,17,-1,-1,-2,-2,0,2,0
77.424644,15,0,2,0,-2,0,-2,-2,0
77.424660,-8,-6,2,-3,-2,-2,-2,-1,0
77.446561,2,6,3,2,-1,-1,0,1,0
77.446575,-2,-6,-3,1,-3,-2,0,-2,0
77.447632,2,4,7,0,0,-2,0,-2,0
77.447672,6,-4,-11,-3,-2,-1,-1,-1,0
77.459178,5,6,-7,-5,-1,0,0,1,0
77.459197,-7,8,12,3,-1,0,-1,1,0
77.468916,-5,-22,-10,-3,-2,-2,-3,-5,0
77.468924,20,11,-3,-2,-1,0,-1,2,0
77.483145,-16,4,7,0,0,0,-1,-3,0
77.483164,5,2,-6,1,0,-2,-2,0,0
77.485707,-21,-3,0,-1,-1,0,-1,-2,0
77.485712,11,-9,-3,0,-1,0,1,0,0
77.505644,-9,2,-4,-2,-1,-1,-2,0,0
77.505660,9,8,2,-2,-2,-1,1,1,0
77.507141,7,-9,-10,-1,-1,-2,-2,-2,0
77.507169,-39,-14,3,-3,-2,-1,-1,-1,0
77.519246,35,-3,1,-3,-2,-2,-2,-2,0
77.519262,-52,6,15,3,1,0,-2,-5,0
77.528391,6,6,0,-5,0,-3,0,4,0
77.528419,-5,21,-1,2,-2,1,-1,-4,0
77.542138,12,-24,-7,-2,-1,-1,0,-1,0
77.542144,10,-7,-8,-1,-2,-2,-2,-2,0
77.551302,-5,5,-1,-3,-1,0,-1,-1,0
77.551308,3,-4,-1,0,1,-2,-2,-2,0
77.565715,-4,13,-4,-2,-1,-3,-2,0,0
77.565734,8,-7,0,-1,-2,0,-1,-1,0
77.567187,-9,-1,3,-2,-2,0,0,-1,0
77.567194,5,-11,-9,1,2,0,0,0,0
77.579276,-3,3,5,3,0,-1,0,-3,0
77.579299,-5,0,-5,-6,1,-1,-1,-5,0
77.590316,8,8,2,3,-2,0,-1,0,0
77.590321,-3,-8,-2,-7,-2,-1,0,0,0
77.603206,-5,-2,-4,-1,-2,0,-1,0,0
77.603232,7,1,0,1,-1,-1,-1,1,0
77.605474,-7,2,0,0,-1,0,-1,-2,0
77.605478,5,-11,0,0,-1,0,-1,0,0
77.625557,6,-4,-8,0,-2,0,0,0,0
77.625575,2,-2,-8,-2,-2,-1,-3,-2,0
77.627311,-13,-13,-1,2,1,-1,1,0,0
77.627333,-5,-2,-8,-3,-2,-2,-2,-4,0
77.639231,2,-2,5,-2,0,-1,-1,1,0
77.639245,7,-4,-8,-3,-1,-2,0,-1,0
77.649375,8,8,-1,-2,-1,0,-1,0,0
77.649382,-3,-4,0,-2,-3,0,1,-1,0
77.663227,-3,1,1,1,-4,-2,-2,-1,0
77.663251,6,3,-7,-2,0,-2,2,-1,0
77.665156,-3,2,12,-1,-1,0,-1,2,0
77.665164,8,5,3,2,-1,-3,-1,-4,0
77.686370,6,1,-2,2,-1,0,-2,-3,0
77.686376,-21,-5,4,-4,-2,-1,-2,-2,0
77.686973,-2,3,-5,1,-2,-2,-2,-2,0
77.686979,-2,-10,-4,-3,-2,0,-1,0,0
77.700722,9,5,1,-3,1,0,0,-2,0
77.700770,3,2,-1,1,-2,-1,-1,0,0
77.709524,-5,-1,-1,-3,-3,-1,-1,-2,0
77.709527,10,5,1,2,0,-1,-1,0,0
77.723205,-9,12,-3,-4,-1,-2,-1,0,0
77.723224,1,-14,4,-1,2,0,2,1,0
77.724593,-3,-8,0,-1,2,-1,-1,0,0
77.724600,-4,-7,-4,1,-3,-1,-2,1,0
77.746949,-4,8,4,1,-2,-1,-2,-1,0
77.746962,3,3,-3,-4,-3,-1,0,0,0
77.747287,4,31,-6,-5,-4,-4,-3,-4,0
77.747304,-6,-48,-4,2,3,0,-1,2,0
77.759668,-12,7,6,1,1,0,-2,-1,0
77.759697,9,7,6,3,-1,-1,-1,0,0
77.770480,1,-1,0,-1,-1,-1,-1,-1,0
77.770487,-1,21,1,-5,-1,-1,-2,-1,0
77.783383,-4,-13,-3,-4,-2,-4,0,-2,0
77.783419,0,-1,-1,1,-1,-1,-2,0,0
77.784542,-2,-3,1,1,0,-2,0,-2,0
77.784556,-8,-3,-7,-3,-1,-1,-2,-4,0
77.805659,0,-7,4,-1,-1,0,-3,-1,0
77.805676,7,3,-1,1,0,-1,-1,-1,0
77.807124,33,-4,-2,-3,-3,-1,0,-1,0
77.807130,-79,-3,3,3,0,-2,0,-1,0
77.828149,2,-6,-4,0,1,0,2,0,0
77.828178,-2,1,-4,-5,-3,-2,-2,-1,0
77.829764,8,-3,-2,0,-2,1,-1,-1,0
77.829790,15,-3,2,1,-1,-2,0,-1,0
77.843152,-5,2,-6,-1,-2,-2,-2,-3,0
77.843175,-10,-6,7,1,-2,-2,-1,-3,0
77.844803,0,5,1,0,2,-1,0,3,0
77.844827,9,8,6,0,-1,-1,-1,-1,0
77.865941,-9,0,0,-3,-2,-1,-2,-1,0
77.865977,2,-5,-9,0,1,0,-1,-3,0
77.868077,-16,-10,-2,1,0,-1,-3,-1,0
77.868082,24,17,0,-4,-4,-1,-2,1,0
77.889670,-4,-12,-2,-2,0,-1,-2,-3,0
77.889677,-18,-1,-7,-3,-1,0,-2,-1,0
77.889679,-32,-1,7,0,-2,-2,-1,-2,0
77.889738,5,0,2,1,0,0,1,-1,0
77.904269,11,-7,-5,-4,-3,0,0,2,0
77.904274,1,12,-3,-7,-2,-2,-1,-1,0
77.904564,-6,-5,-2,3,-2,1,0,-1,0
77.904570,11,6,2,2,0,0,-1,-3,0
77.925856,-8,-6,-8,-1,-2,-1,1,0,0
77.925885,5,2,-7,-4,-1,-3,-3,-1,0
77.928750,20,-19,9,3,2,0,0,2,0
77.928757,-13,2,-2,0,-2,-2,-3,-4,0
77.948714,-20,0,1,-2,-2,0,0,-2,0
77.948748,-9,-6,-9,0,-1,0,-2,0,0
77.951156,27,5,-8,-4,-2,-1,-2,-1,0
77.951161,3,-7,-4,2,0,1,0,3,0
77.962493,1,1,0,1,0,-1,-2,-4,0
77.962515,6,0,2,1,-1,-1,0,0,0
77.969444,-6,3,-2,-1,-1,0,-1,-2,0
77.969466,2,2,1,-3,-4,-1,-2,-1,0
77.985618,0,0,2,-4,-1,-4,0,1,0
77.985637,6,-12,0,2,0,-2,-1,-2,0
77.987246,-6,23,7,0,-1,0,-1,0,0
77.987263,-2,-2,-6,-7,-3,0,-2,-1,0
78.008086,4,-6,4,3,-1,0,-1,0,0
78.008110,22,9,6,2,0,-1,-1,1,0
78.009473,-54,-13,-3,-2,-2,-4,-4,-3,0
78.009486,8,2,-1,-1,0,-2,-2,1,0
78.022543,-9,1,0,-4,-1,-2,-1,-1,0
78.022560,2,-7,0,0,0,1,1,-3,0
78.030589,5,-3,-4,-1,0,0,-1,-1,0
78.030595,-19,6,-2,0,-1,-2,0,-1,0
78.046697,8,-8,6,1,0,-1,-2,-2,0
78.046706,1,-10,-6,-2,-3,-2,0,0,0
78.047238,11,-6,-6,-8,-2,-1,-1,-3,0
78.047252,-14,-7,6,2,-1,0,-1,-2,0
78.068154,2,4,-10,-1,-1,-1,-2,-1,0
78.070076,-15,9,10,-1,0,0,0,-3,0
78.070081,5,-3,-4,1,0,-1,-1,-3,0
78.070083,10,0,-4,-4,-4,0,0,0,0
78.082207,-3,0,-7,-5,-1,-1,0,0,0
78.082242,-5,-1,-1,0,-2,-1,-1,-1,0
78.092845,-3,-3,-1,-1,0,-1,0,2,0
78.092851,5,0,0,-4,-1,0,0,-1,0
78.106235,2,6,3,2,0,1,-1,1,0
78.106257,-3,1,-2,-2,-3,-1,-1,0,0
78.108505,7,-3,0,0,-1,-1,-1,-2,0
78.108511,-9,-1,-3,-3,0,-2,0,-2,0
78.128113,0,-6,-1,-2,-2,0,0,-1,0
78.128140,-2,1,-5,1,1,-1,-4,-1,0
78.129713,-6,11,-2,-3,0,-2,0,1,0
78.129733,37,2,3,3,0,-3,-1,1,0
78.142761,-21,8,8,2,0,-2,-2,-2,0
78.142774,-26,-14,-7,-3,-2,-2,-2,-3,0
78.149349,-1,-14,0,-1,-3,-1,-1,-1,0
78.151141,-3,-1,0,-5,-1,-1,-1,0,0
78.165786,14,-3,-5,4,-3,-2,1,1,0
78.165813,11,-3,1,1,-2,-1,-2,-3,0
78.167130,-7,-1,2,1,-1,-2,-1,-1,0
78.167134,10,4,-4,-1,-2,0,0,1,0
78.188339,3,-4,-10,-4,-2,-1,-1,1,0
78.188355,-4,2,12,-1,-1,-1,-2,-2,0
78.189735,-2,-3,-3,0,-2,-1,-3,-2,0
78.189754,-5,-6,-3,-3,0,-2,-2,-2,0
78.202559,6,4,-2,-2,-2,-1,-1,-1,0
78.202627,-3,2,-2,-1,0,0,-1,-1,0
78.209523,-5,-1,0,-2,1,-2,0,-1,0
78.209544,-4,-1,1,0,-1,-2,-1,-2,0
78.225935,-8,-3,0,-1,-1,0,-1,-2,0
78.225973,13,-7,-2,-3,-1,-2,0,1,0
78.228667,27,15,4,1,-2,0,0,1,0
78.228672,-29,-12,-5,2,-1,-1,-2,-2,0
78.248321,1,14,0,-2,0,-1,-2,-4,0
78.248350,0,2,-2,-3,-3,0,0,-1,0
78.249859,-5,4,-9,0,0,-2,-2,-1,0
78.249878,12,-7,4,0,0,0,-1,-1,0
78.263851,-2,-8,1,0,3,1,0,-1,0
78.263857,-7,-5,1,1,-1,1,0,0,0
78.269351,10,12,1,-2,-1,-1,0,1,0
78.269376,-12,0,-2,-3,-1,-3,-2,-3,0
78.285692,-5,-8,-4,-2,-2,-3,0,-1,0
78.285714,2,6,2,0,-1,-1,0,1,0
78.288958,-1,-5,0,0,0,0,-1,-3,0
78.288965,10,10,-5,-1,-3,0,-2,2,0
78.308219,-23,-12,6,-1,-2,-1,-1,-4,0
78.308244,0,3,-4,1,2,-1,-1,-1,0
78.309615,-10,-6,0,1,0,-2,-2,0,0
78.309624,32,0,2,0,-1,-2,-1,-2,0
78.321960,29,5,-11,-4,-2,0,-2,0,0
78.321989,-38,-8,-1,-1,-1,-1,0,-4,0
78.332129,-4,-4,1,0,-1,0,1,1,0
78.332135,-10,-1,-5,-3,-3,0,-2,-3,0
78.345650,10,-5,3,2,1,0,-2,2,0
78.345668,19,11,0,-3,0,0,-2,-1,0
78.347767,-6,0,-2,0,-1,-1,0,0,0
78.347805,1,-9,-3,-1,3,1,2,2,0
78.368385,3,17,7,-1,-1,1,1,-1,0
78.368408,-4,-9,-5,0,-1,-2,-2,-2,0
78.371053,-10,0,-13,-6,-2,-1,0,-1,0
78.371058,-3,1,12,3,-3,-3,-4,-2,0
78.382235,-9,-10,-2,1,-1,-1,0,0,0
78.382272,6,2,-2,-1,-1,-2,0,1,0
78.390593,15,-1,-2,-4,-2,1,-1,-1,0
78.390600,-31,-2,-10,-1,-2,0,-1,-1,0
78.405513,1,3,9,2,2,-2,-1,-2,0
78.405537,6,3,3,-2,-2,-1,-1,1,0
78.407011,-6,-3,0,-2,-1,-2,-2,-3,0
78.407024,26,2,-4,0,0,1,1,0,0
78.428667,-85,-9,-1,2,-1,0,-1,-3,0
78.430881,5,-2,-2,0,0,-1,-2,-2,0
78.430888,-2,-1,2,-1,-2,-2,1,-3,0
78.430891,7,3,-3,-3,-2,0,-2,0,0
78.441786,18,2,-6,-2,-3,-1,-2,4,0
78.441807,-4,-5,-1,-2,-2,-2,-3,-6,0
78.451829,-8,-10,2,-1,-2,0,-2,0,0
78.451833,-4,15,1,-4,-1,-3,-3,-4,0
78.467480,13,-15,0,3,0,-1,0,2,0
78.467487,-4,5,-6,-2,-2,-1,-1,1,0
78.467489,12,-2,-6,-3,0,0,0,1,0
78.467491,-17,-15,2,0,-1,0,-1,-1,0
78.488171,-5,-25,-7,-6,-1,-2,-1,-3,0
78.488189,6,8,-3,2,-1,-1,0,0,0
78.490414,-5,10,17,5,2,0,0,-1,0
78.490417,2,-3,-8,-2,-2,-2,0,2,0
78.502353,17,11,-4,-5,-4,-3,-1,0,0
78.502375,-5,-9,7,5,2,-1,0,0,0
78.513045,0,-4,-7,-2,-1,-2,-2,-2,0
78.513050,38,7,0,-5,1,0,0,0,0
78.526171,-55,-8,-1,0,-3,-1,1,-5,0
78.526200,-4,1,-4,-4,-3,0,-2,0,0
78.529179,0,4,-2,-1,0,-1,-2,0,0
78.529186,5,-6,1,0,0,-2,1,-2,0
78.548419,22,0,-4,0,-1,-1,-1,-1,0
78.548503,2,9,-3,-1,-3,-1,-2,-1,0
78.549795,-6,-1,3,-3,-1,-1,0,-2,0
78.549810,-13,8,-5,1,0,-1,0,2,0
78.561854,11,1,5,0,0,-2,-1,-2,0
78.561876,-10,-10,-2,2,1,-1,1,0,0
78.572273,10,-10,-2,2,-1,-2,-2,0,0
78.572279,-14,7,1,2,-2,0,-1,-2,0
78.585925,13,5,-5,0,-1,0,-1,1,0
78.585948,11,0,1,-5,-3,-2,-2,2,0
78.588067,-19,-1,-16,-2,-2,-1,-2,-1,0
78.588071,8,1,20,2,1,-1,0,-3,0
78.608255,-25,4,-4,-7,-4,-1,-2,-3,0
78.608260,4,-10,-10,2,-1,-1,-1,-1,0
78.609476,8,16,18,0,-2,-2,-2,-2,0
78.609488,-14,-6,-12,-3,-2,-1,-1,-1,0
78.623242,25,8,0,1,-1,-2,-2,3,0
78.623247,5,2,3,-2,1,0,-2,-5,0
78.631733,-14,-14,-11,-1,0,-3,0,1,0
78.631748,0,8,6,0,-1,0,-4,-4,0
78.645706,13,2,-1,-4,-1,1,1,1,0
78.645725,0,0,0,-2,-1,0,0,2,0
78.647332,-6,-4,-1,-3,-2,0,-1,-2,0
78.647383,-7,-11,-3,-2,0,-2,-1,-1,0
78.669179,2,4,-3,1,0,-1,-1,0,0
78.669185,-5,1,1,-2,-2,-2,-2,-2,0
78.669549,4,-5,-6,-2,-2,0,0,-1,0
78.669555,-6,0,4,1,0,-1,1,1,0
78.682219,5,-1,-3,0,-1,-1,-1,0,0
78.682265,-1,-6,-4,-1,0,-3,-2,-2,0
78.693214,-2,-5,-2,2,-1,-2,-2,-2,0
78.693219,-3,-3,-6,-3,-2,-1,-1,-1,0
78.705820,4,-7,5,-1,0,-1,0,1,0
78.705886,-2,2,-4,-1,0,1,0,0,0
78.707378,0,-2,-4,-4,0,-1,-1,0,0
78.707386,-1,0,-3,1,-1,0,0,3,0
78.728461,-7,-2,-1,1,-1,-3,-2,-4,0
78.728485,-4,-18,-4,0,-1,-1,-3,-2,0
78.730330,1,9,3,0,1,0,1,1,0
78.730337,-1,-28,-13,-6,-4,-2,-2,-3,0
78.750625,31,31,6,1,0,1,-1,0,0
78.750652,-40,-4,3,0,-2,-1,-1,-2,0
78.753436,-11,7,0,0,1,1,-1,0,0
78.753442,22,-10,-10,-6,-3,-3,-2,-1,0
78.765997,-19,-5,-1,1,-1,-2,-3,-4,0
78.766044,29,1,2,-3,-1,-1,0,0,0
78.767015,-13,-3,3,1,-1,-1,-1,-2,0
78.767034,-10,3,-3,-3,-1,-1,-2,0,0
78.788433,10,-3,-2,-6,-2,-2,-2,-1,0
78.788451,9,20,3,4,1,1,1,2,0
78.789898,-1,-14,-4,0,-2,-3,-2,-2,0
78.789902,-6,5,-3,-1,-3,-1,-2,-5,0
78.810686,1,-6,6,2,0,-2,0,0,0
78.810707,-8,7,7,-5,-1,-1,-1,-1,0
78.812287,7,8,0,0,0,-2,-2,-1,0
78.812305,1,-3,1,0,1,0,-1,2,0
78.826268,-16,-4,-4,-3,-2,-1,0,-6,0
78.826274,21,-19,-6,1,-1,0,0,2,0
78.827268,12,10,-3,-3,-3,-1,-2,-3,0
78.827286,-26,5,2,-1,-2,0,-1,-1,0
78.848571,-2,-8,-5,1,1,0,1,1,0
78.848600,-2,2,1,0,0,-1,-1,-2,0
78.851175,22,-4,-5,-2,-2,-3,0,1,0
78.851182,3,0,6,3,0,0,0,1,0
78.872857,-5,-3,-3,-4,-2,0,-2,-1,0
78.872861,3,0,-4,-2,-3,-2,-2,-3,0
78.872864,-5,-8,-2,-2,-2,-1,-1,0,0
78.872866,-7,10,2,-1,0,-2,-1,-3,0
78.885051,0,1,0,-1,0,-2,0,-1,0
78.885074,-2,1,-6,-3,-1,-1,0,0,0
78.891945,-8,-8,-2,-2,-3,-1,-2,-1,0
78.891959,0,-2,1,3,0,0,-1,3,0
78.908454,7,4,2,1,1,0,-4,-2,0
78.908475,-9,-2,3,0,-1,0,0,-1,0
78.909730,0,1,-2,-2,0,0,-1,0,0
78.909736,-2,-17,-8,-4,-1,-2,-1,-5,0
78.931034,1,-3,-9,0,-2,-1,0,-1,0
78.932361,-8,-11,24,2,0,-1,-1,-3,0
78.932367,12,3,-6,-3,-1,0,1,-1,0
78.932369,-21,8,6,4,1,1,0,0,0
78.944957,-6,-3,-5,0,-3,-1,0,-1,0
78.944979,2,3,-3,-2,-1,-1,-2,-2,0
78.951925,6,-16,0,-2,-1,0,0,1,0
78.951949,24,10,-1,-2,0,-2,-1,-1,0
78.968115,-68,-2,-1,-4,-1,-2,-2,-1,0
78.968137,-6,7,-1,-2,-1,0,-1,0,0
78.969580,1,-11,0,3,-2,0,1,-3,0
78.969593,10,0,-3,-5,-2,0,0,1,0
78.990906,10,3,6,3,0,0,0,-2,0
78.990928,-18,-7,-10,0,0,-4,-2,-1,0
78.992936,-16,3,5,0,0,-2,-1,-2,0
78.992947,8,-1,0,2,-1,-2,-1,-2,0
79.004947,15,-1,-1,-3,-1,0,1,1,0
79.004971,0,-3,-5,-1,-2,0,-1,-3,0
79.012140,1,5,-1,-1,-1,0,-2,-1,0
79.012160,-13,-3,-3,-2,-2,-2,0,-1,0
79.029627,12,-2,4,0,-3,-2,-1,1,0
79.029633,5,0,-3,0,0,1,0,-3,0
79.029738,-7,3,4,3,0,-1,-1,1,0
79.029744,2,2,-4,-5,-1,-1,0,0,0
79.050629,2,1,-4,1,-3,-1,-3,-2,0
79.052142,37,14,10,-1,-1,-2,1,2,0
79.052151,-34,-10,-2,0,0,-1,-1,-1,0
79.052220,-2,9,0,-1,-2,1,0,-2,0
79.065172,11,-3,-3,-4,-2,-3,-1,-1,0
79.065199,-12,-6,-13,-3,-2,-1,-4,-3,0
79.071784,25,3,16,2,1,-1,1,0,0
79.071803,-3,-1,8,2,0,0,0,1,0
79.091046,-9,-8,-1,3,1,0,-1,-2,0
79.091051,10,0,-7,-2,0,-2,0,-1,0
79.091054,-5,9,0,-3,-3,-1,-2,-1,0
79.091055,-3,-6,-2,0,-1,-1,-3,-1,0
79.111124,7,3,1,-3,-1,-1,-1,-1,0
79.111157,-7,3,1,3,-1,-1,-1,0,0
79.113865,20,-11,-6,-4,-2,-3,-2,-2,0
79.113873,-74,-12,-2,2,-3,-3,-2,-5,0
79.124829,12,0,-6,-4,0,1,-1,-1,0
79.124840,-9,-5,-3,0,-1,-3,-2,-2,0
79.132152,-7,2,-2,-1,0,-1,0,0,0
79.132180,28,4,2,-4,0,-1,-1,-1,0
79.148667,-5,-21,-6,-1,-2,-2,-1,-1,0
79.148712,-12,-3,2,-3,-1,-1,-1,1,0
79.149922,4,25,-1,0,-1,0,-1,-2,0
79.149927,7,-23,-11,-2,-1,-2,-1,0,0
79.170535,-4,21,6,-1,1,-2,0,-1,0
79.170554,5,-1,-3,-2,-2,0,0,0,0
79.172053,-6,-9,-3,1,0,-1,-2,1,0
79.172076,4,0,-5,-1,-1,-1,0,-3,0
79.184942,0,-7,-1,-3,-2,0,-2,-2,0
79.184969,0,1,1,-1,-3,-2,0,0,0
79.191725,-6,-3,-5,-2,-2,0,0,-2,0
79.191742,1,4,0,1,0,-1,0,-1,0
79.208013,3,-5,0,-1,-2,0,1,0,0
79.208075,1,9,1,2,0,-2,0,0,0
79.209466,-8,-7,-5,0,-4,-2,-1,-3,0
79.209492,10,-6,6,0,0,-2,-2,1,0
79.231769,1,-1,0,-1,0,-2,0,-1,0
79.231783,-6,-11,-6,-3,-1,-1,-4,-3,0
79.232456,2,16,6,0,1,0,-1,1,0
79.232476,-7,1,-2,-1,-1,-1,-2,-2,0
79.244445,-4,25,6,3,-2,-2,-1,0,0
79.244467,9,-19,-2,-3,-2,0,1,0,0
79.254583,18,-1,-1,-4,0,0,-1,1,0
79.254587,-29,-4,1,2,0,0,0,1,0
79.268160,-4,-21,-14,-4,0,-1,-1,-3,0
79.268182,-6,10,4,1,-1,-1,-1,-3,0
79.270299,3,-7,-2,1,-1,0,0,0,0
79.270309,7,14,-2,-3,-3,-2,-3,-3,0
79.291039,-3,-9,2,0,-1,-1,-1,0,0
79.291073,2,3,-4,-3,-1,0,-1,-1,0
79.293976,-8,-7,-2,-2,-1,0,-1,-3,0
79.293990,5,-6,-4,-3,-2,-3,-2,-2,0
79.304539,1,2,-6,-1,-2,-1,0,1,0
79.306457,-1,-1,-9,-5,-1,1,-2,-1,0
79.314457,-4,6,2,5,0,-3,1,2,0
79.314464,5,-2,5,0,-2,2,-1,-3,0
79.328250,8,0,1,1,-3,-1,-1,-1,0
79.328276,-8,-3,-2,-1,-1,-1,-2,1,0
79.329691,-6,-20,-9,-2,-2,-1,-3,-2,0
79.329746,8,20,1,-2,0,-1,0,0,0
79.350591,6,7,-4,-2,0,-3,-2,-4,0
79.354686,-12,-13,1,-1,-1,-1,-2,0,0
79.354691,-6,-2,-1,-2,-2,-1,-2,0,0
79.354692,11,-1,10,3,0,-1,-2,1,0
79.364600,-3,-2,-1,-1,0,1,1,0,0
79.364646,3,10,1,-1,-1,-3,-1,-1,0
79.374021,-1,-1,0,0,0,-2,-1,-3,0
79.374026,-1,-8,-2,-2,-2,-1,0,1,0
79.388781,14,1,-7,-1,0,0,-1,1,0
79.388793,-35,-3,-4,-4,-1,-1,0,-4,0
79.389640,0,-2,11,5,1,1,-1,-3,0
79.389646,-2,-1,-7,-4,0,-3,1,1,0
79.410817,-2,-9,-4,4,1,0,-1,0,0
79.410847,11,10,6,0,-1,-2,0,0,0
79.413510,-5,3,-5,-4,-1,-1,-2,-2,0
79.413518,4,-2,-4,-3,-1,1,-2,-1,0
79.424292,-1,-3,-1,-2,-2,0,-2,-2,0
79.424313,3,-4,-3,2,0,-2,-2,0,0
79.434909,-7,-1,-5,-3,-2,-2,1,-1,0
79.434914,4,-2,1,0,-1,-1,0,0,0
79.448532,-7,-1,2,-1,-2,-1,-1,0,0
79.448584,2,0,0,0,-1,0,-1,-2,0
79.450678,0,-2,-3,-2,-1,-1,0,-1,0
79.450683,0,-5,-3,-2,0,-2,-2,-1,0
79.470945,-4,1,-2,-4,0,-2,-1,1,0
79.473857,3,11,7,5,-1,-1,-3,-2,0
79.473865,-3,-23,-5,-3,-2,-1,-1,-2,0
79.473867,0,20,1,-2,-1,-1,-1,0,0
79.484306,-5,-8,6,1,1,-1,-1,-1,0
79.484326,12,-2,1,-1,-1,-1,-1,0,0
79.495089,-10,-11,-13,-4,0,-1,-2,-2,0
79.495104,-3,11,16,4,-1,2,-1,-1,0
79.508180,-2,-4,-1,-5,-3,0,-1,2,0
79.508203,0,1,-7,-1,1,0,-1,-2,0
79.510997,5,4,6,2,0,1,-2,-1,0
79.511007,0,-8,-8,0,1,-2,1,-2,0
79.530931,-3,3,-1,-5,-3,-2,-2,-2,0
79.531005,2,-5,5,-1,1,-1,-2,2,0
79.532298,1,5,-3,-1,-2,-2,-1,-1,0
79.532322,-1,-6,-2,-3,-2,0,-1,2,0
79.544490,0,11,-1,-2,-2,0,-1,-5,0
79.544514,-7,-21,-7,-5,1,-1,0,0,0
79.554839,-2,15,4,2,2,0,-1,-2,0
79.554845,-2,-19,10,3,-1,-1,0,-2,0
79.568211,1,12,-1,-1,-2,-1,-1,0,0
79.568240,8,5,-5,-2,-2,-1,0,1,0
79.570916,-7,6,0,-3,-2,-2,0,0,0
79.570919,-1,-9,-3,-2,-1,0,0,0,0
79.591172,-5,-13,-3,2,-2,-1,-2,0,0
79.591179,1,10,-2,1,-1,-1,-1,-1,0
79.592063,11,-11,-9,-3,0,-1,0,2,0
79.592076,7,14,3,-3,1,0,0,0,0
79.604578,-47,-7,6,2,2,-1,-1,-4,0
79.607448,8,3,-1,-2,-4,-1,-2,-1,0
79.614666,-29,-13,-4,-2,0,-3,-3,-9,0
79.614674,9,-4,-4,-2,-3,-1,-2,-1,0
79.628427,10,0,-2,-1,0,-1,0,-1,0
79.628454,4,-3,-2,-1,0,0,1,1,0
79.630239,6,5,9,1,-2,1,-1,2,0
79.630247,-8,-3,-6,-3,-2,-1,-1,-1,0
79.650615,13,0,-4,-4,-3,0,0,0,0
79.650631,-19,-1,-3,0,-2,-1,-2,-1,0
79.652223,7,-24,-3,-1,-2,1,-1,2,0
79.652265,-5,36,2,-1,-2,-3,-1,0,0
79.673174,9,-2,4,0,-1,0,0,0,0
79.673199,2,-3,-1,-1,1,-1,-2,0,0
79.674752,-3,-2,2,0,-2,0,1,-1,0
79.674768,13,6,1,0,-3,-3,-1,0,0
79.688367,23,3,-3,4,2,-1,0,1,0
79.688384,-43,-6,-2,-2,-1,1,0,-2,0
79.690065,3,4,1,-1,-3,-2,-2,0,0
79.690073,-11,-18,-4,-1,-1,-2,-2,-5,0
79.710856,23,2,1,-2,-2,-1,1,0,0
79.710974,13,-2,-6,-1,-1,-1,-1,-1,0
79.712659,-10,4,-1,-3,-2,-1,0,-2,0
79.712666,4,2,-1,-4,-4,-1,-1,0,0
79.733127,-12,-30,-7,-5,-2,-2,-3,-1,0
79.733145,9,20,-3,-2,-3,-2,-2,-2,0
79.734745,-5,11,12,4,2,-1,0,0,0
79.734920,0,-9,-4,2,0,0,-1,0,0
79.748475,-2,3,2,-1,-2,-2,0,-1,0
79.748509,1,-14,-8,-2,-2,-2,-1,-4,0
79.749582,1,7,-5,-5,0,0,-2,-1,0
79.749589,-7,-4,-4,2,0,0,-1,-1,0
79.771227,0,6,4,0,-2,-3,0,1,0
79.771249,22,1,3,-3,-1,-1,0,0,0
79.773964,7,7,-2,3,1,-2,-2,0,0
79.773968,-30,-15,-1,-1,0,-2,-2,-3,0
79.793151,-9,6,3,-1,1,1,-1,-2,0
79.793195,2,-15,-3,0,-1,-1,0,0,0
79.794946,-2,24,11,-1,-3,-2,-2,0,0
79.794971,10,-10,-9,-5,-2,-1,0,0,0
79.808953,-4,3,-3,0,-2,0,-3,0,0
79.808959,-6,-2,0,-1,-1,0,2,2,0
79.809518,11,2,-6,-2,-1,0,0,0,0
79.809524,-2,2,2,-1,-1,0,-2,-4,0
79.830758,-12,-8,-2,1,0,0,1,-1,0
79.830782,2,16,9,5,2,-1,-2,-2,0
79.832876,-6,-27,-3,1,-2,-1,-1,0,0
79.832886,2,13,-11,-5,-2,0,0,1,0
79.853134,5,-7,7,-1,0,0,1,-1,0
79.853162,-13,2,6,3,0,0,0,0,0
79.854697,4,3,-2,-2,1,-2,-1,-2,0
79.854701,-3,-6,-8,-2,-2,-2,-1,-3,0
79.867464,-1,4,-5,0,-1,-1,-2,-1,0
79.867491,-1,-6,4,-4,-2,0,-2,-1,0
79.874616,-2,-1,1,0,0,1,-2,1,0
79.874635,2,-4,3,0,-3,1,0,1,0
79.890913,-1,3,-8,-4,0,-1,-2,-2,0
79.890927,35,-3,-11,-2,-1,-3,-2,0,0
79.892500,-53,-5,8,1,0,0,1,-1,0
79.892504,8,-10,-1,-3,-2,-1,-2,-3,0
79.913195,-3,-7,-4,1,-1,-1,-2,-2,0
79.913219,-11,15,0,-2,-1,-1,-3,-2,0
79.915660,26,-6,-11,-5,-2,0,-1,-1,0
79.915682,0,21,15,8,4,0,3,2,0
79.927672,-12,-4,3,-2,0,-2,-1,1,0
79.927694,10,-7,2,0,-2,0,-1,0,0
79.934426,1,-6,-8,-3,-3,-2,-2,-1,0
79.934450,-4,-3,1,-4,0,0,-1,1,0
79.950637,5,-3,-14,-1,-1,-2,-1,-2,0
79.950654,-15,-1,7,0,0,-1,-1,-2,0
79.952150,3,0,0,-1,0,-1,-1,0,0
79.952163,5,1,-4,-1,0,-1,-1,0,0
79.973221,-12,-1,-1,-3,-1,-1,-2,-3,0
79.973251,7,-6,-4,-2,-2,0,0,-2,0
79.975923,-13,2,0,-2,-3,-1,-2,-1,0
79.975928,-1,-6,-3,1,-2,-2,-2,-1,0
79.987523,6,8,1,-1,-1,1,0,1,0
79.987546,-3,4,-4,0,0,-2,0,-3,0
79.996317,32,-16,0,2,1,-1,-1,0,0
79.996323,2,2,1,1,-2,-1,-1,0,0
80.011525,-14,-7,4,-1,0,0,-1,-2,0
80.011539,-13,3,-2,0,-2,-1,-2,-2,0
80.012253,1,4,-3,-3,0,0,1,-2,0
80.012269,3,5,-6,-2,0,-1,-2,3,0
80.033500,8,-3,7,1,-1,0,-2,-4,0
80.033524,-5,-3,1,-3,-4,-1,-1,2,0
80.035283,1,3,-7,-3,-2,-3,-2,-2,0
80.035287,1,-7,1,-1,-2,0,1,-1,0
80.047741,-3,1,-5,0,0,-2,-4,-2,0
80.047769,-6,-5,0,2,0,-1,-1,-1,0
80.054686,4,8,-2,-7,-2,-2,-2,-1,0
80.054702,-10,-5,0,1,-1,-1,-1,-3,0
80.070988,-13,1,-1,0,-4,-1,-2,0,0
80.071011,-1,-6,-3,-5,-2,-2,-1,-2,0
80.073422,-3,9,5,4,-1,0,-1,0,0
80.073428,-3,-11,-2,-4,0,-2,-2,-3,0
80.093636,6,-20,-8,-3,-4,-2,0,-2,0
80.093656,13,31,18,4,2,0,0,3,0
80.096654,0,-7,-13,-2,-4,-2,-1,-4,0
80.096660,-27,-12,-4,-2,0,-2,-2,-2,0
80.107448,-3,6,-3,1,0,-3,0,-1,0
80.107470,-5,-15,4,1,1,0,-1,-1,0
80.114477,-1,-2,2,0,-1,0,1,0,0
80.114514,17,8,2,0,-1,-1,-2,0,0
80.130673,22,5,-6,-2,-1,-1,-1,1,0
80.130697,-23,-13,-9,-5,-3,-1,-1,-3,0
80.132596,-12,6,1,1,1,-2,-1,-2,0
80.132608,5,4,-2,-3,0,-2,0,1,0
80.153178,10,5,1,-1,0,0,0,-2,0
80.153194,-1,-4,-4,1,-1,-2,-2,-3,0
80.154576,-1,0,2,-1,-1,-1,-1,0,0
80.154589,3,-15,-10,-4,-3,-2,-3,-4,0
80.168254,-16,17,9,-2,-2,-1,-1,0,0
80.168261,1,8,11,-1,-1,-1,-1,-1,0
80.178293,4,-5,-6,0,0,0,-1,0,0
80.178306,0,-6,-2,-2,-1,0,-1,0,0
80.190720,0,5,-3,0,-1,-2,-2,0,0
80.191697,-7,-18,-7,-1,-1,-2,-1,-2,0
80.192071,1,11,7,0,0,-1,-1,-1,0
80.192084,0,14,4,1,0,-1,-1,-2,0
82.215363,86,-118,-44,-17,-8,-5,-4,-7,4
82.215819,57,86,27,4,0,1,2,116,4
82.215824,71,-61,-13,-6,-1,-2,-9,-36,4
82.216010,77,-27,-31,-6,-5,-2,5,47,4
82.238508,-91,-77,-3,9,-4,1,2,-33,4
82.238539,44,-68,1,-27,-8,-10,-17,-60,4
82.241028,-127,1,-16,0,-1,-1,0,15,4
82.241034,-12,35,-1,7,-3,1,8,29,4
82.251808,54,27,18,-1,6,6,7,19,4
82.251831,102,-85,1,1,-2,-3,6,-14,4
82.267536,-18,80,-24,-4,-1,-3,-2,22,4
82.267558,-64,27,12,-1,0,3,1,15,4
82.275296,27,42,-22,1,1,2,11,7,4
82.275315,-121,-48,-4,7,-3,-2,-9,17,4
82.277722,2,-24,-18,-9,-3,3,18,13,4
82.277731,109,69,41,27,10,8,4,-5,4
82.298362,-67,113,-24,-8,-1,-1,-5,-23,4
82.298397,-40,2,-1,2,-2,-1,4,40,4
82.299760,-40,19,20,4,6,6,2,-79,4
82.299765,71,46,0,-1,-5,-5,-2,24,4
82.311853,-17,-128,-16,-12,-1,-4,-5,2,4
82.311891,37,46,-77,-25,-7,-3,-4,52,4
82.319856,-48,9,28,8,3,0,-1,45,4
82.319872,17,38,5,7,2,-2,-13,-99,4
82.335195,55,-80,28,10,3,2,3,42,4
82.335220,-55,102,3,-7,-4,-3,-9,-85,4
82.337389,34,-69,-55,-9,-11,-5,-6,-44,4
82.337394,100,-21,75,2,7,3,11,127,4
82.358165,-82,-19,-10,-8,-3,1,-9,-34,4
82.358183,-17,-93,-80,-40,-13,-9,-23,-27,4
82.358638,21,92,11,40,4,5,5,0,4
82.358649,-25,87,11,4,-2,-8,-14,-72,4
82.371967,47,27,-48,-11,-8,-10,-14,-76,4
82.371995,58,-39,-51,-7,1,8,18,28,4
82.380003,53,127,51,-14,-13,-15,-16,-19,4
82.380038,-58,-55,-20,-15,-4,-4,-5,12,4
82.395078,-62,-37,44,25,12,12,19,6,4
82.395101,-51,80,-13,-6,-3,-4,-3,-37,4
82.396386,-45,-105,-4,-11,0,1,-4,49,4
82.396391,99,-92,-22,-5,-2,-1,4,-43,4
82.418026,13,-36,-2,-11,-6,-8,-3,19,4
82.418034,-34,-19,49,23,8,3,10,56,4
82.418729,7,127,22,6,3,0,-17,-88,4
82.418742,-112,-114,15,-1,3,4,-1,7,4
82.433239,78,-79,-1,-13,-11,-12,-4,87,4
82.433246,3,84,25,14,4,2,10,42,4
82.440145,-30,43,-13,14,2,0,4,-42,4
82.440161,-91,81,-46,-22,-7,-3,-2,-32,4
82.455357,52,120,-30,-6,-4,-2,-8,-20,4
82.455382,97,64,12,6,1,0,4,26,4
82.456957,-84,39,38,1,8,8,8,-29,4
82.456961,-11,-26,-34,-7,-10,-10,-22,-32,4
82.479844,46,-44,-27,-27,0,1,11,33,4
82.479849,-18,-63,75,32,12,4,-11,103,4
82.479851,2,-128,-27,-11,2,5,10,-61,4
82.479853,113,-21,-98,-13,-9,-6,-1,-13,4
82.492058,-87,82,63,23,3,1,6,0,4
82.492092,-29,-62,30,1,-3,-4,-15,-59,4
82.500027,98,-128,1,8,0,-3,-10,31,4
82.500053,-89,-48,5,-9,1,7,26,49,4
82.515279,-1,-26,-25,-8,-8,-14,-25,24,4
82.515304,95,28,-56,5,0,1,15,-48,4
82.515692,92,-22,-12,-2,0,-5,-10,-40,4
82.515698,-83,9,14,3,-7,-5,1,16,4
82.538158,-9,-77,-30,3,6,3,2,88,4
82.540067,12,62,-15,-11,-4,-4,4,17,4
82.540074,0,-89,-39,-26,-9,-4,-1,-48,4
82.540076,22,102,75,31,12,9,14,34,4
82.560735,-53,-45,29,11,6,7,4,-110,4
82.560761,-7,-33,-37,-15,-3,-4,-2,22,4
82.561633,56,36,2,-19,-7,-9,-12,27,4
82.561654,-71,-111,5,13,5,1,-1,26,4
82.575170,22,96,12,11,1,3,-3,-40,4
82.575188,1,-118,-15,-8,-4,1,5,-59,4
82.575675,-81,-16,18,10,2,7,14,26,4
82.575744,20,-62,0,-9,-2,-4,-11,2,4
82.598573,-34,32,-8,3,8,12,17,80,4
82.598627,-111,3,46,10,-9,-6,-9,-86,4
82.600290,-20,125,30,11,5,-2,-2,50,4
82.600295,74,-11,-25,-9,-1,2,2,-50,4
82.620737,-102,37,49,15,1,2,7,3,4
82.620828,93,-21,-1,0,1,3,5,14,4
82.621401,3,7,-13,-11,-3,-4,-4,-30,4
82.621481,6,-19,-4,0,0,1,-2,4,4
82.636131,54,72,6,-7,-1,-5,-5,39,4
82.636137,-87,-71,2,-4,0,-2,-14,-53,4
82.636139,12,3,-47,-22,-11,-8,0,45,4
82.636141,-26,123,9,20,0,-2,-8,-57,4
82.658334,59,-2,-8,-6,0,0,-1,44,4
82.658364,-5,-41,10,-1,-3,-3,-1,37,4
82.660599,-38,-18,-3,13,7,5,1,-3,4
82.660612,-6,-6,-14,-11,-6,-2,-1,34,4
82.682767,22,10,5,1,-5,-5,-3,-10,4
82.682784,-20,-3,-60,-7,0,3,-6,-29,4
82.682788,81,29,-50,-10,-1,-1,-1,60,4
82.682793,-39,-60,46,12,4,-4,-13,-36,4
82.694991,6,-60,-36,-3,-4,-2,-3,17,4
82.695026,82,94,-22,-10,-6,-6,2,20,4
82.697246,51,-38,-29,-3,-2,4,12,16,4
82.697267,22,64,7,0,5,2,6,57,4
82.718071,27,-102,-15,-9,-4,-4,-6,-44,4
82.718136,-62,6,37,22,7,3,0,-39,4
82.718852,18,17,29,4,2,-1,2,45,4
82.718900,32,-6,-5,-13,-5,-2,7,-8,4
82.740588,-18,14,-6,-3,-5,-3,-4,-11,4
82.740613,-32,-27,-40,-11,0,-1,9,67,4
82.741964,68,52,95,41,5,-4,-7,-22,4
82.741968,-49,-75,-56,-22,-8,-3,-1,12,4
82.755181,37,14,-3,7,1,4,15,18,4
82.755198,-67,-56,-15,-20,-7,-6,-11,-31,4
82.756755,1,-19,-22,-6,1,6,14,117,4
82.756759,-42,48,11,4,3,1,-3,-80,4
82.778299,15,107,30,8,-3,-4,-7,-5,4
82.778318,35,83,30,11,7,3,5,11,4
82.778803,-50,-32,11,-8,-2,-4,-9,-41,4
82.778809,28,-41,-8,2,-3,-4,-9,28,4
82.800698,-21,-64,-34,-10,-6,-1,6,-25,4
82.800722,37,8,34,8,6,1,-1,10,4
82.803449,-71,-27,19,6,4,2,-15,-85,4
82.803453,-36,-73,-5,-14,-8,-8,-7,-26,4
82.815242,113,43,-13,-5,1,1,-1,-55,4
82.815291,-45,127,17,4,-5,-8,-10,23,4
82.817908,-63,-93,-48,-18,-7,-4,2,39,4
82.817914,90,127,54,12,10,8,12,-7,4
82.839695,-16,-69,-31,-13,-4,-2,3,12,4
82.839701,0,81,8,-2,1,1,1,-27,4
82.839703,3,115,10,6,2,1,7,94,4
82.839705,16,46,-1,0,0,-2,-7,-36,4
82.860842,-13,7,27,8,-1,0,-3,56,4
82.860872,80,-38,-13,-5,-3,0,-2,-33,4
82.863281,5,-51,-25,-6,-6,-4,1,15,4
82.863289,11,-80,20,-3,1,1,6,40,4
82.874936,-34,90,27,14,5,1,-4,-15,4
82.874958,-95,-80,-14,7,3,-1,-13,41,4
82.876437,-17,8,-22,-16,-10,-10,-16,-111,4
82.876446,74,-103,-38,-8,-3,3,17,127,4
82.898560,20,-27,-16,-10,-6,-9,-18,-57,4
82.898620,74,-37,9,3,0,4,8,-79,4
82.900727,56,-41,-36,-21,-6,-5,-8,-3,4
82.900734,-77,-74,-23,7,2,1,-1,8,4
82.920779,2,2,8,2,1,2,-2,5,4
82.920805,18,-55,-25,-5,1,5,25,72,4
82.921465,6,2,15,-4,-2,-1,-3,-49,4
82.921472,14,127,25,3,4,1,-5,37,4
82.934944,-47,64,34,8,3,-3,-16,-13,4
82.934967,64,31,14,7,-2,-4,-4,10,4
82.935586,-35,-9,-6,-3,2,3,-4,-76,4
82.935603,-48,11,-5,0,-5,-2,7,6,4
82.958191,18,-36,56,14,3,-2,-6,3,4
82.958213,-14,-17,-8,-5,-2,-3,-2,2,4
82.959290,32,60,-4,6,2,2,6,46,4
82.959294,-12,-110,-49,-19,-9,-6,-5,-48,4
82.980654,-40,-93,-7,-13,-1,-3,-1,10,4
82.980671,32,21,-36,5,-1,2,3,-40,4
82.981504,-108,-48,53,-8,3,-4,-9,-49,4
82.981534,75,104,47,0,2,1,-3,1,4
82.996120,41,-29,-25,-13,5,5,12,7,4
82.996127,-69,31,-2,-5,-8,-3,0,0,4
82.996128,-32,-84,56,19,6,0,-6,-39,4
82.996130,-97,-29,-24,-4,-2,-1,-1,-14,4
83.018186,0,73,10,6,3,2,3,-13,4
83.018208,43,127,15,-14,-4,-6,-12,71,4
83.020432,-49,-57,-48,-10,-4,2,14,46,4
83.020438,57,-93,5,-3,-2,1,-1,2,4
83.041596,-102,72,-2,-1,-2,-3,0,-19,4
83.041600,31,-46,1,14,5,3,11,39,4
83.041602,-89,30,-20,11,0,-1,-6,-55,4
83.041604,87,76,-15,-17,-6,-8,-17,-13,4
83.055107,-56,-33,-70,-6,-3,6,21,17,4
83.055184,-38,74,62,24,6,-4,-20,-72,4
83.057051,125,-75,-48,-31,-11,-6,6,92,4
83.057055,59,122,90,32,6,5,7,-18,4
83.078661,127,28,22,1,-1,-4,-12,-19,4
83.080352,2,-114,-1,-10,-1,-1,-1,-23,4
83.080359,100,2,4,10,0,0,4,22,4
83.080361,-22,-106,-32,-5,0,-4,-2,49,4
83.100654,9,30,-25,-2,2,-1,2,29,4
83.100679,50,51,48,14,3,6,9,0,4
83.102202,18,-29,-23,-7,-4,-6,-13,-38,4
83.102208,39,33,-35,-7,-6,-1,-2,42,4
83.114608,-100,45,32,16,3,-1,-8,-11,4
83.114666,71,18,1,1,-1,0,1,7,4
83.122899,-54,84,27,8,-1,-4,-10,1,4
83.122929,-46,-64,-3,2,2,4,9,-22,4
83.138290,6,-44,-2,-4,-3,-4,-9,-38,4
83.138304,51,72,-22,-13,-2,0,5,20,4
83.138868,-11,127,39,13,3,0,-2,-28,4
83.138881,-60,-73,-4,-2,0,2,7,-15,4
83.161236,-44,-37,-17,3,-3,-2,-5,11,4
83.161271,-106,-125,-13,-11,-5,-6,0,35,4
83.163476,81,103,26,5,-2,2,12,-57,4
83.163483,67,55,27,16,6,0,-22,11,4
83.174351,-1,-26,17,7,4,4,13,75,4
83.174374,14,36,-22,-4,-1,-4,-7,85,4
83.182926,-83,-113,-50,-24,-5,1,6,-1,4
83.182946,-74,70,-8,21,-2,-2,-23,-23,4
83.199690,19,-121,-43,-23,-5,0,12,8,4
83.199698,-128,2,89,19,3,0,-12,-21,4
83.199701,-11,5,1,0,1,-2,-4,7,4
83.199704,-5,-104,-58,-32,-8,-4,15,15,4
83.220976,121,50,45,15,4,-3,-12,-5,4
83.221066,33,-12,-31,-10,-5,-3,-2,-42,4
83.222549,95,108,20,-10,0,4,6,22,4
83.222553,30,-21,48,13,1,-3,7,15,4
83.234366,39,127,-10,-12,-13,-12,-28,-40,4
83.234391,-41,-35,9,-1,5,0,-1,-21,4
83.242788,70,-40,3,0,-1,-2,-1,84,4
83.242810,67,69,-45,-8,0,2,-3,-41,4
83.258671,29,-49,-33,-7,-2,2,23,113,4
83.258711,-40,67,2,10,0,-2,-20,-44,4
83.261704,-40,-13,-27,4,-4,-5,-3,19,4
83.261710,-25,127,33,8,6,1,13,44,4
83.280957,-117,-122,-17,4,4,1,-12,-127,4
83.280996,46,-2,-38,-13,-7,-3,-1,48,4
83.281312,3,-102,-23,2,-3,-1,4,6,4
83.281375,-65,25,-20,-15,-7,-3,4,75,4
83.294314,81,96,18,-10,-4,1,8,11,4
83.294340,74,56,-12,-5,2,-1,-3,-43,4
83.302685,-79,-48,35,8,0,0,6,40,4
83.302715,12,95,13,7,2,1,-7,-18,4
83.318046,-17,-106,-105,-37,-17,-11,-6,38,4
83.318067,110,15,36,16,6,6,-2,-89,4
83.319269,63,-5,-41,-10,1,0,-6,41,4
83.319273,-42,-128,-13,7,0,4,18,-36,4
83.339589,95,73,-12,2,2,-6,-8,-81,4
83.339597,-128,-11,8,4,-1,2,1,44,4
83.347819,71,8,-18,-6,-1,-4,-29,-50,4
83.347859,-82,5,43,0,1,4,7,-34,4
83.354307,39,-15,-16,-3,-4,4,10,-22,4
83.354323,57,23,-49,-11,1,0,15,42,4
83.362475,-52,49,46,33,8,3,-6,-60,4
83.362520,121,-68,-45,-15,-4,-2,-10,-11,4
83.378114,-68,-43,-28,-1,-5,-10,-9,-37,4
83.378143,-92,80,62,3,-1,-1,-25,20,4
83.380304,21,2,-28,-17,-4,-5,10,35,4
83.380311,32,-76,-58,-8,-6,-4,-8,-49,4
83.400968,-30,-58,39,20,12,8,9,79,4
83.400975,-45,-55,-50,-14,-14,-5,0,-37,4
83.401455,67,-5,-41,-30,-3,-12,-10,-7,4
83.401500,-82,-89,-13,2,0,-2,-9,-42,4
83.415331,-47,-54,0,4,2,4,10,36,4
83.415341,-90,69,45,23,10,5,1,-18,4
83.422725,48,37,27,7,0,4,2,105,4
83.422758,78,-31,-26,-15,-10,-9,-2,19,4
83.438360,-23,34,29,-9,0,-1,-9,-2,4
83.438379,-21,-91,-25,-16,-3,0,6,-14,4
83.440081,-109,110,13,11,4,3,13,-14,4
83.440088,86,123,-14,-15,-5,-7,1,70,4
83.460846,-83,-39,5,-5,-5,-6,-17,-86,4
83.462674,17,-122,6,-1,-1,-1,5,2,4
83.462678,-57,-6,-21,-6,-8,1,22,-19,4
83.462681,36,44,47,17,7,1,-4,5,4
83.483040,74,-10,23,3,-1,-4,-24,-38,4
83.483057,122,20,-59,-25,-10,-7,7,54,4
83.483883,-115,-110,-22,8,1,-1,5,-20,4
83.483902,91,92,17,9,5,7,1,43,4
83.498402,-84,-42,1,-3,-10,-9,-10,33,4
83.498422,32,3,-19,-13,-4,-6,-11,-47,4
83.499805,-3,108,46,19,6,3,2,-15,4
83.499810,-44,-58,14,4,-1,0,8,37,4
83.520695,-67,23,-6,-4,0,2,9,-35,4
83.520719,-29,13,-20,0,-3,-3,1,12,4
83.522410,-30,-100,21,5,-1,-1,-4,27,4
83.522422,-14,28,-46,-20,-10,-7,-7,-53,4
83.544347,-9,34,37,25,8,8,17,-3,4
83.544365,6,-28,-6,-3,2,1,14,48,4
83.544367,-44,46,2,1,0,-3,-17,3,4
83.544370,13,-110,2,-2,0,1,-3,-52,4
83.556987,76,79,16,-10,-6,-7,7,92,4
83.557013,-45,69,42,16,8,5,-15,-38,4
83.566666,54,42,34,11,9,10,10,-5,4
83.566675,-31,-99,-18,-8,-5,-3,6,26,4
83.580885,80,38,13,-6,6,8,6,6,4
83.580947,38,-2,18,11,-4,-4,4,-5,4
83.582634,-9,43,-11,-9,-4,-3,1,19,4
83.582644,-23,111,10,1,-5,-3,5,-36,4
83.603104,-101,-99,22,0,3,0,-16,14,4
83.603123,15,-4,-13,-13,-1,-5,-1,3,4
83.604674,47,71,19,5,-2,-3,-17,-2,4
83.604693,-36,-35,-25,-1,-2,-2,-8,-40,4
83.616941,94,-9,9,6,5,2,11,89,4
83.616964,-42,22,14,0,0,2,-3,-45,4
83.626315,112,-93,-21,-9,-8,-5,-3,-53,4
83.626320,-10,-55,1,-8,-3,-7,-10,45,4
83.640664,39,106,-4,2,0,-1,18,-13,4
83.640689,-22,2,-11,-9,-2,-4,-19,0,4
83.642646,-32,34,3,6,4,4,12,38,4
83.642653,-34,-5,-11,-12,-8,-10,-15,-68,4
83.663132,-31,-31,3,0,-1,-1,5,22,4
83.663155,-77,-115,28,27,11,13,17,8,4
83.664844,43,-48,-7,-11,-5,-9,-10,35,4
83.664862,11,21,14,-4,-1,0,1,-25,4
83.676920,-11,-23,-18,3,-2,-3,-12,-29,4
83.678328,101,-87,-44,-10,-2,-3,8,-3,4
83.686754,-59,-57,21,6,4,7,10,22,4
83.686769,35,102,30,7,4,1,0,-6,4
83.700497,-2,-78,-29,-13,-6,-5,-5,-43,4
83.700531,60,59,-47,-8,-7,-5,-6,-21,4
83.701933,-40,-57,-8,2,2,-1,-19,-28,4
83.701977,29,-44,9,5,0,1,-4,37,4
83.723061,118,28,-10,-8,-2,-1,1,57,4
83.723147,26,-49,-22,-12,-11,-6,0,-41,4
83.724760,23,28,20,3,1,-2,-1,-80,4
83.724770,-10,-60,16,11,9,6,3,113,4
83.737668,6,-27,-37,-15,-14,-14,-19,-72,4
83.737697,-19,-71,-50,-14,-7,-3,6,120,4
83.744475,74,11,20,5,0,-4,-11,-37,4
83.744503,-63,-107,-32,3,3,6,7,13,4
83.763282,-88,111,49,14,2,-1,-1,-52,4
83.763290,-84,-85,29,-4,0,-2,1,36,4
83.763293,74,79,13,-11,-3,-3,1,-20,4
83.763295,-31,-9,38,20,4,0,1,-2,4
83.783147,-3,96,16,12,4,1,3,0,4
83.783183,-31,-1,18,8,8,5,2,25,4
83.784601,-31,11,-33,-19,-10,-6,-3,5,4
83.784637,-77,51,30,3,2,-1,2,-44,4
83.798017,49,9,-36,-13,-4,-1,-12,-12,4
83.798067,-45,-21,8,2,-5,0,13,-44,4
83.804401,35,22,-27,-1,1,0,3,55,4
83.804424,-11,112,-45,-10,-3,-4,-17,-6,4
83.820744,-14,3,12,11,2,2,10,16,4
83.820768,25,-35,-47,-11,-5,-7,-21,-41,4
83.822830,-26,-48,-16,-8,-6,-1,13,49,4
83.822839,35,-51,-20,-10,-7,-7,-2,26,4
83.843264,-58,-5,-36,-15,-5,2,3,-21,4
83.843289,-8,127,82,30,8,-2,-13,-19,4
83.844977,76,31,27,5,2,-1,-9,-93,4
83.845104,-38,60,37,12,8,0,-9,36,4
83.857642,47,-19,-14,-8,-2,1,-1,-12,4
83.857660,10,46,-12,-10,-6,-5,-8,-1,4
83.864801,-14,-125,-22,-4,-3,-1,1,8,4
83.864840,-3,26,17,9,3,5,9,-6,4
83.880886,-62,-52,3,1,3,1,1,-65,4
83.880924,29,-15,14,-4,-5,-7,-18,0,4
83.883454,53,-21,-18,-8,1,3,14,65,4
83.883463,-76,26,20,9,3,4,-2,-93,4
83.903172,72,-37,14,5,-4,-10,-7,63,4
83.903209,25,-84,-2,3,5,6,-12,63,4
83.904773,1,63,30,14,6,5,16,-54,4
83.904796,52,90,-33,-13,-8,-7,-10,-14,4
83.917584,7,24,21,6,4,4,26,15,4
83.917616,84,37,-13,2,-1,1,1,-15,4
83.924438,-128,-92,-19,-12,-6,-5,-16,40,4
83.926031,-21,-10,42,4,2,0,-1,-28,4
83.940845,59,71,-5,1,5,3,-4,0,4
83.940873,-82,70,-4,-13,-9,-6,13,-9,4
83.942688,14,31,-13,3,4,4,-4,37,4
83.942704,-11,46,-25,-11,-3,-4,-2,-21,4
83.963411,-32,-86,-7,-17,-4,3,-1,16,4
83.963458,3,59,59,31,-1,-7,-8,-52,4
83.965710,-95,-10,-30,-13,-9,-10,-27,-90,4
83.965723,11,-45,25,2,-2,-1,0,-2,4
83.976778,-117,14,-6,8,3,3,-3,3,4
83.976816,66,-25,-15,-7,1,3,15,58,4
83.987070,60,-59,30,11,0,-1,1,-3,4
83.987080,-52,-78,-24,-6,-4,-1,15,-20,4
84.000680,30,11,-4,5,-2,1,-10,-17,4
84.000707,-8,73,16,-13,2,-1,-3,-4,4
84.002375,-23,52,-14,-10,-3,-2,-1,16,4
84.002404,-4,-23,1,0,0,-3,-2,17,4
84.023523,36,-76,0,-6,-8,-4,2,2,4
84.023564,-45,97,-33,7,4,3,1,5,4
84.025758,-80,51,-19,-4,-2,-2,8,23,4
84.025774,18,127,46,4,6,5,-5,0,4
84.036946,-51,-58,-65,-11,-9,-8,3,-61,4
84.039010,103,31,16,-10,-3,-1,-17,5,4
84.046252,108,53,-1,-1,2,3,3,-23,4
84.046267,-44,-58,-32,-4,0,1,14,93,4
84.061983,-69,-4,43,5,2,-6,-17,-36,4
84.061997,-16,-70,-23,-8,-3,-4,-4,12,4
84.062498,36,-14,-7,-8,0,-1,-2,7,4
84.062523,4,25,-23,-8,-4,-2,-8,-22,4
84.083242,11,-63,-14,1,5,6,-1,40,4
84.083270,-3,-10,-8,8,-7,-6,2,-42,4
84.084909,-35,44,37,4,3,-2,-1,15,4
84.084918,-1,-99,-52,-18,-7,-3,-6,34,4
84.097082,69,77,9,0,-2,-3,-2,-1,4
84.097119,24,27,8,1,4,2,3,12,4
84.105856,12,39,-5,-7,-1,1,3,-9,4
84.108502,43,-76,8,11,3,2,16,31,4
84.120764,-92,-64,-40,-3,0,0,-13,-15,4
84.120790,61,25,-15,-1,2,0,3,38,4
84.123372,-89,-104,-10,2,-2,1,16,21,4
84.123379,34,73,22,-5,-4,-1,-5,-21,4
84.143303,-77,-30,50,19,5,0,6,19,4
84.143332,-11,71,-15,-3,2,1,-1,-9,4
84.144941,-53,-19,18,7,0,-4,-14,32,4
84.144975,52,106,-7,-2,-3,-5,-14,-102,4
84.157146,84,57,19,1,0,1,11,69,4
84.157174,-127,-119,-2,-4,-1,0,9,-54,4
84.167082,3,-53,4,7,-1,-4,-4,-21,4
84.167091,42,46,11,16,6,6,0,74,4
84.180987,116,96,12,-7,-2,-3,-5,-8,4
84.181025,-19,-128,-61,-25,-9,-7,-3,12,4
84.182873,26,109,27,12,5,11,6,-6,4
84.182880,75,-73,-15,-15,-11,-9,-7,-9,4
84.203157,-61,-37,-57,-19,-6,-8,-8,-16,4
84.203174,24,11,28,7,7,7,5,10,4
84.204780,78,113,18,0,-6,-2,6,54,4
84.204813,75,85,53,14,6,-1,-18,-72,4
84.218367,-58,31,28,16,8,7,13,51,4
84.218468,31,24,1,-5,-4,-4,7,63,4
84.227155,-100,-101,-41,-5,-1,-3,-13,28,4
84.227165,-18,106,2,-6,-5,-6,8,-6,4
84.240874,68,-28,-30,-14,-6,-2,0,-12,4
84.240909,7,73,22,19,5,3,7,-19,4
84.242881,20,-48,-21,-11,-3,-5,-10,-53,4
84.242889,-11,25,20,5,4,8,15,47,4
84.263329,33,4,-18,-13,-8,-10,-14,-3,4
84.263365,-80,30,-16,-6,-1,3,7,-65,4
84.266498,95,124,26,11,9,5,1,-19,4
84.266512,50,-128,-46,-1,0,-3,0,2,4
84.276940,75,-45,-14,-4,-7,-14,-22,23,4
84.279054,-62,-95,-11,-1,-3,0,-6,-1,4
84.286224,-45,56,9,0,-2,-1,11,-24,4
84.286229,-49,127,-1,-1,-2,-1,-15,-7,4
84.300666,-83,127,79,24,13,9,15,9,4
84.300687,-31,-21,7,-1,-4,-6,-17,-38,4
84.302238,34,38,-22,3,0,-7,-10,1,4
84.302256,-51,-128,-5,-11,1,1,7,88,4
84.323136,40,-39,-1,4,0,4,2,-39,4
84.323158,107,103,40,7,-1,3,4,50,4
84.324480,76,100,40,10,6,2,0,-54,4
84.324512,-33,-22,-28,1,-3,-4,0,10,4
84.336718,-22,35,-29,-16,-4,0,1,1,4
84.338506,-3,55,51,9,11,7,9,-22,4
84.346555,-33,-17,-24,-2,-3,-4,3,3,4
84.346571,42,111,31,6,8,3,-3,-23,4
84.360932,-1,-33,-39,-25,-15,-14,3,-12,4
84.360943,-8,-113,-42,-6,-2,-2,-17,-17,4
84.362233,13,89,38,3,-3,0,2,22,4
84.362255,-110,-18,-44,-9,-5,-3,5,-47,4
84.383192,36,127,85,29,8,8,5,63,4
84.383222,3,-93,-19,-2,1,-4,-4,-57,4
84.385441,80,38,-21,-9,-2,-2,3,52,4
84.385447,-22,-84,-1,-7,-2,-2,-5,-32,4
84.405833,39,-91,-11,6,-2,1,8,42,4
84.405858,-47,6,63,10,6,4,19,63,4
84.408038,-31,58,41,5,1,-1,-17,-25,4
84.408043,-43,-15,-15,-10,-6,-4,5,-26,4
84.420935,-78,-37,-19,0,-1,-2,3,-14,4
84.420958,98,-51,-40,-12,-9,-9,-22,13,4
84.423662,-57,-126,-30,-7,-5,-2,7,-23,4
84.423669,74,5,29,2,-1,3,0,92,4
84.443160,-91,24,-48,-12,2,-1,-18,-16,4
84.443178,14,84,20,14,5,2,-2,23,4
84.444786,31,-39,7,3,4,3,-1,-56,4
84.444862,26,-128,-20,-10,-7,-9,-12,34,4
84.465823,113,16,8,0,2,1,4,10,4
84.467277,-5,-1,-23,-5,-2,-2,3,8,4
84.467284,15,5,-27,-3,-1,2,1,10,4
84.467337,-11,127,40,23,9,5,15,16,4
84.479741,38,-10,24,9,10,1,-13,18,4
84.479766,75,-47,-84,-28,-11,-7,-7,-50,4
84.488885,17,41,51,0,-1,-2,0,35,4
84.488889,48,35,-30,5,2,2,2,2,4
84.511245,20,104,21,-7,-2,-3,-1,20,4
84.511276,-36,-60,-69,-22,-12,-8,-11,-9,4
84.514264,-8,7,13,7,2,4,16,30,4
84.514273,24,111,33,7,2,-2,-2,75,4
84.525784,-128,-24,-7,9,5,3,-12,-26,4
84.525807,89,94,24,-13,-12,-8,1,-64,4
84.528721,-97,-128,-21,-3,-10,-8,-24,-43,4
84.528733,-47,65,-6,-4,2,1,7,26,4
84.540700,-2,71,29,2,1,5,11,9,4
84.540723,97,127,71,31,12,9,14,20,4
84.543588,25,-94,19,3,-2,-4,0,85,4
84.543595,103,-26,-21,-9,-3,-2,-21,-70,4
84.565003,30,92,7,8,2,1,6,-5,4
84.565010,-104,50,-12,-17,-5,-3,-2,0,4
84.565013,4,-77,-39,-2,-5,-2,0,1,4
84.565015,-28,-39,-9,1,0,-5,-10,-8,4
84.585734,17,65,5,-4,-4,0,5,-47,4
84.585756,-24,-6,-17,-4,0,4,13,59,4
84.587971,69,-90,-49,-16,-1,-9,-16,-35,4
84.587977,-50,19,-20,-18,-9,-6,5,-31,4
84.600080,80,-95,-81,-31,-12,-7,-5,70,4
84.600103,-128,20,-13,24,11,2,7,71,4
84.607120,40,-57,-33,-22,-14,-9,-18,12,4
84.607146,-11,-41,-1,0,-3,0,22,-13,4
84.623362,11,-128,-48,-23,-7,-1,-8,66,4
84.623392,-21,95,36,36,12,4,2,-53,4
84.626198,35,127,26,11,6,6,11,-82,4
84.626204,81,-54,2,1,3,5,13,54,4
84.645832,-80,88,23,4,-1,-4,-11,-94,4
84.645858,109,23,-19,-17,-11,-12,-27,1,4
84.647499,-60,113,48,31,11,8,8,-24,4
84.647534,-79,3,24,6,1,-1,-9,-70,4
84.660247,13,14,-15,-4,-2,-3,-4,-39,4
84.660278,-4,-42,25,5,6,3,3,54,4
84.666699,10,102,-24,-14,-2,-2,3,-14,4
84.666718,-67,-66,-42,-25,-15,-12,-17,18,4
84.683151,37,77,37,29,8,4,10,-55,4
84.683179,-39,-77,-3,-12,-5,-7,-26,-39,4
84.685200,82,46,-15,-11,-7,-2,3,54,4
84.685206,-56,93,26,33,10,8,7,87,4
84.705749,95,78,93,23,2,-2,-1,47,4
84.705763,-97,-33,9,-4,-2,-1,-4,-24,4
84.707044,-128,11,-16,9,3,-1,7,10,4
84.707075,127,-70,-34,-16,-7,-5,-18,-17,4
84.719999,5,-41,-29,-9,-5,-2,0,-37,4
84.720076,53,61,-5,0,-5,1,21,0,4
84.726669,-55,-75,15,14,12,8,-4,123,4
84.729970,-76,-33,-8,-11,-5,-9,-9,-104,4
84.743610,2,-8,16,6,0,-2,-6,-20,4
84.743647,6,-54,-36,-14,-2,3,15,9,4
84.746383,-11,-41,11,12,4,3,-2,-51,4
84.746391,-37,-57,-20,1,-5,-5,-6,15,4
84.765841,-58,48,19,0,0,-3,-13,-3,4
84.765856,-7,73,3,-4,-1,2,5,-2,4
84.767162,-50,-15,-6,-20,-7,-3,-3,-14,4
84.767170,33,70,20,10,6,3,1,-34,4
84.781351,10,3,-50,-6,-5,2,10,23,4
84.781366,-39,-46,8,-2,0,-1,-4,1,4
84.786966,-8,56,-4,8,-3,4,8,21,4
84.787001,-33,-106,-43,-33,-12,-15,-12,-1,4
84.803120,15,68,-10,-4,0,-1,2,-22,4
84.803143,-16,27,25,5,1,-2,1,11,4
84.804659,0,-92,14,2,1,3,11,53,4
84.804671,19,106,-20,5,-1,0,-7,12,4
84.825979,-19,-50,1,2,1,-1,5,33,4
84.826009,22,-30,32,1,0,-2,-4,14,4
84.828868,48,-65,-5,-12,1,6,25,8,4
84.828877,96,-27,96,31,1,-14,-38,-70,4
84.840457,-15,-89,-22,-3,-3,-1,-16,28,4
84.840491,25,-15,-23,-5,2,0,0,24,4
84.846975,70,7,-24,-15,-6,-1,-1,-9,4
84.847014,-32,45,-16,-12,-1,4,12,75,4
84.863363,-46,-29,-15,1,0,-2,2,-21,4
84.863394,16,-90,39,0,-1,-3,-2,-14,4
84.866202,-38,-4,4,0,-4,-5,-15,23,4
84.866209,10,12,22,7,17,13,11,-49,4
84.885734,83,-91,4,-10,-10,-11,-32,29,4
84.887889,-75,-41,-46,-15,-5,0,14,22,4
84.887896,-21,52,0,5,-3,-6,-14,-14,4
84.887898,5,23,-34,-19,-3,3,17,39,4
84.899495,-47,-22,9,5,4,7,22,30,4
84.899513,70,79,29,14,7,1,-13,-20,4
84.910203,21,44,6,-6,-4,-3,1,-5,4
84.910215,1,-28,-9,-6,1,2,6,21,4
84.923016,-115,-12,17,-8,-4,-5,-9,-68,4
84.923039,70,41,63,25,1,3,4,87,4
84.924452,70,-3,-30,-6,-6,-9,-7,10,4
84.924465,70,72,34,14,9,9,7,-14,4
84.945620,27,31,-3,-7,-1,-4,-5,-37,4
84.945639,78,-107,-87,-19,-6,-3,-3,19,4
84.947200,-48,2,-22,-19,0,-4,-23,-64,4
84.947225,24,44,9,8,3,1,2,31,4
84.959626,55,15,-6,-3,0,2,13,20,4
84.959654,-79,127,-10,7,1,-1,6,10,4
84.969348,-90,-95,-18,-2,-1,-1,-8,18,4
84.969355,-19,28,-3,-7,-7,-3,5,-34,4
84.983159,-51,57,-21,-8,1,0,-6,-3,4
84.983169,42,28,-30,-6,-3,0,8,-16,4
84.984824,56,89,-56,-17,-2,-3,5,11,4
84.984845,64,127,59,20,3,-1,-14,-63,4
85.005764,10,1,-12,-5,-3,-2,-2,-75,4
85.005788,-37,-88,-20,-26,-9,-6,-3,-105,4
85.008527,59,118,97,71,19,9,15,127,4
85.008532,-110,36,-43,-22,-8,-5,-7,-33,4
85.019249,62,-7,-30,0,-3,0,2,64,4
85.019272,15,-87,-18,-16,-4,-2,0,-5,4
85.029507,-18,29,9,6,-2,0,15,-8,4
85.029513,33,8,-1,-4,1,2,6,33,4
85.046765,11,-107,2,6,-9,-9,-29,-17,4
85.046772,86,79,31,10,-4,-2,2,14,4
85.046775,-112,-88,-7,-19,6,4,-7,-6,4
85.046777,8,-51,-15,2,-2,-3,7,40,4
85.065556,-17,83,23,-12,-2,0,8,32,4
85.065578,87,-66,35,25,9,9,10,77,4
85.067110,0,92,44,5,-2,-6,-22,-121,4
85.067128,49,-32,-40,-17,-5,-6,-34,-19,4
85.079350,14,-54,7,7,6,7,15,29,4
85.079378,-28,21,-68,-18,-10,-7,12,19,4
85.090094,89,35,-19,34,8,3,-12,72,4
85.090102,-101,-63,-58,-12,-7,-3,2,-28,4
85.103134,50,-68,-29,-7,4,2,9,26,4
85.103157,-72,96,0,-5,4,-1,-20,-96,4
85.105114,10,17,-80,-19,-7,-7,7,90,4
85.105123,-61,-62,18,7,-2,-1,4,35,4
85.125727,5,35,-26,-9,-4,-2,0,79,4
85.125816,0,40,32,4,3,2,-2,33,4
85.127294,-30,-126,-23,-28,-9,-2,-17,-40,4
85.127313,59,66,87,15,6,2,17,43,4
85.140173,23,-47,12,4,0,0,-2,-59,4
85.140178,-10,-93,15,6,1,0,6,47,4
85.149606,-109,15,3,-3,-3,-4,-11,-75,4
85.149616,2,20,-92,-19,-5,3,18,70,4
85.163173,-115,-95,-60,-14,-7,-18,-43,-88,4
85.163200,-43,7,-16,1,0,-2,-13,-28,4
85.165528,10,44,6,-4,-1,-2,8,-10,4
85.165536,-19,-25,-37,-19,-7,0,2,-37,4
85.186542,37,66,31,22,9,9,36,71,4
85.186551,-6,-107,0,-6,-4,-8,-34,-21,4
85.187098,-39,-27,-15,-17,-13,-4,5,-30,4
85.187112,53,50,1,16,6,0,2,13,4
85.199289,-61,66,51,13,10,7,-2,-64,4
85.199315,119,77,82,27,8,1,3,-12,4
85.209875,-22,-78,35,-5,2,-3,-10,0,4
85.209881,57,30,3,2,-2,0,6,2,4
87.233153,-63,-42,-8,-1,-2,0,0,-2,0
87.233627,-19,-14,-5,1,-1,0,0,-2,0
87.235872,-7,-4,-8,-3,-3,-4,-2,2,0
87.235878,15,8,-1,-5,-2,0,-1,-1,0
87.248540,25,18,0,0,-1,-2,-1,1,0
87.248601,-2,3,1,-2,-1,1,1,-3,0
87.250396,-12,-9,-5,0,1,0,-1,1,0
87.250401,2,-11,-4,-4,-1,-2,1,-1,0
87.270755,24,9,12,1,-1,-3,-3,-5,0
87.270782,-26,11,2,4,2,0,1,2,0
87.272148,-15,-29,-2,-3,-1,0,-2,-4,0
87.272167,-5,6,-3,-1,0,-1,-2,-1,0
87.294278,-2,-13,-7,-6,-3,-2,-2,-3,0
87.294322,17,13,-3,-4,-2,-2,0,1,0
87.296315,4,19,3,1,1,1,0,-2,0
87.296323,-8,-9,-3,0,-2,0,0,-2,0
87.308814,2,13,0,-3,0,0,-1,1,0
87.308836,5,-19,-2,-1,0,-1,-3,-1,0
87.309953,23,2,-3,-2,-3,-1,-1,-1,0
87.309963,-34,-52,-4,-4,-2,-2,-2,-3,0
87.331737,8,12,-5,0,-1,1,-1,-1,0
87.331743,-8,8,5,1,-2,0,0,0,0
87.332126,11,11,-2,-6,-2,-1,1,2,0
87.332132,25,13,6,4,1,-1,-2,-1,0
87.353245,-24,-7,-2,-1,-1,-1,-1,1,0
87.353267,-3,-9,-3,-6,-3,0,-2,-1,0
87.355587,3,-7,3,1,-1,-1,-1,0,0
87.355592,26,18,-2,-1,1,-1,-2,0,0
87.368105,-14,-5,-3,-2,0,-1,0,0,0
87.368127,4,-14,-6,-3,-1,0,0,2,0
87.370043,-12,12,3,2,-3,-1,0,-2,0
87.370047,7,-1,2,-4,0,-1,-1,-1,0
87.390554,28,-31,-2,4,0,0,1,1,0
87.390571,-46,-2,-1,-1,1,-2,-3,-4,0
87.393167,32,16,0,0,-1,-2,0,5,0
87.393173,-63,8,-13,-5,-3,-2,0,-5,0
87.413178,7,-2,15,-1,-1,-3,-1,-4,0
87.413207,-3,-10,-3,0,-1,0,-1,-2,0
87.415014,-4,-5,3,-1,1,-1,1,1,0
87.415118,18,10,2,0,0,-1,-1,1,0
87.427624,-7,-7,-3,-1,-3,0,0,-1,0
87.427649,23,6,0,-1,0,-2,-5,1,0
87.434271,-23,-9,-6,-4,0,0,0,-4,0
87.434295,3,-7,-3,-1,-3,0,1,3,0
87.451323,-8,22,3,-1,0,-1,-2,-1,0
87.451345,14,-1,0,0,0,-2,0,-1,0
87.452724,4,-4,-9,-4,-1,0,-2,1,0
87.452737,-23,-5,7,-2,0,-2,-1,-3,0
87.473074,7,2,-4,-1,1,0,1,3,0
87.473088,-8,-5,0,0,1,-2,1,-5,0
87.474487,-14,-11,-5,-2,-1,-2,-2,-1,0
87.474500,10,7,0,1,-1,-1,-1,0,0
87.488733,12,17,-2,0,0,0,9,3,0
87.488737,-11,-14,2,-3,-2,-3,-17,-3,0
87.494491,-28,-11,-6,4,0,-1,-2,-4,0
87.494513,9,-5,4,-1,-3,0,-2,-1,0
87.511107,-8,12,-9,-7,2,-1,0,-2,0
87.511139,5,2,0,-2,1,1,6,2,0
87.513549,-3,-6,-8,-2,-1,-2,0,0,0
87.513555,44,11,1,-2,-2,0,0,0,0
87.534588,-64,-19,-15,-3,-3,-2,-5,-3,0
87.534594,23,-2,19,3,-1,-1,2,1,0
87.534597,-11,4,-3,-2,0,0,-4,-4,0
87.534599,2,-8,3,2,0,0,1,0,0
87.547680,22,4,-5,-3,-3,-2,-5,-2,0
87.547717,0,-2,-1,-1,1,0,1,1,0
87.554348,2,3,0,0,-1,-1,1,-2,0
87.554365,-13,13,-4,-2,-1,-1,0,-1,0
87.570749,14,-14,-3,2,-2,0,-2,0,0
87.570771,-31,-15,5,-2,-4,-1,-1,-5,0
87.572191,10,-14,0,-2,0,1,0,2,0
87.572210,-8,11,-3,-3,-1,-4,-2,-1,0
87.593244,16,32,1,1,0,-1,-2,0,0
87.595240,-11,-24,-10,0,-2,-1,0,-1,0
87.595246,-8,-15,0,-6,-2,-1,-1,-4,0
87.595248,-7,19,4,4,-2,-3,-1,0,0
87.607426,8,5,0,-3,-1,-1,0,1,0
87.607450,6,4,-6,0,-2,-1,-1,0,0
87.614629,1,-8,7,-1,-1,-1,-2,-2,0
87.614669,8,-3,3,2,1,0,-1,-1,0
87.630787,-14,-13,1,-2,-2,-1,-3,-3,0
87.630829,6,21,-6,-4,0,0,0,1,0
87.632339,-4,-3,-5,-2,-3,-1,0,-1,0
87.632358,-2,-3,-3,-1,-1,0,0,1,0
87.653217,5,6,7,0,-1,0,0,-2,0
87.653239,1,2,-8,-2,-1,-1,-1,0,0
87.655853,6,7,-2,-1,0,-2,0,1,0
87.655858,-11,-23,-2,2,-2,-1,-2,-3,0
87.667594,3,0,2,-4,0,-1,-3,-1,0
87.667617,3,0,-5,-1,1,-2,1,-2,0
87.674899,8,8,-2,-4,-2,-3,-2,1,0
87.674923,-4,2,-5,-5,0,0,0,-2,0
87.691834,-6,-14,-4,2,-2,-2,-1,-2,0
87.691839,5,13,1,-1,-1,-1,0,1,0
87.692019,31,-11,-4,0,1,0,-1,2,0
87.692033,-70,-1,-8,-1,-1,-2,-5,-5,0
87.713211,3,-11,10,0,-2,-2,0,1,0
87.713235,28,-6,-3,-2,-1,-2,-1,-5,0
87.715768,-33,4,-7,0,-2,-2,1,-1,0
87.715773,17,-6,2,-1,-2,-1,-1,-1,0
87.727166,2,5,-2,-1,-1,1,-1,1,0
87.727260,-9,6,-1,0,-1,-2,0,-2,0
87.736879,0,0,3,-2,-1,-1,-1,-2,0
87.736889,14,7,1,0,-1,0,0,1,0
87.750580,-10,1,-2,0,0,-1,-2,-2,0
87.750603,7,-7,2,-1,-1,-1,-1,0,0
87.752668,-4,7,2,1,1,-1,-2,-2,0
87.752673,0,-7,-1,-1,-3,-1,1,-1,0
87.773575,11,-3,-6,-5,-1,-1,-1,-1,0
87.773601,-11,-6,-2,-2,-1,-1,1,-1,0
87.774748,-5,3,3,-2,-2,0,-1,-2,0
87.774763,5,0,-6,-4,-2,-1,-1,0,0
87.786999,-3,-9,-7,-1,1,0,-2,-1,0
87.787023,-5,20,11,8,1,0,1,0,0
87.796847,-6,-6,-6,-5,-4,-3,-2,-1,0
87.796856,13,-7,12,3,0,1,2,1,0
87.811032,0,-19,-16,0,-2,-2,0,-1,0
87.813287,10,15,14,-4,3,-1,-1,0,0
87.813295,-11,9,-5,2,1,-2,0,1,0
87.813297,2,-7,-8,-5,-3,-2,-1,-5,0
87.833436,-13,6,-7,-2,0,0,0,0,0
87.833481,-6,-15,-6,-3,-2,-2,-1,-1,0
87.834581,24,-5,0,0,1,1,0,2,0
87.834604,3,14,4,0,-2,-2,0,-1,0
87.846765,-1,4,8,4,2,-1,-1,-2,0
87.846802,9,-3,-7,-3,-3,-1,-1,1,0
87.856695,-12,2,6,0,0,1,-1,-2,0
87.856700,4,-9,-5,-2,1,-1,0,0,0
87.870806,-2,1,2,-2,-1,-1,-1,-2,0
87.870827,-11,-9,-6,1,-1,-1,1,0,0
87.872683,-2,-2,-3,-2,-3,-2,-1,-3,0
87.872690,1,2,1,3,3,1,-2,0,0
87.893000,0,-1,0,-3,-3,-2,-1,1,0
87.893013,-12,-6,-9,-1,-4,-1,-3,-2,0
87.894779,41,25,12,6,4,1,3,3,0
87.894800,-80,-31,-7,-6,0,-1,-3,-3,0
87.909687,-2,4,9,2,-1,-1,-1,1,0
87.909693,3,3,-8,-4,-4,-3,-3,-5,0
87.916629,-8,-31,-3,-4,-2,-1,-1,-1,0
87.916636,23,5,-4,0,1,-1,-1,0,0
87.930885,-3,-1,-4,-3,-1,0,0,-1,0
87.930925,-9,9,13,0,1,-1,-2,-2,0
87.932976,6,10,-2,-1,-2,-1,-1,0,0
87.932980,23,5,1,1,-2,-1,-1,-1,0
87.954065,-11,-1,-1,-1,-1,-4,-2,-4,0
87.954070,-20,-7,-2,0,-1,-2,-1,-1,0
87.954535,-10,-6,0,-1,-2,-2,-1,-2,0
87.954542,19,2,-1,-1,-2,-2,0,0,0
87.966806,-14,3,-3,-1,0,0,-1,-1,0
87.966830,-10,-8,0,-2,-1,0,-1,-1,0
87.977460,3,13,-8,-1,0,-2,-3,-1,0
87.977468,7,1,11,-3,1,1,-1,-1,0
87.990493,22,-1,-7,-1,-1,1,0,0,0
87.990517,-1,6,10,-2,-1,-3,0,-1,0
87.991986,-12,-12,-9,2,0,0,0,-3,0
87.991999,7,-1,0,2,1,0,0,1,0
88.013412,6,-3,-1,1,-1,-1,0,1,0
88.013453,-10,-6,-4,-1,-1,-2,-2,-3,0
88.016123,31,-8,10,-1,-1,0,-1,-1,0
88.016130,-82,7,-7,-2,-4,-2,-3,-3,0
88.027031,2,-15,6,1,0,0,0,-2,0
88.027063,5,20,0,3,-1,-1,0,2,0
88.037697,0,-7,0,-1,-1,-1,-1,1,0
88.037701,20,1,1,-1,-1,0,0,-1,0
88.050597,-4,0,-7,-3,-3,-2,-2,-3,0
88.050619,7,10,-9,-4,-3,0,0,0,0
88.052086,-17,-18,6,-4,1,-1,-3,-4,0
88.052108,3,-11,-6,1,0,-1,-1,-1,0
88.073037,-8,8,9,2,0,-1,-1,-1,0
88.073053,22,-1,-5,0,1,0,-1,1,0
88.074513,-10,14,-6,-4,-3,-2,-2,-2,0
88.074527,-19,31,-2,-5,-1,-1,-1,0,0
88.095542,12,-22,3,1,1,-1,0,1,0
88.095568,-15,-29,-7,-4,0,1,-2,0,0
88.097148,23,18,3,1,-1,-1,0,1,0
88.097174,31,-7,-7,-3,-1,-2,-1,0,0
88.111882,-6,18,6,2,-2,-3,-1,-1,0
88.111891,22,0,-8,-3,-1,0,0,-1,0
88.112185,-41,-18,1,2,-1,-1,-1,-1,0
88.112194,26,31,3,-2,-3,0,-1,-1,0
88.133109,0,-12,-3,-3,-1,0,-1,-2,0
88.133132,-9,-9,-3,0,-1,-1,0,0,0
88.134594,14,1,2,0,0,-1,0,-2,0
88.134641,-7,-11,-6,-3,-2,-1,-1,0,0
88.147087,-3,-9,-1,-1,-1,0,-1,0,0
88.147133,-6,-12,0,2,-1,-2,0,-2,0
88.157039,4,13,-1,-3,0,0,0,3,0
88.157045,4,-1,3,7,2,-1,-2,-3,0
88.170041,-18,-8,-3,-3,-1,0,1,0,0
88.170067,5,-3,5,1,0,-1,0,-1,0
88.178038,-5,0,-1,-2,-2,0,-1,-4,0
88.178071,18,24,-3,-6,-4,-1,1,0,0
88.193186,-17,-34,-7,0,-3,-1,-2,-4,0
88.193206,-8,6,3,-1,2,-1,-1,1,0
88.195436,-6,-3,2,4,-2,-2,-2,-1,0
88.195442,1,-8,0,0,-2,-2,0,1,0
88.215655,8,24,0,-2,-3,-3,0,-1,0
88.215679,0,5,-1,-1,-1,-2,-1,0,0
88.217495,-11,-18,-6,-3,-3,-1,0,-2,0
88.217503,5,14,-10,-3,-1,-2,-1,-2,0
88.230922,2,14,14,5,1,-1,0,1,0
88.231073,11,-3,2,-5,-2,-1,-1,-3,0
88.233951,41,13,-6,-1,0,0,-2,-1,0
88.234015,-48,-35,-3,-4,-1,0,-2,-3,0
88.253210,-9,-2,-10,-2,0,-2,-2,-2,0
88.253233,-8,2,3,2,-1,0,0,-1,0
88.254655,5,4,-5,-4,-2,-2,0,0,0
88.254680,17,-14,-5,1,3,1,-1,2,0
88.275662,-2,9,6,0,-2,0,-2,-2,0
88.275684,4,-7,-7,1,-3,1,0,1,0
88.277837,-13,-3,1,-2,0,0,-1,-2,0
88.277851,0,-8,0,1,-2,-1,0,0,0
88.290549,6,5,-1,-1,-1,-2,0,1,0
88.290628,-2,-3,-2,-2,-3,-2,-2,-2,0
88.292409,-11,14,7,-1,0,-2,0,1,0
88.292420,21,-12,0,3,1,0,0,-1,0
88.313073,-21,-4,-6,-3,0,2,1,-3,0
88.313085,8,0,-4,-2,-1,-1,-3,-1,0
88.314825,9,0,3,-1,0,0,-3,-1,0
88.314862,-25,-5,3,-7,-6,-1,-1,-1,0
88.335811,30,10,-10,-1,-2,-2,-3,1,0
88.337799,-17,3,16,2,0,-2,-1,-2,0
88.337805,-4,-3,1,1,0,0,-2,-1,0
88.337807,21,4,1,1,-1,0,-1,1,0
88.349939,-5,-16,-12,-7,-1,-2,0,-1,0
88.349962,-9,13,6,2,-1,-1,0,-3,0
88.356684,-11,-3,-4,-2,-1,-1,1,0,0
88.356723,21,-9,3,-5,-1,-1,0,-3,0
88.374385,-34,35,-7,0,-1,-1,-1,-4,0
88.374392,1,-57,-9,-1,-1,-1,-2,-1,0
88.374463,-10,-6,-2,-1,-2,-2,-1,0,0
88.374469,-13,0,-5,-2,-2,-1,-2,-1,0
88.395645,19,5,6,1,0,-1,0,1,0
88.395664,13,18,0,-1,1,-1,0,-3,0
88.397759,-18,0,-3,-1,-1,0,0,-2,0
88.397766,-3,-4,0,0,-3,-2,-1,1,0
88.410108,10,-1,8,-3,2,0,0,0,0
88.410143,-5,2,-9,-2,1,2,-1,0,0
88.416895,2,2,5,0,-1,0,0,-4,0
88.416918,-2,4,-1,1,-1,1,0,1,0
88.433135,7,-4,-2,-1,-2,-1,-2,0,0
88.433159,18,-3,-2,-4,-1,-1,-3,-4,0
88.435281,-38,1,-4,1,-2,0,-1,-1,0
88.435287,-33,-14,-5,-2,0,0,-2,-5,0
88.456315,0,5,3,1,-1,-1,0,0,0
88.456336,1,-17,-7,-4,-3,-1,-1,0,0
88.459137,16,19,8,0,0,0,0,2,0
88.459141,8,4,-8,0,1,-1,-2,1,0
88.470214,2,-20,4,1,0,-1,0,0,0
88.470331,8,9,0,-4,-3,-1,-1,-2,0
88.477125,-15,-13,-3,-2,-1,-1,0,-4,0
88.477144,-10,6,1,-2,0,-4,-1,0,0
88.493113,2,-4,-4,-3,-2,-3,-2,-5,0
88.493143,11,2,-4,1,-2,0,1,3,0
88.495475,-10,-6,-6,-3,-1,-1,-1,-1,0
88.495480,11,11,1,2,0,-2,0,-1,0
88.515656,6,-15,-5,-2,-2,0,0,0,0
88.515664,-12,5,8,3,0,-1,-1,-1,0
88.517054,7,-1,-9,-2,-3,-2,-2,-2,0
88.517062,7,1,5,-3,-2,-1,-1,1,0
88.531159,-8,-5,-1,0,0,0,-1,1,0
88.531170,-17,17,0,1,-1,-2,-1,-2,0
88.536849,31,-11,0,-1,-2,1,-1,1,0
88.536871,-12,-12,-2,-2,-1,0,-2,-1,0
88.553146,-2,-2,-9,-5,-1,-1,-3,1,0
88.553168,-8,-7,-5,-3,0,-2,-1,-1,0
88.555339,4,32,12,1,1,-2,-2,-2,0
88.555346,15,-29,-9,-2,-1,-1,1,0,0
88.576364,-1,-15,4,3,1,0,-2,-3,0
88.576374,-5,11,3,2,-2,0,-1,0,0
88.577214,-6,5,-7,0,0,-1,-1,-1,0
88.577235,13,12,0,-1,0,-1,0,-2,0
88.590082,4,2,-9,-1,-1,0,1,-1,0
88.590105,-8,-11,-1,-2,0,0,-1,-1,0
88.597046,4,-7,-2,-4,-2,-2,-1,-2,0
88.597085,-12,4,2,0,0,-1,0,-2,0
88.613107,-5,-5,-4,-1,-4,-2,-3,-1,0
88.613138,9,15,6,2,1,0,0,1,0
88.615391,3,-5,-8,-3,-1,1,-1,0,0
88.615397,-38,-11,0,1,1,0,-2,-2,0
88.635817,14,12,7,1,-2,-1,-2,0,0
88.635928,-11,1,-6,-5,-2,0,-1,-1,0
88.637507,-7,-33,-8,-3,-1,-2,-1,0,0
88.637512,9,1,4,2,-2,0,-2,-2,0
88.650031,2,9,-2,0,0,0,-1,2,0
88.650056,-5,12,4,-3,0,-2,-2,-1,0
88.656829,-6,-2,-1,-3,-1,-2,-2,-1,0
88.656852,9,-3,0,-1,-2,-1,-2,0,0
88.673471,-5,1,-4,-6,-2,0,-1,-2,0
88.673492,-6,-5,-4,0,-1,1,0,0,0
88.674661,8,8,-1,2,1,-2,-1,-2,0
88.674692,-14,-1,5,1,0,-1,-1,-1,0
88.695024,0,-1,0,2,-1,-3,-2,-1,0
88.695041,1,-16,-4,-4,0,0,-1,0,0
88.696969,14,11,1,1,0,-2,-2,-2,0
88.696993,-7,6,-7,-4,-1,0,0,-1,0
88.718634,-13,-5,-2,-3,-3,0,0,-3,0
88.718640,-2,0,0,2,-2,-1,-2,1,0
88.718642,-2,-6,-2,1,-1,0,-2,-1,0
88.718644,21,-3,-2,-4,1,-1,0,-1,0
88.734024,-16,23,8,-1,0,0,0,-3,0
88.734064,-2,-18,-9,-3,1,-2,-2,-1,0
88.734067,-9,-24,-3,-4,-3,0,-3,-2,0
88.734068,12,3,3,1,-1,0,0,0,0
88.755183,5,-16,-3,3,0,-1,-1,-1,0
88.755208,-5,11,-1,1,-1,-2,-1,-3,0
88.755828,0,11,-4,-3,-2,0,0,1,0
88.757878,0,-1,5,2,-1,-1,-2,-2,0
88.777748,7,1,-1,-3,-2,-1,-1,1,0
88.777772,-12,1,-3,-3,-2,-2,-3,-2,0
88.779594,-16,-10,-2,-1,0,0,2,-1,0
88.779600,-4,-12,-14,-6,-1,-1,-2,-1,0
88.792540,14,29,12,6,1,2,0,-2,0
88.792555,12,-20,-3,0,-3,-1,1,3,0
88.795671,-24,-21,-7,0,-3,-1,-2,-3,0
88.795678,10,24,5,-1,-1,0,0,0,0
88.815271,7,-12,-8,-2,0,0,0,0,0
88.815317,-4,12,-1,-1,-2,0,-1,0,0
88.815781,1,9,1,-3,-1,-1,0,1,0
88.815811,-10,-11,2,3,2,-1,0,-2,0
88.837890,-1,2,-1,-4,2,0,0,0,0
88.837910,14,11,0,-2,-3,-1,-2,-2,0
88.839973,20,-7,7,3,1,-1,1,0,0
88.839979,-42,-9,-2,-2,-1,-2,0,-4,0
88.852552,2,-10,-1,-4,1,1,-1,0,0
88.852574,-8,-4,-5,-1,-2,0,-1,-1,0
88.854895,28,12,4,0,-1,-1,-3,0,0
88.854901,10,4,-7,-3,-1,-1,-1,0,0
88.875737,-11,-6,0,-2,0,-2,0,-2,0
88.875742,4,-6,-2,0,0,-1,-1,0,0
88.875744,-10,20,10,1,0,-2,-1,-1,0
88.875745,19,-13,1,1,1,-2,-2,0,0
88.897681,-22,-8,-5,-1,-1,-2,-3,-4,0
88.897751,6,0,9,0,-1,-2,1,-4,0
88.899036,-11,3,-3,0,-1,-1,-2,-1,0
88.899041,1,27,-2,-3,-1,0,-1,0,0
88.912497,10,-18,6,2,0,-2,-2,-1,0
88.912516,-4,-4,-14,-1,-2,1,-1,0,0
88.914295,-8,-4,-3,-2,-1,-1,0,-3,0
88.914302,5,2,12,2,0,1,1,0,0
88.938121,7,0,-4,-2,-1,-2,0,-1,0
88.938127,-12,7,2,-4,-1,-1,-2,0,0
88.938129,-10,-4,-4,0,0,-2,-1,-4,0
88.938131,1,-7,-5,0,-2,-1,0,0,0
88.957724,-4,4,-1,-5,-2,0,0,-1,0
88.957748,4,-10,-3,3,0,-3,-1,-1,0
88.960250,10,8,-1,-2,-2,1,1,4,0
88.960265,-8,-2,2,-2,-4,-2,-3,-1,0
88.972455,3,3,-8,0,-1,-2,-3,-2,0
88.972474,-3,-7,2,-3,1,-1,-2,-1,0
88.974072,3,-1,1,0,-2,-1,-2,0,0
88.974076,-9,-3,-4,0,0,-2,-1,-2,0
88.994998,-4,-5,-2,-1,0,-1,-1,1,0
88.996697,2,2,5,1,2,0,2,0,0
88.996709,-4,-5,-4,-1,0,0,0,-1,0
88.996712,5,-17,-10,-3,-1,0,-1,1,0
89.017424,7,47,1,2,0,0,-1,1,0
89.017444,3,-6,7,1,-2,-2,-1,-2,0
89.018222,18,-5,0,-3,-2,-2,-1,-2,0
89.018244,-27,-15,-13,-5,-1,-2,-1,-1,0
89.032468,-26,14,-4,-4,-4,-1,0,-4,0
89.032488,3,-26,-6,-3,-1,-2,-2,0,0
89.033794,-11,-7,-2,0,0,-1,-1,-1,0
89.033798,41,8,5,0,-1,-2,-1,2,0
89.055051,-18,-13,1,-1,-3,0,-1,-2,0
89.055069,-2,20,2,-5,0,0,0,-1,0
89.056867,7,-9,-3,3,-1,-3,-1,-1,0
89.056873,-6,11,7,1,-1,-1,-1,1,0
89.078772,9,1,12,5,0,-1,-2,1,0
89.078779,-1,-5,-1,-3,-2,0,-1,-2,0
89.078781,-6,-1,-2,-3,-1,-1,-1,-1,0
89.078783,-1,4,-3,-4,-1,-2,0,-2,0
89.094361,-6,-13,-7,-7,-1,-3,-2,-2,0
89.094373,10,5,-7,-2,-1,-3,-4,-3,0
89.094375,-20,0,6,-1,0,-1,-1,-1,0
89.094376,0,2,-2,0,0,0,-1,-1,0
89.115217,19,-12,-6,-4,-1,-1,0,0,0
89.116747,-16,-2,-1,0,-2,-1,0,0,0
89.116752,23,7,-1,-2,-2,0,0,2,0
89.116754,-30,-5,1,1,-1,-2,-3,-2,0
89.139211,7,-12,-7,-3,-1,-1,1,3,0
89.139217,-4,-4,1,1,-2,-1,-2,-2,0
89.139218,20,17,2,-1,-1,-2,0,-2,0
89.139220,0,-15,3,1,-2,-2,1,-3,0
89.154628,-12,40,5,1,-1,-3,-2,-2,0
89.154642,4,-27,-4,1,-1,-1,1,2,0
89.154644,-10,-12,1,-1,-1,0,0,0,0
89.154646,8,-2,5,1,0,0,1,1,0
89.175153,-2,-2,-1,-2,-2,-1,-1,-2,0
89.175172,0,16,2,1,0,-1,0,0,0
89.177891,-7,-1,0,-2,-2,0,-1,-3,0
89.177904,-4,-2,-9,-6,-1,-1,-3,-4,0
89.197567,16,-8,1,0,-1,-2,0,0,0
89.197603,-8,9,2,1,-1,-1,-2,-4,0
89.205001,6,-9,-7,-2,-1,-1,-1,0,0
89.205024,-14,1,0,-3,-3,-1,-1,1,0
89.221659,-1,-9,-3,0,-2,0,-1,0,0
89.221685,1,-6,2,2,-1,-2,-1,-2,0
89.221691,-12,0,-3,0,-1,0,-1,0,0
89.221754,9,12,9,0,1,1,1,0,0
89.234995,3,-9,1,-1,0,0,-2,-1,0
89.235070,-1,0,-4,-5,-2,-1,-1,0,0
89.235652,-9,4,-1,-2,-3,-1,0,-2,0
89.235733,4,3,-8,0,1,-2,1,0,0
89.257632,-2,-30,-3,-2,-2,-1,0,0,0
89.257661,-1,8,2,-1,-1,-2,-2,0,0
89.261034,-5,1,0,-5,-1,-3,-2,-2,0
89.261041,7,0,-2,0,-1,-1,-3,0,0
89.272799,-5,2,-1,-2,-1,-1,-1,0,0
89.272823,-5,-6,11,7,1,1,1,-2,0
89.274245,-5,-4,-2,-2,-2,0,-2,1,0
89.274253,0,-2,-9,0,0,-1,-1,0,0
89.294904,11,4,3,-1,-4,-2,-2,-1,0
89.294917,20,4,-5,-5,-2,0,0,2,0
89.295705,-59,-9,-3,-3,0,0,-1,-3,0
89.295727,-12,-2,0,-2,-3,0,-2,-2,0
89.317403,-2,0,-4,1,0,-2,0,0,0
89.317425,1,3,-4,-4,-2,-1,-1,-2,0
89.319647,22,2,0,2,-1,-2,-1,-2,0
89.319658,1,-2,0,-2,1,0,0,-1,0
89.332514,-7,-4,-1,2,-1,0,1,-2,0
89.332530,1,-1,-4,-3,0,-1,-1,1,0
89.333873,7,0,-4,-2,-3,0,-1,0,0
89.333877,-6,2,5,2,-1,-1,-3,-2,0
89.357884,13,-2,2,1,0,-1,-1,1,0
89.357890,-20,1,0,-3,-1,-3,-1,-2,0
89.357892,-3,-6,-2,-2,-3,-1,0,-1,0
89.357894,4,2,-7,2,0,0,2,-1,0
89.377618,1,6,10,1,1,0,0,-1,0
89.377639,-3,-4,1,0,0,0,-2,1,0
89.379617,0,-1,-4,0,0,1,0,2,0
89.379622,8,-25,-16,-6,-2,-2,-2,-1,0
89.392316,8,38,0,-2,-2,0,-1,0,0
89.392339,-12,-5,-6,-1,1,1,0,-2,0
89.394466,-12,-12,1,3,1,0,0,0,0
89.394484,2,-1,0,0,0,-1,0,-1,0
89.415434,-7,-13,-6,-3,-3,-2,-2,-3,0
89.415481,7,4,-3,-3,-3,-2,-2,1,0
89.418035,11,8,-3,-3,0,0,0,-1,0
89.418041,-1,3,3,-3,-1,-1,-2,0,0
89.437622,-4,-7,-2,-2,1,-2,-2,-2,0
89.437639,2,-1,-1,-1,1,1,-2,-1,0
89.438145,-2,-2,3,3,3,-2,-2,-3,0
89.438158,0,3,7,2,-2,-2,0,-1,0
89.452518,3,-9,-5,-1,-1,0,-2,-2,0
89.452541,-1,2,2,-1,0,0,0,-3,0
89.453181,4,12,-5,-4,0,-1,-2,2,0
89.453411,-2,-6,7,-3,-1,-1,-1,-3,0
89.474627,-4,-1,-5,-4,0,-1,-1,-3,0
89.474649,-9,-16,1,2,-2,0,-1,-1,0
89.482414,3,5,-4,-4,-1,-1,-2,-1,0
89.482433,4,6,8,0,-2,-1,-1,-1,0
89.497585,-4,-5,1,3,0,-1,-2,0,0
89.497612,-2,-8,-3,-3,-2,-4,-1,-1,0
89.498177,0,12,-1,0,0,0,-1,-1,0
89.498194,17,-1,-8,-1,-3,1,-1,2,0
89.512548,-12,0,7,-4,-1,1,1,0,0
89.512565,-1,2,-5,1,-2,-1,-2,-2,0
89.514756,9,-5,2,-2,-1,-1,0,0,0
89.514764,-33,-3,-1,0,0,-2,-3,-3,0
89.534949,2,1,-6,0,-3,-3,0,1,0
89.534973,15,-6,-1,0,-2,1,-1,-1,0
89.537721,2,-6,1,0,-2,-1,0,-2,0
89.537726,-3,-1,-4,-2,-1,0,-1,1,0
89.558069,11,7,-3,-1,-1,-2,-2,-3,0
89.558076,-2,-6,1,-2,-1,-1,-1,-2,0
89.558077,6,-4,6,-1,-3,-1,-1,0,0
89.558079,3,8,-5,-2,0,-2,0,0,0
89.572455,-16,-15,4,2,0,0,-2,-3,0
89.572473,-3,5,-1,-4,-2,-1,-1,-1,0
89.574854,-8,-11,-12,-1,0,1,-2,-2,0
89.574863,7,-7,10,1,0,0,-1,0,0
89.594988,-3,18,-1,-2,0,-1,-1,0,0
89.596661,-6,1,-5,-2,-1,0,-1,-2,0
89.596668,7,-6,-5,-3,-2,-1,-1,0,0
89.596670,-12,-2,3,-4,-2,-1,-1,-3,0
89.618866,5,-12,-2,4,-1,2,0,0,0
89.618875,13,5,0,-1,2,1,2,3,0
89.618879,-1,3,4,-2,1,-1,-2,-2,0
89.618882,-8,-2,-7,-3,0,0,-1,0,0
89.633426,-9,-7,-5,0,-3,-1,-1,-3,0
89.633435,1,6,-4,-3,-2,0,-2,-1,0
89.640207,11,-1,2,0,-1,-2,-1,-1,0
89.641707,7,2,-2,-1,-2,0,-1,0,0
89.655069,0,6,-1,-1,1,0,-1,0,0
89.655098,8,-8,3,0,-1,1,-3,-1,0
89.656695,-28,-8,-4,2,0,-2,-4,-3,0
89.656700,1,1,1,-1,-1,-1,0,0,0
89.677746,-3,-5,-3,-3,-2,0,-2,0,0
89.677780,-4,9,0,-1,-1,-1,-2,-1,0
89.679395,0,-3,1,-1,0,-2,0,-2,0
89.679402,11,-9,-7,-4,-2,-1,-1,0,0
89.692722,-11,-9,4,4,-1,0,-1,-2,0
89.692742,-3,3,3,-1,-2,-2,0,-2,0
89.696165,-5,-3,-7,-3,-1,-1,-2,-3,0
89.696174,5,-2,5,-1,-1,-1,-2,-2,0
89.715272,0,-4,-5,-5,0,-2,-1,-2,0
89.715299,-5,5,11,0,2,0,-1,-1,0
89.715549,-8,3,4,2,-2,-1,2,3,0
89.715562,9,0,-1,3,1,0,0,-1,0
89.737809,3,-7,-5,-3,-1,-1,-2,0,0
89.737928,-6,-2,-8,-2,-1,-1,-1,0,0
89.740369,7,4,5,-1,0,0,0,-2,0
89.740372,-6,0,-1,1,0,-2,-1,-1,0
89.760648,1,-2,-1,0,0,-2,0,0,0
89.760668,-4,2,-3,-1,-3,-1,0,1,0
89.761593,-6,-6,-6,-1,-1,-1,-2,-4,0
89.761610,28,15,0,-2,-1,0,0,-1,0
89.775970,-39,-6,-7,-1,-2,0,-1,-1,0
89.775975,-11,-13,7,3,2,0,0,-1,0
89.775977,-7,-3,1,-1,0,-2,0,0,0
89.775979,-14,-1,-6,1,-2,-1,0,-2,0
89.797799,24,13,4,-3,-1,0,0,2,0
89.797829,6,0,-5,-3,0,-3,-1,0,0
89.799166,-5,-6,-8,-4,-2,2,-1,-1,0
89.799175,1,8,5,0,0,-1,0,0,0
89.811901,7,-7,-1,-1,0,-1,-2,1,0
89.811921,0,-4,-2,3,1,-1,-2,-2,0
89.820233,12,0,-5,0,-2,-1,-3,0,0
89.820256,-15,-7,-6,-6,-3,-3,-2,-4,0
89.834980,-7,-8,-6,-1,-1,-2,-1,-2,0
89.837698,-4,3,-3,-3,-3,-1,-1,-1,0
89.837707,8,20,-7,-5,-3,0,-1,-1,0
89.837709,-3,-18,20,2,1,2,0,1,0
89.857506,-7,-1,-6,1,-1,0,-2,-2,0
89.857527,14,4,-1,-1,-1,-2,0,0,0
89.858139,1,1,4,1,1,-1,1,1,0
89.858215,-4,6,-7,-3,-1,-3,-3,1,0
89.871760,2,-2,3,-3,1,1,0,-2,0
89.871787,-6,-5,-3,1,-1,-1,-2,-1,0
89.880196,8,-1,1,-1,-2,-2,1,0,0
89.880230,-19,0,-7,0,-2,-2,-2,-1,0
89.895012,9,-3,2,-3,-1,-2,-1,-1,0
89.895031,-9,1,-7,-1,-3,-2,-2,-3,0
89.896465,4,6,10,3,1,-1,-2,-1,0
89.896477,25,2,-9,-5,-1,1,0,1,0
89.917964,-60,-4,0,-2,-1,-1,0,-2,0
89.917976,-12,-5,1,0,-1,-1,-2,-1,0
89.918068,4,3,-2,-2,-3,-2,-2,-2,0
89.918081,4,-10,4,-2,-1,-1,-1,2,0
89.933350,32,2,-13,1,-2,-1,-1,0,0
89.933354,-29,-7,23,1,0,-1,1,-3,0
89.939992,-9,-11,-2,1,-2,-3,0,-1,0
89.940008,-2,22,-6,-3,-2,-2,-1,-3,0
89.954861,9,-3,7,-1,-2,-1,-1,-2,0
89.954886,8,8,-7,-5,-2,-2,0,1,0
89.956360,5,-9,3,3,-2,1,-2,-3,0
89.956364,-9,-5,-7,2,-2,0,-1,1,0
89.979514,2,0,3,0,-1,0,-2,0,0
89.979519,6,-4,-8,0,-2,0,-2,1,0
89.979521,-8,0,4,-1,2,-2,-1,1,0
89.979522,-4,2,-4,-3,-2,-2,-1,-1,0
89.991983,2,-4,-1,2,0,-1,-1,-2,0
89.992011,12,-16,-4,-4,-2,-1,0,-1,0
89.999970,1,8,8,-3,-1,0,1,2,0
89.999998,0,-1,-1,2,0,-1,0,-2,0
90.015145,-25,-9,-2,-3,-1,-2,0,-1,0
90.015172,23,8,-3,0,-2,0,0,-1,0
90.015638,-18,-6,-5,-1,0,-1,-1,-1,0
90.015644,4,-3,0,1,0,-3,-2,-2,0
90.037797,7,4,0,-4,-1,-1,0,1,0
90.037814,7,-8,-11,-6,-2,-2,-2,1,0
90.039236,0,23,13,9,1,3,0,1,0
90.039243,21,-11,10,-1,0,1,-2,-1,0
90.051874,-11,1,-1,0,0,-2,-1,-1,0
90.051897,-9,1,0,1,1,-1,-2,-2,0
90.059894,11,-7,-15,-5,-3,-3,-3,0,0
90.059917,-9,6,-1,-2,-2,-2,-2,-1,0
90.074823,19,-2,1,0,-1,0,0,4,0
90.074837,-7,1,0,-1,-1,0,-1,-2,0
90.075475,-7,1,-2,-2,-2,-2,-2,-2,0
90.075489,-4,-11,0,1,1,0,-1,-1,0
90.097819,5,1,-3,-3,-3,-2,-1,-2,0
90.097858,-3,5,4,4,-1,-2,0,-3,0
90.100508,-2,-6,-3,-4,0,-1,-2,-3,0
90.100513,-12,3,-2,1,0,0,-2,-2,0
90.120613,8,11,3,-2,-1,0,-1,0,0
90.120630,-7,-5,2,0,-1,-1,-1,0,0
90.121197,-5,-6,-1,-2,-1,-3,-1,-2,0
90.121211,5,-7,-10,-2,-2,-2,-1,0,0
90.134840,-1,-3,-6,0,0,1,-1,-1,0
90.134847,6,3,5,3,1,1,0,-4,0
90.135553,-3,-1,7,-1,0,0,0,0,0
90.135569,-13,-37,-14,-6,0,0,0,-2,0
90.157432,0,28,1,-1,-3,0,0,-2,0
90.157450,0,2,-8,-2,1,0,-1,0,0
90.159196,12,-8,-6,-4,0,0,-1,-1,0
90.159200,-6,18,7,0,-1,0,0,0,0
90.181075,7,-9,-4,-3,-3,-1,-2,-1,0
90.181096,24,7,8,0,0,-1,-1,2,0
90.181850,-30,-10,-4,-1,-1,1,-1,-3,0
90.181978,-8,11,1,1,1,-2,-1,-1,0
90.196320,-1,-6,0,-3,-1,-3,-2,-1,0
90.196327,-9,2,-1,2,0,-1,0,1,0
90.196329,18,-3,-4,0,-1,-1,-2,-1,0
90.196331,0,-1,1,-1,-1,0,0,0,0
90.217468,-2,-2,0,0,0,-1,-1,-1,0
90.217492,7,4,-10,-5,-2,-1,-2,-3,0
90.218206,4,-14,4,-1,-3,-2,0,-2,0
90.218222,-12,0,-3,3,0,-1,0,-1,0
92.244562,-65,-30,-25,-2,-1,-1,-7,-7,4
92.244947,-72,25,-5,1,-4,-3,2,-38,4
92.244951,7,46,-23,-17,0,3,0,44,4
92.244952,-87,-48,-23,-10,-8,-6,-13,14,4
92.266097,50,25,-46,-10,-1,-3,-4,53,4
92.266267,-102,41,19,8,-1,0,7,15,4
92.267302,95,-6,-35,-6,-6,-6,-7,37,4
92.267314,90,55,10,5,-3,-6,-13,-91,4
92.280432,-6,10,-14,-5,0,1,9,69,4
92.280463,17,-50,10,0,0,4,16,-33,4
92.286892,86,67,7,4,1,-5,-23,-31,4
92.286914,-29,75,23,9,5,4,10,37,4
92.303234,63,-52,-18,-10,-12,-9,0,3,4
92.305297,28,49,16,2,1,4,7,-21,4
92.305304,-20,-53,10,-2,3,-2,0,30,4
92.305306,-41,-94,40,16,4,2,-1,-45,4
92.325847,-6,127,-10,1,1,-2,7,7,4
92.325860,-25,-52,-26,-16,-7,-8,-25,-31,4
92.327158,29,-92,-14,-10,-7,-5,-1,36,4
92.327178,-22,-14,4,-3,0,3,8,41,4
92.339915,30,5,-13,2,1,1,1,3,4
92.339927,12,-39,0,0,-1,-4,-6,-3,4
92.347016,-60,-27,-12,-8,-3,-2,2,-9,4
92.347057,110,115,-3,-5,3,4,6,-13,4
92.363244,-51,-91,-17,-10,-8,-6,-4,16,4
92.363270,101,-50,-6,1,0,-6,-17,-51,4
92.365560,-53,94,35,9,4,6,19,71,4
92.365567,-22,83,-19,-15,-10,-8,-7,-56,4
92.385493,59,-1,-6,-3,1,-1,-9,-69,4
92.385501,29,40,-13,0,-4,-3,-1,71,4
92.386967,37,-99,2,-9,-8,-6,-10,-78,4
92.387008,-37,-106,-32,2,5,5,7,16,4
92.400955,73,-17,22,9,5,3,2,38,4
92.400961,-77,57,-36,-19,-6,-2,-2,-41,4
92.407558,15,-96,-70,-11,-3,-1,9,50,4
92.407572,-61,-76,-24,-8,-9,-8,-14,-75,4
92.423132,10,115,29,6,3,4,1,-18,4
92.423149,-50,-71,-20,-11,-1,-2,-6,-67,4
92.424479,47,43,18,9,7,8,21,71,4
92.424512,-98,8,17,-6,-1,-6,-30,47,4
92.447202,-24,59,26,7,2,5,12,-23,4
92.447211,-81,39,-28,-16,-9,-7,-7,2,4
92.447492,89,79,6,7,4,5,3,-13,4
92.447536,18,78,39,7,4,5,26,28,4
92.460530,62,-39,-67,-25,-9,-6,-24,8,4
92.460583,33,90,43,15,3,1,8,26,4
92.466841,-20,49,37,13,3,-1,-20,-41,4
92.466860,23,86,11,-5,1,0,5,-11,4
92.483157,-31,-122,-87,-21,-11,-8,10,118,4
92.483176,10,-34,10,1,-1,0,-2,2,4
92.484713,-95,51,92,16,4,-5,-28,-104,4
92.484730,127,-8,13,15,4,4,4,57,4
92.505611,50,81,-29,-15,-8,-10,-10,5,4
92.505628,57,-118,-14,0,6,6,8,20,4
92.507035,-128,-45,56,17,5,4,15,-40,4
92.507041,62,-114,-36,-15,-11,-10,-16,82,4
92.519292,74,-73,2,-2,-1,0,0,-76,4
92.519317,8,111,-23,-9,-4,-8,-19,-76,4
92.534320,46,-59,6,-2,-6,-9,-17,-33,4
92.534344,-17,-29,-6,15,4,1,13,-25,4
92.543315,52,18,23,-6,-7,-3,0,37,4
92.546265,47,73,24,-8,-2,0,2,14,4
92.546273,69,-86,-81,-11,-5,4,21,103,4
92.546275,-88,-128,20,-3,-11,-13,-26,-116,4
92.565666,-38,59,32,11,5,5,14,84,4
92.565693,-37,60,4,2,-2,-5,-17,-37,4
92.567394,-115,77,-6,-13,-6,-8,-14,-6,4
92.567406,17,66,-8,-6,3,7,19,33,4
92.579373,-110,-12,-25,-1,-2,0,-6,17,4
92.579399,103,81,65,13,2,4,22,-7,4
92.590402,-92,61,-38,-11,-1,-2,-11,-53,4
92.590407,22,60,-46,-16,-6,-6,-13,2,4
92.603157,-89,3,20,8,-2,-6,-9,-128,4
92.603183,-47,20,-9,0,-2,5,20,96,4
92.605786,30,-16,-37,-18,-6,-8,-13,36,4
92.605792,15,7,33,-1,2,3,7,22,4
92.625965,-77,-92,-28,3,5,7,1,22,4
92.625984,101,60,-26,-20,-20,-25,-28,24,4
92.627214,39,18,5,8,3,4,11,23,4
92.627239,-75,58,-81,-28,-4,6,9,91,4
92.639143,104,46,91,19,5,3,0,-36,4
92.639154,3,-56,-51,5,7,5,11,70,4
92.649396,-41,12,23,8,4,2,-6,-40,4
92.649402,7,109,5,-6,2,1,6,51,4
92.663378,6,-15,5,-13,-6,-5,4,3,4
92.663414,76,70,29,19,14,13,8,14,4
92.665638,17,-109,-60,-27,-13,-10,-7,6,4
92.665644,-49,5,16,14,2,-4,-12,-78,4
92.685688,-60,26,45,12,6,1,-20,-36,4
92.685701,-33,-51,19,8,-3,-4,4,20,4
92.687091,54,50,-9,3,7,9,21,98,4
92.687124,-31,57,122,39,8,6,13,-56,4
92.700792,-42,-33,-70,-11,-5,-8,-16,-81,4
92.700799,25,57,-20,-9,2,-2,-16,6,4
92.710312,31,21,2,-12,-4,0,15,5,4
92.710327,70,-63,-31,-7,-6,-8,-15,-22,4
92.723198,-98,44,-22,9,5,9,22,40,4
92.723223,55,-128,-51,-9,-3,2,14,-29,4
92.724872,-52,-128,10,11,-4,0,-5,30,4
92.724875,22,-66,22,-16,-10,-14,-16,51,4
92.745626,23,83,1,1,5,2,2,62,4
92.745721,-114,55,26,17,1,2,11,24,4
92.748262,-14,25,9,-3,-5,-5,-27,-55,4
92.748269,56,-102,-52,-1,0,2,22,-39,4
92.760009,-57,-63,2,-2,-5,-5,-15,32,4
92.760047,87,32,39,8,5,5,6,-23,4
92.769743,-13,23,-85,-16,-6,-6,-3,11,4
92.769750,-87,105,68,11,6,0,-19,-48,4
92.783172,-9,-20,7,-3,-1,-2,-4,21,4
92.783196,-8,0,-21,-12,2,5,12,-45,4
92.784661,106,64,27,-2,-10,-8,-1,-3,4
92.784679,-67,1,71,27,11,8,2,79,4
92.805639,85,74,-14,2,-4,-3,8,-4,4
92.805662,-6,21,35,2,7,9,4,-8,4
92.807156,60,107,-3,12,1,-7,-21,-43,4
92.807160,-66,-44,-84,-26,-4,5,10,17,4
92.819375,-23,35,78,21,3,-2,-17,-83,4
92.819400,-6,39,-20,0,1,0,22,84,4
92.829142,-32,-86,10,3,1,-1,-6,-13,4
92.829147,127,112,-29,1,-3,0,10,8,4
92.844698,109,33,-23,-11,-5,-2,-5,-70,4
92.844709,-102,-9,23,-6,-5,-5,-16,2,4
92.844712,34,-98,-16,8,3,-1,0,-59,4
92.844714,72,126,88,24,9,3,-14,-71,4
92.865662,-38,105,-22,-17,-2,1,10,88,4
92.865687,66,16,0,-3,-3,-2,-9,-14,4
92.867510,-23,-28,-23,-24,-11,-5,14,127,4
92.867514,-31,-128,-53,-9,-3,2,9,6,4
92.879650,118,107,39,1,3,0,-2,-27,4
92.879688,-66,-119,45,6,-1,-3,-13,-42,4
92.889789,-7,2,34,2,-5,-9,-16,-73,4
92.889794,53,-69,-57,-27,-8,-5,11,100,4
92.903174,55,48,34,10,-2,-2,-15,113,4
92.903198,-49,-105,-7,6,-1,-3,-5,17,4
92.905372,39,-55,-3,1,3,8,22,6,4
92.905380,-22,28,13,3,-2,-5,-2,-69,4
92.926316,-54,-85,-30,-8,-5,-3,-7,-32,4
92.926338,96,108,-8,-2,-1,-4,-8,-56,4
92.927491,-91,98,-19,9,1,0,-16,-12,4
92.929081,-56,-29,-2,-2,-1,0,17,16,4
92.948440,1,45,-3,6,6,6,11,18,4
92.948458,-63,-1,-12,-5,5,0,-8,1,4
92.949682,5,-32,-27,-20,-3,-9,-1,31,4
92.949726,44,127,20,9,-4,-2,-4,-22,4
92.962553,-46,-103,2,4,0,2,-3,-62,4
92.962587,-22,-113,-69,-31,-16,-11,-10,84,4
92.969231,91,94,53,12,9,9,13,13,4
92.969248,78,92,21,10,3,-3,-18,-45,4
92.985593,-58,10,-39,-15,-9,-9,4,-10,4
92.985608,82,69,-15,7,1,4,4,71,4
92.987109,-95,-117,-55,-16,-7,-3,-8,-48,4
92.987123,25,55,10,-8,0,1,2,60,4
93.008325,-80,54,35,22,5,3,18,29,4
93.008347,-67,-45,8,4,0,-2,-3,-70,4
93.011297,127,84,12,9,6,6,9,62,4
93.011302,-67,-128,-36,-3,1,2,-1,-5,4
93.023138,40,-66,2,-8,3,3,6,24,4
93.023162,38,26,13,6,0,1,10,25,4
93.024467,-16,5,5,1,-2,1,-10,43,4
93.024481,30,127,-2,6,0,-2,-10,-108,4
93.045579,28,-93,-70,-30,-7,0,10,72,4
93.045613,29,103,49,23,5,8,15,-39,4
93.047298,-93,-36,-26,-8,-3,-6,-14,-52,4
93.047327,40,-108,-49,-17,-12,-7,-6,49,4
93.068207,27,57,28,11,-3,1,-1,-51,4
93.068238,-59,42,9,-9,-5,-7,-20,-63,4
93.070899,48,18,-13,-10,0,4,16,38,4
93.070905,-67,-81,10,13,2,-3,-5,59,4
93.082846,-13,2,-13,1,2,0,-5,-98,4
93.082886,-33,-15,-41,-10,0,4,-6,23,4
93.089788,-52,104,69,-6,-5,-5,7,-16,4
93.089815,-84,-18,-29,-14,-9,-7,-13,-45,4
93.105953,-19,-7,16,6,1,-3,-11,25,4
93.105983,69,-96,1,-1,0,-1,4,20,4
93.108335,28,-14,13,2,4,5,13,-63,4
93.108341,101,111,20,5,2,0,-11,-63,4
93.128290,-39,47,-6,-10,-3,-2,3,27,4
93.128308,26,47,-1,4,2,2,4,31,4
93.131331,38,35,11,21,-1,-10,-21,-27,4
93.131338,31,38,-58,-26,-9,-3,19,111,4
93.142524,65,-10,-15,-3,0,-3,-5,-12,4
93.142540,69,66,-1,8,1,6,26,3,4
93.149297,18,-83,-38,-4,0,0,-19,69,4
93.149317,23,97,55,4,4,5,18,-3,4
93.165659,-29,11,19,15,5,3,-6,-68,4
93.165678,-17,86,-11,-12,-9,-10,-24,-22,4
93.167004,-22,14,16,11,8,5,15,44,4
93.167045,-52,-128,-76,-27,-17,-14,-13,35,4
93.188365,-56,-96,46,15,3,-1,-1,-8,4
93.188378,30,19,32,0,1,-2,-4,-29,4
93.189860,35,40,-31,-10,-3,0,-1,-44,4
93.189874,57,15,75,31,14,10,9,47,4
93.202445,-47,-113,-83,-24,-12,-13,-14,-15,4
93.202468,43,39,-22,-17,-11,-9,-11,-13,4
93.209388,20,65,28,4,1,1,8,87,4
93.209408,51,-128,-19,8,6,6,-2,-107,4
93.225849,-45,23,35,-6,-1,4,8,61,4
93.225871,-9,64,72,25,3,-5,-13,20,4
93.228791,78,-102,-33,-14,-4,2,22,37,4
93.228797,-21,121,7,9,3,-1,-14,-58,4
93.249245,127,-86,-61,-20,-2,2,13,71,4
93.249320,-6,-89,-24,-4,-2,1,1,-79,4
93.249533,11,105,8,5,1,4,7,-45,4
93.249539,6,-71,-18,-3,-3,-4,1,55,4
93.262464,-41,55,34,7,1,-3,-3,-62,4
93.262483,-77,-9,13,9,2,1,0,86,4
93.269333,25,5,-18,5,8,6,7,-32,4
93.269354,-77,-31,20,-10,-7,-7,-16,-12,4
93.285727,127,70,33,13,-1,5,14,60,4
93.285750,-91,45,-20,-7,-1,-3,-1,50,4
93.288325,-29,109,49,17,4,4,0,-39,4
93.288332,120,-63,-59,-17,-5,-6,-9,-27,4
93.307225,-12,-35,-19,-6,1,1,-4,-11,4
93.307248,33,-1,61,14,8,4,0,-23,4
93.316466,36,-128,-22,-1,-3,-2,-4,46,4
93.316471,-83,102,64,12,6,3,14,2,4
93.322540,-5,74,-16,-1,-4,-2,1,30,4
93.322563,6,11,-47,-18,-6,-2,-5,-88,4
93.329333,-98,39,2,-5,1,-3,-6,6,4
93.329363,125,117,52,14,2,3,8,64,4
93.345929,-128,15,12,8,1,-3,-20,-66,4
93.345964,-33,14,-61,-27,-6,-3,-5,-23,4
93.347415,46,-9,60,-2,-3,-5,-8,-23,4
93.347453,-18,-80,-31,-1,-2,2,12,71,4
93.368159,127,-9,6,9,3,2,-7,-50,4
93.368179,13,-17,-102,-21,-4,1,14,110,4
93.369673,26,-34,-44,-23,-11,-14,-20,-87,4
93.369693,51,17,-13,1,4,0,-2,50,4
93.382548,-20,-83,-112,-38,-13,-4,11,69,4
93.382575,34,76,111,32,9,3,-9,-82,4
93.391077,-128,-16,-25,-7,-6,-2,1,-13,4
93.391090,-110,-61,-29,-13,-9,-7,-5,-27,4
93.405719,89,127,41,11,5,2,7,127,4
93.405728,-2,25,-23,-4,-8,-8,-13,-104,4
93.406961,-37,14,-11,2,1,-3,-11,16,4
93.406992,74,65,-4,-6,-1,-1,4,-22,4
93.428481,40,127,20,21,2,0,-19,-53,4
93.428525,67,31,37,-8,0,-6,-6,-40,4
93.429982,-16,84,25,23,2,2,6,24,4
93.429989,-116,-81,-31,-4,-1,2,4,-47,4
93.441732,16,-57,6,-4,3,-1,3,37,4
93.441752,-43,5,-4,5,1,3,5,22,4
93.451595,36,-124,-5,-15,-12,-10,-6,8,4
93.451604,43,106,10,0,5,1,-13,-18,4
93.465626,32,-83,5,2,0,-3,-10,-94,4
93.465649,-46,-128,-46,-17,-9,-8,-5,23,4
93.467145,30,-56,-26,-12,-2,1,6,33,4
93.467157,-41,-70,4,-1,-3,-3,-6,-31,4
93.488304,81,22,-4,-8,-4,-3,2,-21,4
93.488326,-23,25,-50,-2,-2,2,8,65,4
93.489679,31,116,34,3,2,-1,-13,-49,4
93.489688,-42,-45,21,14,4,6,12,32,4
93.501772,-57,20,-8,-4,-2,-2,-3,3,4
93.501794,-97,-85,-8,-4,0,-1,-3,-42,4
93.512187,83,42,51,13,6,3,-2,63,4
93.512192,-72,127,-21,-7,-8,-5,-3,-76,4
93.526183,-91,109,26,-3,3,-2,-7,76,4
93.526213,-45,-98,42,7,4,3,3,-46,4
93.528365,-42,-20,-42,-14,-6,0,12,16,4
93.528382,-54,-105,44,17,0,-7,-24,-18,4
93.548630,77,16,0,-12,3,6,21,44,4
93.548667,-9,0,8,13,2,5,10,-9,4
93.549585,-3,-120,-21,-2,3,1,7,91,4
93.549599,-13,-8,-27,-4,-5,-2,3,-47,4
93.563445,-34,-56,6,0,-3,-5,-16,-75,4
93.563454,17,-72,-3,-5,-6,-2,-6,29,4
93.572361,32,-23,-2,-1,3,1,5,31,4
93.572367,-10,42,2,-11,-7,-5,-6,5,4
93.585550,49,45,32,3,-5,-2,8,24,4
93.585573,70,43,12,4,3,-2,0,-33,4
93.587918,10,-10,-48,-6,-3,0,-20,-6,4
93.587924,107,8,21,-1,3,-2,14,77,4
93.610139,-128,-128,-20,-9,-3,-1,-9,2,4
93.610156,75,39,3,19,4,2,13,74,4
93.610160,3,93,13,-10,-4,0,10,13,4
93.610162,51,19,28,11,8,-1,-23,-89,4
93.622165,24,-93,8,4,-2,-3,2,-39,4
93.622200,-32,-50,25,6,1,1,0,42,4
93.632655,-46,103,0,-6,-1,-2,4,25,4
93.632662,-45,-16,-22,-3,-1,2,-2,-24,4
93.645678,9,55,2,4,3,0,3,-24,4
93.645699,-25,51,-8,-3,2,-1,-7,-1,4
93.647494,-6,-98,-17,1,-1,0,6,7,4
93.647503,76,33,11,1,4,6,16,-45,4
93.668252,71,-42,-21,1,1,-2,-23,12,4
93.668274,-47,34,-46,-19,-16,-12,-17,-32,4
93.670928,37,60,16,11,7,6,0,-128,4
93.670934,-5,-76,-29,-19,-10,-6,4,57,4
93.682091,34,127,40,19,6,4,3,46,4
93.682124,57,-9,-3,-2,-1,-2,-4,-33,4
93.692446,-9,18,8,4,-1,-3,-11,-32,4
93.692452,-41,-10,-2,-1,1,0,7,9,4
93.705501,-36,44,-18,-6,-6,-3,5,-19,4
93.705508,-2,-66,-3,-6,0,0,1,24,4
93.707092,-42,116,38,14,5,4,8,-19,4
93.707105,-18,-32,-104,-33,-19,-6,-1,31,4
93.728156,-106,-89,53,0,-9,-14,-17,61,4
93.728188,74,78,44,11,10,6,4,22,4
93.730274,-11,-8,10,2,0,1,6,-2,4
93.730281,44,38,16,10,3,1,-2,-3,4
93.741970,36,-9,-35,-6,0,2,6,-21,4
93.742092,-1,-30,-14,-5,-2,-1,2,13,4
93.750911,-27,-49,-7,-6,-4,-3,7,-1,4
93.750916,-1,-6,14,5,3,2,-21,33,4
93.766405,-8,-19,-18,-6,-3,-2,11,-5,4
93.766413,5,-3,15,2,0,-3,-1,-19,4
93.767383,-24,-16,-9,-2,-2,-5,-9,-13,4
93.767412,21,112,55,18,8,2,-1,15,4
93.788055,-37,-6,-62,-17,-7,0,9,-2,4
93.789259,58,92,-68,-14,1,6,8,5,4
93.789621,64,73,36,2,-9,-3,20,52,4
93.789636,-41,52,17,1,1,-15,-44,-102,4
93.801658,5,66,-41,-8,-2,0,-6,-2,4
93.801677,47,-25,-26,-3,-3,-1,0,25,4
93.811254,57,-31,-34,-25,0,2,13,-66,4
93.811259,11,-89,46,9,0,0,-10,36,4
93.825524,42,40,3,4,6,2,2,-11,4
93.825542,-42,-27,10,0,-4,-4,-10,-24,4
93.827266,-17,2,-3,1,3,0,-7,-31,4
93.827317,-18,-23,-9,-1,-1,2,12,40,4
93.848451,-29,-43,7,-2,-1,-3,-7,-41,4
93.848491,6,-27,14,1,-2,-1,4,17,4
93.849809,-42,33,11,5,1,-4,-13,0,4
93.849830,3,9,-16,-2,1,5,11,15,4
93.861699,-19,-78,-20,-2,-9,-5,-8,19,4
93.861735,81,-12,45,5,3,3,10,-6,4
93.872588,-80,71,15,7,0,-1,-19,-63,4
93.872596,14,-119,-69,-20,-8,-7,-1,31,4
93.885604,118,29,-6,4,-1,0,9,74,4
93.887880,-128,16,37,1,1,-1,-9,33,4
93.887888,-13,-80,-20,3,0,-6,-6,14,4
93.887890,46,101,57,16,6,12,11,-3,4
93.908627,-55,111,1,-6,-4,-4,-13,27,4
93.908634,5,3,4,1,0,-2,4,-38,4
93.909763,110,-53,-34,-3,-4,-3,4,50,4
93.909794,19,64,7,9,12,9,29,15,4
93.930928,35,79,23,-1,-13,-16,-24,13,4
93.930954,28,-31,-2,-3,1,4,2,76,4
93.932450,-37,-59,-20,19,7,4,6,-39,4
93.932457,91,-58,-4,-21,-16,-19,-21,-73,4
93.945647,9,48,11,1,7,9,19,13,4
93.945673,48,66,16,4,0,-3,-1,-23,4
93.947415,48,47,3,-11,-4,-2,-2,-4,4
93.947497,-52,-27,25,10,5,6,-12,55,4
93.968237,-23,47,25,11,7,5,24,-113,4
93.968261,65,49,-83,-26,-17,-12,-37,53,4
93.970336,-57,-69,18,1,-1,2,17,51,4
93.970341,55,-18,40,19,2,0,15,93,4
93.990666,24,-14,-32,-23,-9,-4,-7,-46,4
93.990690,-84,-44,7,-4,-3,-1,2,0,4
93.992027,-128,90,19,-3,-3,-2,-15,-26,4
93.993711,82,21,-43,-3,-3,-1,4,57,4
94.005535,65,-128,-75,-17,0,4,8,60,4
94.005551,19,-2,54,8,1,-5,-10,-77,4
94.006988,54,39,-1,-1,2,4,-2,8,4
94.006995,-128,-55,-24,-4,4,2,4,-64,4
94.028329,77,-10,42,3,-7,-5,-1,-22,4
94.028349,23,76,1,5,2,-3,-1,55,4
94.029780,17,-108,-35,-14,-2,0,-4,28,4
94.029794,90,63,-28,0,-3,2,13,17,4
94.051143,4,51,-1,4,2,-1,0,11,4
94.051149,3,23,-11,-1,-1,1,10,-102,4
94.052031,111,16,18,12,-1,-2,-30,44,4
94.052044,-8,119,30,1,0,-2,20,4,4
94.066887,-54,-24,2,4,4,4,-12,4,4
94.066893,86,-17,-19,-4,-8,-7,-13,23,4
94.071925,24,87,5,-10,-1,-1,5,-37,4
94.071949,-27,-18,-8,-7,-5,-6,-17,-79,4
94.088379,-110,-84,20,-3,0,-1,-6,23,4
94.089980,39,82,9,-8,0,-1,3,-17,4
94.089986,-31,-90,-22,2,-1,-4,-9,19,4
94.089988,40,-48,12,5,7,4,-11,11,4
94.111062,-81,3,11,15,0,0,13,32,4
94.111100,33,2,17,17,17,15,21,2,4
94.112930,62,-103,-30,-20,-8,-8,-9,1,4
94.112936,-102,85,-16,-10,-3,-5,-9,-68,4
94.125176,81,57,15,8,11,10,10,78,4
94.125205,-88,10,27,2,-9,-5,6,-92,4
94.132119,-46,127,31,20,7,4,-16,-8,4
94.132157,-99,54,20,-5,-7,-8,1,14,4
94.148511,-71,-79,-24,-12,0,-5,-16,-78,4
94.148539,-42,11,23,12,1,2,15,69,4
94.149994,-19,54,-4,-1,-1,-2,-2,-87,4
94.150037,30,34,14,5,-3,0,6,34,4
94.170717,-14,70,33,2,3,0,-6,33,4
94.170742,61,-128,-42,-2,-3,-3,1,-49,4
94.173180,-69,-8,23,-2,-1,-6,-28,-35,4
94.173183,-74,51,-35,-3,-4,-1,7,25,4
94.185088,81,26,-54,-15,-11,-7,-1,-45,4
94.185120,-78,-117,-14,-7,-3,-2,-9,-64,4
94.199366,-25,-115,-41,7,1,3,12,26,4
94.199390,103,-79,14,9,1,-2,-16,-12,4
94.207996,35,8,-36,-2,-1,1,11,-30,4
94.208018,-24,124,-28,11,0,-1,-17,19,4
94.209433,59,-59,-2,-16,-4,-4,9,5,4
94.209446,-10,-55,-9,-8,-5,-2,-9,40,4
94.231002,30,77,30,5,4,0,10,49,4
94.232428,-18,-119,-37,-7,-8,-2,-13,-9,4
94.232434,18,34,21,-5,1,-1,13,43,4
94.232436,23,-4,-44,-8,-3,0,2,-65,4
94.245335,-13,67,34,9,3,2,-2,9,4
94.245497,20,127,61,26,9,5,8,46,4
94.251762,-1,-52,9,6,-3,-7,-12,-87,4
94.251786,35,14,13,-10,3,6,9,-21,4
94.268231,56,57,61,17,5,1,-14,-41,4
94.268254,-62,-41,0,-6,-1,-1,9,5,4
94.271138,-15,80,6,4,2,5,6,38,4
94.271144,-36,38,-2,8,-1,0,1,-29,4
94.290525,-8,-86,-59,-31,-7,-3,14,-18,4
94.290546,77,91,62,40,18,6,-16,-67,4
94.292079,30,-92,-32,-22,-7,-11,-17,-1,4
94.292110,-52,-24,-24,-10,-4,-6,-3,5,4
94.304958,10,-68,-55,-17,-4,4,12,87,4
94.304982,77,105,27,9,6,4,5,33,4
94.311857,-110,-61,-39,-12,-5,-1,0,-19,4
94.311877,4,73,24,5,4,3,1,11,4
94.328177,-3,-73,16,16,2,2,0,-25,4
94.328207,-72,3,0,-10,-1,0,7,49,4
94.329692,36,51,26,17,1,3,13,30,4
94.329743,49,-71,-78,-24,-9,-8,-8,-31,4
94.350571,-60,60,79,23,6,0,-21,-31,4
94.350576,9,-53,18,-8,-5,-1,6,30,4
94.352062,-19,127,43,13,-1,-1,5,28,4
94.352076,53,-123,-68,-32,-10,-9,17,66,4
94.366482,9,124,24,16,1,-2,-50,-87,4
94.366489,-41,-105,-55,-28,-7,-2,19,-10,4
94.375284,84,52,18,1,0,0,2,-19,4
94.375290,-69,53,26,12,-1,-1,-12,17,4
94.388184,-56,19,3,-9,-6,-10,-11,0,4
94.388201,58,-19,-1,-12,0,1,-4,27,4
94.389594,67,25,29,15,8,9,20,48,4
94.389599,-55,-7,-18,2,0,1,-3,-100,4
94.410761,-61,24,5,1,0,-1,7,49,4
94.410783,24,-79,-39,-9,-6,-8,-8,94,4
94.412713,-15,20,-49,-17,0,-1,12,39,4
94.412719,44,-93,32,13,1,-1,-20,-57,4
94.424511,-7,-120,-35,-18,-2,2,14,8,4
94.424541,90,43,-20,2,-5,-2,9,62,4
94.434982,73,-17,11,11,-4,-7,-37,-48,4
94.434990,36,14,-19,-9,5,3,4,47,4
94.448344,-5,7,25,-3,-1,1,25,55,4
94.448392,-78,-57,65,26,6,3,-25,-82,4
94.449726,-29,-44,-23,-20,-10,-15,-22,-46,4
94.449763,-8,62,-5,-2,-4,-6,-3,-14,4
94.469790,59,-119,-21,13,0,0,4,57,4
94.469817,-99,88,-58,-25,-8,-5,0,5,4
94.478811,-3,-59,27,-7,1,8,14,77,4
94.478816,104,77,71,22,2,-2,-9,65,4
94.484196,-57,4,-15,-5,-4,-6,-9,-100,4
94.484220,87,-2,-14,-7,-3,0,9,79,4
94.493698,-83,31,-11,2,1,1,-9,-36,4
94.493717,36,17,-38,-10,-3,2,14,56,4
94.508857,41,-73,0,0,2,1,-2,-14,4
94.508862,-52,-5,-11,-4,-5,-7,-12,-33,4
94.509476,-9,-103,-76,-26,-7,-3,7,-28,4
94.509483,-112,-88,28,16,11,7,5,-14,4
94.530940,15,116,-28,20,1,-1,-2,-27,4
94.530970,-95,-128,-41,-29,-9,-4,0,-47,4
94.533345,-37,110,37,15,8,7,17,76,4
94.533356,-12,-10,22,0,0,-1,-9,-6,4
94.544265,127,104,-2,-21,-13,-7,12,78,4
94.545999,-58,-71,-22,13,7,2,-21,-99,4
94.554360,-74,-71,-58,-18,-11,-11,-14,-44,4
94.554368,-35,-22,-48,-20,-5,1,10,90,4
94.568260,-87,20,18,-1,0,-2,-8,-53,4
94.571720,127,127,92,22,4,0,2,55,4
94.571725,-20,62,24,8,4,4,12,-44,4
94.571727,89,88,4,-10,-6,-7,-18,0,4
94.590629,-8,-128,-10,-9,2,1,3,-64,4
94.590649,-44,14,-19,-8,-9,-5,-8,-11,4
94.592288,65,78,42,10,10,4,0,5,4
94.592292,98,39,65,18,3,0,6,4,4
94.604278,-22,-24,-31,-6,-4,-3,-5,-24,4
94.604292,-63,119,12,1,-2,-5,3,11,4
94.615040,-37,-73,-22,-6,-4,-3,-7,8,4
94.615046,3,-59,9,-4,-2,-2,-1,-36,4
94.628315,126,78,12,3,0,-2,-8,-18,4
94.628337,-65,-128,-95,-35,-5,1,3,-46,4
94.630567,63,-59,-76,-14,-12,-14,-15,27,4
94.630576,44,74,29,3,0,-2,16,48,4
94.650536,-74,-100,3,-2,0,-1,-18,5,4
94.650551,61,-54,-9,-13,-3,-3,9,11,4
94.652048,127,56,38,17,4,6,14,-2,4
94.652062,-127,72,-25,-6,-4,-8,-27,-22,4
94.665410,25,-40,-35,-12,-4,1,13,18,4
94.665418,-2,5,15,6,5,4,8,41,4
94.674513,-45,-75,-42,-20,-4,1,-2,38,4
94.674522,77,9,37,19,5,-1,-15,-93,4
94.688285,-63,32,4,6,1,-2,-5,34,4
94.688303,-28,4,-38,0,-2,1,14,18,4
94.690265,18,-7,25,3,1,3,6,38,4
94.690269,2,-114,-43,-19,-7,-9,-34,-103,4
94.711046,94,-67,-12,-16,-6,-3,11,43,4
94.711082,65,110,28,12,3,4,0,-11,4
94.713112,-46,-42,14,-2,-3,-4,11,-13,4
94.713118,-50,87,-6,11,3,8,8,-3,4
94.724738,-33,-26,30,0,0,-3,-7,-17,4
94.724767,75,1,-36,-13,-2,0,2,1,4
94.734008,86,38,2,9,6,1,-3,-69,4
94.734020,-6,-88,-13,-2,-2,-2,3,39,4
94.747468,-34,127,4,-3,-2,-1,-1,-14,4
94.747706,-1,-128,16,0,0,-2,4,39,4
94.756419,-74,-40,67,22,5,1,-17,-54,4
94.756432,-7,-60,-29,-15,-3,-3,5,41,4
94.770690,21,-28,40,27,6,2,1,-1,4
94.772219,-92,-14,-8,0,-3,-4,-7,45,4
94.772224,-45,-29,-16,-8,-4,1,23,21,4
94.772226,-17,14,42,10,4,3,-17,-22,4
94.784395,73,-3,-5,-5,-3,-1,7,37,4
94.784422,127,82,28,18,7,5,13,-19,4
94.796153,39,36,-23,-3,-6,-8,-29,-60,4
94.796161,-50,-63,-57,-13,-6,-5,12,0,4
94.808167,31,63,-14,-8,-1,1,3,71,4
94.808181,35,55,-17,5,4,1,-14,-96,4
94.809480,50,127,6,-15,0,2,11,16,4
94.809493,-62,110,63,12,4,2,7,15,4
94.830856,-52,-110,-64,-10,-5,-4,-10,-18,4
94.830919,46,49,-2,3,-2,-2,7,36,4
94.833199,-128,-63,45,4,0,-4,-31,-53,4
94.833206,44,-52,-3,1,2,5,27,40,4
94.853347,79,-35,-22,-9,-4,-7,-25,-32,4
94.853354,17,34,7,16,-1,2,-4,-14,4
94.854508,11,3,-27,3,-1,0,1,48,4
94.854515,48,-2,-18,-3,-1,2,18,84,4
94.868816,-82,-41,42,11,-1,2,-3,-105,4
94.868823,52,67,-11,10,3,-4,-15,-90,4
94.869532,127,-36,-15,-18,-9,-12,-18,86,4
94.869539,31,35,-10,3,-2,-1,-4,-24,4
94.890657,-16,-18,2,-9,0,3,19,21,4
94.890681,18,66,27,3,5,0,-12,-3,4
94.891980,4,22,-24,2,1,4,12,0,4
94.892025,19,-62,-14,-8,-3,-2,6,11,4
94.914954,-10,74,-4,2,0,-2,-4,-14,4
94.914961,-52,-124,-7,-17,-11,-4,0,41,4
94.914964,75,99,76,5,8,3,22,52,4
94.914966,-5,12,15,3,0,-2,-11,-58,4
94.928612,-89,-30,14,20,3,0,-5,-38,4
94.928643,10,14,25,-16,-3,-6,-8,-15,4
94.930667,9,-95,-44,-6,-4,-5,3,48,4
94.930675,-21,40,-19,2,3,8,24,-51,4
94.951127,79,-13,10,-8,-6,-9,-28,101,4
94.951151,78,-79,-23,-15,-3,-1,10,2,4
94.953376,44,48,1,4,0,1,-5,-94,4
94.953382,15,46,-20,0,1,-2,-6,27,4
94.973462,22,-47,13,1,-4,-3,13,55,4
94.973492,0,-50,-29,-11,-5,-3,-8,37,4
94.975706,-40,-5,-9,1,-4,1,-12,-20,4
94.975713,-100,-70,42,0,2,0,9,21,4
94.987835,-16,127,62,34,17,15,17,30,4
94.987858,-88,-77,-64,-20,-12,-14,-14,67,4
94.994569,19,-84,-31,-2,-1,2,-2,-112,4
94.994589,80,65,20,1,-2,-2,-7,25,4
95.010705,-46,-4,-23,-10,-1,0,5,-31,4
95.010733,-17,-28,31,15,8,7,9,2,4
95.012263,-52,-52,-1,1,-2,-1,0,38,4
95.012293,68,-14,-38,-8,-1,3,0,14,4
95.033159,-45,-17,62,14,-1,-6,-8,-50,4
95.033190,-40,-55,-7,-8,-1,-1,-14,-20,4
95.035362,-97,-50,-66,-11,-6,-5,4,22,4
95.035366,66,58,53,15,4,-1,-16,-96,4
95.047850,-5,-116,-22,-17,1,-3,-8,-59,4
95.047883,-3,66,25,3,0,-1,-1,3,4
95.054326,43,8,0,5,5,5,7,18,4
95.054350,107,64,7,-16,-14,-6,0,49,4
95.070639,-24,8,23,10,4,1,-3,-35,4
95.070654,61,69,16,2,1,0,-8,-13,4
95.072019,95,6,-6,-9,0,-1,0,-18,4
95.072033,-60,-104,-60,2,3,5,13,44,4
95.093772,48,102,-38,-18,-16,-10,-6,26,4
95.093806,18,5,-23,-5,-2,-2,0,-5,4
95.096101,-21,-39,53,16,8,7,11,47,4
95.096106,-15,69,15,4,3,3,-9,-51,4
95.107592,67,42,17,-4,-6,-3,5,87,4
95.107620,-128,-119,-17,6,-2,-4,-7,-21,4
95.115656,106,100,4,0,-5,-4,2,10,4
95.115699,-128,-17,13,-1,-2,-1,0,32,4
95.132008,-1,100,-13,-12,3,5,8,38,4
95.132017,81,-19,17,-1,1,1,8,52,4
95.132126,-23,-21,-4,-5,-5,-6,-6,40,4
95.132154,-45,1,-38,17,-4,-3,-3,-27,4
95.153362,7,-52,27,4,6,1,2,-36,4
95.153391,101,22,13,5,3,4,16,33,4
95.154694,-40,-35,-30,-3,-1,-3,-6,-33,4
95.154715,-7,-30,0,-9,-2,-1,-1,13,4
95.167447,-12,-105,-58,-8,-5,1,10,-34,4
95.167476,-128,74,39,9,3,-1,-4,-17,4
95.174289,97,-22,22,4,1,-2,-9,-38,4
95.174312,-90,-9,-15,-17,-6,-7,-9,6,4
95.190657,14,121,4,7,4,-2,-7,-51,4
95.190684,6,-128,-21,-17,-8,-5,5,28,4
95.192191,6,127,-5,5,0,4,10,-9,4
95.192254,-7,-88,7,-1,3,0,-2,3,4
95.213283,33,29,-11,18,7,6,4,19,4
95.213323,11,124,-29,-18,-10,-9,-15,-3,4
95.214794,11,55,-12,-15,-11,-10,-10,49,4
95.214820,28,-49,-11,-7,-3,-6,-6,-14,4
95.227915,11,105,48,4,9,12,18,77,4
95.227922,-86,4,54,18,0,-1,-7,-57,4
95.234147,-122,-1,-11,-3,0,2,13,23,4
95.234171,35,21,-14,-1,-2,-5,-9,49,4
97.252356,-3,-28,-20,-8,-3,-1,2,1,0
97.252737,18,12,3,0,-1,-2,-2,-6,0
97.252966,-17,16,8,3,0,-1,-2,-2,0
97.252973,-16,-8,-17,-4,-2,0,-1,-2,0
97.275018,22,-10,8,0,-2,-2,-1,-1,0
97.275041,-49,-34,-31,-5,0,-1,0,1,0
97.276348,25,27,17,1,1,1,0,0,0
97.276365,0,-20,9,-1,-1,-2,0,1,0
97.297728,15,-8,-32,-8,-4,-4,-3,-4,0
97.297757,17,-42,22,4,2,1,-1,-2,0
97.299493,-16,73,1,0,-1,-2,-2,-3,0
97.299498,29,26,-15,-2,-1,-1,-1,1,0
97.311754,-11,-12,4,-2,-1,-2,-1,-1,0
97.311781,12,1,0,-2,-1,0,-1,-2,0
97.320101,3,-31,-14,-4,-1,0,-1,3,0
97.320126,0,17,1,1,-3,0,-2,-3,0
97.334869,5,43,8,1,2,1,-1,-1,0
97.334892,5,-53,-11,-3,-3,-2,-3,-3,0
97.335660,-1,-14,-3,0,-2,-1,0,2,0
97.335759,2,-5,1,1,-1,-1,-3,-3,0
97.358411,-12,-10,5,0,-3,-1,-1,-1,0
97.358441,-10,41,-4,2,-1,-3,-2,-3,0
97.358446,9,-13,7,2,-1,0,0,2,0
97.361388,13,-1,-4,0,-1,0,0,2,0
97.371768,-12,5,-7,-4,-1,0,0,0,0
97.371792,10,72,10,0,-2,-1,-1,3,0
97.380155,1,-82,8,1,1,-3,0,-3,0
97.380190,-13,38,4,-1,-2,-1,-1,-3,0
97.394897,2,6,-16,-3,0,-1,-2,-2,0
97.394970,-39,0,-1,-2,-1,-3,0,2,0
97.395743,14,12,-10,-6,-3,-1,-2,-1,0
97.395784,4,-4,-6,-3,3,0,-1,1,0
97.417398,-18,-14,15,1,-3,-2,-2,-1,0
97.417421,7,-18,0,-2,-1,0,1,-1,0
97.419633,-6,46,-9,1,-3,-1,-2,-2,0
97.419637,12,-13,1,-1,-2,-2,-1,0,0
97.431726,-47,-9,2,1,-1,-1,-3,-5,0
97.431745,10,1,-2,-1,-1,1,-1,1,0
97.441370,0,-16,2,-2,1,-1,0,1,0
97.441375,-5,-5,-12,-3,-1,-3,0,1,0
97.456293,7,4,10,2,1,0,2,2,0
97.456298,14,4,-17,-6,-3,-3,-4,-3,0
97.456300,-17,-52,-8,-4,0,-1,-1,-5,0
97.456301,-5,5,12,0,-1,-1,-1,-2,0
97.477697,12,-27,-9,3,2,0,-1,-1,0
97.478975,9,35,10,-1,0,1,1,2,0
97.478980,15,-4,-10,1,1,0,-2,2,0
97.478982,-6,9,-3,-1,0,-2,-2,-4,0
97.492147,-2,-23,-11,-4,-3,-1,-2,3,0
97.492172,10,-38,9,-3,-3,-1,-3,0,0
97.500036,4,-37,-17,-2,-2,0,1,1,0
97.500158,25,19,5,-1,0,-1,-2,-3,0
97.515225,8,28,18,5,2,0,0,-1,0
97.515254,-7,-5,9,7,1,-1,0,-2,0
97.516341,-4,24,3,-2,-2,-3,-1,0,0
97.516348,-17,-39,-21,-4,-2,-2,-1,0,0
97.537456,0,-7,-2,-7,-3,-1,0,0,0
97.537478,-1,12,6,0,0,-1,0,0,0
97.538346,14,7,0,-2,-1,0,1,1,0
97.538363,-25,25,-6,-2,-2,-3,-2,-4,0
97.551724,2,-20,13,-2,-2,-1,-2,-1,0
97.551746,-9,-9,0,4,-2,-1,-1,-3,0
97.560399,-9,19,1,-6,4,0,0,-2,0
97.560447,12,12,4,2,1,2,1,5,0
97.575166,1,-3,-10,0,-1,-3,-3,-6,0
97.575195,-3,-3,3,-1,0,-3,-1,-2,0
97.577992,-5,7,5,3,-2,0,1,2,0
97.578002,6,31,6,1,0,-2,-1,0,0
97.597752,-5,-38,-21,-6,-2,-1,1,3,0
97.597787,-39,-28,13,1,0,-1,-2,-5,0
97.598442,6,8,3,3,-1,-1,-3,-4,0
97.598462,5,-6,-12,-6,-1,1,-1,-2,0
97.611783,-4,-1,0,0,0,-2,0,0,0
97.611802,15,28,-8,0,-1,0,1,3,0
97.620238,-17,-15,7,0,1,0,-1,-1,0
97.620262,3,0,0,-2,-3,-1,-2,1,0
97.634883,9,10,-2,-2,-1,1,-1,0,0
97.634904,2,-2,-10,-2,1,-1,0,1,0
97.637353,-5,21,-6,-2,1,-1,-3,-1,0
97.637360,6,-26,10,0,1,-2,-1,1,0
97.659161,-3,8,-11,-3,-4,0,0,-3,0
97.659168,9,-49,6,4,3,0,-2,-3,0
97.659170,-9,5,16,-2,-2,-1,0,0,0
97.659171,4,28,5,2,0,0,0,2,0
97.680926,-23,-26,-4,-3,-3,-2,-2,-3,0
97.680963,13,-8,-14,-5,-3,-2,0,0,0
97.682338,4,-1,-6,0,0,0,1,2,0
97.682344,1,-21,-5,-1,0,-1,-2,-4,0
97.694968,-27,-3,11,1,-1,0,0,-1,0
97.694986,8,6,-20,-3,-1,0,1,5,0
97.696280,-6,-32,11,3,0,-1,-3,-6,0
97.696287,-1,38,3,5,1,-1,1,-1,0
97.717553,18,1,-1,0,1,1,-2,2,0
97.717635,-3,21,0,-5,-3,1,-2,-1,0
97.720523,-5,2,-7,-4,-2,0,0,2,0
97.720529,-7,-55,-17,-6,-5,-3,-3,-1,0
97.740721,11,65,38,6,1,-2,-2,-9,0
97.740737,-2,2,-2,-2,-1,0,0,0,0
97.741487,-1,13,13,5,1,-1,0,0,0
97.741649,-2,17,4,-7,-3,0,-2,-1,0
97.754909,-4,-9,-1,4,0,0,-2,0,0
97.755058,7,6,-6,-7,-2,-1,-3,-5,0
97.755633,0,16,-1,-1,-1,-1,0,-3,0
97.755668,-4,-15,-12,0,-2,-1,0,0,0
97.777603,-5,-9,-4,-6,0,1,0,1,0
97.777626,8,19,12,3,0,-1,-1,-1,0
97.780545,-8,-10,-18,-6,-2,-1,-1,0,0
97.780578,4,-16,3,3,1,0,-3,-4,0
97.808312,12,-6,-11,-5,-3,-1,-1,1,0
97.808335,8,18,2,1,-3,-1,0,1,0
97.811167,-20,-5,-2,0,-1,-2,-1,-1,0
97.811191,-11,-41,3,0,0,-2,-1,-2,0
97.823102,1,7,-2,-2,0,0,0,-1,0
97.823120,1,23,-9,-5,-1,-1,-1,-2,0
97.824725,9,-4,18,6,1,1,-1,1,0
97.824729,-5,7,6,-1,1,0,1,0,0
97.837669,10,14,3,3,-1,-2,-1,2,0
97.837694,2,54,1,-5,-5,-2,-2,0,0
97.839328,6,-70,-17,-4,-1,-2,-2,-2,0
97.839334,-6,-6,-3,-1,-1,-2,-2,-5,0
97.860761,4,0,6,-2,-1,-2,-1,-2,0
97.860784,-3,17,-19,1,-3,-2,-1,1,0
97.861392,8,35,7,0,1,0,-1,0,0
97.861409,3,-6,-1,-2,-2,0,-1,1,0
97.876184,-1,5,-15,-4,0,-1,-1,0,0
97.876193,-5,-34,5,0,0,-1,-3,-2,0
97.876195,-3,6,-7,-1,-3,0,-2,-1,0
97.876197,1,7,2,0,0,-1,1,0,0
97.897991,9,-10,-7,0,-3,-2,-4,1,0
97.898020,-16,-14,6,-2,-2,0,1,3,0
97.900606,-6,-2,-1,-1,-1,-1,-2,-9,0
97.900613,-11,-6,1,2,0,-1,0,-2,0
97.922926,0,-59,-12,-3,-2,0,0,2,0
97.922933,5,73,-7,-4,-1,-1,-1,0,0
97.922935,-8,35,36,10,1,1,0,-6,0
97.922937,6,-1,-2,-3,-1,1,-1,2,0
97.935104,-1,-38,-1,0,-1,-2,-2,-3,0
97.935125,-6,2,5,0,0,0,-1,-1,0
97.937082,3,87,-8,-7,-3,-3,0,1,0
97.937089,39,-55,-7,-1,-2,-3,-2,-1,0
97.965617,-23,18,1,-1,-1,-2,-2,-3,0
97.965642,-20,-33,0,-2,-1,1,-1,-1,0
97.966818,16,19,-4,1,-1,1,-1,1,0
97.966824,-25,4,-4,1,-1,-1,-1,0,0
97.980847,0,18,-9,-2,0,-1,0,-2,0
97.982249,2,-25,0,-3,-2,-2,-1,-1,0
97.982256,-9,-41,-7,-2,-2,-1,-1,0,0
97.982258,4,13,-9,1,0,-1,0,1,0
97.994997,8,10,2,0,0,-2,-2,-2,0
97.995017,-5,-7,6,0,2,-2,-1,-2,0
97.996386,9,-5,1,-2,-2,-1,-1,0,0
97.996396,-4,-11,-6,-3,-2,1,0,2,0
98.017368,-5,16,-1,-1,-4,-3,-1,-6,0
98.017375,12,-16,1,2,0,-1,-3,-4,0
98.017987,-2,-73,-28,-9,-2,-2,0,2,0
98.018019,-5,44,38,5,1,0,0,-2,0
98.040655,4,6,-4,-5,-2,1,2,1,0
98.040680,-4,12,53,13,3,0,-2,-2,0
98.044195,-31,-58,-9,-6,-3,0,-1,-1,0
98.044209,13,-4,1,0,0,0,-2,0,0
98.054983,5,-1,1,0,1,0,0,-2,0
98.055060,1,-10,-17,-3,-1,-1,-2,-2,0
98.057407,1,43,6,-2,-1,-1,0,-2,0
98.057413,-14,-1,-5,-3,0,0,0,-1,0
98.079571,22,23,1,0,-3,-2,0,3,0
98.079577,4,0,-15,-4,-1,0,-2,-2,0
98.079579,8,-31,-3,2,-2,-4,-3,-3,0
98.079580,-17,-6,-12,-5,-1,-2,-2,-4,0
98.100713,2,-7,5,-1,2,-2,-2,-2,0
98.100739,7,11,-15,-6,0,-1,0,2,0
98.102035,12,4,5,-1,-1,-2,0,1,0
98.102047,1,10,1,0,-1,-1,0,1,0
98.114947,-9,1,-6,-2,0,-1,0,-3,0
98.114964,-19,-5,-4,-3,-3,-1,0,-1,0
98.116214,23,-2,-11,-1,0,0,-1,0,0
98.116219,7,-1,-1,2,-2,-1,-1,2,0
98.137619,-14,-23,-4,-1,0,-1,-2,-2,0
98.137887,-10,10,-7,-1,-2,-1,0,-3,0
98.140504,-2,-2,-10,-2,-1,1,0,1,0
98.140509,7,80,-11,-7,-4,-2,-2,-2,0
98.160728,-27,-83,9,5,1,1,0,-3,0
98.160767,8,-33,-12,-4,-2,-2,0,1,0
98.161806,-20,15,3,0,0,0,-2,-2,0
98.161826,-18,-6,2,1,1,1,2,-1,0
98.175217,42,49,10,-1,-1,-2,0,4,0
98.175236,-38,-20,3,0,0,-1,-1,-3,0
98.175643,53,16,5,-1,-2,0,-1,2,0
98.175661,-37,-3,-4,-1,-1,-3,-3,-5,0
98.197825,-27,-10,-3,-1,0,1,1,-1,0
98.197872,34,13,9,-3,0,-2,0,2,0
98.199831,-1,18,-4,-4,-2,-4,-3,0,0
98.199835,-7,-33,-3,-2,1,-1,-1,-2,0
98.220493,3,18,3,3,-2,0,-2,0,0
98.220508,3,-11,8,2,1,0,1,0,0
98.221264,-10,-4,-3,-1,0,0,1,-2,0
98.221277,-6,-19,-1,-4,-3,-2,-1,-2,0
98.235820,-13,-4,-8,-3,-1,0,-1,1,0
98.235826,6,10,-8,-2,-1,0,-1,0,0
98.235828,-2,16,1,-3,-1,-3,-2,-3,0
98.235829,12,1,-4,0,-1,-2,0,1,0
98.257727,-11,-15,14,1,-2,-1,0,-3,0
98.257939,21,7,-15,-1,-3,-1,-3,-1,0
98.259311,0,-20,6,-1,0,0,1,1,0
98.259315,8,24,-2,-3,-2,-2,-4,-5,0
98.282318,-11,11,-2,0,1,-2,-3,-6,0
98.282326,2,-78,-5,-3,-3,-1,1,1,0
98.282328,-17,74,8,2,1,-1,0,-1,0
98.282330,9,-11,6,3,0,0,2,3,0
98.294409,15,15,0,-1,-3,0,-2,-1,0
98.296369,-47,-18,5,2,0,1,0,-2,0
98.302657,57,2,-6,-9,-3,-3,-3,0,0
98.304042,0,-12,-7,0,-1,3,2,2,0
98.317359,3,-3,4,2,2,-2,-1,-2,0
98.317377,-20,-2,15,6,3,0,-2,-2,0
98.318121,-17,0,0,0,-2,0,-2,-1,0
98.318151,12,4,-11,-6,-3,-3,-1,0,0
98.341048,1,-6,-11,-5,-4,-2,-1,-1,0
98.341072,11,20,3,-1,0,-1,-2,-3,0
98.343620,-14,-10,-10,0,-1,-1,-1,0,0
98.343630,3,1,13,0,1,-1,-2,-1,0
98.354376,-3,-12,5,0,-3,0,0,0,0
98.354393,3,-20,-8,-3,-3,-3,-2,-3,0
98.362458,-15,7,-1,1,0,-1,1,1,0
98.362483,-1,-11,1,-4,-1,-4,-3,-5,0
98.377428,1,29,-11,-1,-1,-1,0,1,0
98.377453,19,31,8,3,0,1,1,2,0
98.378216,1,-21,-4,-1,-3,-1,0,-6,0
98.378269,-22,-4,6,3,0,0,0,-1,0
98.400601,-2,-3,-9,-5,0,-1,0,1,0
98.400625,6,28,-10,-8,-4,-2,-1,0,0
98.402850,-11,-34,6,9,4,2,0,0,0
98.402856,13,0,7,-1,0,0,0,-1,0
98.414587,-20,-6,-3,-4,-1,-2,-2,-1,0
98.414618,28,4,-6,0,1,-2,0,4,0
98.423483,-14,-46,-2,-2,-2,-1,-1,0,0
98.423512,13,58,2,1,-1,-2,-1,-1,0
98.437280,28,4,11,6,2,2,0,2,0
98.437303,-33,-7,-5,-3,-2,0,-2,-4,0
98.437959,-7,1,-10,-6,-3,0,-2,-1,0
98.437965,-1,-29,-7,1,1,-2,-2,-2,0
98.460788,31,27,-1,-1,-2,-1,0,2,0
98.460819,-9,-42,-9,-1,0,-1,1,-2,0
98.463387,-16,25,9,0,0,-3,-3,-2,0
98.463404,2,-11,5,-2,-2,0,0,1,0
98.474349,-16,18,-3,-3,-3,0,-2,-3,0
98.474371,-2,-23,1,-3,-4,-3,-2,-4,0
98.483799,2,3,5,3,-1,0,-1,-1,0
98.483805,-8,-25,-8,-3,-3,-2,-3,-4,0
98.499556,-1,8,-2,-2,-3,-1,-4,-3,0
98.499566,4,20,-5,-1,-1,1,0,-1,0
98.499568,-1,-17,-10,-6,-2,-3,-2,1,0
98.499570,-5,15,19,4,0,-1,2,2,0
98.520902,16,-13,-2,-2,-1,0,-1,2,0
98.520922,-6,26,-8,-6,-2,-1,0,1,0
98.522143,-14,-18,3,3,2,1,1,2,0
98.522148,36,15,-7,-3,-3,-2,-1,0,0
98.543668,-4,20,-1,-1,-1,-3,-1,-5,0
98.543703,-5,-70,-9,0,-1,-1,-1,0,0
98.546519,-10,-36,23,1,1,1,1,-2,0
98.546526,-15,-8,-4,-2,-2,-1,-2,-2,0
98.557716,1,4,-6,2,3,2,1,1,0
98.557745,-16,62,3,-2,-2,-2,-1,0,0
98.560241,9,10,5,1,-1,-2,-2,-5,0
98.560252,2,-24,-8,0,1,1,0,-3,0
98.580602,4,11,4,-2,-4,-3,-1,-1,0
98.580619,5,-3,-1,1,0,-2,-3,-2,0
98.581307,-3,-1,-4,-3,-3,-1,-1,-3,0
98.581329,2,43,0,-2,-1,0,-1,1,0
98.595195,-17,-78,-2,0,-1,0,-2,-5,0
98.595201,6,22,8,5,2,0,-3,-2,0
98.602627,-13,-35,-12,-3,-2,-2,-2,-4,0
98.602645,2,13,-10,-1,-1,0,-2,-1,0
98.617404,-8,-20,-2,-4,-2,-2,1,2,0
98.617427,17,-25,2,2,0,0,2,3,0
98.619325,19,106,5,0,-1,-2,-1,-1,0
98.619330,-25,-28,-5,-3,0,0,0,-3,0
98.641882,5,-26,-13,0,-4,-3,-1,2,0
98.641888,6,64,11,-2,-1,0,-2,-5,0
98.641890,-8,-13,-2,0,-2,-1,-1,5,0
98.641892,14,-27,1,1,1,0,-1,1,0
98.663160,-12,10,5,-2,0,0,0,0,0
98.663186,7,8,-3,-1,0,0,1,2,0
98.665722,-20,-42,-11,-3,-1,-1,-2,-2,0
98.665728,-6,19,0,0,-1,-1,-1,-2,0
98.677729,10,-20,-2,0,2,-3,-1,0,0
98.677761,-4,6,-1,-4,-2,-2,-2,-1,0
98.679224,7,-4,-8,-2,-1,0,0,2,0
98.679229,2,4,1,0,-1,-1,-1,-3,0
98.701622,-5,23,4,0,0,1,-2,-2,0
98.701629,-6,-16,2,0,1,-1,-1,0,0
98.701631,-3,14,0,-2,-1,-2,-1,-3,0
98.701632,-6,-32,-16,-5,-4,-1,0,1,0
98.723586,-21,-15,-16,-6,-2,-1,-1,0,0
98.723608,1,14,1,-2,0,0,0,-2,0
98.725643,17,16,7,1,1,-2,0,2,0
98.725647,1,5,-14,-5,-2,-1,-3,-7,0
98.737491,-5,36,0,0,0,0,-1,1,0
98.737515,-21,-39,-4,5,-2,0,-1,-3,0
98.739741,-18,-76,-6,-5,-1,-1,1,-1,0
98.739745,25,57,2,-4,-3,-3,-2,3,0
98.763117,8,45,5,0,-1,0,1,-1,0
98.763184,-18,-27,0,-3,0,0,0,0,0
98.763187,0,0,-4,-3,0,-1,-1,0,0
98.763188,12,-29,-2,-1,1,-1,-1,-1,0
98.783150,-36,-13,6,-1,-2,-1,-1,-5,0
98.783168,16,22,1,1,1,0,-3,2,0
98.783815,-12,1,-4,-1,1,1,-1,-4,0
98.783830,-9,-11,1,-5,-2,0,1,2,0
98.797667,17,6,3,2,0,0,0,-2,0
98.797722,0,-7,-3,-1,-2,0,-1,-3,0
98.798361,3,8,-1,-3,-3,-1,-2,1,0
98.798375,-4,61,-3,4,0,-2,-3,-2,0
98.820885,9,-69,3,-2,-2,-1,-2,0,0
98.820908,-7,-16,-4,-5,0,-1,-1,1,0
98.822831,16,70,14,3,1,-2,-2,-5,0
98.822835,-4,-46,-5,0,-3,-1,0,2,0
98.843243,-8,16,-14,-4,-2,-1,0,-2,0
98.843271,16,-2,5,1,0,-1,0,0,0
98.843936,-1,-4,-14,-3,-1,-2,-2,0,0
98.843957,-14,-10,6,-1,-1,0,0,-2,0
98.857494,-7,33,-3,2,2,-1,-1,-5,0
98.857500,35,-48,-12,-8,-3,-1,0,-1,0
98.857940,14,24,8,1,-1,-1,-1,-2,0
98.857953,-26,6,-7,1,1,0,1,-1,0
98.880911,2,-9,11,1,1,-1,2,4,0
98.881011,-10,43,-1,1,-1,-1,-1,-1,0
98.883197,-3,-13,-1,-3,-2,0,-2,-1,0
98.883203,5,-20,2,0,-1,-2,-1,0,0
98.904516,4,8,-6,-5,0,-3,0,-1,0
98.904522,-7,10,11,3,-1,-1,-1,-1,0
98.904523,-11,-12,-4,-1,-4,-2,1,-1,0
98.904525,28,-3,-15,-4,-1,1,-1,1,0
98.917517,-19,-9,20,4,1,-2,-2,-5,0
98.917554,-4,-25,-21,-5,-3,-1,-2,0,0
98.920623,-3,46,20,3,2,1,1,1,0
98.920629,0,-9,-4,-4,-2,1,0,1,0
98.940690,11,23,0,-2,-2,-1,-2,0,0
98.940712,1,13,5,-3,-1,-3,-3,-2,0
98.943440,-3,-63,-17,-5,-2,-2,0,1,0
98.943448,-6,-7,5,3,-1,-2,-2,-1,0
98.963242,8,6,-4,-1,1,-1,-1,1,0
98.963288,-12,36,7,2,-2,0,-1,-3,0
98.964791,1,-25,10,2,2,0,0,1,0
98.964797,-16,-34,6,-1,1,0,-2,-4,0
98.978103,7,-7,-27,-3,-3,-3,-1,-1,0
98.978147,9,36,21,2,-2,-3,0,-1,0
98.979797,1,-6,-7,2,0,-1,-3,-5,0
98.979805,10,5,-1,-3,-1,-1,2,4,0
99.000638,-1,-7,-6,-2,-1,0,-1,-4,0
99.000663,-7,-18,-6,-3,-1,-1,-1,0,0
99.001291,20,11,-6,0,-1,-2,-1,-2,0
99.001328,-12,5,7,-3,2,-1,0,-1,0
99.023345,-4,9,0,0,-1,0,-2,-1,0
99.023714,16,-26,5,1,0,-1,0,0,0
99.026785,-14,-4,-2,-1,-2,0,-1,-1,0
99.026802,-3,4,-1,1,-3,-2,-3,-3,0
99.037567,15,-3,-3,-4,-3,-1,-1,2,0
99.037592,-25,-11,-8,-1,0,0,-1,-1,0
99.039213,7,43,-7,-3,-3,-1,0,1,0
99.039218,-14,-63,-12,-7,-2,-2,-2,-2,0
99.061138,7,34,27,3,-2,-2,0,-3,0
99.061150,-9,-29,-2,2,2,-1,0,-1,0
99.061407,-2,23,3,0,2,0,0,0,0
99.061418,0,-5,-7,-3,-3,-1,-2,-3,0
99.083153,-12,-12,0,2,2,1,-2,1,0
99.083170,18,25,-4,-2,-1,-2,-2,-1,0
99.085436,-17,-38,-6,-4,-1,0,-1,1,0
99.085441,24,38,9,3,0,0,0,1,0
99.097956,-59,-46,-7,0,-3,0,-2,-4,0
99.098080,21,28,-5,-4,-3,-1,-2,-2,0
99.098301,11,-12,-6,2,3,0,-1,0,0
99.098307,-4,17,7,-3,0,-2,-3,-4,0
99.121144,15,25,-7,0,-2,-1,-1,-1,0
99.121173,-13,-33,8,0,1,0,0,0,0
99.123491,11,0,-6,-6,-3,-2,0,0,0
99.123497,-4,13,8,2,1,1,1,1,0
99.143475,8,10,-5,-3,-1,-3,-2,-6,0
99.143495,-4,-69,-17,-6,-2,-2,-2,-2,0
99.143945,8,30,15,7,0,-1,-1,-2,0
99.143967,-21,-4,2,3,1,-1,1,0,0
99.157337,18,16,-1,-3,0,-1,-1,-1,0
99.157361,-7,12,0,-3,-1,0,0,-2,0
99.157954,1,-14,-4,-4,-4,-1,0,-2,0
99.157967,1,-23,-26,-8,-4,-1,1,0,0
99.180898,4,49,29,11,4,-1,1,2,0
99.180942,9,-4,-3,1,1,-2,-1,-3,0
99.182255,-5,-2,-7,-3,-1,0,1,3,0
99.182259,-10,-13,-1,-1,0,-1,-2,-5,0
99.203322,11,-6,-11,-5,-4,-2,1,2,0
99.203344,-7,9,3,0,-1,-1,-2,1,0
99.203834,-4,10,3,-2,-1,-1,-2,-1,0
99.203852,2,14,3,0,-3,-2,0,-1,0
99.216745,17,-5,-5,-3,0,-1,-2,-4,0
99.216764,-14,36,8,4,1,-1,-1,3,0
99.225387,10,-38,-15,-2,-3,-2,-2,-1,0
99.225410,5,0,22,7,2,1,0,4,0
99.240665,-12,-32,-17,-10,-4,-1,-1,2,0
99.240686,-1,15,-7,-3,-3,0,1,-2,0
99.242289,-4,20,7,1,1,-1,-1,1,0
99.242300,-8,-1,-11,-5,-3,-1,-2,0,0
99.263296,4,-7,1,1,-7,-1,0,0,0
99.263457,2,-3,3,2,6,1,-2,-2,0
99.264212,-11,-3,2,-2,-3,-1,1,-2,0
99.264239,3,8,1,0,-1,-1,0,0,0
99.279898,-7,-24,-3,1,0,-1,-1,0,0
99.279905,-2,-1,11,3,-2,-3,0,-1,0
99.284942,-5,-11,-13,-3,-1,-1,-3,-4,0
99.284965,4,-10,1,-3,-3,-1,1,-1,0
99.300723,2,79,19,4,2,1,-3,-1,0
99.300745,-10,-46,-4,-4,-1,0,-1,2,0
99.302941,-6,-6,0,0,0,-1,-2,-2,0
99.302953,12,6,0,-1,-3,-1,-2,-1,0
99.325279,-4,-27,-11,-6,0,0,-1,-1,0
99.325286,-4,16,-3,-1,-3,-1,-1,-3,0
99.325288,-3,16,7,2,0,-1,0,0,0
99.325289,0,-10,-13,-2,-1,-2,0,3,0
99.336834,0,-11,19,3,0,0,-2,-4,0
99.336856,6,11,3,-1,-1,0,-1,-2,0
99.345048,-23,-2,-8,-2,-1,-2,-1,-3,0
99.345066,21,-2,2,0,-1,-2,-1,-1,0
99.360724,-23,-17,-7,2,0,0,0,2,0
99.360756,0,3,-1,-2,-2,0,0,-2,0
99.363500,7,0,4,-2,0,0,0,1,0
99.363508,-7,15,0,0,0,-2,-2,-2,0
99.383067,1,-18,-4,-3,-1,-1,0,1,0
99.383084,6,-4,-10,-2,-3,-2,-1,-2,0
99.384416,12,5,-3,-1,-1,-3,-1,0,0
99.384420,-15,-4,6,4,1,0,-2,-2,0
99.396836,3,-17,-11,-3,-2,-2,-1,-2,0
99.396874,-9,3,-1,-2,-3,-2,-2,0,0
99.404967,-3,-64,-28,-1,-7,-3,-2,-2,0
99.404986,13,50,40,10,5,2,3,1,0
99.420645,-24,-18,-13,-3,-3,0,-2,-1,0
99.420665,46,34,4,1,0,-3,-3,-4,0
99.421449,1,-28,-15,-8,-4,-3,-1,2,0
99.421470,-8,-14,-10,-4,-4,-4,-2,-4,0
99.443813,-7,-5,2,1,0,-1,1,1,0
99.446505,-1,-1,-7,-3,-3,-1,0,2,0
99.446511,5,51,11,2,1,0,-2,-3,0
99.446513,-5,-48,-7,-4,1,1,-1,-2,0
99.456739,15,5,0,-3,1,0,-1,1,0
99.456761,-17,4,-2,0,-1,0,0,-2,0
99.466050,8,2,6,-1,0,0,0,1,0
99.466056,-12,11,-4,2,-2,0,-4,-3,0
99.482685,1,-5,-5,-3,-1,1,-1,-2,0
99.482692,-5,-13,-2,0,-1,-2,-1,1,0
99.482694,-5,20,6,0,-1,0,0,-3,0
99.482696,2,-2,-6,-6,-2,-2,0,-1,0
99.503081,1,-12,-8,0,0,-3,-3,-2,0
99.503097,-3,11,7,4,3,2,0,1,0
99.504008,10,1,15,-1,1,0,-2,0,0
99.504026,2,-3,-16,-2,-4,-2,-2,2,0
99.516778,-9,2,7,0,0,-1,0,-1,0
99.516796,-5,8,-8,-5,-1,0,-1,-2,0
99.525191,27,3,-9,-4,-1,1,0,2,0
99.525222,-21,45,-6,-3,-2,-2,-3,-3,0
99.540898,-6,-71,24,7,1,-1,-4,-11,0
99.541017,3,-2,-10,-1,-1,-2,1,3,0
99.543708,-8,-6,10,4,1,-1,0,-4,0
99.543726,13,0,-8,-5,-2,-1,-1,-1,0
99.563148,8,25,-6,-7,-6,-1,0,2,0
99.563175,-8,0,4,1,2,0,-2,-1,0
99.564003,-1,-10,-9,-6,-1,-1,1,3,0
99.564035,-6,9,12,5,2,-1,-1,0,0
99.585812,-2,15,0,2,2,0,-1,1,0
99.585842,-10,-22,-3,0,-2,-2,-1,-7,0
99.587823,-10,39,-2,-2,2,0,-2,0,0
99.587829,-7,-50,-5,-4,-2,-3,-2,-4,0
99.600580,-2,0,1,-1,0,-1,0,0,0
99.600602,26,-12,-5,-3,-3,-1,1,4,0
99.601948,-33,31,-15,-3,-4,-3,-3,-4,0
99.601960,41,17,12,3,0,0,0,1,0
99.624052,-29,-20,-8,-3,-2,-1,-3,0,0
99.624057,-8,-8,0,-1,-1,-2,-1,-1,0
99.624059,-2,-1,-1,1,-1,-1,-1,-1,0
99.624061,0,6,-9,0,0,0,1,2,0
99.645590,3,-4,-8,-4,-2,-2,0,-2,0
99.645625,1,17,-3,0,-2,-1,-2,-3,0
99.647407,1,2,16,3,0,1,0,1,0
99.647431,-19,-49,-9,-3,-2,-2,-3,-7,0
99.660625,34,6,14,2,0,1,0,2,0
99.660647,-32,-1,-3,-2,-1,-3,-1,0,0
99.663044,4,-16,-1,1,-1,-1,1,-2,0
99.663052,-8,39,20,4,2,0,0,1,0
99.683755,3,-8,-16,-4,-1,-2,-2,-1,0
99.683764,8,-6,11,-1,-1,0,-2,0,0
99.683766,0,-5,0,0,-2,-2,-2,-1,0
99.683767,-6,-3,-2,-3,-1,0,-1,0,0
99.705822,-1,7,-5,-3,-2,-2,0,-1,0
99.705844,-1,8,-2,-2,-1,-1,-1,0,0
99.707535,0,-21,-1,-2,0,0,-1,0,0
99.707540,0,-7,-3,0,-1,-1,-2,-3,0
99.719294,-7,7,-13,-5,-4,-1,0,2,0
99.719317,-17,-2,1,-1,1,1,-3,-6,0
99.729276,9,7,12,4,-1,-3,-2,2,0
99.729285,7,-3,-6,-1,0,-1,0,0,0
99.742201,5,17,4,2,1,1,-1,2,0
99.744487,1,-18,-13,-2,-1,-1,1,1,0
99.751428,-12,-4,-7,-4,-2,-1,-2,0,0
99.751433,-3,-2,0,-3,-1,-1,1,1,0
99.765694,2,29,0,-1,-2,-2,-3,-3,0
99.765814,-1,-40,-3,-2,-2,-1,-2,0,0
99.768040,6,4,8,3,0,0,0,0,0
99.768044,-8,4,-8,-2,-2,-3,-3,-3,0
99.779353,-2,-8,-1,-1,-1,0,-1,-3,0
99.779380,-9,-15,-14,-4,-3,-2,-2,-2,0
99.790654,1,8,20,8,-1,1,0,-3,0
99.790663,-13,15,6,-4,1,0,0,-2,0
99.803440,25,23,-1,-1,-2,-2,0,0,0
99.803464,14,-16,16,7,3,2,0,-2,0
99.805665,-43,-16,4,0,-2,0,-1,-4,0
99.805671,4,-15,-9,-4,-2,-3,-2,1,0
99.825699,-6,-10,-2,-3,0,-2,1,0,0
99.825780,-1,17,-4,-1,-1,-2,-1,-2,0
99.828831,24,22,-8,-5,-1,-2,-2,-7,0
99.828838,-15,-37,2,1,-1,2,-1,-2,0
99.839261,16,-3,3,0,0,0,-2,-1,0
99.839284,5,15,2,0,0,0,-2,0,0
99.849417,9,-9,-4,-5,-1,0,0,-1,0
99.849423,-2,26,-4,-1,-2,0,0,-1,0
99.870628,-1,-4,4,0,-1,-2,1,-3,0
99.870728,15,-6,-9,-2,0,0,0,5,0
99.872338,-9,8,17,2,-1,0,-1,2,0
99.872357,5,0,-6,-4,-4,-1,-1,-2,0
99.885535,-1,3,-10,1,0,1,-1,1,0
99.885549,-5,-28,4,-4,-3,-1,1,1,0
99.887261,9,39,-15,-3,1,-2,-1,-1,0
99.887280,-22,36,4,7,1,0,2,0,0
99.899281,-6,7,3,-4,-3,-1,-1,0,0
99.899292,-14,-15,-2,2,-5,-1,-1,-2,0
99.908954,14,-16,-10,-3,1,0,-2,2,0
99.908959,-3,-8,-4,-4,0,0,-1,0,0
99.923118,-9,4,2,2,0,-1,-1,0,0
99.923140,2,30,-6,-6,-2,-1,-3,-5,0
99.924469,-26,-30,-12,-6,-3,-2,-2,-3,0
99.924483,53,1,10,6,4,1,-1,0,0
99.946302,-49,-47,5,-4,-2,-1,0,1,0
99.946308,-9,4,-1,-1,0,-3,-4,-5,0
99.947337,-15,5,-2,-2,-1,-2,0,-1,0
99.947343,-6,-2,-2,-1,-1,-2,-4,-4,0
99.961882,23,16,8,1,0,-1,-1,-1,0
99.961891,7,18,7,2,1,3,1,1,0
99.969910,5,-22,-13,-2,-2,-1,-1,-3,0
99.969920,-11,13,-13,-2,-1,0,1,-3,0
99.983076,17,-2,20,2,0,-2,-1,0,0
99.983100,-13,3,2,-2,-2,-1,-1,-4,0
99.985607,6,-7,-4,-1,0,0,-2,0,0
99.985613,-1,-26,-5,-3,-3,0,0,2,0
100.005496,-1,1,-18,-5,-5,-2,-3,-3,0
100.005520,-6,11,15,5,3,-1,-1,-1,0
100.007171,4,-2,0,2,0,1,1,0,0
100.007176,-10,2,2,1,-4,-2,-2,-2,0
100.020306,-6,2,-6,-4,2,1,0,0,0
100.020327,-2,-12,-1,-4,-2,-2,-1,-2,0
100.027014,0,2,-5,-2,0,-1,-1,-2,0
100.027039,-1,-13,1,-3,-1,-3,-2,-1,0
100.043265,6,-6,-8,2,0,-2,-1,-1,0
100.043296,22,-21,-1,0,1,-1,-1,1,0
100.044642,-66,16,13,3,2,1,-2,-3,0
100.044660,-21,-15,-5,-2,-1,-2,-2,-4,0
100.065591,-6,9,-9,-2,0,0,0,-3,0
100.065610,1,-24,-14,-5,-3,0,0,0,0
100.067028,9,3,1,-7,-5,-1,-3,-2,0
100.067040,10,25,14,7,2,-1,-1,-1,0
100.079249,-17,-34,7,4,0,-1,-1,-1,0
100.079272,1,25,-2,-1,-1,-1,-1,-2,0
100.089550,7,-17,5,2,0,-2,-1,-1,0
100.089559,8,19,-14,-6,-4,-3,-2,-1,0
100.103149,3,-26,-7,-4,-3,-1,-1,-2,0
100.103220,-2,-5,7,2,0,-2,-1,-2,0
100.104570,9,0,-9,-5,-2,-1,0,-1,0
100.104679,2,-9,-1,0,-2,-1,-2,1,0
100.125751,-2,3,-12,-1,-3,-1,-2,-4,0
100.125770,-7,21,9,-1,1,-2,-1,0,0
100.128772,10,-55,-2,-2,0,1,1,0,0
100.128779,-11,39,7,-2,-1,-1,1,-1,0
100.139277,16,-19,1,-1,-1,-1,-3,-1,0
100.139302,-19,7,-16,-4,-2,-3,-2,0,0
100.149207,-14,-9,-4,-1,-2,-3,0,-2,0
100.149214,14,8,-8,-3,0,1,0,1,0
100.164128,-24,-7,7,-2,-1,0,0,-2,0
100.164150,21,-5,10,3,0,0,0,0,0
100.164802,20,13,-5,-4,-1,-2,-2,1,0
100.164866,-13,-11,-1,0,-1,0,-1,-1,0
100.185842,5,16,-2,-2,1,-1,-1,1,0
100.185864,1,6,-5,-3,-5,-2,1,2,0
100.189125,7,39,-6,0,0,-2,-2,-3,0
100.189129,-6,-50,-2,4,3,-1,-1,-1,0
100.199449,4,7,14,-1,0,0,0,0,0
100.199475,5,3,-10,-4,-2,-1,0,1,0
100.210954,-17,-9,-6,-1,-3,-1,-2,1,0
100.210964,9,6,-1,-2,-2,-1,-1,-5,0
100.223460,-8,5,-5,0,0,1,0,1,0
100.223484,-1,8,-4,-3,-2,0,-2,-1,0
100.226224,3,-6,6,4,0,1,2,-1,0
100.226241,6,-6,1,-2,-3,0,-1,-1,0
100.245744,-6,1,1,-1,-1,-2,-2,-3,0
100.245783,4,1,-13,-3,-2,-1,1,-1,0
100.247351,-14,-5,16,0,2,0,-2,0,0
100.248888,16,9,17,2,2,-3,-1,-1,0
102.270976,-91,77,27,3,-7,-5,7,22,4
102.271944,-60,10,43,7,5,-2,-18,-89,4
102.274689,47,-20,-31,-3,2,4,21,67,4
102.274694,-72,24,10,-2,-10,-9,-11,-67,4
102.284632,54,37,50,12,7,0,-12,-72,4
102.284655,-27,-24,-17,2,1,0,4,80,4
102.295428,27,-61,30,8,5,7,18,39,4
102.295433,2,41,-8,1,2,3,2,5,4
102.308183,-25,-45,-33,22,13,8,6,94,4
102.308207,-67,-1,-3,-17,-12,-9,-5,-108,4
102.309668,-97,18,-20,-8,-2,-1,-6,23,4
102.309691,4,101,24,23,10,10,8,29,4
102.331099,-112,-52,-3,-13,-8,-4,-4,-7,4
102.331149,122,107,-3,4,5,2,8,31,4
102.332238,52,66,-8,-5,-2,-6,-16,-87,4
102.332242,11,-95,-48,-15,-7,-6,-5,-27,4
102.344535,23,-24,49,18,7,12,17,-9,4
102.344554,-4,125,28,-14,-3,-5,-11,-2,4
102.354356,12,97,-14,-11,-8,-6,1,86,4
102.354369,-29,92,15,-3,-3,-3,-7,-63,4
102.368070,77,-54,-65,-24,-10,-8,-7,-41,4
102.368089,80,58,-21,3,-2,-4,-16,-35,4
102.369674,87,69,-57,-15,-5,-1,7,40,4
102.369706,-23,-87,-41,-19,-3,2,15,54,4
102.390735,9,10,25,16,8,2,-16,-40,4
102.390754,-100,-63,-7,-1,-12,-13,-9,-34,4
102.393394,20,-30,-38,-26,-9,-7,-11,10,4
102.393404,57,72,12,-1,-3,-2,-4,-74,4
102.413296,-59,-52,-59,-20,-11,-6,-4,16,4
102.413304,127,-18,8,7,7,12,25,46,4
102.414680,-16,-28,55,29,4,0,-14,-21,4
102.414711,-78,-68,-33,-13,-4,-5,3,-31,4
102.429459,21,10,15,-9,-3,-6,-23,41,4
102.429467,-7,-7,-17,1,1,2,14,19,4
102.429695,-48,49,71,11,-4,-1,-2,36,4
102.429703,16,33,3,-6,-8,-9,-9,24,4
102.450901,56,-62,-38,-7,-3,-3,-5,-85,4
102.450937,62,-72,-4,15,8,8,4,1,4
102.452321,-80,-98,-42,-25,-1,-4,3,3,4
102.452350,108,54,8,17,0,0,4,47,4
102.473132,-39,127,38,10,6,1,1,28,4
102.473157,7,-103,-29,-25,-12,-6,-1,38,4
102.474871,78,-22,33,5,-3,-8,-11,-58,4
102.474876,-16,-28,5,2,2,-1,-14,-35,4
102.488150,66,-8,-29,-8,-4,-4,3,2,4
102.488172,-52,-17,10,3,1,2,-5,0,4
102.489593,68,-16,-33,-4,1,6,36,50,4
102.489637,-24,51,33,32,14,10,-18,-17,4
102.510665,-23,-104,-57,-25,-27,-33,-39,-88,4
102.510692,-43,-13,-7,13,9,7,5,11,4
102.512425,-70,-7,4,-2,0,3,10,-6,4
102.512458,6,-29,0,0,4,0,-4,55,4
102.533201,-40,92,14,4,1,2,15,33,4
102.534429,13,34,4,2,-3,-4,-13,-27,4
102.534672,60,-15,-19,-6,-4,-2,-1,-68,4
102.534724,-55,-81,-22,-14,-3,-4,2,20,4
102.547815,87,89,41,15,8,8,11,-3,4
102.547849,-116,49,22,9,4,2,-14,-41,4
102.554215,49,57,-37,-10,-5,-3,-8,-39,4
102.554240,61,72,34,0,3,-2,-3,-32,4
102.570480,74,-19,11,-6,-1,0,4,25,4
102.570495,79,117,59,27,20,19,31,29,4
102.572032,65,-54,-14,-7,-2,-3,-15,13,4
102.572074,-2,-21,-43,-14,-4,-4,-4,-83,4
102.593241,42,15,-24,-8,-4,0,6,27,4
102.593271,7,12,-2,3,2,1,4,67,4
102.594720,-71,-3,30,18,9,7,9,42,4
102.594746,-38,-44,-5,-10,-12,-11,-10,-40,4
102.607500,103,-46,-2,0,4,7,8,16,4
102.607523,109,-77,21,7,1,-4,1,39,4
102.614914,-19,68,37,9,-3,-4,-7,-35,4
102.614922,-34,-23,-34,-12,0,3,12,54,4
102.630695,41,26,-8,0,2,3,8,58,4
102.630731,-109,-41,-57,-15,-6,-5,-14,-95,4
102.631976,-86,-102,-48,-19,-6,-3,6,61,4
102.632008,-8,-102,-7,8,1,3,3,-7,4
102.653028,-79,54,15,1,2,0,-1,46,4
102.653050,60,-2,-20,-12,-7,-2,0,10,4
102.656110,35,-14,-2,1,8,4,9,44,4
102.656114,104,75,-5,-15,-6,-7,-4,29,4
102.667596,49,-40,-35,-6,-4,-5,-10,-6,4
102.667618,-10,73,32,3,-1,0,4,56,4
102.674372,-115,-75,5,1,-4,-7,-29,-128,4
102.676463,8,118,54,15,4,5,18,43,4
102.690809,-50,-49,-5,-8,-2,-2,-2,-6,4
102.690838,96,81,0,5,0,-5,-9,-27,4
102.694068,89,79,16,-2,-2,0,8,26,4
102.694085,97,59,13,6,0,-4,-5,62,4
102.713523,-10,-39,-19,-13,-12,-14,-39,-99,4
102.713735,-56,71,6,-7,-1,-3,3,19,4
102.714584,50,-23,-12,0,0,2,3,31,4
102.714595,-122,-58,-11,-3,-1,-5,1,-80,4
102.727586,-34,-1,-8,1,-3,0,-5,1,4
102.727611,18,-23,-13,-10,-6,-5,-3,34,4
102.734294,92,0,-34,-5,-1,0,0,39,4
102.734310,127,127,37,-4,-8,-12,-15,47,4
102.750518,-120,-25,21,11,6,6,7,-76,4
102.750536,18,-79,-25,-8,-4,-1,3,18,4
102.752177,-47,36,6,10,3,2,2,-16,4
102.752182,-65,5,-26,-7,-4,3,4,19,4
102.773643,-39,-94,2,5,0,0,5,-15,4
102.773693,-25,109,42,4,-3,-6,-7,39,4
102.774513,36,-73,-13,-6,-5,-8,0,-83,4
102.774526,70,67,11,2,4,-1,-27,-26,4
102.788966,58,127,-15,-6,-6,-7,9,13,4
102.788972,-81,73,-8,-9,-8,-3,-9,-33,4
102.794463,-38,-101,-3,-4,-3,-3,1,17,4
102.794489,-18,-40,3,3,3,4,7,3,4
102.810620,-13,36,2,-1,3,2,2,14,4
102.810642,101,17,0,5,1,3,8,25,4
102.812860,-44,-2,6,2,-8,-10,-21,24,4
102.812867,115,-70,-9,16,8,7,16,13,4
102.833099,-87,-99,-19,-13,-4,-2,0,-12,4
102.833124,-33,-89,9,10,7,3,2,-55,4
102.835321,-48,127,-12,-3,-4,-5,-6,20,4
102.835327,-64,-89,-3,-6,0,4,11,33,4
102.847636,38,-51,1,2,-2,0,6,49,4
102.847654,84,-28,11,5,4,3,10,-3,4
102.854373,85,-11,-59,-28,-16,-18,-38,46,4
102.854402,-51,-49,-7,-4,2,1,7,-4,4
102.870670,-64,8,-13,-5,-6,-4,-6,5,4
102.870763,-29,-22,-13,-2,-1,-2,-5,-44,4
102.872015,27,92,38,20,10,10,19,-12,4
102.873083,1,16,14,-6,-6,-4,-10,8,4
102.893443,63,-8,-35,-2,-2,-3,-4,36,4
102.895163,56,-127,-50,-14,0,6,12,46,4
102.895168,31,61,112,18,-6,-17,-36,-52,4
102.895170,40,45,-57,-23,-11,-8,-21,-88,4
102.906843,57,5,-13,-1,5,5,9,-12,4
102.906866,58,-67,-15,8,-1,-8,-11,32,4
102.916659,-4,22,-7,-8,5,9,17,-15,4
102.916664,-4,39,-4,1,1,2,6,11,4
102.930959,28,47,33,5,0,-2,-6,7,4
102.931003,-8,28,5,0,0,2,-1,-11,4
102.932060,51,-81,-84,-6,0,8,19,-18,4
102.932067,-98,-128,-60,-18,-15,-21,-26,29,4
102.953185,72,-45,-36,-4,0,4,8,-17,4
102.953261,-4,19,20,3,0,-4,-5,34,4
102.955420,-39,-3,25,12,9,7,14,-26,4
102.955428,-41,69,27,10,3,2,4,38,4
102.966922,-14,-11,22,4,0,-2,-8,-37,4
102.966945,24,-83,9,4,3,7,12,-4,4
102.978447,-104,-8,23,-3,-7,-9,-16,5,4
102.978454,-45,-123,9,3,1,6,13,7,4
102.991314,4,28,10,1,0,-1,-1,18,4
102.991320,-92,2,-14,-2,-2,-2,-9,-86,4
102.992006,51,-50,-3,-5,2,3,9,45,4
102.992020,33,127,4,6,2,3,9,24,4
103.013092,-54,23,23,0,5,5,3,-47,4
103.013118,80,60,0,-12,-11,-12,-16,-26,4
103.015223,-63,-46,10,5,0,0,2,31,4
103.015231,0,-3,-26,-15,-8,-6,-12,-103,4
103.027196,35,-45,14,-2,-1,0,12,94,4
103.027234,-67,-12,-35,-5,-2,-2,-8,-23,4
103.037579,38,2,23,3,-2,-7,-11,5,4
103.037585,127,-41,8,9,1,1,12,66,4
103.050680,-115,19,-5,2,0,-4,-14,-15,4
103.050810,101,-11,35,-1,6,4,10,28,4
103.052932,-98,-39,-3,-9,-5,-2,-6,-34,4
103.052937,-35,-95,-2,-5,-4,-2,4,-5,4
103.073449,65,36,-9,1,-1,0,-1,-4,4
103.073469,-22,17,-23,-6,-4,-4,-5,3,4
103.076701,100,64,38,5,5,6,10,-22,4
103.076708,2,-73,-25,-14,-2,2,5,69,4
103.086858,55,-73,-41,-3,-5,-4,-1,12,4
103.086877,-10,-67,45,6,2,-3,-5,-2,4
103.096705,-101,-96,-62,-14,0,-1,-6,-10,4
103.096720,-85,83,4,-4,-1,-4,-12,-77,4
103.110756,-5,69,-3,3,3,5,10,43,4
103.110779,-6,85,-7,-10,-6,-5,-8,-76,4
103.112326,1,-24,-12,-2,2,2,7,39,4
103.112333,19,-57,26,11,3,3,6,8,4
103.133125,11,106,-4,10,8,4,8,-5,4
103.133165,19,19,-4,0,-4,-4,-12,-36,4
103.134545,8,92,-8,-2,0,2,2,3,4
103.134555,48,87,0,0,5,3,6,-23,4
103.148708,43,-17,6,11,-5,-2,-8,-16,4
103.148718,-44,-10,13,4,1,-1,-2,26,4
103.158212,-31,-51,-2,4,2,5,7,-8,4
103.158218,-61,-53,70,3,-12,-19,-13,0,4
103.170695,53,-108,-18,-10,-5,-5,-12,-33,4
103.170712,-60,-27,-17,0,1,3,6,22,4
103.172180,-59,42,3,6,0,-1,-3,-12,4
103.172186,44,72,-7,7,2,3,10,45,4
103.195891,-17,-35,36,0,0,-2,-7,-7,4
103.195898,-21,90,-1,-2,-3,-3,-6,5,4
103.195900,9,17,-13,-3,2,1,12,13,4
103.195902,-81,84,1,6,5,6,13,56,4
103.207215,88,124,87,-3,-8,-10,-26,-98,4
103.207244,-101,-23,2,2,5,4,10,56,4
103.215704,55,-25,-30,-15,-8,-3,-12,-28,4
103.215727,85,33,58,28,12,8,3,18,4
103.231026,9,-30,-19,-2,-1,-2,1,16,4
103.231090,73,70,-6,-8,-6,-2,4,6,4
103.232194,28,96,23,7,4,1,-1,-23,4
103.232211,30,-94,-29,5,2,7,7,44,4
103.253379,-99,86,-5,-15,-15,-18,-22,26,4
103.253401,59,18,-12,-13,-3,-6,-16,-54,4
103.256321,37,60,2,0,-1,1,13,51,4
103.256327,21,-115,-57,-19,-3,-2,-14,-10,4
103.266758,42,91,27,12,7,7,12,53,4
103.266842,-100,30,-10,2,-2,-2,-7,-21,4
103.277714,-10,8,7,-3,-2,-5,-4,-17,4
103.277720,-7,47,-13,-1,-1,-1,6,7,4
103.291108,-24,-77,-12,0,2,2,5,-47,4
103.291136,46,-115,-60,-26,-9,-4,5,30,4
103.292101,11,63,102,54,20,13,8,-20,4
103.292114,-44,-39,12,6,-5,-8,-4,25,4
103.313443,69,42,-26,-7,4,-4,-14,69,4
103.313492,-40,46,-13,-12,-4,1,8,-12,4
103.314818,-36,-128,-26,-7,-6,-3,-2,-6,4
103.314823,-27,70,-4,-6,1,2,2,-17,4
103.326780,-35,-18,4,-1,0,4,9,7,4
103.326806,47,-8,-4,3,1,1,3,42,4
103.336164,17,34,-14,-11,-6,-5,-10,-6,4
103.336169,1,3,-4,-4,-2,-2,-8,-18,4
103.358309,3,-82,-24,-6,-3,-1,4,-8,4
103.358333,-44,62,15,8,-1,-1,-6,-19,4
103.360994,107,-3,-34,-14,-6,-3,-2,29,4
103.361001,13,52,8,-13,-4,-9,-11,-36,4
103.373448,-45,49,15,25,8,6,5,-5,4
103.373471,43,-46,31,8,6,2,5,94,4
103.376030,2,55,30,1,2,0,0,-52,4
103.376036,127,-59,-26,-6,-5,-5,-10,5,4
103.403373,-41,-28,-24,-14,-4,1,12,-9,4
103.403395,13,-32,0,4,0,2,-2,-1,4
103.405125,-36,-28,-32,-6,-5,-4,-5,22,4
103.405129,-22,-18,5,3,2,1,-3,-21,4
103.410938,-57,-43,-1,-4,-3,-2,3,-1,4
103.410976,16,-31,27,16,6,6,6,-5,4
103.413463,-16,55,-93,-36,-23,-15,-11,-32,4
103.413470,-128,-26,64,6,4,-5,-15,-59,4
103.433106,56,-72,13,3,2,-2,-11,-52,4
103.433130,93,-4,-1,-4,0,-4,-6,-17,4
103.435640,48,-87,-24,1,1,4,7,21,4
103.435644,4,55,-5,0,-1,4,9,8,4
103.455640,-17,41,-38,-10,-7,-8,-10,5,4
103.455664,-79,-49,18,1,-2,1,9,-4,4
103.457247,-57,-10,14,5,2,-2,-7,0,4
103.457266,42,-84,-24,-4,-6,1,-2,-8,4
103.470147,52,3,17,5,0,3,7,31,4
103.470170,74,-80,-22,-5,-4,-5,-4,41,4
103.476788,-43,-2,39,16,5,6,7,7,4
103.476812,-8,-65,-37,-29,0,-1,7,-18,4
103.493945,90,64,28,1,-3,-6,-30,-99,4
103.494037,-65,3,-38,-15,-7,-6,-7,-25,4
103.494872,18,-46,9,1,1,1,8,18,4
103.494892,37,88,6,13,5,3,7,42,4
103.515674,-70,-52,-14,-6,-2,0,14,13,4
103.515711,-42,39,-2,4,4,2,-4,35,4
103.517371,19,113,30,2,0,-1,-7,-49,4
103.517375,-17,-28,-39,-13,-6,-6,-8,-23,4
103.530041,42,50,21,10,8,10,17,51,4
103.530082,17,127,7,-5,-8,-6,-5,-29,4
103.536805,13,-7,-25,-1,0,-3,-9,-11,4
103.536828,100,60,12,4,-3,0,6,28,4
103.553192,-37,-10,-5,2,1,1,1,7,4
103.553199,-2,75,30,-4,3,-3,2,19,4
103.554547,79,-106,9,0,1,1,-1,89,4
103.554553,-35,-5,4,-3,1,-1,-16,-98,4
103.575537,-58,-8,-4,-16,-10,-10,-12,-7,4
103.575550,26,-50,-31,-1,-2,2,4,-27,4
103.577724,-44,76,14,0,3,-3,1,74,4
103.577732,-71,-58,8,6,1,0,-1,26,4
103.589877,-10,-21,-31,-5,-4,-3,20,-7,4
103.589900,31,-119,-4,1,-1,-2,-35,-39,4
103.597010,-64,57,5,-3,0,0,8,-31,4
103.598579,-85,-17,26,10,-1,-2,-3,-20,4
103.613395,-47,48,7,2,-2,-4,-6,-44,4
103.616000,-3,51,33,6,-1,-3,1,0,4
103.616007,2,-54,-6,11,0,7,10,3,4
103.616010,-33,4,-45,-21,-7,-4,-3,32,4
103.635783,-63,-53,-4,7,-3,-5,-3,32,4
103.635802,64,4,14,8,2,0,1,-62,4
103.638715,28,22,13,1,0,-4,-4,41,4
103.638721,25,-57,3,7,5,1,2,-42,4
103.649653,-11,45,7,-6,1,0,-9,-6,4
103.649678,7,18,9,10,5,3,4,30,4
103.659494,119,-128,-57,-12,-8,-6,-8,-21,4
103.659507,90,117,-11,-12,-5,-1,11,54,4
103.673319,3,62,1,-1,1,2,-4,-4,4
103.673348,18,-46,6,1,0,2,9,3,4
103.676170,-83,-21,-19,-15,-5,-7,-14,-24,4
103.676184,31,54,11,7,-1,-1,-1,-2,4
103.695632,69,-61,1,-2,0,3,9,58,4
103.695660,-55,-21,-8,-2,-2,-1,4,0,4
103.697495,-12,115,29,5,4,0,-1,-36,4
103.697528,59,-32,-39,-8,-7,-6,-5,90,4
103.709918,58,-100,-22,0,-2,1,5,5,4
103.709944,-69,-20,11,-3,3,1,0,-69,4
103.716722,-57,29,37,5,0,-3,-14,-63,4
103.716745,6,-57,-12,4,-2,-1,-7,-3,4
103.733023,53,70,-17,-12,-4,-3,-4,-13,4
103.733046,25,46,36,13,3,2,7,85,4
103.734505,-30,58,45,8,5,-1,3,2,4
103.734519,24,-69,-24,-10,-7,-2,-1,-8,4
103.755780,79,-69,7,4,6,6,10,17,4
103.755785,-107,-29,-39,-18,-11,-16,-27,-101,4
103.756926,-9,-14,-19,-7,-3,0,4,26,4
103.756932,-21,-9,10,9,0,3,6,-6,4
103.770550,-19,-93,-24,-21,4,2,-1,-23,4
103.770599,85,93,23,3,3,-1,1,33,4
103.776826,127,-98,-8,5,-2,0,-1,-7,4
103.776847,-53,-6,-12,-6,1,4,13,-9,4
103.793350,-43,89,-18,-4,-6,-5,-18,-61,4
103.793386,-122,-62,-88,-13,-8,-2,-4,-42,4
103.795765,58,5,7,-1,-1,0,5,65,4
103.795771,53,13,17,2,1,3,9,60,4
103.817526,-69,-25,7,5,-3,-5,-7,-15,4
103.817535,78,-5,-18,-9,-2,-2,-1,58,4
103.817537,31,2,-3,3,-1,4,5,-6,4
103.817539,37,-53,58,14,5,0,-5,-26,4
103.830352,-15,-10,9,4,-2,0,14,37,4
103.830419,-22,35,-7,-8,1,-2,-7,52,4
103.836972,73,-120,-9,-3,4,4,6,-32,4
103.836998,-77,107,-20,-14,-4,-10,-7,18,4
103.853300,46,42,19,1,-2,0,-25,-19,4
103.853326,5,33,16,-4,-5,1,20,6,4
103.855429,5,66,-7,0,0,-2,-5,-15,4
103.855436,27,108,-9,-5,-2,-2,3,-6,4
103.875861,34,-66,-10,2,4,4,9,42,4
103.875891,87,-20,8,6,-5,-3,-6,-60,4
103.878685,-3,10,-35,-22,-6,-8,-10,-32,4
103.878700,-4,15,19,8,-1,-4,-6,-16,4
103.889951,-28,61,-11,-1,-4,-1,2,16,4
103.889980,1,-89,21,8,11,8,13,54,4
103.899438,79,-51,2,-5,-9,-11,-9,10,4
103.899443,-1,-25,17,8,3,5,-1,-38,4
103.913139,5,-34,-32,-5,-2,-2,-6,8,4
103.913145,-75,-39,-25,-11,-9,-4,-2,-27,4
103.914941,-46,103,24,13,2,3,9,62,4
103.914982,-4,-20,8,9,7,3,-10,-35,4
103.935850,23,-19,18,2,3,2,4,27,4
103.935872,70,-58,-3,-1,-1,0,-4,-80,4
103.937992,-79,-96,-30,-12,-6,-2,16,-10,4
103.937998,-23,34,-38,-1,-1,1,-15,29,4
103.949138,24,77,52,32,12,8,7,-75,4
103.949158,-107,-6,-47,-32,-14,-16,-18,-16,4
103.965709,19,78,3,1,3,3,6,5,4
103.965740,60,38,2,-3,-1,-3,1,-6,4
103.974646,-11,34,8,1,2,3,4,12,4
103.974650,39,35,11,9,4,3,3,35,4
103.974653,22,-56,-1,-4,-2,4,9,74,4
103.974655,20,42,33,52,25,14,10,-79,4
103.995625,-117,-128,-112,-51,-23,-21,-29,-50,4
103.995668,14,89,-1,11,4,3,14,43,4
103.997938,-18,55,2,0,2,0,-14,-20,4
103.997946,34,22,2,-15,-3,2,8,28,4
104.009457,43,31,34,12,2,0,3,16,4
104.009474,-6,-12,17,6,0,-1,-4,-22,4
104.020863,-38,-16,-29,2,-3,0,-2,-7,4
104.020869,-14,-77,44,-6,-1,-6,-7,7,4
104.033061,66,-71,-54,-21,-10,-8,-1,25,4
104.033079,39,-33,9,-1,-4,-4,-14,39,4
104.034618,53,82,7,7,0,-4,-14,-108,4
104.034651,-65,44,-20,-5,-5,-2,0,-6,4
104.055668,8,24,25,7,4,3,7,25,4
104.055691,18,-67,4,1,1,6,9,21,4
104.056966,4,-61,5,0,2,0,-4,-37,4
104.056999,10,68,-44,-6,-6,-8,-11,-25,4
104.069379,-76,-49,-9,-4,-10,-4,-1,18,4
104.069449,-101,10,-16,-9,-6,-5,-15,-67,4
104.079596,-51,10,29,7,8,2,2,25,4
104.079617,-2,10,-10,-11,-5,-8,-12,-22,4
104.093947,98,-18,6,9,2,4,14,83,4
104.093987,47,-49,-13,-6,-4,0,6,-21,4
104.096512,96,80,63,17,7,-2,-8,112,4
104.096525,30,-74,-34,-18,-11,-6,-5,-22,4
104.115512,8,28,7,2,3,0,0,-10,4
104.115524,11,40,14,2,1,-2,-1,22,4
104.117041,1,26,-19,-8,-1,2,14,2,4
104.117058,7,-41,-1,-1,-2,1,-13,39,4
104.130073,20,87,27,3,-1,-3,-1,-26,4
104.130079,27,-37,-23,-6,4,4,5,4,4
104.140327,47,30,2,27,5,6,21,71,4
104.140334,-34,-97,-18,-16,-5,-6,-12,-26,4
104.153200,52,-8,10,3,3,2,-4,-16,4
104.153222,31,48,5,-1,1,0,7,40,4
104.154852,-13,1,-31,-6,-4,-3,-8,-43,4
104.154856,37,17,23,2,-1,0,9,3,4
104.176636,-10,16,-2,-2,1,-1,-5,-12,4
104.176644,-17,4,9,11,3,2,3,6,4
104.177241,-30,63,8,-4,-1,2,3,-28,4
104.177260,61,-108,-38,-15,-13,-12,-5,64,4
104.192173,16,6,-47,-34,-12,-9,-13,-58,4
104.192179,-13,42,7,13,10,-1,5,8,4
104.199865,-46,-18,-9,-16,-1,-6,-19,-41,4
104.199870,55,87,9,7,4,1,10,7,4
104.213235,-34,-58,58,18,10,9,11,36,4
104.213262,-33,92,27,0,-7,-6,-17,-18,4
104.216009,-104,-21,-26,-10,-7,-3,-5,2,4
104.216017,19,2,2,4,2,1,5,3,4
104.238104,24,18,-15,1,-4,-2,3,-15,4
104.238110,14,32,2,6,3,5,-8,29,4
104.238113,1,-45,1,-5,-4,-4,-5,-8,4
104.238114,-53,0,17,5,-1,-1,-8,-63,4
104.249336,-23,-8,-8,-3,-4,-3,8,3,4
104.249362,-35,15,67,14,5,2,-9,-12,4
104.260532,-39,-116,-64,-26,-7,-2,-1,6,4
104.260542,77,30,-6,-7,-6,-4,-5,-34,4
104.273606,51,43,13,7,7,2,1,35,4
104.273713,12,3,-21,1,-2,-1,6,-17,4
104.274644,24,-14,-1,0,3,1,-7,-12,4
104.274663,-59,23,13,1,2,4,13,39,4
104.295599,-61,-44,12,8,1,1,-6,-2,4
104.295622,94,-21,-13,-4,-5,1,14,109,4
104.297490,-65,-7,13,-11,-1,-5,-13,-101,4
104.297540,-100,-3,-12,3,-1,0,5,25,4
104.318144,72,77,-1,0,-1,-6,-10,2,4
104.318199,14,-27,-35,-17,0,2,5,-35,4
104.319602,125,12,-7,5,-10,-5,14,89,4
104.319616,-79,-3,41,3,3,2,-18,-17,4
104.333023,-20,12,-1,2,2,1,1,-8,4
104.333043,-35,-67,-14,-9,-2,-5,0,0,4
104.334640,77,2,15,3,-3,0,-3,4,4
104.334696,-34,-14,-10,0,-2,3,5,20,4
104.355710,30,-19,-29,-12,-3,-5,-3,-94,4
104.355735,15,126,14,-2,-7,-5,-19,7,4
104.357273,-10,-63,0,1,5,5,6,39,4
104.357277,54,-98,-8,-1,-2,1,1,6,4
104.378125,-15,97,110,35,18,13,7,38,4
104.378152,51,-37,-47,-19,-9,-6,8,-8,4
104.379637,-109,-42,-10,-7,-4,-1,-6,-42,4
104.379660,52,53,1,13,0,0,7,-3,4
104.394115,-56,1,-20,-6,-5,-3,-3,20,4
104.394134,30,18,8,14,-1,-3,-9,-50,4
104.394744,15,71,-30,-9,-2,-2,8,46,4
104.394763,-5,-29,61,25,12,10,-5,28,4
104.415592,92,74,-18,-14,-3,-9,-5,11,4
104.415616,73,-73,-9,-3,-4,-4,-9,-52,4
104.417089,31,1,-34,-5,-6,-3,-4,-14,4
104.417103,30,-21,-27,-13,-4,-2,5,13,4
104.438904,-6,-25,-9,-1,-3,4,2,36,4
104.438927,10,123,32,7,5,4,4,16,4
104.441567,15,-84,16,4,1,3,0,18,4
104.441573,30,47,-22,-21,-3,-12,-20,-34,4
104.452547,-27,-83,0,1,-2,0,-8,6,4
104.452570,-26,-22,-22,-14,-1,1,0,-43,4
104.466752,-23,-13,32,15,7,5,9,28,4
104.466776,47,126,0,-1,0,-1,6,15,4
104.475648,50,67,-46,-16,-14,-9,-6,-49,4
104.475671,-95,-128,8,-8,-5,-5,1,85,4
104.477835,96,118,19,-3,-1,0,-4,18,4
104.477840,7,-25,4,1,2,-2,-1,7,4
104.498362,58,45,12,6,3,0,-2,-51,4
104.498389,9,20,10,9,-2,1,2,-8,4
104.499891,-45,28,-40,-9,-8,-7,-4,-24,4
104.499896,-1,-128,49,2,3,-1,-9,34,4
104.512565,57,28,-3,0,4,5,14,48,4
104.512589,-68,-80,-18,2,0,-3,-9,-9,4
104.519212,-35,-35,-11,-1,-8,-6,-5,-14,4
104.519229,-68,54,-11,-14,1,4,8,-41,4
104.536930,-21,-48,1,1,1,1,1,-4,4
104.536937,8,12,7,-1,-1,-1,-7,-16,4
104.537038,95,24,-1,2,1,1,-2,4,4
104.537069,-10,0,-19,1,-3,-1,2,-7,4
104.567184,30,-77,20,-1,0,-1,2,-6,4
104.567189,-67,-82,-27,-14,-1,-3,1,72,4
104.567191,50,-66,32,10,2,1,0,-16,4
104.567193,-24,100,-9,4,-1,-3,-9,-82,4
104.572429,30,-88,-47,-9,-4,1,1,15,4
104.572447,-38,-57,-8,-6,7,4,-5,-10,4
104.579327,1,24,5,3,1,0,-1,0,4
104.579359,99,-73,-7,6,-1,-3,-1,-7,4
104.595545,-102,-60,-21,-9,-4,-1,0,-3,4
104.595565,53,87,11,7,-1,3,7,-22,4
104.597466,-98,-19,12,-3,-6,-8,-15,-45,4
104.597521,19,93,-24,-10,-1,3,5,108,4
104.618229,-20,-9,3,1,-4,-5,1,71,4
104.618251,-33,0,8,8,-1,-1,-4,-13,4
104.619829,-18,27,3,-2,1,0,5,4,4
104.619851,-13,-17,-2,-2,-4,-1,14,13,4
104.632356,-46,37,18,2,4,1,-22,-10,4
104.632372,0,-56,-4,-6,-6,-5,5,-8,4
104.639218,-65,-48,-7,1,5,1,-6,-53,4
104.639240,-15,3,38,12,4,0,1,-36,4
104.655599,18,-43,-21,-8,0,3,11,10,4
104.655627,77,127,28,1,1,-4,-15,-45,4
104.656981,96,-54,-38,-9,3,2,-3,12,4
104.657022,17,28,-15,-8,-5,-4,-6,7,4
104.678317,-80,66,9,3,0,1,3,-57,4
104.678324,81,81,17,10,5,5,-8,22,4
104.679658,-18,24,10,3,-3,-3,7,19,4
104.679680,-31,-57,-18,-9,-7,-4,-5,-9,4
104.693318,50,89,23,30,14,11,24,82,4
104.693329,15,-29,-34,-23,-13,-12,-15,-55,4
104.699332,-2,-7,-1,-2,-6,-6,-12,-27,4
104.699356,-79,-93,-14,-6,1,2,-1,-23,4
104.715540,89,31,17,4,-1,0,12,-4,4
104.715559,-27,-46,-11,-3,-3,-4,-6,10,4
104.717171,0,8,39,-2,4,1,-3,-60,4
104.717180,83,36,8,8,2,-2,0,43,4
104.740230,-65,29,-20,-4,-6,-4,-5,-30,4
104.740237,36,80,85,27,8,4,8,63,4
104.740240,-40,-82,-34,-10,-3,0,-3,-44,4
104.740241,7,-9,-12,0,-2,-1,3,4,4
104.752727,29,-23,-4,-9,-4,-6,-16,-28,4
104.752768,-8,44,-8,4,4,4,16,3,4
104.759626,-17,55,11,3,1,3,16,31,4
104.759652,-18,27,23,6,1,0,-29,-53,4
104.775675,-38,-82,-15,-5,-3,-5,2,-8,4
104.775767,-86,73,5,3,-2,2,1,-12,4
104.778207,76,-30,7,-3,-4,-3,5,70,4
104.778214,16,-13,-9,-4,4,3,13,17,4
104.798203,7,12,-10,-7,-6,-7,-9,-60,4
104.798229,98,-37,-17,0,2,0,-13,8,4
104.799535,-38,23,0,-3,-3,-1,-4,5,4
104.799578,7,15,11,-4,-4,-1,2,5,4
104.811784,6,-27,-2,8,4,4,4,19,4
104.811810,-90,-128,-48,-26,-15,-19,-22,-36,4
104.823754,19,13,-6,5,3,0,-8,-24,4
104.823761,83,5,-20,-7,-6,-2,1,16,4
104.834820,10,106,1,6,-1,1,11,46,4
104.834835,-45,-58,-23,-9,1,3,-7,-59,4
104.835461,70,44,6,9,6,3,4,3,4
104.835474,-47,-73,-32,-16,-12,-12,-10,23,4
104.857322,-78,-56,33,8,1,0,-4,-27,4
104.857345,13,-67,5,8,6,7,10,47,4
104.859909,-4,94,11,0,2,4,1,-20,4
104.859926,-36,57,-27,1,-1,1,9,-9,4
104.881275,0,6,48,5,0,-3,-14,21,4
104.881297,54,-27,-25,-1,-1,0,8,77,4
104.881299,-1,47,12,1,1,1,2,-24,4
104.881301,110,19,-11,-8,-1,-1,-5,4,4
104.896471,68,-101,-23,-9,-1,-1,0,20,4
104.896482,-14,-28,38,18,8,9,-1,-28,4
104.896484,92,48,2,-3,-7,-1,6,69,4
104.896486,-75,-43,1,2,3,-2,-11,-80,4
104.917480,0,-125,-43,-13,-8,-6,-10,-21,4
104.917505,68,49,14,3,4,4,18,29,4
104.918110,-99,0,-15,-3,-8,-7,-10,-1,4
104.920009,20,-67,-10,-15,0,0,4,28,4
104.940400,-20,87,19,7,3,-1,-8,-24,4
104.940429,-12,-31,-27,-4,-6,-3,5,-24,4
104.943721,55,-29,54,9,4,5,3,46,4
104.943730,41,-77,-9,2,-3,-3,-5,-17,4
104.955187,55,5,-8,-9,-1,-3,-1,-10,4
104.955215,43,33,-15,-5,-1,0,2,-58,4
104.957670,24,15,-8,4,0,-3,-1,-4,4
104.957675,27,84,18,0,0,1,4,-15,4
104.977649,-58,67,1,2,-1,-1,-5,15,4
104.977668,22,-88,-24,-10,-3,-1,6,30,4
104.978102,59,98,45,13,4,1,-6,-7,4
104.980378,-107,-98,-21,-3,-2,0,6,6,4
104.999907,32,54,-25,-12,-6,-3,0,58,4
104.999930,-74,23,7,-3,-4,-1,-2,-73,4
105.001721,-44,-16,-26,-8,0,-1,2,45,4
105.001725,44,23,7,4,0,-1,-10,-4,4
105.014934,9,-25,11,-1,-2,-2,-3,-33,4
105.014960,83,4,-5,1,5,5,13,68,4
105.016217,-3,22,-43,6,-11,-10,-1,87,4
105.016222,-101,-60,6,-5,-7,-14,-41,-65,4
105.037541,71,-28,-17,2,0,2,10,-2,4
105.037556,-54,66,20,6,-2,-1,3,28,4
105.038118,-117,-14,-28,-15,-3,-2,-5,-63,4
105.038132,56,75,7,8,0,5,20,68,4
105.060361,5,-119,-23,-7,-5,-6,-12,20,4
105.060392,66,72,11,-5,-7,-8,-11,6,4
105.062859,-45,9,-3,-7,-9,-6,-10,-30,4
105.062866,-86,-9,1,6,8,6,19,27,4
105.075527,-5,33,6,-7,-2,-4,-7,-20,4
105.075557,-4,54,16,7,2,3,1,-5,4
105.078356,-18,-117,-5,1,3,0,-8,-26,4
105.078362,54,81,19,5,1,2,4,-3,4
105.097651,3,-48,2,5,-1,2,5,16,4
105.097768,-11,-24,-11,-8,-2,-3,-6,-31,4
105.098571,29,38,-9,-6,0,-6,-10,-21,4
105.098596,51,-37,-16,-2,-2,0,6,5,4
105.120616,-62,85,34,16,3,5,3,22,4
105.120708,-39,-7,-3,-9,1,2,19,9,4
105.129289,-5,-21,38,18,5,4,-30,-47,4
105.129297,-49,109,-15,1,-1,-3,8,6,4
105.134899,-28,-49,-11,-5,-4,-5,-4,18,4
105.134922,-11,-94,3,1,1,-3,-5,9,4
105.136106,5,-103,9,-1,6,5,17,5,4
105.136114,21,36,-10,-8,-3,0,-1,4,4
105.157369,-14,40,-6,-5,-1,1,-1,-16,4
105.157392,64,68,-9,-7,-8,-8,-8,-31,4
105.159215,44,-55,-51,-11,-2,1,8,91,4
105.159228,40,-56,-1,-23,-14,-12,-14,5,4
105.180150,73,59,0,-2,2,-1,-5,-56,4
105.180196,48,14,-4,5,1,4,4,10,4
105.180721,-20,54,-10,3,2,-1,1,1,4
105.180736,127,120,73,26,8,10,18,82,4
105.194913,-123,-62,-33,-15,-4,-1,-3,-66,4
105.194942,8,36,3,5,-2,-4,-9,-18,4
105.196673,37,70,34,-1,0,-1,-2,-14,4
105.196684,16,75,-1,12,12,9,17,-18,4
105.217456,-78,-40,8,-2,-4,-7,-18,-19,4
105.219661,14,-18,-21,0,0,1,-10,14,4
105.219670,13,26,6,-6,-3,-2,2,-41,4
105.219675,-7,-6,-13,-1,-1,1,-3,-32,4
105.240131,28,-13,-4,1,0,1,3,-1,4
105.240145,1,14,-2,1,-3,0,1,19,4
105.240458,74,58,-8,14,8,12,26,113,4
105.240472,74,-128,-37,-33,-18,-16,-18,-68,4
105.255074,16,-94,-7,2,2,-2,-3,-13,4
105.255104,-48,44,18,-1,1,-2,-4,-14,4
105.257512,-68,41,-8,-3,-1,-3,1,-11,4
105.257516,-19,-27,5,3,-2,-1,0,23,4
107.279985,1,-3,-2,-6,-1,-3,-1,-2,0
107.280663,-4,21,12,2,1,-3,-1,-3,0
107.283206,-15,-45,-40,-2,-2,-2,0,2,0
107.283216,51,-21,15,-2,-5,-3,-3,-3,0
107.303171,1,-7,46,13,5,1,0,-3,0
107.303194,-5,1,0,-2,0,-1,-2,-2,0
107.305391,5,17,-12,-3,-2,-1,0,3,0
107.305397,-21,0,-11,-7,-4,-3,-1,0,0
107.325770,6,0,-5,-2,0,1,-1,0,0
107.325792,0,4,5,0,-1,-1,0,-5,0
107.328405,1,-1,-10,-8,-7,0,2,6,0
107.328412,-1,-6,12,-5,-2,-3,-5,-7,0
107.339813,-2,47,4,11,8,0,-3,-8,0
107.339837,-6,34,-16,2,2,-1,-2,-1,0
107.340948,7,14,14,2,-2,-1,-2,-4,0
107.340960,13,-14,-11,-5,-1,-1,2,7,0
107.363197,-12,-13,-20,-6,-5,-4,-2,3,0
107.363232,-14,-8,3,0,1,-1,-2,-2,0
107.364087,15,22,-3,-2,-1,-1,-1,1,0
107.364180,-13,-15,-3,5,2,2,0,1,0
107.385828,2,-32,-6,-6,-3,-2,-1,0,0
107.385858,10,-18,-1,-1,-2,-1,0,-1,0
107.388411,1,-5,-3,-4,-2,-2,-2,-3,0
107.388417,-5,20,10,3,0,1,1,0,0
107.400511,3,11,-7,-4,-3,-1,1,1,0
107.400535,-10,-15,7,1,-1,-2,0,2,0
107.401677,-19,-7,-12,-3,0,-3,-3,-8,0
107.401681,22,6,-3,2,0,-2,-2,-5,0
107.423343,-20,-4,1,-3,-2,-1,1,2,0
107.423348,9,9,9,-2,-1,-1,-2,-4,0
107.423756,-9,-14,-1,1,1,0,-1,0,0
107.423763,-21,-53,-12,-3,-2,0,0,-2,0
107.445656,4,39,-14,-7,-6,-2,1,2,0
107.445680,-6,-18,8,0,2,-1,-2,-5,0
107.448071,-2,43,51,18,9,2,-3,-1,0
107.448077,11,-2,9,1,2,0,-1,4,0
107.460155,-10,-20,-7,-2,-4,-2,-3,-4,0
107.460178,-16,-3,-12,-5,-3,0,0,-4,0
107.461969,10,-16,-21,-9,-6,-3,-2,-1,0
107.461975,-8,9,1,0,0,-1,-1,-4,0
107.484093,-2,3,7,2,0,2,0,3,0
107.484105,37,-4,-11,-8,20,-2,-3,1,0
107.484109,2,-9,0,8,-11,1,0,-3,0
107.484111,-8,21,2,1,-1,0,0,2,0
107.505957,-1,-12,-4,-5,-7,0,-2,-2,0
107.506074,-5,-2,5,2,2,-1,-1,-2,0
107.508558,6,-1,-6,-5,1,-2,-1,2,0
107.508566,-7,12,-1,-1,-3,-1,0,0,0
107.520073,-4,-17,-8,1,5,-1,-1,-2,0
107.520098,1,-9,14,6,-7,-1,2,2,0
107.521327,-22,13,0,-1,1,-2,-3,-7,0
107.521334,9,17,14,2,0,-1,-1,0,0
107.543161,-1,-4,-3,-1,0,2,-1,4,0
107.543191,2,-3,-11,-2,-5,-1,-1,-1,0
107.546182,-3,18,2,-2,-3,-2,1,3,0
107.546190,-20,-24,-11,-5,2,-2,-2,-3,0
107.565864,12,17,5,3,0,-1,0,1,0
107.565882,-5,10,-10,-8,-9,-4,-4,-1,0
107.566318,-10,-28,13,2,3,-1,-1,-7,0
107.566335,15,3,-3,-1,-1,-1,0,3,0
107.580129,-3,-11,-1,-1,0,-3,-2,-4,0
107.580178,-4,19,-13,-1,-4,0,0,4,0
107.580710,2,-19,-10,-5,-1,-2,-2,-2,0
107.580727,4,3,-2,-2,-1,0,-1,-1,0
107.603200,-5,-18,-1,-1,-3,0,0,-4,0
107.603276,1,5,6,0,1,0,-1,-1,0
107.606153,7,-3,-9,-5,-2,-3,0,0,0
107.606158,-13,5,3,1,1,0,-1,2,0
107.625458,3,-18,-18,-8,-5,-3,0,-1,0
107.625472,-1,52,38,15,3,1,-2,-5,0
107.626435,13,-30,1,2,2,1,0,-1,0
107.626462,7,67,-3,-3,-4,-4,-3,-3,0
107.641406,-14,-1,-2,-1,1,0,0,0,0
107.641412,-2,-34,-15,-8,-4,-1,-2,0,0
107.641414,0,-3,-9,-3,0,1,0,0,0
107.641416,4,-9,-3,-2,0,1,0,3,0
107.663474,5,-13,2,-2,-2,-2,-3,-5,0
107.663527,-4,6,0,1,-2,-2,0,0,0
107.665147,3,-4,-8,-6,-2,-1,-2,1,0
107.665152,-11,-21,-6,0,0,0,0,-2,0
107.687449,4,2,3,-3,-2,0,-1,1,0
107.687455,1,-7,-2,0,-2,0,-1,3,0
107.687457,10,11,-2,-3,-1,-1,-1,1,0
107.687459,-22,-15,1,2,-1,0,-2,-5,0
107.699987,-2,-7,-10,-1,0,-1,-1,-3,0
107.700010,-1,-12,-1,0,-1,-1,0,-5,0
107.702388,-2,-6,-8,-2,-2,-1,0,1,0
107.702394,2,-1,-4,-3,-1,-1,0,-1,0
107.723430,7,-38,-7,-1,0,-2,1,0,0
107.723459,-3,41,18,1,1,0,0,3,0
107.723906,3,-2,-11,-4,-2,-1,-4,-1,0
107.723925,-3,-15,32,3,1,0,0,1,0
107.745705,29,37,4,-1,-2,0,-2,-1,0
107.747735,-78,-24,-19,-3,-4,-2,-4,-8,0
107.747741,-28,-13,20,2,-1,-2,-4,-13,0
107.747743,4,-12,-17,-8,-2,-1,0,-1,0
107.760058,1,1,-1,3,1,-2,0,0,0
107.760091,26,-4,2,-1,0,0,0,3,0
107.767473,3,18,-10,-3,0,-2,-1,2,0
107.767490,-12,-22,-13,-3,-4,-2,0,1,0
107.783031,2,20,17,3,1,-1,-1,-1,0
107.783085,10,-11,-3,1,1,-1,-1,-2,0
107.784592,-2,-7,-2,-3,-4,0,0,2,0
107.784605,8,22,-3,2,0,-2,-2,0,0
107.805620,-4,-1,-3,0,-2,1,1,2,0
107.805644,13,24,12,-1,0,-1,1,4,0
107.807864,-3,14,8,3,2,0,1,6,0
107.807868,-10,-5,-7,-3,-5,-3,-3,-9,0
107.819460,-8,7,-9,-4,-1,-1,-2,-5,0
107.819489,-3,-56,-17,-4,-4,0,0,1,0
107.828932,9,-7,-14,-5,-5,-2,-2,2,0
107.828938,4,29,17,5,5,1,0,5,0
107.843371,-11,-18,5,2,3,0,2,6,0
107.845296,19,2,3,-1,-2,-1,-3,-3,0
107.845302,-1,-13,-15,-4,-4,-2,0,-2,0
107.845304,-5,-51,-9,-7,-3,-2,-2,-4,0
107.865929,8,33,12,7,3,1,-3,-4,0
107.866041,-9,-5,-8,-2,-2,-1,0,2,0
107.867136,-9,-22,15,3,0,-2,-3,-5,0
107.867156,-13,-12,-8,-2,-2,-1,-1,2,0
107.879613,22,-2,-1,-3,-3,-2,-3,-6,0
107.879655,-13,13,-3,0,0,-1,-1,-2,0
107.888534,13,-20,-3,-1,1,-1,-1,0,0
107.888539,3,1,-3,-2,-3,-3,-1,1,0
107.903377,-12,-4,-5,-3,-2,0,-1,1,0
107.903400,19,0,-2,-2,-1,0,0,-3,0
107.904935,0,11,-5,0,8,-1,2,1,0
107.904940,-1,6,-1,-4,-14,-2,-3,-1,0
107.925904,2,17,14,1,1,3,2,-1,0
107.925935,0,-14,1,2,0,-2,1,1,0
107.927408,-5,9,-4,2,-1,1,1,2,0
107.929219,1,3,-8,-5,2,-2,-3,-3,0
107.939130,-9,-27,3,0,-3,0,2,1,0
107.939144,-3,-45,-6,-3,-1,-1,0,3,0
107.949744,-11,-31,13,0,-1,0,-2,-8,0
107.949749,45,52,20,4,2,1,1,4,0
107.963277,-39,-4,-8,-4,-5,-2,-2,-2,0
107.963311,-19,-29,-5,-3,-2,0,0,0,0
107.965237,6,59,-1,-2,-2,-1,-2,0,0
107.965242,-9,-4,-2,2,3,-1,-1,-3,0
107.985609,21,2,-1,0,-1,-1,-2,1,0
107.985625,5,26,0,-4,-1,-2,0,-1,0
107.987196,-12,-15,-10,-5,-2,-1,-3,-4,0
107.987227,-6,0,-4,0,1,-1,-2,-3,0
108.000630,-1,-4,-1,-2,1,-1,-3,2,0
108.000636,2,15,-2,-2,-2,-1,-2,-4,0
108.010582,4,13,3,0,-2,-1,0,0,0
108.010594,-6,-14,-9,1,2,0,-1,0,0
108.023103,4,34,-37,-8,-3,-2,-3,-2,0
108.023124,12,-37,26,13,3,1,1,0,0
108.025143,-11,-7,7,2,0,0,-2,0,0
108.025149,0,2,-4,-4,-1,0,-2,-1,0
108.045623,-13,-4,-16,-8,-4,-3,-3,0,0
108.045651,10,23,-17,-1,-1,-1,-1,-2,0
108.047827,1,10,-3,-2,0,-2,1,1,0
108.047837,-10,-18,-4,-1,-1,-2,-2,-2,0
108.059625,4,-51,1,-1,-2,-2,0,1,0
108.059655,4,107,8,-1,-1,-3,-2,1,0
108.078292,-11,-33,4,3,1,-2,0,-5,0
108.078303,42,-23,-6,-4,0,0,3,2,0
108.083121,-12,-16,8,3,1,-3,-2,-3,0
108.083144,-47,-33,4,-5,-2,-1,-1,-6,0
108.085021,4,7,-4,1,0,-1,-1,3,0
108.085026,-12,24,0,-1,-2,-2,0,0,0
108.105632,4,-2,-1,-2,-1,-1,-1,0,0
108.105657,12,-17,-5,-3,-3,-1,-2,0,0
108.107785,-2,11,-7,-6,-3,1,1,2,0
108.107790,-8,-9,9,7,5,-1,-1,-2,0
108.128023,11,5,14,4,3,0,0,-1,0
108.128033,-2,-8,-6,-3,-2,-1,-2,-1,0
108.130123,11,19,-23,-6,-4,-2,-1,0,0
108.130158,-4,1,34,2,-2,-1,-2,-2,0
108.143785,5,8,5,6,-1,-1,-2,-2,0
108.143794,-7,-3,-7,-1,0,-1,-3,-12,0
108.144689,2,-24,-4,-1,-1,0,0,0,0
108.144707,-7,32,-20,-4,-2,-2,-2,-1,0
108.165604,-4,4,1,-2,0,-1,2,2,0
108.165629,10,-11,1,-2,0,0,1,3,0
108.167201,7,7,3,1,0,-1,-1,3,0
108.167208,-9,-18,-7,0,1,1,0,1,0
108.189577,-2,-1,8,-2,-1,-1,0,-3,0
108.189583,6,5,-7,-2,-3,-3,-1,2,0
108.189585,0,-10,3,-1,-1,-1,-1,-3,0
108.189587,-6,0,1,4,1,-1,0,-2,0
108.203269,-4,-3,-1,-1,0,0,-3,-2,0
108.203384,2,-46,-12,-6,-2,-1,-2,1,0
108.205479,12,33,29,9,4,0,1,9,0
108.205483,-31,-58,-30,-4,-4,-1,-3,-11,0
108.226025,-14,83,18,0,-1,-1,-2,-10,0
108.226215,3,-25,-10,-3,0,1,-1,0,0
108.227362,0,-9,-3,-5,-4,-2,-2,-3,0
108.227390,7,-4,-9,-3,0,-1,2,5,0
108.248081,1,-23,-8,-3,-2,-2,-1,3,0
108.248100,-2,17,5,2,1,0,-1,-2,0
108.249946,0,1,-9,-5,-4,-2,-1,-3,0
108.249952,4,-14,-1,-4,0,-2,-1,0,0
108.262522,-2,49,7,1,0,-3,-2,-2,0
108.262545,2,0,-4,0,1,1,2,0,0
108.269601,5,6,21,6,0,1,1,1,0
108.269623,51,18,1,1,-1,0,0,0,0
108.285632,-59,-34,3,-1,1,0,2,3,0
108.285708,-5,-4,-4,0,-1,-1,-3,-8,0
108.287108,1,31,-2,1,0,-2,-3,-4,0
108.287114,-11,-54,-15,-6,-4,-3,-1,3,0
108.308694,24,-9,-2,1,-1,0,0,4,0
108.308718,6,7,-1,-1,-1,0,-2,1,0
108.311387,-10,-25,-12,-2,0,1,-3,-1,0
108.311394,2,35,14,1,0,-1,0,0,0
108.322511,12,-20,-11,-1,0,0,-1,0,0
108.322535,-9,7,6,-1,-1,-1,0,2,0
108.330751,28,7,-2,-3,0,-1,-3,-4,0
108.330759,-39,9,4,0,1,1,0,2,0
108.353305,9,-20,-5,-4,-5,-2,-1,-2,0
108.353334,4,-4,3,1,-1,-1,-2,0,0
108.355826,-10,-5,7,1,2,-2,0,1,0
108.355830,24,22,8,1,-1,-1,0,1,0
108.368069,-23,-31,-2,-1,-3,-4,-6,-18,0
108.368092,0,20,18,-3,-1,0,0,0,0
108.370470,7,-72,-14,-2,-1,0,0,-1,0
108.370475,-11,35,3,3,1,0,-2,-4,0
108.382473,9,43,0,0,0,-2,-1,3,0
108.382491,7,-47,-12,-2,-3,0,-2,-2,0
108.389428,-17,38,8,0,0,-1,0,-4,0
108.389447,7,-6,0,-2,1,-1,-4,-4,0
108.406704,-21,-23,-6,-1,0,-2,-1,0,0
108.406713,17,17,0,-2,1,-1,-1,0,0
108.406958,-38,-23,-6,-1,-2,-1,-1,2,0
108.406964,-9,-21,-7,-5,-2,-1,0,-3,0
108.428140,21,15,-6,-6,-2,0,0,4,0
108.428162,-6,16,8,2,-1,-2,-2,-7,0
108.430272,10,25,-7,0,0,0,-1,-1,0
108.430297,-9,2,4,3,0,-3,-2,-2,0
108.442746,22,-23,-6,-2,-3,-1,-1,-2,0
108.442778,-60,-8,-7,-3,-1,1,2,1,0
108.449299,6,11,3,-4,-3,-2,-1,-3,0
108.449330,-14,4,-8,-3,-3,-1,-2,-2,0
108.465685,17,-12,-8,-1,1,1,1,7,0
108.465710,14,15,1,0,-1,-1,-2,-2,0
108.468002,11,1,-5,-1,-1,-3,-1,1,0
108.468007,-25,-11,2,-2,-2,0,0,0,0
108.488280,6,-15,-1,4,-1,0,-1,-2,0
108.488298,-12,31,1,3,0,-2,-1,-1,0
108.490285,-11,35,0,0,0,-1,-1,0,0
108.490294,20,2,6,-3,-2,-1,1,2,0
108.502591,-5,-8,-10,-4,-1,-2,-1,-1,0
108.502614,-1,-22,3,0,0,0,0,1,0
108.509785,10,-12,4,-1,-3,-1,-2,-1,0
108.509821,8,-15,-9,-2,1,-1,0,0,0
108.526140,13,-19,-12,0,1,0,-2,-2,0
108.528362,16,5,40,8,1,1,0,2,0
108.528369,-4,-10,-8,-2,1,0,1,1,0
108.528371,7,6,-6,-2,-2,-1,-2,-4,0
108.548888,-1,-19,4,-1,-2,0,0,3,0
108.548907,-4,-2,-14,-4,-2,-1,-2,0,0
108.550304,14,-1,-4,-3,-2,0,0,2,0
108.550320,-10,-25,18,5,0,0,-2,-1,0
108.563037,2,73,-1,0,0,-3,-1,-3,0
108.563050,14,10,2,-1,1,-1,-1,1,0
108.569206,-19,-5,-9,-3,-3,-1,-2,-5,0
108.569229,-2,5,-7,-1,-2,0,0,1,0
108.585688,-13,-13,8,-1,-1,0,-1,-6,0
108.585710,7,0,-12,-1,-2,-1,-1,0,0
108.587639,-5,-24,-6,-5,-2,-2,-1,0,0
108.587643,-12,4,5,3,1,0,1,-3,0
108.608693,18,0,4,0,-1,-1,-2,-3,0
108.608699,4,6,-1,-2,-1,-1,0,1,0
108.609758,9,-30,-7,-1,-3,-1,-1,-1,0
108.609784,-13,-28,-7,-1,-1,-1,-1,1,0
108.623724,-15,63,6,-3,-1,-1,-2,-1,0
108.623730,11,-1,-14,-1,-3,-2,-2,-2,0
108.632586,-12,-15,3,4,1,-1,-1,-6,0
108.632593,-13,19,-9,-6,-2,-1,-2,1,0
108.645595,46,25,22,4,5,2,1,3,0
108.645679,-27,-15,-4,-3,0,-2,-1,-2,0
108.647652,17,-21,-7,-3,-2,-3,-1,0,0
108.647661,-4,20,3,0,-1,0,0,1,0
108.670422,-20,-50,-13,-3,-2,-1,1,0,0
108.670426,-1,8,-5,-1,-1,0,-2,-1,0
108.670429,-3,-27,0,-2,1,-1,1,1,0
108.670431,13,5,3,-1,-3,-2,-2,-3,0
108.681901,-38,-8,4,-2,-3,-1,-1,-2,0
108.681927,6,-9,-4,-1,-1,-2,0,-1,0
108.692132,-4,31,2,-1,-1,0,-2,-1,0
108.692138,11,-15,-3,-1,-1,-2,-1,0,0
108.705684,1,5,-2,-1,0,-2,0,2,0
108.705707,-29,-37,11,4,1,0,-1,-1,0
108.707509,-2,26,-10,-4,0,0,-2,0,0
108.707513,11,-15,-11,-3,-1,-1,-2,-3,0
108.728105,-13,-23,10,4,0,1,1,2,0
108.728123,13,6,-6,-2,-2,0,-1,-3,0
108.729692,1,6,1,0,0,1,0,-1,0
108.729764,-3,21,1,-2,-1,-1,1,1,0
108.741856,10,-67,-17,-5,-3,-2,-3,0,0
108.741892,-3,31,6,1,2,-1,0,2,0
108.752274,1,4,-3,1,0,0,-1,-1,0
108.752286,0,-29,4,0,-1,0,1,1,0
108.765949,0,68,7,0,0,-1,1,1,0
108.765955,1,-17,-6,-1,-1,1,0,0,0
108.767186,-8,-8,3,-2,-1,-1,-1,-2,0
108.767261,5,27,8,2,-1,-1,0,-3,0
108.788254,-9,-43,-21,-4,-3,-2,-2,-4,0
108.788342,29,23,12,0,-1,-1,0,2,0
108.790554,-60,13,13,2,-2,0,-1,0,0
108.790560,-2,-7,-4,-3,-2,-1,-2,-6,0
108.801765,-16,5,-2,-1,0,1,-2,-1,0
108.801795,16,6,-12,-7,-4,-4,-4,-8,0
108.811994,9,-15,-2,0,-1,0,-2,-3,0
108.812001,33,11,1,-1,-1,-1,1,-1,0
108.828252,-57,-1,-13,-11,-1,-2,-2,0,0
108.828259,18,-18,8,7,2,0,2,1,0
108.828261,1,13,0,1,0,-2,-1,-2,0
108.828263,12,1,-6,-1,0,-1,-1,2,0
108.848344,-11,-6,-8,0,-1,0,-1,-2,0
108.848378,-14,8,0,-5,0,-1,1,1,0
108.849736,7,9,0,-3,0,-2,-1,-4,0
108.849753,-7,-26,-9,1,-2,0,0,2,0
108.861801,17,9,14,0,-3,-2,-2,-2,0
108.861822,-18,20,3,1,2,-1,-5,-4,0
108.872445,18,39,7,1,0,0,-2,-1,0
108.872451,-41,-13,4,-2,1,-2,1,1,0
108.885746,7,9,2,-2,-3,-1,-3,-6,0
108.885769,-9,-30,-10,-3,-2,-1,0,-1,0
108.887927,13,-4,-6,-2,-2,0,0,2,0
108.887932,-4,15,-4,-1,-3,0,-2,1,0
108.908253,-15,-20,-19,-2,-3,-1,1,-2,0
108.908266,56,20,3,1,-1,-2,-1,3,0
108.909892,-34,-26,0,-3,-2,-3,-3,-5,0
108.909995,3,5,9,3,1,-1,-2,-3,0
108.921639,0,-11,0,2,1,0,0,1,0
108.921646,-28,-12,-4,0,-2,0,0,-1,0
108.931982,14,4,1,-2,-1,0,2,1,0
108.931989,-1,0,-3,-4,-1,-1,-3,-1,0
108.945682,14,15,6,1,-1,0,-3,-2,0
108.945712,-27,-18,-27,-9,-3,-3,-3,-2,0
108.947890,6,-7,15,3,-1,0,-1,1,0
108.947898,-13,-3,-21,-5,-2,-2,-2,-7,0
108.970269,18,5,37,8,1,-2,0,2,0
108.970275,-2,10,-7,-2,0,-1,-2,-7,0
108.970277,-6,-52,-16,-4,-1,-1,-2,-3,0
108.970279,9,-12,28,3,0,2,2,0,0
108.981794,-2,61,-4,-3,-2,-1,0,1,0
108.981813,-11,1,-1,-1,0,1,0,-1,0
108.992674,8,-46,-9,-3,-2,-1,-2,-3,0
108.992686,-13,-3,-4,-2,-2,-3,0,0,0
109.005495,12,-7,-8,-3,-1,0,0,1,0
109.005517,1,-68,9,2,0,0,1,3,0
109.007125,-7,96,2,-1,-1,-1,-3,-3,0
109.007129,-2,16,-10,-4,-1,0,-1,2,0
109.028079,13,-19,1,1,1,1,0,1,0
109.028096,4,-2,-1,2,-1,-1,1,0,0
109.029894,16,-12,-4,-1,1,-3,-1,1,0
109.029916,-5,-11,-9,-2,-3,-2,-3,-4,0
109.050509,6,-10,3,-1,-1,0,1,0,0
109.050524,16,12,-7,0,0,0,-1,0,0
109.051995,-14,4,2,1,-1,-1,0,2,0
109.052009,-19,24,40,3,-1,-1,-3,-5,0
109.065194,10,-5,-9,0,-2,-1,0,-4,0
109.065202,-19,10,-2,-3,-1,-2,-2,-7,0
109.072133,-1,10,-4,0,-1,2,1,4,0
109.072149,8,-6,-16,-5,-3,-2,-2,-2,0
109.087981,-3,-25,4,-2,-1,0,-2,-2,0
109.087997,-3,34,7,0,-1,-1,-1,2,0
109.089489,2,-43,-10,-3,-1,-2,-3,-3,0
109.089503,6,10,-7,3,-1,-1,-1,-1,0
109.110706,-2,1,-9,0,-1,-3,-2,-1,0
109.110716,-4,5,-4,-6,-4,-1,-1,-2,0
109.112046,2,3,-1,1,-2,-1,0,2,0
109.112070,4,-7,-7,-3,0,-1,0,-1,0
109.125499,-12,-2,-5,-1,-4,-1,-2,-3,0
109.125517,-5,-7,-1,1,-1,0,0,-1,0
109.127214,3,-6,-2,-1,0,-1,-1,-2,0
109.127236,3,3,-3,-2,-2,-1,-1,-1,0
109.148069,10,29,-12,-5,-1,-2,0,5,0
109.149638,3,-41,7,0,0,-3,-2,-4,0
109.149644,0,0,-5,-3,-2,-2,-2,-6,0
109.149646,5,-3,7,-3,-1,-1,1,1,0
109.171519,-9,-19,-4,-4,-1,-1,-1,-3,0
109.171527,-2,1,-17,-3,1,1,-1,4,0
109.172104,7,42,17,2,1,0,1,2,0
109.172117,1,-21,0,-2,-2,-1,-1,0,0
109.186980,2,17,-2,-1,-3,-2,-2,-2,0
109.186986,-6,-42,-2,-3,-2,1,1,3,0
109.191858,5,-11,-5,-5,-2,-1,-2,-3,0
109.191880,-5,16,-4,3,2,-2,0,4,0
109.208133,-12,-29,0,1,-1,0,-1,-1,0
109.208156,2,44,-2,-6,-2,-1,-2,-2,0
109.211141,-6,-36,2,5,1,-2,0,0,0
109.211148,-12,2,-4,-1,-3,-1,-1,-2,0
109.231117,11,0,3,-1,1,0,0,0,0
109.231142,-2,-2,6,2,0,0,-2,-3,0
109.233389,-8,15,-5,-4,-1,0,-2,0,0
109.233395,2,-4,5,-2,-2,-1,-1,0,0
109.244975,-7,4,-4,1,1,-1,-1,1,0
109.244994,8,6,4,0,-2,-2,2,1,0
109.251867,-35,-4,16,1,0,-1,0,-3,0
109.252126,19,-4,-7,0,-2,-1,-1,3,0
109.268026,-1,16,7,0,1,0,-1,3,0
109.268043,-25,-6,-10,-4,-1,-2,-2,-6,0
109.269758,7,9,-6,-5,-2,0,1,0,0
109.269776,-8,-41,-9,0,4,0,0,-1,0
109.291129,8,49,8,2,0,0,-2,-2,0
109.291215,-4,1,-2,-1,-2,-2,-1,0,0
109.293628,10,-6,-3,1,-2,-3,-2,-1,0
109.293640,-14,16,-1,-4,-3,-3,-1,-6,0
109.305458,-3,-31,-6,-5,-2,-2,-4,-8,0
109.305491,4,-12,1,3,-1,0,-1,1,0
109.311992,4,20,3,-2,0,0,1,2,0
109.312024,12,-10,2,1,0,-1,-2,-1,0
109.328721,-24,-17,3,0,-1,0,-2,-2,0
109.328728,3,3,-2,-4,-3,-2,-3,-3,0
109.329646,0,-12,-5,-2,-1,-1,1,1,0
109.329670,-1,35,4,2,-1,-1,-2,0,0
109.350487,5,-18,13,2,1,-1,1,1,0
109.350503,-6,31,3,-2,0,-1,-1,-1,0
109.352099,10,11,-8,1,0,1,-1,2,0
109.352114,7,-44,-6,-5,-2,-1,-1,-2,0
109.364982,-25,28,12,-1,-3,-2,-1,-4,0
109.365007,1,-46,13,7,3,1,0,1,0
109.371662,-1,21,-1,-2,0,0,-1,-3,0
109.371685,-14,78,-5,1,-3,-3,-2,-2,0
109.388479,1,-24,-14,-4,-4,-3,-2,-6,0
109.388518,5,1,-10,-6,-4,0,-1,-2,0
109.390657,2,-8,-1,-1,-1,-2,1,2,0
109.390663,2,-4,3,2,0,0,0,0,0
109.410774,6,-18,-12,-3,-2,0,-1,-4,0
109.410795,18,-4,-6,-2,-1,-2,-2,-1,0
109.412429,-21,23,11,2,1,-1,-2,-3,0
109.412457,-6,-52,-3,-2,0,0,0,0,0
109.425052,6,-1,-3,-2,1,0,-1,3,0
109.425077,5,-8,2,-2,1,-1,1,2,0
109.431772,-17,-15,-2,-1,-1,1,-2,-3,0
109.431798,-7,-1,-16,-4,-2,0,1,-1,0
109.448197,24,18,-3,2,0,-1,-1,2,0
109.448223,0,17,-4,-3,-3,-2,0,-4,0
109.450363,2,-22,-8,-3,-2,-1,-2,2,0
109.450373,-14,19,2,6,3,1,0,2,0
109.471122,-12,-23,5,1,0,-1,-1,0,0
109.471136,-15,5,-4,-1,-2,-1,-2,0,0
109.472006,10,-13,-9,-7,-3,-2,-2,-1,0
109.472039,7,1,-5,-3,0,0,-2,-1,0
109.484855,-3,4,7,4,1,-1,-1,1,0
109.484864,-1,17,0,0,0,-1,0,-2,0
109.491763,-3,-6,-3,-3,-2,-1,-1,-1,0
109.491791,12,-5,-7,-4,-1,-2,-1,0,0
109.508080,9,3,5,2,-1,-1,0,-1,0
109.508109,-13,-6,2,0,-2,-1,-2,-3,0
109.511289,15,-15,-7,0,-1,-2,-2,-2,0
109.511297,-10,-6,4,0,-2,-3,-1,-5,0
109.530652,-1,2,-7,-6,-4,-3,0,1,0
109.530693,10,-15,-17,0,2,-3,-1,3,0
109.532278,-29,0,16,3,2,-1,-2,-5,0
109.532317,2,3,10,0,-1,-1,-2,3,0
109.545438,16,15,-1,-5,-3,-1,-4,-6,0
109.545444,2,-2,-8,-2,2,1,-2,-2,0
109.555675,16,-6,-9,-2,0,-1,-1,0,0
109.555682,-3,-19,10,2,0,1,0,-2,0
109.568142,-28,-32,-9,-5,-1,-1,0,-2,0
109.568165,27,68,4,1,-1,-4,-3,0,0
109.570442,-28,-15,-7,0,0,0,-2,-2,0
109.570446,-4,-3,-7,-2,-1,0,-3,-6,0
109.592286,3,11,-1,2,1,-1,-1,1,0
109.592298,-8,-31,0,-3,-1,0,2,2,0
109.592300,13,13,7,1,-2,-2,2,2,0
109.592302,1,18,-4,-4,-2,-1,0,1,0
109.604566,0,-30,-5,-2,0,1,-1,1,0
109.604596,-1,3,-2,0,-3,-1,-2,2,0
109.615187,6,-1,6,5,1,0,-3,-4,0
109.615198,8,-8,-7,-1,0,-2,-1,0,0
109.628060,-8,-11,3,1,-2,0,1,1,0
109.628076,-11,-7,-5,-3,-2,0,-2,-4,0
109.631197,5,-2,-5,-4,-2,0,1,-1,0
109.631203,4,7,1,2,-1,-2,-1,-2,0
109.650533,1,-27,-21,-5,-3,-2,-2,0,0
109.650557,-29,-12,20,1,-1,0,0,-6,0
109.652458,13,34,0,2,-1,-2,-2,2,0
109.652462,26,6,19,4,1,-1,0,1,0
109.664642,-5,-6,-8,-1,-1,-2,-2,-1,0
109.664678,3,-16,4,-2,-3,-1,-1,5,0
109.673536,-5,-1,-12,-3,-2,-2,-1,-3,0
109.673541,-4,-22,-2,-4,-1,-1,-1,1,0
109.688101,-5,42,-2,1,-2,-2,-2,-1,0
109.688114,-3,-6,-5,-3,0,-2,-1,-1,0
109.689528,13,9,13,1,4,-1,-1,-1,0
109.689561,-7,18,-4,-1,0,-1,-1,1,0
109.710706,-4,-21,0,0,1,-1,-1,2,0
109.710729,2,11,-5,-3,0,-1,-3,-6,0
109.712689,5,-17,-4,-1,-2,1,1,4,0
109.712698,-11,-3,-7,-4,-2,-2,-1,-7,0
109.724171,0,1,8,-3,-1,-1,1,0,0
109.724194,6,-16,9,2,-1,-1,1,1,0
109.733808,-6,1,-5,-3,0,-2,-2,-3,0
109.733814,0,-1,-1,3,-1,0,-1,-1,0
109.750433,-5,0,-12,-5,-1,-1,-1,-4,0
109.750440,5,-3,-9,-1,-1,-2,0,4,0
109.750443,-24,-76,19,1,-3,-3,-3,-10,0
109.750445,2,102,24,0,1,0,0,2,0
109.770777,16,-24,-7,0,0,-1,0,2,0
109.770806,-9,18,3,-2,-1,0,-1,0,0
109.773127,13,-35,-8,-1,0,-1,-1,1,0
109.773132,-26,-36,-6,-1,-2,-1,0,1,0
109.784266,8,27,13,0,-1,-1,-3,-8,0
109.784329,-7,10,-10,2,-2,-1,-1,-2,0
109.795376,-15,7,-6,-4,-3,-2,1,2,0
109.795386,15,-11,2,-5,-2,-1,-1,2,0
109.809125,-15,2,0,4,3,0,0,1,0
109.809155,11,-18,-6,-5,-1,-1,0,-1,0
109.811520,-12,0,3,0,-2,-2,0,-1,0
109.811532,1,-3,-1,-2,0,0,0,2,0
109.830743,-2,-25,-3,0,-1,-1,0,-1,0
109.830776,0,21,4,2,1,0,-2,-2,0
109.832292,0,11,-4,-1,-2,0,0,1,0
109.832309,-5,-11,-4,-1,0,-3,-3,-5,0
109.844244,16,17,1,0,-2,-2,0,1,0
109.844264,7,13,5,-3,-2,-2,-3,1,0
109.854541,9,48,15,3,2,0,0,1,0
109.854547,-15,-41,-24,-3,0,-1,-1,-2,0
109.868172,-3,10,3,7,1,-1,-1,-1,0
109.868195,-3,-41,-16,-8,-3,-2,-1,3,0
109.870183,-11,80,8,2,0,1,-2,-8,0
109.870187,12,-37,5,-2,0,-1,-2,1,0
109.890647,-7,17,0,-2,-4,-2,-3,-2,0
109.890661,0,-18,4,1,0,0,0,4,0
109.891999,11,-8,-12,-2,-1,-2,-1,-1,0
109.892012,3,14,-3,-3,-1,-2,0,-3,0
109.904920,-5,-2,1,2,-1,0,-1,1,0
109.904925,-6,-16,1,1,-1,-1,2,1,0
109.914935,11,-16,-8,-5,-2,-2,-1,1,0
109.914940,0,-12,1,-1,-1,1,-2,-2,0
109.928101,-5,-4,-2,-2,-1,0,-1,-1,0
109.928120,-24,18,10,5,2,0,-1,-2,0
109.929863,14,-19,-3,1,1,0,-1,4,0
109.929969,2,2,-10,-3,-4,-3,-1,-3,0
109.952116,1,3,5,0,0,-1,-3,-5,0
109.952123,1,-29,-2,2,2,2,1,-1,0
109.952126,1,-7,-2,-3,-3,-2,-1,-1,0
109.952127,-11,5,-15,-1,0,-1,-1,0,0
109.973157,-3,1,6,-5,-2,-1,3,-1,0
109.973179,12,23,4,-3,-1,0,-3,-4,0
109.975767,-17,-2,-16,-5,-4,-2,0,-3,0
109.975774,-2,-17,17,7,1,-1,-3,-3,0
109.988159,0,6,-4,-4,-2,-1,0,1,0
109.988177,4,3,-1,-2,-2,-1,-1,-2,0
109.989647,1,-16,-6,-6,-1,-1,0,0,0
109.989695,3,0,-6,-3,-2,-1,0,2,0
110.018074,-7,24,-3,2,1,-1,-2,-1,0
110.018095,2,-33,0,-1,0,-1,-1,-2,0
110.019559,1,-9,-3,-3,-3,-2,-2,-4,0
110.019576,17,23,9,2,-2,-2,-1,-1,0
110.033209,0,-12,-7,-3,0,-2,-1,-3,0
110.033305,-5,9,5,1,-1,-2,0,-2,0
110.034684,-11,-25,4,3,0,1,1,0,0
110.034706,-8,46,4,-3,-2,-2,-3,-5,0
110.048370,2,-45,-41,-9,-5,-2,-2,1,0
110.048401,13,75,57,10,3,0,1,0,0
110.049558,-10,-84,-5,-4,-4,-2,-3,-2,0
110.049578,-5,-9,-5,0,-2,-2,-2,-1,0
110.070571,-4,-13,-7,-3,0,0,-1,-2,0
110.070588,3,23,-18,-4,-3,-1,-1,0,0
110.072175,5,16,1,5,4,1,0,-2,0
110.072192,0,2,1,-1,0,-2,0,0,0
110.093096,1,10,7,1,1,0,0,3,0
110.093119,-5,-36,-15,0,-2,-2,-2,-2,0
110.094669,-2,27,6,-1,-1,-1,1,3,0
110.094689,-8,-26,-15,-8,-3,0,-2,-5,0
110.108705,6,10,18,6,0,0,2,1,0
110.108714,-6,-14,-9,-6,-1,-1,-1,-4,0
110.114379,5,8,0,1,-1,-1,-1,1,0
110.114472,2,9,-1,-2,0,0,0,2,0
110.130827,-3,-7,6,0,-1,0,1,3,0
110.130864,2,-56,-22,-8,-3,-3,-3,-6,0
110.132615,-19,20,15,3,-1,-1,-2,-6,0
110.132624,6,-19,1,0,-2,0,1,2,0
110.153126,-6,16,10,-2,-2,-1,0,-3,0
110.153157,-7,-22,-24,-3,1,-2,-3,-2,0
110.155226,-2,25,5,-2,1,-2,-2,-5,0
110.155231,4,-19,-4,0,0,-1,0,2,0
110.167419,-8,-30,-7,-1,-1,-1,-2,-5,0
110.167443,-6,29,1,0,-1,0,0,2,0
110.174471,3,-4,-2,-2,-1,0,1,2,0
110.174495,10,12,-5,-1,-1,0,0,1,0
110.198040,7,9,6,1,0,-1,-1,3,0
110.198059,-6,-4,-3,-1,-1,0,-2,-5,0
110.199576,10,-32,0,2,1,-2,0,-2,0
110.199583,-8,1,-2,-2,-2,-1,0,-1,0
110.213991,-4,1,-4,-3,-2,-1,0,0,0
110.214038,-4,10,7,1,-1,-1,-2,0,0
110.215762,8,-16,-14,-4,-1,-1,0,6,0
110.215768,-13,-19,-16,-5,-3,-3,-5,-9,0
110.227456,-5,4,55,9,6,1,0,-1,0
110.227475,13,-27,12,1,0,0,0,3,0
110.234194,-8,12,-4,-2,-1,-2,-3,-2,0
110.234212,11,-2,2,1,0,0,1,3,0
110.250506,29,-1,-25,-6,-3,-1,-2,-1,0
110.250519,-32,-5,-10,-2,-1,-2,1,-4,0
110.252009,-14,35,7,4,0,0,-1,-2,0
110.252022,-1,-6,-2,-1,0,-2,-1,0,0
110.273244,3,3,-15,-4,-3,-2,-1,-2,0
110.273264,-5,9,1,0,0,0,1,2,0
110.275627,14,-8,-14,-6,-1,-1,1,5,0
110.275633,-17,-2,7,1,-1,-1,-2,-5,0
112.298074,-61,-81,15,-3,-8,-7,-12,-2,4
112.298512,-36,119,66,10,4,3,8,10,4
112.300828,-128,-34,-33,-11,-8,-8,-13,3,4
112.300834,-27,21,-28,5,8,9,7,-50,4
112.312410,10,51,88,12,2,1,-4,-10,4
112.312439,23,-4,22,12,6,3,7,-12,4
112.319252,-14,-89,-11,-2,1,3,8,39,4
112.319278,127,-54,-17,-11,-8,-10,-12,-31,4
112.335580,-7,-12,-18,-2,0,1,0,35,4
112.335656,-19,127,36,-1,-4,-6,-9,-54,4
112.337012,63,-40,-51,-10,-6,-7,-8,-8,4
112.337026,-117,-51,18,14,9,10,14,22,4
112.358283,-60,-98,-56,-23,-7,-12,-15,-44,4
112.358306,103,-119,-27,-12,-13,-11,-10,31,4
112.361881,-49,7,23,10,2,5,9,7,4
112.361891,7,92,-27,-6,-1,1,4,6,4
112.371812,63,-64,-32,-7,-11,-10,-11,20,4
112.371836,45,-44,18,3,4,4,5,22,4
112.381480,96,17,2,6,4,2,-2,-65,4
112.381487,-87,-6,12,12,6,4,4,40,4
112.397171,45,92,-18,-9,-3,0,5,1,4
112.397177,39,-94,-38,-10,-8,-8,-20,-75,4
112.397181,-54,-114,-2,9,3,4,7,-4,4
112.397183,50,-82,30,6,1,0,1,45,4
112.418234,-55,-74,-17,9,8,10,14,-2,4
112.418258,112,15,33,-6,-8,-7,-5,43,4
112.421492,-83,-43,48,2,-5,-10,-12,-24,4
112.421501,6,-70,-24,-13,0,-1,-8,-83,4
112.431633,19,83,3,-2,-6,-3,-3,-1,4
112.431654,-12,-88,17,4,5,4,1,-9,4
112.443093,32,99,1,1,1,0,6,29,4
112.443103,-32,49,-16,-3,-4,-1,7,73,4
112.455771,-15,82,2,4,-2,-4,-9,-71,4
112.455801,58,125,17,8,7,7,10,53,4
112.458602,21,-88,-40,-16,-7,-8,-12,-14,4
112.458608,94,-4,6,2,1,2,4,23,4
112.478179,-98,102,-5,8,4,3,4,-27,4
112.478201,-43,52,-31,-7,-5,-4,-10,-29,4
112.479895,-55,-5,-6,-5,1,3,4,-9,4
112.479932,56,0,11,1,-1,0,3,-13,4
112.491752,48,-128,-11,2,-2,-1,0,29,4
112.491766,-97,-19,21,5,3,1,-3,-90,4
112.502936,-55,52,-22,-14,-12,-15,-20,55,4
112.502942,99,75,-10,4,0,-2,0,14,4
112.515755,-62,-108,8,-7,-7,-4,-12,-82,4
112.515785,29,116,11,-1,1,1,2,24,4
112.517916,-77,-48,-39,7,6,7,13,97,4
112.517921,35,-19,7,-5,-3,-4,-5,-70,4
112.537980,19,47,10,0,-1,0,4,53,4
112.537995,12,56,4,7,1,2,4,18,4
112.539451,127,31,-8,4,5,7,10,1,4
112.539464,-12,49,51,18,7,3,6,27,4
112.553055,84,-120,-72,-33,-18,-17,-20,-12,4
112.553061,-23,-22,-34,-4,-1,1,-3,-16,4
112.568064,101,56,45,8,7,4,5,-8,4
112.568083,-128,42,-17,-2,0,3,1,-16,4
112.575557,99,127,-3,-8,-3,-2,-3,-2,4
112.575575,22,11,-40,-14,-5,-4,0,70,4
112.577716,-12,5,16,5,3,2,1,-41,4
112.577722,49,-1,8,0,-3,-2,-2,73,4
112.599198,-62,-26,9,9,6,1,4,-26,4
112.599203,73,3,-8,-4,-3,-3,-4,22,4
112.599442,69,70,31,8,4,6,17,40,4
112.599448,-61,-121,-82,-33,-19,-24,-41,-52,4
112.611665,-93,-66,-22,-15,-13,-12,-14,3,4
112.611685,-70,46,29,6,7,4,0,-22,4
112.622435,-40,-15,7,-3,-3,-3,-8,-30,4
112.622441,34,46,-7,4,2,5,11,4,4
112.635846,28,26,18,8,7,7,9,33,4
112.638009,-25,-66,-15,-3,-6,-5,-4,-10,4
112.638015,-77,7,-2,4,0,0,-5,-63,4
112.638017,15,36,11,1,1,-1,0,17,4
112.658225,-13,-18,-35,-6,1,2,2,30,4
112.658248,-2,6,22,14,6,7,16,70,4
112.660934,17,82,25,1,0,0,-7,-85,4
112.660950,125,55,3,0,-5,-10,-7,35,4
112.671785,-81,-14,-14,-4,3,2,-1,-45,4
112.671809,-30,-63,-20,-3,-3,-7,-15,-28,4
112.682029,-86,-45,-32,-12,-1,5,15,58,4
112.682042,20,-116,-20,-1,1,1,3,-12,4
112.695536,41,63,41,11,2,2,2,8,4
112.695553,22,-35,-22,-8,-7,-6,-3,3,4
112.697160,-18,-48,9,0,-1,-2,-5,-12,4
112.697178,-17,29,34,12,4,6,6,27,4
112.718290,56,28,31,10,2,4,11,44,4
112.720886,-65,-39,-47,-18,-3,-2,-4,-21,4
112.720892,-28,-29,-19,-16,-10,-10,-10,21,4
112.720894,58,-120,-40,-14,-4,-1,0,-15,4
112.740703,89,84,7,4,0,-1,0,0,4
112.740708,-95,-1,-9,-8,-1,-1,-4,-7,4
112.741933,-33,-16,19,11,7,7,8,21,4
112.741946,8,62,-11,-3,-1,-1,-9,-48,4
112.755816,10,26,-11,-2,-1,-4,0,62,4
112.755822,68,-66,15,8,2,2,10,6,4
112.756915,-12,33,-4,3,2,0,-1,17,4
112.756921,-78,-64,-16,-10,-5,-2,-2,-45,4
112.778225,-30,96,21,3,-1,-4,-8,-71,4
112.778279,100,70,18,7,1,0,-1,-9,4
112.780563,-54,4,-2,-1,-1,-1,-1,21,4
112.780569,-19,1,2,0,-2,-2,-4,-38,4
112.792354,-114,-95,-22,-8,-3,-1,-2,10,4
112.792451,13,114,-4,-2,0,1,4,25,4
112.802863,50,-68,-13,-2,-2,-5,-7,-26,4
112.802872,29,127,34,11,4,7,12,28,4
112.815677,-81,21,37,11,5,4,2,2,4
112.815706,-64,-34,-33,-12,-1,-3,-4,-1,4
112.818305,127,36,5,-1,-7,-5,-3,2,4
112.818311,-82,-62,1,0,0,0,-1,18,4
112.838711,127,36,22,8,8,7,12,15,4
112.838732,8,-79,-16,-6,-5,-4,-8,-45,4
112.839974,-11,-96,-10,-3,-2,0,0,47,4
112.839978,-64,-45,15,-2,-5,-4,-5,-13,4
112.860761,-39,-8,9,7,4,0,1,-31,4
112.860794,100,-23,-2,1,-2,-2,-1,40,4
112.862677,-10,-4,8,2,1,0,0,-39,4
112.862685,50,37,1,4,1,-1,-3,-5,4
112.875979,-97,-47,-5,-2,0,1,6,28,4
112.876010,15,69,45,7,-1,-1,0,-9,4
112.878851,87,45,6,-3,-2,-1,3,45,4
112.878861,-26,-15,8,1,0,-1,-4,-14,4
112.898180,66,-8,5,-1,-4,-3,-1,-7,4
112.898202,68,53,21,11,8,7,5,-8,4
112.899642,127,127,-53,-17,-9,-12,-11,10,4
112.899746,-61,-87,2,-16,-6,-4,-10,-56,4
112.920097,-31,-20,-2,3,1,1,2,13,4
112.922346,78,60,5,5,1,1,0,-22,4
112.922355,40,67,31,16,7,6,1,-5,4
112.922357,-51,62,-7,-10,-8,-5,1,35,4
112.935504,-64,-6,-10,-4,0,-1,-8,-32,4
112.935527,-33,-64,3,-2,-1,-1,4,51,4
112.937350,-71,56,24,3,-3,0,-2,-47,4
112.937359,22,-18,-25,2,5,4,5,17,4
112.957669,75,28,50,7,4,5,6,0,4
112.957676,-6,-33,-28,-7,-7,-6,-2,64,4
112.957904,-19,-54,3,0,0,-2,-14,-96,4
112.957910,-16,13,20,5,1,0,1,-5,4
112.980315,60,-67,-17,-5,-1,0,1,27,4
112.980356,47,88,71,15,4,2,3,-20,4
112.982606,28,-48,-2,-2,1,1,-1,13,4
112.982612,56,42,-11,1,2,1,2,5,4
112.995109,-27,52,-3,-5,-7,-9,-13,-6,4
112.995130,-69,-15,1,-3,-2,1,3,-10,4
112.997035,26,-7,14,-5,-6,-10,-12,20,4
112.997042,98,50,2,2,-2,1,11,49,4
113.018975,-41,-79,-39,-6,-4,-7,-16,-55,4
113.018982,-74,-73,14,-4,-3,-4,-9,-7,4
113.018984,8,-26,-17,1,-1,0,3,3,4
113.018985,80,43,0,2,1,0,3,15,4
113.039743,37,58,25,13,4,4,7,10,4
113.039757,-97,-36,-62,-20,-8,-1,2,27,4
113.041820,-53,-35,-9,-6,-4,-2,-2,-17,4
113.041824,17,13,-6,-3,0,-2,-4,8,4
113.055057,25,41,20,7,4,4,2,-3,4
113.055078,-26,78,18,7,6,1,1,-22,4
113.056232,18,1,-47,-8,-1,4,8,27,4
113.056241,-74,17,-3,7,0,4,3,-22,4
113.077775,127,42,64,4,0,-4,-4,56,4
113.080283,-37,-122,-79,-21,-11,-9,-15,-61,4
113.080293,29,83,58,11,2,-1,-4,8,4
113.080295,-23,-72,-13,2,-2,0,-1,3,4
113.100046,32,-28,-52,-18,-7,-2,3,4,4
113.100068,36,127,66,19,8,4,4,-5,4
113.100680,-81,34,17,9,6,6,9,15,4
113.100810,46,-81,-47,-9,-2,-2,-2,-10,4
113.114850,73,4,-46,-12,-8,-4,-5,-7,4
113.114869,81,114,4,-5,2,2,-2,-35,4
113.115552,-107,100,77,28,16,9,7,-25,4
113.115559,29,-6,-18,-9,-5,-3,6,62,4
113.137662,30,-80,-70,-18,-12,-13,-23,-83,4
113.137691,-17,29,-12,4,3,5,7,9,4
113.140616,77,87,-6,7,0,0,-3,-1,4
113.140620,-47,61,-11,-6,0,-5,-4,-2,4
113.161182,-45,11,59,3,5,3,9,24,4
113.161190,14,-54,-9,-2,-5,0,0,4,4
113.161193,34,6,10,-5,-4,-1,3,-2,4
113.161195,63,-57,14,-3,-9,-11,-15,-14,4
113.175004,-44,-46,-13,-7,-5,-3,2,3,4
113.175047,120,69,39,9,3,1,8,-3,4
113.177337,41,-70,-41,-20,-13,-13,-16,29,4
113.177344,-4,72,21,7,2,2,-7,-98,4
113.197360,6,127,18,7,2,2,3,22,4
113.197382,27,-105,9,3,0,0,1,17,4
113.198328,-36,-73,-5,-1,1,-1,-2,-14,4
113.198332,-54,52,18,6,4,6,11,50,4
113.220068,-91,-79,-6,0,-1,-2,-4,-30,4
113.220097,-63,-61,-29,-12,-15,-11,-8,-15,4
113.222859,9,-81,-80,-10,-2,0,-1,-6,4
113.222866,60,71,83,13,6,1,-2,28,4
113.235040,40,-97,-43,-8,-2,0,5,22,4
113.235067,81,66,-2,4,1,2,-1,-34,4
113.237571,6,62,14,-2,0,0,0,2,4
113.237577,1,-13,-24,-6,-2,1,1,2,4
113.257318,-34,17,26,10,-2,0,0,11,4
113.257336,-44,-28,-27,-11,2,-3,-4,11,4
113.258104,-19,43,35,8,3,0,3,17,4
113.258171,81,-56,-1,-8,-10,-13,-16,-52,4
113.280424,-113,-14,-36,-16,-7,-3,-1,39,4
113.280462,71,-1,-7,-1,0,2,4,31,4
113.282193,-4,-9,-10,-5,-5,-4,-5,-19,4
113.282198,1,21,6,7,5,3,6,15,4
113.295105,12,-25,-7,0,-1,-3,-2,-11,4
113.295192,-27,-77,2,-1,-6,-3,1,18,4
113.296890,-28,-77,-15,-7,-5,-3,-1,-3,4
113.296894,80,-5,38,14,10,9,11,30,4
113.317327,127,-29,-6,-11,-8,-9,-14,6,4
113.317341,-128,-31,-22,-12,-8,-8,-12,-27,4
113.318156,69,35,5,6,2,-4,-5,-35,4
113.318220,-7,66,-40,-10,0,4,10,17,4
113.349387,-65,-26,8,5,5,5,6,-21,4
113.349394,-5,-25,8,16,5,4,0,0,4
113.349396,7,-128,-20,-20,-10,-7,-5,26,4
113.349398,9,33,-8,-2,-2,-3,-7,-23,4
113.354342,9,33,-1,8,4,4,6,25,4
113.354356,-9,43,20,4,3,2,1,-7,4
113.363961,-14,84,4,-3,2,2,2,-5,4
113.363968,-75,-79,-12,-2,1,-4,-7,-4,4
113.379802,19,26,30,3,-1,0,2,3,4
113.379823,42,45,-9,-9,-6,-8,-4,27,4
113.379825,24,23,-19,-5,2,-2,-8,-53,4
113.379827,29,79,22,4,-1,1,1,-15,4
113.400577,-19,-86,-40,-8,-6,-4,-3,-13,4
113.400599,47,26,3,2,0,2,7,13,4
113.401129,-20,31,-57,3,5,15,23,21,4
113.401247,-19,-59,39,-6,-8,-15,-21,39,4
113.414435,-92,81,-14,-2,1,4,-2,-59,4
113.414462,94,27,8,5,4,1,2,-6,4
113.422617,43,3,-1,-3,-4,-1,0,13,4
113.422646,3,17,-16,1,0,1,2,-7,4
113.438072,42,25,24,7,2,-2,1,22,4
113.438102,-48,-50,-9,-9,-3,-4,-5,5,4
113.440699,-3,-27,24,7,0,0,1,-3,4
113.440711,-57,-34,-22,-4,-4,0,5,22,4
113.460131,14,83,54,7,1,0,0,5,4
113.460160,-54,57,-38,-11,-4,-1,-3,6,4
113.460837,82,80,30,8,5,0,-2,-24,4
113.460859,-107,-32,2,0,-6,-4,-6,-27,4
113.474514,75,53,-21,-7,-3,0,2,36,4
113.474543,-31,-65,7,5,2,0,2,-2,4
113.482326,-16,-36,22,0,-4,-3,-5,7,4
113.482350,-1,2,-9,-2,-1,-2,-1,-8,4
113.497387,-19,-10,3,4,3,1,0,-12,4
113.497413,22,-4,13,1,-1,1,1,-3,4
113.499678,-52,-28,-13,-8,-6,-6,-6,9,4
113.499684,-7,1,-5,2,1,4,3,-22,4
113.519970,3,-26,-7,-5,-3,-1,-2,3,4
113.519983,5,14,21,7,3,3,2,-11,4
113.520730,-41,-8,-9,-11,-15,-9,-10,15,4
113.520806,-24,43,-70,-17,-2,-10,-12,-10,4
113.534319,94,72,3,11,3,0,0,-25,4
113.534337,-56,-70,-3,-4,-1,3,5,36,4
113.542668,65,-21,38,0,1,-5,-6,40,4
113.542694,-34,31,5,-9,-6,-3,-7,-78,4
113.557490,21,-38,-15,-7,-4,-3,-4,30,4
113.557513,-6,30,14,6,5,1,5,13,4
113.560199,79,-13,-6,9,0,-2,-2,-7,4
113.560210,5,-26,-27,-6,-6,-2,2,9,4
113.581345,-13,64,14,1,3,0,-3,-5,4
113.581358,26,48,-12,-9,-5,-2,-4,-7,4
113.581360,-48,-22,11,1,3,4,6,5,4
113.581363,77,-49,7,5,1,-2,-4,1,4
113.594346,-128,-70,-11,-2,0,-1,-2,-22,4
113.594365,-7,-50,2,-2,-4,-1,-2,-21,4
113.602777,24,12,-19,-4,-3,-3,-3,-17,4
113.602809,-55,-12,5,1,0,3,-1,-11,4
113.625711,42,-30,-10,-8,3,7,14,45,4
113.628297,84,63,96,21,3,-9,-23,-79,4
113.628305,-128,-63,-22,-16,-13,-14,-21,-55,4
113.628307,72,-66,-13,-5,-8,-6,-4,26,4
113.640418,31,-9,-28,-4,-2,-2,0,-6,4
113.640447,27,67,-10,1,0,2,3,15,4
113.643045,28,81,10,4,6,5,6,16,4
113.643062,-12,64,31,11,2,3,3,0,4
113.654116,-42,-21,-11,-3,-3,-5,-6,-12,4
113.654133,-1,65,2,1,8,5,5,0,4
113.662497,87,64,-44,-18,-11,-9,-5,38,4
113.662517,0,-26,-11,-5,0,-4,-3,0,4
113.677337,103,25,6,1,1,1,3,30,4
113.677350,-70,-9,-22,-4,-1,2,6,-18,4
113.678109,107,60,0,1,3,2,3,-19,4
113.678117,-69,38,6,-1,1,1,4,3,4
113.700416,40,53,8,-5,-7,-5,-4,25,4
113.700446,-10,75,45,18,11,8,10,23,4
113.702576,47,30,-11,-24,-19,-17,-15,19,4
113.702585,19,-70,-45,-15,-4,0,-7,-72,4
113.714601,-8,87,44,11,2,0,0,-10,4
113.714643,36,72,-13,-4,-3,-4,-1,15,4
113.722394,-34,-71,7,16,16,13,18,-9,4
113.722410,-31,-94,-53,6,5,5,10,18,4
113.738514,46,-86,47,1,-10,-11,-11,-10,4
113.738518,89,-81,-26,-7,-2,-1,-3,7,4
113.738520,-30,-119,-31,-7,-3,-1,-4,-3,4
113.738522,-55,56,8,-2,-3,0,1,45,4
113.760070,-44,1,-18,0,6,7,6,-55,4
113.760102,57,31,-11,-4,-5,-7,-10,7,4
113.762240,-21,-41,1,6,5,5,6,14,4
113.762255,42,56,25,3,-1,-3,-4,30,4
113.784775,13,63,-17,7,1,3,8,24,4
113.784782,-42,-82,7,-11,-8,-10,-13,-3,4
113.784784,34,9,-14,-1,1,1,-1,-6,4
113.784785,52,67,19,3,3,1,0,-11,4
113.797694,-19,-10,-17,-9,-6,-3,1,3,4
113.797784,-64,-29,-32,-4,-2,0,2,-9,4
113.800295,-16,81,42,12,6,2,-1,-15,4
113.800307,-16,-106,-48,-15,-9,-6,-4,20,4
113.820285,-26,105,76,21,13,9,7,-7,4
113.820312,122,-53,-15,-16,-10,-7,-6,53,4
113.822579,-112,-37,-4,4,6,7,8,-9,4
113.822583,-15,13,26,5,-1,-1,5,37,4
113.843394,31,-79,-25,-5,2,0,-8,-33,4
113.843416,-58,-33,-44,-6,-1,-2,0,-28,4
113.845562,-82,59,21,1,-3,-1,-2,-3,4
113.845569,-11,-20,-19,-5,1,0,2,12,4
113.865676,38,26,5,0,-3,-1,-4,-43,4
113.865702,127,17,24,11,6,5,6,21,4
113.866292,-53,55,-29,-10,-9,-7,-14,-95,4
113.866477,24,94,48,7,6,4,6,14,4
113.880254,-20,78,-18,-7,-2,0,0,-8,4
113.880292,-30,13,6,3,-1,-1,-1,19,4
113.880747,18,-75,-21,-2,-3,-2,2,8,4
113.880784,23,22,46,11,4,2,0,-4,4
113.903782,55,9,-8,-3,-2,-3,-1,21,4
113.903811,-17,116,39,9,5,6,1,-28,4
113.906150,40,-18,-27,-1,-1,-2,1,43,4
113.906156,-39,45,28,8,5,4,5,-17,4
113.917547,16,-128,-26,-9,-5,-5,-7,4,4
113.917571,-47,-1,7,10,-2,0,5,18,4
113.919638,45,84,46,12,8,6,6,13,4
113.919643,15,69,28,1,1,-2,-6,-66,4
113.941113,50,-81,-29,-13,-4,-3,-1,12,4
113.941119,-96,17,-32,-13,-6,-3,-8,-40,4
113.941121,76,66,32,8,1,2,3,-6,4
113.941123,-10,5,-12,-5,-3,-2,-2,25,4
113.963097,-30,-46,19,6,0,-1,-4,-30,4
113.963122,44,25,-59,-16,-8,-9,-2,3,4
113.965341,-30,-83,-10,-1,2,3,1,-17,4
113.965347,16,54,13,7,5,3,8,44,4
113.977420,36,-79,-57,-19,-11,-7,-8,12,4
113.977441,47,-44,-20,-6,-4,-2,0,-6,4
113.978887,40,120,10,-6,-2,-1,0,25,4
113.978894,21,53,42,17,8,5,2,16,4
114.002526,-4,38,-33,-16,-5,-1,5,-27,4
114.002533,-10,65,31,7,1,-1,-5,-27,4
114.002535,-48,-128,-31,-11,-6,-3,3,70,4
114.002537,-83,-93,-36,-8,-5,0,-5,-35,4
114.023131,-23,11,44,13,-5,-6,-8,4,4
114.023145,-22,-16,1,-11,0,-4,-7,-6,4
114.025226,-91,-62,14,-2,0,-3,-4,-6,4
114.025234,37,7,-8,-9,-4,-3,-1,17,4
114.037518,-61,-9,-7,1,1,-3,-9,-33,4
114.037532,20,-12,12,3,-1,3,4,8,4
114.038104,9,-57,-37,-10,-10,-8,-9,-23,4
114.038222,16,-52,-6,-1,0,0,4,-16,4
114.060330,40,-9,-24,-11,-6,-7,-3,106,4
114.060362,90,-128,42,11,1,0,-3,-75,4
114.062726,7,58,0,7,0,1,5,40,4
114.062744,-23,24,-13,-3,-2,-4,-11,-37,4
114.083158,-87,-98,-6,-1,4,4,13,30,4
114.083217,39,45,-19,-6,1,0,-1,30,4
114.083825,-12,57,14,-1,-3,-3,-4,-19,4
114.083948,112,55,6,0,-3,-5,-4,11,4
114.097380,36,-30,16,8,2,3,4,11,4
114.097396,-30,54,3,-1,0,-1,-1,1,4
114.098053,49,-124,-65,-13,-5,-4,-5,21,4
114.098064,35,-8,-31,-5,-7,-3,-2,26,4
114.119842,62,127,33,4,1,-1,-1,-33,4
114.119859,16,-19,-13,-10,-3,-1,2,14,4
114.121729,85,67,32,13,10,3,6,20,4
114.121735,-95,-31,0,-1,-2,0,5,27,4
114.144532,-40,-16,-12,-2,-5,-4,-10,-35,4
114.144538,1,-57,-6,-2,-2,1,3,13,4
114.144540,38,94,8,2,-1,0,-3,-30,4
114.144542,39,-80,-16,-4,-2,-1,-1,-1,4
114.159820,-128,16,-6,-14,-5,-9,-11,-43,4
114.159829,-67,-103,-44,-4,-3,-4,-1,24,4
114.159831,-30,12,59,11,6,3,1,-29,4
114.159834,127,110,-4,-3,-1,-2,-3,-7,4
114.180510,-28,24,3,1,-1,2,4,72,4
114.180549,57,-2,-17,-3,0,-3,-8,-51,4
114.180554,-111,-23,-16,-7,-2,-4,-5,11,4
114.180557,49,-37,32,8,2,3,2,-19,4
114.203276,-34,89,7,6,3,2,1,6,4
114.203299,17,64,21,4,0,2,3,-10,4
114.206093,109,51,-31,-10,-5,-7,-11,-18,4
114.206099,-128,-103,-7,-3,-2,-4,-2,-11,4
114.217429,-49,74,21,12,3,-1,-7,-31,4
114.217454,40,15,-12,-4,5,3,6,11,4
114.219571,-31,3,11,1,1,3,1,10,4
114.219585,11,60,-16,-5,-3,-3,-1,7,4
114.239893,57,-121,12,-1,-2,-2,-2,5,4
114.239915,-34,61,27,14,5,4,4,-13,4
114.240830,18,47,1,5,-1,1,10,40,4
114.240849,-19,40,-44,-29,-17,-20,-33,-48,4
114.262541,42,83,7,-3,-3,1,4,11,4
114.262570,17,5,14,0,-4,-4,-5,29,4
114.264314,-64,17,29,4,3,3,6,-38,4
114.264319,48,-11,19,10,6,3,8,32,4
114.277378,49,21,-12,-1,1,0,-3,-11,4
114.277398,-111,-74,-2,-3,-2,-2,-2,2,4
114.278666,125,76,51,10,4,1,3,40,4
114.278673,-41,-94,-50,-14,-13,-10,-4,19,4
114.300119,89,-76,-13,-9,-6,-4,-8,-30,4
114.300197,-90,64,12,-4,3,-1,-2,41,4
114.300559,46,-12,8,-3,-1,-1,-2,-20,4
114.300573,-28,-75,-4,-6,-3,0,-4,-6,4
114.322911,23,-45,-2,0,1,2,4,5,4
114.322988,-20,13,5,2,-2,0,-2,-15,4
114.324895,-59,21,-16,-5,-5,-3,-5,-7,4
114.324899,44,52,34,6,3,2,1,-41,4
114.337504,66,23,20,12,4,6,10,50,4
114.337527,-22,18,-22,-1,-2,-1,-4,-40,4
114.339451,56,-86,-13,-12,-8,-8,-11,6,4
114.339455,43,-70,33,8,7,3,2,-11,4
114.360495,69,73,41,2,-2,-5,-7,-8,4
114.360510,30,-41,16,1,0,0,1,6,4
114.360695,-9,-128,-28,-10,-7,-7,-10,-1,4
114.360718,119,89,-10,-1,-1,2,8,16,4
114.383125,-10,8,-26,2,8,5,3,-22,4
114.383148,-52,54,17,-2,2,3,1,17,4
114.385679,-33,-73,-17,0,-2,-2,-1,-10,4
114.385690,-16,-13,-16,-2,4,9,11,5,4
114.397121,-119,-66,-22,-3,-3,-5,-4,-17,4
114.397155,2,33,-12,3,0,0,0,14,4
114.405265,52,127,-1,10,7,6,10,63,4
114.405273,-62,-52,-42,-11,-7,-6,-9,-65,4
114.421683,-46,-8,-20,-4,2,2,4,-4,4
114.421689,58,10,-10,0,-3,-3,-4,0,4
114.421691,-11,37,12,7,5,4,5,-21,4
114.421693,-111,-13,-34,-6,-5,-5,-2,34,4
114.443171,31,118,70,14,4,0,-8,-70,4
114.445037,-89,-116,-24,-11,-6,-6,-8,-5,4
114.445041,46,70,31,3,2,1,-4,-42,4
114.445043,67,106,1,2,1,0,6,25,4
114.457474,-22,21,-11,-1,-2,0,3,14,4
114.457497,39,37,25,6,1,2,5,27,4
114.465045,6,111,29,17,12,12,12,19,4
114.465069,81,-55,47,-1,-5,-9,-7,7,4
114.480230,-72,-106,-67,-33,-14,-14,-26,-58,4
114.480265,-18,36,-10,-4,-4,-3,-4,-49,4
114.483179,-79,27,9,4,2,1,4,20,4
114.483187,90,74,16,4,1,0,-5,-12,4
114.503109,32,-32,-3,5,3,3,8,44,4
114.503132,21,-12,-19,-6,-3,-4,-3,-12,4
114.504820,-13,-128,-48,-20,-12,-8,-9,-2,4
114.504826,-128,61,36,16,6,4,-4,-91,4
114.516677,102,123,61,0,-8,-10,-2,99,4
114.516694,-8,-26,-48,-12,-2,-1,-1,28,4
114.525099,11,58,6,-5,-5,-5,-10,1,4
114.525123,44,40,8,4,3,6,11,-10,4
114.539997,75,-8,2,-2,-3,-3,2,79,4
114.540027,-9,-57,2,-4,-5,-3,-6,-80,4
114.541928,12,80,27,9,2,4,8,17,4
114.541932,-96,-125,-22,-9,-5,-6,-7,22,4
114.562615,4,97,20,12,7,9,12,35,4
114.562622,20,-51,2,-1,-1,-4,-6,2,4
114.563119,-75,-58,-13,-8,-5,-4,-9,-66,4
114.563147,-33,70,19,9,4,0,3,16,4
114.577320,-61,-96,-18,-6,0,2,3,5,4
114.577362,47,-63,-23,0,-4,0,2,5,4
114.585039,-84,64,65,22,13,6,3,-12,4
114.585062,70,-65,-43,-18,-9,-10,-11,-4,4
114.600332,-101,24,-31,-11,-3,1,2,-25,4
114.600362,11,127,21,6,0,-1,0,12,4
114.601527,29,-128,-59,-18,-8,-4,-2,-10,4
114.601531,57,32,24,11,8,4,6,59,4
114.624711,63,2,4,1,-1,-1,-5,-23,4
114.624716,22,29,4,4,5,3,7,13,4
114.624718,24,-19,-11,-3,-2,0,4,63,4
114.624719,1,80,100,12,0,0,-9,-84,4
114.637135,24,-83,-80,-22,-9,-9,-9,-15,4
114.637244,-81,92,28,7,3,0,0,8,4
114.644898,-12,-26,-27,-11,-8,-7,-5,14,4
114.644929,64,64,-18,-4,-1,1,-1,-28,4
114.660322,-34,-82,20,6,1,1,0,-6,4
114.660358,31,-9,7,-2,-5,-3,-3,7,4
114.663100,1,81,27,6,2,0,0,-3,4
114.663113,-54,-81,-46,-9,-1,1,3,26,4
114.683048,11,127,22,17,12,13,20,56,4
114.683072,-67,-128,-33,-14,-14,-18,-32,-70,4
114.684354,-13,-75,-53,-13,-3,-5,-14,-84,4
114.684360,-22,22,-21,-11,-2,-3,-3,24,4
114.697023,32,25,1,6,1,0,-5,-59,4
114.697040,93,-80,1,4,5,7,12,36,4
114.704861,-63,61,-1,-6,-8,-4,-3,21,4
114.704885,6,-52,26,4,1,0,-3,-21,4
114.720014,-10,94,6,-2,0,0,3,-1,4
114.720064,27,0,-4,-2,-4,-5,0,26,4
114.720618,2,32,-13,-2,-1,-3,-4,-30,4
114.720683,-109,58,13,12,6,7,8,12,4
114.743503,33,66,26,-5,-9,-7,-8,-6,4
114.743549,69,61,25,1,0,-3,-9,-48,4
114.746401,12,15,-5,4,4,7,12,42,4
114.746410,80,-88,-45,-16,-6,-5,-2,29,4
114.765457,29,-11,-10,5,1,4,0,-49,4
114.765464,9,56,-9,-3,0,0,3,34,4
114.766125,21,17,16,-1,-2,-3,-7,-33,4
114.766138,91,47,2,1,-1,0,-2,31,4
114.780241,-126,-60,-2,-5,-1,-3,-2,31,4
114.780306,107,36,46,15,13,11,13,47,4
114.780683,-121,-120,-31,-13,-9,-9,-12,-74,4
114.780691,48,-62,-13,-7,-5,-6,0,44,4
114.803281,37,-91,-14,-7,-6,-6,-10,-12,4
114.803350,-8,45,9,5,1,4,7,6,4
114.804856,51,29,23,6,3,5,3,14,4
114.804862,0,12,-24,-1,-2,-2,-4,-5,4
114.827573,-37,-48,-11,-3,0,0,-1,-24,4
114.827581,4,42,29,4,4,5,16,39,4
114.827583,127,-4,-20,-14,-13,-12,-14,-33,4
114.827584,-17,-9,-47,-8,0,-2,-5,31,4
114.842744,-78,111,19,1,0,-2,-5,-16,4
114.842759,-51,-90,-39,-12,-7,-4,-1,2,4
114.842761,-4,35,13,7,3,2,10,44,4
114.842763,-32,81,25,6,4,6,7,-1,4
114.862582,39,-11,-1,1,0,-1,-1,-10,4
114.862652,-35,10,-8,-2,-2,-2,-7,-12,4
114.864318,-32,-23,1,0,-1,1,1,44,4
114.864324,-1,-51,-1,-4,-4,-3,-3,-21,4
114.885881,-15,38,0,11,8,6,12,30,4
114.885911,5,86,15,-3,-6,-5,-6,-21,4
114.889077,78,38,-1,5,0,-3,-11,-25,4
114.889083,27,95,10,-5,-7,-7,-12,-6,4
114.900289,-17,-100,-13,-3,3,5,7,21,4
114.902738,69,101,14,-3,-6,-8,-14,-11,4
114.902743,69,-112,-21,-8,-4,-1,5,39,4
114.902745,-29,43,23,7,5,3,-2,-41,4
114.923195,17,-5,-16,-8,-6,-5,-5,1,4
114.923217,-15,-37,-11,-3,0,-2,-2,-12,4
114.923695,-24,28,20,5,3,3,7,74,4
114.923778,-7,-39,-8,-3,-3,-2,0,-18,4
114.945926,24,-58,-11,-3,1,-4,-5,12,4
114.945969,-26,-74,-29,-11,0,3,4,-44,4
114.948540,66,111,24,10,4,0,-2,44,4
114.948548,40,55,51,10,1,0,-1,4,4
114.960314,-11,-21,-55,-22,-15,-12,-9,-5,4
114.960348,-49,60,4,0,2,3,1,-14,4
114.962968,-24,-55,-8,-6,-2,1,4,-6,4
114.962983,-79,38,-3,0,2,3,9,25,4
114.983026,13,45,36,9,5,3,1,13,4
114.983043,22,-2,-1,-2,-4,-4,0,34,4
114.983762,-45,92,21,3,2,-1,-4,-57,4
114.983768,4,-33,-23,-6,0,1,3,13,4
115.013279,-57,19,21,7,0,4,5,0,4
115.013319,1,18,41,9,2,-2,0,-11,4
115.014000,62,43,-6,-4,2,-1,-3,-19,4
115.014020,-17,-83,-19,-14,-9,-6,-10,-15,4
115.019893,-8,80,-27,-9,-6,-5,-4,-10,4
115.019914,29,61,-1,1,0,0,1,4,4
115.021790,-86,-49,-9,1,-1,-2,2,-2,4
115.021797,-16,12,4,6,2,-2,-1,-1,4
115.044143,87,12,6,1,0,2,6,17,4
115.044150,13,-33,-1,3,0,0,3,86,4
115.044152,-105,-25,-7,-6,-1,0,-6,-64,4
115.044154,-54,74,33,14,9,8,9,-2,4
115.065787,54,-121,-40,-26,-17,-14,-19,4,4
115.065817,82,-11,-19,-3,-3,-1,6,74,4
115.068712,63,50,-34,-5,-4,-3,0,5,4
115.068721,89,66,3,6,4,5,7,0,4
115.080482,-39,48,21,9,3,1,-1,-29,4
115.082454,-35,-128,-35,-13,-3,-1,-4,-9,4
115.082459,32,-28,17,2,0,1,1,-20,4
115.082462,75,-2,18,7,4,1,1,-21,4
115.103276,49,-28,-15,-5,0,-1,-3,-4,4
115.103301,-85,45,-27,-9,-3,-1,-3,-37,4
115.105700,-66,-22,26,9,1,1,3,18,4
115.105708,-17,-14,-14,-7,-5,-1,1,3,4
115.125846,-22,-7,8,6,1,3,3,-15,4
115.125872,-70,52,23,14,7,5,0,-40,4
115.126749,75,29,4,-4,-6,-3,3,19,4
115.126787,-28,8,-3,-3,-5,-6,-10,-15,4
115.140120,29,51,21,4,4,3,5,17,4
115.140145,28,-24,-6,-4,-1,-2,-4,-15,4
115.140626,-70,-61,-9,-3,-1,-2,0,1,4
115.140791,50,-21,-21,-8,-3,-2,0,15,4
115.162634,-3,-39,27,11,-2,-3,-1,6,4
115.162656,52,-59,-18,-21,-13,-14,-23,-57,4
115.165050,-16,88,7,-2,-1,-1,-2,38,4
115.165057,-45,-14,-23,-8,-2,-3,-4,-32,4
115.185590,7,8,8,2,3,1,0,-37,4
115.185604,45,20,9,8,1,2,7,24,4
115.186120,33,-7,7,2,1,4,7,41,4
115.186134,-87,-19,-24,-5,-3,-3,-10,-57,4
115.199809,99,92,-13,-12,-12,-13,-18,21,4
115.199817,-30,-6,-1,-3,1,2,4,9,4
115.200425,16,2,-4,0,2,0,-6,-60,4
115.200432,15,-6,3,7,3,5,10,53,4
115.223187,1,23,6,5,2,1,-2,-19,4
115.223265,-7,-48,-7,-2,0,1,-1,-14,4
115.225646,42,-70,-27,-7,-3,-3,-3,-21,4
115.225663,-4,13,18,1,-2,0,9,76,4
115.246706,45,-11,34,17,10,9,7,-32,4
115.246715,-89,-59,-69,-15,-11,-9,-16,-43,4
115.246717,-1,-6,-19,0,6,2,-4,-27,4
115.246719,66,14,19,-1,0,-1,1,14,4
115.262840,7,-9,-13,-5,0,2,1,-4,4
115.262851,24,75,17,6,2,2,6,23,4
115.262854,-24,8,-5,-3,-3,-1,0,4,4
115.262856,-20,-57,-22,-7,-5,-4,-4,-25,4
115.282291,-51,-45,4,2,1,1,3,3,4
115.282325,59,66,1,6,3,1,3,86,4
117.295656,-2,-1,-1,-3,-2,0,-1,2,0
117.295965,0,0,-8,-2,-3,-1,-2,0,0
117.308659,-3,1,-4,0,-2,-2,-2,-5,0
117.308787,15,24,-1,-1,-1,-1,-1,-2,0
117.311143,-22,-20,2,0,0,-2,-2,-4,0
117.311148,4,-10,-10,-1,0,-2,-2,0,0
117.339048,-3,10,3,2,0,0,1,0,0
117.339075,6,-3,-6,-2,-2,-1,0,2,0
117.342009,-3,5,6,-1,-1,1,-1,-2,0
117.342033,-7,-6,-9,-3,-2,-2,-2,-2,0
117.344322,16,1,-9,-6,-1,-1,-1,-3,0
117.344347,-32,-12,5,3,2,-1,-1,-3,0
117.353886,0,15,3,-2,0,-1,0,-1,0
117.353894,5,-3,-4,-1,0,-1,-1,-1,0
117.368019,11,-4,1,0,-2,-2,-1,0,0
117.368041,12,15,1,1,0,0,-1,3,0
117.369522,-20,-11,-9,-2,0,-2,-2,-3,0
117.369558,28,17,7,0,1,-2,1,1,0
117.390562,-27,-26,1,0,-2,-2,-1,-3,0
117.390585,8,10,-3,-1,-2,-2,0,0,0
117.392322,-14,-17,-6,-1,0,-1,-1,-2,0
117.392350,8,-26,-5,-3,-2,1,0,-2,0
117.404316,-5,25,2,1,-1,-2,-3,-3,0
117.404338,2,-4,6,0,-1,-2,0,0,0
117.414271,40,19,-1,-3,-2,0,-1,3,0
117.414280,-69,2,6,1,-1,-1,-1,-3,0
117.428220,-5,-16,-3,-4,-2,2,0,1,0
117.428243,2,-2,-4,-3,-1,-1,-1,-1,0
117.429719,0,-2,0,0,0,-2,-2,0,0
117.429742,19,-12,-11,-8,-1,-2,-2,-1,0
117.450491,-2,12,1,4,0,-1,-1,-3,0
117.450508,2,7,-3,-1,1,-2,-1,2,0
117.451960,18,-4,-2,-2,-2,-2,-1,-1,0
117.451997,-59,-14,4,0,-1,-1,-1,-1,0
117.464444,6,-4,-2,-2,0,0,-1,0,0
117.464475,7,12,-4,-3,-3,-2,0,-3,0
117.473192,-12,-22,5,2,0,1,0,-1,0
117.473210,24,28,7,2,-1,-1,-1,-2,0
117.488361,0,-1,-14,-5,-3,-2,-1,4,0
117.488366,-13,-33,4,3,0,1,-2,-4,0
117.489399,-2,1,1,0,0,-1,-1,0,0
117.489429,7,17,-2,-2,0,0,-1,-1,0
117.510998,-5,-4,0,-1,0,-1,-1,0,0
117.512112,3,1,-7,-2,-3,-1,-1,-3,0
117.512581,-10,1,-3,1,-1,-2,-1,0,0
117.512596,18,-5,-1,1,1,0,1,0,0
117.524083,4,2,-10,-2,-1,-3,0,-1,0
117.526271,-5,-4,14,2,1,1,0,1,0
117.535595,0,-1,1,-3,0,-1,-2,-1,0
117.535602,18,-10,-4,0,0,-1,-1,2,0
117.548182,-7,5,-3,-2,-1,-1,-1,-4,0
117.550339,-4,-19,-6,-3,-2,1,-2,0,0
117.550344,-3,11,7,3,0,0,-1,0,0
117.550346,16,-2,-9,-3,-2,-2,-1,0,0
117.570495,0,10,16,2,0,-2,1,0,0
117.570518,-3,-7,-4,-1,-1,-3,0,0,0
117.572475,-3,2,-9,-3,-1,-2,0,-1,0
117.572479,7,22,-5,-4,-3,-3,0,0,0
117.593414,-3,-42,18,6,2,0,-1,-1,0
117.593445,-9,29,5,4,2,-3,-3,-1,0
117.595180,32,-9,-1,0,-2,0,-1,-1,0
117.595185,-85,3,-3,-1,-1,-2,-2,-2,0
117.607966,2,1,-5,-2,0,0,-2,-1,0
117.607996,7,-2,-6,-3,-2,-2,-1,0,0
117.614476,-5,4,2,-2,0,-1,-3,-4,0
117.614499,24,-12,-2,0,-2,-1,0,0,0
117.630609,1,5,-3,-1,0,-1,0,-1,0
117.630625,21,-7,1,-1,0,-2,-1,1,0
117.632022,-58,-6,-7,-1,-1,-1,1,-3,0
117.632082,13,-8,-1,-1,0,-3,-2,-3,0
117.653288,-10,-1,4,-2,-2,-1,-2,0,0
117.653400,11,0,5,-2,-1,-2,1,-2,0
117.655341,4,-4,1,1,0,-1,-1,-1,0
117.655350,11,-10,-5,0,0,0,-1,1,0
117.668384,-1,16,5,-1,-3,-1,-1,-3,0
117.670333,-1,6,6,0,0,-1,-3,-5,0
117.670341,-2,7,7,-1,-1,-2,-2,-6,0
117.670346,-12,-28,5,7,1,1,1,0,0
117.691768,8,7,-12,-4,-1,-4,-3,-3,0
117.691772,-11,-9,-11,-5,-3,0,-1,0,0
117.691914,-4,4,1,-1,-1,0,-1,-1,0
117.691920,19,15,-2,-3,1,-1,-1,0,0
117.713532,-5,-24,-5,-4,-2,0,0,1,0
117.713555,-4,-3,-3,1,1,-2,-3,-1,0
117.714693,-1,-2,3,-2,1,-1,1,0,0
117.714701,13,8,-2,-2,-1,-1,-1,0,0
117.727575,2,1,-1,1,-1,-1,-1,-2,0
117.727592,-11,-10,-10,-9,-4,0,0,1,0
117.734433,0,0,9,3,1,0,0,-1,0
117.734460,-4,-8,-2,-3,-5,-2,-1,-3,0
117.750659,5,22,-3,0,0,0,0,0,0
117.750682,21,7,-1,-1,0,-1,0,-1,0
117.753429,-30,-30,-12,-3,-3,-2,-1,-2,0
117.753436,-1,19,4,-2,-2,-1,0,-2,0
117.773451,-3,-18,-1,0,1,-2,-2,0,0
117.773556,10,22,-2,0,0,-1,-1,-2,0
117.774589,25,-18,2,1,1,0,0,2,0
117.774655,-26,-12,-1,1,2,-1,-1,1,0
117.787973,-17,0,-4,-2,-3,-1,-1,-3,0
117.787992,-16,-10,-3,1,0,-2,-1,-3,0
117.794361,13,11,-6,-5,-3,-4,-2,-2,0
117.794380,16,10,-29,-6,1,-2,-1,0,0
117.810915,14,3,28,3,2,0,0,1,0
117.811008,4,-2,-1,-1,-1,-1,0,0,0
117.812732,-6,5,0,0,1,-1,-1,0,0
117.812738,-48,-15,-9,-2,-3,0,-1,-4,0
117.832949,6,2,-14,-5,-2,-2,-1,4,0
117.832963,-4,-7,1,1,-1,-1,-2,-4,0
117.834590,5,13,-4,-2,-3,0,-1,1,0
117.834655,17,1,8,0,-2,0,-1,-1,0
117.849067,-6,-16,-15,-5,-1,-1,-2,-1,0
117.849073,-13,22,42,9,4,2,0,-1,0
117.854464,5,-7,-10,-2,-2,-1,-1,-1,0
117.854493,4,3,7,-3,-1,-1,0,-1,0
117.870622,-3,-7,-9,0,-3,0,1,-1,0
117.872095,13,-17,-17,-6,-4,-3,0,-2,0
117.872099,-5,3,7,2,1,1,2,1,0
117.872101,8,-7,7,2,0,-1,-2,-5,0
117.894986,3,14,-1,0,-1,-1,0,-3,0
117.894992,-6,-14,-15,0,0,0,1,4,0
117.894994,-2,-15,-2,-3,-5,-3,-4,-6,0
117.894996,11,-2,7,1,2,0,-1,0,0
117.908075,0,3,-2,-1,0,-1,-3,-4,0
117.908092,-18,8,-2,0,-2,-2,-1,-1,0
117.914346,-4,12,-1,1,0,-1,0,-3,0
117.914365,36,3,-2,-3,-1,0,-1,3,0
117.930664,-31,0,3,-1,0,0,-2,-4,0
117.930687,-1,-8,-4,-4,-3,0,1,1,0
117.932477,8,-4,-4,1,1,0,-3,1,0
117.932480,-7,4,1,-1,-1,-1,0,0,0
117.953203,4,-6,7,4,2,0,0,0,0
117.953224,-7,2,-6,-7,-5,-2,-3,-3,0
117.955087,-7,3,24,4,2,0,0,-1,0
117.955099,4,4,-6,-2,-2,-2,-2,-1,0
117.968424,4,-9,7,1,0,-1,0,0,0
117.968453,-7,1,-2,-1,-1,-1,-3,-2,0
117.974522,-1,5,-14,-4,-3,-2,-1,0,0
117.974541,1,-11,7,0,-3,-2,0,1,0
117.990593,5,18,-8,-1,1,-2,-1,4,0
117.990613,-18,-46,2,2,0,-2,-2,-5,0
117.991921,-5,4,-3,-2,-3,-2,-2,-1,0
117.991934,12,-8,-5,-2,-2,-2,-2,-5,0
118.013484,26,20,3,1,-1,-1,1,2,0
118.013527,-17,6,-2,0,0,0,-1,0,0
118.015539,-5,4,-4,-3,-1,-1,-1,-1,0
118.015547,1,0,2,2,1,-1,-2,0,0
118.027609,7,-6,-1,-3,-2,-1,-3,-4,0
118.027633,18,10,-3,0,-2,-1,0,0,0
118.034711,2,-26,-7,-3,-3,-1,-1,-2,0
118.034735,-6,17,4,-1,1,0,0,0,0
118.050500,-6,-19,-7,-1,-2,-1,-3,-6,0
118.050556,6,19,13,3,2,2,0,2,0
118.051957,4,-10,-8,-3,-1,-3,-1,1,0
118.051963,-23,3,0,0,0,-2,-3,-6,0
118.073253,2,1,-14,-3,-4,-2,-1,-1,0
118.073275,2,-13,-14,-2,1,-1,-1,0,0
118.075719,-1,10,16,3,1,0,0,-2,0
118.075734,6,2,1,1,0,0,0,1,0
118.086834,-17,-4,-3,-5,-1,-1,-2,-2,0
118.086858,10,9,-8,-4,-2,-1,-1,-2,0
118.096722,22,11,-7,-1,-2,0,-1,-1,0
118.096727,-24,-15,0,-1,-1,0,-1,-4,0
118.111973,2,15,4,-1,0,-2,0,0,0
118.111980,-4,-30,0,0,-1,0,1,2,0
118.112157,1,5,-2,0,-1,-1,-2,-2,0
118.112164,3,2,1,-1,-1,-2,1,2,0
118.133444,-2,-12,-8,-2,-2,0,-1,-4,0
118.133474,19,15,4,1,1,-1,-3,-2,0
118.135946,-35,-8,-5,1,-1,-2,-1,-1,0
118.135952,7,-1,-4,-3,-2,0,-2,-1,0
118.147211,-4,-7,0,-3,-1,-1,-1,0,0
118.147243,28,19,9,3,0,-2,-1,-2,0
118.156050,-25,0,-1,0,-1,1,0,2,0
118.156055,18,-2,-10,-6,-3,-3,-2,0,0
118.170855,-9,-21,10,5,2,1,0,-2,0
118.170885,-11,-4,-5,0,-1,-1,-3,-2,0
118.173615,14,9,-2,-3,0,-1,-2,-1,0
118.173621,4,16,4,0,-1,1,-1,0,0
118.193216,-5,-3,-4,-5,-3,-1,-2,0,0
118.193237,-5,-27,-5,-4,-2,-2,-1,-2,0
118.194712,0,15,-1,-2,0,-1,0,-4,0
118.194743,-4,-25,-2,0,-1,-1,0,2,0
118.207104,-4,11,-7,-2,-2,-2,-3,-4,0
118.207124,-10,11,-5,1,-1,-2,-2,2,0
118.216288,0,-12,12,0,1,0,-1,-4,0
118.216293,-5,8,4,3,1,-1,0,-2,0
118.230581,3,3,3,-2,0,-1,1,2,0
118.230598,-5,-12,-16,-5,-4,-1,-2,0,0
118.232092,-2,-6,0,0,0,0,-1,0,0
118.232096,5,19,0,-1,-4,1,-2,-1,0
118.253073,1,-6,-1,1,-1,1,0,2,0
118.253088,-9,-2,-6,-4,-4,-2,-1,-4,0
118.254505,1,-19,-3,-2,-1,-1,-1,-3,0
118.254519,36,9,7,1,2,-2,-2,1,0
118.266615,-29,-16,-10,-2,-1,-1,-2,-4,0
118.266622,-12,31,12,-1,0,-2,-1,-2,0
118.277822,1,-14,-7,1,-2,-1,1,1,0
118.277827,-5,2,-5,-3,-1,-2,-1,-3,0
118.290484,6,2,-1,-1,-1,-1,-2,0,0
118.292335,16,20,11,-1,0,0,-1,-1,0
118.292357,-12,-58,-14,-6,-1,-1,-1,3,0
118.292363,-6,-13,-8,-1,0,-2,0,0,0
118.313446,10,0,13,-1,-3,0,-1,0,0
118.313574,-11,3,-3,-1,-3,-1,-2,-2,0
118.314574,10,36,3,1,2,-1,-2,-1,0
118.314586,-10,-7,-9,-1,-2,0,0,0,0
118.328994,-1,-4,7,0,1,0,0,-2,0
118.329001,-2,0,-4,-3,0,0,1,1,0
118.337224,-5,6,-4,-5,-3,-2,-1,-1,0
118.337229,-6,-12,-7,-4,-1,-1,-1,-1,0
118.350606,1,10,9,2,1,-1,-2,0,0
118.350629,-3,-21,2,0,-1,0,-1,-3,0
118.352714,32,19,7,2,-1,0,-3,1,0
118.352723,-42,-16,-1,0,-1,0,-1,-5,0
118.376495,4,17,8,0,-2,-2,0,3,0
118.376508,-1,8,-7,0,1,-1,-4,0,0
118.376512,-5,-22,12,1,-1,0,1,-1,0
118.376514,16,30,6,-2,0,-1,-2,0,0
118.386953,-10,-23,-7,-1,0,-2,0,-2,0
118.386982,10,-7,-3,-2,-1,-2,-2,-2,0
118.395751,-14,14,-7,-2,-2,-2,-2,-3,0
118.395773,5,6,1,-2,-3,0,-1,-1,0
118.410598,-5,-8,-4,-4,-2,-3,-2,-1,0
118.410619,-1,-9,2,1,-1,0,0,-3,0
118.412536,-9,15,-11,0,-2,-1,-1,0,0
118.414581,-1,-11,8,2,0,0,0,-1,0
118.433182,3,17,-2,-1,-1,1,1,0,0
118.433208,-3,-4,-3,-1,-1,-2,-1,-4,0
118.434871,-7,-7,-3,2,-1,-1,-2,-3,0
118.434876,-6,-8,-4,-3,0,0,1,1,0
118.447036,7,6,-6,3,-2,-1,-2,-4,0
118.447069,0,-14,-6,-1,0,-1,-1,2,0
118.457093,-3,8,3,-1,-1,-1,-1,-2,0
118.457097,1,-14,-3,0,0,-4,-2,-2,0
118.470527,17,-27,-9,-2,0,-1,-1,2,0
118.470607,-17,32,22,2,1,0,1,-3,0
118.471936,1,-8,-17,-5,-2,-1,-1,1,0
118.471950,-7,-13,-2,-1,-3,-1,-4,-5,0
118.493299,-8,2,-3,-5,-2,-1,-1,-1,0
118.493319,-13,-25,-16,0,0,-2,-2,-2,0
118.495208,35,18,19,0,1,0,0,2,0
118.495221,-8,15,4,2,-1,-2,0,0,0
118.515377,-8,13,-1,-2,-1,0,-2,-3,0
118.515408,10,-7,-8,-3,-2,-3,-2,-1,0
118.521796,-6,-1,-3,-1,-1,-1,-1,-4,0
118.521814,0,-14,1,-3,-2,0,-1,-3,0
118.530775,4,15,-2,1,0,0,0,-1,0
118.530800,1,-2,3,0,0,0,1,1,0
118.532697,-9,5,9,0,-3,-1,-2,0,0
118.532702,-1,-8,5,4,1,1,-1,-1,0
118.553008,1,-6,-2,3,-1,-1,-3,-2,0
118.553032,1,6,4,-1,1,0,-1,0,0
118.554734,-11,-4,-7,-6,-2,0,-1,-2,0
118.554750,7,-5,-8,-3,0,-2,-1,-2,0
118.575861,-4,1,-15,-2,-1,-2,0,4,0
118.575886,-12,6,21,1,-1,-3,-2,-10,0
118.577955,21,11,-4,0,-3,-2,-1,0,0
118.577962,-13,-19,2,0,0,-1,-1,-2,0
118.598040,-2,-28,-4,-1,2,-2,-1,1,0
118.598054,2,-10,-8,-5,-3,-1,-1,-1,0
118.599562,-3,24,-8,-1,0,-2,0,1,0
118.599642,4,19,7,-5,-1,-1,0,-5,0
118.613168,1,14,7,3,1,0,-2,-1,0
118.613199,-1,-3,-9,-1,0,-2,0,4,0
118.614694,13,-8,5,0,-2,-2,-1,-1,0
118.614824,5,0,-8,2,0,-1,-3,3,0
118.635600,7,5,7,-2,-2,-2,-2,-4,0
118.635627,-34,-10,-5,-3,0,1,0,0,0
118.637676,3,-18,-3,1,1,-1,-1,-3,0
118.637682,1,1,-1,-3,-3,-2,-1,1,0
118.650573,17,6,6,-2,0,0,-2,-2,0
118.650594,15,-2,1,1,-3,1,-2,0,0
118.653422,-22,-34,-13,-4,-1,-1,-1,-2,0
118.653430,8,26,13,2,0,-1,0,1,0
118.675642,-9,-9,-4,-1,-1,-1,0,-2,0
118.675651,10,8,1,0,-2,-2,0,1,0
118.675654,-30,-3,5,-1,1,-1,-2,-3,0
118.675656,0,-3,-17,-2,-2,-3,-1,-2,0
118.695545,-8,-9,-1,-2,-2,-2,1,-1,0
118.695565,7,26,4,0,2,-1,-2,0,0
118.697214,4,-25,-9,-2,-1,-1,-2,0,0
118.697229,-9,-2,9,1,1,1,-1,0,0
118.710499,4,-1,-4,-4,-4,-3,-3,-4,0
118.710546,-2,-9,-7,-2,-1,-1,1,1,0
118.716730,-2,21,5,1,0,0,0,-2,0
118.716754,8,2,-3,-4,-3,0,0,-1,0
118.733555,-10,-10,-12,-5,1,-2,-2,-3,0
118.733580,3,1,3,1,1,1,1,-1,0
118.734702,9,4,3,3,0,0,-2,2,0
118.734770,0,-9,-8,-1,-1,-1,0,-3,0
118.755722,1,1,-1,-3,-1,0,-1,1,0
118.755743,2,-8,-10,-5,-3,-2,-2,-1,0
118.756983,-7,3,7,5,2,-3,-2,0,0
118.757019,2,-2,-3,0,-3,-1,0,-1,0
118.769833,-6,-3,-1,2,-1,-1,0,0,0
118.769850,-6,-9,-3,-2,-1,-2,-2,-1,0
118.776965,6,27,1,-4,0,0,0,-4,0
118.776984,7,-25,10,2,1,-1,0,0,0
118.793291,-26,-6,-1,0,1,-1,0,0,0
118.793315,-10,-7,-6,0,-1,0,-3,-4,0
118.795608,-2,-11,-5,-6,-4,-2,-2,-3,0
118.795615,-3,11,-6,-1,-2,-1,0,3,0
118.815856,8,4,13,2,1,0,-3,-7,0
118.815906,6,9,7,2,1,0,1,2,0
118.816977,-2,4,-2,-1,-2,0,0,0,0
118.816983,-4,2,-6,-3,-2,-2,0,-2,0
118.831111,2,-2,0,-2,0,-1,-2,0,0
118.831118,-2,-6,-1,0,-2,-1,0,-1,0
118.846055,1,-6,-1,1,-1,0,-1,-3,0
118.846063,-5,-1,-3,-4,-2,0,0,2,0
118.853274,6,16,-4,-3,-4,-1,-2,-4,0
118.853302,17,13,11,2,2,-2,-2,-3,0
118.855056,-15,-24,-5,-2,0,0,-2,-1,0
118.855062,-14,-8,-4,-2,0,-1,-3,-3,0
118.875902,11,0,-7,-2,-1,0,0,2,0
118.875924,5,-3,-10,-3,-2,-2,-2,-2,0
118.877998,-11,9,1,-1,0,-1,0,-1,0
118.878003,-4,-10,1,-3,-1,-2,-2,-2,0
118.889877,-8,-6,-12,-4,-1,-1,-2,-2,0
118.889952,1,-7,15,7,3,1,0,0,0
118.898874,8,7,-5,-4,-2,0,-1,1,0
118.898879,7,16,1,3,0,-1,-1,-1,0
118.913308,-17,0,-2,-4,-1,0,-2,-1,0
118.913363,-4,-4,-4,-2,-1,-1,-1,0,0
118.914524,-1,-6,0,-1,-2,-1,-1,-1,0
118.914543,-2,1,0,0,-1,-2,-2,-4,0
118.935582,1,-17,-5,-1,-1,-1,0,-1,0
118.937646,-3,25,20,5,0,0,-2,-1,0
118.937652,1,-7,-2,1,0,1,0,1,0
118.937654,3,2,-8,-5,-1,-3,-2,-2,0
118.949992,-1,9,20,6,1,1,-1,-1,0
118.950016,-4,-16,-26,-10,-5,-4,-2,-1,0
118.956592,8,28,1,0,0,-1,-2,-2,0
118.956608,-11,-24,11,1,-1,0,-1,-7,0
118.973067,4,-16,-13,0,2,0,1,1,0
118.973089,-21,-6,-5,-4,-2,0,-2,-2,0
118.974507,4,8,3,-1,-1,-1,-1,2,0
118.974529,0,16,-2,2,-2,-2,-2,2,0
118.995654,3,1,-1,-2,-1,-2,0,-1,0
118.995679,4,-8,-1,-2,0,0,-1,-1,0
119.001765,1,-11,-3,3,-1,-4,-2,-1,0
119.001784,-1,4,3,-1,0,1,-1,1,0
119.009683,26,13,-1,-1,-2,0,0,-1,0
119.009717,-49,-5,5,0,3,0,-1,-2,0
119.018569,2,10,1,-3,-1,-2,0,0,0
119.018582,-3,-19,-1,-1,0,0,-1,0,0
119.034661,-1,1,3,1,-1,0,-1,-2,0
119.034669,15,4,-10,-4,-2,0,0,-2,0
119.034672,-7,-7,-7,-5,-1,-1,0,0,0
119.034962,6,8,4,1,2,0,-2,-2,0
119.055802,2,6,22,3,1,-1,0,0,0
119.055824,-1,-9,3,0,-2,-3,-2,-2,0
119.058452,-2,-15,-7,-2,-2,-2,-1,-2,0
119.058457,-4,15,-2,-1,0,-3,1,-1,0
119.069414,-13,1,-4,-2,-2,-1,-4,-2,0
119.069597,7,-1,-4,2,-1,0,-1,-3,0
119.080049,0,-8,-5,-1,-2,-1,0,2,0
119.080069,0,-4,-7,-5,-1,0,-1,-2,0
119.093234,-8,5,3,2,0,0,-1,2,0
119.093266,4,-3,-6,-3,-3,-2,-2,-1,0
119.095286,1,3,5,4,2,-1,-2,-5,0
119.095297,-4,7,0,-1,-1,-2,-1,-4,0
119.116941,-7,-8,-1,1,-1,-1,-1,-2,0
119.116958,17,11,-6,-5,0,0,-1,2,0
119.118892,-16,-9,2,0,-1,-1,-3,-4,0
119.118896,-1,-7,2,4,0,-1,-2,-2,0
119.129311,1,5,-3,-3,-3,-1,-1,1,0
119.129337,4,3,-2,-3,-1,-1,1,2,0
119.139535,3,-16,-12,-2,-1,1,-1,1,0
119.139540,-6,5,5,-2,0,1,1,-1,0
119.153171,-5,-7,4,4,1,0,0,1,0
119.153197,9,-2,-12,-2,-5,-3,-2,-2,0
119.155441,-3,-3,18,3,2,0,1,-2,0
119.155447,4,14,-4,-1,-4,-1,-2,0,0
119.176049,-9,-4,-9,-8,-5,-3,-1,-2,0
119.176060,4,-4,2,2,2,1,0,-2,0
119.177141,12,15,1,1,-2,0,-2,-1,0
119.177160,-2,13,-8,-4,-3,-2,-2,-1,0
119.191918,0,1,4,0,1,2,0,-1,0
119.191924,-15,-15,3,0,-1,-1,-1,-2,0
119.198612,-11,-9,-6,-4,-1,-1,1,-1,0
119.198616,12,-6,-3,-1,-1,1,-2,0,0
119.213392,3,5,0,0,1,-1,-1,0,0
119.213411,-4,5,0,1,0,-1,0,1,0
119.215013,7,-1,0,0,0,0,0,-1,0
119.215018,-2,-5,-3,2,-1,-1,0,0,0
119.237841,-5,1,-2,0,0,-3,-1,-3,0
119.237847,3,5,6,4,1,-1,-1,0,0
119.237849,-4,-17,-12,-3,-3,-1,0,0,0
119.237851,1,14,4,-4,1,-1,-1,-1,0
119.249302,-2,-2,3,4,-1,0,-1,-3,0
119.249326,2,-4,0,-1,0,0,0,-5,0
119.260024,-2,1,-3,-4,-2,-1,-2,-3,0
119.260037,-9,-2,-11,-4,-2,-1,1,0,0
119.273969,13,-7,8,-2,-2,-1,-1,0,0
119.273988,-2,-9,18,6,1,0,-1,-3,0
119.276477,1,31,-2,0,-1,-1,0,0,0
119.276486,-27,-43,0,3,0,0,-2,-2,0
119.295602,12,2,-20,-9,-3,-1,-3,0,0
119.295626,-9,-1,-2,-2,-1,-1,-1,-1,0
119.297510,0,-3,4,0,-2,-1,-1,-1,0
119.297517,2,-3,2,2,0,1,-1,-1,0
119.309589,2,21,1,0,0,0,-1,2,0
119.309681,3,-4,-5,-2,-2,-2,1,-1,0
119.319577,9,7,3,0,-1,0,-1,1,0
119.319586,-12,-4,-4,-2,-3,-2,-1,0,0
119.333139,-6,-14,-3,1,1,-2,-1,-2,0
119.333161,2,-5,-12,-4,-3,0,-1,-1,0
119.334715,-8,13,14,4,0,-1,-1,-1,0
119.334732,17,0,-5,1,0,-1,-1,-1,0
119.355658,-8,-11,11,2,1,1,1,0,0
119.355681,-6,16,-6,-5,-3,-3,-2,-1,0
119.357068,4,8,-8,-3,1,-2,-2,-2,0
119.357076,-11,-17,-2,-4,-2,-2,-1,-2,0
119.369243,5,0,-5,-2,-2,-3,-1,0,0
119.369266,-1,0,-26,-7,-3,-1,-2,2,0
119.378658,6,-2,55,8,4,3,-1,0,0
119.378668,9,16,10,4,2,-1,0,1,0
119.393097,-14,-6,-11,-6,-2,-1,-2,-7,0
119.393119,9,-8,1,2,-2,0,0,1,0
119.394707,-11,-7,-19,-4,-3,-3,-1,0,0
119.394726,5,-1,-2,-2,-2,0,-2,-2,0
119.415635,-7,-10,4,0,0,0,0,-1,0
119.415659,-1,-1,-4,-2,0,-1,-1,-1,0
119.418002,-1,-14,-8,0,1,0,-2,1,0
119.418006,4,20,13,3,0,-1,-1,0,0
119.429356,-5,-8,-13,-4,-3,-4,-1,-1,0
119.429383,9,1,10,4,2,0,-2,1,0
119.439101,-8,-5,-10,-3,-1,0,0,-2,0
119.439105,-20,-8,-4,-4,-2,-2,-1,-2,0
119.454305,2,7,1,2,0,-1,-1,-1,0
119.454311,-6,-19,-3,-6,-3,-2,-1,-1,0
119.454556,8,15,-4,0,1,-3,-3,-1,0
119.454562,4,-5,-4,1,1,0,0,2,0
119.475934,7,36,3,-2,-3,0,0,0,0
119.475958,-20,-35,6,4,3,-1,0,1,0
119.477989,-2,3,-14,-4,-4,0,0,-4,0
119.477995,0,7,-3,-1,-2,0,-1,-1,0
119.498066,9,-11,-6,-1,-2,-1,-1,-1,0
119.498088,3,18,-1,-1,-3,0,-1,-4,0
119.499722,-5,1,-15,-5,-3,-1,1,0,0
119.499744,16,-38,17,6,1,0,0,3,0
119.513693,-33,-15,-9,-3,0,0,0,-2,0
119.516370,21,15,7,2,-1,-1,-3,-3,0
119.516378,-18,-6,-1,0,1,-1,0,-2,0
119.516381,4,13,-6,-7,-5,-2,-2,-2,0
119.535810,7,13,-34,-8,-5,-1,-2,-1,0
119.535831,-4,-30,43,10,4,1,1,1,0
119.536929,13,-17,-2,0,-2,-2,0,2,0
119.536941,-19,2,-11,-2,-4,-3,-2,-3,0
119.558179,-4,-16,-2,-2,-1,-2,0,0,0
119.558201,-3,23,-17,-6,-4,-1,-2,-5,0
119.560548,11,7,9,3,1,0,-3,1,0
119.560554,0,-11,-3,-1,0,0,1,1,0
119.572647,3,4,10,3,1,-2,-1,0,0
119.572671,-3,7,-6,-1,-2,-3,0,-1,0
119.579427,-4,-12,4,0,0,-1,-1,-2,0
119.579460,8,5,-6,-5,-3,-1,0,-3,0
119.596110,-9,-1,7,-2,1,1,0,-2,0
119.596117,0,5,-3,1,0,-1,-1,0,0
119.597199,-6,-12,-3,-1,-2,1,-1,0,0
119.597218,4,22,-12,-2,-2,-1,-3,-1,0
119.618332,0,-19,19,0,-2,-1,0,1,0
119.618362,-5,-4,-9,1,1,0,-2,1,0
119.621300,11,13,0,-3,-2,-2,0,-3,0
119.621305,-9,7,-5,0,0,-1,0,-1,0
119.632673,0,11,5,2,-1,-1,-2,-1,0
119.632701,-12,-3,-8,-7,-4,-3,0,-5,0
119.639634,-3,-9,-5,-1,0,0,0,1,0
119.639655,17,26,6,0,0,-1,-2,-2,0
119.655686,-7,-35,11,3,1,1,0,-3,0
119.655716,-13,2,-10,-4,-3,-2,0,0,0
119.658104,-7,2,-3,-2,0,-3,-4,-8,0
119.658110,0,-7,-1,-2,-2,-3,0,1,0
119.678234,9,11,-4,-1,-2,0,0,2,0
119.678277,9,6,4,0,4,0,-1,1,0
119.680381,-7,-13,-1,-1,-1,-1,0,2,0
119.680388,-2,-5,-1,-2,-2,-1,-1,-1,0
119.692769,4,5,-2,2,0,0,-1,-2,0
119.692799,2,-6,2,1,2,1,-1,2,0
119.699338,-5,6,-4,-1,-1,-1,-3,-2,0
119.699370,-1,-10,1,0,0,1,-2,-1,0
119.715685,-2,-3,-7,-5,-3,-1,-2,-1,0
119.715712,-1,2,0,-2,-2,-1,0,0,0
119.717782,5,-5,1,-1,0,-1,-1,0,0
119.717787,-1,-11,-10,-4,-3,-1,0,-3,0
119.738545,5,20,-3,1,-1,-1,-1,0,0
119.738564,-5,-18,12,4,0,1,-1,-1,0
119.741226,-10,-9,17,3,1,-1,0,2,0
119.741231,5,-2,-4,-4,0,-2,-1,1,0
119.752634,-7,-11,-4,1,-1,-1,1,1,0
119.752655,6,20,-16,-5,-2,-1,-2,-3,0
119.759329,0,-2,2,2,-2,0,-1,-1,0
119.759360,-3,-9,2,0,-1,0,0,2,0
119.775884,-3,4,1,-5,0,0,0,-2,0
119.775916,5,1,0,0,-3,-1,0,-2,0
119.778247,-4,-6,-4,-3,-1,-2,-3,-2,0
119.778253,4,1,1,0,-1,0,-1,-3,0
119.798053,5,4,-1,-1,0,-1,-2,-1,0
119.798067,-9,-12,2,-3,0,-1,1,0,0
119.799483,5,12,-6,-1,0,-1,-1,1,0
119.799506,3,-2,9,2,-1,-1,-1,-1,0
119.812434,-19,-5,-2,-1,-1,0,-2,-4,0
119.812487,9,20,-3,-4,-3,-2,0,0,0
119.819372,-17,-22,-9,-3,-2,-1,-1,-1,0
119.819394,-1,-11,5,1,-1,-1,-1,1,0
119.835756,7,-13,-36,-6,-3,-4,-3,0,0
119.835778,5,10,44,11,3,3,1,2,0
119.837472,4,-2,-7,-2,-1,0,0,-1,0
119.837479,-11,4,-1,0,0,-2,-2,0,0
119.858016,2,-9,-5,0,-2,-2,-1,-2,0
119.858049,8,13,-34,-14,-8,-3,-2,-3,0
119.859857,12,-23,36,14,8,2,0,1,0
119.859877,-3,-20,-3,1,-1,-2,-2,-2,0
119.874116,-4,9,7,-2,-1,-1,-1,-2,0
119.874122,-2,1,-6,-4,-1,-2,-1,2,0
119.879460,-4,17,-9,-5,-3,-2,-1,-1,0
119.881612,6,8,-5,-2,0,1,-3,-2,0
119.895691,-2,-2,13,2,0,0,-3,-3,0
119.895715,5,-3,-10,-1,-3,-2,-2,-3,0
119.897928,-12,0,-10,-2,-1,-1,-3,1,0
119.897935,-7,0,4,1,0,-2,-2,-1,0
119.920393,-1,9,3,-3,-2,-2,-1,-2,0
119.920399,-7,-21,-1,2,1,0,-2,-1,0
119.920401,2,12,-4,-1,-2,-1,-1,-1,0
119.920403,-5,6,-2,-4,-3,1,1,1,0
119.932662,-3,-8,0,0,2,0,0,1,0
119.932684,-2,5,11,6,1,-2,-2,-2,0
119.939299,-4,-3,-4,-5,-1,-2,1,-1,0
119.939316,-2,-8,-6,-2,-1,-1,-1,-1,0
119.955709,12,-1,-15,-5,-1,-1,-2,-1,0
119.955734,5,3,25,8,4,2,0,1,0
119.957300,-41,-11,-14,-7,-4,-2,-2,-6,0
119.957304,-1,-3,2,0,-1,-2,-2,-1,0
119.978056,-1,2,-10,-4,-3,-2,-1,1,0
119.978086,2,-1,-9,-3,-1,1,-1,0,0
119.980662,15,5,2,-1,-2,-1,-2,1,0
119.980668,-2,6,-3,-3,-1,-1,-1,-2,0
119.992453,1,6,8,-1,-1,-2,-1,0,0
119.992482,-2,-9,-8,1,0,-2,-2,0,0
120.002427,5,6,8,-1,-3,-1,0,0,0
120.002432,6,5,-6,2,-2,0,-2,0,0
120.015548,-9,-11,5,0,0,0,0,-3,0
120.015566,-13,-26,-11,-7,-7,-2,0,-4,0
120.016958,3,14,-17,-3,-2,-2,-2,-2,0
120.016964,-3,3,15,4,4,0,0,-5,0
120.038297,2,-1,5,2,1,-1,0,1,0
120.038326,-5,-1,-13,-4,-1,-2,-2,-2,0
120.040641,3,-8,-3,-5,-3,0,1,1,0
120.040646,0,8,-4,-4,-3,0,-1,-1,0
120.051837,6,13,4,2,0,0,1,-1,0
120.051860,-25,-24,-3,-6,-2,-3,0,-1,0
120.062756,11,3,0,4,0,-1,0,1,0
120.062763,-4,5,-3,-7,-1,-2,-2,-2,0
120.077560,-2,-8,2,1,0,-2,-3,-2,0
120.077569,18,12,3,2,2,0,0,4,0
120.077572,-15,25,11,6,-1,0,-2,-7,0
120.077574,-4,-26,-3,-4,-2,-2,-2,-2,0
120.098316,-10,-17,-11,2,-3,-1,-2,-1,0
120.098338,7,4,0,-3,-2,-1,-1,-2,0
120.100557,12,-16,-7,-1,0,-1,-2,0,0
120.100561,-3,6,-6,-2,-2,-2,0,-1,0
120.112060,2,14,9,-2,-2,1,1,2,0
120.112114,4,-5,5,7,6,0,-2,0,0
120.122405,-8,-8,-1,-4,-2,-1,-1,-1,0
120.122414,-1,0,0,1,1,-1,-1,1,0
120.136261,1,-3,0,0,-1,-2,-1,2,0
120.136290,-7,9,-5,-4,-4,-1,-1,-2,0
120.138474,0,2,-1,-1,1,0,0,1,0
120.138479,-5,-2,1,1,0,0,0,-2,0
120.158136,2,1,-3,-3,-4,1,1,0,0
120.158162,-1,6,-2,1,0,-2,-1,-2,0
120.159707,13,13,23,1,-1,-1,0,0,0
120.159727,-17,23,-2,2,1,0,0,-2,0
120.171613,-10,-20,-2,-1,1,0,-2,-3,0
120.171620,-7,2,-3,-2,-4,-1,-3,-5,0
120.182355,4,-19,-4,0,-2,-1,1,0,0
120.182361,14,17,-1,-1,-2,-1,0,2,0
120.195664,-3,-27,4,1,1,-3,-2,-4,0
120.195690,3,-2,-5,-5,-4,-2,-1,1,0
120.197225,-3,3,2,4,3,-1,-2,-1,0
120.197230,4,-8,-1,0,-1,-1,-2,0,0
120.218071,4,12,-5,-3,0,-1,-1,3,0
120.218087,1,11,0,1,-3,0,1,-3,0
120.219578,-12,-25,-5,-2,0,0,-2,-1,0
120.219585,6,8,-1,-3,-2,1,0,-1,0
120.232813,6,-8,1,0,-3,-2,0,1,0
120.232829,-9,2,-1,-1,-1,0,-3,0,0
120.243466,-12,9,-6,-4,-2,-1,0,-2,0
120.243474,5,-5,-2,-2,0,-2,-1,0,0
120.255642,-5,6,7,4,2,-2,-2,-4,0
120.255659,5,12,-11,-4,-1,0,0,3,0
120.257786,28,-7,5,0,0,0,0,0,0
120.257792,-30,-17,3,1,-2,1,-1,0,0
120.280154,-3,7,-4,-2,-1,-1,0,-2,0
120.280161,-2,-8,-5,-2,-1,-2,0,-2,0
120.280164,-3,-4,-8,-4,-2,-2,-3,-2,0
120.280166,6,-9,-1,-2,0,-3,-1,0,0
122.302475,15,6,29,15,3,3,24,36,4
122.302799,5,9,-6,0,-2,-1,-16,-53,4
122.304825,-13,-18,6,0,0,0,3,39,4
122.304831,-89,-40,-15,3,2,6,13,-40,4
122.325759,-94,-67,-77,-25,-11,-8,-9,9,4
122.325888,52,-128,-22,-12,-5,-1,8,8,4
122.326386,53,50,48,8,2,1,-9,15,4
122.326400,32,67,25,11,3,3,6,15,4
122.339890,94,25,-13,6,4,-1,4,35,4
122.339982,-76,-51,-50,-12,-4,-2,4,-10,4
122.340497,17,-21,-13,-10,-6,-3,-10,-93,4
122.340510,-62,120,34,10,2,0,-3,1,4
122.362432,11,-117,-5,-11,-7,-4,-1,10,4
122.362450,63,-46,-3,-4,-3,-7,-25,-40,4
122.363732,-63,23,-9,-1,0,-1,5,67,4
122.363736,106,20,-2,-1,0,-1,-1,1,4
122.387062,-104,115,21,6,2,1,-8,-29,4
122.387073,-104,-2,6,-2,2,1,14,56,4
122.387077,81,-41,-38,-12,-6,-3,-18,-59,4
122.387081,-30,93,19,22,8,5,11,38,4
122.402363,-93,-21,-15,-3,-7,-11,-27,-92,4
122.402369,20,63,-11,-6,-5,-1,5,-21,4
122.402371,42,2,7,0,-1,0,14,26,4
122.402373,41,68,-19,-16,-7,-3,-10,12,4
122.422415,23,-47,14,5,4,4,6,-1,4
122.422432,37,-109,-3,-3,1,4,13,22,4
122.422921,68,92,18,28,8,0,0,-53,4
122.422936,26,-111,-61,-24,-13,-13,-35,73,4
122.445921,-15,75,1,1,0,-2,10,-38,4
122.445971,-2,6,2,-1,-4,-4,1,16,4
122.447889,24,77,17,6,5,6,2,18,4
122.447896,-49,-67,16,4,1,1,6,17,4
122.460271,37,-13,5,3,1,3,-2,-18,4
122.460308,-105,-3,-54,-17,-11,-8,-11,-5,4
122.462793,-36,-21,16,-2,2,1,5,21,4
122.462799,10,-30,2,3,-1,1,8,3,4
122.482346,79,-17,2,-3,3,3,-3,-5,4
122.482363,-21,29,16,9,2,4,11,1,4
122.483018,54,80,26,2,-2,-6,-3,57,4
122.483087,22,-51,10,-2,-2,-2,2,-6,4
122.505453,-16,-39,13,4,2,1,-11,11,4
122.505469,127,28,3,1,3,2,3,-3,4
122.506949,-128,-109,12,10,8,8,12,-21,4
122.506958,-15,99,52,8,0,-2,-1,73,4
122.519968,36,-65,-36,-8,-7,-3,-2,-18,4
122.519988,-71,-5,19,8,5,4,-2,-21,4
122.521647,-68,-100,-29,-9,-4,-2,1,0,4
122.521653,15,59,-24,0,1,3,9,-17,4
122.544442,-67,127,74,19,8,5,8,33,4
122.544449,110,-76,-53,-28,-12,-9,-12,6,4
122.544451,56,6,-28,-6,-5,-2,7,10,4
122.544453,-27,27,-22,-7,-5,-2,1,8,4
122.565661,-12,99,25,2,5,2,10,34,4
122.565683,-9,79,2,8,3,2,-19,16,4
122.566659,-4,33,-1,-10,-4,-6,-6,44,4
122.566663,-41,-123,-21,-4,-1,1,3,-80,4
122.580092,18,-44,-13,-15,-7,-7,-11,-46,4
122.580111,-51,-59,21,7,3,1,4,50,4
122.581461,-60,20,0,-5,0,2,-3,-70,4
122.581468,62,35,14,4,0,-2,3,50,4
122.602612,27,-25,-35,-15,-8,-5,-11,-67,4
122.605625,-13,-20,-1,-3,-2,-3,1,5,4
122.605634,25,53,47,10,6,4,-4,-18,4
122.605639,83,54,61,10,2,1,2,-15,4
122.625693,-105,-104,-9,1,-2,4,9,-33,4
122.625718,104,94,27,3,1,-4,-11,-24,4
122.626591,37,-2,-33,-2,-5,-9,-20,12,4
122.626621,1,-15,-6,-7,2,1,10,57,4
122.639736,19,-49,-39,-1,1,3,8,63,4
122.639745,40,97,36,11,1,-1,-18,-36,4
122.640468,62,-16,1,-5,-2,0,12,4,4
122.640485,-56,-52,-30,-3,-2,-2,-1,-38,4
122.662662,-45,78,14,1,-3,-3,-7,34,4
122.662696,-71,-127,-21,-12,-2,-1,13,18,4
122.663769,-38,-23,-3,4,-1,-1,-5,4,4
122.663774,-28,19,16,5,1,1,-2,-1,4
122.685976,127,4,8,-8,-5,-8,-6,-15,4
122.685982,-115,-34,11,5,-2,-3,6,18,4
122.686257,55,81,31,0,-6,-5,-10,-30,4
122.686271,32,-37,5,-1,0,0,-3,-62,4
122.700429,-78,52,3,3,3,1,1,67,4
122.700435,5,-42,3,-2,-6,-3,-6,1,4
122.700558,5,-100,1,-2,0,-1,1,-6,4
122.700589,77,-50,-25,-10,-1,-2,-4,8,4
122.722359,-25,33,-26,-5,-3,-2,0,-16,4
122.722381,82,73,18,3,4,0,6,49,4
122.724389,-7,-62,-15,-2,-2,-2,-2,33,4
122.724393,41,25,-19,-6,-6,-5,-12,-26,4
122.748448,-57,6,14,-2,2,-1,-1,-11,4
122.748456,-9,66,-4,9,5,6,12,23,4
122.748458,43,-69,-29,-4,-2,-2,-4,-32,4
122.748460,74,85,22,5,2,-2,-5,25,4
122.760375,64,-128,4,4,0,2,6,16,4
122.760421,-19,53,-28,-10,-7,-5,-4,57,4
122.762785,54,98,18,3,1,-1,-1,-57,4
122.762793,-30,48,-25,-13,-2,-1,8,-69,4
122.782447,-12,-78,-13,-1,-3,-1,-20,43,4
122.782473,-5,5,-10,2,1,1,4,-5,4
122.783003,-106,-18,-6,2,3,6,20,13,4
122.783017,-128,-50,-27,10,0,2,-7,38,4
122.806166,-1,-21,5,-1,1,-2,1,-22,4
122.806205,66,-73,0,-6,-1,-1,-9,8,4
122.808940,0,-56,-15,-11,-2,-1,-5,11,4
122.808950,4,25,9,14,2,2,6,6,4
122.820053,-42,-53,-30,-10,-1,-1,9,-62,4
122.820141,8,-23,-26,1,-3,-4,-22,-11,4
122.821801,7,18,3,0,-1,2,12,-37,4
122.821805,-44,42,4,-1,2,1,-1,68,4
122.842331,37,-89,12,-7,-4,-5,-8,-23,4
122.842345,-29,34,56,12,4,4,21,-2,4
122.843353,-116,-11,-32,-4,-2,-8,-21,-69,4
122.843373,4,-26,19,-7,-1,2,3,0,4
122.865532,-17,-18,-25,10,-2,-1,-6,-75,4
122.865548,38,6,-3,-2,-1,-1,1,-14,4
122.866599,120,-3,-2,-2,-3,-4,-8,46,4
122.866604,-73,-128,-33,-17,-5,-3,1,-11,4
122.880610,61,3,26,9,2,5,18,34,4
122.880637,-82,-42,20,0,1,-3,-17,-18,4
122.880641,95,17,-43,-11,-5,-2,18,19,4
122.880643,5,20,1,0,2,-1,-20,-49,4
122.903575,-60,3,-33,0,0,0,8,19,4
122.903579,-111,25,-39,-13,-7,-2,7,-114,4
122.909953,-72,-6,19,3,1,-2,0,78,4
122.909977,-1,-77,-6,-4,-5,-3,4,8,4
122.925836,-77,127,-4,-6,-2,1,1,20,4
122.927819,106,37,1,4,-2,-1,1,19,4
122.927825,12,-27,-14,-4,1,0,-7,-57,4
122.927827,33,82,26,5,1,-1,-2,-9,4
122.940282,57,-25,9,6,1,-1,-5,17,4
122.940311,-22,79,-13,-1,1,0,7,13,4
122.949332,24,-73,-5,-4,-5,-3,-9,-6,4
122.949337,49,59,22,4,1,-2,3,34,4
122.962652,47,75,7,0,3,-2,-11,-25,4
122.962681,-53,47,-5,-1,1,0,2,-10,4
122.965083,69,48,1,-9,-6,-5,-5,17,4
122.965090,101,-50,-13,-10,-5,-4,-2,-11,4
122.985689,-50,-49,16,-1,-2,-1,2,54,4
122.985711,-51,-111,-23,-3,1,2,11,53,4
122.986177,58,67,-10,10,1,-5,-20,80,4
122.986191,-66,-98,-59,-22,-6,-7,-4,-42,4
122.999167,52,71,46,8,5,1,-11,-61,4
122.999186,79,-113,7,0,1,0,-3,66,4
123.007654,29,90,42,3,4,8,23,71,4
123.007684,-73,-96,-25,2,-4,-4,-6,-37,4
123.022267,29,5,-10,-2,-2,0,25,16,4
123.022293,-35,15,20,-1,-1,-3,-27,-53,4
123.023499,12,-17,29,10,5,-2,-2,-7,4
123.023507,-39,109,44,5,4,1,5,20,4
123.045768,102,-86,-37,-7,-4,-2,-3,24,4
123.045800,-21,-1,15,6,2,3,9,-9,4
123.046373,-46,-95,-57,-20,-9,-3,-5,-50,4
123.046395,0,-49,-33,-10,-8,-6,-4,40,4
123.059612,39,26,-4,-1,3,1,-3,-4,4
123.059631,-17,108,28,11,4,1,1,-58,4
123.067947,52,-110,-18,-9,-5,-7,-14,-21,4
123.067977,-59,34,0,3,3,2,-3,-13,4
123.082373,-8,20,-13,-15,-6,-6,-3,33,4
123.082396,52,46,-9,4,0,3,10,-7,4
123.085385,37,55,64,13,1,-2,-9,-11,4
123.085389,32,-13,-2,-3,-1,-1,-2,1,4
123.107461,23,-11,-8,-2,-5,-3,-4,-2,4
123.107467,68,-19,7,-4,0,-3,-7,20,4
123.107469,-106,-34,-28,-10,-7,-9,-4,-67,4
123.107471,7,68,-11,-4,-3,-4,-18,-4,4
123.119547,-10,119,42,5,3,0,2,82,4
123.119570,-32,-111,-5,-3,-6,-6,-2,-16,4
123.127433,-21,-70,-22,-4,2,4,8,-37,4
123.127459,-15,50,37,13,6,5,-16,-2,4
123.143019,-95,-78,-11,-6,-4,-3,11,-37,4
123.144584,-26,4,3,0,-2,-2,-5,-21,4
123.144589,37,87,0,6,3,2,10,99,4
123.144591,0,-69,45,10,1,0,11,-34,4
123.165532,103,-4,-39,-7,-1,-5,-15,39,4
123.165548,74,62,7,6,0,-1,-3,-37,4
123.166571,-24,-112,10,0,0,0,5,-7,4
123.166575,69,113,18,6,2,3,6,81,4
123.179729,-13,84,11,5,-1,0,-7,-51,4
123.179783,3,-31,-45,-17,-3,1,16,70,4
123.187702,-49,92,8,2,3,4,-2,-42,4
123.187731,12,4,-11,-11,-7,-5,1,-3,4
123.202426,11,28,41,5,2,3,3,-29,4
123.202440,-64,28,-11,-1,-1,-1,6,11,4
123.203098,9,-32,-16,-7,-4,-1,-3,10,4
123.203111,-91,18,-1,-3,1,0,9,-43,4
123.225903,35,-89,0,6,-1,-1,-10,-19,4
123.225941,11,-56,-20,-11,-5,-6,8,24,4
123.228418,-38,62,-27,-3,-1,0,-14,22,4
123.228425,-23,64,48,13,2,-1,0,-17,4
123.247993,3,-104,-37,-5,-1,-2,-12,27,4
123.248000,59,-77,8,-8,-2,-3,-3,-24,4
123.248746,-112,48,19,3,-1,0,-3,-44,4
123.248753,66,-96,-25,-5,1,1,6,94,4
123.263368,-86,61,29,7,2,-3,-14,-91,4
123.263378,38,-50,-5,-3,-2,0,-4,36,4
123.263380,36,11,15,7,2,1,5,8,4
123.263382,-73,24,18,-1,0,-2,-7,-52,4
123.285849,-58,-68,-36,-9,-6,-1,6,46,4
123.285912,32,-77,-13,1,-2,-3,-13,-52,4
123.288020,-27,9,1,-1,0,0,14,4,4
123.288025,15,-88,-30,-1,1,1,-27,19,4
123.310699,-10,72,24,4,2,3,20,-1,4
123.310706,-70,-36,-27,-16,-8,-9,-19,-31,4
123.310708,73,23,-3,3,0,2,6,27,4
123.310710,-73,-100,-49,-14,-4,1,17,-2,4
123.322540,8,81,67,17,2,-1,-18,-44,4
123.322659,79,102,-16,-1,-1,0,1,17,4
123.325549,-88,-64,-12,-7,-5,-6,-5,-5,4
123.325558,46,-56,-40,-1,-4,-1,12,33,4
123.345959,109,-1,-10,-5,-1,-4,-9,4,4
123.346138,-8,-41,5,4,1,2,3,-5,4
123.346427,26,80,19,1,0,0,8,-26,4
123.346445,73,54,7,-3,-4,-4,-21,28,4
123.368169,-84,53,-6,-4,-3,1,3,-8,4
123.368186,-41,35,24,9,2,1,-3,-18,4
123.369697,-74,-62,-47,-10,-3,1,6,20,4
123.369702,20,-9,1,4,1,-1,-5,-66,4
123.382402,-4,-56,-19,-5,-1,-4,0,71,4
123.382430,4,21,16,4,2,2,1,0,4
123.383617,44,-58,9,-1,2,2,-2,13,4
123.383622,47,44,1,-4,-2,1,12,6,4
123.405949,-63,54,63,18,6,5,3,-63,4
123.405963,-74,-40,-8,-14,-9,-7,-20,17,4
123.406542,127,28,29,0,-1,-5,-5,56,4
123.406561,23,-62,-17,2,-3,-1,7,0,4
123.428126,-24,-22,-9,-3,2,4,4,-39,4
123.428148,0,65,10,9,3,2,6,6,4
123.429965,-15,30,10,5,3,3,2,0,4
123.429979,-32,65,7,-3,-1,-3,-11,-43,4
123.442544,35,-77,-36,-14,-11,-3,12,12,4
123.442572,55,118,23,29,13,5,0,56,4
123.445337,-20,67,9,-23,-5,-6,-15,-9,4
123.445350,67,-54,-26,7,0,-4,-4,-44,4
123.466465,88,85,-20,-6,-2,-1,1,-4,4
123.466470,-32,-73,-7,-7,0,0,2,5,4
123.466473,50,48,-2,9,0,1,0,54,4
123.466475,-62,2,2,-8,-2,-3,4,8,4
123.488128,-23,-12,23,6,0,0,-3,-8,4
123.488147,2,20,3,-8,-3,0,17,23,4
123.490626,-46,-94,9,8,0,-4,-24,-77,4
123.490631,-31,127,4,2,0,1,5,69,4
123.502495,-13,-24,-34,-10,-6,-10,-15,-31,4
123.502511,-72,-22,9,-9,-3,-4,-8,-9,4
123.503867,84,37,10,9,5,7,13,-12,4
123.503871,41,-117,-60,-21,-6,0,14,91,4
123.525866,59,67,-8,-3,-2,-3,-8,5,4
123.528296,99,-50,5,-4,1,-2,-1,-36,4
123.528301,13,-19,-20,-6,-3,-2,1,14,4
123.528304,-51,-62,11,7,1,1,-9,-73,4
123.548250,50,6,4,-1,0,1,4,79,4
123.548273,31,-15,-22,-3,-2,-2,-14,-28,4
123.548754,9,38,4,10,1,0,2,8,4
123.548768,-80,-23,15,-3,-1,-4,-14,-30,4
123.562629,-87,-95,-8,-3,-7,-6,5,5,4
123.562652,64,38,-11,-4,-5,-6,-12,-13,4
123.563159,-98,-6,-10,4,9,9,14,75,4
123.563174,-10,-48,16,-5,-10,-11,-18,-66,4
123.586172,-6,36,1,-8,-3,-4,-10,-67,4
123.586201,-9,-50,-17,-4,-3,-2,9,40,4
123.589105,-30,14,8,-5,-2,-2,2,-21,4
123.589111,55,91,14,1,-1,1,17,-26,4
123.615601,-40,9,-2,5,4,5,3,45,4
123.615673,6,37,12,-1,-1,-2,5,-34,4
123.618283,38,-80,-20,-7,-6,-6,-5,-9,4
123.618287,2,-45,-9,3,5,6,11,29,4
123.622266,8,-20,2,1,0,-3,-22,78,4
123.622281,38,78,-2,-1,0,-1,5,-75,4
123.622928,21,-41,-11,-7,-4,-2,-4,-27,4
123.622941,84,43,28,-2,-2,-4,-1,7,4
123.646007,-10,18,3,5,3,3,2,2,4
123.646047,13,112,8,1,1,3,0,34,4
123.647985,51,12,3,-1,-1,-1,1,-97,4
123.647993,-61,-25,50,13,6,7,3,13,4
123.669624,98,47,-29,-2,-1,-4,0,6,4
123.669629,-21,-30,19,3,-2,-6,-16,-54,4
123.669630,25,-49,-11,-2,-1,2,1,17,4
123.669632,32,6,-13,2,4,5,4,47,4
123.682362,22,37,-13,-10,-2,-2,-1,-34,4
123.682387,-51,65,11,0,-1,1,21,49,4
123.684743,-17,78,4,1,-1,-3,-20,5,4
123.684749,-66,29,13,2,1,-2,-11,-75,4
123.706158,-102,40,-36,-11,-4,-1,4,29,4
123.706197,67,-37,-4,-4,-1,0,3,10,4
123.708012,66,45,11,3,0,3,18,16,4
123.708016,-57,-88,-42,-8,-5,-4,-4,73,4
123.728039,-33,59,42,17,6,4,-2,-82,4
123.728059,-25,-72,-7,-9,-1,-1,-11,-24,4
123.730053,43,-68,-19,-5,-3,-2,-2,15,4
123.730060,38,18,14,3,-1,-3,11,-21,4
123.742509,26,-72,24,2,-2,1,6,27,4
123.742530,-114,-51,-20,-4,-4,-1,-1,49,4
123.744684,10,37,13,8,4,2,1,-37,4
123.744695,-44,-22,-8,-9,-6,-9,-21,-28,4
123.765535,26,-34,11,-6,-4,-4,-1,-6,4
123.765557,48,20,-4,2,-4,-5,7,-9,4
123.766178,-10,12,14,-4,1,-2,-17,3,4
123.766191,118,50,-3,3,1,0,10,82,4
123.787985,39,0,20,3,-3,-3,-6,-34,4
123.788004,-71,29,-8,3,5,6,7,25,4
123.789300,-46,-12,11,5,-2,-3,4,40,4
123.789304,-1,-5,7,-6,0,3,8,-78,4
123.802717,42,3,27,9,0,-4,-15,60,4
123.802735,-11,-46,1,-4,-2,-4,-12,-19,4
123.804296,-36,-17,-15,-11,-4,-5,-2,4,4
123.804300,-114,-10,-2,1,-2,-1,-6,-53,4
123.825597,35,23,-10,-6,-1,2,13,21,4
123.825863,-42,-36,23,1,1,1,-4,1,4
123.826439,16,42,18,6,-1,0,2,23,4
123.826461,-29,42,-6,-3,-1,-1,-4,27,4
123.848120,-96,-62,24,-5,-2,-5,-9,0,4
123.848141,-8,46,4,3,2,2,-4,17,4
123.850034,31,-26,-16,-2,0,3,8,4,4
123.850046,127,35,8,2,1,1,-5,33,4
123.861783,76,80,-26,-2,-1,0,9,108,4
123.861802,10,-90,-2,1,4,3,-2,-54,4
123.871503,-69,20,9,15,0,-1,2,-4,4
123.871508,52,109,11,-7,-1,-3,-9,11,4
123.887877,-49,34,-8,-1,5,2,4,-17,4
123.887883,39,-38,-11,-6,-4,-5,-7,9,4
123.887885,-43,-34,-36,-10,-4,-2,1,-29,4
123.887887,52,-17,10,-1,-5,-3,-13,-53,4
123.908389,-77,-19,-14,1,-1,-1,3,-72,4
123.908409,33,9,3,-4,-2,0,5,15,4
123.910873,3,-25,14,0,-1,-2,1,14,4
123.910880,-48,69,-17,-2,-3,-3,-2,-23,4
123.921854,11,-128,-9,-3,2,2,-3,-17,4
123.921965,31,78,-3,-2,-4,-3,4,-11,4
123.932223,-28,-30,-11,-8,-3,-3,-8,45,4
123.932228,41,7,-3,5,2,0,7,-22,4
123.945982,-41,-39,-23,-5,0,2,-1,-46,4
123.948422,-36,-75,13,5,-1,0,13,33,4
123.948429,83,63,82,18,5,1,-25,-59,4
123.948431,-66,-128,-54,-16,-5,-7,2,54,4
123.968381,-30,47,-12,2,-1,-1,-3,-18,4
123.968409,24,89,9,0,0,-2,-3,-15,4
123.970878,25,43,-27,-7,-4,-2,12,0,4
123.970883,-50,6,40,9,2,3,3,0,4
123.981762,54,-59,15,-2,0,-2,-7,-34,4
123.981781,42,-88,-32,-1,0,4,20,66,4
123.992061,88,73,-8,4,-5,-11,-31,35,4
123.992080,-33,-95,-41,-15,-4,-2,-2,5,4
124.005434,111,49,-8,-7,-4,-3,5,15,4
124.005458,17,12,21,12,-1,-3,-6,65,4
124.007548,-1,66,6,-3,2,3,18,1,4
124.007559,20,-10,12,10,3,0,-4,-15,4
124.028123,-36,13,21,2,1,1,2,9,4
124.028143,-29,47,4,3,1,3,2,-21,4
124.029705,-84,-49,-7,-8,-3,-2,-8,-11,4
124.029729,37,17,3,5,-1,2,-3,38,4
124.042940,-27,-94,-22,-10,-1,-2,0,7,4
124.042950,67,111,3,4,3,-2,10,21,4
124.052626,76,-76,-16,15,8,7,-5,40,4
124.052635,35,-47,14,-11,-9,-10,-10,-42,4
124.065861,3,15,-12,2,1,-3,-8,42,4
124.065884,6,-61,-31,-8,0,-1,-28,-43,4
124.068110,-41,-40,-7,-9,-3,1,14,-14,4
124.068113,88,43,-8,3,1,4,17,75,4
124.087940,-31,113,8,4,-2,-1,-2,-19,4
124.087946,-25,-22,-2,0,0,1,1,-6,4
124.089400,-71,-47,-13,-12,-1,-1,-2,-50,4
124.089407,27,27,1,4,1,-1,-2,24,4
124.101821,65,-13,-9,-5,-3,-3,-1,-5,4
124.105253,-61,1,-7,-6,-5,-5,-3,-18,4
124.112047,6,-5,-15,-3,-1,-3,-4,-49,4
124.112055,0,51,1,4,0,1,7,-18,4
124.125911,78,-86,1,2,7,6,18,33,4
124.125941,91,61,0,-3,0,2,-17,-20,4
124.127989,54,102,32,10,0,-4,-4,8,4
124.127998,72,-26,-15,-3,-1,4,4,52,4
124.149189,-30,-37,-27,-4,-8,-2,19,37,4
124.149195,33,25,-1,-9,0,-3,-28,-8,4
124.149585,-128,-121,-25,-10,-5,0,3,62,4
124.149599,-10,25,5,0,3,1,-12,-34,4
124.171174,-20,104,25,8,2,3,11,9,4
124.171189,-57,-82,-11,-2,-1,-2,3,-36,4
124.173374,13,18,4,-4,-2,0,-1,20,4
124.173378,-40,9,5,2,1,2,11,27,4
124.185642,-56,-20,0,0,-1,-2,-18,-43,4
124.185658,-28,-49,-12,-1,-3,-3,5,6,4
124.188201,19,46,21,5,1,0,-2,-42,4
124.188215,-21,-22,2,5,1,1,1,78,4
124.208141,31,25,-15,-2,1,0,-7,-78,4
124.208157,-25,6,6,-6,-5,-4,9,27,4
124.210263,-11,8,24,12,4,4,-6,72,4
124.210270,-87,-53,-2,-5,-3,-2,3,-52,4
124.230587,-70,-69,-8,-7,-4,-2,-15,-15,4
124.230608,-45,20,52,12,4,1,-4,-3,4
124.232064,24,82,-12,-6,-2,0,16,-5,4
124.232081,-58,-69,-4,4,0,-2,-1,-40,4
124.245846,7,82,9,-2,-5,-4,-6,31,4
124.245881,3,31,-16,-2,0,3,7,-25,4
124.247178,6,-22,6,-1,1,-1,-3,-9,4
124.247213,86,66,3,10,3,4,10,-28,4
124.268572,1,-44,-4,-13,-6,-13,-26,-11,4
124.268603,-9,-8,-2,6,2,0,-5,-60,4
124.271440,-38,-128,-61,-15,-10,-7,-6,-64,4
124.271445,75,85,18,-6,0,3,-6,49,4
124.291447,88,-61,12,13,3,1,18,8,4
124.291453,115,-93,-19,-8,-5,-3,-28,2,4
124.292076,-19,48,21,3,2,-1,17,47,4
124.292132,-22,-34,-5,-4,-2,-1,0,-23,4
124.307287,-58,55,13,-1,-1,2,6,31,4
124.307300,7,53,19,17,3,0,-14,15,4
124.307305,-34,-97,-8,2,-1,1,9,-97,4
124.307309,108,-15,-23,-17,-10,-8,-28,41,4
124.328066,15,-33,26,14,6,3,15,25,4
124.328129,-48,-30,-29,-11,-4,-3,12,39,4
124.330144,46,127,15,-7,-5,-3,-6,33,4
124.330152,-43,76,18,5,1,-6,-7,-55,4
124.350686,-12,-56,-38,-10,-2,-1,-9,-14,4
124.350709,-25,77,-1,-5,-2,1,9,-3,4
124.353276,-90,-4,-5,-1,-1,1,6,36,4
124.353282,-16,7,29,2,0,0,-2,-17,4
124.365053,-69,127,-12,0,-2,-4,-8,0,4
124.365078,28,5,-12,-2,-1,-2,6,-7,4
124.371882,126,52,14,3,1,0,4,35,4
124.371905,-96,-76,-7,3,0,4,4,-43,4
124.388158,109,-15,-35,-18,-11,-7,-16,-5,4
124.388182,-11,-51,52,5,4,2,18,24,4
124.389405,-19,-63,-23,-3,-2,-5,-23,-63,4
124.389412,116,19,-22,0,-1,1,6,71,4
124.410560,-89,0,9,7,2,4,21,-18,4
124.410586,80,76,-24,-3,-1,0,-18,59,4
124.412695,-2,53,6,-10,-1,-2,-1,-22,4
124.412705,-43,40,19,4,1,-2,3,-2,4
124.425363,-13,-73,0,-2,-1,0,-2,-21,4
124.425395,12,70,10,5,-1,-1,4,5,4
124.431677,77,67,21,13,6,6,-4,1,4
124.431694,-23,33,-26,-12,-6,-5,8,-19,4
124.448277,91,37,52,11,5,1,-5,-29,4
124.448283,-9,62,7,9,3,3,11,-14,4
124.449488,8,-70,-19,2,-6,-3,6,49,4
124.449520,60,-18,-15,-18,-1,-3,-11,-39,4
124.470638,-33,-9,-3,-6,-1,-1,-1,18,4
124.470653,-63,12,32,11,4,2,-2,-29,4
124.472707,-74,-128,-13,-10,-3,-2,5,-47,4
124.472711,-19,77,-1,3,0,0,-3,24,4
124.484889,7,-27,-6,4,0,-1,-4,15,4
124.484911,-57,-22,-24,-8,-2,1,-1,-10,4
124.491748,45,48,-25,-4,-8,-9,-7,-61,4
124.491772,-40,19,-10,2,1,1,-6,-16,4
124.508228,-40,-75,-13,-7,-2,-4,-13,-2,4
124.508252,57,49,42,-3,2,0,4,9,4
124.510721,85,-101,-47,-11,-4,0,2,108,4
124.510727,-89,-5,11,1,1,2,4,-15,4
124.530789,36,69,9,1,-2,-3,1,-1,4
124.530812,17,-96,-37,-11,-7,-4,1,57,4
124.532079,-17,67,25,5,6,2,10,-46,4
124.532089,83,-40,7,-1,-2,-4,-28,-9,4
124.544923,-5,-45,-2,2,-1,0,15,83,4
124.544940,-16,34,16,3,-3,-2,-9,-79,4
124.551879,-46,12,-13,-8,-2,-2,-3,-5,4
124.551897,-11,-14,-10,3,1,0,10,11,4
124.568584,18,86,10,6,1,3,5,-30,4
124.568614,26,-23,5,1,0,1,4,72,4
124.570875,-113,-73,-19,-4,-1,-3,-21,-47,4
124.570887,32,127,49,9,-3,-2,12,30,4
124.590463,86,-71,-23,-16,-8,-10,-20,-26,4
124.590478,63,-82,-25,0,1,-2,0,-53,4
124.592172,7,82,6,-4,0,-3,-2,94,4
124.592189,-21,-42,3,3,0,1,-4,-51,4
124.605619,-18,-80,10,3,-1,5,8,-2,4
124.605625,70,16,-35,-9,-2,1,20,67,4
124.611667,-48,-18,30,2,-2,-6,-14,-66,4
124.611688,-82,-62,-16,0,3,0,7,36,4
124.628122,26,0,0,12,2,1,-20,4,4
124.628140,-35,16,-13,-13,-4,-1,-5,21,4
124.629853,-63,-67,-26,1,3,4,12,19,4
124.629862,100,22,-26,-6,-4,-5,-14,-5,4
124.650638,-116,38,-16,-8,-1,-1,7,-59,4
124.650661,-22,10,-5,1,-2,-3,-12,-35,4
124.652331,127,45,9,-8,-4,-2,2,23,4
124.652354,76,-33,-30,5,1,1,7,31,4
124.664371,-13,62,13,-1,-1,-3,-7,4,4
124.664401,-69,-71,-54,-10,-7,-7,-12,-11,4
124.674017,-59,113,8,2,1,1,8,39,4
124.674023,-54,-128,-27,-1,0,0,-7,-37,4
124.688267,4,75,5,-5,2,2,10,12,4
124.688293,-80,-9,-13,-6,1,-2,-5,-47,4
124.689741,-35,-44,1,7,0,3,12,121,4
124.689764,-80,-54,-11,-12,-9,-8,-14,-31,4
124.710620,23,-55,-13,6,1,2,-2,-5,4
124.710645,23,-7,20,0,-2,1,1,-29,4
124.712172,54,-87,-7,-1,1,2,-2,20,4
124.712191,28,113,38,2,2,2,14,49,4
124.724184,1,-14,-9,0,-2,-3,-12,-39,4
124.724204,3,-109,-17,-8,-7,-8,-13,-16,4
124.733130,68,89,19,10,3,-1,-24,-46,4
124.733150,53,32,7,-3,-2,0,11,33,4
124.748115,28,3,-14,-9,-2,1,5,-29,4
124.748155,-43,-87,-18,-2,-2,3,13,112,4
124.749796,-36,-71,-16,-5,-8,-7,-11,-94,4
124.749821,-47,-58,21,8,3,3,0,-57,4
124.770492,50,-25,-2,-3,2,-2,5,65,4
124.772108,-27,89,43,5,4,1,4,-12,4
124.772113,-16,-60,3,0,-4,-3,1,-28,4
124.772115,43,-96,-19,-7,-1,-1,-3,47,4
124.784371,-96,12,20,8,-4,1,6,3,4
124.784400,58,-3,14,9,3,0,3,43,4
124.794415,57,31,0,-7,0,-3,-8,-57,4
124.794430,36,64,12,5,1,-3,-4,17,4
124.808284,57,-27,-12,-11,-3,-3,-7,-24,4
124.808321,76,53,12,6,2,2,1,4,4
124.810794,-73,127,18,14,4,2,9,-6,4
124.810801,-2,-38,-17,-4,-1,1,-13,-1,4
124.830511,-43,127,21,6,-2,-4,-2,37,4
124.830590,34,-71,-34,-13,-4,-5,-15,-53,4
124.831998,-32,104,0,-2,0,2,8,19,4
124.832005,-111,90,11,-2,-1,-1,-21,15,4
124.844244,-21,4,-25,-5,-2,-2,-4,32,4
124.844272,8,-84,10,6,-3,-2,-5,-9,4
124.854939,27,-29,14,-4,3,4,-2,0,4
124.854945,-79,57,11,2,-3,-3,14,-14,4
124.868198,7,-79,-9,-5,-1,2,8,25,4
124.868228,-61,59,20,13,5,-2,-10,-82,4
124.870645,-24,-69,-4,-10,-2,-4,-13,-58,4
124.870651,14,71,27,8,2,1,7,-3,4
124.890618,58,-21,4,0,0,-1,-1,3,4
124.890635,55,-25,5,0,1,3,14,15,4
124.892212,-4,31,14,-3,-1,-3,-10,-69,4
124.892229,50,70,7,-2,-3,-4,-12,63,4
124.904071,97,50,12,3,-1,-1,3,24,4
124.904078,-24,2,-13,-9,-4,-2,-1,-35,4
124.914631,92,1,-11,-5,-2,-1,0,46,4
124.914636,-84,-123,-5,-2,-1,-1,9,-20,4
124.928202,34,36,-3,1,0,-1,-19,-16,4
124.928228,69,-62,-19,-10,-8,-7,-2,-17,4
124.929931,-28,-62,-9,7,0,2,2,35,4
124.929937,-46,-11,-7,-6,1,-2,13,-40,4
124.950472,-34,-42,1,-2,-1,2,1,3,4
124.950489,25,14,5,4,-1,0,3,44,4
124.952245,4,61,-9,-14,-4,-3,-5,26,4
124.952396,127,29,18,6,1,4,4,52,4
124.964182,-66,102,27,2,0,-2,4,-1,4
124.964190,87,-23,-14,0,-1,-2,-8,-14,4
124.975722,3,74,24,2,2,1,5,46,4
124.975741,30,-61,-5,-1,-4,-1,-1,-36,4
124.988148,29,-37,-3,-7,-1,-3,8,44,4
124.988172,0,127,18,9,2,1,-3,1,4
124.989599,-4,-85,-8,4,0,-1,-7,-8,4
124.989640,-100,19,-5,-7,-3,-3,3,-48,4
125.010477,8,-102,-5,3,2,-1,-10,-39,4
125.010485,-128,-68,-22,-14,-6,-3,-1,-3,4
125.012407,-6,39,13,-2,-2,-1,1,-18,4
125.012449,-23,73,-43,-6,-5,-3,-3,19,4
125.025131,-96,-97,4,1,-1,-1,-5,-86,4
125.025145,66,62,-15,-8,-7,-7,-7,71,4
125.034592,-38,-64,-15,-4,-1,1,2,-17,4
125.034599,48,-50,-10,-3,-1,-1,3,58,4
125.048036,23,34,-41,-13,-3,-2,5,100,4
125.048055,-77,35,10,4,2,1,-20,-40,4
125.049569,66,-79,1,1,-6,-7,8,4,4
125.049576,3,-1,-4,-2,-1,-2,-12,-17,4
125.072106,51,81,-12,-8,-1,0,1,-18,4
125.072112,-50,-83,8,-3,0,3,23,55,4
125.072115,20,-86,-39,-3,0,0,-22,-56,4
125.072116,-43,-87,7,0,-1,-1,3,-35,4
125.084307,41,-34,7,3,-1,0,-12,-7,4
125.084331,-39,72,18,3,5,5,16,-32,4
125.095147,-13,30,7,1,-1,-4,-2,15,4
125.095155,37,-77,-23,-10,-7,-8,-15,17,4
125.108851,-94,18,3,5,0,2,2,-77,4
125.108895,42,45,17,10,3,4,11,51,4
125.111574,-10,-73,9,4,4,2,3,23,4
125.111582,-82,-48,-3,7,-1,0,-9,-47,4
125.130736,-49,25,35,3,-1,0,14,29,4
125.130762,101,42,-10,5,-1,-1,-23,-23,4
125.133006,-91,-32,-26,-10,-4,-2,6,9,4
125.133012,127,60,7,-5,-2,-1,0,-21,4
125.153434,13,43,29,15,9,5,-7,26,4
125.153448,-38,-78,-26,-12,-5,-4,2,-26,4
125.156240,56,27,15,7,0,4,2,48,4
125.156244,-17,120,3,-8,2,-1,10,-24,4
125.168266,-33,-84,-34,-11,-4,-4,-12,0,4
125.168288,-32,51,-31,-12,-5,-3,2,64,4
125.169765,89,2,42,24,12,9,14,-35,4
125.169785,-84,28,21,-8,-11,-11,-2,40,4
125.190594,76,-79,-6,-2,-2,-3,-6,18,4
125.190618,-89,-35,-9,-8,-3,-1,-1,4,4
125.193589,-16,106,11,4,1,1,0,-31,4
125.193611,47,85,26,4,5,6,17,93,4
125.213321,3,-19,-21,-4,-4,-5,-8,-12,4
125.213356,9,-73,0,-3,-3,-7,-14,-38,4
125.214689,-4,-3,-22,-4,-2,1,31,4,4
125.214708,-70,-67,3,7,3,0,-41,-24,4
125.228068,-7,-20,-17,-5,-5,-4,-4,-26,4
125.228086,3,18,19,9,0,1,15,-8,4
125.229553,-6,13,-2,-13,-3,-5,-26,-1,4
125.229647,58,-70,7,10,4,2,17,9,4
125.250772,10,19,16,6,3,1,-3,-24,4
125.250854,34,-47,-1,-8,-5,-1,2,12,4
125.253659,3,37,39,16,1,2,-1,5,4
125.253666,-45,-60,-10,1,2,-3,-9,-35,4
125.280596,33,-75,-28,-3,-4,0,8,24,4
125.280614,-55,37,-11,-2,2,1,4,-7,4
125.282541,-52,64,-9,-5,-2,-2,-11,12,4
125.282547,3,13,17,4,2,2,-4,9,4
125.288026,21,127,21,-1,-4,-1,2,-1,4
125.288043,5,-73,-2,-1,0,0,6,-29,4
125.289610,-125,-31,-7,-3,-5,-7,-18,-27,4
125.289616,-47,4,-21,-8,-3,-2,4,-17,4
127.312708,-4,-1,3,1,-1,0,-3,-3,0
127.313298,0,-3,-2,-2,0,-1,-3,0,0
127.319217,-2,-2,-1,0,-1,-2,-1,0,0
127.319241,0,0,1,0,-1,-1,-1,0,0
127.335545,2,-2,-3,-3,-2,-2,0,-1,0
127.335612,2,-1,-2,-1,1,1,-2,1,0
127.337428,-5,-2,-1,0,-1,0,-1,0,0
127.337433,-1,1,0,0,-2,-1,-2,-2,0
127.358169,1,-3,0,-3,-1,-2,0,1,0
127.358186,-3,0,-5,-2,-2,-1,0,-3,0
127.359682,-3,-1,0,-1,1,-1,0,-1,0
127.359700,0,-2,-3,-1,-2,-1,0,1,0
127.372489,0,1,1,0,0,-1,-1,0,0
127.372507,-1,1,2,-2,-2,-1,-1,-1,0
127.379637,0,-1,-3,0,-1,0,-2,-1,0
127.379673,-2,0,-4,-4,0,1,-1,-2,0
127.395624,-5,1,1,1,0,0,0,-2,0
127.395651,-1,-3,-5,-3,-2,-2,-1,0,0
127.397602,-3,0,3,2,0,-1,-2,-2,0
127.397609,3,0,1,-2,-1,-2,0,2,0
127.418085,-2,-6,-3,-2,0,-1,-1,-4,0
127.418100,0,9,5,0,0,0,0,-2,0
127.419535,-4,-7,-2,0,-1,0,-1,-1,0
127.419609,1,-3,-4,-2,-2,0,-2,-4,0
127.432516,2,2,0,3,-3,-2,0,0,0
127.432523,-3,-3,-2,-4,-2,-1,-1,0,0
127.439144,-3,2,-2,-3,-2,-1,1,-2,0
127.439161,-1,-1,3,-1,-1,0,-1,-3,0
127.455590,0,-2,-2,-2,0,-2,1,0,0
127.455608,1,-2,-1,0,-2,-1,0,0,0
127.457570,-1,0,-1,1,-2,-2,-1,1,0
127.457573,-2,-3,-4,-2,-2,-4,-1,-2,0
127.479063,0,-1,-5,1,-3,-2,-2,0,0
127.479069,0,0,3,-6,0,0,-1,0,0
127.479906,-1,0,0,1,0,-2,-1,-1,0
127.479924,0,-1,-2,0,-1,-1,0,-2,0
127.494974,1,1,-1,0,-2,-1,1,-1,0
127.494985,-2,-3,-1,1,1,-1,-1,1,0
127.499764,-1,-3,1,4,0,-1,-1,-4,0
127.499791,-2,0,-2,-1,-2,-2,-2,-2,0
127.515666,-3,-1,-1,-2,-2,-1,-1,0,0
127.515694,-3,-5,-2,-1,0,-1,-1,-1,0
127.517018,-1,-2,-2,-4,-1,-1,0,1,0
127.517033,0,-1,-1,0,0,0,-1,0,0
127.538878,-1,1,1,-1,-1,-1,-1,0,0
127.538909,-2,-1,1,0,0,1,0,1,0
127.541441,-1,-1,-4,-1,1,-2,0,0,0
127.541448,-1,-3,-2,-4,-1,0,-1,-2,0
127.552187,-1,-2,-1,-3,-2,-1,-1,2,0
127.552216,-5,0,-2,1,1,-2,-1,-2,0
127.562146,2,6,0,-2,-2,-1,0,2,0
127.562153,-1,-2,2,1,0,1,0,-1,0
127.575942,-2,-2,-3,-3,0,0,-1,-1,0
127.575978,1,-3,-3,0,-3,-1,-2,-1,0
127.577481,-2,-1,3,2,0,-3,-1,-3,0
127.577505,0,0,-4,-2,-1,-1,1,-1,0
127.598194,-1,0,1,0,-1,-2,0,-1,0
127.598220,0,1,1,0,-3,-1,0,-2,0
127.599969,-1,-2,-2,-4,-1,1,0,0,0
127.599977,-1,2,5,-2,-1,-2,-2,-1,0
127.611969,-2,-1,-1,0,-3,-2,0,0,0
127.612000,2,1,-6,-3,-1,-3,-2,-1,0
127.622613,2,-1,-1,-1,-2,-2,-2,0,0
127.622619,-14,-1,-1,5,1,1,0,-1,0
127.635589,-6,-4,0,-6,2,1,-2,-2,0
127.635595,-1,-3,-4,1,-1,0,-1,-1,0
127.636948,1,1,0,-4,1,0,0,0,0
127.636961,4,1,0,-2,-1,-1,-1,0,0
127.658156,2,1,3,2,-1,-2,-3,-1,0
127.658174,1,0,-4,1,1,-1,1,1,0
127.661397,-4,-3,-2,-1,1,0,-1,-1,0
127.661404,-1,-1,-1,-1,-1,-1,0,-1,0
127.671784,-1,0,1,-2,-2,-2,-1,-2,0
127.671806,0,-3,1,-1,-1,-1,-1,-1,0
127.681125,0,-2,-4,-3,-2,-1,-1,-2,0
127.681131,-2,-1,-1,-1,0,-1,-2,0,0
127.696747,4,0,0,0,-1,0,-1,-2,0
127.696755,-2,-1,-2,-2,0,1,1,-3,0
127.697052,-5,-1,-3,0,-1,-2,0,-3,0
127.697058,0,-1,-1,1,-1,0,-1,1,0
127.718278,-2,-1,0,1,0,-1,-2,-3,0
127.718308,0,-2,-2,-2,-1,0,-2,0,0
127.721050,-4,-3,-2,-1,0,1,-2,-2,0
127.721056,2,-1,-2,-3,-2,-1,0,1,0
127.732262,0,-1,-3,-1,-1,1,0,1,0
127.732287,-3,-1,3,-1,-1,1,-1,-2,0
127.743061,1,1,0,-4,-4,-2,-1,0,0
127.743071,-3,-2,0,0,-1,-1,-1,-1,0
127.755751,5,-6,-12,-9,-1,0,0,0,0
127.755833,-4,1,1,-1,0,-1,-2,-2,0
127.758251,0,1,1,1,-1,-1,0,1,0
127.758257,-1,1,-2,-3,0,-2,-1,-3,0
127.778378,-3,-1,0,1,-2,-2,0,-2,0
127.778408,0,-3,-3,-2,0,-2,-1,1,0
127.779796,0,-1,3,0,-1,-1,-1,0,0
127.779813,-3,-1,-4,1,0,-2,-2,-3,0
127.791879,2,3,-1,1,0,0,-1,3,0
127.792009,-4,-7,-1,1,-3,-3,-3,-5,0
127.802554,1,1,-1,-2,-2,-1,-1,-3,0
127.802560,-4,1,0,-2,-1,-2,-1,-1,0
127.815631,-3,-1,1,0,-2,-3,-2,-2,0
127.815656,2,1,-1,-1,-1,-2,-1,1,0
127.817807,-2,-2,-1,-2,-1,0,-1,-1,0
127.817815,5,0,0,-2,-3,0,1,-1,0
127.838129,-1,-1,0,3,0,-1,0,-1,0
127.838339,-1,0,-3,-4,-2,-1,-1,2,0
127.839441,2,0,0,-1,0,-1,-2,-1,0
127.839446,3,-3,3,0,1,0,-1,2,0
127.851743,-6,-1,-2,-2,0,-2,-1,-3,0
127.851751,0,-3,-2,0,-1,0,1,-1,0
127.862274,-4,-4,-5,0,0,0,0,-1,0
127.862281,-1,-1,-1,-2,-2,-2,-1,0,0
127.875644,-1,-1,3,0,-1,0,0,-2,0
127.875679,1,0,-2,-1,-1,-2,-2,1,0
127.877415,-1,-2,-2,-3,-2,-1,-1,-1,0
127.877421,-1,0,1,3,-1,-1,-2,-2,0
127.898091,-2,-2,0,-3,-1,0,0,-1,0
127.898106,-1,1,2,-2,-2,-2,-3,-1,0
127.899611,-2,-5,-4,-3,-2,-2,-2,-1,0
127.899624,-1,-1,-2,0,-1,0,0,-1,0
127.913471,-1,0,-2,0,-2,-1,-1,-2,0
127.913496,-1,3,1,3,1,-2,-2,-1,0
127.922644,-3,1,0,0,-3,-3,-1,-1,0
127.922651,0,-5,-7,-3,-1,-1,0,-1,0
127.935781,-1,-1,-1,-1,1,-1,0,2,0
127.935814,-1,0,0,0,0,0,1,-1,0
127.937866,-4,-3,-2,-2,-1,-2,-2,-2,0
127.937872,-1,5,2,-2,-1,1,-1,0,0
127.958119,-4,0,-1,-2,-1,-2,-2,-2,0
127.958240,1,-1,0,0,-1,-1,0,-2,0
127.960833,-2,-2,-1,-2,-1,0,0,-1,0
127.960842,-2,-3,1,-1,-4,0,-1,-2,0
127.980966,-1,-1,-4,0,-1,0,-1,1,0
127.981012,-1,-4,2,-4,0,-2,1,1,0
127.982038,-2,-2,-2,-1,0,-1,-2,-5,0
127.982053,-1,-1,-4,-5,-1,-2,-2,-1,0
127.995754,1,-1,1,0,-2,-2,0,1,0
127.995771,-2,1,-2,-1,-2,-3,-3,-5,0
127.997134,0,-4,-4,1,-1,0,1,3,0
127.997153,-5,-2,1,1,0,-1,-1,-2,0
128.018120,0,-2,0,0,-1,1,0,0,0
128.018141,-1,0,-2,-3,0,-1,-1,-1,0
128.020661,-1,1,0,-2,-1,-2,0,1,0
128.020667,0,-6,-6,-3,-1,-1,-1,-2,0
128.040581,1,7,5,0,-1,0,-1,-2,0
128.040594,-2,-4,-4,0,0,1,0,0,0
128.042086,0,3,1,-2,0,1,0,-1,0
128.042143,0,-3,1,2,-1,-1,0,2,0
128.055401,-2,-4,-2,0,-1,0,-2,-3,0
128.055409,-5,3,0,-4,-1,0,0,-2,0
128.056887,3,-1,2,2,-1,-2,-1,2,0
128.056942,-1,-2,-2,1,-2,-2,-1,2,0
128.078218,0,-2,-5,-2,-1,0,-1,-1,0
128.078272,1,5,4,-1,1,0,1,2,0
128.080873,1,3,2,1,1,0,-1,-2,0
128.080880,-6,-6,-4,-5,-3,-2,-3,-5,0
128.102552,-2,-3,1,-2,-2,-4,-2,-1,0
128.102558,1,-3,-5,-2,-3,-2,-1,-1,0
128.102561,-3,1,0,0,-2,1,-1,-1,0
128.102562,3,3,1,0,1,-2,0,0,0
128.115517,-1,0,-1,0,-1,1,-1,0,0
128.115553,-3,-2,-4,0,-3,-3,-2,-4,0
128.117623,-2,-1,1,-1,1,-2,-1,-1,0
128.117628,1,1,-5,-5,-1,1,1,-1,0
128.138140,-2,-4,-4,-6,2,0,1,0,0
128.138163,1,0,3,4,-1,0,0,0,0
128.140169,-1,0,1,1,0,0,0,-1,0
128.140178,-2,0,-1,-2,-1,-1,0,0,0
128.160550,-1,-1,-3,-2,-3,-3,-2,-2,0
128.160568,7,-3,-3,-2,1,0,1,-1,0
128.162626,-9,-4,-2,0,1,-1,-1,-1,0
128.162632,0,-1,-1,1,-1,-1,2,0,0
128.175407,2,-2,-1,1,-1,0,-1,1,0
128.175438,-5,-5,-1,-3,-3,-1,-1,-3,0
128.181803,2,-5,-8,-4,-3,-4,-3,-2,0
128.181840,0,8,0,-3,-2,-1,0,-1,0
128.198086,-5,-5,1,0,-1,-1,-1,-3,0
128.198094,4,1,-1,-3,0,-2,0,3,0
128.199537,-1,0,1,2,0,1,3,0,0
128.199559,-3,-3,-2,1,1,-1,-2,-3,0
128.220582,1,0,-3,1,0,0,-1,-1,0
128.220603,-3,3,3,0,-2,-2,-1,1,0
128.223592,-1,0,-1,-3,-2,-3,-2,-3,0
128.223598,1,1,-5,0,0,-2,-1,0,0
128.234987,0,1,0,-1,0,-2,0,-2,0
128.235012,-3,-2,-1,1,0,-1,-1,-2,0
128.241623,-1,2,1,0,0,-2,-1,1,0
128.241647,0,-4,0,-1,-2,-1,-1,-1,0
128.258175,0,2,0,-2,-1,-1,0,-1,0
128.258181,-3,-3,-5,-2,0,0,-1,0,0
128.259798,-1,-3,-3,-5,0,0,0,-1,0
128.259827,-4,1,4,4,1,0,-1,-3,0
128.280509,-1,-1,-2,-2,-2,-2,-1,-1,0
128.280533,-1,-1,-3,-1,-2,-1,-1,-3,0
128.282317,1,-2,-2,0,0,0,-2,-1,0
128.282322,0,-1,1,-3,1,-1,-2,0,0
128.294991,-3,-1,1,2,-1,0,-1,1,0
128.295035,-4,-3,-2,0,-4,-2,-2,-2,0
128.303356,-4,-2,-3,-3,-2,-1,-1,-2,0
128.303362,-2,-2,-3,0,-3,-1,0,0,0
128.319223,4,5,-1,-3,-2,-1,-2,0,0
128.319232,-7,-7,-1,1,2,0,-1,-1,0
128.319565,1,-1,0,-4,-3,0,0,0,0
128.319577,0,-2,-1,1,0,-2,-1,1,0
128.340841,-1,-5,-5,-1,-1,-1,-2,-4,0
128.340903,-1,-1,-1,-1,-1,0,-2,-2,0
128.342879,2,5,-1,0,0,1,-1,1,0
128.342898,-1,0,5,4,1,-2,0,-1,0
128.354855,0,1,0,-1,0,-3,-1,1,0
128.354872,-4,-2,-3,-3,-1,-2,-1,-3,0
128.361790,-3,-3,1,0,-1,-1,0,-1,0
128.361814,1,-3,-6,-4,-1,0,-3,0,0
128.378373,-5,-1,-1,-1,1,0,1,0,0
128.378412,8,1,0,-1,1,0,-3,-1,0
128.380996,1,3,2,3,-2,-1,-1,1,0
128.381002,-1,-2,0,-2,-1,0,-2,-3,0
128.400794,-5,-3,-5,-2,-3,-2,-2,-3,0
128.400865,-4,2,2,-1,-2,-1,2,1,0
128.402021,-1,0,0,1,-1,-3,-2,0,0
128.403523,-1,1,-3,-2,0,-1,1,0,0
128.414791,5,1,0,-2,-2,0,-1,3,0
128.414807,-3,2,1,2,-2,-2,-2,-5,0
128.421735,-3,-4,-5,0,-1,-1,-2,-2,0
128.421752,-5,-3,0,0,-1,-4,0,-2,0
128.438145,0,-1,3,2,0,0,0,-2,0
128.438167,2,2,-2,-2,-1,-1,0,3,0
128.439594,0,1,0,-2,-1,0,0,-2,0
128.439612,-3,-7,-9,-7,-3,0,-1,-4,0
128.461628,-3,0,2,2,-1,-1,-1,-1,0
128.461635,-1,-3,-2,0,-1,-2,-2,1,0
128.462139,-1,-2,3,0,-2,-1,-1,-1,0
128.462146,2,3,0,-3,-2,1,-1,2,0
128.474522,-1,-3,0,-4,-1,0,0,-5,0
128.477535,4,5,0,0,-1,0,-1,3,0
128.484260,2,-1,-4,2,2,-3,1,-2,0
128.484264,-4,-2,0,-1,-1,-3,-1,-2,0
128.498022,-3,-3,1,0,1,-2,-1,-3,0
128.498039,-2,1,0,-3,0,-2,0,1,0
128.499622,2,-2,-1,-4,-2,-2,-1,0,0
128.499642,0,2,2,1,-1,1,-2,1,0
128.521160,-1,-1,-3,0,1,0,-1,0,0
128.521363,0,-2,-4,-2,-1,-1,-1,-1,0
128.523978,-4,-2,-2,-3,1,0,0,-2,0
128.523984,0,-1,1,5,-1,-1,0,-1,0
128.534902,-1,2,2,-3,-1,-1,-1,0,0
128.534931,-2,-1,1,2,0,0,-1,0,0
128.545204,-3,-4,-4,0,0,-2,-1,-1,0
128.545212,-2,-1,-1,0,-2,0,-1,-3,0
128.558612,0,-1,0,-1,-3,-2,-2,-3,0
128.558748,-3,-5,-3,-4,-2,-3,-1,-3,0
128.559681,-3,4,4,-4,-1,-1,-2,-3,0
128.559743,2,-2,-4,-2,2,-1,-1,-1,0
128.580674,-1,0,0,2,-2,0,-1,0,0
128.580693,-2,-1,2,0,-1,0,0,-2,0
128.582306,-1,-1,-3,0,1,0,-2,0,0
128.582311,-2,0,0,-1,0,0,0,-1,0
128.594209,0,1,-2,-7,-1,-2,-2,1,0
128.594228,-2,-6,-5,1,-1,-1,0,-2,0
128.605330,1,8,6,-4,-1,1,0,5,0
128.605336,5,5,1,1,1,-3,-1,1,0
128.618001,-6,-10,-2,-2,3,1,-1,-3,0
128.618017,0,-2,0,4,-1,-2,-1,-1,0
128.619722,-1,-5,-4,0,-2,-1,0,-3,0
128.619791,-3,0,0,0,0,0,0,1,0
128.640741,0,1,-3,-3,0,-1,-1,0,0
128.640762,-2,0,-3,-3,0,-1,-2,-1,0
128.643771,-2,-1,-2,1,-1,-1,0,-2,0
128.643789,0,2,2,-2,-2,-2,0,0,0
128.654373,0,-4,-5,0,-2,-2,0,-1,0
128.654392,-2,0,-2,-2,-2,0,-1,0,0
128.664410,-3,-3,-2,-2,-2,-1,-2,-2,0
128.664416,-3,-5,-4,-6,-1,-2,-1,-3,0
128.680386,-1,2,2,3,1,-2,0,-4,0
128.680395,-1,1,1,-1,0,-2,-1,-1,0
128.680398,-1,-2,-1,0,0,0,-1,-1,0
128.680400,0,-1,3,3,-1,0,-2,-1,0
128.701469,0,-2,-4,-1,-1,-1,0,1,0
128.701500,-2,1,0,-3,0,-2,-2,-4,0
128.703744,0,-1,-1,0,-1,0,-1,0,0
128.703755,-5,-3,0,-1,0,-1,1,-1,0
128.714670,-4,-2,-4,-3,-1,-2,-2,-1,0
128.714690,1,1,-2,1,-2,0,2,0,0
128.725500,-3,-2,0,-2,0,-1,-1,-1,0
128.725511,1,0,-1,1,-2,-1,0,-1,0
128.739194,-2,-1,-2,1,-1,-1,-2,-2,0
128.739223,0,-1,1,-1,1,-1,-2,-1,0
128.741363,1,0,0,-1,-1,-1,-2,-1,0
128.741368,-5,-2,-3,-1,-2,0,-1,-1,0
128.761217,-1,1,0,1,-2,-4,0,0,0
128.761239,-2,-2,-4,-4,-3,-1,-1,-2,0
128.763533,0,0,0,1,-1,0,0,0,0
128.763540,1,0,0,-3,-1,-1,-1,0,0
128.774364,-1,-2,-3,-3,-2,1,-1,-4,0
128.774379,-1,1,-1,2,1,0,-2,0,0
128.785547,-1,1,2,1,-1,-1,-2,-2,0
128.785553,-1,2,-1,-1,0,-1,-1,-2,0
128.798398,0,1,1,1,0,1,-1,1,0
128.801181,-2,-1,-2,-4,-1,0,-1,0,0
128.801189,-2,-3,-3,-4,-3,-2,-1,-1,0
128.801191,-5,-6,-2,1,-1,0,-1,-2,0
128.820579,3,10,2,-2,-2,0,-2,-1,0
128.820597,-1,-5,-2,-3,-2,-1,0,-2,0
128.822202,-1,-2,-2,2,2,1,-2,3,0
128.822223,-1,-1,-1,0,0,0,-2,-1,0
128.834084,-3,-2,2,1,-1,-2,-2,0,0
128.834144,2,1,2,-1,-1,-1,-1,-3,0
128.845034,-1,-1,-3,-4,-2,-2,-1,-3,0
128.845039,0,-3,-1,-2,-3,-3,-2,-2,0
128.858288,1,-1,-2,-1,1,-1,1,2,0
128.858317,-4,1,-3,-3,1,-2,-1,0,0
128.860996,-2,-3,-2,3,-2,-2,-1,1,0
128.861007,1,-3,-5,-4,1,0,-3,-2,0
128.888472,-1,-2,-2,0,0,-1,-1,-2,0
128.888504,-1,-1,5,0,-4,-1,-1,-1,0
128.890073,-2,-2,-4,1,0,-1,-1,-1,0
128.890085,0,-1,-1,-1,-1,-1,-1,-1,0
128.894226,0,-2,0,-3,-1,-2,0,1,0
128.894253,1,-1,-1,1,0,1,0,1,0
128.905136,-2,-2,-4,-7,-1,-1,-1,-2,0
128.905143,2,3,1,0,-1,-1,-1,2,0
128.918052,-3,-4,0,0,0,2,1,0,0
128.918075,-3,-1,0,2,0,-2,-2,-4,0
128.919649,0,0,1,-1,-1,-2,-3,-2,0
128.919712,-3,-1,-2,-4,-1,0,-1,-1,0
128.943010,1,0,-3,-1,-1,-2,-2,1,0
128.943017,-3,-3,-5,-4,0,-2,-1,-2,0
128.943020,-1,0,0,1,-2,-1,-2,-3,0
128.943022,-2,-2,-4,-4,0,-3,-2,-2,0
128.963049,-3,-4,2,-4,-2,-2,0,-2,0
128.963072,1,0,-3,2,-2,0,0,1,0
128.964873,-2,-8,0,4,1,-1,0,-1,0
128.964878,0,6,3,3,1,-2,0,1,0
128.978296,2,0,-6,-6,-2,-2,-1,-2,0
128.978326,-1,0,2,-2,0,-1,-1,1,0
128.980579,-1,-1,-2,-4,-3,0,0,-1,0
128.980584,-1,-2,-2,0,-1,1,0,-2,0
129.001003,-1,-1,-2,2,-1,-2,0,-2,0
129.001034,-2,-2,-2,-3,-2,-1,-1,-2,0
129.002712,-4,0,-3,-1,-1,-2,0,0,0
129.002716,6,-1,-3,0,-2,-2,-2,-1,0
129.022261,0,0,1,-3,-1,-1,-2,1,0
129.022275,-2,-3,-2,1,0,0,-2,-4,0
129.023092,-2,-1,-2,-3,-2,-2,-1,-3,0
129.023159,-3,0,-1,-2,-3,-1,0,-1,0
129.037490,1,-2,-1,2,0,0,-1,-1,0
129.037512,-2,-2,-5,-2,-2,0,0,4,0
129.040137,-2,-1,1,0,1,1,-1,-2,0
129.040141,0,1,1,0,-3,0,0,0,0
129.059838,-1,-5,-4,2,-2,-1,-1,-2,0
129.059861,0,5,6,-1,-1,-3,0,1,0
129.062426,3,2,-2,-3,-2,0,1,0,0
129.062434,-2,-3,-2,1,1,0,1,1,0
129.083522,1,-3,-5,-3,-2,-1,0,1,0
129.083528,1,2,0,0,0,-1,0,-1,0
129.083530,-3,1,-1,1,-2,-1,0,-2,0
129.083531,-1,-4,0,-2,-1,-1,-1,-2,0
129.098410,-2,-3,-4,0,-2,0,0,-2,0
129.098419,0,3,7,-3,-2,-2,-1,0,0
129.098423,-1,0,-4,-1,0,-2,-1,1,0
129.098427,-4,-3,4,2,0,0,-1,0,0
129.119973,1,0,2,1,-1,-1,-3,-2,0
129.119996,0,-5,-8,-4,-1,0,0,-2,0
129.121695,2,-1,1,-3,-2,-1,0,-1,0
129.121700,-2,2,-5,-4,-2,-2,-1,-1,0
129.142535,-3,0,4,6,1,0,-1,-2,0
129.142557,-1,-2,-1,-1,0,-1,0,-1,0
129.144012,-2,-4,0,-1,-2,0,-3,0,0
129.144017,-1,0,-5,0,-1,-1,0,2,0
129.165694,-1,3,2,-3,-2,-2,0,-1,0
129.165709,-3,-3,-2,2,-1,-1,-2,-3,0
129.166314,2,-3,-2,-1,-1,-2,-1,0,0
129.166380,0,-3,-1,-4,-3,-3,0,-1,0
129.180216,-2,-1,-2,-1,-3,1,-1,-1,0
129.180258,1,0,-2,-1,-1,1,-2,1,0
129.180636,-1,0,3,1,-2,0,-1,-1,0
129.180644,1,-4,-4,-1,0,-1,-1,-1,0
129.202440,0,1,0,-4,-2,-1,-1,0,0
129.202462,1,-1,-3,-2,0,-1,-2,-1,0
129.204629,-2,-4,-1,1,-1,-1,-1,-3,0
129.204634,0,1,-1,-1,-1,-1,-2,-2,0
129.217343,-1,-3,1,-2,-2,-2,-1,0,0
129.217366,-4,-1,0,1,-1,-2,0,-3,0
129.219488,-2,-2,-6,-5,-2,-1,0,1,0
129.219493,1,1,2,4,-1,-1,-2,1,0
129.240970,-1,-1,1,0,1,-3,0,-1,0
129.240975,0,-3,-3,-1,-2,-1,-2,-3,0
129.240977,-4,0,-1,-3,-1,-1,0,-1,0
129.240979,-2,-2,-2,-4,-2,-2,-2,-1,0
129.262580,2,1,1,-3,-1,0,0,3,0
129.262608,-2,-7,-10,3,1,1,0,-4,0
129.264392,2,2,2,2,0,0,-1,-1,0
129.264398,-7,-2,3,-4,-1,-1,-1,-3,0
129.277340,-3,0,1,1,-2,-1,-2,-1,0
129.277366,0,-1,2,-2,-3,0,0,-1,0
129.279122,0,-2,-1,-3,-2,-1,-3,-2,0
129.279131,3,0,-4,0,-1,-1,-1,-1,0
129.302477,-2,-3,-3,-2,0,0,-1,0,0
129.302482,-2,-2,-1,-1,0,-2,0,1,0
129.302484,-3,3,4,2,-2,-2,0,-2,0
129.302486,0,-1,-1,-1,-2,-1,-2,-3,0
129.322253,-4,-3,-4,-1,-2,-2,-1,-3,0
129.322269,1,1,-3,-1,-3,-1,-2,-1,0
129.322911,-1,0,1,1,1,-1,2,2,0
129.322924,-2,-2,-2,-1,-1,1,0,0,0
129.340602,0,-1,-1,-4,-3,-2,-1,-1,0
129.340663,-2,2,0,3,-1,-1,-1,1,0
129.340665,1,2,3,1,-1,-2,-2,-2,0
129.340667,-2,-5,-4,-2,-1,-1,-1,-1,0
129.359893,0,-2,-2,-2,-2,-1,-1,-3,0
129.359926,1,4,3,0,-3,-1,0,0,0
129.362636,-1,-1,-1,0,0,-1,-2,1,0
129.362649,0,-1,-4,-1,-1,-2,-1,-1,0
129.382485,1,0,3,2,0,0,-1,-2,0
129.382508,-3,2,4,-3,0,-3,-2,-2,0
129.383130,-1,0,-3,-3,-2,-1,-2,-2,0
129.383149,0,-2,2,-3,-1,-1,-1,-2,0
129.397342,-1,4,-2,0,0,-1,-1,1,0
129.397361,3,-5,-2,-3,-2,0,1,-1,0
129.397948,0,-4,-1,-1,-1,-2,0,-1,0
129.397954,-3,0,-1,-1,-1,-2,0,-3,0
129.420186,0,1,1,1,2,0,-1,-2,0
129.420206,-2,1,1,2,0,-1,-2,-1,0
129.421462,-2,-4,-7,-4,0,-1,-1,0,0
129.421467,-1,3,0,-7,-1,-1,-1,1,0
129.443129,-1,-7,-5,-1,-1,-1,0,-1,0
129.443137,-4,-1,5,3,0,-1,-1,-3,0
129.443139,-1,-4,-5,0,-1,-1,-1,-1,0
129.443141,0,0,0,1,-1,0,0,1,0
129.456595,-1,0,-2,-2,-3,-2,-1,-1,0
129.457832,0,-1,-3,-6,1,-2,-2,1,0
129.465059,1,2,2,-1,-3,-1,-1,0,0
129.465089,2,0,-1,-2,-1,-1,-1,1,0
129.480331,-3,2,-1,-3,-1,0,-2,0,0
129.481747,-1,0,2,3,0,0,0,-2,0
129.481751,0,-3,-3,-3,-1,-1,0,-1,0
129.481753,-3,-1,-2,1,-1,-2,-1,0,0
129.503361,-1,-4,-1,-3,-2,-2,-2,-2,0
129.503366,-1,-1,-4,-3,-2,-1,0,1,0
129.503368,1,0,0,-2,0,-1,-2,-2,0
129.503370,0,-3,0,4,-1,0,0,1,0
129.516673,-1,1,-2,-2,0,-2,-1,-2,0
129.516696,-3,-2,1,1,-1,-4,-2,0,0
129.525362,-1,-1,1,-3,-3,-1,-1,0,0
129.528086,0,-1,-1,-1,-2,-1,0,-1,0
129.540279,-2,0,1,-3,-2,0,1,0,0
129.540308,-2,-3,-3,0,-1,0,-3,-2,0
129.543013,-3,0,-4,-1,-3,-1,-1,-1,0
129.543025,0,-3,0,-2,1,-1,-1,-3,0
129.562496,-1,-1,-1,0,0,0,0,2,0
129.562524,2,0,-1,-2,-2,-1,-1,-1,0
129.565242,-3,-2,-3,-2,0,-1,-1,0,0
129.565249,0,2,4,-2,0,-2,0,-3,0
129.576806,3,-2,-6,1,2,-1,1,-1,0
129.576826,-1,-1,-2,-4,-2,-1,-2,0,0
129.585566,-4,0,-3,-1,0,1,-1,1,0
129.585587,5,0,3,0,0,-1,-2,-3,0
129.599892,-3,-3,1,0,-1,-1,-1,-1,0
129.599906,-1,0,-5,-1,0,-2,0,-1,0
129.600681,1,1,1,-1,-2,-1,0,-2,0
129.600712,-5,-1,-4,-2,-1,-3,-2,0,0
129.622441,0,-3,-2,-2,-3,-1,-2,-5,0
129.622465,-1,0,2,-2,-1,0,1,-1,0
129.623540,-1,-1,1,-1,-1,-3,-2,-2,0
129.623548,-1,-2,-3,-1,-1,0,0,-1,0
129.637270,0,0,-2,0,-1,-1,-1,2,0
129.637295,-1,0,3,1,-2,-1,0,-1,0
129.645161,0,-3,0,-1,0,-1,0,0,0
129.645187,0,-1,-2,1,-1,0,1,-2,0
129.661991,-2,-1,-4,-4,0,-2,-2,0,0
129.661998,1,-2,1,-2,-2,-1,0,0,0
129.667983,-4,-3,0,0,-1,-1,-1,-1,0
129.668022,-3,0,0,-1,-2,-2,-2,-1,0
129.682422,-2,0,-2,0,1,-1,-3,-1,0
129.682443,0,-6,-8,-6,-2,-3,-3,-3,0
129.684623,1,4,4,2,-2,-2,-1,0,0
129.684627,-4,0,1,0,-2,-1,0,1,0
129.696820,-1,0,-3,-1,-1,-1,-2,-1,0
129.696843,-2,-2,2,0,-1,0,-1,1,0
129.705019,-2,-2,-5,-2,1,0,0,-3,0
129.705051,1,0,-2,1,-2,-1,-1,-1,0
129.719913,0,0,2,-2,-1,0,0,-3,0
129.719932,-1,-4,-1,-3,-2,-3,-2,-1,0
129.721618,0,-5,-2,-1,1,-1,1,3,0
129.721622,1,7,7,0,-2,-2,-2,-2,0
129.742585,-1,-3,-2,0,1,-1,0,1,0
129.742608,-1,4,3,-3,0,-1,-1,-3,0
129.743148,-2,-4,-5,0,0,-2,-2,-1,0
129.743192,-2,-2,-2,-4,0,-1,-1,-2,0
129.757922,0,-2,-2,-1,-2,-2,0,1,0
129.757955,8,1,0,1,1,0,2,1,0
129.764942,-4,-1,0,0,0,-1,1,-1,0
129.764964,-1,-1,-2,0,-2,0,-1,1,0
129.780396,0,1,2,-4,-3,-2,0,-4,0
129.781971,-1,-5,-7,-1,0,1,0,2,0
129.781976,0,1,0,-1,0,-1,-1,-2,0
129.781978,-1,-5,-1,-2,0,-1,-1,0,0
129.803067,0,1,2,0,-1,1,-1,-1,0
129.803073,-2,0,-1,0,-2,0,-1,0,0
129.803075,1,-1,-1,1,-2,-1,-1,0,0
129.803077,-1,-5,-4,-3,-1,-1,-1,-3,0
129.816809,1,3,3,-2,0,-2,0,0,0
129.816825,-1,0,-2,0,0,-1,0,-1,0
129.825303,-2,0,-2,-5,-4,0,-2,-3,0
129.825328,-2,-3,-2,-1,-1,-2,-2,-3,0
129.840423,-3,-4,0,2,-2,-1,-1,-1,0
129.840540,-1,0,-1,-2,-1,0,-2,0,0
129.843217,-1,2,-1,-4,-1,-1,0,-1,0
129.843225,1,1,-2,2,0,1,-1,2,0
129.864242,-4,-4,1,-1,0,-1,-3,-3,0
129.864249,-5,-3,-2,3,-1,-3,-2,-1,0
129.864251,11,0,-3,-4,1,-1,-2,2,0
129.864253,-5,-5,0,0,1,1,0,0,0
129.885779,-1,5,5,0,1,-1,1,1,0
129.886131,-2,-2,-2,-3,-1,-1,-1,-1,0
129.888883,-3,1,2,1,-2,-1,-1,0,0
129.888889,0,-3,-4,-3,-2,-2,0,-1,0
129.900039,-1,-1,-3,-2,0,-3,0,0,0
129.900069,-2,0,2,-2,-1,0,-1,-2,0
129.902920,-1,0,-1,1,-1,-1,-1,-1,0
129.902927,-1,2,2,-1,0,0,0,-2,0
129.922294,-1,-8,-8,-2,-1,-1,-2,-1,0
129.922318,1,-1,-1,-2,-1,0,-1,-1,0
129.924631,-4,-5,-3,-5,-2,0,-1,-2,0
129.924643,1,1,1,4,1,1,-1,0,0
129.945843,0,2,3,2,-1,-1,0,1,0
129.945872,-2,-2,-1,0,-1,0,1,-1,0
129.946354,0,-2,-6,0,-2,0,1,1,0
129.946424,-3,-5,-7,-8,-2,-3,-2,-2,0
129.960135,-1,2,1,0,1,1,0,-2,0
129.960159,-1,1,4,4,1,-1,-2,-1,0
129.961732,-4,-1,0,-3,-1,-1,0,-1,0
129.961738,0,-2,-2,-2,-1,-1,-1,-1,0
129.982393,-2,-3,-4,-3,-1,-2,-2,1,0
129.982419,-1,0,-3,-2,-1,-2,-1,1,0
129.984740,0,2,0,0,1,-1,1,-2,0
129.984745,-4,0,2,0,-2,-2,-1,-1,0
130.005694,1,0,-1,3,0,-3,0,-2,0
130.005710,-4,-2,-5,0,1,0,0,-1,0
130.006284,1,0,-1,-3,-1,-3,-2,-1,0
130.006492,-2,0,1,-1,0,-2,-2,-1,0
130.019857,-3,-5,0,2,-3,-1,-2,0,0
130.019871,0,-2,-3,-1,0,-1,0,-1,0
130.020482,-1,-3,1,0,0,2,-1,1,0
130.020496,0,4,2,1,-1,1,0,-2,0
130.042588,-1,-4,-8,-3,-3,-1,-1,-2,0
130.042618,0,2,2,-1,-2,-1,0,-1,0
130.045096,-5,-3,-6,0,1,0,0,0,0
130.045111,8,-5,-4,-1,0,-2,-3,-3,0
130.065454,-1,2,3,-1,1,-1,-1,-1,0
130.065461,-2,-4,-6,-3,-1,-1,-2,-3,0
130.066179,1,0,4,3,0,-3,0,0,0
130.066192,-3,0,-2,-1,-3,-1,-2,-4,0
130.081690,-2,-3,-2,0,-3,-3,0,-1,0
130.081695,-1,0,1,-2,-1,-1,-2,-1,0
130.081697,-1,0,1,-1,0,0,-3,0,0
130.081699,-2,-1,2,2,-1,-2,-1,-2,0
130.102370,0,-1,-3,-2,0,-1,-1,0,0
130.102387,0,2,2,-2,0,0,0,0,0
130.103584,-3,2,1,-2,-3,-2,-1,-5,0
130.103589,2,-4,-3,-1,0,0,1,1,0
130.127080,-1,1,-3,1,1,2,-1,0,0
130.127088,-1,-4,-2,2,-1,-2,-2,0,0
130.127090,0,-2,-2,-2,-2,-3,-1,-2,0
130.127092,0,-1,-3,-3,-2,0,-2,1,0
130.142737,-1,-1,2,-2,-2,-1,-2,-3,0
130.142752,-1,-1,-4,-4,-1,0,-1,1,0
130.142754,-2,-3,1,0,-1,-1,-1,-2,0
130.142755,0,8,6,2,0,-2,1,1,0
130.162472,-4,-7,-3,0,0,0,0,-1,0
130.162497,-3,-3,-5,-2,-2,-1,-2,-2,0
130.163967,0,-1,-1,1,0,-1,-1,-4,0
130.163971,0,1,0,0,-1,1,-1,1,0
130.185892,0,0,0,-2,-2,-1,-1,1,0
130.185914,-2,-2,-2,-2,0,-2,-1,-1,0
130.188611,-3,-3,-3,0,-1,-2,-1,-2,0
130.188618,-2,-1,0,1,-1,1,1,0,0
130.200298,-3,-1,-5,-7,-2,-1,-1,-1,0
130.200332,0,-1,4,0,-1,-3,-1,-2,0
130.203114,1,-1,-3,-3,1,-1,-1,0,0
130.203120,0,-4,-1,2,-1,-1,-2,0,0
130.222261,-1,5,-1,-1,-3,-2,-3,-1,0
130.222276,-2,1,3,-3,-1,1,-1,-1,0
130.223050,-3,0,-1,-5,-2,-1,-2,-1,0
130.223131,8,-3,-5,1,0,0,1,1,0
130.245970,-2,-4,-4,-1,-1,0,-1,-3,0
130.246007,-3,1,-1,-2,-1,-1,-1,-1,0
130.248352,-1,1,3,4,1,0,-1,-2,0
130.248359,-8,-3,-5,-7,-2,-3,-1,-3,0
130.260181,0,1,6,4,-1,0,-1,0,0
130.260215,2,-1,1,2,1,1,-1,-1,0
130.262095,-1,-4,-6,-6,-1,0,2,1,0
130.262103,-5,-2,-2,-2,-3,-1,-3,-3,0
130.282344,2,-1,-6,-6,-3,-1,0,0,0
130.282367,-4,-10,-6,0,-5,-3,-1,-1,0
130.282868,1,0,0,7,4,1,0,1,0
130.282874,-1,9,6,1,1,-1,0,0,0
130.305434,-1,-2,-3,-3,-1,-1,-1,-2,0
130.305450,-2,1,1,-3,-1,-1,-1,-1,0
130.307369,0,-7,-8,-4,-4,-1,-2,1,0
130.307373,-1,-4,-1,-1,-1,-1,0,1,0
132.330558,50,-13,-33,-4,-1,-2,-5,52,4
132.331085,-49,41,10,2,2,3,3,-22,4
132.333194,-7,-40,-3,0,-3,-2,-7,-2,4
132.333200,95,81,51,13,3,-4,-3,-4,4
132.344124,14,-33,-54,-2,4,8,11,-66,4
132.344195,-95,-91,9,-1,-3,-4,0,122,4
132.354751,83,63,52,13,4,1,11,-6,4
132.354758,60,39,-1,0,-4,-2,-17,-23,4
132.369515,27,17,26,10,5,2,-3,-11,4
132.369523,17,-65,-59,-24,-10,-3,-5,77,4
132.369626,34,5,22,-3,-5,-5,-6,-49,4
132.369633,59,-13,15,5,3,6,21,14,4
132.390439,8,102,13,11,1,-4,-9,-87,4
132.390456,2,-128,-20,-10,-7,-6,-17,-73,4
132.392942,-39,-52,-20,1,-4,-1,4,83,4
132.392949,-17,127,47,8,2,0,-1,-33,4
132.404557,2,46,41,1,4,0,-1,17,4
132.404578,74,-64,-47,-17,-7,-5,1,-14,4
132.415592,78,61,-35,-8,0,0,0,47,4
132.415598,-79,13,48,15,3,-1,-8,-45,4
132.428104,-18,16,-27,-14,-4,-1,3,-5,4
132.428126,-128,65,47,17,8,8,11,-28,4
132.430494,-97,-17,-39,4,0,-1,-3,2,4
132.430502,0,50,-24,-10,-5,-6,-9,-27,4
132.450486,7,79,-19,-12,-5,-9,-9,7,4
132.450511,19,51,43,16,6,8,14,-30,4
132.452263,30,25,4,1,0,0,-7,-31,4
132.452288,-67,-123,-32,-5,-2,-4,-12,-76,4
132.464156,-30,29,-8,-2,-3,-1,0,-20,4
132.464172,-39,-20,4,13,8,5,2,13,4
132.474982,-46,-65,24,4,1,1,-11,-26,4
132.474989,37,20,-18,-7,-1,3,25,26,4
132.488248,1,-128,-11,-7,-2,-3,1,19,4
132.488277,85,113,-7,0,-2,-3,-17,8,4
132.489861,-52,-63,-1,-6,-2,3,10,25,4
132.489865,57,28,-4,-1,2,1,-4,16,4
132.510453,-28,-33,10,11,1,2,12,0,4
132.510462,6,70,-4,-6,-1,-1,6,25,4
132.512186,12,1,21,-3,-2,-3,-11,-6,4
132.512215,-36,3,27,0,0,-1,2,-33,4
132.524758,83,-46,-1,7,-1,-1,3,7,4
132.524763,-33,-103,-7,-9,-2,-2,4,-14,4
132.535112,-86,70,43,2,-3,-3,5,58,4
132.535119,72,25,-3,-10,-1,-1,-25,-3,4
132.548121,-2,26,-11,-7,-3,0,5,23,4
132.548144,53,12,-11,-7,-6,-8,-11,-40,4
132.549541,122,81,29,5,2,3,17,0,4
132.549552,71,-128,-44,-19,-5,-2,-3,112,4
132.572136,-125,-34,47,21,6,2,-11,-27,4
132.572143,67,-56,-84,-18,-8,-6,-6,-52,4
132.572145,-72,109,63,36,16,8,1,16,4
132.572147,9,-95,-52,-19,-9,-3,19,-25,4
132.584295,-14,25,-20,-5,1,-1,-16,-18,4
132.584317,25,27,23,-7,-6,-5,-1,41,4
132.595164,-25,-108,-35,1,-3,-9,-17,-55,4
132.595172,6,-9,37,15,3,2,6,-18,4
132.608753,-13,-35,2,-4,-1,1,7,-2,4
132.611068,-5,26,-19,-1,-3,-2,-4,34,4
132.611075,66,27,10,-10,-4,-1,5,1,4
132.611077,-66,78,30,7,2,1,3,15,4
132.630502,-10,-46,-1,10,4,1,-3,44,4
132.630525,-101,105,37,1,-2,-6,-11,-72,4
132.632035,59,-126,-47,-15,-6,-3,-5,30,4
132.632048,-19,106,-15,-4,0,0,11,-27,4
132.644211,-15,-25,-4,-10,-2,2,25,-41,4
132.644238,31,-90,-2,-2,1,0,-24,-8,4
132.655212,88,57,24,8,5,3,1,-74,4
132.655218,-25,24,-3,-1,-4,-2,3,28,4
132.668219,52,116,6,-4,-1,-3,-22,-25,4
132.668269,29,-74,-36,-5,2,5,26,56,4
132.669459,-72,-70,-54,-29,-14,-13,-9,-41,4
132.669473,-41,-67,-5,0,0,1,-10,-1,4
132.690638,6,-1,13,1,-2,2,11,19,4
132.690655,-52,127,35,4,-1,-3,8,44,4
132.693217,94,45,-41,-10,-5,1,14,71,4
132.693227,-83,62,8,7,-1,-8,-36,-115,4
132.704060,-34,-97,-20,-7,-4,-4,5,30,4
132.704083,37,28,-8,2,-1,1,14,-28,4
132.714058,6,-8,-16,-7,-3,1,-20,27,4
132.714066,-5,-89,0,-8,-6,-2,22,67,4
132.729155,127,18,-15,-16,-9,-8,-16,48,4
132.729170,-52,-4,7,8,1,-3,-8,-104,4
132.729713,49,39,16,3,2,2,3,56,4
132.729727,76,-119,11,9,5,4,-3,18,4
132.750936,-21,-46,-7,-6,-4,-6,-11,1,4
132.750960,24,103,35,7,2,1,6,24,4
132.753588,-28,10,-12,-3,0,-2,0,-68,4
132.753594,-64,60,15,6,-1,-1,5,9,4
132.773615,84,-4,9,9,4,4,4,38,4
132.773644,-45,-128,-9,-18,-5,2,10,75,4
132.776441,-63,-56,13,5,-5,-11,-15,33,4
132.776452,17,-17,-18,-9,-6,-4,0,52,4
132.788207,23,38,-14,-2,0,0,-1,29,4
132.788230,-10,11,-37,-6,-4,-3,4,-41,4
132.789878,-7,21,-9,8,6,3,-18,-26,4
132.789882,-9,92,2,0,-2,-3,0,19,4
132.810548,-73,17,7,2,1,2,13,-3,4
132.810571,-25,-12,10,8,1,2,-13,-13,4
132.812480,-14,92,12,-6,3,3,13,-16,4
132.812518,91,-10,-9,12,4,6,20,50,4
132.833111,-86,85,87,0,-1,-10,-29,-106,4
132.833134,87,-59,10,-11,-5,-5,-9,5,4
132.835542,5,-107,-15,3,1,-1,0,-10,4
132.835550,53,-80,-19,-10,1,7,8,103,4
132.848003,-57,-28,-37,7,0,1,-1,-61,4
132.848199,14,68,11,2,-1,-3,-3,2,4
132.850094,-59,41,14,2,0,0,-1,-7,4
132.850102,-25,14,7,1,0,0,0,-32,4
132.870536,127,90,-91,-23,-12,-12,1,102,4
132.870627,-97,-128,7,9,3,-3,-27,-88,4
132.871901,127,74,-17,-4,1,0,11,14,4
132.871915,-39,32,-6,-6,-3,-5,-20,-36,4
132.893443,13,-13,-24,-7,0,3,3,-8,4
132.893473,-27,-36,-1,5,3,3,7,16,4
132.895608,-30,-27,-2,-2,-5,-4,6,9,4
132.895616,30,16,-4,-2,-1,-1,-6,-38,4
132.907806,-66,11,27,7,0,3,4,25,4
132.907835,37,44,-10,-5,-2,-2,9,30,4
132.914149,-17,-65,12,-4,-3,0,-15,-22,4
132.914172,-15,-105,-57,-4,1,5,28,76,4
132.930507,-39,-67,73,27,-4,-12,-23,2,4
132.930514,-5,-91,-57,-8,5,3,5,-5,4
132.932020,-14,-53,-42,-9,-6,-8,-14,44,4
132.932034,-68,99,34,4,0,0,3,-30,4
132.953170,31,-42,1,-4,3,5,17,4,4
132.953197,35,62,2,-3,1,1,2,4,4
132.955249,-44,-19,23,2,-1,-1,0,-18,4
132.955254,31,44,23,3,1,-1,-8,-10,4
132.967477,6,15,2,2,2,3,3,-17,4
132.967499,-11,40,9,-5,-3,-4,-11,-23,4
132.974359,17,16,-27,-10,-3,2,6,6,4
132.974378,29,-115,-17,-11,-9,-5,0,50,4
132.991948,8,81,82,13,7,1,-5,-81,4
132.991971,-49,42,45,14,-1,0,6,49,4
132.992062,51,-6,-9,2,-1,-3,5,79,4
132.992140,-59,51,1,-5,3,-2,-27,-58,4
133.013168,1,-121,-57,-13,-1,3,21,-6,4
133.013190,33,95,13,0,0,0,-13,35,4
133.014607,-87,-88,-6,-7,-3,-2,6,-18,4
133.014612,-29,67,15,4,-2,-4,6,-10,4
133.027366,49,34,-22,-9,1,0,-15,-51,4
133.027384,-52,30,-24,-8,-2,-4,2,-25,4
133.034513,52,-20,14,6,-1,1,7,11,4
133.034541,-12,-128,29,19,4,-3,-17,60,4
133.052405,-128,96,-14,-10,-6,-10,-17,-87,4
133.052411,102,-27,-19,-3,-3,-2,0,29,4
133.052414,3,-97,-9,-6,-1,2,-1,-16,4
133.052415,46,7,1,2,1,3,10,-6,4
133.073736,69,29,3,4,0,2,10,58,4
133.073768,-35,20,-3,0,-1,-2,-5,1,4
133.075549,6,50,-16,-5,1,0,2,-26,4
133.075557,47,47,-4,-3,-2,-3,-7,4,4
133.087542,-49,-53,-38,6,-1,-2,-10,-64,4
133.087561,103,-51,-11,-17,-12,-10,-12,29,4
133.094248,-85,126,8,7,0,1,1,15,4
133.094265,-41,-128,-26,-8,-5,-5,9,-80,4
133.110515,19,40,5,-7,-5,-3,-26,61,4
133.110537,-57,16,1,2,4,3,18,-16,4
133.112318,86,127,9,1,2,0,-5,-4,4
133.112397,-47,23,3,-19,-5,-7,-8,-33,4
133.133230,59,-106,0,12,-2,1,12,68,4
133.133253,6,68,20,9,7,2,0,-4,4
133.134734,-17,-27,8,-1,0,0,0,18,4
133.134752,29,66,-10,2,1,3,11,5,4
133.147391,-50,-48,-17,-14,-1,2,23,5,4
133.147409,-57,-30,12,4,-3,-2,-42,-33,4
133.154058,43,-41,-9,2,-1,-2,12,56,4
133.155804,109,23,0,21,12,8,2,24,4
133.170455,-6,59,-3,-14,-13,-14,-15,12,4
133.170473,23,71,9,5,4,4,25,-34,4
133.171965,-60,-44,-12,1,-2,-2,-14,-68,4
133.171977,-21,59,-10,-7,-1,-3,-7,8,4
133.193313,77,26,32,-3,3,3,8,60,4
133.193321,31,-98,-17,5,-1,0,5,7,4
133.194748,36,-31,-3,-8,-4,-6,3,-5,4
133.194772,66,-20,-6,-10,-6,-3,-12,-70,4
133.210022,-26,40,-7,5,5,3,-8,-9,4
133.210029,-56,45,57,9,2,-4,1,22,4
133.214254,-44,-12,3,5,2,6,8,10,4
133.214278,120,-84,-34,-10,-5,-5,3,23,4
133.230499,-78,91,-19,-6,-3,1,-4,60,4
133.230516,33,-117,-22,-6,0,1,7,-46,4
133.232068,-63,15,-9,-11,-6,-7,-27,10,4
133.232090,-23,61,15,6,5,2,6,-14,4
133.255054,13,-56,-12,-5,-4,0,7,-10,4
133.255060,-48,34,-1,-1,1,0,0,0,4
133.255062,-28,84,24,8,5,2,-4,-39,4
133.255064,27,-43,-6,-5,-3,-1,3,40,4
133.267147,112,36,11,5,3,4,5,-4,4
133.267178,-80,37,-40,-12,-3,-3,-1,82,4
133.275873,15,-82,42,7,1,0,-5,-63,4
133.275901,30,71,72,18,3,3,5,21,4
133.290616,19,-118,23,-3,-6,-9,-18,-65,4
133.290635,1,-8,-11,-9,-2,0,2,18,4
133.292964,77,-98,-28,-4,-2,-1,-4,17,4
133.292972,-67,78,54,3,-2,-4,1,-27,4
133.313310,27,10,2,-8,-2,0,10,52,4
133.313329,-36,-20,0,8,0,0,3,-31,4
133.315388,-24,11,-34,-12,-4,-8,-16,-39,4
133.315393,-39,33,-35,-13,-3,-1,1,-29,4
133.326777,11,72,-57,-6,-2,-5,7,69,4
133.326801,34,64,-70,-14,-4,-1,-25,-64,4
133.337645,77,-27,11,-2,3,2,19,51,4
133.337651,-110,-71,23,11,3,3,-2,6,4
133.350427,-67,46,34,16,9,8,9,-36,4
133.350485,14,-64,-58,-22,-11,-7,-3,11,4
133.352095,24,60,50,10,1,-2,-12,-79,4
133.352108,23,21,-48,-12,-7,-5,-3,-32,4
133.373144,73,48,25,7,6,1,-2,-32,4
133.373166,105,-58,-8,6,-4,-2,-2,23,4
133.375477,-19,60,-16,-13,-3,1,5,-15,4
133.375496,-44,-101,-8,-2,-2,2,13,40,4
133.387440,53,60,25,5,1,-2,-26,-16,4
133.387470,-12,-51,54,5,3,-4,0,-61,4
133.396516,-45,-58,22,6,-2,1,16,74,4
133.396523,49,88,19,12,5,1,-17,-20,4
133.411172,-127,-80,-36,-15,-6,-4,8,8,4
133.411179,-32,-4,8,4,2,3,-6,1,4
133.412086,36,-2,9,6,1,-1,9,86,4
133.412097,-40,63,2,-2,-3,-4,-15,-90,4
133.433379,-21,26,14,10,4,5,2,15,4
133.433409,-44,-5,-27,-11,-6,-6,0,22,4
133.435602,32,-66,22,27,8,4,0,-38,4
133.435606,7,101,38,7,-4,-7,-2,113,4
133.446763,45,-84,-16,-2,-1,2,2,-53,4
133.446790,25,75,18,4,3,2,-1,5,4
133.457717,-1,-32,-36,-14,-7,-4,11,-17,4
133.457723,20,27,-44,-10,-3,-4,-19,9,4
133.472133,26,8,0,9,-1,-3,-7,8,4
133.472138,-45,-27,-8,-7,0,0,4,44,4
133.472140,14,111,-30,-19,-12,-15,-17,-40,4
133.472142,-26,-128,-20,-10,-3,-2,6,9,4
133.493133,-36,58,-14,-13,-2,-1,-2,85,4
133.494998,68,-44,9,-1,-1,0,20,-34,4
133.495004,23,80,23,4,5,2,-40,7,4
133.495006,-19,-93,29,5,2,2,6,-17,4
133.506857,63,55,36,18,4,1,11,-31,4
133.506877,10,-87,13,-1,-6,-4,-1,6,4
133.517433,-10,-126,-37,-28,-4,0,11,7,4
133.517438,-15,60,41,10,4,3,3,-5,4
133.530654,68,20,-10,-6,0,2,2,-15,4
133.530679,46,127,19,13,5,1,0,2,4
133.533014,-40,24,-14,-3,-2,1,5,-12,4
133.533021,12,31,-9,-3,-1,-1,-12,40,4
133.553199,13,11,-56,-7,-3,4,35,100,4
133.553218,-39,-95,68,18,4,-3,-33,-94,4
133.554564,-64,-32,-27,-15,-9,-5,5,24,4
133.554579,101,-4,-22,-2,0,-2,-5,-5,4
133.566672,-6,-27,-1,-8,-2,-2,9,1,4
133.566679,-40,34,-9,5,3,2,-10,31,4
133.577055,22,4,4,7,2,3,2,20,4
133.577060,-23,77,37,6,5,2,7,-55,4
133.590638,-79,-128,-41,-18,-10,-7,-13,30,4
133.590661,117,83,-87,-27,-16,-13,-5,19,4
133.594380,-44,95,68,19,7,-4,-24,-76,4
133.594387,-27,-21,-45,-8,-7,-5,2,18,4
133.614530,11,9,45,6,5,-1,-3,-39,4
133.614536,-29,-37,-11,-9,-1,3,4,-26,4
133.614539,62,-14,-35,-3,0,1,2,30,4
133.614540,-4,-55,-24,-4,-3,-4,3,-11,4
133.626986,-84,55,41,12,8,4,-12,-32,4
133.627017,113,39,-44,-21,-12,-7,4,60,4
133.637049,22,34,5,13,5,1,4,-35,4
133.637061,38,54,42,14,5,8,16,-10,4
133.650609,20,-38,9,8,-3,-5,-14,-36,4
133.650632,-97,-21,23,9,9,3,-15,-15,4
133.654089,30,42,-20,-9,-2,0,12,80,4
133.654096,44,-68,-18,-12,-3,-3,-1,19,4
133.673375,0,-6,-7,4,2,2,-4,-6,4
133.673407,2,-13,7,3,1,3,24,9,4
133.676459,-52,29,1,1,0,0,-9,-5,4
133.676466,-32,-110,-49,-18,-12,-12,-27,-68,4
133.695573,5,18,4,-8,-4,-2,3,12,4
133.695597,64,-64,-9,-3,-1,0,-8,8,4
133.697091,-94,48,-6,1,2,-1,4,-29,4
133.697152,-55,85,-5,22,1,0,6,27,4
133.710593,11,14,10,1,3,-1,-6,-17,4
133.710599,-4,-8,-1,-7,0,0,5,-35,4
133.712285,60,75,14,19,3,4,2,59,4
133.712310,40,-123,-24,-18,-5,-3,-5,-27,4
133.733257,-5,-55,-55,-13,-7,-7,-6,59,4
133.733287,26,62,11,-1,-2,1,9,1,4
133.736506,90,-98,-52,-25,-3,-7,-6,-49,4
133.736510,-14,120,4,-4,-1,1,1,60,4
133.756498,-12,100,4,6,-1,-1,-6,-100,4
133.756508,66,83,79,15,5,2,3,74,4
133.761866,-62,-48,-22,-11,-10,-7,-7,-7,4
133.761894,14,27,-8,-1,-4,-3,2,0,4
133.769960,8,3,18,7,5,4,8,-24,4
133.769982,-36,15,-8,7,1,-2,-19,21,4
133.776712,-19,85,53,12,6,2,-7,-42,4
133.776732,85,-121,-36,-1,1,1,3,13,4
133.793103,-114,-38,-19,-10,-4,-3,3,36,4
133.793135,10,85,4,5,-3,-3,-3,-94,4
133.795565,71,-120,-12,-8,-1,0,6,48,4
133.795576,-96,-24,44,-9,-3,-1,-1,-40,4
133.817194,102,94,37,11,2,-2,-3,-68,4
133.817203,12,-38,-38,-6,-3,-1,-9,31,4
133.817206,-26,34,-4,-4,-1,-2,6,-5,4
133.817208,17,-62,-14,-6,-2,-3,-4,11,4
133.829909,79,-36,-17,1,1,4,15,42,4
133.829934,-107,44,19,-2,-3,-4,-11,-15,4
133.837186,89,-63,-4,-7,-4,0,4,15,4
133.837208,-54,-34,-37,-7,-5,-8,-13,-50,4
133.853180,61,-87,-48,-19,-8,-5,-9,53,4
133.853303,66,-84,47,25,11,7,21,47,4
133.854851,-76,-71,-9,0,-7,-10,-21,-77,4
133.854857,21,92,15,2,5,4,13,77,4
133.875877,27,-128,-28,-22,-13,-11,-22,-54,4
133.878062,-53,77,27,-2,-1,-3,-1,5,4
133.878070,-30,1,-14,1,0,-1,-16,-66,4
133.878073,6,90,44,23,6,5,11,47,4
133.889862,-15,99,20,-5,-2,-1,-1,-54,4
133.889885,-39,30,8,-2,0,-1,5,31,4
133.896822,19,76,7,7,-2,3,10,4,4
133.896848,-11,85,-10,-16,1,1,1,-21,4
133.913492,-94,33,21,6,-2,-7,-19,-24,4
133.913523,-35,-60,-50,-8,-6,-1,5,14,4
133.914631,3,60,9,-5,2,1,0,17,4
133.914638,-29,79,3,1,0,3,4,3,4
133.935514,-37,62,-17,-1,-3,-3,-2,40,4
133.935535,-3,-62,-5,2,-4,-3,-5,-45,4
133.937067,30,-37,15,3,-1,-1,14,33,4
133.937071,25,-63,5,-5,-3,-2,-8,32,4
133.949975,-56,57,24,6,3,1,7,88,4
133.949996,26,-47,-56,-5,-5,-7,-15,-110,4
133.956625,81,-51,-11,4,2,3,11,58,4
133.956648,17,49,1,-3,-5,-4,3,-4,4
133.973081,-69,-36,11,1,3,1,8,-4,4
133.973095,-47,-11,-25,-9,-2,2,-21,31,4
133.974410,-42,-14,8,-2,-3,-3,13,11,4
133.974424,16,64,-10,0,7,10,11,61,4
133.995736,-8,-128,58,4,-10,-18,-39,-94,4
133.995756,89,16,-9,-5,1,2,16,41,4
133.998356,-61,17,-2,5,-1,-3,-9,7,4
133.998363,16,73,12,9,3,3,5,-4,4
134.010425,22,-16,-36,-5,3,10,18,30,4
134.010443,19,58,22,0,-1,-3,-3,16,4
134.019300,-10,-13,33,-1,2,1,-3,-16,4
134.019305,26,-37,3,4,1,-4,-10,-35,4
134.033685,61,8,-44,-7,-2,0,11,30,4
134.033691,-79,-118,24,3,3,-4,-12,-73,4
134.034421,3,51,-23,3,1,5,15,29,4
134.034427,46,-78,7,-6,-9,-8,-13,42,4
134.055453,-13,-25,-12,-1,4,2,9,-23,4
134.055472,-45,107,-5,-8,-1,1,9,-59,4
134.056946,40,-43,-2,-2,-4,-5,-26,17,4
134.056979,7,-22,5,-2,-4,-2,3,-2,4
134.069950,-23,44,5,-1,3,5,10,34,4
134.069964,127,90,68,12,-1,-5,-11,-18,4
134.076877,-112,62,-36,-5,-4,-2,5,23,4
134.076900,14,66,25,9,1,-2,-11,-54,4
134.093193,-29,25,-36,-6,-4,-3,0,5,4
134.093216,70,39,-14,-13,2,4,16,47,4
134.095394,-26,-41,-9,6,1,0,-5,-66,4
134.095402,7,52,3,-5,-3,-4,-6,-44,4
134.115479,6,33,8,7,4,4,-1,-22,4
134.115503,-22,-42,0,-1,0,1,16,65,4
134.117041,20,-30,30,6,-1,-2,-12,22,4
134.117048,63,-57,-28,-10,-6,-6,-1,94,4
134.129883,-37,-48,18,4,1,-2,-6,-72,4
134.129902,9,5,0,5,-1,0,7,42,4
134.136606,-46,-43,-2,-8,-4,1,4,6,4
134.136624,-9,18,34,15,4,1,-5,-102,4
134.152126,26,-42,-12,-6,-8,-4,0,72,4
134.154182,-71,-68,-24,-6,2,-4,-16,-43,4
134.162103,-20,93,-4,-13,2,3,17,35,4
134.162115,52,2,-6,6,2,0,-7,-43,4
134.175492,50,24,3,-4,-1,0,0,4,4
134.175520,-51,-35,-12,0,-2,-1,9,1,4
134.177063,48,60,4,-2,-1,-1,-8,-4,4
134.177084,43,78,-1,-5,1,1,-6,26,4
134.190328,-37,26,51,2,3,0,10,-1,4
134.190334,-63,63,11,5,-1,1,-1,20,4
134.199824,8,-7,-11,-7,-5,-4,-2,7,4
134.199829,-35,27,-5,-2,-1,4,7,-15,4
134.213599,38,-50,-27,-4,-2,-1,-6,28,4
134.213645,7,21,-3,0,-3,-4,-2,21,4
134.216268,31,-101,5,-3,1,2,1,-24,4
134.216274,-94,-31,-35,-3,-5,-4,10,3,4
134.236307,108,42,28,14,12,7,0,39,4
134.236313,-63,-63,-35,-18,-7,-7,-24,-61,4
134.237005,101,79,3,-3,-5,-4,8,52,4
134.237019,-31,-128,-28,-11,-4,-8,-26,-83,4
134.252067,5,22,-14,3,4,3,14,22,4
134.252073,-4,19,-8,2,2,2,5,3,4
134.260581,-15,-25,-10,0,0,-1,-3,-38,4
134.260588,-11,-11,-4,-1,-1,-1,8,43,4
134.273417,1,109,44,9,3,3,-4,-52,4
134.273447,60,-128,-18,-3,-5,-7,-7,30,4
134.275854,-28,-26,-39,1,-1,-1,4,16,4
134.275866,-106,-6,1,-5,-2,-1,-4,-42,4
134.295753,3,77,22,2,-1,-4,-4,-27,4
134.295782,-45,-49,-2,7,0,-2,-21,56,4
134.297598,60,80,22,3,2,-2,3,-84,4
134.297604,18,-50,-20,-16,-6,-4,1,7,4
134.309717,-46,-106,-48,-11,-6,-1,4,-2,4
134.309756,55,70,26,15,5,9,9,17,4
134.319919,-86,9,24,1,-2,-8,-16,40,4
134.319926,75,-81,13,2,4,3,2,-15,4
134.333008,7,-43,-22,-9,-7,-4,-11,-40,4
134.333031,33,47,7,-12,-6,1,17,-6,4
134.334669,-12,-94,-43,-5,-3,-3,-20,-1,4
134.334741,-54,-51,-31,-6,-1,0,12,72,4
134.355594,-20,57,23,2,0,-2,1,51,4
134.355676,124,75,6,1,2,0,-12,33,4
134.357534,40,52,23,2,2,4,8,-27,4
134.357537,4,67,-11,15,2,1,8,35,4
134.369431,54,44,-41,-21,-8,-6,-9,-12,4
134.369454,-71,-7,-17,-3,-5,-7,-1,-15,4
134.379538,27,75,23,9,4,4,6,42,4
134.379543,3,108,-8,-2,0,-3,-26,-88,4
134.393080,-26,-66,-10,-1,-3,-3,11,-4,4
134.393101,48,95,19,9,5,5,1,-12,4
134.394773,-60,-38,-35,-9,-5,-4,-3,7,4
134.394800,70,5,36,9,4,5,21,44,4
134.415525,92,-73,22,9,-1,-2,-18,-3,4
134.415550,-84,55,23,1,-3,-2,5,33,4
134.417642,-6,-34,-2,-4,0,1,-2,-52,4
134.417646,31,11,-15,-2,-4,-5,-6,11,4
134.429419,-8,62,8,3,0,3,2,12,4
134.429446,38,30,28,1,3,3,7,-3,4
134.437986,8,93,18,0,-2,-4,-13,-9,4
134.438018,51,-91,9,9,3,0,4,37,4
134.454188,-56,5,-38,-5,-3,-3,-3,-85,4
134.454193,-84,-37,14,-2,2,3,13,2,4
134.454472,19,-38,12,11,4,0,-22,-72,4
134.454478,-51,51,18,-2,-1,2,22,17,4
134.475822,13,63,17,8,-1,-3,-22,-37,4
134.475857,-10,-11,-46,-12,-7,-3,12,6,4
134.477984,1,-19,-2,-5,0,3,5,59,4
134.477994,-112,-128,-51,-6,-5,-8,-13,-39,4
134.489262,-3,28,15,-1,1,1,6,3,4
134.489291,-85,-17,-9,-1,-4,-6,-17,-37,4
134.500728,81,119,25,6,0,0,5,28,4
134.500733,-71,47,10,-6,-4,-4,-7,27,4
134.513542,25,-111,-6,6,2,-1,-5,-29,4
134.513563,88,-26,-61,-7,0,0,4,-21,4
134.515696,67,-128,29,2,-1,-2,10,75,4
134.515702,48,67,6,-2,-1,-2,-16,-36,4
134.535587,-1,-88,-16,-15,-4,-1,8,74,4
134.535602,50,7,26,9,4,2,-1,-22,4
134.537009,-97,15,-41,-8,-9,-3,-5,-6,4
134.537023,32,12,0,-9,-1,-1,-4,-18,4
134.549040,-28,50,-1,-4,1,0,-4,-45,4
134.549056,-30,-118,-26,-5,-3,-4,-6,14,4
134.560694,-33,-42,-5,-6,-3,0,15,25,4
134.560699,83,91,53,6,3,-1,6,-25,4
134.573523,-48,34,-6,-2,-2,-5,-22,17,4
134.573553,-2,-42,-30,-9,-4,-4,-4,17,4
134.576201,-58,44,-23,-6,-2,-2,0,-45,4
134.576207,-28,-9,27,8,0,2,0,9,4
134.595980,5,127,6,13,2,2,13,-8,4
134.595990,33,-12,8,-9,0,-1,10,24,4
134.597018,-72,-42,-11,-3,-1,-5,-21,-12,4
134.597034,21,-121,-15,-11,-7,-1,20,36,4
134.618207,62,-118,-19,0,5,3,-28,-11,4
134.618236,-13,16,31,1,-2,0,13,12,4
134.620611,87,69,-7,-4,-3,-2,-2,-88,4
134.620616,48,75,-22,-10,-2,-2,-11,-12,4
134.632957,-79,-34,6,3,-6,-6,8,28,4
134.632980,127,104,-23,-14,-5,-2,-6,-2,4
134.636233,32,1,40,9,3,1,9,-6,4
134.636240,-95,-7,-1,-1,-3,-1,-3,22,4
134.655479,18,55,4,-5,-2,-2,10,12,4
134.655504,-49,2,11,8,2,2,-9,-24,4
134.657194,7,47,2,-1,0,-2,9,30,4
134.657199,-1,-91,-44,-9,-6,-4,-11,-43,4
134.678420,-4,-34,-20,-5,1,-3,14,85,4
134.678453,38,-21,33,18,2,0,-10,53,4
134.680797,-102,-20,-42,-18,-7,-7,-15,-65,4
134.680803,87,-36,12,5,4,0,-5,-27,4
134.693143,36,11,5,1,-2,1,3,-9,4
134.693167,0,-32,-12,-7,-5,-3,-1,22,4
134.694636,44,28,-24,15,7,7,5,-4,4
134.694655,-28,104,79,22,8,3,0,30,4
134.715618,-36,-78,-35,-11,-8,-7,-3,-22,4
134.715643,-2,65,-3,-3,1,1,3,-14,4
134.717681,61,-32,8,-3,1,1,-3,24,4
134.717689,-4,60,-2,-1,0,2,2,-16,4
134.738105,14,34,20,7,7,6,4,9,4
134.738119,-53,-21,11,-1,-5,-1,-1,-31,4
134.739437,96,-18,-8,2,9,6,10,93,4
134.739451,-58,-117,-11,-10,-10,-12,-2,-43,4
134.752921,-59,-81,-34,-14,-3,-4,-32,-37,4
134.752936,10,48,-3,-1,-2,-4,-4,-65,4
134.754678,9,45,19,0,-3,1,3,29,4
134.754751,19,81,15,13,6,4,17,48,4
134.775586,14,6,-7,-6,-2,-2,4,23,4
134.775612,-15,-111,-33,-19,-4,-1,9,-31,4
134.777480,-73,73,112,67,15,5,-7,27,4
134.777488,45,-61,-74,-43,-14,-11,-23,-70,4
134.799881,65,118,10,5,-1,-3,-3,-15,4
134.799888,7,65,6,0,5,1,-3,9,4
134.799891,28,-30,-24,-16,-6,-2,18,19,4
134.799893,-4,35,11,3,2,2,-1,28,4
134.814993,12,108,34,7,-1,2,5,-1,4
134.814999,1,-8,-9,1,1,4,15,27,4
134.819641,94,27,3,4,3,1,-6,33,4
134.819661,28,-45,-14,-3,-3,-6,-16,-39,4
134.835497,3,-68,-2,-4,-1,1,6,7,4
134.835514,-15,47,7,3,-2,-1,-7,8,4
134.837315,-60,-60,-30,-20,-6,-3,-5,-23,4
134.837319,78,101,102,51,17,12,2,118,4
134.858332,19,-53,-46,-26,-12,-11,-4,-26,4
134.858425,-39,67,-17,-2,-4,-3,-9,13,4
134.861186,59,-57,-12,-13,-3,-3,-6,-61,4
134.861196,-71,22,-28,-10,-3,0,13,21,4
134.872982,4,13,27,13,2,4,7,21,4
134.873010,-18,-34,16,6,3,1,-7,-9,4
134.879614,-61,41,-36,-27,-9,-9,4,39,4
134.879663,0,-39,33,21,3,-3,-14,-28,4
134.895663,-119,-81,-45,-19,-8,-7,-8,-67,4
134.895680,53,49,2,-7,-4,-5,-17,3,4
134.897032,13,72,8,-2,-2,-3,-6,-20,4
134.897118,67,83,-17,-8,-1,4,15,40,4
134.918364,-2,44,17,-1,3,2,3,8,4
134.918383,24,-58,2,8,2,1,7,-15,4
134.920751,-36,-78,-27,-8,1,6,7,15,4
134.920759,-100,66,72,17,8,-2,-19,-84,4
134.932321,41,-43,-18,-5,-1,0,25,37,4
134.932346,-46,17,-16,-2,0,-1,-29,-30,4
134.939108,26,41,15,5,3,-3,-2,-2,4
134.939125,-82,-14,-27,-7,-4,-1,7,13,4
134.955418,57,-29,7,1,0,1,8,2,4
134.955433,-2,90,15,1,1,1,6,-34,4
134.956945,-45,3,1,3,-2,-1,-7,-39,4
134.956959,-8,-62,-36,-12,-4,1,1,21,4
134.978104,-81,127,33,12,5,0,0,-10,4
134.978125,-27,-100,-23,-8,0,1,-3,13,4
134.980746,32,80,-5,-7,-6,-6,8,-24,4
134.980752,29,58,-28,-13,-4,-5,-23,43,4
134.992611,1,-2,10,9,0,2,3,14,4
134.992655,57,2,11,-1,-1,1,11,7,4
134.999321,-70,-106,9,4,-2,-4,-5,-3,4
134.999343,-41,34,-25,-11,-4,-2,8,-3,4
135.017636,-57,59,-5,1,0,3,-2,38,4
135.017642,-26,-39,-13,2,-1,-7,-9,-41,4
135.017644,-6,54,17,2,2,1,5,10,4
135.017646,60,12,-9,-4,-5,-2,3,-17,4
135.038661,-52,4,14,8,1,-1,-10,15,4
135.038679,-53,-37,2,1,0,-1,9,65,4
135.039943,-59,-35,-15,-6,-3,-5,-11,-78,4
135.039947,2,-104,-21,-6,0,1,0,2,4
135.052662,84,-83,5,-7,-1,-1,-3,32,4
135.052680,-17,-16,7,12,5,3,18,12,4
135.059759,125,41,25,12,1,1,-2,41,4
135.059795,33,24,-17,-16,-10,-7,-23,56,4
135.075722,49,20,6,0,2,-2,10,-128,4
135.075744,-30,35,4,-15,-8,-9,-15,22,4
135.077111,46,10,-3,5,3,3,19,93,4
135.077134,-23,-96,-30,-7,-3,-3,-8,-77,4
135.098170,89,64,22,15,7,1,2,23,4
135.098193,-62,57,12,-1,-4,-2,-3,-41,4
135.099642,1,14,-6,0,0,3,3,-22,4
135.099648,62,55,5,5,1,3,7,30,4
135.111579,-126,20,-38,-15,-5,-7,-18,-28,4
135.111594,76,-128,-30,4,2,2,13,14,4
135.122364,-16,101,11,-4,-5,-3,-9,46,4
135.122370,-94,-6,9,-4,-1,0,6,-24,4
135.135590,50,-40,-15,1,-2,0,0,22,4
135.135616,-56,-43,-9,13,2,3,6,21,4
135.137404,21,55,39,-4,4,-2,-10,-75,4
135.137408,-1,-94,8,-3,-6,-8,-14,-63,4
135.158162,41,12,-3,-2,-2,0,-4,0,4
135.158180,92,112,-6,-2,-5,2,14,54,4
135.159660,-44,22,3,12,4,2,0,-42,4
135.159685,47,25,0,4,-1,-3,-23,-9,4
135.172138,22,34,10,-9,-1,-4,8,-17,4
135.172144,20,13,12,0,0,-2,-10,-28,4
135.182405,89,1,-49,-17,-8,-2,12,120,4
135.182413,55,124,54,13,3,0,4,-73,4
135.195782,-30,32,-2,-6,-4,0,-8,8,4
135.195803,20,52,5,-3,-1,-3,6,-15,4
135.197331,-51,-36,-19,-2,-4,-1,-22,-16,4
135.197336,0,-120,-16,-4,5,3,14,64,4
135.219128,1,-13,-2,-1,-3,-1,-11,-27,4
135.219134,-36,-18,13,-3,2,1,6,-37,4
135.219575,10,-51,-22,-4,-3,-1,-5,17,4
135.219665,35,-42,-23,-2,1,2,28,76,4
135.234026,-103,48,39,10,1,-3,-35,-57,4
135.234032,89,69,-38,-19,-9,-7,-10,-3,4
135.242362,-3,30,25,8,0,-1,14,-25,4
135.242370,24,50,-22,-7,-1,1,-6,12,4
135.255426,16,1,3,3,3,2,19,34,4
135.255450,-17,-6,10,3,-1,0,-11,-16,4
135.256895,-34,-66,-6,-4,-1,-2,-12,-29,4
135.256909,-33,-17,5,-5,3,4,20,-11,4
135.278399,127,15,41,14,-4,-2,-1,120,4
135.278438,-10,-43,-9,-6,-1,-8,-12,-27,4
135.280645,33,-128,-26,-14,-2,0,2,-54,4
135.280651,15,77,8,14,2,-1,-22,-24,4
135.292177,81,-36,-36,-14,-2,0,5,15,4
135.292207,9,-29,-5,0,1,1,0,22,4
135.301121,-4,17,-1,-2,-3,-3,6,14,4
135.301143,-28,43,0,0,-3,-1,1,-25,4
135.315464,-47,-12,-2,7,3,0,-1,-14,4
135.315486,1,-20,22,3,2,1,-2,-21,4
135.317074,16,-7,1,-1,1,-2,-7,10,4
135.317088,-78,81,9,3,3,-1,8,-10,4
137.340181,-6,3,2,-2,-2,-1,-2,-2,0
137.340533,-5,-3,5,-1,0,0,-1,-2,0
137.340535,7,16,5,0,-2,0,-2,1,0
137.342693,15,16,-1,-4,-2,-3,0,-2,0
137.364340,-13,-4,-8,-2,-1,1,-1,-1,0
137.364386,13,-7,10,2,0,-1,1,-3,0
137.364388,-18,10,2,1,-3,1,-1,2,0
137.364390,-7,-19,-4,-3,-3,1,-1,-3,0
137.384848,-4,-6,0,0,-2,-1,-1,1,0
137.384871,7,8,-8,-2,-2,-2,-1,-2,0
137.385800,-4,3,1,-3,0,-1,0,-2,0
137.385823,-1,-24,-2,2,1,-2,-1,1,0
137.399892,6,4,-7,-1,0,0,0,0,0
137.399910,4,5,8,2,0,-1,0,-2,0
137.400719,23,-15,-6,1,2,0,1,1,0
137.400739,-34,-3,0,-3,-2,-4,-3,-5,0
137.422375,8,6,9,-1,-1,-1,0,0,0
137.422393,-20,15,-10,-3,-3,0,-2,-1,0
137.423484,14,-35,6,2,1,0,0,-3,0
137.423493,17,10,3,1,2,2,-1,0,0
137.445034,-1,4,1,1,-2,-2,-1,-4,0
137.445086,-21,-17,-8,-1,-2,-1,-1,-1,0
137.445894,5,15,-5,-3,-1,-2,-2,-3,0
137.445935,11,31,5,-2,0,0,1,0,0
137.459897,-14,-19,1,2,0,-1,-2,-1,0
137.459921,8,-13,-3,-4,0,-1,0,1,0
137.461154,-12,-1,-2,-2,-2,-1,-2,-2,0
137.461169,-4,-3,-1,-4,0,-1,-1,-2,0
137.482298,12,21,-1,1,-2,0,-1,-2,0
137.482319,-12,-6,-3,0,-1,-1,-1,-1,0
137.483488,1,-8,-3,1,-1,-1,-1,-1,0
137.483493,10,6,-3,1,1,0,1,2,0
137.504846,-4,-2,-4,-6,-1,-3,-1,-3,0
137.504977,6,-12,2,0,0,1,1,0,0
137.505462,5,-1,-1,-1,-2,-2,-1,1,0
137.505505,-5,10,3,3,-1,-1,0,-1,0
137.520260,-1,0,-1,0,0,0,0,1,0
137.520265,-18,-21,-7,-3,-1,-1,-2,-3,0
137.520489,14,10,-2,-5,-3,-2,-1,-1,0
137.520494,7,-8,-3,1,-1,0,0,-1,0
137.542349,-6,5,1,0,-1,-1,-3,-1,0
137.542372,4,-8,-5,0,1,0,-1,1,0
137.543770,1,-18,-2,-2,0,0,0,-1,0
137.543777,7,-3,0,3,-1,-1,-2,0,0
137.565024,-17,3,-2,-2,-1,-1,0,-4,0
137.565053,-8,10,-1,-3,-2,-1,-2,-1,0
137.567599,8,10,-1,1,-2,-4,-1,-1,0
137.567604,0,-5,-6,-5,0,-1,0,0,0
137.579877,1,6,6,-1,-2,-1,0,0,0
137.579901,-1,-1,-1,0,0,-2,-1,-2,0
137.582010,-12,8,-1,0,-1,0,-1,-3,0
137.582017,-3,-18,-1,2,-1,-2,-2,-2,0
137.602338,7,-15,-1,1,0,-2,-1,1,0
137.602355,-6,-4,-4,-3,-1,0,-1,-1,0
137.603564,9,8,3,0,-1,-2,-2,-1,0
137.603568,13,11,1,-3,-2,0,-1,-1,0
137.625426,-3,-2,-6,0,0,-1,0,-1,0
137.625451,-4,-1,2,-3,-2,-1,0,-1,0
137.627996,-9,-1,-1,-1,-1,-2,-2,-3,0
137.628004,12,15,-5,-4,-1,-1,0,-1,0
137.640167,4,2,3,2,3,2,-1,1,0
137.640196,16,-4,-2,-1,-2,-2,-1,-1,0
137.643257,-62,-10,8,1,-1,-2,-3,-7,0
137.643264,-4,-47,-5,-3,-2,-1,-1,-2,0
137.662596,-5,-1,-4,-4,-2,-1,0,0,0
137.662702,6,12,0,-1,-3,-1,0,2,0
137.663087,20,21,-4,-4,-1,-2,-1,2,0
137.663170,-8,13,2,0,-2,-2,-2,-1,0
137.684981,0,1,-4,-3,-1,-1,0,-1,0
137.687286,10,8,1,1,-2,-1,-2,-3,0
137.687292,25,-10,-1,0,-1,0,2,2,0
137.687294,-55,-6,2,-1,-1,-1,-3,-3,0
137.700021,22,-11,-4,-3,-3,0,-3,-2,0
137.700043,-34,-2,-3,-2,0,-1,-1,-2,0
137.702221,11,0,2,2,-1,-1,0,-1,0
137.702227,22,11,-1,-3,0,0,0,0,0
137.724421,-5,7,-1,-1,-1,-1,0,0,0
137.724427,-8,-20,-1,0,1,-1,0,-1,0
137.724429,-1,-2,-3,-3,-1,-1,0,-1,0
137.724430,6,3,-2,-2,-4,-2,0,0,0
137.745177,-3,5,1,2,-2,-1,-1,-2,0
137.745210,-21,2,-4,-2,-1,-3,-4,-3,0
137.746878,-3,-7,2,1,1,-1,3,1,0
137.746884,3,7,-4,-4,-1,-2,-1,-1,0
137.759856,-2,2,-4,-1,-1,-2,-1,-1,0
137.759877,10,28,-2,-1,-2,-1,-1,0,0
137.761320,-7,-51,2,1,-1,-1,-2,-2,0
137.761327,-1,1,-19,-6,-3,-1,0,0,0
137.782386,2,-17,37,7,2,0,2,0,0
137.782409,5,7,-1,0,-3,-1,1,1,0
137.785033,24,27,-2,-3,-1,1,-1,1,0
137.785043,-60,-3,3,1,0,-1,0,-3,0
137.804999,-2,-1,-12,-3,0,-2,-3,-4,0
137.805028,7,-2,-1,-4,-1,0,-1,1,0
137.805697,-28,0,1,0,1,-1,-2,-4,0
137.805716,-1,-9,-1,2,0,-1,-1,0,0
137.819768,-2,10,-5,-1,-1,1,-1,0,0
137.819792,-8,-10,5,-2,0,-2,-1,-3,0
137.821189,13,0,-7,-5,-1,-2,-1,2,0
137.821195,16,3,5,0,0,-2,-3,-1,0
137.842456,-16,-2,-6,-5,-3,-2,-1,-2,0
137.842478,13,-5,0,-1,-1,0,1,-1,0
137.843843,-4,-1,0,4,0,-1,-3,1,0
137.843849,9,28,3,-1,-1,-1,0,-1,0
137.864774,2,-23,-1,-2,-2,0,-1,1,0
137.864827,-3,-5,1,1,1,-1,1,1,0
137.865519,-9,3,-5,-2,-2,0,-2,-1,0
137.865531,48,1,0,0,2,-1,0,1,0
137.879601,-47,29,-14,-1,-1,-1,-2,-4,0
137.879636,-19,-68,-4,-2,0,-2,-1,-2,0
137.887385,-22,-5,-8,-4,0,-1,0,-4,0
137.887402,15,10,7,3,0,1,0,1,0
137.902768,19,11,-3,-1,-1,0,-1,1,0
137.902880,-3,16,0,-2,1,0,0,-2,0
137.904091,16,8,0,-3,-2,-3,1,0,0
137.904100,-1,-15,-5,-3,-2,-1,-1,-3,0
137.924903,5,1,2,0,-2,-2,-3,-3,0
137.924919,-9,-4,-3,1,0,0,0,1,0
137.925929,8,-5,-4,-3,-1,-1,0,-1,0
137.925959,9,5,3,0,-1,1,-1,0,0
137.939972,-2,-7,4,0,-1,0,-1,1,0
137.939999,7,2,-1,0,-1,-3,-2,-1,0
137.942416,-5,6,-11,-5,-4,1,-1,0,0
137.942426,38,15,11,1,-2,-1,-2,-1,0
137.962539,-76,-24,8,-3,0,-1,0,-1,0
137.962565,6,1,-8,-2,-4,-2,-2,-1,0
137.964299,-13,-1,1,-1,-1,-3,-1,-2,0
137.964305,-15,-11,-7,-3,-2,-1,-2,-2,0
137.986630,40,12,-4,-2,-2,-2,1,2,0
137.986634,0,17,7,-1,2,0,-1,-2,0
137.986636,-12,-5,-3,0,0,1,0,-1,0
137.986638,-3,-4,-1,-1,-1,0,-2,2,0
138.001811,5,-7,-1,-5,-1,0,1,1,0
138.001815,-1,-6,-3,2,-3,-1,0,-1,0
138.001817,11,3,0,-1,-1,-2,-1,0,0
138.001819,-16,-1,4,3,1,0,-1,-1,0
138.022449,11,-5,4,1,-1,1,-1,0,0
138.022472,5,5,1,-2,-2,-2,-2,-1,0
138.024449,5,1,-2,-2,-2,1,-1,-1,0
138.024453,-10,-3,-1,-3,-3,-1,0,-2,0
138.044880,2,-7,-9,-4,-3,-2,-2,-3,0
138.044915,1,11,6,3,1,2,1,-1,0
138.047666,2,1,2,-2,1,-1,-1,-1,0
138.047673,15,-9,-4,0,-1,-1,-1,1,0
138.059364,7,32,4,0,-2,-1,-1,0,0
138.059390,-12,-35,-5,3,2,2,-3,-1,0
138.067925,-17,1,-1,2,-1,-1,-4,-6,0
138.067946,-15,-16,-5,-2,-1,-1,-2,-3,0
138.082262,23,-8,-1,-1,1,-1,-2,-2,0
138.082280,18,19,0,-2,-3,-1,0,0,0
138.083064,-30,-2,1,-2,-2,-2,0,0,0
138.083077,-1,-3,-5,-2,0,-1,0,-1,0
138.104841,5,5,-4,-2,-1,-2,-1,1,0
138.104865,-14,5,1,-2,-1,-2,-1,-3,0
138.107066,12,-8,1,1,2,-1,0,0,0
138.107074,-5,4,-3,-1,-2,-1,0,-1,0
138.119324,-4,-8,-3,1,-1,-2,-2,0,0
138.119340,35,7,2,1,0,-1,0,1,0
138.127353,-52,-9,2,-3,-1,-1,-2,-3,0
138.127360,-8,-4,-6,0,0,-2,0,1,0
138.143939,-8,-11,-1,1,-2,0,-3,-3,0
138.143947,9,25,-8,-7,-4,0,-1,-2,0
138.143949,31,-18,6,3,2,0,1,1,0
138.143951,-20,-10,0,-2,0,1,-1,0,0
138.164936,3,-3,-4,-3,0,-3,0,-2,0
138.164958,13,-6,0,-1,0,-1,-1,0,0
138.167360,5,16,-4,0,-2,-3,-1,-2,0
138.167365,-17,-1,12,0,-1,-1,-1,-2,0
138.179399,14,-3,-8,-1,1,-1,-1,1,0
138.179430,-21,9,-2,-2,0,-1,-2,-3,0
138.187783,11,-8,-2,-2,-1,-3,-2,1,0
138.187793,3,-3,-1,0,0,-1,-1,-3,0
138.204176,5,6,0,-4,-1,0,0,-1,0
138.204182,-17,-10,-3,1,0,0,1,-3,0
138.204184,6,0,-1,-2,-2,2,1,1,0
138.204185,5,5,-3,1,-1,-2,-4,-2,0
138.225833,30,29,4,1,0,1,0,0,0
138.225875,-64,-37,4,-2,0,-2,-1,-2,0
138.225884,-16,-8,-4,-3,-3,-1,-2,0,0
138.225892,4,8,3,0,-1,-3,0,-1,0
138.239623,0,-13,-5,-1,0,-1,1,-1,0
138.239648,3,5,-5,-2,-2,0,-1,1,0
138.247416,27,9,-1,0,-2,0,1,-1,0
138.247443,-11,9,-9,-5,-1,-2,-2,-1,0
138.262351,6,-16,9,4,-1,0,2,3,0
138.262369,-5,1,-1,-3,-1,1,-1,-2,0
138.263771,10,4,5,-1,1,0,-2,-1,0
138.263775,2,12,-6,0,0,-1,-2,0,0
138.284921,-14,-24,-2,-1,0,-1,-2,-3,0
138.284936,13,0,-5,-3,-2,-1,-1,0,0
138.285523,-6,2,0,0,-2,1,-1,-3,0
138.285537,9,3,8,1,2,1,0,0,0
138.299551,-9,7,-5,-2,-1,-2,-3,-5,0
138.299580,13,4,4,1,1,-1,-1,3,0
138.307856,-12,-1,-10,-4,-3,0,-2,-1,0
138.307875,3,-5,4,-3,-3,-1,0,0,0
138.322590,-13,-1,-1,3,-1,0,-1,-3,0
138.322620,23,16,0,0,0,-1,-1,-1,0
138.324523,5,25,0,0,-3,-2,-1,1,0
138.324529,-2,-49,-5,-2,-3,0,-1,-2,0
138.345281,-13,-7,-4,1,-1,0,-1,-1,0
138.345289,-2,-3,-3,-6,-3,-3,-1,-1,0
138.345641,5,1,2,4,1,-1,-1,0,0
138.345648,-1,9,-4,-2,-1,0,-1,-1,0
138.359451,-1,4,1,-3,-2,-1,-1,0,0
138.359692,5,11,-3,0,-1,0,-1,1,0
138.367691,2,-6,1,-2,0,0,-1,0,0
138.367707,-3,-21,-7,-3,-4,-3,-2,1,0
138.382373,2,16,-4,-3,-4,-3,-2,0,0
138.382415,-14,-19,3,2,0,-1,-1,-2,0
138.383051,-16,-14,2,2,0,-3,-1,-1,0
138.383130,-8,6,1,-1,-1,0,0,-1,0
138.405358,1,6,2,-3,0,0,1,1,0
138.405386,-6,17,1,-2,-2,0,0,-1,0
138.408404,21,1,-4,-1,-2,-1,0,0,0
138.408411,23,10,5,0,1,-1,0,0,0
138.428064,-30,0,4,0,-2,-1,-1,-3,0
138.428084,-1,-6,-1,-2,1,-2,-3,-1,0
138.430044,-4,-18,-3,-2,-1,0,0,0,0
138.430052,10,13,2,-1,-1,0,-1,0,0
138.442463,17,-6,-4,-4,-1,0,-1,-1,0
138.442488,-2,-7,-4,1,-2,-1,-1,0,0
138.443795,2,6,1,-2,1,0,-1,1,0
138.443800,-4,-3,-3,-3,0,-1,-2,0,0
138.465206,-3,-2,1,-1,0,0,-2,-1,0
138.465232,-12,-3,-1,2,0,0,0,-1,0
138.467195,5,9,-2,-3,-2,-2,-2,-3,0
138.467200,2,7,-11,0,0,-2,0,-1,0
138.488475,-4,-29,19,2,0,-1,-1,-5,0
138.488492,3,-5,-4,-2,-3,-1,-1,-1,0
138.490249,4,12,0,-3,-1,-1,1,0,0
138.490253,-13,8,6,3,1,-1,1,-1,0
138.502258,38,4,-9,-2,0,-2,0,3,0
138.502272,-40,3,0,-2,-1,-2,0,-2,0
138.503057,-22,-6,-3,-1,-2,-2,-2,-3,0
138.503163,-15,36,4,-1,-2,-2,-1,-2,0
138.525600,-1,-62,-10,-3,1,-2,-2,-1,0
138.525644,25,-5,1,2,-1,-1,-1,-2,0
138.528306,3,-6,-3,0,-1,0,0,1,0
138.528315,0,0,1,-1,-3,-2,-2,-2,0
138.548383,3,24,-4,1,-1,-1,-1,1,0
138.548390,3,0,4,-1,-1,-2,-2,0,0
138.548572,-2,-5,0,-1,-1,-2,-3,-1,0
138.548585,-1,-11,0,1,0,0,-1,-3,0
138.563591,-19,7,-4,-2,0,0,-1,-1,0
138.563595,3,0,-1,-2,-1,0,-3,-3,0
138.563598,1,4,3,2,0,1,0,0,0
138.563600,3,-4,-4,-2,0,-2,-2,0,0
138.584906,-9,1,-7,-3,-3,-3,-1,0,0
138.584924,-7,-11,4,5,0,0,0,-1,0
138.586960,31,4,3,0,0,-2,-2,-1,0
138.586964,-56,-24,-1,-2,-1,-1,-2,-2,0
138.609369,12,16,-3,-1,-2,0,1,0,0
138.609379,4,5,0,-1,-1,-1,0,0,0
138.609383,0,3,1,-3,0,-1,-1,-1,0
138.609387,25,12,-2,-1,-2,0,0,2,0
138.622249,1,13,-2,0,0,0,-1,-1,0
138.622271,-7,-50,-4,-3,-1,-1,-3,0,0
138.624808,-6,-8,4,0,1,-2,1,1,0
138.624823,7,-3,-5,-1,0,-3,2,0,0
138.645253,-7,12,-3,-2,-3,-1,-1,-1,0
138.645289,11,17,-7,-3,0,1,1,0,0
138.645655,-4,-8,-3,2,0,0,-2,-1,0
138.645669,6,21,11,0,1,-1,0,0,0
138.668196,-12,-24,1,3,0,0,0,1,0
138.668221,-5,1,-1,-2,-1,-1,-1,-1,0
138.670441,-2,-8,-8,-4,-2,-1,-2,-5,0
138.670448,-13,-3,-5,-3,-2,-1,-1,-1,0
138.682356,0,6,-1,0,1,1,-1,1,0
138.682380,33,17,-1,-3,-1,-3,1,1,0
138.684721,-51,-6,-1,-2,-3,-2,-2,-3,0
138.684724,6,-28,-5,1,-1,2,0,1,0
138.705577,-4,1,9,2,1,-1,0,-4,0
138.705661,-2,0,-4,-3,-3,-2,-2,-2,0
138.705675,12,14,1,-2,-1,1,-1,0,0
138.705679,7,-8,-9,-3,-2,-3,-2,-3,0
138.728149,-10,2,-1,-1,-1,-1,-1,-1,0
138.728169,6,26,6,5,0,1,-3,0,0
138.729782,1,-24,-7,0,-1,0,0,3,0
138.729787,-11,-9,7,-4,-1,0,-1,-3,0
138.742423,11,3,-8,0,-2,-3,-3,-1,0
138.742450,15,8,-1,0,0,-2,0,-1,0
138.744622,-6,0,2,-2,-1,-1,-1,-2,0
138.744633,0,-2,-6,-3,-2,-2,-2,1,0
138.764863,-10,-6,1,-4,-3,0,0,-2,0
138.764868,0,-5,-4,-1,-1,-2,-1,-1,0
138.765448,17,9,1,1,0,0,1,2,0
138.765454,-9,-3,-4,-3,0,0,-3,-2,0
138.788130,6,1,2,-4,-1,-1,0,-1,0
138.788159,-16,-7,-5,-1,-2,-2,-2,-1,0
138.790348,12,27,-5,-3,-1,0,0,-1,0
138.790354,-1,-19,2,0,0,-1,-1,0,0
138.802504,10,0,-6,-4,-1,-1,-2,2,0
138.802527,-15,-13,0,0,0,0,0,-3,0
138.805005,4,-20,7,-3,0,0,-1,0,0
138.805010,12,16,-1,5,0,-2,0,-1,0
138.825371,-6,7,-3,-2,-1,-2,-2,-3,0
138.825402,-9,0,0,-2,-3,0,0,-2,0
138.827789,-5,9,1,1,-1,-1,-1,-1,0
138.827796,-1,-3,-6,0,-1,-1,0,0,0
138.848085,-3,-7,6,-2,1,-1,-2,0,0
138.848110,3,4,2,-1,0,-2,-3,2,0
138.848747,-15,-8,-9,-1,-1,-3,-1,-3,0
138.848761,2,-3,0,-2,-4,-1,-1,-1,0
138.862456,-5,0,-3,0,0,-1,0,0,0
138.862580,18,-5,-5,-5,-3,-1,0,0,0
138.863079,14,1,5,0,1,-1,-1,-1,0
138.863107,-13,-3,-5,-2,1,0,-4,-2,0
138.885184,2,13,2,0,-2,-1,-1,-1,0
138.885214,5,-19,1,0,1,-1,1,-1,0
138.887801,-16,-4,-8,0,0,-3,-2,-4,0
138.887813,5,-23,0,0,0,0,-1,0,0
138.908373,2,5,-5,-3,-1,1,0,-1,0
138.908412,-9,5,-3,-3,-1,-1,-2,0,0
138.908768,9,8,2,1,1,-2,-3,0,0
138.908785,4,10,0,-2,-1,0,-1,0,0
138.922327,-9,-5,0,2,-1,-1,0,-1,0
138.922341,-4,-5,-4,1,-1,0,1,1,0
138.923049,-7,-8,-6,-6,-4,-2,-1,-2,0
138.923063,4,23,9,6,2,0,-2,0,0
138.945055,4,-19,4,-1,1,-1,0,-1,0
138.945098,-42,-15,-4,-1,-2,-2,-3,-3,0
138.947375,2,4,1,0,0,-2,-1,0,0
138.947381,1,-8,-3,-4,-3,0,0,-2,0
138.968655,5,14,-1,-1,-1,0,-2,-1,0
138.968661,8,10,4,-1,0,-2,-1,-2,0
138.968663,-7,-13,-9,0,-1,1,1,0,0
138.968664,0,3,6,-2,-3,-2,0,0,0
138.984725,15,4,6,4,-1,-1,-2,0,0
138.984731,11,19,0,-1,1,-1,1,0,0
138.984733,-27,-24,2,1,0,-3,0,-1,0
138.984735,21,-1,-1,-4,-3,0,0,-4,0
139.005253,-34,-11,-5,-3,0,0,0,-2,0
139.005282,16,5,0,-1,-1,-2,-2,-1,0
139.007410,12,38,1,-1,-1,0,0,0,0
139.007414,-11,-27,-2,-1,0,-2,-1,1,0
139.028445,1,-18,-2,-3,-2,-1,-2,-2,0
139.030397,-10,3,0,2,4,1,-2,-2,0
139.030403,2,0,-1,0,1,2,0,2,0
139.030405,-4,12,-3,-1,-2,0,-3,-4,0
139.042356,12,7,-5,-2,0,0,0,1,0
139.044562,-36,-14,-1,-4,-2,-2,-1,-3,0
139.049852,3,-3,-5,-1,-2,0,-1,-1,0
139.049874,9,11,5,2,-1,-1,1,1,0
139.064946,-12,-12,4,0,1,-1,0,0,0
139.064964,8,-1,-5,-1,-2,-1,-2,-1,0
139.065549,2,-5,7,0,1,0,0,0,0
139.065560,-2,8,-6,-1,1,0,-1,0,0
139.087916,9,2,-3,-3,-2,-3,-3,-2,0
139.087941,22,-13,-5,0,-2,-1,1,1,0
139.088930,-34,-8,-2,-3,-4,-1,-2,-3,0
139.088933,-2,-8,-5,1,0,-3,-3,0,0
139.101813,-7,10,1,0,-1,-1,-1,-1,0
139.101832,14,-2,-1,-2,-2,0,-2,-1,0
139.110028,13,3,0,0,0,-1,0,1,0
139.110035,-7,-4,-4,-4,1,0,-1,-1,0
139.125590,4,33,5,1,-1,-1,0,3,0
139.125603,-6,-18,-1,-3,-1,-2,-2,0,0
139.125667,6,-17,-3,0,-1,-1,0,-2,0
139.125674,-15,-4,3,0,-1,-3,-1,-1,0
139.148007,-19,-1,-8,-3,-1,-2,-1,-2,0
139.148031,-5,7,1,-2,0,-2,-1,-1,0
139.150599,4,13,1,1,0,-2,-2,-1,0
139.150603,11,-1,-5,-6,-1,0,0,1,0
139.161718,0,-10,0,0,-4,-1,0,-2,0
139.161770,-2,13,8,2,-1,0,-2,-1,0
139.172729,-1,-11,-7,3,2,1,0,2,0
139.172735,25,-1,-1,2,0,-2,-1,-1,0
139.187568,-49,-8,-11,-2,-3,-2,-1,-2,0
139.187574,-4,-10,-1,-4,-1,-2,-1,-2,0
139.187576,7,6,9,2,-1,-1,-1,-1,0
139.187578,2,1,-2,-2,-1,-1,-1,-1,0
139.208927,17,-2,-4,-3,-2,-1,0,1,0
139.208963,-2,6,-3,-3,-2,0,1,-1,0
139.211753,8,3,-4,-3,-2,-2,-2,-2,0
139.211762,-1,-5,6,3,-1,0,0,1,0
139.221745,-33,-23,-2,2,1,0,-2,-2,0
139.221760,-21,0,-1,-1,-1,-1,-3,-4,0
139.230046,6,-6,-6,-3,-2,-1,-1,-2,0
139.230071,2,14,-3,-3,-2,0,-3,-1,0
139.245190,19,1,2,1,0,0,0,0,0
139.245229,4,-2,-2,0,0,0,0,3,0
139.247012,-4,7,-1,-5,-2,-1,-1,-1,0
139.247018,-13,-5,1,3,-1,-2,0,0,0
139.268462,8,0,2,-2,-1,-2,-1,-3,0
139.268471,-1,-3,-7,0,-1,-2,0,-1,0
139.268776,2,2,2,-1,0,-1,-1,0,0
139.268797,-9,-2,-6,-2,-2,-1,-1,-2,0
139.281625,11,1,-2,-1,-4,-1,-2,-2,0
139.281665,20,-3,-2,-2,1,0,3,1,0
139.289848,7,0,2,-2,-3,0,-1,-5,0
139.289870,-24,-9,2,-1,-1,-1,0,-1,0
139.304857,13,4,-5,-1,-1,-1,-2,-1,0
139.304879,-4,2,8,2,0,0,-2,-2,0
139.306566,-9,-12,-7,-2,-2,0,-1,0,0
139.306578,4,-7,-5,-2,-1,-1,-1,-1,0
139.328257,7,2,3,-1,1,-1,-1,0,0
139.328273,5,8,-2,-1,0,0,-2,0,0
139.328881,1,9,0,-5,-1,-1,1,0,0
139.328908,-3,0,-2,6,1,0,0,-2,0
139.350544,-8,-1,-5,-1,0,0,-1,1,0
139.350566,-2,-5,-1,-2,0,-2,-1,0,0
139.351727,-8,-8,3,3,2,0,-2,0,0
139.351731,-4,0,-2,-2,-2,-3,-1,-1,0
139.364722,7,-9,-1,-1,-1,0,-1,-1,0
139.364789,1,8,0,0,-2,0,0,-1,0
139.365560,-1,-2,-1,-1,-1,-1,-1,0,0
139.367057,41,4,0,-2,0,0,0,1,0
139.388950,-76,-6,-2,-2,0,-2,-1,-4,0
139.388955,-24,-5,-4,-2,-2,-2,-2,-1,0
139.388957,-5,3,-7,-2,-1,-2,-2,-1,0
139.388959,2,-5,7,1,0,2,1,0,0
139.410464,36,18,6,-1,-2,-1,-3,-2,0
139.410486,2,-14,-3,0,-1,-1,-1,0,0
139.411611,-5,-6,0,-1,-2,-3,-1,0,0
139.411622,-12,21,2,0,1,-2,-2,-2,0
139.424952,8,-24,-7,-6,-1,0,0,0,0
139.424982,1,5,3,3,-2,-2,0,0,0
139.427357,18,-4,0,-2,-1,-1,0,-2,0
139.427363,-18,-2,-1,-2,-1,-2,-3,-3,0
139.448090,3,3,4,3,-1,-2,-2,-2,0
139.448114,9,0,-2,-2,-2,0,-2,0,0
139.449279,-5,12,0,-1,-1,-1,-1,1,0
139.449283,-5,-15,-5,-2,-2,-1,0,-1,0
139.470965,5,0,-4,-2,0,0,1,1,0
139.471061,22,4,-3,-1,-1,0,0,0,0
139.471115,3,16,6,2,1,1,-1,-1,0
139.471222,-39,-27,-2,-2,-2,-2,-1,-3,0
139.484923,14,-3,-4,-1,2,0,0,1,0
139.484939,-2,5,2,-4,-2,-2,0,-3,0
139.485615,11,7,-1,1,-1,-2,1,2,0
139.485633,12,13,-5,0,-1,-1,0,0,0
139.508219,-3,-12,3,-2,-3,-1,-1,-2,0
139.508256,-6,0,-4,0,-2,0,-1,-1,0
139.510711,-8,-9,-2,-5,-1,-2,-2,-2,0
139.510729,6,4,0,0,-1,-3,-3,-1,0
139.530415,3,3,-10,-2,2,-2,-1,0,0
139.530424,-32,-8,6,3,0,-1,-1,-2,0
139.531103,-3,16,0,1,-2,1,0,-2,0
139.531169,1,-23,-3,-2,0,1,-1,1,0
139.545530,-11,3,-8,-3,-2,-4,-3,0,0
139.545540,8,5,-1,-3,0,-1,-2,1,0
139.545810,-8,-12,-3,0,-1,0,0,1,0
139.545823,0,17,-1,0,1,0,0,-2,0
139.568335,39,13,8,3,2,1,0,-2,0
139.568358,-62,-14,-5,-2,-2,-2,-2,-2,0
139.569965,-3,4,-6,0,-1,-1,0,1,0
139.569973,3,-11,5,1,0,1,-2,-2,0
139.591526,-1,-6,-2,0,-2,0,-1,-2,0
139.591538,16,4,1,-2,2,1,-1,-1,0
139.591540,2,-2,0,-2,-2,0,-1,-2,0
139.591542,-14,0,-2,-5,-4,-1,-1,-1,0
139.607090,-3,16,-8,2,0,-1,-2,0,0
139.607097,22,-17,5,3,3,0,3,2,0
139.607099,-12,-19,0,0,-1,0,-2,-3,0
139.607100,17,6,-1,-2,0,-2,0,3,0
139.628066,-38,-2,3,-1,-4,-1,-3,-4,0
139.628087,14,11,-5,-4,-1,-1,-1,-1,0
139.629725,5,-4,2,0,2,-1,-2,0,0
139.629734,24,-2,-5,-2,-2,-1,0,-4,0
139.650584,-47,4,8,-2,-1,-1,-1,-3,0
139.650606,1,1,-2,0,0,-1,-2,-1,0
139.653406,-9,-5,7,0,0,-2,1,-1,0
139.653412,5,12,-5,-1,-1,-1,-1,-1,0
139.665118,23,8,0,-1,0,-2,1,1,0
139.665147,2,-11,2,0,-2,-1,0,-2,0
139.667810,-13,0,-4,-1,-1,0,-2,-2,0
139.667817,11,-3,-2,-2,-1,-1,-3,-1,0
139.688071,8,-3,1,-3,0,-1,0,0,0
139.688094,-1,9,-5,-2,-2,-3,-3,-4,0
139.688670,6,0,-4,-3,-3,-2,0,0,0
139.688683,-32,-3,11,6,1,0,-2,-2,0
139.710747,-4,-24,-5,-2,-1,-1,-1,0,0
139.710781,9,5,-1,-2,0,-1,-2,-2,0
139.712798,5,0,-8,-3,-1,-2,-1,-2,0
139.712807,-7,6,-3,-2,-1,-2,-1,-1,0
139.724917,16,-1,1,0,-1,-1,-2,0,0
139.724941,-8,0,-4,-3,-2,0,0,0,0
139.727225,-2,3,-1,1,1,-1,-2,-1,0
139.727233,-3,-3,-3,-1,-1,-1,-1,-1,0
139.748014,13,0,-2,-2,-2,-1,1,0,0
139.748038,5,4,1,-1,0,-1,0,0,0
139.748726,-36,-12,-4,-1,-2,-2,-3,-5,0
139.748735,6,-2,-3,-2,-2,-1,0,1,0
139.770505,8,-3,2,3,0,0,-1,0,0
139.770528,-2,1,-10,-2,0,0,0,0,0
139.771602,10,16,10,1,2,1,0,1,0
139.771608,-5,-15,0,-3,-3,0,0,0,0
139.785052,-5,-6,-2,-2,-1,-2,-2,-2,0
139.785076,9,2,-3,-2,0,-2,-1,2,0
139.787630,17,-5,-6,-3,-2,-3,-2,-2,0
139.787637,-10,12,0,-2,-2,-1,0,0,0
139.810190,18,2,-4,-4,-3,-1,-1,0,0
139.810201,-17,-6,2,1,-2,0,0,-3,0
139.810203,11,9,2,0,-3,-1,0,1,0
139.810205,-1,-12,4,3,0,0,0,-1,0
139.830474,-11,-7,0,-1,1,-2,-1,-3,0
139.830491,14,6,1,2,-2,-2,-2,-4,0
139.832054,-11,-27,-3,-2,-2,-2,-1,-2,0
139.832059,8,5,-3,-4,-1,0,0,0,0
139.845282,-14,3,0,-1,-1,-2,-2,-1,0
139.845312,-2,10,6,5,2,-1,1,-2,0
139.845864,5,1,1,-1,-1,1,0,1,0
139.845896,5,14,7,3,1,-1,-1,-2,0
139.868754,-17,-9,-8,-2,1,1,0,-1,0
139.868918,18,-5,1,-4,-1,0,-2,0,0
139.871386,-56,-13,-8,1,0,-2,-2,-2,0
139.871393,-5,-5,-4,-2,-1,-1,-1,0,0
139.890657,0,10,1,0,-1,1,-1,0,0
139.890710,0,1,2,0,0,-1,-1,-2,0
139.891107,16,0,-1,-1,0,-2,-1,-1,0
139.891120,21,25,-6,0,-1,0,-1,1,0
139.904813,2,-16,-3,0,1,-1,-1,1,0
139.904831,-7,-24,-5,-4,-1,-2,-1,-1,0
139.905493,11,3,2,-2,0,-1,0,-1,0
139.905557,-15,-6,-5,-2,-1,-1,0,-1,0
139.928106,24,12,4,0,-1,0,0,-1,0
139.928147,-16,7,4,-3,-1,1,1,3,0
139.929989,5,2,2,-2,1,-1,-1,-2,0
139.929994,4,0,1,0,-1,0,-1,-1,0
139.950530,-12,-4,-3,-2,-1,-1,-2,-2,0
139.950541,-18,-3,-5,-1,-2,-1,-1,-1,0
139.951196,9,18,6,1,0,0,0,-2,0
139.951209,-9,-32,0,2,1,-1,-2,2,0
139.964085,6,4,1,0,-1,-1,-1,0,0
139.964094,7,1,-1,-4,-1,-1,2,-1,0
139.972741,-3,-10,-2,-2,-3,-3,-1,1,0
139.972760,-3,5,-1,-2,-1,0,-2,-2,0
139.988099,-11,2,3,-1,-1,-1,0,-1,0
139.988121,9,8,0,0,0,-2,-2,-2,0
139.989509,8,-4,0,-1,-2,1,0,0,0
139.989517,-20,4,2,0,-1,-1,-1,-3,0
140.010485,12,9,-4,-2,-4,-3,0,-2,0
140.010492,-44,-42,-9,-1,-2,-1,-3,-4,0
140.011199,8,1,3,2,1,0,-1,0,0
140.011210,-18,-1,-1,-4,-2,-1,0,-1,0
140.024420,10,22,6,2,0,-2,-1,1,0
140.024441,26,-7,2,1,0,0,-1,0,0
140.032760,-27,-1,-4,-2,-1,-1,-1,-2,0
140.032784,22,5,0,-1,-1,-3,-1,-1,0
140.047988,2,-4,-3,-3,-1,-1,-2,0,0
140.048005,-18,5,0,-1,1,-1,-1,-2,0
140.048686,9,-7,-4,-2,0,0,-1,0,0
140.050729,3,12,-3,-3,-1,-2,0,-2,0
140.070624,-7,-15,2,0,0,1,0,0,0
140.070646,7,-8,1,-4,-2,-1,0,0,0
140.072539,5,2,1,3,-2,0,-2,0,0
140.072545,-3,-5,-3,-1,-1,-1,-2,-3,0
140.084601,-2,-6,-9,-1,-4,1,-1,0,0
140.084624,12,12,6,-1,-2,0,0,0,0
140.094849,-22,7,-3,-2,-1,-2,-2,-3,0
140.094857,-2,-9,2,-1,-1,0,-1,0,0
140.108673,-6,-11,-1,1,0,0,1,0,0
140.108703,12,22,-7,-4,-3,-2,0,1,0
140.111064,-7,-31,-9,1,-1,0,-1,-3,0
140.111072,-14,0,-7,1,0,0,-1,1,0
140.130580,-24,0,4,-2,-1,0,0,-5,0
140.130606,-6,-17,1,0,-1,-1,-1,0,0
140.132694,5,2,-3,-2,-1,-2,0,-1,0
140.132700,9,2,-1,-2,0,-1,-1,-2,0
140.144271,6,4,5,0,-1,1,0,0,0
140.144316,3,7,-5,-1,-1,-1,-1,0,0
140.153099,-2,0,2,-4,-2,0,-2,-1,0
140.155373,9,2,-3,-1,1,0,1,1,0
140.167935,-10,4,2,-1,0,-1,-1,-2,0
140.167942,5,0,-2,0,1,1,0,-1,0
140.169356,11,12,-8,-3,-3,-2,-3,0,0
140.169363,-8,-1,9,1,-1,0,1,0,0
140.190975,-3,-28,-1,-1,-3,-2,-2,-1,0
140.190999,-4,-5,-1,2,-1,-2,0,-2,0
140.193596,19,6,2,-2,-1,-1,0,-2,0
140.193603,-18,3,-4,0,-1,-2,0,-1,0
140.204273,7,2,-3,-2,-2,-1,0,0,0
140.204295,1,6,3,0,0,0,-1,0,0
140.213083,17,5,-2,-3,-2,-3,-2,2,0
140.213100,-3,28,-6,-4,-2,-1,-3,-1,0
140.228335,25,-32,5,2,1,1,-1,0,0
140.228340,-52,-19,-8,-3,-1,-2,-2,-4,0
140.229656,5,-2,-3,1,-1,0,1,1,0
140.229676,7,-2,-3,-1,0,-1,0,0,0
140.250618,-1,6,-5,-4,-2,-1,-1,-1,0
140.250646,13,15,0,-2,-3,-1,-2,1,0
140.253503,-16,-11,6,0,2,-2,0,-1,0
140.253508,21,6,4,1,-2,-2,0,2,0
140.273279,-22,7,-3,-4,-2,0,-1,-4,0
140.273313,2,-6,-2,3,-1,-1,0,0,0
140.276325,-17,-6,-4,0,-1,-1,-1,-1,0
140.276338,3,-20,0,-2,-2,0,-1,2,0
140.288257,10,6,-1,-2,-3,-2,-4,-2,0
140.288280,-3,-3,0,-1,-2,-1,-1,-1,0
140.289773,4,11,-8,-1,0,0,-1,-1,0
140.289777,28,14,4,-1,0,-1,-1,-1,0
140.310806,-49,-21,3,1,0,-2,0,-1,0
140.310852,1,4,-3,0,0,-1,-1,0,0
140.312241,-8,-4,4,-1,0,1,1,0,0
140.312339,7,-5,-6,-4,-2,-2,-2,-3,0
140.332964,10,28,-3,-1,-1,-1,0,1,0
140.332986,11,-11,3,-1,-1,-2,-1,1,0
140.334661,22,-11,0,3,1,-2,1,-1,0
140.334669,-42,-14,-5,-5,0,0,0,0,0
142.358111,39,-39,-26,-12,-2,2,-1,-5,4
142.358978,69,-70,-41,-19,-7,-1,8,-1,4
142.365477,28,108,18,9,0,-1,-3,11,4
142.365499,-7,49,9,4,-1,-1,6,-31,4
142.372410,18,23,-7,-5,-2,-4,-4,27,4
142.372531,-70,-8,3,-1,-1,-3,-1,-17,4
142.380678,-6,2,-3,-2,0,1,-3,22,4
142.380682,-94,-67,17,1,1,2,-4,-56,4
142.395967,78,20,-12,-3,-1,2,10,57,4
142.395972,-47,73,86,27,-3,-13,-30,-90,4
142.396909,-4,-98,-28,-11,-6,-1,18,27,4
142.396917,39,122,49,17,6,5,-3,-34,4
142.418626,-50,51,1,-10,-2,-2,3,-22,4
142.418657,89,-14,-33,-12,-2,4,-9,41,4
142.420893,58,-55,-19,-10,-7,-7,9,-6,4
142.420899,5,-17,-1,0,-2,-1,-20,-2,4
142.432281,21,38,16,9,5,4,1,41,4
142.432305,-40,20,-21,-7,-1,0,-10,-38,4
142.439742,-73,71,19,5,4,-1,-8,-17,4
142.439764,2,-128,-40,-8,-1,2,13,26,4
142.455809,24,18,8,-5,-4,-7,-10,54,4
142.455833,-99,85,-11,21,7,7,18,-51,4
142.458236,17,-83,-10,-5,-3,-10,-24,-42,4
142.458248,12,98,-22,-12,-7,-12,-15,-39,4
142.477147,89,-96,-9,-3,-3,-1,-4,-22,4
142.477176,-16,-62,-48,-18,-4,3,3,41,4
142.487276,-55,0,-4,5,2,4,26,-24,4
142.487282,92,58,15,7,6,1,-19,50,4
142.492629,-41,-26,-21,-14,-8,-5,-5,-26,4
142.492671,-42,24,0,0,1,-3,-5,2,4
142.499196,24,30,-2,2,-2,-2,-1,23,4
142.499219,-64,-119,-48,-19,-7,-4,11,30,4
142.515546,-95,-17,25,11,7,4,-3,-36,4
142.515570,105,-128,-56,-14,-5,-1,6,-15,4
142.517765,-26,88,11,0,-1,-4,-17,38,4
142.517769,-47,-13,-10,-1,-4,2,19,-18,4
142.537945,20,27,-1,-3,-1,0,-8,16,4
142.537962,3,-73,15,10,3,2,-4,-76,4
142.539670,61,76,-1,-11,-4,-2,1,40,4
142.539689,2,-92,-11,7,-2,-5,-15,-76,4
142.552378,96,-74,9,-2,-2,-4,-11,-35,4
142.552384,-51,127,19,-4,2,0,-5,43,4
142.559337,15,-110,-13,-13,-7,-4,0,2,4
142.559359,-76,20,18,8,6,4,-3,6,4
142.575508,63,-38,1,-6,-3,-4,8,13,4
142.575535,-4,-128,-14,7,1,0,-2,49,4
142.577165,5,91,21,5,3,3,-8,-14,4
142.577170,-6,-36,-1,2,-2,-4,14,-76,4
142.597987,-84,-65,-61,-15,-3,-6,-22,-30,4
142.597995,46,122,36,-7,-7,-8,-11,14,4
142.599478,25,73,1,1,-1,1,10,-17,4
142.599484,10,74,3,-5,-2,3,10,55,4
142.614817,15,127,18,13,5,3,7,-10,4
142.614825,40,38,-16,-6,-8,-8,-5,-2,4
142.619586,17,13,20,8,4,4,2,9,4
142.619608,-17,-35,-16,2,3,-1,-12,-4,4
142.635666,39,34,24,2,-7,-8,-8,-6,4
142.635684,-16,-119,-15,-8,-1,-1,-2,10,4
142.637380,-23,37,28,2,1,2,4,50,4
142.637385,117,66,32,22,4,1,-5,-14,4
142.661390,26,7,-12,0,-3,1,19,58,4
142.661400,18,14,28,5,1,-7,-42,-32,4
142.661403,-52,37,-4,-12,-4,-6,-2,-30,4
142.661405,-2,-59,0,-6,2,1,-2,-15,4
142.672470,-36,-65,-33,-5,0,2,16,20,4
142.672493,-31,-87,-29,-11,-5,0,1,19,4
142.679490,10,88,43,24,6,6,1,16,4
142.679509,-7,-35,22,1,-2,2,14,21,4
142.695420,10,-20,27,-6,-3,-5,-9,24,4
142.695437,109,6,-10,-2,-1,1,18,6,4
142.701606,-36,11,10,5,3,1,-6,31,4
142.701626,-35,-33,12,-5,-1,-2,2,3,4
142.718077,41,-18,5,-7,1,3,-6,-66,4
142.718102,37,-72,-67,-18,-11,-10,-10,0,4
142.720048,-101,-63,42,19,3,-1,-12,-7,4
142.720055,-25,14,-25,-11,-8,-3,8,62,4
142.731985,14,-43,-33,-9,1,0,-4,30,4
142.732008,38,28,-10,-1,0,0,-10,-55,4
142.740603,39,-24,-43,-13,-4,3,13,-16,4
142.740627,-25,2,4,-4,-5,-5,-4,-6,4
142.755043,52,26,3,3,-1,-1,-25,-39,4
142.755049,-72,117,46,11,8,4,22,70,4
142.764586,96,74,40,9,5,6,12,-29,4
142.764592,-38,-63,-63,-18,-5,-3,-5,19,4
142.778279,19,29,-19,-1,-2,-1,1,-4,4
142.778312,-58,77,27,5,4,0,-2,-21,4
142.780446,-32,-90,-38,-13,-4,-5,10,-1,4
142.780451,10,-4,8,-2,1,-1,-17,9,4
142.791883,-47,45,23,10,-1,-3,1,-13,4
142.791910,-79,-68,-10,-1,-1,1,-1,-10,4
142.801759,-10,-55,-24,-6,-5,-3,5,-27,4
142.801765,-2,23,21,-3,-1,1,-7,-13,4
142.816712,-44,22,-56,16,1,0,28,30,4
142.816718,-49,-17,93,43,14,6,-5,2,4
142.817034,-121,-104,-80,-25,-13,-13,-29,-47,4
142.817040,-17,84,2,-5,-2,-1,0,21,4
142.838605,-61,-16,-10,-14,-5,2,18,8,4
142.838633,2,-30,-26,-4,-1,2,13,36,4
142.841789,50,41,11,11,4,3,-3,3,4
142.841802,4,-28,-17,-9,-3,-3,-1,0,4
142.852028,-26,-17,17,11,2,2,-6,0,4
142.852059,10,6,-9,-7,-3,-3,1,-5,4
142.862050,20,-3,1,-2,-1,-1,-8,-6,4
142.862062,29,26,5,0,-3,-3,0,-5,4
142.875636,7,17,18,2,1,-1,1,-6,4
142.875737,24,6,-2,-5,-3,-4,-21,-17,4
142.877088,-1,-4,-14,-9,-4,0,11,7,4
142.877094,63,-11,5,17,3,2,-12,8,4
142.897995,-63,109,49,19,12,0,9,97,4
142.898010,-102,-63,-31,-11,-8,-6,-11,-101,4
142.899638,-83,-90,-16,3,1,-4,-25,59,4
142.899654,25,-56,-34,-13,-2,6,23,43,4
142.911902,-15,84,48,13,2,2,1,-72,4
142.911987,84,42,-23,-5,-5,-5,-10,50,4
142.921364,75,-30,-18,-3,-1,0,10,-4,4
142.921369,-45,71,16,8,1,-4,-11,-36,4
142.935454,30,-36,-37,-23,-6,-4,-3,4,4
142.935476,25,7,11,3,0,-2,16,-3,4
142.937850,41,29,16,4,4,6,7,34,4
142.937854,-92,1,-13,-2,-1,1,-1,-39,4
142.958352,-26,-22,36,-4,-7,-12,-24,14,4
142.958375,19,37,-24,-12,-6,-5,-5,-91,4
142.959708,33,-11,24,8,2,0,-4,58,4
142.959731,-87,-32,-26,-17,-6,-4,1,6,4
142.974595,-6,113,17,11,5,6,12,-25,4
142.974606,-41,105,-5,-6,0,2,3,-36,4
142.981220,54,-104,-48,-15,-10,-6,-8,47,4
142.981224,51,127,26,11,5,2,-9,13,4
142.995707,-61,34,8,8,-1,1,11,45,4
142.996945,-48,83,67,11,5,3,2,-10,4
142.996989,-8,-12,-59,-6,-2,-1,7,-17,4
142.997010,127,92,14,-6,-1,-2,1,51,4
143.019963,54,-19,-27,-4,0,2,-11,-69,4
143.019968,-26,-40,47,16,8,7,20,127,4
143.019970,-67,127,9,-11,-10,-9,-22,-124,4
143.019972,107,-39,11,9,1,-1,-5,72,4
143.031702,-57,-128,-40,-9,-1,-2,-8,-88,4
143.035049,-3,-8,-14,-8,-6,0,4,59,4
143.043612,-34,2,-21,-1,2,1,10,-52,4
143.043625,13,-61,4,2,-1,0,8,39,4
143.055566,-27,16,-15,-7,-4,-2,-4,-88,4
143.055587,-32,5,-3,11,5,3,2,52,4
143.056961,57,-29,23,-12,2,1,2,18,4
143.059201,-128,120,68,25,6,2,4,-70,4
143.078343,51,-110,-43,-23,-14,-7,7,127,4
143.078373,74,79,-23,-16,-10,-13,-46,-108,4
143.080737,83,121,-4,-1,3,3,7,37,4
143.080752,-44,-21,63,21,14,12,13,-13,4
143.091653,-63,-36,-4,-10,-7,-9,-5,9,4
143.091672,30,-128,-71,-11,-5,-4,4,21,4
143.102769,72,50,25,1,1,-2,-9,-23,4
143.102775,-43,-39,10,4,3,2,23,14,4
143.115554,66,110,30,5,-3,-6,-45,28,4
143.115578,21,46,-14,-13,-3,-2,9,-11,4
143.117025,-3,127,27,19,5,6,0,5,4
143.117041,45,-98,-20,-11,-4,-4,-13,-12,4
143.138088,-76,44,30,9,6,5,19,-8,4
143.138113,81,-89,-25,-7,-3,-3,9,-7,4
143.140115,-109,-18,10,0,-1,0,-17,11,4
143.140120,85,36,-36,2,0,0,0,-20,4
143.160722,3,-91,-27,0,-2,3,9,10,4
143.160731,70,118,39,-1,4,-1,-8,9,4
143.162112,-128,-95,14,-4,-6,-3,20,9,4
143.162135,-18,-47,-35,-16,-11,-8,-16,-18,4
143.176785,-22,-52,-33,-8,-3,-6,-4,17,4
143.176798,-41,-14,16,2,1,5,13,66,4
143.177094,126,-71,-36,-4,-1,-3,-6,15,4
143.177100,-48,81,-3,-5,-1,0,-9,-59,4
143.198059,4,-11,17,6,3,3,7,1,4
143.198088,58,-69,-23,-6,-4,-1,-9,-16,4
143.200614,23,-17,26,2,0,-2,8,-12,4
143.200630,-9,-89,-28,-6,-5,-6,14,33,4
143.222853,25,-122,-11,-2,3,2,-21,-41,4
143.222859,-102,26,-16,-1,-5,-4,10,28,4
143.222862,-39,-14,28,0,3,5,20,-96,4
143.222864,33,117,7,-3,-14,-20,-33,52,4
143.237445,-54,-44,-28,-10,-7,-5,-7,-16,4
143.237453,9,28,22,18,4,3,11,-11,4
143.237458,-18,47,6,-6,-2,-3,-16,-34,4
143.237462,17,-12,-2,-1,2,1,12,24,4
143.258682,61,50,-17,1,1,1,11,29,4
143.260742,-24,-27,-5,-15,-4,-4,-17,-81,4
143.260749,-46,6,-14,-1,1,0,6,58,4
143.260751,70,72,25,19,8,8,1,-14,4
143.280607,69,93,-23,-15,-8,-6,1,46,4
143.280633,-46,77,29,18,7,2,-11,-68,4
143.283258,45,-8,-10,-5,-7,-8,-9,67,4
143.283264,-7,-67,-7,-1,0,1,-2,57,4
143.295105,-91,-10,4,0,3,4,8,-63,4
143.295122,17,-45,11,3,0,2,20,22,4
143.301689,-3,9,3,11,3,0,-34,-53,4
143.301709,-1,56,-17,-11,-4,-4,4,-14,4
143.318582,48,27,25,-1,0,2,8,32,4
143.318606,-61,-115,-49,5,2,0,8,85,4
143.320011,51,-38,-1,-2,-4,-6,-20,-1,4
143.320028,12,-87,-10,-10,-2,-2,5,-10,4
143.340609,14,-23,11,8,2,-1,4,-35,4
143.340631,30,99,6,-10,1,4,-3,28,4
143.342988,-92,42,-18,-2,-3,-2,9,-6,4
143.342993,-8,72,12,1,2,2,-5,-20,4
143.355050,23,-51,-9,-7,2,0,-5,-21,4
143.355079,67,-26,-22,-3,-3,0,7,96,4
143.361770,74,-42,-12,-16,-8,-12,-24,-92,4
143.361794,-9,26,-30,-9,-5,-3,-16,-25,4
143.378750,-48,46,-11,1,-3,-4,-5,-6,4
143.378898,-12,100,19,-1,4,5,6,-23,4
143.379787,-56,-78,24,10,7,8,20,28,4
143.379817,-16,-6,-18,-16,-11,-7,-2,14,4
143.401094,23,-39,5,-2,3,2,0,14,4
143.401118,-18,42,2,-2,-3,-6,-7,-24,4
143.403195,-24,92,4,12,6,6,8,28,4
143.403199,31,-72,-15,-3,0,-2,-8,-23,4
143.414959,-37,99,43,13,1,2,2,35,4
143.414986,-79,-118,-52,-17,-12,-16,-37,-77,4
143.421916,-111,78,-2,-7,1,2,24,-5,4
143.421936,31,29,-10,-4,-1,1,-11,-10,4
143.441318,40,9,-19,2,-3,-1,-1,0,4
143.441323,5,57,66,18,8,7,22,32,4
143.441326,-65,58,20,1,-4,-3,-27,16,4
143.441328,-48,-74,10,9,3,1,3,7,4
143.460478,84,91,85,23,12,9,8,95,4
143.460502,-28,-29,-35,-28,-20,-20,-44,-107,4
143.463261,56,-11,-14,2,1,-1,7,25,4
143.463269,66,114,39,13,3,3,12,19,4
143.475331,4,-5,-16,-6,1,-1,-3,1,4
143.475365,7,24,22,12,9,9,9,5,4
143.481770,10,41,-1,10,0,0,15,17,4
143.481803,-52,45,25,0,-1,-1,-5,-15,4
143.498149,-20,-128,-53,-14,-7,-7,-29,-42,4
143.498175,18,62,1,0,-1,-1,5,-27,4
143.501610,-28,54,6,-5,-5,-4,-9,-15,4
143.501618,-42,22,23,12,5,5,29,54,4
143.520572,1,-49,-32,-14,-11,-7,-23,-64,4
143.520587,-8,-106,-13,-4,-1,0,4,36,4
143.521956,78,101,25,11,5,8,11,35,4
143.521988,-69,-91,-31,-15,-9,-15,-28,-112,4
143.534286,80,127,6,-7,-6,-4,3,-19,4
143.534305,-23,-2,-34,-3,-4,-2,-3,-1,4
143.544583,46,-79,-3,4,4,4,9,8,4
143.544591,-11,-119,-37,0,0,1,-1,33,4
143.558272,80,99,36,8,4,2,0,-4,4
143.561117,-1,-67,12,-3,0,0,3,40,4
143.561126,-76,-110,-32,-7,-1,-2,7,-14,4
143.561128,-8,35,18,7,2,2,8,48,4
143.581459,-73,6,-1,-10,-8,-7,-7,-39,4
143.581467,119,76,20,6,3,5,-3,-16,4
143.581973,15,44,10,-4,-1,-2,0,-66,4
143.581980,11,127,33,9,5,2,1,55,4
143.597435,-81,-128,-58,-19,-8,-1,16,-27,4
143.597442,88,90,29,5,1,-6,-14,36,4
143.601909,-92,-97,-20,-4,-9,-9,-18,-51,4
143.601922,-40,115,-5,-6,-1,-2,-2,13,4
143.618223,56,51,-6,9,5,2,11,1,4
143.618250,-65,-41,-14,-10,-7,-2,7,31,4
143.620373,122,-21,-28,-12,-1,-1,-1,25,4
143.620379,59,39,18,-3,0,4,2,24,4
143.643282,-11,67,50,10,0,-3,-8,-96,4
143.643290,15,3,-20,-6,-4,-2,-4,84,4
143.643292,55,116,11,0,2,1,1,54,4
143.643294,5,-127,-33,-6,-2,-2,-3,-65,4
143.654458,-67,-34,-22,-2,-2,-3,-4,73,4
143.654487,110,26,18,8,8,2,1,-55,4
143.663863,-51,22,4,-11,-5,-5,-4,25,4
143.663868,53,-57,-1,-5,-3,-2,-5,-28,4
143.678251,58,30,-6,3,-2,-3,6,46,4
143.678273,-78,-97,-2,2,1,1,-16,-2,4
143.679688,-97,-80,-36,-4,-6,-2,-4,-9,4
143.679853,23,45,21,4,1,1,6,-15,4
143.708579,-23,25,-21,0,-2,2,-3,33,4
143.708610,-40,8,-4,0,-2,2,21,-33,4
143.709693,61,91,28,10,1,1,-17,6,4
143.709716,56,-104,-75,-21,-13,-13,-11,38,4
143.714227,38,17,-3,-4,1,2,5,2,4
143.714254,-49,38,-21,-8,-5,-7,-9,-76,4
143.724085,-43,47,16,4,3,4,11,-12,4
143.724089,-18,-59,-1,4,1,2,1,-26,4
143.738015,23,27,14,3,2,1,2,45,4
143.738030,-23,-14,3,3,-2,1,3,-47,4
143.739575,38,-77,10,-4,0,0,10,81,4
143.739594,-104,127,11,14,6,9,0,-73,4
143.760542,98,-69,5,-11,-11,-16,-3,72,4
143.760573,-71,-73,-25,-8,-4,-4,-23,-20,4
143.762343,-8,16,0,0,1,1,0,-2,4
143.762351,51,84,10,-2,0,0,6,-2,4
143.774147,4,-87,13,5,4,6,12,1,4
143.774171,7,86,8,3,2,2,8,36,4
143.784511,47,-18,17,1,-4,-2,6,14,4
143.784515,41,-81,-54,-13,-4,-4,-9,51,4
143.798329,33,96,19,6,6,6,-19,-123,4
143.798334,-30,22,9,6,-1,-4,5,27,4
143.799434,35,-51,-5,-1,2,2,7,5,4
143.799457,17,90,18,3,-1,-1,1,-7,4
143.820608,-15,-53,-26,-10,-3,-3,-2,2,4
143.820637,-1,-67,-1,-1,0,2,3,-11,4
143.823004,109,62,5,-1,-4,-7,-18,-11,4
143.823008,19,53,9,-10,-5,-6,-2,0,4
143.834371,-52,69,-12,-3,-2,-3,-1,5,4
143.834397,46,29,21,4,2,1,-1,2,4
143.844777,-57,-23,5,9,2,1,10,12,4
143.844785,-28,-115,9,-1,0,-4,-14,-25,4
143.861148,-45,-46,0,4,0,0,11,6,4
143.861155,39,124,4,1,0,0,-1,42,4
143.861158,15,-25,-29,-6,-1,-2,-3,-21,4
143.861160,-57,8,17,4,1,2,-10,37,4
143.880585,-31,-31,-23,-12,-2,-5,-7,-87,4
143.880681,-10,-29,12,7,-5,-2,7,42,4
143.882052,-70,-42,-23,-11,-4,-5,-9,-20,4
143.882075,-20,82,30,6,-1,0,6,-6,4
143.894175,-49,53,1,3,5,5,1,26,4
143.894204,23,-32,-12,-15,-4,-2,3,-17,4
143.905033,10,10,13,3,-4,-7,-14,-9,4
143.905039,-62,-96,34,17,13,12,13,65,4
143.918491,11,74,44,-4,-14,-18,-19,-69,4
143.918521,-25,5,-16,-4,-1,-2,-6,-11,4
143.920629,-20,63,2,6,2,6,10,-3,4
143.920638,-25,81,-1,1,3,4,13,-14,4
143.940633,8,-78,17,7,4,7,12,83,4
143.940727,-92,-42,-11,-4,-3,-5,-17,-15,4
143.942185,-28,-80,5,-4,-3,-3,1,-44,4
143.942214,55,2,-20,-7,-5,-8,-11,-74,4
143.954143,104,69,33,22,9,8,18,70,4
143.954149,-64,-94,-43,-12,-6,-2,-9,-14,4
143.964090,127,104,37,7,1,-1,-10,59,4
143.964094,-2,-79,-19,-21,-11,-11,-7,24,4
143.978455,-38,77,-11,-2,-2,0,-7,-103,4
143.978512,27,72,5,1,5,2,4,-1,4
143.980923,-25,19,-4,0,0,2,-1,10,4
143.980934,51,37,-12,-1,-2,0,6,11,4
144.001308,-20,9,-9,-9,-3,-2,5,27,4
144.001314,29,31,16,5,2,1,-1,33,4
144.001952,-26,-87,-9,-6,-7,-3,9,-85,4
144.001965,118,28,-18,1,8,6,9,28,4
144.015920,31,57,-7,-9,-9,-17,-26,-57,4
144.015926,81,-99,-18,-5,-1,-1,-6,17,4
144.025723,38,72,42,17,8,8,19,3,4
144.025736,-16,-128,-85,-43,-23,-17,-10,8,4
144.038022,-128,-33,3,13,8,7,4,-16,4
144.038046,49,127,4,3,1,0,-2,-9,4
144.039510,-29,28,-4,-8,0,-1,-5,61,4
144.039603,-44,44,36,14,3,3,-10,-93,4
144.060548,37,-3,1,-6,1,2,11,43,4
144.060572,1,-38,3,0,-2,0,0,-10,4
144.062655,-17,-40,-15,0,2,0,-12,-20,4
144.062660,-20,12,11,4,0,-2,1,5,4
144.074793,9,-57,-12,-2,-4,1,-3,31,4
144.074824,13,5,14,-1,-2,0,2,-4,4
144.083048,30,-86,-45,-9,-6,-4,-3,-5,4
144.083071,-104,100,22,8,13,8,18,42,4
144.097992,49,16,16,-1,-6,-10,-26,4,4
144.098013,-18,-96,1,-4,3,0,-8,-59,4
144.099528,35,116,17,-2,-4,-9,-20,16,4
144.099542,-29,-128,-36,-6,-5,0,8,19,4
144.120487,45,54,29,7,6,8,21,12,4
144.120514,10,96,7,0,0,2,10,39,4
144.121876,46,102,79,32,7,-5,-5,9,4
144.121938,-34,-96,-9,0,-3,-3,-9,-49,4
144.150778,41,-50,-30,-1,-4,0,1,26,4
144.150801,-20,-39,20,-20,-3,-6,3,-17,4
144.153428,4,4,-24,-1,0,3,6,24,4
144.153434,44,-27,8,7,-1,2,8,2,4
144.158143,-45,-62,2,5,2,1,-14,26,4
144.158163,51,-93,-37,-4,-7,-7,2,12,4
144.160884,-37,-96,-26,-11,0,3,5,-25,4
144.160890,24,28,-2,-2,-4,-8,-24,-85,4
144.180461,-51,17,-34,-8,-5,-3,1,-31,4
144.180481,36,1,0,15,5,4,-9,106,4
144.182012,-12,-39,-4,-5,-1,2,21,-26,4
144.182020,91,50,-6,-5,-3,-2,-13,-20,4
144.210736,-55,78,27,2,0,-2,5,8,4
144.210763,72,-39,-40,-15,-13,-13,-17,-59,4
144.213001,21,24,-2,1,2,0,1,-15,4
144.213009,44,45,8,7,-4,2,9,53,4
144.218128,14,-91,12,-10,9,5,-3,-18,4
144.218144,-51,-4,-21,-4,-1,2,15,13,4
144.219798,-39,24,-15,-4,-2,-1,-5,22,4
144.219807,32,59,8,4,-1,0,4,1,4
144.240601,-42,74,0,1,2,-1,-21,-8,4
144.243045,-29,-23,-13,-5,-3,-3,12,-33,4
144.243052,82,-39,-24,-10,-5,-4,-28,75,4
144.243054,-91,30,12,2,1,-2,11,-41,4
144.263051,29,-10,0,-1,-1,-1,5,-2,4
144.263077,-80,127,18,9,3,2,-2,21,4
144.265302,9,-70,-22,-11,-5,-3,11,18,4
144.265307,13,48,6,9,4,3,-13,11,4
144.277661,-13,-120,-27,-8,-10,-6,-13,63,4
144.277695,114,106,-14,-5,-4,-4,-6,-68,4
144.284219,-12,84,-6,0,0,-2,2,30,4
144.284243,-72,-8,-24,-13,-6,-5,-4,-46,4
144.300752,26,29,0,3,1,8,23,-14,4
144.300786,-3,33,16,12,3,0,5,29,4
144.303428,-40,-78,9,7,3,2,-24,-45,4
144.303435,35,80,-9,-7,0,1,11,-2,4
144.323415,-68,4,-12,-1,0,-1,1,-27,4
144.323438,-18,-33,-12,-7,-6,-7,-4,-40,4
144.325526,-72,3,-1,-11,-5,-3,10,13,4
144.325540,-16,26,1,8,-1,-2,-10,-14,4
144.337438,106,47,1,-1,2,-1,3,40,4
144.337462,-21,72,21,3,1,0,7,55,4
144.344324,29,-51,-2,-2,0,0,1,8,4
144.344368,31,-118,6,0,-4,-4,-6,11,4
144.360522,2,-90,-24,4,-5,-3,-6,-22,4
144.360544,-4,-3,-23,-1,4,6,5,-29,4
144.362113,-28,-68,-41,-10,-2,-2,-2,34,4
144.362128,-21,-92,13,-3,-1,-3,7,24,4
144.383088,-40,-7,3,-8,-4,-4,-5,-34,4
144.383169,-14,1,17,16,7,8,14,80,4
144.385306,32,11,11,1,-4,-6,-21,-121,4
144.385310,4,59,13,0,3,0,3,-13,4
144.397454,-49,-2,-21,-6,-4,-1,-6,24,4
144.397476,11,-32,19,-2,0,-1,5,-33,4
144.404517,58,45,49,-5,-5,-3,4,46,4
144.406399,-73,-128,-42,-1,1,1,-2,21,4
144.420747,119,82,18,-3,-3,-3,-5,-9,4
144.420753,47,-14,9,1,0,2,4,11,4
144.429545,-19,88,-9,4,2,3,5,-12,4
144.429552,86,-64,11,-2,0,-4,0,6,4
144.443015,-116,75,19,2,3,4,18,87,4
144.443037,-43,-103,-38,-6,-7,-7,-24,-66,4
144.444913,47,86,5,5,4,-1,5,11,4
144.444922,-51,100,-7,-5,0,1,-3,-68,4
144.457308,9,-21,11,-2,0,-4,10,11,4
144.457324,91,-1,31,1,-4,-3,-10,46,4
144.464120,-102,58,5,-7,-1,-1,-1,-32,4
144.464142,94,-40,-29,-4,-1,3,8,32,4
144.480652,-67,53,21,7,0,0,-11,-20,4
144.482534,-2,-86,-6,-10,-1,2,15,11,4
144.482539,-41,59,-15,4,2,-1,0,-59,4
144.482541,9,47,19,7,4,6,-3,127,4
144.503547,-66,-69,12,10,-1,-8,-16,-71,4
144.503568,-22,107,20,0,-3,0,-3,33,4
144.504563,31,-5,-21,-5,-2,-1,5,-3,4
144.504570,-8,35,16,2,3,3,8,3,4
144.517311,56,-31,-34,-5,-2,-2,3,18,4
144.517328,52,-8,24,7,2,3,14,10,4
144.524056,-69,-82,0,-9,2,2,-10,-49,4
144.524079,41,103,37,3,-2,-4,-7,-28,4
144.540884,61,-18,-13,-1,0,-1,-16,9,4
144.540908,-53,-4,-15,-2,-5,-5,-4,-87,4
144.543254,92,73,-19,-5,-4,-4,7,47,4
144.543261,-116,-20,0,-10,-2,-1,-9,6,4
144.563040,20,11,-24,-6,-2,1,8,-47,4
144.563058,-53,-75,31,2,3,0,-1,46,4
144.564445,29,66,46,17,7,1,-7,10,4
144.564458,-4,-112,-30,0,-4,-4,8,-10,4
144.577629,8,-4,0,0,-2,-1,1,-8,4
144.577637,-63,-71,-15,-2,-1,1,-3,-64,4
144.584284,-16,9,5,3,-5,-5,-5,31,4
144.584362,41,-42,-4,-4,-2,-2,-3,6,4
144.600966,-3,16,-4,-5,1,2,10,41,4
144.600990,-20,-58,-52,-6,-5,-4,-5,1,4
144.603081,20,57,28,2,1,3,6,24,4
144.603086,-94,115,14,2,-2,-2,2,-19,4
144.623067,53,4,11,-8,-2,-1,-1,8,4
144.623091,-61,106,4,5,1,-4,-7,24,4
144.625278,-46,-128,-35,-2,1,2,-23,-8,4
144.625287,23,-27,-12,-7,-6,-4,4,10,4
144.637057,45,117,21,8,4,3,13,-9,4
144.637160,-17,77,14,-6,-1,-5,-7,5,4
144.647302,-68,55,0,-1,-1,2,17,2,4
144.647311,-19,57,8,5,7,4,-9,22,4
144.660556,40,49,-48,-4,-3,-7,-10,-97,4
144.660576,59,101,10,0,1,0,-8,7,4
144.662292,-100,-73,-15,-9,-7,-2,-1,-21,4
144.662298,42,-29,-1,-8,4,-3,-10,10,4
144.683249,-38,-5,17,3,-2,0,7,44,4
144.683272,-14,78,17,3,4,1,1,-20,4
144.685733,15,79,10,5,1,3,19,-8,4
144.685751,-8,-9,-30,-12,-11,-12,-20,-24,4
144.696695,-36,-77,-26,-7,-2,-1,-3,63,4
144.696719,21,104,35,12,4,3,18,-47,4
144.707543,-13,-124,-26,-3,1,-3,-28,3,4
144.707548,-6,56,1,1,-3,-1,5,-9,4
144.720378,51,-74,-12,-6,-3,-5,-11,-10,4
144.720392,34,-19,-22,-4,-6,0,10,68,4
144.721837,80,62,61,17,9,3,12,-69,4
144.721843,33,101,-4,-2,-2,-2,-14,-49,4
144.743015,22,-89,-19,-5,-5,-4,-13,-16,4
144.743038,23,23,2,-2,2,2,5,22,4
144.744739,12,-45,-16,-7,-4,-1,-3,22,4
144.744833,32,-5,8,-4,0,2,1,16,4
144.756872,-89,-31,-23,-3,-2,0,8,-14,4
144.756896,26,-53,2,5,1,0,4,18,4
144.767316,-77,-85,-30,-11,-5,-8,-23,-27,4
144.767323,20,-15,4,6,3,2,24,-3,4
144.782814,-2,-1,1,0,-1,4,8,23,4
144.782821,2,56,21,4,-1,-5,-23,-8,4
144.782823,-70,-3,6,-1,-3,0,12,-3,4
144.782825,77,5,-40,-4,-1,-5,-12,-32,4
144.802947,-89,36,19,-7,3,1,6,23,4
144.802965,-73,-12,-13,3,0,1,-13,-25,4
144.805193,66,18,4,1,-2,-4,-5,-30,4
144.805202,-58,34,30,15,1,6,6,29,4
144.816681,-5,-40,-50,-7,-3,-5,0,-2,4
144.816701,2,19,8,-8,-2,-1,0,-39,4
144.827276,29,32,-34,-5,-4,-5,-2,10,4
144.827282,64,41,-15,-6,0,4,1,21,4
144.841207,10,53,15,13,2,-3,-4,-14,4
144.841239,5,17,-1,0,-2,1,1,38,4
144.843879,49,-34,-2,-3,-2,1,9,-11,4
144.843887,-60,35,29,-3,-1,0,-2,10,4
144.862990,43,30,16,6,5,4,-3,25,4
144.863007,49,-92,-92,-27,-15,-14,-20,23,4
144.864558,92,127,15,6,-1,1,9,-5,4
144.864589,-108,-34,12,6,1,-2,-4,-20,4
144.877825,86,41,3,-2,-1,0,-6,-72,4
144.877888,-96,6,21,8,3,3,-2,28,4
144.887321,-55,-113,-85,-29,-8,-8,-11,22,4
144.887330,19,-99,-1,8,1,4,13,4,4
144.900660,-11,127,36,4,-4,-8,-20,58,4
144.902565,65,-16,-6,-5,-2,-1,0,-47,4
144.902571,15,-29,3,-2,2,3,8,-14,4
144.902573,45,93,11,-9,-3,-2,-1,87,4
144.923330,-70,-5,18,9,3,2,-6,-80,4
144.923344,-76,40,10,2,-1,-2,0,5,4
144.925242,-2,-35,6,-2,-1,-1,1,26,4
144.925266,-9,-118,0,8,1,0,-6,-29,4
144.939035,24,49,12,1,-1,1,5,-15,4
144.939044,91,-92,-55,-18,-4,-3,-12,40,4
144.947197,-88,-22,55,17,-2,-4,-6,6,4
144.947205,28,39,-2,-4,-1,-2,2,-10,4
144.960589,60,5,-3,1,-3,1,9,8,4
144.960614,-33,-117,-3,-5,7,4,8,-50,4
144.962816,-19,98,-19,0,0,-1,5,52,4
144.962822,72,37,1,-8,-3,-2,-16,-79,4
144.983801,10,-8,-15,9,2,1,7,-34,4
144.983805,82,18,30,7,2,2,4,46,4
144.984871,33,45,14,-3,0,0,-7,-8,4
144.984894,-8,-7,15,-3,-4,-5,-8,-95,4
144.998216,42,-96,-29,-10,-1,0,-8,82,4
144.998225,72,18,47,22,7,5,28,-59,4
145.006512,-64,-35,-17,-9,-5,-5,-25,-17,4
145.006517,12,-24,-11,-2,-4,-7,-10,18,4
145.020436,3,30,23,2,2,2,6,3,4
145.020452,19,-27,-9,-4,-1,-1,-5,10,4
145.021911,39,84,26,8,6,7,15,7,4
145.021918,-1,-71,-15,0,-7,-5,-6,-2,4
145.045156,-20,7,-13,-12,-3,-6,-5,9,4
145.045167,38,101,18,4,-1,-1,-10,-6,4
145.045169,44,-31,2,-5,2,1,7,35,4
145.045172,77,67,53,0,2,-4,-3,50,4
145.065870,-73,-74,-42,-14,-6,-3,11,32,4
145.065896,-101,71,-7,-7,-1,-2,-22,-83,4
145.067115,6,56,26,19,8,4,3,-31,4
145.067134,-43,-83,-14,-1,-5,0,8,25,4
145.080680,36,69,63,10,6,4,9,55,4
145.080705,26,-26,-8,0,0,1,8,10,4
145.082978,1,-15,-32,-11,-11,-10,-13,-21,4
145.082984,-128,19,-23,-10,2,1,-4,-7,4
145.103265,59,-13,-11,-4,-5,-2,-4,-25,4
145.103291,-84,-26,-4,-3,0,-1,5,15,4
145.105948,-32,-90,-3,1,-1,-2,6,-46,4
145.105955,45,53,4,1,0,0,4,44,4
145.125728,-25,-12,-11,-6,-1,-2,-5,-10,4
145.125754,-68,-30,-15,-8,-5,-4,-12,-18,4
145.127310,69,-32,8,-4,-1,-3,4,29,4
145.127348,-8,-11,-21,-8,-3,-1,-4,-23,4
145.140585,-2,27,17,8,5,2,-2,-11,4
145.140678,-5,-2,-3,0,-3,-1,11,25,4
145.142305,25,33,13,-1,2,4,0,16,4
145.142323,-36,-17,-18,-1,2,3,0,-19,4
145.163054,78,120,39,13,1,-1,-3,29,4
145.163072,89,-8,-33,-1,0,-6,-16,-10,4
145.164661,-103,-113,1,-4,-4,-6,-8,-25,4
145.164667,115,65,0,5,3,1,1,27,4
145.186460,-14,-45,-8,-5,-5,-3,-2,-74,4
145.186466,28,47,18,8,1,0,11,61,4
145.186468,-39,80,-9,-1,0,1,7,-26,4
145.186470,-15,58,41,8,4,2,0,-8,4
145.200278,-120,-35,-41,-16,-8,-8,-15,-3,4
145.200300,-10,68,2,-5,-1,-3,-7,-8,4
145.200363,44,51,-11,-3,-3,-1,6,50,4
145.200370,-46,-46,-5,1,1,7,13,-56,4
145.222358,32,73,27,31,12,6,-1,20,4
145.222380,13,-98,-40,-28,-16,-13,-15,-13,4
145.223761,-26,52,-1,5,1,-1,-12,2,4
145.223770,-33,42,-10,-6,-4,-4,-2,11,4
145.245309,9,-1,10,0,0,2,4,4,4
145.245358,38,27,6,7,0,2,8,21,4
145.247215,-7,-9,-4,4,1,1,-7,-4,4
145.247221,-48,-73,-39,-16,-5,-5,-7,7,4
145.259341,-27,11,3,6,-4,-7,-8,-20,4
145.259374,-54,38,15,-5,4,4,7,21,4
145.267636,90,-14,-22,-6,-5,1,-7,-19,4
145.267674,-47,-69,20,12,5,2,8,13,4
145.282312,49,14,-10,-11,-4,-1,-12,-3,4
145.282336,-9,14,7,3,1,0,-2,-7,4
145.282975,47,22,25,9,2,0,5,5,4
145.282988,18,38,-9,-1,-5,-4,-6,58,4
145.304888,-39,-16,-41,-1,5,7,19,-28,4
145.304914,47,-112,-7,7,-8,-12,-23,-36,4
145.306793,-41,-46,-41,-23,-10,-4,-1,-16,4
145.306801,67,60,26,15,-1,-2,6,33,4
145.319255,1,-82,-28,-12,-7,-3,-2,-28,4
145.319275,-67,57,28,6,12,8,10,36,4
145.327327,54,79,11,3,-2,-2,5,9,4
145.327369,-66,2,-1,-1,0,-2,-2,-28,4
145.343762,23,-107,-36,-17,-9,-9,-11,36,4
145.343769,-76,-8,-1,1,-1,0,-15,-20,4
145.343772,20,56,9,1,1,-1,1,9,4
145.343773,-28,24,-16,-10,-2,-1,12,2,4
147.367348,-3,-2,2,-3,-3,0,0,-2,0
147.367652,-2,0,-2,-4,-1,-1,-2,0,0
147.367977,-1,-3,-4,1,-1,0,-2,0,0
147.368010,1,-5,-3,-1,-3,-1,0,0,0
147.390414,0,13,4,-2,-1,-1,-1,-1,0
147.390500,-3,-3,-2,-1,-1,-1,-1,-1,0
147.393066,0,-3,0,0,-2,0,0,-1,0
147.393075,0,7,3,3,0,1,-1,-1,0
147.404808,2,-4,-4,-2,-1,-1,0,1,0
147.404831,-1,0,-6,-1,0,-2,-1,-1,0
147.406942,-3,-8,0,1,1,0,-1,-2,0
147.406950,-2,-2,-3,-1,-1,0,-2,0,0
147.427922,2,4,2,0,-1,1,0,-1,0
147.427928,1,1,1,-3,-3,0,0,-1,0
147.428021,-1,0,-1,-6,-4,-2,-1,2,0
147.428028,-3,-6,-3,5,-2,1,-1,-2,0
147.450534,-3,0,1,0,1,-1,-3,-1,0
147.450559,-2,-4,-1,-3,-2,-2,-1,-2,0
147.451194,-2,-4,-6,-1,2,-1,-1,-1,0
147.451208,0,7,5,-4,1,-1,0,0,0
147.464782,-1,-1,-1,-2,-1,-3,-1,0,0
147.464799,0,0,-1,-1,-1,-1,-1,0,0
147.466777,1,2,-2,-1,-1,-1,-3,-2,0
147.466785,3,-4,-6,-2,0,-1,0,-1,0
147.487411,-3,-4,2,2,1,-1,0,-1,0
147.487436,-1,1,5,0,1,0,-1,-1,0
147.490293,0,0,-4,0,-1,0,0,0,0
147.490309,0,-1,4,-4,0,-2,-2,-1,0
147.510903,3,12,-4,-3,-2,-2,-2,0,0
147.510935,-3,-16,-2,-1,-1,0,-2,-2,0
147.511513,1,-2,-1,-1,-1,-1,0,-2,0
147.511546,-2,2,0,0,1,-1,0,-1,0
147.525601,-4,-6,-2,-5,-4,-1,0,-2,0
147.525631,0,13,8,0,-2,-1,-4,-1,0
147.532520,0,-2,1,1,1,-1,0,-1,0
147.532549,0,-2,-2,0,-1,-1,0,0,0
147.547352,-3,-5,-3,-3,-1,-2,-2,-2,0
147.547370,-1,-9,-4,0,-3,0,-3,-2,0
147.548557,-1,14,6,1,0,-1,0,-3,0
147.548562,-3,2,-1,0,-2,-1,-2,-1,0
147.570573,2,0,-3,-1,1,0,0,2,0
147.570586,-3,-1,0,2,-1,-2,-1,-2,0
147.571129,-1,-5,0,-3,-1,0,-1,1,0
147.571143,-1,-3,-4,0,-1,-1,-2,-2,0
147.585427,-3,-3,-5,-3,-2,0,-2,-1,0
147.585439,0,-4,-4,-7,-1,-1,-1,0,0
147.592588,2,10,9,3,-4,0,-1,3,0
147.592611,-4,-8,1,-1,-1,0,-1,-2,0
147.607463,0,-9,-4,0,-2,-1,1,-1,0
147.607491,0,1,-7,-3,-1,-1,-1,-1,0
147.611163,-3,-6,-3,-2,1,-1,-1,-1,0
147.611178,1,1,-6,-3,-3,-1,-1,0,0
147.630975,1,6,9,1,0,0,-1,-1,0
147.630979,0,1,-6,-1,2,-1,0,-1,0
147.631126,-1,-2,3,2,-1,-1,0,1,0
147.631132,-1,-1,-5,-1,-3,-1,-2,-3,0
147.644144,0,3,0,-1,1,-1,-1,-1,0
147.644168,0,-10,-2,-3,-1,-2,0,0,0
147.652713,-4,-9,2,2,-2,-2,-2,-1,0
147.654906,2,14,-4,-4,-3,-2,-2,-3,0
147.667403,-4,-3,9,4,-1,-1,-2,-1,0
147.667428,2,7,3,2,1,-1,-1,0,0
147.668112,-1,-4,0,-3,0,-2,-1,-2,0
147.668178,-2,-4,2,-1,-1,-2,0,1,0
147.690947,-1,-1,-4,-2,-2,-2,-1,-1,0
147.693475,0,1,-3,0,0,0,-2,0,0
147.693481,0,-5,-5,-4,-3,0,-2,-2,0
147.693483,-3,2,-1,-1,0,0,-1,-1,0
147.704267,-1,1,1,0,-2,0,-1,0,0
147.704290,-4,-4,3,-1,-1,-2,-2,-3,0
147.712696,-1,-1,-6,-4,-1,-2,-1,-1,0
147.712720,-2,-2,1,3,0,-1,0,0,0
147.727373,0,-4,-4,0,0,0,-2,0,0
147.727386,0,3,2,0,-3,-1,3,-2,0
147.728253,0,-3,-5,-2,-1,-3,-1,-1,0
147.728275,0,-5,-2,-3,0,-1,-1,-2,0
147.758237,-1,-4,-1,0,1,0,-2,-2,0
147.758247,-1,2,3,-2,-5,-3,-2,0,0
147.758951,-1,-4,-9,0,-3,-3,-3,0,0
147.758973,4,5,1,-2,-3,0,-3,0,0
147.764100,-5,-11,-5,-3,0,-1,-2,-4,0
147.764123,-1,-3,-2,-3,-1,-1,-3,-1,0
147.774022,0,-1,3,1,2,-1,0,1,0
147.774026,-3,4,0,-1,8,0,-1,-2,0
147.787219,3,-5,-1,3,-2,-1,-2,1,0
147.787242,1,14,9,-5,0,1,0,0,0
147.788465,0,3,-4,0,14,1,0,0,0
147.788474,-3,-19,-2,1,-12,1,1,-1,0
147.810655,-1,11,1,4,4,0,0,-1,0
147.810701,-2,-4,-6,1,-12,-2,-2,0,0
147.812852,-1,7,5,-1,-1,1,-1,0,0
147.812858,0,-8,-8,-5,-1,-1,-1,-1,0
147.824377,-5,-5,-3,-7,0,0,0,-2,0
147.824405,0,-3,-2,2,2,-1,-2,0,0
147.832438,-2,0,-6,-7,-3,-1,-1,-2,0
147.832463,-1,1,7,0,0,-3,0,-1,0
147.847260,0,-1,-2,-5,-4,-1,-1,0,0
147.847278,2,5,-2,1,2,1,1,1,0
147.849428,0,-3,-2,0,-4,-1,-1,-4,0
147.849435,1,-3,-4,0,1,-1,-1,2,0
147.870608,1,9,9,2,0,-3,0,-2,0
147.870631,-2,-2,-3,-3,1,0,-2,-2,0
147.871157,-2,-5,-3,0,-4,-1,-2,-1,0
147.871170,0,1,0,2,0,-1,-1,-1,0
147.893120,-4,-4,-6,-1,-2,0,-1,-1,0
147.893216,-1,-6,-3,0,0,0,0,-1,0
147.895203,-1,-5,2,-1,-3,-1,-2,0,0
147.895209,-1,14,-7,-1,0,-1,1,-1,0
147.907646,-1,-15,-1,1,2,-2,-1,-1,0
147.907679,0,1,3,0,2,0,1,-2,0
147.910253,2,1,-3,-3,-1,0,0,1,0
147.910261,-3,-2,6,-1,-7,-1,-2,-2,0
147.930540,0,0,-4,-1,-3,-1,-1,-1,0
147.930565,-3,1,-3,-2,-1,-2,0,-2,0
147.931076,-3,-8,-6,1,-2,-1,-1,-2,0
147.931082,0,0,1,-2,1,-1,-1,0,0
147.953108,-1,1,-1,-2,-1,-1,-2,1,0
147.953131,0,-4,-8,-5,-1,-1,-1,0,0
147.955942,1,8,2,0,-1,-1,0,0,0
147.955948,0,-3,-4,-1,-3,-1,-1,-4,0
147.967420,-4,-7,-2,1,-1,-2,0,-1,0
147.967445,-2,-10,-10,-3,0,-1,-1,-3,0
147.968893,-2,3,-1,-1,-1,-3,0,-1,0
147.968897,-2,0,5,-1,1,1,-1,-3,0
147.990639,3,0,-6,-2,-4,0,-1,0,0
147.990662,-1,5,1,-3,-1,0,0,-1,0
147.993451,0,0,1,2,0,-1,0,1,0
147.993461,-1,-4,-2,0,3,-2,0,1,0
148.013168,-1,2,-1,-5,-8,0,0,-2,0
148.013193,0,0,7,2,-2,0,-1,-1,0
148.013826,-2,0,0,-1,-1,0,-2,-3,0
148.013855,-2,-5,-3,-2,2,-1,-1,0,0
148.027465,-1,1,-2,-1,3,-1,0,-2,0
148.027482,0,-6,0,2,1,0,-1,1,0
148.028173,1,7,8,-1,-2,-2,0,-1,0
148.028202,0,6,-8,-1,-1,-1,-1,-2,0
148.051204,-3,-11,-3,-3,-2,-2,0,-1,0
148.051254,0,-3,3,1,0,-1,0,-2,0
148.053658,-3,-5,-2,-3,0,0,-4,-1,0
148.053670,-1,-1,-2,0,2,1,0,-1,0
148.072866,1,8,-2,0,0,0,0,-1,0
148.072872,-3,-2,-4,0,-1,0,0,0,0
148.073540,-2,-1,0,0,-1,-2,1,0,0
148.073553,1,3,6,1,0,0,-1,1,0
148.087970,-1,-2,-3,-2,1,-1,-1,1,0
148.087976,-1,-2,1,-3,-11,-1,-1,-1,0
148.087978,1,-3,-5,-2,-1,-1,0,-2,0
148.087979,2,-1,-1,-3,-1,-2,0,-1,0
148.110860,-5,-5,-2,1,1,1,-1,-2,0
148.110898,-4,1,6,2,1,-2,-2,-1,0
148.113529,-4,-7,-4,-3,-1,-1,0,-1,0
148.113536,-1,-6,-1,-1,-4,-2,-2,0,0
148.134154,1,9,5,0,-1,-3,-3,-2,0
148.134161,0,-1,-11,-2,2,0,0,0,0
148.134163,-1,-3,-1,1,-1,0,-2,0,0
148.134164,-3,-1,-1,-2,-1,-1,-2,0,0
148.146794,2,2,0,-2,-2,-1,-1,-1,0
148.146819,0,-3,0,0,0,-1,0,-1,0
148.156755,1,9,-3,-3,-4,-2,-1,1,0
148.156764,-2,-9,-3,-1,4,2,-1,0,0
148.170581,-5,-7,3,4,-1,1,-1,0,0
148.170606,-1,0,-2,0,0,0,0,-1,0
148.172003,0,-7,-1,-6,1,0,-1,-2,0
148.172022,1,11,7,0,0,-3,-2,-2,0
148.193074,1,0,-9,-4,-1,-1,-1,0,0
148.193092,1,5,-6,-2,2,-1,-1,1,0
148.194954,0,-4,3,4,-2,0,-1,-1,0
148.194973,-7,-7,-5,-1,0,0,-1,-2,0
148.206897,1,0,4,0,0,-2,-1,-2,0
148.206918,-1,-1,-3,-2,-2,0,-3,-2,0
148.217073,0,6,-1,-1,-4,-1,-1,-2,0
148.217079,1,-6,-2,-3,-1,-1,1,1,0
148.230714,0,1,0,4,2,-2,-1,1,0
148.230990,0,4,6,0,1,-2,-1,-1,0
148.232009,-2,-4,-6,-1,0,0,0,0,0
148.232026,-1,-3,-3,-2,-4,-1,-2,0,0
148.261348,1,4,0,-3,6,-1,-1,0,0
148.261353,1,2,3,2,-3,0,0,1,0
148.262131,-4,-3,2,-2,-2,-3,-2,-4,0
148.262154,-2,1,1,-1,-3,-1,0,-1,0
148.267204,-2,-9,-7,-3,0,0,-1,1,0
148.267232,1,22,-6,-1,0,-1,-2,-1,0
148.277862,-3,-18,9,4,2,-1,-2,-2,0
148.277868,-2,2,-2,-1,0,0,0,-2,0
148.292082,0,1,-2,-5,-4,-1,-1,-1,0
148.292094,-1,-10,-1,-1,-1,-1,-1,0,0
148.292097,2,6,-3,1,-1,-2,1,2,0
148.292153,0,5,0,0,0,-3,-3,-3,0
148.313006,-2,-2,4,-1,-3,-2,-1,-1,0
148.313031,0,-4,-2,-2,-3,-1,0,-1,0
148.314849,-2,-1,-3,0,6,1,-1,-1,0
148.314856,-1,-5,-4,-1,-4,-1,1,2,0
148.326704,-1,4,0,-1,-2,-1,-2,-1,0
148.326722,-4,-7,-1,-3,0,0,-1,-2,0
148.337539,-1,-1,-4,-1,0,0,-1,0,0
148.337546,-2,-5,-4,-1,-1,-1,-1,-2,0
148.350648,-2,8,2,-6,-3,-2,1,0,0
148.350725,-2,-3,0,2,0,-1,-1,0,0
148.353183,-2,2,2,-1,-1,0,0,1,0
148.353189,3,0,-3,-1,-1,-1,-1,0,0
148.373598,-1,-4,-3,4,-1,-1,0,1,0
148.373619,-2,-6,-4,-4,-4,-3,-3,-5,0
148.374780,0,-2,1,1,-2,-1,-1,-2,0
148.374809,-2,1,-2,-1,-1,-2,0,1,0
148.386646,-1,-3,0,-1,-3,1,-2,-3,0
148.386710,-1,2,4,3,2,-1,-2,0,0
148.396972,-2,0,-6,-4,-3,0,0,-2,0
148.396977,1,-1,-2,-2,-2,0,0,1,0
148.410331,-1,0,1,-1,-2,-1,0,-1,0
148.410361,-2,-9,-9,-2,0,0,-2,-1,0
148.416603,0,8,5,-1,4,-2,-1,-2,0
148.416619,-1,-1,2,-1,-4,-1,-2,0,0
148.433108,0,2,-1,2,0,-1,-2,-1,0
148.433114,0,10,4,2,-4,-1,0,0,0
148.434391,-2,-21,-6,-3,-2,-1,-1,-2,0
148.434404,-1,9,2,3,3,-1,0,-3,0
148.448408,0,-2,0,0,-1,-1,0,1,0
148.448414,-3,-3,0,-2,1,0,-2,-3,0
148.458099,0,1,-2,-1,-2,-1,-2,-3,0
148.458112,-2,-4,-4,-3,-1,-1,-3,-2,0
148.470443,-2,-3,-1,-3,-1,0,-1,1,0
148.470467,-2,-1,0,1,2,-1,-2,0,0
148.471899,0,5,5,-2,-5,-2,-2,1,0
148.471930,-1,-3,2,0,-1,-1,-2,-2,0
148.493030,-2,-1,-5,0,3,-3,-2,-3,0
148.493049,3,-1,3,1,-5,-2,0,0,0
148.495336,-1,-2,-6,0,-1,-1,0,0,0
148.495342,-2,0,3,0,0,-1,-1,0,0
148.507201,1,-3,-1,0,-2,0,-2,1,0
148.507224,-1,-2,-1,-3,0,-1,0,-2,0
148.515532,0,0,-1,0,-2,-1,-1,0,0
148.515554,-4,-2,-1,1,-1,-1,-1,-1,0
148.530675,1,1,-5,-5,-2,-1,-1,-2,0
148.530701,-2,-4,4,-1,3,-1,-1,0,0
148.531956,-1,4,-1,2,1,1,-1,-1,0
148.531969,1,-6,-4,-1,-2,0,0,-2,0
148.553120,-3,-1,-3,-2,-3,-2,-2,-2,0
148.553141,0,-2,-3,-3,-1,1,0,0,0
148.555857,-1,1,2,0,0,-1,0,0,0
148.555863,0,-2,1,0,0,-2,0,1,0
148.567214,1,-1,-2,1,-1,-1,0,0,0
148.567246,-3,0,-4,0,-2,-2,-1,-2,0
148.577977,-4,0,-3,-4,6,0,-1,-1,0
148.577988,0,2,2,3,-3,0,-2,-1,0
148.598500,-2,-7,-2,0,3,0,1,1,0
148.598522,-1,1,1,-2,0,-1,-1,-1,0
148.601195,0,10,-4,-2,-3,-1,-2,0,0
148.601213,-2,-14,-5,-4,-1,-2,-1,-2,0
148.613066,-1,2,3,0,-1,-1,0,-2,0
148.613084,-2,-6,-4,-5,-3,-1,0,-3,0
148.614815,-1,2,-1,-2,-1,-1,-2,-4,0
148.614821,1,4,3,-1,3,-1,-1,0,0
148.626774,-1,0,0,3,-3,-4,0,-1,0
148.626792,-2,-5,-1,-1,0,-3,-1,0,0
148.637002,3,-10,-11,-4,-6,-2,-2,0,0
148.637009,1,17,2,-2,-1,1,-1,-1,0
148.650556,-1,-2,4,0,1,0,-1,-1,0
148.650561,-1,3,-1,-2,-2,-1,-1,0,0
148.651937,0,-7,-6,1,0,-1,-1,-1,0
148.651950,-2,-8,-1,2,1,-1,-1,-2,0
148.673235,0,1,2,-2,-1,0,-1,-1,0
148.673256,-2,-3,-1,1,5,-1,-2,-1,0
148.675949,-2,0,1,-2,-9,0,0,0,0
148.675955,-4,-6,-5,-3,-2,-1,0,0,0
148.686756,0,1,-4,-2,1,-2,-2,-1,0
148.686777,0,5,-4,-2,-1,-2,-1,0,0
148.695713,-2,-13,1,2,3,-2,0,-1,0
148.695720,-1,-3,2,2,1,0,1,0,0
148.711339,-3,1,1,-3,-2,-1,-1,-1,0
148.711345,1,-1,-6,-3,-3,-1,-2,-1,0
148.712365,-2,6,3,0,3,-2,-2,-1,0
148.712384,-1,3,0,3,-3,-3,0,-1,0
148.733748,-2,-8,-5,-2,0,0,-3,-1,0
148.733775,0,3,-1,-1,-4,0,0,1,0
148.735927,-3,0,6,1,-2,0,-1,-3,0
148.735931,-2,-2,3,-3,8,-1,-1,-1,0
148.746677,1,-1,-5,0,-5,0,0,-1,0
148.746696,-2,-5,-3,1,-1,-1,0,-1,0
148.757461,-2,-1,-6,-3,-2,-2,-1,0,0
148.757470,-1,-7,2,0,-1,-1,-1,-1,0
148.770589,2,21,7,-1,-2,-1,-3,0,0
148.770614,-2,-9,-3,1,-2,-1,-1,-3,0
148.772551,1,0,-2,1,1,1,-1,1,0
148.772563,-1,-3,-4,-5,-4,-1,0,-2,0
148.793136,-3,-4,-1,-1,-3,-3,-2,0,0
148.793160,-2,-2,0,1,-4,-1,-1,0,0
148.794950,0,11,0,-5,-2,-1,-1,0,0
148.794961,-2,-13,-7,-1,-4,0,0,0,0
148.806989,0,2,1,-1,-1,0,1,-3,0
148.807004,-4,0,6,2,2,-1,0,-2,0
148.816076,-2,-5,-2,1,2,-3,-1,-1,0
148.816082,-1,10,3,-4,-3,-3,-3,0,0
148.830603,-1,-10,-16,-3,-2,-2,-2,0,0
148.830628,0,4,5,0,-2,-1,0,-1,0
148.833415,-3,3,0,-2,-1,2,-3,-2,0
148.833421,2,-3,-6,-4,-3,-2,-3,-1,0
148.852994,-4,-6,2,-3,2,0,0,0,0
148.853083,-1,0,-1,-3,-2,-1,-3,0,0
148.854428,-1,-2,-2,-2,-2,-1,-1,-1,0
148.854440,0,2,-2,1,0,-2,-2,-1,0
148.875600,-2,0,4,1,-1,-1,0,-3,0
148.875626,-2,-9,-4,-6,-3,-1,-1,-1,0
148.877646,-1,7,1,2,-5,-1,-3,0,0
148.877652,-2,-1,-5,-1,-2,-1,0,-2,0
148.890896,0,-2,-2,-2,-1,-1,0,0,0
148.891000,-1,-3,-1,-3,1,-1,-1,-2,0
148.893051,1,-2,-1,0,-1,-1,0,0,0
148.893056,-3,1,-1,-1,0,0,-1,-1,0
148.920549,-1,-3,-2,-2,-1,-2,-2,-1,0
148.920566,1,-1,-4,-2,0,0,1,0,0
148.923217,-1,-9,-2,0,6,-3,-3,-1,0
148.923223,-1,1,2,3,-6,0,1,3,0
148.935604,-4,-7,-1,-3,0,1,-1,-4,0
148.935628,-3,-4,-2,2,-2,1,1,-1,0
148.937716,1,2,-1,-2,-1,-2,0,0,0
148.937724,2,-1,1,1,-1,1,-1,1,0
148.950601,-1,1,-4,1,-1,-2,0,0,0
148.950623,0,6,0,0,0,-2,-2,-2,0
148.953204,-1,-3,1,-3,-3,1,-1,-1,0
148.953210,1,3,-4,-1,1,-2,-1,0,0
148.973338,-3,-5,-5,-3,-4,0,-2,-1,0
148.973366,0,11,9,1,0,0,0,-1,0
148.976064,-3,-5,1,2,0,1,-1,-2,0
148.976074,-1,-3,-1,-4,-2,-1,0,-1,0
148.995725,-1,-3,-2,-2,-1,1,0,1,0
148.995749,-1,-6,-5,-2,0,-1,-1,0,0
148.997061,-2,1,-3,-1,-2,-1,0,-1,0
148.997080,-1,-1,-1,-1,2,0,-2,-3,0
149.010172,-2,0,3,0,-1,-2,-1,-2,0
149.010180,0,-4,-3,-3,3,-1,-1,1,0
149.017096,0,5,0,-4,-13,-3,-2,-4,0
149.017122,-1,-6,-3,-3,-5,-1,-1,0,0
149.033099,-2,-4,0,3,0,-1,-2,-1,0
149.033210,-3,-1,-5,0,0,0,-3,-1,0
149.035272,-2,-3,2,-1,2,0,-1,0,0
149.035277,-1,5,1,0,-1,-1,0,1,0
149.056589,-3,3,3,-1,-2,-2,-2,-3,0
149.056593,3,-2,-1,-1,0,0,1,1,0
149.056870,1,-4,-9,-1,-1,0,-1,0,0
149.056876,-1,4,5,1,0,0,-1,-1,0
149.072647,0,-3,-6,-3,-1,0,0,0,0
149.072653,-1,0,4,1,-2,-1,-1,-1,0
149.076749,0,-4,-5,-2,-2,0,0,-2,0
149.076771,-2,-6,-5,-2,-2,-1,-3,-3,0
149.093076,0,3,1,-3,-1,-2,-1,1,0
149.093102,-2,-2,-1,1,-1,-1,-2,-1,0
149.094706,-1,0,0,1,0,-1,-2,1,0
149.094770,0,-4,-5,-1,6,0,-2,-3,0
149.115534,-2,-6,2,-4,-5,1,-1,-2,0
149.115556,-2,11,2,-2,-2,0,-1,-4,0
149.117513,1,8,-1,0,2,0,0,1,0
149.117523,-1,-10,-2,4,1,-2,0,-1,0
149.129865,0,-2,-3,2,1,0,-2,-1,0
149.129891,-2,-10,-7,-6,-3,0,1,0,0
149.137146,0,3,3,-2,-1,0,1,0,0
149.137178,-3,1,-3,-4,-3,-3,-1,0,0
149.153003,2,-1,-1,-1,1,-2,-1,0,0
149.153062,-1,0,1,-1,-1,-3,-2,-1,0
149.154388,-1,-7,-3,-1,0,-2,-2,0,0
149.154397,1,5,3,-3,-3,0,0,0,0
149.175788,-4,1,-2,-1,-2,0,-2,0,0
149.175813,1,5,0,-1,1,-1,-2,0,0
149.177982,0,-3,-1,-3,-1,-1,-2,-1,0
149.177992,-1,-7,4,2,1,-1,-1,-3,0
149.190211,0,6,3,2,-1,-1,-1,0,0
149.190232,-3,-8,-6,-3,-3,-1,-2,-2,0
149.196669,-1,0,-2,-4,0,-1,0,-2,0
149.196694,1,-5,-4,1,6,0,-1,1,0
149.213423,1,8,11,4,-2,0,-1,-2,0
149.213450,0,-1,-6,0,1,0,0,0,0
149.214522,-3,-5,-2,0,-4,-2,0,-1,0
149.214555,-1,3,-1,-2,-1,-4,-1,-2,0
149.235496,-3,-9,-10,-5,2,-1,-2,-3,0
149.235512,1,-4,5,0,-2,-2,-1,-1,0
149.236902,-1,5,1,2,1,0,0,0,0
149.236935,0,-6,-7,-4,-3,0,-1,-1,0
149.250351,-2,2,5,3,1,-2,0,-1,0
149.250375,1,-4,-3,-1,-3,-1,0,0,0
149.256601,-1,-3,1,0,-1,-1,-1,-2,0
149.256618,0,2,1,-4,-2,0,-2,-1,0
149.274271,0,0,-5,-3,-2,-1,-1,-1,0
149.274278,-1,7,0,-5,-2,-3,1,-1,0
149.274579,-3,-12,-3,3,3,0,-2,2,0
149.274640,2,4,4,-1,-3,-1,-1,1,0
149.295629,-3,8,2,-1,0,-2,0,1,0
149.295653,-2,-16,-3,0,-1,-1,-1,0,0
149.296965,-2,0,1,-4,-2,1,0,-1,0
149.296973,-3,1,-3,-1,-2,-1,-2,-2,0
149.310198,-1,-4,-1,-4,-1,-1,0,-1,0
149.310227,0,4,-4,1,-1,-1,-3,-2,0
149.316595,2,4,10,2,1,0,1,0,0
149.316618,-2,0,-4,1,2,1,0,-1,0
149.333595,-1,-1,-2,-5,-9,-1,-1,-1,0
149.333625,-2,1,-2,-3,-2,-2,-2,0,0
149.336176,-4,-4,-7,-3,0,-2,-1,-1,0
149.336181,-1,0,-3,0,-3,-2,-1,-1,0
149.355638,2,0,2,0,5,-1,0,1,0
149.355654,-5,1,2,-1,-1,-1,1,-2,0
149.356909,4,-2,-2,-1,-4,-1,-1,-2,0
149.356987,-2,-3,-1,-4,-2,0,-2,-1,0
149.368986,-1,1,-1,2,-1,1,-1,1,0
149.368993,-2,-3,-3,3,-1,-2,-1,-1,0
149.380557,0,4,-1,-1,1,-3,-1,0,0
149.380565,-2,3,4,-3,0,-1,-1,-1,0
149.393210,-1,-6,-5,0,0,-2,-2,-1,0
149.393287,0,0,-1,0,0,0,-1,1,0
149.395236,-4,-3,-1,0,-1,-1,-2,-3,0
149.395244,-2,-2,-4,-3,-4,-2,-1,0,0
149.416969,-2,0,-1,-1,-1,-2,-2,-2,0
149.416975,1,-10,-6,-3,1,-1,-1,0,0
149.422973,3,21,0,-4,-8,-3,0,0,0
149.422988,-2,-4,3,4,-2,-1,-2,0,0
149.429268,-1,-1,-1,-1,2,0,0,-1,0
149.429374,-2,0,0,-1,-2,0,-1,-1,0
149.438127,-3,-8,-5,-2,2,-2,0,-2,0
149.438155,-1,0,-1,-3,0,0,0,-2,0
149.452937,1,-1,0,3,-1,0,-2,0,0
149.452955,-1,0,-4,-5,0,-1,-2,-2,0
149.454486,-2,-7,0,-2,2,-1,0,0,0
149.454489,2,10,8,-1,-1,0,-1,0,0
149.475554,0,-4,0,2,2,-1,-1,0,0
149.475572,-1,1,-1,-1,-1,0,-2,-1,0
149.477222,-3,-1,-4,-3,-2,-1,-2,-1,0
149.477313,-3,-2,2,1,-2,-3,-1,-3,0
149.489146,-3,-8,-7,-6,2,0,-1,0,0
149.489175,-1,3,1,0,-1,-1,-1,1,0
149.500121,0,-5,-2,-2,-3,-1,-1,1,0
149.500127,0,1,-2,-1,-2,-1,-1,-1,0
149.513281,-2,0,-2,1,-2,-1,-1,0,0
149.513316,-2,1,3,-1,0,1,-3,0,0
149.514658,-1,-11,-12,-1,5,-1,-1,-1,0
149.514794,0,10,3,1,-4,-1,0,-1,0
149.536046,1,-1,4,3,0,-1,-2,-1,0
149.536074,0,0,-1,-2,-3,-1,1,-3,0
149.538836,-2,-6,2,-1,0,0,0,-1,0
149.538841,0,-6,-4,-1,0,0,0,-2,0
149.549173,1,1,-1,-2,-2,-1,0,-1,0
149.549199,2,-1,-1,2,2,-1,0,0,0
149.558083,-2,4,2,0,-2,-2,-1,-3,0
149.558101,-2,-7,-6,1,1,-1,-1,0,0
149.573628,-2,3,-1,-4,-1,-1,0,-1,0
149.573636,-2,0,-3,-1,-2,0,0,-1,0
149.574424,1,4,8,0,-2,1,-1,-1,0
149.574443,-2,-4,-5,-5,-1,0,-2,-1,0
149.595674,-2,-2,-3,1,-1,0,0,0,0
149.595699,2,-4,-1,-1,-1,-1,-1,0,0
149.597839,-3,-1,-2,-1,-3,-1,-2,-1,0
149.597855,0,0,-3,-2,0,-1,-2,-2,0
149.609672,-1,-2,1,-6,-3,-2,-3,-3,0
149.609742,-3,3,4,2,0,-1,-1,-2,0
149.619880,-2,-5,-5,-1,-2,0,0,-2,0
149.619887,-3,-9,-2,1,6,-2,2,0,0
149.633927,-2,1,1,-1,-4,-1,0,0,0
149.634020,-1,-9,-4,0,-1,-1,-1,-1,0
149.636182,1,10,2,-1,-2,-1,-3,-2,0
149.636189,0,1,-2,0,1,-1,-1,1,0
149.655633,-3,-2,0,-1,0,-1,0,-4,0
149.655652,0,-1,1,-4,-1,-1,0,-2,0
149.656939,-1,-3,-3,0,-2,0,0,-1,0
149.656953,-1,7,-1,-6,-5,-2,-2,-2,0
149.669053,-1,-10,-1,1,2,1,2,2,0
149.669065,0,8,8,4,1,0,0,-2,0
149.679834,0,-4,-4,0,2,-1,0,1,0
149.679839,-2,-3,0,-2,-4,1,1,0,0
149.700680,2,0,-7,-5,-3,-2,-2,-1,0
149.700685,-1,-3,-6,-2,-2,-1,-1,-1,0
149.701873,-2,0,0,-4,-1,-1,-1,1,0
149.701886,0,1,2,6,0,-1,0,0,0
149.715486,0,2,-3,0,-1,-1,-2,0,0
149.715492,1,1,1,-3,-2,-1,-2,-1,0
149.716941,-3,-4,1,1,0,-3,-1,-2,0
149.716961,-3,-7,-6,-3,-1,0,0,-1,0
149.738041,1,-9,-1,-2,0,-1,0,-3,0
149.738057,-1,13,2,-4,-8,-3,-1,1,0
149.739648,1,1,-1,-1,-4,0,-1,0,0
149.739652,-2,-3,0,0,-1,-2,-1,-1,0
149.752911,-2,-3,-1,0,-1,-3,-1,-2,0
149.752929,0,-5,-2,0,2,-1,-1,0,0
149.754540,-2,-2,4,-3,1,0,0,-1,0
149.754553,-1,-2,-7,-1,-4,-1,0,-1,0
149.775534,0,5,-3,-6,-3,-2,-2,-2,0
149.775559,-1,-4,-1,1,2,2,-1,-1,0
149.777937,-1,6,1,-1,0,-1,-1,-1,0
149.777944,-1,-4,0,3,1,-3,-2,-1,0
149.798501,-2,2,1,-1,-2,-1,-1,-1,0
149.798522,-3,-4,-3,-3,1,-1,1,-1,0
149.801400,1,-3,-1,0,1,-1,0,0,0
149.801404,-2,-1,-1,-5,0,0,-2,0,0
149.813078,0,-3,-3,-1,-2,0,0,0,0
149.813097,-4,-1,1,-1,1,-2,-2,-3,0
149.814591,1,0,-1,-1,0,0,0,0,0
149.814614,-1,-2,-3,-5,-9,-2,-2,-2,0
149.836197,-2,7,4,3,-1,1,0,1,0
149.836218,0,-7,-6,-2,-1,-2,-2,2,0
149.839123,-2,-8,-8,0,-3,-1,-2,-3,0
149.839129,0,7,4,1,3,1,-2,-2,0
149.858093,-3,-3,-5,-2,0,-1,-1,-1,0
149.858117,2,0,1,0,-3,-2,0,0,0
149.859638,-1,-1,1,0,0,-1,-2,-1,0
149.859654,0,1,1,-5,-1,1,0,-2,0
149.872875,-1,-2,3,2,-1,-1,0,-1,0
149.872889,-2,1,-1,-2,0,-2,-1,1,0
149.874451,-2,-2,-6,1,-2,-2,-1,0,0
149.874469,-4,-7,-1,0,0,-2,-1,-2,0
149.895763,1,2,-2,-4,0,-1,0,-1,0
149.895848,0,3,2,1,1,-2,1,0,0
149.897040,-3,-1,1,-1,0,-2,-2,-2,0
149.897053,0,-3,-5,-2,-2,-1,-2,0,0
149.919965,-1,-1,3,0,1,-1,-2,0,0
149.919972,-4,5,-6,-2,-2,-1,0,0,0
149.919974,-2,-20,-3,-2,1,-1,0,0,0
149.919976,1,11,4,2,1,0,0,1,0
149.935323,-2,5,2,1,-1,-2,-1,-2,0
149.935329,0,1,0,-1,-2,0,-1,-2,0
149.939956,-1,2,-2,2,-3,0,-1,-1,0
149.939974,0,-3,-3,-5,-2,-1,0,0,0
149.955411,-2,-5,-5,-3,-2,-3,-2,-2,0
149.955434,-1,-2,4,1,-2,0,0,-2,0
149.956843,-1,3,-1,-2,-2,-2,-1,-1,0
149.956856,0,-2,0,-2,-1,-1,-3,-1,0
149.980315,0,2,-4,-1,0,-2,-1,0,0
149.980322,-1,-4,-2,-1,-2,-1,0,-1,0
149.980324,0,3,4,-1,0,-1,-1,0,0
149.980326,-2,-10,-5,-2,-1,-3,-2,-1,0
149.992450,1,5,-1,0,4,0,-2,-1,0
149.992471,-2,-4,-5,-4,-7,-2,-2,-1,0
149.999644,0,2,3,-1,-1,0,-1,2,0
149.999674,0,1,-4,0,-1,0,0,-3,0
150.015574,0,-8,-8,-3,-2,-2,2,-1,0
150.015596,-2,-4,-2,1,1,-2,-2,-1,0
150.016969,-2,4,-2,-2,-1,1,-1,0,0
150.016982,-2,-5,-4,-3,-3,-2,0,-2,0
150.038099,1,1,4,-2,-1,-1,-2,0,0
150.038124,0,-2,-1,3,2,1,1,0,0
150.039438,-1,-1,0,1,-1,-2,-1,-3,0
150.039443,-1,-6,-1,3,0,-1,0,0,0
150.052570,-3,-2,-1,-2,-1,0,0,-2,0
150.052588,-1,1,-1,-5,0,0,0,0,0
150.059218,-2,0,-9,-2,-2,-2,0,-2,0
150.059238,-1,-3,12,3,0,1,-1,0,0
150.075486,-1,1,0,1,0,0,0,-2,0
150.075502,-2,-8,-2,0,-2,0,-2,0,0
150.076940,1,4,1,-3,0,-1,1,0,0
150.076967,0,3,-4,-4,0,0,0,1,0
150.098596,-2,-8,-1,-1,-4,-1,0,-2,0
150.098625,0,16,8,-1,1,1,-1,0,0
150.101323,-2,-7,-7,-5,-12,-4,-1,-1,0
150.101327,0,10,6,2,-2,1,0,0,0
150.112854,-1,-2,3,1,0,0,0,1,0
150.112911,0,-8,-3,2,1,-2,-1,0,0
150.119624,-2,1,3,-1,2,-2,-3,-2,0
150.119644,-3,-4,-2,1,-1,-1,-1,-2,0
150.137320,0,1,-6,-4,-4,-1,-2,-2,0
150.137326,-1,-2,-3,-3,-2,-3,-2,-3,0
150.137328,0,1,9,0,1,1,0,1,0
150.137330,-2,-4,-9,-3,0,-2,-1,0,0
150.158050,0,6,12,1,2,0,-2,-1,0
150.158079,0,-3,-3,-2,0,0,-3,-2,0
150.160031,-1,-3,-3,0,1,-2,-1,-1,0
150.160037,1,4,0,-5,-2,-2,-1,-2,0
150.173052,-1,-8,-1,2,-1,1,1,1,0
150.173072,-1,-2,-1,0,-3,-1,0,-1,0
150.179426,0,-1,0,0,0,0,-1,2,0
150.179451,-2,-4,-3,-3,-3,-2,-2,0,0
150.195726,-1,14,-3,-1,0,-2,-2,-2,0
150.195749,-3,-4,-1,-2,-1,-1,-1,-4,0
150.197520,0,-1,-3,1,0,0,0,-1,0
150.197525,1,0,1,3,1,0,0,-1,0
150.218229,0,-7,-5,0,-1,-1,-1,-1,0
150.218254,-1,-1,-4,-4,0,0,-1,0,0
150.219601,-2,-1,-4,-2,-1,-1,-1,-3,0
150.219617,0,-1,3,1,1,-1,-2,1,0
150.232236,-1,-2,1,-4,-3,-2,-2,-1,0
150.232244,0,2,-4,-2,0,0,1,0,0
150.239576,3,-2,-3,4,1,0,1,1,0
150.239600,-5,1,-1,-4,1,1,-2,-2,0
150.255616,-3,-4,4,-1,-3,-1,-1,-1,0
150.255639,-2,-5,-1,-3,-1,-3,-3,-1,0
150.257196,2,6,0,-1,-1,0,-1,1,0
150.257204,-1,-1,-2,1,0,1,0,-1,0
150.278325,-2,-8,-8,-3,-1,-2,-1,-2,0
150.278368,0,14,4,-1,-1,-2,-2,-1,0
150.279627,-5,-1,1,-2,-1,-1,-1,-2,0
150.279654,-2,-1,-2,-2,-4,1,-1,-4,0
150.293859,1,-3,-2,-2,-1,0,0,-1,0
150.293866,1,-4,1,3,0,-1,1,0,0
150.302599,-3,-1,0,-1,-1,-1,0,1,0
150.302604,-4,-5,-7,-3,0,-1,-2,-4,0
150.315540,-2,0,-1,1,-1,-1,-1,-1,0
150.315563,-3,-9,-5,-1,-2,0,-1,-2,0
150.317931,1,6,2,-2,1,-1,-2,-1,0
150.317941,-1,-3,2,1,1,-1,0,1,0
150.340327,-1,2,1,-3,-1,-1,-2,-1,0
150.340331,-1,0,-3,-1,0,0,-2,-1,0
150.340333,-2,-6,-4,-4,-2,-3,-2,-1,0
150.340335,2,5,-3,-3,0,-1,-1,-1,0
150.351981,-1,-5,1,0,-1,0,-1,1,0
150.352005,-3,-7,-4,2,0,-2,-1,-2,0
150.361531,-3,-4,3,-1,-2,-1,1,-1,0
150.361538,1,3,-1,1,0,0,1,2,0
152.376660,41,-67,-14,-14,-7,-6,10,-40,4
152.377110,3,-20,-29,-14,-10,-12,-30,-23,4
152.387484,53,-29,2,-13,-4,-4,1,-15,4
152.387491,103,39,12,6,6,8,13,26,4
152.400922,-16,-81,-2,3,-1,-1,12,78,4
152.401041,-13,-84,9,6,1,0,-2,-39,4
152.402169,-65,41,13,3,0,0,-5,-41,4
152.403933,-18,34,17,5,-1,0,-1,110,4
152.422939,70,55,-17,-6,-3,-6,-3,31,4
152.422961,-88,-72,-63,-23,-11,-6,0,-17,4
152.424492,66,37,71,24,6,3,3,69,4
152.424510,-26,113,25,5,-2,3,10,-56,4
152.436803,-63,-121,-47,-10,-1,-1,1,44,4
152.436832,-17,117,-2,0,0,-2,-6,0,4
152.445738,-33,-27,-11,-3,-1,0,11,-16,4
152.445758,-70,-37,19,-5,-3,-2,-16,-3,4
152.460726,-3,5,0,4,3,0,4,-29,4
152.460731,32,64,63,16,3,4,8,62,4
152.462137,-45,-122,-9,-13,0,-4,-20,-65,4
152.462161,30,55,-9,-4,-1,-1,5,48,4
152.482952,-60,-25,-5,-1,2,0,-8,-54,4
152.482974,34,-37,-5,6,4,0,2,-22,4
152.484500,-30,30,-19,-4,-3,1,2,28,4
152.484512,-72,-66,-16,-9,-2,-4,-4,-10,4
152.496610,33,127,66,11,7,6,6,40,4
152.496627,-18,89,-18,-5,-8,-10,-15,-32,4
152.508793,-38,2,-14,-18,-9,-4,-1,8,4
152.508802,101,12,-30,-7,-3,-4,-11,-82,4
152.520942,76,47,3,3,-1,-1,1,37,4
152.520972,28,-97,26,2,2,3,3,51,4
152.523620,54,12,-4,1,2,-2,-8,-17,4
152.523625,88,-3,-5,0,-1,-2,1,61,4
152.542929,-42,-4,8,-1,1,3,3,-15,4
152.542960,30,-62,8,6,4,4,16,102,4
152.544765,76,-64,-10,-7,-6,-10,-32,-61,4
152.544812,-79,-12,-2,-3,-2,-4,-5,-14,4
152.556874,-30,-65,-20,0,-1,-5,-9,-5,4
152.556887,30,85,15,3,1,3,-3,-80,4
152.566162,-36,70,1,3,3,6,27,42,4
152.566171,41,99,19,1,-1,1,4,-2,4
152.580451,-56,-44,-30,3,-2,-3,-8,-33,4
152.580468,73,86,-10,0,-2,-5,-3,-26,4
152.581984,-3,9,18,4,4,2,-1,15,4
152.581994,35,47,12,4,-3,-3,-6,-43,4
152.603020,-105,-96,-35,-13,-8,-1,10,64,4
152.603034,29,39,6,0,3,0,-11,-15,4
152.604333,-70,-67,-3,4,3,9,30,-2,4
152.604346,-20,16,-1,-3,4,-1,-13,-13,4
152.625864,-44,-87,-5,-4,-4,-2,0,1,4
152.625912,-107,55,-2,2,2,3,3,81,4
152.627898,20,-42,-10,9,1,-3,-13,-41,4
152.627910,-84,-67,-33,-9,-6,-3,0,9,4
152.640703,57,38,22,7,4,4,8,-8,4
152.640721,-71,65,1,-5,-6,-5,-3,-107,4
152.644139,-19,-5,-29,-9,-4,-7,-9,99,4
152.644149,-63,-103,-27,-12,-3,-2,0,-70,4
152.664518,124,100,22,4,2,1,-2,8,4
152.664524,65,-48,-24,-20,-5,-5,-1,31,4
152.664596,25,42,31,15,-1,-4,-6,-29,4
152.664662,22,-53,-11,-8,-5,-7,-14,1,4
152.685545,-1,25,-5,-5,-2,0,5,45,4
152.685624,-4,9,15,5,3,6,12,34,4
152.687791,12,42,-1,-3,0,-1,0,-38,4
152.687797,-74,42,27,12,4,1,1,41,4
152.701131,70,26,-3,-9,-4,-3,-11,-73,4
152.701149,-46,-6,12,-6,-4,-8,-19,-7,4
152.703013,72,115,7,1,-1,-2,3,-17,4
152.703018,108,-88,-33,-4,-2,1,4,23,4
152.725414,79,-5,8,-1,0,-1,1,94,4
152.725428,55,-8,11,10,2,2,3,-64,4
152.725431,-29,-4,-14,-8,-1,2,0,-11,4
152.725433,12,-22,16,3,1,0,11,-76,4
152.745897,-1,6,57,16,4,-1,1,54,4
152.745937,-67,-30,-32,-8,-7,-9,-15,-50,4
152.747143,-21,-73,-13,-10,-9,-5,1,-4,4
152.747161,-5,32,28,5,1,0,-4,5,4
152.759871,-42,-75,-28,-15,-4,-6,-11,-53,4
152.759891,-28,31,20,6,5,8,9,1,4
152.766930,60,-19,19,10,3,-1,-3,-19,4
152.769321,23,10,-27,-19,-4,-3,13,33,4
152.783409,24,43,16,11,5,5,0,-10,4
152.783432,87,-63,-36,-12,-8,-11,-13,11,4
152.784928,-85,116,5,-13,-6,-8,-9,69,4
152.784932,35,57,35,20,5,8,3,16,4
152.805630,-4,32,-30,-9,-4,-3,-4,-69,4
152.805643,66,40,8,2,1,-1,12,-3,4
152.807020,30,-25,14,4,2,3,-11,-6,4
152.807039,75,55,5,8,1,-3,-1,-14,4
152.819771,-58,-21,1,-3,0,3,14,17,4
152.819779,-59,-81,2,-4,1,1,-4,-78,4
152.826825,-37,93,-5,-6,-2,-4,7,53,4
152.826842,69,20,11,7,1,0,-6,11,4
152.842995,7,-63,-34,-5,0,-1,0,-14,4
152.843014,34,63,-5,-4,-4,-1,2,-16,4
152.845457,-14,-42,3,-8,-1,3,5,7,4
152.845468,-54,-7,-34,1,0,1,11,39,4
152.865347,25,-60,-27,-2,-2,-2,-5,-61,4
152.865354,-14,104,56,7,0,-6,-4,52,4
152.867110,-96,-121,-27,-12,-3,-3,-4,-65,4
152.867135,-9,-42,-18,-1,2,-2,-12,-2,4
152.880916,57,45,14,2,19,0,-8,17,4
152.880924,-91,-34,-8,-1,-6,1,-2,-3,4
152.886989,93,120,23,12,2,4,10,22,4
152.888865,77,-43,-15,-14,-17,-4,-9,-40,4
152.902984,-9,127,39,12,15,3,12,-1,4
152.903047,99,-52,-17,-7,2,-1,-24,37,4
152.904353,-31,-92,-21,8,-4,-4,4,30,4
152.904359,-88,-48,4,0,15,6,4,-50,4
152.927190,64,20,15,2,-7,-2,-1,1,4
152.927203,-76,15,-7,4,-1,3,12,16,4
152.927205,-13,-38,-19,-5,-3,1,2,-20,4
152.927302,-38,-28,11,5,-2,0,0,21,4
152.942736,8,42,-9,-8,-8,-1,1,18,4
152.942751,52,-20,10,5,0,6,13,21,4
152.946742,11,-99,-10,-1,8,-3,-21,-76,4
152.946766,63,36,-16,-5,-4,-3,2,24,4
152.963062,-69,59,20,-4,-12,-2,-3,26,4
152.963087,-38,19,-12,-4,6,0,5,14,4
152.965223,77,105,32,12,2,3,5,6,4
152.965231,55,-54,-9,-9,-5,-3,5,48,4
152.985627,-85,6,5,-4,-8,-5,1,-45,4
152.985649,39,-11,42,20,7,8,6,88,4
152.987457,6,-81,-26,-11,-3,-3,-9,-40,4
152.987462,-61,90,-6,-6,-9,-5,-3,-24,4
153.000423,-29,6,10,-3,0,0,-5,-56,4
153.000453,57,-36,-26,-6,2,0,3,-20,4
153.014184,40,105,45,4,3,3,12,111,4
153.014202,-91,-20,-16,-4,3,-1,-13,-80,4
153.022970,34,-85,-19,2,-9,-5,11,103,4
153.023000,-60,-20,13,-4,-1,-3,-25,-49,4
153.029229,79,99,30,13,5,0,5,-38,4
153.029249,46,-61,-54,-26,-13,-14,-14,32,4
153.045822,57,1,12,4,2,2,9,56,4
153.045841,-53,24,24,2,-4,-2,-23,-72,4
153.047677,-1,83,3,6,3,-1,-4,-7,4
153.047682,-126,-75,-5,-4,-2,0,3,32,4
153.059886,-37,-54,-8,1,1,1,1,-21,4
153.059904,72,48,-5,5,-2,-6,-9,84,4
153.066758,-9,-6,-5,-5,-1,2,-2,24,4
153.066775,-1,77,19,7,1,0,-5,-86,4
153.082913,52,6,-10,-4,-3,-2,-12,-9,4
153.082924,-119,-52,-19,-8,2,3,13,-17,4
153.084397,-30,6,3,3,-1,0,3,25,4
153.084411,-38,-27,4,10,3,6,12,110,4
153.106376,-119,-102,21,-17,-8,-10,-30,-110,4
153.106397,-16,-49,-18,-9,-2,-2,3,-32,4
153.109027,34,-112,-2,-3,-3,-2,-4,-1,4
153.109032,47,-69,-11,-2,3,2,8,9,4
153.119144,21,49,3,6,2,2,5,19,4
153.119163,16,69,-11,1,-3,-1,5,15,4
153.128093,-55,-123,-11,-9,-3,1,5,-76,4
153.128112,112,90,32,14,5,2,-10,24,4
153.143465,-15,70,-6,-3,-7,-9,-7,-21,4
153.143471,-47,-13,4,-5,-5,-2,5,-3,4
153.144808,22,-33,-2,-1,-1,1,4,54,4
153.144834,14,100,13,10,3,-2,-9,-31,4
153.165660,-15,-116,-10,-6,-2,-4,-13,-60,4
153.165683,108,23,-26,1,2,6,21,47,4
153.167979,-65,79,-7,-5,-1,-5,-4,-22,4
153.167984,114,-8,13,0,0,-1,1,47,4
153.179191,-56,24,-16,5,-1,2,0,8,4
153.179217,42,-8,3,-1,-1,-2,2,19,4
153.189081,14,-47,3,-4,-1,1,-4,-31,4
153.189086,-26,37,28,3,-1,0,-6,-8,4
153.202957,127,90,-7,5,2,1,10,84,4
153.202981,31,-7,12,-1,0,-1,-2,-35,4
153.204562,-19,-99,-62,-21,-10,-10,-23,-35,4
153.204586,14,4,-21,-3,-1,-3,0,-58,4
153.225128,21,16,-2,-2,1,1,5,26,4
153.225160,41,2,3,4,2,3,2,7,4
153.225940,-57,69,16,8,1,-1,0,-1,4
153.226128,-24,-42,-8,-10,-3,1,11,42,4
153.247554,-2,-36,-3,-3,0,3,-2,-43,4
153.247573,-123,4,3,-7,-2,-1,14,25,4
153.248538,108,98,94,38,10,-2,-36,-87,4
153.248542,-128,-115,-34,-20,-12,-14,-10,9,4
153.262365,47,67,-28,-8,-4,-2,-4,-14,4
153.262391,-30,-46,-18,-12,-5,-5,0,-58,4
153.263430,-61,-33,-6,8,54,7,12,40,4
153.263434,38,42,11,1,-71,3,8,-2,4
153.285251,-29,10,3,-1,-10,-5,-5,-14,4
153.285267,-26,-1,-8,0,-4,0,-1,2,4
153.285711,14,42,19,1,0,8,20,44,4
153.285724,-48,105,18,13,17,-9,-9,48,4
153.308439,20,-59,-35,-24,-5,-12,-29,-60,4
153.308497,-15,41,6,-4,-9,1,5,25,4
153.311154,25,-73,3,-11,-15,-5,6,9,4
153.311169,66,-16,17,9,18,7,-4,-20,4
153.325729,-30,-29,10,9,-4,2,13,26,4
153.325738,4,-10,-11,4,11,-6,-10,-17,4
153.325740,26,74,-8,-5,-12,-1,13,-2,4
153.325742,-30,-55,-7,-8,6,0,-11,-27,4
153.345222,-10,-55,-15,-3,3,2,4,16,4
153.345265,127,-38,-4,-2,-1,0,-3,31,4
153.345652,-63,-59,-53,-6,-15,-7,1,-26,4
153.345669,-7,32,-9,-17,1,-5,-14,-35,4
153.367587,25,-9,-9,-2,4,2,-14,17,4
153.367604,31,-43,13,6,-3,-6,-14,-31,4
153.368838,71,58,-18,-7,-11,-3,-2,17,4
153.368842,-11,-78,22,13,12,1,4,-58,4
153.382275,36,101,26,8,5,4,9,7,4
153.382298,-24,57,15,0,2,4,10,26,4
153.383674,-19,-101,-49,-9,-9,-5,-9,11,4
153.383683,-19,75,-6,-3,2,1,4,-4,4
153.405072,-42,23,16,3,0,1,4,17,4
153.405216,6,-20,1,7,-1,1,-3,-23,4
153.408367,-6,-12,6,-1,-2,1,4,11,4
153.408379,64,38,-26,-5,3,0,-6,50,4
153.427539,-93,-63,-6,-11,-13,-12,0,33,4
153.427566,-83,-35,18,11,6,-1,-10,-8,4
153.429337,110,57,38,4,-3,0,-3,-15,4
153.429343,26,68,-30,-15,4,-2,-1,-60,4
153.442620,66,-17,-2,9,4,5,5,-3,4
153.442646,0,-40,-14,-7,-2,-4,-11,-36,4
153.443971,19,77,17,3,-1,0,5,47,4
153.443976,7,-103,2,2,2,6,11,47,4
153.465553,10,72,19,-1,-2,-4,-7,-29,4
153.465583,-24,-14,-13,-6,-4,-3,13,14,4
153.472732,92,-71,-23,-8,-4,-2,-23,21,4
153.472851,11,-7,0,-2,0,0,14,1,4
153.487213,-74,-54,-12,-1,-1,-1,3,70,4
153.487231,-72,-52,-23,-16,-9,-3,1,-1,4
153.487860,20,-11,-10,3,2,-1,-7,-50,4
153.487873,22,3,-4,1,-4,-5,-2,29,4
153.502520,-48,95,28,8,7,5,-5,-57,4
153.502566,93,-75,-16,0,-3,-1,4,109,4
153.504469,-30,39,-7,-5,-1,0,2,-45,4
153.504477,-62,32,-16,-8,-5,-2,0,-43,4
153.525018,5,-33,11,4,1,0,-1,5,4
153.525044,11,-35,-4,-3,2,-1,-6,-68,4
153.526856,-1,9,12,-1,-2,-2,-2,38,4
153.526863,29,-36,4,7,4,2,8,25,4
153.547391,86,11,-12,-10,-1,1,-2,-44,4
153.547398,55,-5,-32,5,-2,-1,5,37,4
153.548054,-12,-78,22,3,-3,-3,7,56,4
153.548068,47,111,31,5,-3,-4,-25,-28,4
153.562338,9,-127,-8,-7,0,1,15,-3,4
153.562356,59,21,-16,-2,-2,-3,-8,-5,4
153.563540,-3,27,-2,-4,-2,-2,8,23,4
153.563544,28,7,0,0,0,2,10,21,4
153.587779,4,50,3,4,1,2,3,14,4
153.587787,62,82,43,6,2,1,-22,-29,4
153.587792,-21,-30,-13,-1,-4,-2,13,14,4
153.587795,92,29,23,-6,-3,-2,-7,43,4
153.611041,-85,-47,-15,-6,-5,-6,-19,-60,4
153.611049,-10,87,3,-3,-2,-2,2,8,4
153.611052,-62,-38,0,-5,-5,-5,-14,-29,4
153.611055,-46,-82,-40,2,1,2,11,10,4
153.622318,-31,-57,22,2,1,3,10,32,4
153.622339,-16,84,6,-3,-3,-3,-7,-71,4
153.625460,-23,-7,-7,-2,1,1,-8,-20,4
153.625468,-20,7,-6,9,0,-1,-1,33,4
153.645188,100,-18,-25,-11,-3,-6,-4,-32,4
153.645224,-83,44,28,18,6,3,8,14,4
153.645567,8,-27,-11,-2,-1,-2,1,-22,4
153.646733,-102,-27,5,-6,-1,-1,-2,9,4
153.667481,8,-14,-21,-2,-3,-2,-3,1,4
153.667511,-1,-10,1,-3,-2,-2,3,27,4
153.668992,102,-12,2,4,-1,4,10,84,4
153.668996,95,-48,-4,-2,0,-1,5,-86,4
153.682344,7,-74,6,-1,-5,-3,-17,-9,4
153.682368,59,33,2,-6,2,-1,-2,23,4
153.684332,-102,-59,-21,-8,-2,-3,2,-10,4
153.684337,-24,29,2,-1,2,0,-11,4,4
153.704724,114,127,0,4,2,2,17,52,4
153.704747,-8,-29,0,-2,-2,2,0,-16,4
153.705357,18,35,2,1,-1,1,-4,-26,4
153.705371,11,60,17,7,4,3,12,-10,4
153.727317,-128,-18,-12,-1,-2,-5,-5,61,4
153.727351,-6,-76,-30,-15,-5,-2,-12,-6,4
153.729772,-12,42,-2,-5,-2,-3,-12,-74,4
153.729779,74,15,-10,-3,-3,-5,-2,24,4
153.742344,21,22,2,2,1,3,7,-35,4
153.742368,-40,-20,-2,5,2,3,1,1,4
153.744322,-1,32,15,-1,0,-1,-5,2,4
153.744332,-18,-22,28,3,-2,-1,1,-32,4
153.765853,21,-20,0,1,0,0,0,5,4
153.765860,46,35,6,-3,-5,-2,8,-16,4
153.765861,-35,6,-14,10,3,3,-6,-33,4
153.765863,39,85,22,11,6,7,26,117,4
153.787563,96,-58,-63,-33,-19,-26,-47,15,4
153.787594,-33,-16,9,1,0,-2,-2,7,4
153.789419,57,-17,2,0,3,5,12,31,4
153.789425,-116,-128,-49,-13,-6,-5,-12,-35,4
153.802376,27,97,8,3,1,5,19,26,4
153.802402,85,35,-16,-3,-1,-2,-3,-16,4
153.803031,36,-59,-15,-6,-2,-1,-5,14,4
153.803056,4,-1,10,-3,-1,-1,4,7,4
153.825062,-2,-28,7,-3,5,5,-3,-9,4
153.825087,-47,-1,-10,3,-5,-6,-13,9,4
153.826752,-57,52,6,3,2,0,5,21,4
153.826759,7,22,3,-5,-5,-7,-1,-11,4
153.847451,-17,18,10,7,2,4,-10,-58,4
153.847562,32,-3,21,6,0,2,14,27,4
153.847986,-46,124,23,5,4,4,11,89,4
153.848054,13,-107,-44,-24,-15,-17,-31,-51,4
153.862574,-82,-6,12,-2,4,4,13,10,4
153.862601,4,-109,-39,-9,-1,0,1,6,4
153.864067,87,48,-5,3,-5,-2,0,-21,4
153.864076,68,-55,3,8,6,4,-5,-1,4
153.884818,-34,127,14,2,-7,-6,-1,19,4
153.884841,0,-110,-13,-1,-1,-3,-13,-62,4
153.886153,-13,39,1,-3,-2,-1,6,1,4
153.886158,22,-2,8,-1,4,3,5,35,4
153.907435,63,-38,-16,5,1,2,13,-15,4
153.907743,-67,-41,0,-5,-1,0,-14,74,4
153.908680,5,67,4,-4,-6,-5,-1,-47,4
153.908712,-112,17,11,6,0,2,7,-1,4
153.922302,54,-98,-1,-3,-2,-2,-5,16,4
153.922326,36,48,-13,-8,0,0,0,-33,4
153.923624,-15,-26,17,6,0,1,11,-9,4
153.923630,-128,19,-3,0,-1,-1,-25,-40,4
153.945140,38,68,12,-5,4,1,12,53,4
153.945190,30,109,20,11,3,2,15,16,4
153.946949,8,-103,-19,-5,-2,-4,-12,13,4
153.946954,78,42,2,3,1,1,11,-38,4
153.967417,-41,0,-4,8,-1,0,-6,-16,4
153.967451,13,-9,16,10,2,2,4,-4,4
153.969238,-10,116,39,-2,1,-2,-9,-42,4
153.969263,120,-40,-14,-5,-5,-3,2,81,4
153.982338,25,41,17,5,4,3,-11,-59,4
153.982365,-115,-106,-16,-7,-4,-4,0,-22,4
153.983613,2,6,-7,-3,-4,-3,-3,14,4
153.983619,40,49,14,4,3,2,7,3,4
154.004765,-56,-55,-24,-8,1,1,6,31,4
154.004785,35,43,-3,1,-1,1,0,-25,4
154.005408,41,-13,-13,-5,-4,-7,-13,3,4
154.005428,-121,-48,7,-1,0,-2,-1,-41,4
154.027348,6,25,3,12,1,1,9,-41,4
154.027405,51,-91,-22,-5,-3,-4,-19,-4,4
154.028501,23,75,-8,-3,-1,-2,-2,-54,4
154.028506,-16,-19,9,-3,-3,-1,-1,15,4
154.042475,-43,-34,3,1,-2,0,4,-35,4
154.043769,66,87,20,4,2,4,8,-4,4
154.043781,-37,-119,-13,-3,0,0,-7,4,4
154.043784,95,-54,-16,4,0,1,6,31,4
154.065776,-94,-12,-11,-4,-2,-2,-9,-70,4
154.065783,72,-14,21,2,-5,-5,12,27,4
154.065785,-105,-119,-19,-6,-4,-6,-27,-12,4
154.065787,-3,7,-11,-8,-2,-2,7,5,4
154.087295,63,67,0,0,0,2,1,64,4
154.087317,-29,118,22,7,-2,1,1,12,4
154.088563,62,-12,-7,-6,0,4,20,94,4
154.088568,18,77,14,9,2,-2,-7,-18,4
154.102315,20,-85,4,2,0,-3,-16,-53,4
154.102339,-24,-73,-9,0,-1,1,4,-14,4
154.103705,-16,-4,2,-3,2,2,23,46,4
154.103716,-36,-4,-4,-5,-1,0,-34,-85,4
154.124868,38,116,19,5,-1,-3,0,67,4
154.124898,25,19,11,-6,3,-1,-1,-4,4
154.127103,-44,-50,3,0,-2,0,5,-37,4
154.127119,-34,-34,-19,-13,-3,-4,0,46,4
154.147259,48,56,20,9,1,3,-2,-37,4
154.147284,-74,-6,-12,-5,0,-1,-6,-21,4
154.149134,-25,-49,2,-1,-2,0,9,-27,4
154.149148,88,124,35,10,3,3,8,72,4
154.162059,-96,-88,-68,-17,-8,-10,-15,-23,4
154.162089,83,96,0,-5,-1,-1,0,-7,4
154.169981,103,69,2,5,0,-2,-11,-17,4
154.170004,10,15,23,6,2,4,7,-25,4
154.184686,52,-53,11,2,0,0,2,17,4
154.184704,3,-67,2,-4,-5,-2,-3,-7,4
154.185829,-67,23,24,-7,5,5,7,3,4
154.185841,3,45,9,14,0,-1,-5,-25,4
154.207281,-3,33,31,-6,-1,-3,9,107,4
154.207309,-49,15,-6,-10,-3,-5,-25,61,4
154.208178,127,113,10,5,-2,-1,3,7,4
154.208207,-39,-64,-19,-10,-6,-2,-3,-11,4
154.221464,53,10,-6,-2,0,2,4,43,4
154.221495,-38,19,24,9,2,2,5,-31,4
154.229810,86,57,-9,3,1,1,-8,2,4
154.229830,-91,106,31,13,7,3,4,11,4
154.245674,-56,-48,-37,-18,-9,-8,-6,-69,4
154.245739,82,78,-9,-10,-1,-3,-2,-13,4
154.247063,33,-87,-9,4,0,-1,-13,25,4
154.247069,5,24,-7,-2,-4,-1,28,0,4
154.268639,45,-39,11,3,4,1,-21,-4,4
154.268644,-102,-56,-18,1,-3,-3,6,-45,4
154.268646,-93,-92,-9,-4,-2,-1,4,5,4
154.268648,62,-38,-4,3,4,4,10,32,4
154.281612,-64,126,35,15,0,0,-4,70,4
154.281631,50,-121,-52,-16,-8,-10,-12,-57,4
154.289915,61,65,-5,0,0,1,-2,2,4
154.289940,-46,-70,-16,-15,-6,-5,-5,-33,4
154.304857,10,13,-7,2,2,1,11,13,4
154.304880,-10,-28,5,6,3,2,4,6,4
154.305372,-3,42,-7,-2,-2,-3,-3,-6,4
154.305386,8,36,-17,-12,-5,-5,-4,101,4
154.327346,-30,2,-7,2,2,1,-3,-53,4
154.327371,-4,3,15,-1,-5,-8,-9,-15,4
154.329135,40,93,15,5,2,3,10,6,4
154.329140,-31,-100,-29,-9,-8,-8,-23,4,4
154.341675,-14,-19,-21,-5,-3,2,13,49,4
154.341697,-14,60,-12,0,-1,-1,2,16,4
154.349816,-66,-48,15,9,2,3,5,10,4
154.349842,12,19,-7,-3,-2,1,5,-37,4
154.364791,8,30,9,-8,-1,0,-3,-25,4
154.364814,53,33,16,8,6,1,1,87,4
154.365447,-117,-40,-21,-2,-4,-6,-4,-19,4
154.365469,12,76,17,-4,4,1,0,-18,4
154.387330,64,-25,12,-9,-11,-12,-8,10,4
154.387349,-109,127,12,2,1,1,4,10,4
154.389776,-19,-100,-28,-6,-3,-3,-9,-8,4
154.389783,72,-80,4,4,0,0,1,-31,4
154.401813,58,29,12,2,1,4,15,34,4
154.401886,-42,-7,-5,-2,-1,0,-5,-31,4
154.410006,-33,-2,13,-1,-1,-3,-5,-10,4
154.410035,13,40,7,4,1,2,5,-12,4
154.426308,6,-83,-9,-3,-3,-2,-2,25,4
154.426315,-34,-6,-6,-4,-2,2,8,78,4
154.426317,5,-59,4,5,2,1,2,-72,4
154.426319,80,52,29,3,1,-3,-14,-75,4
154.447494,-53,-28,-44,-11,-5,-5,-1,39,4
154.447520,-109,27,6,-3,0,3,6,10,4
154.450163,89,52,-16,-7,-3,-3,-1,30,4
154.450169,-57,27,6,7,2,1,2,-16,4
154.461847,8,-57,-3,-3,-1,0,4,-27,4
154.461874,93,15,-7,1,-2,-2,-2,-18,4
154.470009,-100,23,20,2,1,3,-2,-7,4
154.472614,28,8,6,0,-3,-1,3,26,4
154.485212,10,62,0,-1,0,-1,5,-74,4
154.488343,-1,-33,-18,7,-2,-2,-4,19,4
154.488350,127,13,21,-5,2,0,-2,-20,4
154.488352,-61,-90,-40,-14,-6,-4,-2,35,4
154.507928,52,94,32,13,3,2,1,27,4
154.508095,-47,24,-33,-12,-6,-3,-1,-46,4
154.510499,-24,23,-12,-5,-7,-9,-13,-37,4
154.510506,-74,-34,-6,-7,-5,-6,-6,3,4
154.530779,20,14,-12,11,4,4,4,-5,4
154.530898,64,27,29,6,4,0,2,13,4
154.532956,0,50,-7,-9,1,2,4,58,4
154.532961,44,3,-20,-8,-3,-1,-1,3,4
154.545226,-15,80,45,15,6,4,-1,-10,4
154.545257,63,45,38,7,3,0,-8,-67,4
154.547594,57,-106,-37,-15,-12,-8,-6,36,4
154.547603,32,-23,-16,-11,-7,-8,-19,-20,4
154.567667,-33,-80,-25,1,-2,-2,-2,-43,4
154.567687,-28,35,11,-2,-1,-4,-5,-12,4
154.567998,40,87,26,7,3,1,0,-11,4
154.568101,-2,-110,7,6,3,1,4,18,4
154.590573,-25,-128,-15,-8,-6,-3,-3,-7,4
154.590598,89,66,24,1,3,2,4,59,4
154.593277,-94,-128,-2,-1,-1,-2,-2,-12,4
154.593285,54,117,-5,2,-6,-7,-9,-57,4
154.605157,-39,-28,2,0,0,1,-6,-14,4
154.605183,23,25,11,0,2,2,4,-7,4
154.606788,-8,57,8,10,1,2,9,8,4
154.606792,3,-79,-22,-4,-3,-2,-6,20,4
154.628422,27,54,-4,-6,-1,-2,-4,-24,4
154.628433,-23,-89,-20,-6,-6,-3,-1,-32,4
154.628435,-50,3,-1,-5,0,-3,-3,41,4
154.628437,-45,-6,14,5,1,2,6,-7,4
154.650594,5,66,35,8,2,4,6,34,4
154.650616,-6,-128,-33,-10,-3,-2,-3,22,4
154.652154,43,91,26,17,4,2,1,-39,4
154.652164,-20,-82,-9,-5,1,3,-1,16,4
154.664928,13,27,16,-5,-2,-3,-1,-21,4
154.665038,-37,31,-3,5,-1,-3,-1,-20,4
154.667278,-9,-105,-18,-4,2,3,5,103,4
154.667282,-9,66,31,6,4,3,2,-78,4
154.695456,5,-39,-7,-7,-2,-1,-1,66,4
154.695481,7,28,2,-7,-2,-4,4,-22,4
154.697489,-55,38,-20,-7,-7,-7,-30,-24,4
154.697495,-20,18,-3,-1,-2,-3,3,-24,4
154.711143,38,-1,-23,-2,-3,-4,-3,6,4
154.711199,24,-128,-12,-1,-1,0,3,9,4
154.713248,1,-31,-23,-10,-3,-1,2,-15,4
154.713256,52,65,41,7,5,4,2,34,4
154.725142,-38,34,11,3,16,-2,0,-32,4
154.725169,-30,-48,1,-6,-20,-2,-9,16,4
154.725411,38,33,-24,-7,-1,0,4,-15,4
154.725430,-8,-65,-22,-6,-5,-2,-7,-2,4
154.747332,30,-92,-13,-3,-5,2,11,22,4
154.747358,45,49,11,-3,11,2,0,16,4
154.748650,6,18,13,6,-1,-3,-4,-15,4
154.748659,-9,-33,-3,-2,-3,-1,11,56,4
154.770515,71,123,18,-10,10,5,-9,-87,4
154.770530,1,-81,-32,-5,-4,6,-8,-53,4
154.771340,-46,-101,18,-4,-7,-7,3,44,4
154.771359,55,41,3,6,4,-4,-6,53,4
154.784839,6,-7,6,4,-8,-6,-11,-37,4
154.784853,-14,34,-2,-2,1,3,7,10,4
154.785392,79,13,21,3,5,4,6,-7,4
154.785405,-70,-38,-3,-7,-7,-6,-9,-12,4
154.807504,-56,-113,-35,-11,-10,-3,-3,28,4
154.807536,9,-23,-7,-2,0,-3,1,12,4
154.809460,47,90,20,9,4,3,5,-9,4
154.809466,4,32,11,3,1,1,5,30,4
154.830451,-14,12,-6,3,-5,0,-1,-14,4
154.830523,-28,-48,13,12,3,-2,1,12,4
154.831189,39,-78,-20,-3,-2,-2,0,-12,4
154.831196,-43,79,-4,-2,0,1,2,39,4
154.845305,32,-83,3,-6,-2,-2,3,-1,4
154.845322,-29,57,12,4,0,-4,-8,-37,4
154.845462,-70,-34,-9,-3,-4,-3,-5,-62,4
154.845470,1,-85,-21,-6,-2,3,3,-13,4
154.867518,55,70,20,14,0,1,0,88,4
154.867546,49,-57,-28,-4,-2,-6,-10,70,4
154.869976,-35,124,2,1,0,2,-2,-52,4
154.869989,38,21,-2,-4,-2,-3,14,-4,4
154.892042,0,-22,-21,-9,-6,-2,-10,14,4
154.892065,26,85,53,22,8,6,11,-11,4
154.892070,-82,0,-13,-11,-3,-7,-16,22,4
154.892076,-9,-78,-31,-3,-2,-2,-13,0,4
154.907442,38,49,0,4,1,1,12,-9,4
154.907517,-110,5,-23,-11,2,3,4,27,4
154.907520,64,-83,17,3,0,2,12,11,4
154.907522,-18,127,16,6,0,-4,-9,-34,4
154.927338,-5,-100,-18,-4,-5,-6,-5,3,4
154.927371,-6,-66,22,1,1,2,7,27,4
154.929109,77,64,-19,-8,-2,-2,-2,61,4
154.929115,-35,-124,-42,-13,-9,-5,-2,-5,4
154.952568,-12,102,2,0,2,3,5,53,4
154.952574,13,83,-18,-3,-3,-5,-10,-8,4
154.952577,-51,-23,8,10,4,3,-1,-44,4
154.952578,127,127,48,8,3,3,10,11,4
154.973215,-120,-82,0,-6,-6,-9,-11,-31,4
154.973229,7,-17,1,-5,-3,-2,3,-15,4
154.973808,49,33,7,1,0,-2,-7,-12,4
154.973822,-1,9,0,6,0,0,-1,44,4
154.988119,-47,-108,3,6,4,4,-1,-80,4
154.988159,-8,-14,-18,-13,-5,-8,-12,7,4
154.988166,-33,27,-30,-4,-7,-2,2,-22,4
154.990571,73,-21,27,7,-1,-1,-2,-49,4
155.010466,73,110,14,1,0,1,2,36,4
155.010493,32,11,0,8,-1,0,3,-5,4
155.013030,-78,-44,-2,-5,1,-1,4,-29,4
155.013039,61,24,4,1,1,1,4,20,4
155.025158,-51,-52,-8,-7,-2,-2,-23,1,4
155.025195,-2,-103,-28,-4,-5,-5,7,-35,4
155.027320,91,32,7,1,-1,1,7,29,4
155.027326,-122,44,5,4,2,-1,0,-1,4
155.047354,32,70,5,-3,-1,-2,1,-23,4
155.047373,-30,108,25,3,-1,1,-3,14,4
155.047937,-28,26,1,3,2,0,-5,-10,4
155.047955,-35,-5,-9,-10,-5,0,1,6,4
155.070799,49,-34,-5,3,-7,-6,-14,-72,4
155.070822,27,47,-13,-2,3,-1,-1,55,4
155.072886,-61,-82,-26,-12,-3,-4,3,47,4
155.072890,26,75,55,15,6,2,-9,-36,4
155.084311,-103,-73,-39,-12,-5,-4,6,18,4
155.084335,60,71,21,1,2,5,5,-19,4
155.093734,75,-84,-12,3,0,-1,-3,-13,4
155.093741,39,-88,-31,-6,1,0,-1,47,4
155.107367,-34,47,13,2,3,3,10,-3,4
155.110093,-31,-82,-13,-9,-6,-6,-6,-81,4
155.110099,-94,50,15,-2,1,2,-2,-19,4
155.110101,-9,37,21,-2,-3,-1,-3,-40,4
155.130468,-18,46,28,1,0,-1,2,18,4
155.130491,-11,-128,-20,2,-2,2,0,8,4
155.131069,110,127,51,3,0,3,8,-10,4
155.131083,-39,4,6,18,9,4,1,-4,4
155.144519,-50,-80,-54,-22,-8,-9,-4,95,4
155.144544,55,15,-1,0,-1,4,4,-37,4
155.152287,73,46,7,-5,-5,-4,2,88,4
155.152305,13,-39,3,2,3,1,-3,-63,4
155.167534,127,56,12,10,4,2,8,-18,4
155.169671,-45,-31,-7,-5,-4,-7,-15,-10,4
155.169677,6,72,-3,10,1,5,14,56,4
155.169679,-29,-38,-20,-20,-7,-5,-6,-5,4
155.190934,-2,13,-16,-2,-1,0,6,-12,4
155.191132,-31,-16,5,0,-2,-4,-4,-1,4
155.191330,4,34,-2,-5,-4,-6,-24,-38,4
155.191348,-44,-59,4,1,-2,-2,7,-1,4
155.203996,-50,-37,-17,-8,-3,-2,1,-4,4
155.204058,107,127,6,10,4,2,6,41,4
155.212727,-29,-128,-27,-11,-4,-5,0,0,4
155.212750,127,11,-51,-7,-4,-1,-1,2,4
155.227415,-7,-3,-4,-3,-1,-1,-1,-19,4
155.227441,51,-9,5,-5,2,2,7,44,4
155.229064,-82,31,37,12,-2,-6,-21,-101,4
155.229070,42,27,-8,1,-1,-1,5,80,4
155.251634,-5,127,35,6,3,1,0,-25,4
155.251640,38,-115,-7,2,-1,0,2,-24,4
155.251642,98,51,-14,-3,0,3,10,104,4
155.251644,62,57,-32,-7,-6,-5,-14,38,4
155.264509,26,-26,30,-3,2,1,1,-23,4
155.264547,12,75,21,15,3,-1,-1,-35,4
155.272368,14,-52,-28,0,-2,-2,4,17,4
155.272383,-30,26,16,-10,-3,-3,4,-66,4
155.287597,44,-29,-5,-9,-6,-4,-14,46,4
155.287621,-104,-14,39,8,3,1,-6,53,4
155.289765,-23,1,-22,-7,-5,-2,-2,-38,4
155.289769,-53,14,29,8,2,0,3,5,4
155.310499,4,61,1,-7,-7,-6,-5,-63,4
155.310523,-10,-28,24,-5,-2,0,7,19,4
155.313594,-87,4,-1,6,4,5,3,41,4
155.313603,27,-122,-23,-13,-9,-10,-17,-91,4
155.324266,72,34,-8,10,6,5,1,16,4
155.324290,-35,36,-7,-13,-1,-3,-8,-41,4
155.332727,-37,-113,-18,3,2,0,1,37,4
155.332757,34,-20,-14,-10,-5,-5,-4,-20,4
155.347209,47,-117,5,11,-1,0,5,46,4
155.347225,10,14,-14,-6,-3,0,-4,-15,4
155.348032,-13,-37,16,8,2,-1,-6,-46,4
155.348049,-128,-81,-4,-5,-3,-1,-1,34,4
155.371098,-12,30,6,-2,-2,-2,0,40,4
155.371120,-24,-7,-5,-3,-6,-5,-2,53,4
155.373609,-72,-21,-52,-14,-7,-4,-1,-70,4
155.373613,29,-48,42,5,3,-2,-8,84,4
157.395622,-3,5,9,4,-1,-1,0,1,0
157.395850,0,4,0,-1,-2,-1,-2,-1,0
157.397025,1,-3,-1,-1,-1,-2,-1,-1,0
157.397047,-1,0,-4,-1,-4,-3,-1,-1,0
157.418352,-1,-9,-13,-8,-3,-1,-2,-2,0
157.418438,-1,12,16,8,1,0,1,-1,0
157.420093,1,-8,-1,-1,2,-1,0,3,0
157.420098,-4,0,1,2,0,-1,0,-4,0
157.433328,-2,-6,2,-3,0,-1,0,-2,0
157.435587,-4,-4,-10,-4,-3,-2,-3,-2,0
157.435594,0,5,-2,-4,-2,-1,0,-1,0
157.435596,3,0,3,1,-2,0,1,0,0
157.455474,-2,-4,-2,-2,-1,0,-1,-2,0
157.455488,-1,-1,-4,0,-1,0,-1,-1,0
157.456896,-2,3,2,-1,-1,1,-2,-2,0
157.456908,2,-2,-4,1,-1,0,-3,1,0
157.478342,-3,-1,3,0,2,-1,-1,-1,0
157.478367,-2,-5,-3,-4,-1,-1,-2,-2,0
157.480830,-2,-6,-2,2,-1,-2,-1,-2,0
157.480848,-1,1,2,-4,0,0,-1,-1,0
157.493085,2,2,-5,1,-2,-1,-1,-2,0
157.493106,1,-1,-1,0,-1,-1,0,0,0
157.494792,-3,-2,-1,-5,-2,0,-2,-1,0
157.494800,-2,2,0,3,-2,-1,-2,-1,0
157.515421,-1,-1,2,1,-2,-2,0,0,0
157.515443,-3,-7,-7,-2,-3,-1,-2,-3,0
157.516914,0,6,-1,-3,3,1,0,-1,0
157.516935,0,3,5,0,-2,-1,-1,-1,0
157.538043,-3,-4,-5,0,-1,0,-1,-2,0
157.540227,0,-4,3,-2,-1,0,0,-1,0
157.540237,-1,1,-2,-2,1,0,-1,-1,0
157.540241,-1,3,-1,-2,0,0,-1,-2,0
157.551634,-1,-4,0,-1,-1,-1,0,-2,0
157.551649,-1,-7,-5,-2,-1,-3,-2,-1,0
157.562184,0,5,0,0,-3,-2,0,0,0
157.562191,-3,-5,-2,-1,-1,-1,0,-3,0
157.575470,0,3,-3,-4,-2,0,0,0,0
157.575491,-1,-3,3,2,0,-1,-2,2,0
157.577368,-1,-3,0,0,0,-3,-1,-1,0
157.577379,-2,0,-4,0,-1,-1,-1,-1,0
157.597950,1,-3,-3,-4,-1,0,-2,0,0
157.597974,-2,1,1,-1,-1,-3,0,0,0
157.599623,-1,14,-6,-1,-1,0,-1,-1,0
157.599645,-1,-16,5,3,1,0,-1,-2,0
157.612576,-2,-1,1,-2,-2,-1,-2,-1,0
157.612597,-2,2,1,-2,0,-1,-1,-3,0
157.619402,-1,0,-4,-3,-3,-2,-1,0,0
157.619425,0,0,-7,-2,-1,-2,-1,1,0
157.635410,0,1,7,1,-1,1,-2,-2,0
157.635427,-1,2,-1,0,0,-1,0,0,0
157.637407,-3,-9,-4,-1,-1,0,-1,-3,0
157.637416,1,7,2,-1,0,-1,0,-1,0
157.658075,-4,-5,0,-1,1,-1,1,-1,0
157.658100,1,4,-1,-3,-2,0,-1,-3,0
157.659553,-1,-8,1,-1,-2,-2,-2,-2,0
157.659569,0,-3,-6,-1,0,-3,-1,0,0
157.672372,0,5,1,1,-1,-2,-1,0,0
157.672378,0,-2,-11,-1,-2,-3,-1,-1,0
157.679154,-2,-1,4,-2,-1,-1,-1,0,0
157.679173,-3,-5,0,1,-1,0,0,-1,0
157.695718,0,-3,0,4,1,-1,-1,0,0
157.695739,-3,-5,-1,-2,1,-1,0,0,0
157.697086,1,-2,-3,-3,-1,-1,-2,1,0
157.697091,-2,4,0,-6,-3,-1,-1,-3,0
157.718338,-1,0,-1,0,-2,-1,0,1,0
157.718344,-3,-8,-5,-1,-1,0,-2,-3,0
157.719452,-1,4,-3,-2,-2,-1,-2,-2,0
157.719465,-1,2,0,0,-1,-1,-1,1,0
157.734271,-1,1,-7,-6,-2,-1,-1,-2,0
157.734276,1,5,17,3,1,1,1,2,0
157.739649,-2,-6,-1,0,0,-1,0,-2,0
157.739668,-1,-3,-1,0,-1,-1,-1,-1,0
157.755528,-1,-3,-6,0,-2,-3,-2,-1,0
157.755550,-1,-1,-7,-6,-1,-3,-2,-1,0
157.757444,-1,-4,0,0,-1,-1,-1,-1,0
157.757452,-3,-4,1,-1,0,-1,-1,-1,0
157.778510,4,9,-2,-1,-3,-2,-2,-1,0
157.778542,-3,-16,-4,2,-1,-1,-1,-2,0
157.780850,-1,-6,1,0,-3,-1,0,0,0
157.780857,0,14,-1,-1,-1,-2,-1,-1,0
157.792607,-2,-2,-4,-2,0,0,-1,0,0
157.792650,2,5,-2,-2,-1,-1,0,1,0
157.799517,0,-1,-1,0,0,-1,0,0,0
157.799547,-2,-2,0,-3,-1,1,0,1,0
157.815546,0,-10,1,1,0,0,-1,0,0
157.815569,-1,3,-7,0,-3,-2,-2,0,0
157.816932,-3,-6,-2,-3,1,-1,-1,0,0
157.816965,0,1,2,0,-2,-2,0,1,0
157.838054,0,4,3,-2,1,-1,-2,1,0
157.838077,-3,-10,-7,-1,-2,0,-3,-2,0
157.840224,0,9,1,-6,-4,-2,-1,-3,0
157.840227,5,-7,0,3,3,0,-1,1,0
157.860642,-17,-6,-3,-5,-3,0,-1,-4,0
157.860652,5,4,3,-1,0,-2,3,2,0
157.862188,-3,4,-11,-1,-2,-1,-2,-1,0
157.862217,1,-9,-3,1,1,0,-3,0,0
157.876495,1,-6,2,1,0,0,1,-2,0
157.876502,-2,6,-3,-1,-1,0,-2,-3,0
157.876974,1,0,3,1,-1,-1,-1,-1,0
157.877048,6,-1,-19,-7,-5,-3,-2,-2,0
157.898076,16,11,35,4,0,0,0,1,0
157.898098,-34,-7,2,-1,3,1,-1,-2,0
157.900486,-5,-5,1,-1,1,-2,0,-2,0
157.900499,-3,5,1,-2,-2,0,-2,-1,0
157.911815,-2,-6,-13,-3,-2,-1,-3,-1,0
157.912007,19,5,0,-5,-2,-2,-1,-1,0
157.922611,0,0,4,3,1,1,0,0,0
157.922618,-7,-4,0,-1,-2,-1,0,-1,0
157.937869,6,-1,-8,-1,-1,-2,-1,0,0
157.937874,-1,-1,1,-4,-1,-2,-2,-2,0
157.937877,-2,-3,1,3,1,-2,-1,0,0
157.937878,1,1,2,0,-1,0,0,0,0
157.958201,-1,-2,-6,0,0,-2,0,-1,0
157.960798,1,1,2,-1,0,0,-1,0,0
157.960809,-4,-13,-5,-2,0,-1,-2,-2,0
157.960811,2,18,5,0,-1,-1,0,-1,0
157.971673,-3,0,4,-1,-2,0,-1,-1,0
157.971696,-3,10,4,4,0,-1,-1,-2,0
157.982158,3,-12,-11,-4,-1,-1,0,-1,0
157.982166,-7,-18,7,-2,0,-1,0,-2,0
157.995631,-2,-3,-16,-1,-1,-1,0,0,0
157.995657,4,0,2,0,-2,-1,-3,0,0
157.998087,1,2,2,2,-2,-1,0,0,0
157.998100,-5,1,-4,-5,-1,-1,-2,-2,0
158.025778,-3,1,1,-3,-1,-1,-1,0,0
158.025803,2,-4,0,0,0,1,0,1,0
158.027767,-1,5,1,1,-1,-1,-1,-1,0
158.027774,-1,-3,-5,-1,-1,-1,0,0,0
158.031557,-1,-4,0,-1,-2,-2,-1,-2,0
158.031580,0,-2,-3,1,0,-1,0,0,0
158.042409,-2,0,-2,-2,-1,0,-1,0,0
158.042415,-1,1,-2,-1,0,0,-1,-1,0
158.055438,-2,-5,-4,-4,-3,-2,-2,-1,0
158.055460,0,-6,0,1,0,-1,0,1,0
158.057152,-1,0,-2,-2,-3,-1,-1,0,0
158.057164,-3,-10,0,1,-1,-2,-1,-2,0
158.078323,1,19,2,-2,0,0,0,-2,0
158.078353,-1,-5,-9,-1,-4,-1,-1,1,0
158.079693,1,3,-2,-8,0,-1,0,-1,0
158.079712,-1,-2,2,-5,0,-3,0,-1,0
158.093209,5,-5,2,5,0,0,0,1,0
158.093218,-17,-3,-4,-3,-1,-1,-1,-3,0
158.102087,-1,0,4,1,-2,-2,-3,-2,0
158.102092,-3,-3,-10,-1,-4,-1,-2,0,0
158.115475,-3,-2,6,0,0,0,-1,0,0
158.115498,6,7,0,-3,-1,-2,-1,0,0
158.117003,-2,-9,-8,-1,-2,-1,-1,1,0
158.117020,-1,4,7,0,1,-1,0,-1,0
158.141028,-2,-8,-11,0,-1,0,-2,0,0
158.141040,1,8,0,-3,-2,-1,-1,-1,0
158.141042,-3,-10,-3,1,0,1,-1,-1,0
158.141044,5,-3,-5,0,-1,0,-1,2,0
158.152150,7,-6,-2,-1,-1,-1,-1,-1,0
158.152260,-22,-2,-1,-3,-2,-3,-2,-1,0
158.161734,-3,1,1,-8,-1,-1,0,-1,0
158.161739,7,-19,5,6,1,0,-2,0,0
158.175808,9,30,2,-1,0,-2,-1,0,0
158.175839,-19,-9,-5,0,0,-1,-3,-4,0
158.178548,-2,1,2,1,-1,-2,-2,-1,0
158.178558,-4,1,-3,-2,-2,-1,-2,0,0
158.198025,0,-10,-1,-2,0,-2,-2,-2,0
158.198047,14,-2,-2,-1,-1,-1,-1,1,0
158.200554,-3,4,1,3,-4,-1,-2,0,0
158.200576,-1,0,-3,1,-1,-2,-1,-1,0
158.211976,-8,-5,-5,-3,-2,-3,-3,-3,0
158.212011,4,-2,4,1,1,0,1,-1,0
158.220543,1,4,9,0,1,0,1,-1,0
158.220559,2,7,-2,-1,-2,-1,-1,-1,0
158.235399,-10,-4,2,0,-2,1,0,-3,0
158.235406,4,-4,-6,-2,-1,0,-2,0,0
158.236912,3,-8,-5,-1,-1,-1,-2,1,0
158.236943,-1,2,-1,-6,0,1,0,-1,0
158.258774,-8,1,-2,1,0,-1,-1,-1,0
158.258829,6,1,4,-4,-1,-1,-2,0,0
158.260759,2,3,1,4,0,-1,0,0,0
158.260764,-4,-1,-7,-1,-1,-1,1,0,0
158.271770,-2,-3,2,-2,-1,-2,-1,0,0
158.271792,0,-9,3,0,0,-1,-3,-4,0
158.280647,-2,-12,0,-1,-2,0,-2,1,0
158.280657,-3,22,0,-1,0,2,-1,-1,0
158.297155,1,2,3,-1,-1,-1,0,1,0
158.297161,4,2,-5,-2,0,0,0,1,0
158.297164,-2,3,-2,-1,0,1,-1,-1,0
158.297167,-5,-6,-1,-3,0,-2,-2,-2,0
158.318314,-2,-11,-5,-2,0,-1,-2,-2,0
158.318344,1,16,4,2,-1,0,-1,-1,0
158.321533,-7,-7,-5,-1,-1,0,-1,-2,0
158.321545,6,2,5,-2,-2,-1,-2,0,0
158.343474,-2,-5,-3,2,0,-1,-3,-1,0
158.343482,0,-6,-4,-3,-2,-2,0,1,0
158.343485,0,4,-4,0,-1,0,0,-2,0
158.343486,-4,-3,-3,0,-1,-2,-1,-1,0
158.355894,-2,-3,0,-3,-1,0,-2,-1,0
158.355925,1,0,-5,1,-1,-2,0,-1,0
158.357859,-2,3,0,-1,0,-1,-1,0,0
158.357865,-1,-4,-2,0,-1,-2,1,-2,0
158.378189,-3,-2,0,-3,-1,0,-1,-2,0
158.378226,0,-3,-4,2,-1,1,1,1,0
158.379561,0,-4,5,1,1,-1,-1,-1,0
158.379577,0,-4,-9,-4,-1,-1,-1,-2,0
158.400493,-3,-2,1,1,0,0,-1,-1,0
158.400511,-2,2,-1,-2,-2,-2,-2,-3,0
158.401925,0,12,-1,-2,-2,1,0,0,0
158.401931,0,-14,-1,4,1,0,2,1,0
158.415022,0,-7,-3,-2,0,-1,0,0,0
158.415115,-1,-8,-4,-3,0,-2,-3,-3,0
158.421568,3,9,3,-2,-2,-2,0,0,0
158.421583,-3,4,5,-1,1,0,-1,-2,0
158.438155,-3,-1,1,-1,-1,2,1,-1,0
158.438229,0,-2,2,1,0,-2,-1,0,0
158.439339,1,-6,-5,-1,-1,-1,-2,-1,0
158.439345,-1,3,1,-1,-1,-2,-1,-1,0
158.460798,1,-2,-3,0,-3,-2,-2,-1,0
158.460831,3,-2,-1,-4,0,-1,-1,0,0
158.462872,-21,-5,-3,-1,0,-1,-1,-4,0
158.462878,5,-1,-8,-2,-3,-1,-1,1,0
158.475157,-2,0,4,-2,-1,0,-1,0,0
158.475180,2,-7,2,5,-1,-2,-1,-1,0
158.481634,2,4,-6,-3,0,-2,-1,-1,0
158.481657,-5,1,1,2,-1,0,-3,-3,0
158.500579,-1,0,-7,-4,-1,-2,0,0,0
158.500588,-1,-6,1,-4,-2,1,-2,1,0
158.500593,2,4,1,0,0,-1,-2,-4,0
158.500597,-3,3,-4,-1,-2,-1,-1,1,0
158.520642,-2,-4,1,0,-1,-1,-1,0,0
158.520661,1,-6,0,0,-1,0,-1,0,0
158.522630,4,-1,-2,-1,-2,-1,0,0,0
158.522634,-11,-13,-1,-4,-1,-1,-2,-4,0
158.534864,-2,-2,-4,4,-1,-2,-2,0,0
158.534881,-4,1,-4,-3,-4,-2,-2,0,0
158.541772,3,-3,4,1,-1,-1,-1,1,0
158.541799,0,1,2,0,0,0,0,0,0
158.558378,0,0,-2,-4,-2,-2,-1,0,0
158.558406,3,-1,-2,4,-1,-1,1,0,0
158.560555,-7,-2,-6,-7,0,-1,-1,-1,0
158.560560,-1,-4,1,0,-2,-3,-2,-2,0
158.580402,7,4,2,3,0,-1,-1,-1,0
158.580420,-1,6,-1,-3,0,-1,0,-3,0
158.582029,0,-3,-3,-1,-2,-2,-2,0,0
158.582053,-15,-11,-6,-3,0,-1,-3,-1,0
158.594924,-2,4,6,0,0,0,-3,0,0
158.594942,7,3,-1,-1,-1,0,0,1,0
158.601580,4,-9,-5,-1,-2,-1,0,0,0
158.601598,2,0,0,-3,-2,-1,-1,-1,0
158.618102,1,1,-1,1,-2,-1,-2,-1,0
158.618179,-4,13,7,-2,0,-1,-1,-1,0
158.621455,-4,-6,1,1,1,-1,-2,0,0
158.621461,6,11,2,-3,-5,-1,-1,0,0
158.640430,-4,15,-5,-2,-1,-4,-2,-2,0
158.640445,-7,-31,-6,-4,-1,0,-1,-1,0
158.642232,0,1,1,4,0,-1,1,0,0
158.642254,2,1,6,1,0,1,0,0,0
158.654714,1,-2,-3,-1,-1,-1,-1,0,0
158.654721,-2,7,-2,-2,0,-2,-3,-1,0
158.661607,1,-5,-1,-1,-2,0,-1,-1,0
158.661628,2,4,3,4,1,0,1,0,0
158.678330,-4,-1,2,-2,-2,0,1,-1,0
158.678365,-5,5,-3,-1,-1,-2,-1,-1,0
158.680882,0,-6,0,-4,-1,-2,-2,-1,0
158.680895,-1,-7,-6,-3,-1,0,-2,-2,0
158.701079,-5,-4,1,2,0,0,0,1,0
158.701085,0,-1,3,-1,-2,0,-1,-2,0
158.701887,1,-1,-6,1,0,0,0,-1,0
158.701893,1,8,1,-5,0,-1,-4,-2,0
158.716656,3,-9,-1,5,1,0,-1,-3,0
158.716661,-8,1,1,0,-1,-1,1,1,0
158.721637,-4,4,2,-3,-1,-1,-2,-2,0
158.721653,-1,0,-4,-3,-1,-1,0,0,0
158.738316,-5,-8,-4,-4,-1,-2,-2,-1,0
158.738345,4,4,-1,0,-2,-1,-1,-1,0
158.741314,0,3,0,0,-1,-1,-1,0,0
158.741322,-2,-18,-4,1,-3,-1,-1,0,0
158.760532,1,14,3,-1,-3,0,0,1,0
158.760556,-1,-2,-8,-4,-3,-2,-2,-2,0
158.762630,-1,5,4,-1,0,-1,-1,0,0
158.762637,-1,1,2,2,1,0,1,-1,0
158.774911,-3,-7,-2,-5,-2,0,0,-1,0
158.774933,0,1,2,2,1,-1,-1,0,0
158.781705,-1,3,-4,0,-2,-1,-2,-1,0
158.781727,0,0,-4,-2,-1,0,-1,0,0
158.798115,-3,-2,2,-3,-2,0,-1,-2,0
158.798136,-1,7,6,2,1,1,1,-2,0
158.799600,0,-11,-5,0,-2,-2,-2,-1,0
158.799616,0,-5,-5,0,-3,-3,-1,-2,0
158.820532,2,13,2,-4,0,-1,0,-1,0
158.820556,-6,-1,-3,-2,-1,-1,0,-1,0
158.822023,-4,-5,0,0,1,0,1,0,0
158.822027,-1,-4,0,-4,1,-1,-1,-1,0
158.834510,-1,-16,-14,0,-2,-2,-2,0,0
158.834539,2,9,1,-1,2,0,-1,3,0
158.844511,4,-2,3,3,-1,-1,-1,0,0
158.844531,5,13,-1,-5,-1,0,0,-2,0
158.858073,-16,-16,1,2,-2,-1,-2,-3,0
158.858094,1,-6,-1,-1,1,-1,-1,0,0
158.859596,-2,-4,-7,-4,-2,0,-2,1,0
158.859615,16,17,10,1,0,-1,-1,0,0
158.880667,-8,-4,7,2,1,-1,0,-2,0
158.880690,-24,-8,-2,-4,-2,-1,-2,-3,0
158.882999,-1,1,0,-5,-1,-1,-1,-3,0
158.883004,0,0,-5,2,-3,-1,-1,0,0
158.894295,8,3,-6,-2,0,-1,-1,0,0
158.894318,6,1,2,0,-1,0,-1,0,0
158.903468,1,3,-3,-4,0,-3,1,-1,0
158.903472,-7,-5,2,-2,-1,-1,-2,-1,0
158.918484,0,-5,-6,-2,0,-2,-1,-1,0
158.918568,2,-5,-3,0,-2,0,0,0,0
158.919594,0,3,-1,1,-2,-2,-1,-2,0
158.919608,-1,-3,7,1,1,0,-1,-1,0
158.940651,-5,-3,1,-3,-2,-1,-2,1,0
158.942741,7,6,-5,2,-1,-1,-1,1,0
158.942747,-4,-5,-5,-1,-2,-1,-2,-2,0
158.942748,-3,-3,0,1,-2,-1,0,1,0
158.954152,4,0,1,-2,1,0,0,1,0
158.954168,1,-7,0,-3,-1,-2,-1,1,0
158.963832,1,3,2,3,2,-1,-1,-1,0
158.963837,17,-1,-4,-1,-1,-2,0,1,0
158.979412,-28,4,3,-2,-2,0,-1,-1,0
158.979417,3,-9,-9,-3,-3,0,-1,-1,0
158.979532,-3,4,4,-4,-1,-1,-1,0,0
158.979538,-6,-4,-4,-2,-2,-2,-1,1,0
159.000575,13,1,-3,0,-1,0,0,2,0
159.000593,0,18,-10,-1,1,-1,-3,-2,0
159.002370,-3,-29,8,1,-3,-2,-2,-1,0
159.002374,-4,14,7,2,0,0,0,0,0
159.014143,4,1,3,-1,1,-2,-1,0,0
159.014187,-2,0,-6,-1,-2,-2,-1,-3,0
159.024888,0,-9,-12,-3,-2,1,0,-1,0
159.024896,-7,2,0,-4,0,0,-1,-2,0
159.038510,2,0,-4,0,-1,-1,0,-1,0
159.038574,0,-2,3,-1,1,0,1,-1,0
159.040245,-1,1,0,-1,1,-1,-1,2,0
159.040252,-7,-10,-4,-2,-1,-1,-1,-1,0
159.060517,2,5,-1,-1,-4,-3,-1,-4,0
159.060547,9,-7,-2,0,-1,-1,0,-1,0
159.062447,-9,4,-1,-1,-1,0,-1,-1,0
159.062452,-5,-1,0,0,0,-1,-1,-1,0
159.074254,8,3,-3,-3,0,-1,-1,-2,0
159.074283,-16,-10,3,2,1,-1,-1,-1,0
159.084590,3,6,3,1,1,0,-1,-2,0
159.084599,-6,-5,-7,-3,-3,-1,-1,-1,0
159.098619,10,-2,1,-1,0,-1,-1,0,0
159.098659,-11,14,-9,-2,-1,-1,-1,-2,0
159.100199,-2,-15,6,-5,-4,-1,-2,0,0
159.100203,-3,-22,1,5,-1,0,-2,-3,0
159.120372,0,14,-2,-2,-2,-2,-2,1,0
159.120386,13,0,2,-2,-2,-2,-1,2,0
159.121879,-8,6,-5,2,-1,-1,0,-2,0
159.121893,0,-9,-14,-5,-1,-2,-2,0,0
159.136079,9,-8,1,-2,-1,-1,1,-1,0
159.136086,-16,0,3,3,0,-1,-1,-1,0
159.144690,4,6,-4,-4,-1,-1,0,-2,0
159.144700,-2,-2,6,2,-1,-1,-1,-3,0
159.158297,-6,-1,-4,-1,0,0,-1,-1,0
159.158329,9,-1,2,-2,-2,-1,-1,-2,0
159.161011,3,0,1,0,-1,0,2,0,0
159.161019,-8,4,1,0,-1,-1,-1,-1,0
159.182505,2,-1,-4,-2,-1,-3,-1,0,0
159.182510,0,-4,2,-3,-2,-2,-1,-2,0
159.182512,-2,0,-1,0,-2,0,-1,-2,0
159.182514,1,3,-1,1,0,-1,1,0,0
159.194242,0,2,-5,-4,-2,-1,-1,-3,0
159.194263,-10,-10,7,5,-1,0,-1,-2,0
159.204829,13,9,-2,-1,-1,-1,-1,1,0
159.204835,-20,2,-6,-2,-1,-2,-2,-2,0
159.218103,-2,-21,-4,-5,-3,-1,-1,0,0
159.218135,3,6,2,-1,0,0,0,-1,0
159.220079,0,-5,-1,2,2,-1,0,1,0
159.220085,5,11,-2,-6,-4,-2,-1,-1,0
159.240695,-2,5,5,5,2,1,-1,-1,0
159.240716,5,-7,-8,-2,-1,-1,-1,0,0
159.242951,4,4,2,-2,-2,-1,-1,1,0
159.242962,-12,-10,-9,-2,0,0,0,0,0
159.263053,-5,-3,3,0,0,-1,-1,-4,0
159.263078,-2,-1,-3,-1,-1,-1,-3,-1,0
159.264485,-5,-2,-3,-1,1,-2,-1,-1,0
159.264603,14,1,3,-2,2,0,0,1,0
159.278333,-4,4,1,-4,-1,-1,0,-1,0
159.278373,-1,-5,0,0,-1,0,0,1,0
159.279481,-9,-2,0,0,-2,0,-1,-2,0
159.279499,8,-7,-5,-1,-2,-2,-1,1,0
159.300470,13,14,5,2,-1,1,-1,1,0
159.300493,5,-4,-3,-4,-1,-1,-2,-3,0
159.302055,-12,6,0,-4,-4,-2,-2,-1,0
159.302059,4,3,2,2,3,1,0,-1,0
159.322829,4,-5,-1,-1,-2,-1,0,2,0
159.322842,-24,-2,-6,-3,-2,-3,0,-3,0
159.324614,2,-14,-2,3,0,1,-1,-2,0
159.324642,11,3,-3,-4,-3,-2,-2,-1,0
159.337895,-19,-13,-3,1,-1,-1,-1,1,0
159.337983,5,-2,1,-6,1,2,-2,-3,0
159.339371,-6,15,-4,-3,-1,0,0,-1,0
159.339384,-4,4,3,0,0,0,0,-1,0
159.360561,-3,-3,-3,0,-1,-2,-2,0,0
159.360581,6,4,-1,-2,-1,-2,-1,2,0
159.362405,-2,-4,2,-1,-1,-2,0,0,0
159.362412,0,-3,0,0,0,-2,0,0,0
159.383134,-1,4,-1,0,-2,-1,0,-1,0
159.383139,-7,-15,-4,-5,-2,-2,-3,-4,0
159.384429,-11,7,9,2,-1,-2,-3,-2,0
159.384442,-3,1,0,0,-2,-1,-2,-1,0
159.398980,4,-5,-4,-1,-2,-2,-1,-1,0
159.398986,11,5,1,-3,0,-1,0,0,0
159.404178,2,-6,-7,1,-1,0,0,0,0
159.404197,-10,-16,-7,-4,-3,-2,-1,-1,0
159.420567,-2,13,9,2,0,1,-2,-3,0
159.420644,-2,-13,-1,-3,-1,0,0,1,0
159.422310,3,-5,-3,-2,-1,-2,0,-3,0
159.422314,-2,4,1,0,-1,2,-1,0,0
159.445381,3,-13,-6,-3,0,0,0,-2,0
159.445391,-16,1,-1,3,-1,-2,1,-2,0
159.445395,2,-4,-2,0,0,0,-2,0,0
159.445396,4,14,3,-2,-1,-3,-2,0,0
159.457381,1,1,-1,-3,-2,-2,-1,-1,0
159.457409,-7,6,2,-2,-1,1,0,-1,0
159.464206,1,-14,-3,-5,-1,-3,-1,-2,0
159.464228,-10,2,1,2,0,1,-1,-5,0
159.480533,4,2,-3,1,0,0,-1,0,0
159.480555,0,0,-3,2,0,0,-1,0,0
159.482149,10,-6,-5,-2,-2,-2,0,1,0
159.482171,-1,0,-1,-1,0,-1,-2,-1,0
159.502985,-12,3,2,-3,-2,-1,-1,-2,0
159.503006,10,0,-1,4,-2,-1,-1,0,0
159.504543,-3,3,-4,-3,0,-1,0,0,0
159.504590,1,-1,-3,-1,0,-2,0,0,0
159.517379,-4,0,-3,-4,0,-1,-1,0,0
159.517401,12,1,10,3,1,-1,0,1,0
159.524259,-9,5,2,1,0,-1,-2,-2,0
159.527113,-10,-3,0,-1,-1,-1,-1,0,0
159.540389,-10,-9,-8,-4,2,1,-1,0,0
159.540425,3,-1,-6,-6,-4,0,-2,1,0
159.542025,8,-1,-1,1,1,-1,0,0,0
159.542043,5,-10,8,-1,-2,0,-1,-2,0
159.571659,-2,13,-3,1,-2,-1,-1,-1,0
159.571665,1,3,-3,-1,-2,0,-2,-2,0
159.572061,-3,6,2,-3,-1,0,-1,-2,0
159.572099,-6,-12,-9,-6,-2,-2,-1,-1,0
159.577480,6,-13,5,5,1,-1,0,1,0
159.577519,0,0,-2,1,-1,-1,-2,-4,0
159.584039,-2,5,2,-8,-2,-1,-2,-1,0
159.585389,-1,0,0,4,0,-1,0,0,0
159.600582,0,-1,-4,-4,-2,-1,-2,-1,0
159.600609,-1,0,-6,0,-2,-2,-1,1,0
159.602495,4,2,9,0,1,-1,-1,-1,0
159.602500,-14,-4,-4,-1,-1,1,-1,-1,0
159.622927,9,8,3,3,-1,-2,-1,-2,0
159.622948,-18,9,-5,-5,-1,-3,-1,0,0
159.624661,-7,-21,-2,0,0,0,1,-2,0
159.625926,8,12,1,-1,2,0,1,0,0
159.637214,1,-3,0,-2,-1,-3,0,-2,0
159.637228,3,2,4,0,1,0,-1,1,0
159.644403,2,6,-4,0,-4,0,-2,0,0
159.644445,1,0,-5,-6,-1,-1,-2,-3,0
159.660489,-7,-8,-6,-3,-2,-1,-1,-2,0
159.660508,14,0,0,2,0,-1,0,-2,0
159.662093,-13,1,-1,-4,-2,-2,0,-2,0
159.662183,3,4,-1,1,-1,-1,-2,-1,0
159.690464,-5,-23,-1,-4,-2,-1,0,-1,0
159.690487,-6,4,-4,1,-2,0,-1,-3,0
159.692643,7,4,2,4,0,1,1,-1,0
159.692649,16,1,-1,-1,0,-1,0,0,0
159.697477,-24,-1,-6,-4,-1,0,-1,-1,0
159.697501,-3,8,5,-4,-3,-1,-1,1,0
159.704064,4,-13,-1,1,1,-2,-2,-1,0
159.704089,-1,4,-2,-1,-3,-1,-3,-2,0
159.720412,10,2,-1,0,-1,-1,-1,0,0
159.720428,-8,-7,2,-4,-1,-1,0,-3,0
159.721984,-6,8,3,0,0,-1,0,-2,0
159.721998,-1,-9,-2,1,-1,-3,-1,1,0
159.743321,9,1,1,0,-2,1,0,1,0
159.743329,-7,2,1,-2,-2,-2,0,-1,0
159.744717,1,-2,-9,-2,-3,-1,-2,-1,0
159.744782,-1,-3,4,-1,-2,0,1,0,0
159.756584,-3,4,0,-1,-1,-1,-2,-2,0
159.756606,5,-7,-2,0,0,-2,-1,0,0
159.765559,10,3,-8,-8,-2,-3,-2,-1,0
159.765576,-5,1,13,1,-2,0,0,0,0
159.780525,-17,-1,-1,4,0,0,0,-2,0
159.780553,1,-12,-9,2,1,-3,-2,-1,0
159.783934,4,7,2,-4,-2,-1,0,0,0
159.783944,-2,7,-2,0,-1,0,-1,-1,0
159.802869,1,-12,-1,-1,-1,-2,-3,1,0
159.802886,1,8,2,-1,0,0,0,0,0
159.804380,-8,0,-7,0,0,-2,0,0,0
159.804394,3,-1,10,1,0,-2,1,0,0
159.816776,12,1,-1,-2,0,0,0,-3,0
159.816798,-17,12,5,-2,-3,-2,0,-3,0
159.826691,3,-20,-7,-3,-1,0,-2,-1,0
159.826696,-15,-3,-5,-1,-1,-1,0,0,0
159.840454,11,-8,-6,1,-2,-3,-1,-3,0
159.840536,6,2,2,-3,-2,0,-2,-1,0
159.842126,-5,3,-1,1,0,-1,1,-1,0
159.842150,15,-2,-6,-1,-1,-1,-1,1,0
159.862966,-24,6,14,-1,-1,-1,0,-2,0
159.864357,4,-3,3,-4,-2,-2,1,-1,0
159.864507,-11,-17,-9,1,0,0,-1,-3,0
159.864548,-1,-8,-11,-2,-1,-1,-1,-2,0
159.876788,0,10,0,-2,-2,-1,-2,-2,0
159.876835,14,5,2,2,1,1,-2,2,0
159.886584,3,11,6,-1,-2,-1,-1,1,0
159.886590,-1,2,-7,-6,-4,-1,-1,-2,0
159.900644,-5,4,7,-1,2,0,0,-1,0
159.900650,-9,-8,-4,6,-2,0,0,-2,0
159.901899,14,0,3,-3,0,-1,-2,1,0
159.901905,-11,-2,-1,-2,0,-1,-1,-1,0
159.923053,0,1,-9,-4,-4,-3,-2,-4,0
