timestamp,emg1,emg2,emg3,emg4,emg5,emg6,emg7,emg8,label
2.002187,-14,-10,2,1,6,-3,6,-5,2
2.002456,-9,56,-2,-1,0,0,7,7,2
2.017179,3,-16,5,1,-14,17,2,7,2
2.017202,42,27,-2,-3,17,-17,7,-32,2
2.018473,-78,-56,-6,-1,13,-14,-4,14,2
2.018477,-11,-19,-6,-6,-9,24,-4,-11,2
2.040472,35,51,4,3,19,4,-5,30,2
2.040495,-63,-53,2,-1,-36,-10,-8,-39,2
2.041209,127,30,-9,-6,0,5,29,40,2
2.041228,-58,-64,-2,2,8,-14,-7,14,2
2.054223,-57,43,2,1,-2,-2,-6,-66,2
2.054244,24,-38,0,-1,4,-9,-5,-8,2
2.062211,-42,9,0,0,-5,44,-1,-13,2
2.063253,-36,-25,-1,-2,-7,-3,-2,-11,2
2.077743,34,74,11,5,0,4,-4,41,2
2.077787,55,-17,-1,1,6,17,7,-11,2
2.079929,-40,34,4,-1,-3,-21,10,-18,2
2.079935,-93,-47,-15,-4,2,-12,-6,5,2
2.100303,18,45,4,-1,-2,8,-1,-6,2
2.100315,-5,6,-8,-4,3,13,-2,-6,2
2.100977,-25,-10,3,0,1,-4,-12,3,2
2.100986,48,32,2,0,-3,1,-3,-15,2
2.113922,-10,-4,-4,-2,1,-15,3,1,2
2.113939,-60,-24,-8,-2,-9,-13,-3,12,2
2.122422,-28,-83,-8,-2,-13,-7,-5,-3,2
2.122451,47,34,7,2,13,-3,-6,-25,2
2.137377,66,-22,-1,-1,-7,14,23,18,2
2.137405,16,3,-5,-5,-4,-25,-14,2,2
2.138931,-2,22,-4,2,8,2,-10,11,2
2.138935,-3,50,6,-2,-24,13,7,10,2
2.160705,12,-15,-7,-3,1,-4,-6,-9,2
2.160711,56,-4,-2,-2,-9,-15,5,15,2
2.160713,-22,25,5,1,3,16,-2,-12,2
2.160715,-12,25,-2,-3,6,-5,-7,-22,2
2.174364,63,13,0,-1,1,-10,-10,-19,2
2.174384,-24,-23,-3,-1,-4,4,9,4,2
2.182601,0,-22,-1,-3,3,-14,-5,-2,2
2.182625,33,57,2,1,4,-4,-6,-20,2
2.197414,15,-34,4,3,-5,1,1,29,2
2.197436,-96,7,3,-1,-25,5,-8,-26,2
2.197906,67,-1,-4,-1,22,4,10,53,2
2.197938,12,-21,-3,-3,6,-1,-23,-64,2
2.220556,-48,-25,-10,-7,-20,-18,11,-6,2
2.220580,-3,-8,-4,-3,-3,-1,-5,-7,2
2.222122,26,-14,4,1,-6,-5,0,20,2
2.222128,-22,31,7,0,0,6,6,22,2
2.234046,-16,-12,-4,-4,3,3,-17,-56,2
2.234064,89,82,5,0,7,-4,5,21,2
2.242387,-32,-55,-5,-1,-7,-32,-9,-47,2
2.242412,46,2,-8,-3,19,45,15,58,2
2.257520,-110,-29,7,3,-12,-65,-23,-21,2
2.257575,-33,-24,-16,-2,-8,4,-4,-7,2
2.258263,42,39,0,-2,2,-13,11,11,2
2.258276,-15,-26,1,2,-1,53,-6,5,2
2.280874,-64,4,-4,-2,-2,24,18,24,2
2.280988,49,122,15,3,4,-11,-18,11,2
2.282733,-25,-116,-12,-3,2,-15,-8,-70,2
2.282737,-16,-9,-4,2,2,-2,4,22,2
2.294005,35,35,0,-5,-14,2,1,-6,2
2.294027,-89,16,-1,0,2,-1,-22,-58,2
2.302904,64,-8,2,1,8,43,9,-5,2
2.302915,-31,4,11,4,-16,-19,7,31,2
2.318981,-43,17,-9,-2,12,5,-9,-52,2
2.318989,-12,31,7,1,8,-8,6,18,2
2.318991,5,9,-3,-3,-51,-22,-10,30,2
2.318992,74,-76,-2,1,37,-12,2,-36,2
2.340523,-16,-17,1,-1,4,-2,-1,23,2
2.340541,66,-15,0,-3,-2,7,1,-10,2
2.341586,-20,37,8,2,-2,12,-1,15,2
2.341590,65,56,4,0,-15,-26,9,13,2
2.364938,-25,-73,-7,0,16,24,2,28,2
2.364942,49,-41,-5,-3,-2,16,-5,-37,2
2.364944,-51,20,2,-1,7,7,13,0,2
2.364946,-11,-5,-7,-3,9,-18,-5,-68,2
2.380102,-9,36,1,-2,-15,1,7,34,2
2.380106,20,6,4,3,2,-28,-4,22,2
2.380108,0,-39,0,2,5,2,-1,14,2
2.380110,-38,-3,-3,-2,-5,4,5,-13,2
2.400339,-70,-51,-6,-3,13,51,-8,-11,2
2.400362,49,-19,-4,0,-6,-40,10,21,2
2.402495,44,4,-9,-9,0,47,-13,-33,2
2.402501,-58,-2,1,0,5,-12,-7,-23,2
2.423024,69,43,3,0,-12,7,-6,28,2
2.423048,-18,-97,-7,-1,7,10,9,9,2
2.425859,-3,35,1,2,12,-8,6,25,2
2.425864,-117,-54,-5,-2,-23,-18,-6,17,2
2.437554,50,67,10,3,6,0,0,-27,2
2.437599,5,-1,-11,-6,5,-11,-12,-51,2
2.440174,-74,-3,3,3,-4,21,8,16,2
2.440199,85,6,-6,-5,10,-14,-13,-6,2
2.460338,8,19,6,2,-13,17,14,-24,2
2.460356,-33,22,6,0,2,-3,-2,12,2
2.461059,31,-18,-10,-6,24,-10,-5,2,2
2.461075,41,-11,0,-1,-20,-3,16,-19,2
2.482874,100,-2,-2,2,12,-14,-9,20,2
2.482897,44,-8,-3,-1,-3,17,0,-9,2
2.483719,40,21,5,-2,-14,-13,2,3,2
2.483723,4,29,2,0,2,2,-5,3,2
2.497479,22,-22,0,-1,-6,-16,2,-18,2
2.497511,-70,-75,-8,-4,-9,30,13,49,2
2.499703,-3,7,0,1,3,-7,-7,-23,2
2.499944,15,-16,-7,-3,-34,2,-19,-13,2
2.522550,80,81,3,-2,1,-58,-10,68,2
2.522559,-119,-71,-7,-3,-4,-4,-6,9,2
2.522561,14,2,-3,-2,-3,-8,-5,-4,2
2.522563,-14,6,1,0,0,8,4,5,2
2.542946,28,-31,-3,0,4,3,-2,8,2
2.542970,8,58,8,1,-1,4,0,2,2
2.545140,62,27,3,-1,-3,-19,-5,-9,2
2.545145,-67,-30,0,1,-6,-2,-1,17,2
2.557641,7,-19,5,1,9,5,3,2,2
2.557689,36,-24,-5,-2,3,2,7,1,2
2.558727,16,17,5,0,-7,0,-17,-64,2
2.558732,34,17,-3,0,7,2,5,-23,2
2.580614,-68,-72,-5,-2,8,36,20,49,2
2.580644,-4,31,4,0,5,-10,-14,-62,2
2.582791,18,5,-1,-4,-12,0,-6,34,2
2.582798,-55,54,2,-1,39,-10,2,-31,2
2.603072,7,-68,-9,-1,-6,-10,6,-30,2
2.603089,19,32,3,1,3,5,1,38,2
2.603786,-16,-3,2,0,-3,-12,1,-20,2
2.603817,-21,-3,-5,-6,-22,5,-7,-1,2
2.617225,26,27,-1,-1,-11,4,-8,22,2
2.617245,-3,21,3,2,12,-4,2,-25,2
2.617949,18,34,2,3,5,42,-9,18,2
2.617972,14,-64,-4,-4,-40,-18,33,18,2
2.639851,-26,20,-4,-6,22,2,-12,-59,2
2.639874,69,26,7,3,-10,-5,-5,36,2
2.641115,-120,-77,-24,-11,1,4,7,-21,2
2.641120,22,-11,-2,2,17,11,-8,19,2
2.662881,-64,48,8,4,-38,-9,5,-29,2
2.662896,9,21,-4,-3,44,1,12,-5,2
2.663656,68,101,5,0,-9,-15,0,30,2
2.663704,36,-81,-4,0,11,2,-7,27,2
2.678487,-11,7,-4,-1,-10,-15,10,-34,2
2.678491,-31,39,1,3,-9,-3,-3,32,2
2.678494,59,-97,-2,0,-5,1,5,3,2
2.678496,17,23,6,0,12,2,-3,-4,2
2.699696,69,66,9,4,11,34,-6,-11,2
2.699723,-93,-28,-12,-6,-19,-43,-9,35,2
2.701174,-51,-36,-11,-5,-2,-11,-10,-30,2
2.701186,6,5,-5,-3,-7,1,-5,-19,2
2.723675,15,-29,-1,-2,6,-2,-2,28,2
2.723682,28,52,10,3,2,16,3,-11,2
2.723733,-35,13,0,1,-8,-11,0,18,2
2.723772,-28,-3,-2,-1,4,-7,-9,-1,2
2.738775,-11,46,1,-3,46,-1,-2,-21,2
2.738787,15,-18,-4,-1,-37,-7,7,-17,2
2.738789,-8,-92,-6,-4,-4,-69,-2,27,2
2.738791,90,81,17,4,3,-1,7,16,2
2.760088,-79,-106,-23,-9,-7,-7,-3,9,2
2.760119,-29,-7,-5,-4,-1,5,-10,-35,2
2.761968,43,82,3,1,11,15,2,-25,2
2.761977,85,-91,-5,0,-12,1,-2,35,2
2.782922,-55,22,-1,-3,-14,-28,-12,9,2
2.782946,-9,19,3,1,14,25,2,-8,2
2.783918,89,16,1,2,-14,-9,1,47,2
2.783923,-120,-22,-4,-3,2,27,-15,-53,2
2.796647,47,14,0,1,-10,4,11,30,2
2.796672,14,-31,-4,-2,-36,-12,-8,1,2
2.804973,2,54,12,4,46,32,15,13,2
2.805013,-52,41,3,3,-3,-20,-9,0,2
2.820345,-33,-12,-9,-2,-11,6,-13,-54,2
2.820371,127,-39,-3,-2,-9,9,-8,-13,2
2.821080,-104,-23,-4,-4,-11,-54,-5,-34,2
2.821107,33,-9,-3,-1,4,3,11,12,2
2.842875,31,6,5,0,-2,-4,-8,-13,2
2.842896,23,45,2,-1,-10,-9,3,50,2
2.844001,10,8,0,0,14,32,-4,14,2
2.844006,-36,-41,-1,-3,-20,0,-1,-1,2
2.857484,22,16,1,3,45,-17,-3,27,2
2.859361,-7,-51,-2,-1,-3,11,6,-12,2
2.859370,-49,25,12,3,-2,12,-2,3,2
2.859373,-8,-3,-5,-2,-12,-10,11,-12,2
2.880562,12,-59,-8,-5,-12,2,-7,44,2
2.880577,-79,-17,-4,-1,12,4,-2,-12,2
2.880579,7,15,-5,-2,-5,4,1,5,2
2.880581,51,37,9,4,6,8,-2,24,2
2.903069,-33,34,3,-2,-13,-2,-5,-9,2
2.916965,-30,-41,-5,0,17,-28,2,-5,2
2.916972,61,73,12,2,-12,43,1,-1,2
2.916974,-28,-87,-19,-8,3,12,-4,6,2
2.916979,-68,-61,-6,-2,-13,9,-1,-39,2
2.916982,-8,77,6,-3,-23,-33,-1,0,2
2.925149,-65,-42,3,3,10,3,4,-2,2
2.925177,89,63,-1,-1,3,-2,-5,21,2
2.939853,15,48,-3,-2,11,-6,15,13,2
2.939879,89,-86,-1,-1,-11,23,2,-51,2
2.941743,66,-19,-1,0,-2,-12,-1,21,2
2.941770,32,69,0,-4,10,-16,-3,-5,2
2.962848,-50,-5,0,5,2,-1,-8,-15,2
2.962873,8,59,-2,-4,4,18,-2,-1,2
2.963710,12,30,5,3,-2,-8,18,7,2
2.963795,31,-104,-22,-10,-8,19,-9,25,2
2.976919,-3,65,8,4,-3,2,2,-15,2
2.976999,-1,25,-4,-3,-12,5,2,24,2
2.984849,-31,-8,-1,0,4,-49,-17,-25,2
2.984875,-3,36,9,4,-7,54,22,4,2
2.999631,-48,40,2,-2,-5,-2,0,4,2
2.999648,-2,-57,-7,-2,10,-4,-12,-45,2
3.000763,-37,-16,-1,-2,-7,15,-4,9,2
3.000888,-56,-41,1,1,-5,-47,-9,-20,2
3.023068,61,25,4,2,-12,0,19,-7,2
3.023141,-14,-37,2,1,11,13,0,-14,2
3.023736,41,-15,-4,-4,-21,-4,-6,-4,2
3.023932,-48,10,-6,0,29,-3,-3,28,2
3.036776,-4,27,0,-4,-4,-9,-13,-18,2
3.036800,56,-77,-2,1,10,-6,6,42,2
3.045048,-100,-6,-9,-6,-10,9,0,-21,2
3.045070,-87,12,3,2,-10,-3,-2,-35,2
3.059773,70,-11,-2,-1,-4,7,-5,15,2
3.059790,27,82,6,0,10,-3,-13,33,2
3.060535,37,-1,-5,-4,-11,3,5,-14,2
3.062288,17,-16,3,2,-2,-2,-4,1,2
3.083085,60,12,-2,-4,-2,-4,-3,13,2
3.083103,3,58,5,2,-4,-2,2,27,2
3.085506,2,-53,-9,-2,4,5,2,-6,2
3.085515,22,46,8,1,-5,-13,-9,-39,2
3.096729,-50,-40,0,-2,10,7,-5,4,2
3.096751,-26,22,-8,-3,5,-10,22,29,2
3.104846,-37,-2,-2,0,-22,-10,0,-36,2
3.104868,16,6,-1,0,7,9,9,19,2
3.119733,45,76,1,-1,-14,-2,-5,-17,2
3.119751,-21,-68,1,2,37,12,-1,-5,2
3.120735,-15,14,0,-1,-1,-5,-4,17,2
3.120758,67,-23,-8,-6,-18,-21,-11,-11,2
3.142927,23,-24,1,2,3,21,15,23,2
3.142949,-51,-20,-4,-3,-6,-3,-7,-20,2
3.144020,-29,0,2,4,11,3,0,-11,2
3.144024,80,33,-2,-2,-10,-3,-11,31,2
3.156878,-9,-24,3,1,0,1,15,5,2
3.156920,-23,77,8,2,0,6,2,-42,2
3.166032,23,-78,-4,-3,-1,0,-9,18,2
3.166036,-97,-9,-13,-3,-13,-2,-3,-11,2
3.180341,-29,-51,-2,2,14,-4,-6,-1,2
3.180381,-11,33,-3,-4,-50,-4,-1,5,2
3.182451,-4,12,-4,-2,72,4,4,34,2
3.182456,-31,27,9,2,6,-6,-2,-45,2
3.203731,51,-22,-4,-3,-25,-2,3,-4,2
3.203766,-19,18,0,-4,-7,-26,-11,-11,2
3.203775,63,-7,4,2,0,60,9,-1,2
3.205943,-10,-16,-7,-4,0,17,0,21,2
3.216487,1,-28,-4,-2,3,6,-18,-7,2
3.216508,2,3,3,2,19,-3,9,-10,2
3.224758,-3,122,-1,-3,-41,-27,-8,-19,2
3.224775,-18,-22,-3,0,38,10,4,-8,2
3.239837,11,4,9,4,-3,-2,-4,22,2
3.239897,10,22,-10,-3,23,3,-9,-65,2
3.241231,38,-7,11,6,-1,-10,2,22,2
3.241235,-71,-46,-11,-7,-34,-7,-10,-6,2
3.262907,2,4,-8,-5,1,-16,10,1,2
3.262928,-35,5,2,-1,-15,4,-4,26,2
3.263643,-15,12,2,1,0,-10,3,-21,2
3.263656,1,26,8,3,6,-5,2,10,2
3.285698,1,-4,2,1,-6,-16,-5,5,2
3.285719,95,41,6,4,-1,25,15,18,2
3.288675,-86,-107,-22,-6,-5,-27,-25,-10,2
3.288682,45,35,-3,-3,-9,20,17,4,2
3.299811,-100,-54,-6,-3,5,-1,-5,-5,2
3.299832,63,12,5,1,2,7,-5,24,2
3.300889,38,20,1,1,11,3,-2,-27,2
3.300892,4,-3,1,0,-4,-9,2,-4,2
3.322936,51,99,4,-1,17,-10,-5,33,2
3.322944,-45,-121,-12,-4,32,20,-5,27,2
3.323679,30,-60,-13,-6,-20,29,3,-6,2
3.323699,8,28,7,2,10,-5,9,-9,2
3.345659,-2,20,2,0,-31,0,-1,6,2
3.345680,42,25,5,3,12,-8,3,7,2
3.346567,6,25,0,-2,3,4,-7,-21,2
3.346575,59,20,10,4,4,5,-1,31,2
3.359684,-82,-85,-8,-3,2,-4,7,8,2
3.359702,-32,-49,-15,-8,-8,-3,0,-23,2
3.361158,-3,40,3,0,-4,-28,-2,-4,2
3.361163,47,30,7,2,-12,-4,-3,-8,2
3.382846,-15,-18,-6,-3,3,-3,-1,-15,2
3.382868,29,-69,-8,-3,-13,-10,-12,-14,2
3.383916,45,17,2,1,-16,-7,1,22,2
3.383920,-33,30,2,0,48,0,-1,-4,2
3.405404,55,19,6,3,-7,9,-2,16,2
3.405422,11,10,-1,1,-10,-15,2,4,2
3.406336,-90,1,-7,-5,10,19,-1,-33,2
3.406351,-8,-23,6,7,-7,-1,-1,-12,2
3.420216,79,3,-9,-3,20,3,-4,-11,2
3.420262,-58,27,-3,-5,-30,-5,0,14,2
3.421204,-30,-14,2,0,-31,-12,-5,9,2
3.421340,-10,-39,-4,-5,52,-17,12,-11,2
3.442912,25,-36,-8,-2,-7,20,6,-14,2
3.442933,54,93,10,5,-6,0,0,1,2
3.444630,-32,-74,-5,-3,1,-2,-4,36,2
3.444638,56,9,-15,-5,-25,4,-8,-15,2
3.465304,5,10,9,2,-1,-7,-1,28,2
3.465319,-29,-9,0,-1,13,1,-5,-61,2
3.465950,38,25,7,1,2,4,7,8,2
3.465958,98,37,5,0,-11,-7,-7,16,2
3.479927,-18,-62,-5,-1,1,-13,-2,-2,2
3.479931,32,-6,-1,-1,-5,18,0,17,2
3.480401,-28,45,2,0,11,-3,-2,-46,2
3.480408,-60,-96,-9,-5,-21,-1,-5,1,2
3.503248,17,69,6,1,-4,-11,-12,7,2
3.505416,-70,-36,-6,-3,2,5,8,8,2
3.505423,-22,33,10,4,2,8,9,13,2
3.505535,11,-12,-9,-2,8,-8,-14,23,2
3.526280,20,70,2,-2,-10,0,-11,-34,2
3.526284,-71,-99,0,-1,6,-12,-1,-13,2
3.526286,61,111,-4,-3,-12,3,19,4,2
3.526288,-48,-80,-3,-1,35,-4,8,-6,2
3.539026,-21,17,-5,-4,-9,2,-3,15,2
3.539069,34,86,1,-1,-9,-3,-3,-15,2
3.550020,15,-39,1,0,9,-4,-12,22,2
3.550024,3,19,8,3,-21,-1,-3,-1,2
3.563226,9,-37,-9,-1,4,8,8,0,2
3.563247,0,-17,-2,-2,12,11,-11,-19,2
3.564711,3,7,-4,-4,-16,-68,3,-15,2
3.564728,-54,-45,4,-1,-13,-10,-5,-8,2
3.585624,8,30,-2,-1,2,15,9,-3,2
3.585645,-2,37,4,2,-7,-9,-1,17,2
3.588489,-4,-28,-2,0,10,16,-3,-16,2
3.588501,-11,34,-9,-3,-13,-4,-5,-14,2
3.599035,-21,-33,5,5,-25,-14,-3,-25,2
3.600294,-81,63,1,-2,37,0,-4,-18,2
3.608637,85,-32,1,0,-9,-18,-1,-9,2
3.608641,-31,1,-2,-5,-2,14,1,2,2
3.622846,-49,6,3,-1,1,6,-5,-18,2
3.622855,77,-32,-6,-1,-13,0,5,50,2
3.624406,8,-43,3,1,12,8,-10,-4,2
3.624428,-38,17,-2,-2,-9,-16,-5,11,2
3.645692,16,0,1,0,4,17,9,-27,2
3.645720,12,14,1,1,-7,-10,0,31,2
3.648230,-23,-23,-8,-4,23,-1,-12,-7,2
3.648233,-12,49,3,-1,-11,15,4,-10,2
3.659137,-34,-71,-6,-1,-8,-7,2,9,2
3.659154,29,5,3,0,-4,-4,-5,-5,2
3.668370,-75,64,5,2,-7,16,5,34,2
3.668375,31,-46,-5,-2,0,6,0,-20,2
3.683366,-99,11,0,-3,8,-7,-8,-13,2
3.683377,56,18,-3,-3,-5,-3,2,17,2
3.684528,-3,-27,1,1,-14,-3,-8,12,2
3.684535,-11,22,0,2,15,16,17,29,2
3.705539,90,43,2,0,2,-7,0,-28,2
3.705567,8,-7,-4,0,-2,25,-14,-55,2
3.707435,9,-43,2,1,-4,16,20,-4,2
3.707440,109,30,-1,-2,-7,-6,3,58,2
3.719784,-48,24,4,0,-19,-6,-4,-16,2
3.719813,-55,-64,4,4,18,28,9,32,2
3.728076,47,24,-11,-7,-17,-34,-19,-36,2
3.728969,-10,9,1,-2,-12,4,-5,-19,2
3.743189,64,25,-1,-3,-14,2,7,32,2
3.745301,-26,12,1,0,0,-15,-2,7,2
3.745306,3,-31,-9,-2,11,16,0,14,2
3.745307,-106,-1,-1,2,-8,-13,-5,-14,2
3.765795,17,8,-2,-2,5,0,-2,7,2
3.765813,0,16,0,-1,-16,-19,0,18,2
3.767800,-2,-7,0,1,26,-13,-5,1,2
3.767804,0,-11,-8,-6,17,23,11,-45,2
3.779130,62,-26,-3,-1,1,-5,-6,10,2
3.779298,-51,50,-3,-1,-3,-6,-1,-27,2
3.789950,-62,2,-1,1,-4,8,-4,41,2
3.789958,25,45,6,0,-13,-2,2,8,2
3.803129,-22,-63,1,3,25,-7,-13,-4,2
3.803158,15,1,-1,-2,-19,-5,8,-14,2
3.805652,38,29,-4,-5,-18,3,-6,7,2
3.805679,-2,-45,-3,-1,-1,-1,-3,-44,2
3.826144,28,15,-5,-3,20,3,-4,-1,2
3.826401,-60,-17,3,0,-3,-5,-6,5,2
3.827014,-35,-45,0,1,9,8,4,8,2
3.827030,51,73,5,1,-50,-14,-7,7,2
3.839578,-24,-39,-1,1,49,-27,-3,-36,2
3.839588,88,-38,-4,-3,5,51,13,36,2
3.848703,-106,25,-7,-3,-4,0,-6,-89,2
3.848707,-14,-51,-5,-1,-5,-10,-7,57,2
3.863195,-6,23,5,2,-15,0,6,16,2
3.865213,62,31,-4,-1,6,-15,-7,-18,2
3.865218,10,109,4,-3,-9,1,8,6,2
3.865220,53,-12,-5,-3,9,3,-5,6,2
3.886904,-83,-38,-7,-3,-12,1,-6,-8,2
3.886917,-5,-13,2,-3,4,-13,-1,22,2
3.886999,40,35,10,3,8,55,0,12,2
3.887013,49,-57,-5,1,45,25,11,-24,2
3.901123,-66,2,-12,-8,-28,4,-9,6,2
3.901127,-14,-4,4,3,-11,4,5,-26,2
3.909351,51,-20,-3,-1,11,6,4,77,2
3.909357,-42,3,2,0,-9,-10,-12,-81,2
3.922149,39,19,5,1,-5,2,11,14,2
3.922177,-18,0,-1,1,25,3,-2,1,2
3.932488,-10,72,10,2,-13,-23,-7,-24,2
3.932497,-24,-72,-8,-2,-5,9,-15,50,2
3.947485,-60,12,-11,-7,0,-10,17,2,2
3.947493,9,54,2,-2,-13,-42,-17,-32,2
3.947498,34,-12,-1,0,10,37,10,24,2
3.947502,-36,5,5,2,-2,-10,-5,5,2
3.959150,33,-11,-2,1,2,13,-8,-1,2
3.959172,28,-16,4,2,-3,0,4,4,2
3.968675,-76,-34,-11,-5,-4,-22,-6,-31,2
3.968681,-3,16,0,-2,-43,-14,-1,6,2
3.983179,55,-22,0,2,30,30,8,-45,2
3.983199,-111,-10,-7,-4,-7,-10,-9,22,2
3.984355,29,18,1,-2,-4,-16,-18,-47,2
3.984438,19,-5,-1,0,-4,2,1,21,2
4.005576,25,48,2,2,-7,-3,-2,-9,2
4.005594,9,-83,0,-1,-3,3,3,10,2
4.007388,11,-73,0,1,4,-2,-2,-2,2
4.007456,30,99,0,-2,37,-2,3,29,2
4.019005,-38,67,6,2,-9,-4,-3,-14,2
4.019026,88,-18,-10,-4,5,-2,-4,12,2
4.028984,-103,-101,-6,-2,-28,-10,2,-2,2
4.028988,52,52,4,0,14,-2,-4,-18,2
4.043365,54,-24,1,0,-4,2,3,24,2
4.043380,-44,-49,-12,-4,-2,-3,0,-3,2
4.044873,31,19,0,1,-9,-7,2,19,2
4.044890,20,-9,3,2,-2,-4,0,-23,2
4.065471,17,6,-4,-2,-5,1,-4,8,2
4.065494,-58,18,0,-2,-9,3,-4,-11,2
4.066870,42,4,0,-2,10,-3,1,42,2
4.066884,-39,10,3,2,5,12,10,46,2
4.079355,-6,19,0,-2,-9,-38,-22,25,2
4.079376,58,14,2,0,-1,9,7,18,2
4.088484,42,-19,-4,-4,4,1,-3,-20,2
4.088488,-68,25,-2,-1,8,-10,-5,-12,2
4.104163,9,13,2,0,-19,6,2,19,2
4.104180,-14,-4,2,-1,-3,-6,14,-20,2
4.104521,59,45,2,0,4,5,11,53,2
4.104537,-10,-19,-1,-1,-13,-8,-15,-72,2
4.125434,2,44,3,-3,15,-9,-3,-9,2
4.125453,-57,-17,-11,-4,-24,12,-19,-21,2
4.127107,15,-6,0,0,12,-31,13,-9,2
4.127112,61,-1,3,-4,-9,-6,15,16,2
4.139038,-68,-18,-5,-2,-5,8,-2,5,2
4.139058,60,47,10,6,5,-3,5,-30,2
4.149658,37,-19,-2,0,-8,2,-13,11,2
4.149662,70,31,4,0,-3,-1,-4,-18,2
4.164016,-59,-21,0,1,-1,-10,3,14,2
4.164020,-13,-22,-2,-3,7,0,-4,-16,2
4.164574,45,5,-9,-3,-11,-1,-1,72,2
4.164608,-7,25,1,-1,16,2,-1,-34,2
4.185785,-39,-66,-8,-4,-1,28,5,13,2
4.185805,-11,32,-4,-4,0,-27,-5,8,2
4.188008,-6,21,7,3,2,6,-5,-50,2
4.188016,-40,-12,7,1,-36,-5,-6,23,2
4.199412,-18,-10,-11,-3,17,16,8,-2,2
4.199439,7,-42,-6,-4,-13,-13,-10,-36,2
4.208591,-18,5,-1,-1,9,14,-4,-17,2
4.208595,8,4,-1,-3,-21,-10,6,14,2
4.223267,44,37,13,8,0,-6,-8,-18,2
4.223301,1,-19,-4,-2,-7,0,2,16,2
4.225936,23,20,2,0,15,1,2,4,2
4.225944,-89,-27,-10,-3,6,2,-4,6,2
4.245676,27,-15,-7,-4,4,-14,-6,-44,2
4.245697,64,14,-3,0,6,33,0,5,2
4.247330,-28,-23,-2,2,-3,3,9,-5,2
4.247334,-38,17,0,2,13,8,3,-9,2
4.267801,40,-13,3,0,-6,-12,1,-1,2
4.267822,-47,1,4,0,1,0,-4,-5,2
4.269340,110,41,7,2,-34,-32,-14,-7,2
4.269359,-58,-38,-13,-3,26,26,23,-9,2
4.282902,-14,-50,-7,-7,-25,-7,0,-28,2
4.282924,5,92,3,2,11,-2,-1,14,2
4.284398,-16,-54,-1,-2,-15,7,0,8,2
4.284433,24,23,0,0,0,-17,-8,-5,2
4.305570,41,-1,-1,0,3,1,1,27,2
4.305580,-11,37,2,-1,-3,7,8,36,2
4.307116,-33,18,-3,-2,18,-8,-6,-29,2
4.307135,4,-31,13,4,-12,-22,-18,-37,2
4.328036,-28,-23,-21,-7,30,40,11,-25,2
4.328059,83,-40,1,-2,-15,-14,-1,1,2
4.330250,-53,22,-1,-1,2,8,8,-6,2
4.330258,37,7,1,1,9,-5,-5,23,2
4.341640,16,37,10,3,-14,1,0,8,2
4.341662,-55,2,1,1,6,-7,-4,-17,2
4.351966,8,-67,-7,-2,-21,-2,-10,-1,2
4.351970,19,-34,-5,-3,3,11,17,5,2
4.365920,-19,9,6,4,3,-14,-5,14,2
4.365949,104,38,5,2,12,6,3,15,2
4.368445,-91,-50,-8,-5,-22,-4,-13,-35,2
4.368453,37,31,0,1,6,-1,-3,58,2
4.388031,-98,-64,-12,-7,-11,-20,-12,-84,2
4.389338,77,50,5,3,13,10,4,25,2
4.389418,-40,-33,-10,-6,-24,-12,-3,1,2
4.389449,33,4,-9,-5,-6,8,4,-7,2
4.402355,51,46,7,1,8,-9,5,28,2
4.402371,-28,-18,-1,0,-7,-15,-2,0,2
4.409030,10,51,6,1,22,6,2,-4,2
4.409046,-3,3,-6,-2,0,-3,-5,4,2
4.425776,31,1,7,5,-10,-2,-6,22,2
4.425793,-42,-1,-2,-3,2,2,-2,-13,2
4.427086,43,-43,-5,-2,12,15,9,-1,2
4.427092,-55,-6,-1,-2,-6,-6,-10,-20,2
4.447804,-35,26,10,5,1,12,20,88,2
4.447866,-3,-31,-20,-11,-6,-10,-21,-79,2
4.449286,1,20,0,-1,-3,-8,1,20,2
4.449300,43,1,0,-2,-3,-2,-4,13,2
4.462936,73,9,1,-1,-6,-12,-8,17,2
4.462942,-63,-15,4,3,10,20,11,2,2
4.469023,-17,-33,-10,-4,-4,-15,-14,-41,2
4.469045,-11,40,0,-1,0,6,4,7,2
4.486151,45,-4,-3,-2,-2,-5,-14,3,2
4.486188,-28,14,2,1,-8,5,12,10,2
4.488219,2,31,3,2,16,15,5,-22,2
4.488224,1,36,3,2,-2,-2,-8,5,2
4.509110,-74,-34,-8,-3,2,-2,-2,-1,2
4.509114,-34,-45,-3,-1,-1,-16,-3,5,2
4.509406,-4,3,3,-2,11,19,6,15,2
4.509502,-28,-16,-2,-2,2,-6,-2,4,2
4.522240,40,16,-3,-2,-9,-2,-10,-32,2
4.522259,-26,6,-1,-1,-2,-2,-3,-12,2
4.529124,-87,2,1,0,2,-18,-8,26,2
4.529147,-10,-54,-7,1,-7,-9,-8,-14,2
4.545667,-12,-2,-2,-2,-10,36,18,-31,2
4.545689,80,-16,2,0,30,-40,13,35,2
4.547600,31,25,1,2,3,0,-2,3,2
4.547607,18,7,1,-2,1,-2,-2,3,2
4.567838,-63,19,2,3,0,0,-1,-8,2
4.567853,-37,-28,0,-1,-2,1,-16,-9,2
4.569315,111,26,0,-2,-2,-7,6,15,2
4.569322,-55,66,1,2,4,-3,-1,-37,2
4.582169,66,-89,-9,-1,-7,-19,6,31,2
4.582190,-30,17,0,0,2,0,-1,16,2
4.589023,17,7,-1,-3,0,27,-8,-59,2
4.589047,-23,-10,0,-4,-7,8,0,22,2
4.605471,70,37,6,0,0,-22,-12,-25,2
4.605490,68,57,3,1,-9,25,13,38,2
4.607091,-33,18,-6,-3,-1,-6,5,25,2
4.607113,-69,-17,-2,1,1,5,-4,-18,2
4.627853,37,22,1,-2,3,-7,-3,4,2
4.627874,-27,1,3,-1,-6,5,5,8,2
4.630886,38,10,-3,-1,13,-19,-21,46,2
4.630892,36,-53,-7,-4,-10,4,24,-3,2
4.642252,37,5,0,1,7,-5,-12,-17,2
4.642275,-49,-20,-6,-1,-9,12,8,6,2
4.648957,36,1,4,2,-31,-2,3,-47,2
4.648972,49,2,6,4,42,-9,-5,19,2
4.665533,-68,33,-7,-4,-5,13,-9,-8,2
4.665596,-3,-82,-12,-6,-3,-26,-9,14,2
4.667080,21,-1,3,2,-4,-11,6,28,2
4.667177,72,53,-2,-4,-9,8,-3,-64,2
4.688234,-112,0,1,-2,6,18,-4,9,2
4.688253,14,54,-14,-5,-15,-53,-13,-27,2
4.689735,15,38,1,0,8,-5,3,10,2
4.689743,29,-91,-5,0,-13,-2,-2,21,2
4.702612,-70,64,8,3,-15,-3,3,15,2
4.702641,73,-13,5,2,9,6,-15,-2,2
4.708977,-38,-34,-6,-4,-11,1,3,-20,2
4.708994,-26,33,-1,-1,-2,-3,-4,-12,2
4.725361,35,-11,0,-3,-10,9,-1,-5,2
4.725415,-10,4,2,1,-2,5,5,30,2
4.726773,-50,18,6,3,12,3,2,1,2
4.726783,58,37,0,-3,-12,-14,-13,4,2
4.748282,-11,-116,-16,-6,4,8,16,3,2
4.748304,-76,14,-6,-4,-2,5,-10,-56,2
4.749655,-6,-42,-4,-1,14,4,0,-21,2
4.749765,-28,11,-1,0,-5,-1,-4,3,2
4.761690,71,34,5,2,-3,-12,-4,-8,2
4.761710,-1,7,9,5,-33,2,5,35,2
4.772405,-16,53,7,3,44,67,2,5,2
4.772411,-7,-79,-17,-8,-32,-27,-2,11,2
4.787647,2,-10,-2,-2,8,-3,3,-5,2
4.787657,16,0,1,-1,-13,-10,4,26,2
4.787661,0,16,6,2,-6,-10,-1,-59,2
4.787662,0,23,0,0,8,26,-11,11,2
4.807969,55,16,-2,-1,5,-20,-11,30,2
4.807985,-16,19,2,-1,0,17,23,-51,2
4.809379,31,25,5,-1,-1,2,1,40,2
4.809383,-51,-1,-10,-3,9,1,5,-17,2
4.821685,-50,-96,-11,-5,-9,-17,-11,-5,2
4.821702,62,50,2,1,14,10,-5,9,2
4.833079,37,-29,-1,-2,-6,-12,-3,24,2
4.833089,-64,6,0,0,-7,0,16,-9,2
4.847885,2,61,8,2,6,1,-12,-2,2
4.847893,-20,-75,-6,-4,10,4,-7,4,2
4.847895,-8,5,-1,1,-15,-8,4,-6,2
4.847897,-22,-42,-2,-2,-24,-5,-4,34,2
4.868287,-7,5,1,-1,27,7,3,-26,2
4.868317,73,3,-1,-1,5,0,-10,-4,2
4.871050,-50,-16,-7,-1,4,-8,21,6,2
4.871066,2,66,4,-3,-18,-1,-12,-2,2
4.881452,85,-23,-5,-4,-27,-9,22,52,2
4.881468,-81,-65,-13,-2,5,44,-16,-6,2
4.892332,50,18,0,1,-3,-8,1,-14,2
4.892339,31,-67,-3,0,20,-2,3,36,2
4.905432,-53,51,3,2,-4,0,3,-35,2
4.905453,54,47,4,0,11,9,0,13,2
4.907446,-18,7,-1,-1,-12,-20,-8,-14,2
4.907455,-21,-18,3,1,29,-2,3,-12,2
4.927869,48,-8,2,3,5,14,-5,28,2
4.927892,-3,-13,-1,1,-9,1,12,9,2
4.929360,-17,20,-4,-2,10,-1,-10,10,2
4.929382,6,19,9,4,-9,-6,1,-65,2
4.941519,31,20,-8,-3,-1,-1,-2,17,2
4.941535,-37,-68,-5,-2,4,-14,-9,-28,2
4.951068,-22,-5,-10,-6,-12,-15,-6,-23,2
4.951079,-11,-21,6,0,0,26,2,6,2
4.965355,-27,-18,-6,-1,5,9,1,-10,2
4.965377,-72,41,3,-2,-4,-14,0,-9,2
4.966842,103,-21,2,0,-2,-5,-13,15,2
4.966849,8,65,-1,-2,5,0,11,25,2
4.988503,-32,-38,-1,-1,6,11,0,-13,2
4.988515,98,55,9,0,-15,-31,-22,44,2
4.989415,-58,-7,-16,-8,25,-8,-13,-34,2
4.989427,-14,7,-3,-2,-12,-14,-14,-64,2
7.014433,-2,-1,-2,-1,0,-1,0,-1,0
7.014613,0,-2,0,0,0,-2,-1,0,0
7.014615,0,-2,0,-1,0,-2,-1,-1,0
7.014716,-1,-1,-1,-1,-1,-1,-1,-1,0
7.026579,-1,-1,-2,-1,-2,-2,0,-2,0
7.026595,-2,-3,-3,-1,0,0,0,0,0
7.037022,-1,0,-1,-1,-2,-1,-1,0,0
7.037034,-2,-1,-2,-1,0,-2,-2,-2,0
7.050498,0,-2,0,-2,-1,0,0,-1,0
7.050519,2,0,0,-1,-3,-1,1,-1,0
7.053455,-2,-2,-1,-1,0,0,-1,-1,0
7.053473,-1,-1,0,0,0,-1,-1,-1,0
7.073148,-2,-1,-2,-1,-1,-3,-1,-2,0
7.073166,-2,0,-1,-2,-1,-1,-1,-1,0
7.074748,0,-1,-2,-1,-1,-1,-1,-1,0
7.074753,-3,-2,-2,-1,-1,-2,-1,0,0
7.095469,0,0,-1,-1,-1,-1,-2,-2,0
7.095490,-3,-2,-1,-1,-1,-1,-1,0,0
7.096906,0,-1,0,0,-2,-3,-1,-2,0
7.096919,-2,-1,-1,-2,-1,0,-1,0,0
7.110456,0,0,-1,-1,-2,0,-2,-1,0
7.110477,-3,0,-3,-3,1,0,-2,0,0
7.112178,-1,-1,1,-1,-2,0,0,0,0
7.112199,0,0,-2,2,0,-1,0,-1,0
7.132851,-1,-2,-2,-2,-1,-2,-3,-3,0
7.132873,-1,-1,1,-2,-2,-2,-2,-3,0
7.134343,0,0,0,0,-3,-2,-1,-1,0
7.134358,-1,0,0,0,-4,-2,-3,0,0
7.155445,1,-2,-3,-1,-1,-3,0,-1,0
7.155474,-2,0,-2,-1,-1,-1,-1,-2,0
7.157406,1,-2,1,-2,0,-1,0,0,0
7.157453,-6,-2,-2,-2,-2,-1,1,-1,0
7.169729,15,3,1,-2,-1,-1,0,-1,0
7.169750,-15,3,-1,0,-1,-1,-2,-1,0
7.176486,15,-7,-3,-3,0,0,-2,-2,0
7.176506,-1,0,0,-2,0,0,0,0,0
7.192936,-12,-2,-1,-1,0,0,-2,0,0
7.192954,12,3,-2,0,-3,0,-1,0,0
7.194337,1,3,0,0,-1,-1,0,0,0
7.194379,-2,-2,0,0,-1,-2,-1,-2,0
7.215675,-1,-2,-2,0,-1,0,0,0,0
7.215679,-4,-3,-2,-3,0,0,-1,-2,0
7.216861,-10,1,-5,1,-1,-1,-2,-2,0
7.216876,1,-3,-1,-3,-1,0,0,-1,0
7.232063,-3,4,4,0,0,-1,0,-2,0
7.232069,-2,-4,-1,0,0,-2,0,-1,0
7.236763,-2,0,-2,-1,0,0,0,-2,0
7.236785,1,-2,-3,-2,-1,-2,0,0,0
7.252917,-2,0,1,-2,-1,0,-2,0,0
7.252939,0,-2,-2,-3,-1,1,-1,0,0
7.259100,-2,-1,1,-1,-1,0,-2,-1,0
7.259121,1,-1,-2,0,-2,0,-1,0,0
7.275803,-2,-4,-3,-1,-1,-2,0,-1,0
7.275930,1,-2,-2,1,-1,-1,1,-1,0
7.276814,-4,0,1,-2,-1,-2,1,1,0
7.276826,-1,-1,-1,0,-1,-1,-2,-1,0
7.292706,-1,-1,-3,-1,-1,-2,-2,-1,0
7.292712,-1,-1,-2,-1,-1,-2,-1,-1,0
7.296667,0,0,-1,1,-2,0,-2,-1,0
7.296689,-2,-1,0,-3,0,-1,-1,0,0
7.313061,1,-1,-2,-1,0,1,-1,-1,0
7.313083,-1,-2,1,-1,0,0,-1,-1,0
7.315472,-3,-2,0,-1,-1,-1,-1,-3,0
7.315478,0,2,0,-1,-2,-1,0,-1,0
7.335400,-4,-1,-2,-1,-1,-1,-1,0,0
7.335423,4,0,0,-1,-2,0,0,0,0
7.337900,-2,1,-1,0,-2,-1,-1,0,0
7.337913,0,0,-1,0,-1,0,-1,-1,0
7.350680,-2,-2,-2,-2,-1,-2,-2,-1,0
7.350708,-2,-3,-2,1,-1,-1,0,-4,0
7.356532,-2,4,3,-1,0,-2,-1,1,0
7.356549,0,-2,-1,-1,-3,-2,-1,-1,0
7.373054,0,0,0,-1,-2,1,1,0,0
7.373080,-3,-2,-2,-2,0,-1,-2,-1,0
7.374434,-1,-2,-2,-1,0,0,0,-1,0
7.374449,1,1,0,0,0,-3,0,-1,0
7.395454,0,-3,-3,-1,-1,-1,-1,0,0
7.395478,-2,-2,0,1,0,0,1,0,0
7.397337,-3,-2,-1,-1,-1,-1,0,-2,0
7.397343,-1,0,-1,-2,-2,0,0,-1,0
7.409712,0,-1,-1,0,-3,-1,0,0,0
7.409729,0,1,1,-1,-1,0,-1,0,0
7.424377,-1,-3,-2,-1,-1,0,-2,-2,0
7.424407,1,-1,-2,-1,0,-1,0,-1,0
7.433219,0,0,-1,-1,-1,-1,0,-1,0
7.433225,-2,-1,1,-1,-1,1,-1,-1,0
7.434262,0,-2,-1,-1,0,0,-1,0,0
7.434272,0,-2,0,-1,-2,-1,-1,0,0
7.455357,-2,0,-2,-1,-3,0,-1,-2,0
7.455377,1,0,1,-1,-3,-2,-2,-2,0
7.457154,1,-1,-1,-2,-1,1,-1,-1,0
7.457184,-2,0,-1,-2,0,-1,-1,-2,0
7.470170,-2,0,-1,0,-1,-1,-2,0,0
7.472346,-1,-3,-1,-1,-1,-2,-2,0,0
7.476631,-3,0,-1,-1,-1,-2,-1,-1,0
7.476660,-1,-1,-2,-1,0,-1,-1,0,0
7.493673,-1,-1,0,0,-1,-1,-2,-2,0
7.493679,-1,1,-3,-1,0,-3,-1,0,0
7.494379,-2,-1,-1,-2,-1,-1,0,0,0
7.494385,-2,0,1,0,0,-1,-1,-1,0
7.515647,-2,-1,0,0,-1,-1,0,-1,0
7.515668,-3,0,0,0,-2,-1,-4,-1,0
7.517624,-1,0,-1,-1,-3,-3,-1,0,0
7.517669,0,-1,-2,-1,-2,-2,-1,-1,0
7.529140,0,-2,-2,-1,1,-4,-2,0,0
7.529164,-1,-3,1,-1,-1,-1,-1,1,0
7.539527,1,-1,-2,-1,0,-2,-1,-1,0
7.539534,-3,-2,0,-2,1,-1,-1,-2,0
7.553096,-1,-1,0,-1,-1,1,-2,-1,0
7.553128,0,0,0,-2,-1,-1,0,0,0
7.555411,-1,-2,0,-1,0,-1,-2,-1,0
7.555422,1,-1,-1,-2,-1,-2,0,0,0
7.575443,0,0,-1,1,-2,-1,-1,0,0
7.575460,0,-3,-1,-1,0,-1,-1,-2,0
7.576902,0,-1,0,-1,-1,1,-1,0,0
7.576917,-2,0,-1,0,-2,1,-2,0,0
7.589144,0,0,-1,-1,0,-1,-2,-1,0
7.589166,0,-1,-1,-1,-1,-1,-1,-2,0
7.599094,-1,0,-2,-1,0,0,-3,-1,0
7.599098,-2,-1,0,-1,-1,-2,-1,-1,0
7.612973,0,-2,0,-2,-2,-1,-2,-2,0
7.614368,-2,0,-1,0,0,-1,0,-1,0
7.614434,-1,-2,1,-1,-1,-1,-1,-2,0
7.614474,-4,0,-1,-2,0,0,-1,0,0
7.635458,-2,-1,0,0,0,-1,-1,0,0
7.635506,-1,-2,-2,-2,0,-1,0,0,0
7.637100,-2,0,-2,-1,0,0,-2,-1,0
7.637123,-1,0,-1,0,-1,0,-1,0,0
7.650007,0,-1,-1,-2,-1,-1,-1,-1,0
7.650014,-1,0,-1,-1,-1,0,-1,-1,0
7.660243,-2,0,-1,-1,-1,-2,-1,0,0
7.660255,0,-2,-1,0,-1,-1,-2,0,0
7.672952,0,-1,0,-1,0,0,1,-1,0
7.672991,-1,-1,-2,-1,-2,-1,-1,-1,0
7.674806,-4,-1,0,0,-1,-1,1,-1,0
7.674815,-2,-1,-1,-1,-2,0,-2,-1,0
7.696837,0,-2,-3,-1,-2,-1,0,-1,0
7.696843,1,-2,-2,-1,-2,-2,-2,-1,0
7.696929,-1,-1,-1,-1,-1,1,0,-1,0
7.696935,-1,0,-1,-1,0,0,1,0,0
7.709370,-2,-1,-1,0,-1,0,1,0,0
7.709401,-2,-1,-1,-1,-1,-2,0,0,0
7.719780,1,-2,-3,0,-1,-2,-1,1,0
7.719790,0,0,-2,-1,-1,-2,-1,0,0
7.733475,2,-2,-1,-2,-1,0,1,-1,0
7.733496,-2,-1,-2,0,-1,0,-2,-2,0
7.735150,-4,-1,-1,-1,-2,-1,0,-2,0
7.735159,0,-1,0,-2,-2,0,-1,-2,0
7.755506,-1,-1,0,-1,-1,-1,-1,0,0
7.755524,-1,1,1,0,-1,-1,-2,-1,0
7.757593,0,-1,-1,-1,-2,0,0,-1,0
7.757612,0,-1,-3,-1,-1,-1,0,-2,0
7.769006,-3,-1,-2,-3,-1,-2,-2,-1,0
7.769035,-1,-1,-1,-1,0,-1,0,0,0
7.779807,-1,0,0,-1,0,-1,-1,0,0
7.779813,-1,0,0,-2,0,-2,-1,0,0
7.792904,-1,-1,0,1,-1,-1,-1,-1,0
7.792921,0,-2,-1,-1,-2,-1,-1,0,0
7.794497,0,0,-1,-1,-1,-2,-1,-1,0
7.794513,-1,-1,-2,-1,-1,-1,-1,-2,0
7.815348,-2,-3,-2,-1,0,-1,-1,-1,0
7.815370,-2,0,-1,-1,-1,-2,-1,0,0
7.816913,-2,-1,-2,0,-1,-1,-2,-1,0
7.816926,-1,-1,0,-2,-1,-1,-1,-1,0
7.837883,-1,-1,-1,-3,-1,-1,0,-1,0
7.837901,-1,1,-2,0,-2,0,0,-2,0
7.839626,2,-1,-2,0,0,-1,-1,-1,0
7.839649,-1,-1,0,0,0,0,-1,-1,0
7.853216,-2,-1,-1,-2,0,0,-1,-1,0
7.853233,-2,-1,-1,-2,0,-1,-3,0,0
7.854562,-1,0,0,-2,-1,-2,-1,0,0
7.854583,-1,-1,0,1,0,-1,-1,-1,0
7.875500,0,-1,-1,-1,-1,-1,0,0,0
7.875525,-2,-2,-1,-1,0,-1,0,-3,0
7.876900,0,0,-1,-1,0,0,-1,-1,0
7.876908,1,-1,-2,0,-1,-2,-1,-1,0
7.889241,-2,0,-1,0,-2,-2,-1,-1,0
7.889272,0,0,0,-1,-1,-1,0,-1,0
7.898449,-3,-2,-1,-2,0,0,0,-2,0
7.898453,-3,0,-2,-3,-1,0,0,-1,0
7.914553,-1,-2,1,1,1,-2,-2,-1,0
7.914556,-1,-2,-1,0,0,-2,-2,-1,0
7.914559,-2,-1,-1,0,0,-1,-2,-2,0
7.914561,-2,-2,-1,0,-2,-2,-1,-2,0
7.935353,-1,-2,-3,-1,-1,-1,-2,-2,0
7.935374,-1,2,-1,-3,-1,0,-2,-1,0
7.938063,0,0,1,-1,0,-2,-1,0,0
7.938074,1,-5,-4,-2,0,-1,0,1,0
7.949193,0,3,4,0,-1,-1,-3,0,0
7.949212,2,-1,0,0,1,-2,-1,0,0
7.958558,-1,3,-2,-4,-1,0,-1,-1,0
7.958564,-3,-17,-2,0,-2,-1,-1,-2,0
7.972886,0,-3,-5,-3,-1,-1,0,2,0
7.972904,-2,-6,-4,0,0,-2,-1,-1,0
7.974525,-2,5,1,1,-1,-1,-2,-1,0
7.974539,-2,1,-1,0,-2,-3,-1,-2,0
7.995473,-2,-1,-2,-3,-1,-1,-1,-1,0
7.995494,-1,0,-2,-2,-3,0,0,-1,0
7.996901,0,-5,-2,0,1,-1,-1,-1,0
7.996918,0,4,1,-2,-2,0,-2,-1,0
8.018313,-2,-1,-3,0,-2,0,-1,-2,0
8.018334,-1,4,1,-1,-1,-2,-1,0,0
8.021261,0,-2,-2,0,-2,-1,-1,-3,0
8.021321,-1,0,0,0,-2,-1,-2,1,0
8.032974,-1,1,1,0,1,0,0,0,0
8.032997,-1,-1,0,-2,-2,1,-1,-1,0
8.034349,-1,-1,-1,0,-1,0,0,-1,0
8.034373,-1,3,1,0,1,-3,-2,-2,0
8.055504,-2,-3,-4,-1,0,-1,-1,-1,0
8.055541,-2,-1,2,0,-1,0,-2,-1,0
8.057362,-1,-2,-2,-1,0,-1,0,-2,0
8.057395,0,2,-2,-1,-1,0,0,-2,0
8.078125,-2,1,0,0,-1,-1,-1,0,0
8.078146,1,-4,-2,0,0,0,0,-2,0
8.080975,-1,-2,-1,0,-1,0,0,-1,0
8.080981,-1,-2,-1,-1,-1,0,1,-1,0
8.092875,1,-2,-1,-2,-3,-1,-1,-1,0
8.092900,-1,0,-2,-2,-3,-2,-1,-2,0
8.094409,-2,-1,1,-1,-3,-1,-1,1,0
8.094425,0,-1,-1,-1,0,-2,-2,0,0
8.115276,-2,-1,0,0,-1,-1,-2,-1,0
8.115285,-2,0,0,0,1,0,-1,-1,0
8.116778,-1,-3,-4,-3,0,-1,-2,0,0
8.116785,-2,3,4,-1,-2,-1,0,-1,0
8.137969,0,-2,-4,-2,-3,-1,-3,-1,0
8.138011,0,3,4,0,0,-2,1,-1,0
8.139876,-1,1,1,-1,-1,-1,-2,-1,0
8.139882,-1,1,-1,-2,0,-1,-1,-1,0
8.152278,0,-2,-1,1,-1,-1,-3,-2,0
8.152298,-1,-3,-6,-2,-1,0,0,0,0
8.159080,0,-2,2,-2,-1,-1,-1,-1,0
8.159098,0,0,0,-2,1,-3,-1,0,0
8.175371,-2,-1,0,-2,-2,-2,-1,0,0
8.175386,-2,-3,-3,0,0,-1,-1,-1,0
8.176835,-1,-1,0,-1,-2,-1,0,-1,0
8.176853,-2,0,-2,-1,-2,1,-1,-1,0
8.197933,0,-2,1,0,-1,0,-1,-1,0
8.197955,1,-1,0,0,-1,-2,-1,-1,0
8.200328,0,0,-2,0,-1,0,0,0,0
8.200333,0,-2,1,-1,-3,0,-1,-1,0
8.212329,-2,0,-1,-1,-1,0,-1,-1,0
8.212352,-2,-1,0,-2,-2,0,-2,-1,0
8.219386,-2,-1,0,-1,-3,-1,0,-1,0
8.219412,-1,-2,-4,-1,0,-1,-1,-1,0
8.235528,-1,0,-2,-1,-2,-2,0,-1,0
8.235549,-1,-2,-2,1,-1,-1,-3,0,0
8.238329,-2,-2,-1,1,-1,-1,-1,-2,0
8.238343,-1,4,2,-1,0,-2,-1,0,0
8.258029,-1,0,0,-1,2,-1,-1,-2,0
8.258067,-2,-1,0,-1,-1,0,-1,0,0
8.264380,-1,-2,-1,-1,-2,1,0,-2,0
8.264409,2,-2,-3,-1,-2,-1,-2,-1,0
8.272319,0,1,-3,-2,-2,1,-2,-1,0
8.272336,0,0,-1,-2,-1,-2,0,-2,0
8.279081,-3,-2,0,0,-2,0,-1,1,0
8.279102,-2,-1,-2,-2,-2,-1,-1,0,0
8.295380,-2,-1,0,-2,-2,0,-1,-1,0
8.295402,0,-1,-1,-1,-1,-1,-1,-1,0
8.297148,1,-1,-2,-2,-1,-1,-1,0,0
8.297163,-1,0,2,1,2,0,0,0,0
8.318557,-2,-2,-3,0,-1,1,-1,-2,0
8.318583,-2,0,0,-1,-2,0,-1,-1,0
8.321603,-1,-1,-3,-1,2,-1,-1,-1,0
8.321610,-2,-2,-3,-1,-1,-1,-2,-2,0
8.332240,1,-2,-2,0,0,-1,0,-2,0
8.332321,-1,-3,-3,-2,-1,-2,0,-1,0
8.339098,2,3,-1,-2,0,-3,-1,-1,0
8.339115,-1,-1,1,1,-2,0,0,0,0
8.355397,-2,-1,0,-1,-1,-1,-2,-2,0
8.355425,1,0,-1,0,-2,-1,-1,-1,0
8.357374,-1,-1,-3,-1,-2,0,-1,0,0
8.357381,0,-2,-2,-1,-1,0,0,-2,0
8.378444,0,1,1,0,-1,-1,0,0,0
8.378467,-1,-1,-2,-1,0,0,0,0,0
8.379414,-3,-2,-3,1,0,-2,-2,-1,0
8.379429,0,-1,-1,-1,1,0,-2,-1,0
8.392206,1,0,-3,1,-1,0,-1,-1,0
8.392224,-2,-1,0,-2,1,-1,-2,1,0
8.399144,-1,-2,1,0,-1,-1,0,0,0
8.399165,-1,-2,-2,-1,-1,-2,-1,-1,0
8.415338,-1,-1,-1,-2,0,-2,-1,-1,0
8.415355,-3,0,-2,0,-1,0,-1,-1,0
8.416835,0,-2,0,-1,0,0,-2,-1,0
8.416848,0,1,-2,-2,-1,-2,-1,-1,0
8.438006,-1,1,-1,0,-1,0,0,0,0
8.438023,-4,-3,-3,-1,-1,-2,-1,0,0
8.439727,1,-1,2,-1,0,-1,-1,-1,0
8.439750,0,0,0,-1,-1,-1,0,-1,0
8.451833,0,0,0,-1,0,-1,-2,-2,0
8.451837,-1,0,-1,0,-2,0,-1,-2,0
8.462029,-1,-3,-4,0,-1,-2,-1,-1,0
8.462035,-3,-3,-2,0,-1,0,-1,-1,0
8.475570,0,-1,2,-1,-2,-1,0,-2,0
8.475585,-1,-1,0,-3,-1,-1,0,0,0
8.477099,-1,-1,0,-4,-1,-1,0,0,0
8.477104,-2,0,-1,-2,0,-1,-1,-1,0
8.499748,-3,-2,-2,0,0,-1,-1,0,0
8.499752,0,-1,-2,-1,0,0,-1,-1,0
8.499754,-2,0,-2,-1,0,0,-2,-1,0
8.499756,-2,-2,0,-1,0,-1,-1,-1,0
8.514259,-1,-1,-2,-3,-1,-2,1,-1,0
8.514266,-1,-1,-2,-1,-1,-1,-2,-2,0
8.522566,1,3,4,2,-1,-2,-1,0,0
8.522671,-2,-1,-1,0,-2,0,0,0,0
8.535359,-1,0,0,-3,-1,-1,-2,0,0
8.535380,-2,-3,0,-2,-1,-2,1,0,0
8.537901,-1,-3,-2,-2,-2,0,-1,-1,0
8.537916,-1,-4,-1,-1,-1,-2,-2,-1,0
8.558015,-2,1,0,-1,1,0,-2,0,0
8.558034,0,4,4,1,0,-2,-2,-3,0
8.560065,-1,-1,-3,-2,-1,-1,-1,0,0
8.560069,-2,-3,-1,-2,0,-1,0,0,0
8.571801,-2,-2,-2,0,-1,-2,0,-1,0
8.571821,0,-3,-2,-1,-1,0,-2,0,0
8.581395,-1,-1,0,0,0,-1,-1,-2,0
8.581401,-1,-1,-2,0,-2,1,-1,0,0
8.595377,0,-2,1,-1,-2,-1,-1,-2,0
8.595401,0,1,-3,0,-1,-1,0,0,0
8.597030,-5,-1,-1,0,-1,-1,-1,-1,0
8.597054,4,2,-1,-1,-1,0,1,1,0
8.618028,-4,-2,1,-1,0,-1,-2,-1,0
8.618057,-1,0,-1,-2,-1,-1,-2,0,0
8.620429,-2,-2,-3,-1,-2,0,-1,0,0
8.620442,-3,0,-2,-2,-1,-2,-2,-2,0
8.631736,-1,0,0,0,-1,-2,-1,0,0
8.631758,0,-3,-2,0,1,-2,-2,-1,0
8.640575,0,1,0,-1,-2,-2,0,-1,0
8.640595,-2,0,-1,-1,-3,-3,-1,-3,0
8.655854,1,-3,-2,-1,-2,0,0,-2,0
8.655861,-2,-1,0,-1,-3,-1,0,-1,0
8.655863,0,-2,-2,-2,-3,0,-1,-2,0
8.655864,0,-1,0,0,0,-1,0,-1,0
8.677486,-1,0,-3,-1,-2,-2,-1,0,0
8.677506,-2,-2,-1,-1,-1,0,0,-1,0
8.680191,-1,-2,0,-3,-1,-1,-2,-1,0
8.680194,-1,-2,-2,-1,1,0,0,-1,0
8.699744,-3,2,3,0,3,1,0,-1,0
8.699783,0,-1,0,0,0,0,-2,-2,0
8.701829,1,0,-1,-1,0,-2,0,-1,0
8.701834,-1,-2,-1,-1,-1,1,0,0,0
8.715077,-2,-2,-3,-1,-1,-1,-1,0,0
8.715095,-3,-1,0,-2,-2,-2,0,-1,0
8.717149,-1,-1,0,-2,-1,-1,-1,-1,0
8.717153,0,0,-1,0,-2,-1,0,-2,0
8.737459,-1,-1,-1,-2,0,-1,-2,-1,0
8.737489,0,-1,1,0,0,-2,-1,-1,0
8.738222,-3,-1,-2,-1,-1,-1,0,0,0
8.738250,-1,-1,-2,-1,-2,-2,0,-2,0
8.759769,-1,0,-2,-1,-2,1,-2,-1,0
8.759791,-1,0,-2,-2,0,-1,-1,-1,0
8.760822,-1,-1,-2,0,0,-1,0,0,0
8.760830,-3,-1,0,0,-1,-2,-2,-1,0
8.774898,1,-3,-1,-1,-2,0,-2,1,0
8.774919,-3,-1,-3,0,0,-1,-2,0,0
8.776333,-1,-1,-2,0,-1,-1,-1,-2,0
8.776340,-1,-1,0,-1,0,-1,-1,1,0
8.797377,-1,-2,-1,-1,1,0,-1,-1,0
8.797392,1,-4,0,0,-1,0,1,-1,0
8.797903,-2,2,0,-1,-1,0,-2,0,0
8.797920,1,0,0,-1,1,-1,0,-2,0
8.819811,0,-1,-1,-1,-1,-2,-2,-1,0
8.821912,0,-1,-3,-1,-1,-2,-1,-2,0
8.821919,1,-1,-1,-1,-3,-2,0,-1,0
8.821921,1,1,1,-1,-3,0,-1,1,0
8.834628,-3,0,-1,-2,-2,-2,0,-2,0
8.834650,-2,-3,-4,-2,-3,-2,0,-2,0
8.836607,-2,-4,-2,-2,1,0,-2,-2,0
8.836611,-2,-1,0,-1,-1,-1,0,-1,0
8.857833,0,-2,0,-2,-2,-2,0,1,0
8.857840,0,2,1,0,-2,-1,-2,0,0
8.858092,0,0,-1,0,-2,-2,0,-1,0
8.858098,-2,-1,-2,-2,0,-3,-2,1,0
8.880135,-1,0,1,0,0,-1,-2,0,0
8.880164,-3,0,0,-1,-1,-1,-1,-2,0
8.881282,5,-1,-1,-1,-1,-1,-2,-1,0
8.881291,-1,-1,0,-1,-1,-1,-2,-1,0
8.894910,-2,-1,-2,1,0,-1,0,-2,0
8.894926,-1,1,0,0,-1,-1,-1,-1,0
8.897180,-2,-1,-1,0,0,0,-1,-1,0
8.897186,-2,-1,-3,-1,-3,0,0,-3,0
8.917540,-1,-2,-1,-1,-2,-2,-1,-1,0
8.917573,-1,-1,-2,0,-2,-1,1,1,0
8.924839,-1,0,-1,0,-2,-2,-2,-1,0
8.924859,-2,0,-3,-2,1,-1,0,0,0
8.940096,0,0,-2,-1,-1,-2,0,-1,0
8.941727,1,-1,0,0,-1,-1,-2,0,0
8.941731,-4,-2,1,-2,-2,-2,0,-2,0
8.941733,0,-2,0,0,-1,-1,-2,-1,0
8.954755,-2,-1,-1,-1,0,0,0,-1,0
8.954777,1,-2,-1,-1,0,1,-1,-2,0
8.956062,-1,-2,-1,0,-1,-1,0,-1,0
8.956068,-2,-2,0,0,1,-1,-2,-1,0
8.977699,-1,-1,-2,0,-2,-1,-2,0,0
8.977726,-3,-1,-2,-2,-2,0,-1,-1,0
8.979628,-2,0,-1,-3,0,-1,0,-2,0
8.979635,0,0,-2,-1,0,0,-1,-2,0
8.999933,-1,-2,-1,0,-1,-1,-1,0,0
8.999977,0,-1,0,-1,-1,-1,-1,-2,0
9.000531,-2,-1,-2,-1,-2,-2,0,-1,0
9.000551,-1,0,-2,-1,-1,-3,0,-2,0
9.014656,1,0,-2,-2,-1,0,-1,-1,0
9.014678,1,0,-1,0,0,-2,0,0,0
9.015543,0,-1,-1,-2,-1,1,-2,0,0
9.015588,-4,-2,0,-3,-1,1,-2,-1,0
9.037569,0,-1,-1,-1,-1,-1,-2,-1,0
9.037598,-1,-1,-2,-1,-1,0,1,-1,0
9.039148,-1,-1,1,0,-1,-2,-1,-1,0
9.039152,1,0,-1,-2,-2,-3,-1,-1,0
9.060421,-3,-2,-2,-1,-1,-1,-2,0,0
9.060428,4,0,1,0,-2,0,-3,-1,0
9.060429,-1,0,0,-1,-2,-1,-1,1,0
9.060431,-3,-1,-1,1,-3,-2,0,-1,0
9.074819,-1,-1,0,-2,-1,0,-1,-1,0
9.074823,-3,0,-2,0,0,-1,0,-1,0
9.075393,-2,-1,0,0,-1,-2,0,-1,0
9.075400,-1,-1,-1,-1,-2,-1,-2,-2,0
9.097246,0,0,-2,-1,-1,-1,0,1,0
9.097267,-1,0,-2,-2,-1,0,-2,0,0
9.098739,0,-1,-2,-1,-2,0,-1,-1,0
9.098742,0,0,-1,-2,-2,0,1,-1,0
9.122588,-1,-1,0,-2,-2,-1,-1,-2,0
9.122597,-2,-2,0,-1,-2,-3,0,-1,0
9.122599,-1,-2,-2,-1,-1,-1,-2,0,0
9.122600,1,0,1,0,-1,-2,-2,-1,0
9.134701,-3,0,1,-2,0,-2,-1,-2,0
9.134723,-4,1,0,-1,0,-1,-1,0,0
9.137408,1,-2,0,0,-2,-2,-3,-3,0
9.137425,-2,-2,0,-1,0,0,0,0,0
9.157559,0,-1,0,0,-1,0,-2,-1,0
9.157594,-4,-2,-1,-3,0,-1,-1,-1,0
9.157873,2,0,-2,-2,-1,1,-2,0,0
9.157889,-2,-1,-2,0,0,-1,0,-1,0
9.179901,2,-1,-2,1,-1,-1,-1,-2,0
9.179928,-1,-2,-1,-1,-2,-1,-1,-2,0
9.181697,-2,-1,-1,-2,-1,-2,0,0,0
9.181709,1,-1,-2,-2,0,-2,-2,-1,0
9.194680,-3,-3,-2,0,1,0,0,0,0
9.194698,1,-1,-1,-2,-2,-3,-3,-1,0
9.195909,-1,0,0,-1,1,-1,0,0,0
9.195913,-1,1,0,0,0,0,-1,-2,0
9.217790,-2,0,0,-1,-1,-1,0,-1,0
9.217811,-2,-2,-1,0,0,0,-3,-1,0
9.218166,-2,-2,-1,-1,1,-1,-2,0,0
9.218323,-1,-2,-2,-1,-1,0,-1,0,0
9.239925,-1,-2,-1,0,-1,-1,-1,-1,0
9.239952,-2,-1,0,-1,-1,0,-1,-1,0
9.241056,-3,0,-1,0,-2,0,1,0,0
9.241060,-4,-2,0,-1,-1,-2,-2,-1,0
9.254722,1,0,0,0,-2,0,1,0,0
9.254740,0,0,-2,1,-1,-1,-1,0,0
9.255759,-5,0,-1,0,-2,-1,-1,-2,0
9.255765,4,0,0,0,0,-1,-1,0,0
9.277799,1,-1,-1,-2,-1,0,-1,-1,0
9.277806,-2,-1,-2,-1,-2,-1,-1,1,0
9.277928,1,0,-1,-2,-2,-1,0,-2,0
9.277934,-2,-1,-1,-2,-1,-2,-2,-1,0
9.299988,-1,0,-1,-1,-2,0,-1,-1,0
9.301145,-1,-1,0,-1,-1,1,0,-1,0
9.301148,-2,-1,1,1,-1,-1,-1,-1,0
9.301150,-3,-2,-1,-1,-1,-2,0,-1,0
9.314899,1,-2,-1,-1,1,-2,-2,-1,0
9.314920,-2,-1,-2,-2,-2,0,0,-1,0
9.316933,0,-1,-2,0,-2,0,1,-2,0
9.316938,-1,0,-1,-1,0,0,0,-1,0
9.337649,0,-1,0,0,-3,-2,-1,-1,0
9.337697,1,0,-1,1,-1,-2,0,0,0
9.340461,1,-1,0,-2,0,-2,-1,-2,0
9.340473,-2,-1,-1,0,-1,-1,1,-1,0
9.359691,-1,1,-3,-1,0,0,-1,-1,0
9.359708,1,0,0,-1,0,-1,0,-1,0
9.360367,0,0,-1,-2,0,-1,-1,-1,0
9.360383,-3,-1,-1,-2,-2,-1,-2,-1,0
9.374703,-2,-1,-1,-1,-1,-1,0,-1,0
9.374722,-1,-1,1,-2,-2,-1,-3,-2,0
9.376071,-2,-2,0,-1,0,1,-2,-1,0
9.376075,2,-1,-2,-1,-1,-2,-1,-2,0
9.397548,-1,0,0,-2,-3,-2,-1,-2,0
9.399213,-2,0,-2,0,0,-1,-3,-1,0
9.399220,0,-2,0,-2,-1,-2,-1,0,0
9.399221,-1,-1,-2,0,-3,-1,-1,0,0
9.419709,0,-1,0,-1,-1,-1,0,0,0
9.419733,-3,-3,0,-1,-1,-1,1,-1,0
9.420569,-2,-1,0,-1,-1,-2,-1,-2,0
9.420597,-1,0,0,-1,0,0,-2,1,0
9.434563,0,-2,-1,-2,0,-1,0,-2,0
9.434571,0,-2,0,-2,-1,1,0,-1,0
9.435237,0,-1,-2,-1,-1,-1,0,-1,0
9.435249,-1,-1,-2,-2,-2,-1,1,-1,0
9.457859,-6,-1,-2,-1,0,-1,-3,-1,0
9.457895,4,0,-1,-2,0,0,-1,-2,0
9.459786,-1,0,-1,0,-2,0,0,-1,0
9.459793,-2,0,0,0,0,-1,-2,-1,0
9.482764,-3,1,-1,0,1,-2,-2,-1,0
9.482772,-1,-3,-2,-1,0,-1,-2,-1,0
9.482776,0,1,-3,0,0,-1,-1,-1,0
9.482780,-1,-1,-2,0,-1,-1,-1,1,0
9.494782,0,0,0,-2,-2,-1,0,1,0
9.494806,-2,0,0,-1,-3,-1,-2,-2,0
9.496738,1,-2,-2,-2,-1,-1,-3,-2,0
9.496744,0,-1,1,-2,0,-1,-1,0,0
9.517224,-1,-2,-2,-1,-1,-1,-2,-1,0
9.517243,-1,1,-2,0,1,-1,1,-1,0
9.517782,-3,-2,0,-2,0,0,-2,0,0
9.517864,0,0,-1,-3,-2,-1,-3,-3,0
9.539855,5,1,0,-1,-1,-1,1,0,0
9.539877,-3,-2,-2,-1,-1,-1,0,1,0
9.541584,-2,-1,-1,1,-2,0,0,-2,0
9.541588,-1,0,-1,-1,-1,-1,1,-1,0
9.554351,-2,-1,-1,0,-1,2,-1,-2,0
9.554378,-3,-2,-2,0,-2,-2,-1,-2,0
9.562529,2,-1,-1,-1,-1,-2,-2,-1,0
9.562545,-1,-1,0,0,-2,0,0,1,0
9.577933,-5,0,0,0,1,-1,-1,-2,0
9.577957,4,1,-1,-1,-2,-2,-1,0,0
9.578536,-2,-1,-1,-2,-1,0,-1,1,0
9.578553,0,0,-1,0,0,-1,-2,-1,0
9.599697,0,-2,-1,-2,0,-1,-1,0,0
9.599713,-5,-1,0,2,0,1,-1,0,0
9.600948,-2,-2,-2,1,-2,-1,-1,0,0
9.600952,2,0,0,-1,-1,0,-1,0,0
9.614213,-1,-1,-2,-1,0,0,0,-1,0
9.614234,-2,-2,0,-1,-1,-2,-2,-1,0
9.622272,0,1,-1,-2,-2,-1,-1,-2,0
9.622294,-4,-1,0,-1,0,0,-3,-2,0
9.637223,-1,-1,-1,0,-1,-1,-1,-1,0
9.637308,2,-1,-1,-2,0,0,-1,0,0
9.638028,-1,-1,-1,0,-1,-2,-2,-1,0
9.638042,0,-1,0,0,-1,-1,1,-1,0
9.659724,-2,-1,-1,-1,0,-1,-2,-2,0
9.659741,2,-2,-1,-1,-2,-1,1,-2,0
9.661137,-1,0,-2,-1,-1,-2,1,-1,0
9.661141,-1,-1,0,-1,-2,0,-1,-1,0
9.674156,-1,0,-1,-2,-1,-1,-1,0,0
9.674172,-2,1,-2,-1,-1,-1,0,0,0
9.683118,-2,-1,-2,-1,-1,2,0,0,0
9.683122,1,-1,-2,1,0,-1,1,-1,0
9.699132,0,-2,-1,0,-3,0,1,-2,0
9.699139,-1,-2,-2,-2,0,-1,-3,-1,0
9.699141,-2,-1,-1,-2,-1,0,0,0,0
9.699142,-2,-1,-2,-1,-1,-2,-1,-1,0
9.719716,-2,-1,-2,-1,-2,0,-1,-1,0
9.719737,0,-1,-1,-2,-3,-2,0,0,0
9.721368,0,0,1,-2,1,-1,-2,0,0
9.721372,-1,-1,-2,-2,-1,1,-2,-3,0
9.742939,0,-1,-1,-2,-1,-1,-1,-1,0
9.742961,-1,-1,-1,-1,-1,0,-1,-1,0
9.744179,-2,-1,-2,0,0,0,-1,0,0
9.744194,-3,-1,-1,-1,1,-1,-1,1,0
9.757641,4,1,0,-1,-1,-2,0,-1,0
9.757678,-3,-1,-1,-2,-1,-1,-1,-1,0
9.759407,-1,-1,-1,-1,-1,-2,0,-3,0
9.759417,-1,-1,-2,-1,-2,-2,-1,-2,0
9.779969,-2,-3,-3,-2,-1,-3,-2,-2,0
9.780000,-2,-1,1,-2,0,-2,-1,-3,0
9.781521,-2,-2,-1,0,-1,-1,-1,0,0
9.781527,1,-1,-2,-1,-1,-2,-2,-1,0
9.794084,-1,-2,-1,-2,1,-1,-1,0,0
9.794105,-1,0,0,-1,-1,1,0,0,0
9.802447,-4,-1,-1,-1,1,0,-2,0,0
9.802476,1,0,0,-1,-2,-2,0,0,0
9.817146,-1,-2,-1,1,-2,-2,-1,-2,0
9.817166,-2,-1,-2,-1,0,0,-1,-1,0
9.819214,0,-2,0,0,0,-1,-1,-3,0
9.819221,-2,-1,-2,-1,1,0,-2,1,0
9.839684,-1,1,-1,0,0,-1,0,-2,0
9.839702,-1,-1,-1,-2,-2,-1,-2,0,0
9.840588,1,0,-1,0,-2,-1,0,-1,0
9.840610,1,-1,-1,1,-2,-1,-1,-1,0
9.855586,-1,0,-2,-2,-1,-1,-1,1,0
9.855593,-3,0,-1,1,0,-1,0,1,0
9.862269,0,-1,-2,-1,0,0,-2,0,0
9.862290,-6,-1,-1,-2,-1,0,0,-2,0
9.877296,0,1,-1,-1,0,1,0,-2,0
9.877324,0,-2,-2,-1,0,0,0,-1,0
9.879623,-1,0,-2,-2,-2,-1,-1,0,0
9.879631,-1,-1,0,-2,-1,0,-1,-1,0
9.900114,-1,0,0,-2,-1,0,-2,-2,0
9.900141,-2,-1,-1,-2,-1,-2,-3,-2,0
9.902050,-2,-2,0,-2,0,-2,0,-1,0
9.902054,0,-1,-1,-2,-1,1,-1,-2,0
9.923096,-2,-2,-1,0,-2,-1,-1,1,0
9.923132,-3,0,-1,1,1,1,-1,-1,0
9.925802,2,0,-2,1,-1,-2,-1,-1,0
9.925814,3,0,-2,2,0,-2,-1,1,0
9.937617,13,1,-2,-1,0,1,-1,0,0
9.937655,-17,-3,-2,-2,0,-2,-1,-2,0
9.938275,4,2,0,0,0,-1,-1,0,0
9.938297,-17,-6,-1,-1,0,-1,-1,-2,0
9.959731,2,0,-2,0,-1,-1,0,-1,0
9.959751,5,-1,0,0,-1,-1,0,-1,0
9.961562,1,1,1,0,-1,0,-1,0,0
9.961567,2,0,-2,0,0,-1,-2,0,0
9.982888,-6,-4,-2,-2,-1,-2,-1,0,0
9.982909,5,0,-1,-1,-3,-1,-1,-2,0
9.983533,-5,-2,-1,-1,-2,-2,-2,-1,0
9.983547,3,-1,0,-1,0,-1,0,-2,0
9.997175,-6,-3,-1,1,1,-1,-1,1,0
9.997192,1,-1,0,0,1,0,0,-1,0
9.998031,-1,-1,-2,-1,-1,-1,0,1,0
9.998045,2,0,0,-2,-4,-1,-1,0,0
12.022572,82,51,-1,-1,-2,-8,-9,22,2
12.023157,-74,-81,6,-3,-5,-3,7,-5,2
12.029365,74,97,7,5,9,11,-1,21,2
12.029454,-22,-57,-12,-3,-11,-20,-5,-14,2
12.045698,15,-10,3,0,8,-5,5,-1,2
12.047926,-16,15,-5,-3,-3,18,-9,-22,2
12.047934,-26,-8,-6,0,2,-2,27,54,2
12.047936,16,1,1,0,-9,-13,-13,-19,2
12.067796,3,-32,-8,-5,2,-5,-2,-8,2
12.067818,-26,-31,-2,-1,-3,0,1,9,2
12.069317,-18,-39,5,2,-21,4,-6,-66,2
12.069333,-11,36,-2,-2,29,-19,-4,2,2
12.082759,31,6,4,2,16,7,-6,43,2
12.082779,-59,52,-4,-3,-22,-20,-5,-26,2
12.089193,70,3,-6,-5,3,4,0,-35,2
12.089226,17,-27,-2,0,-21,-6,7,-3,2
12.105348,-34,-58,-1,0,2,-7,-7,-6,2
12.105368,16,3,-3,1,9,6,0,19,2
12.106961,-43,111,2,-1,-10,-4,-16,-48,2
12.106972,6,-36,-4,-1,-1,-10,-5,4,2
12.127790,40,66,8,0,0,0,-1,20,2
12.127799,11,-32,-8,1,7,58,23,36,2
12.129353,20,-56,-10,-9,-14,-45,-8,-2,2
12.129369,5,65,8,3,0,1,7,-11,2
12.142973,-40,12,0,1,-18,-7,-16,24,2
12.142983,53,11,3,-2,17,10,10,41,2
12.149168,-24,20,-7,2,8,10,-4,-30,2
12.149190,0,15,4,2,-2,-6,-1,19,2
12.165361,18,26,-2,-4,-14,3,-5,-41,2
12.165385,4,-88,-7,-1,-7,-11,1,-15,2
12.166858,4,2,-5,-3,5,11,-11,22,2
12.166865,37,-20,1,-1,-21,-8,9,25,2
12.189224,-29,1,2,-1,23,-1,-11,-25,2
12.189233,-2,27,4,3,-7,-5,-4,-4,2
12.189341,-15,-31,-2,-3,6,7,-6,-13,2
12.189403,2,60,6,2,1,3,15,45,2
12.202238,-10,-35,-1,-3,0,-4,-11,-17,2
12.202260,18,-25,7,3,-3,-8,-1,-2,2
12.209050,-20,-32,-2,-2,-5,5,12,35,2
12.209074,25,24,-10,-5,1,-10,-17,19,2
12.225409,-22,-23,-1,2,3,2,2,10,2
12.225451,-37,2,0,-2,-36,-11,-3,-4,2
12.226902,3,12,7,2,31,12,1,2,2
12.226918,7,27,3,1,-1,-3,6,-13,2
12.247824,7,-1,-2,0,7,-3,-5,-21,2
12.247847,-24,49,5,1,15,11,0,-8,2
12.249384,44,-52,10,3,-29,-13,1,38,2
12.249516,-68,-28,-14,-10,-6,8,4,-29,2
12.262972,9,-34,-18,-6,-8,-5,-1,-4,2
12.262994,-26,34,-3,-4,6,-5,-1,3,2
12.269390,-69,-4,1,1,-1,-10,-1,-21,2
12.269547,61,-38,1,-2,16,40,19,-2,2
12.286000,-39,-1,1,1,-20,-8,-5,-30,2
12.288009,-37,38,1,0,5,-4,0,25,2
12.288018,37,1,-3,-2,6,10,7,14,2
12.288020,-35,0,-4,-4,-17,-29,-24,-44,2
12.308054,-20,4,0,5,6,13,0,-2,2
12.308070,62,-34,4,0,28,5,13,3,2
12.309370,106,112,9,2,-8,-13,-6,43,2
12.309383,-91,-82,-24,-11,-5,-4,-23,-76,2
12.321672,61,-19,-4,4,29,7,2,-3,2
12.321691,51,39,8,-1,-34,1,-2,19,2
12.332437,35,-26,-9,-2,1,12,-2,-23,2
12.332443,-25,53,11,5,5,-4,5,29,2
12.345326,-7,22,7,1,2,-1,-3,-34,2
12.345339,-8,-24,-6,-3,-2,-8,-2,24,2
12.346825,-43,32,1,-1,3,8,-5,-71,2
12.346844,9,-48,4,3,4,1,0,13,2
12.367838,-14,-20,-9,-6,-6,-9,-11,42,2
12.368146,22,38,2,3,1,5,18,-33,2
12.369894,23,-19,4,-1,0,-1,3,13,2
12.369903,4,44,-1,0,-21,-8,-1,21,2
12.381745,-65,-54,-6,0,21,-14,-5,-36,2
12.381768,13,-39,-18,-9,1,55,-7,-14,2
12.391444,-33,-23,0,1,-4,-28,-2,16,2
12.391451,68,66,1,-1,-11,-6,-2,36,2
12.405926,-12,-17,12,3,3,6,8,-5,2
12.405931,-28,-19,-2,2,4,-7,-8,-6,2
12.407120,-36,-9,-8,-3,-5,8,0,-23,2
12.407140,-12,9,10,4,12,5,-3,7,2
12.427917,52,51,0,-5,-12,-8,11,65,2
12.427936,9,53,8,3,17,-22,-26,-93,2
12.430114,20,-32,5,-1,-14,21,10,50,2
12.430118,-14,-95,-23,-6,-6,-15,-8,-31,2
12.441564,57,21,0,0,14,8,-5,-13,2
12.441587,38,15,-1,-3,-43,-13,7,61,2
12.453228,-40,39,8,4,47,7,-7,-22,2
12.453238,58,18,3,3,26,-15,-12,-12,2
12.465757,-53,-6,-9,-5,-23,36,8,-9,2
12.465788,24,-46,0,-1,0,-10,3,33,2
12.467810,-29,-42,-6,-3,-7,-5,-6,-33,2
12.467819,6,18,5,2,-1,2,11,15,2
12.488034,9,0,-2,-2,-1,-17,-9,-4,2
12.488061,64,37,3,-2,1,-11,-6,6,2
12.489906,2,-6,-6,-1,-5,8,5,42,2
12.489922,-117,-32,-8,-4,0,0,-9,-93,2
12.501696,108,-9,0,-2,-13,-7,1,37,2
12.501712,-50,-6,-5,-6,-10,-47,-10,-52,2
12.512032,64,0,-2,-4,-24,-21,5,91,2
12.512041,4,15,4,2,-35,7,-5,18,2
12.525482,-33,17,2,0,41,8,2,0,2
12.525498,-8,-25,-2,1,4,-11,-8,-3,2
12.527652,5,-11,-10,-3,3,16,-3,-18,2
12.527700,-10,33,7,3,26,4,12,38,2
12.547809,67,13,4,-5,-63,-5,-4,41,2
12.547826,-18,-5,-3,4,23,11,13,0,2
12.549556,17,20,-1,-1,0,-4,-2,-20,2
12.549571,18,20,-1,-3,6,8,-6,29,2
12.561427,21,0,4,0,3,0,1,4,2
12.561436,-54,-46,-5,-2,1,9,-1,9,2
12.572877,-12,20,-6,-2,-7,-3,-4,-40,2
12.572886,16,-7,-3,-3,5,15,-3,45,2
12.585590,-58,22,4,2,-29,-11,6,-6,2
12.585620,-33,3,0,0,21,1,-6,-2,2
12.588013,-33,10,-6,-3,8,8,7,21,2
12.588018,6,-30,1,-1,0,-17,-6,-15,2
12.607914,13,9,-2,0,0,-2,1,-15,2
12.607930,3,42,14,5,-3,8,-8,-12,2
12.609298,-33,-42,-5,-1,-3,-43,2,-18,2
12.609308,70,20,-1,-4,-4,59,15,35,2
12.622915,-31,-29,-7,-2,4,-1,-3,-73,2
12.622920,-12,-7,-2,-2,-19,15,3,-1,2
12.632567,1,31,4,-3,12,2,-22,-9,2
12.632572,42,-18,-6,0,-15,-30,11,-10,2
12.645438,-53,-1,7,3,11,0,-6,31,2
12.647783,28,-1,-6,-4,0,4,15,16,2
12.647791,21,31,7,0,-23,0,-7,-6,2
12.647793,70,-70,-16,-6,18,-8,-7,-49,2
12.669830,4,0,1,1,5,17,6,10,2
12.669837,98,6,-1,-1,-7,-6,-1,30,2
12.669840,-108,-52,0,0,1,2,-1,-7,2
12.669842,15,45,3,-2,-4,-6,-6,-2,2
12.681962,-7,17,1,1,5,-7,0,-7,2
12.681996,26,-15,-4,-3,6,-2,-4,6,2
12.692683,7,-26,4,1,-17,12,3,-15,2
12.692690,-100,26,11,3,-8,-6,4,12,2
12.705393,47,-14,-9,-1,9,-7,-11,-29,2
12.705416,-10,32,-1,-2,-11,1,-18,-37,2
12.707710,-28,2,0,2,6,-1,0,-6,2
12.707719,54,-45,-3,-1,5,-7,-3,13,2
12.727912,-50,17,8,2,-4,3,4,19,2
12.727934,-14,-13,-3,-3,-34,-12,-2,-20,2
12.730236,64,18,-5,-3,36,6,2,18,2
12.730244,-45,4,2,0,-5,-9,-5,-15,2
12.750792,9,5,-1,-4,2,-4,2,-8,2
12.750820,-40,-44,-8,-2,1,-1,-8,-1,2
12.753882,28,34,2,-1,-20,1,0,20,2
12.753894,-39,46,11,3,5,-34,3,13,2
12.765338,5,-68,-15,-9,-18,42,2,-13,2
12.765391,30,8,-2,-1,16,-4,9,35,2
12.766772,24,-3,4,0,-11,4,3,-1,2
12.766786,-14,18,2,2,3,4,-3,8,2
12.787974,-54,-20,-5,-2,14,-19,-11,-31,2
12.787993,-21,35,0,-1,11,8,7,42,2
12.789622,76,-52,-8,0,-12,3,-4,-55,2
12.789652,14,34,2,2,5,2,2,1,2
12.810598,-80,3,2,0,7,-8,-3,-18,2
12.810615,19,-29,-7,-3,1,7,0,-11,2
12.812011,56,23,-1,-2,2,-9,-7,32,2
12.812100,-57,-21,-6,-3,-14,-3,-3,-16,2
12.825351,39,22,3,2,-1,-8,2,4,2
12.825368,-39,1,2,-1,-4,-2,0,-1,2
12.826897,-12,15,2,1,2,0,-5,-10,2
12.826914,21,6,3,0,-10,-10,2,-14,2
12.847964,-45,-75,-20,-7,3,14,1,15,2
12.847982,27,42,7,0,2,7,8,21,2
12.849299,34,-42,-2,1,-14,-6,2,-14,2
12.849321,-68,-8,-7,-3,2,2,-6,-51,2
12.872119,52,35,6,1,-6,-23,-15,10,2
12.872132,2,18,-1,-3,-40,23,17,35,2
12.872135,-35,48,2,1,48,1,-5,-102,2
12.872137,44,-20,-10,-5,-4,23,3,21,2
12.888145,42,33,-1,-4,-3,-12,-2,2,2
12.888153,-75,-48,-1,2,-8,-12,-9,-9,2
12.888156,3,41,3,-2,-5,2,4,15,2
12.888158,13,-14,5,1,-14,1,3,13,2
12.907845,0,18,5,4,24,5,0,2,2
12.907860,9,11,-1,-3,5,-20,7,-26,2
12.910261,-9,-32,-11,-5,-7,-1,0,16,2
12.910270,62,-4,-1,-2,5,-15,-12,3,2
12.930455,21,1,8,0,-10,20,15,24,2
12.932559,3,-58,-7,-2,10,3,-12,-36,2
12.932565,20,9,2,1,3,2,3,-9,2
12.932567,-79,-30,-8,-4,-3,-3,-9,-30,2
12.945113,44,-1,-5,1,1,-7,1,-56,2
12.946803,-59,58,3,1,10,-2,-15,-19,2
12.951458,-18,-76,-9,-4,-21,-3,7,9,2
12.951480,30,10,4,2,61,1,2,4,2
12.967809,33,20,3,-1,-18,-1,-7,8,2
12.967820,-3,-41,-3,0,-12,-3,-4,-2,2
12.969814,-42,22,3,0,0,-4,-3,29,2
12.969844,80,-1,-2,-1,-10,8,3,-2,2
12.990614,-94,-42,-15,-8,-10,-7,9,34,2
12.990662,49,28,4,1,33,-1,-5,26,2
12.992260,-43,-23,-2,-1,-4,-2,0,-56,2
12.992264,27,32,5,2,-22,2,5,45,2
13.004746,-41,-3,4,4,3,3,3,10,2
13.004763,71,-19,-9,-4,-6,-8,-9,-40,2
13.011889,-5,-3,-6,-2,6,-7,-1,8,2
13.011919,-28,57,5,1,-2,6,-2,-32,2
13.028199,52,-50,-5,-4,-30,-15,-8,15,2
13.028205,5,25,3,2,57,2,8,11,2
13.029350,-44,13,-3,-1,-20,2,-4,25,2
13.029399,-43,-18,-6,-3,-5,0,-4,-5,2
13.050560,28,37,4,1,-8,2,-11,39,2
13.050582,49,18,6,2,-3,10,12,35,2
13.053516,-5,-8,-5,-3,8,-9,-13,-72,2
13.053530,-14,2,0,-1,-30,-1,1,59,2
13.065417,-11,-58,-8,-3,17,-5,-9,-80,2
13.065447,20,17,6,1,-10,6,5,7,2
13.071550,-2,30,-3,-2,7,0,-5,37,2
13.071569,33,-54,-1,0,-38,-4,3,3,2
13.088490,22,49,9,3,37,11,3,-8,2
13.088520,-21,-35,-7,-1,5,-6,-3,7,2
13.090296,18,-17,0,0,6,1,-1,15,2
13.090309,-93,-21,-6,-5,8,-2,-3,-33,2
13.110711,33,44,3,-1,-22,-5,0,17,2
13.110830,9,7,3,-1,-11,-4,-9,-6,2
13.112990,-16,-8,-10,-6,-10,-1,-2,6,2
13.112994,-8,8,-2,-1,12,3,0,8,2
13.124996,-28,3,0,2,16,-6,-2,-37,2
13.125039,-39,-9,-5,-2,-10,-2,1,43,2
13.131853,-35,13,4,0,-3,-2,-5,-3,2
13.131882,52,14,-5,-3,9,-2,-3,-13,2
13.148210,6,-22,-4,-5,-1,-6,1,19,2
13.148245,-29,12,1,-2,-14,2,-10,-43,2
13.151591,87,22,7,2,19,2,6,41,2
13.151597,-85,10,2,6,42,-9,-9,-14,2
13.170427,-71,-36,-8,-6,-58,23,8,15,2
13.170460,33,-7,-15,-5,7,-2,-13,-15,2
13.172082,19,8,-3,-3,-9,-2,18,17,2
13.172101,63,11,4,2,-2,2,-1,-9,2
13.189413,19,15,2,1,3,-11,1,22,2
13.189449,-24,-18,3,1,-8,-4,4,-21,2
13.191668,-26,28,6,2,-2,6,-1,14,2
13.191707,16,-7,-5,-4,-2,-6,-7,-14,2
13.207909,39,-10,-1,1,11,-4,3,10,2
13.208877,-28,46,-5,-4,-11,-5,0,25,2
13.209331,-12,-48,2,1,-11,1,-4,-31,2
13.209339,54,9,2,0,15,-1,8,61,2
13.230517,-54,-20,-7,-3,1,-3,-15,-49,2
13.230538,40,30,6,6,13,-2,9,0,2
13.232222,-58,-20,-5,-4,-8,2,5,36,2
13.232288,10,-42,2,0,-12,2,2,-35,2
13.244620,68,30,2,0,5,-1,2,19,2
13.244630,-53,-29,-3,-1,-10,5,-2,7,2
13.253717,33,7,1,1,9,-15,-12,-1,2
13.253732,22,42,4,1,-4,26,20,-11,2
13.267971,-67,-27,-6,-2,11,-9,-13,-32,2
13.267994,-31,-30,-4,-3,-16,3,3,-21,2
13.269674,45,13,-3,1,-23,0,-7,19,2
13.269691,-52,0,6,-3,-1,-9,-14,-2,2
13.290554,-24,-16,1,3,6,-2,12,23,2
13.290575,83,26,-3,-2,5,-4,-8,-35,2
13.291970,-6,-57,-9,-3,-2,-5,-4,-28,2
13.292025,1,25,-1,0,-18,3,-2,25,2
13.304168,16,15,3,0,8,2,0,5,2
13.304194,-21,6,5,0,9,-5,0,1,2
13.313986,48,33,8,2,7,8,0,11,2
13.313992,-56,-28,-10,-2,-7,-15,-3,-27,2
13.327816,-6,-3,-4,-4,-4,-1,-6,93,2
13.327835,9,-27,-8,-4,1,-6,-13,-83,2
13.329308,-98,-6,0,-1,5,2,-5,28,2
13.329318,39,22,7,0,-1,-4,5,17,2
13.350421,31,-33,-5,-1,5,14,-2,-14,2
13.350437,4,-22,-1,-2,-16,-8,1,12,2
13.352234,63,36,-2,-3,3,3,4,-7,2
13.352245,-7,-17,-7,-2,-2,-2,-1,-20,2
13.364082,7,21,-1,0,2,-8,2,-2,2
13.364104,-24,1,5,-1,-4,1,1,16,2
13.372904,55,9,5,1,14,4,3,-19,2
13.372924,-14,-2,-9,-1,3,0,-3,23,2
13.388313,17,22,1,1,7,-1,0,-7,2
13.388322,-66,-43,-7,-5,-19,0,-5,-9,2
13.389435,-28,18,-3,-2,3,-3,1,20,2
13.389447,27,8,-1,0,3,0,-10,-55,2
13.410437,-57,18,8,2,-17,-3,1,-18,2
13.410460,117,31,8,4,13,-2,2,41,2
13.412395,-128,-78,-20,-7,-5,-1,11,-9,2
13.412399,32,-37,-9,-4,-5,2,-2,32,2
13.424589,37,12,0,-2,-1,-2,-4,-29,2
13.424619,-56,8,2,3,-40,-5,8,15,2
13.434450,67,42,8,1,48,-1,0,19,2
13.434459,-14,-11,0,-1,-8,0,-5,-33,2
13.448288,-5,19,2,2,6,-2,4,-5,2
13.448321,-27,51,7,1,9,-3,-5,29,2
13.450701,72,-80,-10,-6,-31,-3,-3,-3,2
13.450710,-103,-26,-1,2,-10,0,5,-6,2
13.470792,43,17,2,-1,18,-4,-4,-12,2
13.470828,-10,34,-2,-3,5,-1,-4,-15,2
13.473286,-2,-26,2,-1,-9,-2,-5,9,2
13.473295,3,7,4,-1,9,-1,-4,-24,2
13.484219,43,2,-4,-1,-10,-2,1,4,2
13.484239,13,-16,-5,-2,6,0,2,9,2
13.493232,-90,44,13,5,3,2,0,-9,2
13.493239,17,31,5,-2,-27,-29,-5,63,2
13.509440,-102,-95,-22,-7,29,24,-20,-72,2
13.509463,1,-2,-2,-1,3,-12,1,-38,2
13.511393,63,20,0,3,1,7,11,21,2
13.511397,38,37,3,0,7,-4,-6,16,2
13.530432,25,36,5,1,-16,-5,-3,16,2
13.530450,22,-17,1,0,3,4,-1,19,2
13.532010,-66,9,2,1,7,-1,-6,-40,2
13.532117,5,-35,-10,-4,-1,3,-2,18,2
13.543980,45,2,-1,-2,-12,-4,9,-16,2
13.543993,-68,-58,-9,-5,6,5,-1,7,2
13.554751,43,22,1,0,-11,-7,1,3,2
13.554757,42,9,2,-1,11,7,0,-15,2
13.568545,-50,-2,2,-1,-52,-11,0,31,2
13.568577,52,0,0,3,33,0,0,-6,2
13.570970,3,9,-3,-4,-9,1,-3,-15,2
13.570980,-50,-31,-8,-5,14,6,2,1,2
13.592601,49,36,4,4,-3,-5,4,17,2
13.592608,34,22,2,1,-10,3,4,-2,2
13.592610,16,-21,-6,-6,0,-33,-11,5,2
13.592612,-62,-53,-5,-2,5,42,-11,-15,2
13.604278,61,37,-2,-3,-7,-4,2,-29,2
13.604311,-9,12,-1,-1,3,2,9,34,2
13.614865,23,2,-2,-2,-1,-2,1,-19,2
13.614871,4,32,9,4,-7,-9,3,4,2
13.627913,-1,-4,3,-2,-26,-1,-4,3,2
13.627933,-42,6,0,4,35,6,-8,18,2
13.629264,13,-40,-1,2,-13,5,1,-1,2
13.629289,-2,-2,-3,-1,7,-8,-2,-8,2
13.650256,17,-14,-2,-4,7,1,4,20,2
13.650272,-36,0,-4,-3,-18,-6,-1,9,2
13.651742,-25,39,4,1,-10,1,-5,-15,2
13.651753,92,1,-4,-2,1,1,5,9,2
13.664296,-70,-1,1,0,15,-7,-2,3,2
13.664318,-22,-10,7,1,-4,-17,-6,-6,2
13.673824,-73,-15,-20,-7,0,29,6,9,2
13.673828,95,15,-5,-3,-17,-10,2,13,2
13.687970,-89,-34,2,-1,7,-5,-1,-26,2
13.687994,2,7,-4,1,-6,3,-5,-22,2
13.689616,-1,5,6,1,-2,-4,-1,-5,2
13.689641,3,19,2,1,-5,-6,3,-2,2
13.711025,-6,1,-1,-2,42,5,2,35,2
13.711054,-10,16,-2,-1,-11,3,2,-5,2
13.712738,-22,1,2,-1,-1,-6,-9,-2,2
13.712742,13,54,8,3,9,3,15,14,2
13.732811,-65,-49,-5,-1,-3,-5,-6,-9,2
13.732826,86,-9,-4,-1,-1,6,-6,15,2
13.734242,27,-1,-1,-2,-7,0,5,30,2
13.734253,6,15,3,-2,1,-4,-2,-21,2
13.747781,42,6,4,1,-25,2,1,-16,2
13.747795,57,-4,-4,-2,2,0,0,-2,2
13.749254,-24,-3,-5,-1,4,-2,-7,-10,2
13.749270,-11,-17,-1,0,1,-1,1,11,2
13.770810,36,9,-4,-1,3,-3,0,-3,2
13.770848,-22,-6,-1,-3,-5,2,3,7,2
13.773168,39,19,5,2,4,-3,0,-10,2
13.773179,-16,10,3,2,0,0,-1,26,2
13.792915,3,13,-5,-1,-14,-4,-9,-55,2
13.792922,25,-6,-2,0,5,0,1,-14,2
13.794305,20,-3,-1,-2,-1,-3,-4,-6,2
13.794319,-56,-5,-5,-2,6,-14,-10,-8,2
13.808781,-17,-39,-2,0,0,30,14,25,2
13.808789,-14,27,2,-1,4,-3,-4,-20,2
13.809389,19,17,7,0,1,-3,0,30,2
13.809396,53,-3,-8,-4,-36,-9,20,-22,2
13.830794,6,-27,-2,1,9,-11,-10,-24,2
13.832925,-54,-32,-3,-2,-2,2,-4,-12,2
13.832932,34,81,10,0,15,6,2,13,2
13.832934,-106,-104,-7,-1,-3,2,-4,-10,2
13.854659,14,29,-2,-4,0,-7,-2,42,2
13.854670,-10,-13,-4,-1,-3,-1,-2,-68,2
13.854672,-31,-26,-3,-1,-9,-5,-3,-3,2
13.854674,11,43,6,0,9,1,-6,7,2
13.867239,65,21,-1,0,4,-2,-2,-8,2
13.867261,-58,-47,-5,-5,-12,-3,-3,-13,2
13.874022,33,53,4,0,28,-2,0,8,2
13.874039,25,-96,-8,-4,-3,-7,-4,-61,2
13.890694,27,8,1,0,6,8,1,49,2
13.892318,-8,20,0,-3,-9,-6,-3,8,2
13.892323,-4,-15,-7,-4,5,-4,-5,-48,2
13.892325,-25,-17,0,-1,-7,-2,-7,20,2
13.920525,9,39,3,-1,-11,0,15,-25,2
13.920544,-38,-11,-2,-1,8,-11,-18,-50,2
13.922246,-20,-54,-1,-1,-3,6,3,-3,2
13.922251,43,-3,-7,-4,9,0,-11,-8,2
13.927246,-29,19,1,-1,-9,-2,4,7,2
13.927263,7,0,5,2,-2,4,3,18,2
13.934021,-11,4,-2,3,-4,0,-2,1,2
13.934041,-34,-2,5,2,-15,2,2,5,2
13.951426,34,22,2,-1,39,-2,-6,-6,2
13.951549,20,-32,-2,-2,-4,-2,6,34,2
13.952153,-54,-5,-2,-1,-6,-3,2,15,2
13.952256,21,42,4,0,-2,5,0,-13,2
13.972886,12,-13,-1,-2,-16,-26,-9,7,2
13.972910,-5,49,3,0,11,27,7,16,2
13.974464,34,-8,-1,-2,10,-2,12,8,2
13.974472,20,17,0,0,-13,13,-14,-9,2
13.987630,-52,-37,-3,-1,14,2,3,-2,2
13.989287,-13,-22,-3,-1,-5,-8,0,40,2
13.994033,-46,12,-2,-1,-15,-4,-11,-28,2
13.994050,-25,20,-1,0,13,-1,-1,20,2
14.011055,76,-4,1,2,7,9,0,40,2
14.011060,28,18,1,0,-7,-8,4,-33,2
14.011841,-6,-42,-4,-1,0,5,0,22,2
14.011886,-60,28,4,1,-26,-9,0,2,2
14.032982,-8,-4,-2,1,18,9,5,-1,2
14.033005,14,-10,1,-1,-6,-2,-2,40,2
14.034667,-24,40,-2,-3,-2,-4,-6,-46,2
14.034713,48,-77,-8,-4,3,-13,3,-1,2
14.047910,-121,8,2,-1,-17,7,3,30,2
14.047932,1,52,2,-1,1,-3,-16,-23,2
14.054096,68,-58,-4,-2,-6,0,9,14,2
14.054181,-20,41,-1,-2,-7,-6,-9,21,2
14.070902,86,29,3,0,3,3,3,-25,2
14.070953,-78,-65,-5,-4,1,-4,1,-16,2
14.073338,21,9,-2,-1,-11,0,1,26,2
14.073345,9,69,4,-3,-24,-3,0,-2,2
14.092972,15,-70,-6,2,24,-2,-3,10,2
14.092993,21,13,4,3,1,8,7,-36,2
14.094553,-27,0,-7,-5,6,-11,-16,-30,2
14.094569,50,-41,-11,-4,13,2,16,-1,2
14.107392,-115,-7,-5,-5,-44,-20,-15,-28,2
14.107450,76,24,-2,0,0,6,4,35,2
14.114303,-11,-11,4,2,-7,1,-2,-39,2
14.114325,0,-8,2,-1,20,5,2,39,2
14.130843,24,40,2,-1,-8,-10,-8,-52,2
14.130866,10,-89,-6,-3,4,-2,2,11,2
14.133248,-5,-3,1,-1,-9,1,-1,10,2
14.133253,12,35,7,4,11,2,0,-14,2
14.153071,-5,14,-1,-2,2,3,-3,2,2
14.153086,-32,-39,-5,-3,-15,-1,-16,-7,2
14.154564,35,10,2,0,15,-7,3,14,2
14.154591,-33,0,-4,-2,-6,13,0,14,2
14.167517,-22,5,-3,0,-7,0,1,29,2
14.167533,48,46,5,-3,2,-2,4,21,2
14.174090,79,-12,0,3,-3,-8,1,6,2
14.174107,-97,11,-16,-8,-3,5,-22,-53,2
14.190765,62,-41,1,1,29,5,11,7,2
14.190793,-3,16,-5,-3,-9,-5,4,0,2
14.193271,-5,0,5,1,1,2,-7,-8,2
14.193277,55,43,9,1,7,-5,13,21,2
14.213035,6,6,-3,-6,-16,-1,-3,13,2
14.213041,-50,-47,-1,3,3,-2,-2,-5,2
14.214319,5,11,-1,-3,1,1,1,1,2
14.214335,6,-9,4,-1,-6,-2,-4,-14,2
14.227009,-40,-37,-2,-1,9,-2,-6,1,2
14.227013,37,59,8,-1,0,3,4,30,2
14.236064,-41,-69,-7,-4,-17,1,16,0,2
14.236089,31,15,2,1,-12,-2,1,-13,2
14.250656,-31,-26,-7,-3,-4,-4,-4,4,2
14.250679,83,18,1,-1,1,3,2,0,2
14.251914,-8,46,1,-2,-6,0,-6,-14,2
14.252047,4,-14,6,4,14,-1,1,8,2
14.273107,-31,22,8,2,-10,-10,1,-17,2
14.273131,22,-69,-20,-8,16,18,-4,-7,2
14.274660,12,19,1,-1,-4,-12,-7,10,2
14.274665,12,-39,-6,-2,5,-4,-3,6,2
14.286628,19,64,6,2,-2,4,-4,11,2
14.286660,-51,-10,-2,-4,-17,-10,3,-3,2
14.297880,8,-10,-5,1,2,4,-3,18,2
14.297886,23,34,8,3,15,4,1,17,2
14.310863,-73,5,-4,-1,1,-6,-6,-30,2
14.310893,56,-77,-12,-7,-32,-6,7,-6,2
14.313880,-11,-49,-7,-5,20,1,-14,-13,2
14.313887,-38,8,-1,-4,-6,-2,4,0,2
14.332925,37,-8,-5,-2,-7,1,-1,8,2
14.333943,3,50,10,5,17,-6,-4,0,2
14.334333,-39,17,1,0,-3,4,3,-10,2
14.334369,6,-28,-3,-1,-2,-5,-5,-18,2
14.346822,40,2,0,-1,-1,1,0,4,2
14.346839,-21,40,9,6,-13,2,1,16,2
14.356404,23,10,8,2,27,-8,2,-16,2
14.356424,-73,-90,-19,-6,2,0,-10,-48,2
14.370410,127,61,-3,-5,-11,5,-1,36,2
14.370421,-121,-86,-9,0,0,-7,5,-13,2
14.371961,3,11,1,1,-11,-4,-1,38,2
14.371977,4,24,4,2,1,-4,-1,-4,2
14.392898,-13,21,5,3,9,9,7,-2,2
14.392913,12,69,7,0,-5,-12,-11,-27,2
14.395437,54,-44,-7,1,-4,0,3,24,2
14.395444,-68,-34,1,-1,8,1,1,-4,2
14.406698,2,-11,-3,-1,-13,-7,-1,-12,2
14.406723,62,73,8,0,12,3,-2,8,2
14.416923,-80,-14,-1,0,-13,4,5,13,2
14.416930,51,22,-6,-3,11,-1,-7,-42,2
14.432483,-4,-7,4,0,-25,-24,-5,48,2
14.432489,30,6,-9,-5,31,27,2,-68,2
14.432491,-57,-48,-8,-4,-7,3,1,-32,2
14.432493,56,-36,4,2,-12,-1,2,-7,2
14.453245,-46,-22,-5,-2,2,-12,-11,28,2
14.453271,7,-14,2,0,-8,-6,5,17,2
14.455310,33,36,1,-2,-8,0,-4,7,2
14.455317,-22,30,4,3,8,1,3,13,2
14.466872,9,-15,1,-2,-5,6,1,2,2
14.466893,3,76,7,3,-4,-8,-8,43,2
14.475662,56,-24,-13,-7,-3,-2,0,-40,2
14.475666,-60,-7,-6,-3,-7,-2,-8,19,2
14.490710,-41,-110,-12,-4,4,10,12,-49,2
14.490728,-32,12,0,0,-3,-15,-5,-49,2
14.492374,-15,55,7,2,0,-7,1,12,2
14.492380,52,44,8,1,-1,10,4,43,2
14.514544,79,30,2,2,0,3,2,-41,2
14.514670,-122,-40,-3,0,19,-3,1,34,2
14.515716,53,12,4,0,-39,3,-3,29,2
14.517117,-67,2,-5,-4,36,-6,-5,-12,2
14.526494,-32,-35,-3,1,22,6,-14,-25,2
14.526511,78,-16,-1,-2,-17,-1,19,36,2
14.536787,-52,74,-1,-4,15,-7,-19,2,2
14.536881,-2,-53,-5,-3,-24,-2,11,9,2
14.551478,-45,19,-2,-3,-6,0,-10,-13,2
14.551508,1,-18,-7,-2,2,-5,-6,-1,2
14.554453,19,-16,1,-1,-6,1,4,1,2
14.554459,31,10,-1,-3,-6,-1,-6,-16,2
14.572824,10,19,1,-1,0,-3,2,1,2
14.572845,15,-54,3,0,-10,0,-2,12,2
14.574378,27,55,2,-2,3,-1,0,-16,2
14.574397,-27,-87,-21,-5,-1,1,1,-16,2
14.588666,4,18,4,2,3,-2,0,2,2
14.588674,-36,3,0,-1,-35,-3,-5,-30,2
14.597298,24,31,12,6,35,-6,-2,73,2
14.597309,58,70,3,-2,-8,12,-2,49,2
14.610620,86,-58,-18,-7,-13,-8,11,17,2
14.610643,-67,10,-7,-2,-5,0,-6,-12,2
14.613376,-24,-11,0,3,4,-2,-1,-31,2
14.613381,19,25,2,-1,-4,-3,8,45,2
14.632887,3,35,6,1,-5,3,-2,-2,2
14.632909,23,8,-1,-2,3,-3,-7,-10,2
14.635347,-36,-42,-4,-3,-2,4,3,-11,2
14.635354,2,26,11,1,-2,-8,-6,18,2
14.655460,19,-82,-8,-4,-2,2,-4,-29,2
14.655487,-41,-42,-7,-5,7,-8,0,-1,2
14.658186,18,50,2,0,-35,-3,-5,-25,2
14.658191,-59,1,-6,-2,29,3,-3,-15,2
14.670431,16,49,6,3,2,-5,2,5,2
14.670461,14,-19,-2,-3,-2,5,3,6,2
14.673290,-2,-24,-2,-3,-1,-5,-2,-9,2
14.673299,38,30,4,1,-10,-6,0,0,2
14.692830,-22,14,8,3,1,5,3,-1,2
14.692847,24,72,-3,0,13,-5,-4,53,2
14.694450,-6,-44,-6,-6,0,6,-15,-47,2
14.694462,27,-44,-5,0,-10,-2,12,-14,2
14.715661,-7,21,0,-1,16,3,2,8,2
14.715683,36,46,10,3,-8,2,-1,11,2
14.717056,-51,54,5,-1,7,7,6,-3,2
14.717073,-56,-105,-14,1,-1,-1,-13,-28,2
14.730562,-9,22,3,0,-9,-5,-5,-8,2
14.730579,32,15,0,-1,0,2,-1,-5,2
14.732658,4,-9,-1,-1,3,-1,9,-4,2
14.732663,24,35,4,-2,-6,-9,-10,-20,2
14.753258,-23,4,-1,-2,-41,-1,-2,61,2
14.753281,0,-33,-1,2,64,-26,-8,-8,2
14.754857,17,29,3,-3,-31,34,24,24,2
14.754869,-80,-58,-13,-4,-6,-6,-15,1,2
14.775474,30,-2,-5,-4,-4,1,5,25,2
14.775499,-23,-5,-3,-2,-11,-3,-4,-26,2
14.776927,24,-20,-5,-5,0,-15,-8,-37,2
14.777010,46,79,12,5,4,4,3,-5,2
14.790009,16,-11,1,-1,5,-1,-1,10,2
14.790041,6,-58,-6,-7,-13,1,0,12,2
14.796638,-45,15,-4,1,13,-5,-5,-7,2
14.796656,16,-31,1,-2,-10,3,3,-2,2
14.813171,-7,11,-2,-3,-5,-21,-9,-21,2
14.813190,-4,53,-2,-2,0,4,5,-24,2
14.815160,52,-51,-3,0,2,-12,-10,23,2
14.815167,-62,21,-2,-4,2,16,17,-29,2
14.835549,4,21,5,1,-1,4,2,5,2
14.835557,10,12,-1,0,-18,-1,-8,-3,2
14.837060,62,-83,-13,-3,12,-5,2,48,2
14.837085,-37,8,5,2,-4,-8,-2,-29,2
14.851017,12,31,2,0,15,3,-1,-8,2
14.851023,-5,-29,-3,-3,-15,5,4,-11,2
14.857031,-56,-4,2,-1,2,-1,1,36,2
14.857066,21,10,-2,1,0,-8,-8,18,2
14.873036,14,5,-2,-3,-1,7,1,-1,2
14.873053,30,-18,2,1,-10,-3,3,19,2
14.875253,-34,8,-6,-4,-2,1,-4,1,2
14.875260,55,6,-2,-3,1,-6,0,15,2
14.897533,-67,33,7,3,13,-13,-9,-1,2
14.897540,25,-21,-4,-5,-34,21,0,-16,2
14.897543,-5,28,2,3,15,2,-1,-9,2
14.897545,7,24,7,3,-12,4,4,35,2
14.910295,-32,-44,-7,-3,0,0,-5,-79,2
14.910325,-57,-14,-2,-4,8,-7,-5,4,2
14.916920,9,11,0,-4,-20,-1,-5,-2,2
14.916947,3,45,3,-1,4,-4,1,-5,2
14.932879,4,-35,-5,0,1,2,3,5,2
14.932901,-24,0,1,2,0,-1,-5,-50,2
14.934476,-85,-14,-8,-2,3,0,4,-23,2
14.934481,81,69,5,0,5,0,-6,17,2
14.955692,-79,-101,-10,-4,-1,-6,6,-9,2
14.958355,17,52,7,2,7,4,0,11,2
14.958372,38,-2,2,-2,-2,-12,-7,-25,2
14.958376,33,-2,-9,-2,-23,7,0,-4,2
14.970150,20,11,-3,0,52,13,14,40,2
14.970182,75,-35,-2,0,20,-2,0,-5,2
14.976509,-31,-4,1,0,-20,3,-2,11,2
14.976525,-38,-46,-1,0,-4,-13,-5,-9,2
14.992843,-46,39,3,-2,-13,1,-7,10,2
14.992918,10,21,3,3,5,1,10,18,2
14.994385,17,16,3,1,14,-3,-1,25,2
14.994397,21,7,1,1,-1,-3,0,2,2
15.015326,-3,-61,-8,-3,-9,-1,-7,-46,2
15.015349,-73,-19,-2,-2,3,-1,-4,31,2
15.016801,37,-7,-6,-1,-9,2,-6,-39,2
15.016809,31,8,-5,-4,3,-3,1,-25,2
17.039846,-1,8,4,1,-1,-2,1,0,0
17.040197,-1,0,0,0,-2,0,0,0,0
17.041320,2,-2,-2,-7,-1,-1,-2,-1,0
17.041368,1,17,1,1,-1,-1,-1,0,0
17.054067,-2,-24,-12,-1,1,-1,-2,-1,0
17.054087,-2,7,12,1,0,0,-1,-1,0
17.061645,0,1,-2,1,-1,-2,0,-2,0
17.061668,0,1,-1,-4,-3,0,-1,2,0
17.077147,-3,-2,3,2,0,-3,0,-2,0
17.077170,2,3,-6,-1,-1,-1,-1,-1,0
17.077951,1,-11,-3,-2,-1,0,-2,-1,0
17.077967,0,2,6,-2,-2,-1,0,-1,0
17.099642,2,-3,-6,-1,0,1,-1,0,0
17.099653,-3,-3,-4,-3,0,0,1,-2,0
17.100197,0,-2,0,3,-2,-1,-1,-2,0
17.100211,0,7,-3,-2,-1,0,-1,-1,0
17.122291,-1,-4,9,-2,-1,-1,-1,-2,0
17.122330,-1,-2,-1,-1,0,-1,1,0,0
17.124589,0,1,0,-2,0,-2,0,-1,0
17.124599,-2,-2,-4,-1,-2,0,-1,-3,0
17.137288,-3,10,-2,-3,0,0,-3,-2,0
17.137309,-2,-2,-8,3,-1,-1,-1,0,0
17.138447,-4,-3,6,2,0,1,0,1,0
17.138452,2,17,-3,-1,0,0,-1,-1,0
17.159617,-2,-20,-1,-5,-4,0,-1,-2,0
17.159625,0,-5,-3,-5,-2,-1,-2,-1,0
17.160228,-1,5,-1,4,-1,-1,-2,-1,0
17.160235,-1,-12,-3,-2,-2,0,-1,-1,0
17.182190,-1,0,5,1,-1,0,0,-1,0
17.182212,0,5,5,-3,-1,-2,-1,-2,0
17.183493,0,-6,-3,-1,-1,0,0,-1,0
17.183505,-2,-1,-5,0,-1,-2,-1,-1,0
17.197497,1,2,-1,-1,-2,-2,-3,-1,0
17.197521,-3,0,-1,0,-1,-2,-1,-2,0
17.198380,1,10,-4,-2,-1,-2,-2,-4,0
17.198384,-4,-22,2,2,0,0,-1,-1,0
17.222337,2,4,-3,-2,0,0,0,-1,0
17.222344,-2,-1,1,1,1,1,-2,-1,0
17.222345,-4,-6,0,-2,0,0,-1,0,0
17.222347,-4,-4,-5,0,0,0,-2,-2,0
17.252335,0,-13,-2,-1,-2,-2,0,-1,0
17.252354,1,19,-5,-2,-1,0,0,0,0
17.252358,-3,-10,1,-3,-3,0,-1,-2,0
17.252362,-1,1,3,0,-1,0,-2,-1,0
17.257362,-4,3,-4,-2,-1,-1,0,-1,0
17.257379,4,-2,-2,-3,-3,-2,-2,-1,0
17.258940,-9,-6,-2,-1,-2,-1,0,0,0
17.258945,1,3,2,1,0,-1,0,-2,0
17.280127,0,8,0,1,1,-1,-1,0,0
17.280157,-3,-6,0,3,0,0,0,0,0
17.281204,2,-2,0,-2,1,-2,-2,-2,0
17.281208,2,3,0,-4,-1,-3,-2,-2,0
17.302034,-4,3,-4,-1,-2,0,0,0,0
17.302045,-2,-4,2,0,-1,0,-1,-1,0
17.303081,7,0,-2,1,-2,-3,-2,0,0
17.303101,-4,0,-4,-2,-1,0,1,-2,0
17.317750,0,3,-5,-3,-2,-2,-1,-2,0
17.317779,0,-2,3,1,-1,0,1,0,0
17.320534,0,-1,-3,0,-2,-1,0,-1,0
17.320545,-2,-3,0,-3,0,0,-2,-1,0
17.339944,-1,1,4,1,0,-1,0,-1,0
17.339971,-2,-2,-3,-2,0,0,0,-1,0
17.341124,-3,-5,-3,-1,-1,1,-1,-1,0
17.341128,2,-1,-4,-2,-1,-3,-1,0,0
17.362152,0,3,1,0,-1,-3,-2,-1,0
17.362169,-3,-18,0,-1,-2,-2,-2,-1,0
17.362921,2,3,-3,1,0,1,-2,0,0
17.362945,1,18,3,-1,-1,0,-1,-1,0
17.377104,29,17,-1,-1,1,-1,0,-1,0
17.377119,-84,-15,-4,-2,-1,-2,-3,-4,0
17.378599,8,-26,2,-3,-1,-1,-1,-2,0
17.378603,-1,-12,-4,1,-2,0,0,0,0
17.399626,-1,0,0,0,-1,-1,-1,0,0
17.399642,18,7,2,-1,0,-1,1,-1,0
17.400522,-4,13,2,-1,0,-2,-1,0,0
17.400526,-4,-1,-3,-1,-1,0,-2,-1,0
17.423245,-1,-6,-5,-1,0,-2,0,0,0
17.423256,16,6,3,-1,-1,-2,-2,0,0
17.423259,-7,-2,0,0,-1,0,-2,-1,0
17.423262,11,0,-1,1,-1,-3,-1,-1,0
17.439294,-11,-4,-1,-1,-1,-2,-1,-2,0
17.439306,10,2,0,2,1,-1,-1,0,0
17.439311,3,4,-1,0,0,-1,-1,-1,0
17.439314,-6,-5,-1,-2,-1,-1,-1,0,0
17.459790,-10,-4,0,-4,-2,-1,0,0,0
17.459806,6,1,-3,-1,-1,-1,0,0,0
17.460273,2,-3,-6,-3,-1,-2,-2,0,0
17.460288,-4,4,11,1,-1,0,-1,-2,0
17.482673,7,-2,-1,-1,0,0,-2,-2,0
17.482703,49,11,2,-1,-1,0,0,2,0
17.484682,-48,-21,-10,-3,-1,-1,-1,-3,0
17.484685,-5,2,-2,0,0,-2,-2,-3,0
17.497621,-10,-2,2,-1,1,0,-1,0,0
17.497650,18,3,-3,-1,-3,-1,1,-1,0
17.498958,17,2,-2,0,1,0,0,2,0
17.498967,-2,14,-1,-4,-1,-2,-2,1,0
17.519971,-2,-9,5,2,-2,0,0,-2,0
17.519990,-10,-1,-6,-2,-1,0,-1,-2,0
17.520639,0,1,0,0,-1,-2,1,-1,0
17.520659,-2,-10,-4,-2,-2,0,0,0,0
17.542201,1,1,-3,-1,-1,-2,0,-1,0
17.542217,-10,-1,-2,-2,-3,-3,-3,-2,0
17.543322,-3,0,1,0,-1,-2,-2,-4,0
17.543415,8,-1,-2,0,-1,-2,-1,-1,0
17.557520,-3,-3,-7,-3,-2,0,-1,1,0
17.559482,-10,-5,4,1,0,0,0,-3,0
17.559486,7,4,2,-1,-1,-1,0,-1,0
17.559488,-4,-8,-5,0,0,0,-1,0,0
17.582227,-5,-5,-6,-2,-1,-1,-3,-1,0
17.582233,8,23,6,-1,0,-1,-1,-1,0
17.582235,-21,-19,1,-2,0,-1,-3,-2,0
17.582237,1,-3,-2,0,-2,-1,1,0,0
17.602937,-5,-16,-5,-1,0,0,0,-2,0
17.602967,3,21,1,-3,-1,-1,-2,0,0
17.603857,11,9,1,1,-1,0,-1,1,0
17.603884,-2,-5,-2,0,-2,0,-2,0,0
17.617508,-3,-3,1,1,-2,-1,0,-1,0
17.617539,-3,1,-2,-1,-1,-1,-1,0,0
17.620229,1,8,0,-1,0,-1,-1,-1,0
17.620237,-1,-14,-3,-2,0,-1,-2,-1,0
17.639868,9,2,0,-3,-1,-1,-1,0,0
17.641719,29,-10,-1,0,-1,0,-2,0,0
17.641726,-57,-5,-2,-2,-3,-1,-1,-1,0
17.641729,9,1,0,-1,-2,-3,-1,-2,0
17.663298,-7,3,1,2,-1,-2,-1,-2,0
17.663320,6,-8,-4,-1,-1,0,-1,-1,0
17.665401,21,8,-2,-1,-2,-1,-2,-2,0
17.665406,-5,-5,-3,-3,-2,0,-2,-1,0
17.677242,-3,9,7,0,1,0,-2,0,0
17.677264,-17,-7,-2,-1,0,0,0,0,0
17.677839,13,0,0,1,0,-1,0,-1,0
17.677864,-10,0,-1,-4,0,-2,0,-1,0
17.699621,10,-8,-9,0,-2,-2,-1,-2,0
17.699643,-16,6,4,0,0,-2,0,-1,0
17.700496,8,-6,1,0,0,0,-2,0,0
17.700500,4,-1,-3,-2,0,-2,-1,-4,0
17.723212,-18,-2,-1,0,-1,0,0,-1,0
17.723323,-4,-5,-5,-3,-2,0,-2,-2,0
17.723950,8,3,1,-1,0,-2,-1,-2,0
17.723966,7,2,3,2,0,-1,-1,0,0
17.737288,0,5,-2,-2,-1,-1,-4,0,0
17.737321,-13,-9,-3,-1,0,-1,0,-2,0
17.737883,11,1,-2,-2,-2,-2,0,1,0
17.737901,-4,-2,-5,-1,-2,-2,0,-2,0
17.759654,-3,-6,2,-1,-1,0,-2,-2,0
17.759672,0,5,0,0,-3,-1,-1,0,0
17.760698,2,0,3,2,0,0,-2,-1,0
17.760701,-4,1,-2,1,-1,-1,-1,-3,0
17.782411,0,1,0,-2,0,1,-1,1,0
17.782428,-2,-12,-9,-2,-1,-1,-1,0,0
17.782753,-1,-2,-5,-2,-1,0,0,0,0
17.782767,-6,1,3,0,0,0,-1,-1,0
17.797455,7,2,0,-2,0,0,0,-3,0
17.797483,-3,-5,-4,0,0,-1,-1,-1,0
17.799470,2,10,0,-1,-1,-2,-2,-3,0
17.799475,6,-14,-2,-1,-1,-1,-1,1,0
17.819986,-14,-2,1,0,-1,0,0,-1,0
17.820018,-4,-1,1,-3,-1,-1,-2,-3,0
17.822510,1,1,1,-1,0,-2,-1,-1,0
17.822526,3,7,-1,-1,-1,-1,-1,1,0
17.843041,3,0,-7,0,-1,-1,0,-1,0
17.843047,-7,-13,0,0,0,-1,-2,-1,0
17.843548,1,2,1,-1,-2,-1,-2,0,0
17.843555,-2,4,1,-3,-3,-1,0,-2,0
17.859178,0,-1,2,-1,-1,-2,-1,-2,0
17.859185,-2,4,1,0,-1,1,0,0,0
17.859187,2,-9,-7,-3,-1,-1,0,0,0
17.859189,-2,1,1,-2,-1,-1,-2,-1,0
17.880132,-3,1,-2,-4,-1,-1,-1,0,0
17.882031,0,-1,-2,0,-1,0,-3,-2,0
17.882036,1,-6,1,1,-1,1,-1,0,0
17.882038,-3,-3,-2,-2,0,1,-2,0,0
17.903532,4,-1,-3,-2,-1,-1,-2,0,0
17.903564,-2,16,0,-2,1,-3,0,-2,0
17.906086,-4,-18,-1,-1,0,-1,-1,-2,0
17.906093,-1,15,4,1,-1,-1,0,-1,0
17.917789,-1,-13,-7,-1,0,-3,-1,-2,0
17.917825,1,16,-1,0,-2,0,-2,-1,0
17.921382,-6,-16,-4,-1,-1,-2,-1,-2,0
17.921398,-3,-2,-2,-3,-1,-1,-1,-1,0
17.939885,1,9,3,1,-1,-1,-1,2,0
17.939907,-2,-12,-4,-1,0,-2,-2,-4,0
17.940527,1,4,-8,-3,-1,0,-1,-1,0
17.940538,0,6,10,0,0,-2,-1,-2,0
17.963065,3,3,-3,-2,-1,-1,-1,-1,0
17.963087,1,-7,0,-2,-2,-2,0,0,0
17.965011,-3,3,0,3,-1,-2,-1,-1,0
17.965018,-3,-7,-4,-1,-1,-1,-1,-1,0
17.977125,-2,2,0,-1,0,-1,0,-3,0
17.977146,4,-9,-6,-3,-1,0,1,0,0
17.979894,2,2,-1,-1,-1,-1,-1,0,0
17.979898,-2,-2,-3,3,-2,-1,0,0,0
18.000229,0,0,1,-1,-3,-2,0,-1,0
18.000236,-2,-4,0,-2,-2,1,0,-1,0
18.000310,-1,3,0,0,0,0,-1,-2,0
18.000329,1,-3,-3,-2,0,-1,-2,-1,0
18.022981,0,10,1,-1,1,0,-2,-1,0
18.023020,-6,-10,0,-2,-1,-2,-1,0,0
18.025308,-1,6,2,-1,-2,-1,0,0,0
18.025319,-1,-7,-4,-2,-1,-1,0,-1,0
18.037591,-5,-5,-10,-1,-2,-1,0,-1,0
18.037619,0,12,6,2,0,0,-1,-2,0
18.039403,0,-12,2,0,0,0,0,-1,0
18.039482,-1,-2,-3,-2,-3,-2,-2,-2,0
18.061716,-3,-6,0,-4,-1,-1,-1,-1,0
18.061722,-3,1,-3,0,1,0,1,-2,0
18.061725,0,-1,-5,-3,-3,-2,0,-1,0
18.061726,2,11,4,1,0,2,0,-1,0
18.083273,0,0,0,-1,-1,1,-2,-1,0
18.083302,3,-3,-2,-1,0,0,0,1,0
18.084851,1,1,0,-4,0,-2,-1,-3,0
18.084856,-6,-7,-3,-1,-1,-1,-1,-1,0
18.096457,1,2,2,-1,-2,-2,-1,0,0
18.096475,-1,2,4,-1,0,2,-2,-1,0
18.104761,2,2,2,-1,-1,-1,0,0,0
18.104790,0,-3,-6,-1,0,0,-1,1,0
18.119943,-1,-4,-1,-1,0,0,-1,-2,0
18.119965,-3,-6,-2,-2,-1,-2,0,-1,0
18.122323,-3,3,-3,0,0,-1,0,-1,0
18.122340,-2,1,1,-1,1,-2,-1,0,0
18.142796,1,-3,-3,-1,-2,-1,-2,-1,0
18.142813,0,-6,0,-1,-3,-1,-1,0,0
18.143542,-2,3,2,1,-2,-1,-2,0,0
18.143560,0,-3,-3,-3,-1,0,0,-1,0
18.156809,3,-2,-1,0,-2,0,-1,-1,0
18.156927,2,-2,-4,2,-4,-3,-1,-2,0
18.164787,-2,2,2,2,2,0,0,-1,0
18.166511,0,-2,0,-2,-3,-3,-2,-2,0
18.180434,-2,-2,-3,0,0,0,0,-1,0
18.180463,-3,-3,-3,-2,-1,0,-1,0,0
18.182640,0,-1,-4,-3,-1,-1,1,-1,0
18.182647,-1,-1,-2,-1,0,-1,-1,0,0
18.203003,-3,3,6,-2,-1,-3,0,-2,0
18.203034,-2,-6,-8,-1,1,-1,0,-1,0
18.204073,0,-2,-8,-1,-2,-1,-1,-1,0
18.204100,1,9,-2,0,0,0,0,-2,0
18.216385,-3,-30,1,0,-2,-1,-2,-1,0
18.216393,0,18,6,-1,-2,-1,-1,0,0
18.224994,0,-5,-5,-3,0,-1,-1,-1,0
18.225012,-1,7,0,0,-3,-1,-1,-3,0
18.239864,0,6,0,-1,-1,0,-2,1,0
18.241083,-3,-9,-2,-2,-1,0,-1,-1,0
18.241087,0,4,-1,0,-1,-1,-1,-2,0
18.241090,-1,-5,-3,-3,-2,-2,-1,1,0
18.262635,1,4,-2,0,-2,-2,0,0,0
18.262641,-1,-3,1,1,1,-1,-2,0,0
18.262850,0,6,1,-1,-3,-2,-2,0,0
18.262857,-1,-6,-1,-2,-2,-1,0,-2,0
18.276594,-2,-6,-5,0,-1,-1,-1,-1,0
18.276618,-2,-14,-6,-6,-1,-1,-1,0,0
18.285184,-5,4,-1,0,1,-2,-1,0,0
18.285213,-4,2,5,1,2,0,0,0,0
18.299753,5,8,1,-1,-1,-2,0,-1,0
18.299769,3,1,-2,0,-1,-1,-1,-1,0
18.301838,0,-8,-4,-1,-2,-1,0,0,0
18.301849,-2,-5,1,-3,-4,-1,-2,-1,0
18.323829,-5,5,0,0,-1,-2,0,-1,0
18.323840,0,-3,-3,0,-1,-1,-2,0,0
18.323842,-1,-3,-1,-1,-1,-2,-1,0,0
18.323845,-1,2,-3,0,-2,0,-1,0,0
18.336948,-3,0,4,0,-2,-1,0,-2,0
18.336984,-6,1,-1,-1,-1,0,1,-1,0
18.345062,7,1,1,-3,-2,0,-2,-1,0
18.345093,2,-4,0,0,0,0,-1,-1,0
18.359757,2,5,-8,-1,-2,-1,-2,-2,0
18.359780,-5,-12,6,-2,-1,-2,-1,-2,0
18.360479,-2,-4,-3,1,-1,1,1,0,0
18.360498,-1,-7,-3,-5,-1,0,-2,-1,0
18.382196,-2,0,0,0,0,-1,-2,0,0
18.382212,-1,11,-1,0,-1,-1,-1,-1,0
18.383574,-5,1,4,-1,-1,-1,-1,-2,0
18.383578,3,-17,-7,0,0,-2,0,1,0
18.396962,0,7,-2,-3,-1,0,-1,-1,0
18.396984,-2,2,-6,-2,-3,-2,-2,-1,0
18.404759,-1,-3,10,1,-1,0,-2,0,0
18.404779,0,16,-1,-2,-2,-2,-1,-2,0
18.419776,-4,-13,-4,-1,-1,0,1,0,0
18.419795,2,0,2,2,0,1,-2,-1,0
18.420510,-3,-4,-4,-1,-1,0,-2,-2,0
18.420531,-3,4,2,-1,-2,-1,-1,-2,0
18.442212,0,1,1,-2,-1,-1,-1,-4,0
18.442234,-1,-3,-3,-2,-1,-1,1,0,0
18.444456,1,1,-4,0,-1,-1,1,0,0
18.444461,-1,-4,-1,0,0,-1,-1,0,0
18.465477,0,0,-1,-3,-1,-2,-2,-1,0
18.465498,-1,-1,2,-1,-1,0,0,0,0
18.466025,0,2,0,0,0,-1,-1,-2,0
18.466039,-2,-8,-2,-2,0,0,-1,-3,0
18.479641,-3,5,2,0,0,0,-1,0,0
18.479648,2,7,2,-3,0,-1,0,1,0
18.480240,-1,-6,-4,2,0,1,-1,-1,0
18.480247,-2,3,2,2,-1,0,-1,0,0
18.502607,-2,-16,1,-1,0,-1,-1,-1,0
18.502641,-2,-2,0,0,0,-1,-2,-3,0
18.504950,1,1,-7,-5,-3,-1,0,-2,0
18.504963,0,0,0,0,-1,-2,-2,-2,0
18.525642,0,2,-1,1,0,0,0,-1,0
18.525647,0,1,-4,-2,-3,-1,-2,-1,0
18.526028,-2,-4,0,-2,0,-2,-1,0,0
18.526035,2,5,-1,0,-2,0,0,0,0
18.540897,1,4,0,-2,-1,-1,-2,0,0
18.540902,-2,-9,-4,1,-1,-1,-3,-1,0
18.540904,-1,3,-6,-4,-2,-1,-1,-1,0
18.540942,-3,-4,4,3,-1,-2,-2,-1,0
18.562163,0,3,0,-1,-1,-1,0,1,0
18.562185,-1,-2,-3,0,-1,-1,-1,0,0
18.564567,-1,4,5,0,-1,-2,-1,-1,0
18.564575,0,-3,-6,-2,-1,-1,-1,0,0
18.587790,-4,-8,-4,0,1,-2,-1,-1,0
18.587795,1,1,0,1,-1,-2,-1,0,0
18.587796,0,3,3,-1,-2,-2,-2,-1,0
18.587798,-1,5,-10,-4,-2,-1,-1,-1,0
18.599705,-1,-22,1,1,0,0,-1,-2,0
18.601294,-1,3,3,2,2,1,0,0,0
18.601298,0,2,0,-1,0,-1,-1,-2,0
18.601300,-3,-6,1,1,0,1,1,-1,0
18.622345,-1,8,-3,-4,-1,-1,-2,-1,0
18.622374,-2,-2,0,-3,-1,-1,0,-2,0
18.623253,-2,-9,-1,0,-1,-2,-2,-2,0
18.623283,-5,0,-5,-4,0,-1,-2,-2,0
18.645685,4,6,7,0,-1,0,-2,0,0
18.645716,-2,-3,0,-2,-2,-3,-1,-1,0
18.647796,0,4,-1,0,0,-3,-1,-1,0
18.647804,-1,-5,-3,0,-1,-1,-1,0,0
18.659619,-1,3,-3,0,-1,-2,-1,-2,0
18.659636,-1,0,-1,0,-2,0,-2,-2,0
18.661748,-2,-2,0,0,-2,0,-1,-1,0
18.661754,0,-5,2,1,-2,-2,-1,0,0
18.682085,0,-4,-3,0,-3,-1,1,0,0
18.682096,-1,8,1,-2,-1,-2,-1,0,0
18.682734,-3,-2,4,1,0,-2,0,1,0
18.682749,1,-4,-3,-2,-2,-2,-2,-2,0
18.705468,-3,11,5,-1,0,0,1,-1,0
18.705492,0,-5,-2,1,-2,-2,-2,0,0
18.707009,0,6,-6,-2,-2,0,0,0,0
18.707022,-1,-11,6,-4,-1,-2,-1,0,0
18.719990,-2,-2,-5,1,-1,0,-3,-1,0
18.720025,-1,-4,-1,-2,1,-2,-1,-1,0
18.721675,1,4,-1,-1,0,0,-1,-2,0
18.721684,-1,4,-1,0,-3,-1,-1,0,0
18.742121,-2,-3,-6,-3,-1,-1,-2,-1,0
18.742130,-2,0,0,-1,0,0,-1,-2,0
18.742812,0,-5,-1,-2,-1,0,-1,0,0
18.742845,-2,4,3,-2,0,-1,0,-1,0
18.765258,2,-11,-1,0,-3,0,0,0,0
18.765279,0,-7,-8,-1,-2,-1,0,0,0
18.766511,-3,-4,-2,-1,-1,-1,0,-1,0
18.766514,-1,3,-8,-3,0,1,-1,-2,0
18.780166,-1,8,5,0,-1,-2,0,0,0
18.780196,-1,-11,0,0,-1,-1,-1,0,0
18.782237,-1,-5,-4,-1,-1,-1,0,-1,0
18.782241,-2,-1,-2,1,1,0,-2,-1,0
18.802607,0,-2,-5,-3,-2,0,-1,-1,0
18.802637,-1,0,-2,-2,0,0,-1,-1,0
18.805198,-2,-2,-1,-1,-1,-1,-1,-1,0
18.805207,-1,-1,0,0,-2,-2,0,-1,0
18.825633,-1,-2,1,-1,-2,-3,0,-1,0
18.825651,0,2,-2,-1,-1,-1,-1,-1,0
18.826166,-2,0,0,0,-1,-1,-1,-1,0
18.826182,0,1,2,0,0,-2,-1,-1,0
18.839778,0,1,-1,-1,-2,-2,-1,0,0
18.839795,-2,0,-2,-1,-2,-1,0,-2,0
18.840325,0,0,0,-4,-2,0,-2,-2,0
18.840339,0,-1,2,1,-2,0,0,0,0
18.862302,-2,-1,-1,0,-1,-1,-1,-2,0
18.862330,-2,-1,-1,-3,0,-1,-2,-1,0
18.864412,-1,-3,-2,-3,-1,0,-2,0,0
18.864418,0,1,-1,0,-1,-1,-1,0,0
18.885298,0,1,-1,-1,0,0,0,0,0
18.885315,-1,3,1,-2,-1,-1,-1,-1,0
18.886150,-2,-1,-1,2,-1,-1,-1,0,0
18.886173,-2,-3,-3,-1,-1,-1,-1,-1,0
18.899642,-2,-1,-1,-2,-1,-2,-2,-1,0
18.899664,0,1,-2,-2,-3,-2,0,-2,0
18.900266,-1,-1,-1,0,-1,0,-1,0,0
18.900280,-1,4,3,-2,-2,1,0,0,0
18.922711,-2,0,-1,-3,1,-1,-2,-2,0
18.922751,0,-5,-3,0,-1,-1,-2,-1,0
18.925072,1,-2,-2,0,0,-2,-1,0,0
18.925086,0,-1,0,0,-1,-1,-1,-1,0
18.945316,-1,2,-1,-1,-1,-1,-1,-1,0
18.945334,-3,2,3,0,-2,-1,-2,-2,0
18.946371,0,-1,-2,0,-1,-3,-2,-3,0
18.946382,-1,0,-2,-3,0,-2,-2,-2,0
18.959618,0,-2,-4,-2,0,-2,0,1,0
18.959624,-1,1,1,0,-1,-2,-1,-1,0
18.960285,0,-2,0,1,-2,-1,0,2,0
18.960293,-1,-1,-4,-1,1,1,0,-1,0
18.982058,-2,0,3,2,0,0,0,-1,0
18.982080,-2,2,1,-1,1,-3,0,0,0
18.983369,0,19,5,-1,0,-1,-2,-2,0
18.983377,-2,-41,-19,-2,0,-2,-3,-2,0
19.005926,0,15,7,-1,1,-2,0,-1,0
19.005933,1,2,0,0,-1,-1,-1,-1,0
19.006225,-3,0,-2,-3,0,0,0,-1,0
19.006235,-1,7,0,-2,-2,-1,-1,0,0
19.020190,-2,-3,-6,-1,-2,-1,-1,-1,0
19.022727,-2,-7,-2,-3,-2,-1,-2,0,0
19.022736,-2,0,3,2,1,-1,0,-1,0
19.022738,-1,4,2,-1,-1,0,-2,-1,0
19.042271,0,-10,-1,-1,-3,0,-2,-2,0
19.042287,0,7,0,0,-2,-2,0,-1,0
19.042879,-2,-8,-1,-1,-1,-2,-1,-1,0
19.042963,2,4,4,-2,0,-1,0,-1,0
19.065903,-1,0,-4,1,-2,0,-1,-1,0
19.065920,0,-4,-3,-1,-1,-2,-1,1,0
19.068785,0,-4,0,-2,-3,-1,0,-2,0
19.068791,-1,6,7,1,-1,-3,-2,-2,0
19.079448,0,-1,-5,-3,-1,-2,-1,-2,0
19.079481,0,3,-5,0,0,1,-1,0,0
19.087641,-1,-4,4,-3,-3,1,-1,-1,0
19.088961,0,3,3,-2,-2,0,-1,2,0
19.102258,-2,-13,-2,2,1,-1,0,-1,0
19.102277,0,-2,0,-1,-1,-1,1,0,0
19.102874,0,-4,-6,-1,-1,-1,-1,1,0
19.102891,-2,5,0,-1,-1,-1,-1,-2,0
19.125663,-1,-1,2,-1,0,-1,0,-1,0
19.125680,0,-6,-4,-1,0,0,1,0,0
19.126702,-2,2,-3,-1,-2,-1,0,1,0
19.126710,-2,0,1,0,-1,-2,-1,0,0
19.139312,-1,1,-3,-1,2,-1,-1,1,0
19.139335,-2,1,1,-2,-1,-2,-3,-2,0
19.147250,-1,-1,-1,-1,0,-2,-2,-2,0
19.147272,-2,0,-5,-1,-1,-1,-2,-2,0
19.162249,0,3,7,0,-2,-1,-3,-2,0
19.162266,1,-4,-4,-4,-2,0,-1,-1,0
19.162750,0,3,8,5,2,-1,-2,-1,0
19.162765,0,-6,-9,0,-3,-1,0,-1,0
19.185905,-2,2,-4,-2,-3,0,0,-2,0
19.185935,-2,-1,2,-2,-1,-1,-1,-2,0
19.188982,-2,-4,-6,-4,-1,-2,-1,-1,0
19.188989,-2,1,1,-1,1,-1,0,0,0
19.198997,0,0,0,-1,-2,-3,0,-1,0
19.199020,-1,0,-2,0,-1,-1,0,-1,0
19.207403,0,0,2,-1,-1,-1,0,-2,0
19.207420,1,0,-1,1,0,0,-2,-1,0
19.224257,0,1,-3,-3,-1,-3,-1,0,0
19.224270,-1,-4,1,-1,-1,-1,0,0,0
19.224272,0,3,-4,0,0,0,0,-1,0
19.224274,1,-1,-1,-1,0,-1,0,-2,0
19.245628,-3,-7,-2,-2,-1,-2,-1,0,0
19.245651,0,7,-6,-2,-2,-2,-2,0,0
19.247425,-3,-21,-4,2,-1,1,1,-2,0
19.247429,-2,4,5,1,-1,1,-2,0,0
19.259112,-2,-3,-3,0,-2,1,-1,-1,0
19.259135,0,1,-2,-3,-1,-1,-2,-2,0
19.267233,-2,-2,-7,-2,-1,-2,-1,1,0
19.267547,-1,-4,-1,-1,0,-1,0,-1,0
19.282729,-2,2,-1,0,0,-2,-2,-1,0
19.282758,-2,-1,3,-1,0,0,0,-1,0
19.285173,-1,-2,-4,-2,-2,-1,-2,-1,0
19.285177,-1,0,0,-1,0,-2,-1,-1,0
19.305666,0,4,1,-3,-2,0,1,0,0
19.305687,0,-4,1,1,0,0,0,-1,0
19.306342,0,1,-1,0,0,-1,-1,0,0
19.306455,-2,4,0,-2,-2,-1,-1,-1,0
19.319425,-2,-6,0,-1,-1,0,-2,-1,0
19.319479,0,-4,-3,1,-1,-1,0,0,0
19.327120,0,5,-3,-1,0,-1,-1,-1,0
19.327138,-1,-1,-1,-3,-2,0,0,-1,0
19.342502,-1,-1,-2,-1,1,-1,-1,-1,0
19.342523,-2,-1,4,2,-2,0,0,-1,0
19.344361,-1,3,0,-1,1,-2,-3,-1,0
19.344365,-1,-3,-3,-1,0,-3,-1,-1,0
19.365506,-2,-4,-2,0,-1,-1,0,0,0
19.365521,-1,0,2,-1,0,-1,-2,0,0
19.366198,1,0,2,-1,-3,-1,-1,-1,0
19.366213,0,-2,-2,0,1,-1,-1,-1,0
19.388016,-1,1,-1,-1,-2,-1,-2,0,0
19.388036,-1,-1,-1,-1,-1,-2,-2,-3,0
19.390256,-1,-4,-4,-1,-1,1,-1,0,0
19.390266,0,-1,-1,-1,-2,-2,-2,-1,0
19.402103,-1,-1,-2,1,1,0,1,-1,0
19.402135,-1,0,1,-2,-1,-1,-1,0,0
19.404640,-2,2,0,-2,0,0,-2,-1,0
19.404647,-1,-10,-6,-2,-1,0,0,1,0
19.426218,0,21,5,-1,-2,-1,-1,-3,0
19.426222,-2,-9,-2,-2,-1,-1,-1,-3,0
19.426224,0,-6,-4,-1,-1,-2,1,0,0
19.426226,0,2,3,1,0,-2,-2,-2,0
19.447800,2,-6,-3,0,-3,-2,0,-1,0
19.447822,0,3,-1,0,-1,0,-1,1,0
19.448721,-1,3,-1,-4,-2,-2,-1,-2,0
19.448725,-2,-3,3,1,-1,0,1,-1,0
19.462639,-1,-4,-5,0,1,-1,0,1,0
19.462662,-2,7,6,-2,-1,-1,-1,-1,0
19.465020,-1,-3,-3,0,0,-1,-1,1,0
19.465025,-1,2,-1,-2,-1,0,-2,-1,0
19.485858,-1,-1,1,-2,0,-2,-1,-2,0
19.485891,-1,-9,-8,-1,0,-2,-1,0,0
19.488474,0,5,7,-1,0,0,0,0,0
19.488482,0,2,4,1,-1,0,0,-1,0
19.507853,-1,-4,-6,-1,-3,-1,0,-1,0
19.507875,-1,-1,-1,-1,0,-1,-1,-1,0
19.508547,-2,-3,-5,-2,-2,-2,-2,-1,0
19.508567,-1,1,4,0,-1,-2,0,0,0
19.522564,-1,-8,2,0,-2,0,-3,0,0
19.522609,0,29,1,0,-1,-2,-1,-1,0
19.523166,-3,-19,-1,-1,0,-1,-3,-2,0
19.523305,1,1,-6,-1,-2,0,-1,0,0
19.545613,-3,-11,-3,-1,1,-1,-2,-1,0
19.545650,-3,-4,-3,1,-2,-1,-1,-1,0
19.547880,1,5,-2,0,-1,0,-1,-1,0
19.547929,0,-4,-1,-2,-3,-3,0,-2,0
19.568234,0,2,3,-1,-2,0,-1,0,0
19.568263,-2,-8,-2,0,1,0,-1,-1,0
19.568685,-1,5,3,-1,-1,-1,0,-3,0
19.568703,-2,0,-1,-2,-1,-1,-3,-1,0
19.582062,0,5,-2,-2,0,-1,-1,-2,0
19.582076,-2,-7,0,1,1,-1,0,0,0
19.582822,-1,-2,-3,0,-3,0,0,-1,0
19.582841,-3,0,-2,-1,0,-2,-2,-1,0
19.605435,-2,0,-3,-3,-2,-2,-3,-1,0
19.605459,1,-4,-3,-1,0,0,-1,-2,0
19.606971,-2,3,3,-1,0,-2,-2,-1,0
19.606977,0,-4,-5,-1,0,-1,0,0,0
19.628442,-1,-1,-1,0,-1,0,-2,-1,0
19.628446,0,-4,0,0,0,0,0,-1,0
19.628668,-1,2,-3,-3,-2,0,-1,-1,0
19.628681,-2,-4,-5,0,-3,0,0,-2,0
19.643946,0,8,5,1,-1,-2,-2,-1,0
19.643951,0,-10,6,-2,-1,-2,0,0,0
19.643953,-1,-9,-5,1,0,-1,-1,-1,0
19.643954,-2,8,-4,-3,0,0,-1,-2,0
19.665397,0,3,-4,-2,-1,-1,1,-1,0
19.665418,0,13,-2,0,-1,-1,-2,1,0
19.666797,0,-9,8,0,-2,-1,0,-2,0
19.666805,-1,-3,-1,-2,0,0,-1,-1,0
19.689360,-2,-2,-1,2,1,-2,-2,-1,0
19.689373,-1,-3,-4,-2,-2,-2,-1,-3,0
19.689375,-2,6,-3,-5,-1,-1,-1,0,0
19.689377,3,-1,-2,0,-2,0,0,0,0
19.701950,0,4,12,5,1,-1,0,-2,0
19.701983,-1,-2,0,0,-1,-2,-1,-2,0
19.710842,-2,2,-5,1,0,-1,0,-2,0
19.710871,-1,-2,0,-4,0,-1,-1,-1,0
19.725369,0,-6,-5,-2,-1,1,1,-1,0
19.725388,0,-3,-2,1,0,1,0,-1,0
19.726855,1,3,-2,-1,-1,0,-1,0,0
19.726872,-3,-2,2,0,-1,-2,-3,-3,0
19.748306,-3,-5,-3,-3,-3,-1,0,0,0
19.748327,-1,2,0,-2,-2,-1,-1,-3,0
19.749999,-1,4,9,3,1,0,0,0,0
19.750151,1,-8,-8,-1,0,0,0,1,0
19.761779,0,-1,-3,-2,-2,-1,-2,-3,0
19.763007,-1,-3,-1,-5,-2,-1,-2,0,0
19.773125,-2,1,-3,0,-1,-1,-1,-1,0
19.773136,-1,2,4,-2,1,-1,-2,0,0
19.785265,-1,-1,-2,1,-2,0,-1,-1,0
19.785282,-1,-4,-4,-3,-1,-1,-1,0,0
19.787007,1,0,-1,0,-2,-1,-3,-2,0
19.787036,0,-1,-2,-1,-3,-1,0,-1,0
19.807950,-1,-3,-4,-3,1,-2,0,1,0
19.807966,-1,-1,-1,0,-1,-1,-1,-1,0
19.809796,0,-1,-6,-2,-1,0,0,0,0
19.809807,-2,-1,2,0,-2,-2,-2,-1,0
19.821584,-1,-1,-1,0,-2,-1,-3,-3,0
19.821606,-1,-1,2,0,-3,-2,-2,0,0
19.831958,0,0,-1,-3,1,0,-1,-1,0
19.831968,0,1,-1,0,1,0,-2,0,0
19.845007,-1,-4,-2,0,0,-3,-1,0,0
19.845025,-1,0,-2,0,-1,-2,-1,-1,0
19.852203,-2,-4,-2,-1,-3,-2,-2,-1,0
19.852236,-1,1,-1,-2,-4,-2,-2,-2,0
19.868093,0,-3,-1,-4,-1,-1,-1,-1,0
19.868115,0,0,3,1,0,-1,-1,-1,0
19.870809,-1,2,0,0,-2,-2,-1,0,0
19.870816,-3,-2,1,-2,-1,-1,0,0,0
19.881709,0,0,-2,-7,-4,-2,-3,-2,0
19.881724,0,-10,-6,2,-1,1,1,1,0
19.891182,2,13,0,0,1,0,0,-1,0
19.891189,-3,-15,2,1,0,-1,-1,-1,0
19.905437,-2,1,-3,-2,-1,-1,-1,-2,0
19.905453,-1,1,1,-4,-1,-1,-1,-1,0
19.907319,-1,-4,-5,-2,-2,-2,-2,-1,0
19.907324,1,3,-3,-1,0,-1,-3,-2,0
19.927844,0,10,2,-1,0,-1,-1,-1,0
19.927866,1,-3,1,1,-2,-1,-1,-2,0
19.929515,-1,-2,-3,-1,-1,-2,-2,-1,0
19.929591,-1,-2,-1,-1,-2,-2,0,-2,0
19.941483,-1,-7,0,1,-1,-2,-2,-1,0
19.941499,-1,3,-3,-2,0,0,-1,-2,0
19.950975,-1,-5,-1,-3,-1,0,0,-1,0
19.950981,1,0,1,0,-1,-1,1,-1,0
19.965321,-1,-1,1,0,-1,-1,-2,-1,0
19.965337,-2,0,-3,0,0,-1,-2,-1,0
19.966760,0,-6,-3,0,-1,-1,-1,-2,0
19.966767,-2,0,-2,-2,0,1,-1,-1,0
19.987937,-1,-9,-2,-1,-2,0,0,-2,0
19.987955,1,2,2,1,0,-2,-1,0,0
19.989899,2,21,-1,-1,-1,0,-2,0,0
19.989939,-3,-16,-2,-2,-1,-2,-2,-1,0
20.001500,-2,-3,-3,-4,-2,-1,-1,0,0
20.001514,-2,-6,-3,-3,-1,-2,-2,-1,0
20.011918,-2,-10,-3,0,-1,-1,-1,0,0
20.011925,-1,11,0,0,-2,-1,2,1,0
20.025807,-1,-4,-6,2,0,-1,-1,-1,0
20.025826,-1,0,6,-3,-1,-2,0,-1,0
20.027289,0,3,0,-2,-1,0,0,-1,0
20.027321,-1,3,-3,0,0,-2,-1,-1,0
22.050805,-29,70,12,0,2,13,1,-71,2
22.051501,-75,-58,-24,-8,-7,6,-9,-7,2
22.053838,95,78,10,0,6,-15,-2,64,2
22.053902,75,-37,-3,3,-7,15,8,-17,2
22.073076,-46,11,1,1,-7,3,-7,12,2
22.073131,37,20,14,5,7,3,15,-8,2
22.074662,-40,-36,-14,-14,-2,-8,-3,-15,2
22.074668,5,-13,-8,-9,-23,-44,-18,-2,2
22.086866,97,-73,-2,-1,-10,11,15,15,2
22.086902,-58,-44,-5,-5,-45,-4,-13,-43,2
22.097027,-27,11,-13,-3,41,3,-5,-7,2
22.097042,-31,103,20,-2,-12,-2,18,14,2
22.111164,-56,-74,13,5,26,8,1,73,2
22.111204,-4,53,-7,0,4,-21,-23,-98,2
22.112916,26,-37,-3,-5,-39,-15,17,19,2
22.112925,14,-2,1,2,13,-3,-2,23,2
22.132800,-47,79,-1,-3,-5,-6,-1,-1,2
22.132815,51,-83,-11,-3,6,-1,5,-16,2
22.134521,-25,44,13,6,10,8,-2,33,2
22.134533,38,25,0,4,2,-3,-8,-28,2
22.146425,13,-39,-13,-4,-4,2,5,-18,2
22.146435,81,83,10,5,8,6,-9,80,2
22.157192,-6,-45,-11,-4,-10,7,7,-1,2
22.157199,-60,-99,-8,-3,-13,2,0,5,2
22.170465,64,106,3,-1,-35,2,-1,4,2
22.170490,-69,-72,-11,-5,46,7,3,54,2
22.172024,29,39,-2,0,-1,4,6,0,2
22.172030,-4,-7,14,4,14,-5,-10,-17,2
22.192791,23,-38,-12,-5,1,2,-6,-3,2
22.192807,102,3,-1,-2,-32,-67,7,16,2
22.194245,-104,46,5,1,4,48,-2,27,2
22.194264,15,-70,-9,4,-1,5,3,-49,2
22.207550,26,35,5,-1,3,-4,6,45,2
22.207554,-31,13,4,0,-3,12,-16,-48,2
22.217461,-7,52,17,2,0,-13,-5,-39,2
22.217466,67,-63,-19,-2,-5,-17,-15,17,2
22.230737,-121,72,3,3,7,23,5,-7,2
22.230753,29,2,-1,-10,-24,-29,-2,-20,2
22.244179,-57,-20,-11,2,31,4,-4,-37,2
22.244202,39,31,7,0,16,-4,3,-5,2
22.253051,-44,66,11,1,2,-34,-7,-31,2
22.254359,54,-52,-14,-4,-34,18,9,45,2
22.254565,8,74,14,-1,-10,-31,-11,31,2
22.254571,-4,-49,-14,-2,-2,31,3,-19,2
22.275242,-28,-15,-24,-14,20,59,8,-19,2
22.275259,30,0,9,6,-10,7,12,38,2
22.276796,-49,-52,-12,-7,-10,-13,-16,-40,2
22.276813,-7,22,11,1,3,6,12,69,2
22.290634,-31,-113,-8,-3,-8,-18,-14,-41,2
22.290654,-35,106,9,3,28,18,2,-10,2
22.291903,63,-59,2,3,-9,22,4,59,2
22.291920,-52,-18,-9,-3,6,-9,-1,-61,2
22.313002,26,9,5,-1,-28,-12,-1,14,2
22.313026,-84,8,16,7,36,11,-9,-32,2
22.314744,74,-128,-1,3,8,-5,12,69,2
22.314748,-63,95,7,-2,-23,-8,-2,22,2
22.335210,30,73,-3,-6,-26,-20,-6,-13,2
22.335226,-46,-122,-28,-12,12,21,-1,-23,2
22.337004,33,110,14,8,-19,19,4,2,2
22.337026,-24,-59,5,1,13,8,-20,-14,2
22.350258,71,-30,-18,-5,1,65,23,-14,2
22.350267,-2,-3,10,-3,-30,-12,-2,3,2
22.351865,35,-5,-12,-6,30,48,19,25,2
22.351913,-7,62,14,2,-52,-77,-35,-3,2
22.373051,56,46,7,7,55,-15,7,50,2
22.374170,-25,31,-2,-5,-10,-13,-17,8,2
22.374317,-8,-62,-2,-4,-3,10,8,-46,2
22.374387,41,83,9,3,5,3,4,3,2
22.396363,-69,-61,7,5,0,-7,-8,-49,2
22.396370,123,-11,5,0,-5,6,17,17,2
22.396770,-13,-94,-28,-11,0,-36,-19,-43,2
22.396832,-101,24,-12,-2,0,43,11,-39,2
22.412076,47,-35,-2,0,2,-27,-13,-10,2
22.412082,34,127,26,7,10,25,5,19,2
22.416721,-11,-59,-27,-8,-35,-16,-8,-26,2
22.416743,36,-56,9,-4,44,-3,20,19,2
22.432821,-67,55,-21,-6,-1,-1,-11,16,2
22.432843,-56,-40,3,5,8,4,0,1,2
22.434245,3,67,11,4,-23,-13,9,48,2
22.434332,92,30,-1,-2,10,-23,-5,32,2
22.455723,-38,-24,2,-1,0,69,-16,-21,2
22.455763,-50,65,-8,-3,12,-20,7,15,2
22.457979,-70,-22,1,2,2,-27,-7,-82,2
22.457990,99,-48,-8,-4,-48,27,10,43,2
22.470435,17,-33,4,1,21,3,-12,-74,2
22.470479,65,-62,-8,-2,-20,0,-1,27,2
22.476505,-37,66,7,1,22,3,-12,-34,2
22.476528,-60,99,13,4,7,2,1,-36,2
22.492814,29,-93,-3,-3,-10,-24,4,33,2
22.492837,-9,-80,-12,-6,6,12,-3,37,2
22.494325,83,-4,-3,-1,-12,-5,-5,16,2
22.495168,-76,30,8,1,7,-4,-3,-65,2
22.515276,4,-57,-2,1,-14,-15,2,57,2
22.515299,-85,-39,-3,-2,18,4,4,-26,2
22.516749,-7,108,13,1,-38,3,-6,4,2
22.516764,13,-128,-32,-6,46,6,2,23,2
22.537850,-51,110,3,0,-14,-18,-8,-44,2
22.537864,42,-56,-7,-4,-20,-32,-10,-46,2
22.539558,21,26,4,3,14,28,-6,5,2
22.539582,102,61,2,1,-6,-65,6,27,2
22.554530,-81,-27,-5,-7,-15,20,8,-18,2
22.554539,57,0,-6,-4,1,5,-4,39,2
22.554542,-58,13,10,5,11,-13,-8,-40,2
22.554596,-5,-56,-12,-3,-11,13,-8,2,2
22.575400,18,86,5,2,32,-12,-1,50,2
22.575423,-19,-7,-4,-1,-26,-6,8,-27,2
22.578085,-101,-128,-20,-12,-12,16,10,50,2
22.578093,48,27,9,0,33,12,-7,-9,2
22.589919,76,73,11,0,-33,-24,8,46,2
22.589950,-33,-3,-12,2,28,23,-6,-85,2
22.596628,-20,6,3,-8,-16,-20,-6,4,2
22.596649,-48,-60,-6,-1,-4,28,6,-28,2
22.612732,-37,-25,3,-2,-8,-18,-12,35,2
22.612757,52,127,25,5,-2,13,10,-5,2
22.614904,22,-71,-16,3,15,-14,-4,-41,2
22.614911,-100,-69,-8,-11,-25,6,-5,78,2
22.635624,97,-7,11,10,16,20,4,-46,2
22.635666,7,72,4,2,-4,-5,-3,67,2
22.638146,21,4,-3,-5,-1,2,2,-84,2
22.638153,68,67,-6,0,19,58,3,95,2
22.649916,23,-22,3,0,-11,-49,-13,-20,2
22.649946,25,-21,-8,-3,5,5,-2,-12,2
22.656897,8,20,2,0,-6,-1,14,79,2
22.656990,-26,-5,-6,-7,-24,-4,-12,-113,2
22.672929,7,-2,-5,-2,11,4,-5,46,2
22.672949,49,32,6,1,-16,8,2,-29,2
22.674665,-9,94,8,2,4,16,2,22,2
22.674671,19,-21,3,2,-13,-15,3,27,2
22.695361,92,-47,-12,-3,16,13,2,40,2
22.695379,-62,-32,-7,-2,-3,5,-7,-12,2
22.697222,7,2,6,2,10,-9,4,-8,2
22.697247,32,33,5,4,5,-17,-1,14,2
22.709748,54,47,0,-1,10,-1,3,-24,2
22.709766,6,-97,-10,-7,-33,13,-6,31,2
22.716621,-5,95,2,1,56,-2,-4,-61,2
22.716649,-79,-29,-2,-3,-22,-36,-8,10,2
22.732782,43,-45,-2,4,15,22,23,62,2
22.732805,-18,3,10,4,1,-12,-16,-89,2
22.734337,49,10,-5,-5,-11,-14,-6,50,2
22.734352,37,-58,-20,-4,-3,1,-6,-13,2
22.755410,-65,0,-5,-3,-2,10,8,-27,2
22.755454,4,74,1,-4,-4,-20,-12,17,2
22.757019,-4,-9,14,10,2,-10,0,4,2
22.757052,-7,-38,-15,-5,15,47,16,2,2
22.769115,41,31,2,-5,-47,-44,-3,39,2
22.769134,16,46,-5,0,32,1,7,59,2
22.779770,20,24,9,0,-16,7,4,-2,2
22.779776,71,34,18,6,11,-13,2,44,2
22.792831,37,-62,-11,-1,-8,-8,-13,14,2
22.792849,-40,-39,-6,-5,8,-13,12,-6,2
22.794371,-72,-25,-3,-9,2,47,4,2,2
22.794386,10,24,9,8,-19,-11,-4,-6,2
22.815745,32,45,5,-1,-5,11,12,14,2
22.815749,8,-49,-5,4,6,-6,-7,-74,2
22.816787,37,-46,11,2,4,6,-4,64,2
22.816802,-81,-13,-17,-7,-9,4,8,-33,2
22.829393,-67,-53,4,3,1,2,2,-35,2
22.832421,-28,2,-8,-3,2,-8,-21,-56,2
22.840245,43,41,2,-2,-8,-8,0,-5,2
22.840252,-32,20,10,3,1,-9,1,-17,2
22.853160,4,85,6,-1,6,9,-2,-14,2
22.853188,-52,-47,-2,-4,10,13,6,5,2
22.854618,7,-64,-15,2,-3,-16,-1,-26,2
22.854669,46,-10,-8,-3,-5,1,-7,42,2
22.875376,1,25,0,-2,16,5,4,-35,2
22.875400,9,81,17,7,-28,-5,4,67,2
22.877582,55,-122,-19,-7,-7,-13,-11,-37,2
22.877592,-31,21,-1,2,26,64,1,-21,2
22.889303,-62,23,-1,-1,-6,-2,1,14,2
22.889336,-5,56,4,-2,2,5,16,-34,2
22.900230,69,13,-5,-1,-3,-18,0,19,2
22.900235,-73,17,0,-8,-4,-4,-4,-1,2
22.912876,58,-4,1,0,14,-16,-17,-19,2
22.912896,-76,43,-9,-2,-7,18,3,-15,2
22.915254,-6,-51,-18,-1,11,17,10,51,2
22.915259,101,122,16,0,-18,-29,-7,-26,2
22.935648,-92,-23,-9,-4,4,-2,-12,9,2
22.935675,52,18,1,0,0,-34,-2,23,2
22.938264,46,60,10,3,-1,-2,3,35,2
22.938276,-65,10,-2,-3,-12,-12,-1,-33,2
22.948976,53,-59,-8,-2,-9,-5,9,6,2
22.948998,-34,59,3,0,-10,6,-15,26,2
22.958513,-84,-56,-5,-3,-9,-7,3,-15,2
22.958518,71,82,3,-3,0,-12,-6,32,2
22.972880,22,27,-3,-6,2,1,-1,-32,2
22.972899,-15,-47,-17,-8,-12,0,7,43,2
22.974484,-10,113,7,4,1,0,-8,-24,2
22.974509,-6,-125,-8,5,5,-4,-2,-22,2
22.995399,-41,37,6,1,-6,4,-7,15,2
22.995421,41,-69,-4,-1,2,2,2,0,2
22.997285,6,57,10,-4,3,-7,-6,7,2
22.997289,-10,-56,-9,-1,-1,-1,9,15,2
23.008976,-93,3,3,3,-32,-16,-7,-9,2
23.008994,49,21,10,2,43,26,-1,-15,2
23.019145,-16,-78,-4,-6,-21,-7,-2,24,2
23.019151,29,13,-2,1,18,0,5,3,2
23.032749,86,29,-2,-1,-7,-7,0,19,2
23.032757,-87,112,14,3,-3,-11,-7,4,2
23.034427,24,-37,-17,-5,16,8,0,-11,2
23.034453,79,63,10,2,-14,-2,-9,10,2
23.055377,-108,-128,-22,-9,3,10,-4,-41,2
23.055400,127,75,8,4,-19,-9,12,59,2
23.057613,-18,41,1,-5,-4,-5,-15,-87,2
23.057735,-9,-44,0,2,-11,-7,0,-7,2
23.069080,22,-4,-11,-4,5,-45,-6,-13,2
23.069105,-52,-91,-13,-6,13,46,0,31,2
23.079426,-69,54,6,1,5,4,7,-19,2
23.079430,40,114,10,4,-2,9,0,16,2
23.092843,36,-97,0,1,4,13,-5,20,2
23.092859,89,-47,-17,-2,-11,-31,-7,-58,2
23.095275,44,41,-3,-3,-22,-10,10,70,2
23.095281,-68,9,-10,-13,9,-16,-23,-102,2
23.115709,-30,60,10,1,-19,23,17,4,2
23.115731,-61,24,4,0,-5,-15,-13,2,2
23.118225,53,-56,-3,-1,10,17,-4,1,2
23.118231,-5,9,6,1,-14,-11,2,24,2
23.129426,89,50,1,2,8,-2,2,40,2
23.129505,-61,-50,-10,-3,5,4,-2,-60,2
23.138398,13,-21,0,-2,-2,-20,-3,-11,2
23.138402,-60,59,6,1,-14,5,7,12,2
23.152987,-111,-75,-3,-3,29,10,3,-18,2
23.153004,84,19,-7,-6,-4,-28,-11,63,2
23.155226,-12,-17,-4,3,3,26,10,24,2
23.155239,-13,-49,-8,-7,-8,-1,-4,-66,2
23.175332,44,32,5,-1,-3,9,4,24,2
23.175349,13,18,21,7,4,-3,-2,-27,2
23.176798,-37,-70,-10,-4,14,-10,0,31,2
23.176816,49,40,2,3,-21,32,-11,-46,2
23.197853,4,42,3,2,9,-61,9,73,2
23.197877,-72,26,-8,-10,-9,-6,-14,-25,2
23.199795,25,-30,-12,-10,-8,-7,-14,-18,2
23.199800,-31,-57,2,3,23,31,15,34,2
23.212882,52,51,1,-1,-35,8,-10,5,2
23.212905,25,-26,-1,1,31,10,8,34,2
23.215823,54,12,8,6,-4,-11,-5,-10,2
23.215828,-42,65,-1,-3,7,-18,18,22,2
23.235573,67,5,8,0,1,1,-15,2,2
23.235592,13,-48,-5,-2,-7,33,21,21,2
23.237153,-37,-18,-5,-7,-20,-34,-20,-120,2
23.237178,-4,-6,-4,0,-8,-11,-1,32,2
23.257859,-16,42,5,-1,22,12,-6,-55,2
23.257879,95,35,11,3,0,-12,-5,27,2
23.259395,-20,44,-7,-1,3,8,4,40,2
23.259404,24,21,-1,-2,8,-3,-1,-30,2
23.272989,-10,-116,-13,0,-9,-2,-7,-57,2
23.273008,-1,-4,7,3,9,-4,-8,-5,2
23.274431,-57,78,9,4,9,20,15,33,2
23.274440,-39,-3,0,0,5,-13,-10,17,2
23.297198,-52,-46,-13,-6,-1,13,4,6,2
23.297205,74,0,-2,0,2,-2,-1,-36,2
23.297208,-42,123,21,8,-2,-31,-2,4,2
23.297210,48,-128,-11,-6,13,16,-4,-65,2
23.318108,-62,-62,-20,-2,-7,11,7,62,2
23.318132,-23,-35,-4,-4,-20,-19,-7,46,2
23.320838,7,93,10,3,8,18,0,-40,2
23.320846,109,-6,10,6,3,-9,10,97,2
23.332526,-77,32,1,-1,-1,2,-10,-95,2
23.332555,-88,-101,-17,-7,-10,-1,1,10,2
23.339191,1,8,1,0,-26,3,-3,16,2
23.339234,-13,31,4,2,20,-3,-2,-2,2
23.355692,46,13,5,5,-3,2,7,4,2
23.355728,-22,71,-9,-8,-4,-9,-6,-29,2
23.357942,-46,-128,-16,-7,-7,7,0,-10,2
23.357948,59,49,2,2,-6,-19,0,-25,2
23.377794,-86,62,6,0,-4,-1,3,32,2
23.377816,-43,-38,-9,2,1,1,-5,-16,2
23.379365,53,39,8,1,30,3,1,-14,2
23.379387,-2,-9,-3,-2,-26,-1,-7,-2,2
23.392166,67,-19,0,-3,5,10,1,-18,2
23.392186,-60,87,1,3,-8,-4,0,28,2
23.399053,22,11,-22,-4,11,-1,0,27,2
23.399070,-48,30,-10,-6,-12,-18,-13,9,2
23.415276,-17,38,6,0,-1,-17,-4,6,2
23.415299,-17,-28,-1,0,-1,17,13,3,2
23.416853,89,32,3,1,-23,-4,-6,56,2
23.416873,-53,-11,-7,-4,2,-10,-7,-31,2
23.437815,39,1,1,-4,-17,7,-5,-39,2
23.437832,73,0,6,4,15,4,4,18,2
23.439616,-43,6,7,4,6,0,4,14,2
23.439645,62,88,23,5,21,12,0,-9,2
23.453972,-43,-72,-32,-3,-27,-4,7,52,2
23.453985,-29,115,10,5,37,44,5,-58,2
23.459037,3,2,-6,-6,-21,-2,-11,-63,2
23.459055,3,-71,-1,0,-14,4,7,45,2
23.475391,5,102,7,-2,12,-11,-1,11,2
23.475413,3,-117,-9,-3,-18,-24,-9,29,2
23.477544,36,-12,6,2,11,10,2,-35,2
23.477553,-53,-26,-4,1,-8,-6,6,75,2
23.499310,-39,42,10,6,-3,2,-12,-81,2
23.499318,-114,-93,-9,-6,-5,-7,-4,-15,2
23.499320,40,37,4,2,16,34,8,13,2
23.499322,85,-32,-13,-3,-25,-76,0,11,2
23.515350,7,0,-8,-9,-4,8,-16,-33,2
23.515355,34,-7,2,2,0,7,10,-31,2
23.519449,-12,23,4,2,1,-14,1,16,2
23.519474,6,-5,1,2,3,11,2,16,2
23.535613,28,59,13,6,1,6,3,25,2
23.535642,35,40,-1,-3,-9,-18,-9,-3,2
23.538212,-12,-48,-4,-5,-4,-6,1,-9,2
23.538217,9,16,5,-2,19,21,2,-3,2
23.557994,21,29,7,7,10,-20,4,40,2
23.559621,-26,-98,-8,-6,2,31,-14,-26,2
23.559628,-29,21,-1,3,-13,-22,3,33,2
23.559679,47,74,-7,-8,-10,-5,-15,-14,2
23.572160,-62,-128,-19,-9,7,6,0,-16,2
23.572181,12,105,9,3,-3,-14,-1,13,2
23.579140,-17,-109,-10,-3,-7,-5,-1,13,2
23.579163,-12,62,10,3,4,5,-1,6,2
23.595315,51,23,1,-3,-1,0,5,31,2
23.595338,29,26,-1,-1,3,-10,2,-2,2
23.597838,-14,26,1,1,-17,-17,-13,-27,2
23.597845,44,-67,-4,-5,26,41,1,-16,2
23.617827,-39,12,-10,-3,-3,-19,1,-15,2
23.617850,79,85,23,7,-25,12,2,39,2
23.620164,-85,-82,-31,-15,15,-66,-8,-74,2
23.620179,-128,-33,-17,-2,0,-10,6,-17,2
23.632134,94,69,13,6,8,10,6,41,2
23.632151,11,-15,-13,-1,-11,-8,-12,30,2
23.639233,-8,119,14,0,3,10,-6,22,2
23.639260,-3,-88,-5,-4,-16,9,4,11,2
23.655652,-24,69,11,3,0,0,-5,-85,2
23.655694,71,68,-4,-7,-2,-32,2,8,2
23.658323,6,-49,-6,1,13,25,-1,15,2
23.658334,-2,19,-2,0,3,21,14,43,2
23.678320,23,37,7,2,2,11,-12,-36,2
23.678350,-10,-4,-3,-3,4,-20,-3,3,2
23.679760,-37,15,4,0,10,25,10,-1,2
23.679764,29,-8,6,0,3,-5,5,11,2
23.691637,39,35,-1,-3,-11,-17,-15,-52,2
23.691654,-82,-126,-25,-9,2,3,-1,-3,2
23.701022,68,55,12,6,-12,2,-2,8,2
23.701031,-30,112,8,1,-3,-8,-1,-8,2
23.715678,-29,-55,-4,-3,7,18,1,17,2
23.715695,42,-13,-6,-2,-6,-7,0,-33,2
23.717112,-81,33,4,1,7,31,1,23,2
23.717133,64,63,1,2,-16,3,-3,11,2
23.737943,-70,-67,-13,-7,8,-2,-6,-26,2
23.737971,-70,-30,0,1,2,-3,5,-26,2
23.739693,92,-39,4,3,-10,-2,5,74,2
23.739698,-65,-42,-6,-8,-1,-3,-18,-47,2
23.751454,67,94,4,3,-9,17,24,-9,2
23.751476,-64,-56,-9,-1,1,16,-4,20,2
23.760782,63,55,8,4,17,-13,-7,-17,2
23.760786,6,-75,-5,1,6,-4,-3,-15,2
23.777128,-48,-27,0,-2,1,-2,1,40,2
23.777135,50,127,14,-3,-13,-6,-5,-2,2
23.777137,-75,-112,-14,-7,-5,1,2,-25,2
23.777139,31,-14,-12,2,-6,-8,0,-29,2
23.798012,64,-16,-6,-6,-8,-5,-4,39,2
23.798035,-6,19,3,3,0,-4,-1,31,2
23.800559,-1,-4,3,-6,-3,-4,-7,-31,2
23.800566,-28,39,0,2,3,3,-3,0,2
23.811950,43,-65,12,4,6,-3,4,28,2
23.811981,3,-4,-3,0,14,3,7,37,2
23.822858,-17,63,-7,-5,-3,-1,-8,-103,2
23.822865,-30,-54,-10,-3,-18,-8,-3,21,2
23.835285,35,-34,5,5,10,3,5,54,2
23.835303,-46,27,17,4,1,-16,-7,-1,2
23.837787,7,-19,-11,-5,-5,21,-1,32,2
23.837795,17,88,14,2,0,-15,-11,-8,2
23.857912,-32,-87,-26,-9,7,-6,4,2,2
23.857931,106,69,4,4,-3,7,5,-3,2
23.859418,-46,23,-1,5,-1,-7,4,23,2
23.859436,24,17,5,-1,3,-7,-5,-19,2
23.871545,-47,-59,-12,-9,-15,-4,-7,2,2
23.871568,-25,-10,3,0,13,1,0,15,2
23.881179,57,26,13,7,23,12,4,-35,2
23.881184,-29,-11,2,-1,-5,1,-2,5,2
23.895631,30,63,4,0,-1,-3,-5,-4,2
23.895651,12,-56,-3,-2,-18,7,6,-40,2
23.897106,-2,14,-5,-3,0,2,-9,25,2
23.897114,-19,3,-5,-2,16,-31,-7,13,2
23.917888,23,50,11,2,-2,28,0,-44,2
23.917892,-79,-73,-17,-4,1,4,8,-29,2
23.919564,47,9,-2,-3,-10,-13,2,33,2
23.919583,-104,-11,0,-2,1,3,4,12,2
23.933113,65,57,6,2,-1,-7,-9,-3,2
23.933118,46,9,-7,-1,-4,-4,-3,-28,2
23.941301,-12,19,6,-2,-6,-14,-4,2,2
23.941305,6,31,1,2,9,16,13,18,2
23.955394,73,7,6,-1,-12,9,-5,1,2
23.955413,-17,-25,-6,2,26,13,-8,6,2
23.957367,-82,-53,-17,-9,-62,-76,-8,-12,2
23.957392,37,17,-1,-4,-1,15,-4,-38,2
23.980519,-77,-14,-8,-4,-7,-12,2,18,2
23.980526,-4,59,15,1,-6,-1,1,-1,2
23.980529,37,0,1,5,10,13,-6,14,2
23.980531,12,-53,1,1,-3,0,0,-7,2
23.991534,26,96,28,10,-4,-27,1,-4,2
23.991571,-89,-84,-28,-12,20,23,-4,31,2
24.000920,-69,-18,-20,-8,-10,-10,-1,-86,2
24.000925,19,-51,-4,-2,-5,-10,-2,3,2
24.015676,-16,-2,-11,-6,5,10,-1,2,2
24.015698,55,64,21,9,-8,-4,0,18,2
24.017119,49,16,6,3,2,11,5,41,2
24.017128,-27,-21,-9,-1,7,7,-5,-17,2
24.037845,-24,1,-3,-2,-1,-15,-6,-8,2
24.037865,15,-16,-6,-5,-5,-12,0,0,2
24.039968,0,7,2,-3,-3,5,0,34,2
24.039978,35,-4,6,4,-6,1,5,-16,2
24.051713,-59,14,9,5,24,16,-5,-33,2
24.051736,-59,71,-12,-8,-23,10,-15,-79,2
24.060375,-35,-75,-16,-9,3,-56,-9,23,2
24.060459,13,63,-1,-8,-2,0,8,18,2
24.075243,-25,0,-10,1,12,11,-1,-24,2
24.075260,26,-20,0,1,-16,3,4,18,2
24.076803,35,45,13,3,8,12,-4,-2,2
24.076824,2,0,-1,-1,-11,5,-4,1,2
24.097914,-13,-7,-3,-4,-9,-28,0,1,2
24.097930,22,-1,7,-2,2,-15,0,20,2
24.099295,7,-46,-11,-1,5,35,5,-13,2
24.099319,2,10,12,2,1,-8,-3,37,2
24.121880,-15,35,0,2,4,14,7,12,2
24.121889,30,-84,13,7,-16,-9,-4,-40,2
24.121891,-71,-4,-13,-5,32,12,-2,-19,2
24.121893,3,-11,-9,-2,-3,-2,3,26,2
24.136055,-27,-77,-15,-8,-7,-7,-11,-14,2
24.136073,13,43,-1,-3,-1,-3,-2,-4,2
24.136965,41,62,11,4,3,4,3,28,2
24.136983,38,1,3,2,-6,-1,14,37,2
24.157771,-21,6,-1,-5,-6,-3,-3,-35,2
24.157790,6,13,3,5,5,-2,8,77,2
24.159311,92,123,29,7,-34,-12,-4,-35,2
24.159320,0,-84,-34,-15,28,62,-20,-83,2
24.180619,-4,16,-3,4,-9,-49,-2,49,2
24.180648,-47,4,-9,-8,-15,-18,11,-27,2
24.187000,12,14,7,7,6,7,-2,-7,2
24.189810,7,2,4,4,-12,-7,-4,-13,2
24.195610,13,14,3,-6,1,7,0,-2,2
24.195631,8,6,-5,-1,2,3,-4,9,2
24.198175,8,-59,12,4,-3,1,11,47,2
24.198183,-20,-81,-19,-4,-8,-19,-9,-25,2
24.218429,-12,-10,28,3,17,19,8,26,2
24.218459,12,14,-2,0,6,-14,-7,-5,2
24.221589,16,-3,-13,-8,-3,15,-2,1,2
24.221599,-24,22,10,0,2,-7,-3,-22,2
24.240407,38,6,11,2,-6,-15,8,5,2
24.241609,4,-38,-3,-1,3,33,9,18,2
24.241810,59,49,-4,-6,-36,-21,-16,-27,2
24.241834,-119,-11,-6,0,36,7,-5,-47,2
24.255600,114,-38,-28,-6,-5,-7,-4,24,2
24.255636,27,56,6,-4,-1,-11,-4,21,2
24.257404,-25,-83,-10,-5,1,9,3,9,2
24.257410,38,102,8,3,-4,-14,1,24,2
24.277768,-12,-110,5,1,-16,13,-1,-3,2
24.277782,-30,25,-3,1,13,0,-5,-31,2
24.279645,-21,40,5,-4,11,5,5,20,2
24.279934,89,-43,-10,-1,-18,32,-19,-27,2
24.300306,-74,-19,-14,-3,1,-3,11,12,2
24.300328,45,52,6,1,-2,2,1,32,2
24.303249,-16,-75,1,-3,9,-24,-8,-18,2
24.303262,11,-13,5,-2,-15,31,8,-7,2
24.314698,18,2,-12,-3,1,-6,3,55,2
24.314720,-50,-74,-12,-7,-8,-6,-15,-60,2
24.324136,16,65,3,1,2,11,6,39,2
24.324143,25,83,17,4,-8,-30,-1,-19,2
24.338638,28,-40,-8,1,12,23,-2,17,2
24.338650,-37,8,-8,-2,-4,-9,-1,24,2
24.339488,-83,7,2,2,7,1,0,-36,2
24.339498,31,-16,4,-4,-4,-18,-1,21,2
24.360499,-7,58,7,5,-3,0,-6,-28,2
24.360523,7,-23,2,2,7,3,1,6,2
24.362305,35,-48,-2,1,2,10,0,-11,2
24.362310,-81,92,2,-1,2,-14,6,49,2
24.374751,1,-45,-4,-1,-3,7,-4,-27,2
24.374776,51,-15,-7,-3,-37,-4,-4,-24,2
24.381865,-57,62,6,0,35,-3,-2,94,2
24.381881,5,-90,-21,-5,3,39,17,1,2
24.397806,10,-37,-8,-1,-7,-59,-8,-72,2
24.397828,-12,18,5,-2,-14,-34,-9,-52,2
24.399762,57,39,3,-1,-9,2,6,-10,2
24.399769,-16,-11,0,-4,-6,-13,-2,37,2
24.420711,-37,37,-2,-6,7,13,-6,-12,2
24.420737,92,34,5,8,16,-1,4,16,2
24.421800,-83,-73,-10,0,3,-14,1,9,2
24.421824,-19,20,-1,-5,-1,12,-7,22,2
24.434599,-81,-93,-6,-1,-6,18,-8,-67,2
24.434621,-4,11,-6,-4,12,1,2,37,2
24.441467,34,71,7,2,-2,18,-1,-9,2
24.441490,3,-28,-5,0,-3,-19,-4,-23,2
24.465508,8,72,5,-2,-3,-2,5,64,2
24.465527,-49,66,22,12,17,2,9,-16,2
24.466909,-50,-126,-32,-18,-9,18,-18,-49,2
24.466929,-28,-76,-7,1,-8,-31,10,23,2
24.480227,80,80,8,0,-4,4,1,5,2
24.480236,-48,-99,-12,-8,6,5,-2,11,2
24.481769,24,25,9,7,-12,1,8,20,2
24.481784,14,59,11,5,7,-9,-10,-37,2
24.494596,-1,30,-12,-9,1,10,-1,30,2
24.494616,-21,-44,21,11,9,42,-7,20,2
24.502248,-74,-69,-24,-13,-23,-63,-7,-59,2
24.502277,25,-11,0,0,1,6,2,-12,2
24.517803,71,9,-4,-3,-4,-9,-3,38,2
24.517819,-2,50,-2,-1,-7,5,1,-36,2
24.520038,-6,19,10,6,12,17,5,33,2
24.520045,-35,-18,-10,-3,0,-8,0,22,2
24.542269,-18,23,4,-1,-7,-1,3,12,2
24.542276,18,19,2,1,16,-11,-9,-39,2
24.542278,-7,-24,1,1,2,19,11,-28,2
24.542280,31,36,5,0,2,2,0,12,2
24.554689,61,-27,-5,5,1,-10,8,-14,2
24.554712,54,-27,-23,-21,-26,-14,-4,6,2
24.561860,38,-13,-4,1,6,-8,-9,34,2
24.561941,45,24,2,1,-2,4,6,48,2
24.578038,-67,-42,3,0,5,10,-3,-55,2
24.578063,-16,23,12,2,2,-10,-2,30,2
24.580006,47,36,-1,-3,3,-6,-3,-12,2
24.580013,0,-28,-4,0,-11,-4,-5,8,2
24.600242,-34,-1,-9,-3,-5,-1,-7,6,2
24.600265,18,7,12,6,2,0,3,6,2
24.601783,26,58,16,0,-11,11,0,21,2
24.601798,-17,-43,-1,0,13,-15,-6,-10,2
24.613993,25,40,1,-1,-5,14,4,0,2
24.614015,-85,-34,-13,-8,-6,4,3,9,2
24.625060,46,20,2,6,3,10,4,-17,2
24.625072,7,-21,0,-1,-7,-19,-22,-14,2
24.637908,-76,-28,-12,-4,0,8,4,-26,2
24.637930,45,70,2,0,0,7,2,23,2
24.639538,18,-89,-22,-10,-12,-12,-1,-42,2
24.639558,6,70,5,0,13,14,8,-2,2
24.660302,59,-4,0,-1,-12,-63,-5,41,2
24.660325,-3,0,-2,-2,7,12,1,-29,2
24.662744,-19,-1,4,0,-1,-2,-5,7,2
24.662750,-36,-4,3,7,-1,-1,6,1,2
24.674037,-50,-12,11,2,24,12,-7,-34,2
24.674054,38,41,2,-1,-9,-9,-7,-44,2
24.685066,8,60,-3,-5,-2,-3,9,6,2
24.685075,70,-43,-17,-5,-12,-18,-10,-31,2
24.697715,-5,29,10,3,34,39,10,26,2
24.697731,52,-7,-8,0,-5,-5,-1,25,2
24.699173,-116,6,4,2,15,21,-13,-34,2
24.699191,27,10,2,-5,-10,-12,8,-18,2
24.720489,59,51,0,-2,-3,6,5,12,2
24.720511,-43,-17,-1,-1,-6,-9,4,-4,2
24.722216,68,-55,1,3,-1,2,5,32,2
24.722231,-9,43,-4,-2,0,6,-3,-4,2
24.734341,-34,4,-1,-1,-18,-9,-7,-11,2
24.734363,2,-4,4,-2,7,9,-2,-1,2
24.743486,1,-5,7,2,1,-4,-9,18,2
24.743496,-16,65,4,-2,-5,-5,-5,-13,2
24.758942,-42,-34,-8,-5,-3,9,2,-16,2
24.758948,4,-68,-7,-1,6,-1,-1,24,2
24.759322,57,25,-2,-2,19,34,-4,23,2
24.759333,-70,31,3,1,-40,-62,-10,-46,2
24.780327,15,-18,3,1,28,-10,-9,24,2
24.780356,-103,-40,0,-1,5,14,2,16,2
24.782065,75,-17,-2,-2,-15,-17,3,-9,2
24.782070,38,-60,-5,0,16,59,6,24,2
24.802318,3,2,1,-3,-14,-10,1,-3,2
24.802353,-29,24,6,2,2,-15,-4,-16,2
24.805238,4,22,0,-1,4,4,0,35,2
24.805245,27,73,1,1,1,-1,6,47,2
24.817205,0,-14,-3,1,-6,-3,-9,-66,2
24.817227,-32,-9,-19,-7,0,7,-9,-16,2
24.821037,-22,-46,-20,-7,-17,-13,0,-1,2
24.821049,-60,-4,23,7,10,5,1,21,2
24.839791,43,21,-4,-1,-23,8,8,25,2
24.839809,85,9,1,-3,18,-9,-1,-27,2
24.840473,-63,39,-6,5,-24,-1,5,-25,2
24.840561,-8,-54,4,-7,33,1,-5,-20,2
24.862328,76,9,0,3,-4,-1,-9,8,2
24.862354,-5,-26,-8,-3,-9,2,4,38,2
24.865060,-30,51,6,1,1,-6,-1,7,2
24.865067,37,-86,-8,-2,-4,13,0,-37,2
24.877654,10,57,-4,-7,8,-9,-8,8,2
24.877684,-63,-49,-7,1,-21,2,2,8,2
24.879203,9,32,4,-6,5,-1,5,-5,2
24.879207,-45,14,5,2,-5,-6,-1,-9,2
24.899857,25,-27,-5,-1,2,-3,-7,-25,2
24.899867,8,91,12,8,1,-1,4,54,2
24.900460,98,-37,-12,-6,3,-1,-5,-45,2
24.900501,-39,-27,-9,-2,-16,9,-3,-8,2
24.922649,-62,21,1,-2,-1,-55,-4,-1,2
24.925070,81,-88,-11,-2,-21,2,9,30,2
24.925078,-37,56,10,4,46,7,-13,-58,2
24.925080,26,1,-11,-4,-2,-14,11,35,2
24.937194,-45,18,6,-1,-11,1,-3,0,2
24.937216,31,20,2,-6,10,7,-2,28,2
24.939438,-102,-66,-5,5,-14,-11,3,-18,2
24.939442,58,-32,-10,-5,-3,12,-5,-33,2
24.961065,-17,7,4,0,6,10,3,45,2
24.961071,-23,31,14,-1,-4,-11,-5,-44,2
24.961073,64,11,-4,0,-5,9,3,-3,2
24.961075,12,18,0,-3,3,-2,2,9,2
24.982520,15,-34,4,4,0,4,-3,23,2
24.982548,-22,16,-4,-1,4,-5,-1,-19,2
24.983903,64,-16,10,2,-47,-20,0,58,2
24.983907,-93,-42,-7,-4,-11,21,-8,-88,2
24.997265,40,14,-6,-1,35,17,1,25,2
24.998860,60,10,0,-1,-7,-3,-7,-34,2
24.998864,-72,-19,-3,-2,15,0,6,30,2
24.998867,-21,24,6,3,-7,-11,-3,24,2
25.020028,1,-22,-2,-2,-17,12,8,-13,2
25.020063,16,48,6,7,13,-15,-2,-7,2
25.021642,-7,-58,-11,-9,-10,14,-8,29,2
25.021658,-29,-16,5,2,8,20,5,23,2
25.042106,-49,-38,-9,-5,-9,13,-1,15,2
25.042125,28,-50,-5,-2,-6,-24,0,-40,2
25.042801,-89,32,10,5,15,-1,-7,-11,2
25.042819,14,17,-4,1,-10,8,1,7,2
27.067835,0,-2,0,3,0,0,-1,-1,0
27.068087,0,0,4,1,2,-1,-1,-2,0
27.069834,-14,-2,-1,-3,-3,-1,-2,-1,0
27.069907,8,17,-3,-2,-2,-2,-1,-1,0
27.082044,-3,-14,19,2,0,-1,-1,-2,0
27.082066,4,2,-4,-1,-1,-3,-2,-2,0
27.082854,-13,-6,-7,-4,-2,0,0,-1,0
27.082858,10,0,-4,-4,1,0,-1,1,0
27.105573,0,0,-6,0,-2,-2,-1,-1,0
27.105604,-5,2,1,-1,0,1,-1,-1,0
27.106240,4,0,5,-1,-2,-2,-2,-2,0
27.107690,4,-9,-5,-1,-1,0,1,0,0
27.127795,-6,-7,-6,0,0,-1,0,-1,0
27.127818,-2,2,-7,-2,-2,1,-1,-1,0
27.130966,-2,4,1,-2,-1,-3,-1,-1,0
27.130972,0,3,3,3,-1,-1,0,-1,0
27.142265,-1,-1,2,1,0,1,0,-2,0
27.142286,0,-2,-1,-5,-1,-2,-1,0,0
27.143700,-6,-4,-2,2,-1,1,-2,-1,0
27.143711,-1,-2,0,-2,-2,-2,0,-1,0
27.165289,1,13,-4,-3,-1,0,-1,0,0
27.165305,-4,-15,2,-1,-3,-2,0,-2,0
27.166000,-2,-2,-4,-6,1,-3,0,-1,0
27.166012,0,-2,7,6,-1,-1,0,1,0
27.187819,4,15,-4,-1,-2,0,-2,-1,0
27.187841,0,-8,1,0,1,-1,0,0,0
27.188777,7,-6,-7,-1,-2,0,-1,1,0
27.188785,-14,-1,2,-2,-1,-1,-1,-2,0
27.202749,-2,0,-1,-3,-2,0,-1,0,0
27.202797,0,3,-1,0,0,-1,-1,-2,0
27.205574,-3,-10,-5,1,0,-2,0,-1,0
27.205579,8,10,7,5,2,0,-1,0,0
27.225832,-3,-1,-2,0,-1,-1,-1,0,0
27.225837,-4,1,-2,-3,-2,-2,0,-2,0
27.225999,-5,-2,-2,-3,-3,0,-1,-1,0
27.226007,6,-6,-3,0,0,0,-1,1,0
27.248044,-3,-5,-3,-2,1,-2,-1,-1,0
27.248068,1,3,0,-4,-1,0,1,-1,0
27.250529,-3,-1,1,3,0,0,1,0,0
27.250535,-2,9,-3,-3,-2,-2,-1,-1,0
27.262164,1,-22,1,-1,-1,-3,0,-1,0
27.262245,-1,1,-9,0,-1,-1,0,0,0
27.264304,-4,3,6,-1,-1,0,-1,-1,0
27.264310,0,-4,-1,-5,-2,-1,-2,0,0
27.285632,2,6,-1,-1,-1,0,-1,-1,0
27.285654,-3,3,5,-1,-2,-1,-2,1,0
27.287578,-4,-3,0,1,0,0,0,-1,0
27.287584,3,-2,-8,-4,-1,-3,-1,0,0
27.307919,9,-1,-2,-2,0,-2,-2,-1,0
27.307935,-14,-7,2,0,-1,0,0,0,0
27.308535,4,14,2,-2,0,-1,-1,-1,0
27.308549,-11,-9,-2,3,0,0,-1,-2,0
27.322470,0,2,2,1,-1,-1,0,-3,0
27.322513,-8,-10,-4,-1,1,0,-1,0,0
27.323076,-3,2,1,0,1,-1,0,-1,0
27.323102,5,0,-2,-4,-2,-1,0,-1,0
27.345358,3,-2,-2,-1,0,-1,-1,0,0
27.345387,-1,8,-3,-2,-2,0,0,-1,0
27.347485,3,-2,-2,-2,-1,-1,-1,-1,0
27.347489,2,-5,-1,-2,-1,-2,-1,-1,0
27.367771,-7,14,-4,-1,-1,0,0,-1,0
27.367789,3,-2,2,2,0,-1,-1,0,0
27.368714,-4,-16,4,-2,-1,-1,-2,-1,0
27.368780,0,-15,-8,-1,-1,0,-1,0,0
27.382022,-11,3,-3,0,-2,-3,-1,0,0
27.382032,7,19,3,-2,-1,0,-1,-1,0
27.382780,6,4,5,5,2,0,-1,-1,0
27.382797,-10,-1,-4,-1,-1,-2,0,-2,0
27.405356,-1,-18,-6,-2,-1,-2,-1,-1,0
27.405374,2,0,-1,-5,-1,-1,-1,-1,0
27.407635,-1,1,-3,0,0,-1,-2,-2,0
27.407645,1,-10,-5,-3,0,-1,0,-1,0
27.428712,-3,8,1,1,-1,-1,0,-1,0
27.428717,3,-4,2,2,-2,-2,-2,-2,0
27.428719,-3,0,-3,-5,-2,-1,-1,-2,0
27.428721,1,3,0,0,-2,0,1,-1,0
27.450355,-3,-10,-4,-2,1,0,-1,-1,0
27.450370,-2,-3,1,1,-1,-2,-1,-1,0
27.451098,0,1,-7,-3,-2,-2,-2,-1,0
27.452682,0,1,0,0,-1,-1,-2,-2,0
27.465409,-2,10,0,-2,-3,-2,-1,-1,0
27.465433,-3,-10,7,2,-1,-1,0,-2,0
27.466248,-2,-5,-6,-3,-2,-1,-2,-1,0
27.466252,15,21,4,0,0,-2,-3,-1,0
27.487838,-15,-17,7,4,2,1,0,0,0
27.487864,1,1,-4,1,0,-2,-1,-2,0
27.488991,-7,-4,-1,-2,-2,-1,0,-2,0
27.489001,8,3,1,-2,-2,-1,-1,1,0
27.502143,-6,2,3,0,-2,0,-1,0,0
27.502169,0,3,-4,-1,-2,-2,-1,-2,0
27.504424,-1,-3,-1,2,0,-1,-1,-1,0
27.504434,0,-3,-3,-4,-1,0,-1,-1,0
27.525544,4,-2,0,-5,-2,-3,-2,-2,0
27.525564,-2,-10,-7,-3,-1,-1,-1,0,0
27.525963,0,14,0,-1,0,-2,0,-1,0
27.525977,-5,3,2,-1,1,0,-1,0,0
27.547767,9,2,4,5,1,0,-1,0,0
27.547790,1,1,0,-2,-1,-1,-2,-1,0
27.548769,1,-6,-8,-2,0,-1,0,0,0
27.548773,-5,6,-4,-2,-2,-1,-1,-1,0
27.561423,-5,-15,1,-3,-2,-1,0,-1,0
27.561439,3,12,-2,-1,-1,-1,-1,0,0
27.569692,-2,-1,-1,-3,-2,-1,0,0,0
27.569776,-4,-3,3,1,-1,-1,-1,-1,0
27.585243,1,-3,-7,-4,0,0,-2,-1,0
27.585302,-2,-1,5,0,-1,0,-1,-1,0
27.586091,-2,-3,1,0,-1,0,0,-1,0
27.586119,-1,-5,2,2,-1,-1,1,-1,0
27.607911,3,14,-4,-1,-2,-2,-1,-2,0
27.607935,-1,-13,1,-1,0,-2,-1,0,0
27.609913,-2,3,0,-5,-1,-2,-1,-2,0
27.609917,5,-6,1,1,0,-1,0,1,0
27.621521,-12,1,-3,-1,0,-1,-2,-2,0
27.621560,-1,2,-6,1,2,0,-1,1,0
27.632343,0,-4,2,1,-1,0,0,0,0
27.632351,-1,-5,-4,-4,-1,-2,-1,-2,0
27.647460,6,1,-2,0,-1,-1,-1,1,0
27.647469,-1,0,-2,-1,-1,-2,1,-1,0
27.647473,-2,-7,2,-1,0,-2,-1,-1,0
27.647476,-3,17,-3,-1,-1,-1,-1,-1,0
27.667951,-3,-16,1,-1,-1,-1,0,-1,0
27.669450,5,0,-2,-1,0,-1,0,0,0
27.669463,0,-1,-2,0,-2,-1,-2,0,0
27.669465,-2,-6,0,0,0,1,0,-1,0
27.681370,-2,0,-7,-4,-2,-2,-1,-2,0
27.681387,-1,3,2,1,-1,-2,0,-1,0
27.689949,0,-5,1,1,1,0,-1,-1,0
27.689969,-3,-6,-5,1,-2,-1,-2,-1,0
27.705489,0,4,1,-1,0,1,0,1,0
27.705507,-1,-1,-2,-4,0,-1,-2,-1,0
27.706937,1,6,-3,-4,-1,-1,-2,-1,0
27.706965,-3,-14,-4,0,0,0,0,-2,0
27.727732,3,2,12,4,0,0,0,-1,0
27.727747,0,0,-3,-3,-1,-1,0,0,0
27.729316,-2,-13,-2,0,0,-1,0,0,0
27.729326,1,20,0,-3,1,-1,0,1,0
27.741488,1,3,4,-3,-2,0,0,-2,0
27.741498,-1,0,-4,-1,-2,-2,-2,-1,0
27.751766,-2,-5,-5,-2,0,-1,0,-1,0
27.751778,-4,-14,-6,0,-1,-1,-1,-1,0
27.765299,1,3,-3,-2,-1,-2,-2,0,0
27.765316,-1,11,-3,1,-2,1,-1,-1,0
27.766778,3,-4,6,-2,-2,-2,-2,-1,0
27.766786,-10,-11,-5,1,0,1,-1,-2,0
27.790476,-12,-6,0,0,-1,1,1,-1,0
27.790483,0,0,0,-1,-2,0,-1,-2,0
27.790486,-1,1,-3,-2,-1,0,0,1,0
27.790488,4,1,-4,-4,-3,-2,-3,-1,0
27.801542,3,0,-4,-5,0,-2,-1,1,0
27.801565,-3,-3,7,4,1,0,0,-1,0
27.812206,1,5,1,0,-1,1,-1,-2,0
27.812215,-2,-6,0,-2,-3,-2,-1,-3,0
27.824264,3,0,0,2,2,-1,-1,0,0
27.824287,-1,-8,-5,-4,-2,-1,0,1,0
27.834264,-2,3,-1,-3,-1,-1,-3,-2,0
27.834269,1,12,4,0,1,-1,0,-1,0
27.848201,-3,-20,-7,-6,0,-1,-2,-1,0
27.848233,5,2,4,-1,-1,-1,-2,-2,0
27.850775,-8,5,2,-1,-2,-1,0,0,0
27.850781,7,-11,-3,-1,0,-2,-1,-1,0
27.861507,1,-2,-2,-1,-1,-1,-1,-2,0
27.861532,-2,15,1,1,-1,-1,0,-2,0
27.872067,-5,-2,1,2,0,-2,1,0,0
27.872077,12,12,2,-1,-1,0,-1,0,0
27.886002,0,-4,-5,0,-2,0,0,-1,0
27.886044,-3,-14,-3,-4,-1,-1,-2,0,0
27.888416,-1,7,-8,-3,-3,-2,-1,0,0
27.888424,-4,-4,7,1,0,1,0,1,0
27.907832,5,6,2,0,0,0,0,-1,0
27.907855,-13,-6,1,2,0,0,-1,-3,0
27.909547,-14,-3,1,-3,-1,-1,-2,-3,0
27.909559,-5,-11,-9,0,-2,-2,0,1,0
27.930742,0,1,-2,-2,-1,-1,-1,-1,0
27.930814,5,2,-3,-4,-4,-1,-1,0,0
27.931935,6,9,0,0,0,-1,-1,-1,0
27.932965,-1,-19,-3,-4,-1,-1,-1,-2,0
27.945627,-9,-3,-3,-2,0,0,-1,-2,0
27.945693,18,1,-3,-3,-1,-2,-2,2,0
27.946874,47,7,2,0,-1,2,1,2,0
27.946890,-87,-25,-4,-1,-4,-3,-3,-7,0
27.967956,22,1,3,2,-1,-1,-1,-2,0
27.967977,-8,-12,-4,-1,-2,0,-1,-1,0
27.970480,15,6,0,-1,0,0,-1,1,0
27.970490,24,20,4,-3,0,0,-1,2,0
27.990637,-13,-4,-1,-2,-2,-1,0,-3,0
27.990660,-8,-3,1,1,0,-1,-2,-2,0
27.992014,-12,-3,-1,2,-2,-1,-2,-2,0
27.992034,5,4,-3,-4,-2,0,0,-3,0
28.005551,-11,-6,-2,-2,-3,-2,-2,-1,0
28.005564,9,3,-8,-2,-1,0,0,0,0
28.007179,-7,0,7,3,0,0,-1,-2,0
28.007261,-3,-1,1,1,0,-1,-3,-1,0
28.027885,11,2,0,-3,-2,1,-1,-1,0
28.027907,-3,-1,-5,-2,0,0,0,-2,0
28.029736,-11,-8,-6,-4,-1,-1,-1,-1,0
28.029749,13,5,2,2,0,0,-1,2,0
28.052242,-3,5,0,0,-1,-1,-2,-1,0
28.052254,-10,1,-1,0,0,-2,-1,-1,0
28.052257,-8,-25,-7,-3,-2,-2,-2,-2,0
28.052259,11,9,7,-1,-3,-2,-1,-1,0
28.073011,-4,4,-1,2,1,-1,0,0,0
28.073030,5,-8,0,0,1,0,0,-1,0
28.074521,0,5,4,0,-1,-2,-2,-3,0
28.074579,8,-5,-7,-3,-2,-1,-1,0,0
28.087923,-53,-4,-5,-3,-2,-1,-2,-4,0
28.087949,-2,-3,-2,-5,-1,-1,0,-1,0
28.089689,0,3,-1,1,-1,0,1,-1,0
28.089710,22,3,1,1,1,-1,-1,1,0
28.110692,14,4,2,1,0,-2,-1,-1,0
28.112917,-17,-7,-2,-1,1,-1,-2,-1,0
28.112923,-8,-6,-4,-3,-1,-1,-2,-1,0
28.112924,-9,1,-1,1,1,1,-1,0,0
28.124771,20,2,2,-3,0,-1,0,1,0
28.124795,3,9,7,1,0,-2,0,-1,0
28.131804,5,0,-6,-1,0,-2,-1,1,0
28.131828,-22,-2,1,-3,0,-1,0,-1,0
28.148127,5,2,-3,-2,1,-2,-2,1,0
28.148148,0,-3,-1,0,-2,-2,-1,-1,0
28.149608,-2,20,4,-2,-1,-2,0,-1,0
28.149630,4,-17,-2,-1,-1,-2,-1,-1,0
28.170527,-2,-5,-3,0,-2,0,0,-1,0
28.170552,0,0,0,0,-2,0,-2,-1,0
28.172336,0,-3,2,0,-1,0,-1,-1,0
28.172348,2,-1,-7,-3,-3,-1,-1,1,0
28.184985,-7,4,-2,-1,-2,1,-1,0,0
28.185014,4,1,4,1,1,0,-1,1,0
28.191442,-7,-3,1,1,0,-2,-1,-3,0
28.191461,2,-1,-3,-3,0,-1,0,-1,0
28.207778,2,-14,-4,-3,-2,-2,-2,-1,0
28.207785,0,16,0,0,-3,0,-2,1,0
28.209179,6,6,-5,1,-2,-1,-1,0,0
28.209188,-16,-8,7,0,-1,-1,-1,-2,0
28.230500,3,1,0,-2,-1,-1,-2,-1,0
28.230521,-55,-13,-3,-3,-1,-1,-2,-3,0
28.232191,7,-4,0,0,-1,-1,0,-1,0
28.232198,3,2,-2,0,0,0,-1,0,0
28.245143,3,4,1,-2,-2,-1,0,-1,0
28.245168,10,12,-1,0,-2,0,-1,2,0
28.251958,-4,-18,2,-3,0,-1,-1,0,0
28.251985,1,6,2,1,-1,-1,-2,-1,0
28.271366,2,-2,-2,0,0,1,-1,-1,0
28.271410,4,-1,-5,-3,0,-2,-1,-1,0
28.274961,-3,-4,-3,-3,-1,-1,-1,-2,0
28.274990,7,2,-6,-1,0,1,-1,-1,0
28.290791,-2,-3,0,-4,-3,0,-2,-3,0
28.290879,10,-4,-5,1,-1,-3,-2,-2,0
28.291925,-10,-1,0,1,0,1,-1,1,0
28.291944,1,-6,2,0,-1,-1,-1,-3,0
28.304822,0,14,3,1,-2,0,0,1,0
28.304853,10,-6,-5,-5,0,-2,-1,-2,0
28.311624,4,-4,-5,-1,-1,-1,-2,-1,0
28.311646,-1,4,2,-1,-1,-2,-1,0,0
28.328108,-4,-7,-3,-4,-1,0,-1,0,0
28.328130,7,-2,1,-3,-1,0,0,1,0
28.329406,3,-2,1,1,-1,0,0,0,0
28.329438,-2,6,0,0,-1,-2,-1,-2,0
28.350860,-1,3,-5,-2,0,-1,0,1,0
28.350880,0,0,1,-3,-2,-2,0,-1,0
28.352498,7,11,-6,-2,-3,-1,-2,-1,0
28.352527,-15,-30,-1,-4,-2,0,-2,0,0
28.364877,-4,0,4,1,2,1,-1,-1,0
28.364887,1,-3,-2,-1,0,0,-1,-2,0
28.371461,-6,1,0,-1,1,-1,0,-1,0
28.371480,4,8,-1,0,-1,-1,0,-1,0
28.388358,12,0,-4,-2,-2,-3,-1,-1,0
28.388400,1,-2,4,4,-1,0,0,0,0
28.389635,-13,-5,-2,-1,-1,0,-1,-2,0
28.389697,4,-3,-2,-1,-3,-2,1,-1,0
28.410520,-6,-2,-5,-5,-2,-2,-3,-2,0
28.410544,0,5,5,3,0,-1,-1,-1,0
28.412564,-4,0,-2,-2,0,0,-1,0,0
28.412570,8,5,-1,2,0,-1,0,0,0
28.432829,17,-3,5,2,0,-1,-1,1,0
28.432849,-47,-17,-6,-5,-2,-2,-1,-3,0
28.434346,-1,-1,-1,2,1,-1,-1,0,0
28.434398,-9,4,-3,-5,-2,1,-2,-1,0
28.447844,11,-9,-2,1,-1,0,-1,-1,0
28.447865,8,-2,-1,0,-1,0,-2,-1,0
28.449247,-8,-1,3,0,0,-2,0,-3,0
28.449262,11,3,-6,-4,0,-1,-1,-1,0
28.470348,-5,-13,0,0,0,-1,0,-1,0
28.470368,-7,11,1,0,-2,-1,-1,-3,0
28.471990,-3,-5,-3,-4,0,1,0,-2,0
28.472006,9,7,0,-2,0,-2,0,-2,0
28.484125,-6,0,2,4,2,-1,-2,1,0
28.484149,7,-7,-1,-4,-2,-1,-1,-1,0
28.493348,3,-5,-3,2,-2,0,0,-1,0
28.493352,-2,1,0,0,1,-1,0,0,0
28.507855,-1,1,-2,0,1,-1,0,-1,0
28.507878,10,-6,-3,-1,-2,0,0,0,0
28.509339,-7,22,-1,-4,-4,-2,-3,-1,0
28.509412,-13,-26,-8,-5,-2,0,0,-1,0
28.530605,-4,4,0,2,-1,0,-1,-2,0
28.530627,7,2,-1,2,0,0,-1,1,0
28.532251,0,3,-1,-4,0,-1,-1,-2,0
28.532257,-6,0,4,3,-1,-1,-2,1,0
28.543997,3,-2,-6,-3,-2,1,-1,-1,0
28.544018,-6,-4,1,-4,-1,-2,-1,-2,0
28.554315,3,-6,-6,0,0,-1,0,1,0
28.554324,12,5,-4,-2,-1,-2,0,2,0
28.569769,-28,-4,1,1,-1,-1,-2,-5,0
28.569786,40,9,-1,0,-1,0,-1,1,0
28.569789,-47,-13,-1,-3,-3,-2,0,-3,0
28.569861,9,6,3,0,0,-1,-1,-1,0
28.590709,-23,-1,2,-1,0,-3,0,0,0
28.590728,3,3,-3,-1,-2,-2,-1,0,0
28.592250,13,-5,2,3,1,0,0,-1,0
28.592254,0,-3,-3,0,-2,-2,-1,-2,0
28.604023,13,11,8,-3,-1,1,-1,-1,0
28.604043,-24,-1,-5,-1,0,-1,-2,-2,0
28.614851,22,1,-1,-4,-1,-2,-1,1,0
28.614856,-24,5,6,3,0,-1,-2,-2,0
28.627980,6,-7,-4,-4,-1,-1,-1,-1,0
28.627997,-2,11,-6,-4,-1,0,-1,-1,0
28.631012,4,-10,4,1,-1,-1,-1,-1,0
28.631017,2,-1,2,3,1,-1,0,-1,0
28.651203,2,-3,-6,-4,0,-1,-1,-1,0
28.651235,-2,-8,-3,-2,-1,-1,-1,1,0
28.653845,-3,12,0,-4,0,-1,-1,-1,0
28.653850,-3,-5,2,0,0,-1,-2,-2,0
28.664054,2,-4,2,2,-1,-2,0,-1,0
28.664072,1,-3,-1,-1,-1,0,1,1,0
28.674213,2,-3,-2,-1,-2,0,0,0,0
28.674225,-1,4,-2,0,-2,0,0,-1,0
28.687959,0,6,2,-1,-1,-2,-1,-2,0
28.687984,-1,-10,1,1,1,-1,-1,-2,0
28.689431,0,-6,-7,-2,-1,-1,1,0,0
28.689465,1,4,-1,-2,1,-1,-2,0,0
28.710415,16,-1,-5,-2,-1,-1,-2,-1,0
28.710419,6,8,8,2,1,-1,0,2,0
28.711762,9,5,-3,-1,0,0,-1,-2,0
28.711853,-29,-17,-4,-4,-3,-2,-1,-1,0
28.732919,-8,-8,-5,-2,0,0,0,0,0
28.732941,30,11,3,0,-2,-2,-1,-2,0
28.734255,-5,-2,1,-1,-1,-2,-1,-1,0
28.734269,5,5,-3,-3,0,-1,-1,0,0
28.747914,1,-16,-2,2,-1,-1,-1,-1,0
28.747936,-3,4,-3,-1,-2,0,0,-1,0
28.749246,-4,4,5,3,0,-1,0,-1,0
28.749278,5,-3,-4,-5,-2,-1,-2,-2,0
28.770483,-7,4,-2,-2,-2,-2,0,1,0
28.771821,-6,-6,1,0,1,-1,-2,-1,0
28.771827,-5,-4,3,3,-2,0,-2,0,0
28.771879,3,3,-1,-2,-1,-1,-1,0,0
28.784004,1,1,-4,-6,-2,-3,-2,0,0
28.784027,-16,-5,-1,-2,-2,-1,0,-2,0
28.793790,7,1,-2,-2,0,-1,-2,0,0
28.793798,13,-1,-2,-1,-1,1,-1,0,0
28.807779,-10,10,6,2,0,2,-2,0,0
28.807795,-11,-9,-5,0,-2,0,-1,-3,0
28.809373,-6,10,-1,-2,-1,-1,-2,-2,0
28.809395,3,-9,1,3,-1,-1,-1,0,0
28.830486,-2,2,0,-4,-1,-2,0,0,0
28.830503,2,-3,-1,0,1,-1,-1,0,0
28.832558,0,-3,-1,0,-2,-2,-1,-2,0
28.832563,-1,5,-1,0,-1,-1,-2,-2,0
28.853027,-1,2,-2,-1,0,0,0,-2,0
28.853052,-2,-3,3,0,-2,0,-1,0,0
28.854300,-1,-5,-7,-3,-2,-2,-3,0,0
28.854323,-5,-5,0,-2,-3,-2,1,-1,0
28.868067,1,13,8,5,1,1,-2,-1,0
28.868082,-7,-9,-2,-2,-1,1,0,-1,0
28.869835,-4,-11,-4,-3,-3,-1,-1,0,0
28.869867,0,14,5,-3,0,-1,-2,-1,0
28.890751,17,-19,-3,0,0,-2,-1,0,0
28.890786,-13,18,3,-2,-2,-4,-3,-5,0
28.892609,-1,-3,-2,-2,0,2,0,0,0
28.892616,0,-1,-1,3,2,0,0,-2,0
28.913623,-5,13,-7,-1,-3,-1,-1,-2,0
28.913628,-1,-17,0,-1,-1,-2,-1,1,0
28.914202,0,-4,4,-2,0,-1,0,0,0
28.914209,1,1,-2,0,0,-1,-1,-2,0
28.928038,-4,1,-3,-1,-3,-1,-1,1,0
28.928044,1,0,-1,-1,0,0,-1,-3,0
28.929230,-4,1,-2,-3,-1,-1,0,-2,0
28.929271,2,-3,0,2,-1,0,0,0,0
28.950328,6,2,1,-1,-1,-2,-1,-1,0
28.950344,-16,-7,-7,-3,-3,-1,-2,-1,0
28.953309,5,-8,-1,2,-2,-1,-1,-1,0
28.953317,2,22,6,-2,-4,-2,-3,-2,0
28.972918,-10,-10,0,0,-1,0,0,-1,0
28.972936,32,3,-4,-2,-1,-1,1,1,0
28.974544,-63,2,7,0,1,1,-1,-2,0
28.974549,9,-14,-6,-4,-1,-1,-1,1,0
28.987522,-14,-3,-1,-3,-3,-1,-1,-1,0
28.987551,2,0,3,2,0,-1,0,2,0
28.994081,18,-4,4,0,-1,-2,0,1,0
28.994104,2,9,2,1,-1,0,-2,-1,0
29.010297,-6,6,0,-1,-1,-1,-1,0,0
29.010319,0,1,-3,-1,-1,0,0,-1,0
29.013210,11,6,-7,-4,-2,-3,0,0,0
29.013216,-11,-9,-2,1,1,0,0,1,0
29.032775,6,-8,-1,-1,-1,0,-2,0,0
29.032798,-7,0,-1,-1,-1,-2,-3,0,0
29.034299,19,5,4,2,-1,0,0,-1,0
29.034305,-24,-10,-7,-2,-1,-1,-1,-1,0
29.047118,4,3,-2,0,-1,-1,0,-1,0
29.047141,-3,-1,3,0,-1,-2,-2,-2,0
29.054613,-3,-10,-2,-1,-1,-1,-1,-2,0
29.054625,11,9,-1,-2,-3,-2,-1,-1,0
29.070906,-2,-1,2,-3,-1,0,-1,-2,0
29.070919,-9,-10,-13,-1,-1,-2,-1,0,0
29.071925,12,23,8,-1,-1,0,1,1,0
29.071998,-7,-19,-2,0,-1,0,-1,-2,0
29.092858,-5,-2,0,2,0,-2,-1,-1,0
29.092876,1,-2,-1,-2,-1,0,1,-2,0
29.094381,-2,-2,-5,0,-1,0,-2,-2,0
29.094400,3,0,-3,-1,-1,-1,-1,-1,0
29.107138,-1,0,-3,-4,-1,1,1,-1,0
29.107154,0,-1,1,3,0,0,-1,1,0
29.113927,0,10,-7,-5,-1,-3,-2,-2,0
29.113947,-2,-19,1,0,0,-1,-1,-1,0
29.130671,8,4,0,2,-2,-3,-1,0,0
29.130689,-5,7,0,-2,0,0,-1,-2,0
29.132377,-20,-9,-5,-2,-2,-1,0,-1,0
29.132384,30,10,0,-3,-3,-1,-3,-2,0
29.153095,-49,-14,-2,0,1,-1,0,-3,0
29.153191,7,-1,1,0,-1,-1,-1,1,0
29.154348,-8,-4,-5,-3,-1,0,-1,-1,0
29.154367,7,3,2,1,-1,-1,0,1,0
29.167507,15,-2,-6,0,-1,-1,-1,0,0
29.167530,-7,0,1,-3,-2,-2,0,-1,0
29.181404,2,-15,-4,0,0,-1,0,-1,0
29.181426,-5,14,-4,-4,-1,-3,-2,-1,0
29.190745,7,-11,0,-3,-1,-1,-1,0,0
29.192359,-9,-7,1,0,-2,-1,-2,0,0
29.192364,13,0,2,1,-1,0,-1,0,0
29.192366,-2,-1,-5,-2,-1,-2,-1,0,0
29.212752,-4,7,2,-3,-1,0,0,-1,0
29.212768,-9,-3,-4,-1,0,-2,-2,0,0
29.214261,3,-1,0,1,-2,0,-1,-2,0
29.214277,-13,0,2,1,1,0,0,-1,0
29.227097,16,-5,-1,-2,0,-1,-3,-2,0
29.227105,4,0,0,-1,0,0,0,0,0
29.233867,1,7,-7,-1,-1,0,-1,0,0
29.233898,-6,-10,9,0,0,0,0,0,0
29.250603,2,-10,-13,-3,-1,-1,-1,-2,0
29.250624,2,4,4,1,-1,0,-1,-3,0
29.251926,-1,-4,1,0,1,-1,-3,-1,0
29.251947,-6,2,-2,-2,-2,-2,-1,-1,0
29.273071,4,3,3,-2,-2,-2,1,0,0
29.273076,3,-4,-3,0,0,-1,-1,1,0
29.274344,-7,6,-4,-2,-2,-3,-1,0,0
29.274372,-4,-10,6,0,0,1,0,-2,0
29.287226,-4,4,2,-1,0,-1,-3,0,0
29.287245,0,-4,-3,-1,-1,-1,-1,-2,0
29.294203,1,-2,1,0,-1,0,1,-2,0
29.294224,6,2,-9,-3,-3,-2,1,0,0
29.310715,-42,3,3,-2,-1,1,-1,-2,0
29.310840,44,-13,0,3,0,-1,1,2,0
29.313050,-3,14,2,-3,-1,-1,-1,-2,0
29.313055,2,-3,-7,1,0,1,-1,1,0
29.332770,3,5,3,1,-2,-2,-1,-2,0
29.332793,-8,-1,-2,-3,-1,-2,-1,0,0
29.334257,5,-20,-6,0,-1,-1,-1,-1,0
29.334265,-7,15,0,-1,0,1,-1,-2,0
29.346450,14,2,0,1,-1,-1,0,3,0
29.346473,-17,4,0,-2,-3,1,-2,-1,0
29.356608,13,-8,-1,1,0,-1,-1,-1,0
29.356620,-8,4,-1,-1,-1,-1,-2,-2,0
29.370414,-10,4,-4,0,0,0,0,-2,0
29.370438,0,-9,-2,-1,-1,-2,-1,-2,0
29.372124,-7,-4,-4,0,0,1,1,1,0
29.372147,5,1,5,-1,1,-3,-2,-2,0
29.392781,-6,2,-4,-3,-1,-1,-1,-1,0
29.392797,-6,2,3,-3,-1,-2,-2,-1,0
29.394535,-2,1,3,0,-1,0,-3,-1,0
29.394543,-2,-6,-3,-1,-1,-2,0,1,0
29.406600,17,-3,-6,-1,-2,0,-2,0,0
29.406616,-12,9,-2,-3,-2,1,1,-3,0
29.415296,-2,-27,-4,0,0,0,-1,-2,0
29.415309,-2,13,-1,-1,-3,1,-1,-3,0
29.431543,0,-13,-2,-1,0,0,-1,-3,0
29.431550,-4,12,-1,1,0,0,-1,0,0
29.432063,10,14,7,1,0,0,-1,-1,0
29.432076,-16,-12,-1,-2,-1,1,-2,-1,0
29.462307,6,-4,1,0,-1,-2,-1,0,0
29.462312,1,2,-4,-3,0,0,0,-1,0
29.462314,-4,-3,-4,-3,-2,-1,1,0,0
29.462316,6,0,1,0,-1,-2,-2,-2,0
29.466455,-10,-1,2,-2,-3,-2,0,0,0
29.466543,1,8,-4,-1,0,0,-1,-1,0
29.476445,-5,-6,6,0,0,-2,0,-1,0
29.476450,0,-13,-10,-2,-2,-1,-1,0,0
29.490631,5,-1,-1,1,2,1,-1,-2,0
29.490648,-1,0,1,0,-2,-1,1,-2,0
29.492994,3,4,0,-2,-2,-2,-2,-1,0
29.493000,-10,2,-2,-2,-2,-3,-2,0,0
29.512833,7,1,-3,1,-1,-1,-2,-2,0
29.512885,-6,-6,-3,-2,-1,-1,-2,-1,0
29.514311,4,6,3,3,0,1,0,0,0
29.514326,2,-3,4,-3,1,0,0,0,0
29.526513,-2,1,-4,0,-2,-1,-2,0,0
29.526564,3,-5,7,1,0,-3,-3,0,0
29.537816,-6,-1,-5,0,-1,-2,-1,-1,0
29.537822,1,11,-8,-4,-2,-1,0,-1,0
29.550736,-1,-14,1,-2,0,-1,0,0,0
29.550781,2,-4,-3,1,-2,0,-1,-2,0
29.553911,-14,-1,-1,3,0,-2,-1,-1,0
29.553923,0,-4,1,-1,-1,-1,-1,0,0
29.572967,5,20,-2,-3,-1,-1,-1,-3,0
29.572985,-1,-18,-3,-2,0,-2,0,-1,0
29.574595,-2,-4,0,-2,0,-1,0,0,0
29.574682,7,13,0,0,0,-2,0,2,0
29.587327,-13,1,4,1,-2,1,-1,-3,0
29.587337,-3,4,-1,-3,0,-2,-3,0,0
29.597342,0,-2,-5,-2,0,1,-1,2,0
29.597353,3,-13,1,-1,-1,0,-1,0,0
29.610392,-10,0,1,2,1,-2,0,-3,0
29.610420,-5,-2,-5,1,-1,-2,-2,3,0
29.612680,-1,0,2,-1,-2,0,-1,-7,0
29.612690,4,-6,-6,-4,-1,-1,0,1,0
29.632688,3,5,6,-1,0,0,-1,-1,0
29.632694,0,-2,0,-3,-2,0,0,-1,0
29.634148,-3,2,-4,0,-1,-2,0,2,0
29.634158,-2,0,2,1,1,-1,-1,-1,0
29.648531,3,-6,-4,-1,0,-2,-2,0,0
29.648540,-1,-5,-7,-2,-1,-1,-1,-3,0
29.656911,3,15,4,-4,-2,1,-1,0,0
29.656929,-9,-4,-1,1,0,-2,-2,-4,0
29.670657,2,-4,-2,-1,-1,-1,-1,1,0
29.670692,7,0,-2,1,0,-2,-2,2,0
29.672355,-17,-14,-5,0,-1,-1,-1,-4,0
29.672361,1,-4,-2,-1,0,-1,0,0,0
29.692841,-1,-2,1,-1,-2,0,0,0,0
29.692864,-2,6,2,-2,-2,0,-2,-3,0
29.694314,4,-1,-3,0,-3,-3,-1,0,0
29.694324,-1,-1,1,0,-1,-2,0,-2,0
29.706531,2,-1,-1,-3,-3,0,-2,0,0
29.707475,-4,3,0,-2,-2,-2,-1,-2,0
29.716255,-1,-8,-2,1,-1,-2,-2,0,0
29.716264,0,-2,-1,2,-2,1,-1,-2,0
29.737830,-4,12,-1,-3,-1,-1,0,4,0
29.737867,4,1,-3,3,0,1,0,1,0
29.739584,-3,-5,-3,-5,-1,-1,-1,-1,0
29.739642,-3,-9,-5,-2,-1,-2,-2,-2,0
29.752843,3,-10,-3,-1,0,-3,-1,-1,0
29.752871,-2,-1,0,-1,1,-2,0,-1,0
29.754434,0,5,0,0,-1,-1,-1,2,0
29.754441,0,-2,-2,-4,-3,-1,-1,-3,0
29.766451,1,13,0,-1,1,-1,-1,-1,0
29.766473,-4,0,1,1,-1,-2,-1,-1,0
29.775977,2,0,4,-2,-1,0,-1,-2,0
29.775981,5,3,4,1,2,0,1,0,0
29.790406,20,-1,-2,-2,-2,1,-2,-2,0
29.790425,-52,-6,-3,1,-1,-2,-1,-2,0
29.791896,-12,-1,-3,-3,-1,-3,-1,-1,0
29.791913,-5,-3,0,2,-1,0,0,0,0
29.812821,13,-5,-4,-2,-2,-4,-3,-2,0
29.812843,13,1,-3,-1,0,-1,0,-1,0
29.815442,5,-1,3,1,-1,-1,0,-1,0
29.815445,-7,-1,-1,1,-1,0,0,0,0
29.835622,-8,-4,-3,-1,-1,-1,-1,-2,0
29.835630,6,-1,-3,-5,-1,-1,-1,0,0
29.836963,-1,6,6,0,1,-3,-1,0,0
29.836984,5,0,-4,2,1,-1,-1,0,0
29.851040,-8,-4,-1,0,-1,0,-1,-1,0
29.851046,3,-2,-1,-5,-1,0,-1,-1,0
29.851717,8,6,-10,-2,-1,0,-1,-2,0
29.851733,-14,-5,4,-1,-1,-3,-3,-3,0
29.872984,-6,-3,6,1,1,0,-1,-1,0
29.873002,1,-2,2,-2,-1,0,-1,-2,0
29.874361,3,-22,-6,-2,-1,-1,-1,-2,0
29.874370,7,17,-2,-1,-1,-2,-1,0,0
29.895682,-6,-3,-2,0,1,1,-1,1,0
29.895686,3,0,-1,0,-2,-2,-2,0,0
29.896920,0,3,3,-2,0,1,-1,0,0
29.896936,0,-3,-5,-3,-3,-2,-2,-1,0
29.912728,-6,-12,-3,-4,-2,-1,0,-2,0
29.912733,4,2,5,5,0,-1,-1,0,0
29.912736,10,1,1,0,-3,-1,-2,-1,0
29.912737,-16,-6,2,-3,-2,-1,0,-1,0
29.932965,-11,0,-6,-2,-2,-2,0,-1,0
29.932987,5,5,1,-5,-1,-2,-3,0,0
29.934677,-6,-1,-6,1,1,0,-1,1,0
29.934681,6,6,7,0,-1,0,-2,0,0
29.956791,3,-2,-1,0,0,-1,-1,-2,0
29.956821,-2,8,-7,-1,0,-1,-1,0,0
29.957112,-5,-17,1,-4,-2,-1,-1,-1,0
29.957138,5,3,-3,2,-1,-2,-1,2,0
29.970320,-7,-2,1,0,0,0,-1,-1,0
29.970352,8,5,2,0,-1,0,0,-1,0
29.976555,-4,2,-7,-4,-1,-1,-1,0,0
29.976584,0,-7,-4,0,-1,-2,0,-1,0
29.992926,0,-2,2,1,0,-2,0,-3,0
29.992943,-2,-5,-3,1,-1,-1,-1,0,0
29.994495,1,-12,1,-2,-1,0,0,1,0
29.994500,-3,11,-5,-4,0,0,-2,0,0
30.015696,1,3,3,0,0,-1,-1,0,0
30.015718,0,-2,-1,-2,0,-1,0,-2,0
30.017103,-3,-1,-1,-3,-1,0,-1,-2,0
30.017193,1,-8,-5,-2,-2,-2,1,0,0
30.030174,5,0,-1,-1,-2,0,0,0,0
30.030207,-11,-6,-1,-1,-2,-1,-2,-1,0
30.036980,-5,6,1,-2,0,-2,-1,2,0
30.037015,3,-6,-4,-3,1,-2,-1,-1,0
30.052841,4,1,-2,-1,1,0,0,1,0
30.052863,16,-5,0,1,-1,-1,1,10,0
30.054429,-18,7,-2,0,-3,-1,-4,-30,0
30.054486,16,2,3,-5,-1,0,-1,0,0
32.078252,22,31,6,3,4,41,-12,-47,2
32.079001,-128,-58,-9,0,-14,-19,-4,-88,2
32.079622,46,-47,-7,-2,11,15,10,23,2
32.079681,7,0,-7,-4,4,0,-20,-16,2
32.100215,-11,-93,-2,0,-14,-6,-3,8,2
32.100237,10,34,-1,-4,10,-6,-3,-19,2
32.102031,-8,43,4,4,-1,18,2,-5,2
32.102061,64,-74,-4,-6,-1,-1,-10,-23,2
32.114817,75,86,3,2,-2,-10,36,-2,2
32.114840,-28,-61,-17,-6,-13,-4,-50,2,2
32.122092,-66,-31,1,-1,2,1,23,4,2
32.122219,-11,12,-3,-5,13,-9,-6,-4,2
32.138652,10,52,6,3,0,-6,-13,17,2
32.138657,13,-14,7,-4,-15,-7,22,-13,2
32.139497,-58,50,0,-1,19,-16,-20,32,2
32.139519,-33,82,9,5,-19,28,12,-28,2
32.160383,-17,-114,-26,-9,-5,-9,-6,15,2
32.160454,63,114,11,1,-1,-3,8,58,2
32.162078,-39,-92,-6,-7,1,3,-7,-22,2
32.162082,-19,54,3,-4,-4,-6,10,10,2
32.174716,-23,98,8,0,-6,-5,-3,47,2
32.174733,82,-100,4,1,12,-21,-15,-87,2
32.181663,-62,-76,-15,-3,-27,80,13,57,2
32.181686,-43,4,4,5,38,-5,2,11,2
32.198147,33,-10,-3,2,-6,5,-6,5,2
32.198177,33,10,-8,-8,-7,-5,-5,0,2
32.201085,24,49,0,-6,6,-8,0,-10,2
32.201091,8,-63,1,-1,-37,-15,-13,8,2
32.220481,-5,62,4,1,13,33,1,-22,2
32.220501,-5,-33,4,4,-5,-8,10,0,2
32.222238,-6,17,-2,0,2,-18,-7,34,2
32.222274,66,43,3,-1,1,1,5,22,2
32.233861,-20,-82,-19,-8,2,-28,-11,-49,2
32.233869,12,69,5,-1,-9,-1,4,30,2
32.243038,-38,-83,-6,-2,-7,3,1,-16,2
32.243046,47,8,5,-2,-12,-3,-7,-21,2
32.257997,-16,90,11,6,37,-17,3,21,2
32.258014,-25,6,-24,-5,3,48,15,-27,2
32.260379,-16,-78,1,4,3,-5,5,50,2
32.260384,64,-46,5,1,-11,-7,-5,-78,2
32.280244,-4,-44,16,3,-14,-1,-5,11,2
32.280253,-5,-7,-8,-5,0,-19,-3,11,2
32.281743,47,100,13,4,9,6,4,2,2
32.281778,0,31,-3,-2,3,5,4,42,2
32.295820,-86,-56,-2,-7,2,37,-10,-33,2
32.295825,13,-35,3,2,2,-35,-7,-19,2
32.304296,109,53,10,1,-3,9,5,15,2
32.304302,-91,-110,-25,-4,13,42,1,-43,2
32.318267,-1,44,3,6,-7,2,11,49,2
32.318298,37,6,3,-6,-5,-7,-3,37,2
32.320786,-12,50,6,5,3,-19,-1,-16,2
32.320796,68,70,-3,-1,-9,6,3,13,2
32.341946,56,-35,-17,-4,19,-17,2,-57,2
32.341954,-34,-112,-17,-2,-4,7,0,57,2
32.341957,-15,25,-1,0,2,-11,-8,-56,2
32.341959,-12,-78,0,4,-2,-4,7,67,2
32.353994,21,42,2,-4,-45,-61,-20,-49,2
32.354017,-55,34,4,2,10,13,-11,-82,2
32.364586,-8,2,-3,-3,1,26,11,39,2
32.364592,-13,38,2,-2,-4,-13,3,7,2
32.377789,30,17,0,-4,-7,-14,-8,-35,2
32.377806,12,11,1,1,13,0,9,52,2
32.379374,58,69,13,3,-24,-17,-10,-34,2
32.379393,-75,-123,-13,1,33,-3,-7,-29,2
32.400468,64,52,2,1,-3,5,3,68,2
32.400490,-60,8,-2,-2,-2,16,9,-31,2
32.403111,20,62,2,-1,12,0,-5,13,2
32.403126,75,45,-14,-8,-12,-18,0,-22,2
32.413938,-46,-95,-11,3,23,18,-5,-1,2
32.413962,39,57,15,-2,-24,-5,14,25,2
32.423421,30,-36,-20,-6,12,-16,-18,-14,2
32.423478,-62,38,11,2,-14,2,-2,67,2
32.437861,-39,-14,-3,-5,-7,0,14,33,2
32.437879,6,47,5,-2,-4,-4,-7,18,2
32.439475,34,-37,7,5,-3,0,15,-26,2
32.439491,-18,2,-1,-2,-2,-18,-8,-2,2
32.460392,82,-5,-5,-4,16,26,5,38,2
32.460415,-117,52,12,6,0,-18,-7,-5,2
32.462372,60,55,-1,-3,-28,11,1,-31,2
32.462376,16,13,2,4,29,0,-1,51,2
32.474088,-72,71,10,1,-26,-46,-23,-72,2
32.474112,-50,-55,-16,-11,3,41,-2,-54,2
32.482870,61,4,5,4,2,21,-3,0,2
32.482875,-87,-2,-9,-8,-19,-56,-20,-11,2
32.499695,87,25,4,2,0,12,12,39,2
32.499700,-4,-13,-2,3,1,2,2,16,2
32.499702,-26,-39,1,1,14,-6,-8,-9,2
32.499704,51,22,4,4,-3,12,5,6,2
32.520446,-43,83,3,-2,4,22,-2,-26,2
32.520466,-22,-128,-27,-7,-11,-11,-17,11,2
32.522170,-26,-32,-7,-5,8,-17,20,32,2
32.522175,-8,-33,-6,-2,-1,14,0,-74,2
32.534148,-20,-5,1,0,-4,-9,-6,24,2
32.534176,57,69,6,1,-20,-5,-1,-72,2
32.544433,-47,29,7,1,-3,-5,0,50,2
32.544438,33,-101,-9,-4,1,2,-2,-26,2
32.557817,43,27,-3,0,-2,3,2,0,2
32.557835,-39,69,5,2,6,1,8,54,2
32.559533,48,-16,-18,-15,-4,-12,-21,-7,2
32.559540,-4,14,5,6,1,0,6,-3,2
32.580569,-3,-3,5,1,14,6,-5,-16,2
32.580592,71,-51,4,4,10,10,7,32,2
32.582229,-43,60,7,1,7,-7,-1,-22,2
32.582274,110,-48,11,4,8,79,8,49,2
32.593928,-9,-73,-19,-6,-27,-30,-3,-40,2
32.593945,-7,-2,-8,-1,30,27,-13,-101,2
32.604523,-12,-6,1,2,-8,-8,-4,11,2
32.604531,37,21,11,3,10,2,4,21,2
32.618226,2,4,6,2,7,4,9,38,2
32.618260,-4,24,-4,-5,9,-38,-3,14,2
32.620131,-71,-43,-2,6,-6,22,-3,-35,2
32.620136,2,127,11,-4,-4,-23,-8,-8,2
32.640315,12,-78,-3,-4,4,20,7,39,2
32.640333,-11,-19,-8,1,-26,-43,0,4,2
32.641696,-101,-29,1,0,27,6,-10,-46,2
32.641743,-6,62,1,-9,-19,-14,0,-26,2
32.663481,-66,-82,-10,-1,3,0,1,-6,2
32.663498,40,25,0,1,-2,12,6,27,2
32.665374,26,36,1,-4,-9,-6,4,7,2
32.665379,0,12,-2,-3,-7,-7,-3,-21,2
32.677924,-30,31,-3,-6,-5,2,-1,-49,2
32.677946,0,-19,1,1,-6,1,-7,-21,2
32.680244,23,-12,-3,-4,-4,-11,-1,-11,2
32.680253,5,-10,-3,-1,6,-10,0,26,2
32.700633,19,22,4,2,-15,8,-3,41,2
32.700637,-26,25,8,3,7,-8,1,-58,2
32.701729,44,5,-16,-5,-16,24,-8,37,2
32.701748,-64,-59,-20,-11,-17,-64,-6,-59,2
32.723137,37,34,9,7,-5,1,15,17,2
32.723163,39,-50,4,-1,-11,8,2,84,2
32.725359,-73,-60,-7,2,21,-43,-6,-68,2
32.725367,36,4,-1,1,9,73,-6,-44,2
32.741422,40,86,3,0,8,10,-4,-14,2
32.741449,-14,49,5,-3,-24,-13,4,26,2
32.741452,-33,-123,-13,-4,-1,-4,5,22,2
32.742724,-37,28,1,1,8,-1,-7,-5,2
32.760928,33,13,-2,-5,11,-14,-9,1,2
32.760933,41,-49,-5,-4,-37,-3,5,39,2
32.761927,-86,-12,-1,5,1,-8,-7,-20,2
32.761984,17,19,4,3,0,19,11,37,2
32.782803,11,11,4,1,1,-3,-4,5,2
32.782827,4,-27,-5,-4,-11,-10,4,16,2
32.784323,67,12,10,3,33,6,9,37,2
32.784337,80,-7,11,1,-30,-8,-2,29,2
32.797374,-128,-117,-27,-7,-7,-84,-29,-95,2
32.797397,73,60,2,-2,14,60,3,52,2
32.804191,-23,-62,-4,-3,-27,3,-8,-29,2
32.804216,-3,54,17,8,12,4,6,13,2
32.820394,3,42,4,0,4,12,4,52,2
32.820419,-7,-15,-3,-1,8,-13,-2,-20,2
32.821972,46,28,7,0,-5,-16,6,12,2
32.822017,27,-8,0,-1,-3,1,-13,-21,2
32.842774,63,22,9,-5,4,-3,7,97,2
32.842797,-36,-9,-31,-17,-23,-45,-24,-116,2
32.844253,127,69,0,-1,5,41,12,4,2
32.844295,-25,-37,-5,-4,5,-13,2,-22,2
32.857252,2,-33,-2,1,3,5,2,-7,2
32.857256,13,57,17,10,6,5,0,20,2
32.864882,-1,51,2,-1,11,-4,-4,9,2
32.864911,-9,-49,-9,0,-2,-12,-1,14,2
32.880036,-22,-28,-2,-1,-15,20,5,-17,2
32.880056,-1,52,5,1,15,5,3,19,2
32.880812,40,-66,-7,-2,12,51,-3,-3,2
32.880815,-51,89,5,-7,-37,-62,-1,21,2
32.902282,4,-88,-5,3,5,38,4,-66,2
32.902306,-42,-22,-17,3,19,26,-6,-8,2
32.904260,11,32,2,-1,-32,-41,-7,1,2
32.904266,-6,14,0,-1,8,3,-7,-35,2
32.916694,19,53,4,3,9,0,7,27,2
32.916724,2,57,12,2,3,-7,-2,23,2
32.924669,-29,-19,-7,-3,-14,-5,-4,0,2
32.924688,9,1,-4,-4,7,9,4,13,2
32.939854,-34,-14,-8,-6,-9,-12,-3,1,2
32.939878,-4,-41,0,2,3,5,0,-19,2
32.940322,6,49,8,-2,-7,-9,-1,1,2
32.940331,-4,44,-6,0,8,4,5,58,2
32.962518,-58,-15,-13,-11,19,4,-12,-63,2
32.962547,105,-50,4,5,-15,52,9,34,2
32.964188,-86,-105,-21,-7,2,-81,-7,-37,2
32.964192,66,-13,-12,1,3,34,0,-25,2
32.976407,24,25,2,2,-7,5,-1,19,2
32.976429,-8,-2,11,0,15,0,2,-10,2
32.984594,16,87,15,4,-12,0,3,21,2
32.984672,10,-31,-2,-1,4,1,-2,5,2
33.001077,-22,-8,2,0,-8,-9,3,29,2
33.001083,-25,-89,-5,-6,6,-24,-15,-54,2
33.001085,53,85,8,2,-7,24,9,45,2
33.001087,-72,-47,-8,0,9,-32,3,24,2
33.022508,104,4,-2,3,-6,32,-12,-72,2
33.022544,-63,100,7,-1,4,-17,-3,3,2
33.024104,3,-101,-12,-7,0,12,-8,-53,2
33.024111,28,-10,-5,1,-8,-8,-2,-28,2
33.036490,8,61,-2,-3,-30,10,16,67,2
33.036511,-34,-57,-5,5,45,-2,3,-18,2
33.044712,4,-10,2,-1,2,0,-1,4,2
33.044734,35,49,5,-1,1,-9,-2,25,2
33.059589,-63,-42,2,-1,-3,37,-17,-71,2
33.059611,29,9,2,-2,-11,-12,1,12,2
33.061101,33,65,13,6,-4,-9,3,3,2
33.061110,-43,-74,0,-1,4,11,-4,52,2
33.082622,97,53,8,-4,-4,-12,6,44,2
33.082650,-90,-107,-26,-10,-10,5,-15,-45,2
33.083237,19,-104,-11,-4,-8,-21,-4,29,2
33.083403,24,67,14,3,3,11,3,-55,2
33.096491,-27,21,6,8,0,-10,-3,-33,2
33.096513,-4,13,-12,-5,-11,-16,6,0,2
33.104684,6,52,0,-1,5,-5,-6,6,2
33.104705,-15,21,2,1,12,35,9,-5,2
33.119835,-24,-61,-5,0,3,-19,3,42,2
33.119864,28,101,11,3,0,19,7,31,2
33.120917,14,53,-5,1,-7,-6,-7,-59,2
33.120922,-92,-60,-7,-9,-9,11,9,32,2
33.142097,-104,19,-19,-5,10,13,-14,-25,2
33.142113,39,-53,7,0,-20,-9,2,4,2
33.142789,8,95,0,-1,18,17,1,17,2
33.142800,46,-58,-20,-6,-37,-14,-3,37,2
33.156637,-9,-60,4,3,16,-17,1,-44,2
33.156660,-15,24,1,-1,12,14,-2,27,2
33.164736,-10,46,6,0,-17,9,-1,-29,2
33.166338,29,21,9,3,43,5,-5,-19,2
33.179810,5,29,-1,1,-24,-18,-7,34,2
33.179827,8,17,1,1,-13,-50,1,19,2
33.181931,2,-42,-2,-3,10,-16,-15,-38,2
33.181936,-19,34,-4,-5,-15,48,3,-3,2
33.205584,50,-11,0,-1,0,-6,10,73,2
33.205591,-16,-12,-8,-1,5,-9,-16,-88,2
33.205593,-34,17,7,-4,-13,17,3,30,2
33.205595,-15,-19,10,4,0,-28,-9,-45,2
33.216823,49,23,13,5,-1,-5,3,-5,2
33.216855,-20,1,-9,-3,-3,17,3,31,2
33.224005,54,-16,-2,0,1,7,7,20,2
33.224024,34,-4,-12,-1,-1,-12,9,22,2
33.239664,-52,67,7,0,12,-5,-10,-28,2
33.239682,23,-84,-7,-2,-19,-1,13,16,2
33.241001,-12,32,-1,-1,1,35,-6,-54,2
33.241006,29,14,0,1,-4,0,-2,1,2
33.262254,5,73,1,5,2,0,17,42,2
33.262277,4,4,0,-2,-6,-12,-7,-41,2
33.264332,3,-60,-1,1,-4,5,5,49,2
33.264342,47,36,0,-2,-6,15,3,-15,2
33.276425,-70,-91,-15,-8,-13,-19,-10,-44,2
33.276448,64,43,0,-4,3,9,-3,39,2
33.285259,32,45,17,5,4,-39,5,-1,2
33.285290,-102,-29,-20,-9,-20,2,-15,64,2
33.299561,1,-49,-17,-5,-11,-29,-8,-28,2
33.299577,4,8,5,-2,13,2,11,45,2
33.300255,-13,42,-1,2,-17,1,-1,24,2
33.300269,11,-53,1,-1,-2,-33,-4,-18,2
33.322508,-2,47,9,1,18,20,4,53,2
33.323985,-13,11,-6,0,-12,5,-5,-39,2
33.323990,77,-7,6,3,4,-11,-5,7,2
33.323992,-78,-50,-7,-3,6,4,-8,-40,2
33.336772,-26,-16,-4,-3,-6,7,1,-2,2
33.336798,10,50,3,1,-1,-13,-4,-11,2
33.346664,-59,-88,-7,-1,9,13,7,82,2
33.346669,4,25,-1,3,9,27,-9,-39,2
33.359736,78,40,-1,-5,-23,-44,1,33,2
33.359774,76,-44,12,4,2,3,6,14,2
33.362505,-72,53,-9,-3,31,11,4,47,2
33.362511,-29,-12,-16,-4,-38,1,-16,-35,2
33.382666,4,66,2,0,7,2,-1,-39,2
33.382689,13,55,7,4,4,5,1,30,2
33.383329,45,-2,-3,-2,-2,4,1,-42,2
33.383354,44,10,8,2,0,-21,0,6,2
33.397144,-3,-48,-2,-2,9,0,-5,-30,2
33.397171,-16,26,2,0,4,10,-3,-22,2
33.404742,76,48,2,3,-5,41,8,8,2
33.404769,22,-54,-5,-8,13,-16,4,51,2
33.419798,68,-93,-2,-2,-21,10,-5,-5,2
33.419827,-55,-30,-6,-2,11,-34,-4,-33,2
33.421386,-72,60,1,-3,17,9,5,12,2
33.421392,8,-29,2,4,-1,3,-1,-23,2
33.442259,-7,29,0,2,7,4,6,-3,2
33.442282,38,25,1,0,9,45,-1,98,2
33.442796,-43,-73,-9,-3,-20,-18,-9,-72,2
33.442811,6,127,14,1,7,-5,-2,-3,2
33.456941,66,-63,5,2,9,-5,6,63,2
33.456959,-88,-89,-26,-7,-9,15,-12,-44,2
33.464677,19,-31,-6,-5,-5,-6,-7,5,2
33.464700,-38,71,3,-2,-2,-14,-11,-63,2
33.480088,-37,-23,-8,-3,3,7,0,-8,2
33.480117,5,46,7,0,-18,-10,-1,4,2
33.482759,7,-40,-2,-9,-11,-12,-5,-8,2
33.482762,-6,-17,0,5,12,-6,-1,-15,2
33.502275,5,39,1,-2,-2,12,9,68,2
33.502303,28,26,4,1,14,-40,-14,-23,2
33.502862,-18,45,-3,2,-6,-24,3,23,2
33.502884,-38,-38,-1,0,19,35,11,59,2
33.516436,-62,-62,-8,0,0,5,0,-46,2
33.516458,-4,-84,-17,-9,9,-2,-12,-42,2
33.524602,-23,14,0,1,-5,-12,-2,5,2
33.524618,52,27,3,-5,-30,-16,0,8,2
33.539876,27,35,3,1,35,4,-1,11,2
33.539893,-21,27,11,4,2,-1,1,1,2
33.541487,-7,-26,-5,-3,-4,4,-4,-26,2
33.541492,-27,-9,0,-1,-7,2,2,0,2
33.563730,-22,3,-1,-2,-2,3,10,-3,2
33.563736,26,29,1,-1,-18,24,1,16,2
33.563738,43,-13,-1,1,-2,-35,11,95,2
33.563739,-28,43,10,6,20,9,10,-82,2
33.579118,72,93,0,-3,-36,-1,-6,50,2
33.579123,-84,-100,-28,-8,-17,-10,-2,49,2
33.584833,-65,-58,-10,1,-2,16,5,-37,2
33.584902,-23,36,1,2,33,-17,-13,-2,2
33.599532,-4,37,10,5,-12,2,0,-29,2
33.599554,40,65,15,5,2,8,9,9,2
33.600327,10,-11,-3,-6,-11,6,-10,5,2
33.600383,14,-35,-3,0,-9,-10,1,14,2
33.622433,-45,-10,4,-1,4,6,-4,-19,2
33.622472,18,-8,-5,-4,-10,-5,4,8,2
33.625241,-27,-22,-3,2,10,2,-3,-26,2
33.625247,20,-12,-1,-5,-7,-5,0,-1,2
33.645618,17,-33,-8,-1,-2,2,7,25,2
33.645641,28,122,33,6,3,-9,-7,-45,2
33.646398,-44,-96,-21,-9,-9,0,-5,-14,2
33.646417,46,110,4,1,-3,16,6,58,2
33.659569,-46,-117,-19,-8,4,-3,-14,-16,2
33.659585,-75,-81,-14,-5,1,-8,-2,-43,2
33.660319,22,39,5,5,10,25,5,7,2
33.660327,39,6,6,0,-9,-9,2,-12,2
33.682047,-31,37,10,6,2,-6,-2,-1,2
33.682069,12,20,-1,0,7,3,3,17,2
33.683387,0,-7,5,-2,-2,-7,-9,-11,2
33.683396,51,4,2,-1,-23,-7,11,52,2
33.705049,-58,-52,-22,-7,48,-4,-19,-72,2
33.705062,66,12,0,5,-25,10,11,97,2
33.705429,65,57,1,-1,-1,4,-13,-78,2
33.705441,54,-84,-1,-2,3,3,-4,18,2
33.719894,-48,-22,-4,-4,-17,-1,13,19,2
33.721515,-38,-16,-9,-2,2,-8,0,-12,2
33.721521,-7,-16,-3,-1,4,7,12,9,2
33.721522,31,45,6,2,6,31,12,38,2
33.742201,16,77,18,3,-5,-6,-7,-28,2
33.742224,17,-37,0,-2,11,-5,-6,-59,2
33.743745,-76,35,7,0,-20,2,7,16,2
33.743754,-54,-30,-14,-6,5,-17,-10,-28,2
33.768004,-7,-19,1,-2,-13,1,2,46,2
33.768010,7,32,4,4,-21,-2,1,20,2
33.768012,-22,-11,1,-3,44,-1,-15,-53,2
33.768014,74,-10,-3,3,-2,-10,-1,-13,2
33.780175,-99,-35,-9,-4,-8,30,-9,-14,2
33.780204,31,-7,4,-4,8,-53,8,35,2
33.782725,73,4,-2,-1,-8,-6,-8,-32,2
33.782730,-54,27,-6,-3,-22,-6,1,18,2
33.802767,127,33,2,2,21,11,5,1,2
33.804913,-18,37,5,0,11,9,-3,12,2
33.804920,-21,-80,-8,3,-3,17,10,-2,2
33.804922,-99,85,-7,-5,2,-33,-15,9,2
33.824695,83,-22,0,4,-10,0,7,8,2
33.824713,-108,-23,-11,-5,2,-2,-5,46,2
33.826120,63,56,5,-2,-8,8,-6,5,2
33.826125,-30,-36,-3,-5,-8,13,-11,-45,2
33.839771,31,20,1,-1,-5,-17,-4,26,2
33.839789,-4,20,9,3,10,10,5,-7,2
33.840907,66,96,5,-4,-24,-1,5,69,2
33.840911,-72,-116,-20,-1,5,-2,-7,-36,2
33.862777,-31,-17,-1,0,-11,18,2,1,2
33.862802,38,-11,0,3,12,5,-1,-23,2
33.863221,-10,35,-2,-6,6,-63,-8,26,2
33.863235,-8,-19,6,1,-30,57,3,-48,2
33.885224,40,93,2,-4,-21,-30,-1,27,2
33.885253,-13,-47,-13,-6,10,21,2,-22,2
33.887930,-46,-49,-9,-1,5,-3,0,-12,2
33.887937,29,10,8,2,9,-10,3,19,2
33.899636,-45,66,25,10,7,-17,0,32,2
33.899659,72,-74,-23,-8,-4,13,-6,-64,2
33.900763,-7,-3,12,3,6,6,-1,-2,2
33.900826,34,-17,5,5,11,-19,1,-2,2
33.922357,-79,58,-8,-9,-6,12,-7,-28,2
33.922376,9,55,7,4,3,3,6,25,2
33.922804,15,-70,-4,3,-17,-1,0,-13,2
33.922889,-2,33,-7,-4,32,-5,-4,11,2
33.945337,65,-87,-9,-3,-2,-4,6,-22,2
33.946308,-92,-34,3,0,-7,3,-3,11,2
33.946312,106,81,3,1,3,0,-2,-23,2
33.946314,-59,-37,-4,0,-16,2,6,34,2
33.959723,19,-78,-14,-5,10,-1,0,15,2
33.959739,-25,28,3,-4,-19,-24,-16,-59,2
33.961655,-5,34,8,7,15,29,14,42,2
33.961660,-23,1,-5,-9,-13,-24,-8,-12,2
33.982473,-60,8,-7,-5,9,-7,-9,18,2
33.982495,22,-15,4,2,-5,-12,2,-45,2
33.984070,-59,-32,2,2,0,28,1,-15,2
33.984079,39,-45,-3,1,10,-10,0,45,2
34.004688,63,9,-5,-3,3,0,-8,-51,2
34.004708,-4,82,6,2,-12,0,13,49,2
34.005490,-5,-21,4,-7,5,-14,2,-16,2
34.005512,2,-80,-15,0,-12,9,5,0,2
34.019968,-7,30,5,2,-1,5,-6,-1,2
34.019988,23,9,6,1,1,0,-2,8,2
34.021332,-54,-13,-9,0,-18,-3,-5,-6,2
34.021340,82,50,5,1,18,1,-1,8,2
34.042161,-35,-18,2,-2,-19,-7,5,-8,2
34.042183,-35,43,6,1,-2,1,-9,-20,2
34.043196,18,-82,-10,-4,19,-8,-4,24,2
34.043200,-18,-67,-10,1,-11,2,0,10,2
34.064555,64,39,4,3,-3,-2,-1,-15,2
34.064577,14,24,-1,-3,1,9,8,30,2
34.065247,-11,-56,4,3,-4,-27,-12,5,2
34.065279,-1,79,-2,-6,-3,16,0,-39,2
34.079792,-30,30,8,1,18,2,11,14,2
34.079814,53,5,1,1,-32,-10,-20,-33,2
34.081523,-80,59,-9,-4,11,-4,4,22,2
34.081571,81,41,6,1,6,-7,-1,-3,2
34.102258,-8,5,-6,-5,-9,-4,-1,40,2
34.104556,80,0,1,1,-4,0,-8,-53,2
34.104563,-95,24,0,2,20,6,0,29,2
34.104565,70,-8,1,-1,-4,-6,-8,-27,2
34.124960,1,82,-4,0,20,54,-2,-50,2
34.124969,-80,-57,-12,-8,-4,-38,-3,1,2
34.125427,-18,68,1,-2,-16,-17,-2,-40,2
34.125447,31,-41,-4,-1,3,8,10,33,2
34.139721,-1,77,8,5,-2,2,-1,-12,2
34.139738,-16,-79,1,0,12,11,1,7,2
34.140589,3,4,-3,-1,-5,-4,0,11,2
34.140593,-43,-32,2,-1,-2,-9,0,3,2
34.162324,34,-3,2,-2,-12,-16,0,15,2
34.163840,20,-36,-13,-2,12,13,3,-21,2
34.163848,27,-14,11,-2,-12,-2,-7,12,2
34.163850,-24,18,7,0,-1,2,-4,-13,2
34.186649,-29,-50,-8,-3,0,0,0,-10,2
34.186670,56,68,6,0,3,2,3,35,2
34.186675,69,21,-4,-3,5,26,1,-19,2
34.186679,-84,30,-5,-1,-1,-18,10,22,2
34.199377,17,-19,1,1,-4,-12,-3,30,2
34.199399,-81,-18,-1,-1,1,6,9,-31,2
34.207144,37,-52,-11,0,1,-3,-6,-20,2
34.207160,13,-29,0,-4,0,2,-2,-10,2
34.222470,-8,-12,-2,-5,-6,-7,-1,41,2
34.222511,10,105,0,3,-9,8,-1,-37,2
34.222988,-52,-98,1,-1,5,15,4,58,2
34.223069,101,-12,5,3,-10,-20,0,-9,2
34.244739,-95,-46,-14,-1,-1,0,0,15,2
34.244761,-1,-16,-3,-3,2,2,-8,-5,2
34.247136,3,1,-2,-3,-4,-2,2,-8,2
34.247141,-30,51,4,2,3,3,-5,7,2
34.259063,12,-22,2,1,0,-9,-2,-31,2
34.259081,10,12,0,2,10,-5,3,58,2
34.267083,27,77,3,-4,-32,-2,2,13,2
34.267106,-69,-58,-9,2,28,23,-17,-19,2
34.282863,69,95,1,1,4,5,16,-1,2
34.282885,-92,-100,-9,-2,1,6,-9,-29,2
34.283141,39,9,-6,0,-7,-13,-1,-11,2
34.283155,7,57,13,-1,-5,-8,-5,-1,2
34.304616,5,-28,-1,-3,-11,10,-1,16,2
34.304634,61,26,7,4,10,-2,-2,50,2
34.306041,-44,-37,-5,-5,6,-2,-3,-56,2
34.306048,-15,57,-3,5,1,4,8,17,2
34.319140,-15,-46,-5,-3,-11,-17,-17,-62,2
34.319173,22,45,7,-1,-7,4,15,-8,2
34.327100,54,-25,-14,-4,5,1,-2,53,2
34.327123,-82,-16,-3,-2,-6,1,-1,-43,2
34.342622,-7,-26,1,-4,-5,-6,-1,11,2
34.342629,5,14,-8,-4,-3,-3,-1,25,2
34.342806,28,30,1,2,7,6,0,-13,2
34.342812,4,24,2,-2,-14,-6,-1,21,2
34.364836,23,62,11,3,5,-3,0,-3,2
34.365849,-35,-118,-8,-5,17,0,-2,-21,2
34.365854,88,113,15,1,-10,-6,6,101,2
34.365856,-73,69,3,2,1,27,-16,-24,2
34.379483,-55,-106,-22,-7,-7,5,5,-22,2
34.379513,50,68,-5,-5,6,16,-4,-23,2
34.387849,-84,-29,0,1,-11,-35,-6,-28,2
34.387855,41,10,-5,-4,4,31,-3,13,2
34.405757,7,-25,3,-2,-9,-66,-6,-14,2
34.405766,-15,30,5,2,-10,-6,-1,6,2
34.405769,4,5,-2,-3,5,13,0,-16,2
34.405770,-6,-56,0,-1,1,-10,2,6,2
34.424742,-24,85,4,4,11,7,-7,-10,2
34.424768,27,-115,-12,-5,-23,-9,3,24,2
34.425429,-46,-41,2,4,11,-1,1,33,2
34.425444,35,3,2,-2,-24,-1,5,-8,2
34.439152,-39,69,-4,-7,18,17,-16,-64,2
34.439169,-12,24,-10,-4,-15,-13,-15,-16,2
34.454669,-39,-49,-3,2,-21,23,14,-7,2
34.454692,10,49,10,-1,4,-21,3,-5,2
34.462588,70,-64,3,1,-5,7,2,12,2
34.462702,38,24,2,-1,13,10,9,51,2
34.465081,-58,-32,-5,1,7,-12,-20,-110,2
34.465085,22,14,0,-1,-8,-14,-1,9,2
34.484549,8,34,3,0,-4,0,9,17,2
34.484566,-4,-61,-8,2,20,13,-1,-9,2
34.485372,36,4,-4,-7,-26,-38,-2,11,2
34.485429,-14,22,-5,-3,-3,-3,0,-8,2
34.498955,3,-46,0,-3,-24,9,-3,-22,2
34.498978,-63,127,9,4,48,3,-2,-1,2
34.507193,55,-25,-8,0,-1,8,-2,5,2
34.507215,15,-105,-10,-4,1,-5,-2,-7,2
34.522444,-18,31,2,0,-2,-1,6,14,2
34.522475,28,37,5,-1,-21,-11,-2,5,2
34.524387,-59,127,19,4,12,-1,-12,-12,2
34.524393,-9,-86,-16,-7,10,-16,0,6,2
34.545055,-7,-57,-10,0,-2,27,2,3,2
34.545060,64,56,7,1,-9,-11,0,59,2
34.545241,-68,-11,-3,-4,17,31,-9,-36,2
34.545325,6,-25,-10,-1,6,4,11,0,2
34.567790,-38,7,3,-1,8,-7,-5,-4,2
34.567813,-34,-11,-4,-1,-15,-6,-3,26,2
34.571038,69,21,-6,-4,-5,10,1,33,2
34.571045,-28,43,5,2,3,-10,-9,-12,2
34.582407,86,-60,-3,-2,-10,-4,1,3,2
34.582443,-51,10,8,6,16,18,13,28,2
34.585893,-1,29,6,-2,6,-5,-5,-66,2
34.585967,-45,-50,-18,-7,-12,-3,-5,5,2
34.604681,19,74,5,6,8,-7,-2,21,2
34.604703,-67,-45,-9,-9,-39,-5,-4,-41,2
34.606790,33,14,2,4,37,-4,2,4,2
34.606800,36,53,4,-3,2,-4,-2,23,2
34.627890,-16,-1,-1,4,6,3,2,35,2
34.627914,10,13,3,-2,5,-5,-8,-64,2
34.628762,3,-11,-9,1,-22,-15,-1,-10,2
34.628787,-6,-6,3,-5,-2,21,-2,-1,2
34.642127,-61,-6,2,2,7,-5,3,43,2
34.642147,-11,56,8,1,2,-1,-7,-83,2
34.642812,76,-99,-7,-3,-7,-11,2,42,2
34.642826,55,-31,-2,-4,-10,-1,-8,-11,2
34.664729,71,22,-4,-5,-6,-5,0,-14,2
34.664747,-87,-30,-3,-1,-2,3,-4,33,2
34.665911,5,-2,1,0,4,1,12,26,2
34.665916,59,52,7,2,-24,-13,1,38,2
34.687765,-9,-73,-9,-1,39,4,-5,-39,2
34.687785,43,47,-1,1,-12,-4,3,41,2
34.688497,62,19,2,2,-1,6,1,21,2
34.688515,-89,-66,-4,-1,6,-3,5,-8,2
34.702131,-20,22,2,-2,-12,0,3,13,2
34.702214,53,-24,-2,-1,6,-1,-3,-29,2
34.702913,-17,18,-7,-4,-6,2,-7,7,2
34.702936,12,109,13,7,-3,-3,0,-33,2
34.724592,-47,-56,-3,0,-5,-5,-4,19,2
34.724608,42,-43,-21,-8,-2,-1,-6,-35,2
34.725451,-68,44,2,-4,-11,0,-3,-41,2
34.725456,55,-18,4,0,14,1,-3,-3,2
34.748194,8,13,1,-1,-17,-6,-1,8,2
34.748203,37,2,9,3,3,1,-1,31,2
34.748406,-21,52,-10,-4,-3,-1,0,-77,2
34.748413,12,-23,18,6,5,-8,3,46,2
34.764082,19,-44,-4,-2,11,12,-12,-20,2
34.764093,70,-32,-9,-4,-50,-3,11,43,2
34.764095,-70,-41,-4,-2,13,-4,0,33,2
34.764097,-25,49,-2,0,17,-30,0,-20,2
34.784763,42,-97,-4,-2,-3,5,-4,-54,2
34.784785,30,15,1,-1,7,-4,11,30,2
34.786861,13,0,6,0,-11,-10,-1,29,2
34.786869,-10,-1,-7,-1,-5,20,-7,-6,2
34.808639,-9,77,5,-2,-4,1,15,17,2
34.808643,4,-11,2,1,8,-6,-2,-20,2
34.808645,-19,-98,-5,1,-5,14,2,67,2
34.808647,1,7,-1,1,2,1,0,-40,2
34.822431,-36,78,1,0,-8,-5,-6,-28,2
34.824010,-5,63,1,-4,2,0,-5,43,2
34.824016,-21,-35,-7,-4,1,-1,-2,-17,2
34.824018,-48,-49,-10,-3,-10,4,-4,5,2
34.845302,32,19,-4,-5,1,-14,1,34,2
34.845330,-15,31,10,4,-9,1,-2,-38,2
34.847755,-9,10,5,4,42,2,-3,-23,2
34.847760,18,-22,-9,-7,-13,-3,0,10,2
34.867922,15,20,5,6,1,5,4,27,2
34.867953,-48,-23,4,-3,7,-6,-1,-11,2
34.870926,5,-19,-6,1,2,5,-8,-61,2
34.870936,21,67,-3,0,0,8,9,-14,2
34.882027,-28,-5,-2,-4,-2,-25,-10,4,2
34.882050,-9,-41,-8,-5,0,30,15,27,2
34.883037,15,41,4,2,-12,-10,0,13,2
34.883041,-20,-44,10,5,10,0,-3,-22,2
34.904640,54,9,-5,-3,-8,5,1,30,2
34.904664,-94,-36,-11,-3,1,-18,-16,-31,2
34.905620,32,25,-3,-4,-9,1,0,-24,2
34.905647,30,74,0,-2,6,8,-4,36,2
34.928066,-25,-97,1,-1,-5,-5,5,-37,2
34.928087,54,-32,-3,-2,2,-2,-3,1,2
34.929832,-36,-23,-1,-3,-5,5,3,35,2
34.929835,-70,19,-5,2,1,-4,-2,-21,2
34.942419,-27,89,6,2,14,6,-5,-9,2
34.942441,29,-77,-6,4,-11,-8,-5,-1,2
34.943410,75,-10,-3,-3,-44,3,14,25,2
34.943413,-56,10,0,0,5,2,-4,-49,2
34.966789,-1,40,2,-3,-13,0,9,16,2
34.966795,-5,25,2,-3,21,2,3,11,2
34.966797,-7,-26,2,0,-1,16,-8,-11,2
34.966799,9,11,-1,1,-3,7,-1,24,2
34.987839,-15,-49,-10,-2,2,13,0,-10,2
34.987861,-13,-5,-2,-3,-5,-18,-2,-19,2
34.989200,90,73,11,3,4,14,2,36,2
34.989208,-79,-19,-4,-3,3,-18,1,3,2
35.002434,6,24,6,3,-6,-5,-7,-18,2
35.002465,41,47,-4,1,3,15,0,13,2
35.004672,-45,-13,4,-2,6,-14,0,-18,2
35.004680,27,-53,-8,-5,-16,-2,-1,13,2
35.024673,28,29,-4,-3,8,-6,-9,-30,2
35.024689,-78,-73,-10,-3,-3,-1,-3,-32,2
35.026861,62,44,2,0,9,-10,-5,14,2
35.026866,49,-21,5,-1,-11,-9,4,31,2
35.048396,-62,-24,-6,-6,-12,7,-3,-25,2
35.048413,13,53,8,4,10,0,-3,3,2
35.050199,-18,24,-1,-1,0,-7,6,13,2
35.050203,33,12,0,-2,4,-1,0,52,2
35.062539,39,1,-5,-3,11,-27,-12,-3,2
35.062563,-14,-20,6,3,4,31,5,10,2
35.063078,-35,-67,-10,-5,-1,-12,0,4,2
35.063097,14,24,2,1,8,9,6,15,2
37.086815,4,4,0,-2,-2,-1,-2,-1,0
37.087183,-1,-5,0,0,-2,-1,-1,1,0
37.096787,-5,0,-3,-4,-2,-1,-2,-1,0
37.096849,3,-10,-3,0,0,-1,-1,-1,0
37.110635,0,4,-4,-1,0,-2,0,-3,0
37.110658,6,3,-4,-5,1,0,-1,0,0
37.113493,-9,1,7,6,0,1,0,-1,0
37.113497,17,-1,-15,-5,-2,0,-2,2,0
37.132715,37,-7,7,2,0,-1,1,-1,0
37.132730,-69,-21,-10,-1,-2,-2,-2,-5,0
37.134299,-1,-3,0,-2,-2,-2,-3,-1,0
37.134318,2,5,0,-2,-2,-1,1,1,0
37.146445,-11,-4,-5,-2,-2,0,-1,-1,0
37.146454,25,5,0,-2,0,1,1,1,0
37.157279,3,3,1,-1,-3,0,0,-2,0
37.157290,-7,-6,4,4,-1,0,-2,-1,0
37.170409,7,3,-2,0,-3,-2,-2,0,0
37.170428,15,5,5,0,-1,-1,0,1,0
37.172045,-21,-2,2,-1,-2,-2,-1,-2,0
37.172080,-2,19,-5,-7,-3,-2,-1,-3,0
37.194324,-14,-38,8,2,1,0,2,0,0
37.194330,-5,-1,-3,-2,-2,-3,-2,-1,0
37.194433,13,-2,0,-2,1,-1,-1,0,0
37.194521,19,0,-4,-2,-2,-1,-2,-1,0
37.206537,-27,16,-3,-2,-1,-1,-2,-3,0
37.206553,20,-29,-5,2,-2,0,0,0,0
37.217379,-19,18,5,0,1,-1,-2,-2,0
37.217383,3,1,6,0,-1,1,0,0,0
37.230715,5,7,-8,-3,-2,-2,-3,-2,0
37.230732,3,4,-1,-3,-1,0,-1,0,0
37.232357,10,-6,-9,-3,-1,-3,-2,1,0
37.232362,-10,-9,-3,-3,-3,0,0,-1,0
37.252957,-13,-1,3,2,2,-1,0,0,0
37.252984,4,6,-1,2,-1,-2,-1,-3,0
37.255293,-7,-8,1,-5,-1,0,-1,0,0
37.255324,-12,2,0,4,-1,-3,-2,-3,0
37.266427,6,-5,-3,-3,-1,-2,0,-1,0
37.266449,0,6,2,-1,-1,-3,-2,-2,0
37.281707,4,0,-2,-4,-1,-1,-2,-1,0
37.281736,-2,-4,3,0,0,-2,-1,0,0
37.290261,-1,5,-3,-4,-1,-2,-2,0,0
37.290280,-8,3,-2,1,0,0,0,-1,0
37.291718,1,-7,-9,-3,-2,0,-2,-2,0
37.291747,0,-2,7,2,0,-1,-1,-1,0
37.312899,-8,4,4,1,0,0,0,-1,0
37.314521,-4,-9,-4,-1,-2,-1,-2,-1,0
37.314528,0,-2,3,2,-1,-1,1,-2,0
37.314530,-1,-5,-9,-3,-1,0,-1,1,0
37.326528,12,5,-2,-3,-1,-1,-1,2,0
37.326547,-11,4,3,-2,-2,-2,0,0,0
37.336507,10,-1,-11,-2,-1,-3,-1,0,0
37.336520,24,19,13,5,2,1,0,1,0
37.352746,-22,-15,-8,-2,-1,-1,-1,-4,0
37.352761,-1,5,0,-3,-1,0,-1,0,0
37.352766,3,-6,1,2,1,0,0,1,0
37.352770,-8,-3,-2,-2,-1,-3,0,-1,0
37.372863,21,6,-2,-2,-3,1,-2,-1,0
37.372881,3,-5,-2,-3,0,-1,-2,-1,0
37.374274,-7,1,1,0,-1,-2,0,-1,0
37.374287,5,-6,-3,-3,-1,-1,-1,-1,0
37.395832,-5,23,-7,-5,-3,-2,0,-1,0
37.395866,0,-18,6,3,0,-1,0,0,0
37.398426,-19,3,8,4,-1,0,1,-2,0
37.398430,-1,6,2,0,1,1,0,1,0
37.410923,-4,-8,-4,0,1,-1,-2,-1,0
37.410946,-2,9,0,-3,-2,-1,-2,0,0
37.413388,9,1,0,-4,-2,-3,-1,0,0
37.413393,-12,-13,-4,-2,-2,-2,-2,-2,0
37.432683,-4,-2,1,-1,-1,-2,-1,-2,0
37.432704,9,5,-2,1,-1,0,-2,-1,0
37.434195,-4,-4,0,-1,0,0,-1,1,0
37.434210,-12,-3,-6,-3,-3,-2,-3,-3,0
37.455711,2,-5,0,-5,-1,-1,0,1,0
37.455743,10,9,4,4,0,-2,-1,1,0
37.458069,6,-2,-3,0,1,1,-2,1,0
37.458078,-46,0,1,0,-3,-1,-2,-3,0
37.470359,4,-4,0,3,-1,0,0,0,0
37.470380,-9,-3,-1,-1,-1,-2,0,-4,0
37.471889,3,-20,-5,-3,-2,-1,-1,-2,0
37.471908,17,15,-2,-4,-2,0,0,0,0
37.492742,-3,11,0,1,0,0,-1,0,0
37.492788,-4,-10,5,1,0,-1,0,0,0
37.494273,2,5,-4,-3,-1,0,-2,-2,0
37.494334,-3,-16,-1,1,0,-1,1,0,0
37.515716,10,1,2,1,-1,-1,-2,0,0
37.515738,-7,0,-7,-3,-3,-2,-1,-1,0
37.518363,6,4,9,2,-3,-1,-2,-2,0
37.518381,-14,-5,-2,-2,-1,-1,-2,-2,0
37.529906,-3,-4,-1,-3,-2,-2,0,-1,0
37.531735,4,2,-3,-1,0,-2,0,0,0
37.536813,-1,0,-2,-1,-3,-2,-2,0,0
37.536845,-4,0,-5,-5,-2,0,-1,-1,0
37.553994,16,-5,-3,3,-1,-1,0,-1,0
37.554000,8,1,-6,-2,-2,-2,-2,-2,0
37.554366,-16,3,0,-2,-1,-1,1,-2,0
37.554376,2,-2,4,1,0,0,0,-2,0
37.575783,-5,-6,-5,-3,0,-2,0,-2,0
37.575816,-7,1,5,2,0,0,0,0,0
37.577659,13,4,0,1,1,-3,-1,1,0
37.577667,13,14,-9,-4,-2,-2,0,1,0
37.589947,-15,-20,7,-1,-2,0,-1,-1,0
37.589968,13,8,1,1,1,-2,-2,1,0
37.597205,4,0,0,-2,-2,-2,-2,-2,0
37.597312,-38,-6,2,0,0,-1,-3,-4,0
37.613182,-3,-13,-4,-3,-2,-2,-2,-2,0
37.613211,-1,10,-5,-6,-3,-1,-2,-1,0
37.615205,-8,2,-8,-2,2,1,1,-1,0
37.615209,15,-2,0,7,0,-1,0,1,0
37.635559,1,5,11,2,1,-1,-2,-2,0
37.635649,-4,-8,0,1,-2,-1,-1,-1,0
37.637072,1,-4,-5,-5,-2,-1,-1,-1,0
37.637099,9,1,-1,-1,-1,0,-2,-2,0
37.649576,-5,2,-3,-2,-3,-1,-1,0,0
37.649598,-3,-5,-8,-3,-2,-1,-1,-3,0
37.656772,13,9,11,1,0,1,0,1,0
37.657741,9,-5,-2,0,1,-2,-1,0,0
37.673062,-56,-6,-1,2,-1,-1,-3,-5,0
37.674355,2,0,-2,-6,-1,-2,0,1,0
37.674433,1,-1,-2,3,-1,-1,-1,-2,0
37.674439,22,-8,-2,-3,-2,-2,-1,-1,0
37.695417,-3,-4,-9,0,0,-1,0,2,0
37.695435,-3,5,2,-1,-1,-1,0,-1,0
37.697105,-7,-7,1,2,0,-2,0,0,0
37.697122,12,5,1,0,-2,-2,0,2,0
37.710421,14,6,-1,-4,-2,-1,-1,-1,0
37.710451,-12,-4,-7,-2,0,1,-1,-2,0
37.716856,3,-17,-2,0,0,0,-1,-1,0
37.716887,0,17,2,0,0,0,-2,-1,0
37.732731,-1,4,0,1,-1,-1,0,0,0
37.732753,0,-3,0,0,-1,-1,0,0,0
37.734250,-8,2,-1,-3,-2,-1,-2,-2,0
37.734264,-12,-12,-6,-3,-2,-1,-2,-1,0
37.755524,12,-2,4,-2,0,0,0,0,0
37.755548,8,7,4,5,0,1,0,-1,0
37.757054,31,2,-2,0,-2,-1,0,1,0
37.757073,-91,-19,-3,-3,-1,0,-2,-4,0
37.771915,-8,-1,-2,0,0,-1,-1,-4,0
37.771927,3,-2,5,-1,0,1,1,-1,0
37.776414,-17,-12,1,-2,-3,-2,-2,-2,0
37.776437,23,11,-1,-3,-2,-2,0,0,0
37.792934,9,-1,-8,-2,-2,-1,0,2,0
37.792950,-10,0,-1,1,-2,-2,-2,0,0
37.795219,-12,-1,1,0,-1,-1,-2,-1,0
37.795227,25,4,1,-4,-3,-1,1,0,0
37.816860,-2,-2,1,2,-2,-1,-2,-2,0
37.816865,8,2,2,2,0,-3,-3,-1,0
37.816867,-4,6,-3,-2,-1,0,1,-1,0
37.816931,3,-6,-3,1,0,-1,-1,0,0
37.832420,51,-1,0,-4,-1,-1,1,1,0
37.832426,-78,-3,3,0,0,0,-3,-5,0
37.836673,-3,5,7,4,0,-1,-3,0,0
37.836703,2,-1,-4,1,0,-2,-1,-1,0
37.853219,15,-3,4,1,-2,1,-1,0,0
37.853249,24,2,0,-4,-2,-1,-1,0,0
37.855260,-8,-3,-8,-5,-2,-2,0,0,0
37.855281,9,0,3,1,0,0,-2,-1,0
37.876701,-3,10,-7,-2,-2,-2,-2,0,0
37.876707,1,-17,0,-2,-2,0,-1,0,0
37.876709,-8,14,-4,0,0,0,-2,0,0
37.876711,16,-11,1,1,-2,-1,0,1,0
37.889316,-15,8,-2,-1,-1,-1,0,-1,0
37.889367,-1,-6,-8,-4,-2,-1,-1,-1,0
37.899550,4,-1,-4,-1,-2,-1,-1,-2,0
37.899555,12,3,3,0,-1,0,-1,-1,0
37.912815,-10,-3,3,-4,-1,-1,-1,-3,0
37.912832,10,5,-4,0,-1,-1,0,0,0
37.914880,15,-17,-2,1,0,0,0,2,0
37.914884,-4,11,1,-2,-2,-3,-1,-2,0
37.935495,-11,1,2,2,1,1,-1,2,0
37.935521,6,-2,-4,-7,-4,-2,-3,-4,0
37.937461,5,14,4,0,-1,-3,-1,-1,0
37.937466,12,-13,3,4,0,1,0,1,0
37.948894,-39,-9,-2,0,-2,-2,-1,-1,0
37.948916,-4,-1,-2,-1,-2,-2,-1,-2,0
37.958476,-15,-2,-6,-4,-2,-2,0,-3,0
37.958485,0,2,-3,-2,-3,-1,0,-1,0
37.972821,14,6,5,-1,-1,-3,-3,-1,0
37.972839,7,8,-3,-2,-1,-3,-1,-1,0
37.974382,-4,-11,-1,-2,-2,0,0,-1,0
37.974398,-1,3,1,0,-1,-1,-1,-2,0
37.995503,1,-5,5,0,0,0,0,-2,0
37.995535,6,-2,-22,-1,0,0,-2,-1,0
37.998298,-7,-1,6,3,1,-1,1,0,0
37.998303,-3,-4,-2,0,-1,-2,-1,0,0
38.009574,5,2,-5,-3,-2,0,-1,2,0
38.009604,-23,-11,0,-3,-3,-1,-3,-3,0
38.019915,4,1,-3,-1,0,-1,-2,-2,0
38.019920,-9,-1,-1,-1,-1,0,-1,-1,0
38.035456,3,0,-3,-2,0,-1,0,-3,0
38.035473,15,-3,6,1,1,-1,-1,0,0
38.035475,50,23,-5,-4,-2,-1,0,5,0
38.035477,-101,-40,-8,-2,1,-2,-3,-13,0
38.054520,-12,4,17,4,-1,-1,-2,-3,0
38.054552,6,8,2,-2,0,-1,-1,1,0
38.065556,1,-7,-5,1,0,0,-2,-3,0
38.065561,43,21,3,-2,-2,0,-1,3,0
38.069270,5,-8,-13,-4,-1,-2,-1,0,0
38.069290,-9,-2,8,5,0,-1,-2,-1,0
38.080116,-11,0,-2,-5,-2,-2,-1,-1,0
38.080122,8,-2,-5,-5,-2,0,-1,2,0
38.092731,-9,-2,0,1,0,0,-2,-2,0
38.092748,13,5,2,0,0,-2,1,0,0
38.094344,-8,-7,-2,1,-1,-2,-2,-2,0
38.094400,7,9,9,0,-1,-1,0,1,0
38.115222,29,-4,-9,-7,-3,-2,-3,-1,0
38.115243,20,0,0,3,0,0,1,3,0
38.116705,-46,-5,2,1,0,-1,-2,-5,0
38.116720,15,6,-4,-1,-1,-1,-1,0,0
38.128863,-1,-2,-2,-1,-1,0,-1,1,0
38.128878,-1,-13,-4,-6,-4,-1,-2,-2,0
38.139502,1,-14,-37,-5,-3,-3,-4,-1,0
38.139509,17,58,32,10,5,2,1,2,0
38.152934,-11,4,3,4,-1,0,0,0,0
38.152959,-3,1,3,0,-1,0,-1,-1,0
38.155020,-6,-16,-7,-5,-1,-2,0,0,0
38.155057,3,-19,-15,-6,-5,-4,-3,0,0
38.176359,-1,0,-3,-3,-1,-2,0,-3,0
38.176365,-17,-6,-1,0,0,0,-1,-2,0
38.176660,5,9,13,1,-1,0,1,-1,0
38.176666,3,-13,-7,-1,-1,-1,0,0,0
38.189294,-7,0,5,0,-1,0,-1,-1,0
38.189351,-2,-3,-5,-4,-3,-4,-2,-1,0
38.199372,-1,6,14,3,1,1,-2,-1,0
38.199376,-2,-7,-4,-2,-1,-1,-2,-3,0
38.212759,-1,0,-15,-5,-2,-1,0,0,0
38.212775,13,6,9,1,1,1,0,0,0
38.214813,12,8,6,1,-1,-1,1,-1,0
38.214817,-30,-16,-6,-5,-2,-2,-2,-4,0
38.235610,7,4,-2,-3,-2,-1,-2,1,0
38.235639,-3,-8,-3,-1,-2,-1,-1,-2,0
38.237758,6,3,15,3,0,-1,-1,0,0
38.237767,6,-2,-4,-3,0,0,0,-1,0
38.248925,38,3,-11,-3,-1,-1,-2,2,0
38.248948,-86,-15,9,0,1,0,-2,-6,0
38.258469,3,-7,-9,-1,-1,-2,-1,-1,0
38.258476,2,-5,-4,0,-2,-2,-1,0,0
38.272919,4,7,5,3,1,0,1,-1,0
38.272952,22,2,-4,-2,-2,-1,-1,0,0
38.274277,-13,1,-1,-2,-2,-2,-1,-1,0
38.274312,5,-5,-5,-4,-3,-2,-3,-1,0
38.295350,-5,-5,1,-5,-1,-3,-1,0,0
38.295372,13,5,-6,2,-1,0,-1,-2,0
38.298215,-4,-2,1,-2,-2,-1,-1,0,0
38.298224,15,-1,4,1,0,1,0,2,0
38.309100,-33,-4,0,1,0,-1,0,-3,0
38.309123,-2,-7,-2,-1,-1,0,-2,-1,0
38.319911,1,0,-5,-1,-2,0,0,-4,0
38.319923,-2,4,-1,-6,-3,-3,-2,0,0
38.335838,-1,-11,0,3,1,1,-1,-1,0
38.335858,2,-1,0,-5,-1,0,0,0,0
38.335864,11,10,1,0,0,1,-2,1,0
38.335867,-11,2,-1,-2,-1,-1,1,-2,0
38.355586,0,-6,1,-1,0,-2,-1,-2,0
38.355668,12,4,-2,-2,-1,-2,-3,-1,0
38.357442,1,-8,-3,0,-1,-2,-1,-2,0
38.357447,-1,1,-2,-2,-3,-1,-3,0,0
38.377783,8,1,-3,-2,0,-1,-1,-2,0
38.377806,-13,-8,3,2,1,1,1,0,0
38.379796,8,12,-6,-1,-1,0,0,0,0
38.379800,-25,-13,1,-3,0,-2,-2,-2,0
38.392828,4,-4,2,3,-1,-2,1,-1,0
38.392846,-13,-3,-7,-5,-3,-3,-3,-3,0
38.394651,-3,-5,-1,0,-2,1,0,0,0
38.394660,-6,2,-2,0,-1,-1,-1,-2,0
38.415300,-5,0,-3,-4,-2,-1,-3,-1,0
38.415324,18,6,-1,-1,-2,0,0,1,0
38.416948,-5,-4,-1,-2,0,-2,-1,-1,0
38.416971,5,-3,-2,-2,-2,-2,1,0,0
38.437871,-4,-4,-3,-1,-2,-1,-2,0,0
38.437902,10,-5,13,3,1,-1,-1,1,0
38.439585,-4,14,2,0,-1,-3,-2,-1,0
38.439597,1,-1,-2,2,1,-1,-1,0,0
38.452875,-1,1,-2,-3,-3,-1,-2,-1,0
38.452899,6,-2,-7,-3,-2,-2,0,0,0
38.454679,-5,-13,0,-2,0,0,-1,-1,0
38.454718,1,-1,1,2,0,0,-1,-1,0
38.475216,-2,7,2,-4,-3,1,-1,0,0
38.475254,2,4,-16,-3,1,-1,1,-1,0
38.476735,2,-4,13,5,2,0,0,0,0
38.476782,-4,5,1,3,0,1,-1,-2,0
38.497910,25,-1,2,-1,0,0,-2,0,0
38.497934,-34,0,-3,-1,-4,-1,-1,-1,0
38.499694,5,-8,-8,-6,-2,-1,-1,-3,0
38.499702,6,1,-2,-4,-1,-2,-1,-2,0
38.512184,3,3,-2,0,0,0,-1,-1,0
38.512210,11,1,1,-3,-3,-3,-2,-1,0
38.520439,-45,-6,-3,-3,-2,-2,-2,-2,0
38.520453,5,-5,-4,1,0,0,2,0,0
38.535329,-11,-5,2,2,0,-1,-1,-1,0
38.535383,18,11,2,-1,0,-1,-2,0,0
38.536996,-1,1,0,0,-2,-1,-2,-1,0
38.537019,5,-5,2,-2,-1,-3,-2,-2,0
38.557806,-12,1,-3,1,0,-1,0,-2,0
38.557823,-2,0,1,1,-1,-1,-2,0,0
38.560032,5,-18,-6,-6,-2,0,0,-1,0
38.560040,-15,27,0,-3,-1,-2,-2,0,0
38.572348,9,3,9,2,0,0,-1,0,0
38.572381,1,0,-2,-4,-3,-3,-1,-3,0
38.578992,-2,-5,0,1,-1,-2,-1,-1,0
38.579016,14,1,1,1,-1,0,1,0,0
38.595335,-10,2,8,-1,-1,-2,0,-1,0
38.595357,2,-6,-3,1,0,-1,2,0,0
38.597562,-1,4,-1,0,-1,-1,-1,0,0
38.597615,0,-8,-6,-4,-2,-2,0,-1,0
38.617787,-9,-2,-8,-3,0,0,-1,-2,0
38.617811,3,-4,-1,-1,0,0,-2,-2,0
38.620066,5,4,-2,-3,-1,-1,-2,-1,0
38.620071,30,7,5,0,-2,-3,-2,-2,0
38.632041,-37,-17,-4,0,1,-2,2,-4,0
38.632064,13,4,2,3,0,-1,0,-1,0
38.639087,-4,0,-4,-3,-1,-1,-2,-2,0
38.639111,-7,-8,-3,-2,1,0,-1,0,0
38.655660,16,5,4,-2,-1,0,-1,0,0
38.655727,0,-8,-7,-3,-1,-1,-1,-2,0
38.657897,-3,33,6,-4,0,-3,0,0,0
38.657925,8,-25,-2,3,1,0,1,-3,0
38.678360,10,-10,0,-1,-2,-1,-2,-2,0
38.678398,-21,8,1,2,-1,0,-1,-1,0
38.679658,5,6,2,-1,-2,0,0,1,0
38.679702,-12,0,-4,-3,-2,-2,-1,0,0
38.692076,8,4,-5,0,0,-1,-1,-1,0
38.692093,-1,-7,1,-2,-2,-2,0,-1,0
38.698895,-2,-12,-6,1,-1,0,0,-1,0
38.698918,-2,5,0,-5,-2,0,-1,-3,0
38.715199,-10,-8,1,3,0,-1,-1,0,0
38.715221,33,13,3,1,1,1,-1,2,0
38.716751,-39,-23,-6,-4,-1,-1,-1,-6,0
38.716765,-4,-2,-1,0,-1,-1,-1,-1,0
38.738340,-5,1,-7,-4,-2,-1,1,-2,0
38.738347,-2,-2,-3,-3,0,0,-1,0,0
38.739388,21,0,2,0,-2,-1,0,-1,0
38.739408,-9,-7,-7,-3,-1,1,0,-1,0
38.753265,-3,3,-4,-1,-4,-2,0,-1,0
38.753271,-2,1,5,2,0,-1,0,-1,0
38.758905,7,5,2,0,-2,-2,-3,-2,0
38.758922,-6,-23,-11,-7,-2,-2,-2,0,0
38.775367,4,15,12,5,1,0,0,0,0
38.775447,-5,-3,3,2,1,0,0,-2,0
38.777287,17,3,-3,1,0,0,1,2,0
38.777293,-17,-7,-4,-2,-2,-2,-3,-2,0
38.798602,-3,0,-4,-4,0,-1,-1,-2,0
38.798607,-5,-6,-1,0,-1,-1,-1,-1,0
38.799297,-3,1,1,0,1,-1,0,-1,0
38.799312,22,8,-2,0,-1,-1,-1,0,0
38.814609,-2,-5,0,0,-1,-2,-2,0,0
38.814617,-11,2,0,-3,-2,-1,-3,-2,0
38.819726,11,-1,-3,-3,-1,1,-2,1,0
38.819783,-4,2,2,0,-1,-2,0,-2,0
38.835667,-9,0,0,-2,0,1,0,0,0
38.835693,3,3,2,1,-2,0,0,-2,0
38.837666,-5,-4,-2,-2,-1,0,-2,-2,0
38.837672,-6,4,4,0,-1,0,-1,-2,0
38.857816,3,3,-7,-4,-3,-1,-1,-2,0
38.857839,-2,-15,-6,-4,-3,-3,-3,-2,0
38.859564,-13,-1,8,3,0,-1,-1,-1,0
38.859580,10,8,5,4,0,0,-1,1,0
38.871669,-2,-4,-4,-3,-1,-1,-2,0,0
38.871694,-6,-1,-2,0,-1,0,0,0,0
38.880950,12,10,2,-1,-2,-2,-1,-1,0
38.880954,-12,-2,-1,-1,0,0,-1,-3,0
38.895369,5,3,1,-2,0,-1,0,-1,0
38.895393,55,-6,-2,-3,-2,-2,0,0,0
38.897147,-84,-8,-9,-4,-2,-1,-2,-5,0
38.897169,18,11,8,2,0,-1,0,1,0
38.918915,-14,-7,0,-2,0,-2,-2,-2,0
38.918949,-2,7,-1,-1,0,-1,0,0,0
38.921551,26,-13,-1,-2,-1,-1,0,2,0
38.921565,-11,0,-3,-1,-2,-2,-2,-1,0
38.931448,3,-3,-7,1,0,-2,-2,-2,0
38.931464,-13,-2,0,-2,-1,-1,-1,-2,0
38.940263,27,10,-9,-4,-2,-1,1,-1,0
38.940279,-40,-19,2,1,-1,0,-1,-1,0
38.955770,22,2,6,1,-1,2,1,1,0
38.955787,-2,2,-5,-5,-1,0,-1,0,0
38.957288,-12,-8,-2,2,-1,0,-1,-1,0
38.957306,12,7,-5,-2,-2,0,0,0,0
38.978628,-4,-4,-3,-2,-3,-1,0,-1,0
38.978652,-19,-12,-4,0,-3,-2,-2,-1,0
38.980470,20,13,8,-3,1,-1,-2,0,0
38.980474,17,5,2,1,2,1,2,3,0
38.991557,-34,1,5,5,0,-1,-2,-3,0
38.991574,-61,-30,-8,-4,-1,-1,-2,-5,0
39.002011,22,8,-2,-1,-2,1,0,0,0
39.002021,-33,-3,-2,-1,-1,-2,-2,-1,0
39.015671,25,-1,-10,-2,-1,-1,0,0,0
39.015695,12,11,4,-2,-1,0,-1,-1,0
39.018324,-9,-11,-2,1,-2,-1,0,0,0
39.018333,14,-6,-5,-3,-3,-2,-1,0,0
39.037959,3,19,-1,-3,-4,-4,-3,-1,0
39.037982,-3,-8,17,7,4,0,0,0,0
39.040122,-1,-6,-1,-2,-1,-3,-1,-1,0
39.040127,5,0,-5,-3,-2,-1,-1,0,0
39.051323,-11,-2,-7,-5,-3,-1,-2,-2,0
39.051384,8,12,-5,0,-2,-1,-1,-1,0
39.062063,-11,-6,4,4,1,-1,0,-1,0
39.062073,0,4,2,-2,-2,0,-1,-2,0
39.075307,-5,-7,-1,-3,-1,0,0,-1,0
39.075330,12,5,-3,-3,-1,-3,0,0,0
39.077905,4,-3,-3,-2,-2,0,-1,0,0
39.077909,-2,0,3,2,-1,-1,-1,-1,0
39.097796,-3,-7,1,2,0,1,0,-1,0
39.097805,2,5,-3,-2,-1,-2,-3,-1,0
39.099280,-3,0,-4,-3,-5,-4,-2,-3,0
39.099340,-6,-9,-4,0,-1,0,-1,-1,0
39.113316,5,-8,1,-1,-1,-2,0,0,0
39.113320,-2,18,3,2,1,1,0,-2,0
39.121036,-2,-3,-4,-3,1,-1,-2,-1,0
39.121041,3,-2,4,2,0,-1,0,-2,0
39.135635,2,7,-7,-1,-1,0,1,-1,0
39.137637,-5,-19,-3,-4,-2,-2,-1,0,0
39.137645,1,-1,1,-1,-2,-2,-2,-1,0
39.137647,1,5,5,0,0,0,-2,-1,0
39.158450,0,0,6,2,0,-2,-2,0,0
39.158454,7,-4,-6,-3,-2,-1,-2,-2,0
39.159336,-11,14,3,1,-1,-1,-1,-1,0
39.159405,11,2,1,-5,-1,-3,1,1,0
39.172141,-34,-2,-2,-1,-1,-2,-3,-3,0
39.172166,38,8,-2,-2,1,-1,-1,2,0
39.181476,-58,-19,-1,0,1,0,0,-4,0
39.181481,-10,-2,-6,-2,-2,-2,-2,-2,0
39.195181,6,-3,0,-2,-2,-1,-1,1,0
39.195203,-8,4,-3,-1,-2,-1,-1,-1,0
39.196978,24,1,-3,-4,-2,0,-1,0,0
39.196996,-1,2,1,1,-1,0,0,0,0
39.218483,0,-19,-1,1,-2,0,-1,-2,0
39.218526,-4,15,0,-1,-3,-1,1,-1,0
39.221322,18,0,-2,0,0,-1,-3,0,0
39.221330,-12,-5,2,1,0,-2,-3,-3,0
39.231464,7,0,-3,-4,1,-1,-1,-1,0
39.231481,-12,-8,1,1,-1,-3,0,-2,0
39.241084,10,1,-2,-3,-3,-1,0,0,0
39.241093,24,7,-1,-1,0,0,0,1,0
39.255496,-44,-11,-5,-4,0,0,-1,-2,0
39.255527,-11,1,0,1,-1,1,1,-1,0
39.257016,1,-3,0,2,-1,-1,0,-3,0
39.257039,4,2,-5,-5,-5,-2,-1,-1,0
39.278166,21,8,9,1,-1,0,0,0,0
39.278195,-9,-9,-9,-3,-2,-1,0,-1,0
39.280143,6,-1,0,-1,1,1,-1,-1,0
39.280149,2,-7,-3,0,-2,-2,0,-1,0
39.302385,3,4,-1,-4,0,0,-2,1,0
39.302402,-8,-4,-2,0,-2,-1,-1,-2,0
39.302407,4,-6,-2,-2,-1,0,-1,-3,0
39.302411,-8,2,1,-1,0,-1,-1,-2,0
39.315202,5,-5,-9,4,14,0,1,-2,0
39.315225,5,0,1,-5,-9,3,-2,1,0
39.316890,2,11,0,0,-3,-10,-3,1,0
39.316897,-8,-13,-4,-3,-1,1,-1,-2,0
39.337856,-7,12,-4,0,-3,-4,-2,-1,0
39.337877,5,-4,7,2,4,0,-2,0,0
39.339864,-7,1,-5,1,0,0,0,0,0
39.339871,-3,-7,0,-2,-2,-2,-2,-3,0
39.360358,22,1,-3,-3,-5,0,-1,1,0
39.360381,-3,8,-1,0,0,-1,-1,0,0
39.362139,-8,-10,-2,-2,-4,0,-1,-2,0
39.362152,-1,-5,-7,0,0,0,-1,-1,0
39.375610,-5,-5,-1,-3,-5,-1,-1,-3,0
39.375631,5,2,-1,-1,0,-3,-2,-1,0
39.378264,3,-6,-4,-1,-1,1,1,0,0
39.378274,0,0,-2,4,0,1,1,0,0
39.398183,8,5,4,-1,-1,-1,-1,0,0
39.398205,1,5,-5,-4,-1,-1,-1,-1,0
39.399233,13,-19,-2,0,3,0,1,0,0
39.399269,-37,6,4,0,0,-2,-3,-3,0
39.420427,0,0,-1,-1,-5,-2,0,0,0
39.420450,1,-3,0,0,1,-2,-1,-1,0
39.422623,-4,-1,-5,-5,0,-1,-1,0,0
39.422633,2,-1,-2,-5,-3,-1,0,1,0
39.434958,43,9,-5,1,-2,-2,1,2,0
39.434988,-44,-14,5,1,1,-1,-1,-2,0
39.441502,1,9,4,2,0,0,-1,0,0
39.441520,3,1,3,0,-1,-2,-3,0,0
39.457808,-19,-6,-4,-3,-2,-2,-2,-3,0
39.457827,28,2,-5,-3,-4,-3,-1,0,0
39.459245,1,5,3,0,1,-1,0,0,0
39.459261,-1,-1,1,1,0,-1,0,0,0
39.480198,-2,-5,-2,-4,-2,-2,-1,-1,0
39.480220,-1,0,-3,-1,-1,-2,-1,-4,0
39.482439,-9,8,5,-3,-2,-1,-2,-2,0
39.482443,5,-4,-5,2,-2,-1,0,-2,0
39.494625,6,12,1,1,-1,0,-1,0,0
39.494647,-18,-16,1,-1,-1,-2,-2,1,0
39.501895,-2,2,1,-2,-2,-1,0,-1,0
39.504216,6,4,-2,-3,-2,0,0,0,0
39.518550,-7,8,2,-1,0,1,-1,-2,0
39.518578,2,0,-7,-2,-1,0,1,-1,0
39.520492,8,8,5,2,-2,0,-1,-1,0
39.520499,-10,-12,-9,-4,-3,-2,-1,-1,0
39.540414,6,-7,1,-1,-1,-2,-2,0,0
39.540433,-5,7,4,3,0,-1,-1,-3,0
39.541756,-12,-7,2,2,1,0,0,0,0
39.541788,15,1,-3,0,-1,-2,-1,-2,0
39.554903,-10,-8,-6,-6,-3,-2,-1,-2,0
39.554947,9,0,-3,0,0,-1,-2,1,0
39.561389,20,-2,-4,-1,-1,-2,0,0,0
39.561412,-37,-1,3,-1,-1,-1,-1,-2,0
39.578051,1,0,4,3,-1,0,-1,0,0
39.578135,0,-4,-4,-5,-2,-1,-2,-1,0
39.580069,5,-8,0,4,-2,0,1,-1,0
39.580073,9,4,-4,-5,-1,-2,-2,1,0
39.600209,-9,-19,-5,-3,0,-3,-1,0,0
39.600228,10,24,3,3,-1,-1,-2,0,0
39.601904,-14,1,-3,-2,-2,0,-3,-3,0
39.601985,-8,10,8,-2,-1,-2,0,0,0
39.614536,-10,-5,-1,-1,-2,0,-2,-2,0
39.614548,5,1,2,-2,-1,-2,0,1,0
39.621632,2,-9,-8,-3,-1,-1,-2,-1,0
39.621661,31,1,0,2,0,-2,-1,1,0
39.637808,-31,-4,0,1,-1,0,-2,-3,0
39.637830,6,-5,1,1,0,-1,0,-2,0
39.639722,-45,-7,1,-1,-2,-3,-4,-5,0
39.639731,9,0,-6,-5,-2,1,0,-1,0
39.660286,8,4,0,-2,1,-2,-2,-2,0
39.660296,5,-2,-1,-1,-1,1,1,1,0
39.661818,0,1,-4,-6,-2,0,-1,1,0
39.661836,6,1,1,5,0,-1,-2,-4,0
39.674585,10,-2,2,-3,-1,-1,0,-1,0
39.674598,-11,-3,4,5,0,-2,-1,-1,0
39.681318,4,-1,-3,-2,-2,-2,0,-1,0
39.681341,-6,7,-7,-4,-1,-1,-2,0,0
39.697976,10,9,2,0,-2,-2,-1,-1,0
39.698000,-7,-1,5,-3,1,-1,-1,-2,0
39.700038,-15,-6,-3,-1,0,0,-1,-2,0
39.700042,9,-6,0,-1,-1,0,-3,-2,0
39.720478,11,2,1,-1,-2,-1,0,1,0
39.720490,-15,-5,-4,1,0,0,0,0,0
39.721954,46,5,2,2,0,-1,0,0,0
39.722004,-53,-5,0,-2,0,-1,-1,-3,0
39.737178,-4,-2,-3,0,-1,0,1,0,0
39.737188,8,-4,-10,-6,-1,-1,-1,0,0
39.741426,11,6,12,4,0,0,0,0,0
39.741449,11,2,-4,-1,-1,-1,1,1,0
39.757776,-26,4,-10,-5,-2,-1,-2,-4,0
39.757795,1,-9,4,2,-2,-1,-1,0,0
39.759430,-3,2,1,-2,0,0,-2,-1,0
39.759440,9,-19,5,0,-1,-2,-1,-1,0
39.780367,-9,16,-3,-4,1,-1,0,-1,0
39.780389,-4,2,-6,-2,0,-1,0,0,0
39.782584,-1,0,-4,-3,-2,-2,-1,0,0
39.782591,-17,-7,-2,1,-3,-2,-2,-3,0
39.793919,8,-5,1,1,-1,0,-1,1,0
39.793943,-4,-4,-7,-5,-2,-2,-2,-2,0
39.805085,5,-1,3,0,2,-2,-1,-1,0
39.805093,5,0,-7,-3,-1,0,-1,-1,0
39.817870,2,-2,2,0,0,0,0,-1,0
39.817885,-3,9,-1,2,-2,0,0,0,0
39.819456,25,3,2,-2,-1,0,0,1,0
39.819480,-39,-1,-2,-3,-2,-1,-1,-1,0
39.840378,-49,-17,-6,0,0,-1,-1,-2,0
39.840394,14,-2,-2,-2,-2,-2,-2,0,0
39.842321,-26,-9,0,-1,-3,-1,-1,-2,0
39.842328,29,4,-6,0,-2,0,0,-2,0
39.853963,20,7,4,-3,-3,0,-1,-1,0
39.853982,-13,-8,0,1,0,-1,-2,-3,0
39.864561,-4,10,-2,-2,-1,-1,0,0,0
39.864567,11,5,-1,-3,-1,-2,0,0,0
39.877690,1,-1,-6,-1,-1,-1,0,-1,0
39.877699,14,4,9,1,-1,-2,0,-1,0
39.879248,-25,-6,-4,-3,-2,-2,-1,-3,0
39.879269,-3,-8,1,-4,0,0,0,0,0
39.900272,7,-4,-5,0,-1,-2,-1,-1,0
39.900294,-4,-1,-1,3,-2,1,1,2,0
39.902756,7,-8,-4,2,-2,-1,0,0,0
39.902768,12,8,2,-3,-2,-2,0,0,0
39.913889,10,-7,-1,3,-1,0,1,1,0
39.913911,-34,-7,-4,-3,-2,0,-2,-5,0
39.923549,5,3,-6,-5,-3,-1,-1,-1,0
39.923564,-2,-8,-1,-1,0,-1,-1,0,0
39.938959,24,-6,2,1,0,-1,-1,3,0
39.938979,11,18,4,0,0,0,1,-1,0
39.939539,-9,2,2,-1,0,-1,-1,-1,0
39.939551,-1,4,-1,-2,-2,-2,-3,0,0
39.960372,-2,-6,1,1,0,-3,-1,0,0
39.960388,15,-8,-3,-5,-1,-1,-2,0,0
39.963351,-34,-2,-2,3,1,-1,-1,-3,0
39.963358,13,6,2,1,-1,1,-1,-1,0
39.973996,-1,-3,1,-3,-3,-1,-1,-2,0
39.974012,-13,-16,-6,-4,-2,0,-2,-2,0
39.984992,18,9,-1,-2,-3,0,0,1,0
39.985001,15,4,6,6,0,-1,1,-2,0
39.997323,-10,0,-1,-1,0,-1,-3,-2,0
39.997352,10,5,-5,-2,1,-2,-1,-1,0
40.006599,4,-5,-2,-3,-2,-2,-1,-1,0
40.006605,4,-3,1,0,-1,-1,-1,0,0
40.021715,17,7,-2,-6,-3,-1,-1,-1,0
40.021747,7,1,-7,0,-1,0,0,-2,0
40.022427,-11,-5,7,-1,2,0,-2,0,0
40.022459,11,2,-1,2,1,-1,0,0,0
40.034038,-2,0,3,4,1,-1,0,-2,0
40.034064,1,-2,0,-3,-1,-1,0,1,0
40.043605,2,-19,-8,-5,-3,-2,-2,-3,0
40.043611,-11,13,-5,-3,-4,-3,-2,-3,0
40.057836,2,5,-1,0,0,0,-1,1,0
40.057863,-14,1,7,2,0,-1,-1,0,0
40.059360,6,1,-3,-1,-1,0,-1,0,0
40.059429,-9,-7,3,-1,1,-1,1,-2,0
40.080323,-11,-10,-5,-2,-1,-1,-2,-3,0
40.080344,5,4,-2,-2,-3,-1,-2,-1,0
40.081790,-14,8,-5,-4,-3,-1,-1,1,0
40.081812,38,-5,7,8,2,1,-3,-1,0
42.104783,-12,-33,-11,-1,-3,-37,-8,12,2
42.105102,23,7,-7,-3,11,5,1,-51,2
42.106198,-25,35,0,-4,-18,-22,12,-65,2
42.106246,-52,25,1,-3,-11,9,-26,-20,2
42.127784,52,46,7,-1,7,36,17,19,2
42.127806,10,8,-1,0,1,-110,-28,-2,2
42.130659,-31,-116,-12,-2,10,70,6,30,2
42.130666,78,9,1,1,0,33,14,14,2
42.142079,29,23,6,4,4,-42,-3,-29,2
42.142103,-42,32,12,5,-11,30,7,-16,2
42.143400,-16,52,-8,-1,2,-11,-2,22,2
42.143409,65,-47,-7,-6,-11,1,-11,-33,2
42.164519,-67,-128,-17,-1,-9,-11,8,11,2
42.164541,16,-18,-2,-4,12,25,4,-7,2
42.165164,-40,-8,-7,-3,0,-21,-12,6,2
42.165178,41,-47,7,4,0,17,11,14,2
42.188276,-49,53,8,5,11,-25,-2,-34,2
42.189793,21,104,-4,-3,-3,6,-5,40,2
42.189798,-23,-94,-13,-3,-5,22,2,-35,2
42.189800,-12,42,3,-1,6,-4,1,7,2
42.202479,-32,80,-6,-7,0,-17,-4,-2,2
42.202518,-1,32,-8,2,-5,32,30,9,2
42.204732,-61,-33,9,2,21,4,-11,16,2
42.204744,34,41,0,-2,-5,-46,0,31,2
42.226611,46,64,17,11,19,-17,12,10,2
42.226617,48,-77,-16,-9,-5,39,-9,-33,2
42.226619,9,-21,9,7,-24,3,10,13,2
42.226621,-49,-8,-17,-6,9,45,-4,-19,2
42.247740,-6,-51,1,3,3,-16,-4,6,2
42.247762,-19,51,6,0,3,1,3,-33,2
42.249344,-8,-53,-2,0,-7,4,-10,30,2
42.249349,-55,-48,-8,-9,1,-11,-9,-32,2
42.262307,76,47,-1,6,-36,21,4,15,2
42.262330,-50,28,9,0,-2,-13,-8,-9,2
42.262929,-3,66,-13,-5,4,-16,-6,-25,2
42.262954,-12,26,8,11,7,12,0,16,2
42.284937,25,2,-8,-9,-4,-8,-7,6,2
42.284968,-73,-60,7,2,24,40,18,20,2
42.287153,92,114,11,3,-3,-12,-7,-14,2
42.287159,-35,-86,-7,-5,-3,-40,-1,-11,2
42.307957,100,51,-3,-1,-15,66,9,37,2
42.307980,-10,34,8,3,37,4,-17,-34,2
42.308609,-64,-21,-24,-9,14,-49,-8,25,2
42.308625,-2,52,8,3,-1,24,5,-44,2
42.322509,-2,-25,6,0,4,-17,-10,-7,2
42.322552,0,32,-2,3,-13,3,6,27,2
42.323012,-20,-31,3,0,-2,-20,27,-17,2
42.323141,81,108,5,1,1,17,10,31,2
42.344751,-78,-88,-11,-9,1,-8,1,6,2
42.344770,-8,49,-3,1,4,-10,-6,-13,2
42.346457,9,-76,1,-3,-11,-2,-2,10,2
42.346461,34,32,12,4,-9,-2,-3,-20,2
42.367674,-54,-98,-22,-3,7,-6,-7,-2,2
42.367694,-23,41,28,9,1,-2,3,12,2
42.369121,-60,-23,-5,-5,-3,2,-7,-4,2
42.369153,26,72,3,-1,1,63,-1,-6,2
42.382176,1,-91,2,0,13,-11,3,40,2
42.382194,3,-19,-17,-8,-9,-23,-9,-50,2
42.383227,17,127,20,6,10,0,-13,-34,2
42.383251,36,-19,-3,-4,-14,-18,9,10,2
42.404720,9,5,3,4,4,-9,4,-42,2
42.404742,16,31,-8,-7,-8,9,2,33,2
42.406210,-10,-75,-2,-2,-17,-29,4,22,2
42.406214,20,-7,-2,3,19,-4,-2,14,2
42.427692,-10,106,8,0,-1,15,-4,-17,2
42.427701,-83,-128,-5,-3,-19,-25,-16,-17,2
42.428381,94,61,-8,-4,-4,7,3,-1,2
42.428394,-34,-6,-4,-1,-6,-27,2,27,2
42.442094,-37,103,10,2,12,8,4,-1,2
42.442110,-17,-125,-13,-6,-11,50,-9,5,2
42.442738,-5,31,-10,-2,-4,-68,-26,-17,2
42.442752,-46,-51,5,-2,-4,42,-3,25,2
42.464525,-16,-7,3,-3,-17,-43,-15,-27,2
42.464549,-31,29,-1,4,24,8,3,-28,2
42.466611,40,-21,1,0,2,30,8,12,2
42.466615,-20,38,2,-2,-1,25,4,83,2
42.488990,20,-39,3,-1,-3,-17,-3,-49,2
42.489007,1,-1,-4,-4,-13,-24,-7,30,2
42.489012,-16,89,8,2,3,20,18,-15,2
42.489016,-79,-80,-17,-7,-11,-3,-10,-32,2
42.504367,22,-50,-1,-2,0,60,7,90,2
42.504374,32,-7,-5,-3,-22,-48,-16,-56,2
42.504376,-26,-10,-2,-1,32,57,14,-5,2
42.504378,30,-91,1,4,6,-21,-3,-5,2
42.524759,-62,28,-4,0,-10,-13,-10,-35,2
42.524876,61,65,5,3,-2,8,10,5,2
42.525494,-6,44,3,-4,1,-1,-3,26,2
42.525518,120,39,13,6,-21,-2,-1,-35,2
42.548697,-25,-44,-22,-7,-5,-9,4,39,2
42.548726,43,4,-6,4,12,14,-3,-27,2
42.550810,-87,22,-1,-5,-20,-67,-8,-22,2
42.550815,28,-21,0,-1,5,-8,8,-6,2
42.562394,8,71,8,3,-3,8,-3,10,2
42.564552,13,-11,-4,-2,-1,-10,14,30,2
42.564563,31,54,-7,-6,-16,11,-3,6,2
42.564565,-24,26,7,6,3,2,2,-21,2
42.584593,-4,-38,1,-7,-4,-5,-19,-57,2
42.584611,-3,-53,-13,-4,12,-28,5,55,2
42.585830,63,-58,8,5,13,34,-11,-22,2
42.585869,-69,-52,-25,-7,-12,-8,-1,11,2
42.607770,39,35,4,0,6,-5,-2,-40,2
42.607786,66,-37,3,0,-10,8,10,60,2
42.608876,-65,48,1,1,5,8,-4,-22,2
42.608929,20,-11,-7,-2,6,-16,-8,1,2
42.621834,13,-37,4,7,7,6,7,7,2
42.621881,-6,27,4,-2,5,4,-1,17,2
42.629886,18,-1,8,-1,-7,-4,0,-41,2
42.629915,21,127,-1,1,13,17,3,34,2
42.644480,-43,27,15,1,-12,-6,20,45,2
42.644489,-64,-65,-17,-3,2,-61,-22,-36,2
42.645126,-70,15,3,-3,-23,37,0,1,2
42.645133,-74,-79,-8,-1,13,20,7,0,2
42.668454,31,-102,-20,-4,11,-10,-6,-45,2
42.668486,13,91,13,1,5,9,7,14,2
42.668492,6,52,4,-1,-24,-35,0,-2,2
42.671161,34,45,-7,-2,-4,-19,-6,34,2
42.682148,-15,42,9,6,16,34,-5,5,2
42.682171,-31,-39,1,1,-5,43,5,-9,2
42.683011,36,-65,-18,-4,-4,-17,-9,-12,2
42.683015,-24,30,9,-9,-5,0,17,11,2
42.704559,11,110,23,5,4,-21,-7,-15,2
42.704598,-20,-32,3,5,-4,54,15,-17,2
42.705429,42,-95,-15,-1,17,10,-23,30,2
42.705458,-38,-16,-4,-8,-16,-61,8,-18,2
42.727778,-1,67,-5,-2,-21,-5,4,17,2
42.727800,-56,100,5,5,28,16,3,9,2
42.728708,8,58,-7,-2,-8,22,8,15,2
42.728716,46,-49,2,-1,-2,-9,-17,-16,2
42.741417,22,15,-3,-5,-1,-6,-4,-5,2
42.741440,18,27,2,-1,-12,-13,-7,-33,2
42.750161,51,-18,-1,0,21,-6,10,49,2
42.750166,-42,31,1,0,-22,-27,-15,-1,2
42.765903,-30,2,1,-4,-1,3,4,7,2
42.765908,82,48,-15,-6,-4,-11,-10,-18,2
42.765910,-2,-12,-7,-1,5,-4,5,27,2
42.765911,-37,-81,-4,0,9,6,0,-3,2
42.787755,-53,-55,-2,3,-3,6,-2,-37,2
42.787777,48,64,7,-4,18,30,-8,44,2
42.789953,8,10,-8,0,-22,-7,6,-35,2
42.789961,-36,49,3,2,-11,12,-10,-3,2
42.801553,-5,-12,-16,-3,17,-37,-4,12,2
42.801579,15,30,11,1,4,-9,4,17,2
42.810084,-27,-20,-1,3,13,13,-7,-16,2
42.810113,5,11,10,3,14,6,-2,-11,2
42.824667,57,44,-1,-3,4,6,0,28,2
42.824684,-15,-50,-10,-4,-23,-13,-2,-31,2
42.827262,-40,-27,4,1,7,4,-5,1,2
42.827268,-7,16,-3,-2,-10,11,6,-29,2
42.848038,-31,81,4,-2,-8,2,1,12,2
42.848059,1,-86,-7,3,-3,-15,-5,-19,2
42.848462,28,16,-5,-7,-15,0,1,21,2
42.848476,-3,-45,3,3,15,27,-5,-21,2
42.861732,-7,-9,0,-2,-15,-14,-7,-18,2
42.861809,-52,-19,1,0,24,6,-2,10,2
42.869691,74,91,15,0,15,10,0,5,2
42.869711,-69,-61,-11,0,-2,-2,5,10,2
42.884887,-14,-39,-12,-4,-7,7,-8,10,2
42.884915,0,4,3,0,-1,-18,-2,-6,2
42.886565,-6,-87,1,1,-5,4,1,6,2
42.886570,-8,44,-14,-7,1,1,-10,-16,2
42.907930,51,-43,-2,-1,-3,1,6,8,2
42.907951,-77,40,0,0,-1,-3,-11,-26,2
42.908396,23,-45,4,-2,-17,-7,12,38,2
42.908481,35,-34,-4,-5,-2,-7,-5,-31,2
42.921533,49,-47,-8,-1,13,5,3,-6,2
42.921543,-39,15,15,3,-21,-4,-2,6,2
42.929980,-44,38,3,2,20,7,-3,-13,2
42.930001,77,33,-1,2,-2,-39,-3,40,2
42.944593,-21,-49,-16,-6,-16,-9,-8,-77,2
42.944615,12,-42,-5,-7,-4,31,14,37,2
42.946417,-52,3,18,3,-9,-16,-5,-35,2
42.946425,110,24,-11,-1,19,19,2,32,2
42.967706,-22,55,2,1,-3,-9,-23,-31,2
42.967723,35,-43,-5,1,7,-9,11,16,2
42.968602,-27,-16,-11,-8,-4,-8,-8,-38,2
42.968626,72,88,15,7,2,-31,-3,25,2
42.983824,-41,-20,-6,-2,2,81,6,-27,2
42.983829,-64,-118,-12,-6,-19,-13,-8,-12,2
42.990273,30,-17,-6,-2,7,14,16,17,2
42.990294,-14,21,3,-1,-8,-1,-2,8,2
43.004641,41,36,5,0,7,-2,7,17,2
43.004662,18,55,-15,0,1,-17,-4,25,2
43.006277,-4,70,27,7,-16,0,0,-7,2
43.006282,-36,28,1,0,3,19,0,4,2
43.030047,-60,-128,-7,-2,-8,-46,-14,-37,2
43.030054,34,102,1,0,1,30,13,-3,2
43.030056,33,-4,-19,-7,-2,-13,-4,18,2
43.030057,-18,50,3,0,3,12,8,-31,2
43.041469,19,28,4,0,-8,-9,1,49,2
43.041488,55,19,-2,-2,8,-12,2,41,2
43.049373,24,-40,5,2,27,-9,-19,-37,2
43.049395,-35,23,-2,2,-17,30,15,-4,2
43.064487,24,-36,-1,-1,14,3,6,23,2
43.064508,-38,12,2,0,-23,-31,-5,-34,2
43.065513,6,-67,-4,2,14,3,-7,16,2
43.065517,-2,-15,-7,-5,0,0,-6,-4,2
43.087835,21,27,-1,-1,0,-8,-3,10,2
43.087872,18,11,2,-1,-14,-1,2,19,2
43.090263,23,30,-9,0,-5,11,4,-15,2
43.090280,-24,24,0,-5,4,-14,-5,-13,2
43.110640,-77,65,7,-4,-24,-11,3,7,2
43.110660,76,-127,-1,-2,3,11,-12,10,2
43.111056,-55,18,2,4,-9,-42,2,-15,2
43.111135,33,-51,3,3,1,43,1,17,2
43.124557,70,99,0,-4,-1,4,1,-25,2
43.124574,-47,-7,-7,-3,6,-3,0,23,2
43.125246,-9,56,-2,-4,-3,-9,-10,-12,2
43.125264,-64,-36,0,0,-3,-8,-10,-23,2
43.147744,45,0,1,2,8,-17,3,16,2
43.147767,-25,3,6,0,12,20,9,1,2
43.149095,74,7,-3,2,-21,5,11,15,2
43.149104,-35,54,6,-1,15,-4,-11,-31,2
43.170878,7,61,-1,3,3,7,2,16,2
43.170886,-49,-99,-1,-1,1,-4,-5,-48,2
43.171084,34,77,3,-1,-5,15,0,16,2
43.171091,11,-111,-5,-6,-8,-9,-4,1,2
43.187193,17,-25,-8,1,1,3,4,18,2
43.187203,17,41,6,-2,-3,-9,-3,8,2
43.187205,-36,63,1,3,7,15,6,-11,2
43.187207,29,-61,2,1,2,-18,-1,13,2
43.207769,-23,-41,-12,-5,-1,18,2,-9,2
43.207792,-16,51,-9,-3,8,36,-14,-42,2
43.209464,-30,-128,-1,-1,-15,-24,2,23,2
43.209470,-21,108,6,3,9,6,4,-9,2
43.230612,32,-31,9,7,5,-9,0,26,2
43.230637,-6,41,-6,-4,-1,3,-4,-7,2
43.232779,15,25,-2,-3,9,10,-2,-10,2
43.232785,37,-56,-8,-4,-14,-16,-1,9,2
43.245295,-43,58,0,-1,-2,12,5,13,2
43.245324,56,-5,5,1,-26,-13,-3,15,2
43.247947,-84,-75,-12,-3,38,-2,-1,-22,2
43.247955,52,12,2,-4,-4,-28,-5,35,2
43.268152,-55,-25,-19,-7,-4,9,-3,-18,2
43.268191,-5,32,19,10,27,-20,-6,-4,2
43.269040,16,33,-4,-8,-43,11,18,23,2
43.269087,-1,-1,-7,3,-1,14,4,6,2
43.290584,30,-1,9,-1,1,-4,-3,-9,2
43.290603,47,31,2,-1,-6,-11,7,12,2
43.292115,-47,-25,-2,-2,-1,-43,-15,-5,2
43.292122,33,23,-2,-2,6,34,2,-58,2
43.304637,-64,-33,-11,-5,-5,-6,-5,45,2
43.304661,8,-13,-2,2,-1,-7,16,35,2
43.306001,25,42,-3,-5,1,7,-13,-24,2
43.306006,23,7,-1,-2,-8,-1,6,12,2
43.327680,1,-84,5,3,6,-7,-9,-27,2
43.327689,29,23,-4,-6,4,6,-6,-6,2
43.328342,-33,-35,-12,-2,3,11,-2,-8,2
43.328379,-2,85,4,1,-19,-4,2,17,2
43.350220,16,-88,0,1,-1,3,10,25,2
43.350243,25,-17,-10,-2,-8,-34,-6,-34,2
43.352875,-7,-49,7,3,9,48,5,-30,2
43.352885,-29,98,-3,-5,-13,-26,-11,11,2
43.364539,63,-53,6,-4,8,-9,-8,0,2
43.364562,-47,-7,2,3,-30,31,3,18,2
43.366453,22,20,-5,0,2,9,6,12,2
43.366457,13,-46,3,3,14,-2,10,41,2
43.388913,-108,65,-4,-5,19,-19,-11,-51,2
43.388930,18,39,-14,-4,-19,-2,-4,29,2
43.388933,-2,44,7,4,-1,-8,-8,-35,2
43.388936,-8,-23,-7,-9,1,10,-5,-18,2
43.410433,45,-44,0,0,2,10,0,22,2
43.410455,0,-8,-3,-2,9,0,4,-20,2
43.412278,-50,46,5,3,-2,2,-4,24,2
43.412283,22,-128,-12,-4,-2,-33,5,19,2
43.424664,-48,48,-7,-1,-29,35,-3,-85,2
43.424689,-21,62,17,3,-6,-12,2,31,2
43.425553,9,-118,-7,1,15,-15,-5,0,2
43.425570,5,25,0,2,-6,35,-5,-42,2
43.448428,108,47,10,0,-13,-33,0,54,2
43.448466,-39,-99,5,2,0,21,3,-21,2
43.451873,5,-91,-7,-3,5,27,0,36,2
43.451887,-62,71,13,2,-3,-6,12,-1,2
43.470506,37,10,-11,1,9,-7,-13,-80,2
43.470549,57,-1,-4,-10,7,23,-1,-11,2
43.472740,-69,4,-5,-1,-13,-18,-3,-44,2
43.472748,65,51,5,4,14,2,-2,47,2
43.485014,-19,13,0,-1,-7,4,10,2,2
43.485040,-24,-13,-8,-8,4,-23,-15,-29,2
43.485671,51,8,0,-4,1,-1,8,27,2
43.485734,-9,-95,-3,-1,-23,5,-10,-41,2
43.508409,-27,58,4,4,28,8,-2,35,2
43.508430,24,-49,-7,2,10,8,2,-17,2
43.509527,0,31,3,-6,-18,-22,6,11,2
43.509531,-9,-66,-1,2,23,10,-10,-12,2
43.530707,2,-13,-2,-2,-35,-12,-5,-3,2
43.530725,-109,0,-3,-2,7,0,1,14,2
43.531801,-13,59,3,-1,10,13,-9,-32,2
43.531821,13,44,-2,2,-5,-12,0,20,2
43.544473,-48,-30,-7,1,7,3,4,-10,2
43.544482,-10,15,4,-2,4,0,2,15,2
43.545146,20,127,10,5,-9,-2,0,7,2
43.545160,45,-27,-13,-6,7,24,-6,-12,2
43.568494,-63,-68,-4,0,-4,-29,6,10,2
43.568524,24,11,-3,1,-2,-7,2,28,2
43.570760,8,-15,0,-5,-10,-3,-11,-16,2
43.570772,-29,6,-2,-1,11,0,11,14,2
43.590776,43,-47,-4,-3,5,0,4,7,2
43.590781,57,-52,1,1,2,-1,-5,1,2
43.590936,-59,-19,-8,-5,-15,-6,2,-10,2
43.590942,-8,-57,-5,-3,-28,9,-6,-27,2
43.605988,32,-43,-9,-9,-7,7,2,38,2
43.605996,-12,73,2,4,-1,-20,-2,-42,2
43.605998,54,-3,7,1,-2,2,2,20,2
43.606052,-56,51,-2,-1,10,-10,-5,-25,2
43.628033,2,64,16,1,-12,2,0,32,2
43.628057,10,-57,-10,0,7,13,-1,-1,2
43.630447,74,37,6,1,20,-4,-3,39,2
43.630454,29,18,5,-1,-34,-11,4,33,2
43.650246,-59,84,0,-2,1,0,-14,-69,2
43.650273,13,-39,-5,-3,-26,-32,5,-4,2
43.652949,7,19,-4,2,25,0,-3,-9,2
43.652965,-74,0,3,-4,-3,-5,-1,-4,2
43.664520,1,49,-5,0,11,43,-1,13,2
43.664542,9,-54,2,3,-5,-8,-1,-22,2
43.672186,79,0,-10,-5,-3,-7,2,18,2
43.672206,-70,-51,11,3,3,-7,-13,-38,2
43.688079,40,-15,-1,-1,6,7,6,19,2
43.688108,-35,57,-3,-6,-3,0,4,-20,2
43.688710,-48,-60,-5,-4,-10,3,3,17,2
43.688730,54,125,-1,-1,11,-3,-1,-16,2
43.710919,-14,-128,-7,0,-1,0,2,7,2
43.710949,16,127,9,1,-5,-3,-9,2,2
43.712785,-92,-78,-9,-3,-6,-3,1,-17,2
43.712789,14,0,-3,-1,1,2,6,21,2
43.724150,-3,101,6,1,5,-13,-6,-15,2
43.724169,18,-101,-7,-2,-1,8,-10,-12,2
43.732089,64,-60,-8,-1,-19,-19,0,26,2
43.732112,27,-27,4,-1,-8,-15,-8,-42,2
43.747684,-17,121,21,6,13,68,0,-9,2
43.747700,-74,-115,-25,-9,1,-22,-6,-3,2
43.748461,100,83,1,-1,-5,-10,-10,-9,2
43.748483,-100,14,1,1,-32,-15,6,1,2
43.770260,96,-30,-5,-7,-12,-15,1,29,2
43.770277,-56,58,12,4,9,17,0,-1,2
43.771940,11,-19,12,1,0,19,0,-5,2
43.771948,0,25,-14,-2,17,-2,1,6,2
43.784726,51,-53,3,2,-4,-27,0,13,2
43.784755,49,-65,-15,-5,0,11,-4,-8,2
43.792031,-70,-14,-4,0,-1,-7,14,3,2
43.792048,28,-21,-8,-1,16,8,0,13,2
43.807813,-77,-35,4,-4,-11,-15,0,14,2
43.807822,-11,62,12,1,1,0,2,6,2
43.808336,19,-8,-1,3,4,8,-3,7,2
43.808360,6,31,-8,-6,-2,-13,-3,32,2
43.830712,-54,98,14,1,-10,2,-9,-80,2
43.830745,-64,-90,-11,4,12,14,11,22,2
43.833260,76,126,-5,-7,36,-7,-9,-46,2
43.833266,-39,-31,-5,-4,4,-5,-16,-26,2
43.844177,8,-128,-20,-3,-37,-50,-2,30,2
43.844199,36,127,16,1,8,56,2,-24,2
43.853827,-53,-115,-8,-4,-3,7,0,18,2
43.853833,123,-74,8,1,7,34,2,20,2
43.868959,47,21,0,-3,-9,-65,-11,-26,2
43.868977,-57,18,9,7,4,-2,-6,-18,2
43.868979,-45,-24,-5,0,-13,6,-3,25,2
43.868981,1,-27,-1,-3,2,13,8,2,2
43.890229,-9,-50,-18,-4,6,-1,-11,-7,2
43.890247,43,24,5,-2,-8,-12,5,21,2
43.891393,17,14,13,4,1,-5,-2,11,2
43.891406,-48,28,4,-2,-7,-41,-12,-24,2
43.903980,-24,-56,-6,2,23,58,13,12,2
43.904016,16,-33,-22,-10,-14,-39,-1,-36,2
43.915326,-57,38,14,1,0,6,-3,8,2
43.915331,38,1,9,3,0,-3,5,59,2
43.928242,-11,53,7,5,-3,3,2,18,2
43.928277,8,26,1,0,-4,4,-1,-5,2
43.930530,38,-1,7,2,-9,-3,2,-10,2
43.930537,18,-33,-6,-2,4,6,-1,16,2
43.951101,-41,22,4,-4,5,7,-7,-46,2
43.951135,-23,59,-4,-5,-13,-20,5,-4,2
43.952223,-59,6,-2,5,-2,13,1,-12,2
43.952254,-9,19,2,-1,-10,-60,-4,18,2
43.963959,67,12,-2,-1,15,52,3,-4,2
43.963982,19,-19,-2,-3,-4,0,-7,27,2
43.974215,-25,15,-1,-3,-6,-5,0,-22,2
43.974222,53,0,-1,-1,6,16,-2,-12,2
43.988074,2,-22,-3,-1,-4,-38,-4,31,2
43.988106,-54,-29,-4,-1,-2,8,2,-10,2
43.990591,29,122,19,1,5,8,2,35,2
43.990596,26,-84,-30,-11,-7,8,-17,-61,2
44.010293,11,-20,-1,-2,-2,-16,3,-15,2
44.010396,-25,-20,0,2,8,5,-4,2,2
44.011770,-21,-51,-7,-4,-1,-9,2,-4,2
44.011785,-50,50,7,-2,-20,10,2,-17,2
44.032696,19,72,6,7,41,4,6,28,2
44.032712,-6,-65,2,2,7,-2,-7,32,2
44.035104,87,18,-12,-4,-16,-15,5,-44,2
44.035130,-57,43,15,6,1,-3,-14,28,2
44.047699,-14,-63,-21,-11,-17,24,3,24,2
44.047721,3,66,5,1,-7,-71,-6,-33,2
44.049214,-79,-75,-11,-3,-1,10,-2,-9,2
44.049250,10,74,6,-4,-1,7,7,9,2
44.071653,25,-37,0,2,-3,-10,-9,-37,2
44.071669,5,38,8,3,4,18,-1,-5,2
44.071948,-20,-80,-5,-3,-3,-4,-5,2,2
44.072002,1,66,1,4,5,-2,3,2,2
44.092842,-68,-76,-3,1,-3,8,7,28,2
44.092860,127,55,5,-4,-2,-9,12,7,2
44.094649,-69,45,-6,-9,-5,2,-8,-32,2
44.094655,-71,-23,-4,4,-3,26,1,-4,2
44.107242,32,-75,-5,-2,-5,-14,-4,-15,2
44.107265,51,-37,-5,-2,12,16,1,55,2
44.114270,21,36,0,3,9,-9,-3,16,2
44.114378,10,22,2,-1,7,3,8,13,2
44.130656,5,20,2,-3,-29,-5,1,-12,2
44.130686,-44,17,-1,2,1,-9,-9,2,2
44.133541,60,-56,-6,-3,-2,36,6,37,2
44.133545,22,40,-5,-3,7,2,-4,-21,2
44.153529,-11,114,10,1,-5,-2,12,-11,2
44.153561,-40,-97,-7,-3,12,51,-9,13,2
44.158871,-18,-45,-10,2,-8,-42,4,-1,2
44.158889,-34,-39,-6,-5,-4,3,-1,-64,2
44.167063,79,81,6,-2,3,-11,-4,19,2
44.167083,2,-45,-13,-2,-24,17,-1,2,2
44.173953,22,102,1,1,41,9,-3,-18,2
44.173977,36,-9,0,2,-8,-5,4,27,2
44.190407,-85,-3,-3,-3,7,-13,-4,-5,2
44.190424,57,88,4,3,-23,-36,1,-8,2
44.191781,-99,-61,8,-2,-10,36,-7,1,2
44.191807,-10,-16,-4,-1,8,9,3,-19,2
44.212726,44,-91,-19,-5,3,2,-9,1,2
44.212803,-1,-20,2,-2,-8,-5,0,5,2
44.214260,-13,-7,0,0,18,-16,-7,-22,2
44.214275,-7,3,6,4,-14,-5,3,10,2
44.227014,-89,-17,2,2,-9,7,2,11,2
44.227024,19,-7,-4,-4,12,43,-16,-53,2
44.234105,48,3,-2,-4,-18,-34,11,8,2
44.234127,-25,-40,-4,-4,-6,3,1,12,2
44.250624,-24,63,1,4,11,19,-9,-34,2
44.250645,-40,44,12,-1,2,3,8,-16,2
44.252691,-30,-7,-11,-3,-10,2,2,32,2
44.252704,93,16,3,4,19,-1,5,15,2
44.274340,-5,-19,5,0,-15,-6,-7,-33,2
44.274349,26,-41,-10,-2,-3,-12,-7,11,2
44.274836,18,16,6,1,0,-7,-2,-10,2
44.274848,-37,-26,-4,-1,-3,20,2,-5,2
44.287089,39,64,-2,-8,-4,-16,4,40,2
44.287111,4,-56,-11,-5,1,-11,-19,-14,2
44.293998,26,75,-3,1,-5,-4,5,2,2
44.294021,16,-77,0,1,3,-6,-2,9,2
44.310606,-45,-39,2,1,-3,-3,3,-4,2
44.310630,-2,8,-2,1,30,10,5,24,2
44.312855,101,114,7,0,0,-38,-5,-28,2
44.312861,-81,-47,-3,-4,-1,9,-9,-37,2
44.332707,-50,21,-3,0,2,4,-4,-14,2
44.332723,49,32,5,3,-2,10,14,27,2
44.334238,-10,-33,14,9,0,12,3,-24,2
44.334278,-13,40,0,-4,5,2,10,63,2
44.347238,51,14,-4,0,-3,-7,-1,3,2
44.347260,-23,28,-1,-4,0,-20,-2,1,2
44.353945,-4,-49,1,3,-19,10,-5,-24,2
44.353969,-69,-3,-3,-1,0,17,7,-25,2
44.370332,35,-64,-12,-5,8,-22,-4,-4,2
44.370356,-13,114,19,3,-7,3,5,29,2
44.371862,-70,-38,-2,-2,-5,-2,0,13,2
44.371879,1,31,-2,1,-1,-11,-13,-10,2
44.393414,35,96,-13,-6,-3,-1,-8,7,2
44.393437,-28,-25,-3,-1,-11,-12,-5,-34,2
44.395988,-18,-32,2,-2,16,4,0,23,2
44.395993,-31,82,6,4,-3,-15,-3,-12,2
44.407237,40,-79,-8,-3,10,12,-2,-5,2
44.407254,58,-17,-2,-4,-11,-5,10,-3,2
44.413945,9,56,0,0,0,12,-5,24,2
44.413967,-15,-42,-3,-1,7,-10,-1,-35,2
44.431027,-74,-29,3,-2,-2,-6,4,56,2
44.431040,-38,-24,-6,-4,-28,-8,-6,-70,2
44.431825,-59,-96,-22,-9,-9,-19,-4,-14,2
44.431835,43,28,6,1,1,50,-3,-3,2
44.452960,-7,20,11,3,6,10,12,17,2
44.452998,24,-66,-3,-1,12,-1,-1,-5,2
44.455431,-22,59,-9,-6,-14,-30,1,14,2
44.455442,28,40,8,2,-9,-33,-11,-39,2
44.467165,-28,23,-2,0,4,4,-1,21,2
44.467197,-3,58,9,-2,3,-3,8,47,2
44.473874,43,-70,-2,1,9,23,-18,-37,2
44.473890,24,-92,-20,-5,-3,-13,6,40,2
44.491591,-21,54,17,5,-3,-7,4,-2,2
44.491599,-22,-9,1,-2,-20,-7,-3,-27,2
44.491811,-39,-69,-9,-1,31,15,2,12,2
44.491818,-1,49,-3,-4,-8,-15,-3,11,2
44.513252,47,-67,-7,1,22,54,-6,-1,2
44.513275,-10,1,1,3,-19,-1,-3,-22,2
44.514492,3,18,2,0,-10,7,4,10,2
44.514501,5,-44,1,-2,2,-3,-1,-49,2
44.526562,102,45,4,4,6,-2,5,27,2
44.526579,-36,-16,-3,0,9,1,-11,21,2
44.537489,17,-21,4,-1,-7,-1,12,20,2
44.537499,43,-46,-8,0,5,-26,-4,24,2
44.550922,22,51,2,-9,-19,14,0,-28,2
44.550961,-44,-56,-4,5,-4,-4,5,16,2
44.553920,37,76,2,3,-3,-3,-7,-4,2
44.553928,-37,-40,0,-4,1,21,0,-28,2
44.572902,-13,43,-2,-5,-9,-25,-7,7,2
44.572920,1,70,-14,-4,-9,0,-1,2,2
44.574277,40,-31,9,2,9,8,0,33,2
44.574295,-45,-30,3,2,16,-5,4,-10,2
44.586551,40,24,-2,2,-22,-13,-3,6,2
44.586578,14,34,-4,-2,21,6,2,14,2
44.596446,23,24,5,-6,-21,-2,-5,10,2
44.596457,-12,15,-5,-4,-5,-14,-5,-27,2
44.610652,-39,-48,19,6,12,-2,-7,-76,2
44.610684,-5,52,10,3,6,-10,1,9,2
44.612881,4,-51,-11,-6,-17,1,-7,-50,2
44.612933,22,49,-3,-6,4,-1,2,44,2
44.632745,-2,-14,-5,5,3,-4,2,20,2
44.632761,-2,-58,1,-2,6,-21,-2,8,2
44.634224,-36,-31,-4,-5,-1,21,1,-14,2
44.634263,41,57,0,-2,-11,20,-5,-15,2
44.647208,-43,-53,-4,-2,7,-56,4,50,2
44.647214,76,-10,4,1,-7,13,3,11,2
44.657233,-19,35,0,3,6,17,4,-2,2
44.657240,38,31,-3,-5,-11,-20,-6,7,2
44.670400,2,4,-8,-3,-15,9,2,-9,2
44.670423,-45,-14,3,1,24,-6,-3,-2,2
44.672044,-20,56,-3,-3,-32,16,-1,-13,2
44.672057,0,-68,-1,3,16,6,1,19,2
44.692962,-1,85,4,1,3,2,-10,-41,2
44.692967,12,14,-7,-4,4,8,3,-12,2
44.694400,39,35,-7,-4,1,-17,7,91,2
44.694416,-59,-3,-1,-1,-7,-10,-11,-77,2
44.713594,72,80,4,-6,-3,4,-6,15,2
44.713622,-3,71,6,6,-3,-13,6,0,2
44.715715,-108,-75,-4,-6,7,0,-12,-44,2
44.715736,75,39,3,4,-4,2,4,37,2
44.730192,-42,-25,-4,0,4,-5,-1,-18,2
44.730213,37,31,1,-1,-5,13,1,-13,2
44.735996,-23,-46,-4,3,6,-13,-2,17,2
44.736027,33,15,9,-1,-9,-5,3,13,2
44.758715,-9,44,1,3,8,9,-13,-42,2
44.758733,-7,-122,-15,-5,0,-1,0,59,2
44.758737,34,78,6,0,12,0,-2,-32,2
44.758740,17,-55,-5,-2,-14,-14,1,0,2
44.766495,-38,-14,-8,-5,-24,-2,3,33,2
44.766521,-10,47,-1,-2,11,2,0,-32,2
44.777239,21,-18,1,2,-17,-8,2,8,2
44.777247,-17,101,8,7,0,5,-6,-3,2
44.790585,-10,-128,-16,-7,-7,-12,13,23,2
44.790621,-103,-38,-17,-5,6,17,-2,-12,2
44.791989,22,-32,1,1,2,-3,1,-15,2
44.792013,-7,22,2,-1,4,-4,1,25,2
44.812766,3,18,6,-1,2,-16,-7,-5,2
44.812792,62,49,14,6,-7,16,11,36,2
44.814254,3,-70,-15,-10,-6,3,-4,-45,2
44.814288,-42,3,-4,6,2,-1,9,24,2
44.826728,-11,26,1,-3,8,42,-2,-34,2
44.826831,18,4,-3,-3,-9,-32,-6,-10,2
44.836249,1,15,5,-3,-5,-2,-7,-13,2
44.836261,22,-40,-7,-3,-4,-11,-2,24,2
44.850104,-45,37,2,2,11,36,9,-34,2
44.850132,25,14,2,0,-11,-24,-5,20,2
44.851958,5,-47,-14,-2,15,43,-11,-49,2
44.851985,-35,2,-8,-7,-3,-3,-2,2,2
44.872845,6,-1,-4,-1,-5,-17,0,10,2
44.872865,1,30,5,2,8,5,-8,-16,2
44.874235,6,37,7,5,12,-19,6,32,2
44.874261,-7,-10,5,1,-43,6,-2,-4,2
44.886590,54,-1,2,-1,51,18,1,-5,2
44.887368,-81,-58,-17,-7,-5,-11,-1,-13,2
44.895264,51,72,2,-4,7,2,-1,-2,2
44.895276,-16,-89,-4,4,-6,6,3,29,2
44.911101,22,-25,8,6,-8,-25,0,0,2
44.911110,71,-15,10,-4,-24,2,-2,67,2
44.911840,-99,-60,-12,0,8,-36,-5,15,2
44.911859,-18,-5,-11,-12,5,30,-12,-27,2
44.932773,-19,47,-4,0,-9,1,12,3,2
44.932793,23,-113,-2,0,12,11,-8,-3,2
44.934891,-6,-5,2,0,-10,-7,7,9,2
44.934905,32,100,9,1,10,1,1,-1,2
44.955574,-30,-99,-14,-5,-23,-64,-11,6,2
44.955605,-41,31,7,4,19,25,5,-8,2
44.957651,26,73,12,5,-8,-7,0,-33,2
44.957655,31,-78,-6,-2,2,-23,0,14,2
44.970296,-37,1,-1,-4,-15,25,-7,-13,2
44.970329,34,-38,-9,-7,-10,-21,4,-9,2
44.972057,-36,13,8,3,34,-14,6,12,2
44.972092,-11,59,1,3,-18,24,-11,-18,2
44.992744,102,74,-3,-4,-24,-5,1,78,2
44.992760,-23,-10,-6,-1,4,-2,-2,-70,2
44.994236,36,-33,4,1,-3,10,2,14,2
44.995584,-55,9,-2,-4,7,-7,-1,6,2
45.015507,-5,5,6,4,14,-2,-6,-7,2
45.015537,15,-5,2,-2,0,6,-2,-11,2
45.018028,55,42,-6,1,-11,-5,2,10,2
45.018037,-48,-91,6,-2,10,24,6,42,2
45.030248,25,-28,1,5,11,26,-12,-65,2
45.030266,-66,25,1,-1,-1,9,5,16,2
45.031697,51,77,-2,-3,-14,16,-2,27,2
45.031705,35,-19,-1,3,18,-25,-4,-8,2
45.052793,-41,85,6,-6,0,5,6,16,2
45.052814,-61,33,-5,-2,-19,5,-12,-29,2
45.054625,16,-101,-1,1,3,-8,7,21,2
45.054645,-9,-36,-14,-3,-14,-5,0,-27,2
45.075893,93,47,6,3,7,-9,1,50,2
45.075915,-45,-9,-7,-3,12,1,-1,-25,2
45.078538,-26,21,-2,-6,-13,11,-5,-6,2
45.078545,28,52,1,-2,3,-10,0,-9,2
45.090336,3,-97,-9,-2,-5,14,3,28,2
45.090356,-50,27,2,1,2,-8,2,29,2
45.092319,8,70,11,3,0,5,-15,-61,2
45.092330,6,-53,-10,-3,5,-23,3,12,2
47.114530,-26,-32,-9,-2,0,1,-2,-4,0
47.114714,14,43,-7,-2,-3,-1,-2,1,0
47.121725,-1,-2,6,1,0,0,0,0,0
47.121900,17,15,-9,-5,-3,-1,0,1,0
47.137782,-42,-31,-4,1,-1,-1,-3,-2,0
47.137798,-14,2,8,2,1,1,0,0,0
47.139750,13,3,0,2,1,-3,-4,-1,0
47.139767,-5,4,-8,-3,-1,-1,-4,-4,0
47.160786,12,-7,-4,-2,-2,-1,1,-1,0
47.160793,4,-12,-3,-4,-1,-2,-4,-2,0
47.161712,-7,5,-1,-1,1,0,2,1,0
47.161744,7,-6,5,0,-1,-2,0,0,0
47.174564,8,12,-1,-1,0,-1,-3,0,0
47.174586,1,-2,-1,3,1,-1,1,-1,0
47.182342,7,12,13,1,-1,-1,0,1,0
47.182376,-7,-18,-7,-3,-2,-1,-2,0,0
47.197746,-1,17,10,2,2,-1,0,0,0
47.197767,6,1,-9,0,-1,-1,0,2,0
47.199282,-19,-18,1,3,0,-1,-2,-4,0
47.199299,-12,4,1,0,-2,-1,-1,-1,0
47.220376,0,5,-20,-8,-2,0,-1,0,0
47.220403,5,-15,18,1,1,-1,-1,-2,0
47.222294,-2,2,-7,-3,-2,0,-1,-1,0
47.222304,-6,4,-1,-2,-3,-1,0,-2,0
47.234831,8,1,4,1,2,-2,0,-1,0
47.234877,1,-11,-6,0,-1,0,-2,-2,0
47.241423,-4,8,6,-2,-1,0,0,-1,0
47.241445,-6,7,4,2,1,-1,2,1,0
47.257717,8,-13,-8,-3,-3,-2,-1,-1,0
47.257734,-6,2,9,-2,-2,0,-2,-2,0
47.259273,-1,-10,-5,-1,-1,-1,0,-2,0
47.259292,-2,-14,-5,-1,-2,-1,0,0,0
47.280203,16,23,4,1,0,-2,-1,0,0
47.280226,6,-3,-6,-5,-2,-3,-1,-3,0
47.281879,-11,-6,-1,2,1,1,-2,0,0
47.281914,-21,2,0,2,-1,0,-1,0,0
47.294830,-21,-17,-1,-2,-1,-1,-1,-3,0
47.294854,12,4,-3,-3,-1,-3,-2,-1,0
47.302072,6,-10,-8,-1,-2,-1,-1,0,0
47.304269,9,4,5,-2,-1,-1,-1,-1,0
47.319681,6,5,-1,-2,-1,-1,-1,0,0
47.319694,-8,-12,0,2,-1,-1,-1,-1,0
47.319697,4,11,5,2,0,-1,-1,0,0
47.319699,1,0,-3,1,1,-1,-1,-1,0
47.340291,-1,-13,-7,-3,-2,-2,-1,0,0
47.340317,1,14,3,-4,-2,-1,1,0,0
47.341843,-8,-11,-1,-2,-1,-1,-2,-1,0
47.341848,6,9,-1,-2,-1,0,-1,0,0
47.353941,-1,9,2,-1,-2,-2,-1,-2,0
47.353965,-1,-11,-7,-2,1,0,-2,-1,0
47.364810,0,-1,-3,-1,-2,-1,-2,0,0
47.364817,-7,-10,-6,-3,-2,1,0,-3,0
47.377945,8,13,4,-1,0,-1,0,0,0
47.377966,-27,-7,3,3,-1,-2,-1,-5,0
47.380839,-1,1,-7,-3,-2,-1,0,-3,0
47.380845,1,-8,4,1,-1,-2,-2,-2,0
47.400266,-7,3,3,0,-1,0,-1,1,0
47.400281,8,-2,-8,-4,-2,-1,0,3,0
47.401924,0,6,2,0,-1,-2,1,-2,0
47.401947,-2,-5,-14,-7,-1,-1,-2,0,0
47.413804,4,3,12,4,1,-3,-1,-1,0
47.413820,5,5,-1,2,-1,-1,-1,1,0
47.424264,-22,-13,-4,-4,-1,-1,-1,-1,0
47.424276,5,3,-4,0,-1,0,-1,0,0
47.437829,0,8,-9,-6,-4,-1,-2,-1,0
47.437847,2,-6,-5,-1,1,-2,-3,0,0
47.439570,7,10,-1,0,-1,-1,-2,-1,0
47.439653,11,-9,1,2,1,2,0,0,0
47.460247,-25,-10,-1,-2,-1,-2,-2,-2,0
47.460266,-2,1,-1,-3,-3,-2,0,-2,0
47.461682,5,-14,-10,-2,0,0,-2,0,0
47.461724,0,13,8,-1,0,-4,0,-2,0
47.473978,6,-3,1,3,0,0,1,-1,0
47.473987,1,3,2,-3,0,2,0,-1,0
47.483995,-1,-10,-1,0,0,-2,-2,0,0
47.483999,-3,3,-9,-1,0,0,-1,1,0
47.497675,3,19,2,-1,-2,-1,-1,-1,0
47.497692,-5,-16,3,0,-1,-1,1,0,0
47.499163,10,-13,5,3,-1,0,-1,-1,0
47.499171,-8,17,-5,-3,-1,-1,-1,-3,0
47.521351,6,-5,-6,0,0,0,-1,-1,0
47.521369,9,4,-2,-1,0,-1,0,-2,0
47.521817,-4,4,0,-2,-1,-2,1,-1,0
47.521863,7,-5,-1,-1,0,-1,1,0,0
47.534275,9,-12,-6,-1,-1,-1,-1,-1,0
47.534304,1,10,15,3,-2,-1,-1,-1,0
47.542900,-15,2,-1,-2,0,0,-2,0,0
47.542922,-7,0,1,-4,-2,-2,0,0,0
47.557710,2,-5,-5,-3,0,0,0,1,0
47.557731,2,-7,-5,0,-2,0,-1,0,0
47.559210,2,3,-12,-4,-3,-1,-2,-5,0
47.560022,-4,-12,11,3,1,0,-1,2,0
47.580227,-3,-5,-2,-2,0,-1,-2,0,0
47.580251,-5,-2,-5,0,0,-1,-3,1,0
47.582132,-2,1,0,-2,-2,-2,0,0,0
47.582136,3,-24,-4,-8,-2,-4,0,-1,0
47.594025,-8,16,3,2,-2,-1,-1,-3,0
47.594048,5,0,-4,2,2,-1,0,0,0
47.604601,-16,2,0,-1,1,0,-1,-2,0
47.604611,-20,-5,1,1,-1,-2,-1,-3,0
47.618693,-1,-11,-7,-3,-2,-1,-1,0,0
47.618738,-5,6,-14,-5,-3,-3,0,-2,0
47.619777,6,-2,19,1,0,0,0,1,0
47.619942,3,2,-2,1,0,-2,-1,0,0
47.640346,-7,-5,-3,-1,-2,-1,-1,1,0
47.640364,1,-4,-7,-5,-3,-1,-1,-1,0
47.642059,7,6,-3,0,0,-1,-1,-2,0
47.642063,-3,7,4,0,-1,-1,0,-1,0
47.654129,8,2,6,3,0,-1,0,-1,0
47.654162,-6,-9,3,3,0,0,0,-1,0
47.663888,4,-1,-8,-5,-1,0,-1,-2,0
47.663895,-7,5,1,-1,-1,0,-3,0,0
47.677757,-7,-4,-5,-1,0,-2,-2,-6,0
47.677777,-2,-4,0,-3,-3,-2,-1,0,0
47.679416,1,-15,-6,-6,-1,-3,0,1,0
47.679438,10,24,-4,4,0,-2,-2,-2,0
47.700241,3,7,11,4,2,0,1,1,0
47.700263,-3,-4,-1,-1,0,-2,0,-1,0
47.701957,2,-1,-3,0,-2,-1,-2,-3,0
47.701984,2,-17,-8,-4,-2,0,-2,0,0
47.713813,-6,-16,-6,-3,-2,-1,-1,0,0
47.713835,-2,13,1,-1,0,-1,0,-1,0
47.724356,0,10,-7,-3,0,-2,-2,1,0
47.724364,0,0,13,4,-2,-1,0,-3,0
47.739342,-3,-4,1,4,0,1,1,0,0
47.739352,0,-9,-8,-2,-1,-1,1,1,0
47.739543,0,11,2,0,0,0,-1,0,0
47.739592,1,-13,-2,-4,-2,-1,-1,-3,0
47.760264,1,-21,-3,-2,-1,-2,-3,-1,0
47.760288,5,24,-4,-3,-1,-2,0,-1,0
47.761820,-4,7,-1,1,1,-1,0,-1,0
47.761829,-4,4,12,1,1,0,1,0,0
47.773931,-3,-7,-3,-2,-3,1,-1,-2,0
47.773949,-3,-9,0,0,0,0,0,0,0
47.784808,8,1,-1,-1,0,-1,0,0,0
47.784820,11,4,-1,1,0,-1,0,1,0
47.797803,5,0,-11,-6,-1,-2,-2,-3,0
47.797826,-31,-13,0,1,-4,-2,-3,-5,0
47.800149,0,9,14,0,-2,-1,2,1,0
47.800157,-3,-5,-11,-2,-3,-1,-1,-2,0
47.820388,8,7,2,1,1,-2,0,0,0
47.820411,5,9,5,-4,-1,-1,-1,0,0
47.823071,1,-11,-8,-3,-1,-1,-1,0,0
47.823079,-5,8,-7,-5,-3,-1,-1,-3,0
47.842712,-5,6,11,4,0,1,0,1,0
47.842734,-1,-2,3,0,0,1,-2,-2,0
47.844217,-4,-6,0,0,-1,0,-2,-1,0
47.844226,4,-1,-4,0,-1,0,-2,-3,0
47.857837,-7,-7,-1,-2,-1,-2,-3,-2,0
47.857863,3,2,-9,-2,0,-1,0,1,0
47.859794,2,2,2,-1,-2,-2,-1,0,0
47.859803,2,-9,-4,1,1,1,1,2,0
47.880176,-17,8,5,2,1,-1,-2,-4,0
47.880197,11,-8,-3,-6,-1,-2,-1,0,0
47.881784,2,1,-4,2,-2,-1,-1,-2,0
47.881825,7,2,-3,-3,-2,-3,-1,1,0
47.902957,-7,0,-3,-1,0,-3,-1,-2,0
47.904215,4,-12,-3,-1,0,-1,0,-1,0
47.904493,2,-7,-2,-2,-2,-1,-2,-3,0
47.904500,-1,15,0,-4,0,-1,0,-1,0
47.917982,8,6,4,4,-3,0,1,1,0
47.918023,10,1,-8,-3,-2,0,-1,-1,0
47.920589,-29,-7,12,3,0,-1,0,-2,0
47.920595,3,-13,-5,0,-1,0,-1,-1,0
47.940239,-4,-3,-10,-7,-1,-3,-1,-1,0
47.940251,-6,0,6,1,0,-1,0,-2,0
47.941665,6,3,-5,-1,0,-1,-2,2,0
47.941675,-12,-17,-3,0,0,0,-1,0,0
47.962977,1,12,-11,-3,-4,1,0,0,0
47.963006,2,-4,4,2,0,0,1,0,0
47.965027,4,2,-3,1,0,-1,-1,-1,0
47.965033,-7,-6,-3,-2,0,-1,1,-1,0
47.976436,9,2,-3,0,-1,-1,-1,-1,0
47.976457,-4,1,8,2,0,-1,-2,0,0
47.987067,0,0,-7,-4,-2,-3,-1,-3,0
47.987075,-6,9,10,6,2,-1,0,-2,0
48.000294,12,-1,1,-1,-1,0,-1,1,0
48.000316,-27,-9,-6,-4,-1,-1,-1,-3,0
48.002778,4,-3,-5,0,-2,-1,-1,-1,0
48.002790,2,-4,3,-1,-2,-2,-1,-3,0
48.023208,-6,-6,0,-2,-1,-2,-2,-2,0
48.023244,9,8,-5,-2,0,-2,0,-1,0
48.024403,-2,-13,4,0,-1,1,-1,0,0
48.024423,-7,3,-5,-1,-1,-1,-2,-1,0
48.037238,3,-2,0,0,0,1,0,1,0
48.037260,0,0,4,1,-1,0,-2,0,0
48.043859,1,-1,-15,-4,-2,-2,-1,1,0
48.043875,1,-1,0,-1,-1,-1,-2,1,0
48.060168,-6,1,4,-1,0,0,-1,-1,0
48.060184,1,0,-4,-2,-1,-1,0,-2,0
48.061794,-6,1,8,1,1,0,0,-2,0
48.061810,3,-7,-10,-2,-3,-2,-3,0,0
48.082653,1,7,7,-2,-2,-1,-1,-1,0
48.082672,3,-4,3,3,2,2,1,0,0
48.084187,-24,8,2,-1,-1,-1,-2,-3,0
48.084203,-4,-14,-2,-3,0,-2,0,-2,0
48.097074,2,3,-5,-5,-1,0,0,-1,0
48.097097,7,-10,3,2,-2,0,-1,0,0
48.103890,19,23,-17,-9,-2,0,-1,0,0
48.103912,-1,-25,20,8,1,0,0,-1,0
48.120397,-21,-8,-8,-3,-1,-2,0,-2,0
48.120427,-3,-2,2,4,0,-1,-2,-4,0
48.122357,8,-3,-6,-3,-1,-2,0,0,0
48.122547,8,15,-4,-3,-3,-2,-1,-1,0
48.142689,6,3,4,-5,-3,-1,-1,-3,0
48.142707,-2,-5,-2,1,-1,-2,-1,2,0
48.144411,-4,0,7,2,-1,-1,0,-1,0
48.144437,-3,-5,-5,-2,-1,-2,-3,-3,0
48.157108,-4,-3,-3,0,0,-1,-1,-1,0
48.157137,2,7,-7,-5,-3,-1,0,0,0
48.163770,-1,-4,4,3,-1,1,-1,0,0
48.163787,-29,-4,-4,0,-1,0,-1,-1,0
48.180252,4,-5,2,3,0,-1,-1,0,0
48.180268,-2,7,0,-3,-1,0,-2,0,0
48.181641,5,-3,1,-1,-2,0,-1,-1,0
48.181656,4,-2,-12,-5,-3,-2,-1,-2,0
48.203220,-4,2,-6,-3,-3,-2,-3,-2,0
48.203247,0,-10,5,5,-2,-1,-2,-3,0
48.204971,4,-2,5,-2,0,0,1,1,0
48.204976,-25,4,4,2,1,0,-2,-3,0
48.217166,-14,9,-1,1,0,-3,-1,-2,0
48.217189,-2,-19,1,-5,0,-2,-1,0,0
48.223934,-6,0,-4,1,-1,-2,-2,-2,0
48.223952,15,7,-6,-4,-2,0,-1,-2,0
48.240616,6,-3,-1,0,-1,0,-1,0,0
48.240623,-2,4,-3,-1,0,1,-2,-2,0
48.241685,-2,-11,0,0,-2,-2,-1,-1,0
48.241696,13,9,4,0,-1,0,-1,0,0
48.262853,-9,-9,-2,-2,-2,-1,-1,-2,0
48.262876,9,4,-2,-5,-2,-1,0,1,0
48.264472,13,-3,-5,-4,-2,1,-2,-2,0
48.264477,-34,-3,0,0,-2,-2,-2,-3,0
48.277174,8,-4,9,5,1,0,-1,-3,0
48.277198,-8,2,1,-3,0,-2,-1,-2,0
48.283877,3,3,5,0,0,-1,-1,1,0
48.283898,13,2,-8,-1,-1,1,1,1,0
48.300259,-1,-4,2,0,0,-1,0,0,0
48.300287,1,6,0,-1,-1,0,0,0,0
48.303121,-15,-14,-6,-5,-1,-1,0,-3,0
48.303128,1,-9,-7,-1,-1,-4,-1,-1,0
48.322961,18,30,15,4,2,0,-1,1,0
48.322995,-33,-10,-11,-4,-1,-1,-2,-3,0
48.324346,-4,-7,-8,-4,-1,-1,-1,-2,0
48.324364,4,-1,0,0,0,0,0,0,0
48.336516,5,-9,-2,-4,-4,0,-2,-2,0
48.336536,7,8,3,1,0,-1,-1,0,0
48.346256,-1,-2,2,4,1,0,0,-2,0
48.346261,-1,-1,0,-6,-1,-1,-1,-1,0
48.360223,-3,-14,-13,-3,-1,-1,-1,0,0
48.360246,6,13,8,-1,-1,-1,0,-1,0
48.362040,-9,9,-12,-5,-3,-1,0,-2,0
48.362197,11,7,20,3,1,1,0,2,0
48.382713,-2,3,3,0,-1,-2,-2,0,0
48.382728,-2,-22,-10,-1,1,-1,1,0,0
48.384182,0,-4,-4,1,-2,-1,-1,1,0
48.384199,-1,11,-12,-7,-3,-2,-2,-6,0
48.398278,-4,2,1,0,-1,0,0,-1,0
48.398286,-2,4,5,0,0,0,0,-1,0
48.407008,-22,-6,2,0,0,-2,-2,-3,0
48.407015,3,-11,-6,-2,-2,0,-1,1,0
48.420272,-6,-1,1,-2,-1,0,-1,-1,0
48.420291,7,3,-4,-1,-1,0,-2,-1,0
48.422425,0,1,-2,-5,-2,0,-1,1,0
48.422437,-3,-9,-9,-2,0,0,0,0,0
48.444393,-3,7,12,4,1,0,-1,-1,0
48.444405,10,-1,-5,-1,-2,-1,0,2,0
48.444410,-31,3,5,0,-2,-1,-2,-6,0
48.444413,2,0,-3,-2,-3,-1,-1,-2,0
48.456930,2,-19,-15,-1,1,0,0,0,0
48.458551,-8,-4,1,-2,-2,1,0,-2,0
48.466210,14,1,3,0,-1,-1,-3,-1,0
48.466220,3,5,-1,-3,-2,0,-1,0,0
48.480176,-7,-6,-3,0,-1,0,-1,1,0
48.480197,4,8,3,-1,-1,-1,0,0,0
48.481730,15,-6,-4,5,0,-1,1,2,0
48.481773,-20,5,12,0,-1,-2,-1,-3,0
48.502965,11,9,-5,-7,-3,-3,-4,-1,0
48.502995,32,2,-8,-4,-2,-1,-2,0,0
48.504346,-77,-32,-21,-3,-1,-1,-1,-4,0
48.504399,15,14,11,5,0,0,0,1,0
48.516306,-6,-16,-6,-2,-1,-1,-1,-3,0
48.516328,6,5,5,1,-3,-2,-1,-1,0
48.525541,25,14,-4,-4,0,0,-2,1,0
48.525546,0,-19,-8,0,0,-1,0,0,0
48.540267,-10,-2,4,1,1,-1,-1,0,0
48.540286,-11,-3,-1,2,0,0,0,-1,0
48.541718,15,8,11,2,1,0,-1,0,0
48.541759,-11,-3,-7,-3,-1,-2,-1,-2,0
48.562825,12,10,-5,-5,-2,-2,0,-3,0
48.562854,-7,-2,-2,-5,-1,0,-1,-2,0
48.565617,1,2,3,3,0,-1,-1,-1,0
48.565624,5,2,-3,0,-1,1,-1,0,0
48.576561,-2,-23,-2,-3,0,0,-1,0,0
48.576583,-10,22,7,4,0,-2,-2,-2,0
48.586415,20,8,1,-5,-2,-2,0,-1,0
48.586428,-17,-9,-6,-1,-2,-3,0,-1,0
48.599926,6,3,7,3,-2,-1,-1,-1,0
48.599935,-6,-8,-3,-3,-3,-3,-2,-1,0
48.606447,16,-1,1,2,0,-2,-1,2,0
48.606462,-11,6,-4,-3,-2,0,-1,-2,0
48.622869,-7,-23,-6,-5,-3,-1,0,-2,0
48.622888,-1,13,3,1,2,-2,-2,-1,0
48.624613,7,-4,6,1,-2,-1,0,0,0
48.624664,16,5,-3,-2,-1,-1,-3,1,0
48.636586,-11,-1,-8,-4,1,-1,0,-1,0
48.636652,5,-12,-12,-2,-2,-1,-2,-3,0
48.647723,0,-5,-2,0,-2,-1,-1,-2,0
48.647729,4,3,14,3,0,0,0,0,0
48.660489,2,2,-6,-2,-2,-1,-2,-3,0
48.660512,-7,-13,-10,-8,-2,-1,0,0,0
48.663267,-1,1,5,7,2,1,-1,-1,0
48.663274,3,3,11,3,0,0,-1,-2,0
48.682762,-2,7,0,0,-1,-2,-1,-2,0
48.682782,-2,-7,-4,-3,-1,0,1,0,0
48.685652,-1,-5,-6,-4,-1,-1,0,-1,0
48.685667,2,-3,-6,0,0,-1,-1,0,0
48.696399,-1,2,2,1,0,0,0,1,0
48.696424,-6,3,-2,-2,-1,0,0,-1,0
48.706095,-2,-13,0,-2,-3,-2,0,0,0
48.706103,11,3,-8,-4,-2,-2,0,0,0
48.719660,-5,2,10,2,-1,1,0,-2,0
48.719679,-33,-4,-8,-2,-1,-1,-1,-2,0
48.726321,1,0,1,1,0,-1,0,0,0
48.726345,-2,-3,1,1,1,-1,-3,-1,0
48.742719,13,1,-5,0,-2,-1,1,0,0
48.742743,6,-2,6,1,-1,-3,-1,-1,0
48.744191,-4,2,7,-6,-2,-2,0,0,0
48.744210,-3,2,-22,-4,-1,0,-1,0,0
48.765349,-4,9,27,9,3,1,-3,-4,0
48.767891,3,-2,11,6,2,0,-1,-2,0
48.767907,-4,-2,-6,-5,-2,0,0,-2,0
48.767909,3,-6,-1,0,0,0,0,1,0
48.780431,-3,7,-11,-5,-2,-2,0,1,0
48.780453,1,5,-10,-2,-2,-2,0,1,0
48.782316,3,-7,10,0,1,-2,-3,-2,0
48.782321,-4,-7,-7,-4,-1,-2,-2,-4,0
48.803847,-2,0,6,1,0,-1,-1,-2,0
48.803855,2,-1,3,3,0,0,0,0,0
48.804300,5,9,-11,-5,-4,-1,0,0,0
48.804308,-13,0,7,0,-1,-1,-1,-1,0
48.825292,1,-3,-13,-3,-2,-3,-1,-1,0
48.825310,9,-9,-5,0,-2,-1,-1,1,0
48.827225,13,18,9,-1,-2,0,-2,0,0
48.827230,-2,-10,6,2,0,1,-1,-2,0
48.840265,-2,18,1,-4,-2,-3,-4,-1,0
48.840282,0,-10,-4,0,-1,1,0,0,0
48.841810,-4,3,-9,2,2,0,0,-1,0
48.841824,1,-7,-2,-4,-3,-3,0,0,0
48.862933,-8,-9,-9,-6,-2,-1,-1,1,0
48.862955,3,8,2,1,-1,0,-1,-2,0
48.865463,-8,-20,-6,2,1,-1,0,-1,0
48.865470,0,13,13,4,2,-1,-1,-2,0
48.886029,-2,-11,-7,-3,-1,-1,-2,-3,0
48.886066,6,1,7,-2,0,-2,0,0,0
48.888084,-17,6,-4,-4,-2,-1,-1,-5,0
48.888117,8,1,2,-1,-2,-1,-1,-1,0
48.899546,20,-8,-4,2,-1,0,0,-1,0
48.899568,-21,-1,-5,-4,-1,-2,0,-1,0
48.906441,3,-1,2,1,-2,-2,0,2,0
48.906461,-2,0,-4,-4,0,-2,-1,-2,0
48.923052,5,-17,1,1,0,-1,1,2,0
48.923082,5,12,-1,-2,-1,-1,-2,-2,0
48.924532,-2,1,0,0,1,0,0,-1,0
48.924539,2,-1,-6,-3,-1,-2,-1,0,0
48.945206,-11,7,-5,0,-1,-1,-1,-2,0
48.945220,-4,-14,0,-2,-2,-1,-1,-3,0
48.946670,-6,-6,-7,1,-1,-2,-1,-1,0
48.946688,-3,1,12,-2,0,0,-1,-2,0
48.959647,-2,4,-8,0,-1,-2,-1,-1,0
48.959655,-2,-1,9,1,-1,-1,-2,-1,0
48.966406,9,-1,-2,-1,-1,-2,-1,0,0
48.966428,-1,-9,-8,-3,-3,-1,0,0,0
48.982751,-13,4,7,2,0,0,-1,-1,0
48.982777,22,5,-6,-3,-1,-2,-1,-3,0
48.985228,-26,-7,-1,-2,-1,-1,-2,0,0
48.985243,1,-3,-9,-2,-2,-2,-2,-1,0
49.006628,-4,-12,-1,-4,-3,-2,-2,-1,0
49.006633,2,-10,-2,-1,0,0,0,0,0
49.006827,15,19,-5,0,0,1,-1,2,0
49.006891,29,13,2,3,2,0,1,3,0
49.019027,-54,-7,-2,-2,-2,-1,-3,-9,0
49.019052,-2,-8,2,0,1,-1,1,-1,0
49.026455,-3,-6,0,-3,-3,-2,-3,-2,0
49.026478,-1,4,-3,-3,-4,-1,-1,-1,0
49.042101,17,-6,1,1,2,0,0,2,0
49.042123,-12,14,-4,-4,-4,1,-1,-2,0
49.043902,-2,-5,-1,-12,-3,-2,-2,-3,0
49.043912,1,-4,23,20,8,1,2,1,0
49.064586,9,6,7,2,2,-1,0,0,0
49.064608,-18,-5,-7,-1,-1,0,-1,-3,0
49.065555,10,4,-4,-2,-3,-1,-2,0,0
49.065559,-11,-11,-12,-7,-4,-2,-2,-2,0
49.078874,1,-1,1,-2,-2,0,0,2,0
49.078898,3,-9,1,1,0,-1,-2,-1,0
49.086957,2,-4,-25,-9,-2,-2,-1,0,0
49.086965,-14,0,35,5,1,0,-2,-1,0
49.102130,6,8,1,1,0,0,-1,-2,0
49.102157,9,5,-1,-1,-1,-1,-3,-1,0
49.103650,13,-7,6,4,0,0,1,-1,0
49.103655,-29,-13,-21,-6,-4,-2,-2,-2,0
49.124551,23,5,-4,-4,-3,-1,0,2,0
49.124570,-31,-11,3,0,0,-1,-3,-4,0
49.126970,-1,-3,3,3,0,-1,-1,-2,0
49.127040,3,0,-13,-7,-2,-1,-2,-2,0
49.139078,-2,7,1,0,-1,-2,0,-1,0
49.139096,6,-9,-1,1,-1,-1,-1,2,0
49.146582,-2,12,2,-2,-1,0,-1,-1,0
49.146603,-2,0,2,3,1,-1,0,0,0
49.165141,-3,-6,-3,-5,-1,0,0,0,0
49.165148,7,7,-3,4,1,-1,-2,0,0
49.165150,3,6,4,2,0,0,-1,0,0
49.165152,2,4,-3,-3,-2,-1,-2,-1,0
49.184593,-13,-7,-5,-5,-1,-2,-2,-2,0
49.184623,-8,-10,-1,-2,-1,-4,-2,-2,0
49.185459,-7,-9,0,-2,-2,0,-2,-2,0
49.185484,16,6,1,-2,-2,-1,2,0,0
49.198850,2,-6,0,2,0,0,1,-1,0
49.198873,2,4,-1,-1,-2,-1,-1,0,0
49.206425,-3,-9,3,0,-1,0,-2,0,0
49.207411,-6,1,-15,-7,-2,-1,-1,-2,0
49.222576,3,-3,10,2,0,-2,0,-1,0
49.222609,1,6,3,-7,-3,-1,0,-3,0
49.224404,-1,0,3,3,-1,-1,0,-2,0
49.224413,-3,-10,-6,2,0,1,0,-1,0
49.244667,4,12,-8,-3,-4,-1,-4,2,0
49.244694,1,-6,-13,-1,-2,-1,-1,-2,0
49.245356,5,7,-1,-2,-1,-3,0,-1,0
49.245377,24,7,7,-2,-1,-2,-2,0,0
49.258864,-15,-15,-7,-1,-1,-2,-2,-3,0
49.258880,-4,-3,4,2,-1,1,-2,0,0
49.266310,0,-2,-1,-2,-1,0,-2,0,0
49.266326,-4,0,3,0,0,-1,-1,-1,0
49.282501,23,6,-2,-2,-1,0,0,1,0
49.282530,6,-3,-9,-5,-1,-4,-2,-1,0
49.284575,-11,8,4,-3,-1,1,-1,-3,0
49.284586,7,-1,-7,-2,-3,-2,-1,1,0
49.304705,-8,8,2,0,-2,0,-1,-4,0
49.304710,-9,-12,-15,-2,-1,-1,1,-1,0
49.305233,0,2,23,7,-1,-2,0,-2,0
49.305247,-6,-4,-9,-4,-2,-1,-1,0,0
49.319451,-4,-2,-5,-5,-1,-1,-1,0,0
49.319490,-9,0,-2,0,0,-1,-1,0,0
49.326374,9,-17,-1,-2,0,0,0,0,0
49.326394,-9,20,0,-3,-2,-1,-2,-3,0
49.342046,2,-6,3,2,0,-1,0,0,0
49.342068,14,13,7,-1,0,-1,0,2,0
49.345034,5,-15,-5,1,-2,-1,0,1,0
49.345042,-13,-9,-8,-1,-1,-1,1,0,0
49.365355,6,0,-1,-2,0,-2,-1,-2,0
49.365364,-26,-2,5,-1,-3,-1,-1,-4,0
49.365495,-3,5,-3,1,-1,-1,-1,-3,0
49.365508,0,1,4,-4,-2,-1,-2,-1,0
49.382235,0,9,-13,-2,-1,-1,-1,0,0
49.382239,8,-9,10,6,1,0,1,1,0
49.386466,-5,-15,-9,-4,-2,-2,-2,-2,0
49.386485,-4,-1,8,2,-1,0,-1,-1,0
49.402378,-4,7,0,-4,-2,-1,-2,-1,0
49.402411,9,4,-1,1,0,0,-2,0,0
49.403932,-4,3,-5,-5,1,-1,-2,1,0
49.403938,-3,-10,-7,0,-3,-1,-1,-2,0
49.424824,-8,-26,-1,0,-2,0,-1,-1,0
49.424846,2,35,0,-1,-1,-1,-1,-1,0
49.426946,1,-3,-3,-1,0,-1,-2,0,0
49.426952,2,-5,5,1,0,-2,-3,-1,0
49.439127,-2,-3,-1,-3,0,0,-1,0,0
49.439149,0,-5,-1,-2,-2,-3,0,0,0
49.446323,-2,-3,-6,-4,-2,-1,-2,-1,0
49.447666,24,1,-13,0,0,-1,0,0,0
49.462359,-61,-1,-2,3,-1,-2,-3,-4,0
49.462382,8,-14,1,1,-1,-1,-3,-1,0
49.463928,-14,12,1,1,-1,-1,-1,-1,0
49.463940,-3,-2,-2,-1,0,0,-1,2,0
49.485205,18,4,1,2,0,-2,0,-2,0
49.485244,5,-5,-5,-6,-1,-2,-1,-1,0
49.487473,-7,-1,-5,-2,-3,-2,0,0,0
49.487481,0,2,3,2,2,-1,-1,0,0
49.499044,13,-1,-2,-1,0,-2,0,2,0
49.499060,-9,-4,1,-1,0,0,0,-1,0
49.506517,6,3,6,1,-1,-3,-1,0,0
49.506540,-12,-26,0,-4,-3,-1,-2,-3,0
49.522477,7,19,-3,-6,0,-1,-1,0,0
49.522518,1,-2,2,2,0,-1,-2,0,0
49.523665,-4,5,-1,1,1,-1,-2,-1,0
49.523670,-3,-6,-3,-1,-1,-1,1,-1,0
49.545752,0,-5,-1,-2,-2,-1,-2,-2,0
49.545790,4,3,3,-2,-1,-1,0,0,0
49.547134,16,0,2,2,0,1,1,-1,0
49.547142,-25,3,-2,-4,-1,-2,-1,-3,0
49.558953,6,-14,-1,0,0,0,0,1,0
49.558968,-2,2,-2,-2,-1,-2,0,-2,0
49.566908,3,0,-6,-4,-4,0,0,-1,0
49.566929,6,-5,-7,-1,-1,-1,-2,-2,0
49.582374,0,7,12,3,0,0,-1,1,0
49.582397,8,-4,-4,-3,-1,-1,-2,-2,0
49.584082,-50,-10,-3,0,0,-1,-2,0,0
49.584086,1,9,-1,-4,-1,-1,-1,-1,0
49.604749,7,-4,-6,-6,-2,-1,0,1,0
49.604766,3,-4,-2,1,-2,-1,-1,-1,0
49.606386,10,-6,-1,-2,-2,-1,0,1,0
49.606391,-2,17,4,-2,-1,0,-3,-3,0
49.627055,-3,-19,-4,6,0,0,-2,-2,0
49.627078,-2,11,3,-2,0,0,1,-3,0
49.628192,4,4,-3,-1,-1,1,-1,1,0
49.628233,-4,-8,-1,-1,-3,-2,0,-1,0
49.642555,10,7,-4,-1,-4,-3,0,0,0
49.642671,-2,-12,-3,-3,-2,-1,0,-1,0
49.644147,-4,-7,1,2,0,0,-1,-3,0
49.644155,4,8,4,-1,-1,-1,0,-2,0
49.664918,-5,1,-2,-1,-2,-1,-2,-3,0
49.664998,11,5,1,-2,0,-1,0,0,0
49.665264,7,-1,-1,0,0,0,-3,-1,0
49.665276,-12,-8,-3,3,-1,1,0,0,0
49.687126,9,4,-1,-2,-3,-1,-1,-2,0
49.687151,-7,-1,0,1,-1,-1,-2,1,0
49.689198,5,3,-19,-8,-1,-2,0,-1,0
49.689212,1,13,41,12,3,1,1,0,0
49.702623,-2,-4,-2,-2,0,0,-1,3,0
49.702676,-7,1,-5,-2,-2,-1,1,-2,0
49.705202,29,5,-5,-4,0,-1,-2,2,0
49.705210,-78,-19,-13,-5,-2,-3,-2,-4,0
49.724638,-1,1,8,1,0,0,-1,-2,0
49.724657,-4,-3,0,0,0,-2,-2,0,0
49.726039,2,0,8,3,-1,-1,0,0,0
49.726044,31,1,-8,0,-2,-3,0,1,0
49.747182,-7,-5,-2,-3,0,-1,0,-3,0
49.747203,-9,1,-4,-2,-1,-2,0,-2,0
49.748494,10,-3,-7,-4,-1,-2,0,-1,0
49.748499,14,2,-3,-2,-2,0,-2,-1,0
49.762267,-24,-7,-3,-1,0,-1,0,0,0
49.762296,16,-7,1,1,-4,1,-1,0,0
49.763748,-13,12,12,2,1,0,-1,-3,0
49.763754,12,-3,-2,-2,-2,-2,0,1,0
49.787458,10,5,-6,-2,-2,-1,0,2,0
49.787466,-8,-23,-5,-3,-1,0,-2,-3,0
49.787468,-7,24,9,4,0,1,0,-1,0
49.787470,2,1,-4,1,-1,-1,-2,0,0
49.807500,10,-2,-1,-5,0,-1,0,1,0
49.807529,-11,4,-9,1,0,-2,-2,-3,0
49.809470,7,-19,5,1,-1,-1,-1,-3,0
49.809475,-13,-1,-1,-1,1,1,-1,-2,0
49.822566,-3,-4,-2,-4,-2,-1,-2,-2,0
49.822606,1,8,-1,-3,-2,1,0,1,0
49.823634,-5,-6,-6,-1,-2,-2,0,-1,0
49.823639,14,0,-3,-4,-1,-1,-1,0,0
49.844862,-1,-4,-3,2,-1,-1,-2,-1,0
49.847043,1,6,1,-2,0,-1,-1,0,0
49.847050,0,-4,-3,-1,-1,0,0,-1,0
49.847052,5,-5,1,0,0,-1,0,0,0
49.867011,-6,-2,-5,-2,-1,-2,-2,-1,0
49.867033,0,10,4,-2,-1,-2,0,1,0
49.867968,-10,-5,-1,-3,0,0,-1,-1,0
49.867987,1,-7,-3,-3,-2,0,0,-2,0
49.882242,1,1,0,2,1,-1,-1,-1,0
49.882263,12,9,0,-4,-1,-2,0,0,0
49.883082,-17,-18,-3,0,0,0,0,-3,0
49.883086,4,18,-3,-3,-1,-1,-2,0,0
49.904644,-14,-12,5,-2,-1,-1,0,-1,0
49.904664,-14,-11,1,4,2,-1,-1,-3,0
49.906062,4,4,-3,-4,-1,-1,-2,0,0
49.906067,6,-4,-1,-4,-2,-2,0,0,0
49.927571,1,0,-6,-3,-1,0,-1,0,0
49.927578,7,-3,2,5,0,0,-2,2,0
49.927741,10,8,5,0,0,-1,0,0,0
49.927748,-41,-6,-1,0,1,0,-1,-1,0
49.943560,-8,2,-8,0,0,-2,-3,-1,0
49.943565,-9,-4,-3,-5,-3,-1,-1,-2,0
49.943566,3,0,0,0,-2,0,-1,0,0
49.943568,10,-5,-8,-1,-1,-2,-2,-2,0
49.964521,11,18,7,-1,-2,0,0,2,0
49.964541,3,-3,2,0,0,1,-1,1,0
49.966268,-2,-4,1,-2,-1,-2,-2,0,0
49.966280,4,-24,-7,-3,-3,-2,-2,-1,0
49.987098,-2,23,1,1,-1,2,-2,-2,0
49.987117,11,4,3,2,0,-2,0,0,0
49.989848,-4,-5,-2,0,-1,0,1,0,0
49.989862,0,-6,-4,-6,-3,-2,-2,-1,0
50.002111,5,-11,0,5,2,-4,-2,-2,0
50.002138,20,4,-1,-1,0,2,-1,0,0
50.004537,-33,1,-2,0,0,-2,-4,-1,0
50.004550,3,-4,-2,0,-1,0,-1,-1,0
50.024655,6,3,-1,-5,-2,-2,-2,-2,0
50.024673,-18,-5,-8,-7,-2,-1,-1,-2,0
50.025309,4,1,-1,-4,-2,-1,0,-1,0
50.025325,8,11,6,4,1,-1,-2,-2,0
50.047078,4,-15,-7,-4,-2,0,0,1,0
50.047101,4,6,11,4,-1,0,-1,0,0
50.048027,-16,-4,-6,-3,-2,-2,-1,-2,0
50.048030,12,-7,0,0,1,-1,-1,0,0
50.062166,-4,14,13,0,0,-2,-1,-4,0
50.062190,-11,-9,-4,0,-1,-2,-2,-1,0
50.064067,2,3,-10,-6,-4,-2,-3,-2,0
50.064072,9,9,17,6,0,-1,1,0,0
50.085541,13,-5,4,6,0,1,0,3,0
50.085556,-22,-8,-6,-5,-1,0,-1,-2,0
50.085636,19,-3,-6,0,0,-2,-2,-2,0
50.085694,-5,13,4,-2,-1,-1,-1,0,0
50.107119,7,-7,-7,-6,-2,1,-2,-3,0
50.107141,5,3,0,0,0,-2,-1,0,0
50.108981,-12,9,5,3,0,-1,-2,-1,0
50.108985,0,-14,-3,0,-2,1,0,-1,0
52.132913,-18,-4,-14,-8,18,33,8,-16,2
52.133307,24,-28,-4,2,1,-49,-2,-27,2
52.135673,-8,127,23,3,-2,38,-16,-29,2
52.135741,40,-29,-8,-7,12,0,0,4,2
52.146322,-28,-93,-12,3,-32,32,8,65,2
52.146339,-105,-31,5,1,-3,-57,-16,-74,2
52.156079,-19,15,8,5,17,0,20,8,2
52.156087,7,-54,-21,-13,-4,34,-11,-5,2
52.172172,22,-79,-12,-6,-11,-88,-17,-50,2
52.172184,-128,51,-5,-4,1,39,3,3,2
52.172186,17,-107,-4,6,-10,-16,-10,-11,2
52.172188,-51,-23,26,8,13,-16,-3,26,2
52.192889,-26,71,5,-3,7,16,2,21,2
52.192919,94,66,-5,-2,-8,7,5,-9,2
52.194473,-33,-27,-9,-7,-9,15,-6,-22,2
52.194495,34,23,-10,0,11,-26,7,-11,2
52.206524,21,68,4,-2,-9,-11,3,28,2
52.206545,-27,-46,-11,-1,-7,12,7,-35,2
52.215897,18,51,10,2,-15,-2,-26,-11,2
52.215902,0,-76,-23,-10,-4,5,16,64,2
52.230374,-13,30,-8,-2,15,9,-4,-71,2
52.230402,-18,19,5,4,8,35,-10,1,2
52.232408,66,35,-1,-6,-22,-94,4,-12,2
52.232415,-78,-128,-17,0,0,-5,4,14,2
52.252961,0,30,4,4,3,16,-2,21,2
52.252986,2,15,9,5,11,23,2,-9,2
52.254442,-8,113,25,8,7,38,11,45,2
52.254472,1,8,-20,-13,-9,1,-9,-70,2
52.266426,35,33,-4,-4,-3,-20,-12,27,2
52.266447,87,-93,3,3,-7,2,12,49,2
52.275701,-127,70,11,3,4,6,-9,-14,2
52.275708,86,-58,-12,-2,9,-17,-3,-60,2
52.290263,-56,-34,-12,-5,-9,-31,-4,-20,2
52.290282,-18,55,8,0,-6,1,3,5,2
52.291623,127,-5,-1,2,15,60,20,35,2
52.291651,-24,-58,5,-7,-15,-61,-35,23,2
52.312775,66,15,-12,-3,-1,21,-5,-25,2
52.312815,-87,83,11,2,6,-22,-1,-22,2
52.314352,-1,13,-20,-9,-1,9,14,-4,2
52.314379,-50,69,6,3,2,106,-3,27,2
52.328220,-82,87,31,8,1,-31,4,-59,2
52.328233,65,-128,-35,-18,-8,1,0,56,2
52.335894,51,-61,-1,3,-3,-65,6,-22,2
52.335907,-35,127,15,4,7,39,20,16,2
52.350432,1,-21,-2,-9,-2,-14,-9,19,2
52.350455,-115,-22,-13,-2,-7,11,-8,-48,2
52.351959,49,21,12,6,-1,-18,-11,11,2
52.352046,-7,-67,-10,-1,1,-4,8,23,2
52.372719,26,-57,10,-1,0,5,9,-2,2
52.372735,26,127,1,-1,5,-25,-9,3,2
52.374175,72,50,-4,-3,-8,62,18,17,2
52.374188,25,92,7,4,2,-30,6,10,2
52.386488,34,104,16,0,0,13,1,64,2
52.386512,-37,-128,-13,2,-12,5,0,-51,2
52.396934,-37,-58,-14,-2,12,-15,-12,-47,2
52.396938,-35,10,-3,0,-7,1,9,15,2
52.410195,44,-36,-1,3,6,-44,-20,-7,2
52.410214,49,127,21,9,2,-11,29,55,2
52.411750,-19,48,-9,-3,3,26,-13,-49,2
52.411768,49,-59,-9,-10,-20,-96,-37,-48,2
52.432778,-2,-70,-2,0,10,45,11,40,2
52.432800,-19,-32,-5,-3,12,52,3,-33,2
52.436250,-60,-112,-22,1,-24,-48,-23,-30,2
52.436257,61,50,12,5,35,9,9,51,2
52.446464,-17,-35,-12,-5,-16,20,1,-25,2
52.446486,90,60,9,-3,-5,-11,-5,33,2
52.456096,-64,-54,-8,-3,1,-6,0,28,2
52.456103,14,122,8,1,5,27,7,-27,2
52.472107,80,37,1,3,-12,-12,0,-24,2
52.472117,16,-9,-12,-11,-6,12,10,68,2
52.472120,-69,82,10,1,20,-21,-43,-60,2
52.472122,-26,-117,-11,-2,-31,-56,-4,33,2
52.492872,-59,53,-5,4,50,30,12,-59,2
52.492889,36,13,15,5,-7,-18,-1,-17,2
52.494904,20,24,-4,-7,8,5,15,12,2
52.494910,-7,-52,2,4,-24,10,-8,29,2
52.506430,-27,-8,-1,-1,23,1,4,12,2
52.506453,-11,-5,2,1,3,57,7,-9,2
52.517412,-24,-15,6,-1,-1,-64,-11,37,2
52.517416,10,115,26,3,-15,6,5,-41,2
52.530698,-6,47,-16,-7,-16,21,-2,25,2
52.530721,9,-11,-3,-5,10,-8,-10,-19,2
52.532422,68,-127,-43,-17,-14,14,19,48,2
52.532426,84,-21,-11,-4,11,24,3,40,2
52.552943,-15,-3,-4,2,-11,4,-10,-32,2
52.552963,12,67,11,4,-2,-23,-4,30,2
52.554757,-45,18,8,3,5,-13,-2,-37,2
52.554946,-26,-11,-1,3,16,28,9,-4,2
52.575236,9,-37,3,-2,-7,-25,3,22,2
52.575252,-32,-19,-11,0,-3,-12,-9,-31,2
52.576779,8,-36,0,0,-6,8,8,16,2
52.576817,-23,8,-8,-4,6,22,4,-4,2
52.589992,0,21,9,-3,-10,0,-6,-16,2
52.590019,80,-25,17,1,-25,-35,-13,23,2
52.596454,-64,56,-17,-2,47,95,13,-9,2
52.596470,73,82,-42,-21,-24,-52,-51,-14,2
52.612626,-89,42,-25,-7,0,9,-13,-32,2
52.612634,16,118,12,2,-1,33,13,-27,2
52.614130,7,-13,19,7,1,-45,-25,19,2
52.614176,33,-18,7,1,-10,15,10,-15,2
52.635336,59,40,19,5,6,-6,5,46,2
52.635356,-4,-119,-23,-9,9,-11,-15,1,2
52.637825,87,99,11,-1,-19,58,15,11,2
52.637881,-111,33,6,6,22,39,12,-11,2
52.650583,4,-54,-4,0,-11,-30,-2,14,2
52.650604,-45,0,4,-3,5,0,-6,-12,2
52.652820,20,-23,-3,2,6,-3,-4,-6,2
52.652825,-16,-46,6,4,-4,-26,12,-1,2
52.674014,-10,-24,3,6,6,41,11,12,2
52.674026,-35,36,-9,-7,5,-13,-5,-27,2
52.674215,13,-59,-6,-5,-9,-20,-2,11,2
52.674249,-17,70,24,6,1,20,5,7,2
52.695271,-76,-86,14,4,-1,8,-10,-41,2
52.695287,89,26,-17,-12,-17,5,22,78,2
52.697669,-67,-79,-31,-3,50,16,-28,-95,2
52.697682,24,-83,-13,-6,-19,3,33,39,2
52.709859,-4,56,24,8,-4,-51,-17,-9,2
52.709882,32,-87,10,9,0,-11,9,30,2
52.716320,-66,27,10,-8,-25,8,11,1,2
52.716343,58,67,9,0,12,5,-3,-30,2
52.732922,-5,31,-14,-4,2,-19,5,6,2
52.732944,38,-51,-12,-1,2,26,2,23,2
52.735396,45,10,-2,-2,-9,-35,-19,-44,2
52.735409,-50,100,20,4,-4,-33,-9,-52,2
52.755771,23,-54,-24,-9,-41,-12,12,80,2
52.755797,-103,-11,3,5,39,-15,-20,-49,2
52.756896,30,-104,-7,-6,-4,4,10,23,2
52.756915,122,22,-8,-4,2,-39,-15,45,2
52.770208,-67,59,-5,-4,-3,98,0,-23,2
52.770236,5,56,6,-2,-31,-104,-22,-33,2
52.776342,-44,81,9,2,-3,14,14,40,2
52.776363,102,-61,8,4,9,59,13,11,2
52.792715,-33,-128,-13,-9,2,-96,-34,-20,2
52.792738,-86,127,50,22,9,49,39,18,2
52.795376,31,-56,-60,-28,-24,-4,-14,-17,2
52.795385,-125,-47,-7,1,-3,-11,-4,11,2
52.816166,30,-69,-3,-10,7,12,6,27,2
52.816188,-13,-90,4,5,-8,7,-8,31,2
52.816743,0,64,18,4,-9,-23,0,-25,2
52.816757,27,45,-12,-6,-3,13,-5,13,2
52.829667,-11,63,-9,-5,12,14,5,0,2
52.829686,31,-6,0,-4,-10,-5,-8,-8,2
52.836440,36,127,29,15,3,19,0,42,2
52.836469,-117,-115,6,-9,7,115,32,47,2
52.852916,-10,12,-15,2,-24,-94,-48,-9,2
52.852942,-50,21,-10,-5,4,31,-3,-105,2
52.854853,53,15,12,7,4,6,16,63,2
52.854866,-3,127,21,10,-9,-9,5,40,2
52.875223,80,-112,-3,-1,25,19,7,-38,2
52.875238,-93,-8,-27,-10,5,19,-10,-54,2
52.876698,-18,46,16,8,-1,-12,2,23,2
52.876707,-9,10,-7,0,7,-31,-9,-39,2
52.890716,41,59,9,0,-7,24,12,25,2
52.890722,27,18,-18,-10,5,-20,-9,1,2
52.896816,6,-34,19,8,-25,-3,0,-10,2
52.896846,44,-29,-6,1,5,-52,-5,2,2
52.912718,41,119,29,9,23,65,-10,-18,2
52.912736,-21,-97,-25,-12,-13,0,4,-1,2
52.914211,95,72,21,9,7,-7,11,54,2
52.914218,18,-128,-60,-15,-18,-39,-17,-44,2
52.935673,-15,117,-1,3,0,29,8,-4,2
52.935710,-43,93,17,2,10,2,-6,-57,2
52.937308,2,24,-1,0,1,47,-1,41,2
52.937333,4,9,11,4,-4,-74,-9,-21,2
52.949966,28,-15,7,-1,-12,2,5,33,2
52.949999,20,-19,0,-1,-1,1,-2,49,2
52.956795,-35,-73,-11,-2,13,0,-9,-38,2
52.956813,-107,-23,-3,-1,-28,38,-1,29,2
52.972911,57,53,-6,-3,14,6,28,-53,2
52.972929,-74,-99,-25,-8,-12,-12,-32,-10,2
52.974286,102,98,-4,-3,-11,-5,-7,27,2
52.974303,-72,104,-3,-7,7,45,4,-21,2
52.995490,-63,-89,-1,-3,-12,16,1,4,2
52.995518,21,62,1,7,5,0,8,16,2
52.997750,-6,-110,1,-2,6,-5,5,-36,2
52.997755,11,88,3,5,7,0,-3,9,2
53.009749,-6,-84,-8,-1,-9,-30,0,-17,2
53.009770,42,86,23,1,-3,20,4,3,2
53.016550,-10,-128,-41,-12,8,-8,-14,11,2
53.016572,-6,-67,11,4,-4,-29,-4,-18,2
53.033175,25,1,-13,-4,-3,-4,-6,-34,2
53.033179,-8,-2,-5,-6,13,-19,6,0,2
53.034172,8,88,17,5,-4,15,6,26,2
53.034210,-40,70,-2,-2,-9,-1,-11,-45,2
53.055660,9,-10,-7,-1,-4,-10,2,17,2
53.055716,37,26,5,5,37,-2,-6,3,2
53.057929,-22,-79,2,-3,-19,-12,4,-13,2
53.057936,-62,-89,-17,4,2,38,13,1,2
53.069462,20,96,11,2,-1,-41,3,33,2
53.069484,-7,27,2,1,-17,11,1,-31,2
53.077936,-100,-38,-14,-6,3,-27,-4,8,2
53.077951,75,21,3,-2,6,-15,-19,-15,2
53.094012,18,42,6,4,-7,32,8,45,2
53.094018,-40,-5,-10,-1,-6,-3,-3,-18,2
53.094244,76,17,-2,-5,-1,-4,5,-32,2
53.094250,4,-119,-6,-3,2,-5,3,32,2
53.115460,-10,-42,-8,-2,3,6,7,19,2
53.115482,84,64,5,4,3,-6,-5,2,2
53.116805,-53,39,-9,-4,-6,-12,-4,1,2
53.116881,-23,127,12,-2,14,2,12,5,2
53.129013,-22,-109,-6,-4,6,-5,-8,-6,2
53.129029,4,-4,-3,1,-7,1,8,27,2
53.139623,14,-76,-8,-5,-22,-13,-4,-2,2
53.139703,29,127,19,5,21,5,-10,-7,2
53.152823,0,-78,-2,1,-11,-9,14,72,2
53.152846,75,-53,-10,-6,3,-2,-15,-68,2
53.155076,-77,57,2,11,19,5,4,-23,2
53.155087,82,72,5,-1,-1,1,4,60,2
53.175854,-61,-57,2,-2,-11,15,-15,-33,2
53.175876,37,-16,-6,-6,-12,-10,7,73,2
53.177938,-21,-1,4,-2,-8,-12,0,3,2
53.177943,6,-91,-6,-2,-7,-4,-6,-81,2
53.189270,16,50,8,0,8,-19,-6,13,2
53.189293,-27,-4,2,-2,-1,8,3,29,2
53.200668,-19,45,5,-5,1,1,-3,-28,2
53.200678,13,-99,-8,1,6,5,1,25,2
53.212767,17,35,-1,-1,0,-17,-1,15,2
53.212789,-115,59,-3,0,-37,-62,-24,-99,2
53.214194,97,-73,-16,-11,34,36,-3,40,2
53.214210,-21,-60,-13,-6,-27,-12,4,6,2
53.235684,-45,-16,-6,2,12,-5,7,-33,2
53.235721,36,12,10,5,7,9,5,44,2
53.237146,13,88,14,2,-5,-15,-5,-17,2
53.237170,9,38,9,-1,4,-3,-3,7,2
53.248843,6,-1,-5,-3,-6,11,-8,-13,2
53.248850,1,65,20,5,-3,13,3,7,2
53.258390,-20,24,-7,-1,-2,1,1,-5,2
53.258395,7,-71,-11,-7,-3,4,-1,30,2
53.272810,-29,-74,11,4,1,-8,-3,-19,2
53.274676,101,36,-5,-3,-24,32,12,72,2
53.274682,-35,-26,-15,-6,-17,90,-13,-35,2
53.274684,10,6,-5,-4,-1,-47,-3,-87,2
53.297127,50,88,1,1,-1,-20,-1,22,2
53.297132,-38,-26,-5,-3,17,9,2,-4,2
53.297134,24,-3,15,5,-7,3,10,36,2
53.297136,-1,51,9,4,-3,21,-2,6,2
53.309303,18,68,-7,-5,-2,-8,-7,-16,2
53.309332,-6,-80,-1,-3,3,7,-1,-9,2
53.326965,-22,103,2,2,-1,-28,-3,-13,2
53.326971,1,-99,-13,-9,10,-4,-7,-1,2
53.332780,12,127,14,9,0,-1,2,-3,2
53.332802,49,8,-9,-10,-8,14,0,20,2
53.334418,-39,29,-11,-3,2,-47,-4,-24,2
53.334458,19,53,9,1,2,-5,14,53,2
53.355602,8,-128,-8,-9,-7,6,-15,-72,2
53.355636,60,-25,-3,3,3,27,7,1,2
53.357900,47,29,15,6,0,-14,6,49,2
53.357911,-8,29,2,1,-2,10,-6,-4,2
53.368998,8,58,3,-1,5,8,4,26,2
53.369027,-23,9,-1,2,8,-21,0,7,2
53.379411,4,13,-6,-4,3,12,8,53,2
53.379421,41,-76,-7,-3,-3,-97,-25,-35,2
53.392715,51,69,19,11,2,71,27,39,2
53.392738,24,58,-1,-4,3,52,-23,-81,2
53.394446,-39,-89,-27,-8,-9,-64,-1,20,2
53.394464,-34,-4,-1,-3,-12,10,-10,3,2
53.415350,9,19,-5,-5,19,-7,-11,-25,2
53.415372,-10,-3,9,4,-1,-24,6,37,2
53.416735,-35,-46,7,-1,6,13,0,-17,2
53.416751,9,50,8,0,-1,23,5,-8,2
53.429203,-4,66,-7,-1,-2,-18,-4,-2,2
53.429234,-68,-31,0,-2,4,-23,4,-6,2
53.438315,-2,15,20,6,6,5,-5,-30,2
53.438326,-69,-29,-7,0,-10,6,11,27,2
53.454605,-9,-20,-22,-7,-13,11,-2,-19,2
53.454612,-27,-92,-10,-2,14,-20,-8,-1,2
53.454614,-70,-37,-8,-6,0,15,6,-41,2
53.454616,66,127,11,12,22,24,2,-8,2
53.475453,-81,-108,-19,-9,-18,20,3,51,2
53.477097,-17,92,6,3,-5,9,-5,-85,2
53.477103,7,-111,-13,-2,4,-14,-5,30,2
53.477105,60,80,17,2,4,35,6,9,2
53.498618,62,63,0,-2,-1,-11,-14,-35,2
53.498641,-29,-70,-3,0,4,-16,8,87,2
53.500481,58,123,4,2,-12,11,-17,4,2
53.500485,-73,-53,-2,-2,1,-15,-7,-72,2
53.513461,115,107,24,6,0,2,-3,2,2
53.513483,-89,-88,-25,-9,-12,-34,-2,25,2
53.515393,53,74,14,7,-23,-18,27,0,2
53.515402,-17,-32,-1,-4,2,14,-6,37,2
53.536003,-89,-97,-13,-6,18,-13,2,-54,2
53.536051,75,112,23,9,-17,27,-4,21,2
53.537762,-23,-63,-15,-4,13,79,6,-11,2
53.537771,-23,-81,-27,-7,-11,-3,6,-3,2
53.557737,-24,-2,15,5,18,-3,0,7,2
53.557754,-38,55,-4,-5,-27,-50,-7,-3,2
53.560331,-40,-29,12,5,2,15,7,3,2
53.560337,38,-3,-13,-5,-5,9,-3,3,2
53.572874,-67,-109,-37,-16,-4,-28,-10,-9,2
53.572898,-27,5,-3,-1,4,48,2,-10,2
53.574482,24,34,7,4,6,-18,1,-3,2
53.574515,-15,26,-19,-5,-3,-2,-14,-62,2
53.594236,-33,34,-2,-4,-39,6,-7,-10,2
53.594256,93,72,11,1,52,-13,1,16,2
53.604425,-43,26,2,-1,-18,-6,6,9,2
53.604435,-25,-4,6,6,30,-1,-1,52,2
53.618671,40,-82,-8,-1,-6,3,-6,8,2
53.620715,58,-7,-6,-5,-12,-11,3,-32,2
53.620729,20,83,8,1,2,-9,-11,-5,2
53.620734,-35,-116,-4,-4,-4,-28,9,43,2
53.632051,-32,100,16,6,1,19,2,-1,2
53.632074,-71,-55,-15,-3,9,51,-5,-3,2
53.639396,11,80,14,2,5,-45,-10,-2,2
53.639452,19,-29,4,2,-25,-14,-4,-35,2
53.655643,-9,15,13,3,-12,6,22,80,2
53.655692,-23,-50,-1,4,40,19,5,-55,2
53.656767,5,-56,-19,-8,-2,0,-7,15,2
53.656832,-23,127,12,3,9,7,0,-13,2
53.678686,16,13,7,-1,-13,-31,-6,-23,2
53.678716,52,27,-6,3,-13,31,6,59,2
53.681315,92,-1,6,1,27,-8,7,-29,2
53.681319,-49,-67,-14,-8,-6,15,1,20,2
53.692146,28,14,-14,-2,-1,4,-11,-18,2
53.692170,26,25,8,-1,-13,-31,-14,-6,2
53.699277,9,-28,-2,-1,2,19,-8,-14,2
53.699307,34,49,-5,-1,2,11,10,14,2
53.718091,80,50,8,5,13,-11,-6,5,2
53.718105,-43,-128,-7,-3,-12,-8,9,-7,2
53.718108,17,-88,-6,-3,-14,-75,-6,24,2
53.718109,11,0,-3,-2,8,20,-7,-7,2
53.737844,14,-33,-12,-4,-38,-4,-3,9,2
53.737876,-17,58,11,3,16,-13,-7,-19,2
53.739542,42,66,-6,-5,-17,9,2,9,2
53.739592,26,-49,-4,3,-7,-86,-27,-50,2
53.752500,-41,-34,0,-2,23,79,34,3,2
53.752574,25,18,5,-2,-35,-40,16,81,2
53.758890,-110,5,3,-1,7,4,-20,-77,2
53.758906,84,37,-7,-7,-22,7,8,39,2
53.775370,53,17,3,2,-1,-20,-9,13,2
53.775392,-12,7,-10,-9,-4,-6,-4,-24,2
53.777138,41,36,5,3,4,9,12,69,2
53.777206,-19,81,6,2,-23,17,2,-52,2
53.797724,40,-91,2,5,53,9,-3,-14,2
53.797742,-38,-27,2,2,-11,23,8,-3,2
53.799093,15,-2,-1,0,-2,-6,1,31,2
53.799103,51,41,5,2,7,20,-11,-12,2
53.811961,-95,-5,9,-3,-11,1,12,38,2
53.811979,30,-94,-23,-9,5,-18,-20,-90,2
53.818963,15,7,-4,0,-1,19,3,6,2
53.818984,-10,-12,10,-1,8,14,6,28,2
53.835416,-54,-52,-9,-4,-1,-13,-9,-4,2
53.837254,0,37,7,7,3,-12,2,37,2
53.837262,-22,-121,-3,-4,-19,5,-12,-47,2
53.837264,-70,72,-1,-1,8,-1,1,-12,2
53.858031,30,-32,-19,-8,1,-39,-5,16,2
53.858037,5,57,16,3,-18,-46,-2,25,2
53.859232,60,48,-1,0,38,72,1,-60,2
53.859242,-16,-70,6,-2,1,-4,3,4,2
53.874181,-80,41,0,0,-2,0,-6,7,2
53.874186,31,-1,2,3,-3,-10,12,18,2
53.878947,-27,-13,1,2,5,-15,-5,59,2
53.878978,61,-35,-13,-5,3,5,5,-82,2
53.895576,44,92,0,-5,-12,-36,-14,-4,2
53.898299,-43,5,-23,-5,13,53,11,-2,2
53.898308,47,67,7,-2,-3,-9,-18,-24,2
53.898310,-41,55,3,5,-10,7,8,56,2
53.918459,-25,-29,-7,-4,4,1,-1,-59,2
53.918503,15,-72,6,5,-14,-8,-3,23,2
53.920312,-56,-74,-10,-2,24,-10,4,22,2
53.920317,-8,5,-11,-2,-1,14,-7,9,2
53.932993,-45,-8,0,2,0,-5,-2,-30,2
53.933009,72,60,1,-5,-2,6,-3,4,2
53.938874,-38,-37,-6,-3,-17,1,8,-1,2
53.938892,0,-4,3,5,2,-2,-5,33,2
53.955503,53,33,7,5,-2,4,1,-17,2
53.955542,-49,73,14,4,5,5,-5,-12,2
53.957221,-78,-73,-23,-5,-16,-67,-3,-44,2
53.957237,78,51,-4,-7,-4,21,2,16,2
53.977802,70,81,1,1,32,70,5,0,2
53.977826,-46,-5,-8,-8,-30,-3,-9,6,2
53.979542,-4,84,10,0,1,2,-6,54,2
53.979546,-33,96,11,0,-28,23,5,-35,2
53.991434,21,-99,-10,0,41,-10,7,16,2
53.991450,-2,-49,-24,-9,11,2,-17,26,2
54.000601,42,38,-1,3,-5,-2,21,16,2
54.000610,33,-74,11,7,-2,-21,-3,20,2
54.017677,1,65,2,-7,-37,-16,-3,6,2
54.017688,-76,-61,0,3,35,4,1,-45,2
54.017691,12,70,15,3,-12,-3,-16,-7,2
54.017693,-50,-103,-21,-5,12,1,-7,-44,2
54.037923,-21,-3,-17,-7,-17,-5,24,-6,2
54.037942,23,43,6,1,-1,-8,-2,-23,2
54.039660,-2,68,-5,0,-3,23,-8,-25,2
54.039669,-4,33,23,4,4,-9,1,4,2
54.051876,-32,-56,3,3,-7,-8,-15,10,2
54.051907,41,16,-7,-3,-7,6,4,3,2
54.061912,117,36,12,4,19,-8,-1,-60,2
54.061919,-70,-56,-12,1,-9,50,6,30,2
54.075660,9,-36,-8,-5,-9,-78,-8,11,2
54.075685,11,48,2,-1,1,4,-12,-40,2
54.077708,-30,-13,3,1,-16,-14,10,35,2
54.077713,37,11,6,-2,9,18,1,46,2
54.097868,32,7,8,3,-13,43,-9,-45,2
54.097884,-67,19,-4,-5,-1,-1,4,43,2
54.099184,-46,-112,-20,-4,-11,14,-4,-21,2
54.099192,4,61,9,-1,6,-87,-12,-27,2
54.111460,1,12,-6,3,2,-24,12,67,2
54.111481,46,-104,0,4,9,27,7,-9,2
54.120403,10,43,-11,-8,-14,14,-14,5,2
54.120408,-16,94,5,1,6,3,5,7,2
54.135880,-50,-13,9,2,-13,6,-10,-27,2
54.135916,26,117,19,2,28,-14,7,12,2
54.138410,-17,-99,-11,-5,14,-12,-5,40,2
54.138467,31,-10,-2,1,2,31,4,2,2
54.157719,-5,127,15,7,-13,-3,-5,16,2
54.157736,10,-79,-18,-5,-17,3,-4,-23,2
54.159248,-13,108,4,-6,0,7,4,2,2
54.159269,61,-102,-13,-4,-1,-14,-5,19,2
54.171431,-90,33,4,-1,2,7,1,-7,2
54.171458,45,81,5,-2,-2,0,-14,-40,2
54.183600,1,-7,18,7,19,46,15,-7,2
54.183605,33,38,-23,-16,-33,-39,-10,68,2
54.195558,-2,-23,-14,-6,7,10,-3,-57,2
54.195581,66,48,8,6,-10,-42,9,31,2
54.197406,-15,-97,1,-2,-3,3,-3,-13,2
54.197410,15,44,6,3,4,16,5,4,2
54.217760,-29,-38,0,-3,5,-5,-4,-23,2
54.217820,8,46,5,1,-22,1,-2,26,2
54.219501,-22,97,1,8,8,-12,-1,-5,2
54.219529,0,21,-3,-4,31,-9,-6,-48,2
54.231809,40,24,1,-2,-29,5,8,75,2
54.231813,-78,-67,-20,-5,0,5,-7,-23,2
54.240866,13,2,-2,-6,-15,-3,10,27,2
54.240870,-98,-9,6,8,7,2,-9,-97,2
54.255806,36,21,7,3,11,11,-1,19,2
54.257645,58,46,6,1,2,12,4,10,2
54.257651,-67,71,12,6,-3,-11,-17,-26,2
54.257653,37,-87,-2,-6,-21,-9,6,26,2
54.279711,-16,-11,-1,4,45,-6,-4,-27,2
54.279716,-92,-29,-10,-3,17,23,6,41,2
54.279718,73,-77,-10,-7,-40,6,-12,-44,2
54.279720,19,-8,-2,-1,-9,6,-3,-21,2
54.291419,26,61,2,-3,-10,20,-9,-6,2
54.291438,25,11,3,2,13,39,8,0,2
54.302353,-25,17,0,0,-9,-20,11,31,2
54.302365,58,36,14,3,5,32,6,110,2
54.315522,20,-42,-6,-2,-4,1,-9,-87,2
54.315540,25,2,-3,-1,-11,-36,-10,1,2
54.317587,-17,-44,-17,-12,-7,3,-11,-40,2
54.317606,-58,91,6,4,0,-21,3,23,2
54.337923,8,-45,-7,0,2,-16,2,17,2
54.337955,-19,12,12,-3,-6,-3,2,23,2
54.339800,73,-96,-24,-4,2,-7,-7,4,2
54.339805,-27,-39,15,7,5,8,-2,-25,2
54.352101,-15,9,4,-1,-6,5,0,36,2
54.352148,-25,-9,0,2,27,0,-7,-46,2
54.360351,-21,-30,-3,0,4,8,2,24,2
54.360373,16,5,-5,-4,17,2,2,-9,2
54.375239,-1,2,-12,-6,-11,19,-2,19,2
54.375257,-43,24,2,1,-12,12,18,44,2
54.376919,32,7,-16,-4,11,-8,-19,-95,2
54.376937,8,-52,-5,2,3,-3,-5,-3,2
54.397850,14,35,0,3,-4,-3,1,16,2
54.397869,25,-37,-2,-1,6,1,2,34,2
54.399699,-12,52,14,6,-15,-8,7,44,2
54.399704,-21,86,11,-3,-4,15,-6,-43,2
54.411531,12,-67,-6,-4,-19,-10,7,7,2
54.411547,65,73,18,6,14,-20,-8,-24,2
54.420316,-48,10,-12,-8,4,0,1,21,2
54.420327,87,-48,-11,-1,0,-17,4,57,2
54.437432,-92,55,5,1,-7,-14,-7,-84,2
54.437448,49,-43,-1,-1,-12,5,3,-4,2
54.437451,-36,36,19,8,14,-10,0,22,2
54.437453,7,-83,-23,-12,-38,28,-8,-3,2
54.457790,31,25,2,0,15,7,-1,33,2
54.457808,-28,-34,-6,-1,-13,-3,-7,-24,2
54.459241,31,68,16,7,5,1,6,-1,2
54.459263,-28,30,-6,0,13,18,-8,-10,2
54.481453,-15,10,5,-4,-30,-57,-4,-2,2
54.481492,-53,-16,-21,-5,6,3,0,-7,2
54.484810,-2,-54,-16,-13,6,-6,-2,55,2
54.484825,-23,-73,-2,6,-6,6,-3,-79,2
54.495719,59,47,7,1,10,13,-3,-18,2
54.495748,-91,-99,-7,-5,-11,-46,0,45,2
54.497383,61,74,2,1,10,39,-6,-54,2
54.497391,88,53,11,4,8,-19,-5,49,2
54.518302,-74,-29,-17,-2,9,34,-4,-39,2
54.518371,54,-69,1,-4,-5,6,-9,29,2
54.519581,-10,-121,-15,-5,-4,17,8,-6,2
54.519601,-14,99,8,1,2,-20,-3,15,2
54.540389,-4,-100,4,2,-3,-2,-6,1,2
54.541247,-7,114,-11,-4,-5,10,4,-50,2
54.541736,29,-3,15,5,-2,-4,-3,4,2
54.541746,-58,21,-5,-3,5,0,6,-20,2
54.555606,4,86,2,-5,0,-13,-1,28,2
54.555651,67,15,-6,-1,6,3,-4,5,2
54.557690,-18,-73,-3,-5,-7,-7,6,-20,2
54.557695,-128,-51,-7,-1,-4,-11,1,-2,2
54.577669,109,94,6,2,5,3,6,4,2
54.577685,-49,-37,-7,-5,-16,-16,-16,-15,2
54.579176,62,64,10,5,-4,2,5,14,2
54.579186,11,2,2,-3,8,-6,-3,-18,2
54.600204,28,-61,-10,0,2,41,-2,41,2
54.600226,-64,115,16,4,-9,-69,0,-15,2
54.602965,-30,-28,-9,-6,-8,10,-8,-7,2
54.602975,2,49,-9,-2,-2,-3,-2,-5,2
54.614703,-39,-18,-2,-1,-28,-41,-4,-14,2
54.614725,77,22,0,1,49,39,6,12,2
54.621848,24,-24,9,2,-15,28,-12,34,2
54.621911,-37,5,-20,-13,-12,-34,-13,-70,2
54.638174,-71,-72,-8,-4,-16,-12,-6,-16,2
54.638187,18,-50,12,2,-4,2,-4,-35,2
54.639344,9,95,-4,-1,0,-18,1,32,2
54.639408,70,34,2,-7,-6,12,4,16,2
54.660733,-14,-53,3,0,12,4,-1,0,2
54.660758,-18,-7,-4,-2,-15,4,3,3,2
54.663335,-19,60,4,1,8,-10,-2,-54,2
54.663340,74,-77,-9,-2,-14,6,3,21,2
54.674653,-42,-12,-5,-5,13,-9,6,-27,2
54.674675,-5,-120,-2,-2,-11,3,-9,-34,2
54.681711,36,70,3,2,-6,-6,6,18,2
54.681731,-58,-72,3,5,21,14,7,8,2
54.697693,60,-30,-5,0,5,6,-1,49,2
54.697718,43,6,-3,-3,-12,36,0,9,2
54.699830,-44,-29,-10,-4,-8,-92,-6,-55,2
54.699837,-1,31,16,4,-5,1,0,6,2
54.720311,4,34,0,-1,1,17,7,32,2
54.720334,20,25,-8,1,3,-2,2,-1,2
54.722545,3,42,7,-3,7,4,-2,51,2
54.722553,16,125,13,5,-6,-43,-1,-4,2
54.734584,33,-74,-24,-17,-25,42,-29,-72,2
54.734610,-92,-2,-6,-3,-16,-31,4,17,2
54.741391,44,-11,-8,1,8,23,5,-9,2
54.741415,-55,-28,-3,-4,-6,4,5,-9,2
54.757902,18,31,4,4,-1,-9,7,33,2
54.757920,11,65,0,-5,-1,-2,-2,3,2
54.759938,-29,-109,-6,-4,-9,16,2,13,2
54.759943,12,-70,-3,2,8,-2,-2,3,2
54.780212,-40,29,-1,2,-4,-8,0,7,2
54.780228,62,20,0,0,2,12,3,48,2
54.781922,-47,16,16,9,36,23,-3,-69,2
54.781943,1,61,2,-1,-24,-38,7,61,2
54.794622,-56,-72,-28,-6,11,-9,-3,-9,2
54.794644,-32,-16,-4,-5,-7,-5,2,4,2
54.801656,37,18,-8,-1,10,12,8,23,2
54.801693,-55,14,8,3,11,11,-9,-37,2
54.817837,50,1,23,3,7,1,-2,22,2
54.817863,23,17,-1,-1,-18,-11,-11,-15,2
54.819585,-33,-81,-2,3,8,-13,20,21,2
54.819593,52,-48,-8,-1,4,-3,0,0,2
54.840287,-14,127,19,3,14,32,5,2,2
54.840297,1,-22,4,-1,-8,-33,-12,-69,2
54.841802,91,35,3,-3,-10,-4,-1,33,2
54.841812,-18,-2,-5,-4,-7,-1,-7,9,2
54.855785,-25,-6,-4,-2,6,-9,3,-23,2
54.855803,40,-42,7,4,6,16,8,14,2
54.861945,51,48,6,0,-5,-5,-6,8,2
54.861974,-43,-110,-31,-6,-11,3,3,6,2
54.877965,-11,-8,2,5,15,2,11,35,2
54.877989,-4,68,4,-2,-7,-16,-9,-29,2
54.880204,-39,11,4,3,-10,-7,11,7,2
54.880210,54,-36,1,-3,11,20,-8,9,2
54.902536,26,72,5,1,-2,-2,-2,-21,2
54.902544,-20,-70,-9,1,1,-5,5,17,2
54.902547,-34,-115,-11,-10,-30,-1,-5,18,2
54.902549,13,14,1,3,49,13,-7,-14,2
54.914921,33,23,7,4,-6,-17,-6,-16,2
54.914955,-80,23,-7,-5,7,2,-6,-39,2
54.921752,-10,-14,-16,-3,-18,-10,-13,-46,2
54.921779,-38,24,-7,-4,-6,4,4,25,2
54.937779,7,-47,1,-1,0,-20,-7,1,2
54.937800,55,-94,-7,-4,4,19,2,58,2
54.940701,-50,80,-1,1,6,-29,14,-1,2
54.940711,36,66,2,2,6,18,-2,12,2
54.960218,-27,56,7,3,-2,-24,11,-22,2
54.960236,34,94,9,0,-9,16,-4,-6,2
54.961860,-35,-16,-5,0,3,-4,-13,-4,2
54.961868,-11,-45,3,-4,12,19,4,12,2
54.973928,-28,63,-8,-5,-41,-27,0,47,2
54.973951,66,-86,-12,-4,36,-3,-11,-84,2
54.989076,-104,59,14,8,17,47,-7,-52,2
54.989096,77,-70,-17,-8,-9,-1,-16,-18,2
54.997706,4,47,2,-4,-2,54,6,14,2
54.997722,10,110,9,0,-13,-23,9,23,2
54.999091,41,11,-6,0,4,26,0,10,2
54.999100,-12,34,18,3,-13,-22,2,-10,2
55.020346,-88,44,5,2,10,-14,-2,-25,2
55.020366,49,7,-9,4,-1,15,2,26,2
55.022451,-24,-21,5,-5,-7,-17,-10,25,2
55.022462,11,-28,-5,5,-4,-18,15,11,2
55.034046,30,-18,-6,-7,-6,23,-15,-52,2
55.034068,-119,49,6,2,9,11,10,27,2
55.043349,20,20,-9,-4,-7,-6,-3,-1,2
55.043353,39,12,-3,-4,-8,-6,-4,-25,2
55.057753,-22,-104,-6,6,10,-1,8,19,2
55.057771,-23,-94,-9,-3,-18,5,4,-5,2
55.059233,59,61,5,-5,8,-35,-6,6,2
55.059249,-58,113,12,5,-5,9,7,28,2
55.080543,40,-64,-15,-4,5,11,1,-35,2
55.080567,15,127,12,0,-9,22,-10,29,2
55.082612,13,-22,-9,-1,-20,-64,2,25,2
55.082619,49,32,3,1,10,1,-7,-33,2
55.094366,-73,-12,-10,-3,-2,-34,-11,-18,2
55.094388,35,22,10,4,-3,31,2,18,2
55.104123,24,-23,-8,-2,11,5,-4,-82,2
55.104131,-31,11,2,0,-9,-3,2,24,2
55.120592,12,66,7,1,8,4,5,28,2
55.120599,-22,-64,-6,-1,-2,-10,-12,-9,2
55.120601,-15,-19,3,4,4,18,0,20,2
55.120603,-45,-33,1,-1,3,-2,-6,-29,2
57.142459,-15,-13,-3,3,0,1,0,-1,0
57.142849,-7,1,-3,-5,-4,-3,-2,-3,0
57.144478,1,20,-13,-7,-5,-3,-3,-6,0
57.144526,2,-16,-4,0,2,-1,-1,3,0
57.164495,-27,-12,4,0,-1,-2,-2,1,0
57.164513,12,17,-4,-3,0,0,-3,0,0
57.165172,1,-4,-4,-3,-2,-1,0,-1,0
57.165181,3,25,-3,-2,-2,-2,-2,-2,0
57.187051,-4,-39,-10,-3,-2,0,-1,1,0
57.187069,-9,25,12,5,2,-1,-2,-1,0
57.189362,-16,-29,-1,-3,-1,-1,-2,-1,0
57.189378,14,-10,-2,-4,-4,-1,-1,1,0
57.202510,10,20,1,0,2,-2,1,0,0
57.202550,-6,-11,4,2,1,0,0,1,0
57.204213,5,4,-3,-3,0,-1,0,-1,0
57.204218,-3,21,6,3,-2,0,-1,0,0
57.224547,2,-27,6,-1,0,1,1,-2,0
57.224560,-7,20,-7,-3,-2,-2,-1,-2,0
57.225232,3,-8,-2,-2,0,1,0,3,0
57.225245,-6,-16,-1,-3,-2,-2,-2,-2,0
57.247173,-2,14,-1,0,-2,-2,-1,-1,0
57.247196,1,-6,-4,-1,-1,0,0,-1,0
57.249515,4,9,-1,-4,-2,0,1,-1,0
57.249519,3,2,-4,4,0,0,-1,0,0
57.262331,7,3,13,1,-2,-3,-1,-1,0
57.262348,-6,28,-8,-3,-2,-2,-1,-4,0
57.264725,0,-44,-1,2,0,0,0,1,0
57.264738,-3,17,-1,-3,-3,0,-1,-4,0
57.286223,-5,-4,6,1,-1,0,-2,-2,0
57.286232,2,-21,-4,-2,-2,-2,-2,-1,0
57.286235,1,23,-8,-4,-2,-3,-2,-2,0
57.286237,17,-9,6,1,2,-1,-1,-2,0
57.306802,-3,-4,-9,0,0,-1,0,1,0
57.306820,-14,-4,5,-2,1,-1,1,-2,0
57.314613,12,2,-14,-5,-3,-3,0,1,0
57.314634,9,-7,12,4,-1,-3,0,-1,0
57.322332,-2,10,-3,0,-1,2,0,-2,0
57.323775,12,-5,0,-4,-2,-1,0,-1,0
57.323780,-15,2,0,-3,0,0,-1,-3,0
57.323782,-3,-56,-14,0,-2,-1,0,1,0
57.344587,9,112,26,3,-1,-2,-2,-4,0
57.344603,-15,-67,-6,-2,0,-1,-3,-1,0
57.346205,0,-7,-2,1,-3,-1,-1,0,0
57.346209,-4,-44,-3,-1,-1,-2,-1,-4,0
57.367058,-2,16,6,0,1,0,0,1,0
57.367079,-3,8,-5,-2,-4,0,0,-1,0
57.368074,2,21,8,0,-2,-2,-1,-2,0
57.368110,-5,-10,-17,-6,-1,0,1,1,0
57.382396,-3,-28,-11,-2,-1,0,-1,0,0
57.382425,4,27,5,3,1,0,-1,-3,0
57.385250,-4,-28,-8,-2,0,-2,-1,-3,0
57.385264,-8,27,0,2,-2,-2,-1,1,0
57.404743,-1,-17,-5,-4,0,-1,-1,-2,0
57.404766,-2,-13,4,0,-1,0,-1,3,0
57.406445,11,30,-4,2,0,0,-3,-7,0
57.406450,-3,52,-8,-4,-1,-2,1,-3,0
57.427072,-2,-62,19,2,-2,-2,0,-3,0
57.427156,-5,-17,-8,0,-2,-2,1,-1,0
57.427858,14,12,5,0,-2,-1,-2,0,0
57.427878,-1,5,5,-3,-3,0,0,-2,0
57.442028,0,-6,-17,-5,-1,-2,-1,-1,0
57.442051,-4,8,2,0,1,-1,0,-1,0
57.444082,-17,-8,4,2,-1,0,-2,-1,0
57.444094,67,28,-8,-7,-3,-1,-2,-1,0
57.464477,-31,-13,-7,3,2,1,0,0,0
57.464493,-1,-25,-2,-1,-2,-1,-2,-3,0
57.465613,-23,-12,-1,-7,-1,0,1,0,0
57.465670,-4,13,4,4,0,-1,-3,2,0
57.488406,11,-4,-3,-4,-3,-2,-2,-2,0
57.488413,-1,18,-2,-3,-1,0,-1,1,0
57.488415,6,7,-5,-2,-1,-1,0,0,0
57.488473,-18,-26,2,-3,-1,1,0,0,0
57.504079,3,-17,-15,-5,-4,-2,-3,-3,0
57.504087,-3,33,11,5,0,0,0,0,0
57.504089,7,-12,-4,-2,-2,-4,0,1,0
57.504091,-8,-11,0,0,0,-1,0,-2,0
57.524614,-10,7,-5,-3,-1,-1,-2,-2,0
57.524633,8,-19,-12,-4,-3,-2,-1,-1,0
57.525272,-2,8,5,3,0,-1,-2,-1,0
57.525291,-13,-7,1,0,-2,-1,-1,-1,0
57.547439,7,-1,-3,-1,-1,-1,-1,-4,0
57.547471,3,-3,1,-2,0,-1,0,0,0
57.549378,0,16,3,-3,-1,-1,1,1,0
57.549383,-15,47,1,8,3,0,1,-2,0
57.562205,16,-66,4,1,0,-1,0,-1,0
57.562228,-6,-8,7,4,0,1,1,1,0
57.564646,7,2,-8,-2,-1,-1,-2,-4,0
57.564654,-6,-10,-1,-5,-2,-1,-3,-4,0
57.585040,-5,14,-4,-3,-1,-3,0,0,0
57.586880,4,22,-4,-5,-3,-1,-2,-2,0
57.586885,1,1,-5,0,1,0,0,0,0
57.586887,-11,-21,13,-3,0,0,0,-2,0
57.607051,11,16,10,5,1,0,0,1,0
57.607070,-8,-17,-1,-1,-3,-2,-1,-3,0
57.607990,-4,-11,-5,0,-2,-1,0,1,0
57.607994,0,37,10,-2,-3,-1,-2,-4,0
57.622693,-4,6,2,-1,0,0,-1,-2,0
57.623784,3,-4,-2,-1,0,-2,0,1,0
57.623795,-5,7,4,1,-2,-1,-1,-1,0
57.623798,-4,-41,-10,-5,-1,-1,0,0,0
57.644410,-4,1,-1,1,-2,-1,-2,1,0
57.644421,-2,5,1,0,-2,-3,-1,-2,0
57.645239,7,12,4,0,-1,0,-1,1,0
57.645294,4,-4,-5,0,-3,0,-1,1,0
57.666966,1,-2,-10,-1,0,1,-1,0,0
57.666990,19,52,16,-3,-2,-1,0,-1,0
57.669787,-33,-48,9,2,1,0,0,-3,0
57.669802,8,-2,-2,-3,-1,-1,-2,1,0
57.682021,-10,5,-7,-2,-2,-1,-1,1,0
57.682043,24,-18,-23,-5,-2,-2,-2,-2,0
57.683784,8,41,8,3,0,1,0,0,0
57.683790,-6,-22,-4,-1,-1,-1,-1,-1,0
57.705703,-9,11,0,0,0,0,-2,-3,0
57.705708,-12,-57,17,-1,1,0,0,2,0
57.705711,4,62,5,3,-2,-1,0,0,0
57.705713,-11,-38,-7,-4,-1,-3,0,-1,0
57.727219,7,31,1,0,1,-1,-1,0,0
57.727241,-10,-21,-1,2,0,0,0,0,0
57.728748,3,-28,-6,-4,-3,-1,-1,-3,0
57.728756,4,42,6,0,-1,0,-1,3,0
57.741992,3,-33,2,-1,-1,-2,-1,-2,0
57.742015,-6,20,-6,-4,-1,-2,-1,-1,0
57.743955,0,-24,-4,3,1,1,0,-1,0
57.743972,-6,4,-1,-2,-2,0,0,-1,0
57.764431,-2,-4,-3,-1,1,-1,-1,-1,0
57.764453,-2,2,-3,0,-1,0,-2,-2,0
57.765285,8,4,-7,-5,0,0,0,1,0
57.765289,-9,-55,-24,-4,-2,-1,-4,-5,0
57.787315,5,83,18,4,1,-1,0,1,0
57.787356,-9,-4,-3,-1,-3,-2,-1,-2,0
57.787873,0,-38,-6,1,-1,-1,-2,-1,0
57.787906,-3,2,0,2,1,-1,-1,0,0
57.802065,-1,-14,-1,-5,-1,-1,0,-1,0
57.802093,-3,8,-7,-3,0,-1,0,0,0
57.802893,-6,-33,0,-2,0,-2,-1,0,0
57.802921,5,27,5,-1,0,0,0,1,0
57.824545,5,-21,-4,-3,-2,-2,-1,-3,0
57.824563,2,-35,-21,-1,-1,-1,0,-1,0
57.825457,-14,53,38,3,0,2,-1,-4,0
57.825460,-29,-11,6,3,1,0,-1,1,0
57.846948,-4,-4,-10,-4,-2,-4,-2,-1,0
57.846957,6,-1,-5,-3,-1,-2,-1,0,0
57.847584,1,-12,-17,-7,-2,-2,0,-1,0
57.847591,6,13,2,2,1,-1,-2,-2,0
57.861987,12,7,-2,-1,0,-1,-2,2,0
57.862009,-24,-23,3,6,1,1,-2,-1,0
57.863107,0,21,10,0,0,-1,-2,0,0
57.863111,18,12,3,1,-1,-2,-1,-2,0
57.884580,1,-22,-12,-3,-3,0,0,-3,0
57.884603,-3,-44,1,-3,-2,-2,-2,-5,0
57.886555,8,51,-2,0,1,0,-1,2,0
57.886561,-1,-17,-4,-1,0,-1,-1,-3,0
57.907942,-4,9,-5,-9,-5,0,-1,0,0
57.907948,-5,7,10,7,2,0,2,-4,0
57.907950,-6,-15,0,-3,-1,-1,0,2,0
57.907952,3,10,-8,-1,-1,-2,-2,0,0
57.924168,5,-3,13,1,0,0,1,1,0
57.924175,-5,-6,-12,-5,-2,-1,-3,-2,0
57.929898,3,-19,-7,5,0,-1,-1,1,0
57.929931,-1,-4,2,-3,0,0,-1,0,0
57.944851,-7,17,-8,1,-1,-1,-2,-2,0
57.944877,3,22,6,0,0,-1,0,0,0
57.947104,4,-8,-2,-1,-3,-2,-1,-1,0
57.947114,9,-12,-5,-4,-4,-1,-3,-4,0
57.967337,3,-16,-9,-1,0,-1,0,2,0
57.967360,-9,2,4,1,-2,-1,-1,-1,0
57.970077,3,-8,-14,-3,-1,-1,0,0,0
57.970083,-7,29,9,0,-1,-1,0,-1,0
57.981919,-1,-35,-1,1,1,0,1,0,0
57.981940,15,35,-5,-5,-2,-4,-1,2,0
57.989686,-11,-24,4,4,-1,-1,0,-4,0
57.989704,1,-18,-2,0,0,-1,-1,2,0
58.004738,-5,3,10,3,0,1,0,-3,0
58.004763,6,-2,-10,-5,0,-1,-2,-1,0
58.005353,-15,-7,-16,-6,-3,-1,-4,0,0
58.005454,26,31,11,-1,0,-1,-1,1,0
58.027374,-20,7,-3,-2,-1,-1,-1,-5,0
58.027398,-21,2,-1,3,-1,0,-2,-2,0
58.030188,9,-24,-8,-4,-1,-2,0,0,0
58.030195,-4,-11,-1,-2,-2,-1,0,0,0
58.041407,-3,0,-6,0,0,-2,-3,-1,0
58.041429,9,2,-1,-1,1,0,0,1,0
58.049710,2,3,4,0,-2,-1,0,-1,0
58.049732,-13,4,9,0,0,0,0,0,0
58.066860,3,8,3,3,0,-2,0,2,0
58.066866,0,-33,-15,-8,-5,-5,-4,-6,0
58.066868,44,13,14,2,-1,-4,1,0,0
58.066870,-58,-30,-13,-3,-2,-3,-1,-7,0
58.087454,-1,20,6,0,-1,-1,-1,-3,0
58.087491,3,12,7,0,1,-1,0,3,0
58.088965,1,2,-10,-3,0,0,0,0,0
58.088971,20,-4,-1,0,-1,-2,1,0,0
58.101838,-1,-11,-7,-2,-1,1,-1,0,0
58.101875,1,8,8,4,2,1,0,-1,0
58.110108,-5,13,5,3,0,-2,-1,-3,0
58.110141,0,0,-6,-1,-1,-2,0,0,0
58.124540,-4,-3,5,-3,-1,-2,-1,0,0
58.124558,5,14,-9,-5,-2,-1,-1,-1,0
58.125707,-14,-33,-18,-5,-2,-2,-2,-2,0
58.125712,2,-83,-5,2,1,0,0,0,0
58.146955,5,95,26,3,-2,-2,0,-2,0
58.146977,-3,-16,12,4,0,-1,-1,0,0
58.147628,-7,4,0,0,-1,0,0,-1,0
58.147695,10,-5,-8,-3,-2,0,-3,0,0
58.161664,3,-33,-7,-4,-1,-1,-1,1,0
58.161693,6,1,-18,-1,0,0,0,1,0
58.169665,-3,12,13,1,-1,0,-2,-2,0
58.169690,5,21,-3,-2,-3,-1,-1,3,0
58.185555,-15,-8,-8,-3,-2,-2,0,-5,0
58.185596,-10,-6,-2,-3,-3,-1,-1,0,0
58.185602,-2,-27,-13,-4,-2,-1,1,-1,0
58.185607,7,23,5,-1,-2,-2,-2,-2,0
58.207461,-1,-10,-8,-5,-1,0,-2,1,0
58.207465,1,-4,14,5,0,0,2,0,0
58.207764,-4,42,-13,-6,-3,-3,-4,-3,0
58.207799,-4,-16,20,7,2,0,-1,-2,0
58.230488,4,-13,-6,-4,-2,-1,-1,-1,0
58.231843,-1,2,-5,-2,0,-1,1,-1,0
58.231849,-5,-57,12,2,-1,0,-1,1,0
58.231851,-6,111,-6,-2,0,-1,0,-2,0
58.244762,1,-39,-3,0,-2,-2,-2,0,0
58.244788,4,-6,-6,2,-1,-1,1,-2,0
58.246351,2,8,-1,-2,-1,0,-1,1,0
58.246355,-26,-22,-6,-4,-1,0,0,-1,0
58.267156,20,-39,-4,0,-1,-1,-1,0,0
58.267186,1,60,4,-1,-1,0,-2,-1,0
58.270046,-2,-8,1,-2,-1,-2,-1,-2,0
58.270057,4,-2,-4,-1,-2,-1,0,-1,0
58.290417,-2,-14,7,-1,0,1,-1,1,0
58.290439,1,10,-6,-4,-3,-2,-2,2,0
58.291010,-13,-5,19,3,-2,-1,-1,-4,0
58.293066,7,2,-4,2,0,-1,0,-1,0
58.304717,-4,1,-7,-2,0,0,0,3,0
58.304849,5,-22,-3,-1,-1,-2,-2,-1,0
58.305310,-1,10,-3,6,2,2,0,-1,0
58.305327,-1,6,5,1,-1,0,-1,0,0
58.327317,8,0,-1,3,0,-2,0,-1,0
58.327342,-25,0,-2,-6,-2,-1,-1,-2,0
58.329629,38,7,-7,-8,-3,-1,-1,6,0
58.329642,-6,-28,2,3,0,-1,0,-2,0
58.350437,4,11,-1,-2,0,0,0,-2,0
58.350470,-34,31,-2,0,-2,0,0,-3,0
58.350958,-2,-17,-1,1,1,-1,-1,-4,0
58.351003,9,5,-2,-4,-3,-2,-1,0,0
58.364538,15,2,-2,-2,-2,-1,1,0,0
58.364582,8,-5,-13,-7,-4,-1,-2,-2,0
58.365226,-12,18,7,1,0,0,1,-1,0
58.365243,11,2,10,2,0,-1,-1,0,0
58.387392,-17,2,-23,-2,-2,-3,-1,-2,0
58.387438,-1,-64,23,6,1,2,1,1,0
58.389008,-1,29,-6,-2,-1,-1,2,2,0
58.389016,-7,-27,-20,-9,-4,-1,-2,-4,0
58.411197,1,18,15,3,1,2,-1,-1,0
58.411209,1,11,-3,-2,-1,0,0,-1,0
58.411213,-1,-6,-2,-1,-1,-1,-1,0,0
58.411217,-6,-14,-7,-5,0,-2,-1,0,0
58.425837,-7,24,13,3,0,0,-1,-1,0
58.425844,20,7,1,0,1,-1,-1,1,0
58.425846,-3,-4,3,2,1,-1,-2,-4,0
58.425848,-17,4,-5,-4,-4,-1,-3,-3,0
58.446997,1,-7,-3,-5,-2,-1,-1,0,0
58.447019,-4,-6,1,3,1,0,-1,-4,0
58.447793,13,-10,-22,-8,-3,-3,-2,2,0
58.447797,4,-49,1,3,1,0,2,-1,0
58.471176,-5,39,-4,-3,0,-2,-1,-2,0
58.471182,-2,14,30,4,2,0,-1,-1,0
58.471185,-8,15,-4,-4,-1,0,0,-2,0
58.471187,24,2,-1,-2,0,-1,0,2,0
58.484980,-18,-39,-14,-6,-3,-2,-1,-4,0
58.487826,-2,5,-15,-5,-2,-1,-1,-1,0
58.487843,-6,-29,0,2,0,0,-1,-2,0
58.487845,5,34,13,3,1,-1,0,4,0
58.507016,8,-18,-8,-8,-2,-3,-3,-3,0
58.507039,4,21,0,0,-1,-3,-3,1,0
58.507718,-6,-11,9,5,1,0,-1,-3,0
58.507733,-6,-12,6,2,-1,0,2,-2,0
58.530202,14,-4,-3,-1,-1,0,0,1,0
58.530226,-31,-20,-10,-6,-2,-1,-1,-2,0
58.531378,-3,12,-2,-3,-1,-1,0,0,0
58.531385,8,35,-2,0,0,0,-1,-1,0
58.544825,-26,-30,5,2,0,0,-1,-3,0
58.544847,0,-33,-10,-2,-2,0,0,-1,0
58.545588,4,15,-7,-6,-3,0,-1,-2,0
58.545592,-14,74,24,5,1,-1,-3,-3,0
58.567463,6,-20,-3,1,-2,-1,0,1,0
58.567488,46,16,1,1,0,-1,-1,0,0
58.568107,-57,-63,-17,-5,-1,-1,-2,-3,0
58.568137,12,54,-7,-6,-3,-3,-1,-3,0
58.597676,26,11,7,2,-2,0,0,-1,0
58.597693,-58,4,9,3,2,1,0,-1,0
58.598359,16,10,-1,-2,-2,-1,-1,-2,0
58.598372,-7,-43,-12,-5,-2,-1,-1,-1,0
58.604677,-2,13,6,7,1,0,0,-2,0
58.604701,34,15,-11,-6,-3,-2,-1,1,0
58.606699,-11,11,10,0,-1,-2,-2,-3,0
58.606711,-7,-42,-18,-5,-1,-1,-1,0,0
58.627055,-6,4,19,6,1,-1,-2,-2,0
58.627075,4,-12,2,1,1,0,-2,-2,0
58.627711,0,3,-5,-3,-1,-1,-1,0,0
58.627736,10,-9,-2,-3,-4,-1,-3,-2,0
58.650416,-23,12,-5,-2,-2,-2,-2,-3,0
58.652671,-4,-21,-4,-1,-2,-1,-2,-2,0
58.652683,25,-1,4,3,1,0,1,0,0
58.652730,-32,29,-10,-2,-3,-2,-2,-2,0
58.664922,2,-20,5,1,0,0,1,2,0
58.664953,10,33,-4,-2,-2,-3,-2,-1,0
58.665819,-10,-22,-7,-6,-2,-1,-1,-1,0
58.665823,28,-11,20,8,2,2,0,1,0
58.687012,-51,-14,-7,-3,-1,0,-1,0,0
58.687034,-1,-5,-2,0,-1,0,2,0,0
58.689382,6,35,-16,-2,-2,-4,-1,0,0
58.689396,9,-5,-1,-2,-1,-1,-1,-1,0
58.711139,6,-26,2,2,1,-1,-2,0,0
58.711163,-5,-6,-4,-4,-1,0,-1,0,0
58.711167,-3,-4,-1,0,-2,-1,0,-1,0
58.711439,-8,-13,-7,-2,-1,0,0,-1,0
58.724524,13,32,0,-5,-2,-2,-1,-2,0
58.724541,-3,-17,-27,-4,-3,-1,-1,1,0
58.725259,4,0,15,3,2,1,0,0,0
58.725274,-10,-14,-7,0,1,-1,0,0,0
58.747007,8,-12,-1,-4,0,-1,-1,1,0
58.747053,5,2,-10,-3,-1,-3,-1,-1,0
58.747874,-6,21,11,3,-3,1,0,-2,0
58.747878,8,-69,-3,-2,-2,1,1,1,0
58.770236,11,115,10,1,-2,-2,-2,-1,0
58.770253,-15,-34,4,1,1,0,-2,-4,0
58.771173,14,-3,-4,-2,-1,0,-2,-2,0
58.771207,-1,-5,2,3,0,-2,-2,1,0
58.784619,26,-39,-18,-8,-2,-1,-2,-1,0
58.784630,-13,16,-6,-1,-3,-1,-2,-1,0
58.785412,3,8,21,4,1,0,-1,0,0
58.785434,-3,-3,-5,-4,-3,-2,1,0,0
58.807035,21,-4,-17,-1,1,-1,-1,-2,0
58.807052,10,33,12,4,1,-1,0,-1,0
58.809107,-14,-65,-17,-9,-4,-2,-3,-1,0
58.809111,-11,5,2,2,1,-1,-1,-2,0
58.832024,-7,2,-6,-2,-2,-2,0,-2,0
58.832029,9,-12,13,1,0,-1,-2,-4,0
58.832032,-17,25,5,-4,-3,-1,0,0,0
58.832033,18,22,-6,-4,-3,-1,-3,0,0
58.844236,-13,-20,-1,1,-2,-1,-2,-1,0
58.844263,2,11,-11,-5,-2,-2,-1,-2,0
58.852399,4,-6,17,5,2,1,-1,-2,0
58.852423,-8,7,-2,2,1,-1,-2,-4,0
58.866936,-34,-17,-9,-4,-1,-1,-1,-2,0
58.866957,17,-13,0,0,-3,1,-2,-1,0
58.868083,3,-2,-1,1,-1,-1,-1,1,0
58.868118,-8,61,8,-1,-3,-1,0,-2,0
58.890715,-16,-22,-15,-4,0,-3,-3,-2,0
58.890733,-2,-17,38,6,3,1,1,2,0
58.892173,-2,4,-13,-1,-1,-1,-1,0,0
58.892190,11,-90,-11,0,1,0,0,-1,0
58.903942,2,101,14,0,-3,0,-1,0,0
58.903960,4,16,-2,-6,-2,-2,-1,-1,0
58.912063,-13,5,-9,-4,0,-1,-3,-3,0
58.912085,-11,-8,10,2,-1,-1,-2,-2,0
58.926993,-12,-67,-12,1,1,1,-1,-3,0
58.927009,-47,-13,0,1,1,-2,-1,-1,0
58.927653,12,8,-1,-2,-2,-1,-1,-1,0
58.927666,-9,28,-10,-4,-2,-1,-1,-1,0
58.950522,11,-7,4,-1,-1,0,0,0,0
58.950552,16,9,-2,1,1,0,-1,3,0
58.952648,-8,3,-3,2,-1,-1,-1,-2,0
58.952653,1,15,-13,-2,-2,0,-1,1,0
58.964302,13,-8,28,7,1,-1,0,-1,0
58.964325,-16,-19,-4,-2,-2,-1,-1,-2,0
58.972113,3,-29,-7,-3,-1,-2,-2,1,0
58.972131,2,32,8,-2,-1,-4,-1,-3,0
58.986995,1,-6,-6,-4,-3,-1,-2,0,0
58.987016,1,50,-8,3,1,0,-1,-2,0
58.987724,-1,-19,3,5,2,2,1,3,0
58.987744,10,-23,0,-2,-3,-2,-2,0,0
59.010230,3,4,-3,-2,-3,0,1,0,0
59.010251,17,-13,-11,-8,-3,-3,-2,-2,0
59.012716,17,19,2,0,0,-1,0,0,0
59.012721,-18,-3,5,2,1,0,-1,-1,0
59.023917,-16,-8,-16,2,1,-1,1,-2,0
59.023936,19,7,3,0,-3,-1,0,-1,0
59.034008,-22,-13,-11,-7,-3,-2,-1,-2,0
59.034015,12,1,7,-1,-3,-2,-1,-2,0
59.046956,18,1,2,4,-1,-3,-2,-1,0
59.046971,8,4,-4,0,-1,-1,-1,0,0
59.049030,-14,-14,2,-2,-1,1,-1,-1,0
59.049036,-8,-37,-16,-7,-1,-2,-3,-1,0
59.070342,32,62,29,9,3,2,-1,-1,0
59.070361,-37,-13,-2,-2,-2,0,-2,-3,0
59.071011,10,-1,-10,-5,-2,-2,-2,-1,0
59.071040,-9,12,0,0,1,2,1,1,0
59.083749,-2,-40,-6,-5,-2,-1,-1,-1,0
59.083764,8,-7,-6,-2,0,0,-1,-1,0
59.092205,0,-16,-14,-4,-1,-1,-1,-1,0
59.094191,-8,36,27,5,1,0,-1,-2,0
59.107105,-20,0,-1,1,-3,0,0,-2,0
59.107123,7,9,-4,-5,-2,-2,-2,-2,0
59.108314,18,24,-8,0,-2,-1,0,1,0
59.108319,-9,-40,0,0,0,1,0,-2,0
59.130205,-5,-13,-20,-11,-3,-2,-1,2,0
59.130221,4,-4,26,6,0,-2,-3,-3,0
59.130896,13,16,11,6,0,1,-1,0,0
59.130919,-2,21,-6,1,-3,-2,0,0,0
59.143838,-17,-31,4,-1,-1,-1,-2,-1,0
59.143858,4,-2,-16,-8,-2,-1,-3,0,0
59.152521,2,-6,4,-2,0,-1,-1,-1,0
59.152654,11,12,-6,-2,-2,-1,0,0,0
59.167422,-1,-27,-22,-7,-5,-2,-2,-1,0
59.167443,9,10,11,2,-1,-1,0,1,0
59.170224,-7,14,-3,-1,0,-1,-1,-3,0
59.170231,-9,-16,-5,-5,0,-1,-1,-2,0
59.190183,9,23,5,5,1,0,-2,-2,0
59.190203,-11,-33,-8,-6,-3,0,0,-1,0
59.190949,-1,7,7,5,1,0,-1,-2,0
59.190966,2,1,-1,0,-1,-1,-1,0,0
59.212726,-7,-13,5,-3,-1,-1,0,0,0
59.212749,0,-32,-39,-8,-4,-3,-1,-2,0
59.213850,-7,40,60,12,4,1,1,0,0
59.213854,10,-4,-7,-3,-1,0,-3,1,0
59.227171,7,42,5,0,-1,-2,1,1,0
59.227194,-13,-34,-5,-1,-1,0,0,-3,0
59.229324,-10,-42,-26,-9,-5,-3,-2,0,0
59.229329,16,0,2,2,0,-1,-2,-3,0
59.252160,-6,-15,5,-1,0,1,-1,1,0
59.252182,-1,17,0,-1,-2,-3,-1,0,0
59.252186,22,19,-5,-2,-2,-1,-1,0,0
59.252190,-28,4,7,3,-2,1,0,-1,0
59.272745,-23,-22,-16,-7,-3,-1,-2,-3,0
59.272763,13,22,10,5,1,1,-2,1,0
59.273687,-11,2,-1,0,-1,-1,-1,-1,0
59.273691,20,-14,-9,-2,-2,-2,-2,0,0
59.287255,4,8,13,0,0,-2,0,-2,0
59.287289,-20,8,12,2,0,-1,0,-2,0
59.287975,6,5,-19,-7,-1,0,0,0,0
59.287999,-6,-54,-4,0,-1,-1,-1,0,0
59.310784,-9,1,-11,-4,-1,0,0,0,0
59.310813,9,3,11,5,1,-1,0,0,0
59.312817,-9,19,-10,-5,-1,-1,-1,-3,0
59.312822,-7,15,-10,-7,-2,-1,-1,-2,0
59.332761,7,-32,1,3,0,-1,-2,0,0
59.332843,15,50,1,-2,-2,-1,-1,-2,0
59.333338,0,-49,1,-1,-2,-3,-1,0,0
59.333353,-10,-2,-2,0,0,-2,-1,-3,0
59.347389,18,4,0,-3,-2,-1,-1,0,0
59.347417,-39,-20,-2,1,-1,-2,-1,-1,0
59.348007,7,16,1,-3,-1,-1,-3,-4,0
59.348034,25,31,4,-2,-1,0,1,-2,0
59.370267,-6,-48,1,1,-2,-2,-2,-2,0
59.370288,5,-4,7,-2,-2,0,1,1,0
59.371748,3,-13,-4,2,2,0,1,1,0
59.371758,-17,18,8,-1,0,1,-1,-1,0
59.392701,3,5,-4,0,-1,-2,-1,0,0
59.392718,-1,19,-9,-1,0,-1,-2,-1,0
59.393552,-9,-36,-1,0,0,0,-1,-1,0
59.393575,9,7,1,0,-1,-3,-2,-2,0
59.407904,-7,29,6,0,-1,0,-2,-3,0
59.407915,-3,-35,-11,-5,-3,0,0,1,0
59.407918,4,21,4,0,-1,-3,-2,-2,0
59.407919,0,3,0,-1,-1,1,0,1,0
59.430695,-11,-9,-9,-5,-3,-2,-2,-3,0
59.432709,2,16,3,2,0,-2,0,-2,0
59.432720,9,17,4,-3,-2,-2,-2,-2,0
59.432722,-4,-89,-8,-4,-3,0,-1,-1,0
59.453827,-39,67,6,2,1,-2,-1,-5,0
59.453836,-4,-20,7,1,0,1,0,2,0
59.453838,-4,5,-9,-4,-3,-2,-2,0,0
59.453840,19,15,7,2,1,0,1,0,0
59.466974,19,-35,-20,0,-1,0,-1,-2,0
59.466996,-8,15,14,2,1,1,0,2,0
59.468796,-10,3,-1,0,-1,-1,-2,-2,0
59.468802,0,25,-9,0,-1,-1,-1,1,0
59.490782,8,-33,-3,-2,1,0,0,0,0
59.490835,4,2,-6,0,0,1,-2,-3,0
59.491221,-3,-2,-10,-4,-4,-3,1,-1,0
59.491237,-3,9,4,-2,-1,-2,-1,-1,0
59.512701,4,23,4,4,2,0,0,2,0
59.512724,-5,-9,9,2,1,0,-1,-4,0
59.514677,-7,-11,-3,0,0,-1,0,0,0
59.514683,-8,0,-7,-3,-2,-2,-2,-4,0
59.527011,7,7,-8,1,-2,-1,-1,-2,0
59.528779,3,11,-1,-2,0,-2,-2,-1,0
59.528787,16,6,9,1,0,-1,-1,-1,0
59.528791,-33,4,9,1,-1,-1,-2,-1,0
59.550121,-3,2,-1,-6,-3,-2,-2,-1,0
59.550136,0,-36,-8,2,-1,-3,-1,-1,0
59.551052,-13,8,4,-2,-3,0,-1,-2,0
59.551076,15,-72,-11,-4,-3,1,0,1,0
59.572794,4,58,13,2,1,-1,-2,-1,0
59.572811,3,2,-9,-1,-2,-1,-1,1,0
59.574898,-6,1,9,1,1,0,-2,0,0
59.574902,-3,12,-2,3,1,0,1,-1,0
59.587092,2,-14,-17,-6,-2,-1,-1,0,0
59.587117,4,-21,14,-3,-2,0,0,-1,0
59.588935,2,47,-7,1,-1,-1,-2,0,0
59.588942,6,-2,19,6,2,0,1,0,0
59.611565,-21,-16,-2,-3,-2,-2,-1,-2,0
59.611578,-13,11,-7,-4,-2,-3,-1,-2,0
59.611582,-9,-23,-16,-7,-3,0,-1,-1,0
59.611586,-6,-14,8,1,0,-1,-1,-3,0
59.633164,11,5,-2,0,-1,-2,-1,-1,0
59.633182,14,-9,-7,-1,-4,-2,-1,-1,0
59.635507,17,-51,-9,-5,-3,0,0,1,0
59.635512,-61,103,-6,1,0,-2,-3,-4,0
59.647070,37,-16,14,5,1,0,-3,1,0
59.647091,-11,5,-8,-4,-1,0,0,-1,0
59.647646,-3,-6,5,0,0,-1,0,0,0
59.647763,14,-18,-13,-6,-3,-2,-1,-3,0
59.670365,-7,-13,0,0,0,-1,0,0,0
59.670410,-1,4,-3,-3,-3,-2,0,-3,0
59.671796,-8,2,-15,-5,-3,-2,0,-2,0
59.671805,17,1,28,8,3,-1,0,0,0
59.692908,-9,11,1,-1,-1,0,0,-5,0
59.692929,17,21,2,1,1,0,-1,0,0
59.693329,-30,-48,0,1,1,0,0,1,0
59.693343,5,5,-11,-8,-4,-1,0,-1,0
59.707106,0,-3,0,-1,-2,0,0,-1,0
59.707128,7,-12,-7,-3,-3,-1,-1,-2,0
59.707751,3,15,-19,-9,-2,-2,-3,-1,0
59.707769,17,21,25,11,3,-1,-1,2,0
59.730412,-42,-20,-2,1,0,1,1,0,0
59.730436,5,1,-2,-4,-1,-1,-1,-2,0
59.731831,-6,3,-1,-1,1,0,-1,0,0
59.731835,13,-30,-16,-6,-3,-2,-1,-1,0
59.752762,-1,15,0,-1,0,-2,-1,-1,0
59.752782,-5,19,0,1,1,-1,-2,1,0
59.753458,-5,-13,20,5,1,-1,0,0,0
59.753478,-9,-17,-3,-4,-4,-1,-1,-5,0
59.766990,28,26,-39,-8,-3,-1,1,2,0
59.767006,-7,-3,46,7,3,1,-1,-1,0
59.767755,19,17,3,5,1,-2,0,1,0
59.767773,-14,4,-8,-5,-3,-3,-1,-2,0
59.790205,-3,-56,-10,-8,-5,-1,-1,0,0
59.790224,-24,57,-14,2,0,-2,-4,-3,0
59.791725,4,10,6,4,2,1,0,-1,0
59.791730,19,-11,-9,-5,-2,-2,-2,0,0
59.812947,-4,-1,10,-1,-2,-2,0,0,0
59.812951,2,-28,-17,-5,-1,2,1,0,0
59.813596,3,14,12,6,0,1,-2,0,0
59.813628,-16,1,-11,-4,-1,-1,-2,-3,0
59.828383,-1,-5,11,3,1,-1,-1,-1,0
59.828387,18,-2,-20,-3,0,-2,0,3,0
59.834764,-3,17,4,2,0,-1,0,-1,0
59.834782,-1,7,6,2,0,0,-2,-4,0
59.850852,8,-14,9,1,-1,0,-2,-2,0
59.850881,-4,-15,-14,-6,-3,-1,-2,-1,0
59.853059,-4,-36,-11,-6,-3,-1,-1,-3,0
59.853074,-2,2,-5,-2,0,0,-1,3,0
59.872770,-1,10,1,0,-1,-2,0,-3,0
59.872787,0,-25,6,0,-2,-1,0,-1,0
59.874274,-3,59,-5,-3,-1,-2,-1,-2,0
59.874279,-2,12,-10,-3,0,-2,-1,0,0
59.886488,-10,-13,-2,0,-1,0,0,-1,0
59.886516,33,19,4,3,0,-1,-1,1,0
59.894894,-15,14,15,3,-1,-1,0,-4,0
59.894923,-28,-59,-15,-6,-2,-2,-4,-2,0
59.910542,-25,15,-4,-5,-1,0,-1,2,0
59.910682,-6,-19,-12,-4,-2,-2,-1,0,0
59.911421,18,6,-3,-1,0,-1,0,0,0
59.912963,12,20,14,2,1,0,0,1,0
59.932656,-3,-8,-1,0,0,-2,0,-3,0
59.932701,1,2,14,3,0,-1,1,0,0
59.933662,-6,-16,-9,-3,-3,0,-2,-3,0
59.933666,1,1,4,-3,-2,-1,-1,1,0
59.946471,8,6,5,1,0,0,0,1,0
59.946501,-2,-29,-17,-4,-2,-1,-1,1,0
59.954941,-4,45,8,4,0,-2,-3,-6,0
59.954980,10,-24,0,-3,-1,0,1,0,0
59.970349,-16,30,16,3,-1,1,0,-2,0
59.970367,-15,-37,-17,-7,-2,-1,1,-2,0
59.971054,0,-4,-4,-5,-1,-1,-2,0,0
59.971071,21,33,11,5,2,1,1,2,0
59.992755,-18,-39,-7,-2,-1,-1,-1,-5,0
59.992776,35,5,2,-3,-2,-2,-1,2,0
59.993862,-64,-42,-8,-4,-2,-1,-2,-3,0
59.993866,26,19,3,3,0,1,-1,1,0
60.006883,-27,8,3,1,-2,-3,-1,-3,0
60.008282,-19,12,0,-3,-2,0,-3,-4,0
60.016885,28,-12,3,-1,-2,-2,1,2,0
60.016891,-11,8,-5,-1,0,0,-1,-1,0
60.032967,12,11,-10,-1,-1,-1,-2,0,0
60.032978,2,-18,7,-1,0,-1,-1,0,0
60.032983,10,6,-6,1,-2,0,-3,-1,0
60.032986,-7,9,-4,-3,-2,-2,-1,-1,0
60.052843,32,-19,1,-1,-3,-2,-1,2,0
60.052861,-32,-10,-4,2,-1,0,0,-1,0
60.053480,11,-7,-3,-2,0,2,0,1,0
60.053497,-10,1,-14,-3,-3,-1,-1,-3,0
60.066283,9,3,5,-3,0,-2,-1,-2,0
60.066300,-3,19,7,1,2,-1,-2,0,0
60.077791,0,-77,-12,-4,-1,-2,-1,0,0
60.077796,0,60,28,5,2,-1,-1,-2,0
60.089677,0,-26,0,0,0,1,0,0,0
60.089694,7,-12,0,1,-2,-2,0,-5,0
60.096565,-21,37,5,0,1,0,0,-1,0
60.096587,-10,-31,-8,-2,-1,-2,-2,-3,0
60.112627,10,8,-4,-2,-1,-2,-1,1,0
60.112643,7,13,1,1,-1,0,-2,0,0
60.114388,31,6,0,-6,-2,-1,1,1,0
60.114408,-20,-2,-9,-5,-2,-2,-1,-3,0
60.135716,-64,-30,5,2,1,0,-3,-3,0
60.135750,-5,-2,-10,-3,-2,-1,-1,-1,0
60.138361,20,3,8,3,0,-1,-2,0,0
60.138368,12,0,0,1,0,-2,0,2,0
62.160208,-57,33,8,1,1,-7,-10,-54,2
62.161448,79,108,-4,1,0,-10,2,14,2
62.163919,0,-53,-10,-10,3,9,-2,23,2
62.163971,-15,-29,-18,-4,-5,-7,-18,-34,2
62.174612,-41,-126,1,-4,5,-22,-11,-91,2
62.174635,-15,22,2,2,-4,1,2,1,2
62.181309,22,84,9,6,15,2,5,12,2
62.181331,7,-65,-23,-7,-3,6,-3,2,2
62.197714,15,36,16,1,-19,-9,3,32,2
62.197731,-7,62,32,5,1,66,6,18,2
62.199111,-38,-12,-10,-2,22,-56,0,5,2
62.199121,-60,28,-6,-7,-15,1,-16,-32,2
62.220306,-11,60,1,5,4,-1,5,-4,2
62.220349,9,75,-6,-1,-1,-18,3,29,2
62.223916,36,41,3,-4,-14,24,-10,-7,2
62.223925,13,-63,14,6,3,9,9,21,2
62.234694,17,15,7,4,8,-7,3,1,2
62.234721,-5,13,-11,-5,-4,-21,-7,39,2
62.241396,-59,-77,4,3,-8,1,-6,-44,2
62.241418,-27,-36,-10,-10,-8,-4,-9,86,2
62.257832,-20,-10,-6,-4,-4,0,-4,-49,2
62.257850,57,-6,-8,-2,-6,-65,0,67,2
62.259659,-84,-86,5,5,4,47,-1,-35,2
62.259666,111,40,-1,-4,0,3,-2,-4,2
62.280073,7,-15,2,-2,8,-1,3,11,2
62.280085,-74,28,-2,-2,-5,-30,-5,-8,2
62.281621,48,-57,-13,-3,-25,1,19,24,2
62.281638,-58,-25,0,3,44,15,-4,11,2
62.294625,93,-91,3,1,-10,-17,-4,-3,2
62.294642,-5,-93,-6,1,3,17,1,6,2
62.301824,-17,19,-5,-3,-1,9,-6,-24,2
62.301857,-43,3,-16,-5,-9,-28,-9,-37,2
62.318417,75,14,-1,2,0,-5,2,-6,2
62.318460,-20,62,-9,2,-1,30,7,7,2
62.321100,60,-74,-17,-15,6,-28,-2,-6,2
62.321114,12,127,6,7,-10,34,9,48,2
62.340221,-37,-52,16,4,-2,-8,-2,27,2
62.340238,-5,-88,-26,-6,0,4,-3,-41,2
62.341642,-41,121,15,2,2,-10,7,17,2
62.341659,56,56,-4,1,-4,2,3,-20,2
62.356626,45,127,-1,-8,2,-1,3,69,2
62.356634,-25,-28,-11,-3,-1,9,-14,-98,2
62.363834,60,5,-1,-5,-2,1,-8,23,2
62.363839,-37,-62,9,1,-5,-4,-4,-19,2
62.377893,4,-31,1,4,13,4,2,-14,2
62.377913,65,3,-2,-9,-1,2,6,45,2
62.379970,-68,29,3,2,5,-8,-10,-65,2
62.379976,-128,109,-1,4,-29,-20,-1,15,2
62.400341,10,6,7,-2,10,-5,-7,-1,2
62.400372,10,62,-4,-2,-1,35,3,-27,2
62.402789,-125,-28,11,5,-2,-9,2,60,2
62.402797,24,47,-7,-10,-5,13,-8,-52,2
62.415028,-69,-6,-12,-1,-7,-4,6,5,2
62.415059,-48,27,11,5,5,13,-3,-42,2
62.421636,121,48,8,3,9,0,3,47,2
62.421674,-39,45,14,2,-5,-6,-3,-76,2
62.437776,74,59,-19,-9,-5,5,-7,29,2
62.437800,-14,-128,-11,-4,-6,-8,3,-44,2
62.439324,29,3,5,0,-1,-3,-15,-27,2
62.439349,62,25,8,-1,7,-8,8,61,2
62.460257,-57,13,12,7,10,0,-7,-50,2
62.462591,8,36,-3,2,2,-7,-1,23,2
62.462599,6,76,10,5,8,7,13,-18,2
62.462601,-48,-128,-17,-10,-6,17,1,-14,2
62.474602,-33,-6,-1,0,-11,-4,-7,-30,2
62.474624,-95,-128,-10,-6,-5,18,-2,72,2
62.481266,75,28,0,6,5,3,2,-30,2
62.481290,44,12,8,3,-1,-18,-8,-23,2
62.497596,98,123,34,8,1,23,14,23,2
62.497610,-6,-60,-9,-9,7,-14,-5,63,2
62.499091,74,-90,-25,-10,-2,0,-9,-29,2
62.499108,-1,-28,-1,3,8,43,6,25,2
62.520761,69,10,-2,0,-31,-21,5,26,2
62.523220,83,89,11,-1,26,-3,-5,-58,2
62.523237,-16,-1,4,-1,-6,-24,0,31,2
62.523240,-11,-50,-12,-7,0,1,2,37,2
62.534121,-128,-96,-23,-11,-2,-1,-12,-76,2
62.534148,71,-68,1,-8,-12,-6,-1,-3,2
62.544399,-45,18,3,9,1,8,10,16,2
62.544407,89,-59,-17,1,4,-13,3,52,2
62.557708,-24,73,25,6,2,-1,-6,7,2
62.557715,-99,5,-4,1,-8,-9,-3,2,2
62.559108,-45,-55,-7,-6,5,-5,1,-92,2
62.559118,-1,118,27,4,-11,1,-3,-9,2
62.580546,66,-28,-21,-4,19,-14,-8,28,2
62.580568,75,51,2,-2,-59,16,18,-10,2
62.581897,-36,43,-6,-9,19,-9,-7,5,2
62.581907,-73,-12,3,5,9,8,2,-49,2
62.594511,26,-46,-16,-3,-3,0,-2,-20,2
62.594541,-68,127,12,1,9,-45,-10,-20,2
62.604492,-11,-94,-17,-4,-19,18,1,41,2
62.604498,112,107,21,0,-1,-8,9,11,2
62.620739,-128,-128,-18,-8,3,-9,-11,-34,2
62.620747,23,57,-16,-4,-1,-1,-5,68,2
62.620750,69,37,11,3,-2,4,-7,-67,2
62.620752,-13,-30,-20,-5,4,-10,-8,-10,2
62.640246,36,46,10,-3,-5,15,7,3,2
62.640268,-7,50,8,7,9,0,3,7,2
62.641922,-64,88,19,8,4,10,-9,-4,2
62.643159,38,25,1,-6,-8,-13,-4,68,2
62.654166,-38,14,-2,-4,-8,-6,0,-50,2
62.654205,-2,-91,-22,-2,5,8,-10,-28,2
62.666424,65,47,-3,-3,7,4,-4,24,2
62.666478,-5,-20,-1,-1,2,10,-11,-90,2
62.677820,44,10,7,4,-5,10,16,95,2
62.679421,-5,-4,-11,-3,-4,-11,-6,-40,2
62.679426,28,90,45,11,12,40,7,65,2
62.679428,-19,-102,-8,0,-24,-77,3,5,2
62.700173,127,16,-13,-2,5,5,-2,13,2
62.700196,-79,-49,6,4,1,12,1,-24,2
62.701917,-15,-12,-9,-8,-14,-17,-3,21,2
62.701937,47,54,23,11,5,13,8,15,2
62.713788,-94,57,9,3,10,8,-8,-21,2
62.713804,47,13,-5,-2,-5,-28,-2,27,2
62.723508,-90,26,-6,-10,-36,-7,-6,-17,2
62.723517,5,28,-23,-1,50,12,-1,0,2
62.738027,49,127,38,13,-2,4,7,49,2
62.739867,-84,-78,-21,-9,7,3,-11,-71,2
62.739872,-62,-14,-24,-6,-6,43,1,34,2
62.739874,5,2,2,1,-12,2,3,-6,2
62.760551,-63,11,14,-4,-4,-8,-1,-61,2
62.760576,27,-2,7,3,4,-1,-2,17,2
62.761804,82,-13,10,10,13,-20,1,6,2
62.761814,-49,-95,-20,-7,-31,1,-5,-19,2
62.773826,21,44,-6,-2,16,1,-3,38,2
62.773848,21,-98,-14,-4,-43,-2,-3,-36,2
62.784870,-53,33,-5,1,56,45,-3,-31,2
62.784886,-45,-60,-4,-8,-5,-77,-13,9,2
62.797641,-25,-33,-10,-2,6,50,10,17,2
62.797664,31,68,21,5,-4,5,1,8,2
62.799109,11,-16,-2,0,-8,-11,1,1,2
62.799145,-7,33,1,1,4,20,1,-13,2
62.820487,-47,-128,-14,-10,-16,-29,-18,-6,2
62.820521,42,45,6,1,14,-4,7,31,2
62.822030,20,1,-3,-1,-10,-12,3,11,2
62.822069,38,-28,-3,0,5,12,-3,-1,2
62.834294,60,-2,-14,-2,-11,-15,7,-8,2
62.834313,-19,127,21,7,11,-1,3,24,2
62.844842,32,-128,-26,-16,-5,0,-5,13,2
62.844847,61,32,-8,3,5,24,2,-23,2
62.857711,94,-92,-13,0,-6,-10,1,-9,2
62.857729,-10,28,6,0,10,-1,3,52,2
62.859277,-70,45,6,6,-11,-17,8,-17,2
62.859285,27,28,6,-7,-30,5,-16,-45,2
62.881909,10,92,7,3,35,-18,2,34,2
62.881916,73,-63,2,3,5,-1,5,-14,2
62.881918,-29,-35,-2,0,12,-14,-2,-2,2
62.881920,-15,20,7,3,3,25,11,52,2
62.894173,-16,13,-4,-1,-7,-17,-8,-49,2
62.894197,16,41,-2,-8,-10,3,-1,-24,2
62.904273,18,-5,0,1,-2,-6,-4,-52,2
62.904285,9,10,8,0,5,-8,0,59,2
62.918106,-36,-7,-16,0,-4,-17,2,16,2
62.918132,32,-26,-2,-7,11,33,-2,-25,2
62.919870,123,-18,0,4,-14,-2,-1,25,2
62.919875,-89,15,-3,-5,6,2,-5,-13,2
62.940385,17,-1,11,1,-2,0,1,-10,2
62.940408,51,26,4,-3,-26,-2,-10,-6,2
62.942291,-67,-8,-6,-3,28,-8,1,15,2
62.942296,-19,-31,-2,1,-5,14,6,13,2
62.963092,-72,-27,-6,-4,1,16,-2,-1,2
62.963117,-51,52,-3,4,-4,-14,3,5,2
62.964411,9,6,-7,-8,-14,5,-4,11,2
62.964420,7,39,-1,1,6,-5,-4,-26,2
62.977829,30,-10,-5,-3,-11,2,2,6,2
62.977855,-52,5,7,6,18,17,7,9,2
62.980219,79,114,17,2,-12,-22,-12,7,2
62.980223,-107,-103,-22,-9,5,4,6,27,2
63.000734,-3,87,3,3,-4,1,-10,-25,2
63.003153,0,5,-3,-5,3,-7,-2,-15,2
63.003168,-24,-69,-1,1,-4,-2,0,-4,2
63.003170,70,110,23,8,0,-22,4,2,2
63.023106,73,18,-10,-13,-28,-2,-22,1,2
63.023136,-18,-38,-15,-11,6,15,10,-38,2
63.024356,61,71,10,9,-11,3,11,44,2
63.024375,-62,22,-17,-10,-7,-6,-19,-115,2
63.038174,55,23,12,0,-1,-5,9,56,2
63.038182,11,-4,-2,1,0,-12,-6,13,2
63.039278,-14,-18,-10,-5,-7,-7,-5,-2,2
63.039293,45,9,16,7,2,16,6,47,2
63.060185,-74,-17,7,2,-10,44,-5,-43,2
63.060206,76,56,-1,-2,32,8,9,2,2
63.063374,-40,-93,-16,-9,-5,5,16,7,2
63.063385,-57,80,2,-1,0,-11,-17,-39,2
63.085135,-27,-45,-18,1,6,13,4,-26,2
63.085151,9,33,8,1,-6,-18,-17,11,2
63.085154,3,37,4,0,-6,10,26,-11,2
63.085156,13,-75,-24,-15,-6,60,2,-25,2
63.097691,60,88,-5,1,2,-54,-3,84,2
63.097713,-102,-86,44,23,-5,-8,24,-19,2
63.099420,-72,34,-14,-4,1,-17,-29,-17,2
63.099425,-63,-75,-8,-5,-9,-21,-11,-10,2
63.120437,103,71,-27,-10,1,-15,29,-2,2
63.120470,-50,29,-18,-5,4,57,-5,58,2
63.122767,-22,17,8,-2,0,-15,-6,-25,2
63.122779,56,7,0,3,-3,9,13,40,2
63.142776,-12,-42,5,4,5,-2,-8,-10,2
63.142801,42,94,49,14,1,-28,-9,55,2
63.145569,-89,-75,-19,-12,-16,54,1,-112,2
63.145579,25,-44,-16,-5,8,-8,-5,6,2
63.157011,30,40,14,0,2,2,5,70,2
63.157034,-57,20,-23,-6,-19,-20,-18,-51,2
63.164026,11,15,-6,-3,1,-4,-4,19,2
63.164344,54,32,19,8,2,-21,1,15,2
63.180118,-60,-71,3,4,3,11,1,-1,2
63.180138,5,71,-17,-3,1,9,6,18,2
63.181589,127,12,25,6,15,-10,-8,48,2
63.181625,-19,-37,-20,-1,-8,38,15,0,2
63.202910,-111,5,-5,-12,5,2,-14,-38,2
63.202935,43,-6,-30,-5,-10,-7,-3,-14,2
63.204491,100,97,3,6,8,1,3,39,2
63.204497,59,18,17,4,4,-13,-1,38,2
63.217700,-6,-33,-2,2,-6,3,-4,-41,2
63.217770,32,53,-32,-17,-2,-13,7,67,2
63.223928,-112,-98,80,32,3,14,-18,-80,2
63.223951,75,-53,-9,-14,-1,-41,-14,-8,2
63.241579,-98,-15,-4,-3,1,45,-3,24,2
63.241595,17,-128,-34,-11,-2,16,-16,-68,2
63.243144,18,56,-24,-10,-22,-100,-10,-17,2
63.243160,21,103,14,2,-12,-4,-3,2,2
63.263003,50,11,15,5,1,-5,2,13,2
63.263025,-32,14,8,-2,11,-9,2,-4,2
63.264706,16,76,23,9,4,74,3,63,2
63.264710,-86,-46,-8,4,-2,-59,-1,-10,2
63.277377,-8,-14,-22,-9,-13,-4,6,-47,2
63.277400,12,-51,1,-1,17,11,-10,-76,2
63.284091,3,109,-5,0,15,-10,16,8,2
63.284168,-52,20,-3,-1,-3,-20,8,-27,2
63.300237,-25,36,2,7,4,12,14,18,2
63.302630,42,111,43,14,-26,3,-9,10,2
63.302639,-18,-84,-13,-10,40,-4,20,-2,2
63.302641,2,-29,-35,-14,-18,27,10,60,2
63.322913,-30,-24,-2,0,-9,-47,3,-33,2
63.322932,110,39,8,5,2,47,7,2,2
63.324312,-30,-82,-38,-20,-25,-50,-14,31,2
63.324331,-8,18,25,8,10,10,-5,-49,2
63.337128,60,91,6,6,-5,17,-3,-42,2
63.337204,-57,-91,4,1,0,-33,10,60,2
63.343947,-5,-102,-46,-8,-12,9,-9,12,2
63.343970,-12,123,5,-7,2,4,-10,-26,2
63.360512,109,67,2,0,5,47,-6,16,2
63.360541,72,-56,-9,-3,2,-16,2,13,2
63.363451,9,127,-1,-2,-9,0,-7,-19,2
63.363455,-64,-59,-2,10,10,35,8,30,2
63.382626,50,-4,7,-2,-8,-12,-17,-31,2
63.382642,20,-110,-4,-3,17,55,28,49,2
63.384264,-25,-22,9,1,1,-48,-20,-44,2
63.384281,24,64,-3,-9,-5,12,2,27,2
63.398097,-57,-24,12,7,7,-23,2,-45,2
63.398103,45,-22,3,-1,-4,-33,-3,53,2
63.403932,-28,-83,-24,-5,-24,78,0,1,2
63.403974,-27,-37,-13,-2,22,-29,-6,19,2
63.420261,18,59,-5,-3,-6,-8,-8,11,2
63.420291,-128,-45,-10,-12,-17,7,-3,-85,2
63.422358,16,16,14,10,13,0,-15,23,2
63.422373,28,88,16,3,-15,-63,14,2,2
63.442966,-12,-110,-21,-10,4,14,0,60,2
63.442971,-28,110,2,-1,9,-22,-27,-79,2
63.444165,-10,-49,-7,-7,-6,-4,4,9,2
63.444173,-36,118,5,9,5,26,-1,-29,2
63.456360,41,76,23,8,4,-9,-2,61,2
63.456376,-88,97,-9,-5,-33,-12,7,-22,2
63.466060,109,-90,-9,-5,27,6,15,-8,2
63.466064,-26,42,4,-4,-16,11,-27,-86,2
63.480171,42,66,8,0,8,-9,18,4,2
63.480193,16,19,5,2,4,4,-7,16,2
63.481984,-70,-5,-13,-8,-10,-9,1,14,2
63.482004,26,39,21,8,-1,-15,-3,28,2
63.502737,78,-90,-28,-8,-8,16,9,-22,2
63.502755,17,123,7,6,6,16,1,17,2
63.504440,-16,79,16,2,2,38,4,20,2
63.504503,32,-2,4,0,5,-15,-9,-44,2
63.516767,-46,-46,4,-2,-1,-16,-9,15,2
63.516797,45,9,-7,0,-24,37,-3,-10,2
63.525489,60,127,20,12,42,20,20,26,2
63.527216,115,-78,-16,-14,-4,11,-1,22,2
63.540248,-37,-76,-11,-4,-9,-62,-26,-50,2
63.540271,28,-36,-3,6,10,5,11,50,2
63.541956,57,-21,2,1,-16,-9,-9,-33,2
63.541980,43,-35,0,-1,2,13,-2,25,2
63.562754,12,9,-4,-3,1,9,5,26,2
63.562776,-24,34,5,-3,3,-26,-6,-30,2
63.564943,-21,-2,-7,-6,-17,-25,-5,3,2
63.564947,-6,5,6,5,7,15,7,9,2
63.576485,-54,-21,-5,-1,-1,17,4,26,2
63.576513,-45,-43,3,0,7,-15,-8,-26,2
63.587196,14,127,16,3,-13,-4,5,40,2
63.587231,-50,-128,2,0,2,8,-10,-31,2
63.600135,-78,-10,-16,-10,5,13,12,22,2
63.600143,46,-80,-21,-12,-3,-17,-8,3,2
63.601879,42,-17,3,2,0,0,7,-22,2
63.601898,-3,87,1,5,-13,-4,2,1,2
63.622800,10,41,19,6,-26,-6,-9,-16,2
63.622820,10,17,3,3,42,-2,3,9,2
63.624597,-49,-47,-14,-9,-16,-3,-6,19,2
63.624602,-20,-1,4,3,2,2,5,-13,2
63.636560,-16,-15,-5,-8,0,2,0,-9,2
63.636589,-8,-16,1,7,-8,0,5,27,2
63.647274,-5,39,15,1,-3,-6,-9,-18,2
63.647284,47,-104,7,5,12,45,0,-32,2
63.662601,-64,-68,-39,-21,-23,-75,-25,7,2
63.662607,-57,-73,-20,-6,-9,-1,10,-6,2
63.662610,-13,58,-9,-4,8,0,-2,6,2
63.662654,13,43,16,2,0,-6,10,15,2
63.683394,50,45,19,12,14,22,-4,6,2
63.683424,2,-20,-9,-2,19,-58,-3,-34,2
63.685467,-38,27,-9,-1,-18,-25,-5,-18,2
63.685473,-20,-9,-13,-5,15,5,6,34,2
63.696727,46,62,9,6,13,7,2,-3,2
63.696754,-45,121,38,6,-6,1,-6,11,2
63.705720,102,-78,-47,-19,-15,14,-6,44,2
63.705725,-76,-15,-15,-6,-6,-22,-1,-32,2
63.720350,68,32,-7,-2,4,11,-4,-61,2
63.720407,49,9,6,0,-8,13,7,49,2
63.723034,-24,-31,9,4,3,-5,-5,-11,2
63.723040,-11,46,-5,-2,-7,8,3,40,2
63.743191,-14,-125,-3,-1,6,4,6,-12,2
63.743220,-11,75,8,-3,-7,10,-6,-10,2
63.744589,5,-16,9,10,6,-9,-6,-10,2
63.744609,-54,-93,-30,-14,-3,18,-9,21,2
63.756477,60,127,27,6,-15,-48,12,9,2
63.756492,11,-38,-20,-9,-38,6,-13,-30,2
63.765825,16,-105,-5,-1,25,24,6,44,2
63.765830,-1,125,16,3,-6,-13,-8,-36,2
63.780145,-61,-89,-22,-4,6,-21,1,34,2
63.780161,31,-22,-12,-6,-17,36,-7,-24,2
63.781636,4,123,13,3,15,-12,7,14,2
63.781650,8,72,5,0,-4,-2,-5,-16,2
63.803268,-39,-58,9,3,14,16,0,-8,2
63.803276,-52,-12,-8,-3,-8,-25,5,-2,2
63.804324,-83,-36,1,-4,15,17,-4,-56,2
63.804350,67,8,-11,-1,-44,-32,-2,10,2
63.817304,-4,77,-2,-7,-6,30,3,26,2
63.817316,-33,-26,-11,2,11,-17,-10,-27,2
63.826005,40,103,13,-1,-14,-7,-6,-48,2
63.826014,-45,-128,-12,-8,10,12,0,64,2
63.840313,13,-35,-4,1,-3,-4,-8,-35,2
63.840336,46,8,-1,-2,1,3,16,34,2
63.841725,6,-33,1,0,-4,-5,-1,29,2
63.841733,66,11,9,4,-2,7,-3,-44,2
63.863747,-112,63,4,3,25,-18,-5,1,2
63.863755,-12,25,5,1,15,-2,-2,-2,2
63.864220,18,0,-10,-5,-9,-6,-2,-19,2
63.864231,96,55,0,-5,-8,-7,6,49,2
63.876426,8,-63,2,1,-1,9,-5,-26,2
63.876448,-86,-20,-2,2,8,-7,10,-18,2
63.887218,4,13,3,-2,-7,41,-1,27,2
63.887225,30,3,5,2,3,-34,1,4,2
63.900202,-25,5,4,-2,-3,7,1,-16,2
63.900224,90,68,0,1,0,1,-2,38,2
63.902773,-51,-59,-3,0,-16,16,-1,15,2
63.902786,21,94,11,6,31,6,1,30,2
63.923025,-9,-88,-20,-2,-5,7,-3,13,2
63.923043,-69,25,9,1,-6,-5,-11,-58,2
63.925113,4,49,-1,-3,-1,-14,1,-9,2
63.925118,36,-29,-9,-7,-21,-5,4,-1,2
63.945628,-44,92,6,-2,28,43,6,0,2
63.945647,40,-6,-5,0,3,10,-7,-5,2
63.948040,-8,-4,-6,0,-2,-19,-15,-83,2
63.948045,-72,97,0,0,1,3,9,4,2
63.960400,127,29,8,8,1,15,1,12,2
63.960418,1,-67,-4,-3,6,45,3,74,2
63.962062,12,4,1,-1,-2,-11,1,-1,2
63.962078,-7,-67,-6,-1,1,7,-10,-35,2
63.982797,-33,-16,-11,-5,-9,-13,6,10,2
63.982819,16,64,11,4,7,7,3,-7,2
63.985793,25,98,25,8,-3,-21,-3,22,2
63.985800,-1,-83,-15,-11,6,29,10,9,2
64.005381,-28,12,-7,-4,-8,-3,-14,-34,2
64.005401,-17,-86,-9,-4,5,-10,-6,14,2
64.006696,-67,-7,-2,2,-8,0,6,-30,2
64.006711,-5,18,3,-1,-1,-10,-4,0,2
64.020209,40,26,12,3,-6,1,-1,8,2
64.020214,10,24,-5,0,-3,-8,-1,5,2
64.021989,-32,42,9,-3,2,-3,1,12,2
64.022097,58,-27,-7,0,-29,2,-16,-9,2
64.042942,-14,-24,-14,-2,27,-45,8,-28,2
64.042958,45,73,-2,2,11,73,-7,48,2
64.044811,26,-15,-9,-7,-4,-52,-3,16,2
64.044817,-7,28,1,0,3,12,2,-13,2
64.065154,12,17,9,0,-20,3,-1,24,2
64.065177,-34,-20,1,-3,-8,-20,1,-27,2
64.067454,-8,-20,-7,1,2,16,2,20,2
64.067465,-10,1,5,2,3,-2,-1,5,2
64.080284,48,40,14,-6,-7,-15,1,91,2
64.080322,-49,-11,-13,-3,9,-19,-16,-112,2
64.086469,37,52,-14,0,6,-27,9,19,2
64.086495,-101,-34,-12,-7,-3,-19,-9,-46,2
64.102822,-1,43,-5,-1,-5,17,-1,-9,2
64.102843,75,37,9,0,-4,-26,6,58,2
64.105591,53,-5,1,-2,-4,11,0,-8,2
64.105602,-66,51,10,5,15,6,2,-45,2
64.125137,17,59,-3,2,-8,5,-5,11,2
64.125154,40,-16,-15,-9,11,2,7,70,2
64.126654,-72,-41,-4,-6,-13,-35,-4,-103,2
64.126662,74,-15,15,14,17,-31,2,121,2
64.139661,-12,51,5,-9,-33,39,-7,-70,2
64.139684,34,-114,3,6,-5,-56,-4,32,2
64.146332,-13,26,-9,-1,7,31,2,14,2
64.146354,24,-29,-3,-5,1,11,6,1,2
64.162638,1,33,-6,2,5,-14,4,14,2
64.162657,10,8,21,0,-14,6,0,-46,2
64.164235,24,-114,-3,-1,-2,6,5,113,2
64.164306,-51,-13,-8,-5,-3,-3,-7,-52,2
64.185282,-73,-67,-3,0,10,18,-8,17,2
64.185303,-14,-40,-5,-3,3,35,3,-84,2
64.187147,20,74,-2,0,-6,-26,-5,5,2
64.187163,33,-34,-6,-2,-1,8,4,16,2
64.199499,-55,-31,9,1,10,-2,-8,-6,2
64.199521,-17,25,0,-1,-29,-20,-3,-15,2
64.206375,80,71,5,0,13,42,-11,13,2
64.206392,-113,-65,-15,-5,-4,2,3,-85,2
64.224161,42,51,-2,4,2,-10,12,59,2
64.224169,-12,122,7,1,-1,-1,0,34,2
64.224240,-32,-98,-5,-6,-10,11,-18,-39,2
64.224247,20,67,8,4,2,-1,7,32,2
64.245255,24,13,-12,-8,-5,-22,-4,-93,2
64.245272,-29,9,-3,1,7,36,9,29,2
64.247368,-13,51,-6,-3,-5,-5,-4,12,2
64.247373,5,-35,3,-1,1,-10,-7,-9,2
64.259840,56,6,10,5,1,-9,8,30,2
64.259862,-59,8,-10,-4,-3,-11,-11,7,2
64.266616,-7,-98,-3,1,3,16,9,-30,2
64.266638,20,86,11,6,9,24,-2,19,2
64.282816,24,85,20,2,-1,12,6,38,2
64.282848,-95,-114,-45,-16,-4,-5,-9,-32,2
64.285952,71,26,-14,-1,-3,58,7,26,2
64.285966,-50,27,2,0,-10,-12,16,3,2
64.305286,-3,-26,3,7,2,14,-2,-31,2
64.305306,3,21,24,5,-1,-31,-2,-26,2
64.306745,-29,-2,-1,-6,1,-1,-5,0,2
64.306761,-33,-12,-9,-4,-2,2,-25,31,2
64.319527,61,-84,-4,-4,-33,-7,0,1,2
64.319533,15,-69,11,5,29,9,-7,-40,2
64.326319,66,10,6,-4,-7,-15,-2,25,2
64.326343,25,-61,-5,2,-5,1,-3,59,2
64.343000,21,-16,-12,-2,3,-1,-4,-37,2
64.343022,14,53,5,-1,-13,-9,4,57,2
64.345363,19,27,4,-3,-7,-43,-9,-73,2
64.345372,-66,10,-3,-1,9,26,1,-24,2
64.366617,-28,33,-2,-7,-8,-12,-2,4,2
64.366623,-9,28,-6,2,4,58,1,-5,2
64.366696,-53,14,1,0,-3,-62,-12,-14,2
64.366703,50,82,8,2,-1,-12,21,11,2
64.382015,33,-85,-23,-8,-2,12,-7,-23,2
64.382023,7,43,1,2,-5,-26,3,34,2
64.386483,-53,-40,4,-1,1,13,0,-42,2
64.386516,17,40,-3,0,-2,-13,-9,17,2
64.402828,-9,33,18,-3,10,10,-4,-32,2
64.402848,-60,105,5,7,0,3,-5,-27,2
64.404635,21,-81,-14,-6,-45,-41,12,15,2
64.404645,119,6,1,-3,34,-5,-2,6,2
64.425741,-51,-36,-14,-6,5,4,6,55,2
64.425765,48,39,-7,-7,1,-9,-2,34,2
64.428372,-38,38,3,4,6,23,2,-35,2
64.428379,21,26,8,-2,-12,13,-7,13,2
64.438952,-16,-27,-1,1,-3,-14,0,-22,2
64.438976,69,54,0,-6,-7,-12,-4,-1,2
64.449238,10,-72,-4,4,10,26,2,56,2
64.449242,-70,-3,3,5,-2,-5,5,-36,2
64.462949,-16,-77,-6,-2,-2,-3,-16,-36,2
64.462966,29,13,-4,-2,-7,6,-4,-10,2
64.464577,24,98,18,1,-8,6,22,10,2
64.464581,-14,-127,-29,-11,16,22,-3,5,2
64.485225,-87,25,10,7,4,0,6,-3,2
64.485245,65,70,41,11,7,-50,8,37,2
64.487321,-23,-88,-36,-16,-7,53,-17,20,2
64.487328,44,70,1,-3,-17,-9,-10,-88,2
64.498817,-33,-22,-17,-8,-11,-6,-5,-15,2
64.498840,-28,-40,-5,3,4,-9,9,52,2
64.507641,-6,5,3,2,19,4,-5,-4,2
64.507744,22,16,4,0,-12,-10,2,10,2
64.524161,19,-38,-7,3,9,3,-4,19,2
64.524169,-16,6,3,-3,-18,16,-2,-19,2
64.531533,1,56,3,4,8,-6,3,10,2
64.531537,10,-104,-10,-7,2,11,-5,30,2
64.545182,80,72,0,2,-18,-55,-6,-48,2
64.545204,-40,-17,-4,-9,-2,17,5,-18,2
64.546624,-75,-69,-2,8,7,-7,-1,-22,2
64.546639,-34,-24,-1,0,-9,-21,-4,-54,2
64.558919,-23,32,5,0,7,12,-3,81,2
64.558935,-2,-30,-14,-5,-3,-3,-6,-22,2
64.570349,0,72,20,7,5,-3,1,-10,2
64.570365,30,-58,-4,-4,-7,6,-6,7,2
64.582697,-5,51,30,9,5,0,7,6,2
64.582718,-4,-114,-14,-5,4,19,-3,-7,2
64.585988,-47,87,-16,-12,-2,-3,10,-20,2
64.585995,-1,63,7,1,2,-11,-7,19,2
64.605334,-51,37,-6,-5,-3,6,-6,-79,2
64.605390,-1,-14,4,9,2,-8,2,-24,2
64.606730,14,-20,-6,-6,-9,-7,-12,18,2
64.606746,0,98,6,6,-1,3,7,31,2
64.618973,76,-115,-9,-5,6,12,3,17,2
64.618993,-55,-42,-1,-3,-4,20,-1,11,2
64.629056,36,4,2,3,-11,-3,-6,-4,2
64.629064,12,3,-6,-3,7,-36,-1,7,2
64.643143,-39,-1,-11,-5,11,93,18,15,2
64.643166,4,-27,-12,-7,6,-50,-7,-22,2
64.644560,34,0,2,4,-2,-6,6,39,2
64.644569,-16,32,3,3,-8,-5,-3,-26,2
64.665112,13,92,26,3,-3,-34,-9,-13,2
64.665162,-22,-67,-24,-7,1,20,-8,-10,2
64.666607,-17,88,4,1,3,-5,-1,-12,2
64.666679,-40,-49,-6,0,-6,2,-3,-8,2
64.679328,-30,63,1,3,-2,-22,6,34,2
64.679332,72,23,3,2,-7,1,7,34,2
64.688601,27,-6,3,-4,3,-11,-11,16,2
64.688607,-8,-3,0,5,1,14,4,-38,2
64.702945,8,-39,-3,-5,1,1,-5,4,2
64.702965,4,56,2,1,-7,-7,-1,-19,2
64.704519,22,-128,-17,-5,13,24,3,29,2
64.704529,26,58,9,-1,0,-40,2,25,2
64.725900,65,49,-7,-2,-6,-10,-3,1,2
64.725907,-34,97,11,8,-13,-12,5,15,2
64.726683,-62,-87,-17,-2,16,12,-3,-21,2
64.726695,75,-54,-12,-5,-5,14,0,16,2
64.739053,-33,-30,-10,-2,3,-12,-9,-44,2
64.739070,42,17,10,2,-2,-4,-5,21,2
64.747914,-48,57,9,-1,1,1,1,19,2
64.747919,-18,73,6,2,-1,2,4,-18,2
64.762852,-7,-111,-14,-3,-3,12,-6,52,2
64.762874,1,45,5,-1,3,3,-4,-3,2
64.764301,-6,-81,-1,-2,-4,-5,-2,-25,2
64.764376,15,8,-1,-3,6,21,4,34,2
64.785512,-16,53,2,1,-5,-29,-1,-4,2
64.785534,-90,-21,-8,-7,6,6,-14,-34,2
64.787610,-14,-21,-2,-5,1,6,-2,-43,2
64.787625,-2,-2,-4,1,13,-25,-3,3,2
64.798821,21,-51,-1,-1,-34,1,1,-4,2
64.798845,39,-66,-10,-5,-17,-5,-3,19,2
64.808909,6,59,5,2,19,-20,7,24,2
64.808918,74,66,29,3,1,48,-11,-35,2
64.822955,-64,9,-12,-1,9,-17,10,-28,2
64.822976,127,37,-3,-4,2,-3,4,3,2
64.824268,-75,10,-3,-4,-17,-3,-9,-30,2
64.824284,-11,101,-3,-2,-2,6,-3,37,2
64.845297,31,-82,12,0,7,-2,-5,16,2
64.845313,-37,-21,-15,-8,6,13,-4,-56,2
64.846747,41,44,4,5,-13,-5,6,22,2
64.846753,-51,6,-10,-5,2,-10,-8,-44,2
64.867863,26,2,-3,-5,-2,4,2,40,2
64.867924,-15,-29,-5,3,0,-7,1,12,2
64.869325,7,7,16,6,-3,0,-4,-5,2
64.869342,-30,-41,-7,-10,-8,-5,4,36,2
64.882951,-96,5,-12,6,-2,5,-2,-16,2
64.882955,63,103,39,8,15,5,-3,-11,2
64.884261,-2,-35,-16,-2,9,14,-8,5,2
64.884286,-8,-46,-17,-5,-16,-18,12,-7,2
64.905229,5,81,-5,-6,8,1,1,23,2
64.907038,23,25,4,2,-11,-2,5,42,2
64.907046,17,88,5,2,-2,-2,-7,-23,2
64.907048,-18,-10,1,1,4,5,-3,11,2
64.928285,33,93,19,4,-1,6,-5,0,2
64.928316,-34,-41,-22,-3,-1,-15,9,-1,2
64.930584,30,51,5,-1,-17,-5,0,-4,2
64.930591,-9,-55,16,3,20,9,-4,-9,2
64.943054,-12,-8,-4,1,1,-12,1,13,2
64.943076,-80,-28,1,6,-19,40,-14,-105,2
64.944883,-54,-42,-6,-3,39,-4,15,101,2
64.944887,-40,-45,-20,-7,-10,2,-6,-28,2
64.965254,77,117,15,5,-12,5,-18,-24,2
64.965329,-75,-115,-16,-2,13,17,-8,-19,2
64.966833,-4,51,-2,0,-11,25,18,-18,2
64.966855,22,98,10,5,-1,-2,-1,4,2
64.988126,18,18,-1,-3,6,-3,4,47,2
64.988167,23,-6,-7,-8,-3,-2,-3,4,2
64.990381,57,23,7,1,-3,-5,-12,-38,2
64.990397,-25,-50,-7,1,-3,-12,-1,45,2
65.002788,0,-48,-4,0,2,16,0,-63,2
65.002806,46,20,16,0,-2,-16,-6,40,2
65.005022,-10,37,-13,-2,0,-10,10,18,2
65.005034,3,-81,-9,-7,-8,1,-3,-21,2
65.025518,6,-45,-12,-7,-4,-2,-1,-10,2
65.025527,-52,80,2,0,4,-6,8,28,2
65.031251,-17,25,11,-4,-5,-8,-9,-23,2
65.031274,-13,-3,-2,7,-1,2,-4,-11,2
65.047640,81,-18,4,1,2,7,6,34,2
65.047661,-9,-12,-6,-6,0,-15,8,19,2
65.049518,24,-9,-6,-3,-9,1,-5,-7,2
65.049530,-43,36,8,1,-1,4,0,-5,2
65.062081,18,-22,-1,-2,-2,-6,-4,24,2
65.062098,-38,46,4,2,13,4,-6,-95,2
65.070254,-60,22,9,-4,-8,0,-1,52,2
65.070261,-50,-96,-23,-3,4,-17,5,93,2
65.085981,17,33,14,-4,-10,25,-7,-65,2
65.085986,1,-17,-16,-9,-5,-14,-2,17,2
65.087055,36,21,16,9,1,3,-3,9,2
65.087079,-22,79,18,4,-6,-1,3,-37,2
65.108499,-65,-1,-23,-1,14,13,0,-9,2
65.108529,-7,-91,-5,-8,-11,-11,-7,4,2
65.110750,34,-3,4,2,3,-5,-1,-16,2
65.110754,84,91,-1,-8,-2,1,0,-4,2
65.122377,-69,-71,-11,-4,2,31,-5,-17,2
65.122395,69,32,26,4,-11,-80,-11,-9,2
65.129676,-62,-2,-17,-3,-7,1,3,7,2
65.129705,65,-86,-9,-7,0,5,2,-5,2
65.145156,58,-28,7,2,3,-8,-2,-5,2
65.145188,-5,8,-7,-2,1,16,11,60,2
65.147593,-59,-15,1,0,2,-6,-13,-46,2
65.147597,-39,15,-4,-4,-8,1,-8,-43,2
67.169758,-4,-10,7,-1,-1,-2,0,-4,0
67.169896,-9,-36,-2,-1,2,0,1,0,0
67.170362,-4,38,8,1,-1,-2,0,2,0
67.170422,-2,-60,-17,-2,-3,-1,-1,0,0
67.191768,5,11,-7,-9,-4,-1,-1,-3,0
67.191787,-11,7,42,12,3,1,0,-1,0
67.200830,-10,4,-5,-4,-1,0,0,-2,0
67.200844,11,68,1,1,2,-1,-1,-2,0
67.207639,3,2,-8,-1,0,-2,-3,-4,0
67.207661,1,-37,-13,-4,-1,-1,1,2,0
67.208920,-1,14,-2,-1,0,0,0,0,0
67.208931,-6,-50,-8,-2,-3,-1,-1,-2,0
67.229594,0,-4,1,4,2,1,1,1,0
67.229611,-4,0,-16,-5,-4,-2,-2,-2,0
67.231067,25,-17,-3,-3,-2,-1,0,1,0
67.231076,-39,16,-2,1,1,-1,-3,-4,0
67.252840,6,26,-13,-1,-2,-1,-1,0,0
67.252861,-6,-70,13,6,2,1,2,-1,0
67.254939,24,67,3,-5,-1,-1,1,1,0
67.254952,-33,-12,-7,-2,-3,-1,0,0,0
67.267193,-23,14,17,0,0,-1,-2,-1,0
67.267213,-14,5,-18,-5,-2,-2,-1,0,0
67.267669,-1,-17,0,1,-1,0,-1,-2,0
67.267812,22,20,4,-1,0,1,0,0,0
67.289565,-5,2,-5,-2,-3,-4,-1,-2,0
67.289584,6,-1,-11,-1,-2,-2,-1,-1,0
67.291058,-19,-12,-19,-8,-3,-3,-3,-1,0
67.291062,2,-60,8,6,2,0,-1,-1,0
67.312696,5,45,13,-1,-3,1,-1,-1,0
67.312716,10,21,-8,-1,-2,-3,-2,1,0
67.313335,-32,-22,-4,-1,-2,0,-2,-4,0
67.313349,7,-2,12,5,1,1,0,1,0
67.326333,32,-7,-34,-6,-2,-4,-2,1,0
67.326359,18,-3,20,1,-2,-2,0,0,0
67.334896,-73,-30,9,5,4,-1,0,2,0
67.334928,14,0,-15,-7,-3,-2,-3,-6,0
67.350151,-8,-16,5,1,0,0,-1,0,0
67.350183,12,16,-16,-7,-3,-4,-1,-1,0
67.353075,13,-7,0,2,-1,0,0,0,0
67.353081,-2,31,7,-1,1,0,0,0,0
67.372743,-2,0,5,4,1,1,0,-1,0
67.372760,-10,1,-3,-4,2,0,-1,0,0
67.373285,6,7,4,1,-2,-3,0,0,0
67.373292,0,-18,-2,-1,0,-1,0,0,0
67.387718,1,-3,-4,0,1,-1,-2,-2,0
67.387732,-12,-33,-1,4,0,1,0,-1,0
67.394667,5,-15,-6,-3,-1,0,0,-2,0
67.394683,10,-57,-9,-4,-4,-1,-1,-1,0
67.409813,-7,48,15,3,-1,0,1,-1,0
67.409849,-9,-34,-13,-6,-5,-1,0,1,0
67.411267,12,5,5,1,3,0,-2,-1,0
67.411274,3,11,-4,-1,-1,-1,-1,-1,0
67.433991,-13,-20,2,-3,-1,1,-1,1,0
67.434005,-26,12,-5,-1,0,2,0,-1,0
67.434007,41,-1,35,4,-2,0,0,0,0
67.434009,-4,14,-1,-1,0,-1,0,1,0
67.446783,3,-7,-5,-4,-1,-2,2,3,0
67.446825,-1,-1,0,0,-1,-2,-3,-8,0
67.454785,-4,26,-2,3,0,1,0,1,0
67.454821,14,2,-6,-4,-1,-3,-2,-2,0
67.469547,18,-41,8,1,0,-3,-1,-2,0
67.469569,-24,16,-5,-1,-1,-3,-2,1,0
67.470431,-32,-31,-13,0,2,0,-1,-1,0
67.470454,2,16,-2,-2,-2,-1,-1,-2,0
67.493504,7,-65,-23,-8,-3,-3,-1,0,0
67.493527,17,52,16,1,0,0,1,0,0
67.496083,-3,1,-1,-3,0,-2,-3,-3,0
67.496093,-7,-7,1,3,1,1,1,2,0
67.506379,35,42,-4,-2,-1,-1,-3,-1,0
67.506396,-28,-60,-11,-1,0,-1,-1,-3,0
67.515036,-7,7,6,-6,-4,-2,-1,-2,0
67.515058,1,-17,-10,-6,-3,-1,-1,0,0
67.529406,1,12,3,2,1,0,-1,0,0
67.529427,11,16,9,0,-2,0,-2,-2,0
67.530116,-12,5,-18,-5,-5,-3,-2,-3,0
67.530134,-8,10,16,1,0,-2,-3,-3,0
67.552883,-14,30,1,0,1,0,0,-2,0
67.552907,-1,-51,-9,3,1,0,0,4,0
67.555152,8,28,22,3,0,0,0,0,0
67.555164,-7,28,-1,-2,-1,0,1,1,0
67.566348,-16,-37,4,1,-2,-2,0,-2,0
67.566370,4,6,-1,-2,-3,-1,-1,-3,0
67.574528,10,4,-11,-3,0,-3,-1,-2,0
67.574550,3,11,0,-1,-2,1,0,-2,0
67.589809,-14,-41,-16,-9,-2,0,0,-1,0
67.589826,1,16,25,8,2,0,1,0,0
67.590288,19,6,-7,3,1,0,-1,-1,0
67.590304,-6,-9,5,1,-1,-1,0,-1,0
67.612950,-13,-48,-31,-9,-4,-2,-2,-1,0
67.612981,6,0,2,4,0,0,-2,1,0
67.614014,14,-8,-6,-1,-1,-1,1,0,0
67.614018,-26,-1,1,1,1,-2,-3,-1,0
67.626596,-20,2,14,2,-2,0,0,0,0
67.626618,7,-6,-19,-5,-1,-2,-1,0,0
67.636486,-5,7,1,-4,-4,0,-1,1,0
67.636497,18,-14,-8,-1,-1,-1,-1,2,0
67.651374,12,28,-13,-1,-3,-4,-3,-1,0
67.651381,11,36,20,2,1,0,-1,-1,0
67.651383,-21,-25,-17,-6,-3,-3,-3,-4,0
67.651384,9,-32,-1,2,0,0,0,-1,0
67.672711,-6,24,7,-1,-2,0,0,1,0
67.672736,5,28,-15,-4,-3,-4,-3,-4,0
67.674092,-6,-31,5,3,0,0,0,-1,0
67.674144,-1,23,-1,-6,-3,-1,-2,-1,0
67.686437,3,5,-6,7,0,0,-3,-2,0
67.686461,-8,-11,11,-1,2,-1,-1,1,0
67.694753,-1,7,1,-4,0,-2,-1,1,0
67.694775,4,4,-6,-4,-2,0,1,0,0
67.710222,-8,-67,-10,-6,-2,0,-1,-1,0
67.710262,-1,59,32,8,2,-1,-2,-3,0
67.713268,-1,10,-1,1,0,-2,-1,-1,0
67.713273,13,6,2,0,1,0,0,1,0
67.732751,-28,4,-11,-2,-3,-3,2,-1,0
67.732773,16,-69,-4,-2,-2,-2,-2,-1,0
67.734673,19,12,2,0,-1,-2,0,-1,0
67.734689,15,-15,-5,0,-3,-3,-1,-3,0
67.755316,10,54,11,-1,0,0,-1,0,0
67.755333,-7,-12,-13,1,0,1,-1,1,0
67.756563,-10,-18,-8,-2,-3,0,0,-2,0
67.756574,15,17,6,2,1,0,-1,1,0
67.769564,0,9,0,-1,-1,0,-3,-8,0
67.769594,-4,-29,-17,0,1,-2,0,0,0
67.770931,-5,-5,-1,-2,-1,1,-2,1,0
67.770936,-16,-14,-20,-4,-4,-2,-2,-1,0
67.792612,9,-14,21,4,1,-2,-2,2,0
67.792625,3,49,18,3,2,0,0,0,0
67.793408,-5,-5,8,4,-1,-1,0,-2,0
67.793568,-16,-8,-7,-2,-1,-1,-2,-3,0
67.815531,9,18,-10,-5,-2,-3,0,1,0
67.815556,-5,-93,-25,-10,-4,-1,-1,-1,0
67.817588,-6,60,14,3,1,-1,-2,-3,0
67.817600,16,-20,3,-4,0,-1,0,0,0
67.829669,-28,22,9,4,0,0,-1,-3,0
67.829692,-1,-2,-8,-6,-1,-2,0,0,0
67.831491,-5,-2,-7,-4,-4,-1,-2,-2,0
67.831495,0,3,2,1,-1,-1,-1,-1,0
67.854206,5,16,9,4,1,1,0,0,0
67.854216,-7,-20,-18,-9,-4,-1,-3,-1,0
67.854220,12,21,22,8,5,-1,0,3,0
67.854224,-8,-42,-12,-2,-1,0,-2,-6,0
67.875382,-20,53,27,-3,-3,-2,-2,-4,0
67.875405,-5,28,-1,-1,-5,0,1,0,0
67.876514,-1,-10,-23,-10,-3,-3,-3,-5,0
67.876522,-8,-2,18,6,3,1,-1,1,0
67.889762,16,-69,-6,0,1,0,0,1,0
67.889780,-8,86,-6,-2,-3,-1,0,-4,0
67.890228,10,-14,3,0,-3,2,0,2,0
67.890252,5,32,-12,-5,-3,-1,-2,-2,0
67.913355,1,-61,-9,-4,-1,-2,-2,-2,0
67.913383,0,-7,-5,-4,-1,-2,0,1,0
67.915536,5,15,17,4,0,-1,-2,-1,0
67.915541,-7,53,13,3,1,0,0,0,0
67.935527,1,-77,-16,-3,-1,1,-1,-1,0
67.935550,-1,-31,-5,0,0,-1,-1,0,0
67.935975,-2,74,0,-4,-2,-2,-1,0,0
67.935992,-4,-11,7,4,0,-2,-1,-1,0
67.949544,3,30,4,-1,-1,-1,0,1,0
67.949560,-4,-10,-26,-5,-2,-1,-2,-1,0
67.950249,-2,-50,-14,1,0,-1,-1,1,0
67.950286,-3,-22,-2,-5,-2,-1,-3,-2,0
67.972750,7,84,-3,0,0,-1,-1,-1,0
67.972774,-8,-1,8,1,0,1,1,-1,0
67.974941,23,-30,-24,-6,-5,-3,-2,-2,0
67.974948,8,9,10,-1,0,-2,0,-2,0
67.995789,1,-17,-8,1,-2,-2,0,1,0
67.995813,2,24,11,4,-2,0,-2,-2,0
67.996225,-30,-43,-7,-4,0,-1,0,-2,0
67.996244,3,-5,-6,-2,-3,0,0,0,0
68.009562,9,-5,-7,-8,-3,-1,-1,0,0
68.009582,0,-23,-21,-2,-1,-2,-2,-3,0
68.010509,10,55,52,11,4,2,2,3,0
68.010529,-6,-6,-11,-6,-3,0,-1,-2,0
68.033073,-2,4,-1,-1,-3,1,0,0,0
68.033094,-1,-9,-4,-3,-1,-2,0,1,0
68.035224,-7,-25,-20,-6,0,-2,-1,-2,0
68.035231,-23,6,20,3,1,-2,-2,-4,0
68.055583,1,-43,12,5,1,-1,0,1,0
68.055606,10,102,2,-4,-2,-2,-3,-1,0
68.055971,-7,-4,2,0,-2,0,-2,-5,0
68.055980,5,-1,-8,-3,-4,-1,0,2,0
68.071182,-1,-59,-5,-5,0,-3,-4,0,0
68.071189,-3,-7,8,5,0,-1,0,2,0
68.071191,-10,-3,-16,-10,-3,0,0,-2,0
68.071193,-1,23,-5,5,-1,-1,-1,0,0
68.092656,-3,-1,-8,-6,-2,-1,-1,-4,0
68.092679,2,-66,7,4,2,0,-1,-2,0
68.095182,-6,30,10,3,-3,-2,-2,0,0
68.095186,1,-14,0,-2,-2,0,-1,0,0
68.117730,6,21,6,2,0,-1,-1,0,0
68.117746,3,-4,3,-3,-2,-1,-1,0,0
68.117748,-17,-42,-23,-6,-1,-1,-2,0,0
68.117750,5,1,-2,-1,-2,-1,-2,0,0
68.129964,-5,31,1,1,-1,-1,-1,-2,0
68.132604,0,-27,-4,-7,-4,0,-1,-1,0
68.132612,13,25,-13,-1,2,-3,-1,-2,0
68.132614,1,57,56,10,3,1,1,0,0
68.152791,-8,15,-1,2,-1,1,-2,1,0
68.152812,2,11,2,-3,-1,-2,-2,-1,0
68.154520,2,-37,-5,2,0,-2,0,2,0
68.154548,-5,-19,-6,-2,-2,0,0,-1,0
68.175619,12,45,4,2,-1,-1,-1,-1,0
68.175649,-10,-41,11,2,1,1,-2,-2,0
68.177549,-3,-2,-11,-8,-3,-1,-1,-1,0
68.177592,-4,-49,-22,-8,-2,-1,-2,-1,0
68.189025,8,53,3,5,2,-1,-1,-2,0
68.189042,-3,-25,4,5,2,-1,0,1,0
68.198079,-5,-7,-1,-1,-3,-3,-1,-2,0
68.198196,0,-47,-13,-4,-2,-2,0,1,0
68.212648,-20,69,14,-3,0,-1,-1,-2,0
68.212669,-20,23,8,0,0,-2,0,-1,0
68.214152,55,-23,-7,-4,-2,-1,-1,5,0
68.214187,-57,-65,3,1,1,0,-3,-3,0
68.235350,9,80,6,5,0,-1,-2,-1,0
68.235374,-14,-26,-6,-2,0,-1,-2,-5,0
68.236865,-13,-3,10,2,1,1,0,-1,0
68.236870,23,25,-19,-8,-3,-1,-1,0,0
68.248861,5,-57,-9,-2,0,0,1,2,0
68.248883,6,16,2,1,-1,-1,-3,-1,0
68.257749,-3,-5,-9,-5,-3,0,-2,-2,0
68.257759,17,22,-10,-3,-1,-1,-1,0,0
68.273791,-13,15,30,7,3,-1,0,-3,0
68.273798,8,19,1,-1,-2,0,0,0,0
68.274125,-5,-5,-5,0,0,0,1,0,0
68.274131,-4,32,1,2,0,0,1,1,0
68.295463,-4,-65,-17,-9,-3,-2,-3,2,0
68.295486,4,4,-6,-1,-1,-2,-2,0,0
68.297518,-13,-18,5,2,-1,0,-2,-4,0
68.297525,2,62,4,0,-1,-2,1,-2,0
68.309915,1,-109,-55,-22,-10,-3,0,3,0
68.309938,9,104,86,25,13,2,-1,-4,0
68.320085,-7,-5,1,1,0,0,-2,-1,0
68.320090,-3,-49,-8,2,0,-2,0,2,0
68.332766,3,-8,-8,-2,-4,-1,-1,1,0
68.332788,-1,-30,-36,-15,-6,-3,-2,-1,0
68.335521,-3,-16,3,2,1,-2,0,-3,0
68.335530,5,45,1,1,-1,-1,-1,-2,0
68.355698,6,27,7,1,0,-1,-1,-3,0
68.355849,-6,-47,-21,-7,-3,0,0,-1,0
68.356855,-18,23,16,5,1,-1,1,0,0
68.356868,7,-29,-15,-6,-3,-1,-1,0,0
68.368866,-5,-1,7,2,-1,-2,0,-4,0
68.368885,0,13,-7,-2,-4,-1,3,2,0
68.380466,2,-37,-11,0,-1,-2,-3,-2,0
68.380475,-2,57,12,-4,-1,-1,-1,-2,0
68.392658,-3,-30,-1,1,-1,-1,-1,-1,0
68.392680,9,7,12,8,2,0,0,2,0
68.394289,-1,7,-19,-7,-5,-1,-2,0,0
68.394296,1,-6,0,0,0,-3,-2,-2,0
68.415531,0,-17,0,-2,-1,0,-2,-2,0
68.415553,-4,-31,-28,-10,-3,-1,0,1,0
68.416652,3,37,21,4,2,0,-3,-2,0
68.416687,3,-11,-7,-1,-3,-1,-4,-3,0
68.429031,-12,26,8,-2,0,1,0,-3,0
68.429047,13,1,-7,-2,-4,-2,-2,-1,0
68.439179,-3,-1,1,0,1,0,0,1,0
68.439190,7,-8,-2,-2,-3,-1,-1,-6,0
68.452830,9,-39,-6,-3,1,0,0,0,0
68.452854,-22,56,-2,-2,-2,-1,-1,-3,0
68.455345,5,22,-1,2,-1,0,1,0,0
68.455352,6,-6,-16,-4,-4,-1,-2,2,0
68.483212,-9,-32,7,5,3,0,-1,-2,0
68.483241,3,-17,-2,-1,0,0,0,-2,0
68.485824,-5,-17,4,-3,-2,-1,1,0,0
68.485829,-7,14,-2,-1,0,1,1,-1,0
68.489314,0,18,-16,-4,0,-3,-3,-6,0
68.489343,13,-11,23,4,1,-1,-2,-2,0
68.498456,7,0,-10,-3,-2,-2,-1,-3,0
68.498460,-31,-29,7,4,1,0,-3,1,0
68.512651,14,18,-2,-5,-1,-2,-1,-1,0
68.512673,-10,-8,-11,-1,-1,0,-2,-3,0
68.514071,14,-22,-4,-2,-1,1,-1,-1,0
68.514078,10,-15,-5,-3,-1,-1,0,-1,0
68.537924,9,57,18,3,0,-1,-1,2,0
68.537932,-24,-57,-10,-8,-2,-2,-1,-1,0
68.537934,-3,61,-2,3,-1,-1,-1,1,0
68.537936,-7,-16,18,6,5,1,-1,-1,0
68.549413,2,-2,6,3,-1,-2,-1,1,0
68.549453,9,4,-6,-3,-3,-1,-1,1,0
68.557731,-8,-16,-6,-4,-2,0,-1,-3,0
68.557749,2,-7,-9,-5,-4,-3,-1,0,0
68.572741,-4,17,-17,-4,-2,-1,1,-1,0
68.572758,1,16,28,7,3,0,-1,-3,0
68.574140,-12,-18,8,1,0,-1,-2,1,0
68.574155,14,-2,1,2,1,-1,-1,0,0
68.595438,17,-26,-8,-2,-3,0,0,-1,0
68.595464,-13,18,-6,-2,-2,-2,-1,-2,0
68.597465,2,4,-1,1,0,-2,-1,-2,0
68.597473,-8,-7,8,-2,-1,-1,1,0,0
68.609291,-6,-18,-2,0,0,-1,-1,0,0
68.609322,8,-2,-10,-3,-2,-1,-2,0,0
68.620075,-2,-7,0,-4,-2,-2,-1,0,0
68.620080,4,32,-3,6,3,-1,-3,0,0
68.632589,-11,-17,11,6,1,1,1,-1,0
68.632611,0,-6,-8,1,-1,0,-1,-1,0
68.634297,15,-14,13,-1,0,-1,0,1,0
68.634317,-15,7,-11,-6,-4,-3,0,-2,0
68.655887,-7,-7,-1,-1,0,-3,-2,0,0
68.655909,-4,-11,-5,-3,-5,-1,0,0,0
68.657415,-3,-15,-12,-3,-3,-2,0,-2,0
68.657420,7,-9,7,3,2,1,-2,-2,0
68.678177,-6,-10,-5,-3,0,-1,0,0,0
68.678181,5,7,3,-3,-2,-1,0,0,0
68.679189,-4,42,1,0,-1,-1,-1,-1,0
68.679240,3,25,13,0,0,-2,-3,-1,0
68.692619,-9,-24,-7,1,-3,-1,0,-1,0
68.692627,1,40,4,1,-1,-3,-3,-1,0
68.694072,-1,-21,-8,-5,-3,-2,1,-1,0
68.694082,1,-25,5,2,0,-1,-2,-3,0
68.715314,0,72,10,2,1,-1,-1,1,0
68.715335,-2,-20,-8,-8,-2,-2,-1,0,0
68.717720,-2,-44,-22,-5,-1,-2,-1,0,0
68.717745,-5,11,-8,-6,-4,-2,1,-1,0
68.737789,-2,-13,24,7,2,0,-3,-5,0
68.737800,0,18,-8,-2,0,1,0,0,0
68.739213,14,13,1,-2,1,-1,-1,1,0
68.739227,-28,-47,-14,-1,0,0,0,0,0
68.754020,10,18,5,-1,-1,-2,-2,1,0
68.754038,2,-14,-4,1,0,-1,0,1,0
68.754278,-3,-5,-1,-2,-1,-1,-1,-3,0
68.754354,13,8,2,-1,0,0,0,0,0
68.775181,-3,-5,-8,0,-2,-1,-2,0,0
68.775203,-4,-56,4,-1,1,0,-1,0,0
68.778193,-4,47,12,4,0,0,0,0,0
68.778200,4,-69,-21,-5,-3,-3,-3,-1,0
68.797615,-5,37,30,2,0,0,1,-1,0
68.797637,3,-1,-20,-8,-2,1,-1,-2,0
68.799102,-13,6,37,6,0,-1,-1,2,0
68.799116,17,1,7,0,-2,0,1,2,0
68.812520,8,-21,-14,-5,-3,-3,-1,-5,0
68.812606,9,10,-5,1,-4,-2,-5,-4,0
68.819009,-18,13,2,-1,-1,0,-1,-2,0
68.819028,0,2,-3,-1,-2,0,-1,0,0
68.835337,-11,-9,-11,-6,0,0,-1,-2,0
68.835356,17,9,9,6,0,-2,1,3,0
68.836970,-3,-21,-31,-6,-3,-2,-2,-1,0
68.837001,7,-12,13,2,-1,-2,0,-1,0
68.857726,0,31,4,3,1,-1,0,1,0
68.857745,-11,-6,0,0,1,-1,0,-2,0
68.859197,2,-12,-5,0,-1,-1,-1,-2,0
68.859205,-9,-18,-17,-5,-1,1,0,2,0
68.872158,-6,71,3,-4,-2,-1,0,0,0
68.872180,2,-19,6,0,0,0,-1,-2,0
68.878846,-8,-11,7,2,0,0,0,0,0
68.878863,-1,46,-6,-4,-2,-2,1,-1,0
68.895139,-2,-78,-14,-5,-2,-3,-4,-5,0
68.895178,-8,13,-3,-1,-2,-3,1,-1,0
68.896624,5,2,-5,-1,-3,-2,-2,-1,0
68.896633,9,0,-14,-5,-2,-2,-1,-4,0
68.917932,-2,-8,-10,0,-1,0,-1,3,0
68.917959,-7,22,27,5,1,0,1,-1,0
68.919645,16,18,4,2,0,0,-2,-1,0
68.919653,-47,-9,-5,-4,-1,0,-1,-1,0
68.932123,4,-12,-7,0,-3,-1,-1,0,0
68.932147,-9,-37,-10,-6,-1,-1,-2,-1,0
68.938966,8,18,-13,-4,-1,-1,0,-2,0
68.939880,0,-31,29,9,4,0,-2,-1,0
68.956568,1,10,-3,0,-3,-1,0,-2,0
68.956583,-4,-21,-9,-5,-1,0,-2,1,0
68.956825,-5,-5,-11,-7,-5,-2,-3,-3,0
68.956836,7,23,2,0,0,-1,-1,1,0
68.978051,-4,-28,-12,-2,0,-2,-3,-6,0
68.978075,5,8,0,0,-1,-2,0,-3,0
68.979862,-3,-24,-1,-1,0,-1,-1,-1,0
68.979866,6,39,3,0,-4,0,-1,-2,0
68.992122,-11,-70,-20,-6,-4,0,0,2,0
68.992139,5,108,53,6,-1,-1,-1,-4,0
68.998929,-1,2,-1,-1,-1,-1,0,0,0
68.998951,2,-11,6,5,0,-2,0,-2,0
69.018162,-6,38,-6,-7,-3,-3,-2,-5,0
69.018171,-8,-32,-14,-5,-2,-2,0,-1,0
69.018174,4,12,2,-1,0,-1,-1,-3,0
69.018175,-7,31,2,-2,0,-1,-3,-3,0
69.037835,3,-22,-6,-3,-2,0,0,3,0
69.037853,-20,-4,-9,-2,-3,-2,0,2,0
69.040275,26,-25,-2,2,-1,0,-1,0,0
69.040280,5,18,-14,-2,-3,-1,-2,-3,0
69.052295,8,25,29,2,2,-1,-2,0,0
69.052389,-4,-58,-21,-2,-1,-1,-2,0,0
69.058881,-15,-10,18,4,1,1,1,0,0
69.058904,0,-8,-2,-4,-2,0,0,0,0
69.075754,-1,-87,-34,-1,-3,-3,-2,-1,0
69.075783,9,81,30,4,1,1,0,0,0
69.078086,14,-5,1,2,0,0,-2,1,0
69.078090,-53,-8,-8,-4,-2,-2,-1,-5,0
69.097636,4,17,5,-1,1,-2,1,1,0
69.097659,-10,-40,-23,-7,-3,-3,-4,-8,0
69.099165,-3,-18,-13,-4,-3,-2,-3,-1,0
69.099186,22,5,9,2,1,-1,0,-1,0
69.111927,-5,-1,4,1,-1,0,0,1,0
69.111940,9,9,-21,-3,-3,-1,0,-2,0
69.119036,-8,24,5,-1,0,0,-1,-3,0
69.119059,6,-12,3,-2,-2,0,-1,-1,0
69.135481,-7,-14,12,1,1,-1,0,0,0
69.135507,14,22,10,5,2,2,-1,1,0
69.136902,-9,-33,-11,-5,-3,-3,0,-4,0
69.136908,-4,3,-8,-1,-1,-2,0,3,0
69.157774,3,-11,-3,-2,-2,-2,-2,-3,0
69.157784,2,9,0,7,2,0,0,3,0
69.159167,-12,-17,4,-5,-2,-2,1,-1,0
69.159183,5,-23,0,1,2,0,-1,-1,0
69.172335,6,51,11,-1,1,1,0,-2,0
69.172345,-10,-25,-14,-4,-1,-2,-1,-2,0
69.182043,0,14,-2,0,-2,0,-1,1,0
69.182088,9,10,6,-1,-2,-1,-1,-4,0
69.195242,-7,-1,-11,-3,-2,0,-1,-2,0
69.195257,9,-25,0,0,-2,-1,-1,1,0
69.197098,-25,-11,-4,-2,-2,-1,-1,-3,0
69.197102,13,12,-4,-3,-1,-3,-1,-1,0
69.220207,-12,1,0,0,-1,-1,-2,-3,0
69.220213,26,31,-2,-1,0,-1,-1,1,0
69.220215,-17,12,4,-4,-1,-2,0,-1,0
69.220217,3,-11,-12,-2,-2,-1,-1,2,0
69.231728,3,10,15,5,-1,0,0,0,0
69.231757,-3,-24,-12,-7,-3,-3,-3,-3,0
69.240461,1,22,7,2,0,1,-1,0,0
69.240490,-7,0,5,2,-1,-1,0,-1,0
69.255412,10,13,5,3,1,-1,-3,-3,0
69.255447,-15,-15,-3,-3,-4,-1,0,0,0
69.256628,9,1,2,3,3,1,2,4,0
69.256643,-4,-17,-7,-2,-2,-3,-5,-14,0
69.277846,0,5,-1,-2,0,1,-1,2,0
69.279299,8,-11,-7,-1,1,-1,-1,0,0
69.279304,-24,-26,4,1,0,-1,-2,-3,0
69.279306,11,6,-6,-3,-4,-2,-1,2,0
69.291673,-7,7,15,-2,-1,0,0,-1,0
69.291696,-2,94,7,0,-1,0,0,0,0
69.301669,13,8,10,1,-2,-1,-1,0,0
69.301683,-1,-3,-2,0,-1,0,-1,0,0
69.315336,4,-15,-8,-1,-1,-1,0,-1,0
69.315354,0,-32,2,-3,-2,0,0,1,0
69.316839,-10,-5,-11,-2,-2,-1,-1,0,0
69.316879,26,11,-8,-5,-2,0,-2,0,0
69.337769,-26,-8,8,3,1,-2,-1,0,0
69.337790,1,-5,-7,-5,-3,-1,2,1,0
69.339204,4,25,-6,-4,-1,-1,-1,-4,0
69.339212,-10,-47,23,8,1,0,-1,2,0
69.351619,8,23,-14,-5,-3,-2,-1,-2,0
69.351645,-8,-32,16,1,2,-1,-1,1,0
69.360779,4,5,-3,3,-1,-2,-2,-2,0
69.360783,0,10,-7,-3,-1,0,0,1,0
69.376293,0,5,-11,1,-2,-3,-2,-2,0
69.376299,-7,-20,-15,-2,-1,-2,0,-1,0
69.376609,11,-11,7,-2,-2,0,0,3,0
69.376616,-9,28,3,-4,-1,1,-1,-3,0
69.397599,9,-33,-9,-3,-3,0,0,2,0
69.397616,-11,-18,-15,-2,-1,-4,-5,-3,0
69.399345,3,10,3,-1,-1,0,3,1,0
69.399420,5,-20,-17,-4,-1,-3,-2,-1,0
69.411705,-18,6,3,-1,-1,-1,-1,-3,0
69.411734,13,4,-8,-2,-1,0,-1,0,0
69.421085,3,-21,7,1,1,-1,-3,0,0
69.421105,1,70,4,0,2,1,1,0,0
69.435247,0,-51,2,4,0,0,0,0,0
69.435271,-3,-24,-11,-4,0,0,0,1,0
69.437244,15,30,-4,3,0,-1,-2,-4,0
69.437251,-36,-40,4,-7,-2,-1,0,-1,0
69.457663,18,62,12,2,1,0,-1,-1,0
69.457680,-6,-31,6,1,-1,-1,-1,0,0
69.459272,-2,-4,-9,-3,-1,-1,-1,-2,0
69.459288,-2,-15,-1,1,-1,-1,0,0,0
69.471509,5,-15,-8,-5,-1,-1,-1,1,0
69.471530,-8,16,0,0,-3,-1,-2,-6,0
69.480384,-2,10,-14,-4,-3,-1,-2,-1,0
69.480393,-1,-31,4,5,-1,0,1,0,0
69.495295,-7,13,-12,-7,-1,-2,0,0,0
69.495318,-3,3,9,1,-1,-1,-1,-3,0
69.496876,2,-34,-8,-2,1,-1,-2,-1,0
69.496880,8,-6,-4,-3,-2,-2,-2,-1,0
69.518097,2,-5,-9,-1,-2,0,0,0,0
69.518116,-3,38,-11,-11,-3,-2,1,0,0
69.519271,-7,-87,23,9,5,-2,1,1,0
69.519287,2,59,7,7,2,-1,-1,-1,0
69.540153,16,11,9,-4,-1,-1,-1,0,0
69.540176,-25,-4,1,2,-2,-1,-1,-3,0
69.541774,-9,3,-16,-9,-4,-2,-1,0,0
69.541816,13,-12,-4,1,1,-1,-1,1,0
69.555569,-6,4,2,-1,-2,-1,-1,-4,0
69.555689,5,-44,-12,-5,0,-1,1,2,0
69.557041,6,27,1,-3,-2,-1,-3,-2,0
69.557046,-10,1,12,2,0,0,-1,-3,0
69.579442,16,-8,-3,-1,-2,0,-2,1,0
69.579455,-30,-50,3,2,-2,-1,-1,-1,0
69.579460,-9,55,-17,-2,-3,-1,0,-5,0
69.579464,4,-14,-7,-9,-1,-3,-2,-1,0
69.591356,-7,21,9,6,2,0,-1,-2,0
69.591380,22,-25,-1,3,-1,0,-2,0,0
69.602077,-2,-2,-7,0,0,1,-1,-1,0
69.602084,-9,7,3,-2,-5,-2,0,0,0
69.615603,-3,12,-8,-5,0,-3,-4,-3,0
69.615633,3,-4,-1,3,1,-2,0,-1,0
69.617879,4,15,6,-4,-1,-1,-1,-1,0
69.617896,12,-58,-8,1,-1,0,-2,0,0
69.637755,-22,7,-4,-3,-3,-2,0,-3,0
69.637772,3,17,15,1,1,-1,-2,-2,0
69.639730,1,2,7,1,0,-1,-1,-1,0
69.639736,9,-4,14,4,2,0,1,2,0
69.660494,0,-3,6,-2,-1,-2,-1,0,0
69.660518,-4,-31,-7,-2,-1,0,-3,-1,0
69.661600,8,68,11,0,-3,0,1,1,0
69.661618,0,-2,-17,-10,-5,-2,-2,0,0
69.675156,-2,-14,2,5,-1,-1,-1,-3,0
69.675178,5,26,7,1,0,-1,-1,0,0
69.676778,-5,-38,-12,-7,-4,-1,-2,0,0
69.676863,-3,13,13,7,4,0,-2,-1,0
69.698097,-3,-3,-5,-4,0,-1,0,-1,0
69.698119,3,23,-1,-1,-2,-2,-1,0,0
69.699899,-15,-35,-15,-2,-2,-1,-1,-5,0
69.699914,1,11,-11,-6,-4,-2,-1,-3,0
69.720711,10,-35,1,0,-1,-1,-1,2,0
69.720719,-29,20,4,1,0,-2,-2,-3,0
69.721951,13,-30,-9,-2,-1,-1,-2,0,0
69.721998,-3,-11,-4,-1,3,0,0,2,0
69.735741,0,-7,4,5,0,1,1,-1,0
69.735746,17,48,1,-2,-2,-1,0,3,0
69.736898,-20,-66,-1,5,1,-2,1,0,0
69.736912,11,18,-7,-4,-2,-1,-2,-2,0
69.757711,-13,-14,6,-3,-1,-2,-3,1,0
69.757730,0,-2,-3,-3,-3,0,-1,-2,0
69.759151,-7,11,-7,-2,-2,-2,-1,0,0
69.759163,4,16,3,-5,-2,-1,-1,-1,0
69.780771,4,-11,-24,0,0,-1,-1,-3,0
69.780818,16,25,14,5,2,0,0,-2,0
69.783362,-21,11,-3,-3,-1,-1,-1,-3,0
69.783367,-8,-57,2,-2,-3,-1,1,2,0
69.793891,-3,39,-6,-7,-4,-1,-2,-5,0
69.793915,5,-24,-6,-2,2,-2,-1,0,0
69.803901,1,41,6,-1,-2,-2,-2,1,0
69.803906,9,-4,5,6,0,-1,-1,0,0
69.818410,-7,-2,-9,-7,-5,-2,-1,-1,0
69.818441,10,-28,-5,1,-2,-1,-2,2,0
69.819591,-10,-7,7,-3,1,0,-3,-2,0
69.819619,-7,16,-17,-4,-1,-1,-1,-1,0
69.840163,0,1,3,-1,-1,2,1,-1,0
69.840187,-14,-48,-31,-11,-4,-3,0,-1,0
69.841886,13,87,40,10,4,2,1,2,0
69.841917,-3,22,-7,0,-2,-1,-1,-1,0
69.855027,-9,-55,5,3,1,-3,-3,-2,0
69.856529,11,11,-12,-5,-3,-1,-1,-4,0
69.861422,-12,-32,5,-3,-2,-1,-1,-2,0
69.861444,5,71,16,2,1,1,1,-1,0
69.877599,-4,6,0,-2,-1,1,0,0,0
69.877606,2,10,1,-8,-3,-2,-2,-1,0
69.879142,11,-30,-10,2,0,-1,-1,2,0
69.879159,-3,1,5,1,2,0,0,-1,0
69.900845,3,-11,0,4,-1,-1,-1,-1,0
69.900885,-13,-5,9,3,1,-1,-1,-3,0
69.903639,8,24,-5,-5,-4,-2,0,-3,0
69.903647,-21,-33,-13,-5,-2,-2,-2,-1,0
69.913849,33,3,-10,-2,-1,0,1,1,0
69.913870,17,10,4,-1,-4,-3,-2,-3,0
69.924986,-34,-4,3,-3,0,0,0,-2,0
69.924992,-2,-25,-3,-1,-3,-1,-1,-1,0
69.939842,-11,33,-1,-2,-1,-2,-2,0,0
69.939848,9,-18,23,7,1,1,0,2,0
69.939851,7,45,-14,-7,-4,-1,0,-1,0
69.939852,-1,-1,11,5,3,-2,0,-2,0
69.960148,-5,-18,0,1,0,0,0,2,0
69.960170,-9,10,-4,1,1,2,0,0,0
69.963261,7,-13,6,-3,0,-1,-1,-2,0
69.963268,-8,-21,-5,4,1,-1,-3,-2,0
69.974640,9,19,-4,-7,-3,-1,0,0,0
69.974662,-12,-22,-13,-4,-1,-1,-2,-4,0
69.981382,13,-25,-8,-1,-2,-1,-3,2,0
69.981468,0,18,17,3,-1,-1,-2,-3,0
69.997700,-13,-20,-3,-1,2,-2,0,0,0
69.997778,5,-42,-10,-3,-1,-1,1,1,0
69.999380,1,57,18,4,1,-1,-2,1,0
69.999384,0,-8,-10,-5,-3,-3,1,-1,0
70.020332,-4,41,4,-3,-1,-1,-2,-2,0
70.020362,-12,7,10,5,0,0,-2,0,0
70.022024,0,-29,-7,-1,-2,-2,-1,-2,0
70.022074,-5,-2,-7,-4,-2,1,-1,1,0
70.034598,0,5,-2,-2,-1,0,0,-2,0
70.034640,2,22,-2,-3,-2,-2,-1,0,0
70.041376,2,-26,0,3,2,0,1,3,0
70.041398,-5,-20,-11,-5,-6,-3,-4,-7,0
70.057678,-6,-8,-1,1,1,-2,-3,-1,0
70.057695,-13,49,24,-2,0,-1,-1,-1,0
70.059185,20,-1,5,5,0,1,-1,1,0
70.059203,6,3,-5,-4,-3,0,0,3,0
70.080786,-5,-10,-2,-3,-1,-1,-1,-3,0
70.080790,1,3,-12,-2,-1,-2,-1,-1,0
70.081576,-14,-24,-5,-5,-3,-3,-1,-5,0
70.081583,1,-81,-1,-5,-2,-2,-2,-3,0
70.096881,6,70,-2,4,-1,1,-3,-2,0
70.096888,-13,1,13,7,2,0,0,2,0
70.101783,4,2,-8,-2,0,-1,0,-1,0
70.103228,-7,-30,-10,-2,-1,-1,1,-1,0
70.118078,8,-39,-13,0,-2,0,1,1,0
70.118108,-3,-4,1,-5,-3,-1,-2,0,0
70.120289,38,12,-5,2,0,-2,-3,-2,0
70.120296,-28,22,10,1,2,0,-1,-1,0
70.140351,5,-18,-3,-6,-2,-4,-2,-2,0
70.140375,-2,20,-5,2,-1,-2,0,-2,0
70.142179,7,-10,-11,-5,-4,-3,-1,-1,0
70.142186,11,26,-10,0,1,0,-1,0,0
70.154117,-3,-16,10,2,0,-2,-2,0,0
70.154148,-7,12,-5,-4,-1,-1,-2,-4,0
70.164624,-1,-47,-6,-2,0,-1,1,3,0
70.164628,1,28,9,3,1,0,1,-1,0
72.181859,-19,-72,-5,4,4,-14,5,55,2
72.182074,44,79,-16,-2,2,4,12,48,2
72.190088,-1,48,18,-5,-10,48,6,15,2
72.190158,99,-22,-22,-13,-22,-75,-50,1,2
72.203019,-107,-10,0,5,3,-78,-10,-25,2
72.203039,-37,-25,11,-1,3,62,49,38,2
72.204569,15,127,13,8,7,-22,3,8,2
72.204574,-6,-19,-11,-8,-16,38,13,-7,2
72.225216,-6,-23,0,-5,-5,-6,3,74,2
72.225240,66,43,-1,7,-2,-28,-21,-89,2
72.226979,41,-48,19,6,3,-32,-3,100,2
72.226989,-81,25,-2,3,8,40,29,-19,2
72.238851,21,-23,-12,-1,-6,-10,-16,-39,2
72.238867,-33,85,10,3,3,48,16,39,2
72.250181,-3,-15,47,1,2,-36,-24,-7,2
72.250191,111,18,-11,1,-12,-71,-20,-12,2
72.262957,-76,-50,-57,-10,13,6,10,20,2
72.262975,20,36,17,10,-36,-46,-2,18,2
72.264872,-46,-27,26,1,40,16,-3,-23,2
72.264877,-28,-83,20,9,9,61,45,111,2
72.285363,-61,31,-5,-10,-13,35,-30,-128,2
72.285382,-66,-92,-28,-13,1,-65,-21,84,2
72.287997,50,73,7,3,-15,-12,1,-16,2
72.288022,12,-19,-2,-5,-2,-2,3,19,2
72.298864,17,-31,8,1,3,-34,-11,54,2
72.298889,1,-61,5,-1,8,93,11,-32,2
72.307903,2,34,-28,-8,-15,21,2,11,2
72.307969,48,127,40,9,3,39,-10,63,2
72.323751,39,76,24,5,33,8,41,-22,2
72.323763,-24,-99,-54,-12,-1,-69,-50,-55,2
72.324412,79,13,-3,-3,0,26,9,1,2
72.324462,-69,-47,-10,-5,-8,-26,-15,-54,2
72.345196,36,-54,-6,-3,-31,8,1,47,2
72.345225,41,-46,23,3,-3,19,4,-39,2
72.346886,-110,-80,-35,-2,95,47,3,-32,2
72.346921,-76,-109,-66,-21,-19,-51,-17,-40,2
72.358956,-43,127,35,-3,-2,1,-2,-58,2
72.358984,56,-72,7,-5,-13,-2,11,38,2
72.368832,43,-128,-26,-2,-39,-27,-2,1,2
72.368849,99,120,33,10,14,4,9,45,2
72.382961,71,60,-7,2,-7,-41,-9,-38,2
72.382994,-75,92,-3,-4,-22,59,9,-4,2
72.384845,-41,16,-6,4,19,-41,3,11,2
72.384867,-35,-83,-19,1,4,28,-12,-11,2
72.405682,24,-61,19,-2,-21,-23,11,76,2
72.405814,-32,37,-31,7,21,47,-7,-21,2
72.406812,-32,25,8,7,-16,30,-12,-35,2
72.406838,40,110,4,-7,-6,1,11,-27,2
72.427895,32,30,31,7,2,-29,-7,7,2
72.427927,-32,-14,-2,-2,21,20,13,20,2
72.429318,-1,-91,-18,-10,-25,20,11,-24,2
72.429336,96,127,14,-6,-6,8,-9,-27,2
72.442821,-43,-67,-25,3,15,5,-17,-60,2
72.442854,95,60,77,8,-4,-26,10,94,2
72.444333,-45,13,-17,-1,-17,-3,-17,-29,2
72.444373,-17,122,21,5,-2,10,19,70,2
72.465376,58,51,-39,-7,-2,27,-9,-78,2
72.465384,-33,-44,2,-4,24,-22,-15,-47,2
72.473577,-24,50,19,5,0,-24,14,82,2
72.473583,-83,-19,-33,-5,-18,-5,-13,-89,2
72.487976,-48,-62,16,6,-3,20,32,24,2
72.488023,73,21,-7,9,6,-6,-4,22,2
72.490052,50,73,18,-1,-19,-39,-8,-46,2
72.490064,-29,33,-11,4,24,35,12,66,2
72.503110,104,102,31,-2,-11,-12,-16,14,2
72.503148,-106,-90,-36,-14,-22,19,13,-51,2
72.504875,38,66,-3,-3,7,8,0,16,2
72.504892,42,4,15,3,-15,-26,3,-91,2
72.525268,-8,65,21,12,16,12,-27,57,2
72.525290,-42,10,-3,0,-15,0,-6,-18,2
72.526751,-34,-68,-6,-5,-9,-26,1,10,2
72.526770,-75,-38,-39,0,16,40,18,10,2
72.547760,56,56,-3,-2,-20,-41,-31,76,2
72.547788,4,-96,-11,0,30,19,-5,-29,2
72.549565,65,54,4,0,-21,8,-4,-21,2
72.549593,4,21,12,0,29,-15,-13,32,2
72.562739,36,23,-8,-3,-3,19,42,47,2
72.562763,-49,-4,-11,-10,-7,-25,-10,37,2
72.564278,2,-75,-6,-3,-22,-19,-18,-33,2
72.564302,49,-128,7,-1,26,8,2,14,2
72.585318,-16,16,-7,-7,-2,-8,-3,-35,2
72.585342,23,30,-2,-7,2,-3,3,-15,2
72.586816,-51,83,46,20,8,16,7,-3,2
72.586834,79,-67,2,-7,-17,41,-4,47,2
72.607715,-103,-88,-35,-14,0,-31,2,-97,2
72.607726,95,127,11,-2,-7,-15,6,86,2
72.609344,-113,-128,-54,-12,-2,-14,-12,-110,2
72.609375,-18,64,29,7,-14,0,-11,27,2
72.623350,41,70,22,2,9,21,39,-1,2
72.623356,-39,-64,-57,-1,23,22,-21,-6,2
72.629097,-50,-23,-15,-19,-9,-18,-4,33,2
72.629130,0,30,-29,-11,-19,-40,-20,-36,2
72.645299,-55,13,15,14,13,35,23,27,2
72.645326,-23,-64,35,5,-13,-35,-9,-55,2
72.647287,102,-36,-18,-3,11,19,-1,43,2
72.647295,-66,-79,-4,4,-3,5,16,-31,2
72.667828,18,13,-2,-3,-2,4,-16,-4,2
72.667866,29,-38,11,1,1,-6,-1,-19,2
72.669563,0,45,23,9,8,-9,-2,45,2
72.669573,22,69,25,-3,-12,-3,6,-43,2
72.682021,1,-61,-19,-3,-5,-1,-14,-68,2
72.682046,69,79,-16,-5,-5,-16,-6,50,2
72.689077,52,40,11,-1,-14,18,5,17,2
72.689147,-24,-128,-20,-7,22,7,2,55,2
72.705305,-16,87,40,10,-12,-21,-4,-18,2
72.705327,-13,-50,4,-4,-7,11,-6,-76,2
72.706746,-25,-20,4,-3,-1,1,-9,1,2
72.706783,36,120,21,8,-1,-15,-1,-7,2
72.727811,-100,-128,-27,-8,3,61,-3,17,2
72.727836,61,-18,12,8,-15,-42,0,-21,2
72.729240,-44,-46,-20,-18,11,25,-5,8,2
72.729248,-27,2,-11,-4,-22,-31,-3,-56,2
72.742188,39,-128,-12,-1,42,-6,6,-3,2
72.742278,-15,65,-3,6,-4,0,5,21,2
72.748896,11,23,18,10,6,-9,8,9,2
72.748922,-21,41,-58,-9,0,-4,7,54,2
72.765166,11,-44,19,0,-17,10,-42,-98,2
72.765181,31,124,12,-2,8,-27,18,30,2
72.766767,21,95,9,10,9,-9,-2,19,2
72.766798,-25,-13,6,-2,-6,2,-4,-18,2
72.788667,61,-16,-26,2,-6,-4,16,78,2
72.788751,-7,-29,7,1,6,20,-9,-7,2
72.790621,-13,14,-16,-6,-12,-6,-1,51,2
72.790633,30,-6,15,2,4,22,-1,1,2
72.802792,-36,127,33,11,-3,18,-5,5,2
72.802811,87,-68,-11,-3,9,-84,18,1,2
72.811273,-103,-65,-14,4,-2,-9,-1,-9,2
72.811280,37,54,2,1,20,42,2,7,2
72.826250,32,-95,-26,-8,-9,27,-12,-6,2
72.826256,-60,93,-20,0,-3,26,1,8,2
72.826750,25,-50,-15,0,1,-23,-1,-14,2
72.826793,14,-42,38,5,-3,-26,-3,2,2
72.847699,-38,6,-5,-8,-24,-22,-4,-20,2
72.847720,-44,83,-14,-1,23,13,8,7,2
72.849302,127,-37,2,-5,-9,9,-8,60,2
72.849311,21,-47,-20,5,-9,7,-1,-16,2
72.862201,-61,-85,-16,-1,22,-36,-12,-41,2
72.862225,27,18,4,-8,-15,39,2,-32,2
72.868957,12,46,39,10,6,5,4,11,2
72.870188,-35,54,0,2,2,-4,2,12,2
72.885325,51,60,-2,-1,-12,-7,12,41,2
72.885349,-50,31,13,-4,10,26,-10,15,2
72.887513,-59,-17,-19,-2,-7,-7,-3,-29,2
72.887531,105,35,-4,-8,-18,-86,-10,18,2
72.907686,61,27,-6,-3,1,14,7,-11,2
72.907702,-53,-10,6,0,-3,26,-7,-13,2
72.909262,-48,11,30,3,0,12,4,-17,2
72.909272,-20,4,6,3,6,3,-14,-51,2
72.922352,-13,7,0,-8,-4,-30,-7,3,2
72.922374,-60,-81,-9,11,6,19,14,14,2
72.931699,24,-32,-14,-10,0,-7,4,58,2
72.931705,-62,-79,-30,-6,-4,4,-7,-35,2
72.945131,17,124,6,0,2,-9,5,16,2
72.945147,39,-1,50,4,-19,-7,-9,38,2
72.946650,17,-74,-25,-1,-9,-3,4,-34,2
72.946659,27,-38,-13,-5,14,15,-2,29,2
72.968060,92,89,31,-1,-5,2,-3,-8,2
72.968079,-6,8,12,-4,-9,-11,-12,22,2
72.969324,-105,114,-24,1,-6,7,6,-50,2
72.969358,28,-46,1,0,-20,-12,-6,57,2
72.983101,-19,73,-13,-4,13,7,5,-42,2
72.983105,20,-63,-8,-3,-3,3,11,13,2
72.990667,42,81,29,7,5,5,-4,-10,2
72.990671,-51,5,-4,-5,2,52,3,41,2
73.005358,-37,3,-3,2,-1,-27,-6,-19,2
73.005375,-33,-82,-19,-14,-35,-57,-10,50,2
73.007249,1,30,6,0,20,23,4,-40,2
73.007256,-5,-36,14,10,-14,29,30,-59,2
73.030333,94,-104,-8,-1,18,17,-35,127,2
73.030340,-73,16,-13,-5,2,-8,-30,-121,2
73.034483,48,-54,-24,-8,-17,-4,-7,-22,2
73.034515,9,74,-8,-7,-11,-11,17,44,2
73.041922,-70,78,23,1,8,-4,13,-10,2
73.041946,12,6,4,6,4,4,2,21,2
73.053197,27,-77,-17,-8,3,1,-5,11,2
73.053211,-3,107,44,15,10,-14,1,-26,2
73.065460,16,-128,-29,-9,-16,-1,-2,4,2
73.065482,-7,47,-17,-5,-10,8,1,-18,2
73.067227,34,58,8,5,33,-8,-5,-29,2
73.067242,24,-37,5,-2,6,-5,1,14,2
73.088092,-45,18,-1,0,0,3,7,39,2
73.090370,14,-59,15,7,14,91,-2,-32,2
73.090380,-37,-38,-5,-8,-28,-92,8,13,2
73.090382,-59,27,15,-2,-2,-18,-13,-6,2
73.101343,71,63,44,9,4,84,4,-6,2
73.101373,69,-30,-64,-11,10,1,6,6,2
73.111260,-49,64,-6,-3,-13,10,-24,-34,2
73.111266,8,-47,-35,-15,-3,7,-5,-12,2
73.124906,-54,7,15,9,10,-21,4,-23,2
73.124927,42,41,22,2,-1,-7,-3,-7,2
73.131796,34,-33,-8,-4,2,22,-2,14,2
73.131812,2,16,0,0,2,-18,-6,-40,2
73.147773,-52,-34,-7,-4,-13,-27,1,2,2
73.147796,74,80,-20,-15,-8,33,25,65,2
73.149457,59,-64,19,17,5,-21,-49,-93,2
73.149465,-38,5,0,0,1,35,3,35,2
73.161479,-85,-70,-28,-10,-10,-57,16,-47,2
73.161502,-3,36,14,1,-1,4,0,54,2
73.171600,-3,32,11,-1,-11,-37,19,5,2
73.171607,44,-59,-12,0,7,12,-14,-30,2
73.186119,-11,-7,-8,-4,-14,-4,-7,-15,2
73.186127,-18,-54,-19,-5,5,-21,-4,4,2
73.186708,32,101,32,7,10,29,3,7,2
73.186770,-40,-23,5,4,-11,2,6,13,2
73.207865,101,52,-5,2,10,-32,4,37,2
73.207888,-98,-51,-13,-6,-2,21,-7,-22,2
73.209449,35,37,-18,-1,4,25,-6,-3,2
73.209457,12,-51,-5,-5,-2,-10,-3,-8,2
73.221658,40,61,12,6,-2,19,-5,-18,2
73.221732,27,95,43,12,-4,-17,-6,-23,2
73.231373,-29,-72,-25,-15,-8,0,14,44,2
73.231378,-17,24,-1,0,5,-7,-6,-1,2
73.247000,10,-24,-11,-4,-5,-19,-5,17,2
73.247008,-63,0,11,2,4,30,14,46,2
73.247011,-10,-10,-5,-4,3,74,-5,-49,2
73.247012,60,50,14,1,-2,-47,12,25,2
73.267763,-72,70,19,2,0,41,-13,-10,2
73.270020,-1,-88,-26,-7,-4,-45,-3,3,2
73.270027,-20,-68,3,-1,7,37,14,39,2
73.270029,-35,-71,-24,-4,-1,7,-12,-50,2
73.289709,0,-34,6,2,-23,-8,3,36,2
73.289739,13,104,12,4,38,-15,-11,-59,2
73.291033,22,45,-5,-4,4,-7,8,19,2
73.291038,11,49,10,10,2,-75,-14,3,2
73.304517,36,-74,-10,-1,1,43,4,26,2
73.304534,75,-5,2,0,-17,-2,-7,6,2
73.306040,-68,24,-11,-2,-10,-34,7,4,2
73.306045,15,-60,-14,-8,6,15,2,-29,2
73.327029,36,55,-21,-10,-2,1,-12,-7,2
73.327055,8,-68,4,6,-6,-11,-10,-55,2
73.327936,13,30,9,-5,4,-4,1,84,2
73.327961,-87,-13,0,1,-2,21,10,59,2
73.350312,9,1,-4,-5,0,-11,-7,-64,2
73.350355,-2,-62,14,5,6,-7,-7,6,2
73.352937,-57,47,30,8,2,-13,-8,-28,2
73.352944,56,26,4,-5,-25,-17,4,59,2
73.364474,1,-66,-23,-2,47,91,-5,-64,2
73.364496,48,127,0,-7,-28,-92,5,79,2
73.365548,-11,25,25,10,-15,16,-2,-35,2
73.365552,-61,-22,-4,-7,23,19,-3,-28,2
73.387358,26,-21,-14,-12,-22,-23,-2,4,2
73.387373,35,-47,5,16,10,0,-6,4,2
73.387734,-12,-117,-27,-8,2,19,5,-63,2
73.387817,-28,29,0,-3,-10,-23,-7,17,2
73.409693,-24,42,9,6,2,21,32,64,2
73.409709,7,14,-17,-5,4,28,-3,-25,2
73.411150,-35,28,35,6,-2,-29,12,23,2
73.411154,113,36,-10,-7,-18,11,-7,13,2
73.424497,-20,-3,-6,1,36,-34,-12,-56,2
73.424514,-74,-9,-13,-6,-12,2,8,22,2
73.426430,-67,49,-6,5,-13,19,7,9,2
73.426437,80,-1,-5,-11,11,-31,-20,-51,2
73.446955,-33,17,-5,3,-14,-5,5,53,2
73.446977,14,23,15,-2,6,3,-2,22,2
73.449982,35,-15,-46,-8,-2,-4,1,-11,2
73.449988,-29,-39,6,2,-2,14,2,-19,2
73.469554,2,-9,16,6,-9,-21,1,19,2
73.469573,12,13,-7,2,1,12,-3,-3,2
73.470344,-22,6,-10,-8,0,-16,-11,18,2
73.470382,-10,12,14,7,2,33,11,26,2
73.484876,53,-50,-30,-13,-16,4,-22,-61,2
73.484922,-64,-70,14,12,10,63,21,9,2
73.486460,127,108,48,7,15,-32,-9,-29,2
73.486466,-60,-91,-50,-2,8,14,-4,-74,2
73.507028,17,81,-19,-8,-12,-5,-4,108,2
73.507046,-81,37,-9,-9,-9,-35,-19,-100,2
73.508443,14,-81,-16,-5,-5,20,-1,20,2
73.508452,-14,3,10,5,0,21,2,17,2
73.529531,-46,44,26,4,0,-11,7,-19,2
73.529583,61,-18,4,0,-1,-14,2,21,2
73.530198,18,17,-5,-2,1,-2,-5,5,2
73.530240,-32,-6,8,-1,0,-7,-6,-10,2
73.544742,-13,-35,-12,-2,-7,-3,6,-18,2
73.544764,-23,-20,10,-14,-3,-14,-5,-9,2
73.546482,-42,49,49,25,10,10,5,-2,2
73.546486,84,71,-5,-6,-11,16,-15,64,2
73.567244,-84,80,23,7,-6,-34,19,-77,2
73.570066,-22,-44,-14,3,35,16,7,1,2
73.570075,36,-39,-31,-18,-13,-4,4,36,2
73.570078,-4,-11,9,7,10,-10,10,-37,2
73.589650,12,-57,8,5,-4,15,-11,90,2
73.589658,1,54,-7,-4,-14,-6,-6,-28,2
73.590202,44,33,8,1,4,-3,4,18,2
73.590218,-58,18,6,3,-2,0,3,-2,2
73.605905,81,-19,-12,-4,7,-6,-3,23,2
73.606008,-42,-25,-7,-6,-36,-17,-6,-26,2
73.606729,9,23,-30,-19,-12,2,-19,-56,2
73.606742,31,-73,1,5,3,10,4,12,2
73.627737,-63,-34,-19,-1,1,-21,-8,-46,2
73.627767,34,50,41,7,2,5,0,65,2
73.634792,-12,1,-20,-13,-16,-12,-8,-31,2
73.634821,34,20,19,0,-14,-12,-5,-22,2
73.652468,-91,-75,-16,-2,8,21,5,-40,2
73.652478,48,42,1,5,-2,-9,-1,10,2
73.652480,34,-17,5,1,11,6,4,13,2
73.652482,93,91,-11,-6,-14,10,17,22,2
73.664402,-23,-4,-9,-2,-6,-6,-29,-50,2
73.664423,82,20,7,-4,-1,9,-2,-29,2
73.666639,-15,-6,11,5,3,6,-5,2,2
73.666654,-2,107,12,2,-2,-31,1,-4,2
73.699054,5,-6,12,0,0,4,15,49,2
73.699063,-62,-29,-13,-1,0,-2,-8,-16,2
73.699066,-4,85,4,2,-1,-2,3,15,2
73.699132,-23,-35,-3,1,4,15,6,-12,2
73.709656,16,-13,-27,-9,-4,14,-13,9,2
73.709682,-31,16,48,11,-12,-87,-7,26,2
73.710745,59,23,-12,-4,10,27,0,-46,2
73.710769,-20,-21,-3,2,7,59,0,69,2
73.724746,3,33,-5,-2,-7,-7,-1,-47,2
73.724772,-36,14,-29,-11,-5,14,16,1,2
73.725339,-16,-9,7,7,-7,-10,2,37,2
73.725366,-22,-35,3,-5,-11,-30,2,-3,2
73.747195,90,4,4,-5,27,15,-16,14,2
73.747226,29,48,0,7,4,28,1,13,2
73.747868,-31,-128,-21,-5,-6,-9,-3,-7,2
73.747898,-41,32,-9,-1,8,2,0,-13,2
73.769911,17,-48,27,5,-8,-5,8,47,2
73.769945,30,38,-11,-5,0,3,-2,1,2
73.771617,-6,-77,3,3,4,-8,4,-25,2
73.771631,55,-17,2,0,2,-11,-12,-16,2
73.784807,-33,43,1,2,-6,-7,0,18,2
73.784838,22,-7,-13,-10,3,6,-4,-1,2
73.786821,-20,48,-3,9,1,5,2,12,2
73.786845,-32,-48,10,-2,0,-6,-8,-10,2
73.812661,-8,4,-5,-6,1,5,19,-9,2
73.812686,-63,-90,-19,-5,3,10,-16,-36,2
73.812689,82,62,20,2,-13,-2,7,41,2
73.812692,-26,13,-1,-4,7,-8,-11,-10,2
73.829691,38,34,23,11,-1,19,1,-3,2
73.830069,64,22,-14,-8,13,-60,-2,-6,2
73.831091,-83,-77,-6,-5,-19,-6,-6,4,2
73.831120,18,43,0,-1,3,-3,19,17,2
73.844707,-45,39,1,0,-2,31,-4,-12,2
73.845832,28,61,13,5,-20,-11,9,30,2
73.845838,-58,-41,7,4,27,68,-7,-21,2
73.845840,-4,-22,-22,-12,-9,-32,-17,-31,2
73.867227,-55,-2,1,1,-7,-17,14,13,2
73.868588,18,-19,-1,-1,6,31,5,-1,2
73.868598,-21,10,-27,-9,-4,-24,-2,24,2
73.868602,2,2,10,4,-14,13,-5,-1,2
73.889745,49,6,-6,1,14,-2,-7,-1,2
73.889764,-30,81,11,-4,-4,-13,-6,11,2
73.890160,45,-25,0,0,14,11,1,30,2
73.890210,-107,-88,-23,-6,2,1,2,-13,2
73.904758,19,54,14,1,-15,-18,3,0,2
73.906003,19,19,11,1,8,26,15,3,2
73.912338,4,-1,-10,-2,-4,-14,-3,-17,2
73.912401,2,48,6,-1,-2,33,-8,-9,2
73.927307,40,-22,2,-2,0,-15,7,11,2
73.927338,-41,-69,-9,2,0,24,-2,7,2
73.928484,66,33,-5,0,-9,-39,-3,-27,2
73.928490,-51,35,41,3,3,3,-4,15,2
73.949625,8,-11,-14,5,6,7,5,32,2
73.949654,20,-77,-19,-4,-12,51,-6,65,2
73.951591,10,-13,-4,-3,18,-39,-7,-66,2
73.951602,1,37,-18,-4,-14,-10,-13,-25,2
73.964705,43,15,8,2,42,0,6,17,2
73.964732,26,20,14,6,-3,8,7,24,2
73.966219,-21,9,-2,-4,-5,3,0,29,2
73.966225,31,-5,0,4,3,-2,-3,0,2
73.987440,70,0,5,-5,-16,-32,-13,19,2
73.987491,-67,-65,-15,-8,-5,44,3,-87,2
73.988068,-76,-41,-8,-2,-10,24,-1,35,2
73.988112,-47,-5,-12,-4,9,-8,2,-43,2
74.009752,-17,-26,-3,-3,-14,-10,-11,-65,2
74.009778,33,53,1,-4,8,-16,-3,-5,2
74.011610,58,43,9,2,-11,-1,2,14,2
74.011616,5,2,3,2,3,1,4,8,2
74.024064,-29,-18,-4,-1,-1,14,2,10,2
74.024084,4,-1,-9,-3,-4,-16,-5,14,2
74.032325,-7,8,2,-1,2,4,0,-15,2
74.032360,74,89,12,6,-6,-1,-5,1,2
74.047180,-83,-105,-39,-8,-7,-45,-12,-9,2
74.047207,32,-46,-4,0,-5,-7,9,0,2
74.047851,25,10,-18,-10,-10,-8,-2,29,2
74.047879,-26,23,-8,-3,11,-6,0,-15,2
74.077765,-13,12,0,-5,-22,12,-3,-4,2
74.077790,-4,47,16,8,8,-7,-3,5,2
74.078603,-18,-36,-9,-3,8,-3,4,18,2
74.078632,-3,-19,19,4,-15,10,3,8,2
74.083980,-69,58,18,1,1,4,2,0,2
74.084009,-4,-97,-15,-6,8,2,-8,-15,2
74.092902,127,126,27,7,2,45,2,-3,2
74.092914,3,-115,-51,-19,-24,-94,-8,33,2
74.107107,39,67,-3,3,5,50,21,12,2
74.107139,48,15,-2,-5,-12,-13,3,-3,2
74.108485,-38,-21,4,7,9,-7,-7,13,2
74.108493,6,11,14,-1,8,9,-1,-17,2
74.129653,28,-36,20,0,0,-4,-10,3,2
74.129677,-42,28,15,3,-15,-9,-2,-12,2
74.130640,10,-112,-10,-4,-10,-8,-6,19,2
74.130646,30,110,2,12,4,16,5,-32,2
74.143964,-74,-7,6,-8,8,-10,-26,-26,2
74.143990,-82,-62,-57,-18,-5,-1,5,-42,2
74.152393,-10,20,10,6,3,-8,10,46,2
74.152431,15,-16,-23,-7,9,14,-8,-49,2
74.167166,54,-45,-14,0,-7,-5,22,34,2
74.167190,-14,2,9,4,3,0,-19,-54,2
74.168658,-23,18,-9,-19,-10,-9,-1,-30,2
74.168672,13,47,16,14,2,43,-1,35,2
74.190210,-15,-58,-3,0,-6,-48,-8,1,2
74.190250,7,11,5,4,-1,7,21,28,2
74.190252,43,40,3,-3,-5,9,-4,-39,2
74.190358,-10,21,7,1,6,18,-1,-2,2
74.204700,1,-72,2,-4,-5,0,-2,-2,2
74.204709,15,-13,-10,0,13,-6,-8,7,2
74.212278,-6,2,4,4,-11,-14,-5,-54,2
74.212303,1,22,7,-5,-9,-13,1,51,2
74.227133,-78,5,-23,0,21,-22,4,43,2
74.227151,71,3,-2,-1,-16,-25,-9,-33,2
74.228014,4,-15,0,-1,6,16,2,-32,2
74.228019,15,48,-19,-2,4,-10,-1,15,2
74.249583,6,16,3,-4,-8,15,4,30,2
74.249613,-26,25,27,20,14,16,-2,-24,2
74.252073,-35,-4,14,0,-4,-25,-10,-1,2
74.252086,-9,-92,-41,-12,-1,0,-4,1,2
74.263851,50,65,-1,-5,-13,10,6,17,2
74.264986,1,23,3,-2,9,-6,2,-23,2
74.272232,13,50,2,0,-1,-3,-6,29,2
74.272251,11,-82,-3,-5,-15,-3,-3,-16,2
74.287458,1,15,4,11,8,58,4,-16,2
74.287490,31,78,8,-7,-5,-48,6,35,2
74.287928,-26,-40,-6,4,7,12,6,6,2
74.287991,27,9,6,-2,-8,-14,-5,-25,2
74.309600,6,40,-14,-5,-8,8,-4,8,2
74.309629,62,10,-32,1,8,1,-7,-21,2
74.311699,76,11,6,4,-6,-12,-1,8,2
74.311703,-23,-83,2,1,15,32,24,29,2
74.332707,-11,-10,-13,-3,-3,-19,-20,-128,2
74.332719,1,-70,-7,-2,1,12,4,108,2
74.333318,16,51,10,-4,-3,-6,-3,-18,2
74.333326,-3,-14,18,4,6,-2,-6,-3,2
74.349046,12,79,6,4,3,-2,3,13,2
74.349051,15,-75,-6,-8,-12,8,-1,-14,2
74.349053,-28,-49,-4,3,-16,4,-3,2,2
74.349054,-9,44,11,3,43,-6,-5,-42,2
74.369600,15,26,8,-2,0,7,14,-36,2
74.369621,44,19,18,4,-13,3,-3,61,2
74.370592,-66,-10,-21,-5,23,-4,-9,-61,2
74.370597,-36,-7,-7,-1,-15,-10,0,28,2
74.392791,9,5,27,3,11,24,-6,-8,2
74.395459,37,-42,-36,-13,-12,-64,-1,9,2
74.395463,-52,70,55,13,-1,-3,2,-20,2
74.395465,0,61,8,-4,-6,-3,-5,-4,2
74.407036,4,-13,-8,-1,4,2,-7,40,2
74.407059,-23,61,17,2,1,36,4,-1,2
74.408231,17,-16,-27,-8,0,1,6,38,2
74.408243,46,-24,1,-1,-2,-6,-4,-5,2
74.429764,-54,31,12,2,-21,-4,-6,-8,2
74.429869,27,-69,-12,0,36,-38,7,27,2
74.430336,97,50,-9,-12,-6,-4,-21,-36,2
74.430477,-45,-81,-19,-3,-8,35,6,-17,2
74.452778,11,18,2,3,1,27,5,-13,2
74.452818,-70,39,4,1,-32,10,-19,-98,2
74.455089,-12,-121,-10,3,26,2,-1,-14,2
74.455096,55,47,12,-2,-9,-31,5,24,2
74.467974,39,-12,-21,-7,-2,-7,0,32,2
74.468021,-7,41,37,6,4,8,0,26,2
74.468024,-34,-4,-6,3,-9,-9,5,21,2
74.468026,15,32,4,-1,-6,10,0,17,2
74.489718,-10,-102,-23,-3,6,-17,-2,-26,2
74.489722,43,99,28,0,-1,13,-3,28,2
74.490192,-61,-96,-27,-8,-14,-3,-1,-21,2
74.490210,25,-88,-11,0,8,0,-9,17,2
74.512674,-63,-4,-10,-4,-14,-14,0,7,2
74.512697,-80,-35,-5,1,10,3,-7,-18,2
74.514289,102,55,1,0,-3,11,3,20,2
74.514293,-33,36,-4,-4,-2,-5,-5,-5,2
74.526981,21,-12,7,-3,1,-20,-9,-18,2
74.527005,-5,1,-2,-1,0,27,-1,55,2
74.529771,5,-72,1,5,0,62,1,9,2
74.529777,38,5,-6,-6,0,-20,1,-3,2
74.550001,-25,-19,0,-3,-30,-10,2,-6,2
74.550033,-39,60,8,-1,30,-5,-2,-15,2
74.552258,-34,-5,-2,0,3,12,9,22,2
74.552264,-37,48,10,7,0,-12,4,30,2
74.572829,36,10,-1,-9,-12,-69,-7,-8,2
74.572853,-20,-57,-3,4,1,14,-4,-2,2
74.573452,-91,-78,-13,-8,2,-14,-5,1,2
74.573463,-4,-6,-13,-1,-4,-8,-8,-24,2
74.587512,1,49,10,2,12,3,4,3,2
74.589068,25,2,-19,-6,-22,2,-7,-28,2
74.589080,18,54,0,-3,-9,-31,11,36,2
74.589083,-21,-31,8,5,6,7,5,5,2
74.610057,41,-20,-8,1,5,22,-10,1,2
74.610081,-33,-70,4,-1,-1,-13,6,-24,2
74.611170,17,-11,-2,-5,-4,1,0,83,2
74.611174,-7,41,1,-4,-5,8,-1,-48,2
74.632966,-30,-96,-20,-3,8,11,1,3,2
74.632991,-20,10,-5,1,-10,-5,-1,11,2
74.633553,8,78,6,-1,7,-23,-3,5,2
74.633739,-21,-14,2,1,-7,5,1,10,2
74.646956,15,3,5,3,-4,3,-4,-14,2
74.646972,101,14,14,4,15,5,13,26,2
74.647698,-13,61,2,-4,-20,8,-14,1,2
74.647712,68,-71,-21,-11,19,-56,2,35,2
74.669596,7,-21,-4,0,7,42,0,-52,2
74.669616,12,2,4,7,1,6,9,41,2
74.671511,-43,-19,-8,-3,-8,-1,10,-33,2
74.671516,-7,50,14,2,3,33,-6,-11,2
74.692775,14,-32,-21,-3,0,2,2,33,2
74.692783,-8,35,1,-5,-5,-8,-9,-4,2
74.693317,32,24,9,3,4,14,5,-40,2
74.693367,-13,45,-2,-2,-4,4,-11,9,2
74.707037,3,-39,3,-1,0,-10,-3,22,2
74.707043,-14,2,-15,-5,-11,6,-5,14,2
74.707669,-20,15,37,7,7,-15,1,0,2
74.707675,41,5,-2,-1,-5,5,3,-13,2
74.729798,30,6,8,-3,-3,-8,-3,5,2
74.729822,-33,45,0,-4,-37,-40,-6,-43,2
74.731029,-20,-57,-5,4,61,64,-7,23,2
74.731034,-68,-124,-18,-5,-18,-71,11,-32,2
74.754624,60,57,10,-1,7,21,-5,-24,2
74.754651,-12,5,-30,-15,-4,11,12,1,2
74.754653,-100,2,2,3,-15,-20,-10,-14,2
74.754655,75,-13,0,-1,-4,13,-4,38,2
74.767860,-64,-41,5,-4,-7,-9,8,-8,2
74.770520,-22,13,11,2,10,1,0,-24,2
74.770533,72,105,-2,-6,-9,-20,-6,34,2
74.770538,-39,-31,6,-2,2,4,-6,-2,2
74.789469,16,67,6,7,-2,27,5,3,2
74.789487,9,-60,-9,-2,10,-23,1,23,2
74.790219,-24,-31,-16,-4,-16,-47,-3,16,2
74.790247,-18,112,13,-3,-31,-20,-11,-22,2
74.813095,-43,-23,-6,2,32,1,-2,-4,2
74.813125,15,-15,-5,3,2,5,6,-12,2
74.816277,5,-4,4,3,1,11,-2,-13,2
74.816283,49,-20,5,0,6,8,8,16,2
74.827122,27,0,-6,-3,-6,-16,-2,9,2
74.827145,-5,34,17,6,3,17,-6,0,2
74.829451,8,-15,-16,-6,-11,-20,-6,-50,2
74.829458,4,-41,9,0,-3,2,2,24,2
74.849473,-6,37,-13,-3,8,18,-7,-9,2
74.849489,-66,-2,11,1,1,7,-1,1,2
74.850143,46,124,16,8,0,6,1,-2,2
74.850164,-44,-108,-38,-8,3,1,7,7,2
74.872635,56,75,37,13,-5,-9,0,-2,2
74.872659,-22,39,-21,-11,-4,-12,-8,3,2
74.873577,3,7,-1,2,-3,-7,2,-58,2
74.873581,-26,-24,0,-4,-7,26,-10,30,2
74.887289,67,71,-1,0,26,-17,14,6,2
74.889787,-24,-20,-1,0,0,28,8,27,2
74.889798,56,-128,-14,-6,-12,-51,-26,-50,2
74.889800,14,85,12,10,3,12,8,-26,2
74.911216,-46,-83,-4,-8,-20,-3,-4,34,2
74.911221,-25,-40,-9,0,-6,-8,-13,-62,2
74.911223,-39,1,-7,-4,1,-68,13,66,2
74.911225,28,-36,7,3,16,92,3,9,2
74.932662,-15,-31,-8,-5,-15,-30,-9,-22,2
74.932684,45,103,4,-4,1,7,3,-9,2
74.935137,-16,-29,-10,-3,-28,13,-1,-5,2
74.935144,17,2,1,6,31,-4,-5,-21,2
74.946252,-75,69,7,2,32,-4,3,80,2
74.946288,-35,-72,-16,-8,-4,15,-12,-64,2
74.954771,15,21,-4,-5,2,19,9,15,2
74.954797,36,52,1,-2,-10,-20,-4,3,2
74.969565,65,-56,-5,-8,-20,7,-4,5,2
74.969582,-63,-63,-10,4,5,-32,0,17,2
74.971644,-5,27,-5,-6,4,31,-4,-2,2
74.971661,-90,-17,-10,-3,-4,-11,-4,-32,2
74.992572,-23,51,4,-2,-7,-10,-8,-4,2
74.992589,37,-10,2,-4,-7,4,-9,29,2
74.993307,-51,-48,-1,-1,11,5,8,-17,2
74.993326,80,50,6,8,1,0,-2,16,2
75.006360,-21,23,-1,-1,-19,-23,6,-14,2
75.006382,-42,-24,-11,8,15,22,8,27,2
75.014751,68,-31,46,0,-18,8,-7,-16,2
75.014773,62,-55,-18,-5,20,24,2,20,2
75.029527,25,-1,-5,-1,-12,-9,3,17,2
75.029544,-26,9,-6,-5,-9,-7,-5,-31,2
75.030684,15,9,-8,4,8,5,3,15,2
75.030691,-34,13,13,-1,-14,-8,1,-12,2
75.052685,-12,-25,21,4,-2,6,-12,-37,2
75.052707,47,-42,2,-1,-1,-4,-1,-4,2
75.053669,-50,8,-4,3,11,29,2,29,2
75.053702,-52,1,2,-4,-13,-17,-3,9,2
75.066972,111,-3,-10,1,5,9,7,22,2
75.066986,40,-5,1,-1,2,-9,-2,-34,2
75.074608,-27,-8,-15,-8,-23,-11,6,-9,2
75.074630,-4,56,-6,2,36,-3,0,25,2
75.089588,-72,-58,-9,2,1,7,8,1,2
75.089606,51,20,11,5,0,2,1,35,2
75.091561,4,-1,18,4,10,8,-3,-12,2
75.091567,-3,63,-4,-2,-28,-4,4,-34,2
75.113492,43,93,10,-5,13,1,-25,1,2
75.113497,-71,-21,-13,-8,-3,5,11,19,2
75.113499,-11,34,-29,-1,2,0,-2,-25,2
75.113501,10,21,30,4,-4,-3,1,-2,2
75.126676,12,17,1,0,-2,2,-3,-2,2
75.126697,-44,-90,-14,-6,-24,-15,-9,26,2
75.134720,-24,-55,-1,1,36,11,1,-31,2
75.134743,75,64,-7,-6,-10,-10,-10,18,2
75.149889,-43,-22,-9,6,-5,11,6,18,2
75.149918,56,104,24,4,7,-3,11,-13,2
75.152900,66,-57,4,4,-8,-8,5,30,2
75.152911,-30,-13,-7,-2,-20,2,-1,14,2
75.172645,-6,73,24,6,46,5,0,-50,2
75.172661,33,29,11,-13,-5,-9,-11,-2,2
75.173707,8,-16,-32,-11,-10,11,-12,39,2
75.173716,69,-1,9,3,-3,-7,0,-20,2
77.198360,3,-12,-5,1,0,-2,-2,-2,0
77.198632,-3,5,0,-1,-2,-2,-1,0,0
77.200639,0,-33,-9,1,-2,-1,-1,-6,0
77.200705,-2,38,13,1,-1,-1,0,3,0
77.220227,-6,-53,-11,-4,-2,-1,-3,-2,0
77.220260,3,60,-20,-5,-3,-2,-2,0,0
77.222158,-6,-20,7,3,3,0,-1,0,0
77.222202,0,9,-7,2,-1,0,-1,0,0
77.234581,-13,-42,-7,-3,0,1,-1,-1,0
77.234614,1,-11,-5,-1,-2,-1,-2,0,0
77.241347,2,42,0,-4,-3,-2,-1,-1,0
77.241369,-14,-8,6,1,-1,0,-1,1,0
77.258175,14,20,-11,-3,-1,-2,-2,-2,0
77.258193,6,-14,5,0,-2,-1,0,-2,0
77.260699,-36,11,2,1,0,-2,0,3,0
77.260708,33,-34,5,-4,-2,-2,-3,0,0
77.280397,-10,50,-1,2,0,-2,-3,-2,0
77.280405,-5,-52,12,-1,0,1,0,0,0
77.281550,12,43,38,4,-1,2,2,1,0
77.281558,-15,17,-10,2,-1,0,-3,-2,0
77.296394,-9,-10,2,0,-2,0,1,1,0
77.296400,0,-42,-4,0,0,-2,-1,0,0
77.304130,1,-14,-15,-6,-2,-2,-1,-5,0
77.304137,-8,-33,-5,-4,-4,-3,-1,-3,0
77.318048,9,56,22,4,-2,-1,-1,-3,0
77.319444,1,28,1,0,0,-1,1,2,0
77.319450,-13,-54,-17,-7,-2,-2,-1,-3,0
77.319452,22,12,-1,-3,-4,-1,-2,-4,0
77.340186,-3,-19,-10,-3,-1,-1,-2,-4,0
77.340209,-3,19,-5,-2,-2,0,0,0,0
77.341795,6,-7,-10,-2,-2,-1,-1,-1,0
77.341808,-4,49,19,5,2,0,1,0,0
77.355087,-12,-21,-9,-6,-2,0,-2,-2,0
77.357004,2,12,4,3,1,-2,-2,-1,0
77.361630,11,0,10,4,0,-1,-1,0,0
77.361656,-17,19,-4,-2,-1,-2,0,0,0
77.378048,9,-22,-8,-3,-2,-3,0,0,0
77.378068,-6,25,2,-1,0,-1,0,6,0
77.379133,4,-17,-23,-7,-3,-2,-3,-8,0
77.380150,-7,-21,3,5,2,0,0,-1,0
77.400543,3,17,-1,-4,-3,-1,0,-2,0
77.400573,-7,-22,3,0,1,0,1,0,0
77.402974,29,11,-4,-2,-2,-1,-2,6,0
77.402981,7,1,2,-2,-3,-2,-2,-9,0
77.414870,-4,-10,-11,-3,0,1,-1,0,0
77.414892,-5,24,4,-1,-2,-1,-2,-4,0
77.421599,-2,-25,7,3,0,1,1,4,0
77.421622,-4,6,-3,-3,-2,-3,-1,1,0
77.437950,2,1,4,-4,0,0,-1,-2,0
77.437961,-2,6,-9,-4,-1,-1,-2,-6,0
77.439100,4,16,-3,0,0,-2,0,-1,0
77.439114,-21,-2,5,-3,-1,0,-3,0,0
77.459148,-7,-5,7,0,-2,-2,0,-2,0
77.459164,-3,-34,-6,-2,-2,-2,-3,-3,0
77.469959,1,18,3,1,-1,2,1,2,0
77.469972,5,32,7,2,1,0,-2,0,0
77.474571,4,-20,-4,0,1,1,0,1,0
77.474592,-11,10,-6,-1,-1,-1,-1,-5,0
77.481703,4,-46,-7,-2,-1,-2,0,-2,0
77.481736,-1,-8,7,0,-1,1,1,0,0
77.498878,-10,19,4,1,-1,0,-2,-1,0
77.498883,12,15,-9,-2,0,-1,-2,1,0
77.499148,-4,-37,-15,-4,-1,-1,-3,-4,0
77.499154,-5,7,2,1,0,1,1,1,0
77.520436,-2,-16,-1,2,0,-1,0,1,0
77.520486,-3,-6,-3,-2,-3,0,-1,0,0
77.523273,-8,9,-13,-5,-3,0,-3,-2,0
77.523287,2,-2,3,-1,-1,-1,-2,-2,0
77.534915,-3,-8,4,1,-2,-2,0,-2,0
77.535024,-9,-27,-3,-1,-1,-1,0,-2,0
77.541633,15,-34,-1,-7,-2,-1,0,3,0
77.541655,7,-4,-3,1,0,-2,-2,2,0
77.557623,0,60,16,5,1,-1,-3,-1,0
77.557670,1,8,12,1,-1,-2,-1,2,0
77.559174,-17,-11,6,-1,0,0,1,-1,0
77.559182,-5,-28,-14,-5,-3,-1,-1,3,0
77.580152,-12,-33,-9,2,4,-2,-2,0,0
77.580174,18,-5,6,0,-4,-1,0,-3,0
77.581931,8,93,6,0,-1,-2,-2,-1,0
77.581946,-2,5,2,-1,1,-1,-2,-2,0
77.594877,-4,3,-9,-3,-2,-2,-1,-2,0
77.594964,-5,1,2,0,-1,-1,0,-1,0
77.601351,-12,-25,3,3,0,0,-2,0,0
77.601374,0,9,-5,-3,-1,-3,0,-4,0
77.618013,9,-27,2,-5,-5,1,-1,0,0
77.618041,8,15,5,-2,-2,-1,-2,-1,0
77.619375,-5,0,4,-2,-2,-2,0,-3,0
77.619379,-1,16,-4,0,-3,-2,-1,-3,0
77.640173,-13,-97,-11,-4,-1,-2,-2,-2,0
77.640190,19,89,5,-2,-2,1,0,-1,0
77.642015,1,-7,-14,2,1,-1,-1,7,0
77.642037,2,-6,30,8,3,2,1,-5,0
77.654849,9,-7,-5,-3,-3,-2,1,1,0
77.654877,-20,-31,-5,-1,-2,-1,-3,-6,0
77.661440,-6,-11,-9,-5,-4,-3,1,1,0
77.661463,-8,-7,-14,-4,-4,-1,0,3,0
77.677998,5,21,6,-1,-1,0,-2,-5,0
77.679202,-3,-23,-4,-2,-1,-1,-1,0,0
77.679208,-17,27,13,2,-1,-1,-1,-4,0
77.679210,8,-18,-6,2,1,-1,-1,2,0
77.701457,2,30,-3,3,1,-1,-1,2,0
77.701468,0,-17,-13,-4,-1,-4,-1,2,0
77.701758,-6,-25,2,-2,1,1,-1,-6,0
77.701820,-6,0,-10,-3,-4,0,-2,0,0
77.713730,-10,65,-3,0,-2,0,0,-1,0
77.713789,12,-29,-14,-4,-1,-3,-4,1,0
77.723204,4,-34,12,5,0,-1,0,1,0
77.723209,7,32,10,-4,-1,-1,-1,-4,0
77.737753,-3,-13,-2,2,-2,-3,-1,-1,0
77.737769,-9,-9,-5,-6,-2,-1,-2,-3,0
77.743870,2,12,0,2,-1,-2,-1,-1,0
77.743886,0,-24,-14,-6,-3,-1,1,1,0
77.760530,4,-10,2,1,2,-2,-2,-4,0
77.760608,-39,5,0,-1,-4,0,2,1,0
77.762746,1,-4,-4,-1,-1,-1,0,-4,0
77.762755,14,7,-5,0,-2,-3,-1,1,0
77.774131,-5,15,-15,-4,-1,-1,-2,0,0
77.774154,11,-22,18,5,3,0,1,1,0
77.782851,-8,6,-4,-3,-2,0,-2,-1,0
77.782891,-9,-46,-6,-2,-1,-1,-1,-2,0
77.797573,12,56,12,0,-1,-1,-2,-2,0
77.797594,0,-11,-7,2,2,0,0,-1,0
77.799222,-4,-16,-10,-6,-3,-1,-1,4,0
77.799263,1,-10,1,3,1,-1,-2,-3,0
77.820471,-4,-39,-11,-6,-5,0,0,1,0
77.820564,29,11,2,3,1,-1,0,2,0
77.822783,1,7,-4,-1,1,-1,-3,-1,0
77.822792,-6,-11,-3,-2,-2,-1,1,3,0
77.834282,4,2,8,-1,-2,-3,-2,-5,0
77.834314,-10,-2,-7,-3,-2,-1,-1,0,0
77.842902,7,2,-13,-3,-3,-2,-2,0,0
77.842926,5,14,-2,-1,0,-1,-3,-3,0
77.857620,-16,-13,-1,-2,-2,-1,2,5,0
77.857628,-6,-8,-6,-4,-3,-2,-2,-11,0
77.859135,1,-17,14,1,0,1,0,-2,0
77.859145,-23,12,-2,-2,0,-1,0,-4,0
77.880230,3,2,-3,-1,-1,-1,-1,-1,0
77.880252,21,-85,-13,-1,-1,0,-1,6,0
77.881718,-2,61,8,0,-2,-1,-1,-4,0
77.881786,5,23,-6,-3,-3,-2,0,1,0
77.894219,-1,-16,8,1,1,1,-1,-3,0
77.894246,-9,-28,-7,0,-1,-3,-2,-1,0
77.903793,0,11,13,0,2,0,0,-5,0
77.903803,0,-11,-8,-4,-3,-2,-2,1,0
77.917898,3,26,4,-2,-1,-1,-1,-10,0
77.917929,-16,21,8,-1,-1,0,-2,-4,0
77.920348,12,-15,-10,1,0,-2,-1,1,0
77.920362,-16,21,-4,0,0,-1,-1,-1,0
77.940125,15,-27,-8,-3,-2,-1,-1,0,0
77.940142,-3,32,8,-1,-2,-1,1,1,0
77.941626,3,1,-3,1,-3,-4,-1,-3,0
77.941641,-1,-9,5,1,-2,0,1,1,0
77.954046,-9,-4,-3,-4,-1,-1,-1,2,0
77.954073,-1,17,-2,1,-2,0,-5,-9,0
77.963806,-7,-48,-6,0,-3,0,1,1,0
77.963810,3,54,8,1,1,-1,-1,-3,0
77.978327,9,-16,0,1,-3,-2,1,6,0
77.980561,-3,2,0,-5,1,-1,-1,0,0
77.980571,10,19,20,5,3,2,1,-1,0
77.980572,-8,-15,3,0,0,0,-2,-5,0
78.000341,8,5,1,3,0,0,0,1,0
78.000371,-12,16,-11,-4,-3,-1,-1,-3,0
78.002009,5,-10,-3,-4,-3,-2,-1,0,0
78.002190,3,15,-15,-4,-3,-1,-1,0,0
78.013772,-12,8,18,1,1,-1,0,-3,0
78.013784,3,25,6,1,0,-1,-1,7,0
78.024480,-11,10,-3,0,-1,1,-1,-4,0
78.024487,30,-10,-2,-2,-2,-2,-1,-1,0
78.037859,-9,-31,-18,-4,-3,-2,0,2,0
78.037877,2,-7,0,-2,-1,1,0,-5,0
78.039358,-13,4,12,4,2,1,-1,0,0
78.039363,-6,-13,0,-4,-3,-1,-2,2,0
78.061724,-7,-4,-12,-2,-2,-1,-2,-2,0
78.061731,9,19,-14,-5,-6,-1,0,1,0
78.061734,6,-7,8,3,1,-2,0,2,0
78.061735,-6,-27,-1,0,-1,-1,0,-5,0
78.074242,0,22,1,0,0,-1,-2,4,0
78.074261,-6,-8,-5,-1,-2,-2,-1,-5,0
78.084509,-12,-5,-15,-6,-1,0,-2,-4,0
78.084516,10,-43,-9,0,0,0,0,2,0
78.097591,3,68,11,1,1,0,-2,-5,0
78.097607,-11,4,11,1,0,-2,-1,5,0
78.099074,14,-9,-14,-6,-2,-3,0,2,0
78.099109,-4,-12,3,0,-2,0,0,-2,0
78.122035,-6,-24,-8,-2,-1,0,-3,-5,0
78.122042,-4,18,13,3,1,-1,0,0,0
78.122116,4,17,-5,-3,-2,-1,-1,-2,0
78.122143,33,3,0,-1,-2,-2,-4,-1,0
78.142939,-50,-42,-5,0,-2,-1,-1,-4,0
78.142961,2,28,5,0,-1,0,0,2,0
78.144520,-13,-33,4,4,2,1,-2,-2,0
78.144525,1,24,3,1,0,-1,0,0,0
78.157717,13,-9,-5,1,-1,-2,-1,-2,0
78.157739,2,-50,-3,1,-2,-1,-1,-3,0
78.159240,0,77,11,-4,-6,-2,0,0,0
78.159255,-8,-18,-4,0,-1,-1,-2,0,0
78.180490,14,-3,2,-2,1,0,-1,6,0
78.180805,-6,-6,1,1,0,-2,-1,-7,0
78.183277,8,-24,-13,-1,-1,-2,-3,2,0
78.183285,-13,21,6,-1,0,0,1,1,0
78.202746,-3,-14,-6,-7,-3,-1,0,-1,0
78.202767,6,12,14,4,1,-1,-2,0,0
78.205363,6,-2,-6,-3,-2,-1,1,-3,0
78.205460,7,9,-3,-2,-2,-2,0,-2,0
78.217851,7,-12,-1,1,-1,-1,-1,-2,0
78.217879,1,-29,-13,-1,0,1,0,7,0
78.219365,-8,32,1,0,0,0,-2,-7,0
78.219373,-14,-5,5,-3,-2,0,0,0,0
78.240381,4,-1,0,-5,-3,-2,-1,-4,0
78.240403,3,-15,-3,2,3,-2,-2,0,0
78.242846,-9,-24,-7,0,-1,0,0,0,0
78.242851,-4,6,-5,-2,-3,0,0,1,0
78.262603,16,-37,1,0,-2,-1,-2,0,0
78.262625,2,69,17,4,1,-1,-1,-3,0
78.264068,-4,-20,-9,-5,-1,-1,-2,1,0
78.265747,-10,-9,-8,-2,-3,-3,-1,-5,0
78.277330,3,0,6,2,1,-1,1,1,0
78.277346,-3,-33,-11,-3,-2,-2,0,-2,0
78.283953,3,4,2,-1,-1,0,1,0,0
78.283974,-40,12,3,-4,-1,0,-1,-2,0
78.300994,59,35,1,1,0,-1,-3,-2,0
78.301038,14,-16,-12,-4,-3,-1,0,-3,0
78.303089,-4,10,16,0,0,-2,-1,4,0
78.303094,5,-2,1,2,1,2,1,0,0
78.322780,-29,-44,-14,-1,0,-3,-2,2,0
78.322797,-1,57,2,-2,-2,-1,-1,-2,0
78.324190,1,-35,1,-1,-1,-1,0,-3,0
78.324207,3,3,0,-3,0,-4,-1,-3,0
78.337045,-11,-41,0,5,-1,1,-1,-2,0
78.337062,3,12,-10,-3,-4,-1,1,-2,0
78.343973,-10,8,-3,-3,-1,-2,-2,-2,0
78.343995,13,19,0,2,-3,-1,0,-3,0
78.360498,-14,-22,8,0,1,-1,-1,3,0
78.360522,-6,-23,4,1,0,0,-4,-8,0
78.362552,-3,-5,2,2,-1,0,-2,-4,0
78.362556,11,39,-3,-1,0,0,-4,-4,0
78.384482,-3,-22,-3,-6,-4,-1,-1,-1,0
78.384488,-17,-16,1,0,-1,0,1,0,0
78.384491,12,-56,-29,-8,-5,-4,-1,-1,0
78.384492,8,49,29,6,2,0,-1,-1,0
78.398968,-8,44,-3,-1,1,1,0,-3,0
78.398974,0,-1,4,-4,-1,-1,-1,3,0
78.403935,-7,-7,-10,-1,-1,-1,-3,-1,0
78.403954,-10,-38,-16,-7,-2,-1,0,-3,0
78.420479,1,17,17,5,0,-1,-1,-2,0
78.420513,-1,-17,-6,-5,-2,0,-1,-1,0
78.422768,0,55,13,0,-2,-1,-2,6,0
78.422773,-9,-49,-4,1,1,-1,-2,-7,0
78.444818,25,13,-1,2,-2,-3,-2,-2,0
78.444822,1,-2,-8,-3,-2,0,0,0,0
78.444824,-6,-20,-5,-4,-1,-1,1,0,0
78.444826,2,8,3,1,0,0,-1,2,0
78.457010,-15,4,-6,-3,-1,0,-1,-1,0
78.457028,-2,-4,-2,1,-1,-2,-2,1,0
78.464279,7,4,-9,-3,-1,-3,0,-2,0
78.464307,-12,-38,11,1,-2,0,-1,3,0
78.480390,-8,24,4,-2,0,-1,0,-3,0
78.480412,7,13,0,0,0,-1,-2,1,0
78.482068,-5,-10,-5,2,-1,0,0,-2,0
78.482077,2,5,-19,-10,-6,-2,-1,1,0
78.502663,-4,-16,4,-1,-2,-2,-1,-1,0
78.502681,9,-5,12,3,0,0,-3,-7,0
78.504978,4,22,6,1,0,0,-1,-3,0
78.504986,-2,-35,-7,-2,-1,-1,-3,-4,0
78.517180,-2,30,-4,-5,-4,-2,2,-2,0
78.517203,-8,-25,-3,-2,1,-2,0,0,0
78.523799,-5,53,8,2,2,-1,-3,-2,0
78.523815,-4,-17,2,1,-2,-2,-2,0,0
78.540144,0,0,-14,-2,0,-1,-2,0,0
78.540163,3,-9,-3,-3,-2,1,-1,3,0
78.541644,-3,-32,10,0,0,1,0,-3,0
78.541666,-8,23,-10,-7,0,0,2,6,0
78.562757,4,4,-4,-3,-2,-1,-3,-2,0
78.562775,-10,11,6,2,-3,-2,-1,0,0
78.564266,19,3,-5,-5,-2,-2,0,-2,0
78.564270,7,8,11,5,0,0,-2,2,0
78.577267,-11,14,3,3,-1,-2,-3,-5,0
78.579355,13,5,-12,-5,-4,-4,-1,-2,0
78.583904,-4,-27,10,1,-2,0,0,0,0
78.583932,2,-1,-3,0,1,-1,-2,-2,0
78.600285,0,2,-5,-1,-1,-1,0,2,0
78.600312,-26,-54,-9,-2,-1,-1,-1,-4,0
78.601748,9,52,17,4,1,-1,0,1,0
78.601765,-20,-27,-2,2,-1,-2,-2,-1,0
78.622645,2,20,1,-1,1,-3,-1,0,0
78.622671,-1,-6,-12,0,0,0,0,-1,0
78.624128,-3,-17,-5,-3,-1,1,0,2,0
78.624136,-3,-11,1,-1,0,-1,-1,-2,0
78.636494,6,18,-3,-2,-3,0,-1,-4,0
78.636517,10,10,2,1,1,-1,0,3,0
78.646914,-15,-61,-11,-2,-1,-3,-2,-4,0
78.646918,3,41,10,-1,-1,-2,0,1,0
78.660469,-10,-18,-10,-6,-1,0,-3,-5,0
78.660491,19,19,22,6,2,1,1,0,0
78.662539,-5,-8,-12,-3,-4,-2,-3,-2,0
78.662544,-4,-16,-3,3,0,0,0,-3,0
78.682629,12,-13,-1,0,0,-1,0,7,0
78.682650,-6,1,-1,-5,-2,-2,-4,-9,0
78.686054,-18,9,-8,-4,-1,-2,-3,-12,0
78.686059,6,8,1,0,0,-1,-1,0,0
78.696363,-5,-2,4,0,-1,0,1,-1,0
78.696379,2,13,-5,-2,-1,-1,-1,1,0
78.706128,-1,-4,-3,1,-2,-1,0,5,0
78.706176,1,-61,-37,-11,-3,-2,-2,-2,0
78.720444,3,15,46,13,4,1,1,-2,0
78.720479,-16,1,2,-4,-1,-2,-1,-1,0
78.722606,-6,20,-4,-2,-1,-1,1,0,0
78.722621,8,-33,1,-1,-2,-1,0,2,0
78.742830,19,4,-18,-7,-5,-1,1,0,0
78.742847,-3,2,-1,1,-1,-2,-1,2,0
78.745489,-2,-12,5,-1,-1,1,-2,-1,0
78.745494,2,73,-13,1,-4,-2,-2,-4,0
78.756253,-16,27,15,2,-1,0,0,-2,0
78.756269,0,6,5,-1,-1,-1,-1,3,0
78.765662,4,1,-7,-2,-2,0,-1,-1,0
78.765667,-2,-3,-4,-1,-1,0,1,1,0
78.780158,-8,-10,-17,-8,-1,0,0,-2,0
78.780180,7,15,1,3,-1,0,-2,0,0
78.781759,-2,-29,-4,-2,-1,-3,1,0,0
78.781809,12,-9,-5,-3,-2,-2,0,-1,0
78.802675,-10,38,6,1,0,-2,-2,-4,0
78.802688,1,-15,2,-1,1,0,0,-1,0
78.804309,-10,24,6,-1,0,0,-1,2,0
78.804333,8,-6,3,-1,0,-1,-1,-2,0
78.817605,-9,-19,-11,-2,-1,-2,-3,-1,0
78.817627,2,-31,-23,-10,-5,-1,1,-1,0
78.827246,-1,72,65,13,4,0,-3,0,0
78.827253,-11,-18,8,2,2,0,1,1,0
78.840154,0,-12,-15,-5,-3,-2,-2,2,0
78.840171,-9,-8,5,-1,-2,0,0,0,0
78.842047,5,-24,-19,-4,-2,0,-1,1,0
78.842089,2,16,6,-2,-1,-1,-2,-1,0
78.863274,-5,-18,3,3,0,-1,-1,-1,0
78.863278,-2,17,-7,-4,-2,-3,-1,-3,0
78.864044,1,-14,-17,-6,-2,-2,0,-5,0
78.864052,0,20,18,6,0,-1,0,-1,0
78.877842,5,-8,-5,-2,1,1,1,2,0
78.877849,-7,-2,3,3,0,-1,-1,-3,0
78.886087,1,-5,-18,-2,-2,-2,0,-5,0
78.886093,-3,-11,10,-1,-2,-2,-3,-3,0
78.900622,0,-17,-7,-4,-3,0,-1,2,0
78.900653,3,14,5,2,-2,0,0,0,0
78.903188,-13,-39,-49,-14,-6,-2,0,-1,0
78.903193,7,25,37,20,9,1,-2,-4,0
78.924115,2,-31,-3,-1,-2,-1,-1,3,0
78.924121,8,38,7,-1,1,-2,-3,-8,0
78.924267,-1,-20,-16,-4,-3,-2,-1,4,0
78.924273,-17,-27,-18,-10,-4,-1,-1,1,0
78.936449,8,14,0,-1,-2,-1,-2,-2,0
78.936467,-10,-12,-3,-2,2,0,-1,-2,0
78.946180,-2,-66,-9,-6,-4,-1,0,-1,0
78.946188,11,58,25,6,2,0,2,1,0
78.960185,-10,0,11,3,-1,-2,-2,-4,0
78.960208,2,-1,-6,-1,-1,0,-1,6,0
78.963240,8,17,13,7,3,1,-1,-5,0
78.963247,-6,-6,-13,-6,-3,-2,-1,-1,0
78.983114,0,-6,-14,-4,-2,-1,-1,-4,0
78.983143,1,-3,5,-3,-2,-1,1,1,0
78.985769,3,20,10,3,-1,-2,-2,2,0
78.985778,-4,-16,-9,-6,-3,0,-1,-3,0
78.996304,-3,-7,0,1,1,-2,1,0,0
78.996321,-8,-2,-10,-5,-3,-2,-1,-2,0
79.005772,-9,-8,15,5,2,0,-2,0,0
79.005778,5,29,6,3,0,-1,-1,-2,0
79.020200,14,-58,-4,-1,-3,-1,0,1,0
79.020212,-7,47,-9,-6,-4,-1,1,-1,0
79.022057,2,16,20,4,1,0,-3,-5,0
79.022103,-9,-9,-14,-3,-1,-1,-1,0,0
79.043016,-8,9,-2,-2,-2,0,-1,-2,0
79.043037,5,-32,-1,2,-1,-1,-2,-1,0
79.045563,-1,9,-6,-4,-3,-2,0,2,0
79.045574,1,-6,-7,-4,-3,0,-2,-3,0
79.056242,-3,20,1,-4,0,0,-1,-3,0
79.056258,-7,-12,-1,-2,-2,-1,-3,-1,0
79.066077,9,32,11,3,0,1,-1,-6,0
79.066086,4,-15,-30,-4,-2,-2,-1,8,0
79.082547,-11,7,28,6,0,-1,-1,-4,0
79.082552,-7,-26,1,2,1,-1,-1,-2,0
79.082554,2,-10,-6,-4,-2,-2,-1,-3,0
79.082556,0,-3,-5,-2,-2,-1,1,-3,0
79.102734,-1,12,-13,0,-2,-2,-2,0,0
79.102759,-6,-8,3,0,2,-1,0,-1,0
79.104960,-2,48,14,0,0,-2,-1,0,0
79.104966,7,28,7,2,-3,-3,0,-2,0
79.132630,-9,-51,-14,-1,-2,-2,-2,-1,0
79.132651,0,54,-1,1,0,1,-1,-2,0
79.134638,10,-32,-2,-2,-1,0,0,0,0
79.134672,6,-7,2,-8,-1,1,-1,1,0
79.140342,-8,3,-7,-3,-2,-1,-2,3,0
79.140363,1,-18,2,3,0,-1,-1,-7,0
79.142961,-3,5,-10,-4,-2,0,1,2,0
79.142971,-9,-17,3,4,-1,-2,0,-2,0
79.162744,-4,-3,-2,-1,-1,0,0,1,0
79.162811,15,-3,2,-1,-1,-1,-2,0,0
79.164078,-8,5,-4,0,0,-1,0,-1,0
79.164089,7,-10,10,3,2,-2,-1,0,0
79.185225,-6,15,-1,-1,0,-2,-2,2,0
79.185252,0,10,1,0,0,-1,-1,0,0
79.187739,13,2,3,-1,-1,-1,-1,-1,0
79.187752,-2,-60,-12,-3,-5,-1,-2,-3,0
79.200922,3,88,15,-3,0,-1,-2,-3,0
79.200948,-17,10,12,2,1,-1,0,0,0
79.203228,27,0,-8,1,0,0,-1,2,0
79.203348,15,6,-10,-6,-3,-1,-4,-5,0
79.222747,6,-17,-5,2,1,0,0,-2,0
79.222763,11,-18,5,-2,-2,-3,0,1,0
79.224209,-16,1,0,3,-1,-2,0,-4,0
79.224226,-5,5,-7,-3,0,-1,0,2,0
79.245225,3,-13,-6,-3,-2,-1,-2,-3,0
79.245246,-1,-9,-6,-4,-2,0,-2,-3,0
79.247458,-1,-16,-7,-2,0,-1,-2,3,0
79.247464,-12,-1,3,-1,1,1,-1,-2,0
79.259457,-1,-10,-6,-3,-3,-2,0,-3,0
79.259479,-5,-13,4,3,0,-2,1,2,0
79.266548,-5,13,5,-1,-2,-3,-1,-3,0
79.266569,-8,12,4,-3,-3,-2,-4,-2,0
79.284933,8,20,-5,2,1,0,0,3,0
79.284939,-7,-107,-5,0,0,0,-1,-6,0
79.284941,0,25,12,2,1,1,-1,-2,0
79.284943,-1,59,8,0,2,-1,0,-1,0
79.305322,-3,-48,-15,-3,0,-1,-1,0,0
79.305338,6,2,0,0,-1,-1,-1,1,0
79.306626,-5,-47,-12,-2,-3,1,-1,2,0
79.306651,-13,-6,-2,-3,-2,-2,-1,0,0
79.319874,3,10,-2,1,-3,-1,-2,-9,0
79.319908,0,22,0,-1,1,1,-2,-1,0
79.326342,-7,-1,-1,-4,-2,-1,-4,-5,0
79.326360,4,3,-1,5,-2,-1,0,5,0
79.343073,-6,-13,-4,-4,-4,0,1,0,0
79.343102,0,6,-5,-3,-3,0,-2,-3,0
79.345558,-10,16,2,0,-1,-3,-1,-2,0
79.345564,-11,-30,-11,-8,-3,-2,-3,-5,0
79.365329,28,-1,-15,3,1,-1,-3,-3,0
79.365351,-1,-29,8,4,2,2,1,-1,0
79.366739,-2,50,-4,-2,0,0,1,2,0
79.368632,4,-41,-3,0,-2,0,-1,-2,0
79.379428,-16,22,8,1,0,-1,0,1,0
79.379450,2,6,-10,-4,-4,-2,-2,-1,0
79.386606,-7,-31,-19,-8,-1,-2,-1,-1,0
79.386637,-3,-13,14,9,5,3,2,6,0
79.410190,1,4,9,0,-1,-1,-1,-6,0
79.410210,5,9,-6,-1,-2,-2,-1,2,0
79.411781,-6,-17,-2,0,-2,-2,0,-2,0
79.411802,-2,24,-8,-5,-2,-1,0,-5,0
79.425136,-6,-38,7,-2,0,0,-1,1,0
79.425153,3,44,9,3,-1,0,0,1,0
79.426651,3,21,-1,-2,0,0,-2,1,0
79.426671,4,6,3,1,-2,-3,0,-2,0
79.439647,-19,-3,-4,-1,-1,0,-1,-2,0
79.439660,-15,-25,-17,-6,-6,-2,-2,0,0
79.446226,3,18,21,6,0,1,1,4,0
79.446249,5,-30,-11,-5,-3,-2,-3,-12,0
79.462710,7,54,18,1,-1,-1,0,1,0
79.462733,-10,-8,2,0,0,-1,0,-1,0
79.464122,-7,-17,-8,-4,-2,-2,-1,-3,0
79.464128,0,-44,-2,-3,-3,-3,0,2,0
79.486613,-3,23,-8,1,0,-3,-1,-1,0
79.486627,1,26,8,1,2,0,-1,-3,0
79.486681,11,9,1,1,-1,-2,-1,2,0
79.486706,4,8,-3,-1,1,-2,-4,-3,0
79.499979,-3,-17,-5,0,0,-1,-2,0,0
79.500008,-1,7,-5,-4,-2,-1,-2,-2,0
79.506361,-1,-16,2,2,1,1,0,1,0
79.506383,-11,3,-8,-4,-2,-1,-2,1,0
79.522847,1,-2,-4,-3,-2,-1,1,-2,0
79.522868,7,29,2,-1,-1,-1,1,-1,0
79.524299,-8,-78,15,3,0,-2,-2,-2,0
79.524316,-2,35,1,-2,-3,1,-2,-1,0
79.545692,11,16,-14,0,0,-1,-1,3,0
79.545721,9,-16,-5,-1,-1,-2,0,5,0
79.548036,3,-23,-6,-1,-1,-1,-3,-7,0
79.548040,-10,26,8,2,0,1,0,0,0
79.559843,8,47,1,-3,-1,0,0,-2,0
79.559872,-2,3,-12,-1,0,-3,-2,2,0
79.566301,-7,0,-1,-5,-1,-1,-2,2,0
79.566325,13,-16,7,6,4,-2,-2,-2,0
79.583091,11,-8,3,-2,-4,-1,-2,1,0
79.583113,-21,7,2,-2,0,-1,0,-4,0
79.584413,3,1,-6,-2,-1,-2,-1,5,0
79.584449,-7,6,-7,-4,-2,-1,-1,-3,0
79.605251,2,-30,-5,-3,-3,-3,0,-1,0
79.606936,3,-5,8,0,-2,-1,-1,-2,0
79.606941,-7,27,-10,-4,-2,-1,-2,-3,0
79.606943,-4,-72,1,2,-1,0,0,0,0
79.618974,-7,15,8,1,1,0,0,4,0
79.618994,-8,12,0,-1,-1,-1,-3,-7,0
79.628598,-6,-8,-11,-4,-3,-2,0,-5,0
79.628605,10,19,-8,0,-1,-2,0,3,0
79.642520,-5,-24,7,-1,2,0,-1,-2,0
79.642529,1,-6,-4,2,-2,-1,-2,-1,0
79.644121,9,7,-3,-6,-2,-1,-2,-5,0
79.644138,-15,-7,-9,-3,-4,-1,0,-1,0
79.665154,-3,-27,5,1,-1,-1,-2,-2,0
79.665175,4,12,6,5,1,1,0,7,0
79.668162,-3,-12,-4,-3,0,-1,-1,-1,0
79.668174,-4,52,-18,-2,-1,0,-1,-1,0
79.678792,-18,-4,10,-3,-2,-2,0,-4,0
79.678807,34,-22,10,-2,0,-3,-1,5,0
79.688311,-7,-3,-3,4,0,-3,-2,-5,0
79.688320,3,0,-2,-4,0,0,-1,1,0
79.703304,-7,-28,-13,-5,-3,-2,-2,-2,0
79.703324,-10,-81,-23,-6,-4,-1,-1,-2,0
79.704315,8,29,40,4,2,0,2,3,0
79.704443,-8,-20,5,3,1,0,-1,0,0
79.725239,13,3,-2,-1,-2,-2,-1,0,0
79.725257,0,-17,-5,-2,0,-2,0,-2,0
79.727170,0,-2,-14,-1,-2,-2,-1,1,0
79.727176,-9,3,7,-5,-4,-1,-1,-6,0
79.738818,6,7,5,-1,3,1,-3,-2,0
79.738835,-8,26,8,2,0,0,-2,-5,0
79.749364,5,-13,8,1,0,0,0,2,0
79.749369,-4,34,18,0,0,-3,-2,2,0
79.765477,-31,-21,-10,-2,-3,-3,-1,-8,0
79.765481,16,29,-4,0,-1,-2,-1,-3,0
79.765484,-7,-4,0,-3,-3,-1,0,-2,0
79.765485,8,-76,-8,0,0,-1,0,1,0
79.785381,-5,42,9,-1,1,1,0,0,0
79.785407,-13,-53,-5,-2,-1,-3,-2,-3,0
79.787259,-4,72,-6,-3,-1,0,1,0,0
79.787270,5,-39,17,3,1,-1,-3,-4,0
79.798727,8,-5,-13,-1,-1,-2,-3,2,0
79.798749,-8,-9,18,-3,-1,0,0,-4,0
79.809535,6,0,-10,1,1,-1,-3,-1,0
79.809540,-1,18,-4,-5,0,0,0,2,0
79.822677,-4,-13,-4,-1,-1,0,1,4,0
79.822693,-5,22,-5,0,-1,-1,-3,-5,0
79.824351,-4,-22,-4,1,-3,-3,-3,1,0
79.824356,2,35,0,-2,0,-2,1,-1,0
79.845160,2,-31,-4,1,-2,-1,1,-3,0
79.845182,2,37,1,-3,-2,-1,0,6,0
79.846540,-16,-18,1,1,0,-1,-2,-6,0
79.846553,19,13,-7,-7,-1,-2,-1,-2,0
79.858795,1,1,3,0,-3,-1,-3,-3,0
79.858812,-3,-14,-2,1,-1,-1,2,2,0
79.870220,4,-39,-12,0,0,-1,-1,-1,0
79.870229,-9,-46,-23,-3,-3,-3,-2,2,0
79.882917,-4,37,37,1,0,1,-1,-1,0
79.882946,10,26,-6,-2,0,-1,-3,3,0
79.885094,-16,-33,1,-1,-1,0,1,-5,0
79.885099,0,-15,-12,-4,-2,-2,-1,-1,0
79.905161,2,-16,-17,-4,-1,-3,-2,-3,0
79.905177,-6,-13,-1,-2,-1,-1,0,2,0
79.906713,14,61,-21,-9,-3,-3,-1,3,0
79.906729,-7,14,26,7,2,1,1,-2,0
79.920321,2,-4,-3,2,0,-2,-2,1,0
79.920335,-15,14,-1,-1,1,0,0,-2,0
79.929001,21,13,12,-1,-1,0,-1,-1,0
79.929006,2,-16,-1,-1,-3,-1,-2,-1,0
79.943545,3,26,-5,-3,-1,0,0,1,0
79.943574,-14,-30,-12,-2,-3,-1,-1,-3,0
79.946180,-7,-4,-3,-3,-1,-1,0,4,0
79.946185,10,37,10,5,0,-1,-4,-3,0
79.967439,-7,-93,-9,-4,-3,0,0,2,0
79.967455,10,46,5,3,2,0,-2,0,0
79.967458,-13,7,9,2,1,-1,-1,-3,0
79.967459,7,17,-1,0,0,1,0,0,0
79.979300,-6,-21,-15,2,0,-2,-3,-1,0
79.979334,3,21,3,-4,-2,0,1,-3,0
79.989866,0,-19,-6,-5,-2,-1,-1,1,0
79.989872,-4,-5,-11,2,-1,-3,0,1,0
80.002730,-7,5,21,2,0,-1,-3,-3,0
80.002761,9,-3,-5,-4,-2,0,0,0,0
80.004459,-2,8,2,6,0,0,-2,0,0
80.004470,-5,-18,-4,-2,-2,-1,-1,-1,0
80.025303,6,44,-7,-3,-2,-4,1,-1,0
80.025320,2,2,-1,1,0,-1,-4,-1,0
80.027753,-6,-84,-11,-3,-1,-2,-2,-3,0
80.027759,-5,48,6,0,0,-1,0,-2,0
80.048097,2,-6,-4,-1,-2,1,0,2,0
80.048125,-1,-11,-4,-2,-2,-3,-3,-2,0
80.049170,12,-10,-8,0,-1,-1,0,-2,0
80.049185,-6,-18,-5,-2,-1,1,-2,-1,0
80.061851,-2,-9,-6,-5,-3,0,0,5,0
80.061869,4,16,10,4,1,1,-2,5,0
80.071248,9,31,10,2,-2,-1,-1,-1,0
80.071254,18,-1,-5,-7,-1,-3,-4,-10,0
80.085217,-2,16,-3,1,0,0,-1,-1,0
80.085243,-5,-38,-4,-2,-3,-1,-1,-7,0
80.086936,-12,24,6,-2,-2,-3,-2,-1,0
80.086970,-8,-46,-22,-3,-3,0,0,3,0
80.107611,-1,34,30,9,3,0,0,0,0
80.107619,-2,-11,-8,-1,-1,-2,0,0,0
80.109084,-4,14,-1,-1,-2,0,-2,-2,0
80.109101,0,-21,-16,-6,-1,-1,-1,3,0
80.123011,-1,-12,-14,-5,-2,-1,-3,-2,0
80.123016,-6,30,9,1,-2,-1,-2,-1,0
80.124184,0,-14,-11,2,-1,0,-1,-3,0
80.124202,-4,18,12,2,-2,-1,0,1,0
80.145143,0,-48,-14,-3,-2,-1,-1,-2,0
80.145161,0,54,32,4,2,0,1,-2,0
80.146613,8,-19,-11,-4,1,-1,-2,-3,0
80.146622,-18,7,10,2,-1,-1,1,1,0
80.170022,11,18,11,1,-1,-1,-2,5,0
80.170027,-9,-25,-9,-2,-3,-2,-5,-14,0
80.170030,-4,-5,-3,-3,0,1,1,4,0
80.170031,-5,9,8,-1,-2,0,-1,-2,0
80.182525,-4,-50,-19,-7,0,-3,1,2,0
80.182554,4,83,20,1,1,0,-2,0,0
80.189154,-2,4,4,3,0,-1,-1,-1,0
80.189173,-3,12,1,2,-1,-1,0,-3,0
82.206952,39,-35,12,8,18,-5,-17,5,2
82.207299,98,53,-2,-8,-23,11,20,-52,2
82.207762,18,-2,8,-6,40,-5,14,59,2
82.207869,61,56,-13,-5,-28,0,-32,-96,2
82.229459,-8,-23,-6,3,18,15,4,60,2
82.229475,77,55,17,5,15,-34,2,-21,2
82.230423,-82,-30,-6,-4,-18,0,12,-39,2
82.230426,75,37,-1,-8,-18,-75,-9,-2,2
82.252268,2,-29,-20,-6,-10,9,-49,16,2
82.252278,-50,-43,7,4,2,23,11,-1,2
82.252616,-43,27,-13,-6,3,-14,-17,23,2
82.252625,-31,-41,14,14,33,45,29,13,2
82.266987,-81,6,0,-2,-21,-5,12,4,2
82.267005,-18,-112,2,4,-7,-20,2,38,2
82.269212,118,73,7,5,-1,22,-6,-49,2
82.269223,-102,-54,9,4,16,0,-18,2,2
82.289481,-15,-36,-10,-11,0,-3,5,-4,2
82.289498,-67,119,-17,5,-1,36,6,0,2
82.291777,-43,-126,25,17,1,-24,0,59,2
82.291783,-87,-112,-30,-15,-4,-1,11,-22,2
82.313481,89,60,20,9,9,31,15,-1,2
82.313485,5,55,-6,-3,-24,-58,-38,27,2
82.313487,17,93,-5,0,8,-1,11,31,2
82.313489,41,-66,34,8,2,-7,-5,-12,2
82.327951,-103,90,15,4,-54,-35,-14,-71,2
82.327957,12,-80,-48,-20,13,127,25,36,2
82.327959,24,-1,-17,-5,-30,-67,-5,-1,2
82.327961,-1,-4,-11,-7,-3,65,2,5,2
82.349561,21,-3,3,3,0,-14,11,14,2
82.349585,-64,70,33,9,2,7,4,-31,2
82.351956,-80,-78,-12,-4,-7,0,-8,-44,2
82.351963,127,69,1,1,1,8,6,86,2
82.371964,-91,-36,-9,-7,-18,-47,-13,-95,2
82.371983,36,21,3,-1,6,-21,-2,-15,2
82.373883,-16,-41,-15,-13,14,38,-1,26,2
82.373887,-18,102,21,22,6,9,19,1,2
82.387262,79,1,-8,-5,10,-11,-34,45,2
82.387301,-46,84,7,-34,-20,-22,15,-27,2
82.389906,9,-2,1,25,13,29,6,-9,2
82.389913,-41,-18,12,8,4,5,-3,0,2
82.410189,38,38,-1,0,-11,8,25,24,2
82.410246,72,-69,-1,7,-9,-14,-26,-47,2
82.410384,-46,-67,4,-1,1,20,7,-8,2
82.410391,-5,-18,-10,-10,-38,-37,16,-7,2
82.431914,-8,-37,-22,9,16,37,7,54,2
82.431931,-3,56,38,10,9,-16,-12,-31,2
82.432840,14,40,-3,-7,-11,-6,2,-6,2
82.432845,10,-5,-1,-8,9,16,-5,23,2
82.446942,-67,-6,-3,-15,-13,-10,22,35,2
82.446964,19,-73,-19,11,45,58,16,33,2
82.448589,-48,6,-3,-3,0,-9,-8,8,2
82.448598,-8,127,-3,-4,-3,-10,-14,-36,2
82.469888,17,-78,-1,-8,0,21,-7,-5,2
82.469912,-49,21,0,-1,-9,-9,6,33,2
82.470278,124,70,14,3,-17,25,5,-23,2
82.470329,-102,5,-13,-11,-8,-48,-17,19,2
82.491896,-50,67,7,3,11,8,-16,-42,2
82.491917,64,-128,-16,-3,5,-37,-3,43,2
82.492904,-21,-25,-25,-35,7,19,-9,-11,2
82.492908,-30,-4,16,13,-15,6,-1,-22,2
82.506658,13,78,16,12,15,-5,7,87,2
82.506680,84,-5,-7,-1,-13,6,8,-11,2
82.515702,34,5,0,-6,-17,-21,-11,12,2
82.515706,-2,-50,-15,-13,11,32,7,19,2
82.530575,-15,0,0,5,1,11,-15,-55,2
82.530580,-69,104,-11,-5,24,22,9,-5,2
82.530582,28,-107,5,4,-47,-61,-10,5,2
82.530584,39,45,-8,-5,0,-5,-9,24,2
82.552056,0,18,14,5,13,19,14,-25,2
82.552082,73,89,-2,-2,-17,-25,-20,35,2
82.553367,-29,-21,5,-2,22,48,0,-24,2
82.553377,77,81,11,12,-23,-7,-14,42,2
82.566412,-55,-64,-30,-10,43,-16,35,-57,2
82.566439,-38,-75,-8,-6,-58,-20,-23,-30,2
82.574508,21,14,6,11,21,6,-3,27,2
82.574531,50,-51,-2,-8,9,25,20,50,2
82.589460,16,20,3,-1,-10,14,-19,6,2
82.589478,-44,-2,11,5,12,-1,7,4,2
82.590540,12,100,18,7,36,-6,-2,-22,2
82.590545,69,-63,-33,-10,-35,-38,-14,4,2
82.611922,28,-69,-10,-4,-17,-15,10,14,2
82.611943,-56,-1,11,2,10,33,15,-7,2
82.612568,-2,110,-3,0,3,-11,-8,60,2
82.612582,54,-24,2,1,16,0,-2,-56,2
82.626265,127,-24,-1,5,18,5,-14,79,2
82.626291,8,5,20,2,-2,45,3,-60,2
82.634873,76,20,17,6,-20,-38,-11,-74,2
82.634907,-101,93,12,12,43,11,11,25,2
82.649434,28,-24,-5,-8,-35,-15,-30,-12,2
82.649456,-117,13,-8,-5,3,-5,25,13,2
82.651991,84,60,-13,3,-23,14,3,11,2
82.651996,-128,-128,-18,-9,2,-17,-11,-92,2
82.672381,127,84,17,-1,-7,-8,0,-13,2
82.672386,73,-7,-12,2,10,-16,-7,24,2
82.672892,27,31,8,2,2,-4,-2,3,2
82.672907,-20,-21,-5,-6,-21,8,15,20,2
82.688150,-70,16,6,-2,-13,4,-9,-14,2
82.688162,-33,-40,-9,-4,-24,-19,-10,-9,2
82.694869,14,18,11,25,77,90,33,2,2
82.696286,69,17,3,3,-8,-42,-60,22,2
82.709620,26,63,-19,-9,-5,12,14,10,2
82.709645,-28,56,6,1,-2,-25,-6,36,2
82.712165,-59,-128,-32,-9,-15,3,40,6,2
82.712261,-21,52,14,0,19,3,3,-25,2
82.731633,-31,24,12,10,-5,-13,1,16,2
82.731657,5,-5,-2,-5,-1,-8,-9,-65,2
82.739542,-10,-28,-25,-11,-26,-16,-21,37,2
82.739565,70,54,33,-18,8,20,17,18,2
82.746660,20,-50,-7,30,-1,36,-10,-50,2
82.746690,29,11,-6,-2,43,-43,7,-6,2
82.754765,15,-34,7,0,-36,-24,-8,46,2
82.754782,-43,3,-28,-12,5,1,19,-31,2
82.769487,17,-85,-19,-12,-12,7,-8,-2,2
82.769509,15,51,10,4,0,8,-17,55,2
82.770340,68,127,5,4,16,-22,9,-15,2
82.770365,92,-66,-5,5,-7,-39,-5,16,2
82.791975,-43,33,15,-2,-9,-27,-8,-3,2
82.791998,-68,-73,-12,-5,3,27,16,-13,2
82.793782,-54,17,4,-9,-15,-14,-16,-32,2
82.793791,61,21,-2,-1,-5,63,-8,50,2
82.806274,-13,-31,-15,-10,43,-65,31,27,2
82.806298,67,33,0,-2,-39,-10,-14,2,2
82.814399,-102,-47,-3,-3,10,13,2,-19,2
82.814422,17,81,12,16,2,-12,-8,72,2
82.829517,31,46,-6,-8,-8,7,-5,-54,2
82.829556,66,-77,-2,4,18,24,12,-35,2
82.830138,-69,-15,-5,2,-13,-19,-21,-18,2
82.830149,73,-33,0,1,22,28,1,-6,2
82.852026,-68,45,42,8,-14,-2,26,40,2
82.852048,107,-26,-20,-12,-10,-24,36,5,2
82.853785,-115,-18,-11,-13,-8,28,-63,-63,2
82.853792,-15,-15,-13,-5,-2,-41,-27,30,2
82.876229,97,48,5,7,8,4,12,29,2
82.876233,-88,62,5,-1,-6,-22,-21,-41,2
82.876235,127,-106,-7,-1,22,40,31,93,2
82.876237,-25,-32,0,4,-38,-5,14,-112,2
82.891069,-101,-78,-12,-8,-8,-4,-28,-93,2
82.891074,-64,77,17,6,5,37,-1,30,2
82.891076,-19,5,11,2,17,-11,3,23,2
82.891078,44,62,-9,-11,-14,44,30,-8,2
82.911980,-47,-34,7,8,13,-24,2,32,2
82.911997,-7,-30,-1,7,-3,-55,-2,-38,2
82.912678,11,100,14,13,27,48,-10,24,2
82.912694,22,83,0,-9,-23,-26,15,-39,2
82.935259,-8,-78,-29,-6,1,43,-11,49,2
82.935293,43,6,15,-1,13,20,2,7,2
82.936487,-17,10,2,0,-6,-32,-7,-26,2
82.936493,-64,36,-17,0,12,-10,-16,3,2
82.950294,23,-44,4,-6,24,29,22,2,2
82.950339,-49,55,-8,-1,-23,-12,-14,8,2
82.953521,25,-45,-20,-6,-19,-12,-24,-30,2
82.953536,-8,-41,-6,0,9,9,6,-2,2
82.971973,10,100,0,-5,-7,-34,-24,12,2
82.971987,19,-121,0,10,21,11,-12,0,2
82.972629,-29,15,2,5,-12,-11,-1,-50,2
82.972676,-110,-21,3,3,19,59,26,66,2
82.995304,118,51,10,1,-23,-59,-30,-59,2
82.995323,52,24,-1,-12,15,23,-9,-5,2
82.997330,-28,-32,-21,-18,-8,14,5,58,2
82.997343,64,15,16,20,13,-41,1,67,2
83.009319,-5,48,-7,-11,-12,67,5,-56,2
83.011089,-29,25,-18,-16,1,41,-2,58,2
83.017037,-5,49,2,6,-46,-21,-31,-73,2
83.017060,-57,-58,-3,-5,-1,-13,-7,-6,2
83.031988,12,31,0,-7,11,2,3,27,2
83.032101,53,5,-3,-3,-15,-1,-4,8,2
83.032549,67,39,3,1,29,3,10,9,2
83.032563,-108,69,15,11,-14,-1,-19,-74,2
83.055378,35,-114,-1,4,9,-59,-11,57,2
83.055404,-43,-5,-13,-1,-3,55,10,8,2
83.057141,-43,-10,10,1,-7,-6,25,11,2
83.057147,50,-31,-12,-10,5,-18,-21,-28,2
83.069522,-25,29,2,1,0,14,10,21,2
83.069555,25,50,11,0,-8,13,8,4,2
83.070974,-14,-62,-4,7,12,-52,1,17,2
83.070980,58,71,8,-9,-12,12,5,-12,2
83.093373,-81,-66,-1,3,21,30,-5,-46,2
83.093378,-11,-37,-3,-6,-33,-84,0,5,2
83.093380,-9,17,-3,-2,-3,55,-22,27,2
83.093381,12,-35,-15,-9,4,-8,8,3,2
83.115578,-20,9,7,4,-9,-9,1,38,2
83.115600,37,20,8,4,15,-12,-3,-9,2
83.117685,-15,56,-9,-9,10,1,22,7,2
83.117699,2,-128,-2,-1,-9,-38,-11,-25,2
83.130284,78,127,21,11,4,73,25,26,2
83.130305,-27,-46,-1,6,6,-26,-7,9,2
83.130310,72,-23,-11,-3,-7,-8,15,61,2
83.131633,-1,-29,-6,8,-7,6,12,-53,2
83.152008,-58,4,-6,-8,9,-2,11,11,2
83.152026,-10,-16,8,3,-12,-14,-11,16,2
83.154193,-11,-47,10,-5,-5,-5,7,-16,2
83.154222,-11,78,12,6,18,11,8,15,2
83.176003,44,-80,-22,-2,-2,-16,-16,22,2
83.176031,-97,-51,-2,0,57,3,-18,-90,2
83.177445,12,15,-4,1,3,2,25,40,2
83.177449,-63,11,-2,-2,-16,-31,-7,-48,2
83.189476,-1,17,-2,-3,-9,-6,-12,-49,2
83.189496,34,85,-3,-5,-9,15,18,51,2
83.190201,48,-3,-11,-5,-8,-11,1,19,2
83.190219,54,12,1,-4,17,14,-4,-11,2
83.212055,-69,51,4,-4,-15,-20,-1,56,2
83.212078,11,17,3,4,3,-12,-12,-38,2
83.213216,-75,50,18,4,-3,74,33,-30,2
83.213311,-73,-61,-33,-12,-10,-46,-35,35,2
83.235778,-57,-8,-6,-6,-4,-9,5,20,2
83.235798,68,68,4,-3,-19,2,5,32,2
83.236473,-10,-88,-12,-3,-3,2,-22,-39,2
83.236489,24,-38,7,4,6,31,2,14,2
83.250321,30,7,5,4,-41,-15,4,-3,2
83.250332,-37,-3,-2,4,19,9,-7,-45,2
83.250334,98,59,8,-1,-3,-13,-1,-19,2
83.250336,-74,84,15,2,-3,-2,-1,80,2
83.272004,82,-50,-20,-17,-15,-10,-32,-46,2
83.272020,-24,-60,-6,14,-15,27,6,54,2
83.273093,-4,75,13,-2,-1,-26,-3,-22,2
83.273098,-21,-102,-20,-8,-17,24,5,-11,2
83.295701,0,96,2,-2,17,6,16,3,2
83.295706,-17,-11,-8,-8,6,16,-7,-6,2
83.296122,5,34,6,5,-5,-4,0,3,2
83.296136,22,15,6,-1,13,-4,4,9,2
83.310804,19,22,19,-5,3,38,9,21,2
83.310808,18,-19,-15,8,7,2,11,-34,2
83.310810,17,-6,-5,-3,-24,-20,-5,2,2
83.310812,27,-6,12,7,12,5,-1,6,2
83.331889,-123,-40,-9,2,-3,11,-2,-4,2
83.331912,64,-24,-6,-19,-15,-1,0,43,2
83.332793,-89,-46,-23,-1,-13,-23,-15,-86,2
83.332865,81,54,-10,-3,22,-18,0,24,2
83.356411,31,-10,6,-1,-15,-11,-7,-26,2
83.356417,-71,-59,-4,-2,-6,-12,-7,45,2
83.356419,73,-6,-5,-1,3,-18,4,-32,2
83.356421,31,12,16,-10,33,25,10,-32,2
83.369561,12,28,4,31,-36,-8,13,-11,2
83.369579,-71,67,18,4,-10,-20,5,-66,2
83.371616,31,-36,-6,-8,-7,-11,-5,64,2
83.371624,16,56,5,3,16,80,-29,-12,2
83.391905,34,-30,-32,-21,-9,-101,5,29,2
83.391927,-4,47,2,0,-4,1,1,-2,2
83.392546,-36,-4,7,5,-4,-1,-8,-34,2
83.392562,18,18,-2,0,-32,-4,10,-10,2
83.415779,-6,1,7,-1,21,18,-1,-44,2
83.415808,31,34,-4,2,-5,-8,-23,26,2
83.418142,-10,-31,3,-2,15,6,32,29,2
83.418148,6,42,6,-2,-15,-22,2,-2,2
83.429448,-89,23,1,-5,11,17,-12,-44,2
83.429469,127,-114,-10,12,-1,-28,-8,42,2
83.430237,-32,12,24,4,7,37,12,8,2
83.430241,-42,12,0,-3,-33,-33,-2,7,2
83.451947,69,31,-9,-4,39,47,18,41,2
83.451968,31,45,6,1,-2,16,13,12,2
83.453035,-27,23,-7,-10,21,-9,-18,-28,2
83.453119,-67,35,4,7,12,-12,3,-27,2
83.475426,13,-83,-5,-2,-15,-19,-17,-1,2
83.475448,-55,-35,-11,-13,-7,5,-2,-42,2
83.477383,59,40,-7,1,-7,16,9,37,2
83.477388,-10,14,2,-6,-8,-1,-5,2,2
83.489208,23,14,4,8,16,41,2,11,2
83.489228,-27,32,-4,-6,-9,-13,-3,-38,2
83.497146,-29,-57,7,12,-4,-18,-30,-49,2
83.497163,-57,-43,-9,-5,-13,-4,22,25,2
83.514317,14,-86,-7,-2,2,13,10,59,2
83.514322,43,-24,-6,-2,12,19,4,-52,2
83.514324,17,70,10,4,-16,-13,-18,5,2
83.514325,-45,-22,-7,-2,-2,2,-4,53,2
83.535451,35,55,14,9,-1,-22,-9,-66,2
83.535474,-16,24,1,-1,27,-13,-3,27,2
83.537268,48,31,-9,-9,-2,-7,5,18,2
83.537274,21,-55,7,10,3,18,3,-41,2
83.549457,58,-32,-9,-11,10,-13,7,58,2
83.549484,-89,-55,-5,-7,-38,-13,-18,-83,2
83.557046,31,21,-12,-3,18,28,6,15,2
83.557069,73,-16,-11,2,-16,-33,-33,-5,2
83.572037,-21,57,35,5,11,-1,22,-32,2
83.572053,24,51,15,-3,-1,-6,5,104,2
83.574146,-113,-1,0,4,2,66,-13,-71,2
83.574152,29,-64,-11,-16,25,-33,47,42,2
83.595308,-33,78,-2,4,-14,-54,-18,-34,2
83.595328,39,-29,-6,3,2,-2,1,13,2
83.595894,10,46,-3,-12,-17,-2,-1,14,2
83.595909,18,16,-12,2,-15,-9,-9,-10,2
83.609130,41,28,25,16,18,28,-7,8,2
83.609187,15,-9,-2,-5,2,3,12,-20,2
83.617364,40,-30,-9,-6,-26,-32,-7,30,2
83.617395,-14,12,8,2,2,4,1,7,2
83.631971,-26,-78,-23,-10,16,-10,-1,-41,2
83.631995,-99,37,3,-2,-38,7,-13,13,2
83.634751,1,-52,0,4,15,-8,19,57,2
83.634766,4,83,1,-5,0,21,-28,-24,2
83.655452,49,-46,-11,-27,-39,-23,-4,-10,2
83.655572,-65,-56,-13,10,30,-18,-1,48,2
83.655937,17,-4,16,-3,40,-9,4,23,2
83.655955,66,14,3,5,-12,17,2,54,2
83.670531,18,65,-2,-5,-5,9,-10,0,2
83.670538,6,43,-4,-6,2,-1,6,-3,2
83.677854,-12,-62,-7,-2,-17,-17,1,-13,2
83.677882,-13,-22,-19,-5,32,0,-1,-18,2
83.691908,33,4,6,1,-13,18,-2,57,2
83.691932,-14,-67,5,2,-4,-6,-6,-99,2
83.692559,22,58,3,7,-6,3,14,48,2
83.694639,-12,-37,3,-3,18,11,6,0,2
83.715221,-120,14,-4,3,5,17,-1,-46,2
83.715243,21,61,-10,-27,-20,-17,-7,-6,2
83.716314,-110,-43,1,18,31,-1,18,-15,2
83.716424,57,19,1,2,-20,18,10,30,2
83.728982,-87,-12,1,7,-10,-9,-8,6,2
83.729004,99,-63,0,-1,-2,11,17,-13,2
83.737076,76,35,-3,-10,-5,-1,-13,39,2
83.737099,4,-9,-5,-3,-13,-18,-5,-53,2
83.751938,26,43,2,4,-7,3,-2,21,2
83.751951,-67,-4,6,4,9,10,-3,21,2
83.752558,-2,8,-12,-7,-20,-13,-7,-6,2
83.752565,-2,-105,-3,8,0,10,-2,-91,2
83.775720,35,24,-3,-9,1,-7,-3,45,2
83.775742,28,27,12,9,13,12,1,-31,2
83.777094,-3,12,-5,-3,2,-11,-9,-46,2
83.777098,-30,0,-5,-8,-7,-11,-1,11,2
83.789182,0,11,5,1,2,21,3,1,2
83.790315,-3,-13,-7,5,-33,-16,-3,11,2
83.797470,-11,-23,-1,-4,42,4,-8,-31,2
83.797493,54,65,9,1,-10,2,-4,0,2
83.812460,86,41,3,6,0,-4,2,89,2
83.812467,-51,-43,-23,1,-8,20,-1,-58,2
83.812469,34,27,25,-8,-13,-34,-31,-13,2
83.812470,-97,34,1,7,17,63,10,50,2
83.835221,32,-3,-8,-10,-21,-80,-5,-45,2
83.835246,22,68,-4,-7,-8,41,-2,51,2
83.836872,18,-41,-10,-1,7,0,-1,-24,2
83.836877,-5,1,2,-4,-10,-22,-11,-10,2
83.858851,-6,-67,-8,-1,5,33,3,-13,2
83.858857,55,31,3,2,14,-4,1,15,2
83.858859,12,-11,-7,-1,-16,-3,5,-24,2
83.858861,15,31,2,6,-4,-17,-4,10,2
83.872006,-22,-8,-17,-4,3,11,0,-26,2
83.872027,27,2,21,14,10,-15,1,14,2
83.873972,2,-25,5,2,-10,11,3,17,2
83.873978,-23,-92,-6,-4,-44,-17,-3,-14,2
83.895388,-30,53,0,-10,26,11,8,-22,2
83.895411,-63,-93,-25,-12,19,-14,-16,31,2
83.896061,68,-30,-16,-1,5,14,-6,3,2
83.896079,16,-57,-4,-4,18,-8,-7,29,2
83.917806,-122,-17,2,13,4,-14,-8,-44,2
83.917831,35,81,12,-8,-47,30,4,-19,2
83.919092,5,46,9,3,-15,-16,-11,-3,2
83.919097,-7,-8,-13,-10,17,30,4,16,2
83.932316,20,-18,-5,-12,-10,-14,3,-5,2
83.932382,12,-30,22,28,25,-10,3,5,2
83.933887,-49,-9,-4,-3,-3,-5,-4,2,2
83.933896,25,42,5,-2,-13,-10,-3,-20,2
83.955573,-18,19,11,6,-1,-7,-7,7,2
83.955642,32,20,-3,-6,-17,-8,-2,-9,2
83.956128,-34,9,5,-3,-32,37,6,5,2
83.956152,110,48,16,4,47,-59,18,4,2
83.977815,-54,-121,-42,-15,-15,-8,-44,-62,2
83.977838,68,7,-3,-2,7,-8,23,-7,2
83.979140,-8,51,-9,-2,5,-2,5,48,2
83.979144,-10,102,9,0,12,14,-2,17,2
83.992084,11,-68,25,13,-41,15,5,21,2
83.992108,11,127,-11,-9,6,-15,-8,-75,2
83.993739,-127,-115,-14,2,-6,-8,-13,-24,2
83.993743,-20,38,-2,2,-4,9,6,-4,2
84.017256,48,6,1,4,15,2,5,19,2
84.017271,-30,-4,4,0,-1,1,1,14,2
84.017273,54,42,3,-1,5,-2,5,6,2
84.017275,-13,-15,-2,0,37,-22,-16,-27,2
84.037894,-11,3,-3,-4,-25,76,18,22,2
84.037913,-18,-12,-3,-3,18,17,-4,-30,2
84.039461,82,40,-9,-2,8,-5,1,-21,2
84.039467,-21,-128,12,-1,-40,38,1,33,2
84.052144,-35,7,1,7,28,-27,6,-32,2
84.052164,32,-9,-5,-5,10,2,6,23,2
84.052734,25,20,3,1,-1,-7,-2,3,2
84.052747,-53,-2,-11,-8,-20,3,-3,-53,2
84.075312,-14,35,1,1,4,6,-3,35,2
84.075341,-1,77,19,6,-3,47,-2,72,2
84.077701,34,-113,-27,-2,-22,-80,-8,-78,2
84.077705,33,52,-3,-4,-15,4,3,15,2
84.098090,-83,10,-8,-3,2,-8,-2,-15,2
84.098120,12,32,-10,-5,11,-23,1,15,2
84.098612,0,122,16,7,1,22,-2,23,2
84.098631,25,-54,-1,0,0,-2,-4,12,2
84.111856,39,28,-30,-7,-9,-59,9,22,2
84.111869,68,70,79,17,6,46,-27,-61,2
84.112544,-78,-66,-41,-17,18,29,5,39,2
84.112560,-90,-14,-6,0,4,-13,4,-27,2
84.135327,59,-2,-4,-1,7,40,1,-36,2
84.135349,15,-9,-15,2,-11,-46,1,34,2
84.137633,16,16,13,0,-4,-7,4,-3,2
84.137640,10,24,-3,-3,-10,3,0,6,2
84.157898,-13,-6,9,3,51,0,-4,24,2
84.157906,8,37,-1,-6,-95,46,-17,-60,2
84.158267,22,-26,8,-3,41,-85,41,-14,2
84.158274,-16,9,-36,-7,2,11,-14,27,2
84.172142,68,111,15,-3,-6,-7,10,-14,2
84.172148,-64,-63,-16,-4,16,-6,1,19,2
84.181711,-2,66,15,7,-5,21,-1,35,2
84.181715,40,7,12,3,-21,-19,0,-30,2
84.195189,27,-27,2,-1,-1,-4,-5,5,2
84.195205,-37,-12,-8,-7,19,-21,6,23,2
84.196991,-17,27,0,-4,-20,22,-8,-8,2
84.196995,-19,-13,1,-4,16,-5,4,2,2
84.219435,70,92,14,10,-14,2,-16,-1,2
84.219442,-124,-105,-15,-5,13,11,15,30,2
84.219444,-35,-103,-44,-19,1,11,-10,-4,2
84.219561,105,77,15,13,14,15,9,39,2
84.231899,-26,-61,-7,-5,1,12,-5,-23,2
84.231921,18,23,-2,0,-2,-17,28,-5,2
84.235159,12,61,17,3,-3,14,-17,11,2
84.235167,-58,-4,0,-6,-4,2,4,-15,2
84.255156,-10,-35,-3,-2,-8,3,1,8,2
84.255178,23,7,0,0,19,-29,-10,1,2
84.255915,-14,-20,8,4,-7,36,7,-7,2
84.255933,11,5,-1,0,-8,-18,-2,-11,2
84.277614,38,79,16,3,-3,0,-1,-5,2
84.277630,-65,-64,-24,-11,3,0,0,45,2
84.278846,109,87,13,15,-1,-10,-7,-31,2
84.278851,-1,-122,-4,0,-7,-11,0,42,2
84.292061,-82,54,-1,-1,-4,-8,-7,-21,2
84.292083,10,35,4,-1,3,-1,-2,25,2
84.293983,1,11,3,-1,-3,2,3,17,2
84.293987,-18,58,4,1,2,4,-1,-4,2
84.315648,8,-20,1,-1,-36,-3,-2,11,2
84.315670,28,-8,-6,-3,3,33,-3,-17,2
84.316736,-5,79,18,0,14,-68,-15,-28,2
84.318312,7,-96,-11,4,-4,3,-19,-39,2
84.338057,-62,13,1,-8,-5,-17,31,29,2
84.339596,105,-38,-19,-15,-2,25,-4,-5,2
84.339601,-43,-25,-14,-7,-8,8,-5,-16,2
84.339603,13,44,1,-4,-11,0,0,2,2
84.351430,15,-14,10,3,24,-16,-7,1,2
84.351450,-16,23,11,11,4,-20,-3,10,2
84.361807,-1,-22,0,-5,-3,21,7,35,2
84.361813,21,32,-5,-8,5,-1,-1,3,2
84.375124,-18,24,-10,0,-2,18,-6,15,2
84.375145,8,-40,-10,0,0,-19,-3,-17,2
84.376867,-16,53,17,-1,-6,19,2,11,2
84.376893,-17,46,4,-10,-6,-10,0,-36,2
84.397810,33,-88,4,26,18,6,1,16,2
84.397835,38,-60,-11,-2,-34,-11,1,-5,2
84.400241,7,-23,-11,-4,37,-7,-1,-17,2
84.400251,-13,31,7,1,7,11,-5,-16,2
84.411378,34,39,-7,-11,-6,2,1,-22,2
84.411401,-39,37,7,5,9,-19,-5,34,2
84.421271,15,-15,0,6,-3,32,14,-13,2
84.421283,-27,-2,2,-1,-9,-2,-1,9,2
84.437389,-2,56,5,5,1,4,-17,-16,2
84.437398,-49,-47,-5,-3,10,-20,6,-18,2
84.437401,-55,-48,-10,-4,-22,-4,-11,56,2
84.437403,-10,6,-6,-8,12,19,34,21,2
84.457621,26,3,-4,4,-1,-6,0,-2,2
84.457637,-65,-15,8,1,15,-8,-4,-17,2
84.459200,12,-4,-6,-7,-16,-2,-19,-29,2
84.459207,54,-10,3,17,-1,-3,1,2,2
84.471335,-12,-69,-11,-8,-3,8,7,-6,2
84.471351,9,86,-4,1,6,-8,2,-3,2
84.481571,-19,-82,-5,-4,-7,-3,0,-7,2
84.481577,-3,19,-3,3,0,0,-2,36,2
84.495508,62,119,29,3,24,2,-2,-32,2
84.495530,-30,-75,-23,-12,8,0,-11,-32,2
84.497348,-46,12,-13,-2,-12,0,2,-12,2
84.497352,-4,16,-1,-4,4,9,1,27,2
84.518026,86,30,-2,-4,-26,12,-5,-36,2
84.519910,-24,32,2,0,24,-45,-2,26,2
84.519931,-6,-19,-2,1,-9,15,-12,-17,2
84.519933,-1,-6,0,0,3,-5,11,-13,2
84.531235,-47,-46,-10,-9,-34,-19,-10,2,2
84.531256,41,53,10,-8,-7,-16,8,-11,2
84.540685,24,9,9,2,6,24,18,16,2
84.540689,-58,-31,4,15,-1,-41,-34,-65,2
84.555355,-1,45,-4,-2,22,40,13,30,2
84.555371,-8,-91,-3,1,-10,5,-6,20,2
84.556796,-26,-2,1,-5,1,-8,15,-10,2
84.556802,36,20,-8,-8,-24,-10,-10,-26,2
84.577811,-65,-46,-8,-4,6,14,6,41,2
84.577828,32,127,24,3,-8,17,-4,15,2
84.579040,2,-39,-22,-6,-8,44,49,1,2
84.579048,-28,67,-5,-4,-5,-20,-13,-3,2
84.592360,-62,-71,-9,-3,-7,-30,-11,-16,2
84.592365,9,51,8,2,-2,16,-4,-19,2
84.601942,-14,98,15,7,-4,-1,3,-14,2
84.601952,89,-62,-5,-13,0,5,1,49,2
84.615401,-6,-64,-12,-1,-3,-1,-4,28,2
84.615431,38,11,5,8,-3,-4,6,-33,2
84.618307,42,49,12,1,10,-39,-24,30,2
84.618312,-51,-6,2,-2,-2,57,-9,-14,2
84.639101,-55,-91,-12,-6,15,-6,18,19,2
84.639108,-25,-3,-12,-2,-26,-21,-6,-31,2
84.639223,118,75,14,6,3,-12,-15,-1,2
84.639230,-101,35,3,3,4,-16,-1,-9,2
84.651454,-7,-1,-1,-6,-14,-9,-1,5,2
84.651479,11,23,-4,-2,12,4,-8,41,2
84.661834,-25,-62,-4,-5,1,12,4,3,2
84.661839,94,-7,-12,3,17,59,-6,11,2
84.675194,-25,-64,11,-7,-39,-70,24,-19,2
84.675210,-30,51,-6,0,-5,-10,-12,19,2
84.676874,-74,117,6,-2,16,0,-20,1,2
84.676879,-10,-65,-10,-4,-5,25,16,38,2
84.697592,55,35,-6,9,9,22,-7,40,2
84.697614,54,15,2,-4,-9,-7,2,-17,2
84.699196,-8,28,7,1,-21,-2,8,13,2
84.699229,-45,-18,-12,-10,13,-51,-33,-46,2
84.711689,41,-32,-10,4,8,38,30,-24,2
84.711719,0,58,5,-1,12,10,2,0,2
84.720641,24,-103,-3,-3,-9,3,-11,-4,2
84.720785,8,1,10,14,-4,-55,6,27,2
84.735310,10,50,1,-7,2,-10,-26,-24,2
84.735333,-14,-31,4,0,-6,3,-7,-1,2
84.736762,37,61,-2,-2,10,2,24,12,2
84.736844,-18,-2,0,-11,-13,1,3,-37,2
84.757571,-7,33,-4,3,7,-5,-22,-5,2
84.757588,-2,-26,-1,2,-3,10,9,7,2
84.759126,-3,18,7,0,1,-16,-19,-26,2
84.759145,34,38,5,0,-2,4,11,17,2
84.780048,-46,-91,-6,-6,5,-2,-6,26,2
84.780059,30,11,-11,1,0,11,7,-34,2
84.781549,-98,-1,-4,-2,0,-21,-3,-17,2
84.781564,53,122,-1,2,36,93,-10,-46,2
84.795223,35,4,-15,-12,-30,-94,17,13,2
84.795232,-74,-92,-1,3,-17,13,-9,-88,2
84.796631,48,-14,-11,11,15,13,-8,26,2
84.796648,8,-2,16,2,-14,-21,16,19,2
84.817898,-27,117,13,2,19,43,-4,-30,2
84.817924,32,-89,-7,-7,-2,-22,-17,28,2
84.819581,-3,8,-7,-6,-11,-15,-2,-3,2
84.819606,-17,-17,1,-2,-11,-16,-5,-8,2
84.841354,39,68,0,5,3,17,-13,35,2
84.841358,-17,11,3,-1,-5,0,12,21,2
84.841637,-72,-111,9,3,11,51,-7,2,2
84.841644,5,-60,-7,-3,-6,-24,5,6,2
84.857617,18,54,5,-3,-2,17,1,2,2
84.857631,-23,0,-3,3,6,1,0,12,2
84.857634,9,-20,-13,-8,-8,-19,-7,-5,2
84.857636,11,5,0,-1,-4,12,5,25,2
84.877868,-83,-67,-2,0,0,-1,-7,-16,2
84.877892,55,61,3,1,-12,8,7,50,2
84.880266,-34,-24,1,2,-2,-10,-8,-51,2
84.880272,87,14,-1,0,-8,-19,-1,4,2
84.900650,-61,-30,-13,0,-7,2,-7,-21,2
84.900685,-10,-14,0,-12,47,4,-3,20,2
84.903447,48,25,-6,2,-1,-4,-2,18,2
84.903454,-88,18,24,10,-9,10,29,-9,2
84.914507,125,55,-2,-3,-4,-51,-39,-39,2
84.914529,48,-51,-4,-1,7,35,6,32,2
84.921683,40,38,-7,-4,-7,11,4,-11,2
84.921712,-30,-21,-10,-7,7,-10,-10,-5,2
84.937743,-21,48,17,6,-4,24,0,-4,2
84.937764,17,101,0,-8,-2,-18,14,8,2
84.939125,-32,-63,-19,6,3,-15,-8,-7,2
84.939146,-46,93,8,-2,-8,8,-5,4,2
84.960597,8,-128,-2,-4,0,-5,6,3,2
84.960631,47,33,3,4,-7,-8,-10,-39,2
84.963068,19,55,11,-3,-2,-1,8,46,2
84.963078,-4,-39,-10,-7,6,-11,-5,-25,2
84.974870,-29,69,26,15,19,90,20,33,2
84.974898,-83,-49,-36,-34,-26,-50,-38,-35,2
84.981663,80,4,-1,3,-13,56,10,12,2
84.981783,-30,0,-7,-1,-1,-91,-12,-36,2
84.998442,36,20,0,-4,5,12,2,10,2
84.998448,-2,14,8,8,2,24,2,8,2
84.999117,-18,18,8,-3,-7,-17,-2,-17,2
84.999125,54,-12,-9,-2,0,14,-6,17,2
85.020444,-8,-8,-2,-6,-1,-5,-4,-2,2
85.020480,72,105,19,11,-9,-5,26,-22,2
85.022518,-86,-115,-3,-8,14,4,10,57,2
85.022526,9,-21,-21,7,2,16,-3,-31,2
85.034808,24,35,-2,0,-17,-33,-9,-27,2
85.034841,-46,-31,-6,4,2,28,-10,-28,2
85.042050,26,51,5,-1,10,-12,0,4,2
85.042074,6,1,5,-5,-1,11,-2,78,2
85.057645,-24,-36,-14,-6,-5,2,6,7,2
85.057668,6,-14,9,10,3,-17,-1,11,2
85.059792,23,109,15,-2,-3,-7,-18,-33,2
85.059798,-98,-121,-19,-5,9,2,4,15,2
85.080098,-8,46,-5,-2,-4,-15,3,-12,2
85.080117,-2,57,3,2,25,10,1,40,2
85.082939,-34,-89,-15,-1,-8,-13,-6,-9,2
85.082945,-8,46,8,-1,-7,7,-1,-33,2
85.094526,20,13,4,5,10,3,-6,26,2
85.094544,-21,-73,-7,-2,-4,2,6,-6,2
85.101451,-20,11,-4,-2,-1,-4,2,-17,2
85.101472,61,81,11,-3,4,25,-10,-8,2
85.117715,-19,-61,5,-1,-19,-64,2,-13,2
85.117742,-56,-23,1,-2,-11,7,-2,25,2
85.119258,-19,73,-6,-5,-7,-12,9,-51,2
85.119333,6,-128,-6,-8,1,2,5,8,2
85.140080,18,-18,0,8,12,15,-15,-12,2
85.140089,3,-7,-5,-3,-19,-33,2,-1,2
85.141587,22,21,7,4,3,-4,5,17,2
85.141608,-1,72,6,1,-5,-5,-2,8,2
85.154673,14,8,-5,-6,18,4,5,-1,2
85.154706,16,-4,5,-1,-10,-1,-16,-32,2
85.161869,50,-42,-4,-2,-6,34,12,21,2
85.161894,-75,56,3,-4,-13,-78,-3,16,2
85.177808,89,-110,-15,2,-26,21,-4,-30,2
85.177825,66,-39,-1,8,13,12,2,19,2
85.179465,-20,16,4,4,-5,-12,-5,-25,2
85.179470,71,33,5,2,-2,26,3,54,2
85.201457,-78,-2,-3,-6,4,-8,-2,8,2
85.201465,45,14,-1,0,5,12,11,-9,2
85.201765,-7,79,1,1,-5,4,-8,-15,2
85.201780,-17,-72,-6,0,0,11,-1,-19,2
87.225221,-1,-1,1,-1,-2,-2,0,0,0
87.225539,-1,-1,-1,-2,1,-2,-1,0,0
87.227494,0,-2,-1,-3,-4,-3,-3,-2,0
87.227542,-2,-2,-1,2,-1,-2,1,-1,0
87.238828,0,-1,-1,0,-1,0,0,-1,0
87.238844,0,0,0,-1,-1,-1,-1,-2,0
87.248072,0,0,0,0,1,-1,0,-1,0
87.248077,-2,-2,0,-2,1,-1,0,-2,0
87.264346,-2,-1,0,-1,1,1,-2,-1,0
87.264351,0,0,0,0,-1,-1,1,1,0
87.264353,-2,0,-3,0,-1,0,-1,0,0
87.264354,0,-2,-1,1,-1,-1,-1,0,0
87.285295,-1,-2,-1,-1,0,-2,-1,-1,0
87.285314,-1,-3,-2,-1,0,-1,0,-1,0
87.287025,-3,-1,0,0,-2,-1,0,0,0
87.287033,-1,-2,-3,-1,-1,-3,-2,-1,0
87.298773,0,0,-3,-1,-2,-1,-3,-1,0
87.298794,-3,-3,-4,-3,-5,-3,-1,-2,0
87.309433,-1,-1,-1,-1,-1,-1,0,-2,0
87.309437,0,0,1,0,-2,-1,-1,-1,0
87.322832,0,-1,0,-1,1,-1,0,-1,0
87.322855,1,-2,-1,-1,0,-1,0,0,0
87.324754,0,-2,-2,-3,-2,-2,-2,-3,0
87.324758,-2,-1,-1,0,-1,-2,-1,-1,0
87.345082,1,0,0,0,-1,0,0,-1,0
87.345103,0,1,-2,1,-1,-1,-2,-2,0
87.346532,0,0,-1,-2,-2,-1,-1,-1,0
87.346540,-2,0,-2,0,0,0,-1,0,0
87.358721,-2,-1,0,-1,-1,-1,-2,0,0
87.358738,-1,-1,0,0,0,-1,0,-1,0
87.369505,-2,-1,-3,0,-1,-1,-1,-1,0
87.369512,-1,0,-2,-2,-2,-1,-2,1,0
87.382781,-1,-1,-1,0,-2,0,0,1,0
87.385116,0,0,-2,-1,-2,0,-1,-1,0
87.385123,-1,-1,1,-1,1,-1,0,0,0
87.385125,-1,-1,-2,-6,-2,-3,-1,-2,0
87.405690,-1,-1,0,4,3,-1,-1,-2,0
87.405697,-1,-2,1,1,-2,0,0,0,0
87.406541,0,0,0,-2,-2,1,-2,0,0
87.406585,-2,-1,-2,-1,0,0,-1,-1,0
87.418884,-2,-1,-1,-4,-2,-1,-2,-1,0
87.418907,-5,-1,1,1,0,-1,-2,-1,0
87.429407,-2,-1,-1,0,0,-1,-2,-1,0
87.429414,0,-2,-1,-1,-3,0,-3,-1,0
87.443060,-1,-1,-3,-1,-3,-3,-1,-1,0
87.443078,0,-1,-1,0,-1,-1,1,-2,0
87.446278,-2,-1,-1,-3,-2,-1,0,0,0
87.446283,-2,-1,0,-1,-1,-2,-2,-3,0
87.465052,0,0,-1,-1,-2,-1,-1,-1,0
87.465075,-1,-1,-1,-2,-1,-2,-1,0,0
87.466705,0,-2,-1,0,0,-2,-1,-1,0
87.466721,-2,0,-2,-1,1,-1,1,0,0
87.478803,-3,-2,-2,-1,-1,-1,-1,-1,0
87.478825,-1,-2,0,-2,0,-1,-2,-1,0
87.489327,0,0,-1,-1,-1,-1,-1,0,0
87.489332,-1,-3,0,1,1,0,2,-2,0
87.502615,-1,-2,-1,-2,0,0,0,0,0
87.502636,0,-1,1,-2,-1,-1,-1,0,0
87.504373,-3,0,-1,-1,-1,-1,-1,0,0
87.504390,-1,-1,0,0,0,-1,-2,0,0
87.525134,0,-1,-1,-3,0,-1,-1,0,0
87.525156,1,-1,-1,-2,-1,-2,0,-2,0
87.526630,-1,-3,0,1,-2,-1,-2,-1,0
87.526644,-1,0,-2,0,-2,-1,-2,-1,0
87.538831,0,0,1,0,1,0,-1,-2,0
87.538847,-2,0,-2,-1,0,-1,-1,0,0
87.547628,-2,-1,-1,-2,0,-1,-1,-1,0
87.547638,-3,-6,-14,-16,-4,0,-1,-3,0
87.563048,2,7,19,30,8,1,4,4,0
87.563053,0,0,0,-1,-1,1,-1,1,0
87.564059,-1,0,1,-2,1,0,0,-1,0
87.564073,-1,-1,-2,0,1,0,2,1,0
87.585292,-3,-4,-8,-9,-5,-4,-3,-3,0
87.585319,-1,0,-3,-3,-2,-1,-2,0,0
87.587229,0,0,-1,2,2,0,1,0,0
87.587243,0,0,2,-2,-2,-3,-3,-2,0
87.608682,-1,-2,-6,-7,-3,-3,-1,-2,0
87.608687,-1,1,1,1,-2,-2,-1,-1,0
87.609176,0,-1,-5,-6,-3,-1,-2,-3,0
87.609186,-2,-1,2,3,0,-2,-1,-1,0
87.622064,-2,-1,-2,-5,-3,-1,-2,0,0
87.622084,-1,-3,-2,-1,1,0,0,0,0
87.629149,0,-1,-1,-1,-2,-1,0,0,0
87.629196,-1,0,4,4,1,0,0,0,0
87.645160,0,-1,-2,-3,-2,0,-1,-1,0
87.645178,0,0,-1,-1,-2,-1,-2,-2,0
87.646698,-1,-1,-1,1,1,-1,-1,0,0
87.646702,-1,-1,1,2,-2,0,-1,0,0
87.667709,-1,-2,-5,-5,-1,0,-3,-1,0
87.667740,-2,-2,-1,0,0,1,1,0,0
87.669401,-2,0,-1,0,-2,-2,0,-2,0
87.669409,-1,0,-1,1,1,-1,0,-1,0
87.681923,-1,-1,0,-1,-1,-2,-1,-2,0
87.681964,-1,0,-2,-2,1,1,-2,-1,0
87.688993,-2,-3,-3,-2,-1,1,-1,0,0
87.689019,0,3,1,1,-2,-1,-1,-1,0
87.705055,-1,-2,-3,-6,-5,-3,-2,-3,0
87.705073,0,1,6,3,1,-1,1,-1,0
87.706639,-1,-1,0,-2,0,-1,-2,-1,0
87.706656,0,1,-1,0,-1,-1,0,-1,0
87.735272,-2,-1,-3,-2,-2,-1,-1,-2,0
87.735311,-3,-2,-3,-2,0,-1,-1,-1,0
87.736868,-3,-2,-2,1,-2,-1,-1,-1,0
87.736948,0,-1,-1,-2,0,0,-1,0,0
87.742273,-1,-1,-4,-3,1,1,0,0,0
87.742298,-1,-1,-3,-1,1,-1,-1,-1,0
87.748908,0,0,0,0,0,-2,0,-2,0
87.748932,-1,-3,-1,1,-1,-2,-1,-1,0
87.765031,-2,-2,-2,0,-1,-1,-3,-1,0
87.765047,0,-1,-3,0,-2,-2,-2,-1,0
87.766787,0,0,-1,-2,-1,-2,-1,0,0
87.766807,0,-1,-2,-3,-1,-1,-1,0,0
87.788270,-1,-1,0,-1,-3,-1,0,-3,0
87.788288,-2,-2,-1,0,-1,-1,-2,-1,0
87.789878,-3,-1,1,0,-1,-1,-2,-2,0
87.789883,-1,-1,-1,-1,-2,0,0,-1,0
87.802051,-1,1,-1,0,0,-2,0,0,0
87.802072,0,0,0,0,-3,-2,1,-1,0
87.809029,-1,-2,0,-1,-2,-1,-1,-1,0
87.809216,-2,0,0,-1,-1,-1,-1,-1,0
87.825183,-1,-3,-2,-2,-1,-1,-1,0,0
87.825191,-1,0,-1,-3,-1,-1,-3,-2,0
87.826595,0,1,0,4,-1,-1,-1,1,0
87.826615,2,-2,-3,-1,0,0,-2,-1,0
87.847694,-1,0,-2,0,0,0,-1,-1,0
87.847723,-1,-1,-2,1,-2,0,-2,-2,0
87.850726,0,0,-2,-3,-1,-1,1,-2,0
87.850742,-1,-2,1,-2,-2,-2,-1,0,0
87.861932,0,-1,-2,-3,0,2,-2,1,0
87.861951,-2,-1,0,-2,0,-1,-1,-2,0
87.868933,0,0,-2,0,-1,0,-2,0,0
87.868957,-1,0,-1,2,-2,0,0,-1,0
87.885218,-1,0,1,-2,-3,-2,0,-2,0
87.885237,-1,-1,-2,-1,-1,0,1,0,0
87.887903,0,-1,0,-1,-1,-1,-1,-1,0
87.887910,-2,-1,0,-1,-1,-1,-1,1,0
87.908160,-1,-1,1,2,-1,0,-3,-2,0
87.908200,1,-2,-1,-2,-1,0,-2,-2,0
87.910440,-3,-2,1,-2,0,-1,1,1,0
87.910444,-2,-1,-2,-1,0,-1,-1,-1,0
87.922532,-2,0,-2,-3,-1,-2,-1,-1,0
87.922654,-1,-3,-3,0,-6,-4,-3,-1,0
87.928941,0,-1,-2,-2,1,0,-1,-1,0
87.930699,-2,-2,-1,-1,-2,-1,-2,-2,0
87.945199,0,-1,0,1,1,0,1,0,0
87.945221,-3,-2,-1,-3,-3,-3,-2,-2,0
87.946608,-2,-3,-1,-3,-3,1,0,-1,0
87.946634,1,-1,0,-1,-1,-2,-2,-1,0
87.967735,-2,-1,-4,-3,0,1,-1,0,0
87.967761,-1,-1,0,1,-1,0,-1,2,0
87.969196,-1,-2,0,0,-1,-2,-2,-1,0
87.969216,-2,0,-1,-1,0,-3,-1,-1,0
87.982018,-1,-1,1,0,-1,-2,-2,0,0
87.982024,0,-2,1,0,0,-1,-1,-1,0
87.988789,-2,1,0,1,-1,0,-3,-1,0
87.988808,0,-1,-2,-2,-2,-1,0,-2,0
88.012889,-1,-2,0,-2,-2,-2,-1,0,0
88.012894,-2,-1,-1,0,-2,-1,0,0,0
88.014060,0,0,-2,-2,-2,-1,-2,0,0
88.014075,-2,-2,-1,-1,0,1,-1,-1,0
88.029315,-3,-1,0,-2,-1,-3,-2,-3,0
88.029319,-1,-2,-3,-3,2,0,0,-1,0
88.029322,-3,0,-1,-1,-2,-1,-1,-1,0
88.029324,-2,-1,-2,-3,-2,0,-2,0,0
88.042309,0,1,-1,-2,-3,-2,-1,-1,0
88.042332,1,1,4,-1,1,1,-2,0,0
88.048995,-1,0,2,6,3,1,1,0,0
88.049015,0,0,0,-1,-3,-1,0,0,0
88.065369,-1,-1,-1,-2,-2,-1,-1,0,0
88.065390,-2,-1,-2,-4,1,-3,0,0,0
88.068513,-1,-2,-3,-5,-1,-1,-1,-2,0
88.068520,-4,1,0,0,0,0,0,-2,0
88.087899,1,-2,-1,-2,0,0,0,0,0
88.087923,1,-1,-2,0,-2,-1,-1,-1,0
88.090034,1,-1,-3,-3,-3,-2,-1,-1,0
88.090038,-1,-1,-2,0,0,-2,0,-1,0
88.101452,-2,-3,-2,-1,-2,0,-2,-1,0
88.101475,-1,-2,0,-1,-1,0,-1,1,0
88.112327,-2,-1,1,-3,-1,-3,-1,-3,0
88.112332,-1,0,-1,-2,-1,0,-1,-1,0
88.125125,-2,0,-1,0,-1,-1,1,-1,0
88.125149,0,-2,-2,-2,-1,-2,-1,0,0
88.126667,-2,-2,0,-1,-2,-1,0,-1,0
88.126690,1,-1,-2,-1,-2,-1,-2,-2,0
88.147601,-1,0,0,-1,-1,-1,0,-1,0
88.147682,-1,-2,-3,-4,-1,0,-1,-2,0
88.149724,1,0,5,3,-2,-3,0,0,0
88.149742,-1,-2,-1,0,-1,-2,-1,0,0
88.161690,-1,0,-1,-2,-1,-1,0,-2,0
88.161723,-2,0,0,1,0,-2,1,-1,0
88.170523,0,-1,-5,-4,-1,0,-3,0,0
88.170529,-2,1,0,-2,-1,1,-2,-1,0
88.186376,-1,-1,0,-1,-3,0,0,0,0
88.186387,-1,0,-2,-2,-2,0,-2,-3,0
88.186839,-1,-1,-2,-1,-1,0,-1,-2,0
88.186865,-1,-1,-1,0,0,-2,0,-1,0
88.207809,-1,-1,-1,-1,0,1,-2,-2,0
88.207831,0,-1,1,1,-1,-1,-2,-1,0
88.209611,-2,-1,-2,-1,-3,-2,0,0,0
88.209615,0,-2,0,-2,1,0,-1,-1,0
88.221432,1,0,-2,-2,-3,-3,0,-1,0
88.221449,0,-1,-1,-1,0,-2,0,-1,0
88.231666,-2,-2,-1,0,0,-1,-2,-1,0
88.231730,0,0,0,-2,-2,0,-1,-1,0
88.245780,-1,-1,1,0,-2,-1,1,-2,0
88.245808,-1,0,-2,-1,-2,1,0,-1,0
88.247447,-1,-3,-3,-2,-2,-1,-1,-2,0
88.247451,0,-1,1,1,-1,-2,0,1,0
88.268072,-2,0,-1,1,1,0,-2,0,0
88.268114,-1,0,-2,1,0,-2,-1,-2,0
88.269953,-1,-2,-2,-2,0,-1,0,0,0
88.269963,-3,-3,-4,-1,-2,-2,-1,-2,0
88.281212,-1,-1,0,0,-1,0,0,-1,0
88.281230,0,-4,0,-3,-1,-1,-2,-1,0
88.290823,-1,-1,0,-1,-1,0,-1,0,0
88.290831,-2,-1,-2,-1,0,-2,-1,-2,0
88.305150,-1,-1,-2,0,-1,-2,-1,1,0
88.305167,-2,-1,-3,-1,0,0,0,-2,0
88.306612,1,-1,-1,-2,-2,1,0,-1,0
88.306619,-1,-1,0,0,-1,-1,-1,-1,0
88.327599,-1,-1,-3,-3,0,-2,-2,-2,0
88.327618,-1,1,-1,1,-1,-2,-1,-2,0
88.329081,0,0,-1,-1,-1,-1,0,-1,0
88.329096,-1,-1,-3,-1,0,-1,0,-1,0
88.343002,1,0,-1,0,-1,-2,-1,-1,0
88.343007,0,1,-2,0,-1,1,-1,-1,0
88.351882,-1,-1,1,-3,2,-1,-1,-3,0
88.351889,-1,-2,-2,-1,0,1,-2,-1,0
88.365101,-1,-1,0,-1,0,-1,1,1,0
88.365123,-2,-1,0,0,-1,-1,0,0,0
88.366966,-2,-2,-1,-1,1,-2,0,0,0
88.366979,3,0,-6,-6,1,1,0,-2,0
88.388883,4,2,3,8,1,0,1,0,0
88.388888,-19,-10,-1,-1,-2,0,-2,-3,0
88.389094,1,0,-1,-2,-3,0,-1,0,0
88.389128,-3,-2,1,-1,1,-2,-2,-1,0
88.401379,3,1,-1,-4,-2,-3,-2,-1,0
88.401402,5,1,-1,-1,-2,-2,-1,1,0
88.412027,-3,-2,-1,0,1,-1,-1,1,0
88.412033,-1,1,2,0,-2,-1,0,-2,0
88.425126,-4,-3,-1,-2,0,-1,-2,-2,0
88.425149,1,0,-1,-2,-1,-2,-2,-1,0
88.427200,-2,-1,-1,-1,-3,-1,-1,-1,0
88.427218,1,-1,-2,1,-2,-1,-1,-2,0
88.447653,0,-3,-2,-3,-1,-1,-3,-3,0
88.447673,-1,0,0,-1,0,-1,-2,1,0
88.449262,2,1,0,1,-1,-1,0,-1,0
88.449278,-3,-2,-1,-3,-2,-3,-1,0,0
88.461327,-5,-2,2,-1,0,0,1,0,0
88.463349,1,0,-2,0,0,0,-1,0,0
88.471054,-1,-1,-1,0,-1,-1,-2,0,0
88.471059,-3,-2,0,0,-1,0,-1,-1,0
88.485105,-3,-2,-2,0,-1,-1,-1,-2,0
88.485122,3,0,0,-1,0,-1,-1,1,0
88.486678,-1,-1,-1,-2,-1,-2,1,-2,0
88.486706,-1,-1,1,1,-1,0,-1,-1,0
88.507604,-2,-1,-4,-4,-3,0,-2,-2,0
88.507627,-2,2,0,0,0,-1,-1,-1,0
88.510506,-2,-1,-2,0,-2,0,0,1,0
88.510513,2,0,0,-2,-1,1,0,-1,0
88.530170,0,-2,-2,-1,-2,0,0,-1,0
88.530182,-1,-2,0,-1,0,-1,-3,-1,0
88.531482,-1,-4,1,-2,-2,-1,-3,-1,0
88.531490,-1,0,-1,-1,-2,-2,0,-1,0
88.545041,-1,-1,-1,-2,0,-1,-1,0,0
88.545050,2,-2,1,-1,-1,0,1,-1,0
88.546526,1,0,-1,-2,0,-1,-2,-1,0
88.546541,-3,-1,0,0,-2,-2,0,0,0
88.568230,-1,-2,0,-2,-1,-1,0,-1,0
88.568251,-2,-1,0,-1,-2,0,-1,-1,0
88.569653,-3,0,-2,-1,0,-2,-1,-3,0
88.569668,-2,-1,-1,0,1,0,-2,-1,0
88.590183,-2,0,-1,-1,0,0,-1,-1,0
88.590199,1,-1,-1,-1,-1,-1,-1,-2,0
88.592150,-1,-1,0,-1,-3,1,0,1,0
88.592154,12,4,-2,0,-1,-1,-1,-1,0
88.605336,-24,-7,-1,-1,0,0,-1,0,0
88.608059,-1,0,-1,-3,-2,-3,-2,-1,0
88.608067,-3,1,1,2,0,-1,0,-2,0
88.608069,1,0,1,-2,-2,-3,-1,0,0
88.628125,6,1,-1,-1,-3,-1,1,0,0
88.628143,-1,-2,-1,1,0,0,1,-1,0
88.629208,-1,-1,-2,-2,-1,-1,-1,0,0
88.629225,-3,0,-1,-2,0,-1,0,0,0
88.650406,2,-2,-2,-2,-2,-1,-1,-1,0
88.650438,-3,-2,-1,-1,-2,-1,-1,0,0
88.651883,2,0,0,-1,0,-1,0,-1,0
88.651888,-5,-2,-2,0,0,0,-1,-1,0
88.665059,0,-1,-1,-1,0,-2,0,0,0
88.665081,0,0,-2,-1,0,-2,-1,-1,0
88.667076,0,-1,-1,-2,-1,-2,-1,0,0
88.667102,-4,-1,-1,-1,-2,0,1,-1,0
88.688978,0,0,-1,-2,0,-1,-1,-1,0
88.688984,1,1,0,-2,-2,-1,0,0,0
88.689173,0,0,-2,-2,0,-1,1,-2,0
88.689240,-4,-3,-1,0,-2,0,-2,1,0
88.710107,1,0,-1,-2,-2,-2,-3,-2,0
88.710131,-1,0,0,-1,-1,0,-1,-1,0
88.712006,-3,-1,-3,0,-3,-2,-1,-1,0
88.712011,0,0,2,-1,1,-2,-1,-1,0
88.724590,1,-1,-1,0,1,1,-1,-1,0
88.724610,-2,-2,-2,-3,-1,-1,0,-1,0
88.731233,13,3,-2,-3,-3,-3,-2,2,0
88.731316,-18,-5,-2,-3,-1,0,-2,-2,0
88.748783,0,0,-1,0,-2,-2,-1,0,0
88.748812,-2,-1,-2,1,0,-2,-1,-1,0
88.751426,-4,-3,-1,-1,0,0,-1,0,0
88.751436,7,0,-1,-2,-1,1,0,-2,0
88.770411,3,-1,1,0,-1,-1,-1,-1,0
88.770471,-1,-1,-3,-2,-2,0,-2,-1,0
88.771687,0,-1,-1,0,0,-1,-1,-2,0
88.771704,-1,1,-2,0,-1,-2,-2,-2,0
88.784604,-4,-1,-2,-1,-1,0,-1,0,0
88.784624,3,0,0,-1,1,-1,-1,0,0
88.791287,-6,-2,-1,-1,0,-2,-2,-2,0
88.791310,-1,-2,-1,-1,-3,-1,1,0,0
88.808465,0,-2,-2,-1,-1,0,-1,-3,0
88.808508,0,0,0,1,-1,-1,-1,1,0
88.810764,-2,-2,1,-2,-1,2,-1,0,0
88.810768,0,-2,-1,-1,0,-2,-2,-1,0
88.830582,1,-1,-2,-4,-2,-2,-1,-2,0
88.830588,-2,-1,-1,0,0,0,0,0,0
88.831509,-1,-1,-1,1,-1,1,1,0,0
88.831516,2,0,-3,1,-2,0,-1,-1,0
88.845562,4,0,-1,-2,-2,0,1,-1,0
88.845568,4,-1,1,-2,-1,0,-1,-3,0
88.851648,-19,-5,-3,-2,-1,-2,0,-1,0
88.851732,0,1,0,-1,-1,-2,-1,0,0
88.868051,-2,-1,-1,0,0,-1,-2,0,0
88.868098,3,0,-2,-2,-3,-1,-1,0,0
88.869608,5,0,-2,1,0,-1,-2,0,0
88.869613,-2,-2,-1,-2,-1,0,0,0,0
88.890106,-1,-1,1,-1,-1,-1,-1,-1,0
88.890134,-1,0,0,0,0,-1,-1,0,0
88.891736,0,1,0,-1,0,0,0,-2,0
88.891741,-5,-2,-3,-1,-1,-1,-1,-2,0
88.904695,1,-4,-2,1,-1,-2,-1,0,0
88.904716,-4,-1,-2,0,0,-1,-2,-1,0
88.911693,-2,0,-1,-1,-2,-1,-1,-2,0
88.911726,4,0,1,-2,0,-1,-1,0,0
88.928134,-3,-2,-4,-6,-5,-2,-2,-1,0
88.929897,-3,-4,-1,0,1,0,0,-1,0
88.929901,2,-2,-2,0,0,0,0,-1,0
88.929903,0,-1,1,1,1,-1,-1,1,0
88.950288,-3,0,0,-1,-1,-1,0,-3,0
88.950316,-2,0,-1,0,-1,-2,-2,0,0
88.951999,-1,0,-1,0,-1,-2,-1,-2,0
88.952005,0,-3,-3,-3,-1,-1,0,-2,0
88.964375,-1,0,-1,0,1,0,-1,-1,0
88.964398,-1,-1,-1,1,-3,-2,-3,-3,0
88.971316,2,1,-2,1,0,-1,0,1,0
88.971333,5,-1,-2,-1,-1,0,-1,0,0
88.987856,-13,-4,-1,1,1,0,-1,-1,0
88.987895,0,0,1,0,0,-1,-2,0,0
88.989202,-3,-2,-2,-3,0,-2,-1,0,0
88.989221,4,0,-1,0,-2,-1,-1,-1,0
89.010543,2,1,1,-1,0,0,-2,-1,0
89.010573,-5,-2,-3,-2,-3,-1,-1,-1,0
89.013019,-1,-2,0,-3,-1,-1,-1,-1,0
89.013024,-4,-2,-1,-2,0,-1,-2,0,0
89.024445,0,1,-1,1,1,-1,1,-1,0
89.024468,-2,-2,-3,-1,0,0,-1,-2,0
89.031202,2,-1,0,0,-1,-1,-1,-1,0
89.031216,-5,0,0,-2,-2,-1,-1,-1,0
89.048097,-2,-3,2,-1,0,-1,-1,1,0
89.048138,3,0,-1,-3,2,0,2,0,0
89.050926,-2,1,-1,-1,-2,-1,-1,0,0
89.050934,-2,-2,-2,-1,-1,0,-1,-1,0
89.070321,1,1,-2,-1,0,-1,0,1,0
89.070339,-4,-3,-2,-2,-3,-2,-1,-1,0
89.071968,-1,-2,0,0,-1,-2,0,-2,0
89.071973,6,2,0,-2,-3,-1,-1,-2,0
89.083929,-8,-2,-1,2,0,0,0,-1,0
89.084015,0,-1,0,-1,0,-2,-2,-2,0
89.094635,-2,-1,-1,-2,1,-1,-1,0,0
89.094642,-4,-2,0,-1,-2,0,-1,-1,0
89.107691,5,0,0,-1,-2,-2,-2,-1,0
89.107712,-1,0,0,-2,-3,-3,-1,-1,0
89.109722,-4,-2,0,-3,0,0,-2,-1,0
89.109726,0,0,-2,-1,-1,-3,0,0,0
89.130535,0,1,-1,-1,-1,0,-1,-3,0
89.130542,-3,-2,-1,-1,0,-1,-1,0,0
89.131515,1,-1,-4,-4,-1,-1,-1,-1,0
89.131523,-4,-2,-2,-2,1,1,0,-1,0
89.146804,1,-1,0,4,-2,-1,-1,1,0
89.146808,-3,-3,-3,-4,-1,-1,-1,-1,0
89.152743,-1,0,1,2,-1,0,0,-3,0
89.152761,-2,-1,0,-2,-1,-1,-2,-2,0
89.167957,-1,0,-3,-1,1,-1,1,0,0
89.167978,0,1,2,3,-1,0,-1,0,0
89.169706,-2,-1,-2,-3,-1,-1,0,-2,0
89.169712,-3,-2,-1,0,-1,0,0,-1,0
89.190074,1,-2,-2,-1,-1,-1,0,-2,0
89.190092,-1,-2,-1,-1,-3,-1,-2,-1,0
89.191809,-1,-1,-1,-2,-1,-1,-1,-1,0
89.191844,-3,-1,-2,0,0,-1,-1,-1,0
89.204015,-1,0,-2,-1,-2,-3,-2,-1,0
89.204036,0,-1,-1,-3,0,-1,-1,-1,0
89.214194,-1,0,-1,0,-1,-1,-1,-1,0
89.214199,-1,-1,-1,-1,-1,-1,-1,0,0
89.227887,-2,0,0,0,0,0,0,0,0
89.227903,0,-1,0,0,-1,-1,-1,-1,0
89.229627,-1,-1,1,0,-2,-1,-3,0,0
89.229674,-1,-1,-1,0,0,-1,-1,0,0
89.250490,-1,-1,-1,-1,-1,-1,-1,-1,0
89.250513,-2,-1,-2,0,0,-2,-3,-2,0
89.253099,1,-1,0,0,0,-2,0,-1,0
89.253114,6,0,-2,-2,-1,-2,-1,-1,0
89.263716,-23,-6,-2,-1,0,0,-2,-2,0
89.263739,2,1,-1,-2,-2,1,-2,0,0
89.273061,-2,-3,-1,1,0,-2,-1,-1,0
89.273066,0,1,-2,-1,-2,-2,-1,0,0
89.288059,5,3,1,-1,0,0,0,1,0
89.288098,-6,-1,-1,-3,-4,-2,1,0,0
89.289352,3,0,-2,-1,-2,0,-1,-2,0
89.289376,-7,-2,-1,0,-1,-1,-2,-1,0
89.310230,4,0,0,-2,-3,-1,-1,0,0
89.310258,-4,-1,0,0,-1,-2,-1,1,0
89.312312,2,0,-1,-3,-2,1,-1,0,0
89.312316,-4,0,0,-1,0,0,0,0,0
89.323853,1,-1,-2,-3,-2,-2,0,-2,0
89.323869,1,0,-2,-1,2,-1,-1,-1,0
89.332605,-2,-2,-1,0,-1,-1,-1,0,0
89.332642,-2,-2,-1,0,-2,0,-1,-1,0
89.348227,1,0,-2,-1,-2,-1,-2,-1,0
89.348232,-2,-1,-1,1,0,0,-1,-1,0
89.349063,-3,-2,-4,-2,0,-2,-3,-2,0
89.349076,6,2,0,0,-1,0,0,1,0
89.370164,5,-1,-1,-1,0,-1,-1,-1,0
89.370185,-7,-3,0,-1,-1,-1,-2,-1,0
89.371723,-3,-1,0,0,-1,-2,-1,-1,0
89.371728,-3,-3,-4,-3,-1,-2,-3,-2,0
89.384064,1,1,2,3,0,-1,-2,1,0
89.384091,5,-1,1,-2,1,1,0,-2,0
89.394726,-1,-2,-1,-4,-1,-1,-3,-3,0
89.394734,-2,-3,0,-1,0,-1,1,0,0
89.410018,-1,-1,-2,-1,-2,-1,0,-1,0
89.410022,-5,-2,-1,-2,-2,-1,-1,-1,0
89.410024,0,0,0,-1,-1,0,0,-1,0
89.410026,-1,1,0,-1,1,-1,0,-1,0
89.429381,-4,-1,-2,-4,-2,-1,-1,0,0
89.429404,1,-1,0,-2,-1,-2,-2,1,0
89.430012,1,0,-1,0,0,-2,-2,-1,0
89.430026,-3,-1,-1,0,0,-2,-1,-2,0
89.451943,-2,0,-2,0,-1,-1,-1,-1,0
89.451963,3,0,-1,-2,-1,1,0,-1,0
89.453573,-2,-2,0,-1,-2,0,0,1,0
89.453590,-4,-1,1,5,0,-1,-2,-1,0
89.466936,10,2,-2,-8,-3,-2,-3,-1,0
89.466962,-6,-1,0,10,5,0,0,0,0
89.468630,-3,-2,-2,-3,0,-1,-1,0,0
89.468639,0,0,2,-4,-1,-1,-2,0,0
89.489380,-3,-2,0,-1,0,1,-1,-1,0
89.489396,6,1,-2,-6,-5,-2,-1,-3,0
89.490090,-3,-1,-1,0,-2,-2,0,-1,0
89.490098,0,-1,-1,-2,-1,-2,0,0,0
89.512244,1,-1,-2,-1,-1,0,0,-1,0
89.512272,-3,0,0,-2,-2,0,0,-2,0
89.514577,-3,0,-1,1,0,-2,0,-1,0
89.514582,1,-1,-4,-3,-2,-1,-1,-2,0
89.527138,-5,0,0,0,-1,-2,-1,0,0
89.527190,-3,0,-2,0,-1,-1,-1,-1,0
89.529840,1,-2,-1,-2,-2,-1,-2,0,0
89.529847,-1,0,0,0,-2,-1,-1,-1,0
89.549433,-2,-1,-1,1,0,-1,0,-2,0
89.552045,-2,-1,-2,-2,0,-1,-2,-1,0
89.552052,2,-1,-2,1,0,-2,1,-1,0
89.552054,-1,-3,-3,0,1,-1,-1,0,0
89.571934,3,-1,1,3,-2,0,1,0,0
89.571953,-14,-4,-1,-2,-1,-1,-2,-1,0
89.572664,-3,-1,1,-2,-2,0,0,-1,0
89.572681,-3,-1,-1,1,-2,-1,-1,0,0
89.587379,2,0,-2,0,-2,-4,-2,-2,0
89.587415,3,1,-1,1,0,0,-1,-1,0
89.589071,0,1,-2,-3,-1,1,-2,0,0
89.589078,1,2,1,-1,-2,-1,-1,-1,0
89.609837,-12,-2,1,2,1,0,-2,1,0
89.609863,13,-1,-2,-1,-1,-2,0,0,0
89.611897,-1,-2,1,-1,-1,-2,-1,-2,0
89.611901,0,0,-1,-3,-1,0,-1,-2,0
89.632076,-3,-1,-1,-3,-1,0,0,-1,0
89.632082,-3,0,-1,1,0,-1,0,-1,0
89.632589,0,0,-2,1,0,-1,-1,-1,0
89.632604,-1,0,-2,1,-1,-2,-1,1,0
89.647616,0,-2,1,-1,0,1,0,-1,0
89.647622,2,0,-1,-3,-3,-2,-2,0,0
89.647624,4,-1,-1,-2,-1,0,-1,0,0
89.647625,-11,-3,-1,1,-1,-1,-1,-1,0
89.677805,2,0,-3,-2,-1,-2,-1,-2,0
89.677827,-1,-2,-1,1,0,0,0,-2,0
89.678404,3,0,-1,2,-2,0,-2,-1,0
89.678429,3,-1,-2,-3,-2,0,0,-2,0
89.693238,-2,-2,-2,-2,1,-2,-2,0,0
89.693245,-1,-2,-1,0,0,-1,0,-2,0
89.693248,-3,-1,-3,-2,-2,-2,-1,-2,0
89.693249,0,-2,0,-1,0,0,0,-1,0
89.708592,0,0,0,-5,-2,0,-2,-2,0
89.708598,-3,-1,-1,2,-2,0,-1,0,0
89.708600,-5,-2,-1,0,-1,-1,-1,-2,0
89.708602,-5,-1,-2,-1,0,-1,-1,0,0
89.729447,11,4,-2,1,-1,-1,1,1,0
89.729467,-1,-3,-3,-2,-1,-1,-2,1,0
89.730272,-6,0,3,1,0,-1,-2,-2,0
89.730320,6,-1,-2,-2,-1,-1,-1,0,0
89.752095,-4,-1,0,1,-1,1,-2,-2,0
89.752121,1,1,-2,-3,-1,-2,0,0,0
89.754585,0,0,-2,-3,-2,-3,-1,-2,0
89.754595,-5,0,1,2,-2,0,0,-1,0
89.766976,-1,-2,1,-1,-1,-1,-1,-2,0
89.769456,1,-2,-1,1,0,0,-1,-1,0
89.769464,-3,0,-1,-2,0,-1,0,-2,0
89.769466,-1,-1,-2,-2,0,-1,0,-1,0
89.789467,-4,-2,-1,-1,-3,-3,-1,-1,0
89.789519,-5,-1,-3,0,-1,-2,-1,-1,0
89.790156,1,2,-1,-2,-2,-2,0,2,0
89.790952,7,-1,0,-1,-2,0,-2,-1,0
89.811874,-12,-4,-3,-3,-2,-1,0,-2,0
89.811896,-1,-1,-1,-4,-2,-1,-2,-1,0
89.812610,-2,0,2,3,0,-1,-2,0,0
89.812651,3,2,0,-2,-1,-2,0,-1,0
89.826894,3,0,1,-2,0,-1,0,-1,0
89.826916,-4,-1,0,-1,0,0,0,-1,0
89.828316,-1,-3,-2,-1,-1,0,-1,0,0
89.828321,-3,-1,-1,-1,0,-1,-2,-2,0
89.849385,-1,-1,-1,1,0,0,0,-2,0
89.849400,1,-2,-1,-1,-1,0,-2,-1,0
89.850636,0,-1,0,-2,-2,-2,-1,0,0
89.850748,-3,-3,0,-1,-3,0,-1,0,0
89.871930,0,-1,-1,-1,0,0,-1,1,0
89.871946,1,2,-1,-1,0,-2,-2,-2,0
89.873289,-4,-2,-1,-2,-1,-2,-1,-2,0
89.873297,-2,0,-2,-1,0,-1,0,-1,0
89.887296,1,-1,-2,-1,-1,-1,-2,-3,0
89.887335,-5,-1,-3,-2,-2,0,0,-2,0
89.888528,-2,0,0,-1,-1,-1,0,-1,0
89.888533,-2,-1,-2,1,-1,0,0,-2,0
89.909469,8,4,1,-1,-2,-1,0,0,0
89.909490,-2,-3,-3,0,1,0,1,1,0
89.910047,2,-1,-2,-7,-4,-3,-2,-1,0
89.910131,0,-3,0,0,1,-2,-1,0,0
89.931956,-1,-1,-2,-1,0,0,-1,1,0
89.931979,3,1,1,0,-2,-1,-1,-1,0
89.934955,5,-1,-3,-2,-1,-1,0,-2,0
89.934963,-3,0,-1,-1,-2,-2,-2,-2,0
89.946964,1,-2,-3,-3,0,-1,-1,-1,0
89.946986,-3,0,0,0,-1,-2,-1,0,0
89.948217,-4,-1,0,2,0,1,0,0,0
89.948222,1,0,0,-1,1,0,-1,-1,0
89.969695,-8,-2,-1,-3,-3,-1,0,0,0
89.969699,-1,-2,-1,3,-1,-1,-2,-2,0
89.970210,0,-1,-1,3,-1,0,-1,-1,0
89.970219,-3,-2,0,0,-2,-3,-2,-2,0
89.992130,4,0,-3,-3,-2,-2,-1,-2,0
89.992153,8,1,-1,-4,-1,-1,0,0,0
89.993618,-23,-7,-3,0,0,0,0,-1,0
89.993631,-1,1,-3,-3,-2,0,1,-1,0
90.006994,-4,-3,-1,0,-2,-3,-2,-1,0
90.007016,8,3,1,-1,0,-1,0,-1,0
90.008732,-7,-1,-1,-2,-1,-1,0,0,0
90.008737,3,-1,0,-1,-2,-1,-1,0,0
90.029421,-3,-1,-1,-1,-2,-1,1,0,0
90.029443,0,-1,-1,0,-2,0,-1,-1,0
90.030423,3,0,1,0,0,-2,-1,-1,0
90.030427,-5,-1,0,-3,-2,1,0,-1,0
90.052141,-2,-2,1,1,-1,-2,0,-1,0
90.052161,-4,-2,-2,-1,-1,-1,-1,-1,0
90.053047,3,0,-1,0,0,0,-1,-1,0
90.053079,0,0,-1,-2,1,0,-2,-1,0
90.066540,1,0,-1,1,-1,-1,-3,-1,0
90.066570,-3,-2,-2,0,0,-1,0,2,0
90.075218,-8,-4,-3,-3,-2,0,-1,-2,0
90.075247,-1,-1,-2,-2,-1,-1,0,0,0
90.089523,-3,-2,1,-2,-1,-1,-2,-2,0
90.089540,4,-1,-2,-2,-2,-2,-1,-1,0
90.090688,7,2,-1,1,-1,0,-2,0,0
90.090693,-2,-1,-1,1,-1,-1,-1,-3,0
90.112447,-7,-2,-1,-3,-1,-1,0,-3,0
90.112454,4,0,2,0,-1,-2,-1,-2,0
90.112556,-19,-6,-1,-1,0,-2,2,0,0
90.112589,0,0,0,-1,-1,-1,1,-1,0
90.126425,2,0,-2,-1,1,1,-1,1,0
90.126440,-2,-3,-1,-4,0,-1,-4,-3,0
90.134668,6,3,-1,-2,-2,-2,-1,-3,0
90.134689,-2,-1,-1,-1,-2,0,-1,0,0
90.149644,-1,0,-1,-2,-1,-1,-2,0,0
90.149668,-6,-1,0,1,-3,2,0,-1,0
90.152086,6,1,-1,-4,-1,-1,-2,-1,0
90.152093,-1,-3,-1,-1,0,-2,-1,-1,0
90.173338,1,-2,-1,1,-1,-1,-1,1,0
90.173344,-8,-2,-1,-2,-2,-1,-1,0,0
90.173345,2,0,-2,1,-2,0,-1,0,0
90.173347,0,0,-2,0,0,-1,-2,0,0
90.186363,-1,-1,1,0,-3,0,-2,0,0
90.186393,-2,-1,-2,-2,0,-2,-1,-2,0
90.194569,3,0,-1,0,0,-1,-2,-2,0
90.194591,11,4,-1,-2,0,-1,-2,0,0
90.210585,-21,-5,0,1,0,0,0,-1,0
90.210614,-1,-1,-2,-2,0,-1,-1,-1,0
90.212593,6,0,0,-1,0,-1,0,1,0
90.212597,1,-1,0,-2,-5,-3,-2,-2,0
92.235257,36,60,-2,0,15,-9,-6,31,2
92.235785,-53,-43,-6,3,-4,25,8,-44,2
92.237931,2,52,-2,-4,14,-24,-2,-24,2
92.237990,36,-104,-10,-5,-13,115,28,47,2
92.257585,-48,-27,-11,-7,-9,-94,-58,-55,2
92.257603,14,99,9,0,-5,-6,2,27,2
92.258311,-17,61,7,2,21,23,-12,12,2
92.258334,27,-2,-5,1,0,2,16,8,2
92.271362,-38,80,4,3,-1,81,14,36,2
92.271378,82,-57,5,3,1,-38,-4,26,2
92.279405,-44,7,-7,-1,22,-8,-4,-24,2
92.279429,21,101,6,-2,3,-22,-10,0,2
92.295397,-23,-38,2,3,-1,0,9,0,2
92.297177,12,43,-2,2,8,-33,-13,0,2
92.297184,14,47,-10,-5,-18,21,0,23,2
92.297186,-5,-14,-3,0,-8,14,1,-4,2
92.318747,44,83,11,1,6,2,3,0,2
92.318755,-58,-16,-2,-2,-3,5,3,-18,2
92.318757,41,24,5,-1,-11,-7,-6,-20,2
92.318759,-26,83,13,3,-8,-31,4,35,2
92.340153,-75,-80,-30,-14,-12,-6,20,15,2
92.340175,89,77,3,-2,-14,12,-59,-67,2
92.342616,-20,-95,-21,-6,-4,62,27,-30,2
92.342629,-74,13,-3,0,40,-86,-11,55,2
92.355175,30,69,12,6,3,32,12,-45,2
92.355193,-7,13,-1,-2,-5,-66,8,44,2
92.357440,-16,-55,0,2,7,25,-4,14,2
92.357446,61,98,15,8,-6,-3,1,-13,2
92.378245,14,-2,11,-1,-6,2,-4,-14,2
92.378275,-44,-112,-37,-5,0,-19,13,29,2
92.380721,16,53,3,2,-6,-26,-15,-1,2
92.380727,-75,27,1,-1,-3,16,6,-2,2
92.400374,25,-68,0,3,23,-33,-9,15,2
92.400413,-13,46,14,0,0,59,19,45,2
92.401782,65,-101,2,2,6,-57,-17,-28,2
92.401801,-10,-25,-8,-4,-6,44,10,-55,2
92.413676,-21,47,5,1,-9,13,-5,-7,2
92.413690,-66,-50,-11,-5,13,-3,-10,-13,2
92.423764,-34,-79,-4,1,-29,-1,7,20,2
92.423770,74,-44,-3,0,14,-39,1,18,2
92.437735,-50,-76,-3,-1,-5,-4,-11,-32,2
92.437752,41,127,12,-2,7,72,3,20,2
92.439065,-8,-53,-15,-3,-15,-51,43,58,2
92.439073,-27,51,8,0,18,52,-42,-56,2
92.459972,14,-54,-19,-5,-16,-11,-6,-9,2
92.460016,18,39,11,3,-6,25,5,12,2
92.461838,22,48,7,-4,7,14,-11,-7,2
92.461984,2,-83,6,4,0,7,14,61,2
92.473942,-1,68,-9,-2,10,-9,5,-9,2
92.473949,13,-67,5,1,5,-5,-6,-36,2
92.484653,12,-6,1,-1,7,6,5,2,2
92.484659,-5,12,-3,-8,-24,0,-27,-31,2
92.497564,-6,9,-14,-9,-25,-13,-19,35,2
92.497579,10,-21,2,3,14,-15,19,-29,2
92.499148,13,-10,-2,-6,-10,8,-1,-31,2
92.499193,-3,-44,-2,0,12,-13,11,93,2
92.520990,-41,69,-1,-3,4,-9,-22,-90,2
92.520997,-10,-10,-3,-1,14,58,14,24,2
92.521738,-26,43,7,3,13,-35,5,-9,2
92.521750,78,101,3,-1,-15,0,-11,25,2
92.534253,26,-120,-1,2,-17,42,22,59,2
92.534310,-98,53,-2,-1,-1,-10,-4,-62,2
92.543963,-21,-1,-8,-3,-4,-42,6,10,2
92.543967,2,72,-9,-7,-9,52,-17,-67,2
92.557564,1,-96,0,5,7,-11,6,31,2
92.557583,30,22,-2,3,14,-17,-5,14,2
92.559480,-3,51,15,2,7,34,2,-12,2
92.559485,-65,-35,-7,0,2,-13,8,8,2
92.582493,45,70,12,1,-10,3,-1,-25,2
92.582498,-83,45,-7,-6,0,-1,-3,-3,2
92.582500,33,-50,0,-2,-9,-2,-17,-34,2
92.582502,94,86,6,4,12,1,3,4,2
92.595141,-127,-119,-24,-6,7,23,-28,-31,2
92.595166,72,21,-2,-2,-31,-44,11,10,2
92.601605,12,80,10,4,30,22,3,-1,2
92.601626,-97,-109,-15,-5,-12,-7,-13,-59,2
92.617897,66,83,18,5,10,14,24,40,2
92.617924,14,61,2,-3,-8,-5,-10,54,2
92.619081,-28,-96,-30,-9,-19,-24,-18,-72,2
92.619100,34,55,4,-2,-20,-52,13,29,2
92.640186,17,116,3,5,11,8,-13,17,2
92.640208,-24,-65,6,-3,5,-6,11,16,2
92.642956,65,72,14,2,-1,34,0,34,2
92.642964,-70,30,1,2,1,-85,-31,-21,2
92.654652,43,-121,-25,-9,-23,45,2,-46,2
92.654853,27,90,6,1,-9,-22,-12,13,2
92.661211,78,-2,0,-3,4,26,-6,40,2
92.661227,-47,-18,-4,-2,-15,34,17,-22,2
92.677534,-18,45,6,6,40,-14,6,17,2
92.677545,0,-33,-6,-4,-1,-9,-5,-27,2
92.679003,-34,17,-1,0,-5,14,-24,-20,2
92.679020,52,-80,-9,-4,-3,8,16,45,2
92.700283,-24,83,16,2,-8,-14,9,15,2
92.700316,0,-128,-8,2,0,17,15,-14,2
92.702679,-32,98,2,1,-1,-26,-11,40,2
92.702686,-9,-60,-6,-3,6,21,0,-29,2
92.714839,47,46,4,-5,-2,-13,-2,38,2
92.714869,42,-6,-3,-6,10,-5,-1,-12,2
92.722803,-111,-27,2,4,-7,-12,19,-4,2
92.722815,-61,27,-6,0,8,30,-6,-15,2
92.738005,27,-22,-6,-7,-4,10,-2,10,2
92.738011,-28,39,10,4,2,22,-3,-10,2
92.739141,49,-57,-4,-4,-24,-14,11,20,2
92.739191,-13,-1,-5,1,37,20,12,24,2
92.760610,-24,41,-2,-3,-4,-30,-5,-31,2
92.760639,39,10,0,0,-16,-2,-16,-29,2
92.763012,-29,-20,0,4,8,2,1,14,2
92.763017,-17,77,9,0,-42,-62,-7,20,2
92.775134,-18,-27,-12,-4,-10,8,1,-7,2
92.775171,37,-113,-16,-5,0,-33,9,16,2
92.781632,66,62,-4,-3,-1,-5,-3,6,2
92.781658,-29,53,6,1,1,3,-7,-23,2
92.797623,2,-45,5,5,9,-31,9,16,2
92.797639,77,127,11,-6,-73,49,-7,36,2
92.800983,-65,-61,-9,2,43,17,-15,26,2
92.800997,33,-49,6,5,3,-1,11,-68,2
92.820762,-5,-37,-1,-1,-8,8,5,28,2
92.820779,-10,-31,6,6,8,-10,3,-8,2
92.821725,-1,87,6,0,-12,-4,-2,14,2
92.821746,-9,-33,-10,-6,13,39,-7,-18,2
92.833967,10,-48,7,9,11,-36,4,27,2
92.833988,3,127,-3,-5,2,-15,-14,-24,2
92.843915,-16,-93,-24,-12,-8,8,1,9,2
92.843925,37,-11,-10,2,9,-11,8,5,2
92.857529,32,51,0,-5,-10,-20,-10,-37,2
92.857546,-53,44,2,-1,23,44,7,-19,2
92.859882,2,-24,-8,-1,-5,15,4,5,2
92.859896,42,30,13,2,-6,24,-1,20,2
92.887988,36,-87,-18,-5,-9,-30,5,53,2
92.888009,-9,84,7,-2,7,34,-16,-70,2
92.890108,-11,-79,-11,-5,-8,-15,13,-33,2
92.890114,31,7,0,-2,4,4,-1,25,2
92.893674,-15,61,6,-1,-13,10,-4,-41,2
92.893690,-9,-29,-1,-1,10,-31,3,33,2
92.904180,23,89,13,5,4,12,-5,-18,2
92.904189,70,-50,1,-2,-24,26,-12,9,2
92.917654,-92,12,-5,-7,-18,56,11,36,2
92.917676,-104,-63,-20,-1,-24,-94,-37,-58,2
92.919532,27,72,6,1,6,0,9,32,2
92.919565,-27,25,-8,-3,3,-13,-2,1,2
92.940087,19,33,14,5,7,-13,-3,0,2
92.940098,-31,-33,12,4,0,22,11,20,2
92.942072,33,-30,2,0,-19,-1,-8,39,2
92.942095,-16,41,2,3,-4,-96,5,-63,2
92.955474,90,-77,-7,1,25,38,25,-21,2
92.955481,13,54,-6,2,16,-22,-4,78,2
92.963545,57,59,2,3,6,13,-5,-45,2
92.963550,-67,29,-5,-4,5,18,-1,-26,2
92.977800,17,31,4,2,0,13,-14,-38,2
92.977817,57,-38,-1,1,2,9,19,15,2
92.979148,1,2,1,1,9,-16,-1,9,2
92.979155,13,7,6,-1,14,26,10,74,2
93.002114,-58,-69,-10,-1,-51,8,-23,-51,2
93.002123,90,41,44,15,19,-19,50,29,2
93.002126,-3,-64,-50,-23,-24,22,-2,37,2
93.002127,74,85,1,4,35,95,1,-101,2
93.014145,-89,-55,-24,-10,-38,-83,-36,35,2
93.014175,36,-45,-9,-4,25,8,-3,-25,2
93.022826,-2,39,23,10,-6,1,9,12,2
93.022849,17,-44,1,0,-5,-29,7,28,2
93.037871,41,112,11,1,21,14,6,11,2
93.037889,-11,-44,-6,-1,-8,32,-12,-2,2
93.039760,-45,-7,6,2,1,-7,-6,-29,2
93.039764,-28,-48,-13,-6,-11,-3,-11,13,2
93.060411,-13,37,9,0,14,3,-2,-21,2
93.060429,-71,-32,-12,-4,-11,-6,-7,2,2
93.062935,-12,6,7,0,6,-3,0,-16,2
93.062944,28,11,2,-3,-15,-43,-5,31,2
93.074003,67,95,-2,-5,23,-27,4,-55,2
93.074025,-7,-79,-27,-7,-2,18,-10,1,2
93.085564,-94,-70,-5,-2,-5,19,-14,45,2
93.085570,-44,-80,-18,1,-2,16,10,-16,2
93.097506,38,67,6,-2,4,-19,-14,-16,2
93.097529,14,32,9,0,-3,-4,-10,-55,2
93.099014,-12,51,12,2,8,-12,-2,-10,2
93.099098,8,-24,1,-3,-14,-6,-6,30,2
93.120526,-21,-8,2,2,9,22,7,22,2
93.120559,-6,24,-3,0,2,-4,0,10,2
93.122610,7,-6,-1,-2,-13,-9,-1,-19,2
93.122622,-14,-27,-2,-4,-7,-6,0,1,2
93.134206,-10,-10,0,4,8,5,-5,-11,2
93.135777,18,-13,1,-2,-29,-1,1,26,2
93.143107,15,34,-2,0,3,0,-8,-30,2
93.143111,-49,-32,2,-3,-25,-69,-17,-1,2
93.157512,92,78,6,4,6,-1,4,33,2
93.157529,-55,6,-4,-4,-1,21,-10,-5,2
93.159113,27,-107,-32,-9,18,-28,-7,-54,2
93.159130,-51,58,8,5,-5,75,12,4,2
93.180452,86,24,10,3,0,89,8,56,2
93.180473,-28,83,3,-3,-6,-104,-40,-29,2
93.182960,46,37,13,-1,-2,-10,14,50,2
93.182970,-11,15,2,-1,12,5,-6,-43,2
93.193779,14,-6,-3,-2,-18,-11,4,-25,2
93.193808,-27,-70,-7,1,26,27,9,20,2
93.203159,-35,55,15,5,-4,9,-3,43,2
93.203166,28,38,-6,-1,3,-26,-10,-4,2
93.218594,-29,-96,-1,0,-8,-8,18,-13,2
93.218605,59,85,2,-2,-6,55,-8,1,2
93.219197,-59,-108,2,3,-1,-27,17,-30,2
93.219215,35,-88,-18,-7,-6,52,6,12,2
93.240503,-53,21,-1,4,42,-40,-6,-8,2
93.242864,-14,-47,-6,-3,6,24,8,14,2
93.242869,30,98,6,3,3,-2,-6,-16,2
93.242910,3,18,8,4,3,-1,-3,-4,2
93.254123,-17,-82,-15,-8,-10,-8,-1,47,2
93.254160,-11,76,6,2,0,-3,-10,-14,2
93.264612,-15,21,-3,-2,-25,-5,-4,-12,2
93.264621,-9,53,-7,-7,-14,-60,9,47,2
93.278410,6,11,-6,-1,-9,-41,-16,-44,2
93.278487,-52,-25,-2,1,0,40,12,-66,2
93.280727,-3,15,-6,-4,7,-8,-18,20,2
93.280736,35,-53,6,2,8,24,11,24,2
93.300801,41,-11,1,0,-2,-49,-3,12,2
93.300862,-30,5,-2,-6,-10,22,5,25,2
93.302859,45,-16,-2,2,8,19,-2,-13,2
93.302871,-22,-44,-4,-1,-14,-27,-5,-22,2
93.322727,-12,115,11,2,12,-30,-24,71,2
93.322747,-22,8,-4,-4,-15,-19,-8,-51,2
93.324074,59,-9,-5,3,-6,11,6,62,2
93.324152,-4,36,-9,-3,-12,-12,-12,-78,2
93.337683,-24,-16,-2,0,-15,22,0,-23,2
93.337701,7,24,8,4,11,-5,3,36,2
93.339348,-64,32,6,1,-1,-6,4,-16,2
93.339353,23,45,6,-4,5,8,-5,1,2
93.360100,-74,-42,-7,0,-2,28,6,4,2
93.360117,23,-43,-6,1,12,-11,1,6,2
93.361590,-3,-6,3,-3,9,8,13,-21,2
93.361686,23,64,5,6,-3,14,6,64,2
93.390053,38,-83,-1,-3,22,15,16,2,2
93.390065,-26,-60,-23,-8,-5,-60,1,11,2
93.391663,7,-93,-5,3,6,53,-5,-18,2
93.391680,42,65,3,0,24,34,6,10,2
93.397529,-6,-27,-9,-5,-31,0,11,2,2
93.397546,17,23,5,4,-2,4,-8,-14,2
93.399068,-13,-26,-5,-10,-10,-94,-7,-22,2
93.399082,-20,-14,5,1,-7,-3,3,34,2
93.420307,18,36,3,0,-3,17,-9,-22,2
93.420354,26,-13,3,-2,-2,5,8,15,2
93.421789,-14,53,0,-1,-7,5,-7,-22,2
93.421808,-7,-18,-4,-5,2,-12,-3,-11,2
93.442648,-12,36,6,-1,-6,-12,-7,35,2
93.442670,30,51,7,6,4,9,20,4,2
93.444263,-16,69,-9,-3,0,-6,3,24,2
93.444348,-21,-128,-9,-2,-5,-4,-21,-54,2
93.456916,29,94,0,-2,0,13,2,-14,2
93.456934,-45,-110,-4,4,13,11,15,7,2
93.463724,71,-40,-12,-5,-7,-4,-3,6,2
93.463740,7,85,9,1,10,12,5,-8,2
93.483044,-87,-90,-9,-4,-12,17,-13,-22,2
93.483053,81,75,10,1,-19,-16,13,38,2
93.483056,2,9,10,3,5,6,-4,-16,2
93.483058,0,-23,-11,-5,-7,-49,4,31,2
93.502701,-5,46,12,1,0,-15,-8,-48,2
93.502720,8,1,-4,2,10,15,3,22,2
93.504662,9,29,2,-1,7,32,-2,57,2
93.504667,-7,17,7,5,-3,-6,-4,-51,2
93.517893,-2,-39,-12,-3,-4,4,9,29,2
93.517945,1,-29,1,-2,43,-21,-10,-5,2
93.523737,-16,5,10,9,-8,-26,0,-22,2
93.523754,-2,36,1,-2,9,11,-19,16,2
93.540153,-19,-103,-11,-1,-8,25,20,-6,2
93.540176,36,27,7,1,5,1,-11,6,2
93.541556,34,-23,0,-1,2,1,-11,-50,2
93.541589,65,38,2,-1,7,-6,10,48,2
93.562693,-97,-101,-19,-3,-1,1,0,-42,2
93.562710,9,9,-7,-7,-13,-5,-6,22,2
93.564419,12,78,10,0,-8,13,4,-4,2
93.564441,-11,-1,1,3,-3,-11,9,22,2
93.577096,-3,58,8,-1,-1,-1,-6,-20,2
93.577106,90,-10,3,-4,-6,13,-1,56,2
93.583868,-35,0,-11,-2,-1,-46,-8,-42,2
93.585856,-34,-100,0,-2,-4,19,-3,-23,2
93.600196,-7,29,-11,-2,2,2,0,-2,2
93.600216,-61,-88,-7,1,-1,-4,4,11,2
93.602588,-1,37,4,-5,-28,34,-6,-29,2
93.602596,-17,-26,-4,3,2,-21,-3,4,2
93.622569,12,80,14,6,28,-67,2,3,2
93.622621,39,23,-4,-2,-19,7,-9,-12,2
93.624023,-71,-70,0,-2,-5,51,11,17,2
93.624099,-29,-11,-9,-7,3,8,2,0,2
93.637350,49,35,4,3,1,-5,-7,6,2
93.637359,17,90,-1,-9,-18,20,-1,-14,2
93.643935,2,-11,0,3,9,-19,-3,-15,2
93.644015,11,-78,-14,-5,-4,8,-5,-13,2
93.660316,4,35,-3,-3,-16,11,4,9,2
93.660335,33,60,3,-2,-1,-8,0,18,2
93.663175,-63,-32,1,-1,7,1,-6,-52,2
93.663186,28,76,0,1,9,17,4,2,2
93.685077,8,-53,-3,-5,-18,-10,-15,3,2
93.685085,-50,7,-9,-2,12,1,12,-19,2
93.685088,51,-26,-4,0,-9,2,4,26,2
93.685090,-18,74,2,2,-15,-17,1,18,2
93.697034,-22,-109,6,3,26,7,-3,4,2
93.697070,6,-21,-10,-5,8,73,-14,-74,2
93.704106,-40,40,4,0,-10,-51,6,49,2
93.704137,51,-9,6,-1,-5,21,5,5,2
93.720482,-13,-2,-9,-6,-13,-10,1,15,2
93.720514,-64,4,4,1,-6,8,-5,8,2
93.721872,89,46,-1,0,10,3,-2,17,2
93.721889,-57,-120,-12,-4,-3,9,-8,-22,2
93.742998,36,14,15,5,-7,7,10,10,2
93.743022,20,20,-4,0,-10,-30,-5,-9,2
93.745433,21,107,15,6,11,13,-7,10,2
93.745483,12,-48,-13,-3,-12,-43,8,-20,2
93.757051,-35,-20,-5,-3,18,56,-2,17,2
93.757069,-83,-32,-5,-2,-10,-31,-4,-41,2
93.763722,84,58,4,0,13,8,2,31,2
93.763744,5,36,10,-1,-10,9,-5,-15,2
93.779989,-48,13,0,-1,-3,-11,-2,11,2
93.780006,86,-40,-6,2,-3,-52,-7,74,2
93.781467,34,12,-4,-3,5,23,16,-40,2
93.781482,-59,-39,-2,-2,1,9,-1,-35,2
93.802641,1,-41,-5,-1,13,6,0,-20,2
93.802659,-26,59,11,4,4,-10,-9,-5,2
93.804616,15,-8,-9,-4,3,4,3,28,2
93.804627,-27,-20,-6,-2,0,-31,2,-12,2
93.816681,42,69,2,-4,-31,9,-8,-28,2
93.816712,-15,-28,-2,4,8,26,-8,-15,2
93.825714,21,-72,4,0,3,-26,20,18,2
93.825719,-23,74,-1,-2,11,13,-9,-4,2
93.842524,23,53,1,2,-20,-3,0,40,2
93.842528,-62,61,6,-1,-8,-5,-2,-41,2
93.842531,-89,-126,-9,-1,3,-7,-5,-16,2
93.842533,53,25,-4,-4,-5,-8,-1,51,2
93.862606,70,36,6,2,15,4,4,4,2
93.862628,-23,-7,-4,-3,-11,-6,3,7,2
93.864551,-11,32,6,4,1,3,-5,-5,2
93.864557,23,93,6,2,8,11,-1,-7,2
93.876440,-31,-42,-8,-8,-13,-28,-12,-5,2
93.876462,29,-89,-7,4,44,28,11,9,2
93.886972,-4,85,-6,-5,-10,-1,-11,3,2
93.886985,19,-68,7,3,0,-23,-8,-16,2
93.900421,3,31,-4,-1,8,31,4,22,2
93.900452,-4,17,2,-3,-16,-23,7,-25,2
93.903065,-39,-83,-13,-3,-3,10,-10,11,2
93.903073,41,3,6,0,9,-7,-8,2,2
93.922536,8,5,9,4,5,59,4,-22,2
93.922559,0,-67,-16,-9,-9,11,14,5,2
93.924078,-12,-52,-5,-4,1,9,-7,-47,2
93.924096,-17,-81,-8,-2,-27,-4,2,14,2
93.936316,29,8,-10,1,17,-18,-5,-34,2
93.936329,16,88,28,6,-13,0,1,38,2
93.945679,-3,-63,-8,-4,-1,-2,-11,-47,2
93.945684,4,46,-4,-3,8,14,8,63,2
93.960273,-36,-88,-3,-1,-10,-32,-9,-15,2
93.960297,63,-1,-13,-2,-1,5,6,-13,2
93.962737,-10,42,2,2,-2,-5,0,17,2
93.962744,-2,79,25,5,-2,4,5,-11,2
93.983282,2,-62,-30,-9,2,-13,-5,41,2
93.983307,-28,-47,9,2,-6,-8,-6,-26,2
93.984309,6,53,4,-4,0,-3,-4,22,2
93.984329,3,-17,7,4,6,6,0,-24,2
93.996585,64,76,21,8,20,-10,6,39,2
93.996621,-74,-33,-17,-2,-20,-22,-15,-29,2
94.011245,-88,24,-9,-9,-37,83,10,-36,2
94.011269,19,-10,4,6,20,26,7,59,2
94.020452,-12,17,-8,-8,4,-9,-8,-62,2
94.020478,67,-49,-10,-6,6,-2,3,48,2
94.022547,-30,26,2,3,-13,-31,-5,26,2
94.022552,9,41,-4,-1,-7,0,-3,-15,2
94.045167,-80,-19,-3,-3,-10,11,3,-24,2
94.045172,34,77,1,-3,-2,-4,-5,-1,2
94.045175,46,-68,1,1,22,28,-4,13,2
94.045177,40,-18,-7,-2,-10,-41,-1,4,2
94.056216,-23,9,8,1,-1,-5,0,13,2
94.056233,42,6,11,5,-39,-2,-3,-15,2
94.065590,-72,3,-9,-2,9,-27,-7,-35,2
94.065598,11,7,-7,-3,4,-1,2,-30,2
94.080493,35,77,30,8,-15,-6,8,46,2
94.080514,-58,-36,-7,-3,26,-7,-3,-3,2
94.082206,26,83,6,1,2,-19,7,20,2
94.082212,-98,-109,-32,-9,-4,18,-14,-91,2
94.102668,42,-4,-7,-3,-5,-9,11,7,2
94.102688,-44,47,-4,0,5,11,4,-33,2
94.104571,76,15,20,4,-6,-17,5,86,2
94.104576,14,-8,10,3,37,7,2,-9,2
94.116936,-55,-9,1,2,-2,8,-3,-30,2
94.116972,-16,4,-5,-2,6,-29,-2,33,2
94.125141,-21,-73,-19,-4,5,6,0,-12,2
94.125163,38,83,3,-3,-5,24,4,19,2
94.140097,-49,-100,-6,-4,-28,-56,-7,-26,2
94.140114,7,50,-7,2,9,31,3,15,2
94.141743,-12,102,27,7,4,-15,-5,-42,2
94.141781,-82,-112,19,9,4,18,-3,-15,2
94.162850,83,127,-5,-3,5,-14,-12,34,2
94.162872,-13,-94,-9,-3,-9,2,3,0,2
94.164160,-8,-23,-33,-11,12,-9,-9,-22,2
94.164237,-76,31,2,-2,0,6,-10,-18,2
94.177014,27,2,11,4,-1,56,9,4,2
94.177037,22,-3,18,5,37,-28,-6,9,2
94.185567,24,0,0,4,31,42,2,16,2
94.185573,75,14,-3,0,-5,-16,6,-2,2
94.202259,-46,-1,-16,-9,-9,1,-9,10,2
94.202265,20,-35,0,-1,13,19,-29,-62,2
94.202268,-3,-55,-6,-4,-33,-57,9,81,2
94.202269,17,85,-7,-3,-11,-28,-19,-75,2
94.222776,-68,-84,-3,-2,3,31,10,44,2
94.222795,-62,-12,9,0,-9,-20,-6,13,2
94.224627,85,-52,4,2,0,0,-1,7,2
94.224632,8,-34,-10,-5,-15,-16,2,22,2
94.245453,62,90,15,4,2,-20,-7,-17,2
94.246824,-34,3,-13,-7,-10,10,4,-9,2
94.246829,4,25,-2,-5,-13,-5,-1,-19,2
94.246877,-19,-8,-5,3,20,7,-3,11,2
94.262602,4,-6,5,1,18,3,-4,-36,2
94.262608,36,56,3,2,-9,5,7,24,2
94.262611,-60,-37,-10,-7,-10,2,6,-12,2
94.262613,-2,24,8,-1,10,1,1,36,2
94.283116,-16,-65,-26,-7,-10,-2,-6,-32,2
94.283141,8,-55,-6,0,-14,-3,5,11,2
94.285373,30,9,11,4,13,30,-10,4,2
94.285383,-6,7,-15,-5,-6,12,4,-7,2
94.305143,27,-5,-1,1,-4,0,0,-5,2
94.305166,84,95,16,2,2,-33,-5,-45,2
94.306679,8,-59,-22,-9,-26,46,10,-7,2
94.306692,-6,-15,-11,-3,6,-3,-9,1,2
94.320487,96,23,-5,-2,0,23,13,3,2
94.320565,-5,7,-4,-4,-3,13,-5,1,2
94.323133,32,68,20,6,8,-31,-7,8,2
94.323138,-6,13,8,1,-15,6,9,25,2
94.342813,-49,-3,-4,0,-3,-13,-4,-15,2
94.342831,14,19,-8,-3,-1,-6,2,58,2
94.344211,-42,5,17,-2,-2,-12,-6,-21,2
94.344228,17,-96,-4,2,-4,-6,9,36,2
94.365591,-72,6,-4,-3,4,-3,-7,-25,2
94.365621,-7,-33,-13,-8,0,9,8,30,2
94.367675,12,24,0,4,6,-9,-4,-25,2
94.367680,11,18,2,1,-4,-6,-13,-24,2
94.379417,45,53,11,5,2,-5,7,39,2
94.379440,-12,-30,0,-2,-5,-1,-1,-17,2
94.386514,-5,94,5,3,14,-2,16,48,2
94.386575,-26,37,4,-4,0,-17,-14,-40,2
94.402657,15,-29,-18,-9,3,-9,-7,16,2
94.402667,4,32,-2,-1,-3,5,-3,-53,2
94.404230,2,-10,-2,-1,16,7,6,22,2
94.404251,11,29,2,4,-10,5,9,55,2
94.425173,-21,-11,-3,-3,0,0,-7,-86,2
94.425202,8,35,15,4,22,-82,-5,64,2
94.427078,81,-36,-12,-5,-17,91,-1,-46,2
94.427087,-80,-21,-11,-3,-3,6,12,-5,2
94.439633,-18,24,6,0,-4,-8,2,10,2
94.439655,7,-1,2,2,6,10,-3,-6,2
94.446418,-63,15,-3,-2,0,-37,-6,-15,2
94.446435,31,-38,-11,-8,-3,-18,1,16,2
94.462744,-2,-43,3,0,8,16,1,5,2
94.462769,4,95,17,5,-9,15,3,15,2
94.464992,24,-107,-22,-7,-8,-30,-10,-8,2
94.464999,32,15,-10,-8,-2,17,3,-10,2
94.485124,-37,29,0,2,3,-18,-4,-12,2
94.485148,17,33,11,-2,-51,6,-5,5,2
94.486885,-28,-35,20,9,61,8,0,0,2
94.489319,-24,-16,-3,0,-5,-9,-5,-45,2
94.499622,45,71,-6,-3,2,10,1,61,2
94.499651,-103,-29,-18,-14,-32,-20,0,-19,2
94.506292,80,-22,-13,-3,-11,-16,-12,-35,2
94.506315,40,33,8,0,1,-3,-1,18,2
94.522577,22,11,3,2,0,2,1,28,2
94.522593,6,0,-2,-1,16,25,2,18,2
94.524211,-34,33,4,2,-15,-21,-3,7,2
94.524299,-11,35,-1,-3,5,0,-5,5,2
94.545011,8,-36,3,0,-14,-5,-2,-17,2
94.545020,8,-51,-7,2,11,11,-1,-20,2
94.546574,-23,18,3,-1,-3,-11,2,12,2
94.546589,14,-1,2,0,1,-3,-4,17,2
94.559484,1,46,4,-5,-6,0,-1,7,2
94.559501,18,-57,-1,5,22,24,11,-1,2
94.566665,-115,-56,-18,-5,-4,-10,-10,-42,2
94.566698,54,-40,-10,-4,-13,-2,-1,34,2
94.583010,-1,15,2,-2,15,-4,7,69,2
94.583047,-67,-1,9,5,-7,-20,-7,-40,2
94.584954,80,85,2,1,-11,-3,4,32,2
94.584965,-32,-5,-12,-4,3,0,-3,-2,2
94.605307,43,21,48,17,3,-15,0,-42,2
94.605312,-12,-74,-21,-9,0,32,-1,7,2
94.606649,-7,23,-1,1,1,-6,-1,0,2
94.606665,-27,-41,-2,-5,-4,-1,-6,-25,2
94.621715,11,-26,-22,-1,-18,-8,4,44,2
94.621720,36,17,-5,-1,10,54,-10,-13,2
94.627038,18,81,22,1,-21,-22,3,-54,2
94.627088,-22,1,-9,-5,-17,40,-18,-54,2
94.642703,-32,-24,-30,-15,-28,-17,1,14,2
94.642721,1,11,11,1,43,10,1,10,2
94.644901,4,-19,-2,5,9,-7,2,66,2
94.644907,29,70,19,4,-1,-17,3,-4,2
94.664090,-12,-12,0,2,14,19,-2,-35,2
94.664111,-4,54,-3,-1,-21,-28,-5,-21,2
94.672947,-31,-50,-1,1,3,4,3,17,2
94.672951,-10,-22,0,4,8,-13,3,16,2
94.679837,-15,-9,-8,-3,-9,4,-8,-21,2
94.679865,-11,-21,-8,-2,-3,-7,6,12,2
94.686685,43,36,12,-1,-8,-6,-1,0,2
94.686715,-9,14,2,2,1,16,2,21,2
94.702623,-21,-33,-13,-7,5,-10,-6,4,2
94.702651,19,120,43,18,27,15,3,-3,2
94.704318,-5,-105,-30,-11,-8,9,-6,-8,2
94.704365,-43,14,1,3,12,-10,-3,14,2
94.725110,-10,24,1,-2,4,7,-5,-29,2
94.725133,-19,29,-5,-5,-14,-12,-1,-6,2
94.727942,13,-5,-2,-2,6,-1,-2,-7,2
94.727954,23,13,1,-1,0,-2,3,28,2
94.738771,-13,-10,2,2,-5,-5,-3,-16,2
94.738789,32,-46,-11,-5,-3,-14,-2,-2,2
94.748606,-39,109,25,9,35,28,-9,22,2
94.748676,-8,19,1,-2,-36,-49,5,-38,2
94.762507,51,-98,-12,1,5,-1,2,17,2
94.762556,-27,52,-6,-4,-6,1,-3,10,2
94.763967,-116,-99,-35,-14,-51,-73,-22,-93,2
94.763984,15,57,13,5,26,24,8,12,2
94.785165,29,34,4,1,4,1,10,29,2
94.785187,60,-85,-11,-4,-4,-18,-4,-7,2
94.787375,-20,39,19,1,-22,8,5,31,2
94.787387,9,10,1,2,1,5,-10,9,2
94.798939,-51,29,-4,-2,-8,-13,9,-40,2
94.798986,36,-63,-2,1,-9,3,4,20,2
94.808053,57,-30,-9,-6,12,12,4,11,2
94.808068,9,64,17,3,-2,-8,-1,38,2
94.823432,30,-78,-11,-6,12,49,-4,-41,2
94.823438,-4,57,-3,-2,-11,-10,-3,5,2
94.824130,10,47,3,0,-11,0,10,-16,2
94.824138,-47,-50,-9,-1,41,7,1,18,2
94.845597,-25,40,4,1,-10,-12,-6,-8,2
94.845628,24,-13,0,-4,-4,-3,1,-1,2
94.847817,15,16,-17,-8,-5,-3,-7,-4,2
94.847821,27,47,24,8,5,-3,2,-4,2
94.858779,-31,-74,5,3,-7,-2,2,-8,2
94.858802,85,14,-3,3,25,10,4,48,2
94.869990,-85,12,-4,-1,-11,-5,-9,-41,2
94.870003,-38,-105,-14,-6,-31,-20,6,-4,2
94.883271,-64,19,1,-1,3,27,-17,-42,2
94.883302,64,-25,-6,-4,-19,-15,5,-5,2
94.885869,-6,-12,-1,2,21,2,5,-4,2
94.885876,0,19,-4,-4,-14,3,-11,-16,2
94.905063,80,6,-3,-2,-3,-10,-4,18,2
94.905086,-9,-20,8,4,10,-5,2,35,2
94.906571,61,47,-2,-7,19,7,4,29,2
94.906590,-22,-30,-11,7,-4,10,1,-9,2
94.918935,-33,62,13,5,-9,-4,1,-33,2
94.918960,-65,-49,-6,-3,16,3,-5,-45,2
94.929063,38,5,5,1,-1,2,-4,12,2
94.929075,10,-39,-12,-6,5,6,-1,-14,2
94.942900,30,43,8,2,9,-16,3,46,2
94.942936,-58,96,8,2,-25,4,-4,-21,2
94.944224,84,-112,-11,-1,1,3,-1,-6,2
94.944315,11,41,-13,-10,7,-4,-4,14,2
94.964990,17,19,2,-2,4,0,8,9,2
94.965033,-6,47,-4,0,-25,-1,-4,-11,2
94.966825,-74,-37,-2,4,-2,2,-2,15,2
94.966848,58,48,1,-1,8,-4,-12,26,2
94.979097,-65,-7,-5,-3,5,-3,20,-9,2
94.979106,25,27,0,-5,-4,8,1,11,2
94.988772,-18,99,18,6,23,-25,-2,27,2
94.988777,-14,-119,-27,-8,-13,4,-11,-46,2
95.002817,19,6,3,2,9,-3,4,-7,2
95.002842,-24,-11,-4,-3,18,-22,5,79,2
95.004676,-89,-55,-4,1,-24,22,-7,-66,2
95.004683,7,79,12,-3,16,29,6,26,2
95.025476,69,-80,-7,-1,-43,-62,-12,-21,2
95.025492,22,-18,-7,-5,-3,7,-2,-16,2
95.026742,47,35,-5,1,5,-2,3,32,2
95.026758,4,-7,2,4,-2,4,10,-26,2
95.039932,-15,43,-2,-3,8,15,-8,-5,2
95.039941,-19,-22,4,4,-8,-5,0,-11,2
95.051041,10,49,15,0,2,-8,-1,23,2
95.051055,84,-1,-10,-4,-13,-5,-2,-14,2
95.062633,-38,-23,-7,-5,-15,4,-3,44,2
95.062649,-84,-6,-9,-3,10,-6,-6,-47,2
95.064036,3,-6,5,2,5,13,4,-33,2
95.064051,27,38,14,2,3,-5,10,82,2
95.085460,-20,5,-3,3,3,6,-4,-16,2
95.085502,26,30,1,-3,-3,-19,-17,-19,2
95.087593,19,-5,3,0,-11,24,30,-16,2
95.087605,-104,-75,-3,4,-9,-4,7,0,2
95.099399,23,33,6,0,-21,3,-7,30,2
95.099428,-113,-37,-7,1,46,0,-4,-59,2
95.107657,51,58,4,0,13,-23,-9,-7,2
95.107692,47,26,-2,-6,19,33,2,9,2
95.122576,-63,-41,-8,1,-12,-17,3,13,2
95.122596,13,14,3,-1,-22,6,3,17,2
95.124156,62,9,2,-3,-9,-8,-7,18,2
95.124172,-71,-24,-6,-2,-1,-14,-1,-6,2
95.145024,21,20,-7,-2,13,10,-5,-24,2
95.145047,-22,46,12,4,-4,7,-4,-7,2
95.146546,-22,-37,-14,-5,-9,-9,-5,14,2
95.146581,1,-9,0,-4,-13,-8,-5,-24,2
95.158743,2,35,-6,-1,14,8,1,11,2
95.158765,5,-8,-3,1,-9,-5,3,-4,2
95.167808,-2,-51,-2,-1,5,8,-1,10,2
95.167824,-35,83,4,-4,-19,-24,-5,-3,2
95.184210,75,-76,0,7,59,36,2,-20,2
95.184221,-29,-4,-3,0,-11,5,9,65,2
95.184224,-49,-23,-7,-1,-15,-2,-10,-14,2
95.184284,1,-78,-6,0,17,-2,-2,20,2
95.205151,13,41,7,-3,-5,-16,-1,-54,2
95.205175,26,10,-5,-5,-6,1,-2,-7,2
95.206590,47,-35,-5,-5,14,8,3,43,2
95.206595,-5,60,-11,3,-25,39,-15,-28,2
95.230850,33,32,33,2,0,-39,2,28,2
95.230857,66,-39,-1,2,9,18,0,6,2
95.230859,-11,40,-1,1,-8,1,3,4,2
95.230861,74,16,-7,-7,3,3,-3,-16,2
97.252990,-3,-23,-7,-2,-2,-1,-2,-4,0
97.253408,-2,-1,6,0,0,0,-1,0,0
97.255111,-1,-1,-6,-3,-2,-2,-1,-1,0
97.255169,-1,-1,4,0,-3,-4,-3,-1,0
97.267310,0,6,0,0,1,0,0,-1,0
97.267343,0,3,-3,-5,-1,-3,0,-2,0
97.273768,-3,-1,1,2,-1,-1,0,-2,0
97.273791,0,6,-6,-2,-1,-1,-2,-1,0
97.290076,-2,-8,0,-3,-1,-1,1,1,0
97.290095,-4,-7,-5,-2,-3,-3,-4,-9,0
97.291603,1,2,0,-1,-1,1,0,1,0
97.291622,0,0,1,0,1,0,-2,-1,0
97.312565,1,2,-1,-1,-1,0,-3,0,0
97.312586,0,3,6,0,0,0,-1,2,0
97.314035,1,0,-6,0,-2,-2,-2,-1,0
97.314048,-2,-6,-1,-1,0,-1,-1,-1,0
97.327148,-1,-2,-3,0,-1,-1,1,-1,0
97.329621,-1,0,-3,-1,-1,-1,-1,0,0
97.334249,-1,0,-1,-2,-1,0,-2,-1,0
97.334284,1,1,6,-4,0,0,1,1,0
97.352071,-2,0,0,3,0,1,-1,-2,0
97.352076,-1,1,-1,1,-1,-1,-1,0,0
97.352079,-1,-4,-2,0,-3,1,-1,-1,0
97.352080,-3,-4,-3,-1,-2,-1,-1,-2,0
97.372695,-1,5,-2,-5,-3,-3,-2,-2,0
97.372717,1,-8,-5,-3,0,-1,0,-1,0
97.374226,1,3,17,4,0,-1,-1,0,0
97.374241,0,-4,1,1,-1,-3,-1,0,0
97.387420,0,-2,-4,-3,-2,-2,0,-1,0
97.387440,-4,1,-2,1,-1,0,1,2,0
97.393954,-1,-3,-4,-5,-1,-2,-1,-3,0
97.393970,-4,-3,-4,-2,-2,0,-2,-4,0
97.410509,1,17,6,3,-1,-2,-1,-1,0
97.411914,-1,-9,-1,1,-1,1,-4,-1,0
97.411919,0,0,0,-1,-2,-1,-2,0,0
97.411921,-1,-3,-5,1,3,1,0,0,0
97.433256,1,-4,-2,-2,-1,0,-2,0,0
97.433286,-1,4,1,1,-1,0,0,-1,0
97.434623,-1,1,2,2,-1,-2,1,-1,0
97.434747,-1,-2,-6,-2,-2,-2,-1,0,0
97.446909,-1,-1,2,-4,-2,-1,-2,0,0
97.446926,-2,-4,-5,2,1,-1,1,1,0
97.454214,-1,-3,-8,-3,-1,0,-1,-1,0
97.454257,-1,0,5,4,0,0,-1,0,0
97.472245,-1,-2,-1,-3,-1,-1,-1,-1,0
97.472269,0,-1,-2,-1,0,-1,-2,-3,0
97.473624,-3,1,-3,-3,-1,-1,-1,0,0
97.473635,-1,-1,-1,-2,-3,-1,-2,-1,0
97.492180,0,2,1,1,-2,-1,-1,1,0
97.492188,2,-5,-2,-4,-2,0,-1,1,0
97.492615,-2,-5,-4,-1,0,0,1,-1,0
97.492690,0,-2,4,1,-1,-1,0,0,0
97.514578,-3,-7,-7,-2,0,-1,-3,-5,0
97.514602,-1,6,4,-1,0,-2,0,-1,0
97.515660,0,-3,2,-2,0,-1,-1,-1,0
97.515765,1,7,1,2,-2,0,-1,-1,0
97.529458,0,2,-2,-1,0,-1,-1,-1,0
97.529481,-2,-3,-6,-4,-1,-1,-2,-3,0
97.530826,-1,-2,-2,0,0,0,-2,1,0
97.530836,-2,-4,-5,-3,-2,0,-1,-1,0
97.552027,0,0,0,-1,-1,-1,0,0,0
97.552048,1,0,-2,0,-1,-3,-3,-4,0
97.553264,-1,-6,-4,-2,-2,-1,-2,-1,0
97.553278,1,3,2,0,-1,-1,-1,0,0
97.566388,-1,-2,-3,-2,-2,1,1,0,0
97.568082,-1,2,6,-3,-2,-2,0,1,0
97.573742,0,-2,-8,-1,-2,0,-2,-2,0
97.573758,-2,-3,-1,-2,-1,-1,-1,-2,0
97.589362,-1,-1,-3,0,-1,1,-2,-1,0
97.589378,0,0,0,2,-1,-2,1,1,0
97.590099,-1,1,1,-1,-1,-2,-2,-1,0
97.590136,-5,-2,1,-2,1,-2,-1,-2,0
97.612008,0,-8,-9,-2,-2,-1,-2,-2,0
97.612032,-1,4,0,0,-1,-1,-2,-1,0
97.612913,0,-8,-3,-1,-1,-1,2,-2,0
97.612918,1,-4,0,-1,-1,-1,-1,1,0
97.626650,-3,-1,0,-1,-1,-2,1,-1,0
97.628304,-2,-1,1,0,-1,-1,-1,-2,0
97.635123,2,4,-6,-3,-1,-2,-1,3,0
97.635129,-5,-9,-5,-1,-3,-2,-3,-8,0
97.651823,0,7,7,1,1,1,0,1,0
97.651829,-1,2,-2,-2,-1,-1,-1,-3,0
97.651831,0,0,1,-3,-3,-1,-1,-2,0
97.651833,3,3,-3,-3,-1,-2,0,2,0
97.672012,0,-3,3,1,1,-1,1,0,0
97.672034,0,-2,-4,-3,-1,0,1,-1,0
97.672579,-3,-3,-3,-1,0,-1,-1,-1,0
97.672653,-3,-1,2,-2,-1,0,-3,-1,0
97.686628,-1,0,1,-1,-1,-2,0,-1,0
97.686666,0,3,0,-1,-1,-1,-1,0,0
97.693923,-1,-4,6,0,-2,-2,0,-2,0
97.693946,1,10,-9,-4,-2,-1,-1,0,0
97.709702,-3,-14,6,2,0,-2,-1,-2,0
97.709770,-2,0,3,2,-1,1,-2,0,0
97.711948,-2,2,-2,0,-1,-1,-1,-1,0
97.711959,-4,-2,1,-3,-1,0,-1,-3,0
97.732629,6,2,-9,-3,-3,0,-2,0,0
97.732658,2,-3,-5,-2,0,-1,-2,-1,0
97.734674,1,-3,3,0,1,0,0,-1,0
97.734690,-13,-2,3,2,-1,-1,-1,1,0
97.746793,-4,-4,-8,-6,-1,-3,1,0,0
97.746859,0,0,6,1,1,-2,-4,-2,0
97.754107,5,9,-1,1,-2,1,0,0,0
97.754190,1,0,1,0,-1,-2,0,0,0
97.769370,-4,-4,-2,-2,-2,-2,-2,-2,0
97.769390,-3,-5,-6,-3,-2,0,0,-2,0
97.770674,-3,-1,1,-5,-1,-1,-1,1,0
97.770678,3,0,-10,-4,-2,-2,-2,-1,0
97.791898,0,7,14,7,2,0,0,-2,0
97.791921,0,1,2,0,0,0,1,0,0
97.792621,-1,-1,-2,0,0,-2,-2,-3,0
97.792692,2,-4,1,-3,-2,1,1,0,0
97.814852,1,1,-8,-3,-2,-1,-2,0,0
97.814972,-1,-1,0,3,-1,0,-1,1,0
97.818119,-3,3,6,-1,0,0,0,-3,0
97.818130,2,4,1,0,-2,-3,-1,-1,0
97.829796,-1,-14,-15,-4,-1,-1,-1,1,0
97.829826,-2,-3,6,2,-1,0,-2,0,0
97.832069,0,-2,6,0,-1,-1,-1,2,0
97.832073,1,-4,-2,2,0,1,-1,-2,0
97.851942,-5,2,0,-3,-2,-1,-3,-3,0
97.851956,-2,3,-6,-5,-2,-2,-1,0,0
97.852726,-3,0,-4,0,-2,-1,-2,-2,0
97.852744,5,-4,4,3,0,-1,-1,1,0
97.867560,1,13,1,0,-2,-2,-3,-1,0
97.867571,-2,-3,-6,-3,-3,0,-2,0,0
97.873803,1,3,1,-2,-1,-1,-1,-2,0
97.873826,-2,-5,-4,1,-1,0,-1,-1,0
97.889383,-11,-3,-1,1,0,-2,-2,0,0
97.889402,1,-6,-1,0,-1,0,-1,0,0
97.890185,2,1,-1,-1,-3,1,0,-1,0
97.890203,0,-2,-2,-3,-1,-1,-1,-3,0
97.913116,3,-3,-2,-3,-3,0,-2,-1,0
97.913121,-4,-1,3,1,-3,-2,-3,-1,0
97.913123,-4,-3,-7,-2,0,-1,-2,0,0
97.913124,-1,1,1,1,0,-1,-1,1,0
97.934749,-2,0,0,-2,-1,-1,-2,-2,0
97.934772,-1,0,1,-3,0,0,0,-2,0
97.935879,1,14,-4,-1,0,0,-1,0,0
97.935884,-3,-15,-1,-3,-2,-1,-2,-1,0
97.949960,0,0,2,1,-2,-2,-1,0,0
97.949979,0,-1,-2,-2,-2,-1,-1,-1,0
97.951998,-2,-3,-1,-3,0,0,0,-3,0
97.952005,-4,3,-8,0,1,0,0,-2,0
97.972080,1,2,4,0,0,-1,0,-1,0
97.972104,-2,-3,-1,-1,-3,-3,-1,-2,0
97.973272,-1,-1,0,0,-2,-2,-2,0,0
97.973277,8,2,-3,-2,-2,0,-1,1,0
97.994561,-5,-11,-4,-2,-1,-1,-1,-3,0
97.994583,0,12,6,1,0,0,0,-1,0
97.995099,-3,-8,-5,-3,-1,-2,-3,-2,0
97.995117,0,4,5,1,0,-1,0,-1,0
98.010048,5,-3,4,4,-1,0,1,1,0
98.010069,-2,-3,-4,-4,-3,-2,-1,1,0
98.011682,-2,-6,-4,2,0,0,-1,-1,0
98.011690,2,-2,-1,-2,-1,0,-1,-1,0
98.032260,-1,2,-2,0,-1,-2,0,0,0
98.032289,4,-3,-4,-2,-1,-1,-1,-1,0
98.034213,-8,-4,-2,-3,1,0,-1,-2,0
98.034220,-4,1,2,1,-2,-1,-1,-1,0
98.055046,-1,3,0,-2,0,-1,-1,-2,0
98.055059,2,-5,-5,1,0,-1,0,1,0
98.055114,3,0,1,-1,-1,-2,0,-2,0
98.055124,-6,0,-3,-2,0,-2,0,-3,0
98.069495,0,-6,-1,0,-1,1,0,1,0
98.069502,1,-1,5,0,-2,-2,-1,-1,0
98.070253,-2,-5,-3,1,-2,-1,0,0,0
98.070287,-1,6,1,0,1,-1,0,0,0
98.091989,2,4,-1,2,0,-1,0,1,0
98.092011,-4,-4,-4,-2,-1,-1,-2,-3,0
98.093615,0,6,8,-1,-2,-1,0,0,0
98.093629,-1,-4,-1,-2,0,-1,-2,0,0
98.114368,-2,0,-1,-1,-1,-2,-1,-1,0
98.114384,-2,-4,-4,0,0,0,1,0,0
98.116208,0,-1,-5,-4,-2,0,-1,-1,0
98.116216,0,-3,1,1,0,-1,-2,-2,0
98.129436,1,-4,-1,-3,0,0,1,1,0
98.129451,-1,-2,1,-1,-1,0,-1,-2,0
98.130972,-5,7,2,2,-1,0,-2,-3,0
98.130978,-2,-2,2,-1,0,-1,-1,-2,0
98.152307,-3,2,1,-2,-2,-2,-1,-1,0
98.152347,0,-2,-1,-2,-2,-2,-2,-1,0
98.153088,0,-8,-5,-1,-2,-1,-2,1,0
98.153132,1,1,-4,1,-1,0,-1,0,0
98.174442,-3,2,5,1,0,0,0,-2,0
98.174464,-1,0,0,1,0,1,-1,-1,0
98.176614,1,8,-4,0,-1,0,0,-1,0
98.176621,-4,-13,2,-2,-1,-1,-3,-2,0
98.189469,0,-3,-3,-1,-2,-1,-1,-3,0
98.189490,-1,-2,-5,-4,-1,-1,0,0,0
98.191459,1,2,-7,-5,-2,-3,-1,-2,0
98.191465,-2,1,11,10,2,2,0,0,0
98.211771,0,0,-4,-2,-1,-2,-1,0,0
98.211779,-2,3,3,1,-2,-1,0,0,0
98.212588,0,-6,-7,-4,-2,-1,-1,0,0
98.212602,-2,1,-6,-6,-4,-1,-1,-2,0
98.234504,-1,-3,-1,0,-2,0,-1,-1,0
98.234527,-1,3,0,-2,2,-1,-1,-1,0
98.236811,0,-5,-1,-1,-1,-2,1,0,0
98.236819,0,-3,-5,-4,-2,0,0,1,0
98.249786,2,7,5,2,-1,0,-3,0,0
98.249817,-2,-4,-1,1,0,-1,-1,-4,0
98.251655,2,-8,1,1,-1,2,1,1,0
98.251707,0,10,0,-2,-1,-4,-2,0,0
98.272964,-3,-4,-5,-5,-1,-1,-2,-1,0
98.272972,4,1,-1,-1,0,0,0,-1,0
98.272976,0,-5,1,-3,1,-1,-2,0,0
98.272980,-1,-1,-3,2,-2,0,-1,1,0
98.294553,-1,1,0,-1,-2,-1,0,-1,0
98.294586,-1,0,0,0,-2,-1,-1,-1,0
98.296534,-4,-2,-1,-1,-1,-2,1,-1,0
98.296538,1,0,-3,-3,-2,-1,-3,-2,0
98.309364,0,3,-6,-3,-2,-1,-1,-3,0
98.309385,-3,-8,10,6,2,0,0,-2,0
98.311723,-3,0,-4,0,-1,1,0,-1,0
98.311729,-2,-6,0,-1,1,-1,0,-3,0
98.331845,0,-2,-4,-1,-2,-2,-2,-4,0
98.331867,-1,0,-7,-8,-3,-1,-1,-1,0
98.334385,-1,2,2,-1,-1,-1,-2,0,0
98.334398,-1,3,3,2,-2,0,0,1,0
98.354547,0,-3,1,0,1,1,0,-1,0
98.354566,-1,0,-6,-2,-3,-2,1,-1,0
98.355111,1,0,2,0,0,-1,0,-1,0
98.355125,0,-2,-5,-2,-2,-1,-1,0,0
98.369618,-1,-2,1,-2,-1,-1,-1,0,0
98.369642,-2,-2,1,-1,-2,-2,-2,-2,0
98.370994,-1,-1,-3,-3,-2,-3,-1,-4,0
98.371000,0,-4,-1,0,0,-1,1,-1,0
98.392324,-1,-3,-1,0,0,0,0,0,0
98.392352,0,4,0,-1,0,-1,0,1,0
98.394551,-1,1,2,2,-1,-1,-1,-1,0
98.394561,0,1,-2,-5,-1,-1,-1,-1,0
98.414334,-1,-4,-3,-2,-1,-1,0,-2,0
98.414351,-2,-1,-4,0,-2,-3,-2,1,0
98.415082,1,-3,-1,1,-2,-1,-2,-3,0
98.415095,-2,0,3,0,-1,-1,-1,1,0
98.429627,-2,-1,-2,0,-2,0,-1,-1,0
98.429649,0,3,0,-5,0,0,0,1,0
98.431106,-1,-4,-6,0,-1,0,-1,0,0
98.431110,-2,-14,-4,0,1,-2,-1,0,0
98.452040,-3,6,4,-1,0,-1,0,0,0
98.452065,-3,1,-2,-3,-1,-1,0,-2,0
98.453895,2,0,5,-2,-1,-1,-1,-1,0
98.453908,1,2,-3,1,0,0,1,0,0
98.476340,0,-3,-3,-3,0,-1,-1,2,0
98.476344,-2,-4,1,1,1,-1,-2,0,0
98.476347,-3,1,-1,-1,0,-2,-2,-1,0
98.476348,0,-1,-5,-4,-1,-3,-1,1,0
98.489371,-1,-5,1,3,0,-1,-2,-3,0
98.489389,-1,0,-2,0,-2,0,-2,-1,0
98.491098,0,-5,-4,0,-1,0,1,-1,0
98.491102,-2,3,-2,-5,-2,-1,-1,-1,0
98.511907,0,-2,1,1,-1,-2,1,-1,0
98.511928,1,-1,-1,1,-1,-1,0,0,0
98.512589,-1,-1,2,0,0,-1,-1,0,0
98.512603,-1,-3,-5,0,-2,-3,-2,-1,0
98.534757,0,-5,0,-3,-2,-2,-1,-1,0
98.534781,0,9,4,1,0,0,0,-2,0
98.536286,-1,-1,-2,-1,-1,-1,1,1,0
98.536293,0,6,7,2,1,0,-1,-3,0
98.557650,-3,-10,-10,-3,-1,-2,-2,0,0
98.557667,0,-7,-6,-1,1,-1,-1,-1,0
98.558177,-1,3,1,-3,-2,0,-2,-1,0
98.558183,-2,-12,-6,-5,-2,-2,0,0,0
98.571827,-1,-1,2,1,1,1,1,-3,0
98.571845,-1,-3,0,-1,-1,0,-1,-2,0
98.572601,-3,0,0,3,1,-1,1,-1,0
98.572635,0,3,-2,-1,-3,0,-1,-1,0
98.594351,-1,4,-4,-8,-2,0,-3,-2,0
98.594374,-1,-1,5,-1,0,-1,1,1,0
98.596427,-1,-1,-8,-4,-1,-1,-1,-1,0
98.596433,-1,1,1,1,-2,0,-1,-4,0
98.609273,0,1,5,-1,0,-1,-2,0,0
98.610986,-1,-3,-4,-4,-2,-2,-2,-1,0
98.617104,-1,-6,0,-1,-1,0,-1,-1,0
98.617122,-2,-1,-2,-2,0,-2,0,-1,0
98.631970,-1,-3,-3,-1,-2,-1,-2,-1,0
98.631976,-1,2,3,0,-1,-3,-1,-2,0
98.632810,0,-5,1,1,-1,-1,-1,-1,0
98.632897,-2,-2,-5,-1,-2,-2,-2,-1,0
98.654705,1,5,1,0,0,-2,-1,-1,0
98.654732,-1,0,2,0,-1,0,1,2,0
98.657253,3,1,-3,-2,-2,-1,-2,-1,0
98.657260,-2,-5,-5,-5,-3,-1,-2,0,0
98.668775,1,0,-2,2,-1,-1,0,0,0
98.668794,-3,5,-10,0,-1,0,-2,-1,0
98.679216,1,-8,15,3,0,-1,1,0,0
98.679221,-2,1,-2,-1,-1,-2,-1,-4,0
98.694525,-1,-4,-3,-5,-3,-1,-1,0,0
98.694531,-2,-6,-8,-3,-2,-1,0,-3,0
98.694533,1,2,-5,-2,0,0,0,-1,0
98.694534,-2,2,6,0,0,-2,-1,-1,0
98.715359,-2,4,2,1,1,0,-1,0,0
98.715388,0,-1,2,-1,0,-2,-2,-1,0
98.715394,-3,-4,-8,0,-1,-1,-1,1,0
98.715399,0,2,1,-3,-1,-1,0,1,0
98.728722,-1,-1,3,2,-2,-2,-1,-1,0
98.728743,-2,-4,-1,-3,-2,-2,-2,-2,0
98.737140,-3,-1,-4,-7,-1,-3,-2,-2,0
98.737160,0,-3,-9,1,0,0,0,1,0
98.751896,0,8,4,4,1,-1,0,-1,0
98.751915,0,-2,4,0,-2,-2,0,-1,0
98.753883,-3,4,0,1,-2,-2,-1,-1,0
98.753967,-2,-7,-7,-2,-2,-1,-1,-2,0
98.774601,-2,-2,-4,-3,-2,0,1,0,0
98.774629,5,1,-1,-5,-2,-1,-2,-1,0
98.775425,0,1,3,4,-1,-2,-2,-2,0
98.775450,-1,1,2,1,1,0,0,-1,0
98.788888,-1,-2,-3,-2,0,1,0,0,0
98.788912,-3,0,-3,-2,0,0,-1,1,0
98.796839,-2,-2,-1,-2,-2,-3,-1,-1,0
98.796855,1,17,-1,-1,-2,-1,-2,0,0
98.812051,-1,-15,0,0,-2,-1,0,-2,0
98.812074,-2,-1,-1,-3,-1,0,-1,-3,0
98.813304,-2,0,-4,-2,-1,-1,0,0,0
98.813308,1,0,5,4,1,0,1,0,0
98.834908,-1,4,0,-3,-1,-1,-3,-4,0
98.834917,-1,-7,-11,-2,0,3,1,1,0
98.835197,0,1,2,0,1,1,0,-1,0
98.835205,-4,-8,-3,-3,0,-1,-2,-4,0
98.850862,-1,0,-2,-1,-1,-1,-1,-1,0
98.850869,-2,-5,-2,1,-2,-1,-1,-2,0
98.856996,0,5,1,-4,-1,-1,0,-2,0
98.857014,1,-5,-1,5,2,1,0,1,0
98.871933,0,0,-1,1,-1,-2,-1,0,0
98.871956,-2,2,1,0,-1,-1,-2,0,0
98.872991,-2,-4,-4,-4,-1,-1,0,1,0
98.872995,0,1,3,-2,-1,-2,-1,-2,0
98.895021,-1,0,-7,-2,0,-3,-1,-2,0
98.895051,1,1,3,1,0,1,-1,0,0
98.896938,-1,-1,-5,-2,-2,-1,-1,-1,0
98.896943,-2,-3,4,-1,0,0,-1,1,0
98.909205,3,0,2,0,-1,-2,-1,-1,0
98.909239,-3,9,2,-2,-2,-1,-1,-3,0
98.917604,-1,-17,-3,-2,0,0,-2,-1,0
98.917651,-2,-1,-6,-3,-2,-2,-1,-1,0
98.931869,-1,-1,-6,-4,-2,-2,0,-2,0
98.931890,-1,0,3,2,1,0,0,0,0
98.932501,-1,4,-1,-2,-1,-3,-1,-2,0
98.932541,1,6,4,1,0,0,1,-1,0
98.954647,-2,-5,0,-1,-2,-2,0,-2,0
98.954665,-2,-4,-5,-4,-2,-2,0,-1,0
98.956272,0,0,-3,3,0,-1,-1,0,0
98.956277,-2,-6,5,-1,-1,-2,1,0,0
98.978016,0,4,-5,-3,-1,-1,0,0,0
98.978037,-2,-6,3,4,-1,0,0,-4,0
98.978243,0,-1,-2,-3,-1,0,0,-2,0
98.978312,0,2,1,-3,-1,0,-3,-1,0
98.992063,1,-4,-2,-1,1,0,-2,1,0
98.992081,1,-3,-3,-2,-1,-1,-1,1,0
98.992564,-2,-2,1,-1,0,0,-2,-1,0
98.992578,0,1,-2,-1,0,-2,0,-1,0
99.015067,-3,2,1,-3,-1,0,0,0,0
99.015098,0,-3,-6,1,0,-2,-2,-1,0
99.017630,0,5,2,1,0,0,-1,0,0
99.017637,-2,-1,-1,1,0,0,1,0,0
99.037604,-2,-2,-4,-3,0,-2,-2,-5,0
99.037617,-1,-7,3,-4,-2,-1,-1,-1,0
99.038191,-2,-2,-1,4,0,-1,0,-1,0
99.038198,1,-6,-2,-1,-1,-1,0,-1,0
99.053529,-1,1,1,0,1,0,0,0,0
99.053538,-1,7,-1,0,1,-1,-1,0,0
99.053541,0,-2,-7,-3,-3,-1,0,-1,0
99.053542,-1,3,3,-2,-3,-1,-2,-1,0
99.074400,0,-4,-1,2,1,-1,0,1,0
99.074423,0,-2,0,0,1,0,1,2,0
99.076851,0,0,6,-1,1,-1,-3,-3,0
99.076858,-2,0,-3,-2,-3,-1,-2,-3,0
99.097509,-1,-1,-1,-1,-2,1,-1,-2,0
99.097525,0,-5,-3,-2,-1,-1,-2,0,0
99.098310,1,3,-1,-2,-3,-1,0,1,0
99.098314,-1,-2,-2,-3,-1,0,-1,-2,0
99.111847,-2,1,3,1,-1,-1,-4,-3,0
99.111869,1,3,-3,-2,0,0,0,-1,0
99.112620,-4,-2,5,0,0,-2,-2,-3,0
99.112624,1,2,2,-3,-1,0,-1,-1,0
99.134487,0,4,-1,0,-1,-1,1,0,0
99.134511,-2,-5,-3,-1,-1,-2,0,-1,0
99.135319,-1,0,3,-1,0,-2,-1,0,0
99.135340,2,11,-8,-1,0,-2,1,-1,0
99.157620,-2,-14,4,0,1,0,0,0,0
99.157644,-1,1,-1,-1,-1,-3,-2,0,0
99.159600,-1,-8,-5,-2,-2,0,-2,-2,0
99.159605,-4,2,-2,0,1,-2,-1,-2,0
99.172068,0,2,-5,0,-2,-1,0,0,0
99.172090,-4,0,-1,-3,0,-1,-1,-2,0
99.173426,1,1,-3,2,-1,-2,-2,0,0
99.173434,-2,-7,-1,-1,0,-1,-2,-1,0
99.194461,-1,1,-1,-2,-1,-1,0,-1,0
99.194478,-2,0,3,-3,-3,-1,-2,-1,0
99.195114,-1,1,4,4,2,0,-1,-1,0
99.195131,0,-5,-3,-3,-2,-1,0,-1,0
99.217811,-3,-2,-2,-2,0,-1,-1,-1,0
99.217836,2,0,-1,-1,-1,-1,-1,0,0
99.219512,0,-1,-5,-4,-2,0,0,0,0
99.219527,-1,-3,0,1,0,0,-1,-1,0
99.231842,0,2,2,2,0,-1,-2,-4,0
99.231857,-1,-2,0,-2,-1,-1,-1,0,0
99.233264,-1,-1,-4,-2,0,0,-2,-2,0
99.233270,-2,-1,6,1,-1,1,-3,-1,0
99.255777,-1,-2,-2,-2,-2,-2,-1,-2,0
99.255785,-1,0,-3,-1,-2,-2,-1,-1,0
99.255787,-1,-2,-1,-4,-3,0,-2,-1,0
99.255831,0,-2,-3,-2,-1,-1,0,-1,0
99.277614,-1,-1,1,1,0,-1,0,2,0
99.277638,-1,4,-3,2,-1,-1,-1,-1,0
99.279716,0,-3,0,-3,-2,-4,0,-1,0
99.279720,-2,1,4,-1,-1,0,-1,-1,0
99.292135,-1,-4,-6,-4,-2,-2,-2,-1,0
99.292156,0,-2,0,1,2,0,-1,0,0
99.293665,0,0,-4,-1,-1,-1,0,-1,0
99.293673,0,-3,-2,-1,-1,-1,-1,0,0
99.315047,-1,1,2,-3,-3,-1,-2,0,0
99.315076,0,-5,2,-2,0,-1,-1,-1,0
99.318337,0,3,-4,1,0,0,-1,1,0
99.318354,-2,-6,1,2,1,1,-1,-2,0
99.337923,-2,5,2,1,-1,-1,1,-1,0
99.338155,-4,-5,-4,-1,-1,-1,-3,-3,0
99.338335,-2,1,-1,-3,-1,-1,-1,-1,0
99.338348,-1,0,-5,-2,0,-1,-3,0,0
99.351972,4,0,2,3,0,-1,-2,0,0
99.352022,-3,2,0,-2,-1,-1,0,-1,0
99.352985,-1,-10,-1,-1,-1,-1,-1,-3,0
99.353023,1,14,4,0,-1,-1,-1,0,0
99.375084,1,13,-7,-4,-1,-2,-2,-2,0
99.375113,-4,-16,-1,0,-1,-2,0,0,0
99.377373,0,0,-1,0,-1,0,-1,-1,0
99.377377,0,-7,-5,-6,-1,-3,0,-1,0
99.397532,-2,-3,-1,1,-1,-1,-1,1,0
99.397554,-1,6,-1,1,-1,0,0,0,0
99.398154,-2,1,4,0,-2,0,-2,-1,0
99.398169,0,-2,1,0,-2,-1,-1,-1,0
99.411958,0,-5,-3,-3,-1,0,0,1,0
99.411964,2,-3,-4,-2,-3,-1,0,-4,0
99.412537,-3,-1,0,0,-2,0,-2,0,0
99.412544,0,-1,-4,0,0,-2,-1,0,0
99.434582,-3,-3,1,-3,-2,-1,-1,-2,0
99.434603,-1,1,0,0,-1,-1,-1,0,0
99.436036,-2,2,-2,-3,-1,0,-1,0,0
99.436043,-2,-2,0,-2,-2,-1,0,1,0
99.458593,-2,-5,-7,-3,-1,0,0,1,0
99.458601,1,4,3,1,0,0,0,1,0
99.458603,1,3,7,5,0,-2,-1,-2,0
99.458605,-4,-6,-4,1,-1,0,-2,-2,0
99.474665,-4,-7,-1,-3,-1,1,-1,-4,0
99.474673,-3,-7,-3,-2,0,-1,-2,-2,0
99.474675,-1,27,0,-2,-1,0,-1,-1,0
99.474677,-1,-21,-8,-1,-1,0,0,0,0
99.494537,0,1,6,1,0,-1,0,0,0
99.494555,1,1,-3,-5,-3,-2,-1,0,0
99.495436,-2,-3,0,-1,0,-1,-1,1,0
99.495463,-3,3,-6,-2,-1,-2,-2,-1,0
99.518047,0,-1,-3,-1,2,-2,-1,0,0
99.518069,-1,-5,-8,-4,-1,-2,-2,-3,0
99.519438,-1,-3,6,2,-1,0,-1,0,0
99.519447,1,5,-1,0,-2,1,1,-1,0
99.531965,-3,-4,3,0,-2,-1,-3,-1,0
99.531987,2,1,-5,-1,-1,1,0,1,0
99.534916,-2,-9,-2,-3,-2,-3,0,-1,0
99.534926,2,-2,-3,0,3,0,0,0,0
99.554531,-1,3,3,3,-1,-2,-2,1,0
99.554560,-4,-1,-1,-2,1,-2,-1,-4,0
99.555643,-3,-6,-6,-2,-1,-1,0,-1,0
99.555658,-3,-2,0,-1,-2,-1,-1,0,0
99.577731,0,-1,-8,-4,-2,0,-2,-1,0
99.577756,0,0,5,1,0,0,-1,1,0
99.579031,-1,-6,-3,-1,0,-1,0,-1,0
99.579039,0,25,4,-1,0,-1,0,-1,0
99.591512,0,-18,0,1,0,-1,-2,-1,0
99.591539,-1,7,-1,-2,-3,-1,-2,-4,0
99.599502,-2,-13,-2,-2,-1,0,-1,0,0
99.599521,0,-3,-2,0,-1,-1,-2,-4,0
99.616714,0,7,2,-1,1,0,-2,-2,0
99.616731,0,-3,-2,-1,1,0,-1,2,0
99.616733,-1,-2,-4,0,-3,-1,-1,0,0
99.616735,-2,-3,-3,-3,0,-2,-2,-1,0
99.637701,-1,5,4,0,-4,-2,0,-2,0
99.637719,0,-6,-8,2,-1,-1,-1,0,0
99.638549,1,4,-1,-1,-1,1,-2,-2,0
99.638553,0,-4,4,3,1,0,0,1,0
99.651619,-4,-4,-3,-4,-2,-4,-2,-5,0
99.651640,-1,1,-1,-1,-3,0,1,2,0
99.667168,-2,-6,-6,-5,-1,-2,-2,-5,0
99.667190,1,8,5,1,0,1,-1,1,0
99.674615,0,2,0,2,0,0,1,0,0
99.674637,1,4,2,-2,-1,-1,-3,0,0
99.677725,3,-7,-5,-2,1,0,1,0,0
99.677734,-1,-6,1,-2,-1,-1,-1,-1,0
99.697536,-1,1,-1,2,2,-1,1,1,0
99.697551,-5,11,-3,0,0,-2,-2,-4,0
99.698412,0,-10,5,0,1,-3,-1,0,0
99.698438,-3,-5,-7,-5,-4,-2,-1,-1,0
99.711186,1,-3,-5,-3,0,1,-1,0,0
99.711202,0,-1,2,3,2,2,1,1,0
99.720000,2,6,1,2,-1,2,-1,0,0
99.720035,-4,-1,0,-1,-1,-2,-2,-3,0
99.734487,0,-3,-12,-5,-4,-2,-1,0,0
99.734508,-1,0,5,0,-2,-1,1,-1,0
99.735920,-1,3,-1,0,0,0,-1,0,0
99.735926,-1,-5,-1,-1,-1,0,0,0,0
99.757588,-3,1,-2,-1,-1,-2,0,-2,0
99.757604,0,-4,0,-2,-2,-1,-1,-2,0
99.758296,-1,2,1,0,-1,-2,0,0,0
99.758387,-1,-3,-1,-2,-2,0,-3,-1,0
99.771761,1,7,0,-1,0,-1,0,0,0
99.771767,-2,-6,3,1,0,0,-1,-1,0
99.779644,-2,-7,-7,-6,-3,0,-2,-1,0
99.779674,1,5,2,2,-1,-1,0,0,0
99.795052,0,5,6,6,1,-2,-1,1,0
99.795083,-2,-4,0,0,-2,-2,-2,-1,0
99.796649,-2,2,-4,-2,0,-3,-2,-2,0
99.796653,1,12,-3,-3,0,-2,1,-1,0
99.818929,-3,-22,4,2,0,0,0,-1,0
99.818938,1,2,-2,-4,-2,0,-2,-1,0
99.818940,0,2,2,2,0,-2,-3,-5,0
99.818941,-2,-4,-1,3,1,-1,0,-2,0
99.833011,-2,-2,-9,-3,-2,-1,0,-1,0
99.833019,-2,-4,-2,0,-1,-1,-2,0,0
99.839548,-1,3,0,0,1,0,-1,2,0
99.839576,0,-2,-2,-2,-2,-2,-2,2,0
99.854502,0,1,-3,-2,-4,-2,-2,-1,0
99.854527,0,-6,-4,-2,-2,0,-1,0,0
99.856584,1,3,-1,-2,-1,-1,0,-1,0
99.856589,-2,-4,2,-1,-2,0,-1,-2,0
99.879960,1,1,-2,-1,1,0,-1,-1,0
99.879964,-1,1,3,0,-1,-2,-1,-1,0
99.879966,-2,-1,-4,0,-3,-1,-1,-1,0
99.879968,-1,5,11,5,1,-1,-1,0,0
99.891336,-2,0,-4,-3,0,1,-2,0,0
99.891359,2,4,1,2,-1,0,-1,-3,0
99.899473,-4,-5,-3,-1,-1,0,-1,-1,0
99.899499,-1,-11,-9,-3,-1,-1,-1,-2,0
99.914496,1,5,3,-2,-1,0,-1,-1,0
99.914524,-1,-4,-5,-2,-1,-2,0,0,0
99.915481,-3,-1,1,-3,-2,-1,-1,0,0
99.915502,4,6,-8,-1,1,-3,-2,-1,0
99.936858,-3,-10,6,0,-2,-1,-1,-2,0
99.936882,0,1,1,-3,-1,-1,-1,1,0
99.944517,1,-3,-6,-2,-1,-1,0,0,0
99.944542,-3,0,0,-3,1,0,-1,-3,0
99.960188,-2,1,-3,0,0,0,-2,-2,0
99.960227,-2,-1,2,0,1,0,-1,0,0
99.960831,-2,7,6,4,0,-1,0,0,0
99.960846,-1,-5,-2,-2,-2,-1,-2,1,0
99.974339,2,-1,-5,-3,-2,-1,-1,0,0
99.974356,-3,-3,-4,0,0,-2,-1,-2,0
99.975138,1,0,-3,-1,1,0,-1,0,0
99.975153,-3,-6,-1,-2,-1,-1,-1,-1,0
99.997639,-4,-3,0,-2,-1,-1,-2,-1,0
99.997668,-1,1,-3,-1,-2,-1,0,-1,0
100.001334,1,1,1,-2,-1,-2,-1,-2,0
100.001344,-1,-3,-1,-2,-2,-1,-2,-1,0
100.020402,2,6,0,1,0,-2,-1,-1,0
100.020431,-3,1,1,-1,1,0,-2,-1,0
100.020965,-2,-1,-4,1,-1,-1,0,-1,0
100.020979,0,-11,1,0,-1,-1,0,-2,0
100.036223,-1,12,2,-2,-2,-1,-2,1,0
100.036230,0,-4,-4,-3,-2,0,-1,-1,0
100.036233,-2,-3,-3,-2,-1,0,-1,-2,0
100.036234,-1,-1,-1,0,-1,0,0,0,0
100.057564,0,-5,-6,-2,-1,-1,0,0,0
100.057586,-2,-1,-2,-5,0,0,-2,-1,0
100.058525,1,2,5,2,-1,-2,-1,-1,0
100.058529,1,13,-2,0,1,-1,1,1,0
100.080243,-4,-13,7,0,0,-1,-1,-5,0
100.080265,-3,-1,-5,-1,0,0,0,0,0
100.083300,2,-4,-1,-3,-2,0,0,-1,0
100.083316,-2,-2,-5,-3,-2,-1,-2,0,0
100.094882,0,2,-5,-2,-2,0,0,0,0
100.094912,0,-1,0,-2,0,-2,-2,-1,0
100.097325,-5,-1,-1,0,0,-1,-1,-2,0
100.097332,-1,-2,0,-3,-2,-1,-2,-1,0
100.117936,0,0,-4,-2,1,-1,-1,-1,0
100.117984,-1,-3,1,-3,-2,-2,0,0,0
100.119958,2,3,-2,2,0,-1,-2,0,0
100.119977,0,0,2,1,-1,0,-1,-1,0
100.140648,-4,-3,1,-2,-1,0,0,-2,0
100.140671,-1,6,1,1,-2,0,-2,0,0
100.140675,-6,-8,-1,-4,-1,-2,-1,-2,0
100.140679,-4,-5,-4,-4,-1,-2,0,0,0
100.154895,2,4,1,0,-1,0,-1,2,0
100.154930,-3,-4,-5,-1,-1,-3,-1,-3,0
100.155820,1,3,6,-1,-1,0,-1,-1,0
100.155824,0,-10,-9,-1,-1,-1,-1,-2,0
100.177659,0,5,-7,-4,-1,-3,-2,-2,0
100.177674,-3,-8,10,5,1,0,-1,1,0
100.178239,3,-2,-4,-2,-1,-1,-1,0,0
100.178252,-3,0,6,-1,1,-1,-1,-2,0
100.200756,-1,2,-6,-3,-1,0,-1,0,0
100.203543,-1,2,-3,0,-2,0,-1,-2,0
100.203551,-2,-2,-4,-3,-1,0,-1,-1,0
100.203553,-2,2,-4,-1,-1,0,-2,0,0
100.215185,-1,-4,-1,1,-1,1,-1,0,0
100.215214,3,4,4,2,-1,-2,-2,0,0
100.215220,-1,-2,0,-2,-2,0,1,-1,0
100.215225,-2,0,2,-1,-2,1,0,0,0
100.238501,-3,-10,-5,-2,0,0,-1,-2,0
100.238506,1,10,4,-1,-1,-1,-1,-1,0
100.238508,-4,-3,-4,-4,0,-2,-2,0,0
100.238509,2,-1,-4,-1,-1,-1,-1,1,0
102.264907,9,-7,4,2,-15,-11,8,53,2
102.265050,-34,-71,-6,-7,-3,-35,-14,10,2
102.265052,3,51,10,10,9,36,22,37,2
102.265099,79,64,-3,-18,-45,-79,-19,-22,2
102.285221,-40,-25,-12,-4,60,87,-7,-59,2
102.285239,-20,-22,2,3,-3,34,21,7,2
102.287588,-31,23,-7,-5,0,-63,-36,-24,2
102.287596,23,-11,7,4,-8,20,5,15,2
102.299139,-17,21,-1,0,-2,-8,1,-18,2
102.299169,-6,-39,-4,-7,-16,-15,-2,5,2
102.308990,17,-12,2,1,18,36,18,40,2
102.308996,4,-3,-7,0,-12,8,-2,-5,2
102.322614,-43,3,-2,1,-1,-42,-4,-11,2
102.322637,18,-17,0,0,5,-16,-2,39,2
102.324570,-28,9,-1,-2,-3,14,-12,-54,2
102.324579,53,22,7,2,-45,-8,7,-18,2
102.345231,-36,-41,-6,-2,36,-1,7,-21,2
102.345254,-20,10,-3,1,-9,7,2,-1,2
102.346586,-12,1,-2,-9,10,-13,-7,0,2
102.346603,12,-14,7,4,12,58,22,80,2
102.358786,40,41,5,-2,-22,-55,-2,-10,2
102.358805,-51,-38,-11,-3,3,41,-15,-76,2
102.368678,-28,2,0,0,-34,-49,-4,-15,2
102.368683,15,29,4,0,26,21,3,55,2
102.383023,62,-52,2,2,-8,-11,6,-3,2
102.383062,-13,-10,4,6,9,-7,2,31,2
102.384785,-29,15,-1,-1,-4,29,2,-29,2
102.384791,-4,-14,-2,-4,16,-9,7,2,2
102.406430,1,28,1,1,0,-4,3,10,2
102.406449,27,-80,-13,-8,-9,-33,1,34,2
102.408213,54,26,-3,-1,-9,29,-14,-44,2
102.408362,-52,-1,2,2,-7,-31,2,-4,2
102.419815,-18,26,-3,-4,-10,-3,-15,-39,2
102.419824,-27,-42,-4,-1,31,-7,-15,-78,2
102.428786,15,-3,-5,-3,-2,-2,7,46,2
102.428791,15,0,-5,-5,19,37,-10,-14,2
102.443327,-36,39,4,1,-12,-51,-4,-11,2
102.443351,67,71,15,7,-18,-22,17,97,2
102.445668,-15,4,1,-4,14,-19,-3,-9,2
102.445677,-30,-50,-12,0,19,12,-6,-72,2
102.465103,-13,-16,0,0,-3,55,9,17,2
102.466955,35,30,-2,-3,5,-33,-3,17,2
102.466965,-61,-13,-1,0,-11,50,9,2,2
102.466967,55,40,6,1,1,14,8,35,2
102.479342,90,0,0,2,15,12,6,30,2
102.479372,-68,-25,-13,-16,-37,-20,-9,-52,2
102.488430,-57,-41,-3,3,16,23,-2,-63,2
102.488436,58,-7,-5,3,14,-21,-10,19,2
102.502961,-10,1,4,2,-9,14,19,6,2
102.503004,-6,61,8,1,-3,-24,-4,9,2
102.504176,14,-28,-6,-6,0,-1,6,-11,2
102.504193,63,15,6,3,1,-1,1,5,2
102.525421,-43,28,5,-1,-10,-56,-10,12,2
102.525441,92,31,7,6,10,22,30,13,2
102.527556,-65,-53,-11,-6,-21,-17,-14,-23,2
102.527561,-15,-21,-7,-1,0,24,1,2,2
102.538844,19,30,5,4,-2,38,4,-5,2
102.538862,-27,-79,-1,3,8,0,-3,11,2
102.547884,34,30,8,2,0,-8,8,43,2
102.547889,6,-10,0,-5,-7,-15,-1,5,2
102.562503,29,7,-2,-7,8,-26,-4,-2,2
102.562520,-74,-18,-11,-10,-38,21,-21,-21,2
102.563986,16,5,0,2,40,45,9,6,2
102.564001,44,61,9,5,-12,31,-6,-23,2
102.585172,-118,-95,-25,-11,-3,-58,-7,-31,2
102.585192,13,-13,2,2,23,10,-3,-12,2
102.587041,32,22,3,0,-35,-25,6,24,2
102.587052,-16,4,-3,-3,-3,-12,-12,-22,2
102.599069,56,26,5,5,0,40,13,27,2
102.599085,26,24,3,0,-3,-19,-1,-2,2
102.607700,30,-28,-10,-3,5,27,8,37,2
102.607708,-103,48,-3,-5,-23,-102,-12,-13,2
102.622671,8,-90,-12,-2,9,44,7,-49,2
102.624936,-40,12,1,2,2,-19,-15,4,2
102.624941,-78,-26,-20,-11,-31,2,-6,8,2
102.624943,-85,-30,-6,-4,25,15,-10,-62,2
102.645140,44,19,-2,1,13,14,1,5,2
102.645167,16,45,2,1,-25,-94,0,17,2
102.647480,36,0,4,2,-4,30,5,7,2
102.647485,28,-37,-1,0,5,-1,4,20,2
102.658765,-8,22,12,3,3,-12,-5,12,2
102.658788,27,32,-8,-6,10,62,-11,-19,2
102.669765,-31,7,7,2,0,-25,9,-12,2
102.669781,50,-15,-9,-5,-19,2,-4,12,2
102.682979,56,54,12,7,30,18,12,71,2
102.683013,-15,-87,-6,-3,-8,9,-6,-40,2
102.686476,-8,10,2,-2,7,-31,-9,13,2
102.686483,5,-8,0,3,18,25,2,-16,2
102.705417,-21,22,-2,-6,-17,-26,-4,31,2
102.705451,28,8,5,2,3,-2,-1,-8,2
102.706716,5,-3,0,0,2,-1,1,-16,2
102.706736,-6,23,-3,-3,32,33,8,23,2
102.720121,36,13,4,4,-20,9,0,9,2
102.720131,70,-14,8,-3,-15,17,6,32,2
102.729130,-81,-31,-2,9,27,-4,-13,-52,2
102.729137,-13,-46,-13,-11,-1,6,-2,3,2
102.742858,19,-5,1,7,-11,-27,0,-21,2
102.742891,28,12,-3,1,21,33,2,29,2
102.745472,17,38,3,-5,-14,5,4,8,2
102.745481,28,-9,2,3,-10,-21,0,18,2
102.764994,-49,-31,-6,-3,22,9,-10,-29,2
102.765002,-6,25,4,3,-2,43,14,25,2
102.766800,71,-29,-1,-6,-46,-75,-31,18,2
102.766903,-52,-11,1,4,61,39,21,28,2
102.787646,-31,20,-8,-11,-39,-80,-24,-63,2
102.787665,-13,-59,-7,-4,5,17,-1,-89,2
102.789228,91,45,5,-1,-6,3,12,17,2
102.789235,-50,-20,0,0,-20,-22,-9,-13,2
102.802630,41,-39,-6,-6,4,29,-5,-9,2
102.802660,-96,52,-5,-3,-11,-40,-20,-41,2
102.804533,9,34,5,5,16,15,14,-45,2
102.804549,-16,-70,-4,-2,-34,-20,4,9,2
102.825717,-4,-6,-2,-2,5,30,6,16,2
102.825746,25,28,2,3,-1,-35,-9,5,2
102.827388,-51,-5,6,4,10,15,4,-3,2
102.827393,51,57,7,6,-3,4,2,21,2
102.847549,43,-1,-10,-14,-18,-1,-5,10,2
102.847571,-84,-24,2,1,3,-3,-3,16,2
102.850296,76,17,-2,-4,10,31,3,-1,2
102.850313,44,24,2,2,-29,7,2,24,2
102.862501,-35,-10,-4,-1,2,8,3,-7,2
102.862523,19,7,3,2,34,-15,2,10,2
102.864000,-20,-25,-7,0,-15,-1,-5,7,2
102.864017,11,45,5,-2,-27,-59,-3,-2,2
102.885167,-25,-35,0,1,27,100,7,-14,2
102.885187,93,0,-8,-9,-34,37,-1,30,2
102.886821,8,24,-2,-1,28,-60,6,14,2
102.886842,-61,-19,-5,-9,-23,-3,-4,-33,2
102.907530,13,6,4,6,-11,-1,2,29,2
102.907546,-63,-24,-7,1,-20,-13,-5,-11,2
102.909138,-1,-7,0,0,10,28,-5,-42,2
102.909156,50,-8,-3,-1,-2,-6,-3,-2,2
102.922923,-28,28,3,-2,-1,-24,-6,-23,2
102.922929,-20,23,0,2,15,4,-1,22,2
102.928724,97,-1,-2,-2,-21,48,20,35,2
102.928747,-30,-5,2,0,15,-44,-21,-8,2
102.945081,17,-20,1,3,6,6,5,38,2
102.946157,-4,21,-6,-9,-10,-18,-9,-42,2
102.946486,-62,-56,-10,-5,5,0,-9,-12,2
102.946494,57,10,1,1,7,16,0,-25,2
102.968404,-2,-4,-1,-3,-8,-1,10,23,2
102.968413,-55,-12,-2,-3,12,-7,-5,12,2
102.969162,5,12,0,5,27,48,3,-2,2
102.969172,-37,-11,-2,-5,-23,-47,-10,-11,2
102.984233,20,38,1,0,2,-10,-5,18,2
102.984242,56,6,4,1,-6,1,18,24,2
102.996545,-64,-40,-4,-4,-13,-5,-8,-4,2
102.996567,1,37,7,4,19,17,9,14,2
103.005188,36,62,9,1,11,18,2,56,2
103.005249,-53,-65,-20,-6,7,12,-12,-55,2
103.006501,-21,12,-1,-5,-32,-28,-9,-23,2
103.006545,19,11,-3,-6,-2,3,-1,-25,2
103.027531,-9,-26,0,2,4,4,3,-12,2
103.027552,-3,-25,1,1,-18,-42,1,5,2
103.029055,-7,13,1,-1,4,-21,-7,21,2
103.029064,17,17,1,0,14,-18,5,-11,2
103.042044,-61,-32,-5,-5,-59,30,2,16,2
103.042069,20,44,16,12,37,-5,13,95,2
103.048892,54,-66,-31,-17,-30,-9,-38,-100,2
103.048931,-30,-55,-2,1,-5,3,4,36,2
103.065002,-25,22,3,2,10,-22,-12,-34,2
103.065019,6,-24,-6,0,-13,1,12,3,2
103.067101,2,37,14,5,-4,-6,13,38,2
103.067289,27,7,-3,-1,18,21,-6,-2,2
103.087778,-8,-14,-6,-5,-8,-20,-7,-49,2
103.087802,10,-7,4,0,-5,13,0,13,2
103.089889,32,61,8,3,10,-13,0,31,2
103.089895,-1,-99,-17,-6,-22,20,3,-6,2
103.102073,-65,3,-1,-2,24,15,1,-53,2
103.102107,-49,89,-4,-4,-11,-68,-43,-47,2
103.108730,-20,-77,-11,-5,-25,17,-5,-16,2
103.108746,-4,38,3,-2,-7,4,5,49,2
103.124982,50,-2,0,1,13,-18,14,-9,2
103.125045,27,7,3,0,10,42,10,7,2
103.126740,-27,15,3,0,-5,-9,4,12,2
103.126763,-19,17,0,0,20,1,2,22,2
103.147538,33,-27,-5,0,-1,-5,-8,9,2
103.147561,16,-16,1,-5,-15,-16,0,-82,2
103.149785,7,18,-5,-2,20,67,-3,55,2
103.149799,-56,-49,-3,4,17,29,14,-49,2
103.161928,2,42,6,4,8,-18,-10,6,2
103.161951,2,9,5,3,-1,40,11,13,2
103.169076,30,-49,-3,-2,9,-11,-4,11,2
103.169110,-7,33,1,-1,-24,0,-8,-22,2
103.185101,12,-17,-10,-2,-4,4,-1,11,2
103.185118,51,15,7,-4,15,-1,8,30,2
103.187091,-39,24,7,5,-15,-60,1,20,2
103.187097,-55,-8,1,1,3,1,-6,6,2
103.207530,0,-9,1,2,-10,-29,-3,-8,2
103.207548,15,24,3,1,-14,15,15,44,2
103.209616,5,10,-2,-4,35,23,-9,-11,2
103.209620,-6,-4,-14,-5,3,8,-13,-67,2
103.221887,61,3,0,1,-15,-1,-6,-29,2
103.221941,39,-9,-6,-4,11,1,-3,3,2
103.228830,-20,46,8,0,-7,6,2,-7,2
103.228847,22,16,8,5,2,-13,6,26,2
103.245094,-14,-6,-3,0,17,25,-3,10,2
103.245112,-14,-23,-4,-3,-10,-15,-1,-21,2
103.246502,-21,22,5,2,22,-42,4,14,2
103.246510,63,33,1,-5,-26,75,9,74,2
103.266771,-109,-40,-9,-2,-11,-24,-8,-71,2
103.266793,24,-4,-6,-6,24,-7,-12,-17,2
103.276405,-16,2,-1,3,27,-9,-7,-21,2
103.276475,50,-16,1,-2,-5,-9,1,-19,2
103.281172,-23,-15,0,-2,-11,-2,3,17,2
103.281194,-2,17,1,-1,-26,6,5,21,2
103.290991,8,-22,-1,-1,10,1,4,-20,2
103.290996,54,17,0,-1,-2,-18,-14,-14,2
103.305308,56,36,5,2,16,34,2,36,2
103.306626,-44,-25,-3,0,-7,-10,-9,-29,2
103.306634,107,21,1,-2,-10,16,12,7,2
103.306636,-107,4,1,3,7,-12,-5,-24,2
103.327521,-20,-35,-5,-4,-5,0,-6,-17,2
103.327553,-15,33,0,4,15,13,7,13,2
103.328927,-47,-51,-11,-1,-30,-19,-7,-38,2
103.328935,52,22,5,-1,2,-11,4,10,2
103.342641,-14,-20,1,1,-20,19,-1,14,2
103.342651,9,17,-3,-2,19,-8,-5,0,2
103.351760,6,17,3,-1,-3,-17,6,-5,2
103.351772,-85,-40,-4,-2,-4,-16,-7,9,2
103.365347,69,-5,-4,-5,-10,1,5,28,2
103.365369,-23,-26,-4,-3,2,27,-17,-52,2
103.367456,20,15,2,1,-13,-18,11,1,2
103.367461,-28,-18,-8,-7,10,-4,-8,2,2
103.387637,18,24,5,0,7,-19,7,20,2
103.387653,-33,-29,-3,0,-15,-1,-1,-9,2
103.389260,-7,-5,-2,-1,8,13,4,23,2
103.389344,28,20,4,4,-7,10,-1,-29,2
103.401535,-2,11,-3,-6,8,-56,2,-3,2
103.404141,21,18,6,3,3,24,6,46,2
103.412606,-6,12,-2,-5,-28,22,-4,9,2
103.412611,-2,-52,-12,1,-7,-14,-1,7,2
103.425351,-33,13,3,3,9,9,-4,-7,2
103.425376,23,-6,-7,-8,-22,-7,-2,-16,2
103.426696,14,-2,6,7,32,3,6,9,2
103.426716,-23,98,3,-2,-12,-27,-24,-26,2
103.447572,-49,-63,-11,-7,-8,-17,-4,-17,2
103.447594,52,-26,-5,-2,5,-21,-1,13,2
103.450557,35,-4,3,4,-20,15,9,30,2
103.450572,-20,33,6,2,18,-32,-7,-19,2
103.461187,74,13,1,1,12,60,3,7,2
103.461211,-76,-7,0,-2,15,41,-4,-1,2
103.471479,2,36,-2,-4,-40,-56,-10,-9,2
103.471484,50,-37,5,4,8,7,13,73,2
103.484985,-22,1,0,3,-3,15,-7,-81,2
103.484998,26,-25,-4,-1,2,7,2,4,2
103.486904,-36,-3,-4,0,-15,5,-7,15,2
103.486934,30,38,0,-5,22,2,5,5,2
103.507833,-15,-10,2,2,-3,-36,-3,20,2
103.507855,49,7,-2,1,-5,-4,-1,26,2
103.510046,11,9,4,-3,10,-43,-10,-36,2
103.510055,42,-32,-4,-1,-13,-3,-3,-28,2
103.521289,-49,1,-4,-3,-1,10,-1,5,2
103.521305,12,51,11,4,-11,-7,10,19,2
103.531583,27,-52,-10,-2,40,15,-7,-14,2
103.531587,20,-27,0,-1,-12,18,3,26,2
103.546570,34,11,-2,-3,-5,-18,-8,-13,2
103.546575,-35,-12,-4,-2,1,-9,2,3,2
103.546729,-18,-2,0,-1,5,4,-3,18,2
103.546801,-31,6,2,2,-8,1,-4,-38,2
103.567783,12,-15,-2,-2,10,38,0,7,2
103.567802,-53,-29,-8,-4,-16,-48,-12,-24,2
103.569388,7,4,-6,-7,13,63,1,6,2
103.569399,-5,-35,-6,-1,-2,12,9,14,2
103.581156,55,30,3,0,3,-37,-6,-1,2
103.581178,-55,-15,0,-1,5,39,2,-15,2
103.591579,31,30,0,-2,-13,-13,-7,-8,2
103.591586,-11,-15,-1,0,0,9,6,12,2
103.605369,-3,31,1,-1,-5,4,6,11,2
103.605394,70,17,1,0,6,-20,2,5,2
103.606986,-44,-37,-8,-3,4,0,15,51,2
103.606993,-35,50,1,-2,-7,7,-22,-86,2
103.627694,42,-38,-5,-3,-9,-19,2,30,2
103.627714,35,-14,-3,1,-5,-14,-4,-21,2
103.629154,-3,26,10,7,13,19,4,12,2
103.629160,31,-13,-2,0,-2,-7,14,37,2
103.641194,-36,21,-1,-2,-1,2,-7,-40,2
103.641216,41,53,-1,-5,-3,-2,-5,-9,2
103.651715,-96,-72,-5,-2,6,-3,3,-15,2
103.651720,-43,3,0,-4,3,-17,-8,-9,2
103.665236,-16,53,3,4,-4,38,15,45,2
103.665252,-16,-62,-8,-3,-10,-4,-4,-30,2
103.667501,-32,5,0,0,-5,-23,-2,-24,2
103.667507,-29,7,-3,-2,4,8,-4,-5,2
103.687658,33,-2,1,-1,3,-6,-3,8,2
103.687676,-38,17,1,2,-4,-2,-2,12,2
103.689059,61,1,-4,-4,2,31,0,-2,2
103.689095,-26,-42,-2,-1,-15,3,10,5,2
103.710184,38,1,-3,-2,-3,-11,-8,-7,2
103.710207,-17,-62,-4,-5,1,3,1,-18,2
103.712785,-3,17,6,5,-4,-17,-2,-21,2
103.712792,75,38,8,2,0,14,16,58,2
103.725216,-55,-63,-11,-8,-12,-31,-24,-43,2
103.725239,36,32,5,5,21,19,3,19,2
103.728033,-54,-2,-1,-3,-3,-3,4,-13,2
103.728039,20,-1,0,-2,-9,22,-14,-12,2
103.749803,-18,-11,-2,0,9,15,13,25,2
103.749814,30,29,1,-3,-15,-46,-2,3,2
103.749817,-94,-14,-7,-2,4,10,-6,14,2
103.749819,86,26,2,2,-3,-41,2,22,2
103.770608,-91,-19,5,2,-2,27,1,-5,2
103.770637,18,-13,-2,-1,-8,-6,-13,10,2
103.772223,49,-13,-1,1,-2,23,15,-23,2
103.772279,13,35,1,-6,-4,-41,-13,0,2
103.785176,-95,-25,-6,-3,7,-13,-8,-22,2
103.785198,-22,-18,-2,-1,-28,-7,9,15,2
103.787670,23,17,3,2,-19,-18,-4,18,2
103.787677,-3,-16,-1,0,14,25,1,-1,2
103.807707,47,23,2,1,-5,-13,-1,17,2
103.807727,-44,-34,0,0,17,13,2,-6,2
103.810329,25,23,0,-3,-1,-11,1,9,2
103.810348,-12,-8,-3,0,7,51,-3,-30,2
103.830374,-24,22,1,-1,-9,-58,-4,5,2
103.830395,-62,-62,-9,-7,-8,20,-5,-6,2
103.831737,18,11,0,1,9,4,-3,-18,2
103.831758,24,4,1,1,-6,-34,2,7,2
103.845137,52,-15,3,3,-4,27,7,14,2
103.845157,-25,36,-2,-3,12,0,-2,0,2
103.846562,2,13,-2,-3,-9,-3,-11,-17,2
103.846577,-55,-30,-3,-3,15,-7,-2,16,2
103.867735,15,23,3,2,-6,39,0,-13,2
103.867756,17,-37,-1,0,8,-30,2,23,2
103.869298,41,2,-3,0,-16,45,14,-3,2
103.869313,-14,24,1,-1,7,-24,-2,7,2
103.890181,50,-8,-6,-7,-2,-18,-15,-29,2
103.890188,-28,20,5,3,2,11,2,18,2
103.891569,-54,-28,-9,-5,2,-13,-16,-35,2
103.891581,-3,-34,-2,0,-5,1,10,4,2
103.905723,-5,2,-3,-5,6,-4,-6,-20,2
103.905735,30,43,6,4,-14,26,3,-22,2
103.911392,26,7,-1,-1,21,-44,3,29,2
103.911422,-9,-14,-4,-1,8,57,-9,-55,2
103.928091,26,3,0,-5,-21,-73,-3,11,2
103.928136,35,67,3,-2,-10,1,4,57,2
103.929908,-71,-41,-7,-8,-8,-11,-32,-104,2
103.929915,21,18,2,6,1,16,16,38,2
103.950502,34,37,-4,-4,9,3,-1,4,2
103.950545,49,8,6,3,-4,-31,0,-11,2
103.952858,-49,6,5,4,10,22,5,44,2
103.952863,-23,-37,-10,-13,-10,-52,-24,-46,2
103.964869,-54,14,2,6,-21,63,16,9,2
103.964890,17,5,0,-5,7,13,-6,-7,2
103.971538,6,-41,-2,1,13,25,1,6,2
103.971557,6,-8,-5,-4,-21,-40,-7,-1,2
103.987709,57,-5,2,0,20,-4,17,32,2
103.987726,-57,-21,-7,-1,-1,3,-13,-43,2
103.989112,59,16,5,0,-10,-3,7,-15,2
103.989136,-9,20,0,-2,4,16,5,46,2
104.010340,-36,-22,-7,-1,0,-12,-13,-34,2
104.010356,27,-9,-6,-1,-13,11,-5,18,2
104.012113,51,17,5,3,4,11,9,-8,2
104.012120,-63,3,-2,-3,-4,4,-5,-32,2
104.024970,17,-14,-2,-2,-3,1,3,14,2
104.024994,22,16,6,6,10,0,-3,6,2
104.031200,-57,-29,-7,-9,-10,16,0,13,2
104.031217,28,39,3,2,-8,10,-7,-12,2
104.047504,11,-24,-6,-5,7,4,-4,-8,2
104.047526,1,12,0,2,14,4,5,2,2
104.049333,39,39,2,1,4,-18,0,2,2
104.049393,8,-18,-2,0,-14,-52,-2,25,2
104.070409,-4,24,2,-3,22,34,-4,-16,2
104.070454,-49,-42,-5,-5,-7,17,2,-6,2
104.072079,43,7,-1,0,-3,-12,-3,17,2
104.072092,-22,-15,-1,1,-7,67,0,15,2
104.084837,18,-6,2,3,0,-63,6,22,2
104.084862,46,31,1,-2,-1,-10,5,-17,2
104.091250,-9,-2,-7,-2,-3,-10,-16,9,2
104.091266,-70,-32,-5,-4,-3,13,-10,-71,2
104.107939,17,8,5,0,-4,-16,-4,-8,2
104.107948,-6,38,5,2,15,8,11,10,2
104.109589,7,-20,-7,-8,-11,-41,-1,9,2
104.109605,73,19,8,4,-11,-19,14,56,2
104.130245,-73,-38,-12,-1,1,6,-25,-80,2
104.130266,-16,4,-1,-2,-29,-78,0,-10,2
104.132248,-17,-32,-5,-4,0,37,-11,-11,2
104.132256,76,32,5,4,21,-2,11,40,2
104.144546,-63,-10,-2,-3,-2,10,-4,-2,2
104.144572,-28,-1,2,3,3,27,0,0,2
104.151292,71,30,1,-5,-20,-15,-6,14,2
104.151318,-31,4,-5,-4,11,-43,3,2,2
104.169571,81,-5,6,4,1,8,5,-8,2
104.169583,-2,-10,-10,-9,6,9,-3,-10,2
104.169587,-76,-22,1,4,1,34,-1,8,2
104.169589,58,11,-2,-5,14,-12,-9,-57,2
104.190198,-48,39,1,4,-6,11,1,25,2
104.190220,109,15,8,2,13,3,2,13,2
104.193623,-29,-9,0,4,-4,-50,3,0,2
104.193631,-18,-6,-3,-3,9,-14,-13,-5,2
104.204173,-9,-7,-1,-2,-17,41,17,34,2
104.204207,-8,4,-7,-1,38,-15,-7,-25,2
104.212955,-31,25,0,-1,-3,0,-2,-12,2
104.212961,-41,7,-2,2,-3,-11,-8,0,2
104.227755,9,-36,-3,-6,-1,-9,5,20,2
104.227777,-24,-65,-8,-2,-8,10,-2,-4,2
104.229464,-20,13,5,4,7,-3,3,1,2
104.229471,-30,10,-3,-5,-18,-22,-14,-58,2
104.250792,8,-3,0,4,12,16,11,24,2
104.250837,-58,8,-2,-1,-10,2,1,6,2
104.253090,73,-43,-2,1,2,-73,-8,-4,2
104.253100,-46,-17,-6,-5,-3,80,8,4,2
104.263625,15,39,-2,0,3,-18,-6,-4,2
104.263646,18,-17,0,-3,-5,-11,-12,-1,2
104.273267,-14,9,4,9,1,17,13,2,2
104.273318,16,-5,0,2,8,4,11,27,2
104.287702,2,-13,-2,-4,3,12,-6,11,2
104.287721,-17,48,4,2,-12,-36,-4,-24,2
104.289119,79,23,2,-7,-19,16,5,44,2
104.289133,-51,-57,-5,1,21,-21,-1,-17,2
104.310425,-88,-17,-6,5,-9,46,-6,-35,2
104.310458,24,-5,-1,-2,-10,2,-2,-3,2
104.311705,19,39,4,1,-10,12,4,4,2
104.311822,-32,-46,-3,-4,1,-6,3,9,2
104.324729,61,26,7,2,0,-24,-1,-3,2
104.324738,-36,16,0,0,3,16,-3,12,2
104.334450,2,-16,-6,-7,7,3,6,-18,2
104.334458,109,55,14,4,0,14,-2,28,2
104.347506,-14,-46,-7,-4,-26,-30,-7,-12,2
104.347528,-93,-58,-13,2,27,31,-4,-30,2
104.349220,8,-17,-1,-1,-13,-49,-2,-5,2
104.349308,-4,13,-1,-2,5,15,-3,7,2
104.371366,35,27,2,0,-4,13,4,-1,2
104.371374,-6,-3,3,-2,-5,1,4,12,2
104.371608,-19,5,-1,1,4,21,-5,-8,2
104.371624,-28,-27,-3,-3,-13,-22,2,27,2
104.385893,29,3,2,0,1,-22,-12,-43,2
104.385903,124,21,5,0,-7,5,3,11,2
104.394573,-58,-22,-5,-6,2,-39,3,3,2
104.394578,-6,-63,-11,-5,-13,42,-20,-35,2
104.407652,13,19,-6,-10,1,9,-8,-16,2
104.407675,16,2,5,-4,-27,0,-1,6,2
104.409586,-5,2,3,5,33,7,-4,-8,2
104.409595,-6,2,-1,2,-8,-10,14,-7,2
104.431894,-3,-7,-3,-2,1,-6,4,36,2
104.431903,-7,-10,-2,0,3,-5,0,-14,2
104.431909,55,53,3,-3,-4,7,-7,2,2
104.431912,-39,-41,3,2,-11,-5,6,10,2
104.446203,6,24,4,3,33,6,-3,9,2
104.446208,-8,63,3,2,-19,33,1,18,2
104.453507,-21,-72,-9,-6,10,26,-7,-54,2
104.453514,-3,50,-1,0,-5,-7,7,-11,2
104.467607,35,11,0,-3,-6,-18,2,33,2
104.467635,7,9,4,2,5,-13,-3,-5,2
104.469164,-3,11,1,4,24,32,-2,18,2
104.469190,82,4,2,1,-2,6,5,7,2
104.490197,-119,-6,-5,-7,-3,-6,-7,-19,2
104.490220,-10,-25,-3,0,9,5,-9,-39,2
104.492873,52,47,5,0,-8,-2,0,46,2
104.492879,-12,-45,-4,-2,-14,8,4,-2,2
104.504032,-14,-3,-5,4,2,-27,0,14,2
104.504057,27,-22,-1,-5,18,17,1,-7,2
104.513955,-111,-25,-7,-1,-23,-47,-3,-24,2
104.513965,10,40,0,1,11,-13,-4,4,2
104.527519,28,2,-1,-4,-6,0,2,1,2
104.527541,-58,-34,-6,1,3,-9,4,11,2
104.528968,-2,19,10,8,6,20,-2,4,2
104.528984,49,28,6,-1,-8,-1,-8,6,2
104.550141,7,14,10,7,-9,-2,11,18,2
104.551963,-2,-33,-11,-8,-5,16,-3,3,2
104.556296,-82,-30,-3,0,-7,-14,5,-14,2
104.556319,-63,3,-13,-11,14,-5,-21,-59,2
104.563653,-46,-58,-4,-5,-54,24,-8,-9,2
104.563675,20,20,4,1,0,-25,-2,26,2
104.572954,-6,5,0,0,4,26,-2,-8,2
104.572958,97,35,6,2,12,-23,9,36,2
104.588001,5,8,-3,-3,6,-11,-12,-14,2
104.588006,23,-28,-5,2,-2,-4,9,23,2
104.589060,3,-7,-2,-6,-1,0,-8,-32,2
104.589086,22,7,2,4,1,-1,-1,12,2
104.610455,8,-12,-4,-3,4,-30,4,17,2
104.610478,15,-5,2,1,4,-13,6,-1,2
104.613282,76,99,13,4,-18,3,7,42,2
104.613288,-30,-73,-7,3,19,8,-1,10,2
104.624433,-75,-32,-7,-10,-8,21,-6,-58,2
104.624553,-57,-16,-5,-1,7,-7,-3,-10,2
104.634884,22,24,-5,-4,-28,-15,-6,-10,2
104.634896,-14,1,1,0,-4,7,6,16,2
104.647520,38,0,7,4,8,14,3,7,2
104.647543,-6,16,2,-4,-8,-77,-6,-5,2
104.649962,82,11,-3,0,-14,-5,-6,11,2
104.649977,-90,8,0,-1,1,38,11,-5,2
104.670318,6,-21,-7,-4,8,-21,0,-12,2
104.670400,0,19,-2,-3,5,11,-4,10,2
104.671651,36,-19,-6,-2,-4,74,2,9,2
104.671673,-17,36,6,0,-1,-18,-19,-42,2
104.692662,46,5,2,5,29,-7,6,10,2
104.694155,-10,25,2,3,-26,14,3,11,2
104.694163,1,-20,-2,-2,2,-16,-10,-8,2
104.694165,-42,-33,-6,-5,-3,2,-7,-34,2
104.706902,33,26,5,4,-13,3,-1,22,2
104.706924,-32,14,-2,-3,-1,-2,-7,-13,2
104.714204,0,-17,-5,-3,12,-10,0,13,2
104.714217,48,8,0,-1,-14,-1,5,8,2
104.730233,-87,-9,2,3,9,9,4,12,2
104.730257,42,-2,-3,0,-7,-5,-2,-26,2
104.731879,-21,6,0,-2,9,-13,-1,-8,2
104.731903,-47,22,2,0,-1,0,1,-10,2
104.752700,23,-22,-7,-5,-12,13,1,0,2
104.752731,-31,11,1,-2,19,55,1,-6,2
104.754254,-64,-38,-10,-5,-3,-81,-14,-3,2
104.754280,71,-13,-5,1,8,63,5,20,2
104.767696,6,50,7,3,1,-5,0,6,2
104.767726,11,9,2,-1,-4,17,3,6,2
104.769241,46,-5,2,0,16,-12,0,-2,2
104.769375,-57,1,3,1,-22,-38,3,30,2
104.791510,-1,-53,-7,-4,-18,24,-6,10,2
104.791517,8,-10,-7,-4,-7,-9,13,-9,2
104.791718,-50,-27,-3,0,1,24,-8,-22,2
104.791748,41,31,1,-1,-1,-12,-4,-33,2
104.812641,16,26,3,-1,2,-8,-4,-8,2
104.812664,-6,-19,-1,-1,4,-10,-2,21,2
104.814134,31,10,4,2,3,30,16,34,2
104.814159,25,-29,-7,-8,-3,-1,-5,-15,2
104.827614,17,-21,-4,-1,-17,-74,-8,-7,2
104.827644,82,-12,-5,-4,-14,12,2,-18,2
104.835261,-86,-19,-2,2,18,14,9,8,2
104.835267,25,9,3,1,5,-33,-1,10,2
104.850480,-9,5,0,-1,4,6,-2,-1,2
104.850526,13,8,4,1,8,1,-3,7,2
104.851819,-9,-4,0,2,-15,-41,-8,-22,2
104.851823,10,-27,-2,-2,-15,6,7,13,2
104.872561,-44,4,0,-1,13,45,12,2,2
104.872579,-35,32,5,0,10,7,1,11,2
104.873953,-27,-15,0,1,-14,12,-3,-29,2
104.873971,11,11,1,3,38,0,-5,1,2
104.887040,31,3,-6,-3,4,-31,-15,-2,2
104.887058,6,14,2,2,5,-7,-10,-13,2
104.894035,-75,-30,-3,-4,-25,4,4,-1,2
104.894059,88,14,0,2,6,-11,0,13,2
104.910231,-82,38,2,2,6,29,3,-8,2
104.910262,-10,-73,-9,-5,-4,-6,-11,-14,2
104.912625,6,41,1,-4,10,11,6,-12,2
104.912632,-39,-5,-8,-6,-18,6,2,33,2
104.932663,2,-4,-3,-1,0,0,-3,-9,2
104.932682,85,20,-4,-2,0,-18,-9,-3,2
104.934174,-83,5,4,8,25,43,7,5,2
104.934215,8,-31,-1,-3,-41,-28,0,-34,2
104.947175,41,14,1,3,36,7,2,-12,2
104.947179,-23,29,0,-2,-13,18,6,2,2
104.953694,78,-28,-7,-5,8,28,-5,2,2
104.953715,-50,14,2,1,14,6,4,38,2
104.970344,-8,-13,1,1,-13,-15,-5,-14,2
104.970383,-60,-36,0,2,-26,-17,4,29,2
104.972817,48,19,-2,-5,-3,-18,-4,-15,2
104.972824,-17,14,6,4,-3,3,-9,-10,2
104.994662,43,-3,-2,-4,14,-18,9,17,2
104.994670,57,-64,-11,-4,7,8,-8,-16,2
104.994672,-58,-3,-2,1,-8,-9,-5,-24,2
104.994674,-2,21,-4,-3,-7,-2,0,29,2
105.009193,43,4,2,1,5,20,3,-1,2
105.009200,51,34,4,0,-4,-29,0,17,2
105.013636,9,-11,1,-2,5,58,5,14,2
105.013659,-30,0,-4,-4,-8,-18,-8,11,2
105.030689,-7,-14,1,0,9,-4,-10,-57,2
105.030727,-87,-65,-10,-1,10,64,4,-3,2
105.033277,101,11,5,-3,-3,-29,-7,17,2
105.033284,9,3,-5,-1,-11,-56,-4,-18,2
105.052721,-30,2,-1,1,-18,13,2,25,2
105.052757,26,64,10,2,6,1,7,5,2
105.054828,68,-3,-4,0,-9,-25,-7,0,2
105.054833,6,-52,-6,-4,24,16,-5,1,2
105.067112,-22,-20,-10,-7,-12,-29,-11,-40,2
105.067135,-29,27,7,4,-7,21,-3,-24,2
105.073821,-24,-11,-8,-8,-17,-11,0,51,2
105.073843,2,21,8,6,24,4,3,-28,2
105.090124,-7,-25,-1,3,-7,5,2,21,2
105.090147,75,49,6,1,0,-17,3,-2,2
105.092010,-63,-44,-7,-3,2,-1,2,-9,2
105.092046,45,18,2,-1,1,11,4,12,2
105.112518,7,9,-2,0,0,1,-4,-6,2
105.112537,17,18,1,0,15,-2,9,11,2
105.114004,48,14,3,0,-9,-24,-6,-10,2
105.114012,-11,0,-3,-2,-7,1,-3,-4,2
105.126855,30,46,7,0,-8,5,3,52,2
105.126870,-5,-17,-3,0,19,8,-2,-45,2
105.134579,32,36,1,5,20,30,-2,-52,2
105.134585,-71,-73,-9,-5,-10,24,-5,-9,2
105.150990,53,15,4,2,5,-1,0,45,2
105.151003,-26,2,1,-2,-26,-13,1,9,2
105.151706,-15,54,0,2,19,-13,-1,-6,2
105.151731,-12,35,0,-1,-14,23,-5,-20,2
105.172592,41,-18,-2,0,23,5,4,5,2
105.172608,-109,-48,-6,-2,-23,-12,11,32,2
105.174088,17,3,0,-5,3,-1,-8,-24,2
105.174104,14,7,-2,-1,-5,-10,-2,-24,2
105.186505,-10,15,-1,-6,-12,-23,5,-7,2
105.186522,11,-2,2,4,11,4,-2,16,2
105.197431,-3,-26,-8,-6,-5,-11,1,17,2
105.197438,15,18,-2,-1,-8,-44,-10,-9,2
105.209722,-26,-1,8,2,13,15,4,-2,2
105.209751,-29,-40,-7,-5,-27,-17,-17,-23,2
105.219738,35,36,5,5,29,43,4,-9,2
105.219757,-58,-27,-4,-4,-7,-7,-6,-5,2
105.233057,-66,-19,-4,0,-17,39,4,11,2
105.233092,38,19,-1,-3,15,-36,-14,-9,2
105.236170,-5,-34,-3,0,-19,25,9,21,2
105.236193,-4,13,0,-2,-1,7,2,-5,2
105.246122,-7,-3,-3,-7,-5,-1,-2,-3,2
105.246135,-44,30,10,6,11,-7,0,46,2
105.256230,10,-75,-10,-3,-13,-24,-3,-20,2
105.256237,-14,21,5,-2,10,16,7,13,2
107.271294,-17,8,-9,-3,0,-1,0,1,0
107.271539,17,-1,4,4,0,-1,-3,-1,0
107.279463,-2,4,0,4,-1,0,0,1,0
107.279516,3,-4,-1,-6,-2,-1,0,2,0
107.294301,-14,-1,-1,5,1,0,0,-3,0
107.294314,6,-1,-4,0,-3,-2,0,-4,0
107.295070,6,0,1,0,3,0,-1,3,0
107.295087,13,-3,0,-2,-7,-1,-1,0,0
107.317671,-39,-2,4,-3,2,0,-1,-1,0
107.317723,0,1,-7,-8,-6,-3,-4,-10,0
107.319586,-10,-4,-1,3,1,-1,0,-2,0
107.319609,-3,-1,-2,-1,0,-1,1,1,0
107.331656,5,2,-5,-4,0,-1,-2,-2,0
107.333786,10,-5,2,1,-1,-1,0,4,0
107.339416,-4,17,2,-1,-1,0,-1,-1,0
107.339433,-17,-2,0,2,3,-1,-2,-1,0
107.354471,15,-6,-1,1,-1,-1,0,3,0
107.354493,-3,-3,-2,-1,1,-1,-1,-2,0
107.356080,10,-6,-5,-4,-3,-1,-2,0,0
107.356087,-2,4,0,-1,1,-1,0,-1,0
107.378138,2,5,0,1,-2,1,-3,-2,0
107.378238,0,-3,2,-1,-2,-3,-2,-1,0
107.378669,-2,-2,-6,3,0,1,1,-1,0
107.378694,-2,-1,3,-1,-1,-1,0,-1,0
107.391248,5,-1,-3,-3,-1,-1,-1,-3,0
107.391390,1,-1,2,1,-1,-1,-1,1,0
107.399581,4,-1,0,0,-1,0,0,4,0
107.399603,3,-2,3,-4,-1,-1,-1,-1,0
107.414306,-4,-1,-5,2,4,-1,-1,-4,0
107.414328,-3,-7,-4,-14,-5,-1,-2,-3,0
107.415990,0,12,9,29,-9,-1,1,1,0
107.416001,7,1,1,-19,-8,-1,-2,1,0
107.437661,-31,-1,2,22,10,0,-2,-1,0
107.437680,28,0,-2,2,0,0,1,0,0
107.438259,-38,-11,-2,-7,0,-1,-2,-3,0
107.438277,7,-2,-4,-1,-1,-1,-1,-2,0
107.451672,-5,4,0,-6,-9,-2,-1,-1,0
107.451679,-4,0,-5,0,2,-1,0,1,0
107.459691,15,-3,3,-4,0,0,1,-2,0
107.459713,-10,-1,-4,5,-1,0,-1,0,0
107.474503,11,1,2,-7,0,0,1,0,0
107.474521,-1,-1,0,3,-1,0,-1,0,0
107.475706,3,-2,-2,-9,-2,-3,-3,0,0
107.475709,-8,-3,-5,0,0,-1,-2,-2,0
107.497736,14,0,0,-3,-1,-1,-1,0,0
107.497741,-8,-1,-1,-1,-1,0,-1,-3,0
107.498386,0,-3,-2,-6,-2,0,-1,1,0
107.498420,-2,0,-4,-1,-1,-1,-2,-1,0
107.520168,2,-2,-1,-5,-3,-1,1,-2,0
107.520184,32,-7,3,9,5,1,0,5,0
107.521345,-38,7,1,-6,-7,-2,-3,-3,0
107.521351,5,-1,-6,-2,1,1,-2,-4,0
107.534458,2,2,-3,12,-2,-1,1,1,0
107.534484,-3,0,2,-5,-1,0,-2,-2,0
107.536337,2,-9,-10,-1,2,-2,0,-1,0
107.536350,0,0,7,6,3,-2,0,3,0
107.558338,-7,-2,-4,-13,-4,-1,-2,-4,0
107.558362,-13,1,-3,6,0,-2,1,0,0
107.560468,17,-4,1,-1,1,-1,-2,0,0
107.560474,-21,1,-1,3,-3,-1,1,2,0
107.579987,4,-6,-2,-5,0,0,-1,-5,0
107.580008,6,6,4,3,-1,0,0,2,0
107.580982,1,2,-4,-7,-1,0,-2,-2,0
107.580986,-6,-14,-5,-3,0,-2,-2,-1,0
107.594380,1,0,2,-1,0,0,-1,2,0
107.594402,-17,3,6,3,-1,1,0,-2,0
107.595291,8,-2,-1,0,1,-1,-2,1,0
107.595296,8,-2,-2,0,0,1,0,-2,0
107.617693,2,2,-2,-2,-1,-2,0,-1,0
107.617803,-10,-3,-5,-8,-4,-1,-2,-3,0
107.619540,11,-1,2,3,4,1,0,1,0
107.619556,-8,-5,-1,2,-1,0,1,-1,0
107.640027,2,-2,-1,-4,-3,-2,-3,0,0
107.640077,29,0,-1,-9,9,-1,-1,-2,0
107.640697,-44,-2,-4,-2,-11,-2,-1,-4,0
107.640711,-5,-7,-2,-8,-2,-1,-2,-2,0
107.654500,-5,2,3,10,2,1,0,1,0
107.654521,-16,-3,6,-3,0,-1,-1,-2,0
107.655150,22,0,-12,-1,3,0,0,-1,0
107.655167,4,3,6,0,-1,0,1,-1,0
107.677774,-5,-2,-3,-5,-2,-1,-2,-2,0
107.677800,8,4,-1,-2,-5,-1,-2,2,0
107.680100,-9,-6,-5,-9,1,-1,-1,-2,0
107.680110,8,7,5,8,-2,-2,-2,2,0
107.700785,-17,-3,3,0,2,1,0,-1,0
107.700797,-12,-6,-8,1,-2,-1,-1,-1,0
107.701041,-9,3,4,2,1,-2,-1,-4,0
107.701063,11,0,-5,-1,0,0,0,2,0
107.716883,13,4,-1,-4,-4,-1,-1,-1,0
107.716897,-26,-6,-4,-1,-3,0,-1,-3,0
107.716899,9,-5,-1,-4,-3,0,-2,-1,0
107.716901,-7,1,0,0,2,-1,-1,-3,0
107.737596,16,2,6,4,2,0,0,1,0
107.737616,-18,7,-4,0,-8,-1,-1,-2,0
107.738621,46,0,1,-2,-1,-2,0,0,0
107.738626,-14,-2,-3,-1,-2,-1,-1,-2,0
107.761646,-2,-2,-3,-5,1,-3,-1,0,0
107.761653,0,-2,-1,-2,-2,0,-1,-1,0
107.761655,16,-2,12,-7,1,1,-2,0,0
107.761657,-19,0,-15,3,1,1,-1,-1,0
107.776469,14,-1,-6,-9,-3,-3,-2,-2,0
107.776473,-12,4,5,0,-1,-2,-2,-1,0
107.776475,-14,-7,-1,1,-4,-1,1,-1,0
107.776516,17,2,1,-1,1,-1,-1,0,0
107.797883,-12,-2,-1,-2,-1,1,-1,-3,0
107.797971,7,1,-3,1,-2,-2,-2,-4,0
107.798700,5,0,1,-2,4,-1,-1,3,0
107.798719,4,-3,-2,2,1,-1,-1,-2,0
107.820425,7,5,-4,0,-5,-1,0,-3,0
107.821757,4,0,1,-4,3,-1,1,2,0
107.821761,-8,-4,-5,1,-1,0,-1,-3,0
107.821763,-10,-3,0,-2,-3,-2,-2,-5,0
107.834527,-7,-3,-2,-2,1,-1,0,1,0
107.834556,4,-3,-2,-1,-1,0,-1,-4,0
107.836454,-3,1,0,1,0,-1,0,1,0
107.836488,7,-2,-1,-1,-3,-1,0,-1,0
107.858029,14,-2,-1,-7,-1,-2,-1,-1,0
107.858055,-15,0,-2,5,-1,-2,0,1,0
107.858611,-8,1,15,6,-1,0,-1,1,0
107.858646,2,2,-5,-4,0,-2,-1,0,0
107.880179,-1,-2,1,-1,0,-2,0,-1,0
107.880202,-15,-5,-4,-6,-3,0,-1,-5,0
107.881666,9,0,-8,-1,1,-2,-1,4,0
107.881675,-1,1,9,0,-4,0,-2,-1,0
107.894355,-12,0,0,4,3,0,0,5,0
107.894378,45,0,-3,-4,-5,-3,-2,-2,0
107.895346,-65,-5,-4,-8,-2,-2,-4,-6,0
107.895350,10,3,2,0,-2,0,0,1,0
107.918286,43,-3,-6,-2,-2,-2,-1,-2,0
107.918291,-11,-5,3,8,1,0,-1,-1,0
107.918293,18,-1,-6,-2,-1,0,-1,-1,0
107.918334,-10,-2,-5,-9,2,-2,-1,-4,0
107.940137,3,3,-2,0,-16,-2,-2,1,0
107.940157,-11,-1,0,-8,8,1,0,2,0
107.941644,-13,1,1,6,-1,-2,0,-2,0
107.941650,14,1,1,-1,0,0,0,-1,0
107.954433,-13,0,3,-1,1,-1,0,-2,0
107.954450,-4,-16,-7,-6,-4,-4,-3,-1,0
107.955450,11,4,-5,0,-3,0,0,0,0
107.955454,-36,2,2,0,0,-1,-2,-1,0
107.977823,-22,-10,-4,-1,0,0,-1,-2,0
107.977846,-7,5,6,-2,-3,-1,0,0,0
107.979859,23,-1,-2,1,6,-1,0,2,0
107.979864,25,3,1,-1,-9,-1,-1,-2,0
108.000859,8,5,-1,-5,-1,1,-1,-1,0
108.000903,-58,-4,-3,0,2,2,-1,-3,0
108.001031,-2,-4,-1,-8,-7,-2,-1,1,0
108.001044,22,4,2,3,0,-3,-1,-2,0
108.014285,12,1,5,5,3,0,2,4,0
108.014306,5,4,0,0,-1,-2,-1,-2,0
108.014936,3,-1,-10,-3,-1,-2,-2,-2,0
108.014961,-13,-11,0,-3,-1,0,0,-3,0
108.037708,-7,-1,1,-1,0,0,-1,-2,0
108.037727,19,5,-3,-2,1,-1,-1,-1,0
108.038972,-10,-2,-3,-10,0,0,1,1,0
108.038977,-2,-2,-4,1,1,-1,-3,-2,0
108.060031,-4,1,3,6,2,-2,-1,2,0
108.060040,16,14,3,7,3,0,1,1,0
108.060704,-23,-20,14,-3,4,2,0,-2,0
108.060712,3,-5,-12,-10,-7,-4,-2,-1,0
108.074689,-9,-3,-1,-2,-2,-2,-1,-3,0
108.074695,23,4,1,2,1,-1,-1,1,0
108.075019,2,7,-6,2,-4,-1,0,-4,0
108.075078,-34,-2,9,1,0,0,0,2,0
108.098204,29,0,-3,1,4,0,-2,-1,0
108.098238,-32,-6,-5,-7,-4,1,0,-2,0
108.099856,-10,0,-1,4,0,0,-2,-3,0
108.099872,3,1,0,1,0,0,-2,0,0
108.121441,-17,-2,-2,1,-3,-1,-3,-4,0
108.121447,14,-3,-2,-1,0,-1,0,3,0
108.121449,10,2,-7,-5,-5,-1,-1,0,0
108.121451,-14,1,-2,-1,4,-3,-4,-6,0
108.133818,-29,-5,9,25,4,2,1,0,0
108.133837,49,-2,-8,6,-1,-2,0,1,0
108.141956,-11,0,15,0,2,2,-1,-1,0
108.141972,10,2,-26,-9,-3,-1,-1,-2,0
108.157691,-6,-4,0,-7,1,-2,-1,3,0
108.157713,-5,-1,0,-1,-3,1,0,-5,0
108.160353,20,3,-2,7,-1,-2,-1,-2,0
108.160360,-5,1,8,-1,2,1,-1,2,0
108.180003,-9,-7,-12,-14,-5,-3,0,-5,0
108.180019,-9,-4,-2,-3,2,-1,-2,0,0
108.180824,23,3,1,3,-13,-3,-1,4,0
108.180866,-16,-7,3,-1,0,0,0,-2,0
108.193684,16,3,-5,-5,0,-2,-2,0,0
108.193699,5,2,2,0,-2,0,-1,3,0
108.202109,-5,-1,-1,-3,2,-2,-2,-1,0
108.202163,10,-4,-2,0,-1,0,-2,-1,0
108.217633,-22,-2,2,-1,-1,1,0,0,0
108.217653,-14,-2,-2,-6,-2,-2,-1,-6,0
108.218287,14,0,-2,1,2,-2,-2,-1,0
108.218304,23,-1,1,-3,-6,-1,0,5,0
108.240144,-3,0,-13,3,0,0,0,-6,0
108.240161,13,2,-1,1,-3,0,-1,4,0
108.241599,-25,-4,-7,-6,-1,-1,-2,-4,0
108.241610,17,3,5,7,1,-3,-1,-1,0
108.253872,5,3,4,-5,1,-1,-2,-1,0
108.253889,-11,-3,-2,-4,-1,-2,-1,-1,0
108.261715,-8,-3,-6,1,-1,0,-1,-2,0
108.261738,1,-1,0,-8,-1,2,0,0,0
108.278244,-7,-2,-1,3,4,-5,-1,-1,0
108.278252,-7,0,-3,3,-7,-5,-1,-5,0
108.278255,6,1,1,-4,1,0,-1,-1,0
108.278299,-6,-4,-2,1,-2,-1,-2,-1,0
108.300224,-1,-4,-1,-1,-2,1,0,3,0
108.300243,-5,2,0,-5,0,0,-2,-6,0
108.302451,6,-3,-4,-1,-1,-3,-1,-1,0
108.302462,-5,0,1,1,-1,1,-1,-1,0
108.313702,6,0,-7,-6,0,0,-2,-1,0
108.313718,3,-1,3,3,-5,-4,-2,-2,0
108.322136,-19,1,0,-6,3,1,0,0,0
108.322160,37,-2,6,4,1,-1,-2,-4,0
108.337968,-5,2,-10,-2,-4,-2,-1,-3,0
108.340725,-5,-6,0,-3,3,3,1,-1,0
108.340732,11,3,2,1,-1,0,-1,-2,0
108.340734,-1,0,1,13,3,1,0,5,0
108.360370,6,1,4,-5,-1,0,-1,-2,0
108.360393,-5,-2,-2,0,-2,-2,-1,3,0
108.362048,0,-3,-4,-2,-1,1,-1,-5,0
108.362053,-2,1,-5,-6,-2,-2,0,1,0
108.373672,-4,0,6,2,-2,2,-1,-3,0
108.373695,-2,-3,-1,2,1,1,-1,1,0
108.382866,-5,-1,-2,-3,0,-2,1,-3,0
108.382898,-13,-2,-4,-4,1,-1,-1,-2,0
108.397480,-9,1,4,1,-3,-1,0,1,0
108.399991,10,2,-1,-4,0,-2,-3,-1,0
108.399999,17,-8,-5,-2,0,-1,-2,4,0
108.400001,-13,14,8,4,-1,-1,-1,-3,0
108.420294,-5,0,0,-6,-1,-2,-1,-1,0
108.420313,6,-3,-1,2,0,0,-1,2,0
108.421044,10,3,-8,0,-2,-2,-2,1,0
108.421070,22,-2,5,-9,-2,1,1,3,0
108.442796,-26,-1,-10,9,1,-4,-3,-3,0
108.442820,-32,-3,-3,-4,4,0,0,-3,0
108.444920,-11,-1,3,3,-6,0,-1,-3,0
108.444927,-4,-4,-5,-3,1,-1,0,-2,0
108.457616,19,1,5,-5,-1,1,-1,1,0
108.457641,10,-2,-4,-2,-2,-1,1,3,0
108.458517,-12,-1,-2,-2,1,0,-1,-2,0
108.458522,21,0,-1,-1,-1,-3,-1,0,0
108.481904,-45,-7,1,-1,-3,4,-2,-3,0
108.481910,2,0,-2,2,0,-7,-1,0,0
108.481913,2,-1,1,-2,1,-2,6,1,0
108.481914,-13,-3,-6,-3,-3,0,-1,-1,0
108.502913,16,-2,2,-3,-3,-3,-3,-3,0
108.502949,-2,2,5,6,1,4,-2,-3,0
108.504783,-4,3,4,-1,0,-1,-2,1,0
108.504796,-3,-1,-7,-1,-1,0,-1,-2,0
108.516395,-4,-10,-2,-3,-1,0,0,-2,0
108.516469,15,-2,-4,-12,10,1,-2,4,0
108.526709,-18,1,3,1,-12,-5,-5,-7,0
108.526718,-18,-3,-12,-3,0,0,0,-3,0
108.539787,6,4,0,-6,-4,-2,-1,0,0
108.539803,4,0,1,-2,-3,-4,0,0,0
108.546423,3,-2,-2,-5,4,-2,0,4,0
108.546445,-12,-9,1,-3,6,-1,-1,-4,0
108.562787,-16,14,6,0,1,0,-1,3,0
108.562804,5,-5,-5,-3,-6,-4,-4,-8,0
108.564410,7,-1,-2,1,-2,1,1,1,0
108.564435,0,-2,-2,-4,-4,-2,-2,-2,0
108.576281,18,0,0,0,3,-2,1,2,0
108.576306,-12,-1,1,0,-3,1,0,2,0
108.586111,0,-1,-2,-2,-2,-2,-2,1,0
108.586118,-5,-2,4,4,2,-1,-1,1,0
108.600164,4,-2,-12,-1,-1,-1,1,-1,0
108.600186,5,3,6,-2,-3,0,1,2,0
108.601854,47,-1,-4,-2,0,0,-2,-3,0
108.601878,-69,-5,-4,-1,-3,2,-2,-5,0
108.622499,10,-5,4,-1,2,-7,-3,-3,0
108.622510,-6,1,-4,-10,-3,-6,4,-1,0
108.623965,-1,2,6,5,0,0,-2,-1,0
108.623983,10,1,-1,-2,-2,-1,-1,-3,0
108.638615,7,-1,-1,-1,-2,1,0,3,0
108.638622,0,-3,1,1,1,1,-3,0,0
108.646587,-5,0,-4,-6,0,-2,-2,-1,0
108.646593,5,0,0,-1,-2,1,1,2,0
108.660279,-5,-5,0,-2,-2,-2,-3,-2,0
108.660295,2,0,-3,-3,0,0,-2,-2,0
108.661927,6,-2,-1,4,-8,1,-1,0,0
108.661931,7,-1,-2,-4,-5,0,0,0,0
108.683383,-5,0,-1,-3,-1,-2,-3,-8,0
108.683424,-16,2,2,8,-2,-1,-2,-1,0
108.685874,-11,-2,-4,-4,8,1,1,3,0
108.685887,2,-2,1,-1,-4,-4,-4,-3,0
108.696323,14,0,-3,-3,-5,-1,1,3,0
108.696345,-3,0,-1,-2,-1,2,0,-1,0
108.705271,-16,-5,14,4,2,-1,0,-1,0
108.705290,8,-1,-10,-1,1,-1,0,0,0
108.720274,-5,2,3,3,0,-1,-1,-1,0
108.720301,4,-2,0,0,-3,0,-1,1,0
108.721572,-3,-5,-3,-4,-2,-2,-2,-5,0
108.721589,20,-1,-3,-2,-1,-2,0,1,0
108.742550,-18,-3,2,2,1,8,-1,-3,0
108.744912,17,-1,1,-3,-7,-7,-4,1,0
108.744920,-36,-2,-3,7,5,-3,5,-5,0
108.744922,11,-2,0,3,2,0,-1,3,0
108.757183,-14,2,-2,-2,1,-1,-1,1,0
108.757205,45,-1,-7,-3,0,2,-1,-5,0
108.763837,-2,0,15,-4,-2,-2,-3,-1,0
108.763858,-5,1,-15,-3,2,-2,-2,0,0
108.780039,5,1,4,0,-5,-1,1,1,0
108.780046,4,0,-2,-5,-7,-1,0,1,0
108.781564,-19,2,-3,-5,-2,0,-2,-1,0
108.781704,-11,-1,3,0,1,0,-1,-3,0
108.802973,5,-9,-6,-3,-2,-1,-2,-1,0
108.802999,-1,5,0,5,3,0,-1,0,0
108.804524,13,3,-4,1,1,-1,-3,-4,0
108.804532,2,-1,17,1,-2,0,1,4,0
108.816938,3,1,-9,-3,-4,-2,1,-2,0
108.816961,-21,-4,0,2,1,-2,-1,-4,0
108.824524,2,-2,-6,-2,-2,-1,-2,1,0
108.824564,-8,0,0,-5,-2,-1,-1,-3,0
108.840037,3,-4,0,-6,-3,-5,0,-3,0
108.840054,5,1,5,-3,10,0,-1,1,0
108.841744,20,2,-3,9,-9,3,0,5,0
108.841782,-19,4,-3,3,3,-7,0,0,0
108.862554,-22,2,-1,-12,-7,-20,-2,-3,0
108.862577,17,-9,-5,2,0,9,-5,-1,0
108.864376,1,0,1,8,6,10,4,0,0
108.864381,14,0,0,0,2,4,1,3,0
108.877124,8,3,-4,-1,-1,4,0,2,0
108.877141,-24,0,-1,3,-2,-8,0,1,0
108.883926,9,0,2,-2,-1,-5,-4,-5,0
108.883961,-1,-1,1,2,-2,3,-2,-3,0
108.900098,-1,-2,-3,-3,0,-2,-4,-3,0
108.900117,-9,-4,-2,-5,-4,-1,0,-2,0
108.901662,-7,-2,4,-5,-2,0,-3,-1,0
108.901693,-6,0,-8,-2,-2,-5,-2,0,0
108.922621,6,1,13,2,1,3,-2,0,0
108.922638,-9,-4,-7,-1,-2,0,1,1,0
108.924063,-7,-2,0,2,3,-1,-2,-3,0
108.924079,-1,4,5,-3,-4,-3,-1,-2,0
108.937602,11,-2,0,8,2,1,-2,0,0
108.937616,-6,1,0,-1,-2,2,0,-1,0
108.946145,-4,-8,-13,-11,-1,-5,-3,-5,0
108.946151,1,-5,3,-3,-2,1,-1,-2,0
108.960354,4,-1,-3,3,0,2,-2,-1,0
108.960370,-17,-2,1,2,2,-1,0,-4,0
108.961982,-3,0,-7,-6,-8,-3,-1,2,0
108.961986,16,-1,-5,-1,1,0,1,4,0
108.985161,-2,-2,0,-4,-1,-4,-1,-4,0
108.985175,-8,-1,-4,0,-4,-1,-2,-1,0
108.985179,2,0,4,0,1,-2,-1,-1,0
108.985181,-8,-1,-4,-9,4,2,0,-2,0
108.996650,21,0,1,9,-11,0,-1,5,0
108.996683,19,0,-5,-8,-3,-1,-4,-2,0
109.006106,-56,-2,12,-2,-1,1,0,-4,0
109.006111,-21,-4,-2,3,-1,-1,-2,-2,0
109.020176,9,1,-7,-5,1,-1,-1,-2,0
109.020371,-19,-1,3,-2,-2,-11,-4,0,0
109.021631,37,-2,1,3,0,9,-2,-3,0
109.021635,-2,-3,-1,-5,-2,9,3,-7,0
109.042957,-9,-2,0,-1,0,0,0,3,0
109.042974,13,4,4,3,2,2,2,2,0
109.044831,-6,0,-9,-5,1,-8,-3,0,0
109.044837,-1,-11,2,0,0,-5,-4,2,0
109.056211,3,12,-2,3,0,4,-1,-2,0
109.056228,-26,-1,0,-1,0,1,1,2,0
109.065951,7,0,-6,1,-3,-5,-3,-7,0
109.065979,8,-1,7,0,0,5,0,1,0
109.080247,23,-3,-21,-6,0,-6,-5,2,0
109.080263,-5,1,8,3,2,-2,2,4,0
109.081847,-43,-5,-7,-1,-1,-3,2,-1,0
109.081868,-15,2,1,-3,-1,-3,-2,-5,0
109.102741,16,-1,16,2,3,3,0,-1,0
109.102780,2,-3,-25,1,-4,2,2,-6,0
109.104133,23,1,1,-1,2,1,-2,6,0
109.104159,3,0,0,3,-2,-15,-2,-1,0
109.116455,-25,-4,1,-3,1,0,0,-3,0
109.116482,24,2,0,-2,-2,-1,-1,-1,0
109.125308,-9,0,1,-1,-1,-1,1,1,0
109.125323,4,-1,-8,-10,-3,-1,-3,3,0
109.141313,-11,-1,7,23,3,-1,0,0,0
109.141321,-1,-1,5,-1,-1,1,0,-4,0
109.141661,6,1,-6,-2,-2,0,-2,1,0
109.141693,7,1,0,-1,-2,-1,-2,-2,0
109.162826,4,-4,-14,-14,-2,0,0,-1,0
109.162848,-12,-1,8,2,0,1,-1,0,0
109.165656,23,-1,-2,0,0,-1,1,2,0
109.165663,-41,1,6,1,-3,-2,-2,-4,0
109.176680,20,-3,-20,-3,-2,1,-2,-2,0
109.176708,-30,-2,-2,-5,0,-8,-4,-2,0
109.187355,0,-1,2,-3,-3,-4,5,1,0
109.187361,20,-2,17,2,-2,-12,-5,-2,0
109.200557,-15,1,-7,0,2,10,1,1,0
109.200583,28,1,4,2,2,10,4,3,0
109.202512,-50,-6,-7,-6,-4,-1,-2,-2,0
109.202519,-12,-4,-3,-4,0,3,0,-1,0
109.222595,-17,-4,7,0,-12,-9,-3,-3,0
109.222612,23,-2,-3,-2,2,-2,-2,0,0
109.224065,11,0,0,-3,-2,0,-2,-3,0
109.224088,13,2,-16,-2,0,-1,-1,2,0
109.236581,-8,1,12,7,3,-3,-3,-3,0
109.236616,-5,-3,-3,-1,-2,-1,-2,-2,0
109.245501,14,1,-1,1,-2,-4,-2,2,0
109.245505,-7,0,-1,-3,0,1,-1,-3,0
109.260718,7,-2,0,-3,0,1,1,0,0
109.260741,-9,1,4,-1,-2,1,-2,-1,0
109.262839,12,0,6,-1,2,-2,-2,2,0
109.262843,2,-6,-25,-2,-5,0,-2,-2,0
109.283545,-16,-3,2,-11,-1,4,1,1,0
109.283580,-8,-9,0,6,0,-7,-8,-5,0
109.284446,21,15,4,-3,-4,0,0,1,0
109.284635,-2,1,5,3,0,2,1,-4,0
109.296119,12,-5,17,-3,-1,0,1,0,0
109.296135,-12,-1,-16,-9,3,-1,-1,-1,0
109.306211,-3,-5,-2,12,1,2,0,-2,0
109.306216,15,2,6,1,-1,1,2,2,0
109.319622,-9,1,-4,-8,3,-2,-2,-1,0
109.319643,-2,-4,-4,-11,-18,-2,-1,-3,0
109.326604,6,0,2,15,9,0,-1,0,0
109.326633,-12,-1,1,3,-3,0,1,0,0
109.342834,2,-2,-4,-1,1,-3,-1,2,0
109.342851,-14,-1,1,-1,-2,-22,-5,-5,0
109.344245,0,-3,6,-12,-4,10,-1,-4,0
109.344267,-7,-2,-10,4,0,5,1,-1,0
109.356157,-3,-1,-4,-3,-1,-2,-2,-2,0
109.356169,6,4,2,2,3,3,1,2,0
109.367498,-2,-2,0,-11,-7,-9,-5,-2,0
109.367509,-10,-3,3,-2,1,-4,0,0,0
109.380059,31,2,-18,-4,-5,11,4,1,0
109.380081,-13,-5,3,1,-2,-7,-9,-5,0
109.381484,3,0,-5,1,2,-6,8,2,0
109.381490,-6,-4,0,-1,-2,2,-1,-2,0
109.404201,-17,-1,-3,-2,-2,-5,-1,-2,0
109.404228,2,1,6,5,4,9,2,3,0
109.404487,11,-1,-9,-7,-3,0,-2,1,0
109.404525,7,0,4,0,-6,-4,-1,-1,0
109.425098,-1,-2,1,-2,0,-3,-1,0,0
109.425253,10,3,-4,-6,1,2,2,-1,0
109.426789,-12,3,11,8,3,-3,-2,0,0
109.426793,6,2,-3,-4,-1,-1,0,0,0
109.440175,-23,-5,10,-4,1,-5,-3,-4,0
109.440192,1,-1,-4,3,-8,1,1,2,0
109.441836,-9,-10,-6,-5,1,0,1,-1,0
109.441840,8,13,0,0,2,0,-6,-2,0
109.463239,2,-2,0,4,1,-3,-2,-2,0
109.463268,4,-1,3,-9,-2,-1,1,1,0
109.466109,1,-1,-20,8,0,-1,-2,-2,0
109.466121,11,-4,5,8,3,0,0,3,0
109.485112,1,1,1,-6,-1,-14,-6,-7,0
109.485133,0,0,-1,9,4,11,2,0,0
109.487396,-4,-4,-4,-14,-7,-3,3,-3,0
109.487406,8,-3,-5,5,2,2,0,1,0
109.500114,-6,2,2,4,2,-2,-2,-1,0
109.500139,-13,-1,0,-6,8,-3,-2,0,0
109.501902,29,1,3,5,-10,-1,-4,1,0
109.501933,-27,-3,-6,-10,-1,1,1,-1,0
109.522630,-23,-2,15,0,-3,0,-1,-3,0
109.522654,4,-1,-7,0,0,-1,-2,-3,0
109.525094,-11,-2,-4,-2,6,2,-2,-3,0
109.525098,19,0,6,-3,-3,-4,-1,1,0
109.545080,4,-3,-2,2,-2,4,0,-1,0
109.545107,-23,-3,-2,0,-1,1,2,0,0
109.546502,47,1,-7,-4,2,-3,-3,0,0
109.546517,-38,-3,4,-5,-4,2,1,-3,0
109.560447,-1,2,-6,0,0,-4,-5,-1,0
109.560455,1,-1,1,2,-2,-6,0,0,0
109.566260,-17,0,5,-11,-5,-1,-1,-2,0
109.566282,12,-3,-5,9,3,0,-2,-1,0
109.582851,14,1,-4,3,2,0,1,1,0
109.582870,-20,0,4,-3,-2,-3,4,0,0
109.585200,-11,-10,-8,-2,-1,1,-3,-3,0
109.585207,1,10,7,-6,-1,-2,0,0,0
109.605068,17,0,-8,0,-2,3,3,-1,0
109.605081,22,-2,-2,0,-5,-2,-4,1,0
109.606553,-22,-3,5,1,2,-1,0,3,0
109.606566,-1,-7,-8,-1,-1,-17,-3,3,0
109.621283,-7,-1,6,-5,-2,14,0,-6,0
109.621290,22,1,-3,-2,-3,-1,-3,-3,0
109.626615,-24,-2,-1,-4,0,2,-3,-4,0
109.626636,17,1,-2,2,2,-1,0,0,0
109.642961,-10,-1,2,-2,-4,-8,-1,1,0
109.642978,-28,-3,-3,-3,-1,2,0,-5,0
109.644917,16,1,-3,1,0,0,1,0,0
109.644924,-22,-5,1,-1,0,-2,-4,-3,0
109.665092,25,-1,-6,0,-3,-3,2,4,0
109.665114,-35,0,1,2,2,4,-2,-1,0
109.667347,21,2,1,1,0,-3,-2,0,0
109.667354,2,-4,-2,-6,-3,2,0,-5,0
109.679607,-10,0,-5,-5,0,7,0,-1,0
109.679622,20,0,-2,1,-1,-7,-5,5,0
109.686462,16,2,-2,-2,-2,-5,-2,-8,0
109.687758,-30,-1,0,13,6,8,-1,-2,0
109.703054,-5,-2,-2,0,-9,-3,-6,-2,0
109.704647,4,-1,-2,-4,-3,0,-2,-2,0
109.704653,-1,0,14,-4,-2,-3,-1,0,0
109.704655,24,1,-7,-2,1,0,-2,7,0
109.725271,-31,-5,0,-2,2,15,6,-7,0
109.725290,20,-2,-5,0,0,-3,-1,2,0
109.727192,-8,0,7,6,-4,1,0,-1,0
109.727203,30,0,-5,-7,0,4,-1,-1,0
109.739425,-45,-2,1,0,-1,-10,-3,1,0
109.739441,-1,-4,0,-1,-2,2,2,-1,0
109.746605,-15,-5,-7,-6,1,-6,0,-3,0
109.746634,3,1,3,-1,-7,-5,0,4,0
109.762556,24,0,-1,6,2,-6,-3,-3,0
109.762577,-7,-2,-2,-1,-1,0,0,-1,0
109.764324,-34,-1,-5,-1,-1,0,-4,-3,0
109.765550,9,-2,1,-3,-2,0,0,-2,0
109.785220,5,-3,-4,2,2,-5,0,0,0
109.785238,1,1,2,2,-2,-7,3,0,0
109.786859,31,0,18,1,1,2,-2,2,0
109.786954,-47,-5,-16,-4,-2,-1,-2,-6,0
109.799531,-28,-4,-2,-3,-5,-4,0,1,0
109.799557,4,-3,0,-1,2,0,-2,-3,0
109.806252,-25,-3,8,-4,-1,2,1,3,0
109.806268,52,7,2,1,-4,-2,1,1,0
109.822631,28,2,-2,10,2,-4,-3,1,0
109.822655,-57,-4,-4,0,0,-6,0,-5,0
109.824018,-3,-2,-2,-1,5,7,-7,-2,0
109.824025,10,-3,0,-5,-11,-5,4,-2,0
109.845374,-8,-2,-5,-8,3,-2,-1,0,0
109.845397,22,2,5,-1,0,2,1,0,0
109.846575,-6,1,-6,5,0,-6,0,-1,0
109.846581,-17,-4,3,0,-1,-1,-4,-3,0
109.859760,12,1,-1,-3,0,1,-1,-2,0
109.861831,5,-2,-2,-5,-7,-1,0,1,0
109.866567,-5,-5,-16,-8,-5,-3,-1,-1,0
109.866596,31,9,9,2,-1,3,-3,-1,0
109.882803,-15,-2,-1,-6,-3,-6,3,2,0
109.882836,7,-2,2,1,3,-3,1,-4,0
109.884502,-8,4,-19,2,-7,0,1,0,0
109.884507,5,-6,1,-1,2,0,-2,-4,0
109.905018,18,1,2,-2,-1,-1,1,3,0
109.905037,-15,1,-2,-2,-4,-7,-2,0,0
109.906542,7,-2,-2,0,3,7,2,0,0
109.906558,-10,-4,7,-5,-1,-2,1,1,0
109.918743,7,2,-5,-2,-2,1,-1,0,0
109.918754,12,1,-2,-2,-1,2,-2,-1,0
109.935008,9,6,7,7,2,-6,0,2,0
109.935025,-32,-4,2,3,1,-1,-2,-2,0
109.942861,17,-2,0,-5,-3,-4,-3,-6,0
109.942890,5,-5,-8,-2,-2,7,-5,-1,0
109.945016,-10,1,6,0,3,9,7,-1,0
109.945020,7,0,-5,0,0,-3,1,3,0
109.964970,-20,-4,-1,2,2,2,-2,-4,0
109.964987,6,-1,-2,0,1,-4,1,1,0
109.966733,2,-1,-6,-13,-4,-3,-3,1,0
109.966765,7,1,-13,7,2,6,-2,-2,0
109.979095,-5,-1,4,-1,-4,-7,-5,0,0
109.979104,8,1,10,-6,-3,2,-3,1,0
109.988737,-11,-4,-25,4,1,-2,-3,-3,0
109.988742,3,-2,1,-7,-3,-3,0,0,0
110.002702,23,0,0,-4,-1,1,-1,1,0
110.004828,-52,2,-6,3,1,0,-4,-5,0
110.004838,31,-2,14,-3,-2,-2,-2,0,0
110.004840,-29,-3,-1,-3,-3,-5,-4,-4,0
110.025205,-31,-5,-9,-2,-2,1,2,-1,0
110.025224,15,-4,2,4,1,2,1,1,0
110.027236,-21,-1,3,2,-4,-4,-1,0,0
110.027243,22,-2,-2,-1,1,-2,-1,-3,0
110.039220,24,7,2,-5,2,-1,1,6,0
110.039243,5,0,-1,2,-2,-2,1,-1,0
110.048256,-5,-1,0,-5,0,-3,-2,1,0
110.048260,-9,-4,-1,4,2,-2,2,2,0
110.062953,-13,-4,1,3,-2,-17,-6,-9,0
110.062976,10,-1,11,-4,2,12,0,-1,0
110.064438,2,1,-4,8,0,9,6,0,0
110.064444,-15,-1,1,-10,0,-7,-8,-3,0
110.085156,2,-4,-26,-2,-2,3,1,3,0
110.085178,-1,-7,1,-4,-4,-10,-4,-3,0
110.087083,-21,12,6,11,3,-4,0,-1,0
110.087096,8,3,-1,2,-2,12,-1,-1,0
110.099306,-2,2,7,-2,-2,-5,-4,0,0
110.099359,16,-2,-4,1,-3,-4,1,3,0
110.108210,-11,-6,-2,-1,3,-2,-1,-2,0
110.108214,-3,-1,0,-2,0,8,3,1,0
110.122543,-6,0,0,-1,3,3,1,-2,0
110.122564,15,-2,-5,-2,-1,0,-1,-2,0
110.124012,-18,-5,3,-2,-2,-7,1,-1,0
110.124052,1,3,-3,-1,-5,-6,-2,-3,0
110.145037,23,0,20,0,3,4,0,4,0
110.145060,3,0,-12,-3,-4,-3,0,-2,0
110.146732,21,0,18,5,-1,-4,-4,-1,0
110.146741,-32,-4,-17,-2,0,-4,-1,-3,0
110.159076,7,0,-1,-5,-4,2,-1,1,0
110.159098,-4,1,-1,-5,0,-5,0,0,0
110.168149,-8,1,1,-1,-5,-2,-4,-1,0
110.168155,22,-2,8,0,-1,-22,-1,-1,0
110.182544,-17,1,-1,0,-2,17,4,0,0
110.182567,-6,1,1,7,3,0,-1,-2,0
110.184167,0,-6,-11,-6,-2,3,0,-1,0
110.184194,-1,-1,-2,-7,0,0,1,4,0
110.205203,-16,-5,-14,-9,-9,-9,-3,-3,0
110.205226,2,2,6,-2,1,1,-1,-2,0
110.206856,8,0,-4,-2,-5,2,1,-2,0
110.206860,-4,-2,4,4,8,-1,-7,-2,0
110.218731,-2,0,14,3,3,-8,2,2,0
110.218750,-12,-7,-8,-6,-2,5,-1,0,0
110.230463,44,2,1,-11,-2,-6,-4,-4,0
110.230468,-5,1,-20,6,-3,4,1,-1,0
110.242756,-6,-1,0,1,2,4,1,-1,0
110.242778,6,2,6,3,1,-5,-1,-1,0
110.244781,-10,-5,-6,-6,-2,-4,0,0,0
110.244790,-2,-7,-1,-7,-4,3,0,-3,0
110.265415,0,4,6,7,1,-1,-2,1,0
110.265451,-7,-2,-8,5,3,5,0,0,0
110.267745,13,-2,-1,-3,-2,-6,-5,3,0
110.267751,-16,-2,3,0,-1,2,2,-3,0
112.290269,-90,-52,0,3,14,35,21,-5,2
112.290674,58,-11,-1,-10,-9,-32,-25,33,2
112.292446,69,-6,9,8,4,2,11,51,2
112.292542,-26,-11,-8,-7,-4,-49,-5,-84,2
112.312443,2,-4,1,5,7,11,22,48,2
112.312459,-80,90,3,1,0,1,11,-25,2
112.314040,-93,-28,-3,-2,-5,13,10,19,2
112.314076,14,-126,-8,1,4,44,13,5,2
112.328208,1,0,-4,-1,-9,-81,-50,-1,2
112.328246,-86,-22,4,5,-4,23,-11,-9,2
112.329956,-49,-14,-13,-5,28,-6,-14,-47,2
112.329963,-28,21,3,8,-17,52,1,-19,2
112.350261,37,-20,-7,-3,-11,-23,-9,-24,2
112.350279,-59,8,6,0,20,49,32,35,2
112.351661,99,-43,-29,-19,-28,-22,-56,-105,2
112.351681,-78,30,5,-7,2,30,0,10,2
112.372550,-109,6,2,2,0,27,-15,-74,2
112.372567,73,-26,-7,-10,-20,-54,4,77,2
112.374077,-23,32,8,3,16,60,15,-47,2
112.374092,-62,8,5,0,-20,41,5,75,2
112.386978,61,32,-17,-3,29,-8,-43,-89,2
112.387004,78,-52,-6,-5,7,20,32,76,2
112.393942,25,12,9,12,4,-38,-2,9,2
112.393963,-2,31,4,2,7,-33,2,-18,2
112.410308,-14,14,-1,-1,-27,8,8,11,2
112.410336,85,-44,-9,4,11,-2,-5,-66,2
112.411493,51,43,11,-2,2,21,0,17,2
112.411508,-128,-85,-15,-4,7,-14,-5,-18,2
112.432827,122,13,6,1,-42,-67,8,81,2
112.432853,31,43,4,-1,-3,26,10,-36,2
112.435028,-5,3,2,0,-41,-21,-5,22,2
112.435035,123,80,15,18,67,41,24,50,2
112.447112,-44,-44,-4,-6,-16,-12,-19,-34,2
112.447134,9,68,2,-7,20,15,0,28,2
112.454109,-74,-25,0,-3,2,15,-1,-72,2
112.454143,28,2,-5,-2,-23,-12,-9,23,2
112.470160,-23,11,2,5,16,12,27,17,2
112.470169,62,7,1,1,11,-10,-1,83,2
112.471558,-25,48,-2,0,5,9,-10,-78,2
112.471577,-53,-86,-20,-18,-4,-30,-15,-12,2
112.492921,1,24,3,0,7,60,-4,-18,2
112.492951,-81,-15,0,5,0,-51,-11,-21,2
112.495159,14,35,0,-1,-9,-21,10,50,2
112.495163,38,-2,9,8,8,21,23,70,2
112.506921,-50,-8,-11,-2,-12,-23,-29,-75,2
112.507899,29,31,-4,-7,7,15,3,8,2
112.513960,23,-123,-14,0,3,24,15,66,2
112.513981,52,29,4,2,-7,-36,-20,-32,2
112.530295,-7,12,1,-9,12,1,18,55,2
112.530317,-15,11,16,10,-27,7,-5,-57,2
112.531589,-11,49,15,11,15,-16,14,59,2
112.531603,-40,46,-5,-12,-1,41,-17,-102,2
112.553138,-50,-72,-13,-11,-1,0,11,66,2
112.553192,-84,-21,-10,-11,-12,18,-17,-69,2
112.554274,-12,46,10,11,2,10,16,51,2
112.554292,90,-39,-2,2,-6,3,-4,-56,2
112.567287,127,64,10,5,7,-48,-6,51,2
112.567327,-54,-44,-8,-5,0,18,11,0,2
112.573655,-85,-11,-8,-12,-16,-7,10,4,2
112.573678,-46,17,0,-1,6,-21,-38,27,2
112.590030,-13,71,5,0,-16,14,-1,-44,2
112.590055,-12,-16,2,3,14,4,2,6,2
112.591578,95,23,-8,-7,-16,-4,3,8,2
112.591591,107,44,-8,-14,-28,-5,11,30,2
112.612631,-103,-50,9,13,10,55,-3,-20,2
112.612647,15,-14,8,11,29,22,15,73,2
112.614390,30,45,-10,-13,-35,-12,-22,-82,2
112.614411,-16,7,-3,7,2,-17,1,-10,2
112.627005,33,-57,-8,-10,-10,-41,1,13,2
112.627022,46,-5,-11,-3,-23,84,-2,-7,2
112.633854,-43,-30,7,3,18,-39,-14,62,2
112.633882,-36,47,8,2,-15,-47,10,17,2
112.650128,127,10,6,2,24,-4,13,29,2
112.650147,-37,-23,-5,-2,-12,-19,-10,-55,2
112.652896,-5,-16,2,-4,16,11,5,12,2
112.652913,-18,-12,-5,-3,-17,-1,4,-4,2
112.672477,-28,59,16,9,-12,23,5,22,2
112.672515,-46,-20,-17,-14,9,-75,-31,-13,2
112.673911,-105,-51,-17,-6,-5,31,-28,-116,2
112.673926,24,20,5,2,2,-6,1,10,2
112.689359,-6,-30,-3,2,-2,9,4,-5,2
112.689367,85,44,8,0,-11,-4,5,54,2
112.694077,-55,-21,-17,-5,-1,-5,-12,-60,2
112.694095,-39,25,13,6,17,-4,0,34,2
112.710322,85,16,-3,1,-6,-17,2,-47,2
112.712671,-44,3,7,7,-2,18,9,40,2
112.712679,46,-17,5,8,9,6,0,25,2
112.712681,-116,-17,-10,-12,-14,2,3,-36,2
112.733147,72,32,5,-2,42,51,20,58,2
112.733155,-80,-28,-2,7,-7,-85,-27,-46,2
112.734126,23,-3,7,-1,-3,61,26,11,2
112.734146,91,-31,-10,-3,-2,12,-18,-24,2
112.746202,-59,-86,-9,1,0,3,-7,-5,2
112.746223,14,21,0,-5,-6,5,6,-1,2
112.755336,27,19,5,2,0,6,10,59,2
112.755345,10,-9,-5,0,13,14,-13,-36,2
112.770261,29,31,0,-6,-26,-20,-5,-14,2
112.771868,18,-51,-2,-5,3,-2,12,-5,2
112.771875,-67,-35,-5,-1,-23,0,-22,-22,2
112.771877,77,-1,5,-2,21,-7,21,17,2
112.792775,-54,28,-9,-6,-18,-23,-16,-5,2
112.792801,81,-24,-9,-7,-6,-12,-2,-28,2
112.795230,53,99,11,5,8,-14,-3,-6,2
112.795329,-121,-55,-6,2,-2,11,7,-28,2
112.806241,-51,-28,0,1,19,23,6,66,2
112.806264,99,40,-2,-9,-27,-20,1,-100,2
112.815214,66,10,-5,-7,-6,-51,-5,38,2
112.815245,-30,18,-1,-2,-8,-18,-5,9,2
112.830409,-30,14,5,2,27,0,-5,-4,2
112.830430,-74,-16,-1,1,-39,-1,1,13,2
112.831878,24,-4,-1,0,-10,16,8,15,2
112.831907,-34,16,-5,-5,20,-4,-3,-2,2
112.852764,59,17,1,0,-13,-30,-14,-28,2
112.852810,-2,-11,7,5,20,27,20,53,2
112.854257,-29,63,5,4,-4,-6,-2,5,2
112.854263,126,-31,-8,-6,-11,3,-3,20,2
112.866513,-43,14,2,1,4,2,2,-27,2
112.866546,-27,-37,-3,-2,14,5,3,26,2
112.876725,-79,-67,-11,-1,-5,-22,3,-3,2
112.876729,17,-10,-5,0,10,34,-11,-54,2
112.889959,24,-3,-2,1,14,-20,-8,17,2
112.890025,60,66,13,6,1,12,4,-63,2
112.891521,-38,-51,5,5,18,-14,18,75,2
112.891536,-52,-22,1,2,-19,6,13,0,2
112.912568,36,-77,-19,-9,-13,-4,-6,26,2
112.912590,29,-7,-2,-1,18,2,6,-4,2
112.914136,15,29,6,-3,0,25,5,-91,2
112.914206,29,29,0,-2,-7,-42,-6,78,2
112.926275,57,5,4,4,-11,-1,13,-24,2
112.926305,-53,16,-3,-1,3,-8,-29,-60,2
112.935258,91,-9,-2,-2,-4,-2,-7,-1,2
112.935267,30,49,12,4,14,-19,11,37,2
112.951902,-126,23,3,3,5,77,10,-36,2
112.951909,29,-25,-18,-14,-19,-93,-19,9,2
112.951912,-63,-6,0,3,-9,24,0,-5,2
112.951914,84,11,5,2,15,-21,-4,47,2
112.972807,23,11,-5,-5,-22,7,0,-21,2
112.972837,-83,44,3,3,29,38,0,23,2
112.974037,40,18,5,-3,-46,-52,0,14,2
112.974071,94,-26,-9,-4,-14,-1,-6,-40,2
112.986746,32,21,2,2,1,-64,5,85,2
112.986784,-44,-53,3,2,9,30,-13,-75,2
112.997162,-28,6,3,5,7,5,11,0,2
112.997171,-4,48,0,-1,0,17,0,-27,2
113.010475,1,1,3,-3,-7,-5,8,94,2
113.012151,70,-3,-1,1,-43,-21,-9,-18,2
113.012156,-44,71,0,0,76,45,15,42,2
113.012158,-84,-23,-2,3,-9,7,-8,-42,2
113.032935,-26,11,-6,-9,0,5,-8,-23,2
113.032968,47,11,2,3,-9,-47,10,59,2
113.034312,94,62,7,0,12,29,0,-16,2
113.034342,-71,-42,-12,-8,-44,16,-8,26,2
113.046870,81,-1,3,1,0,-7,-4,-31,2
113.046963,-22,31,9,1,5,32,2,46,2
113.055730,-42,-93,-24,-2,11,-3,0,-43,2
113.055735,-18,14,8,-7,-2,-47,0,63,2
113.070127,-101,-20,-1,8,-17,4,-16,-71,2
113.070150,60,-33,1,0,8,-1,12,36,2
113.072450,-40,23,-3,-8,-19,4,-14,20,2
113.072455,-40,-52,-4,-2,-15,-15,-4,-57,2
113.092547,-24,-7,-1,-3,39,4,5,-4,2
113.092564,-5,53,-7,0,-3,54,0,4,2
113.094142,14,-55,-5,-6,-17,-72,-10,19,2
113.094164,74,23,-4,-3,-7,9,-7,-22,2
113.107448,-96,-26,-4,-5,-8,-18,-7,-33,2
113.107455,10,-53,-3,3,24,-11,5,-6,2
113.117670,1,10,-5,-5,-10,11,-20,-17,2
113.117675,7,5,3,1,8,0,14,26,2
113.129959,-37,20,-3,-1,1,-9,1,-63,2
113.129981,9,-5,3,1,3,-1,4,89,2
113.131443,-30,4,1,2,-6,-36,-17,-52,2
113.131458,-39,-14,-3,-2,-12,32,3,5,2
113.153083,71,3,1,3,22,16,10,42,2
113.153091,5,101,3,-8,-13,32,3,-40,2
113.154474,37,11,6,9,4,-44,-24,22,2
113.154503,-84,-13,-2,2,-2,13,12,-15,2
113.166649,117,-15,-7,-6,-14,28,-16,-21,2
113.169266,-39,-31,-6,-2,5,-21,-6,-81,2
113.175314,5,-32,4,-3,5,38,17,38,2
113.175347,-60,11,-11,-6,-1,-14,-5,-6,2
113.189996,15,-11,-1,-4,-21,-1,-12,14,2
113.190016,-119,-21,-5,-8,7,3,8,2,2
113.191713,1,8,9,12,11,38,12,-15,2
113.191718,29,25,6,-1,14,-34,-6,31,2
113.213108,-14,16,-3,-7,-11,23,9,6,2
113.213137,12,-28,4,4,15,12,-6,-11,2
113.215096,49,-12,-4,-1,-19,-2,-2,11,2
113.215101,13,1,0,-5,8,-17,3,48,2
113.235452,1,-29,-3,-3,-18,6,8,11,2
113.237378,-4,-57,-7,2,-6,9,-7,18,2
113.237385,-41,-26,-6,-4,12,11,5,10,2
113.237388,102,15,6,2,-2,-2,-8,-43,2
113.250151,-55,1,-2,3,24,29,-1,17,2
113.250173,-43,21,-6,-11,-36,-32,-2,-11,2
113.252448,31,20,5,3,-13,-57,-17,5,2
113.252455,29,-48,-4,0,-3,36,3,0,2
113.272800,-24,31,5,0,30,-32,-17,-9,2
113.272822,-36,21,2,5,-4,54,11,38,2
113.274399,74,-43,-8,-4,10,11,3,-21,2
113.274435,-105,6,1,2,-4,-30,-13,-10,2
113.295309,104,-7,1,0,-2,23,6,82,2
113.295334,22,3,-7,-8,-1,-22,-2,-72,2
113.296577,31,43,5,-7,-5,31,-3,-2,2
113.296631,-49,-2,-4,4,-38,-10,-11,4,2
113.309772,-55,-4,-1,3,14,7,20,-10,2
113.309796,6,-6,-1,-2,2,-15,-10,0,2
113.316263,36,30,2,-1,13,-2,10,8,2
113.316289,-77,-39,-9,-9,-6,27,1,-22,2
113.332571,-31,0,-1,-2,-3,-107,-17,-4,2
113.332591,70,9,6,4,-14,8,1,13,2
113.335257,13,49,5,6,16,59,6,-11,2
113.335268,-37,-77,-8,-7,-3,-51,-2,-3,2
113.355764,-65,-29,-4,-1,-9,19,-4,-5,2
113.355771,-33,28,3,4,12,-53,-16,-32,2
113.356622,1,-52,-6,-2,4,-12,-4,7,2
113.356637,54,56,2,-2,21,39,-1,-9,2
113.370944,-50,-9,1,5,-16,19,2,25,2
113.370949,-32,-47,-3,-5,5,19,7,12,2
113.376208,67,-28,-11,-8,-2,30,-3,17,2
113.376231,50,17,5,1,-25,-22,5,23,2
113.392943,37,-3,0,-2,35,49,2,15,2
113.392967,-74,0,-5,0,-15,12,-2,1,2
113.395406,-2,17,-5,-6,-13,-63,9,10,2
113.395413,118,43,4,-6,25,-9,7,-7,2
113.415506,33,18,-11,-8,-18,-24,-12,-38,2
113.415547,42,39,5,8,15,4,5,47,2
113.417725,-60,-65,-1,-2,-40,-36,-9,-23,2
113.417731,-35,30,8,8,19,55,1,-45,2
113.429520,-6,-48,-4,-6,0,-4,0,-9,2
113.429542,96,68,-1,-5,-14,-72,-7,15,2
113.436592,-26,-17,4,0,6,5,10,16,2
113.436620,-71,1,-1,4,5,13,0,55,2
113.452774,-49,-41,-5,-5,-7,-17,-14,-104,2
113.452813,-80,-23,0,1,4,32,3,11,2
113.454276,48,11,-5,-1,-8,-13,-3,42,2
113.454303,21,13,4,5,37,-3,5,-32,2
113.475047,69,38,1,-3,-19,-37,3,9,2
113.476724,-16,-46,-8,-10,-3,10,5,19,2
113.476730,-30,61,14,8,32,-15,-8,-58,2
113.476732,-43,-6,-6,-1,-17,48,-6,35,2
113.489476,20,-51,3,4,-16,-12,18,32,2
113.489494,-16,-23,-2,2,12,-2,-7,-30,2
113.496172,-9,42,-3,-7,-13,8,-2,27,2
113.496190,7,-35,4,6,52,15,6,-3,2
113.512496,87,61,-7,-4,-4,0,-1,-9,2
113.512511,-23,0,-1,-7,-5,6,9,45,2
113.513969,-52,19,6,12,-10,1,0,-61,2
113.513985,70,-33,-11,-10,-16,19,2,67,2
113.535157,24,30,6,3,17,-5,-3,8,2
113.537318,-10,-10,-1,-3,-18,1,-10,-35,2
113.537331,-12,6,-7,-7,-10,10,-1,16,2
113.537333,97,13,5,7,21,11,2,-21,2
113.549706,-71,34,8,5,6,-8,-2,2,2
113.549740,44,-40,-14,-9,-28,57,-3,-11,2
113.556237,30,-18,1,0,-8,-25,5,25,2
113.556254,-14,-9,-7,-5,-22,11,0,-17,2
113.574084,38,17,2,-5,-2,7,0,-3,2
113.574093,-43,-46,1,8,26,-31,2,0,2
113.574096,-80,-30,-4,-2,-7,76,3,-15,2
113.574098,-6,23,-3,-3,-8,-43,-16,-58,2
113.595119,93,26,3,-3,-10,10,-3,28,2
113.595141,-53,7,4,6,23,7,2,-10,2
113.596470,80,30,-3,-3,13,0,3,17,2
113.596512,-92,-46,-3,-5,-18,-30,-4,-25,2
113.609735,-89,-40,-2,6,-7,-5,-6,-58,2
113.611412,5,-13,2,-1,4,-8,-2,5,2
113.616454,57,-3,1,2,1,-3,3,27,2
113.616477,-49,5,-4,-1,23,-6,-3,5,2
113.632712,18,-91,-3,0,-4,-12,-9,8,2
113.632734,48,28,-1,-1,-3,-21,11,20,2
113.634444,8,-2,2,6,20,50,1,24,2
113.634450,55,58,5,-2,20,30,-1,-56,2
113.655105,5,-47,-8,-7,-13,1,6,71,2
113.655123,-46,-12,-6,-3,-6,-34,-22,-59,2
113.656782,-12,10,0,-1,-1,9,-3,-1,2
113.656850,11,-6,2,4,-1,24,3,12,2
113.669465,39,37,1,4,2,-31,4,-26,2
113.669491,-17,3,5,2,11,12,0,34,2
113.676488,-58,-30,-10,-6,-19,-37,-4,-11,2
113.676511,23,17,9,8,-10,-17,4,27,2
113.692198,-43,-20,-10,-9,-2,-8,-11,-2,2
113.692229,-63,-10,1,2,-13,-2,-4,-36,2
113.694119,-8,5,-4,-4,0,3,3,-40,2
113.694125,-21,2,3,4,9,-22,8,102,2
113.714255,-32,25,1,2,-3,5,-9,-72,2
113.714264,67,25,6,3,8,19,3,42,2
113.714937,-23,3,-4,-7,-23,-24,-1,9,2
113.714951,92,25,0,-2,17,0,-1,11,2
113.737367,-91,-74,-4,-2,3,24,3,6,2
113.737419,50,64,2,-3,-2,-21,-12,-15,2
113.739737,-25,-19,-2,-3,-7,-13,-2,-33,2
113.739743,-15,-9,-6,-6,5,31,-1,1,2
113.751920,49,20,7,6,-7,-50,9,30,2
113.751938,14,5,-7,-4,10,-8,4,0,2
113.754503,123,15,0,-1,-5,1,-11,2,2
113.754510,-59,8,-5,-3,-7,12,-4,-20,2
113.774624,20,46,14,2,5,2,4,4,2
113.774631,5,-74,5,5,-15,9,-5,-5,2
113.774957,-58,-29,-10,-5,23,-14,-1,-34,2
113.774963,-34,0,-3,-4,-11,-17,-3,-4,2
113.797025,34,23,-3,-3,-6,1,-5,-29,2
113.797048,65,44,7,0,-13,3,6,18,2
113.799274,49,43,-3,-6,10,11,-16,-16,2
113.799389,-20,-36,-3,0,-13,-29,10,24,2
113.811999,63,14,1,3,-1,20,-7,-19,2
113.812016,35,39,2,1,6,10,0,0,2
113.813048,-72,-50,-4,0,8,8,2,12,2
113.813052,-16,4,-1,-3,-19,-23,-4,-12,2
113.834507,79,35,-1,-3,4,10,-2,0,2
113.834538,28,31,-4,1,10,63,-3,7,2
113.836478,-77,-70,-4,-4,-38,-21,-8,-10,2
113.836494,-49,-5,-10,-7,11,-3,-2,-29,2
113.856929,18,-18,-2,3,-13,14,-4,33,2
113.856955,6,29,0,-3,25,49,8,43,2
113.857587,-51,-11,2,5,4,3,2,-11,2
113.857605,47,0,2,-1,-21,-12,-9,-14,2
113.871875,-49,3,-1,0,17,20,1,4,2
113.871894,-15,19,-1,0,-3,-24,11,28,2
113.872856,19,36,3,-4,2,-26,11,45,2
113.872860,97,77,13,6,-16,68,-5,-1,2
113.894319,-72,-75,-19,-2,5,-61,-13,-50,2
113.894337,-10,-25,-6,-8,-12,10,-4,-39,2
113.895066,-51,-9,1,4,6,-3,-5,-1,2
113.895070,18,19,1,-1,4,-14,2,-12,2
113.916925,-31,4,2,-1,-9,-6,2,26,2
113.916948,14,-41,-7,-6,-9,-14,-4,-6,2
113.917777,51,7,-1,2,3,9,-2,-10,2
113.917795,-51,-2,-3,-4,3,14,0,14,2
113.931802,83,36,8,0,1,45,8,37,2
113.931820,-41,-25,-13,-7,-12,-80,-7,-30,2
113.934358,-47,27,3,1,-1,36,-2,-11,2
113.934365,58,-99,-9,-7,-9,-13,-4,-12,2
113.954458,29,14,-2,-2,17,54,-3,4,2
113.954476,14,8,1,2,-21,-36,-2,-20,2
113.955654,42,13,0,-1,4,1,1,19,2
113.955659,-48,-24,-7,0,4,-22,-6,9,2
113.978767,-22,16,4,-1,17,8,6,-9,2
113.978774,23,-32,2,5,-7,-36,-7,-23,2
113.978776,14,-18,2,-4,-6,22,9,29,2
113.978778,-24,17,-7,-6,1,-41,-10,-57,2
113.991932,-9,1,-14,-10,-23,6,-20,25,2
113.992083,-46,-27,-2,-3,-2,15,6,-2,2
113.994996,43,34,7,8,2,-47,1,-2,2
113.995002,4,17,8,1,-16,10,9,29,2
114.014669,-69,3,1,-5,-1,-14,-2,5,2
114.014702,5,14,0,3,21,58,6,-11,2
114.015387,-67,29,-8,-7,-10,-40,-3,2,2
114.017775,20,-25,-4,1,-11,2,-1,4,2
114.037219,-8,6,-6,-6,-11,-35,-3,-26,2
114.039315,40,17,7,1,25,69,4,24,2
114.039321,30,-3,2,0,12,-4,-1,-6,2
114.039323,-30,20,8,8,-14,9,4,3,2
114.051941,27,-25,-6,-7,-12,-24,-2,-7,2
114.051966,10,10,-7,0,2,-21,3,22,2
114.053486,44,82,6,1,-7,6,-11,-15,2
114.053490,-46,-97,-21,-8,-7,11,-6,-20,2
114.074286,10,57,12,15,46,3,6,16,2
114.074297,-49,2,3,1,-17,-17,-9,9,2
114.075063,48,17,-2,-3,-3,1,1,-12,2
114.075077,85,-19,5,3,12,0,6,64,2
114.096902,20,9,-2,-2,-12,-48,-3,-16,2
114.096924,25,-12,-7,-3,-9,-6,2,9,2
114.099005,-18,-65,-4,-5,6,7,-10,-35,2
114.099020,-34,8,3,1,4,-43,1,10,2
114.111974,-8,45,2,-2,-19,48,12,24,2
114.111993,-7,-29,-7,-5,21,22,0,1,2
114.112896,116,14,-6,-2,-27,2,8,18,2
114.112900,-77,-18,-2,0,-11,-15,-11,-39,2
114.135133,-7,-11,-1,2,5,1,6,-38,2
114.135138,69,48,8,4,5,17,2,26,2
114.135262,-37,-51,0,1,7,58,-3,6,2
114.135284,3,6,0,-2,6,-7,-4,-29,2
114.157004,28,-3,-9,-4,-11,-4,9,-5,2
114.157026,-38,14,5,-2,-15,-15,-1,0,2
114.159167,-9,-29,-5,1,14,0,-4,2,2
114.159172,-67,30,6,1,-5,-1,0,11,2
114.171916,-98,-117,1,4,-7,0,-5,10,2
114.171933,42,-22,5,5,24,-1,-7,-20,2
114.173063,-30,-2,-4,-7,-12,-63,-3,4,2
114.173070,-1,25,2,-2,7,14,13,25,2
114.194270,-7,18,-5,-8,-6,-1,-5,-30,2
114.194293,23,30,-9,-4,-7,-20,-11,8,2
114.195134,-69,-48,5,7,16,13,-2,-19,2
114.195138,6,23,-1,-1,-19,-2,-8,-12,2
114.216994,-20,-7,2,3,31,-11,8,32,2
114.217014,-7,-17,-6,-4,-11,-63,-12,-52,2
114.217714,-75,8,-8,-11,2,84,16,25,2
114.217755,72,-1,-5,4,7,-3,2,-2,2
114.232302,4,35,6,-5,-30,-20,-6,17,2
114.232341,-68,-13,2,3,-5,-10,4,-4,2
114.234818,56,-1,-1,0,4,-21,-8,-61,2
114.234823,80,55,8,0,1,-16,0,-1,2
114.254511,53,10,-1,2,7,16,4,27,2
114.255560,38,18,-8,-5,-7,8,-5,-4,2
114.255565,-105,-12,-4,-3,-5,-20,-6,-13,2
114.255567,7,-15,0,-1,6,23,7,14,2
114.277047,-3,14,2,1,-1,-10,-2,-18,2
114.277065,20,3,0,-5,5,24,5,17,2
114.277580,114,7,-3,-4,-21,-53,-10,6,2
114.277593,-18,6,-2,3,21,15,7,-3,2
114.291975,-20,-40,-3,-1,-10,-17,-8,0,2
114.291997,-35,-9,-1,-1,-2,-15,6,-5,2
114.293510,78,15,4,4,-20,-5,-4,14,2
114.293605,-39,-3,-2,-3,15,13,1,-22,2
114.314281,73,13,-2,-2,-5,0,1,6,2
114.314303,-26,-5,1,-1,-5,18,0,7,2
114.317091,-33,9,1,3,6,-23,2,3,2
114.317109,74,33,0,-4,-1,63,-2,11,2
114.337566,-128,-42,-5,-1,-2,4,-3,-8,2
114.337611,-37,-13,-6,-6,-12,11,-13,-40,2
114.339703,-18,-18,-4,-2,6,26,1,3,2
114.339710,0,-4,5,0,0,-5,0,-2,2
114.351915,20,17,-1,0,-16,-4,2,-1,2
114.351934,48,5,1,2,4,-2,5,4,2
114.353991,-63,24,5,-2,9,-21,1,52,2
114.354000,19,-29,-11,-4,2,0,-19,-44,2
114.374349,-60,33,8,-2,-19,-39,7,-2,2
114.374372,35,23,3,2,-7,-12,1,24,2
114.375001,-2,-32,-3,-2,9,-2,-4,-14,2
114.375021,9,-5,-5,-7,-7,-14,-1,-23,2
114.396844,83,-2,-3,-5,-3,17,-2,22,2
114.396867,-81,31,3,1,27,2,-5,-1,2
114.399185,27,-12,-2,4,0,24,-3,-8,2
114.399206,34,-13,3,1,-12,-19,-6,1,2
114.411854,-24,-47,-8,-6,-11,-38,-14,-23,2
114.411877,21,-8,-4,-2,-10,-5,13,29,2
114.413369,21,39,-2,-2,2,15,-5,-35,2
114.413374,-26,1,-4,-6,-3,-8,-1,6,2
114.434416,44,27,-1,2,7,11,4,10,2
114.434438,-36,-16,3,-2,21,30,-4,0,2
114.435453,44,14,-5,-1,-36,-9,-6,-10,2
114.435485,-71,-42,-2,-1,-3,-28,-6,1,2
114.456997,-70,-12,-3,-1,9,23,-1,-19,2
114.457020,71,-14,2,4,-4,-5,4,7,2
114.459898,-102,-62,-9,-7,15,33,3,3,2
114.459902,88,19,7,2,-1,-46,6,12,2
114.471914,17,6,1,-3,2,34,-6,6,2
114.471931,27,32,4,11,7,28,4,-50,2
114.473114,86,39,2,0,-8,-1,0,40,2
114.473118,95,-3,-2,-3,-8,-11,-2,17,2
114.495908,-61,-65,-8,-3,8,-2,7,-10,2
114.495912,-12,7,-3,-8,-13,-18,-3,29,2
114.495914,7,-1,0,-1,10,-15,-2,-40,2
114.495916,16,2,-2,2,11,4,2,20,2
114.517314,10,29,5,1,-12,17,-2,-32,2
114.517340,-35,-35,-6,0,24,-46,-2,23,2
114.519125,-17,-48,0,-2,-4,17,12,12,2
114.519131,-28,-9,-3,0,-2,21,-9,-24,2
114.532260,89,-4,-6,-4,1,-49,-8,-16,2
114.532293,22,-3,4,4,-14,1,-4,3,2
114.534390,-93,15,0,0,4,-13,-4,-19,2
114.534397,5,16,-1,-5,5,-20,7,21,2
114.554410,31,3,0,3,10,19,0,11,2
114.554426,-20,6,-4,-11,-13,-5,-5,-13,2
114.556938,93,49,8,8,13,-4,13,50,2
114.556945,-85,-69,0,3,-19,-5,-3,-22,2
114.576834,23,58,5,9,13,6,-7,8,2
114.576864,-97,-70,-15,-6,4,29,-14,-25,2
114.577763,-84,-14,-1,1,21,28,9,-9,2
114.577784,-7,23,-4,-5,-10,25,11,10,2
114.592179,10,24,0,-2,-7,-21,0,8,2
114.592215,30,-4,2,-1,-7,2,2,9,2
114.592641,25,3,-2,-7,4,-1,-9,6,2
114.592657,-24,29,1,5,-5,-14,-5,-3,2
114.614292,50,-9,0,-2,30,37,1,-24,2
114.614315,6,28,0,-3,-40,-68,-2,3,2
114.616399,14,10,-6,-6,-8,-16,-4,-23,2
114.616408,-5,-42,1,-3,-7,-3,-5,-13,2
114.637159,-16,-25,-1,0,0,2,-1,-7,2
114.637187,-8,22,7,3,6,34,6,7,2
114.637556,87,9,0,2,-4,-25,7,19,2
114.637566,-28,-3,-8,-8,14,-19,-9,25,2
114.653431,-59,-12,0,2,-29,29,14,5,2
114.653450,15,-21,-3,-5,10,-9,0,-5,2
114.654157,8,-5,1,0,-19,-3,-4,-1,2
114.654200,-19,21,2,3,18,19,-5,-2,2
114.674403,-26,6,-1,-6,-9,-17,-1,-16,2
114.674426,26,4,-2,3,6,-24,-1,25,2
114.677162,-25,8,2,0,-37,-55,-7,19,2
114.677169,38,32,-3,-3,5,35,3,-12,2
114.696917,-81,-82,-21,-7,3,-6,-9,-27,2
114.696959,86,-3,7,3,-24,0,24,4,2
114.697637,-52,-1,-9,-5,10,-10,-11,-16,2
114.697644,9,-13,2,4,-5,-8,0,5,2
114.720232,-29,38,6,-1,4,-4,6,28,2
114.720249,-53,-6,-4,-3,-10,4,-12,-36,2
114.721552,32,-23,2,-1,25,26,11,25,2
114.721557,65,30,6,1,-37,5,15,14,2
114.734363,54,33,-3,0,4,18,-8,16,2
114.734382,5,-2,3,3,-4,-6,-6,-4,2
114.735861,-6,13,0,0,-10,4,-7,-14,2
114.735868,-40,-4,-1,0,8,-4,0,-16,2
114.758676,37,29,4,0,-3,-4,6,30,2
114.758680,-37,-11,-6,-5,6,5,-8,-24,2
114.758683,124,27,-3,-2,-9,-18,-2,-5,2
114.758684,-66,-27,5,4,20,57,3,22,2
114.771238,-23,-2,1,-4,-39,-75,-4,-2,2
114.771258,-13,-13,-11,-5,1,22,-9,-36,2
114.779408,-42,-44,-5,-2,-15,91,1,-16,2
114.779425,37,-16,-5,-7,-12,-2,0,-7,2
114.794474,32,34,10,8,19,10,10,16,2
114.794494,32,-25,-3,0,33,7,3,6,2
114.796762,2,33,4,2,13,-27,1,12,2
114.796865,36,1,-6,-3,-13,-25,-17,-22,2
114.816911,-15,-9,-1,-1,0,30,3,12,2
114.818830,-23,-23,-2,-2,-13,-11,-8,-8,2
114.818835,65,-17,-4,-7,4,-17,-5,-5,2
114.818837,-96,2,-1,-1,8,-6,-5,10,2
114.831408,9,9,0,-2,-4,0,-6,-51,2
114.831431,-5,6,6,3,1,2,9,22,2
114.839453,-21,-9,-3,-3,3,-13,-3,-2,2
114.839472,-33,-28,-5,-1,-3,-2,2,-21,2
114.854354,44,-21,-5,0,-2,-5,-5,13,2
114.854370,-13,34,3,-2,4,12,0,5,2
114.855033,67,12,-3,-1,4,41,7,0,2
114.855049,32,-12,0,-5,-10,-99,-16,-6,2
114.877198,-16,-1,-7,1,5,25,15,13,2
114.877220,8,-18,5,-3,-2,3,-10,-27,2
114.878741,-40,-8,1,3,-8,1,-6,5,2
114.878746,-24,-17,-3,-3,14,-8,12,5,2
114.891564,114,82,-5,-10,2,-1,-17,2,2
114.891586,-53,-26,0,3,-1,5,7,3,2
114.899391,-42,-26,-3,0,-9,-16,-7,-27,2
114.899413,22,10,-3,-3,-5,11,-7,16,2
114.914266,4,26,8,-1,-2,4,-3,-48,2
114.914275,-32,-33,-15,-5,-12,12,-2,10,2
114.914954,-44,-23,-1,-1,41,8,1,0,2
114.915078,5,11,1,5,-5,-12,6,9,2
114.937035,-72,-12,5,0,13,3,-5,14,2
114.937054,57,34,2,1,0,22,0,0,2
114.938853,-56,28,5,1,0,-45,5,5,2
114.938858,49,-43,-13,-10,-3,38,-6,-6,2
114.951295,7,-30,-4,-5,-10,-41,3,36,2
114.951327,64,39,10,8,1,24,-3,-13,2
114.960391,58,23,-3,-5,-14,7,5,10,2
114.960395,24,28,4,7,10,7,-4,-18,2
114.974430,-14,-74,-6,-6,-10,13,1,20,2
114.974454,16,-33,-6,-1,11,-43,-1,0,2
114.977456,30,21,4,-3,-2,4,1,5,2
114.977462,-7,63,4,-1,-2,11,4,18,2
114.997253,-5,-40,-6,0,3,1,-1,-27,2
114.997282,3,28,4,0,-24,-31,-5,16,2
114.998219,-88,-27,0,6,39,1,7,-21,2
114.998244,-57,11,-1,0,0,52,7,-34,2
115.011220,-50,0,-7,-9,-7,12,-10,-1,2
115.011240,21,15,-4,-6,-3,5,6,-2,2
115.019599,23,-15,4,0,-20,-2,-1,43,2
115.019621,3,44,1,0,-3,-9,-1,-19,2
115.034463,2,-16,2,0,16,-3,-1,-3,2
115.034487,-79,-36,-9,-8,6,1,-7,-9,2
115.036316,72,-2,-6,-3,-16,18,10,-6,2
115.036331,48,27,3,2,6,-1,1,13,2
115.056812,3,-3,2,4,-8,0,-3,1,2
115.056828,53,17,3,-6,-4,5,5,20,2
115.057484,-36,5,3,8,1,-3,-7,-11,2
115.057562,-41,-27,-2,-2,-7,-7,-3,1,2
115.080533,77,14,3,5,16,8,8,20,2
115.080572,-49,-67,-23,-15,-31,-31,-17,-25,2
115.083984,-51,-11,-11,-6,13,25,-11,-34,2
115.083999,8,12,1,3,3,-6,13,6,2
115.094446,0,-3,11,10,-3,-6,0,34,2
115.094462,10,42,4,3,-2,6,4,-49,2
115.097090,10,-18,0,-5,0,-4,-11,2,2
115.097096,0,-32,-9,-5,-5,-3,-5,5,2
115.117848,-25,17,-2,-1,2,2,8,-1,2
115.117859,50,14,5,7,2,0,-3,3,2
115.117861,68,36,3,3,1,-22,3,37,2
115.117862,-81,-80,0,-10,-12,45,8,38,2
115.140451,-21,-10,-9,-4,-24,-13,-14,-57,2
115.142850,15,47,2,2,49,27,-2,-5,2
115.142857,25,-30,-4,-3,-20,-8,-2,-22,2
115.142859,56,33,5,4,12,-33,-2,17,2
115.154499,-13,-3,-2,-2,2,13,-1,3,2
115.156233,-34,-26,-1,-1,-10,-8,11,17,2
115.156243,61,61,0,1,-4,-24,-3,10,2
115.156245,-82,-86,1,0,14,18,-1,-6,2
115.179651,43,11,0,0,-1,-8,1,-23,2
115.179658,9,43,5,3,-7,2,2,19,2
115.179659,-111,-18,-4,-3,-4,-3,-6,-3,2
115.179661,-14,33,-7,-10,-7,-13,-5,-16,2
115.199747,-10,-12,0,2,-1,-13,-10,-20,2
115.199765,22,2,6,6,-1,-4,6,25,2
115.207385,-6,-9,-1,-5,1,10,-2,-1,2
115.209208,8,4,0,4,-4,-7,-5,-5,2
115.215190,30,60,9,5,3,3,5,14,2
115.215217,70,-30,-6,-10,-33,-10,-5,-21,2
115.217695,-68,-50,-10,0,27,34,-7,28,2
115.217703,25,-5,-1,-5,-30,17,-6,-28,2
115.237038,97,-19,-10,-5,24,12,-3,10,2
115.237056,-20,23,4,3,-3,-59,-7,-12,2
115.238263,20,5,3,1,-16,17,8,-13,2
115.238268,7,16,1,-1,3,2,-2,9,2
115.260462,-34,6,3,-1,7,14,2,12,2
115.260485,-4,-6,-6,-3,-1,12,-3,10,2
115.261157,5,-1,5,-2,-5,-20,-2,9,2
115.261183,27,20,-5,0,7,-17,-6,-28,2
115.274373,19,18,7,3,-14,-4,-1,28,2
115.274395,52,3,-8,-7,8,-10,-3,4,2
115.275078,-54,-16,-12,-4,-13,-8,-5,-18,2
115.275098,-3,13,-2,3,2,0,1,-3,2
117.300087,-16,1,8,0,-3,-2,-4,-9,0
117.300719,8,5,-1,-10,-4,-13,-4,2,0
117.306377,5,8,-3,-11,-7,11,0,-3,0
117.306471,42,17,7,30,3,9,-3,6,0
117.322457,-76,-36,-8,-7,-4,13,2,-8,0
117.322468,-10,-1,1,2,4,0,-3,2,0
117.324221,18,8,0,-2,-4,-16,2,-2,0
117.324248,-3,11,4,-9,-2,-2,0,-1,0
117.344949,15,1,-3,-2,-1,0,-1,9,0
117.344965,-2,-6,-1,1,-1,-2,-1,-6,0
117.346451,78,10,-5,-5,-1,2,0,9,0
117.346460,31,7,11,0,5,-4,-5,6,0
117.359754,65,18,-7,-4,-9,-9,-5,-4,0
117.359774,-63,-3,4,5,13,28,8,9,0
117.366435,-27,-44,-7,3,-5,-12,-10,-10,0
117.366462,-43,16,4,0,-4,-24,-6,-8,0
117.384074,-56,-18,-5,-8,-12,-11,7,-54,0
117.384088,17,-5,-13,-7,-1,8,-1,-12,0
117.384090,21,40,14,5,9,-12,6,19,0
117.384092,-3,0,3,2,5,9,4,16,0
117.405092,9,14,1,-3,8,5,-8,9,0
117.405109,7,-9,-6,-2,-12,-28,-3,7,0
117.406612,-27,-7,-8,1,0,9,0,-7,0
117.406671,4,13,-4,-14,16,1,-3,-5,0
117.419678,-59,-27,0,17,-22,-3,1,20,0
117.419732,-32,-25,-5,-10,-2,5,2,-20,0
117.426380,-15,8,1,-5,-6,-4,-6,7,0
117.426402,3,-14,-10,-1,-2,11,0,-15,0
117.442531,45,41,4,15,12,-8,3,16,0
117.442553,-2,1,13,3,-2,-2,-2,2,0
117.445417,5,-4,-4,-1,-1,5,-3,-6,0
117.445424,-36,-9,-9,-11,-11,-13,1,-3,0
117.465024,-7,-17,1,-6,3,6,-1,-2,0
117.465039,51,12,-6,-1,-8,-8,-3,4,0
117.466966,-19,3,2,-5,1,2,1,-3,0
117.466988,26,15,-2,1,-1,-4,-1,-3,0
117.478540,-46,-50,-3,0,1,11,4,1,0
117.478549,31,-11,1,-1,3,1,-8,-18,0
117.488431,21,8,-1,-17,-10,-12,3,5,0
117.488436,-67,9,9,17,2,9,-1,1,0
117.502804,97,-9,-10,-13,-1,-12,0,8,0
117.502823,-87,-7,-5,-5,-5,-9,-6,-9,0
117.504176,21,-9,-4,2,1,-4,3,-10,0
117.504185,-31,-22,-3,-6,-6,-4,-2,0,0
117.524962,13,28,18,-2,2,-1,1,8,0
117.524978,22,-8,-14,-4,-3,4,1,-1,0
117.526916,0,13,-2,2,-1,-1,-2,-4,0
117.526942,2,-22,2,1,0,3,1,-2,0
117.539567,-5,16,5,3,3,2,-1,6,0
117.539571,3,-1,5,0,1,-2,1,3,0
117.547746,-14,-2,-3,5,-1,4,-5,-8,0
117.547805,27,-5,-5,-3,-4,-3,1,3,0
117.562534,-15,20,-4,-3,1,-6,-7,-3,0
117.562556,-5,-15,-6,-6,0,-5,-2,6,0
117.564118,52,8,5,6,3,3,-1,-3,0
117.564151,-11,-6,7,9,7,1,2,-1,0
117.586492,18,28,-3,2,-1,-3,-2,0,0
117.586500,-46,2,2,-2,-1,-2,-3,-6,0
117.586620,16,-4,-5,1,-1,-1,-1,-2,0
117.586659,19,-5,-8,-12,-6,-16,-5,0,0
117.599788,16,3,-2,-7,4,13,1,-1,0
117.599827,-13,18,8,6,6,5,10,0,0
117.607995,-50,-12,-3,9,4,9,-2,-4,0
117.610811,41,-8,5,-7,-10,-19,3,5,0
117.622626,36,9,-11,4,2,-2,-2,3,0
117.622648,-21,-4,2,-11,-6,-4,0,3,0
117.624031,-46,9,5,4,3,10,0,1,0
117.624052,-11,-7,-4,-3,1,-5,1,14,0
117.645226,24,-6,3,-2,0,8,-6,-46,0
117.645244,-8,5,-5,-2,-2,18,-6,7,0
117.646743,17,-1,-3,-3,-5,-9,-1,-5,0
117.646747,-12,5,5,8,2,3,0,2,0
117.658817,0,-3,-4,-2,-2,4,-1,12,0
117.658835,25,-3,8,6,3,-11,0,-2,0
117.668372,-4,7,-7,-8,-9,-9,-5,-4,0
117.668389,12,15,7,-1,1,8,1,-4,0
117.682581,-51,-36,0,3,-1,0,-1,-4,0
117.682608,-3,-9,-7,0,1,-2,-3,-4,0
117.684048,1,2,-4,-6,-3,-1,0,6,0
117.684067,14,7,-7,-4,-2,1,-1,-11,0
117.705269,-33,-12,-1,-1,-6,-9,-1,3,0
117.705291,22,7,-5,-7,-5,-16,-2,14,0
117.707207,45,-3,4,13,0,1,-3,-9,0
117.707215,-13,-2,-1,0,-2,18,-1,-13,0
117.718989,-4,-5,-5,-2,0,-6,-1,2,0
117.719025,-14,-23,-3,-3,-6,-1,-1,0,0
117.727617,-2,2,1,-6,1,-2,-3,1,0
117.727627,-6,0,-3,-1,-1,-2,-1,1,0
117.744786,8,11,4,-4,-4,-1,1,9,0
117.744799,9,2,3,7,1,-3,0,-5,0
117.744804,11,-3,-4,-4,-2,-6,7,1,0
117.744808,20,-7,-8,-4,-3,-3,-6,-6,0
117.765001,-102,-2,7,-2,-3,-3,4,-2,0
117.765025,51,14,-2,3,-2,2,-1,-1,0
117.766992,-28,-22,1,2,2,1,-2,0,0
117.766998,7,-10,-9,-9,-3,-14,2,2,0
117.779115,34,7,-3,-4,-4,5,-4,0,0
117.779144,-22,17,14,27,13,1,2,0,0
117.788779,13,-4,-1,-4,-3,-3,-9,-2,0
117.788784,-19,-10,-2,-1,-3,-2,-1,2,0
117.802985,26,-2,0,-4,1,-4,-2,-3,0
117.803010,3,4,-3,-8,-5,2,-2,-2,0
117.805769,-8,2,4,1,0,-2,-1,1,0
117.805837,-17,-11,6,1,-4,3,0,-3,0
117.825100,3,16,-17,2,2,-6,-3,0,0
117.825134,24,-6,4,-4,-2,0,-3,3,0
117.827595,-18,-5,-6,-4,-1,-1,1,-3,0
117.827602,-3,2,6,2,0,1,-4,-1,0
117.838637,-7,-9,-2,-2,-3,-3,0,-3,0
117.838666,-8,3,-4,-7,-5,-2,-3,-1,0
117.848199,4,-2,-4,-12,-2,2,0,0,0
117.848217,-20,3,-5,-12,-5,1,-1,-3,0
117.862898,73,8,8,15,2,-11,-3,3,0
117.862920,-23,-21,-2,-2,2,7,-1,-3,0
117.864746,-72,1,1,3,-4,10,3,-6,0
117.864751,11,5,-4,-9,0,-3,-6,1,0
117.885148,-4,-1,1,-4,-2,-3,0,1,0
117.885165,46,-3,-6,-11,2,-12,-5,3,0
117.886608,10,-20,-1,0,1,-2,0,-2,0
117.886624,-10,-3,-3,8,2,3,0,-2,0
117.899107,4,11,12,5,-3,-4,-2,3,0
117.899122,0,2,0,1,1,2,3,-2,0
117.907764,10,12,-4,-3,-1,-5,-3,-1,0
117.907777,-5,-3,-3,2,0,-2,-1,-3,0
117.922591,3,-1,-17,-7,-9,-2,-2,-1,0
117.922620,8,18,2,-5,-1,7,0,0,0
117.924725,-16,-21,1,0,-1,3,-4,2,0
117.924733,19,-1,2,4,-2,-1,1,-1,0
117.946112,-22,-3,4,-2,1,4,-1,-5,0
117.946119,-14,-12,-6,-3,-6,-3,0,-2,0
117.946510,-2,22,-2,0,6,-2,-1,1,0
117.946518,63,14,1,-7,-6,2,1,5,0
117.967563,-32,15,7,-3,2,-1,-1,-4,0
117.967582,-67,-65,-8,3,-4,1,-1,-6,0
117.969734,36,6,2,3,0,-3,0,-1,0
117.969756,-29,-7,0,3,1,-3,-2,-1,0
117.982941,14,6,-9,-9,-2,4,6,-1,0
117.982969,9,20,3,0,-3,-19,-4,1,0
117.984880,-8,-3,-3,-4,-3,18,6,1,0
117.984892,-2,-2,-4,-17,10,-1,-1,-2,0
118.005905,22,-1,8,31,5,2,-4,2,0
118.005910,-53,-1,4,3,0,2,0,-2,0
118.006508,3,-9,-4,4,-8,-16,-1,0,0
118.006519,-1,0,10,-6,-1,0,-2,-3,0
118.028013,-6,-8,-15,-5,0,-4,-4,-3,0
118.028050,17,5,-4,-4,-5,2,1,-1,0
118.029898,7,5,0,-9,4,-3,-2,3,0
118.029903,23,9,-16,8,-1,0,2,0,0
118.041889,11,-6,11,11,2,-8,-3,1,0
118.041915,-78,-13,-1,-2,-4,12,5,-7,0
118.048961,13,-5,-7,-2,-3,5,4,3,0
118.048993,-13,-4,1,0,-2,-1,-2,-6,0
118.065020,10,-6,-8,-10,-6,-5,-3,-1,0
118.065044,41,25,-2,-2,2,-2,-1,2,0
118.067319,16,4,3,2,2,-4,-3,-1,0
118.067327,-44,-5,7,6,-2,-5,-1,-3,0
118.087547,8,0,1,2,1,8,1,3,0
118.087565,3,0,0,2,-2,2,-2,-5,0
118.089019,15,8,-2,-4,-4,-4,-3,1,0
118.089036,17,-7,-4,4,-2,1,-1,1,0
118.102117,-51,-14,-9,-16,-4,-6,-2,-5,0
118.102134,24,2,-1,6,2,-1,-1,0,0
118.108993,39,11,-1,2,-3,1,-4,1,0
118.109014,-12,0,0,0,-4,-6,-7,-1,0
118.125380,-16,-3,5,-1,2,17,8,-1,0
118.125409,20,-3,-2,-5,-2,-4,-1,3,0
118.128236,-15,3,-2,-1,0,1,-1,-2,0
118.128241,-14,-1,-7,-15,5,-5,-2,-1,0
118.148210,87,21,6,8,-3,-6,-2,4,0
118.148234,-77,-13,3,8,1,-1,-2,-6,0
118.151380,-31,-39,-7,1,0,-6,0,0,0
118.151393,-7,-8,-2,0,3,4,2,1,0
118.161825,10,-2,-4,-11,-7,-4,-1,-6,0
118.161849,49,29,2,-3,-1,-1,1,1,0
118.168790,-21,4,0,2,1,-3,-4,-6,0
118.168812,-3,-5,-2,1,-7,1,0,0,0
118.185252,-19,-3,1,-9,-2,-2,-2,2,0
118.185288,14,0,-4,5,0,-4,-3,2,0
118.187809,-18,-2,1,-7,-1,-2,0,-1,0
118.187817,15,-1,-3,2,-4,2,2,1,0
118.207502,-22,1,8,10,3,-4,-4,-2,0
118.207523,2,-3,-3,-3,1,-1,2,1,0
118.209008,11,2,1,-2,0,0,-3,0,0
118.209023,7,8,0,9,-1,1,1,-2,0
118.221824,-7,-10,-2,-6,-1,-1,-1,0,0
118.221840,-5,-3,-5,-10,-8,-9,-4,-1,0
118.228771,51,18,1,-1,3,11,1,-1,0
118.228788,-96,-18,0,0,-4,-5,-4,-4,0
118.244965,-31,-19,-7,0,0,-6,5,-3,0
118.244987,41,0,3,0,4,2,0,-1,0
118.246418,26,9,0,2,0,-16,0,0,0
118.246425,-29,16,11,-1,-5,-5,-6,0,0
118.267631,15,24,-1,6,3,5,0,0,0
118.267660,-13,-53,-14,-17,5,1,0,-4,0
118.269098,-29,0,-1,-2,-10,-6,-4,-3,0
118.269128,-41,-5,-4,-1,7,0,2,-2,0
118.284496,-6,8,5,-2,0,-7,-9,0,0
118.284503,44,17,6,12,-1,-2,3,8,0
118.289107,28,3,-2,-10,2,4,2,-2,0
118.289135,-31,-28,-8,-3,0,-4,-4,-5,0
118.305214,12,-3,-3,-8,-10,2,6,-1,0
118.305244,-17,15,-9,-6,-2,0,-2,0,0
118.307175,-20,-29,-2,4,-3,-3,-2,1,0
118.307223,43,23,-4,2,0,1,-1,-1,0
118.331176,0,-5,4,-1,3,0,-2,0,0
118.331181,6,2,2,-3,-5,-2,-2,-1,0
118.331184,-16,9,-1,0,0,-1,-2,-2,0
118.331186,31,-2,-2,4,-1,3,-3,-1,0
118.342166,-30,-8,-1,-9,1,0,2,-2,0
118.342182,5,-1,6,6,-2,-1,0,-1,0
118.349349,-33,-2,-3,-2,0,2,-1,-3,0
118.349390,42,-1,-1,-5,-2,-1,-1,1,0
118.365741,-3,3,-1,2,-1,-7,5,1,0
118.365777,-52,4,-6,-8,-10,-18,-4,-3,0
118.367518,-6,-3,0,1,1,31,5,2,0
118.367522,68,33,9,3,-2,-2,1,0,0
118.387690,-9,-63,-8,-3,-3,2,-7,-6,0
118.388688,1,-4,-3,-2,0,-5,0,-3,0
118.389122,-16,1,-1,-3,-3,-9,-1,-3,0
118.389135,28,6,-8,-7,-2,2,-2,-2,0
118.401225,3,8,3,13,4,-6,-3,4,0
118.401245,-10,8,6,0,14,9,-2,-3,0
118.411802,5,-4,-1,10,-3,-6,-4,-1,0
118.411807,6,5,3,0,-1,4,5,8,0
118.425242,7,-2,-7,-2,2,-8,-6,-5,0
118.425377,-10,-6,-6,-3,-9,3,0,-3,0
118.426623,-5,8,5,0,2,-5,-2,-1,0
118.426639,3,-4,1,0,1,-2,2,1,0
118.448209,-15,14,2,-8,-11,-2,-5,1,0
118.448241,25,-14,-3,-3,-6,8,4,-2,0
118.451812,-14,9,3,0,2,-5,-3,-1,0
118.451824,9,-15,-6,-2,-8,-8,-8,-3,0
118.461269,-52,1,-4,-9,-2,5,3,-1,0
118.461291,60,5,3,5,5,21,0,3,0
118.471277,-28,-1,-4,-4,-6,-9,-3,-5,0
118.471281,-59,-13,7,-3,1,5,-5,-6,0
118.485905,20,11,1,5,3,-5,-4,1,0
118.485915,20,11,5,2,-1,-5,-1,1,0
118.486541,16,10,-2,0,2,4,3,1,0
118.486556,-35,-29,-1,1,0,-6,0,1,0
118.507831,35,0,-5,-8,-13,2,-2,-1,0
118.507847,-40,-5,-7,-3,-1,-3,0,-1,0
118.510276,19,-1,2,1,1,-4,-4,-2,0
118.510283,3,9,-1,-3,0,3,7,-2,0
118.532493,34,6,0,7,-6,-2,-2,1,0
118.532507,-49,-5,-3,-6,-4,0,-1,-1,0
118.536865,7,-4,-8,-3,-1,-5,-1,-1,0
118.536888,34,7,-4,4,0,1,2,4,0
118.544985,-11,4,2,-10,5,-5,-6,-8,0
118.545006,-26,9,5,10,1,3,2,1,0
118.546677,-47,-30,-2,1,0,-3,-1,-7,0
118.546683,-3,-2,-4,-1,-8,0,0,0,0
118.567516,-2,-5,0,-7,-1,0,0,2,0
118.567534,20,24,-7,-1,-3,-4,-5,-1,0
118.569311,-18,-5,9,1,-1,-14,-4,1,0
118.569332,44,4,-1,0,-2,12,4,4,0
118.581121,-54,0,-1,-5,6,11,-4,-5,0
118.581143,20,-1,10,-3,-4,-6,0,-2,0
118.591650,0,0,-12,8,1,8,1,4,0
118.591656,-18,-3,3,-1,-1,-13,-3,-6,0
118.605115,28,7,2,2,2,1,3,4,0
118.605131,15,-1,-5,-5,-1,1,-2,-1,0
118.607153,24,-7,-2,-8,-1,-3,-1,3,0
118.607158,-28,-4,2,-1,-7,0,-4,-1,0
118.627584,27,1,2,2,-3,-3,-2,-10,0
118.627599,-9,2,-2,2,1,-3,-2,-1,0
118.629171,31,0,0,-2,-3,-1,1,1,0
118.629180,0,-9,-7,1,2,0,-1,-1,0
118.641719,-26,-10,-3,-2,0,2,1,2,0
118.641725,10,1,-4,1,-4,-8,-5,0,0
118.651590,21,13,8,0,1,2,1,1,0
118.651595,6,18,-6,-11,4,3,1,1,0
118.665242,-25,-32,-4,18,1,-3,2,0,0
118.665267,7,-9,1,-2,-1,0,-1,-3,0
118.667246,-35,0,5,5,1,0,-1,2,0
118.667251,-5,-2,3,4,-1,-3,6,-6,0
118.688827,3,10,-3,-5,-5,-8,0,1,0
118.688835,28,2,-16,-2,1,3,-2,3,0
118.689022,-3,-4,-3,-2,-2,9,0,0,0
118.689029,-3,2,2,0,0,8,0,0,0
118.701376,15,9,-5,-6,-3,-7,-2,0,0
118.701407,30,18,2,-2,2,-6,3,2,0
118.711471,-76,-34,0,-2,-7,4,-9,-6,0
118.711477,-65,1,0,9,1,-9,-2,-5,0
118.724981,18,-3,-1,-8,-1,6,-2,-2,0
118.724998,16,-5,-1,1,-1,-6,-3,-6,0
118.727176,10,27,0,-2,-1,1,4,-3,0
118.727185,23,-4,-1,-6,-1,-2,0,2,0
118.747691,-27,-2,-2,1,-2,0,0,-1,0
118.747720,-9,-4,2,-1,0,-2,-2,2,0
118.749986,40,0,-6,-5,0,-3,0,0,0
118.749993,-7,-10,-2,0,-3,2,-2,-3,0
118.761316,-1,8,0,-1,1,-3,-1,-1,0
118.761340,-12,-9,0,0,-1,1,-4,-1,0
118.771152,6,1,0,0,-2,-1,2,-1,0
118.771157,17,15,-6,-5,-3,-3,-4,-1,0
118.785227,-11,-35,-5,-1,-5,-2,-2,0,0
118.785263,11,1,6,4,7,3,0,0,0
118.786692,36,2,5,2,-1,-9,2,-3,0
118.786728,55,19,16,2,0,-2,-2,3,0
118.807639,-32,-15,-21,-3,0,-17,-4,-3,0
118.807661,-1,-10,-2,-6,-3,20,9,0,0
118.813775,4,3,-6,-5,-2,-4,-3,-1,0
118.813858,0,-6,-1,-1,1,-2,-3,-1,0
118.821153,17,12,2,-6,0,3,-2,2,0
118.821186,-17,-2,4,1,-2,-20,-7,-3,0
118.830319,21,16,2,7,14,6,4,6,0
118.830324,-59,-26,-6,14,-13,1,1,-2,0
118.844954,-36,-6,2,-3,-11,-1,-4,-19,0
118.844964,-19,-4,-3,-5,-12,-5,-3,-3,0
118.846655,4,4,-3,-7,-5,-2,-1,-2,0
118.846699,34,4,-1,-2,12,-2,-3,1,0
118.867494,7,11,9,5,3,3,2,5,0
118.867518,-8,-4,-1,1,0,1,1,-1,0
118.869221,15,-4,-5,-5,-6,-4,-2,1,0
118.869259,-7,-4,-4,-8,-3,-1,-2,1,0
118.890076,8,7,5,2,3,3,0,0,0
118.890084,1,1,3,2,-2,-1,-2,0,0
118.891471,2,3,4,-1,1,-2,2,2,0
118.891481,-49,-6,-21,-9,-3,-8,5,-6,0
118.906290,-8,-6,0,-2,1,3,-1,-3,0
118.906296,26,-4,-3,1,-1,-3,-2,3,0
118.906572,-21,4,-2,3,-1,2,-1,-3,0
118.906580,34,6,4,1,-2,0,-2,3,0
118.927562,11,-3,-4,0,0,-1,0,-1,0
118.927586,-35,3,-4,-5,-1,-13,-3,-1,0
118.928979,14,-4,-4,-6,-3,11,-3,-1,0
118.928986,7,1,2,1,-2,3,0,-1,0
118.950169,-10,-1,-4,1,6,-2,-2,0,0
118.950188,17,-7,2,0,1,-1,-5,-1,0
118.952079,32,1,1,4,-12,-19,-4,1,0
118.952085,-91,-11,0,2,-1,11,-5,-12,0
118.965494,32,10,-2,0,5,4,0,3,0
118.965524,71,0,-3,-16,-4,-3,-4,6,0
118.967993,-74,-21,-3,8,-3,-4,-1,-15,0
118.968003,39,-5,0,1,0,-3,-2,3,0
118.987803,15,12,1,-2,-5,6,0,2,0
118.987819,-2,-1,0,-2,2,-4,-2,0,0
118.989070,13,4,3,-2,0,2,0,2,0
118.989089,12,-2,-2,-5,-2,-4,-3,-1,0
119.010265,-24,-1,3,3,-2,-2,2,0,0
119.010283,-17,-4,8,1,2,2,1,-3,0
119.012405,-7,-4,-16,-11,-12,3,0,1,0
119.012412,-7,4,6,3,3,-8,-7,-5,0
119.024317,37,15,-1,-10,-7,15,11,10,0
119.024341,-50,-12,0,13,7,4,-2,-7,0
119.031095,14,7,5,-5,-3,0,-2,0,0
119.031116,16,7,-4,-2,0,-8,-3,-4,0
119.047446,-20,-14,-1,-5,-3,-6,-2,-4,0
119.047461,-9,3,-2,3,-2,4,2,-3,0
119.049440,-8,-7,-2,-4,3,-4,0,1,0
119.049469,25,2,-5,-3,-1,-2,0,2,0
119.070277,10,6,0,-2,0,-16,0,0,0
119.070307,-72,3,-2,5,2,15,-1,-6,0
119.071714,3,5,4,-1,5,-10,-3,7,0
119.071723,-65,-18,0,-2,-4,7,8,1,0
119.084518,-11,-9,-11,-5,-8,-10,-3,-6,0
119.084546,16,1,-2,-10,-6,-4,-1,0,0
119.091529,25,13,9,15,4,1,-5,0,0
119.091535,25,8,4,-5,-7,0,6,0,0
119.107768,-10,-11,-2,-7,-8,-5,-6,0,0
119.107779,19,6,-7,-3,2,-4,2,3,0
119.109044,-5,-5,1,-5,9,6,-1,-8,0
119.109064,13,-3,-4,5,0,-9,-9,1,0
119.130077,-6,-5,2,-6,-1,22,8,-3,0
119.130099,8,-3,-2,-1,-7,-6,-1,-1,0
119.131578,18,-5,1,0,1,2,0,1,0
119.131655,-25,0,-1,-3,1,-3,0,2,0
119.144413,-6,0,-1,3,1,-7,-7,-3,0
119.144439,-19,-7,1,-1,-1,1,0,-1,0
119.151279,-17,-5,-6,0,-3,-3,5,-3,0
119.151308,47,2,-1,-5,-3,-1,-4,0,0
119.167541,-19,-2,3,8,1,-1,-3,1,0
119.167561,-4,-1,-3,-2,0,-1,2,-1,0
119.169084,6,-5,-10,-7,-3,-2,-1,-1,0
119.169096,44,33,4,-3,-7,1,0,-5,0
119.190248,21,-52,7,8,8,-3,1,3,0
119.190274,-60,-1,-8,-5,-6,6,-10,-9,0
119.192178,-17,-2,-2,6,-1,-5,-4,0,0
119.192183,28,1,0,-5,0,0,7,2,0
119.204524,-2,19,10,-5,-6,-4,-3,-2,0
119.204550,60,3,-10,-7,7,-4,1,1,0
119.211478,-65,-12,2,10,-13,3,-1,-3,0
119.211507,19,4,1,-2,8,1,-3,-3,0
119.227595,8,-11,-3,-2,-3,-5,-7,0,0
119.227611,6,-4,1,1,-3,-2,6,-2,0
119.228949,-1,0,-4,-11,3,15,5,0,0
119.228978,18,-4,-1,0,-1,-8,-1,3,0
119.250152,2,13,-4,2,2,9,-3,0,0
119.250174,2,-2,3,-1,-2,-7,-4,0,0
119.251611,12,0,-1,-2,-1,-8,-2,2,0
119.251638,-15,-4,-3,-3,-4,2,-2,-3,0
119.264203,-8,-8,-8,-4,3,-6,-2,-2,0
119.264232,-5,2,5,12,0,-2,-1,-4,0
119.271212,9,1,12,1,0,-4,0,-1,0
119.271230,-9,-9,-12,-6,0,0,-3,-4,0
119.287525,40,34,11,8,-5,-4,1,4,0
119.287547,-3,-32,-11,-5,13,1,-3,-4,0
119.289005,12,-4,0,-3,-2,-4,-5,-3,0
119.289020,-25,-9,-1,-1,4,-5,-2,-2,0
119.310104,59,18,-8,-4,-3,10,1,1,0
119.310112,-9,8,-1,-3,-21,-1,-1,3,0
119.311504,35,6,-1,1,11,-1,-2,1,0
119.311568,-48,-12,1,6,-4,-2,-4,-2,0
119.324529,-15,-1,-7,-7,3,3,8,2,0
119.324545,10,0,5,0,-15,-21,-10,-1,0
119.331124,-12,-5,-8,-13,-2,14,-1,-3,0
119.331147,13,-1,-1,3,-4,3,10,2,0
119.347772,-14,-1,7,3,2,-2,-4,-5,0
119.347794,-9,6,-3,-3,2,0,1,-2,0
119.350242,-12,-8,-8,-8,-5,-12,-2,0,0
119.350257,6,1,4,2,-1,-1,-5,-1,0
119.370309,1,-16,-4,-6,-3,-2,-1,-1,0
119.370324,-50,5,7,20,7,1,1,2,0
119.371597,7,8,-9,2,-4,-7,-3,-3,0
119.371614,-3,0,3,-4,0,4,-3,-2,0
119.383819,9,-4,-4,-3,-1,-7,-1,1,0
119.383844,14,6,3,1,2,11,2,3,0
119.393363,12,-7,-1,-1,-12,-2,-6,-4,0
119.393372,-8,16,-3,-2,0,-1,-2,-4,0
119.407600,-6,-20,0,-3,-7,-18,0,-2,0
119.407616,3,-5,-5,-3,1,13,-1,0,0
119.409179,37,8,5,-3,7,-8,1,-2,0
119.409193,-15,-4,-4,-1,-3,-4,-3,3,0
119.430251,1,10,2,1,-2,-1,-3,-6,0
119.430272,12,-1,-2,-6,-6,-3,2,-3,0
119.432316,-15,-7,-5,-5,-2,1,1,3,0
119.432337,17,3,6,1,0,-15,-8,-1,0
119.444166,-19,7,4,16,6,11,-3,-2,0
119.444200,5,-7,-4,-2,-7,5,8,1,0
119.454626,4,9,-3,-4,-1,-4,-1,0,0
119.454632,2,-20,3,-3,2,2,0,-3,0
119.467650,-51,1,-14,-10,-4,-3,-4,-1,0
119.467671,33,8,8,12,7,-6,-4,0,0
119.469370,-5,4,5,6,2,2,0,-1,0
119.469384,-13,-6,-8,-2,-2,3,-2,0,0
119.490093,39,-1,-3,2,-5,-3,-3,2,0
119.490115,4,4,0,-6,0,-8,-1,-5,0
119.492153,-39,-11,1,0,-3,0,0,-2,0
119.492166,11,-7,-3,2,-2,-4,0,-1,0
119.503712,-66,4,-1,-4,3,13,1,-4,0
119.503728,-2,-1,-7,-5,2,-1,-1,0,0
119.514773,3,-3,-1,4,-1,0,-1,-1,0
119.514777,4,-3,-5,-6,-1,-3,-1,-1,0
119.527480,114,17,3,-1,0,11,2,5,0
119.527502,-84,-29,-2,-8,-1,-8,-1,-10,0
119.528879,42,0,0,0,1,-1,-1,0,0
119.528904,-7,-1,2,10,-7,3,-1,-2,0
119.550248,9,3,-1,-4,0,-11,1,-1,0
119.550275,12,4,-4,-4,3,1,-3,2,0
119.552242,-7,0,-1,2,1,18,7,3,0
119.552246,-8,3,3,2,8,-1,-1,0,0
119.563635,-17,10,1,3,-10,-6,-2,-7,0
119.563658,8,-17,-5,-8,-6,-6,-5,-2,0
119.573761,-48,-12,-2,-5,2,-7,-1,-3,0
119.573770,57,-2,-1,-2,-4,4,-1,6,0
119.587782,-31,-3,-2,6,-8,-1,-4,-4,0
119.587799,40,10,1,5,6,-2,-11,5,0
119.589125,-3,12,1,2,2,-3,4,1,0
119.589144,-87,-22,-4,-10,-1,0,-2,-8,0
119.610143,40,19,14,-2,2,-6,-4,-2,0
119.610168,-69,-15,-12,2,-4,0,-1,-3,0
119.612650,15,-5,-1,-5,-7,0,-1,0,0
119.612656,26,6,-1,-1,3,0,1,0,0
119.623688,-15,-10,-3,-3,3,-3,0,-1,0
119.623711,38,15,1,-6,-5,-9,5,2,0
119.634709,-7,4,6,16,4,10,-8,-4,0
119.634715,-2,-3,7,-1,1,-10,7,0,0
119.649162,-6,6,-7,0,5,7,0,1,0
119.649169,17,-12,2,-1,0,-7,-2,1,0
119.649615,-12,-13,-12,-12,-12,10,0,-6,0
119.649636,-1,14,2,-4,-9,-3,2,-3,0
119.670111,-13,-4,1,4,12,2,-1,0,0
119.670133,13,8,-2,2,-1,-3,1,-1,0
119.671604,4,0,3,-7,3,-9,-4,1,0
119.671611,14,8,-3,2,2,9,-2,-1,0
119.683737,-11,-8,0,-3,-7,-10,-5,3,0
119.683756,-21,-9,0,-4,9,3,-1,-4,0
119.694665,27,-3,1,4,-7,-6,1,-1,0
119.694677,61,0,0,2,-1,1,0,1,0
119.708213,-30,-6,-22,-5,-2,-1,1,-1,0
119.710562,14,12,1,-4,-5,1,-3,-4,0
119.710567,-6,3,1,0,-1,-3,-2,0,0
119.710569,18,4,-2,-6,1,0,-1,0,0
119.730006,0,-9,3,3,-1,-1,0,-1,0
119.730028,26,10,5,4,-4,4,-1,1,0
119.731576,11,-2,-6,-6,0,-6,0,-2,0
119.731612,-44,-13,-9,-5,-4,2,-3,-1,0
119.743716,2,-6,3,2,1,-5,2,0,0
119.743740,-1,6,2,-9,-3,10,-2,-2,0
119.754306,-9,1,5,14,13,12,6,-1,0
119.754316,-3,0,-4,0,0,-2,-4,1,0
119.767605,30,3,0,-2,-3,3,-1,1,0
119.767630,-68,-1,-4,1,1,-11,6,-4,0
119.769419,-31,-3,0,-8,-6,-10,-6,0,0
119.769452,5,8,-4,-1,-9,4,-1,0,0
119.789981,21,-23,-3,-3,13,-2,1,-1,0
119.789997,-15,8,9,8,-9,-7,1,3,0
119.791673,7,-3,-4,1,13,8,-6,-6,0
119.791716,-53,1,-2,0,-5,-1,4,-6,0
119.812576,3,0,-3,-9,-10,-3,-2,-2,0
119.812597,21,-7,-7,-5,-2,5,0,0,0
119.814135,-4,3,2,2,-2,-5,-2,3,0
119.814183,18,-3,0,-3,0,-5,-4,1,0
119.827472,-17,3,4,1,1,0,-1,0,0
119.827494,34,-3,0,2,0,2,-1,0,0
119.828937,-41,7,-9,-5,-7,-5,3,-1,0
119.828945,-2,-7,2,-2,4,-2,-2,-2,0
119.851573,-17,-8,5,3,-1,23,8,0,0
119.851582,30,13,-5,1,1,-3,-5,2,0
119.851584,6,-10,-5,-7,-5,0,4,-4,0
119.851586,-13,-2,-1,2,3,-8,-5,0,0
119.872545,-23,4,-4,6,-4,-11,-2,-1,0
119.872566,33,-5,3,-6,3,4,1,-2,0
119.874069,32,11,1,-3,0,-4,-7,4,0
119.874085,-38,-5,-5,-3,-3,-5,9,-5,0
119.887659,12,-4,1,-2,-4,-4,-2,1,0
119.887682,2,8,3,2,0,3,1,0,0
119.889038,-4,-12,-2,-6,0,-7,-3,-2,0
119.889061,-15,1,3,8,-5,2,-1,1,0
119.910137,2,-1,-1,-3,14,0,-2,-4,0
119.910154,13,12,-3,0,-3,-1,0,-1,0
119.911828,-27,-6,0,-2,-1,-4,-1,-2,0
119.911832,-13,-14,-6,0,-4,1,-3,0,0
119.932703,0,13,-2,-4,0,-6,-7,-3,0
119.932734,-12,-3,-5,1,-2,-4,-4,-2,0
119.934208,8,1,6,2,-7,-6,0,1,0
119.934236,49,2,2,0,5,1,-4,1,0
119.948102,-4,0,-1,-1,-5,-13,-3,1,0
119.948125,67,2,-1,-3,1,18,8,2,0
119.949552,-73,-10,-1,-2,-3,-2,-3,-8,0
119.949572,23,-11,7,-14,-3,-12,0,-1,0
119.970501,-39,-1,-10,5,1,10,-4,-1,0
119.971772,34,7,7,6,-5,-16,0,2,0
119.971784,29,-7,1,7,-1,-5,7,2,0
119.971786,-1,9,5,1,4,1,-1,-1,0
119.992661,-6,-4,1,-7,-5,-4,-2,-2,0
119.992678,-38,-8,-6,-6,-3,-1,1,-6,0
119.994126,27,11,-2,-2,-3,5,0,2,0
119.994142,-11,-4,-5,3,1,-2,-2,0,0
120.008156,17,7,4,-3,-8,0,0,2,0
120.008163,-20,2,-8,4,3,2,-1,-2,0
120.013872,2,-13,11,-1,4,-8,-7,-1,0
120.013893,15,-5,-7,0,2,9,5,3,0
120.030358,-2,-3,-3,-9,-15,0,1,-5,0
120.030387,-70,-8,1,2,-3,-5,-7,-5,0
120.033028,58,2,-4,-1,-5,2,2,-1,0
120.033040,-9,13,5,1,8,4,-4,-6,0
120.052666,-4,-11,0,2,-6,-20,-4,-2,0
120.052682,-13,-26,-5,-11,-1,17,4,1,0
120.054326,4,6,-2,-4,1,-1,0,-2,0
120.054333,-14,-5,-6,5,-11,-1,-1,-2,0
120.066972,23,4,-2,-9,8,-13,4,4,0
120.068530,31,16,5,16,-4,16,-5,-2,0
120.073672,-42,-12,1,-1,2,-16,-2,-1,0
120.073688,15,-1,-1,-4,0,6,4,-1,0
120.090080,-3,2,-4,2,2,0,0,-2,0
120.090102,-11,-11,-1,-9,-1,-8,-4,0,0
120.091829,14,9,-2,0,-4,8,3,-2,0
120.091851,15,21,2,2,0,-3,-3,-2,0
120.112517,-33,-33,-8,-5,-3,3,0,-1,0
120.112539,-27,5,7,-5,0,-6,1,0,0
120.114161,34,6,-6,6,-3,1,-3,1,0
120.114165,6,0,3,0,0,-5,-3,-1,0
120.127010,-5,8,3,0,-1,7,0,-4,0
120.127882,14,0,-4,-4,-4,-6,-1,1,0
120.134479,5,-7,-1,-5,-7,-5,-6,-1,0
120.134485,10,16,3,10,16,5,2,-3,0
120.151127,52,0,-4,-4,-2,1,-2,3,0
120.151138,-68,-7,1,2,2,-12,-5,-8,0
120.151613,-57,-1,0,-3,-4,19,12,0,0
120.151624,2,-8,-3,-1,-1,-4,-2,0,0
120.172612,32,7,-1,0,-2,3,-1,-1,0
120.172634,14,-6,5,-8,-11,-10,-3,-1,0
120.175148,20,3,-19,2,6,2,-7,3,0
120.175152,-7,-7,-1,-8,-13,6,-1,0,0
120.187001,-50,-3,3,2,4,-1,-3,-4,0
120.187018,16,6,-1,6,3,1,-1,2,0
120.201278,-5,-7,3,0,-2,-13,-5,-6,0
120.201303,6,7,-9,-6,-3,7,0,-1,0
120.210176,-26,3,3,-4,-3,-1,-3,1,0
120.210199,18,-9,-2,7,3,0,3,0,0
120.211760,22,12,4,-3,-3,2,-1,0,0
120.211765,-11,-12,-9,-4,-1,-11,-5,-5,0
120.232734,22,7,3,-2,-2,0,0,-2,0
120.232766,-14,1,-3,-2,2,0,0,1,0
120.234358,4,2,-1,-3,0,-2,-1,-1,0
120.234384,7,-7,3,-5,-4,-2,-1,1,0
120.246796,19,2,-5,0,2,-17,-4,0,0
120.246813,-27,-7,1,-1,-1,18,5,-3,0
120.253982,-5,-4,3,1,-1,-4,-4,2,0
120.254000,42,7,-2,-2,-3,-4,-3,1,0
120.270062,-57,-11,1,4,-1,2,-4,-9,0
120.270079,3,1,-7,-7,-1,-14,-6,0,0
120.271811,25,11,2,-2,-9,-3,8,2,0
120.271820,-26,-7,1,0,7,-8,1,-4,0
120.292687,20,-5,-1,4,0,10,-5,1,0
120.292705,-6,2,-16,-5,-4,-5,-2,-2,0
120.294086,23,16,8,7,9,5,-2,-1,0
120.294104,-72,-32,-5,-4,-4,-5,-1,0,0
122.317965,-4,15,8,0,-4,15,8,-6,2
122.318258,48,60,12,2,10,-12,-4,56,2
122.318261,20,37,2,0,-17,21,9,-27,2
122.318331,22,-51,-18,-4,19,-2,26,91,2
122.331615,-50,55,-11,-7,-8,-27,-30,-59,2
122.331656,78,-40,-9,-2,-5,20,4,59,2
122.339328,65,3,-4,-4,-1,-19,-22,-85,2
122.339344,-16,18,5,3,20,-4,-3,62,2
122.354292,39,-64,-3,-1,-20,4,24,24,2
122.354314,-30,63,5,1,-4,-6,1,20,2
122.355339,-51,63,11,4,12,6,-3,-40,2
122.355344,-48,-18,-9,-1,-8,10,0,-54,2
122.379241,-25,15,6,-1,0,-18,-13,5,2
122.379246,55,35,-5,-3,19,-35,-5,-31,2
122.379248,34,-81,-11,-6,-42,20,11,51,2
122.379249,-7,108,12,4,13,1,-13,-53,2
122.400339,-45,1,3,1,-5,9,12,44,2
122.400366,-1,-61,-6,-1,11,2,4,-28,2
122.401640,-43,-35,-5,0,10,-10,-13,0,2
122.401651,60,-28,5,1,-9,0,-5,2,2
122.414313,73,102,17,7,6,30,16,-18,2
122.414335,-64,-124,-23,-14,-19,-16,-26,-53,2
122.416786,95,-13,6,6,-4,41,-1,66,2
122.416800,-83,-42,-12,-4,-2,-25,0,4,2
122.437057,48,60,3,3,25,-7,-3,-2,2
122.437078,-14,-12,12,5,-22,5,8,-33,2
122.438445,8,-1,1,-2,3,-10,3,43,2
122.438449,16,19,2,0,-5,-4,-10,-27,2
122.451233,23,0,0,0,-7,2,1,22,2
122.451254,-15,-18,1,0,0,-2,6,3,2
122.459429,-24,3,-2,-1,13,-5,-4,-9,2
122.459444,24,122,14,4,-1,4,4,1,2
122.474299,35,-128,-3,-2,-7,-14,-1,-31,2
122.474309,-61,-36,0,-2,-4,17,-6,78,2
122.474886,-1,-41,-18,-9,-3,3,-7,-6,2
122.474893,-3,-52,-8,-1,-7,-4,-9,19,2
122.496858,51,67,5,0,-6,3,-1,-10,2
122.496880,7,17,3,2,-2,3,8,22,2
122.499804,-46,-16,7,3,8,-12,1,23,2
122.499815,-16,40,2,-2,-4,-3,-6,-17,2
122.511046,48,34,7,1,-13,4,-6,5,2
122.511061,57,-35,-6,-3,35,-8,2,-41,2
122.519635,14,-92,-1,-1,-23,35,0,8,2
122.519661,20,39,-6,-3,-11,-5,0,-66,2
122.535536,-79,-81,-5,-2,20,-7,7,31,2
122.535544,7,-10,-11,-4,-23,-12,-7,2,2
122.535546,23,27,4,1,10,15,7,-28,2
122.535547,-51,31,1,-2,-8,7,7,-16,2
122.557004,48,-103,-4,-1,-9,-13,-14,38,2
122.557020,-100,113,10,3,-4,6,7,7,2
122.558764,-28,93,-1,0,8,-23,-1,44,2
122.558768,37,-86,-13,-2,11,6,-2,-10,2
122.571188,-88,96,-12,-7,-14,-3,9,25,2
122.571206,-31,35,4,1,1,2,-24,-93,2
122.579905,79,26,-3,-2,-3,-16,6,2,2
122.579944,54,94,12,1,-2,-5,0,18,2
122.594252,-26,-38,-1,0,-20,8,2,15,2
122.594275,59,-93,3,1,18,3,4,2,2
122.595303,28,114,4,1,-1,-22,-1,12,2
122.595307,-98,-73,-15,-10,5,15,1,46,2
122.617011,-46,-2,-2,-2,-16,-3,-7,-72,2
122.617033,25,-67,-13,-3,18,12,23,37,2
122.617569,-16,46,4,4,23,-9,-11,-84,2
122.617589,56,87,5,2,4,96,8,51,2
122.631388,115,-30,-16,-9,-33,-94,-24,5,2
122.631411,-36,70,8,3,25,13,1,-49,2
122.639419,-46,-78,-7,-4,-7,-7,4,-7,2
122.639436,90,2,-1,0,-4,-12,-1,-16,2
122.654327,-55,32,13,3,3,34,4,31,2
122.654350,-62,-71,-10,-2,-11,-9,-4,-51,2
122.656005,-4,-33,-2,-2,-6,-9,0,5,2
122.656010,54,81,6,0,11,-22,-13,-9,2
122.676897,-34,-79,-9,0,7,16,1,10,2
122.676967,52,125,6,0,-20,-14,-1,39,2
122.677521,-77,-39,-8,-2,13,13,15,33,2
122.677535,-38,35,4,1,-9,-27,-7,15,2
122.700227,58,-43,-4,0,19,-5,-6,-5,2
122.700254,1,-16,7,1,-17,30,7,27,2
122.701536,-74,-34,-8,-4,-20,16,0,17,2
122.701552,-56,-20,-16,-8,41,-40,-23,-54,2
122.714249,16,32,0,2,-9,11,17,-42,2
122.714272,54,51,-6,-4,-19,-12,-7,73,2
122.716098,66,-71,0,2,7,-2,-1,34,2
122.716111,-39,-5,1,0,-27,-12,11,10,2
122.738653,17,22,6,4,21,16,-4,-26,2
122.738659,-46,16,-7,-3,13,-4,-3,-14,2
122.738661,1,9,7,2,-26,30,3,-21,2
122.738663,77,15,-12,-5,-26,-44,-11,42,2
122.760052,-42,10,-9,-2,18,26,-1,-67,2
122.760074,17,-71,6,3,-20,-3,5,-9,2
122.762607,26,-21,-8,-6,12,-7,-18,-4,2
122.762613,-11,11,9,5,-4,-9,5,-23,2
122.774454,26,91,4,-3,3,-7,-4,38,2
122.774469,9,-71,-14,-2,0,19,1,-30,2
122.775265,7,125,12,2,-15,-20,-6,-29,2
122.775286,119,13,12,3,34,11,5,54,2
122.796870,37,58,-2,-4,-9,-12,1,47,2
122.796894,-56,-12,-8,-3,-36,11,2,-35,2
122.799859,76,-61,-8,1,59,-13,-6,57,2
122.799869,-75,-103,-5,0,-12,-7,17,6,2
122.820066,113,105,8,3,2,-6,-10,17,2
122.820085,-13,6,6,2,0,3,5,-24,2
122.820793,-22,40,-2,-4,-13,-3,-3,-12,2
122.820890,2,-19,6,0,-7,3,-2,-18,2
122.834341,-97,-98,2,0,3,18,6,4,2
122.834361,118,95,8,1,-3,-10,-6,9,2
122.835323,-10,-32,1,2,12,-7,9,-11,2
122.835366,-87,-29,-15,-9,-13,6,-11,-58,2
122.857115,27,-58,-5,-4,-19,-5,4,79,2
122.857138,31,103,13,1,42,4,5,-36,2
122.859243,37,15,-4,-6,-32,-14,-22,-20,2
122.859252,-61,27,-3,-2,-7,10,-5,-64,2
122.880010,31,-19,0,-1,2,-36,-3,18,2
122.880033,81,91,-1,0,-12,28,1,43,2
122.880680,-86,29,8,0,25,-65,4,12,2
122.880694,-23,-103,-17,-4,-9,36,7,32,2
122.894238,-5,79,-7,-1,16,-40,-8,-98,2
122.894256,9,35,6,1,24,-4,-2,54,2
122.895159,-39,99,-5,-4,-22,7,1,-27,2
122.895172,65,-102,-7,2,31,-8,5,39,2
122.916882,-47,3,4,0,-15,14,-3,-19,2
122.916903,-82,-3,-2,-2,-8,-12,-5,1,2
122.918589,11,0,12,6,2,16,8,14,2
122.918600,12,-14,2,-4,-9,-7,-10,-2,2
122.939941,-20,-50,-8,1,7,31,14,88,2
122.939950,29,-35,2,0,2,-18,-8,-30,2
122.940611,78,15,-9,-7,-16,38,-4,58,2
122.940626,75,63,10,1,-6,-42,4,-18,2
122.954614,17,55,-3,-1,0,11,-3,16,2
122.954619,-51,-23,-10,-4,-9,-19,-3,13,2
122.955101,-54,-14,-7,0,20,-4,-1,-9,2
122.955117,-30,50,5,0,-20,32,10,22,2
122.976888,56,65,6,2,-34,-22,-27,-13,2
122.976911,-13,21,-5,-5,40,-25,2,-4,2
122.979286,5,-103,-12,-1,29,-23,-5,-41,2
122.979291,42,53,2,0,-16,-4,12,37,2
123.001444,-15,-94,-1,0,-1,38,5,-58,2
123.001460,-70,34,1,-3,-13,-3,-8,4,2
123.001462,43,-125,-9,-1,-7,-4,-6,13,2
123.001464,13,96,8,3,10,3,11,54,2
123.017734,43,-95,-4,-3,-1,-23,-2,-79,2
123.017741,37,-36,-8,-4,-10,33,-3,47,2
123.017744,6,52,1,-4,1,6,2,-6,2
123.017745,-46,19,10,3,-9,-5,-10,-5,2
123.036871,30,-21,1,-1,4,17,1,-10,2
123.036894,9,73,10,4,0,-6,-5,-17,2
123.038873,0,-65,-1,-1,-26,-13,-3,52,2
123.038878,-56,-123,-23,-7,14,12,1,-83,2
123.063180,-18,92,1,-2,10,13,-7,38,2
123.063185,-44,-40,-4,-5,5,-26,-15,-24,2
123.063186,87,96,3,1,-12,0,14,28,2
123.063188,-19,-108,-9,-2,-11,-14,-12,-12,2
123.074396,-6,-32,-9,-2,31,33,9,-15,2
123.074419,-48,98,11,6,-19,0,-1,30,2
123.076777,4,-31,3,2,-6,13,-2,-20,2
123.076789,59,26,8,4,15,-10,1,21,2
123.097252,-105,-81,-9,-5,-18,-13,-7,4,2
123.097281,94,-82,-16,-7,-4,-2,-2,-74,2
123.097796,-56,48,1,0,9,14,-3,-12,2
123.097819,53,-26,0,2,0,50,2,31,2
123.120285,-37,36,3,-1,3,-17,0,31,2
123.120309,-58,-108,-12,-4,-13,-44,20,-8,2
123.121680,-61,21,-5,0,3,3,1,-13,2
123.121687,-19,-36,-2,-2,-15,-17,-11,-19,2
123.134370,24,87,9,2,45,22,3,-8,2
123.134389,16,-39,-9,0,-9,15,2,5,2
123.135644,28,74,4,-2,-13,-8,-3,24,2
123.135649,95,39,1,2,-1,-11,-1,-21,2
123.156774,-21,78,-2,-3,-15,-20,1,5,2
123.156784,4,-77,-1,1,-14,-4,-8,-19,2
123.157481,-17,-46,-1,-1,15,3,13,5,2
123.157493,-59,84,8,2,-4,-4,-12,-25,2
123.180565,14,8,-11,-5,13,-3,1,39,2
123.180594,81,107,7,4,-6,22,4,-7,2
123.184182,-17,7,0,-2,-11,-5,-13,-3,2
123.184190,-79,-10,-6,-1,4,4,12,2,2
123.194451,-20,9,15,5,-1,-4,-6,-65,2
123.194473,40,-56,-13,-4,2,1,1,11,2
123.196985,20,58,0,-3,-7,-10,-8,-11,2
123.196990,98,-21,-1,-3,25,-8,0,22,2
123.218221,8,10,7,1,-26,10,9,44,2
123.218230,70,7,7,1,0,2,-8,-10,2
123.218232,-89,-21,-3,1,1,-5,-4,-20,2
123.218234,15,20,4,-1,-14,5,6,27,2
123.239992,-60,72,-11,-2,-12,-1,13,0,2
123.240010,-24,20,-4,-2,19,4,-7,-3,2
123.241108,-26,-38,-4,0,-5,-3,14,25,2
123.241113,5,83,9,2,2,-1,-2,10,2
123.253729,22,8,-1,0,-7,-10,-6,2,2
123.253748,-59,-36,-7,-1,0,-3,5,13,2
123.262373,37,83,9,4,-8,10,-2,3,2
123.262396,19,-62,-17,-4,3,-18,-25,-43,2
123.277200,-66,-128,-9,-4,11,13,10,32,2
123.277225,-32,-9,-2,-3,-15,6,-6,-4,2
123.278970,69,-40,-2,-4,-11,-10,-9,-20,2
123.278979,-84,40,4,1,17,6,-2,-76,2
123.300449,16,-3,-1,-2,-9,-7,-7,7,2
123.300476,-27,0,1,0,2,2,1,11,2
123.301506,-40,-51,-3,-1,10,-2,-2,40,2
123.301511,-88,15,-4,-5,-23,5,5,-14,2
123.313521,59,-19,2,1,1,-8,-13,-34,2
123.313531,53,91,17,5,6,-4,1,11,2
123.322468,65,-108,-19,-5,-10,3,8,-21,2
123.322563,0,-94,-6,-4,-15,-9,0,45,2
123.337019,-10,3,4,3,23,7,2,-71,2
123.337044,-13,60,3,-2,-3,6,8,-24,2
123.338959,49,22,-2,-3,-4,-13,-14,30,2
123.338963,20,55,8,3,-9,1,2,15,2
123.360003,3,-128,-15,-3,8,-3,-1,17,2
123.360017,44,50,0,1,-1,-8,-13,-42,2
123.360732,69,80,6,0,6,7,6,21,2
123.360752,-89,-85,-10,-3,-24,-2,1,-5,2
123.375332,40,2,2,0,12,3,-5,-12,2
123.375337,-2,39,6,0,-3,-3,-2,-3,2
123.381786,-63,-48,-3,-5,3,0,-4,-11,2
123.381804,115,88,7,0,-20,-4,-4,16,2
123.396732,32,-54,-6,-2,14,-8,0,-19,2
123.396755,-110,19,3,1,-8,9,1,0,2
123.397602,4,-41,0,1,-3,-5,-1,-45,2
123.397606,22,-55,-10,-5,10,8,-4,31,2
123.420922,24,100,10,2,3,4,0,-3,2
123.420927,-53,-128,-16,-7,-15,3,1,44,2
123.420929,-1,94,6,2,6,7,-4,3,2
123.420931,32,34,5,1,12,-7,4,-1,2
123.433859,-23,-28,-7,-2,-9,5,2,21,2
123.433887,47,-36,6,4,10,39,0,4,2
123.441978,-74,2,-8,-4,-19,-43,3,25,2
123.441995,15,8,-7,-3,10,-5,-7,24,2
123.456840,2,41,10,2,-14,-8,-3,-13,2
123.456857,-5,30,-2,-1,1,5,8,21,2
123.457899,9,1,0,2,5,12,-2,-48,2
123.457904,-72,74,12,4,17,2,1,-23,2
123.483186,49,127,10,0,-36,-5,10,51,2
123.483201,127,-20,-29,-15,13,-18,-12,-4,2
123.483205,-57,23,3,-1,5,3,-6,-17,2
123.483209,-77,25,-7,-1,-15,1,4,7,2
123.493711,33,52,8,2,4,0,-15,-34,2
123.493727,22,-44,-5,-1,-9,-13,1,13,2
123.501851,35,28,6,1,8,10,9,-21,2
123.501892,54,-12,2,-3,2,0,1,34,2
123.516903,-49,29,0,-2,-14,-20,-1,1,2
123.516922,44,-67,6,3,6,14,3,-66,2
123.517664,-58,79,5,0,-17,3,-16,-11,2
123.517684,-41,-78,-22,-5,35,-7,-10,-54,2
123.540088,40,-120,-11,-4,-10,-24,8,50,2
123.540104,-49,76,4,-1,-4,-16,-10,-18,2
123.541876,54,38,9,5,6,13,7,4,2
123.541888,17,12,7,0,-9,0,-3,-22,2
123.553709,-27,-6,-4,-3,-5,2,-12,-9,2
123.553732,-2,32,1,1,3,-5,7,20,2
123.562215,-8,-37,-1,-2,-1,2,-1,10,2
123.562238,40,-36,0,1,-5,-8,-2,5,2
123.576899,3,7,-15,-7,2,3,2,4,2
123.576952,16,-49,-15,-3,-5,-4,-1,-27,2
123.577596,-16,30,-7,-3,3,3,-6,-22,2
123.577641,-4,45,8,1,-3,-2,3,15,2
123.600061,12,74,8,2,2,11,2,-33,2
123.600087,-29,23,9,4,1,-21,-14,12,2
123.601213,-20,18,-10,-3,2,19,24,-12,2
123.601217,-44,-21,-8,-5,9,-8,-6,3,2
123.622449,-4,-106,-10,-3,-13,5,-4,23,2
123.622459,39,-10,-9,-5,-4,-6,-3,44,2
123.623136,-4,-43,11,4,0,-5,-4,11,2
123.623151,3,20,1,2,-3,5,2,1,2
123.637292,84,37,0,-2,4,-1,1,21,2
123.637313,-33,63,8,1,3,0,8,73,2
123.637645,23,-19,0,-1,2,-9,-8,-67,2
123.637723,-14,-73,-10,-2,-5,-3,1,2,2
123.660686,48,43,4,-3,-1,-2,-7,-16,2
123.660710,-46,-12,-4,0,5,6,5,-13,2
123.662943,27,25,0,-2,-1,2,-3,38,2
123.662955,6,53,2,0,-1,-2,0,-9,2
123.684828,-45,39,1,2,-3,6,1,-2,2
123.684838,-27,8,7,1,0,1,-1,-13,2
123.684840,61,-36,2,2,0,-2,4,25,2
123.684842,-101,16,0,0,-14,-26,-31,-94,2
123.696930,8,-45,-5,-5,-38,12,18,85,2
123.696952,30,-71,-29,-8,56,26,2,-21,2
123.699086,-71,-71,-14,-4,3,-5,-7,-58,2
123.699098,65,17,8,2,-3,49,10,20,2
123.720084,-49,63,6,3,-3,-59,-8,-5,2
123.720187,2,-12,8,1,-14,-14,-2,24,2
123.720844,-11,14,3,1,-10,1,4,18,2
123.720863,-1,38,-2,-1,13,6,-2,7,2
123.742880,43,-71,-9,-3,10,14,-3,-34,2
123.742902,-85,33,4,-2,-17,-1,-3,-2,2
123.744576,-45,7,0,2,5,-6,-5,15,2
123.744584,86,-92,-8,-4,-7,-15,-6,14,2
123.756896,37,77,4,0,-33,14,-2,27,2
123.756920,-12,-66,-7,-1,41,-3,17,-54,2
123.759205,6,18,-2,-3,-9,8,2,10,2
123.759211,56,116,0,-2,-4,1,-3,-36,2
123.780276,-85,-27,3,3,-18,0,-1,-24,2
123.780303,69,8,3,2,18,3,-4,47,2
123.780996,-12,-58,-8,-2,1,-1,-6,31,2
123.781015,5,-14,1,2,-1,2,16,10,2
123.802996,-9,30,-3,-3,22,-7,-9,3,2
123.803034,27,82,10,2,-31,3,2,26,2
123.804328,73,52,-3,-6,10,-13,-12,-20,2
123.804333,40,-2,5,1,8,0,7,-14,2
123.816877,-66,-20,-10,0,8,5,1,-17,2
123.816902,46,-15,1,0,-14,6,2,-20,2
123.817890,-65,0,-2,-3,-13,-16,-18,24,2
123.818061,0,27,4,1,2,-5,1,1,2
123.840018,24,0,-1,2,11,7,9,-25,2
123.840038,9,37,3,2,-3,-8,-7,-5,2
123.840667,-13,54,0,3,-13,7,5,-21,2
123.840682,21,-23,-3,-1,8,0,1,35,2
123.862521,33,35,4,0,-9,-3,-6,-13,2
123.862543,-29,113,7,-3,-2,0,-6,0,2
123.864464,127,-21,-12,-5,-3,2,12,41,2
123.864468,-19,-97,-6,-2,-1,-5,-5,-31,2
123.877098,-11,6,1,-1,7,3,1,41,2
123.877116,-64,52,4,2,-10,-11,-4,-7,2
123.878885,-63,70,5,-2,0,2,-2,36,2
123.878892,114,66,1,0,-4,-7,-1,-10,2
123.901540,-24,-128,-6,-1,13,2,-2,-14,2
123.901550,-52,-14,3,3,-12,2,6,37,2
123.901552,-31,-58,-3,-1,12,-11,-14,-46,2
123.901554,-98,-64,-10,-4,-15,-3,4,18,2
123.922710,-25,101,9,0,8,12,-1,-21,2
123.922732,-12,-34,-3,-1,-3,-24,-16,-35,2
123.923149,69,-58,2,2,0,9,6,-17,2
123.924544,61,27,2,0,-2,-3,5,71,2
123.937056,-73,-90,-2,0,1,3,-5,-78,2
123.937073,56,-73,-6,-2,-4,3,1,17,2
123.937531,61,45,-1,-1,15,8,8,-35,2
123.937547,30,-31,-4,-4,-17,-4,-10,64,2
123.960683,14,-46,2,1,9,-1,1,24,2
123.960721,-68,24,-8,-5,-15,-2,-2,-22,2
123.963280,-26,42,4,0,17,-7,-10,-36,2
123.963286,6,-11,-3,2,-3,3,12,63,2
123.982722,-8,-24,-7,-3,-1,-3,-5,15,2
123.982794,-31,-12,3,1,3,2,-2,-42,2
123.983388,70,96,1,0,-18,-2,11,63,2
123.983449,-128,-25,-2,-3,2,-7,-25,-86,2
123.996784,125,60,0,-2,5,-3,12,6,2
123.996802,-45,-78,-9,-5,-17,2,-1,-28,2
123.997377,-8,-21,-4,0,2,-1,2,37,2
123.997391,53,12,-6,-6,0,2,3,44,2
124.020275,-93,-58,-4,-4,0,5,-11,-78,2
124.020297,62,63,5,1,2,-24,-4,18,2
124.021805,-73,-47,3,0,-2,7,4,-1,2
124.021810,-7,5,-1,2,7,-8,-5,-37,2
124.042731,22,93,6,1,-3,5,6,35,2
124.042747,90,48,13,8,4,6,5,26,2
124.043317,7,-64,-10,-8,2,-2,-20,-51,2
124.043336,-23,58,-15,-8,-15,-37,21,-22,2
124.056923,-64,-34,-7,-1,5,-1,3,21,2
124.056932,57,69,8,4,6,7,3,12,2
124.057444,1,-20,5,4,-8,-16,-2,15,2
124.057477,0,37,12,3,-8,11,-4,-13,2
124.079057,50,23,-1,-1,3,-1,-5,30,2
124.079072,-43,-30,-7,-7,-7,-12,-3,-54,2
124.087813,-1,-17,11,3,-11,0,2,44,2
124.087821,15,6,-1,-2,7,15,5,-24,2
124.104016,-41,-82,-16,-3,0,-3,0,7,2
124.104028,-41,-57,-11,-2,-2,8,3,17,2
124.104031,-50,30,0,-1,13,-3,-4,-40,2
124.104033,31,43,12,4,-7,2,-8,-51,2
124.117044,98,85,4,0,0,-4,-2,6,2
124.117072,1,-78,-4,-2,-3,0,-9,-27,2
124.119257,4,-54,-12,-6,-12,2,5,11,2
124.119262,-73,2,-3,-2,20,3,6,23,2
124.140069,-14,38,0,-1,-6,1,-4,-73,2
124.140087,2,26,1,0,5,2,1,39,2
124.141072,5,38,4,2,-9,-3,-7,-6,2
124.141077,22,-84,1,0,0,9,-1,-10,2
124.162498,-115,-11,-7,-2,-30,0,-13,27,2
124.162522,98,-52,0,-2,28,-7,-1,62,2
124.164623,71,-87,-18,-7,-6,2,-5,-53,2
124.164628,-100,48,2,-2,-1,0,-11,-77,2
124.176916,62,33,0,2,10,24,25,84,2
124.178158,1,-11,6,0,-4,-21,-20,-25,2
124.178162,38,54,8,2,-19,12,5,9,2
124.178164,-45,9,-5,-3,-1,-11,-10,1,2
124.200207,69,-8,-2,-1,-2,-12,-5,-26,2
124.200227,-11,51,-1,0,-12,4,4,18,2
124.200756,-20,28,2,-2,13,0,6,6,2
124.200778,37,-15,1,4,-1,3,5,17,2
124.222553,36,-5,8,1,6,-6,-3,59,2
124.222570,-72,41,-8,-3,-11,2,-6,-34,2
124.224346,23,57,4,-1,21,-4,11,48,2
124.224355,-2,-78,-16,-2,-7,8,-3,19,2
124.236589,-27,-17,-3,0,3,3,-3,-2,2
124.236627,28,34,4,0,5,17,11,-3,2
124.244347,11,40,3,1,-13,-3,-7,-46,2
124.244369,-22,36,4,1,-5,-13,-4,48,2
124.259991,60,14,3,0,16,0,-8,-33,2
124.260068,-104,48,0,-2,-15,-1,-1,15,2
124.260648,-26,50,-5,-3,-14,-3,3,-13,2
124.260682,56,16,-6,-6,3,13,-11,18,2
124.282911,-42,-48,-11,-3,-2,-3,-2,-40,2
124.284864,24,64,6,0,-2,-1,7,6,2
124.284871,-23,-1,3,0,7,1,6,28,2
124.284873,-48,10,2,2,-6,-10,-2,-63,2
124.296786,55,53,9,-1,-9,-4,-2,44,2
124.296821,-63,-121,-11,-4,-1,-1,-2,-38,2
124.304292,-50,62,29,12,-1,1,0,56,2
124.304309,-44,-108,-40,-18,17,-47,-31,-93,2
124.320754,13,-36,-9,-4,-6,19,22,41,2
124.322302,71,63,-2,0,6,40,-4,9,2
124.322307,12,-64,-2,0,-15,-70,-4,-11,2
124.322350,-3,48,15,5,-10,0,4,51,2
124.342796,-32,-8,2,-1,10,-13,-9,-19,2
124.342827,39,-17,-4,-1,12,-8,2,-9,2
124.343671,-16,-35,-4,-1,-7,19,-2,1,2
124.343701,105,70,19,5,2,9,1,-25,2
124.356093,-69,-101,-21,-7,-17,-20,-2,-8,2
124.356110,91,-68,-18,-7,0,-5,-4,67,2
124.364663,-40,35,-4,-2,14,11,1,-22,2
124.364685,68,-17,4,1,0,6,10,59,2
124.380004,-5,74,11,4,-1,8,-1,-42,2
124.380026,-13,45,9,1,-8,-12,2,-20,2
124.382163,-23,-91,-13,-6,-5,5,-4,-2,2
124.382183,23,11,-1,2,6,7,5,13,2
124.402539,10,41,9,2,5,-7,-4,6,2
124.402557,20,80,19,9,-6,-11,-3,49,2
124.403410,48,-72,-14,-10,1,20,24,-42,2
124.403437,-69,-20,-17,-6,7,7,-15,35,2
124.417862,35,41,-4,-5,-34,-31,-16,-46,2
124.417873,-17,3,-1,1,19,29,9,17,2
124.424363,63,-5,8,6,-25,-61,-3,-5,2
124.424380,-26,43,3,-1,9,24,1,15,2
124.440302,-53,33,-2,-2,-7,-6,-6,-7,2
124.440334,31,-27,0,0,0,18,1,17,2
124.442898,-96,-28,-7,-5,1,-41,-12,-19,2
124.442906,24,9,2,2,-7,8,10,26,2
124.463498,103,17,2,0,14,10,-1,-30,2
124.463504,-37,-2,0,1,6,-17,-5,-111,2
124.463506,26,-13,-5,-1,8,59,-8,55,2
124.463508,-24,-19,0,1,-1,-8,1,4,2
124.479621,-46,-11,3,0,-3,-7,4,10,2
124.479626,58,22,0,-1,-16,0,6,13,2
124.484468,25,-28,-6,-2,14,9,-1,6,2
124.484493,-76,31,7,3,-12,-11,3,-15,2
124.500478,59,3,5,1,2,13,-7,14,2
124.500508,-3,-36,-12,-9,-4,-10,-3,-20,2
124.502318,-89,57,-3,1,11,7,1,19,2
124.502324,-2,28,-4,-3,-9,-2,-16,-26,2
124.522597,-25,-21,-8,-1,5,23,27,-2,2
124.522614,14,-28,0,-1,2,-18,-3,11,2
124.524399,-7,70,3,1,0,12,-1,14,2
124.524406,15,64,11,5,3,13,10,9,2
124.536338,-13,-8,-5,-3,12,-16,-12,18,2
124.536355,9,-12,7,1,-14,-9,-3,26,2
124.544379,72,43,-7,-4,-4,16,18,18,2
124.544400,-29,-28,10,3,8,-17,-3,7,2
124.560389,-85,79,-5,-2,2,-10,-21,-42,2
124.560477,-71,-93,-8,-6,-34,10,11,-6,2
124.560883,39,-19,-1,0,20,-4,-11,-32,2
124.562559,44,-34,3,2,0,1,7,3,2
124.582621,41,-67,-8,-1,14,-1,-4,18,2
124.582647,-6,72,6,1,-5,1,-3,-7,2
124.584705,-58,8,3,1,-34,-5,-13,-32,2
124.584713,80,-1,-14,-8,35,-3,18,51,2
124.605008,15,5,-1,0,-12,-4,3,6,2
124.605026,-60,49,-5,2,14,38,-5,-7,2
124.605845,-31,5,-2,-2,-10,-11,3,-21,2
124.605867,13,20,6,0,-11,-5,-1,49,2
124.620131,23,-9,4,0,3,19,8,9,2
124.620149,5,6,-6,-6,-1,0,-6,14,2
124.620758,-22,14,10,3,6,-5,-3,-33,2
124.620774,15,-63,-4,0,-7,5,4,-12,2
124.642835,-30,-16,2,-1,5,-11,-9,18,2
124.642852,-75,-89,-7,-1,-4,-25,15,57,2
124.644961,61,4,-1,0,3,5,-7,-12,2
124.644971,-52,-31,-6,-3,-21,-7,-3,-38,2
124.666701,-34,-23,5,2,13,-3,-3,-5,2
124.666715,46,-14,-4,1,11,-4,-2,35,2
124.666717,-16,23,4,1,7,2,3,12,2
124.666719,-15,71,-10,-5,-22,0,-8,-64,2
124.680625,32,-27,5,1,9,6,-3,70,2
124.680630,12,33,2,0,0,-15,-5,-28,2
124.680716,1,-25,-10,-5,3,10,-1,22,2
124.680722,9,16,5,1,0,-1,-3,1,2
124.702978,42,-71,-6,0,-17,-5,-4,-11,2
124.703025,-6,14,-1,-2,1,-7,-5,-69,2
124.705188,3,3,-3,-2,1,-5,-8,-25,2
124.705196,-26,-15,4,3,0,6,-7,-13,2
124.725740,76,18,-1,-3,-19,-4,1,17,2
124.725752,-29,-34,-7,-3,20,9,10,-12,2
124.726654,-67,-23,-1,-1,-1,-1,1,7,2
124.726661,-77,55,2,-2,1,3,3,-13,2
124.738655,-108,4,-1,-3,-3,-5,-10,-66,2
124.738671,77,43,3,1,-5,-6,-5,18,2
124.749708,62,87,27,10,4,7,5,-14,2
124.749718,-34,-1,-37,-16,3,13,-19,9,2
124.762463,-53,9,-4,-2,-4,22,22,0,2
124.762485,5,17,0,-3,-4,-2,-4,7,2
124.763954,-3,11,5,1,-21,-10,4,-24,2
124.763989,9,14,12,5,29,10,-4,-27,2
124.785335,-14,-40,-8,-3,2,1,0,-2,2
124.785365,-13,29,0,-1,-3,-3,-4,-14,2
124.788131,61,1,-4,-2,-1,8,9,79,2
124.788142,43,36,26,9,-4,-18,-2,-16,2
124.799216,-2,-56,-24,-9,-2,-11,5,20,2
124.799247,52,-102,0,2,7,-6,-11,2,2
124.809045,-58,-31,-8,-3,8,13,1,24,2
124.809049,95,47,4,-3,-21,-8,1,26,2
124.822488,-85,105,12,5,19,-6,5,-25,2
124.822506,59,6,6,3,-16,2,10,-9,2
124.824076,48,33,-11,-5,3,-7,-12,3,2
124.824157,-87,1,-4,-3,11,0,2,3,2
124.844977,21,-57,-7,-4,-12,7,-2,-33,2
124.845002,32,70,-2,-3,2,-4,-2,10,2
124.846390,-63,-21,-3,-2,-18,-2,-11,-28,2
124.846398,10,12,0,-1,25,-3,10,39,2
124.859256,33,56,10,4,-11,-5,-11,-30,2
124.860682,-122,-12,-1,0,-11,-3,-3,6,2
124.868150,-12,-52,-3,1,11,-5,1,8,2
124.868157,107,8,7,1,-18,-1,-1,12,2
124.884318,-66,-31,-21,-6,-10,-10,-13,-26,2
124.884327,-5,-22,-10,-5,13,19,2,-9,2
124.884330,37,41,-1,-1,14,10,9,5,2
124.884332,-19,2,-2,-2,-46,15,0,-22,2
124.905698,27,49,16,5,1,-7,9,5,2
124.905714,41,46,14,4,-5,8,-4,-37,2
124.907322,-16,-100,-16,-6,5,-18,-7,36,2
124.907335,-39,-40,-3,-1,-1,-6,-10,-3,2
124.919039,33,37,4,2,10,14,10,36,2
124.919133,62,-21,-4,-3,-9,-8,-1,27,2
124.928909,-6,41,4,1,0,-3,-5,-5,2
124.928916,-10,-34,0,2,6,-8,4,-17,2
124.942735,4,-33,4,-3,-22,-4,-3,14,2
124.942757,0,-9,2,2,22,-1,0,-7,2
124.945388,-20,46,2,-2,-9,-3,7,26,2
124.945396,125,-119,-14,3,4,4,-1,-46,2
124.966184,-5,83,-8,-7,6,-13,-10,20,2
124.966221,-12,87,4,-2,-21,3,6,4,2
124.968057,41,38,6,1,-3,5,-10,-26,2
124.968067,-11,-13,-6,-3,1,-3,-2,-32,2
124.978587,-44,7,9,3,11,0,2,12,2
124.978602,-18,-47,-5,-1,2,-7,-4,-11,2
124.987843,44,115,17,0,-3,4,-3,-12,2
124.987848,-53,-18,-6,-3,-8,-25,-7,-13,2
125.002882,58,-35,-9,3,45,30,23,33,2
125.002932,-10,47,-6,-4,-3,-9,-17,28,2
125.005498,65,38,-3,-2,-8,3,0,-76,2
125.005505,-43,127,10,2,-35,-9,-2,21,2
125.026546,-45,-77,-11,-4,37,5,-3,36,2
125.026554,-10,-28,-4,0,-7,-11,-5,-15,2
125.026557,-7,79,-1,2,17,-4,1,11,2
125.026558,7,-77,-2,0,8,14,3,42,2
125.041496,6,75,5,-2,-40,3,-2,-20,2
125.041503,6,53,-2,-1,6,-3,4,13,2
125.046132,-32,-72,-8,-4,-12,-7,-7,5,2
125.046157,43,-16,8,1,19,8,9,17,2
125.062461,-29,20,4,-1,-12,-3,-14,-58,2
125.062483,-8,6,-6,-4,4,-4,2,5,2
125.063903,9,-6,1,2,-2,2,-2,-2,2
125.063917,5,67,-5,-2,3,8,0,-1,2
125.093000,28,-32,4,-1,-4,-57,-5,2,2
125.093025,-20,-12,2,1,-14,1,2,2,2
125.095097,-42,-63,-7,-2,5,2,3,-16,2
125.095101,3,46,2,-2,4,-14,-6,89,2
125.099441,112,21,8,2,-23,2,-2,-8,2
125.099469,54,37,10,3,41,-5,-14,29,2
125.107527,-105,-128,-34,-13,-17,5,34,43,2
125.107549,51,52,-1,2,-1,7,-10,-62,2
125.122602,56,28,0,-1,-9,7,2,10,2
125.122625,-18,33,-3,-2,-19,-3,-6,-27,2
125.124766,33,-56,9,6,10,3,-5,19,2
125.124770,-12,71,2,-3,-6,-7,7,39,2
125.145608,-39,-104,-12,-2,-1,3,0,-14,2
125.145639,18,60,3,0,-5,-7,1,6,2
125.147592,-22,32,3,-1,9,-3,-13,-15,2
125.147597,70,-37,-9,-5,-2,-1,4,8,2
125.159283,-52,89,10,3,2,6,5,13,2
125.159323,-40,42,9,2,5,14,0,-37,2
125.168292,95,-83,-16,-5,-4,4,-9,33,2
125.168298,-8,18,6,1,4,-3,8,15,2
125.182544,100,69,3,-2,-6,1,-3,7,2
125.182571,-70,-71,-3,-1,1,0,0,-29,2
125.184146,-5,16,10,-1,-32,-7,2,33,2
125.184173,-35,4,-5,-1,31,2,-4,-62,2
125.205128,-59,40,9,1,-2,2,-1,-50,2
125.205150,-19,-83,-14,-4,-7,-1,0,47,2
125.206917,61,106,0,-1,8,-7,0,-19,2
125.206923,-114,-128,-9,-6,-25,-3,-20,-40,2
125.219194,97,-70,-12,-4,10,3,14,38,2
125.219248,-16,15,1,2,-6,0,-3,-32,2
125.227878,14,37,9,4,14,-1,2,9,2
125.227884,-7,19,-4,-2,-2,-3,4,1,2
125.242384,-80,57,-5,-1,-2,-2,-12,-29,2
125.242397,39,15,1,-2,-6,-5,4,17,2
125.243905,52,25,0,-3,-11,-8,-6,-17,2
125.243920,-48,113,6,2,26,12,5,-56,2
125.265056,58,-128,-16,-6,-14,-5,-3,63,2
125.266974,13,103,5,0,1,3,-7,-48,2
125.266984,-105,-118,-13,-2,25,-2,5,-10,2
125.266987,37,-38,-3,2,-23,-1,1,-1,2
125.278766,31,72,2,0,7,0,-2,-30,2
125.278783,15,-27,3,3,9,0,-2,-5,2
125.288310,98,85,5,-2,-9,-7,-12,23,2
125.288316,-18,-64,2,1,-21,-4,-1,-34,2
125.303582,-6,7,-1,-2,11,15,-1,36,2
125.303586,-32,-51,-11,-6,-17,29,5,-1,2
125.304434,-26,13,2,2,9,41,-9,-45,2
125.304447,27,-52,6,2,14,-3,15,55,2
127.327414,5,-10,-9,-1,0,-1,0,1,0
127.327606,2,13,7,0,0,0,-3,-11,0
127.328913,-3,40,-6,-3,-2,-1,-1,-3,0
127.328985,-4,-37,-2,-1,-1,-2,-2,-7,0
127.350235,14,5,-3,-2,-1,0,1,-2,0
127.350259,-7,-21,2,-1,-2,-1,0,0,0
127.352057,-18,4,5,1,-1,0,-1,1,0
127.352070,75,15,-6,-2,1,-1,0,9,0
127.363631,-78,-11,-5,0,0,-2,-1,-7,0
127.363653,-66,-4,0,-3,3,-1,-5,-10,0
127.373162,10,-1,-7,0,-1,0,-2,-6,0
127.373166,-3,-21,9,2,-1,-1,0,4,0
127.388593,30,12,9,0,0,-1,-2,-6,0
127.388604,9,7,0,0,1,-1,-1,-3,0
127.389001,8,18,-4,-4,-2,0,1,1,0
127.389013,-17,2,-3,0,-2,-1,-2,-4,0
127.419413,10,-1,-3,-2,0,0,-1,6,0
127.419418,10,0,-4,-1,-2,0,1,17,0
127.419421,8,9,-1,-4,1,-2,-4,-11,0
127.419422,-12,-10,4,-1,-1,-2,-1,-9,0
127.435090,-6,-1,-1,0,-2,-3,-1,-15,0
127.435097,20,14,-3,-1,-2,-2,0,21,0
127.435100,-1,-18,-1,1,1,-2,-1,7,0
127.435102,-12,-2,-3,-3,0,0,-2,0,0
127.447447,9,1,-5,-3,-1,-1,0,4,0
127.447470,7,5,0,0,0,-2,-3,-10,0
127.450990,5,14,8,0,-1,0,1,11,0
127.451002,-23,-18,-7,-2,-1,-1,-4,-12,0
127.470185,13,-18,-1,0,-2,-1,0,-2,0
127.470202,-2,7,0,-2,-2,-1,-1,-4,0
127.471995,9,1,-14,-3,0,-1,1,-1,0
127.472002,9,29,14,0,-1,0,-1,6,0
127.492433,-25,20,18,3,0,0,-2,-4,0
127.492449,12,-15,-2,0,0,-2,-1,-20,0
127.493961,-7,-8,-3,0,-2,-1,3,17,0
127.493973,3,17,-9,-2,-1,-2,0,1,0
127.507543,5,-24,-7,-2,0,-1,0,9,0
127.507559,-10,-3,0,-1,-3,-1,-3,-19,0
127.509958,11,8,3,0,-2,-2,-2,-4,0
127.509975,-16,-20,-7,1,-3,-1,0,1,0
127.529969,19,16,-1,-1,-1,-2,0,-9,0
127.529986,-8,-4,-5,0,0,-1,0,9,0
127.532027,-3,-15,4,-2,0,-1,-2,-8,0
127.532044,12,16,1,-3,-1,0,-1,1,0
127.552717,-12,-4,-6,-1,1,-1,-1,2,0
127.552740,19,-16,-2,0,-1,0,0,3,0
127.554269,5,22,3,-4,-1,0,0,3,0
127.554276,-15,3,0,-2,-1,-2,-1,3,0
127.566761,10,-23,-7,-1,-1,-2,-1,-8,0
127.566779,-8,18,0,-2,-2,-2,-1,12,0
127.573606,12,-9,8,3,0,0,0,-14,0
127.573628,-69,-12,-3,-2,-2,-3,-6,4,0
127.589957,3,-3,-5,-2,-1,-1,-2,-2,0
127.589972,2,-2,-4,-1,-1,-1,-1,-4,0
127.591642,-16,7,-1,-1,-1,-2,0,10,0
127.591724,32,1,-3,-2,0,-2,2,-1,0
127.612611,-6,0,2,0,-1,-1,-3,-3,0
127.612640,-14,-6,1,-2,-1,1,0,-2,0
127.614657,23,6,5,0,-1,1,-1,3,0
127.614669,-21,-22,-11,-1,-1,0,1,18,0
127.627039,0,24,2,-2,-2,-2,-2,-15,0
127.627062,-1,-11,1,1,1,-1,0,3,0
127.635718,-9,-7,-5,-3,-1,-2,-1,-4,0
127.635730,14,-1,-3,-2,-2,1,-1,-1,0
127.652180,-7,13,2,-1,0,0,1,10,0
127.652188,1,9,0,1,0,0,0,-8,0
127.652190,8,-39,-8,-1,-1,-2,-2,22,0
127.652192,-37,9,6,1,0,-2,-4,-49,0
127.672610,15,-16,-11,-3,-1,-2,-1,8,0
127.672627,-12,-5,15,2,0,1,-4,-8,0
127.675322,6,19,-4,-2,0,-2,0,-1,0
127.675326,19,18,-6,0,-1,-1,1,3,0
127.686640,-12,-34,-2,-1,-1,-1,2,-2,0
127.686656,9,26,-3,-3,-1,-2,0,2,0
127.696947,-14,-12,1,1,-2,-2,-3,-8,0
127.696951,39,12,5,-1,0,0,0,4,0
127.710208,-62,14,-7,0,-3,-1,-3,-7,0
127.710224,6,-70,-5,-2,-1,-2,-2,5,0
127.712694,-4,9,-4,-2,0,-1,-3,-7,0
127.712699,-1,-8,-1,-1,-1,-1,-1,-7,0
127.732928,21,40,3,-1,-3,-2,-3,11,0
127.732950,21,3,-1,0,-1,-1,1,3,0
127.734182,-57,-31,-12,-1,-1,-1,-3,-2,0
127.734200,11,-6,-3,-3,-2,-3,-4,-1,0
127.746859,28,25,3,1,0,-1,-1,-3,0
127.746879,-77,-28,8,3,-1,-1,-2,-9,0
127.753717,40,30,2,-1,-3,-2,1,6,0
127.753735,-13,-29,1,-1,0,-1,-1,-1,0
127.770310,1,-14,-14,-3,-2,0,-1,3,0
127.770327,29,16,2,1,0,1,0,5,0
127.771844,0,-40,-7,-1,-1,-1,1,-15,0
127.771849,-25,40,10,3,1,0,-1,6,0
127.792997,8,-12,2,1,0,1,-1,-9,0
127.793025,5,34,-6,-2,-1,-1,-1,-1,0
127.794303,-6,-23,3,-1,1,0,0,0,0
127.794365,12,-5,-7,-5,-2,-2,-2,-6,0
127.806097,-1,-17,8,2,0,-1,1,3,0
127.806119,-1,3,-7,-4,-2,-1,-2,-1,0
127.817713,8,16,-1,-3,-2,-1,-2,-5,0
127.817724,11,-7,2,1,0,0,1,4,0
127.829998,-9,4,1,1,-2,-3,-4,-5,0
127.830020,-39,-10,-4,-1,0,-1,-1,-5,0
127.831854,5,26,3,-1,0,1,-2,-2,0
127.831913,28,-15,-6,-1,0,1,1,6,0
127.852944,-43,-7,1,-1,0,-1,0,30,0
127.852996,12,-7,3,0,-2,-2,-5,-45,0
127.854022,-11,-37,-8,-1,-1,-2,1,4,0
127.854038,-6,14,-3,0,-1,0,-2,-2,0
127.867562,16,-3,3,1,-1,1,1,5,0
127.867585,26,23,-9,-3,-2,-2,-2,10,0
127.873937,-23,-3,10,2,0,1,-3,1,0
127.873959,7,13,5,0,0,-1,2,-1,0
127.890021,12,-10,-7,-3,-2,-2,1,-10,0
127.890045,-21,-16,-2,-3,-1,0,-2,0,0
127.892605,16,23,-9,-1,0,-2,1,-7,0
127.892612,-1,-26,-7,-1,0,-1,1,11,0
127.912544,2,-1,-3,-2,-1,-1,-2,-16,0
127.912566,-1,3,1,0,0,0,1,5,0
127.915511,-2,7,3,0,0,-2,-1,6,0
127.915526,5,12,1,-1,-1,0,-1,-2,0
127.926825,30,1,-3,-1,1,-2,0,-4,0
127.926859,-17,-17,-2,-2,-2,-1,-2,0,0
127.935459,13,9,1,-3,-1,-1,-1,-9,0
127.937173,-3,-2,-1,1,-3,-1,-2,-4,0
127.950224,21,2,-2,-2,-2,0,-2,-11,0
127.950245,15,-5,2,1,-1,-2,1,24,0
127.951984,-11,3,-3,-1,-2,-1,-3,-26,0
127.951992,-9,0,0,-1,-1,-2,-1,-4,0
127.972571,4,6,6,0,0,-2,-2,7,0
127.972593,-15,11,-2,0,0,1,-1,-5,0
127.975039,-7,-11,-5,-3,-4,0,-2,6,0
127.975054,6,-27,-8,0,-2,0,-3,1,0
127.986554,-16,6,4,-2,-2,-2,0,-10,0
127.986578,9,-2,0,-1,-1,-4,0,4,0
127.995621,7,-7,0,-1,2,-1,1,5,0
127.995625,-12,-18,-14,2,-1,-1,0,-6,0
128.009924,2,34,19,0,1,0,-1,3,0
128.009944,-4,2,-7,1,-1,-1,0,-4,0
128.011445,-7,25,-3,-2,-1,0,0,1,0
128.011460,-5,-86,-22,-5,0,-1,1,-3,0
128.032905,-2,18,0,-1,-3,-1,-3,-3,0
128.032929,16,44,21,3,0,2,3,1,0
128.034162,-5,-5,-7,-3,-1,0,-1,20,0
128.034233,-3,25,9,1,-1,-1,-2,-9,0
128.046428,-5,-37,-21,-2,-2,-1,-3,-7,0
128.046451,10,-15,-4,-3,-1,-2,2,14,0
128.055600,1,4,6,1,-2,-1,-1,-21,0
128.055604,7,18,0,-3,-1,-1,-3,-9,0
128.071108,19,-18,-2,-1,2,1,0,9,0
128.071118,-18,22,2,-1,-2,-1,-2,3,0
128.071605,2,-8,0,-1,0,0,0,-1,0
128.071620,-2,6,6,0,0,-2,0,4,0
128.092943,-16,-10,-4,0,-1,-2,-1,-10,0
128.092968,21,-7,-2,-2,0,-2,-1,-2,0
128.095121,-7,-3,-1,2,-2,-2,-2,-2,0
128.095125,5,23,-3,-3,0,-2,-3,-4,0
128.106269,-1,-14,3,1,0,0,-1,7,0
128.106285,1,14,-2,-3,-2,-1,-2,-4,0
128.117027,6,46,13,3,0,0,-2,-3,0
128.117033,-17,-36,2,-1,0,-1,0,5,0
128.130300,-11,13,3,1,1,0,0,2,0
128.130333,-8,-15,-12,-2,-4,-2,-3,-9,0
128.133199,-1,-29,-6,-2,1,-2,-1,-4,0
128.133214,0,34,1,-2,-2,0,0,4,0
128.152633,-7,-33,-8,-3,-1,0,-2,-5,0
128.152650,-1,-7,2,0,1,0,1,-5,0
128.153989,31,8,-2,-1,-1,-2,0,9,0
128.154006,-6,8,5,0,0,-1,0,22,0
128.166316,-27,-5,-5,-3,0,-2,-3,-18,0
128.166342,5,-5,-5,-1,-1,-2,-6,-29,0
128.176773,-6,-16,-2,-2,-2,-1,0,2,0
128.176779,33,16,5,0,-1,-1,-1,2,0
128.189966,-25,11,2,1,-1,0,0,5,0
128.189983,1,-17,-4,-1,-1,0,0,12,0
128.191527,8,11,-4,0,-1,1,-2,-10,0
128.191560,-26,12,10,0,-2,-2,-4,-12,0
128.212533,8,-32,-1,-2,-2,0,0,5,0
128.212692,6,-5,-3,1,0,-3,-1,-3,0
128.214321,-15,-16,-5,-2,-2,-1,0,-4,0
128.215911,8,10,-6,0,-3,1,1,5,0
128.226016,22,20,0,-4,-2,-4,-2,-13,0
128.226025,-29,-21,-7,-2,0,-2,-2,10,0
128.236649,8,10,3,-1,-1,-1,-1,4,0
128.236655,6,-5,1,0,0,0,-1,-4,0
128.250518,-20,-4,-5,-2,-1,0,1,0,0
128.250543,11,4,-1,0,-1,-1,-1,-3,0
128.253040,-10,-3,3,0,1,-1,0,3,0
128.253054,-10,3,-4,-1,1,-1,-1,-4,0
128.272539,47,25,-2,-1,-2,-3,-1,1,0
128.272558,-18,-50,-1,-1,0,0,1,0,0
128.274318,-14,19,10,2,-1,0,-1,-3,0
128.274428,6,-8,-5,-1,-3,-2,2,-2,0
128.288745,-11,6,-3,0,-1,-1,-2,3,0
128.288752,13,14,1,0,0,-1,1,0,0
128.297210,1,-6,-6,-3,-1,-1,-1,1,0
128.297216,-11,-11,-2,2,-1,-1,-1,6,0
128.309568,11,26,14,4,1,-1,-3,-33,0
128.310613,4,8,-5,-3,-2,-2,-2,-17,0
128.316168,-24,-4,-1,-2,1,-3,0,4,0
128.316185,14,-15,-2,0,0,-2,-3,-8,0
128.332754,-9,-2,2,-1,-2,-3,0,7,0
128.332781,8,3,0,-1,-1,0,-2,5,0
128.334304,4,11,-1,-2,0,0,0,-6,0
128.334372,-7,-19,-4,-3,0,-1,0,0,0
128.354990,-7,-19,-6,0,-2,0,-2,10,0
128.355007,1,-5,0,-2,-2,-2,-1,-4,0
128.356828,7,31,-7,-1,-2,-2,-2,2,0
128.356833,-5,3,17,1,-1,0,0,6,0
128.370310,-3,-10,-9,-1,1,-1,-1,4,0
128.370338,-2,3,-1,-1,0,1,3,10,0
128.371536,-8,-20,-7,-2,-1,-1,-3,-10,0
128.371553,3,10,-3,-2,-1,0,-1,-6,0
128.392524,-5,-1,-1,-3,0,-1,-1,0,0
128.392555,4,4,0,-1,-1,-1,1,5,0
128.395179,5,-15,-1,1,0,-2,0,4,0
128.395183,-21,5,-7,-3,-2,-2,-2,-8,0
128.415165,1,-12,5,-1,-2,-2,-1,3,0
128.415192,8,17,3,1,0,1,0,3,0
128.416681,19,-48,-4,-2,-1,0,1,-2,0
128.416697,-60,5,-4,-1,0,0,-3,-6,0
128.431750,12,-8,-11,-2,-1,-1,-2,3,0
128.431761,2,19,-3,-3,-1,-1,-1,-3,0
128.431763,-11,9,6,3,2,0,0,-2,0
128.431765,29,-1,-11,-3,-1,-1,-1,3,0
128.452731,-3,0,8,-1,-1,-2,1,-1,0
128.452762,-12,-10,1,-2,1,-1,-3,17,0
128.454556,14,0,0,0,-2,-1,-1,-14,0
128.454561,3,8,0,-1,-1,-2,-1,-3,0
128.475491,-7,3,-1,1,0,-1,0,-2,0
128.475519,8,-7,0,-2,-2,-2,-1,5,0
128.478160,-11,3,-4,-2,-1,-2,-3,3,0
128.478165,2,0,4,0,-2,-2,0,-2,0
128.489424,15,1,-1,1,-2,0,-4,6,0
128.489445,2,4,1,0,-1,0,-1,-13,0
128.496079,-28,-11,-8,-3,-2,0,0,2,0
128.496101,8,4,4,1,0,-2,-2,-2,0
128.512404,1,-4,-5,-3,-1,-2,1,5,0
128.512426,-4,6,2,0,0,-1,0,-8,0
128.513904,19,-7,3,2,-1,0,1,5,0
128.513940,-10,-1,-1,-2,-1,-2,-3,2,0
128.535284,-8,-1,-7,-3,-1,-2,-3,-7,0
128.535320,4,0,-5,-2,-2,-1,-2,-3,0
128.537564,3,4,0,2,2,-1,0,1,0
128.537570,5,11,-1,-3,0,0,0,-2,0
128.550108,-8,-26,-2,-1,-2,0,2,4,0
128.550133,-14,-7,-4,-3,-2,-2,-3,-4,0
128.556134,23,5,19,3,0,-1,-1,5,0
128.556157,2,4,-5,-2,-2,-1,1,-4,0
128.572422,-9,-6,-1,0,-1,-3,-2,-4,0
128.572430,12,-3,-5,-1,0,-1,1,3,0
128.573883,-30,-3,-7,-4,-1,-1,0,-4,0
128.573941,21,5,2,0,0,0,-1,-1,0
128.595262,-32,5,-3,-3,0,0,-1,-2,0
128.595290,-4,-5,0,0,-1,-2,-1,-2,0
128.597136,-1,5,-3,-3,-2,0,-2,0,0
128.597140,-6,-3,0,-1,0,-1,-1,-3,0
128.609820,25,-9,-2,1,-1,-2,-2,4,0
128.609848,0,10,2,-1,0,0,0,-2,0
128.616264,-8,4,2,-3,0,-2,-1,-2,0
128.616290,4,-12,-3,-2,-2,0,1,1,0
128.632925,0,1,3,-1,-2,-2,0,0,0
128.633014,-14,-14,-3,-1,0,-1,-1,-5,0
128.635236,4,15,1,2,0,0,0,21,0
128.635250,-9,-16,-4,-3,-1,-1,-3,-37,0
128.654963,3,4,3,3,0,-2,0,-1,0
128.654984,-4,-3,-4,-1,-1,-2,0,-1,0
128.656580,-1,-1,-6,-2,1,-1,-1,0,0
128.656595,-2,4,1,-1,-2,-1,-2,5,0
128.669591,-1,14,3,-2,2,1,2,-2,0
128.669627,-7,-14,-5,-1,-2,-3,-5,-8,0
128.676252,17,4,5,-1,-2,-1,-2,-6,0
128.676271,-27,-5,-3,-1,-1,-2,-1,4,0
128.692978,-4,-4,-7,-2,-2,0,-2,-7,0
128.693002,4,6,8,1,1,0,0,8,0
128.695043,12,5,-2,-2,-2,0,-1,-12,0
128.695053,-10,2,-1,-1,-1,-2,-1,13,0
128.715300,3,-2,2,-1,-1,0,-2,2,0
128.715325,-3,16,-1,-1,0,0,-1,-2,0
128.716676,-11,-32,-4,-1,-3,-2,-2,-6,0
128.716704,24,5,-6,-2,0,-1,0,1,0
128.729247,-7,-10,8,2,-1,-1,-3,-1,0
128.729269,2,5,4,0,0,-2,-1,-2,0
128.736317,4,4,-8,-2,-2,-3,0,-3,0
128.736335,1,3,-4,-2,-1,-1,-1,4,0
128.752916,-4,2,5,2,1,-1,-1,-2,0
128.752949,14,-3,-7,-1,-2,-1,-1,-2,0
128.754368,-26,-4,2,0,0,0,1,0,0
128.754376,2,0,1,0,-2,-2,-1,1,0
128.774983,-23,5,-6,-2,-1,0,-2,-1,0
128.775000,9,-19,-2,-1,-2,0,0,3,0
128.776539,-6,10,-1,-1,1,-2,-1,-1,0
128.776554,3,-1,0,-1,0,-3,-1,-1,0
128.789838,7,7,0,-2,-2,0,0,1,0
128.789844,-6,3,0,-1,-2,-3,0,0,0
128.796077,-6,-15,-1,-1,0,0,-1,-2,0
128.796099,4,-13,1,0,-1,0,0,-2,0
128.812565,10,19,1,-2,-1,-2,1,15,0
128.812594,-4,-3,-5,0,0,0,-3,-35,0
128.815740,1,14,-3,-3,-1,-3,-4,-1,0
128.815753,-8,-17,6,0,-1,-2,-2,-2,0
128.836086,14,-9,-2,-1,-2,-1,0,-2,0
128.836099,-23,2,-2,-1,-1,-1,-3,0,0
128.836673,-4,1,-5,-3,-3,-1,-2,4,0
128.836724,15,-2,0,0,1,1,1,4,0
128.858165,-17,-1,0,-4,0,-3,-2,-8,0
128.858282,31,3,4,2,0,-1,-1,6,0
128.859889,-6,-1,-4,-1,-2,-1,-2,0,0
128.859893,-9,-20,-1,-3,0,0,-2,5,0
128.872490,3,1,-2,-1,0,-1,-1,-4,0
128.872507,-9,-4,0,-1,0,0,0,0,0
128.874014,-1,-2,-3,1,0,-1,0,-3,0
128.874030,9,1,-8,-2,-1,-2,-2,-1,0
128.894961,-14,10,5,-1,-1,-1,-1,0,0
128.894983,-11,-2,1,-3,0,-1,0,0,0
128.896542,5,-3,-2,-1,-1,-2,0,2,0
128.896557,-4,7,-2,-1,-2,-2,0,-2,0
128.910734,8,-7,-2,0,0,-1,-2,-6,0
128.910755,-3,-2,-4,-2,1,-1,-1,4,0
128.918047,-1,-3,-1,0,-2,0,0,-2,0
128.918077,1,6,1,1,-2,-2,-1,-1,0
128.932549,1,0,-1,-3,-3,0,-1,-2,0
128.932575,-3,20,-3,-1,-3,-1,1,4,0
128.933991,4,-32,0,0,0,0,0,-3,0
128.934014,-7,0,4,1,0,-1,0,-4,0
128.955022,1,-1,-5,0,-1,-2,0,1,0
128.955041,-3,-12,-6,-3,-2,0,-1,-1,0
128.956553,1,15,-1,1,-1,-1,-3,1,0
128.956569,-2,7,1,-3,-2,-2,-1,-3,0
128.968666,3,9,6,0,0,0,0,2,0
128.968685,4,1,3,0,0,-3,-1,-2,0
128.977713,-17,-4,-3,-1,0,0,-1,-3,0
128.977720,3,-2,-1,1,0,-1,-1,17,0
128.993552,6,-5,-10,-2,-2,-1,-3,-8,0
128.993558,2,-7,0,0,-2,-2,0,-5,0
128.993984,-12,-5,2,-1,-2,-2,-1,1,0
128.993991,-18,5,2,-1,0,0,1,-6,0
129.015663,8,-5,-4,-1,-2,-1,-1,17,0
129.015694,-14,-4,-5,-1,-2,-1,-1,-3,0
129.017763,3,4,-1,-1,-1,-1,-1,-4,0
129.017767,4,4,0,0,0,-1,0,-1,0
129.028605,-3,3,-1,-1,-1,-1,-2,-5,0
129.028628,1,6,0,-1,-2,0,-2,2,0
129.039181,-3,-27,-2,0,-2,-2,-2,-1,0
129.039186,1,2,-1,0,-1,-2,0,-6,0
129.052727,-6,-19,-4,0,-1,-1,-2,-1,0
129.052779,1,29,5,-3,-1,0,1,6,0
129.055477,9,11,-2,-3,0,-1,0,-2,0
129.055487,2,-8,-5,-1,-2,0,-1,-4,0
129.075056,-3,-3,1,-2,-1,-3,0,0,0
129.075088,0,-3,5,1,-1,-1,-1,4,0
129.076523,-3,4,-4,-1,0,0,-3,-6,0
129.076540,3,-3,0,-3,-1,-2,-1,-4,0
129.088617,-4,0,-4,0,-1,0,1,-3,0
129.088634,-1,-14,-7,-4,-1,-2,-3,1,0
129.097754,2,8,3,-2,-1,-1,0,3,0
129.097759,0,-2,0,1,-2,0,-2,-7,0
129.112410,-1,1,-1,-1,-2,-1,1,-2,0
129.112431,0,-9,2,-1,-2,-2,-2,12,0
129.113981,4,-4,-7,-1,1,0,0,-5,0
129.114002,-14,7,5,-2,0,-1,-2,-1,0
129.135186,-4,4,-5,-2,-1,-2,-1,-6,0
129.135206,3,7,-2,0,-1,1,2,4,0
129.136783,6,-22,2,-1,-1,0,0,4,0
129.136822,5,3,-10,-2,0,-2,0,-1,0
129.150914,-5,4,9,0,0,1,-2,1,0
129.150922,-16,-12,-5,-1,0,-2,-1,-8,0
129.159428,-4,11,2,1,-1,-1,-5,2,0
129.159433,5,-2,-1,-1,-1,0,-1,1,0
129.172590,2,-1,-3,-1,-1,-1,0,-1,0
129.172616,0,-4,-1,-2,-1,-1,-1,-4,0
129.174393,-3,3,-1,-1,-1,-2,0,-6,0
129.174398,-2,0,2,0,-1,1,-1,2,0
129.196508,1,-2,-3,-1,0,-2,-2,0,0
129.196512,-3,-3,-1,-2,-1,0,-2,-7,0
129.196515,0,1,1,2,-1,-2,1,6,0
129.196516,2,0,1,-1,1,-2,-2,-2,0
129.209194,-3,-2,-5,-3,-3,-1,-1,-4,0
129.209224,-1,-9,-2,0,0,-1,0,-5,0
129.218705,3,6,-3,-2,1,-1,-1,-2,0
129.218710,2,-7,2,0,0,-1,-1,7,0
129.232628,-3,5,-3,0,0,-3,-2,-7,0
129.232647,20,12,11,0,0,-2,1,7,0
129.234827,-19,14,-9,0,-1,0,-1,-8,0
129.234840,-12,-35,-7,-4,-2,-1,-1,-5,0
129.254979,5,6,1,-2,-2,-2,-1,2,0
129.254995,-4,9,0,-2,-1,0,-1,-1,0
129.256719,-2,-16,-5,-1,-2,0,0,1,0
129.256724,18,27,1,-1,1,-1,0,-2,0
129.269009,-1,-16,-6,-4,-3,1,1,14,0
129.269044,4,-16,-4,2,-1,-1,-4,-39,0
129.278147,-1,4,2,-2,0,-1,-2,-6,0
129.278156,-11,2,-2,-1,0,-1,-2,-3,0
129.292859,9,1,3,1,0,0,-1,3,0
129.292964,2,8,-4,-2,-1,-2,1,9,0
129.295714,-9,-14,-6,-3,-2,1,0,1,0
129.295721,25,7,-5,0,-1,-1,1,4,0
129.315377,-56,8,3,0,0,-2,-2,-10,0
129.315408,-12,5,-6,-2,-2,-2,0,5,0
129.317487,-2,-39,-1,-2,-1,-2,-2,-1,0
129.317493,7,30,9,1,0,-1,0,9,0
129.337724,11,-20,-5,-2,-1,1,-2,-13,0
129.337746,1,-7,-4,-2,-2,0,0,8,0
129.339029,8,11,0,-3,-1,1,-1,-1,0
129.339088,1,1,-2,-4,-3,-1,-3,-2,0
129.351562,2,-28,-7,-2,-1,-3,-2,2,0
129.351614,-9,3,4,1,-1,1,-2,-6,0
129.362589,4,6,4,1,-1,-2,3,2,0
129.362601,-4,-4,-1,2,-1,-1,-2,0,0
129.375602,11,21,4,1,-1,0,-3,-8,0
129.375631,-4,-19,-8,-3,-1,-1,-1,5,0
129.377960,-2,17,4,1,-1,0,0,1,0
129.377965,-6,-3,1,0,-1,0,-1,-7,0
129.397529,33,2,-5,-1,0,1,0,4,0
129.397548,-16,-19,-4,-1,-1,-2,-3,-1,0
129.399308,8,17,1,-2,-2,-1,0,4,0
129.399343,-23,-13,0,-2,-2,-1,-1,6,0
129.411855,24,0,-2,0,-1,-1,0,2,0
129.411870,20,2,1,1,-1,0,0,1,0
129.418711,-8,8,0,-2,-1,-3,-3,-4,0
129.418729,0,-19,-1,0,0,-1,1,8,0
129.435458,12,11,0,-3,0,-1,-1,-3,0
129.437369,-53,-21,-3,-3,-1,-2,-2,-5,0
129.437381,-6,1,1,-1,-1,-1,-1,0,0
129.437384,0,-2,-6,-4,0,-2,-3,-9,0
129.457741,-10,17,7,1,-1,-2,0,-2,0
129.457748,14,6,8,3,2,-2,0,2,0
129.458965,16,2,-1,1,0,0,-1,-1,0
129.458976,-29,-4,-3,-3,0,-2,0,-4,0
129.475086,7,-21,-5,-2,-2,-1,-1,-3,0
129.475092,-11,12,-3,-2,-2,-1,-2,7,0
129.479300,-4,-1,5,0,0,-1,-1,-2,0
129.479325,4,-1,-1,0,0,0,-1,-5,0
129.494916,-14,-1,-5,-3,-1,-2,-1,1,0
129.494932,11,-4,-2,-2,-1,-1,0,-1,0
129.496356,-11,-15,-1,0,-1,-1,-1,-1,0
129.496370,9,7,-3,-1,-2,-1,-2,-3,0
129.517531,-3,2,6,1,-1,-1,0,-1,0
129.517554,13,12,-4,-1,-3,-1,-1,-1,0
129.519522,4,-9,-5,-1,-3,0,-1,-2,0
129.519569,1,-17,0,0,-1,-1,-1,1,0
129.532098,0,13,2,-1,-2,-1,0,0,0
129.532127,7,8,2,-2,2,-2,0,-2,0
129.538925,2,-5,-13,-4,-2,-1,-2,0,0
129.538942,-11,1,13,4,-1,0,-1,-5,0
129.555087,-10,2,-1,0,1,0,-1,4,0
129.555104,-8,-6,-1,1,-1,3,-1,-1,0
129.556499,3,3,2,-2,1,-2,-2,-3,0
129.556515,1,-1,-6,-3,-1,-1,-1,-2,0
129.577451,-13,-11,-7,-2,0,-1,1,2,0
129.577475,3,-3,-1,0,-3,-1,0,14,0
129.578970,1,-2,1,0,-1,0,-1,-6,0
129.579006,6,2,-5,-2,-2,-1,0,4,0
129.592186,-4,7,-4,-1,-1,-1,-2,-7,0
129.592214,0,-9,6,1,1,1,1,5,0
129.598806,2,1,1,1,0,-1,0,3,0
129.598825,-10,2,1,-1,-1,-1,-2,-8,0
129.615157,1,-14,-5,-1,-2,-2,0,8,0
129.615183,7,18,-2,0,-1,0,0,-7,0
129.616637,-9,16,3,0,0,0,1,2,0
129.616657,2,-21,-2,-1,-2,-2,-2,-7,0
129.637933,1,-2,-3,-2,-1,-1,-2,-3,0
129.637951,-8,-2,-5,1,-1,-1,0,-6,0
129.639740,3,0,5,-1,-1,0,-1,-3,0
129.639752,6,11,-3,-2,-2,-3,-1,5,0
129.652118,-6,-5,0,0,-1,-1,-1,-2,0
129.652136,-1,-8,1,-2,-1,-1,-2,-6,0
129.658830,3,8,1,0,-2,-1,0,4,0
129.658855,-3,6,2,-1,-1,0,0,-1,0
129.675245,-5,-4,-6,-2,-1,-1,-2,-3,0
129.675260,0,-1,-6,-4,0,-1,-1,-3,0
129.676454,-5,-13,2,1,0,-1,-2,-2,0
129.676471,8,6,-2,-1,0,0,0,-3,0
129.697425,-24,3,0,-2,-2,0,-1,-2,0
129.697447,2,-2,-3,0,-1,1,-2,-1,0
129.699913,11,17,-6,-3,-1,0,-2,3,0
129.699923,-29,-16,0,4,-2,-3,0,-4,0
129.711912,10,-24,5,-1,0,0,-3,-2,0
129.711928,-2,2,2,-1,-2,-1,-1,-2,0
129.720161,-2,-7,-4,-3,-1,-1,-2,-3,0
129.720167,10,7,-3,-4,0,-1,1,5,0
129.735473,0,9,-1,2,-1,-2,-1,4,0
129.735480,-3,-8,-4,0,-1,-1,-2,-1,0
129.736675,2,-7,0,-1,1,-2,-1,-2,0
129.736691,2,7,-2,0,-2,0,-1,1,0
129.757498,-4,-1,0,-2,0,-2,1,-3,0
129.757521,3,-3,0,1,1,0,-1,-2,0
129.759306,24,-6,-2,-1,0,0,0,8,0
129.759396,-51,-8,-2,-2,0,-1,-2,0,0
129.771158,-4,19,10,0,1,0,-2,-11,0
129.771174,1,-4,-3,-1,-2,-2,1,-3,0
129.782535,3,-2,-2,-2,-1,-1,0,-1,0
129.782548,15,-5,-2,-1,0,-1,0,0,0
129.795234,0,-4,-6,-1,-2,-1,0,2,0
129.795269,3,1,-4,-1,0,-1,-2,0,0
129.796718,-18,6,-3,1,0,-2,-2,-3,0
129.796732,7,-17,-2,0,0,-2,0,16,0
129.817873,2,8,-5,-1,-1,0,-3,-28,0
129.817913,2,-11,2,-2,-1,-2,-2,0,0
129.819630,-7,-5,-3,-2,-3,-1,-2,-2,0
129.819636,4,7,1,-1,-2,-1,-1,2,0
129.839238,3,6,-2,-1,-2,-1,0,7,0
129.839257,-3,-2,4,0,0,0,-2,-2,0
129.840335,-4,-4,-2,-2,-2,0,-1,-5,0
