timestamp,emg1,emg2,emg3,emg4,emg5,emg6,emg7,emg8,label
2.007274,62,-5,-4,-5,-7,-1,12,-27,2
2.007792,-8,9,3,0,-7,-13,-7,4,2
2.009461,-34,-1,0,0,4,26,-3,2,2
2.009466,14,18,-3,-2,-6,-39,0,8,2
2.029483,10,-8,-8,-4,-6,0,-7,4,2
2.029498,7,-1,-1,-2,4,-8,15,8,2
2.030930,39,-8,0,-2,2,6,-4,-2,2
2.030943,-4,28,2,0,-2,10,-4,1,2
2.043213,-26,-29,-3,-6,-1,-3,-2,-10,2
2.043238,-91,-18,0,-2,4,5,-1,19,2
2.053634,17,-32,3,1,-2,-14,2,-2,2
2.053638,-21,44,-4,-1,12,23,-11,-11,2
2.067484,29,-15,-3,-6,-7,-26,-4,7,2
2.067511,-12,-14,-4,-1,0,7,1,-4,2
2.068938,17,25,4,2,-3,1,11,30,2
2.068941,-15,-29,0,-1,0,-2,4,-34,2
2.091031,-20,19,3,0,5,5,12,12,2
2.091040,0,20,-7,-5,-26,-13,-13,10,2
2.091400,-62,-9,-8,-2,-3,1,-5,-6,2
2.091406,16,-16,-12,-8,-4,0,-6,-1,2
2.103173,27,9,-3,2,-1,6,0,1,2
2.103193,21,-6,4,2,5,-8,7,-18,2
2.112125,18,24,5,-4,3,-1,-5,33,2
2.112145,-25,-14,-4,0,-5,1,-5,-13,2
2.127184,17,3,3,0,-1,5,1,1,2
2.127200,-70,11,6,2,7,19,-1,-5,2
2.128749,16,-13,-12,-6,-9,-31,-5,19,2
2.128753,-14,-12,2,3,1,7,-4,-35,2
2.150101,14,10,1,-2,-8,-12,15,13,2
2.150136,30,-21,4,-2,9,-8,-13,1,2
2.152469,15,29,1,2,-13,14,-2,6,2
2.152473,-62,-15,7,1,-5,-7,14,16,2
2.172050,-53,28,-15,-6,0,-11,-12,-22,2
2.172063,31,-19,-5,-1,-1,16,-10,-6,2
2.175247,-39,-11,-1,-1,3,0,1,-16,2
2.175253,70,13,7,1,3,-6,3,38,2
2.186567,-13,-1,8,5,1,10,0,-7,2
2.186579,11,-45,-9,-2,0,-9,-3,5,2
2.193223,-60,9,-6,-5,6,17,-6,-7,2
2.193240,39,-18,2,0,-7,-30,-3,5,2
2.209735,13,-6,0,0,2,7,-4,13,2
2.209765,56,18,4,0,0,-7,5,2,2
2.212619,44,-12,-8,-4,0,-13,0,-38,2
2.212626,-55,-19,-12,-4,2,2,-19,-2,2
2.232295,27,-6,3,2,-2,-3,2,-8,2
2.232313,-2,3,-3,0,2,-6,0,0,2
2.233489,-12,42,7,2,3,4,8,-10,2
2.233568,-16,7,-1,-1,14,5,2,-2,2
2.247080,19,-17,-5,-5,-20,-5,-4,-7,2
2.247101,-40,15,0,-3,-2,0,6,-3,2
2.248442,47,10,6,6,-3,-3,-3,20,2
2.248454,51,-11,0,-3,13,13,8,-19,2
2.269548,-18,-41,-3,1,3,11,-1,14,2
2.269568,-20,29,-12,-5,-7,-22,1,-3,2
2.271366,48,-31,0,3,-2,-1,-2,13,2
2.271377,-18,10,1,0,-8,-2,-2,-2,2
2.292170,15,8,9,2,5,4,0,-5,2
2.292177,-2,8,3,3,1,0,-1,3,2
2.293530,-10,-3,-5,-5,2,-4,-2,20,2
2.293536,17,23,7,4,0,7,-1,-19,2
2.307211,-62,-39,-13,-4,-3,2,-4,-25,2
2.307224,8,2,-9,-2,-2,6,-10,-11,2
2.308505,-20,4,4,1,17,-18,-3,1,2
2.308514,19,13,-1,-3,-16,10,5,8,2
2.329609,12,10,6,2,4,0,1,13,2
2.329624,22,2,2,-2,-1,-4,-5,-5,2
2.332137,3,-36,-5,-1,3,9,-24,-10,2
2.332142,0,51,6,0,-12,-8,2,9,2
2.355199,13,-43,-3,-3,7,-2,-2,0,2
2.355205,-33,-10,-4,1,0,-2,6,9,2
2.355207,38,19,5,3,-3,5,9,6,2
2.355209,-24,-19,-9,-7,-6,-6,-5,-3,2
2.366814,-2,3,1,-3,5,27,-1,-4,2
2.366845,11,-2,3,-1,-5,-45,10,-5,2
2.373551,-3,-11,-2,1,-4,9,-7,11,2
2.373738,-9,-8,-4,-2,-3,-5,-8,-4,2
2.389611,5,-2,1,-1,1,-1,4,7,2
2.389632,-2,29,2,1,3,15,5,-4,2
2.391455,31,-4,-3,-4,2,-6,5,-4,2
2.391477,-54,-12,-3,-1,-7,-4,-2,-2,2
2.412125,-37,5,-5,1,-4,-23,-5,-31,2
2.412145,20,-15,2,1,0,3,-11,1,2
2.413527,6,27,7,1,-5,7,11,-2,2
2.413533,61,5,1,-1,12,2,-7,13,2
2.426489,-10,-2,-4,-1,-3,-20,-9,5,2
2.426510,-36,-12,-6,-6,-12,32,6,0,2
2.433180,13,-1,3,1,9,5,2,-14,2
2.433201,-17,-3,0,2,-2,3,8,11,2
2.449530,-29,22,-1,-2,-4,-8,-4,1,2
2.449546,12,12,4,0,3,0,-4,4,2
2.451073,-13,-7,-4,-2,-7,-3,-2,12,2
2.451093,-15,-29,-1,1,4,8,7,16,2
2.472448,-2,13,-18,-9,-8,-1,-5,-61,2
2.472472,2,-11,-13,-1,-1,-7,-15,-17,2
2.474527,2,3,0,2,-4,2,10,-1,2
2.474533,6,5,2,-2,0,-2,0,0,2
2.486462,37,2,8,0,5,-10,8,23,2
2.486483,-8,-2,3,0,1,3,4,-6,2
2.493202,-35,-4,-6,-2,-6,-9,-8,-14,2
2.493222,2,0,-2,0,3,10,-1,-1,2
2.509602,18,7,2,-1,-9,6,-1,15,2
2.509806,46,18,8,4,8,-2,10,10,2
2.510975,-35,-30,3,1,-1,15,-6,28,2
2.510985,65,-30,-10,-3,-11,-43,-13,6,2
2.532663,-2,-43,-18,-5,1,7,16,-17,2
2.534663,-19,-11,3,2,2,8,7,16,2
2.534667,13,16,4,2,-1,2,-9,1,2
2.534669,-2,26,7,3,5,3,5,-1,2
2.546598,-2,12,4,0,0,0,-7,20,2
2.546614,7,-20,-3,-4,0,-4,-2,-9,2
2.553139,6,5,-1,0,-1,-6,10,-8,2
2.553160,-23,8,-1,1,-2,8,-1,-5,2
2.569827,-2,10,8,2,0,-6,-9,3,2
2.569856,29,27,-1,-2,-2,2,7,19,2
2.571902,-128,-20,-9,-2,-2,-5,-13,-43,2
2.571906,91,-12,3,1,0,0,-3,-12,2
2.591975,-30,-27,-7,-1,-1,7,-3,5,2
2.591997,20,1,5,0,8,-7,-1,-3,2
2.593833,21,-2,-3,-7,-6,-4,-6,9,2
2.593849,-14,-14,4,0,2,10,5,-5,2
2.606504,18,20,6,1,0,1,1,12,2
2.606532,-2,6,2,4,-6,12,6,-4,2
2.613418,20,-44,-10,-7,8,-31,-37,-43,2
2.614928,-7,12,-5,1,-3,2,-2,-2,2
2.630288,-5,29,1,0,2,51,-15,2,2
2.630316,-70,-22,-9,-3,-8,-46,-18,-21,2
2.632981,77,1,2,0,3,10,26,31,2
2.632986,-44,9,-2,-1,1,5,-3,-2,2
2.652060,10,14,1,0,-1,-25,0,-10,2
2.652072,-5,-17,0,-2,-1,16,4,5,2
2.653467,10,20,2,-1,8,0,4,7,2
2.653478,-29,-3,-3,-7,-17,-15,-20,-20,2
2.665668,56,25,7,-2,1,10,8,24,2
2.665680,28,-29,-4,0,-1,-3,-11,-4,2
2.675542,-7,27,-5,-3,-3,-2,12,-2,2
2.675548,28,-37,-10,-3,1,-1,-23,-23,2
2.689641,14,19,1,-1,1,-9,-12,7,2
2.689669,18,-2,4,-1,-2,0,1,4,2
2.691557,-2,-18,2,0,-2,3,3,-3,2
2.691561,-36,27,0,-3,0,2,9,8,2
2.712054,-2,-20,-4,-2,1,13,-2,-51,2
2.712060,6,12,-1,-2,-1,-34,3,8,2
2.713551,32,-15,1,-1,-5,2,-4,-8,2
2.713563,-80,-5,3,2,0,-3,6,8,2
2.727409,50,-15,-6,0,1,7,-12,37,2
2.727420,-31,12,5,-2,-5,-8,8,-1,2
2.734941,-26,-33,-3,-4,-3,4,-5,-4,2
2.734948,18,-3,-3,-3,15,3,4,-8,2
2.749952,20,3,7,-1,-20,-22,-2,20,2
2.750067,9,10,4,2,3,7,-2,-12,2
2.751667,31,10,-2,-2,-14,27,0,4,2
2.751671,37,28,2,2,19,13,8,15,2
2.774610,-36,-2,-9,-4,-4,-12,13,-12,2
2.774622,44,21,2,2,4,3,1,6,2
2.774625,-74,-36,-12,-3,-3,-14,2,-21,2
2.774626,28,-17,-1,-1,-7,1,9,-6,2
2.786003,-17,-13,3,-1,3,0,5,-15,2
2.786024,10,15,-4,-1,-8,7,-6,-2,2
2.796840,26,27,5,0,7,-11,2,1,2
2.796848,-76,-15,1,6,8,27,3,7,2
2.809626,26,12,4,0,-4,-14,3,16,2
2.809647,-48,-21,-9,-3,1,7,-3,3,2
2.811396,-23,17,1,-2,-3,-5,-16,2,2
2.811415,20,8,0,-1,1,-14,-4,-17,2
2.832635,-5,0,-1,-1,-3,3,10,15,2
2.832662,-45,-2,-6,-4,-5,3,-11,-23,2
2.834278,34,8,6,4,7,4,10,14,2
2.834283,4,37,-3,2,-8,21,3,20,2
2.846496,-12,-6,-3,-3,-4,-47,-9,-21,2
2.846533,-42,-28,-6,-6,0,9,12,-10,2
2.856487,-14,-24,-8,4,-2,-12,-14,1,2
2.856495,12,3,3,-4,-8,-1,3,4,2
2.869596,-16,8,-9,-4,0,6,-9,-7,2
2.869601,13,-3,5,-1,1,6,-1,-19,2
2.871110,34,-3,3,5,3,-3,2,-35,2
2.871123,-20,-19,-12,-7,-8,-10,2,-6,2
2.892114,11,25,4,2,7,6,-14,6,2
2.892137,-3,-5,0,-1,-12,4,1,7,2
2.893543,-15,-29,3,1,-8,-25,3,24,2
2.893558,71,23,4,1,-1,18,3,1,2
2.906094,-98,-13,-4,2,5,0,-13,-32,2
2.906115,41,-1,-9,1,3,13,0,12,2
2.916422,-29,7,1,-1,-3,2,0,2,2
2.916428,5,6,7,3,-7,-15,1,8,2
2.932185,18,-23,3,2,10,10,9,-1,2
2.932189,-14,-21,1,-2,-2,-31,-22,-7,2
2.932192,68,49,-5,-6,-2,13,9,17,2
2.932194,-29,-35,-2,1,-4,-13,-14,-19,2
2.952574,-47,1,-4,-2,14,-6,-2,3,2
2.952590,-9,12,3,-1,-14,5,0,-2,2
2.953926,-17,53,-4,-2,1,-2,-1,0,2
2.953929,21,-13,3,-3,0,-12,-1,5,2
2.966136,12,10,-1,-2,-3,10,4,0,2
2.966156,-41,-13,-2,-1,5,-1,-5,3,2
2.975602,-22,-13,0,-5,0,0,-2,-10,2
2.975606,-21,-25,-6,-4,-16,-4,-19,-1,2
2.989961,33,4,0,-5,11,16,4,-3,2
2.989991,31,-3,3,0,2,2,6,-3,2
2.992565,4,12,1,-3,-3,-1,1,16,2
2.992570,-39,-20,-5,-4,-1,-7,10,-20,2
3.012018,6,-22,3,3,-2,-2,-5,12,2
3.012125,28,27,0,-3,1,-14,0,11,2
3.013528,-30,-27,0,2,5,23,8,-9,2
3.013540,6,33,1,4,0,-3,5,20,2
3.025672,-27,6,-8,0,-5,-6,-7,-24,2
3.025694,27,15,4,0,9,4,4,6,2
3.035573,7,-4,0,0,-26,12,-4,-10,2
3.035577,5,19,1,-5,20,28,0,-6,2
3.050266,9,-2,-7,-3,-14,-34,0,25,2
3.050304,-24,-13,-3,2,1,4,-9,-42,2
3.052644,36,-4,-4,1,3,-3,14,-2,2
3.052647,-31,-21,-4,-1,2,-5,1,3,2
3.072088,9,-2,5,-1,-6,12,2,5,2
3.072110,10,11,0,-1,-2,-17,-13,6,2
3.073875,-6,25,1,-5,4,-14,-2,4,2
3.073900,15,2,5,0,-1,5,7,2,2
3.085609,7,-8,-3,-6,5,-6,7,-17,2
3.085622,-98,-26,-15,-2,-6,2,-19,-40,2
3.095853,115,0,7,4,4,1,3,21,2
3.095858,-11,9,-6,-1,-5,-5,-3,-3,2
3.109544,19,5,1,1,-1,0,-4,-8,2
3.109565,-15,14,3,-4,0,8,9,4,2
3.111271,-22,-2,0,-2,1,-4,-11,4,2
3.111302,-2,-26,-6,1,-1,-14,-2,-33,2
3.132238,10,-1,2,-1,-4,-10,-4,15,2
3.132243,39,33,4,0,1,8,8,15,2
3.133594,-60,-43,-11,-4,-7,-8,-13,-41,2
3.133606,-37,17,2,-2,9,0,4,18,2
3.154895,-35,-10,1,1,-10,-12,-5,1,2
3.154916,50,7,0,2,-5,2,-2,5,2
3.156954,-10,-14,-5,-4,7,-3,2,-2,2
3.156964,12,29,4,-2,-11,-2,5,7,2
3.169817,45,-5,8,3,1,32,8,-9,2
3.169839,-68,-16,-17,-4,-5,-60,-46,1,2
3.171978,-13,15,4,3,1,22,11,8,2
3.171981,34,-19,1,-2,-7,-10,-1,5,2
3.192211,28,12,3,3,5,10,12,9,2
3.192233,13,-4,4,9,4,9,11,-11,2
3.193967,-29,-22,-3,-2,-1,-7,-10,10,2
3.193971,-30,17,-4,-4,-1,-3,-9,-23,2
3.214525,-25,10,1,0,-5,-9,-18,8,2
3.214542,30,-20,-3,-4,1,13,16,13,2
3.216119,20,6,-6,-3,-5,-9,-12,-10,2
3.216157,40,1,2,5,3,9,6,14,2
3.229507,6,-2,-5,-2,-3,-5,-5,-14,2
3.229523,-20,-2,4,-1,12,14,8,19,2
3.230933,-13,-1,-5,1,-21,-1,-5,-7,2
3.230945,-21,-24,-5,-3,-12,-12,-8,-10,2
3.252075,-7,-1,-1,-2,2,3,-2,-2,2
3.252095,-8,-15,0,-3,2,1,4,8,2
3.254209,5,25,5,-2,9,0,4,-2,2
3.254213,3,-12,3,5,3,-6,-5,-15,2
3.274598,6,-25,-21,-5,-10,-11,-14,-14,2
3.274606,58,2,6,2,0,5,16,-1,2
3.276111,7,16,3,-1,6,-5,13,1,2
3.276174,44,7,4,0,-7,-6,-20,8,2
3.288956,-66,-13,-1,-2,12,8,9,7,2
3.288965,20,11,-2,-6,-3,3,-8,-11,2
3.295644,-43,-6,-2,-4,15,-20,-1,11,2
3.295659,-16,-14,-9,-1,-11,8,-3,-33,2
3.312046,24,5,5,1,-8,-1,3,20,2
3.312067,-11,-13,-3,-5,-4,-1,-4,8,2
3.313491,-21,9,2,4,2,-1,-8,-22,2
3.313497,-31,7,2,-2,9,13,1,9,2
3.336801,-23,2,-2,-5,-3,-15,-4,-2,2
3.336807,-14,17,5,2,0,13,4,5,2
3.336809,62,5,5,5,3,5,1,5,2
3.336810,-16,3,1,-2,0,-5,-1,2,2
3.349686,18,-4,-3,-3,-3,8,1,-8,2
3.349713,-37,10,7,3,-1,-6,0,5,2
3.356065,-10,-3,-1,-4,-5,2,5,6,2
3.356087,33,-9,7,4,-5,3,-6,10,2
3.372955,-6,14,-2,-3,5,-4,-1,7,2
3.372976,39,-4,-6,-4,-1,-9,-2,6,2
3.374828,-27,-7,5,2,-7,-2,0,0,2
3.374835,5,26,-2,-6,9,-8,1,8,2
3.394601,32,-9,4,6,-2,-5,5,-10,2
3.394617,-42,-14,-3,-1,-8,-2,-1,5,2
3.396108,34,-1,-2,-2,5,12,-2,5,2
3.396116,26,0,-3,-1,4,-23,7,8,2
3.409004,19,0,1,2,-3,-6,-2,-5,2
3.409037,-41,-20,-5,-1,-1,-4,-4,-10,2
3.416092,20,0,2,-1,-1,12,1,7,2
3.416120,-18,-9,3,3,0,0,4,-11,2
3.431946,-60,12,-9,-8,-8,-16,-6,12,2
3.431960,27,38,-4,-1,11,21,-4,-17,2
3.433807,-4,-6,-1,-2,-4,-7,6,-4,2
3.433824,-28,-3,1,2,-1,4,1,4,2
3.455087,-5,-6,4,-3,-3,5,11,-9,2
3.455114,-5,-27,-3,1,2,-5,-14,-3,2
3.457076,-52,-13,-5,-3,-17,-11,-2,-1,2
3.457081,-16,41,3,-3,4,0,-10,-3,2
3.468646,20,-5,-3,-2,2,11,1,12,2
3.468678,27,-11,2,3,-6,-4,0,1,2
3.477530,12,-8,-6,-5,7,1,-7,-5,2
3.477534,32,0,-3,-3,-4,-7,5,10,2
3.492537,9,20,5,5,-1,5,0,3,2
3.492543,-63,-41,-10,-5,0,12,-1,-18,2
3.493561,22,13,2,0,0,0,-1,12,2
3.493567,14,-1,-5,-5,-2,0,-3,-8,2
3.515301,-25,-16,-2,2,3,0,-3,0,2
3.515465,14,23,-3,-3,0,-8,3,-6,2
3.517590,28,-2,0,1,-3,5,-3,-3,2
3.517593,2,-22,-3,-1,-3,4,-2,1,2
3.529297,2,13,9,-2,-3,-6,2,6,2
3.529318,-13,34,13,1,0,4,-1,-4,2
3.535973,-66,-22,-21,-9,9,4,-37,-18,2
3.535993,20,-19,-4,4,-10,-10,6,12,2
3.552628,7,-1,-2,-2,7,1,-7,-30,2
3.552655,37,8,7,2,-7,-4,18,11,2
3.554610,23,2,1,3,6,3,5,5,2
3.554614,-10,1,-4,-3,1,4,-5,5,2
3.574777,35,7,12,11,2,-2,4,1,2
3.574794,-58,-38,-10,-4,1,5,3,-34,2
3.576324,-20,7,-5,-4,-7,-14,-11,1,2
3.576345,95,6,-2,-3,1,1,13,3,2
3.588906,-60,8,2,0,-8,-1,-2,4,2
3.588982,16,-27,-7,-4,19,-6,-10,-3,2
3.595654,-28,-4,2,-2,-33,2,-7,8,2
3.595670,-35,5,4,1,14,21,23,-10,2
3.612754,11,2,4,0,10,-4,-8,8,2
3.614679,127,5,-5,-4,-10,-24,3,18,2
3.614685,27,10,4,3,10,2,2,-8,2
3.614687,-24,-20,-3,2,0,-29,-14,-11,2
3.634581,5,-2,-10,-4,-18,12,-13,-23,2
3.634600,3,-6,-2,-3,-6,1,-1,30,2
3.636325,41,-9,4,2,3,-9,6,13,2
3.636346,45,-14,1,-1,-3,4,-4,-2,2
3.649287,-40,13,-9,-8,4,-6,-4,-5,2
3.649294,-11,-1,2,1,-6,-3,0,-3,2
3.658119,35,20,-5,0,-2,5,4,9,2
3.658129,-97,-28,-3,2,10,8,-2,-9,2
3.672302,26,-24,-14,-7,-9,-6,3,7,2
3.672331,-31,10,1,3,1,10,-12,-2,2
3.673879,-9,-23,6,2,-2,-17,0,4,2
3.673928,-13,21,-1,-2,-2,-2,-4,19,2
3.695128,13,-19,-1,1,1,-8,0,-1,2
3.695156,-30,13,-10,-6,-5,2,2,-13,2
3.697295,-12,1,4,2,8,-3,-2,-8,2
3.697302,11,7,-2,-4,-11,-5,-2,0,2
3.708227,-10,3,7,3,5,4,4,8,2
3.708244,4,-7,6,2,4,0,0,-1,2
3.719351,-45,24,-1,-4,-1,-4,4,3,2
3.719357,-14,-8,-11,-2,3,3,-7,-10,2
3.732353,14,-2,-1,-1,2,3,2,1,2
3.732373,-21,-11,1,0,-3,-1,-3,-8,2
3.733738,-18,16,14,7,5,4,8,-13,2
3.733750,-47,18,-13,-6,-5,0,-8,2,2
3.755545,-14,-7,-2,-2,-1,-3,-7,-19,2
3.755574,41,12,1,3,-1,-4,3,15,2
3.758109,32,-6,3,1,-6,0,17,0,2
3.758121,-51,-12,-5,-8,-3,-11,-15,-26,2
3.768340,22,0,-2,1,0,19,-6,-1,2
3.768360,34,16,1,0,-7,-4,-9,4,2
3.777033,2,-5,-10,-4,7,0,0,3,2
3.777041,29,-9,9,2,1,1,4,4,2
3.792194,45,6,14,9,4,-7,15,4,2
3.792199,-123,60,-23,-12,0,-12,-16,-10,2
3.793504,12,-22,-9,-4,-6,-2,0,-5,2
3.793510,21,-3,2,0,0,10,2,1,2
3.814724,9,-9,1,-1,0,-5,-2,-14,2
3.814744,9,1,9,2,3,10,7,12,2
3.816294,-7,-6,-5,-3,-4,-3,-12,-20,2
3.816298,12,21,1,-1,-3,-7,1,14,2
3.828377,-23,2,7,1,16,2,2,-3,2
3.828397,24,-1,-6,-8,-16,1,24,12,2
3.839746,-103,-18,-16,-3,-2,-6,-29,-23,2
3.839755,-13,-24,5,2,-4,0,7,-4,2
3.852504,3,7,-5,0,2,-2,-2,-8,2
3.852524,19,-18,8,2,-2,0,7,19,2
3.854900,16,10,12,3,9,1,11,10,2
3.854906,-13,12,4,-4,-4,-1,3,3,2
3.874726,-20,-3,-26,-9,-19,-4,-21,-40,2
3.874745,-2,2,-1,3,4,0,3,2,2
3.876146,19,6,4,-1,-2,1,-3,4,2
3.876161,16,10,6,0,6,2,4,9,2
3.888185,50,-9,-7,-8,3,-15,-12,10,2
3.888200,12,-12,3,3,-15,6,-1,5,2
3.898252,50,9,-5,-6,3,6,8,-5,2
3.898257,-13,-26,3,5,-4,7,-9,-16,2
3.913145,-23,6,-5,-3,-13,-29,-9,17,2
3.913166,18,-1,-1,-3,12,-9,9,-22,2
3.915900,-5,-17,0,0,-9,-5,1,2,2
3.915904,54,16,-2,4,3,4,4,3,2
3.934488,-20,-8,4,-1,-1,9,-1,9,2
3.934500,-50,-53,2,1,0,-1,-11,-10,2
3.936054,60,41,-4,-1,-2,-4,3,0,2
3.936071,-8,-13,-7,-3,1,-5,0,-1,2
3.948149,-16,6,3,-1,-1,7,7,18,2
3.948163,28,1,3,6,4,-3,0,3,2
3.958825,-10,-18,0,-1,10,-1,-1,9,2
3.958830,-16,0,-5,-2,-23,-2,-14,-7,2
3.971901,21,12,4,2,0,5,11,28,2
3.971930,14,-42,0,0,2,3,-14,-21,2
3.978420,-86,-14,-14,0,-7,-12,-17,-32,2
3.978437,45,16,-4,-2,2,-2,-3,6,2
3.994685,-22,-9,2,0,-4,3,12,2,2
3.994698,-12,4,3,-1,8,2,0,5,2
3.996035,15,-15,3,1,-7,-3,17,6,2
3.996052,-31,63,-8,-2,6,4,-11,-5,2
4.008274,1,-9,-1,2,3,-2,-7,-8,2
4.008337,11,12,-2,-4,4,6,0,-4,2
4.018574,12,17,5,0,-11,1,-7,6,2
4.018578,57,-33,-4,-3,-6,-6,11,3,2
4.032023,-8,3,5,1,7,2,2,8,2
4.032038,-24,14,-3,-1,-5,-5,-15,-19,2
4.033464,35,-40,6,3,6,1,5,8,2
4.033493,-47,11,-6,-1,3,2,-3,-10,2
4.055767,-71,-36,-15,-12,-10,-14,-17,-25,2
4.055773,40,-6,-1,1,4,-10,4,7,2
4.056115,-1,10,5,1,-3,-1,9,6,2
4.056133,3,-31,4,-1,6,-8,-8,6,2
4.077129,-12,46,0,3,3,17,19,-11,2
4.077145,-10,30,8,4,4,-6,-7,9,2
4.078519,-14,-40,-6,-6,6,7,-10,-10,2
4.078546,6,-7,-10,-6,-4,-9,-1,0,2
4.092095,34,4,3,3,-2,-1,0,-4,2
4.092111,1,17,7,-5,-4,0,16,8,2
4.093865,-54,23,0,-4,-8,-17,-23,-20,2
4.093872,49,-8,4,1,12,13,8,2,2
4.115891,6,-29,-3,2,0,0,-3,3,2
4.115897,55,4,1,1,-1,6,7,8,2
4.116010,-26,-8,-9,-8,-5,-5,-2,-8,2
4.116040,21,9,9,3,-2,-4,1,2,2
4.137395,15,-14,-9,-10,-1,2,-11,10,2
4.137418,-2,-4,-5,0,-6,-2,-3,-12,2
4.139362,39,23,3,2,4,6,6,6,2
4.139373,-29,10,12,3,6,-5,-6,6,2
4.152412,27,-10,-7,-1,-29,4,19,21,2
4.152436,-22,-18,-8,-3,-4,-9,-20,-11,2
4.154109,45,0,-1,0,2,25,-2,22,2
4.154116,-29,-4,3,-3,5,3,3,-18,2
4.174698,-54,-5,-1,-1,9,-5,4,-4,2
4.174723,1,-3,0,3,2,4,2,17,2
4.176191,-4,2,-2,-5,-8,-6,-3,-6,2
4.176209,17,-44,-7,-1,-4,-5,5,9,2
4.197127,23,8,-2,-1,2,-1,-17,-14,2
4.197146,-12,-5,-2,-2,-6,-1,-10,-14,2
4.198447,32,19,8,-1,16,-1,-9,21,2
4.198454,-29,-23,-3,3,-25,11,4,-15,2
4.211418,-44,-9,1,2,2,-5,-9,-26,2
4.211436,-51,-21,-15,-6,8,4,-5,-26,2
4.218537,16,8,3,1,-15,-20,15,10,2
4.218568,8,7,-7,-2,8,-3,-4,12,2
4.235246,24,3,8,2,-12,-5,-2,2,2
4.235273,17,17,2,-3,5,11,0,3,2
4.237373,-41,-21,-8,2,6,-14,-4,-27,2
4.237377,-52,-2,0,-4,4,12,-10,-1,2
4.257331,24,29,8,3,4,2,5,19,2
4.257355,-81,-32,-5,-3,-7,-9,-4,-27,2
4.259500,-12,8,-9,-3,0,2,-2,10,2
4.259504,20,-3,2,-2,-5,-9,2,0,2
4.271388,-29,-16,-5,-4,1,1,-2,-14,2
4.271404,12,21,7,1,3,-1,0,17,2
4.278234,10,-28,-4,-4,-24,3,9,-23,2
4.278250,9,36,-3,-1,3,-3,-33,-2,2
4.294861,-10,-15,-1,0,6,4,9,4,2
4.294881,3,24,-5,-4,-8,-9,-2,15,2
4.296953,-2,-21,7,6,18,-2,10,13,2
4.296956,-23,2,-15,-7,-13,-11,4,-39,2
4.317004,2,-16,-6,-6,-5,-9,-17,-10,2
4.317022,-24,10,2,0,-5,-6,3,1,2
4.318927,77,27,0,0,2,-4,-3,5,2
4.318945,1,-1,3,-1,10,59,13,19,2
4.331454,-2,8,2,0,0,-57,-3,-1,2
4.331460,-5,-41,-4,-2,-8,-1,-23,-18,2
4.338299,-38,34,-1,-2,2,5,5,3,2
4.338317,51,10,8,0,11,-7,3,11,2
4.355194,-9,-10,-1,-2,-7,22,20,-12,2
4.355215,-14,32,2,7,18,25,-27,15,2
4.357253,50,-40,-11,-5,-1,11,9,5,2
4.357260,-14,4,2,-2,-1,-10,-12,-14,2
4.378094,2,15,4,2,5,5,7,-5,2
4.378098,46,0,4,-1,-10,-22,7,9,2
4.378515,-73,16,1,-2,7,12,-8,-6,2
4.378526,-34,-9,-3,2,-5,-13,1,-8,2
4.391543,44,6,3,2,1,3,-7,19,2
4.391566,60,19,7,3,-8,-14,14,8,2
4.398822,-8,-74,-17,-4,10,74,-10,-4,2
4.398843,55,-3,-11,0,-11,-61,2,6,2
4.414486,-5,6,2,1,0,7,-12,-13,2
4.414502,24,-9,1,0,-1,4,13,2,2
4.416113,-13,7,5,-2,-4,-11,0,3,2
4.416128,-19,2,3,1,-3,-3,-3,-2,2
4.437682,-5,-12,-3,-1,4,9,-2,2,2
4.437719,-7,-4,-4,-3,0,-2,6,-6,2
4.440420,1,18,5,1,-3,-19,-6,-8,2
4.440432,1,-22,7,4,4,9,6,1,2
4.451759,106,25,-1,-6,-18,-17,9,39,2
4.451788,-32,-59,-16,-7,4,45,-26,-54,2
4.458300,6,33,1,1,-8,-43,-10,1,2
4.458316,24,-3,0,-1,-1,11,7,13,2
4.474756,23,6,4,-3,4,1,5,5,2
4.474780,25,9,5,3,1,-2,13,19,2
4.476145,-38,5,-3,-2,-3,-1,-7,-18,2
4.476162,20,-12,1,-1,-5,-3,2,2,2
4.496959,-3,8,-3,-2,10,-16,-12,-7,2
4.496974,-53,3,-10,-9,-7,54,-2,6,2
4.498645,-18,-13,0,1,-2,-17,-1,-15,2
4.498662,-23,14,1,2,0,-8,10,8,2
4.511304,5,-16,-4,0,4,20,-13,-7,2
4.511415,1,-5,-4,-4,-10,-31,0,-29,2
4.519319,36,39,7,3,7,8,6,10,2
4.519323,-11,-69,-12,-3,2,24,-3,-9,2
4.535740,-27,49,1,-1,-6,-9,0,11,2
4.535745,12,12,-5,-1,6,-13,2,9,2
4.535937,64,15,0,-4,-6,0,1,5,2
4.535943,-21,15,0,-2,0,-13,-3,-8,2
4.557524,-13,-10,-1,-1,5,6,2,8,2
4.557551,0,-19,2,0,-5,-11,0,-6,2
4.559427,-84,23,-3,-3,13,-4,2,4,2
4.559433,6,50,3,0,-24,-7,-14,13,2
4.581168,16,-32,-12,-3,-5,17,2,-35,2
4.581174,-118,-3,1,2,3,-35,-4,11,2
4.581176,41,-42,3,6,2,1,-13,11,2
4.581178,-35,5,-1,1,9,5,0,-9,2
4.595983,14,7,1,1,0,4,0,-2,2
4.595989,23,18,3,-2,-6,-7,16,10,2
4.596146,-7,3,-3,-4,-6,-3,-8,-2,2
4.596154,-3,-7,3,0,2,-1,-2,-1,2
4.617452,-90,3,-4,-5,-6,-6,-8,-3,2
4.617482,10,-5,0,4,3,-1,-3,-15,2
4.619822,33,18,2,-2,-6,0,1,13,2
4.619825,34,-40,-7,-4,0,-2,3,5,2
4.630674,9,-14,-5,-6,0,0,-18,-35,2
4.630695,-9,-21,-1,0,1,1,1,3,2
4.641688,-75,6,0,0,-4,3,13,-9,2
4.641694,20,16,7,-2,2,-4,-12,15,2
4.655395,-25,11,0,1,-1,-12,0,-15,2
4.655418,38,-23,-3,-3,15,-1,-5,4,2
4.657664,12,10,4,2,-17,-1,12,12,2
4.657671,-58,15,-9,-1,3,5,16,8,2
4.677100,18,-49,0,1,1,0,8,10,2
4.677112,-28,34,-3,-3,-5,-5,-16,7,2
4.678894,41,-6,-2,-2,2,24,8,11,2
4.678912,-19,32,1,-3,9,13,-5,-4,2
4.690837,20,5,1,4,-9,-32,16,17,2
4.690860,-9,-24,-6,-3,-1,4,1,-9,2
4.701125,-1,-41,-3,1,5,-4,-3,-6,2
4.701129,29,-8,-6,-2,-9,-9,-7,0,2
4.715005,-35,-6,-1,1,2,-2,-12,-23,2
4.715026,42,1,3,-1,-2,-12,4,10,2
4.717189,47,19,3,-7,-3,11,2,23,2
4.717193,-105,-18,-7,-2,4,-14,-18,-72,2
4.736960,-15,-14,-2,1,2,-5,-11,0,2
4.736966,88,25,-2,-1,-7,0,2,15,2
4.738662,-42,-24,-6,0,4,-8,-4,-24,2
4.738679,-18,7,1,-3,-4,5,2,10,2
4.752910,-10,-1,4,0,1,16,1,-2,2
4.752914,-42,44,8,1,-6,-1,2,3,2
4.761009,56,-29,-17,-4,-1,-10,-31,-55,2
4.761018,46,2,4,-2,-4,-9,-17,15,2
4.774738,-10,13,2,4,-1,5,3,5,2
4.774771,26,-12,3,0,9,8,13,11,2
4.776707,-37,29,6,-1,-15,-12,4,12,2
4.776712,14,6,-2,2,8,4,0,-9,2
4.799613,80,25,-5,-1,6,-12,-5,30,2
4.799617,-36,-34,-5,-6,-9,51,5,-38,2
4.799619,-14,3,1,2,2,-32,1,2,2
4.799621,-2,51,-7,-7,-19,-11,1,-10,2
4.810980,-92,-32,1,-3,1,9,-2,9,2
4.811001,-15,21,6,3,11,-4,21,14,2
4.821731,31,14,3,-2,-8,13,-27,20,2
4.821737,-94,-88,-15,-6,-11,13,15,-20,2
4.835050,5,28,-1,-3,-4,-23,12,-7,2
4.836123,9,37,4,6,-2,-8,-12,3,2
4.836220,25,-34,1,-1,4,1,11,-1,2
4.836289,-15,15,5,0,7,-1,-2,22,2
4.857382,20,6,4,-1,-1,16,8,9,2
4.857408,3,-42,-9,-4,-6,-15,-5,-22,2
4.859034,-7,18,3,1,3,-5,-2,-3,2
4.859038,44,-11,1,1,5,3,3,8,2
4.871218,-11,14,1,5,0,5,5,2,2
4.871246,64,-2,-7,-5,-4,-13,-25,-14,2
4.881114,-64,-33,-6,-3,2,2,8,-2,2
4.881118,15,6,2,0,3,8,2,2,2
4.894448,89,18,5,2,-1,10,5,14,2
4.894454,-59,4,-1,-2,-2,9,0,-2,2
4.896217,-81,-23,-7,1,-1,-18,-33,-8,2
4.896335,85,-11,4,2,-2,-5,9,11,2
4.917157,11,9,6,2,2,4,-9,-1,2
4.917179,39,24,1,-5,1,0,10,18,2
4.919304,-10,1,-3,0,0,3,4,-12,2
4.919308,-49,60,1,0,-4,-8,-6,-6,2
4.931029,-17,-35,-3,-2,3,16,1,4,2
4.931049,40,31,4,-3,-1,-7,3,38,2
4.941333,-78,-43,-14,-4,6,11,-3,-49,2
4.941339,29,4,1,0,-21,-56,-7,10,2
4.955031,-57,5,-1,-2,2,18,4,-20,2
4.955065,-49,-4,14,6,7,16,5,8,2
4.957783,67,-5,-20,-6,-7,-3,-19,-21,2
4.957789,13,-5,5,7,11,16,9,-2,2
4.977122,-1,-14,-7,-1,-3,-12,-4,0,2
4.977139,29,5,3,2,-4,-7,2,1,2
4.978658,-1,30,14,3,5,4,15,22,2
4.978673,-41,-57,-20,-13,-4,1,-12,-29,2
4.990991,40,-25,-2,1,-14,-19,-8,9,2
4.991030,-64,2,-5,-3,14,17,-6,-6,2
7.002578,-1,-2,-3,-2,-1,-2,-2,-3,0
7.002751,4,-3,-2,-1,-2,-2,-1,0,0
7.002753,-1,1,-1,-3,-1,-2,-1,1,0
7.002800,-3,-4,-1,-2,-1,0,-1,-2,0
7.024430,-2,-2,-2,0,0,1,-1,-2,0
7.024456,0,-1,-1,0,-2,0,-1,-1,0
7.026210,-6,-1,0,-1,-2,-4,0,1,0
7.026217,2,1,0,0,0,0,-1,0,0
7.039257,7,4,2,2,-3,-1,1,1,0
7.039287,-10,-4,-1,-1,-1,-3,-4,-2,0
7.041769,-2,-2,-1,-3,1,-1,-1,3,0
7.041777,3,-2,-2,0,0,0,0,-4,0
7.061925,-6,0,-1,-5,-3,0,0,1,0
7.061953,-1,-6,-3,2,3,-3,-2,-3,0
7.064460,3,1,0,0,-1,0,-1,-1,0
7.064466,0,3,-2,-3,0,-2,1,2,0
7.084619,1,-1,-1,-2,-1,0,-1,-1,0
7.084758,1,0,1,-3,-1,0,0,-3,0
7.086556,-1,0,-2,-1,-2,-1,0,-5,0
7.086561,-6,-2,-1,-1,-1,0,-1,-2,0
7.098793,-3,-3,-2,-1,-3,-1,0,0,0
7.098814,4,0,-2,-2,-2,-1,-2,-3,0
7.101075,-7,-7,-3,-1,-1,-1,-2,-4,0
7.101081,-5,-2,0,-1,-2,-1,0,-1,0
7.121747,1,-2,-2,-2,1,-2,-1,-1,0
7.121770,-1,0,0,-1,-2,-2,0,2,0
7.124489,-5,-1,-1,-2,-1,-1,1,-4,0
7.124510,3,-6,-3,-3,-2,-2,-3,-5,0
7.143860,0,-2,-2,0,1,0,0,-3,0
7.143874,-4,-2,-1,-2,-2,-2,-2,0,0
7.144512,6,3,2,1,1,0,0,1,0
7.144524,4,1,-4,1,-1,0,1,2,0
7.158815,-3,-4,-3,0,-1,-1,0,-2,0
7.158830,-5,-3,-2,-2,0,-2,-1,1,0
7.160115,3,-1,-2,-3,-2,-1,-1,-4,0
7.160121,-4,-3,-1,-2,-1,-1,-2,-1,0
7.181293,-3,1,-1,-1,-2,-3,-1,4,0
7.181314,1,-1,-1,-1,0,-1,-1,0,0
7.182396,5,2,0,-1,-2,1,0,4,0
7.182403,-2,-5,-2,1,2,0,-1,-5,0
7.205184,-5,-2,-2,-3,-1,-1,0,-4,0
7.205189,2,0,-1,0,0,0,-1,1,0
7.205191,-9,1,0,-2,-2,-2,0,2,0
7.205193,-3,0,0,-2,-1,-2,-3,0,0
7.221193,5,-2,-2,-2,0,0,-1,-2,0
7.221204,-3,-1,-1,3,1,-1,1,4,0
7.221208,-10,-2,-1,-2,-2,-2,-1,2,0
7.221211,2,0,1,0,-2,-1,1,0,0
7.241444,1,-3,-1,0,-2,0,0,-4,0
7.241472,-2,1,0,-3,-1,-3,-1,2,0
7.243239,4,0,-3,-5,-2,-3,0,3,0
7.243246,2,0,0,0,0,1,1,3,0
7.263765,-8,1,1,-1,-1,-1,-1,1,0
7.263785,-3,-2,-2,-3,-4,0,0,-2,0
7.265682,1,0,0,1,0,2,1,-3,0
7.265686,-2,0,0,-2,0,-1,-2,-1,0
7.278791,-7,-1,-1,-3,-3,-1,-3,1,0
7.278812,2,3,-1,-1,-1,0,1,-1,0
7.279746,-1,-2,1,1,-1,2,-1,-3,0
7.279750,-5,2,1,-2,1,0,-1,-1,0
7.301223,3,-2,0,0,0,-3,-1,0,0
7.301235,2,-3,-1,-1,0,1,0,-7,0
7.302255,-5,-4,-2,-1,-2,0,-1,1,0
7.302271,-2,-2,-1,-1,-2,-2,-1,-2,0
7.324016,3,-10,-9,-1,-2,-2,-1,0,0
7.324038,-6,2,1,0,-1,0,0,0,0
7.325503,-1,-2,-1,-2,-2,-2,-2,1,0
7.325508,2,-4,-1,0,-3,-1,-1,-1,0
7.339396,3,2,2,-1,-1,-2,0,-1,0
7.341156,-4,0,-1,-3,-2,-3,-2,-1,0
7.341166,-1,-4,-2,0,1,0,-2,-3,0
7.341168,5,3,0,-2,-1,1,1,4,0
7.361321,-8,1,1,-2,-1,-1,-2,-3,0
7.361336,-1,-3,-2,-3,-2,-3,-2,-3,0
7.362005,2,3,-2,0,0,-1,0,0,0
7.362017,-3,-4,-2,-3,-2,-3,-1,-3,0
7.384214,-5,1,-1,1,-1,-2,-2,0,0
7.384245,3,-2,-1,0,-1,0,-2,-5,0
7.386586,1,-3,-1,-1,-1,-1,-2,-3,0
7.386589,-5,1,-1,0,0,-2,-2,0,0
7.398822,-2,-3,-1,-2,-2,2,-3,-6,0
7.398842,6,0,0,-1,-1,0,0,4,0
7.400720,-3,2,-2,0,-3,-1,-1,-2,0
7.400730,-9,-3,0,-1,0,-3,-2,-1,0
7.423030,5,2,1,-2,0,1,2,0,0
7.423040,-4,2,1,-2,-1,-2,1,-1,0
7.423042,-8,-3,-3,-3,0,-1,-3,0,0
7.423043,0,-3,-2,-1,-3,-2,-2,-4,0
7.443879,2,1,-1,0,-2,1,1,4,0
7.443896,-7,-2,0,0,0,-1,-3,0,0
7.444635,1,-3,0,-1,1,-2,1,-2,0
7.444647,1,2,-2,0,0,2,-2,-2,0
7.458890,-7,-2,-1,0,0,-3,-2,-2,0
7.460474,-2,-3,-3,-5,-2,-2,-2,0,0
7.460481,5,4,1,-1,0,1,1,3,0
7.460484,-8,-3,0,-1,-2,-2,-2,-2,0
7.482163,-3,1,-1,-1,-1,-1,-1,-1,0
7.482190,0,-3,-3,0,-2,-1,-2,0,0
7.482195,1,2,-2,0,-1,-2,0,2,0
7.483892,-2,-2,-1,-3,-2,-1,0,1,0
7.504355,3,-1,1,-1,-1,-1,-1,-1,0
7.504373,3,-2,0,0,-2,0,0,-2,0
7.505017,-8,-2,0,-1,0,-2,-2,-2,0
7.505119,-1,-1,0,-2,0,0,0,1,0
7.518408,7,3,-3,-2,0,-1,1,-1,0
7.518435,-5,0,1,2,1,0,0,-1,0
7.526382,-4,-2,-1,-1,-1,-1,-1,-2,0
7.526400,4,-2,-3,-1,-3,0,-2,-3,0
7.541457,2,1,-2,-1,-1,0,0,1,0
7.541473,-3,1,-2,-3,-3,-2,-2,-1,0
7.543787,0,-4,-3,0,2,1,0,0,0
7.543799,0,1,2,2,-1,-1,1,0,0
7.563788,-5,-1,-1,0,-2,-1,-3,-2,0
7.563794,0,-3,-2,-2,-2,-3,-2,-1,0
7.564448,1,-1,1,0,-3,-2,-2,-1,0
7.564460,0,1,-1,-1,0,2,-1,3,0
7.578418,-12,-7,-4,-3,-3,-2,-5,-14,0
7.578433,3,-2,-1,-1,-1,-1,-2,-3,0
7.586301,4,1,1,0,0,0,-2,-2,0
7.586321,-5,1,0,-2,1,-3,-1,1,0
7.601457,5,-1,0,0,0,0,0,0,0
7.601478,0,1,-2,1,1,2,1,-1,0
7.603518,-6,-5,-2,-4,-2,-2,-1,-3,0
7.603521,3,0,-1,0,0,0,0,-3,0
7.625717,3,-6,-5,-2,1,-1,0,1,0
7.625723,-6,-1,0,1,0,-2,-1,-1,0
7.625725,-3,-2,-2,-1,0,-1,0,-3,0
7.625727,7,1,0,0,-1,-2,1,1,0
7.638670,0,2,3,-1,1,0,0,3,0
7.638698,-6,-2,0,-3,-2,-2,-3,0,0
7.646950,2,1,0,0,-2,-1,1,2,0
7.646987,7,1,-2,-2,-1,-1,0,-1,0
7.661307,-6,-1,-1,1,-1,-1,-2,0,0
7.661323,-2,-3,-3,-2,-2,-2,-2,0,0
7.662038,4,2,0,1,-2,1,-1,-2,0
7.662066,-7,-2,-1,-3,0,-1,-1,-1,0
7.683993,-3,1,1,0,-1,-1,0,3,0
7.684014,2,-2,-1,0,-1,-1,-2,-1,0
7.685661,0,-1,-3,-1,-2,-1,-1,-1,0
7.685664,-6,-5,-3,-2,-2,-2,-2,-1,0
7.698690,-2,-2,-3,-1,-2,-2,-1,-4,0
7.698726,4,3,0,0,0,0,1,0,0
7.706436,-6,0,1,-2,0,-1,-1,1,0
7.706455,-2,-2,-1,0,-1,-2,-1,2,0
7.721238,4,1,0,-2,-1,3,0,-4,0
7.721286,-1,-1,-1,-1,-1,-2,1,-1,0
7.722162,-2,0,-2,-1,-1,-1,-1,4,0
7.722182,3,1,-1,-1,-3,1,-2,-4,0
7.744318,-3,-1,0,0,0,-4,-1,2,0
7.744340,-8,-3,-1,-1,-2,-2,-2,-3,0
7.745671,5,-1,-1,-1,-1,1,-2,-3,0
7.745674,2,0,-1,0,1,-2,-1,-1,0
7.758493,-3,2,1,-2,-1,-1,0,3,0
7.758514,4,-2,-2,0,0,-1,-4,-5,0
7.768221,-2,-2,0,1,-1,0,-1,-1,0
7.768226,-5,-1,-1,-1,-2,1,-3,0,0
7.782127,-3,0,-1,-2,1,-3,-3,-1,0
7.782133,2,0,0,-2,1,1,0,-1,0
7.782135,-2,1,0,-1,0,-4,2,-1,0
7.782174,-3,-1,0,-2,2,-3,0,3,0
7.803747,-1,-1,1,0,-3,-1,-1,-1,0
7.803764,-7,-5,0,-1,-2,0,-1,-4,0
7.805788,-3,-3,-3,-1,0,-1,-1,0,0
7.805795,1,0,-1,-1,-1,0,0,-1,0
7.818209,3,-1,-1,1,1,1,0,1,0
7.818232,-1,2,-2,-1,1,-1,0,4,0
7.828314,-2,0,1,0,-1,0,0,2,0
7.828321,0,-1,-1,-3,-2,-1,-1,-4,0
7.841429,-3,-2,-1,-1,0,-1,-1,1,0
7.841450,-7,-1,1,-2,-1,-3,-2,-1,0
7.843033,5,3,0,-3,-1,-3,-1,0,0
7.843040,-3,-1,-2,0,-1,0,-2,-3,0
7.864435,-7,0,-3,-2,-2,-2,-2,0,0
7.864453,2,0,0,0,0,0,-2,-1,0
7.866797,2,-4,-2,-1,-1,0,-2,-4,0
7.866802,-4,-2,0,0,-1,0,-1,-3,0
7.887860,-4,-2,-1,-2,-3,1,-3,-1,0
7.887896,7,0,0,-2,-2,1,1,-3,0
7.890656,2,0,-2,0,-2,1,-1,-3,0
7.890662,-9,0,2,-3,-1,-3,0,-1,0
7.901483,4,2,1,-1,-1,-3,-2,-1,0
7.901504,2,0,-2,-2,-2,1,0,-2,0
7.902959,-5,0,-2,-3,-2,-3,-1,-2,0
7.902962,3,-1,0,-1,-1,0,0,-2,0
7.923919,2,-2,0,1,0,0,1,-4,0
7.923936,-5,0,-3,-2,-1,0,-2,0,0
7.924738,-3,-1,1,-2,-2,-1,-4,-1,0
7.924751,6,-1,-2,-1,0,0,0,-1,0
7.948196,-4,-3,-1,1,-2,-1,-1,-3,0
7.948233,-2,-2,0,-1,0,-2,-1,2,0
7.950331,-1,-2,-1,-2,1,-2,1,0,0
7.950337,2,0,-1,-2,-1,-1,-3,-2,0
7.962011,-3,1,-1,-1,-2,0,-1,-2,0
7.962038,4,2,-1,-1,1,-2,1,2,0
7.964248,-1,-5,0,2,-1,-2,-1,-3,0
7.964253,-6,-1,-3,-1,0,-3,-2,1,0
7.985324,2,2,0,-2,0,-2,-3,2,0
7.985329,-2,-2,0,1,1,1,-2,-5,0
7.985331,-5,-2,-2,-1,-1,-1,-1,-2,0
7.985332,-2,-1,-1,-1,-1,1,0,0,0
8.007213,4,-1,-1,-1,-1,0,-1,-1,0
8.007233,2,2,-1,-4,-3,-1,0,4,0
8.009237,-6,-1,2,-1,0,-1,-1,-1,0
8.009283,4,1,0,-1,-2,0,0,0,0
8.021833,6,1,0,0,1,1,0,-1,0
8.021932,-3,-4,0,1,-2,-3,-2,3,0
8.022376,-1,-2,-4,-1,1,-1,-1,-3,0
8.022455,3,-1,-3,-1,-1,-1,1,1,0
8.044013,-4,0,2,-2,-1,0,0,0,0
8.044031,3,-2,-2,-1,-1,-2,-1,-3,0
8.045889,5,1,-1,-2,-1,1,-1,-3,0
8.045893,0,-3,-2,0,-1,-2,-2,-4,0
8.066031,-3,-2,-1,-2,0,-1,0,-1,0
8.066042,-5,-5,-3,-4,0,-1,0,-2,0
8.074068,2,-3,-3,1,-1,1,1,-2,0
8.074092,-5,-2,-1,-1,0,-2,-2,-1,0
8.081692,1,-2,-3,-2,-2,-1,-2,0,0
8.084164,1,0,-1,1,-1,2,-2,-4,0
8.084174,-1,1,1,-2,-2,-1,1,3,0
8.084176,-4,2,1,-3,-1,-2,0,3,0
8.104207,2,-3,-1,1,2,-1,-1,-4,0
8.104227,-3,1,-1,1,-1,0,0,0,0
8.106305,-4,0,0,-3,-2,-1,-2,0,0
8.106310,6,1,-1,-2,1,-1,-1,1,0
8.127197,6,-13,-12,1,1,1,1,-8,0
8.127208,-6,0,3,-1,0,-1,0,3,0
8.127681,-1,-1,1,-2,-1,-2,-1,2,0
8.127693,3,-3,0,1,0,-1,-2,-6,0
8.141591,-2,2,0,-3,-2,-1,-1,2,0
8.141597,-2,0,-3,-2,-2,-2,-1,-2,0
8.142187,3,-1,-2,0,-1,0,-3,-1,0
8.142197,-1,1,1,-1,0,0,1,2,0
8.163756,-9,0,-1,-2,-3,-1,-3,-1,0
8.163777,1,-2,-1,-1,-2,-2,-2,-3,0
8.164682,3,3,0,-2,0,0,0,-1,0
8.164685,-9,-3,-3,-2,-2,-2,-2,-3,0
8.187659,-3,-2,1,1,-1,-3,-1,1,0
8.187695,6,0,-3,0,-2,1,-1,-4,0
8.190094,-4,-1,-1,0,0,-2,-1,1,0
8.190101,-3,-2,0,-1,0,-2,0,5,0
8.201984,4,0,0,1,0,-1,-1,-4,0
8.202011,2,1,-1,-1,0,1,0,2,0
8.204783,-14,-5,-2,-2,-3,-4,-3,-3,0
8.204798,3,-2,-2,-1,0,-1,-1,-4,0
8.224003,-5,1,1,-2,-3,-2,-1,1,0
8.224026,-4,-1,-3,-1,0,-4,-2,1,0
8.224704,1,-2,0,-2,0,-1,-1,-4,0
8.224726,6,1,-2,0,-3,1,-1,-3,0
8.246957,-4,1,0,-3,0,-1,-2,0,0
8.246972,-4,-2,-1,-5,-2,-1,-2,0,0
8.248059,6,-1,-1,2,0,-1,-1,-1,0
8.248066,-4,-3,-2,1,-1,-1,-1,-3,0
8.261420,-4,-1,0,0,-1,-1,0,0,0
8.261440,2,0,0,-1,-1,-2,1,-2,0
8.263527,1,0,-1,-1,-2,1,0,0,0
8.263531,-1,4,1,1,-3,-2,-2,3,0
8.283855,-2,-4,-4,-4,-3,-1,-2,-4,0
8.283924,2,1,3,3,1,1,1,3,0
8.284368,-3,0,-1,-2,0,0,-1,1,0
8.284401,-4,-1,-2,-2,-1,-3,-2,0,0
8.307287,-1,-3,-3,-1,-1,-2,-2,0,0
8.307318,1,0,-1,1,-1,0,0,-3,0
8.309648,-2,0,1,-1,-2,-1,0,0,0
8.309653,1,-3,-1,1,-1,0,-2,-3,0
8.321798,1,2,-1,-2,0,-1,0,1,0
8.321832,-8,-2,-2,-3,0,-2,-2,-1,0
8.324211,1,-1,-1,2,-1,-3,0,-1,0
8.324218,-1,-2,-1,0,-2,0,0,-3,0
8.344319,-4,0,2,0,-1,-3,0,-1,0
8.344355,-5,-4,-1,-1,-1,-1,-2,-4,0
8.346794,2,2,-1,1,1,1,-1,3,0
8.346800,-3,-1,-1,-1,1,0,0,-1,0
8.367292,-2,-1,1,-1,0,-1,-2,0,0
8.367312,5,-6,-1,-2,-1,0,-1,-3,0
8.369094,2,-1,-4,-3,-1,-1,-1,-3,0
8.369099,-5,-1,0,-2,-2,1,-2,-2,0
8.381898,0,-5,-3,1,-1,-1,-1,2,0
8.381919,1,3,-1,-2,-2,-2,-1,-1,0
8.383439,-3,1,0,1,0,0,-2,1,0
8.383443,-3,-2,0,-1,-1,-1,0,-1,0
8.404378,1,1,-1,-2,-2,0,-1,-3,0
8.404406,2,1,0,0,-1,-1,0,1,0
8.407103,-8,-4,0,-2,-2,-4,-2,-2,0
8.407107,3,1,0,-2,-2,-1,-1,0,0
8.427153,4,4,2,0,-1,1,0,0,0
8.427166,-8,-2,-3,-1,-1,-1,0,-1,0
8.427682,6,3,0,-2,0,-2,-1,6,0
8.427694,3,-1,-2,-1,0,1,0,-3,0
8.440819,-4,0,-2,0,0,-2,0,0,0
8.440839,-3,-3,0,-2,0,-3,-2,0,0
8.449466,3,-1,-2,0,-2,-1,2,-1,0
8.449494,-4,-1,-1,0,-1,-1,-1,0,0
8.464585,-3,-1,0,-3,0,-1,-1,-1,0
8.464616,2,0,-1,0,0,-1,-1,2,0
8.466954,0,-1,-2,-2,-1,1,-2,-3,0
8.466958,-1,1,-1,-3,-2,-2,-2,1,0
8.486958,-5,-1,-4,-3,-2,-3,-3,-5,0
8.486963,-1,3,3,2,-1,1,1,-2,0
8.487587,-6,-2,-1,-3,-3,-1,-3,-2,0
8.487592,0,-3,-2,-1,1,0,-2,-3,0
8.502256,8,0,0,0,-1,2,1,-1,0
8.502262,-2,-2,-2,-1,0,-3,-2,-1,0
8.509193,-4,-2,-1,-2,-2,0,-1,-5,0
8.509273,-7,-4,0,0,-1,-1,-1,-3,0
8.524326,-2,-1,-1,0,-1,0,-1,-1,0
8.525905,-3,-3,-3,-2,-2,0,-2,-2,0
8.525909,-2,0,0,-1,-2,-1,0,-1,0
8.525911,5,0,-2,-1,0,-1,-1,0,0
8.548799,-6,-1,-1,-1,-1,-1,-1,-1,0
8.548804,-2,0,0,-5,-2,-2,-1,-4,0
8.548805,5,-6,-2,1,1,1,1,-3,0
8.548807,-6,-1,-2,-2,-2,-1,-1,-3,0
8.561318,-5,1,1,-1,-1,-1,0,1,0
8.561345,2,2,-2,-4,-1,-1,-1,-2,0
8.569219,4,1,-2,1,0,-1,-1,2,0
8.571122,-4,-2,-1,-1,-2,-2,-2,-1,0
8.584377,1,-2,-1,0,0,-2,-2,-1,0
8.584395,1,-1,-3,1,-1,-1,0,0,0
8.586357,-7,0,-2,-2,-1,-4,-2,-2,0
8.586360,-2,-1,-1,-1,-3,-2,-1,-1,0
8.607369,7,0,0,1,1,-1,0,-1,0
8.607389,-6,0,1,0,-2,0,0,-1,0
8.609573,-3,1,0,-3,-2,-2,-3,0,0
8.609579,5,1,-1,-1,-1,0,-1,-2,0
8.630043,-1,0,-2,1,-1,0,-2,1,0
8.630069,-3,-4,-1,-2,-1,-2,-1,-2,0
8.630412,3,-1,0,0,1,-2,0,-1,0
8.630512,2,1,-2,-4,-1,-1,-2,1,0
8.644010,2,1,0,3,1,1,0,7,0
8.644028,-7,-1,-1,2,-1,-2,-4,-2,0
8.644495,4,1,-1,-2,-1,0,-1,-2,0
8.644512,-5,-7,-3,0,-2,-3,-3,-7,0
8.667373,1,0,-3,-6,-3,-2,-1,-3,0
8.667400,3,0,0,2,0,1,0,2,0
8.669299,-3,-2,-2,-2,-1,0,-1,-4,0
8.669303,-8,-5,2,0,-1,-2,-3,-1,0
8.681126,0,-3,2,-3,0,-2,-3,-4,0
8.681147,3,-1,-2,-2,0,2,1,-1,0
8.689195,-9,-2,1,-2,-1,-4,-1,0,0
8.689225,1,0,-1,-2,-1,-3,-1,2,0
8.703747,1,-1,-1,1,-2,-3,-1,-3,0
8.703756,-4,0,-1,-2,-1,-1,0,3,0
8.704591,-12,-6,-5,-1,-3,-2,-2,-7,0
8.704641,6,3,1,1,-2,1,1,1,0
8.727061,-2,-3,-2,1,-1,1,-1,-3,0
8.727082,-7,-1,-2,-3,-2,-1,-3,-2,0
8.729378,5,0,0,-1,-1,-1,1,2,0
8.729382,2,1,-1,2,0,-1,3,-2,0
8.740803,-12,-5,0,-1,0,-2,-2,-2,0
8.740823,-3,-3,0,-3,0,-3,-2,-3,0
8.748857,10,5,0,1,0,4,1,7,0
8.748872,-5,-3,-3,0,0,-1,-2,-5,0
8.765009,-6,0,-1,-1,-1,-2,-1,6,0
8.765014,5,0,-3,-1,-2,0,-2,-2,0
8.765015,-2,-3,-2,-1,-1,-1,-2,-5,0
8.765017,5,7,-3,-7,-3,-2,-1,6,0
8.787158,3,1,0,3,2,-1,2,-3,0
8.787175,4,3,-2,-1,1,-1,-1,-1,0
8.789431,-6,-1,-1,-1,-1,-2,-3,5,0
8.789437,1,-3,-1,-2,-2,-1,0,-1,0
8.811418,1,0,-2,-4,-1,0,0,-5,0
8.811422,0,-1,0,0,-2,-2,0,0,0
8.811424,-2,-1,0,-3,-1,-1,-1,-1,0
8.811425,0,-2,0,0,2,0,-1,-2,0
8.823979,-4,1,-1,-2,-1,0,-1,0,0
8.823999,-7,-2,1,-2,-1,-2,-1,-1,0
8.826026,2,-1,-3,-2,-2,-1,-1,-2,0
8.826032,-1,-1,0,1,-1,1,-2,-2,0
8.847633,-4,-1,1,0,0,-4,-1,-1,0
8.847670,0,0,-1,-1,-2,0,-1,2,0
8.849101,7,-5,-4,1,0,-6,-2,-10,0
8.849106,-4,-1,-1,-2,0,-1,0,3,0
8.869709,-4,-3,-2,-3,-3,-2,-1,-6,0
8.869729,4,-2,-5,1,-1,1,0,-4,0
8.871901,-1,-3,-2,-4,-2,2,1,3,0
8.871905,-7,-4,-2,0,-1,-2,-2,1,0
8.884211,5,-2,-3,-2,-1,-2,-1,1,0
8.884239,2,-1,-1,1,-1,0,0,-1,0
8.886210,-5,1,-1,0,0,-2,-1,-1,0
8.886216,-2,-5,-5,-2,-5,-2,-1,-5,0
8.907362,2,-3,-2,0,-2,0,0,-1,0
8.907382,0,3,1,-1,-1,-1,-1,4,0
8.907986,-6,1,3,1,0,-1,-3,2,0
8.908013,3,-3,-1,1,1,-1,1,-2,0
8.929435,-3,-3,-4,-2,-1,1,-1,-2,0
8.929450,-4,-3,-1,-2,-1,-3,-1,-1,0
8.930516,3,1,0,-1,0,2,1,1,0
8.930520,0,-1,-2,-1,1,-1,-3,-4,0
8.943908,-6,-2,0,1,-1,-1,-3,1,0
8.943929,-2,-3,0,-2,1,-1,0,-4,0
8.945251,-2,0,-2,-2,0,-1,-1,1,0
8.945261,-2,2,1,-1,1,-1,0,2,0
8.968948,-6,0,1,-2,-1,-1,-2,1,0
8.968953,-1,-3,-2,0,-2,-1,-1,2,0
8.968955,-5,-3,-3,-2,-3,-2,-1,-5,0
8.968956,-6,-5,-5,-2,0,-1,-3,-9,0
8.989961,2,1,-1,0,-2,-1,0,0,0
8.989979,0,-2,-1,0,-1,1,-1,-3,0
8.991803,-8,-2,0,-5,-3,-2,-2,0,0
8.991807,3,5,4,3,0,-1,2,4,0
9.004506,6,-1,-2,0,-2,2,1,-2,0
9.004525,-3,1,-1,-2,1,-1,-1,2,0
9.004862,2,1,2,0,-1,-1,-1,1,0
9.005070,2,0,0,-2,-3,-1,-1,-4,0
9.027517,-5,1,1,-1,0,-2,0,-2,0
9.027544,-7,0,0,-2,-1,-2,-2,2,0
9.030103,1,-1,-3,-1,-1,-1,-2,-2,0
9.030108,1,-2,-2,-2,-2,-1,-1,1,0
9.049547,-6,-1,0,-1,0,-2,-1,-3,0
9.049567,12,-3,-1,-2,-2,-2,-3,-5,0
9.050671,3,2,-1,3,1,0,1,-4,0
9.050690,-8,-2,-2,-1,-2,0,-1,-1,0
9.063713,0,0,-2,-1,-2,0,1,1,0
9.063734,2,-1,-1,-2,1,-1,-2,-2,0
9.064370,-1,-2,-1,0,0,-2,-1,-3,0
9.064381,-2,-4,-1,-1,0,-3,-1,2,0
9.087401,0,-2,-2,-1,0,-1,-2,-3,0
9.090149,-1,2,0,1,0,1,2,-2,0
9.090164,-5,-1,-1,-3,0,-1,-1,2,0
9.090166,4,3,1,0,-1,0,0,2,0
9.109485,3,-1,-2,-2,0,-1,-1,-1,0
9.109503,-4,-1,0,1,-1,0,-2,0,0
9.110409,-1,1,0,-2,-1,-2,-1,3,0
9.110427,2,0,-1,0,-1,0,0,0,0
9.124370,-2,-1,-2,-5,-2,0,-2,0,0
9.124377,1,2,0,-1,-1,1,-1,-2,0
9.124751,1,-2,-1,0,-1,0,0,3,0
9.124758,1,1,0,0,-1,-1,-1,0,0
9.147040,-7,-2,-1,0,-2,-2,-2,-1,0
9.147060,-3,-1,0,-2,-1,-2,-2,-3,0
9.148308,7,1,-2,-4,-2,0,-1,-1,0
9.148315,-6,0,1,2,0,-4,0,-2,0
9.170725,-2,0,2,-1,-1,-1,-1,-3,0
9.170730,0,-2,-2,-2,-3,-1,-1,-3,0
9.170732,0,-1,0,1,-1,0,-1,-2,0
9.170733,-3,-2,-1,-3,-4,-1,-2,-3,0
9.186252,4,0,-1,1,1,1,0,2,0
9.186257,-1,-3,-2,-1,-2,1,-1,-2,0
9.186259,-4,-4,0,-1,-1,-2,-2,-2,0
9.186260,-1,-2,-2,-1,1,-1,-2,-1,0
9.207237,-3,-5,-3,-1,-2,0,-1,-7,0
9.207269,-6,-2,-2,-1,1,-2,0,1,0
9.208934,-1,0,-1,0,0,-1,0,-1,0
9.208939,3,-2,-1,-1,-1,0,0,-3,0
9.229675,-6,1,-3,-1,-2,-1,-1,0,0
9.229698,-6,-5,0,-1,-2,-3,-2,-2,0
9.231130,1,-2,1,2,-1,-1,0,-1,0
9.231140,3,0,-3,-1,1,1,-1,-1,0
9.244533,-3,-3,0,-2,1,-1,-2,-2,0
9.244563,2,1,-2,-3,-1,-2,-1,0,0
9.246862,1,-2,-1,-1,-1,1,-1,-2,0
9.246867,-6,1,-1,-2,-1,-1,-2,3,0
9.267789,1,1,0,-1,-1,-1,-1,0,0
9.267815,9,-2,-1,0,0,-1,-1,0,0
9.267820,-8,-3,-3,0,-1,-2,-2,-4,0
9.267999,-6,0,-1,-3,-1,-3,-2,0,0
9.289808,5,1,0,0,-2,2,-1,1,0
9.289834,-2,-2,-2,-1,-1,1,0,-1,0
9.291516,-7,-6,-2,0,0,-1,-2,-3,0
9.291522,6,1,0,-1,-1,1,2,4,0
9.304102,9,-3,-4,2,1,-1,-1,-2,0
9.304123,-10,-2,-2,-3,-3,-3,-3,-3,0
9.306188,-3,1,-1,-4,0,-2,0,2,0
9.306193,1,-2,0,-2,-1,0,0,-1,0
9.326930,-1,1,0,-1,-2,-4,0,-1,0
9.326936,-1,0,0,-2,-1,0,-1,-1,0
9.327645,1,-1,-2,-1,3,-1,-2,-1,0
9.327657,-1,-1,-2,1,-2,-1,-1,0,0
9.349490,-8,1,0,-2,-1,-2,-1,4,0
9.349512,-3,-1,-1,-2,0,-1,-1,0,0
9.351640,1,-1,0,0,-2,2,0,-1,0
9.351645,-12,-2,-1,-1,-2,-2,-4,-3,0
9.363272,0,-1,2,0,1,-1,1,-2,0
9.363292,-1,1,-1,0,-2,-1,0,-4,0
9.373743,2,0,-2,-4,-2,-2,-1,1,0
9.373751,-4,0,2,-2,0,-2,0,5,0
9.389163,0,-6,-6,-3,-3,0,-1,-4,0
9.389173,0,1,0,-1,1,-1,-2,1,0
9.389176,-4,1,-3,-2,-2,-1,-1,0,0
9.389179,3,-3,-1,-1,0,-1,0,-3,0
9.409484,-1,3,1,-2,-1,0,-1,0,0
9.409500,-3,-2,-1,-2,-1,0,-1,2,0
9.410316,1,-5,-2,-2,-1,-1,-1,1,0
9.410330,5,-2,-2,1,-1,1,-2,-3,0
9.423372,-7,-4,-1,0,-1,-1,-1,-2,0
9.423398,-1,1,-1,-1,-2,-2,-2,-1,0
9.431621,4,4,1,1,-1,0,0,2,0
9.431642,-9,-4,-5,0,-2,-1,0,-1,0
9.447612,8,0,-1,-2,-2,-2,-1,-1,0
9.447632,1,-1,-1,1,-2,-1,-1,0,0
9.449902,-1,3,-1,-1,0,-1,-1,-5,0
9.449907,-8,0,-1,-3,-1,-1,0,1,0
9.470021,-1,0,0,2,0,0,-1,0,0
9.470039,3,-1,-2,-1,-2,-1,0,-3,0
9.472463,-2,1,1,-1,-2,0,-1,0,0
9.472467,1,-6,-3,-4,-1,-2,-3,-5,0
9.483484,0,-2,-2,-2,-1,0,0,-2,0
9.483502,2,1,0,1,0,1,-2,-1,0
9.491748,-7,-2,0,0,-1,-2,-1,0,0
9.491772,5,0,1,-1,0,0,0,-1,0
9.507316,-1,0,-1,0,-1,-3,0,0,0
9.507340,-9,-9,-6,-3,-1,-3,-2,-9,0
9.508791,1,-1,-2,-1,-2,0,-1,-2,0
9.508885,0,-1,-1,0,-2,1,-2,-4,0
9.529546,-3,1,1,-1,0,0,0,1,0
9.529556,-3,1,0,-2,1,-2,-1,1,0
9.530249,10,-1,0,-1,-1,1,0,-3,0
9.530254,-1,1,-1,-2,-1,-1,1,3,0
9.544904,-8,-6,-1,0,-1,-1,-4,-6,0
9.544908,0,-2,-1,-1,-1,1,-1,0,0
9.551314,-5,-2,-3,-3,0,-1,-1,-5,0
9.551334,-4,-2,0,1,0,-1,0,1,0
9.567365,3,-1,-3,-2,-1,-1,-1,-2,0
9.567385,7,6,2,1,1,1,3,3,0
9.569992,-9,-4,-2,1,-2,-2,-1,-6,0
9.569995,1,2,-1,-1,-1,-2,-1,-4,0
9.592147,5,1,-1,-2,-1,-2,1,0,0
9.592152,-2,-3,-2,0,1,0,0,-1,0
9.592154,-5,-1,-1,-2,-2,-1,-2,0,0
9.592156,8,0,-1,-1,-2,0,-2,0,0
9.603165,-2,-4,-4,-2,-1,0,-2,-4,0
9.603186,-2,0,1,-1,-1,-2,-1,2,0
9.611436,1,0,-1,-1,0,-1,-3,0,0
9.611457,-3,-1,-2,-1,-1,0,0,-2,0
9.627109,-6,-1,0,-1,-1,-1,-1,0,0
9.627161,-3,0,0,-6,-4,-1,-1,-2,0
9.628609,0,0,1,0,0,2,-1,-3,0
9.628623,-2,-2,0,-1,1,-1,-2,-3,0
9.649902,-3,2,2,-3,-3,-1,-2,3,0
9.649931,-2,0,-1,-1,-3,-2,-3,1,0
9.651750,1,-1,1,-2,-1,-2,-1,2,0
9.651753,-6,1,0,-2,0,-2,2,2,0
9.663078,-1,0,-2,-3,0,-1,-1,1,0
9.663093,9,0,0,1,0,1,-1,0,0
9.672292,-3,0,0,0,-1,0,1,-1,0
9.672375,-3,0,1,1,-2,-2,-3,1,0
9.686928,0,-2,-2,-1,-1,0,-1,-4,0
9.686934,-11,-5,-1,0,-2,-2,0,-2,0
9.688677,0,-3,-1,1,0,-2,0,2,0
9.688694,5,-1,0,-2,0,0,-1,-4,0
9.709645,5,5,0,1,-1,-1,2,4,0
9.709667,-9,0,-1,1,0,-1,0,-1,0
9.711878,4,1,-2,-2,-2,-2,0,-3,0
9.711884,-11,-4,-1,0,1,-1,-2,0,0
9.723396,-1,0,2,-1,0,-2,-1,4,0
9.723424,3,2,1,2,0,-1,0,4,0
9.732156,0,2,0,0,-1,0,1,2,0
9.732160,-5,-7,-4,-6,-3,-3,-4,-8,0
9.749535,-8,-7,-4,-1,-1,-2,-3,-8,0
9.749540,3,-2,-2,-1,0,-2,0,-1,0
9.749542,-2,-2,0,0,0,0,0,-2,0
9.749543,-3,0,-1,-1,-2,0,-1,2,0
9.769818,0,0,-1,0,-2,-2,0,2,0
9.769840,2,-2,-1,-1,0,-1,-1,-4,0
9.771950,-2,0,-2,-2,2,-2,-1,-1,0
9.771956,-1,1,0,-2,-3,-1,0,0,0
9.792219,5,0,-2,-4,-2,-1,-3,-5,0
9.794341,-4,1,2,0,-1,0,-2,-1,0
9.794354,-6,-2,-1,-2,-2,-2,-2,2,0
9.794356,10,0,-1,0,1,1,0,-1,0
9.807156,-5,0,0,2,0,-2,0,2,0
9.807177,-4,-1,-1,-2,0,-3,-2,0,0
9.809291,1,1,-3,-2,-2,-2,-1,-2,0
9.809296,0,0,-2,0,0,0,-1,0,0
9.829445,-4,2,-1,-1,-3,2,-1,-2,0
9.829461,-10,-11,-4,-5,-3,-2,-4,-6,0
9.830883,3,-2,0,1,0,0,1,-1,0
9.830901,-3,-3,-2,-2,-2,-2,0,0,0
9.852396,-1,0,1,-1,0,0,0,3,0
9.852416,7,3,0,0,0,-2,0,1,0
9.854022,-5,-3,-4,-3,-3,-3,-1,-3,0
9.854032,-6,-3,-1,0,-1,-1,-2,-2,0
9.866313,0,-7,-1,0,0,-3,-1,-2,0
9.866333,3,1,-1,-1,-1,-1,-2,-1,0
9.873301,-10,-6,1,2,-1,1,-3,-6,0
9.873323,2,1,-1,-1,-1,-1,0,2,0
9.890155,7,0,0,2,-1,-1,1,-2,0
9.890160,-3,-1,-3,-2,-2,-2,-1,-4,0
9.891161,-1,2,0,-2,-2,-1,-1,3,0
9.891179,4,3,-1,0,-2,-1,0,0,0
9.912160,-3,0,0,-2,0,0,0,1,0
9.912181,-7,-2,-2,-2,0,-1,0,2,0
9.914385,8,-1,-3,-2,0,1,-3,-1,0
9.914388,1,-3,-1,0,0,-1,-1,-2,0
9.926494,-6,1,-2,-3,-2,-1,-1,-1,0
9.926515,0,2,2,0,-3,-1,1,4,0
9.933507,8,1,0,-3,-1,-1,0,2,0
9.933525,-7,-4,-1,-1,-1,-2,-3,-8,0
9.951624,-5,0,0,-4,-1,-2,-1,1,0
9.951628,3,-3,-4,-1,-1,0,-2,-1,0
9.951631,-2,-2,-2,0,0,-1,1,-4,0
9.951632,-2,0,0,-1,-1,-2,0,2,0
9.972219,13,1,1,2,2,1,2,5,0
9.972247,-5,-5,-3,2,-1,0,-1,-5,0
9.974101,-5,-3,-2,-1,-4,-2,-2,-2,0
9.974106,2,2,0,0,-1,-1,0,1,0
9.986612,2,0,-2,-1,-1,-1,-1,-1,0
9.988122,-1,1,0,-1,1,-1,0,1,0
9.993163,-3,-2,-1,-3,1,-1,-1,0,0
9.993183,5,0,-1,0,-2,2,-2,0,0
12.010917,4,5,-2,1,1,-14,13,-1,2
12.011208,28,48,5,-3,-10,5,-22,-9,2
12.021648,-31,-6,-9,-6,10,-16,-8,-19,2
12.021699,72,-3,5,4,-1,5,3,9,2
12.035014,-24,-2,1,0,-9,-9,7,-7,2
12.035042,9,-5,-5,-4,12,-3,2,3,2
12.037399,4,-8,3,5,-7,-16,-5,3,2
12.037403,-12,6,0,-3,-11,22,-4,-4,2
12.057108,32,15,-1,0,-4,1,1,3,2
12.057132,-59,-11,-7,2,-10,10,5,-4,2
12.058633,35,8,1,-4,-14,-19,-11,8,2
12.058651,-44,3,4,3,28,52,-1,-17,2
12.073273,34,12,-6,-8,-16,-68,-3,-22,2
12.073280,-24,-30,-13,-5,-14,1,1,40,2
12.078133,34,4,10,6,13,27,8,-7,2
12.078149,14,0,4,6,-15,-24,-2,0,2
12.094532,23,-15,-3,-3,12,23,-12,8,2
12.094554,54,6,4,1,12,6,19,13,2
12.095938,-32,-22,-16,-5,-15,-29,-24,-46,2
12.095947,-10,3,5,2,-5,-2,-5,25,2
12.119431,14,30,3,4,-9,7,15,3,2
12.119437,42,-30,-14,-5,13,4,-21,-16,2
12.119439,-49,-13,-7,-8,-8,-11,-4,13,2
12.119441,46,-36,-4,-2,-14,17,5,-5,2
12.131944,-46,7,-12,-6,-11,9,-12,1,2
12.131972,-18,-3,9,6,4,0,-5,-3,2
12.139173,40,26,3,0,-12,-8,18,6,2
12.139198,32,17,-2,-7,9,-78,-11,3,2
12.155308,38,-27,-2,1,-12,11,-4,-17,2
12.155332,-104,-9,-7,-2,7,12,20,-8,2
12.157477,4,1,-1,-2,-2,-10,-27,-8,2
12.157483,-13,27,7,1,11,43,11,18,2
12.177167,2,-12,-5,1,-13,-45,-13,-4,2
12.177191,-35,20,3,-2,8,-12,-7,1,2
12.179257,52,9,-4,-1,0,-2,-1,-8,2
12.179263,-13,14,-1,2,7,11,27,14,2
12.190924,-62,14,19,5,8,12,3,3,2
12.190946,-7,16,-13,-6,-10,1,-13,-16,2
12.201215,-16,-7,-1,1,-2,-9,15,20,2
12.201220,32,-4,-1,1,8,-2,-23,-9,2
12.214437,15,-5,3,-1,9,5,10,7,2
12.214459,-4,37,7,3,-15,-8,-4,4,2
12.216024,0,-4,2,-1,13,18,4,-1,2
12.216042,-16,0,-4,-8,-8,-15,-3,12,2
12.237321,39,-6,-7,2,-11,-6,4,-14,2
12.237350,-128,-20,-4,-7,18,43,-10,-40,2
12.240028,-44,-9,-13,-8,-16,5,-20,-6,2
12.240042,43,1,4,0,18,-2,25,1,2
12.251077,37,6,-4,3,-30,-15,2,19,2
12.251099,50,-11,1,-2,40,5,6,-15,2
12.261138,-20,2,0,-1,-6,-2,2,4,2
12.261143,-45,-23,-12,-9,3,-3,-18,-28,2
12.274572,17,19,6,2,-1,19,16,8,2
12.274585,-3,-7,10,6,-5,14,5,15,2
12.275995,3,-3,-1,-3,-10,-53,-4,-29,2
12.276001,-11,-9,-3,2,-8,-3,-7,4,2
12.297736,14,14,1,-3,20,10,11,0,2
12.297766,-24,-4,-7,-4,-28,-8,-14,2,2
12.300190,51,24,10,3,13,2,6,31,2
12.300196,-29,-12,8,-1,-14,-5,0,-19,2
12.310989,35,-22,-24,-12,17,44,-18,-40,2
12.311015,-46,1,-5,1,-10,-16,-4,6,2
12.321243,22,8,7,6,7,14,20,17,2
12.321247,-38,3,-3,-4,-6,-15,-15,-26,2
12.337719,-26,-14,10,2,17,11,5,11,2
12.337731,70,6,3,2,-28,-16,3,14,2
12.337736,-22,-10,-4,-3,28,6,-1,-12,2
12.337740,41,-14,2,4,-11,20,3,6,2
12.357137,-26,-5,-4,-4,33,8,-20,11,2
12.357167,39,18,2,0,-30,-10,4,17,2
12.358523,-1,-27,-5,0,-11,-8,-8,-26,2
12.358637,19,11,-5,-6,10,-2,-3,13,2
12.371058,-61,2,-1,8,-1,-4,-2,-17,2
12.371077,72,4,12,-5,-6,-15,-9,2,2
12.382689,-16,-16,-9,2,8,59,-5,1,2
12.382695,-32,-7,-15,-6,-1,-7,-8,-14,2
12.395014,-6,-2,3,-1,-9,-24,1,-3,2
12.395044,14,-11,0,2,3,5,2,15,2
12.397767,15,-4,3,-1,-5,-10,5,-23,2
12.397774,-24,6,-4,-1,-4,1,3,13,2
12.417584,-4,1,5,2,0,-8,-8,12,2
12.417605,-36,46,-7,-1,-4,-1,10,-20,2
12.419550,-25,-11,-3,-4,-11,-12,-17,-8,2
12.419554,63,20,2,3,32,3,1,-21,2
12.430539,-12,-14,1,0,-15,-5,2,14,2
12.430558,-1,-7,-5,-4,2,-5,-4,-3,2
12.440947,-8,7,0,0,-4,-10,4,-5,2
12.440952,-6,-3,-2,-4,6,6,-15,2,2
12.454898,-11,-9,-3,-3,0,21,-4,-17,2
12.454935,28,-22,-2,-2,-2,-39,-4,-2,2
12.457225,-10,1,-3,-4,-18,-20,-1,11,2
12.457233,5,-17,2,1,2,-7,5,15,2
12.477432,15,2,6,5,2,41,19,9,2
12.477438,-59,13,-7,-1,-13,-32,1,7,2
12.478456,41,-20,-5,-6,22,17,8,6,2
12.478462,-9,-17,0,3,-28,-15,-7,6,2
12.490835,5,27,1,-7,-5,-19,-3,-8,2
12.490874,5,-7,4,1,-19,11,3,-10,2
12.501081,14,21,5,3,41,13,5,33,2
12.501087,-6,8,-4,-7,-6,4,-2,-6,2
12.514427,-20,3,-7,0,-19,-27,0,-2,2
12.514444,34,-18,-5,-2,36,26,-7,-3,2
12.516202,4,19,4,0,-29,-11,-5,2,2
12.516333,24,-60,-7,-5,2,-2,6,-17,2
12.537709,21,9,-10,-6,-2,-24,4,6,2
12.537738,-18,-17,10,0,-8,11,-11,11,2
12.540048,56,3,2,7,-7,-11,0,8,2
12.540062,-9,7,7,3,9,-10,-12,-20,2
12.551009,52,-6,-6,-5,-7,23,8,-7,2
12.551039,15,-5,0,-1,-19,12,7,3,2
12.560300,-66,12,0,-3,6,-54,-7,-6,2
12.560304,48,26,5,2,19,25,14,0,2
12.574585,-15,18,8,1,6,-19,4,18,2
12.574602,7,-27,-10,2,0,11,-15,1,2
12.577125,-31,-20,9,1,-10,8,1,-11,2
12.577140,-31,-16,-6,-3,-8,-5,0,-2,2
12.597024,-13,-16,8,5,18,6,4,21,2
12.597045,-29,33,-8,-8,5,-4,-6,-21,2
12.598628,5,-4,-3,2,-23,-1,4,2,2
12.598641,-22,-9,2,-6,-13,5,7,16,2
12.619639,-59,-3,-2,6,10,4,-12,-15,2
12.619656,45,-7,5,-2,10,-3,-4,-22,2
12.621324,-20,3,-5,0,5,-1,-1,-8,2
12.622634,35,20,8,1,-10,15,16,9,2
12.634502,-50,-35,-22,-10,-9,-28,-31,-27,2
12.634525,-11,2,5,4,-14,-33,6,12,2
12.636054,71,15,2,-2,32,73,8,-10,2
12.636057,-48,-11,-9,-4,-1,-13,-8,-31,2
12.657039,19,8,4,6,-14,18,10,8,2
12.657063,-23,-9,-5,-3,6,-35,2,4,2
12.658461,-1,-26,-3,-8,-20,2,-4,-8,2
12.658494,41,20,0,10,-5,-11,0,18,2
12.679440,26,-1,8,-2,2,9,-1,2,2
12.679458,-16,-1,-2,-2,-3,9,13,9,2
12.681253,-44,-11,-5,-6,7,25,-14,-12,2
12.681371,21,34,-12,-4,-9,-52,-35,-13,2
12.694488,-35,-10,-8,-1,-9,8,3,2,2
12.694503,18,3,3,1,16,23,8,-19,2
12.695962,10,9,2,2,0,-31,3,16,2
12.695982,-51,4,1,-9,-11,4,3,10,2
12.717423,0,11,-1,3,9,5,-9,-11,2
12.717453,-20,-19,2,-2,0,-6,-6,-3,2
12.719206,2,23,-4,-2,-29,-5,-4,0,2
12.719210,-13,2,8,4,14,24,2,10,2
12.741322,40,-27,-3,-4,-1,-9,7,-3,2
12.741349,-10,25,-5,-1,-5,10,1,11,2
12.741357,-53,-10,-5,0,3,-33,-9,-12,2
12.741362,-50,17,3,2,-4,26,0,-6,2
12.754577,-27,-8,-4,-3,3,-15,-1,-4,2
12.757075,17,5,2,1,1,5,2,13,2
12.760707,0,-5,-3,-6,5,-1,-2,-13,2
12.760723,34,-7,1,8,-6,-9,2,3,2
12.777066,30,9,10,3,6,-2,4,7,2
12.777095,20,5,-5,-3,9,19,-5,26,2
12.778634,-56,-34,-10,2,-9,-12,-10,-37,2
12.778651,-6,1,-3,-8,-56,-28,2,6,2
12.800373,16,-12,0,-5,64,69,2,10,2
12.800402,38,6,0,6,-11,1,7,0,2
12.803765,23,2,-3,-4,0,-5,6,3,2
12.803777,11,-31,-4,-2,7,1,-4,-19,2
12.814503,-12,16,-3,-2,-21,-3,-5,-6,2
12.814524,-19,-1,5,0,2,1,3,-9,2
12.820700,27,1,3,0,13,-1,-1,13,2
12.820715,-4,-6,0,1,8,15,3,5,2
12.837474,74,10,3,2,-12,-15,1,-14,2
12.837487,-108,-21,-6,-2,5,-12,-19,-33,2
12.838612,-15,-18,-6,-12,6,16,-2,11,2
12.838665,15,-23,-6,11,6,6,-13,-8,2
12.859711,11,-2,5,-5,-16,-18,10,2,2
12.859732,22,1,3,1,5,-3,-2,-3,2
12.860893,-14,10,1,-1,6,1,2,3,2
12.860940,6,8,0,-5,13,0,2,6,2
12.874001,39,2,2,2,-23,-34,3,24,2
12.874023,-3,-19,-4,-5,9,35,-15,-33,2
12.880974,2,12,1,4,-11,-11,18,19,2
12.881003,-3,-15,-2,-7,10,16,2,-5,2
12.897519,-70,7,-18,-4,-12,-24,-9,-7,2
12.897524,-8,41,-10,-15,-6,-4,1,8,2
12.898439,19,3,-1,8,12,5,1,-4,2
12.898454,-29,-17,1,2,-1,-9,-3,2,2
12.919606,29,-2,2,0,3,5,1,3,2
12.919629,28,-3,2,2,-7,-7,2,-4,2
12.921926,-3,5,-2,-3,0,2,-8,-2,2
12.921932,16,25,5,1,-4,0,4,18,2
12.934038,1,32,1,-7,13,34,4,1,2
12.934060,-61,-49,2,8,-9,-74,-18,-20,2
12.940771,82,-22,1,0,-3,-33,-6,10,2
12.940786,-31,-12,-5,-4,-5,2,-2,6,2
12.957066,-13,8,-2,-4,-3,-9,0,-3,2
12.957083,20,3,8,7,-4,8,11,18,2
12.959211,5,-16,0,-6,-17,1,0,-1,2
12.959217,13,-5,-3,1,0,3,1,-12,2
12.979451,54,3,8,6,0,-14,22,4,2
12.979474,-5,17,-7,-8,14,-12,-24,0,2
12.980996,28,3,0,8,-11,-1,-2,1,2
12.981950,21,-4,-9,-9,6,-3,-2,1,2
12.993780,-19,2,1,0,-5,-21,-6,-32,2
12.993799,-17,-13,2,1,-8,17,10,17,2
13.000997,-8,22,2,-1,9,9,7,3,2
13.001027,8,9,17,6,-7,-14,0,8,2
13.017252,-48,-27,-22,-7,33,4,-20,-32,2
13.017274,46,3,-1,-2,-14,15,13,3,2
13.018451,-4,14,-3,-2,6,4,-8,-6,2
13.018502,-7,-15,0,1,0,4,0,-1,2
13.039875,-32,-17,1,-4,-9,-2,-10,-2,2
13.039907,3,-1,0,3,13,5,2,5,2
13.041028,-5,8,5,2,-8,2,6,2,2
13.041108,43,22,5,1,-13,-12,2,14,2
13.053755,-39,-33,-3,-4,28,10,8,-6,2
13.053768,32,-61,-21,-9,-11,44,-32,-39,2
13.060781,20,-9,7,0,-15,-21,15,12,2
13.060799,30,4,-5,-2,12,-3,-9,-12,2
13.076976,30,21,3,3,-17,8,17,33,2
13.076995,30,5,11,2,0,4,15,16,2
13.078560,-77,-2,-4,4,13,4,-10,-13,2
13.078567,-31,13,-3,-3,4,7,-3,-9,2
13.099383,11,-7,-1,1,-15,-9,2,11,2
13.099399,-9,-16,-5,-7,-5,-17,-12,-17,2
13.100881,7,31,3,4,3,5,-4,-8,2
13.100895,-33,-5,-4,-7,-13,-13,0,6,2
13.114075,-8,17,2,5,17,4,-14,-13,2
13.114080,26,6,10,3,-5,-9,19,20,2
13.124204,-2,74,-10,-7,0,1,-7,-2,2
13.124209,7,-55,-6,-1,6,18,6,6,2
13.136935,-21,-14,-5,-2,-14,-19,-25,-35,2
13.136957,-9,35,10,4,7,3,6,39,2
13.138712,33,-23,1,-3,-13,-2,3,-7,2
13.138737,28,19,-2,-1,3,-5,-2,-4,2
13.160910,-62,-6,-3,0,-5,8,6,8,2
13.160925,-18,13,-1,1,18,9,-11,-16,2
13.161155,-24,20,6,-1,-4,2,-1,14,2
13.161165,3,-22,-5,-2,5,1,-10,-24,2
13.173238,104,64,11,2,-15,-14,12,29,2
13.173265,24,-22,-13,-1,-5,20,-15,-7,2
13.183197,84,-14,-3,-4,16,-55,-2,17,2
13.183202,3,8,1,0,7,12,1,-14,2
13.197326,-33,-5,1,4,-2,3,-5,6,2
13.197356,1,13,3,-1,-18,-18,8,6,2
13.199524,-5,-16,-5,0,15,20,-8,-4,2
13.199530,3,-7,0,-2,-3,-6,9,18,2
13.219902,-22,-26,-5,-5,20,-5,-10,-8,2
13.219931,0,23,1,-2,-15,-6,4,7,2
13.222752,-28,-15,-4,-2,-2,9,-4,-3,2
13.222762,-27,-30,-9,-3,-13,-4,7,-4,2
13.233593,15,-4,-4,0,2,4,-17,-19,2
13.233626,-5,7,-2,-3,5,19,7,2,2
13.243116,-21,2,9,3,5,-40,13,-6,2
13.243124,-52,16,-2,1,-21,0,-5,-4,2
13.257163,30,9,1,0,6,4,11,21,2
13.257182,-37,21,-7,-10,13,-7,-4,-45,2
13.258637,39,-22,0,3,-8,28,-16,-17,2
13.260107,3,12,-2,-2,2,2,1,31,2
13.279809,22,-45,-6,-4,-18,-17,-8,-9,2
13.279831,-19,16,-1,1,-18,24,15,3,2
13.280972,-5,-5,-3,-2,36,-56,-7,-31,2
13.280986,13,3,-1,-1,8,19,-4,5,2
13.293319,-16,-4,7,-4,-16,1,-12,-29,2
13.293341,39,-12,7,8,15,19,3,13,2
13.303917,-35,-12,-6,-7,-22,16,10,5,2
13.303921,22,13,5,4,3,-12,-13,-8,2
13.316900,-21,-4,0,3,3,-11,8,-2,2
13.316914,-20,7,-3,-1,6,-19,-8,-1,2
13.318409,9,-16,-10,-10,-39,16,-9,-8,2
13.318421,-24,10,-3,-7,24,-7,6,-14,2
13.339661,-30,-14,-4,-5,-6,23,4,1,2
13.339688,33,-34,-4,7,1,-21,-13,5,2
13.341451,-4,-12,-2,-4,1,20,-1,0,2
13.341457,30,6,-1,-1,-11,-14,-6,-4,2
13.353385,9,19,0,-1,-18,2,0,0,2
13.355333,26,20,5,3,-1,-11,7,9,2
13.362507,-88,1,0,-1,-8,-11,-4,3,2
13.362511,-95,10,-11,-6,0,22,-8,-26,2
13.379018,17,-3,2,5,6,2,-6,28,2
13.379024,2,-9,2,-2,6,-16,7,-2,2
13.379026,17,9,3,6,-6,11,-5,-17,2
13.379028,-43,0,0,-2,6,0,-4,-18,2
13.400106,-9,2,-2,-5,-10,-7,-4,-2,2
13.402094,-6,2,-3,-4,-5,2,1,-1,2
13.402098,-13,11,4,2,10,5,7,13,2
13.402100,88,-17,0,-1,-9,-16,-6,0,2
13.413251,-58,10,-3,-2,30,38,-8,0,2
13.413269,44,-6,-9,-8,-20,-80,0,-8,2
13.423498,-54,-1,3,9,6,16,0,3,2
13.423506,3,-8,3,2,3,-2,5,11,2
13.437534,35,11,-2,3,-9,2,5,5,2
13.437562,-43,-3,1,-4,1,8,-9,-9,2
13.440595,37,11,2,-1,5,6,-1,12,2
13.440602,12,-19,7,4,-13,-8,3,10,2
13.459701,-86,3,-7,-5,7,-3,-1,-22,2
13.459720,53,-26,-3,-1,-5,-10,1,-14,2
13.461171,15,-14,-3,-3,-10,20,-12,7,2
13.461205,-24,-12,-2,-1,3,3,-7,-9,2
13.473214,40,17,3,1,-6,-13,3,4,2
13.473231,-17,-4,-3,-3,3,9,3,2,2
13.484124,18,5,-2,-1,-1,-1,-7,-2,2
13.484130,-48,-9,2,1,3,-5,-7,-17,2
13.497823,28,29,2,1,4,-13,-7,14,2
13.499787,-53,-33,-7,1,9,17,3,24,2
13.499791,11,-20,-4,-4,-34,2,-3,-5,2
13.499793,7,26,2,0,19,-42,7,-2,2
13.519623,-7,-16,1,0,-2,45,3,-13,2
13.519636,-28,1,0,-2,14,-35,0,-1,2
13.521359,-6,8,1,3,2,-4,4,-11,2
13.521439,30,-12,-4,-10,-10,10,0,10,2
13.542041,47,-3,3,11,-5,-4,3,2,2
13.542059,-8,-6,0,-1,-7,9,-5,-11,2
13.543624,11,-22,-7,-4,3,-4,0,5,2
13.543641,5,47,-3,-3,-13,-11,-7,-1,2
13.557368,-26,-12,1,0,10,9,2,1,2
13.557389,-31,-8,-6,-5,-10,14,0,-14,2
13.559075,-60,23,-16,-5,-2,-16,-14,-30,2
13.559081,44,-33,-2,3,10,18,6,5,2
13.580508,-51,-14,0,-2,-23,-14,11,2,2
13.580514,22,-3,0,2,-1,5,-23,3,2
13.581088,10,17,8,-8,1,9,14,13,2
13.581161,-25,-3,-4,8,18,1,0,-6,2
13.601943,18,3,12,0,-11,-14,-7,-3,2
13.601965,39,20,0,-4,-25,-8,8,3,2
13.603562,-81,-16,-3,0,38,42,-2,5,2
13.603570,42,19,1,1,-9,-4,-5,0,2
13.617112,-18,-25,-5,-3,0,-8,-1,0,2
13.617133,29,23,1,2,4,9,-3,20,2
13.619051,18,0,3,1,-11,-14,-1,-22,2
13.619059,-11,-18,1,-2,-5,1,1,-21,2
13.641011,-8,5,-13,-8,19,-3,-8,-18,2
13.641019,-52,-14,-1,-4,-9,13,4,-2,2
13.641091,35,-11,-5,-2,-1,-15,-8,3,2
13.641147,5,6,7,1,0,11,12,10,2
13.662568,2,-2,1,0,-7,2,-7,-15,2
13.662583,-16,28,5,2,5,-40,-6,-1,2
13.665185,-47,-34,1,-2,-12,-11,-9,3,2
13.665190,-42,9,-6,-1,21,66,-22,5,2
13.676497,42,-8,8,2,-3,-18,3,-18,2
13.676517,23,-9,-11,-2,-5,-24,1,-5,2
13.683633,-12,64,5,3,-4,26,9,8,2
13.683662,13,-22,-4,0,4,-4,7,14,2
13.699988,45,-2,-3,-3,0,8,-3,9,2
13.700017,-24,12,4,3,12,19,-1,-8,2
13.701889,36,-6,6,2,-2,-14,6,5,2
13.701894,32,8,-4,-3,-11,-18,-8,-16,2
13.722147,-25,-4,-8,-4,0,-4,-1,9,2
13.722235,-32,-12,4,0,-1,4,3,10,2
13.723608,-24,-9,-4,-3,2,-9,-7,-28,2
13.723631,-45,-8,-1,-3,-8,-4,0,-7,2
13.736233,-11,2,2,5,-6,-17,3,15,2
13.736247,-13,-25,-2,-3,-7,27,3,-4,2
13.743116,32,-10,-3,-1,0,-8,-3,-8,2
13.743136,26,18,4,3,-9,3,10,7,2
13.759669,10,-34,-5,-3,17,3,-16,26,2
13.759699,-42,-16,-12,-9,-7,26,-28,-43,2
13.762375,32,30,8,3,6,2,3,18,2
13.762379,7,-52,-5,-7,-13,-21,4,-6,2
13.782033,57,9,3,4,-2,11,8,23,2
13.782046,7,12,8,9,7,3,3,-7,2
13.783355,5,-22,-2,-1,2,-8,-3,3,2
13.783368,3,6,0,-3,-2,2,-8,-12,2
13.798560,-67,-15,-3,-5,0,-2,1,-9,2
13.798566,33,1,-3,3,3,-9,-2,8,2
13.803343,9,2,2,-1,-3,4,6,-18,2
13.805795,3,5,2,3,12,-13,3,29,2
13.819633,12,9,-11,-9,-21,10,-5,-17,2
13.819655,-5,-9,0,-5,-4,-60,1,-6,2
13.821834,26,7,0,8,22,42,-11,18,2
13.821839,5,4,5,3,-4,2,8,11,2
13.843447,-24,4,-6,-7,0,-21,-4,-18,2
13.843453,40,-11,-6,-7,-4,28,-1,28,2
13.843455,9,-8,1,0,-10,-27,-3,-7,2
13.843457,27,12,-4,-1,-6,7,-7,-9,2
13.856452,-4,18,3,0,-2,-12,7,7,2
13.856475,28,8,7,2,6,11,9,10,2
13.863278,18,-10,-5,-4,-5,-12,-1,-26,2
13.863297,-81,-24,-11,-5,-2,9,-8,-21,2
13.880625,6,4,0,0,-3,-3,3,8,2
13.880645,4,27,1,-1,-9,3,-1,-12,2
13.882219,-4,-18,-2,-1,-1,-8,1,1,2
13.882225,-12,8,2,5,12,-10,2,7,2
13.901939,19,4,-4,-1,2,3,-1,-16,2
13.901961,-6,-2,4,2,-14,-9,-2,4,2
13.905064,-20,36,9,-4,12,4,9,44,2
13.905072,-11,-38,-12,-12,-9,1,-21,-53,2
13.916950,52,6,-2,7,-1,-11,11,24,2
13.916978,11,24,1,2,25,18,-26,-20,2
13.923317,23,-3,6,1,2,10,23,30,2
13.924861,-36,9,-3,-4,9,5,-11,-26,2
13.939588,-11,-1,-1,0,-9,-61,2,1,2
13.939616,-17,-17,4,0,-5,-12,2,-10,2
13.941236,-7,-6,-7,0,1,8,-4,-2,2
13.941253,12,16,1,-1,-8,-7,9,18,2
13.962583,-6,-4,-1,-3,-1,15,-7,-14,2
13.962612,7,-7,-2,-6,12,8,6,7,2
13.964138,-7,23,-2,4,-11,-17,-4,6,2
13.964142,6,31,-6,-2,-29,-7,9,27,2
13.976416,33,-32,-5,-8,30,7,-12,-26,2
13.976437,-21,-19,-6,-2,-9,8,9,1,2
13.983273,13,-10,-1,-1,-4,1,-4,5,2
13.983320,22,20,15,4,1,-9,5,5,2
14.000509,-14,2,1,5,-2,22,1,-2,2
14.000515,14,8,-4,-1,1,1,1,2,2
14.000927,0,-14,-3,-5,-3,-19,-3,-12,2
14.000934,-17,-5,-2,-2,18,4,9,7,2
14.022163,5,-3,-4,1,-10,-6,-12,-2,2
14.024180,-20,1,4,0,-18,-18,14,7,2
14.024188,-41,-3,-3,-3,27,23,-32,-56,2
14.024245,-42,-35,-19,-2,-3,-12,-6,16,2
14.035870,-57,-35,-2,-7,-10,39,9,-14,2
14.035899,0,1,3,10,3,-14,0,12,2
14.045136,29,12,3,-2,-5,6,8,9,2
14.045140,24,4,4,1,-14,11,-4,-3,2
14.061041,-7,4,6,0,20,-33,-4,2,2
14.061050,61,18,4,0,-7,2,13,12,2
14.061055,-61,22,-8,-1,-3,16,-7,-23,2
14.061059,45,21,-7,-6,14,-33,-22,-21,2
14.081942,-67,8,-1,-2,-20,32,3,22,2
14.081963,50,-13,-5,-4,2,-7,5,-9,2
14.084538,33,2,2,1,-3,-17,8,16,2
14.084544,6,4,2,5,-1,8,1,9,2
14.096239,27,19,4,3,3,7,2,-6,2
14.096260,-32,9,-3,-4,5,-7,-10,-19,2
14.107239,-34,-34,-5,-6,-14,9,1,-10,2
14.107247,3,2,2,2,4,-9,-11,10,2
14.119905,-3,-13,-4,0,-3,-17,3,1,2
14.119934,-29,-5,-4,-1,4,20,-3,-4,2
14.122855,33,9,3,-3,-13,-19,5,12,2
14.122869,12,5,3,-5,-4,9,7,-7,2
14.142207,-19,-3,0,14,1,-2,0,2,2
14.142224,-10,32,6,2,5,-2,-2,7,2
14.143593,-41,-6,-21,-9,-7,1,-13,-55,2
14.143610,-43,-7,3,-3,-3,-8,-1,0,2
14.155712,27,12,9,1,4,3,-4,10,2
14.155731,24,17,-1,-1,-8,5,7,1,2
14.165078,12,-28,-2,1,-3,-17,-4,0,2
14.165090,7,-2,4,0,4,5,7,5,2
14.179429,6,18,-5,-8,-7,7,-5,-13,2
14.179452,5,-16,1,0,3,-1,9,12,2
14.181136,51,-13,0,-1,-3,-12,-6,16,2
14.181232,-46,-25,-10,-7,-8,-3,-10,-40,2
14.201881,4,-2,2,0,0,-6,1,-5,2
14.201888,3,-20,-4,-1,6,6,-6,-12,2
14.203379,31,32,-6,-3,-16,6,-11,19,2
14.203392,9,1,-4,-3,17,-10,-7,-15,2
14.217085,39,-8,-3,-2,-8,-2,2,-11,2
14.217091,-37,-16,-4,-1,-1,5,-9,-2,2
14.225814,-19,-20,3,0,4,-6,14,1,2
14.225820,28,17,8,7,-11,5,2,6,2
14.239500,-3,16,-4,-6,1,-6,-6,6,2
14.239533,-21,-12,-4,-2,-1,-8,-12,1,2
14.241268,41,18,1,1,-4,2,13,16,2
14.241276,-41,-17,-7,-1,-11,7,-1,-14,2
14.263958,-23,-3,-4,-11,3,-5,-3,-3,2
14.263964,6,-8,0,5,-3,5,-3,1,2
14.263966,33,1,7,3,3,-17,3,17,2
14.263968,44,9,-1,2,3,9,8,-8,2
14.275648,3,-22,-5,-3,-3,-4,3,-5,2
14.275670,-14,17,-9,-7,-5,-9,-9,-9,2
14.285701,-9,-19,1,-4,5,34,4,-2,2
14.285706,29,22,7,8,-7,-69,1,26,2
14.300353,5,6,-6,-5,-6,23,0,-11,2
14.300372,42,-4,3,2,1,-4,-6,-9,2
14.302184,20,-3,2,2,4,-5,3,14,2
14.302188,5,9,4,-3,-2,18,-5,22,2
14.322271,-23,-16,-2,0,12,8,-6,-22,2
14.322295,-8,-9,-2,-3,-19,-27,7,5,2
14.324959,4,11,-2,3,-6,-2,-23,-14,2
14.324965,-48,-31,-8,-7,8,15,2,-8,2
14.336022,13,17,2,6,-3,-4,-3,12,2
14.336054,-20,-3,8,-3,1,-4,4,10,2
14.346048,-70,13,-8,-2,-8,16,-3,-27,2
14.346052,11,-17,-8,-3,2,-6,-8,7,2
14.359475,12,-7,0,-2,1,8,-5,-4,2
14.359487,-1,19,2,3,-4,-5,1,-1,2
14.361089,-13,-26,2,2,6,-13,7,9,2
14.361105,-14,8,1,-4,-12,7,4,-12,2
14.382356,-22,5,-1,2,9,-1,1,-8,2
14.382377,0,-27,-1,0,4,-3,-11,22,2
14.384298,17,-24,-2,-12,-3,25,4,-10,2
14.384303,-35,-22,-5,7,-2,8,1,-11,2
14.396446,-14,31,1,-4,-11,-18,-12,12,2
14.396475,-1,-19,-6,-1,15,12,1,-14,2
14.405689,-1,3,1,2,4,26,11,8,2
14.405697,11,-4,1,-4,-46,-43,5,9,2
14.420112,39,4,1,2,28,6,6,-3,2
14.420118,-14,16,0,1,0,14,2,5,2
14.420943,-34,3,0,2,-8,-22,-15,-20,2
14.420951,54,32,-5,-5,9,25,8,-2,2
14.442101,-19,-41,-10,-2,-16,-15,1,-1,2
14.442122,34,13,2,-3,0,-4,-1,1,2
14.444418,-18,-17,-2,2,4,-24,0,9,2
14.444422,9,1,6,6,7,5,0,2,2
14.455720,-9,0,1,-6,-4,-5,1,4,2
14.455743,-17,-7,-3,1,2,9,-4,-3,2
14.466284,29,11,1,-1,-4,-15,7,2,2
14.466290,34,6,5,3,3,9,-5,15,2
14.481845,-31,-24,3,2,-11,1,12,-23,2
14.481849,-8,-19,-20,-13,4,-3,-33,-7,2
14.481852,-5,1,-9,-1,-8,10,-8,-5,2
14.481854,-43,-36,3,1,3,-3,6,-5,2
14.502822,50,-1,-3,-4,-16,3,1,16,2
14.502845,33,4,8,9,11,-3,15,-11,2
14.505304,-16,8,-3,-3,5,-5,-5,-10,2
14.505312,13,3,3,-7,8,7,-3,14,2
14.524624,27,12,3,6,-4,2,3,5,2
14.524646,-32,3,2,-2,-4,2,2,-1,2
14.525994,0,-14,-1,-1,6,-11,-7,11,2
14.526074,-6,32,-1,-2,5,25,15,-14,2
14.539522,-58,1,6,3,-3,-61,-3,22,2
14.539541,-9,-27,-24,-15,-7,-48,-11,-62,2
14.541994,-3,7,6,3,-2,-11,1,18,2
14.542004,-18,-44,-3,0,26,8,20,-13,2
14.562694,-12,23,-2,0,-9,2,-20,-9,2
14.562721,0,7,6,4,-5,13,10,15,2
14.563506,30,7,5,-3,4,-5,8,5,2
14.563536,-13,3,-4,2,-7,-8,-10,-10,2
14.584788,14,7,-3,-4,3,10,3,21,2
14.584810,6,1,3,2,-12,-1,-2,-4,2
14.586446,-30,-13,-5,1,14,-4,-2,10,2
14.586457,-4,45,-1,-3,-10,-1,-7,-30,2
14.599402,3,2,0,2,2,0,2,2,2
14.599424,18,-2,-6,-9,-7,5,-12,-7,2
14.600830,-13,14,-1,3,0,-1,6,5,2
14.600836,32,-3,3,2,-3,-18,-10,17,2
14.621388,11,2,1,-2,6,20,3,-2,2
14.621431,-15,7,-1,-1,-1,-1,1,3,2
14.622165,11,-3,2,1,-1,0,-1,-1,2
14.622187,8,-4,1,-9,-29,-22,-8,-7,2
14.643861,14,-3,5,12,26,28,9,-9,2
14.643878,-7,2,4,4,7,42,9,12,2
14.645122,16,2,-10,-7,-19,-53,-16,-14,2
14.645128,-84,-26,-9,-3,2,4,-26,-2,2
14.658860,-14,-15,-1,-3,-5,23,-6,-3,2
14.658887,-6,26,9,3,2,-18,12,12,2
14.660352,45,7,1,2,6,16,11,5,2
14.660356,25,-8,-3,-1,-5,-1,3,6,2
14.683427,-9,-1,-1,-4,-6,0,-1,8,2
14.683432,-16,4,-2,-1,9,-2,-7,6,2
14.683434,-29,1,-1,0,-11,-17,-8,-28,2
14.683436,33,-9,-5,-12,7,-20,-3,4,2
14.704143,-13,-10,-3,12,-3,18,7,-11,2
14.704454,17,-2,-1,-5,-4,-8,-1,7,2
14.704790,48,-11,-1,-3,-3,6,-7,-4,2
14.704809,15,5,4,3,5,4,7,10,2
14.719234,34,9,-1,-5,-1,-21,-4,14,2
14.721265,0,-11,-4,-2,-8,1,-6,-16,2
14.721271,-69,-23,-4,-4,-4,15,-8,0,2
14.721272,-24,11,1,5,3,13,3,11,2
14.741285,24,5,-1,-6,-6,-10,-12,5,2
14.741301,-38,-3,-9,-2,-3,5,-1,-4,2
14.742847,48,-8,-2,0,6,7,4,-5,2
14.742853,51,17,0,-4,3,5,7,5,2
14.763887,-52,-35,-1,2,2,-11,-1,8,2
14.763900,37,-16,9,5,-5,-4,-3,-33,2
14.764408,-29,17,-22,-10,1,7,2,14,2
14.764422,-3,-10,-1,1,-2,-4,-36,-27,2
14.778604,36,-11,-3,-4,0,-5,3,0,2
14.778620,-4,7,8,4,4,10,15,13,2
14.786636,21,15,7,-1,1,2,2,1,2
14.786669,-1,-1,-1,2,-3,-6,-2,-7,2
14.801288,9,17,-1,-3,4,0,2,-4,2
14.801310,-61,-30,-5,1,-29,10,3,-6,2
14.803531,-19,-21,-3,-2,28,28,-3,-12,2
14.803541,14,6,-2,-2,8,-23,6,11,2
14.825469,-34,-1,-2,1,-3,2,3,-25,2
14.825475,26,-1,1,0,-17,28,3,18,2
14.825478,-6,7,5,2,17,14,5,7,2
14.825480,-4,-7,-3,4,-9,13,5,-3,2
14.841753,40,9,3,-7,16,10,0,-5,2
14.841759,-48,4,-5,0,-5,-53,0,-3,2
14.841762,33,-25,-5,3,-12,-11,0,0,2
14.841764,11,20,7,3,4,12,9,-7,2
14.861837,4,-4,-7,-5,-14,-11,-8,1,2
14.861852,16,12,-1,-3,11,3,-2,-4,2
14.864118,-19,13,4,2,-6,-12,-5,-8,2
14.864122,-24,-12,-1,1,-4,-10,4,10,2
14.884482,14,22,2,0,-8,-1,3,5,2
14.884510,35,-8,5,2,15,-1,-6,13,2
14.887445,-42,7,-12,-5,-9,3,-9,-10,2
14.887454,-45,-16,-8,-10,2,3,-15,-3,2
14.898506,16,9,4,10,-6,-3,2,-3,2
14.898545,12,4,-2,-2,6,0,-2,5,2
14.906476,-16,-1,5,0,-7,-7,4,10,2
14.906519,56,26,0,-2,-3,6,1,1,2
14.921350,-109,-38,-8,-4,-7,-11,-7,-15,2
14.921364,19,11,4,8,14,-8,9,1,2
14.922124,32,11,5,3,8,35,19,6,2
14.922143,-1,-21,-7,-2,0,-1,-5,-8,2
14.943914,-4,6,1,-7,-12,-8,0,7,2
14.943936,10,-7,-4,1,14,26,1,6,2
14.946193,-20,2,2,-4,-11,-49,-10,-7,2
14.946197,10,-11,1,5,-10,-4,4,2,2
14.958113,-15,4,-1,-3,6,11,1,-2,2
14.958136,51,12,-3,-4,-7,-10,-18,2,2
14.966590,8,-2,3,1,0,8,14,0,2
14.966622,-9,-5,2,-2,0,-8,-13,7,2
14.981328,29,3,-5,-4,-6,-10,4,-11,2
14.981378,31,17,4,3,3,6,-1,33,2
14.981910,-77,-11,2,0,-7,-3,-13,-34,2
14.981923,-36,-52,-6,-1,3,-10,4,6,2
15.003865,-40,-9,-6,-4,-3,-5,-1,3,2
15.003889,-30,14,-1,-2,-3,1,4,24,2
15.006145,54,2,4,-2,-1,-4,-5,5,2
15.006151,-42,9,1,5,0,2,12,3,2
17.029431,-11,-2,0,1,3,-3,-1,-1,0
17.029605,3,0,-3,-2,1,4,-1,1,0
17.030910,-3,-5,1,2,-1,-1,0,2,0
17.030962,-8,8,-1,0,1,-1,-1,-3,0
17.043135,4,-4,0,-3,-2,-3,-1,-2,0
17.043222,-6,-2,-1,-1,-2,4,-3,-5,0
17.051949,-3,-2,-2,1,0,1,8,-1,0
17.051977,17,3,-1,-2,-3,-11,-3,-3,0
17.067591,16,-5,-1,-3,0,3,-7,1,0
17.067621,-21,10,0,-4,-1,-2,-2,-2,0
17.069826,-79,-16,-2,2,-2,0,0,-5,0
17.069835,38,11,3,2,-5,4,7,4,0
17.089496,-17,-3,-1,-3,-1,-2,0,-4,0
17.089525,25,-11,-3,-1,5,-2,1,-3,0
17.090459,12,-1,-5,-4,-4,2,-3,0,0
17.090485,-10,4,-3,-3,0,0,-2,-2,0
17.103021,-1,-3,4,9,-1,-1,1,2,0
17.103035,-11,8,1,-2,-4,0,-1,2,0
17.111563,19,6,1,-2,0,-1,-3,-2,0
17.111583,-14,-13,-5,-2,-3,0,-5,-5,0
17.127118,7,5,0,-2,-1,0,-1,-1,0
17.127147,0,-5,0,3,-2,-1,3,0,0
17.129661,15,5,-2,-2,0,-1,-3,-2,0
17.129666,-12,2,0,0,-3,-2,-3,0,0
17.149996,-7,1,1,-4,-3,4,8,-3,0
17.150024,8,-5,-1,1,3,-9,-8,0,0
17.152008,29,6,1,1,3,-2,3,3,0
17.152012,-32,-10,-7,-3,-4,14,-11,-4,0
17.163510,14,4,-2,-4,1,-3,-2,-1,0
17.163538,-7,-8,-1,3,-2,1,1,-1,0
17.171359,25,5,2,0,-4,-4,-1,1,0
17.171384,-2,-1,1,1,2,-1,5,-2,0
17.186881,0,-3,-2,-4,1,-2,-1,0,0
17.186903,-12,-4,0,-2,-3,-3,-2,1,0
17.188128,1,0,-2,-2,1,1,-3,-1,0
17.188136,0,9,1,0,-4,-2,1,2,0
17.209477,-10,-9,-1,0,5,-3,-4,-1,0
17.209490,6,1,0,-2,-4,-3,0,-1,0
17.210113,-11,-5,-3,-2,-2,2,-1,-1,0
17.210125,6,-1,1,1,-1,-3,-1,-1,0
17.223695,-3,6,1,-2,-3,-3,1,1,0
17.223699,-3,2,0,-2,3,2,2,-1,0
17.231425,3,-6,1,1,-4,0,-1,1,0
17.233492,4,12,0,-4,4,-4,4,1,0
17.247691,-10,-9,-1,2,-1,-1,1,-3,0
17.249347,-33,-2,-2,1,-2,6,7,-3,0
17.249351,-20,-11,-5,-4,-4,-6,-15,-9,0
17.249353,18,3,0,-4,-3,-3,3,4,0
17.271000,6,2,-1,3,1,3,1,-2,0
17.271006,4,1,1,-3,-1,0,-2,2,0
17.271008,-5,2,1,0,1,-2,5,3,0
17.271010,9,0,0,0,0,-1,-1,-1,0
17.286336,5,-7,-5,-2,-3,0,2,-3,0
17.286347,-6,5,-2,-1,-2,3,3,1,0
17.291327,9,-2,-2,-3,-1,-11,-10,-2,0
17.292609,-10,-4,-3,1,-1,-2,0,-4,0
17.307132,-2,2,1,0,-3,-2,0,3,0
17.307153,10,-6,-2,2,1,-2,2,0,0
17.308481,6,-1,-1,-3,1,4,3,-3,0
17.308485,-11,6,-4,-1,-1,-1,-4,-1,0
17.331134,-3,-1,-1,-2,-2,-3,-2,0,0
17.331146,37,6,1,0,2,-1,-3,-1,0
17.331150,-2,-3,-3,-2,4,-2,0,0,0
17.331153,-58,-17,-3,-1,-3,1,0,-2,0
17.352095,6,-2,-3,-6,6,0,-3,-4,0
17.352139,9,2,1,5,-14,-3,-5,2,0
17.352578,7,4,0,-2,-2,-2,-3,0,0
17.352591,9,-6,1,1,0,0,3,1,0
17.367294,7,2,-1,-1,1,-1,-2,-2,0
17.367313,-21,-3,-2,-3,0,0,-3,-3,0
17.367980,-5,1,0,0,-4,1,1,1,0
17.367999,9,-1,1,1,5,2,0,-2,0
17.389974,20,10,1,0,-5,-5,-3,-3,0
17.389999,-22,-8,-5,-3,1,-4,2,-2,0
17.392149,-7,-4,-1,0,-3,2,5,2,0
17.392156,10,7,0,1,-2,2,9,1,0
17.411906,6,2,3,0,-2,-6,-10,0,0
17.411927,-6,2,-1,-1,2,0,5,-3,0
17.412569,-1,0,-2,-4,1,0,-1,-2,0
17.412575,16,-3,0,3,-4,-2,-1,0,0
17.426916,-15,-3,-1,1,-3,1,5,0,0
17.426931,-5,-2,-1,-4,-2,-3,-5,-2,0
17.427872,20,5,-2,2,0,0,-2,1,0
17.427889,-42,-9,1,-6,0,-2,-6,-5,0
17.450276,-6,-9,-2,0,-4,0,-2,-4,0
17.450304,-2,-3,-3,0,0,-5,-8,-3,0
17.451804,5,12,0,-1,0,-1,3,1,0
17.451808,14,-1,0,-3,0,-4,0,1,0
17.473686,-4,1,-1,-3,-1,0,-2,0,0
17.473715,9,-4,0,-1,1,-3,-1,0,0
17.473717,-14,-3,-2,-1,-1,0,-1,-4,0
17.473718,8,3,0,-2,-1,-1,-5,-3,0
17.486035,-8,-3,-2,2,-1,0,1,0,0
17.486067,0,-2,0,-2,0,1,-3,1,0
17.494441,-5,-3,-1,1,-5,-1,-1,-2,0
17.494457,3,-3,-4,-5,1,-3,-3,-2,0
17.509624,1,-1,0,0,0,-2,1,1,0
17.509646,3,0,2,-1,-2,0,2,0,0
17.511178,-11,-1,-1,0,1,0,-3,-6,0
17.511184,-7,-7,-1,0,-3,-4,-3,0,0
17.532454,9,0,-1,-2,-1,1,1,1,0
17.532474,21,4,0,-2,-6,5,-2,2,0
17.533981,-8,-2,-1,2,3,-11,-6,-1,0
17.534052,18,-2,0,3,-2,2,15,3,0
17.546088,-41,4,-5,-3,-3,-11,-28,-7,0
17.546108,10,-10,-2,-2,0,-2,4,-6,0
17.557178,-10,-6,-4,0,-2,2,3,1,0
17.557185,-3,5,-1,-8,-6,-4,-7,-2,0
17.569485,14,3,0,7,9,6,9,3,0
17.569498,-32,-1,-2,-5,-1,-3,-1,-1,0
17.571040,-7,-7,-1,0,-2,-1,-3,0,0
17.571078,-5,2,-1,0,1,-2,-4,-2,0
17.592080,-7,-3,2,-3,-2,1,2,1,0
17.592101,-4,0,-1,2,1,0,-6,1,0
17.594174,-4,-4,1,-1,-3,3,3,-3,0
17.594179,7,11,-3,-1,-3,-4,-6,0,0
17.605789,7,-4,-1,-2,-3,-2,3,-1,0
17.605808,7,2,0,-1,1,0,0,-1,0
17.615875,-4,-2,1,-3,1,0,-2,-1,0
17.615880,-17,-5,0,3,0,0,-2,-1,0
17.630428,-10,-9,-2,-3,-7,-1,0,-1,0
17.630445,1,1,-3,-2,2,-2,0,-4,0
17.631126,2,-1,0,2,5,0,0,-1,0
17.631147,26,-2,2,1,-10,0,-3,-1,0
17.652362,-30,-2,-1,-5,-2,2,3,-5,0
17.652395,-9,-3,-4,-1,-2,0,-3,1,0
17.655310,12,3,0,-5,1,0,-3,1,0
17.655319,-1,-3,-2,2,2,3,2,0,0
17.666079,21,5,-1,-1,-2,-12,-7,1,0
17.666107,2,-1,-1,0,1,-1,-1,-2,0
17.675435,-14,-1,-3,-2,-6,-1,-2,-1,0
17.675439,13,-5,-2,-3,2,5,2,0,0
17.689816,-14,4,-2,2,-2,-7,-6,-4,0
17.689847,-15,-7,-2,-3,0,9,0,1,0
17.692295,4,4,0,1,-1,-2,2,-1,0
17.692302,-14,-12,0,1,0,-3,-13,-2,0
17.712118,6,8,-3,-4,0,3,6,0,0
17.712134,-2,-2,-1,2,0,-3,-4,-3,0
17.714005,7,5,-2,-4,-1,0,1,-1,0
17.714010,-16,0,0,0,-1,-2,2,-2,0
17.725609,16,-7,-2,1,1,0,2,-1,0
17.725631,34,4,3,-1,-2,-5,-2,1,0
17.735919,-21,-5,-1,1,-2,1,1,-4,0
17.735924,-18,-6,-5,-3,-3,-5,-4,-2,0
17.750052,4,1,0,1,4,4,-2,0,0
17.750081,-1,1,0,-3,-1,0,2,-1,0
17.751635,10,-5,1,-2,0,-2,-3,1,0
17.751638,-3,1,-1,1,0,-4,0,-2,0
17.771964,2,-3,0,0,-5,4,0,-4,0
17.772022,-8,-3,-4,-5,-4,-3,1,1,0
17.773628,0,2,2,1,9,-3,-2,-2,0
17.773648,-1,3,0,4,-2,2,-2,-4,0
17.785521,1,-4,0,-4,1,2,2,0,0
17.785534,-9,-1,0,-1,-3,-3,-3,-1,0
17.794945,0,-1,-2,-2,-6,-1,-3,1,0
17.794950,1,6,0,-2,1,2,2,0,0
17.809392,-13,-11,-1,-1,-3,-6,-5,0,0
17.809419,-24,-5,1,-5,-1,-2,-1,-2,0
17.811548,-22,4,-3,6,-2,0,-1,-3,0
17.811554,-7,-12,-3,-3,-1,-2,-3,-2,0
17.832142,4,1,-2,-3,0,3,2,2,0
17.832148,9,1,-1,0,0,1,1,-1,0
17.833372,3,-4,-1,-3,-1,-1,-1,-3,0
17.833385,3,3,-1,0,0,-1,0,-1,0
17.848744,5,-3,-3,0,-1,0,-3,-2,0
17.848750,19,1,0,-6,-2,-1,0,0,0
17.856788,28,-6,5,6,3,-2,8,3,0
17.856795,-45,13,-6,-8,1,-1,-17,-13,0
17.869704,7,-4,-1,-1,1,-3,-1,0,0
17.869725,-9,1,0,1,-2,-2,-2,2,0
17.872252,9,-5,-4,-4,-2,-2,2,0,0
17.872262,16,-3,-1,1,-1,1,-2,4,0
17.892095,-8,0,2,-1,-2,-2,1,-1,0
17.892112,-7,1,-2,2,2,-1,-3,-2,0
17.894339,1,0,-3,-3,-2,-1,-1,-2,0
17.894345,12,-3,-1,0,0,-1,3,2,0
17.905922,-11,1,0,-3,-2,0,-2,-1,0
17.905947,11,-3,-1,2,-1,-2,0,-1,0
17.916741,13,3,-1,-2,-3,1,-3,-1,0
17.916747,-41,-6,0,2,-1,-2,2,-1,0
17.929459,8,-1,0,-2,0,-1,0,1,0
17.929474,1,-2,-1,2,-2,-1,2,-1,0
17.930842,-23,1,-3,0,-2,-2,-3,0,0
17.930851,24,-2,-1,-4,0,-3,0,0,0
17.952085,8,-1,-1,0,-1,0,2,1,0
17.952107,-17,-2,-3,1,-3,-1,-2,-3,0
17.953550,-3,2,1,-4,-1,-2,-4,-1,0
17.953612,15,1,1,2,-2,-1,3,2,0
17.965898,-6,-1,1,-1,-4,4,2,-2,0
17.965920,7,6,-1,1,3,-4,-2,-1,0
17.975138,-7,-5,-2,1,9,4,9,2,0
17.975143,36,-3,0,-1,-15,-10,-10,3,0
17.989652,-41,-1,-4,-6,-5,11,1,-9,0
17.989679,4,0,-2,4,-3,0,-1,-2,0
17.991044,-27,-6,1,-7,-2,-2,4,-2,0
17.991079,3,0,1,9,2,1,3,0,0
18.012507,18,2,-1,-3,1,-5,-2,2,0
18.014850,5,-3,-1,-1,-3,2,0,0,0
18.014855,5,-1,-4,-3,-5,1,-2,-2,0
18.014857,0,4,2,-4,1,-2,1,1,0
18.025844,1,-6,1,0,-2,-6,-1,1,0
18.025866,-19,4,-3,-2,2,-1,-8,-5,0
18.035149,10,-1,0,4,-4,-5,-7,-2,0
18.035189,-6,-5,-1,-7,0,0,-2,-1,0
18.051681,14,1,0,3,2,0,4,1,0
18.051686,2,-4,0,-4,1,-3,0,0,0
18.051688,-13,-1,-2,-3,-5,1,-4,1,0
18.051690,12,1,2,1,0,1,2,-2,0
18.072269,-6,-1,-2,0,-1,-3,-2,-4,0
18.074406,4,-5,-2,-1,-3,2,-3,2,0
18.074415,17,3,0,-7,-2,-1,-4,0,0
18.074417,-15,-5,-2,8,10,0,2,-4,0
18.086377,10,-1,-1,-4,-7,-4,-3,-1,0
18.086396,4,-1,1,2,5,1,0,-3,0
18.095679,-11,-7,-4,-1,-2,2,4,-1,0
18.095691,4,11,-4,-5,1,-9,-5,1,0
18.110063,-40,5,1,1,-1,1,-4,-2,0
18.110092,24,1,0,-2,-3,-3,5,2,0
18.112416,-6,-1,-1,-1,-2,9,-11,-2,0
18.112422,1,-1,1,-2,-4,0,-3,1,0
18.132597,10,-1,-2,0,-1,-2,-2,-4,0
18.132626,-15,-10,-4,-4,-2,0,-3,-5,0
18.134665,-8,0,0,-1,-1,-2,3,1,0
18.134669,-5,-2,-2,-1,-2,0,4,0,0
18.145587,20,0,0,1,2,-2,-9,1,0
18.145626,-14,4,0,-3,1,-2,4,0,0
18.157245,2,-2,1,4,-1,-8,-3,-2,0
18.157254,15,-3,0,-4,-3,3,-1,-2,0
18.169909,-12,-2,0,0,2,-2,4,-1,0
18.169948,10,-2,-1,-5,-2,0,2,2,0
18.172362,-2,-1,-1,5,0,-4,-8,-2,0
18.172369,-7,4,1,-3,-1,0,4,-1,0
18.191969,-7,-6,-2,1,2,1,-2,2,0
18.191976,-37,2,3,1,0,-2,-4,-1,0
18.193414,31,1,-4,-2,0,0,4,-4,0
18.193428,-20,-12,-3,1,-1,1,1,1,0
18.206982,-1,3,2,0,-1,0,-1,3,0
18.206990,12,-6,-2,2,-3,-1,-4,-1,0
18.215229,4,3,1,-4,-1,-3,1,0,0
18.215235,6,-2,-1,2,-1,3,2,0,0
18.229448,-2,-2,-1,-6,1,-10,-4,-1,0
18.229470,10,3,-1,5,7,0,-1,-2,0
18.230905,26,2,-2,-3,-4,-3,2,1,0
18.230918,-42,-9,-3,-1,6,0,-2,-4,0
18.253960,11,-1,-2,-5,-1,1,6,-2,0
18.253966,-1,-3,1,6,4,2,-5,0,0
18.253968,1,2,-3,-3,-4,-3,-9,0,0
18.253970,9,3,0,-1,-3,0,1,1,0
18.274489,18,-2,-4,-1,-2,-5,-2,-2,0
18.274511,-19,-3,0,-1,-5,1,2,-2,0
18.275949,-15,-3,2,1,1,1,3,-2,0
18.275969,8,5,-2,-1,-3,-3,-4,-4,0
18.289645,-2,-6,-2,1,-1,4,2,0,0
18.289676,6,-2,-1,-2,-5,-2,-1,2,0
18.291828,11,5,0,0,0,0,1,1,0
18.291833,28,0,-2,-4,-1,0,0,-3,0
18.312644,-64,-18,-2,-2,-4,-1,10,-7,0
18.312672,4,-3,-3,-2,-2,-3,0,0,0
18.314926,5,2,-2,-3,0,-2,0,0,0
18.314931,-6,1,3,1,0,-2,-7,-1,0
18.334383,19,5,0,-1,0,2,3,2,0
18.334396,-2,10,-2,-7,-3,-1,0,-4,0
18.335898,-43,-11,2,10,0,0,0,-1,0
18.335911,3,2,-2,-6,-3,-1,2,-1,0
18.349076,13,3,-1,3,1,7,3,1,0
18.349094,-1,-6,-1,-2,-2,-10,-11,-1,0
18.355854,2,10,-6,-3,-1,-1,-3,0,0
18.355883,-5,0,-2,-6,-2,0,-1,-1,0
18.372264,9,-9,-2,5,1,0,-4,0,0
18.372287,-15,5,0,-2,-1,3,11,1,0
18.374299,9,-8,-1,-1,-3,1,-7,-5,0
18.374306,-1,-5,-2,-3,-1,0,1,-2,0
18.394456,-7,2,-1,-3,-2,-3,-8,0,0
18.394463,12,0,1,1,-1,-1,8,3,0
18.396067,1,-2,-1,-1,0,1,-1,-4,0
18.396131,4,1,-1,-1,-1,0,0,2,0
18.409496,-20,4,-2,-2,6,-3,-3,-5,0
18.409503,-9,-5,-5,7,1,-1,-4,-4,0
18.410840,-6,-4,0,-5,-2,-2,2,-1,0
18.410847,6,1,0,-2,0,-2,-4,0,0
18.432475,7,6,3,2,-5,-2,1,2,0
18.432496,1,-8,-3,-3,0,1,-5,0,0
18.433721,-11,4,-2,-5,2,-3,0,-1,0
18.433726,7,-4,0,3,-3,-2,1,1,0
18.457340,16,12,2,0,-1,-1,-3,4,0
18.457348,-53,-15,-5,-4,-2,-1,-1,-7,0
18.457351,-6,-11,1,0,-3,2,7,4,0
18.457353,-1,9,-3,-6,-1,-6,-8,-3,0
18.469161,3,-1,0,-2,-2,1,-1,0,0
18.469200,18,5,1,1,-2,-2,-3,1,0
18.475739,0,-1,-1,-1,0,2,2,-2,0
18.475760,-7,-6,-2,-1,0,2,0,-2,0
18.492119,1,1,0,-9,0,-3,3,-1,0
18.492138,13,5,0,4,-1,1,-8,1,0
18.493488,5,-8,-2,-2,-2,-3,-1,-1,0
18.493505,3,7,0,1,-1,0,18,-1,0
18.515293,5,-7,-6,-2,-6,-1,-18,-3,0
18.515322,4,-2,-1,-5,-1,-2,6,-3,0
18.517126,-9,-2,-3,3,-1,-2,-4,-1,0
18.517145,-10,-2,3,3,-1,-1,1,-1,0
18.529600,-2,-2,-1,-1,-1,2,4,0,0
18.529715,6,0,-1,-2,-1,0,-2,-1,0
18.535447,2,2,0,-2,-1,-2,-3,0,0
18.535498,2,-4,-3,-2,-1,-3,-3,0,0
18.551983,1,-1,-1,1,0,-1,0,-3,0
18.551988,-3,1,0,-2,-1,-1,-4,-2,0
18.553353,7,1,-3,-6,0,-1,0,-1,0
18.553366,-13,-4,-1,6,-2,1,-6,-2,0
18.574566,30,3,-1,-4,0,-2,-2,0,0
18.574583,-39,-14,-4,0,1,-2,3,-5,0
18.576705,8,-2,-1,-7,-1,0,0,-2,0
18.576712,-1,-1,0,5,-1,0,-4,-1,0
18.589096,4,-2,-1,0,-4,-2,1,1,0
18.589123,18,7,0,-3,-3,-1,-1,1,0
18.595527,0,-1,1,0,0,-2,-1,-4,0
18.595550,-2,-6,-1,-3,7,1,-4,-1,0
18.612511,-23,-2,-7,-3,-8,2,4,-2,0
18.612516,10,4,2,-1,0,-8,-11,0,0
18.618343,-6,-1,-2,1,0,1,1,-4,0
18.618367,7,-2,0,-6,2,-2,1,1,0
18.634384,4,-1,2,6,2,1,1,-2,0
18.634405,-3,-1,0,-4,-1,1,2,-2,0
18.636028,12,1,-1,1,1,-3,-3,2,0
18.636041,19,2,1,-1,-3,-2,5,0,0
18.649138,-22,-11,-5,-9,0,-1,-10,-8,0
18.649166,-20,1,-1,3,-3,-1,-1,-1,0
18.655992,-42,-23,0,1,-2,0,1,-3,0
18.656026,28,5,0,-3,0,-2,0,-2,0
18.672353,6,3,3,1,0,0,5,1,0
18.672382,5,-3,0,-4,1,2,4,2,0
18.674982,5,4,-1,0,-1,-1,-5,1,0
18.674988,-18,-6,-4,-3,-2,2,4,-4,0
18.694623,-8,-2,1,-1,-1,-1,-4,0,0
18.694639,21,-1,-2,0,-2,0,-2,-2,0
18.696272,9,3,-2,2,0,-1,5,0,0
18.696276,-4,-6,-3,-2,-6,-2,-6,-1,0
18.708788,-8,6,-1,-6,-1,-3,-5,0,0
18.708810,15,-6,4,3,0,-2,4,-3,0
18.716005,-15,19,-4,-3,-2,-1,-4,-2,0
18.716034,-13,-7,0,0,0,-2,-4,-2,0
18.732647,14,0,-1,3,1,1,-1,0,0
18.732674,-18,-1,-1,-4,0,-4,0,1,0
18.734245,-1,-1,2,-3,-1,-2,-3,0,0
18.734249,12,1,-1,-3,1,-3,-5,3,0
18.754548,1,6,-2,-2,-3,9,6,-2,0
18.754596,-4,3,-3,0,-1,2,-1,2,0
18.756171,-8,-2,1,-1,-2,-2,1,-3,0
18.756191,14,6,-1,1,-1,-1,-3,0,0
18.768055,-39,-2,2,2,2,1,12,0,0
18.768086,75,-10,-5,-5,-2,-4,-15,0,0
18.777992,3,0,-1,-1,-2,2,0,-1,0
18.777998,-8,-4,0,0,-1,2,-2,-1,0
18.792182,2,4,-1,0,-1,-7,-3,-1,0
18.793828,-16,2,-1,0,-1,2,4,-2,0
18.793835,5,-2,-2,-5,1,-2,1,-2,0
18.793837,2,0,1,3,-3,-2,0,-1,0
18.815089,3,-4,1,0,-1,-4,-3,0,0
18.815095,-16,1,-3,-4,-1,0,-1,-2,0
18.815858,11,-3,0,0,-1,-2,-4,-1,0
18.815871,-21,-5,-3,-5,1,-1,-1,0,0
18.830805,31,8,-2,0,3,-3,-1,1,0
18.830811,-45,-1,3,-4,-2,4,3,-2,0
18.838256,-17,1,-1,4,-1,-9,-6,-2,0
18.838261,-3,-1,-3,-4,-4,-1,-1,-4,0
18.851922,4,-8,-3,-2,-2,-2,-3,-1,0
18.851942,19,3,-1,1,-1,-2,-1,1,0
18.853348,1,0,1,-1,-1,5,5,2,0
18.853381,-8,-1,-1,-4,1,1,-1,-2,0
18.874523,4,-3,0,3,-1,-4,-4,-3,0
18.874561,-12,2,-2,-2,1,0,2,0,0
18.875933,2,-3,-1,-1,-2,-1,-4,1,0
18.875947,0,0,-2,0,0,-3,0,0,0
18.888928,-5,-5,-1,-5,0,-2,-2,-1,0
18.888970,0,-1,-2,-1,-2,-1,-2,-2,0
18.899081,6,-2,0,0,1,-2,-2,-2,0
18.899090,-3,0,-1,-2,-1,-3,-3,1,0
18.912382,-8,-3,0,0,1,-1,-4,0,0
18.912402,1,0,-1,1,-1,-1,-1,-1,0
18.913322,4,0,-1,-4,-1,0,-3,2,0
18.913335,-9,0,-1,0,0,2,2,-4,0
18.934826,-2,-5,-1,-2,-2,-2,-2,-2,0
18.934855,5,0,-1,-2,-1,-2,-1,-1,0
18.936483,2,0,-2,-2,-2,-1,0,0,0
18.936487,-1,2,1,-8,0,-2,-1,0,0
18.948476,1,-1,0,14,0,1,0,-2,0
18.948497,1,1,-2,-3,-2,-3,0,1,0
18.958212,-5,1,-1,-1,-1,-2,0,-2,0
18.958220,4,-5,-2,-6,-2,-1,-3,-2,0
18.972285,-4,-1,-3,0,0,0,3,0,0
18.972290,-18,-3,-1,-1,-1,-1,1,2,0
18.973589,6,-1,2,0,1,-1,-1,0,0
18.973607,-8,0,-1,1,-4,0,-2,-3,0
18.994490,1,-3,-1,-7,-8,-5,-1,-3,0
18.994506,-3,2,-2,-2,2,10,15,-3,0
18.995853,1,5,0,-1,0,-15,-13,-3,0
18.995860,26,-13,-4,0,-2,-2,-7,-6,0
19.008127,4,2,2,-1,-1,0,4,2,0
19.008146,7,-8,1,0,-3,0,-19,-3,0
19.019295,-1,13,-4,-9,-2,2,4,-1,0
19.019301,-10,-1,3,8,0,-1,2,2,0
19.034510,8,-4,-3,-5,1,-1,-2,-5,0
19.034522,28,4,-1,0,1,-1,3,5,0
19.034527,-24,-11,-3,-1,-1,4,0,-9,0
19.034586,-8,0,-1,-2,-1,-2,-3,3,0
19.054857,6,-4,-5,-4,0,1,-1,-6,0
19.054884,-4,-3,-1,-4,-2,-5,1,2,0
19.057202,17,-1,-3,7,-2,0,-2,1,0
19.057210,-5,4,2,0,2,3,6,0,0
19.068018,-12,-6,0,1,0,-3,-5,0,0
19.068032,5,-3,-1,0,0,-3,-2,-1,0
19.078145,-1,-4,-2,-1,-2,2,1,1,0
19.078154,-1,1,-4,-2,-2,-1,3,-3,0
19.092015,17,4,0,-3,1,-4,-1,3,0
19.092037,-39,-2,-3,0,-1,-5,-4,-5,0
19.094010,5,-4,-1,0,-1,4,6,1,0
19.094014,-8,1,-1,-3,1,-6,-6,-2,0
19.114504,-4,-5,-1,3,-2,3,11,0,0
19.114526,1,5,-1,-2,-2,-6,-12,-5,0
19.116141,-1,-3,0,0,0,-2,0,2,0
19.116167,0,5,-1,-2,-2,3,-1,1,0
19.128231,-11,-4,-1,-7,-2,-2,-2,-2,0
19.128255,8,-2,-1,7,0,2,5,1,0
19.137856,-11,-2,2,-3,-3,2,8,1,0
19.137864,-13,4,0,2,-2,-2,-11,-1,0
19.152299,34,-3,-2,-6,-1,1,-1,-1,0
19.154346,-33,1,0,1,-1,-1,-4,-3,0
19.154355,4,-8,-1,-2,1,-2,-1,1,0
19.154357,8,6,0,-5,0,0,6,-1,0
19.174442,-12,0,-1,6,-1,-2,-8,0,0
19.174449,1,1,-1,-6,0,1,2,-2,0
19.175866,14,-9,-2,1,-1,-2,-2,-4,0
19.175922,-1,-3,-2,-1,-1,-3,2,-2,0
19.190236,-28,1,1,-3,3,-2,-3,0,0
19.190242,26,-1,2,0,1,-5,0,-2,0
19.198459,-12,1,-1,1,-3,10,7,-4,0
19.198463,-5,-6,-1,-1,-3,0,-4,0,0
19.211868,-3,1,-2,-6,-1,-7,-12,-3,0
19.211883,2,-1,-1,7,-1,-3,4,1,0
19.213558,-4,4,0,-4,1,-3,-7,0,0
19.213562,1,-9,-2,1,1,4,4,-2,0
19.235004,10,1,0,-4,-1,2,6,-1,0
19.235032,-18,-4,-2,0,-3,4,-7,-3,0
19.237235,17,4,1,-4,0,-4,4,1,0
19.237239,-23,-10,-3,3,-3,-2,1,-2,0
19.257084,-9,-4,-2,-1,-1,-1,-3,-1,0
19.257110,-8,4,-2,-2,0,-2,-3,1,0
19.258773,9,-6,0,-3,-2,-1,-1,-2,0
19.258778,2,-1,2,1,0,0,2,-1,0
19.271964,-12,1,-3,-1,0,-3,-16,1,0
19.271987,12,-2,-1,-7,0,0,6,1,0
19.274459,-17,3,-1,6,5,-3,-3,-1,0
19.274464,7,11,-2,0,-1,0,-3,-1,0
19.295175,-8,-4,-1,-1,-1,-1,4,-1,0
19.295214,11,-3,0,2,-3,1,1,-1,0
19.296879,-1,0,-2,-2,-1,-2,-4,1,0
19.296885,-4,-4,1,-2,0,0,1,-2,0
19.316928,4,0,-1,1,-2,1,1,-2,0
19.316941,3,4,-2,-8,-1,-1,-2,-4,0
19.318409,-15,-9,-3,5,-4,-2,-1,0,0
19.318439,6,2,0,-3,1,-5,-2,2,0
19.331858,-6,0,0,-2,-4,13,5,-3,0
19.331872,14,-1,0,0,0,3,3,2,0
19.333368,-26,5,-2,-3,-1,-5,-10,-1,0
19.333398,21,-2,-1,-1,-1,-1,0,-2,0
19.354825,-6,-7,-2,0,1,-2,-2,1,0
19.354855,9,-3,0,-3,-1,3,2,-2,0
19.357125,5,2,-2,-1,-2,3,12,0,0
19.357131,4,0,-1,-5,-1,-5,-14,-4,0
19.378844,3,5,1,5,0,0,3,0,0
19.378849,-16,-5,-2,-2,-2,-2,-3,-4,0
19.378851,37,-5,-1,-3,-3,-2,-1,-2,0
19.378853,-15,4,-3,-2,-2,1,0,-1,0
19.392816,-2,-2,-1,1,0,-1,0,-2,0
19.392821,2,0,-2,-6,3,-3,-5,1,0
19.398479,3,2,0,9,-16,3,1,0,0
19.398498,-13,-5,0,-4,-6,-1,2,-1,0
19.414352,37,2,2,1,4,-2,2,0,0
19.414367,-32,2,-2,1,-3,-3,-25,-5,0
19.416204,-23,-8,-4,-10,2,-1,-3,-4,0
19.416223,9,-1,-1,3,-2,0,0,-1,0
19.437969,1,-2,0,0,-5,-2,0,0,0
19.437997,11,2,0,-2,-1,1,8,2,0
19.440621,-4,-6,-1,-3,4,-2,-5,2,0
19.440628,1,1,1,-2,0,-2,0,-1,0
19.451733,0,-1,-3,3,2,0,4,0,0
19.451766,3,7,-2,-4,1,-6,-1,-1,0
19.458187,-8,-4,1,1,0,-1,-4,-2,0
19.458208,3,-2,-3,-1,1,2,4,0,0
19.474609,-22,-4,0,-3,-2,-1,3,-1,0
19.474632,16,-5,-3,1,-4,2,-9,-2,0
19.476164,12,2,-3,-4,1,-4,-7,-1,0
19.476272,-7,-9,-1,0,1,1,2,-3,0
19.496847,-1,-1,0,0,-2,-3,-5,0,0
19.496862,-9,-6,-1,0,-3,1,7,-2,0
19.498722,13,4,2,-1,3,-1,4,-2,0
19.498734,6,2,0,0,-2,-2,-7,-1,0
19.511904,0,0,-1,-4,-2,0,-2,-2,0
19.511926,-21,-1,-1,-1,-2,-2,3,-1,0
19.518201,-8,-2,-1,0,-1,0,-3,-3,0
19.519308,-17,0,-2,1,-1,-2,0,2,0
19.534624,-3,-3,-3,-3,-3,-1,-1,-2,0
19.534630,-2,-4,3,1,0,-1,0,1,0
19.535819,-14,-1,2,3,-1,3,2,2,0
19.535888,52,16,0,-1,11,-3,1,4,0
19.557185,-88,-23,-8,-4,-2,-3,-7,-12,0
19.557210,-2,-5,-2,-2,-2,-1,2,-1,0
19.559203,3,5,-2,-3,2,-3,-5,-3,0
19.559207,5,-2,0,0,-5,3,7,1,0
19.571620,22,9,1,-2,0,-3,-3,1,0
19.571652,-6,-2,-3,1,1,0,0,-2,0
19.578841,2,-2,-1,-2,-2,0,5,0,0
19.581057,-5,-4,-1,-2,-4,-6,-5,-3,0
19.596688,5,-1,0,0,-1,1,3,1,0
19.596695,5,3,0,0,-1,3,12,0,0
19.596698,-8,-4,-2,-4,-1,-6,-14,-4,0
19.596699,-15,-4,-3,-9,-3,-3,0,1,0
19.617364,9,-5,-1,9,1,-1,-4,-1,0
19.617386,14,-3,-1,-1,-1,-1,2,0,0
19.619044,-7,3,-1,-1,-1,2,4,-1,0
19.619049,-5,-5,1,-4,0,1,-1,-2,0
19.631347,10,2,-1,-2,-3,-2,-1,0,0
19.631368,-2,2,0,1,-2,0,-3,1,0
19.638474,-8,0,-3,-3,-2,-3,-1,0,0
19.638504,-5,-4,-3,1,-3,2,-3,-2,0
19.655110,22,10,0,-4,-1,-3,5,0,0
19.655155,-40,-21,-7,-2,0,-6,-5,-10,0
19.657580,-2,-10,-1,-2,-2,-1,0,2,0
19.657588,1,0,-1,1,-1,2,0,-2,0
19.677030,10,8,1,-2,0,1,0,2,0
19.677043,16,5,2,0,1,-1,-1,2,0
19.678718,0,-1,-2,-8,-1,1,1,-1,0
19.678838,-3,0,1,15,-3,-1,1,0,0
19.692202,4,1,-2,-5,-1,2,-1,1,0
19.692208,-15,-1,0,-3,-4,-10,-8,-4,0
19.698518,-5,-1,0,1,-1,0,2,0,0
19.698538,14,-3,-1,-2,2,-5,3,1,0
19.714413,8,4,0,-3,-2,7,-16,-3,0
19.714434,-13,-5,-4,1,0,1,4,4,0
19.715967,0,0,1,-2,-1,1,14,-1,0
19.716033,-11,6,-3,-4,1,-7,-11,-2,0
19.739023,-7,-6,0,-1,-1,0,4,0,0
19.739030,13,-3,2,1,0,1,0,0,0
19.739033,2,8,-2,1,-2,-3,-3,0,0
19.739034,-9,-7,-3,-5,5,2,1,-1,0
19.751045,4,2,0,1,5,-4,-3,0,0
19.751074,-14,3,0,-1,2,0,9,2,0
19.760217,-2,-4,-2,1,-2,-1,-3,0,0
19.760224,-1,-6,-4,-5,1,5,3,0,0
19.774438,-9,1,-2,0,-4,-6,-3,-1,0
19.774459,21,0,0,-1,-3,1,-1,1,0
19.776271,3,0,-1,0,1,-2,-2,-4,0
19.776290,-26,-1,2,-1,-4,2,-1,-2,0
19.796862,5,3,0,-2,-2,0,4,-2,0
19.796884,-9,-3,-1,0,0,-2,-7,-2,0
19.798616,7,3,0,-1,-2,-1,-2,1,0
19.798627,22,2,1,1,-6,-4,-3,2,0
19.810962,-18,-7,-2,-2,-1,-2,5,-2,0
19.810991,-3,3,-2,-3,-1,2,-4,-3,0
19.821552,0,-3,-1,-2,-1,-2,-4,1,0
19.821559,-5,3,0,-1,-2,3,1,-4,0
19.834325,-1,-2,-3,2,2,-5,-2,0,0
19.834331,0,5,2,-1,-2,6,8,1,0
19.835807,-9,-9,-1,-2,1,0,-9,0,0
19.835813,19,-1,-1,0,-3,-3,-24,-2,0
19.857020,-13,-7,-2,-1,-2,-4,1,-4,0
19.857042,-12,-2,-3,-3,-2,-4,-4,-1,0
19.858860,11,-5,-2,-1,2,3,8,-1,0
19.858864,-2,1,-4,-2,0,-1,5,-1,0
19.870817,-3,-3,-2,-5,-1,-2,-6,1,0
19.870842,20,2,1,0,-1,1,-5,2,0
19.880129,-2,3,-1,2,-1,6,11,-2,0
19.880135,-15,-3,2,-6,-1,-8,-5,1,0
19.894929,-22,-1,-3,4,-1,1,-1,-2,0
19.894935,51,-12,-4,-5,-3,-2,-1,-4,0
19.895973,-28,-3,-2,0,-2,-1,-3,-3,0
19.895986,-8,1,-1,-2,-2,0,3,2,0
19.917755,7,2,0,-3,-2,2,2,2,0
19.917774,-6,3,0,3,1,3,9,-1,0
19.919688,14,3,0,-8,-1,-10,-15,1,0
19.919691,-8,-6,-2,9,1,4,3,-5,0
19.931047,10,-1,0,-3,-3,-3,1,-1,0
19.931070,1,1,1,1,0,-3,-1,3,0
19.939702,-12,-7,-5,-5,0,-1,0,-5,0
19.939737,-6,-1,0,-1,0,-1,2,-3,0
19.954811,5,-1,0,-2,-1,1,0,-2,0
19.954848,-8,0,-3,-1,-2,-1,-1,-1,0
19.957191,7,2,0,-1,-3,-3,3,2,0
19.957199,4,-2,-2,0,-2,0,1,0,0
19.977494,-9,-2,1,1,-1,2,-1,-1,0
19.977521,0,2,1,0,-1,1,1,0,0
19.979974,0,0,-2,3,0,-1,-4,-4,0
19.979979,-13,-3,-3,-4,-1,1,-1,-1,0
19.990664,18,1,-1,-4,-1,-10,-2,1,0
19.990673,5,-4,-2,-5,0,-4,-3,-5,0
20.000592,6,4,2,5,-1,-1,-7,1,0
20.000598,0,-4,-1,-2,-1,-1,5,1,0
20.014375,-16,0,-2,-2,0,4,1,-3,0
20.014397,-5,3,-1,-2,0,-1,-3,2,0
20.016636,0,3,-2,3,-3,-1,-3,-3,0
20.016640,14,1,0,-3,-2,1,4,1,0
22.039500,16,16,2,-2,-6,-46,1,-11,2
22.039831,-8,-70,4,8,9,53,15,25,2
22.041774,-94,12,-7,-8,-8,-8,-27,-31,2
22.041822,15,-16,2,7,7,8,-9,-36,2
22.061943,-34,1,-6,-6,-9,-12,-5,4,2
22.061965,76,-6,8,2,1,26,3,14,2
22.063334,-71,-46,-4,-2,2,-35,-13,-5,2
22.063371,-26,-4,-1,-13,-7,6,4,14,2
22.084703,-38,-33,-5,8,-12,-67,-1,3,2
22.084719,6,2,-11,-3,-20,40,-23,-58,2
22.086607,50,-15,4,-2,28,21,4,11,2
22.086612,-14,49,-1,-3,-3,-7,11,-5,2
22.099782,-37,-15,-1,-5,8,26,7,6,2
22.099804,42,52,-2,2,4,-24,9,52,2
22.101425,-27,-19,6,-1,-13,-20,-18,-60,2
22.101429,-28,-82,-21,-11,-6,-26,12,-19,2
22.123462,61,49,5,3,-26,77,-3,17,2
22.123476,-34,-26,-1,-1,57,-20,-25,19,2
22.123770,-26,50,-4,-1,-16,22,-10,-32,2
22.123793,-16,7,4,5,9,24,-23,3,2
22.144465,-6,-2,2,-3,4,18,54,-3,2
22.144480,-28,-13,-3,0,-9,-46,-10,8,2
22.145843,72,26,6,2,1,-9,11,28,2
22.145850,-10,15,1,0,-12,-37,-1,15,2
22.159470,-66,-12,-8,-5,0,0,-16,-27,2
22.159486,61,64,-1,-4,-14,-6,8,9,2
22.161036,24,44,-2,1,4,-14,-6,-70,2
22.161044,61,-26,-2,-3,-9,-14,9,23,2
22.182308,-25,-33,-6,-3,-4,-4,-9,-3,2
22.182337,3,-18,-5,-5,26,11,-8,-10,2
22.184580,41,14,9,8,-13,18,13,35,2
22.184584,23,5,9,4,11,14,1,0,2
22.204790,42,85,16,5,4,-16,-16,9,2
22.204809,9,-73,-25,-10,-24,3,-8,0,2
22.207290,-41,-28,-11,-10,-7,-5,2,-42,2
22.207297,49,29,13,7,-11,19,16,-2,2
22.219291,6,-25,-5,-1,29,-74,-44,5,2
22.219304,-59,13,4,0,-12,71,24,8,2
22.225514,44,16,1,-3,-11,-23,-1,13,2
22.225533,-23,11,6,-4,-26,-77,-8,6,2
22.241995,104,36,-9,1,24,35,13,4,2
22.242017,-30,-49,-4,-5,-1,-24,-2,-12,2
22.244580,-29,15,-7,1,-8,30,4,48,2
22.244587,5,50,0,-3,10,17,-12,-15,2
22.264567,8,-24,4,1,-18,3,-35,23,2
22.264586,33,18,4,3,-5,-35,-2,-8,2
22.265810,25,0,0,-3,17,14,14,22,2
22.265823,-40,-19,-4,-2,-8,-10,-6,-3,2
22.278674,-28,9,-6,-4,-7,24,16,-6,2
22.278678,7,36,9,5,0,-20,-28,-11,2
22.285501,-52,-55,-9,-7,-7,4,4,-13,2
22.286562,36,26,-2,0,12,-36,-8,14,2
22.309435,-45,-34,-10,-4,-9,27,3,-32,2
22.309449,3,13,0,2,4,9,2,-1,2
22.310883,14,-6,2,-1,-10,-9,3,11,2
22.310896,-7,-25,-1,3,9,21,-9,0,2
22.324426,-18,-39,1,-6,0,-13,15,-2,2
22.324449,-76,-19,-8,-2,-23,12,-16,-38,2
22.325867,29,37,8,0,20,9,0,42,2
22.325880,32,11,-4,5,4,38,-8,-20,2
22.340454,-67,-15,-5,-3,-2,11,-3,-12,2
22.340463,42,-2,1,2,0,3,15,14,2
22.346353,1,9,4,0,-4,-4,-11,16,2
22.346380,8,14,3,-2,7,23,30,-12,2
22.362369,-4,22,-12,-5,-21,-39,-58,-10,2
22.362399,5,-5,-1,-2,5,5,23,-9,2
22.364458,28,19,5,1,2,2,10,22,2
22.364466,24,-26,-1,2,-13,-16,-11,13,2
22.387162,-19,2,5,3,29,29,17,-19,2
22.387174,-55,-2,-4,-3,-19,-23,-11,-7,2
22.387177,30,-8,-3,-2,14,-9,-15,-5,2
22.387178,-17,42,4,-1,-4,37,-6,17,2
22.399344,44,-28,2,1,-9,-14,7,-5,2
22.399385,-42,34,-4,-3,4,-10,-8,3,2
22.406051,8,1,0,1,-6,7,7,-7,2
22.406084,2,-7,-5,-9,-22,7,0,16,2
22.422003,-54,-25,-2,6,41,56,4,-23,2
22.422030,-26,-25,2,-9,-23,-77,-9,24,2
22.423567,40,13,-8,4,-10,38,-4,-11,2
22.423581,-71,-55,-9,-10,9,7,-19,6,2
22.443591,28,27,2,-3,-15,-5,14,11,2
22.443610,25,-4,1,1,5,4,-4,-41,2
22.452270,-17,-65,-2,-3,3,23,-2,-1,2
22.452275,-13,-26,0,1,0,-23,12,1,2
22.458768,73,55,3,-2,-8,-17,0,-1,2
22.458791,-36,-9,-1,1,11,25,9,0,2
22.465703,42,12,2,-3,-25,-18,4,-1,2
22.465732,-59,-37,-12,-9,5,-15,-15,-73,2
22.481133,57,6,5,4,14,-15,10,35,2
22.481148,9,26,9,7,6,66,9,39,2
22.483399,-1,-31,6,3,-8,-17,2,9,2
22.483403,-11,9,-4,5,15,-21,-6,-3,2
22.504226,-68,-12,-4,-9,-7,-8,-9,-22,2
22.504256,30,13,1,0,4,-4,-34,12,2
22.506396,-13,-6,-9,-2,-2,-2,5,-17,2
22.506402,35,20,1,-1,-1,4,-6,11,2
22.518314,7,-16,0,3,-5,26,5,10,2
22.518336,-13,22,-1,-4,-10,0,-4,-60,2
22.525562,-39,-25,-11,-4,5,-40,-4,23,2
22.525579,5,4,-2,-1,-1,-30,-2,11,2
22.541129,13,19,-1,-1,-7,-1,6,7,2
22.541145,52,-19,2,-1,-2,0,15,3,2
22.541840,-26,18,-1,-5,0,4,-8,-19,2
22.541892,-24,21,3,2,-13,26,10,4,2
22.564221,2,-14,12,4,16,-8,8,10,2
22.564249,19,-5,-6,-1,-10,16,0,-5,2
22.565908,-50,-2,-9,-2,15,-20,-6,11,2
22.565914,7,-10,9,4,3,10,4,8,2
22.578676,27,-35,-4,-4,-13,-5,0,2,2
22.578717,-17,-12,7,-3,-7,-21,2,16,2
22.585826,-3,0,4,3,8,0,8,5,2
22.585846,23,19,-2,-1,13,7,1,-8,2
22.601543,-118,-11,6,3,-19,-13,8,-2,2
22.601563,-69,13,-18,-6,18,34,-8,7,2
22.604062,102,-29,0,-4,-32,-48,-1,3,2
22.604068,7,14,-2,0,31,18,0,5,2
22.623855,22,5,2,1,-14,0,2,-17,2
22.623871,9,18,6,3,3,-13,14,2,2
22.624470,-14,33,6,2,7,16,-10,-11,2
22.624554,6,-20,-1,-5,-33,12,1,-4,2
22.638151,18,-8,-6,0,11,-45,-11,12,2
22.638181,29,-16,-3,-5,0,-3,-3,-36,2
22.645501,10,35,-3,-1,-6,12,-5,-2,2
22.645519,-14,-8,4,3,4,7,3,-6,2
22.661973,-28,6,-7,-3,3,18,-1,2,2
22.661994,98,35,6,4,-2,-9,5,-18,2
22.663510,-128,-74,0,3,3,-5,-2,-11,2
22.663518,24,14,2,-3,-1,2,7,15,2
22.683678,22,39,-3,2,-1,-5,-4,-10,2
22.683692,-4,-42,-2,-1,3,6,15,15,2
22.684306,-11,16,2,-2,8,37,-5,-22,2
22.684319,-28,-8,-6,-4,-26,-63,-26,-11,2
22.698009,19,-2,5,-1,-17,-21,17,2,2
22.698024,5,-38,-10,-5,23,32,-4,20,2
22.705749,33,29,-1,-6,-23,-11,-5,-36,2
22.705772,-27,-30,-2,7,36,31,-8,3,2
22.721605,20,36,2,-2,-9,1,2,11,2
22.721636,-65,-31,-2,1,-19,-22,0,-2,2
22.723684,19,1,1,-4,26,35,-8,1,2
22.723692,47,-9,-8,-4,-8,-40,1,-5,2
22.743802,-22,-44,-6,-6,-6,16,-5,-1,2
22.743834,38,2,11,9,3,10,10,9,2
22.744347,-68,6,-16,-6,-3,-5,-9,23,2
22.744360,-40,-4,-4,-3,-4,9,8,-3,2
22.758162,45,-37,1,8,6,2,8,-14,2
22.758188,13,31,-10,-8,-11,-29,-15,10,2
22.765735,110,26,15,6,5,-7,13,6,2
22.765756,9,6,0,-3,-5,2,2,-18,2
22.781231,13,-18,-5,-2,-3,7,-17,15,2
22.781252,-53,30,-3,-2,2,-4,13,2,2
22.782994,96,-15,4,-1,-19,-28,-3,-16,2
22.782998,-20,-5,-5,-1,24,79,-7,25,2
22.806953,37,-31,-3,-4,-14,35,8,-9,2
22.806962,9,4,3,0,-33,-48,-9,-5,2
22.806964,35,-15,4,2,41,-19,4,18,2
22.806966,-48,65,-5,-3,-18,2,-6,-46,2
22.818532,3,15,3,3,16,30,13,11,2
22.818560,-69,-22,-11,-5,6,-2,-14,2,2
22.825669,-20,2,-2,2,-15,33,6,4,2
22.825689,23,-30,6,3,-9,-12,10,13,2
22.841286,-21,6,-3,-4,2,-13,-16,-17,2
22.842648,-43,-33,-1,0,0,7,8,-24,2
22.842657,49,27,6,5,-4,-1,8,14,2
22.842659,-41,-54,-6,-8,3,-13,6,23,2
22.863689,2,7,-2,-2,-8,-28,-5,-29,2
22.863709,15,-74,-6,3,-14,28,-3,10,2
22.864719,-92,3,-4,-1,30,-4,-15,-3,2
22.864723,38,-36,-2,-1,-2,-12,5,-16,2
22.878001,-31,-5,-1,-4,-2,2,-6,-3,2
22.878017,47,17,5,-2,-3,-14,-6,-3,2
22.885436,-13,9,-4,-2,-13,-2,2,12,2
22.885450,16,22,3,2,-13,-12,-7,-8,2
22.901264,-51,32,-1,-2,25,39,0,7,2
22.901292,48,3,1,-3,-1,-9,-24,-24,2
22.903998,-29,-3,-2,3,-14,-2,25,-7,2
22.904014,-25,-18,1,2,6,-2,0,1,2
22.923830,23,51,-3,-2,-18,2,1,-10,2
22.923846,-17,13,1,-4,-7,11,-5,24,2
22.925723,16,-29,3,4,37,-2,-15,0,2
22.925729,27,24,6,2,-10,-2,11,13,2
22.938076,-15,42,-4,-7,-9,-59,19,6,2
22.938095,3,-10,-4,-3,6,7,1,-15,2
22.945481,-2,-3,-4,-6,-23,-5,-15,2,2
22.945497,37,-5,4,3,17,-6,3,6,2
22.961197,61,11,1,-1,-1,-1,-2,23,2
22.961213,4,-8,-2,-5,7,-12,-3,-1,2
22.962161,-111,10,-14,0,-25,19,-6,-15,2
22.962166,62,3,3,-1,7,19,3,8,2
22.983677,-4,-22,-1,-1,-1,-7,-20,-7,2
22.983700,23,22,-4,0,-1,-27,5,12,2
22.985589,31,-10,4,-6,-13,25,9,3,2
22.985593,-46,-12,-5,4,26,19,-7,-21,2
23.006343,13,-7,4,-7,-12,-72,-17,7,2
23.006372,-72,-2,-9,4,5,-15,0,-25,2
23.007994,-33,-19,-4,-3,-3,17,-1,3,2
23.007998,31,5,-2,-1,-5,7,3,-3,2
23.021541,29,-16,6,1,-3,13,3,0,2
23.021562,1,17,2,-1,18,16,-13,-1,2
23.023559,12,9,-1,-1,-13,0,22,-9,2
23.023566,-32,-33,-4,-3,-17,-19,-9,-23,2
23.044156,47,5,-4,2,10,36,-7,3,2
23.044187,-30,-9,1,-6,-2,20,30,5,2
23.044719,36,-12,3,5,-9,-71,3,9,2
23.044811,-37,43,-14,-9,2,12,-32,-16,2
23.066713,-14,7,-3,-1,10,43,6,-18,2
23.066742,40,-4,3,1,-9,-9,8,-6,2
23.068740,-52,-31,1,-4,-3,-8,-11,2,2
23.068744,24,45,-5,-1,-8,-11,8,6,2
23.081501,-47,-14,-3,-1,-8,-14,-1,5,2
23.081523,31,-5,0,0,6,12,-11,-2,2
23.083717,45,10,7,3,11,22,6,9,2
23.083721,-1,-16,-1,-7,-33,-25,-2,1,2
23.104030,-95,-23,-6,5,34,112,-8,-31,2
23.104057,35,9,5,2,-12,4,0,15,2
23.104430,-6,12,1,1,2,27,-2,4,2
23.104449,-7,-33,-2,-6,-3,0,-2,-12,2
23.126416,6,15,-4,-6,-8,-12,-6,6,2
23.127770,-33,2,2,6,15,-8,13,-5,2
23.127776,19,11,-2,-5,2,14,-9,1,2
23.127778,44,13,0,7,-5,11,9,5,2
23.141296,89,4,-3,-4,-6,-27,1,11,2
23.141317,-44,-12,-10,-4,-1,-12,-15,-31,2
23.142661,57,19,2,-1,2,-11,5,6,2
23.142668,-30,-44,-2,-1,6,-2,8,18,2
23.163678,9,-6,3,1,-5,-17,6,-9,2
23.163691,36,-10,-3,-6,1,-2,-1,-3,2
23.164319,-27,26,-8,0,-4,2,-6,1,2
23.164335,12,10,7,0,4,-17,-6,10,2
23.186968,-40,-23,-3,0,-5,3,2,-4,2
23.186997,-2,-5,2,-3,-6,28,-4,5,2
23.189799,-37,-16,-5,-5,-13,-11,-3,-5,2
23.189805,63,55,5,0,13,-1,-6,-7,2
23.201758,-52,10,-1,-6,-22,-32,4,-2,2
23.201787,127,10,0,2,36,28,-3,8,2
23.204019,-2,5,-3,0,0,-5,-2,-12,2
23.204024,-17,12,4,6,-3,-1,3,-1,2
23.224629,56,52,-1,-3,-8,-8,6,7,2
23.224635,65,1,-1,-2,-2,-5,-8,23,2
23.224638,-19,-15,2,-7,2,25,3,-18,2
23.224641,-62,-28,0,8,3,50,-11,8,2
23.246318,-2,3,1,1,-3,25,15,8,2
23.246340,36,47,0,0,-12,-44,5,1,2
23.248112,-91,-58,-14,-7,4,8,-3,-7,2
23.248116,46,-22,2,-4,-7,-3,0,9,2
23.261652,14,-52,-5,1,5,25,0,12,2
23.261674,-3,-9,5,3,-1,-1,-3,-30,2
23.263682,-1,10,-1,-5,-21,2,-7,3,2
23.263688,11,-4,-2,-1,19,-8,2,-8,2
23.284292,-17,-19,-2,1,-1,-23,-2,7,2
23.284321,-56,1,-2,-1,-5,-27,2,5,2
23.286901,49,0,1,2,1,9,-1,-5,2
23.286910,-24,-4,-3,-5,-17,-8,11,-1,2
23.306396,-9,-8,1,1,-4,-10,-13,-1,2
23.306414,-19,6,-1,-1,29,21,-12,2,2
23.307058,104,47,-1,1,-4,-53,-3,9,2
23.307083,-1,27,-1,1,2,6,12,6,2
23.321603,51,17,0,-1,-3,-5,-7,-6,2
23.321634,-79,-56,-15,-6,-18,-20,-23,-26,2
23.324015,10,-9,-1,-1,12,2,8,5,2
23.324024,64,32,4,-2,0,-8,-5,0,2
23.344205,10,-7,0,-2,10,22,15,12,2
23.344234,-19,4,5,9,-4,-41,-4,-21,2
23.346474,8,40,-2,-4,2,-20,0,-3,2
23.346480,61,-5,-1,-3,-14,17,3,9,2
23.366244,-37,-47,2,-1,-2,5,-5,-15,2
23.366250,-51,55,-6,-3,21,32,2,7,2
23.366789,20,-26,3,1,-22,16,3,-3,2
23.366795,4,42,-3,-3,-4,-42,-12,7,2
23.381385,16,16,-2,-3,5,16,-1,-16,2
23.381390,12,-40,2,-1,-11,-16,3,18,2
23.381797,-13,8,-4,-3,2,1,11,14,2
23.381803,-10,-25,-2,2,0,14,0,-23,2
23.404666,16,6,-4,-2,8,-17,-7,1,2
23.404695,2,11,3,-2,-20,42,7,6,2
23.404701,-37,-36,1,3,15,-7,-5,-7,2
23.407487,25,4,8,3,0,-16,3,32,2
23.428024,-33,-26,-15,-7,-18,-3,-12,-29,2
23.428030,27,-28,4,-2,3,11,10,41,2
23.428032,-36,-13,-9,-2,2,1,-16,-38,2
23.428034,-11,3,-3,-5,-2,-7,-7,1,2
23.442528,-4,13,6,4,1,-11,-5,2,2
23.442535,31,3,1,0,0,-6,7,12,2
23.442537,50,9,3,2,4,-1,3,10,2
23.442539,-32,-15,-3,-1,-2,-7,0,-4,2
23.463629,-19,19,2,-5,-15,-11,4,-9,2
23.463651,-91,0,-7,-2,20,1,-16,-1,2
23.464729,43,-9,3,3,-38,-51,0,5,2
23.464733,-84,-28,-12,-3,26,58,-4,-21,2
23.488933,36,-14,5,4,0,8,5,1,2
23.488939,20,22,2,-1,-10,-12,5,-4,2
23.488941,53,14,5,-1,6,16,-1,7,2
23.488943,-55,-3,-6,-3,-6,-10,-4,-12,2
23.501179,-77,-24,-9,-5,-10,-16,-11,22,2
23.503792,60,-22,-4,-2,-5,6,-8,-11,2
23.503797,5,-8,-3,0,11,19,-9,0,2
23.503799,50,-2,3,0,-10,-11,4,4,2
23.523926,2,-1,0,1,14,-5,-4,2,2
23.523944,-5,10,0,-1,-10,1,4,-11,2
23.524541,-15,-5,2,-5,12,3,-2,8,2
23.524555,8,-5,0,3,-3,-13,4,3,2
23.546132,15,13,4,2,2,2,0,-5,2
23.546147,0,-17,0,2,-3,3,7,-2,2
23.547139,-6,37,-1,-2,-5,-6,-19,-15,2
23.547181,-17,-63,-6,-3,-1,83,37,-5,2
23.561308,52,20,-8,-5,24,-10,-6,4,2
23.561330,-47,-16,-6,-5,0,-6,3,13,2
23.563588,-8,9,2,2,4,-4,3,0,2
23.563593,18,15,3,-3,-11,-6,-13,-5,2
23.584451,10,-3,0,3,-8,-8,-2,8,2
23.584464,33,2,1,-1,-5,7,10,-2,2
23.584468,-22,-3,-5,-4,7,18,1,-13,2
23.584472,-19,2,3,-3,1,-29,-6,20,2
23.606405,21,-30,0,5,-8,5,0,-8,2
23.606424,-58,23,6,1,10,18,0,-9,2
23.607816,1,17,-10,-7,-17,-22,-36,-20,2
23.607821,1,41,-2,-3,3,11,1,3,2
23.621160,-40,-17,-2,-3,2,44,1,-12,2
23.621174,-5,-6,-4,-4,-11,0,-4,-5,2
23.631602,53,18,6,5,7,7,15,19,2
23.631609,-46,-65,-3,-3,-5,-33,-12,-26,2
23.643821,-7,11,2,-6,-6,-15,5,7,2
23.643846,44,9,4,11,4,33,0,4,2
23.645411,-12,-11,2,-1,0,50,11,11,2
23.645415,96,-5,2,-1,-12,-66,-17,-31,2
23.666518,-56,-49,-9,-4,11,-27,-11,-9,2
23.666550,34,-5,-2,-6,-16,11,2,0,2
23.668107,-64,-43,-2,-1,-27,-33,-1,-14,2
23.668111,-22,27,-2,1,45,28,1,11,2
23.680980,9,32,8,2,-7,0,-1,-1,2
23.681013,15,-1,-9,-4,-14,-17,-6,7,2
23.689058,-38,-10,-2,0,6,9,14,-7,2
23.689082,29,34,-4,-1,-5,-4,-21,8,2
23.704210,-29,-15,0,-3,1,3,3,-7,2
23.704244,-29,-13,-1,-1,4,-14,-4,-3,2
23.706634,-10,2,4,1,4,2,14,9,2
23.706641,-20,4,-5,-7,-18,18,3,-16,2
23.726235,64,27,4,10,7,-14,4,45,2
23.726249,-34,-43,-6,-4,-3,22,-16,-74,2
23.726894,-58,-7,-8,-3,1,20,-11,13,2
23.726906,-2,7,3,3,0,18,16,10,2
23.740691,20,1,-2,-4,-3,-10,-5,2,2
23.740707,34,32,7,3,5,8,6,-5,2
23.749126,12,4,-3,-1,8,-3,-6,9,2
23.749165,-17,-12,3,0,-2,-7,0,16,2
23.763646,20,7,-3,0,-4,73,7,-13,2
23.763663,38,48,3,0,-22,-51,-11,30,2
23.764834,14,-44,-1,-2,24,-25,-19,-10,2
23.764838,16,26,-9,-5,-6,-9,-6,4,2
23.788671,23,-22,4,2,5,5,5,10,2
23.788680,-59,-13,-5,-2,-6,10,-1,5,2
23.788682,34,23,6,3,2,-5,4,8,2
23.788684,-14,-4,-1,-1,-6,3,-1,-8,2
23.800902,-23,-2,-5,-8,-7,-15,-10,-7,2
23.800916,6,18,5,6,5,-17,-2,-9,2
23.808990,10,-14,1,-5,2,11,9,-7,2
23.809013,6,2,1,8,-11,-26,1,0,2
23.823908,-66,-20,-3,0,27,4,1,-8,2
23.823930,37,19,-5,-11,-30,-6,0,-1,2
23.824469,-5,-8,-8,-1,33,-37,2,3,2
23.824484,21,-19,1,-5,-15,-4,12,8,2
23.846160,11,30,0,-1,-2,36,-25,-4,2
23.846176,-56,7,1,0,-1,-39,12,15,2
23.847169,39,-28,-1,-1,-9,20,-6,-7,2
23.847178,-41,-9,-2,-2,-5,-5,-5,-6,2
23.860632,31,-3,3,3,-5,-2,4,-15,2
23.860648,-44,-5,-1,0,14,16,3,11,2
23.869460,3,15,-7,-6,-18,3,6,10,2
23.869480,-12,6,-1,0,10,8,-8,5,2
23.884082,-90,-41,-4,0,-17,-29,-6,-13,2
23.884096,54,-16,0,-5,11,37,12,-2,2
23.884490,-9,18,2,9,-8,-48,-2,-11,2
23.884553,49,8,3,-3,0,13,2,20,2
23.906341,-4,22,-3,-2,-15,-32,-3,7,2
23.906362,10,-6,1,-2,28,12,14,-6,2
23.907776,-49,-35,-4,-4,-21,41,-4,-6,2
23.907783,25,29,-5,-1,24,-4,-15,-3,2
23.920835,19,-5,1,0,-1,-27,2,13,2
23.920857,-50,43,-5,-1,0,-14,4,-12,2
23.928630,32,18,4,-1,-5,6,-1,-6,2
23.928653,-57,-45,-5,3,-18,-8,3,-11,2
23.943855,29,31,-3,-5,1,-7,-9,0,2
23.943935,27,6,-2,1,-6,2,-9,13,2
23.944361,-41,-17,-4,0,6,43,4,-13,2
23.944375,4,12,4,-6,-2,-6,1,-4,2
23.966276,-12,-13,-2,5,2,1,6,-2,2
23.966298,-13,18,0,-2,-2,2,-5,8,2
23.968370,30,-10,-6,-4,-6,12,-2,-6,2
23.968374,-30,0,1,2,8,6,-1,-4,2
23.991129,34,-11,1,-2,-3,16,15,-3,2
23.991135,46,2,-1,-1,-2,77,0,6,2
23.991137,2,-21,-4,-6,-14,-93,-3,5,2
23.991139,-16,-8,-3,-2,18,26,9,-3,2
24.004279,18,-1,3,1,-1,-7,-7,-3,2
24.004335,-19,26,-2,0,1,-12,-4,0,2
24.007229,0,-1,2,1,-3,3,1,-16,2
24.007235,5,-16,1,-1,-7,15,4,7,2
24.026413,-59,20,-1,-4,-1,-26,-2,-8,2
24.026442,90,-21,4,5,4,-21,7,17,2
24.027279,-39,8,-4,-4,0,4,-17,-39,2
24.029621,-18,-32,-2,-1,-7,-19,-11,-2,2
24.050068,10,7,-1,-5,-5,7,-5,-8,2
24.050108,-28,-47,2,-3,4,-11,-6,1,2
24.052015,-8,28,-5,3,-10,10,6,13,2
24.052061,70,12,2,0,22,-3,3,3,2
24.064145,-20,-7,-5,-5,-16,-20,-1,-16,2
24.064166,-5,-30,1,1,3,5,8,1,2
24.066473,49,27,5,1,12,-11,4,8,2
24.066477,4,-5,1,2,-15,11,-1,3,2
24.086079,13,30,-9,-5,-3,5,-2,-16,2
24.086086,-33,-32,1,-1,-8,-39,-14,-14,2
24.086777,13,-11,-4,-5,-26,6,-5,9,2
24.086789,-43,-18,-1,-3,48,6,3,6,2
24.109440,-13,36,1,6,-3,62,12,-9,2
24.109457,-69,-35,-11,-7,-8,5,-4,-2,2
24.110862,4,5,2,0,2,10,-6,-14,2
24.110867,28,15,2,2,-19,-3,-7,0,2
24.123864,16,-20,1,0,5,31,2,13,2
24.123883,4,18,-3,-6,0,-29,-6,-13,2
24.125396,27,-8,13,10,13,23,11,38,2
24.125401,-33,7,-15,-11,-20,-27,-7,-24,2
24.146551,37,-23,-5,-5,4,16,4,-17,2
24.146557,39,2,-3,-1,-11,-5,-21,0,2
24.146821,-11,-8,0,-1,19,-1,7,19,2
24.146834,40,-11,5,4,-11,-7,4,0,2
24.169690,-17,0,-3,0,-6,-19,1,14,2
24.169708,16,7,5,0,1,-1,3,1,2
24.172001,5,36,-10,-8,-1,9,-1,-2,2
24.172009,28,-18,3,0,-21,-14,-19,-10,2
24.183910,17,-18,-9,-3,20,-10,4,-2,2
24.183932,-2,-8,-2,-5,-9,-13,-2,16,2
24.185648,2,16,3,6,3,-20,-2,-16,2
24.185652,-6,12,1,0,1,59,5,2,2
24.206283,16,-10,2,0,-23,-94,-4,11,2
24.206302,8,8,-1,1,4,27,3,14,2
24.208168,9,-9,0,-10,5,18,7,-13,2
24.208173,-36,-17,8,11,-6,-12,-4,15,2
24.229415,-29,-9,0,-4,5,19,-4,6,2
24.229436,-31,58,-14,-2,3,-19,-13,-46,2
24.230437,21,0,-1,0,-6,24,-6,26,2
24.230441,23,-5,0,-1,2,11,34,3,2
24.243677,26,0,7,2,5,-12,-22,2,2
24.243704,19,3,7,4,-4,-5,2,15,2
24.244653,-13,-11,-3,-6,1,4,-3,-8,2
24.244670,0,26,-2,-2,-1,-8,-6,1,2
24.266629,3,3,2,6,2,9,9,0,2
24.266659,-13,-36,-7,-4,-4,26,1,-6,2
24.268113,-18,-5,0,0,-21,-54,-2,-7,2
24.268117,29,-5,-5,-6,7,-18,-9,-18,2
24.289561,-104,-31,-9,-6,16,-8,-9,-13,2
24.289583,-32,-13,5,4,6,0,-7,-3,2
24.290075,69,20,3,0,0,42,6,24,2
24.290082,-46,-33,-5,-2,-13,-46,5,-12,2
24.303585,27,6,3,-4,-5,33,-1,15,2
24.303591,33,13,4,7,0,13,3,-6,2
24.304695,-3,-18,0,1,8,-17,-1,4,2
24.304717,-12,18,2,-3,-3,9,2,2,2
24.326281,0,10,-6,-5,-8,-14,-5,-6,2
24.326300,-23,-31,-4,-2,-2,3,3,-1,2
24.327898,-41,40,3,2,6,-1,0,4,2
24.327903,-3,-24,-10,-1,7,7,-12,-13,2
24.350779,-4,0,4,-2,-5,17,11,11,2
24.350785,-12,-15,-1,-4,-4,-43,4,4,2
24.350786,-22,-4,-5,0,-1,-5,0,-23,2
24.350788,12,26,1,-1,-1,5,-10,6,2
24.366806,27,7,4,1,1,-8,9,19,2
24.366813,-86,-28,-7,1,-34,5,-11,-49,2
24.366815,-3,-7,-2,-3,53,12,-25,4,2
24.366817,-5,2,0,-2,-11,15,8,1,2
24.387051,23,15,-6,0,0,3,-3,12,2
24.387080,33,36,4,-7,-4,12,5,5,2
24.389639,-19,-9,-2,0,-21,-49,3,-10,2
24.389648,-3,-29,-3,1,3,6,-5,8,2
24.410010,16,-3,1,2,-1,-2,-5,-16,2
24.413057,73,9,4,2,11,11,3,15,2
24.413061,-8,-19,-8,-4,-9,28,-11,-9,2
24.413063,29,20,5,1,3,9,0,11,2
24.423867,-8,38,8,6,-3,16,10,8,2
24.423893,12,-47,-7,-4,13,1,-2,1,2
24.425305,8,10,2,2,-1,-7,2,-5,2
24.425310,-12,-2,0,-9,-10,-1,-7,-9,2
24.446152,-9,-12,1,4,-4,10,6,-6,2
24.446167,21,35,5,4,12,16,2,15,2
24.446778,23,1,3,-3,-11,-36,-7,23,2
24.446784,-79,-44,-14,-4,-1,-8,-9,-31,2
24.469894,1,-14,2,2,-3,-17,-3,5,2
24.469932,7,0,2,-1,0,-6,-10,0,2
24.472614,-11,7,-3,-1,-9,16,27,-2,2
24.472623,-22,2,3,-1,3,-3,-3,7,2
24.484011,26,-2,-2,-1,-8,-16,-3,-6,2
24.484040,-39,-6,0,-1,-1,2,-4,-12,2
24.491271,-3,-7,2,-2,-2,4,-7,2,2
24.491292,-4,18,-7,0,-5,-4,5,1,2
24.506704,-70,-36,-5,-7,4,16,-6,-12,2
24.506714,30,20,-1,-5,1,-8,3,6,2
24.507129,15,-11,1,7,1,-3,-5,-12,2
24.507135,38,10,6,-9,-1,-16,5,25,2
24.529323,-20,9,-1,13,9,26,5,13,2
24.529344,-89,2,-6,-6,1,14,-2,-64,2
24.530393,-11,-27,-5,-2,-29,5,-7,15,2
24.530405,37,11,6,0,25,-26,-1,4,2
24.543725,65,2,-2,-3,5,29,-2,10,2
24.543741,16,-10,0,-1,-15,-86,4,5,2
24.544799,-26,19,-1,-2,14,55,-8,-13,2
24.544850,-4,20,-4,1,-16,-56,2,-9,2
24.566154,13,0,-1,-3,6,-3,1,-8,2
24.566176,-10,-40,-5,-1,-4,13,-4,15,2
24.568811,16,4,1,0,-1,0,-3,-13,2
24.568823,3,-28,-3,3,-7,15,-1,5,2
24.589893,-8,-7,2,-3,-1,-5,1,-12,2
24.589912,40,31,-7,-3,-2,-15,-15,17,2
24.591942,-57,-39,-8,-8,-2,-8,0,8,2
24.591949,5,15,2,8,-5,32,3,-9,2
24.603436,5,-19,1,-7,-4,-37,-3,-5,2
24.603458,1,-9,4,6,0,35,9,21,2
24.611770,-1,47,-8,-1,0,7,8,-37,2
24.611792,-32,-25,-2,-2,-3,-5,-13,16,2
24.626935,9,2,-1,-4,5,15,8,-1,2
24.626969,-24,-17,-2,-2,-2,-12,-8,-18,2
24.629552,55,-5,5,1,10,-10,2,22,2
24.629558,58,9,-2,-2,-10,-48,-2,-5,2
24.649363,-14,-1,-10,-3,-28,-15,-12,-20,2
24.649384,11,7,4,2,42,16,4,20,2
24.650368,4,-4,2,4,-5,-8,0,4,2
24.651918,-5,-4,-3,-5,4,29,5,-10,2
24.662976,0,9,3,2,-4,-8,-8,12,2
24.662992,14,7,2,1,-9,3,10,2,2
24.671611,-20,-22,-4,-1,-5,-18,-13,3,2
24.671636,15,0,-1,1,18,16,-3,-12,2
24.686163,4,20,0,-1,2,23,5,2,2
24.686185,-34,-25,-5,-8,-16,-16,-8,-2,2
24.689305,39,6,-4,0,3,30,7,7,2
24.689313,-38,-21,0,3,-2,24,7,7,2
24.709523,6,-9,0,-2,-6,-26,-27,-12,2
24.709538,29,14,1,2,7,18,9,7,2
24.710128,8,17,3,-2,-3,-8,0,20,2
24.710140,-76,-22,1,-1,-2,-26,-5,-21,2
24.723475,-8,-25,-8,-3,3,15,-4,-4,2
24.723485,12,1,-1,2,-2,43,13,9,2
24.731274,-60,-8,-2,-5,4,-13,-7,-8,2
24.731294,72,8,-1,-2,0,10,2,7,2
24.746126,-6,-5,4,2,5,38,9,-5,2
24.746148,-8,4,-5,-6,-20,-65,-20,0,2
24.747205,-22,-12,2,1,-11,-47,1,-2,2
24.747208,25,49,4,3,13,31,5,14,2
24.770967,31,4,-3,-1,-4,-18,-1,7,2
24.770974,-8,2,-4,-1,4,9,-13,-10,2
24.770976,26,7,7,4,-12,-3,12,2,2
24.770977,-20,-9,-3,-3,-9,15,-18,-5,2
24.783397,7,33,-8,-8,8,-9,-4,-4,2
24.783418,-25,4,4,7,-6,3,-7,-4,2
24.791305,2,44,0,0,6,11,0,-6,2
24.792573,8,-7,-1,-4,1,6,6,0,2
24.806754,-3,-6,4,3,-2,-10,3,12,2
24.806779,1,-2,-2,-1,-1,1,-3,6,2
24.808310,-6,-17,0,0,4,-3,14,-6,2
24.808315,47,-1,-2,-1,-30,2,9,-5,2
24.829345,-67,-5,-1,-3,42,-5,-7,-13,2
24.829368,41,-3,-6,-4,-10,-25,-2,3,2
24.830395,0,-15,2,-1,8,57,4,16,2
24.830399,-17,-2,-2,1,-31,-61,-7,-30,2
24.843583,2,-2,1,0,26,3,11,14,2
24.843612,36,-7,1,0,3,20,3,-2,2
24.851365,1,5,-8,-4,3,-2,-6,2,2
24.851387,-29,14,4,-2,1,19,4,6,2
24.866558,38,-19,-1,4,-16,-10,-7,-15,2
24.866577,-62,-34,-8,-7,6,18,7,-6,2
24.867115,-1,2,-2,-2,-11,22,-4,-14,2
24.867135,15,14,-1,-1,11,2,-1,16,2
24.889564,-6,-21,0,0,-12,1,5,-6,2
24.889588,-10,19,3,3,4,6,0,2,2
24.891374,4,-11,-5,-11,-4,-23,-6,-8,2
24.891379,3,1,3,9,8,20,3,-1,2
24.911888,-6,-2,7,1,-5,-4,6,17,2
24.911911,8,54,-3,-5,-6,-8,-1,3,2
24.913016,-57,-22,-8,-4,3,4,-20,-30,2
24.913028,-4,-9,-2,-3,-4,7,1,19,2
24.926240,19,19,-8,-2,-24,-2,-2,-6,2
24.926254,9,-5,6,1,32,-4,9,23,2
24.926870,60,11,6,5,-1,4,-1,-17,2
24.926884,-38,-5,-4,-6,5,0,-4,5,2
24.949707,-5,9,6,4,-14,-9,-3,-15,2
24.949736,-32,-20,-5,-3,-5,21,-1,-11,2
24.951465,50,32,-6,-3,-4,-18,-2,3,2
24.951469,-52,-22,-11,-4,3,-10,-4,9,2
24.971869,7,8,0,-3,-1,19,-4,-39,2
24.971891,-5,10,3,-6,-16,-67,-6,-5,2
24.972953,6,-16,3,9,7,15,1,6,2
24.972986,-20,-15,-3,-7,10,-11,-1,3,2
24.988167,-6,1,-4,2,-19,28,8,9,2
24.988179,34,-5,-1,-3,7,-65,-10,4,2
24.988181,-48,-18,3,3,-2,38,-8,-5,2
24.988183,35,33,0,-1,-16,39,10,-14,2
25.009510,-9,0,-3,-2,-31,-19,9,16,2
25.009526,18,-21,-3,-2,19,30,-18,-17,2
25.011162,-15,5,2,-1,-3,-20,3,12,2
25.011170,39,-3,3,3,11,-35,-3,8,2
25.032428,17,36,-4,-8,-4,-2,-9,-10,2
25.032456,-53,-23,-5,1,-30,2,10,3,2
25.034685,44,-15,-2,-3,1,-14,0,11,2
25.034691,-10,13,3,1,7,15,-3,-14,2
27.057378,11,4,-1,1,-1,1,0,9,0
27.057658,-27,2,1,1,3,-22,3,-5,0
27.058539,24,-11,-1,0,-3,15,-13,-3,0
27.058607,-8,1,-3,-6,1,-1,4,8,0
27.072496,-15,1,-2,-7,-2,-5,-6,2,0
27.072503,43,2,4,8,0,2,3,-9,0
27.078057,-12,-1,-3,-4,2,-6,-1,20,0
27.078075,9,-5,-1,-4,-15,-4,-3,-9,0
27.094810,-12,-4,1,2,10,2,1,-4,0
27.094833,-4,1,-2,1,-1,1,-2,-1,0
27.097033,3,2,0,-1,-3,-5,5,4,0
27.097038,31,0,-3,-1,2,3,-6,1,0
27.119180,-4,-4,-1,-4,-9,-3,-1,-4,0
27.119185,2,-2,0,3,-1,3,-4,-1,0
27.119187,3,0,-2,1,0,-2,0,-7,0
27.119189,-7,6,-2,2,3,1,3,-4,0
27.131902,4,-13,-5,-5,-5,-2,-4,-2,0
27.131923,-7,-6,-1,-1,1,-3,-2,1,0
27.138786,-7,4,1,-1,-2,-2,-3,-5,0
27.138815,11,0,1,-3,2,-2,2,-4,0
27.154769,12,5,0,-2,-1,-1,-3,5,0
27.154787,-10,-1,-1,2,-3,5,2,0,0
27.156384,26,2,0,-1,-1,-10,-7,-8,0
27.156405,-17,-2,1,-6,2,0,5,4,0
27.177028,-24,-13,1,7,-10,0,1,-2,0
27.177048,-14,1,-3,-4,0,2,-2,-7,0
27.179140,-9,8,1,-1,2,2,-2,-1,0
27.179146,-30,-4,-1,-3,2,-20,4,3,0
27.191233,45,-1,-2,0,-3,13,-4,-7,0
27.191256,8,1,2,-4,-1,-3,1,-4,0
27.198022,-11,3,-1,2,3,-4,-2,6,0
27.198038,7,-2,0,-1,1,3,-2,-8,0
27.214368,-6,4,-2,-3,0,-7,0,-6,0
27.214374,-4,-7,-5,-2,-6,-2,-1,-1,0
27.215824,-2,9,-1,-3,-2,1,-10,-4,0
27.215837,-1,-7,1,7,8,1,1,-1,0
27.236983,-1,6,-2,-1,-1,-3,-2,1,0
27.239262,1,3,-1,-3,-3,2,2,-1,0
27.239272,2,-8,-1,-1,-3,-1,4,-2,0
27.239274,-4,-1,-3,0,-1,4,-2,-2,0
27.251280,-10,-1,1,0,-1,1,5,4,0
27.252175,8,0,-2,-13,0,-8,-6,0,0
27.258012,-17,-7,-1,10,-4,1,0,-5,0
27.258028,-41,0,1,1,1,1,-2,3,0
27.274390,49,-2,-2,-1,5,-2,0,-11,0
27.274413,26,2,0,0,-2,1,0,2,0
27.276553,-33,-5,-5,-8,-3,-1,0,-5,0
27.276557,25,6,-5,-3,2,2,-7,4,0
27.297211,-75,-10,3,7,1,0,5,-9,0
27.297231,33,7,3,4,9,-4,-10,4,0
27.299584,-22,-10,-1,0,2,-6,0,-4,0
27.299589,0,0,-2,-5,-5,16,3,3,0
27.310541,8,0,-4,-4,-1,-3,0,3,0
27.310557,8,-1,-2,-2,-3,2,-3,-1,0
27.321623,7,2,-1,-1,1,-5,1,3,0
27.321644,1,-3,-3,-6,-3,-2,-1,-7,0
27.334335,10,4,2,1,-2,-3,-4,6,0
27.334357,-29,-8,-1,3,-2,-3,-1,-1,0
27.336981,12,3,0,3,2,2,-2,0,0
27.336986,2,-3,-1,1,5,-3,0,1,0
27.357413,-6,5,2,-2,-3,0,-2,-1,0
27.357432,-8,-2,0,3,3,-2,2,-2,0
27.358438,11,-1,-1,-2,-2,8,5,3,0
27.358446,28,-1,-1,2,-2,-10,-18,-2,0
27.371292,-3,1,0,0,1,-4,2,5,0
27.373977,-7,1,-3,-5,-4,2,-1,1,0
27.379728,18,-3,2,1,1,1,-1,-2,0
27.379754,-12,3,2,-2,-4,-3,2,0,0
27.394430,16,-2,-2,-2,-1,-2,-2,0,0
27.394445,-15,-6,-4,-1,-3,1,-1,-4,0
27.396491,2,2,0,-3,-4,-3,0,2,0
27.396496,-9,-7,0,1,0,-2,0,-2,0
27.419857,23,4,-6,-8,-3,5,8,5,0
27.419861,-49,8,2,7,7,-5,-18,0,0
27.419864,2,-4,-2,-9,0,7,7,-3,0
27.419866,-6,-2,1,6,0,-3,-2,-9,0
27.430946,-4,-2,1,0,2,6,-1,2,0
27.430968,9,0,-2,-6,-2,-7,4,4,0
27.440834,4,1,0,-1,-2,-6,-6,-3,0
27.440841,-3,-1,-3,-2,-4,5,3,-5,0
27.455006,-4,0,0,0,0,-7,-3,-1,0
27.455030,2,-2,-1,-2,-3,1,1,-4,0
27.457662,0,-1,-4,0,-1,-2,-5,-2,0
27.457677,-1,1,2,-6,-4,0,2,6,0
27.477709,-11,0,1,6,-1,-4,-5,0,0
27.477749,11,-1,0,-1,0,0,-2,-5,0
27.479806,-12,-15,-4,0,3,-1,-5,0,0
27.479810,-14,1,-4,0,0,-5,2,3,0
27.490648,-2,3,0,-8,-1,-2,-4,-5,0
27.490674,6,-2,-1,1,-2,5,2,2,0
27.501078,20,0,0,6,-2,-4,0,4,0
27.501083,1,2,-2,-6,-7,-2,-1,0,0
27.514272,0,-8,-1,-1,0,0,-2,-6,0
27.514278,-15,13,-1,-5,-5,1,1,3,0
27.515762,14,11,2,1,-1,-3,3,1,0
27.515775,-13,-6,0,5,3,0,-16,-6,0
27.536384,-12,0,-2,-3,-1,-12,5,4,0
27.538677,-4,-4,-1,-5,-12,11,-1,-12,0
27.544745,-20,-25,-2,-3,1,-2,-5,0,0
27.544750,26,0,-1,1,-2,3,11,-3,0
27.550584,-16,6,0,1,0,0,1,0,0
27.550604,29,-10,-4,0,1,-4,-1,-6,0
27.559628,-5,12,1,-5,-2,2,0,-1,0
27.559679,-12,-4,-1,-4,2,-2,2,0,0
27.575316,-3,-11,-1,8,-2,0,-5,-10,0
27.575322,4,1,-3,0,3,-2,3,-1,0
27.575987,-7,1,-1,-5,-3,2,-7,-1,0
27.576058,-1,2,0,3,1,-8,-7,-1,0
27.597139,9,3,-2,-4,-2,-1,-1,-4,0
27.597161,-16,-3,0,-1,1,0,-4,-3,0
27.598624,-4,3,-2,-7,3,0,4,1,0
27.598628,20,1,-1,2,3,1,-1,-1,0
27.611191,0,1,-2,4,1,0,-1,-3,0
27.611219,-3,-5,0,-1,-1,-1,0,5,0
27.621962,9,0,0,-1,0,-3,-1,0,0
27.621968,2,2,-3,-3,-1,2,1,-7,0
27.634972,1,-2,-5,-3,-1,1,-2,2,0
27.635000,-7,-2,-4,-2,-2,-16,-1,-2,0
27.637646,17,8,2,1,-2,23,3,4,0
27.637652,-44,-10,-1,0,-2,-9,2,-12,0
27.657062,32,8,1,-3,-3,-6,-10,8,0
27.657080,6,-6,-3,4,-2,0,0,-3,0
27.658588,22,-1,-5,-3,-2,-9,3,-5,0
27.658610,14,6,2,-1,-1,5,10,7,0
27.670446,-5,-7,-1,-3,0,8,-1,-2,0
27.670457,-10,-3,-3,-7,-1,-8,-7,-2,0
27.679657,-5,2,-3,3,-1,-1,3,2,0
27.679662,10,2,3,-1,-3,0,-6,2,0
27.694345,1,-4,2,-1,6,-2,2,-7,0
27.694360,-12,3,0,0,7,3,-2,2,0
27.695945,-18,-7,-3,-3,-4,-5,-4,-3,0
27.695962,1,-4,-5,-4,0,1,-1,-2,0
27.716778,-5,-6,-4,-8,-4,-4,-3,0,0
27.716800,5,9,1,10,-3,3,5,4,0
27.718290,-9,-5,-1,-2,-1,-5,-5,0,0
27.718302,3,-3,3,-11,-3,-2,-2,2,0
27.739548,-6,6,2,13,9,1,3,1,0
27.739568,18,-2,1,-4,-3,1,-2,1,0
27.741355,-7,-4,-3,2,-2,-9,0,0,0
27.741359,-19,5,-2,-2,-4,13,-4,1,0
27.754675,-6,-5,-1,-4,-2,5,9,2,0
27.754708,-20,-14,-5,-4,-4,-2,2,-5,0
27.757218,28,10,-1,1,2,-9,-30,1,0
27.757224,-21,-12,-5,-4,-2,-7,-1,-2,0
27.777776,2,1,0,-1,-3,-3,-3,3,0
27.777783,-11,7,3,3,3,13,5,-7,0
27.778504,-4,0,0,-3,-3,-2,10,2,0
27.778563,22,2,0,-1,0,-5,-9,2,0
27.799755,2,2,0,6,-2,1,3,-6,0
27.799783,3,-5,-1,-5,-2,-1,0,3,0
27.802051,-8,-5,-3,-5,-14,-1,0,1,0
27.802062,5,3,-3,3,-1,-4,5,0,0
27.814317,-3,3,2,6,8,-1,-1,-4,0
27.814339,-2,-7,2,-7,-7,-6,-1,1,0
27.815961,-7,7,-1,1,3,0,0,-6,0
27.815993,2,-2,-3,-2,-3,3,0,-2,0
27.837562,-4,-1,-5,-6,-5,-4,-5,-4,0
27.837602,5,0,1,3,1,-3,-3,-2,0
27.840268,9,2,0,0,1,2,5,-6,0
27.840279,5,-4,-3,-5,-2,-1,0,8,0
27.859425,3,1,3,1,-2,-3,0,1,0
27.859438,-8,1,3,3,1,-6,-6,3,0
27.860998,-25,-2,-1,-4,0,28,15,-2,0
27.861047,11,0,-2,2,3,-25,-14,0,0
27.874078,-18,-21,-6,-14,0,-5,-2,1,0
27.874087,5,-6,-4,-1,0,2,6,0,0
27.880452,10,1,1,4,1,-9,0,0,0
27.880467,-18,4,3,2,4,4,-3,-4,0
27.896800,-2,2,-5,-5,-6,7,-1,-9,0
27.896822,12,2,-4,-3,-2,-7,-2,-2,0
27.898568,-19,-5,3,1,4,-5,-4,-1,0
27.898647,9,0,0,1,-3,5,5,0,0
27.921984,5,0,-2,0,-4,-5,-6,2,0
27.921995,-10,4,0,-1,0,5,0,8,0
27.922000,15,0,-3,-1,-1,-5,-3,4,0
27.922004,-17,-12,0,-2,-2,1,3,-4,0
27.934078,8,5,0,-5,-3,-5,-1,2,0
27.936831,-10,-11,-3,5,1,-2,2,3,0
27.940560,1,5,-2,-1,-1,-1,-4,-5,0
27.940582,1,2,-1,-4,0,-1,2,2,0
27.956992,-8,-2,-1,2,2,0,-2,3,0
27.957018,12,3,0,-11,-4,-1,-4,-5,0
27.958482,-4,-7,1,9,-1,-18,4,-7,0
27.958497,-9,0,-1,-1,7,16,-7,1,0
27.979639,1,6,-3,-5,-9,-6,1,-1,0
27.979673,-13,-8,-4,-5,-1,1,-1,-6,0
27.982691,9,-5,-1,-1,0,-3,-6,-1,0
27.982697,-2,2,-1,0,-1,-1,5,-2,0
27.993731,7,1,-1,2,1,2,1,-7,0
27.993753,3,5,-2,0,-1,-4,-3,-1,0
28.000741,-13,-5,-4,-8,-3,3,1,2,0
28.000770,8,-2,2,1,-3,-3,-1,-7,0
28.016906,3,-2,1,2,0,2,-4,-3,0
28.016925,-2,0,0,2,0,-1,-1,0,0
28.018649,-12,-2,-4,-3,0,1,0,-4,0
28.018668,42,0,-1,-5,-5,-1,0,-2,0
28.039475,5,-4,1,9,7,-5,4,0,0
28.039501,-22,2,-2,-3,-2,0,-19,-2,0
28.041374,10,-6,-2,-1,-2,1,-3,-3,0
28.041378,-9,3,1,-3,2,-4,1,3,0
28.054266,0,-5,-1,-2,-11,2,1,-1,0
28.054295,18,6,-1,-2,-1,1,5,-4,0
28.061291,-4,-2,2,0,-1,4,0,3,0
28.061423,-29,0,1,3,-1,-10,-3,-4,0
28.076923,24,4,-1,4,4,-21,-5,0,0
28.076928,-4,-2,-4,-4,-1,26,4,-1,0
28.078340,-14,-9,-1,-3,-5,-21,-10,0,0
28.078358,-6,9,0,-8,-3,2,5,-5,0
28.099454,5,-8,1,7,-1,0,0,2,0
28.099475,1,5,-4,-2,-1,-7,-1,-5,0
28.101589,2,-2,0,-1,0,5,3,-3,0
28.101593,6,1,1,1,3,3,-3,-10,0
28.113657,-19,-5,-2,-11,-1,0,-3,-1,0
28.113679,1,-2,1,6,1,-5,0,1,0
28.120748,1,2,0,-2,-3,5,0,0,0
28.120767,0,-1,-1,4,0,-5,-2,5,0
28.137536,-18,1,-5,-10,-2,6,0,2,0
28.137575,2,-6,-1,-3,-1,-7,-1,2,0
28.140131,3,6,3,9,5,2,-2,-4,0
28.140137,-3,-7,-3,-3,2,1,1,4,0
28.159557,-2,0,2,4,0,4,0,1,0
28.159577,16,-1,-4,-8,-5,0,6,-3,0
28.161001,-1,3,-3,-1,6,-9,-14,-1,0
28.161026,5,2,-1,1,-1,3,2,6,0
28.173812,-17,-4,-2,-6,-4,-4,2,-5,0
28.173835,6,0,1,2,-1,10,3,0,0
28.180924,-9,1,0,-2,-2,1,3,4,0
28.180952,12,-2,-2,-4,-4,0,-3,0,0
28.197497,-38,4,1,2,4,0,4,-3,0
28.197534,-11,-9,2,-1,0,-7,-8,1,0
28.200019,23,8,-1,0,0,3,0,2,0
28.200022,3,-3,-3,0,-5,-2,2,-7,0
28.219975,13,-1,-2,-2,-3,2,-3,3,0
28.219981,-12,-2,-2,0,0,-5,-1,1,0
28.220909,5,-3,0,-5,-2,2,-1,-6,0
28.220927,-18,1,3,8,2,-2,0,5,0
28.234949,5,0,0,-3,-3,2,-5,0,0
28.234955,5,-2,-1,0,-2,0,3,4,0
28.240844,8,-6,-4,-6,-3,-10,-1,-6,0
28.240863,-8,-5,-1,-1,-2,2,0,2,0
28.257119,6,-1,-1,0,-1,0,-2,-1,0
28.257138,5,0,0,-4,-6,-2,0,0,0
28.258460,-25,1,-2,-3,1,9,15,0,0
28.258467,21,-8,-2,1,2,-13,-26,-2,0
28.279955,0,1,1,5,0,3,2,-2,0
28.279981,0,5,0,-1,0,-4,1,-5,0
28.281969,2,-3,1,-1,-2,0,1,2,0
28.281979,-10,0,-2,-7,-6,15,2,-1,0
28.293102,14,-2,-2,2,5,2,6,-7,0
28.293124,-9,2,2,-1,2,-7,-1,4,0
28.303949,5,-4,1,8,2,-2,-2,-2,0
28.303955,-5,5,-5,-7,-2,-8,3,-1,0
28.317216,19,2,-1,-5,-4,-4,-8,-2,0
28.317240,-50,-12,-1,-3,0,3,1,0,0
28.319022,-10,12,-1,0,-3,-3,-2,0,0
28.319026,-14,-10,-3,-1,0,-1,-1,-7,0
28.339561,2,-4,-5,-4,-3,2,1,5,0
28.339592,11,5,0,-2,4,-4,-3,-8,0
28.341715,-2,-5,0,4,-10,4,-7,-1,0
28.341721,-8,9,0,1,-2,-2,-2,1,0
28.353863,-5,-3,-1,-10,-3,-1,-1,1,0
28.356517,8,0,1,7,0,-4,-3,-2,0
28.362597,-2,-3,-3,-2,1,1,0,-1,0
28.362625,3,0,-1,0,0,1,4,-1,0
28.376885,-3,-2,-1,-1,-2,-4,-4,-4,0
28.376898,11,0,-2,-5,-3,-2,-2,-4,0
28.378514,-3,-4,-1,0,1,7,6,0,0
28.378533,-9,-1,-2,6,3,-16,-12,-3,0
28.399316,-5,1,-2,-5,0,8,2,-2,0
28.399332,10,0,0,3,-1,9,8,0,0
28.402094,-10,-9,-3,-5,-1,0,0,-2,0
28.402098,-8,1,-3,-3,-1,4,3,-6,0
28.413094,3,1,2,-6,2,-7,3,3,0
28.413115,0,3,3,4,-1,-2,2,3,0
28.422663,8,-5,-2,-1,-1,-1,-2,-3,0
28.422681,11,-1,-1,3,2,-3,-3,-1,0
28.438734,-21,3,0,3,-10,-2,-1,2,0
28.438741,6,-1,0,-4,3,3,-5,-4,0
28.438744,17,1,1,-4,2,-11,-9,-10,0
28.438746,-16,-13,-3,-1,1,1,2,3,0
28.459588,-13,7,-4,3,-3,-1,-4,-1,0
28.459605,1,-5,-4,-3,-5,-3,-3,-4,0
28.460886,-9,12,1,0,-4,-2,-1,1,0
28.460903,6,-3,2,4,0,0,2,2,0
28.472983,11,-3,0,1,-1,4,-2,-4,0
28.473015,-1,-2,-6,-5,2,-5,0,-2,0
28.484351,-6,-2,0,-7,-2,3,7,2,0
28.484363,7,0,0,4,-3,-6,-6,1,0
28.497313,-1,-3,0,-1,2,0,0,-6,0
28.497334,-3,2,0,-5,0,-5,-3,5,0
28.498834,-8,-3,-1,6,1,1,0,5,0
28.498845,-5,0,-1,-5,-1,17,7,-3,0
28.519245,10,-6,-3,-2,0,-6,0,2,0
28.519261,-8,-2,0,1,-1,1,-23,0,0
28.520921,4,0,-1,-5,0,-8,-4,-4,0
28.520937,-12,-7,0,-1,2,-2,-1,-2,0
28.534599,4,2,-1,1,4,-5,-10,-1,0
28.534603,14,2,2,3,5,-3,5,-1,0
28.543097,11,0,-5,-9,-6,-2,-5,0,0
28.543103,-16,-8,-1,2,-3,1,-1,0,0
28.557154,-1,-2,2,1,1,2,5,-4,0
28.557177,3,-4,-3,3,2,-2,1,2,0
28.558854,-1,4,-2,-1,0,-1,-2,0,0
28.558895,6,-6,0,-6,-1,2,3,-5,0
28.580570,-7,-7,-2,-5,-6,-1,7,2,0
28.580576,-14,-1,1,4,-5,-4,-3,-2,0
28.580785,12,-6,-1,-1,-1,2,1,-3,0
28.580791,13,3,-1,0,-4,-5,0,-3,0
28.593402,-4,2,-2,0,0,3,-2,-3,0
28.593431,-17,-1,-2,-5,-4,-2,1,1,0
28.608263,6,-4,-1,1,1,-23,-2,3,0
28.608324,17,4,-1,-8,-13,19,4,-2,0
28.617217,-1,-6,1,6,2,-5,-2,2,0
28.617245,-12,-1,0,0,-2,-4,-1,-1,0
28.619128,-3,-3,-4,-2,2,-1,-17,-4,0
28.619131,8,7,1,2,0,-8,-1,1,0
28.640285,-8,-1,-1,-5,0,2,-2,2,0
28.640305,13,-3,-1,2,-3,3,3,-2,0
28.642401,-5,-1,-1,1,-1,4,3,-1,0
28.642408,-15,-1,-2,-7,-3,-3,-3,1,0
28.653374,-2,-4,-3,-2,0,1,0,3,0
28.653396,3,2,-6,-8,1,-5,0,-6,0
28.663576,0,1,4,4,-1,5,3,0,0
28.663584,11,-1,-1,0,2,-4,-2,0,0
28.676907,-5,1,1,-1,-3,-3,-2,-7,0
28.676925,0,-1,-3,0,-2,9,8,1,0
28.678336,-12,2,-6,-9,4,-12,-13,-1,0
28.678353,-2,-6,1,6,3,-4,1,-2,0
28.699958,2,2,3,5,10,-1,-2,-6,0
28.699997,8,-2,0,-1,-2,0,3,5,0
28.701378,-9,-6,-2,-1,0,-8,-1,-6,0
28.701382,7,3,0,0,-2,10,-5,-4,0
28.722099,2,3,-2,-5,-6,-6,-3,0,0
28.722106,2,-5,-1,-1,2,-1,-2,2,0
28.723589,-7,0,-1,-2,-5,4,6,-2,0
28.723609,-4,3,0,-2,0,-7,0,1,0
28.739924,-8,-1,-3,-3,-4,3,0,0,0
28.739932,3,-1,1,-6,0,-5,-14,-10,0
28.739935,6,-15,-2,5,-1,3,6,2,0
28.739936,-6,5,-1,0,0,-5,1,2,0
28.759590,-2,2,-1,-2,2,2,-3,-3,0
28.759607,10,3,-2,-5,-5,-5,2,-1,0
28.760939,-4,2,1,4,1,7,0,-2,0
28.760954,-7,-13,-6,-8,2,-2,-3,-6,0
28.782368,9,-2,-1,4,0,-3,4,0,0
28.782396,-3,0,-5,-4,-6,5,4,-4,0
28.785009,-8,3,1,0,-2,-8,-9,-1,0
28.785015,1,2,2,-2,1,-1,4,4,0
28.797834,4,1,-3,-8,-4,1,-1,-4,0
28.797871,0,-4,2,10,3,0,-2,1,0
28.800319,-14,18,1,-2,0,7,0,-2,0
28.800324,10,-12,-4,-1,-3,-4,-1,-6,0
28.819378,-2,4,1,-2,0,-7,-4,1,0
28.819397,-6,2,-1,-3,-1,15,0,3,0
28.820939,5,-1,0,-4,-1,3,9,-2,0
28.821018,-3,4,-2,4,-2,-7,-5,0,0
28.841915,-15,-1,-4,-15,-6,2,-2,5,0
28.841938,39,-2,3,18,7,-12,3,-1,0
28.843429,-22,-8,-1,0,1,0,3,-4,0
28.843445,1,0,-1,-2,0,6,6,4,0
28.856282,-11,-1,-4,-2,-3,-6,-2,1,0
28.856313,-5,-6,-4,-6,-6,-3,-3,-2,0
28.863029,8,-3,0,-2,0,2,2,4,0
28.863045,-1,1,1,1,-5,-3,-1,-2,0
28.879703,10,4,1,5,5,0,-2,-4,0
28.879720,-8,3,2,-6,0,-2,-1,1,0
28.885597,-8,-2,-1,3,-2,3,1,0,0
28.885616,7,-1,-3,-5,-1,-4,-4,-2,0
28.902034,1,-7,-5,1,-2,10,3,-3,0
28.902056,-19,-1,-3,-10,-3,-12,-10,4,0
28.903288,-6,0,2,9,-5,-8,-4,-3,0
28.903300,32,-3,2,4,8,2,1,-2,0
28.916604,0,4,1,2,-2,0,0,3,0
28.916635,-18,-17,-3,-2,-1,1,4,2,0
28.923215,2,-1,-5,-6,-1,3,-2,-4,0
28.923240,-14,3,-2,-8,-4,9,3,-4,0
28.941384,2,-3,4,12,-2,-3,-3,0,0
28.941390,4,2,-1,-4,-3,4,-1,-5,0
28.941393,0,0,-3,-5,0,-7,-2,0,0
28.941395,-9,-5,1,1,-6,-2,-1,1,0
28.961927,3,-5,-2,-1,7,-1,-3,-2,0
28.961953,3,10,0,-3,-14,-4,1,-5,0
28.965163,-6,-10,-1,0,4,5,-5,-6,0
28.965195,-3,1,-5,-4,-1,-4,-2,7,0
28.976298,-2,-3,-3,-2,-3,-2,4,-5,0
28.976334,1,3,0,6,2,-4,-7,1,0
28.983218,2,1,2,-2,-3,1,2,0,0
28.983245,-2,0,-3,-1,-3,-1,-4,-7,0
28.999378,1,0,-3,-5,-4,-5,1,-2,0
28.999402,0,-5,0,2,4,2,0,1,0
29.000873,1,8,-1,-2,-2,2,0,0,0
29.000904,-14,-5,0,0,3,-6,1,-2,0
29.021977,-4,7,-1,-2,-4,-1,-3,1,0
29.021996,-6,-7,-4,-3,-1,-1,3,-5,0
29.023453,17,6,0,-9,-2,1,-1,-3,0
29.023471,-2,2,1,8,1,0,-3,0,0
29.036056,-22,-5,3,0,2,-3,-7,1,0
29.036085,2,1,-1,-1,-2,4,0,-2,0
29.043034,4,-2,-2,-4,-2,3,8,3,0
29.043052,-3,-2,-1,2,5,-5,-5,2,0
29.059342,-13,3,-2,-3,-13,-5,-4,-4,0
29.059362,20,-3,-1,4,2,10,2,-1,0
29.060897,-5,-4,-1,-2,-2,0,1,-2,0
29.060948,-7,0,-2,-3,-4,-2,-2,-1,0
29.081788,14,2,1,-2,2,-5,-3,-2,0
29.081801,-17,2,0,-3,-1,-2,4,3,0
29.083246,10,-3,1,2,0,1,-3,3,0
29.083258,-5,2,1,1,-1,-3,0,-5,0
29.096105,2,-8,-3,-2,-1,1,1,0,0
29.096111,-9,-1,0,-4,-2,-2,4,3,0
29.102965,-4,1,-2,6,6,-1,-9,-4,0
29.105014,9,-1,0,-9,-3,-3,0,-1,0
29.120094,8,-5,2,6,0,3,3,3,0
29.120122,-11,4,-1,-8,-1,-1,4,-1,0
29.123156,0,-1,-1,5,-2,-2,-1,-3,0
29.123162,-26,-3,-3,-4,-1,4,-5,-3,0
29.141894,3,-4,0,-1,0,-7,-2,-1,0
29.141908,12,4,-2,-1,-1,2,-4,-6,0
29.143379,30,2,2,-2,2,-8,-2,1,0
29.143397,-19,-8,0,5,4,1,-1,4,0
29.156965,-7,0,0,-2,2,4,1,-4,0
29.156977,5,-6,-3,-1,2,-7,-8,-4,0
29.163515,-15,-3,-2,-5,-2,5,3,0,0
29.163532,10,2,-1,-2,-1,-19,6,2,0
29.179675,-5,-4,-3,1,1,19,-3,0,0
29.179704,-5,-1,-3,-4,-3,-6,3,-1,0
29.182209,1,-2,3,1,-1,-2,-2,2,0
29.182222,-11,1,1,5,1,-2,-3,-7,0
29.203603,6,-1,-4,-1,-1,-7,-5,-5,0
29.203608,2,0,-2,-1,-1,-1,-2,5,0
29.210496,1,-3,-6,-7,-3,-1,-1,-3,0
29.210501,-2,2,1,1,-1,-1,-2,-4,0
29.215546,9,-1,-1,-3,-1,-2,1,5,0
29.215565,-17,1,1,2,-9,8,4,0,0
29.225430,6,0,-3,1,-1,-16,-16,-4,0
29.225436,5,-2,0,-2,0,8,2,0,0
29.239757,8,0,1,3,0,-3,-3,2,0
29.241563,-25,-3,-1,-1,0,-2,3,-4,0
29.241568,-6,-1,-2,1,-4,3,3,3,0
29.241570,-2,2,-1,-6,-6,0,-3,3,0
29.261821,-3,-4,-3,-10,-2,0,1,-1,0
29.261843,2,1,2,8,3,0,-2,-2,0
29.263246,-20,-1,0,-3,-1,-5,-3,-6,0
29.263253,22,1,3,8,3,3,0,0,0
29.275564,2,-9,-5,-4,-3,-3,3,0,0
29.275585,-20,-4,-2,0,2,-2,-5,1,0
29.285794,2,-3,-4,-3,-1,5,4,0,0
29.285800,8,1,-1,-9,-1,-1,3,-3,0
29.299699,-18,1,3,12,4,-1,-3,-2,0
29.299722,20,3,4,2,3,9,3,-2,0
29.301092,-8,-1,0,-1,-1,-2,3,3,0
29.302758,-7,-5,-7,-8,-4,-1,-9,-5,0
29.322129,4,0,-2,0,-7,-7,0,4,0
29.322156,0,-1,0,-3,-1,-5,-7,-1,0
29.324172,3,-1,-2,3,3,2,-3,-2,0
29.324178,21,1,0,-4,0,-4,1,2,0
29.335602,5,0,1,-4,-4,0,-2,0,0
29.335634,2,-7,0,0,1,0,-1,-3,0
29.345840,16,9,-1,3,0,0,4,1,0
29.345845,-31,-9,-2,1,-4,-1,-20,-2,0
29.359777,19,1,-3,-6,0,-1,2,-3,0
29.359791,-2,-1,0,2,-1,3,6,1,0
29.360949,1,2,5,0,-1,-12,-10,1,0
29.360970,3,-7,-1,-3,0,2,7,-4,0
29.382284,-2,10,0,1,0,-2,0,-5,0
29.382313,-3,0,-1,-4,0,-4,-1,-2,0
29.383569,-1,-6,-4,-1,-4,1,1,-3,0
29.383622,4,3,1,2,0,1,3,-1,0
29.395966,-9,-2,1,-1,2,-1,-3,-3,0
29.395994,6,2,-3,-2,-2,-8,-1,0,0
29.406346,-13,-2,-3,-2,1,2,3,-5,0
29.406352,-2,-5,0,-4,-10,2,5,-3,0
29.422089,4,7,0,9,9,12,-5,2,0
29.422096,-5,-4,-1,-4,-2,-9,-4,-5,0
29.422099,-1,-5,1,-6,1,8,3,-4,0
29.422101,-4,2,-1,6,-1,-7,-1,1,0
29.441907,1,-3,-3,-4,-5,-1,9,1,0
29.441968,14,5,-1,2,-4,1,-4,-3,0
29.443319,-19,-7,-4,-6,-1,-3,-4,-1,0
29.443335,4,-1,-2,1,-1,2,3,2,0
29.455724,-5,0,4,6,0,-3,-1,-1,0
29.455742,6,-1,-3,-6,0,-2,0,-3,0
29.466311,3,-4,0,-1,-3,-2,6,3,0
29.466316,2,3,-2,-3,0,0,-14,-1,0
29.479783,-3,-10,-4,-6,-1,0,-1,-5,0
29.479805,0,-2,1,1,2,2,0,1,0
29.481757,-1,4,-1,-1,-3,-3,-1,-1,0
29.481762,10,-5,-4,-7,0,-1,0,-6,0
29.502165,-12,0,-1,-3,-2,-2,1,-2,0
29.502186,-5,-2,1,5,-1,-1,-4,2,0
29.504327,0,-2,0,4,-3,3,2,0,0
29.504332,2,2,-2,-3,-3,1,1,-2,0
29.515501,-3,-3,-3,-4,-2,-5,-4,0,0
29.515515,-2,2,-1,-3,-2,-20,3,0,0
29.525400,0,-1,1,1,2,26,0,3,0
29.525405,-7,7,4,4,-1,-12,-4,-6,0
29.539576,10,-11,-7,-5,-3,0,-1,-1,0
29.539599,-37,-5,-4,-1,-1,-2,-5,-5,0
29.541269,3,0,-2,-3,-1,-6,-3,1,0
29.541274,-3,-3,0,-2,1,3,3,0,0
29.562529,0,2,0,0,-2,0,-1,-2,0
29.562535,14,1,-1,-1,-1,2,-1,-4,0
29.563496,-5,-1,1,2,-1,-5,-1,0,0
29.563568,-6,1,1,3,1,5,3,0,0
29.577224,-6,-1,-1,-4,2,-3,0,-8,0
29.577230,2,-4,-6,-8,-4,2,-6,6,0
29.586024,0,1,-1,-1,0,-1,4,-2,0
29.586029,-18,-7,-2,0,3,-1,5,-4,0
29.599298,4,7,-2,-2,2,6,2,1,0
29.599320,1,-3,-1,0,-3,-15,-13,0,0
29.600930,3,-2,-2,-4,-2,-2,-1,0,0
29.600943,10,1,-1,3,3,0,3,0,0
29.624117,-16,-4,-3,-1,-4,-4,-3,2,0
29.624123,10,1,-1,-8,-1,11,2,-4,0
29.624126,-41,-2,1,10,-2,-4,1,0,0
29.624128,-14,-10,-3,-7,-3,-4,-3,2,0
29.644946,-1,7,0,3,-2,2,2,-2,0
29.644973,-5,1,-1,-1,1,-12,-4,-2,0
29.647142,18,-3,-3,-4,-3,12,-11,0,0
29.647147,-1,5,1,-2,-2,-1,2,0,0
29.659534,-3,-1,1,0,1,-7,-4,-2,0
29.659554,-3,-2,-1,3,-1,3,5,2,0
29.660789,1,-2,-5,-5,-2,-9,1,0,0
29.660804,-3,1,-3,0,2,1,-3,3,0
29.682383,10,-2,4,-2,-9,2,1,1,0
29.682411,-8,-3,2,3,1,1,4,1,0
29.684543,13,-4,-3,-6,-1,-4,-5,-4,0
29.684549,0,-2,-2,8,1,4,2,-5,0
29.704322,-7,-4,-2,-5,0,-5,-2,1,0
29.704337,1,-3,1,1,1,4,1,4,0
29.706427,0,8,-1,-5,-6,-4,-2,-2,0
29.706451,5,-7,-4,-5,-2,-2,-2,1,0
29.719621,-2,-2,-1,0,-2,-1,1,2,0
29.719640,-5,-1,1,3,0,1,4,-5,0
29.721133,2,6,0,-4,1,-2,-23,0,0
29.721147,-33,-10,-2,-1,-3,-6,1,-4,0
29.741972,-6,-7,-2,1,1,0,-2,1,0
29.741993,7,3,-3,-5,-1,5,-1,-2,0
29.744388,-14,3,-1,-2,-1,-1,6,2,0
29.744391,8,8,1,1,-2,-2,-4,2,0
29.764324,5,-2,0,-1,-1,-7,0,-3,0
29.764337,-2,-6,-1,-5,2,17,3,1,0
29.765748,-3,3,-1,8,1,-6,5,4,0
29.765761,-2,1,0,-3,0,-2,-3,-4,0
29.779065,11,-1,-4,-3,-3,-1,5,-1,0
29.779071,-7,3,0,-5,-2,-10,-3,1,0
29.785603,-11,-13,1,1,2,-1,3,-5,0
29.785620,22,19,0,-1,-1,6,-3,-1,0
29.802596,-4,-10,-3,-3,-2,-7,-1,-2,0
29.802625,-1,1,2,2,1,-2,-2,-2,0
29.804922,4,-5,-1,-6,-4,2,2,-5,0
29.804938,1,0,-3,-5,-2,-4,2,4,0
29.824423,-7,2,3,2,5,11,0,2,0
29.824445,4,-2,-6,0,-5,-14,-11,-2,0
29.825927,4,-3,-1,-3,-1,2,3,-1,0
29.825934,5,-2,0,3,-2,4,2,3,0
29.838986,5,3,-2,-2,-1,-11,-9,-2,0
29.839013,10,-3,1,1,0,5,3,-1,0
29.845860,4,-3,-3,-2,-2,-4,3,0,0
29.845886,2,-3,-1,-10,-1,-4,-21,-2,0
29.861883,-10,-3,0,11,-1,2,1,-1,0
29.861899,4,5,2,-1,0,0,0,-2,0
29.863405,0,0,1,4,0,-2,0,-2,0
29.863447,6,0,-3,-5,0,3,5,0,0
29.884669,-7,-1,0,-4,-11,-4,-1,-2,0
29.884690,-30,-2,-4,-1,-8,12,-1,-2,0
29.886820,8,0,0,2,1,0,-2,0,0
29.886823,-6,0,-1,3,1,3,1,-4,0
29.899654,1,1,-1,-5,-3,-7,-4,-2,0
29.899683,5,2,-1,1,1,-4,1,5,0
29.905658,1,-4,1,0,0,1,0,-5,0
29.905681,-3,-2,2,2,0,-5,0,0,0
29.921857,2,2,-1,-3,1,1,-2,3,0
29.921878,5,-3,-3,-4,-1,-1,1,-4,0
29.923433,4,0,-3,-2,1,0,-1,-4,0
29.923453,-2,-1,1,-4,-2,-1,9,1,0
29.944373,-1,-3,-1,6,2,1,-8,-5,0
29.944388,-12,-6,-1,-2,-1,-4,-4,-8,0
29.945793,-20,5,-3,-1,-2,-4,-1,2,0
29.945799,3,-4,-1,-3,-1,4,3,1,0
29.958785,0,-1,0,-4,0,6,4,-5,0
29.958808,3,1,2,6,0,-5,0,1,0
29.965739,-14,0,0,-2,3,1,-1,3,0
29.968004,35,1,-2,-2,-1,-4,-4,-8,0
29.983370,24,-8,-3,-8,1,0,4,2,0
29.983376,2,0,-3,8,-3,-26,-21,3,0
29.983379,-5,-1,2,-1,0,18,4,1,0
29.983380,5,0,-2,2,-2,-4,5,-2,0
30.004823,-9,1,-1,1,2,-4,-2,1,0
30.004850,4,1,-4,-6,-1,2,4,1,0
30.007555,10,-8,-1,-7,-2,-7,-2,-5,0
30.007562,-15,10,3,9,2,-3,-5,2,0
30.018977,-8,1,-2,-7,-2,4,0,3,0
30.019006,2,-3,0,2,1,2,3,-3,0
30.025609,0,2,0,-2,-1,-3,-1,0,0
30.025642,-8,-4,-3,-3,-1,1,-1,1,0
30.042107,16,2,1,2,-1,-3,0,-1,0
30.042128,-23,-2,-3,-14,0,11,4,-2,0
30.044544,17,-3,-1,13,-3,-8,-1,0,0
30.044556,2,-12,4,1,-1,-11,-7,-6,0
32.066308,37,-7,0,-6,-18,0,14,39,2
32.066689,-41,-15,-8,1,30,-21,-48,-23,2
32.068027,8,9,3,0,-3,18,4,-15,2
32.068072,-98,-6,-10,-4,-1,-7,-1,-5,2
32.089718,14,-5,1,-1,-5,-4,-7,-4,2
32.089725,38,-15,3,1,-9,-18,14,3,2
32.090174,-25,15,2,-2,6,41,-11,18,2
32.090214,66,12,0,-1,-15,-31,5,12,2
32.106077,-58,48,-1,-2,-16,-13,-3,-26,2
32.106085,-10,-26,-2,-3,25,5,1,15,2
32.106087,11,-11,-3,-3,-3,2,11,-17,2
32.106089,28,29,7,7,0,-10,8,19,2
32.127026,1,18,1,-3,7,11,-11,-13,2
32.127047,-13,-14,-2,-2,-11,-22,-3,-20,2
32.129148,-25,-9,-1,-4,-11,29,-2,9,2
32.129152,5,22,-1,-4,8,39,11,-4,2
32.150017,50,24,-7,0,-2,-61,-34,-10,2
32.151918,-104,21,-2,-2,-13,29,6,2,2
32.151930,39,21,5,4,8,-18,-8,-1,2
32.151935,-6,-3,1,-1,-3,33,9,5,2
32.172061,-7,-7,0,-1,8,25,5,-7,2
32.172140,-8,-23,2,1,-5,-15,4,6,2
32.173199,18,28,-3,0,-5,-4,-9,-18,2
32.173235,-26,-24,-1,3,5,-16,-3,-5,2
32.186248,-5,-58,-6,-5,-16,4,11,-8,2
32.186270,51,-4,-2,0,20,2,0,-1,2
32.187067,58,11,6,1,2,13,12,14,2
32.187084,2,13,-3,-6,0,-18,-4,-8,2
32.209417,-22,-5,-4,-4,2,8,2,-19,2
32.209440,27,1,3,1,-11,7,9,-9,2
32.210656,-21,-13,-2,-3,-1,3,1,11,2
32.210665,-5,7,-3,-2,-3,-70,-5,-6,2
32.223189,-14,5,-1,0,5,22,2,19,2
32.223228,18,4,-2,-1,-11,7,1,-6,2
32.231072,2,19,5,9,-2,-21,-1,51,2
32.231088,-27,-13,1,-2,28,41,8,-23,2
32.246076,-20,-16,5,7,8,8,-1,-1,2
32.246082,32,3,-10,-11,-7,-10,-9,39,2
32.246674,17,1,-8,-7,-10,-8,-4,-26,2
32.246700,56,26,3,4,-12,6,-1,-1,2
32.269396,59,-35,2,-1,13,12,3,11,2
32.269416,0,4,3,2,-7,-3,4,3,2
32.271419,4,-9,-4,-3,3,36,-4,-15,2
32.271432,54,10,-1,-2,5,13,6,24,2
32.283074,-9,0,-3,-2,-1,-17,-2,-1,2
32.283089,-37,-34,3,4,-17,-15,7,-16,2
32.291359,-7,-1,-5,-3,25,94,-8,13,2
32.291364,-22,-55,4,1,-13,-15,-13,11,2
32.308333,4,52,-6,-1,-2,32,3,-4,2
32.308339,32,-4,1,1,4,13,1,-2,2
32.308341,-16,-9,-2,-4,-8,-16,-3,-27,2
32.308343,-19,-21,-1,-2,-3,2,3,4,2
32.330209,-39,10,5,4,9,-12,-11,7,2
32.330230,15,12,-3,-2,-9,10,11,-4,2
32.333119,49,11,11,0,-9,-40,1,7,2
32.333125,-14,19,-4,4,11,1,-3,-8,2
32.342944,-16,1,-7,-2,-9,-15,-4,-2,2
32.342966,-50,27,3,-3,5,74,4,6,2
32.351481,49,-31,-1,0,3,-29,-1,1,2
32.351497,-41,-1,-3,-2,-5,1,-5,-39,2
32.366595,-22,-65,3,-2,-2,16,16,17,2
32.366616,-9,-16,-12,-6,0,-11,-27,-25,2
32.369301,-60,-12,-3,0,-7,-12,2,15,2
32.369307,38,20,-1,-2,-4,19,6,5,2
32.389510,30,17,4,3,-11,-40,-24,-8,2
32.389532,6,-11,4,-3,22,1,2,8,2
32.390134,9,-6,1,2,-1,-24,7,3,2
32.390152,-2,-3,1,1,-2,27,0,0,2
32.402874,24,-1,-5,-5,2,86,2,-3,2
32.402887,-4,-10,-1,2,-6,-31,-9,7,2
32.411229,-22,28,-10,-6,-7,-3,11,4,2
32.411253,-10,-9,-2,-4,3,3,-9,7,2
32.426285,14,10,3,2,4,31,11,-16,2
32.426306,0,0,6,6,-9,-19,-8,5,2
32.428473,7,35,2,0,1,16,8,-1,2
32.428477,2,-23,-7,-8,-7,-14,-7,-16,2
32.449272,-75,12,-12,-8,-1,-25,-9,-7,2
32.449279,14,1,1,-2,0,-9,9,-3,2
32.449915,5,-6,5,3,-9,3,-4,-3,2
32.449921,14,-8,-4,-7,-4,-3,1,0,2
32.471931,38,8,1,4,1,-21,-14,3,2
32.471961,-12,6,1,3,-5,3,2,-6,2
32.473549,-8,-2,-1,-2,4,38,-6,-5,2
32.473555,15,1,0,0,-3,-6,3,11,2
32.486123,6,1,-4,-12,2,5,1,-29,2
32.486144,-25,-19,-2,5,-5,-10,16,9,2
32.489375,-13,-9,0,5,8,12,-6,-23,2
32.489381,-125,-36,-10,-4,-2,3,-16,12,2
32.511838,41,20,1,1,-2,-44,5,9,2
32.511845,37,5,6,-3,-12,4,1,1,2
32.511847,5,-4,2,4,-2,-19,-1,4,2
32.511849,36,26,-2,1,5,1,7,4,2
32.531241,-4,-5,10,3,-13,-23,-5,9,2
32.531259,-1,44,-3,-5,20,33,-7,3,2
32.538711,0,-10,-5,-6,-2,19,16,5,2
32.538737,-11,-29,-6,-3,-11,-50,-17,-13,2
32.546099,-11,-20,-4,0,5,30,1,-11,2
32.546115,2,4,5,1,0,-9,9,16,2
32.547124,20,0,1,-5,-3,-1,-7,-22,2
32.547128,32,21,4,1,1,16,15,3,2
32.569272,-24,-16,3,7,4,-3,-3,11,2
32.569294,-17,49,-9,-5,-3,-11,-18,3,2
32.571755,11,-14,-1,3,0,-7,-6,-1,2
32.571819,-57,31,7,-1,0,4,18,-3,2
32.591871,-36,9,-10,-3,6,24,-14,-8,2
32.591882,-11,34,-2,1,-28,-14,-3,-4,2
32.592511,-73,-29,-3,-7,3,-15,-5,3,2
32.592547,51,27,2,-3,20,-3,-2,10,2
32.606541,-10,-4,-4,2,1,25,4,-9,2
32.606549,0,-23,-1,2,-4,-14,2,-3,2
32.606904,-11,0,2,-3,-11,-5,-3,-1,2
32.606910,19,2,1,2,-4,-9,-6,-3,2
32.629318,18,1,1,-4,3,7,8,3,2
32.629339,-13,-31,-7,-8,-6,-4,-30,2,2
32.630960,47,13,3,1,-1,-17,6,10,2
32.630964,-6,-29,3,2,-2,11,-1,-10,2
32.652376,15,22,-2,-1,-3,-15,-6,31,2
32.652388,-26,-18,-3,2,4,-2,20,8,2
32.652392,-23,-25,-13,-7,-1,12,-7,-9,2
32.652396,24,10,0,1,-2,0,-10,-6,2
32.667839,11,15,3,2,-1,45,10,-4,2
32.667844,23,31,8,4,1,-40,1,2,2
32.667846,8,7,1,1,5,14,0,7,2
32.667847,5,5,-4,-9,-5,-4,1,0,2
32.689391,-9,-19,4,9,2,-7,-7,2,2
32.689422,25,-12,3,-2,2,20,1,-13,2
32.691355,13,1,-1,1,-1,-20,-1,-12,2
32.691360,-9,17,-2,-3,-8,-8,-4,-8,2
32.711895,35,-5,0,-6,6,17,0,4,2
32.711918,-20,3,-3,-2,-18,-53,4,-8,2
32.714074,-17,-29,-12,-3,-2,-12,-8,-4,2
32.714079,-6,-5,-1,0,-17,19,8,3,2
32.726578,23,1,-2,-4,8,-1,4,-6,2
32.726609,20,-3,-2,1,31,32,12,-6,2
32.728507,33,5,8,5,-3,-11,-13,24,2
32.728510,-40,-14,-7,1,-5,-14,20,-6,2
32.749541,-28,-3,3,-6,-10,-8,-5,-17,2
32.749561,13,-19,-3,-6,-3,1,-12,1,2
32.749927,-32,14,9,8,2,11,19,-11,2
32.749944,25,-36,-3,-4,10,21,-13,14,2
32.771965,58,29,-6,1,-11,-36,0,19,2
32.771993,47,-14,-3,-4,0,38,-1,0,2
32.773712,-42,3,-7,-8,0,26,-1,-2,2
32.773718,15,1,-2,2,-10,-1,-3,-9,2
32.786229,-2,-12,3,0,7,-12,9,-6,2
32.786251,1,4,-2,1,-14,6,-23,-21,2
32.788609,17,14,-4,-7,12,7,-2,10,2
32.788622,3,13,3,1,-1,4,3,5,2
32.809995,-16,-14,-7,-4,-1,-23,3,-2,2
32.810000,-27,17,-2,0,-12,21,2,-3,2
32.810002,50,12,6,3,6,-11,2,-2,2
32.810004,39,-50,-11,-6,9,24,8,-16,2
32.831800,-65,-20,-4,-2,-9,3,-20,-1,2
32.831823,-32,11,-1,-1,-8,-51,-1,1,2
32.834401,27,1,-1,-1,-4,3,4,-2,2
32.834405,-36,25,1,1,7,0,1,10,2
32.846086,27,-7,1,2,5,20,-1,10,2
32.846101,-19,-20,1,2,9,13,3,-5,2
32.846707,-12,0,4,0,-1,-22,-4,6,2
32.846713,21,15,-2,-7,-1,-5,-10,-8,2
32.869890,23,15,3,5,-6,-13,5,5,2
32.871935,48,-44,8,3,12,14,3,18,2
32.871941,-96,-57,-21,-5,-17,16,-36,-47,2
32.871943,-5,10,-3,-3,-13,-15,-5,28,2
32.891875,-28,4,-4,-5,17,8,-3,-11,2
32.891892,20,-7,3,2,3,-2,25,2,2
32.892433,35,21,5,1,-2,-10,-5,2,2
32.892462,2,0,1,-2,2,-5,-3,-10,2
32.906315,-14,-6,5,1,-6,-7,4,5,2
32.906340,8,12,-1,0,9,10,-5,-19,2
32.907132,0,-2,1,-2,-3,-7,8,18,2
32.907154,-28,14,-1,0,0,-9,-6,-9,2
32.930018,45,17,5,0,-4,-5,5,-5,2
32.930039,75,24,7,0,-1,5,0,16,2
32.931398,-9,6,-17,-9,5,35,-23,-12,2
32.931402,38,-33,4,7,-12,-7,30,-8,2
32.952073,40,13,-4,-7,5,0,-16,-10,2
32.952079,-20,-33,-1,-1,0,8,-3,-6,2
32.952444,-17,10,9,9,3,17,1,17,2
32.952458,9,8,1,-2,1,-10,-5,-5,2
32.967120,-23,-11,-2,-1,-4,6,2,-4,2
32.967126,-40,-5,-5,-3,-2,-11,-7,-10,2
32.967128,20,8,3,-6,-3,-35,9,2,2
32.967130,-18,-2,0,5,4,17,-7,3,2
32.996802,-13,-14,-4,-3,-7,-9,2,-3,2
32.996818,-15,1,-4,-3,-2,4,-5,-6,2
32.997446,3,3,1,-5,-4,-3,9,13,2
32.997464,8,14,4,3,2,1,-5,3,2
33.012039,-23,-4,0,1,2,7,-5,-1,2
33.012046,49,20,5,4,0,12,16,20,2
33.012494,3,-6,-8,-8,-11,-39,-21,5,2
33.012508,-28,-25,-6,0,4,4,-18,-23,2
33.027446,3,-8,0,1,4,-7,-1,10,2
33.027452,-27,-15,-3,-7,-9,9,-4,0,2
33.027454,41,32,5,5,-2,-7,16,4,2
33.027456,-17,7,2,5,1,1,4,-4,2
33.049707,-61,20,-4,-7,-15,7,-7,4,2
33.049816,80,33,-3,-3,14,-5,-10,10,2
33.051575,4,-1,-5,-5,-7,60,0,-26,2
33.051579,34,-1,0,2,7,105,29,18,2
33.074121,-6,-24,3,2,4,28,18,-6,2
33.074127,-50,11,-6,-1,-15,-16,-17,-12,2
33.074129,28,11,6,3,-3,-18,6,-7,2
33.074217,21,-15,-3,-7,18,7,-2,3,2
33.085882,-9,51,-5,-5,-17,-32,-8,-11,2
33.085913,9,-4,-10,-6,-2,-19,-8,-20,2
33.094237,-23,-29,-1,-1,4,31,11,3,2
33.094275,-33,17,3,4,-3,-31,-7,-3,2
33.109753,11,-4,1,2,5,-1,4,14,2
33.109775,-6,-1,4,1,1,-10,-3,15,2
33.110352,-3,35,-2,0,4,-13,-5,14,2
33.110539,-8,0,-2,-8,-12,-36,-16,-2,2
33.132272,64,17,0,-2,3,14,12,5,2
33.132313,-90,-35,2,5,6,6,3,-13,2
33.134481,-5,-34,-7,-4,-4,-16,-3,-7,2
33.134486,-8,20,0,-2,-3,17,-1,-9,2
33.145989,20,1,-4,-1,-1,-12,-4,9,2
33.146010,2,20,0,-5,-1,30,26,28,2
33.154310,-59,13,11,9,3,-12,-17,1,2
33.154352,57,-16,-9,-3,0,0,-4,9,2
33.169696,-27,2,-4,-1,-2,8,-18,-12,2
33.169715,-38,-20,0,-6,-9,-4,6,-24,2
33.172061,8,10,4,2,4,20,5,7,2
33.172070,34,-3,2,0,-3,-9,-3,14,2
33.192217,-58,-108,-1,0,-2,12,-1,-30,2
33.192239,39,5,-2,1,13,21,-3,-10,2
33.194080,34,2,-3,-2,-4,-21,-3,-13,2
33.194083,-14,19,1,-5,-3,-29,-8,0,2
33.205668,10,-10,-2,-2,-13,29,8,-4,2
33.205687,8,0,3,5,26,-20,-10,2,2
33.213592,-25,-1,-1,-2,-5,20,10,2,2
33.213607,-40,-5,3,1,-9,-24,-1,-4,2
33.229668,48,24,3,-1,15,10,-9,7,2
33.229677,-45,-18,-6,-5,-26,-55,-6,5,2
33.229919,32,18,-1,0,7,5,-11,0,2
33.229925,16,5,-1,1,-5,18,0,-3,2
33.252226,-2,6,-1,0,-3,-25,-3,11,2
33.252259,-10,1,1,1,-3,19,0,-15,2
33.255264,-51,-53,-3,-6,7,3,15,-16,2
33.255275,39,17,-4,0,-16,-27,-18,7,2
33.265910,-18,-3,1,-2,14,16,6,-17,2
33.265942,-6,-9,-7,3,-4,2,-13,17,2
33.275033,13,-7,-2,-4,-10,-53,13,-8,2
33.275041,-44,-19,-3,-3,4,-5,5,12,2
33.290987,23,14,-2,0,-1,16,-4,-6,2
33.291005,5,1,-1,-2,-15,13,-1,-25,2
33.291007,52,-5,3,1,4,4,-2,20,2
33.291075,-43,-17,0,1,11,-23,-5,-14,2
33.312014,5,28,0,-1,-5,-28,6,12,2
33.312042,13,-10,1,-5,13,66,5,2,2
33.326287,61,34,-7,3,-9,-8,-10,1,2
33.326306,-34,-15,3,-1,-1,10,13,-15,2
33.326804,35,-1,2,2,-1,-9,-3,6,2
33.326816,0,27,-2,1,-3,12,1,-8,2
33.336664,-11,-27,3,-1,-2,0,1,-4,2
33.336669,52,24,-4,-4,6,10,2,-8,2
33.349871,-29,-22,-8,-5,-11,-8,-3,16,2
33.349900,-31,2,-2,-2,-4,-19,3,-39,2
33.352238,-31,-49,-5,-8,-9,-5,-18,2,2
33.352241,-31,-7,-1,6,-21,-2,0,-5,2
33.372678,-16,-10,-1,-4,32,2,-4,-6,2
33.372684,50,11,5,8,-1,-8,1,12,2
33.373928,5,2,-2,-2,0,9,3,5,2
33.374003,-19,-10,-5,-6,-8,10,-9,-2,2
33.387447,35,7,1,2,-9,2,9,4,2
33.387453,22,-1,1,-2,-7,-1,-2,5,2
33.394586,-40,-18,-6,-4,7,-3,-11,-22,2
33.394591,-9,27,-2,-6,-7,-33,-13,19,2
33.409280,6,-22,4,6,2,3,7,-5,2
33.409298,-33,-28,-16,-10,-6,1,-10,-2,2
33.410812,17,39,6,6,1,1,4,17,2
33.410823,-3,-6,3,-1,10,22,-5,-2,2
33.433770,9,-11,-3,0,-12,-10,6,-1,2
33.433776,-38,-10,2,4,11,-18,1,-1,2
33.433779,17,0,0,0,3,40,12,4,2
33.433781,13,-11,-3,-2,1,-1,9,1,2
33.454527,-26,11,-5,-6,-8,-11,-16,2,2
33.454545,2,-2,-1,-6,2,-10,-4,6,2
33.456922,50,32,4,7,-7,20,5,-26,2
33.456930,31,0,4,1,-12,30,12,11,2
33.469584,-25,-19,-2,-5,31,3,-2,-4,2
33.469606,34,59,0,-3,-6,-13,0,-3,2
33.472319,-7,-40,-6,2,-3,28,-3,-11,2
33.472326,3,-5,2,0,0,-8,-6,-19,2
33.491842,3,22,0,-2,-8,-8,-9,-4,2
33.491865,-44,-10,-2,-1,-2,-2,-4,16,2
33.494415,15,-6,6,-1,4,-4,2,7,2
33.494421,-25,-10,-9,-5,-1,-11,-2,-7,2
33.514238,18,9,1,0,-8,-7,1,7,2
33.514244,31,4,5,3,7,1,-2,13,2
33.516804,-16,23,1,-1,-2,2,0,7,2
33.516816,3,-18,-6,0,10,-5,14,8,2
33.529363,4,-5,-5,-4,-15,-8,-8,7,2
33.529385,-19,-7,4,1,-4,10,8,4,2
33.531026,-18,-17,-5,-3,3,-29,-29,-10,2
33.531140,4,37,5,2,1,4,-2,8,2
33.552381,-17,-15,0,-5,0,-1,-1,-9,2
33.552403,-22,-5,0,11,-1,-2,4,9,2
33.554901,63,8,-1,-2,-1,-17,6,8,2
33.554916,-97,-37,-6,-2,5,17,-7,-34,2
33.574332,-16,-6,-2,-1,-5,-1,-2,-1,2
33.574347,16,-20,-3,-4,1,-3,-8,-14,2
33.575832,-36,18,1,-2,-30,18,5,6,2
33.575971,47,30,-4,0,46,26,-9,6,2
33.588749,-15,-10,-3,-1,-7,9,3,0,2
33.588769,34,-6,-2,-4,1,2,-4,-4,2
33.595396,-95,-32,-1,-2,-7,-4,6,2,2
33.595418,44,41,3,2,-18,-10,-3,1,2
33.611740,48,-4,-2,2,18,7,13,4,2
33.611762,-50,-3,-5,-4,-2,22,-22,3,2
33.613282,-23,-16,-8,-7,-1,-77,-16,4,2
33.613295,31,-6,5,0,-7,-6,3,-16,2
33.634982,3,12,0,0,2,44,0,4,2
33.634988,9,-9,0,-2,-14,-83,0,-2,2
33.635735,5,17,3,3,14,-1,5,-1,2
33.635748,9,-2,3,-1,-4,20,5,20,2
33.650539,5,-10,-1,0,-12,-13,-10,-4,2
33.650544,11,-13,-2,-6,6,34,10,-2,2
33.655731,11,3,-3,5,3,-8,-1,5,2
33.655755,-1,10,1,-5,2,7,-1,-5,2
33.672013,-6,-1,1,7,-6,-17,0,13,2
33.672036,31,30,-1,-5,-17,10,1,6,2
33.673714,-44,-23,-3,-3,6,-2,-1,-15,2
33.673719,-23,-10,3,3,36,-14,10,1,2
33.696570,-28,-51,-7,-4,-10,4,-27,-3,2
33.696574,-24,-33,-4,3,-1,4,10,-36,2
33.696577,20,37,-7,-8,-9,-11,-10,8,2
33.696579,18,-23,0,-2,-14,7,-9,4,2
33.708877,-21,8,0,5,2,-5,9,-5,2
33.708906,18,-11,6,1,8,-12,-1,9,2
33.715783,22,11,3,3,-2,22,10,0,2
33.715803,-5,-15,-8,-5,-8,-16,-6,-5,2
33.732160,20,28,4,0,-1,-12,5,3,2
33.732265,-3,7,-2,1,-1,40,-1,16,2
33.733969,5,5,1,-3,8,-44,-3,-6,2
33.733973,10,29,-5,1,-10,-17,-6,-2,2
33.754888,42,41,4,-2,-17,-9,2,-13,2
33.757335,8,-30,-4,1,13,9,0,22,2
33.757347,-15,-32,-3,-2,3,49,-3,-4,2
33.757349,-9,-19,3,3,-7,-23,-4,-24,2
33.768967,-27,17,-3,-2,-3,-5,-15,-9,2
33.768988,65,9,-1,-2,4,11,7,-12,2
33.775472,31,-10,3,0,-3,13,7,19,2
33.775494,-34,14,1,1,-4,2,-1,7,2
33.791892,0,-17,-4,-4,-1,3,3,-23,2
33.791956,4,-8,-1,-4,-4,-6,-2,-3,2
33.793452,-53,-1,-4,0,4,13,-3,7,2
33.793468,19,1,4,3,-14,-10,-4,0,2
33.814552,8,-1,-2,-1,9,1,0,9,2
33.814574,4,1,0,0,-3,-1,-6,11,2
33.816674,-2,33,-5,-4,1,-1,-4,-30,2
33.816682,28,-16,-3,-7,-8,2,0,23,2
33.829178,-1,6,-1,-4,0,0,2,12,2
33.829199,-4,20,4,0,4,-8,-5,-16,2
33.835428,21,7,1,2,-5,3,7,-9,2
33.835475,9,-4,-4,-6,-1,6,1,-1,2
33.851699,-10,-1,3,11,9,-2,-3,7,2
33.851705,-50,3,-3,-3,-7,-10,0,-8,2
33.853216,9,-4,1,-1,2,15,4,0,2
33.853229,-4,-16,-2,-5,3,1,-2,1,2
33.874489,-19,25,2,2,-8,6,12,8,2
33.874510,-13,-27,-6,-4,10,-15,-1,-8,2
33.876204,-8,2,0,-1,-10,-5,1,-5,2
33.876209,-48,-33,-3,0,4,-7,-24,-38,2
33.889055,71,45,-4,-7,-12,7,-1,37,2
33.889084,9,7,3,11,-7,10,-1,-3,2
33.895469,59,11,5,2,6,-10,8,18,2
33.895492,-35,-13,-5,-2,-4,9,16,-6,2
33.914566,22,-10,2,-3,-7,-23,-14,-13,2
33.914573,-25,19,-5,-3,13,-3,-7,5,2
33.914575,24,13,3,-2,-6,26,-2,25,2
33.914577,16,-6,-1,1,3,-3,2,-10,2
33.934604,-53,-34,0,1,5,-30,4,0,2
33.934634,-12,-6,1,-4,-16,43,3,-8,2
33.935789,-27,-17,-4,-4,-16,-69,1,-4,2
33.935807,56,12,4,4,35,21,-14,28,2
33.947900,-14,-13,-7,-2,5,2,-3,-17,2
33.947916,23,13,4,0,-25,-16,1,9,2
33.957970,-2,-5,-1,-2,20,9,-9,7,2
33.957976,-9,10,1,-1,1,1,6,11,2
33.971899,-37,-22,3,3,-3,2,-1,-6,2
33.971924,37,12,-4,0,-2,-6,-4,-16,2
33.973898,-33,-8,-5,-4,1,13,-3,-8,2
33.973905,-6,-5,-2,-3,-14,-11,1,4,2
33.994298,48,12,2,-5,11,17,3,-8,2
33.994316,13,-10,5,8,6,3,11,6,2
33.996157,16,-8,-21,-12,-12,-16,-25,-6,2
33.996206,-5,27,2,2,-4,-8,4,-3,2
34.008330,-11,-8,-2,-3,-5,45,-3,-17,2
34.008337,3,2,4,0,0,2,1,15,2
34.018436,5,1,6,2,13,27,5,-6,2
34.018442,35,-2,-4,-2,-10,-45,6,19,2
34.032141,-6,-10,-3,-1,13,61,0,6,2
34.032163,-51,20,-8,-6,-23,-27,-10,3,2
34.033239,-24,-25,2,2,17,26,2,-34,2
34.033247,1,4,-3,1,-6,-19,0,2,2
34.055381,-34,1,3,4,2,4,9,10,2
34.055391,35,-14,-4,-3,-8,0,-4,-4,2
34.056101,6,26,2,-2,-12,-13,-2,5,2
34.056112,0,17,3,1,-2,3,-2,4,2
34.071425,-4,-40,-5,0,-9,-24,-5,-22,2
34.071439,7,10,0,-6,9,-6,-5,-2,2
34.077518,-15,-6,0,-3,0,3,7,-1,2
34.077561,6,3,-2,1,-7,14,-2,-14,2
34.091755,3,14,-1,0,-1,-13,0,18,2
34.091773,7,7,2,-3,7,7,0,-2,2
34.093367,9,-25,3,4,-19,-13,1,4,2
34.093410,-6,3,-3,-4,24,21,-1,-7,2
34.116560,-10,-10,-3,-2,-7,-22,-3,16,2
34.116568,31,-23,-1,4,7,-8,-2,-22,2
34.116570,-8,-8,0,0,-5,2,-1,13,2
34.116572,-9,-4,-2,1,-7,-19,5,-6,2
34.128454,-25,13,-11,-13,-9,12,-3,-8,2
34.128476,-24,-15,0,4,14,-5,5,7,2
34.138742,39,9,0,3,0,2,1,-6,2
34.138749,11,-8,2,2,-7,13,-12,-3,2
34.152118,15,0,1,-3,3,-22,-5,-11,2
34.152140,-17,22,0,-4,-9,1,-2,10,2
34.153873,11,-1,-3,-2,-1,-4,-2,-7,2
34.153877,18,6,-4,-2,0,-9,3,6,2
34.174333,-9,-5,1,-1,-10,-6,3,-8,2
34.174351,34,15,-2,2,6,14,0,10,2
34.176170,-6,-10,4,0,-13,-14,-5,16,2
34.176182,10,-15,-3,-3,11,58,-6,-8,2
34.188619,-7,13,-1,1,0,-25,2,-6,2
34.188656,14,-14,0,-3,0,2,7,10,2
34.202813,0,-16,5,2,11,9,1,0,2
34.202835,46,-13,-13,-5,-20,3,-10,19,2
34.211818,35,14,0,2,5,-1,8,-8,2
34.211833,-42,-11,-2,5,3,-8,-7,-8,2
34.213479,22,14,4,0,-4,5,1,-4,2
34.213485,-20,-2,2,-2,-2,-15,4,-6,2
34.234263,8,0,-4,-2,4,-5,-6,6,2
34.234285,-17,-10,-2,-3,-13,-19,-1,-2,2
34.235807,-25,12,-5,-5,-6,35,5,-6,2
34.235813,8,7,6,4,36,15,-16,-12,2
34.248020,3,-1,-1,-3,-5,-57,-10,7,2
34.248041,-17,2,-4,-5,-29,30,-8,11,2
34.257842,-39,-26,-4,0,41,15,2,3,2
34.257851,-1,15,-4,3,-18,-6,14,-2,2
34.273067,30,-3,5,4,2,14,0,-6,2
34.273076,1,-2,-2,-2,6,-15,-5,-7,2
34.273482,26,5,-6,-2,-12,-27,1,-3,2
34.273489,-30,-7,-1,-9,-5,-5,-4,13,2
34.294351,-4,-2,0,5,6,0,-3,-13,2
34.294373,25,4,6,-1,5,-1,6,6,2
34.296667,46,39,4,9,0,4,-4,-7,2
34.296676,-80,-52,-15,-9,-6,-10,-8,-32,2
34.308056,26,-3,-7,-6,-10,28,7,25,2
34.308079,10,8,-4,-3,6,-4,-2,-5,2
34.317928,35,7,-1,-1,-2,-5,-3,5,2
34.317940,25,7,8,2,-2,-2,9,-6,2
34.334479,-11,5,-1,0,-3,-3,-7,5,2
34.334485,-33,-5,0,-1,5,3,-2,-3,2
34.334487,-8,-7,-1,-3,1,-5,-4,-7,2
34.334489,18,7,5,6,-8,0,7,6,2
34.354615,-29,-1,1,-5,4,12,-6,-13,2
34.354681,21,-24,-1,5,-3,1,1,13,2
34.356042,-20,8,-4,-2,-3,19,-1,-2,2
34.357319,-86,-49,-11,-6,-22,-75,1,-20,2
34.377471,-12,-21,-3,0,-3,10,-4,-14,2
34.377512,-24,4,-5,-5,24,34,-3,-7,2
34.380032,20,-16,0,-1,-15,-2,6,2,2
34.380041,20,36,7,3,6,35,2,8,2
34.392030,3,-16,1,-1,-3,-7,-7,-11,2
34.392051,18,2,-1,1,-6,-20,-1,-9,2
34.395038,-26,5,-2,-1,4,-11,-1,10,2
34.395044,56,33,6,0,4,23,0,7,2
34.414250,12,-17,-4,-1,0,7,-1,-35,2
34.414272,-61,-60,-10,-4,-3,-13,-1,-15,2
34.416109,-39,29,-12,-15,-1,16,-24,0,2
34.416145,-24,-12,0,6,0,-7,-1,-8,2
34.437357,19,8,2,-1,-3,-2,10,26,2
34.440420,32,11,3,0,3,-2,2,-7,2
34.440428,-10,-18,2,7,6,-13,-1,-21,2
34.440430,7,1,0,-3,-12,8,2,14,2
34.451789,4,7,3,-1,-20,0,7,2,2
34.451811,-28,-16,-5,-2,27,-5,-18,-13,2
34.454329,26,9,-7,-5,-6,-5,2,2,2
34.454333,-7,0,-3,-2,6,3,-1,3,2
34.474540,5,8,-1,-4,-3,5,0,7,2
34.474558,13,12,1,2,-12,-5,-4,-19,2
34.475878,-4,-12,4,3,-1,-5,3,6,2
34.475895,10,11,-2,-2,-2,5,-1,-4,2
34.496766,-29,16,-6,-3,7,-5,1,4,2
34.496782,-3,4,0,-6,-6,3,4,9,2
34.498609,-19,-23,-3,4,1,-9,-8,-3,2
34.498616,37,3,4,3,-2,5,3,-2,2
34.511777,-20,-2,-3,0,3,-1,-4,6,2
34.511800,15,20,5,2,1,-1,-4,-1,2
34.513269,8,-2,-1,-2,-7,1,0,2,2
34.513299,40,12,0,-7,0,-1,0,7,2
34.535598,-15,-17,1,5,2,1,-1,0,2
34.535602,3,-49,-12,-6,-12,-10,3,-7,2
34.535706,7,-5,-2,-3,4,13,-12,-13,2
34.535712,3,-3,-2,1,-3,-2,-2,-1,2
34.557106,17,7,4,0,17,3,5,-4,2
34.557126,16,22,0,-1,-7,-1,2,-2,2
34.558499,-12,5,1,-2,-24,-10,5,7,2
34.558507,-2,-13,-4,-3,15,15,-6,-4,2
34.571625,0,0,1,-2,32,-14,-14,-2,2
34.571649,9,-13,0,-3,8,18,-3,44,2
34.578034,-31,-9,0,7,-5,26,5,-6,2
34.578142,2,14,-1,0,-9,16,-1,-3,2
34.594918,-8,-3,-1,1,-27,20,7,-5,2
34.594947,29,20,7,-1,49,83,22,22,2
34.597633,56,14,-4,-5,3,7,-28,-6,2
34.597639,-54,-33,-4,-7,-4,-23,0,0,2
34.617196,-25,-6,-2,4,3,11,-1,-8,2
34.617215,12,22,2,0,-14,-16,1,0,2
34.618263,10,9,5,1,7,-20,7,-8,2
34.618276,-5,-23,-4,-1,0,9,0,-7,2
34.631847,0,14,-3,-5,-9,-20,-3,19,2
34.631871,-24,-15,0,2,-15,-17,-6,-39,2
34.638348,44,32,-2,-6,1,-14,6,22,2
34.638377,-32,2,2,8,2,-10,-5,-9,2
34.654731,-2,-18,6,-6,-12,2,-6,3,2
34.654761,55,-7,-4,6,-3,-20,1,16,2
34.657140,-80,-56,-16,-9,7,20,20,-30,2
34.657148,23,11,2,-1,-9,-13,-12,9,2
34.677038,9,10,-1,-2,-4,-4,3,-6,2
34.677058,-7,3,1,-1,-3,-5,-5,-12,2
34.678422,10,1,2,-1,-8,-8,0,1,2
34.678514,13,5,2,-2,7,8,1,-3,2
34.691620,-2,-17,-5,-3,-2,-23,2,-9,2
34.691626,-9,14,-2,-3,-29,-22,-28,-8,2
34.706581,-2,-21,0,1,39,43,7,0,2
34.706588,2,-9,-5,-5,-16,-20,1,0,2
34.714293,-23,7,-4,-2,4,24,-8,6,2
34.714314,-25,9,2,-1,-7,-12,9,4,2
34.716317,6,-7,-5,-1,-8,-13,-8,-5,2
34.716326,20,3,7,2,8,10,6,0,2
34.739068,8,-21,-7,-6,-1,-5,0,-11,2
34.739078,-56,-4,-7,1,-8,5,4,-10,2
34.739081,18,9,11,6,-1,-12,-9,6,2
34.739083,-37,-2,-5,-4,-13,35,17,-3,2
34.751668,-1,3,-1,3,20,-19,-17,2,2
34.751697,17,4,-2,-3,-2,-1,0,-3,2
34.757984,43,13,3,-1,-5,-10,1,2,2
34.758007,-56,4,-2,0,-8,3,-11,9,2
34.774441,45,-2,1,0,2,36,15,9,2
34.774462,11,-7,-4,-1,2,21,-15,-6,2
34.775834,2,16,1,-1,2,7,4,9,2
34.775847,56,1,1,-3,-8,-9,-2,-5,2
34.796829,-41,-3,-2,6,-2,9,-1,-17,2
34.796851,27,19,3,-5,5,-17,0,9,2
34.799007,-69,-17,-2,6,-9,-14,-5,-22,2
34.799011,29,3,1,-1,9,-6,-3,-1,2
34.811350,47,-3,-1,-3,-2,-14,2,-6,2
34.811373,-34,-14,-4,2,1,3,4,-1,2
34.817946,-14,23,-2,-6,-6,-9,-2,5,2
34.817963,-22,-11,4,2,10,1,-4,-12,2
34.834345,7,-14,-2,-2,-5,-5,-1,16,2
34.834431,11,23,1,-3,-10,-4,-4,-24,2
34.835717,16,-31,-4,-5,0,13,1,13,2
34.835730,-128,-21,-14,-3,3,-19,-14,-16,2
34.857092,60,9,-1,-4,-10,-6,-1,8,2
34.857115,-7,9,0,-1,1,1,4,-7,2
34.859151,17,1,2,3,1,-7,1,7,2
34.859163,35,21,1,-1,1,3,0,8,2
34.870910,-16,-1,0,-3,-7,-4,4,-25,2
34.870930,-11,-4,-2,2,-2,-24,-1,26,2
34.880222,-25,5,-4,-5,-1,32,1,-15,2
34.880231,-10,-6,0,0,-33,13,10,-12,2
34.895501,-32,17,-3,-4,41,10,-8,-6,2
34.897788,-25,-13,-2,3,-1,-31,5,5,2
34.897795,-9,-8,-3,-3,-7,-9,-7,-11,2
34.897797,37,19,-2,-6,-1,-1,-1,-1,2
34.917379,-44,-33,5,8,-6,5,7,4,2
34.917401,26,19,-9,-7,1,36,-26,2,2
34.919989,-7,-1,0,1,0,-17,-2,-9,2
34.919993,13,2,-3,-2,7,3,-6,-10,2
34.930379,-31,8,0,-3,-17,-11,-2,2,2
34.930393,5,-9,-1,-1,5,21,9,3,2
34.941370,17,0,0,-4,-8,-5,-2,15,2
34.941375,3,3,0,1,4,-11,-2,-4,2
34.954681,-5,11,1,0,9,8,-1,14,2
34.954706,0,-21,0,0,-5,-3,0,6,2
34.956743,-4,8,-1,-3,5,-30,-20,1,2
34.956748,38,-21,-3,3,-1,16,0,8,2
34.976841,24,6,-2,-2,-5,-9,-3,-10,2
34.976859,-19,14,1,-2,-1,-3,5,-12,2
34.978344,-15,-10,1,-1,-1,-7,0,5,2
34.978365,-18,1,0,0,9,-10,3,1,2
34.991639,27,0,6,8,-7,6,-4,4,2
34.991645,-48,1,-9,-12,-10,62,2,-9,2
35.001128,-1,-3,-1,-2,-7,-71,-20,-9,2
35.001134,27,4,0,1,9,12,4,2,2
35.014694,-15,7,-4,0,-4,-7,-5,-4,2
35.014723,1,-2,4,3,3,7,5,-1,2
35.016297,9,4,-5,-2,-6,56,11,0,2
35.016306,2,2,2,-7,-1,-50,0,6,2
35.039591,43,21,10,10,-3,3,9,21,2
35.039602,-37,-24,-11,-5,2,-9,-6,-24,2
35.039605,-87,-40,-4,-3,3,20,2,-4,2
35.039607,2,-5,1,-1,4,-5,3,7,2
35.050923,46,3,-1,2,-1,9,-3,-11,2
35.050956,-4,9,3,2,0,-26,-4,16,2
35.059655,34,8,1,0,4,-10,4,-8,2
35.059671,72,25,0,-2,-7,24,0,19,2
37.075605,-3,-4,2,-8,-2,-2,-2,6,0
37.075952,-2,1,3,6,3,-4,-1,-3,0
37.086519,-4,1,-3,-2,-1,0,1,-2,0
37.086655,2,-3,1,-8,-5,3,-2,2,0
37.100030,-5,3,-3,-10,0,-7,-2,-2,0
37.100058,-3,0,1,11,7,15,5,-7,0
37.102176,12,-2,5,-2,-5,-15,-13,4,0
37.102180,-10,2,3,6,2,9,-14,4,0
37.122241,3,-3,-4,0,1,-6,-1,6,0
37.122268,-7,-1,-2,-8,-4,4,0,-3,0
37.123883,-3,-1,-5,0,1,-1,6,8,0
37.123906,-10,-2,2,-3,-4,-6,0,8,0
37.135435,1,1,-1,-1,-2,2,2,0,0
37.135453,5,-4,-4,-5,-4,-7,-1,4,0
37.145463,-10,-1,-6,0,0,1,-1,2,0
37.145467,5,-2,5,-3,0,-3,0,-3,0
37.159528,1,0,-2,5,2,0,0,-5,0
37.159557,-2,-2,-6,-9,-7,-6,-2,10,0
37.162708,-1,0,-5,-4,1,3,-1,-1,0
37.162714,4,1,8,6,2,6,3,-5,0
37.181749,-1,2,11,8,0,-3,-2,2,0
37.181762,-15,0,-14,-3,-1,-3,-4,-2,0
37.183354,8,-6,-6,1,1,1,3,-5,0
37.183372,-2,-1,-1,-10,-2,-4,1,-1,0
37.195417,-7,-5,-4,-5,-3,-4,-2,5,0
37.195543,-3,1,9,3,-3,-1,-1,-2,0
37.206358,-3,1,-3,0,0,2,0,-4,0
37.206370,2,-2,-4,-4,-3,-2,1,2,0
37.219913,-1,-1,-2,-1,4,-2,-1,-9,0
37.219935,6,-2,2,-3,-2,0,1,-2,0
37.222652,-2,-1,-6,10,4,-15,-1,6,0
37.222658,2,-3,9,-2,-1,26,7,1,0
37.241324,1,-3,-7,-6,-5,-8,-8,-5,0
37.241331,-1,-1,3,-4,-2,-3,-24,3,0
37.251708,-4,1,-2,-2,0,-1,3,0,0
37.251714,-1,0,-2,-2,0,-10,-3,-4,0
37.264431,-6,-1,-2,2,1,8,4,-1,0
37.264454,-1,0,0,-2,1,-5,3,5,0
37.266419,-11,-2,0,-2,-6,2,-2,-2,0
37.266422,6,-2,0,-4,0,-1,-1,-6,0
37.279264,-4,-3,-6,-4,-3,-3,1,3,0
37.279286,-1,0,5,6,0,-4,2,-2,0
37.280691,-2,3,5,6,1,6,-1,-9,0
37.280697,-2,0,0,-3,-2,-3,2,-1,0
37.304955,-4,0,-1,2,0,-3,-4,7,0
37.304963,4,-5,-7,-5,-1,-2,4,-3,0
37.304966,15,0,3,-3,-1,3,0,-6,0
37.304968,-6,0,-11,0,0,-7,-1,0,0
37.324272,-1,-4,-7,-9,-6,-2,-3,1,0
37.324288,-1,1,3,6,0,0,3,-4,0
37.326011,-3,1,-2,0,1,2,-2,3,0
37.326028,-1,-1,5,1,1,-6,-3,-1,0
37.338812,4,3,0,-2,-1,2,-1,-7,0
37.338848,-2,1,-5,2,-4,-1,2,3,0
37.345790,2,-2,0,-14,-4,-24,-2,3,0
37.345819,-5,-4,-2,6,2,39,4,-7,0
37.361996,6,1,1,9,2,-25,-15,-7,0
37.362027,-1,-4,-2,-3,0,1,7,2,0
37.364343,-9,0,-2,-1,-2,-2,-3,-1,0
37.364347,1,0,2,-4,-2,-9,2,-5,0
37.383422,4,0,-10,-3,-4,8,5,0,0
37.383485,-9,-3,13,5,4,-4,0,1,0
37.393155,-4,-2,-10,-9,-4,4,-1,-3,0
37.393163,6,0,1,1,-2,-7,-2,-1,0
37.398797,-6,-3,0,-3,-2,4,2,-9,0
37.398813,-9,-1,-6,-6,0,-6,-6,-4,0
37.405817,-4,-3,-3,-3,-2,8,2,-2,0
37.405836,1,1,3,-2,2,-8,-5,-1,0
37.421967,9,1,17,-3,-3,-2,0,9,0
37.421984,25,-1,-25,7,3,5,0,-7,0
37.424162,-3,-2,5,-2,-1,0,-2,1,0
37.424169,1,0,-1,0,-2,-10,1,2,0
37.446933,0,1,1,-1,1,2,0,-7,0
37.446939,-24,1,-1,-10,-4,1,-2,0,0
37.446942,44,-6,1,9,2,1,0,1,0
37.446943,-5,2,1,0,-2,-8,-4,-13,0
37.459206,-3,-1,-2,0,0,4,2,-5,0
37.459234,-8,-3,1,-4,-2,-1,-3,0,0
37.465802,4,0,-4,0,0,-1,-1,-4,0
37.465822,-4,3,3,-3,-5,1,-2,1,0
37.482807,-22,-10,-8,-5,-5,-14,-1,13,0
37.482836,3,-2,3,5,4,24,8,3,0
37.484375,-10,1,2,4,-1,-1,0,-4,0
37.484378,10,-5,-12,-4,-1,5,-3,6,0
37.504553,-1,3,8,13,4,-12,0,2,0
37.504584,5,0,6,-18,-10,-14,-28,1,0
37.506808,-3,1,-13,8,2,4,1,-1,0
37.506817,-8,2,4,-1,2,-5,-2,4,0
37.518781,2,-2,-6,0,-1,8,5,0,0
37.518803,3,-2,7,-2,-4,-2,2,0,0
37.533325,-2,-1,-1,-2,1,1,-3,5,0
37.533353,-7,-3,-7,-3,-3,-6,1,0,0
37.541916,2,2,2,0,0,4,-1,-2,0
37.541956,5,-1,-2,-4,-1,-3,2,4,0
37.543336,-18,2,5,7,-2,-2,-1,3,0
37.543343,7,-3,-4,-1,1,-5,2,-6,0
37.571892,5,1,1,-4,-3,3,-2,3,0
37.571913,-5,3,-4,1,2,-5,-1,-1,0
37.573517,-2,-4,-4,-5,0,1,-1,-2,0
37.573527,-2,-3,0,-2,-6,-2,-1,-2,0
37.579033,3,1,3,15,5,2,-4,0,0
37.579053,0,-2,1,-1,0,-3,3,-1,0
37.585729,-5,0,0,-7,-4,-4,0,0,0
37.585842,3,-1,-2,0,2,-1,0,-1,0
37.603121,-4,-1,13,-8,-3,0,-2,3,0
37.603127,1,0,-23,4,1,-1,4,-4,0
37.603280,-2,-1,7,-4,-2,1,-1,1,0
37.603286,-4,-3,-13,-3,-2,-4,-4,3,0
37.624352,-5,-1,4,-8,-1,-22,1,-5,0
37.626114,21,0,12,4,3,24,1,-9,0
37.626121,-12,0,-1,5,-1,0,1,3,0
37.626123,-4,0,-2,-1,1,1,8,0,0
37.639137,15,-3,-12,-7,-4,-13,-32,-8,0
37.639158,-8,-2,-4,-11,-4,-11,-2,10,0
37.645461,9,2,-1,9,4,0,0,1,0
37.645483,5,1,8,3,0,4,0,-4,0
37.664178,14,-2,-7,-4,3,8,6,2,0
37.664182,-6,-2,0,-2,-5,-7,1,3,0
37.664185,-3,-3,0,-5,-4,1,-6,-7,0
37.664186,-1,-1,0,1,2,-2,0,-3,0
37.684703,-6,0,-2,0,0,5,4,4,0
37.684726,-4,-1,-3,-2,-2,-4,-3,-3,0
37.685886,1,-1,0,-3,-1,1,3,-1,0
37.685901,0,-2,0,-2,-5,-6,-2,3,0
37.698650,-6,0,1,-8,-1,7,3,-3,0
37.698670,-4,-2,4,14,4,-2,-1,2,0
37.705603,-1,-2,-14,-9,-3,-4,0,0,0
37.705620,-2,0,5,1,-1,-3,-4,6,0
37.721931,-12,-4,-11,-4,-3,1,1,2,0
37.721957,-6,0,6,-8,-3,-4,2,1,0
37.723848,7,0,11,7,2,-1,-3,-3,0
37.723857,-4,-3,-3,2,3,-1,-2,2,0
37.744261,-4,0,0,0,-2,1,6,-8,0
37.744281,-4,0,-4,0,-2,-2,1,-1,0
37.746232,-5,-1,-5,-6,-4,-3,-1,5,0
37.746244,1,1,3,-2,0,0,-4,-11,0
37.757931,1,-1,2,8,0,-16,4,0,0
37.757937,0,-4,-11,-3,-3,15,-6,1,0
37.769261,-2,0,7,1,0,-2,1,-5,0
37.769266,-10,0,-1,-7,-1,-3,2,-5,0
37.782149,-2,-3,-3,4,-2,1,4,5,0
37.782170,2,-1,-2,-1,0,-5,-15,-3,0
37.783799,-2,-1,0,0,-1,1,3,-8,0
37.783803,-5,0,-7,-7,-4,-2,-5,5,0
37.805757,-5,-1,-1,1,0,7,3,-2,0
37.805764,2,0,7,7,1,-8,6,-8,0
37.806086,-4,-1,-4,-17,-5,2,-3,4,0
37.806115,2,-2,1,16,5,-2,-1,-1,0
37.818579,-9,1,-7,-7,-1,3,-5,-9,0
37.818616,29,-5,2,-4,-1,-4,2,4,0
37.827303,-5,-2,-1,-3,-2,-4,-3,2,0
37.827307,0,1,2,1,-1,2,1,-5,0
37.841797,6,-1,16,0,-1,4,-3,-3,0
37.841867,-14,1,-25,-2,1,-5,0,0,0
37.843858,-1,-1,3,-1,-1,-2,0,1,0
37.843863,20,-1,1,0,0,1,4,-6,0
37.864812,-7,0,3,-1,0,2,-1,5,0
37.864841,-6,-1,4,-1,-2,-4,-2,1,0
37.867139,4,-3,-9,-1,0,0,-1,-1,0
37.867143,-1,0,-2,-2,-2,0,-3,0,0
37.878451,-6,0,-1,1,-1,-2,0,5,0
37.878480,1,0,3,-2,-1,-1,3,2,0
37.889745,-1,-1,-5,8,0,-1,-2,-3,0
37.889752,-2,-2,3,-2,-2,-2,-4,3,0
37.902174,3,-2,-7,-2,2,0,-1,3,0
37.902193,-8,-2,4,-1,-2,1,3,0,0
37.905322,0,1,1,2,-1,-25,-2,-1,0
37.905335,-5,-3,-4,-9,-6,31,11,5,0
37.924318,1,0,-3,3,1,-14,-10,-2,0
37.926508,3,1,3,5,0,-6,2,-8,0
37.926515,9,-4,0,-6,-2,0,-2,4,0
37.926517,-4,-1,1,2,1,-6,5,1,0
37.938309,0,-2,1,-7,-3,4,-16,-6,0
37.938356,-12,-1,0,2,-1,1,-1,3,0
37.956245,-9,-2,-1,1,0,1,-1,2,0
37.956252,0,-4,-11,-11,-4,-10,-3,-2,0
37.962327,4,2,2,8,2,6,6,-8,0
37.962356,-3,2,25,3,4,-6,-3,5,0
37.964674,4,-6,-30,-11,-4,5,-1,-5,0
37.964683,0,1,7,8,0,-3,-6,-3,0
37.984718,-5,-6,-7,-7,-1,-3,0,8,0
37.984749,1,0,0,-3,-2,2,0,-8,0
37.987494,2,2,9,1,3,4,2,-13,0
37.987501,-6,-1,-4,-6,-4,-4,-4,0,0
37.999320,-2,-2,-6,-2,-3,-3,2,3,0
37.999359,2,-1,-1,-1,-1,0,-1,-4,0
38.007029,0,0,6,6,1,3,-1,1,0
38.007056,-4,1,0,-3,0,-6,-4,1,0
38.022890,4,-1,-1,-1,-2,3,-1,-1,0
38.022911,-8,-4,-7,-3,-2,-1,3,0,0
38.023425,-1,-2,-2,-7,-1,-2,-4,4,0
38.023440,1,-5,0,6,-2,-1,-4,-4,0
38.045468,5,4,5,4,4,2,7,-5,0
38.045488,-8,-2,-3,-2,-2,1,-2,1,0
38.046757,-9,0,-2,-3,-3,1,-1,0,0
38.046763,-1,-1,-3,1,-2,-29,-4,-4,0
38.058195,1,-3,-4,-1,-3,36,14,3,0
38.058219,-8,-1,-4,-3,-1,-22,-10,-3,0
38.068719,15,1,17,5,1,2,1,-5,0
38.068725,-10,-1,-11,-5,1,-2,-3,-3,0
38.082392,-7,-2,-2,3,0,-7,3,-9,0
38.082414,0,-2,-2,-4,-4,6,7,-1,0
38.084598,8,2,1,4,1,-3,-7,-5,0
38.084666,0,-2,3,-2,-3,3,4,5,0
38.104637,-3,-2,-7,-9,-3,-7,-3,1,0
38.104664,8,-2,0,8,0,5,-2,-4,0
38.106133,-9,-2,-3,-6,-2,-5,-1,1,0
38.106151,-3,1,2,7,3,4,-2,0,0
38.117846,1,0,-1,0,2,-5,-4,-3,0
38.117860,3,0,-2,-4,-1,1,-1,-2,0
38.127517,-11,-1,-4,-3,-3,2,6,5,0
38.127522,-2,-3,0,-1,-1,1,-4,-7,0
38.141874,-1,-1,-2,-4,-4,-4,-2,-3,0
38.141896,-2,2,5,1,1,0,0,3,0
38.143415,13,-3,0,3,2,-1,-3,-2,0
38.143427,4,-3,-5,-7,-2,4,-2,-6,0
38.164291,-4,-3,-5,-9,-3,-11,-3,5,0
38.164297,-12,2,7,16,4,3,-3,1,0
38.165683,-4,0,-3,-1,0,-1,1,-6,0
38.165689,4,2,0,-4,0,-1,1,-4,0
38.186985,-5,-3,10,-7,-4,-4,-3,6,0
38.187009,1,-3,-26,-4,2,2,-2,-8,0
38.189295,1,-2,6,2,1,1,-2,-5,0
38.189302,1,0,-1,0,-2,-1,0,0,0
38.202568,-4,-1,0,0,-1,-17,-3,-2,0
38.202598,5,-3,-2,-7,-3,24,2,-1,0
38.204900,-5,-1,-4,-13,-9,-5,-2,5,0
38.204909,-8,3,9,16,10,13,13,-4,0
38.224907,1,-2,-5,3,0,-19,-11,-8,0
38.224914,7,-1,-5,-1,1,-5,0,5,0
38.225910,-12,-2,4,-6,-2,2,-1,4,0
38.225932,-2,-1,-3,-7,-5,0,1,2,0
38.247202,7,2,2,6,2,7,2,1,0
38.247230,-4,-1,0,-4,-1,-6,-2,0,0
38.249437,-1,0,0,0,1,6,0,-1,0
38.249440,4,-2,-2,-3,-1,-4,-5,1,0
38.261033,11,0,-1,11,0,3,1,3,0
38.261051,-1,0,1,-7,-3,-4,-3,8,0
38.261938,1,-1,-1,2,0,-2,0,-2,0
38.261960,-1,-5,-1,-2,0,-4,-7,-1,0
38.284118,-6,0,-10,-4,-2,3,0,3,0
38.284140,3,-3,21,-4,-6,-3,2,8,0
38.285544,-11,6,-18,3,3,0,-1,-9,0
38.285552,24,-1,3,4,1,-2,-2,3,0
38.306201,3,1,-1,-6,-3,5,2,-6,0
38.306223,7,-1,0,4,0,-5,-1,-10,0
38.307084,-23,-7,-4,-3,-6,-2,-1,2,0
38.307101,-9,0,-1,-4,-1,-1,-3,2,0
38.321109,-4,0,2,2,4,3,-1,-10,0
38.322797,-4,0,0,-3,-1,-3,0,8,0
38.322803,20,-3,0,-3,-1,-2,-2,7,0
38.322805,-8,-2,-5,2,-1,0,-1,-5,0
38.343707,2,-3,-2,2,-1,1,-1,0,0
38.343723,-12,-2,-7,-6,-2,-1,-2,2,0
38.344831,8,-2,-3,-7,-2,0,-1,-5,0
38.344835,-15,2,1,5,2,-24,-2,-3,0
38.367833,-2,-4,5,-5,-3,25,10,2,0
38.367839,0,-3,-6,-4,-1,-7,-9,-1,0
38.367841,-6,3,5,6,0,-1,2,-3,0
38.367843,15,-2,-4,-8,-3,0,1,1,0
38.383730,-8,1,-5,-3,-5,4,10,7,0
38.383736,-3,1,12,-2,1,-17,-18,-2,0
38.383738,3,-1,-18,0,0,-1,-3,-10,0
38.383740,-16,1,5,-2,-5,1,-3,2,0
38.404343,13,-3,0,6,6,-1,-1,-6,0
38.404385,8,-4,-3,-6,-4,7,9,-4,0
38.406853,-1,-2,1,-1,1,-2,-2,-3,0
38.406860,-7,-3,-2,-3,-3,2,-3,1,0
38.426129,-6,2,1,-3,-3,-6,-4,-11,0
38.426144,11,4,1,1,1,-1,1,-2,0
38.427314,-6,-3,6,12,3,-3,-2,0,0
38.427319,9,-3,-7,-6,-5,6,2,-5,0
38.441226,-8,-3,-2,-3,-4,-5,-6,-8,0
38.442581,1,-1,-7,-3,-3,0,3,6,0
38.442585,-2,1,1,-3,-3,0,-1,2,0
38.442587,9,-2,3,-2,1,3,-1,-12,0
38.463643,-1,1,-1,-1,3,-6,-3,-1,0
38.463656,-11,-2,-5,0,-1,2,-1,1,0
38.464158,13,0,2,-2,-4,0,3,-2,0
38.464171,-21,-1,-3,-5,-2,-2,-4,1,0
38.487185,-3,-2,-3,-1,-2,-3,0,-4,0
38.487213,-4,0,10,2,-2,1,3,-7,0
38.489593,-7,-2,-20,-7,-1,2,3,3,0
38.489598,3,0,3,-10,-4,23,1,5,0
38.501247,-8,-1,1,14,6,-22,-21,-9,0
38.503465,7,-1,7,8,1,7,2,-5,0
38.503471,-7,-1,6,3,0,-10,-5,4,0
38.503473,1,1,1,-2,2,-1,7,0,0
38.523999,1,-1,-9,-11,-4,7,2,-14,0
38.524005,-7,-3,-6,-3,-1,-5,0,1,0
38.531233,-1,-3,2,-1,-4,-3,-1,5,0
38.531253,0,-1,-7,1,-1,-2,-1,-5,0
38.546563,7,-1,2,-3,-3,1,0,-2,0
38.546582,-2,0,-3,4,4,-5,-1,-1,0
38.548847,2,1,3,-1,2,4,0,-9,0
38.548851,-27,-3,0,3,-1,1,-4,-3,0
38.561696,2,0,3,0,-1,-5,4,-3,0
38.561726,-4,-1,-4,-4,-4,-1,-1,-6,0
38.563873,7,-1,-2,-1,-1,2,-2,-8,0
38.563879,4,0,0,-3,1,-5,-1,-1,0
38.583700,0,-3,-6,0,-4,0,1,1,0
38.583721,-4,-1,12,0,0,3,0,-1,0
38.585246,7,2,-14,-3,2,1,-2,-12,0
38.585313,-11,3,7,8,1,-6,-2,2,0
38.606294,-13,-3,1,-7,0,0,0,-5,0
38.606328,8,-2,-8,-3,-5,-11,-4,-8,0
38.607067,-8,-4,6,-1,-4,21,0,4,0
38.607094,5,0,0,1,-1,-6,0,-2,0
38.621404,0,0,-16,-6,-2,4,0,0,0
38.621434,-6,1,10,0,-2,-7,0,9,0
38.622877,-6,1,3,2,3,-5,-1,2,0
38.622887,12,-1,-7,-5,1,4,8,-9,0
38.644021,4,0,6,7,1,-12,-3,8,0
38.644050,-3,-2,-13,-5,-4,4,-10,9,0
38.646152,-6,-3,4,0,1,-5,-1,0,0
38.646161,0,-2,-1,-2,0,9,4,4,0
38.666024,16,-3,-7,-4,-4,-7,4,2,0
38.666037,-33,0,-3,-3,1,-1,0,-5,0
38.666664,3,2,4,11,-2,2,0,-2,0
38.666676,5,-2,-2,-1,-2,-9,-4,0,0
38.680420,-15,-4,-2,-2,-4,3,-3,4,0
38.680442,8,-2,0,-8,-5,1,0,8,0
38.689078,4,2,-7,5,6,-4,-3,-2,0
38.689148,-3,-1,3,1,-2,-2,-2,3,0
38.704059,4,-1,0,-1,-1,1,-3,-7,0
38.704089,11,-2,-1,10,-1,3,2,-6,0
38.706662,-11,-4,1,-9,-6,-8,-4,11,0
38.706668,8,-2,-4,1,-3,-5,-4,5,0
38.727307,0,-1,1,-3,-3,6,0,-3,0
38.727313,-1,1,-8,-2,-2,-1,1,7,0
38.727315,-7,-1,1,-6,0,-3,-3,9,0
38.727317,9,-2,-4,6,1,-2,-8,-4,0
38.740710,-13,3,6,3,3,0,5,1,0
38.740735,10,-6,-7,-2,-2,0,0,4,0
38.749014,-6,-1,1,-10,-3,-4,0,1,0
38.749125,22,2,4,0,-1,-19,-1,-1,0
38.763542,-12,-2,0,-2,-1,22,-2,7,0
38.763564,-2,0,-5,-1,3,-5,0,-5,0
38.764282,6,-5,0,1,-4,-3,2,-7,0
38.764300,-8,-1,-3,-4,0,-2,0,4,0
38.786900,-20,-2,1,-2,-2,-10,-7,6,0
38.789711,18,1,4,4,4,11,11,-4,0
38.789718,2,0,-3,-2,0,-13,-14,6,0
38.789721,-13,-1,-2,1,0,2,0,0,0
38.800629,12,0,0,2,-2,-5,-1,-5,0
38.800651,-9,-4,-8,-5,0,11,10,-7,0
38.808697,-6,1,6,-1,-2,-7,-12,2,0
38.808715,4,-1,-1,3,0,5,-1,-2,0
38.823835,9,0,-6,-5,-1,0,2,0,0
38.823861,-14,1,3,1,-1,-4,-5,-2,0
38.824454,-1,-2,-2,0,-2,2,7,2,0
38.824469,-5,-2,-1,-13,-2,1,-4,-8,0
38.846021,7,1,4,9,-2,0,0,-1,0
38.846043,-7,-3,-4,4,3,-5,-4,0,0
38.847172,3,-1,1,1,-1,-1,1,0,0
38.847175,-1,-2,-7,-2,-1,3,-1,-1,0
38.860443,-5,-1,0,-2,0,-5,1,5,0
38.860464,0,-1,1,1,0,-4,-6,-9,0
38.870306,-1,-3,-8,-5,-3,4,2,-4,0
38.870311,-2,1,5,2,0,-2,0,2,0
38.884051,1,-1,-2,2,1,-2,-3,-5,0
38.884079,4,0,-4,-4,-4,-3,-2,-2,0
38.886588,2,-1,-1,0,1,1,0,1,0
38.886593,-8,-4,-4,-9,-4,-2,-2,4,0
38.906227,-1,-1,3,7,1,-3,-9,-15,0
38.906249,3,2,11,4,0,1,-3,-6,0
38.906908,7,-1,-15,-2,-1,-20,0,-2,0
38.906920,-7,-1,3,0,0,39,11,-3,0
38.920510,4,-1,-15,-6,-3,-25,-17,-6,0
38.920532,-4,-3,13,-2,-4,3,-2,4,0
38.929122,-9,0,4,2,0,-4,2,-2,0
38.929144,8,-2,-6,0,-1,-7,-3,-5,0
38.944542,-4,-1,2,-2,1,7,5,-2,0
38.944570,19,-1,-9,-4,-1,-6,-1,1,0
38.944577,8,0,5,-6,1,3,-1,-4,0
38.944582,-28,-2,1,5,-3,-6,-1,-8,0
38.965971,3,-2,1,-3,0,6,4,7,0
38.966014,-6,-1,-5,-3,0,-7,-4,-4,0
38.966695,-8,-1,2,4,0,9,3,-11,0
38.966708,14,0,0,-1,-1,-7,-5,6,0
38.980525,-6,0,2,-2,-2,-3,4,8,0
38.980540,-4,-1,-8,-4,-3,6,3,3,0
38.988826,-3,-2,3,-2,-3,-5,-1,4,0
38.988860,-1,0,0,8,2,-5,-2,3,0
39.004129,2,-2,-1,-3,-1,0,-1,4,0
39.004156,2,-1,-4,-4,-1,0,1,2,0
39.005980,8,-1,3,0,0,5,3,6,0
39.005987,-7,0,7,-1,-1,-9,-4,3,0
39.034388,5,-2,-20,-2,-1,5,6,0,0
39.034410,-5,0,2,4,0,-1,-2,3,0
39.036596,-7,-1,3,3,-2,0,-3,2,0
39.036604,2,-1,-4,-7,-3,-4,0,-2,0
39.049207,0,-1,2,-7,1,1,-2,4,0
39.049230,-5,-1,0,4,-2,-4,-3,4,0
39.051415,-7,1,-1,5,4,1,-3,-4,0
39.051423,27,-5,-1,1,-2,-1,-1,3,0
39.063541,-9,-2,-3,-7,0,0,-1,9,0
39.063563,0,-3,-5,1,-4,-2,-3,3,0
39.064543,-6,1,3,-3,-1,3,3,1,0
39.066257,-6,-2,-5,-5,-2,6,9,4,0
39.086757,-4,-1,6,7,2,-29,-17,-1,0
39.086787,-4,-2,-4,-8,-3,26,1,-8,0
39.089602,-7,-3,-11,-7,-7,-4,-2,-2,0
39.089680,17,0,5,-2,0,4,2,5,0
39.109393,0,-1,1,1,-1,1,2,0,0
39.109414,-3,1,-1,-4,-1,-7,-2,1,0
39.110064,-2,1,2,4,-1,1,-1,3,0
39.110115,-2,-2,-10,1,-3,-8,-6,-2,0
39.123627,0,1,4,-2,-1,6,2,-7,0
39.123650,2,1,1,7,4,-7,-3,12,0
39.124421,-1,-1,15,-3,-3,5,-1,6,0
39.124442,-5,-2,-25,-3,4,-7,-6,-7,0
39.146047,12,-4,5,-3,-2,5,1,-1,0
39.146068,-18,-4,-7,-7,-5,0,4,12,0
39.147013,-1,2,5,3,0,-2,5,-3,0
39.147021,-12,1,11,2,0,2,-6,1,0
39.171541,-4,0,-2,2,-1,-3,1,-4,0
39.171554,8,0,-6,-3,0,-5,-2,-5,0
39.171557,-6,-5,-8,-4,-2,0,4,-1,0
39.171558,3,1,3,3,0,0,-2,4,0
39.186072,2,-1,-4,-7,-2,4,-1,-3,0
39.186078,-5,-3,3,1,-2,-7,-3,-6,0
39.186079,3,1,-5,-3,-2,6,-2,3,0
39.186081,-5,-1,-1,9,0,-10,-1,1,0
39.206213,3,0,4,5,2,-2,0,1,0
39.206239,3,0,-2,-3,-1,-1,-1,-6,0
39.207933,4,-1,-2,-1,3,-3,-6,4,0
39.207939,-4,-1,-2,-5,-3,5,1,-2,0
39.229911,4,1,4,-1,-4,3,2,-1,0
39.229941,5,0,-3,-1,-1,-6,-10,-7,0
39.232757,-2,-2,-2,-1,0,3,2,-2,0
39.232762,-5,-1,-3,0,1,-1,1,-8,0
39.243662,-6,-3,-5,-1,-3,-1,-1,-5,0
39.243678,-7,0,-1,-7,-4,1,0,0,0
39.245072,5,-1,7,-4,2,-5,-5,-5,0
39.245077,-6,1,-8,16,5,-26,-3,-5,0
39.266269,3,-1,2,-6,-3,28,2,8,0
39.266295,-12,-3,-4,-2,-5,-5,1,-9,0
39.267043,-3,-3,-2,-5,0,-3,-3,-6,0
39.267061,-5,4,10,-3,0,-1,-2,1,0
39.289341,-3,-3,-3,0,-1,-7,-1,-2,0
39.289368,11,3,-3,1,1,1,-1,-7,0
39.290557,-7,-3,-8,-8,-5,1,-3,4,0
39.290562,1,-2,4,0,0,0,0,2,0
39.304071,3,3,1,2,0,-4,1,-15,0
39.304102,4,-2,2,0,2,2,-4,1,0
39.306224,-3,-1,-3,1,-1,-6,0,2,0
39.306231,0,-3,-2,-7,-3,8,0,-3,0
39.327236,-3,-1,-6,-3,-2,-3,-2,-3,0
39.327247,-2,2,10,2,2,-3,4,2,0
39.327251,5,-1,-2,2,-1,2,0,-8,0
39.327255,4,-1,-2,0,-2,7,8,-4,0
39.349316,-6,-3,-1,-3,0,-14,-7,7,0
39.349337,-3,0,-2,3,3,-3,0,-1,0
39.351762,7,1,-1,1,-1,-3,-3,1,0
39.351766,1,-2,1,-7,-3,8,6,0,0
39.363531,-8,-4,-6,-5,-3,-4,-2,-3,0
39.363554,1,0,2,-3,-1,-2,-1,1,0
39.364847,-4,1,-1,2,2,2,-5,-5,0
39.364858,-6,-2,0,-9,-3,-3,-4,3,0
39.386950,-2,0,4,11,-1,1,-1,6,0
39.389775,2,0,-1,0,0,-14,-4,-6,0
39.389784,-7,-1,-3,-5,-4,19,2,8,0
39.389786,-2,-2,-4,-10,-2,-2,-3,2,0
39.409449,6,1,2,-3,3,-5,0,2,0
39.409465,-6,-3,-2,13,2,4,1,-4,0
39.410232,-3,-1,-2,3,0,-9,1,9,0
39.411534,1,0,-3,-3,-1,-8,-4,-4,0
39.423728,1,-1,-4,-5,-5,7,10,2,0
39.423745,5,-2,0,-2,0,-5,-14,4,0
39.424539,4,-1,1,2,2,-2,5,-1,0
39.424613,3,-2,-1,-2,-3,2,-4,-2,0
39.446487,-6,-1,-8,3,3,-3,5,2,0
39.446509,1,-1,24,-7,-6,1,3,-3,0
39.449142,5,-1,-26,-5,-2,0,-2,-9,0
39.449145,-2,0,8,4,-2,-1,-1,0,0
39.469237,-6,1,3,1,2,-7,-8,2,0
39.469243,9,-2,-6,-7,-4,5,1,-3,0
39.469998,2,0,10,9,1,-2,-4,-8,0
39.470016,-3,-2,-9,-5,-4,0,3,7,0
39.485076,-4,-2,3,-3,0,1,-4,-11,0
39.485082,2,-2,-6,-1,-1,0,0,-6,0
39.485084,0,-3,4,-2,0,-3,4,6,0
39.485086,2,0,-3,1,1,-2,-5,-1,0
39.506103,-1,-3,-1,-5,-4,-1,0,-5,0
39.506122,0,0,-4,0,0,2,2,9,0
39.507412,-3,-1,-1,-3,-4,-30,-6,4,0
39.507416,-7,-1,3,2,0,28,-1,-5,0
39.530829,7,-2,-2,-3,0,-2,-2,-1,0
39.530835,-7,-2,-7,0,0,1,2,6,0
39.530836,2,0,4,3,2,-3,-3,-1,0
39.530838,6,1,0,0,0,-7,-4,1,0
39.543765,-5,2,13,-2,2,4,3,4,0
39.543782,-4,0,-6,-9,-6,-5,-15,5,0
39.545474,0,-2,-1,9,1,3,1,2,0
39.545479,2,-5,-5,-4,-1,-8,-1,0,0
39.566764,0,0,-1,0,0,5,3,7,0
39.566790,-18,-1,1,0,0,-3,2,-1,0
39.568659,0,-2,3,-5,-4,4,-4,-3,0
39.568663,-10,-3,13,-1,-1,-4,0,6,0
39.589464,1,-2,-27,-4,-3,-4,-3,-3,0
39.589483,1,1,1,-5,-1,0,1,-9,0
39.591551,3,0,-1,2,-2,10,12,4,0
39.591598,0,-1,3,3,1,-18,-13,2,0
39.604059,-3,-1,7,3,0,1,0,-5,0
39.604082,4,-1,-1,-1,-1,0,-2,2,0
39.606045,-7,-2,-4,-6,-3,6,4,3,0
39.606051,4,-1,-4,-4,-1,1,4,-3,0
39.626033,1,-1,3,1,-2,-2,-9,-1,0
39.626056,0,-1,-6,1,0,2,3,4,0
39.626652,1,-1,5,0,-2,-5,-8,-2,0
39.626658,-2,-2,-2,-5,-1,1,-1,-7,0
39.648944,-8,1,-2,-2,-1,-2,-1,6,0
39.648966,30,-4,5,9,2,2,3,-4,0
39.651431,-9,-2,-15,-9,-5,-1,-5,-5,0
39.651435,1,0,7,2,-2,-2,1,-1,0
39.663526,2,-2,-4,-4,-2,-8,2,-2,0
39.663548,-11,0,-4,-5,-4,15,-3,-3,0
39.665031,8,0,4,3,4,-1,0,-6,0
39.665039,-1,-2,-6,-3,-1,-1,-2,2,0
39.688324,-3,1,3,0,-1,1,-5,-3,0
39.688331,-5,-2,-6,-6,-5,-12,-1,-3,0
39.688333,-4,-2,-1,-2,0,-1,0,2,0
39.688335,-6,0,1,6,3,18,7,1,0
39.709666,1,1,5,1,0,-22,-18,-8,0
39.709695,1,-1,-2,4,3,3,1,0,0
39.711275,-3,-1,0,-9,-1,0,3,5,0
39.711280,-6,-2,-3,4,-2,-3,-2,-4,0
39.723004,-1,-3,-2,0,-1,6,3,-3,0
39.723024,-6,-1,-3,-1,-3,-2,-1,6,0
39.731411,-3,0,3,-5,0,-2,-5,-2,0
39.731445,3,1,-2,1,-1,-4,-2,-1,0
39.746634,-3,-2,2,2,-1,2,1,8,0
39.746655,-1,-1,-1,0,-1,-3,0,-1,0
39.748923,-2,-2,-8,-8,-3,1,-1,-4,0
39.748927,1,0,6,0,-3,-6,-3,0,0
39.769144,-18,-6,-9,-4,-4,1,4,3,0
39.769158,-7,1,6,1,5,-1,-4,-3,0
39.769889,20,2,-1,3,2,1,-5,1,0
39.769901,-2,-2,-5,-4,-3,0,-1,5,0
39.783542,5,0,-3,-11,-5,2,0,-3,0
39.783546,-3,-1,-5,3,1,-1,1,0,0
39.791339,-8,-3,8,5,2,-3,-2,1,0
39.791355,5,0,-2,7,0,-3,-2,-3,0
39.806365,4,-1,1,-3,-2,3,3,-1,0
39.806392,-9,-2,-5,-5,-3,-2,-1,3,0
39.808343,-1,-2,-2,-7,-5,-2,0,3,0
39.808354,0,-1,-1,-1,0,-6,0,-7,0
39.829758,-2,-3,1,3,3,12,-1,1,0
39.829764,1,1,2,1,0,3,4,-4,0
39.829873,-3,0,2,6,2,7,7,-8,0
39.829886,2,-2,-20,-14,-5,-15,-13,1,0
39.845676,-1,-1,13,8,2,-8,-5,1,0
39.845682,-4,0,-2,1,1,-6,-3,-4,0
39.851041,-5,0,1,1,-1,8,5,0,0
39.851059,9,-5,-4,-7,-3,-2,8,7,0
39.866063,1,1,-1,-5,-1,2,1,-3,0
39.866085,-5,4,4,6,2,1,2,-5,0
39.867406,19,1,1,5,0,-7,-6,-2,0
39.867412,-18,0,3,-4,-2,4,3,1,0
39.889462,13,-1,5,3,-1,-2,-1,-2,0
39.889483,0,-2,-15,-5,-2,2,-1,-8,0
39.891017,-1,-3,-7,-4,-2,-6,-2,2,0
39.891022,0,-2,3,-7,-3,-1,-4,1,0
39.903346,-4,-1,-7,3,2,7,2,-2,0
39.903375,6,0,12,3,0,-9,4,2,0
39.911098,-7,-2,-2,0,-1,-4,-5,3,0
39.911114,0,-1,-2,3,2,3,-2,-3,0
39.926136,0,-2,-5,-5,-5,-1,5,0,0
39.926161,-6,-1,-5,-7,-4,-1,-3,8,0
39.926931,1,0,1,-2,-1,-2,-5,-5,0
39.926949,-5,2,8,7,3,4,-2,-8,0
39.949921,-6,1,-2,3,0,-3,-1,3,0
39.949942,5,-3,-3,-4,-3,-1,-2,1,0
39.951825,-3,0,0,-4,-1,1,0,-6,0
39.951829,4,-1,-3,0,0,3,7,8,0
39.962851,5,-1,1,4,2,-8,-9,0,0
39.962873,-12,-5,-4,-2,-3,-25,-3,-3,0
39.971373,-1,-4,-2,-4,-5,22,-1,3,0
39.971407,-6,0,3,-1,1,0,2,2,0
39.986537,1,-1,-1,-2,-1,-2,0,0,0
39.986544,1,0,1,3,-1,0,0,-1,0
39.986751,-7,1,0,0,1,-7,-2,3,0
39.986764,-7,-3,-4,-1,-2,-2,-4,-2,0
40.009354,2,-2,-5,-5,-3,3,1,-4,0
40.009373,-2,-4,-6,-10,-7,0,-3,5,0
40.011038,-2,1,-10,-8,2,-3,-5,4,0
40.011044,8,5,15,8,5,-2,5,-11,0
40.023130,-4,0,-5,-1,0,-3,-7,5,0
40.023147,1,-1,0,-4,-2,5,1,3,0
40.031734,-7,-2,-5,1,-5,-4,-4,-2,0
40.031767,-1,-3,-6,-4,-4,-2,2,-1,0
40.046650,-10,-2,-2,-4,0,2,1,3,0
40.046678,1,0,0,-1,-3,3,-1,-2,0
40.048996,-8,-1,0,0,-1,-2,1,-5,0
40.049001,-3,-1,-3,-4,-1,-2,-7,4,0
40.069794,35,-1,3,3,-2,1,-4,1,0
40.069813,-7,-2,-3,-5,1,5,0,-3,0
40.072149,-3,0,5,8,1,-7,0,-1,0
40.072154,-11,-1,-3,-1,0,1,-4,0,0
42.094243,-14,-11,-7,-4,-3,7,-3,4,2
42.094669,73,-18,0,-1,-2,-7,32,7,2
42.096103,-25,0,5,2,7,38,0,-29,2
42.096210,-48,-10,-2,1,4,-77,-3,-15,2
42.117192,3,-4,4,7,-4,49,-3,11,2
42.117225,-15,8,-10,-9,-13,-49,-2,-13,2
42.118976,11,2,-4,-10,-8,46,10,-4,2
42.118980,79,11,8,5,14,-2,25,21,2
42.131439,-50,-7,-2,-1,1,43,12,-30,2
42.131468,-12,10,4,2,-6,28,-15,6,2
42.138166,-3,-2,1,-5,-1,-20,-12,23,2
42.138184,-41,20,-8,-1,-4,0,-8,8,2
42.156215,8,3,-2,1,-1,16,3,18,2
42.156222,-23,-2,-5,-8,5,-8,19,-18,2
42.156224,39,28,4,6,-13,51,-1,9,2
42.156226,5,5,8,3,-3,-51,-10,1,2
42.176904,47,-7,2,4,4,1,-12,18,2
42.176920,-54,-3,-7,-14,-14,-8,-14,5,2
42.178705,64,8,5,10,36,-4,-15,8,2
42.178711,4,-7,-12,3,-5,61,5,-13,2
42.191135,-25,-8,10,-4,21,-59,-40,-15,2
42.191157,35,12,1,2,1,1,36,21,2
42.198344,-27,-21,-2,-9,-10,40,-17,-56,2
42.198365,2,13,-2,1,11,50,-27,11,2
42.214728,-50,-19,-4,3,11,-39,3,-1,2
42.214762,31,25,8,5,-9,18,0,10,2
42.217116,-28,-17,-1,-5,-5,-30,7,-7,2
42.217120,6,-6,3,2,-7,-22,-1,-15,2
42.236804,25,25,-2,-2,-2,34,13,7,2
42.236817,6,-38,-8,-6,-11,-24,-23,-62,2
42.238582,-24,11,-6,1,2,57,12,31,2
42.238611,13,9,3,-4,-3,-11,-1,16,2
42.251466,-4,-5,-6,-6,-6,-2,-3,-20,2
42.251485,9,-3,2,7,13,-9,12,22,2
42.257919,24,-6,1,-3,-1,-32,-4,8,2
42.257947,-8,-25,-3,-5,-20,9,-12,-6,2
42.274340,29,9,-5,2,-7,-14,3,8,2
42.274361,-21,-1,-9,-14,-22,-23,-17,9,2
42.277374,27,3,5,12,22,3,49,-21,2
42.277386,-20,-9,9,2,-21,-86,-65,-15,2
42.296653,1,9,4,2,2,11,5,-3,2
42.296667,14,7,-9,0,-4,-6,-14,-8,2
42.298246,-27,9,-1,-2,-11,0,0,7,2
42.298277,9,-11,-6,-8,1,-18,24,-2,2
42.311056,-1,-9,0,4,-8,-4,-3,-8,2
42.311077,8,7,4,4,7,16,-15,21,2
42.318084,7,2,-2,-2,-5,-16,-13,-18,2
42.318105,-13,-10,0,-1,14,18,22,2,2
42.334272,44,-12,-6,-5,-10,-21,-20,3,2
42.334293,-22,10,6,4,-2,92,16,18,2
42.336103,22,1,-4,-3,8,-28,-5,-5,2
42.336114,-22,-13,-7,-5,-18,27,-42,-13,2
42.357108,-2,3,5,-5,-4,-31,24,-35,2
42.357121,18,-4,-10,-5,-3,12,4,2,2
42.358285,62,-24,5,4,12,66,-13,4,2
42.358369,-25,6,-5,-4,6,-21,8,9,2
42.373008,5,22,8,6,6,16,2,13,2
42.373022,-52,-3,0,4,8,-20,-1,-11,2
42.378589,3,-4,-5,-4,-15,-6,16,2,2
42.378615,-7,-12,-2,-5,-13,-15,28,-10,2
42.394701,2,-2,-10,-7,2,6,-11,17,2
42.394730,-34,0,0,-3,-8,-43,7,-19,2
42.396174,-9,-4,5,3,0,23,9,-5,2
42.396180,35,17,-1,0,3,-22,-25,12,2
42.417322,4,-4,3,3,0,10,5,4,2
42.417350,-21,-1,-6,-12,-1,40,-5,6,2
42.419666,-60,18,1,12,-3,8,-7,-39,2
42.419672,-14,-7,0,3,-3,4,36,3,2
42.431585,-15,-13,-9,-5,-3,-12,-9,-5,2
42.431607,42,9,4,2,-2,-3,-5,11,2
42.438493,50,12,1,-3,16,-21,-28,11,2
42.438522,-11,-5,1,-4,9,20,25,5,2
42.454297,-37,3,-4,3,-23,-57,-9,0,2
42.454323,0,11,6,6,68,12,0,14,2
42.455978,-7,-18,-7,-9,-11,-7,2,9,2
42.455998,10,2,2,4,5,2,4,4,2
42.476945,13,-10,3,-1,-1,-16,21,-13,2
42.476961,-18,6,-2,-6,-4,58,-12,15,2
42.478307,-71,-17,-8,-7,-18,-49,-60,3,2
42.478426,49,-14,-5,-2,18,5,19,-9,2
42.490657,35,-7,-7,-6,-3,27,4,-10,2
42.490673,17,-11,13,8,-3,-22,1,-6,2
42.500895,-3,18,-2,0,-1,-20,-4,4,2
42.500903,-33,-11,-3,-12,-15,39,8,0,2
42.514429,21,1,-5,1,20,-55,-12,8,2
42.514434,-59,-21,-3,7,-14,-14,-4,-26,2
42.515666,46,15,5,1,-21,-40,-5,-29,2
42.515672,21,3,2,-3,38,61,-6,28,2
42.537062,-4,-10,-2,-2,-17,7,1,-9,2
42.537081,15,12,-4,-5,-10,-64,-2,0,2
42.539210,-5,6,3,0,0,9,22,8,2
42.539216,-8,-3,-7,-4,-21,-33,-39,-13,2
42.550969,-83,7,7,2,7,60,-12,-24,2
42.550989,72,-15,-9,-3,-6,-11,13,23,2
42.561362,-48,-24,-4,-4,-1,-19,5,1,2
42.561367,-13,18,-1,-2,-9,-10,23,0,2
42.574314,22,10,0,-1,2,16,-7,-1,2
42.574330,-24,-1,4,4,4,-9,-1,-6,2
42.576539,13,-8,-13,-15,-28,2,18,6,2
42.576547,-23,16,14,7,2,78,-12,-19,2
42.597109,-24,-16,-11,-12,24,41,-24,-22,2
42.597138,29,-9,0,9,-9,-8,2,5,2
42.599719,18,5,-3,-1,6,63,-24,-14,2
42.599766,-7,-11,-3,-4,-9,-1,14,15,2
42.610429,34,14,3,-2,-12,11,-2,20,2
42.610445,-12,2,0,-2,-4,-2,3,-6,2
42.621851,8,2,0,0,8,9,-2,-2,2
42.621862,17,1,0,3,2,-46,-3,6,2
42.634842,-14,-4,-3,-1,-5,4,15,-3,2
42.634870,-5,3,-4,-3,3,1,-1,1,2
42.637534,16,2,4,-3,3,-4,3,12,2
42.637544,-29,-4,5,12,13,-30,-8,-25,2
42.656834,-9,9,7,2,-32,32,17,-8,2
42.656849,-49,-57,-25,-11,4,-28,-7,-4,2
42.658466,72,-4,-4,-4,0,-10,7,5,2
42.658486,-12,25,-3,-2,-6,-38,-3,0,2
42.670469,24,-3,4,1,-2,5,-2,15,2
42.670485,28,11,8,-1,-6,9,6,-2,2
42.679586,-25,-6,2,7,11,7,11,-1,2
42.679594,28,-9,-3,-2,2,-7,-4,-3,2
42.694634,2,-4,-2,-2,5,-12,2,0,2
42.696400,-21,12,4,-5,-2,9,3,3,2
42.696409,-9,0,-6,1,2,-13,-9,-8,2
42.696413,-7,-7,-1,-3,-6,5,-2,-3,2
42.718289,-5,0,1,7,8,-4,-9,10,2
42.718295,8,12,3,-3,-5,63,-1,4,2
42.718298,-69,-19,-5,-1,7,-11,-12,-15,2
42.718299,-7,6,-2,-2,-3,0,9,-6,2
42.731002,-24,-33,-11,-9,16,13,5,-4,2
42.731032,48,19,5,2,-8,-10,0,-2,2
42.741247,7,10,3,0,6,6,9,0,2
42.741254,-2,-6,-3,-3,1,-6,-15,8,2
42.754511,4,9,1,2,-1,-19,-3,-1,2
42.754542,-9,-1,-3,-6,-3,1,1,-2,2
42.756440,6,-1,1,3,3,-5,-8,13,2
42.756447,43,10,6,3,-4,-6,13,5,2
42.776757,2,-29,-6,4,-3,14,5,1,2
42.776773,-59,-8,-6,0,3,-15,-1,-16,2
42.778521,-33,-35,-7,-11,-7,-5,-5,-9,2
42.778526,-6,-12,-9,-4,-1,8,6,-1,2
42.790509,2,20,5,3,13,63,0,12,2
42.790532,9,1,9,4,10,24,-3,5,2
42.801696,25,4,-4,-1,-7,-46,-3,-5,2
42.801701,-11,0,1,1,-12,-2,-1,-5,2
42.814543,6,2,-2,-4,13,1,10,7,2
42.814569,-8,-9,-2,-2,-8,-17,4,-17,2
42.815959,17,23,11,8,11,11,-32,2,2
42.815973,3,-10,-1,1,-2,24,22,6,2
42.837493,11,16,2,-4,-6,10,37,-8,2
42.837532,-7,-3,-5,-9,-13,-21,-32,-1,2
42.839486,9,15,4,4,-14,55,42,4,2
42.839493,3,-13,-6,-4,60,-49,0,26,2
42.850863,-30,0,3,1,-7,6,-9,-2,2
42.850894,-23,-2,0,5,-2,-10,-1,-11,2
42.859248,21,0,-1,-9,-2,25,-4,4,2
42.859269,13,10,2,7,-15,-13,-34,-32,2
42.874448,26,11,-2,-4,-8,-33,-8,-7,2
42.874456,1,14,2,0,12,-7,-1,12,2
42.875720,-43,-11,-12,-9,-14,-26,-6,8,2
42.875726,55,0,6,0,-6,12,13,-24,2
42.896713,-45,-16,-8,-3,-5,-36,-20,11,2
42.896735,22,4,1,1,-5,23,12,-2,2
42.899406,1,-14,-4,0,5,-9,8,-7,2
42.899410,-20,-9,-1,1,-7,24,6,9,2
42.921585,8,15,1,-3,-8,-64,-16,-5,2
42.921595,20,0,1,-2,-2,16,2,13,2
42.921598,-13,12,2,2,4,18,0,-18,2
42.921600,-7,-3,-2,-2,0,-51,-11,-4,2
42.934376,-1,-8,1,-1,-22,72,-3,4,2
42.934397,-1,0,2,0,56,-42,29,7,2
42.936493,27,6,-3,-1,-7,55,-47,-3,2
42.936501,-35,15,-4,-5,-15,15,-4,-3,2
42.956877,20,-26,-4,-1,5,34,27,0,2
42.956920,-35,-21,0,0,-25,-58,-74,-11,2
42.958458,25,-4,0,6,2,-4,31,-1,2
42.958478,-14,5,-3,-6,4,-3,-7,-2,2
42.979224,25,14,-2,-1,-5,-13,0,1,2
42.979256,-12,-11,-7,-6,-9,31,6,0,2
42.981834,14,15,7,2,-2,-36,3,4,2
42.981838,-18,-25,-2,0,-15,-44,-9,-10,2
42.993362,-3,32,0,-5,-5,48,-5,-9,2
42.993391,-16,-20,-3,5,-15,10,2,10,2
43.004218,6,9,3,-1,-1,12,11,-5,2
43.004230,11,4,2,3,5,37,11,6,2
43.017114,-73,-4,-6,-7,1,5,-4,1,2
43.017128,44,7,2,2,5,-19,8,-9,2
43.018188,-5,-15,-2,-6,-3,62,5,5,2
43.018201,14,16,-1,-3,-14,-68,6,11,2
43.039371,-9,-24,-3,-1,-9,-15,-11,-18,2
43.039393,16,-1,1,0,4,68,19,-1,2
43.040837,-28,-1,-5,-1,21,-2,6,12,2
43.040851,1,-9,0,0,3,27,16,-10,2
43.054271,4,-1,0,0,-24,-32,0,1,2
43.054293,5,5,1,-1,-10,-21,8,7,2
43.056325,-2,4,-1,-1,-3,-15,-2,-23,2
43.056330,-3,-19,-4,-5,1,-4,-4,8,2
43.077657,43,39,3,-9,7,64,-18,16,2
43.077665,-63,-40,-4,5,-17,31,6,-27,2
43.078253,-7,8,1,4,12,6,-5,8,2
43.078266,-8,-6,-6,-2,-11,17,-5,-8,2
43.099488,8,-7,0,-3,9,-14,9,12,2
43.099510,3,10,-2,-3,1,-4,-3,-5,2
43.101821,6,-3,0,-1,-5,-38,-11,-4,2
43.101867,-13,-4,-2,1,-2,43,5,0,2
43.113726,-9,1,3,6,21,-44,11,-1,2
43.113755,38,9,-4,-5,10,42,-12,-5,2
43.120777,-22,-34,-8,-5,-19,-42,-11,-3,2
43.120800,-9,-1,1,-1,53,46,-16,6,2
43.139628,-21,-12,-3,-1,-25,-65,9,-11,2
43.139634,24,5,-2,-5,-16,18,10,1,2
43.139637,4,2,-3,1,17,54,0,10,2
43.139639,9,15,1,-4,-8,-8,8,7,2
43.159287,-8,-52,-8,2,-1,6,-16,-26,2
43.159309,-43,7,-2,0,5,-14,-3,-1,2
43.160889,5,11,-2,-2,-11,-24,6,4,2
43.160911,26,0,-2,-3,-14,-8,-4,4,2
43.173630,8,17,4,4,11,2,-10,-6,2
43.173648,12,21,9,3,3,32,7,9,2
43.180704,8,-2,2,3,-3,14,-9,7,2
43.180741,-23,-5,-5,-3,-5,2,9,-12,2
43.197189,-17,-3,1,1,1,11,-1,6,2
43.197212,30,-12,2,4,6,1,-3,11,2
43.199197,0,4,-4,-4,-29,-25,-2,-8,2
43.199201,2,-2,0,-1,4,2,-14,-4,2
43.219300,0,3,-5,-6,0,-35,4,-12,2
43.219316,-8,-2,-3,6,12,6,-26,6,2
43.220965,0,2,6,4,-13,36,45,10,2
43.220989,-9,-4,-6,-3,-6,22,15,-10,2
43.234313,-13,-1,-3,-5,4,-8,14,-5,2
43.234322,15,13,4,7,-6,-12,15,11,2
43.240554,9,-16,0,-1,11,-10,-3,-23,2
43.240571,-8,7,0,-1,-7,-5,-3,0,2
43.257067,7,9,-1,-5,-3,11,-14,1,2
43.257090,3,-7,0,-5,-5,-17,5,-1,2
43.258730,6,38,0,-1,3,20,6,3,2
43.258737,-12,-31,-3,-2,19,7,-8,-1,2
43.279814,59,18,7,7,-16,-13,-7,14,2
43.279820,-45,-3,-1,-1,3,12,10,-5,2
43.280659,3,1,3,0,-5,3,-7,1,2
43.280664,-13,-5,-7,-5,-7,-34,-26,-12,2
43.294735,-26,15,0,-1,15,12,9,7,2
43.294740,18,14,-3,-3,-33,-32,0,1,2
43.300536,-2,-12,-2,2,7,27,-1,-16,2
43.300565,9,4,3,7,15,-4,-3,6,2
43.316948,28,-10,5,4,4,18,4,-5,2
43.316970,-6,3,-9,-12,-7,-35,-8,4,2
43.319202,-18,-11,-5,-1,-7,11,-7,0,2
43.319207,32,9,3,-2,-11,9,6,4,2
43.340232,-32,-6,-1,4,-15,-8,4,23,2
43.340237,-54,9,-2,-4,26,-18,-14,-31,2
43.340751,-13,6,-1,-1,13,30,-8,12,2
43.340784,31,-13,1,1,0,17,7,5,2
43.356861,-9,-5,-3,-1,4,4,-9,-6,2
43.356873,31,3,4,1,9,-7,4,11,2
43.361132,-4,1,-3,-3,-21,-17,-1,-10,2
43.361155,-20,-8,-3,-4,34,-12,-10,-1,2
43.376863,-8,11,1,6,3,23,-1,-1,2
43.376879,29,-17,0,0,-3,17,-4,1,2
43.378248,-19,-13,-5,-2,5,-41,2,-2,2
43.378262,-12,5,-3,-2,-30,92,-2,-12,2
43.400007,15,-11,-4,-7,-6,-52,-15,-8,2
43.400035,22,-5,-3,-1,14,19,13,-12,2
43.402358,-19,-3,4,0,6,-10,-2,16,2
43.402372,-21,44,2,8,0,13,-2,6,2
43.413516,23,-13,-2,-5,-14,38,-5,-10,2
43.413545,-29,-3,-2,1,-11,26,-1,0,2
43.423933,42,11,-2,-3,0,-38,2,-8,2
43.423940,-6,6,-1,-5,-9,-28,-9,6,2
43.437155,5,0,-1,3,-48,-14,7,-13,2
43.437176,-4,-3,1,-2,19,-8,0,-5,2
43.438526,-10,-7,2,1,4,5,-3,-2,2
43.438545,17,-11,1,0,-1,-11,12,19,2
43.459748,3,17,4,4,3,-3,-4,-23,2
43.459781,-16,11,1,-1,-13,13,2,5,2
43.461842,-42,-9,-6,-4,6,-37,-11,0,2
43.461846,59,15,-1,-2,-25,-6,12,2,2
43.473253,-22,-31,-7,-6,31,11,-7,6,2
43.473281,-20,-3,2,5,-1,-4,-8,-16,2
43.482595,53,-2,-5,-8,-10,10,10,2,2
43.482599,-49,2,5,10,3,-12,-5,-8,2
43.496892,24,13,2,-1,9,15,0,11,2
43.496896,0,-14,-10,-9,-18,-78,-10,-16,2
43.498157,-20,-3,3,5,2,52,-4,5,2
43.498163,-20,-7,-2,-1,-5,19,5,-5,2
43.519628,-11,-12,-2,-6,-8,-59,-21,2,2
43.519648,8,5,-2,4,0,21,4,-4,2
43.521903,-13,1,-2,-10,-14,-4,-6,4,2
43.521918,-14,-7,9,13,-2,40,8,-19,2
43.533359,-40,44,-8,-4,6,8,-6,21,2
43.533379,49,-41,-4,-7,0,60,-5,20,2
43.542924,-35,0,3,2,9,-27,10,2,2
43.542940,-6,16,-3,-3,-1,4,4,5,2
43.556914,-6,-9,2,-3,-3,1,2,-13,2
43.556937,-27,5,1,2,-4,0,3,2,2
43.558661,15,1,2,6,1,2,-7,11,2
43.558667,19,-15,-7,-12,-5,-24,-9,-8,2
43.579209,58,-11,-8,-5,-2,30,2,3,2
43.579229,-78,11,8,7,30,24,8,-5,2
43.580694,29,-10,-5,0,-3,4,-22,-10,2
43.580709,14,0,1,-1,3,-6,-4,8,2
43.592963,8,-16,-6,-3,-4,2,2,-5,2
43.592981,-12,9,-4,-6,-7,17,1,-12,2
43.603546,17,10,5,5,8,-9,4,-4,2
43.603599,-17,-15,-3,-5,-5,-4,-5,2,2
43.617046,-7,17,3,2,51,65,-4,4,2
43.617067,63,4,2,-3,-13,-58,14,9,2
43.619192,-54,-5,-9,-2,-3,-44,-1,-23,2
43.619196,16,-7,-5,-7,-7,-39,-3,-1,2
43.640116,-28,-18,-6,-3,-7,22,2,-1,2
43.640123,-24,8,0,4,1,2,-12,-12,2
43.640965,83,24,4,-4,6,6,9,25,2
43.640987,-26,-18,-1,-2,15,36,-15,8,2
43.653067,14,-1,-1,8,-10,-62,0,-15,2
43.653090,-36,-15,-10,-9,-6,-11,-5,-9,2
43.661874,5,-4,4,4,-3,11,-6,4,2
43.661890,10,-7,-1,-9,-6,6,3,-4,2
43.677075,-9,7,1,9,2,10,2,6,2
43.677096,14,-10,-8,-13,-5,-2,-9,-1,2
43.678398,-30,-9,1,3,-1,6,1,-14,2
43.678474,-7,-3,-2,-4,-3,-11,3,-1,2
43.699486,-16,7,2,3,0,-9,2,-4,2
43.699515,28,5,2,0,-9,1,-4,9,2
43.701627,-3,6,-2,-3,-2,1,8,-11,2
43.701636,36,-12,-4,1,-2,44,4,0,2
43.713499,-24,-21,2,-4,-15,-46,-3,5,2
43.713529,-21,-1,-5,-2,4,34,8,-3,2
43.727951,12,-6,-1,-3,3,42,-25,21,2
43.727967,-6,11,-1,3,5,-12,1,-42,2
43.736810,56,-12,-2,-5,-12,12,7,11,2
43.736824,35,11,2,3,3,1,-3,3,2
43.738781,3,-3,-4,-7,0,-14,4,2,2
43.738804,-51,-13,1,2,-5,-13,-12,-7,2
43.759763,23,10,5,8,4,6,-2,-14,2
43.759793,-31,-3,0,1,5,-17,1,-2,2
43.761523,-17,0,-3,4,3,32,-4,-1,2
43.761527,2,16,-1,-1,-4,-17,1,18,2
43.773004,6,-1,-1,-6,1,0,2,0,2
43.773028,10,-13,0,-1,2,-5,-3,7,2
43.781849,-42,10,1,-2,12,15,12,-11,2
43.781942,35,-27,-5,-2,5,-13,-8,0,2
43.797041,-21,-7,-3,-2,-15,-89,11,-3,2
43.797046,5,11,3,2,-1,38,7,6,2
43.798208,13,-7,-4,-3,-7,-22,-29,-11,2
43.798221,28,11,2,3,-8,13,0,10,2
43.819182,-13,7,-1,-8,17,61,-2,3,2
43.819201,25,12,4,8,-8,-7,2,5,2
43.821163,-37,-21,-4,-8,-17,4,-12,-13,2
43.821187,-8,6,-7,2,11,-3,2,-3,2
43.833284,-16,-14,-2,-7,-2,9,-15,-10,2
43.833312,7,12,-2,-3,-12,-9,-1,0,2
43.843032,11,6,2,-2,3,16,9,8,2
43.843038,8,2,3,-2,5,2,-2,0,2
43.858775,-4,13,10,12,6,21,8,-6,2
43.858780,-10,-3,1,0,2,-21,-3,15,2
43.862807,-16,-3,-5,-1,-2,-15,0,-18,2
43.862822,49,16,-5,-5,-19,-4,2,4,2
43.879555,7,21,-6,-6,51,11,-14,11,2
43.879576,-4,-15,-1,-5,-6,-5,-2,-1,2
43.882007,16,2,3,11,10,3,6,2,2
43.882023,-45,-1,-1,-1,-24,11,10,-1,2
43.902308,5,3,8,1,-3,17,1,9,2
43.902337,17,9,-10,-2,-20,14,-20,-4,2
43.905248,9,-11,-5,-7,10,-24,10,-13,2
43.905254,-36,22,2,0,-10,-66,-8,-10,2
43.917284,-11,-13,-5,-3,-7,78,8,1,2
43.917313,0,-12,2,-1,-3,0,-7,1,2
43.919612,10,1,0,2,-13,2,11,6,2
43.919618,-1,11,1,-14,1,-8,0,4,2
43.939350,50,-11,6,11,2,8,-7,0,2
43.939372,-54,-11,-10,-4,5,-9,-5,-27,2
43.940933,21,0,-3,-1,-1,-9,-5,4,2
43.940992,18,-10,-3,-6,7,15,3,5,2
43.961684,7,-3,-5,-7,-13,2,3,3,2
43.961701,24,3,8,6,-3,-1,14,12,2
43.963416,-47,2,0,-2,-6,-16,-37,-4,2
43.963428,20,6,-7,1,-1,13,2,-20,2
43.977314,-32,-11,-3,-3,-11,-49,8,-13,2
43.977335,-18,-6,2,1,2,-3,3,2,2
43.979778,34,14,-1,-1,-3,0,6,6,2
43.979783,-3,-9,3,1,2,-1,0,18,2
44.000257,-8,5,0,0,-31,-24,-20,-27,2
44.000265,-37,-1,-1,1,37,27,6,0,2
44.000937,5,0,0,1,6,65,7,-7,2
44.000959,-21,-2,-3,-2,3,2,-5,1,2
44.021850,-16,1,-2,2,1,59,5,6,2
44.021874,17,-11,2,1,-6,-44,-4,1,2
44.024045,9,0,0,-6,11,23,6,-2,2
44.024051,-45,8,6,18,-3,11,8,10,2
44.036087,-2,-10,-8,-6,7,20,3,6,2
44.036104,-2,1,-6,-6,-15,-66,-15,-12,2
44.043105,-1,-5,1,7,1,9,0,4,2
44.043135,23,-15,-3,-3,5,-2,-3,-11,2
44.060381,-5,-19,-4,-6,-13,-59,5,2,2
44.060385,7,4,-1,-1,3,20,2,2,2
44.060678,32,-2,-5,-9,-7,-31,2,3,2
44.060709,-33,-14,-2,-3,-7,-12,-9,-12,2
44.081770,-29,15,5,-1,7,12,-11,-4,2
44.081792,24,1,-2,2,-4,29,2,17,2
44.083647,-6,-24,-5,-3,-21,61,-8,-33,2
44.083652,5,16,-1,1,32,-19,13,-9,2
44.096036,-32,-22,0,-3,-11,27,5,0,2
44.096052,20,13,1,0,-9,33,-3,-5,2
44.103514,43,-7,-6,-3,-5,-28,2,-3,2
44.103626,-4,-21,-4,0,6,14,7,4,2
44.119843,28,19,-1,-5,-5,-26,0,4,2
44.119871,-14,7,2,0,0,-10,5,-14,2
44.122269,-27,10,5,1,5,-28,-8,21,2
44.122277,-4,-13,-5,-5,-17,11,-14,-24,2
44.141720,7,-5,2,3,16,38,-3,9,2
44.141736,46,-8,5,0,-5,-63,6,-13,2
44.143512,-47,31,3,0,0,-16,-1,9,2
44.143527,9,0,-2,1,8,42,-8,8,2
44.156278,10,9,-9,-11,-17,9,5,-18,2
44.156296,-59,-31,-4,-9,15,7,-3,6,2
44.162843,7,-2,5,8,-6,-17,21,-8,2
44.162864,30,-1,2,0,-3,-18,-10,0,2
44.179567,-22,15,2,4,3,-16,4,8,2
44.179589,77,3,-3,-7,-23,1,-4,9,2
44.180678,16,-7,-5,-3,4,-2,-3,-1,2
44.180709,-26,-6,3,2,-7,39,-4,5,2
44.202543,11,-7,-6,-3,8,-79,-5,-1,2
44.202549,7,-15,3,1,-7,39,6,7,2
44.203508,-34,15,-1,-1,6,37,10,5,2
44.203527,26,1,1,4,7,-9,-18,4,2
44.217904,-2,-12,-5,-4,-14,-16,-4,-12,2
44.217908,5,-6,0,-4,-8,11,-9,1,2
44.223103,-16,-11,-6,1,6,-32,-4,-10,2
44.223123,-43,4,-1,-9,-2,14,2,-6,2
44.239690,32,-2,0,7,2,16,2,11,2
44.239714,-43,8,-1,1,10,40,-11,-4,2
44.241380,63,10,8,-2,4,17,4,23,2
44.241384,-11,7,0,1,-9,-25,1,-14,2
44.263882,-96,-11,-12,-6,31,10,-19,-16,2
44.263887,18,5,-2,1,12,-1,-6,1,2
44.263890,-5,-9,0,-5,-22,-20,5,-4,2
44.263891,19,12,1,0,7,8,6,16,2
44.278541,36,14,11,8,-13,3,3,9,2
44.278547,2,3,-1,-1,-5,9,-1,-14,2
44.283378,-21,-24,-5,-3,18,-9,-24,-9,2
44.283401,15,-1,0,1,-1,-5,-4,2,2
44.299382,-5,1,-2,-3,-5,23,2,6,2
44.299404,-13,4,-5,-4,0,-39,-3,5,2
44.300801,8,-1,5,4,-2,84,7,1,2
44.300814,-1,-4,-2,-1,-5,22,1,-1,2
44.321673,13,-4,-3,-5,4,-8,10,5,2
44.321706,-1,-4,2,4,5,19,4,-13,2
44.328371,-41,10,-8,-7,-40,-12,-6,1,2
44.328392,-5,3,-2,6,22,1,8,-3,2
44.336648,8,-4,6,7,-1,-23,-12,-4,2
44.336676,-5,-16,-3,-6,-6,8,-5,8,2
44.343456,3,4,-6,-6,-8,-27,13,-1,2
44.343472,0,-7,3,-4,-10,-9,-5,5,2
44.359247,14,38,6,5,-4,47,5,-4,2
44.359273,-19,-9,-10,-7,15,-86,-26,-11,2
44.360873,-62,-12,3,1,-4,5,-3,-2,2
44.360889,10,-13,-10,-12,7,-8,-3,-8,2
44.382023,8,-7,5,7,5,-35,1,6,2
44.382045,-7,9,2,2,-6,15,5,-1,2
44.383784,10,-1,-1,-1,9,14,0,-7,2
44.383795,-1,-1,2,1,-9,-6,4,6,2
44.395364,-11,-7,-5,-4,-11,-10,-4,-2,2
44.395386,-2,11,0,1,-3,11,2,0,2
44.405589,33,-12,0,-1,6,-15,-4,-1,2
44.405603,-6,3,2,-1,-40,14,-8,-2,2
44.421717,13,-11,-5,-8,1,-97,5,5,2
44.421725,-49,-13,-7,-1,1,61,14,-31,2
44.421728,64,21,2,13,24,-38,-7,-2,2
44.421730,-19,-7,0,-3,-10,34,4,0,2
44.441788,-1,-2,-1,-13,-14,12,-4,-7,2
44.441853,6,7,4,5,4,-3,3,3,2
44.444255,0,-6,0,5,-5,-22,-4,7,2
44.444261,6,7,10,1,-14,12,2,-7,2
44.455625,-16,13,-19,-13,13,-44,-13,-25,2
44.455648,-17,-28,-2,-5,-2,23,4,17,2
44.465855,-1,-3,-2,-6,1,18,-7,-4,2
44.465862,-13,-4,-2,3,3,-15,-1,-1,2
44.479176,11,-3,6,3,1,37,3,9,2
44.479198,-1,12,3,0,-2,-11,-2,-2,2
44.480930,-23,-7,-3,-1,-8,-36,1,-13,2
44.480995,37,4,0,-2,41,-12,-1,6,2
44.501984,0,11,2,2,-6,25,4,2,2
44.501997,-51,-12,-5,-3,5,12,6,-6,2
44.503340,-2,-11,2,1,-8,17,-5,2,2
44.503444,-8,5,1,-1,13,7,11,6,2
44.515672,25,-15,1,4,2,13,-1,3,2
44.515685,16,10,-2,-3,5,51,-3,6,2
44.525277,-12,-7,1,-4,-2,43,9,2,2
44.525286,-24,1,3,15,0,18,0,-3,2
44.539551,45,4,-6,-1,-6,-1,-15,-7,2
44.539577,-64,-25,-12,-4,-7,-29,-23,-8,2
44.541519,44,8,7,-4,-6,-20,23,9,2
44.541524,-18,-12,-9,-9,-3,3,-12,-29,2
44.561720,-38,4,1,-3,-8,2,-2,3,2
44.561739,37,12,4,2,16,-15,13,13,2
44.563616,-2,2,-5,-4,-7,3,-12,-11,2
44.563629,6,0,-1,-5,43,-38,-3,23,2
44.575441,-8,-4,2,4,-6,23,8,-7,2
44.575449,8,-1,6,2,-1,68,1,3,2
44.584993,-2,54,-2,-8,-17,-22,-18,-1,2
44.584999,-20,-37,-11,-3,-10,30,-2,-8,2
44.599538,-5,-4,0,-2,2,6,5,-8,2
44.599560,6,10,-1,-1,2,-7,-2,0,2
44.601121,-10,-8,4,7,15,14,-3,-7,2
44.601166,-2,-3,-5,-6,-21,-18,-2,-8,2
44.623190,-14,-2,3,0,5,31,-7,-3,2
44.623200,30,7,6,6,-11,-39,5,2,2
44.623446,9,-10,-3,-1,9,2,-1,-1,2
44.623452,7,7,-5,-2,-14,-8,3,-4,2
44.635757,1,-12,0,-1,2,44,0,14,2
44.635779,20,14,3,1,35,45,23,2,2
44.644329,16,-21,-4,-5,-15,-2,-15,1,2
44.644346,-61,-14,-4,4,-14,12,1,-2,2
44.659215,-33,-7,6,-2,12,28,-9,3,2
44.659238,63,25,-7,0,-7,-58,11,3,2
44.660891,-8,-16,-9,-8,-3,20,-3,-15,2
44.660899,13,6,5,5,-4,-10,-8,-3,2
44.682268,4,6,-1,-2,-16,-11,-5,3,2
44.682296,-5,-5,0,-2,-8,-15,-7,1,2
44.685101,-16,-3,0,1,7,-11,5,-4,2
44.685107,34,14,2,-3,-6,-15,1,10,2
44.695858,5,-28,-6,-4,6,2,-3,1,2
44.695879,-24,-11,-4,3,-8,0,-4,-5,2
44.705535,-8,-3,1,-2,13,6,4,6,2
44.705542,-2,5,2,2,-3,-1,-5,2,2
44.719426,13,11,1,4,3,4,6,-6,2
44.719439,-19,0,1,-9,-16,10,0,-9,2
44.720959,-50,-28,-5,1,4,30,-9,11,2
44.720983,20,8,1,-8,-23,29,-9,0,2
44.749356,-12,8,-5,3,25,-40,-8,-18,2
44.749369,-2,-7,0,-5,-16,13,12,8,2
44.750631,-21,-1,1,9,-15,-70,1,-7,2
44.750644,12,19,3,0,36,2,5,-13,2
44.755576,-15,-17,-5,-6,-23,10,7,11,2
44.755612,-10,-7,8,4,-2,14,-1,10,2
44.765163,16,31,-7,-8,0,0,1,-3,2
44.765168,6,-2,-5,-1,-19,-47,-6,2,2
44.779412,4,3,2,1,43,-9,-1,-5,2
44.779418,15,-8,-1,-1,4,-25,-9,-2,2
44.780619,-12,3,7,2,7,30,8,-9,2
44.780626,10,12,-3,-5,-10,-1,4,8,2
44.801705,-12,-16,-5,3,-10,8,-4,-7,2
44.801727,8,5,3,3,0,1,-6,-3,2
44.804594,20,3,0,3,11,-1,3,6,2
44.804601,-14,-16,-7,-7,0,3,-5,-9,2
44.824879,-2,-3,-3,-1,-16,-8,-2,2,2
44.824885,12,6,-4,-5,3,-13,-8,-3,2
44.825678,12,-2,1,7,-9,-8,-3,-6,2
44.825684,-24,-28,8,8,7,-39,-12,-4,2
44.840250,31,20,-7,-6,-2,46,10,2,2
44.840256,18,2,-3,-3,4,-62,1,-1,2
44.840907,-12,-7,-1,-5,2,35,-2,14,2
44.840913,-11,-4,0,3,4,20,5,-13,2
44.861846,15,2,5,1,-12,2,0,1,2
44.861870,-22,0,-2,0,-26,14,2,-17,2
44.863476,23,-14,-5,-3,-1,-21,-10,1,2
44.863480,-4,1,4,-3,-1,14,-3,4,2
44.884391,-21,24,0,9,2,-17,1,4,2
44.884413,2,-6,-4,-3,-7,40,-2,8,2
44.887091,-6,4,-2,-3,-1,0,3,-8,2
44.887098,3,2,-6,-11,-6,5,6,2,2
44.899886,16,10,9,9,-7,3,-17,0,2
44.899925,41,-16,-6,-2,9,-27,-9,-2,2
44.901181,-18,-9,-4,-1,-1,1,-6,-5,2
44.901184,3,3,-1,-1,-2,15,2,16,2
44.922072,-12,-16,1,-10,0,-14,2,-10,2
44.922095,1,0,1,4,0,-3,-3,-5,2
44.923315,8,-3,-1,-3,4,-1,-10,2,2
44.923331,20,2,-3,0,-2,4,12,-3,2
44.944180,0,-4,-3,-5,-6,-2,-4,-2,2
44.944202,1,8,1,2,4,-1,-4,11,2
44.945597,-6,10,1,-5,-1,40,19,4,2
44.945603,-1,-2,-8,-4,-16,-64,-17,-3,2
44.958580,40,-11,-3,-9,15,23,-5,5,2
44.958605,-7,-3,6,9,51,9,-9,-4,2
44.965627,-5,-33,-5,1,-1,-11,29,-3,2
44.965649,14,8,-1,1,1,-31,-4,-1,2
44.981674,9,-13,2,-7,-11,24,1,6,2
44.981687,-8,16,-8,-2,-10,21,-5,-12,2
44.983205,-8,-16,1,1,10,-11,-2,-4,2
44.983234,-29,2,-1,-2,-3,16,5,-1,2
45.004650,-5,-15,-5,-3,-7,-36,-1,-8,2
45.004683,-4,10,4,-3,-8,18,5,5,2
45.007331,7,12,-1,-1,-2,-2,-6,3,2
45.007336,-4,-6,-7,-3,-4,14,0,-3,2
45.019004,43,6,13,8,4,2,10,13,2
45.019034,-92,13,-8,-7,-7,-13,1,-22,2
45.025606,20,10,-10,-8,-22,2,-18,10,2
45.025622,13,-8,2,-4,50,-2,2,8,2
45.041838,-7,-6,-3,5,-2,-18,-9,-9,2
45.041849,22,0,2,-2,-10,-6,-1,16,2
45.043271,-11,0,2,-3,-5,-10,-3,-11,2
45.043284,2,2,0,2,-6,19,-2,-3,2
45.064556,-12,13,-4,-5,-7,3,4,8,2
45.064578,0,-8,7,2,8,0,-5,-10,2
45.066277,-6,8,-5,-1,-1,-7,-6,-3,2
45.066282,10,-15,2,1,-18,3,5,-1,2
45.079923,-34,13,-4,-4,14,29,-20,-3,2
45.079950,-5,-33,-9,0,-16,-13,18,-8,2
45.085613,-11,1,1,-7,4,0,0,-3,2
45.085637,-5,-1,-3,2,-4,8,-7,-4,2
47.104145,1,1,2,7,1,0,0,-1,0
47.104603,-3,-1,-1,-3,-1,-1,-2,2,0
47.104605,-1,-1,-3,-3,-1,-3,-1,-1,0
47.104653,4,2,3,1,1,1,0,-6,0
47.126018,6,-1,0,-5,0,-3,-2,-4,0
47.126037,-3,-2,-8,-5,-6,-2,1,-1,0
47.127958,-4,-3,2,-3,1,0,-1,1,0
47.127963,-2,-3,-2,-5,-3,-1,0,1,0
47.148528,-4,0,2,8,3,0,-1,1,0
47.148542,3,-1,-1,-4,-2,-3,-1,-4,0
47.149151,6,2,-7,-8,-5,-1,-1,4,0
47.149170,-4,-1,2,7,3,-3,1,10,0
47.163772,-1,-1,1,-3,-1,1,-1,-1,0
47.163788,2,-2,0,0,1,2,-2,-6,0
47.164756,-2,0,-2,-3,-2,-3,0,6,0
47.164760,4,2,3,2,1,-1,-1,1,0
47.186720,-2,-1,-2,-6,-4,-1,1,0,0
47.186758,-5,-2,-1,0,2,-2,-2,-13,0
47.189751,-1,-1,-1,1,-1,-1,0,-1,0
47.189760,3,-5,-3,0,-2,-1,-1,-1,0
47.208494,-5,-1,-5,-3,-1,1,0,0,0
47.208508,-14,2,0,-1,1,-2,0,6,0
47.209218,33,-4,-1,-1,0,-2,-2,-2,0
47.209231,-4,3,-1,0,0,-1,-1,-1,0
47.223618,5,-2,-6,-16,-2,-1,1,7,0
47.223634,-13,0,2,11,1,0,-2,-3,0
47.224773,-2,2,-3,-1,0,3,0,-11,0
47.224777,-2,2,1,8,2,0,0,-1,0
47.245973,-14,-5,-2,-4,-5,-4,-2,3,0
47.245989,24,3,0,1,0,1,-3,-9,0
47.246931,1,-7,-1,-3,-2,-1,-1,-4,0
47.246935,-11,1,-4,-9,-6,-2,-2,-2,0
47.269035,-17,0,5,5,4,-1,-2,-1,0
47.272218,3,-2,-5,-5,-3,-1,-1,-3,0
47.272230,-6,2,0,3,0,-1,-2,12,0
47.272232,-3,-6,-2,-1,-1,-3,-1,2,0
47.283352,8,-2,-2,0,1,0,0,-2,0
47.283380,-3,0,2,-1,-1,-1,1,6,0
47.291270,-8,-1,1,1,-2,0,-2,7,0
47.292755,4,-4,-5,-3,-3,-2,0,-2,0
47.306579,4,3,0,-3,-2,-1,0,6,0
47.306601,-1,-2,-1,6,3,0,-2,-2,0
47.306969,-11,-4,0,1,-3,-1,2,0,0
47.306976,5,4,-2,1,2,-1,0,-6,0
47.328510,-1,-1,-7,-10,-6,-2,0,11,0
47.328532,0,2,3,-2,4,0,0,0,0
47.329484,0,3,5,7,4,-1,-1,-5,0
47.329488,2,-1,0,0,-2,0,-1,3,0
47.346599,3,-1,-2,-4,-4,-1,-1,3,0
47.346604,-1,-5,-9,-8,-5,-4,-2,1,0
47.351597,-5,-2,-2,1,-2,0,0,2,0
47.351625,0,-5,0,0,-2,-2,-2,6,0
47.365929,-3,0,2,0,-2,0,0,0,0
47.365943,0,-2,0,2,-1,1,1,-1,0
47.366605,-2,0,0,0,1,-2,0,3,0
47.366619,-3,-3,1,-3,-1,0,-1,-1,0
47.388630,-3,-2,-5,-2,-4,-2,-2,-10,0
47.388659,-2,2,3,-5,-1,-1,-3,2,0
47.389846,-14,-2,-4,2,-2,-3,0,-3,0
47.389850,23,1,6,4,4,0,-1,3,0
47.402930,8,1,3,9,2,0,-1,-2,0
47.405302,-3,-2,-1,-9,-4,-2,-2,9,0
47.411856,-6,-2,-5,-7,-4,-2,0,1,0
47.411862,-4,0,-6,-4,-3,-1,-1,-3,0
47.428297,-3,-1,3,2,1,-4,-1,0,0
47.428303,-2,-2,-2,1,-1,-3,1,10,0
47.428305,1,-1,-1,-3,0,-1,-1,-5,0
47.428307,-4,-1,-1,-1,-1,0,-1,1,0
47.448844,-4,2,-3,0,-1,-1,-1,0,0
47.448873,5,-5,-5,3,0,0,-2,-3,0
47.450666,-5,2,3,3,1,1,-2,-9,0
47.450670,5,-1,-1,-4,-1,-3,-1,6,0
47.471936,-7,0,3,14,4,1,-1,-3,0
47.471957,-3,-1,-1,-3,-2,-1,1,3,0
47.474335,14,-2,-1,-4,-2,-3,-1,7,0
47.474341,-8,-3,-6,0,-1,0,-2,-3,0
47.485922,5,2,3,-6,0,3,-1,-23,0
47.485943,-3,-1,-3,1,-5,-2,0,7,0
47.488170,0,3,4,0,1,-2,-1,-7,0
47.488178,-18,-8,-5,-7,-6,-1,-1,-6,0
47.508535,0,3,-3,0,-2,-1,0,1,0
47.508558,1,2,-2,-1,-3,-3,-3,0,0
47.509358,-2,5,-1,-1,-4,0,-1,0,0
47.509380,0,-3,1,0,0,0,-2,-5,0
47.523117,0,-4,-2,-5,-2,-3,-1,7,0
47.523135,-6,-2,-2,-4,-2,-2,-1,-11,0
47.531181,4,-1,-1,-1,2,-2,-1,-2,0
47.531198,-3,0,1,5,-2,-1,0,6,0
47.546488,-5,-3,-3,-2,1,0,-1,8,0
47.546510,-1,-1,0,3,1,1,-1,-8,0
47.548404,1,-3,-4,-8,-1,1,0,2,0
47.548409,-7,4,5,8,3,-2,0,8,0
47.568440,9,-4,-6,-5,-3,-1,0,0,0
47.568446,5,-2,0,-6,-3,1,0,-3,0
47.569170,-15,-1,0,5,-3,-2,-2,3,0
47.569183,-8,0,-3,-8,-2,-3,-1,-6,0
47.583088,3,-2,-3,-2,-3,-2,-1,-4,0
47.583104,-7,0,0,0,-1,-1,0,-2,0
47.591070,7,-1,-4,-2,-3,-2,-2,1,0
47.591095,11,-1,-4,-2,0,-2,0,-4,0
47.606138,-3,-5,-2,0,-1,-1,-2,5,0
47.606177,1,-3,-5,-7,-2,0,-2,1,0
47.608555,-4,1,1,6,-1,-1,0,2,0
47.608602,7,-1,1,-2,-1,-3,1,-6,0
47.630377,-11,6,3,1,0,0,2,3,0
47.630381,3,-5,0,0,0,-1,-3,3,0
47.630383,4,-5,-2,-1,-1,0,-2,-3,0
47.630385,-5,-2,-1,-5,-1,0,-2,6,0
47.652436,-4,-4,-3,2,-4,-2,-2,4,0
47.652454,-6,1,-1,-1,0,-1,-1,-6,0
47.655014,-1,2,3,3,3,0,-1,2,0
47.655023,-3,-3,-1,-4,-3,1,0,2,0
47.666629,5,-4,-1,0,1,-1,-1,-2,0
47.666656,7,-1,-3,-1,-1,1,-1,3,0
47.668308,-15,-2,-5,-3,-1,-4,-2,11,0
47.668313,27,-4,-5,-5,-1,-1,1,4,0
47.688792,-3,6,-3,-1,-1,0,-1,-4,0
47.688815,-5,-2,4,-1,0,-1,-1,1,0
47.691517,-15,0,4,9,1,-1,1,4,0
47.691527,8,-4,-2,-6,-2,-2,-3,-1,0
47.711680,23,7,0,2,1,-2,-2,5,0
47.711702,-34,-6,0,-1,-1,-1,0,1,0
47.712433,-25,-6,-3,-10,-5,1,-1,-2,0
47.712445,-7,3,1,0,1,1,1,0,0
47.726090,7,-7,-2,2,-1,-1,-2,-2,0
47.726107,2,3,0,-1,-3,-2,-1,-3,0
47.726859,14,-2,2,1,-1,-2,0,-8,0
47.726871,-11,0,-2,-1,1,-3,-3,-2,0
47.748841,-8,-1,3,-2,1,0,1,3,0
47.748861,7,2,-2,3,-1,0,1,-7,0
47.750492,2,-4,-3,-5,-3,0,0,1,0
47.750496,3,0,-2,2,-2,-2,-2,9,0
47.771789,-6,1,1,1,2,3,-1,-8,0
47.771808,-1,-7,-2,-1,0,-1,-2,-4,0
47.772544,3,4,-4,-5,-4,-3,-1,7,0
47.772550,-7,3,2,3,0,0,-1,-1,0
47.786619,-2,-2,-1,-2,-2,-1,-2,-16,0
47.786640,10,1,4,1,1,-1,-2,5,0
47.786851,4,1,-1,-2,1,0,-1,-2,0
47.786870,-24,1,0,-4,-2,0,0,-3,0
47.808664,29,-7,-7,-3,-3,-3,-2,7,0
47.808679,-3,2,-2,1,1,-4,-1,1,0
47.809771,1,-2,-3,-5,-2,-1,-1,-6,0
47.809777,10,3,3,10,3,1,1,1,0
47.834621,-16,0,2,-4,-1,-2,1,7,0
47.834626,-7,-3,-2,2,2,0,0,-1,0
47.834628,12,-2,0,-1,-2,-1,1,0,0
47.834630,-7,-1,-1,-5,-2,-3,-2,3,0
47.846944,-11,-1,0,-1,-2,-1,0,-11,0
47.846970,0,-1,-2,-1,-2,-1,-3,-2,0
47.849726,7,-4,-1,-1,0,0,0,0,0
47.849732,0,-1,-5,0,-2,-1,-2,-2,0
47.869279,-8,-6,-4,-9,-5,-2,-1,2,0
47.869298,2,-2,-2,-2,-1,0,1,-1,0
47.872004,0,0,5,2,9,1,-2,-4,0
47.872059,-4,-3,-1,5,-1,0,-1,-10,0
47.899151,-6,2,-1,0,0,0,0,-13,0
47.899164,10,0,-5,-1,-4,-1,-2,3,0
47.899805,-6,-5,-1,-6,-3,-2,-2,1,0
47.899817,2,7,-2,1,-1,-1,1,-1,0
47.906457,0,-4,2,0,0,-1,-3,-9,0
47.906477,-3,1,0,-2,3,-2,2,4,0
47.907663,9,-1,-2,8,-2,-1,-1,-2,0
47.907666,0,1,-1,-2,1,0,-1,-5,0
47.928618,-9,1,-2,0,-3,-2,-2,9,0
47.928630,-22,-4,-2,-4,-3,-2,-1,-7,0
47.929168,4,2,0,0,2,-2,-2,-8,0
47.929182,-2,-1,3,3,3,-1,-1,1,0
47.952196,-1,-2,-2,-1,-2,1,-3,0,0
47.952224,5,0,-3,-2,0,-1,0,-9,0
47.953987,-2,-1,-4,-2,-1,0,-1,1,0
47.953994,-6,-2,-1,-5,-4,-2,-2,2,0
47.966633,7,0,1,-4,2,-3,1,-10,0
47.967922,5,1,1,6,-1,0,-1,2,0
47.967925,-6,-4,-4,-3,-3,-1,0,2,0
47.967927,0,-3,-4,-6,-3,0,-2,-2,0
47.989186,33,6,-4,-6,0,-1,-5,0,0
47.989218,-7,-4,-2,-4,-2,-1,-1,6,0
47.989490,-2,0,3,7,1,-1,-1,-7,0
47.989497,-9,-5,-1,-2,-2,-1,0,-4,0
48.012099,-11,-1,-2,-3,-3,-1,0,7,0
48.012120,4,-1,-4,-3,-3,-1,-1,-2,0
48.013625,3,3,4,1,3,0,-1,-2,0
48.013628,7,-2,0,0,0,-2,0,1,0
48.026125,-10,-2,-2,-2,-3,-3,1,11,0
48.026142,11,2,-1,3,2,-2,-2,0,0
48.027239,-29,-4,-6,-7,-4,-3,0,0,0
48.027243,1,-8,-3,-4,-4,-2,-2,6,0
48.050759,-4,1,2,7,3,-1,0,5,0
48.050767,5,2,1,-1,1,2,1,-3,0
48.050772,5,1,-1,-2,0,1,-1,8,0
48.050775,0,0,-4,-4,-1,-1,0,4,0
48.071798,-8,-2,-3,-10,-2,-1,-2,0,0
48.071823,-4,0,3,13,-2,-2,1,3,0
48.073778,0,0,4,1,1,-1,-3,3,0
48.073786,6,1,1,2,-1,-2,-1,-6,0
48.086596,-2,-5,-3,-3,-3,-3,-1,-6,0
48.086618,-13,-2,-6,-6,-1,-1,-2,6,0
48.087088,3,0,2,-3,-1,-1,0,6,0
48.089075,6,2,-1,3,2,0,0,-9,0
48.109156,-6,1,8,5,3,-1,-1,4,0
48.109186,4,1,4,3,2,0,0,-3,0
48.111997,-1,-2,-5,-6,-3,-2,0,-2,0
48.112047,3,-3,0,-4,0,-3,-3,8,0
48.131663,-1,-2,-3,-1,-4,-1,-2,7,0
48.131670,0,-2,-1,-4,-1,1,-2,-8,0
48.132331,6,-2,-4,-4,-3,0,-2,-2,0
48.132344,-5,3,2,3,-2,-1,-1,9,0
48.146627,0,2,2,3,-2,-1,-1,-12,0
48.146647,5,-2,-1,0,0,-1,-2,4,0
48.146651,4,1,-3,-1,-1,-3,-1,2,0
48.146655,-8,0,-1,1,2,-2,-3,-4,0
48.169066,14,-3,-3,2,1,1,1,7,0
48.169103,-9,0,-3,-5,-3,-1,0,1,0
48.172347,3,-4,-7,-10,-7,-4,0,13,0
48.172357,-7,4,9,11,6,1,-1,-1,0
48.191700,21,-3,2,0,0,1,-1,-3,0
48.191710,-2,-2,-4,-4,0,0,-1,3,0
48.192467,1,-2,-4,-1,-4,-1,-2,1,0
48.192473,-4,0,-2,-3,-1,1,-1,-4,0
48.207507,1,3,-2,-7,-2,-2,-2,1,0
48.207513,-8,-3,0,3,0,-2,-1,4,0
48.207515,-7,1,-1,-1,0,-2,0,-5,0
48.207516,21,-2,-6,-9,-5,-3,0,5,0
48.228501,-6,4,3,5,2,-1,0,3,0
48.228524,5,-1,5,4,2,0,-1,-7,0
48.229541,-3,5,0,4,1,-2,-1,-7,0
48.229545,-12,-10,-5,-5,-1,-2,0,3,0
48.252619,-9,-5,-10,-9,-8,-3,0,0,0
48.252625,4,0,3,-3,0,-1,-2,-6,0
48.252627,-2,4,9,9,6,2,-3,-5,0
48.252629,6,-1,0,-1,1,-1,-2,-3,0
48.265954,-7,-3,1,0,3,0,-2,-8,0
48.265982,1,-1,-3,-5,-3,-1,-2,0,0
48.273682,3,-6,-6,-11,-6,-1,-1,6,0
48.273697,-2,0,-1,7,-2,-2,-2,-1,0
48.288821,-6,0,1,3,0,-1,1,2,0
48.288854,-2,1,1,-2,-2,-2,-1,5,0
48.289459,-6,-3,-3,-3,-1,1,-1,-4,0
48.289480,-1,-2,-7,-7,-5,0,1,-5,0
48.312007,-3,2,7,8,8,1,-2,-5,0
48.312035,5,-2,-4,0,-4,-1,-1,-1,0
48.314627,-12,2,6,7,3,1,-1,-6,0
48.314633,4,-3,-4,-3,-1,-1,-2,2,0
48.325430,2,-9,-7,-3,-3,-3,-1,3,0
48.325451,-2,1,-5,-4,-3,-2,-2,-3,0
48.334039,1,-6,5,2,3,-1,-3,-9,0
48.334068,-11,1,0,1,-2,-1,-2,-2,0
48.348482,-4,0,-1,-1,-1,-1,-1,-7,0
48.348501,2,-1,-3,-2,-3,-2,0,0,0
48.349129,2,-3,-6,-9,-5,-3,0,4,0
48.349142,-3,-1,1,4,0,-2,0,-6,0
48.372161,-7,0,-2,0,0,1,-1,-4,0
48.372185,10,-5,-3,-4,-3,-1,-2,0,0
48.374129,-1,9,9,5,4,0,-2,-4,0
48.374135,-10,-6,-2,-4,-3,-1,-1,-2,0
48.394314,-8,1,0,5,0,0,-2,1,0
48.394404,-7,1,-1,-5,-3,-2,0,7,0
48.394894,5,-1,-2,1,1,-1,0,2,0
48.394906,2,0,-3,-5,-3,0,0,-1,0
48.409744,-3,-3,-3,-3,0,-1,1,13,0
48.409750,-7,-1,2,-2,2,-1,0,7,0
48.409752,3,-4,-7,-6,-5,0,-1,-2,0
48.409753,0,-1,2,-1,0,0,-1,2,0
48.431742,-6,-4,-6,-3,-5,-4,-1,4,0
48.431765,8,-4,1,6,1,-1,-2,2,0
48.432920,-5,3,0,-3,1,2,1,-7,0
48.432926,-5,0,2,-1,2,-3,0,5,0
48.445706,3,-1,1,0,-1,-1,-2,0,0
48.445730,-1,-1,-4,-2,-1,-2,-1,-3,0
48.453708,-6,-2,-4,1,-1,-2,-1,5,0
48.453733,7,0,-3,-4,1,-1,-2,2,0
48.468770,12,1,3,-2,2,-2,0,-4,0
48.468799,-6,-2,0,2,-1,0,-2,0,0
48.470402,-2,-7,-2,1,0,-1,0,7,0
48.470406,0,2,-2,-5,-2,0,-1,-3,0
48.491693,-7,-5,-4,-4,-5,-1,-3,0,0
48.493748,-4,1,-2,0,-1,-2,-1,0,0
48.493753,4,-3,0,-1,-2,-2,-2,0,0
48.493755,0,2,4,8,3,1,-2,-4,0
48.505370,-6,-7,-9,-13,-7,1,1,7,0
48.505418,-6,6,4,-1,5,0,-2,-9,0
48.514014,3,3,4,3,2,1,0,-4,0
48.514042,-3,-1,0,2,-2,-1,1,6,0
48.528846,-8,2,1,4,3,-2,-1,0,0
48.528886,14,-6,-3,-6,-4,-1,0,-3,0
48.530906,-10,-4,-6,-6,-1,-2,-2,4,0
48.530910,-1,-1,-1,0,0,-1,-3,2,0
48.551606,-1,-1,-2,-5,-3,-1,-1,-3,0
48.551619,-9,-1,-3,0,0,-1,-1,-2,0
48.552635,1,-1,1,1,1,-1,-2,3,0
48.552725,-9,-5,-5,-4,-1,-1,-1,-7,0
48.574350,17,1,-1,0,-2,0,-4,-2,0
48.576071,-1,4,2,0,-1,0,-1,-3,0
48.576078,-2,-3,-10,-4,-4,-2,-2,3,0
48.576080,4,-3,-6,-10,-6,-1,1,8,0
48.588939,-7,10,18,13,12,3,-1,-14,0
48.588962,2,1,0,-3,1,-1,1,3,0
48.590745,13,0,-2,3,-1,-2,0,-2,0
48.590751,-14,-4,-5,-3,-4,0,0,1,0
48.612159,-1,-2,-6,-4,-2,-1,0,8,0
48.612164,-6,-5,4,3,0,-1,-2,1,0
48.612306,-4,-1,1,-6,0,0,-1,-6,0
48.612355,5,3,-2,-2,0,-3,-2,0,0
48.634566,-3,-2,-2,0,-3,-3,0,3,0
48.634595,0,0,-3,-3,0,1,0,-6,0
48.636185,-4,0,-3,0,-2,-1,-1,3,0
48.636189,8,-1,5,3,1,-2,-2,0,0
48.648831,-3,-3,-5,-8,0,0,-1,-5,0
48.648859,2,-2,0,7,-1,0,0,-2,0
48.650450,-2,1,0,0,0,-1,-1,3,0
48.650454,-5,-1,-2,-2,-1,-1,0,-4,0
48.671964,1,-1,1,-2,-1,-2,-1,-9,0
48.674509,-11,1,0,-8,-1,0,-1,0,0
48.674515,16,-6,4,4,2,-1,-1,1,0
48.674517,6,2,1,7,3,1,-1,-6,0
48.694630,-7,-5,-1,-3,-1,-1,0,-5,0
48.694656,-3,-3,-7,-4,-3,-1,-1,5,0
48.695273,-10,7,4,2,-1,-2,0,-1,0
48.695289,3,0,0,-2,0,-1,0,0,0
48.708599,-2,-5,-5,0,-1,-1,1,-10,0
48.708616,0,-2,-5,-5,-2,-1,0,-1,0
48.709229,2,0,-3,-5,-4,-1,-1,-2,0
48.709248,-13,0,1,1,0,-1,0,5,0
48.732138,1,-1,0,2,-1,-1,-2,0,0
48.732167,3,-1,1,-1,-1,-2,-2,-7,0
48.733873,5,-3,-2,0,-3,0,0,-4,0
48.733877,-3,-1,1,-2,0,-1,-1,0,0
48.754247,0,2,1,3,-1,1,-1,-5,0
48.754266,1,-2,-6,-4,-3,0,-1,-1,0
48.755063,-7,1,3,-9,2,-1,-3,0,0
48.755083,-4,-1,0,5,-2,-1,0,-3,0
48.769798,5,3,1,1,0,-1,1,-8,0
48.769804,-1,-5,-8,-4,-3,1,-1,13,0
48.769805,-11,1,2,7,2,-2,-1,6,0
48.769807,15,3,2,1,2,-1,1,-2,0
48.791796,-20,-5,2,2,-2,0,-2,-1,0
48.791818,-4,1,3,2,-1,1,0,3,0
48.793585,4,-5,-9,-6,-5,-2,-1,0,0
48.793590,-1,1,-4,-6,-1,0,0,5,0
48.815504,5,-1,-2,0,2,1,0,13,0
48.815508,5,-1,2,-2,1,-2,-1,-6,0
48.815510,-11,-5,-2,-1,-2,0,-1,0,0
48.815512,6,0,-2,0,0,-3,-2,-1,0
48.829759,-4,0,-5,-3,-4,1,2,1,0
48.829763,0,3,5,7,3,-1,-2,-1,0
48.829765,1,0,-2,0,-1,0,-1,5,0
48.829767,-1,-3,1,2,3,-1,-3,-2,0
48.851708,-7,-4,-9,-18,-7,-3,-1,6,0
48.851728,24,6,14,21,9,1,-2,-6,0
48.853451,-2,-4,-1,4,-2,-2,1,0,0
48.853456,-8,4,-5,-7,-5,-2,-1,0,0
48.874309,4,0,0,0,1,-2,-3,-3,0
48.874331,-10,-2,-5,-9,-5,-3,1,2,0
48.876580,-1,1,6,3,2,-1,-1,-2,0
48.876586,6,0,-1,1,1,2,1,-4,0
48.888703,3,1,0,2,-1,0,-1,-9,0
48.888734,-10,-4,-4,-6,-4,-3,-3,3,0
48.890626,13,-1,-3,-3,-3,0,-1,0,0
48.890631,-5,-1,0,-4,-4,-2,0,-5,0
48.911774,-3,-1,-1,1,-4,-2,0,9,0
48.911837,-2,-3,2,4,3,-2,-1,-6,0
48.912349,-1,2,-4,-3,0,-1,1,-2,0
48.912370,-4,-3,-2,-3,-2,-2,-1,4,0
48.934154,-2,-3,-3,-8,-4,-3,-2,2,0
48.934176,0,0,-1,10,2,1,1,-9,0
48.937015,-3,1,4,2,3,2,-1,-9,0
48.937023,-3,-3,-1,-3,-3,-1,0,0,0
48.948931,-10,-1,-3,-1,-2,-1,-2,-8,0
48.948954,10,2,0,-13,-5,-3,-2,0,0
48.950533,2,0,0,4,1,1,-3,0,0
48.950544,-5,-4,1,1,1,0,0,-1,0
48.972664,5,0,0,0,-2,0,0,0,0
48.972678,-9,-1,-3,-3,0,-2,0,4,0
48.972682,-3,1,0,-3,0,-2,-1,0,0
48.972686,1,-1,-2,0,-2,-1,-1,-5,0
48.994667,0,0,-3,-1,0,0,0,3,0
48.994696,3,-2,-1,-2,-2,-2,-1,-5,0
48.996089,1,-3,-1,-4,-2,-1,0,-6,0
48.996092,-7,-1,-2,0,-2,-1,-3,-5,0
49.009200,1,2,0,-4,1,-3,0,6,0
49.010878,-3,-5,-7,-2,-4,-1,1,-4,0
49.010881,-6,1,3,9,2,0,0,-4,0
49.010883,4,0,0,-4,3,0,-3,4,0
49.033632,1,-2,1,5,0,-1,-3,0,0
49.033638,-2,-3,-2,-5,-2,1,0,-5,0
49.033640,-4,-8,-15,-14,-7,-4,0,9,0
49.033642,-4,3,7,5,2,0,-3,-1,0
49.054860,5,3,5,6,5,0,1,-1,0
49.054887,-1,-1,-4,0,-1,-1,-2,-9,0
49.056651,-1,-1,0,-2,-4,-1,-1,6,0
49.056657,-13,-2,-3,-5,-4,-3,-3,-1,0
49.068506,24,-4,-1,0,1,0,0,-7,0
49.068536,-1,-1,-3,-5,-1,-1,-1,10,0
49.076833,-5,-1,-3,-3,-1,-2,0,-1,0
49.076849,3,-1,-3,-4,-3,0,0,-4,0
49.091758,-1,0,1,3,0,-3,-3,17,0
49.091778,-11,0,3,-1,2,-1,-1,-9,0
49.093442,0,-2,0,9,3,2,-1,-10,0
49.093461,4,-2,0,1,-1,-1,1,2,0
49.114706,-7,-5,-11,-7,-8,-3,0,5,0
49.114727,5,4,4,-2,6,2,-1,-5,0
49.115689,-2,0,0,-1,0,-1,-2,-8,0
49.115768,-1,0,-5,-3,-3,-1,-2,2,0
49.127846,4,-3,-1,2,-1,-3,-1,0,0
49.127862,13,5,-1,1,-2,-1,-1,-1,0
49.139992,-18,-8,-4,-6,0,-1,-1,1,0
49.140005,5,-4,-2,0,-1,-2,-1,5,0
49.151888,-5,2,-1,-4,-1,1,-1,-5,0
49.151908,0,-4,0,-3,-2,0,0,7,0
49.154677,-2,-1,-1,2,-3,0,0,8,0
49.154683,-1,0,-1,2,0,-3,-2,4,0
49.174204,0,0,1,-4,-2,0,-1,5,0
49.174219,-10,1,-1,2,1,-1,-1,7,0
49.175917,5,-3,-4,-4,-4,-1,0,7,0
49.175934,5,-1,1,3,1,-2,-2,-6,0
49.189543,-3,0,1,-2,0,-1,-2,2,0
49.189556,-8,-3,-2,-3,-1,0,-4,5,0
49.197501,1,0,-5,-3,-6,-1,1,-2,0
49.197513,9,1,2,4,1,1,1,-2,0
49.211864,-8,0,-2,2,2,-2,-1,10,0
49.212799,3,-1,-1,0,-4,-2,-1,-4,0
49.213144,3,-3,-2,-1,0,-2,-4,-1,0
49.213150,-6,1,-4,-9,0,2,0,5,0
49.234727,-6,-3,4,6,-2,-1,-2,-3,0
49.234756,-1,-2,-5,-1,-1,0,1,-3,0
49.237884,-2,1,2,-5,-1,-2,-2,2,0
49.237892,7,-1,-2,-2,0,-2,-2,4,0
49.248296,-6,1,-4,-2,0,1,-1,-5,0
49.248329,22,-1,2,6,3,-2,-1,4,0
49.256812,-5,0,2,3,4,0,-1,1,0
49.257684,-8,-1,-2,-6,-4,0,-1,0,0
49.271720,5,0,-2,-4,-2,1,0,1,0
49.271738,-13,0,0,4,0,-3,0,4,0
49.273378,9,1,-1,-4,-2,-2,-1,-1,0
49.273400,4,-1,3,3,1,0,-1,0,0
49.294149,-1,1,-2,-3,-3,-3,0,1,0
49.294166,-7,1,-2,-5,-2,-1,-2,-4,0
49.295631,9,-2,1,0,0,-2,1,-10,0
49.295683,-10,0,1,3,-2,1,0,-2,0
49.308929,-2,-2,-2,0,-3,-2,-1,1,0
49.308957,3,-5,-8,-12,-7,-2,-1,4,0
49.317864,-2,6,6,8,3,-1,-3,-4,0
49.317877,-4,-2,4,-2,6,-1,-1,-1,0
49.332052,-7,-3,-3,-2,-3,1,-2,-8,0
49.332058,-2,-2,-1,4,0,0,-1,-4,0
49.333093,-7,1,-6,-9,-5,-1,0,7,0
49.333099,6,-2,-1,-1,-2,-4,-1,-2,0
49.354909,1,1,3,2,3,0,-1,-5,0
49.354932,-5,-1,-4,-7,-3,-1,0,-2,0
49.356333,-7,-2,0,-2,-2,-2,-3,3,0
49.356359,-2,-1,1,5,-1,-1,0,-3,0
49.368210,2,1,0,1,1,-1,0,-6,0
49.368237,-7,1,4,1,0,-1,-2,4,0
49.379144,0,-4,-2,1,-1,0,0,-2,0
49.379150,0,0,-2,-1,0,0,-1,-3,0
49.391951,2,-1,4,-1,-2,-2,-1,0,0
49.391976,-5,-2,-2,2,1,-2,0,-1,0
49.394613,4,1,-1,-4,1,0,-1,-7,0
49.394620,-3,-1,0,-1,-1,0,-2,-4,0
49.414269,-1,-3,-1,1,-1,-2,-1,6,0
49.414290,-7,5,2,1,2,3,-1,-12,0
49.416728,7,-3,-3,-3,-4,-2,0,-1,0
49.416732,-9,-2,-8,-9,-4,-3,-1,3,0
49.427813,1,0,-1,3,1,-2,0,1,0
49.427835,2,3,2,3,0,2,1,-4,0
49.438888,-13,0,0,-1,-1,1,0,4,0
49.438894,21,0,-1,-3,-2,-1,-1,2,0
49.451828,7,-2,-3,-4,0,1,0,-13,0
49.451860,3,-4,-5,-6,-2,-3,-1,3,0
49.454362,-14,-2,-2,1,1,0,-1,2,0
49.454372,-3,3,2,1,3,0,-2,-3,0
49.474183,-5,1,4,-1,2,0,-3,-3,0
49.474190,1,-1,-3,-4,-3,-2,-2,3,0
49.475714,12,-2,-3,0,-5,1,-1,-7,0
49.475762,-15,-5,-2,1,-3,0,-1,-4,0
49.489610,1,-3,-4,-5,-4,-1,0,2,0
49.489615,-8,1,3,3,2,-1,-3,-6,0
49.498096,14,-2,-4,-9,-4,-3,1,-2,0
49.498100,1,2,3,10,2,1,-2,0,0
49.511769,-6,-5,-2,-2,-1,-1,1,-4,0
49.511784,-9,7,-1,-2,-3,-1,-1,0,0
49.513127,4,1,-2,-2,0,-1,-1,0,0
49.513133,1,-4,-6,-7,-4,-1,0,5,0
49.536024,-6,4,4,1,-1,-2,-2,5,0
49.536033,2,-3,-1,-1,-1,1,0,1,0
49.536038,-12,-4,-3,-5,-1,-1,1,9,0
49.536042,-4,3,1,-2,1,-1,-3,-3,0
49.556787,3,4,8,13,8,1,-2,-7,0
49.556808,0,-5,-2,-6,-3,-2,0,0,0
49.559075,-8,2,0,8,1,-1,-1,5,0
49.559080,3,-6,-9,-12,-7,-1,1,0,0
49.571902,2,-2,-7,-8,-4,-1,-2,6,0
49.571924,0,-4,5,13,1,-2,-3,1,0
49.573199,-1,-1,0,-2,0,-4,-2,-3,0
49.573207,5,1,-2,-1,-2,-1,-1,-2,0
49.594825,-36,-3,-4,-6,-2,-1,-1,-1,0
49.594854,5,-2,-2,-2,-1,-1,-1,4,0
49.596814,4,0,-1,1,1,1,-1,-9,0
49.596829,-6,-1,0,-1,-2,-2,-1,1,0
49.616626,0,-3,-2,-3,-1,-1,-1,7,0
49.616633,-2,-1,-1,-3,-3,-1,-1,-3,0
49.618139,6,1,2,3,1,-2,0,-2,0
49.618238,-3,-2,-1,-1,-1,-2,-2,2,0
49.631618,4,-2,-3,-3,-2,-2,-1,-3,0
49.631632,-7,1,-1,-3,-2,0,1,3,0
49.633439,10,-5,-1,0,0,1,-2,2,0
49.633509,-13,-8,-3,1,-3,-2,0,-4,0
49.654699,9,-6,-14,-22,-12,-5,-1,13,0
49.654729,-9,8,17,21,15,3,-1,-20,0
49.656870,-7,0,7,5,0,0,0,0,0
49.656878,7,2,-3,-2,-1,0,-1,-1,0
49.677548,-2,-1,-4,-2,-4,0,-2,-3,0
49.677554,4,-9,-11,-14,-8,-3,-1,8,0
49.678316,0,1,-2,-3,0,-2,-2,-1,0
49.678328,-1,-2,0,1,0,-1,-1,-7,0
49.692940,2,1,-1,4,0,-2,0,4,0
49.692950,1,-4,-5,-4,-3,-3,-3,4,0
49.698194,0,10,2,2,2,1,1,-8,0
49.698223,-22,-6,-3,-3,0,0,-1,1,0
49.714563,5,2,4,5,2,-1,-2,-3,0
49.714591,4,-3,-3,-1,-2,-1,1,-2,0
49.716540,-5,-4,-3,-4,-4,-1,0,-3,0
49.716544,-3,6,-1,-2,-1,-1,-1,4,0
49.736491,-10,-1,2,3,1,0,-1,-6,0
49.736519,4,1,0,1,0,0,0,-4,0
49.745893,-4,-3,-2,-5,-2,-2,-1,5,0
49.745902,6,1,1,-3,-2,-1,-2,-3,0
49.751390,-1,-1,-1,3,-1,1,0,-9,0
49.751410,-3,-3,-2,-6,-3,-2,-1,7,0
49.758122,-2,-1,-2,-1,1,0,-1,0,0
49.758144,3,-3,-2,1,-1,-1,0,-7,0
49.774296,1,-4,-12,-18,-9,-2,-1,12,0
49.774318,-4,12,17,19,10,2,-3,-2,0
49.775853,4,2,6,6,1,0,0,-6,0
49.775873,5,-3,-2,-1,-1,1,-2,-6,0
49.796655,1,-5,-2,-2,-3,0,-2,2,0
49.796670,1,-7,-13,-14,-8,-1,0,1,0
49.798836,-7,-2,1,-2,2,-2,-1,-7,0
49.798842,-2,1,0,3,0,-1,0,1,0
49.810323,9,-3,1,1,2,0,-1,-1,0
49.810346,-2,-2,-4,-5,-2,0,0,-4,0
49.820673,-1,-2,-2,0,0,0,0,0,0
49.820688,-4,-4,-1,-3,-1,-1,-1,3,0
49.835709,5,3,3,6,2,-1,-1,-5,0
49.835716,1,-4,-3,-1,-2,-1,0,-2,0
49.835718,-5,-2,-2,-2,-3,-2,-1,2,0
49.835720,4,1,-2,-4,-2,1,0,-5,0
49.856735,-10,1,3,2,0,-1,0,-7,0
49.856757,21,-2,0,1,1,-2,-1,-3,0
49.858240,-4,-2,-3,-3,-2,1,-1,-7,0
49.858306,4,-5,-5,-3,-3,-3,-1,-4,0
49.870968,0,-3,-11,-18,-9,-2,-1,5,0
49.871013,-9,9,19,20,17,1,-3,-13,0
49.880846,4,-2,4,-1,-2,-2,-1,1,0
49.880851,6,-2,3,7,1,1,0,-1,0
49.894872,-6,-5,-6,-3,-3,0,-1,-3,0
49.894900,-5,-6,-15,-13,-11,-5,-1,10,0
49.897089,0,-1,-2,-3,0,0,-1,-3,0
49.897093,-7,0,0,-2,0,0,0,2,0
49.917648,-1,1,3,3,0,-1,0,7,0
49.917666,0,-1,-5,-8,-6,0,-1,-5,0
49.919227,0,-1,-1,2,0,0,-3,0,0
49.919231,-8,-3,-2,-4,-4,-4,-2,7,0
49.930935,3,4,5,8,4,-1,-1,-5,0
49.930954,-1,-3,-2,-3,-4,1,0,-12,0
49.947106,-5,-1,-6,-10,-3,-3,-2,13,0
49.947134,-1,-3,-6,-11,-1,-4,-3,7,0
49.954562,-2,5,13,18,6,2,-1,-8,0
49.954592,-4,-3,1,-8,-3,1,-1,19,0
49.956761,2,-2,-1,6,-3,-1,0,-2,0
49.956769,-1,0,-2,-3,1,1,0,-9,0
49.976794,6,-3,-5,-6,-2,-3,-2,5,0
49.976809,-26,-8,-10,-7,-6,-3,-1,0,0
49.978275,-5,2,1,-1,-6,0,-2,-6,0
49.978291,10,-1,-5,-4,5,-2,-1,0,0
49.990372,4,5,13,19,7,0,-2,-6,0
49.990388,3,7,0,-1,-1,-1,-1,3,0
50.000972,-2,-1,0,1,-2,-3,0,2,0
50.000977,-9,0,-1,3,-2,1,0,4,0
50.013292,-1,-4,-7,-12,-5,-1,-1,4,0
50.013312,7,-4,-5,-4,0,-2,0,2,0
50.022383,-1,-2,-3,0,-1,0,0,-1,0
50.022390,1,-1,-5,-11,-6,-3,-1,6,0
50.037729,-4,-1,4,6,2,-1,-1,-7,0
50.037758,5,1,5,9,1,1,0,-2,0
50.039037,-5,0,-2,-1,1,-3,0,-3,0
50.039052,-1,-1,3,-1,-2,-2,-1,-20,0
50.051786,0,-4,-5,-1,-3,0,1,-1,0
50.051798,-6,-7,-10,-11,-9,-4,-1,16,0
50.060384,-4,-7,-8,-19,3,-3,-3,29,0
50.060388,7,12,24,21,10,4,1,-11,0
50.074152,-7,0,-3,-7,3,-4,-2,7,0
50.074171,3,3,7,10,-1,8,9,2,0
50.075778,21,-6,-9,-10,-2,2,-8,-12,0
50.075787,-17,-9,-15,-9,-8,-3,-1,2,0
50.097521,-6,-1,11,-8,-3,-1,-3,-5,0
50.097530,-2,1,-8,5,-1,-4,2,-9,0
50.098112,5,5,7,9,1,0,2,-8,0
50.098124,2,2,6,7,-1,0,0,2,0
52.121977,-19,40,-4,0,1,-5,-18,-6,2
52.122261,11,2,4,0,6,14,5,14,2
52.124060,6,-19,-4,2,2,-5,-9,5,2
52.124159,33,71,14,-1,-5,-30,13,7,2
52.135332,-1,-66,-28,-4,-17,-18,-16,-34,2
52.135351,-31,6,5,-9,6,10,26,0,2
52.144528,-1,-12,-6,10,3,-6,-55,10,2
52.144549,-2,15,0,15,0,5,0,-33,2
52.159199,1,-2,9,-9,-10,3,14,14,2
52.159219,19,21,-1,-5,7,-19,1,-5,2
52.160910,-6,-41,1,9,-2,6,21,10,2
52.160935,-9,-26,3,-1,13,51,-17,-4,2
52.182229,-25,19,-1,-10,-9,-46,10,-2,2
52.182257,1,-58,-3,-1,-3,-3,6,7,2
52.184674,-37,13,1,11,0,-27,-6,-10,2
52.184678,-15,7,-3,-9,-6,20,4,10,2
52.195619,-24,-38,-7,10,12,6,-1,-3,2
52.195641,51,22,18,1,0,-19,1,-23,2
52.205315,16,-19,-11,-19,-2,-16,3,38,2
52.205323,-14,-17,-7,13,-15,1,-8,-11,2
52.221040,14,45,-2,-5,3,22,-6,-7,2
52.221050,29,5,4,-6,-2,-26,-8,-6,2
52.221052,51,-7,2,-12,-5,16,5,7,2
52.221055,15,-13,-2,-3,5,-6,3,2,2
52.242311,11,51,3,-4,0,6,-11,3,2
52.242332,-57,12,-4,0,-2,7,5,3,2
52.244636,20,-54,-4,-1,-4,-11,12,0,2
52.244641,-9,21,-5,-10,1,27,-12,-13,2
52.255568,-35,-13,8,2,2,-6,6,17,2
52.255597,-38,-17,-8,12,-4,27,-3,-34,2
52.266578,0,35,3,5,2,24,17,-13,2
52.266583,-2,14,0,3,-3,-52,-11,0,2
52.279568,15,-36,-1,-13,0,13,-4,21,2
52.279590,-30,-47,-1,13,14,37,-22,-3,2
52.282250,17,28,4,-10,-5,-13,10,7,2
52.282256,16,5,-9,9,5,-9,15,0,2
52.301893,-73,6,-4,13,5,0,-35,-22,2
52.301907,31,11,-4,-7,-3,3,7,21,2
52.303431,13,-5,2,-4,-3,-32,-16,-10,2
52.303454,2,-31,-8,-13,-6,1,7,13,2
52.315566,30,-35,0,4,4,9,9,-16,2
52.315579,-9,-20,-4,2,-4,-32,-6,12,2
52.324934,-31,16,-1,-6,7,12,4,-2,2
52.324941,30,-17,9,15,1,4,8,8,2
52.339317,24,65,-4,-8,-4,-7,14,1,2
52.339337,-14,-20,-10,1,-4,-10,-25,-37,2
52.340905,7,24,-1,-2,9,9,1,23,2
52.340911,-24,-2,-5,6,-17,-17,10,-9,2
52.361761,16,-8,5,-4,2,7,-3,2,2
52.361801,39,2,12,-6,-1,-15,13,7,2
52.363140,39,27,-14,1,-13,7,-26,-2,2
52.363156,-90,15,-3,4,0,43,1,-9,2
52.384744,-28,13,0,2,5,-12,-5,0,2
52.384784,34,26,0,-2,-5,-12,-1,7,2
52.386773,-21,-39,-1,-6,3,-3,26,-5,2
52.386779,50,-13,4,-15,0,6,-11,-1,2
52.399374,42,36,5,5,-3,20,-5,-2,2
52.399395,2,33,-5,-11,2,-33,-2,15,2
52.401012,2,-15,3,-2,-4,11,4,11,2
52.401159,28,-4,0,-2,-2,-22,-14,10,2
52.423080,-54,-46,-4,16,3,13,2,-21,2
52.423094,-12,15,4,-9,1,-28,-5,7,2
52.423417,-22,1,0,11,-3,40,-8,-10,2
52.423423,15,8,1,-10,0,-25,1,7,2
52.444909,16,-5,0,-1,-19,-24,11,-11,2
52.444938,-12,-27,1,-6,7,27,-12,17,2
52.447785,-41,17,2,6,8,26,19,-30,2
52.447793,-42,40,0,11,3,-16,-25,9,2
52.459311,11,-43,-4,-26,-8,-11,22,17,2
52.459353,31,-7,-6,12,4,0,1,-10,2
52.465770,-5,-16,6,-4,-2,-15,4,4,2
52.465789,22,14,8,-14,-2,11,9,-3,2
52.482232,-4,9,1,8,-2,-2,-12,3,2
52.482260,5,-87,-2,-5,-3,-6,6,-5,2
52.484696,-63,10,-25,2,5,-9,-13,22,2
52.484702,-36,-5,-7,2,-6,4,11,-32,2
52.504328,2,-5,1,8,-1,-23,-2,9,2
52.504354,0,-2,-2,3,14,21,-9,-13,2
52.505931,55,-43,5,-9,-21,-4,-2,-2,2
52.505951,-5,-25,-10,-1,-5,-9,-2,0,2
52.519217,-10,-13,2,10,-1,24,-1,-4,2
52.519230,35,29,3,-8,6,0,15,14,2
52.520952,-9,3,1,1,8,-20,-24,-28,2
52.520971,-57,18,0,-2,-3,4,13,0,2
52.541961,16,-23,-1,1,-1,-21,-24,7,2
52.541984,11,-16,-1,-10,-9,-4,5,6,2
52.544268,-12,31,5,7,2,0,2,14,2
52.544274,68,-25,5,-13,-6,-2,1,6,2
52.564131,-20,77,-29,1,9,2,-9,-11,2
52.564145,-13,15,5,-3,-6,-3,1,2,2
52.565588,-24,3,2,3,-1,-7,-4,0,2
52.565618,34,-21,4,-16,1,-18,14,16,2
52.580049,-14,-8,7,0,4,-2,-3,-21,2
52.580056,-11,20,-9,1,-8,11,6,15,2
52.585493,37,-20,8,-19,10,-8,-5,0,2
52.587415,21,63,-13,8,-15,-1,-10,-6,2
52.601831,-8,14,5,3,8,-5,1,-12,2
52.601864,-2,-16,-2,7,-13,17,22,-14,2
52.604320,-36,17,1,-4,4,-15,-26,0,2
52.604328,-20,-18,3,-3,8,-1,3,-14,2
52.624602,-13,-1,-8,2,-3,15,-3,-1,2
52.624608,-27,-21,3,2,-5,-14,-11,-24,2
52.625664,22,39,-7,-5,-2,35,9,8,2
52.625725,-12,-29,0,19,3,-64,-15,-10,2
52.640860,25,-4,4,-19,-3,-8,0,6,2
52.640866,-28,-5,-6,-5,8,58,10,8,2
52.646019,22,1,-10,22,-2,-40,-9,-2,2
52.646049,-36,-16,0,-5,1,9,3,-31,2
52.661729,-1,-20,9,-10,2,2,13,18,2
52.661753,-14,10,0,-2,0,-12,-7,13,2
52.663149,2,-5,-1,-1,-1,0,-6,-48,2
52.663155,-55,1,18,-6,2,23,8,20,2
52.685815,45,47,-12,3,-15,-29,6,4,2
52.685821,-15,24,-2,9,7,27,-11,-3,2
52.685823,36,8,6,-7,2,-1,24,11,2
52.685867,-36,-23,0,11,6,-4,-15,-6,2
52.701707,-5,-21,3,-18,-17,27,0,-2,2
52.701713,9,7,-7,2,4,-11,-2,5,2
52.705435,11,-4,6,-15,-6,-7,-6,4,2
52.705460,26,-8,-1,27,8,7,5,2,2
52.721760,-3,23,-2,2,3,18,-7,0,2
52.721818,21,-1,3,-4,-9,-40,0,5,2
52.723590,-50,-38,-8,6,4,17,-6,-2,2
52.723596,95,27,-3,-6,2,-1,-1,18,2
52.744884,-20,-33,2,0,-7,-8,13,0,2
52.744913,-51,-6,-2,10,-4,-17,-11,-7,2
52.747396,14,-6,2,4,-2,-6,8,6,2
52.747403,69,-31,0,-10,0,8,-5,16,2
52.758280,-80,11,-1,10,10,-13,1,-24,2
52.758302,47,-12,2,-5,-6,-10,-29,8,2
52.768048,59,20,-7,4,-2,-1,-3,-14,2
52.768053,-61,18,-14,-15,-4,8,10,0,2
52.781575,-25,-32,3,0,-5,0,-8,7,2
52.781590,10,5,0,0,-2,20,5,-30,2
52.783027,-27,-8,-1,7,-13,-57,-7,16,2
52.783049,34,19,6,-9,-5,-11,-3,-10,2
52.804521,-2,-31,-11,8,11,71,-20,-10,2
52.804552,-46,8,3,7,4,-34,4,-5,2
52.806396,-17,-3,-20,-23,-20,33,11,15,2
52.806402,-12,-3,-9,5,2,0,-4,-35,2
52.819113,20,-10,5,2,3,-8,-2,8,2
52.821386,-4,-15,-3,-7,-6,2,-4,-3,2
52.825913,-15,8,11,4,0,-11,-2,3,2
52.825933,-32,1,7,7,0,20,0,-1,2
52.841869,40,-6,-16,-11,-3,-29,6,-9,2
52.841875,-49,3,3,-4,0,2,-12,3,2
52.843164,53,29,-1,5,3,11,8,-12,2
52.843177,-14,5,-6,-5,1,3,-2,14,2
52.864286,54,-16,11,-10,2,-12,-1,14,2
52.864308,61,55,0,-4,-9,-1,15,-9,2
52.866279,-33,-49,-5,8,-3,-4,-2,-5,2
52.866282,-55,-40,-1,3,5,14,-17,11,2
52.879541,20,6,0,-8,3,1,14,1,2
52.879570,28,1,0,3,-8,-2,-4,8,2
52.885653,-52,-14,3,-1,21,30,-11,-25,2
52.885671,13,27,-3,-11,-15,-34,2,10,2
52.901649,-24,-3,0,8,3,-4,3,6,2
52.901671,10,-3,-8,-9,1,-10,-2,-5,2
52.904296,23,2,6,-14,2,9,-6,8,2
52.904315,-6,56,2,-4,-9,2,11,6,2
52.924178,-12,-26,2,8,-1,-19,-23,-3,2
52.924194,-8,11,-14,-2,-1,14,14,-9,2
52.925804,-35,6,1,2,-3,18,2,-7,2
52.925818,21,13,4,3,4,-3,-9,-10,2
52.937841,33,-8,1,-6,-3,9,5,4,2
52.937860,57,-8,5,0,5,-14,-1,17,2
52.948715,-45,-8,-2,4,7,-25,-5,-25,2
52.948720,-38,-11,-9,2,-22,29,6,13,2
52.961804,-40,-18,6,2,-4,-22,-2,-29,2
52.961826,-32,21,-13,0,6,-23,-1,1,2
52.963332,34,-6,7,-4,8,-5,9,18,2
52.963336,24,-11,3,-11,5,13,-9,17,2
52.984099,-15,30,8,-1,-2,32,4,2,2
52.984121,-25,17,-1,14,-6,-13,13,0,2
52.985596,12,20,-6,4,-9,-29,-28,8,2
52.985610,-1,0,-3,8,4,-10,2,-10,2
52.999064,15,7,-6,3,-1,18,-3,9,2
52.999070,12,-31,9,-15,5,8,4,-8,2
53.007884,-23,-8,-5,-3,-1,1,-5,5,2
53.007889,89,16,-6,3,1,10,5,2,2
53.021904,-45,-15,-4,2,3,-14,11,-9,2
53.021928,-21,-32,-4,-8,-5,18,-9,3,2
53.023334,8,-16,2,-3,-1,-4,5,-1,2
53.023344,33,-4,-2,-5,10,-12,0,-2,2
53.046021,30,-2,-2,-10,-16,-18,-4,-1,2
53.046026,21,-18,4,3,5,1,7,18,2
53.046029,16,-25,-7,-4,-1,23,5,-36,2
53.046030,-50,2,-9,3,11,16,-33,-15,2
53.057971,20,9,0,-4,3,-17,-4,6,2
53.058001,11,-7,5,0,-5,6,-3,22,2
53.068707,-32,-13,2,-2,-5,-1,10,-11,2
53.068711,28,7,12,-1,-2,-7,2,0,2
53.082180,-17,16,-14,1,-2,5,-8,1,2
53.082200,7,22,2,2,-1,5,-8,-7,2
53.083934,18,-11,-2,-5,3,37,1,7,2
53.083938,-48,23,2,-2,-7,-24,4,-9,2
53.104706,25,13,-1,11,0,-4,-6,5,2
53.104737,56,-1,-1,-13,-16,-14,11,25,2
53.106758,-12,20,3,7,-1,-10,0,-41,2
53.106768,-8,-33,-6,9,-4,-5,0,14,2
53.118207,-21,-19,-4,-5,5,12,-10,-9,2
53.120571,-34,-1,-1,-3,5,7,-3,-2,2
53.128565,21,17,6,-2,-1,-22,-1,14,2
53.128609,29,25,7,-4,-4,27,2,-10,2
53.141847,-22,0,-12,2,6,-5,0,-5,2
53.141906,0,-25,6,-6,-7,-20,5,-13,2
53.143281,-65,4,-8,19,1,-31,-28,4,2
53.143298,46,4,-2,-13,0,27,-3,8,2
53.165088,-38,9,3,5,-2,-8,-5,-24,2
53.165117,41,6,0,4,1,-2,-9,-12,2
53.166637,-34,11,2,-2,-1,1,19,25,2
53.166641,-10,-44,6,-12,3,-11,-1,1,2
53.178394,-2,56,-23,17,-13,-26,-21,-40,2
53.178422,-33,-42,-8,-2,4,30,12,-11,2
53.188370,23,5,0,-9,-5,-10,-3,9,2
53.188379,-13,-6,-3,4,2,2,4,-3,2
53.202477,37,-25,15,-15,0,-17,-5,0,2
53.202483,-23,18,-1,-11,7,-8,-7,-15,2
53.203333,29,-11,7,-12,-9,-11,4,7,2
53.203351,10,76,-18,8,5,58,12,0,2
53.224153,41,11,1,1,8,10,-11,19,2
53.224175,-114,-15,-8,13,-7,-3,-6,-45,2
53.225866,45,-12,-2,-5,2,-5,8,12,2
53.225903,-8,-19,8,4,-4,-4,-18,-17,2
53.238087,-5,-7,2,-4,-1,14,17,27,2
53.238104,22,20,-1,0,10,-3,-8,7,2
53.248873,29,-12,0,-10,-2,18,3,18,2
53.248878,-65,-19,13,-15,5,-33,-8,-17,2
53.262208,34,2,-20,-3,-5,34,8,20,2
53.262229,-52,2,0,8,0,-3,-4,-9,2
53.264492,3,-7,-6,5,-1,-28,2,4,2
53.264498,23,-7,3,-5,-7,20,3,5,2
53.284512,-6,-21,7,6,3,-8,8,5,2
53.284531,34,7,5,2,-4,0,-5,-13,2
53.285632,56,21,-3,-15,-3,10,2,5,2
53.285669,-22,-22,-9,18,-2,-14,4,5,2
53.298402,-2,-12,8,-20,-3,-25,-1,-2,2
53.298416,-1,-8,-6,-2,1,5,-1,-8,2
53.307868,-64,-9,2,2,-7,-6,6,6,2
53.307875,71,33,-16,-9,14,-24,-12,-3,2
53.321870,-32,-30,6,8,-12,13,-10,-6,2
53.321890,74,-3,-3,-7,2,-7,2,-23,2
53.323231,-40,-33,-12,7,-2,-31,-10,-8,2
53.323300,30,40,25,3,7,23,8,-4,2
53.345614,34,11,-10,-14,-9,-47,25,30,2
53.345626,-50,7,-3,11,1,-7,-14,-2,2
53.345782,28,-18,6,3,-7,16,-4,-9,2
53.345812,-11,16,-4,4,-1,-11,5,-4,2
53.366870,12,17,7,1,6,9,-8,-16,2
53.366979,37,-2,1,-9,-4,6,0,24,2
53.368449,-27,5,-6,-14,1,7,2,-6,2
53.368453,-33,-43,-4,-3,-4,-23,1,4,2
53.381664,-8,-29,1,5,-1,0,-18,-2,2
53.383215,31,23,0,-3,3,-4,3,7,2
53.383221,-21,-8,2,1,3,13,-5,3,2
53.383223,2,-19,-8,10,-8,-16,-1,-7,2
53.404521,-13,21,5,-1,1,7,3,-2,2
53.404546,22,-15,7,5,-2,0,1,2,2
53.406424,-44,8,-1,0,1,2,-7,-9,2
53.406430,10,1,-2,7,-4,-8,1,5,2
53.427121,27,7,-3,-7,1,12,4,2,2
53.427142,-2,-51,2,13,-6,-26,3,9,2
53.429784,-43,61,-5,3,-6,39,-40,-34,2
53.429790,-73,-39,-17,-4,-8,-13,4,-18,2
53.441765,-2,-25,11,1,3,11,-6,-9,2
53.441783,-16,22,-9,-11,-6,-4,5,16,2
53.443187,61,10,7,1,3,-5,14,7,2
53.443203,71,-9,7,-16,-1,-5,1,21,2
53.464689,-90,9,-13,16,-1,12,-27,-51,2
53.464718,7,21,2,1,-3,-10,22,7,2
53.466904,36,1,-4,0,4,-21,13,4,2
53.466908,18,-9,-2,-2,-5,4,8,11,2
53.486621,-37,-15,7,8,0,-39,-6,4,2
53.486640,-10,9,-7,-7,10,7,-9,1,2
53.488205,25,-65,-2,-2,-10,22,20,28,2
53.488222,1,-6,-4,-14,-2,-19,-26,-57,2
53.501899,7,0,-6,11,1,-9,9,10,2
53.501904,2,11,0,-5,-2,8,-10,-11,2
53.507841,8,-6,2,2,5,-1,4,0,2
53.507863,-12,-20,6,-7,-3,-1,7,10,2
53.524288,56,45,14,-9,7,-5,-3,5,2
53.524307,-7,81,-13,-3,3,9,-2,14,2
53.525855,-31,-31,-11,-7,-12,-2,-1,-16,2
53.525898,-6,-16,1,5,7,5,2,9,2
53.546660,17,-8,-5,-8,-1,9,0,4,2
53.546666,-3,-12,10,9,1,1,-4,1,2
53.548110,30,14,2,6,3,-14,-4,-2,2
53.548128,-21,15,-9,-2,-8,-1,-5,-4,2
53.562230,-12,-10,1,-4,1,16,10,2,2
53.562235,61,10,21,-10,-2,-1,10,14,2
53.568192,-22,15,-34,-24,-21,-22,-47,-27,2
53.568298,7,-33,-5,-24,-4,-5,18,31,2
53.584271,15,0,2,1,6,8,8,-3,2
53.584293,-65,-9,-5,4,-8,0,4,-5,2
53.585696,34,9,13,12,15,10,6,13,2
53.585726,14,11,-10,22,-5,-10,-4,5,2
53.606800,-49,-21,6,8,-13,-6,3,-6,2
53.606828,39,-32,-5,-3,25,-1,-29,11,2
53.608262,22,-14,-18,6,-9,7,33,-14,2
53.608269,-11,-39,2,12,18,7,-57,-15,2
53.621651,-3,39,-9,-11,-16,8,20,11,2
53.621714,-18,-39,-2,-3,5,28,-7,-8,2
53.628565,24,20,9,0,-6,-51,2,13,2
53.628699,14,2,0,7,3,1,20,-7,2
53.644682,3,-59,-7,-2,4,-1,-16,15,2
53.644703,-9,-66,-2,0,-4,-4,-11,27,2
53.647008,35,33,0,-8,3,23,27,7,2
53.647014,-65,-18,-3,5,-11,-10,5,-41,2
53.666731,37,-19,1,-2,2,-3,-3,4,2
53.666753,13,-12,0,6,-9,-33,2,-9,2
53.668390,26,11,8,-4,10,33,-5,15,2
53.668716,10,-8,0,-8,-5,-6,-12,8,2
53.681937,-28,-31,-3,-2,7,-11,-2,-2,2
53.681967,55,118,9,2,-4,2,20,-7,2
53.687942,-116,-85,-12,-4,11,-28,-32,-39,2
53.687961,21,25,-2,3,-11,56,8,34,2
53.704250,18,13,-7,-1,2,12,6,-5,2
53.704276,-40,-40,-8,-2,-4,10,1,-28,2
53.705897,45,19,19,0,8,-15,19,17,2
53.705918,5,4,-3,-3,-6,1,0,-1,2
53.727739,-7,6,3,-8,6,13,-4,-15,2
53.727778,-14,-17,16,2,4,-8,5,9,2
53.729933,-5,-4,-2,0,-1,-14,-23,-12,2
53.729937,1,-41,-23,-12,-5,-2,7,-1,2
53.741100,21,-8,0,-5,-5,18,22,21,2
53.741122,3,22,-5,3,-5,-14,-38,-44,2
53.748168,29,-9,11,6,-6,0,7,10,2
53.748198,4,54,7,-5,5,-22,-24,5,2
53.764889,-62,32,0,1,2,14,-1,-15,2
53.764895,51,-18,-10,-3,-3,-20,-1,5,2
53.765794,-24,17,1,2,-15,11,0,25,2
53.765807,-69,0,1,-10,0,5,1,-17,2
53.786990,51,15,5,8,0,-5,-12,4,2
53.787010,44,30,-2,-3,-8,9,-3,5,2
53.789331,-11,18,2,-1,7,-20,2,-8,2
53.789339,-30,-52,-5,2,0,-8,-2,-31,2
53.801275,-76,6,-17,9,-9,-11,-7,-20,2
53.802603,7,-19,-9,-12,-10,14,5,6,2
53.808015,-51,-18,2,4,11,36,6,-14,2
53.808038,78,45,14,3,-3,-39,-8,17,2
53.824343,31,-33,-2,-10,13,0,11,3,2
53.824367,-39,-14,-5,2,-15,20,-9,-4,2
53.827119,36,18,-1,-2,-11,17,-16,-8,2
53.827126,-21,7,8,16,10,0,-2,1,2
53.847203,64,-13,1,-1,2,1,16,4,2
53.847229,-91,34,-14,-12,-3,-18,19,12,2
53.849523,20,-24,-6,5,0,-24,-11,-16,2
53.849529,-7,-5,0,-1,-3,-2,5,-16,2
53.860317,6,-34,-3,-8,-6,-17,-14,7,2
53.860334,-42,-10,5,6,13,33,7,8,2
53.872262,35,26,-2,-3,-3,-22,6,5,2
53.872270,-36,25,9,-2,17,-1,7,6,2
53.884624,14,19,-2,-4,-28,23,-22,-27,2
53.886597,-23,-47,1,4,7,13,8,-14,2
53.886607,35,19,-6,-8,2,13,-37,5,2
53.886611,25,4,1,-7,-5,-5,7,12,2
53.906819,-12,19,9,6,3,8,4,15,2
53.906844,50,14,2,-8,-7,2,4,-1,2
53.908182,-37,-47,-5,-8,-8,16,-1,-33,2
53.908197,33,-49,-7,-4,-4,18,15,32,2
53.921784,-20,18,3,6,8,-50,-25,10,2
53.921792,-42,-68,-10,5,-7,6,-11,-8,2
53.929447,36,17,10,2,18,5,9,16,2
53.929452,3,-12,-3,0,-14,-4,-2,-15,2
53.944108,16,27,0,-10,0,4,0,6,2
53.944124,-12,-28,8,5,10,-21,-9,-2,2
53.945554,-66,17,-3,0,-1,12,22,5,2
53.945567,-41,45,-14,-1,-13,-41,-28,-18,2
53.968122,4,4,0,2,0,-4,0,7,2
53.968130,1,3,-4,7,-5,-12,1,-6,2
53.968135,-19,22,2,1,3,11,2,7,2
53.968139,26,25,2,-9,6,47,15,10,2
53.981083,-14,3,-2,2,-11,-41,7,-7,2
53.981200,32,23,0,-8,0,-17,-3,4,2
53.990480,-9,-39,-8,-3,-2,19,7,15,2
53.990485,32,0,8,6,17,-17,-4,-9,2
54.004505,7,26,3,-3,-25,26,-12,3,2
54.004531,-4,-77,-24,-7,9,-9,33,12,2
54.006845,-37,-31,-4,2,-8,-27,-13,-23,2
54.006850,51,17,-3,6,-1,-7,14,-14,2
54.026628,32,-44,-1,-2,11,0,0,7,2
54.026649,5,46,6,-2,-5,2,-2,-6,2
54.028130,38,8,2,2,-3,-1,2,12,2
54.028143,-18,-23,-1,-1,-4,9,-3,4,2
54.048866,-29,1,-1,-4,4,-3,0,-5,2
54.048890,27,20,1,-2,-2,3,-9,4,2
54.049514,12,4,6,6,4,-4,-8,-11,2
54.049533,-20,13,2,-5,0,13,-4,0,2
54.063386,7,15,-5,-6,3,-16,10,-2,2
54.063400,18,9,-8,-5,-3,-21,-25,2,2
54.064064,-33,-2,-1,0,-9,33,12,19,2
54.064077,-31,-40,-4,-7,-1,-31,-10,-15,2
54.086641,62,23,-3,1,3,-5,1,2,2
54.086669,34,-8,2,-3,-4,13,14,2,2
54.088647,7,-16,0,-2,-1,-9,-8,-9,2
54.088656,15,-18,0,-1,0,13,-1,9,2
54.108436,10,15,-2,-14,3,11,5,2,2
54.108443,-28,-43,9,-5,4,-16,-13,-49,2
54.109187,-24,29,-16,-1,3,22,-10,20,2
54.109200,79,-6,4,-12,-8,-22,8,-1,2
54.123441,23,-52,-4,1,-2,22,12,-8,2
54.123465,-44,23,3,4,-1,16,-36,-1,2
54.124428,-37,12,-2,-2,-1,-24,2,7,2
54.124494,-11,38,1,-1,-11,21,8,-7,2
54.146730,-19,-27,-1,4,-10,-9,-5,10,2
54.146752,49,27,2,3,1,-9,8,9,2
54.148133,45,4,0,5,-3,3,7,0,2
54.148137,-18,-14,-6,1,7,16,-12,18,2
54.169829,-23,35,5,13,6,2,3,-16,2
54.169836,18,-22,-13,6,-8,-1,1,-10,2
54.169838,-25,-9,1,6,5,8,-11,-9,2
54.169840,-42,0,0,11,-9,-64,22,-14,2
54.184759,19,-3,3,10,3,40,-7,-4,2
54.184764,-23,25,-2,2,0,2,-7,5,2
54.184766,-35,-51,6,5,-3,-12,1,-1,2
54.184768,48,24,-1,-6,1,2,-6,20,2
54.206456,-41,-29,-4,1,4,-7,-6,-31,2
54.206483,-2,-8,-1,-12,-3,-3,21,20,2
54.208107,42,7,1,4,-5,-8,-35,-8,2
54.208113,31,19,4,1,3,17,8,-27,2
54.229309,11,18,0,-7,0,-13,0,23,2
54.229331,-17,-17,2,9,-1,8,-7,2,2
54.231546,36,19,-2,1,13,14,12,-4,2
54.231551,-15,-76,-1,-3,2,15,-16,-1,2
54.244223,15,4,6,-10,-2,-21,-2,14,2
54.244244,-4,6,-7,10,3,4,-6,-24,2
54.245927,31,5,-7,-7,-1,-22,1,-8,2
54.245941,17,-12,0,0,6,22,-5,15,2
54.266437,-70,4,-9,4,-13,-1,7,-5,2
54.268498,37,31,7,-7,0,-6,-10,11,2
54.268507,-8,-20,2,-5,0,1,5,-12,2
54.268511,15,14,-1,2,-4,-3,-5,8,2
54.288754,-9,5,-8,-6,2,36,3,-14,2
54.288780,-4,48,-1,-3,-7,-50,19,3,2
54.290293,28,-8,3,-2,5,17,-11,13,2
54.290299,-81,-26,-5,18,-2,-14,4,-20,2
54.303867,6,-2,0,-10,5,-6,1,12,2
54.303900,20,30,-6,0,0,16,2,7,2
54.306104,2,14,3,-5,-3,7,6,-4,2
54.306111,45,10,0,-3,-4,-23,-1,8,2
54.326010,-31,-45,-1,8,-10,1,-20,-8,2
54.326023,30,9,1,0,2,-10,7,-1,2
54.326605,-1,24,-11,-4,-3,-12,-1,2,2
54.326619,-10,5,-1,-6,7,55,2,-4,2
54.348925,44,14,1,-2,-6,-92,-4,-2,2
54.348968,-37,68,8,-3,-2,17,-10,-5,2
54.350380,46,-7,-2,3,7,0,2,12,2
54.350385,-7,-8,5,-4,-2,-10,20,0,2
54.363627,39,-5,-7,0,0,18,-32,-2,2
54.363650,5,-55,-4,0,-4,0,-4,-1,2
54.365586,-48,20,0,-4,-1,-22,-9,-21,2
54.365595,13,15,-1,-2,4,2,6,6,2
54.386728,7,2,0,-4,-2,1,9,1,2
54.386772,-21,-9,5,-3,-5,3,-1,-8,2
54.389404,-11,7,-11,-12,-5,8,-1,2,2
54.389415,-42,-5,2,-3,-6,-11,-12,-12,2
54.408504,28,54,-4,3,11,38,8,15,2
54.408524,-94,-67,-12,-3,-10,-5,-14,-52,2
54.409256,24,-14,4,0,-3,-4,14,11,2
54.409274,-25,23,-1,3,0,0,3,-3,2
54.423509,12,-22,-3,-14,12,0,-1,7,2
54.423531,5,72,18,-3,-19,-20,10,21,2
54.424731,43,-44,-17,0,6,62,9,7,2
54.424739,-64,6,-11,6,-8,-9,-27,-49,2
54.446610,-16,-9,2,-4,-4,14,10,-10,2
54.446631,24,-8,8,-9,11,-1,-5,16,2
54.448839,10,13,11,4,-9,-20,5,0,2
54.448847,44,20,-2,-8,-8,-21,-10,8,2
54.468379,-44,-41,-5,1,1,16,20,0,2
54.468393,-17,-10,-6,-8,4,-3,1,4,2
54.469065,6,-14,3,4,-6,-13,-9,0,2
54.469078,21,-25,-5,-6,9,1,-2,13,2
54.483457,-16,-20,3,4,-7,-26,-5,-31,2
54.483479,29,-33,-2,-2,4,13,4,13,2
54.485692,-32,-14,0,-6,-19,-16,-8,0,2
54.485700,-40,-22,5,8,-5,4,-3,-12,2
54.506120,29,36,-11,-9,-2,-2,23,14,2
54.506144,-43,-18,-3,11,9,12,-1,1,2
54.507968,-18,-18,1,-1,1,-12,-3,-12,2
54.507974,26,-29,-3,-1,-6,6,-2,8,2
54.530604,14,8,5,7,-6,1,-7,-2,2
54.530610,-4,-25,8,-1,5,-11,15,-10,2
54.530612,24,94,6,5,3,21,-23,-5,2
54.530614,17,35,-9,0,-3,-5,4,5,2
54.544131,-10,-33,-1,-2,4,0,-6,4,2
54.544172,-15,-18,-18,-9,-14,-9,-5,12,2
54.545928,14,-13,3,0,-1,9,-3,-41,2
54.545934,34,24,7,-3,4,-1,24,18,2
54.566734,10,1,3,-3,-7,-35,-10,-12,2
54.566758,14,-61,-12,7,-1,13,-1,11,2
54.566886,-81,-39,-11,3,0,-9,51,-13,2
54.568874,-16,50,-11,-1,1,9,-60,-3,2
54.588591,-7,-21,2,-6,-8,-11,56,-3,2
54.588616,48,23,11,-5,5,6,-18,-3,2
54.589974,-5,-3,0,-4,2,-12,0,-2,2
54.589983,-9,-46,0,3,0,-1,13,17,2
54.603833,-24,5,1,10,1,48,-21,-18,2
54.605933,-21,31,-10,-5,-1,-23,1,-15,2
54.605944,-13,-6,-3,1,-2,-11,-4,18,2
54.605946,-12,-11,4,-5,-1,-1,12,-12,2
54.625938,48,41,-3,-7,4,22,-28,1,2
54.625958,32,-43,-3,7,5,6,8,-23,2
54.626858,-33,-23,-8,-2,-21,-11,-7,10,2
54.626942,-9,-20,2,0,-3,2,1,-2,2
54.648758,-34,-9,-8,8,1,-13,-8,-3,2
54.648780,45,20,5,-2,1,3,-2,0,2
54.650684,-26,-13,10,9,11,-22,7,12,2
54.650688,-40,1,-13,-7,-6,41,-20,2,2
54.664027,-24,-11,1,-4,-9,-23,19,-7,2
54.664056,47,-11,-3,-1,-4,2,9,15,2
54.665970,22,-35,4,0,8,-2,-15,-20,2
54.665974,-9,73,-12,-5,-2,-26,6,-1,2
54.686922,-60,-36,-2,0,1,24,-21,-11,2
54.686930,-18,29,6,11,0,2,-37,4,2
54.686932,68,6,3,-22,-7,-11,30,21,2
54.686934,-1,-13,9,8,20,50,-11,-14,2
54.708532,-45,7,-10,5,-24,-24,4,22,2
54.708554,-9,15,-4,-12,-2,3,5,4,2
54.709926,24,14,-3,-8,-3,2,-3,0,2
54.709930,41,8,10,6,1,-2,0,2,2
54.723555,-1,0,2,-15,0,5,1,-2,2
54.725154,-19,-9,6,17,10,4,8,-5,2
54.725161,26,-16,12,4,-1,-12,-10,26,2
54.725163,-32,9,-15,-1,-8,-12,19,-5,2
54.747349,41,-32,-1,-11,-1,8,-3,1,2
54.747357,-50,4,-4,-1,0,-6,1,-2,2
54.747361,64,-4,2,-4,7,15,-13,-8,2
54.747365,-18,5,5,4,1,-40,3,1,2
54.768806,23,16,-3,-3,-11,-7,-8,2,2
54.771626,14,-8,-3,-1,-5,11,-6,-8,2
54.771633,-32,23,-1,-3,0,12,-2,3,2
54.771635,17,-29,-12,-12,-2,-3,9,28,2
54.784104,-51,-58,27,15,-2,-49,-32,-49,2
54.784133,-48,90,-26,-8,-5,83,19,-5,2
54.786150,-40,12,-8,0,-2,-75,-5,1,2
54.786157,25,-8,1,0,-3,-11,-2,1,2
54.806247,11,1,4,-6,6,-4,9,13,2
54.806273,13,-24,10,10,5,-9,2,2,2
54.808272,-21,1,-8,-7,-8,23,-14,-13,2
54.808279,11,-3,6,-2,0,5,6,-8,2
54.828626,-7,5,-5,-1,6,3,0,10,2
54.828654,-2,-10,7,-5,-10,-12,-10,-5,2
54.829340,-6,9,-5,5,14,-2,12,5,2
54.829359,34,-7,10,-4,-17,-52,2,12,2
54.843628,-16,-29,5,16,21,-3,11,1,2
54.843656,25,-25,-11,7,-4,-22,-11,4,2
54.845328,45,-1,-4,-5,-6,0,-2,-15,2
54.845340,9,-4,0,-10,-1,7,-5,-6,2
54.866109,31,27,-4,-4,-16,6,-2,3,2
54.866132,-5,0,6,-7,-2,-8,4,-4,2
54.867783,-17,-3,2,1,2,3,-6,2,2
54.867792,-2,-15,-2,0,-2,10,-1,0,2
54.888521,9,26,-7,0,2,10,-1,3,2
54.888538,3,-21,4,-5,3,-11,-5,3,2
54.889184,-5,17,-3,-5,-10,19,17,-10,2
54.889209,1,-11,3,11,13,-7,-41,-3,2
54.903080,13,61,-15,-9,-15,5,9,-8,2
54.903106,-6,-41,-9,-12,-2,-8,-20,-16,2
54.911146,-8,-8,-6,7,4,25,5,18,2
54.911168,5,-4,2,3,0,-20,14,-9,2
54.926288,-6,16,7,-1,8,-1,-4,7,2
54.926310,10,9,4,-3,-3,-8,3,12,2
54.928076,-4,11,1,-1,-4,2,-9,-5,2
54.928080,18,-33,-2,-2,0,9,4,12,2
54.949061,-28,15,7,-11,1,-10,3,2,2
54.949077,30,11,-10,5,5,56,-2,-17,2
54.951631,-66,7,-17,4,-13,-75,10,2,2
54.951635,-78,-58,-4,14,8,-2,5,-11,2
54.963025,-20,7,11,3,6,3,3,13,2
54.963047,31,21,8,-3,2,-6,7,8,2
54.971302,5,-3,6,2,-2,14,-1,-5,2
54.971322,4,-9,-3,-8,-2,16,-3,2,2
54.986616,23,-9,-10,0,-1,-9,4,10,2
54.986636,-19,-9,4,1,3,-10,-6,-23,2
54.987282,-28,-18,1,-4,-5,17,-35,6,2
54.987302,-5,40,-6,-6,-10,-7,18,-9,2
55.008505,38,-24,-2,8,14,11,-7,9,2
55.008523,-21,-5,-9,-18,-12,-2,1,9,2
55.009770,34,7,8,1,10,-1,0,-6,2
55.009775,2,-48,4,2,1,13,1,-6,2
55.023093,2,24,-5,-13,-3,-3,-11,-10,2
55.023111,-15,10,-3,0,-4,-2,16,22,2
55.030927,31,21,2,3,-1,-3,-28,2,2
55.030944,-108,-75,-10,-13,-2,12,3,-10,2
55.046652,42,4,3,6,2,11,0,-2,2
55.046658,3,4,-1,1,4,-37,0,37,2
55.046660,-23,-12,3,-3,4,95,15,-5,2
55.046662,29,11,2,-7,-4,-72,-22,-3,2
55.068632,-32,-5,-8,0,-1,1,1,-11,2
55.068654,-21,43,2,9,-1,-8,-5,18,2
55.071247,4,-12,-2,-3,-3,-1,3,-1,2
55.071260,13,32,3,3,2,25,2,-7,2
55.082951,3,-4,-1,-5,-3,-2,3,-2,2
55.082972,35,-17,2,0,-1,11,4,-6,2
55.092303,-36,9,1,-10,-3,-23,-6,-39,2
55.092308,73,21,2,-2,12,32,17,13,2
55.107538,11,-34,5,14,-3,-38,-36,15,2
55.107545,-71,-2,-3,-5,11,-19,-11,-50,2
55.107547,61,27,-4,-7,-10,5,2,10,2
55.107549,-37,3,-5,1,6,26,9,7,2
57.132687,2,-2,-5,-6,-3,-1,-1,-1,0
57.132838,2,-1,3,5,-1,0,-1,-1,0
57.133119,-1,2,5,-1,3,-1,1,-1,0
57.133168,0,0,-2,-3,-1,-1,-2,0,0
57.154346,-1,-1,-2,-3,0,-1,-2,-2,0
57.154381,-4,-1,-4,-1,-3,-2,-2,-1,0
57.155874,-3,-3,-2,0,-4,-1,0,-1,0
57.155880,4,-2,-1,0,2,0,-2,-4,0
57.176733,-1,1,1,3,-1,0,0,0,0
57.176749,-3,-2,-2,-3,0,1,0,-1,0
57.179050,1,-2,-2,-3,-1,-4,-3,0,0
57.179058,-1,0,-2,-3,-1,-1,-1,-1,0
57.191726,-3,-2,1,0,-1,-1,-2,-1,0
57.191749,2,-1,-2,-2,-1,0,1,-2,0
57.193253,-1,-2,0,1,-2,-2,-3,-3,0
57.193262,-3,-1,0,3,2,1,-1,-2,0
57.214135,0,-1,-1,-4,-1,-2,-1,0,0
57.214156,-1,-1,1,4,0,-2,-1,-1,0
57.215700,-4,-1,-2,-6,-3,0,-1,-2,0
57.215724,-4,-2,0,-3,-1,-2,-3,-1,0
57.236899,2,-1,2,4,-3,-2,-1,-2,0
57.236922,-1,-2,-2,-3,-2,-1,-1,-3,0
57.239063,-5,-3,-3,-1,1,-2,0,4,0
57.239070,1,-1,-1,-2,-2,0,1,-2,0
57.252051,-1,-2,-2,3,1,0,-1,-3,0
57.252162,-4,-2,-1,1,-2,-2,-2,0,0
57.254872,3,0,2,1,0,1,-2,-2,0
57.254879,-1,1,2,-2,-4,0,0,-1,0
57.274195,-3,-2,-2,-2,-3,-1,0,2,0
57.274202,-6,1,1,-3,0,-2,-1,-1,0
57.275634,2,-1,-1,-1,-2,2,1,-2,0
57.275648,1,-2,1,-2,-1,-1,0,-1,0
57.296818,-3,-3,-4,-4,-3,-1,-1,-1,0
57.296841,1,4,7,10,6,-3,-3,-1,0
57.299106,-1,-1,-1,-3,-2,0,0,-1,0
57.299111,-2,-2,-1,-1,1,0,1,-1,0
57.311068,0,-1,-4,-10,-5,0,1,0,0
57.311090,4,0,1,4,5,1,1,1,0
57.318062,-1,-1,-4,2,-2,-2,-1,0,0
57.318081,-1,-2,-1,2,-2,-1,-2,0,0
57.336262,-1,1,-2,-2,-1,-1,-2,-2,0
57.336267,-2,-2,-5,-5,-5,0,-1,-1,0
57.336269,-1,-1,-1,-1,-1,0,0,0,0
57.336271,-1,-2,-4,-2,-3,-1,-1,-2,0
57.356809,1,0,1,2,0,-1,0,-2,0
57.356864,-3,-1,-2,-5,-3,-1,-1,-1,0
57.358364,0,0,-1,0,1,0,-1,0,0
57.358382,1,-2,-1,-3,-4,1,-1,-1,0
57.371144,-4,-1,0,1,2,-2,-1,0,0
57.371163,-3,-2,-1,-2,-1,0,-1,-1,0
57.378144,3,-2,0,0,-1,0,0,-2,0
57.378166,-2,0,-1,-1,-1,0,0,0,0
57.394715,-4,-2,0,0,-1,0,0,-1,0
57.394743,2,-2,-2,-8,-5,-1,-1,-2,0
57.396993,1,0,0,4,-2,-2,-3,-2,0
57.396996,-3,-2,-2,2,0,-1,-2,0,0
57.416717,-2,0,0,1,1,1,0,-1,0
57.416730,1,2,-1,0,-1,-1,0,-2,0
57.418068,-5,-3,-4,-9,-4,-1,-1,-3,0
57.418080,1,2,4,6,6,-1,1,0,0
57.431026,3,-3,-4,-1,-1,-3,-2,-3,0
57.431037,-1,1,4,3,3,-2,-1,0,0
57.438087,-3,-1,-2,-3,-3,-3,0,2,0
57.438112,0,-1,-1,0,-2,-1,-1,0,0
57.454776,-2,-2,-1,-2,-2,0,-1,-1,0
57.454802,-3,-1,-1,-1,-2,-1,0,2,0
57.462189,2,-1,1,-2,0,0,1,-1,0
57.462193,-1,-1,0,-3,-4,0,-2,-3,0
57.478538,0,1,1,2,-1,-2,-2,-2,0
57.478542,-2,-3,-2,-2,-2,-1,-1,-1,0
57.478545,-2,2,0,0,-2,0,-1,-3,0
57.478547,-1,-1,-2,-3,-6,0,0,0,0
57.491077,-1,-1,1,1,5,-1,-3,-2,0
57.491098,0,-2,-3,-2,-5,-1,0,-1,0
57.498660,1,-2,0,-1,2,-3,-1,-3,0
57.498697,-6,0,-1,-2,-3,-2,-2,-1,0
57.514758,2,-1,-1,-2,-1,-2,-2,-1,0
57.514785,2,-2,-3,-3,2,2,-1,-3,0
57.516579,-2,1,1,0,-4,-3,-1,1,0
57.516583,-3,0,0,3,0,-1,-1,-1,0
57.537650,1,-1,-1,-3,-2,-1,1,-2,0
57.537690,0,-2,-3,-1,-2,-1,-2,-2,0
57.539900,-3,-1,0,-2,0,0,-3,0,0
57.539924,3,-1,-2,-6,-3,-2,0,-1,0
57.551168,0,-1,-1,5,0,-1,1,0,0
57.551189,-2,-2,0,-3,2,-1,-1,1,0
57.557774,0,-2,-2,-1,0,-1,-1,1,0
57.557796,1,-2,-2,1,4,-1,0,-1,0
57.574109,-4,0,-1,-1,-4,-1,-1,2,0
57.574119,-4,-1,0,-1,-2,-3,-1,-2,0
57.575566,0,-1,0,0,0,0,-1,-3,0
57.575579,-4,-2,-1,-2,1,-1,-2,-1,0
57.596628,-3,-1,-1,-5,-2,-1,0,0,0
57.598838,1,-2,-3,-2,-1,-1,-1,0,0
57.598845,1,1,-1,0,0,0,1,-2,0
57.598847,-1,-4,-3,-1,-2,0,1,1,0
57.610640,4,1,3,-2,0,-3,-1,-1,0
57.610669,-5,1,0,5,-4,-1,-1,1,0
57.620246,-4,-2,1,-3,0,-3,-2,-2,0
57.620260,-2,0,0,2,-2,-2,-2,-2,0
57.637040,0,0,0,1,1,-1,0,-1,0
57.637049,-3,-2,-2,-3,-1,-2,-3,-2,0
57.637052,-3,-3,-2,-7,-4,-1,0,-1,0
57.637113,2,1,2,6,1,-2,-1,1,0
57.656717,-2,-2,-3,-1,-1,0,1,-1,0
57.656739,-3,0,0,-4,0,-1,0,1,0
57.658146,0,-1,0,1,0,0,-1,-2,0
57.658159,5,1,1,-4,-2,-1,-1,-4,0
57.670314,-5,-1,-2,-2,-1,-1,0,0,0
57.670336,-1,0,-1,-1,-2,-2,0,-1,0
57.681363,1,-1,-4,-2,0,0,0,-3,0
57.681369,-4,-1,-1,-1,1,-1,-1,0,0
57.694603,-1,-2,-1,-2,-1,-2,-4,-1,0
57.694624,2,-3,-2,-1,0,-1,-1,-2,0
57.696744,-1,-1,1,-1,2,0,-1,0,0
57.696747,-5,-3,-4,-1,-2,-2,0,1,0
57.716543,-2,1,0,-4,-1,-1,-2,-3,0
57.716556,2,-1,-2,1,-1,-1,0,-2,0
57.718102,-4,0,1,0,0,1,1,3,0
57.718116,2,-1,-4,-8,-3,0,-2,-3,0
57.731852,4,-2,-3,5,0,1,0,-1,0
57.731856,-2,2,-1,0,1,-1,-1,-1,0
57.745428,-3,0,-1,2,0,-4,0,0,0
57.745446,0,-1,-2,-4,-2,1,0,-2,0
57.754408,-2,-2,-1,-4,-5,-2,-1,1,0
57.754433,-2,0,1,3,3,-2,-1,-1,0
57.756348,0,-1,-4,-2,-1,1,-1,0,0
57.756355,1,0,0,1,0,-1,-2,-3,0
57.778817,-7,-1,0,-5,-2,1,-2,-3,0
57.778821,3,-3,-2,-2,1,-1,-2,-1,0
57.778824,2,-1,0,0,-2,-1,-1,-2,0
57.778825,-3,-2,-4,-5,0,-2,-1,-1,0
57.790376,0,3,4,3,-2,-3,-1,2,0
57.790393,0,-1,0,-4,-4,0,0,0,0
57.802075,-3,-4,-4,2,-1,0,-1,-2,0
57.802081,-3,1,3,-2,0,1,-1,2,0
57.814049,-1,-3,-2,1,-2,-1,-1,-3,0
57.814070,-1,0,-1,-2,-2,-2,0,-1,0
57.816445,-3,-2,1,-1,-1,-1,-1,0,0
57.816453,-2,-4,-2,-2,0,-1,-1,1,0
57.837069,1,0,1,0,0,-2,-2,-2,0
57.837100,-1,0,0,0,-2,0,-2,0,0
57.839593,-1,-1,-1,1,-1,-3,-2,-1,0
57.839599,1,1,0,1,0,1,0,-2,0
57.850877,0,1,-2,-1,-1,1,-1,-1,0
57.850914,-4,-1,-2,-2,-2,0,-1,-2,0
57.860581,1,-1,-1,-2,-2,-2,0,-1,0
57.860586,2,0,0,1,0,-1,-1,-1,0
57.874327,-2,-2,-2,-2,1,0,1,0,0
57.874397,-4,-1,-1,-3,-2,0,-3,-1,0
57.875836,0,-1,-3,-3,-7,0,0,0,0
57.875853,-1,2,3,9,8,-2,-1,1,0
57.896644,2,-1,-1,0,2,-2,-2,-2,0
57.896666,3,0,-2,-3,-2,1,0,0,0
57.898193,1,2,2,5,-4,1,0,1,0
57.898212,-3,-2,-3,-6,1,0,-1,-1,0
57.910387,-3,-3,-3,-2,-2,-3,-1,-2,0
57.910410,1,2,3,1,1,-1,-1,0,0
57.919306,-1,-2,-1,-6,0,-3,-2,0,0
57.919331,-3,-1,-2,-1,-4,-3,-2,-2,0
57.936137,5,0,-2,0,0,1,-1,-1,0
57.936148,-5,-4,-1,1,-2,-2,0,-3,0
57.936152,-3,1,0,-2,-1,-3,-2,-1,0
57.936155,1,-1,-2,-2,-3,-1,-1,-2,0
57.956675,3,-1,-2,0,-1,0,-1,-1,0
57.957798,-4,-3,0,-4,-5,-2,0,-1,0
57.958327,2,0,1,1,1,-1,-1,-2,0
57.958405,0,1,0,0,-1,1,-2,1,0
57.970618,-6,-1,-1,-2,-2,-2,0,0,0
57.970656,0,-3,-3,0,0,-1,-1,1,0
57.981256,0,0,-1,-1,0,-1,-1,0,0
57.981260,-4,-2,-2,-4,-5,-1,0,0,0
57.994724,-1,0,2,-2,-4,0,0,0,0
57.994762,-2,-1,-2,-1,6,-4,-1,-3,0
57.996842,0,-2,-1,4,1,-1,0,-2,0
57.996851,-3,0,-1,1,-3,-1,-1,1,0
58.017332,-1,-1,-3,-2,-1,0,0,-1,0
58.017364,4,-1,-3,-5,-2,1,-1,-2,0
58.019271,-4,-2,-2,-5,-1,0,-2,-2,0
58.019276,-2,-3,0,0,1,-3,-1,-2,0
58.030535,1,0,-2,-2,-1,-1,-2,0,0
58.030552,-2,0,-1,0,-1,-1,0,2,0
58.040386,-1,0,0,-2,2,-2,-2,0,0
58.040394,1,-5,-2,-1,0,-1,-1,-1,0
58.054157,-3,-3,0,0,0,-1,0,0,0
58.054176,-1,0,-1,0,-1,-2,-2,-2,0
58.056483,-1,-3,-2,1,1,0,-1,-3,0
58.056489,1,0,-2,-2,-3,0,-1,-3,0
58.076683,-4,0,0,-1,-2,-3,0,0,0
58.076701,-4,0,-1,3,-1,0,-1,-1,0
58.078354,2,-1,0,-1,2,-2,-1,0,0
58.078419,-1,1,1,-1,0,0,-3,0,0
58.099270,-2,-3,0,-1,0,-1,-1,-3,0
58.099311,3,-1,-1,0,-4,2,0,-3,0
58.102494,-2,1,-2,-1,-2,0,-2,0,0
58.102502,-4,-2,-3,-4,-2,0,0,-2,0
58.114459,3,-1,-3,-3,-2,-2,-3,-3,0
58.114487,1,0,-2,-8,-6,-2,-1,-1,0
58.115956,-1,-3,0,9,-2,-2,-1,0,0
58.115960,2,2,2,0,-1,-1,-1,2,0
58.138209,2,2,0,-1,-2,0,-1,-2,0
58.138216,-2,-3,-1,-2,-2,0,-1,0,0
58.138351,-5,0,-3,-4,-1,0,0,-3,0
58.138436,0,-1,-1,1,-1,-1,-1,-2,0
58.159045,-2,-1,-1,-1,0,0,0,-1,0
58.159062,-3,-2,0,1,-1,-3,-1,0,0
58.160550,2,-3,-4,-5,-2,-1,0,-2,0
58.160599,1,1,2,1,0,-3,0,1,0
58.174532,-5,-2,-2,-3,-2,0,-1,0,0
58.174554,1,0,0,2,1,-1,-2,-2,0
58.176541,1,2,2,8,4,-1,0,-2,0
58.176545,-2,-3,-3,-4,-3,-1,-2,-2,0
58.197168,2,-3,0,-3,1,-2,-2,0,0
58.197197,4,-2,-2,0,0,-1,-1,-3,0
58.199694,-4,-1,-2,-6,-4,-2,-1,1,0
58.199700,-3,0,-1,-1,-2,-2,0,1,0
58.219998,-2,0,-1,3,-1,-2,-1,1,0
58.220027,-4,-2,-3,-9,-2,-2,-1,0,0
58.222273,0,-1,2,3,-1,-1,-1,1,0
58.222280,1,0,1,1,-1,0,-1,-2,0
58.233951,1,0,0,-3,-1,1,0,-1,0
58.233966,-4,-2,0,-1,1,0,-1,0,0
58.240409,-2,-2,-3,-7,-8,-1,-1,0,0
58.240435,0,-3,-4,2,3,1,0,-3,0
58.256703,-2,0,-1,-3,-5,0,0,-2,0
58.256726,-1,0,1,3,-5,0,-1,0,0
58.258606,1,-2,0,-2,11,2,0,-2,0
58.258611,-1,-1,-2,-3,8,0,2,0,0
58.279368,-3,-2,-2,-3,2,-3,-1,0,0
58.279486,2,1,0,-1,-3,-1,0,2,0
58.280563,0,-2,0,-4,1,0,0,-1,0
58.280593,-4,-2,0,0,-4,-2,-2,0,0
58.293498,0,-3,-4,1,-2,0,-2,-2,0
58.293504,1,-2,-3,0,4,-2,-1,0,0
58.300147,-4,2,3,-1,-3,0,0,-1,0
58.300168,-1,-1,2,-2,-4,-1,0,-2,0
58.317106,-1,-2,-2,0,0,-2,0,-1,0
58.317128,-7,-2,-1,-1,-3,1,-2,-2,0
58.319028,-2,-1,0,-3,-4,-1,-1,-1,0
58.319035,2,-2,-4,-2,-2,-1,-2,-1,0
58.340174,0,1,2,-1,0,-2,-1,1,0
58.340181,4,-1,-1,0,5,-1,-2,-1,0
58.340676,0,3,-1,-3,0,-1,-2,0,0
58.340682,-3,-7,-4,0,-2,-1,-1,-2,0
58.355414,-3,1,2,3,-3,-1,0,0,0
58.355420,-5,0,1,-2,2,-2,0,2,0
58.360366,9,-1,-3,0,-5,-1,0,1,0
58.360388,1,0,-3,-2,-1,-1,-1,0,0
58.376987,-3,-1,-2,-3,-2,0,-1,-2,0
58.377007,0,-1,0,1,-1,1,0,-2,0
58.379755,-1,-2,-1,0,2,0,-2,-3,0
58.379761,-5,0,-1,-2,-3,-3,0,-1,0
58.400135,-2,-2,-4,-6,-3,-2,-2,-2,0
58.400171,8,0,1,6,2,1,-1,-3,0
58.402477,-6,-1,-1,-1,-1,0,-1,0,0
58.402483,-1,-1,2,0,2,1,0,1,0
58.414014,3,1,-1,-1,-1,2,0,0,0
58.414045,-7,-4,-4,-9,-6,-3,-1,0,0
58.420304,-2,0,3,4,-1,-2,0,0,0
58.420322,2,-2,-2,-2,-3,-2,1,-2,0
58.436796,1,-3,-4,2,3,0,0,0,0
58.436822,-4,2,1,-3,-3,-1,0,-1,0
58.438349,1,0,-2,1,-1,0,1,-1,0
58.438375,1,1,-1,-2,2,-3,-1,0,0
58.459242,-1,0,-2,1,-1,-1,-2,0,0
58.460971,-3,0,-2,1,0,-1,0,0,0
58.460983,1,-3,-3,-3,-6,-2,-1,-1,0
58.460985,-1,0,0,1,2,2,-1,-1,0
58.473690,-3,-4,2,-2,-1,-3,-1,-2,0
58.473715,2,-2,-1,0,1,-1,1,-1,0
58.480378,-1,2,2,-3,-2,-1,0,-1,0
58.480394,3,0,0,-2,-6,-1,-1,0,0
58.496513,-4,-2,-4,1,0,0,1,0,0
58.496520,-2,-1,-4,3,1,-1,-2,-3,0
58.498041,11,-1,0,2,2,-1,-2,-1,0
58.498054,-3,-1,-1,-1,-1,-1,-1,-3,0
58.519648,2,-1,-1,-4,-6,-2,-3,-2,0
58.522027,3,0,3,6,2,0,-2,-2,0
58.522032,-7,-1,-1,-4,-1,-3,-1,2,0
58.522034,0,1,-2,-1,-1,-2,-2,-1,0
58.533456,6,1,1,1,-1,1,0,0,0
58.533478,-5,0,-2,-5,-3,-2,-2,1,0
58.540298,-4,-3,-1,-1,-2,-1,-1,0,0
58.540320,-2,-2,0,1,-2,0,-2,-4,0
58.558163,-6,-3,-2,-2,0,-2,-2,-1,0
58.558170,-1,-1,1,-4,-1,-1,0,-1,0
58.558247,-2,0,0,1,0,1,-3,-1,0
58.558275,1,1,-2,-3,-3,-1,-2,1,0
58.579085,-4,-3,-2,0,-1,-1,-2,-3,0
58.579107,1,2,3,0,-2,-1,0,0,0
58.581532,-4,-1,-2,1,0,-1,-1,-1,0
58.581540,-6,-2,-1,-1,-2,-1,-3,0,0
58.592830,4,0,-1,1,1,-1,-2,0,0
58.592852,3,0,-1,-3,-2,0,0,1,0
58.603716,0,-2,-5,-4,-4,-2,0,-1,0
58.603728,-4,-1,2,2,2,-2,-1,1,0
58.616795,-3,0,0,0,-1,0,-2,-1,0
58.616827,1,0,-2,-2,-2,-1,-2,-2,0
58.622861,1,-1,-2,-1,0,-1,0,-3,0
58.622883,-5,-2,-4,-3,-2,0,0,-2,0
58.639214,0,3,3,-1,-1,-1,0,-2,0
58.639235,-5,-2,-5,-3,-2,0,1,3,0
58.640821,-2,0,2,-1,-1,-2,-3,-2,0
58.640913,3,-2,-1,-1,-2,-1,-1,-2,0
58.652783,-1,0,2,1,-1,0,-2,0,0
58.652796,-2,-5,-5,-3,-2,-2,-3,0,0
58.661957,1,0,1,-2,1,1,-1,-1,0
58.661961,-3,1,-1,-1,-1,-3,-3,0,0
58.676783,-1,2,-2,-2,0,-2,-2,0,0
58.676800,0,-2,-1,0,-1,-1,-1,-3,0
58.678463,-2,-2,-4,-4,-4,0,1,-1,0
58.678476,1,1,0,0,5,0,-1,0,0
58.699051,-5,-1,-3,-3,-6,-2,1,-1,0
58.699057,2,1,1,1,-3,0,-2,-1,0
58.700548,-7,-3,-2,3,6,-1,0,0,0
58.700567,-2,-1,0,-1,-4,1,1,-1,0
58.713766,3,-2,-2,3,4,0,0,-1,0
58.713772,-1,0,-2,-3,-2,0,-1,0,0
58.722664,-2,-2,-1,-4,-3,-3,-2,-1,0
58.722669,2,-2,-3,0,-3,-1,1,-2,0
58.736970,-4,2,3,-2,2,0,1,0,0
58.736994,0,-5,0,0,-1,0,-1,-1,0
58.739271,6,-1,-2,-1,-4,-1,-2,-1,0
58.739277,-4,4,0,-2,2,1,-1,-2,0
58.761595,-4,-3,0,-2,-4,-1,-2,-1,0
58.761601,-1,2,0,0,0,-1,-1,-2,0
58.761604,3,0,-3,2,-2,0,-2,-1,0
58.761605,3,-3,2,-2,-3,-1,-2,-1,0
58.773003,-1,1,-1,1,2,-1,1,-2,0
58.773021,-4,-2,1,0,2,-1,-3,0,0
58.782182,0,-2,-1,-1,-1,0,0,-1,0
58.782188,0,-1,-2,-4,-3,-2,-2,-1,0
58.796998,-2,-1,0,0,0,0,-1,0,0
58.797030,-2,-3,-2,-2,1,-1,2,-3,0
58.799324,-9,2,-1,-3,-3,-2,0,-1,0
58.799328,1,-3,-4,-2,-1,-2,-1,-2,0
58.819820,3,2,4,-1,-4,0,-1,-2,0
58.822448,5,-2,-1,3,0,-2,1,-1,0
58.822457,-2,-2,1,-2,0,0,-1,0,0
58.822459,-3,-1,-2,0,-3,-1,0,-1,0
58.833255,-1,-3,-5,1,-2,0,-2,-1,0
58.833285,-6,-1,-1,-2,-1,-2,1,-1,0
58.841954,6,-1,-3,-1,-2,0,-1,-3,0
58.842027,3,-3,0,-1,-2,1,0,0,0
58.856809,-6,0,0,-1,0,-2,-2,-2,0
58.856832,1,-1,-3,-2,-1,-1,-3,0,0
58.858248,0,1,1,1,0,-1,-2,-1,0
58.858267,-3,1,0,-2,-1,-1,-1,-1,0
58.879450,2,-1,-3,-2,-3,-4,-2,0,0
58.879478,3,0,-2,-1,-1,-2,-1,-1,0
58.881319,-4,0,2,-1,0,-1,0,-2,0
58.881327,-2,-1,-1,-1,-2,-1,-1,-1,0
58.892869,3,-3,-3,-3,-1,-1,-1,0,0
58.892885,-5,1,-2,0,-1,0,-1,-4,0
58.901684,-6,-1,-2,-1,-2,-3,-2,0,0
58.901697,0,-2,-1,-3,-3,-3,-1,0,0
58.917865,4,0,-4,0,-1,0,0,1,0
58.917871,-3,1,0,-2,-1,0,-1,0,0
58.918052,-5,-2,0,-2,2,0,-1,0,0
58.918065,2,-3,-3,-5,-4,2,-1,0,0
58.939424,2,0,-1,3,0,-5,-1,-17,0
58.939444,-15,1,2,1,-2,-1,-1,2,0
58.941353,2,-2,-3,-1,-1,-1,1,2,0
58.941357,2,1,1,1,-1,-1,-2,-1,0
58.953202,-4,-4,-4,-5,-3,-1,-1,-1,0
58.953313,3,-2,-3,-2,-1,-1,-2,-2,0
58.963559,-1,-1,1,0,2,1,3,31,0
58.963563,-6,-2,-6,0,-1,-1,1,-3,0
58.979812,0,0,3,1,0,-2,0,2,0
58.979817,1,0,1,-1,0,-1,-2,7,0
58.979819,0,-4,-4,-2,-1,-1,-3,-8,0
58.979821,-4,1,1,2,0,-2,-3,-3,0
58.999801,5,-2,-2,-2,0,2,0,3,0
58.999830,3,0,2,-1,-2,-1,-2,-12,0
59.001960,0,2,-1,-1,-2,-2,-3,-5,0
59.001965,-10,-6,-2,-1,1,0,-2,-2,0
59.021746,-1,0,-1,-2,0,1,-2,-4,0
59.021769,-2,-4,-2,-2,-3,0,-1,-1,0
59.023613,-2,-2,-1,1,4,-2,-1,-4,0
59.023619,3,3,0,-2,0,-1,0,5,0
59.036882,-4,-1,0,-1,2,0,-1,4,0
59.036906,3,0,-1,-1,-2,-2,-2,0,0
59.039631,-1,0,0,1,-3,-1,0,-3,0
59.039639,-3,-1,-1,1,-2,-2,-2,-7,0
59.059685,-5,-2,1,-1,-4,-1,-1,0,0
59.059703,-2,1,-1,-1,1,-2,-2,0,0
59.060888,-1,0,-2,1,-1,0,0,-6,0
59.060913,-1,-1,-1,-1,1,-1,-1,2,0
59.081972,0,0,0,-1,-3,0,0,0,0
59.081995,2,-2,-2,-2,-1,1,0,2,0
59.083303,0,-3,-2,-4,-2,-1,-1,-5,0
59.083306,-2,-2,-1,0,-1,-3,-1,-1,0
59.097426,4,-1,2,-1,-1,-2,-2,2,0
59.097467,-5,-2,0,1,1,-1,0,-2,0
59.099755,-4,-3,-1,1,-1,0,0,-1,0
59.099759,3,-1,-1,0,0,1,-1,2,0
59.119209,2,-1,-3,-1,-2,-1,-1,-1,0
59.119223,2,1,-1,-1,0,0,-1,-1,0
59.121018,-6,-7,-5,-1,-4,0,-2,-1,0
59.121038,1,3,4,1,3,-1,0,-3,0
59.141649,-3,-2,-2,1,1,0,-1,-1,0
59.141671,0,-2,-4,-2,-2,-4,0,1,0
59.143073,-2,2,4,-3,-1,-1,-1,-2,0
59.143127,2,-1,-2,-2,-3,0,-1,-2,0
59.156172,-7,-1,-1,-1,3,1,1,0,0
59.156191,-2,-3,-1,-1,-2,-2,0,-2,0
59.162801,2,3,0,-2,1,0,-2,-3,0
59.162829,2,2,-1,-3,-2,-2,-1,0,0
59.180033,3,-5,-3,-2,-3,-2,-2,-1,0
59.180038,-7,0,0,-1,-1,-1,-1,-2,0
59.180501,2,-2,-1,-1,0,0,0,0,0
59.180506,0,0,4,0,-1,-2,-2,1,0
59.201878,-4,1,-3,0,-1,-2,-1,0,0
59.203573,3,-2,-2,-1,0,0,1,-1,0
59.203582,-4,0,1,-1,-1,-2,-2,1,0
59.203584,-3,-3,-4,0,1,-1,0,-2,0
59.216544,2,-2,-1,-2,-4,2,0,-2,0
59.216564,0,4,4,1,-2,-2,-4,-1,0
59.222819,-3,-1,-2,-1,0,0,-2,0,0
59.222835,4,-2,-2,0,-1,-1,0,-1,0
59.239257,-3,1,0,-2,0,0,0,3,0
59.239283,-3,-3,2,-1,0,-2,-2,-2,0
59.240748,4,-2,-1,-2,-5,-3,2,-36,0
59.240753,0,-1,0,0,2,3,2,38,0
59.262198,-9,2,-2,2,-1,-2,-5,-8,0
59.262217,4,-1,-2,0,-1,-1,0,-2,0
59.264514,-2,-2,-2,-2,-2,-2,-1,-10,0
59.264520,-5,0,1,-1,-3,-3,-3,-9,0
59.276055,-1,-1,1,-4,-1,-3,-2,-1,0
59.276069,2,-1,-2,0,-1,0,1,7,0
59.283093,0,1,1,0,-1,1,-1,14,0
59.283121,-5,-1,-2,-2,-2,0,-3,-10,0
59.299406,4,-5,-6,-3,-3,-1,-1,4,0
59.299430,-1,4,4,1,1,-1,-2,-8,0
59.301436,-2,-1,-4,-3,-1,-1,1,5,0
59.301439,-1,-1,0,0,0,-2,-2,-7,0
59.321723,1,-1,-2,-1,-1,-2,1,-7,0
59.321737,-5,-5,-4,0,-1,1,-1,-1,0
59.323227,-1,1,-1,-1,-2,-1,-1,5,0
59.323238,1,0,3,-1,-2,0,-2,-3,0
59.337594,-3,-2,2,1,4,-2,-1,2,0
59.337608,-3,-2,-2,0,-2,-2,-1,4,0
59.342808,3,2,1,1,1,0,0,6,0
59.342826,-1,-3,-5,-1,2,-2,1,-1,0
59.359230,-2,-3,1,-4,-2,-2,0,-9,0
59.359246,0,-1,-2,-4,-2,-1,0,-2,0
59.360604,0,1,-1,0,2,-2,-2,-3,0
59.360611,-2,-2,-2,-2,-3,-2,1,-1,0
59.383309,0,0,-3,-2,-3,-1,-1,-1,0
59.383317,-2,3,4,3,0,0,2,1,0
59.383322,-2,-4,-1,0,-4,-1,-2,3,0
59.383326,-3,0,-3,1,-1,-1,-1,-10,0
59.395883,2,-1,1,0,0,0,-1,2,0
59.395905,2,-5,-4,-2,-1,0,0,-3,0
59.402608,-5,-3,-3,-5,-2,0,1,4,0
59.402662,8,4,2,2,-4,-3,-4,-19,0
59.419659,-14,-5,1,2,0,3,3,41,0
59.421718,2,-3,-3,-4,0,-1,-4,2,0
59.421725,-3,-1,-2,0,-2,-1,-2,-2,0
59.421727,-1,-1,-4,-5,0,-1,-1,-7,0
59.441741,0,1,1,1,-1,-1,-2,-11,0
59.441763,1,-1,-3,-2,-2,-2,0,-2,0
59.443459,-2,-3,-2,-1,-3,0,1,8,0
59.443476,0,-4,-6,-4,-1,1,1,5,0
59.456189,-1,7,6,0,0,-3,-3,-8,0
59.456206,-4,-5,0,1,0,-2,0,2,0
59.462904,-4,-2,1,-1,-1,-2,-1,-10,0
59.462926,1,-2,-3,-1,2,0,0,6,0
59.479143,-2,-4,-6,-5,-1,-1,-2,-4,0
59.479159,2,0,-1,-1,-2,0,-2,-7,0
59.480527,1,1,-2,1,0,-2,-1,-1,0
59.480540,-5,-2,0,-2,-1,-3,0,1,0
59.502042,2,-3,-1,-1,-1,0,1,0,0
59.502072,2,3,0,0,0,-1,-2,0,0
59.504956,-5,-3,0,-1,0,0,-3,1,0
59.504963,-2,0,2,2,-1,0,1,3,0
59.515610,0,-4,-6,2,-1,-2,-2,-11,0
59.515632,2,1,1,-1,-1,-1,0,1,0
59.524749,-5,-2,-1,-3,0,-2,-1,-3,0
59.524755,0,1,-1,0,-3,-4,-4,-5,0
59.540022,2,2,0,-2,1,0,0,-1,0
59.540028,-5,0,-3,-2,-2,-2,-1,0,0
59.540590,-3,-5,1,1,0,-1,-1,3,0
59.540595,-2,-2,-5,-2,0,-1,0,0,0
59.561990,-2,-1,0,-2,-2,-3,-1,-2,0
59.562020,-1,0,-1,-2,0,-1,-3,-2,0
59.563627,6,1,-3,-3,-2,-2,0,-3,0
59.563632,-4,0,0,0,0,0,-1,0,0
59.575338,-1,-1,-1,-4,-5,-1,-2,-1,0
59.575357,2,-6,-5,-2,0,-1,-1,-5,0
59.587739,-2,0,-1,-2,-2,-1,-1,0,0
59.587752,-2,-2,1,-2,-2,0,0,2,0
59.599717,3,1,2,0,-4,0,-1,-1,0
59.599745,1,-1,-4,-4,-2,-1,0,0,0
59.602220,2,-1,-1,-3,-2,-3,-2,-1,0
59.602227,2,0,2,2,-2,-1,0,0,0
59.621737,3,1,-4,-1,-1,-1,0,-4,0
59.621767,-14,-7,-1,-2,0,0,-3,0,0
59.623276,1,-1,-2,1,0,1,0,1,0
59.623292,4,0,-2,-3,-1,0,-3,-1,0
59.635632,-5,-2,0,0,0,-1,1,-1,0
59.635638,-1,0,-1,-1,-3,-2,-1,0,0
59.644537,2,-2,1,-1,-1,-1,-1,-1,0
59.644582,-7,-2,-2,-2,-2,-1,0,-3,0
59.659588,7,-2,0,2,1,-1,1,-1,0
59.659617,-4,5,2,3,0,-1,-1,-2,0
59.662254,2,2,3,2,-3,-1,-1,-6,0
59.662259,-3,-3,0,-1,1,-1,-2,2,0
59.681807,-2,-2,-1,-2,-1,-2,0,-1,0
59.681813,1,-2,-1,-1,-1,-2,1,0,0
59.683035,2,0,-3,0,-2,-2,1,-14,0
59.683048,-6,-1,-1,0,0,-2,3,-28,0
59.696877,-3,-3,0,1,-1,1,-1,4,0
59.696883,-1,0,0,0,0,-1,-3,-3,0
59.705729,-6,-2,-3,-2,-1,-1,1,11,0
59.705743,0,0,0,-1,-3,-3,-2,-10,0
59.719342,1,0,-1,-1,2,-2,-2,-3,0
59.719364,-6,0,1,0,-1,-1,-2,-1,0
59.721793,-1,-5,-4,-2,0,0,-1,-8,0
59.721802,9,1,-4,-2,1,-1,-1,9,0
59.743240,0,-1,2,5,-2,-1,-1,-1,0
59.743244,1,-3,-3,-4,-2,0,0,4,0
59.743246,-2,0,0,4,2,-1,-1,3,0
59.743248,0,0,-2,0,-2,-1,-2,6,0
59.755546,-5,-2,-4,-5,-1,-2,-3,3,0
59.755573,0,-1,-2,-2,1,-3,0,-6,0
59.765390,0,4,1,0,-1,0,-1,1,0
59.765395,-2,-1,1,-2,-2,0,-1,3,0
59.779530,-2,-2,-2,-2,1,1,-1,-8,0
59.779551,0,-1,-1,-1,0,-1,1,-3,0
59.780760,-1,1,1,-2,-2,-2,-4,2,0
59.780764,-6,-2,-1,-1,-1,0,0,6,0
59.802125,-1,0,-2,-3,-1,0,0,-2,0
59.802153,1,0,1,1,0,-2,-1,0,0
59.805310,-2,-3,-4,-2,-1,-2,1,3,0
59.805317,1,4,2,0,-1,-1,-4,-11,0
59.815623,2,4,2,2,0,1,3,61,0
59.815651,-9,-6,-1,1,-4,-2,0,2,0
59.825076,-1,-4,-2,1,1,0,-3,-7,0
59.825088,2,-2,-2,-4,-3,-1,-2,-15,0
59.839180,-2,1,0,-2,0,-2,-2,-13,0
59.839188,-1,2,-1,-3,-1,-1,-1,0,0
59.840677,-6,-5,-3,0,-1,0,0,7,0
59.840745,-2,-2,-2,0,-1,-1,-2,-1,0
59.862041,-3,-3,0,0,-3,-3,-1,-16,0
59.862062,1,-1,-2,-3,-3,-2,0,-2,0
59.863728,-1,2,-1,1,0,-2,-1,-9,0
59.863731,-3,-1,-1,-2,-1,-1,-1,8,0
59.875443,-5,-5,-8,-2,-2,0,1,-9,0
59.875464,-1,1,3,3,5,0,0,2,0
59.884729,2,0,0,-3,-2,-2,-1,3,0
59.884733,-4,-5,-2,-1,-1,-3,0,7,0
59.900979,2,-1,-4,0,-2,0,1,-5,0
59.900985,2,-1,-2,-2,-1,0,-2,-3,0
59.900987,2,0,1,-2,-2,0,-2,-1,0
59.900989,-1,-2,1,0,0,-1,1,3,0
59.921763,-1,-1,-1,-3,-1,-1,-4,-11,0
59.921793,-5,0,0,-2,1,0,-1,-2,0
59.923432,2,-1,-1,-1,-1,-1,0,-1,0
59.923438,2,4,4,4,2,-1,-2,1,0
59.935195,-10,-5,0,-1,1,-2,-3,-7,0
59.935208,-3,-6,-2,-2,-2,-2,-3,-4,0
59.944786,7,-3,-2,-3,0,0,3,9,0
59.944794,-7,-2,-2,-2,-1,-2,1,0,0
59.959202,1,1,2,0,3,-2,-3,-4,0
59.959225,-1,1,-3,0,-2,1,-1,1,0
59.960617,-1,0,-1,-2,-2,0,-3,-4,0
59.960640,-2,-3,-3,-1,-1,-1,0,3,0
59.982005,5,0,-1,0,-4,-2,-2,-3,0
59.982024,2,-1,-2,-2,-2,0,0,-2,0
59.983426,-4,-1,-1,0,1,-2,-2,-2,0
59.983445,1,-1,-3,-1,0,0,2,1,0
60.004071,0,1,1,-1,0,-1,-1,-5,0
60.004109,2,2,2,1,-1,1,3,62,0
60.010364,-4,0,0,-1,-2,-1,0,-5,0
60.010385,4,0,-1,1,-1,1,-1,-1,0
60.019535,-1,-3,-5,-3,-1,0,0,5,0
60.019569,0,-1,-4,-2,-1,-1,-4,-17,0
60.022119,-2,-2,-2,-3,-1,-1,0,-1,0
60.022126,-2,-2,-1,0,1,-1,1,5,0
60.041578,-4,0,4,0,-3,-3,-1,-11,0
60.041584,5,0,-1,-3,-2,-4,-2,-11,0
60.043119,-6,-3,-3,-3,-1,0,-1,-2,0
60.043131,3,0,2,-1,-3,-2,-3,-12,0
60.064063,-7,-3,-4,-2,-2,-2,-1,1,0
60.064085,5,-2,-2,-6,-3,0,0,-8,0
60.065686,-2,-1,0,3,2,-1,-2,5,0
60.065750,-4,0,-1,0,-2,0,-2,1,0
60.079158,2,1,-2,-2,1,-2,-1,-1,0
60.079180,-3,0,-1,-3,-1,-1,-1,-4,0
60.080723,-4,-2,-1,-2,-2,-1,0,-7,0
60.080745,-1,0,0,-1,0,-2,-1,0,0
60.103623,6,0,-1,-2,-2,1,-4,-5,0
60.103639,-8,-3,-1,1,-1,0,-1,-3,0
60.103644,-1,1,1,1,1,-1,0,1,0
60.103648,0,-5,-3,1,-1,-1,1,2,0
60.124189,2,-2,-4,-3,-2,0,1,2,0
60.124208,-1,0,-3,0,0,0,-1,-5,0
60.125667,-2,1,2,0,-2,-1,0,-2,0
60.125682,1,-2,-3,-2,1,0,0,2,0
62.149051,-11,57,18,7,-9,-20,6,0,2
62.149495,29,-84,-23,-14,14,10,-19,21,2
62.149501,16,23,9,19,-4,-25,5,-36,2
62.149598,-5,-18,-11,-11,-4,-13,-24,-11,2
62.163697,-51,-60,-12,-2,1,-4,-6,-12,2
62.163717,48,44,11,11,-8,6,-1,-12,2
62.164514,65,-8,2,-7,8,8,2,37,2
62.164539,-24,-15,-9,-8,-6,-2,-18,-61,2
62.186443,44,-27,0,-2,-11,-9,1,-12,2
62.189163,1,32,-6,-2,3,-16,-13,11,2
62.189173,-43,41,-3,-5,9,21,9,-6,2
62.189175,45,-30,7,11,-10,-61,11,17,2
62.208440,34,68,1,-6,9,63,11,11,2
62.208454,-52,106,3,0,-2,-28,5,3,2
62.209160,14,22,-5,-8,-20,4,-10,-32,2
62.209181,-9,58,11,-13,-6,30,9,12,2
62.223481,-50,-102,-4,14,20,-7,0,8,2
62.223498,-69,-50,-13,-5,-4,-10,-4,-3,2
62.225075,10,68,0,-9,10,1,-10,-26,2
62.225083,-21,-109,-9,-5,-8,-18,7,6,2
62.245891,14,123,3,-2,-17,-15,9,11,2
62.247288,46,61,11,4,14,21,-4,-7,2
62.247296,-64,52,-1,4,0,9,-7,13,2
62.247300,59,30,0,-18,5,17,-15,-1,2
62.269249,50,-35,7,3,15,-9,25,0,2
62.271523,36,-27,6,15,1,-18,-12,-24,2
62.271529,41,-9,-3,-5,-10,9,5,0,2
62.271530,-17,57,2,5,-3,-4,0,3,2
62.283106,-9,6,-2,3,8,14,-8,-37,2
62.283140,-55,26,-5,-14,-31,-31,34,-1,2
62.291122,47,-27,4,-1,1,14,11,29,2
62.291139,15,-28,-2,-1,6,24,-6,6,2
62.306138,-92,-90,4,-3,-7,-15,-11,-10,2
62.306161,73,-11,-10,-7,0,2,3,28,2
62.306853,2,-16,1,7,1,28,-22,-33,2
62.306864,29,12,0,0,7,16,5,14,2
62.328660,-65,2,-4,-7,-9,-19,-5,6,2
62.328683,1,-4,-2,-4,9,21,-7,2,2
62.330492,-12,-10,-7,7,-2,-7,2,-4,2
62.330500,-11,82,9,4,0,4,-7,7,2
62.344082,38,-83,-19,-12,-21,-21,-11,-14,2
62.344111,-40,-14,10,8,16,14,-1,-35,2
62.345923,50,-4,-11,-5,-4,-20,-8,9,2
62.345931,-38,-10,-7,-12,-6,11,12,-34,2
62.365842,15,72,6,14,2,5,-5,12,2
62.365856,-30,-9,0,2,-10,17,4,14,2
62.366543,6,-6,7,-2,-4,-11,-4,14,2
62.366555,-38,-64,-13,-4,5,11,-5,-6,2
62.388659,23,21,-16,-13,-13,-19,-9,4,2
62.388693,45,74,12,7,6,-29,-11,8,2
62.390204,11,-33,0,-7,17,38,13,29,2
62.390209,-21,-50,-13,1,-14,-13,1,-1,2
62.403789,39,38,7,-7,2,-18,-5,-1,2
62.403819,-1,34,3,8,-1,-4,-7,1,2
62.406199,10,-49,-6,-9,-16,-20,-9,15,2
62.406208,12,24,-2,-8,-7,-8,-6,-10,2
62.425900,-15,-55,5,23,14,6,3,-7,2
62.425934,-27,-38,-8,-6,-3,7,-6,2,2
62.426603,-1,-18,9,10,-1,-11,0,4,2
62.426673,-2,23,4,-5,2,-5,0,-24,2
62.448363,65,122,-1,5,-3,5,2,23,2
62.448380,-13,-44,1,-5,-3,11,-3,-20,2
62.450596,-40,51,-19,-6,-5,15,-7,-33,2
62.450602,8,-94,0,8,6,-16,10,-1,2
62.462683,20,69,5,-9,-2,-1,0,27,2
62.462706,35,36,2,7,1,-10,3,2,2
62.471251,-49,38,11,5,5,1,0,-11,2
62.471274,-67,-93,-7,4,-6,3,-2,3,2
62.485977,25,66,18,-1,3,3,-12,-1,2
62.486000,-57,-22,-24,-1,-3,-4,-12,-8,2
62.488170,18,18,5,9,1,-3,13,36,2
62.488181,15,66,-2,1,1,-3,-19,-13,2
62.508407,15,-41,5,-2,5,13,1,13,2
62.508429,-14,-67,10,0,-4,5,-2,-8,2
62.509132,6,8,-13,-14,-5,-72,-4,11,2
62.509306,8,-35,-2,-3,3,49,16,-23,2
62.522858,-10,-31,-10,2,-4,-1,10,-33,2
62.522877,18,2,0,0,11,-7,-2,3,2
62.531317,4,-24,2,0,-19,20,9,-12,2
62.531431,7,-29,7,5,4,-17,5,18,2
62.546211,-9,13,-8,-8,-11,0,-5,3,2
62.546233,-4,34,2,-2,18,-3,8,0,2
62.548118,-47,-91,-10,0,-5,9,-3,-14,2
62.548126,16,91,4,13,-6,-9,-2,10,2
62.568396,-36,-23,-7,-12,1,18,0,-38,2
62.568410,14,48,3,-4,-8,-12,-1,26,2
62.569087,41,-31,8,3,6,14,-10,22,2
62.569100,-7,18,-6,-6,-12,-22,9,-13,2
62.582718,3,-7,-2,6,-8,2,-5,10,2
62.582739,-39,19,1,-3,14,21,-4,-7,2
62.591071,-39,-107,-18,1,3,0,4,-23,2
62.591093,22,40,8,1,4,-3,-2,16,2
62.605995,-8,-46,-4,-5,-10,-15,0,1,2
62.606012,-3,30,-6,-3,-4,1,0,2,2
62.607418,30,16,-10,-3,5,40,-11,-25,2
62.607424,18,-46,-7,1,-13,-19,-12,22,2
62.629068,-62,-40,4,1,2,-1,-5,-45,2
62.629074,9,31,2,-4,-1,-4,-3,23,2
62.629076,-111,19,9,4,4,24,2,-33,2
62.629078,0,9,-5,-20,5,0,-13,2,2
62.642917,-10,-82,-10,0,13,19,20,13,2
62.642935,59,-27,4,8,-27,-5,-2,15,2
62.651045,-1,127,6,-6,10,-16,-6,0,2
62.651129,23,-17,3,-6,-5,-14,22,1,2
62.666217,21,-54,-10,-1,7,4,-15,-12,2
62.666238,-22,-59,-12,-10,-2,4,-4,-9,2
62.668390,60,-29,-1,5,-7,-31,-4,7,2
62.668398,-31,-67,-10,-10,1,30,-5,-36,2
62.690703,3,92,-1,-2,-2,-11,22,57,2
62.690709,-13,-79,-1,-2,-3,14,3,1,2
62.690711,-8,59,3,-3,-8,-17,-4,-2,2
62.690713,-13,-24,-1,-7,-3,-6,-8,-3,2
62.703136,30,98,16,12,-8,-8,-4,0,2
62.703159,42,2,2,-1,-10,-12,2,-1,2
62.711527,-66,-95,-11,-2,4,-9,4,-15,2
62.711548,10,62,2,6,16,-29,-6,34,2
62.726073,-68,9,-1,1,1,17,10,-4,2
62.726090,24,-51,2,2,-3,5,-22,1,2
62.726749,6,102,3,-5,-5,-10,-1,-13,2
62.726760,79,-41,-5,4,3,4,2,51,2
62.748558,-60,-121,-5,3,0,-26,-29,-72,2
62.748581,23,44,-2,-9,-2,3,3,-10,2
62.750635,13,-34,1,-5,2,8,5,6,2
62.750643,13,-57,-2,-10,3,12,-9,-6,2
62.771628,47,95,5,8,1,-4,5,24,2
62.771637,-25,-12,-6,3,-14,-11,12,-3,2
62.772339,23,64,-3,-5,12,58,-17,4,2
62.772424,-64,55,-9,-9,-11,-22,9,-50,2
62.787303,74,49,12,6,-13,8,-17,17,2
62.787314,-66,0,-5,-4,-3,-27,-3,-26,2
62.787316,-12,29,6,3,-2,-1,5,8,2
62.787318,10,-2,1,4,0,7,-8,-37,2
62.808627,-68,-60,-12,-6,4,10,16,16,2
62.808649,22,75,12,8,0,21,-8,6,2
62.810516,-16,-98,3,4,-7,-20,5,-7,2
62.810519,30,107,2,-3,5,1,13,-15,2
62.834200,-21,-78,0,-4,-3,-55,-22,2,2
62.834206,52,34,10,1,9,-5,8,22,2
62.834208,-39,-128,-4,3,3,10,-21,-38,2
62.834210,41,18,0,5,-9,-13,24,21,2
62.846182,13,-36,-11,-17,1,4,2,6,2
62.846204,-42,-102,-13,9,-4,3,-4,-36,2
62.848911,51,15,2,0,-5,-23,-13,1,2
62.848917,2,-11,6,6,2,14,1,22,2
62.868667,-20,-51,4,2,-8,14,-1,-8,2
62.868689,24,11,-9,-10,-9,7,3,9,2
62.869549,-30,-33,-2,-2,9,2,14,24,2
62.869563,-34,-47,-8,8,0,-6,-33,-11,2
62.891702,39,62,7,-3,-4,17,11,2,2
62.891724,-5,-42,0,-17,14,4,4,0,2
62.893382,-31,-2,-7,-6,-17,-4,8,-20,2
62.893387,-15,34,1,-5,8,6,-11,30,2
62.906029,-3,-75,4,0,1,-8,-4,4,2
62.906052,-67,56,-14,-1,2,7,-5,1,2
62.907365,21,15,11,-1,1,-23,15,34,2
62.907371,8,-92,3,13,0,-32,-8,-34,2
62.928592,-32,-53,-26,-10,-14,-6,5,-12,2
62.928624,17,-29,-17,-7,0,-1,-2,-5,2
62.929364,20,-40,3,6,-2,11,-6,-37,2
62.929395,-11,33,3,10,-2,10,8,10,2
62.952280,40,-44,4,-3,7,-1,-6,31,2
62.952308,-22,52,2,5,2,-20,-10,-34,2
62.955300,-53,-36,-17,-10,-17,-8,8,-30,2
62.955306,99,50,14,-2,-4,14,4,13,2
62.965901,-36,-55,-16,-16,4,-33,5,-73,2
62.965922,23,5,-3,2,-1,63,3,37,2
62.968651,30,36,4,-3,1,-11,-31,18,2
62.968655,3,38,0,-3,-4,41,13,22,2
62.988510,36,61,2,1,3,-9,-4,27,2
62.988528,-62,-66,0,3,3,-38,-11,-18,2
62.989325,70,67,-4,-3,-2,27,6,23,2
62.989404,-51,-29,-7,1,4,-10,11,14,2
63.011502,35,49,10,5,13,19,-6,-7,2
63.011524,-16,-61,5,16,-21,-26,-3,-6,2
63.012631,18,114,9,-1,7,1,5,7,2
63.012639,20,-58,-13,-9,-15,-3,-7,-21,2
63.025946,-48,16,-8,-9,-9,1,3,10,2
63.025962,94,92,17,0,6,4,5,7,2
63.027162,-42,-36,-15,-4,-1,-3,5,7,2
63.027167,56,40,6,-6,-3,-1,-13,-3,2
63.050359,-59,126,10,10,3,-6,4,3,2
63.050365,-6,-66,-4,-4,-1,19,-4,19,2
63.050367,38,4,-2,-5,6,-20,-7,-51,2
63.050368,-41,18,-5,-18,5,11,-6,3,2
63.072045,19,17,2,9,0,17,3,26,2
63.072071,17,45,8,0,-3,-16,8,-24,2
63.073322,2,62,4,1,-8,-26,-10,22,2
63.073328,-101,-33,-4,-6,1,22,15,-17,2
63.086411,42,-48,-13,-2,24,11,-10,-12,2
63.088197,11,48,2,0,-28,-31,3,10,2
63.088204,34,66,4,2,16,6,-8,-2,2
63.088206,-64,-77,-12,-1,-1,42,-8,-1,2
63.108415,-43,-45,-7,-6,-19,-50,2,12,2
63.108440,11,75,1,2,15,19,-19,10,2
63.109811,-33,-70,-6,7,8,-44,18,-45,2
63.109821,15,45,11,1,-8,0,-17,14,2
63.131884,-1,-57,0,-15,1,24,2,-7,2
63.131906,-20,-62,-3,-2,7,6,5,3,2
63.132528,34,46,-4,0,-7,-2,1,22,2
63.132547,20,61,0,2,4,-9,5,4,2
63.145870,17,13,16,0,-9,-8,0,-13,2
63.145891,-33,15,2,2,0,-10,5,-5,2
63.146524,1,-15,-11,-13,-1,15,16,42,2
63.146608,81,53,9,16,17,17,7,-8,2
63.169095,62,3,-4,3,-8,9,-8,20,2
63.169124,-21,-87,-6,-2,-5,-15,2,-23,2
63.171570,35,47,5,-11,-1,17,-5,1,2
63.171578,11,21,-1,14,5,-25,-11,11,2
63.191589,-30,16,3,11,0,-9,12,23,2
63.191596,-4,-43,3,-2,-4,5,-6,5,2
63.192276,17,-58,-20,-9,1,5,-3,6,2
63.192289,-82,-12,-3,-10,-6,-42,-11,-36,2
63.205996,80,0,-6,1,11,15,-14,-18,2
63.206003,56,-79,-8,-10,-4,13,12,13,2
63.206529,-23,71,6,-1,-6,-32,-1,8,2
63.206535,-16,-11,1,-3,8,-4,-5,-16,2
63.228414,7,-26,-8,-5,-19,25,5,-1,2
63.228436,-25,115,0,-4,3,4,6,8,2
63.229382,3,32,3,-9,-16,-1,-8,20,2
63.229386,24,71,-2,3,17,-4,-6,-11,2
63.254045,-23,-13,1,7,9,9,6,-7,2
63.254050,-9,94,-2,-7,-10,-22,-12,1,2
63.254053,3,-78,3,11,5,2,-2,11,2
63.254055,-40,-29,1,-3,-1,22,12,15,2
63.265704,-8,23,-2,-6,-7,-10,-7,0,2
63.265738,7,-10,-3,-4,-1,0,-2,-19,2
63.273654,5,-14,-3,14,3,8,12,-12,2
63.275185,-6,-70,-1,-3,-18,-19,-14,41,2
63.288609,-75,125,6,-16,-14,5,-16,-65,2
63.288635,0,-94,-15,0,19,11,3,46,2
63.289198,-7,-10,-2,-3,-11,-18,4,-24,2
63.289218,4,2,-9,-12,-6,-6,-9,-15,2
63.311566,5,30,8,8,4,-4,7,4,2
63.311588,39,12,5,0,-9,-9,-4,10,2
63.312716,-37,-7,11,-3,7,-20,-8,7,2
63.312720,27,-25,-12,-4,-17,-2,17,11,2
63.326004,23,43,-14,-8,25,28,-6,1,2
63.326021,-10,10,5,4,-7,-7,-3,5,2
63.327548,-20,-54,7,17,10,9,-8,0,2
63.327552,5,-9,-11,-12,-11,-16,3,4,2
63.348284,13,-3,5,9,-2,28,-12,-30,2
63.348297,30,0,-4,-5,3,-55,5,-12,2
63.348956,-43,-29,-3,-7,-7,21,-13,10,2
63.348968,4,25,8,11,7,-12,7,2,2
63.371682,-5,43,-8,-10,2,-12,6,5,2
63.371708,-71,-43,-1,-2,-22,2,-3,-29,2
63.373358,50,-7,4,-4,9,23,11,-1,2
63.373362,-57,-105,-3,1,2,1,-2,5,2
63.386166,55,28,-7,4,3,-19,4,-12,2
63.386186,-40,30,4,-2,13,11,7,-18,2
63.388614,7,25,-5,2,-1,4,-7,10,2
63.388621,-14,-13,7,-1,-13,-7,7,1,2
63.410170,18,-28,4,-5,14,-1,-3,14,2
63.410176,35,-1,-1,12,0,2,1,-6,2
63.410178,-43,-40,-1,4,-3,26,4,2,2
63.410180,59,80,9,6,2,-11,1,-35,2
63.431774,-83,-122,-6,-1,-2,-26,-18,9,2
63.431803,38,46,-2,-6,-1,42,19,-8,2
63.434059,20,13,-1,-1,24,5,11,4,2
63.434063,18,31,-4,3,-27,-2,-17,20,2
63.445211,-11,41,-2,5,-4,-17,2,-3,2
63.445237,-68,-79,2,7,5,7,2,-1,2
63.453789,23,12,-6,-1,-5,1,-17,6,2
63.453813,-4,21,8,-4,9,-1,-1,-25,2
63.469092,18,-38,-6,-3,-17,3,11,30,2
63.471339,-23,12,5,1,16,-3,-1,14,2
63.471356,9,49,9,2,-16,-6,6,-24,2
63.471358,-22,48,-15,-2,1,27,-11,6,2
63.491718,22,21,-1,-2,0,-1,3,5,2
63.491788,17,4,0,-9,1,-9,0,1,2
63.492531,-6,-78,-1,5,-2,0,1,0,2
63.492548,-31,-28,1,-3,2,0,-3,12,2
63.505533,33,44,6,-10,-20,-16,-2,4,2
63.505551,66,70,-2,10,27,-2,5,17,2
63.513508,-28,-59,-8,10,-6,-33,-10,-34,2
63.513537,24,-3,-2,-3,18,6,3,16,2
63.528419,14,-72,-1,7,-8,-7,4,-4,2
63.529842,12,63,7,-4,-7,-12,-3,12,2
63.529854,-21,43,5,-5,-11,2,-2,-1,2
63.529860,20,-20,4,3,22,26,4,-4,2
63.551697,-40,-58,-13,-4,-8,-11,3,11,2
63.551702,-6,-29,-7,-9,-6,7,-20,-40,2
63.552259,15,-4,4,-4,3,9,2,26,2
63.552265,-7,24,3,6,-5,-4,-15,-18,2
63.567272,-9,-38,-1,-3,6,11,2,-4,2
63.567279,13,-7,4,2,-2,10,-6,-6,2
63.573620,-9,-46,-5,-17,-10,-11,1,28,2
63.573642,78,68,9,23,-7,-17,8,13,2
63.588838,2,120,-4,5,-2,-7,8,-16,2
63.588860,-56,-22,-7,2,5,24,-28,1,2
63.590778,18,74,-2,-5,4,-3,1,6,2
63.590784,-41,-14,-1,-3,-5,-8,0,-5,2
63.613152,-49,-50,-1,-4,0,8,5,-13,2
63.613159,57,33,1,-4,-15,-6,5,6,2
63.613161,-8,-24,-7,7,13,6,2,-7,2
63.613163,8,-8,-6,-21,-2,-11,1,-4,2
63.625738,-43,-27,7,4,2,12,-7,-5,2
63.625760,-7,-61,-4,-3,-10,-15,6,0,2
63.633810,27,88,-7,-5,-4,-8,-2,10,2
63.633836,-58,-87,-21,-8,-2,0,4,-22,2
63.648757,2,-65,-2,-15,2,-5,-6,4,2
63.648782,13,7,2,4,0,-4,5,19,2
63.650149,15,-10,0,2,-4,9,2,-30,2
63.650190,15,8,-2,-9,-3,-13,-7,7,2
63.673179,14,81,6,6,5,25,7,-4,2
63.673187,-30,5,-2,3,-4,-68,5,-13,2
63.673189,-28,-91,-9,-9,0,58,-7,8,2
63.673190,36,43,-5,-2,-13,-30,-6,-2,2
63.686012,38,82,-5,-2,20,-5,-3,-6,2
63.686042,5,-48,0,6,-16,-1,7,-1,2
63.693368,-78,39,4,6,-8,-10,1,-5,2
63.693386,-73,-22,-3,4,4,4,-5,-46,2
63.708427,3,-40,0,0,1,4,0,17,2
63.708445,24,106,5,-6,-2,9,-5,12,2
63.709333,25,37,-7,3,-4,-19,-5,-47,2
63.709343,21,-52,5,3,-7,20,8,20,2
63.732131,18,-120,-4,-9,1,-23,-2,1,2
63.732160,17,86,3,-13,-2,12,-11,14,2
63.733849,19,-73,0,4,-5,-3,-5,-4,2
63.733853,-1,-33,2,-2,16,6,4,0,2
63.754302,-6,-6,0,-3,-4,21,-5,16,2
63.754318,-13,0,4,1,-10,-57,16,5,2
63.755023,-22,76,-2,-8,-4,19,-23,-15,2
63.755035,53,-17,-2,-6,14,18,6,2,2
63.768351,-38,31,7,8,-5,8,-8,3,2
63.768365,-10,-7,-6,0,4,8,4,-13,2
63.769506,24,34,6,-1,14,-6,7,16,2
63.769518,-24,4,1,2,-12,2,1,-25,2
63.791797,-19,-4,-2,-4,-4,-3,-4,4,2
63.791820,-14,-78,3,4,14,17,-8,-9,2
63.793245,51,55,-1,3,-10,-16,-1,1,2
63.793250,-13,-51,-1,-3,4,-1,-4,0,2
63.814084,17,-27,-4,4,-6,-12,-3,10,2
63.814098,-17,-48,-3,-11,-12,13,0,-21,2
63.814897,-30,-64,-8,-2,6,-13,3,23,2
63.814963,-30,87,6,-2,-10,-10,2,4,2
63.828400,13,43,-6,6,-2,-6,-2,-6,2
63.828406,7,28,-5,-2,-4,12,-6,-29,2
63.828997,33,-39,4,-8,1,-2,5,27,2
63.829010,-3,51,9,8,4,-5,-2,-16,2
63.851314,17,-80,-17,-8,-5,-8,-6,8,2
63.851335,-50,31,-2,-1,1,-2,4,-22,2
63.853807,-40,19,7,2,-1,42,-1,-25,2
63.853821,88,-18,-5,-3,-8,-11,-2,9,2
63.874803,19,79,7,0,-1,-4,7,8,2
63.874809,-14,-26,-5,10,22,2,-5,2,2
63.874812,-3,-4,11,11,-1,-12,5,-16,2
63.874851,-13,-74,-3,-7,-17,-9,-8,13,2
63.888604,-15,-27,-5,-1,12,30,-7,-21,2
63.888653,65,10,-3,3,-2,3,-2,12,2
63.890417,-38,-41,-4,-6,2,-8,2,-5,2
63.890424,20,38,-6,-4,-8,-9,-12,-5,2
63.911589,13,77,8,-1,-3,-14,-3,19,2
63.911605,-61,-48,-6,0,-3,8,-5,-65,2
63.912244,57,-8,-4,-1,-3,-16,4,-10,2
63.912274,26,105,2,0,-3,3,11,43,2
63.934615,-6,-24,-2,-7,-5,-7,11,-33,2
63.937648,37,-2,-1,14,5,-1,-20,21,2
63.937660,-42,28,2,-5,-8,-5,1,-3,2
63.937661,-30,23,-6,0,9,17,5,5,2
63.948962,27,46,2,2,-6,-1,3,5,2
63.948994,-51,-44,9,-3,-3,0,6,24,2
63.951260,30,-9,-14,-9,-3,2,-6,-8,2
63.951264,3,40,0,-7,-4,-2,-1,-4,2
63.972043,-6,-104,4,4,10,-6,3,44,2
63.972057,-96,-28,-11,-9,-5,4,-2,-55,2
63.972492,32,0,-1,2,3,-3,-4,4,2
63.972506,-8,-5,-5,-12,-3,3,2,-3,2
63.994115,12,49,3,10,-6,-3,1,18,2
63.994138,15,-58,-7,-9,-6,-15,-5,-17,2
63.995324,33,10,5,3,15,13,7,18,2
63.995333,-36,-66,3,2,0,13,7,-8,2
64.008516,9,57,0,10,4,12,0,-11,2
64.008533,-5,36,-8,-5,4,7,-4,26,2
64.009782,-45,7,-1,-3,-9,-33,12,3,2
64.009786,40,-27,12,9,-4,35,-5,1,2
64.034027,-46,-15,4,-2,1,-9,-5,-10,2
64.034033,3,57,2,-2,-7,-5,3,13,2
64.034035,-53,-37,-3,0,5,10,1,2,2
64.034036,-15,-31,-1,3,-1,-36,-12,14,2
64.054390,56,45,-10,-15,-7,12,5,-16,2
64.054412,-8,46,-2,-1,7,22,7,17,2
64.056199,5,54,-1,1,10,-12,-4,-25,2
64.056207,-4,-22,5,2,-2,-7,-1,-1,2
64.069057,-9,0,-1,-7,-11,-7,0,11,2
64.071625,51,109,-5,-5,7,-2,-6,-31,2
64.071632,-49,-95,0,1,-5,1,-11,8,2
64.071634,-30,-19,-12,-6,1,-19,14,-16,2
64.092210,3,67,13,3,-8,2,-7,8,2
64.092239,23,-2,-3,-1,3,6,4,-2,2
64.094790,38,26,4,0,-6,-1,-4,-9,2
64.094796,-15,28,-8,-4,1,-8,-7,-6,2
64.114551,-9,-8,2,-2,-3,-8,-1,20,2
64.114571,4,-103,4,3,-4,-6,3,20,2
64.114980,42,68,4,0,-8,12,6,-9,2
64.114998,-9,-69,-16,-15,-11,-35,-22,-19,2
64.128418,14,33,6,11,2,-14,2,0,2
64.128440,-13,-99,-8,-13,9,32,-4,9,2
64.129317,-16,-21,1,9,-1,-12,-2,-6,2
64.129438,32,102,10,-1,0,6,10,10,2
64.152229,-17,-64,-9,0,-2,22,-8,-39,2
64.152257,37,-10,-3,-1,-18,-18,5,11,2
64.154592,36,17,6,-6,1,1,1,37,2
64.154753,-68,66,-3,0,3,-1,-9,-21,2
64.174123,-8,-36,2,2,3,-12,-2,-49,2
64.174145,21,14,1,3,-5,-3,4,11,2
64.174921,-23,29,-13,-8,-6,1,-6,0,2
64.175023,32,-105,2,-1,3,8,-3,21,2
64.188795,-18,-37,-5,-7,3,-5,8,-18,2
64.188802,37,86,8,1,-5,-12,-8,16,2
64.189347,-31,-65,-2,-3,8,0,1,-28,2
64.189369,-50,42,1,1,-7,4,0,-23,2
64.211557,-19,85,1,-7,-15,-15,-4,5,2
64.211579,69,109,-9,-7,38,4,-1,7,2
64.214022,-2,-81,-10,-8,-34,27,-23,4,2
64.214026,3,11,7,-5,16,16,18,17,2
64.234423,58,-39,-2,11,0,-37,-1,10,2
64.234429,-76,-34,0,-14,-17,-3,-3,-29,2
64.234671,8,0,-1,-3,12,-10,3,19,2
64.234677,17,41,0,-1,-5,2,-8,2,2
64.251038,-37,-58,5,-3,2,11,-3,-8,2
64.251044,37,77,-3,0,-8,-2,3,25,2
64.251046,-15,-1,0,-4,-5,-35,-6,-7,2
64.251048,23,-30,-1,6,0,-5,3,27,2
64.271679,4,28,-1,-2,9,15,0,12,2
64.271704,0,-7,3,17,-5,-11,3,-16,2
64.273017,7,22,0,1,2,17,3,-1,2
64.273025,4,0,-1,6,-1,3,-3,-28,2
64.294078,-14,-32,-3,-7,1,0,0,6,2
64.294095,-28,-29,-1,-3,1,-3,4,6,2
64.295389,-18,-37,-3,-7,-8,-9,-9,6,2
64.295394,69,74,11,2,2,-7,-7,-13,2
64.308595,10,-117,-20,-6,-4,4,-8,-53,2
64.308628,-18,-56,2,0,-15,1,3,17,2
64.309945,18,64,8,-2,3,-5,0,-19,2
64.309951,2,-41,0,5,2,1,-2,-17,2
64.331898,-22,53,3,1,-3,7,3,6,2
64.331922,-32,29,-3,-5,6,-20,-15,4,2
64.333787,-7,20,1,-5,-3,21,9,-14,2
64.333795,-2,36,-2,9,3,-2,-1,-6,2
64.354345,24,-20,-7,-6,4,13,7,38,2
64.354363,-1,-28,3,5,-4,-22,-11,-11,2
64.355742,6,39,2,-4,0,-1,-2,10,2
64.355748,-16,50,-2,3,-3,5,4,0,2
64.367863,-3,-17,-2,-11,3,-6,1,20,2
64.367899,-9,-26,-5,-2,-3,4,-5,-52,2
64.375873,13,40,1,5,-6,-6,0,11,2
64.375889,16,-111,-11,-13,18,5,-2,15,2
64.391582,-66,38,5,1,-8,-4,-8,-29,2
64.391596,69,-8,-4,1,-1,6,3,25,2
64.392223,-5,-44,-16,-5,-9,-2,-2,-9,2
64.392236,-45,-18,1,7,1,-4,-1,0,2
64.414596,55,45,9,2,-1,-4,-4,-2,2
64.414625,-26,24,-9,-19,-8,6,10,14,2
64.417334,-9,-97,-3,23,4,0,-2,8,2
64.417338,-36,96,-15,-15,-7,-6,-6,-14,2
64.428415,-2,-48,-2,9,1,-2,-1,9,2
64.429859,69,78,11,0,-2,4,1,47,2
64.436045,-6,-81,-14,-6,1,-1,8,-13,2
64.436063,53,42,5,-5,-8,-1,1,22,2
64.454131,-25,2,0,8,8,4,-5,-34,2
64.454141,30,-27,5,13,8,-9,-4,5,2
64.454143,-23,-30,-3,-11,-3,-1,0,33,2
64.454145,16,-85,-9,2,-4,-29,-5,-40,2
64.474315,-9,12,-5,-4,-3,28,14,5,2
64.474344,-4,-82,3,-12,0,-11,1,-6,2
64.475126,37,92,16,9,9,-4,-2,1,2
64.475148,26,-18,-4,-6,-7,-4,11,-4,2
64.488023,-29,-26,-6,-3,-2,-14,-14,-9,2
64.488050,-79,-50,2,-10,-7,5,2,-15,2
64.496624,2,42,1,3,1,-2,-1,-9,2
64.496646,-15,11,-4,-14,-9,3,2,34,2
64.511665,4,44,0,-7,-2,-5,0,-51,2
64.511687,-33,-83,5,25,3,9,-1,-16,2
64.514538,-8,-8,-1,1,1,-6,-8,-3,2
64.514544,-20,-29,-4,5,-4,14,-1,4,2
64.534193,-23,-25,4,0,8,-5,-3,-2,2
64.534209,24,63,-2,1,1,1,-3,20,2
64.534801,2,34,-9,-5,0,-1,-2,-37,2
64.534819,-8,16,0,0,-1,0,-8,8,2
64.547677,10,-21,0,-4,-7,-3,6,21,2
64.547690,-3,95,8,0,9,1,0,-22,2
64.556224,29,-2,-7,-3,-32,-43,1,11,2
64.556242,7,-40,2,0,16,90,12,25,2
64.571649,53,70,-2,0,-6,-25,-3,16,2
64.571680,-21,-116,-9,-5,0,5,1,-3,2
64.572631,27,67,5,-2,7,-5,-2,1,2
64.572636,-41,2,8,3,-4,-18,-3,-10,2
64.594048,5,-1,-8,0,-12,2,-2,-10,2
64.594062,11,49,3,-3,8,3,2,4,2
64.594667,6,-2,4,6,2,11,-7,25,2
64.594680,14,10,1,0,4,-18,5,14,2
64.607715,-13,-36,10,17,9,12,-2,-14,2
64.607720,-45,59,-1,-5,-8,-18,-1,-21,2
64.616272,-33,-37,-2,-4,4,19,7,-6,2
64.618927,15,-65,0,-1,-2,-7,-5,-4,2
64.631633,5,68,-4,-21,-2,-5,-2,31,2
64.631655,5,14,-1,4,-7,-4,-3,-15,2
64.633842,46,-50,8,2,2,9,6,4,2
64.633845,-29,-27,-6,-7,-4,-19,-10,-7,2
64.655472,35,74,-4,7,-1,-6,4,12,2
64.655483,-14,-93,-11,-15,-8,7,-1,-4,2
64.655485,-21,22,2,11,6,13,-5,3,2
64.655608,-12,86,6,-6,-2,-22,18,-10,2
64.677282,-50,-57,-9,4,-5,21,-42,-5,2
64.677311,25,-38,-5,0,-4,-11,8,6,2
64.679020,7,94,3,-7,1,0,6,31,2
64.679028,-75,2,-4,7,-3,-3,-11,-67,2
64.691638,34,19,4,-18,-12,-25,9,10,2
64.691660,2,33,5,17,4,14,-1,-3,2
64.692812,-17,-114,5,-1,5,0,-7,-27,2
64.692817,20,60,-10,-9,-11,-18,-9,40,2
64.714630,6,-81,-13,-8,2,8,3,-31,2
64.714659,-5,-7,2,-1,18,4,-8,2,2
64.717025,-16,-46,-8,0,-2,-16,-3,-13,2
64.717032,27,8,8,-2,4,21,5,0,2
64.736600,-1,-50,4,14,1,4,6,11,2
64.736623,55,106,-1,-6,-8,6,-3,8,2
64.737712,-14,-4,-7,-10,2,-15,-2,17,2
64.737733,31,-21,0,-2,-3,0,-22,-17,2
64.751623,-9,-37,0,-2,9,7,7,-1,2
64.751647,8,-35,-2,-5,-7,-10,-12,6,2
64.752421,-4,77,0,-6,-2,8,4,-2,2
64.752440,-28,-53,0,-4,1,-4,0,-2,2
64.774162,1,82,0,5,-6,15,6,13,2
64.774184,-57,54,-2,-12,-3,-12,-10,7,2
64.775912,25,-46,-13,-6,-5,3,1,0,2
64.775920,-14,-14,1,6,-1,4,3,3,2
64.796486,22,31,4,-2,-1,-22,1,13,2
64.796493,0,76,-3,-1,0,2,0,6,2
64.797211,-47,3,7,5,-6,1,-8,-23,2
64.797228,-1,-6,10,17,8,-32,-5,5,2
64.811752,11,59,-12,-6,3,44,-1,24,2
64.811758,13,7,-12,-5,-14,0,-7,-27,2
64.821199,-47,-19,3,8,7,0,4,-35,2
64.821205,52,50,-1,-5,-4,-5,-4,5,2
64.834681,-15,39,1,6,2,-7,-2,-21,2
64.834709,-46,-91,-4,0,-5,2,6,-6,2
64.836935,58,91,6,-6,-6,-9,-16,26,2
64.836943,-17,-3,-6,9,3,-1,3,-19,2
64.857379,-43,-83,0,-3,-1,11,-11,-39,2
64.857385,-10,-51,-15,-1,3,-1,0,-3,2
64.858116,-2,18,1,-8,-5,9,8,26,2
64.858122,35,-54,-7,2,3,2,-4,19,2
64.870607,0,-14,5,-4,-3,-14,-1,11,2
64.870639,8,-29,8,8,2,0,2,10,2
64.881269,5,-15,-1,2,2,4,-3,-15,2
64.881273,-14,-29,4,-1,-8,7,6,-33,2
64.894025,-7,-20,-19,-8,-7,-17,-1,20,2
64.894040,-28,11,2,0,2,5,1,10,2
64.895451,11,11,-4,-21,1,-3,1,-17,2
64.895464,15,3,1,12,3,-1,0,11,2
64.916864,-3,13,2,-2,-1,-8,0,14,2
64.916893,8,-25,18,20,9,1,3,9,2
64.918978,17,14,-8,-3,-3,-1,4,18,2
64.918984,-63,67,-5,-14,2,18,-1,-20,2
64.930628,-39,-65,-10,-5,-5,-48,-3,-8,2
64.930657,6,-36,-1,-10,-1,15,-6,8,2
64.940234,20,56,-1,-2,-5,2,5,-8,2
64.940240,2,-40,-3,7,8,-2,-1,8,2
64.954363,26,23,10,16,10,14,8,3,2
64.954384,41,24,-4,-8,-8,-7,3,-5,2
64.955870,19,-8,0,9,8,-3,0,-14,2
64.955887,-18,-15,-8,2,-10,-12,-4,-6,2
64.977446,-9,-44,0,-12,-1,3,1,24,2
64.977485,9,9,-1,6,-3,-8,1,-16,2
64.979538,1,7,2,7,2,16,-11,1,2
64.979543,41,-1,9,-10,-3,-7,4,17,2
64.990248,-33,9,-7,2,-16,5,-11,-18,2
64.990270,21,-26,-7,-4,5,6,1,0,2
65.001116,-13,15,1,0,-3,-13,1,-3,2
65.001122,-9,-49,2,-23,-4,-2,-14,-9,2
65.014136,36,-11,2,4,-1,-12,2,-2,2
65.014150,-8,7,-5,2,-6,-19,-11,-15,2
65.015768,-23,-52,-2,-2,4,0,4,-2,2
65.015850,-21,19,-5,-5,-9,1,1,18,2
65.036921,58,34,-1,-12,15,1,6,28,2
65.036952,-11,-69,1,7,-16,4,-7,-27,2
65.038935,1,-55,-13,-1,-6,-6,2,13,2
65.038940,-12,75,-3,-10,4,-8,0,0,2
65.050920,-9,23,7,7,1,13,-1,3,2
65.050943,3,11,-2,0,5,0,6,2,2
65.060047,-15,-7,4,-3,0,-1,-4,-6,2
65.060055,36,-15,1,2,-10,8,4,21,2
65.075405,29,36,4,6,2,-2,-4,-8,2
65.075410,-36,-9,0,-7,3,0,-1,10,2
65.075569,-20,-45,-5,7,-1,-7,-4,-11,2
65.075614,-38,-102,-6,-3,-9,-18,1,-10,2
65.096997,-1,84,-4,-10,15,25,12,-16,2
65.097019,27,66,-6,3,-2,2,-16,6,2
65.099317,52,57,-7,-14,-4,2,1,34,2
65.099321,-30,-83,-10,5,2,-16,-4,-19,2
65.111564,-44,-55,3,7,-6,-6,-5,-15,2
65.111583,15,28,-1,-9,3,4,2,-6,2
65.118108,-11,0,4,-4,7,9,4,5,2
65.118129,27,68,7,19,2,11,0,1,2
65.134752,22,10,7,2,-6,-8,-2,-4,2
65.134782,-20,17,-10,-8,-1,-1,-3,-25,2
65.136684,-46,-19,-4,-5,-2,-1,0,1,2
65.136694,-6,25,7,16,5,9,6,-4,2
67.159308,0,6,-4,-10,-5,-3,-2,0,0
67.159806,1,-8,-5,-5,-1,1,0,-1,0
67.161140,-3,-10,-6,1,-1,-1,-1,-5,0
67.161223,-5,11,5,-15,-2,-1,1,0,0
67.181837,-2,-7,1,5,-4,1,-1,1,0
67.181856,4,0,-5,-2,-1,1,-1,-1,0
67.184016,-5,-2,0,4,-3,-2,-2,1,0
67.184020,0,2,6,2,1,0,-1,-1,0
67.195217,1,-3,0,-2,-1,1,0,-4,0
67.195231,-5,-3,-5,-3,-2,-2,0,-2,0
67.205335,0,2,-1,-4,-4,0,-1,0,0
67.205341,-6,2,-12,-2,-10,-4,-2,-2,0
67.219823,4,-9,-3,-6,4,-1,0,2,0
67.223192,3,4,28,26,-1,-1,-1,3,0
67.223207,-5,1,-2,-7,5,-3,-2,-2,0
67.223210,-1,-5,-7,1,-1,0,-1,-2,0
67.241675,-3,-1,1,-3,-4,0,-1,0,0
67.241724,-4,3,-16,-11,-3,-1,-2,1,0
67.243064,6,-2,4,0,-1,0,0,0,0
67.243077,1,-7,1,7,0,-1,-2,1,0
67.255352,-3,1,-6,-6,-2,0,-1,-1,0
67.255364,0,-7,-13,-8,-1,-1,-2,-3,0
67.265607,-1,8,5,15,3,-1,0,-1,0
67.265616,-2,-5,-1,4,4,0,0,1,0
67.279517,1,2,5,4,2,0,-3,-1,0
67.279538,0,-1,-7,-4,0,1,-2,-3,0
67.281605,-4,-4,-2,-6,-6,-2,-2,-2,0
67.281609,0,-3,-4,0,-1,0,-1,1,0
67.302665,1,-4,-1,1,-1,-2,0,0,0
67.302674,-2,1,1,-3,0,1,0,-1,0
67.303214,-2,8,-1,-4,-3,-2,-1,0,0
67.303225,4,-17,-2,2,-3,0,-2,-4,0
67.315667,-3,-4,-7,5,1,0,1,-3,0
67.315698,-5,4,-8,-13,-2,-3,-3,-3,0
67.325141,3,1,13,2,5,-2,0,-1,0
67.325146,3,26,-21,10,-3,-1,-3,0,0
67.339342,-9,-46,29,-2,-2,1,1,-2,0
67.339366,4,2,4,9,2,-2,-1,-1,0
67.340975,0,-1,-5,-2,-3,0,-1,-2,0
67.340979,-4,-3,-5,-13,-5,-2,0,0,0
67.362071,2,7,-20,5,-1,-2,-1,2,0
67.362102,-3,-2,3,2,5,-2,1,-5,0
67.364805,-1,-8,1,2,-1,1,-1,-1,0
67.364816,3,3,4,0,-2,0,-2,2,0
67.375386,0,0,-3,-7,-2,-1,0,-2,0
67.375410,-1,2,2,1,-2,1,1,-1,0
67.386464,-4,-3,-9,-3,2,-1,0,0,0
67.386470,0,-3,2,-1,1,-3,-2,0,0
67.399729,4,11,8,-3,1,2,0,-2,0
67.399748,-2,2,0,-3,-3,-3,0,1,0
67.400820,-1,-6,-3,1,-5,-1,-1,1,0
67.402280,1,1,10,-8,5,1,-1,-3,0
67.421656,1,4,0,3,0,-2,-1,-1,0
67.421681,-6,-2,-6,-4,-2,-2,-2,-1,0
67.423409,2,0,-4,0,2,2,0,0,0
67.423413,0,-8,-2,-1,1,1,1,-2,0
67.436084,2,12,3,6,-1,-1,-2,1,0
67.436112,0,6,6,-2,-4,-1,-1,-3,0
67.445323,1,1,1,-10,-1,0,-1,2,0
67.445335,-19,-2,3,6,4,-1,-1,-3,0
67.459190,0,-6,-4,-7,-3,-1,-1,0,0
67.459207,1,6,-5,1,-2,-1,0,-2,0
67.460559,-2,-12,-2,-5,-5,-1,-2,-3,0
67.460572,-2,3,-4,-4,-3,-2,-1,1,0
67.481501,16,8,0,-2,1,0,-2,-2,0
67.481522,-22,-15,-3,-2,-1,-1,-2,-2,0
67.484099,4,1,0,0,-5,-3,-2,0,0
67.484102,4,-5,-4,-2,-3,-1,0,1,0
67.495256,-6,7,6,4,0,-2,-2,-7,0
67.495276,9,-5,-5,-3,-3,-2,-2,2,0
67.504478,-4,1,-3,-8,2,-2,-2,-2,0
67.504485,0,-5,-6,7,4,0,1,-1,0
67.520649,-7,3,10,1,-2,0,0,0,0
67.520658,1,-4,-6,-2,-3,-1,-3,4,0
67.520824,-3,0,1,-3,0,0,-2,-3,0
67.521014,3,-10,1,-7,-3,-1,-1,-3,0
67.541600,-7,-1,-12,1,2,-4,0,1,0
67.541617,3,12,14,3,-1,1,-1,0,0
67.543127,5,-7,-1,-2,-3,-1,0,-4,0
67.543165,2,-2,-4,1,-3,-2,-1,0,0
67.564238,-4,-1,-8,-4,-1,-4,-2,-1,0
67.564259,0,-4,-4,-3,-1,1,1,-1,0
67.566296,0,4,-3,14,2,-1,-1,3,0
67.566307,-8,0,19,-1,0,-1,0,0,0
67.579460,2,-5,-6,2,0,2,0,1,0
67.579489,4,-1,-2,-4,-1,0,-1,-1,0
67.581747,-5,-3,-3,-1,-2,0,0,0,0
67.581752,2,-1,-6,-6,-5,-2,-2,-3,0
67.601534,0,1,-8,-1,-9,0,-1,-1,0
67.601552,4,7,-4,-10,9,-1,0,0,0
67.603323,-12,-18,17,9,0,-2,0,-2,0
67.603352,7,3,-3,-1,-3,0,0,1,0
67.624199,-7,-3,-3,-4,-1,-1,0,-3,0
67.624222,0,3,2,-6,-5,-2,-1,2,0
67.625727,-10,2,1,3,0,0,1,-2,0
67.625733,1,2,-2,-8,-3,2,0,0,0
67.638667,0,-2,5,5,5,-4,-2,1,0
67.638690,-5,-4,-9,8,-2,1,-1,-1,0
67.645164,8,7,10,1,-2,0,-1,1,0
67.645181,-8,-7,2,1,-3,0,-2,2,0
67.662507,-1,-1,-9,-12,-3,-1,-2,-2,0
67.662511,0,-6,-5,0,-2,-2,-2,-2,0
67.662969,3,2,-3,-2,-2,-1,1,-1,0
67.663089,-5,1,-7,-3,0,-2,-1,-3,0
67.684473,-2,2,3,-3,-2,0,-2,-1,0
67.684499,-2,-6,-2,3,-2,0,0,-1,0
67.686979,-1,1,-9,-4,1,-1,-2,1,0
67.686995,1,6,-2,-3,-3,-3,-3,-1,0
67.698787,2,5,1,1,0,0,0,-2,0
67.698817,-6,-16,-1,7,-3,-1,-1,-2,0
67.705327,2,4,-6,-8,0,-3,-3,-1,0
67.705367,8,3,-2,4,-2,1,2,0,0
67.721935,8,-4,-1,-12,-1,-2,-1,-1,0
67.721959,-35,-3,8,4,2,-2,-1,-4,0
67.723634,3,2,-8,-6,-6,-1,0,-1,0
67.723688,6,2,2,2,4,0,-1,0,0
67.744475,-16,5,6,-1,-6,-3,-1,-1,0
67.744500,21,2,5,-8,3,-1,-1,1,0
67.745575,-12,-13,-11,-1,-1,-1,1,-5,0
67.746683,-6,-4,-1,-4,-1,-3,-3,-2,0
67.758422,-1,-11,-7,-2,-2,1,-1,1,0
67.758507,12,15,-1,0,-3,-2,-2,-2,0
67.765509,-1,9,4,1,1,-2,0,-1,0
67.765531,1,-19,-8,-4,-3,-1,0,-1,0
67.781951,3,5,-2,1,2,-2,0,-1,0
67.781981,-1,0,-3,3,-1,0,1,0,0
67.783654,4,3,0,-6,-2,-1,0,-1,0
67.783658,-4,3,12,7,0,-1,-2,0,0
67.804145,-3,-9,-12,-2,1,1,-2,0,0
67.804157,4,6,13,-6,-2,-1,-2,-2,0
67.805583,-2,5,-10,3,-4,-2,-1,1,0
67.805589,-2,15,-1,-3,0,-1,-1,-2,0
67.819600,-2,-36,-11,6,0,-1,-1,-3,0
67.819605,-2,-8,-10,-11,-7,-1,0,-1,0
67.825346,3,-1,7,-8,2,0,-2,-1,0
67.826620,5,14,-7,3,0,1,0,-3,0
67.841653,4,14,3,3,-2,0,1,2,0
67.841670,-3,-3,4,-3,-3,-1,-1,-1,0
67.843209,2,0,-13,-6,0,-1,-3,-1,0
67.843219,-5,-9,10,-1,0,-2,-1,1,0
67.866380,-3,3,1,-6,-1,-1,-1,-4,0
67.866385,-3,-4,-9,-2,-2,-1,0,0,0
67.866387,0,0,10,2,2,0,-1,2,0
67.866389,-4,-2,3,2,1,-1,1,-1,0
67.879059,5,-1,-3,7,1,-1,0,-1,0
67.879087,-5,4,1,-1,2,-1,-1,-1,0
67.885921,2,-6,0,2,-4,-1,-2,0,0
67.885940,-1,-3,0,-3,-1,-3,-3,-3,0
67.902006,-2,10,-4,-4,-1,-1,0,-5,0
67.904325,-1,-8,-4,-1,0,0,-1,2,0
67.904332,0,-10,-8,3,-4,-2,-1,-2,0
67.904334,-4,-1,5,1,-1,-1,1,-1,0
67.924602,2,7,0,-4,-4,-1,-2,2,0
67.924631,6,-3,-1,-1,6,-3,-1,1,0
67.927037,-2,-4,-8,-7,2,-2,-1,-3,0
67.927049,-6,1,-2,2,2,0,0,-2,0
67.938495,6,-3,4,3,-2,-1,-2,2,0
67.938523,5,4,8,4,-2,-1,0,-1,0
67.945619,7,0,4,0,1,1,0,0,0
67.945639,-4,-5,-7,-8,-2,-2,-1,0,0
67.961503,-5,1,-3,-6,-4,-2,-1,-1,0
67.961519,-2,-6,5,-1,-2,1,0,-1,0
67.963014,-6,-5,-3,1,-1,-1,-2,-3,0
67.963025,0,-1,-5,-1,-3,-1,-1,-1,0
67.984228,-3,7,3,1,1,0,1,-3,0
67.984249,-1,1,-8,2,-2,-1,-2,0,0
67.987036,-5,9,-16,-8,0,-3,-2,3,0
67.987048,3,-20,21,9,1,0,-2,-1,0
67.998522,-1,6,-6,-3,1,-1,0,-1,0
67.998545,-6,-3,-6,1,-2,0,0,-1,0
68.005537,2,-6,-2,-2,-1,-1,-2,-1,0
68.005572,6,4,-23,-13,3,-1,-2,-1,0
68.022496,-10,-1,19,4,2,-3,-2,-1,0
68.022504,-5,-6,-3,3,-4,-2,-2,-4,0
68.023156,5,6,17,12,2,3,0,-1,0
68.023195,-11,-6,-11,-6,-4,-1,-1,-1,0
68.044051,-7,-8,2,-2,-1,-2,-1,0,0
68.044075,7,17,-9,-10,-1,-3,-1,0,0
68.045836,2,-12,3,11,-3,1,0,-2,0
68.045854,-1,2,1,2,-3,-1,-2,-2,0
68.057803,7,3,-3,-9,1,2,-1,1,0
68.057828,-3,-14,-6,3,1,1,-1,-1,0
68.069006,3,19,20,-3,-2,-3,-3,1,0
68.069012,0,2,-3,1,0,-1,-1,0,0
68.081508,-1,-5,7,1,-1,-2,-1,-2,0
68.081530,7,8,-9,-2,0,-2,1,2,0
68.084740,-8,6,-6,-12,-3,-2,-1,0,0
68.084748,5,-30,1,-7,-5,-1,0,-1,0
68.104182,-7,1,-4,3,1,-1,2,-4,0
68.104209,0,-2,8,1,-3,-1,-3,-2,0
68.105855,-1,-3,-7,0,1,-2,0,1,0
68.105872,1,8,-4,5,-3,0,-1,0,0
68.117545,-1,1,0,0,-1,0,-1,-3,0
68.117552,-4,-9,-3,-5,-3,-1,0,-1,0
68.129343,1,3,4,3,-2,-1,0,-1,0
68.129350,-2,-3,-6,-5,0,1,0,-2,0
68.142103,-4,-7,-12,-1,-2,0,-2,2,0
68.142132,0,1,-1,-4,-6,-2,-3,-5,0
68.143495,-3,10,12,17,5,1,0,1,0
68.143501,0,7,2,1,0,-3,1,0,0
68.164394,1,-9,-10,-7,-2,-2,-2,-2,0
68.164413,1,-3,-25,-1,-3,-2,1,1,0
68.165873,-5,-7,34,0,-2,-1,-1,-2,0
68.165942,-7,4,-3,-11,0,0,-2,-1,0
68.177596,6,-3,-1,2,-1,0,-1,-2,0
68.177605,-3,3,5,4,5,0,-1,-2,0
68.188493,-5,-8,-15,-11,-1,-2,0,-1,0
68.188498,-2,3,0,7,0,0,-2,0,0
68.202247,0,-1,8,-5,-1,-1,-1,2,0
68.202277,-4,-3,2,2,2,-2,-1,-1,0
68.203994,-2,-4,-8,-4,-2,0,-3,-1,0
68.204008,-1,5,3,-1,-4,-2,-2,-2,0
68.225183,1,-3,-9,-3,-3,-2,-1,0,0
68.225192,0,-9,9,5,4,-1,-1,0,0
68.225514,0,-9,-7,-1,-2,1,-1,-3,0
68.225520,-2,4,1,-3,0,0,-1,-2,0
68.239439,1,1,-3,-3,-5,0,-1,0,0
68.239445,-3,-1,-5,-7,-3,-2,0,0,0
68.248571,-1,2,13,-3,1,-2,-2,-3,0
68.248577,-4,-2,-16,-8,-6,-4,-2,0,0
68.261544,2,-12,0,4,4,1,1,1,0
68.261566,1,4,7,0,0,-1,1,-2,0
68.263424,-5,-3,-15,-1,-4,-3,-1,-1,0
68.263461,4,-2,1,-4,-2,-1,0,2,0
68.285097,-1,2,0,6,0,-1,-1,-1,0
68.285102,2,4,-9,-6,-1,-1,0,0,0
68.285590,-2,-14,10,5,0,0,-1,-2,0
68.285596,-2,12,17,-8,1,-1,-2,-4,0
68.298346,11,-8,-5,7,0,-1,-2,0,0
68.298957,-2,3,1,3,0,0,-1,-1,0
68.307136,-14,-9,-15,-5,-2,-2,-2,-3,0
68.307141,2,1,-4,4,0,-1,0,0,0
68.321612,-5,4,5,0,0,-2,0,1,0
68.321638,1,-2,-2,-8,-5,0,-1,1,0
68.323157,4,5,-2,5,-6,0,0,-3,0
68.323179,-1,-4,-1,8,4,-2,0,-1,0
68.344058,-5,4,0,-1,0,-1,-1,-3,0
68.344080,-3,-5,-5,0,-3,-1,-3,0,0
68.345461,2,3,-4,-6,0,-1,1,1,0
68.345467,-1,1,-5,2,-3,-1,-1,0,0
68.357758,0,-12,6,-1,-1,0,-2,-2,0
68.357776,-6,9,-5,-3,-1,-3,-3,-1,0
68.367513,1,-9,7,-10,0,-3,-2,0,0
68.367519,1,3,0,5,0,-1,-1,0,0
68.381488,-10,-1,-9,1,0,0,0,-2,0
68.381507,6,-1,4,-1,3,-1,-1,2,0
68.382949,-5,0,-11,-5,-3,1,1,1,0
68.383098,1,-4,-6,1,-1,-2,-1,0,0
68.404830,-2,6,5,-4,-1,1,0,-2,0
68.406159,-5,-6,2,-1,-6,-3,-2,1,0
68.406164,4,-2,-8,2,2,0,-1,0,0
68.406167,3,-4,2,6,0,2,0,-2,0
68.417660,-7,5,4,-3,1,-1,-1,-3,0
68.417692,0,5,-1,0,-2,0,-1,0,0
68.427798,8,-6,-1,-4,0,-1,0,-1,0
68.427807,-18,-3,-1,1,-3,-2,-2,0,0
68.442030,7,-11,-7,-4,-5,0,0,2,0
68.442043,-3,10,3,-1,4,1,2,-4,0
68.443229,-1,-4,-7,2,0,0,-2,0,0
68.443340,0,-1,0,-3,0,0,0,1,0
68.464626,0,4,0,-1,-2,-2,-1,1,0
68.464654,-3,-7,2,3,1,3,0,-3,0
68.467299,-4,4,0,1,0,-2,0,1,0
68.467303,1,-5,-6,-5,-4,-1,-1,-1,0
68.486523,2,4,-4,-4,-4,0,-2,-1,0
68.486544,2,-2,-1,-4,6,-3,-3,0,0
68.488344,0,6,9,3,-1,1,1,-2,0
68.488371,4,5,18,8,1,0,0,-1,0
68.502508,2,3,0,-3,-3,-2,0,-1,0
68.502517,-7,-7,-3,1,-1,-1,0,-1,0
68.503185,-1,0,-4,-2,0,0,-2,-2,0
68.503209,0,-7,-6,-8,2,1,-1,1,0
68.524215,-2,-1,-1,-2,-2,0,-1,-1,0
68.524238,-2,-4,-1,-7,-8,2,0,-1,0
68.525966,4,13,3,17,11,-2,2,-1,0
68.525971,0,-27,-9,1,-3,0,1,0,0
68.548699,2,2,-1,3,3,-2,-1,2,0
68.548707,-2,2,-3,-1,-2,3,-1,-2,0
68.548712,-1,3,-5,-8,-4,-1,-1,-2,0
68.548716,-3,6,-6,-5,-1,0,0,-1,0
68.563586,-1,-3,2,-1,-1,-1,-2,-1,0
68.563598,2,-9,-4,-2,-1,-2,-1,-1,0
68.563603,-1,0,0,-6,-4,-2,-3,-2,0
68.563607,-1,2,-3,3,0,-3,-1,0,0
68.584232,-2,-2,1,-1,-1,1,1,-2,0
68.584254,-2,3,6,5,1,-1,1,-1,0
68.586771,-5,-6,-3,0,-3,-3,-2,0,0
68.586783,2,0,-4,-8,-5,-2,0,-4,0
68.605810,-3,4,9,6,1,-1,-1,-1,0
68.605831,-2,-9,-9,-12,-6,-3,-2,1,0
68.616217,-2,17,13,19,6,-1,-2,1,0
68.616223,3,-8,-6,-1,-1,1,0,-1,0
68.621666,-2,5,8,-2,2,-2,0,1,0
68.621701,-4,-3,-5,0,-1,0,-1,-3,0
68.623963,2,-3,-10,-12,-6,0,0,0,0
68.623968,-2,6,-3,-2,0,-1,0,-2,0
68.644677,-5,-10,-6,1,-2,0,-2,-1,0
68.644696,1,2,5,2,-1,-1,0,0,0
68.647254,-2,-4,-8,-12,-2,-1,0,1,0
68.647260,-5,-5,9,3,-1,-4,-1,-1,0
68.666505,1,4,-5,-7,3,-1,-3,-3,0
68.666527,1,1,3,2,-2,-1,-1,-1,0
68.668403,-5,-8,-7,-6,-1,-3,-1,-2,0
68.668444,-3,-1,5,-1,-1,-2,-1,-5,0
68.681225,-1,3,-2,-4,-5,-1,-2,1,0
68.681255,0,-6,-2,-3,-2,-2,0,1,0
68.687855,0,0,4,-3,-1,1,-2,0,0
68.687878,10,15,7,9,2,-1,-2,-1,0
68.704138,-18,-16,-10,-5,2,-3,1,-4,0
68.704154,1,2,-1,5,-1,-2,-2,-3,0
68.705552,-1,-3,-8,-10,-8,-1,-1,2,0
68.705567,0,1,0,-1,1,1,-2,-1,0
68.726836,-2,6,0,-7,-5,-4,-3,-3,0
68.726858,4,-1,-6,-4,2,-2,-1,0,0
68.728671,5,-10,-5,4,-5,-1,0,-1,0
68.728675,-8,3,8,6,2,-1,-2,-2,0
68.740929,3,3,-1,-1,0,0,1,0,0
68.740946,-7,-4,0,-4,0,-2,-1,-4,0
68.748190,2,0,-4,-2,0,1,-1,0,0
68.748228,-2,3,-6,0,1,-1,-1,2,0
68.766153,5,-14,-7,1,-2,-2,-1,-1,0
68.766161,0,10,6,-1,-3,-2,-2,-2,0
68.766166,-1,-2,0,1,5,0,-2,-2,0
68.766169,-2,-7,-5,1,-1,0,0,-1,0
68.786627,4,7,3,0,-1,-1,-1,1,0
68.786654,-3,0,1,-6,-1,-2,-2,-1,0
68.788871,-3,0,-2,3,-3,-3,-1,-1,0
68.788875,1,-1,-5,-10,-6,1,-1,-1,0
68.801270,3,2,1,15,6,-3,-2,0,0
68.801289,-3,-9,-9,-5,-5,1,0,2,0
68.808193,0,10,18,-1,0,-1,-1,-3,0
68.808214,2,-9,0,-5,1,-2,-1,2,0
68.824202,-4,0,-2,4,-6,1,-1,0,0
68.825905,3,1,2,2,2,0,-1,1,0
68.825914,-1,-2,-5,9,1,0,-1,-2,0
68.825916,-6,-3,-7,-8,-5,-1,1,0,0
68.846879,4,4,9,-6,-2,-3,-3,-3,0
68.846900,4,-1,8,2,2,3,1,-1,0
68.848317,-6,-4,-4,-3,-1,-1,-1,-2,0
68.849330,1,0,-1,-2,-3,-2,-3,1,0
68.860927,-2,-3,-10,1,-2,1,0,-1,0
68.860943,-4,-2,-1,1,0,0,-1,-1,0
68.868026,1,-1,0,0,-5,0,-2,-2,0
68.868062,1,-8,-13,-4,3,1,0,3,0
68.884601,-5,1,12,-5,-3,-2,1,-2,0
68.884622,3,-4,-4,2,-2,-2,0,1,0
68.887607,-5,-4,-3,-10,-2,-2,-1,0,0
68.887619,1,-2,-9,1,3,1,0,-1,0
68.906510,1,3,5,2,-1,0,-2,1,0
68.906522,-14,-5,0,4,2,-2,-2,-2,0
68.908011,5,-1,-8,-17,-6,-1,-2,-3,0
68.908027,-1,-4,3,17,0,-2,-1,-1,0
68.922610,-6,-3,-6,-12,3,-2,-1,-1,0
68.922616,1,-5,0,10,-1,-2,-1,-2,0
68.931303,1,0,-1,2,-3,-1,0,3,0
68.931313,0,10,2,-8,-5,-2,-2,-2,0
68.944016,2,-1,-2,-1,0,0,0,0,0
68.944033,0,0,-5,-3,-4,-2,0,0,0
68.945457,-5,-8,-2,1,2,-1,0,-1,0
68.945487,-1,-1,-2,-5,-2,-2,0,1,0
68.966537,-1,-3,-10,-3,-2,-3,-2,-2,0
68.966558,-2,1,3,-6,0,-1,-1,-3,0
68.969195,0,4,1,8,3,-2,1,0,0
68.969199,-1,-1,3,0,-3,1,-1,-2,0
68.980700,3,-1,-1,-3,3,1,0,-1,0
68.980734,1,2,-3,-2,-6,-3,0,1,0
68.990271,-19,-3,5,-4,8,-1,-2,-7,0
68.990278,1,-15,-9,1,0,0,0,-2,0
69.004215,-2,1,2,5,-2,-3,-1,-2,0
69.004232,3,2,0,0,-2,-1,-2,0,0
69.005912,4,4,-2,-3,-3,-1,-1,0,0
69.005930,-2,-7,-5,-6,-1,0,1,0,0
69.026797,-5,3,3,-4,1,-2,-2,-1,0
69.026817,-3,8,11,1,-2,1,-3,-4,0
69.028368,3,-5,-8,3,-3,-1,0,-1,0
69.028377,-6,-1,0,-3,3,-2,-3,-3,0
69.040252,6,-8,-14,-8,-7,-2,-2,0,0
69.040274,-6,-5,-2,0,-2,0,0,-4,0
69.051298,1,-1,2,2,2,-1,-1,2,0
69.051302,-4,2,-8,-6,-4,-2,-3,-4,0
69.063999,5,6,8,-1,0,-1,-1,-1,0
69.064012,-10,1,-4,-4,1,-1,-1,0,0
69.065521,-8,-14,-2,-10,-6,0,-1,0,0
69.065533,2,2,-2,0,3,0,0,2,0
69.087012,-3,0,2,-5,-4,1,-1,-3,0
69.087047,1,0,-8,14,3,0,0,2,0
69.089416,4,7,5,-2,3,-1,1,1,0
69.089423,0,3,0,-3,-3,0,-1,-3,0
69.100312,-5,-6,-3,6,-3,1,-1,-1,0
69.100334,8,4,-3,-10,-3,-1,-1,-1,0
69.109096,1,-4,-1,12,0,0,-2,0,0
69.109114,5,5,7,2,-3,-2,-1,-1,0
69.124095,-5,-7,-10,-5,0,-3,-1,0,0
69.124105,1,-3,-2,-3,1,-3,0,0,0
69.125606,-1,5,7,2,0,0,0,-3,0
69.125683,-2,0,7,-4,0,-2,-1,4,0
69.146715,-4,0,-5,-2,-4,-1,0,1,0
69.146737,1,-8,-2,-8,0,1,0,0,0
69.148886,-3,1,-4,4,-1,-1,0,-1,0
69.148892,-3,-3,7,-1,-1,-1,-2,-3,0
69.171084,0,-5,-5,1,-1,-1,-2,-1,0
69.171090,4,6,7,0,0,-1,-2,-2,0
69.171093,-8,-6,-11,-3,-4,-3,-1,0,0
69.171143,-8,4,9,5,1,0,-1,-3,0
69.187270,4,-1,-4,-2,1,-2,-1,4,0
69.187281,-1,1,-1,-2,-2,0,-2,-2,0
69.187284,5,-3,-3,-4,-2,0,-1,-3,0
69.187286,-3,4,-1,-4,1,-1,-1,-2,0
69.206649,-2,-1,8,11,1,1,0,0,0
69.206668,-5,-8,-9,-1,-1,-1,-1,0,0
69.208186,3,2,3,-6,-1,0,-1,0,0
69.208202,-3,-3,-5,-12,-7,-1,-2,-4,0
69.220394,-2,8,3,-6,-2,-2,-1,-1,0
69.220486,0,-16,-8,-1,0,-1,-2,0,0
69.231796,3,-2,-6,0,-2,0,-3,0,0
69.231811,-8,4,6,2,1,0,0,1,0
69.244791,3,-2,-6,-1,-1,2,-1,-3,0
69.244821,1,2,-5,-3,-1,-2,-1,-1,0
69.247048,-2,4,13,-1,-2,-3,0,1,0
69.247061,3,-10,-4,3,0,-1,0,0,0
69.267167,0,2,-1,-1,0,-2,0,-4,0
69.267187,-14,-6,-8,-2,-5,0,-1,-1,0
69.267953,3,7,-3,-11,5,-2,-2,0,0
69.267966,1,-7,12,13,2,0,0,-2,0
69.280106,2,-4,-3,2,-5,0,-1,-1,0
69.280119,2,0,4,4,5,-1,-1,3,0
69.289913,-1,-5,-5,-3,-3,-1,-2,-2,0
69.289918,-1,-1,-12,-11,-3,2,1,-3,0
69.304403,3,2,8,6,1,-2,0,1,0
69.304422,-8,5,7,3,0,-1,0,-1,0
69.306151,-4,1,4,4,-1,-1,-1,-1,0
69.306157,6,2,-8,0,-1,-2,-1,0,0
69.326514,-1,-8,-3,-11,-2,-2,-1,-3,0
69.326527,0,5,0,-3,0,-3,-2,1,0
69.327969,-8,-7,-2,3,-2,1,-1,-5,0
69.327982,10,-4,-9,-1,-2,-1,-2,6,0
69.340837,-20,0,4,-2,1,-1,0,-4,0
69.340841,7,-3,-2,0,-4,0,-1,-1,0
69.350864,2,-1,-2,-1,1,-1,-2,-1,0
69.350870,-2,2,-7,-3,-4,-2,-4,0,0
69.364101,2,7,-8,-4,-1,0,-1,-2,0
69.364124,-2,-10,14,6,4,-1,-1,-1,0
69.366560,-2,-7,1,-4,1,0,1,0,0
69.366564,2,4,10,6,-3,-2,0,-1,0
69.386938,3,-2,0,7,4,1,-2,-1,0
69.386980,-11,3,-9,-7,-5,-2,-2,-2,0
69.388796,2,-4,-10,-5,-3,-3,-2,-2,0
69.388802,-4,-1,4,6,-1,0,-1,-3,0
69.400629,-2,-3,-6,-6,2,-2,-1,0,0
69.400661,2,1,-3,-2,-2,-1,-1,-2,0
69.411357,-1,1,5,5,-2,0,1,1,0
69.411363,2,4,-2,-5,2,1,0,0,0
69.423335,-2,-7,-6,-3,-2,-2,-2,-1,0
69.423351,3,-5,-2,0,0,-1,-1,-1,0
69.430019,1,5,2,0,-2,1,-1,0,0
69.430041,-7,0,0,-4,-1,-3,-2,-2,0
69.447184,1,1,-6,-4,-3,1,-1,1,0
69.447213,1,-7,1,0,0,-1,0,0,0
69.449676,2,2,1,-2,1,-1,-1,0,0
69.449683,-2,-4,2,-3,-2,0,-1,0,0
69.469454,1,-4,-4,-7,-5,-2,-1,-4,0
69.469473,-3,8,0,5,-1,1,0,2,0
69.470925,-2,0,6,8,10,0,-1,0,0
69.470947,-4,-7,-5,0,2,-2,-2,0,0
69.483956,-2,2,1,-3,-1,-1,-2,-2,0
69.483969,0,3,2,2,-1,-2,0,0,0
69.485898,-4,-9,-4,-10,-7,-2,-1,-1,0
69.485917,3,-3,-13,-10,-8,0,0,-2,0
69.506673,-2,8,15,20,10,0,0,2,0
69.506705,4,1,1,-8,-2,-1,-2,-2,0
69.508721,-1,-9,-9,1,-1,-2,-2,-1,0
69.508732,-3,11,1,0,0,-1,0,-2,0
69.529426,-1,-4,-5,-9,-6,-3,-1,1,0
69.529430,2,3,3,0,2,1,-1,-2,0
69.530442,2,9,-3,1,-1,0,1,0,0
69.530455,-3,-10,-1,-5,-2,-1,-1,-1,0
69.544084,-2,-7,1,0,0,-1,0,0,0
69.544089,-6,-1,-7,-3,3,-1,-3,-2,0
69.545457,-3,-4,3,3,-1,-1,-1,-1,0
69.545496,-4,1,-1,-2,2,1,-1,1,0
69.566733,1,3,-4,-1,-2,1,-1,0,0
69.566762,-3,-7,-5,-7,-3,-2,0,-4,0
69.568392,11,4,9,5,0,0,-1,4,0
69.568395,-9,-1,-3,-1,-2,0,-1,-2,0
69.590406,3,-6,-2,2,1,0,0,0,0
69.590412,-4,3,4,-4,-3,0,-1,0,0
69.590617,0,-4,-16,-13,-7,-4,-1,-3,0
69.590627,6,5,18,21,5,0,0,-2,0
69.603861,-3,3,-1,-7,-4,-2,-2,-1,0
69.603897,3,-2,-5,-1,0,-3,-2,-1,0
69.610742,1,-4,-4,-6,-3,0,-2,-5,0
69.610764,3,3,-1,-9,0,-2,-1,0,0
69.627581,-8,-3,-5,4,-5,-2,-2,-1,0
69.627606,3,3,3,0,1,1,0,0,0
69.629887,-2,0,8,-8,-2,-1,1,0,0
69.629893,-7,0,-7,4,-2,0,-1,0,0
69.649916,7,-1,4,-3,2,0,-1,-1,0
69.649955,-3,-6,-9,-3,0,-1,-2,-4,0
69.652173,-12,-5,-4,0,-2,-3,0,1,0
69.652179,0,-1,-1,-4,1,-2,-2,0,0
69.663977,0,-6,-10,-3,-6,0,0,-5,0
69.664005,2,10,17,0,4,-1,-1,1,0
69.670364,-5,-17,-6,3,-1,0,-2,1,0
69.670437,5,1,11,6,1,0,0,-1,0
69.686773,-5,-4,1,1,-2,1,-1,1,0
69.686799,-4,-4,-4,-2,-4,-1,0,-2,0
69.688377,2,7,-3,2,0,1,1,-3,0
69.688399,1,1,-9,-6,-1,-1,0,-2,0
69.709198,-1,-1,0,-2,-1,-2,-1,0,0
69.709214,-4,-3,-7,-7,-1,0,-1,-1,0
69.710663,2,6,9,1,0,-2,-1,-2,0
69.710706,-3,-6,-4,-1,-1,0,-1,-1,0
69.723497,-2,6,0,4,4,-2,-1,-3,0
69.723519,-7,-10,-10,-1,-2,-1,1,-1,0
69.730752,0,2,-1,-1,-2,-1,0,1,0
69.733429,-4,-1,2,-10,-4,-1,-1,0,0
69.747851,-3,-1,1,1,4,0,0,-1,0
69.747856,4,-1,-6,-6,-8,-1,-2,-2,0
69.747972,-1,3,3,14,7,1,-2,-1,0
69.748011,1,1,-3,-4,-2,-1,-1,1,0
69.769002,-8,-13,-1,-3,-1,-2,-1,-1,0
69.769015,7,2,2,3,-5,-1,-2,-2,0
69.772445,-18,-5,-10,-8,-4,-2,-2,-2,0
69.772449,1,-1,1,-1,0,-3,-2,-1,0
69.783539,3,5,-2,-3,-4,-1,0,-2,0
69.783558,0,0,-2,1,1,-3,0,1,0
69.790653,0,-5,-6,-4,-3,-1,-1,-4,0
69.790681,-1,0,-4,-4,-2,-3,-1,-3,0
69.806608,2,-2,2,4,-1,-3,-3,0,0
69.806630,-5,2,7,3,5,-1,-1,-3,0
69.808628,6,2,-6,-3,3,0,0,-4,0
69.808640,-5,3,7,5,0,-1,-1,-1,0
69.829872,2,1,2,-9,0,0,0,-1,0
69.829983,5,-1,-11,0,-3,-2,1,0,0
69.830814,-7,-2,-3,-9,-1,0,-1,-1,0
69.832363,0,-17,-5,-2,1,-1,-2,-1,0
69.842683,-6,-2,2,4,0,1,1,0,0
69.842701,4,4,5,1,0,1,0,-1,0
69.850509,1,9,2,-1,-3,-1,-2,0,0
69.850628,-3,0,-3,-1,-3,0,-1,-1,0
69.866211,6,1,-2,-2,1,0,-1,0,0
69.866239,-7,-7,-2,-8,-4,-1,-3,-2,0
69.868691,-1,2,0,5,-2,-2,-2,-2,0
69.868695,0,2,3,-8,1,0,-1,-4,0
69.888487,0,-1,-2,11,0,-1,-1,-1,0
69.888499,2,8,1,0,1,0,0,2,0
69.889173,2,-8,0,-1,-1,-1,-2,-2,0
69.889178,3,4,-4,-6,1,0,-1,-3,0
69.902792,-7,-2,-4,-10,-3,-1,-2,-2,0
69.902817,-10,-1,-2,7,-4,-1,-1,0,0
69.910255,12,-13,-3,2,1,-2,-1,-4,0
69.910278,-14,-6,-3,14,-3,-1,0,-1,0
69.926299,-2,-2,2,-17,1,-2,-1,0,0
69.926319,2,-1,2,4,2,-2,-3,1,0
69.928240,0,9,1,1,-4,-2,1,0,0
69.928247,0,1,-3,0,0,-2,-1,0,0
69.951251,-1,-7,-3,-4,-2,0,1,0,0
69.951257,-3,-1,8,-10,-3,-1,1,-1,0
69.951259,2,0,-3,-2,-1,0,-1,2,0
69.951260,3,0,1,-1,-1,-1,0,-3,0
69.963098,-1,5,-3,3,-4,1,1,-2,0
69.963136,-3,-6,-4,-3,1,-2,-1,0,0
69.970832,-1,2,3,0,0,0,-1,0,0
69.970925,6,1,-10,2,-4,0,-1,0,0
69.986290,3,4,0,-2,-1,-2,-1,-2,0
69.986309,-6,-4,-1,0,1,0,-1,0,0
69.986842,1,-4,0,-4,0,-1,-1,-2,0
69.989176,-3,4,-4,-1,-2,-3,-2,1,0
70.008512,-5,-6,-1,-1,0,-1,-3,-1,0
70.008529,4,1,3,10,8,-1,1,-1,0
70.009918,-3,0,-3,-3,-3,1,-1,-2,0
70.009923,0,-1,0,1,2,-1,-2,1,0
70.022733,0,2,4,-1,0,-2,0,0,0
70.022800,-5,-2,1,-1,-3,0,0,-4,0
70.030142,-2,5,6,4,-5,-1,0,1,0
70.030175,1,-6,2,-11,7,-3,-2,0,0
70.045956,0,4,-6,-1,-4,-2,-1,-5,0
70.045987,-8,-16,-4,-3,-2,0,0,1,0
70.048455,-2,3,-4,1,1,-1,-2,2,0
70.048459,-2,-2,-6,-6,-8,-2,-2,-4,0
70.069255,-13,-2,5,-2,4,-1,0,-2,0
70.069283,0,3,5,-3,-1,-1,-3,-3,0
70.071965,-3,-4,-1,-2,-2,-3,-2,0,0
70.071971,-1,1,-1,2,0,1,0,-2,0
70.083029,8,1,-6,-4,-1,-3,-1,0,0
70.083066,-5,-8,-5,-4,-2,-3,-2,-1,0
70.090343,-3,1,-3,-7,-2,-1,-1,-1,0
70.090359,1,-1,-5,5,-2,0,0,1,0
70.106116,-2,-1,2,6,7,0,1,1,0
70.106131,7,5,-1,1,-3,-2,-2,-3,0
70.107070,1,-2,-7,-2,-3,-1,-1,-2,0
70.107074,-7,-10,-3,-4,-1,0,-2,-1,0
70.128507,2,8,4,3,-7,2,0,2,0
70.128530,3,2,3,10,7,2,2,1,0
70.130225,-2,-9,3,-5,-1,-3,-2,-2,0
70.130230,0,5,2,0,-1,0,0,0,0
70.143357,4,0,-2,-2,-4,-1,-1,-2,0
70.143381,1,0,-8,-9,-3,0,0,-2,0
70.152444,-5,1,0,6,0,-1,-2,-1,0
70.152449,1,-10,-3,-2,-3,-2,0,-1,0
72.168219,-46,-40,-4,-7,-4,8,4,-3,2
72.168745,10,18,2,-18,-1,4,3,-7,2
72.175942,-41,-94,-9,4,14,7,2,3,2
72.176022,8,88,0,-6,-15,-13,-8,2,2
72.190912,36,119,7,-7,5,7,14,9,2
72.190926,-24,-58,-8,9,-6,-16,-7,-49,2
72.191477,0,-105,-1,-9,3,-1,13,34,2
72.191491,-3,98,9,-2,8,-13,-4,-9,2
72.214557,15,1,4,11,-3,7,0,-13,2
72.214586,-19,-14,1,4,0,-8,2,43,2
72.216492,-11,-18,-28,-3,-3,-10,-7,-35,2
72.216496,-15,18,0,-2,-2,13,6,-6,2
72.228212,49,97,9,-2,-2,-4,0,14,2
72.228233,-38,15,-9,0,-4,-17,-10,-4,2
72.236236,-26,-42,-9,-10,-2,8,7,-48,2
72.236270,1,44,0,2,-10,-9,-3,42,2
72.253980,-90,-71,0,3,-6,14,-6,-55,2
72.253987,-18,-125,-26,27,11,-28,14,-39,2
72.253989,59,67,8,13,-9,1,0,55,2
72.253991,20,-22,-2,-16,-8,4,6,14,2
72.274522,-12,95,13,8,-1,-14,-5,-25,2
72.274551,-38,-21,1,-9,-10,-3,-29,-14,2
72.276982,34,0,-4,0,0,-4,7,-2,2
72.276986,16,48,-2,16,-5,-10,-1,-13,2
72.297065,39,-30,-4,-9,-3,3,4,29,2
72.297094,45,127,19,8,-4,6,9,29,2
72.299278,11,8,5,6,-1,1,3,24,2
72.299282,-25,48,22,10,-9,-6,-18,-13,2
72.311281,28,-96,-18,-3,2,-4,8,29,2
72.311310,-2,127,18,3,6,5,5,15,2
72.313395,-37,-104,-13,-4,-8,-1,-5,-11,2
72.313399,-14,86,-6,3,-1,-8,-14,-10,2
72.333958,-20,-85,-11,0,0,22,10,-27,2
72.333972,70,-39,-4,-4,-8,-31,0,-6,2
72.334607,47,30,-4,-7,-8,-5,-2,-4,2
72.334620,-43,-7,-13,-2,5,6,-9,-33,2
72.364400,61,106,13,-9,6,0,3,21,2
72.364405,-12,-119,-15,-7,10,44,-9,8,2
72.364596,15,27,21,-3,-16,-7,14,11,2
72.364602,12,-116,-6,-25,-7,5,-5,19,2
72.370851,-5,1,-9,-5,2,-3,-10,12,2
72.370878,-16,80,7,-11,-7,12,-12,-1,2
72.372809,45,83,7,3,13,-9,12,-6,2
72.372818,1,-68,-13,-10,-7,-12,-3,-16,2
72.395657,52,-87,-1,-7,1,-1,-4,-29,2
72.395662,69,78,7,-5,-1,-21,11,8,2
72.395663,14,-73,-19,-9,-7,-7,-17,0,2
72.395665,-34,23,-12,6,-1,-8,13,-12,2
72.417218,-40,-52,-7,2,-2,-6,7,1,2
72.417251,16,19,4,4,-5,-13,2,13,2
72.419946,-14,22,18,9,16,9,-8,-15,2
72.419951,-33,-73,-6,-3,0,9,7,-3,2
72.431224,20,36,0,-5,-11,-26,-16,19,2
72.431253,9,82,25,-3,-1,22,-2,1,2
72.433007,-30,21,-19,0,21,30,8,8,2
72.433011,53,-15,-4,-5,-5,-34,7,6,2
72.454293,10,49,-2,11,13,-19,-15,-77,2
72.454312,1,-2,4,3,-1,-14,12,36,2
72.456096,-11,15,6,-11,0,7,-44,-9,2
72.456103,5,20,-12,-10,-7,6,8,-25,2
72.477052,8,30,4,18,8,-5,-1,45,2
72.477088,-49,-45,0,1,1,4,-4,7,2
72.477709,8,104,-1,-6,-6,-11,-4,-31,2
72.477729,64,12,-4,3,6,-1,4,21,2
72.490922,-61,-52,-8,-9,-18,19,2,21,2
72.490945,-30,-98,-40,-1,-22,4,-14,-42,2
72.491585,-51,-58,17,7,13,-3,8,13,2
72.491607,18,79,0,-7,-8,-3,-15,11,2
72.514411,-17,4,6,9,5,0,22,31,2
72.514493,-38,58,1,-1,0,-8,-1,-18,2
72.515893,-2,-107,-11,-6,-11,-11,11,19,2
72.515896,-56,-21,9,11,9,21,-11,-26,2
72.536715,-15,-17,-3,-7,5,-11,-2,1,2
72.536755,57,7,-13,-11,-15,41,3,5,2
72.537334,-6,68,24,53,16,7,1,0,2
72.537352,-61,-108,-20,-17,9,-1,1,21,2
72.551853,23,-29,-12,-10,-4,8,-7,8,2
72.551860,49,49,21,7,-13,5,8,8,2
72.551862,-28,9,-16,-23,-9,-18,1,12,2
72.551863,-3,-113,-8,-2,-10,7,10,-18,2
72.574894,-16,90,6,17,6,-9,-1,-1,2
72.574925,-7,-99,-8,-12,10,-12,-8,-4,2
72.576737,10,-21,-1,-1,-1,10,1,10,2
72.576746,-42,-25,-8,-13,-8,-16,9,8,2
72.596420,60,83,5,-13,-5,10,2,-21,2
72.596427,-45,-55,-7,0,7,-13,-16,-6,2
72.597110,24,43,11,-9,-1,-4,-2,-9,2
72.597116,43,100,7,10,1,-20,-6,-7,2
72.611959,2,-95,-6,-3,-9,49,-1,-28,2
72.611964,-42,-62,-10,6,0,-2,35,42,2
72.611966,-44,13,-22,-9,-6,-2,-6,-66,2
72.611967,97,75,15,-13,2,11,-10,60,2
72.633969,-16,25,6,-3,-1,-11,-1,-1,2
72.633991,-38,72,3,6,7,-11,-9,-13,2
72.635630,0,-86,-2,-11,-18,-2,-10,21,2
72.635646,6,7,12,-2,2,-2,3,-14,2
72.656615,26,32,-11,-14,0,-13,2,1,2
72.656637,20,-76,-2,-22,-4,7,12,10,2
72.659059,107,85,-5,9,7,-5,-2,5,2
72.659065,-71,45,6,5,7,23,-9,-54,2
72.671120,48,47,12,3,1,-27,-10,8,2
72.671138,-43,-16,-6,-3,7,15,-5,-17,2
72.672573,-4,33,11,-1,-9,-38,15,22,2
72.672619,-10,-49,-1,11,-2,-9,-1,18,2
72.693953,-31,114,-2,-8,-1,24,4,-3,2
72.693968,-75,5,-8,0,-3,-1,-11,-8,2
72.694597,3,75,-4,-8,8,15,4,-26,2
72.694618,-6,48,8,2,-4,-4,-1,-24,2
72.716492,-43,-43,12,6,-3,-7,0,2,2
72.716514,95,10,-7,-8,0,-6,-5,0,2
72.718814,-39,-29,3,11,-6,-4,-3,6,2
72.718820,110,-65,4,9,2,0,-3,23,2
72.731524,-90,14,-22,-6,4,3,-7,-20,2
72.731554,71,-41,8,4,5,-9,-2,0,2
72.733955,-12,-12,-1,-6,1,5,1,10,2
72.733960,16,-9,-5,-2,1,4,-2,-9,2
72.754930,44,4,6,3,-4,-6,2,24,2
72.754937,-5,127,-2,3,2,-12,-4,11,2
72.755809,9,49,6,-7,0,4,-1,-8,2
72.755825,25,2,-11,-21,-8,-6,-7,48,2
72.776863,-44,-82,-11,-19,2,7,-9,-105,2
72.776879,42,13,10,4,-22,-17,-17,-17,2
72.778434,-21,42,1,10,4,8,2,25,2
72.778438,25,-14,11,-1,-3,8,12,24,2
72.790314,-15,10,-8,-10,-3,-10,-1,15,2
72.790332,14,58,-4,2,2,-2,4,-2,2
72.801523,28,-45,0,3,2,4,-4,-4,2
72.801529,-22,37,0,3,-6,-6,-5,-13,2
72.814580,23,115,25,17,0,6,8,-1,2
72.814610,-128,-128,-40,-18,16,-38,-32,30,2
72.816574,1,93,-15,-19,-20,4,8,9,2
72.816582,-112,-81,-4,17,6,-15,4,10,2
72.836900,13,-19,-3,16,-7,-9,-5,-32,2
72.836935,-54,-51,-6,9,1,0,-3,-34,2
72.839076,16,66,5,-13,10,12,-1,19,2
72.839081,-5,-4,-14,-4,12,0,-1,-12,2
72.850108,4,-59,-2,-6,-18,-7,-8,30,2
72.850123,12,9,8,9,0,11,12,4,2
72.860344,-30,-79,-13,-3,-5,-14,1,-24,2
72.860349,18,69,-4,-13,-3,10,4,-15,2
72.874021,-40,68,1,-6,7,-12,-8,-36,2
72.874043,38,-32,3,20,4,12,2,10,2
72.876655,-14,-35,-6,-12,1,6,1,-10,2
72.876662,-42,3,-3,-6,-2,4,-9,13,2
72.896572,34,15,-7,-11,1,-8,8,-36,2
72.896586,-3,102,1,-8,-5,4,2,-17,2
72.898382,1,-55,16,10,2,-5,1,5,2
72.898493,-42,-65,-24,-6,-5,-6,-9,-6,2
72.910932,52,-60,-12,-2,-2,-1,-6,50,2
72.910938,18,85,17,-11,-3,2,8,2,2
72.921421,6,26,3,16,3,-6,-12,-34,2
72.921428,6,-37,4,0,-7,-21,-10,7,2
72.934709,3,-26,-1,8,1,37,12,19,2
72.934749,20,51,6,2,11,-14,0,12,2
72.936722,5,-87,10,1,1,-6,-8,-3,2
72.936740,16,97,5,7,-1,5,4,-13,2
72.958233,-21,64,-1,4,-1,-16,-12,10,2
72.958239,8,-111,-13,-3,-3,13,6,-4,2
72.958241,-29,82,3,2,-6,-10,-7,22,2
72.958243,-13,-44,-15,0,5,29,9,-86,2
72.979191,-62,-58,-14,-9,-12,-11,8,18,2
72.981178,5,80,5,-4,-15,3,-5,-44,2
72.981183,-8,111,8,-1,5,-3,8,15,2
72.981185,32,98,8,3,0,12,-12,7,2
72.994095,28,0,2,3,1,-20,-7,49,2
72.994119,35,76,29,15,6,6,11,11,2
72.995643,66,41,-12,-18,-11,-11,-20,5,2
72.995675,1,-50,5,0,3,8,11,62,2
73.016677,92,58,-9,-17,12,8,-9,-49,2
73.016699,-60,31,2,-7,-4,-12,8,51,2
73.018699,22,-95,-8,4,2,7,-6,-38,2
73.018703,25,59,1,-6,-2,-7,1,27,2
73.030799,-40,-3,2,1,-3,-2,5,-22,2
73.030821,5,-39,0,20,-4,-6,-3,-10,2
73.039862,44,70,10,3,15,20,9,24,2
73.039869,46,-11,-10,-6,-8,-10,-5,-24,2
73.054174,-42,-79,3,0,1,11,-2,5,2
73.054192,-7,-26,-2,2,3,18,-7,-37,2
73.055573,-9,48,-3,-14,-16,-51,-18,13,2
73.055587,-30,-11,-4,5,15,20,-4,-16,2
73.076474,57,1,5,9,-8,1,4,17,2
73.076496,9,64,10,9,13,4,5,-16,2
73.078763,-80,-58,-3,-2,1,12,2,-27,2
73.078768,6,-87,-4,-6,-1,15,-9,8,2
73.090331,5,72,9,14,6,-15,28,15,2
73.092209,-22,-66,-13,-9,-11,6,3,-2,2
73.101072,28,-56,-11,5,-1,-6,4,-2,2
73.101078,31,101,6,-2,-3,-12,-8,-19,2
73.116095,-14,-54,-8,5,5,19,5,36,2
73.116102,-23,-26,-17,-17,-9,-9,2,-5,2
73.116104,15,35,12,1,11,0,-4,17,2
73.116106,-35,-95,-25,0,-9,-26,6,-79,2
73.136638,-28,20,-7,-17,-3,-2,-16,18,2
73.136659,12,0,0,12,2,-12,10,10,2
73.138253,80,-50,-9,1,-1,-19,7,16,2
73.138278,-117,84,8,0,-1,15,-5,-30,2
73.150097,-27,-27,11,4,-1,-12,-8,-28,2
73.150111,28,-36,-23,-27,0,4,-7,47,2
73.159763,-35,65,6,2,0,15,6,38,2
73.159767,-10,23,2,2,-7,-19,-6,-22,2
73.174162,12,34,5,5,5,7,1,17,2
73.174183,-20,5,7,-1,-8,-7,-8,3,2
73.175952,-14,9,-1,-1,1,5,8,6,2
73.176010,46,0,6,-16,11,-1,11,27,2
73.196657,2,29,-6,-17,-30,-4,-7,-11,2
73.196676,12,81,4,1,-4,-6,7,7,2
73.198326,-7,-39,-1,14,7,23,0,-30,2
73.198456,-53,-43,-6,4,5,7,14,10,2
73.210118,35,22,1,-1,8,5,7,-1,2
73.210137,-27,-54,-3,-5,-2,-4,-10,-5,2
73.221582,9,43,6,-4,-12,3,4,-16,2
73.221600,-2,127,28,-6,-5,-1,-6,29,2
73.234255,49,-74,-25,15,13,-1,5,39,2
73.234284,-53,-22,0,-20,0,-11,-22,-76,2
73.237020,-59,-49,2,17,1,-13,2,46,2
73.237030,-67,-44,-14,-3,-6,8,-8,-23,2
73.256506,15,110,6,-1,2,-4,-8,-4,2
73.256512,32,85,2,-4,-2,3,5,3,2
73.258013,21,3,6,6,-2,8,3,-23,2
73.258019,34,15,-5,-11,-1,-3,-7,27,2
73.279360,-38,-111,-9,5,13,-71,-14,-28,2
73.279382,12,-6,-1,3,-15,38,13,23,2
73.281055,-14,11,2,-2,-4,-8,-10,-35,2
73.281071,30,79,16,9,-3,-21,-7,15,2
73.293972,-13,100,-9,-10,-9,11,-8,15,2
73.293988,35,107,-2,11,3,-19,-9,-32,2
73.295390,-42,-6,-10,-7,-4,4,7,9,2
73.295403,22,-16,7,7,-4,-11,8,15,2
73.319081,-11,47,15,1,5,42,2,-12,2
73.319094,-74,42,2,3,1,-11,-13,39,2
73.319099,-49,-54,-38,-40,-21,-3,0,-36,2
73.319103,100,70,-6,31,15,11,13,4,2
73.339241,29,4,2,-12,0,0,3,14,2
73.339257,9,33,17,21,6,1,9,12,2
73.340725,-1,5,10,-2,1,-4,-12,-10,2
73.340737,-8,9,-3,-7,-5,-3,3,6,2
73.353810,4,-10,-1,-1,-3,-4,-10,26,2
73.353837,-3,-54,-4,10,7,0,-5,-49,2
73.360119,66,127,21,12,-29,8,5,8,2
73.360135,-61,-128,-10,-14,3,-21,-17,-20,2
73.377197,25,111,6,17,6,18,-2,-5,2
73.377225,31,3,-3,-15,2,-20,-4,23,2
73.379411,-31,-26,-9,16,12,10,0,-29,2
73.379417,8,93,12,-4,-12,-12,11,10,2
73.398954,22,-82,-5,-7,-11,-8,0,-19,2
73.398968,10,-51,-5,-4,8,28,-4,21,2
73.400872,36,37,6,11,3,9,11,32,2
73.400890,-73,-3,-1,-1,-9,-5,-16,-45,2
73.413338,0,-54,6,12,2,-1,3,16,2
73.413352,-61,26,-2,-2,-1,9,-2,-42,2
73.420455,-9,-71,-36,-21,-5,-13,-12,-3,2
73.420480,19,0,-16,-15,-7,13,13,-1,2
73.435980,-41,39,43,25,13,2,-16,-20,2
73.436004,-15,-94,-30,-14,-9,-13,8,21,2
73.444885,-41,73,25,9,39,1,-20,-18,2
73.444890,53,-44,-22,-2,-19,-1,26,21,2
73.459624,-27,53,-2,-9,-5,-18,2,-5,2
73.459630,-4,43,23,8,-5,-8,-10,21,2
73.460430,-10,11,-9,-5,0,-15,-9,-22,2
73.460438,-2,-58,0,-11,8,18,2,16,2
73.475442,5,72,-1,-10,-7,-8,3,4,2
73.475449,56,87,5,9,0,-7,0,-5,2
73.480469,-48,25,-5,-6,-16,-15,-2,14,2
73.480491,40,17,-3,10,12,19,-6,-1,2
73.496618,-46,7,-7,-6,-18,-19,11,0,2
73.496641,-41,40,2,-3,9,6,-1,-1,2
73.498631,32,-47,-3,-12,-13,-13,6,9,2
73.498635,-33,-30,18,-2,-2,-10,-8,38,2
73.519573,3,3,-9,-6,3,18,5,-66,2
73.521535,69,27,-9,14,7,-4,-21,4,2
73.521541,25,-5,6,2,4,14,1,-5,2
73.521542,9,-17,2,-5,-3,-57,-15,18,2
73.533339,31,-44,2,5,3,11,6,-4,2
73.533371,-1,-30,-1,-7,-8,-4,4,9,2
73.540503,15,6,-3,-6,0,13,2,-7,2
73.540531,-8,119,11,10,2,7,-6,-7,2
73.556653,13,-65,-1,-28,-17,-5,1,18,2
73.556676,-36,81,12,-3,4,-18,-17,8,2
73.558260,-35,-7,-31,-4,-8,-1,-7,-1,2
73.558283,19,89,5,2,-5,1,6,-6,2
73.579918,3,34,3,13,8,-4,-4,23,2
73.579947,38,14,9,-2,1,10,8,-14,2
73.582053,11,-36,11,-5,0,-2,-4,4,2
73.582059,-37,-77,-13,-4,-5,3,-8,4,2
73.593408,2,-3,-6,-2,1,3,-4,-59,2
73.593431,4,-74,-13,-21,-3,-2,0,-4,2
73.600097,-26,22,13,22,7,0,2,14,2
73.600113,-29,15,2,7,5,2,21,6,2
73.616454,-4,-85,-1,-1,-2,-13,-9,39,2
73.616467,-63,59,-35,5,-10,9,-26,-63,2
73.617999,-1,-6,-24,-12,-4,-27,2,-17,2
73.618011,18,127,19,13,11,3,4,8,2
73.639275,19,79,10,0,7,25,3,5,2
73.641024,3,14,10,-4,-6,-12,10,7,2
73.641033,10,-11,4,-7,0,7,0,0,2
73.641037,3,-73,-9,-2,-3,2,-13,-18,2
73.652869,-23,-10,-12,-9,-2,-10,0,-5,2
73.652893,29,-77,-6,-7,-6,1,2,10,2
73.662204,13,10,8,7,3,10,1,0,2
73.662210,4,-52,-10,-11,-10,0,-1,2,2
73.677669,-19,-8,-1,-5,12,0,-7,-4,2
73.677675,23,-10,1,2,-5,1,11,-13,2
73.677887,65,-36,18,13,7,-1,6,26,2
73.677932,-25,42,4,-6,-3,11,-6,-27,2
73.699268,59,13,-20,-10,-12,-12,-5,-7,2
73.699288,-10,-44,-3,1,5,4,17,38,2
73.700912,-15,64,-6,-9,-16,-8,-11,-39,2
73.700916,-5,-91,-23,1,-2,-4,-28,-13,2
73.713744,-16,91,6,5,-1,4,0,-2,2
73.713773,-7,14,12,3,-2,-3,8,23,2
73.720549,55,101,9,-2,-1,14,6,10,2
73.720581,-30,84,44,9,30,-5,9,9,2
73.736837,-51,-86,-16,3,-8,-6,-14,-51,2
73.736879,87,76,0,-18,0,-11,-8,25,2
73.739355,-95,-62,-6,-7,-1,6,0,-68,2
73.739362,39,-92,-46,-12,-20,2,-7,-30,2
73.759583,15,70,7,7,8,3,20,36,2
73.759609,-4,55,11,4,13,-1,12,-26,2
73.762167,-19,5,-7,-7,-9,40,-12,20,2
73.762176,62,9,3,-11,-10,-5,8,8,2
73.772737,-6,0,-2,3,-6,8,-3,-10,2
73.772753,-27,-94,-9,2,2,-22,-6,-2,2
73.783101,3,11,-6,-9,-5,7,-15,19,2
73.783105,34,-16,2,12,-12,24,-7,5,2
73.797121,-39,-70,-5,-1,5,5,11,-7,2
73.798923,-3,12,7,18,-7,5,-4,1,2
73.798927,-30,-127,-17,1,7,-17,14,19,2
73.798929,-13,127,-7,-12,-8,-6,-12,-44,2
73.818975,-15,43,5,2,-6,-11,4,3,2
73.818986,21,41,5,3,-3,14,4,16,2
73.820672,15,-8,-1,0,9,-7,1,1,2
73.820719,-36,14,0,5,3,-11,2,-9,2
73.833751,-6,-38,-1,-6,-4,-1,-10,34,2
73.833757,-29,80,-7,-5,-2,5,3,-23,2
73.843945,15,-1,7,6,2,-11,13,28,2
73.843956,6,16,-2,-9,4,-3,-3,6,2
73.856663,-2,70,7,8,2,-27,-19,-29,2
73.856686,-38,-27,-18,-15,-6,19,24,31,2
73.858708,36,104,7,-14,-7,-8,-6,-9,2
73.858720,11,-36,-8,4,10,1,10,16,2
73.881295,23,9,-2,-3,-7,18,-18,4,2
73.881300,72,103,10,8,-1,-61,-11,-7,2
73.881302,26,17,8,13,18,11,4,-14,2
73.881304,-53,-89,-19,-11,-9,6,3,8,2
73.893261,38,102,6,9,2,10,-3,5,2
73.893290,-19,-127,-1,0,7,14,-10,-3,2
73.902473,-27,-89,-12,-10,3,-11,0,-42,2
73.902479,-1,53,4,-5,1,-11,-13,-5,2
73.916845,1,-25,-9,3,2,-1,2,13,2
73.916869,-34,48,-5,-9,-1,5,-12,-10,2
73.918489,8,-24,0,6,-6,-13,-6,2,2
73.918492,-2,-3,8,13,-8,13,17,5,2
73.939297,-49,26,-13,-14,-11,11,4,-3,2
73.939314,1,8,6,9,-7,-1,2,2,2
73.940939,-8,27,14,22,1,-6,-5,25,2
73.940947,6,93,3,3,1,0,-4,-15,2
73.961904,39,-66,-20,-10,-6,-4,-1,9,2
73.961918,-34,-40,-6,-13,-9,-1,-3,-17,2
73.963188,59,63,2,-9,-8,1,15,12,2
73.963207,-13,-59,8,0,1,-5,-3,29,2
73.976490,-34,-78,-2,6,5,-17,-3,-26,2
73.976505,29,-28,-6,-5,19,3,-11,-7,2
73.978010,9,72,4,2,-19,9,8,-12,2
73.978031,26,38,-1,-19,0,-11,-7,29,2
73.999206,-44,-14,4,-1,6,-9,4,-7,2
73.999227,47,-26,-10,-10,6,22,-13,-3,2
74.000848,-24,20,-5,5,-9,28,6,17,2
74.000851,9,26,11,8,1,-67,-10,-9,2
74.012627,36,-6,3,2,9,36,6,24,2
74.012649,-16,65,8,3,-8,-2,0,-6,2
74.022611,-1,-7,-14,-9,-3,-13,-5,20,2
74.022616,-8,41,23,34,-2,8,0,-5,2
74.044795,23,0,-4,-8,3,5,6,6,2
74.046079,1,21,14,24,6,-7,4,27,2
74.046083,40,97,-1,-9,0,-1,-13,-5,2
74.046085,0,-69,-14,-2,4,5,3,9,2
74.059477,0,119,20,12,-1,-14,6,-4,2
74.059500,-4,-55,-23,-11,-16,6,-5,8,2
74.061139,-3,37,8,22,8,-9,-3,-5,2
74.061145,-20,-91,-13,-9,6,15,2,-6,2
74.072822,1,28,14,9,1,-2,1,2,2
74.072843,-31,-88,-10,-13,-10,-3,-5,-35,2
74.083343,-39,-12,-3,-1,-14,-2,4,-15,2
74.083355,1,40,-3,-3,-3,4,3,13,2
74.097179,2,-38,-2,-4,-1,-13,-8,-2,2
74.097218,-34,-4,-8,-4,-7,14,1,-10,2
74.099374,-23,-34,-7,-19,-2,-20,-8,-1,2
74.099379,-15,-88,-13,-7,5,29,6,-3,2
74.119518,58,37,-2,-15,-20,-6,-5,-12,2
74.119550,-6,-119,-5,4,6,-4,5,29,2
74.122264,0,112,14,-10,1,-5,-6,-6,2
74.122278,2,-27,2,-3,-4,15,6,-1,2
74.133181,-44,8,2,4,3,-2,-11,-21,2
74.133201,-28,-33,-5,-6,-3,5,4,-23,2
74.144098,-15,-98,-5,-1,6,4,1,8,2
74.144105,20,74,14,18,-3,-6,4,-5,2
74.156727,33,18,-11,10,11,5,-14,7,2
74.156756,68,110,5,-4,-1,-11,6,15,2
74.159809,14,-79,-6,0,-2,-4,0,11,2
74.159817,-14,72,-8,-14,-6,1,-1,2,2
74.178932,-19,-23,3,6,-2,-2,-5,7,2
74.178954,48,74,4,-2,-21,-6,-13,9,2
74.180820,-25,-31,4,6,10,34,11,12,2
74.180915,-45,-27,-6,-16,-7,-10,-11,-11,2
74.202181,-12,29,-4,-10,0,0,10,15,2
74.204992,23,-13,4,23,11,-4,-2,18,2
74.205005,21,25,-1,-1,6,9,-2,-14,2
74.205007,15,22,3,3,4,-19,-8,-4,2
74.216548,29,11,-3,-16,-9,43,11,-27,2
74.216570,-69,10,0,0,-12,4,9,36,2
74.218062,2,-20,4,15,8,-20,-13,1,2
74.218081,106,85,3,1,4,-6,-7,3,2
74.239176,2,-113,-19,-13,-2,-16,-2,15,2
74.239190,-8,99,8,2,5,4,7,-6,2
74.240711,1,55,-3,-10,-6,-3,-2,-3,2
74.240732,-23,3,2,-8,-1,-3,2,3,2
74.261655,-7,-16,9,9,10,3,15,1,2
74.261676,18,21,2,2,-24,-17,-8,0,2
74.262990,-44,-89,-3,0,5,-10,-1,-30,2
74.263034,-16,58,2,2,3,5,-7,-8,2
74.276436,-41,-13,-2,3,2,-11,0,-13,2
74.276456,12,2,-4,-10,12,11,3,-32,2
74.277937,9,75,4,1,-2,-8,-8,-7,2
74.277944,-30,-4,-2,-10,-9,17,-8,10,2
74.299268,5,49,4,3,1,4,-5,-3,2
74.299289,-6,5,2,-16,6,-20,38,-13,2
74.301713,-58,-111,-3,3,-14,-13,-16,-10,2
74.301719,16,58,10,-1,-2,19,22,-5,2
74.321650,3,-16,-17,-7,-13,-66,-17,21,2
74.321671,-17,-94,-5,15,14,10,-13,-30,2
74.323071,115,59,-6,-19,-10,25,-12,23,2
74.323116,-18,-23,3,29,5,-51,-2,0,2
74.335826,-4,-29,8,7,-6,11,20,-4,2
74.335836,3,-68,-15,-3,-7,-7,-12,2,2
74.342625,-28,5,-6,4,7,-14,5,-5,2
74.342641,16,-86,1,-3,-1,17,-9,-33,2
74.359382,42,64,-5,-5,-3,10,-13,-16,2
74.359422,-20,-98,-1,3,12,-8,-15,5,2
74.361435,-44,-5,-2,8,-2,9,20,8,2
74.361439,34,-29,-2,-1,-2,6,0,4,2
74.381411,-44,57,4,2,4,-6,7,3,2
74.381417,-1,21,-2,-4,1,6,4,2,2
74.382920,24,99,15,-2,2,-1,0,12,2
74.382933,33,63,-11,-5,-4,3,-3,-7,2
74.396120,-5,-64,-10,-12,-14,-32,8,13,2
74.396125,34,65,14,22,1,23,-21,-21,2
74.412102,-64,-68,-19,-9,-9,-11,4,14,2
74.412110,-74,99,10,8,5,-22,-5,14,2
74.419349,16,95,8,-7,-11,49,1,16,2
74.419371,-31,-21,-9,-13,5,-7,-15,-29,2
74.421886,-11,-27,-10,-10,-1,-9,4,7,2
74.421893,60,45,-2,4,6,-3,-3,-20,2
74.443692,-27,-72,0,-5,-9,2,-7,-2,2
74.443699,10,11,3,-2,0,-7,-9,29,2
74.443701,53,9,5,0,0,4,-4,-49,2
74.443703,-35,-90,-6,-8,-2,-5,1,19,2
74.456003,65,54,15,7,11,2,-7,25,2
74.456026,36,117,8,-10,-6,3,6,5,2
74.463181,13,-44,-14,-6,0,2,-1,-2,2
74.463208,-9,83,-1,6,-4,-1,-11,0,2
74.478964,29,3,-1,-9,0,-10,35,3,2
74.478987,-39,-44,1,1,4,22,11,-32,2
74.481190,11,117,7,1,-6,-14,-12,8,2
74.481197,-22,-55,2,-7,-2,4,0,-21,2
74.502246,-15,-52,-8,11,1,6,-8,5,2
74.502269,-23,-25,-8,10,-16,4,1,-13,2
74.505080,37,64,9,-21,2,-59,2,10,2
74.505087,33,-53,-10,5,3,17,-3,-5,2
74.516067,-8,-36,4,9,0,10,-11,-16,2
74.516096,-42,-15,2,-1,13,-49,-7,-7,2
74.522674,25,14,2,-7,-1,14,0,15,2
74.522696,23,-26,-1,-1,-7,-7,1,24,2
74.539143,13,97,12,-8,8,0,-3,-31,2
74.539156,1,-69,-9,0,-2,3,-3,19,2
74.540581,12,6,-5,8,4,10,-3,-12,2
74.540601,-7,33,0,0,5,21,9,-3,2
74.561442,-23,70,5,1,-2,-1,-10,-48,2
74.561464,-58,-54,-8,-9,-10,15,0,35,2
74.563207,-39,-49,-19,3,-8,-14,-13,-4,2
74.563272,2,-11,-6,-13,1,24,6,5,2
74.576353,-21,-59,4,11,7,-1,-3,12,2
74.576381,56,127,9,12,-1,-4,-5,-1,2
74.583022,-6,-45,4,6,10,5,31,4,2
74.583042,50,107,16,-1,-16,-12,-3,3,2
74.599866,-66,-66,-22,-16,0,-19,-6,-1,2
74.599895,10,53,-3,-22,-11,7,2,4,2
74.602638,63,-20,8,2,2,11,-4,-6,2
74.602644,-46,-18,2,2,5,-8,-1,-3,2
74.621583,25,-39,-13,-7,-6,-1,4,9,2
74.621604,22,-83,-7,-6,-2,-5,0,12,2
74.623147,-55,58,10,-5,0,33,1,8,2
74.623192,-1,-27,-10,-6,16,-13,-5,-15,2
74.635873,38,93,-9,-6,-36,0,-8,-1,2
74.635894,-23,64,1,-4,9,16,9,-12,2
74.643019,42,20,-1,10,-2,-9,-11,3,2
74.643049,-59,-54,-2,2,-1,-18,-3,-6,2
74.659862,3,44,-7,6,4,26,-1,9,2
74.659883,52,-46,4,1,-1,-1,14,-7,2
74.661341,9,4,10,5,-4,-1,-12,7,2
74.661349,-17,-48,-3,1,-2,1,5,-5,2
74.682926,23,84,0,-9,2,-8,-5,7,2
74.682932,-56,-66,-16,-4,-6,-6,2,9,2
74.683094,-41,-39,3,8,6,0,-8,-41,2
74.683160,9,30,1,-7,2,-6,0,17,2
74.695640,-11,-63,5,-6,1,-4,-3,-13,2
74.695669,9,75,0,0,3,-11,-9,6,2
74.706006,18,68,-10,2,-4,1,-11,16,2
74.706013,-22,-6,-3,-3,-3,7,23,-9,2
74.719166,46,-44,-2,5,4,-4,0,7,2
74.719190,2,-3,9,7,3,-5,-5,-8,2
74.721314,-7,77,-6,-35,-16,-5,-1,-3,2
74.721321,31,10,6,15,-7,10,2,3,2
74.741576,74,1,-10,7,0,-13,-7,-7,2
74.743143,-49,19,-22,-18,-6,-24,-26,-23,2
74.743149,-22,-44,0,7,5,-16,22,13,2
74.743150,-14,83,7,-4,-25,31,-8,-14,2
74.755305,4,-4,7,-3,-2,-33,4,6,2
74.757302,17,4,-2,-10,-3,8,5,-9,2
74.772511,17,21,5,6,4,2,-8,-2,2
74.772517,-10,77,-3,1,1,-6,-3,17,2
74.779209,-13,29,0,0,1,1,0,-15,2
74.779223,13,11,13,5,-1,3,-6,34,2
74.781661,-29,92,-7,-13,-4,-1,0,-32,2
74.781670,68,-98,-8,17,9,-8,1,18,2
74.801938,-56,46,-10,-16,3,10,-6,0,2
74.801963,70,120,20,15,7,-10,0,18,2
74.804053,-63,-128,-11,-7,-3,18,4,-33,2
74.804060,10,-29,-9,-6,-4,-9,-5,-11,2
74.815581,-10,56,7,-10,-6,2,0,-1,2
74.815602,-1,-80,-1,22,10,0,12,16,2
74.825641,76,33,-2,-5,3,9,-1,5,2
74.825649,21,64,-4,-9,-9,-27,-14,2,2
74.839132,-60,-121,-4,8,21,46,-6,-2,2
74.839155,-17,-27,-2,-6,-15,-29,6,-29,2
74.840949,40,71,-3,0,2,0,-2,20,2
74.840956,-56,-92,0,0,2,-1,9,-8,2
74.861502,26,46,6,4,4,20,0,2,2
74.861523,-10,-27,-9,-12,-2,13,-11,-25,2
74.864035,10,-65,-6,0,-5,7,-2,15,2
74.864044,-1,109,9,23,10,-17,-1,25,2
74.875319,0,17,5,0,-9,-13,-6,-12,2
74.875334,27,-20,2,-2,2,9,3,10,2
74.887292,-19,-45,-6,0,-5,1,1,8,2
74.887302,-1,52,-2,-14,-1,8,-7,-14,2
74.899238,11,41,-5,-8,-5,-6,8,12,2
74.899259,-33,67,-1,0,-3,3,-8,-17,2
74.901230,56,90,12,14,7,-7,9,23,2
74.901234,9,-128,-22,-12,-9,1,-5,12,2
74.922203,8,-83,-6,-7,-8,-12,-4,-2,2
74.922226,-25,79,10,13,8,-3,-3,14,2
74.923513,-37,18,0,5,-2,-15,-6,0,2
74.923531,47,85,16,-7,-2,18,0,-9,2
74.936244,-49,-128,-14,2,-3,-5,3,-4,2
74.936263,-28,34,-9,-14,7,8,-7,-11,2
74.944486,-12,-90,2,-5,-9,-25,-15,15,2
74.944490,13,24,-2,3,-2,-3,-1,-26,2
74.958939,-5,48,-1,-11,6,0,3,-14,2
74.958955,38,-47,-4,-4,-2,-8,1,21,2
74.960413,-89,-105,-11,5,-5,23,0,-27,2
74.960426,20,59,-5,-3,2,-6,-3,3,2
74.982753,-39,-62,-7,-6,-10,-8,-1,22,2
74.982759,-3,54,8,-12,6,-4,2,-26,2
74.982922,-6,0,4,0,-6,25,-2,-7,2
74.982928,-32,-83,-4,3,4,-2,3,2,2
74.995581,4,66,3,1,12,-3,-2,3,2
74.995602,50,-72,3,15,-9,5,7,17,2
75.005262,13,106,9,-4,11,-7,-9,-3,2
75.005267,-31,-18,-6,-10,-6,-40,6,4,2
75.019155,-21,-25,2,1,-5,-19,-10,-74,2
75.019170,27,57,2,3,7,5,-4,15,2
75.021350,-48,-87,-17,-10,-6,-11,-6,-52,2
75.021359,5,-18,5,16,9,11,-5,17,2
75.042708,10,116,5,10,-3,1,11,5,2
75.042714,10,4,9,5,3,-7,-5,4,2
75.043124,-12,-1,-8,-7,-6,-2,2,-22,2
75.043132,-32,-73,-8,-10,-5,6,-2,-2,2
75.055254,9,11,4,0,0,-5,-6,4,2
75.055277,-19,53,-8,-9,-9,8,2,-25,2
75.064819,62,62,13,6,7,2,14,32,2
75.064824,-40,-128,-29,-21,-2,10,3,-6,2
75.079365,27,73,7,13,0,1,-5,10,2
75.079394,-10,58,-2,-7,-4,1,0,-44,2
75.081282,9,30,-3,0,18,-8,4,16,2
75.081286,-10,117,11,-5,-14,21,-13,-2,2
75.102071,-39,-13,5,17,0,32,10,1,2
75.104600,23,43,-9,10,-8,-9,-26,11,2
75.104608,18,33,4,-16,3,-9,-5,20,2
75.104609,-4,80,5,-3,8,10,3,-48,2
75.123955,-59,-101,-9,-3,3,-3,9,24,2
75.123964,-1,56,3,-4,-2,-9,7,12,2
75.125522,35,3,4,-3,-7,17,-1,23,2
75.125552,19,-55,1,1,-2,-7,-5,10,2
75.139030,-28,-25,-5,20,10,-11,-17,13,2
75.139041,-27,42,-1,-12,5,20,10,-8,2
75.140557,-15,-91,-5,0,-9,-10,-2,-27,2
75.140573,2,31,4,10,1,-3,4,9,2
75.161488,-9,-16,-3,-6,1,-3,-4,2,2
75.161510,16,-86,-7,-3,-5,2,3,12,2
75.163434,4,13,5,17,16,-2,5,-24,2
75.163449,45,35,8,-18,-21,0,-3,8,2
77.186918,-20,-25,-16,-12,-3,0,-2,-6,0
77.187551,16,19,-15,2,1,1,-1,4,0
77.189080,2,-19,20,-2,1,-2,-1,-7,0
77.189129,12,14,-15,-3,-1,0,-1,1,0
77.209102,1,0,5,6,-1,-3,-2,0,0
77.209125,5,6,-7,-4,0,-1,0,0,0
77.210465,-11,-43,-5,-7,-3,-1,-1,0,0
77.210530,-2,-2,-14,-4,-2,-1,-2,-2,0
77.223485,5,6,11,7,-2,0,0,1,0
77.223507,4,1,-1,2,-1,2,-1,-3,0
77.230104,2,19,-5,4,1,-3,0,2,0
77.230126,1,-27,0,-2,-3,0,-1,-1,0
77.246462,0,-16,-10,-10,-1,0,-2,0,0
77.246480,-8,-7,15,5,0,0,-1,-4,0
77.248381,4,17,-2,-4,0,1,0,4,0
77.248400,1,-9,8,0,-2,-2,-2,6,0
77.269661,-1,-2,-2,-2,-1,0,-1,-5,0
77.269696,5,-1,-7,-1,-1,-1,1,0,0
77.272010,-10,-21,-6,0,0,-2,-1,-2,0
77.272019,-2,7,-11,5,-4,-1,0,-4,0
77.283587,13,8,7,-3,0,1,-2,-1,0
77.283609,-6,-11,-3,0,0,-2,-3,0,0
77.290557,4,13,-6,-3,-2,0,1,4,0
77.290565,-27,-37,12,-4,0,0,0,-7,0
77.306438,2,8,-4,2,-1,-2,1,2,0
77.306445,-4,-19,-8,1,-4,-2,-2,-6,0
77.307950,5,1,15,-7,4,-1,-1,0,0
77.307963,-7,21,6,-2,2,-1,-1,-4,0
77.329403,6,-3,-8,-2,-2,-1,-1,-3,0
77.331226,4,-7,-2,-1,-2,0,-1,4,0
77.331231,-3,10,-39,-7,-7,-1,-1,-1,0
77.331233,-12,-10,56,3,0,-3,-1,-3,0
77.343771,2,-14,-6,0,1,1,1,0,0
77.343792,-10,12,-9,-1,-1,0,1,-3,0
77.350722,3,11,-4,0,-2,-1,-3,-1,0
77.350748,8,-46,-18,-1,-2,1,-2,-3,0
77.368322,-5,4,8,1,0,-1,1,-1,0
77.368326,-6,-4,0,-2,-1,-1,-1,-5,0
77.368328,11,1,17,2,1,0,0,5,0
77.368330,-2,23,-9,-7,-4,-3,-1,1,0
77.389154,-8,-18,-5,5,0,-3,-2,-7,0
77.391009,8,-2,8,0,1,0,0,6,0
77.391021,-6,4,4,1,-2,0,-3,-6,0
77.391023,-14,0,-20,-3,1,-2,0,-4,0
77.403791,-4,-17,-17,-8,-5,0,-2,3,0
77.403820,1,27,37,-1,2,-1,-2,-2,0
77.412134,-19,15,-16,1,-2,0,-1,0,0
77.412170,14,69,-4,0,-1,-1,-2,3,0
77.426592,-23,-36,0,1,0,-1,-2,-1,0
77.426614,7,-16,-16,-3,-4,-4,-2,-1,0
77.428236,4,7,6,-2,0,-1,0,-2,0
77.428256,2,44,-16,-1,-1,-1,0,0,0
77.449614,7,5,21,3,1,0,0,1,0
77.449636,1,-18,-8,3,-1,0,0,0,0
77.451308,-11,-20,2,0,-1,-3,-1,-3,0
77.451312,6,-11,-6,4,-2,1,0,0,0
77.463261,7,7,-14,-10,4,-2,0,0,0
77.463275,-3,-1,15,0,0,-2,-1,0,0
77.470358,0,8,9,0,-3,-1,-2,-3,0
77.470381,0,-32,-5,-3,0,0,-1,-3,0
77.493875,3,12,-3,-4,-4,-2,-1,0,0
77.493906,-10,11,-34,-11,-2,0,-1,0,0
77.495808,16,-1,27,0,1,-1,1,1,0
77.495865,-38,-10,-6,0,0,-2,-2,-4,0
77.508945,-1,-10,2,-2,-1,-2,0,0,0
77.508951,1,-8,-12,-2,-4,-3,0,0,0
77.510656,7,-3,0,0,-1,0,-1,-3,0
77.510702,7,-19,0,-2,0,0,1,1,0
77.522889,-3,24,3,0,-3,-2,-3,0,0
77.522893,-6,6,-2,3,1,0,-1,-6,0
77.532704,9,-12,-2,-5,0,0,-1,2,0
77.532709,2,20,-1,2,-2,-1,-1,2,0
77.546468,-4,15,-14,3,-4,-2,-1,-4,0
77.546489,12,-40,34,0,1,2,1,0,0
77.548766,-27,-15,1,8,3,-1,0,-3,0
77.548772,22,9,-1,2,-4,-2,-2,-2,0
77.571039,-7,21,5,-5,0,-1,-2,-1,0
77.571045,5,-7,-18,-4,-4,-4,-3,0,0
77.571048,-4,-12,1,3,3,0,0,-3,0
77.571050,1,-4,-2,-2,-2,0,0,-2,0
77.583111,0,-4,6,5,4,1,0,5,0
77.583138,-3,5,-4,-2,-4,-3,-3,-2,0
77.591967,-1,0,-10,-12,-3,-2,-3,-4,0
77.591972,4,-10,-3,5,0,-1,0,6,0
77.606987,3,-2,8,0,-3,1,-2,0,0
77.607010,-4,14,-3,-4,0,0,0,0,0
77.608253,5,-2,-10,-5,-3,0,1,1,0
77.609189,-3,35,-3,3,3,1,1,-2,0
77.629647,-10,-10,-3,-1,1,-2,-1,-8,0
77.629676,15,12,17,3,0,-1,-1,0,0
77.631457,-12,10,-7,-4,-2,-1,0,0,0
77.631462,-1,-16,-15,-3,-1,-1,-1,-2,0
77.643163,14,49,-17,-2,-2,-2,2,3,0
77.643276,-20,-27,23,8,0,2,-1,-7,0
77.654060,-1,3,-3,3,1,-2,-1,5,0
77.654076,-8,-7,-2,-5,-2,-1,-3,-4,0
77.666611,8,7,-3,-2,-1,0,-1,-2,0
77.666630,-3,2,-14,-4,-3,-1,-1,-5,0
77.668176,12,4,-3,0,-4,-2,-1,2,0
77.669695,3,-6,13,-2,-1,0,1,-4,0
77.689825,-14,-35,-2,-6,-3,-3,-1,3,0
77.689845,-2,40,-5,1,1,-1,-1,0,0
77.692767,11,-19,4,4,2,1,0,6,0
77.692810,-3,-3,-4,-3,-3,-2,-2,-11,0
77.702798,-6,3,5,6,3,-2,-1,-3,0
77.702823,8,22,-4,-1,1,-1,-1,2,0
77.713817,-3,3,-4,-3,-4,1,0,-5,0
77.713822,-7,-11,4,0,-1,-2,-3,1,0
77.726448,1,-3,2,-3,-2,-1,-1,-2,0
77.726464,-6,-9,0,-1,-2,-2,-3,2,0
77.727956,-3,2,3,0,1,0,-1,-7,0
77.727978,4,8,-12,-4,-1,-1,0,5,0
77.749088,-2,-35,0,3,0,0,-1,-1,0
77.749111,7,4,-1,0,-1,-2,-1,0,0
77.751151,4,32,-12,-5,-2,-5,-3,-4,0
77.751159,-21,-34,8,3,0,0,-3,-1,0
77.772160,2,-11,12,-4,-3,1,0,1,0
77.772173,-4,-28,-3,1,-1,0,-2,-3,0
77.772177,10,0,1,2,-3,-1,-2,-2,0
77.772182,-21,30,-19,-5,1,0,1,-6,0
77.787217,20,-5,-9,1,-4,-2,-1,4,0
77.787224,-2,0,7,-4,3,0,-1,0,0
77.787226,-10,-18,-6,-5,-4,-2,-1,-3,0
77.787228,14,3,8,-1,1,-1,-1,1,0
77.808668,-10,8,-5,2,0,-1,-3,-2,0
77.808698,4,4,0,-5,-2,0,0,0,0
77.811237,-10,-16,-2,3,2,-1,1,-2,0
77.811243,12,3,7,6,-1,-1,-1,2,0
77.831532,-19,-9,-3,-4,-2,-2,-2,-4,0
77.831553,1,0,-33,-7,-8,-3,-1,1,0
77.833976,-13,15,11,-3,6,0,0,-2,0
77.833982,5,11,12,-5,-2,-2,-1,0,0
77.846266,7,-12,1,5,1,1,-1,-5,0
77.846383,-7,-2,-9,3,1,0,1,1,0
77.848961,-3,-14,-13,-2,-5,-4,-2,2,0
77.848969,9,16,13,-3,1,0,0,2,0
77.868731,-6,6,13,-2,-3,-2,0,-2,0
77.871109,-29,-16,2,0,-1,-3,-2,-6,0
77.871125,10,-42,-1,-1,0,-1,-1,8,0
77.871130,11,-28,3,-1,-1,-1,-2,-2,0
77.890833,1,30,-10,-4,-3,0,-1,5,0
77.890850,-3,-9,8,0,-1,-1,0,-3,0
77.892426,18,10,-2,-3,-1,-1,-4,0,0
77.892432,-14,5,7,7,4,2,0,1,0
77.905871,11,-4,-3,-4,0,-1,-2,-5,0
77.905893,2,-5,-2,2,0,0,0,-1,0
77.907740,2,14,-10,4,-1,1,-1,-2,0
77.907744,1,14,4,-4,1,-1,-1,-2,0
77.928576,2,-9,9,4,0,-1,-3,-4,0
77.928582,12,16,-3,-8,1,0,0,1,0
77.928898,-19,15,5,0,-1,-1,-1,-3,0
77.928904,2,-36,-12,-2,-1,-2,-1,-2,0
77.950741,1,15,-17,-1,1,0,0,1,0
77.950764,-6,0,15,4,0,-2,-2,-2,0
77.953034,7,-3,-2,-6,-2,-1,0,2,0
77.953041,-5,4,6,4,-1,-2,-1,-4,0
77.974043,2,16,-6,-1,-1,0,-1,-2,0
77.974050,10,15,-2,-3,-2,0,-2,0,0
77.974627,-16,-57,-10,0,-4,-2,-1,-4,0
77.974633,1,11,4,1,-3,-2,0,-1,0
77.989667,-2,-17,-4,-5,-1,-1,0,-6,0
77.989674,8,0,1,2,1,-1,-2,10,0
77.989676,-1,23,8,1,-1,0,-2,1,0
77.989677,-1,6,-6,-8,-5,-1,-2,-1,0
78.010738,-6,-11,3,0,1,-1,-1,-5,0
78.010754,4,-15,10,4,2,0,-1,0,0
78.011722,-6,2,0,-1,-2,-1,0,-4,0
78.011726,4,-13,-16,-7,-1,-1,-1,3,0
78.025820,7,17,-4,-9,0,-1,-1,2,0
78.025836,-3,-8,2,7,-4,-3,-3,-7,0
78.026450,-21,-11,-3,-1,-1,-1,-2,-1,0
78.026466,-6,38,-4,9,1,-2,-2,-4,0
78.048702,8,-57,7,2,-1,1,0,1,0
78.048723,9,8,-12,-5,-3,-4,0,1,0
78.052585,-6,5,3,-1,1,-1,-3,-4,0
78.052592,3,-19,-4,-1,0,1,-1,-2,0
78.070899,-4,23,5,-5,-2,-2,-1,-3,0
78.070916,4,11,7,1,-1,0,-1,1,0
78.071681,-18,-14,2,-3,-3,-3,-3,-16,0
78.071708,10,-8,-10,-4,-1,-1,-1,9,0
78.085803,-26,-6,-6,6,-3,-1,-1,-4,0
78.085827,-4,-5,2,-10,-3,-2,-1,-2,0
78.087630,6,13,11,-2,2,-1,0,7,0
78.087646,6,42,-9,3,0,1,-1,-3,0
78.108942,-21,39,-1,-4,0,0,0,2,0
78.108976,12,-33,-18,-1,0,-1,-1,-1,0
78.111258,-1,2,-13,-4,0,-1,-1,-2,0
78.111261,3,-5,5,-2,-4,-2,-2,1,0
78.131683,4,9,-4,-3,-1,0,-1,2,0
78.131692,3,18,-6,-2,-2,1,1,-5,0
78.131696,8,9,-2,3,-1,0,-1,-1,0
78.131699,-6,-33,3,-4,1,-1,-2,-4,0
78.147229,11,20,3,2,0,-3,0,-2,0
78.147234,-18,-19,-6,0,-2,-3,-1,-1,0
78.147236,6,-50,3,-3,0,-1,0,-1,0
78.147237,-8,-4,-8,-4,-3,0,-1,-2,0
78.168851,4,-6,-6,-4,-4,-1,-1,0,0
78.168872,-4,10,12,4,2,0,-2,-5,0
78.171435,2,32,-7,1,-1,-2,-1,2,0
78.171444,0,-17,-1,-3,0,0,-2,-2,0
78.191352,-7,-11,4,-3,1,0,-1,1,0
78.191381,-9,30,-17,3,-3,-2,-2,-15,0
78.194185,18,-43,22,2,-2,0,-1,12,0
78.194225,-4,-12,7,2,0,-1,0,-3,0
78.205886,14,28,-3,-2,-2,-1,-1,4,0
78.205908,-12,-36,-8,-3,-5,-2,-1,0,0
78.207552,-12,24,0,0,4,-2,-3,-6,0
78.207556,-5,8,-13,-1,-2,-1,1,-3,0
78.228316,-7,-38,3,-1,2,0,0,1,0
78.228335,26,28,0,0,-1,-1,-2,6,0
78.228974,-17,2,-7,-3,-5,-2,0,-5,0
78.228987,-3,-21,0,2,-4,0,-2,-2,0
78.251320,0,-5,-13,-1,0,-2,0,-7,0
78.251349,-4,10,8,-9,-1,-3,-1,0,0
78.253688,21,-4,-2,0,1,2,1,2,0
78.253695,-15,0,-4,-2,-2,-3,-1,-1,0
78.265644,2,36,-33,-4,-3,-1,-1,-3,0
78.265666,-8,-28,52,10,4,0,1,-5,0
78.267485,-4,-24,-18,5,-1,0,1,5,0
78.267491,3,15,21,-3,-2,-1,1,-2,0
78.289257,2,-2,-2,-2,-2,-1,-2,-2,0
78.289263,-2,-3,-23,-7,0,0,-1,4,0
78.289266,-4,16,1,0,-2,1,-2,-6,0
78.289268,1,-14,-6,2,-1,-1,0,1,0
78.311146,-14,-24,15,-1,0,-1,-2,-2,0
78.313364,12,10,-7,5,2,0,1,0,0
78.313376,-13,-13,4,1,0,-2,-1,-5,0
78.313379,14,10,-15,-2,1,-1,0,1,0
78.325914,2,-6,16,1,-1,-3,0,2,0
78.325930,-12,-11,-9,-4,-1,1,0,-1,0
78.326592,4,26,12,-2,-1,-2,-1,-1,0
78.326733,-8,0,-11,-6,1,-2,-1,-3,0
78.348833,3,-7,-8,0,-1,1,-1,3,0
78.348861,-16,-12,18,-1,-1,-1,-1,-1,0
78.350285,-10,6,7,0,-3,0,-1,-4,0
78.350288,17,-12,-2,-5,-3,-1,-1,-1,0
78.370883,-4,-10,4,0,-2,-1,-2,-5,0
78.370918,6,7,-15,-4,-1,-1,-2,0,0
78.371380,5,32,12,-1,-2,-2,0,1,0
78.371386,-10,-7,4,-3,-1,-3,-4,-5,0
78.386119,-1,-10,1,10,0,0,1,-2,0
78.386150,14,10,-2,-5,-3,-2,-2,4,0
78.387708,-1,-26,-9,1,0,-1,-1,-3,0
78.387713,-4,13,2,-8,-3,-1,0,0,0
78.408350,24,3,9,8,1,-1,-1,1,0
78.408372,-41,-2,-11,0,0,-1,-2,-5,0
78.410944,17,12,-17,-5,-3,-1,-1,-1,0
78.410952,-1,-26,14,1,2,-4,-2,2,0
78.430770,4,8,8,-1,0,-1,1,0,0
78.430783,3,28,-15,1,0,0,1,-1,0
78.431375,-7,-12,-6,-3,-2,1,-1,-5,0
78.431388,-3,22,-12,-9,0,0,0,5,0
78.445760,1,4,3,4,-1,-1,-1,-3,0
78.445781,5,-23,-11,-2,0,-1,-2,-3,0
78.447883,-2,36,6,-4,0,-2,-1,1,0
78.447887,8,4,-2,3,-1,0,-1,-3,0
78.468665,-16,-28,-7,-8,-5,-3,-2,-6,0
78.468688,-1,-3,6,1,2,-1,1,5,0
78.471512,13,18,0,1,1,-1,0,0,0
78.471518,-15,-15,-1,4,-2,-2,-1,-1,0
78.491862,-10,-14,3,-6,-1,-1,-3,1,0
78.491866,4,6,14,2,-3,0,0,-2,0
78.491868,-10,-24,-11,-4,0,1,0,-2,0
78.491870,2,26,3,4,3,0,0,6,0
78.505746,5,-24,6,-4,-3,-2,-1,-6,0
78.505762,-8,2,-4,-5,-2,0,0,-1,0
78.506469,2,34,-7,1,1,2,1,-1,0
78.507574,-16,-90,25,0,-3,-2,-2,-2,0
78.529588,-5,32,-10,-7,-2,-2,0,-1,0
78.529618,9,-8,-1,3,4,0,2,0,0
78.531549,-3,2,-7,3,0,-2,-1,3,0
78.531554,4,18,-11,-1,-2,-1,0,-3,0
78.551338,2,3,7,-3,0,0,-1,1,0
78.551366,11,-20,5,5,-2,-1,-1,4,0
78.554311,-14,-12,-8,-4,0,-2,-1,2,0
78.554327,-1,16,-1,0,-2,0,-2,-1,0
78.565579,-9,-10,1,1,1,0,-1,-2,0
78.565607,6,20,-8,-4,-2,-1,-3,-3,0
78.573456,6,-18,3,2,-3,-3,0,1,0
78.573477,5,12,1,-1,-1,1,0,-5,0
78.588557,-2,4,-11,1,-1,-2,0,1,0
78.588598,2,1,-6,-4,-2,-1,-2,-3,0
78.589072,-2,-5,-1,4,0,0,-2,-6,0
78.589167,-9,16,6,0,-3,0,1,-2,0
78.610742,2,10,-6,-1,0,-2,-1,0,0
78.610764,5,-5,-8,-4,2,-1,-1,1,0
78.612498,-4,-2,6,0,0,-1,-2,-2,0
78.612506,14,7,-11,-2,0,-1,-1,3,0
78.625383,4,5,-5,-2,0,-1,-1,2,0
78.625399,-2,22,14,2,-3,-2,-1,-3,0
78.635441,2,11,-4,10,0,-1,0,-1,0
78.635446,-35,-56,-10,-3,0,-3,-3,-5,0
78.648970,5,-6,-1,1,-2,-2,-1,0,0
78.648997,-3,-4,-9,-7,-3,-2,-2,-1,0
78.650998,-2,9,6,-5,0,0,1,-2,0
78.651009,16,11,-6,-2,0,1,1,0,0
78.671290,-16,3,-3,0,0,-1,-1,-2,0
78.671315,-2,-19,40,4,-1,0,-3,-5,0
78.671530,-1,-22,-3,-6,-1,-1,-1,0,0
78.671537,-1,22,-5,-2,-1,-2,-2,-6,0
78.685609,7,-19,0,-1,-1,2,1,3,0
78.685629,-11,-21,0,1,1,0,1,0,0
78.693831,3,-10,7,-3,-1,0,0,1,0
78.693932,-18,-6,-6,0,-1,-2,-2,1,0
78.708417,9,7,14,4,-1,-1,0,0,0
78.708433,1,-3,-13,-4,-2,2,-1,1,0
78.709594,5,2,-3,1,-1,-1,1,0,0
78.709600,15,-2,-4,3,-5,-1,0,0,0
78.731150,-1,-7,-9,-8,2,0,-2,-3,0
78.731169,12,16,13,3,-4,-2,0,-1,0
78.731743,-43,-14,2,-6,-1,-2,-4,-5,0
78.731762,7,5,1,1,-3,-2,-2,-3,0
78.745062,9,8,0,-6,-1,1,1,1,0
78.745080,4,-2,-10,-5,-1,0,-1,1,0
78.753659,8,12,-7,-4,-1,-2,-1,0,0
78.753680,1,8,7,1,-1,-1,0,-1,0
78.769128,-6,-18,-3,2,-3,0,-1,0,0
78.769172,-16,-2,-1,-3,2,-1,0,-3,0
78.771255,10,-13,-2,0,-1,0,-1,0,0
78.771260,8,19,-2,-6,2,0,1,3,0
78.790710,-10,10,11,4,-1,-2,-2,-7,0
78.790716,4,3,-11,-1,-2,-2,-1,-1,0
78.791389,-3,-10,-5,3,-1,-1,0,-2,0
78.791395,0,10,7,-1,-2,-3,0,2,0
78.805386,-3,-33,0,-1,0,0,-2,-4,0
78.805391,6,-15,-16,0,-2,-3,-3,-2,0
78.813443,10,27,11,-4,-3,0,0,6,0
78.813464,-3,-2,-7,-2,2,-3,-3,-5,0
78.828278,5,34,9,-3,-4,-2,-1,-1,0
78.828294,-5,-18,-10,1,-2,0,1,0,0
78.829276,1,-26,-10,-1,-2,-3,-2,-8,0
78.829280,0,-5,5,2,-3,0,-2,7,0
78.853351,5,35,-16,2,-1,0,0,1,0
78.853361,-4,22,7,-4,-1,-3,-1,1,0
78.853363,-3,-21,10,-3,-5,0,0,-2,0
78.853364,-3,1,-7,4,2,-1,-1,-5,0
78.874268,-8,-2,6,0,2,-1,0,3,0
78.874296,-4,-1,-10,-2,-1,-1,-1,-1,0
78.874770,-1,2,-6,-3,-3,-3,-2,1,0
78.874789,-4,-25,1,-5,-1,-1,-1,-3,0
78.888453,-7,-15,2,-1,-1,-1,-1,0,0
78.888475,16,16,-7,-5,0,1,-2,0,0
78.888991,-16,-4,5,2,0,0,-3,-1,0
78.889005,-3,7,-5,-7,0,0,-1,-2,0
78.911183,1,9,0,5,-1,-2,0,0,0
78.911203,-1,8,3,-7,-1,-2,-2,-2,0
78.913804,11,2,-14,0,-1,-1,-1,-1,0
78.913809,-10,5,17,3,0,0,-1,-4,0
78.934382,9,7,-4,-3,1,0,-1,-1,0
78.934412,-5,2,-6,-1,-2,-2,1,0,0
78.936764,-7,-5,-1,-9,-1,-2,-3,0,0
78.936789,1,-23,-5,5,1,0,-1,0,0
78.948969,22,-57,7,-12,-2,-1,-1,-2,0
78.948988,-35,22,1,2,0,-1,-2,-5,0
78.949215,8,4,-7,-3,1,0,-1,-3,0
78.949233,-2,-5,2,2,-2,2,2,-3,0
78.970812,-1,14,-10,-2,-1,-3,-1,1,0
78.970831,21,-12,-3,3,0,1,0,2,0
78.972374,-24,-5,5,1,-1,-2,-1,-4,0
78.972379,-2,1,-3,-1,-2,-3,-2,-2,0
79.002295,-14,-4,-7,0,0,-2,-1,-4,0
79.002320,8,46,8,-2,-3,-2,-3,8,0
79.004564,5,-15,-8,0,-1,-2,-1,0,0
79.004574,6,-4,7,1,-1,-1,0,1,0
79.008273,-4,-4,-5,2,0,1,-1,0,0
79.008289,-11,7,6,-4,-1,-1,2,-1,0
79.008880,10,8,3,8,3,0,1,2,0
79.008894,-7,3,-8,-5,-1,-1,-1,0,0
79.040248,0,-7,0,-1,-3,-1,0,5,0
79.040254,-8,-20,-16,-1,-1,0,-4,-5,0
79.040256,4,17,10,2,0,-1,0,5,0
79.040258,4,-10,-5,-5,-1,-1,0,-3,0
79.055639,-5,42,-5,8,-3,-1,-2,-2,0
79.055646,-3,-59,-12,-4,-5,-2,-1,-3,0
79.055649,-3,6,3,-4,2,-1,0,-1,0
79.055652,-1,-11,1,4,2,1,1,3,0
79.068506,-17,27,-8,1,1,1,0,-7,0
79.068537,-2,1,-1,0,-1,-2,-1,-3,0
79.071591,6,-11,-15,-5,-2,-3,-2,2,0
79.071604,25,20,17,-2,-3,-3,0,5,0
79.091363,-24,-11,4,0,-2,-2,1,-6,0
79.091385,4,-10,1,1,0,-1,0,0,0
79.093457,0,-4,-1,-4,-4,0,-2,-3,0
79.093462,2,13,-8,-1,-2,-2,-4,-2,0
79.114341,5,-1,-2,1,-1,-1,-2,0,0
79.114363,9,9,10,0,0,0,-1,-1,0
79.116423,-13,-9,-3,-4,-3,0,0,-2,0
79.116427,-7,14,2,1,-1,-1,-2,-1,0
79.129043,-3,-48,-3,-4,0,0,-2,-6,0
79.129075,-2,-17,4,-7,-2,-2,1,3,0
79.131907,11,18,-4,-8,-3,-2,-4,-3,0
79.131911,-11,-12,1,1,5,0,-2,-4,0
79.150907,6,2,2,-6,0,-1,2,-2,0
79.150913,9,31,-5,4,0,-1,-1,3,0
79.151360,15,-1,-5,1,0,0,-1,0,0
79.151366,-20,-37,9,2,-1,-1,-2,-5,0
79.174134,0,3,-2,1,1,-3,-4,-1,0
79.174151,-4,7,4,0,-1,-2,-2,-1,0
79.175430,-4,-46,-14,-4,-4,0,0,-4,0
79.175436,10,11,-6,-3,-1,0,-2,4,0
79.188741,1,15,9,3,-2,-1,-2,0,0
79.188773,-3,-10,-6,-3,-3,-1,-1,-2,0
79.190264,-7,3,0,1,2,-1,0,-2,0
79.190315,-3,18,-3,-5,-5,0,1,0,0
79.211243,5,-18,0,-5,-1,-2,-3,-2,0
79.211250,-11,1,4,1,-1,-2,-2,-3,0
79.211486,5,-2,5,0,-1,-2,-3,3,0
79.211492,-12,-27,-10,-4,-4,-1,-1,-8,0
79.234597,15,48,-3,-3,-1,-1,0,8,0
79.234626,-4,-11,10,2,1,0,-1,-2,0
79.236787,-8,14,7,3,2,-3,-1,-1,0
79.236808,18,2,-4,8,-1,-1,0,-1,0
79.248426,-10,9,1,2,1,-3,-1,-9,0
79.248448,5,-22,-8,-5,-2,-1,-2,1,0
79.250471,-4,9,-2,-3,3,0,1,0,0
79.250475,4,23,11,-1,0,0,-1,0,0
79.272153,-7,-11,-2,-3,-2,-2,-3,-2,0
79.272161,2,-5,-2,1,-1,-1,0,2,0
79.272163,4,14,-10,-1,-4,0,-1,-4,0
79.272165,4,-3,-4,-5,-3,-2,0,2,0
79.294357,-9,-19,-1,-1,-3,-2,-1,0,0
79.294385,-8,7,3,-3,1,0,-1,-5,0
79.296505,-7,-11,2,3,-1,-1,0,-2,0
79.296509,4,6,-8,-2,-2,-2,-3,-1,0
79.308270,-2,-18,-7,-3,-2,0,1,0,0
79.308287,6,22,9,2,-1,0,-1,-1,0
79.309128,-13,-5,-6,-10,-1,-3,-3,-3,0
79.310792,4,-18,23,20,3,-1,-3,-3,0
79.331188,-2,9,0,-1,1,1,-1,1,0
79.333452,5,-3,-9,-3,-2,-3,-1,2,0
79.333457,-4,36,7,6,1,0,0,2,0
79.333459,-17,-22,-13,-14,-3,2,1,-3,0
79.354779,1,8,-4,-4,0,-1,-2,-1,0
79.354796,3,-13,4,2,2,0,0,-6,0
79.355533,10,1,8,3,-2,0,-1,2,0
79.355548,14,34,-18,-5,0,-3,0,1,0
79.368499,0,-12,18,1,1,0,1,6,0
79.368512,-12,-6,-8,-5,-1,0,-1,-4,0
79.368969,-3,-19,4,-2,-3,-1,-2,-5,0
79.368981,1,10,-9,-2,-2,0,0,-1,0
79.391444,4,-3,-4,-7,-4,-1,-1,0,0
79.391473,11,-19,-5,7,1,0,-2,-2,0
79.392944,10,9,13,2,1,2,1,0,0
79.392948,-20,-10,-8,-1,-4,-3,-2,2,0
79.413928,-7,-2,-2,0,-5,-1,-1,-2,0
79.413941,-1,-1,1,-4,2,0,0,-1,0
79.414603,16,42,-4,2,0,-2,-1,2,0
79.414617,-2,-50,1,-4,1,-1,-1,-2,0
79.429703,-3,-16,4,3,-1,0,0,-3,0
79.429709,0,14,-2,0,-2,-1,0,2,0
79.429710,-1,-36,-3,-2,-3,-1,-2,4,0
79.429712,-3,37,-8,-9,1,-1,1,-1,0
79.451160,-2,4,-1,4,0,-1,-2,-5,0
79.452620,11,-14,2,-1,-2,-2,0,2,0
79.452627,-8,0,-15,-7,-2,-1,-1,-7,0
79.452629,9,5,9,1,0,-1,-2,6,0
79.475065,1,-65,-3,-2,-2,1,-1,-2,0
79.475071,-22,10,-6,-1,-2,-3,0,2,0
79.475073,2,8,6,1,1,-2,-2,-4,0
79.475074,-5,0,0,2,0,-1,0,-4,0
79.488529,-4,16,-4,0,1,-1,0,1,0
79.488545,2,-6,0,-7,-3,-1,-2,-6,0
79.490814,2,4,-1,-1,-3,-1,-1,-4,0
79.490819,-10,-4,0,-5,3,-1,0,1,0
79.511290,24,21,7,-2,0,0,-1,0,0
79.511310,-24,-23,-13,-1,-6,-1,0,0,0
79.511735,-6,-8,1,-3,1,-2,1,-2,0
79.513204,0,9,0,-1,-1,0,0,0,0
79.534436,5,6,-5,2,0,1,1,0,0
79.534465,8,43,-4,3,2,-2,-1,1,0
79.537456,-5,-25,0,1,-3,-1,-1,1,0
79.537463,7,-1,-5,-9,-3,-2,-1,-5,0
79.547638,-28,-7,0,-7,-2,1,-2,1,0
79.547660,6,11,2,5,-1,-2,-2,-3,0
79.555971,0,14,-13,-7,-1,0,-1,6,0
79.555988,4,-7,11,11,2,1,1,-4,0
79.570893,-5,20,4,4,-2,-2,-3,-2,0
79.570914,2,-34,-4,-3,-1,1,-1,4,0
79.571654,-2,4,4,-2,-2,-1,0,-1,0
79.571665,5,3,5,-1,-4,-2,-3,-4,0
79.594535,11,6,-11,-4,-4,-2,-2,-4,0
79.594568,-13,-7,5,1,0,0,-1,-6,0
79.597827,-8,-12,-4,1,0,-2,0,1,0
79.597834,-7,-20,2,1,1,-2,-2,3,0
79.607905,-2,-27,-3,-3,0,1,0,-1,0
79.607933,12,-1,-8,-1,1,0,-1,4,0
79.615912,-6,-11,8,5,-1,-1,-2,-4,0
79.615934,-3,17,-8,-1,-4,-2,-2,0,0
79.639022,6,2,-6,-5,0,-1,1,1,0
79.639045,-4,-17,17,6,-1,0,-1,0,0
79.640513,1,11,-1,-7,3,0,-1,-2,0
79.640518,-3,4,-5,0,-2,3,0,0,0
79.654089,-2,-12,-6,-5,-2,-2,-1,-2,0
79.654112,-3,11,0,-4,-4,-1,0,1,0
79.655267,-2,41,5,5,4,0,-1,-5,0
79.655272,-17,-52,12,-2,-3,-2,0,-7,0
79.668117,18,12,-4,-8,-2,0,-3,6,0
79.668140,-26,-16,-5,0,0,0,-1,-1,0
79.676279,7,-5,-8,-3,-4,-1,-1,-3,0
79.677990,-16,0,-7,-2,-1,-2,-1,6,0
79.690990,-1,12,11,7,1,-4,-1,-3,0
79.691012,13,-13,-8,-4,1,0,-2,-4,0
79.692501,4,-7,6,4,0,-1,-1,-1,0
79.692563,2,-4,-9,-5,0,-2,0,-2,0
79.714241,-13,-4,1,-1,-2,-2,-1,-1,0
79.714259,-4,15,-1,-5,-2,-2,-3,-5,0
79.715159,-5,-6,1,-1,-1,-1,-3,2,0
79.715166,16,7,13,3,1,0,0,-3,0
79.727688,-2,3,1,3,-3,-1,0,3,0
79.727705,-5,-6,-1,-4,-1,-1,-3,-1,0
79.736096,9,-1,-2,-8,-3,-2,-1,1,0
79.736125,7,-4,-13,1,-2,-2,-3,0,0
79.751569,12,5,5,2,3,-1,-1,-4,0
79.753930,-1,9,-4,-3,0,-1,0,0,0
79.753938,-2,-26,1,0,0,-1,-1,0,0
79.753940,8,12,-6,-2,-3,-2,-1,0,0
79.774016,-18,-3,-13,-2,0,-1,-2,-2,0
79.774023,6,-19,12,0,-2,-2,-1,-4,0
79.774682,3,-9,0,5,-3,0,-2,-3,0
79.774694,-10,4,-3,-2,-1,-1,-1,0,0
79.789227,-4,-5,-8,-2,0,1,-3,-6,0
79.789234,0,-5,7,4,-1,-1,2,1,0
79.796148,0,8,-4,-1,-2,0,0,-5,0
79.796177,-9,6,2,0,-1,-1,-3,2,0
79.821287,-2,-16,-18,-4,-2,-3,0,-3,0
79.821296,8,48,14,0,0,-1,-3,4,0
79.821298,-14,-25,0,-2,2,-1,-1,-2,0
79.821300,-10,5,-2,2,-1,0,-2,-6,0
79.835659,27,3,2,3,1,1,1,6,0
79.835668,-18,3,-16,-2,-4,-1,-1,-4,0
79.835670,-4,-6,-3,0,-1,0,0,5,0
79.835672,14,0,6,-10,-3,-1,-1,-1,0
79.856479,-6,-5,19,0,2,-2,-1,2,0
79.856505,-3,-9,-10,1,2,-1,-1,-10,0
79.858084,22,8,4,-6,-3,-1,-1,0,0
79.858091,-26,1,-8,4,0,1,0,0,0
79.870924,5,10,-2,1,-3,-1,-1,-1,0
79.870996,0,5,-15,-8,-2,-1,1,-2,0
79.871704,2,-27,39,10,3,0,-1,5,0
79.871737,11,-10,-14,-1,2,-2,0,-3,0
79.896117,-8,-7,0,0,-1,1,-2,1,0
79.896122,1,-5,-2,-3,0,0,-3,3,0
79.896124,-10,5,-17,2,0,-2,-1,-3,0
79.896125,3,20,7,-7,-1,0,1,0,0
79.917107,-6,-7,5,7,-1,1,0,-1,0
79.917126,6,-11,-5,1,-3,-1,-1,-2,0
79.919392,-13,19,-11,-5,-1,-2,-2,-4,0
79.919399,7,-5,3,-5,-1,-2,-2,0,0
79.931054,-20,-7,-2,4,2,1,2,-4,0
79.931069,12,8,9,0,1,2,-1,1,0
79.932131,-12,1,-3,2,-2,0,0,0,0
79.932135,1,21,-1,1,0,-2,-2,-7,0
79.954159,0,-9,-17,-9,-3,-2,-2,-1,0
79.954176,-7,-25,19,-3,2,-1,1,4,0
79.955885,10,-12,-1,5,-3,-1,-2,0,0
79.955891,-5,22,-9,-4,3,-2,-1,-3,0
79.977382,2,18,7,4,-3,0,-1,1,0
79.977402,-10,4,-12,-4,0,-1,-1,-7,0
79.977800,2,-1,2,-5,-1,-2,-3,2,0
79.977807,3,-23,-5,1,-1,2,0,3,0
79.990909,2,13,-7,-3,-3,-2,-1,-1,0
79.990929,-3,-1,-17,-2,-4,-2,1,1,0
79.991602,4,3,5,4,3,2,2,-3,0
79.991622,-11,17,12,8,1,-1,-1,-2,0
80.014347,2,-34,2,-4,1,-1,-1,4,0
80.014369,9,6,-4,-2,-3,1,-1,1,0
80.016089,-8,11,-12,-14,-6,-2,-3,0,0
80.016093,21,3,-3,-2,-1,1,-1,2,0
80.036506,-14,-4,2,3,0,1,0,-6,0
80.036526,2,-5,-2,3,0,-4,-2,0,0
80.037408,-2,-2,-4,-1,-2,-3,-1,1,0
80.037424,-6,-14,5,-2,-2,-1,0,-4,0
80.052292,19,4,-1,-6,-3,-2,0,4,0
80.052299,-2,4,4,0,-1,-4,-2,-5,0
80.052301,-12,-6,-6,5,1,1,-2,-2,0
80.052302,-12,-3,3,-2,-4,-1,-2,0,0
80.073982,-4,-2,0,2,-1,-3,0,-4,0
80.074000,3,3,0,-1,2,0,-1,-1,0
80.075607,1,9,3,-7,-5,-1,-1,-2,0
80.075614,2,7,-2,-1,0,0,-1,1,0
80.097782,-7,-49,3,-3,-1,-2,-1,-1,0
80.097788,-6,4,2,5,-4,-2,-3,-4,0
80.097790,8,13,0,-4,1,-1,-2,-3,0
80.097792,-18,-51,-10,-2,-2,-3,-2,-4,0
80.113412,43,29,6,-1,5,0,1,2,0
80.113418,-24,-4,-13,-9,-3,1,-1,5,0
80.113420,2,-3,-9,-4,3,-2,-1,0,0
80.113422,-2,-1,6,1,-1,-1,-1,0,0
80.134073,2,18,-9,-4,-1,-1,-1,-5,0
80.134096,0,-38,11,1,-1,1,-1,-2,0
80.136553,-3,0,3,-4,-3,-1,0,-1,0
80.136568,7,2,-3,-2,0,-1,0,-4,0
80.157507,-8,5,-6,-3,-3,-1,-2,4,0
80.157513,6,17,-1,-3,-1,-3,-1,2,0
80.157515,4,-1,6,7,0,-2,-1,-3,0
80.157516,-1,-1,0,1,0,0,-1,-1,0
80.170946,-12,3,4,0,-4,-1,-1,-3,0
80.170970,-9,-11,-9,-1,-1,1,-1,-1,0
80.173116,-9,7,-13,-6,1,-1,1,-3,0
80.173123,4,-15,-2,1,0,-2,-2,4,0
82.195448,-63,-23,-31,-25,-17,-1,-26,0,2
82.195947,-23,-15,2,18,15,24,9,-11,2
82.205078,-3,65,31,3,0,25,28,11,2
82.205149,80,-26,-12,-5,-14,18,18,-14,2
82.218953,5,19,5,-4,4,-10,-26,17,2
82.218975,-52,32,14,-9,1,13,21,26,2
82.220923,67,37,8,5,-7,11,-51,23,2
82.220954,-112,39,-36,-7,1,16,3,-62,2
82.241518,40,-4,16,2,1,11,-10,-5,2
82.241535,11,-11,-20,-17,2,-4,10,2,2
82.242961,-21,79,-8,9,0,24,-19,-39,2
82.242974,5,127,30,5,3,5,10,38,2
82.255214,53,-62,-33,-12,-7,3,-9,1,2
82.255232,29,-13,0,-29,-2,16,-12,-9,2
82.264834,-54,-7,14,-10,-7,-23,-1,32,2
82.264840,-27,-54,-18,-24,-29,-26,-14,-41,2
82.279439,3,37,2,5,9,58,18,0,2
82.279443,-16,55,30,29,6,3,-49,9,2
82.280354,-96,-47,-16,-3,-8,27,23,18,2
82.280360,4,121,5,-10,-12,-46,4,55,2
82.301418,57,41,19,5,6,-33,10,24,2
82.301435,-76,13,9,7,-17,-21,-19,-58,2
82.304156,74,-40,-26,1,6,24,-12,-45,2
82.304162,-3,47,-5,7,5,31,8,39,2
82.315207,33,57,0,-1,-2,-7,-11,13,2
82.315274,45,-22,-9,-4,-4,-2,55,17,2
82.325367,-26,40,-1,-6,-9,-10,22,-7,2
82.325372,-4,44,2,-19,-7,14,-16,-28,2
82.342572,-14,-36,14,1,-5,-3,-9,-5,2
82.342579,35,32,-4,10,-16,-5,1,17,2
82.342581,-77,-59,21,6,-2,5,-16,-20,2
82.342583,-66,-89,-31,8,-14,-14,-3,-32,2
82.361439,2,127,12,14,13,33,10,17,2
82.361459,-4,76,-3,5,11,-22,15,27,2
82.363178,-116,-1,-17,-11,-4,30,-3,-58,2
82.363200,-39,74,25,4,3,6,9,23,2
82.375122,16,50,-9,9,-8,-21,-7,-34,2
82.375143,-25,-28,-6,-21,2,-8,-22,9,2
82.385473,82,108,12,5,-2,2,16,40,2
82.385477,-12,66,15,0,0,-14,-2,9,2
82.399607,-64,-30,-11,11,0,8,-10,-39,2
82.399646,53,-29,3,-12,1,19,3,-6,2
82.402044,-49,81,4,-5,3,-2,-1,11,2
82.402049,17,-128,-31,-20,-11,-45,-24,-15,2
82.421689,-45,17,-9,-5,0,3,30,-23,2
82.421695,9,-7,33,15,-2,-11,-62,20,2
82.423040,-12,-66,-17,-18,0,-22,-5,-13,2
82.423052,39,-95,-1,7,6,25,0,18,2
82.435534,-4,-40,-7,6,1,-9,-14,-6,2
82.435567,-38,-52,8,12,9,13,16,-13,2
82.445800,66,67,1,-6,-4,15,0,25,2
82.445806,62,29,0,-14,14,24,0,26,2
82.458943,18,12,8,5,-30,-62,6,-84,2
82.458959,-79,-9,-35,0,12,68,-11,5,2
82.460458,66,-107,6,2,10,-68,-12,6,2
82.460474,41,101,11,14,-9,13,6,4,2
82.481984,-32,-10,-13,-30,23,8,-4,9,2
82.483634,7,1,3,1,-2,-14,9,2,2
82.483639,-23,-19,-5,-11,-13,8,7,-25,2
82.483641,-32,35,19,-1,14,-2,26,1,2
82.495501,-13,-128,-30,-20,-5,7,-13,1,2
82.495521,26,127,10,-4,-27,-18,17,1,2
82.504659,-19,-124,-25,-1,11,1,-13,11,2
82.504664,38,29,10,1,-3,-3,-1,6,2
82.518952,-6,-11,-1,1,-3,7,-5,4,2
82.518973,-54,-13,3,15,16,-7,16,-15,2
82.520571,23,104,9,10,-11,28,-6,27,2
82.520593,-41,-42,-30,9,-4,-40,-9,1,2
82.541540,-22,29,-9,-17,-5,4,-3,10,2
82.541561,-4,32,2,-22,8,-12,6,2,2
82.543563,19,10,7,-14,5,6,13,48,2
82.543567,-113,18,13,2,-14,-5,-14,-56,2
82.555385,16,117,5,-9,11,5,-2,41,2
82.555409,65,-83,-13,-9,-8,-17,8,20,2
82.565619,11,-59,12,7,2,-7,-15,-9,2
82.565624,-17,-45,-17,-15,4,3,8,2,2
82.579036,-7,29,1,16,6,4,4,-9,2
82.579041,28,61,0,-10,-29,18,-4,-8,2
82.580323,11,91,10,8,26,6,16,-17,2
82.580329,19,-40,5,7,-5,2,19,14,2
82.602133,-92,49,13,-4,-5,8,-15,-34,2
82.602157,-20,-27,-7,9,6,13,13,7,2
82.604671,30,51,-1,-6,-33,-50,2,-57,2
82.604677,-23,-116,-52,-19,-5,1,-31,11,2
82.615681,24,112,2,17,10,19,-10,22,2
82.615694,-5,61,13,7,-2,-1,15,7,2
82.626063,-26,17,-10,-5,0,2,2,4,2
82.626070,38,103,17,2,-5,12,-2,-4,2
82.639073,41,-123,-5,-4,-5,-8,-11,-10,2
82.639096,23,-20,-12,-5,-6,-14,-8,22,2
82.640598,-28,-11,-4,8,14,11,-12,-27,2
82.640608,45,121,76,4,-3,3,11,-11,2
82.661368,91,62,-42,-7,-1,26,-8,-17,2
82.661389,-35,116,-3,-1,-2,-48,12,1,2
82.662845,-24,-23,-7,-1,18,6,-7,3,2
82.662875,17,-13,-13,-4,3,4,-1,-2,2
82.675244,-8,-28,10,3,-1,-9,1,24,2
82.675260,30,19,10,-1,6,2,28,-7,2
82.687446,22,-8,-14,-6,-10,4,-4,-5,2
82.687457,-25,-3,-7,-2,1,-4,-11,3,2
82.699290,-5,-50,10,0,-8,-11,-2,-1,2
82.699312,13,-49,-12,-1,2,15,-8,-8,2
82.700828,-29,-4,1,3,-6,-2,-6,21,2
82.700868,54,1,0,1,6,-9,13,0,2
82.721511,-120,7,12,-2,-13,-4,2,-18,2
82.721531,66,-38,-41,-14,6,17,-28,3,2
82.722963,-111,38,-1,2,-5,-10,12,-63,2
82.723039,96,-43,-19,4,26,8,-12,-4,2
82.744090,32,108,1,-10,1,-7,28,7,2
82.744113,-4,-35,17,9,-8,-10,-15,9,2
82.746040,35,27,15,0,-5,6,-6,15,2
82.746044,-39,-6,-10,-13,1,6,1,-5,2
82.758749,4,-69,9,11,-3,-12,-5,15,2
82.758764,-5,32,9,1,4,7,4,-16,2
82.765206,5,-70,-13,1,2,4,-2,3,2
82.765221,-25,49,5,1,-9,5,-2,-1,2
82.782819,-2,57,4,2,0,-1,-2,14,2
82.782828,-29,-27,3,4,5,3,2,-9,2
82.782889,-35,-39,-15,-12,-6,-4,0,16,2
82.782974,-18,-30,-38,0,-9,-13,-15,-7,2
82.804038,-9,-31,14,2,1,22,15,-5,2
82.804057,-56,12,-8,-5,11,-8,-1,22,2
82.805565,-52,-53,-1,13,2,49,-15,7,2
82.805649,15,58,13,-18,-19,-78,16,-8,2
82.827148,31,-97,-37,-17,11,30,6,0,2
82.829520,-42,42,18,5,-5,6,1,0,2
82.829527,92,98,14,2,-1,-9,-2,0,2
82.829529,-7,103,18,6,8,19,16,10,2
82.842028,100,94,31,24,-3,-12,-1,19,2
82.842058,-8,32,-12,7,5,-31,-2,-15,2
82.844301,55,72,-3,4,-9,64,11,32,2
82.844308,-2,-20,-3,14,-9,2,-32,19,2
82.863957,-18,-66,2,15,22,-1,1,5,2
82.863971,-18,-41,0,-1,-4,-17,-7,-8,2
82.865837,-43,-35,-20,-5,-8,-12,9,6,2
82.865859,-12,-50,1,-1,11,64,0,-16,2
82.878273,-20,-14,-2,3,-20,-18,3,16,2
82.878295,47,127,8,-1,-2,8,-19,-8,2
82.885505,-35,-41,-5,-3,-1,-27,-8,7,2
82.888111,-11,-76,-6,-6,-6,7,3,-5,2
82.901890,30,74,6,-5,2,-11,-9,3,2
82.901921,-62,9,17,-17,-7,17,3,0,2
82.904287,0,-30,9,-2,11,-28,-10,3,2
82.904296,60,122,-14,0,-1,0,-24,-58,2
82.923952,-64,-28,-4,-5,3,-2,35,11,2
82.923960,34,-11,8,12,3,1,7,14,2
82.925600,-11,-34,-13,-9,-10,-7,6,-34,2
82.925619,-23,9,26,0,2,7,-4,4,2
82.938742,-33,-62,-23,-38,-14,-9,-26,-29,2
82.938750,80,96,7,6,2,10,12,22,2
82.945158,-55,-86,6,6,4,11,-2,-18,2
82.945180,-18,64,-21,-1,-17,-24,5,13,2
82.961391,22,39,-4,-10,-10,-77,-10,8,2
82.961406,16,37,3,-16,4,33,3,1,2
82.963200,59,34,4,0,0,-13,-4,47,2
82.963343,-2,-51,1,-6,-8,15,25,-47,2
82.986566,-72,-37,-10,1,21,14,1,26,2
82.986572,40,28,-1,17,-7,-11,13,-1,2
82.986575,7,40,7,5,10,-18,1,-8,2
82.986576,-54,-19,1,-2,-2,9,3,10,2
82.998675,10,67,15,5,-6,12,-11,-12,2
82.998697,12,-29,-16,-8,1,-1,0,-19,2
83.005288,-41,-1,-6,-6,-7,6,6,10,2
83.005311,43,77,8,1,-2,-6,-10,-9,2
83.021692,-55,-57,-45,-7,8,17,-2,-9,2
83.021715,-91,-68,-4,-5,-4,-7,-9,-12,2
83.023115,105,120,13,0,20,-7,-2,-1,2
83.023136,9,25,-9,-10,3,3,-6,8,2
83.043875,21,54,12,4,-10,3,-4,-17,2
83.043891,-15,55,3,0,-5,-5,-9,7,2
83.045327,33,6,-13,-6,-4,-5,-3,-22,2
83.045332,-17,57,16,7,11,7,7,29,2
83.058695,47,64,13,2,0,5,0,6,2
83.058725,-26,47,-15,-3,7,-36,1,-6,2
83.065462,-36,16,26,-4,-9,79,23,7,2
83.065492,-25,-39,-2,3,13,13,-18,-41,2
83.081357,31,-8,5,0,-5,2,1,14,2
83.081371,36,10,8,18,1,2,-9,1,2
83.083218,-31,33,-7,1,1,-15,-8,-2,2
83.083237,4,-113,-3,-1,-5,12,8,18,2
83.104099,15,-15,8,0,-5,2,-11,-6,2
83.104153,-48,-43,-7,-4,0,9,3,-12,2
83.106236,45,88,2,-2,-2,-13,-7,-5,2
83.106242,-22,-108,-15,2,-9,7,5,13,2
83.118770,49,71,-22,-7,-20,-41,-15,-32,2
83.121523,64,-27,-1,-8,-10,1,-4,28,2
83.125019,-9,84,-22,2,-6,-9,-4,-58,2
83.125035,-89,104,5,-15,13,-16,-10,-8,2
83.141467,71,-104,19,15,2,10,-14,11,2
83.141481,-35,40,-3,-3,-3,13,35,-43,2
83.142945,10,9,-5,-8,-7,-21,-5,3,2
83.142958,-29,29,-1,-5,-4,-3,6,18,2
83.163964,-78,-14,3,1,-3,-4,-4,-19,2
83.163985,-24,92,8,-3,-2,18,0,15,2
83.165711,-27,-128,-19,-1,-10,-25,-13,-13,2
83.165717,42,71,1,14,3,-14,2,13,2
83.178258,47,95,-2,-8,4,48,23,14,2
83.178280,24,-9,-8,-11,8,-29,-17,-53,2
83.187386,-57,-3,9,2,-8,-17,4,56,2
83.187394,31,-57,0,-1,-7,-19,-4,19,2
83.203259,-22,-52,3,4,-1,-8,3,7,2
83.203271,19,-43,-6,-8,12,35,-6,-7,2
83.203273,20,22,11,-11,-13,-50,2,7,2
83.203320,-70,-69,-36,-16,-9,-14,-23,-24,2
83.224300,47,19,-3,0,2,3,-3,27,2
83.224321,-47,7,-3,-9,5,2,3,-7,2
83.226051,-26,50,5,5,1,10,-6,-38,2
83.226055,83,32,2,-5,-12,6,13,50,2
83.237703,-59,-15,-7,-2,2,-6,-8,-23,2
83.237725,13,-39,9,-1,-7,-7,-11,4,2
83.248926,18,0,6,3,2,11,4,-1,2
83.248931,7,-15,4,-3,5,-7,4,-7,2
83.262041,37,90,45,20,7,19,16,30,2
83.262062,4,-113,-57,-16,-38,-8,-36,-28,2
83.264619,35,69,9,19,10,-20,46,39,2
83.264625,39,90,-7,-9,-11,25,7,-9,2
83.284261,8,-27,4,12,14,-11,-4,1,2
83.284280,-47,-58,15,23,10,1,-3,-31,2
83.285892,-5,11,-18,-11,2,14,-16,0,2
83.285922,15,-62,-6,6,-6,-4,1,5,2
83.297499,-21,11,5,-7,-3,-9,0,-31,2
83.297513,15,-76,3,-4,0,3,4,31,2
83.307401,-10,-15,-36,-8,-15,8,-25,-32,2
83.307408,-58,-75,-18,-3,12,-7,6,-56,2
83.321826,-31,-41,0,8,-5,2,-8,14,2
83.323810,59,-56,4,9,14,12,0,-5,2
83.323820,6,62,7,8,-2,-33,-7,-19,2
83.323824,21,29,13,1,1,5,2,18,2
83.343857,-31,-7,-10,3,-3,0,1,-14,2
83.343864,27,78,-2,1,-7,-9,5,18,2
83.345364,26,-33,18,-11,23,19,1,19,2
83.345377,47,45,0,-14,-21,15,9,0,2
83.360202,-84,-68,-34,-16,-9,8,-21,-26,2
83.360219,-16,97,5,3,-5,-2,-3,18,2
83.368034,-19,63,2,-1,-10,-5,2,-36,2
83.368040,6,-70,2,4,13,6,0,16,2
83.381561,24,2,1,4,3,12,4,1,2
83.381583,15,-19,6,7,3,-8,4,27,2
83.383901,-59,-116,2,0,-1,40,-3,7,2
83.383909,27,77,-3,-10,-19,-46,-3,69,2
83.404105,-25,65,-5,2,-6,-17,-5,-50,2
83.404126,0,-37,-2,4,1,0,14,14,2
83.406230,68,50,11,-5,2,3,-10,13,2
83.406237,49,-89,-6,15,13,12,-7,-20,2
83.417970,28,77,-4,-13,-2,-6,-8,-32,2
83.418009,-60,-3,13,-7,-4,-5,2,-12,2
83.428815,35,73,-11,-16,-9,21,-10,-2,2
83.428821,-82,2,20,24,10,-36,-2,-5,2
83.441461,9,5,-9,-18,9,-1,4,-11,2
83.441480,-24,-5,1,2,-15,-9,-2,-17,2
83.442899,20,42,-6,2,-2,-3,-8,-12,2
83.442913,-35,-53,1,1,-1,23,-13,-23,2
83.464212,-22,-67,-24,-10,1,12,12,4,2
83.464242,73,37,6,3,3,-9,5,27,2
83.466048,-121,-112,-8,0,0,-2,-5,-14,2
83.466052,3,127,-7,-2,0,8,6,13,2
83.477849,16,22,5,1,-12,-20,-17,-44,2
83.477871,12,22,-6,-3,-1,7,-3,29,2
83.487651,14,-20,1,10,0,-7,0,10,2
83.487657,-2,52,16,2,3,6,-1,-13,2
83.501444,10,-76,-12,-9,-4,-4,-5,23,2
83.501477,16,127,5,3,5,0,2,1,2
83.503119,9,-51,-14,6,1,-1,3,19,2
83.503146,-33,-73,1,-7,9,1,-3,-26,2
83.523939,-12,28,9,7,-4,2,2,30,2
83.523962,56,59,25,10,0,-6,-9,12,2
83.525744,-13,3,-29,-20,21,2,15,-41,2
83.525755,-63,-36,-6,-3,-8,40,-6,2,2
83.537844,6,42,4,11,-2,-67,2,16,2
83.537868,-34,-21,7,3,6,28,2,-6,2
83.548626,42,50,7,8,-1,-6,-8,10,2
83.548632,35,74,-2,-5,-1,-7,9,-15,2
83.561772,-33,30,0,-2,6,24,7,1,2
83.561796,10,-76,-11,-9,-5,-16,-3,7,2
83.564409,22,5,15,0,1,5,5,21,2
83.564415,-32,19,-3,9,2,-6,-7,-23,2
83.584103,22,13,2,-1,-7,6,-4,16,2
83.584125,-25,80,-5,-1,6,-2,1,-13,2
83.585841,7,59,11,4,-8,0,1,-14,2
83.585855,19,-4,-1,-5,1,-7,-18,6,2
83.597719,-68,80,-5,-3,8,7,0,-7,2
83.597738,-25,-64,-1,0,4,-1,2,-2,2
83.607867,18,-31,11,8,13,-7,-6,-21,2
83.607872,59,34,5,1,-10,-3,5,38,2
83.621815,12,-50,7,-8,-3,4,2,3,2
83.621839,3,11,-1,-9,-6,7,4,-30,2
83.623890,3,-26,-26,-9,-9,-21,-29,21,2
83.623895,16,-67,3,-6,0,-20,-4,-12,2
83.644022,21,30,-1,-5,-1,28,-1,0,2
83.644108,85,67,2,-18,2,-11,-4,15,2
83.645423,-69,7,-1,2,-5,1,5,-25,2
83.645443,21,48,-10,0,2,-3,0,-4,2
83.666612,6,17,31,10,-4,-7,-14,4,2
83.666636,-38,-97,-11,3,1,-7,6,-30,2
83.669492,-17,-35,-7,-5,-18,-6,15,17,2
83.669510,10,-12,-1,2,32,89,5,20,2
83.681671,58,84,15,15,-2,-48,-1,-24,2
83.681693,-39,-13,-8,-1,-1,4,-7,2,2
83.683396,81,31,5,-2,-3,-4,3,2,2
83.683399,-25,38,-1,3,-12,-4,6,31,2
83.705240,-20,-6,-7,-3,-4,12,-2,4,2
83.705246,41,44,-15,-5,1,-1,-5,-12,2
83.705499,19,26,9,-7,-8,5,-1,38,2
83.705567,-3,20,9,17,20,-13,6,-7,2
83.726869,-13,5,-6,-12,-5,11,7,-4,2
83.726899,31,127,6,2,-4,-12,-24,17,2
83.729129,-64,-52,-14,-9,-11,9,9,-12,2
83.729135,14,27,9,-21,-4,-23,-5,-21,2
83.742099,-15,-65,-19,6,9,-1,-2,8,2
83.742244,-88,-123,1,1,-2,-6,3,-16,2
83.742973,-25,12,2,0,3,15,-8,3,2
83.742986,-49,-4,-15,-18,-5,-8,1,-25,2
83.764639,11,-3,-8,1,-6,6,8,-1,2
83.764677,-15,-36,8,-4,-3,2,0,14,2
83.767623,5,46,-4,2,10,-3,-5,6,2
83.767628,22,5,-2,-5,-10,-18,-8,-6,2
83.786751,-25,-108,-17,3,-9,-5,-6,7,2
83.786798,-21,-18,-2,23,12,-10,7,4,2
83.788281,-48,-41,5,-2,-3,14,-1,-10,2
83.789441,36,-32,0,13,-17,-15,0,2,2
83.800741,-25,-59,-12,-17,9,38,-1,-26,2
83.800801,-2,49,8,4,-6,2,3,-1,2
83.807741,23,91,-1,-3,7,0,0,0,2
83.807758,-18,-82,-5,-20,-14,-10,-2,-1,2
83.823974,-74,1,21,13,-2,-2,-2,10,2
83.823993,24,61,-18,-13,-5,-4,-1,7,2
83.825748,17,-13,6,0,9,3,2,14,2
83.825754,-76,-26,-8,-2,-13,10,-6,-9,2
83.846382,65,-33,4,-7,8,-9,4,18,2
83.846401,-72,18,-20,-20,0,7,-3,3,2
83.847981,-37,-33,4,2,1,-3,-6,-7,2
83.847999,-2,28,3,2,-6,-10,2,1,2
83.861233,71,107,11,0,-2,-6,1,13,2
83.861241,17,-56,1,-4,1,-7,-2,-14,2
83.867782,-42,-120,-1,4,-4,8,3,-3,2
83.867804,4,17,-12,3,4,-12,-10,33,2
83.884334,28,9,-10,-7,-3,3,5,-17,2
83.884357,44,62,14,10,-2,7,-2,-20,2
83.886480,18,-4,-3,8,-2,-15,-2,3,2
83.886490,6,23,14,3,5,5,2,-19,2
83.906541,40,127,18,2,-8,-10,-2,32,2
83.906563,-20,-128,-20,-2,-9,16,-26,3,2
83.908527,37,73,1,6,9,-9,-6,-21,2
83.908533,-16,39,-1,10,6,6,-2,-22,2
83.920812,7,25,-4,-9,-3,0,9,17,2
83.920834,-7,23,26,8,0,-8,2,-1,2
83.927873,24,-92,-32,-15,-3,-5,-9,-45,2
83.927894,57,6,1,5,1,7,4,27,2
83.943859,-14,-9,3,13,5,-1,2,-1,2
83.943882,-6,-27,7,1,-2,2,-1,-12,2
83.945281,12,35,6,-2,0,-1,0,23,2
83.945288,-10,99,13,4,0,-28,4,6,2
83.967082,26,-125,-27,-13,-6,25,-12,-25,2
83.967121,26,58,-7,-8,-3,2,9,7,2
83.970048,4,16,5,-7,-15,-12,9,2,2
83.970058,10,99,5,-7,2,6,-2,-6,2
83.980754,1,-3,1,7,-1,-13,-7,3,2
83.980777,24,-6,2,-4,14,-9,-5,10,2
83.987789,2,2,-6,-10,-1,17,15,2,2
83.987814,-3,-30,0,5,-3,0,-21,-37,2
84.004114,-9,32,-2,1,11,-8,0,-4,2
84.004123,-25,24,1,-6,2,6,3,3,2
84.005584,19,49,15,6,2,-6,-1,13,2
84.005597,6,-72,-22,-2,-2,1,-1,-15,2
84.026385,23,51,7,5,3,-14,0,9,2
84.026408,-53,5,-23,-14,-10,20,7,-17,2
84.028285,-36,26,2,4,0,-19,-14,-9,2
84.028307,58,-20,-4,1,-1,6,8,8,2
84.040788,51,71,11,2,-9,-3,1,4,2
84.040806,8,16,4,1,2,-7,6,-20,2
84.047848,37,91,0,-6,-7,3,1,26,2
84.049481,-95,-104,-7,-10,-1,5,1,-32,2
84.066131,23,-3,-12,-7,-2,-4,-6,-12,2
84.066136,-4,2,13,12,-3,-8,3,28,2
84.066138,18,47,12,5,0,0,-12,10,2
84.066140,8,-94,-15,-18,16,6,10,10,2
84.086680,0,2,8,4,-14,6,15,-14,2
84.086704,-8,8,4,-2,-3,-1,-3,10,2
84.088801,3,-65,-12,9,4,-6,0,8,2
84.088807,3,65,10,-1,-2,-4,-2,2,2
84.101159,-24,-37,-9,-7,-2,-4,-9,-5,2
84.101188,9,-52,0,-3,-4,-4,1,5,2
84.108369,19,26,4,-5,2,1,-2,-19,2
84.108397,28,74,-12,0,-11,-2,-7,-3,2
84.124361,-109,-106,-18,-3,12,0,-6,2,2
84.124390,31,29,-7,1,-11,-9,-3,-27,2
84.126972,-37,-8,-2,2,3,7,8,11,2
84.126976,-25,-92,1,0,-5,-7,-1,-15,2
84.145664,-16,27,6,-7,-2,-5,-5,5,2
84.145685,10,24,-2,-2,-2,-1,1,8,2
84.155189,12,-38,-6,2,1,-2,-2,-5,2
84.155197,6,48,6,12,3,3,1,8,2
84.160035,-19,-9,-7,-13,-10,3,1,-10,2
84.160058,35,-17,8,12,26,-3,-1,12,2
84.170198,27,-49,5,6,-2,-9,1,6,2
84.170212,-59,-24,9,6,-9,9,-12,-5,2
84.184560,53,63,-19,-12,-5,-1,-2,13,2
84.184599,-57,-49,-19,-6,-7,-13,-7,-12,2
84.187899,2,52,1,-8,-5,-7,6,1,2
84.187914,-6,38,19,8,17,-4,1,22,2
84.206247,24,54,11,8,-5,-2,-4,-4,2
84.206254,-8,26,8,-13,-6,0,-9,4,2
84.212773,25,2,2,-3,5,0,5,7,2
84.212854,-18,-7,-15,-14,-9,-4,-3,-12,2
84.221483,-16,87,31,15,5,-6,-3,-1,2
84.221490,-12,-4,-11,20,-1,-5,-2,-19,2
84.230021,26,-33,7,4,-4,17,14,-9,2
84.230030,-23,-1,-20,-14,-8,-18,-15,9,2
84.243921,-7,-38,-8,-15,-11,6,11,20,2
84.243937,-51,-56,-21,-12,15,12,4,-22,2
84.245350,-20,17,2,6,16,0,-8,-6,2
84.245364,-20,-98,-15,-6,-3,-1,-9,6,2
84.267094,-40,-73,4,4,5,6,5,-28,2
84.267127,39,42,9,-2,-9,-5,7,-10,2
84.269228,-28,16,-7,-3,-2,-5,-4,13,2
84.269238,47,73,14,8,0,6,4,4,2
84.280654,19,-32,2,-2,6,-5,-13,-12,2
84.280694,36,-46,2,-4,-2,4,2,23,2
84.290196,4,-5,-3,-5,-5,-3,-5,-5,2
84.290204,-25,127,9,1,-2,2,6,-11,2
84.304327,31,-40,-4,-4,4,0,3,12,2
84.304444,-22,2,-8,2,2,-14,2,10,2
84.305549,-29,1,-12,-5,-11,25,-13,-42,2
84.305621,36,-21,7,-5,-1,-1,4,25,2
84.327202,-10,66,-5,13,3,-4,3,-14,2
84.327223,-7,-27,8,6,1,-1,-22,20,2
84.329298,-29,76,25,8,-2,-5,1,-14,2
84.329301,25,-75,-24,-2,1,4,0,-5,2
84.340277,-46,21,-1,-1,-1,1,-1,3,2
84.340299,36,66,-2,-4,-9,0,0,2,2
84.350581,-9,16,-4,-10,-1,-5,2,3,2
84.350585,6,-15,8,4,0,-2,4,0,2
84.363835,-5,-53,1,-5,-3,-8,-8,4,2
84.363845,-21,15,-13,-10,-6,3,0,-15,2
84.365319,1,-23,-2,2,-6,-6,-4,2,2
84.365332,18,22,6,-16,5,-1,6,2,2
84.386667,-42,-50,-4,-6,-1,1,-3,-4,2
84.386694,19,-13,-5,-9,-6,0,-1,-16,2
84.388177,52,-18,-4,12,2,-1,0,29,2
84.388183,-2,69,12,8,3,8,13,-2,2
84.400487,-37,-87,-30,-10,-14,-18,-20,-55,2
84.400516,23,110,15,-14,1,-2,-3,-14,2
84.410591,-37,22,-11,-4,-5,-5,-3,-22,2
84.410596,-22,19,-1,14,7,3,0,15,2
84.426282,38,-70,4,-1,4,5,5,6,2
84.426288,60,92,8,3,0,-5,-2,5,2
84.426290,-40,-1,-16,-2,-7,-6,-14,-31,2
84.426292,33,82,11,17,4,14,23,11,2
84.446731,9,53,7,-1,8,2,-2,-4,2
84.446752,-15,-14,-2,10,-2,2,0,8,2
84.448007,0,-23,-1,-1,-3,-7,2,10,2
84.448044,-3,17,7,4,6,-7,-4,-10,2
84.460548,45,-10,-7,-9,-21,4,7,25,2
84.460564,-2,-33,1,8,-2,-1,2,17,2
84.471261,-29,-55,-10,-4,-4,-3,-6,-15,2
84.471269,-5,58,4,-9,-6,-6,-4,-11,2
84.484313,-12,-11,-11,-1,3,-2,1,-1,2
84.484342,-63,-72,-15,-4,-3,-2,-4,-7,2
84.487094,7,-31,0,0,-1,2,4,17,2
84.487107,26,-28,-5,-14,-6,-5,-11,-2,2
84.506423,-29,21,7,5,7,0,-2,-3,2
84.506439,0,-11,19,12,-3,2,2,-6,2
84.508249,12,-33,-2,-3,3,3,-1,4,2
84.508264,-40,-67,-16,-8,-1,-3,-1,-7,2
84.520150,71,127,23,13,2,7,4,-58,2
84.520171,-5,-103,-42,-9,-3,-15,-18,-22,2
84.530582,-41,55,-4,-6,-2,2,7,-41,2
84.530586,29,17,2,-7,-1,-4,-4,18,2
84.544749,-3,127,11,4,4,-2,0,-9,2
84.544770,-24,-43,7,3,-3,-8,2,-3,2
84.550395,13,-1,-6,-10,3,17,0,7,2
84.550410,4,-46,-12,-4,-9,-4,-5,-9,2
84.566775,-34,-4,0,-3,4,-1,-2,6,2
84.566781,1,-18,11,1,3,0,2,11,2
84.567846,-2,-59,10,9,-4,-10,-6,7,2
84.567859,-36,-118,-5,11,5,0,-1,-20,2
84.589112,-23,25,-8,-4,-4,-2,-3,39,2
84.589136,13,49,9,-4,3,-2,-5,-5,2
84.591027,27,37,1,-4,2,-2,4,14,2
84.591033,1,44,13,-2,-2,3,-3,-35,2
84.603964,64,16,-2,14,4,-5,-2,21,2
84.603987,-2,-59,5,-8,-2,5,4,8,2
84.606000,-4,39,-20,-19,-4,-6,-10,-12,2
84.606009,-3,6,-7,-1,-2,-3,-4,0,2
84.628700,-4,19,-7,-5,-2,-3,-5,4,2
84.628715,38,78,14,2,3,4,7,10,2
84.628717,-15,-69,6,8,20,0,8,11,2
84.628719,-10,-20,-13,-3,-15,0,-2,17,2
84.648922,41,-3,-3,0,4,-3,-2,2,2
84.648937,-65,92,-3,-2,1,3,-3,-2,2
84.650519,-8,-15,0,-2,-2,-2,-4,3,2
84.650533,22,-52,1,-6,4,0,-4,0,2
84.664555,3,53,11,6,-3,2,8,5,2
84.664577,-8,19,0,2,-1,-8,4,-3,2
84.666744,39,98,-3,-4,-4,3,-4,23,2
84.666748,14,29,-1,1,-3,-11,0,-20,2
84.686796,-17,-10,-6,-9,-2,-4,-3,30,2
84.686816,38,40,7,-2,-2,7,8,-10,2
84.688888,2,14,11,14,1,-8,-2,16,2
84.688892,-10,48,-1,3,-1,-3,-6,0,2
84.709583,-61,-128,0,-2,4,5,4,-14,2
84.709604,20,49,-15,-8,-6,-10,-4,1,2
84.710411,-53,-15,11,7,1,2,1,-22,2
84.710484,10,-77,-8,-6,1,2,0,17,2
84.724080,15,8,12,2,-2,-3,0,13,2
84.724105,-9,79,-5,-5,-3,4,-7,-18,2
84.725527,44,-61,-5,-5,-15,-3,0,2,2
84.725584,4,45,3,-2,2,1,1,0,2
84.747154,-4,56,2,-3,-7,-4,-4,-3,2
84.749058,-10,-120,0,9,-1,2,-2,-1,2
84.749062,56,127,13,-2,7,-5,2,1,2
84.749064,-45,-95,-1,5,-2,-3,2,20,2
84.769917,-40,-50,-24,-21,-14,-6,-14,-20,2
84.769929,-25,51,4,6,3,-1,-2,-4,2
84.770559,1,-12,-2,-3,1,-1,1,7,2
84.770574,14,47,2,-7,1,1,0,0,2
84.784760,-15,1,-11,4,-4,-2,-2,-13,2
84.784769,-13,-39,12,-3,-21,0,1,-1,2
84.790170,44,63,-12,-11,-13,-15,-7,3,2
84.790188,-53,59,-14,-4,-3,11,5,-22,2
84.806530,9,-65,-9,0,-2,-1,-5,17,2
84.806556,26,-5,-17,-4,6,-7,-8,-22,2
84.808238,-4,-11,7,16,0,2,4,-6,2
84.808244,16,23,3,-1,-5,-5,-2,8,2
84.831367,12,-19,-2,0,4,1,3,2,2
84.831372,-54,21,2,1,-3,1,-6,-20,2
84.831374,4,-69,12,1,3,1,-1,5,2
84.831376,-60,79,16,-7,5,-3,-6,-8,2
84.843511,40,65,-17,-6,-5,0,2,-15,2
84.843534,53,-31,-7,-6,6,-2,-1,4,2
84.850493,-31,-39,-7,3,2,4,1,-10,2
84.850517,10,28,-2,3,-7,-4,-6,-11,2
84.866780,18,25,32,15,5,5,10,6,2
84.866799,-10,13,-11,-6,-1,1,2,-7,2
84.868153,-3,59,8,-6,2,0,0,20,2
84.868166,71,50,-11,0,-4,0,-1,15,2
84.889198,-72,-107,-39,-14,0,0,-3,-26,2
84.889221,22,39,-9,-5,-3,0,-6,-33,2
84.891063,35,58,-7,15,3,-1,-6,-2,2
84.891070,15,28,10,10,1,-5,0,6,2
84.903494,22,12,12,1,0,-1,1,-1,2
84.903516,-5,-13,4,4,5,-1,0,18,2
84.910138,5,3,-11,-15,-19,1,0,-14,2
84.910153,4,-60,1,-8,-7,-4,0,-6,2
84.926488,-20,-3,12,16,9,-3,-2,8,2
84.926507,6,50,10,5,0,1,-3,8,2
84.927955,-43,-62,-15,-5,1,1,7,-1,2
84.927973,-48,-128,-20,-21,6,-2,-4,-9,2
84.949551,6,65,6,-12,-6,-1,-3,15,2
84.949589,-7,-13,16,-1,4,-1,-2,-43,2
84.951720,20,26,5,5,3,0,-3,8,2
84.951731,-17,11,-1,1,-1,-2,-4,-7,2
84.963523,-7,-45,2,5,1,-12,-5,-34,2
84.963544,2,-3,-13,1,-7,10,-6,25,2
84.972291,30,19,0,0,-3,-4,4,18,2
84.972297,-17,-57,-4,-2,0,1,-2,9,2
84.988152,-11,102,14,1,0,0,-8,-4,2
84.988159,-12,-75,-18,-4,-4,-7,1,16,2
84.988162,-30,1,0,-10,3,0,2,-14,2
84.988209,43,81,6,14,3,-3,-1,20,2
85.009651,9,13,8,2,0,0,1,1,2
85.009680,-17,-118,-13,-9,6,2,8,14,2
85.011461,11,53,1,2,-2,-5,-12,0,2
85.011465,-14,-43,0,-10,11,0,-2,-26,2
85.023390,-59,-36,-4,2,-4,2,-1,6,2
85.023413,19,-17,-1,-16,0,-3,1,10,2
85.030444,-27,52,16,7,3,2,2,-19,2
85.030470,103,13,-12,-1,-10,-3,-3,28,2
85.047271,-53,-50,-17,-8,-2,-1,-4,-25,2
85.047316,54,76,14,-2,3,1,3,18,2
85.050026,-60,-24,-1,1,-1,-1,-3,-12,2
85.050030,19,-22,-7,-2,-4,-2,0,-6,2
85.069261,105,127,19,1,-6,-1,1,50,2
85.069284,-86,-86,-14,-3,-6,-5,-10,-60,2
85.072339,20,-41,-3,-20,5,-1,-1,6,2
85.072345,-18,5,1,9,-3,0,-1,-9,2
85.083590,10,-97,-3,-1,3,2,1,-10,2
85.083610,17,73,14,8,1,-4,1,22,2
85.090581,-28,-96,-7,-2,-5,1,-1,-2,2
85.090609,-21,99,8,0,4,0,-4,-11,2
85.106805,54,-59,-28,-28,-8,-4,1,30,2
85.106833,-72,95,12,31,1,-2,-7,-1,2
85.108692,-11,-31,1,2,0,1,-2,-16,2
85.108697,1,22,-4,-1,-2,1,5,0,2
85.128888,-23,44,7,5,1,0,1,7,2
85.128904,15,4,-5,-7,-4,-2,0,-1,2
85.130400,12,-25,-8,-3,-3,-3,-3,9,2
85.130411,-19,15,9,10,1,-2,-1,4,2
85.142691,-4,8,-21,-14,-14,-1,-3,-10,2
85.142792,36,47,68,26,28,-14,3,34,2
85.153968,-19,-89,-54,-14,-22,21,-10,-18,2
85.153973,-10,73,-14,-8,0,-12,-3,-4,2
85.166382,-19,-15,-12,8,-8,1,-1,-19,2
85.166404,-7,18,-11,-13,-2,-2,0,3,2
85.168939,19,47,21,-5,1,-10,-4,13,2
85.168946,-3,-20,7,2,1,4,2,-4,2
85.189065,-10,-35,-7,0,2,3,0,-7,2
85.189086,11,-9,-11,-5,-8,-1,1,4,2
85.190547,-2,-7,10,13,11,-3,3,0,2
85.190567,70,54,3,-5,-1,5,5,-6,2
87.213984,20,-3,12,-3,-3,-1,-3,-5,0
87.214230,-16,-2,1,10,2,0,-2,-3,0
87.215526,-7,8,-22,4,-5,-1,-1,-4,0
87.215591,5,13,-8,-9,0,-1,-2,5,0
87.227643,-3,7,9,1,0,-1,2,-4,0
87.227667,5,-12,0,-5,-3,1,1,-1,0
87.236060,-1,-10,-6,-3,3,-1,-2,0,0
87.236080,-7,33,-17,-8,-6,-2,-2,-2,0
87.251019,6,-13,19,11,2,1,0,-2,0
87.251045,-12,-2,-25,-2,3,-2,-3,-1,0
87.251745,13,3,30,14,0,-1,-1,6,0
87.251764,0,5,-7,-1,-2,0,0,-4,0
87.273179,-4,-16,-11,-11,-5,-1,0,5,0
87.273201,6,5,4,2,-1,1,0,2,0
87.274638,-2,-3,-9,-3,0,0,0,-4,0
87.274646,-3,-4,-2,2,-3,-1,-2,1,0
87.287634,-1,19,1,2,-2,-2,-2,2,0
87.287654,1,-2,1,-3,-3,-2,-1,-5,0
87.295737,-8,13,-21,-1,-4,-2,-2,-3,0
87.295742,-3,9,35,5,3,-1,-2,-2,0
87.310655,-4,7,-18,2,2,0,0,-2,0
87.310697,0,-1,7,-2,-2,0,-2,-2,0
87.311357,-5,-5,-8,0,1,-1,-2,-1,0
87.311369,-3,30,-10,-1,-5,-3,-2,-7,0
87.334275,0,-66,-14,-4,-3,-1,-1,3,0
87.336028,-7,-8,9,-9,-2,1,0,-2,0
87.336040,-8,-9,-1,-1,-2,-1,-2,-1,0
87.336042,13,14,-10,-6,-2,-1,-1,2,0
87.347697,-46,6,11,5,5,-1,-2,-8,0
87.347719,9,29,-8,0,-2,-1,-1,1,0
87.357112,-5,-29,2,-3,-1,-2,0,-2,0
87.357118,-1,-12,23,-2,4,1,0,-6,0
87.372868,10,24,-1,-1,-2,-1,1,1,0
87.372874,-1,-1,-10,-5,-3,-2,-1,2,0
87.372877,1,-1,-5,5,7,2,0,-4,0
87.372879,-6,-5,4,-6,-5,-2,1,2,0
87.394249,4,4,1,-6,-5,-1,-3,2,0
87.394268,9,-12,3,-1,1,-1,-2,2,0
87.396541,-9,16,5,1,-1,-2,-2,-6,0
87.396545,2,-12,-7,-1,0,-1,-1,3,0
87.408355,0,-5,-2,-5,-3,-1,-1,-5,0
87.408376,-5,27,1,-3,-2,-2,-1,-4,0
87.415688,11,-3,-8,-2,-2,-1,0,2,0
87.415709,-1,4,1,4,-3,-1,-2,1,0
87.431298,5,13,4,2,2,-1,-1,-2,0
87.431326,5,6,-4,-4,-1,-2,-1,3,0
87.433854,-5,-6,-3,-5,-2,-2,-1,2,0
87.433861,-3,-14,3,-6,-5,-4,-2,-6,0
87.454105,17,10,5,6,3,1,0,1,0
87.454129,-6,-7,-9,2,-1,-1,0,-1,0
87.454825,-7,23,8,1,0,1,-2,1,0
87.454840,0,-16,-18,-2,-2,0,-1,0,0
87.476335,-4,13,-8,-8,-3,1,0,1,0
87.476357,3,-15,4,2,2,-2,-2,-1,0
87.477283,-3,-2,25,4,0,0,0,-3,0
87.477287,-5,17,-10,7,3,0,-2,2,0
87.491349,9,5,0,-2,1,-2,-2,-4,0
87.491370,-7,-15,-9,-6,-4,-1,0,-4,0
87.493162,1,2,-3,-4,-4,0,0,0,0
87.493166,-4,20,-13,3,2,-2,-1,4,0
87.516095,6,-29,0,1,-3,-2,-1,-1,0
87.516099,0,4,8,-2,-1,-1,-1,-2,0
87.516101,3,-11,-5,-3,-2,-1,-1,5,0
87.516103,3,26,-12,4,2,-1,-1,-4,0
87.536663,-8,-52,5,-5,-3,0,-2,-3,0
87.536698,3,4,-4,0,-1,-2,0,2,0
87.538353,-7,-20,6,-1,0,-2,-1,-3,0
87.538360,5,2,1,-9,-1,1,0,-5,0
87.551215,-5,12,-7,1,1,0,1,-3,0
87.553113,0,-11,3,3,-3,-1,-3,4,0
87.553126,10,-1,-7,-2,2,0,0,1,0
87.553128,-17,-32,-4,-3,-4,-1,-1,-2,0
87.574419,-3,10,-16,-5,-2,-1,-1,2,0
87.574448,2,3,57,10,5,3,0,-6,0
87.576882,15,17,-4,7,1,0,0,-3,0
87.576888,-2,17,-17,-1,-5,-1,-1,0,0
87.596631,-5,68,2,8,3,0,-1,-1,0
87.596660,3,-72,-15,-1,-2,1,-2,-4,0
87.597439,-4,5,-1,1,2,-1,0,-2,0
87.597454,-2,-15,7,-3,0,-3,-2,-2,0
87.610733,-2,-3,-9,-5,-4,-2,0,-2,0
87.610752,2,35,-2,-1,0,-2,0,-2,0
87.611346,-2,-29,13,0,0,-3,-3,0,0
87.611359,2,-7,1,3,3,0,0,-1,0
87.634759,-2,-2,-5,-4,-2,0,-2,-3,0
87.634798,-4,-5,-9,-2,0,-1,-1,2,0
87.637122,0,2,-15,1,0,-1,1,1,0
87.637127,0,1,23,7,1,-2,-2,-2,0
87.656581,1,-7,15,-4,1,-1,-1,-1,0
87.656588,-8,9,-6,5,-2,-1,-1,1,0
87.657041,5,8,-13,-10,-3,-3,-3,-9,0
87.657047,0,-1,-7,-4,-2,-1,-1,1,0
87.671977,5,4,-4,3,0,-1,-2,3,0
87.671982,-7,-2,4,-10,0,0,-1,-2,0
87.671985,3,7,-28,-2,-8,-3,-2,3,0
87.671987,3,-18,8,10,3,1,-1,-3,0
87.693849,0,29,3,-5,-2,-1,-1,-1,0
87.693909,6,2,-8,-1,4,1,-1,-2,0
87.695031,-4,-7,3,0,-1,1,-1,0,0
87.695035,-7,-1,-7,-4,-2,-2,-1,-5,0
87.718641,-5,10,-16,-4,-2,-1,0,1,0
87.718647,-5,8,13,2,-3,-2,0,-4,0
87.718649,-8,-15,0,0,0,-1,-1,-2,0
87.718699,12,18,-7,-3,-3,0,-1,7,0
87.730876,-9,19,11,5,2,0,1,-3,0
87.730898,0,-23,-11,-2,-3,-2,-3,-3,0
87.732655,-13,-13,2,-1,-1,-2,-1,-1,0
87.732668,-2,8,-11,-7,-3,-1,0,-5,0
87.753404,4,-16,1,-5,-3,-3,-1,3,0
87.753430,4,13,2,2,-2,-1,0,1,0
87.754332,-11,4,5,0,1,1,1,2,0
87.754358,7,-7,-15,2,4,0,-3,-6,0
87.776347,-12,-42,14,1,-1,-1,-2,-2,0
87.776369,3,2,-3,-1,0,-2,-1,2,0
87.777741,8,8,13,-1,-1,-2,1,-2,0
87.777752,-3,-5,2,-4,-1,0,0,1,0
87.791133,0,1,-14,-8,-6,-1,-1,0,0
87.791155,-9,-7,5,8,9,2,1,-2,0
87.793701,3,4,4,3,-2,-2,-3,-7,0
87.793712,5,2,5,-2,-2,0,2,3,0
87.813877,-29,-20,-8,1,3,1,-2,-1,0
87.813890,-3,14,4,-4,-4,1,0,-1,0
87.814529,-5,-44,-1,-5,0,0,0,-4,0
87.814542,-1,2,1,1,0,-1,0,0,0
87.836418,14,9,-1,3,1,0,-1,0,0
87.836441,-1,3,-13,-8,-6,-2,-2,-1,0
87.838280,8,20,-28,-12,-6,-2,-2,0,0
87.838289,-19,-11,55,13,4,0,-1,-5,0
87.850041,-2,-14,-5,-6,-3,-1,-1,-4,0
87.850063,1,1,0,0,0,-3,-2,3,0
87.858866,2,12,-7,-1,-3,-2,-2,29,0
87.858883,-2,8,-20,-15,-6,-1,-1,6,0
87.873865,2,7,9,9,4,-1,-1,-7,0
87.873876,0,-1,-6,-3,-4,-1,0,-6,0
87.874083,-1,4,12,4,2,-2,-1,-14,0
87.874101,0,4,-3,-2,-2,0,0,-2,0
87.896575,0,0,3,-1,3,-1,-2,2,0
87.896596,3,-6,2,-6,-6,-2,-2,-9,0
87.899019,0,15,10,-7,-2,0,0,-2,0
87.899024,16,-44,-13,-7,-3,-3,-6,-3,0
87.909989,2,34,10,1,2,-1,2,-6,0
87.910004,2,-3,-9,1,1,-1,-1,5,0
87.918291,-7,-3,3,-6,2,1,1,1,0
87.918319,1,6,-12,1,-2,-1,-1,2,0
87.934220,5,-4,-7,-7,-7,-3,-3,1,0
87.934248,-4,-1,6,4,3,2,0,3,0
87.937089,-3,2,1,6,1,0,-1,-2,0
87.937095,-1,11,-11,1,-1,-2,-2,1,0
87.956615,1,-11,-6,3,-3,-2,-2,0,0
87.956637,5,-4,-1,1,0,-1,1,4,0
87.957212,-13,-26,-29,-7,-4,0,0,-5,0
87.957236,-12,2,35,3,8,-1,-4,-3,0
87.970799,10,13,-6,1,-1,-1,0,7,0
87.970818,-7,-11,-5,-2,-1,-2,-2,-6,0
87.971520,7,-20,1,-4,-1,-1,0,-2,0
87.971552,-4,-2,-14,-4,-4,-1,-2,0,0
87.993610,0,4,6,-1,1,0,-1,1,0
87.993631,7,6,-6,1,0,-1,1,0,0
87.996120,3,8,8,0,-1,-1,-3,-1,0
87.996124,-6,1,-4,3,-1,0,-1,0,0
88.016635,0,-17,8,6,-2,0,0,-2,0
88.016703,1,6,-14,-6,-1,-2,-1,0,0
88.017036,-1,30,-2,-2,-3,-2,-3,2,0
88.017049,-6,-4,10,24,3,-2,1,-4,0
88.030821,4,1,-11,-1,0,0,-2,-10,0
88.030827,-3,-13,1,-6,2,2,-2,6,0
88.038485,-2,7,-1,9,3,0,0,-3,0
88.038511,10,9,-8,-8,-2,0,2,2,0
88.053235,0,-8,-6,-5,-3,-2,0,-1,0
88.053256,-17,3,5,5,-2,0,-2,-3,0
88.060753,2,-4,7,-2,0,1,-1,-4,0
88.060768,-5,10,-23,-14,-4,0,1,-2,0
88.077658,1,-14,14,13,3,-2,0,4,0
88.077664,2,1,14,0,-3,-2,-2,-6,0
88.077667,2,5,-1,-1,-4,-2,-1,0,0
88.077668,-5,-20,-16,-10,-1,-1,-1,0,0
88.090156,-5,4,3,-6,0,1,-1,-1,0
88.090177,-1,-25,-1,-7,-4,0,1,2,0
88.098442,0,4,11,6,4,1,0,-3,0
88.098461,7,9,0,-2,-1,-2,0,2,0
88.113586,-14,-13,1,-2,1,0,-3,-4,0
88.113608,2,5,-7,4,-1,-1,-2,-1,0
88.115469,-6,-7,3,-1,-2,-1,0,-3,0
88.115473,-5,-12,-3,-8,-2,-1,-1,4,0
88.136612,4,2,-19,-11,-3,-3,1,0,0
88.136637,1,23,9,-11,4,-3,-1,0,0
88.139135,-7,-4,15,18,6,1,0,-6,0
88.139144,5,-3,15,4,-2,-2,-2,-4,0
88.150537,7,-17,-7,-4,-2,-1,-3,-1,0
88.150558,-18,5,-22,-7,-6,-2,-3,-2,0
88.158339,-8,-6,-7,-9,-4,-1,-1,3,0
88.158361,-3,-7,-3,1,-1,-1,1,-5,0
88.173186,1,8,5,0,-2,-2,-2,2,0
88.173208,10,5,-9,5,-3,-1,1,-3,0
88.174024,8,-24,14,0,5,-1,0,-3,0
88.174083,-10,6,2,3,-1,1,0,0,0
88.197049,10,-3,-9,-1,-1,0,0,0,0
88.197087,-11,12,10,9,0,-1,0,-4,0
88.198621,-3,28,-6,-2,-1,-2,-3,1,0
88.198624,-3,-45,-17,-10,-4,-3,-2,-3,0
88.210454,-5,8,2,-8,-2,2,1,1,0
88.210482,3,-17,-1,3,-4,-1,-1,-5,0
88.218286,0,11,-7,1,2,0,-3,-1,0
88.218380,5,15,5,1,-1,-2,0,3,0
88.233138,-5,8,0,-2,-1,-3,-1,-2,0
88.233144,4,-5,-6,-3,-1,-1,-1,1,0
88.233851,-5,-11,-4,-6,-6,-3,1,-2,0
88.233864,6,11,2,5,-1,2,-1,-1,0
88.256834,-10,-10,0,-3,2,-3,-2,-3,0
88.256856,-6,-6,6,-3,0,-1,0,-1,0
88.258813,16,7,-1,3,2,-2,0,2,0
88.258824,-6,12,-9,-8,-2,0,-1,-2,0
88.280433,-7,-58,8,5,-5,-2,0,-3,0
88.280443,5,8,-2,-5,-2,-2,-2,0,0
88.280447,1,-3,-13,-5,-5,-3,-2,3,0
88.280451,5,2,6,4,3,-1,0,-4,0
88.293897,-4,10,7,-1,-2,-2,0,0,0
88.293928,6,5,-10,-6,-1,0,-1,1,0
88.295887,-1,-17,-4,0,-4,-1,-1,-1,0
88.295893,-8,-17,5,-5,-3,-3,0,0,0
88.316678,-17,47,-9,9,6,3,0,-3,0
88.316699,4,-59,14,11,3,0,-2,-2,0
88.319173,2,-4,1,-10,-4,0,-1,0,0
88.319185,-6,-21,6,3,2,0,-1,-3,0
88.330603,2,15,-12,-5,-4,-1,1,4,0
88.330630,-1,17,9,1,-2,-3,-3,0,0
88.338730,-9,8,7,4,1,1,0,0,0
88.338752,6,-9,-13,-4,-6,-1,-2,-5,0
88.353277,-2,1,8,-3,1,-1,-1,8,0
88.353307,-12,-4,-4,-4,6,2,-2,0,0
88.355520,2,-10,0,-5,-1,-1,-1,-3,0
88.355528,3,26,-18,-2,-1,-2,-1,1,0
88.376390,-2,-45,16,-8,-3,-3,1,-4,0
88.376406,6,10,-5,3,0,0,1,1,0
88.377324,-13,9,-22,-7,-2,-1,-2,-1,0
88.377345,0,12,18,6,2,-1,1,0,0
88.398890,5,3,-8,1,-3,0,-1,-3,0
88.398913,1,5,-1,-2,-1,1,-2,-1,0
88.401103,1,-27,-9,-7,-5,-1,-1,0,0
88.401107,-13,14,12,2,-1,2,-2,-3,0
88.413543,8,7,4,6,2,-2,-1,2,0
88.413572,5,7,0,-5,-1,-1,0,1,0
88.415147,-2,15,-3,-2,2,-1,0,1,0
88.415151,-1,7,-2,-6,-1,-3,-2,-2,0
88.436537,-2,-18,-2,1,-3,0,-2,-4,0
88.436558,-3,5,-10,-1,-2,-1,1,1,0
88.437325,8,-21,6,2,-1,-2,-2,1,0
88.437331,0,12,4,-5,-3,-1,0,-1,0
88.459437,-12,-2,-11,-10,0,0,-1,-5,0
88.459465,1,23,-6,0,1,-1,-3,-1,0
88.462036,2,11,-9,-3,-1,-1,-1,-4,0
88.462041,2,18,10,6,0,0,0,0,0
88.473302,9,-12,-1,4,-2,0,1,2,0
88.473324,6,43,15,-6,-1,-3,-3,-1,0
88.474255,-18,-35,6,0,0,-1,-1,-6,0
88.474259,6,-21,-11,5,-2,-2,-1,10,0
88.498353,-6,12,-4,-1,0,-2,-3,-8,0
88.498359,0,-18,-17,-8,-3,0,2,-2,0
88.498361,0,12,1,1,0,-1,0,-1,0
88.498363,1,-12,-2,3,-1,1,-3,-3,0
88.519390,-1,-22,7,2,-1,2,0,-2,0
88.519425,-5,-7,1,2,0,-1,0,-3,0
88.521612,-4,7,1,-2,-1,-2,-2,2,0
88.521623,4,-3,3,0,-1,-2,-1,-6,0
88.533778,2,16,-11,0,0,-1,0,-1,0
88.533798,-10,-7,23,3,-3,-3,-1,-3,0
88.535226,2,14,-1,2,2,1,-1,2,0
88.535231,-11,-16,0,-1,2,1,-1,-4,0
88.556505,4,4,-6,-5,-3,-4,-3,-3,0
88.556527,-4,-11,-8,1,-1,0,0,-1,0
88.559098,-5,-8,8,-2,0,1,0,-4,0
88.559111,5,-19,-9,-7,0,-1,1,5,0
88.578815,-3,18,-9,-2,0,-2,-5,4,0
88.578828,-6,-5,-11,-5,-3,1,-2,-5,0
88.580005,7,-9,14,9,0,0,-2,1,0
88.580025,-2,5,1,-3,1,-2,1,-4,0
88.593225,-7,-6,10,6,0,-3,-2,-5,0
88.593238,1,-19,-10,1,-4,-1,0,2,0
88.593828,-9,5,-7,-8,-4,-2,-1,-2,0
88.593840,16,11,-8,-7,-2,-1,-3,2,0
88.617174,-8,-13,-3,-2,-1,-1,0,0,0
88.617203,-6,22,-5,2,0,-2,-2,-5,0
88.620536,-2,1,-5,0,-3,0,-1,-3,0
88.620543,9,1,12,1,-1,0,-1,4,0
88.638900,5,2,4,-2,0,0,0,2,0
88.638906,-2,-1,-4,-1,0,-1,-2,-1,0
88.640370,2,-1,-1,-2,-3,0,0,0,0
88.640383,2,-3,-15,-3,-1,2,-1,-3,0
88.652871,-8,16,17,-2,1,-1,-2,-2,0
88.655152,-5,-24,-2,-2,2,-2,-1,-1,0
88.662307,5,-1,-3,-2,-1,0,-1,-6,0
88.662312,-9,22,-3,2,-3,-2,0,5,0
88.676432,1,-10,-12,3,-1,0,0,-1,0
88.676455,-2,15,1,-5,0,1,0,-1,0
88.678066,3,-1,-3,-1,2,-1,-1,1,0
88.678070,-5,13,0,-9,-2,-2,-1,-5,0
88.700032,5,2,1,4,0,1,0,9,0
88.700060,8,38,-5,1,-2,1,0,5,0
88.705223,-5,-9,-1,0,0,-2,-2,-3,0
88.705246,-4,-10,-14,-1,-5,-1,-1,0,0
88.713171,-5,-18,19,-7,6,1,0,-5,0
88.713200,2,8,-6,-3,3,-1,0,-1,0
88.727715,6,-2,-5,-2,-2,0,-2,4,0
88.727793,-5,-11,0,5,0,1,-1,-7,0
88.736682,-6,9,-9,-2,-2,0,-1,-1,0
88.736706,1,-12,-4,-3,-3,-2,-1,1,0
88.738337,-24,-12,-1,-5,3,-2,0,-4,0
88.738344,0,-1,3,-1,2,0,0,0,0
88.759936,8,4,-1,-3,-1,-1,-1,2,0
88.759965,-2,-20,0,6,1,-1,1,-2,0
88.761865,5,15,8,1,-3,-2,0,-1,0
88.761870,-2,12,-3,-3,-4,-3,0,0,0
88.772682,-1,-19,-1,-7,-4,-2,-2,-1,0
88.772697,-10,-48,37,6,2,2,-3,-5,0
88.782212,4,4,3,0,-1,-2,0,3,0
88.782219,-16,-5,-16,-6,-2,-2,-1,-5,0
88.796323,6,12,2,-2,-3,0,-1,-4,0
88.796336,17,-2,-18,-3,0,0,-1,10,0
88.797761,4,-4,8,5,-2,1,0,-1,0
88.797774,-7,-5,6,-3,1,0,-1,1,0
88.819069,1,1,-7,6,-3,2,-1,-2,0
88.819089,-12,-1,-8,0,0,-2,0,-5,0
88.820944,5,11,-6,5,-1,-2,-1,1,0
88.820950,0,-5,-5,-1,-3,-3,-1,-3,0
88.833188,2,26,-4,-10,2,-3,-1,3,0
88.833218,9,-28,21,6,-3,-1,-1,1,0
88.843162,-2,10,-21,-8,-4,-1,0,-2,0
88.843170,-1,-2,11,8,1,1,0,-4,0
88.858103,-2,1,-13,-1,-2,-3,-2,0,0
88.858112,-4,9,-3,-9,-3,-1,0,-2,0
88.858117,1,5,-6,-1,1,0,-1,-2,0
88.858120,-6,-7,-3,-7,-1,-2,-2,1,0
88.878860,4,-15,-2,1,-1,-1,-1,-1,0
88.878875,3,19,-2,3,2,-1,-1,-3,0
88.880703,-1,-9,0,3,1,-2,0,0,0
88.880739,-3,7,-3,-4,-1,-2,-3,-2,0
88.892563,4,8,10,1,-2,-1,-2,-5,0
88.892581,-16,-12,-16,-13,-2,-3,-2,0,0
88.903691,5,-17,14,9,3,0,-2,-1,0
88.903698,9,-8,6,16,4,1,-1,3,0
88.917145,0,11,3,-7,-1,-3,-3,0,0
88.917174,9,0,-20,0,-3,1,1,2,0
88.919845,-7,23,-4,-3,-2,0,-1,-2,0
88.919857,-2,-14,8,-9,-3,-2,0,1,0
88.939065,1,-17,-1,11,0,-1,1,-1,0
88.939088,-7,20,9,3,1,-1,-1,0,0
88.940487,1,-3,-3,-8,-3,-1,-4,-5,0
88.940506,3,1,-6,2,-3,1,-1,-3,0
88.952880,-4,-15,-13,-6,-2,-2,0,0,0
88.952926,-8,13,19,-4,-2,-1,-3,-6,0
88.962513,6,-5,-3,-5,0,-2,1,8,0
88.962523,1,7,0,-1,1,0,-1,0,0
88.976443,-13,-2,1,-3,-1,-1,0,-3,0
88.976461,10,2,-11,1,0,-1,-1,1,0
88.978830,1,-5,14,0,-4,-1,-1,-2,0
88.978833,-4,0,-9,-9,3,0,-3,0,0
89.001092,1,8,-7,12,0,1,0,1,0
89.001098,-11,23,-16,-3,0,1,0,-8,0
89.001101,1,12,0,-4,-3,-3,-3,6,0
89.001103,9,-6,14,-1,-2,-3,-1,2,0
89.013304,-11,-35,-6,-4,-1,1,-1,-6,0
89.013334,13,1,-1,-6,-3,-3,0,2,0
89.021598,-12,-14,-10,2,-1,-1,1,-4,0
89.021618,1,0,-7,-7,-2,1,-1,0,0
89.036485,2,25,18,7,2,-1,0,3,0
89.036516,0,-4,-11,-6,-8,-2,-1,1,0
89.038022,-3,-17,9,1,5,2,1,-2,0
89.038051,8,-4,7,5,3,0,-2,1,0
89.058885,-14,-8,-11,-5,-3,-2,-2,-4,0
89.058907,-10,-11,5,-3,0,0,-2,-5,0
89.060393,9,0,-2,1,-1,-1,-1,1,0
89.060406,-5,8,-10,1,-2,-1,1,0,0
89.072591,2,0,8,-3,0,0,1,2,0
89.072619,2,6,-3,1,0,-2,-1,-4,0
89.081772,-6,-44,16,1,-2,-1,-2,3,0
89.081803,-9,-4,19,3,0,-1,1,-3,0
89.096424,4,-12,-11,1,-3,-1,2,-2,0
89.096463,4,-10,1,1,0,-1,-2,2,0
89.097917,-1,13,9,1,0,-2,-1,2,0
89.097936,9,-1,-12,-6,-2,0,0,4,0
89.119198,2,-7,-9,-4,-4,-3,-1,-6,0
89.119234,-13,8,17,4,1,-1,-2,-5,0
89.121120,17,5,-16,-2,0,-3,1,9,0
89.121127,-6,7,-2,0,-2,-2,-1,-6,0
89.132997,7,37,-8,-6,-3,-2,0,-1,0
89.133026,-4,-27,-11,1,1,1,-1,3,0
89.143015,-11,17,-5,-4,-1,-2,-1,-5,0
89.143020,-4,-4,-5,-1,-1,-3,0,-2,0
89.156397,-2,-4,-9,-5,-2,-1,-1,-3,0
89.156422,2,2,12,-2,2,-1,-1,1,0
89.158015,-10,3,2,6,-2,0,1,-7,0
89.158025,3,-21,-2,-4,0,-2,0,2,0
89.179264,-7,14,-15,1,0,-2,-1,0,0
89.179348,4,-25,35,1,-3,-1,0,-2,0
89.180563,6,3,0,-6,-4,-1,-2,-4,0
89.180580,-10,7,-13,-2,-1,-1,-1,-3,0
89.192520,3,1,1,1,0,-1,-1,0,0
89.192539,4,0,-9,-1,-2,1,-1,-3,0
89.203300,-15,10,-8,-4,-1,-2,1,-1,0
89.203307,0,-6,0,-1,-4,-3,-4,-8,0
89.216851,15,-19,10,2,4,0,1,4,0
89.216887,-12,4,-20,3,-1,-1,-1,-4,0
89.219587,-1,-22,18,-5,-3,-2,-2,-2,0
89.219650,-4,6,-11,-4,-2,-1,1,-1,0
89.247069,0,9,19,-2,-5,-2,-2,-2,0
89.247099,-2,2,-4,-7,1,-2,-2,-1,0
89.249315,0,4,-16,2,-1,-1,-2,-4,0
89.249320,-5,11,0,3,1,1,1,-2,0
89.252670,1,3,-10,2,-1,0,-1,0,0
89.252691,-3,-25,8,2,0,-1,1,-1,0
89.262983,-5,11,-3,-1,-1,0,1,-1,0
89.262992,8,-24,-5,-1,-2,1,1,2,0
89.277529,-9,9,17,3,1,-1,-1,-6,0
89.277550,6,11,-14,-2,-3,-2,0,3,0
89.280094,4,-12,-15,-4,-1,0,0,1,0
89.280101,-17,1,3,-17,-2,-3,-2,-4,0
89.298835,2,-27,8,3,0,-1,-1,1,0
89.298848,10,11,-3,-1,-1,-1,-2,-2,0
89.300269,-10,4,-3,-5,1,0,-2,1,0
89.300283,3,13,6,5,-1,-1,2,3,0
89.321567,-6,-7,-12,-7,-1,0,0,-1,0
89.321589,-4,-1,1,-3,-1,-2,-2,2,0
89.323055,-4,10,-3,6,0,-1,-1,0,0
89.323067,1,-21,3,-3,0,-2,-2,-1,0
89.336484,3,-2,-6,1,1,-1,1,0,0
89.336514,2,12,12,-2,1,0,-2,-1,0
89.338331,8,12,-4,-4,-1,-1,0,-2,0
89.338336,-8,-8,9,3,3,0,-2,-1,0
89.359843,-1,-1,-11,-3,-3,-1,-2,-4,0
89.359849,14,1,9,1,-1,-1,-1,7,0
89.360330,-12,-11,-4,1,-1,0,-2,-5,0
89.360336,1,16,-7,3,0,-1,-2,-1,0
89.381497,-5,-3,-2,-3,-1,0,-3,-2,0
89.381518,-3,-5,6,-2,0,-2,-1,-4,0
89.382878,14,8,-8,-3,-2,0,-1,4,0
89.382890,-1,1,9,6,-1,3,3,0,0
89.396979,1,15,2,-2,-2,-3,-1,1,0
89.397008,-2,4,-36,-8,-4,-3,-1,0,0
89.398885,-6,-5,23,6,-3,-2,-3,-4,0
89.398889,1,-23,4,6,4,1,-1,0,0
89.419314,1,1,-7,-1,-1,0,-1,-1,0
89.419346,-17,7,-1,2,-1,-2,0,-5,0
89.421744,11,-14,-14,-8,-4,-2,-1,6,0
89.421751,0,12,-4,0,-2,1,-4,-1,0
89.441566,0,-2,-2,0,-1,-1,-1,7,0
89.441584,-3,-10,-3,-1,-3,-4,-2,-4,0
89.442870,0,-26,10,-4,-1,-1,-1,-3,0
89.442885,-10,5,4,1,-2,-2,-1,-5,0
89.455935,3,-3,-4,-6,-1,0,-1,3,0
89.455958,2,-2,5,3,0,2,0,-2,0
89.463048,-8,5,-3,2,2,-2,0,-4,0
89.463075,8,34,-4,-3,-3,-4,-2,1,0
89.479223,-15,-6,13,3,-1,-5,-2,-9,0
89.479245,13,11,-14,-2,-1,-2,-1,5,0
89.481034,-6,3,2,10,2,1,0,1,0
89.481038,-1,8,-5,-3,-1,-1,-3,-2,0
89.501402,5,6,-12,-5,-4,-1,-1,0,0
89.501416,1,8,2,1,1,0,-1,2,0
89.503273,-6,16,-11,-3,2,-2,-2,0,0
89.503298,1,-1,-17,-5,-1,0,0,-3,0
89.516445,6,-14,19,4,0,0,-1,2,0
89.516450,-14,-37,8,2,-1,1,-1,-3,0
89.522659,8,6,-9,-3,0,-1,2,-4,0
89.522681,4,-4,0,-5,-2,-2,-3,6,0
89.539105,-9,-11,20,-5,1,1,-1,-4,0
89.539127,-6,0,-3,3,-2,-1,-1,1,0
89.540778,12,-6,-5,-4,-1,-1,-2,0,0
89.540783,-5,0,-7,1,-1,-2,-1,-3,0
89.562566,-4,3,12,1,2,-2,-1,2,0
89.562572,4,0,3,-6,2,0,0,-3,0
89.562898,-5,4,-2,0,-2,-1,-1,-4,0
89.562904,0,-17,14,-2,-1,-2,1,2,0
89.576279,1,11,-12,-1,-2,-1,-1,-3,0
89.576300,-2,-18,-2,1,-1,0,1,-3,0
89.582466,9,9,11,7,2,-2,-2,1,0
89.582479,-2,-2,-3,1,-2,-1,-2,-5,0
89.599434,-19,-6,-11,-3,-2,-2,-1,-4,0
89.599460,-1,0,3,-3,-2,-2,-1,-3,0
89.601377,4,12,4,-6,-1,1,0,3,0
89.601383,-3,-5,2,-2,-5,0,-1,1,0
89.621480,2,17,-6,6,4,2,1,-4,0
89.621497,0,28,-10,-7,-2,-2,-1,-2,0
89.623515,-4,-22,-20,-2,-1,-1,0,2,0
89.623520,5,6,9,-4,-5,0,0,-1,0
89.635830,-1,12,-17,-4,1,-1,-1,-1,0
89.635860,3,-9,-1,0,-2,-1,-2,0,0
89.642595,5,0,11,3,-2,1,0,0,0
89.642617,4,-3,-1,1,2,0,0,-2,0
89.658928,7,16,-21,-11,-7,-2,-3,-1,0
89.658941,-14,-20,4,14,2,0,-1,-2,0
89.660704,-5,-1,5,0,-1,0,-1,-5,0
89.660723,0,1,-6,-2,1,0,1,2,0
89.681921,9,-3,1,0,-1,0,0,0,0
89.681948,0,14,-6,0,-1,-1,0,-9,0
89.684999,-4,9,17,-3,0,-1,-2,-2,0
89.685003,-11,3,-13,-2,1,0,-1,-5,0
89.695678,1,-21,6,-5,1,-2,0,-1,0
89.695700,8,2,-1,-1,-1,0,1,2,0
89.702947,2,-1,-1,0,-1,-4,-1,0,0
89.702977,-10,-15,-4,-1,0,0,0,-4,0
89.720457,-12,-4,12,-7,-4,0,0,-2,0
89.720465,11,-1,-6,-2,-1,-2,-2,6,0
89.720467,-9,50,-18,-4,-3,-2,0,-5,0
89.720520,-2,-25,10,5,0,-1,0,-3,0
89.741466,-2,-8,0,-4,2,0,1,3,0
89.741483,-7,-10,-2,3,0,0,-1,0,0
89.743265,-16,7,-6,-2,-1,-2,-2,-6,0
89.743269,15,5,1,-4,1,-3,-1,5,0
89.755741,-4,-17,-9,3,-2,-1,-1,-1,0
89.755756,0,9,11,-10,2,-1,1,-1,0
89.762870,2,-21,-4,5,-3,-1,0,0,0
89.762891,-2,4,-6,-5,-4,-1,0,2,0
89.779111,-1,-25,-5,3,1,-3,-2,-8,0
89.779145,1,7,21,-2,-1,-1,-1,3,0
89.782657,0,-16,-9,-9,-5,-1,-2,2,0
89.782662,-12,7,28,4,-2,-1,-3,-7,0
89.801874,5,27,-6,4,4,1,0,0,0
89.801894,3,-2,-9,-5,-4,-1,-3,-3,0
89.803081,-4,-12,0,-1,0,-2,-1,1,0
89.803110,6,9,-12,0,-2,-1,-1,-3,0
89.816248,-2,-3,3,-6,-6,-3,-3,2,0
89.816344,-1,10,-4,7,3,0,1,-5,0
89.822681,8,-21,1,2,0,0,2,-1,0
89.822699,2,3,-10,-4,-2,-1,-3,-4,0
89.839058,-13,7,2,1,-3,0,-1,0,0
89.839079,7,8,-11,2,-1,-3,-3,0,0
89.840737,-1,-17,-1,-7,-1,-1,-2,0,0
89.840752,-6,10,-7,-4,-4,-1,-3,1,0
89.861275,-10,-11,-14,-3,-1,-2,0,0,0
89.861282,-12,-20,28,9,0,1,0,-1,0
89.862790,7,-3,-4,1,0,1,-1,-1,0
89.862803,-9,-4,-9,-2,-3,-1,1,-1,0
89.876147,7,-12,4,-1,-2,-2,-4,1,0
89.876153,-4,0,-3,-9,-2,1,1,-1,0
89.885459,16,4,1,0,1,0,0,0,0
89.885464,1,-6,1,2,2,-2,-1,2,0
89.898855,8,9,3,1,-3,0,2,0,0
89.898877,-14,-18,-7,-7,-4,-3,-2,-3,0
89.900324,1,11,7,-3,-6,-1,-1,1,0
89.900336,-3,-8,-8,-4,0,-2,-3,-1,0
89.921923,8,17,11,1,3,1,-1,0,0
89.921929,5,-3,-3,-1,1,0,0,-1,0
89.922835,-19,-3,0,6,3,2,-1,-4,0
89.922841,4,-10,-2,1,-3,-1,1,-2,0
89.937975,-9,-4,-9,-4,-3,-3,-2,0,0
89.937981,11,24,-22,-5,-1,-2,-1,1,0
89.945202,-7,-6,6,-3,0,0,-2,-3,0
89.945207,-8,-12,10,0,4,-1,0,-2,0
89.958957,-1,-3,3,3,-1,1,-1,-3,0
89.958973,-5,1,-1,-1,-2,-2,-1,2,0
89.960628,-4,5,-16,-4,-3,-1,0,-1,0
89.960632,11,18,-9,-6,-1,-2,-2,-2,0
89.983585,-13,-25,19,5,-3,-1,-3,-2,0
89.983594,-14,-25,16,1,0,-3,0,-11,0
89.983599,-1,-1,-1,-5,-1,-1,0,8,0
89.983603,15,9,1,-1,1,-3,1,5,0
89.995494,-12,1,-9,-2,-2,-2,-1,-8,0
89.995522,-4,6,-8,1,0,-1,-1,-2,0
90.004857,-5,-7,-1,-1,0,-1,0,-3,0
90.004862,1,3,2,3,-2,0,-1,-1,0
90.019060,5,-2,18,7,2,-1,1,2,0
90.019088,-9,-14,0,-15,-4,-3,-3,-1,0
90.021008,5,5,10,6,2,-1,-2,1,0
90.021017,21,-48,-4,7,5,2,0,-2,0
90.042270,-1,-13,-15,-5,-2,-1,-1,-2,0
90.042301,1,7,-2,1,-2,-2,0,3,0
90.044705,-1,9,-9,-9,-1,-3,-2,-4,0
90.044722,-5,21,5,1,-3,-1,0,0,0
90.055329,8,-7,4,0,-1,-2,1,7,0
90.055362,-12,-20,-15,-3,-1,0,-1,-5,0
90.065872,8,-2,1,-4,-3,-1,-2,1,0
90.065879,-10,5,4,7,2,1,-2,-9,0
90.078971,10,14,-1,0,-1,0,-2,6,0
90.078993,4,20,-10,6,-1,0,1,1,0
90.080478,-6,-33,14,-1,0,-1,1,-3,0
90.080506,-8,1,-20,-9,-7,-3,-2,0,0
90.101453,3,15,21,7,3,1,2,-3,0
90.101477,9,10,20,1,1,-3,-2,4,0
90.103414,-3,3,-3,1,2,0,-2,-6,0
90.103443,-5,-2,-5,4,-1,0,-1,0,0
90.115106,-3,-10,-14,-9,1,-2,-1,-2,0
90.115132,1,16,-19,-8,-5,-1,0,1,0
90.124974,2,-17,18,7,2,-2,-5,-3,0
90.124983,-1,2,12,-1,1,0,1,-2,0
90.140297,-4,5,-8,-6,0,-2,0,-3,0
90.140306,6,-13,5,2,-1,-1,-3,-3,0
90.140586,-2,15,-19,-8,-3,-2,0,-1,0
90.140621,-4,-3,-3,-5,-3,-2,-2,2,0
90.161497,-6,-6,1,0,-3,-1,-1,-1,0
90.161528,2,12,-5,-1,-1,0,-1,-2,0
90.163140,-1,-11,-10,0,-4,-1,-1,0,0
90.163167,-4,2,33,-1,0,0,0,-2,0
90.175206,-2,6,-4,5,0,1,-2,-5,0
90.175243,-6,-8,0,2,-1,0,-1,-2,0
90.184810,-4,6,4,-1,-1,-1,0,2,0
90.184819,-10,-8,-6,1,0,-2,-5,0,0
90.199721,6,1,-2,-11,-6,-1,-1,2,0
90.199752,4,-4,14,9,4,1,0,-1,0
90.201360,-13,3,3,7,-3,-1,1,-3,0
90.201376,12,-4,-14,-5,0,-1,0,2,0
92.223900,19,99,2,-10,7,4,-20,45,2
92.224150,26,49,6,8,-8,-11,7,-35,2
92.225402,-40,-38,-3,4,-13,10,-20,-13,2
92.225465,75,127,19,-2,5,16,5,6,2
92.246747,-6,38,8,-1,-1,-44,-1,9,2
92.246776,-20,-58,1,1,9,7,9,0,2
92.248601,39,-4,-34,-4,-14,6,-8,6,2
92.248605,-70,22,-6,2,3,0,3,17,2
92.269176,45,116,111,26,23,-7,-12,3,2
92.269214,20,-107,-82,-28,-12,-48,0,-42,2
92.271924,56,78,-9,-3,-8,7,-19,16,2
92.271931,21,72,-4,-7,-1,-1,22,10,2
92.284571,-83,-29,-19,-6,-12,-2,-5,-41,2
92.284612,-4,-34,17,14,4,11,7,21,2
92.287389,-5,-68,4,-3,-4,-4,-2,-13,2
92.287397,4,-14,10,4,7,-5,-4,8,2
92.306362,20,4,-15,-4,-7,9,1,12,2
92.306386,9,-28,2,-2,0,-4,-2,11,2
92.308037,-33,-65,-9,2,-11,-35,-14,-22,2
92.308060,64,84,49,37,23,91,2,46,2
92.328858,-2,-128,-48,3,-14,-51,1,-50,2
92.328879,-85,-30,9,-1,-1,2,9,16,2
92.331221,23,-123,-41,-22,2,2,-10,-54,2
92.331225,-27,42,-2,-9,-3,-21,-11,8,2
92.343174,-27,-65,-12,-13,-6,22,-7,-2,2
92.343197,42,127,40,24,20,30,24,34,2
92.349937,-13,-82,-11,-8,-14,-53,-15,3,2
92.349952,-10,1,-3,-12,-4,-15,-6,-15,2
92.366645,3,21,2,4,4,20,-3,15,2
92.366649,-15,44,13,-7,-6,-18,-16,-34,2
92.367813,33,-15,11,16,13,19,15,46,2
92.367825,-40,-82,-8,-14,5,10,35,-39,2
92.389043,31,8,-13,-4,-6,11,-3,57,2
92.389065,30,-1,-1,5,7,55,-8,9,2
92.391198,-75,-30,-5,-12,-5,-9,4,-10,2
92.391202,80,-14,-5,-2,1,-26,-3,-25,2
92.403543,-16,39,2,-3,1,8,5,28,2
92.405521,-13,-29,1,-6,3,-11,-5,-1,2
92.410656,-22,-26,0,6,-15,23,0,3,2
92.410672,-9,-84,-11,-17,-13,-19,-11,18,2
92.429313,28,113,26,8,12,-10,1,18,2
92.429319,-55,72,-38,-36,-26,-15,-20,-43,2
92.429322,43,23,9,26,2,3,2,14,2
92.429323,-14,61,8,13,11,3,-3,0,2
92.449374,-48,-111,-13,-12,-7,-12,-2,-37,2
92.449571,59,-55,-5,7,3,-7,7,24,2
92.450517,42,127,1,-10,-10,14,13,17,2
92.450529,-61,-6,5,-7,4,-6,-9,-6,2
92.463164,11,-40,-5,7,4,12,6,8,2
92.463177,-3,93,-7,-3,-16,36,0,-20,2
92.470180,-46,-31,1,5,-7,-72,-8,-9,2
92.470221,-42,-90,-15,-12,0,5,-15,-13,2
92.486474,91,94,12,11,-1,19,1,21,2
92.486492,-104,-123,-15,-1,19,16,-4,2,2
92.487963,104,127,25,0,10,10,-1,-7,2
92.487977,-10,105,-1,25,-14,-8,-8,-24,2
92.508961,-12,-13,5,-10,16,-15,5,-13,2
92.508992,18,48,25,4,0,-10,-5,12,2
92.510294,-90,-96,-20,-15,-4,18,-10,-21,2
92.510313,28,23,1,5,-4,-18,-5,7,2
92.523483,3,-83,-13,-6,-6,17,3,-7,2
92.523490,55,127,41,18,1,-26,1,-24,2
92.530158,-103,18,-33,-30,-6,2,-10,-1,2
92.530180,34,53,-9,-10,6,10,7,-13,2
92.546781,-62,124,6,-11,-17,-6,5,27,2
92.546811,7,13,2,4,13,-16,-5,-44,2
92.548727,8,-9,2,-5,4,6,6,-4,2
92.548731,14,-81,3,-5,-20,1,-6,7,2
92.569225,-17,21,-11,-5,-3,9,2,-30,2
92.571553,21,-37,-23,-9,-9,-34,-3,39,2
92.571562,60,127,21,16,6,20,-5,-17,2
92.571564,13,-27,10,-12,16,-10,-5,1,2
92.583740,30,-51,-21,-8,-12,25,-7,-18,2
92.583769,-37,-33,1,10,-1,-7,31,-16,2
92.590669,63,3,-1,3,7,18,12,15,2
92.590698,41,97,15,-12,-1,-2,-2,-5,2
92.606414,-82,-31,2,18,3,-17,-4,-32,2
92.606439,-12,-44,-6,-7,0,2,-11,23,2
92.608013,-110,18,-18,-10,-1,-4,-19,-30,2
92.608029,-36,-33,-5,12,-6,3,15,12,2
92.629505,-33,-24,2,-19,1,-2,-3,-3,2
92.629526,-50,-41,-13,-1,-8,-2,-11,-14,2
92.630712,-13,44,26,-1,1,-6,10,14,2
92.630719,6,-46,-28,-14,-4,-4,-12,-27,2
92.643685,-39,-47,-13,6,5,-1,4,17,2
92.643803,12,-105,-5,2,2,-3,7,7,2
92.650144,114,97,32,-10,-8,-1,5,29,2
92.650159,24,-9,-19,11,-1,4,2,-2,2
92.666550,13,-41,8,11,5,-20,-19,-30,2
92.666554,-12,6,10,2,9,-21,0,32,2
92.667859,68,40,-31,-14,-41,16,-3,-20,2
92.667872,-116,26,14,15,39,19,5,-14,2
92.689131,35,-61,-9,-4,-3,37,6,20,2
92.689153,-49,54,8,5,-19,0,-2,-15,2
92.690871,-78,-3,2,15,4,-41,4,8,2
92.690875,34,32,-8,-13,-19,-9,-30,50,2
92.702883,43,105,4,3,-8,10,0,20,2
92.702909,41,65,-2,17,19,18,11,3,2
92.711735,-8,-104,-2,-7,-4,2,-6,16,2
92.711740,12,20,-4,-8,-13,-4,2,-16,2
92.727289,38,-15,7,-1,4,-14,-4,-4,2
92.727316,39,30,3,-21,-11,6,2,42,2
92.729331,6,-33,-10,-2,4,0,-3,-4,2
92.729376,-54,-92,-17,-8,-9,-1,-1,-2,2
92.749466,-10,33,2,0,-1,-15,-6,-8,2
92.749488,-1,23,-6,-3,1,-2,1,-16,2
92.751575,-64,39,5,9,-8,20,7,-5,2
92.751580,-18,66,35,2,13,-20,-13,-9,2
92.762498,-1,-69,-44,-26,-14,-29,-9,-49,2
92.762512,-8,-65,-2,-1,3,49,0,-23,2
92.772470,-34,28,-2,-3,6,-5,-3,15,2
92.772475,16,-32,-1,-12,-3,1,1,16,2
92.786631,21,45,5,5,8,9,21,3,2
92.786654,-17,13,3,-22,-6,-13,-11,17,2
92.788359,102,84,3,1,14,17,-19,-47,2
92.788365,-16,-59,-8,-2,-10,2,6,12,2
92.809075,3,-36,-9,-3,-6,-26,-4,7,2
92.809082,-51,-40,-10,-3,2,20,-4,21,2
92.810320,16,47,-4,14,-7,-3,1,-5,2
92.810333,-11,61,16,15,3,1,0,9,2
92.823691,-2,71,14,2,-11,-15,3,-1,2
92.823697,72,-28,4,24,-2,-6,-3,15,2
92.833265,-35,-120,10,12,29,38,1,3,2
92.833272,-45,43,-20,-4,-5,-8,-3,-25,2
92.846737,41,-30,8,5,-5,13,-1,13,2
92.848578,21,75,-2,-5,-7,-20,6,-41,2
92.848582,-30,-66,2,11,-7,-1,-4,32,2
92.848584,39,103,10,9,-2,-16,0,-15,2
92.870869,-22,-12,21,7,6,14,1,3,2
92.870874,-52,30,1,-10,0,-5,-15,-28,2
92.870877,-6,28,0,-10,-6,-22,12,11,2
92.870879,93,39,-28,-7,-1,5,2,2,2
92.883017,-52,-46,-23,-2,2,-11,-4,-4,2
92.883048,26,84,7,3,4,-11,11,14,2
92.892012,6,29,2,2,2,-4,0,0,2
92.892016,65,117,19,6,-10,1,7,14,2
92.906300,13,-24,-12,11,11,-4,1,1,2
92.906316,57,18,-9,-3,4,-20,-7,-20,2
92.908021,-85,-80,-15,-13,-10,14,-13,-56,2
92.908043,-48,50,31,16,18,46,8,29,2
92.929773,1,28,-2,-10,-19,-28,56,-28,2
92.929801,43,-8,-13,-12,-7,25,-11,0,2
92.931777,-27,-2,0,1,-4,-39,-9,10,2
92.931783,15,-22,0,2,-9,41,5,-18,2
92.942954,-6,19,-13,-25,-10,2,-15,13,2
92.942976,-33,-51,6,-6,-3,-6,10,24,2
92.952394,18,-13,18,17,-4,-20,-4,-6,2
92.952409,-1,-18,-15,1,7,0,0,-11,2
92.966324,-19,13,15,20,5,9,-8,1,2
92.966343,-7,36,-6,1,-10,-13,15,-13,2
92.967979,-63,18,-12,-5,7,5,-6,11,2
92.967996,-84,8,-34,-36,-16,-21,-2,2,2
92.988991,10,32,89,13,5,2,-18,-41,2
92.989014,-10,-64,-51,-5,13,12,-5,-40,2
92.990536,-8,55,-26,-11,-11,-11,1,-4,2
92.990616,-61,36,11,1,-11,1,-9,-35,2
93.002630,-40,77,-12,-8,3,-9,-28,-16,2
93.004860,-27,-65,7,3,-3,10,2,21,2
93.012221,62,18,13,-6,5,1,8,6,2
93.012226,1,-75,-18,-4,0,-31,4,10,2
93.026353,53,30,-6,-2,15,7,-11,26,2
93.026362,-25,48,17,10,-16,-7,-14,8,2
93.027773,44,-17,-5,-3,5,24,21,24,2
93.027785,96,77,35,26,3,-21,-8,3,2
93.049016,-36,-45,-46,-2,-7,-30,31,50,2
93.049035,-25,7,13,21,-1,-3,8,6,2
93.051070,-2,73,1,8,2,20,-10,-16,2
93.051074,-16,-61,8,1,6,-16,2,6,2
93.062808,18,63,10,3,1,16,-4,-6,2
93.062829,47,23,-15,-13,-7,-5,-8,-1,2
93.072957,-9,-21,4,-1,-2,-21,1,2,2
93.072963,-16,-45,-6,-6,1,7,0,-14,2
93.088599,28,28,-42,-29,-15,5,-2,-5,2
93.088605,-5,68,90,30,26,3,4,18,2
93.088607,68,-9,7,-21,12,-4,-9,-44,2
93.088609,-3,-19,-7,2,-1,-7,0,9,2
93.108846,-90,75,-19,-11,-27,15,-16,-31,2
93.108893,37,92,-8,-10,-1,-14,-12,36,2
93.110248,39,-15,-17,-7,-3,16,17,2,2
93.110254,11,-52,-3,-7,-3,-1,-2,-5,2
93.131740,27,59,23,4,8,-2,2,35,2
93.131762,-35,-16,-10,-13,3,-4,-1,-18,2
93.133321,-55,-19,30,9,-8,-6,-3,4,2
93.133324,-10,46,1,-9,-2,-2,1,6,2
93.146960,108,55,-22,-14,-8,-17,-7,59,2
93.146990,76,-83,-33,10,-32,-21,-42,-78,2
93.148675,17,-77,-22,6,52,36,19,3,2
93.148679,-21,39,23,11,12,16,3,18,2
93.168941,-9,-83,1,-6,-7,-71,1,11,2
93.168964,-29,24,-13,-20,0,4,-21,-2,2
93.170453,9,41,-4,-10,-19,8,-14,20,2
93.170477,-15,10,0,6,-2,-3,-2,-23,2
93.191398,-8,20,22,30,15,19,0,-11,2
93.191421,26,-22,-14,-20,-12,-7,-2,5,2
93.192828,-8,-32,2,23,3,-21,-1,11,2
93.192834,13,76,21,4,8,9,3,9,2
93.206325,63,47,-32,-15,-16,5,-29,-39,2
93.206347,-5,15,-5,-9,4,-2,16,33,2
93.207915,-7,126,-7,-16,-19,5,0,-34,2
93.207947,51,-27,-4,14,-3,-10,11,24,2
93.230955,57,74,8,-4,1,18,4,-2,2
93.230961,-93,-65,3,9,5,8,6,11,2
93.230963,8,59,-23,-17,-18,-28,19,-30,2
93.231008,18,-96,-22,-20,-10,-8,-18,1,2
93.251896,-41,50,47,34,20,30,4,2,2
93.254447,17,62,-37,-13,-7,40,23,-42,2
93.254456,79,-66,14,14,1,-26,-9,36,2
93.254458,-12,-64,-28,-10,-12,1,6,-22,2
93.266150,12,15,4,2,-3,23,7,31,2
93.266179,27,-3,14,6,2,-91,10,-6,2
93.272480,35,-18,0,6,4,24,-3,34,2
93.272499,-53,59,20,-6,-4,-5,32,3,2
93.290745,69,12,-20,-9,6,-10,-2,0,2
93.290756,-4,41,-5,1,-3,2,-14,-26,2
93.291162,4,111,-6,-18,-4,8,-4,29,2
93.291174,22,47,13,-3,6,-22,-19,-9,2
93.311447,-111,-74,-5,3,-2,15,13,-14,2
93.311470,56,118,12,9,0,28,-4,27,2
93.313155,-14,-29,-2,5,0,-15,-8,-10,2
93.313164,4,-6,-22,-12,-4,25,-8,-22,2
93.326297,10,-32,20,8,-3,8,11,2,2
93.326317,-38,-18,2,-9,26,-6,-17,-8,2
93.332974,-71,-98,-3,10,-11,-4,-19,-31,2
93.332997,87,6,-8,-1,-1,3,19,44,2
93.349080,-82,-35,-14,0,8,-6,-36,-28,2
93.349120,88,82,18,5,-16,-2,13,40,2
93.352184,-13,60,9,-2,19,-8,-6,-4,2
93.352192,-16,-126,-22,-4,-10,33,10,1,2
93.371379,-19,-9,-15,-15,6,19,15,-26,2
93.371402,58,-106,21,12,-4,-16,-3,25,2
93.372958,-50,59,5,8,6,9,-6,-37,2
93.372981,42,39,4,1,-8,-6,-21,-18,2
93.385849,-46,-8,-10,-10,7,1,5,12,2
93.385909,48,70,5,12,-3,-8,5,9,2
93.392465,1,-14,-6,-23,-12,9,6,19,2
93.392487,-51,-97,-4,-5,10,-19,-14,-12,2
93.409398,3,59,22,5,-7,-5,-4,-41,2
93.409419,-41,-128,-23,-7,0,5,3,12,2
93.411420,21,-46,-28,-8,-2,-23,-1,2,2
93.411424,-4,124,16,5,-3,21,-2,-20,2
93.432733,113,-65,8,4,-7,-13,4,21,2
93.432740,-110,-10,-18,-10,8,17,-3,-20,2
93.432742,-23,3,2,4,-5,-4,-8,-6,2
93.432800,-49,-28,-7,20,5,-23,-5,13,2
93.446134,-25,38,9,-7,-3,4,-9,-71,2
93.448637,7,12,-2,-1,5,26,11,29,2
93.452827,108,-24,1,-20,16,-23,-49,14,2
93.452849,-57,99,8,8,-1,56,-14,-9,2
93.469051,54,127,7,-5,0,-55,19,21,2
93.469076,19,-34,-11,-10,-3,-2,7,-2,2
93.470846,-75,101,2,-14,-8,10,12,5,2
93.470853,56,-76,0,23,17,7,-6,-10,2
93.492008,-25,7,-8,3,-2,1,-9,27,2
93.492029,-34,60,34,10,7,5,3,-27,2
93.494302,22,-86,-19,7,-14,2,6,-10,2
93.494314,-26,84,-1,-10,2,-29,4,3,2
93.505830,-7,-91,-8,4,-4,13,8,14,2
93.505851,28,40,0,18,10,-9,-3,-2,2
93.513090,-43,121,18,-5,8,8,2,-5,2
93.513112,-22,-46,-8,-28,2,-11,-5,28,2
93.529343,-50,32,1,3,5,-5,-1,-13,2
93.529368,-19,-18,-8,-21,-10,10,-5,-3,2
93.530326,-11,-29,8,16,-14,-16,11,0,2
93.530345,8,27,1,1,27,4,3,-4,2
93.551863,0,-18,8,-20,-4,0,-10,-3,2
93.551894,57,-68,-9,2,6,-3,-6,12,2
93.554916,-76,-51,-9,4,-19,8,21,-5,2
93.554932,18,2,-13,-5,6,-30,-2,-20,2
93.566331,-21,106,1,11,3,16,12,1,2
93.567709,46,-35,-16,-11,-12,-16,-11,-28,2
93.572461,-2,-76,3,9,8,5,-9,6,2
93.572479,71,110,5,-6,-4,-2,-5,3,2
93.588984,46,17,9,-6,4,10,-2,30,2
93.589000,-54,43,-2,8,-15,22,-9,-24,2
93.590358,108,-49,-3,1,3,-54,7,34,2
93.590380,-93,-19,7,-6,-6,11,-4,-10,2
93.611415,-12,-105,-30,2,-22,-23,-5,9,2
93.611438,22,57,19,3,11,19,5,35,2
93.613492,0,68,4,3,1,14,-4,-20,2
93.613501,-3,-128,-18,-3,-8,0,4,25,2
93.624950,-35,17,-5,3,8,3,-13,-18,2
93.624967,22,127,-10,-12,-4,-10,4,25,2
93.636367,-32,65,10,5,2,6,2,-39,2
93.636375,12,-77,-35,-6,-8,-10,-27,16,2
93.648578,40,35,-2,-6,2,-16,3,31,2
93.648607,-66,-7,-14,-13,-17,13,-2,-35,2
93.651160,21,111,18,0,5,16,-1,8,2
93.651164,42,-18,1,3,-14,3,14,0,2
93.670779,-43,-70,-15,7,11,-12,-21,9,2
93.670802,17,4,1,-10,5,-15,-1,24,2
93.671420,-24,22,-18,-2,-3,2,-5,11,2
93.671488,36,34,16,8,-11,-2,-1,-26,2
93.693143,-20,-44,7,3,7,8,4,-5,2
93.693166,-29,-27,16,4,13,-12,0,-4,2
93.694066,-39,-107,-11,-12,-21,33,-6,-29,2
93.694069,76,-22,-4,-3,0,7,10,0,2
93.709165,-6,13,-3,-8,-14,39,-2,-41,2
93.709195,19,41,10,14,1,-42,-2,-6,2
93.711788,-19,-125,-3,-6,-1,0,-5,13,2
93.711801,-32,30,-13,-11,-10,-12,-3,-3,2
93.730592,-55,36,1,-5,3,9,4,5,2
93.730606,24,-40,8,13,-4,6,-10,-8,2
93.731287,-35,-49,8,-3,-4,-22,5,5,2
93.731358,5,127,9,5,-10,-6,-15,-14,2
93.753487,69,-51,-2,0,21,-2,-10,-1,2
93.753507,50,102,2,-6,-6,-4,5,7,2
93.755058,3,109,31,14,-6,-3,-1,12,2
93.755063,-61,-72,-29,-10,-3,-12,3,-35,2
93.768424,-25,91,4,-3,6,14,4,-11,2
93.768453,-41,-38,4,-18,-1,3,4,13,2
93.770840,30,-6,-18,17,10,-3,-11,-18,2
93.770848,-46,68,20,-16,-2,1,6,11,2
93.790716,58,12,-7,5,-3,-7,-1,-23,2
93.790722,-21,-16,-19,-3,-10,22,-1,-8,2
93.791463,66,27,5,-2,-9,9,5,10,2
93.791544,-22,-106,-17,-14,23,7,-1,-8,2
93.813560,-13,-41,9,8,7,-8,3,31,2
93.813581,3,8,-10,0,5,12,-10,-20,2
93.815495,49,11,23,-3,-6,4,15,-13,2
93.815499,-71,-49,-10,11,-4,-10,-8,23,2
93.828421,47,21,-7,-6,-12,1,-18,15,2
93.828450,11,-92,-10,-1,-13,17,13,-81,2
93.829701,11,14,-6,2,14,-7,-2,14,2
93.829709,-1,108,14,-2,-3,13,11,4,2
93.850748,-13,-14,0,-15,-8,-41,-13,-15,2
93.850770,-13,-35,6,10,2,-43,-9,28,2
93.852289,3,61,-8,-1,0,51,6,-19,2
93.852304,41,-29,-5,-11,0,-8,6,3,2
93.873424,-37,19,0,11,-10,9,3,-12,2
93.873464,32,20,3,-7,2,-19,1,15,2
93.874069,-81,-43,-10,-11,6,-7,-6,5,2
93.874097,-7,46,14,19,0,5,-6,-9,2
93.888317,14,78,34,-8,-12,-3,12,2,2
93.888342,24,-107,-42,-22,13,10,-12,-21,2
93.889553,46,81,-6,12,2,-4,-1,12,2
93.889558,8,108,15,9,-2,-2,-5,-2,2
93.910580,-6,-12,3,3,-6,-6,3,-6,2
93.910602,-14,19,8,7,2,8,1,-9,2
93.912181,20,-62,-20,-15,-5,-8,-6,10,2
93.912185,-11,-27,19,5,6,-10,0,-9,2
93.933067,78,-98,-17,3,-9,7,3,18,2
93.933074,-70,90,4,-2,-8,3,0,-2,2
93.933739,39,92,-6,0,0,-20,-9,15,2
93.933752,1,-55,-18,-13,-2,-37,11,-6,2
93.948080,7,-21,8,13,9,5,0,-9,2
93.948096,-62,-13,4,6,2,7,4,4,2
93.950061,-28,-38,0,-7,-8,-31,4,5,2
93.950077,-7,37,15,3,2,-17,-9,-16,2
93.970874,-20,-60,-26,-9,-24,-9,1,3,2
93.970899,6,27,9,-7,18,-4,2,25,2
93.972207,30,22,7,2,2,11,-4,-14,2
93.972211,-1,-24,2,0,-5,6,1,-1,2
93.995434,-19,-4,3,-12,1,-1,-4,14,2
93.995440,-56,85,-2,6,-19,5,-2,-2,2
93.995442,-26,75,8,-3,12,18,-5,28,2
93.995444,-3,85,-22,-5,2,-14,-2,12,2
94.011024,58,118,3,-5,-8,-4,-5,20,2
94.011030,-3,34,1,-5,-8,-2,4,-7,2
94.011032,-24,-16,7,10,7,15,11,6,2
94.011033,7,-10,-9,5,-16,-2,-23,11,2
94.031134,-24,-1,-6,-6,4,6,-2,-35,2
94.031153,27,85,30,-9,2,-1,3,17,2
94.033542,-52,1,-28,-3,-10,-9,-2,-29,2
94.033546,-26,-23,-19,-8,1,22,1,2,2
94.053407,-8,54,-2,5,6,-18,0,11,2
94.053441,20,3,-2,-5,1,25,-5,-18,2
94.055496,6,-35,0,-5,-1,70,5,20,2
94.055510,-36,-15,1,3,-7,-45,-5,-14,2
94.068701,-24,-24,-6,1,10,47,6,-9,2
94.068731,14,-77,-11,-7,-36,-16,-2,26,2
94.070655,-17,73,12,9,6,0,14,23,2
94.070660,-3,-72,-6,-1,9,12,-13,-63,2
94.090761,-31,-5,-9,5,2,-3,1,31,2
94.090781,-23,27,-7,4,10,-6,-2,11,2
94.091533,87,78,-3,-7,-10,-24,4,-22,2
94.091549,30,88,16,9,9,15,-14,-1,2
94.113606,-52,-25,7,1,-3,-30,0,-2,2
94.113636,29,69,3,16,7,-3,2,6,2
94.115631,-10,-39,-9,-14,-9,-25,-14,-45,2
94.115635,-7,68,11,-4,-11,4,6,12,2
94.129061,26,46,10,9,5,27,-4,4,2
94.129089,-42,-21,-1,-5,17,-6,2,-2,2
94.131990,7,-1,4,0,7,-22,-3,-12,2
94.131994,-44,-33,18,11,2,17,5,-4,2
94.150819,18,-49,3,-8,2,-29,-7,12,2
94.150825,9,-72,-15,-6,-5,26,4,-13,2
94.151374,-25,-88,-3,-4,2,-36,9,1,2
94.151387,-25,70,-16,-19,-6,5,-14,-53,2
94.173433,35,50,12,3,-2,-4,5,-8,2
94.173449,0,-99,-5,7,-2,-1,-7,-6,2
94.175370,4,-38,-4,6,-1,5,-14,-3,2
94.175376,51,63,-12,-7,-6,0,3,41,2
94.188557,-7,68,3,5,-14,1,15,-28,2
94.188576,2,103,24,19,12,-8,-27,6,2
94.190096,-103,-38,-18,-5,0,17,13,-27,2
94.190102,10,-6,-3,13,-6,-15,-3,41,2
94.211999,-31,76,-22,0,11,3,1,-46,2
94.212011,64,-61,7,-12,-15,13,5,14,2
94.212015,9,32,-12,-4,-18,-37,-20,9,2
94.212019,31,-18,-3,8,3,9,14,-9,2
94.233303,-40,-76,-4,-19,-7,22,-19,11,2
94.233321,47,5,-2,-1,8,-21,1,-16,2
94.235931,-47,8,-7,2,2,7,-7,-13,2
94.236064,61,-103,-14,0,-5,5,6,-10,2
94.248304,61,-19,2,-4,-7,-11,-5,17,2
94.248325,8,-44,-11,-13,19,55,15,-13,2
94.249854,0,26,20,7,-14,-24,0,4,2
94.249858,37,28,1,1,32,-4,12,12,2
94.270854,-9,-54,-17,-3,-10,27,-13,-17,2
94.270878,-17,77,13,11,-3,-59,5,7,2
94.272678,-21,-83,-11,-8,-5,-17,-14,4,2
94.272684,-33,5,10,3,5,28,8,7,2
94.293161,23,-57,-47,-28,-4,-5,1,-57,2
94.293183,-61,-57,-13,12,-12,-6,-4,-7,2
94.293786,69,70,11,5,4,25,4,-6,2
94.293798,64,12,5,4,-7,-31,-2,46,2
94.308216,-6,78,20,15,2,-4,4,-6,2
94.308232,46,72,-20,-11,0,-6,0,24,2
94.308996,-69,-71,-6,1,1,-9,2,-21,2
94.309014,48,45,28,5,-3,38,-5,8,2
94.331041,9,56,9,9,2,-9,2,16,2
94.331070,-10,30,16,1,-1,-3,-1,0,2
94.332475,-24,10,-6,0,-1,24,6,20,2
94.332478,-29,11,-7,-10,5,-34,-6,-8,2
94.355388,62,-40,1,-1,3,13,6,-3,2
94.355398,-78,-27,-8,-13,2,-51,-9,-11,2
94.355400,18,24,4,-10,-16,19,-31,-26,2
94.355402,-26,34,-3,-8,-22,-21,20,-21,2
94.368687,0,55,9,32,18,42,-11,10,2
94.371224,40,-26,-11,11,6,16,-4,6,2
94.371229,60,71,13,9,9,5,20,9,2
94.371231,-69,-104,-22,-14,-7,-8,-9,-32,2
94.390669,-32,-22,5,-4,1,-13,6,7,2
94.390687,28,84,35,8,-5,8,8,11,2
94.391791,39,-104,-49,-23,5,-8,-14,21,2
94.391810,-25,76,4,4,2,52,15,7,2
94.413594,-94,127,2,-8,-7,-63,-6,-30,2
94.413616,-33,54,1,-10,2,10,-6,1,2
94.415524,39,-82,-15,-20,-19,-8,2,-2,2
94.415528,-33,59,27,3,4,-9,-6,41,2
94.428752,-62,-116,-20,-8,5,13,2,-5,2
94.428778,25,-41,-6,-15,16,-3,2,-14,2
94.430562,-18,-15,3,1,-13,-1,-2,-11,2
94.430566,50,-36,-7,-7,-7,3,4,8,2
94.451416,34,14,18,-1,-12,-7,7,10,2
94.451425,-33,50,-4,-4,7,-7,-20,14,2
94.451426,-70,-31,-14,4,-1,25,14,-25,2
94.451483,-4,-61,-9,5,10,42,-27,-48,2
94.473422,26,-80,1,-4,-15,-51,8,21,2
94.473442,-12,21,-1,5,-17,-3,4,0,2
94.474989,-58,22,-2,-11,22,5,-1,-11,2
94.474993,67,82,12,15,19,0,6,33,2
94.488251,52,-12,-18,1,-4,-1,-19,-24,2
94.488292,-96,-128,-15,1,-9,12,8,-46,2
94.489757,63,127,17,6,-1,-15,-5,41,2
94.489763,-97,-119,-22,-7,-11,-17,-6,-47,2
94.513425,17,127,11,-11,12,14,3,20,2
94.513432,9,-56,-8,-2,-6,-7,-2,1,2
94.513434,11,127,20,7,2,0,0,-8,2
94.513435,31,92,25,5,-2,-11,-5,-9,2
94.533257,-47,-56,1,0,-1,6,5,13,2
94.533271,16,19,-18,4,-23,16,-6,-4,2
94.535093,47,24,5,3,22,-1,12,26,2
94.535098,12,52,0,-6,-5,-6,-9,-9,2
94.548156,10,101,37,-3,-11,19,4,-5,2
94.548171,-31,-14,-16,2,8,-64,-7,7,2
94.549409,4,-30,20,24,-15,13,1,-1,2
94.549413,-41,-76,-36,-15,-5,-7,-4,3,2
94.570894,-21,-11,-6,-2,9,-9,3,6,2
94.570924,2,28,7,1,-20,7,1,4,2
94.572512,26,45,2,3,3,20,-10,-3,2
94.572516,-12,37,18,-5,-3,-46,7,10,2
94.593116,44,-57,-1,3,-3,5,-12,9,2
94.593131,52,-45,-23,6,15,8,12,3,2
94.593753,-17,-2,1,14,1,-6,-2,-17,2
94.593760,-21,72,-4,-15,2,-20,2,-12,2
94.608218,-40,27,-7,10,12,1,-3,4,2
94.608234,59,100,12,-5,-2,-10,-3,3,2
94.609098,-20,-120,-6,-8,3,-10,4,-7,2
94.609101,18,15,3,11,-7,15,3,22,2
94.631266,30,101,26,10,3,-9,12,-1,2
94.631295,-22,-95,-4,-12,-6,17,-7,-28,2
94.633186,-53,83,-31,-6,-6,8,3,-11,2
94.633194,36,93,9,4,-5,0,-3,11,2
94.653860,-6,6,5,4,1,11,4,-7,2
94.653876,53,-62,4,-1,-2,12,7,18,2
94.654126,11,-73,12,-3,0,-14,-5,8,2
94.654141,21,17,-5,-10,-8,8,12,13,2
94.669371,81,81,21,-11,23,-31,-7,-22,2
94.669378,-9,127,19,23,1,70,-7,34,2
94.675690,-41,42,-2,-9,1,-75,-13,0,2
94.675712,9,43,-8,-2,3,6,0,7,2
94.690697,-23,-30,-12,-4,0,15,12,-2,2
94.690715,17,-37,-1,-10,-8,-14,-1,-14,2
94.691890,22,-4,12,2,4,16,-4,0,2
94.691895,9,-22,3,6,-2,10,3,32,2
94.714026,-22,-108,-13,-5,-3,-6,-6,-3,2
94.714064,63,106,30,2,7,-25,-21,-23,2
94.716558,-107,-93,-38,-9,-11,44,10,-7,2
94.716564,-26,-5,3,1,5,-6,0,-4,2
94.727975,47,48,-17,-18,-19,8,-6,-10,2
94.728015,4,57,10,8,18,5,7,10,2
94.735799,57,71,20,-2,-4,-14,7,21,2
94.735957,18,30,-1,-15,-6,-3,-9,-2,2
94.750733,-38,-27,1,29,3,7,-4,0,2
94.750756,-17,102,-5,4,-5,-7,11,1,2
94.751539,54,-45,-6,-4,-5,-13,-5,26,2
94.751566,-13,-30,-4,21,6,12,3,35,2
94.773200,-72,-6,-43,-27,-13,1,-3,-8,2
94.773227,31,60,-2,-14,6,-7,3,-14,2
94.775025,81,-41,-1,28,7,10,14,68,2
94.775033,9,15,2,-12,-14,-27,-23,-20,2
94.787552,5,-42,-15,-7,-1,17,5,-1,2
94.787571,-29,-9,-3,3,-3,-1,-5,-5,2
94.796129,1,49,8,-10,-12,-6,-2,-22,2
94.796156,15,-18,6,8,14,3,5,-19,2
94.810547,-41,-26,3,3,-3,0,-4,14,2
94.810572,-48,-54,-20,-10,-16,-7,-4,-12,2
94.811235,-5,-6,15,4,22,17,-3,-5,2
94.811258,-30,8,-11,-6,-14,-15,0,0,2
94.833632,-12,92,35,27,11,28,3,-2,2
94.833671,-108,-37,-27,-6,-3,-25,1,-15,2
94.836059,1,-17,-1,-5,1,25,4,-11,2
94.836067,-2,-45,-23,-10,-3,9,-5,-39,2
94.856311,28,-98,-26,-7,-8,7,-1,20,2
94.856318,26,-21,41,8,10,-4,6,2,2
94.856993,-6,127,16,-1,-3,-14,-11,-11,2
94.857005,-31,93,2,4,22,2,4,-9,2
94.871520,46,47,-11,-5,-7,-21,-4,16,2
94.871529,-38,-27,-17,-10,-7,16,3,-29,2
94.871532,19,20,-2,-6,-3,-20,-5,12,2
94.871534,55,-77,-13,-12,-11,6,-1,-42,2
94.893174,-25,124,77,30,15,-1,1,24,2
94.893190,117,-127,-39,-10,15,46,-3,27,2
94.894138,-6,42,-1,-1,-21,-15,3,-11,2
94.894143,-34,45,2,5,25,-3,1,-13,2
94.907606,8,22,-15,-17,-16,-3,-2,-21,2
94.907624,7,28,5,1,-6,2,-2,19,2
94.917469,-27,-11,16,3,-2,-3,-2,-17,2
94.917474,45,-60,7,13,-3,1,10,45,2
94.933079,44,-61,-12,-6,-2,-29,-28,22,2
94.933085,-92,6,-12,-14,-20,27,-7,-48,2
94.933087,-17,87,-6,-20,-3,-21,-5,13,2
94.933088,-59,63,-21,3,-2,-2,5,-26,2
94.953218,8,19,-5,-6,1,-1,5,8,2
94.953236,27,99,9,10,5,-1,0,12,2
94.954087,11,87,10,6,4,1,-3,-10,2
94.954115,-3,-15,11,8,-10,12,-5,2,2
94.967979,-16,7,-4,-9,-3,-2,1,6,2
94.968008,-38,-71,-4,-1,0,-19,3,0,2
94.976338,26,3,3,3,2,-3,5,-12,2
94.976366,13,-74,-21,-3,-22,-2,-10,15,2
94.990915,-27,21,-13,-9,2,-22,-13,-17,2
94.990932,0,-37,8,6,-4,-4,5,2,2
94.992598,47,-87,-16,-10,2,11,4,-16,2
94.992605,-77,-128,17,8,-8,-12,-7,-17,2
95.013091,115,87,-15,-13,-5,27,7,-11,2
95.013107,30,48,-1,-3,0,-9,12,2,2
95.013744,-1,25,3,5,-7,-3,3,16,2
95.013757,26,72,10,-7,6,13,2,-7,2
95.036649,-43,-58,-1,3,-6,3,1,-11,2
95.036667,-11,-21,4,-8,8,-10,-1,7,2
95.038956,-9,-36,-8,5,-9,-3,-4,0,2
95.038962,-22,105,18,17,12,13,-1,-8,2
95.051873,17,-75,-8,-5,11,35,4,-15,2
95.051895,10,92,0,7,-4,-49,-5,53,2
95.053354,-20,-12,-18,-9,-15,-5,-12,-28,2
95.053366,10,14,3,-7,-22,9,-3,17,2
95.073116,-37,-82,1,5,-4,-35,5,-27,2
95.073122,69,98,20,13,7,14,-3,-17,2
95.073883,-11,-71,-8,-10,0,-2,-5,33,2
95.073966,14,20,-4,-5,8,0,3,14,2
95.096484,-31,-52,0,-9,2,6,1,-19,2
95.096505,47,59,-10,-15,-14,-9,-9,-1,2
95.097853,35,-39,15,20,11,-3,0,7,2
95.097870,-45,-28,7,-11,4,0,-1,-15,2
95.110672,-29,40,-10,2,0,-22,-10,28,2
95.110694,-36,65,-6,-8,-3,23,13,-19,2
95.111974,0,1,-5,-7,5,10,-8,-4,2
95.111980,-34,17,2,0,-5,0,0,2,2
95.135342,44,49,14,2,18,-9,6,9,2
95.135350,-9,-99,-3,2,0,-7,-7,23,2
95.135352,-22,25,-2,1,19,-4,-1,-3,2
95.135354,44,-22,-2,-3,0,23,3,0,2
95.156465,3,30,5,9,-1,-2,-1,5,2
95.156486,10,-54,2,7,-9,0,-3,-1,2
95.157858,-75,127,-1,-26,-1,-1,-5,-17,2
95.157862,120,-75,-15,7,5,-1,-5,-8,2
95.170694,-43,98,-16,-4,-4,27,-13,-47,2
95.170719,-84,10,9,4,1,9,0,-11,2
95.171327,64,-89,-10,-7,-12,1,4,0,2
95.171341,89,47,4,-5,-4,-10,-1,7,2
95.193057,4,30,2,-5,-11,-1,2,1,2
95.193073,5,20,1,-5,-3,-11,-6,-17,2
95.194113,-19,-1,14,14,9,10,1,9,2
95.194117,-43,-18,-9,-6,-7,-10,-2,3,2
95.216633,1,17,0,5,-1,-6,4,10,2
95.216650,25,2,-2,-2,-2,-22,-15,17,2
95.217957,60,26,3,1,-2,1,12,23,2
95.217969,-50,-31,-20,-1,-9,-5,2,23,2
97.241304,-8,-2,3,5,-1,-1,-2,-5,0
97.241487,11,28,0,-6,-1,-2,-1,6,0
97.242806,-2,11,15,10,2,1,-1,-5,0
97.242851,-7,-8,-5,7,2,-2,-1,-2,0
97.255766,6,-18,-1,-4,-3,-1,-1,2,0
97.255772,-20,-12,-9,-6,3,0,-1,-4,0
97.262311,20,28,7,-11,-6,-4,-1,-3,0
97.262333,-9,-5,-2,-4,-2,0,-1,-4,0
97.278833,-45,-46,-12,-2,0,-3,-4,-11,0
97.278853,0,2,-13,-1,-4,-3,-1,-1,0
97.280640,4,-4,-2,-1,-2,0,1,4,0
97.280662,-3,18,-3,1,-2,-1,-3,-2,0
97.301740,13,17,1,-4,-3,-2,0,3,0
97.301773,1,29,-19,-7,-4,-1,-3,-4,0
97.304204,-17,-38,-1,7,3,-2,-1,-1,0
97.304212,11,17,6,-1,1,-2,1,8,0
97.315651,-4,-2,6,1,0,2,-1,-5,0
97.315673,6,7,-2,-3,-2,0,1,3,0
97.322794,4,7,-18,3,1,0,-1,2,0
97.322824,0,11,12,1,-3,-1,0,-1,0
97.338947,7,-12,6,3,0,-1,-1,4,0
97.338960,-5,5,2,-1,0,-2,-1,-1,0
97.340323,6,-11,-5,-2,-2,0,0,-3,0
97.340339,14,2,-8,-6,-2,-2,-2,-4,0
97.361851,2,8,-4,-5,-7,-4,-1,6,0
97.361878,-10,-22,-6,-6,-1,-1,1,-7,0
97.364040,12,6,14,6,6,-2,0,1,0
97.364049,-12,-2,-7,7,0,-1,-3,-3,0
97.376138,8,0,2,-1,-3,0,0,2,0
97.376159,-16,-24,-9,-4,2,-2,-3,-10,0
97.382529,2,20,-6,2,-1,-1,-1,3,0
97.382544,-32,15,2,3,-1,-1,-2,-8,0
97.398754,4,5,5,-5,6,1,1,4,0
97.398767,1,-7,4,0,0,0,-1,0,0
97.400253,-6,-12,-13,-1,-4,-1,-2,-1,0
97.400267,13,-2,-6,-2,-1,-2,0,4,0
97.421467,-5,10,-2,2,-1,-1,-2,-4,0
97.421497,-1,7,7,0,-1,-2,-2,-6,0
97.423450,7,11,-5,-7,0,-2,-3,6,0
97.423457,-1,-12,-6,2,-3,-1,0,0,0
97.435184,0,4,-5,-2,-4,-3,-4,-3,0
97.435205,17,-3,-5,0,-2,-1,1,3,0
97.444336,1,-31,21,0,-1,-2,-3,-6,0
97.444345,-23,-12,15,5,-2,-1,-1,-1,0
97.461574,2,-5,-7,1,-3,-1,0,-1,0
97.461580,-7,-15,13,7,1,-4,-3,1,0
97.461583,-5,-2,-9,-4,-2,-1,1,-5,0
97.461584,-4,8,-12,-15,-7,0,-2,0,0
97.481277,38,20,9,6,5,-1,0,4,0
97.483024,4,-14,-9,0,-2,2,-1,4,0
97.483036,0,23,1,-6,-2,-1,-1,0,0
97.483040,4,-7,-3,-4,1,-2,-2,-1,0
97.495000,-2,9,-4,-1,-4,-3,-1,-3,0
97.495128,1,1,2,4,2,-1,-2,0,0
97.505064,-8,4,-8,-11,-1,-2,-2,-3,0
97.505070,10,-12,-9,3,0,1,0,-1,0
97.519299,-3,-4,-16,-11,-3,0,-3,-3,0
97.519319,1,4,12,4,-2,0,-1,0,0
97.521618,-1,-6,-5,-5,-3,0,-1,-1,0
97.521628,9,-5,5,-1,3,1,-1,-3,0
97.541391,-14,-8,3,6,-2,-1,-1,-3,0
97.541404,-10,8,-1,6,3,0,-1,0,0
97.542937,2,5,-9,-3,-3,-1,0,-2,0
97.542957,8,-26,2,10,-2,-1,-2,0,0
97.555142,-10,18,-11,-5,0,-1,-2,-3,0
97.555159,7,-8,17,-3,-1,1,2,0,0
97.565382,-13,-32,14,-1,0,0,0,-4,0
97.565387,21,29,-5,-1,0,-2,-1,3,0
97.578755,-24,-12,-9,-4,-3,-2,0,-7,0
97.578778,13,9,6,-6,1,-2,-2,-1,0
97.580744,0,-6,0,-1,0,-1,-2,2,0
97.580756,14,6,7,2,-1,0,-1,-1,0
97.602084,2,-8,0,-1,4,1,-1,1,0
97.602093,-10,15,-12,-7,-3,-1,-2,-6,0
97.603076,0,11,-6,1,-1,-2,0,4,0
97.603100,3,-21,25,-3,3,0,1,4,0
97.616388,-34,-5,7,-1,-2,-1,-5,-12,0
97.616394,-17,-10,-4,2,-1,-1,-2,1,0
97.624554,1,0,-2,-1,0,-1,-4,-7,0
97.624558,-4,-2,-19,-7,-5,-3,1,0,0
97.639017,5,3,4,3,4,-1,1,-1,0
97.639039,14,10,-6,-8,-4,-3,0,-3,0
97.640769,-7,-12,25,3,-8,1,0,9,0
97.640775,-16,-5,-5,-7,4,0,0,-6,0
97.663546,34,14,3,-2,-3,0,-1,0,0
97.663550,-36,15,-10,10,1,-1,-2,-4,0
97.663553,9,-4,-6,1,-2,-2,0,-3,0
97.663554,-6,4,-1,4,-3,-2,-2,5,0
97.675556,5,-5,6,-8,-2,-2,0,3,0
97.675584,13,-4,-13,-1,-4,-2,-1,3,0
97.684691,-10,14,16,-1,-1,0,1,-3,0
97.684697,-7,3,-2,2,4,0,-1,0,0
97.699241,-11,-22,-8,-6,-1,-1,-2,-4,0
97.699260,17,0,5,0,-1,-1,-1,0,0
97.704996,-16,0,-35,5,2,-2,-2,-5,0
97.705019,3,9,18,-4,-4,-1,-1,1,0
97.721670,5,-6,1,-2,-3,-2,-1,1,0
97.723282,-1,3,-2,-4,-1,-1,-2,-3,0
97.723290,1,-3,-1,-2,-1,-2,-1,-2,0
97.723293,-3,-2,-8,-6,-2,-1,-2,-3,0
97.735760,-3,46,-8,8,5,3,2,0,0
97.735791,16,-3,12,5,-1,-2,-1,5,0
97.745573,-3,6,6,-5,-4,-3,-1,2,0
97.745658,-24,-53,1,2,-3,-1,-3,-10,0
97.758773,11,1,-8,0,-4,-3,-2,4,0
97.758787,5,11,-6,-2,0,-3,0,2,0
97.760248,3,-15,-4,-1,0,1,-1,-3,0
97.760267,9,35,0,-3,1,-1,2,0,0
97.781556,-7,-14,2,0,0,-2,-3,-2,0
97.781578,-13,-17,13,0,-1,1,-1,-7,0
97.783570,7,-14,14,-2,3,-2,0,8,0
97.783575,7,11,-6,0,-1,-2,-1,-2,0
97.795143,-11,-32,-12,-6,3,-1,-2,-5,0
97.795164,-15,-6,0,-6,-1,-1,-1,-2,0
97.804785,-5,11,-8,0,0,-1,-1,0,0
97.804791,3,3,-4,-2,-2,-1,-1,-2,0
97.820562,5,-8,-3,-3,-1,-1,1,0,0
97.820570,2,-11,-7,0,1,1,-1,2,0
97.820572,-7,-1,-6,1,-1,-1,-2,-3,0
97.820574,-7,-4,-1,6,0,0,-1,-2,0
97.841318,2,6,-7,-8,-8,-2,-2,-1,0
97.841338,-9,-17,-5,-6,-3,-3,-2,-3,0
97.842877,4,4,6,5,1,0,-2,-1,0
97.842888,-1,1,-13,-6,-5,-3,-3,-7,0
97.865920,2,-1,-1,2,0,-2,-2,6,0
97.865926,4,7,1,-6,-1,0,-2,-2,0
97.865928,6,-17,-9,4,-2,1,0,-3,0
97.865930,-4,37,5,-1,-2,-1,-1,0,0
97.879407,-12,-29,28,-6,-1,-1,-2,-3,0
97.879413,5,13,0,0,-2,-2,-3,0,0
97.880521,-4,3,-2,3,1,1,-1,-5,0
97.880529,2,-5,-14,-3,0,-1,-2,3,0
97.901440,1,4,-4,2,-1,-1,-2,-3,0
97.901458,-9,-17,9,10,0,0,0,-4,0
97.903525,5,9,5,-1,0,-1,-1,5,0
97.903532,4,-6,-15,-4,-1,-2,-1,-1,0
97.923919,2,6,5,0,-1,0,0,1,0
97.923940,-2,-5,-4,3,-1,1,0,-4,0
97.926490,0,32,-13,-13,3,-2,-1,1,0
97.926496,-16,-22,8,1,1,1,-1,-2,0
97.938901,-5,-4,5,3,3,0,-1,0,0
97.938917,8,7,3,-1,-1,-2,-2,2,0
97.941123,-5,-3,-2,0,-4,-1,-2,-5,0
97.941129,5,11,-3,0,-2,-2,-2,0,0
97.961292,-2,6,-5,6,1,-1,0,-1,0
97.961313,0,13,-33,-9,-5,-1,-1,2,0
97.963461,-5,-5,20,18,5,0,0,-2,0
97.963482,8,1,-6,6,2,-1,-1,-1,0
97.984433,-17,14,0,3,-4,0,-2,-12,0
97.984455,5,-12,-14,-8,-2,-2,-2,4,0
97.987224,-1,-7,-6,-8,-3,-1,-3,-3,0
97.987238,-29,-5,17,11,3,2,-2,-6,0
97.999291,13,2,-2,-2,-2,-1,-1,-1,0
98.002059,10,-3,-6,-5,-4,-3,0,2,0
98.002072,-11,2,11,1,-1,0,-2,-6,0
98.002075,16,0,-1,-7,-4,-1,1,6,0
98.020995,1,-24,15,-11,2,1,-1,-2,0
98.021002,-9,-7,2,14,3,-2,-2,-6,0
98.030603,3,-14,0,1,-5,-1,-1,-4,0
98.030612,5,24,-6,-7,-2,-1,-3,4,0
98.043817,-8,-8,-5,6,-1,0,0,2,0
98.043832,-11,-4,-5,-7,0,2,-1,-2,0
98.045269,15,0,-2,-4,1,0,-1,-2,0
98.045301,-1,22,1,4,-2,-2,-2,-2,0
98.058234,14,21,4,3,1,0,0,3,0
98.058255,-12,-13,7,-1,2,0,-1,-3,0
98.065112,-7,10,-11,-3,-2,-2,-3,0,0
98.065134,-13,-14,0,-8,-1,-3,-1,-4,0
98.081866,11,-6,-13,-6,-6,-2,-3,2,0
98.081894,1,10,7,-2,3,1,1,1,0
98.084541,-5,-12,6,8,-4,-1,-1,-3,0
98.084547,8,6,-3,-4,1,-1,-2,3,0
98.103985,-14,-11,-4,0,-1,0,0,-3,0
98.104003,0,3,28,2,-1,-1,1,-4,0
98.105442,5,15,-5,-9,-3,-4,-3,3,0
98.105461,6,-7,3,-1,-5,-2,0,0,0
98.118175,-16,-10,-14,-1,-1,-3,-3,-2,0
98.118195,12,-9,-19,-4,-3,-3,-2,-1,0
98.124944,0,15,10,-3,2,0,1,4,0
98.124960,5,10,-3,4,1,-1,-1,-2,0
98.142007,2,11,20,-1,1,0,-1,1,0
98.142028,-4,-14,-4,-4,-4,-3,-2,0,0
98.144089,-7,-10,-16,0,-1,0,-1,-4,0
98.144097,-3,-7,-9,5,-2,0,-1,-1,0
98.163740,8,-4,1,-8,-4,-3,1,4,0
98.163754,-11,6,1,5,5,0,0,0,0
98.165221,-4,-3,-7,-3,-1,-1,-1,-2,0
98.165250,3,-21,7,0,-1,-1,-4,-1,0
98.178721,-4,12,-10,-1,-2,-2,-2,-2,0
98.178727,0,-12,2,-2,-2,-1,-1,-3,0
98.185150,-1,-34,5,-7,-2,-1,0,0,0
98.185169,-25,-9,-2,-4,1,-1,-3,-6,0
98.201600,19,8,4,10,3,0,0,1,0
98.201625,-2,-7,0,0,-1,-2,1,0,0
98.203942,-7,-5,-11,-6,0,0,-2,-7,0
98.203948,3,23,3,3,-1,-1,-2,4,0
98.225393,-6,-3,4,-3,-5,1,0,-4,0
98.225398,-16,25,3,0,3,0,-2,-1,0
98.225400,25,-13,9,1,-3,-1,3,7,0
98.225402,9,-7,2,-3,0,1,-1,-3,0
98.238339,-9,-12,-10,3,1,-2,-3,-4,0
98.238362,4,3,-8,-9,-5,-2,0,-2,0
98.245458,-4,4,-15,1,-2,-2,-5,-5,0
98.245715,1,8,-1,-4,-1,-2,0,0,0
98.261737,1,-23,13,0,0,-2,-1,1,0
98.261758,-1,11,-2,0,1,0,0,-2,0
98.264042,4,-3,0,2,2,0,-2,0,0
98.264046,3,0,-3,-6,-3,-3,0,0,0
98.284243,3,-13,-20,-8,-4,-2,-1,-4,0
98.286625,-4,12,1,7,2,1,-1,0,0
98.286633,-10,-4,0,-10,-2,-2,-3,-2,0
98.286635,12,-5,6,7,-3,-1,-1,-1,0
98.298107,-17,6,-4,-3,1,-1,-1,-6,0
98.298128,8,-5,-6,-1,-2,-2,-3,1,0
98.304990,-9,7,2,4,1,1,1,2,0
98.305006,-11,17,-2,-3,-3,-2,-2,-2,0
98.321395,10,-47,-1,-2,0,-1,-1,2,0
98.321412,12,1,6,-7,-4,0,1,5,0
98.322772,-5,-1,20,11,6,-2,0,-8,0
98.322835,-4,1,-2,7,4,-1,1,3,0
98.344200,-17,21,-1,-2,-2,0,-1,2,0
98.344230,-2,-7,-10,-2,-3,-1,-4,-2,0
98.346361,6,6,1,-1,-1,1,-1,-1,0
98.346366,-3,-12,-4,-4,0,-1,0,-2,0
98.357590,7,14,-7,2,0,0,-1,-3,0
98.357619,6,-16,-3,2,-1,0,0,4,0
98.366865,-13,12,-11,0,-2,-5,-1,0,0
98.366869,10,-4,17,3,2,-1,-1,-2,0
98.382420,-14,-2,-1,-11,-2,1,-1,1,0
98.382426,-7,-13,-6,9,6,-2,-3,-7,0
98.382746,1,0,-31,-1,2,0,-1,1,0
98.382780,-12,-23,-7,-8,-4,-2,-1,-2,0
98.404280,19,40,1,6,0,1,1,-1,0
98.404307,-22,-27,21,-6,-1,0,-2,1,0
98.406172,-2,-5,1,8,-1,-2,0,-1,0
98.406176,4,-8,-11,-1,-1,-1,-1,2,0
98.417928,-2,12,7,1,2,-1,-3,-9,0
98.417951,5,8,-7,-5,-4,-3,-3,0,0
98.426943,5,5,-2,-9,-1,-2,-1,0,0
98.426948,-20,-12,2,-5,0,1,0,-8,0
98.441844,12,4,-6,-1,-2,-1,0,9,0
98.441873,1,1,14,4,1,-3,0,-5,0
98.443335,3,-2,8,-4,-2,-1,-1,-2,0
98.443339,0,-8,-13,-6,-3,-2,-1,-4,0
98.464268,0,4,7,-5,0,-3,-2,4,0
98.464295,-2,9,-21,2,-1,1,-1,-9,0
98.466359,-16,-13,33,1,-3,-2,-2,4,0
98.466363,0,-13,-15,-13,-2,-2,0,0,0
98.477382,1,-12,12,8,0,-3,-2,-1,0
98.477396,5,12,-4,-4,-4,-3,-2,-3,0
98.487986,3,2,-15,5,-3,0,0,-2,0
98.487994,-9,-7,-5,-6,0,-1,0,0,0
98.501754,18,23,6,0,-1,-2,-1,-4,0
98.501896,8,-31,3,-1,2,0,1,10,0
98.504392,-4,7,-3,-2,0,0,-3,-8,0
98.504398,9,-5,8,0,-1,0,-3,0,0
98.524251,6,6,-14,-4,-3,-1,0,-2,0
98.524326,5,28,-5,-2,-2,-1,-2,-2,0
98.525569,0,0,-12,-7,-1,0,0,0,0
98.525587,0,-36,12,3,-1,0,0,-2,0
98.537633,-9,-1,-1,2,1,0,-1,-2,0
98.537641,11,24,8,-4,2,0,-1,4,0
98.547717,-15,-26,-19,2,-4,-1,-2,-2,0
98.547723,2,11,-2,3,2,-1,-1,-2,0
98.561716,-18,10,3,-5,-4,-2,-1,-5,0
98.561740,-3,0,11,9,-2,-2,-2,3,0
98.563210,19,18,13,7,4,1,1,2,0
98.563218,2,8,-5,4,1,-1,1,2,0
98.586725,-14,-10,-8,-3,-1,0,0,-3,0
98.586734,-3,2,-10,-7,0,-3,-2,-3,0
98.586739,-11,-6,6,-15,0,-2,-1,-4,0
98.586742,-2,-9,3,5,-2,1,-2,-1,0
98.598154,-3,-12,2,-1,1,0,-2,-1,0
98.598180,4,-1,-4,0,-1,0,-1,-2,0
98.606497,3,-4,-6,0,-1,0,-1,4,0
98.606517,-12,28,-2,-6,1,-4,-1,-3,0
98.621418,2,5,-14,4,-2,-1,0,-3,0
98.621439,4,1,4,-4,0,-1,0,-2,0
98.623237,-9,-11,-8,-4,2,-2,-2,-3,0
98.623242,-1,13,-2,-3,-4,-2,-1,-1,0
98.643808,-5,0,-1,-1,-1,-1,-2,1,0
98.643830,-1,-4,-26,0,-3,-1,-1,-1,0
98.645332,1,24,32,4,-1,1,0,-4,0
98.645338,-9,-13,-2,4,1,1,-3,0,0
98.658256,-5,-14,2,-3,1,-2,-3,-1,0
98.658294,3,2,0,-4,-3,0,0,-2,0
98.668286,-8,-6,-10,-5,-3,-1,-2,-3,0
98.668290,1,-4,-6,-1,-3,-1,-3,-4,0
98.681706,6,7,14,0,0,1,1,6,0
98.681727,-1,3,2,-2,-1,-1,-2,1,0
98.683388,2,-4,-4,7,1,-1,-1,3,0
98.683392,2,1,5,0,-2,-3,-1,0,0
98.704360,-11,13,-8,-4,-2,-2,-2,-12,0
98.704387,25,-26,8,0,2,2,1,8,0
98.706330,-33,-7,9,5,-3,-1,-1,-3,0
98.706336,9,11,3,5,7,1,1,1,0
98.718047,-5,-6,0,-5,-6,-3,-2,-9,0
98.718088,6,5,3,13,5,-2,-1,4,0
98.728226,8,0,-4,-3,-2,0,-1,-1,0
98.728234,-4,-1,-17,-17,-5,-1,-3,-1,0
98.741276,17,9,-1,2,1,0,0,2,0
98.741282,-30,0,0,-3,-3,-3,-2,-9,0
98.742997,3,-12,1,-10,2,-1,-1,-2,0
98.743107,4,7,-4,1,0,-2,-1,-1,0
98.764545,6,-14,-2,-5,-1,-1,-1,-1,0
98.764573,-7,-16,-16,-6,-4,-2,-1,0,0
98.767248,11,26,15,-6,-1,-4,-1,4,0
98.767252,5,5,1,8,-2,0,0,-4,0
98.777897,-4,1,-3,0,-1,-2,-2,-1,0
98.777919,-9,-8,2,0,-2,1,-1,-5,0
98.787236,4,10,-21,-6,-3,-2,-2,1,0
98.787242,-3,-4,11,-6,2,2,-1,-2,0
98.801989,0,-18,13,12,3,-1,-2,2,0
98.801996,-12,13,-2,-2,0,-1,0,-5,0
98.803131,11,-16,-5,-3,-2,-3,-2,3,0
98.803148,-7,-5,-11,-1,-1,-3,-2,-7,0
98.824250,-5,-2,-2,1,0,-1,-1,-1,0
98.824353,-30,-20,8,-11,-5,-3,-3,-3,0
98.825954,25,-2,10,-8,-4,-1,-3,0,0
98.825958,-5,2,-13,5,0,-2,1,-1,0
98.846811,13,2,-4,2,-2,-2,0,3,0
98.846832,3,-5,-9,5,-3,-1,-2,-8,0
98.849079,-28,-10,-7,-5,-2,-2,-1,-7,0
98.849085,7,-14,7,0,-3,-1,-1,2,0
98.861304,8,26,-9,-6,-2,-2,0,3,0
98.861326,-2,-7,-5,-4,-3,-1,-1,-3,0
98.864028,-7,-6,-6,4,0,0,-1,-6,0
98.864032,3,2,5,0,0,-1,-2,0,0
98.884209,-4,-4,-10,0,-2,-1,0,1,0
98.884230,7,-17,27,4,2,-1,0,-2,0
98.885695,-3,2,-1,1,0,0,0,0,0
98.885717,1,-7,-4,-1,-3,0,-1,1,0
98.906454,-3,11,6,-9,0,-1,-3,-3,0
98.906474,8,-9,19,6,-1,-1,-1,1,0
98.908026,5,11,-9,4,-1,-1,0,0,0
98.908034,-12,-21,22,-1,1,0,0,-4,0
98.922157,9,-10,-14,6,-4,-2,-2,-2,0
98.922179,-4,12,-12,-3,-1,-1,1,6,0
98.923759,10,6,-3,1,3,-1,-1,0,0
98.923764,12,-21,3,-7,-2,0,0,1,0
98.943920,-30,-8,5,-5,-1,1,-1,-11,0
98.943939,16,16,-6,-4,-3,-1,-2,8,0
98.945561,-10,0,-36,-1,-1,0,0,-2,0
98.945672,8,8,33,-2,-3,-2,0,-1,0
98.967071,-8,-19,15,4,1,0,0,1,0
98.967098,1,25,-34,-11,-9,-4,-2,-5,0
98.970262,10,-38,49,17,10,4,1,-1,0
98.970275,5,0,-22,1,-2,-1,-2,-2,0
98.980952,1,-5,-6,-4,-2,-2,-1,0,0
98.980974,-9,2,1,-2,-2,0,0,-4,0
98.987703,4,9,-5,-5,-5,-2,0,2,0
98.988888,-11,12,4,2,1,-2,-1,-2,0
99.004608,2,-10,8,3,-1,-1,-2,0,0
99.004615,-1,1,-4,-5,1,-2,0,-3,0
99.005454,-2,-10,-3,6,1,-1,-1,-2,0
99.005474,-11,1,-13,0,-1,0,-1,-5,0
99.026263,1,2,-2,-5,1,1,2,8,0
99.026279,-5,10,14,3,4,0,-1,-4,0
99.027703,10,1,11,-4,-3,-3,-1,-2,0
99.027728,-9,-6,-12,0,-3,1,-1,-4,0
99.041017,5,-7,-7,-5,-4,-1,0,5,0
99.041034,-3,-5,-1,-1,1,-1,-2,-2,0
99.047848,-5,6,-18,-6,-6,-2,0,-4,0
99.050224,6,-8,21,5,5,-2,-1,9,0
99.065680,-4,-18,16,2,0,-1,0,-4,0
99.065689,8,2,8,16,4,0,0,1,0
99.065694,-11,8,-14,-7,-2,-2,-3,-5,0
99.065698,-17,1,-23,-6,-4,-2,-2,2,0
99.086421,-7,4,-4,1,2,1,0,-4,0
99.088544,6,-4,1,-3,0,-1,1,-3,0
99.088551,0,-18,2,-2,0,-1,0,0,0
99.088553,1,16,-4,-5,-3,-1,0,1,0
99.101123,5,2,1,7,1,0,-1,-3,0
99.101143,-8,-11,-9,-3,-1,0,-1,-2,0
99.107486,-1,17,-8,0,0,0,-2,-2,0
99.107504,-1,13,-12,-3,-2,-2,-1,-3,0
99.124506,4,-7,2,-4,0,-2,-3,2,0
99.124535,-3,-23,4,3,0,-2,1,0,0
99.126809,-37,-14,10,3,0,-1,-4,-10,0
99.126815,18,6,-10,-1,-1,0,0,0,0
99.146684,2,-2,-6,-7,-2,-1,-2,0,0
99.146711,-1,2,-14,-1,-2,-1,-2,3,0
99.148772,2,-2,3,-2,-3,2,0,-3,0
99.148780,-2,1,5,3,0,-2,0,-3,0
99.160561,-5,11,-11,-4,0,0,-1,0,0
99.160574,2,6,7,-5,-1,-1,-1,-4,0
99.167991,2,1,-5,-1,-2,-3,-1,3,0
99.168110,0,0,-1,-1,-1,-1,-1,0,0
99.184648,2,7,-9,6,-4,-3,-1,1,0
99.187595,1,-18,21,2,5,1,0,-1,0
99.187603,22,27,-12,0,-5,-2,0,2,0
99.187605,-15,-23,10,-1,4,-2,-3,-2,0
99.206397,-6,-9,4,5,1,1,0,-7,0
99.206410,17,15,-5,-7,-5,-2,-1,3,0
99.207813,-6,7,-11,-2,0,-2,-1,4,0
99.207831,10,1,-3,1,-5,-1,0,-3,0
99.220947,-2,6,-3,-6,-1,-2,-1,0,0
99.220956,-14,-1,-10,-6,-2,-2,-2,-1,0
99.227494,8,-4,8,4,1,-1,-1,1,0
99.227514,-2,-2,-20,-8,-2,-1,-3,-3,0
99.243902,2,8,29,8,3,0,-1,3,0
99.243923,-4,1,-5,-1,-2,0,-3,-10,0
99.245840,1,-5,-4,-5,-2,-1,-1,-5,0
99.245903,7,3,-8,-6,-2,-2,-2,9,0
99.267028,-11,-7,-9,0,-3,-2,0,-1,0
99.267034,6,14,10,1,3,1,1,3,0
99.268064,2,-8,4,-2,-1,-3,-2,-3,0
99.268079,-5,-2,2,5,-1,0,1,-1,0
99.281976,2,29,-2,-4,-2,-1,-3,-1,0
99.281983,-12,-28,1,7,0,-2,-1,0,0
99.287809,-3,1,-3,0,-1,0,-3,1,0
99.287834,0,0,5,2,2,0,-2,-1,0
99.304081,8,15,3,1,-3,0,-1,2,0
99.304108,-15,-5,11,-3,-2,-1,-3,-8,0
99.305533,-3,6,-6,0,2,-2,0,6,0
99.305539,-6,-19,-6,-3,-1,0,-1,-2,0
99.328413,5,-6,-12,-8,-3,-4,-3,1,0
99.328422,1,17,-6,-4,-2,-2,-1,-4,0
99.328428,-6,-11,4,0,0,1,-1,-2,0
99.328431,0,18,5,0,1,-1,-1,-2,0
99.340565,-5,-19,-2,-14,-3,-3,-1,-6,0
99.340594,4,-8,-13,-3,-3,-2,-3,6,0
99.349399,-10,-20,17,4,7,0,0,-7,0
99.349424,39,12,1,-2,-4,-3,-1,10,0
99.364334,-32,-58,-11,-4,-1,-2,-1,-4,0
99.364355,-4,23,4,-5,0,-2,-1,0,0
99.366794,-1,9,6,0,-3,1,1,2,0
99.366798,-2,9,-5,-9,1,-1,-4,-5,0
99.386699,-6,-8,-3,-1,0,-2,-1,0,0
99.386732,9,4,-6,8,-1,-1,-1,0,0
99.388556,-7,-8,-3,-1,-1,-1,-2,-1,0
99.388567,-2,8,8,-3,-2,-1,0,-5,0
99.400240,4,4,-7,-3,-1,-2,0,-2,0
99.400262,-11,-10,3,-4,-2,-2,0,-5,0
99.410920,10,5,2,-1,-1,-1,-2,4,0
99.410924,-7,-24,-5,-6,-3,-1,-1,-2,0
99.423935,3,13,-2,6,2,-1,0,1,0
99.423949,14,-7,-1,-3,-2,0,1,0,0
99.425361,6,1,-4,-3,2,-3,-1,-3,0
99.425374,-19,-2,-4,4,-2,0,0,1,0
99.446268,4,2,3,-1,2,-1,-2,-1,0
99.446290,13,25,8,8,1,1,0,2,0
99.448610,-17,-5,-5,-14,-6,0,0,-6,0
99.448614,-8,5,-1,12,0,-2,-4,-6,0
99.460233,1,11,5,2,1,1,-1,0,0
99.460255,13,10,-22,-16,-2,-2,0,2,0
99.470372,-2,-17,10,7,2,0,2,3,0
99.470379,-1,15,6,5,1,-1,0,-8,0
99.485222,16,-6,-11,1,-2,-1,0,7,0
99.485235,-22,-12,-3,-8,0,0,-3,-8,0
99.485493,-4,12,-16,1,-4,-2,-1,0,0
99.485535,-9,2,14,0,0,2,0,-4,0
99.506541,-5,-2,0,0,0,-2,-2,-4,0
99.506562,-2,-3,-4,-1,-4,-3,-1,1,0
99.508414,7,25,-2,-4,-3,-3,0,-7,0
99.508418,4,-12,-12,4,-1,-2,-1,8,0
99.520176,-1,6,6,-2,0,0,0,-2,0
99.520210,-11,-9,4,1,-2,-2,-3,3,0
99.530006,-5,-6,-1,-3,-3,-3,-5,-7,0
99.530020,12,-18,14,-2,0,0,0,2,0
99.544159,-17,-6,-1,-5,-3,0,-3,-3,0
99.544189,15,4,-9,0,-2,1,1,0,0
99.546593,-2,-18,0,-2,2,0,-1,-1,0
99.546599,-1,-22,2,3,0,-1,-1,0,0
99.566686,4,-11,0,0,0,0,0,1,0
99.566708,8,20,4,-6,-4,0,-2,-6,0
99.568982,-13,-1,-1,14,3,0,0,8,0
99.568990,6,8,-3,0,1,-3,-2,1,0
99.579844,5,22,6,6,1,0,1,-4,0
99.579858,-13,-10,-15,9,2,-2,0,0,0
99.590014,-2,-10,0,-3,1,-1,1,0,0
99.590019,-12,11,-9,-4,-8,-2,-1,-5,0
99.603977,-2,-4,0,-1,-3,-2,0,1,0
99.605923,2,2,5,4,3,-1,0,0,0
99.605927,-2,11,-3,-6,-2,-2,-2,0,0
99.605930,-13,-5,-1,1,-1,-1,-1,-6,0
99.627058,3,-2,-9,-5,-2,1,-2,3,0
99.627080,0,-3,11,0,-1,-3,-3,-1,0
99.627744,7,5,-4,-7,-3,-1,-1,-3,0
99.627757,6,-6,-1,-6,-1,-1,-1,0,0
99.640036,5,-11,25,3,1,-1,-2,-2,0
99.640080,-21,-29,-3,9,3,1,2,-1,0
99.651219,4,-8,-5,-3,-4,-2,-2,5,0
99.651223,-5,-10,-16,-7,-1,-2,-2,-2,0
99.664235,0,22,3,3,-2,-1,0,-3,0
99.664264,4,19,0,-3,0,0,0,0,0
99.666062,-1,-13,29,-1,-2,0,0,-1,0
99.666067,-19,-25,-2,1,2,0,1,-3,0
99.687169,13,13,-9,11,1,-1,-4,-8,0
99.687180,-1,-6,-4,-3,-2,-3,-3,-1,0
99.687951,-4,2,-11,-1,-2,-1,-1,-2,0
99.687967,1,18,-2,-2,-3,-3,-1,2,0
99.700610,-2,-11,-1,2,1,-1,-1,-1,0
99.700638,-5,-1,-6,3,-2,-2,-1,2,0
99.710854,7,22,-2,-6,-1,-2,-3,-8,0
99.710860,-1,1,6,10,4,2,0,-5,0
99.723976,-4,-22,-7,4,-1,-2,1,9,0
99.723992,13,4,-7,-4,-4,-3,-1,1,0
99.725456,-10,-8,-7,0,-2,-3,1,-1,0
99.725466,3,17,6,-11,-1,-2,-1,-2,0
99.746946,2,40,-24,-9,-2,-2,0,1,0
99.746990,-11,-11,-12,4,2,0,0,-4,0
99.748377,10,29,31,3,1,0,1,1,0
99.748422,-10,-16,1,-3,0,-1,-4,-6,0
99.769035,-5,1,-13,-8,-1,0,-1,-2,0
99.769060,3,6,1,-5,-1,0,-1,1,0
99.770804,2,-9,-17,-3,-3,-1,-3,-2,0
99.770827,-2,0,0,1,-3,-2,-1,0,0
99.783777,-8,-7,14,0,3,0,-2,-6,0
99.783791,-4,-2,5,10,1,1,-2,-1,0
99.785786,-4,-5,-1,3,2,0,-1,1,0
99.785816,8,-15,-9,-5,-2,-1,-1,-1,0
99.806547,3,-4,0,-1,-2,0,-1,-2,0
99.810025,13,-3,-2,-12,-1,-3,-1,-2,0
99.810041,3,-8,-20,5,-5,-2,-2,-1,0
99.810047,-10,-3,8,11,1,-1,-3,-1,0
99.828780,-1,-20,3,-9,-1,-1,-1,2,0
99.828793,-9,-11,-5,-3,0,0,0,-1,0
99.830383,-8,-5,-5,1,-1,-1,-1,-4,0
99.830403,6,11,-6,-8,-3,-2,-1,-3,0
99.843789,-1,5,3,-1,-5,-1,0,-1,0
99.843812,-7,-20,-11,-4,-4,-3,-1,1,0
99.845216,27,-28,67,12,7,2,0,4,0
99.845229,-11,4,-8,-3,-2,1,0,-1,0
99.866439,-14,-5,-5,-6,1,-1,-1,-4,0
99.866460,-1,5,-1,2,-3,0,-1,-3,0
99.869571,-8,6,-15,-5,-1,-2,-1,0,0
99.869580,9,5,-9,-4,-1,-3,0,0,0
99.888932,2,-3,4,-4,-5,-3,-1,-1,0
99.888955,-7,-14,9,3,0,0,-1,-3,0
99.890358,10,16,2,-4,0,1,-1,0,0
99.890370,-8,-17,7,2,-6,-1,0,-3,0
99.904805,-2,9,-19,3,1,1,-2,-1,0
99.904813,-1,-7,8,9,-1,-2,-1,3,0
99.910183,-8,7,-18,-6,-1,-2,-1,-1,0
99.910211,12,4,-15,-9,-2,1,0,2,0
99.926219,2,-29,21,6,1,-2,0,3,0
99.926234,-19,-11,0,-10,-3,-2,-3,-11,0
99.927692,-7,15,-11,3,1,0,-2,-1,0
99.927698,12,14,5,-5,0,-2,-2,6,0
99.951553,-3,2,-10,-7,-2,-1,-3,0,0
99.951559,5,13,-3,5,0,0,1,-2,0
99.951561,-2,-33,-13,-4,-2,-1,0,0,0
99.951563,-6,34,16,6,3,0,-2,0,0
99.963705,3,-3,4,0,-1,-1,0,-2,0
99.963733,8,8,6,0,0,-2,-1,-4,0
99.970228,-4,3,-5,-7,-3,-4,-3,-3,0
99.970256,-2,7,2,3,0,0,-2,1,0
99.986817,-10,-12,13,11,1,-1,1,-2,0
99.986848,0,13,-7,-11,-5,-3,-3,-1,0
99.988029,3,-17,-15,-3,4,-1,0,0,0
99.988046,-2,0,7,-3,-4,-1,0,-2,0
100.008811,7,1,-4,-6,1,0,1,-1,0
100.008833,-25,-8,-3,-4,-1,0,-2,-1,0
100.010212,20,8,2,2,-4,-2,1,12,0
100.010219,-10,1,-11,-7,-3,-2,0,-14,0
100.023315,-5,-8,8,0,-2,-2,-3,-5,0
100.023340,5,3,-19,-20,-6,-1,0,1,0
100.030185,-5,-6,16,18,3,0,-2,-7,0
100.030208,-2,-42,24,4,3,0,0,1,0
100.046465,15,7,-8,-3,-2,-2,-2,5,0
100.046481,-5,-2,-3,2,0,-1,-1,-1,0
100.047904,-7,-4,-9,-10,-6,-3,-1,-1,0
100.047935,-1,9,-13,-2,-2,-1,-1,4,0
100.069538,-10,-19,17,6,-2,0,-2,-3,0
100.069910,26,42,8,0,4,1,-2,0,0
100.071746,-40,-31,-10,-4,-2,-3,-2,-6,0
100.071752,-2,-32,-7,4,1,-1,-1,12,0
100.083688,1,16,-3,-7,-3,-1,-1,-5,0
100.083709,1,-4,4,3,2,-2,3,2,0
100.089995,4,20,4,-4,-1,-4,-1,-3,0
100.090013,4,0,-29,-8,-6,-2,-2,-2,0
100.106253,-8,9,0,5,1,1,1,0,0
100.106260,6,-9,6,-8,0,0,-1,2,0
100.107786,0,3,-6,-7,0,1,-1,-7,0
100.107875,1,-9,-8,4,1,-1,-3,-3,0
100.129087,12,10,-7,-2,1,-1,0,1,0
100.129109,-7,-2,12,7,1,0,-1,-3,0
100.130668,4,-10,-14,-9,-2,1,2,1,0
100.130674,-7,19,7,-1,-1,-2,-1,-2,0
100.143116,-1,9,-3,2,-1,-3,-2,-4,0
100.143138,-5,-1,-16,2,1,-1,-3,0,0
100.149787,4,14,13,3,1,-2,-2,-2,0
100.149805,4,6,-3,1,-2,-1,0,2,0
100.167220,-8,-19,3,5,-2,-2,-1,-3,0
100.167226,-4,-8,1,-4,-5,-2,-2,-2,0
100.167970,3,1,-4,2,0,0,-2,0,0
100.167991,7,-23,3,1,3,0,-1,-3,0
100.188955,4,47,-21,-3,-4,0,0,-3,0
100.188982,-6,-13,-1,-7,-1,-2,-3,7,0
100.191016,-6,1,2,4,-2,-1,0,0,0
100.191027,6,-1,-3,-4,0,-2,-1,-1,0
100.203246,0,12,-37,-23,-8,-4,-2,-2,0
100.203270,1,-8,18,16,7,1,0,-1,0
100.209857,-3,-16,-1,0,-1,1,-1,-3,0
100.209876,4,4,5,4,3,1,-1,-1,0
100.226711,-4,-6,-14,-5,-3,-2,-3,2,0
100.226739,0,9,0,-7,-3,-2,0,-1,0
100.229811,0,-1,0,2,1,-1,-1,0,0
100.229817,-8,11,-5,-1,-1,-2,0,-4,0
102.251103,59,32,7,-2,-11,8,22,27,2
102.251594,-12,-116,9,-2,-2,-5,-37,-41,2
102.251599,71,21,-8,9,15,-8,9,2,2
102.251677,-64,-17,-8,-9,-10,26,-9,12,2
102.273196,-13,-43,-5,-7,-20,-18,0,6,2
102.273225,-13,-89,-12,-8,14,10,-8,-8,2
102.275190,8,41,5,-9,2,3,4,1,2
102.275196,29,15,5,4,-42,-63,-20,17,2
102.287654,14,114,37,19,32,37,10,31,2
102.287691,-12,-75,-58,-20,-8,-85,-15,-61,2
102.295941,-2,-15,9,13,6,37,39,15,2
102.295964,26,-67,-27,-7,0,-3,1,8,2
102.310564,1,79,24,1,7,19,19,15,2
102.310587,25,54,0,-3,-14,4,-25,10,2
102.311223,-7,53,-4,7,-7,-28,-7,12,2
102.311341,13,80,8,6,1,20,-1,-1,2
102.333240,-17,22,4,3,-12,-3,-7,10,2
102.333262,2,68,2,-5,-2,9,-2,-28,2
102.335458,-31,91,6,3,-16,-7,-18,-30,2
102.335471,-59,-64,19,9,12,6,7,7,2
102.347685,36,57,-18,-12,-2,-5,-7,-19,2
102.347714,79,-120,-19,0,-33,-2,4,32,2
102.355790,-10,82,18,17,12,-4,-16,-17,2
102.355813,-9,-10,-19,-16,14,2,12,-22,2
102.370664,31,17,5,-1,3,10,15,-11,2
102.370690,27,-30,-5,1,3,-48,9,1,2
102.371439,-73,21,1,-6,-5,38,3,-9,2
102.371445,5,-38,-17,-9,4,-35,-58,-1,2
102.393742,-83,33,-12,-13,-3,-35,-35,-18,2
102.395656,-42,-76,2,-4,2,65,3,16,2
102.395659,23,-112,-21,-7,11,9,0,-10,2
102.395661,54,-4,-3,6,-3,-6,3,-14,2
102.407883,-72,-107,-1,-5,-10,-16,-20,-32,2
102.407904,39,59,-26,-10,4,12,24,13,2
102.416853,11,19,17,3,2,-15,0,32,2
102.416860,52,127,28,10,11,19,10,-4,2
102.432605,-21,-103,-3,4,-17,-11,-10,-29,2
102.432611,-8,-20,7,2,19,5,13,-4,2
102.432613,87,85,-27,-17,-8,67,-17,34,2
102.432615,20,-94,0,-9,-13,-27,-13,18,2
102.453454,27,84,-3,2,17,9,29,-14,2
102.453477,67,-19,14,2,8,1,-16,31,2
102.455007,-52,-67,7,3,5,37,-15,-22,2
102.455014,9,-47,-12,-17,-31,-78,4,-32,2
102.468920,-38,27,-2,-3,0,-13,-74,0,2
102.468945,-16,73,-5,-7,20,31,4,-16,2
102.476250,36,26,-2,1,5,-29,15,-5,2
102.476279,-67,81,-18,-5,42,27,0,1,2
102.491245,-84,-103,11,5,17,28,8,7,2
102.491274,-45,74,15,0,-62,-37,-7,-10,2
102.493664,-20,-81,-25,-5,-1,-4,-3,-9,2
102.493669,26,78,-27,-18,-14,-31,14,-41,2
102.513345,118,18,6,6,41,81,29,53,2
102.513360,-54,-81,-10,6,-1,-22,3,-12,2
102.513665,21,9,15,-3,-13,-35,17,18,2
102.513679,-19,108,13,1,7,40,-16,-26,2
102.527442,-65,-16,18,27,-4,-9,6,-10,2
102.527464,84,127,8,1,-2,0,1,-25,2
102.535819,79,-128,-20,-3,-3,12,15,0,2
102.535843,-31,64,9,17,-1,52,7,49,2
102.551144,39,-71,-44,-25,-21,-33,9,-18,2
102.551177,-32,66,6,5,22,27,6,33,2
102.554074,-50,-27,9,2,15,-11,-1,-19,2
102.554082,54,33,7,-5,-52,-5,-17,23,2
102.573016,-83,-104,-14,-18,33,60,20,-43,2
102.573022,103,-5,17,8,0,-9,0,27,2
102.573675,-62,55,9,-4,-7,-21,2,6,2
102.573681,94,60,18,1,-6,42,-7,-13,2
102.596837,-2,51,-11,-3,27,-11,8,-27,2
102.596866,88,79,20,3,-21,-3,6,23,2
102.598822,-82,-46,-14,-6,-1,8,-18,0,2
102.598825,0,-34,20,5,14,7,13,-15,2
102.610570,11,-4,-3,-5,-4,23,-2,-24,2
102.610592,-36,106,-7,-6,14,3,7,-30,2
102.611514,82,12,4,-1,-13,-2,14,10,2
102.611517,-54,34,2,3,13,-36,-2,41,2
102.634728,32,77,13,10,-9,50,9,-6,2
102.634739,-83,-86,-14,-7,-28,-64,-2,-24,2
102.634743,64,-20,-6,-20,21,13,-3,6,2
102.634747,-35,-19,6,9,22,-10,10,-19,2
102.656344,-22,47,-1,-6,-9,-7,2,32,2
102.656365,0,13,24,13,10,12,-6,7,2
102.657467,-32,104,-14,-8,-16,1,-5,-6,2
102.657471,-44,-16,-9,1,4,-4,-3,-6,2
102.670795,2,-64,-17,-3,-35,-82,-18,14,2
102.670825,6,-15,-12,-9,1,30,8,6,2
102.672155,-48,127,16,13,8,-3,-57,-22,2
102.672159,6,-120,-7,-5,-10,-6,4,13,2
102.693230,-7,102,-1,8,-30,-22,-12,-15,2
102.693255,60,-10,-18,-6,13,7,0,3,2
102.694779,-56,4,3,4,9,31,27,2,2
102.694786,32,-16,-6,-2,-29,-66,-11,33,2
102.716451,102,40,9,4,21,3,10,23,2
102.716467,-4,-12,-10,-11,-18,14,-48,-8,2
102.717489,-8,70,12,9,-1,-6,11,-17,2
102.717495,-24,119,11,8,-17,12,1,2,2
102.730534,-4,-60,1,2,3,-7,5,-14,2
102.730547,-47,64,-17,-11,24,3,7,13,2
102.731527,43,106,20,9,-10,23,30,5,2
102.731546,3,-7,11,15,27,-25,0,10,2
102.753406,21,-52,3,-11,-13,-13,0,9,2
102.753431,22,-30,0,9,-9,25,-43,-5,2
102.754463,72,45,10,12,-3,16,-25,2,2
102.754510,-14,-94,1,-7,23,38,16,-34,2
102.776277,46,124,-11,3,-6,-10,9,31,2
102.776296,-73,-67,-3,-11,11,-27,-32,-27,2
102.776896,30,51,8,-3,-10,-6,24,-18,2
102.776909,68,-35,-25,-11,-11,-29,-15,-12,2
102.790731,-116,106,28,-6,-6,-22,-4,-21,2
102.790753,58,60,4,13,-8,16,8,17,2
102.791250,-95,-121,-21,3,-21,-59,-25,-52,2
102.791264,-63,-93,-23,-14,6,48,6,3,2
102.813093,2,69,20,18,1,1,-9,-15,2
102.813114,22,50,5,1,-29,-26,22,19,2
102.815454,-53,-128,-7,-6,55,1,-8,4,2
102.815458,-36,-7,-21,-2,-18,17,17,-26,2
102.837750,-1,44,-7,-9,-2,5,-40,6,2
102.837756,-97,-46,-18,-9,-10,6,-8,-32,2
102.837758,23,15,6,8,7,0,2,29,2
102.837761,-6,127,4,-15,-17,14,-6,-17,2
102.850862,22,-128,-28,-7,0,30,15,-6,2
102.850902,-1,13,3,6,9,7,12,-9,2
102.853715,5,96,-9,0,-22,-23,8,24,2
102.853721,-12,-69,-11,3,11,10,5,1,2
102.873300,38,84,23,3,2,20,-15,8,2
102.873320,-38,70,-1,-3,3,-57,1,-5,2
102.874095,-48,-117,-38,-23,-17,2,20,-7,2
102.874161,34,77,24,19,1,-5,-12,-31,2
102.896986,57,-128,-21,-7,3,0,8,28,2
102.897024,-2,10,35,12,4,22,22,-7,2
102.898982,42,94,4,-2,-9,-9,-55,3,2
102.898992,-35,-61,-19,-3,-8,-26,-21,9,2
102.910913,36,46,-6,-1,3,-3,6,5,2
102.912729,-2,78,-2,-1,21,6,2,13,2
102.912737,-25,-15,4,-10,-7,76,24,-5,2
102.912741,-67,-90,-19,-7,-37,-9,2,4,2
102.933154,77,64,19,4,-4,-12,13,21,2
102.933167,-64,-103,4,-3,-6,11,-12,-7,2
102.934061,25,49,10,12,21,1,1,3,2
102.934080,44,-23,-1,-5,11,8,-3,31,2
102.956489,-2,-12,-22,4,-4,-1,18,-2,2
102.956528,30,-1,-13,-16,-7,-1,-6,-32,2
102.959645,3,-45,-7,3,-8,-22,0,-16,2
102.959651,-46,48,32,16,12,-43,-3,1,2
102.970862,49,18,-20,-8,0,-9,24,9,2
102.970886,-16,-92,-7,8,4,41,34,6,2
102.972100,27,60,3,-2,-6,-48,-7,8,2
102.972104,25,-23,3,-7,5,1,1,4,2
102.993009,-46,-6,-12,-7,-20,-4,5,-35,2
102.993023,22,3,5,5,12,-13,-17,-20,2
102.993656,-76,-128,-22,-10,-22,25,35,4,2
102.993669,-13,45,-4,-5,-10,-19,0,-7,2
103.016842,-28,24,9,-2,16,-7,-30,2,2
103.016871,-32,-17,-9,-2,-2,40,13,14,2
103.019290,71,67,5,-4,-1,-27,-5,7,2
103.019300,83,-20,3,2,17,53,2,-1,2
103.030901,-74,-102,-22,-12,-13,-82,-11,-11,2
103.030923,-68,-39,-9,10,-2,13,-12,21,2
103.033138,57,79,8,-9,2,-6,-8,-3,2
103.033142,-26,49,6,0,3,-8,-16,-58,2
103.054595,13,-32,13,5,1,29,15,14,2
103.054601,-14,16,16,-1,-24,-35,-6,-22,2
103.054603,-82,54,6,3,19,-13,41,6,2
103.054605,44,127,2,-6,4,-3,14,7,2
103.076730,-59,6,-9,1,10,41,3,-3,2
103.076751,-30,120,0,-15,-13,-31,-24,-28,2
103.079043,-6,27,6,24,-17,27,-1,-1,2
103.079051,9,37,-25,8,27,13,7,9,2
103.091119,-19,64,60,12,-35,-18,-37,-7,2
103.091142,-12,-87,-13,-1,23,-23,38,19,2
103.093139,-9,50,16,-12,-5,-30,-10,30,2
103.093146,24,-52,-35,-2,-33,68,2,-20,2
103.113501,21,-2,5,-3,6,-2,-15,-9,2
103.113530,68,16,12,1,12,15,-12,27,2
103.115988,-16,-21,-10,2,-24,-34,-17,-18,2
103.115994,24,-15,-6,-12,14,37,8,15,2
103.136704,51,14,12,2,-9,28,22,-1,2
103.136730,36,54,7,3,-2,-3,-49,-17,2
103.137040,-54,5,-22,3,5,21,-14,13,2
103.137082,19,123,20,-3,-1,-32,-12,-12,2
103.150603,-26,31,0,2,9,0,14,-4,2
103.150616,-19,-96,-15,-9,0,-22,38,19,2
103.151269,68,122,-5,-7,0,38,-3,-39,2
103.151282,-13,-54,-5,-11,3,10,-14,9,2
103.173749,-52,-44,3,-2,-16,-48,27,-12,2
103.173779,6,24,2,5,4,18,16,4,2
103.174977,45,-105,-28,0,8,-12,-31,-1,2
103.174981,-57,-33,21,11,1,-3,1,-13,2
103.196297,32,-36,-27,-12,-3,-7,-2,9,2
103.196311,95,14,-8,3,-2,34,9,0,2
103.196953,14,-68,14,4,10,-10,4,3,2
103.196968,37,-32,12,-1,-1,-6,-2,41,2
103.209947,-7,22,16,13,26,-35,-7,-16,2
103.209969,-73,34,-7,-5,-14,-4,-33,-19,2
103.218498,85,-51,2,1,5,10,-31,5,2
103.218523,-43,42,-5,0,-4,-21,-12,-12,2
103.233489,29,80,6,-7,-2,10,-9,18,2
103.233518,-77,-26,-8,1,-22,-2,-13,-13,2
103.236109,29,-82,6,-8,28,-27,18,0,2
103.236116,-27,0,-12,2,-20,-17,29,-2,2
103.256255,19,-75,8,6,4,22,-14,21,2
103.256269,24,-108,-37,-13,-8,-13,-14,-56,2
103.256980,-35,127,27,8,-10,6,5,1,2
103.257044,-10,9,-11,-10,2,1,-8,4,2
103.271657,-83,-16,-18,-2,3,5,-6,-1,2
103.271666,26,83,39,4,-2,-8,7,44,2
103.278278,9,64,12,2,-1,-5,-3,-3,2
103.278299,12,26,-2,3,4,-4,-2,9,2
103.292833,-7,117,2,2,-7,-18,-5,-19,2
103.292855,11,127,-2,2,14,45,16,12,2
103.301140,-60,-17,-19,0,-16,8,-31,-13,2
103.301169,8,127,2,-7,0,8,18,9,2
103.316607,-12,-12,-25,-12,-3,6,-10,6,2
103.316640,39,30,-3,-3,5,11,24,19,2
103.319479,-4,-37,1,7,0,8,12,-8,2
103.319487,61,21,8,2,-7,-8,-6,10,2
103.330242,33,-49,0,1,8,-10,-29,-18,2
103.330272,-12,-33,13,-19,11,19,60,30,2
103.338281,-105,-125,5,1,20,32,-75,-21,2
103.338304,34,-90,-29,-25,-26,-25,-47,-15,2
103.353372,67,78,2,2,20,52,13,16,2
103.353401,13,40,24,11,-1,-12,-8,-4,2
103.353929,44,108,13,1,-1,-19,28,-4,2
103.354012,6,-55,-8,6,21,5,-4,8,2
103.376245,-7,46,9,-15,-14,-12,-5,9,2
103.376261,-26,-81,-18,6,1,28,-9,11,2
103.377205,-9,-86,-24,-18,-9,-34,-27,-26,2
103.377208,23,50,-12,-21,-2,18,17,-18,2
103.390395,-22,37,0,32,-5,17,18,12,2
103.390424,24,-87,3,3,1,-22,-9,-19,2
103.398081,1,-50,2,-5,-5,-1,24,18,2
103.398103,-6,-75,2,11,-4,-26,-10,6,2
103.413055,11,10,0,-1,17,10,13,-13,2
103.413062,-13,-71,-2,-5,5,-7,-7,1,2
103.413621,-13,-49,-14,-3,-16,-6,9,2,2
103.413634,-45,69,6,-8,16,17,20,-12,2
103.436360,11,-44,-27,-11,-44,-31,-46,0,2
103.436378,19,36,3,6,5,-15,-20,-5,2
103.437838,16,-39,-4,-7,-3,-14,16,2,2
103.437843,-80,93,32,11,-2,7,-13,10,2
103.450064,-32,70,-16,-9,5,-4,11,-12,2
103.450087,62,85,-14,-5,0,-13,-17,26,2
103.459864,-16,-28,20,12,-14,-19,-2,30,2
103.459871,-2,-3,-13,-10,18,48,-10,-9,2
103.473784,-92,-126,0,12,2,-16,25,15,2
103.476521,-38,90,0,-4,-3,69,-26,-7,2
103.476527,-81,14,-5,-9,-20,-7,29,-23,2
103.476529,-9,2,2,3,-2,1,0,2,2
103.496262,18,25,19,5,-8,-14,3,0,2
103.496284,-44,-86,-5,-1,-1,-28,5,-8,2
103.497622,-9,-2,-5,-9,16,20,-1,-6,2
103.497626,38,29,-19,1,-27,-15,2,-14,2
103.510297,31,59,4,2,34,17,-7,-6,2
103.510324,22,13,10,7,-12,-16,0,-19,2
103.518500,-57,127,-2,-1,3,13,11,-3,2
103.518526,4,-128,-12,5,-4,-37,-1,35,2
103.533568,-37,66,22,2,11,19,11,2,2
103.533588,-19,-85,-44,-7,5,-13,-5,19,2
103.536232,13,117,11,0,12,6,-12,20,2
103.536243,5,91,11,4,-1,-5,6,-10,2
103.556411,45,-10,-11,-30,-19,-1,20,10,2
103.556430,29,120,26,18,11,-18,-15,-31,2
103.556985,35,-69,-15,1,-2,-37,0,6,2
103.557010,87,-100,3,-1,-10,14,-21,10,2
103.579685,43,-6,15,11,-2,12,-12,-6,2
103.579714,21,64,3,-14,-20,-35,11,-4,2
103.581589,102,-54,-19,-5,9,18,7,-4,2
103.581593,-49,-20,29,20,23,6,3,-14,2
103.593250,-107,-128,-53,-15,-28,18,-5,-17,2
103.593280,48,76,21,-1,-9,16,25,12,2
103.594546,-8,-19,-39,-4,-13,8,-7,11,2
103.594551,-87,99,45,11,1,-7,-2,-2,2
103.616354,22,-48,-11,-7,10,13,4,-20,2
103.616374,-25,-113,8,10,9,4,1,13,2
103.616993,25,43,-1,-6,-14,3,12,-1,2
103.617027,-23,47,-4,8,29,7,32,0,2
103.638988,-9,22,13,9,-12,-39,-27,17,2
103.639023,48,23,-4,9,20,9,-12,-14,2
103.640376,36,65,19,5,-15,-39,-11,-23,2
103.640386,28,20,-24,-17,-4,34,18,3,2
103.653170,9,-20,4,10,1,-3,-5,-9,2
103.653190,30,0,-13,-8,-3,-1,0,6,2
103.654184,-4,66,17,9,2,1,6,0,2
103.654188,-13,-68,-36,-18,-1,26,-14,-20,2
103.677765,-52,28,-22,-15,-16,-59,-5,-21,2
103.677771,64,86,-7,2,2,-3,5,2,2
103.677773,14,17,14,3,-6,7,18,1,2
103.677775,32,99,14,2,-13,-10,6,7,2
103.699091,14,-26,0,8,10,47,20,-2,2
103.699115,-58,-128,-11,-18,2,-34,11,0,2
103.700768,-52,40,14,7,15,0,-20,-4,2
103.700772,100,49,-13,-1,-29,-27,-6,14,2
103.713437,14,53,4,-14,21,31,-12,-2,2
103.713462,-92,92,5,-1,-6,-59,-13,-7,2
103.714260,55,49,6,-4,2,28,7,-18,2
103.714281,-79,-90,0,3,-1,-30,7,5,2
103.736369,64,16,0,1,-4,2,-8,-2,2
103.736390,37,24,7,7,-9,15,-10,11,2
103.738112,20,91,16,-1,20,-18,-6,-5,2
103.738118,-51,-70,-25,-5,-7,16,-4,-6,2
103.758969,13,-34,2,14,-1,-13,-16,-21,2
103.758990,-10,-85,-21,-15,-2,21,9,18,2
103.760105,14,-20,-5,5,-6,-7,9,4,2
103.760225,2,63,18,1,11,-11,-4,-5,2
103.773267,40,37,2,-2,-6,0,3,25,2
103.773366,-31,7,10,-1,-5,14,0,4,2
103.773729,-54,-94,-29,-2,-9,-20,-15,-9,2
103.773743,18,66,37,7,8,11,-9,7,2
103.796724,54,112,25,2,18,-11,1,22,2
103.796753,77,72,-24,-2,-8,12,-26,-10,2
103.798845,-28,83,-5,-8,-19,4,3,-5,2
103.798849,-27,30,-7,-4,-10,-17,12,-14,2
103.819525,20,8,7,-2,-4,0,12,3,2
103.819536,-87,1,12,1,9,9,-4,12,2
103.819661,-27,-57,-6,-10,-3,17,0,-14,2
103.819684,18,8,-2,5,-10,-5,-13,-9,2
103.833668,42,79,11,-8,2,-2,13,31,2
103.833679,-24,66,33,15,4,-7,-10,-21,2
103.833742,-44,-128,-37,-14,-9,-36,-1,18,2
103.833748,18,28,-11,-11,20,9,14,27,2
103.856376,-47,-40,-4,3,-15,-9,-13,-47,2
103.856393,48,-15,-3,4,8,5,7,8,2
103.857521,46,50,18,6,9,5,-1,8,2
103.857526,6,-4,0,-4,0,-4,-4,1,2
103.879366,-47,-19,-3,2,-5,0,-8,1,2
103.879395,5,-12,-1,-2,2,7,8,-3,2
103.881576,-11,-14,6,4,0,8,-1,1,2
103.881581,-42,-83,12,6,-4,-6,3,-4,2
103.893522,-68,-26,-18,4,7,-26,-10,-14,2
103.893545,-68,-8,-29,-16,9,74,-30,-32,2
103.895474,52,65,-8,0,-6,-61,-5,8,2
103.895478,5,-51,-9,3,-29,-13,18,3,2
103.916189,-23,-65,-17,-6,29,42,5,-2,2
103.916195,-21,78,22,6,4,-17,13,-24,2
103.916840,4,47,3,7,-6,9,-10,7,2
103.916846,-4,-8,-9,-2,9,12,-40,1,2
103.938949,12,17,15,2,-4,-28,-7,9,2
103.940469,-2,-60,-26,-3,-13,-8,9,19,2
103.940477,79,96,28,9,11,26,-6,-15,2
103.940479,-5,-28,6,13,-9,-26,1,18,2
103.953242,-30,10,-7,7,-10,15,13,2,2
103.953265,-74,12,-1,-8,-4,-16,-9,-6,2
103.954532,5,15,-5,6,-6,14,16,30,2
103.954537,35,28,0,11,17,-38,3,-48,2
103.976310,18,64,5,3,0,55,3,46,2
103.976324,-43,120,3,-1,-7,-31,16,-17,2
103.977002,13,-103,-7,-4,1,19,-7,-12,2
103.977014,-31,23,-5,-13,1,-17,2,-16,2
103.998917,15,15,-3,-3,-4,23,-4,5,2
103.998939,25,-44,-10,8,-6,0,2,-28,2
104.001798,57,104,10,-2,7,15,1,7,2
104.001806,39,-24,-30,-16,1,-12,-7,6,2
104.013299,-66,-38,-1,-13,-22,-24,1,-52,2
104.013324,49,-28,7,4,25,8,1,42,2
104.015213,-31,-6,-5,-33,-18,6,-21,-43,2
104.015223,35,-21,-15,1,-5,-8,-3,37,2
104.036263,26,110,5,0,16,9,13,4,2
104.036286,43,-8,-4,0,-3,-20,10,-6,2
104.038482,-109,-5,0,-2,2,5,2,-2,2
104.038489,69,90,12,5,-5,4,-15,-3,2
104.059464,20,-55,-6,10,-4,-15,-3,7,2
104.059489,2,-4,6,6,-8,-8,-5,23,2
104.059928,101,-20,6,-2,24,1,19,35,2
104.059946,-111,-56,-16,-1,-4,29,-3,-58,2
104.073623,-45,26,-3,-6,-7,-21,2,-1,2
104.073678,88,17,17,-2,-1,-5,-3,8,2
104.081000,40,-29,-20,7,-1,6,9,26,2
104.082618,-36,40,24,1,6,24,-1,-18,2
104.096579,2,-60,-14,-2,-17,-74,-5,-6,2
104.096601,-14,22,-4,-14,-2,17,-9,-1,2
104.097885,-40,-5,-4,11,-6,-19,-4,-17,2
104.097889,30,33,-4,-9,1,42,-2,14,2
104.118948,-22,63,15,4,-3,-25,-2,-2,2
104.118971,31,-15,-11,-11,-3,9,7,23,2
104.119735,-109,19,-14,-14,5,-6,4,-36,2
104.119758,-12,38,34,12,-4,-6,-15,4,2
104.133376,81,94,-12,-4,5,18,3,7,2
104.133390,45,-24,-20,-2,-9,-22,0,2,2
104.133673,-40,-102,-9,-13,-4,28,-8,-1,2
104.133686,-75,69,10,-9,12,-27,2,3,2
104.156320,14,-128,-6,2,20,25,4,-19,2
104.156346,-55,21,10,2,-25,-2,0,-4,2
104.157561,-3,11,-2,-2,17,-5,-4,10,2
104.157566,102,-35,3,-8,-1,-9,1,17,2
104.178864,-62,-83,-1,2,-1,8,-23,-19,2
104.178877,-13,28,-27,-15,-12,-11,37,-24,2
104.179382,11,40,1,11,-2,29,3,21,2
104.179395,46,-8,7,-1,-5,-52,4,-2,2
104.193437,14,9,39,1,-9,5,-15,4,2
104.193442,8,11,8,7,11,54,-8,7,2
104.200503,4,48,-4,-2,-6,-27,9,-11,2
104.200521,22,-42,21,9,1,53,22,28,2
104.216251,-22,-32,-35,-6,9,-15,-12,-2,2
104.216273,-11,88,16,2,-4,-11,-12,-18,2
104.219138,87,97,2,-2,-1,5,-7,11,2
104.219152,-56,0,-8,2,6,9,11,14,2
104.238829,-11,69,27,17,1,11,1,-28,2
104.238835,-11,-52,1,3,7,-5,-6,25,2
104.239475,-16,-48,1,0,8,0,8,7,2
104.239481,-10,86,-16,6,-11,-20,-10,-1,2
104.252841,57,-82,-23,-17,-2,15,15,-13,2
104.252876,15,52,3,-1,5,-10,22,23,2
104.261069,-21,-67,9,-6,-5,-32,-64,-33,2
104.261157,-10,-20,-4,-6,-11,41,31,-9,2
104.276212,-90,-33,-24,-16,-6,-7,-3,7,2
104.276235,24,-19,-10,-8,-14,-3,-8,-25,2
104.277421,21,57,12,23,3,9,18,22,2
104.277429,6,-25,3,-4,-22,-2,-9,-10,2
104.298987,-22,51,12,8,-3,-1,-1,-3,2
104.299009,-42,-80,-15,6,-9,-11,-10,8,2
104.301207,56,-11,13,6,-12,28,17,1,2
104.301212,-45,-69,-45,-21,18,-35,-21,-14,2
104.312915,42,72,11,7,-12,8,22,34,2
104.312947,-5,4,13,-1,4,3,4,0,2
104.320720,30,12,1,5,-5,-9,1,-20,2
104.320738,-11,77,13,6,7,30,5,3,2
104.336491,80,41,25,1,-30,-2,0,30,2
104.336509,-114,20,-17,4,39,15,-1,-3,2
104.337132,-26,-113,-11,-1,12,19,-16,7,2
104.337152,16,32,16,7,0,11,5,-15,2
104.358750,23,85,-8,-5,-5,-18,11,10,2
104.358773,25,18,14,6,-3,22,-12,-10,2
104.360523,-22,-28,-4,-3,12,3,12,-5,2
104.360528,-37,32,-4,0,-3,1,-14,15,2
104.372617,4,42,0,1,-10,14,0,-12,2
104.374787,11,-117,-18,-7,6,-22,1,13,2
104.380778,8,80,-15,-2,-5,-16,-35,7,2
104.380794,-35,-90,-14,-5,0,-7,-9,-28,2
104.397479,22,13,-12,-4,2,-6,-8,-2,2
104.397484,-31,96,32,-7,-15,-8,-10,-20,2
104.397485,-13,126,-9,0,12,-2,20,33,2
104.397487,120,-26,-3,-3,2,-11,-4,-16,2
104.419037,-37,-48,-9,-1,7,-5,-10,22,2
104.419063,32,91,12,10,-16,19,15,-22,2
104.419714,-39,-81,9,3,19,19,2,33,2
104.419744,44,55,-13,-3,-23,-24,-4,-52,2
104.432813,-29,21,-10,-10,26,12,6,-3,2
104.432833,15,-114,-14,-8,7,-11,19,13,2
104.441277,-27,19,24,3,-12,-22,7,-17,2
104.441299,11,41,14,7,11,28,-4,16,2
104.454945,66,-75,-19,-8,-8,3,3,10,2
104.454961,-45,-83,0,6,-2,-30,-21,-30,2
104.466576,17,45,-1,-8,-17,22,8,-14,2
104.466581,-37,-37,0,-3,12,-7,-8,12,2
104.479247,-24,-66,-11,-4,-15,-1,-6,-3,2
104.479265,-49,32,-1,-13,20,5,-7,21,2
104.481052,97,77,26,5,-6,-14,1,-15,2
104.481060,-33,-69,-36,-24,-26,-16,-12,12,2
104.501761,-16,55,-2,3,17,24,35,-28,2
104.501792,10,10,-2,1,-9,-11,-5,-4,2
104.504211,-25,47,-2,-5,-11,-13,2,-2,2
104.504222,17,-22,-17,0,9,-10,3,17,2
104.515370,0,59,48,13,-16,-20,-17,-7,2
104.515402,10,7,-16,-10,13,29,-3,-3,2
104.526056,3,-113,-21,-10,-4,-59,-13,-19,2
104.526063,-15,-56,10,11,6,24,10,0,2
104.538978,39,93,-16,-6,0,6,-14,9,2
104.539033,37,38,16,5,-8,-27,-7,2,2
104.540413,9,-12,-16,-12,-9,1,-12,3,2
104.540436,-31,127,10,-2,-1,-1,11,-2,2
104.561700,72,31,10,7,23,-41,-58,9,2
104.561722,-69,76,-1,2,4,3,-3,-25,2
104.563817,-77,-102,-25,2,-8,6,-4,-15,2
104.563820,-27,5,10,-13,7,-1,19,11,2
104.575421,-17,-33,-13,-4,-4,5,8,-12,2
104.575445,16,-27,7,2,-7,-5,-1,14,2
104.584594,8,-11,0,-3,3,15,9,6,2
104.584603,-43,89,21,15,-10,-15,0,-5,2
104.599682,-8,37,-14,-3,8,9,1,16,2
104.599688,60,88,-19,-6,-3,1,-6,-31,2
104.600221,-12,-51,5,-1,-5,2,7,1,2
104.600227,-68,27,-5,12,-1,9,3,18,2
104.621883,-16,-14,12,3,10,-9,-8,-31,2
104.621906,52,-44,-9,-3,-20,57,20,12,2
104.623474,-27,52,8,5,-5,-66,-10,-6,2
104.623485,9,74,2,1,3,2,-8,-9,2
104.635510,-36,-92,-9,3,-6,4,8,-3,2
104.635552,-1,8,0,1,-4,11,4,14,2
104.645707,-82,-10,11,-20,11,-38,-23,-10,2
104.645711,58,-95,-28,-17,-5,17,29,-32,2
104.659432,-25,39,-3,6,-15,0,2,8,2
104.659471,64,6,8,-5,12,-11,-3,3,2
104.661911,-28,57,3,3,10,26,14,7,2
104.661916,33,-13,-1,0,-2,-8,-13,10,2
104.681870,2,-84,-12,-7,-5,-2,4,0,2
104.681892,-18,53,18,-1,-8,-2,-5,-24,2
104.683567,7,-32,-1,18,13,28,11,15,2
104.683571,48,23,15,-2,-2,-17,-11,-16,2
104.695571,-44,114,-3,-11,0,12,6,-1,2
104.695585,82,88,13,6,-6,-18,-8,29,2
104.702642,-21,-38,-1,1,-10,12,4,-7,2
104.702665,19,46,-19,-14,-2,-2,-4,6,2
104.719448,0,-45,9,2,-10,-12,11,-4,2
104.721407,-27,-12,-9,4,4,5,-28,-12,2
104.721412,34,124,5,-6,-4,18,8,-7,2
104.721414,7,-48,-11,9,0,0,1,12,2
104.741307,-58,-81,5,-15,9,6,6,6,2
104.741321,-55,-28,-24,-18,-19,16,-12,-45,2
104.742921,16,53,-6,-2,19,-30,-1,5,2
104.742941,-9,24,19,8,12,39,-8,2,2
104.755659,6,-42,6,8,-11,-26,9,9,2
104.755688,-6,-42,4,4,13,17,-8,16,2
104.762472,-24,-19,1,2,-15,-54,5,-24,2
104.762551,47,38,-16,-9,8,16,10,3,2
104.779283,12,-63,3,-3,-2,1,-4,-6,2
104.779313,-47,-87,-4,-9,-6,-5,12,28,2
104.781479,26,51,1,7,-20,15,-6,9,2
104.781483,14,37,-26,-11,-15,-26,2,-6,2
104.803799,103,127,22,6,6,10,-10,16,2
104.803806,8,-38,-7,4,-7,-20,-6,-33,2
104.803809,-69,-71,-14,1,-7,20,5,-4,2
104.803811,-27,67,34,5,5,-10,-9,5,2
104.816258,31,12,-27,-8,-4,9,2,-24,2
104.816296,18,86,36,14,3,-15,5,-13,2
104.822523,-19,-38,-23,-9,-7,22,-17,-7,2
104.822547,-29,-99,-12,-1,0,-6,13,-16,2
104.838914,32,27,6,-4,3,1,-6,17,2
104.838933,-24,-76,-3,12,5,-18,4,3,2
104.840387,23,5,0,-8,-10,7,1,-11,2
104.840404,-61,-7,-1,-4,-3,-9,-15,9,2
104.861654,-19,-76,-2,3,31,47,10,-11,2
104.861683,43,75,15,19,-21,-39,11,15,2
104.863615,-14,-59,-13,-15,9,31,-3,1,2
104.863623,20,3,-3,7,-14,-18,16,7,2
104.876178,-20,118,3,5,-17,5,-7,-18,2
104.876208,-53,-42,-2,-2,15,-2,0,3,2
104.882861,43,27,4,3,3,-9,4,13,2
104.882884,-8,64,26,9,-8,-1,-30,-22,2
104.898672,-92,-55,-22,-7,3,-20,-14,3,2
104.898685,43,-24,-13,-12,13,6,34,-5,2
104.900397,-17,-9,1,0,-2,1,-4,-2,2
104.900437,-5,-128,-21,-1,-16,-5,-5,-17,2
104.921337,-10,83,32,18,3,-10,6,14,2
104.921360,-48,-17,-5,-1,0,4,-12,-5,2
104.923288,7,-54,-10,6,-3,7,-2,12,2
104.923292,40,37,1,-8,6,0,-2,-1,2
104.935821,3,7,-5,2,-11,-3,-3,-3,2
104.935844,-35,24,-2,-12,-1,4,4,9,2
104.942703,-3,76,-5,-2,2,-5,-6,-33,2
104.942725,-53,-87,-16,0,10,0,-9,9,2
104.960194,6,-88,-5,-9,-6,1,-9,-4,2
104.960199,56,0,-1,-3,-1,-1,2,26,2
104.968197,5,13,3,-1,11,2,11,14,2
104.968202,2,-49,-5,-5,-9,9,-2,-37,2
104.981257,38,36,9,-4,-3,-21,-7,12,2
104.981288,22,48,-6,-6,-5,5,-3,6,2
104.983824,11,39,13,10,2,37,21,24,2
104.983828,61,-73,-18,-11,-14,-24,-15,4,2
104.995309,-28,111,29,31,16,0,8,4,2
104.995331,-63,-74,-14,-7,-23,-11,-14,-3,2
105.005023,31,-39,-8,-8,2,-23,-8,-4,2
105.005029,-29,127,19,11,-4,46,8,29,2
105.019084,-1,16,-24,-22,1,-15,-4,-27,2
105.019117,40,-22,0,-3,13,11,7,25,2
105.020749,-26,12,-12,5,-13,5,-12,-25,2
105.020754,-36,-66,-2,4,3,-15,1,-8,2
105.041255,51,54,15,1,-3,3,-1,-5,2
105.041311,-24,12,-28,1,1,7,2,-10,2
105.042799,-9,32,16,-2,0,-13,1,-5,2
105.042813,-8,51,-3,3,12,10,4,1,2
105.055162,-23,-44,-19,-12,-5,0,4,-14,2
105.055178,10,-6,2,-9,2,1,-7,-9,2
105.065017,37,-16,-15,-2,-6,-4,-7,-3,2
105.065021,4,11,17,1,4,-7,2,12,2
105.079728,-6,-17,-2,-6,2,13,2,5,2
105.079756,9,-3,29,-3,-18,-49,-3,-18,2
105.081407,7,-31,-28,-1,19,74,3,43,2
105.081415,41,127,-3,-2,-21,-38,-8,-27,2
105.101918,-17,-125,-12,-6,4,13,0,8,2
105.101938,12,-12,-9,-5,-9,-18,-4,-6,2
105.103032,6,78,31,6,1,-13,7,13,2
105.103048,-9,-1,8,3,13,8,-1,7,2
105.116881,-13,9,-10,1,-16,8,-1,-11,2
105.116888,20,37,4,2,6,4,2,13,2
105.124599,-1,72,35,8,-5,-11,4,-17,2
105.124604,-13,-70,-25,0,8,-6,-8,18,2
105.138721,-29,-9,-1,-5,-3,17,-6,-28,2
105.138743,31,-113,-33,-11,-7,13,1,6,2
105.140415,1,98,18,13,6,9,2,21,2
105.140440,-11,65,-13,-7,-15,-38,-11,-12,2
105.161979,26,94,6,3,-1,-2,33,16,2
105.161988,10,10,-3,-3,2,3,-11,-17,2
105.162691,-17,-42,4,-5,-10,2,0,-12,2
105.162697,69,1,11,1,1,2,5,18,2
105.177502,-8,-24,-4,-1,5,-9,-9,15,2
105.177506,-14,21,2,4,-2,11,-4,-8,2
105.185536,-14,-49,-4,-6,-4,-29,-6,-16,2
105.185544,-37,6,-15,-8,0,16,7,3,2
105.198771,35,96,56,36,34,-15,1,31,2
105.198794,-58,-43,-59,-23,-21,-15,-47,-62,2
105.200213,-25,-66,-19,-5,-5,11,17,-13,2
105.200226,35,76,-1,1,-1,3,0,-1,2
105.221382,30,37,-6,-13,-17,2,-1,-6,2
105.221398,-7,73,24,13,15,-10,6,28,2
105.223713,11,-16,-11,-7,12,-18,-11,10,2
105.223722,-24,42,8,-8,-11,20,2,-15,2
105.235212,14,-93,-2,1,1,-6,10,0,2
105.235236,-3,-67,-20,0,13,2,-12,-23,2
105.246123,-65,7,-14,-18,-13,-5,-8,-30,2
105.246129,-25,29,32,0,-12,2,13,10,2
107.259875,-14,-5,-13,-1,-3,0,-1,-2,0
107.260083,-2,-11,24,-1,2,1,-1,2,0
107.269876,-11,-22,-10,0,3,0,-1,-1,0
107.269966,10,28,4,4,-4,-1,-1,0,0
107.285088,-5,5,-2,-4,-1,1,1,-1,0
107.285104,13,16,-10,-1,-2,-2,-2,-2,0
107.285466,-4,-21,26,2,2,-1,0,4,0
107.285482,-4,-31,-4,5,2,-2,-3,-10,0
107.306612,4,20,2,5,3,-2,-3,3,0
107.306635,2,23,-2,-4,0,-1,0,-2,0
107.308298,1,-30,-7,-5,-4,-2,-3,6,0
107.308303,23,25,-7,-7,-2,-1,-3,-4,0
107.320281,-41,-10,-6,-4,-4,-1,-2,-5,0
107.320332,-3,-9,-10,-7,-5,0,1,5,0
107.331510,24,29,9,13,6,0,-3,2,0
107.331516,-4,5,6,-3,0,0,0,-17,0
107.344018,27,13,-9,1,-2,0,-2,5,0
107.344047,-6,2,-1,-7,-3,-2,-2,0,0
107.346328,-9,-39,-5,-2,0,-1,0,-6,0
107.346332,-3,-5,-30,-10,-4,-1,1,5,0
107.366177,1,18,13,3,0,-1,0,-8,0
107.366191,4,-65,6,-8,-4,-2,1,3,0
107.368121,-8,-16,4,2,-3,-4,-2,1,0
107.368133,-2,16,-1,3,1,-2,-1,1,0
107.388874,2,-3,9,-5,-3,1,-1,-4,0
107.388896,-4,5,-3,5,-1,0,-2,-2,0
107.390842,-3,7,-6,-3,-1,1,-1,-2,0
107.390848,-16,-9,11,2,-2,-1,-2,-1,0
107.403933,18,-3,-1,-1,-2,-3,-2,1,0
107.403954,-15,1,-5,1,-1,0,-3,-3,0
107.405474,-7,-7,5,-4,-1,1,-1,-5,0
107.405480,4,21,-4,-2,-3,-2,-1,2,0
107.426436,7,-21,-2,1,1,0,0,3,0
107.426442,-2,22,-7,-1,0,-1,-2,3,0
107.427874,0,14,-8,-1,-3,-2,0,-6,0
107.427886,-9,-15,3,-2,-2,1,-3,-1,0
107.448708,6,-1,-29,-3,-3,0,1,6,0
107.448729,-29,-38,33,13,3,-2,-2,-7,0
107.451273,11,32,1,-3,4,-3,-2,0,0
107.451277,9,5,-5,-5,3,0,0,-1,0
107.464264,-4,5,4,0,-1,-2,-1,-4,0
107.464292,2,-12,-13,0,1,-1,-1,-2,0
107.465926,-2,11,-5,-3,-4,0,-1,-1,0
107.465929,-8,-12,0,0,-3,-2,-1,1,0
107.487600,-2,4,2,-5,-2,0,-3,-4,0
107.487607,16,28,-7,0,-2,1,0,2,0
107.488001,-2,-2,-13,-1,-2,-2,-2,-2,0
107.488007,1,27,7,2,-2,1,1,-3,0
107.509497,-3,8,1,13,3,-1,-2,0,0
107.509538,10,-7,-4,-5,-3,-3,-3,0,0
107.511050,-18,-10,-5,-5,-2,-2,-3,0,0
107.511054,1,12,-23,-4,-1,0,0,-1,0
107.523545,-11,13,5,-4,-1,0,2,-2,0
107.523566,6,19,1,0,1,-1,-1,0,0
107.530179,2,-12,-11,-1,-2,-2,-1,0,0
107.530207,0,-11,7,-3,-4,-1,0,0,0
107.546806,-6,-19,3,-3,-4,-3,-2,-1,0
107.546834,6,3,-13,0,2,0,0,-1,0
107.549462,-2,8,2,3,1,2,0,0,0
107.549466,-9,-13,22,6,1,0,-2,1,0
107.569292,3,-13,-6,2,-2,-2,-1,-2,0
107.570992,3,15,-7,-14,-2,-3,-1,-1,0
107.571001,-1,-14,14,0,2,0,-3,-5,0
107.571004,-5,-1,-14,1,-3,-3,-2,2,0
107.583804,9,47,4,1,3,1,1,1,0
107.583824,-9,-3,16,2,1,0,-1,1,0
107.589830,5,-2,1,-3,-3,-1,0,-5,0
107.589847,-1,-4,-6,-5,-2,-3,-2,4,0
107.606539,-4,-15,-6,-6,-5,-2,-3,-4,0
107.606571,6,25,-14,1,-1,0,1,0,0
107.608777,7,32,3,2,-2,-1,1,6,0
107.608780,-12,-46,6,-7,1,-1,-3,-8,0
107.628662,22,-37,-16,-1,-4,-4,-3,-5,0
107.628681,-1,-1,1,5,-2,-1,-1,1,0
107.630179,-6,-28,-7,-2,-1,-1,-1,2,0
107.630192,4,-1,1,2,-1,0,1,0,0
107.643419,-10,2,1,-7,2,0,0,-2,0
107.643433,-5,1,0,2,-5,-3,-2,-2,0
107.650280,10,7,-7,-7,-2,-1,1,-3,0
107.650306,0,12,9,1,0,-1,1,1,0
107.666826,-7,-12,1,-3,-2,0,-1,2,0
107.666855,0,-18,-3,-2,0,2,-1,-2,0
107.669460,1,9,-19,-5,-3,-2,-2,0,0
107.669467,-21,-21,20,3,1,0,-1,-2,0
107.688796,1,12,-4,2,-2,-2,0,-1,0
107.688803,4,10,-12,-4,-4,0,-1,1,0
107.690210,-5,11,-2,-8,-4,-1,0,-4,0
107.690226,31,4,-8,6,4,-3,-1,7,0
107.704120,-14,-20,11,-9,1,0,-3,-9,0
107.704134,10,15,3,3,2,0,-1,-5,0
107.709895,-10,9,-11,-4,-5,-3,-1,7,0
107.709913,0,34,4,-8,-6,-2,-1,-5,0
107.726161,6,-52,5,16,5,1,-1,0,0
107.726176,-32,9,1,-2,-2,-2,-2,-5,0
107.727658,-12,-23,1,-1,5,1,1,-1,0
107.727671,-4,-6,-12,-4,-3,1,-3,-4,0
107.752115,0,27,3,-9,-2,-2,-1,1,0
107.752129,1,-12,-5,4,2,-1,0,-1,0
107.752134,4,-10,5,4,-3,-2,-2,-5,0
107.752138,-4,19,4,-4,-3,0,1,2,0
107.763455,-21,-2,0,11,2,-2,-1,-3,0
107.763483,12,4,-5,-8,-1,-1,0,0,0
107.770156,-1,-17,15,2,0,1,-3,-2,0
107.770234,-1,-15,-22,-6,-1,-1,-2,-3,0
107.786627,-5,13,27,3,-1,0,-2,1,0
107.786647,-3,2,-7,-3,-1,-2,0,-1,0
107.788990,-2,-7,0,4,0,-1,-1,0,0
107.788998,2,-22,-22,-8,-5,0,0,0,0
107.808791,-5,7,-12,1,-5,0,1,-1,0
107.809784,-2,-12,19,11,7,-1,-4,-1,0
107.810169,-2,5,11,-5,-1,0,1,-4,0
107.810175,7,-2,0,6,2,-3,-2,-1,0
107.823210,-8,-1,-6,-4,0,2,1,-1,0
107.823231,3,8,-12,-9,-2,-3,-2,-2,0
107.830295,-8,-13,37,16,3,-1,-1,-6,0
107.830324,-3,-12,-6,0,-1,-1,-1,-2,0
107.846553,6,7,-13,-5,-2,-2,-2,6,0
107.846571,2,7,1,-3,-5,-2,-1,-3,0
107.848094,-2,-23,1,1,1,-1,-1,0,0
107.848193,-3,-4,9,-2,1,0,-3,-5,0
107.869115,8,32,10,-5,0,-1,-2,2,0
107.869142,-11,-69,0,6,0,2,0,-5,0
107.871193,10,29,-17,-5,-2,-1,0,1,0
107.871200,-5,-22,11,6,0,-2,-3,-3,0
107.882497,35,6,0,-3,-1,0,-1,3,0
107.882519,6,12,6,0,-2,-1,-2,-1,0
107.891362,-22,-46,-10,-7,-3,-1,-2,0,0
107.891367,6,24,-4,6,-2,-3,0,-2,0
107.906459,3,8,1,5,0,-1,-1,1,0
107.906468,-10,-8,-6,-6,-1,-2,0,-2,0
107.907921,16,20,0,0,3,-2,-2,4,0
107.907942,2,25,3,-8,0,-1,-1,5,0
107.929157,-6,-22,-26,-14,-7,-2,-3,-14,0
107.929178,4,12,0,11,-1,-1,0,11,0
107.931231,-13,18,-1,1,3,-1,0,0,0
107.931235,3,-16,2,6,2,2,0,-5,0
107.943500,-1,-27,-4,-11,-2,-4,-2,4,0
107.943526,-5,9,4,1,0,-1,-2,-7,0
107.953635,-3,11,-22,-10,-6,-1,-2,-4,0
107.953646,-5,-12,3,3,-3,-2,1,1,0
107.967139,16,12,8,7,2,-2,-1,0,0
107.967168,11,17,-6,-7,1,0,-3,-1,0
107.969587,9,-27,22,8,0,0,-1,2,0
107.969592,-26,-9,-10,1,-3,0,-1,-4,0
107.988862,10,23,13,-2,-5,-2,0,4,0
107.988882,-41,14,-12,-12,-6,-3,-3,-9,0
107.990505,23,12,-19,-5,0,-2,-3,-3,0
107.990551,-10,-3,2,-4,-2,-3,-3,0,0
108.002523,-3,5,2,3,2,1,-1,-4,0
108.002542,11,-10,0,-1,-1,0,0,4,0
108.012613,-9,-3,6,-1,-1,-2,-1,-7,0
108.012622,13,8,-10,1,-2,-2,0,5,0
108.026636,-23,1,1,-2,-6,-2,-2,-3,0
108.026657,0,0,7,-10,-2,-3,0,-2,0
108.028434,-2,11,-12,-1,-1,-2,-1,2,0
108.028447,2,-9,-21,-7,-4,-1,0,-3,0
108.048673,9,-1,18,8,2,-2,1,5,0
108.048695,3,-16,-5,-1,-4,0,-2,-4,0
108.050165,-5,2,12,2,0,-1,0,-1,0
108.050171,3,9,-10,-14,-4,0,-2,3,0
108.063689,-4,-17,-9,3,-2,-1,-2,-3,0
108.063695,20,2,-2,0,-1,-2,0,3,0
108.073090,0,22,-7,3,-1,0,-1,-1,0
108.073099,12,0,10,3,6,-1,-1,-4,0
108.086377,-9,-22,2,-4,-3,-1,-2,-1,0
108.086405,-2,38,-10,-3,-1,-4,-1,3,0
108.088424,-6,-33,17,-1,-4,1,0,-5,0
108.088429,0,-7,1,5,2,-1,-3,0,0
108.111581,-3,11,-9,1,0,1,2,0,0
108.111587,-4,-5,9,3,3,0,0,-2,0
108.111590,4,23,0,-6,-2,-3,1,4,0
108.111591,-2,8,-2,0,-2,-3,-1,-7,0
108.122579,-17,-25,11,-8,-1,-1,-2,-2,0
108.122608,3,-18,-4,0,-3,-2,-1,0,0
108.132937,-1,4,-2,7,1,1,-1,-1,0
108.132941,-3,-50,2,1,-1,1,-1,2,0
108.146258,0,-7,-18,-8,5,1,-1,0,0
108.146277,-9,-4,25,5,1,-3,-3,-5,0
108.148115,15,8,8,-3,-2,0,-2,-2,0
108.148139,-23,12,-11,-2,-2,-1,-1,-3,0
108.168813,13,21,0,-9,-6,-4,-5,0,0
108.168839,-11,-6,-2,-2,2,1,0,-6,0
108.171707,14,24,-7,-3,-1,-1,-1,-1,0
108.171720,-22,-25,-1,-1,-3,1,-2,0,0
108.182472,-10,0,-8,0,-3,-2,0,-3,0
108.182495,8,5,4,-4,-1,0,-1,3,0
108.192401,-12,-19,-14,2,-1,-3,-3,3,0
108.192409,16,21,6,-2,1,0,0,4,0
108.206446,-11,23,-1,6,1,-1,-1,-7,0
108.206467,8,0,-14,-3,-2,-2,-1,3,0
108.207969,-10,-39,-1,-2,-1,1,-1,1,0
108.207984,11,45,-6,4,2,-2,-3,-6,0
108.229016,6,5,8,9,5,2,-1,-1,0
108.229038,6,-2,-14,-7,-4,-4,-3,-1,0
108.231041,-2,-27,24,4,-4,-1,-1,-5,0
108.231049,-17,-9,-6,-5,-3,-1,-1,-3,0
108.242362,-2,0,-14,-7,-4,-3,-1,-1,0
108.242384,5,8,-2,3,5,1,0,5,0
108.251343,-3,20,-18,-3,4,-1,1,-2,0
108.251407,18,47,12,-7,-3,-3,-3,3,0
108.266762,-23,-50,-12,0,0,0,-2,0,0
108.266767,-9,-21,-5,-3,-6,-1,-2,-6,0
108.268062,-1,24,-8,-5,-1,-2,-3,0,0
108.268144,-6,-17,2,0,0,-1,0,-5,0
108.288012,12,-4,-7,6,-1,2,0,11,0
108.288033,-3,3,12,19,5,1,-1,-3,0
108.297314,-5,-8,4,-2,-1,-1,0,1,0
108.297322,2,5,3,6,0,0,0,0,0
108.312861,-12,-15,6,-10,-5,-1,-1,-6,0
108.312870,4,-4,1,2,0,-1,0,1,0
108.312875,0,4,2,-1,2,-2,-1,-1,0
108.312879,4,-4,-33,-1,2,0,-1,1,0
108.328896,-3,-1,29,6,3,0,-1,-1,0
108.328902,5,16,1,-2,1,-1,0,0,0
108.328905,1,25,-7,-3,-5,0,-1,-3,0
108.328906,-33,-52,-22,-9,-5,-3,-4,-3,0
108.349329,26,13,-8,3,2,-2,0,1,0
108.349356,-6,-9,-2,-9,-4,-2,-1,-2,0
108.351269,-7,-6,-4,5,-3,-2,-2,-1,0
108.351277,1,-1,19,1,0,0,1,1,0
108.371276,-6,14,-5,-2,0,-2,-1,-2,0
108.371297,3,-8,9,-5,0,-1,-1,-1,0
108.372834,-1,8,-5,4,1,-1,-1,-1,0
108.372932,2,-9,34,3,2,1,-2,-4,0
108.386409,-4,-8,0,-3,-2,-1,-2,2,0
108.386435,0,3,-16,-7,-4,-1,-3,-3,0
108.388282,0,17,-2,-12,-6,-3,-3,0,0
108.388286,-30,-62,2,4,-2,-6,-2,-6,0
108.408789,16,17,-10,-2,1,2,3,-3,0
108.408802,-9,-8,-2,-10,-1,0,-2,1,0
108.410316,3,5,14,8,2,-1,0,-3,0
108.410329,6,20,-21,-11,-7,-1,-1,0,0
108.431713,-6,-12,38,2,-1,-2,0,1,0
108.431742,-21,-6,-1,5,-1,-1,-2,-4,0
108.434206,4,-13,3,-5,2,0,-1,-2,0
108.434211,3,2,-9,0,1,0,0,6,0
108.445356,1,-4,-16,-2,-1,-1,-3,-3,0
108.445387,4,-4,-8,-2,-3,-1,0,0,0
108.454708,-8,-10,8,0,-1,-1,0,-4,0
108.454712,9,24,12,5,0,1,-1,-2,0
108.468993,-6,1,-7,0,-3,-1,-3,-3,0
108.469001,-3,-17,3,-3,-3,-2,-1,-2,0
108.470424,-3,-30,-17,-4,-2,-1,-2,-4,0
108.470436,28,53,2,0,-3,-5,0,11,0
108.491289,-28,-26,-3,-3,1,2,-3,-6,0
108.491311,-10,-1,1,3,2,2,-1,-7,0
108.493422,6,1,-22,-14,-7,-2,0,8,0
108.493430,12,-40,38,11,11,0,-3,-3,0
108.505702,-14,-9,-16,10,-2,1,0,-7,0
108.505725,-11,14,-5,3,1,-1,1,1,0
108.512822,15,12,7,4,2,0,-2,-5,0
108.512841,-14,-59,-27,-12,-6,-4,-1,-1,0
108.529689,29,11,-3,-8,-3,-3,-2,5,0
108.529727,-7,-4,14,6,-1,0,0,4,0
108.531539,-6,-1,-20,-7,-7,-1,0,-2,0
108.531545,-4,34,2,-8,-1,0,0,-9,0
108.551371,8,5,11,4,0,-3,0,5,0
108.551388,5,-14,-14,-2,-2,-2,-2,1,0
108.553129,-3,5,8,-2,-1,-2,-2,0,0
108.553154,4,11,-11,0,0,-1,-1,1,0
108.565634,-14,-5,14,4,1,-2,0,-4,0
108.565664,27,69,-1,-1,-1,0,0,-2,0
108.573155,-20,-54,-7,-2,-2,-2,-1,0,0
108.573184,5,23,-28,-13,-3,0,-2,-1,0
108.588771,-1,-9,32,11,5,3,1,-3,0
108.588793,3,5,13,2,-2,-1,0,-4,0
108.591050,-4,11,2,4,5,-1,-2,1,0
108.591061,-14,-21,-17,-1,-5,-1,-2,-4,0
108.612766,14,18,-13,-10,-4,-5,-4,-2,0
108.612772,-4,-2,0,-3,-2,-2,-1,0,0
108.612775,4,14,-3,0,-6,-3,-1,-2,0
108.612776,-28,-32,19,11,8,1,-2,-4,0
108.627523,6,30,-13,-11,-2,-3,-1,0,0
108.627529,5,-71,3,4,-1,-1,-4,-1,0
108.632684,-1,4,-16,-11,-4,-1,-1,-2,0
108.632703,12,29,3,-1,-1,0,-1,-1,0
108.649140,-1,4,-8,-7,-1,-3,-4,-2,0
108.649213,-9,-6,-13,-9,-3,0,-2,-2,0
108.650853,13,-3,-6,2,2,0,-1,1,0
108.650857,18,10,18,11,3,0,-2,2,0
108.671474,-5,2,-1,-4,-3,0,1,-6,0
108.671490,5,6,-9,0,-1,-2,0,4,0
108.673144,7,-87,-15,-3,-1,-2,-3,-2,0
108.673149,-39,-14,17,-1,-3,1,3,-7,0
108.685858,2,6,-34,1,-2,-2,-1,3,0
108.685886,-9,25,16,0,-1,-1,0,-3,0
108.692855,6,2,-7,6,2,-1,-2,-2,0
108.692886,4,9,-5,-4,-2,-1,0,1,0
108.708679,-6,-19,-1,-5,-2,-2,0,0,0
108.708694,-11,-5,0,-2,-1,0,-2,-1,0
108.710126,1,16,14,13,4,1,1,0,0
108.710133,4,12,1,-3,-1,-2,-2,-2,0
108.731356,-7,2,-1,-1,0,0,-1,-2,0
108.731378,6,14,-7,7,-2,-2,-2,-4,0
108.733073,-15,-32,10,-8,-1,-1,-3,-6,0
108.733076,18,-16,-5,-6,-3,-1,0,4,0
108.754039,-4,-4,-3,-5,-1,-1,-3,1,0
108.754055,-6,17,23,4,2,1,0,2,0
108.755231,20,51,4,0,-2,0,-1,-4,0
108.755264,-13,16,-18,-1,-3,-2,-3,-9,0
108.769032,-3,4,-8,-6,-3,-2,-3,2,0
108.769045,9,-31,3,-2,-1,-2,-2,2,0
108.770524,-14,22,8,-3,0,1,2,0,0
108.770594,9,8,3,11,5,-2,0,4,0
108.791355,-11,8,9,5,1,-1,0,-5,0
108.791371,-3,-4,-11,-5,-4,-2,-1,-3,0
108.792744,0,-4,-3,-2,1,0,1,10,0
108.792757,11,23,-5,-3,-9,-3,-1,-6,0
108.805013,-10,-10,7,11,4,1,-1,2,0
108.805036,2,-16,-8,-4,1,-1,-4,-3,0
108.815086,-23,5,7,-1,-3,-2,-2,-7,0
108.815090,-19,-29,-7,-7,-4,1,-1,3,0
108.830518,30,36,-3,-4,-5,-4,-1,1,0
108.830523,-27,-31,0,-1,3,-1,0,-2,0
108.830525,8,16,3,14,4,0,-1,1,0
108.830527,-6,-23,-6,1,-1,-2,0,-4,0
108.851355,-5,-8,7,-3,-1,0,0,3,0
108.851449,18,20,-22,-4,-3,-1,0,-3,0
108.853877,-17,4,15,1,3,-1,-2,-2,0
108.853883,4,14,-10,-5,-2,-1,1,2,0
108.864804,-14,0,19,2,3,-1,-1,-6,0
108.864817,17,-42,-5,-2,-3,-1,0,4,0
108.874902,-5,-2,-6,-7,-3,-2,-1,0,0
108.874907,13,10,-1,2,-2,-2,-3,0,0
108.888928,17,21,-3,-5,-2,-1,-2,-3,0
108.888953,-12,-1,-2,1,1,-1,0,-1,0
108.890595,-3,-2,-5,-3,0,-2,-1,-2,0
108.890599,7,4,7,2,1,-1,-1,3,0
108.911518,-22,-28,-15,-3,-8,-2,-3,-10,0
108.911540,8,13,3,5,2,1,0,5,0
108.912708,20,9,-24,-9,-5,-1,-1,1,0
108.912722,-4,-27,18,4,1,1,1,-2,0
108.924993,10,7,3,0,0,1,-2,0,0
108.925011,-2,-42,-23,-8,-2,-4,-4,-2,0
108.936512,2,1,6,-5,-5,-1,-2,-2,0
108.936522,-8,5,1,4,2,-1,-1,-2,0
108.949266,-8,-23,-13,-8,-2,-3,1,0,0
108.949296,4,40,16,15,3,-3,-3,-4,0
108.951640,3,-3,7,2,2,0,-2,1,0
108.951645,8,-4,15,-2,0,-1,-3,8,0
108.971244,-13,-35,-4,2,-3,1,0,-2,0
108.971252,20,56,-14,-11,0,-1,-1,-1,0
108.972754,-14,-19,3,1,-1,-2,-1,-5,0
108.972768,-2,12,-10,0,-2,0,1,0,0
108.986731,8,-16,-9,-5,1,-1,-1,-2,0
108.986738,-1,-6,0,5,-1,-1,1,0,0
108.995800,10,2,10,3,-2,-3,-3,6,0
108.995805,-14,-16,-19,-6,0,-2,-1,-5,0
109.008718,17,14,7,0,2,1,0,2,0
109.008739,-30,-5,-7,-4,-3,-1,-1,-4,0
109.011524,-3,-12,-2,-7,-5,-2,-2,-3,0
109.011527,5,-2,-6,-1,0,0,0,-2,0
109.032204,5,15,2,3,-1,-1,-3,-2,0
109.032217,3,-5,-18,5,-4,0,-1,-2,0
109.032912,-7,-8,14,4,1,0,-2,-4,0
109.032926,5,29,3,-4,-2,1,-2,2,0
109.045337,-7,-24,-11,0,-1,0,-2,-1,0
109.045368,1,11,4,-4,-3,0,-2,2,0
109.055184,3,14,3,2,0,-2,0,-6,0
109.055191,-2,-4,-1,-6,-2,-3,-1,-2,0
109.069222,-6,-14,-9,-5,0,-1,-1,3,0
109.069241,-1,-8,21,3,-1,1,0,2,0
109.071602,0,45,-11,-6,-2,-3,-2,-4,0
109.071607,-11,-66,8,-1,0,0,-2,-2,0
109.091358,10,28,-8,-6,-5,0,-1,3,0
109.091381,7,-15,15,-3,1,-2,-2,-5,0
109.093441,-12,-5,-3,8,0,-1,0,2,0
109.093447,-2,28,2,-4,1,-1,-3,-3,0
109.104986,-11,-19,5,7,3,-1,0,-3,0
109.105008,6,19,12,-4,-1,0,-2,4,0
109.115305,-3,-24,-10,-5,-3,0,-1,-3,0
109.115310,13,36,1,7,3,-1,-3,-8,0
109.129684,-11,-43,14,-1,1,-1,-3,8,0
109.129721,3,-10,-2,0,1,-2,0,-1,0
109.131804,-18,-69,-6,-3,0,-1,-2,-7,0
109.131808,13,41,-26,-11,-8,-3,0,6,0
109.151667,-19,-14,16,8,8,2,0,-11,0
109.151693,13,-6,-8,-6,-2,-3,-2,0,0
109.154309,-17,16,-5,-3,-2,0,0,4,0
109.154318,0,-10,-5,-5,-2,-2,-1,-3,0
109.165261,-1,12,-7,-4,-3,-1,-1,-5,0
109.165289,2,28,-2,-2,5,-4,-1,2,0
109.175439,18,11,-1,6,4,-1,1,1,0
109.175443,2,-12,9,4,3,1,-1,-3,0
109.188912,-2,12,11,-2,-1,-3,-1,1,0
109.188932,-6,-19,-10,-4,-4,1,0,-5,0
109.190325,4,12,-9,-7,-6,-3,-2,2,0
109.190347,-12,-1,11,6,2,-1,0,0,0
109.211692,5,-28,27,-8,-3,-1,-2,-4,0
109.211713,13,21,-4,5,0,0,-1,1,0
109.213601,-8,-10,3,2,-1,1,0,-3,0
109.213605,-10,-17,-5,-8,-7,-3,-1,-2,0
109.235083,10,31,-17,-6,3,-1,-1,3,0
109.235096,-4,-82,5,-2,-1,-1,-4,-5,0
109.235456,-6,5,-2,4,1,2,0,-1,0
109.235647,2,-4,7,-6,0,0,-1,-1,0
109.249010,-8,15,-12,-1,-4,-3,0,1,0
109.249016,-2,12,-1,-6,-3,2,1,1,0
109.250203,3,-28,0,8,5,-2,-1,0,0
109.250209,-1,21,4,3,4,-1,0,-4,0
109.271455,0,-9,-7,2,-3,-2,-2,-3,0
109.271473,-8,42,-1,-3,-5,-1,1,-1,0
109.272871,2,-18,-8,-8,-2,-1,-2,-1,0
109.272924,0,19,4,4,-4,-1,0,-2,0
109.295738,-16,-25,-21,-9,-6,-1,-2,-3,0
109.295743,6,29,6,15,0,0,-1,0,0
109.295746,4,22,0,4,4,-1,-1,3,0
109.295747,-5,-21,-5,1,0,2,0,0,0
109.309475,9,18,-2,-1,-1,2,-1,0,0
109.309509,-9,-2,-8,-4,-4,-2,-2,0,0
109.311841,-4,12,-2,-7,-2,-3,1,0,0
109.311853,10,-16,-10,-5,-4,-2,-3,-2,0
109.331565,-14,28,11,6,-3,-3,-1,3,0
109.331585,-12,-8,5,-4,3,-1,-1,-3,0
109.334061,1,-7,7,2,-2,-1,-2,-1,0
109.334067,2,-5,-11,-7,-3,-1,-1,2,0
109.353865,5,18,-5,-3,-3,-1,-1,-1,0
109.353887,-4,-92,2,-8,-5,-1,-1,-5,0
109.355501,-10,-4,-1,6,0,0,2,5,0
109.355505,-9,-40,20,6,6,0,-2,-1,0
109.369011,3,1,-20,-2,0,-2,-1,1,0
109.370816,4,45,9,-3,-1,-1,0,-3,0
109.370823,-10,-20,-21,-7,-5,-1,-1,-5,0
109.370825,3,12,9,3,1,1,-1,-2,0
109.391225,4,-17,8,5,4,1,0,-2,0
109.391232,-6,-1,-4,4,2,-1,-2,-6,0
109.392634,21,16,-17,-13,-6,-3,-4,4,0
109.392695,2,14,-4,2,-5,0,0,0,0
109.414260,-9,-11,9,5,4,-2,-1,-2,0
109.414297,-4,15,1,-6,-2,-1,-2,-1,0
109.416416,-7,-6,20,6,3,1,1,-3,0
109.416420,4,0,-30,-7,-4,-3,-3,0,0
109.428434,2,-21,7,-6,-4,-3,1,-1,0
109.428456,-2,-7,-8,1,-1,-2,-2,3,0
109.434923,4,8,5,1,2,-1,-1,-2,0
109.434945,-13,6,20,2,-1,-2,-1,0,0
109.452878,21,-2,-11,3,-1,-2,-1,0,0
109.452883,-29,-15,1,0,2,-1,-3,-7,0
109.452886,-28,-51,-6,-8,-4,0,-2,-6,0
109.452888,9,-28,-16,-6,-2,-2,0,3,0
109.473693,-8,23,-1,-13,-2,0,-2,-3,0
109.473710,8,17,7,0,-8,-1,-1,-5,0
109.475196,19,10,4,11,4,-2,-1,-1,0
109.475202,-8,9,1,3,0,-1,-2,5,0
109.488090,-6,-19,-18,-2,-2,0,-1,-4,0
109.488113,25,20,-24,-14,-6,-2,0,3,0
109.495524,-19,-11,19,5,4,2,-2,0,0
109.495552,2,13,1,-1,-3,-1,-1,-3,0
109.511212,4,-2,-3,-2,-2,-1,-2,0,0
109.511233,3,41,-15,6,2,0,-1,3,0
109.514436,1,-11,-3,-3,-3,-3,0,-3,0
109.514442,-10,12,-1,1,2,0,0,-5,0
109.533422,-15,-6,-9,-3,-2,-2,0,-2,0
109.533441,-5,-18,10,0,1,-2,0,-3,0
109.534043,16,31,-6,-3,-1,-1,-3,1,0
109.534107,25,1,13,-4,1,0,0,-1,0
109.547284,-21,-30,-1,2,-2,-1,-2,-10,0
109.547297,8,27,-9,-1,1,-1,-1,9,0
109.555065,-13,2,-1,-2,-5,-2,0,-4,0
109.555088,7,-10,2,4,2,-2,-1,0,0
109.570611,12,-11,0,-5,0,-2,-1,1,0
109.570627,-23,-25,0,-6,-2,-2,-1,-4,0
109.571573,3,-3,13,1,1,-1,-2,-4,0
109.571577,-4,-8,10,13,6,0,-2,1,0
109.593054,-4,19,1,4,-1,0,1,-7,0
109.593061,-13,-6,-3,4,-1,2,-1,1,0
109.593806,19,10,-5,-7,-7,-2,1,2,0
109.593884,-12,8,-9,-4,-2,-1,-3,-6,0
109.607750,-20,9,5,-1,-1,0,0,-1,0
109.607771,22,-6,-9,-12,-4,-3,-1,4,0
109.615024,-5,-1,-3,5,3,0,-1,-2,0
109.615045,-8,24,-11,2,1,-2,0,-1,0
109.631003,13,26,1,1,0,0,0,3,0
109.631033,-12,-5,-17,-6,-3,-1,0,-3,0
109.633148,14,8,38,7,4,0,1,7,0
109.633152,13,4,-16,-7,-6,-2,-2,-7,0
109.654815,-13,-18,-4,0,-2,0,0,-3,0
109.654821,-1,-1,4,1,-1,0,1,2,0
109.654823,-2,13,-17,-5,-5,-1,-1,-1,0
109.654826,4,-9,3,-1,-1,-3,1,3,0
109.667850,15,25,-2,-5,-1,-2,-4,-2,0
109.670072,-9,-42,13,7,2,-2,0,-3,0
109.683762,5,27,-14,-9,-6,-2,-1,1,0
109.683783,-11,-53,8,5,3,2,0,-1,0
109.690523,-7,12,-6,-7,-3,-3,0,-1,0
109.690539,13,15,-2,0,1,1,-1,-1,0
109.691198,-20,-15,2,1,-2,-2,-3,-2,0
109.691209,4,13,-3,-5,-5,-2,-1,-1,0
109.713844,-22,-20,4,3,2,0,0,-5,0
109.713872,17,13,3,3,0,0,-2,9,0
109.716341,-6,3,-3,-6,-1,2,0,3,0
109.716347,-8,-5,-8,-7,-5,1,-1,-5,0
109.727800,16,-4,-2,4,-3,-2,-2,3,0
109.727828,-11,6,0,-9,-5,-3,-3,-7,0
109.734936,2,10,3,-2,3,1,1,-1,0
109.734960,2,3,-3,-8,0,-1,-1,4,0
109.751007,14,-6,0,13,-2,-1,0,-1,0
109.751036,-8,29,9,-1,3,2,-2,-7,0
109.753232,-10,-34,-11,-1,0,-2,-1,-3,0
109.753238,1,4,0,-1,0,0,0,-1,0
109.773255,-2,2,5,-1,-1,-1,0,-3,0
109.773281,9,-9,4,0,-2,0,0,0,0
109.774550,-6,14,-40,-6,-4,-3,-2,0,0
109.774608,-9,-3,50,18,8,1,-1,-1,0
109.787613,15,16,1,-4,0,1,-2,2,0
109.787641,-4,24,-4,4,0,-1,-2,-2,0
109.795044,-11,-45,-27,-13,-3,-3,0,-4,0
109.796751,4,-4,-13,-2,-5,-3,-1,1,0
109.810441,5,22,-3,0,0,-2,-1,4,0
109.810464,15,17,10,4,2,-3,-3,1,0
109.811078,-13,-3,4,7,1,0,-3,-9,0
109.811084,7,14,-15,-6,-6,0,-3,-1,0
109.833103,-6,-18,10,1,1,0,0,1,0
109.833122,4,12,-11,-2,-1,-2,0,0,0
109.834694,3,2,9,-1,-1,0,-2,-1,0
109.834699,-10,-8,-5,-6,-3,-1,1,0,0
109.847605,0,7,-12,1,-1,-1,0,-1,0
109.849515,-21,-41,2,-10,-6,-1,0,-5,0
109.854978,35,-23,1,3,5,0,-1,14,0
109.855000,-7,-54,10,-2,-1,1,0,-2,0
109.870610,17,-20,-6,-7,-3,0,-1,-5,0
109.870628,4,8,15,11,4,1,3,1,0
109.872404,-24,-6,4,-4,-3,0,0,-3,0
109.872408,5,11,-12,-3,-1,-4,-1,1,0
109.892955,-2,-11,-2,-2,0,-1,-1,-3,0
109.892971,-1,-29,-8,-4,-4,-3,-2,-3,0
109.893596,3,13,6,0,0,-1,-1,-1,0
109.893609,-2,28,-10,-1,-2,0,-2,-4,0
109.907433,-14,0,10,1,0,1,-2,-1,0
109.907451,2,-2,-19,-5,-2,-2,-1,0,0
109.915097,-4,14,15,6,2,-1,0,-4,0
109.915119,-11,1,-6,-4,-4,0,2,-2,0
109.931086,-13,-17,6,-1,-1,-4,-5,2,0
109.931114,0,-3,-9,0,-2,-1,2,0,0
109.933659,14,10,11,-1,-2,-1,-1,-4,0
109.933663,-2,3,-9,-1,0,-2,-1,-2,0
109.953199,13,42,-62,-13,-15,-1,3,8,0
109.953217,-5,-7,86,37,26,5,1,-7,0
109.953958,7,10,-7,-1,-1,-1,-2,-1,0
109.953992,-6,8,-3,-4,-2,-2,-4,6,0
109.967360,-4,25,-8,-1,-2,0,-1,-7,0
109.967378,1,-16,-23,-11,-8,-3,-1,3,0
109.974920,-2,14,1,-2,-4,-2,-2,-5,0
109.974937,0,-2,13,6,2,2,1,0,0
109.991223,-6,-13,1,-1,-1,-1,-2,-3,0
109.991245,-7,15,-2,-1,0,-1,-1,1,0
109.992951,1,-22,0,-6,-2,-4,-3,-5,0
109.992955,-2,-12,-10,-6,-5,-2,-1,-4,0
110.014759,2,-66,14,10,4,0,-2,1,0
110.014765,3,-8,-9,-6,-6,-2,-1,-1,0
110.014767,5,18,-10,6,-4,0,0,1,0
110.014769,-4,-2,-7,-8,-3,-1,-2,-1,0
110.029739,13,15,6,-4,1,-1,-1,-2,0
110.029744,-14,-20,-14,-4,-4,0,0,-1,0
110.035235,14,9,-4,-5,-1,0,0,2,0
110.035264,-3,23,-22,-5,-3,-2,-1,-1,0
110.050656,-9,-1,31,11,-5,-2,-1,-3,0
110.050672,-8,22,-10,-2,3,-2,-5,-5,0
110.051942,-10,6,-4,-2,0,0,1,-1,0
110.051948,1,33,-5,1,1,-2,-1,-5,0
110.073065,-4,-28,-14,-4,-1,0,0,0,0
110.073084,-2,-11,-4,-8,-5,-2,-2,7,0
110.074652,-3,-7,0,-4,-3,-3,-1,-1,0
110.074659,2,10,4,3,-1,0,1,2,0
110.087441,-1,-7,3,4,2,-2,-2,-6,0
110.088698,1,-10,2,-2,0,0,-1,-6,0
110.095416,-9,-1,-9,-5,-2,-1,1,3,0
110.095445,5,-22,2,-8,-2,-3,-1,-1,0
110.110465,32,30,-1,0,3,0,-1,4,0
110.110487,-2,0,-18,-3,-4,1,2,3,0
110.112133,-36,-15,32,10,-1,-1,-4,-5,0
110.112137,-6,-28,2,4,5,2,0,-2,0
110.133440,-4,38,17,-4,0,-2,0,1,0
110.133473,15,-31,-9,-3,-4,-1,0,-2,0
110.135647,-7,2,-12,-6,-4,-2,-2,-3,0
110.135656,-4,-14,1,4,-1,0,-2,2,0
110.155538,-6,25,-3,0,2,0,0,0,0
110.155544,-2,-39,1,-8,-2,-1,-2,-2,0
110.156236,1,28,2,-4,-3,-4,-3,-3,0
110.156317,-5,-4,2,12,1,-2,-1,-3,0
110.170609,16,12,-4,6,4,1,-2,-2,0
110.170632,-11,-3,-4,-5,-1,-2,-2,-3,0
110.171294,-9,-19,-5,4,2,-1,1,0,0
110.172401,17,0,7,-4,-1,-1,-1,-2,0
110.192992,1,-14,-6,-6,-2,-1,-1,0,0
110.193008,-18,25,-7,0,-2,-1,0,-1,0
110.193956,-3,36,7,-1,2,1,0,2,0
110.193960,-27,-30,-10,-4,-3,-2,1,-4,0
110.217924,6,12,2,-8,-3,-2,-1,3,0
110.217932,-11,-29,-20,3,4,0,0,-10,0
110.217934,12,-27,47,1,-1,0,-1,14,0
110.217936,9,9,-3,-5,3,2,1,-1,0
110.233243,-4,-9,3,-7,-5,0,-2,-2,0
110.233247,-20,-10,-1,-2,1,-1,-3,-3,0
110.233249,18,-15,-28,2,-1,-1,-2,-2,0
110.233251,-4,6,1,-7,-4,-1,-1,0,0
110.253140,-6,-9,1,0,3,-2,-1,0,0
110.253160,1,4,9,-2,-1,0,0,-1,0
110.254793,0,10,-12,-4,-5,-2,0,-2,0
110.254797,0,-1,-4,5,-2,-1,0,-1,0
112.279572,50,2,0,-27,-61,16,20,-9,2
112.279809,-25,-22,-5,-8,-24,-55,-29,-12,2
112.279811,72,59,5,31,68,-4,3,77,2
112.279856,8,-10,-30,-10,-71,-14,6,5,2
112.301281,10,3,-12,-37,9,-9,-17,-23,2
112.301304,-1,-30,11,13,0,4,7,-41,2
112.303958,17,3,16,-37,-42,0,6,21,2
112.303966,50,-79,-33,-19,-64,-26,1,49,2
112.315421,17,83,1,-10,37,21,-12,5,2
112.315435,77,48,0,18,3,9,-17,19,2
112.316086,-128,-30,11,28,90,-20,4,-47,2
112.316298,24,4,2,-32,94,22,7,31,2
112.338804,-74,-2,-15,-58,-109,-19,-3,-76,2
112.338826,14,36,12,16,9,-9,3,-17,2
112.340490,57,7,-34,-21,-88,1,-1,-26,2
112.340498,-77,8,36,-56,-126,-1,-13,6,2
112.361111,6,-52,10,63,101,-9,-1,60,2
112.361118,-4,54,-8,-96,-77,5,10,22,2
112.361773,-18,60,57,105,52,24,0,-5,2
112.361779,-8,-4,-43,-44,-81,4,6,3,2
112.375493,29,49,42,-4,86,-14,10,45,2
112.375511,37,-54,-31,-14,-87,4,3,8,2
112.376093,-17,-22,-18,-39,-125,15,-5,8,2
112.376107,50,38,-9,43,90,-6,6,-12,2
112.399283,-25,-74,-4,-15,-16,13,4,-80,2
112.399328,-40,-57,-14,26,25,-2,-13,69,2
112.402345,44,-24,-23,-80,-81,4,3,-9,2
112.402356,-52,-16,-7,76,22,-17,-10,-40,2
112.421266,97,-4,-11,-42,-65,5,-1,4,2
112.421273,-41,-9,41,54,18,3,-1,-34,2
112.421850,-24,40,-65,-128,-109,-21,-4,23,2
112.421856,86,55,62,-18,40,16,4,11,2
112.437539,-90,-8,-12,16,-19,-2,-11,-30,2
112.437545,9,7,-4,0,-61,0,4,-58,2
112.445150,0,-49,12,27,31,-36,-24,-33,2
112.445155,-59,-14,-23,8,96,22,-5,-38,2
112.458700,-24,-7,2,-8,-9,24,0,4,2
112.458723,84,26,-4,-34,-4,-9,10,-27,2
112.460258,-35,-67,12,54,-33,4,1,-84,2
112.460277,-26,41,-9,-4,-16,-24,3,28,2
112.481818,-70,-12,16,-21,5,-15,-7,2,2
112.481842,28,11,-1,11,49,12,-17,31,2
112.483848,8,3,18,-21,-26,2,28,5,2
112.483853,0,-14,-17,-40,-44,-2,3,36,2
112.495540,-7,49,-3,-19,-50,-6,-5,63,2
112.495569,0,-12,9,7,44,-36,13,9,2
112.504649,-80,61,-32,-7,-75,69,-22,-3,2
112.504655,-23,-70,51,68,39,-34,11,-77,2
112.518811,-19,42,20,-17,26,-4,12,47,2
112.519047,18,-72,-6,-23,-49,-6,1,45,2
112.520516,21,-18,9,15,-24,8,14,29,2
112.520535,30,20,-30,-31,2,2,1,28,2
112.541184,27,15,0,14,-86,12,-1,-33,2
112.541200,-43,13,7,69,112,-28,-19,-9,2
112.542655,4,17,-15,-58,-27,2,15,82,2
112.542668,-11,-18,-27,12,-58,-4,-22,-10,2
112.554943,6,-13,11,46,23,18,11,16,2
112.554964,16,6,31,10,-11,19,3,-13,2
112.565212,47,22,-4,10,81,-11,0,38,2
112.565218,-3,-40,5,5,-50,8,3,-7,2
112.579557,-77,33,7,24,100,-7,-6,16,2
112.579563,-46,23,-26,-44,33,-10,-4,-40,2
112.580150,-43,-40,18,14,72,11,-11,-27,2
112.580163,6,44,-10,-25,-53,12,-1,27,2
112.601405,89,-12,-22,31,22,-24,-11,24,2
112.601430,-67,35,-5,15,1,24,2,4,2
112.603697,-30,-3,18,5,-51,-33,8,-28,2
112.603703,25,69,-22,-99,-19,15,-2,66,2
112.614821,-49,-52,28,93,36,-24,-34,69,2
112.614843,-21,-48,-17,3,15,32,-17,-2,2
112.624376,80,-24,0,-27,-47,-29,2,3,2
112.624380,-54,-28,-17,-11,-68,-10,7,3,2
112.639182,39,-8,-9,-21,18,35,25,-52,2
112.639187,-8,21,21,-10,15,-7,4,19,2
112.640179,0,15,-3,-6,6,-3,-13,-38,2
112.640185,-8,-37,-19,-11,-20,-1,3,-3,2
112.661421,60,19,-3,-35,-36,-12,6,-16,2
112.661444,-37,-47,-20,9,-6,-2,-3,-13,2
112.662803,39,35,14,-53,-113,16,30,2,2
112.662874,79,-14,53,72,73,-22,-38,-9,2
112.674964,-90,-52,-19,7,32,13,-16,19,2
112.674977,31,43,-13,-41,-110,1,-3,-12,2
112.686060,95,29,15,71,126,-3,-3,37,2
112.686072,35,24,20,-16,2,-1,11,9,2
112.699398,30,1,-9,-41,-57,-5,9,11,2
112.699437,-9,-31,-14,-13,-67,-8,-28,-1,2
112.702211,-101,41,-62,-112,-87,-3,-9,-52,2
112.702218,28,38,56,68,107,9,4,8,2
112.721239,60,24,-26,-56,-51,5,7,20,2
112.721260,-76,5,9,17,-29,-5,-6,-41,2
112.722979,51,12,1,-14,14,5,3,-7,2
112.722996,-3,-1,2,-1,-18,4,1,7,2
112.735052,-41,-11,-20,-26,29,-4,-4,-95,2
112.735063,53,-11,18,29,72,-7,26,43,2
112.745802,45,7,-7,-25,-56,6,-27,25,2
112.745807,-104,-63,-18,11,32,17,10,-16,2
112.759243,44,-14,-18,23,-29,-30,6,-29,2
112.759272,2,21,25,-9,23,16,2,-10,2
112.761016,64,10,16,20,77,-3,5,-73,2
112.761019,-43,7,-12,-16,5,-42,1,-15,2
112.781208,90,-16,-14,-62,-73,22,0,8,2
112.781222,64,20,-2,6,22,-1,11,29,2
112.782614,-46,-96,-1,33,-3,1,11,-27,2
112.782679,53,43,-4,-18,10,-19,-13,-33,2
112.797374,-23,15,-2,-3,-21,-12,-13,51,2
112.797381,36,-35,13,7,10,18,5,15,2
112.804956,-81,13,-14,14,-36,-10,5,-26,2
112.804964,-47,-32,-7,18,24,25,0,24,2
112.818787,-84,8,-8,-12,-91,-32,0,-7,2
112.818809,12,35,15,36,25,6,6,-10,2
112.820723,-11,-28,2,33,72,1,5,15,2
112.820729,-1,20,-6,-37,-67,-29,-44,-34,2
112.842069,38,-9,-9,-26,-74,0,9,6,2
112.842076,23,50,-3,-3,36,25,-3,15,2
112.842756,6,-9,4,10,36,-24,2,16,2
112.842767,-32,-23,-14,3,-46,32,-5,34,2
112.855021,-37,-14,5,-17,9,3,6,12,2
112.855044,24,5,-33,-51,-104,-19,-23,56,2
112.865290,10,20,21,8,55,5,8,-9,2
112.865296,56,-37,-10,0,-18,3,9,11,2
112.879306,6,50,22,18,-29,9,2,-7,2
112.879335,-57,-25,28,56,102,-4,6,-42,2
112.881211,-38,-27,-11,7,3,-6,-16,42,2
112.881215,-15,49,-21,-62,-42,8,18,-50,2
112.903364,7,58,3,-12,-2,2,-7,-5,2
112.903376,6,31,2,4,23,-11,-3,-24,2
112.903378,19,-8,24,-3,-60,-6,-1,52,2
112.903380,58,-28,-20,-26,-21,24,29,52,2
112.915212,-46,-33,11,23,18,-11,-35,5,2
112.915270,73,24,-12,-39,-76,5,9,19,2
112.925087,-51,19,8,47,90,11,-5,-57,2
112.925099,-3,-3,-16,-47,-122,12,7,20,2
112.938762,126,40,31,40,112,-14,15,-18,2
112.938783,-20,-45,-30,-11,-45,8,-9,-11,2
112.940175,23,-64,-13,-36,-42,-28,-4,-17,2
112.940190,44,-70,-5,13,-27,31,-23,17,2
112.961782,-8,52,-5,-13,17,48,-1,-1,2
112.961811,-12,29,-3,-37,-53,-31,2,-8,2
112.963752,-67,-32,-14,34,29,20,-18,-29,2
112.963757,53,22,43,1,40,-22,0,41,2
112.975159,-52,-32,-33,-60,-71,-27,-10,-16,2
112.975189,-19,-32,11,41,77,19,6,39,2
112.985903,-18,-34,-8,-20,-34,-8,9,19,2
112.985911,61,104,9,1,-19,-14,-8,18,2
112.998759,21,-23,-14,11,38,16,10,23,2
112.998847,-96,-22,2,19,-4,-11,-2,-38,2
113.000075,82,17,-12,-4,-3,2,-2,33,2
113.000088,2,-5,8,7,-16,-17,6,-61,2
113.021254,2,2,4,-23,-63,12,6,-23,2
113.021271,26,31,5,18,69,-6,-16,53,2
113.022834,43,16,10,15,30,30,10,5,2
113.022873,-37,12,-14,-18,-27,-8,-4,-34,2
113.043647,-23,-5,7,11,18,-21,-5,8,2
113.043659,14,-33,-12,-18,-19,39,-3,-50,2
113.045244,6,35,5,-25,-36,-24,-9,16,2
113.045259,-17,-81,-2,-4,41,2,-10,-24,2
113.058994,34,28,23,28,29,-7,9,-35,2
113.059000,43,70,-19,-16,-13,-11,-15,-9,2
113.065022,-55,-23,13,24,34,-1,2,15,2
113.065041,-5,31,1,20,17,4,3,-60,2
113.081140,6,-44,1,-9,11,8,7,23,2
113.081156,18,-26,3,-5,41,-17,6,6,2
113.083209,22,40,4,-13,-87,-16,4,-58,2
113.083226,-76,44,-12,6,78,-15,-43,70,2
113.104056,62,-45,-10,-18,-8,9,6,2,2
113.104061,-35,-95,1,27,60,2,-29,0,2
113.105161,3,25,-3,-42,-18,-25,25,-4,2
113.105206,-46,-10,7,13,20,11,15,5,2
113.120305,25,-14,0,-5,-1,-6,-2,22,2
113.120312,-9,-18,-15,-29,-38,-6,5,36,2
113.120368,-84,-23,14,9,36,11,-10,-45,2
113.120395,62,-7,2,3,-73,-7,8,21,2
113.141190,-97,12,-22,-9,-22,-10,-17,-41,2
113.141206,0,49,26,0,-12,-1,17,-11,2
113.143031,4,-31,-9,-37,-64,20,-2,-5,2
113.143035,38,-8,3,0,20,-3,21,15,2
113.163919,32,59,37,46,76,0,-4,14,2
113.166090,-25,-29,0,-19,0,-4,2,-32,2
113.166097,71,-36,-9,-22,12,6,0,41,2
113.166099,-11,-46,-18,-11,-53,7,19,-22,2
113.179216,17,-6,-4,8,20,-16,-9,16,2
113.179246,-60,-17,3,10,-21,-5,-3,-48,2
113.184938,1,22,-6,16,-30,1,-8,23,2
113.184959,-4,4,-13,0,11,0,7,-37,2
113.201284,1,-51,8,12,2,3,10,1,2
113.201301,-65,-1,-30,-39,-105,-17,-4,-9,2
113.202880,46,-5,8,19,84,-1,-9,4,2
113.202899,-44,-3,15,33,114,-22,-7,24,2
113.223676,31,60,7,-27,-6,-13,3,57,2
113.223692,-23,64,11,19,7,-1,-7,-8,2
113.225125,-13,48,7,-40,14,-5,-3,34,2
113.225131,-3,-14,-10,-1,-52,16,-6,-38,2
113.238160,-1,-27,1,-1,-35,-6,-11,14,2
113.238183,95,29,12,-21,-42,-9,6,12,2
113.245120,-12,-20,-11,16,6,-2,0,-21,2
113.246640,28,-18,3,33,23,-3,-9,13,2
113.262142,-108,-21,-26,-62,-104,-3,-3,-2,2
113.262150,51,2,25,30,64,12,2,-20,2
113.262781,19,-17,-3,-4,-17,2,-9,-1,2
113.262801,31,-12,-16,-61,-109,5,22,-9,2
113.283732,-16,-18,-5,33,79,-9,-29,-13,2
113.283754,-17,-72,-22,-12,-62,7,16,34,2
113.286014,63,64,24,46,112,-13,0,10,2
113.286074,-59,-75,-12,-36,-75,5,-2,-5,2
113.298586,38,4,2,24,-7,-12,10,-1,2
113.298608,-39,2,-8,-9,-29,-2,-7,6,2
113.305096,-18,-15,-9,-2,-76,13,3,0,2
113.305125,66,68,10,-7,56,-8,-3,40,2
113.321444,4,-37,-4,-10,-23,7,-3,-56,2
113.321466,105,-48,-29,-11,18,-2,-3,-11,2
113.323229,-66,3,-3,-18,-51,5,-10,18,2
113.323234,-1,37,26,33,46,-20,-7,4,2
113.343653,-52,6,5,2,-14,21,7,16,2
113.343668,25,51,4,-8,2,-5,-2,-24,2
113.345181,75,-4,26,37,92,18,2,3,2
113.345194,-81,-48,-22,-5,-17,-10,-3,-32,2
113.358083,-8,15,-9,-21,14,37,-23,-59,2
113.358101,79,7,11,-11,5,-9,24,64,2
113.365137,-61,-4,-21,-18,-99,-7,-6,39,2
113.367335,8,-1,9,0,70,-5,-8,1,2
113.381517,18,3,2,0,-6,-3,12,-27,2
113.383633,-41,-24,4,-2,1,7,5,27,2
113.383637,-16,-15,-9,-18,-42,-10,2,14,2
113.383639,-28,-37,3,3,48,6,-4,17,2
113.403937,24,5,-2,-1,-40,-17,4,5,2
113.403951,27,14,-14,-8,5,13,-6,27,2
113.405235,-38,-23,-14,-20,-40,-9,-8,-60,2
113.405365,7,52,36,60,61,4,-2,-27,2
113.418987,-52,-69,-9,-13,-40,4,2,10,2
113.418991,-20,10,4,26,100,-16,-17,-24,2
113.425339,65,14,11,-2,45,10,8,23,2
113.425445,-5,24,-6,-17,-59,-21,-3,-28,2
113.441653,30,87,-8,-4,97,41,-4,52,2
113.441675,-69,-38,6,-9,-42,-11,16,-55,2
113.443444,-12,53,-1,-16,7,-6,-13,9,2
113.443448,33,32,-9,-16,-15,-7,-5,-21,2
113.464918,-44,-16,1,-11,-14,17,18,46,2
113.464924,17,-32,11,-16,-39,-30,-38,32,2
113.465275,-81,40,8,62,127,7,-7,-33,2
113.465308,103,-7,4,-8,-1,2,-1,22,2
113.479773,32,-7,-8,-13,-29,-12,-2,-87,2
113.479778,0,37,-13,-3,-9,16,1,44,2
113.485389,34,-19,14,-31,-103,-5,19,54,2
113.485414,54,87,5,6,41,9,-13,-26,2
113.501423,-43,-47,-7,-1,-27,-16,-15,45,2
113.501444,-45,-22,14,15,10,6,6,-41,2
113.503368,50,19,-2,-1,22,-15,4,26,2
113.503375,-71,-13,-9,-7,-32,35,10,-16,2
113.526727,32,10,3,-12,-11,-46,-5,-16,2
113.526737,-46,11,-6,-24,-45,11,3,-27,2
113.526740,-23,-9,-11,3,-12,-9,-7,-38,2
113.526742,0,42,6,-23,42,5,25,-5,2
113.537443,-69,-81,-11,47,-26,0,-24,-27,2
113.537483,12,20,29,37,94,-8,12,46,2
113.547602,106,-39,-9,-11,-25,-12,-22,-31,2
113.547615,-90,-5,-7,-11,-88,5,5,-6,2
113.561506,51,9,2,-16,12,18,18,13,2
113.561530,11,-1,-16,-20,-27,-37,-1,26,2
113.563206,9,30,3,-16,12,18,1,-3,2
113.563211,17,-36,-4,14,-1,-9,3,34,2
113.584317,5,18,-1,-13,0,-31,3,-17,2
113.584359,6,19,-5,9,-54,47,-17,-1,2
113.587058,-81,13,-2,7,-32,-12,5,-28,2
113.587063,40,-60,16,6,66,-19,0,3,2
113.597807,-1,-12,-4,1,-48,22,3,30,2
113.597828,8,12,-4,6,73,-22,1,-57,2
113.608080,-67,12,-3,7,27,-11,-25,-51,2
113.608084,0,12,2,-35,-41,15,12,-51,2
113.621380,106,12,6,2,11,-16,11,-14,2
113.621398,35,-122,-24,-35,-46,17,-11,-19,2
113.622776,-17,-29,-13,-18,-19,16,14,46,2
113.622795,-69,30,-2,18,-1,-9,-7,13,2
113.643989,46,14,-10,3,13,-1,-4,-10,2
113.644009,38,30,48,-7,-22,0,7,6,2
113.646077,-14,-19,-17,1,-1,-5,4,-60,2
113.646081,26,-20,-6,12,-10,1,-11,17,2
113.657823,-23,17,2,-16,5,6,1,10,2
113.660370,-13,-1,3,3,4,-25,3,35,2
113.667504,26,-15,26,27,66,49,1,-6,2
113.667509,36,1,9,3,-23,-16,-8,-6,2
113.682956,-51,-46,-19,16,68,-4,5,5,2
113.682962,-57,-29,-35,4,12,3,-29,-37,2
113.682964,10,-9,1,-13,-26,-4,3,28,2
113.682966,74,6,-5,-18,-70,2,6,17,2
113.703835,62,36,12,-1,108,-4,-11,-20,2
113.703852,0,3,-8,-1,-46,11,25,94,2
113.705328,-23,-22,-9,-2,-47,-9,3,-23,2
113.705375,-13,-12,-6,29,37,-5,-10,-23,2
113.717894,34,-48,4,-17,-56,-4,3,19,2
113.717914,24,21,0,15,100,0,2,-41,2
113.728286,54,39,4,9,8,3,0,14,2
113.728290,-30,-42,-5,-2,-19,-5,-7,59,2
113.741869,11,42,10,42,28,-2,-3,-29,2
113.741890,-21,-8,-9,-18,-11,0,-3,-16,2
113.744383,-18,-15,-1,-17,-14,-15,7,13,2
113.744389,-9,11,-16,1,10,13,-1,-47,2
113.764460,-32,7,7,0,-36,-9,-5,9,2
113.764480,92,-8,5,-15,0,20,13,36,2
113.766468,10,-2,-5,1,-18,-1,0,42,2
113.766472,13,-4,-15,-14,-17,-1,-8,13,2
113.777293,-19,-16,-8,-33,-6,3,-4,7,2
113.777315,53,27,34,42,17,-8,2,-71,2
113.788011,-34,13,16,19,29,11,-3,-9,2
113.788065,-23,-24,-13,-13,20,-2,3,-3,2
113.801291,85,56,2,26,45,0,-11,2,2
113.801316,-69,-30,-18,-9,-49,5,-1,-46,2
113.803600,62,41,-8,-10,7,-16,-7,13,2
113.803606,-7,-26,4,6,-31,13,0,17,2
113.823754,-10,16,-5,-42,-7,-14,-3,39,2
113.823768,-13,-16,9,20,22,4,4,55,2
113.825194,3,85,-2,0,28,-21,-10,-78,2
113.825208,-80,-25,2,-4,20,-5,4,30,2
113.837974,-3,0,5,-6,-74,2,3,-16,2
113.837980,11,14,-4,-6,-25,-6,-1,28,2
113.847076,58,-16,29,17,21,9,11,98,2
113.847082,-13,-22,1,3,80,2,5,-9,2
113.861481,26,-9,-4,-8,-28,-7,-32,43,2
113.861502,-59,27,-8,-5,24,21,16,-69,2
113.864005,68,24,-9,-10,-21,0,1,-8,2
113.864009,-50,-16,-3,-29,-62,-1,-1,-36,2
113.884726,-11,19,14,24,40,-18,27,3,2
113.884739,45,8,-11,-16,-41,26,-17,29,2
113.885435,-26,-73,-8,-13,34,-19,1,-11,2
113.885451,2,29,6,-6,-38,6,-14,-21,2
113.900956,-33,-16,-8,-3,-40,-4,7,-37,2
113.900962,-27,2,11,8,85,-13,-1,-4,2
113.906399,-75,-68,-25,-20,-75,7,-7,-7,2
113.906421,-21,58,23,33,54,-10,-6,52,2
113.921237,22,-8,-12,8,-41,2,-3,-22,2
113.921261,-8,1,4,-19,-61,-4,-7,16,2
113.923032,39,-20,3,-3,4,9,12,8,2
113.923037,27,21,-45,-31,-22,-17,-22,24,2
113.944069,-48,-2,24,1,20,4,3,17,2
113.946098,15,-13,-26,-22,11,-13,-18,-81,2
113.946107,-37,-16,-3,-23,5,-22,5,-11,2
113.946112,36,42,2,-38,-92,37,27,8,2
113.966765,-7,-76,13,58,106,-15,-18,-80,2
113.969096,-61,39,5,-1,-16,-17,4,55,2
113.969106,-54,-55,-12,-16,26,5,-17,10,2
113.969108,-35,-1,-8,-4,29,-5,5,-15,2
113.981617,34,16,-22,-47,-72,5,4,-8,2
113.981637,36,10,11,2,-3,2,2,12,2
113.984171,-17,0,3,18,-2,-2,-3,40,2
113.984179,36,-17,4,14,-11,-8,-4,10,2
114.003928,-69,47,2,-15,14,13,5,-4,2
114.003958,-13,-56,-4,28,23,-12,6,15,2
114.006053,14,23,0,-26,-9,-6,-17,-12,2
114.006066,28,23,-1,-13,-28,-10,-2,-10,2
114.026164,72,17,0,-5,-13,24,-5,21,2
114.026179,-79,74,31,17,66,24,20,-49,2
114.027842,14,7,-5,-13,3,-8,-5,15,2
114.027870,-3,-14,22,-4,21,-7,-17,-38,2
114.041157,34,-58,-26,-22,41,7,-12,-78,2
114.041175,54,10,-23,-14,-84,-17,-18,36,2
114.043100,-74,15,6,0,-35,20,19,-38,2
114.043120,-21,-50,6,27,58,-6,9,7,2
114.064223,-37,18,12,-9,-38,-1,13,12,2
114.064253,44,-37,-7,-9,-1,-14,-3,-22,2
114.066304,21,-2,-5,-14,-5,-2,-4,-55,2
114.066308,-11,2,-11,6,-11,-4,0,0,2
114.086923,-26,-44,1,-3,-12,-9,14,40,2
114.086940,0,16,-9,-24,-8,-32,-10,25,2
114.087783,-23,10,-22,8,-68,36,-14,-30,2
114.087790,90,6,11,-1,69,25,27,25,2
114.102963,-96,-25,0,33,-11,-31,-25,-31,2
114.102970,10,-20,9,18,17,-4,8,13,2
114.102973,6,-30,-9,25,50,-4,-2,22,2
114.102974,35,-17,5,-18,-5,-13,1,-10,2
114.123699,6,25,-15,-13,-23,10,6,5,2
114.123722,15,-17,14,-19,-14,25,-5,17,2
114.125656,4,36,1,14,0,-60,-9,-9,2
114.125660,1,4,-3,9,3,30,6,23,2
114.146823,40,27,-7,-11,26,-4,-7,-15,2
114.146862,34,-3,-14,-20,-39,-1,-6,-14,2
114.149307,-5,-4,5,-1,13,5,-2,-48,2
114.149316,-41,-15,-8,-39,-59,-38,0,-12,2
114.160542,36,27,-23,-57,-19,28,17,-42,2
114.160564,37,23,16,6,63,-19,-31,14,2
114.167718,5,64,12,-3,30,25,2,47,2
114.167738,-33,-18,-9,7,-43,-11,4,2,2
114.184022,-7,2,0,-21,-46,-7,-3,26,2
114.184036,-55,-14,5,-3,5,-23,8,-26,2
114.185662,1,-26,4,27,-11,8,0,-18,2
114.185687,-6,31,-8,-18,23,20,-12,2,2
114.206222,5,-16,12,17,-5,-35,9,65,2
114.206244,36,11,-2,15,63,6,4,0,2
114.207872,8,-4,18,-12,-22,-3,-13,-16,2
114.207892,3,-4,2,2,26,11,-4,13,2
114.220613,-28,43,4,16,13,4,2,-1,2
114.220631,5,23,-10,-26,-57,16,9,34,2
114.227503,29,77,0,-22,-63,-25,8,35,2
114.227519,-8,-4,-5,44,37,23,-11,-21,2
114.243628,8,-25,9,-6,5,11,22,40,2
114.243660,-107,-30,-9,17,-33,-8,-34,-27,2
114.245068,49,-10,5,11,68,7,12,-20,2
114.245074,36,48,0,-22,-51,-22,-19,-12,2
114.266296,1,-18,0,45,58,-2,-9,-7,2
114.266332,3,-22,0,2,-1,2,19,-22,2
114.269533,14,-50,-19,-54,-43,3,0,2,2
114.269539,-89,15,27,41,60,-3,-2,-4,2
114.280491,-10,-10,-4,-24,2,9,-7,-9,2
114.280513,-30,-86,-11,-14,7,10,-18,-28,2
114.287425,-14,63,-14,-7,7,0,-2,26,2
114.287510,39,-53,-16,-26,-53,-6,-2,-17,2
114.305024,1,58,1,-6,-2,-1,2,-4,2
114.305031,-3,48,22,8,-10,23,16,94,2
114.305205,46,-16,-8,-25,16,-4,12,11,2
114.305211,19,-1,1,6,25,10,11,-26,2
114.326889,-36,-8,-5,14,-9,-4,-45,-12,2
114.328691,16,16,-14,-14,-16,-10,13,-57,2
114.328698,4,-23,16,-13,-7,4,-4,81,2
114.328699,-29,4,2,22,40,1,3,19,2
114.341042,-37,-47,-14,-41,-71,-17,-6,-27,2
114.341070,56,80,-2,22,75,-15,1,51,2
114.347743,-39,-46,13,-1,-39,29,1,-12,2
114.347764,107,18,7,-25,22,-20,4,-36,2
114.364385,-47,-26,-8,15,-23,13,-15,4,2
114.364414,28,8,0,-25,-19,3,-2,2,2
114.366606,11,-21,-3,4,20,-11,3,-25,2
114.366612,26,-32,-5,-3,6,-17,-6,5,2
114.386370,-7,-19,1,-13,31,-20,4,2,2
114.386392,-9,-30,-7,0,-23,30,5,-70,2
114.387761,65,21,-7,5,9,-8,16,-22,2
114.387778,-52,-23,-21,-28,-61,-11,-31,-4,2
114.401228,10,13,13,31,38,-3,12,36,2
114.401238,-54,-79,36,20,24,16,-8,58,2
114.407319,23,-110,-21,-17,-30,-17,5,9,2
114.407335,0,-24,-10,-10,4,13,10,12,2
114.423806,-2,-13,-11,0,1,11,-1,-14,2
114.423822,74,-16,-13,-29,-83,-13,3,-40,2
114.425397,-106,30,9,36,102,-1,-5,4,2
114.425409,38,41,5,-8,-56,39,3,9,2
114.447235,-28,-75,-14,-18,2,0,-3,-9,2
114.447240,18,8,12,28,-21,-23,-5,-22,2
114.447609,-53,-24,15,7,26,-22,-12,-2,2
114.447615,-9,-5,-15,-11,-32,15,-12,5,2
114.460522,41,24,-2,-15,-12,-2,0,41,2
114.460554,-19,52,0,5,62,7,-5,3,2
114.470339,28,1,6,-11,-85,14,16,-5,2
114.470347,-117,1,-28,9,52,-31,-21,40,2
114.484165,46,45,23,-11,-3,2,4,-14,2
114.484191,27,8,-16,-15,-12,-6,3,9,2
114.486552,39,32,14,10,-3,-2,4,-16,2
114.486561,-9,1,2,-28,-61,-6,8,-12,2
114.506896,26,11,9,36,69,4,-6,10,2
114.509655,-65,-11,-15,-12,-13,-20,15,45,2
114.509662,-10,-50,6,18,40,38,-15,18,2
114.509664,-2,-6,-20,-14,-85,-17,-5,-34,2
114.519996,-15,-24,-9,11,-2,1,6,8,2
114.520022,34,3,4,-31,-12,-37,-15,-44,2
114.530945,-2,-82,-20,30,-5,35,-9,-13,2
114.530954,9,54,35,-7,-52,-7,3,17,2
114.543638,51,83,10,41,94,12,13,-24,2
114.543660,-35,-64,-19,-16,-54,20,-2,6,2
114.545388,24,59,-11,-28,32,-19,-3,-3,2
114.545401,19,-16,16,20,35,-16,-27,7,2
114.566912,-6,-4,-10,-30,-53,1,4,-43,2
114.569913,-17,-24,-1,-27,-9,5,-6,-8,2
114.569930,104,20,-10,-43,-12,-9,10,31,2
114.569932,-41,-68,23,31,30,-7,2,47,2
114.580304,-87,-40,11,42,9,-5,-10,-18,2
114.580337,22,-66,-18,-31,25,-4,5,3,2
114.588784,-36,25,-6,-6,-21,-3,-3,-32,2
114.589713,28,-6,-10,-30,10,-12,9,-34,2
114.603819,8,1,0,-20,-33,4,-3,11,2
114.603841,-28,26,7,23,18,-9,3,-3,2
114.605282,22,16,6,3,-3,27,-7,-44,2
114.605300,-36,-9,-15,19,-27,-32,-1,-33,2
114.626126,50,3,3,-15,52,1,15,38,2
114.626147,58,18,-7,-7,-20,1,-33,-20,2
114.627916,-15,11,8,12,30,-26,-9,56,2
114.627925,6,11,-10,-8,-21,20,-11,-29,2
114.640150,5,27,17,-6,-13,25,11,43,2
114.640172,-1,21,-3,-31,-6,-9,15,10,2
114.649592,-53,-23,-4,-5,-7,-8,2,37,2
114.649599,57,4,11,16,23,-11,2,-36,2
114.664356,-18,27,-12,-1,-31,-17,-5,-52,2
114.664363,45,-16,-8,-1,-8,16,9,28,2
114.665274,-26,-43,49,63,31,-8,-16,-94,2
114.665291,-76,-31,-25,16,22,0,18,50,2
114.686543,42,9,-7,-30,-17,-3,-5,57,2
114.686576,43,40,10,16,24,12,11,-19,2
114.688317,-33,-1,-22,-15,-35,12,17,-27,2
114.688322,31,9,5,-6,23,13,-40,8,2
114.699943,-19,-8,18,16,-70,-17,8,-40,2
114.699966,-36,-93,-6,32,48,16,-24,-11,2
114.709147,-19,42,-17,-15,20,-4,16,23,2
114.709152,50,-12,-9,-7,-6,24,11,-19,2
114.723755,-43,-11,5,34,52,-9,-20,34,2
114.723777,3,43,7,-11,-16,-9,8,-1,2
114.725160,17,18,-6,-15,-44,-4,-4,8,2
114.725202,21,9,4,8,30,5,11,8,2
114.746678,-15,-14,-4,-7,-10,-20,-9,-69,2
114.746698,-101,-6,-26,-51,-54,-14,-3,-41,2
114.748769,40,15,-3,34,65,-8,-13,-17,2
114.748778,18,4,-17,-4,-45,-12,6,26,2
114.759809,-39,8,0,-50,-16,3,6,-5,2
114.759822,38,64,24,40,25,-1,6,24,2
114.770222,81,-5,13,-27,-52,10,28,31,2
114.770228,19,33,-7,-4,60,-25,-38,-2,2
114.784344,4,-59,-11,-4,-11,11,15,-33,2
114.784389,-5,21,0,18,16,11,3,-2,2
114.786989,2,-12,-14,-19,-39,-33,-2,-8,2
114.787059,-13,14,21,13,23,10,18,-1,2
114.806126,12,2,-2,-1,-13,3,-13,2,2
114.806138,12,-2,-5,-20,-14,-9,3,-61,2
114.807729,47,-1,-4,38,1,-9,-20,-2,2
114.807743,16,-10,9,9,-6,-17,-12,5,2
114.821105,52,12,2,28,-1,58,-10,-54,2
114.821111,-102,-18,18,47,65,-22,2,7,2
114.830537,-15,-24,-18,-34,-45,1,-3,-4,2
114.830546,14,-24,6,-14,9,9,2,-4,2
114.843014,21,6,-4,-4,-10,-14,3,0,2
114.843037,-34,4,-17,-32,0,10,2,-17,2
114.850320,35,26,9,-12,11,8,-6,65,2
114.850349,-18,-8,-15,-37,-55,-21,-3,20,2
114.868983,-10,16,7,6,53,-13,-1,-36,2
114.868993,-5,11,5,-15,-19,11,3,-41,2
114.868995,-29,-2,-19,-20,-18,-17,-1,-12,2
114.868997,-7,-52,-28,-3,-23,7,10,-28,2
114.880301,61,44,52,18,20,-4,2,33,2
114.880324,-57,30,-25,3,-13,-15,-8,-1,2
114.888715,-17,-23,-16,-20,6,4,3,-39,2
114.888737,-7,-1,32,44,64,5,4,53,2
114.903859,-1,-14,-13,17,17,4,2,1,2
114.908154,32,24,7,12,-14,-8,1,-21,2
114.908161,-34,-28,6,-10,-9,-5,-16,-3,2
114.908163,-24,56,-2,-36,-9,23,18,-7,2
114.926256,1,12,2,4,-7,-5,8,57,2
114.926280,-7,-55,3,2,-9,-18,-36,-29,2
114.927661,-33,93,-19,-13,2,10,-5,41,2
114.927668,23,18,10,6,13,6,4,-16,2
114.948762,-60,-28,-16,-17,-34,-17,0,6,2
114.948776,41,16,1,-30,-25,28,8,19,2
114.950677,-10,-30,8,20,11,3,2,11,2
114.950783,22,-16,-2,-10,-17,-10,0,28,2
114.963909,-45,38,2,6,-18,-5,-8,29,2
114.963928,45,-45,0,-14,0,8,16,10,2
114.965226,-34,57,10,27,32,15,-18,-27,2
114.965245,-9,-1,2,9,-34,-5,15,-24,2
114.986281,13,-84,-17,-3,6,5,-2,-8,2
114.986307,-16,0,7,-26,-5,-8,-7,-33,2
114.987816,5,14,4,-3,-22,3,7,-63,2
114.987846,23,-27,-8,-20,3,1,6,52,2
115.008816,-27,79,5,-28,17,-35,-10,-13,2
115.008823,25,-22,-15,5,-14,66,34,18,2
115.010176,-65,-47,5,24,13,-54,-29,17,2
115.010189,-67,20,7,7,13,8,2,-37,2
115.024361,33,7,-11,-15,-3,-6,16,-12,2
115.024366,0,4,6,18,28,-16,-14,46,2
115.025190,24,6,-2,-30,-13,-1,12,-14,2
115.025204,29,-21,2,17,9,4,3,-6,2
115.046580,-29,-14,-14,5,-66,-1,-11,-29,2
115.046611,-36,16,14,-4,59,-40,-6,4,2
115.047821,110,42,17,19,7,29,7,69,2
115.047852,-39,10,1,11,26,7,-12,-55,2
115.070697,89,8,1,-38,-10,9,6,17,2
115.070703,-19,17,8,22,-5,-10,-6,15,2
115.070706,33,14,0,-28,-5,-15,1,-21,2
115.070708,-21,0,6,-8,28,9,3,-5,2
115.085794,-12,1,-9,-33,-25,5,-5,-2,2
115.085800,36,11,-1,-6,-13,5,1,-76,2
115.090413,-31,-15,8,6,-4,-7,29,19,2
115.090439,-34,62,0,9,-16,18,-46,-30,2
115.106235,35,-50,-18,28,15,-6,5,-38,2
115.106257,17,-1,0,18,7,-14,-7,-2,2
115.107686,-17,2,-9,-6,3,6,15,-38,2
115.107716,21,0,8,8,-1,-12,10,-4,2
115.129456,-9,6,6,0,13,3,-3,21,2
115.129485,31,3,-6,35,-8,7,-5,39,2
115.130687,-22,-33,-23,7,-18,1,-9,-32,2
115.130691,-41,-28,14,72,28,9,-6,-5,2
115.142276,-32,-17,-2,2,3,-4,-7,-3,2
115.142293,12,-20,-9,-19,-11,-1,8,8,2
115.153459,-40,-59,-17,-50,-74,-6,-30,-12,2
115.153468,29,12,-15,-4,60,-7,6,-9,2
115.166425,26,14,32,4,39,26,1,12,2
115.166439,-20,16,-4,-16,-31,-30,9,-20,2
115.167844,-7,-67,10,3,31,-15,-7,66,2
115.167902,42,-56,-1,-25,-20,9,23,-8,2
115.188996,-20,7,-6,-22,-13,-4,-33,47,2
115.189017,3,-25,1,8,5,8,-3,11,2
115.191188,-6,47,-3,9,10,-16,-11,-28,2
115.191194,12,-4,-11,-30,-24,9,18,-26,2
115.203239,-12,-18,-7,-6,3,-1,23,63,2
115.203267,56,-11,-8,10,-23,-6,-32,21,2
115.210055,1,26,4,32,39,28,-5,12,2
115.210083,-46,-24,-10,55,33,5,15,-44,2
115.226279,27,11,-8,-17,0,-4,1,-18,2
115.226286,-7,10,30,15,29,12,0,10,2
115.227711,13,-6,-13,-26,-2,4,-10,-15,2
115.227718,-39,-10,3,-26,-38,-16,-6,16,2
115.248839,29,62,-12,-21,-1,9,10,-27,2
115.248886,-5,-18,-14,-22,-2,-10,-1,-26,2
115.251214,7,-4,9,6,-2,-2,0,6,2
115.251218,22,25,-1,-23,-18,3,-9,27,2
115.263550,-31,-84,-10,-2,-8,-39,-4,-31,2
115.265227,-5,22,-1,-22,-12,-23,-28,24,2
115.270086,85,-32,7,41,20,5,4,1,2
115.270117,-44,70,-11,-26,-32,15,-5,5,2
117.294917,-3,-3,-5,-13,-10,-2,0,-4,0
117.295181,-3,-5,-8,-10,-15,-1,0,-6,0
117.311151,4,5,0,3,-1,-1,7,92,0
117.311221,3,-2,-3,-1,-1,1,3,30,0
117.313244,-2,0,6,6,0,-2,-1,-10,0
117.313258,2,-4,-5,-5,-3,-2,-8,-8,0
117.333845,-4,0,1,-1,-5,-2,-4,-26,0
117.333868,-2,1,1,-5,3,-1,1,-27,0
117.335840,1,2,3,8,2,-2,0,7,0
117.335853,0,-3,-3,-4,0,0,2,2,0
117.347458,-6,-2,-5,-17,-16,-6,-7,-19,0
117.347480,1,-1,-3,2,5,-4,-4,-3,0
117.357286,3,1,5,9,3,1,0,-15,0
117.357295,-2,-2,-1,-5,-2,0,0,-5,0
117.371192,2,-4,-1,-4,-1,-1,-2,-16,0
117.371213,-2,-2,-5,-6,3,0,1,1,0
117.372742,7,2,3,2,-2,-3,1,6,0
117.372757,-3,-5,-4,-11,-11,-2,-3,13,0
117.393840,-3,-1,-2,-1,3,2,-1,-3,0
117.393857,3,-1,-2,6,1,0,-1,2,0
117.396125,-6,-10,-16,-33,-31,-4,-4,-3,0
117.396131,2,13,10,20,22,2,1,0,0
117.407649,1,-15,-6,3,2,-2,-6,-76,0
117.407680,-5,-1,7,0,1,-2,-4,-24,0
117.416410,0,1,-2,-3,-6,0,-4,-11,0
117.416442,-1,-4,-3,-9,-14,-2,-1,-13,0
117.431524,-6,4,4,2,1,0,2,-17,0
117.434052,-2,-2,-1,1,1,-1,-1,4,0
117.434062,0,-2,-1,2,6,-2,1,2,0
117.434065,-1,0,-5,-7,-8,0,0,-1,0
117.453857,2,4,3,6,-5,0,1,14,0
117.453877,-1,-1,-2,4,10,-2,-4,3,0
117.455366,-3,4,10,24,13,-3,0,18,0
117.455396,4,-3,4,-11,-21,1,0,10,0
117.475432,-2,-2,0,25,11,-2,-4,9,0
117.475450,1,1,-1,-10,22,-2,-1,7,0
117.476429,3,-1,-2,3,-17,2,-2,-8,0
117.476433,-9,-5,-10,-22,-22,0,2,-12,0
117.490764,-7,7,17,19,34,-10,-10,-35,0
117.490800,-1,2,3,10,7,0,-2,-7,0
117.492450,0,-1,-2,-1,12,2,0,-14,0
117.492458,-3,-3,-3,-7,13,0,2,-4,0
117.513413,4,1,-1,-11,-28,3,1,0,0
117.513418,-3,2,-1,0,-10,-2,1,3,0
117.513736,-2,0,4,4,3,-2,-2,2,0
117.513749,0,-2,-2,-5,-1,-1,-2,-8,0
117.535628,6,2,-8,-11,0,0,-5,19,0
117.535646,-2,-2,10,1,-15,-2,1,2,0
117.537625,2,-6,-8,-9,-8,2,2,15,0
117.537630,-7,-10,-2,-12,0,-1,-3,-1,0
117.550799,0,-4,-3,-1,9,0,3,9,0
117.550831,7,9,13,-4,9,-4,-2,6,0
117.551461,-3,3,-4,14,5,0,-2,-11,0
117.551495,0,1,2,3,-3,-2,-2,5,0
117.573049,-4,-3,-5,-8,-9,2,3,8,0
117.573071,0,-5,-10,-10,-16,1,0,-5,0
117.575419,-10,-1,-1,-15,5,-5,-2,12,0
117.575427,3,4,5,21,8,-3,-3,2,0
117.596035,4,-3,-5,-20,-23,-1,6,76,0
117.596062,-8,-6,-3,12,6,1,-1,-28,0
117.598499,-2,1,2,-1,12,-2,-3,-9,0
117.598506,-1,-3,-5,0,-5,0,0,-3,0
117.610460,-5,-3,-8,-21,-7,0,-1,-20,0
117.610476,0,14,11,19,15,1,-1,15,0
117.611285,3,-20,-10,7,6,0,0,7,0
117.611298,-2,3,10,-1,-3,0,-2,-9,0
117.632942,0,-3,-9,-35,-19,-2,1,-13,0
117.632988,-2,1,6,26,19,1,1,12,0
117.635195,-1,4,0,-4,10,0,1,-10,0
117.635211,4,2,-3,11,4,-1,-1,9,0
117.655492,-8,-5,-1,-2,-27,-1,-4,-12,0
117.655499,2,-5,-10,-15,6,1,-1,4,0
117.656235,-2,12,1,-1,-14,-5,-2,-4,0
117.656248,-1,-14,-4,0,0,-2,-2,-7,0
117.670948,-1,2,3,11,8,-2,2,2,0
117.670953,-4,-6,-8,-10,-10,3,1,-3,0
117.671245,5,3,7,-1,-24,-1,-1,6,0
117.671252,-3,6,4,13,12,-2,-5,-25,0
117.693009,-2,1,-2,4,4,1,-1,10,0
117.693032,6,2,10,27,10,-1,4,38,0
117.694021,-2,-1,-3,-20,-9,1,-1,14,0
117.694025,4,2,0,11,7,-1,-4,-12,0
117.734169,-2,-1,2,9,10,0,0,-4,0
117.734179,-4,-4,-9,-17,-19,-1,-2,-13,0
117.734181,-2,-3,-7,-2,-3,-1,0,-3,0
117.734183,0,0,-2,-7,-10,-2,2,14,0
117.734991,4,1,3,8,15,1,-4,-4,0
117.735014,-6,-5,-15,-23,-51,0,-1,2,0
117.738099,3,7,22,32,26,-5,-6,-38,0
117.738121,-3,3,-3,6,1,2,1,2,0
117.753199,-6,-9,-1,-4,-2,-1,-1,-13,0
117.753221,1,-2,-4,-10,-12,-1,-1,-11,0
117.753885,0,-4,-4,-8,-3,1,0,1,0
117.753900,1,0,-3,-9,-3,0,2,6,0
117.775846,-1,-1,-2,5,4,-7,-9,-1,0
117.775869,2,0,3,3,-8,1,-4,-6,0
117.777897,-4,-3,-4,-2,10,-2,-1,5,0
117.777901,3,4,10,15,6,-1,6,43,0
117.791087,5,-1,-4,-2,1,-2,0,-4,0
117.791117,3,-3,-2,-4,7,-3,-3,-7,0
117.791406,-6,-1,-3,-9,-7,1,-1,6,0
117.791510,-3,-7,-7,-14,-15,-1,-2,-12,0
117.813309,1,1,4,3,3,1,1,-4,0
117.813346,-1,-2,0,-1,4,-4,-1,1,0
117.813796,-1,-1,-5,0,-3,-1,0,-9,0
117.813814,-4,-3,-4,-8,1,-1,-1,-7,0
117.835659,-1,3,2,5,0,1,-1,-2,0
117.835685,-4,-2,-1,-5,1,-1,0,-3,0
117.837204,-3,-4,-6,-21,-12,1,0,0,0
117.837209,-2,-3,3,1,23,-6,-7,-24,0
117.850646,0,5,11,32,17,-2,-3,8,0
117.850682,3,0,-8,-7,-17,-2,0,-13,0
117.852976,1,-3,6,14,6,2,2,18,0
117.852984,-4,-4,-5,-22,-19,-2,0,-5,0
117.873157,-1,-2,-4,-9,-7,-1,-2,-11,0
117.873174,-1,1,1,-3,6,-2,-2,-6,0
117.874499,-3,1,-5,-1,-6,-3,-2,-16,0
117.874505,-2,-3,-5,-8,-9,-3,-1,2,0
117.895653,-2,3,-2,4,2,1,1,1,0
117.895673,-2,-1,0,-4,-10,-2,-1,6,0
117.896388,0,-5,-3,0,1,-1,2,4,0
117.896406,-2,-3,-5,-4,0,1,1,2,0
117.910565,2,1,8,10,8,1,2,82,0
117.910588,3,2,4,5,4,-4,-3,-1,0
117.912542,-2,1,1,0,0,0,-2,-6,0
117.912550,0,1,-3,0,2,2,-1,-3,0
117.933236,-2,-2,-5,-12,-19,0,1,-27,0
117.933258,-3,-4,0,7,7,-2,-2,-1,0
117.935533,0,-2,0,4,-7,1,0,8,0
117.935538,-2,-1,-5,-5,0,0,-2,-1,0
117.955500,-4,-2,-7,-31,-22,-5,-1,-14,0
117.955544,-8,-11,-16,-1,-16,-5,-9,-8,0
117.956394,6,13,30,44,45,3,4,-6,0
117.956472,0,4,3,17,7,0,-2,8,0
117.970629,0,-2,-4,-5,-10,-1,-2,-16,0
117.970645,-5,-6,-8,-17,-3,2,0,-5,0
117.971907,-5,-6,-13,-19,-1,-1,-3,-12,0
117.971912,-2,-2,-1,-1,-11,-2,-2,1,0
117.993096,1,-3,-1,3,8,1,3,2,0
117.993118,0,2,5,3,0,-1,0,0,0
117.995439,-3,0,-4,-7,-1,-5,-4,4,0
117.995445,6,1,3,4,23,1,2,4,0
118.017858,-3,-3,-4,-5,-4,0,-2,-14,0
118.017867,1,1,3,-5,15,1,0,3,0
118.017869,-2,-2,-2,-2,-15,-2,-4,1,0
118.017871,-4,-3,-3,-6,-9,-3,0,-3,0
118.030656,-2,-4,-5,-9,-10,0,0,-8,0
118.030684,-7,-9,-16,-25,-58,-4,-4,0,0
118.033097,7,9,15,20,64,2,0,3,0
118.033103,3,1,-2,22,22,1,6,69,0
118.053191,1,3,11,6,-8,-1,2,-2,0
118.053207,-3,1,-5,-6,-6,0,2,4,0
118.053954,-1,-6,-8,-24,-38,1,0,-6,0
118.053974,-10,-3,-4,-7,-2,-2,-2,-20,0
118.075530,5,-1,0,3,12,1,-3,-5,0
118.075553,1,2,3,5,13,2,1,5,0
118.076723,-2,-2,-4,-4,-13,-3,-1,-9,0
118.076732,1,-1,0,-1,-4,-1,-3,-12,0
118.090710,-3,1,-2,-4,-1,-2,-3,-2,0
118.090822,2,-1,4,0,12,2,4,13,0
118.092507,0,8,-2,9,-1,0,1,5,0
118.092514,2,-15,7,4,-16,-1,-2,10,0
118.112950,-7,-10,-22,-46,-29,-4,-1,-1,0
118.112963,9,16,22,58,71,0,-1,4,0
118.113648,-4,-10,-2,6,-11,0,-1,-40,0
118.113662,-5,3,-3,-13,-8,-1,-1,-3,0
118.135520,-2,-3,-1,2,0,-2,-3,-9,0
118.135552,-1,-3,1,-8,-7,-1,-1,-11,0
118.136776,-3,-2,-9,-16,-12,-1,-1,-10,0
118.136780,2,4,-1,1,-35,-3,-3,-14,0
118.150627,-1,-3,4,14,30,-2,-1,0,0
118.150650,3,-1,-5,-10,-11,-2,-1,-4,0
118.152826,-4,-3,-3,3,-14,-2,1,19,0
118.152834,-1,1,1,11,9,1,3,-5,0
118.173309,3,3,0,10,9,-1,1,9,0
118.175342,0,-6,-11,-22,-21,0,-4,0,0
118.175349,2,8,16,27,41,2,-1,9,0
118.175351,1,0,-4,-10,-1,-2,-4,-13,0
118.195541,1,3,4,9,1,1,1,-9,0
118.195555,-3,0,0,3,18,-2,-1,-5,0
118.196262,-1,-9,-19,-30,-26,-3,-3,5,0
118.196294,-5,2,10,2,5,-1,-4,-36,0
118.210480,2,3,0,9,9,1,0,2,0
118.210496,-5,-2,1,-11,-10,-2,-1,0,0
118.212505,-2,-4,-6,-11,-15,0,0,8,0
118.212519,2,2,6,15,13,-8,-12,-73,0
118.233171,-6,0,-4,-4,-8,0,2,46,0
118.233194,-1,1,0,2,1,1,-1,-9,0
118.235662,1,0,-1,-2,-6,-2,-1,-8,0
118.235670,-1,-3,-9,-12,-2,1,0,-1,0
118.255478,0,-3,2,0,-5,-2,-4,-13,0
118.255495,-5,-2,-14,-16,-31,3,3,3,0
118.256229,1,7,15,50,51,-3,-3,-1,0
118.256252,4,2,1,-6,2,2,1,26,0
118.270546,6,-5,-3,-2,1,0,-1,-6,0
118.270568,2,5,0,8,7,1,3,9,0
118.271616,-10,-19,-11,-33,-32,-2,0,-4,0
118.271621,1,-1,-9,-10,-5,-1,1,17,0
118.293286,-3,4,9,15,10,-2,0,-10,0
118.293309,0,-2,1,-9,-4,-3,-4,-13,0
118.295555,2,4,-1,-11,-11,-1,-2,5,0
118.295562,-4,-3,-3,3,8,-2,-1,11,0
118.316934,0,-2,-5,-8,-7,0,-1,-4,0
118.317002,-7,-2,1,-2,-3,-3,0,2,0
118.317004,-3,-3,-9,-11,-5,2,4,5,0
118.317006,1,7,14,13,5,2,-6,-8,0
118.332218,-9,1,1,20,9,0,-2,-45,0
118.332227,2,1,6,4,5,-2,-2,2,0
118.332231,0,1,1,-10,-4,0,0,0,0
118.332235,-1,-4,-8,-16,-15,-1,1,0,0
118.353207,-1,-1,5,-3,8,-1,0,0,0
118.353233,-1,1,4,11,12,-3,-1,-1,0
118.354039,-3,-2,-6,-7,-7,-1,-3,-5,0
118.354059,-2,-2,-4,-11,-8,0,0,4,0
118.376115,-2,-1,-1,-4,-3,-2,-2,8,0
118.376198,3,-4,-1,1,8,-1,-2,-11,0
118.379264,-4,-2,-4,-3,-35,-1,3,11,0
118.379272,-3,-4,-4,-6,12,-3,0,4,0
118.390226,-1,2,5,5,5,2,0,1,0
118.390249,-2,-1,1,-5,-6,0,-3,-13,0
118.398182,-1,0,0,2,9,0,0,-12,0
118.398205,-6,-8,-15,-15,-26,-3,-2,3,0
118.413046,3,-5,-5,11,-4,-2,1,11,0
118.413068,-4,-3,-3,6,15,-1,-2,-35,0
118.413677,-2,5,8,-7,-15,-5,-7,-3,0
118.413689,0,3,-2,5,18,3,2,44,0
118.435680,2,-9,-5,-15,-8,-2,-5,-2,0
118.435712,-1,-3,-1,0,-6,-2,-2,9,0
118.437177,-1,-1,-9,-1,-4,1,-1,2,0
118.437184,-1,-2,-2,-8,-9,1,1,-12,0
118.449835,-2,6,4,-3,1,-3,-1,-8,0
118.449874,2,1,5,3,-1,1,1,17,0
118.457986,0,-1,0,-2,9,0,-1,1,0
118.458010,-2,0,2,-4,-6,-2,-4,-40,0
118.472970,-1,-2,-6,-1,4,-1,-3,7,0
118.472983,-4,-2,-1,2,-1,1,2,2,0
118.473638,1,0,0,4,3,-2,-6,0,0
118.473650,0,-1,-1,-9,11,-3,-1,-13,0
118.496235,-4,-2,-4,0,-9,-1,1,3,0
118.496263,0,1,0,-1,2,-1,-2,8,0
118.498404,2,-4,-11,-5,12,-1,-1,-15,0
118.498407,4,-1,12,-1,-3,0,1,46,0
118.520857,-1,2,0,6,-2,-2,1,34,0
118.520863,5,2,3,6,4,0,3,10,0
118.520865,1,-2,0,-1,7,-2,-1,3,0
118.520867,-2,-2,-4,7,-12,0,1,-10,0
118.536052,3,-1,-1,-11,-3,-1,-1,-8,0
118.536061,-4,2,1,1,-2,-2,-2,-11,0
118.536064,-8,-1,-2,-7,-10,0,2,3,0
118.536065,7,-1,-3,5,2,-1,-1,-7,0
118.555712,-3,3,1,-2,-3,0,0,-8,0
118.555731,-7,-13,-5,-4,-3,-2,-5,0,0
118.556496,0,0,8,2,3,-1,-1,-1,0
118.556512,-2,0,-5,-17,-11,1,1,2,0
118.569988,-4,2,7,13,4,-2,-1,-9,0
118.570009,1,-2,-11,-17,-6,0,4,43,0
118.578609,-1,7,5,11,8,-3,-2,0,0
118.578646,-5,-6,-4,2,15,-1,0,-12,0
118.593384,2,-4,-6,-13,-10,1,2,10,0
118.593406,-4,0,-2,-3,-3,-1,-2,-11,0
118.595954,2,0,0,2,-8,-2,0,-2,0
118.595959,-2,0,-2,0,15,0,0,-2,0
118.615487,-6,-2,-5,-15,-35,-2,-4,-29,0
118.615501,-2,5,1,9,13,-2,-3,-4,0
118.616130,3,-3,-2,-4,3,1,-1,-1,0
118.616148,-2,2,4,6,-4,-1,1,3,0
118.630225,4,-7,-5,-8,-3,1,1,1,0
118.630254,-1,0,2,18,-4,-1,-1,-1,0
118.638026,4,-1,-6,-7,14,-4,-1,3,0
118.638048,-9,-4,2,7,-2,0,-2,-9,0
118.653121,6,7,15,8,6,0,1,37,0
118.653142,0,-1,-3,-12,-14,0,1,-1,0
118.654576,-1,-1,-3,-8,11,0,-3,-12,0
118.654580,-7,-8,0,1,-7,-3,-3,1,0
118.675698,-2,-2,-8,-6,6,-2,-1,-9,0
118.675703,0,0,-1,-1,-4,-1,2,-15,0
118.676076,-2,0,6,-8,-1,-2,-5,-36,0
118.676082,5,1,-1,14,-3,0,2,10,0
118.689940,-1,-1,-5,-1,1,-2,-2,-7,0
118.689955,-2,-1,2,0,20,-1,-3,1,0
118.698113,-2,-3,-5,-14,-39,-1,2,-3,0
118.698135,1,2,3,-5,15,-1,0,1,0
118.712940,-2,-1,0,7,8,0,-1,-8,0
118.712963,0,-1,-2,-5,-3,1,3,-9,0
118.715465,-1,-1,3,14,-7,-2,2,12,0
118.715469,5,0,-4,-13,-3,-3,-4,-3,0
118.736901,-3,-1,-3,2,-1,-1,-1,4,0
118.736908,1,0,3,-2,0,1,0,5,0
118.736910,-1,-6,-8,-14,-11,-1,-3,-5,0
118.736912,0,11,10,15,2,-4,-2,12,0
118.759134,1,-3,-1,-13,13,-1,0,-9,0
118.759163,-9,-14,5,12,-7,-3,-2,12,0
118.760228,1,-3,-4,1,5,1,-2,-6,0
118.760231,-4,-2,-8,-7,-9,0,-2,-11,0
118.773130,-1,3,0,-6,-3,-3,-1,4,0
118.773156,3,4,-3,-7,-5,-1,-3,-2,0
118.774603,-5,-1,3,4,5,-3,0,11,0
118.774634,-2,-2,-5,9,0,3,0,-6,0
118.795997,4,4,7,12,-3,1,0,1,0
118.796025,-4,-2,-4,-13,-6,-5,-4,-8,0
118.798409,3,3,2,17,1,3,5,65,0
118.798414,0,-4,-7,-4,-7,-2,1,-6,0
118.818780,-4,-3,-5,-5,-11,0,-5,-14,0
118.818851,7,4,8,2,15,-7,-8,5,0
118.819526,1,1,-2,-1,-12,-3,-1,-8,0
118.819544,1,1,7,12,5,0,0,2,0
118.832948,-2,1,-1,3,-6,2,1,6,0
118.832961,-2,-3,-10,-14,-2,0,4,29,0
118.833566,-2,-4,-2,1,-1,1,-1,-10,0
118.833573,2,0,0,5,2,-3,-2,-5,0
118.855718,-4,-5,-5,-9,4,-3,-4,-4,0
118.855746,3,1,0,6,-7,0,-2,-8,0
118.857876,-5,-3,-4,-4,7,1,-2,-12,0
118.857880,1,-3,0,-8,-6,-1,-1,7,0
118.878708,-3,-1,-2,7,-2,0,-1,-4,0
118.878729,3,2,-1,2,7,1,0,-3,0
118.879339,-4,-4,0,-3,-2,-1,-5,-21,0
118.879356,-4,-5,-9,-15,-23,0,-3,-18,0
118.892957,6,6,14,6,32,0,-1,18,0
118.892971,-3,2,-1,9,-1,-1,1,-5,0
118.893572,6,6,8,8,12,-1,1,62,0
118.893585,-7,-8,-8,-11,-10,0,0,-6,0
118.915423,-4,-4,-3,3,-4,-2,0,-13,0
118.915445,3,0,-2,-11,-13,-1,-1,-5,0
118.918402,-2,0,-1,4,10,1,-2,-11,0
118.918411,0,1,0,-7,6,-2,-3,2,0
118.938736,-3,-4,-3,-6,-2,2,-3,-20,0
118.938797,8,2,-2,-9,-5,-2,-1,-7,0
118.939345,-11,-15,-5,4,-6,-1,0,-17,0
118.939379,0,1,1,0,7,0,1,7,0
118.954284,-1,-3,-5,-6,-6,-4,-3,-19,0
118.954290,-3,0,-1,5,1,2,-2,-8,0
118.954293,-1,2,1,-5,0,-2,-1,-9,0
118.954296,-2,-3,-4,-10,-7,-2,1,2,0
118.975439,0,3,6,5,7,-2,1,10,0
118.975455,-4,0,5,14,10,1,2,-2,0
118.976556,0,-1,-6,1,-9,-2,1,4,0
118.976560,1,-1,3,-3,1,-3,-2,-3,0
119.000628,-1,3,-7,-4,-6,0,2,47,0
119.000634,-3,-6,3,0,-2,-1,-2,-7,0
119.000636,4,0,0,1,4,-1,-3,3,0
119.000638,1,0,-1,1,-1,0,-1,6,0
119.013307,-6,-4,-9,-8,-10,-2,0,-12,0
119.015611,2,2,2,0,-4,-1,-3,9,0
119.015618,0,2,3,-1,7,-3,-2,-34,0
119.015620,3,-1,-2,1,-13,0,-3,-11,0
119.035735,0,1,3,11,3,-1,-1,3,0
119.035854,-4,-1,-6,-3,3,0,0,-11,0
119.036555,-2,2,-1,-6,-1,-1,-2,-24,0
119.036574,2,-1,1,4,-1,-2,-1,5,0
119.058646,-5,-3,-3,-6,1,-2,-2,-11,0
119.058668,1,0,0,-1,-2,1,2,2,0
119.059661,1,4,7,2,1,-5,-3,5,0
119.059665,-1,4,5,6,11,0,0,2,0
119.073205,3,-2,-2,5,-10,0,-1,5,0
119.073234,0,-3,-2,-4,1,2,-1,-6,0
119.075103,4,-4,-6,-10,-8,-2,-1,9,0
119.075114,-10,-4,0,3,1,1,-3,-4,0
119.095553,1,0,-1,-3,-8,-1,-1,-13,0
119.095627,-5,-8,-9,-20,-9,-5,-7,-48,0
119.096222,2,0,-5,-8,-9,2,0,7,0
119.096234,-1,6,2,12,13,1,-3,-3,0
119.118722,0,-10,-1,7,5,1,-1,-3,0
119.120417,1,-1,-4,-5,-3,-2,1,41,0
119.120425,-1,1,-1,-3,1,1,-3,-4,0
119.120428,2,-2,-5,-11,-8,-2,2,27,0
119.133135,1,5,3,-7,-4,0,-1,3,0
119.135713,-13,-1,-1,0,6,0,1,-3,0
119.135725,2,1,4,7,11,1,-1,-3,0
119.135727,-3,-13,-3,3,-3,-2,-2,4,0
119.155987,-4,5,-7,-14,-23,-5,-3,-16,0
119.155993,2,-13,-6,21,12,0,0,6,0
119.156163,-1,5,2,1,-5,0,2,1,0
119.156169,6,2,-3,-5,4,-3,-3,-17,0
119.178629,-13,-3,-2,0,-4,0,1,3,0
119.178651,-1,5,-4,-11,-12,-3,-2,-6,0
119.180717,-7,-4,-10,-8,-2,-2,-2,7,0
119.180720,4,-4,0,9,1,1,0,-2,0
119.192897,3,-4,5,-3,1,-1,1,-1,0
119.192920,1,3,-3,-6,-13,-1,-1,6,0
119.193856,-1,1,-4,7,-10,-1,5,66,0
119.193860,4,0,-4,-1,17,0,-5,1,0
119.215675,2,0,3,1,7,0,1,35,0
119.215702,-5,-4,-5,-17,-12,-2,0,-15,0
119.217471,5,5,11,4,10,-2,0,0,0
119.217479,-6,12,1,-5,0,-2,0,-6,0
119.238730,0,-15,-1,-2,11,-2,-2,5,0
119.238751,1,2,8,14,5,-1,-2,-11,0
119.240371,-3,-10,-8,-13,-10,-3,-3,-18,0
119.240384,-2,0,0,-5,-8,-1,1,3,0
119.253308,1,0,-5,-1,8,-1,-2,-16,0
119.253337,-2,0,2,-5,-7,1,-1,5,0
119.253771,-2,-5,-3,3,0,0,-2,-20,0
119.253821,-5,-1,-1,-1,21,-2,-1,-6,0
119.275402,0,-1,-9,-5,-22,-3,-3,-33,0
119.275418,12,4,9,-2,10,1,1,39,0
119.276382,-15,-5,-2,8,8,-4,-6,-11,0
119.276387,-1,0,-18,-7,-9,-1,-2,-11,0
119.299153,-2,0,13,-15,-7,-5,-7,-47,0
119.299167,0,3,1,9,13,-1,-5,-9,0
119.299444,-3,-2,-2,-13,-5,-1,1,-43,0
119.299517,-4,-2,-2,-9,-7,0,1,6,0
119.312923,-3,-2,-5,7,1,0,-1,5,0
119.312972,-7,-4,-4,-9,-11,-2,-1,-13,0
119.320834,8,3,7,11,9,1,-3,25,0
119.320858,-6,-1,0,-6,-13,-3,-1,-10,0
119.335670,-2,-6,-3,0,2,-2,1,14,0
119.337213,4,0,3,9,3,-3,0,-15,0
119.337219,-9,-1,-7,0,-3,1,1,-7,0
119.337221,0,-2,7,3,-5,-3,0,6,0
119.359628,0,0,-15,-11,-16,3,1,15,0
119.359634,1,-6,-2,-1,-14,-6,-3,4,0
119.359636,11,4,3,14,45,0,6,84,0
119.359638,2,-1,1,0,-10,0,-3,-1,0
119.373644,3,-2,1,8,5,2,0,2,0
119.373649,-11,-2,-8,-16,-15,-1,-1,-12,0
119.380607,-2,-2,-3,-9,-13,-2,0,-6,0
119.380628,0,-2,2,6,2,-1,0,-7,0
119.395414,2,4,-3,-8,-1,0,0,8,0
119.395436,-3,-3,-5,0,6,1,-2,-7,0
119.396702,-2,-3,-6,-10,-3,-3,-4,-19,0
119.396706,7,6,22,14,1,0,2,6,0
119.418948,2,0,-3,2,2,-1,-1,-4,0
119.418969,-4,-1,1,4,7,2,-4,10,0
119.421176,5,-1,0,3,-6,0,-3,32,0
119.421183,-13,-10,-18,-25,-35,0,-2,-1,0
119.432710,-2,8,7,14,40,-7,-6,2,0
119.432742,18,4,10,15,-7,-2,6,74,0
119.440519,-21,-14,-1,-9,9,-2,-3,-35,0
119.440535,-8,-9,-4,1,-4,0,-1,-4,0
119.455486,3,-3,0,-2,-2,0,3,14,0
119.455502,-6,0,-12,-8,-3,-1,-2,-13,0
119.456350,3,4,-2,-4,-13,-2,-3,-21,0
119.456373,3,1,3,1,21,-2,0,3,0
119.479083,-7,-2,-3,-2,-30,1,1,10,0
119.479154,16,1,-1,-3,7,-1,-1,-5,0
119.480960,-22,-2,2,1,-6,1,0,-16,0
119.480964,1,-5,-2,-4,3,-2,-1,-21,0
119.492851,0,-1,0,3,2,1,0,0,0
119.492873,-12,-7,-15,-22,-20,0,2,-13,0
119.500462,10,10,27,38,29,-1,0,-26,0
119.500479,2,4,1,4,0,-2,-2,13,0
119.517333,-5,4,2,-9,-1,-3,-2,-7,0
119.517341,3,-11,-4,10,0,-1,-1,-2,0
119.517343,-2,-3,-15,-15,-14,0,-1,-19,0
119.517344,0,5,-2,-6,-1,-2,-1,4,0
119.539635,3,-5,2,1,-1,0,-1,-6,0
119.539673,-9,5,4,-5,-7,-2,-4,-77,0
119.539679,2,-1,-5,0,4,-1,2,-5,0
119.541536,5,0,2,-5,10,-2,-3,-7,0
119.552414,-5,-2,-6,-1,-1,-1,0,-5,0
119.552442,1,0,6,6,5,0,0,11,0
119.563044,-2,-5,-5,-5,-7,-2,-2,0,0
119.563051,-3,0,-3,-1,-8,-1,0,2,0
119.575779,-5,-4,-7,-2,1,-1,-4,-24,0
119.575807,-7,-1,3,-10,14,-2,-1,8,0
119.577919,9,-4,-7,-9,-21,1,2,8,0
119.577925,-5,-3,-4,-4,1,1,-4,2,0
119.599213,3,10,17,28,22,1,3,6,0
119.599234,4,2,3,0,-4,1,-3,39,0
119.601618,-4,-11,-3,-3,11,-1,1,12,0
119.601628,1,-5,-11,-11,-37,-3,-1,-7,0
119.612682,-6,-3,-2,-8,-7,-3,0,1,0
119.612702,1,4,5,7,3,-1,0,-5,0
119.620895,2,9,-8,-5,-8,-3,-3,-18,0
119.620915,-16,-15,-3,1,5,-2,-2,-46,0
119.635628,1,0,9,4,-1,-1,0,16,0
119.635652,-6,-2,-4,4,3,-3,-6,-42,0
119.636946,4,4,3,-4,-9,-1,0,16,0
119.636950,4,7,4,4,3,-2,-6,-15,0
119.658760,4,0,-2,-8,-4,-1,-1,4,0
119.658773,-7,-6,-9,-3,-2,1,0,1,0
119.659419,5,1,6,-1,3,-4,-4,0,0
119.659433,2,0,0,-5,-13,1,3,19,0
119.681571,-5,-6,-10,0,16,0,-3,-14,0
119.681598,6,3,7,5,16,2,1,11,0
119.684323,-10,-6,-6,-13,-6,-2,-3,-5,0
119.684330,7,3,1,3,2,2,2,18,0
119.696081,-3,-2,-6,-7,-21,0,0,-16,0
119.698893,-4,-4,-3,3,6,1,1,3,0
119.698896,6,4,2,-2,1,0,0,8,0
119.698898,-3,0,5,9,6,0,-1,5,0
119.720033,0,-2,-2,0,1,-1,3,34,0
119.720040,-7,-1,2,1,-2,-3,-1,-27,0
119.720042,4,0,-1,5,-3,-2,-2,-22,0
119.720044,0,4,-1,5,4,-1,-1,7,0
119.741792,3,0,-3,-2,3,0,-1,7,0
119.743937,-11,-17,0,-10,-12,-3,-2,-25,0
119.743943,-1,2,1,20,-4,4,2,3,0
119.743945,4,0,-10,-13,4,-5,-3,-7,0
119.755659,-3,3,17,1,2,2,-4,-12,0
119.755682,1,5,-1,5,-5,-1,-1,6,0
119.756486,1,-2,-3,-1,0,0,-2,-12,0
119.758311,0,-3,0,-5,0,-3,0,8,0
119.779954,2,-4,-9,-2,-10,-4,-1,-5,0
119.779983,-2,2,-1,-1,0,0,2,17,0
119.781525,-5,-6,-4,-14,-7,-2,0,6,0
119.781537,0,4,4,16,12,-1,1,6,0
119.800913,18,0,-3,0,-5,1,-2,3,0
119.800934,-28,2,0,-1,8,-3,-5,-1,0
119.801907,8,-6,-5,-7,-1,-1,-4,-7,0
119.802013,-2,0,2,2,0,2,1,-2,0
119.815833,-6,-3,-4,-3,-1,-1,-1,-8,0
