timestamp,emg1,emg2,emg3,emg4,emg5,emg6,emg7,emg8,label
2.005496,-74,-18,-7,3,-42,-29,21,13,2
2.005826,47,26,-20,-9,30,14,-15,-18,2
2.009362,-28,-12,17,6,10,13,22,36,2
2.009381,19,20,-3,-3,-34,-11,10,-58,2
2.025877,-12,13,5,1,21,18,-8,4,2
2.025892,59,51,-21,-6,-10,14,1,37,2
2.027211,-53,14,3,1,-1,26,13,-14,2
2.027215,-70,-69,-33,-14,-8,-51,-7,42,2
2.048689,-34,20,19,3,-1,-21,-15,-37,2
2.048712,108,36,46,14,11,114,15,33,2
2.051427,-74,-97,-70,-16,-13,-112,-64,-66,2
2.051430,32,62,43,1,-2,49,-4,-8,2
2.062511,-61,26,-14,-14,-4,51,4,-10,2
2.062530,-76,-74,-8,2,3,-12,35,-1,2
2.069693,111,93,-10,3,-7,7,-62,6,2
2.069720,16,-128,-30,-5,-1,3,7,6,2
2.085827,-82,-42,18,3,3,-30,-6,13,2
2.085845,-1,101,-32,-9,-16,-11,-15,-17,2
2.087198,25,-34,12,5,18,20,37,38,2
2.087212,-5,11,-2,-5,4,-16,-11,0,2
2.108291,47,53,-22,-4,6,8,-17,-30,2
2.108310,-9,-94,21,2,-7,-40,2,28,2
2.110058,-33,38,18,-2,1,11,21,-11,2
2.110064,-80,-35,-1,-1,8,-8,-13,7,2
2.123047,50,-80,-1,-2,-29,11,-2,8,2
2.123071,4,9,-28,-4,29,0,-8,2,2
2.129764,95,31,22,4,4,-7,13,15,2
2.129786,-6,100,-3,0,5,13,-2,7,2
2.146296,-6,-74,-3,1,-9,5,13,-9,2
2.146324,41,83,19,-4,7,1,10,8,2
2.147197,-36,32,8,9,2,19,2,-14,2
2.147238,-57,-6,-10,-1,-5,5,17,25,2
2.168909,-90,29,-8,-16,-5,-17,-21,-63,2
2.168948,10,42,-28,-1,-7,15,4,0,2
2.171057,66,-37,20,4,-1,10,43,10,2
2.171060,18,43,-28,0,-3,38,-5,-2,2
2.182060,95,-78,70,11,11,46,25,19,2
2.182088,-49,48,-17,-5,4,-56,-59,-14,2
2.191756,49,37,-1,-4,-3,-18,61,45,2
2.191764,-40,-16,2,3,-11,-18,-4,-22,2
2.206226,-62,22,-20,-6,20,6,20,48,2
2.206232,14,-23,-21,-14,-21,4,-21,14,2
2.207257,-43,-128,-18,1,-7,20,-33,-57,2
2.207276,14,17,10,1,2,-33,9,13,2
2.229960,33,71,-10,2,5,2,-3,2,2
2.231569,88,51,94,21,3,-3,30,-3,2
2.231572,-59,-76,-29,-14,-9,-29,-49,-15,2
2.231574,-37,-36,-9,-4,0,13,7,-8,2
2.241863,45,56,-2,-2,-12,-23,-14,-4,2
2.241881,76,21,-18,2,2,4,9,16,2
2.259260,-22,52,14,-2,-8,8,-1,-68,2
2.259267,-64,-17,0,-7,-1,-4,-6,-17,2
2.267308,-63,1,-21,0,5,21,3,14,2
2.267313,-31,-101,-24,-7,-25,0,23,-7,2
2.267316,22,26,9,2,7,11,4,31,2
2.267317,46,12,4,2,-4,-3,-7,17,2
2.288330,24,9,15,2,16,-7,-4,-6,2
2.288350,73,-43,-33,7,2,-1,7,27,2
2.289804,2,127,64,1,-1,5,-13,-13,2
2.289865,38,-60,0,-4,-10,-14,-11,-34,2
2.302229,21,-59,-17,2,-2,1,36,32,2
2.302250,-60,-29,-18,-9,-7,6,-79,-24,2
2.312564,20,-67,22,7,-5,-29,-6,38,2
2.312568,1,52,14,4,12,8,9,-3,2
2.325640,44,48,-9,-5,1,-3,7,2,2
2.327563,-81,16,-7,-3,-8,-35,1,0,2
2.327570,14,15,-25,-3,-9,95,20,4,2
2.327573,118,-21,20,5,25,-40,-16,7,2
2.348311,-114,-67,-17,-12,2,-66,-10,-32,2
2.348329,-28,20,-22,-8,-8,5,-5,-20,2
2.349921,14,4,-11,-2,2,-15,-10,23,2
2.349925,53,50,23,5,-5,14,9,11,2
2.361734,-45,-63,8,4,-12,11,-37,-16,2
2.361756,0,25,-4,-5,2,-3,25,19,2
2.372484,-21,26,1,1,3,0,10,12,2
2.372498,-55,6,-27,-7,-9,8,-11,9,2
2.385959,31,13,-4,-1,8,0,-1,6,2
2.385987,-9,-18,-2,-1,-1,14,5,-6,2
2.387278,-6,99,7,-1,-6,-10,0,-3,2
2.387283,69,-25,28,8,-1,16,38,-23,2
2.408373,14,-16,23,4,7,-23,-68,-21,2
2.408391,7,17,-16,-6,-10,11,6,-7,2
2.409652,-12,-25,-31,-5,4,-16,7,-7,2
2.409672,-49,27,-22,-10,5,-27,-2,-3,2
2.422493,-14,-79,0,-3,-11,67,21,20,2
2.422499,1,19,16,5,-2,-51,-19,6,2
2.431263,3,15,-11,-3,-6,-1,-12,4,2
2.431270,19,-58,18,5,3,75,18,9,2
2.445730,31,127,-25,-2,-12,-84,-2,-16,2
2.445749,-9,-19,18,6,7,-5,19,22,2
2.447817,-71,-97,-19,-10,-10,-24,-5,-39,2
2.447823,-1,18,29,-3,-5,-17,-19,8,2
2.469243,-8,52,7,-2,-2,40,29,3,2
2.469248,23,-90,-1,2,10,19,-9,3,2
2.469524,32,2,-16,-2,8,-7,21,22,2
2.469530,-43,-31,-17,3,-3,-18,-16,-16,2
2.484199,21,15,6,-1,0,13,-2,-4,2
2.484206,10,22,4,-2,7,7,2,2,2
2.496856,37,3,11,6,3,3,7,0,2
2.496876,6,-25,-21,-6,0,-15,-2,-9,2
2.505939,42,57,14,-3,-7,19,10,15,2
2.506278,-50,-48,-16,-1,1,0,-7,-17,2
2.508446,-14,-61,-19,-1,-9,12,-2,30,2
2.508451,75,21,17,4,7,-4,8,-5,2
2.528393,-12,47,-19,-4,7,4,-3,-3,2
2.528417,0,-64,47,-3,-18,-36,-14,-18,2
2.530822,47,91,5,4,15,6,-4,-3,2
2.530833,11,40,-38,-12,-23,-8,-9,16,2
2.541973,-60,-87,-19,3,-4,-13,-5,-14,2
2.541993,86,81,61,7,6,-2,10,8,2
2.552593,60,-4,9,2,12,25,7,-14,2
2.552598,43,36,2,-1,-3,-1,-42,47,2
2.565641,-7,8,-22,-1,17,77,-11,-15,2
2.565664,-51,31,-4,-3,-42,-77,38,-18,2
2.567155,-33,-1,1,3,6,14,3,28,2
2.567193,-13,-26,1,-3,19,35,7,-8,2
2.588249,-17,27,7,6,-7,-29,7,27,2
2.588271,-38,-2,-32,-1,19,37,-22,-24,2
2.589927,-26,-37,14,-1,-11,-14,7,-17,2
2.589932,-35,73,-25,-2,-3,-12,14,-3,2
2.602263,94,14,4,-2,-11,-12,-10,-8,2
2.602297,-6,-49,52,17,17,2,9,5,2
2.611927,15,-77,-17,-9,-15,-8,-11,-19,2
2.611931,-29,-32,-16,-1,0,25,-5,-9,2
2.625738,29,26,-13,-7,-6,-13,8,20,2
2.625756,-13,64,-18,2,9,16,-7,6,2
2.627071,22,-10,0,3,-4,-15,-9,-11,2
2.627089,-98,-13,19,2,2,4,18,-5,2
2.648577,-11,43,-9,-6,-24,-24,-11,-21,2
2.648598,-11,59,-22,-5,15,32,-4,-11,2
2.651293,12,-46,15,4,-3,19,-22,25,2
2.651304,-74,-59,-20,-8,-12,-51,-1,-69,2
2.670685,45,65,19,2,15,73,45,21,2
2.670691,-64,25,12,-1,-3,58,-6,-19,2
2.672079,55,3,-10,-1,-6,-23,-11,-9,2
2.672092,39,97,-26,2,2,15,8,11,2
2.686272,-61,-28,41,6,0,-33,-18,4,2
2.686277,51,4,1,-5,4,17,-7,-8,2
2.687204,-39,40,-9,-4,19,8,5,-8,2
2.687305,0,59,9,0,-28,-33,-3,40,2
2.708195,-5,-8,-27,-5,4,5,-6,-31,2
2.708214,11,-59,-32,0,-18,-26,-2,39,2
2.710226,-13,40,15,2,11,33,50,-16,2
2.710232,-69,-70,-15,-6,17,-14,-78,-17,2
2.732564,19,-23,41,2,-2,-16,44,7,2
2.732576,16,75,-3,3,3,4,12,20,2
2.732582,-45,-32,-42,-10,-12,-21,-13,-33,2
2.732586,72,33,93,15,6,24,21,24,2
2.747937,-97,-62,-17,-3,-4,-7,-15,-18,2
2.747943,35,-8,-21,-2,8,-1,-20,10,2
2.747945,35,12,8,2,-6,1,26,39,2
2.747946,-13,16,-21,-11,-8,9,0,-20,2
2.768200,-63,-98,-7,-1,4,-21,-25,18,2
2.768222,47,85,4,3,-3,14,38,-6,2
2.770062,-48,-54,-4,-5,2,26,-26,-6,2
2.770070,47,10,-11,-3,9,-45,12,19,2
2.790702,8,-20,9,-1,-22,74,23,6,2
2.790730,6,-8,-18,-4,25,8,-15,-14,2
2.792875,25,-41,17,5,-11,12,2,22,2
2.792881,-17,-57,-34,-12,-1,-2,3,-12,2
2.805170,-67,21,13,2,4,-11,-15,-24,2
2.805198,20,-40,8,8,-3,0,13,14,2
2.812073,11,88,32,-3,-6,-26,-10,-20,2
2.812096,20,-119,-41,-1,1,22,0,-21,2
2.828123,108,73,12,1,7,-22,1,12,2
2.828144,-49,-20,-14,-3,-12,3,-8,-12,2
2.829750,111,89,28,6,14,-30,-13,16,2
2.829770,-19,-52,-15,-2,-6,27,5,-3,2
2.850865,105,-4,-6,-2,4,-2,3,36,2
2.850893,-36,-77,-5,-6,4,-25,-6,-20,2
2.852648,-44,94,-14,-4,-12,1,-17,-20,2
2.852656,24,-27,6,5,24,28,14,9,2
2.865348,23,19,-15,-3,-10,-18,-2,-6,2
2.865370,54,-38,17,2,15,18,9,0,2
2.872175,-74,37,-15,-5,-10,5,-50,-42,2
2.872199,6,25,14,3,-5,22,15,5,2
2.888622,-6,-23,-15,0,8,-21,10,-7,2
2.888641,-9,33,39,-1,-17,24,-3,21,2
2.889794,2,-50,-1,1,4,12,15,-9,2
2.889816,83,28,19,2,-2,-5,2,-29,2
2.910765,-19,17,3,-2,-2,27,-25,-2,2
2.910784,-61,-62,-53,-11,-22,-30,2,-9,2
2.912664,-58,-105,-18,-8,7,0,16,-2,2
2.912669,-7,122,18,-2,-6,-4,-10,-2,2
2.925165,28,1,5,5,4,-5,10,-3,2
2.925183,1,-15,-13,-8,-4,-7,-15,12,2
2.931736,9,-3,-4,0,-1,23,-1,37,2
2.931758,-21,-35,-20,5,-4,-39,25,-2,2
2.948270,30,-6,42,5,-5,7,-24,-8,2
2.948283,10,91,13,1,6,4,5,-10,2
2.949554,-40,-59,1,1,4,-28,-1,-23,2
2.949566,-4,18,-7,-5,10,29,10,-10,2
2.970708,-42,-9,-19,-6,-1,2,7,6,2
2.970730,49,37,-17,1,-10,-18,-5,1,2
2.972891,-5,23,41,4,7,20,22,24,2
2.972897,-30,-74,-4,-1,-1,-4,-14,-3,2
2.985318,-6,4,-5,0,4,-16,-8,-35,2
2.986777,27,-22,-29,-5,-7,-4,3,-12,2
2.991744,42,29,-70,-14,-9,-6,0,36,2
2.991761,113,57,114,32,5,-3,-3,-15,2
3.008713,-102,12,-61,-24,-10,5,0,14,2
3.008817,63,9,-2,0,-1,-8,-3,-26,2
3.009629,36,1,4,2,-5,-13,-1,-11,2
3.009647,-5,-34,-37,-12,-11,-4,-8,5,2
3.030843,6,73,4,5,7,0,1,-1,2
3.030864,-7,-44,19,4,7,8,3,23,2
3.032721,19,27,2,0,-8,-6,-5,-27,2
3.032727,-51,19,-11,-4,7,-6,4,-7,2
3.045413,3,-52,10,2,-3,-10,-10,13,2
3.047697,-44,19,-12,-7,-3,8,4,-7,2
3.052192,54,-9,2,5,2,-7,1,19,2
3.052212,-65,30,-2,-6,-6,2,0,46,2
3.071379,-41,-61,8,2,3,-2,8,-15,2
3.071384,-104,44,10,1,-5,-8,-27,-1,2
3.071386,62,-54,-37,-5,-10,-34,-1,-5,2
3.071388,-67,-15,47,2,-22,-19,9,8,2
3.090696,-21,-14,-6,-5,32,3,-9,-11,2
3.090714,19,-5,-11,-7,-15,10,17,-1,2
3.092274,-6,-38,4,5,4,0,6,4,2
3.092342,-59,61,-34,-9,-9,5,-26,-2,2
3.105130,56,-87,1,5,-5,-14,19,4,2
3.105153,21,61,8,0,-2,-3,-15,-14,2
3.112041,-65,-58,2,-3,-3,21,3,-2,2
3.114514,79,-30,-12,-4,-1,-53,-16,-4,2
3.128463,-66,23,12,0,-8,10,-9,-22,2
3.128486,-42,-41,-22,-4,9,-13,18,7,2
3.131122,6,63,18,0,-9,-5,17,-16,2
3.131131,-20,-77,29,2,0,4,-20,2,2
3.150675,-29,1,-21,-6,7,-9,2,8,2
3.150692,-2,-101,-2,1,-2,8,-10,-1,2
3.152499,-13,69,-6,-3,-2,-14,-10,-4,2
3.152518,-39,93,-13,0,0,28,3,-12,2
3.164333,48,-13,6,-3,3,-4,14,-8,2
3.164470,-77,-1,-13,-3,5,13,-2,14,2
3.174741,-12,-19,17,2,-2,2,1,0,2
3.174747,-19,-8,-28,-8,7,4,3,-27,2
3.188397,127,40,3,1,-24,-8,-21,8,2
3.188418,-78,-30,17,3,3,6,4,-1,2
3.191114,76,89,-14,1,9,11,5,25,2
3.191118,-23,-91,-13,0,-10,-19,-5,-4,2
3.210780,35,48,34,3,11,78,-1,57,2
3.210805,49,22,8,-4,-8,-50,-16,-28,2
3.212227,45,2,9,6,-8,11,-9,19,2
3.212244,-36,-10,-23,-9,14,-6,-3,-26,2
3.224315,-9,-14,-25,-4,-14,-8,58,-9,2
3.224331,10,3,-6,-3,-3,9,-74,-3,2
3.233589,-42,-30,14,-2,1,-3,-8,-15,2
3.233593,43,33,-11,0,-19,-11,17,22,2
3.248396,-33,-34,-8,-2,30,-1,-18,-20,2
3.248424,-3,105,0,-3,-1,7,36,22,2
3.250815,-3,-7,-17,-4,-2,-2,-5,-19,2
3.250818,59,64,16,5,2,5,2,28,2
3.271110,-38,-97,6,8,-2,-17,-12,-3,2
3.271114,43,24,14,0,-1,5,5,9,2
3.272227,-6,59,-5,-2,1,-6,-3,6,2
3.272347,-9,-62,-32,-5,1,17,11,3,2
3.287041,48,47,16,4,-8,-14,-15,-22,2
3.287046,-68,-27,-11,-5,-9,-5,5,-26,2
3.294731,61,19,10,-1,11,3,6,-6,2
3.294736,16,-44,-8,-3,-2,19,-20,1,2
3.307790,43,-53,-28,-5,-4,-11,15,11,2
3.307815,73,-1,9,6,1,-9,8,8,2
3.309892,-74,9,9,2,-6,-7,12,-8,2
3.309898,94,59,3,-3,10,54,-25,19,2
3.330611,61,67,2,-1,-4,-16,-8,-25,2
3.330645,-87,52,-8,-4,-7,2,8,-11,2
3.333425,1,-76,16,5,3,0,-8,9,2
3.333429,-41,16,-11,0,3,14,6,-27,2
3.353153,10,-30,12,1,-22,-68,-6,23,2
3.353171,83,59,-3,-3,15,5,-5,16,2
3.355128,-46,-38,-21,-3,-10,-6,-5,-7,2
3.355132,-32,60,13,4,9,2,5,-2,2
3.367549,68,27,3,1,6,25,-5,25,2
3.367577,-80,-128,-24,1,-4,-4,38,-2,2
3.369243,-30,-69,-5,-6,-10,-17,-12,27,2
3.369251,1,27,23,3,-3,1,3,-36,2
3.390139,-56,53,-18,-4,6,-3,-14,2,2
3.391967,87,50,15,6,-6,54,8,3,2
3.391975,-118,-69,-10,-7,2,-11,38,6,2
3.391979,29,-60,-4,-5,-16,-27,-51,-6,2
3.412442,-21,28,-10,-4,6,0,3,-9,2
3.412456,-10,-17,-29,-1,-1,2,-6,1,2
3.413068,55,127,75,13,2,18,9,4,2
3.413075,-39,-68,2,-2,2,-7,20,19,2
3.427620,27,-39,13,3,-3,-3,0,5,2
3.427640,-100,56,-46,-12,-5,-13,-18,-6,2
3.429778,68,3,27,-1,4,10,-13,-41,2
3.429782,-62,22,-2,-2,-2,-19,0,8,2
3.450299,-16,-6,9,2,-6,43,-9,-38,2
3.450320,82,-20,11,5,-7,-50,17,21,2
3.451480,1,75,-32,-10,0,-2,-24,-9,2
3.451483,-56,-59,6,3,9,-17,-6,2,2
3.473925,38,5,-12,-2,9,31,30,3,2
3.473931,41,29,24,-1,-13,7,-13,-5,2
3.473934,-58,-57,-9,4,-1,31,-1,-7,2
3.473936,74,-8,5,0,7,-9,51,12,2
3.487908,-40,31,-22,-7,-3,-1,-77,-7,2
3.487912,-65,-70,-12,-6,0,-19,-10,-3,2
3.488222,21,71,30,1,1,16,2,6,2
3.488296,32,-3,26,5,-2,14,6,20,2
3.509983,-102,-121,-4,-5,-3,-5,9,0,2
3.510105,74,-43,-6,-8,1,12,1,-33,2
3.511125,-40,-8,-23,-1,4,4,-10,23,2
3.511129,-62,35,-20,-9,-28,-28,3,36,2
3.534897,3,36,16,2,17,24,20,12,2
3.534905,61,53,21,5,0,7,-20,6,2
3.534909,-31,-83,-43,-4,15,-6,2,-9,2
3.534912,27,-54,20,2,-5,6,-2,-5,2
3.548994,14,72,-9,-7,-13,-19,18,6,2
3.548999,-106,13,-7,-3,2,3,-8,-52,2
3.549000,29,-18,-4,-1,-7,-9,12,21,2
3.549002,53,7,-11,2,3,6,-4,-16,2
3.570085,-34,-22,-12,-3,-12,-8,-7,-12,2
3.570107,31,4,31,10,14,-7,6,10,2
3.571240,-26,39,-22,-5,-9,-8,-29,-23,2
3.571244,105,27,8,6,3,30,79,31,2
3.592550,41,43,-4,4,1,-4,-63,-16,2
3.592567,-20,-98,15,-4,15,7,22,23,2
3.595141,-20,26,-1,-2,-9,-1,-4,7,2
3.595151,36,8,-10,-5,10,17,-11,-13,2
3.610263,31,45,9,0,-19,-16,18,1,2
3.610273,16,-20,-24,-5,3,-3,-2,11,2
3.610275,62,-12,5,3,1,13,-8,-39,2
3.610278,-108,-8,-13,-6,-2,-18,-2,6,2
3.630021,-43,-25,19,5,3,1,-18,4,2
3.630043,30,-77,11,-1,0,23,2,-12,2
3.631050,67,-4,0,0,0,-17,25,27,2
3.631068,5,24,-28,-6,-7,-3,-15,-7,2
3.652751,-42,-8,-8,-2,-3,-19,-1,-42,2
3.652783,19,48,26,4,-6,1,-18,10,2
3.654210,47,7,3,3,-1,-3,-2,3,2
3.654214,-1,10,5,1,2,0,-9,-23,2
3.667825,7,12,0,-4,-5,12,13,23,2
3.669619,106,32,-16,12,15,-5,42,26,2
3.669627,-128,-82,27,-16,-21,40,-79,-56,2
3.669631,-27,33,-8,-6,-4,-58,-27,-27,2
3.691592,-43,-95,-4,1,0,7,15,4,2
3.691598,-18,74,-34,-7,-4,5,0,-14,2
3.691600,36,69,5,4,-10,-26,16,10,2
3.691602,36,26,6,1,8,21,-10,13,2
3.712712,8,-39,-6,-4,-14,-18,8,-10,2
3.712737,-27,11,6,1,10,5,-10,1,2
3.714717,26,6,-14,-1,6,6,20,8,2
3.714722,42,-9,-4,3,-3,-1,-18,33,2
3.727970,-71,32,24,-4,2,-17,23,-60,2
3.729131,37,-86,-2,-7,-22,23,-16,-10,2
3.729135,-39,1,-3,-4,2,-12,8,-9,2
3.729137,13,-43,-17,0,4,70,47,38,2
3.752000,103,24,-9,4,-6,-39,-48,-31,2
3.752005,-76,9,15,1,4,4,-10,1,2
3.752007,-46,-73,-15,-2,2,-8,3,15,2
3.752009,-16,-11,15,4,-19,3,9,-37,2
3.772859,15,37,19,2,38,39,12,26,2
3.772886,58,37,19,3,-15,-19,0,10,2
3.775249,-60,16,-23,-8,23,4,-12,-21,2
3.775258,69,37,-5,-4,-13,-56,3,-5,2
3.787454,35,45,-2,1,13,93,8,45,2
3.787475,-73,-61,-23,-6,-14,-68,-13,-10,2
3.789372,3,46,12,1,-1,-10,-5,-28,2
3.789383,-47,12,5,-4,-20,-13,-35,-11,2
3.810057,24,10,-13,-7,-23,-21,19,10,2
3.810079,5,52,2,1,20,69,13,6,2
3.812796,17,10,4,0,-10,-42,20,27,2
3.812804,-44,-31,11,-2,11,-6,-55,-31,2
3.832528,55,28,-42,-3,-4,-15,7,26,2
3.832559,-69,-18,74,13,-1,17,1,-25,2
3.833023,16,43,-12,-2,1,-4,1,2,2
3.833048,-19,22,-12,-6,7,18,16,-3,2
3.847384,-44,-48,6,-2,-7,-9,2,-3,2
3.847401,15,1,-28,-4,1,-20,-8,5,2
3.848533,-11,7,-5,3,-7,14,8,-3,2
3.848539,35,64,16,6,3,-12,5,9,2
3.870375,-71,-97,-30,-7,7,17,-12,-3,2
3.870404,41,117,6,-4,6,29,1,-9,2
3.872019,-63,-43,0,-3,-2,-57,13,-5,2
3.872022,34,-86,-24,-8,-8,14,-3,-20,2
3.892555,4,89,27,8,0,-23,3,18,2
3.892581,-39,-84,5,-2,-1,-2,-12,-17,2
3.893083,31,-9,12,3,1,27,2,20,2
3.893097,38,67,9,4,9,-22,-11,6,2
3.907665,-102,-76,-23,-10,-11,17,55,15,2
3.907685,3,59,-19,-4,4,15,-67,20,2
3.910415,73,0,-12,-1,-5,12,1,-38,2
3.910421,-44,-67,7,1,3,10,4,-17,2
3.930534,55,52,23,4,-2,-4,4,10,2
3.932117,10,27,-19,1,3,6,27,34,2
3.932120,26,-87,-2,-4,2,8,-9,-55,2
3.932122,17,22,-49,-5,-3,-7,-3,16,2
3.954312,-74,-2,81,8,1,47,-3,-14,2
3.954318,67,-17,-8,-2,-3,-24,25,2,2
3.954319,-20,58,11,4,2,2,-10,31,2
3.954321,-9,40,2,0,-2,-1,12,-3,2
3.970070,127,58,-14,3,-17,-28,-29,8,2
3.970076,-93,-36,-19,-8,6,-4,51,15,2
3.970079,-71,-110,2,-2,2,8,-5,9,2
3.970080,-59,63,-8,1,2,17,39,-10,2
4.000034,-10,-115,-30,-10,-8,-24,-80,5,2
4.000040,46,73,11,1,2,-5,-5,2,2
4.000042,35,94,-7,1,6,-22,-2,-18,2
4.000044,-68,-60,20,2,-10,55,-1,26,2
4.014543,42,-53,-8,1,13,-26,23,4,2
4.014590,-58,-43,-16,-6,-18,34,-8,-22,2
4.014592,54,21,26,4,6,15,4,31,2
4.014594,88,36,-1,0,9,20,2,-6,2
4.029506,-109,-6,5,-5,-4,-11,-5,-27,2
4.029510,-3,24,12,0,-1,3,-6,-3,2
4.029698,45,-54,-13,-2,-4,3,14,12,2
4.029712,-84,-47,-2,-6,-1,-26,-17,-9,2
4.049843,46,12,-12,0,-5,2,10,5,2
4.049859,107,30,-4,5,-2,-23,-3,-10,2
4.050882,-33,84,-10,-2,-8,3,-12,21,2
4.050888,-53,-16,4,-6,-1,-17,6,9,2
4.072428,9,8,-8,0,6,1,3,2,2
4.072447,-4,31,-12,-2,-19,-27,-9,-27,2
4.073730,80,35,23,9,3,1,23,47,2
4.073735,-13,-46,4,-9,-2,14,-61,-4,2
4.089220,-11,48,6,4,-8,-2,36,-13,2
4.089224,-5,58,5,-2,11,-4,-5,7,2
4.089765,-37,-14,-13,4,1,11,14,7,2
4.089847,35,52,-7,1,2,-15,10,-19,2
4.109926,4,-34,-2,-4,8,6,-4,3,2
4.109944,-31,-31,-12,-5,-19,15,-6,-16,2
4.110778,-12,-5,1,0,0,-1,1,-12,2
4.110810,86,51,13,-1,10,-23,-10,5,2
4.132445,-96,-26,-26,1,-5,5,-35,-25,2
4.133487,40,2,-2,-2,-4,6,31,11,2
4.133495,47,29,10,0,9,4,-11,-14,2
4.133498,-51,-4,-5,-2,0,-10,9,24,2
4.147470,30,63,-18,-8,-29,-6,-3,9,2
4.147492,6,-80,13,3,16,-13,-8,8,2
4.148873,-29,-2,-55,-11,-11,-3,2,-9,2
4.148884,0,56,81,14,2,2,4,-1,2
4.170387,-3,-67,-6,-4,6,-1,-5,-19,2
4.172576,-33,4,-7,-4,12,-7,16,-15,2
4.172582,22,-4,-13,-3,-7,2,-50,14,2
4.172584,75,35,20,10,13,38,21,12,2
4.192587,-52,-5,3,-5,-10,9,-7,4,2
4.192604,-66,-20,1,-1,6,-5,20,19,2
4.194108,-53,-37,-11,-6,-20,-19,-7,0,2
4.194112,29,-55,-20,-4,-4,-2,-1,-3,2
4.206849,35,50,7,5,19,-3,13,21,2
4.206870,33,60,22,4,-17,6,-31,-44,2
4.217859,-71,-52,2,-2,4,16,9,0,2
4.217865,-47,35,-14,-3,-9,-5,-2,-21,2
4.230469,43,-50,-37,-8,-6,-9,11,25,2
4.230492,4,45,13,9,12,-17,-8,26,2
4.232542,-60,15,41,1,-7,32,-15,-61,2
4.232548,42,-1,20,4,0,-5,11,22,2
4.252753,8,108,-10,-6,1,-12,-5,-35,2
4.252770,-63,-80,-36,-13,-15,-10,-6,14,2
4.254982,5,81,1,0,7,5,0,-4,2
4.254987,40,-51,-20,-4,-15,6,26,-2,2
4.267111,47,44,15,7,37,-26,-2,15,2
4.267134,12,3,19,2,-39,2,-11,-27,2
4.275273,12,-58,-1,-4,25,-4,1,6,2
4.275289,-45,-53,-14,-4,8,16,21,-20,2
4.290299,17,91,6,1,-9,1,6,22,2
4.290333,24,-74,-5,1,8,-5,-5,-5,2
4.292534,31,5,-1,-4,-6,-7,15,7,2
4.292540,-65,-11,-25,-2,-18,18,-2,-3,2
4.312487,48,-7,41,12,17,15,5,17,2
4.312509,-36,24,-13,-5,0,-6,1,6,2
4.313685,-41,-46,26,4,-16,-6,-7,-6,2
4.313691,26,38,8,-2,9,-7,-14,3,2
4.326770,-50,2,-13,-1,-18,-6,-2,15,2
4.326793,42,32,6,1,11,11,6,23,2
4.335021,34,-7,-12,-1,0,0,-4,2,2
4.335042,-46,97,-25,-8,14,-4,-5,-20,2
4.350036,0,-8,13,-2,-18,-22,8,-33,2
4.350064,7,38,-5,1,7,18,-3,3,2
4.351380,-39,32,-18,-4,-16,-13,19,8,2
4.351387,-2,8,12,0,15,-3,-25,-1,2
4.372526,44,-61,2,3,-1,-1,6,-13,2
4.372549,27,-3,-7,0,-7,-5,4,-1,2
4.373274,11,32,11,1,8,24,-12,11,2
4.373296,-2,31,15,0,-17,-16,5,-2,2
4.386629,-14,-40,-11,-2,8,-8,-3,-15,2
4.386670,33,46,-13,-1,-3,-5,-8,-14,2
4.394906,10,-61,15,0,-3,-1,32,19,2
4.394925,14,-30,-1,3,3,-2,-10,-1,2
4.409949,-24,12,6,-1,-7,7,-9,-8,2
4.409969,-23,-30,-6,0,7,0,-8,-19,2
4.410935,91,28,-28,0,6,-33,-19,5,2
4.410939,-85,-87,3,-5,-20,11,19,3,2
4.440721,17,11,13,1,5,14,-4,-7,2
4.440759,22,-41,-11,-8,-12,-9,4,4,2
4.441952,-49,22,7,2,7,-3,-9,-21,2
4.441956,-56,1,-28,-5,15,-6,-14,-21,2
4.455729,49,39,-25,-4,1,9,6,-9,2
4.455751,4,19,22,2,-1,-10,-4,4,2
4.457314,31,-78,23,2,6,-5,-1,-18,2
4.457320,63,20,-20,0,-20,23,18,33,2
4.470172,-98,28,-3,-4,-9,1,-18,26,2
4.470193,-102,-49,-2,0,4,-8,-7,-50,2
4.471347,12,21,-7,-1,9,8,4,23,2
4.471351,55,-4,-9,-1,-20,-26,2,-38,2
4.493714,21,-31,11,0,3,6,7,23,2
4.493721,-6,6,-7,-6,-12,-10,-15,-1,2
4.493723,-9,-6,11,1,11,6,13,13,2
4.493724,10,53,-10,-3,1,-5,-9,9,2
4.507067,-32,-64,-16,-5,-3,3,-4,-20,2
4.507196,11,36,7,2,7,5,-3,21,2
4.515395,98,59,13,5,-9,-12,-5,-15,2
4.515423,-21,22,-24,-7,18,52,10,20,2
4.530913,-34,-46,35,10,-18,-26,-3,-1,2
4.530964,-53,58,-2,-7,2,7,9,8,2
4.530984,-17,-17,-20,-5,-7,3,-6,2,2
4.531002,29,21,21,3,-3,-5,-18,5,2
4.552941,13,-57,-30,-6,-4,2,9,-2,2
4.552966,-12,-79,-15,3,14,4,15,6,2
4.554328,15,115,7,-4,-15,-6,-7,11,2
4.554339,-51,-88,3,3,-2,-26,16,-21,2
4.575622,-4,88,-7,-7,5,17,-21,10,2
4.575638,94,-52,6,0,19,-26,24,-26,2
4.576447,-52,35,-36,-8,-26,-6,-17,10,2
4.577589,-44,-5,17,1,17,23,19,-8,2
4.590142,31,41,18,7,13,3,7,2,2
4.590161,-16,-9,5,-3,-19,-2,-17,4,2
4.590782,29,-27,-19,1,15,-6,7,6,2
4.590790,47,-13,10,-2,-9,-21,-4,2,2
4.613011,-56,6,-4,-1,5,1,-18,-11,2
4.614566,-18,22,-9,-1,-1,39,14,4,2
4.614569,-42,-67,-15,-6,-11,-20,9,4,2
4.614571,-38,-58,46,8,3,-1,-17,10,2
4.635920,105,96,3,0,8,11,-4,-3,2
4.635933,-59,-97,-13,-5,3,15,7,33,2
4.636372,-35,60,-2,-1,-8,8,-10,-50,2
4.636495,-17,-86,-19,-6,-1,-14,-14,-4,2
4.650175,-21,0,0,-1,-5,-5,11,4,2
4.650183,4,26,1,3,-1,-4,7,6,2
4.650506,70,15,25,8,11,-20,-24,14,2
4.650519,-64,-7,-11,-6,2,67,35,-19,2
4.672540,-10,16,0,-2,-7,-27,0,-11,2
4.672563,41,18,1,2,-10,-3,-14,14,2
4.674440,17,-13,-3,-1,5,11,9,3,2
4.674445,32,107,14,3,-3,-18,-7,-2,2
4.695717,-55,-126,-32,-5,-7,2,-18,-18,2
4.695724,30,115,-22,-1,2,9,28,-8,2
4.696309,11,-25,63,6,-12,-6,6,3,2
4.696396,24,-21,-10,3,12,-19,-21,6,2
4.710355,2,-11,8,-2,1,9,4,4,2
4.710361,-77,-62,-30,-9,-2,-20,-19,-29,2
4.710641,-30,36,-17,-7,-2,19,5,-18,2
4.710647,97,46,-17,-1,-11,-16,-10,13,2
4.732388,-27,6,31,3,-8,4,7,1,2
4.732407,41,-20,22,4,2,3,-8,10,2
4.733428,30,-28,-15,-4,-11,16,-5,6,2
4.733432,29,-67,6,3,20,23,47,7,2
4.756878,-48,20,-22,-4,-2,-21,-66,14,2
4.756884,20,-8,14,5,-1,-5,16,-3,2
4.756885,-70,24,3,-8,0,8,7,35,2
4.756887,-11,32,-16,0,3,-16,-25,-5,2
4.772317,41,-1,3,-1,-22,28,21,-17,2
4.772333,31,-16,1,1,1,-58,-32,-12,2
4.772337,-57,-41,-15,-4,5,21,20,-23,2
4.772340,-53,22,-2,-4,-15,-19,-12,-13,2
4.792489,25,83,16,3,12,-2,22,8,2
4.792506,3,-61,-17,-5,-3,11,-12,16,2
4.794197,17,-76,-1,3,10,-6,8,16,2
4.794202,39,2,8,1,-12,-15,-19,-9,2
4.815702,-77,-48,-24,-7,-2,15,-1,-58,2
4.815707,32,81,2,-3,-1,0,0,29,2
4.816267,28,35,-4,0,7,-6,-11,-23,2
4.816305,-16,-43,-6,-1,-4,-18,-7,9,2
4.832112,51,66,1,1,2,24,12,16,2
4.832116,-55,-47,-11,-8,-4,10,-5,-22,2
4.832117,1,90,40,10,-5,-9,23,6,2
4.832119,-31,2,-6,-6,-1,12,-37,-17,2
4.852386,20,39,2,2,-8,-58,15,8,2
4.852412,-31,3,4,0,-1,4,-6,13,2
4.853466,47,38,-21,-2,6,21,3,20,2
4.855050,-13,-29,-12,-3,-10,-10,9,-1,2
4.876640,-10,-78,20,2,6,11,-1,-17,2
4.876648,14,35,7,2,-10,-25,7,0,2
4.876649,-31,7,-21,-10,8,17,-16,-8,2
4.876651,14,5,19,1,-11,0,-2,-16,2
4.890330,4,39,-20,-7,21,17,-5,8,2
4.890364,34,48,13,1,-5,-6,-5,7,2
4.892295,-3,-55,13,7,-2,-4,6,-4,2
4.892301,-41,-29,-18,-6,3,-6,-6,-19,2
4.912681,24,27,-2,0,-6,-9,1,15,2
4.912707,10,0,2,-2,-6,17,4,-18,2
4.913550,-28,-24,20,3,14,7,-4,-2,2
4.913568,87,84,11,2,3,2,-21,7,2
4.935996,-55,-24,-5,-3,2,-8,10,17,2
4.936026,4,-33,-8,-6,-19,-3,-13,-17,2
4.937839,-32,-6,-20,-4,3,-2,-9,-6,2
4.937843,38,26,14,4,-6,-11,9,30,2
4.950139,14,15,-5,-2,10,16,2,-37,2
4.950167,62,-7,2,11,13,-4,-4,6,2
4.952291,-99,19,9,-9,-12,54,-2,-7,2
4.952295,49,27,-3,-2,-5,-34,7,23,2
4.973091,-12,-122,-12,-8,-4,-19,-8,-17,2
4.973115,-69,-20,3,1,6,-1,2,-27,2
4.974814,64,38,-11,4,1,-16,-9,17,2
4.974820,-14,-56,2,-2,6,26,4,-2,2
4.995708,-6,25,-8,0,-7,8,4,16,2
4.995732,0,-32,14,2,5,-3,8,31,2
4.997376,29,14,-23,-5,-11,-20,-7,-2,2
4.997383,-76,-5,10,-3,-4,-8,-9,-33,2
7.020983,-1,1,0,0,-1,-1,-2,1,0
7.021509,0,1,-1,-2,-3,-2,0,-1,0
7.023097,-2,-1,-1,-1,0,-1,-2,-1,0
7.023102,-4,-1,-1,0,-1,-1,-2,-4,0
7.034713,-1,-5,-1,-3,-1,0,-1,0,0
7.034743,-2,1,-1,0,1,0,-1,0,0
7.044873,0,-2,0,-3,-2,-2,0,0,0
7.044879,1,1,1,2,0,-1,1,1,0
7.058249,-1,1,-1,-1,-3,-1,0,-2,0
7.058268,-2,-1,0,0,-2,-2,-2,-1,0
7.061006,-1,-1,-1,-2,-1,-3,-1,-2,0
7.061012,0,2,-1,-1,0,-1,0,0,0
7.080590,0,1,0,0,-1,1,-1,1,0
7.080607,-2,-2,-1,0,-2,0,-1,-1,0
7.082340,-1,0,-2,-1,-1,-2,-2,0,0
7.082454,-1,0,-2,-1,-2,0,-1,0,0
7.094251,0,-1,-1,0,1,-1,-1,-1,0
7.094272,0,1,0,-1,-1,-1,-1,-1,0
7.104296,0,0,-1,-1,-1,-1,1,-1,0
7.104303,-2,-3,0,-2,-1,-1,-2,-5,0
7.118264,-1,0,-2,1,-2,0,-1,-1,0
7.118291,-2,-3,1,-2,-1,-1,-3,0,0
7.120230,-2,-2,-1,1,1,0,-2,-2,0
7.120236,2,-1,0,-1,-1,-2,1,2,0
7.140973,1,2,-2,-3,0,-2,1,-1,0
7.140991,1,-2,-3,-1,-1,0,1,0,0
7.142381,2,0,-1,-1,-2,-1,0,1,0
7.142407,-1,-4,-4,-1,-1,0,-2,-3,0
7.154228,-1,-1,1,-2,-2,0,-1,0,0
7.154240,-2,0,-1,-2,-2,0,-2,-3,0
7.164039,-4,-4,-1,-1,-1,-1,-1,-2,0
7.164043,0,-3,-2,-2,0,-2,-1,0,0
7.178409,0,0,0,1,0,-2,-2,-2,0
7.178424,1,-1,-1,0,1,-1,1,3,0
7.180955,-2,0,-2,0,0,1,0,0,0
7.180962,-1,-1,-3,-3,-1,-1,-1,2,0
7.200538,-3,-2,-3,-1,-2,-2,-3,-2,0
7.200545,-3,0,2,-1,-1,-1,-1,-2,0
7.202035,2,-2,-1,-2,0,-1,-1,-3,0
7.202047,-1,1,0,1,0,-2,1,0,0
7.216243,-2,-2,-1,-1,-2,-1,1,-1,0
7.216247,-2,-2,-4,-1,-2,-1,0,-3,0
7.225043,-1,2,0,-1,0,0,0,2,0
7.225049,-3,0,-1,-1,-2,0,-2,-1,0
7.238287,0,-3,-1,-2,0,-1,-2,-1,0
7.238307,0,-2,-1,-1,-1,-1,0,-1,0
7.240226,-5,-4,-3,0,-2,0,-3,-5,0
7.240232,2,0,0,0,-1,-2,0,1,0
7.262861,-2,-1,-1,-1,-1,0,0,-1,0
7.262871,0,-1,-1,-1,-1,-1,0,0,0
7.262873,0,-1,-2,-1,-2,-3,-3,-1,0
7.262875,2,0,0,0,-3,-1,-2,0,0
7.274551,-2,-1,-2,-1,-1,0,-1,-1,0
7.274572,0,0,0,-2,-3,-2,-1,-3,0
7.285449,0,1,-1,0,-1,-1,1,0,0
7.285454,-3,-1,0,-2,-2,-3,-3,-3,0
7.297828,-1,-1,0,-1,0,-1,1,1,0
7.297853,-2,-1,-3,0,0,0,-1,-2,0
7.304227,-2,0,1,-2,-1,-1,-1,1,0
7.304240,-2,-1,-1,-1,-2,0,-1,-2,0
7.320555,-3,-3,-2,-1,-3,-1,0,-1,0
7.320577,0,0,0,-1,1,1,1,2,0
7.326677,-1,-3,-3,0,-1,-3,-2,-3,0
7.326698,-1,-4,-2,-1,0,0,-1,-2,0
7.334486,0,0,1,1,0,-2,-2,-1,0
7.334514,-1,-2,0,0,-1,-3,-2,-1,0
7.344172,2,2,-3,-2,0,0,0,-1,0
7.344177,-2,-1,-1,-2,-2,-1,-2,-2,0
7.358186,-1,0,1,-1,-1,-1,0,-1,0
7.358210,1,-1,-3,-3,-2,-2,-4,-3,0
7.359781,0,0,0,-3,-1,0,-2,0,0
7.359802,0,3,-1,-2,-3,0,0,-2,0
7.381215,-2,-3,-1,-1,-1,-2,0,1,0
7.381240,0,2,0,-1,0,-2,-1,1,0
7.383837,-1,-2,-1,-1,-1,-1,-1,-1,0
7.383842,1,0,0,0,0,-2,0,1,0
7.403302,-1,-2,-1,-2,-2,-1,-3,-4,0
7.403315,1,-1,0,0,-1,1,0,1,0
7.404875,0,-3,2,2,0,0,-1,0,0
7.404994,0,-3,-3,0,1,0,-1,-1,0
7.418056,0,-1,-2,-1,-1,-1,-3,-5,0
7.418074,-2,-2,-1,-2,1,0,-2,-2,0
7.420056,-2,-1,-2,-1,-1,-2,-2,-3,0
7.420074,0,-2,1,-1,-2,-2,0,0,0
7.440831,0,-1,-2,0,-3,-1,-1,1,0
7.440865,-1,-2,-1,-2,-1,0,-1,1,0
7.442537,0,-1,1,0,0,0,0,1,0
7.442541,-3,0,0,-1,0,-1,-1,-2,0
7.470745,-3,-2,-2,0,-1,-2,-2,-1,0
7.470759,-2,-3,-2,1,-1,-2,-1,-4,0
7.472408,1,0,0,-1,-1,-2,1,0,0
7.472416,-1,0,0,0,1,-1,0,0,0
7.480097,0,0,-2,0,0,0,-2,1,0
7.480104,-1,0,0,-1,0,-1,0,-1,0
7.480117,-2,-2,-2,-2,-2,-1,-1,0,0
7.480125,-4,-2,-4,-2,-2,-2,-1,-4,0
7.500799,-2,-1,0,-3,1,0,-1,-1,0
7.500821,-1,0,-1,-1,-1,-1,0,0,0
7.502776,0,-1,-1,0,0,0,-1,0,0
7.502779,1,1,-1,-3,-1,-2,0,3,0
7.523167,1,-1,-1,-2,0,-1,-2,0,0
7.523258,-2,-1,0,0,-1,-2,-1,0,0
7.525689,-1,-1,-1,-1,-2,-2,-1,-1,0
7.525698,0,1,-2,-1,-1,0,0,1,0
7.537734,1,0,0,1,0,0,-1,0,0
7.537762,2,-2,0,-2,0,-1,0,2,0
7.544714,-2,-1,-1,0,-1,-1,0,-1,0
7.544735,-1,-2,-2,1,-2,1,-2,-2,0
7.560721,0,0,-1,-1,-2,-1,0,0,0
7.560741,-3,-5,-1,0,-1,-1,-2,-2,0
7.562256,-1,0,-2,-2,1,0,-2,-1,0
7.562277,1,-1,1,-2,1,-2,-1,-1,0
7.583106,0,-1,1,0,-1,-1,-1,-1,0
7.583122,2,2,-1,-1,0,-2,0,2,0
7.584697,-4,-2,-1,-2,-1,-2,-1,-3,0
7.584744,-1,-2,-1,-1,0,0,-1,0,0
7.597825,-2,-1,-1,0,-1,0,-1,0,0
7.597847,1,0,-1,-2,-1,-1,-1,0,0
7.604276,1,0,-1,0,-3,0,0,2,0
7.604324,-2,0,0,0,-1,0,0,-3,0
7.621247,0,-2,-1,-1,0,1,0,0,0
7.621252,-3,0,0,-1,-1,0,-2,-3,0
7.622222,0,0,0,-3,0,0,0,0,0
7.622236,-3,-3,3,1,0,0,-1,0,0
7.643470,-1,-1,0,-1,-1,-2,0,0,0
7.643488,-1,-2,-3,1,1,-1,-1,-2,0
7.644855,-1,-3,-2,-1,-1,-1,-1,0,0
7.644858,0,-1,-1,-1,0,-1,-1,0,0
7.657571,-2,0,-1,-2,-1,0,-1,-3,0
7.658694,0,-1,-2,0,-1,0,-2,0,0
7.664407,1,1,1,1,-1,-1,0,-2,0
7.664427,0,-1,-1,-2,-1,-2,-1,-1,0
7.682209,-1,-3,-1,-1,0,-2,0,0,0
7.682214,-4,-1,-1,-2,-1,0,0,-2,0
7.682216,-2,0,-1,-2,-1,-1,-1,-2,0
7.682218,0,0,0,1,-1,-2,0,1,0
7.710780,3,2,-3,-2,0,-2,0,-3,0
7.710796,-3,-2,0,1,-1,0,-1,-1,0
7.712479,-1,0,1,1,-1,1,-2,2,0
7.712485,-1,-2,-2,-2,-3,-1,-1,0,0
7.717512,-2,-1,-1,0,1,-1,-1,-2,0
7.717534,0,1,-3,0,-2,0,-1,0,0
7.724424,-1,-1,-2,2,-1,-1,-1,-5,0
7.724447,1,0,-2,-1,-1,0,-2,-1,0
7.741171,-3,-1,1,-1,-1,1,-1,-1,0
7.741197,-2,0,-1,-2,-1,-3,-2,0,0
7.743100,-2,-3,0,-1,0,-1,0,2,0
7.743112,-2,-1,-1,-2,0,0,-2,-1,0
7.763455,-2,1,-1,-1,-2,-1,-1,0,0
7.763473,-2,-2,-1,0,-1,-1,-2,-1,0
7.764665,1,-2,-1,-1,-2,1,-1,3,0
7.764699,-1,-1,0,0,-1,0,-1,-2,0
7.777538,-2,-1,0,-1,0,-2,-2,-5,0
7.777551,-2,0,-1,-1,0,-2,0,0,0
7.784394,-2,-1,-2,-1,0,-1,-2,-1,0
7.784416,1,1,-1,-2,0,0,-1,2,0
7.801015,-4,-3,-2,-2,0,-1,-1,0,0
7.801044,1,-1,-1,-2,1,1,-2,-2,0
7.802851,-2,-1,-1,-2,-3,-2,-1,-3,0
7.802857,-1,-1,0,-1,-2,-2,0,1,0
7.823889,0,1,-2,-1,-2,-1,-1,-1,0
7.823896,0,-3,0,0,-1,-1,1,-1,0
7.824902,-2,0,-1,-2,-1,0,-2,1,0
7.824926,-1,-1,-1,0,-3,-1,-1,-1,0
7.838707,0,0,-1,1,0,-2,-1,0,0
7.838712,-1,-1,-2,0,-1,-1,-1,-1,0
7.844310,-4,-2,-3,-2,0,-1,-1,-3,0
7.844333,-3,-3,-2,-1,1,-1,-1,-2,0
7.860944,-1,-1,-2,-1,0,1,-1,2,0
7.862005,0,-2,0,-1,-1,-2,-1,0,0
7.862261,-1,0,-1,-2,-1,-1,0,-2,0
7.862275,-1,-1,0,1,0,-1,-2,-1,0
7.884451,0,-2,-2,-1,0,-2,-1,-4,0
7.884456,-1,-4,-5,-1,-1,-3,-2,-1,0
7.884552,-1,-1,-1,0,-2,-2,0,-1,0
7.884585,-1,0,-2,-1,-3,-1,0,-1,0
7.897209,0,-2,1,-2,-3,0,0,0,0
7.897230,1,0,-1,-3,-1,1,-2,-1,0
7.907657,1,-2,0,0,1,1,0,1,0
7.907664,-3,-1,-1,0,-1,0,-2,-4,0
7.920796,1,2,-1,-1,-2,-2,0,0,0
7.920812,-3,-2,-2,0,-2,-1,-1,-1,0
7.922698,1,0,1,1,0,-1,0,-1,0
7.922703,-3,-1,-3,-2,-1,0,-2,1,0
7.943117,-2,-2,0,-1,0,-1,2,-2,0
7.945132,-1,1,2,-1,0,0,0,0,0
7.945140,0,-3,-1,-2,-1,0,0,0,0
7.945142,0,-1,-3,0,-2,0,-3,-2,0
7.957175,-2,-4,-1,-1,-2,-2,-3,-1,0
7.957204,0,0,-2,-1,-2,-2,0,-2,0
7.967818,0,-2,-3,0,0,-2,-2,-2,0
7.967823,0,0,-1,-1,0,-2,-2,-1,0
7.980873,0,-2,-4,-2,-1,0,-2,1,0
7.980892,-2,-2,0,0,-1,-1,-2,-1,0
7.982173,-1,1,-2,-1,0,-1,-1,-3,0
7.982191,-1,-1,1,0,1,-1,0,-1,0
8.003545,-2,-2,0,1,0,-1,-1,-1,0
8.003568,0,0,-1,1,2,-1,-1,-1,0
8.004625,1,-1,0,2,-1,1,-1,4,0
8.004629,-1,-2,-3,-3,-2,-1,-1,0,0
8.016956,0,-1,-4,-1,0,-1,-1,-1,0
8.017030,-2,0,-1,-1,-3,-1,-1,-1,0
8.026754,-1,-1,-2,-3,0,-1,-1,0,0
8.026758,-2,-2,1,-1,0,-2,0,0,0
8.041571,-2,0,-1,-2,1,1,-1,-2,0
8.041586,-2,-2,-3,-2,-1,-2,-1,-4,0
8.049683,-2,1,-1,-1,0,-1,-1,-1,0
8.049688,-1,0,-1,-2,-1,0,-2,0,0
8.063259,-1,-1,0,-1,-2,-2,0,-1,0
8.063280,1,-1,-1,1,-2,-1,-1,1,0
8.064613,-1,-2,0,0,-1,-1,0,-4,0
8.064617,2,0,-1,-1,0,-1,0,1,0
8.087035,-2,-4,-2,-1,0,-1,-2,1,0
8.087039,-2,1,-1,0,0,-1,-1,0,0
8.087144,-1,-1,0,1,-1,-1,-2,-1,0
8.087187,0,-3,0,1,-1,-1,0,-2,0
8.101785,-1,0,1,1,-1,-1,0,-2,0
8.101789,-1,-3,-1,-1,-1,0,0,-1,0
8.102208,-2,-2,-2,0,1,-1,-2,0,0
8.102265,-2,0,-1,-1,0,0,0,-1,0
8.123239,-2,0,0,0,-2,-1,-2,-5,0
8.123262,0,3,-1,-3,-2,-3,-2,-2,0
8.126076,-2,-5,0,-2,-2,-1,0,-2,0
8.126087,0,-2,0,-1,0,-1,-1,-1,0
8.136715,0,1,-1,-1,1,-1,-3,1,0
8.136736,-2,-2,1,-3,-1,-1,-1,0,0
8.146777,1,0,-1,0,-2,0,-2,-2,0
8.146788,-1,0,-1,-2,-1,0,-1,0,0
8.160628,-1,0,-1,-1,0,0,0,-1,0
8.162325,-1,0,-2,-3,1,-2,-1,-2,0
8.162399,-2,0,-3,-3,1,-3,0,-1,0
8.162427,-2,0,-1,-1,0,-1,-1,0,0
8.183221,0,0,0,1,0,-1,1,2,0
8.183242,-1,0,0,-1,0,1,-2,0,0
8.184774,-1,-4,-2,-1,-2,-1,-1,-1,0
8.184791,0,0,0,0,0,-1,-2,-2,0
8.196966,0,0,-2,-2,-3,0,-2,1,0
8.196980,-2,-4,-2,-1,0,0,-2,-3,0
8.208005,0,-1,0,1,-1,0,-3,-1,0
8.208014,0,1,0,-2,0,-1,0,0,0
8.220728,0,-2,-1,-1,-1,-1,1,0,0
8.220750,-3,-2,-1,1,-2,-2,-1,-6,0
8.223019,-1,1,-1,-1,1,0,0,2,0
8.223023,-2,-1,-2,-1,-1,-2,-1,-1,0
8.243161,-1,-2,-2,-2,-1,1,1,-2,0
8.243175,0,1,0,0,2,0,0,3,0
8.244571,-3,1,-3,-2,-1,0,0,-1,0
8.244588,-2,-1,-2,0,0,0,-2,0,0
8.259139,0,-2,1,-2,0,-1,-2,1,0
8.259146,1,0,0,-2,0,0,-1,1,0
8.267593,1,1,0,0,-1,-1,-2,0,0
8.267598,0,0,1,1,0,0,-1,1,0
8.280956,0,1,-1,0,-1,-1,-2,-2,0
8.280974,-1,-1,-1,-1,-2,-1,0,0,0
8.282241,0,-2,-2,-1,0,-1,-1,-1,0
8.282247,-2,-1,0,-1,-1,-2,-1,-2,0
8.305463,-1,-2,0,2,-2,-1,-1,0,0
8.305467,-2,0,-2,-1,-2,-1,-3,0,0
8.305469,1,1,1,-2,-1,-1,0,-1,0
8.305471,1,0,-1,-2,1,-1,-1,3,0
8.325690,-2,2,-3,-3,-2,-3,-1,-4,0
8.325808,-3,-1,2,1,0,-1,1,-2,0
8.327136,-4,-5,-3,-2,-2,-2,-2,-5,0
8.327155,0,1,0,0,-3,-1,-1,-1,0
8.340247,-2,-4,-3,-3,-2,-1,-2,-3,0
8.340271,0,-2,-1,-1,-3,-2,-1,-1,0
8.347136,0,0,-1,-1,-1,-2,-2,2,0
8.347159,-2,-4,-2,-2,0,0,-2,-2,0
8.363482,-1,1,-2,0,0,-1,-1,1,0
8.363506,-2,-1,-2,-2,0,0,-2,0,0
8.365913,-2,-3,0,-4,-3,-1,0,-4,0
8.365934,-2,0,0,-1,-4,-2,-1,-3,0
8.385972,-4,-2,-1,-2,0,-2,0,-3,0
8.385985,0,-4,-3,-2,-2,-2,-1,-1,0
8.387121,-3,-2,1,0,0,-1,-2,-4,0
8.387127,-2,-2,-1,-2,-1,-1,-1,0,0
8.399928,-1,0,2,2,-1,-2,-1,1,0
8.399940,-1,-1,0,0,1,0,0,-4,0
8.406875,2,1,0,0,0,0,0,1,0
8.406900,2,0,-2,-1,-2,-2,1,-1,0
8.423264,-1,-6,0,-1,-2,-1,-3,-4,0
8.425216,0,-1,0,-2,-1,-1,-2,-1,0
8.425224,-3,0,-1,0,-2,-1,-1,0,0
8.425226,-1,-3,0,-2,0,-1,1,0,0
8.445665,0,1,-1,-1,-1,0,0,0,0
8.445672,-1,3,-2,0,-2,1,1,-1,0
8.447104,-2,-1,0,-1,-1,-1,-2,-3,0
8.447117,-1,0,-2,-1,-2,0,-1,0,0
8.460283,1,0,0,-1,-2,0,0,1,0
8.460289,-2,0,0,0,0,-1,1,1,0
8.466680,-2,-4,-3,-1,-1,-1,0,0,0
8.466701,2,2,-1,-1,0,1,1,-1,0
8.483173,-3,-2,1,-1,-1,1,-1,-2,0
8.483202,1,-1,-1,0,0,-1,-1,0,0
8.484589,0,2,-2,-3,-1,-1,-1,0,0
8.484609,0,-1,0,-1,-1,0,0,-1,0
8.508186,2,-5,-1,-1,-1,-2,-1,0,0
8.508195,1,17,-2,-3,-1,-1,-2,-1,0
8.508198,-2,-37,-3,-2,-1,-2,-1,0,0
8.508199,-7,-4,-1,1,-2,0,-3,-2,0
8.523281,-1,1,-1,-1,-1,-1,-1,-3,0
8.523335,-3,0,-1,0,-2,-1,-1,-1,0
8.526920,2,13,0,-1,-2,0,0,1,0
8.526948,-1,0,-1,-1,1,-2,-3,-1,0
8.543091,-1,-3,-2,-1,-1,-1,-2,0,0
8.543107,-1,-5,-1,-1,-1,-3,-2,-2,0
8.544997,-2,5,0,-1,-1,-1,-1,-3,0
8.545142,1,-6,0,-2,-3,-2,-1,-2,0
8.565827,0,4,-1,0,0,-2,1,1,0
8.565855,-1,-6,0,-1,0,0,0,-1,0
8.567878,-2,4,0,-1,-1,-1,-1,-1,0
8.567884,0,0,-2,0,0,1,1,2,0
8.580266,0,1,-3,-3,0,0,-1,-1,0
8.580287,-1,-5,1,0,-2,-1,0,0,0
8.586913,1,0,-2,-2,0,1,0,0,0
8.588327,-1,4,-1,-2,0,-3,-1,0,0
8.603300,-4,-1,-1,0,-1,-2,-3,0,0
8.603325,-1,-5,-1,-1,0,-3,-2,0,0
8.605410,2,8,0,-1,-1,-2,-1,1,0
8.605413,1,-4,1,1,-2,0,-2,-3,0
8.625581,-5,-4,2,1,-2,1,-1,-3,0
8.625599,0,-1,-1,-1,0,-2,-1,0,0
8.627285,0,-1,-4,1,2,-3,-2,-3,0
8.627400,0,13,1,-1,-2,0,-1,2,0
8.639590,-4,-19,-2,-2,0,-1,-3,-2,0
8.639619,-3,-5,-1,-1,-3,1,0,-3,0
8.649410,-2,1,1,-1,-1,0,0,1,0
8.649417,-1,-9,-5,-3,-1,-1,-1,-1,0
8.663212,2,11,-1,-1,0,-1,-1,1,0
8.663227,1,2,-2,-2,0,-2,-2,0,0
8.664986,-1,-5,-1,-1,-2,2,0,0,0
8.665112,-2,3,-1,0,0,-2,-1,-2,0
8.685726,-1,1,0,-3,1,-1,-1,0,0
8.685755,0,-6,-2,-1,0,-1,-2,0,0
8.688182,-3,0,-1,0,1,0,0,-2,0
8.688185,-5,-5,-1,-1,-2,1,-2,-2,0
8.699219,1,1,0,-2,-3,0,-1,0,0
8.699241,-2,-2,0,0,-2,1,-1,-4,0
8.716778,-2,1,-3,-3,-1,-1,-3,-5,0
8.716783,1,-3,-2,-1,-2,-1,-4,1,0
8.723164,-1,1,-2,-1,-2,-1,0,1,0
8.723185,-2,0,0,-1,0,0,-2,0,0
8.725168,1,3,-1,0,-1,1,-1,0,0
8.725178,-3,-6,-1,3,0,-2,-1,-2,0
8.746090,-1,1,-2,-1,-3,-1,-1,-2,0
8.746114,-1,-2,-2,-1,-2,-1,-3,2,0
8.747766,-2,-3,2,1,-1,0,0,-1,0
8.747769,4,0,2,-2,0,-2,-1,0,0
8.759403,-1,-2,1,0,-2,-2,-1,2,0
8.759428,-1,-2,-2,-2,-1,1,0,0,0
8.769091,0,-2,0,-2,0,0,0,1,0
8.769096,-4,1,-1,1,-1,-2,0,-4,0
8.784998,-1,-1,-2,0,-1,-2,-2,-3,0
8.785002,-3,-2,0,-2,1,-1,-2,-5,0
8.785004,1,2,-1,-3,-1,-2,-1,1,0
8.785006,-1,-1,-2,-3,0,-1,0,-2,0
8.806074,0,2,-1,-1,1,0,-1,-1,0
8.806098,1,-1,-1,-1,0,-2,-2,1,0
8.808322,-1,-2,-2,2,-1,-2,0,-1,0
8.808331,0,-2,-1,-2,-1,-1,-2,-1,0
8.819511,0,-5,-3,-2,0,-1,0,-2,0
8.819543,-1,0,-1,0,-1,-2,-2,-1,0
8.830112,-1,-3,-1,1,0,-3,-3,-1,0
8.830119,-1,-1,-1,-1,-1,-1,-1,2,0
8.843156,-1,1,-2,-2,-1,0,-1,-3,0
8.843175,-3,1,-1,0,-1,1,0,-2,0
8.845651,1,0,0,-3,-1,-1,0,4,0
8.845658,-1,-1,0,-1,-1,0,-1,-1,0
8.865624,-2,1,-2,-2,-2,-2,-1,-1,0
8.865646,1,0,-1,-1,0,-1,1,0,0
8.867079,0,-1,-4,-3,-3,-1,-2,-1,0
8.867150,0,1,-2,-1,1,-2,-1,-3,0
8.879243,0,-2,0,1,-1,0,-2,-1,0
8.879258,-2,-2,0,0,1,-1,0,-1,0
8.889608,-2,-1,-1,0,-1,-1,-2,-4,0
8.889616,2,2,0,-2,0,0,-1,1,0
8.903357,1,0,0,-1,0,-3,0,2,0
8.903379,-1,1,-2,-1,-3,-1,-1,0,0
8.905099,0,2,-1,-1,0,-2,-1,-1,0
8.905102,-3,-1,0,-2,0,0,-2,-2,0
8.925938,-1,-5,-2,-1,-2,-2,-2,-4,0
8.925957,-1,-1,-2,-3,-2,-1,-1,-2,0
8.927115,0,-1,0,-1,-1,-1,2,1,0
8.927139,-2,-3,-1,-1,-1,-1,1,2,0
8.940818,2,-1,-3,0,-1,1,-1,1,0
8.940828,-2,-1,1,0,0,-2,-1,-2,0
8.948970,-1,-3,0,0,0,0,-3,-1,0
8.948974,1,-1,0,-2,-2,1,0,1,0
8.963330,-5,0,0,1,0,-2,0,-4,0
8.963348,1,0,1,1,0,-1,0,1,0
8.964698,-2,-1,-1,-1,-1,0,-1,-1,0
8.964709,0,0,-1,-2,-1,-2,-1,-1,0
8.986930,2,0,1,0,-2,0,-2,-1,0
8.986934,-1,-1,-2,0,-1,0,-3,-1,0
8.987023,-5,-5,-1,1,-1,0,0,-3,0
8.987029,-3,-4,0,0,-1,0,-1,-1,0
8.999790,-1,1,-1,-2,0,-2,-1,0,0
9.001441,0,-1,-1,-2,-2,-1,0,-2,0
9.009060,0,1,-1,-2,-1,-1,0,2,0
9.009064,-2,-2,-2,-1,-1,-1,-3,1,0
9.023209,-2,-1,-1,0,1,1,1,1,0
9.023364,-4,-1,-2,-4,-1,-2,-1,-4,0
9.025394,1,0,-1,0,0,2,-1,0,0
9.025401,-4,0,-2,0,-3,-1,-1,-2,0
9.047865,0,0,-3,-2,-1,0,0,0,0
9.047872,0,0,1,-1,0,0,-1,2,0
9.047874,-3,-1,-1,-2,-1,-2,-2,-2,0
9.047876,0,-1,-1,0,1,1,-3,0,0
9.068189,-1,-2,-1,-2,-3,-1,0,-3,0
9.068210,-3,-5,-2,-4,-2,-1,0,-2,0
9.069600,-3,-1,2,0,-1,-1,1,-3,0
9.069634,-3,-5,-1,-1,-1,-2,-1,-1,0
9.083554,-1,-1,-1,-2,0,-1,0,1,0
9.083578,0,0,0,-1,-1,-1,-2,0,0
9.084865,-2,-3,-1,-1,-2,-2,-3,0,0
9.084997,-1,-2,-2,0,-3,-1,1,-5,0
9.105758,1,1,-2,-2,-1,-1,1,2,0
9.105780,1,-5,-2,0,-2,-1,-1,-1,0
9.108009,-6,0,-3,-4,0,0,-3,-2,0
9.108015,-2,1,1,1,1,0,-1,1,0
9.119561,-2,-1,-1,0,-1,-2,-3,-1,0
9.119589,2,1,0,-1,0,-1,2,0,0
9.129755,2,-2,-3,-2,-3,0,-2,-3,0
9.129758,-3,0,-4,-1,-1,0,-2,-4,0
9.143141,0,-2,-1,-1,-2,-1,1,-1,0
9.143165,0,0,-2,1,-1,0,-1,2,0
9.144699,0,-2,-1,1,0,-2,-1,0,0
9.144711,1,-3,-2,-2,-2,-1,0,1,0
9.165688,-1,-1,-1,-2,-1,-1,-1,-1,0
9.165710,0,-1,-1,-1,-1,0,-1,0,0
9.167750,2,2,-1,0,1,1,0,0,0
9.167753,-1,-1,-1,0,-1,-1,0,-1,0
9.179717,-2,-2,-2,-2,0,-3,-1,-1,0
9.179745,-1,1,-1,1,2,-3,-1,0,0
9.189305,-2,0,-2,-2,-1,-1,-2,-6,0
9.189311,1,1,-1,-1,0,-1,-1,2,0
9.203853,0,-1,1,0,-2,2,-1,-1,0
9.203859,-4,0,0,-2,-2,1,-2,-1,0
9.204632,0,-1,0,-2,0,0,1,3,0
9.204638,-1,0,-1,0,-2,0,-1,-1,0
9.225755,0,-1,0,0,-1,0,0,0,0
9.225774,0,1,0,-1,-1,-1,-1,-2,0
9.227209,0,-1,-3,-1,0,0,-2,0,0
9.227216,0,-2,-2,-2,0,0,1,0,0
9.239825,-2,2,-2,-1,-1,-1,1,0,0
9.239842,-5,0,-2,-1,-1,-2,-3,-4,0
9.249939,-4,-6,1,0,0,-2,0,-1,0
9.249944,0,0,-1,-1,0,-2,-2,0,0
9.271003,0,-2,0,-2,-1,1,-2,-5,0
9.271024,-3,-3,-4,-1,-1,0,-1,-2,0
9.273111,2,3,0,0,-1,-1,0,0,0
9.273117,-4,-1,-2,-2,-1,-2,-1,-5,0
9.286276,0,-1,-1,-1,-2,-1,0,-2,0
9.286294,1,0,-1,-3,0,-1,-1,-1,0
9.288441,-2,-1,1,0,-2,0,-1,1,0
9.288446,1,0,0,-1,-2,0,1,1,0
9.308435,-1,-2,-1,-1,-1,-3,-3,1,0
9.308459,-2,0,0,0,-1,1,-1,-2,0
9.310907,-3,-2,-3,-1,-2,-1,0,-3,0
9.310913,1,-1,1,-2,0,-1,-1,0,0
9.323186,-1,1,0,0,1,-3,0,0,0
9.323214,-2,-3,1,1,-2,-1,0,-1,0
9.330027,-2,-1,0,-1,1,0,-1,-1,0
9.330053,-1,-1,-2,-1,0,0,-1,-2,0
9.345646,0,-1,-1,-3,-2,0,-2,0,0
9.345665,1,-1,1,-1,-1,-1,1,-1,0
9.347313,3,1,0,0,0,-1,1,1,0
9.347339,-2,-2,-1,-1,-1,-1,-1,-4,0
9.368272,-2,-2,-1,-1,-1,0,-2,0,0
9.368303,-1,-2,-2,-1,0,-1,0,1,0
9.369889,-1,-1,0,-2,-1,-1,0,-1,0
9.369896,-3,1,-1,0,-1,-1,0,2,0
9.383094,1,-1,-1,-3,-1,-3,-1,-2,0
9.383115,-3,0,-1,-3,-3,0,-1,0,0
9.384746,-2,-1,-3,0,0,0,1,0,0
9.384759,0,0,-1,-1,0,0,-1,-1,0
9.405694,-1,0,-2,0,1,2,-1,0,0
9.405758,-3,-2,-1,0,0,-2,-2,-2,0
9.407188,0,-1,-2,-2,-1,-1,-2,0,0
9.407204,1,0,2,0,-1,-1,-2,2,0
9.428814,-1,-2,-1,-1,-1,0,1,-2,0
9.428833,-1,-2,-1,-1,0,-1,0,-1,0
9.430469,1,-1,-1,0,-1,-1,0,0,0
9.430479,-2,-1,-1,0,1,0,0,0,0
9.442899,0,1,-1,-1,-1,-1,-1,0,0
9.442916,0,0,1,-2,0,-1,-2,1,0
9.449401,-1,1,-1,-2,-2,-1,-1,-2,0
9.449426,-1,-2,-4,-2,-1,-2,-2,-3,0
9.467130,-5,-2,-1,-2,-1,0,-2,-6,0
9.467135,1,0,-2,-1,-3,-2,-1,-2,0
9.467137,0,-1,-2,-1,-1,0,0,1,0
9.467139,-1,-1,2,-1,-2,-2,-2,1,0
9.488446,-2,-1,-1,0,-2,1,-1,-3,0
9.488461,0,-2,-2,0,-1,0,0,-1,0
9.490704,-1,-3,-1,-4,-2,0,0,0,0
9.490709,1,-1,0,-1,-2,-1,0,0,0
9.502747,-2,-3,-4,-1,-2,-2,-3,1,0
9.502767,-1,-1,-1,-2,-2,-1,0,0,0
9.509524,1,0,0,2,1,-1,-1,0,0
9.509541,-3,0,-1,-1,-2,0,1,-1,0
9.527867,1,0,-1,0,1,-1,0,1,0
9.527916,0,3,1,-1,-1,-2,0,-2,0
9.527919,-3,-5,-1,1,-1,-2,-2,-3,0
9.527920,-1,-2,-3,-1,-1,-1,-3,-2,0
9.548516,-1,0,-1,-1,-2,-1,-1,3,0
9.548536,1,4,0,-2,-1,-1,-1,2,0
9.550460,0,0,2,4,0,-2,0,1,0
9.550465,1,-1,-1,0,-1,-1,1,-1,0
9.562505,-1,-1,-1,-2,-2,-2,0,1,0
9.562528,2,-1,-2,1,0,2,-1,1,0
9.569652,-4,0,-2,-2,-1,-1,-3,-1,0
9.569678,-3,-1,-1,-2,0,-1,-2,-2,0
9.586070,0,-2,-1,0,-2,-1,-2,-2,0
9.586099,-2,-3,-2,-1,-2,-1,0,-1,0
9.588739,0,2,-2,-2,-2,-1,-1,-2,0
9.588746,-2,-1,1,-1,-1,-1,-2,-2,0
9.608408,0,0,0,1,0,-3,-2,-1,0
9.608430,0,-2,0,-1,0,-1,-1,1,0
9.609719,-2,-2,-1,-3,-1,-1,-3,-4,0
9.609777,0,-1,-2,-3,-1,-2,-2,0,0
9.622814,-4,-2,-1,0,1,0,1,-3,0
9.622897,-2,-3,-2,0,-2,-3,-3,-2,0
9.629303,1,0,-1,-1,-1,1,0,1,0
9.629324,-1,-2,-2,-1,-1,-2,-1,-2,0
9.645957,-1,-2,-2,-1,0,-1,-2,-1,0
9.645978,-1,0,-1,-1,-2,0,1,0,0
9.648197,-3,-4,-1,-1,-1,0,-1,-2,0
9.648200,3,1,1,0,0,0,0,2,0
9.668442,-3,-3,-2,-1,0,-2,-2,-3,0
9.668454,-2,-2,-2,-2,-2,0,-2,-3,0
9.669535,-1,-3,-2,0,-1,-1,-1,-2,0
9.669541,-1,-3,-1,-1,-3,-1,-1,1,0
9.683212,-3,-2,0,-1,-1,-1,-1,-3,0
9.683218,-1,-1,-2,-1,1,-1,0,1,0
9.692126,-5,-1,0,-1,-1,-1,-2,-1,0
9.692134,-1,0,-1,-1,-1,0,-1,2,0
9.714467,0,1,0,-2,-1,-2,0,-1,0
9.714472,1,1,-1,-2,-1,-1,0,1,0
9.714580,0,3,0,-1,0,-1,-1,0,0
9.714602,-2,-1,0,0,-1,-1,0,0,0
9.730230,0,0,0,-1,-1,1,-1,0,0
9.730235,3,-1,-2,0,0,-1,-1,2,0
9.730238,-1,-2,0,-2,-1,-3,-2,-1,0
9.730240,-1,2,0,0,-1,0,-1,-3,0
9.741919,-2,-4,1,-2,-1,-1,0,3,0
9.743739,-2,-2,-1,-2,-3,-1,-2,-3,0
9.751131,0,1,-1,-1,1,-2,0,0,0
9.751136,-2,-4,-1,-1,0,0,-1,-3,0
9.765724,0,0,-2,-1,1,1,0,0,0
9.765747,-2,-1,-1,-2,-2,0,1,0,0
9.767199,-3,-2,-2,0,-1,0,-2,-2,0
9.767241,1,1,-2,0,1,-1,-2,-1,0
9.788533,1,1,-2,-1,1,-2,-2,0,0
9.788560,-1,-2,1,-1,0,0,0,-1,0
9.791315,1,2,-2,0,0,-1,-1,-1,0
9.791320,1,0,-2,-2,-3,-1,-1,1,0
9.802144,0,2,1,-2,-1,-1,-1,-1,0
9.802172,-1,1,-2,-1,1,-1,-2,-1,0
9.811266,-3,-3,-1,-2,-1,-1,0,-1,0
9.811270,-1,0,-1,0,0,-2,1,-3,0
9.825800,0,-2,0,-2,-2,-1,0,-1,0
9.825817,-2,1,-1,-1,0,-3,0,-3,0
9.827256,-3,-5,-1,-1,-2,0,0,0,0
9.827275,0,0,0,0,-1,-1,-1,-1,0
9.848159,-1,-1,-2,0,-1,-1,-2,-4,0
9.848186,-2,-1,-2,1,-2,0,-3,-1,0
9.849669,0,0,-1,-3,0,0,1,-2,0
9.849708,1,-1,-1,-1,1,-2,0,1,0
9.861947,0,1,0,-2,-1,-1,-1,0,0
9.861963,-2,-1,2,0,-1,-2,-2,0,0
9.871662,-1,-1,-2,-2,-2,-1,-2,-3,0
9.871668,-1,-3,-2,0,-1,-1,0,1,0
9.885831,1,2,-2,-1,-2,-1,-1,0,0
9.885886,-2,-1,2,0,-1,-1,0,-1,0
9.887489,0,1,0,0,-2,0,-2,3,0
9.887544,-3,-1,-1,-2,0,0,0,-3,0
9.908290,-1,-1,-1,-1,-3,0,0,0,0
9.908309,1,-1,-3,-1,1,-1,-1,-2,0
9.910310,1,0,-2,-1,0,-1,-1,-1,0
9.910316,-2,1,-1,-3,-3,-2,-2,-2,0
9.921669,-1,-3,0,0,0,-1,0,4,0
9.921691,-2,-1,0,-1,-2,0,-3,-7,0
9.931548,-3,-2,-1,-2,-1,-1,0,-1,0
9.931554,1,0,0,-1,0,-1,0,1,0
9.948132,0,-1,0,0,-1,1,-1,0,0
9.948137,-2,-2,-1,-2,-2,-1,-1,-1,0
9.948140,1,-1,-4,0,0,-2,-1,1,0
9.948141,-3,-2,-1,-1,-2,-1,-2,-2,0
9.968382,-3,-1,-1,-2,-1,-1,0,-2,0
9.968403,-1,-3,-1,0,-1,-2,-1,-1,0
9.970002,2,-1,-4,-1,2,-1,0,1,0
9.970007,-2,1,-1,-2,0,-1,0,-2,0
9.990769,-1,-3,-1,0,-1,-1,-2,-1,0
9.990788,-2,-1,-3,-3,-1,-1,-2,-3,0
9.992974,0,1,1,-1,-1,-1,-2,-2,0
9.992982,-1,-1,-2,-1,0,-1,-2,-2,0
10.006283,1,2,0,-1,-2,-1,-1,1,0
10.006308,-2,-4,-2,-1,-2,1,0,2,0
10.008656,-2,0,2,0,-2,-2,-1,-1,0
10.008663,-1,-2,-1,-1,0,-1,-2,-1,0
12.030482,-97,-21,-12,-12,-19,2,2,-27,2
12.031043,73,40,-1,-2,6,11,-2,3,2
12.031051,65,105,7,-1,-7,-6,-10,-41,2
12.031056,-59,-128,-9,0,-2,-4,-6,17,2
12.052881,57,43,-12,-2,2,10,27,-3,2
12.052906,-20,7,-1,-1,2,-14,0,-8,2
12.055350,29,54,-8,-4,-10,13,-24,33,2
12.055356,39,-52,3,4,27,8,-3,-3,2
12.074993,19,39,-1,-4,-6,13,-7,-8,2
12.075010,19,-1,0,3,-4,24,23,67,2
12.075876,-78,-40,-7,-2,-22,29,-6,-57,2
12.075897,-34,-94,-10,0,8,-36,-8,-37,2
12.089929,-24,31,9,6,1,-19,10,34,2
12.089954,-44,-102,-12,-3,3,56,-10,-49,2
12.090737,-35,-76,10,2,-2,-72,7,0,2
12.090813,85,47,-3,-6,-18,24,-4,-2,2
12.112457,-54,-10,-15,-4,-6,-9,-2,16,2
12.112484,14,-60,0,-2,7,5,-2,-44,2
12.113811,54,40,-8,2,8,20,4,11,2
12.113820,-14,-107,19,0,-10,27,2,-10,2
12.136646,10,-17,-20,-4,-3,-26,-25,4,2
12.136651,-94,123,13,0,2,4,14,-20,2
12.136653,20,-80,-8,-6,9,-4,-7,39,2
12.136655,115,127,-2,-2,-4,-15,21,-49,2
12.152176,-67,-35,-12,-10,-8,13,-10,6,2
12.152181,81,74,-5,1,-6,-21,-14,5,2
12.152183,-45,50,7,-2,4,2,28,13,2
12.152184,-31,124,-1,2,-4,4,-20,27,2
12.172615,-47,-112,14,5,4,9,16,-14,2
12.172645,71,34,-5,-6,-10,-26,-7,-17,2
12.175341,-62,-61,3,1,-4,-1,-4,-7,2
12.175354,68,29,-3,2,-3,-1,8,49,2
12.195241,-74,-61,-11,-3,-10,39,-14,-77,2
12.195264,45,77,20,13,17,3,1,52,2
12.197686,37,-5,-17,-9,4,5,-3,-15,2
12.197692,-79,-35,-7,-5,17,-17,-14,-10,2
12.210015,127,68,8,3,20,14,33,51,2
12.210033,-87,-65,-4,-3,-22,12,0,0,2
12.212547,-14,123,4,2,11,-7,-12,15,2
12.212557,-55,-99,-25,-7,-9,62,22,-5,2
12.232510,83,81,-7,-3,-1,-20,1,26,2
12.232532,-77,65,13,3,3,-5,-9,-30,2
12.232981,-8,-50,-16,-1,1,-4,-3,-20,2
12.232995,-47,-39,-4,2,-5,-7,7,0,2
12.255373,91,35,15,-1,0,-9,-11,-20,2
12.255402,-36,-97,-1,1,-2,-4,6,3,2
12.258138,78,87,-14,-9,-6,0,-8,19,2
12.258145,-120,8,-17,-2,-6,1,15,-30,2
12.270332,0,-30,12,5,-14,-9,-2,17,2
12.270362,3,55,-11,-7,23,1,-10,-2,2
12.271693,-6,-90,6,-2,-3,23,26,-3,2
12.271702,-17,29,8,4,12,-22,-27,-4,2
12.292552,28,-28,-7,-5,-14,0,5,-17,2
12.292570,48,20,4,2,19,11,17,6,2
12.293179,-111,-16,-1,-3,-4,8,-12,-13,2
12.293271,109,-46,7,0,-6,-30,8,41,2
12.314942,-84,89,25,10,10,-11,-11,-35,2
12.314962,-64,-125,-14,-6,-16,3,-13,-6,2
12.315869,108,24,-20,-6,-15,30,6,21,2
12.315873,-35,-26,10,1,-9,-25,0,-39,2
12.330163,-6,-11,5,2,-2,-20,-10,-25,2
12.330186,78,29,1,7,20,35,10,3,2
12.331975,-96,-28,3,-3,-14,-10,-21,34,2
12.331980,-35,82,-1,-1,4,0,18,-15,2
12.352519,-35,12,-18,-7,6,-4,-6,15,2
12.352563,11,35,2,0,-24,-13,0,1,2
12.353008,98,49,23,11,-7,-21,7,-21,2
12.353021,7,-7,-16,-5,16,18,-56,3,2
12.374991,-65,-115,-25,-6,-5,-11,7,-4,2
12.375010,-5,18,-4,-9,-8,-8,-1,15,2
12.376607,13,-20,7,9,8,-16,-11,6,2
12.376612,43,49,2,-2,-22,-3,1,7,2
12.390199,55,16,1,2,1,10,1,14,2
12.390229,-23,19,-2,-5,-7,-11,-9,-17,2
12.392000,-36,-67,-1,1,3,-7,4,-3,2
12.392013,33,85,21,7,-6,9,12,-15,2
12.414243,99,101,-17,-10,17,-3,-18,2,2
12.414252,-8,20,-1,-2,-1,-10,9,16,2
12.414254,-87,-72,-21,-10,6,12,-6,-39,2
12.414255,-3,-34,5,0,-30,-6,8,25,2
12.435098,-3,50,11,3,3,-13,-14,11,2
12.435120,-3,40,14,7,-5,22,12,-21,2
12.436607,-14,37,-7,-7,-2,-20,-4,-12,2
12.436615,-7,-128,-19,-8,-4,0,-25,2,2
12.449920,-82,-35,1,5,-4,-3,1,14,2
12.449945,34,6,-2,-2,2,-16,-4,29,2
12.450975,-11,43,4,2,0,2,5,-22,2
12.450979,48,95,9,3,-4,6,3,16,2
12.474663,-98,-104,-9,-5,6,-10,7,-10,2
12.474670,11,3,-10,-2,2,2,-2,10,2
12.474672,55,-53,2,1,4,12,-2,27,2
12.474674,-27,58,4,1,3,-1,6,-4,2
12.495334,77,83,8,-2,-1,14,4,-9,2
12.495364,-16,-109,-5,-3,-6,-20,-6,21,2
12.495797,-40,40,11,0,0,18,0,-6,2
12.495816,26,53,-3,2,10,0,1,7,2
12.509690,-35,-9,-11,-2,7,2,14,0,2
12.509707,8,31,-8,-4,-17,-12,-18,2,2
12.519725,54,-78,7,3,1,-7,7,4,2
12.519731,-73,34,-2,-6,-21,-3,-12,-19,2
12.533520,46,26,10,2,20,0,12,26,2
12.533579,-13,-24,-7,-7,-2,16,14,-16,2
12.533583,-51,-91,-26,-10,-15,-10,-7,-32,2
12.533587,45,83,17,5,22,6,2,44,2
12.555600,-55,-70,-9,2,-14,-5,-2,-32,2
12.555634,43,71,26,5,11,9,-4,-8,2
12.557595,-12,60,2,1,-15,-56,-10,-26,2
12.557600,-78,-67,-7,-3,3,6,4,23,2
12.570780,-23,31,-10,-3,-11,8,-11,-9,2
12.570801,-20,-100,-12,0,5,-9,4,-4,2
12.573474,20,35,7,3,8,1,-8,13,2
12.573484,49,-82,-19,-8,4,-3,8,-26,2
12.592529,-1,-40,1,-1,-16,26,9,-12,2
12.592553,-28,-33,-9,-3,15,0,-23,29,2
12.594612,80,11,-5,-3,-4,2,-1,12,2
12.594616,-86,-15,1,-1,5,-12,2,-3,2
12.615059,81,111,18,4,-4,5,-3,40,2
12.615078,-26,13,-1,0,7,3,10,-88,2
12.615455,2,-24,-6,-3,-1,4,6,20,2
12.615497,2,-27,-11,-7,2,-3,-10,0,2
12.630077,1,60,6,2,-6,10,-9,-12,2
12.630093,21,0,-19,4,4,-30,-1,26,2
12.631179,62,46,21,-3,-10,-1,-2,14,2
12.631184,10,32,8,5,-13,9,15,-26,2
12.652740,-21,-52,-2,0,5,2,-16,-10,2
12.652763,26,39,-12,-3,-6,1,2,7,2
12.654523,4,47,-11,2,10,16,11,-6,2
12.654527,53,72,9,-2,-6,-11,-14,42,2
12.675648,-51,26,-6,-4,4,-12,0,-68,2
12.675658,-6,-32,19,2,-1,-12,3,13,2
12.675835,-64,32,-28,-7,1,-15,-11,4,2
12.675850,3,-28,16,7,-11,23,11,-13,2
12.692577,-60,-63,-20,-12,-1,-20,-13,-15,2
12.692586,2,-15,10,1,-1,66,-18,-21,2
12.692588,13,52,23,7,-2,-52,20,33,2
12.692589,-9,25,-5,4,35,33,13,-2,2
12.712967,62,-53,-11,-5,-23,-1,4,54,2
12.712997,-22,-29,-11,-8,-11,-19,-40,-45,2
12.714610,-27,-41,-8,-3,4,24,7,-39,2
12.714615,35,38,7,2,6,3,6,19,2
12.735824,45,40,13,9,7,-18,-4,-20,2
12.735854,-38,80,-2,1,-8,5,17,30,2
12.738187,54,-63,32,4,-2,3,-16,20,2
12.738193,-86,47,-26,-15,-16,-27,-4,-42,2
12.749219,29,43,14,6,10,26,13,30,2
12.749242,-2,14,-10,-1,-20,-20,-1,-8,2
12.765035,17,105,-1,-1,28,19,3,-13,2
12.765063,26,-60,-7,-1,4,-38,-5,11,2
12.772942,-22,-99,-11,-4,3,0,-9,-26,2
12.772969,5,0,-8,-8,10,8,6,20,2
12.775190,-70,53,4,1,-17,-76,-6,-30,2
12.775197,29,-29,4,3,-8,22,-2,26,2
12.795178,-55,33,3,3,26,4,-7,-10,2
12.795200,80,16,2,-1,-47,-14,19,11,2
12.796882,-17,91,-2,-3,6,50,-27,-17,2
12.796891,-19,-70,-14,-3,-1,-16,18,-16,2
12.809396,-68,-8,3,1,-10,2,19,17,2
12.809415,3,29,11,4,20,-3,1,1,2
12.818084,-26,-25,-6,-1,-13,20,10,2,2
12.818118,-25,-32,8,4,-1,15,-23,-5,2
12.832459,28,127,-7,-3,-8,-2,-10,-3,2
12.832482,-38,-108,-12,-5,4,-15,11,9,2
12.833040,-64,-114,-18,-1,-2,17,-12,-10,2
12.833054,73,59,8,-4,3,-10,-8,-8,2
12.855456,-22,-28,0,4,-7,-4,4,17,2
12.855496,63,58,-5,-3,-4,4,-5,13,2
12.857504,19,-50,0,1,18,-2,3,7,2
12.857510,-6,-6,-1,-2,3,2,15,9,2
12.869775,53,-29,5,-4,-13,-6,-22,8,2
12.869805,-26,7,8,6,6,3,0,-5,2
12.877685,27,21,-1,-2,2,5,-3,5,2
12.877700,43,106,9,5,-11,-9,-12,0,2
12.892503,38,30,-4,-10,11,-1,25,-3,2
12.892525,-93,-20,-18,-14,-16,-2,-4,-18,2
12.893163,-2,12,-1,0,-9,-30,2,1,2
12.893182,13,80,13,2,5,6,5,21,2
12.915665,-50,109,20,17,-1,-8,-17,-19,2
12.915687,40,-93,-27,-11,7,3,6,-17,2
12.917754,9,80,-6,-11,-23,-31,-38,-14,2
12.917758,66,42,2,-4,13,11,4,22,2
12.929452,-35,-128,0,0,-1,-6,-7,-10,2
12.929474,3,34,17,14,7,16,-8,14,2
12.937581,1,-5,-3,4,-4,25,22,19,2
12.937610,-2,-40,1,-4,-14,-12,-5,-17,2
12.953877,127,-28,-3,-3,12,48,-2,45,2
12.953886,-106,72,7,3,6,13,-15,-79,2
12.953890,30,-108,-4,-3,-30,33,11,-23,2
12.953894,-75,-27,-17,-4,36,34,17,-28,2
12.974942,-28,13,-5,-4,-17,-19,12,10,2
12.974960,38,-30,2,0,8,12,-2,18,2
12.976775,54,99,25,9,7,5,-6,2,2
12.976783,-85,-29,-17,-5,-22,-20,-12,-6,2
12.989477,-32,-104,-19,-6,2,8,-13,-15,2
12.989502,35,60,11,6,2,-8,32,25,2
12.999135,0,40,-5,-8,1,-14,-6,8,2
12.999140,-13,-75,9,6,-2,0,-1,9,2
13.014951,-103,-9,-1,-4,3,-11,-7,-35,2
13.014956,67,39,-27,-12,-20,-33,-16,35,2
13.014958,-11,25,2,2,25,11,2,-44,2
13.014960,67,39,4,3,-4,5,3,-21,2
13.043293,-75,-67,-30,-12,9,8,-6,-7,2
13.043363,57,82,15,4,-17,-26,7,-4,2
13.045294,-1,-20,-8,0,0,10,11,21,2
13.045301,25,62,12,4,8,-2,-9,0,2
13.049472,17,-51,1,-1,1,29,16,-3,2
13.049491,-28,-26,7,-3,0,9,-53,-22,2
13.057676,23,70,-5,-3,2,-73,17,59,2
13.057699,-108,-105,-13,-4,-8,-15,-8,-49,2
13.072773,63,1,-5,-7,-32,2,-8,-11,2
13.072804,-61,95,11,-3,26,26,0,13,2
13.074884,42,-47,2,5,1,30,11,17,2
13.074894,-37,15,-2,-1,-12,-18,0,-15,2
13.094824,-7,-15,0,7,1,-11,-4,15,2
13.094845,34,36,20,3,8,19,4,9,2
13.095551,67,-125,-20,-9,-6,-1,-11,-9,2
13.095568,41,106,5,4,7,-8,2,118,2
13.118223,-35,-12,6,1,-12,-21,-8,-99,2
13.118254,-54,-96,-11,-10,5,-22,0,12,2
13.119732,-98,-7,8,0,-6,-6,-3,7,2
13.119735,54,-61,-7,1,13,18,23,15,2
13.132436,50,127,18,6,1,34,-33,24,2
13.132459,-62,-65,-22,-5,-12,0,16,-9,2
13.133354,-21,111,6,2,5,28,0,-18,2
13.133358,66,-128,-14,-10,-10,1,-17,-15,2
13.154823,-27,95,14,3,11,21,20,47,2
13.154830,105,55,7,7,-9,-45,27,-19,2
13.155601,-86,-24,-18,-9,-6,9,-23,-7,2
13.155620,-9,127,18,5,-3,3,-5,0,2
13.178320,100,73,5,1,8,13,13,16,2
13.178344,-95,-56,-8,1,2,-40,0,11,2
13.179968,49,-59,-10,-1,3,-8,26,45,2
13.179976,-71,81,-6,-2,-4,-12,-66,-50,2
13.192592,-23,-11,-14,-9,-9,3,-2,25,2
13.192611,-13,-56,6,1,5,10,11,-13,2
13.194296,-23,-33,0,4,-6,-17,8,-2,2
13.194302,40,52,16,2,12,-26,1,32,2
13.215153,30,-126,-15,-2,-15,18,2,2,2
13.215177,-6,45,9,4,-15,35,8,-13,2
13.217815,51,-47,-1,1,13,14,-27,61,2
13.217824,79,37,-9,-11,-17,-20,-40,-30,2
13.238237,22,-30,-5,-6,0,-56,-19,-21,2
13.238252,18,37,3,2,6,14,4,7,2
13.240127,-98,-36,-11,-10,-3,6,-14,-64,2
13.240132,17,16,4,1,-5,9,17,25,2
13.252682,11,22,1,-1,9,-5,16,-22,2
13.254144,-6,1,-7,-1,-12,6,-13,24,2
13.254148,-23,77,9,6,0,13,13,-39,2
13.254150,42,37,8,-4,2,4,23,26,2
13.275057,34,-80,-4,-4,-6,-32,-4,0,2
13.275079,-9,6,9,5,10,36,9,13,2
13.276921,-45,-38,-10,-8,-16,-15,-4,-7,2
13.276930,-42,-87,-12,1,33,17,9,18,2
13.298121,0,127,27,15,-2,49,-5,10,2
13.298139,-100,-128,-33,-20,-7,-71,-6,-40,2
13.298842,6,127,2,2,-13,19,-2,-20,2
13.298854,-40,72,4,1,5,6,3,-7,2
13.312437,-28,34,-5,-1,-1,7,-4,-24,2
13.312457,83,4,2,-1,3,-2,16,18,2
13.313496,-20,19,12,2,9,-11,-5,-1,2
13.313516,21,-35,-11,2,-19,35,29,-22,2
13.335100,2,50,9,-5,-13,-80,-32,23,2
13.335129,-33,-48,-5,-3,-8,13,2,-12,2
13.336290,24,18,-6,-5,28,6,1,10,2
13.336294,55,0,8,1,-2,33,2,-38,2
13.358160,-26,-34,-6,-2,11,-68,2,57,2
13.358177,-35,92,13,1,-16,-20,-20,-52,2
13.358827,99,-7,-3,0,1,-4,2,21,2
13.358842,-53,-20,-8,-3,-9,-13,3,-8,2
13.372390,40,-2,1,1,-9,16,14,5,2
13.372409,42,50,8,8,20,-3,-16,10,2
13.373200,37,-6,15,0,-9,18,14,21,2
13.373218,-128,-57,-10,-6,-3,-2,-6,-43,2
13.395238,113,-24,-9,-2,-31,-20,0,44,2
13.397289,28,32,4,2,3,5,-13,-19,2
13.397298,12,68,9,8,6,11,-3,-15,2
13.397302,-21,-128,-13,-11,-29,-38,-15,14,2
13.419464,-28,29,1,0,29,34,21,14,2
13.419470,-5,54,-1,0,3,-12,-16,-27,2
13.419472,-15,-97,3,-1,-3,-6,1,-6,2
13.419474,18,-50,-3,1,-3,-8,1,4,2
13.435092,-9,81,15,-1,7,37,0,-33,2
13.435098,92,45,3,0,-4,28,8,45,2
13.435100,-79,-5,1,2,-3,-10,5,5,2
13.435102,98,-24,11,2,0,-15,-7,28,2
13.455195,-97,-13,-8,1,1,-4,-7,-10,2
13.455218,21,-123,-32,-12,-5,17,2,-23,2
13.457471,-19,88,5,0,7,-8,1,0,2
13.457477,32,51,7,5,12,6,-6,-10,2
13.478581,34,5,5,-2,-10,-6,6,31,2
13.478588,19,61,-2,-5,14,-4,-9,5,2
13.478925,39,-84,-14,-4,-5,-3,-1,12,2
13.478932,-84,-2,-5,-5,-5,-12,-9,7,2
13.492457,71,16,-4,1,-2,-2,7,-9,2
13.492484,-84,28,10,5,4,4,4,-16,2
13.494456,-3,72,8,0,4,-14,-13,-6,2
13.494463,18,57,-13,-8,-7,20,1,-24,2
13.515005,-9,16,-10,-4,1,63,-1,-25,2
13.515025,-36,-25,-1,1,-12,-64,2,1,2
13.515951,10,64,2,-6,4,-7,-11,0,2
13.515954,23,-81,-3,1,-15,16,15,6,2
13.538553,-47,19,2,0,4,2,8,-28,2
13.538651,24,63,4,0,13,51,0,19,2
13.541673,94,-40,1,4,-4,-16,6,3,2
13.541680,-35,-12,2,4,14,47,-3,31,2
13.552667,-56,-128,-33,-14,-27,-74,-3,-16,2
13.552696,18,35,16,3,25,27,-5,3,2
13.555782,-24,12,2,2,-10,-5,3,-14,2
13.555789,86,127,17,8,22,12,5,35,2
13.574887,-58,-73,-17,-11,-11,4,0,15,2
13.574905,35,33,-15,1,-18,-2,-16,-70,2
13.576023,34,54,-1,-1,0,8,-1,-5,2
13.576038,-18,67,13,3,0,-25,-2,-4,2
13.598113,29,-12,-7,1,11,-6,3,12,2
13.598130,-51,-11,-3,-6,-11,-32,-15,24,2
13.599098,-26,5,-8,-2,0,37,19,-9,2
13.599102,-23,-37,-2,-2,-8,-6,20,-16,2
13.612919,32,-6,0,-5,4,-18,-19,-8,2
13.612949,-22,-96,-5,-2,-3,27,4,-2,2
13.615288,33,-9,0,4,-1,-47,-11,15,2
13.615292,-13,51,-6,-6,4,-31,-19,4,2
13.635153,-82,-40,-16,-7,-11,14,5,-8,2
13.635166,44,28,15,3,-28,-19,8,20,2
13.635634,12,-19,-12,-3,35,39,-5,5,2
13.635730,-11,-68,-3,-3,-28,-14,6,15,2
13.658148,35,121,24,9,37,2,-17,-24,2
13.658167,7,-35,-17,-9,-8,4,-12,11,2
13.660113,73,82,8,-2,12,87,46,9,2
13.660120,-34,104,-5,-1,-29,-85,-21,-56,2
13.672320,26,-61,3,6,1,18,-12,-13,2
13.672367,28,-10,6,1,5,14,29,65,2
13.680572,-68,62,10,-1,-14,-19,-23,-42,2
13.682720,-60,-70,-13,-5,15,33,8,17,2
13.697210,-97,127,11,-1,-5,-10,2,-12,2
13.697219,27,-18,4,4,5,-9,2,4,2
13.697223,72,53,1,-5,-14,-22,-12,16,2
13.697228,6,-58,-5,-1,-8,32,35,-10,2
13.718004,18,14,0,1,13,-64,-10,19,2
13.718022,77,91,20,0,-5,-21,6,-6,2
13.719934,-25,22,0,11,-2,-13,-4,-42,2
13.719938,25,-44,-31,-14,-6,2,-21,-10,2
13.732116,38,86,7,-1,-2,11,2,-13,2
13.732136,-24,-66,-5,0,-2,17,4,27,2
13.740337,10,-80,-4,-1,10,-14,3,22,2
13.740385,-11,20,0,-2,3,0,-11,4,2
13.755908,10,-21,8,9,2,15,21,26,2
13.755940,-24,49,-7,-11,-6,-2,-22,-40,2
13.758315,-67,-27,-13,-6,-14,-7,4,-6,2
13.758329,75,-76,-10,0,12,10,-5,16,2
13.778403,-77,-37,6,-1,-6,10,-18,2,2
13.778426,-16,87,4,8,4,6,20,3,2
13.779101,-2,-128,-18,-5,6,-7,-11,43,2
13.779222,30,52,20,7,-15,0,-15,4,2
13.792016,72,114,21,3,-9,-1,5,-27,2
13.792024,-9,-60,-10,-5,4,-2,-6,-6,2
13.800107,-41,3,10,2,-5,1,2,10,2
13.800130,9,127,6,-1,5,-14,-10,6,2
13.814970,-17,-121,0,5,-1,22,20,7,2
13.814994,24,124,-11,-7,3,51,-36,0,2
13.816147,-64,-89,-8,-3,-12,-59,4,-10,2
13.816151,9,106,-5,-1,4,18,7,-28,2
13.838159,-29,-78,-23,-4,2,-17,-3,14,2
13.838182,-15,80,-1,2,6,18,10,1,2
13.838771,-6,2,11,2,-8,22,-8,-1,2
13.838797,64,77,6,-1,0,-19,-7,3,2
13.853900,-62,56,-9,-5,-12,5,-2,-17,2
13.853906,-45,-128,-7,12,5,-13,-6,35,2
13.860334,-37,127,-13,-9,-9,2,-5,5,2
13.860356,-21,38,6,4,0,-1,10,43,2
13.875031,98,-38,-3,-12,2,15,19,-25,2
13.875049,26,40,-2,2,-6,-26,-6,2,2
13.876914,-30,113,21,4,4,22,41,-8,2
13.876920,42,-128,-21,-1,7,3,-15,19,2
13.899751,34,-1,-4,-9,-9,-4,-32,-62,2
13.899757,16,-64,4,-2,0,-16,5,-8,2
13.899759,8,59,5,3,0,4,1,-17,2
13.899760,-62,-43,-2,-5,-6,4,4,-33,2
13.912197,44,94,1,5,2,-1,-1,47,2
13.912221,-75,52,-1,-4,-12,-10,1,-30,2
13.920238,-10,17,-10,-6,22,32,-27,-2,2
13.920259,15,-29,3,1,-8,6,0,-4,2
13.934818,5,-71,1,5,2,-40,-1,12,2
13.934834,-57,-49,-15,-16,-7,-9,-5,-14,2
13.936287,39,101,16,16,-4,37,2,19,2
13.936290,-1,58,-7,-7,2,25,0,-7,2
13.959428,-31,-81,-13,-2,-7,-1,6,-12,2
13.959438,47,26,12,1,9,13,-12,-6,2
13.959440,-16,11,-3,-5,-8,-31,-15,-68,2
13.959442,-91,-54,-4,-4,4,-22,8,28,2
13.971934,67,39,-4,-2,0,36,6,-25,2
13.971964,-16,108,6,5,0,-13,29,13,2
13.980325,-7,-128,-12,-6,0,-13,-9,18,2
13.980348,0,48,14,7,-1,3,9,-16,2
13.995560,-34,30,2,3,10,7,-7,25,2
13.995582,55,-87,0,0,0,13,4,-13,2
13.996156,4,42,-1,3,-13,-17,5,14,2
13.996172,16,-11,-8,-4,6,-57,-19,0,2
14.019115,-29,113,16,3,-4,-4,4,19,2
14.019143,10,21,-12,-5,-18,-25,2,-56,2
14.021402,-95,-10,-12,-7,-5,32,-7,26,2
14.021409,54,9,7,3,1,-35,4,11,2
14.040982,-12,70,7,0,0,-2,-15,-43,2
14.041063,-30,-15,7,4,11,0,4,30,2
14.041418,73,-106,-5,-3,-8,-12,-7,2,2
14.041434,-35,2,-13,-8,-6,20,1,-17,2
14.055332,-8,-25,5,2,3,1,-2,-17,2
14.055348,37,-54,-5,-4,0,4,-5,28,2
14.055522,6,-68,-2,-2,-1,-4,-1,-21,2
14.055534,-27,-6,1,6,10,24,3,-7,2
14.078236,60,98,6,0,-1,-2,3,28,2
14.078265,15,40,0,-2,-4,8,-4,10,2
14.080406,2,116,4,3,11,-4,-6,-32,2
14.080414,-63,-56,-3,2,-10,6,2,2,2
14.100581,10,65,-2,-3,-7,-1,-2,-12,2
14.100596,-72,-89,-12,-6,0,-7,0,-18,2
14.101268,49,82,-2,-9,-12,14,-39,5,2
14.101282,-5,73,14,4,14,1,-11,-9,2
14.114800,-2,-51,2,3,2,-6,38,38,2
14.114807,-15,127,5,5,20,20,24,-6,2
14.115529,6,-119,-1,-1,-17,-36,7,12,2
14.115543,26,82,2,-3,1,24,-6,-24,2
14.138099,-35,34,4,-5,-9,9,-8,39,2
14.138117,-14,1,-17,-8,-7,-25,-27,-49,2
14.139968,61,82,3,6,8,7,8,-6,2
14.139975,46,19,-6,-19,-10,2,5,0,2
14.160597,-21,65,11,13,15,-10,-5,-24,2
14.160604,44,95,6,6,-10,9,3,0,2
14.161197,28,-72,-6,-8,-1,-3,1,4,2
14.161211,-5,-63,-7,-1,-2,19,-2,16,2
14.176612,-18,39,-1,-4,-12,-33,-4,-13,2
14.176623,-67,-15,1,0,-2,-6,-16,-11,2
14.176625,25,-95,-19,-5,0,28,24,6,2
14.176627,-42,-33,2,-1,-6,-1,22,13,2
14.198080,-30,-45,-9,-3,4,7,-17,1,2
14.198098,38,75,14,5,-3,-8,-5,32,2
14.198952,4,54,10,3,6,-45,-8,14,2
14.198955,18,-27,-3,4,0,16,36,18,2
14.220935,-37,74,4,-1,-7,6,-2,-24,2
14.220958,-48,-111,-22,-16,-12,52,-14,-23,2
14.223312,-38,-72,-5,-3,18,-70,-5,-57,2
14.223320,26,109,5,5,-11,-6,-15,14,2
14.235573,13,-128,-12,-1,-2,7,1,16,2
14.235602,59,17,6,3,-11,-6,1,11,2
14.238262,-39,-7,-3,-2,6,21,0,6,2
14.238270,-33,-6,2,2,4,-5,-7,-22,2
14.258057,110,54,2,-6,-5,-1,4,7,2
14.258079,-75,-79,0,5,20,-14,0,-4,2
14.258877,-6,62,0,-1,-20,57,-2,-13,2
14.258904,27,-15,-5,2,3,-31,4,18,2
14.280666,14,-47,-10,-8,-7,11,-5,20,2
14.280686,1,12,3,0,3,-13,-1,28,2
14.281634,-19,79,23,10,-1,4,9,-30,2
14.281638,-12,4,-4,-3,4,6,-8,-12,2
14.295808,6,-5,-7,-8,5,3,-2,18,2
14.295829,45,14,19,11,3,9,10,12,2
14.298717,-61,-3,-2,-5,-10,-10,-8,-4,2
14.298728,56,127,22,11,2,3,-10,6,2
14.318253,-94,-128,-45,-19,8,-8,-18,-10,2
14.318268,88,127,-4,-3,-18,24,25,-43,2
14.318945,-18,108,-5,-3,-1,40,0,19,2
14.318964,80,72,4,0,5,-8,-3,1,2
14.340904,-66,-41,-13,-4,-7,13,19,5,2
14.342788,19,55,1,2,-2,-32,-53,29,2
14.342798,-12,23,-3,-2,1,-14,3,-16,2
14.342800,-18,16,11,6,2,16,-3,1,2
14.354455,65,20,14,8,-4,-5,9,-8,2
14.354484,37,-40,0,-4,6,3,3,25,2
14.363917,-12,-94,-7,-2,-6,-6,27,-2,2
14.363922,-37,-12,-4,-2,-1,-15,-13,-16,2
14.378931,49,65,10,11,-3,70,4,1,2
14.378937,-39,-28,-28,-15,29,-51,19,23,2
14.379582,70,-39,-4,1,-6,-59,-33,6,2
14.379596,14,-87,-10,-8,-20,-7,9,4,2
14.400777,-79,37,-2,-3,-13,-26,-7,-45,2
14.400798,-11,33,15,8,5,21,-7,1,2
14.402967,45,22,-4,-4,0,50,12,22,2
14.402971,-93,54,-3,1,6,-14,7,-39,2
14.414661,75,-86,10,2,9,-12,-4,43,2
14.414690,63,-116,-22,-8,-9,13,0,-4,2
14.425135,-41,101,8,-1,1,-33,-12,-3,2
14.425146,37,-128,-29,-11,-8,9,-16,19,2
14.440755,15,-22,13,4,9,5,15,11,2
14.440762,-49,-93,-16,-7,-10,-5,-11,-76,2
14.440764,-43,45,-5,0,-2,9,6,21,2
14.440766,35,127,18,7,2,9,7,-7,2
14.460544,38,90,13,5,1,-14,-19,40,2
14.460565,73,-8,10,1,-6,-14,6,-50,2
14.463377,-73,-57,-13,-5,8,-13,-3,-5,2
14.463382,-102,-38,2,-3,-22,24,0,-2,2
14.474444,-12,-17,-7,0,9,-11,8,-12,2
14.474461,15,21,10,4,-4,24,2,16,2
14.483726,38,16,13,7,1,-8,-11,7,2
14.483735,27,-68,-14,-9,-1,-15,6,19,2
14.498840,57,54,11,3,-2,2,-10,-30,2
14.498861,-31,42,-10,-6,-1,2,-8,48,2
14.502619,-32,-61,-2,-10,-1,9,13,-6,2
14.502629,5,-17,-4,6,3,-10,-10,7,2
14.521310,14,105,8,0,-4,-1,-2,-13,2
14.521334,11,-68,4,1,3,0,4,18,2
14.522505,39,-7,2,0,-3,-1,-1,13,2
14.522526,18,72,9,0,3,0,-1,-24,2
14.534251,63,98,7,4,-18,2,22,67,2
14.534329,-65,30,-21,-8,32,-11,-54,-54,2
14.544535,20,33,0,-3,-24,-11,16,9,2
14.544543,15,-72,-1,-2,3,2,13,-18,2
14.558203,6,-87,-18,-4,1,-5,-7,-10,2
14.558221,-19,9,3,-4,-16,-16,18,18,2
14.559719,28,63,2,3,10,17,-12,11,2
14.559743,45,50,3,-1,6,0,-13,-23,2
14.580694,-18,-27,-2,-3,-17,-13,8,-9,2
14.580715,-66,50,15,9,13,4,-18,-25,2
14.582143,65,-101,-9,-5,2,27,24,-24,2
14.582176,7,-50,-7,3,-2,43,12,22,2
14.594622,17,44,-4,-7,4,0,-2,-9,2
14.594628,-16,78,4,2,4,-2,3,2,2
14.606371,74,-44,-6,-2,-13,-11,-6,33,2
14.606381,-14,72,0,-2,-16,-15,-7,11,2
14.618592,0,-47,-5,-2,15,10,-10,-49,2
14.618622,21,114,6,-2,-10,5,24,28,2
14.621357,-7,117,14,7,19,-11,-23,-9,2
14.621362,-13,33,0,-1,-4,6,-1,9,2
14.641460,-57,-102,-8,3,1,-6,-11,-18,2
14.641467,12,-32,12,3,-7,-1,21,1,2
14.642271,-60,-128,-38,-10,-4,2,1,6,2
14.642294,-6,53,-1,-8,4,-15,-15,-23,2
14.657178,-23,127,4,2,3,-8,-5,-11,2
14.657185,25,-102,-1,3,-6,7,10,35,2
14.665376,-7,-34,11,5,-3,-4,-13,-23,2
14.665382,56,8,3,-3,4,-11,-7,-20,2
14.678582,-110,-55,-15,-7,3,1,-11,-27,2
14.678615,60,127,8,3,-6,7,18,39,2
14.681025,-10,-77,-19,-6,2,0,-7,22,2
14.681031,0,95,4,2,5,-4,7,6,2
14.701419,25,99,13,3,-10,-5,-5,6,2
14.701451,-20,-68,-17,-5,6,2,-4,-17,2
14.703992,31,61,14,1,-22,-14,4,24,2
14.704003,-95,-78,-5,-1,32,9,-8,-9,2
14.714445,31,-70,-1,2,-7,4,10,26,2
14.714478,-28,26,5,-3,-4,-4,-5,-15,2
14.725422,-16,-27,-10,-2,-2,-3,12,-4,2
14.725429,-35,-31,-4,-1,-16,-19,-57,-20,2
14.738611,-11,74,0,-4,4,-14,4,4,2
14.738656,27,75,8,2,0,8,9,23,2
14.739696,18,30,6,3,11,-7,-11,-13,2
14.739721,-16,-47,-8,-3,-6,38,-7,-11,2
14.760932,18,-91,-9,2,-11,-47,20,26,2
14.760948,11,16,-1,0,-4,-4,-9,-10,2
14.763378,37,123,11,-2,10,-4,1,-4,2
14.763386,-14,-23,0,3,-2,5,1,11,2
14.774640,15,3,-1,-3,1,21,-6,-2,2
14.774659,56,37,18,16,15,2,17,44,2
14.785443,-104,-51,-26,-17,-14,-6,-14,-45,2
14.785449,47,-50,-6,2,0,-23,11,22,2
14.798059,-45,80,4,-3,4,33,2,-26,2
14.798081,-24,-84,-18,-8,-8,-11,-5,12,2
14.799745,18,52,14,11,1,15,-2,-23,2
14.799777,-34,31,3,-4,12,-12,13,-8,2
14.822096,24,8,-1,0,-4,-4,-5,-3,2
14.822118,-15,-4,7,0,-3,7,-7,-13,2
14.825263,9,9,5,3,1,4,5,10,2
14.825270,98,88,15,4,0,6,34,-11,2
14.834401,-51,48,-6,-6,0,-25,-74,1,2
14.834424,-3,101,-9,-5,-6,35,-11,-11,2
14.843176,19,-73,-15,-7,-28,-79,14,7,2
14.843193,28,115,5,4,45,3,8,13,2
14.858569,25,-106,-8,-3,-16,7,13,16,2
14.858576,-50,4,-11,-9,-28,-43,-21,-3,2
14.859609,22,63,17,10,18,32,-1,-15,2
14.859626,37,60,-2,-10,-10,1,-3,14,2
14.881387,-8,-74,-12,4,9,-7,1,-11,2
14.881412,0,-24,-1,-3,9,-6,4,-3,2
14.883716,31,16,4,2,-8,8,2,-24,2
14.883720,-27,-4,2,0,-9,-7,6,15,2
14.894866,47,1,2,-2,13,16,10,17,2
14.894888,2,16,9,2,-18,-6,6,-18,2
14.905194,16,-82,-25,-13,17,55,-14,20,2
14.905202,-55,20,-2,-1,-11,-28,11,-4,2
14.918603,-32,38,-3,-4,-7,-2,14,1,2
14.918636,-32,-104,3,5,7,7,3,5,2
14.921663,37,127,20,9,-2,7,2,18,2
14.921670,-19,-128,-22,-11,16,-2,-21,-31,2
14.940999,-62,0,-2,1,-2,5,33,-4,2
14.941016,12,56,0,0,5,12,5,0,2
14.942453,48,90,3,-1,4,-4,-8,4,2
14.942526,-24,40,5,4,-15,-19,-9,-3,2
14.963071,24,-36,-17,-8,1,14,2,-15,2
14.963091,-35,-2,-15,-12,2,-3,-18,-34,2
14.964740,10,-70,-7,0,-1,-5,2,20,2
14.964752,-6,-42,5,3,-8,23,-3,6,2
14.977316,-26,52,0,-2,0,-16,11,6,2
14.977333,78,22,-2,-1,-4,-18,-25,7,2
14.987647,-128,-49,-3,-1,1,3,-1,-5,2
14.987652,46,49,3,0,-6,6,19,30,2
15.000676,73,2,9,2,5,8,-12,-34,2
15.000695,6,-80,-16,-6,-5,1,33,-1,2
15.002054,1,46,5,4,6,-16,-1,19,2
15.002117,-63,57,0,2,-3,2,-1,-10,2
15.023188,-10,48,-7,-5,-5,-2,-12,-27,2
15.023210,47,55,9,2,1,-5,-2,1,2
15.025447,2,64,6,0,-22,-3,-5,-7,2
15.025458,-34,-128,-18,-4,29,-3,-1,-8,2
17.048115,-2,-5,-2,-3,0,0,1,1,0
17.048551,-1,0,-1,-1,-1,0,0,-2,0
17.050464,1,4,2,0,1,-3,-2,-1,0
17.050469,-2,-3,-7,-3,-1,0,-1,-2,0
17.062648,-1,1,0,1,-2,-1,0,0,0
17.062667,-2,-5,-1,1,0,-1,0,-2,0
17.072006,-2,3,-2,-2,-1,1,0,0,0
17.072011,-3,-1,4,0,-2,-1,-2,-1,0
17.086863,0,3,-3,1,-1,-1,-2,-1,0
17.086868,-2,-3,1,-2,1,-1,-1,-2,0
17.087049,-1,6,4,0,-1,-3,-1,-1,0
17.087056,-1,-2,-2,-4,-1,-2,0,-1,0
17.108205,1,-6,0,1,1,-2,-2,-2,0
17.108227,0,0,-5,-7,-2,-1,-2,-1,0
17.109736,-1,1,2,6,0,0,-2,-1,0
17.109740,0,-7,-2,-1,-1,-2,-1,-1,0
17.122460,0,11,7,0,-2,0,0,-1,0
17.122481,-1,-4,-6,-2,-1,-3,-3,0,0
17.129429,1,7,1,-5,-1,-1,-2,-1,0
17.129459,1,-1,-4,-1,-1,-1,0,-1,0
17.145921,-1,-3,3,3,0,-2,-1,0,0
17.145944,-6,1,-1,0,-1,-1,0,2,0
17.148127,4,-1,-2,-2,-3,1,-2,-2,0
17.148133,-1,1,1,-2,-2,-1,0,-1,0
17.168408,-1,-5,-5,-3,-1,-3,0,-2,0
17.168428,-1,-3,1,3,-2,-1,0,-1,0
17.169604,0,-4,-4,-1,0,-3,-2,1,0
17.169620,-2,0,-1,-3,-2,0,-2,-1,0
17.182452,-2,1,-1,0,0,0,0,0,0
17.182474,-1,-2,0,0,-1,0,-1,0,0
17.189420,-2,-2,3,-1,0,-1,0,-1,0
17.189442,2,3,-3,-6,-1,0,-1,-1,0
17.206009,0,-4,-8,4,-1,-1,1,-1,0
17.206041,-2,2,6,2,0,0,0,-3,0
17.208869,0,5,-2,-2,-1,-1,0,-2,0
17.208879,-2,-20,-4,-2,-1,-2,-2,-1,0
17.228121,-2,-1,-3,1,-3,-2,-2,-2,0
17.228147,0,-2,-1,-2,-2,-2,-3,0,0
17.234609,1,3,3,-1,0,0,1,1,0
17.234627,-2,4,1,-2,-1,-2,0,-1,0
17.242638,-1,-5,-2,-4,-3,-1,0,-1,0
17.242656,0,1,-1,-1,-4,-2,-2,-1,0
17.249373,-3,-1,-1,-2,-1,0,0,-1,0
17.249395,-3,0,-3,1,-1,0,-1,-1,0
17.265824,-1,-1,0,-1,-2,-1,-2,-2,0
17.265846,1,1,2,2,0,-2,0,0,0
17.267193,-1,-4,-4,-3,-2,-1,-1,0,0
17.267268,1,-1,-2,-1,2,-1,-1,-2,0
17.288541,-1,5,1,-1,-1,-2,-2,-1,0
17.288547,-3,-3,-3,-2,-1,0,-1,0,0
17.296901,-2,-4,-3,-1,0,-1,-2,-2,0
17.296908,1,2,4,1,-1,-1,-2,2,0
17.304376,-1,4,-5,-6,1,-1,-1,0,0
17.304382,0,-7,-2,4,1,0,-2,-1,0
17.309795,-1,-7,-5,-2,-1,-1,-1,-2,0
17.310849,-2,5,2,3,-3,0,-2,-1,0
17.325939,-1,-3,3,-4,0,1,0,-1,0
17.327206,-1,4,1,-2,-1,-2,-2,-1,0
17.327211,1,-1,-6,-2,-2,0,-2,-1,0
17.327256,-1,-6,-4,-2,-1,0,-2,0,0
17.350842,0,-1,-6,-2,-2,-1,-2,-1,0
17.350852,0,2,3,1,1,-2,0,0,0
17.350855,-6,-2,-1,-1,-1,-1,2,-1,0
17.350856,-1,0,-1,-2,-2,-1,0,-2,0
17.362242,0,-8,-2,0,-2,-1,1,-1,0
17.362266,0,-3,-2,0,-3,-1,0,-4,0
17.372673,-1,-1,-3,-5,-3,-2,-2,1,0
17.372683,0,2,-3,3,-1,-1,1,-1,0
17.385908,-1,2,0,1,-2,-1,-2,-1,0
17.385952,-5,-7,1,-1,0,0,0,1,0
17.387447,2,1,1,1,0,0,-2,-1,0
17.387454,-1,3,1,-3,-2,-2,-1,-1,0
17.408480,-1,-9,0,-2,1,-1,-2,-1,0
17.408498,-2,0,-2,0,-1,-2,-1,-2,0
17.410473,-3,-4,7,0,0,-1,-2,-2,0
17.410479,2,5,-3,1,-1,-1,-1,1,0
17.422328,-1,3,0,-2,-1,-1,-2,-2,0
17.422372,-2,-2,-1,-3,-3,-1,-2,0,0
17.433734,0,2,-2,0,-1,-1,0,-1,0
17.433740,-3,-2,-2,-3,-1,0,-1,-2,0
17.445703,-2,0,0,0,-1,-2,1,-1,0
17.445722,1,-3,-1,1,0,0,-2,-1,0
17.447267,0,1,-2,1,-2,-3,1,0,0
17.447291,0,0,2,-2,-1,-2,0,-2,0
17.468211,-2,-1,2,1,-2,-1,-2,-1,0
17.468234,0,2,-2,-1,3,-2,0,-1,0
17.470160,-1,2,7,-8,-2,-1,-1,-1,0
17.470168,-2,-9,-15,7,-1,-1,0,1,0
17.481876,0,21,3,-3,-1,0,0,1,0
17.481898,-1,-13,-1,0,-2,0,-1,-2,0
17.491073,0,-2,-6,0,-2,-1,-1,-1,0
17.491077,-2,-1,6,-4,0,-1,-1,0,0
17.507817,0,-5,0,-1,-3,-1,-1,0,0
17.507825,-2,1,-7,-2,-2,-1,0,0,0
17.507827,-1,4,8,0,-1,0,-1,-1,0
17.507829,0,0,2,-3,-1,-2,-1,-3,0
17.528164,-1,-3,-2,1,0,-1,-1,-3,0
17.528248,0,2,0,-2,0,-1,-1,-1,0
17.530632,-1,-5,-7,0,1,-1,-1,-1,0
17.530637,1,1,-1,-3,-3,0,-1,0,0
17.541826,-1,-3,0,-1,-1,-1,-2,0,0
17.541932,-1,0,-1,-4,-3,-2,-3,-2,0
17.553491,-1,-2,0,8,-1,-2,-1,-1,0
17.553497,-2,-2,1,2,-1,-1,-1,-1,0
17.565829,1,-4,-3,-3,0,0,0,-1,0
17.565857,-1,3,-1,-1,-3,-1,0,0,0
17.568246,-1,-6,-3,-4,-1,-2,-2,-1,0
17.568252,-2,6,3,-1,-1,-1,-2,-2,0
17.588793,1,-2,-6,0,-1,0,1,-1,0
17.588817,0,-1,2,-2,-1,-2,-3,-2,0
17.590336,-2,-3,-3,-1,0,-1,1,-2,0
17.590346,-1,-4,-1,0,-2,1,-1,-2,0
17.601864,-2,-6,0,-2,-2,-2,-2,-1,0
17.601886,1,6,-2,-1,0,0,0,-1,0
17.611399,-1,0,0,-2,-1,-1,-1,-1,0
17.611409,1,-1,-3,0,-1,-1,-1,0,0
17.625626,0,2,-2,-1,1,-3,0,0,0
17.625645,0,-3,-1,0,-2,-1,-1,0,0
17.627559,0,-1,-1,0,2,0,-1,-1,0
17.627565,-1,-2,-4,-1,-1,-2,-1,1,0
17.648525,-1,-1,3,-3,-3,-2,-1,-2,0
17.648545,-3,1,2,2,-1,-2,0,-1,0
17.649898,3,1,-4,0,-2,0,0,0,0
17.649911,1,0,-1,-2,1,-1,-1,-2,0
17.661738,-2,-4,0,1,-1,0,-1,-2,0
17.661749,-2,-3,0,-5,-1,-1,0,-3,0
17.673322,-2,6,2,-3,1,-1,0,0,0
17.673330,-2,-4,-1,2,1,-1,1,-1,0
17.686019,0,-5,-1,-2,-1,0,-1,0,0
17.686049,-2,-3,-7,-1,1,1,-2,-1,0
17.687427,-1,8,3,-1,-2,-2,-1,-2,0
17.687431,-2,-8,2,-3,-2,-1,-1,0,0
17.708073,-3,-4,-9,0,0,-1,-1,1,0
17.708093,-1,-4,-1,-1,-1,0,-1,-1,0
17.709666,-1,-2,-5,-1,-2,-1,-2,-1,0
17.709682,2,5,3,-1,-1,-1,-2,-2,0
17.723945,0,-1,0,0,-3,-2,-1,-2,0
17.723952,0,1,-1,-2,-1,-2,-1,-1,0
17.731442,0,-2,-6,0,-1,-1,-2,0,0
17.731447,-2,0,-4,-7,-1,-1,-1,-1,0
17.745750,-3,4,5,6,0,1,-1,-3,0
17.745775,-1,1,2,0,-3,0,-1,-1,0
17.747129,-2,-1,-1,-3,-1,-1,0,0,0
17.747140,-1,-4,-3,1,-2,-1,-2,0,0
17.770080,1,-3,-4,-4,-1,-2,0,0,0
17.770086,1,0,5,1,-1,-1,0,-2,0
17.770088,-2,8,0,-1,-1,-2,-1,-1,0
17.770090,-1,-15,-3,0,-1,0,1,-1,0
17.782310,-1,-1,-2,-5,-2,-1,-3,0,0
17.782342,0,-1,2,0,-1,1,-1,-1,0
17.792132,-1,-4,-1,-1,1,-2,-3,-2,0
17.792141,1,-3,-6,-2,-1,0,-3,1,0
17.806225,0,8,4,-3,0,-1,-1,-2,0
17.806244,0,-2,-6,-2,-1,-3,-1,1,0
17.808118,-1,-2,1,-2,-2,0,0,-1,0
17.808125,-1,5,-1,0,-1,-3,-1,0,0
17.828625,1,-8,-2,1,-2,0,-1,-3,0
17.828654,-2,4,-4,-1,-3,-1,0,0,0
17.831074,-1,-4,1,-3,-2,0,0,-1,0
17.831080,-1,-2,-1,1,-1,-1,-1,-1,0
17.850853,-1,1,1,2,1,-1,-2,-1,0
17.850876,-1,-2,-1,-2,-1,-1,-1,-1,0
17.852727,-1,-4,-5,-2,-3,-1,-1,-1,0
17.852735,-1,2,1,-2,-2,-1,0,-1,0
17.866252,0,1,-1,0,-2,-2,-1,0,0
17.866274,-1,2,4,1,1,-2,-1,-2,0
17.869143,-1,-3,-2,0,-1,0,-1,-1,0
17.869154,-1,2,-2,-3,-2,-2,0,-1,0
17.888762,0,-3,-4,-3,-2,-1,-2,0,0
17.888795,1,-3,-3,-2,-1,0,-1,-1,0
17.891278,-2,7,2,0,-1,0,-2,-1,0
17.891285,-3,-4,3,2,0,-1,-1,-3,0
17.910787,-1,-4,-2,2,0,0,-1,-2,0
17.910809,-1,-3,-1,-3,-1,-2,0,-1,0
17.912149,1,-7,0,0,-1,-2,0,1,0
17.912238,1,7,-7,-2,-1,2,-2,0,0
17.925676,-2,4,2,-8,-1,-1,-2,1,0
17.925690,-1,-2,-2,6,-1,-2,-1,-1,0
17.927201,0,1,2,-1,0,-1,0,1,0
17.927216,-2,-4,-5,0,0,-2,-1,-1,0
17.948114,-3,-4,1,-3,0,-1,0,0,0
17.948137,-1,-1,-2,-4,-1,-2,-1,1,0
17.949514,-1,-5,1,2,1,-2,-3,-2,0
17.949522,0,0,-5,-1,-1,0,2,0,0
17.970612,-1,2,-2,-1,-2,-1,-1,-1,0
17.970618,0,1,2,-1,1,-1,0,-1,0
17.972133,-1,-2,-1,0,-2,-1,0,-1,0
17.972159,-2,0,3,-3,-2,-2,-2,0,0
17.986071,-1,2,-1,-1,-2,1,-2,-1,0
17.986077,1,-5,0,-2,-1,-2,0,-1,0
17.992103,0,-2,-4,-5,-1,-1,-1,-1,0
17.992129,-2,10,11,6,-2,-2,-1,-2,0
18.015754,-1,-4,-1,-2,-2,0,-1,-1,0
18.015759,-3,-1,0,0,1,-2,-3,-2,0
18.017018,0,-2,-3,-3,-1,0,-1,-2,0
18.017050,1,-1,2,-1,1,-2,0,0,0
18.032342,-1,-1,0,4,0,-1,0,-2,0
18.032350,1,-2,-2,-4,-1,-2,0,-1,0
18.036991,-2,-1,1,2,-1,-1,-2,0,0
18.037005,1,-1,-1,-3,-3,-1,0,0,0
18.045291,0,-2,1,-1,-1,-3,-1,-1,0
18.045513,0,0,-2,-1,0,1,0,0,0
18.051771,-2,0,2,-2,-2,-2,0,-1,0
18.051785,-1,-2,-3,0,-1,-1,-2,0,0
18.068406,-1,-2,-3,-3,-1,-1,1,0,0
18.068427,-1,-4,-2,2,1,-1,-2,0,0
18.070541,-2,1,-5,-7,0,1,-1,-1,0
18.070545,0,4,3,3,1,1,-1,-1,0
18.090741,-2,-11,-6,0,0,0,-1,-1,0
18.090776,-1,1,-3,-2,-1,0,-1,-1,0
18.092977,-1,-3,-1,2,0,-1,-1,-1,0
18.092983,-1,-1,-1,-6,0,-1,-1,-1,0
18.104932,0,4,0,0,-4,0,-2,-1,0
18.104956,0,-6,0,3,-1,0,-1,-3,0
18.111887,2,15,7,0,-1,-3,0,-2,0
18.111917,0,-2,-1,-2,-2,0,-1,-1,0
18.128041,-2,1,0,-1,-1,-2,-1,-2,0
18.128061,-2,-4,-5,-4,-1,-1,-2,-3,0
18.129879,-2,-7,-2,0,-2,-1,-1,-1,0
18.129934,-1,-2,0,1,-1,-1,0,-2,0
18.150628,0,0,1,1,0,0,-1,0,0
18.150652,-1,4,2,-2,-2,-1,0,0,0
18.152050,-2,-2,-5,0,-2,-2,-1,0,0
18.152060,0,0,2,-3,0,-2,-1,0,0
18.164983,-1,-6,-3,1,-1,-1,-1,-1,0
18.165006,0,3,2,-2,-3,0,-1,0,0
18.171772,-1,1,1,2,-1,-1,-1,-1,0
18.171793,0,-1,-3,-4,-2,-2,0,0,0
18.187975,-1,-8,2,-2,-2,0,-1,-1,0
18.187982,-1,0,2,-2,2,-2,-3,-2,0
18.189960,1,-5,-4,0,-2,2,0,0,0
18.189977,-2,2,-6,-1,-1,-1,-1,-2,0
18.210683,-1,2,-3,-2,-2,0,-1,-3,0
18.210700,-2,2,5,0,-1,1,0,-1,0
18.212982,0,-8,-11,-4,-1,-1,-2,-1,0
18.212992,-2,2,0,1,-1,0,-1,-2,0
18.225042,0,2,-1,-1,0,-1,-2,0,0
18.225062,-1,-4,-6,-2,-4,-2,-1,-1,0
18.234350,-2,0,2,-1,0,0,0,-1,0
18.234355,-1,-7,0,-1,-1,-1,-2,-2,0
18.249463,1,-3,-2,0,0,-2,0,-1,0
18.249469,-1,2,2,-1,0,-2,-1,-2,0
18.249541,-2,-3,-2,1,-1,-1,0,0,0
18.249547,0,-3,-2,-3,-2,-2,0,0,0
18.271086,0,1,-1,-3,-1,-1,0,-3,0
18.271107,-1,-1,-2,2,-1,-1,0,1,0
18.273717,2,-1,-1,0,-1,0,0,-2,0
18.273722,-1,3,4,0,2,1,-2,0,0
18.285248,1,0,0,-4,-4,-3,-1,0,0
18.285270,0,-5,-7,-2,-1,-1,-1,-2,0
18.291785,-3,-2,5,-1,0,-3,-2,0,0
18.291804,-2,-1,2,1,0,1,-1,-2,0
18.309513,1,4,-2,-1,-1,-2,-1,-2,0
18.309519,-1,0,-3,-3,-2,1,0,-1,0
18.309647,2,-2,-1,-5,-2,-1,-1,0,0
18.309653,-4,1,2,3,-1,-1,-2,-2,0
18.330540,-3,-4,-4,0,1,0,0,0,0
18.330563,-2,-9,-4,-2,0,-2,-1,-1,0
18.331999,-1,6,2,3,-1,-1,-1,-1,0
18.332012,1,-3,-4,-1,-3,1,1,0,0
18.344417,-2,1,-2,-2,-1,0,0,-1,0
18.344440,0,-2,-3,0,-1,0,0,0,0
18.354662,-2,-3,-5,-5,-1,-1,-2,-1,0
18.354668,-1,-4,1,1,-1,-2,0,-1,0
18.370594,-2,-1,3,2,0,1,-2,-3,0
18.370600,-1,0,1,-1,-2,-1,-2,-1,0
18.370603,-5,-1,0,0,0,-1,-1,1,0
18.370604,-1,8,-7,-3,-2,-1,-2,-1,0
18.391015,-3,-18,0,-2,-1,0,-1,1,0
18.391040,-1,0,-2,-2,-1,-1,-2,1,0
18.392393,1,-2,0,1,-1,-1,0,-2,0
18.392408,-2,-1,1,-7,0,0,0,0,0
18.404402,0,8,2,5,0,-2,-1,-1,0
18.404416,-2,-2,0,1,-1,0,1,-1,0
18.415564,-2,-9,-3,1,1,0,-1,-1,0
18.415569,-1,5,2,-4,-2,-1,-1,1,0
18.428950,-1,-1,-3,-3,0,-1,-2,0,0
18.428990,-1,-1,0,-2,-1,-1,-1,-3,0
18.431488,0,3,-2,0,0,-1,-1,-1,0
18.431494,0,-8,-3,2,-2,-1,0,0,0
18.450696,-1,-3,-1,-2,-1,0,-1,1,0
18.450709,-2,2,3,-1,-1,-1,-3,-1,0
18.452198,-1,-4,-8,-3,-2,0,0,0,0
18.452261,0,-2,2,0,-2,-1,-1,-1,0
18.464933,-1,4,2,0,-2,0,0,0,0
18.464940,-1,-1,1,1,0,0,0,0,0
18.474684,-1,7,2,-3,-2,-2,-2,-3,0
18.474691,-3,-18,-4,0,0,0,-2,-2,0
18.489042,-2,3,3,-3,-1,-1,0,-1,0
18.489088,-2,-2,-6,-2,-1,1,-2,-1,0
18.491364,0,0,-1,-1,-1,0,-2,0,0
18.491375,0,18,8,0,0,-3,0,-1,0
18.510819,0,-2,-2,-1,-3,-2,0,-2,0
18.510833,-2,2,1,1,-2,-1,1,0,0
18.512216,-1,-3,0,-1,-2,-1,-1,-1,0
18.512231,-1,-7,-5,-2,-2,-1,-1,-1,0
18.526007,-1,-1,-4,-1,0,-1,-2,1,0
18.526018,0,2,-1,0,1,0,-2,0,0
18.534895,-2,-2,1,1,0,-1,-2,0,0
18.534900,1,-4,-2,-8,-1,-1,0,-3,0
18.548362,0,2,-1,8,-1,-2,0,-1,0
18.548431,-1,-3,-2,-3,-2,-2,0,-1,0
18.549649,-2,1,7,-1,-2,-2,-1,-1,0
18.549678,0,-2,-4,1,0,-1,-1,-2,0
18.570985,-2,2,0,-5,-1,-1,-1,-1,0
18.570990,1,8,4,0,0,0,-1,-1,0
18.572169,-1,-13,-10,-2,-2,-1,0,-1,0
18.572189,-3,-4,-12,-1,0,-1,-1,0,0
18.584672,-2,-1,-1,-4,-2,0,-2,-2,0
18.584705,2,-5,-2,-1,-1,-2,-1,-2,0
18.594536,-1,12,7,1,0,-1,0,-1,0
18.594542,2,-3,-1,0,-2,0,-2,-3,0
18.608184,-4,-4,-5,-3,-1,1,0,0,0
18.608202,0,-3,-2,-2,-1,-2,-2,-1,0
18.610107,0,-3,-3,-1,-1,-1,0,0,0
18.610112,-1,-2,0,-2,0,-2,-1,0,0
18.633040,0,0,2,4,1,-1,-2,-1,0
18.633046,-2,-2,-1,-2,-2,0,-2,-1,0
18.633048,-1,1,0,-2,-1,0,-1,-1,0
18.633050,-1,-1,-1,1,0,0,1,-1,0
18.645177,-1,-1,0,-5,-2,-1,-1,-2,0
18.647702,-2,7,-1,-1,1,-4,0,-1,0
18.653170,-2,-14,0,0,-1,-1,-1,0,0
18.653198,-2,-3,-4,0,-2,-1,-2,0,0
18.668543,1,0,2,-2,-4,-1,-1,-2,0
18.668571,-1,-2,-9,-1,-2,0,-2,2,0
18.670327,-2,3,0,-2,-1,-2,-1,0,0
18.670331,0,-1,4,-1,0,0,-1,1,0
18.690742,-2,-4,-2,1,0,0,-1,-1,0
18.690758,-1,15,14,0,0,1,0,0,0
18.692631,-1,3,1,-6,-3,0,0,-2,0
18.692639,-1,-1,-2,4,0,0,-2,-1,0
18.704864,-1,-4,-7,-1,-1,-1,-1,-1,0
18.704893,0,-8,-4,-3,-2,0,-1,0,0
18.715460,1,2,-2,0,-2,-3,-1,-1,0
18.715466,-1,0,1,-3,-1,0,-1,0,0
18.735974,1,2,1,-1,-3,-1,-2,-1,0
18.736002,-3,-5,-2,0,0,-2,-1,-1,0
18.737331,0,0,1,-2,1,-1,-2,-1,0
18.737336,0,-1,-4,-3,-2,-2,-2,-1,0
18.751010,-1,1,-3,-2,1,-1,-1,0,0
18.751039,0,2,0,-2,-2,-2,-1,-1,0
18.753075,-1,-13,-12,1,1,-2,-1,-1,0
18.753079,-2,17,18,2,0,0,0,1,0
18.773218,-1,-1,-1,0,0,0,-1,-2,0
18.773235,-1,-5,-2,-3,-1,0,-1,-3,0
18.774974,-1,4,1,-2,-2,-1,-1,-2,0
18.774994,-1,-6,-6,-8,-2,-2,0,0,0
18.787992,-1,-2,-2,8,1,-2,-2,1,0
18.788006,1,-4,-4,1,-1,0,-2,-2,0
18.789876,-2,0,-2,0,-2,0,-1,-2,0
18.789896,-1,-6,-7,0,-1,-1,-2,-2,0
18.810649,-1,1,-1,-6,-2,-1,-1,-2,0
18.810665,-1,-5,-2,-1,-2,-1,-1,0,0
18.812876,-1,3,2,-1,-1,0,0,-1,0
18.812884,-2,-3,-1,1,-1,-2,-1,-2,0
18.833181,-1,2,4,-4,1,0,0,-1,0
18.833284,-2,-2,-7,1,2,-1,0,-1,0
18.834529,-1,-2,2,-1,-2,-3,-2,0,0
18.834548,-1,-2,-5,-2,-2,-2,-2,0,0
18.847982,-1,-3,1,-1,-2,-2,-2,-1,0
18.847990,-3,5,4,-2,-1,1,0,-1,0
18.849692,-1,1,-2,0,-1,0,-1,-2,0
18.849757,1,-10,-2,2,-2,-1,-1,-1,0
18.871290,0,12,4,-3,-2,-2,0,-1,0
18.871321,-2,-1,3,-2,-2,-3,-3,0,0
18.874749,0,9,1,-6,-2,-2,-1,0,0
18.874765,-1,-3,-5,5,0,0,-1,0,0
18.892529,-1,-8,-2,-2,-2,0,0,-1,0
18.892536,0,0,-3,1,-2,0,0,-1,0
18.909570,-1,-2,-2,-1,0,-1,0,-1,0
18.909590,0,1,2,-2,0,-1,-2,-1,0
18.910285,-1,-3,-6,0,-1,0,0,-1,0
18.910368,-3,-1,1,1,0,-2,-1,-2,0
18.914389,0,-1,-1,0,0,0,0,-1,0
18.914410,-2,1,1,-1,-2,0,-2,1,0
18.930642,2,9,-3,-2,-2,-1,-1,0,0
18.930659,-2,-14,-4,-2,-3,-2,-1,-2,0
18.932087,-2,-4,-1,-1,-3,-1,0,0,0
18.932094,-3,2,0,-2,-2,-1,-2,0,0
18.960895,-1,-1,2,-2,1,-2,-1,-1,0
18.960960,-1,2,-2,-2,0,1,-1,-1,0
18.962493,0,-6,-3,0,-1,-2,-2,1,0
18.962497,-1,12,6,-3,0,-1,1,-1,0
18.970248,0,-3,0,0,-1,-1,-1,-1,0
18.970257,1,-3,-2,1,-1,0,1,0,0
18.974449,-1,-4,0,1,0,-1,1,0,0
18.974470,0,-5,-9,1,-1,0,0,-2,0
18.990718,0,-3,-1,-4,-2,0,-1,-2,0
18.990738,-1,2,2,-4,-1,-1,-2,-1,0
18.992318,1,7,-2,-1,-1,0,-1,-1,0
18.992327,-3,-18,-2,-3,-3,-2,-2,-1,0
19.016316,-1,-1,-2,-1,-1,-1,0,-1,0
19.016322,0,0,4,2,0,0,-1,0,0
19.016325,0,-3,-4,-2,-2,-2,-2,0,0
19.016327,0,18,10,0,1,-2,-1,-3,0
19.028056,-2,-7,-1,0,-1,-2,-2,0,0
19.028085,-2,-3,-2,-2,0,-1,0,1,0
19.034935,0,2,1,-2,-1,-1,-2,-2,0
19.034962,0,-3,-3,1,-1,-1,-1,0,0
19.050650,0,-4,-1,2,-2,-1,-1,-1,0
19.050737,1,3,-4,-5,-2,-2,-1,-2,0
19.052179,-1,-4,-4,0,-2,0,-2,-2,0
19.052250,0,-5,-2,-4,-1,0,-1,0,0
19.075465,-2,3,3,-2,0,0,-2,-2,0
19.075471,-1,-2,-1,-1,-2,-3,-2,-1,0
19.075474,-2,-3,-1,-1,0,-2,-2,-1,0
19.075476,3,12,0,0,-1,0,0,-3,0
19.087479,-4,-12,-4,-2,-2,-2,-2,0,0
19.087508,-2,-1,3,1,-2,1,0,-1,0
19.094190,0,-11,-7,0,1,-1,-1,-1,0
19.094206,-2,2,-1,-1,-1,-1,-1,-2,0
19.110868,1,6,0,1,-1,-2,-1,-1,0
19.110957,0,-2,-4,-1,-1,-1,0,-2,0
19.112014,0,3,6,-7,-1,0,-1,0,0
19.112048,2,-8,-12,6,-1,0,1,0,0
19.133481,0,-3,-2,-3,-1,-1,-1,-1,0
19.133503,-1,0,1,2,-1,-3,-2,-1,0
19.136061,-1,0,-2,-1,-2,-1,-1,-1,0
19.136069,-1,-3,3,-3,0,-1,-1,0,0
19.147759,0,0,2,-1,0,0,-1,0,0
19.147782,1,-2,-4,-1,-2,0,0,0,0
19.154377,-1,6,3,0,-2,0,1,-1,0
19.156600,-1,7,3,-2,-1,-2,-1,-1,0
19.170491,-2,-16,-5,1,0,-1,-1,-1,0
19.170498,-1,-1,-1,-2,-1,0,-2,-2,0
19.172280,-1,-1,-2,0,-1,-3,-2,0,0
19.172303,-1,-10,-6,-1,0,-2,-1,-2,0
19.193121,-1,13,2,0,-2,-1,-1,0,0
19.193141,-1,-5,-6,-1,-1,-1,0,0,0
19.194746,-1,-1,1,0,0,-2,-1,-2,0
19.194758,-3,-2,-2,-3,-1,-1,-1,0,0
19.207562,-2,-3,-2,0,1,-1,-1,-1,0
19.207579,1,-2,-2,-4,-1,-1,-3,-2,0
19.214182,-1,3,2,-4,-3,-1,-1,-1,0
19.214205,-1,-7,-4,0,-1,-2,-1,0,0
19.230583,0,-2,0,-1,0,-1,0,-1,0
19.230631,0,5,5,3,2,1,-2,1,0
19.232116,0,-3,-3,-2,-1,-3,0,-1,0
19.232189,0,6,0,-3,-3,-1,0,-2,0
19.260593,-2,-4,-2,-2,-3,-1,0,-1,0
19.260617,-2,-3,-2,0,-1,-2,0,-3,0
19.262148,-1,0,-1,2,1,1,0,-1,0
19.262161,0,-6,0,0,0,0,0,-2,0
19.266761,0,7,1,-2,-1,0,2,0,0
19.266783,0,0,0,-4,0,-1,-2,0,0
19.275699,-1,-2,-2,-4,0,0,-1,-2,0
19.275772,-3,-4,-4,2,-1,-1,-1,-2,0
19.291819,-1,10,4,-3,1,-2,-1,-1,0
19.291828,-3,-4,-1,-2,0,-1,0,-1,0
19.292212,0,1,4,-2,-2,-2,-1,0,0
19.292222,0,-5,-2,-3,0,1,-2,0,0
19.313267,-2,-8,-6,-2,1,-1,0,-2,0
19.313289,-2,4,2,-2,-3,-2,-1,-2,0
19.315635,-2,0,2,3,-1,0,-2,-2,0
19.315643,-1,-2,0,-2,-2,-1,-1,0,0
19.326857,0,3,2,0,-1,0,-2,-2,0
19.326875,0,0,0,-2,-3,-1,-1,-2,0
19.337488,0,-8,-6,-5,0,-1,-1,0,0
19.337493,1,2,3,5,1,-2,-1,-1,0
19.352985,-2,-2,-2,-2,-1,-1,0,-1,0
19.352994,1,2,-2,-2,-3,-1,0,-1,0
19.352999,-3,-1,-4,-2,-3,-1,-1,-1,0
19.353002,-2,-4,-2,-4,-1,-1,-1,0,0
19.373251,-1,10,3,0,-2,-2,-1,-1,0
19.373277,1,-3,-3,-2,0,-1,0,1,0
19.375974,-2,1,-2,2,-1,-1,0,-1,0
19.375988,-1,-3,0,-2,0,0,0,0,0
19.387071,-2,-6,2,1,-2,1,-2,-2,0
19.387240,0,1,-3,0,0,-1,-1,0,0
19.398343,1,-1,1,2,0,-1,-2,-1,0
19.398349,0,3,2,-2,-1,-1,-1,0,0
19.410975,0,-3,-1,-4,-1,-1,-1,-1,0
19.413308,0,4,1,3,0,-2,0,-2,0
19.413314,-2,-5,-2,-6,1,0,0,0,0
19.413316,-1,-3,-6,6,-1,0,-1,-2,0
19.433139,-2,-1,-2,-1,0,-1,-1,0,0
19.433162,0,-4,-5,-3,-1,1,-1,0,0
19.434876,0,2,0,3,-1,0,0,0,0
19.434971,-1,3,3,-4,-1,-1,-2,-2,0
19.446733,1,-4,-2,-2,-3,-1,-2,-1,0
19.446752,0,-7,-5,-2,-2,0,0,0,0
19.457889,-1,6,2,-1,-1,-2,-2,-2,0
19.457899,-2,-1,-2,-4,-2,-1,-1,0,0
19.470812,-1,-4,-3,2,0,-2,-2,-2,0
19.470841,-3,3,1,-2,-1,-2,-1,-2,0
19.473991,0,-7,-5,1,1,0,-1,0,0
19.473996,-1,0,1,0,-2,-1,0,-3,0
19.492716,1,-1,-4,-6,-2,1,-2,1,0
19.492723,-2,-5,1,5,1,0,-1,0,0
19.493100,0,-3,-5,3,-1,-2,-2,-1,0
19.493109,1,11,-3,-2,-1,0,0,-1,0
19.515449,-1,-12,-1,-2,0,-2,-2,-2,0
19.515478,-1,-2,1,-3,-1,-1,0,-1,0
19.517841,0,2,7,-1,-2,-2,-2,-1,0
19.517846,-1,-2,-5,-2,-1,-2,0,1,0
19.530051,-1,3,-3,-3,1,-1,-1,0,0
19.530067,2,0,-1,-1,-2,-2,-1,-1,0
19.531329,0,1,1,0,-3,0,-2,-2,0
19.531334,-2,-2,-3,-1,-2,-1,-1,0,0
19.555165,2,4,5,0,0,0,-1,1,0
19.555206,-1,-12,-6,-2,-1,-2,0,-2,0
19.555208,0,17,8,-3,0,-1,0,-1,0
19.555211,-1,-2,3,-3,-1,-1,-2,-1,0
19.574980,-2,0,-1,4,-2,0,-1,-1,0
19.574998,0,-1,4,0,1,-1,-2,-1,0
19.576273,-2,-7,-12,-7,-1,-2,0,-2,0
19.576277,-1,0,2,3,2,-1,-2,-1,0
19.589874,0,-1,-2,-3,-3,-2,0,0,0
19.589893,0,10,0,0,-1,0,0,0,0
19.592342,-2,-15,-1,-1,-1,-1,-2,-1,0
19.592355,0,-1,1,-3,-2,-1,2,-2,0
19.612888,-1,-2,-3,1,0,-1,-2,-1,0
19.612910,-1,1,-3,-2,-2,-1,-2,-1,0
19.615442,2,4,0,0,-1,0,-1,-2,0
19.615447,-1,-6,-3,-2,-1,-2,-1,-2,0
19.635522,-3,0,2,-1,-1,-2,0,-2,0
19.635543,0,7,2,-2,-1,0,1,-2,0
19.636248,-2,0,-1,2,-1,-1,0,0,0
19.636271,-2,-2,-2,-9,0,-1,0,-1,0
19.649926,0,-5,-6,4,-1,0,-2,-2,0
19.649949,-2,-4,-2,1,-1,-1,-3,-2,0
19.651343,-3,-3,-6,0,-2,-1,-2,-1,0
19.651351,0,8,0,-1,0,-1,-1,0,0
19.672950,-1,-19,-4,-3,-2,1,0,0,0
19.672982,0,1,1,-1,0,-2,-1,0,0
19.675327,-2,-2,2,2,-1,-1,-2,0,0
19.675335,-2,1,3,0,-1,-1,-2,-1,0
19.703636,-1,5,3,-2,-1,0,-2,-1,0
19.703664,-1,-4,-6,0,-2,0,-3,-3,0
19.706740,-1,-1,1,-1,-1,0,-2,-2,0
19.706745,-1,0,1,1,-1,-2,-3,-1,0
19.709858,-2,4,1,-1,-2,-1,-2,-1,0
19.709881,-2,-6,-2,-5,-1,-1,-1,0,0
19.710543,2,-6,-4,-3,1,-1,-1,-2,0
19.710576,0,11,7,3,-3,-1,1,-2,0
19.732396,-2,1,1,-2,-2,-2,0,3,0
19.732416,-2,2,-1,0,-1,-1,-2,-1,0
19.733852,-1,0,0,-1,0,-2,-1,0,0
19.733860,1,-8,0,0,-1,-1,-1,-1,0
19.757236,0,-2,-9,-9,0,-2,0,-1,0
19.757241,-1,2,1,7,1,0,0,-1,0
19.757243,1,11,0,1,1,0,-1,0,0
19.757245,-1,-21,-5,-1,-2,-1,-2,0,0
19.772896,0,1,-2,-1,-1,-1,-1,-3,0
19.772904,-2,-2,-1,-7,0,0,0,-1,0
19.772906,0,-4,0,-1,-2,-1,1,-2,0
19.772908,-2,6,1,1,-3,-2,0,-1,0
19.792588,-2,0,0,0,0,-1,-2,0,0
19.792612,-2,-2,0,0,-1,0,0,-1,0
19.793479,0,-7,-2,-1,-2,-1,-1,0,0
19.794910,-1,9,1,-4,-1,0,-1,-1,0
19.815138,1,0,1,-5,-5,-3,-2,-2,0
19.815159,1,11,2,7,1,-1,0,-1,0
19.817030,-4,-16,-7,2,-2,-1,-1,0,0
19.817034,0,-8,-8,-3,1,-1,-2,-1,0
19.830453,-1,-1,0,0,0,0,0,-2,0
19.830482,0,-2,-1,0,0,0,0,-1,0
19.832472,0,1,-2,-5,-2,-2,-1,0,0
19.832478,-1,-3,-2,1,-1,-1,0,0,0
19.852308,1,3,-2,0,0,0,-1,-1,0
19.852315,0,-1,0,-6,-2,-1,-1,-2,0
19.853029,0,2,1,3,1,-1,0,-2,0
19.853093,-1,-2,-1,-3,-3,-2,-2,-2,0
19.874984,-3,2,1,3,-1,-1,0,0,0
19.875007,-2,-6,-6,-8,-3,-1,-1,0,0
19.876551,-1,2,6,1,-1,-3,-1,-2,0
19.876562,1,0,-5,1,-1,0,-2,1,0
19.890310,0,-9,-1,0,-2,-1,1,-1,0
19.890328,-3,-2,-6,1,-1,-2,-2,-1,0
19.891886,-1,12,0,-7,-2,-1,-1,-1,0
19.891891,-1,-10,2,1,2,-1,0,-1,0
19.912412,0,-2,0,2,1,0,-1,0,0
19.912464,-2,-4,-1,-3,-2,0,0,0,0
19.913128,0,-1,-1,-3,-2,-1,-2,1,0
19.913142,-2,4,-3,-2,-1,-1,-1,0,0
19.935139,0,-1,-6,-1,-2,0,-1,-1,0
19.935168,0,-3,3,-1,0,-3,-1,-1,0
19.936840,-2,4,-3,1,1,0,-2,-2,0
19.936846,0,-1,-2,-1,-2,-1,-2,-2,0
19.949885,0,0,1,1,0,-1,-2,0,0
19.949908,-1,-2,-4,-2,-3,-1,-2,-1,0
19.958771,0,-2,-1,0,-2,-1,-1,-1,0
19.958778,-2,-1,-2,-1,-1,-1,0,0,0
19.974347,-1,-8,-1,-1,1,0,0,-1,0
19.974353,0,12,-3,-1,0,-1,1,0,0
19.974355,-1,1,1,0,0,-1,-1,-1,0
19.974357,0,6,0,-1,-1,0,-1,0,0
19.995821,-1,-8,1,0,-4,-2,-2,-2,0
19.995852,-1,-7,0,0,-1,-2,-2,0,0
19.996407,-2,-8,-6,0,-3,-3,-1,-2,0
19.996448,0,6,1,-4,-1,-1,-1,-1,0
20.009838,-3,0,-3,-1,-1,-2,0,0,0
20.009859,-1,-3,2,0,0,-1,-1,-1,0
20.010803,-2,2,1,-3,1,-1,-1,0,0
20.010807,-3,-5,-2,-2,-1,-1,-1,-2,0
20.032423,1,2,-1,2,0,-4,-2,-1,0
20.032444,0,-3,-1,-2,-2,0,-1,-2,0
20.033674,0,3,5,0,-1,-1,0,0,0
20.033678,-1,-5,1,-1,-3,0,0,0,0
22.058269,22,-5,3,0,-7,1,11,8,2
22.058540,60,-27,-4,-7,-6,-7,-8,7,2
22.058753,0,-18,6,6,14,-10,4,16,2
22.058768,30,-46,-13,-2,4,15,5,-11,2
22.080672,-42,-24,-11,-7,-6,36,-20,7,2
22.080690,125,84,32,12,2,0,-1,-24,2
22.081816,-15,26,4,-1,1,2,-13,33,2
22.081821,13,71,4,1,-25,-11,18,-9,2
22.094966,82,-4,-12,0,37,22,8,72,2
22.094987,-25,40,-22,-12,-17,10,-14,-56,2
22.096573,-50,94,1,2,-5,-4,14,-1,2
22.096585,4,-34,-5,-3,-3,5,-13,-2,2
22.118066,-2,5,3,9,-1,-13,-1,-6,2
22.118080,-72,82,6,-5,-1,19,29,-8,2
22.118829,36,-122,-13,-6,-1,-50,-36,-5,2
22.118848,-43,-45,2,2,-2,26,-3,2,2
22.140695,72,93,6,-5,-16,-14,-8,23,2
22.140715,-16,1,-7,10,15,-13,-3,18,2
22.143216,-46,32,8,-8,-20,7,22,-8,2
22.143223,-45,-56,-14,-5,13,-6,-1,-3,2
22.163987,-81,61,5,0,-15,-25,-11,-17,2
22.163994,34,35,7,-5,4,0,-9,-6,2
22.163996,63,-21,-2,6,6,14,3,16,2
22.163998,38,-10,-4,-4,-19,-14,-8,-13,2
22.180233,-57,10,-14,-10,25,-23,9,-9,2
22.180239,36,-84,-14,-1,2,-19,-40,4,2
22.180242,-37,-15,-5,5,0,41,18,-11,2
22.180244,-15,34,2,-5,0,-2,0,20,2
22.200975,53,118,22,3,-10,10,21,51,2
22.200999,21,-91,15,-2,-5,-23,0,-56,2
22.202766,32,124,-13,-3,5,20,-19,-7,2
22.202774,-25,-76,1,-2,23,57,-9,1,2
22.214286,31,-17,11,13,-26,-46,-4,15,2
22.214307,-17,28,4,3,0,83,37,1,2
22.222810,51,61,4,-1,-7,-62,-2,16,2
22.222827,-14,63,-6,-1,16,1,15,24,2
22.238586,-49,17,-4,-2,3,19,18,-40,2
22.240862,0,-38,-16,-10,-5,-27,-3,22,2
22.240870,-6,46,14,4,4,11,-4,2,2
22.240872,-18,-15,-13,-3,-4,-27,16,-2,2
22.260673,29,57,21,1,9,0,-22,-47,2
22.260694,9,-1,-15,-5,-22,-35,8,41,2
22.261342,-42,-10,-5,-3,8,16,10,-44,2
22.261359,20,-8,9,6,8,-8,13,7,2
22.274272,-119,-2,-7,-4,-17,6,-17,-22,2
22.274323,5,84,0,-1,-1,11,28,-8,2
22.282388,52,35,17,4,16,-15,-29,19,2
22.282405,-39,37,-9,-4,-38,-26,-5,-19,2
22.298452,23,-80,-17,-4,-49,-10,8,-4,2
22.298474,15,-71,-11,-2,55,14,-20,24,2
22.301132,37,48,22,3,-12,59,32,29,2
22.301145,58,102,-20,-9,6,-81,-47,-4,2
22.321110,-41,-76,12,1,16,6,26,-30,2
22.321125,-13,102,-23,-4,-19,-9,-8,74,2
22.321628,-18,-128,1,-1,-5,22,-4,-44,2
22.321650,68,92,5,4,11,28,5,-2,2
22.334145,42,56,-12,-2,-12,1,-15,3,2
22.334159,5,46,74,10,6,-14,-7,-6,2
22.342573,19,-51,-16,-2,19,-1,-6,9,2
22.342591,-86,-48,9,-2,-35,28,31,26,2
22.358100,4,87,-18,-2,46,-27,-22,-32,2
22.358126,18,-112,-30,-2,-2,39,1,-11,2
22.360165,-63,76,7,-2,-2,-24,-8,0,2
22.360171,49,12,-1,-3,2,4,5,-9,2
22.380748,13,127,16,8,-5,-2,8,21,2
22.380762,-37,5,-17,0,3,-10,-10,-14,2
22.381294,-13,-15,10,-4,-1,-25,9,8,2
22.381307,26,-128,-15,-6,-7,-6,-41,-33,2
22.394163,-9,42,-6,-10,-8,21,9,15,2
22.394179,-34,-62,-1,4,-2,-8,-9,4,2
22.402762,-21,33,-24,1,-18,-22,22,-1,2
22.402789,2,79,15,3,13,5,-8,-10,2
22.418393,21,-48,1,-4,5,1,-10,6,2
22.418423,-5,-83,-14,-5,-18,7,1,-11,2
22.419641,13,-36,-8,-6,-10,-82,2,5,2
22.419689,28,32,4,3,16,-1,5,8,2
22.441457,71,-101,-2,2,-9,17,-5,-9,2
22.441470,-27,56,-25,-7,1,-22,-5,0,2
22.441472,5,27,10,6,0,34,3,-2,2
22.441474,3,-92,-4,-7,30,0,-10,-6,2
22.454705,9,-32,5,-1,-11,-19,10,12,2
22.454745,49,-10,4,10,-4,5,8,-2,2
22.478236,-21,80,3,-8,-1,44,-12,-3,2
22.478258,-12,-105,-17,8,4,-36,48,4,2
22.480215,-45,71,4,2,-5,63,-4,35,2
22.480219,36,-9,14,-4,-2,-29,-4,0,2
22.484586,-81,-48,-23,-10,-32,-9,-8,-53,2
22.484605,52,43,4,4,17,24,1,12,2
22.502212,24,39,27,-2,23,4,-1,-14,2
22.502219,28,112,10,3,-3,-3,8,14,2
22.502221,-14,29,-6,0,8,10,-18,16,2
22.502223,-74,-16,1,3,-15,-3,-3,-44,2
22.514734,-2,-44,-17,-5,0,-33,-6,16,2
22.517526,-69,-75,9,-1,5,19,-3,-25,2
22.523344,-47,29,-7,0,-2,-8,-11,-25,2
22.523363,-11,16,-10,-7,1,-3,-10,11,2
22.537933,34,32,0,3,-3,-19,7,-21,2
22.537957,36,-53,1,0,-3,1,1,12,2
22.544615,28,-23,-9,-3,7,47,27,19,2
22.544637,-24,2,8,3,-2,-51,-43,-6,2
22.560914,-64,-57,-8,-6,-6,0,-16,29,2
22.560982,91,84,12,5,0,-1,-11,2,2
22.563595,-38,-40,-4,-2,-1,-48,14,-14,2
22.563601,-33,24,2,-2,3,47,17,29,2
22.583560,19,13,-5,-1,-27,-12,-10,26,2
22.583580,-28,119,23,-1,-7,-10,-3,-6,2
22.584841,39,30,-5,0,12,-13,-8,14,2
22.584987,69,111,25,7,9,60,10,33,2
22.597408,-46,-57,-15,-5,-8,-26,-4,-30,2
22.597427,-43,15,-15,-4,12,27,11,-5,2
22.604338,86,50,-11,-3,-11,-26,-29,27,2
22.604354,15,-72,2,0,-10,-1,-6,-21,2
22.620747,13,45,2,4,25,21,1,7,2
22.620769,-24,-91,-7,-4,-28,-12,-3,-37,2
22.622886,5,80,16,-2,30,6,11,-1,2
22.622901,16,-38,-25,-2,-15,-21,-2,3,2
22.643103,1,31,2,3,5,-10,-11,4,2
22.643121,14,87,6,-1,-15,53,23,-16,2
22.644537,26,-38,-1,3,-1,-12,32,-12,2
22.644549,29,89,11,-2,4,1,9,26,2
22.657964,34,-24,-24,-4,-7,1,7,-3,2
22.657975,-62,44,-11,-11,8,-10,-19,1,2
22.667105,32,31,-6,1,-6,25,-12,-6,2
22.667111,-20,59,67,14,-5,-25,-10,-42,2
22.680604,-3,31,20,2,3,14,-11,-23,2
22.680624,57,-22,-17,-4,9,4,29,-1,2
22.682116,-4,-17,-37,-8,-10,-13,-52,2,2
22.682169,-80,79,3,0,3,-11,9,-2,2
22.702946,-18,26,22,5,-5,-2,-6,-14,2
22.702960,67,-120,15,3,-15,-2,-5,15,2
22.704486,-43,-23,-14,5,27,16,8,20,2
22.704516,-59,74,-13,-12,-25,2,-1,-35,2
22.718074,-5,-28,-23,-8,-12,-11,1,19,2
22.718080,55,-20,-2,3,10,47,13,19,2
22.724484,59,55,28,0,2,5,-64,28,2
22.724504,-64,-106,-37,-10,-1,25,7,8,2
22.741226,58,97,18,7,-3,-34,15,-17,2
22.741242,37,7,-13,-3,9,-27,-16,27,2
22.743065,0,113,8,5,-7,66,11,-33,2
22.743070,-11,-126,0,-1,3,-79,13,-3,2
22.763819,63,33,-10,-6,-7,7,-11,2,2
22.763823,-63,127,17,7,25,-15,-7,-33,2
22.764483,-1,-110,-10,-5,-7,-4,6,-10,2
22.764490,3,17,0,-3,-36,16,0,3,2
22.780273,-65,-50,-4,2,14,8,9,9,2
22.780279,-24,91,-7,-4,0,-30,-17,-21,2
22.784698,20,40,14,3,-7,-16,21,32,2
22.784717,-14,-128,14,0,9,17,-24,-36,2
22.801013,-12,6,-8,-5,-4,-31,2,7,2
22.801044,-17,83,2,2,0,-5,-8,11,2
22.802713,-42,-6,-3,-7,-10,-13,2,-19,2
22.802717,39,-33,-5,3,7,0,-10,8,2
22.823204,-45,23,-8,1,11,11,-7,39,2
22.823222,-49,-43,-6,-6,-21,9,-7,-76,2
22.825730,58,64,16,1,7,-5,48,22,2
22.825741,32,-11,-31,-7,3,-9,-15,1,2
22.837855,-8,46,15,4,2,5,2,-11,2
22.837876,71,49,-10,-6,-2,38,-23,28,2
22.844625,-94,-96,18,11,-25,-57,38,-13,2
22.844648,-9,127,2,-5,44,-15,-45,-9,2
22.860595,9,4,-23,-10,-16,6,11,-7,2
22.860617,33,-80,2,6,-7,-8,18,20,2
22.862319,-44,37,5,2,18,15,-33,-25,2
22.862342,12,-57,-16,-1,-4,12,14,40,2
22.883104,-4,81,11,-1,2,-1,-15,-46,2
22.883127,-42,-59,15,1,-5,-33,2,22,2
22.884843,28,-34,-10,-5,-3,-1,-4,-1,2
22.884848,31,31,-15,2,-1,10,19,22,2
22.897886,-17,-19,-11,-1,1,17,-6,-17,2
22.897909,-2,-125,6,-3,0,2,1,6,2
22.904150,-33,45,13,0,-3,-14,11,9,2
22.904165,55,16,-17,-8,-6,10,-2,-6,2
22.920519,-11,-24,16,6,-2,1,1,-3,2
22.920533,64,56,-12,2,9,-39,-20,20,2
22.922223,-93,-103,-22,-8,-14,38,21,30,2
22.922246,-37,-77,13,3,-28,49,1,-65,2
22.943264,9,78,-14,-7,20,2,2,9,2
22.943281,35,-47,-24,-13,11,22,15,16,2
22.944944,-54,-39,2,12,-8,-9,-37,-32,2
22.944949,27,123,6,-3,-12,3,10,26,2
22.956726,-15,-26,13,-2,-5,6,-13,-2,2
22.956745,-3,69,6,2,9,-10,-5,-3,2
22.965532,56,39,6,-4,1,10,-7,-4,2
22.965557,-42,3,0,0,-2,-49,-1,-16,2
22.980785,64,57,-7,-1,0,13,-2,-6,2
22.980791,-64,-57,-2,-1,1,-16,5,10,2
22.982060,-45,-28,-15,-4,-2,0,5,-5,2
22.982066,-35,-14,-20,0,-8,1,2,8,2
23.003004,-10,-61,19,4,6,30,-2,-2,2
23.003025,2,-47,-15,2,1,-6,9,2,2
23.005614,26,34,-30,-8,3,31,19,3,2
23.005627,22,93,47,0,9,-18,15,4,2
23.017533,29,-82,16,6,-13,6,4,-4,2
23.017554,-40,36,44,7,-5,-18,0,-22,2
23.032245,25,-12,-4,1,7,21,-9,17,2
23.032268,89,-86,-36,-5,2,-5,8,2,2
23.042101,53,29,-18,-7,4,66,-14,3,2
23.042109,-40,22,-24,-8,-10,-29,0,-10,2
23.042112,76,56,19,3,-8,5,25,7,2
23.042162,-48,40,12,7,-2,27,6,-41,2
23.063145,-15,-128,-2,1,-23,-74,-15,2,2
23.063231,32,33,-19,-2,31,0,-5,-6,2
23.064666,-8,1,4,-7,6,4,-8,6,2
23.064696,-9,-32,9,0,9,-13,2,12,2
23.076881,-69,-59,1,3,-8,-16,6,-7,2
23.076901,21,-40,5,-1,-3,20,10,-6,2
23.086191,89,55,-5,-1,6,-31,6,39,2
23.086198,-89,-76,-43,-11,-11,13,-15,-23,2
23.100660,36,106,1,-8,12,-15,-2,8,2
23.100683,-26,85,-5,1,-12,3,-10,-4,2
23.102187,4,-38,12,0,-23,5,-15,-17,2
23.102219,106,112,8,3,34,-7,-8,26,2
23.122182,-50,-106,-6,1,4,5,13,4,2
23.122205,-15,114,17,2,-14,2,-3,4,2
23.131377,0,-9,-5,-7,-6,-22,-6,6,2
23.131386,-45,-71,-8,-11,-14,13,-35,-14,2
23.136654,-42,8,-19,-7,9,-18,6,20,2
23.136672,-3,46,11,6,-10,15,24,-5,2
23.146543,-20,19,27,7,-1,39,-21,-20,2
23.146549,39,61,7,3,-8,-13,-1,27,2
23.160685,10,25,-13,-4,7,28,13,12,2
23.160707,-38,-8,-6,-8,-8,-2,-3,-13,2
23.162120,-18,82,-7,1,-9,-34,-2,-9,2
23.162165,6,6,9,5,6,8,4,7,2
23.182901,39,7,0,5,19,-1,0,-1,2
23.182930,14,21,-17,-7,-4,11,4,-11,2
23.184425,-6,-58,7,3,-5,-27,-15,5,2
23.184481,-8,78,-14,0,-5,0,3,-65,2
23.196895,9,11,1,-5,-10,-21,0,6,2
23.196904,-24,79,4,0,3,2,-15,7,2
23.206470,-31,-121,-8,-8,12,-1,-19,-15,2
23.206475,12,50,-14,0,-10,-7,7,14,2
23.220980,25,16,13,6,-5,-1,-4,2,2
23.221010,-28,-80,-4,-6,2,-14,-12,12,2
23.223480,-26,-11,-10,3,3,9,10,7,2
23.223486,8,9,19,2,6,3,-8,18,2
23.244232,3,92,-11,-2,-6,-14,22,-28,2
23.244237,12,-28,-4,0,-9,-1,-8,36,2
23.244589,11,25,4,0,-7,-5,-6,-22,2
23.244631,-22,-91,-9,-4,50,-7,8,31,2
23.256913,46,127,27,6,-9,0,-13,-3,2
23.256939,33,-113,-21,-12,-29,-6,1,2,2
23.267505,-25,-75,-13,-2,6,-3,8,-21,2
23.267512,49,36,11,2,-13,-5,0,36,2
23.280710,-99,-33,-6,-3,-4,-4,-15,-23,2
23.280731,-15,-30,-4,1,17,17,6,13,2
23.282249,30,94,5,-6,-23,-38,-17,-43,2
23.282254,-4,-22,4,1,19,59,-3,1,2
23.303342,19,21,-6,-5,-6,-22,7,13,2
23.303371,-40,-67,-2,2,5,60,4,-30,2
23.305191,-40,29,-1,2,4,-20,4,-4,2
23.305200,17,62,4,2,-15,3,-2,10,2
23.317000,7,25,9,0,0,54,10,-7,2
23.317031,12,-20,-4,-5,14,-76,3,-10,2
23.326287,96,9,1,-7,-1,33,3,8,2
23.326292,-14,81,0,2,-11,-23,-3,-14,2
23.340715,-45,-128,-18,-5,3,-5,0,13,2
23.340778,-15,127,2,2,-12,-16,-20,-1,2
23.342231,4,7,11,2,13,9,13,-2,2
23.342249,-26,-10,-7,-5,-9,-34,6,-3,2
23.363695,104,18,-6,2,-9,6,-10,-16,2
23.363716,5,-21,-6,-2,4,41,8,-13,2
23.365834,15,125,20,8,5,-8,-12,20,2
23.365839,-76,-98,-18,-5,-9,13,7,-5,2
23.376749,-3,50,9,0,-1,-18,-3,0,2
23.376772,-1,39,8,-6,-2,-12,2,-11,2
23.388002,-9,12,-12,2,8,-10,-44,9,2
23.388009,-62,57,5,1,-6,0,-12,7,2
23.401003,28,-47,-8,-5,-26,-6,19,29,2
23.401009,28,38,-6,1,23,-4,0,-11,2
23.402058,-32,-43,3,2,1,16,8,6,2
23.402080,25,-40,14,5,8,-7,-2,9,2
23.423177,48,62,-4,0,-27,-10,-15,-17,2
23.423205,-29,-46,-14,-14,14,23,6,-15,2
23.425071,31,5,-13,-7,-2,-47,11,-14,2
23.425078,-46,7,-2,-2,-5,-8,0,-1,2
23.437297,-15,54,1,5,22,18,-7,-4,2
23.437328,58,7,10,4,-16,-4,2,-13,2
23.455548,-13,-9,9,-3,5,17,0,7,2
23.455555,61,-2,-5,2,-5,-8,2,4,2
23.461021,-41,-28,-4,-11,-1,-1,1,-7,2
23.461038,-19,-1,5,9,3,-7,-8,12,2
23.462826,0,-49,-18,0,-1,8,12,7,2
23.462830,37,-3,47,7,-3,10,4,-29,2
23.483194,-64,77,-5,-3,18,-14,-38,-27,2
23.483217,31,-55,-16,-12,-22,-20,3,-15,2
23.485044,-21,-70,-25,-10,-2,-1,1,-8,2
23.485048,-1,-39,-14,-5,-3,12,5,17,2
23.507658,12,-35,7,6,5,-1,5,-6,2
23.507667,37,48,12,6,-1,-1,-3,11,2
23.507673,-20,45,3,-1,-1,1,-3,6,2
23.507677,16,21,-5,0,-3,-7,-1,-5,2
23.520920,-8,-101,-12,-2,1,-1,4,6,2
23.520964,-41,116,20,12,4,-5,-3,-7,2
23.523855,79,-86,6,-7,-7,-10,-17,26,2
23.523874,-21,94,-13,0,1,24,30,3,2
23.543145,99,-11,-17,-12,-2,4,3,18,2
23.543160,3,40,-1,3,-12,-32,-7,-14,2
23.544768,-49,-38,8,9,32,14,3,-10,2
23.544790,25,-93,-13,-12,-44,-19,-15,-6,2
23.565596,-13,53,5,4,38,13,21,10,2
23.565679,3,37,-3,-6,-9,3,-7,25,2
23.566959,-10,23,-1,5,1,8,-10,-16,2
23.566971,0,11,11,2,0,-20,-4,18,2
23.580756,37,-84,5,1,-10,4,8,-37,2
23.580778,57,-38,3,3,4,5,1,-9,2
23.582548,-20,33,-12,-6,0,4,-4,-12,2
23.582552,14,-75,-15,-5,6,1,-2,-7,2
23.602976,-32,14,-5,-6,-14,-12,-7,12,2
23.602990,17,-51,2,5,11,-1,1,3,2
23.604755,5,-42,-1,-3,-16,15,7,4,2
23.604774,14,-32,-2,-1,11,-4,-4,3,2
23.626323,-23,10,14,5,6,4,-1,-4,2
23.627932,13,-40,-5,-1,-8,-3,-9,0,2
23.627937,-22,88,-1,-5,-25,-4,21,3,2
23.627939,-57,-44,-5,-1,23,34,-6,-22,2
23.640118,-42,13,-7,-3,2,10,9,21,2
23.640138,-55,-23,-3,0,3,5,24,9,2
23.647008,46,25,8,-3,-10,-9,-10,-17,2
23.647016,49,122,1,3,2,-5,-4,-4,2
23.663679,-46,33,12,1,-9,-18,-7,-27,2
23.663685,-26,10,-16,-8,-4,10,2,5,2
23.664519,14,-45,2,3,11,9,4,20,2
23.664531,11,7,10,2,-2,-12,3,0,2
23.685854,-46,28,7,5,-3,-13,-27,8,2
23.685883,35,67,9,-3,9,28,10,13,2
23.687845,-18,-16,-14,-2,-2,8,5,-16,2
23.687849,73,-39,-11,-4,0,-5,-5,14,2
23.700704,-54,70,1,-5,-12,-6,0,-25,2
23.700734,36,-27,16,5,3,8,-17,-10,2
23.706830,-2,-93,-19,-2,10,-27,4,27,2
23.706882,34,4,-7,-2,-10,-7,-8,-27,2
23.723441,3,-35,-5,-1,7,8,-1,19,2
23.723460,5,48,-1,-3,-16,-18,-4,0,2
23.725886,0,28,17,10,0,9,-7,-6,2
23.725893,-31,50,-6,-2,-1,-6,5,13,2
23.746124,44,-20,-3,-3,5,-5,5,-10,2
23.746154,-42,-119,-14,-6,-8,-2,-2,14,2
23.748777,83,5,-25,-3,-7,-7,-8,-3,2
23.748783,-59,34,14,3,22,3,-12,-34,2
23.760348,-43,-10,-6,2,-24,0,3,-14,2
23.760371,-27,79,3,1,-6,-4,-6,-6,2
23.767219,-37,20,-6,-8,7,8,24,0,2
23.767249,-3,-38,-13,-6,-14,-19,-47,1,2
23.783445,11,-10,5,6,13,4,18,1,2
23.783467,17,13,11,0,9,-7,2,-9,2
23.785793,-17,86,3,2,-1,7,-4,18,2
23.785797,-27,-20,3,-4,-7,-3,8,-9,2
23.805909,77,16,0,-6,-21,-9,-6,41,2
23.805939,7,-16,-2,4,15,6,-9,10,2
23.807343,-27,125,12,4,8,-5,0,-18,2
23.807437,35,-96,-19,-6,-9,40,4,-8,2
23.820398,-9,-16,-2,-4,-2,-2,12,-5,2
23.820418,7,81,15,5,1,2,4,0,2
23.826744,-18,-17,10,8,8,50,0,-18,2
23.828353,-23,27,0,-2,-5,-22,-1,10,2
23.843288,27,-7,3,0,9,0,-9,-8,2
23.843304,16,-26,-8,-5,-13,-2,-5,7,2
23.845651,-98,-17,3,-7,4,4,-4,7,2
23.845660,5,15,-1,3,2,-5,5,-1,2
23.865515,8,-22,-11,-5,-1,-11,-7,-22,2
23.865530,4,-3,5,1,4,16,25,21,2
23.867328,84,58,-2,1,-4,-28,-42,-35,2
23.867449,-30,-6,-4,-2,-21,-2,-1,32,2
23.882282,9,20,11,-2,40,-3,4,7,2
23.882293,18,45,2,1,-9,1,-6,-13,2
23.887271,32,-80,-8,0,-5,-7,10,12,2
23.887290,-50,72,6,-3,-1,-7,-1,-9,2
23.903724,31,44,-15,-2,-10,4,-8,1,2
23.903751,-11,-92,-10,-5,-2,-10,-17,-7,2
23.906539,-49,-10,4,-3,1,-1,18,10,2
23.906545,30,52,4,2,9,-10,-2,2,2
23.927492,-41,-21,0,2,-13,0,4,16,2
23.927498,-34,53,-12,-4,0,-4,-4,-35,2
23.927500,3,-40,0,-3,-10,-18,-14,13,2
23.927502,-29,99,12,1,2,12,27,-1,2
23.940136,-26,-39,-5,1,-2,-9,-6,-11,2
23.943012,-22,-118,-11,-7,-6,-2,-9,9,2
23.954753,41,51,-4,1,-7,5,18,-11,2
23.954783,24,-65,-5,0,-12,-1,-1,8,2
23.963406,17,1,25,9,28,77,4,2,2
23.963432,77,13,6,-5,-20,-22,-17,19,2
23.964571,-104,-90,-16,-7,24,8,7,-19,2
23.964578,82,12,1,5,2,-3,5,-9,2
23.986010,-59,-1,-9,-6,-25,9,-6,10,2
23.986034,47,-24,2,-3,-1,-30,-7,5,2
23.987263,-1,90,-1,-2,-10,-13,0,-1,2
23.987372,33,69,3,0,9,-2,0,20,2
23.999366,-23,-63,-15,-2,-3,-18,-4,-29,2
23.999388,-12,56,5,5,11,16,7,9,2
24.009317,-20,4,0,0,-8,-24,-11,-19,2
24.009321,-11,32,-3,-5,6,-19,-5,-12,2
24.023396,46,-6,7,1,-7,12,1,37,2
24.023448,-128,0,-6,2,-14,-8,1,-18,2
24.024593,29,16,-1,-1,49,23,-7,-2,2
24.024679,37,-72,-2,-5,-7,5,3,21,2
24.045753,-15,-69,0,3,-4,-16,-3,-11,2
24.045775,41,56,28,5,5,6,10,1,2
24.048032,48,-83,-8,-3,-1,-5,-14,20,2
24.048041,-34,46,-6,-10,3,60,27,-16,2
24.059337,-37,6,0,7,-5,-37,-1,13,2
24.059417,-7,66,-12,-6,7,38,17,-3,2
24.069465,-6,15,0,-2,-29,-48,-7,0,2
24.069471,-37,-17,22,2,10,4,-8,-5,2
24.084194,18,-78,-5,0,-3,-1,3,-13,2
24.084199,-9,9,3,3,4,-3,1,3,2
24.084487,21,-28,-1,-3,-2,13,0,5,2
24.084499,-50,-90,-21,-5,-9,-21,-10,-14,2
24.105580,-43,111,13,-1,0,2,0,-13,2
24.107414,-4,-100,-13,-1,4,-7,-14,-37,2
24.107422,45,50,7,-1,-6,7,3,43,2
24.107424,27,12,-1,3,-4,-20,-8,-7,2
24.119356,27,76,-9,-4,-3,-14,-25,-23,2
24.119379,-20,-104,-18,-5,3,11,34,5,2
24.129789,-69,87,4,0,-1,-16,1,-20,2
24.129799,-22,-72,3,3,-20,14,4,11,2
24.143072,43,-13,-7,-7,-3,-1,14,12,2
24.144976,13,-8,0,0,-8,-20,-56,-12,2
24.144983,-22,10,-1,3,3,-16,8,8,2
24.144985,38,19,-2,1,8,-6,1,4,2
24.165619,57,-82,-9,-5,-2,1,2,2,2
24.165641,-22,54,18,2,-17,-13,-2,7,2
24.167679,17,88,9,-1,30,19,1,-1,2
24.167683,17,-9,-25,0,-1,-5,-8,4,2
24.179348,-10,104,17,1,-5,0,-2,-1,2
24.179366,40,-34,0,1,1,-7,7,-2,2
24.189876,-34,-59,-9,-8,-21,26,-5,22,2
24.189882,13,62,3,2,5,-5,-3,-1,2
24.203246,-75,-5,-17,-3,15,38,-7,-8,2
24.203275,-1,-21,0,-4,-11,-36,10,22,2
24.205515,27,16,12,9,-15,5,5,-17,2
24.205520,9,101,2,-6,15,20,-3,10,2
24.225673,13,-110,-5,2,-34,-32,11,23,2
24.225703,-8,79,5,-4,38,47,-42,12,2
24.227190,-9,-55,-15,-11,-19,-10,-6,-35,2
24.227207,30,16,12,9,-2,-3,-5,12,2
24.240583,38,43,6,2,4,-4,22,-1,2
24.240597,-68,-74,-10,0,1,17,9,-21,2
24.249879,-20,-2,-6,-4,-2,3,4,-4,2
24.249885,45,62,22,5,1,0,-7,21,2
24.263119,-65,-62,-9,-7,4,-23,-17,-34,2
24.263143,-4,55,-24,-2,-1,12,12,6,2
24.264899,14,74,8,2,-1,10,-1,-30,2
24.264903,-11,-94,-8,-7,3,-13,0,-14,2
24.287332,-61,91,15,5,3,7,3,14,2
24.287338,124,20,-11,-9,-8,-8,2,-2,2
24.287340,-53,14,3,8,1,2,-4,-27,2
24.287342,-83,-88,-14,-13,-1,-10,-4,-12,2
24.299823,34,42,32,14,8,-12,-20,-5,2
24.299851,-29,14,-9,-7,0,15,46,12,2
24.309929,-16,0,-4,-7,-3,-18,-61,-7,2
24.309938,44,39,7,6,-5,56,45,4,2
24.323066,-4,22,-7,-3,1,-5,1,10,2
24.323084,45,75,15,2,-21,-52,-9,0,2
24.324874,29,-20,3,7,-1,21,24,12,2
24.324882,-89,17,6,1,24,9,-6,9,2
24.345906,57,57,-9,-7,-8,8,5,21,2
24.345923,-28,-84,-14,1,5,-22,-7,-23,2
24.347470,79,-68,-9,-8,0,4,4,24,2
24.347476,-24,-16,-1,0,-18,-27,-23,-36,2
24.359465,20,74,-12,-6,-10,-5,7,25,2
24.359483,-42,30,33,9,3,15,-13,-18,2
24.369894,-9,60,16,-4,6,2,10,0,2
24.369899,-8,-58,-11,-1,2,-12,-3,16,2
24.383312,-48,-32,-14,1,3,-7,-15,-17,2
24.383336,22,-121,-19,-2,-2,21,18,14,2
24.384919,-50,40,2,1,-2,-8,2,7,2
24.384928,56,75,11,-2,-4,-21,-14,-16,2
24.406009,21,-21,-8,-7,-2,3,28,-7,2
24.406040,2,40,0,-1,1,-2,-19,-2,2
24.408690,60,-50,-3,2,3,31,36,17,2
24.408701,-53,-37,-5,1,-36,-27,-21,7,2
24.419760,50,-118,-13,-2,34,19,9,-19,2
24.419846,-15,50,-1,2,1,-1,-6,-5,2
24.428082,15,11,-4,-1,0,7,13,20,2
24.428104,25,-67,2,3,-2,30,-3,-3,2
24.443077,-55,-70,-1,-2,-2,-27,-12,-18,2
24.443089,-22,79,2,-2,6,-23,0,22,2
24.444494,15,-24,-19,-10,-15,44,-15,-13,2
24.444536,-13,51,32,10,3,-15,3,-10,2
24.465748,22,26,3,-1,0,-2,-14,9,2
24.465771,18,0,-5,1,3,12,6,-42,2
24.467142,-66,-10,-1,-3,-5,-29,-3,11,2
24.467205,-41,11,-14,-4,7,-1,-1,18,2
24.488800,6,111,6,-2,-11,10,-19,-37,2
24.488807,17,-16,-10,3,-6,-6,0,26,2
24.489777,-16,39,5,-1,0,-9,-6,-5,2
24.489786,26,54,-8,-3,1,-21,7,7,2
24.504663,-41,5,18,6,0,11,-7,-3,2
24.504672,-48,101,8,-3,3,8,-7,12,2
24.504677,53,-67,-7,2,0,-18,-5,-15,2
24.504681,-58,-24,-5,-3,4,6,5,15,2
24.525622,-30,-66,-1,1,-5,-8,-6,0,2
24.525640,17,-64,-11,-8,7,-6,-18,-9,2
24.527203,41,43,9,0,-21,-7,6,0,2
24.527239,89,20,6,4,-2,-4,16,-4,2
24.548692,-36,-26,-14,-4,2,6,-1,-36,2
24.548721,59,-21,4,-3,-5,1,7,13,2
24.550963,-11,0,11,8,6,2,-25,-19,2
24.550972,-31,-27,-4,-3,-16,-72,8,-3,2
24.563278,17,22,1,1,2,3,5,12,2
24.563363,23,1,-6,2,2,1,1,3,2
24.569664,1,10,-9,-9,7,-7,-6,13,2
24.569684,-3,35,-3,1,-2,4,-3,-13,2
24.586003,26,40,2,2,0,26,13,43,2
24.586032,-20,-74,-12,-4,-12,-12,-13,-20,2
24.587219,11,-28,-10,1,6,1,12,13,2
24.587223,40,100,5,-3,7,23,-30,-18,2
24.608185,-36,-128,-12,-6,2,-21,0,17,2
24.608202,-45,-19,1,1,-4,16,-1,-19,2
24.609782,-28,10,-5,-1,-6,-28,1,-3,2
24.609873,7,-13,2,-2,11,43,8,-1,2
24.622797,-19,12,0,-1,-4,2,1,-10,2
24.622828,45,127,9,1,-2,-1,2,24,2
24.629364,-25,-109,-8,1,1,1,2,-24,2
24.629387,-28,4,17,-1,-1,-9,3,-6,2
24.645867,56,30,4,5,2,1,-7,4,2
24.645962,-16,116,-5,-4,2,1,10,2,2
24.647283,7,13,2,-5,-8,-13,-2,16,2
24.647299,25,-73,-11,0,3,1,-15,-16,2
24.675610,12,20,-5,-5,-11,-13,7,-11,2
24.675628,-23,13,12,4,3,18,30,18,2
24.677249,65,-83,-3,2,4,2,0,10,2
24.677406,-35,113,1,-1,3,-1,-9,-16,2
24.682634,39,45,-11,-3,-11,10,-7,27,2
24.682657,-43,-119,-12,-4,-10,-72,-14,-20,2
24.689561,-51,83,13,1,1,10,18,-2,2
24.689581,39,-16,-6,-1,-1,-13,-27,-1,2
24.706179,14,-5,1,2,-3,-7,-5,-4,2
24.706191,32,-9,3,-2,4,19,-3,-15,2
24.707234,-78,-21,3,6,2,23,-3,-29,2
24.707253,-23,-49,-9,-4,-3,-6,1,-16,2
24.728137,-54,23,-16,-6,-2,-1,-2,-2,2
24.728159,-15,-57,1,0,-3,10,-5,-8,2
24.730155,-14,-32,8,0,4,-6,-5,12,2
24.730164,22,81,0,-3,-1,12,8,-3,2
24.742624,-14,-93,-17,-4,2,-3,0,2,2
24.742646,50,33,-1,5,2,11,4,6,2
24.749919,-8,31,23,1,8,-11,-5,6,2
24.749948,34,-23,-13,-5,-2,-5,-3,3,2
24.766911,3,125,12,-2,-2,4,-4,-7,2
24.766917,-24,95,-11,-3,2,-1,-4,14,2
24.767112,59,-31,-28,-11,-14,-10,-18,-30,2
24.767193,-32,-64,3,1,3,4,32,20,2
24.788368,17,0,6,-1,5,-5,-6,-8,2
24.788393,-12,-22,3,3,-5,2,-7,-5,2
24.790377,10,27,0,1,-1,-4,-1,-1,2
24.790384,-21,43,-10,-10,9,2,4,4,2
24.802748,48,29,10,6,-13,-1,0,-3,2
24.802777,-64,-55,8,3,2,11,18,34,2
24.809162,38,50,-10,-2,-1,-14,-30,-23,2
24.809179,-71,-76,-15,-6,2,-1,-8,2,2
24.825726,40,68,4,-2,1,2,4,-8,2
24.825749,-7,-30,0,2,1,2,-1,-8,2
24.827519,-30,-78,-3,-2,2,2,11,13,2
24.827527,61,-41,3,1,-6,-1,0,1,2
24.848650,-43,-17,9,0,2,0,-1,17,2
24.848677,-11,14,-4,-5,-3,-2,-9,-29,2
24.851004,39,51,-1,2,2,-2,0,14,2
24.851008,-31,-1,-2,0,-4,-4,-4,-5,2
24.862447,-2,-17,-2,1,3,10,3,4,2
24.862473,-29,-27,0,-1,-31,-6,-5,-6,2
24.869317,-39,15,10,4,36,-23,2,-4,2
24.869346,81,21,-2,-6,5,-1,-13,0,2
24.886051,-11,45,1,0,-13,-11,1,-3,2
24.886073,69,85,7,0,-3,-3,0,-4,2
24.887893,-74,-109,-14,-3,-10,4,1,6,2
24.887897,-6,47,7,5,0,2,-2,0,2
24.908065,-51,-6,-7,-3,3,-8,-5,-2,2
24.908084,83,42,-7,-4,7,4,-7,2,2
24.909616,87,40,20,3,-6,7,8,5,2
24.909644,-68,74,23,5,2,-1,0,-14,2
24.923634,-3,-115,-16,-4,-4,0,-6,-3,2
24.923642,-9,-47,1,-1,5,2,6,17,2
24.929360,85,22,0,-4,-5,1,0,-4,2
24.929382,-15,25,-1,0,-10,-2,1,-26,2
24.945528,41,-68,-2,4,4,-3,1,9,2
24.945545,-57,-65,-4,-1,7,-4,5,6,2
24.947183,-40,97,-3,-5,-4,1,-10,0,2
24.947199,35,-24,1,1,-1,8,6,-8,2
24.969402,-67,41,-1,-2,-2,-4,-4,-20,2
24.969408,63,11,2,-1,6,1,5,9,2
24.969477,-52,21,9,3,-6,1,3,0,2
24.969483,27,-45,-8,-5,-2,-2,-1,38,2
24.982272,23,32,6,-3,3,0,-9,-31,2
24.982302,-38,69,-12,-6,8,-7,-4,1,2
24.992269,4,19,3,3,-13,-5,-12,9,2
24.992276,35,-18,-16,-4,-3,6,19,-7,2
25.005508,-9,-28,-15,-6,-2,-4,-15,5,2
25.005527,-12,28,2,0,6,1,-6,7,2
25.007198,12,42,-10,-2,0,-2,-2,-6,2
25.007270,-4,-98,-6,-1,0,0,-1,-1,2
25.028185,60,51,-1,-2,-3,0,-7,23,2
25.028208,-2,-18,14,6,-10,-1,4,-21,2
25.030079,-31,33,-12,-11,13,16,3,5,2
25.030086,-69,-18,-7,7,-4,-12,-9,-15,2
25.041774,35,-92,-10,-8,3,1,5,-10,2
25.041792,-19,33,12,-1,-10,-3,-6,4,2
25.052968,-10,-106,1,-3,-7,-6,10,1,2
25.052972,4,95,17,3,1,4,-7,-3,2
27.067354,-3,-4,-2,-4,-1,-2,-2,0,0
27.068080,0,-2,-7,-10,-1,-1,-1,-3,0
27.075905,-2,-4,4,10,0,0,-2,0,0
27.075927,4,22,3,4,1,-1,1,2,0
27.090725,-2,-16,-3,1,-1,-1,-1,-2,0
27.090749,-1,-1,3,1,-1,0,-1,0,0
27.092088,-1,-18,-10,-8,-1,-2,-1,-2,0
27.092116,-1,15,-1,-2,-2,-3,0,1,0
27.113153,0,6,4,-1,-2,0,-2,-1,0
27.113170,-1,-5,-3,-4,-4,0,0,-1,0
27.114945,0,-3,-1,1,1,-1,-2,-2,0
27.114953,0,16,-3,-1,-4,-1,-1,-1,0
27.126868,-2,-22,-6,-2,-1,-3,0,-1,0
27.126885,0,-4,-2,1,-2,-4,-3,-3,0
27.137780,-1,4,3,-5,-2,0,-1,-1,0
27.137789,-2,-8,-4,-2,-1,0,-1,-1,0
27.150662,-2,10,2,-6,-1,-2,-1,-1,0
27.150683,-1,-1,2,8,-1,0,-1,1,0
27.152231,-3,-1,0,0,-1,-1,1,0,0
27.153592,-1,-2,2,-2,-1,1,-2,-2,0
27.173143,2,1,0,-2,-2,-1,-3,1,0
27.173165,1,0,-1,-3,-2,-1,-1,0,0
27.175958,-1,3,0,1,-2,0,-1,-2,0
27.175965,-3,-8,-2,-2,-3,-2,0,-1,0
27.186790,1,17,4,-1,0,-1,-2,-3,0
27.186812,-1,-16,-10,-1,-2,-2,-3,-3,0
27.196871,-5,-3,12,1,1,2,1,0,0
27.196880,3,-13,-4,-1,-1,-2,-1,-1,0
27.210607,2,10,4,1,-2,-1,-1,1,0
27.210631,-1,9,2,-3,2,-2,-1,1,0
27.212014,1,-10,-19,-5,-4,-2,-3,-2,0
27.212033,-4,4,19,5,0,0,-2,-2,0
27.233669,1,-4,-6,-6,2,-1,0,-1,0
27.233692,-4,4,-2,7,-3,-1,-1,1,0
27.235651,1,1,1,-3,0,-3,-2,-1,0
27.235654,-1,-8,-3,-1,-2,-2,-1,0,0
27.246849,-2,-10,-2,0,-1,-1,1,-2,0
27.246870,-1,-3,-3,-4,-1,0,0,0,0
27.257827,0,5,-1,1,-1,-1,-2,0,0
27.257837,0,0,-4,-3,-3,-2,-2,-2,0
27.271860,-2,2,3,1,-3,-1,-2,-2,0
27.271865,0,0,-3,-2,-1,-2,0,-1,0
27.272117,-3,-11,-5,-4,-2,0,-3,-1,0
27.272124,0,9,12,-1,1,-1,0,0,0
27.293077,-2,-4,-7,-3,-3,0,0,0,0
27.293100,0,-3,-9,-3,-2,-1,-2,-2,0
27.294694,1,9,11,3,0,-2,-1,0,0
27.294715,-3,-9,-6,0,-1,0,0,-2,0
27.316176,0,-6,-7,3,0,-1,-1,0,0
27.316204,0,7,15,-4,1,0,0,0,0
27.318544,0,-4,-13,1,0,0,0,-3,0
27.318548,-1,1,-4,-3,0,0,0,0,0
27.338409,-3,-2,-2,2,0,0,0,-1,0
27.338507,2,10,-3,-1,0,0,-3,-1,0
27.341713,-2,-18,1,-2,-1,-1,-1,2,0
27.341720,-3,4,-2,-1,-1,-1,-1,0,0
27.353172,-3,-15,-5,-1,-3,-2,0,-3,0
27.353196,-3,1,1,0,-2,-2,0,0,0
27.355389,1,6,4,-1,1,-1,0,1,0
27.355395,3,4,4,-1,-2,0,0,-2,0
27.375764,-3,-5,-2,-2,-3,-1,-3,3,0
27.375792,3,11,14,1,0,-1,0,-1,0
27.378047,-2,-3,-4,-6,-3,-1,-1,-2,0
27.378060,6,3,-4,1,-2,-2,-1,7,0
27.390865,-15,-4,3,-1,0,-2,-2,-26,0
27.390883,0,-8,0,6,0,-1,-1,0,0
27.392787,0,1,-1,1,-2,-3,-1,0,0
27.392793,3,-5,-4,-4,2,0,0,-1,0
27.413331,1,0,-4,-3,-4,-1,1,5,0
27.413354,-4,-2,-4,-3,-2,-1,-3,-10,0
27.414753,-4,2,12,1,-1,0,0,-3,0
27.414770,-2,3,-10,0,-1,-2,-2,-1,0
27.435696,0,-14,-1,-3,0,1,1,4,0
27.435721,-4,-10,-1,-2,1,0,1,-2,0
27.436994,1,6,-5,1,-1,-2,-1,1,0
27.436998,-5,-1,2,-2,-3,-2,-1,-2,0
27.450064,4,13,-2,2,-3,-1,-3,3,0
27.450121,0,-11,-5,-2,0,0,-1,0,0
27.458043,-2,-8,-5,-7,-1,-1,-1,-1,0
27.458052,-2,4,5,4,-2,-3,-2,-3,0
27.474614,1,3,4,0,2,0,-1,-2,0
27.474625,-1,3,-6,-2,0,-2,-1,1,0
27.479563,1,-1,-2,-2,-2,-1,-1,0,0
27.482182,-4,-11,-6,-2,-2,0,-1,-2,0
27.495703,1,10,4,-4,-3,-2,-2,1,0
27.495724,0,-3,-2,3,1,0,0,0,0
27.497132,-3,-1,3,0,-1,-1,1,-1,0
27.497136,-1,5,3,-5,-3,0,-3,-4,0
27.510029,-1,-17,-12,4,0,-1,-2,0,0
27.510045,-4,1,4,-1,-4,-1,0,0,0
27.519958,-1,0,-5,-1,0,0,-1,-2,0
27.519964,-1,1,3,3,0,-2,-1,0,0
27.534678,0,2,1,-10,0,-1,-2,-4,0
27.534682,0,1,-1,4,-3,-2,-4,6,0
27.534685,-6,-6,-7,3,0,0,-1,-4,0
27.534686,0,12,5,-1,-1,0,-1,-1,0
27.555545,-1,7,3,2,1,0,-1,0,0
27.555569,0,-6,-2,-3,-1,0,0,-3,0
27.557901,0,0,1,-4,-2,-3,-2,1,0
27.557912,-1,-13,-7,-1,-1,-1,0,-2,0
27.570286,1,1,0,-1,-1,-1,0,0,0
27.570357,1,0,-2,-3,-2,-1,-2,-1,0
27.576887,-2,3,0,-3,-2,-1,-3,1,0
27.576973,0,25,3,3,0,-1,0,-3,0
27.592414,-3,-40,4,1,0,-1,0,0,0
27.592433,-5,-5,-10,-1,-1,-2,-1,-4,0
27.594180,1,3,16,3,0,-1,-2,0,0
27.594188,0,3,-2,-2,0,1,-2,-1,0
27.615155,2,16,3,3,0,-1,0,-1,0
27.615183,0,-1,-6,-4,-2,-1,1,-1,0
27.617372,-1,-5,-9,-3,-1,-1,-1,-1,0
27.617376,-2,-9,-2,-3,-2,-1,-1,-1,0
27.629320,-2,7,-1,-3,-2,0,-1,1,0
27.629338,0,-8,-4,-1,0,-1,-1,-1,0
27.636887,0,8,1,-1,-2,-2,0,-1,0
27.636909,-4,-12,-4,-1,0,-2,-1,-1,0
27.652493,-3,2,-4,-2,-1,0,-1,-2,0
27.652515,-2,1,3,1,0,-3,-1,-1,0
27.654048,1,0,2,2,0,1,-1,-2,0
27.654053,-2,-20,-10,-3,-2,0,0,1,0
27.675330,1,27,9,1,-3,-2,-2,0,0
27.675341,0,-2,2,-5,-3,-1,-1,-1,0
27.675514,-1,-3,-6,2,0,1,0,-3,0
27.675520,-1,-10,-4,-4,-1,0,-1,-1,0
27.689545,-1,0,-2,1,-1,-1,-2,1,0
27.689551,-2,2,0,1,0,0,0,-2,0
27.696859,0,-2,-2,-4,-3,-1,-2,3,0
27.696880,-1,-3,-3,-1,-2,-1,-1,-3,0
27.712427,-1,0,1,3,-2,0,1,1,0
27.712445,-1,1,2,-3,1,0,-1,0,0
27.714433,-2,-8,-5,0,0,-2,-2,-1,0
27.714439,0,4,2,-2,-3,-4,0,0,0
27.735347,0,0,0,-1,0,-2,-1,-1,0
27.735353,0,-1,1,0,0,0,-1,-1,0
27.735474,-1,1,3,-3,-3,-2,-2,0,0
27.735506,0,11,-13,-7,-1,-1,-1,0,0
27.749289,-2,-7,21,5,1,0,-1,-2,0
27.749307,-1,-4,5,7,0,-1,-1,0,0
27.756735,0,4,-2,-4,-2,-1,-2,-1,0
27.756756,0,-7,-2,-4,-1,-1,-2,0,0
27.772517,2,5,-9,1,-1,-2,1,-2,0
27.772537,1,2,0,-3,-2,-1,-1,-1,0
27.774515,-3,-19,-30,-5,-4,0,-2,-1,0
27.774519,0,20,42,9,2,1,-1,-2,0
27.795237,-3,-4,-10,-7,0,1,-1,0,0
27.795264,-1,0,1,1,-5,0,0,-1,0
27.797648,-1,-1,0,-2,0,-2,2,-2,0
27.797653,-2,-12,-13,-2,-2,-2,0,-1,0
27.809495,1,-3,-2,-4,0,-2,-1,0,0
27.809513,-2,-3,1,-1,-2,0,-1,1,0
27.817038,-1,3,5,-3,0,-2,0,-2,0
27.819196,-4,-8,-14,4,1,0,0,-4,0
27.832452,-1,0,3,-3,-2,1,-1,0,0
27.832475,0,-7,-11,1,0,-1,-1,-1,0
27.833861,0,18,12,-2,0,0,0,0,0
27.833870,2,5,-2,-2,0,0,0,0,0
27.855174,-4,-11,-8,-5,-2,-2,-2,-1,0
27.855194,-2,-2,-2,1,1,-3,0,-2,0
27.857331,-1,-5,-5,-1,-2,-1,-1,0,0
27.857336,0,-7,1,2,1,0,-2,-2,0
27.869583,1,7,-2,0,-1,0,0,1,0
27.869607,-2,-4,-2,-6,1,-1,-2,0,0
27.876628,1,-6,1,6,0,-1,0,-2,0
27.876649,-1,-4,-6,-7,-3,-2,-1,0,0
27.892411,-4,-1,-8,-8,1,-2,0,-3,0
27.892435,1,6,2,8,0,1,1,0,0
27.893474,-3,-8,4,1,1,1,-1,0,0
27.893478,0,-7,-9,-3,-2,-1,-1,-2,0
27.915135,-3,-4,2,2,-2,-1,0,-2,0
27.915164,3,3,-1,-6,-1,-2,-2,-2,0
27.917489,0,4,0,0,-1,-1,-1,-2,0
27.917492,-1,-4,-1,1,-1,-3,-1,0,0
27.929653,-1,0,-3,0,-2,-1,0,0,0
27.929674,-2,-8,-6,-6,13,1,1,2,0
27.936724,0,7,4,2,-15,-3,1,-3,0
27.936739,-2,1,4,0,-1,1,-1,0,0
27.953889,1,11,-3,2,-4,-2,-1,1,0
27.953902,-2,-13,3,-5,-1,-1,-2,-2,0
27.954631,-1,-9,-3,-5,3,1,-2,2,0
27.954646,-2,0,6,2,-2,-2,-2,0,0
27.974980,-3,-6,-7,1,1,-1,-1,1,0
27.975004,-1,0,-8,1,-5,-1,0,1,0
27.976742,-1,3,3,-2,1,-1,-4,-1,0
27.976751,-1,0,-5,-3,-3,-1,1,0,0
27.989503,2,-3,-1,-3,1,-2,-1,-3,0
27.989543,-1,3,3,0,-5,1,-2,-2,0
27.997257,-2,4,10,3,1,-1,-2,0,0
27.997289,-3,-8,-5,-3,3,0,-2,1,0
28.014268,0,14,-12,-2,0,-1,-2,-2,0
28.014277,-5,-21,10,-1,-2,-1,0,-2,0
28.014281,-1,11,2,4,-2,0,-1,-2,0
28.014285,0,-3,1,-3,0,0,-1,-2,0
28.035475,3,-5,0,5,1,-1,-1,2,0
28.035502,0,7,-11,-3,-2,-1,-2,-2,0
28.036995,0,-2,-7,-2,0,0,-1,-2,0
28.037000,-1,-3,-1,-2,-1,-2,-1,-1,0
28.049599,-2,-8,-5,-2,-3,0,-1,-1,0
28.049630,1,12,6,-3,-2,-2,-2,-2,0
28.058626,-1,-8,-3,1,0,1,-1,0,0
28.058634,-2,3,-11,-1,-1,0,0,0,0
28.072718,-2,-3,10,0,-3,-2,-1,-2,0
28.072907,-3,1,0,-2,-2,0,-1,-1,0
28.074942,-3,-4,-1,-2,-1,0,1,1,0
28.074953,-1,0,0,2,-2,-1,-1,-1,0
28.095039,2,-1,7,2,0,0,0,-2,0
28.095062,-2,-1,-9,-1,0,0,-2,-3,0
28.095663,-1,3,-11,-3,0,-3,-2,-2,0
28.095687,-3,-6,8,-2,1,-1,0,-1,0
28.109456,-1,-4,-3,3,0,0,0,0,0
28.109490,1,2,-1,-7,-1,0,0,-2,0
28.117363,0,-2,-3,3,0,-1,1,-1,0
28.117391,0,0,0,2,-2,-1,0,-1,0
28.132422,-3,-1,1,-1,2,-1,-1,-1,0
28.132443,1,3,-1,0,-2,-1,1,0,0
28.133344,0,-3,-3,-4,-1,-2,-2,-1,0
28.133349,0,5,1,0,0,0,-2,-2,0
28.155238,0,-3,4,-3,-4,0,-3,-3,0
28.155261,-2,1,2,0,-2,0,-1,0,0
28.155789,-1,-2,4,-3,-1,1,0,1,0
28.155807,1,-8,-10,0,-1,-1,-1,0,0
28.169524,-1,7,6,-4,0,-1,-1,-2,0
28.169546,0,3,1,-1,-1,-1,-1,0,0
28.176986,0,-13,-5,-4,0,0,0,-1,0
28.177009,-1,6,0,-1,-1,-1,0,-2,0
28.192657,-2,5,-6,-3,1,0,1,1,0
28.192676,-3,-18,1,2,-3,-1,-2,-3,0
28.194552,1,2,-1,1,1,-2,-1,0,0
28.194561,-1,-7,-7,-3,-1,0,-2,-1,0
28.214919,-1,-2,2,4,-1,0,0,-1,0
28.214939,-1,7,3,-1,2,-1,1,-1,0
28.215592,0,0,-3,-3,0,1,-1,0,0
28.215607,-1,-2,3,-1,-1,-1,-1,0,0
28.237604,-1,-1,-10,-5,-4,0,-1,1,0
28.237633,0,4,-3,-2,-1,-2,1,1,0
28.240840,-2,0,7,3,-1,0,-2,-1,0
28.240848,-1,1,3,-2,-1,0,-2,-1,0
28.252537,0,-5,-1,0,-1,-1,-1,0,0
28.252558,1,-3,-7,1,0,-1,-1,-2,0
28.254498,-2,0,-2,-1,-1,-3,-1,-2,0
28.254503,0,-1,3,-3,-4,1,-3,-2,0
28.275584,-2,-5,-1,-1,-1,-2,0,-1,0
28.275598,-2,1,-2,3,0,-1,0,-2,0
28.275600,-1,5,3,-3,0,0,0,-2,0
28.275602,-1,-8,-8,0,-1,-2,0,-2,0
28.297611,-3,-8,-1,-1,0,-2,-2,-2,0
28.297632,0,-3,-4,-4,-1,0,0,2,0
28.299257,-2,-1,-2,2,-2,-1,1,0,0
28.299261,0,11,7,2,2,-1,-1,-1,0
28.312833,0,-1,-1,-3,-1,0,-1,-2,0
28.312851,-2,-4,0,-1,-5,-1,-2,-1,0
28.315211,-2,2,-2,-3,-1,-1,-1,-2,0
28.315220,-2,-4,-6,0,0,-1,-1,-1,0
28.335577,0,-1,-3,-8,0,0,0,-2,0
28.335615,2,20,8,7,0,-1,0,-2,0
28.337699,-4,-29,-15,-1,-4,0,0,0,0
28.337703,2,2,0,-3,2,-2,-1,-1,0
28.357536,-5,-1,3,4,-1,0,-3,0,0
28.357553,0,1,-1,-6,-2,-2,-1,1,0
28.358511,1,13,-4,-2,-1,0,-2,0,0
28.358526,-2,-15,5,2,0,0,-1,-1,0
28.372494,0,-1,-5,-1,-1,-1,-1,-2,0
28.372517,0,0,-1,-4,-1,-2,-1,-1,0
28.373252,0,7,6,0,1,-2,-1,0,0
28.373338,-2,-2,-3,-1,-3,0,1,-1,0
28.395752,-1,0,1,3,-1,-1,-2,0,0
28.395782,-2,-7,-9,-2,-1,-1,-1,-2,0
28.397717,-3,-4,-5,-3,-2,-2,-1,-1,0
28.397721,0,3,-2,1,0,-1,-1,0,0
28.417262,-1,-1,0,-6,-3,0,-1,0,0
28.417275,-1,-2,-1,6,-1,0,-2,0,0
28.418114,0,-1,3,-4,0,-2,-1,-3,0
28.418179,0,-1,-3,-1,-1,-1,-1,0,0
28.432274,-1,-3,-8,1,-2,-2,0,1,0
28.432295,-1,-9,8,-6,2,-1,-1,-1,0
28.434410,-1,2,4,1,0,0,-1,0,0
28.434414,-2,-3,0,-2,-3,0,0,0,0
28.454967,0,6,-1,-3,-1,-1,0,-3,0
28.457435,-1,1,-4,-7,-1,-2,-1,-1,0
28.457442,-1,-6,-3,5,0,-1,0,0,0
28.457445,-1,7,3,-2,-3,-1,-1,-1,0
28.478869,0,6,1,1,1,-1,-1,-1,0
28.478877,-2,-17,-3,1,0,-1,-1,-2,0
28.478879,-2,-12,0,-3,1,-1,-3,-1,0
28.478881,0,17,7,-5,0,-1,-3,-1,0
28.493569,-2,0,1,7,0,-2,0,-2,0
28.493575,0,7,2,3,0,-3,-1,-1,0
28.500141,1,1,-1,-3,0,1,0,-1,0
28.500174,-2,-5,-3,1,-1,-1,0,0,0
28.514953,0,-6,-3,-5,-1,-1,-1,-2,0
28.514977,-1,5,-1,-6,-2,1,0,-1,0
28.515946,-1,1,2,5,0,-1,-1,1,0
28.515950,-3,-3,-6,-2,-1,0,0,-1,0
28.537938,-1,-1,5,-2,-1,0,1,0,0
28.537970,0,-3,-7,-1,0,-1,-2,0,0
28.540051,-3,5,3,-4,-1,-2,0,-2,0
28.540056,-1,-2,-1,-1,0,-1,-1,0,0
28.560979,1,-4,-5,-3,-1,-2,-3,-1,0
28.561117,-1,-2,8,7,0,1,-1,-1,0
28.561613,1,11,-3,-1,-1,-1,-1,-1,0
28.561626,-3,-19,1,-3,1,-1,0,-2,0
28.574849,-1,-8,-2,1,-2,-2,-2,-1,0
28.574912,0,29,1,-1,-1,-1,-1,1,0
28.575523,-2,-17,-2,0,-1,0,-2,-2,0
28.575529,-1,1,-1,2,-1,-1,-1,-1,0
28.597797,-1,-9,-8,-8,-2,-1,-1,0,0
28.597819,-1,-5,0,-3,-2,-2,-1,-2,0
28.600230,-1,7,4,4,1,-1,-1,0,0
28.600236,2,3,-8,-3,-2,0,-2,-2,0
28.615913,-4,-3,4,0,-1,0,0,-1,0
28.615918,-1,-5,-7,-1,-2,0,-1,-1,0
28.615920,-1,5,3,-2,-2,-3,-2,0,0
28.615921,0,-4,-5,-3,-4,-2,-1,-1,0
28.634781,-1,2,-7,1,0,-1,0,-2,0
28.634787,-1,-3,2,-8,-1,-1,-1,1,0
28.635662,0,-4,-2,1,-3,-1,-1,-2,0
28.635739,-3,-6,-7,-2,0,0,-2,0,0
28.657805,0,10,10,-1,0,0,-2,-2,0
28.659766,1,-5,-4,2,-1,-2,-1,0,0
28.659771,-2,-9,-2,-5,-2,0,1,0,0
28.659772,-1,4,0,-1,-3,-3,-1,-2,0
28.672416,0,-1,2,6,1,-1,1,0,0
28.672442,-1,0,1,-2,-1,-2,-1,-1,0
28.674513,1,6,-4,-2,-2,-2,0,1,0
28.674521,0,6,3,1,-1,-2,-1,-1,0
28.697251,0,-7,-5,-5,0,-1,-2,-1,0
28.697257,-4,-12,-3,-1,-2,-2,-2,0,0
28.697259,-1,5,-3,-4,0,-1,-1,-1,0
28.697261,0,1,2,2,0,1,1,0,0
28.717524,-3,5,3,-3,-1,-2,0,-3,0
28.717551,0,1,-1,1,0,0,-1,-3,0
28.719915,-2,-8,-7,-3,-2,-1,-1,-1,0
28.719920,1,2,2,1,2,-2,-2,1,0
28.732426,-1,-1,1,-1,0,-1,-1,1,0
28.732474,-2,-4,-5,-2,-2,1,0,-1,0
28.733210,-2,0,4,-2,0,-1,-2,-3,0
28.734337,-1,-1,-8,-3,-1,0,0,-1,0
28.755519,2,-2,-5,4,-1,0,-1,1,0
28.755556,-1,3,6,2,0,-1,0,0,0
28.757490,0,1,-1,-1,-2,-2,-2,-2,0
28.757495,-2,-4,-3,-1,0,1,-2,0,0
28.777472,0,-6,-5,-7,-2,-1,-1,-2,0
28.777516,0,0,-3,-3,-2,0,-1,0,0
28.778011,-2,3,3,-2,0,0,-1,-1,0
28.778044,0,-3,2,3,-1,-1,0,-1,0
28.793767,-3,0,2,-5,-1,0,-2,-1,0
28.793791,0,0,-3,5,-2,-2,-2,0,0
28.794678,-1,-2,-3,-3,-1,-1,-2,0,0
28.794703,-2,2,10,1,0,-1,-1,-1,0
28.815058,-1,2,3,1,-1,-2,0,0,0
28.815087,1,11,-4,-3,-1,0,0,-3,0
28.818075,-5,-18,8,-3,0,-2,-1,-2,0
28.818079,1,-2,-3,1,-1,-2,0,-1,0
28.838693,-1,-1,-9,2,0,-1,-1,-2,0
28.838703,1,-1,-6,-5,-1,-1,-1,2,0
28.838707,0,5,-4,2,-1,-1,-1,0,0
28.838711,-1,0,-1,-2,0,0,-1,-2,0
28.851979,-3,-9,-8,-4,-1,-2,-1,0,0
28.853308,-1,-2,6,0,-1,-2,-3,-2,0
28.860014,1,4,3,-1,-2,-1,0,0,0
28.861673,0,-5,2,-1,-1,-2,0,-1,0
28.875022,1,2,-4,-4,-2,0,-1,-1,0
28.876692,-2,-3,-1,0,-2,-2,-1,-2,0
28.876698,1,3,2,5,3,0,-1,0,0
28.876700,-2,-2,0,-7,-1,-1,0,-1,0
28.898905,-1,1,7,6,-1,0,0,1,0
28.898910,-1,-1,-2,-3,-1,-2,-3,-2,0
28.898913,-3,-3,-3,-2,-1,0,-1,-1,0
28.898914,-1,1,-5,2,0,-1,-2,0,0
28.912060,-2,0,1,-4,-2,1,-1,0,0
28.914284,-1,-6,-2,-1,-2,-1,0,-1,0
28.919970,1,1,-5,1,-1,-2,0,0,0
28.919989,-2,1,1,-3,-1,-1,-2,-1,0
28.935251,-1,1,6,0,0,-1,-2,0,0
28.935273,0,7,-6,-3,-1,-2,-2,-1,0
28.937781,-4,-21,-7,0,-1,0,0,-2,0
28.937787,-1,-3,2,1,-1,-1,0,-2,0
28.957449,-2,-1,-1,3,-1,-2,1,-2,0
28.957473,0,3,2,-6,0,0,-1,-2,0
28.958858,-1,4,-4,2,-1,-1,-1,-1,0
28.958861,-1,-2,-2,-2,-1,-1,-1,1,0
28.972616,0,-5,-1,-4,-3,-3,0,-1,0
28.972641,-1,-8,-12,-1,0,0,0,0,0
28.980450,1,12,11,-4,1,1,-2,-2,0
28.980479,1,-3,3,6,0,0,0,0,0
28.995722,-2,5,1,-2,-2,-1,-1,-2,0
28.995751,-3,-8,-2,-2,0,-2,-1,-2,0
28.996259,-1,-2,4,-5,-3,-1,-1,0,0
28.996278,0,10,2,-7,-1,1,-1,-1,0
29.017626,-1,-14,-1,0,0,-2,-1,-1,0
29.017656,0,-4,10,4,-2,-1,1,-2,0
29.019766,-1,1,-2,-1,1,-1,-1,-2,0
29.019770,0,3,0,-2,-3,-3,-1,-2,0
29.031806,-1,3,-3,-8,0,2,-1,-1,0
29.031829,-4,-5,-2,4,2,0,-2,0,0
29.040037,-1,-8,-6,2,-1,-3,1,0,0
29.040057,-3,12,8,-4,-4,-3,-3,-2,0
29.054999,2,2,-3,-2,1,-2,-2,-3,0
29.055046,0,-1,4,3,1,0,0,-2,0
29.055702,1,4,1,-4,-3,0,-2,1,0
29.055716,-1,-9,-13,0,0,0,0,0,0
29.077681,-2,0,-1,-3,-2,-1,-1,0,0
29.077774,0,1,-2,-5,-2,0,-1,1,0
29.079641,-1,4,-2,5,1,0,0,-1,0
29.079646,-1,-10,7,-3,-3,0,0,-2,0
29.091776,-2,-1,-3,3,-1,-3,-3,0,0
29.091793,0,-2,0,-2,-1,-1,0,1,0
29.102633,0,0,-9,-5,-2,-2,-2,0,0
29.102638,1,-1,-5,-1,0,-1,0,-1,0
29.117595,0,0,-1,-1,0,-2,-1,-1,0
29.117599,-2,4,4,2,-1,-2,-2,-1,0
29.117601,-1,-1,-5,-4,-1,0,0,-1,0
29.117603,-1,1,0,-2,-1,0,0,0,0
29.137920,-2,-2,-5,1,-3,-2,0,-1,0
29.137941,1,-1,6,-2,-2,-1,-2,-1,0
29.140001,-1,2,6,0,0,-1,0,-1,0
29.140008,-1,-7,-6,0,2,1,-2,-1,0
29.151875,0,0,-1,-1,-1,1,2,3,0
29.151905,0,-1,-11,0,-2,1,-1,0,0
29.160156,0,-1,-3,-3,-2,-3,-1,-1,0
29.160178,-2,0,-1,-3,-4,-1,-2,-2,0
29.174824,-2,0,-1,-1,-1,0,-2,-3,0
29.174843,0,-4,1,4,1,-2,0,0,0
29.177099,1,-3,8,-3,0,0,-2,0,0
29.177109,-2,-4,-4,3,1,-1,-1,0,0
29.197410,0,1,4,0,-1,0,-2,-1,0
29.197431,0,1,-4,-3,-3,0,-1,0,0
29.198201,-2,-3,-5,-6,-1,0,0,-2,0
29.198220,0,1,1,2,-2,-2,-1,-1,0
29.220689,0,-1,0,2,-1,0,-1,1,0
29.220710,0,-1,-3,-4,1,-1,0,0,0
29.223608,-3,-6,-5,0,-2,-1,-1,-1,0
29.223617,-2,4,3,1,0,-1,-1,0,0
29.235088,1,2,3,0,-1,-1,-1,-1,0
29.235121,-2,-3,2,-3,-1,0,0,-1,0
29.236663,-2,1,-6,4,2,-1,-1,0,0
29.236671,-1,-4,-9,-1,-2,-2,-1,0,0
29.257616,-1,-1,1,-5,-2,-2,-1,-1,0
29.257624,-3,-11,-1,-1,1,-1,-2,-2,0
29.258477,-1,19,4,1,-1,-2,-2,-2,0
29.258492,-2,-7,2,2,0,0,0,-1,0
29.280728,-2,-2,1,-2,1,1,-1,1,0
29.280758,-1,3,-1,-4,-4,1,-1,0,0
29.286605,-1,-10,-4,1,-1,0,-1,-2,0
29.286625,1,3,-5,-2,-1,0,-1,-1,0
29.295187,0,3,0,0,-1,-3,0,-1,0
29.296461,-1,-1,-5,-1,-1,-2,-1,-1,0
29.296469,0,1,3,0,-2,-1,0,-1,0
29.296472,-2,0,-1,-4,-1,-1,1,0,0
29.318355,-1,-1,0,1,1,-1,0,-3,0
29.318362,1,1,-1,1,-2,0,-2,-2,0
29.318364,-1,-4,1,0,-1,0,-2,-1,0
29.318367,-2,-3,-1,-2,0,0,-2,-2,0
29.340822,1,0,-3,-6,-2,0,0,-1,0
29.340850,-1,2,1,4,0,-3,0,-1,0
29.342194,1,-4,-7,0,-1,-1,-2,-2,0
29.342207,1,-3,4,0,-3,-1,-2,0,0
29.354934,-1,-2,-6,0,0,-1,-1,-1,0
29.354952,-1,12,4,-5,-3,-1,0,-1,0
29.356072,-2,-10,-2,-7,-1,-1,0,0,0
29.356077,0,11,8,6,-1,-1,-2,-1,0
29.377718,-1,-5,-2,3,-1,-1,0,1,0
29.377748,-1,-1,-4,-3,-1,-3,-2,-1,0
29.378891,-1,-2,-3,-2,-1,-1,-1,-1,0
29.378896,0,-4,-8,-4,-2,-1,1,-2,0
29.400781,-1,2,1,-2,-2,-1,0,-2,0
29.400849,-1,-6,-2,0,0,1,0,-1,0
29.401345,-2,1,0,-1,-2,0,-1,0,0
29.401451,1,-1,2,-2,0,0,-1,0,0
29.414922,0,-1,-2,0,-1,0,-1,-2,0
29.414940,-2,-4,-4,-2,2,-2,-1,0,0
29.415780,-2,2,1,4,0,-1,-1,-1,0
29.415881,-1,-1,0,-2,-3,-2,-1,-1,0
29.437545,-2,3,3,-2,-1,-1,-2,-2,0
29.437575,-1,-6,-4,2,-3,0,-1,-1,0
29.439351,0,1,2,-4,-1,-2,-1,-1,0
29.439356,-3,-2,-5,-2,-1,0,1,0,0
29.460872,1,-2,-5,-3,-2,-2,-1,1,0
29.460885,0,0,2,0,0,-1,-1,-2,0
29.461620,0,2,2,3,-2,-1,-1,-1,0
29.461732,0,-1,-2,-1,0,-1,0,0,0
29.475054,-1,-4,-5,-2,-2,-2,-3,-1,0
29.475070,0,3,-1,-2,-1,0,-1,0,0
29.475638,-2,-4,-4,1,-2,-1,1,-1,0
29.475657,-1,-4,-1,-3,-3,-2,-2,-2,0
29.497877,-1,0,0,-4,-1,0,-1,0,0
29.497899,-1,1,-4,5,-2,-1,1,-1,0
29.499827,-1,5,9,0,1,-1,-1,-3,0
29.499830,0,-16,-7,-3,0,1,-1,-1,0
29.522762,-2,-2,6,0,1,1,-3,-1,0
29.522768,-2,9,6,-5,-1,0,-2,0,0
29.522770,0,4,-4,-4,-1,-1,0,0,0
29.522772,-2,2,-1,2,0,-2,0,-2,0
29.535270,-2,-5,-1,-2,-3,-2,-2,-1,0
29.535301,1,-6,-12,-1,-2,-3,-1,-1,0
29.537259,-2,-3,-1,0,-1,1,-1,0,0
29.537268,-1,3,2,-2,1,-3,-2,-2,0
29.557618,-1,-5,-4,6,0,0,1,0,0
29.557638,-1,-3,1,-2,0,1,-1,-1,0
29.559079,2,12,0,-11,-1,-2,0,0,0
29.559086,-3,-16,-1,4,-2,0,-1,-2,0
29.580941,-3,2,0,-3,0,-2,-2,1,0
29.581032,0,-3,2,1,-2,-1,0,2,0
29.583132,-1,-13,-10,0,-3,0,1,-1,0
29.583136,0,10,3,-8,1,-1,0,-1,0
29.594300,-1,-1,-1,6,0,1,-1,0,0
29.596355,-2,-4,2,-1,-1,-1,-1,0,0
29.602918,-2,-5,-5,-2,0,-3,-1,-2,0
29.602952,-1,1,-8,-2,-4,-2,-2,0,0
29.617759,0,3,0,-1,-2,-1,0,-2,0
29.617779,1,4,4,-5,1,-1,-2,-1,0
29.618419,0,-4,-1,7,1,1,-1,-1,0
29.618441,1,-1,-4,-1,0,-1,1,0,0
29.640890,0,0,-5,-11,-2,-1,1,0,0
29.640916,-2,0,2,6,-1,-1,0,-2,0
29.642871,0,1,-1,-1,-2,-1,-1,-1,0
29.642878,1,7,0,-4,-1,0,-1,-1,0
29.654514,-1,-5,-2,2,-2,-1,-2,-1,0
29.654535,-1,-6,-1,-3,0,-1,0,-2,0
29.662489,1,-1,6,4,0,-1,0,1,0
29.662512,-2,4,2,0,-1,-1,-2,1,0
29.677376,0,6,4,-1,-4,0,-1,-3,0
29.677385,-3,-7,-13,-3,-2,-4,-1,1,0
29.678268,-1,-1,2,0,-1,-2,-2,-1,0
29.678283,-2,-3,-6,-4,-3,1,0,-1,0
29.701121,-1,11,7,3,4,-1,-1,0,0
29.701155,2,0,4,1,-1,0,-3,-2,0
29.703530,0,2,3,-2,-2,-1,-1,-1,0
29.703536,-1,-7,-2,0,-2,-1,0,-1,0
29.715130,-1,-2,-6,1,-2,-1,1,-2,0
29.715152,-2,-2,-1,-7,-1,0,0,-1,0
29.717030,0,-3,-5,-1,-1,0,-1,0,0
29.717035,-3,-1,2,3,0,-2,-2,-1,0
29.737323,-1,-3,-2,-1,-1,-2,-1,1,0
29.737327,0,6,0,3,-2,-1,-1,-1,0
29.738048,2,6,1,-1,0,-2,0,-2,0
29.738084,-3,-17,-2,-3,0,0,0,0,0
29.760612,0,-2,-1,0,-2,1,2,0,0
29.760635,-1,-4,-3,-4,-2,0,-2,-2,0
29.762844,-1,-2,-3,-8,-3,0,-1,-1,0
29.762853,1,9,1,5,-2,-1,-2,1,0
29.774419,-1,-5,-8,-5,-1,-3,-1,0,0
29.776650,-1,1,6,1,-2,-1,-1,-2,0
29.784238,-1,-8,-11,-1,1,0,1,-1,0
29.784244,0,9,10,-2,-2,0,0,0,0
29.800098,-2,-4,0,-1,-1,0,-3,-1,0
29.800111,-2,0,-3,0,0,-1,0,0,0
29.800115,1,-4,0,2,0,0,-1,-2,0
29.800119,0,-1,-3,-13,-2,0,-1,-1,0
29.820593,-1,2,4,9,1,0,-1,-1,0
29.820614,0,-1,-6,-2,0,-1,-1,-1,0
29.823120,-3,-8,1,4,-1,1,1,1,0
29.823127,0,7,-2,2,-1,-3,-1,0,0
29.834803,-1,0,-1,-5,-3,-1,-2,-2,0
29.834824,-1,-2,-2,-6,4,0,-2,-1,0
29.842453,-3,3,6,0,-1,-1,1,-1,0
29.842470,-1,-5,-7,-1,-2,-1,0,-1,0
29.857456,0,-3,0,-1,-2,-4,-1,-1,0
29.857474,0,0,2,-2,-2,-2,0,0,0
29.859564,-2,-4,-9,-4,0,0,-2,1,0
29.859568,-1,8,-3,1,-2,0,0,-1,0
29.880637,-2,-15,5,0,-1,-1,-2,-1,0
29.880656,-1,-4,-7,-2,-3,0,-1,0,0
29.881344,0,-2,-2,-4,0,-2,-1,1,0
29.881362,0,1,-3,1,1,-2,0,0,0
29.894239,-1,0,-4,0,0,0,-1,-2,0
29.894254,-1,3,3,3,0,-1,-1,0,0
29.902530,-1,2,0,-3,-3,-1,-1,0,0
29.902555,0,-3,1,-1,-1,-2,0,0,0
29.918418,2,3,0,-1,0,0,-1,0,0
29.918446,-2,-1,3,1,-1,1,-1,0,0
29.918452,-2,3,1,-4,-2,-2,-2,-1,0
29.918457,0,-5,-5,4,-1,0,-2,-2,0
29.940789,-2,-3,0,0,2,0,-1,-1,0
29.940812,1,3,3,-4,-4,0,0,-1,0
29.941591,-1,13,11,3,-2,0,-1,0,0
29.941610,-2,1,0,4,0,-1,0,-1,0
29.954330,-1,1,-5,-7,1,-1,-1,0,0
29.954336,2,-5,-6,4,-1,-3,-1,0,0
29.962620,-3,-5,-2,-4,0,-1,-1,-1,0
29.962642,-1,-3,1,-4,-1,-2,-1,0,0
29.977829,0,2,-1,1,0,-1,-3,-3,0
29.977851,-2,-1,3,-2,-1,0,0,-1,0
29.979767,0,-4,-4,0,-1,0,-1,-2,0
29.979771,-1,-1,3,2,-1,0,-2,-1,0
30.000495,1,0,-4,-8,-5,-1,-1,0,0
30.000508,0,2,1,4,-2,1,0,-1,0
30.001154,1,-1,-5,2,0,-2,-2,-1,0
30.001167,-1,-3,1,-2,0,0,0,1,0
30.016490,-1,-1,1,-1,1,-1,0,-1,0
30.016495,-2,8,1,-11,1,-2,-2,-2,0
30.022474,-1,-11,-1,6,-3,-1,-1,-2,0
30.022495,0,-3,0,-1,-1,0,-1,-1,0
30.037528,0,2,-3,0,-3,-1,-1,-1,0
30.037557,-4,-8,-5,-3,-1,-1,-2,-1,0
30.039608,-1,-1,-4,-4,-2,0,0,0,0
30.039613,2,1,-1,-1,-2,-2,0,1,0
30.062583,-1,11,14,2,1,2,0,-1,0
30.062589,2,1,1,3,0,1,0,0,0
30.062591,-3,-2,-4,0,1,0,0,0,0
30.062592,-2,-8,-3,-2,-2,0,-1,-1,0
32.085540,2,-112,-13,-8,-23,8,-7,-48,2
32.085908,39,127,21,9,6,6,7,28,2
32.087151,-57,-86,-13,-8,-2,-10,-13,-29,2
32.087215,-55,105,4,5,3,11,-20,23,2
32.108414,44,-4,-5,-8,-7,-20,21,2,2
32.109912,-80,12,-6,-3,-1,-25,-5,-2,2
32.109917,96,-90,-8,-3,0,71,9,47,2
32.109919,-128,13,-16,-2,2,-17,-4,-46,2
32.123059,49,111,10,3,-2,5,-10,12,2
32.123076,-17,-128,-13,-1,-10,11,-12,-22,2
32.124678,28,114,11,2,5,37,34,28,2
32.124683,19,-36,-4,-2,-1,-21,-4,32,2
32.145760,-12,-16,-2,0,5,-22,-24,-81,2
32.145769,32,-5,12,1,-11,0,4,-1,2
32.147408,-38,-23,1,4,2,-16,0,-7,2
32.147484,-18,-102,-29,-5,10,41,-3,13,2
32.168173,-72,37,5,2,-21,-22,7,-21,2
32.168196,38,127,17,6,10,-9,3,6,2
32.171276,-21,-64,-12,-9,-39,20,-15,-67,2
32.171289,-50,10,8,5,52,9,5,-21,2
32.182443,97,-33,15,3,-2,-8,10,55,2
32.182466,-64,-61,-32,-8,2,3,-14,-17,2
32.189284,-68,-87,-14,-13,-4,-16,12,38,2
32.189311,54,22,10,-6,-53,-80,-27,-59,2
32.208365,-44,-63,0,5,35,66,19,26,2
32.208379,-43,-18,-5,1,-6,-15,15,20,2
32.208384,127,126,-13,1,22,-8,-6,40,2
32.208388,-46,-98,12,6,-2,-2,-9,35,2
32.228088,-31,-18,-10,-5,0,4,23,-2,2
32.228111,65,24,13,0,-6,109,-13,0,2
32.229825,-19,64,13,6,-2,-67,-26,28,2
32.229844,41,24,-4,-2,-24,9,9,-50,2
32.242416,18,84,15,3,26,12,0,73,2
32.242466,-1,39,-16,-9,5,-6,-6,-56,2
32.249201,-36,1,-3,-4,-10,-8,2,-34,2
32.249224,4,-29,10,0,1,33,9,4,2
32.266180,25,90,20,0,-10,-3,-11,6,2
32.266202,33,-123,-36,-7,0,-34,-2,-9,2
32.268901,-20,73,21,5,10,-10,-17,-17,2
32.268908,-32,-19,-14,-6,6,-9,30,7,2
32.288347,-53,119,2,-2,-11,6,-17,12,2
32.288368,44,105,19,4,8,-4,2,-15,2
32.289715,127,-128,-16,-5,-12,-38,-5,-6,2
32.289738,-6,83,5,2,7,25,8,28,2
32.303139,-46,-68,-4,-4,-20,-25,-28,-69,2
32.303165,55,58,8,9,16,43,27,23,2
32.309200,-95,43,-3,-1,3,-49,-47,5,2
32.309217,43,-90,-21,-10,-10,36,-9,17,2
32.325719,-38,-1,-13,1,19,-16,3,-15,2
32.325738,-35,40,8,3,-20,-29,1,18,2
32.327696,-1,31,2,3,7,41,7,-78,2
32.327702,4,-38,-11,-5,3,-35,-22,-5,2
32.348233,21,-23,-4,-7,-24,-5,29,24,2
32.348252,-69,25,4,-4,4,11,3,1,2
32.349485,-10,-32,7,6,6,6,17,36,2
32.349498,9,29,4,1,-4,-4,-11,-21,2
32.362763,79,65,-1,2,-1,15,-9,4,2
32.362782,24,77,11,0,7,-41,-13,-8,2
32.369751,5,-13,-7,-8,-30,25,23,4,2
32.369778,-5,-44,-16,-6,5,32,16,19,2
32.385645,-76,67,12,7,24,-21,-63,-53,2
32.385668,22,-112,-3,-1,-17,1,0,22,2
32.387036,-3,-10,-2,-4,7,48,13,27,2
32.387045,11,102,-5,-3,-8,-69,-13,-44,2
32.408102,10,-28,2,2,-21,10,25,8,2
32.408120,63,14,-5,-6,0,-1,-7,10,2
32.409541,-37,-59,-16,-2,9,-26,-7,3,2
32.409560,-14,-28,7,-1,-4,25,3,-1,2
32.424846,113,4,3,1,7,43,4,45,2
32.424863,-64,-114,-2,-4,-12,-42,-10,-53,2
32.429514,-29,127,14,6,8,15,2,15,2
32.429536,22,-82,-17,-5,-32,-12,-6,-50,2
32.445584,5,-4,-17,-7,18,21,0,31,2
32.445609,-2,7,12,1,9,-4,-11,-16,2
32.447753,14,43,7,3,-8,-9,-17,28,2
32.447759,62,11,2,4,17,17,5,40,2
32.468616,-109,23,5,-2,-15,-37,-9,-84,2
32.468646,-80,-103,-37,-11,0,10,11,-2,2
32.471040,8,4,-12,-8,2,50,-6,4,2
32.471049,11,104,6,-2,3,-17,14,14,2
32.482848,21,-29,-14,3,-5,-8,-2,46,2
32.482869,-40,96,23,7,15,-5,5,-28,2
32.489684,-7,12,15,6,-3,26,15,10,2
32.489717,-8,-98,-14,-4,-5,25,-3,7,2
32.505646,-5,52,-8,-8,-15,-7,-5,14,2
32.505673,22,-78,-5,1,14,4,0,20,2
32.507420,-45,11,-10,-2,-3,-20,-5,-29,2
32.507439,-35,-34,-2,-2,7,15,-12,8,2
32.528149,28,-37,-6,-4,2,-10,29,-28,2
32.528170,106,117,14,6,-18,-8,-50,13,2
32.529705,-87,-57,0,-7,-1,-18,24,1,2
32.529714,3,32,3,5,9,14,11,36,2
32.541860,11,-1,3,0,-18,1,-9,-2,2
32.541876,-18,-113,-4,-1,18,7,12,32,2
32.559202,53,-67,4,2,3,-2,1,-17,2
32.559208,-54,31,0,-3,0,-15,-14,-20,2
32.565841,-11,-100,-11,-3,3,2,-3,5,2
32.565871,2,19,7,6,7,57,6,15,2
32.568225,-23,84,9,-4,-36,-80,-20,-35,2
32.568233,45,-70,-15,-4,6,50,25,24,2
32.588785,-9,-37,-5,-9,-22,-66,-9,20,2
32.588925,10,113,12,5,5,19,6,-74,2
32.591661,22,-111,-20,-2,13,6,-7,0,2
32.591670,9,82,5,-1,2,-46,-7,6,2
32.601831,-13,14,2,4,-9,14,-7,-19,2
32.601854,-21,115,13,-6,2,-20,13,5,2
32.610693,61,-4,-7,1,3,14,15,38,2
32.610702,14,101,16,1,-9,-20,3,-74,2
32.625864,72,-45,-26,-6,6,6,-36,50,2
32.625908,-128,-15,-3,0,-6,-14,-11,-53,2
32.627107,78,-31,-5,-3,1,5,-8,-6,2
32.627132,-8,67,1,0,-10,12,13,21,2
32.648555,-5,27,15,7,20,16,8,-7,2
32.648578,2,-38,-2,-1,-8,-10,4,22,2
32.650126,0,64,2,1,3,7,6,3,2
32.650131,43,34,21,3,-29,62,-35,-31,2
32.662024,-33,8,-1,-6,7,-78,27,-25,2
32.662054,63,-102,-16,-4,-1,-3,7,44,2
32.673298,-112,-51,-13,-1,-8,7,-7,-10,2
32.673306,5,36,18,7,7,-4,-8,34,2
32.686878,-10,2,2,-1,2,13,-7,-65,2
32.686883,13,-11,-2,0,-6,10,7,17,2
32.686994,32,66,9,1,6,3,-5,-3,2
32.687000,-52,-39,-12,0,9,-28,0,8,2
32.708086,-42,81,16,-7,1,31,5,11,2
32.708107,-4,-21,-19,9,-4,-7,-10,-10,2
32.709686,44,54,-2,-10,-2,11,1,34,2
32.709693,-52,-13,-26,-12,1,-23,11,-31,2
32.722497,75,55,5,7,1,3,10,28,2
32.722523,-48,23,11,3,4,21,4,-6,2
32.731446,-22,19,-3,2,3,-12,-2,-15,2
32.731451,26,-27,1,-6,-4,-10,-5,-1,2
32.745697,6,-34,4,1,0,24,1,20,2
32.745718,-12,25,-2,-4,-1,-22,-1,16,2
32.747555,67,-13,3,2,-5,2,1,-13,2
32.747562,-20,-13,-2,-4,6,-12,2,11,2
32.768384,61,53,-7,1,-3,-5,-18,-34,2
32.768413,23,7,-10,-8,-9,15,-2,-25,2
32.770237,-34,122,12,1,-16,0,15,18,2
32.770240,32,123,3,0,38,9,-7,-17,2
32.781739,-10,-76,-34,-8,-9,-1,0,20,2
32.781762,31,-37,12,3,-2,-7,-3,34,2
32.792285,-14,51,-1,-10,-3,11,2,-50,2
32.792295,3,44,-4,9,-2,-17,-31,8,2
32.805744,-86,-19,24,18,6,7,9,-19,2
32.805774,-62,57,-17,-13,-2,5,-2,21,2
32.807862,27,-43,-12,-3,8,64,-2,-29,2
32.807870,-1,-44,4,-3,2,76,6,9,2
32.828104,48,51,11,0,-7,-95,-12,-10,2
32.828121,-95,-85,-8,0,-25,26,17,25,2
32.829636,8,26,-7,-2,34,0,-13,-6,2
32.829663,5,-71,-11,-5,-8,-11,12,-16,2
32.841954,-74,47,1,0,-1,17,-3,-43,2
32.841963,99,7,8,0,7,22,-3,16,2
32.852152,-25,32,-3,1,-9,-40,-14,18,2
32.852159,-11,-48,10,4,0,-5,13,24,2
32.865575,78,86,-5,-8,1,5,-1,3,2
32.865598,7,28,3,0,-2,-35,-5,-12,2
32.867274,72,-29,-1,0,-7,3,8,1,2
32.867282,-26,77,-4,1,-2,-14,-8,8,2
32.888242,71,33,18,-1,-2,28,25,32,2
32.888263,-76,-5,-9,-1,2,-10,-16,-68,2
32.889710,31,57,1,-2,2,4,11,37,2
32.889724,-6,50,17,9,-1,-20,8,-4,2
32.904625,-25,-51,-23,-10,-2,13,-4,16,2
32.904634,120,76,46,19,-23,-26,3,6,2
32.910946,-127,-13,-30,-10,45,3,6,-27,2
32.910951,11,-11,-10,-12,-28,-90,-7,3,2
32.925747,-110,5,-11,-4,-10,49,-11,-19,2
32.925765,50,69,10,-1,3,-82,-9,9,2
32.927162,-45,-73,5,5,-10,-7,3,3,2
32.927171,10,-31,-2,0,13,22,-2,-11,2
32.949474,-26,-60,-3,-1,-10,3,-15,-5,2
32.949480,26,-18,0,0,4,21,20,35,2
32.949573,-38,28,-3,1,-11,-10,-9,-12,2
32.949650,13,23,-11,-16,-1,-9,-3,-7,2
32.970586,-9,79,14,6,1,10,-4,17,2
32.970603,-22,-33,-14,-4,10,20,22,-12,2
32.972658,45,-12,36,7,-3,-14,2,3,2
32.972664,74,-55,-35,-3,-6,18,-5,-12,2
32.985863,-53,-41,-25,-6,5,-2,2,10,2
32.988017,16,49,-6,-3,2,7,-1,14,2
32.988021,7,11,6,3,-6,1,3,-21,2
32.988023,-23,83,14,2,6,-24,-9,4,2
33.008040,56,-2,13,0,6,52,15,31,2
33.008058,-24,-16,-22,-6,-9,-18,-12,-33,2
33.010040,-11,-128,-11,-2,-21,6,-26,-1,2
33.010057,8,95,7,5,36,99,43,17,2
33.030944,-3,34,8,2,-10,-44,-26,-13,2
33.030969,-28,110,19,6,9,10,-2,9,2
33.033816,57,45,-13,-2,11,53,-6,21,2
33.033828,59,-123,-24,-19,-33,-70,-9,3,2
33.045514,-79,-3,2,-5,0,22,12,46,2
33.045535,74,-61,-11,-3,0,5,-31,-53,2
33.047212,-66,98,2,-1,-5,-22,17,-3,2
33.047230,-2,-65,1,6,0,6,-11,10,2
33.068221,-23,-12,-17,-4,-13,-17,0,-36,2
33.068244,32,-45,-4,-2,34,-6,-4,-1,2
33.069866,27,17,5,2,-6,-3,-2,31,2
33.069874,-9,-89,4,3,-5,0,-6,-17,2
33.091391,11,9,-9,-3,-1,-14,1,5,2
33.091450,-50,-70,-8,0,-10,17,7,3,2
33.092097,25,-78,1,2,12,-23,4,-14,2
33.092120,-68,53,13,1,-7,33,0,14,2
33.106718,-10,72,5,1,10,-30,0,-48,2
33.106727,-9,-60,-7,-1,-9,12,16,62,2
33.111985,100,127,10,-5,-2,-40,-36,24,2
33.112003,-68,-67,-19,-8,-3,15,40,-66,2
33.128320,-42,79,19,8,0,0,-10,28,2
33.128340,25,18,-5,-8,-11,-1,-10,-5,2
33.129517,-20,4,3,5,34,14,20,-26,2
33.129525,44,47,13,3,-7,-3,-12,32,2
33.152886,67,59,0,-4,0,-5,-8,4,2
33.152893,-31,5,-9,-5,-6,11,-2,-9,2
33.152896,-20,-50,-5,-4,-20,-8,-9,-6,2
33.152898,55,127,13,6,8,-10,-19,-21,2
33.165083,-3,-76,1,0,0,25,19,9,2
33.165124,-25,115,1,-6,-11,-14,-7,3,2
33.171752,-21,21,-2,0,-9,4,1,-24,2
33.171777,-25,-122,-25,-2,-4,-9,-1,18,2
33.188501,54,70,20,7,10,-11,3,21,2
33.188524,8,7,-9,-10,-12,-36,-18,-43,2
33.190683,-43,-8,-5,-3,6,28,23,1,2
33.190689,-81,117,14,2,7,-11,8,9,2
33.210707,62,-128,-12,-6,-5,12,-1,-4,2
33.210727,21,18,5,6,28,25,11,12,2
33.212640,18,31,-8,-2,-24,-34,-6,2,2
33.212646,8,-15,-1,-3,-11,39,-16,2,2
33.225059,6,54,7,-1,15,7,14,7,2
33.225085,57,-22,-20,6,-9,46,15,29,2
33.231812,-62,-116,5,-9,-4,-64,-48,-2,2
33.233523,76,29,-4,-1,-3,-34,2,4,2
33.248008,-83,-94,-35,-6,-2,-15,-12,13,2
33.248033,11,70,18,-1,-9,10,32,-2,2
33.249457,52,-33,-12,-2,2,28,31,24,2
33.249470,-40,21,3,3,1,-10,-13,-2,2
33.278096,14,25,2,-3,2,4,-4,-28,2
33.278120,-13,70,2,3,4,-15,-13,-4,2
33.279583,-21,-19,-7,-2,1,10,14,11,2
33.279596,36,-19,7,-3,-3,-10,-6,-7,2
33.284988,45,75,9,5,-4,-38,-2,21,2
33.285008,-46,-121,7,2,22,38,21,-5,2
33.291697,-48,16,-4,-5,-16,1,-11,-29,2
33.291716,-17,52,-4,0,8,5,6,-22,2
33.308968,21,78,1,-7,-20,2,-39,-18,2
33.308982,-44,-71,-14,-1,-5,-89,-4,7,2
33.309569,3,21,2,11,13,24,5,22,2
33.309584,-2,-89,2,-2,-10,-25,-20,-4,2
33.330658,45,-66,-1,1,3,53,36,19,2
33.330680,-64,127,7,-1,2,-35,-13,-17,2
33.332520,22,1,7,-2,-11,-1,-6,-20,2
33.332523,-7,-29,-7,-2,4,6,13,37,2
33.345052,-22,-61,13,4,-2,-3,1,-13,2
33.345073,41,72,36,14,11,22,1,37,2
33.354113,99,-45,15,5,-21,4,-21,-8,2
33.354119,-120,-76,-43,-23,-5,32,0,-46,2
33.368243,60,-59,-19,-7,-7,7,12,-42,2
33.368247,31,118,13,-1,10,15,21,9,2
33.369546,16,53,8,1,2,5,3,0,2
33.369560,12,-5,15,7,-10,-9,-2,11,2
33.390839,-50,-42,-2,1,2,-9,-7,-1,2
33.390858,-10,-52,-11,-5,-14,6,-6,-17,2
33.392644,-7,25,-1,-3,-2,-17,0,-7,2
33.392650,-5,-13,0,-2,20,0,-5,-10,2
33.405439,37,91,8,11,-7,-9,4,22,2
33.407049,-30,-128,-35,-15,-6,40,-9,20,2
33.414274,29,78,5,-2,2,-4,-5,11,2
33.414280,30,-62,-13,2,5,9,-16,-29,2
33.429116,-48,83,-3,-2,-1,-40,12,2,2
33.429123,-15,95,21,6,3,36,-3,-8,2
33.429600,-23,7,0,4,7,4,1,38,2
33.429683,22,42,8,1,3,-4,11,4,2
33.450488,22,-68,16,-2,-50,-4,-10,22,2
33.450510,11,91,-11,8,17,-66,6,7,2
33.452561,-108,-72,-52,-21,54,41,32,-48,2
33.452565,9,53,17,8,-1,15,-8,-11,2
33.464296,-45,-95,-19,-13,6,-60,-11,-8,2
33.464318,20,-25,7,2,-15,18,3,35,2
33.475567,14,127,12,5,-14,7,-27,-63,2
33.475577,3,-41,-1,0,-10,-41,-7,31,2
33.488166,-15,-2,-2,-3,19,48,12,-12,2
33.488190,26,-51,-5,-12,-17,-32,-7,-20,2
33.490548,27,-29,10,9,10,-14,2,39,2
33.490555,38,115,4,3,-14,23,2,-3,2
33.510638,19,31,11,-2,0,2,-8,26,2
33.510704,-31,21,-28,-14,-7,8,-6,-50,2
33.512213,-30,-81,-10,-4,-11,-13,10,19,2
33.512239,-15,-39,6,4,6,-21,-10,-9,2
33.524300,-49,111,14,2,6,15,-4,14,2
33.524319,-23,66,4,-3,12,-3,21,-34,2
33.533337,9,-62,-3,1,-7,8,-1,12,2
33.533341,64,65,3,0,-9,-19,3,32,2
33.548332,-6,-39,-11,6,7,38,6,-5,2
33.548348,57,46,-4,-6,-6,79,-28,-32,2
33.549986,9,-16,1,2,-14,-95,14,10,2
33.549998,-15,37,-6,-6,10,14,8,28,2
33.570637,-14,55,4,1,-7,-4,-29,-32,2
33.570650,8,-74,6,6,-6,3,19,-8,2
33.572377,35,121,13,2,-3,38,3,16,2
33.572395,61,-43,-12,-3,10,-5,0,0,2
33.585270,-18,68,-3,-6,-28,-34,-3,5,2
33.585320,25,-106,-8,2,5,7,-20,-6,2
33.594073,-19,92,0,-2,0,3,-5,-27,2
33.594079,-23,12,10,0,1,5,16,24,2
33.608050,-1,37,-17,-4,-8,6,-8,-26,2
33.609205,-83,-100,-18,-9,17,-39,-7,32,2
33.609486,18,16,-6,-5,-7,14,-14,-51,2
33.609492,-25,88,18,6,-1,2,-5,26,2
33.630678,18,-14,-4,3,18,16,8,-14,2
33.630682,37,58,2,3,-10,-45,-12,5,2
33.631933,-30,72,2,-1,-6,46,-9,3,2
33.631946,-71,-90,-15,-2,-1,-35,8,-33,2
33.645820,38,41,4,2,18,0,8,20,2
33.645826,-10,-50,0,-10,-2,-8,-16,-11,2
33.654133,19,55,16,12,-4,9,-1,16,2
33.654142,47,53,7,-3,-8,13,-3,-4,2
33.668459,-62,-95,-9,1,3,3,1,-38,2
33.668490,36,-37,-15,-14,-12,-11,-10,44,2
33.670069,-25,-122,-14,0,-2,4,40,-44,2
33.670077,42,110,5,-2,-29,11,-43,26,2
33.691564,-10,-128,-22,-7,49,19,-8,-10,2
33.691580,-7,32,16,3,-11,-52,6,-30,2
33.692607,18,-6,9,-1,0,-31,-13,-10,2
33.692624,-64,-49,-16,-5,-2,12,11,-28,2
33.704264,68,-20,4,-2,0,47,10,31,2
33.704286,-82,112,5,7,-2,17,-16,-24,2
33.713922,32,-93,-11,-9,4,5,-11,27,2
33.713927,26,-2,8,3,5,-26,-2,-28,2
33.728223,-1,-109,0,-1,0,-2,-11,14,2
33.729546,69,25,12,8,5,8,11,32,2
33.729780,-61,-66,-22,-20,-33,-69,-17,-34,2
33.729807,48,81,-2,10,-1,32,10,33,2
33.751350,-60,-20,-7,-5,21,-19,7,-1,2
33.751373,36,-32,-5,1,-12,14,0,3,2
33.753905,46,56,19,8,10,0,-19,23,2
33.753911,-54,-68,-3,-7,2,-1,1,-4,2
33.764266,52,79,6,-1,-17,23,-16,-32,2
33.764288,-21,11,-4,-5,6,-61,23,33,2
33.774413,-41,-11,-19,-6,-4,44,-13,-27,2
33.774420,-14,46,16,-2,-13,12,2,-10,2
33.788480,71,44,4,5,-10,-21,-3,-7,2
33.788564,-40,74,0,-3,-2,25,5,-18,2
33.789632,74,-19,-1,-2,5,-4,6,23,2
33.789643,-22,-33,-7,-2,1,-15,4,-17,2
33.811053,-68,-69,-13,-14,-3,-13,-13,0,2
33.813257,-6,-46,-4,2,0,17,-8,-6,2
33.813263,29,6,5,-2,8,-4,7,38,2
33.813265,-86,43,-6,6,-7,8,-10,-45,2
33.824384,27,-51,-8,-4,0,-6,15,14,2
33.824408,-47,16,-3,1,-4,6,-14,-4,2
33.834877,2,1,8,0,8,9,18,14,2
33.834883,59,-5,-3,-3,19,35,-40,6,2
33.849002,-30,121,2,-1,-15,-68,5,-21,2
33.849009,-57,-128,-5,-2,3,37,20,4,2
33.856873,34,24,3,8,2,8,-2,8,2
33.856885,23,-2,15,-1,0,-26,9,3,2
33.870593,0,4,-7,2,-10,4,-7,-2,2
33.870630,101,127,12,3,12,20,-9,39,2
33.872746,-57,-42,-22,-8,8,-4,-2,-20,2
33.872758,9,32,-2,-4,-20,27,10,2,2
33.893031,-42,-94,-5,4,18,20,0,11,2
33.893049,50,107,5,-7,-18,-3,5,13,2
33.894623,-34,-78,3,9,-17,-6,-8,0,2
33.894737,-9,-34,-4,2,17,0,-1,-9,2
33.909252,18,67,13,4,-3,-1,-3,19,2
33.909258,4,51,3,10,11,24,42,-21,2
33.909692,55,-76,-28,-25,-26,-47,-74,-20,2
33.909713,-1,49,-12,0,8,-13,10,-3,2
33.930544,-46,-52,5,-4,-3,11,11,-22,2
33.930561,-14,-23,1,0,-13,-12,-8,3,2
33.932380,32,102,19,6,18,12,10,10,2
33.932385,18,-65,0,-1,2,25,6,3,2
33.953081,48,-29,-11,-3,0,4,5,10,2
33.953110,-5,63,44,14,8,10,-10,4,2
33.954595,-16,2,-27,-17,-3,41,0,13,2
33.954611,-87,-23,-18,-15,-2,-5,-5,-25,2
33.967788,1,127,7,7,9,-4,4,10,2
33.967816,3,-5,-22,-9,-17,0,-8,-21,2
33.974231,17,59,22,14,13,37,19,30,2
33.974252,21,8,9,1,-30,-17,7,16,2
33.999246,4,3,-9,-8,0,-21,-8,39,2
33.999276,-10,-11,-3,9,43,10,-15,-4,2
34.001185,44,41,7,3,-9,-39,11,-10,2
34.001189,0,-108,3,2,-3,12,32,15,2
34.013027,47,124,7,2,-12,-10,-8,5,2
34.013044,-4,-39,-14,-8,3,-25,-9,-17,2
34.014465,-125,-33,4,-3,3,13,-1,-24,2
34.014472,51,66,1,0,5,-39,-7,12,2
34.028083,16,-51,0,2,-1,19,9,-15,2
34.028101,39,37,9,0,-8,5,-8,3,2
34.030165,-11,-81,0,0,-1,-20,-2,-7,2
34.030176,3,16,-17,-3,-2,-1,-6,-18,2
34.051055,37,-65,14,1,8,57,0,10,2
34.051068,-12,33,-19,-6,-10,-6,-4,-6,2
34.052399,57,-48,-7,-5,-5,1,15,-11,2
34.052412,-22,-80,9,3,-16,-11,-5,12,2
34.073218,14,12,-23,-3,19,12,0,-6,2
34.073235,-6,-48,4,2,-6,-11,0,9,2
34.075414,-42,123,9,1,10,-14,-12,23,2
34.075420,23,5,0,-5,-10,-34,27,-2,2
34.087331,-50,24,0,1,-7,-16,13,-10,2
34.087412,39,-31,2,-2,-4,-10,-28,5,2
34.094302,-2,11,-8,0,15,-2,-11,31,2
34.095895,6,61,-4,-3,14,0,-20,-71,2
34.110621,-33,7,-2,-6,-28,-14,1,-14,2
34.110628,-18,20,1,-4,2,12,8,1,2
34.112256,27,-62,0,6,-10,-4,6,13,2
34.112275,2,-85,-6,4,14,6,-5,20,2
34.133247,86,-85,-17,-6,-5,-9,1,-11,2
34.133269,-82,-9,-4,-2,-5,17,-12,-5,2
34.134748,62,68,2,-8,-30,3,23,-24,2
34.134752,-30,33,6,6,34,10,-3,20,2
34.147359,11,-27,-1,0,2,16,-6,11,2
34.147380,3,-58,2,0,-14,-34,-8,-15,2
34.154334,-11,120,22,10,4,-6,2,6,2
34.154353,-14,-66,-24,-11,0,13,-4,14,2
34.171877,-70,47,-7,-12,-10,12,8,-79,2
34.171882,6,6,3,1,-1,-10,19,43,2
34.172101,-18,116,9,6,9,4,3,2,2
34.172116,82,2,9,3,3,20,-6,1,2
34.192962,-15,-10,-13,-8,-10,-72,-31,-38,2
34.192984,24,-8,-6,-2,7,-41,12,-12,2
34.195196,-38,13,0,-1,-14,37,-3,-5,2
34.195203,70,9,8,2,-10,-9,3,21,2
34.207473,-9,-9,7,4,2,4,8,12,2
34.207489,-12,-12,-14,-6,5,9,-1,-16,2
34.214613,99,-66,5,5,1,-15,2,27,2
34.214641,-60,-43,4,-4,3,-6,-14,-14,2
34.231489,79,95,17,16,3,14,-1,19,2
34.231529,-50,-120,-45,-19,-13,-9,-7,-23,2
34.234475,-15,-2,-10,-2,8,16,4,12,2
34.234484,-39,78,-3,-9,-11,4,-5,-14,2
34.252943,-28,9,16,6,2,-11,-3,30,2
34.252957,-14,5,16,8,-1,11,25,-47,2
34.254772,14,29,-15,-3,-26,-2,1,-9,2
34.254794,-24,-79,-6,-1,44,8,21,40,2
34.267747,42,21,6,-6,-32,25,-18,-60,2
34.267772,0,-28,-11,-3,14,34,-13,15,2
34.274310,-60,-30,-10,-5,-9,-45,-4,-34,2
34.274330,7,40,13,8,-5,6,3,3,2
34.290797,30,83,-1,-4,8,-2,1,19,2
34.290814,4,15,12,4,-4,30,5,1,2
34.292896,-84,-97,-6,-2,5,0,-9,-17,2
34.292902,43,111,-3,-2,-2,-16,-18,0,2
34.313150,-75,-113,-7,-6,-12,-22,14,34,2
34.313172,-18,104,-5,0,-7,-7,-18,-28,2
34.314503,-31,-30,5,-1,13,8,3,4,2
34.314522,25,38,-6,-4,-42,-21,-29,17,2
34.327405,-81,-128,-8,-7,14,-81,2,-36,2
34.327412,-10,53,11,-7,4,16,3,7,2
34.334321,-40,4,3,7,7,3,-11,4,2
34.334344,63,5,2,3,-5,9,14,25,2
34.350873,-41,20,19,2,7,11,-22,-11,2
34.350901,45,-20,9,3,-13,-14,0,54,2
34.352532,36,21,-6,-9,5,1,-11,-24,2
34.352535,-13,53,-5,2,-10,6,9,20,2
34.373071,25,59,0,4,17,18,4,14,2
34.373082,-12,-50,6,-1,5,-8,-1,-43,2
34.374605,52,-58,-9,0,2,18,-1,65,2
34.374624,-56,-81,-14,-4,-1,-11,0,-37,2
34.389965,33,93,1,5,3,32,-7,-44,2
34.389977,-35,60,1,-1,-6,-2,-4,-22,2
34.394655,49,46,-8,-10,-7,-6,4,2,2
34.394671,-60,-55,-10,1,15,54,-2,-6,2
34.411176,-5,28,1,-1,-12,-53,2,24,2
34.411197,40,-79,-14,-2,26,21,17,18,2
34.412559,28,36,9,4,1,-11,-18,-2,2
34.412622,-53,-23,3,-4,-13,-9,-2,-31,2
34.440628,-26,-86,-9,0,16,25,-7,18,2
34.440648,20,20,8,-3,-21,22,26,5,2
34.442163,-78,-50,6,2,15,-79,-4,-13,2
34.442179,9,94,1,3,5,26,8,-2,2
34.446917,-64,81,-2,-2,-15,-29,21,21,2
34.446943,17,-62,-21,-12,-10,-28,-22,-3,2
34.455711,18,46,0,4,5,40,6,-30,2
34.455734,18,37,6,-3,-7,-12,-11,6,2
34.470452,-2,42,-2,0,-4,8,1,4,2
34.470466,57,54,15,9,2,-17,-12,7,2
34.472099,-27,6,8,-1,-3,26,33,39,2
34.472120,-43,-89,-11,-5,0,-45,-52,-19,2
34.500919,34,29,-8,-2,-2,43,8,-1,2
34.500951,-22,-110,3,-6,20,-11,-2,23,2
34.503784,46,44,-10,-2,-16,26,-4,-40,2
34.503788,12,116,31,7,6,-23,11,5,2
34.506907,-12,12,3,2,4,12,3,33,2
34.506926,21,9,-6,3,1,-2,-16,-19,2
34.515938,-7,-21,-3,-5,-13,1,24,-6,2
34.515957,-16,-91,1,4,10,-1,5,-21,2
34.530619,8,-83,-1,0,-1,2,-11,-2,2
34.530633,43,38,-13,-6,-19,-11,-10,17,2
34.532107,35,18,-6,7,14,6,2,-18,2
34.532138,16,-24,-16,-6,-8,-7,23,44,2
34.553119,26,77,5,-1,-3,61,-6,25,2
34.553139,-41,94,13,5,0,-29,-6,-33,2
34.556326,-24,-34,-17,-7,0,3,-7,-31,2
34.556332,19,-90,-3,-3,13,12,-1,23,2
34.566830,-56,-15,-4,-7,-61,-88,-12,-23,2
34.566845,-17,21,1,0,44,44,8,3,2
34.576652,15,83,13,6,-3,-4,-11,15,2
34.576658,19,120,3,5,-5,-18,1,-12,2
34.591210,73,-128,7,3,24,26,23,8,2
34.591273,-118,-21,-22,-12,-11,-10,-14,-29,2
34.592160,-34,75,16,11,-12,-14,1,37,2
34.592176,-20,-102,-15,-3,-8,28,1,-26,2
34.613597,46,92,-12,-5,-3,-33,-16,-57,2
34.613624,75,53,21,3,-13,-1,9,33,2
34.615645,0,-104,-8,-9,13,-1,-18,-20,2
34.615651,28,38,1,-4,-12,11,10,5,2
34.627385,-34,-80,2,0,8,5,0,16,2
34.627414,43,72,-7,-2,-2,0,8,-2,2
34.638264,-69,-49,-13,-2,-8,-38,-18,7,2
34.638270,53,44,4,-11,-4,35,-11,-30,2
34.651401,-3,61,2,2,-11,13,4,1,2
34.651422,19,-63,-1,6,38,12,-3,12,2
34.653672,46,11,7,0,-2,18,1,20,2
34.653678,-62,4,-7,2,-2,31,-4,-8,2
34.673231,-11,43,6,-2,11,-62,21,22,2
34.673263,21,36,-5,-3,-24,40,-7,-5,2
34.674658,12,68,4,-3,0,-20,-11,0,2
34.674679,-8,-72,0,3,6,-24,1,14,2
34.687461,25,33,6,-1,-3,28,-17,-5,2
34.687529,-38,-37,2,3,-24,-26,14,-5,2
34.696388,27,54,-1,-5,6,17,7,2,2
34.696393,-37,17,9,3,-1,-5,-6,-20,2
34.710925,94,47,-6,2,11,20,11,47,2
34.713234,-86,-77,-12,-9,-19,-43,-20,-58,2
34.713247,19,-20,-5,-3,7,36,18,14,2
34.713251,1,39,-4,-2,-5,-27,-12,-56,2
34.733681,-12,-85,-1,-1,9,7,23,16,2
34.733704,8,54,-2,5,-2,-8,-3,8,2
34.736126,8,61,16,4,-1,6,-2,-2,2
34.736131,10,31,7,3,6,-10,2,7,2
34.746599,-27,-95,-6,-8,4,9,-10,-19,2
34.746618,45,66,7,1,-14,-10,-9,22,2
34.757170,-59,34,-15,-7,-11,-30,-7,5,2
34.757175,-45,-35,-17,-9,-17,24,7,-37,2
34.771095,-48,48,-8,-6,27,-16,-31,-14,2
34.771123,-3,-5,17,8,12,-58,22,35,2
34.773883,41,-35,10,12,-10,4,2,-10,2
34.773896,9,44,5,-1,15,9,-5,17,2
34.793331,-10,43,4,1,-26,10,15,-12,2
34.793356,-16,-65,2,3,6,14,-36,-5,2
34.794846,76,-62,2,-8,12,22,-5,-10,2
34.794944,-66,56,-19,-9,-13,-35,-11,11,2
34.806814,22,57,-7,0,3,36,26,0,2
34.806838,-2,-33,-6,-4,10,9,5,3,2
34.818054,-10,-65,2,-1,-14,4,-4,-5,2
34.818060,39,-21,9,10,5,0,-6,-10,2
34.831191,21,14,4,1,-2,-19,-19,-12,2
34.831212,27,1,-10,2,-9,18,8,5,2
34.833359,-70,29,-2,-4,6,-9,3,11,2
34.833369,88,23,2,-1,6,-7,7,36,2
34.852979,-27,-128,-19,-7,-23,-12,-25,-18,2
34.852993,-12,114,9,0,7,8,41,-15,2
34.854874,-31,15,-9,-5,0,36,-6,5,2
34.854897,-27,-9,0,-1,11,-6,3,5,2
34.875736,44,68,6,5,-12,8,2,11,2
34.875760,-1,-37,-1,-3,-5,3,-12,4,2
34.877210,7,-10,4,7,5,-13,1,-10,2
34.877214,30,25,18,9,0,0,17,9,2
34.890715,-68,49,-8,-17,23,-4,-21,1,2
34.892207,14,-35,-14,-2,-33,-25,6,-7,2
34.892276,-58,58,4,4,10,3,39,-1,2
34.892296,9,-116,-11,-5,-6,-1,-11,-8,2
34.913224,32,21,4,4,-1,-1,4,18,2
34.913230,-1,23,7,-2,4,7,-8,35,2
34.914533,-24,23,-3,-2,1,-9,-13,-31,2
34.914539,3,88,10,5,-3,-5,9,11,2
34.935635,-6,-56,-2,-1,1,2,2,12,2
34.935656,58,17,1,-1,3,14,-2,-10,2
34.938006,-17,-62,-4,5,-4,29,-27,7,2
34.938011,61,123,8,-8,-2,-10,33,-5,2
34.950765,53,-128,-51,-20,-56,-84,-11,-46,2
34.950794,-18,98,10,2,28,4,-25,21,2
34.952506,-20,-99,-3,2,0,-3,5,-18,2
34.952514,15,50,-2,-7,10,12,-8,-3,2
34.973461,-5,79,21,16,8,34,2,-2,2
34.973467,-20,14,-4,4,-5,3,11,-18,2
34.974588,43,-8,-5,-5,-4,-25,-9,4,2
34.974607,-8,-40,-2,1,0,5,-12,12,2
34.996058,-26,-11,2,-4,5,8,7,-6,2
34.996080,-7,-51,-2,-1,-1,3,-8,6,2
34.998075,8,-1,-8,0,4,1,2,12,2
34.998079,-76,-54,-20,-9,-11,-17,-12,-49,2
35.010399,42,40,14,14,15,9,5,38,2
35.012379,-29,-1,-7,-8,-8,9,-10,-32,2
35.016987,85,79,-3,-4,-4,-10,1,13,2
35.017007,1,41,-5,-5,-4,-3,1,-5,2
35.033351,-49,11,1,-2,10,-2,-3,-6,2
35.035398,-1,-126,-12,-5,-5,4,0,8,2
35.035406,-12,52,-2,-2,-1,-13,-2,4,2
35.035408,-16,59,6,3,-1,7,4,6,2
35.055576,5,49,15,1,8,14,2,0,2
35.055602,-1,21,3,-1,-1,0,-6,1,2
35.058830,-14,-3,0,4,0,-7,21,-11,2
35.058835,4,-67,1,3,0,-3,-2,10,2
35.070403,16,-21,-2,-3,0,9,1,7,2
35.070422,70,93,-9,-2,-26,6,7,34,2
37.083090,-3,4,-7,-4,2,-2,-2,-2,0
37.083351,0,-13,-6,-1,-1,-2,0,1,0
37.083353,-1,-3,4,2,-1,-2,-2,-4,0
37.083400,4,-1,-1,-7,0,-1,1,10,0
37.094943,-1,-1,12,12,-1,-1,2,-2,0
37.094963,0,20,-8,-2,-3,-3,-5,12,0
37.097021,-12,-15,-5,-1,-2,0,-2,-10,0
37.097026,1,-5,1,3,1,0,-2,0,0
37.117731,3,0,0,-5,-3,1,0,3,0
37.117746,5,3,5,-1,-2,-2,-1,2,0
37.118869,-5,-8,-18,-3,2,-2,0,0,0
37.118887,-3,13,15,2,1,0,-1,0,0
37.140421,1,-1,3,-1,1,-1,1,1,0
37.140439,-3,0,-5,-4,-2,-1,-2,-8,0
37.141587,2,-4,-12,-7,-1,-1,0,1,0
37.141592,-1,-5,-1,2,0,-1,-1,-2,0
37.162994,0,2,2,2,0,0,-1,-2,0
37.163012,-4,-11,-8,1,-3,-3,-1,-5,0
37.163728,1,3,6,-1,-1,0,-1,1,0
37.163745,-4,0,-3,0,-3,-2,-1,-1,0
37.185513,2,6,-7,-4,-2,-1,-2,-2,0
37.188195,4,9,14,4,-3,0,0,-3,0
37.188201,-18,-24,-6,8,3,-1,-3,-3,0
37.188203,-3,-6,-7,-3,-4,-1,-1,-6,0
37.200909,-2,-6,-5,0,-1,-1,-4,5,0
37.200938,1,-5,-7,-2,-2,-1,-1,-3,0
37.203064,6,29,17,1,1,1,0,1,0
37.203068,-2,-11,-11,-2,-1,-2,-2,-2,0
37.214756,-1,0,4,3,-2,0,0,0,0
37.214777,-7,-2,-9,-5,1,-1,-1,-6,0
37.216027,7,-4,-5,-3,2,-1,2,5,0
37.216035,0,8,2,0,-1,-2,0,10,0
37.239236,2,2,13,2,-1,0,0,-10,0
37.239243,-2,-9,-3,-1,-1,-2,-2,3,0
37.239245,-1,-1,-1,-3,-5,-3,-1,-3,0
37.239247,1,-6,-1,0,0,0,-1,3,0
37.260604,0,2,-5,-2,-2,-2,0,2,0
37.260627,-3,-4,-1,1,-1,0,-1,-5,0
37.262672,2,4,7,-5,-1,-1,-1,0,0
37.262677,0,0,-4,3,-1,1,-1,-1,0
37.275363,-3,-5,-1,0,0,0,-2,-2,0
37.275379,2,-8,0,-2,-2,1,2,0,0
37.277287,-4,1,-8,-6,-4,-2,-3,-3,0
37.277291,6,20,10,-1,1,-1,1,-6,0
37.297275,-16,-30,-9,-6,-3,-3,-2,2,0
37.297293,0,10,6,2,0,-1,-1,3,0
37.298363,5,15,-4,0,0,1,0,0,0
37.298372,-6,-20,-4,-3,-2,1,-1,-3,0
37.321006,3,4,-4,1,0,-2,-2,-3,0
37.321026,-3,-7,-8,-6,-4,-1,-2,2,0
37.324293,0,-4,9,4,-3,0,-1,-1,0
37.324299,0,7,3,-1,4,-1,-1,-5,0
37.335278,4,3,-4,-1,-1,1,0,5,0
37.335306,-2,-7,-4,-3,-1,-1,-1,-1,0
37.337444,1,1,0,-2,-2,1,1,-4,0
37.337448,-4,-6,-2,1,-4,-1,-1,-2,0
37.357448,5,3,2,0,2,-1,0,4,0
37.357463,-3,8,9,7,2,0,-1,-2,0
37.358729,-2,-7,-7,-3,-2,-1,1,0,0
37.358736,-2,-6,-6,-3,-1,-2,-1,0,0
37.381032,-4,-1,0,-2,-4,-2,-1,-2,0
37.381055,3,0,-8,-5,-4,-1,-4,-2,0
37.381486,1,-7,-1,-1,1,-3,-1,1,0
37.381507,-3,6,-6,-2,1,-2,1,0,0
37.394477,-1,-4,14,9,-1,1,1,0,0
37.394500,1,7,-1,-1,1,1,0,5,0
37.402739,5,-23,-7,1,-3,0,-1,1,0
37.402771,-3,-1,-7,-9,-1,0,-1,0,0
37.417811,-1,14,1,5,1,0,-3,2,0
37.417831,-1,-8,-7,2,-2,-1,3,-2,0
37.420293,1,10,-2,-2,1,-1,-2,0,0
37.420302,0,4,19,3,1,-2,-1,1,0
37.440692,1,-1,-8,-7,-2,-2,-1,-2,0
37.440709,-1,-6,-1,-5,-1,-1,-1,-3,0
37.441494,-4,-3,2,4,-2,-1,-2,-2,0
37.441507,-2,-14,-11,-1,0,-1,-2,-2,0
37.454080,-3,3,6,-4,-2,-1,-1,-2,0
37.454093,-2,14,5,3,1,-1,0,-2,0
37.462570,-2,-18,-1,-3,-1,-3,0,1,0
37.462587,1,-2,-5,-1,-2,-2,-2,-2,0
37.477384,-2,-2,-3,-2,-3,-2,-2,-8,0
37.479546,0,8,-2,-3,-2,-1,1,4,0
37.479551,0,-5,-8,-4,0,0,-1,1,0
37.479553,-5,0,12,-4,1,1,-1,-3,0
37.500965,5,3,-4,6,0,-2,1,-3,0
37.500971,-1,4,1,2,-1,-1,0,0,0
37.501238,-1,12,11,2,2,0,0,4,0
37.501251,-3,-3,-10,-3,-2,-3,-3,-9,0
37.516222,-1,-9,-6,-7,1,0,0,1,0
37.516228,-3,-8,-9,-3,-2,-1,0,-2,0
37.522526,3,10,5,2,1,-2,-1,-2,0
37.524669,1,-3,-11,-2,-4,-1,0,7,0
37.537618,1,-1,17,-1,0,-2,-1,0,0
37.539660,5,-22,-8,4,1,-1,-1,-7,0
37.539678,-9,7,13,3,0,1,1,7,0
37.539682,1,0,-4,-1,-4,-2,1,-2,0
37.562219,0,3,-5,-5,-1,-2,-1,-2,0
37.562224,1,-1,-5,-5,-3,-2,-4,-1,0
37.562226,-3,-3,-3,-11,-2,-1,-2,-5,0
37.562228,-1,-8,4,11,0,0,-1,2,0
37.574325,-1,18,1,-1,0,-1,-2,-1,0
37.574348,-5,-5,3,1,-1,-1,-3,1,0
37.582829,2,7,1,2,0,-1,-1,-3,0
37.582945,-5,-5,-7,-6,-2,0,-2,-4,0
37.597656,-3,-14,-13,-9,-1,0,0,2,0
37.597676,0,0,7,3,2,-2,-1,2,0
37.599381,-1,2,1,-5,-1,-1,1,-8,0
37.599385,-2,0,-4,-2,0,-2,-3,3,0
37.621080,-2,-6,0,-2,-5,-1,0,3,0
37.621107,-3,9,5,-2,0,-1,-2,-7,0
37.623390,1,-1,-7,5,1,0,0,-1,0
37.623399,4,-22,-1,-1,-2,-1,-2,1,0
37.634527,-3,9,8,1,0,0,-1,-6,0
37.634559,-3,3,-1,-2,-2,0,1,2,0
37.642530,-4,-1,-4,-6,-1,-1,-1,-1,0
37.642552,1,8,-5,3,0,-1,-1,5,0
37.657380,0,1,-3,-2,-3,-2,-4,-8,0
37.657396,2,-1,-2,-2,-1,-2,-2,-1,0
37.658354,1,-6,-2,0,-1,-3,-1,1,0
37.658372,-3,1,0,-3,-1,0,0,3,0
37.680479,-3,-8,-7,-2,-1,-1,1,1,0
37.680503,-1,4,7,-1,-2,0,0,-2,0
37.681731,-3,-8,-7,1,-1,-2,-2,-1,0
37.681736,-2,4,5,-2,-2,-2,-1,-5,0
37.702920,4,-6,-26,-6,-2,-1,1,3,0
37.702927,-2,5,30,7,2,0,-2,-2,0
37.703770,-1,19,-1,-1,-1,0,-1,-4,0
37.703833,-3,-14,7,2,1,0,-2,0,0
37.718334,2,-2,-2,0,1,0,-1,0,0
37.718338,-1,-15,-12,-4,1,-1,0,3,0
37.718340,-1,3,-3,-5,-2,0,1,-5,0
37.718342,6,13,1,3,-1,-1,0,-3,0
37.741034,1,15,0,-5,1,-3,-1,4,0
37.742647,0,-23,-4,-7,-1,0,0,1,0
37.742652,-7,-13,-1,5,2,0,-2,-5,0
37.742653,-3,-3,-14,-6,-2,-1,-1,-19,0
37.763700,1,7,15,3,-2,-1,-3,-3,0
37.763706,-1,5,-2,-2,-2,-2,-2,-6,0
37.763829,4,2,2,0,-3,-2,0,3,0
37.763927,-5,-3,-8,-4,-5,-1,-2,1,0
37.779018,0,-4,7,8,2,0,1,-1,0
37.779025,2,12,7,-5,1,0,0,3,0
37.779027,-3,-15,-3,4,-1,1,-3,1,0
37.779029,1,-6,-3,-3,-3,-3,0,0,0
37.801113,-4,4,1,2,1,-1,-2,-3,0
37.801142,1,4,-10,-1,0,0,-2,1,0
37.803055,-2,2,3,-4,-1,-2,-1,0,0
37.803063,2,7,4,-1,1,1,0,1,0
37.824566,0,-11,-12,-1,-3,0,1,1,0
37.824574,-3,-4,2,0,3,0,-2,-4,0
37.824576,1,1,2,0,0,-1,-1,0,0
37.824578,-3,10,4,0,-1,-1,0,0,0
37.840212,0,-19,0,-1,-1,-2,-2,-1,0
37.840226,-3,1,-7,1,-2,-1,-3,4,0
37.840230,-1,-5,-4,-2,-4,-2,-1,-1,0
37.840234,3,7,-25,-5,-2,-2,0,0,0
37.860940,2,20,56,1,1,0,0,0,0
37.860964,-5,-8,-9,6,-3,-1,1,-8,0
37.863427,5,5,0,-2,1,-1,-2,3,0
37.863431,2,-12,-2,2,4,0,-1,3,0
37.883118,-7,-1,-13,-4,-4,-1,-2,-4,0
37.883139,-3,-3,-9,-1,-2,-1,-1,0,0
37.884905,2,-1,4,0,0,-1,-1,-9,0
37.884908,-4,-2,2,-7,-4,-2,-3,-2,0
37.897663,3,-11,-12,2,0,-1,0,0,0
37.897683,0,7,6,-1,-2,-2,0,1,0
37.899949,-5,-2,-9,-3,-3,0,0,0,0
37.899953,4,-2,7,-1,0,-2,-2,0,0
37.920730,-1,-4,-2,-1,1,0,-1,-1,0
37.920743,0,21,-15,2,-1,-2,-1,2,0
37.921453,0,-25,12,5,1,-1,1,0,0
37.921475,-6,0,8,6,4,0,-1,2,0
37.943089,-1,5,-8,-8,-1,0,0,-1,0
37.943106,-3,-4,2,-2,0,0,-2,-1,0
37.944370,3,5,-11,-2,-4,-2,1,1,0
37.944379,0,2,3,-4,0,-1,1,-2,0
37.957489,-2,-8,-10,4,1,-2,0,-1,0
37.957506,4,-2,-4,-4,-1,0,0,-1,0
37.959147,-2,7,-2,-6,1,0,-1,0,0
37.959152,-3,-2,1,3,-2,0,-3,0,0
37.980479,1,1,0,1,-1,-2,-2,-1,0
37.980511,-1,-11,-4,-5,-2,-2,-2,-3,0
37.981068,-2,6,5,1,-1,0,-1,4,0
37.981090,-1,1,-4,1,-1,-1,0,-3,0
38.003005,0,9,9,3,-3,0,-1,1,0
38.003024,-5,-19,-3,-2,2,0,0,0,0
38.004953,0,-6,-12,0,-4,-2,-2,-2,0
38.004962,4,17,1,-7,-2,-1,-1,0,0
38.017881,1,-18,-9,-4,-4,-4,-1,-2,0
38.017900,-2,0,3,4,0,1,0,9,0
38.019647,-7,-7,4,0,4,1,-1,-26,0
38.019651,-6,2,-6,0,-1,-1,-2,-4,0
38.040888,-2,3,-2,-5,-5,-2,-2,-2,0
38.040899,2,5,5,-3,1,-1,0,-1,0
38.041399,0,-1,1,1,-1,-1,-1,4,0
38.041412,0,-4,-9,-4,-3,1,1,0,0
38.062984,-4,1,9,4,0,2,1,-3,0
38.063005,2,-7,-8,-2,-1,0,-1,0,0
38.064584,1,9,5,0,0,1,-2,5,0
38.064587,0,-6,-7,-2,0,-2,-1,0,0
38.078201,-2,17,3,-2,0,-1,-1,1,0
38.078229,-4,-15,-1,-2,-1,-3,-2,-6,0
38.078525,4,4,6,-3,-2,-2,-1,4,0
38.078675,1,-11,-5,0,1,0,-2,0,0
38.103368,1,-2,-4,-2,-2,1,1,0,0
38.103373,-4,8,1,-1,-1,-2,-2,-5,0
38.103375,-1,0,-6,3,-1,-1,0,0,0
38.103377,-1,1,11,1,-1,-1,0,-1,0
38.123166,-2,-6,-10,-1,-3,-2,-1,-3,0
38.123185,2,2,5,-1,2,-1,-2,1,0
38.123763,5,-2,-6,-1,1,-2,-1,4,0
38.123784,-13,2,5,5,-1,-1,0,-1,0
38.137332,-2,0,3,-10,0,-1,-1,-4,0
38.137354,-1,-6,-13,-5,-5,-2,-3,-2,0
38.138704,1,-7,0,-3,-3,-2,-1,1,0
38.138712,6,13,4,3,-1,-1,-1,-1,0
38.160945,-5,-12,-2,3,1,0,1,6,0
38.160973,0,4,-2,-2,-4,-2,-2,-20,0
38.163404,-2,0,-6,-4,-2,0,1,0,0
38.163410,0,-6,-1,-4,-2,-1,-1,-3,0
38.183300,-2,-5,-7,-2,-1,0,-2,1,0
38.183319,3,21,5,2,0,0,0,5,0
38.183852,-5,-24,-2,-4,-1,1,0,-1,0
38.183861,-2,-6,-3,0,-3,-2,-2,-2,0
38.197327,-1,2,-6,-4,0,0,-1,-2,0
38.197347,-3,-2,4,5,0,0,1,1,0
38.197998,1,10,-2,-2,0,0,-2,-3,0
38.198010,-6,-7,3,-3,-1,-1,-1,3,0
38.221040,1,-2,-8,0,1,0,-2,-2,0
38.221068,-3,1,-1,-5,-1,-2,-1,-1,0
38.223329,-1,3,3,1,-2,-1,0,-1,0
38.223336,3,-3,-1,4,2,2,1,0,0
38.243116,2,-3,-5,-3,-3,-1,-2,-3,0
38.243140,3,9,-15,-6,-6,-1,-1,1,0
38.243830,-6,-1,27,9,6,1,0,-1,0
38.243919,-3,-2,4,-6,2,0,-1,-3,0
38.257516,-2,-3,-6,-9,-3,-2,0,-3,0
38.257523,-2,-5,1,4,-1,-2,-1,3,0
38.258093,8,3,-6,-2,-2,-1,-2,0,0
38.258104,-11,3,1,-2,-2,0,0,-2,0
38.280667,-1,-2,2,1,0,0,0,-1,0
38.280682,2,-4,8,1,0,0,1,3,0
38.281736,-1,4,-8,-5,-1,-3,-5,-1,0
38.281742,3,-4,1,1,2,-1,-2,0,0
38.303063,3,1,-2,-1,-2,0,0,1,0
38.303068,-4,-4,3,2,-1,1,0,1,0
38.303601,-4,1,-3,-1,-2,-1,-2,-4,0
38.303607,2,0,1,-1,-3,-2,0,0,0
38.318613,1,-2,-3,-1,0,1,0,2,0
38.318622,1,-3,3,-3,-2,-1,0,-3,0
38.325028,-2,-3,-4,-2,-2,1,0,0,0
38.325045,4,15,5,0,-3,-1,-2,-1,0
38.340885,-3,-8,4,0,4,0,0,3,0
38.340902,-3,0,-3,5,-2,-3,-2,-5,0
38.342240,-3,-6,-9,-1,-4,-1,-2,-2,0
38.342245,0,3,-4,-1,1,0,-1,3,0
38.364469,4,-8,-2,0,-3,0,-1,-2,0
38.364473,-3,-9,-2,-6,-2,-1,-2,2,0
38.364475,-4,6,-1,-2,1,-1,0,-1,0
38.364477,4,-11,-5,-2,-3,-2,-2,-2,0
38.377046,-4,11,7,1,1,-2,1,2,0
38.377068,0,-6,-5,-4,0,-1,0,0,0
38.385014,3,12,7,-1,-2,-1,0,2,0
38.385029,0,1,1,0,1,-2,-2,-4,0
38.401403,0,-11,-10,2,-2,-1,-1,-2,0
38.401424,-1,11,6,1,1,-1,-2,-1,0
38.401428,-1,-4,-8,-4,-3,-2,0,0,0
38.401432,1,-5,-10,-3,0,-1,1,2,0
38.423224,1,0,8,2,-1,-2,-1,-1,0
38.423253,1,-7,-2,1,-1,0,-2,-2,0
38.425180,-2,7,2,-1,0,-2,-1,-1,0
38.425199,1,-7,0,-3,-2,-1,-4,0,0
38.437005,-4,-4,0,3,2,-1,-1,-3,0
38.437034,-3,-4,-7,-4,0,-2,1,0,0
38.445204,1,3,6,1,2,1,0,-6,0
38.445224,2,9,2,-2,0,-1,-1,5,0
38.460574,0,3,-5,1,-2,-3,-2,-3,0
38.460595,0,4,9,1,0,0,0,1,0
38.461289,-6,-15,-15,-3,-6,-2,-1,0,0
38.461302,4,-1,14,-5,3,0,1,-1,0
38.483178,-5,-5,-1,7,1,1,-1,-2,0
38.483206,1,-2,-5,0,-2,-2,-1,-2,0
38.484968,-1,3,-7,-2,-1,-1,0,-1,0
38.484971,-5,-3,-6,-5,-2,-1,-1,-1,0
38.497094,-1,0,5,-1,-1,-1,0,4,0
38.499661,2,11,-6,-3,-4,-1,-2,-15,0
38.504900,-5,-18,4,4,2,0,0,-5,0
38.504928,0,1,-9,-1,-1,-1,-1,-1,0
38.520940,-1,6,10,-3,-2,-1,-2,-2,0
38.520952,-6,-5,-1,-1,1,-1,-2,2,0
38.521734,2,3,0,-1,-2,-1,-1,3,0
38.521757,-2,-8,-3,-1,-1,-1,-2,-4,0
38.542973,0,2,-6,-4,-1,-1,1,4,0
38.542991,1,-2,-8,-3,0,-1,1,4,0
38.544654,-4,4,2,-5,-3,-3,-2,-5,0
38.544659,12,-18,8,4,-1,1,0,6,0
38.556706,-4,21,9,6,1,1,0,-5,0
38.556733,5,-2,14,-2,2,0,-1,4,0
38.564628,-1,2,-12,5,1,-1,-1,0,0
38.564648,-4,3,-4,-3,-2,-1,0,-4,0
38.580633,0,-11,-10,-8,-4,-1,-1,-3,0
38.580657,-2,-2,-5,0,1,0,-2,-2,0
38.581644,0,2,5,-3,-1,1,1,2,0
38.581694,-6,-1,-6,3,-1,-2,-1,-1,0
38.602973,-2,-6,-2,-3,-2,-1,-1,-3,0
38.602990,-3,-2,-1,-4,-1,-2,-1,-1,0
38.605066,3,-7,4,1,-4,-3,-1,3,0
38.605074,-8,-1,-12,1,-3,-2,0,-1,0
38.616837,0,-2,-2,-6,0,0,-3,-6,0
38.616856,1,-4,2,2,-1,0,0,1,0
38.624995,-1,14,14,1,1,0,-2,-1,0
38.625012,-4,1,-1,-2,-1,0,0,-1,0
38.640484,1,2,-4,-2,-2,-3,-2,1,0
38.640510,-3,-10,-9,-3,0,-2,-1,1,0
38.642716,2,-3,-4,0,1,0,0,0,0
38.642725,-2,1,3,-9,-1,-1,0,0,0
38.662996,2,2,-6,3,-2,-1,-1,-2,0
38.663013,-4,-4,8,6,1,-1,-2,-1,0
38.664738,-2,2,-4,1,0,-1,0,2,0
38.664744,1,2,0,1,2,-4,-2,-1,0
38.685761,-4,8,3,-7,-4,-2,1,1,0
38.685789,0,-22,-30,-3,-4,-2,-2,-4,0
38.687387,-6,0,10,3,-2,-2,-1,1,0
38.687395,-1,-3,-2,-2,2,-1,-1,-1,0
38.699583,1,0,0,-2,-1,0,-1,2,0
38.699616,-2,12,5,2,-1,-1,-2,-1,0
38.708970,1,-7,-12,-3,-1,0,-2,-2,0
38.708974,1,-1,3,2,-3,1,1,-3,0
38.723139,-2,-6,-1,2,-1,-1,-3,-1,0
38.723156,0,5,-2,-4,-2,-1,0,0,0
38.724583,-1,-5,-3,-3,0,0,-1,-2,0
38.724600,1,0,1,0,-1,-1,0,1,0
38.746093,-2,15,-6,5,2,-1,-1,9,0
38.746114,-1,-18,11,2,-2,-1,-1,-12,0
38.748332,1,5,-4,-10,-3,0,-3,-2,0
38.748345,-3,-16,-7,7,-1,-1,-1,-2,0
38.759202,1,5,4,3,3,1,0,2,0
38.759221,0,8,2,0,1,-2,1,6,0
38.770440,-1,-5,-5,-7,-1,-1,0,-1,0
38.770446,-2,4,-6,-1,-2,-1,-2,-3,0
38.783089,0,-12,-4,-4,-2,-1,-1,-3,0
38.783103,-5,4,2,-1,-2,-1,-4,1,0
38.784765,1,1,-2,1,-3,-2,-2,-3,0
38.784885,-2,6,6,0,-1,0,-1,0,0
38.805624,-1,-10,-5,0,0,-1,1,-6,0
38.805649,0,1,3,-3,-1,-1,-1,1,0
38.807684,-2,-4,-6,0,-1,-2,-2,3,0
38.807691,1,8,12,3,0,-1,1,0,0
38.819233,-3,-2,4,-1,0,-3,-2,-5,0
38.819255,2,2,-3,-5,-1,0,-1,-2,0
38.828366,-4,-7,-5,2,2,-1,-1,-2,0
38.828387,-3,-3,2,2,-1,-2,-1,-1,0
38.843077,2,21,-10,-6,-3,-3,-2,-1,0
38.843086,-2,-21,21,2,-2,-1,-1,2,0
38.844593,0,-14,-4,-2,2,0,-2,0,0
38.844643,-2,17,1,-4,-3,-1,-1,-3,0
38.865863,-2,-3,-1,1,0,-1,-1,-1,0
38.867710,-2,9,-8,-4,0,-1,0,0,0
38.867714,0,3,1,-1,-1,0,-1,-4,0
38.867716,-2,-10,-9,-1,-1,0,-1,-3,0
38.880782,-2,-6,2,-1,-3,-4,-3,-4,0
38.880811,1,3,-4,-2,-3,-1,0,0,0
38.887294,-1,-7,-4,3,2,0,-1,0,0
38.887312,-4,-4,-8,-1,1,-2,-1,0,0
38.905409,2,-7,-2,-5,-1,0,0,0,0
38.905422,1,5,4,3,-1,0,0,0,0
38.905427,-2,7,2,0,-2,-2,1,-2,0
38.905431,-2,-4,-3,-3,0,0,-1,-1,0
38.925649,0,-3,0,6,2,-1,-1,-1,0
38.925665,-2,-2,1,-1,-2,-1,-2,-3,0
38.927354,1,1,-9,-6,0,-2,-2,-3,0
38.927359,-1,-5,15,3,-4,-2,-2,-3,0
38.939906,-3,-3,-3,-1,-3,-1,-2,-2,0
38.939923,4,-10,-12,-4,-3,0,1,4,0
38.946595,0,9,3,-2,-3,-1,-1,-1,0
38.946611,1,-9,0,5,4,0,-1,-1,0
38.963260,-1,6,5,-2,-1,0,-1,-1,0
38.963282,-4,7,-1,-2,-1,-2,-3,-4,0
38.965712,1,-9,-7,-3,-2,0,1,1,0
38.965719,0,6,1,-4,-3,-3,-1,1,0
38.985636,-1,-12,-7,2,-2,0,1,1,0
38.985657,0,2,-6,2,2,-1,-2,-3,0
38.987920,0,7,14,-1,-1,0,-2,0,0
38.987927,-1,-1,-2,2,0,0,0,0,0
39.000083,-1,5,0,-2,0,-2,-1,-5,0
39.000112,-2,-20,-7,-5,-1,-2,-2,-1,0
39.007046,-1,8,5,3,-1,-1,-1,-1,0
39.007068,0,12,-2,-5,0,-1,-2,-1,0
39.023088,0,-22,3,2,2,-2,0,0,0
39.023109,0,6,-4,1,-1,0,0,0,0
39.025117,0,-1,-3,-4,1,-2,-1,-2,0
39.025122,-1,-2,1,-1,-3,-1,0,-2,0
39.045870,-2,-2,-5,-7,-3,2,-1,-2,0
39.045898,1,7,-3,1,0,-1,-1,0,0
39.048262,-1,0,4,0,2,1,0,1,0
39.048268,1,8,15,0,0,-2,-1,0,0
39.059840,-2,-12,-8,4,-2,-1,0,0,0
39.059861,-2,5,-8,1,2,-1,-2,0,0
39.067059,-3,9,-5,-6,-2,-2,0,-2,0
39.068648,-4,-17,-5,-1,-3,-2,-1,-2,0
39.083793,1,1,0,-4,-4,-2,-1,1,0
39.083814,0,-1,-3,-1,-2,-1,1,6,0
39.085295,-2,-9,0,-4,2,0,-2,-23,0
39.085346,-1,1,-2,-1,-3,-1,-2,-1,0
39.105728,0,-2,-3,-1,-1,-1,-1,0,0
39.105766,-2,-1,4,-3,-2,0,-1,-2,0
39.107408,2,-5,-5,3,-1,0,1,6,0
39.107432,1,-4,4,2,-3,-2,-1,-1,0
39.120457,-2,5,-2,-4,1,-1,-1,-3,0
39.120475,-2,-1,8,-1,0,-2,-2,-2,0
39.126636,-1,3,-8,-2,-2,-2,0,4,0
39.126658,-2,-4,-6,-5,-1,0,-2,-4,0
39.143127,-2,-7,-9,3,1,0,-1,3,0
39.143149,-1,7,-1,-3,1,0,0,-3,0
39.144550,0,-13,6,9,-3,-2,-3,2,0
39.144558,-1,4,-7,-4,-1,-2,-1,1,0
39.165517,-3,5,2,-5,0,-2,-3,-3,0
39.165531,2,-1,0,-2,-4,-2,0,-3,0
39.167114,-1,8,5,4,-1,-3,-1,1,0
39.167132,-1,-22,-2,1,-2,1,0,0,0
39.179989,-2,-2,0,3,-1,0,-3,1,0
39.179994,-3,-3,-1,-6,-1,-1,-2,-2,0
39.190338,0,15,-4,4,0,0,2,1,0
39.190345,3,-20,-14,-3,0,-1,2,1,0
39.203043,2,1,12,3,-1,-1,0,-2,0
39.203064,-4,-1,1,-3,-1,0,0,-2,0
39.205206,-4,5,12,-3,-2,-1,-1,-1,0
39.205215,-2,-5,-13,-1,0,0,-2,-4,0
39.225611,1,14,8,2,0,0,-1,-4,0
39.225629,2,-1,-4,-5,-3,-1,-1,2,0
39.227149,-4,-9,-2,4,-4,-2,0,-1,0
39.227165,-2,5,0,-1,1,-1,0,0,0
39.240758,-1,-4,-3,-2,-2,-1,-1,0,0
39.240773,0,-1,1,1,0,0,-1,-2,0
39.249473,1,-6,8,-5,-1,-3,0,0,0
39.249477,-3,7,4,4,0,0,-2,-3,0
39.262999,-3,-1,3,4,4,0,1,-1,0
39.263021,9,15,0,2,0,0,-1,5,0
39.264474,-16,-24,-15,-4,-3,-2,-3,-22,0
39.264481,4,5,3,-4,-2,-2,-1,1,0
39.287466,-1,3,-1,-5,-4,-2,-3,2,0
39.287471,-6,-5,-3,-4,-3,-3,0,-3,0
39.287473,7,-12,-7,4,1,0,1,10,0
39.287475,-4,19,12,2,-2,-2,-1,-6,0
39.299613,-5,-3,0,-4,-3,0,0,-4,0
39.299644,-1,-2,0,0,-1,-2,-1,-1,0
39.309650,4,7,-11,-4,0,0,-2,5,0
39.309655,-1,-3,1,-2,0,0,-1,0,0
39.323113,1,7,0,-2,0,-1,-1,1,0
39.323139,-6,-21,4,6,-2,0,0,-3,0
39.325502,-1,-3,-6,-5,2,2,0,0,0
39.325508,1,2,-3,0,-2,-3,-3,0,0
39.345727,-3,-3,-5,-3,-1,-1,-1,-1,0
39.345745,1,6,-1,1,-3,1,-2,-1,0
39.347136,0,1,11,2,-1,-1,-1,0,0
39.347142,-1,-2,-9,-5,-2,-2,0,0,0
39.359705,4,-4,6,2,-3,-2,1,-2,0
39.361737,-4,8,-6,-7,-1,-2,-1,-1,0
39.370502,3,-15,5,8,-2,1,0,3,0
39.370507,2,8,2,0,-2,-1,0,4,0
39.383082,-4,-6,-2,-5,2,1,0,-4,0
39.383105,0,-2,-4,5,2,-2,-1,2,0
39.384863,0,6,-1,-9,-1,0,-1,-1,0
39.384880,0,2,1,0,-1,1,0,-3,0
39.405798,-1,-8,-15,2,-1,-1,-2,2,0
39.405821,-2,-2,-2,-7,-1,0,-1,2,0
39.407440,3,6,2,1,-2,-2,-3,-17,0
39.407447,0,-3,-1,0,1,1,-1,0,0
39.419116,2,3,-3,-3,-6,-2,0,-1,0
39.419138,-7,-8,-2,-1,1,0,-1,-5,0
39.428725,0,20,-7,-6,-2,-1,-2,3,0
39.428730,-1,-24,-5,2,0,0,-2,-1,0
39.443368,-2,0,2,-7,-3,-1,0,0,0
39.443374,1,-4,0,6,1,2,-1,-1,0
39.444440,-1,2,1,-1,1,0,2,5,0
39.444449,0,-3,0,0,-2,-2,0,-1,0
39.465515,-3,10,0,1,-1,0,-1,-2,0
39.465532,3,-1,10,0,0,0,1,0,0
39.467109,-3,16,0,-9,2,-2,-2,-2,0
39.467142,-4,-17,2,1,0,-3,-2,-2,0
39.479721,-2,-3,-3,-1,0,-2,-2,-5,0
39.479750,-2,1,-2,-1,1,0,-1,-3,0
39.490064,-4,-10,-2,2,-3,-1,-2,-1,0
39.490073,-1,6,-2,-3,-1,-1,-2,0,0
39.505789,2,-1,0,0,0,-1,1,0,0
39.505797,1,0,-3,-3,-2,0,0,-1,0
39.505799,-2,-6,-2,3,1,0,0,3,0
39.505801,-1,4,5,-2,-1,-1,-1,-5,0
39.525895,0,-11,-6,-2,-2,-1,-1,2,0
39.526038,1,5,7,2,-1,0,-1,1,0
39.528308,3,6,1,-3,0,0,-2,0,0
39.528316,0,10,-3,2,-2,-1,-1,-1,0
39.539227,0,18,10,3,0,0,0,-3,0
39.539244,-1,-35,-13,-6,-3,-3,-1,-1,0
39.550281,-1,5,-2,-6,-4,-2,0,1,0
39.550286,-3,-14,-14,-1,-4,1,0,-1,0
39.563003,0,0,3,-4,1,1,-1,-1,0
39.563020,1,13,2,-3,-3,-2,-1,1,0
39.564738,0,-9,-4,7,0,0,0,1,0
39.564789,1,10,2,-5,1,0,0,2,0
39.585658,-4,-8,-10,-5,-4,-2,-2,-3,0
39.585677,-5,1,-2,1,0,1,-2,-2,0
39.587063,3,-2,5,-3,1,-1,0,0,0
39.587114,1,-1,-5,0,0,-1,-2,1,0
39.608327,0,-2,4,-2,0,-1,-1,-2,0
39.610049,-2,3,-2,1,-2,-2,-3,-3,0
39.610055,-3,-9,-1,0,-3,0,0,1,0
39.610057,-4,16,-1,-5,-3,-1,-1,-2,0
39.623557,1,-17,-1,3,1,-2,0,0,0
39.625214,-3,1,0,-4,0,0,0,-2,0
39.625221,-1,-8,-11,-1,-3,0,-1,-3,0
39.625223,0,-3,2,-2,0,-1,1,-5,0
39.645818,-2,13,-8,-1,-3,-2,-2,3,0
39.645898,-2,-12,1,-3,-2,-2,-1,0,0
39.647310,3,5,5,6,2,-1,1,2,0
39.647415,-4,5,1,0,1,0,-2,-2,0
39.668334,-1,-3,4,-1,0,-1,-2,-2,0
39.668366,0,-1,-10,2,-1,-1,-2,-2,0
39.670969,-2,-2,-1,-8,-2,-2,-2,0,0
39.670980,-3,-6,2,1,-1,-1,-1,-2,0
39.684259,-2,-15,-5,2,1,-1,0,-2,0
39.684287,0,16,3,3,0,-1,-1,-3,0
39.689538,-2,0,-3,-6,1,-2,0,-3,0
39.689652,1,-4,1,7,0,-1,-1,3,0
39.706108,-1,-5,-2,2,0,-1,-1,1,0
39.706113,1,1,-2,-5,0,-2,-1,-2,0
39.707175,-3,-9,-1,-1,-3,-1,-2,-2,0
39.707196,-3,-7,-8,-5,-1,0,-1,0,0
39.728021,0,-2,7,3,-3,1,0,0,0
39.728040,2,1,5,7,2,-2,0,-2,0
39.729622,-2,9,-7,-6,-5,0,-2,-1,0
39.729662,0,0,2,-6,-3,0,-2,0,0
39.742990,-1,-13,-6,3,3,0,-1,-1,0
39.743012,-1,5,0,-1,1,0,-1,-2,0
39.744744,0,-3,3,4,-3,-2,-2,3,0
39.744792,-3,1,-8,-7,0,0,-1,-1,0
39.767619,1,6,3,0,-2,2,0,1,0
39.767623,-3,-15,-10,0,-3,0,-1,0,0
39.767625,2,16,4,-1,-1,-1,-2,-4,0
39.767627,4,16,9,-3,-1,-1,-1,2,0
39.788359,-2,-9,-1,3,-3,-1,-2,-1,0
39.788386,-4,-7,-3,-6,-1,-2,-1,-1,0
39.790779,-2,-10,-6,-1,2,-1,0,1,0
39.790788,1,-4,-3,1,-1,-1,-1,-1,0
39.802696,1,5,1,-3,-1,-1,-1,-2,0
39.802721,1,0,1,-1,-2,-1,0,-1,0
39.809493,-4,7,-1,0,-3,-1,-3,-2,0
39.809514,0,-15,-1,-8,-1,-3,1,0,0
39.825557,5,-1,1,3,0,-2,1,3,0
39.825579,-3,3,1,2,-1,0,0,-1,0
39.827186,-3,-4,0,-2,0,0,-3,-3,0
39.827191,0,6,2,-1,-2,-1,-1,-2,0
39.848102,-5,-8,-12,-3,-3,-3,-1,-4,0
39.848140,2,14,8,0,-2,0,-2,2,0
39.849813,-1,-14,-10,-2,-1,1,0,-1,0
39.851476,-3,5,-3,2,-2,-1,0,-1,0
39.862632,1,0,9,-5,1,-1,-2,-2,0
39.862646,1,0,0,4,-2,-1,0,-3,0
39.869546,-6,-10,-5,-2,-2,-1,-2,-1,0
39.869572,1,-6,-2,3,-1,-1,-1,-2,0
39.885652,-1,13,2,-4,-2,0,-1,0,0
39.885674,-1,-15,-12,-3,-3,-1,-1,-1,0
39.887620,-1,-8,0,-1,0,-1,0,1,0
39.887625,-3,0,2,1,0,0,-1,-4,0
39.908163,2,-2,-6,-4,-2,-1,-2,1,0
39.908188,-2,12,2,-5,-1,-1,-1,-3,0
39.909756,1,-4,-4,1,1,-2,0,-1,0
39.911085,-2,-14,-5,-4,-1,-4,-1,-1,0
39.922400,-1,26,14,1,1,0,0,-3,0
39.922431,-3,-7,0,3,-1,-1,-1,0,0
39.929139,-1,7,12,3,-1,1,1,-1,0
39.929157,-1,0,2,0,-1,-2,0,-1,0
39.945519,-1,-5,-4,-1,-1,0,2,1,0
39.945537,-1,-6,-3,-11,-1,-2,-2,0,0
39.947038,-1,-5,4,6,1,-1,0,-2,0
39.947061,-2,7,-3,1,1,0,-3,-1,0
39.967981,0,-6,-6,-3,-2,-2,0,1,0
39.967995,1,2,3,2,-1,-2,-1,0,0
39.969575,0,-16,-11,-4,-1,-1,-2,-1,0
39.969593,0,0,7,2,-4,0,0,1,0
39.982706,-4,3,-2,0,-2,-2,-2,-2,0
39.982720,-5,-2,-9,-6,1,-1,-1,-1,0
39.989313,0,10,2,-2,-2,-2,0,-1,0
39.990972,1,-7,-6,0,0,0,0,1,0
40.005969,-2,9,7,3,0,-1,-1,-2,0
40.006000,-3,-8,-6,-1,-2,-1,0,-3,0
40.008136,0,20,7,2,-1,0,-1,1,0
40.008145,-1,-22,-4,-7,-2,-1,-1,-1,0
40.027995,2,-4,-9,-1,-2,-1,-4,-2,0
40.028008,0,-12,-1,2,2,-1,-1,2,0
40.029677,0,9,-1,1,1,0,-1,-2,0
40.029695,1,10,-2,-11,-4,-1,-2,0,0
40.042371,-5,-11,-2,4,-3,-3,-1,-2,0
40.042378,1,11,3,1,-1,-1,-1,1,0
40.049376,0,-6,-1,-3,-3,-1,-1,-4,0
40.049485,-2,6,6,2,0,0,-1,-1,0
40.065238,-3,-8,-9,-7,-1,0,-1,-1,0
40.065260,-3,-7,-8,0,-2,-1,-1,-1,0
40.074258,3,7,9,2,-2,0,0,1,0
40.074265,-2,-7,-9,2,-1,-2,-2,0,0
42.090980,1,50,8,1,8,29,-7,-7,2
42.091359,-52,47,-9,-10,-13,-38,0,-18,2
42.092575,116,100,23,10,-3,9,-6,10,2
42.092624,-28,-59,-28,-18,-10,-57,-18,-37,2
42.113061,-58,54,5,5,-3,14,16,-31,2
42.113173,49,-35,-19,-5,-1,-10,-19,14,2
42.114473,-40,-37,-9,-2,-9,-4,-3,-3,2
42.114489,-27,-17,-1,-6,6,1,-5,40,2
42.127283,-24,32,9,6,10,2,-14,6,2
42.127289,-17,-27,3,5,-11,2,41,30,2
42.136556,-63,-2,-4,-2,-1,12,-18,-52,2
42.136561,9,89,0,-4,-3,-1,14,-2,2
42.150484,-5,-78,-12,-4,-5,6,3,-11,2
42.150507,33,127,22,13,17,9,0,49,2
42.151925,57,-46,-15,-8,-9,17,-9,-18,2
42.151938,-68,19,-7,-7,-12,-8,-2,39,2
42.174420,93,67,17,7,11,-29,-25,20,2
42.174429,-73,12,4,-2,-3,-6,-11,-34,2
42.174535,17,107,5,2,0,47,8,52,2
42.174566,22,54,10,4,0,-64,-14,-51,2
42.186810,0,-77,-9,-8,-13,26,0,-12,2
42.186834,21,2,9,3,3,0,1,6,2
42.196943,5,-32,-2,-3,-3,-8,-12,22,2
42.196947,17,-5,7,2,0,-22,20,-10,2
42.210539,-6,-46,-3,-6,-6,4,13,16,2
42.210558,11,96,-3,-2,11,-6,-9,-10,2
42.212221,85,68,6,-9,-25,-27,13,-47,2
42.212237,32,-50,-7,-3,-1,18,-16,-10,2
42.233364,-45,78,-8,-3,-7,4,-2,24,2
42.233386,-70,-91,-4,1,5,-11,-2,-40,2
42.235576,-126,11,-13,2,7,22,8,-13,2
42.235582,34,-16,16,5,3,9,-30,14,2
42.246682,1,-90,-21,-9,-13,-1,5,5,2
42.246705,-6,-10,-1,-3,25,8,2,-13,2
42.257505,35,-58,16,8,-5,-14,2,34,2
42.257511,-26,-11,0,5,2,11,-2,-51,2
42.271039,-51,-8,4,11,14,43,14,16,2
42.271294,82,-53,-3,-8,-16,-7,-18,18,2
42.273862,-26,6,1,-2,4,-14,-7,22,2
42.273870,-83,3,-23,-3,1,11,12,-3,2
42.293258,20,72,2,2,-8,4,18,-1,2
42.295464,73,75,19,0,-3,-4,0,30,2
42.295471,-15,-84,-9,-1,10,14,14,4,2
42.295473,39,13,-6,-12,-14,-33,-46,4,2
42.306757,-15,9,14,10,-4,-51,-14,-27,2
42.306784,-106,3,-4,4,-22,6,11,-7,2
42.317352,83,39,-4,-3,41,-12,13,21,2
42.317358,-12,-1,8,7,0,14,15,-27,2
42.330434,37,-91,-2,-8,-3,7,-14,19,2
42.330441,67,77,6,3,5,4,7,27,2
42.331950,-104,55,3,-4,-16,-17,-12,22,2
42.331963,92,-81,-14,-5,4,34,9,-10,2
42.353070,13,117,-5,-9,2,-20,-8,15,2
42.353097,12,-105,-10,3,-5,29,-2,-47,2
42.355314,-64,-77,-9,-6,-14,-1,8,-8,2
42.355321,29,58,-1,1,17,4,22,17,2
42.366778,-18,-11,5,-1,-17,-13,-19,-10,2
42.368681,75,100,7,-2,3,-4,3,11,2
42.376406,14,-62,-2,0,-9,-9,-22,-83,2
42.376410,-7,-79,4,-5,2,3,5,44,2
42.390504,-8,-89,-24,7,3,-5,-14,-91,2
42.390540,-38,55,-5,-4,-3,9,-2,31,2
42.392378,96,70,9,0,-26,23,4,-51,2
42.392384,55,127,5,0,18,8,-7,27,2
42.412947,76,-40,-2,0,5,13,27,23,2
42.412969,-74,-34,-4,-1,1,15,6,-4,2
42.414706,-30,-19,-5,-2,-7,-23,11,-1,2
42.414711,23,21,5,2,5,51,-13,19,2
42.435631,-18,-51,5,-1,-1,16,5,-16,2
42.435653,26,3,5,3,0,-31,-1,-3,2
42.437833,-48,-14,2,0,7,2,1,36,2
42.437842,-28,121,7,7,3,53,9,-9,2
42.451300,-1,6,3,-2,-2,-15,-7,38,2
42.451329,9,-5,-10,-12,-5,12,1,-25,2
42.454279,-29,90,9,5,1,-11,-25,26,2
42.454288,34,-67,-7,-1,-1,-18,10,-31,2
42.473336,28,20,-14,-2,0,1,-8,13,2
42.473556,4,-55,7,-13,-4,-12,-10,-8,2
42.474519,-19,9,7,15,1,-7,-13,-13,2
42.474565,25,-74,-13,-5,16,-30,21,22,2
42.495631,-8,48,6,2,-8,9,0,-3,2
42.495655,-62,-15,-2,0,2,1,-14,-17,2
42.497021,25,33,-5,-3,8,6,14,23,2
42.497028,-54,1,-5,-4,-21,-9,-10,-10,2
42.510770,56,-36,-12,-14,0,36,13,7,2
42.512768,81,58,15,16,4,-28,15,17,2
42.512774,-3,-16,-2,1,-5,-2,-8,-7,2
42.512776,-98,53,-1,-1,-11,-15,-11,-44,2
42.533082,37,12,0,-4,4,6,14,66,2
42.533102,39,64,9,10,2,12,4,-12,2
42.534497,86,-107,-20,-12,-5,-47,-18,18,2
42.534515,-85,-31,-3,2,-3,73,6,-15,2
42.555665,-72,104,11,-1,-18,-14,-6,-14,2
42.555687,63,60,-11,-4,36,24,-25,-9,2
42.557887,-82,-66,-16,-6,-10,-5,3,-27,2
42.557893,47,3,15,2,-1,-31,-17,20,2
42.571181,-9,71,5,0,-3,-21,0,-31,2
42.571218,45,-22,10,7,-10,18,-2,-30,2
42.573515,-33,34,-3,1,14,17,7,-7,2
42.573521,32,64,4,-1,-5,-26,-5,-1,2
42.592973,-34,-114,-4,6,12,30,-17,-18,2
42.592995,-8,21,-4,-10,-9,-13,29,15,2
42.594507,-63,45,-2,-3,4,16,-5,4,2
42.594574,-2,-65,-2,1,-10,-42,-6,0,2
42.615646,-16,85,6,0,-4,-1,13,-6,2
42.615668,36,-45,-5,1,11,-6,-1,-13,2
42.617937,-67,-23,-12,-5,-6,-11,-22,16,2
42.617942,31,123,0,6,0,36,12,-3,2
42.630062,62,-108,-3,-3,-15,-35,18,11,2
42.630085,-14,30,-19,-6,26,6,-29,4,2
42.636559,-64,35,9,1,-4,17,0,-1,2
42.636579,30,49,22,3,1,-5,-7,10,2
42.653715,63,-90,-5,-4,3,-10,-14,3,2
42.653743,-68,-77,-12,-1,-1,23,2,16,2
42.656074,36,6,-3,-7,-13,-44,14,-19,2
42.656081,53,3,5,3,5,-13,-16,-22,2
42.675648,-102,50,4,1,5,37,15,13,2
42.675671,-38,87,13,2,-18,-56,-24,-19,2
42.677211,122,-35,-14,-2,7,15,1,2,2
42.677237,-61,33,-22,-15,-10,0,15,2,2
42.689964,49,65,-5,-3,-1,-29,-19,-18,2
42.690028,-65,54,10,-4,-2,46,9,30,2
42.696830,40,-94,-2,-1,3,15,-6,-12,2
42.696852,-15,77,4,2,0,-21,4,53,2
42.712977,-14,-40,-10,-1,1,10,13,-62,2
42.713000,27,13,-4,4,-14,-1,0,16,2
42.714444,-58,127,19,4,20,-5,1,-12,2
42.714450,53,-23,-3,-1,-10,2,8,-5,2
42.736568,-79,-51,-3,0,-6,20,12,16,2
42.736587,48,-33,-18,-10,-10,-23,1,-64,2
42.739259,54,-21,-4,0,-7,6,-5,-17,2
42.739268,-46,-82,20,5,4,-12,-12,13,2
42.749983,10,75,1,0,9,4,24,9,2
42.750126,-34,4,-6,0,-12,-28,-32,-4,2
42.757057,68,119,10,-9,0,20,6,32,2
42.757074,-122,-105,-18,4,-1,-19,-3,-48,2
42.773396,-35,-29,-6,-2,9,26,-21,-20,2
42.773420,0,-45,-6,2,-9,-40,12,55,2
42.775223,-46,21,14,4,-17,-4,1,-43,2
42.775228,6,-75,0,-6,35,21,-3,17,2
42.795588,79,127,9,0,-5,-23,-14,29,2
42.795645,14,79,-5,-2,1,-6,11,-23,2
42.797019,-44,-115,-20,-3,-6,12,4,-5,2
42.797082,7,124,7,-1,-5,-11,1,-6,2
42.809916,-14,84,-1,-1,-9,6,-24,-17,2
42.809924,-49,-123,2,-2,-2,-25,1,-7,2
42.816784,127,25,-7,-3,9,20,19,12,2
42.816804,-26,-20,-8,3,-7,23,8,-17,2
42.833013,-11,-109,-15,-2,10,-15,-17,-9,2
42.833035,86,80,24,-4,-7,4,-7,49,2
42.834642,-21,93,21,9,4,12,11,-42,2
42.834660,27,-100,-20,-6,-6,-7,-15,48,2
42.857254,47,67,2,-2,-1,-20,8,2,2
42.857261,-11,19,-11,-1,0,36,18,7,2
42.857264,-25,-65,9,3,8,-6,-16,15,2
42.857319,33,127,3,0,-7,3,-4,-5,2
42.870516,-68,-71,2,0,-24,-2,4,4,2
42.870544,-12,30,-21,-10,11,-4,-13,-2,2
42.876807,42,-33,6,1,5,-9,3,1,2
42.876829,25,52,-4,-5,-3,1,-4,-42,2
42.892949,-70,-97,-3,-5,1,17,-3,17,2
42.892971,-15,23,-20,-12,-12,-66,12,-9,2
42.894791,-1,12,12,9,-3,-16,2,10,2
42.894810,16,105,-13,-10,-12,32,-5,-36,2
42.915501,67,-68,1,5,9,-12,-14,13,2
42.915523,-8,49,14,9,6,33,36,24,2
42.917448,-56,1,-19,-4,-1,6,-4,13,2
42.917457,-19,-127,2,1,-4,-2,-1,-55,2
42.929534,-15,119,-2,-8,6,-6,-9,45,2
42.929563,-34,-86,0,-1,-9,8,-18,-52,2
42.940364,46,56,-1,2,-2,-7,-7,9,2
42.940370,-48,-38,-4,-2,-13,3,37,18,2
42.953597,32,-16,3,2,-1,31,-12,-30,2
42.953611,-40,62,6,-1,-15,-36,-3,9,2
42.956122,-43,-23,-7,0,1,-14,-8,17,2
42.956128,51,-77,3,-2,-10,-11,-5,-6,2
42.975765,55,43,-1,3,6,5,19,-8,2
42.977775,10,33,5,4,3,20,0,11,2
42.977780,57,42,-10,-8,-13,12,-5,29,2
42.977782,-82,-69,-18,-4,11,-31,-10,-35,2
42.998000,-34,29,10,-2,6,52,10,3,2
42.998014,85,-2,-9,0,4,20,2,16,2
42.999575,9,-87,12,4,0,-13,1,19,2
42.999588,68,126,2,-1,1,2,-7,18,2
43.012984,-33,127,-13,-8,-1,-21,-5,-28,2
43.012998,-33,7,-20,-8,-5,16,-2,0,2
43.014612,-7,-50,27,4,2,1,-13,-2,2
43.014631,23,74,8,8,4,-8,3,29,2
43.035704,7,-66,-4,-6,-4,-8,-3,5,2
43.035725,-3,-93,-7,4,2,-22,-16,-70,2
43.037669,-47,49,-8,-7,-5,3,22,23,2
43.037680,-32,-88,1,0,2,-5,-24,-13,2
43.049166,94,2,1,-1,2,-29,-33,2,2
43.049189,-84,47,17,5,-1,58,22,65,2
43.058070,-35,-115,-12,-4,18,-6,-1,-54,2
43.058092,-15,86,5,-2,-30,-86,-31,-12,2
43.074271,-55,68,0,3,6,8,7,31,2
43.074280,36,-57,-7,-10,-2,-7,-9,-14,2
43.074560,-54,127,-1,10,1,14,-20,1,2
43.074576,5,107,16,-1,5,30,8,34,2
43.103687,28,-18,-1,-4,-5,-34,-1,-13,2
43.103716,-20,15,8,11,4,6,-9,-47,2
43.106770,-36,5,-10,-10,-4,-2,9,12,2
43.106836,-11,-27,-6,-1,4,-3,-4,-16,2
43.109867,23,78,15,4,-3,29,19,33,2
43.109890,-18,-67,-24,-6,6,-36,-10,-14,2
43.120671,127,100,0,-6,-31,-4,1,25,2
43.120677,-12,-106,-1,6,46,26,13,-25,2
43.133689,-46,42,7,5,-8,-27,-11,-2,2
43.133717,-30,-45,4,-3,2,2,-7,7,2
43.135819,-1,90,-12,-6,-13,-13,-12,-72,2
43.135824,-16,-95,-17,-7,5,14,-25,33,2
43.155553,-16,21,7,0,-8,-66,32,-41,2
43.155570,115,28,8,6,5,28,13,36,2
43.157629,-29,60,3,6,4,-5,4,-18,2
43.157635,86,48,-6,-7,-8,16,5,15,2
43.169131,-31,41,-4,-1,3,3,-25,-51,2
43.169145,49,109,21,7,-6,1,0,16,2
43.179452,-27,-75,-11,-9,2,-11,0,23,2
43.179462,19,56,14,8,15,9,3,-64,2
43.193183,1,-128,-24,-6,-2,1,-5,-15,2
43.193199,64,91,14,0,-5,-7,5,23,2
43.195178,-79,-16,23,9,10,20,0,-1,2
43.195186,0,-24,-36,-10,-7,-3,3,15,2
43.215407,8,-15,-2,-7,0,12,19,18,2
43.215413,-37,-128,-16,9,5,1,-14,-17,2
43.217238,38,14,9,-2,0,-1,-15,-2,2
43.217362,37,51,7,-1,-13,-1,39,31,2
43.229883,-31,-22,-1,-10,-1,-21,-14,-20,2
43.229889,-71,-52,-27,-6,-17,32,7,1,2
43.240031,1,-22,11,8,22,54,-12,39,2
43.240036,30,28,1,-4,-22,-18,8,-55,2
43.253147,-17,60,-3,0,-16,-48,-1,-19,2
43.253163,13,-92,-18,-19,-3,-15,-8,-10,2
43.255627,-12,-45,-14,-2,-15,-7,1,15,2
43.255633,-53,32,-2,-2,-9,27,-8,4,2
43.275673,-5,4,-4,8,11,14,-3,43,2
43.275680,-16,40,25,-3,0,-6,-9,-42,2
43.281655,28,127,-5,-1,-4,-12,4,-32,2
43.281679,-32,-120,-7,-8,4,8,9,63,2
43.289139,7,34,-6,3,-2,-1,-10,-26,2
43.290705,-99,-19,2,8,6,-4,0,-12,2
43.299777,-12,-86,-18,-11,2,4,-4,2,2
43.299782,3,76,20,12,-1,-9,21,10,2
43.321315,35,-74,3,4,2,15,-6,32,2
43.321470,-48,52,9,-3,-4,-1,11,-21,2
43.324019,14,-114,-7,1,-1,-15,1,1,2
43.324026,-36,-95,5,-1,-11,-17,-22,20,2
43.335624,-31,-25,-23,-13,-34,21,12,-21,2
43.335644,34,18,16,6,43,6,5,-5,2
43.337027,71,111,6,-1,-4,-10,5,46,2
43.337035,75,-73,-22,-10,-4,-4,-18,5,2
43.349496,-7,-98,13,3,3,-12,16,6,2
43.349524,42,34,13,4,1,36,6,66,2
43.358878,-47,53,-15,-9,-8,-54,12,-63,2
43.358884,87,108,7,7,11,0,-32,5,2
43.373203,-29,62,-11,-6,-2,-7,-14,4,2
43.373268,-38,66,-17,-3,-3,-2,0,12,2
43.375130,-12,-102,2,1,-1,11,0,0,2
43.375135,-16,20,-1,1,-7,-1,1,4,2
43.395857,43,125,17,1,13,19,-8,8,2
43.395879,-8,-88,-15,0,-13,-12,26,24,2
43.398167,36,83,1,-3,-1,26,-4,-70,2
43.398174,-43,28,15,7,18,-11,24,11,2
43.418254,-70,-65,-8,-10,-31,18,-8,4,2
43.418443,-11,52,-7,-5,4,-1,-10,0,2
43.419438,-8,-30,4,3,5,-4,8,11,2
43.419444,-20,27,1,0,11,10,-1,-11,2
43.433110,15,75,15,2,5,-4,4,2,2
43.433131,0,50,-7,2,-8,-13,2,-11,2
43.435413,1,46,-17,-6,-7,-10,10,11,2
43.437537,-10,70,6,0,-9,3,-6,-27,2
43.455695,-21,-55,7,3,12,-8,-6,26,2
43.455725,14,15,5,-1,-9,-14,-12,-41,2
43.457236,3,43,1,-2,8,17,3,20,2
43.457243,-34,2,4,6,12,4,1,-6,2
43.478084,88,68,-6,-3,-4,10,23,3,2
43.478106,-33,-78,-4,-11,-6,-11,-12,12,2
43.479648,70,-125,-17,-8,-8,-7,-16,-50,2
43.479745,-57,-109,-8,4,-1,6,0,2,2
43.493056,16,43,5,5,17,-10,-5,-4,2
43.493068,57,110,11,-1,-10,1,-7,-11,2
43.494703,-4,-19,1,5,6,-6,-1,54,2
43.494791,-29,-3,-4,-5,-9,17,-3,-6,2
43.515542,-12,14,11,4,-6,7,-4,-15,2
43.515564,7,66,-6,-9,7,17,-6,-19,2
43.517259,26,-54,-2,1,0,-2,-26,27,2
43.517263,22,81,-3,0,-6,-33,9,10,2
43.538006,-55,75,3,-1,-10,5,3,-4,2
43.538035,46,-117,-12,0,-2,3,-8,-3,2
43.540372,-42,42,17,3,3,-2,7,11,2
43.540379,-19,115,-2,-3,-6,-9,-9,-10,2
43.552242,42,34,-7,0,13,10,-10,-4,2
43.552270,30,-17,7,3,-6,-16,9,23,2
43.570200,-49,-48,-12,-4,7,22,-6,-19,2
43.570206,-32,-102,-7,-13,-10,-10,10,-6,2
43.575547,-3,-37,-8,-4,-9,-12,-3,22,2
43.577565,-64,-21,-12,3,10,1,5,-33,2
43.577577,48,112,5,1,-9,-4,2,54,2
43.577579,6,-27,19,4,3,9,-11,-39,2
43.598056,1,-46,-3,-11,4,-19,1,17,2
43.598078,-5,-17,7,9,-8,-1,-2,11,2
43.599490,5,34,6,-2,-6,2,3,1,2
43.599563,1,56,7,1,3,-1,3,11,2
43.612412,14,-14,-1,2,40,5,-2,-21,2
43.612432,11,127,11,3,-9,-1,3,10,2
43.619336,13,-74,-14,-13,-6,-7,-4,3,2
43.619370,5,36,-4,0,5,7,0,2,2
43.635759,-61,-128,-13,-4,-13,2,-2,-60,2
43.635784,-49,-14,-2,-3,1,-2,-22,11,2
43.636906,-15,7,9,3,13,-4,13,-10,2
43.636912,26,24,5,5,-15,5,-12,-3,2
43.657949,28,-31,-10,-1,1,3,5,10,2
43.657973,31,31,22,-2,-3,-10,10,-9,2
43.659707,-26,-2,-1,8,2,1,-6,-15,2
43.659711,-33,-36,-16,-4,5,4,-4,21,2
43.672660,35,-10,0,3,-3,6,-2,-12,2
43.674535,65,71,6,-3,2,-3,-5,-7,2
43.679311,-58,-26,12,6,0,14,10,9,2
43.679333,-16,32,-16,-9,-4,1,5,-6,2
43.695530,-48,82,-12,-2,-31,-17,-17,-25,2
43.695545,-19,-16,-8,-5,14,1,0,27,2
43.697259,79,127,16,4,-1,-7,-3,1,2
43.697386,-37,4,-21,-8,1,5,-1,6,2
43.717979,17,71,25,8,1,11,13,20,2
43.718000,2,-68,-5,0,-4,0,1,-8,2
43.720349,-3,25,-7,-4,-6,-6,-7,-1,2
43.720361,40,-69,0,0,4,-2,-2,14,2
43.732771,6,37,2,0,3,2,3,2,2
43.732799,-20,-32,-8,-2,-4,-6,17,-5,2
43.741353,1,-103,-5,3,4,-3,15,4,2
43.741362,75,80,17,-1,4,55,6,50,2
43.756907,-72,-64,-28,-2,-27,-29,-10,-51,2
43.756914,43,81,4,1,24,2,0,8,2
43.757062,-29,-84,3,-9,-10,0,-16,-23,2
43.757069,64,27,7,7,3,-2,5,0,2
43.778469,-63,-41,20,8,9,16,13,25,2
43.778498,8,-21,-8,-3,-15,-9,-44,-22,2
43.779703,20,80,-6,-1,23,-8,-1,-10,2
43.781484,23,-100,1,-3,-16,-7,2,-6,2
43.791706,27,-32,-8,-6,12,5,-2,20,2
43.791726,-7,-39,-3,-3,-13,-7,4,-25,2
43.799231,35,109,4,5,-1,5,6,22,2
43.799257,0,97,-3,-7,3,-20,-17,-46,2
43.823161,-36,-81,0,-3,-10,9,-10,30,2
43.823178,-17,106,-4,-4,-11,-28,0,-39,2
43.823802,-36,-128,-11,-3,-5,2,-1,-10,2
43.823822,-75,104,15,6,0,-6,6,-6,2
43.837209,50,-49,-2,0,8,-15,-17,-2,2
43.837223,-6,19,-11,2,4,20,8,20,2
43.838002,10,-9,-11,-16,-11,-4,-8,-23,2
43.838024,16,73,5,1,-4,-17,-3,23,2
43.851727,-15,85,5,-1,9,11,5,-2,2
43.851749,-24,-75,-13,2,-2,-1,-6,30,2
43.859342,-63,97,-4,2,-17,1,13,-43,2
43.859364,-17,-7,9,8,8,-12,-28,-19,2
43.874818,13,-70,-17,-8,0,32,4,-9,2
43.874841,22,27,12,-5,1,19,12,20,2
43.876615,57,2,1,1,-8,-1,6,72,2
43.876624,4,-54,-23,-8,8,-10,-25,-59,2
43.898431,66,127,16,5,-12,-3,5,-14,2
43.898440,-56,-99,0,-1,-9,-5,-9,-3,2
43.898444,7,50,-3,2,13,39,3,29,2
43.898448,-18,-82,-2,-1,-4,-50,9,-6,2
43.911949,55,-5,1,1,12,-6,-14,-9,2
43.911976,-83,-78,5,-1,1,6,-2,-42,2
43.919505,26,105,13,-1,-12,-13,-7,16,2
43.919525,52,-112,-15,0,9,8,6,25,2
43.935099,-26,-5,1,-3,-2,11,14,6,2
43.935124,-8,-9,-1,3,-2,-11,2,11,2
43.936490,-6,73,-7,-1,1,-1,5,-31,2
43.936494,-47,-77,-1,-4,-8,2,-8,2,2
43.957771,29,66,-1,-6,-2,-16,6,27,2
43.957793,15,97,7,2,2,29,-9,6,2
43.959494,13,-6,4,6,6,3,8,-30,2
43.959499,-40,28,5,-3,-35,14,10,11,2
43.972047,-94,-76,-18,-8,35,-6,-9,10,2
43.972072,78,86,-5,-3,14,2,-6,-19,2
43.979253,43,46,6,-4,-23,-16,-3,-17,2
43.979306,-53,-53,5,1,-1,10,14,24,2
43.994923,23,-77,-13,2,-3,-4,-6,-9,2
43.994948,-20,-70,-1,1,-3,-7,5,2,2
43.996405,-23,-59,-6,-3,11,-13,-8,-5,2
43.996410,-3,30,2,-2,2,-2,-5,-1,2
44.017475,44,51,13,6,-10,7,14,4,2
44.017497,71,78,-2,-1,5,-19,-12,3,2
44.018882,-22,-16,2,-1,-25,8,13,18,2
44.018890,58,5,-7,2,37,12,-2,-12,2
44.031643,-32,4,7,-7,-7,-7,-5,-5,2
44.031665,13,-104,-4,6,-3,-1,-1,7,2
44.047440,8,33,3,4,2,-12,-4,42,2
44.047462,-4,-42,-19,-14,-12,2,-1,-41,2
44.063442,40,12,0,6,0,5,-4,7,2
44.063465,-22,-45,-11,-3,-2,3,-3,5,2
44.065531,19,12,-2,-1,21,-2,-1,-14,2
44.065535,30,-95,9,8,-14,9,10,6,2
44.077669,12,127,-7,-7,-4,-8,-12,-25,2
44.077696,0,70,8,-2,-8,-5,8,32,2
44.079663,-39,-128,-8,1,7,-6,-17,3,2
44.079669,-34,127,-6,-4,-3,4,4,-49,2
44.091604,-1,-15,6,5,-2,-8,-3,22,2
44.091621,23,48,3,-1,-5,2,27,-7,2
44.099282,15,31,-4,-3,-7,-9,-12,3,2
44.099344,7,36,15,4,15,20,4,15,2
44.116086,-41,-26,1,-2,-5,-3,11,21,2
44.116092,19,58,-8,-9,-20,-2,-5,-24,2
44.116094,-26,-127,-20,4,12,-2,-10,-14,2
44.116096,-16,47,5,8,-5,6,-5,60,2
44.137762,-37,-77,0,4,6,16,16,-21,2
44.137791,47,92,5,-10,3,9,-5,-22,2
44.140064,-33,-80,-9,-9,-27,-26,-11,2,2
44.140071,-33,44,5,2,-2,-12,1,5,2
44.151634,-2,-15,-10,-5,-4,4,-16,14,2
44.153504,-42,4,-13,4,1,-14,-5,21,2
44.160793,27,21,27,2,5,10,15,-5,2
44.160802,-25,-32,-10,-6,0,40,-1,-14,2
44.174840,37,43,13,3,-5,-12,-7,20,2
44.174858,6,-35,-8,-5,-9,-5,-10,-10,2
44.176680,-77,7,-3,-1,4,2,2,-14,2
44.176686,1,-13,3,-3,-9,-15,2,21,2
44.197321,56,-51,0,0,3,-10,8,2,2
44.197346,-69,-92,-14,-4,1,4,-13,-20,2
44.199477,-5,-41,3,3,1,0,-3,17,2
44.199484,4,9,-5,-2,1,2,27,19,2
44.212004,-9,-37,5,-4,-15,-10,-38,-52,2
44.212033,77,-44,-8,2,8,-3,7,31,2
44.219779,-66,85,6,1,-1,-3,-1,-16,2
44.219815,56,78,19,4,4,-7,-6,-10,2
44.235167,-49,76,-10,-1,-3,4,31,-12,2
44.235196,16,59,2,-4,-3,-5,-8,-3,2
44.237936,10,47,-3,1,5,2,0,-8,2
44.237947,27,100,2,-4,-7,5,-13,36,2
44.257499,8,-46,0,-6,-23,4,-1,-13,2
44.257521,1,-16,9,4,26,-33,6,37,2
44.258185,-36,-43,-9,0,9,12,-4,-78,2
44.258204,51,35,-17,-9,-3,-22,-16,11,2
44.271687,-33,-42,2,-1,0,-1,-8,15,2
44.271707,-46,-31,-9,-6,-13,3,-3,-12,2
44.279112,57,49,27,4,-6,-8,-7,18,2
44.279128,-83,-104,-5,-1,13,6,4,-19,2
44.294841,-26,27,-13,-6,-6,-16,8,-11,2
44.294864,-34,37,0,-5,-12,26,-7,-21,2
44.296847,3,66,-23,0,2,-2,-1,26,2
44.296853,-1,12,18,3,-7,-6,-6,-16,2
44.317919,39,99,6,2,7,7,10,11,2
44.317924,-26,-92,4,1,1,-1,2,2,2
44.317926,2,-101,-7,-7,-9,0,-3,-18,2
44.317928,-1,-85,-30,-15,-7,-8,-1,-4,2
44.339881,-13,42,9,8,12,-5,-10,-8,2
44.339898,23,60,9,3,-2,0,2,0,2
44.341761,32,28,-10,-6,-27,5,-4,19,2
44.341768,-40,-71,10,6,35,-2,-4,-22,2
44.354883,-24,25,-9,-3,-4,-4,4,13,2
44.354902,-5,62,9,0,-10,-9,-15,-40,2
44.356415,64,27,6,4,5,34,6,35,2
44.356421,38,-69,-15,-2,-11,-12,-4,-12,2
44.380010,-5,96,4,4,6,-4,-12,32,2
44.380016,0,-27,1,-11,-1,12,6,-41,2
44.380018,-39,-87,-6,10,-6,-40,7,16,2
44.380020,12,50,-2,-7,-3,-12,-15,-2,2
44.400063,-112,-20,4,2,10,5,0,-24,2
44.401771,25,-113,-1,3,-1,1,0,21,2
44.401779,-24,-36,-27,-23,-2,-5,4,-17,2
44.401782,-24,83,17,9,-5,9,6,-19,2
44.414864,59,-90,-17,-2,-2,-4,1,-25,2
44.414885,0,-42,-11,-3,-1,-7,1,16,2
44.416584,14,108,15,1,5,3,-4,17,2
44.416595,-16,-92,-27,-2,-20,-13,-1,18,2
44.437793,-31,127,10,2,5,16,10,-14,2
44.437826,77,76,7,4,2,1,5,8,2
44.440390,51,12,2,-2,18,-23,-19,-26,2
44.440400,-35,-29,-5,-7,-16,48,10,39,2
44.459891,14,-126,-10,-2,-9,-5,-10,-40,2
44.459912,47,112,-1,3,-11,9,-2,46,2
44.460569,-34,-8,5,-1,-14,-21,-7,-12,2
44.460583,28,99,9,6,15,24,8,-17,2
44.475066,62,-66,-4,-3,5,13,10,39,2
44.475084,-76,-76,-10,1,-4,5,-4,-27,2
44.476286,59,26,6,4,37,16,0,7,2
44.476290,11,122,16,3,-5,-13,1,9,2
44.497968,36,2,-6,-4,0,-2,-10,-7,2
44.497996,-18,95,8,-5,5,-1,16,4,2
44.500197,-51,-103,-6,4,-3,24,-3,-9,2
44.500201,72,92,1,5,0,-14,-3,2,2
44.520677,-17,-26,-8,0,4,-2,-5,19,2
44.520684,-45,20,5,6,3,-11,1,5,2
44.520685,91,98,-1,-4,-5,-3,-3,20,2
44.520687,-83,70,1,-4,-2,-16,1,-4,2
44.535947,-111,-63,-6,-7,2,-18,12,-44,2
44.535956,14,-35,2,-4,-10,6,-18,-4,2
44.535960,62,78,12,1,3,6,-7,-22,2
44.535964,12,-7,-12,-3,-13,-25,3,-33,2
44.557472,11,107,4,0,13,21,7,23,2
44.558707,-63,-30,-10,-1,30,1,6,1,2
44.558712,-45,-31,2,-1,-2,-17,-6,32,2
44.558714,-4,-38,11,2,-13,-1,9,2,2
44.579878,87,-73,1,-5,-4,-14,-19,-3,2
44.579919,47,73,10,4,-7,-8,-3,1,2
44.581118,-79,-89,-8,-3,-3,16,1,0,2
44.581123,7,43,-8,-1,11,22,-10,3,2
44.594923,6,-50,-8,-7,-14,-14,7,8,2
44.594948,29,34,3,6,1,9,-7,-5,2
44.596343,13,80,5,6,-1,-11,23,-8,2
44.596387,-28,15,-24,-17,2,34,25,-7,2
44.617653,-1,53,7,11,14,-2,-24,37,2
44.617682,55,15,6,-3,-19,-6,-1,-18,2
44.619395,-40,101,-6,4,0,0,-12,-40,2
44.619399,34,-87,1,-3,-5,-23,-9,-14,2
44.640206,-4,-59,-9,-6,-11,5,9,31,2
44.642012,-39,-73,-5,-4,4,-18,9,-16,2
44.642021,-6,88,-3,-4,-9,45,-2,-15,2
44.642023,62,75,21,10,0,-8,-8,16,2
44.655063,-23,-46,-18,-3,-1,-6,-10,-20,2
44.656838,-50,87,-2,-1,-13,11,-1,7,2
44.656842,50,-5,2,-2,-12,-42,6,10,2
44.656844,-39,77,7,-1,-3,-13,-1,-6,2
44.677336,56,127,9,6,17,19,18,26,2
44.677393,19,95,8,2,6,72,-9,-2,2
44.677973,60,-124,-36,-16,-4,-54,-7,-3,2
44.677998,-93,-111,-17,-4,-26,43,-23,-17,2
44.699999,53,127,19,5,24,-13,21,-14,2
44.700028,-45,43,9,4,26,4,2,-28,2
44.701844,34,-26,-7,0,-6,16,4,7,2
44.701848,23,33,0,1,4,5,-1,25,2
44.714760,-15,43,-14,-9,-20,-9,-23,-3,2
44.714782,-20,-26,-2,-1,-13,-34,12,17,2
44.717300,-104,-16,9,5,4,19,-1,17,2
44.717308,112,-81,-8,-2,8,-37,-8,0,2
44.739805,-108,63,3,-4,-10,8,-12,-4,2
44.739811,52,75,-14,-4,-1,-29,16,10,2
44.739813,-12,-110,11,-1,2,4,-1,-3,2
44.739815,-31,-99,-9,0,8,-17,-14,8,2
44.759872,92,84,16,-2,-22,-2,-11,-19,2
44.759895,-112,-128,-10,-1,-6,3,-10,-47,2
44.760682,25,122,3,-1,3,19,6,11,2
44.760702,-47,70,8,3,-2,-3,12,12,2
44.774940,48,-128,-17,-8,32,11,-2,-10,2
44.774958,36,106,-4,-15,-20,-47,-23,-38,2
44.776043,-22,-33,-8,5,-4,22,3,11,2
44.776047,28,21,7,0,4,-9,12,-1,2
44.797531,44,55,16,5,-3,-1,-7,8,2
44.797560,-20,28,-11,-2,5,16,9,7,2
44.800056,44,-52,17,3,7,-8,-8,-8,2
44.800062,10,-76,-14,-5,-10,-12,-6,-16,2
44.820203,-79,-9,-6,-4,-12,-5,9,4,2
44.820222,65,-128,4,2,19,9,-5,12,2
44.820787,-55,56,8,2,-18,-25,-7,-8,2
44.822810,17,-112,0,-6,9,33,5,16,2
44.835229,42,43,5,-5,-14,-4,11,-22,2
44.835248,-22,39,-8,12,10,-19,-33,19,2
44.835730,-39,105,20,6,13,41,-11,-24,2
44.835743,-7,-38,-25,-6,-4,-5,32,18,2
44.857395,12,65,-1,0,-7,9,6,33,2
44.857411,2,52,-5,-7,-11,-9,8,-7,2
44.859118,14,43,8,0,6,2,-13,3,2
44.859124,-24,127,13,3,-5,-4,-10,-7,2
44.880411,33,-125,1,-1,2,-7,-5,-33,2
44.880432,-76,-48,-18,-9,-15,-6,-1,69,2
44.881010,26,-66,0,-3,-6,37,-13,-45,2
44.881023,0,-70,-7,-5,-10,-48,-4,-16,2
44.895167,11,82,-8,2,-8,-5,1,-21,2
44.895188,49,63,22,7,7,3,4,18,2
44.895811,-36,-59,-24,-6,-1,-14,0,1,2
44.898089,-22,32,16,1,2,2,-4,10,2
44.917873,-8,-89,4,3,6,0,-10,-3,2
44.917901,10,-6,-6,-11,-10,-8,5,-2,2
44.919923,30,71,-3,2,0,13,25,-5,2
44.919927,-78,-53,-1,-3,9,2,-24,-34,2
44.940242,-9,31,-17,-3,-8,-4,13,13,2
44.940255,21,30,10,15,9,-12,-4,-17,2
44.940618,2,55,5,-6,-21,6,31,59,2
44.940660,-21,72,-5,-1,38,2,-9,-53,2
44.954392,-1,-49,1,-8,-7,-1,-8,4,2
44.956111,-34,-128,-16,-7,-4,-3,5,9,2
44.962306,-13,46,-1,1,2,-24,-2,1,2
44.962329,34,13,6,1,-9,6,8,29,2
44.977477,62,52,4,2,14,2,-11,17,2
44.978608,-69,-79,-23,-4,-14,37,-13,-41,2
44.978613,-14,50,-12,-12,-4,-68,-20,31,2
44.978615,44,-13,-17,1,-5,8,6,-18,2
45.001340,-63,-57,0,-3,12,22,4,-7,2
45.001346,-11,19,6,3,-14,11,6,6,2
45.001348,25,-11,-6,-4,2,5,-1,11,2
45.001349,-2,7,-1,2,-2,-3,-2,-2,2
45.015985,18,120,-10,2,-6,-4,-3,-16,2
45.015991,44,-92,19,1,10,9,2,11,2
45.022376,-53,-50,-19,-2,-2,0,-1,-18,2
45.022393,27,51,16,1,0,5,3,1,2
45.037517,-44,21,-5,1,-9,-7,-2,0,2
45.037540,56,61,6,1,18,-4,6,21,2
45.038952,17,77,15,0,0,-2,5,-32,2
45.038957,-85,-78,-51,-12,-15,-10,-21,-7,2
45.060604,9,117,4,-5,9,-6,9,-9,2
45.062718,-94,4,-8,-4,-18,-7,1,2,2
45.062724,85,-43,11,3,4,2,10,6,2
45.062726,-1,80,-3,-2,-1,4,-5,-30,2
45.074196,-28,-52,20,8,-9,-6,-4,4,2
45.074213,18,54,-2,0,11,2,-1,-5,2
45.082824,-8,-25,5,5,5,7,4,0,2
45.082853,-6,-32,-1,-3,-5,-1,0,12,2
47.099193,-3,1,15,1,2,-1,-2,-1,0
47.099535,0,-4,0,-2,-1,-1,-1,1,0
47.109275,0,-8,2,-8,-3,-2,-1,-2,0
47.109324,0,31,5,4,-2,0,0,0,0
47.123328,-1,-3,-16,-7,-2,-2,-1,0,0
47.123345,1,7,20,4,1,1,0,0,0
47.129248,1,-20,3,5,2,-2,-2,0,0
47.129272,-1,-4,-2,-6,-2,0,0,-1,0
47.145918,-1,-5,-6,-2,-3,-1,0,-2,0
47.145946,0,-3,-14,-4,-2,-3,-4,-1,0
47.147468,-2,3,5,-2,-3,-1,1,-1,0
47.147472,-1,-2,-5,0,0,0,-2,-1,0
47.168542,-1,31,-1,-5,0,0,-1,-1,0
47.168547,-1,-35,-6,5,-1,0,0,1,0
47.169469,-1,3,-7,0,-2,-1,-2,-2,0
47.169481,2,2,-1,-4,-3,-2,-4,-1,0
47.183287,-4,-13,-7,3,1,-2,-2,-2,0
47.183293,-1,9,1,0,-1,-1,-2,-2,0
47.184419,-2,11,6,-6,-1,1,-1,2,0
47.184432,0,0,0,2,0,-1,-1,0,0
47.205496,0,-1,4,-1,-1,-2,0,-1,0
47.205515,-5,-10,-5,-2,1,0,0,0,0
47.207353,3,-6,-5,0,-2,-2,-2,1,0
47.207361,-1,-4,-7,-3,-2,-1,0,-1,0
47.228584,-2,-2,4,0,0,0,0,0,0
47.228593,-1,3,-10,-2,-1,-2,-1,-2,0
47.229572,-3,3,2,0,-1,1,-1,-3,0
47.229587,-2,4,-3,-7,-5,-1,0,0,0
47.244390,-3,-20,-6,-5,0,-2,-3,-2,0
47.244400,-1,2,8,10,1,1,0,0,0
47.244553,-4,-5,1,3,2,0,0,1,0
47.244587,2,-4,-3,-2,1,-3,-3,-1,0
47.265608,-2,-13,-26,-7,-2,-2,-1,-1,0
47.265629,2,22,24,-4,1,-1,-1,0,0
47.267144,1,16,4,0,-3,-2,-1,-2,0
47.267148,-6,-31,-1,0,1,-1,0,-1,0
47.288756,2,-1,1,-4,-1,0,0,0,0
47.288787,-1,-3,-14,1,-2,-3,-2,-1,0
47.290492,-3,2,5,2,-2,0,0,0,0
47.290501,-1,24,-4,-3,-1,0,-1,-1,0
47.303523,-3,-22,7,3,0,-1,-1,-2,0
47.303551,-1,-2,-15,-6,-2,-1,0,-1,0
47.305760,1,-6,-10,-5,-1,-1,-1,1,0
47.305766,2,-6,3,6,0,-1,-2,-2,0
47.325525,-1,19,11,-3,-1,2,0,1,0
47.325546,-1,1,-17,-4,-6,-2,-2,-2,0
47.327158,-1,-5,20,3,5,1,-1,-1,0
47.327183,-1,-6,-4,1,-4,-1,0,-2,0
47.347961,-4,2,7,-3,-1,-3,0,-1,0
47.347982,3,5,-3,-3,-4,-1,-2,-1,0
47.349640,-3,-13,-7,-5,-1,-1,0,1,0
47.349645,1,0,-1,3,-1,-2,0,0,0
47.362746,-2,2,10,6,-1,0,0,-1,0
47.362767,-3,-4,-11,-6,-1,-2,0,-1,0
47.369764,0,-17,-2,-1,-3,-3,-4,-1,0
47.369785,0,7,1,-4,2,1,0,1,0
47.385419,0,-4,-6,0,-1,-1,-1,-1,0
47.385442,-2,-7,6,-4,1,-1,0,0,0
47.387305,-3,1,-16,1,-1,0,0,-3,0
47.387323,5,8,10,4,-3,-2,-3,0,0
47.407221,0,4,-4,-3,-3,-1,-1,-2,0
47.407239,-2,1,14,1,2,0,0,-3,0
47.417140,-4,-1,-3,1,-3,-3,-1,-1,0
47.417146,-5,-2,-1,-3,-1,0,0,-1,0
47.422525,2,10,0,5,1,-1,-3,0,0
47.422548,-3,-14,-2,-7,-4,1,-2,0,0
47.429307,-1,-7,-10,-7,-4,-3,0,-2,0
47.429322,1,32,14,6,1,-1,0,-1,0
47.444843,-3,-24,4,-3,-2,-3,0,-1,0
47.444935,-4,-7,-14,3,0,-1,0,-1,0
47.455428,3,3,0,-1,0,0,-1,-3,0
47.455434,1,-4,-4,-5,-4,-1,-1,-1,0
47.468563,1,4,-5,0,4,-2,-1,0,0
47.468600,-2,4,7,0,-1,-2,0,-1,0
47.471105,-3,-5,-4,2,0,-1,0,0,0
47.471112,-3,-14,-7,-2,-1,-1,-2,-3,0
47.482327,-1,4,2,-2,-3,0,-1,-3,0
47.482347,3,-8,-11,-3,0,-2,-2,0,0
47.489153,2,15,10,2,0,0,0,-1,0
47.489182,-2,-2,10,3,-1,0,1,-1,0
47.507111,-3,-19,-3,-1,-2,0,0,-1,0
47.507116,-1,7,-2,-4,-2,-2,-3,-2,0
47.507191,0,-1,4,2,2,-1,-1,0,0
47.507196,-1,-5,-9,-3,-1,-2,-1,2,0
47.528171,-2,6,-1,2,-3,0,-2,-2,0
47.528202,0,1,3,-3,0,-1,0,-1,0
47.530141,-1,1,-3,1,0,-2,-1,0,0
47.530145,-2,-8,1,1,0,0,-2,-1,0
47.542581,1,-15,-9,-1,-2,-1,-1,-1,0
47.544782,2,21,-5,-2,-4,-1,-2,-2,0
47.549402,-4,14,17,-9,-1,-2,0,-1,0
47.549421,-3,-20,4,6,2,0,0,-3,0
47.567906,-3,-8,0,7,0,-1,-3,-2,0
47.567912,3,-3,-3,1,-1,0,0,-1,0
47.567914,-2,-7,-8,-1,-2,0,-1,-1,0
47.567916,2,4,-8,-9,-4,-2,-1,-1,0
47.588022,-1,10,2,-4,-2,1,-1,-2,0
47.588046,-1,-7,0,-1,-1,0,1,-2,0
47.589905,0,-1,-5,1,-1,-1,-2,0,0
47.589909,-2,-1,-2,-4,0,-1,-1,-2,0
47.603046,0,7,1,1,-3,-2,-1,0,0
47.603059,1,-5,-2,-2,3,-1,0,-1,0
47.609484,-2,0,0,-4,-2,-1,-1,-2,0
47.609558,-4,-2,-12,-7,-3,0,0,0,0
47.625623,-1,7,10,8,-1,0,0,0,0
47.625639,3,17,5,-5,1,-1,-1,-1,0
47.628116,1,-5,-4,7,0,0,-1,0,0
47.628121,-2,-23,-10,-8,-1,0,-1,0,0
47.648131,-1,5,-6,-1,-1,-2,-2,0,0
47.648150,-4,1,5,5,1,-1,-2,-2,0
47.649686,0,2,-5,-3,-1,-2,0,0,0
47.651378,-1,8,10,0,-1,-1,-1,1,0
47.661735,0,-2,-6,-7,1,-3,-1,-3,0
47.661757,-2,-7,-1,4,0,0,-1,-2,0
47.672336,-1,-4,-14,-3,-3,0,-3,0,0
47.672342,-2,9,18,6,0,-2,0,-2,0
47.685656,-2,1,-1,-3,0,0,-2,-1,0
47.685679,0,-6,-3,-3,-2,0,0,-2,0
47.687774,1,-2,-8,-1,-1,-1,-2,0,0
47.687778,0,-2,-4,-1,-1,-1,-1,-2,0
47.708043,1,2,-7,-6,0,-2,-2,0,0
47.708061,-4,-3,4,6,-3,-1,0,2,0
47.709580,-4,-23,1,-1,0,-1,1,0,0
47.709663,1,4,0,5,0,-2,0,-2,0
47.723147,-4,-8,-8,-2,0,-2,0,0,0
47.723153,5,2,-2,-7,-1,0,-3,0,0
47.730947,-1,2,-2,-3,0,-1,-1,-2,0
47.730952,-1,-2,-7,-3,-2,-1,-2,-1,0
47.745636,-2,16,2,-2,-2,-3,-1,-2,0
47.745655,-3,-17,5,2,-1,-1,-1,1,0
47.747191,-1,4,-1,-2,3,0,-1,-1,0
47.747204,-4,-1,-1,0,0,0,-1,0,0
47.769060,2,5,-4,-2,-4,-1,0,1,0
47.769065,0,1,-3,-4,1,-1,-1,-2,0
47.769390,0,-1,1,4,-1,0,-1,-2,0
47.769396,-2,1,7,0,0,1,0,-1,0
47.783282,1,-8,-2,-10,-1,0,1,-1,0
47.783288,-2,0,3,8,0,-2,-3,-2,0
47.791481,1,-5,-1,1,0,-1,1,0,0
47.791487,-1,2,-9,-2,-2,-3,-4,-2,0
47.805836,1,8,13,4,-2,0,-1,-1,0
47.805860,-1,4,-8,-4,0,-3,-2,-1,0
47.808199,0,1,12,3,0,2,0,1,0
47.808204,-3,-4,-10,-1,-3,-1,0,0,0
47.828914,2,-16,-5,-2,-2,-2,-2,0,0
47.828920,2,38,-22,-9,-3,0,-2,-2,0
47.829654,-1,-19,24,4,3,-1,0,-1,0
47.829728,-5,-5,-2,-2,1,0,-1,-1,0
47.841761,-1,-4,1,-1,2,1,0,-2,0
47.841783,-1,-5,-9,0,-1,-2,-2,0,0
47.852372,-1,12,-11,-7,-5,-3,-3,-2,0
47.852378,4,-5,-1,-2,-2,0,-2,0,0
47.866885,-1,2,-5,0,-1,-1,0,0,0
47.866914,-2,-5,7,-7,1,-1,1,0,0
47.870774,-3,0,-1,4,-4,-1,-1,-2,0
47.870782,0,-5,-7,-5,1,-1,-1,-1,0
47.888115,-1,10,7,11,1,-1,-1,0,0
47.888136,-5,-16,6,-2,-3,-4,-2,-2,0
47.890024,1,-9,-1,-2,-2,-2,-2,0,0
47.890067,-4,35,-3,-4,-1,1,-2,1,0
47.901655,-1,-7,-2,-3,-3,-2,-2,0,0
47.901672,-2,-8,7,6,-1,0,0,-1,0
47.911320,1,4,-14,-8,-1,0,-1,0,0
47.911326,1,-14,-4,-3,-1,0,-1,0,0
47.925535,0,2,7,5,2,2,-1,-1,0
47.925561,-5,-7,5,2,-2,-2,-2,-1,0
47.927009,-2,15,-5,-6,-2,-2,-2,-3,0
47.927026,3,-6,-4,4,1,-1,-1,-2,0
47.947914,-3,47,6,0,-1,-2,-1,0,0
47.947936,2,-16,-8,-3,-3,0,-1,0,0
47.949559,-3,-29,2,-6,-2,-2,-1,-2,0
47.949599,-3,6,7,3,1,0,-1,-2,0
47.961753,2,-4,-3,-1,-1,0,1,-1,0
47.961776,0,16,3,3,0,0,0,0,0
47.971558,-1,5,-7,-4,2,-2,-3,1,0
47.971570,-2,-8,-5,-7,-7,-3,-1,-3,0
47.985639,-3,-5,0,1,2,1,-1,0,0
47.985645,-1,-15,-4,-1,-1,0,-2,-1,0
47.986932,-3,-2,5,4,-1,2,-1,0,0
47.986936,0,-2,-3,-4,-1,-3,-1,-1,0
48.008133,-2,-8,0,-3,-2,-2,-2,-2,0
48.008151,0,1,-10,-6,0,-2,0,-3,0
48.009513,4,8,-3,8,0,-1,-1,-1,0
48.009600,-1,-4,7,7,-3,-1,-2,1,0
48.021678,-1,-6,-4,-6,0,-1,-1,-2,0
48.021696,0,17,-6,-7,-3,-1,0,-1,0
48.031576,-2,-31,6,5,2,-1,-1,0,0
48.031585,0,3,0,-2,3,1,0,-1,0
48.047748,-2,-15,-6,-1,-3,-1,-2,-1,0
48.047760,-2,0,2,-3,-1,1,0,0,0
48.047765,-2,8,-11,-8,-4,-1,0,-1,0
48.047769,2,4,-2,-3,-1,-1,0,0,0
48.068328,-4,-17,3,1,-1,-3,-1,-2,0
48.068347,1,0,-5,-1,-1,-1,-2,0,0
48.070275,1,13,5,2,-2,-2,1,-1,0
48.070279,-1,-8,0,-2,1,0,1,0,0
48.081668,6,8,-6,0,-1,0,-1,0,0
48.081699,-4,-2,9,2,-2,0,1,0,0
48.091807,0,-7,-7,0,-1,-2,-1,0,0
48.091814,-3,12,-1,-5,-2,-1,-1,-1,0
48.105614,1,7,-9,-7,-5,-4,-1,-2,0
48.105633,-2,-10,12,5,1,0,-1,-1,0
48.107660,-1,5,-4,-4,0,-1,-2,-1,0
48.107767,0,-11,-4,0,2,0,0,-1,0
48.128347,-1,-1,0,-2,1,0,0,-1,0
48.128533,0,10,8,-1,-3,-2,-1,0,0
48.130573,0,17,5,-4,0,-1,-2,-2,0
48.130579,-3,-15,5,-1,-2,-2,-3,-3,0
48.150827,-2,-11,-7,0,-2,-1,-1,0,0
48.150855,-4,-18,-14,0,2,1,2,2,0
48.153312,0,24,5,-3,-2,-2,-2,-1,0
48.153318,-2,3,3,-4,-1,-2,0,-3,0
48.165619,6,-1,8,3,-3,-2,-2,-2,0
48.165647,-2,-1,1,-4,1,-2,-1,-2,0
48.168316,-1,-2,-10,3,-3,-1,0,1,0
48.168319,0,4,-4,-1,-3,-2,-2,0,0
48.188109,-4,-11,2,-4,2,-2,-3,-3,0
48.188132,1,0,-7,2,-1,-1,-2,-3,0
48.189744,-2,-3,5,-7,0,-1,-1,-2,0
48.189763,2,4,-4,7,-1,0,-1,1,0
48.210666,-3,4,-4,-1,0,0,0,-2,0
48.210695,-3,-1,1,-1,0,0,-2,0,0
48.212241,0,-7,-8,0,-1,0,-1,-1,0
48.212248,1,-3,2,-4,-2,0,0,1,0
48.225560,0,-18,-3,0,-1,-1,-1,0,0
48.225582,1,22,12,-3,-3,-2,-1,-3,0
48.227532,-3,0,-1,-1,-1,-1,-1,0,0
48.227542,-1,-6,-6,-2,-1,-1,0,-1,0
48.247972,-5,-3,-4,-4,-3,1,-1,-1,0
48.248071,0,0,-1,-1,1,-2,-1,-2,0
48.249331,-1,-4,2,3,0,0,1,-1,0
48.249353,-1,-2,-6,-4,-3,-3,-1,0,0
48.270755,0,26,12,1,1,-1,0,-1,0
48.272834,-4,-28,-4,1,-2,-1,0,-3,0
48.272841,0,24,8,-6,-2,0,-1,0,0
48.272843,-7,-31,-12,9,2,0,-2,2,0
48.285449,-4,1,-9,-6,-4,-3,-3,-3,0
48.285475,1,-6,0,1,0,-1,0,2,0
48.291580,-1,-4,2,-1,-2,-1,0,-1,0
48.291602,1,2,-5,-5,-2,1,-1,-2,0
48.307978,-3,12,4,-3,0,1,-1,-1,0
48.307997,-1,1,0,0,-1,-1,-3,0,0
48.309787,-1,-11,-8,0,1,1,-1,-2,0
48.309811,0,5,2,-2,-1,-3,0,-1,0
48.331066,0,-13,0,-1,2,-1,1,-1,0
48.331100,1,2,-4,9,-6,-2,-1,-1,0
48.333833,-1,9,9,-3,2,-1,-1,0,0
48.333838,-1,-15,0,1,2,-1,0,-1,0
48.344897,0,-8,0,-2,0,0,-1,0,0
48.344971,-1,15,-7,-8,-4,-1,0,-3,0
48.351863,-2,-16,15,-2,-2,-1,0,-1,0
48.351891,-1,23,23,11,4,-1,0,-1,0
48.368421,-2,6,0,0,-1,-2,-2,-2,0
48.368441,1,-4,-10,-6,-3,0,-2,2,0
48.370350,4,-1,-15,-3,-3,-3,-3,0,0
48.370354,-1,-2,-8,-8,-3,-1,-3,-4,0
48.390653,-1,-10,-6,4,1,1,1,-1,0
48.390670,-3,3,0,-1,0,0,-1,0,0
48.392014,-4,-2,-4,-4,-3,0,-1,-2,0
48.392083,-1,-1,-3,-1,-2,-1,0,-1,0
48.404927,0,0,4,2,-1,-1,-1,0,0
48.404948,1,17,-7,-10,0,-1,-2,-2,0
48.411633,-3,-29,2,5,-5,-2,-2,0,0
48.411649,0,2,-9,-6,-2,-2,-2,-1,0
48.435403,0,2,13,7,0,1,1,2,0
48.435417,-5,-2,1,2,0,-1,-1,-2,0
48.437256,0,-21,-10,-9,-5,-2,-1,0,0
48.437279,-3,38,9,6,6,0,-1,-1,0
48.450436,2,-6,0,-5,-1,-1,-1,-1,0
48.450443,-1,-3,-4,1,-1,1,-1,2,0
48.451948,-5,7,-2,-3,1,-1,0,-2,0
48.451960,1,-13,-12,-3,-4,0,0,-1,0
48.464864,-1,-1,-6,-4,-1,-2,-1,-1,0
48.464872,-1,-3,6,2,1,-1,-2,0,0
48.471722,-2,4,-4,3,1,-1,-2,-1,0
48.471742,1,-5,-1,-5,-2,0,1,2,0
48.488224,-1,5,-6,-2,-2,-4,-2,-3,0
48.488243,0,-26,9,-1,-3,-1,-2,-2,0
48.490538,-1,4,-1,1,0,-1,1,0,0
48.490543,-3,1,-6,1,-3,0,-1,-2,0
48.512411,-3,-12,5,0,-1,1,-1,0,0
48.512420,0,3,-3,2,0,0,-1,-1,0
48.512425,-2,6,-2,-4,-2,-2,-1,-1,0
48.512428,-2,-11,-4,-9,-2,0,-1,0,0
48.524912,1,2,-11,-3,2,-2,-2,-1,0
48.524929,-2,-2,4,5,0,0,1,-2,0
48.531811,0,12,-2,2,1,-1,-2,1,0
48.531827,-2,-1,14,3,-1,-2,-2,0,0
48.548009,1,-1,-2,-3,-1,-2,-3,-2,0
48.548030,-1,10,0,-2,0,-3,-2,0,0
48.549512,0,-11,-10,-4,-1,0,2,0,0
48.549585,1,28,27,3,-1,0,-2,1,0
48.570611,-5,-20,5,-4,-1,-1,1,1,0
48.570638,0,-3,-4,3,-1,-1,-2,-1,0
48.572617,0,-6,-9,0,-1,-1,-2,-3,0
48.572625,-2,3,-5,-3,-4,-1,-1,-1,0
48.585030,-2,6,0,0,-1,-1,0,-1,0
48.585060,-1,1,-6,-4,-2,-1,-2,-1,0
48.591813,-3,-2,9,2,1,-1,-3,-2,0
48.591900,1,-11,-10,-5,-1,-1,0,0,0
48.608047,-2,2,-2,6,-2,-2,-1,-1,0
48.608065,-1,-12,-8,-10,-2,-2,-2,0,0
48.609527,1,5,-2,4,-1,-2,-1,0,0
48.609648,-3,0,4,-2,0,-2,-1,-2,0
48.630460,3,-1,-13,-3,-4,-1,-1,1,0
48.630481,-3,1,-1,-2,1,-2,-1,-1,0
48.631929,-3,-1,7,0,1,0,-1,0,0
48.631960,1,6,4,5,-1,-1,-1,0,0
48.644288,0,-16,-2,-2,0,-1,0,0,0
48.644310,-3,-9,-7,2,-1,0,0,0,0
48.652932,-2,10,8,-6,0,-1,-2,-1,0
48.652945,-3,-5,-12,-1,-1,-2,-1,-2,0
48.668456,-2,7,-7,-4,-2,-1,-2,0,0
48.668462,0,1,7,-1,-1,-1,-1,-2,0
48.669366,-1,2,1,3,0,-1,0,0,0
48.669379,0,-6,-7,-1,-1,0,-2,-3,0
48.690613,-2,0,2,-1,1,-1,0,-2,0
48.690632,-1,0,3,-1,-2,-1,-1,0,0
48.692246,-2,-2,-10,-1,1,1,0,-1,0
48.692251,-2,-10,-6,-1,1,1,0,0,0
48.705153,-1,-3,6,7,-1,0,-2,-1,0
48.705180,-2,3,3,-3,0,-1,0,-3,0
48.715120,0,-12,-7,-4,-3,-3,-1,1,0
48.715126,-1,22,4,-2,-5,-3,-2,-1,0
48.729710,-5,-7,-6,-5,-1,-1,0,0,0
48.729719,3,-9,-4,8,4,0,-1,0,0
48.729724,-2,-6,2,-3,1,-2,-2,-3,0
48.729727,1,2,-10,1,0,-1,-1,-2,0
48.751109,-6,-2,-2,-3,-3,-2,-2,0,0
48.751126,-1,2,0,-2,-1,0,-1,-1,0
48.752823,5,1,-4,-1,-4,-1,-3,1,0
48.752826,0,-10,-2,-2,0,-2,0,0,0
48.764752,1,7,-4,-4,2,0,-1,0,0
48.764817,-4,-3,9,3,1,-2,1,-1,0
48.774710,-1,5,2,-1,-2,-1,-1,-1,0
48.774716,-1,-11,1,-3,-2,-2,0,-1,0
48.788264,0,-3,-2,1,1,1,-1,-1,0
48.788288,0,-3,-10,-9,-3,-1,-1,-1,0
48.790538,-2,-4,1,1,-2,-1,0,-1,0
48.790543,0,2,-1,-1,1,-1,-2,-1,0
48.811386,-3,-8,0,9,0,-1,-2,0,0
48.811456,-4,2,1,-4,-1,-1,-1,0,0
48.812958,-1,8,-4,1,-1,0,0,-1,0
48.812963,-2,-13,-5,-2,-1,1,-1,-1,0
48.824295,2,1,0,-4,-4,-2,0,-1,0
48.824311,-1,1,-2,3,0,-1,-1,-1,0
48.839235,-2,-5,-14,-2,-1,0,0,-1,0
48.839258,-2,0,7,0,1,-3,-1,-1,0
48.848542,-1,13,12,0,0,1,1,0,0
48.848570,-1,-7,7,2,-2,0,-1,1,0
48.850719,-5,-15,-7,-3,-3,0,-2,-1,0
48.850736,2,20,5,-2,-2,-2,-1,0,0
48.870727,-1,-6,-4,-5,-3,-3,-1,-1,0
48.870739,-1,-7,-4,2,2,-1,-1,1,0
48.872160,-1,-5,13,1,-2,-1,0,-1,0
48.872186,-4,-5,-9,2,2,0,-1,-1,0
48.884176,5,9,-5,-7,-2,-3,-3,-2,0
48.884192,1,5,5,4,-2,0,-1,-1,0
48.894263,-1,11,4,-3,0,0,0,-1,0
48.894268,0,-11,-6,2,-1,-1,-3,-1,0
48.908033,-1,8,4,-4,0,1,-2,-1,0
48.908051,-2,-6,-4,-5,-1,-1,-2,-2,0
48.910229,-3,3,-2,-2,-1,-1,-2,-1,0
48.910240,-4,-5,-1,-3,0,0,-2,-1,0
48.930553,-3,-5,5,2,-1,0,2,0,0
48.930569,3,1,-7,-6,-1,-1,0,-1,0
48.932210,0,-1,3,-1,1,-1,-2,1,0
48.932228,2,1,-1,-2,-4,-2,0,-1,0
48.944394,-3,19,-9,2,-3,-2,-1,-1,0
48.944398,-4,-13,5,-1,-2,-1,0,0,0
48.954777,-1,10,-1,-5,-1,-1,-2,0,0
48.954783,3,-22,3,0,0,2,0,-2,0
48.968052,2,1,-2,-1,-2,1,-1,1,0
48.968072,-2,9,5,5,2,-2,-1,-1,0
48.969403,3,6,-1,-5,-1,-2,0,-1,0
48.969536,-5,-11,-3,1,-3,-2,-2,0,0
48.991116,-3,-5,-10,-4,-3,-1,-2,-3,0
48.991122,0,-3,-6,-4,-3,-1,0,0,0
48.992065,0,16,32,5,5,0,2,0,0
48.992073,-3,3,-1,-3,1,-3,-1,-1,0
49.007185,1,-9,-2,1,0,-1,1,0,0
49.007190,-4,-3,-12,-6,-4,-2,-2,-1,0
49.015195,2,-16,-11,-2,-4,-1,-2,-2,0
49.015201,-3,-5,-3,-1,-2,0,-1,-1,0
49.028340,-1,2,3,2,1,0,-1,0,0
49.028360,0,1,7,-1,-1,-1,0,-2,0
49.030030,-1,-7,-13,-3,-2,-1,-1,-2,0
49.030034,-1,7,5,-2,-2,0,0,0,0
49.052972,-1,-12,1,-5,-1,-1,-1,0,0
49.052979,-3,22,5,5,-1,-2,-2,-1,0
49.052981,-2,-23,-8,2,-1,0,-1,-2,0
49.052983,1,-12,-9,-8,-3,-1,-1,-2,0
49.073137,-1,-3,-14,-6,-2,-3,-1,-2,0
49.073156,-1,16,26,4,0,-2,-1,-1,0
49.075837,2,2,-4,-1,0,-2,-2,-1,0
49.075846,2,1,-5,-1,-3,-2,-1,0,0
49.088243,-4,-17,5,2,-1,1,-1,-2,0
49.088262,-1,-6,-9,-5,-4,-2,-2,-2,0
49.090872,-3,-11,-6,-4,-4,-1,-2,-1,0
49.090880,0,17,4,2,2,0,-1,1,0
49.109556,-2,-10,-3,1,0,-2,0,-1,0
49.109579,-2,-2,0,1,1,0,0,0,0
49.119050,-2,8,-1,-1,-3,0,-1,0,0
49.119112,0,9,12,3,-2,-1,0,-2,0
49.133372,-1,4,-7,-4,-1,-1,1,1,0
49.133393,0,-9,0,0,-1,0,0,0,0
49.135710,0,15,-4,0,1,-2,1,-1,0
49.135714,-1,-27,-4,2,2,0,-1,0,0
49.147957,-2,9,9,3,-2,-1,-1,-2,0
49.147973,-2,-2,-10,-9,-2,-1,0,0,0
49.149626,0,9,3,-2,0,1,1,-1,0
49.149695,-4,-5,-6,-3,-2,-2,0,1,0
49.170640,2,8,4,2,1,-3,-1,0,0
49.170669,3,-16,-4,-2,-2,-1,-2,1,0
49.173368,-2,-2,4,2,-1,0,-3,-3,0
49.173376,0,2,-10,-4,-3,0,-1,-2,0
49.193101,-5,-16,7,5,1,-1,-2,-1,0
49.193116,-3,8,-10,-1,-2,-1,-2,-1,0
49.194542,-2,-6,1,-4,-1,0,-1,0,0
49.194556,1,7,6,-7,1,-1,-2,0,0
49.208003,1,-1,-14,6,0,0,0,0,0
49.208019,0,-5,-12,-4,0,-1,-1,-2,0
49.214201,-2,-2,5,0,0,0,-1,-2,0
49.214224,-2,-2,-7,0,-2,-1,0,-2,0
49.230775,3,8,-1,-2,-2,-2,-2,-2,0
49.232381,-3,-7,-1,-2,-2,0,-1,-3,0
49.232391,-1,16,-6,2,1,0,0,2,0
49.232395,-4,-23,-2,0,1,-2,-1,0,0
49.253754,-2,-5,2,-3,0,0,0,0,0
49.253760,2,6,-4,-1,-2,0,0,-1,0
49.254666,-3,-11,-2,-3,-2,-2,-2,0,0
49.254684,-3,1,-2,-5,-1,-1,-1,-1,0
49.269373,0,1,-2,-2,-2,-2,-1,-1,0
49.269381,-1,-5,-3,1,1,-1,0,-1,0
49.274178,2,5,9,-4,-1,-1,0,0,0
49.274194,4,7,1,12,0,-1,-1,0,0
49.290813,-2,-1,-1,-7,-2,-2,-2,-1,0
49.290836,-1,6,3,-2,-3,0,-1,-1,0
49.292393,-4,-14,-18,2,-2,1,0,0,0
49.292398,-3,-11,0,-5,2,-1,0,-2,0
49.315216,2,25,11,-8,-3,-2,-3,-1,0
49.315220,-2,-2,-5,0,5,1,-1,-2,0
49.315223,-2,-11,3,6,0,-1,0,-1,0
49.315224,0,19,-3,-4,-2,-2,-2,-1,0
49.327678,-7,-31,-2,2,0,-2,-1,0,0
49.327706,0,-8,-7,-3,-4,-2,0,-2,0
49.334620,0,11,5,-8,-4,-2,-1,-1,0
49.334641,1,7,-7,-1,-3,0,0,0,0
49.350688,-2,2,9,-3,-1,-1,0,0,0
49.350710,1,13,12,2,1,0,-2,1,0
49.352071,-5,-6,-10,3,-2,-1,1,0,0
49.352080,3,-6,14,4,2,1,-1,-2,0
49.373148,0,-4,-11,-5,-1,-1,0,0,0
49.373171,-2,-2,-2,0,-1,-2,-1,1,0
49.375374,-2,3,-2,-1,-1,0,-1,-3,0
49.375382,-3,-2,-1,-3,0,-1,-2,-2,0
49.388047,-1,0,-2,0,-2,-1,-2,-1,0
49.388091,0,-5,-6,-5,-1,-1,-3,1,0
49.394214,2,11,-4,1,1,0,-1,-1,0
49.394229,-6,-24,4,1,-3,-1,0,-2,0
49.410370,3,9,8,-1,5,-1,1,-1,0
49.410382,-5,-7,2,4,-2,-2,0,-3,0
49.412176,2,2,-4,-4,0,-1,-1,-1,0
49.412198,2,15,-8,0,-2,-3,-1,-2,0
49.433105,-3,-8,-4,-1,-2,-1,-1,-1,0
49.433128,-1,13,6,-10,-1,-1,-1,-3,0
49.434883,-1,-9,-1,10,1,-1,0,0,0
49.434892,-5,2,2,0,-1,1,0,0,0
49.447513,1,-3,-11,2,-1,-2,-3,-1,0
49.448923,-1,4,0,-2,-1,-2,-2,0,0
49.454327,-2,-7,0,-5,0,0,0,0,0
49.454347,-1,-4,-6,-3,0,0,-1,-1,0
49.471144,-4,-5,-7,-3,-4,-2,-2,-2,0
49.471167,2,-7,-8,3,-2,0,-1,-1,0
49.472166,1,7,-3,-7,0,-2,-2,-2,0
49.472196,-2,-16,0,4,2,-1,-1,0,0
49.493007,-2,-5,-3,-1,-2,-2,-1,-1,0
49.493028,-2,0,2,0,0,-2,0,-1,0
49.495432,-2,-6,0,-2,-1,-1,-1,0,0
49.495438,-2,13,-3,-5,-5,-2,-2,-2,0
49.507670,-4,4,1,1,0,-1,0,-1,0
49.507687,4,-7,-7,-8,-1,-1,-1,0,0
49.514128,-2,1,8,4,-2,1,1,0,0
49.514148,0,-1,0,1,-4,-1,-2,0,0
49.532498,0,-10,-14,-2,-2,-1,-1,-1,0
49.532504,-5,25,30,6,3,-1,0,-1,0
49.532506,-1,-1,3,-3,-3,-1,-2,-1,0
49.532508,0,9,0,-1,1,-1,1,0,0
49.553160,-1,-7,10,2,-1,0,1,1,0
49.553181,-1,-5,-19,-6,-2,1,1,0,0
49.555399,-3,-17,4,-1,1,-2,-2,-2,0
49.555404,2,-3,-5,0,2,-1,-1,1,0
49.566781,2,12,2,2,-1,-1,-2,-1,0
49.568156,-2,-1,-9,-4,-2,-2,-1,-4,0
49.576843,-4,3,0,0,-1,-1,1,0,0
49.576849,-6,-16,-7,-2,-2,-1,-1,-1,0
49.590527,3,12,-1,-1,1,0,-1,-1,0
49.590545,-2,-5,-2,-3,-1,-2,-1,-1,0
49.592464,-1,-9,-3,-6,0,1,-1,-1,0
49.592473,-1,-3,-6,2,-2,-2,0,-2,0
49.613156,1,-4,3,-2,0,0,-1,-1,0
49.613175,1,-2,6,6,-5,-1,-2,1,0
49.614751,-3,-8,-17,-1,-1,-4,-2,-2,0
49.614829,1,7,15,-3,-1,0,-1,-1,0
49.627018,-3,2,-6,-3,-2,-2,-2,-3,0
49.627039,-2,-11,-5,-1,-1,-1,0,-1,0
49.637755,4,25,-8,-4,1,-3,-1,-1,0
49.637770,-4,-14,16,-2,1,1,0,-1,0
49.650724,1,-3,1,0,-2,-2,0,-1,0
49.650751,-3,-7,-1,0,0,0,-2,-2,0
49.652121,0,-2,-7,-3,-4,-1,-1,0,0
49.652129,0,25,8,-2,0,-3,0,0,0
49.673422,-6,-7,9,0,2,0,0,-1,0
49.673632,0,-5,-17,-10,-3,0,-1,0,0
49.674689,-2,-4,10,13,0,0,-1,-1,0
49.674705,-1,-2,-4,-2,-4,1,-2,0,0
49.686538,0,-2,-9,-6,-2,1,-1,0,0
49.686544,2,-2,-1,1,1,-1,-1,-1,0
49.696070,-1,-4,-2,-3,-2,-1,-1,0,0
49.696074,1,-6,-17,-4,-1,-1,-2,-2,0
49.710460,-1,26,4,0,0,-2,0,0,0
49.710482,-5,-31,9,2,-1,0,-2,-2,0
49.712765,5,-1,-3,-4,-1,-1,-1,0,0
49.712772,1,2,6,8,2,-1,-3,-2,0
49.733038,-4,2,-12,-6,-3,0,0,-1,0
49.733109,0,22,-6,-1,-1,-4,-1,-1,0
49.734403,-1,-11,7,-2,-2,-1,0,-3,0
49.734416,-1,-7,-6,-2,-2,-1,-2,-1,0
49.749081,-1,-2,11,-6,0,0,-1,-1,0
49.749085,-1,7,3,7,-1,1,-1,0,0
49.763395,-2,1,1,-4,-3,0,-1,-3,0
49.763401,0,0,-7,-4,-4,-2,-1,-2,0
49.770395,0,-11,-6,1,1,-1,-1,0,0
49.770408,0,1,4,-5,-2,-1,0,1,0
49.772185,5,7,5,-4,0,-1,-1,0,0
49.772199,-1,-1,-7,6,-1,1,0,1,0
49.794207,1,-26,-8,-4,2,-1,0,-1,0
49.794212,0,19,3,0,2,0,-1,-2,0
49.794554,-4,-5,2,-2,-2,-2,-1,0,0
49.794565,-2,5,1,-8,-2,1,1,-1,0
49.806737,-1,5,-8,2,-5,-2,-3,-2,0
49.806769,-1,-4,5,2,0,-2,1,-1,0
49.817653,-3,-5,-6,0,-1,0,-3,-1,0
49.817658,1,4,7,-1,1,0,0,0,0
49.831030,-2,1,-1,-6,-2,-2,-2,-3,0
49.831056,-1,0,-10,4,-1,-1,0,-1,0
49.833148,1,0,9,7,0,0,0,0,0
49.833153,-4,-10,-7,-1,0,-2,0,-1,0
49.853060,0,-2,1,-1,-3,0,1,1,0
49.853084,-1,-1,-7,-4,-2,-1,-3,-1,0
49.855328,-1,8,-2,-2,0,-2,0,0,0
49.855334,-4,-22,-9,-7,0,-2,-1,-2,0
49.867033,-1,10,8,8,1,0,-3,1,0
49.867062,-2,-7,2,1,1,-1,-1,-1,0
49.875973,-3,2,2,-2,0,-1,-1,0,0
49.875979,-1,1,0,-1,0,0,-1,-2,0
49.890546,2,2,-2,-1,-1,-4,0,-3,0
49.890562,0,-7,-3,0,-2,-2,0,-1,0
49.892034,-3,-3,-1,2,1,-1,0,0,0
49.893476,2,-1,-4,-5,-1,0,-1,-1,0
49.913047,-3,-7,-2,-1,-2,1,0,-1,0
49.913074,2,-2,-10,-8,-1,0,-2,0,0
49.915375,-3,-3,2,6,0,-2,-1,-1,0
49.915380,-1,2,0,-1,-3,-3,-1,1,0
49.926714,-3,-3,-4,2,0,0,-3,-1,0
49.926729,1,13,2,-5,0,0,-1,-1,0
49.936622,-4,-30,-13,-1,-4,1,-2,-2,0
49.936630,-1,7,16,2,-2,-2,-1,0,0
49.950412,2,-8,-5,-1,-2,-1,0,0,0
49.950424,-2,15,-3,-1,-4,-3,-1,-1,0
49.952199,2,7,7,-3,3,1,0,0,0
49.952271,-2,4,0,3,-1,-1,-1,0,0
49.973099,4,6,3,-1,-4,-1,0,-2,0
49.973119,-2,-12,5,-3,-1,-1,-1,0,0
49.975077,-1,2,-13,-2,2,-1,-1,1,0
49.975083,-5,-4,1,-9,-2,-1,-1,-2,0
49.987054,-3,3,7,8,2,0,0,1,0
49.987084,-1,-5,-6,2,0,0,1,0,0
49.995606,0,-5,-1,-3,-2,-1,0,-2,0
49.995621,1,-1,-3,1,-1,-3,0,1,0
50.012620,-1,13,3,-4,1,0,-1,0,0
50.012625,-1,-18,2,0,-1,0,-1,0,0
50.012627,-2,6,7,-1,-1,0,1,0,0
50.012629,-1,-22,-12,-5,-2,-1,-3,-3,0
50.033174,-3,1,13,5,-4,-1,-2,-2,0
50.033195,-2,1,-14,2,2,0,-3,1,0
50.035353,2,17,8,-6,1,-2,-1,1,0
50.035357,1,-2,-3,6,1,1,-1,0,0
50.055779,-1,-1,-7,-3,-1,0,-1,-1,0
50.055795,0,-10,-2,-6,-2,-1,0,-2,0
50.057522,-1,-2,-8,-1,-4,-2,0,-2,0
50.057529,2,4,7,-6,-1,-2,-2,-1,0
50.071075,-3,1,-5,0,0,0,1,-1,0
50.071111,-4,-3,7,0,0,1,0,-2,0
50.074647,1,-12,-9,0,-1,-1,-3,-1,0
50.074659,-1,16,-1,-4,-4,-2,-1,-2,0
50.093090,-1,-5,-5,-5,2,-1,-1,0,0
50.093108,1,2,7,-1,-1,0,0,-1,0
50.094768,-3,-11,5,2,-2,-3,0,-2,0
50.094787,-2,-6,-6,3,1,0,1,-1,0
52.117667,-2,-62,-16,-3,-9,13,-8,-23,2
52.117953,-6,46,13,-5,-12,-35,-10,22,2
52.119131,-9,69,1,3,14,-16,8,-10,2
52.119176,4,-114,-16,-6,-7,4,-4,16,2
52.140184,-1,-11,-3,-1,8,-7,4,-8,2
52.140189,17,104,29,10,12,34,-3,-3,2
52.140677,0,-114,-39,-12,-22,-15,7,28,2
52.140697,-26,127,-6,2,4,9,2,10,2
52.156671,39,-79,-14,-2,13,-5,5,54,2
52.156682,-77,0,-21,-7,-9,15,-10,-76,2
52.156685,-73,20,13,1,-10,-6,-3,19,2
52.156687,30,4,2,-3,6,4,2,-17,2
52.177323,-123,-17,0,0,0,-12,-20,-12,2
52.177340,33,-85,-5,-1,-23,9,17,16,2
52.178312,24,58,-16,-9,27,-6,-9,2,2
52.178316,97,52,-11,-10,-13,-7,-5,0,2
52.202743,-90,66,-5,2,3,-5,-5,-16,2
52.202748,22,-85,-16,-9,-6,5,-6,42,2
52.202750,6,28,4,0,-8,-8,-8,-1,2
52.202752,-85,-50,7,8,9,6,3,-3,2
52.214761,29,-6,2,1,0,-15,-5,2,2
52.214786,54,97,4,2,6,58,17,3,2
52.216291,-78,-101,10,5,-14,-82,8,35,2
52.216305,-60,24,-17,-18,3,28,-35,-100,2
52.237968,21,44,-14,4,-13,-65,2,10,2
52.237991,5,-64,-12,-8,4,2,-8,28,2
52.239515,-16,-32,15,7,5,-6,12,0,2
52.239521,-7,-33,4,9,-6,8,18,32,2
52.260292,-13,67,4,-4,-3,-1,2,-11,2
52.260321,-6,19,6,0,6,-3,-6,-20,2
52.262391,53,99,-16,-8,-6,17,-2,-18,2
52.262395,50,-2,5,-5,5,-14,2,79,2
52.274706,110,-78,12,14,6,33,-1,-14,2
52.274723,-55,6,-33,-18,-6,-29,13,-11,2
52.276821,88,71,8,0,-10,22,-7,-17,2
52.276826,-24,-48,3,-1,17,-5,7,-10,2
52.297250,-30,115,5,6,-6,10,0,15,2
52.297261,-22,-68,-21,-6,-1,-11,-7,24,2
52.297877,-82,-2,-18,-1,4,16,-3,-17,2
52.297950,8,39,21,8,-9,-6,-4,-23,2
52.320023,32,-32,11,0,5,-22,17,5,2
52.320051,26,49,0,5,5,14,5,34,2
52.322904,-10,-21,-21,-11,-15,1,-19,-54,2
52.322912,-99,-39,7,6,-2,-6,-5,1,2
52.335180,-34,-69,-17,-5,-11,2,-15,-47,2
52.335289,2,62,-3,-1,1,0,11,15,2
52.336900,56,-25,0,-6,2,4,-2,15,2
52.336904,14,-28,-8,-4,-2,-1,8,53,2
52.357225,14,24,-11,-8,-2,-4,-13,-51,2
52.357244,-128,42,1,0,-3,-2,3,19,2
52.357964,78,-13,3,1,3,13,-21,-40,2
52.357980,-63,-93,16,9,1,2,48,51,2
52.380001,-22,34,2,-1,-4,66,8,3,2
52.380023,-14,-110,18,6,2,7,-17,-22,2
52.381911,-89,-38,-36,-14,-2,3,8,17,2
52.381919,38,72,-2,-1,0,-6,-14,-55,2
52.395111,-44,-48,-2,-8,-4,57,-19,48,2
52.397133,5,-35,1,2,-9,-75,13,-42,2
52.397141,-19,31,9,3,23,4,8,3,2
52.397145,12,52,-7,-4,-43,-4,-9,5,2
52.419336,-66,-31,1,0,1,-12,8,18,2
52.419342,26,52,13,2,9,8,-19,8,2
52.419344,51,-9,2,-1,-4,-6,15,26,2
52.419346,127,112,12,5,16,-13,-9,-27,2
52.440081,-85,-67,-4,-13,-7,-25,0,-11,2
52.441471,77,-85,6,2,-3,12,3,-8,2
52.441476,3,21,-19,-5,-5,-7,-10,-5,2
52.441478,-84,31,-6,0,-3,20,-8,-18,2
52.454910,64,-86,-4,-2,26,-23,-2,28,2
52.454963,23,96,-5,-6,-3,12,-2,13,2
52.455519,32,-14,5,0,-7,-5,16,5,2
52.457425,12,-2,4,-2,3,0,-11,23,2
52.477247,-46,-30,-3,3,15,-9,-4,-74,2
52.477272,-8,67,-3,1,-12,29,1,25,2
52.479029,107,19,-17,-11,-1,6,-18,-10,2
52.479035,-59,-31,-10,-6,-12,-3,21,4,2
52.499998,-24,34,9,4,-5,4,6,-4,2
52.500025,23,-3,-10,-1,8,-5,-2,-1,2
52.500819,1,68,15,0,-8,13,-17,-1,2
52.500837,90,99,-4,0,11,0,11,-4,2
52.514069,-70,54,-7,-4,-10,-10,-9,-71,2
52.514093,48,64,2,1,4,6,-19,20,2
52.522578,-75,-52,-4,1,-6,-7,42,-4,2
52.522598,5,-41,-2,-3,4,-8,-7,-7,2
52.537792,67,81,1,2,1,-3,5,32,2
52.537824,-10,22,14,6,-8,-2,5,-17,2
52.540099,4,-103,4,-1,22,-1,-3,14,2
52.540114,-15,-77,0,1,3,-3,-10,11,2
52.560289,-36,-48,6,-3,-12,-3,7,-15,2
52.560477,-33,68,-6,-2,7,5,-2,-40,2
52.560828,104,6,-2,-1,-9,-5,-8,47,2
52.560922,-98,-6,-8,0,5,9,-15,-41,2
52.574231,45,60,-10,-4,-3,-8,4,24,2
52.574249,13,-11,15,1,-8,-9,17,39,2
52.582320,31,38,15,8,-6,3,-7,4,2
52.582342,-100,38,-6,-7,-4,-2,-7,-66,2
52.597273,39,-55,5,13,0,4,10,53,2
52.597296,-36,-53,-26,-17,-3,-12,-16,-56,2
52.598908,37,65,1,5,4,3,0,15,2
52.598919,32,11,2,-1,2,-1,5,26,2
52.620390,51,-83,2,-4,0,-1,-1,52,2
52.620394,-37,-45,3,7,8,4,3,-43,2
52.620505,-49,-1,6,1,-15,-4,1,14,2
52.620553,31,33,-1,-1,27,-27,-14,-6,2
52.636320,-4,69,-2,-7,-5,46,7,-34,2
52.636328,15,15,11,2,1,-13,-15,60,2
52.642289,26,-104,-17,-1,-1,33,13,-17,2
52.642305,-62,-41,-12,-11,-17,-58,-9,45,2
52.657494,-63,-55,6,1,15,-1,-4,-83,2
52.657513,34,55,5,-2,-9,-11,-12,5,2
52.658605,-66,21,2,7,7,4,16,-9,2
52.658610,42,-38,4,1,-5,17,-1,8,2
52.682144,33,49,4,4,3,-12,-9,26,2
52.682149,-77,54,-2,0,-7,-9,22,-17,2
52.682151,10,50,9,-1,6,-7,-9,0,2
52.682153,56,-22,-4,2,0,18,13,30,2
52.695829,94,13,18,-4,-8,-9,-17,-14,2
52.695840,-102,-82,-16,-6,3,13,-16,-12,2
52.702265,-61,-91,-4,1,-4,-2,26,25,2
52.702279,33,-44,-11,-9,4,0,-38,-89,2
52.717535,-24,69,-7,-1,-6,-9,3,27,2
52.719812,62,-65,-15,-4,-3,0,0,14,2
52.719816,-33,-29,-1,2,5,-8,-8,-11,2
52.719817,-16,34,14,6,-7,4,11,14,2
52.741664,-13,-21,-4,-2,-3,-4,7,47,2
52.741671,28,75,-6,-3,6,0,-8,-46,2
52.741673,-4,102,14,3,-5,-4,-9,2,2
52.741675,-22,-27,-10,-3,-6,3,8,12,2
52.754763,16,119,-1,0,0,7,-6,3,2
52.754792,55,-87,1,-1,18,1,-1,18,2
52.762704,3,26,-10,-5,-21,-4,-10,-24,2
52.762724,0,10,5,1,26,10,17,16,2
52.777250,10,-10,3,0,-6,-23,-13,-51,2
52.777272,-22,51,-7,-1,-3,37,19,-16,2
52.778060,11,127,10,4,8,-46,-8,-11,2
52.778077,0,-96,-7,-8,-20,0,-3,14,2
52.799972,-26,-12,-6,4,2,9,7,-8,2
52.800000,18,107,18,3,0,-12,-12,17,2
52.802563,3,-128,3,-4,-5,5,-14,-2,2
52.802567,6,26,-10,-1,-6,9,4,-6,2
52.814160,-50,-57,-12,-5,0,-13,6,63,2
52.814182,-11,4,8,5,-8,-5,1,0,2
52.822386,-63,-19,-15,-8,3,5,-1,4,2
52.822413,66,-17,-7,3,1,-3,2,19,2
52.837664,6,-5,12,3,-1,6,3,-35,2
52.837714,52,-49,-8,5,0,-5,-3,51,2
52.838062,-97,-57,2,-3,14,2,2,-6,2
52.838148,48,-6,8,4,-13,10,-1,-10,2
52.860370,-61,50,-18,-11,-12,-6,-6,-10,2
52.862822,-2,-125,-1,-3,15,6,15,10,2
52.862828,24,2,-15,-8,-10,-23,-24,-22,2
52.862830,-59,76,6,4,12,14,18,12,2
52.882974,52,10,10,1,7,0,-10,-19,2
52.882993,90,98,3,-2,-11,-10,13,25,2
52.884012,-35,58,16,2,3,10,-15,-11,2
52.884030,40,-81,-8,-1,0,-9,-3,2,2
52.897417,-41,23,11,3,-8,0,-5,-34,2
52.897434,-7,22,-5,-5,-5,2,-2,-20,2
52.897992,78,-27,-3,2,2,7,-4,26,2
52.898018,49,116,0,-4,-10,-2,-3,-35,2
52.919973,-13,18,-13,-1,4,-3,-3,-5,2
52.920002,-36,-56,-3,-1,-6,-11,-15,2,2
52.922688,14,16,2,-4,-1,4,7,-8,2
52.922700,3,-55,-5,4,0,-4,-4,6,2
52.943496,77,28,13,-1,-1,-1,3,46,2
52.943517,39,21,-5,-3,0,1,-3,-29,2
52.944112,-25,-14,0,-3,-6,0,18,5,2
52.944191,31,82,15,2,3,6,-9,18,2
52.957369,-21,-58,-5,0,15,1,-5,-3,2
52.957389,-54,-58,-11,-2,-13,2,0,-13,2
52.957944,-20,63,-12,0,7,6,8,-23,2
52.957960,-40,14,-4,-4,-14,-10,-2,47,2
52.979763,10,-91,11,8,3,-1,-10,-23,2
52.979779,-20,-21,7,-4,5,2,7,6,2
52.980650,52,-3,-10,-4,-10,-4,-8,-21,2
52.980654,-47,48,2,-2,5,2,-1,-11,2
53.002983,37,-15,-12,-6,-10,-1,-1,8,2
53.003005,-47,47,8,0,1,0,-7,-6,2
53.003534,18,-60,0,6,-1,2,3,10,2
53.003540,20,59,15,-1,-3,-3,1,5,2
53.017574,44,-65,-12,-5,2,3,6,-16,2
53.020132,-40,48,1,1,-9,-4,-1,12,2
53.020141,-29,48,-10,-1,4,3,-2,-15,2
53.020145,2,2,-9,1,-7,0,4,0,2
53.039902,60,67,-1,-4,-10,-2,3,-2,2
53.039927,-30,10,16,5,23,0,-4,1,2
53.041763,26,-115,3,2,-12,-4,-1,9,2
53.041768,-42,-36,-5,-1,-4,4,-4,-32,2
53.065430,-45,25,-2,-4,-5,2,16,11,2
53.065436,70,43,-3,2,1,-5,-33,15,2
53.065438,-37,45,9,3,1,3,-4,-1,2
53.065440,-77,9,-13,-6,3,-7,9,-9,2
53.077779,7,40,0,-2,-5,-2,2,8,2
53.077807,-1,-5,-1,1,-1,1,3,-17,2
53.079755,27,-89,10,-4,-3,-5,-4,18,2
53.079761,-65,-34,6,3,-1,-3,-11,-12,2
53.100480,32,30,-2,0,4,2,5,28,2
53.100662,-24,-10,-6,0,-14,-4,5,-5,2
53.100685,2,65,-2,-6,9,-3,-19,13,2
53.100691,-19,-74,-4,0,5,9,42,13,2
53.123192,22,12,-6,-4,-3,-4,-6,-5,2
53.123217,38,26,18,-4,-15,-3,6,13,2
53.125489,72,-62,-9,-2,33,4,-1,-9,2
53.125553,-45,127,0,0,0,-3,-12,12,2
53.137440,-56,-61,-11,-2,-6,-10,-5,12,2
53.137469,-3,84,-8,-2,1,6,3,-7,2
53.139562,37,29,1,-6,-16,1,11,3,2
53.139566,17,-22,-4,-3,2,-1,-12,-17,2
53.159874,8,75,-1,-3,-5,-2,-8,-2,2
53.159897,1,-28,-7,-1,3,-4,-1,-11,2
53.160691,-5,94,9,3,-6,-1,2,14,2
53.160714,-17,7,12,5,1,7,11,18,2
53.183187,84,11,-2,0,0,-11,-28,9,2
53.183208,-5,-70,-18,-8,0,1,16,-19,2
53.184610,27,19,-18,-5,-8,-4,-7,-6,2
53.184614,45,12,5,2,-4,-4,-11,8,2
53.197277,17,76,14,4,3,6,13,7,2
53.197300,-17,11,0,5,4,1,-2,-9,2
53.198317,24,100,-4,2,-2,1,-1,-4,2
53.198321,-27,-128,-12,-8,-1,-5,-9,12,2
53.220902,-31,10,-4,2,1,4,2,-12,2
53.220907,0,-55,8,3,-15,-3,-5,-9,2
53.220909,-12,13,-1,0,29,5,7,2,2
53.220911,13,46,2,0,-5,-4,-8,-2,2
53.243270,-38,-90,-4,-3,9,-1,1,-12,2
53.243293,7,-31,0,-1,-24,-4,0,24,2
53.245352,-67,-28,8,6,0,1,2,0,2
53.245360,55,0,-4,-1,-3,-2,-3,-11,2
53.257526,30,57,-11,-10,-6,-2,-6,-25,2
53.257545,-57,-93,-1,-6,8,1,-6,-28,2
53.257989,-44,-30,3,2,-7,1,4,17,2
53.258001,101,44,-3,-5,-3,-8,-10,-39,2
53.280143,-99,-22,0,5,1,3,6,13,2
53.280164,1,42,22,5,7,1,1,10,2
53.282773,22,-44,-17,-6,-11,-5,-5,-18,2
53.282779,-2,1,12,0,7,4,3,2,2
53.310533,20,4,-6,-3,-5,-6,-1,3,2
53.310557,-35,110,-3,-1,8,1,2,3,2
53.312687,-51,-128,2,-1,-6,1,1,13,2
53.312695,-18,-7,-7,0,-1,-4,-2,-1,2
53.318150,-81,8,0,-1,-4,-1,-6,-1,2
53.318173,69,-6,-4,-1,2,7,-4,3,2
53.320321,-24,61,-5,-3,-4,-7,26,-29,2
53.320327,27,2,-4,-3,-5,-5,-9,12,2
53.340455,-7,17,13,4,1,3,1,-8,2
53.341936,-5,21,-10,-2,11,1,9,35,2
53.341940,-53,-29,-1,-1,-22,-3,-11,1,2
53.341943,-44,-23,-15,0,-3,-1,1,1,2
53.363115,28,40,9,1,2,0,7,2,2
53.363131,29,35,4,-1,2,0,-2,-13,2
53.363722,65,24,-3,-1,4,0,-8,20,2
53.363763,-102,-49,-5,-2,0,2,0,-19,2
53.377447,102,90,6,1,-4,0,-8,5,2
53.377476,-15,-66,-15,-8,-2,-3,-1,10,2
53.378044,-53,55,-11,0,0,1,1,25,2
53.378063,9,18,4,3,0,-1,-4,-21,2
53.399890,38,-28,2,2,4,2,8,20,2
53.401819,-99,34,5,-3,-2,-1,-5,-32,2
53.401824,72,-20,0,-4,-1,-1,0,-4,2
53.401827,-21,-15,3,1,2,2,3,17,2
53.423103,-17,-32,3,0,-27,-7,2,-6,2
53.423157,70,59,-1,1,18,1,-2,8,2
53.423668,-54,-66,-2,-3,-13,-1,-13,-23,2
53.423680,38,127,9,-1,13,-3,4,-10,2
53.437622,8,-113,-15,-8,9,1,7,-15,2
53.437629,66,34,1,0,-13,0,0,6,2
53.438021,-36,-13,3,-1,3,1,-2,5,2
53.438030,64,-28,3,1,-7,0,-3,-3,2
53.459754,-34,77,4,5,8,0,-1,22,2
53.459777,92,20,-4,-4,-5,-4,-4,1,2
53.461179,21,-29,-11,-7,7,-4,-6,-37,2
53.461185,52,-44,5,2,-5,-2,-2,8,2
53.484175,-28,14,-4,-3,3,1,-6,-16,2
53.484181,-32,-15,-7,-1,-3,-6,-3,-12,2
53.484183,24,80,6,4,-5,-1,2,-3,2
53.484185,-20,-37,-8,-7,-1,-1,-2,22,2
53.499371,-42,-29,13,2,-3,-1,1,3,2
53.499379,71,68,1,1,-3,-12,1,-43,2
53.505083,-60,-100,-16,-1,4,12,-21,10,2
53.505109,-42,17,-5,-7,-7,-4,-10,-5,2
53.519707,-4,-15,0,0,0,2,4,-9,2
53.519729,0,-6,0,0,-1,-1,1,6,2
53.522268,36,71,11,6,-1,-4,6,1,2
53.522276,16,29,0,2,0,-1,-4,-11,2
53.544479,13,20,-8,-2,-2,-2,-3,17,2
53.544485,-9,-36,1,-1,1,1,1,-10,2
53.544487,-70,-14,-11,-7,-3,-3,-5,-56,2
53.544488,47,-123,13,2,1,4,3,27,2
53.557178,5,-39,-8,-5,-1,-4,-3,-9,2
53.557197,-47,64,1,4,3,3,1,8,2
53.565048,5,3,12,0,0,-2,4,17,2
53.566721,-15,54,-5,-2,-4,-4,0,-38,2
53.580044,19,5,-3,0,0,0,-2,11,2
53.580063,-20,-29,4,0,-1,0,-4,5,2
53.587801,31,26,4,6,3,1,7,15,2
53.590265,15,51,-2,-5,-2,-5,-1,21,2
53.603164,-72,-93,-14,-8,-3,-3,-4,-30,2
53.603192,-22,-23,-6,1,-1,2,-4,-9,2
53.604639,-26,32,-8,-7,-6,-3,3,7,2
53.604644,-20,8,3,5,2,4,-1,-5,2
53.616737,5,31,4,1,-1,-1,-2,6,2
53.616766,-1,-47,0,-1,-1,-2,1,15,2
53.624952,14,7,3,-2,-4,-3,-1,6,2
53.625042,2,-5,-1,0,-3,1,-5,-3,2
53.639720,20,11,2,4,-1,-4,-3,-6,2
53.639744,-24,-56,-7,-2,-3,2,2,8,2
53.647602,27,115,2,0,6,-1,1,5,2
53.647715,-44,-76,-16,-5,-3,-1,1,-3,2
53.663791,40,58,-4,0,-6,0,-1,6,2
53.663820,-71,-40,0,2,6,-2,1,0,2
53.665825,-15,9,5,0,-1,-2,-1,1,2
53.665829,-49,94,8,3,3,-1,1,-10,2
53.676957,81,-98,-29,-9,-2,-3,-10,-2,2
53.678936,-4,-30,10,2,-2,0,-1,-3,2
53.684810,17,-128,-27,-5,0,1,0,3,2
53.684826,-53,48,17,3,-1,0,2,1,2
53.700062,-14,29,15,0,2,0,3,-4,2
53.700067,-10,29,2,-1,-4,-2,-1,3,2
53.700360,33,-28,5,1,0,0,1,4,2
53.700366,70,-6,-5,-1,2,-1,1,-1,2
53.723102,-82,-41,-10,-3,1,0,0,41,2
53.723121,-7,38,-10,-8,-7,-5,-11,-27,2
53.725158,-78,-88,-2,1,1,1,1,-12,2
53.725165,33,66,-19,-6,-4,-2,3,14,2
53.736778,20,-9,6,5,0,-1,-3,-10,2
53.736799,-29,19,-3,0,-1,0,2,18,2
53.744804,16,36,-1,-2,-2,-2,-4,-8,2
53.744819,6,9,6,3,3,0,0,-4,2
53.768566,-2,-6,2,1,-10,-3,3,6,2
53.768593,-2,23,16,10,6,3,1,-7,2
53.771062,107,127,1,-5,-3,-6,-3,14,2
53.771068,-59,-77,-11,-7,1,6,1,-6,2
53.783101,-41,69,-12,1,0,-2,-3,-41,2
53.783122,-1,-94,3,-3,-2,0,-2,-13,2
53.785192,51,119,3,-1,-9,-6,-2,25,2
53.785197,3,14,4,-2,2,-4,-4,3,2
53.806553,21,64,-5,-3,4,1,-1,-8,2
53.806567,20,53,-11,-5,-4,-5,-2,12,2
53.806571,-35,-14,15,4,6,2,0,-1,2
53.806575,111,80,18,7,-2,-4,-3,-5,2
53.822831,-47,-73,-4,-7,4,1,5,26,2
53.822839,-30,42,-23,-10,-3,-4,-11,-24,2
53.822841,-28,-80,-4,-1,-2,0,-1,7,2
53.822843,-41,15,-8,-1,-1,-1,4,8,2
53.843083,24,53,14,3,-1,-3,-1,18,2
53.844565,11,28,5,-1,-1,0,1,-7,2
53.844569,-26,-23,-7,-2,3,0,-2,-17,2
53.844571,-6,-19,-3,4,1,-1,0,-11,2
53.865538,21,-37,-1,0,1,1,0,1,2
53.865560,-86,-10,-9,-7,1,1,3,4,2
53.867540,111,71,49,20,23,1,-2,18,2
53.867548,-61,48,-16,-15,-47,-11,3,-14,2
53.880025,-24,-1,-29,-11,27,6,-15,-17,2
53.880046,-18,6,-19,-7,-6,-1,1,32,2
53.882432,-21,60,-11,-4,-1,0,0,-23,2
53.882438,15,-4,10,6,10,4,1,24,2
53.903290,21,52,16,4,-6,-2,3,-13,2
53.903316,37,37,12,6,3,-1,3,20,2
53.905247,1,-75,-10,0,0,-1,-1,-1,2
53.905254,-8,-55,3,-6,5,-3,-3,-6,2
53.925437,14,-8,0,0,-8,-2,2,-7,2
53.925460,-48,-55,7,1,8,2,0,-16,2
53.926750,74,44,-22,-7,-11,-3,1,23,2
53.926760,-27,-65,19,2,5,-1,-10,-30,2
53.940077,-64,35,14,2,-3,2,0,-3,2
53.940096,65,93,4,0,-6,-3,-4,7,2
53.941374,-128,-103,-12,-7,-2,-2,-1,-17,2
53.941379,41,28,-12,-4,3,0,1,26,2
53.963374,-32,10,3,5,-2,-1,-2,-40,2
53.963395,-7,-9,6,1,-2,-2,0,-5,2
53.963759,-27,25,3,-2,-5,2,1,-11,2
53.963773,63,-2,-12,-2,3,-2,-5,1,2
53.985793,7,2,2,-3,-8,-1,0,1,2
53.985821,50,-50,12,1,-2,-3,-1,13,2
53.988453,-57,7,1,0,9,-5,0,3,2
53.988461,12,72,-5,-4,-45,-6,-16,-25,2
54.000435,47,39,5,-1,32,10,24,28,2
54.000472,-51,-19,-17,-6,-7,-3,-7,-31,2
54.002542,-23,22,1,-2,-4,2,-1,10,2
54.002546,30,-92,-1,4,11,-1,-1,25,2
54.022928,1,121,-4,-2,-12,-7,-12,-3,2
54.022945,40,-119,0,-2,0,-1,0,11,2
54.023697,-23,83,9,-1,2,-2,1,-32,2
54.023718,-2,7,-10,0,7,4,7,-4,2
54.045539,75,28,-7,-5,-6,-2,0,33,2
54.045564,13,-20,11,7,9,3,-2,-30,2
54.046545,26,-14,-11,-2,-12,-2,-1,-5,2
54.046550,-58,66,1,-1,7,-1,2,-5,2
54.060134,16,-90,2,-1,-6,-5,-6,11,2
54.060156,23,-10,-5,-1,-1,-1,0,4,2
54.062674,9,16,1,-2,-1,-1,-7,-6,2
54.062679,-14,-13,2,3,4,1,1,-38,2
54.083286,-48,57,7,0,-4,-5,-5,0,2
54.083295,2,-27,-19,-7,-3,-2,-2,40,2
54.083680,20,-36,-2,0,-3,0,1,3,2
54.083740,-16,-25,-15,-8,5,1,1,3,2
54.104824,-2,12,20,9,-3,1,-2,-24,2
54.104836,-5,61,-2,0,-2,1,1,-1,2
54.119042,26,-35,-6,-2,-3,-1,-4,1,2
54.119066,-25,-31,3,-2,-2,-3,-5,-9,2
54.119949,10,-42,-17,-3,-1,0,1,8,2
54.119977,-15,16,-5,-3,-4,-3,-2,-18,2
54.120685,-22,-15,-6,0,4,-1,3,-10,2
54.120784,31,58,4,5,3,1,4,10,2
54.143251,0,13,5,0,-4,2,3,47,2
54.143285,-12,32,-10,-8,1,-4,-9,-31,2
54.144996,16,-3,-7,-6,-5,-2,-2,-11,2
54.145005,-65,61,28,3,5,2,2,1,2
54.165556,80,-35,-14,-2,-10,-6,-12,-51,2
54.165576,40,-4,-3,-2,-2,-1,1,20,2
54.166744,11,-24,-2,1,-2,1,2,25,2
54.166750,30,63,-1,-3,1,0,-2,-19,2
54.180207,-64,-34,-2,2,2,1,2,-1,2
54.180241,-6,-34,6,-3,-4,-2,1,7,2
54.180662,4,21,-3,2,1,1,-6,-16,2
54.180688,-12,-3,-2,6,3,0,3,14,2
54.202924,42,-71,-12,-6,-2,1,1,7,2
54.202946,-59,90,7,2,-1,-3,-5,-14,2
54.204277,-52,-34,1,-4,-4,-2,-7,-52,2
54.204286,32,-44,-12,-6,-5,-3,-5,16,2
54.225705,-34,5,-7,-4,0,1,2,6,2
54.225732,65,-12,3,2,1,1,4,4,2
54.226338,21,8,6,-1,-4,-4,-2,0,2
54.226359,7,-36,-7,-1,2,2,-3,3,2
54.239215,-87,51,-7,-6,-4,-4,-5,-21,2
54.239243,-6,8,5,-5,1,-1,2,16,2
54.247281,33,71,8,5,5,1,5,11,2
54.248471,69,-128,-10,-5,0,1,-2,-13,2
54.263078,2,16,4,7,2,1,3,13,2
54.263099,-11,31,-10,-3,-4,0,-1,3,2
54.264669,-29,-9,-1,-4,-3,-3,0,12,2
54.264685,-20,46,-1,-2,2,-2,1,-4,2
54.285631,25,-58,2,2,0,-1,-3,-27,2
54.285636,-26,-37,10,7,1,-1,-1,-4,2
54.286087,-56,4,-7,-2,0,-1,-1,-4,2
54.286101,-33,-49,-21,-8,-5,-3,1,1,2
54.302486,58,-27,-7,0,1,-2,-4,34,2
54.302492,18,-49,5,4,1,-3,-1,14,2
54.302494,4,-1,-3,-3,-3,-2,-5,-26,2
54.302495,-12,42,5,2,0,0,-1,-10,2
54.323101,-40,10,1,-1,-1,-2,1,1,2
54.323122,28,23,-11,-2,0,0,2,4,2
54.324138,-40,-32,-8,-3,-1,-1,-1,15,2
54.324142,49,3,19,1,3,-1,-1,1,2
54.345929,42,36,3,-2,-3,-2,-2,9,2
54.345957,-7,34,-14,-1,9,0,0,-12,2
54.348016,40,0,7,0,-18,0,4,-1,2
54.348022,-4,53,-10,-5,-10,-6,-7,-17,2
54.368549,-74,-91,-11,-7,2,-5,-2,20,2
54.368571,-23,31,8,2,-7,0,-1,-8,2
54.368942,-1,37,0,3,8,8,3,22,2
54.368955,14,-21,5,3,4,2,3,5,2
54.382036,48,52,15,-1,-4,-4,-4,-16,2
54.382049,35,18,-12,-4,-1,-4,-1,-6,2
54.389967,41,-32,1,-1,2,-3,1,19,2
54.391377,-36,-24,1,3,1,3,-3,-17,2
54.405764,-35,95,32,7,6,-2,-3,-39,2
54.407131,18,38,-14,-5,-2,1,1,34,2
54.407136,-21,-5,-2,-4,-3,-3,-4,8,2
54.407139,-4,63,-7,-6,1,-1,1,-3,2
54.419480,-14,-27,-6,0,-3,-1,-5,-12,2
54.419513,-12,5,4,0,-3,3,3,-6,2
54.427613,20,11,-1,-2,0,-2,-4,0,2
54.427637,-25,-26,8,0,-2,-4,-3,5,2
54.443700,40,60,-6,-2,0,1,2,18,2
54.443728,-24,-119,9,3,-1,1,0,-9,2
54.444110,79,27,-10,-4,1,-4,-2,1,2
54.444284,-17,97,10,5,3,0,1,9,2
54.465705,-85,-108,-16,-12,-4,0,0,-5,2
54.465733,63,11,0,-1,0,-1,-4,3,2
54.468131,-5,68,11,1,0,0,1,-23,2
54.468134,-38,-45,-13,4,-1,-1,-4,4,2
54.479315,22,13,-3,0,-1,1,0,6,2
54.479336,-4,-63,-4,-3,-2,-1,1,16,2
54.487414,-34,8,2,2,1,0,-3,-46,2
54.487437,29,19,-1,-4,-1,0,-2,2,2
54.503324,-8,-36,-2,2,0,-1,1,-17,2
54.503330,1,-5,0,1,-2,-1,-1,-6,2
54.503530,46,69,13,8,14,1,9,35,2
54.503536,-38,-100,-4,-9,-25,-4,4,-34,2
54.525754,21,-4,-12,-7,-7,-2,-38,-17,2
54.525775,-6,39,11,9,2,2,3,-7,2
54.527634,5,53,-20,-6,-2,1,-3,7,2
54.527641,6,-86,0,-2,7,-2,6,18,2
54.539228,9,42,7,5,0,1,9,2,2
54.539245,-65,-11,0,-2,-7,-1,-2,-5,2
54.549595,9,0,0,-6,2,-2,-1,10,2
54.549601,0,24,2,4,3,0,-4,20,2
54.565123,-31,-7,-6,-2,-1,-2,7,-16,2
54.565134,23,19,10,4,7,2,5,25,2
54.565139,-79,-87,-10,-3,-7,-4,-6,-27,2
54.565142,41,57,-5,-6,-3,-3,-6,-7,2
54.585547,35,-121,-12,-8,-4,-1,1,14,2
54.585570,-68,39,-11,-3,2,-3,2,-16,2
54.588222,-9,-101,8,2,-4,-1,0,11,2
54.588239,1,39,-1,-1,2,2,-3,-16,2
54.599781,30,-16,2,4,2,-1,5,28,2
54.599801,9,32,-2,-2,-3,-2,-5,-15,2
54.607383,2,-12,-7,-5,-3,-1,-2,-3,2
54.609611,3,7,0,1,6,-1,-2,4,2
54.623046,5,8,2,0,2,-1,5,-5,2
54.623074,7,10,0,-5,-3,-3,-2,1,2
54.625676,6,-11,19,7,3,1,1,6,2
54.625729,19,-31,-9,0,0,-3,-2,4,2
54.645689,-71,-9,5,-2,-2,1,0,-2,2
54.645706,3,-18,-6,-5,1,1,0,3,2
54.646326,6,64,-9,-7,-5,-3,-4,15,2
54.646345,-47,-60,-16,-4,0,4,4,0,2
54.659084,4,20,14,-1,-2,-2,1,2,2
54.659100,-8,-40,2,5,1,-1,-2,-11,2
54.667594,9,31,2,2,-1,-2,2,5,2
54.667623,17,35,6,0,1,-2,0,15,2
54.683165,19,52,-2,-2,-3,-1,-4,-3,2
54.683186,23,-13,6,0,2,0,2,-1,2
54.684669,5,-20,-4,2,-4,-2,-1,-3,2
54.684673,9,19,-4,-5,-2,-1,-3,-11,2
54.705664,-8,27,-1,7,5,1,2,2,2
54.705683,49,-58,5,-2,0,-1,-2,-29,2
54.706313,-58,-38,12,8,1,-9,-4,7,2
54.706338,-58,-20,-16,-13,-12,-4,-10,-7,2
54.719824,-13,13,-11,-7,-4,5,2,0,2
54.719830,-11,27,-6,-2,1,1,-4,-21,2
54.727316,14,-66,-2,5,0,4,2,-1,2
54.728640,-9,4,0,1,-1,-6,1,9,2
54.743123,11,51,3,0,0,-4,-2,3,2
54.745508,-3,44,-1,1,-4,0,-2,9,2
54.745513,19,26,1,-4,2,-2,-1,-10,2
54.745515,18,-8,7,7,4,2,-1,-6,2
54.765444,24,-15,-5,-2,-2,1,1,3,2
54.765466,28,27,-5,-4,-5,-3,-1,10,2
54.766107,5,14,2,0,0,1,0,3,2
54.766120,66,78,14,6,2,4,6,17,2
54.788077,-108,-53,1,0,-4,-3,-4,-37,2
54.788096,-39,-72,-25,-18,-5,-7,-8,-37,2
54.790004,41,3,0,0,1,2,1,43,2
54.790011,46,-6,-12,-1,-1,1,-4,-34,2
54.803459,26,98,19,4,2,0,3,14,2
54.803489,8,-41,12,7,-1,-2,-2,3,2
54.805918,-24,49,1,-5,-3,-2,-3,-16,2
54.805924,6,-23,-2,1,1,-2,0,3,2
54.827302,82,32,-6,-1,-2,-1,0,1,2
54.827308,-97,-54,3,0,-3,-1,0,1,2
54.827310,54,105,-2,-1,1,1,-1,-3,2
54.827313,-15,-56,0,2,-1,-3,12,1,2
54.848010,12,-2,-8,-6,-6,-7,-29,-10,2
54.848032,47,54,5,2,0,2,2,29,2
54.850026,-6,-89,-10,-4,-2,0,-3,-12,2
54.850030,-90,18,1,-3,17,1,-2,-4,2
54.861778,24,-2,-4,2,-14,-4,5,10,2
54.861802,45,67,14,-1,-1,-1,3,22,2
54.873092,-65,-8,4,4,-4,-3,-8,-51,2
54.873097,46,-2,-3,0,-1,-4,-2,9,2
54.885681,1,40,-9,1,6,1,3,-8,2
54.885702,-15,54,8,5,3,0,-1,17,2
54.888249,-24,-6,-4,-8,-1,0,2,6,2
54.888261,9,-56,0,1,-5,0,-3,-5,2
54.908068,5,23,3,-2,1,1,2,-3,2
54.908091,8,-1,-15,0,-3,0,0,-11,2
54.909611,-33,-9,-12,-8,4,-2,-1,-5,2
54.909659,-15,28,6,-3,-2,0,1,12,2
54.921714,17,-61,-4,-1,4,3,5,8,2
54.921739,28,23,11,4,3,0,0,-3,2
54.930885,40,46,-6,1,-1,0,-1,-7,2
54.930889,-5,4,1,2,-3,1,1,21,2
54.946592,-9,9,1,1,1,-1,-1,-16,2
54.946612,-33,19,-16,-6,-3,-2,-4,-10,2
54.948661,24,23,2,2,-3,0,3,15,2
54.948666,-35,33,12,2,-1,0,-3,2,2
54.967935,5,27,30,7,4,1,-2,-11,2
54.967949,25,25,-8,-5,0,-2,-1,1,2
54.969693,-2,-83,3,0,-2,1,2,15,2
54.969814,39,29,-8,-5,-3,-2,-4,-13,2
54.982729,-46,-58,-5,-1,1,-1,1,4,2
54.982735,9,31,2,1,-3,0,3,25,2
54.991461,-10,-61,-4,1,2,0,-2,0,2
54.991467,15,-81,0,-1,-3,-1,-1,-8,2
55.005593,69,-14,-2,0,-2,-4,-3,5,2
55.007485,-61,-71,0,-2,-1,-8,0,20,2
55.007490,-27,-16,-4,-5,-1,15,-2,-18,2
55.007492,15,89,-9,-4,-5,-3,-1,2,2
55.029001,-22,-69,4,3,2,4,4,12,2
55.029013,20,35,-3,3,1,-2,-2,-9,2
55.029506,69,51,-7,2,-1,-6,-1,1,2
55.029519,-115,39,-9,-4,-4,0,-2,7,2
55.044389,38,-100,-5,-2,0,-1,1,6,2
55.044395,31,58,5,-2,1,-1,-5,-16,2
55.049781,-54,31,-18,-6,-3,-4,-4,-6,2
55.049817,-27,-14,12,5,17,1,1,-6,2
55.065749,-86,66,4,0,-17,-4,1,7,2
55.065772,31,-32,-2,0,-1,3,3,4,2
55.067810,4,19,1,-5,-6,-1,4,-3,2
55.067818,13,-1,0,0,-1,-7,-22,-7,2
55.090005,-84,12,-17,-11,1,-1,0,-2,2
55.090010,22,69,20,10,5,3,-3,-7,2
55.090013,-16,21,1,-1,-4,-2,5,-2,2
55.090014,26,65,5,0,-3,1,5,17,2
55.102535,24,23,-6,-3,1,-2,-4,-29,2
55.102568,-7,-17,-8,-1,-3,2,2,-2,2
55.109635,26,30,11,1,-1,-6,-1,14,2
55.109653,55,31,-7,-6,-6,-1,-1,-21,2
57.127730,5,2,6,-1,1,-3,-1,-1,0
57.128264,-1,23,-2,-3,-2,-2,0,0,0
57.134452,-8,-27,-6,2,-1,-1,-1,-3,0
57.134559,3,-3,-4,-5,-3,0,0,-1,0
57.150800,-2,19,16,10,3,-1,1,-1,0
57.150825,-2,5,4,-1,0,0,-1,-1,0
57.152938,2,-25,-6,-7,-1,-1,-1,1,0
57.152946,4,6,-9,5,-1,-1,-1,-2,0
57.173268,11,-24,-19,-6,2,1,0,2,0
57.173290,-32,10,13,1,0,0,-4,-4,0
57.175342,3,-16,-10,0,-2,-1,0,-1,0
57.175351,-1,-15,0,-2,-1,0,0,1,0
57.186644,6,74,5,-1,-1,-1,-2,5,0
57.187831,11,0,-2,-3,-1,-3,-1,-20,0
57.197490,-5,-1,6,-3,-2,-2,-1,2,0
57.197502,-2,-4,-6,0,0,-1,-2,-1,0
57.210513,-7,-14,-1,-1,0,0,0,0,0
57.210534,1,-16,-5,-3,-1,-3,-1,6,0
57.212118,-2,24,-1,5,2,0,-1,1,0
57.212137,0,21,0,1,-1,-1,-1,-1,0
57.233056,-11,-41,13,-1,-4,-3,-2,-6,0
57.233072,10,4,-6,-3,-2,1,2,4,0
57.235072,6,-12,-8,-5,-1,-1,0,-3,0
57.235080,0,4,-2,0,2,1,0,2,0
57.246825,-24,-1,6,2,-1,-1,-2,-5,0
57.246854,-1,9,9,2,-2,0,0,2,0
57.256995,-2,-14,3,2,-1,-1,1,3,0
57.257006,16,-24,-28,-12,-4,-3,-2,0,0
57.273594,-3,45,12,1,1,-1,0,-2,0
57.273605,5,-45,18,8,2,-1,-2,1,0
57.273608,-9,39,24,1,0,-1,-2,-2,0
57.273610,-1,-6,-8,0,0,-1,-2,1,0
57.293783,1,-16,-7,-2,-3,-1,-2,-2,0
57.293815,0,-6,-9,-1,2,-1,1,2,0
57.295900,1,-2,-6,-1,0,-2,-3,-3,0
57.295905,-5,7,9,-1,-1,-1,-1,-5,0
57.306714,0,-15,-13,-8,-4,-1,-1,1,0
57.306734,2,14,8,1,-1,1,-1,0,0
57.318086,6,7,18,0,-2,0,0,-1,0
57.318092,-1,-1,-1,0,-1,-1,-2,-5,0
57.330567,-5,2,-3,-5,0,1,-1,-1,0
57.330589,-3,7,-9,0,-2,-3,-4,-3,0
57.333215,-6,-11,-7,-2,-1,0,0,0,0
57.333220,0,3,7,2,-1,0,1,2,0
57.353061,4,-6,-1,0,-1,-2,-2,0,0
57.353077,-4,4,3,-2,-3,-1,-1,0,0
57.355206,2,12,-9,-2,-4,0,-2,0,0
57.355218,-12,-33,10,-7,-4,-1,0,-3,0
57.366521,6,-9,13,13,3,1,1,-1,0
57.366544,-1,12,-28,-5,0,-3,-1,-1,0
57.376787,6,11,16,-1,1,-4,-2,-2,0
57.376794,-16,3,-2,3,3,0,1,-1,0
57.390731,-3,-1,-9,-9,-3,-1,-2,-2,0
57.390755,1,-15,-4,-2,-1,0,0,2,0
57.392383,-2,-8,-15,-2,-3,0,-1,-3,0
57.392394,0,14,1,-1,0,1,-3,-2,0
57.413100,3,-11,0,1,-1,-3,0,-1,0
57.413116,-2,11,3,-2,-1,0,0,0,0
57.414492,-3,-9,-7,-1,-1,-1,-1,-1,0
57.415424,1,3,-17,-1,0,1,-1,1,0
57.426533,-5,1,1,-2,-2,-1,-2,-3,0
57.426554,11,-41,10,-1,0,-1,-1,1,0
57.441526,-11,16,-2,3,2,0,0,-1,0
57.441541,-1,4,-18,-10,-1,-1,0,1,0
57.450839,4,23,6,11,2,1,0,-2,0
57.450868,-5,-2,1,-2,-3,-2,0,2,0
57.452368,0,-22,-9,-3,-3,-1,0,0,0
57.452372,2,9,5,3,-1,0,-2,-1,0
57.474032,-5,-13,-9,-5,-1,1,-2,-1,0
57.474039,-1,10,-5,2,-1,1,-2,0,0
57.474545,1,-9,1,-7,-3,-1,1,0,0
57.474557,-2,-17,14,3,-4,-3,-1,-1,0
57.489023,-1,46,6,-1,0,-2,0,-1,0
57.489029,-3,7,3,4,3,1,-2,-1,0
57.497995,2,3,2,3,1,-1,0,0,0
57.498001,8,-40,0,-2,-3,-2,-2,-1,0
57.510929,-11,9,-9,-4,-3,-2,-2,2,0
57.510959,-4,9,12,-1,-1,0,0,-2,0
57.512400,-5,2,-8,-2,-1,-3,-3,-2,0
57.512403,6,3,3,-1,-2,-3,0,0,0
57.534962,4,-16,-7,1,-1,0,-1,-1,0
57.534968,-3,10,-4,-14,-2,-1,-1,-2,0
57.534970,5,30,-24,7,-1,-2,-3,-3,0
57.534972,-2,-26,22,8,6,3,0,1,0
57.547066,-9,-15,-4,-4,-5,-3,-2,-3,0
57.547096,-4,13,16,-3,0,-3,-2,-8,0
57.555631,8,-4,-11,-5,-2,-1,0,1,0
57.555647,2,20,-10,-1,0,-1,-1,-2,0
57.570847,1,-9,2,-3,-1,-2,0,-1,0
57.573544,-2,-13,-13,2,-1,-1,0,2,0
57.573551,-15,-14,1,-3,-1,0,0,-2,0
57.573554,-1,21,0,0,0,0,-1,-1,0
57.593632,-1,-19,6,-2,-1,-1,-2,0,0
57.596210,8,-9,-18,-5,-3,-2,0,0,0
57.596217,1,42,24,9,1,-1,0,-2,0
57.596219,-5,32,18,-1,2,-1,-1,-3,0
57.615744,2,-12,-6,0,-1,-3,-2,-1,0
57.615897,-13,10,-1,1,-1,0,-1,1,0
57.618302,10,-45,-27,-10,-5,-1,-1,0,0
57.618306,-16,2,-5,4,-3,-2,-2,-2,0
57.630440,5,15,5,4,4,1,1,1,0
57.630459,6,-19,-15,-4,-3,-2,0,-1,0
57.631995,-17,-23,11,-1,-1,-1,0,-3,0
57.632043,3,6,-11,-3,-2,-3,-1,1,0
57.653647,5,-10,-4,-6,0,0,-1,0,0
57.653675,-3,2,6,6,-1,0,-1,-1,0
57.656642,-1,-1,0,-5,1,1,-2,0,0
57.656651,9,35,-9,-2,-3,0,0,-1,0
57.675424,-1,-27,1,1,0,0,-2,-2,0
57.675445,0,-11,3,-2,-3,-1,1,-3,0
57.677067,-5,-10,-5,4,1,1,-2,-8,0
57.677089,-2,-17,-15,-6,-1,-1,-1,4,0
57.690437,-2,-9,-12,-2,-2,-1,1,-1,0
57.690454,-1,14,-1,-1,-1,0,0,0,0
57.692091,7,1,-3,-1,-1,-2,-1,1,0
57.692155,3,-14,6,3,1,0,1,-2,0
57.713656,-8,11,6,-2,-2,-2,-1,-3,0
57.713693,1,-10,2,3,0,-1,-1,0,0
57.716030,-13,43,10,2,-1,-2,0,1,0
57.716034,2,-22,-7,-10,-2,-1,-1,-1,0
57.735487,3,7,6,5,-2,-2,-2,0,0
57.735500,-2,5,5,4,1,0,0,-2,0
57.736836,-1,-32,-5,-3,-2,-3,-2,-5,0
57.736848,-2,-5,0,-1,0,-1,-1,-1,0
57.749702,-2,2,-3,-4,-1,-1,-1,-1,0
57.749725,2,-6,0,2,1,-1,-2,-1,0
57.756797,13,10,-5,-5,-1,0,0,0,0
57.756814,-26,5,10,3,0,-1,-1,0,0
57.773479,1,-4,-7,-8,-3,-1,-2,-2,0
57.773496,-5,-5,2,2,0,-1,-2,1,0
57.775214,-1,-1,-3,-1,-1,-1,-1,0,0
57.775220,6,7,4,1,-1,-1,-2,-1,0
57.796169,0,-22,-9,3,2,0,2,-1,0
57.796174,-4,29,14,-3,-2,0,-1,0,0
57.796972,1,-11,4,-1,-2,0,0,0,0
57.796985,-2,-5,-10,-4,0,-2,-2,-2,0
57.811570,-2,19,10,3,0,-2,-2,-1,0
57.811575,4,-14,-2,-2,0,-2,-2,-3,0
57.826159,0,-15,-6,-1,-1,0,-1,-1,0
57.826163,-4,23,0,0,-4,-2,-3,-4,0
57.832964,2,4,8,-1,-2,1,1,0,0
57.832985,3,1,6,2,1,-1,-2,-4,0
57.834572,-7,3,-1,-1,-3,-1,-2,2,0
57.834583,2,-14,-11,-2,-2,-1,-2,0,0
57.855751,0,-4,-3,-1,0,-1,-1,-1,0
57.855757,0,19,-3,-1,-2,0,0,0,0
57.857102,-5,-34,-17,-6,-4,-2,-1,-1,0
57.857123,11,4,6,4,1,1,0,-1,0
57.872697,-2,-5,-3,1,0,-1,-2,-1,0
57.872703,-1,-8,-3,-5,-2,-1,-1,0,0
57.877085,-1,4,-10,0,0,1,-1,0,0
57.877107,-3,-8,13,-1,-2,-3,-2,-4,0
57.893720,2,-6,5,2,-1,-2,-1,0,0
57.895204,-13,-10,3,0,-3,-2,0,-2,0
57.895208,0,-4,-5,0,1,-1,-1,-4,0
57.895211,0,21,8,-1,-3,-2,-2,0,0
57.915561,8,29,-6,-2,-1,0,-1,0,0
57.915587,-2,-93,-26,-6,-2,-2,-1,1,0
57.917975,-10,95,30,7,2,0,1,-1,0
57.917982,5,-2,-3,2,0,-1,-1,-1,0
57.930503,10,2,1,-6,-5,-1,-1,-1,0
57.930541,-1,15,-3,-2,1,0,0,0,0
57.936529,0,-22,-3,-5,-2,-2,-2,0,0
57.936546,-2,-11,-5,0,0,1,0,0,0
57.954018,-8,17,-6,1,-1,-1,0,0,0
57.954037,1,-12,-8,-5,-2,1,-1,-3,0
57.956801,1,-19,4,-4,-4,-1,-1,-1,0
57.956807,3,29,-31,-3,-2,-4,-1,1,0
57.975570,-7,-57,26,5,0,-1,-1,-2,0
57.975592,0,21,2,-1,-3,-2,-2,-3,0
57.977241,2,-15,-9,-1,1,-1,0,-1,0
57.977286,10,4,3,-1,-4,1,1,1,0
57.989998,-20,2,-15,-5,1,-2,1,-1,0
57.991373,-1,17,3,2,1,-1,-2,-2,0
57.996851,-3,-10,-1,-2,-3,-1,-1,-1,0
57.996872,1,-11,3,0,1,-1,-2,-1,0
58.013150,3,2,-6,-4,-2,0,-1,-1,0
58.013434,-2,13,-7,-4,-2,-2,-1,-2,0
58.014524,1,-20,20,2,0,-1,0,0,0
58.014603,-6,17,-6,0,1,-1,0,-3,0
58.035825,3,20,9,0,-2,-1,0,2,0
58.035852,5,5,-5,-4,0,-1,-2,0,0
58.037813,-19,3,-4,-2,-1,-1,0,0,0
58.037820,2,-35,-7,-2,-1,0,-1,-2,0
58.049881,10,14,-3,-2,-2,-2,-2,-4,0
58.049904,-3,-9,-2,1,-1,-1,-1,1,0
58.058650,-9,-20,-18,-1,0,-1,0,-2,0
58.058656,-9,-4,19,1,0,1,0,-1,0
58.073608,-1,-8,-16,-5,-1,-2,-1,0,0
58.073615,2,7,9,3,-1,-1,-1,0,0
58.074663,8,24,12,0,-1,-2,0,-2,0
58.074678,-3,-6,5,-3,-4,-2,0,-2,0
58.096378,-4,-27,-6,-1,-2,-3,-3,0,0
58.096399,-4,-8,4,2,-4,-4,-2,-3,0
58.098289,1,-8,-8,-9,1,0,0,2,0
58.098294,0,7,-5,3,-2,-1,-1,-1,0
58.109231,-1,6,-1,-1,-1,-2,-1,-3,0
58.109247,-4,-13,2,1,1,1,0,-1,0
58.120517,7,0,-3,-2,0,-2,-2,-2,0
58.120523,1,-36,-6,-7,-1,0,-1,0,0
58.133411,0,46,1,0,0,-1,-1,-1,0
58.133439,-4,44,13,0,-1,-2,0,-3,0
58.135584,2,-6,0,0,-1,-1,-1,-1,0
58.135631,-10,12,17,1,1,-2,-3,-3,0
58.155562,-5,-34,-21,-3,-4,-1,-2,-2,0
58.155580,4,6,0,-3,2,1,0,1,0
58.157338,16,1,2,1,0,-1,-1,-1,0
58.157346,-10,-8,-4,0,-2,-1,-1,-1,0
58.169523,0,17,6,-3,-3,-2,-1,-2,0
58.169543,-8,-45,-6,0,1,-2,-2,0,0
58.179222,-4,-19,11,3,-1,1,0,-2,0
58.179235,5,5,-4,-1,-2,0,0,-2,0
58.193293,-3,0,9,-3,0,-1,-1,-1,0
58.193316,2,17,-12,-3,-1,-3,1,0,0
58.195720,-1,0,0,2,-1,-1,-3,-3,0
58.195723,0,-10,-23,0,1,0,-1,0,0
58.215463,-4,-2,31,3,2,1,-1,2,0
58.215476,3,-1,-11,-4,-4,-1,0,0,0
58.216930,-3,0,-12,-3,-3,-2,-1,0,0
58.216949,-3,22,15,-1,-2,-1,1,0,0
58.231364,-4,-14,-20,-1,-1,-1,-1,-1,0
58.231371,0,-5,-12,-5,-1,-1,-1,1,0
58.239907,-2,-2,19,3,-2,-1,-2,-1,0
58.239914,-4,-14,-5,1,-1,-1,-1,0,0
58.253325,-2,-66,-18,-4,-1,-1,0,-1,0
58.253355,7,73,19,3,-1,0,-1,-3,0
58.255613,7,6,-11,-5,-3,-1,-1,-1,0
58.255620,-3,0,-5,-1,1,-1,1,2,0
58.277174,-3,10,-1,1,-1,-1,-3,-2,0
58.277182,-5,-33,1,3,0,-1,-2,1,0
58.277185,0,-1,-17,-3,0,-1,-1,0,0
58.277187,6,32,9,-3,-4,-3,-2,-1,0
58.289173,-2,-16,-5,-3,-4,-3,-1,-2,0
58.289195,-7,-11,-5,0,-3,-1,-1,-2,0
58.299662,7,11,8,1,0,-2,-3,-2,0
58.299668,-13,-14,-2,-2,1,-2,0,1,0
58.312990,6,19,1,-2,-1,0,-1,1,0
58.313008,-5,-37,-5,-2,0,1,3,-2,0
58.314435,2,17,-5,3,-1,1,-1,0,0
58.314442,-18,-1,-6,-2,-3,-1,-2,-4,0
58.337649,10,16,8,2,0,0,-1,0,0
58.337656,-5,-3,-11,-3,0,-3,-3,-2,0
58.337659,-2,-14,-5,-4,-2,0,0,1,0
58.337660,6,-8,-1,-1,-1,-1,-3,0,0
58.349235,-12,-20,-29,-4,-2,1,1,-2,0
58.349258,6,29,27,1,0,-1,-1,-2,0
58.368559,-13,-12,-1,-2,-3,-1,0,-2,0
58.368565,10,4,3,-3,-2,-1,0,0,0
58.373410,2,10,11,-6,-4,-1,-2,-1,0
58.373787,2,29,-13,4,-3,-1,-1,-1,0
58.374704,0,-2,2,2,2,-1,-1,1,0
58.375856,-2,-20,19,3,2,-1,-1,-1,0
58.395603,-2,-13,-9,0,0,-2,0,-1,0
58.395621,-4,4,-9,-5,-2,-3,0,0,0
58.396923,6,13,1,-2,-3,-1,-1,1,0
58.396931,2,-24,-10,0,1,0,-1,1,0
58.409115,-3,57,20,0,1,0,-2,-3,0
58.409131,8,-25,-1,-3,-1,-1,-1,0,0
58.419608,-14,-6,-14,-3,-2,-2,-1,-1,0
58.419613,-1,12,-2,-4,-1,0,0,-1,0
58.432939,4,-4,-5,-3,-1,-2,0,2,0
58.432952,-3,-6,-1,0,0,-2,-1,-2,0
58.434736,1,13,-4,-1,-1,1,2,1,0
58.434798,6,-18,-8,-5,-1,-1,-1,0,0
58.455785,-7,-8,-3,0,0,-2,0,-1,0
58.457799,-7,16,16,0,-2,0,0,-1,0
58.457807,5,-13,-3,-3,0,-2,0,-3,0
58.457809,0,14,0,0,-2,-1,-1,1,0
58.469067,6,-10,-3,0,-3,-3,0,-1,0
58.469089,-5,-17,-11,-6,-3,-1,-1,3,0
58.478398,-9,10,-1,-1,-2,-1,-2,-2,0
58.478407,1,-12,13,0,2,0,-1,-2,0
58.494304,0,-1,3,-1,-4,-2,-2,-1,0
58.494309,2,-2,-2,3,3,0,-2,0,0
58.494509,1,-6,7,-5,-1,0,0,-2,0
58.494588,-2,9,-15,5,-2,-2,-1,-1,0
58.515801,2,-3,-2,0,-1,-1,0,1,0
58.515828,3,-13,-12,-3,-2,-2,0,-1,0
58.518004,3,7,37,3,0,0,-1,-1,0
58.518008,-4,11,-1,-4,0,-2,0,0,0
58.529327,-1,-11,-2,3,2,-1,-2,-3,0
58.529356,2,9,3,-2,-2,0,1,1,0
58.540700,-5,2,-19,-1,-2,-2,-3,1,0
58.540712,2,-32,-1,-4,-4,-4,-2,-4,0
58.553255,0,33,14,4,-1,0,0,0,0
58.553283,-5,-1,-1,-3,-2,0,-1,0,0
58.556096,0,-13,-7,-1,-1,1,-2,-2,0
58.556106,3,11,-3,-1,-2,0,-1,-2,0
58.575559,-5,-14,-3,-2,-1,-2,-2,-2,0
58.575612,-8,-40,-14,-2,-1,-2,-3,-2,0
58.577008,7,5,13,1,1,-2,-1,-1,0
58.577033,0,6,7,-2,1,-1,-1,-2,0
58.598187,-3,-3,-10,-1,-2,-1,-1,-1,0
58.598215,-2,16,8,0,-2,-1,-2,-4,0
58.599904,-1,-15,-9,-1,-2,-2,-2,0,0
58.599908,-12,10,9,0,-3,1,-2,-2,0
58.613100,1,2,-1,-3,0,-2,-2,-1,0
58.613122,3,8,5,3,0,-1,-1,1,0
58.615154,-3,4,-8,-2,2,0,-1,-4,0
58.615158,1,-5,9,7,-1,-1,0,-1,0
58.635432,-3,11,-2,0,-2,1,0,1,0
58.635445,0,-2,12,0,-1,-1,-1,-1,0
58.636918,-3,-4,-7,-1,-2,-2,-1,-1,0
58.636985,-1,0,-5,-7,-4,-2,-2,-1,0
58.658115,4,-2,2,-1,-2,-2,1,-1,0
58.659724,-3,0,-4,2,2,-1,-2,-2,0
58.659731,-5,0,6,-2,1,-1,-2,-3,0
58.659733,7,6,-9,0,1,-1,0,3,0
58.673349,0,-9,-5,-3,-2,-3,-3,-4,0
58.673367,-2,-2,-5,-3,0,-2,-1,-1,0
58.674746,4,21,0,-2,-4,-1,0,0,0
58.674751,5,-40,-14,-3,-1,-1,-2,-1,0
58.697047,-13,6,30,7,1,2,-1,-1,0
58.697052,-5,14,-3,-3,-2,0,0,-3,0
58.697055,1,9,3,3,1,0,-2,-1,0
58.697096,4,-21,1,-4,-2,0,0,-1,0
58.718738,3,7,0,0,1,0,-1,0,0
58.718751,1,-2,-6,-4,-3,-3,-2,-1,0
58.720570,-5,-20,-1,-1,-1,0,-1,0,0
58.720574,-7,15,-6,-2,-6,-1,-1,1,0
58.732601,6,-13,-5,-5,-3,-1,-1,2,0
58.732620,0,-4,5,-7,1,0,-1,-3,0
58.739226,-10,3,4,10,-1,-2,1,-2,0
58.739273,-1,-9,-8,-2,1,-1,0,-2,0
58.755567,-5,6,-12,-4,-4,-4,-2,1,0
58.755594,8,-3,9,1,1,0,0,-1,0
58.757057,4,10,3,-5,-1,-2,-1,-2,0
58.757070,-6,-16,-8,-1,-3,-3,-3,0,0
58.778203,0,29,28,3,2,0,2,-1,0
58.778225,-1,-25,-5,-4,-6,0,0,0,0
58.779725,-7,4,10,1,0,-2,-3,-1,0
58.779829,3,5,-1,3,3,1,0,0,0
58.792254,-4,-9,-17,-6,-1,-1,-2,0,0
58.792270,-4,4,2,1,-1,-2,1,0,0
58.799267,4,-13,-7,-3,-3,-2,-1,-1,0
58.799312,3,23,0,-3,-2,-2,-1,-2,0
58.815490,6,-23,-7,-1,0,-2,0,-1,0
58.815511,-11,10,3,-2,-3,-3,-2,0,0
58.817426,10,-11,-6,-2,-4,-1,0,1,0
58.817430,-3,15,10,-1,2,-1,-2,-3,0
58.837953,3,-6,-2,-1,-1,0,-1,-2,0
58.837972,0,11,-12,0,-2,0,0,-1,0
58.839707,-1,-19,-5,-2,1,-2,0,1,0
58.839724,-6,-5,0,0,-2,-2,-1,1,0
58.854099,0,7,2,-4,-1,-2,-3,-2,0
58.854104,4,-2,2,4,2,-1,-1,-1,0
58.859115,-4,8,-7,-6,-2,1,-1,-2,0
58.859135,-5,-2,-5,0,-2,0,-1,1,0
58.875498,0,-22,-16,-1,-2,-3,-1,-2,0
58.875520,-7,7,7,2,-2,-2,-1,-1,0
58.877171,-11,-5,-1,-2,-1,-1,0,3,0
58.877196,3,14,4,2,-1,-2,-3,-2,0
58.898686,4,10,-9,-3,-2,-1,0,-1,0
58.898714,0,-20,2,2,1,0,0,-1,0
58.900766,1,9,3,-1,1,0,-3,1,0
58.900770,2,-13,-2,-6,-1,-1,0,-1,0
58.912478,-6,4,-7,-3,-3,-1,-2,-1,0
58.912499,4,0,3,2,2,-1,-1,-1,0
58.919533,-7,10,-5,2,-1,-2,1,-1,0
58.919556,1,2,-5,-2,-4,-2,0,-1,0
58.935639,-2,-14,3,3,0,0,1,-3,0
58.935659,6,22,4,-4,2,0,-3,0,0
58.944070,-16,-21,-8,-4,-2,-1,-2,-2,0
58.944078,3,14,6,3,0,-1,-2,-2,0
58.958272,-5,-10,2,-1,-2,-2,-2,-3,0
58.958287,1,-3,-18,-6,-7,-3,-1,1,0
58.959570,1,-13,3,-1,-3,-1,-1,-2,0
58.959574,1,15,15,1,3,0,1,0,0
58.972666,-1,-17,-21,-3,0,-1,-2,1,0
58.974375,-4,7,6,3,0,-2,-2,-2,0
58.979071,3,3,4,-2,-1,-1,-2,-4,0
58.979093,0,-7,2,-2,-1,-2,-1,0,0
58.995373,-7,-44,-6,1,0,-1,-1,0,0
58.995392,-2,52,2,-2,0,-2,0,-4,0
58.996913,1,-10,-4,-1,-2,0,0,0,0
58.996926,-1,2,8,0,-3,0,0,-3,0
59.018179,-1,6,1,2,1,0,-1,0,0
59.018207,-3,-18,-10,-1,1,0,-2,-2,0
59.021483,10,8,0,0,1,0,-2,-1,0
59.021489,3,-9,-10,-3,-3,0,0,1,0
59.032748,6,19,13,-1,-3,-1,0,1,0
59.032770,-15,-15,-6,-5,-4,1,0,-1,0
59.039414,-2,2,-8,-1,-1,0,0,0,0
59.039462,4,-13,-3,0,-1,-1,-1,-2,0
59.056619,3,3,6,0,-2,0,-1,-1,0
59.056626,-1,-2,-7,-1,-3,-2,-1,-1,0
59.057040,-8,-5,5,-5,-1,-1,-1,-1,0
59.057055,-2,38,10,9,1,-1,-1,-1,0
59.087743,0,-11,6,0,0,-1,-1,1,0
59.087757,5,-7,1,0,-1,0,-1,-2,0
59.087761,0,5,-5,-3,-3,-1,-1,-1,0
59.087763,-6,-10,-3,-1,-2,0,-1,-1,0
59.091712,-2,25,4,0,1,-1,-2,-1,0
59.091727,1,-21,-7,1,-1,-1,-1,1,0
59.102479,7,6,-4,-2,-2,-1,0,1,0
59.102485,-8,-1,1,-4,1,-1,-2,-3,0
59.116220,-1,28,13,0,-1,-1,1,1,0
59.116257,-10,-38,3,0,0,0,-2,-3,0
59.118309,6,8,-1,0,0,0,-1,-3,0
59.118315,-22,-10,-5,-1,-2,0,0,0,0
59.138178,-2,-1,-4,-2,-2,-1,-2,2,0
59.138201,5,12,3,-1,-3,-1,0,0,0
59.140841,1,4,-4,-2,-1,-2,0,0,0
59.140901,1,-26,9,3,4,-2,0,-1,0
59.151462,0,10,-16,-1,-3,-2,-1,-3,0
59.151468,-5,-3,11,2,3,-1,-2,-1,0
59.162600,-2,-16,-6,-2,-3,-1,-1,-1,0
59.162606,6,14,-14,-4,-4,0,-1,2,0
59.175705,0,12,-3,-3,-1,-1,0,-2,0
59.175727,5,-12,3,0,-1,0,-2,0,0
59.177678,-7,-2,0,-2,-3,-2,-2,1,0
59.177685,-1,-26,-31,-1,-1,-2,-2,-1,0
59.197905,-2,42,25,3,0,0,-2,-2,0
59.197921,18,0,-6,-3,-4,-3,-1,-1,0
59.199526,-9,-4,9,4,1,1,-2,-1,0
59.199608,-5,5,-12,-5,-2,-1,-1,1,0
59.211582,-2,-25,-3,2,1,0,-2,-2,0
59.211622,-7,7,-9,-5,-3,-1,-1,1,0
59.222787,8,-5,5,2,0,-1,-1,0,0
59.222795,8,16,6,0,-3,-1,-1,0,0
59.235574,-7,-24,-10,-11,-1,0,-1,-1,0
59.235595,7,28,-7,8,2,-3,1,1,0
59.238068,-2,-25,-5,2,-1,0,0,1,0
59.238075,-15,4,-6,-6,0,1,-3,-5,0
59.265594,2,-1,9,-3,-2,-1,1,0,0
59.265616,-8,-19,-3,-1,0,-1,0,2,0
59.267479,17,12,5,-2,0,-1,-1,-1,0
59.267482,-11,4,-3,-1,-1,0,1,-1,0
59.271986,2,-20,-8,1,0,0,0,0,0
59.272017,-2,3,-7,-5,-2,-2,-1,0,0
59.281793,-8,2,3,4,-2,-2,0,-1,0
59.281797,2,-9,11,-1,0,-1,0,-2,0
59.295496,2,5,-2,-1,-1,-1,-1,-3,0
59.295516,2,0,3,-1,0,1,-2,0,0
59.297007,-4,-8,-10,-4,0,-3,0,-1,0
59.297014,7,-13,-17,1,0,0,-1,1,0
59.319711,1,38,10,0,-3,-3,-2,-2,0
59.319715,-11,-6,13,2,1,0,0,-2,0
59.319718,-3,-11,-12,-2,-1,-1,-3,0,0
59.319719,2,0,0,-3,-3,-2,0,-2,0
59.332026,-2,-13,-13,0,-2,-1,0,0,0
59.332054,4,-36,-10,-12,-4,-2,-2,-2,0
59.340546,-8,30,44,14,4,2,0,-2,0
59.340563,-2,6,6,1,0,-2,0,0,0
59.355627,4,-6,1,1,2,0,-1,1,0
59.355644,1,0,-3,0,-2,0,-1,0,0
59.357387,-5,-15,-16,-9,-5,-1,-1,0,0
59.357401,6,5,2,-3,-2,-1,-1,-1,0
59.385913,-1,-7,5,3,-2,1,-1,-3,0
59.385932,2,-6,-14,-5,0,1,-3,1,0
59.387916,-8,20,-2,0,0,-1,-1,-3,0
59.387928,11,9,-1,3,0,-1,-2,1,0
59.391744,4,-35,-6,-4,-1,-2,-1,-1,0
59.391770,0,42,11,5,2,0,1,0,0
59.400433,-3,-7,-11,-1,1,1,0,-1,0
59.400618,-17,-6,9,-3,-3,-1,-1,-3,0
59.415962,-7,-18,-6,-4,-2,-1,0,-1,0
59.415981,-2,1,-1,-1,-4,-3,0,-1,0
59.416921,11,-1,5,0,0,-1,-2,0,0
59.416934,3,10,-3,-10,-2,-1,-1,-1,0
59.438094,-9,1,-9,10,2,1,-3,-2,0
59.438119,1,-7,4,0,-2,-1,-1,0,0
59.440126,2,17,-7,-6,-5,-3,1,0,0
59.440131,5,-4,8,4,0,-1,-3,0,0
59.451812,-3,20,7,-5,0,-1,0,0,0
59.451921,-4,-14,6,0,-2,0,0,-2,0
59.460983,-2,-21,-10,0,-1,-1,-2,1,0
59.460990,10,6,-9,-5,-2,-1,-2,-1,0
59.475425,-5,1,8,-3,-2,-1,0,-1,0
59.475435,1,-9,-12,-1,-1,-1,0,-2,0
59.477114,-2,1,18,-2,0,1,-1,-1,0
59.477128,-1,-8,4,3,-1,0,0,-1,0
59.497920,-15,-5,-10,-2,-2,-1,-2,0,0
59.497942,12,2,-1,-4,-1,-1,-2,-4,0
59.500316,-2,-5,-8,-6,0,-2,0,-2,0
59.500320,-1,16,-2,1,0,0,-1,1,0
59.520069,7,4,5,1,-1,-2,-2,-2,0
59.520096,-3,12,-5,-2,-1,-2,-1,-2,0
59.528094,2,13,3,-1,-2,-1,-2,-2,0
59.529836,-13,-17,3,-2,-1,-1,0,2,0
59.535847,2,-7,-5,2,0,0,-2,0,0
59.535864,0,1,6,1,-1,-1,-2,-1,0
59.538608,10,-5,-8,-3,-4,-1,-2,-1,0
59.538614,1,9,-2,-8,-3,-1,1,-1,0
59.558030,-4,-23,2,6,-4,-3,-3,-2,0
59.558044,-4,1,1,6,3,1,1,1,0
59.559507,-1,-3,2,-3,-2,-1,-2,-2,0
59.559531,-1,4,-13,-2,-2,-1,-1,-1,0
59.588045,-1,-6,25,-4,-3,-2,-1,-4,0
59.588070,-5,6,-1,-5,-3,-4,-3,1,0
59.589611,-3,22,-2,2,2,1,0,0,0
59.589635,-3,13,-1,-1,1,0,-1,-2,0
59.596134,3,-17,-6,-3,-1,0,1,0,0
59.596162,0,2,-4,-2,-3,-1,-1,-1,0
59.598309,-1,-25,0,-3,-1,-3,0,0,0
59.598313,5,9,2,2,0,0,-1,-3,0
59.617896,-18,0,-5,-5,-2,-1,-1,0,0
59.617910,-1,-5,1,-1,-1,-1,0,-2,0
59.619677,-3,-3,-4,-3,-3,-2,-1,-1,0
59.619798,3,-14,2,3,-3,-2,-2,-1,0
59.640490,9,8,-17,-5,-3,-2,-2,1,0
59.640533,6,-12,11,1,1,1,1,0,0
59.642463,-16,10,0,1,0,-1,-4,-5,0
59.642512,0,-20,16,3,-1,1,0,-1,0
59.663073,0,38,-5,-2,-2,0,-1,-2,0
59.663093,0,0,-8,-10,-1,-2,-2,0,0
59.664391,2,1,-10,6,-3,-2,-2,0,0
59.664407,-7,-9,4,0,-2,-1,0,-2,0
59.678365,5,-11,2,-4,-1,-1,-3,-1,0
59.678371,-3,10,-5,-1,-2,0,-2,-2,0
59.679532,2,15,5,-1,3,-2,-1,-1,0
59.679557,4,-27,2,-1,0,-2,-2,1,0
59.700640,-5,-16,-8,0,-2,-1,0,-2,0
59.700668,-3,-2,-3,-2,0,-1,0,0,0
59.701985,-4,2,2,-3,-3,1,1,-2,0
59.702017,6,16,2,3,-1,-1,-2,-1,0
59.714799,10,-27,-1,0,1,-1,1,1,0
59.714821,-7,37,10,1,-1,0,-1,0,0
59.721535,0,-17,-17,-3,-1,-1,0,-3,0
59.721553,-5,-2,1,-4,-2,0,1,1,0
59.738393,-2,3,-3,-1,0,-1,0,-1,0
59.738421,-1,-45,-14,0,-2,-1,-2,1,0
59.740828,13,53,20,-1,-4,-3,0,-2,0
59.740836,-16,-11,-8,-5,-5,-2,-2,-4,0
59.760556,-3,1,-1,-3,0,1,-2,0,0
59.760583,-5,6,4,1,-1,0,-1,-1,0
59.762092,7,-30,-9,-1,0,-2,-2,1,0
59.762108,5,4,-14,-2,-1,-1,-3,-2,0
59.774848,8,39,15,4,0,-1,-1,0,0
59.774867,-1,-18,-8,1,0,0,-2,-3,0
59.781819,-12,-6,1,-1,-2,-2,-2,-1,0
59.781841,-3,3,1,1,1,0,1,-2,0
59.798119,2,-13,-10,-1,0,-1,0,3,0
59.798148,2,8,2,-8,1,-1,-2,-4,0
59.799799,-2,-12,-2,5,-1,0,1,-1,0
59.799807,-2,6,-1,-1,-1,-1,-1,0,0
59.820453,-5,-4,-3,-3,-4,0,-2,-4,0
59.820472,3,-4,-5,3,2,-1,0,0,0
59.822192,-8,-24,-6,-3,-1,0,-2,-2,0
59.822213,3,12,13,2,1,-3,-3,1,0
59.834932,-5,6,-8,0,-2,-1,-1,-1,0
59.834945,-2,0,-14,-6,-5,-3,-3,0,0
59.841589,4,1,32,1,0,0,0,2,0
59.841614,-9,-9,-6,-2,-2,-1,-1,0,0
59.858232,-2,21,-5,0,1,-2,-1,-3,0
59.858248,-5,12,9,1,-2,0,0,-1,0
59.859551,1,-2,-7,-3,-2,-3,0,1,0
59.859616,-1,5,-1,-1,0,-2,0,1,0
59.880490,0,-17,0,-4,0,-1,-1,0,0
59.880498,-4,-6,3,1,-3,-3,-2,-1,0
59.882749,0,-1,-16,-3,-1,0,0,-1,0
59.882761,-1,-11,16,1,3,1,-1,-1,0
59.894878,5,-2,-3,1,-1,0,-2,-3,0
59.894884,-1,-7,-5,2,0,-1,0,-4,0
59.901910,-5,-8,-5,-5,-4,-1,-1,1,0
59.901937,1,-9,-3,0,-5,-3,-2,-1,0
59.918236,3,9,-5,0,2,0,0,2,0
59.918264,1,4,8,-3,-2,-1,-1,0,0
59.920424,-1,-5,-4,1,-1,0,0,0,0
59.920429,-4,9,-3,-1,0,-1,-2,-3,0
59.940892,-2,10,13,2,2,0,0,-2,0
59.940901,-6,-24,-1,0,-2,-1,0,0,0
59.941903,-7,-9,-16,-6,-2,-3,-2,-1,0
59.941911,19,8,-3,-3,-2,0,-1,1,0
59.956600,-15,7,3,2,-1,-2,-1,-3,0
59.956612,1,-13,-8,-3,0,0,-2,-3,0
59.961951,-1,2,4,-2,0,-1,-2,-4,0
59.964500,-6,-8,-2,-3,-2,0,1,-2,0
59.978189,1,-2,1,-3,-3,-1,-1,2,0
59.978220,-2,7,-6,-3,0,-2,-1,-1,0
59.979479,2,0,-8,-3,-2,1,0,1,0
59.979496,1,-35,-9,1,1,-2,-1,0,0
60.000312,-5,42,18,2,1,-1,-2,-3,0
60.000340,0,3,-8,-1,-1,0,1,3,0
60.002566,-8,3,-1,0,-1,-2,-2,-2,0
60.002570,-2,9,-2,-2,0,0,-1,-1,0
60.022500,-1,-24,-7,0,-2,-2,-2,3,0
60.022522,2,6,8,2,-1,-2,-4,-4,0
60.022941,4,6,6,1,-1,-2,-1,0,0
60.023031,-2,-7,-7,-2,-2,0,-1,-4,0
60.037769,-6,-15,-4,-7,-4,0,0,-2,0
60.037798,0,20,10,6,0,1,2,0,0
60.039627,4,0,-1,2,0,0,-2,1,0
60.039633,-8,-9,1,0,-2,-2,1,0,0
60.060057,6,-6,-2,-7,-2,-2,1,0,0
60.060079,0,12,9,-2,0,-1,-1,-1,0
60.062611,-7,-3,-3,1,0,0,1,-2,0
60.062616,5,7,2,-2,0,1,-1,1,0
60.082349,2,1,-5,-1,0,-1,-1,-1,0
60.082371,0,-2,4,-3,-2,-1,0,1,0
60.082884,-6,2,-3,-4,0,-2,-2,-2,0
60.082901,-4,-4,-4,-3,-1,-2,-2,-1,0
60.097260,-2,5,-4,2,0,0,1,0,0
60.097287,6,-2,-10,0,-2,0,-1,1,0
60.098226,4,-9,14,-2,-1,-2,-1,-2,0
60.098231,-21,6,-3,0,0,-1,1,-3,0
60.119964,2,-8,3,2,1,-2,-2,-2,0
60.119993,-1,-13,-16,-3,-1,0,-2,2,0
60.122685,3,10,6,-3,-1,-1,-1,0,0
60.122694,-1,5,-2,-2,0,-1,-2,-4,0
62.145935,-6,-128,-12,-2,-1,-26,19,16,2
62.146702,-18,23,-1,-2,-2,3,-6,12,2
62.146708,48,36,-5,-4,-2,-5,17,15,2
62.146799,-52,52,20,4,3,4,30,3,2
62.159151,-123,68,9,5,2,11,5,-54,2
62.159168,-5,-64,-30,-5,-19,-15,-7,19,2
62.167622,-34,114,0,-3,30,29,-4,-28,2
62.167647,46,-63,11,6,-10,-6,-11,53,2
62.190691,-79,51,-13,-4,7,28,9,9,2
62.190711,35,94,36,14,-6,-10,6,6,2
62.191508,5,-49,-6,-6,5,17,1,18,2
62.191587,18,-112,-21,-7,0,2,8,9,2
62.205404,65,-9,-6,-3,-4,-23,-23,-29,2
62.205420,-12,49,-5,0,12,56,-3,-3,2
62.206124,-1,-18,-14,-10,-18,-82,-37,31,2
62.206445,-13,127,7,4,2,-10,-3,-69,2
62.219077,-27,-128,-10,-5,-6,6,-11,22,2
62.219090,61,77,-2,-1,2,-31,-18,35,2
62.227406,-56,-60,9,4,-3,43,19,-39,2
62.227434,-94,-67,-24,-4,-1,19,7,1,2
62.250388,41,-39,14,-2,-3,-24,-9,-5,2
62.250395,-15,46,-17,0,6,25,34,-23,2
62.251209,62,52,15,0,-35,-18,-31,30,2
62.251272,-24,70,-10,2,31,7,-8,-20,2
62.265571,57,51,15,-2,-5,18,0,33,2
62.265588,6,67,-4,-5,-4,-3,-2,-52,2
62.266409,-63,-7,-10,-2,0,-6,6,2,2
62.266527,85,-8,-1,-1,-6,-1,-17,1,2
62.279010,89,20,12,-9,-9,-3,-6,4,2
62.279018,24,2,-27,-16,-9,-20,-31,10,2
62.288081,127,127,31,16,7,5,-2,8,2
62.288112,-29,68,7,3,-7,-9,-9,10,2
62.302381,-17,-14,-24,-8,6,9,29,-51,2
62.302401,-23,-28,12,5,-3,35,8,2,2
62.303926,15,61,-4,-4,2,3,-4,6,2
62.303931,-47,-74,-7,-2,-1,66,26,-28,2
62.325745,14,114,8,8,19,92,48,62,2
62.325749,24,19,17,11,5,-39,-19,-28,2
62.326109,-108,24,-24,-3,1,-12,-3,-28,2
62.326115,105,-61,-6,-10,-11,-3,7,1,2
62.348087,-102,-128,-8,3,-5,3,-3,10,2
62.348108,10,54,-1,-3,0,-3,26,22,2
62.350438,-76,-128,6,1,4,19,1,-10,2
62.350442,34,90,-20,-8,-6,-37,8,45,2
62.362491,-5,62,-5,-8,-4,24,-60,-36,2
62.362512,-4,50,-7,-2,-5,-9,7,-31,2
62.364569,93,20,14,9,1,-11,1,-4,2
62.364573,-4,-88,8,0,0,-7,-6,23,2
62.386726,-48,-38,-15,2,-6,-33,19,-23,2
62.386732,-63,17,-9,-4,2,-5,-79,22,2
62.386734,-3,-87,-18,-14,-1,-7,16,16,2
62.386736,30,17,17,6,3,-6,8,-3,2
62.407921,15,3,-2,-2,-5,-4,-4,6,2
62.407940,-32,-43,9,-3,-1,10,11,-13,2
62.410204,19,56,27,8,-13,-3,7,-4,2
62.410211,37,49,-8,2,38,-11,-69,53,2
62.422597,3,115,6,-15,-27,7,8,-42,2
62.422621,-7,-1,-13,3,15,56,20,9,2
62.425013,-27,26,-7,3,-4,-68,7,20,2
62.425021,-78,24,9,3,-3,13,17,-40,2
62.445913,26,66,13,10,5,-9,-9,-17,2
62.445934,-24,-127,-13,-8,-1,0,3,18,2
62.448033,67,7,6,2,9,44,7,-16,2
62.448042,-114,-41,-22,-29,-25,-22,-22,-45,2
62.467866,44,58,3,9,9,-14,-2,-2,2
62.467882,-49,9,3,0,-12,-23,2,-9,2
62.469831,47,-73,4,-1,5,23,-3,29,2
62.469839,26,-9,-13,-6,-8,-12,2,-1,2
62.482641,-61,41,6,-6,-4,-10,-13,1,2
62.482661,56,35,-1,2,3,-2,-2,5,2
62.483295,81,125,8,-5,-3,6,-5,-16,2
62.483309,-99,-11,3,1,-2,-16,44,-1,2
62.505654,-25,25,-14,-2,3,26,3,37,2
62.505671,108,-71,12,6,2,-2,1,-9,2
62.507199,-49,92,0,0,5,19,21,-11,2
62.507207,25,-46,11,5,-29,-17,-43,63,2
62.528203,40,-94,-12,-3,6,-15,14,-9,2
62.528220,-15,33,0,0,-7,0,14,-1,2
62.528605,-82,-25,13,9,14,49,35,-1,2
62.528624,21,76,-11,-1,4,12,35,2,2
62.542928,89,-112,-36,-26,-17,-100,-59,39,2
62.542950,-23,97,5,6,-5,0,-29,-53,2
62.550154,-28,18,-6,-1,-6,1,-12,-8,2
62.550186,2,-61,4,8,12,27,3,-19,2
62.565546,-54,17,8,3,6,22,9,-5,2
62.565575,65,-123,-26,-14,-3,-2,48,9,2
62.567179,18,46,-3,-4,-17,-36,-34,-3,2
62.567187,46,-53,4,2,3,7,-8,28,2
62.588021,-2,56,29,14,2,5,-2,-16,2
62.588037,-15,-76,-16,-13,-9,-10,-7,-3,2
62.588904,-49,75,-8,-1,2,-8,9,-28,2
62.588927,-43,-44,-12,-5,1,1,-16,-18,2
62.603556,-65,23,6,3,14,16,9,19,2
62.603565,-43,17,10,-1,0,0,6,-2,2
62.603569,-37,-32,-26,-11,-5,-8,22,12,2
62.603572,-29,67,16,5,5,-9,5,-27,2
62.625415,19,33,1,3,-5,0,2,-3,2
62.625433,-66,-9,12,11,10,2,2,17,2
62.627342,127,57,27,-1,0,-17,-28,-10,2
62.627353,60,-53,-25,-6,-8,29,33,60,2
62.650340,-33,53,3,7,2,8,-21,-56,2
62.650345,19,24,4,-1,0,49,-15,4,2
62.650347,-10,-80,-16,-9,1,3,0,-11,2
62.650389,35,127,24,3,-7,-58,-7,22,2
62.662951,33,-117,-16,-7,11,13,21,12,2
62.662972,22,30,-7,-9,-19,-30,-45,-18,2
62.665009,-22,28,-7,-1,0,-3,-16,10,2
62.665014,-7,79,25,9,4,5,-11,-34,2
62.686128,8,-91,-10,0,22,9,9,13,2
62.686147,3,40,-4,-7,-11,-51,26,-28,2
62.686611,-85,10,-17,-1,0,44,10,50,2
62.686645,12,10,-5,-5,2,-18,-21,-49,2
62.715856,42,-69,-8,-5,-16,11,-2,5,2
62.715882,48,27,5,6,11,6,3,42,2
62.716387,-67,-92,-10,-1,1,-17,-9,-11,2
62.716405,-3,51,-1,0,0,19,9,-28,2
62.722387,-36,127,16,4,-12,-14,5,-7,2
62.722409,-8,-113,-13,-3,3,8,5,50,2
62.723054,-3,82,4,4,1,-7,2,-32,2
62.723106,81,113,15,5,0,5,-2,8,2
62.746061,-81,-55,-21,-10,-6,-8,-9,0,2
62.746082,-10,119,9,0,8,3,-1,14,2
62.748249,97,-100,-13,-8,-20,-28,-4,10,2
62.748253,40,7,10,13,0,-2,7,20,2
62.768235,-42,109,21,5,-12,2,2,-4,2
62.770746,44,14,-18,-2,34,14,-13,18,2
62.770752,-71,-123,-17,-11,-2,7,22,-7,2
62.770755,-79,30,-13,-12,0,-2,-14,-18,2
62.783079,9,-15,-4,5,-12,-4,29,6,2
62.783107,-7,34,10,1,-11,-30,-15,-10,2
62.785837,71,127,14,8,8,-13,-24,2,2
62.785843,-55,-104,-30,-16,-5,-13,33,-9,2
62.805687,-98,-53,-17,-5,0,35,-4,5,2
62.805709,85,-53,1,-8,-5,25,9,16,2
62.806518,33,-108,-24,-4,-7,-7,-1,8,2
62.806617,-40,66,6,1,-27,-9,-45,28,2
62.828260,-12,14,-2,3,16,-7,-8,13,2
62.829238,-56,-7,14,4,-5,8,15,-44,2
62.829242,106,39,21,2,4,1,-12,-12,2
62.829244,-89,-128,-33,-13,-4,1,-2,-28,2
62.842423,7,19,4,4,-5,-14,-12,-19,2
62.842445,-22,0,15,10,4,0,-16,9,2
62.844922,17,77,6,1,3,13,2,3,2
62.844929,21,66,10,-1,2,-2,22,5,2
62.865791,29,13,0,-8,2,-3,-10,0,2
62.865799,-54,-52,-9,-1,-6,8,-3,-8,2
62.866126,65,124,25,9,6,-1,-3,-14,2
62.866139,-99,-126,-29,-5,-1,-15,-24,-6,2
62.888197,72,98,5,3,6,31,18,43,2
62.888222,18,126,0,-5,-7,27,-6,-40,2
62.890045,-56,24,-8,2,-3,12,20,11,2
62.890051,127,97,19,3,7,-31,-11,-15,2
62.902373,88,-44,-7,-7,-3,-36,-1,22,2
62.902394,-52,42,2,1,2,22,3,-25,2
62.903928,-76,34,15,5,2,-4,-18,20,2
62.903933,-78,-19,-21,-10,7,85,54,-56,2
62.925582,43,89,17,1,-14,-64,-36,11,2
62.925598,50,47,11,2,-5,-31,-10,-2,2
62.928087,6,0,-6,-4,-3,15,-7,4,2
62.928093,11,54,26,13,26,-26,24,38,2
62.947955,-47,-110,-9,-4,-16,28,10,-41,2
62.947971,-7,-103,-19,-4,5,-4,3,28,2
62.950301,-7,-57,3,1,-25,-19,3,-56,2
62.950305,-50,-36,4,7,6,15,-30,30,2
62.971286,18,-47,0,-3,-2,8,18,-47,2
62.971318,7,93,0,-5,-5,-23,-2,20,2
62.973567,-11,-128,-21,-7,8,15,4,12,2
62.973573,-28,-3,7,1,-10,-1,1,15,2
62.985731,-2,43,3,-2,3,10,-22,-20,2
62.985839,-18,23,-2,-6,-14,-73,-5,-11,2
62.987551,65,39,-2,-3,11,27,7,13,2
62.987561,47,-19,4,-1,-4,2,-14,23,2
63.008002,-24,79,-1,-1,6,13,3,-5,2
63.008017,-34,4,-9,0,7,9,-11,12,2
63.009441,-4,-20,0,1,-3,-9,10,-16,2
63.009458,2,76,10,3,-7,-16,-19,-17,2
63.021592,47,-52,0,2,16,21,11,2,2
63.021599,1,-77,-9,-4,-12,-1,-3,-18,2
63.031129,-128,87,5,-1,21,-6,-4,-3,2
63.031139,74,-5,-2,7,-5,55,29,34,2
63.045770,67,53,7,-4,-7,-63,-22,5,2
63.045798,6,-101,-34,-9,-10,48,38,28,2
63.047966,-40,70,8,1,6,-69,16,-32,2
63.047972,29,-97,2,0,2,4,-18,10,2
63.068027,26,25,-9,-9,-7,29,14,49,2
63.068061,1,55,3,-3,1,-40,-27,-58,2
63.069423,27,-19,-1,3,-6,35,29,9,2
63.069429,-9,-54,-5,-3,-7,-14,-6,-22,2
63.083911,9,-36,3,5,-2,-1,-3,1,2
63.083916,-57,25,27,8,6,8,-5,-4,2
63.092096,-10,-53,-15,-11,-4,2,-11,25,2
63.092102,64,65,23,7,3,-44,5,12,2
63.105513,-38,-11,-8,0,-15,35,4,-42,2
63.105531,-35,-42,1,2,17,49,-23,-12,2
63.107165,51,96,5,-2,-2,-53,-30,-10,2
63.107175,2,-110,-14,-4,16,1,-2,-5,2
63.128061,-8,66,7,3,-22,2,19,31,2
63.128085,39,33,15,-2,-8,-35,1,-31,2
63.129903,-6,-105,-10,-7,-5,14,-9,21,2
63.129913,25,-17,-6,2,-2,0,-6,-21,2
63.142434,-36,88,-2,2,11,-10,-22,0,2
63.144108,4,-76,-8,-2,-1,14,8,11,2
63.152904,70,55,-3,2,0,1,-8,-1,2
63.153045,40,127,30,5,-1,-3,22,-2,2
63.165439,56,46,3,2,8,7,1,-7,2
63.165448,36,-92,-8,-7,-4,4,-2,45,2
63.167270,-73,-58,3,13,1,1,8,3,2
63.167288,33,-36,-21,-12,-5,27,4,12,2
63.188318,-60,85,9,0,-22,-9,-13,-14,2
63.188349,-14,52,4,3,29,7,-6,-22,2
63.190354,10,-18,0,-3,3,-5,0,4,2
63.190363,18,82,2,1,9,13,-2,-6,2
63.201568,-70,-47,7,4,-12,0,15,19,2
63.201589,38,94,14,-1,-7,-15,-4,-12,2
63.211696,-15,-85,-22,-5,-2,34,15,14,2
63.211700,-9,100,-5,-3,-6,-53,-51,-4,2
63.224975,-25,16,-2,-4,14,-31,-29,-18,2
63.224981,18,-20,3,6,-2,8,18,26,2
63.231687,18,101,6,-2,-5,10,-11,-9,2
63.231714,-54,-31,-9,-5,-9,-2,-9,-6,2
63.248005,44,-101,-13,-9,4,1,2,11,2
63.248033,-89,65,9,10,-7,0,-10,13,2
63.250011,-15,-128,-33,-12,-6,-2,-5,10,2
63.250016,-55,83,-16,-2,-4,24,20,5,2
63.261749,93,29,-15,-7,-2,-3,-2,22,2
63.261770,8,-35,22,4,20,5,6,-17,2
63.272726,3,-39,20,6,-3,5,-4,19,2
63.272733,-6,-24,4,-9,-4,-8,14,7,2
63.287855,-117,-26,-3,13,27,25,2,-28,2
63.287862,100,112,7,-2,-22,-41,0,9,2
63.287864,34,-47,-10,-2,-2,-7,1,6,2
63.287866,7,-14,-18,-15,-12,-18,-24,-58,2
63.308185,90,-123,-12,-5,3,24,16,16,2
63.308206,-53,-2,-17,-7,0,6,10,1,2
63.310550,-20,115,12,3,-1,-1,-8,-11,2
63.310554,7,70,4,6,-1,7,-1,-16,2
63.331381,7,-7,-2,-4,6,45,10,19,2
63.331402,-32,-6,-2,1,-13,-56,-26,-21,2
63.333626,-1,111,13,-1,-4,6,18,-1,2
63.333633,2,-89,-15,5,26,3,3,-5,2
63.345596,1,69,18,0,-10,-5,17,20,2
63.345617,89,48,-26,-15,-9,12,-36,-79,2
63.348449,-8,70,1,5,5,-5,-9,2,2
63.348462,3,13,21,7,-8,-10,-5,2,2
63.368041,-12,-71,-6,-1,17,-16,1,9,2
63.368060,-35,29,-10,-1,-7,24,14,49,2
63.369451,-85,-2,-6,-9,-10,-14,-12,-50,2
63.369457,-10,-62,-7,-1,-1,15,1,2,2
63.390767,53,-17,2,-4,0,-13,-1,4,2
63.390787,21,54,15,7,3,17,2,-7,2
63.392362,66,44,-17,-10,-2,10,1,48,2
63.392367,-119,-83,-5,-7,-18,22,22,34,2
63.405560,7,59,-4,-5,-5,-63,-44,-86,2
63.405586,-23,-105,-8,-4,2,23,43,-3,2
63.407550,7,-28,5,6,8,11,12,37,2
63.407556,74,127,4,-2,-5,-12,4,13,2
63.429752,-13,4,-5,-5,-14,-3,-14,8,2
63.429758,-37,1,1,4,8,34,15,14,2
63.429761,-14,20,2,-2,-5,-6,14,-14,2
63.429762,57,19,8,2,4,4,-8,-7,2
63.450592,-67,6,-4,1,-1,-4,-3,-15,2
63.450613,47,99,26,6,6,3,-7,20,2
63.453474,-72,-63,-31,-9,8,-1,-12,-36,2
63.453492,-15,59,-11,-6,-9,-5,-5,14,2
63.464869,54,95,21,17,8,20,12,12,2
63.464892,80,69,11,1,-5,-14,-8,-1,2
63.472287,-29,-44,-8,-6,0,-4,-9,12,2
63.473782,25,77,4,4,4,-4,-9,-33,2
63.490082,-13,-41,7,-7,-6,-4,1,11,2
63.490088,-78,-122,-22,-4,-20,-15,4,-4,2
63.490091,-9,82,17,6,18,21,29,-15,2
63.490093,39,18,9,2,0,-9,-35,24,2
63.510606,-15,-59,-14,-2,1,5,-3,-14,2
63.510778,3,-56,-22,-6,12,-4,-5,-8,2
63.512565,41,70,3,-2,-32,-52,-25,22,2
63.512571,-49,-111,-11,-6,1,58,0,-14,2
63.524723,-56,39,3,1,-7,-44,14,-30,2
63.524742,91,-3,-13,-3,2,-11,-19,22,2
63.531996,56,83,12,0,0,0,19,-11,2
63.532025,-73,-33,8,3,4,-17,12,31,2
63.548611,20,-55,-8,-3,-4,4,-17,-51,2
63.548650,21,32,1,-2,-2,15,16,10,2
63.551490,-3,-110,-2,4,0,-2,-9,-5,2
63.551495,17,-74,18,6,-5,-5,-11,15,2
63.570722,6,84,-6,-3,7,23,24,-2,2
63.570744,54,88,20,6,1,-5,9,4,2
63.572149,-9,50,-10,-4,2,11,-5,-3,2
63.572165,-17,-73,-28,-11,-1,-17,-7,-9,2
63.584871,-65,-56,1,9,2,0,11,26,2
63.584885,-46,-46,0,0,1,1,-6,1,2
63.591518,61,-15,-11,-11,-10,0,-5,-14,2
63.591535,-70,-51,0,-5,-5,0,24,-25,2
63.607979,127,-58,-9,-3,5,-6,-37,5,2
63.607996,-91,13,-6,-10,-21,2,7,-2,2
63.609967,-60,-20,19,11,12,22,-27,-16,2
63.609971,0,98,-14,-2,-12,-55,22,-29,2
63.631794,-82,-25,-1,-7,-12,6,-3,29,2
63.631802,13,-37,-2,-1,11,63,12,15,2
63.631965,5,-52,7,-2,-13,-79,-14,-12,2
63.631978,-2,30,4,2,3,5,-9,0,2
63.646901,-55,13,-1,3,3,8,9,24,2
63.646905,-48,-72,-12,-5,-7,-27,-8,0,2
63.651868,30,90,0,4,1,21,-10,-49,2
63.651976,18,-80,-8,-5,11,35,12,2,2
63.668159,-7,118,7,10,4,-11,-2,8,2
63.668238,11,53,-4,0,2,8,11,-4,2
63.669798,-71,28,-16,-5,-6,0,-18,9,2
63.669806,94,111,22,5,4,-15,-6,5,2
63.692455,57,-21,-7,-6,-11,5,1,7,2
63.692461,-73,-14,2,-2,19,-7,-4,-34,2
63.692463,-1,-23,-1,6,-1,6,3,23,2
63.692465,43,44,1,4,3,-5,2,-2,2
63.704909,26,29,14,-1,-3,8,2,-24,2
63.704927,-12,67,10,2,0,-12,-2,0,2
63.711888,78,-113,-34,-12,0,3,-8,19,2
63.711907,-96,25,0,2,-1,5,1,-34,2
63.728218,-2,5,-7,-1,7,-23,-16,-9,2
63.728243,-9,52,-13,-12,-10,25,7,6,2
63.729506,-40,3,18,11,3,4,9,1,2
63.729524,30,-18,2,4,-2,1,-35,6,2
63.750619,-90,82,-8,-3,1,19,29,13,2
63.750647,13,-19,-3,6,0,-24,-16,-17,2
63.752055,30,-28,-4,-14,-28,-2,5,11,2
63.752059,-32,-11,5,1,25,10,2,-7,2
63.764829,20,30,12,5,-1,-7,4,11,2
63.764854,55,-21,-14,-8,-4,-7,-2,20,2
63.771631,-67,21,1,-5,-1,11,-7,-62,2
63.771659,101,48,-6,-1,-6,-15,1,-22,2
63.787917,28,-45,-15,-8,-7,8,-6,-14,2
63.787931,39,-70,-1,8,2,9,6,46,2
63.789489,-33,-47,-2,-9,1,11,-5,-26,2
63.789511,-47,-62,-13,-5,-7,-70,19,-2,2
63.810705,-85,29,6,3,4,-4,0,1,2
63.810727,44,33,-1,-1,-9,-13,-25,-10,2
63.812886,47,127,8,-1,-2,-49,17,24,2
63.812897,-9,-2,5,1,7,40,9,14,2
63.824056,-57,-85,-3,-4,-5,1,-15,3,2
63.824080,69,-13,-12,-5,-5,-55,1,-14,2
63.833367,-41,-52,2,0,9,40,-13,-18,2
63.833371,-28,12,-8,-8,-15,1,19,23,2
63.849396,42,-5,-10,-8,-26,-17,-8,-9,2
63.849402,-54,17,13,2,14,14,-4,-8,2
63.849405,108,127,19,12,26,10,12,33,2
63.849407,-28,-108,-46,-10,-33,-10,-25,-44,2
63.870946,93,-15,3,-4,2,-2,-5,21,2
63.870961,-41,60,-9,-1,-5,-1,22,-2,2
63.872112,88,-21,25,4,4,8,11,20,2
63.872134,-52,21,19,6,8,2,-7,-9,2
63.884323,-10,49,-12,-5,4,8,10,26,2
63.884353,-13,24,10,0,-3,0,-17,-31,2
63.893743,-57,-128,-15,-2,-1,-8,19,-28,2
63.893749,38,86,11,5,5,8,-15,25,2
63.908207,38,18,2,1,1,-17,12,1,2
63.908228,17,2,9,3,4,1,-9,-29,2
63.910393,-91,-15,-3,-1,-4,9,3,10,2
63.910401,101,-3,1,-3,-4,-1,-20,15,2
63.930779,23,-65,11,1,10,37,16,16,2
63.933533,13,7,9,5,-3,-13,5,-7,2
63.933537,85,114,-1,-5,-4,-5,-5,26,2
63.933539,70,-91,-17,-8,-5,-4,-16,-1,2
63.944083,-45,-38,-12,-12,0,15,21,0,2
63.944107,-26,35,6,19,3,-15,-7,-2,2
63.955373,16,84,3,3,3,-3,-5,3,2
63.955380,-52,45,-3,6,7,25,9,22,2
63.968140,14,66,16,7,0,-19,-14,-43,2
63.968162,83,30,-10,-15,-7,7,-2,19,2
63.969796,-32,-57,-6,-2,-3,-12,-12,4,2
63.969804,-60,45,1,-7,-5,-10,8,-16,2
63.990661,-22,111,7,5,20,10,-11,-10,2
63.990738,12,-107,-5,-4,-21,-8,7,4,2
63.991958,-44,-128,1,3,-1,14,16,16,2
63.992016,27,20,7,7,1,-5,-16,-2,2
64.005428,25,5,-1,0,-6,-5,-12,-13,2
64.005436,-34,-29,1,-8,27,21,10,-4,2
64.013389,98,65,3,-2,-11,6,-8,-6,2
64.013394,-44,-3,-10,-7,5,18,18,30,2
64.027758,-41,-108,-10,-1,-5,-16,-14,-12,2
64.027776,-78,-84,1,1,-4,15,-6,11,2
64.035777,38,61,-23,-9,-7,-21,-2,-21,2
64.035783,-8,-31,23,6,9,34,4,8,2
64.051184,24,20,-5,-4,-10,-52,-21,-18,2
64.051189,-9,14,-18,-5,-4,3,19,21,2
64.051915,-28,-26,9,2,4,2,-1,6,2
64.051922,41,127,14,1,-6,-3,-3,-34,2
64.063996,15,74,6,2,13,3,-15,24,2
64.064014,25,12,-12,-10,1,2,11,-3,2
64.073651,-20,-78,-4,-2,0,-3,-7,8,2
64.073658,-30,61,-21,-8,-8,-24,-3,-25,2
64.087938,84,69,18,4,7,32,4,18,2
64.087959,-4,47,-12,3,0,-11,-6,6,2
64.089568,-2,-35,-4,-1,-2,9,4,14,2
64.089621,-27,-20,10,2,8,-3,0,2,2
64.110501,-77,-9,-14,-5,-12,-4,2,-8,2
64.110518,-30,32,-1,-3,-5,4,2,-10,2
64.111898,43,48,-8,0,-3,10,-10,12,2
64.111924,39,-90,-8,-1,-2,-4,-2,-46,2
64.124154,-18,-95,-5,0,-2,29,15,-1,2
64.124175,-5,-48,-1,-5,-9,-13,7,1,2
64.133582,7,-63,4,6,10,20,0,-15,2
64.133588,-17,2,-4,2,-22,-23,-2,28,2
64.147866,-57,40,-7,-2,25,-3,5,-9,2
64.147882,2,-84,-2,0,-4,18,-13,-20,2
64.150418,-26,52,13,4,0,-9,-1,-4,2
64.150460,22,-39,-1,1,-5,6,9,23,2
64.171112,34,31,-5,-8,-9,-6,2,0,2
64.171141,-47,-79,-17,-3,-3,-9,-12,8,2
64.173575,-61,94,0,-6,-2,-5,12,-6,2
64.173586,19,-8,-9,-2,7,-6,-7,2,2
64.184252,-4,3,8,4,0,8,11,6,2
64.184276,23,-72,-9,-14,3,-12,-14,11,2
64.193663,-47,49,2,8,-5,-11,-24,-36,2
64.193670,-24,-55,-3,-6,3,10,19,19,2
64.208073,26,24,18,10,-5,-3,16,12,2
64.208101,76,78,1,0,-6,5,2,-1,2
64.209625,-49,-34,-2,-1,6,18,-6,2,2
64.209649,51,49,6,-2,-9,-17,-14,5,2
64.230503,-19,-36,-6,4,4,-3,8,-13,2
64.230524,-46,14,11,3,5,-2,-7,10,2
64.232106,-1,-34,-5,-8,-25,-9,3,-10,2
64.232187,27,61,-1,5,19,19,-6,-32,2
64.252884,13,0,-3,-4,11,12,-6,24,2
64.252950,11,-26,-6,5,-14,4,19,-15,2
64.254551,31,-10,13,-3,-1,17,-26,9,2
64.254571,-46,-28,2,-1,-4,-17,8,5,2
64.269687,4,70,-2,-4,-7,16,-9,-7,2
64.269694,-55,-9,-3,1,4,-3,8,-13,2
64.269696,27,127,-3,-1,5,-6,-3,-8,2
64.269698,15,37,6,-6,-5,-15,-9,3,2
64.290423,-2,-33,-15,-9,-9,-17,-2,-15,2
64.290444,55,-14,2,4,1,10,-10,36,2
64.292078,-54,-20,2,4,3,-6,5,15,2
64.292083,-21,-33,-11,-5,-4,9,-3,-19,2
64.313208,-82,-99,-6,-5,-12,-4,-28,-14,2
64.313237,14,126,17,3,2,-2,13,12,2
64.315029,49,-128,-13,-3,4,-12,1,-3,2
64.315042,31,-59,-5,-5,-7,-1,-1,9,2
64.328064,-41,-47,-13,-5,-6,-1,-17,-5,2
64.328085,2,88,0,-4,-2,-30,-29,-5,2
64.329539,-14,70,8,7,2,23,46,4,2
64.329607,35,21,6,0,-5,7,-15,4,2
64.350729,46,10,-3,-4,-2,-5,-1,-24,2
64.350827,-57,27,25,5,-8,-6,-7,-8,2
64.353120,51,-5,-11,1,12,8,5,26,2
64.353124,48,127,-5,1,4,-9,8,-18,2
64.372400,29,-114,-4,-1,-8,15,1,-17,2
64.372422,-34,-41,-6,0,0,-42,0,-10,2
64.381009,41,108,10,-2,-1,-9,-4,-5,2
64.381014,4,-125,-13,-2,0,1,1,0,2
64.387840,-5,71,-2,-8,-1,17,-14,14,2
64.387861,83,102,10,6,4,58,27,-5,2
64.394095,-19,3,-11,-6,2,-3,-15,-19,2
64.394121,-68,-54,-3,5,2,-3,-2,26,2
64.410560,93,-40,16,3,-7,1,-2,4,2
64.410581,-40,-12,-3,-3,5,3,-7,-4,2
64.412044,33,24,0,-2,-9,-20,-11,12,2
64.412076,-22,54,1,3,20,27,18,-1,2
64.433046,-62,-67,2,-5,-22,-25,-31,6,2
64.433067,73,-43,0,1,-1,-35,-7,6,2
64.435196,-41,-80,-6,-3,-1,-11,1,0,2
64.435200,-47,42,-5,-9,1,-8,-19,-8,2
64.447321,36,127,14,8,0,-11,32,-8,2
64.447343,15,-12,-12,-4,-1,0,-4,0,2
64.456083,-29,21,9,1,2,8,2,-15,2
64.456091,-16,-82,-11,-10,-16,-11,-21,4,2
64.472948,37,60,-5,6,5,-2,11,24,2
64.472955,-36,-1,-6,-6,-4,11,-9,-9,2
64.472957,-43,2,5,3,11,-4,22,-11,2
64.472959,-13,11,7,4,-7,7,-6,-9,2
64.493313,11,33,4,1,2,-10,11,-7,2
64.493343,-21,-8,-5,-2,6,4,-4,-45,2
64.495149,8,58,-9,-3,-7,-5,-8,22,2
64.495153,7,-16,-15,-4,3,-10,-4,5,2
64.507451,38,-104,-5,-2,-16,-1,-1,13,2
64.507469,-60,39,0,-1,-7,30,3,12,2
64.514472,18,-12,8,1,-14,20,-9,-34,2
64.514493,64,-62,6,2,29,-11,3,3,2
64.531101,-79,-52,-19,0,8,-35,11,-4,2
64.531138,38,-13,3,-2,-1,-14,-9,-6,2
64.534023,14,-59,-18,-6,-11,-14,-10,7,2
64.534029,20,62,10,2,-1,13,5,10,2
64.553488,3,44,11,-3,0,0,-12,-43,2
64.553560,62,83,-7,2,4,0,5,-8,2
64.554615,-48,-128,-16,-5,-3,-3,-5,10,2
64.555901,-74,122,9,-2,-9,-2,-12,12,2
64.567701,43,43,-3,1,8,6,15,-9,2
64.567720,-75,11,-8,-6,-10,1,-3,-22,2
64.574030,71,22,-3,-1,0,2,-5,-28,2
64.574047,-72,65,33,12,-4,0,5,13,2
64.590603,26,-50,-25,-5,2,9,1,14,2
64.590627,-24,-25,5,2,3,-7,4,-26,2
64.592082,-38,102,6,1,7,54,-1,37,2
64.592166,55,-89,-10,-12,-11,-25,6,-20,2
64.613634,-33,31,-4,2,3,4,-7,5,2
64.613655,-65,23,8,5,2,-4,0,15,2
64.615876,60,-92,0,-5,1,-8,-1,2,2
64.615880,-73,-12,-7,2,-1,17,30,-12,2
64.627356,4,7,3,-1,12,7,-16,3,2
64.627371,61,-104,-3,-5,0,-5,-2,30,2
64.634332,24,29,15,4,-2,-14,8,-11,2
64.634359,14,-1,-15,-7,-6,23,-6,-10,2
64.649635,-22,-39,-12,-11,-11,-68,-6,1,2
64.649657,-10,117,7,4,-1,6,0,-1,2
64.658029,39,46,-8,-4,0,-12,-3,27,2
64.658080,-5,-105,-4,-8,-7,-14,-15,-31,2
64.673259,17,127,-2,-2,-2,25,5,20,2
64.673274,50,-26,9,11,6,6,2,3,2
64.674580,-43,121,2,-4,2,-12,0,-3,2
64.674600,30,-90,-13,4,-1,5,3,9,2
64.688705,5,98,7,-2,-6,-1,3,19,2
64.688719,-93,-105,-18,-3,0,2,-1,5,2
64.694545,5,-63,-20,-13,-10,8,-13,9,2
64.694566,-12,70,24,6,3,7,11,9,2
64.710981,-12,-31,8,3,4,12,7,-17,2
64.711003,51,-29,-15,-13,-31,-15,-13,43,2
64.712249,21,-3,6,7,19,16,14,-24,2
64.712255,9,127,6,0,-1,-39,-12,-39,2
64.733483,79,-53,-14,-4,-7,1,-4,11,2
64.733516,-43,72,2,-2,2,0,-3,9,2
64.735826,-25,15,-2,4,-1,31,-3,-2,2
64.735832,54,23,17,2,-2,-51,-2,12,2
64.755874,0,-47,7,9,8,11,7,-4,2
64.755923,43,106,14,0,6,-1,0,8,2
64.756979,52,-21,3,-4,-6,-7,9,-19,2
64.756996,55,117,-13,0,0,22,-2,27,2
64.770781,-33,43,14,0,-5,1,-4,-27,2
64.770808,-58,-99,1,-2,1,-13,-16,-54,2
64.773506,-36,-124,-22,-5,-6,-8,0,3,2
64.773512,15,70,-2,-10,-6,8,-2,11,2
64.793323,-25,-88,18,19,3,-2,10,17,2
64.795345,29,-26,-15,-7,-3,8,4,-8,2
64.795351,-49,75,20,7,5,-11,-2,-7,2
64.795354,16,-92,-13,-5,0,7,-2,15,2
64.806818,22,20,-8,-8,6,3,-22,-18,2
64.806834,-49,-85,-2,1,-12,32,26,-6,2
64.817225,19,108,2,2,-14,-25,-8,6,2
64.817231,5,59,8,4,-6,17,6,-2,2
64.830468,-18,-48,-5,-6,18,-57,-7,21,2
64.830481,-7,49,5,5,10,0,-4,8,2
64.831878,32,33,3,-7,-4,-16,-2,-6,2
64.831891,-63,40,-7,-1,-6,24,-5,-34,2
64.853120,25,10,7,1,-2,23,6,26,2
64.853153,15,-53,-19,-9,-2,-7,-8,-21,2
64.855905,-93,-77,3,10,4,-7,-18,-27,2
64.855916,22,-114,-18,-15,-2,-6,-16,10,2
64.866710,-105,-11,-10,-4,-6,10,-11,-36,2
64.866726,117,114,2,-2,2,-8,10,13,2
64.876000,-45,-18,-14,-9,-8,0,-7,-10,2
64.876005,35,37,-1,4,5,0,-5,10,2
64.890800,2,-9,6,-4,-7,7,6,6,2
64.890810,-10,-69,9,2,-9,-6,-11,-3,2
64.891946,50,37,2,-2,4,-15,7,22,2
64.891964,1,68,11,12,-21,38,8,-20,2
64.913116,-60,-25,-24,-7,17,5,-12,-38,2
64.913225,-49,100,-1,-1,5,12,6,-13,2
64.914646,-14,-89,8,1,2,-24,8,11,2
64.914650,16,-55,0,-3,-5,-44,-3,-14,2
64.926837,96,80,3,-2,-10,-1,1,6,2
64.926858,-17,-3,14,4,4,9,-4,13,2
64.937550,-5,56,-6,-3,1,5,-6,-27,2
64.937555,-22,-54,6,-3,4,-1,4,15,2
64.951500,19,120,4,5,-3,8,11,-9,2
64.953886,13,-87,-18,-6,3,-14,-23,-2,2
64.953893,10,83,-3,1,-1,8,23,27,2
64.953896,3,66,-11,3,9,-1,-19,-10,2
64.972998,-50,-6,-4,-4,-7,6,13,1,2
64.973016,-9,14,8,0,-4,1,-5,0,2
64.974553,-3,-66,-1,-1,1,2,-10,2,2
64.974568,-28,5,-13,-2,4,8,14,41,2
64.986457,-66,79,26,3,-7,-4,-12,-48,2
64.986463,91,94,6,1,5,43,7,12,2
64.997194,-12,-107,-9,1,0,-46,-30,0,2
64.997198,38,-48,-6,-12,-13,-3,36,9,2
65.011171,-32,39,-8,3,-11,1,-10,-15,2
65.011199,49,119,8,0,4,-3,3,8,2
65.013447,79,-2,6,5,-19,13,11,-5,2
65.013450,30,-101,-14,-16,14,-16,-43,-6,2
65.032848,-26,-23,-7,-3,-1,50,13,15,2
65.032861,26,-13,-2,0,-1,-13,-14,-16,2
65.034711,10,11,-4,-2,3,10,5,5,2
65.034729,-29,-38,14,9,0,-9,-3,4,2
65.047646,13,-65,-4,0,-2,-6,5,25,2
65.047652,54,-70,17,1,1,-10,2,-10,2
65.057268,-128,-91,-41,-7,-4,4,-18,-11,2
65.057274,34,70,8,5,3,10,7,-27,2
65.070451,75,-45,-18,-5,2,-10,0,8,2
65.072381,-53,26,2,-1,0,0,9,9,2
65.072483,69,30,11,2,2,-3,2,3,2
65.072575,-1,22,-3,3,1,6,7,-3,2
65.092915,16,-94,18,4,2,-7,-5,8,2
65.092922,11,-33,-25,-10,-5,0,3,28,2
65.094454,-15,76,5,6,6,8,15,-30,2
65.094467,-86,-62,-5,-2,2,-1,1,3,2
65.107524,-4,92,1,-2,-2,-7,-3,-7,2
65.107536,14,-16,-2,4,1,-3,2,-4,2
65.117350,54,-18,3,-1,17,13,7,12,2
65.117356,-80,95,7,3,-12,3,-8,13,2
65.130491,26,-67,-8,-2,-1,-14,-5,10,2
65.130515,-24,-34,-4,0,-23,-18,4,-49,2
65.131897,-23,58,-7,-10,32,8,-7,0,2
65.131968,35,4,8,4,1,-3,-3,0,2
67.155623,0,1,6,6,3,0,-2,0,0
67.156242,-1,-3,-1,-5,-3,-1,-2,0,0
67.158757,0,-5,-1,3,-1,1,1,0,0
67.158802,-3,6,-1,-14,-2,2,-1,-3,0
67.178004,2,0,-2,4,1,-1,-1,-2,0
67.178029,-2,2,1,-3,-2,0,-1,-1,0
67.179591,1,-9,-15,4,1,0,1,1,0
67.179608,-3,-20,8,0,0,0,-1,-1,0
67.200714,-1,27,8,0,0,0,-1,-1,0
67.200742,-4,-3,-8,-4,-1,0,-2,-2,0
67.202442,0,-13,4,-1,-1,0,0,2,0
67.202446,1,12,-1,3,-2,-1,-1,0,0
67.214878,1,10,-7,-2,-1,0,0,-2,0
67.214899,-1,-21,13,2,-2,-4,-2,-1,0
67.221781,-4,0,-2,-9,-3,-5,-2,-1,0
67.221798,4,-2,-6,11,3,0,1,4,0
67.237911,-3,-4,-2,-13,-4,-2,-1,-3,0
67.237930,2,12,-2,11,5,1,0,0,0
67.239583,-3,-5,2,6,2,2,-1,-1,0
67.239603,-2,1,3,-1,0,0,-1,-1,0
67.260471,1,-2,-4,0,-1,-1,0,1,0
67.260488,-3,13,-4,-9,-1,0,0,-3,0
67.261985,-3,-11,5,-1,-1,-1,-1,-2,0
67.262000,0,-17,-12,-7,-4,0,-1,0,0
67.274813,0,6,-12,4,0,-4,-3,-1,0
67.274835,0,17,-17,-6,-1,0,0,1,0
67.281625,-2,-21,-2,3,2,1,1,0,0
67.281646,-3,19,10,-2,-1,0,-1,-3,0
67.298822,1,-22,-9,-4,-1,0,-1,1,0
67.298860,0,-4,-6,-6,-4,-2,-1,0,0
67.301014,1,19,-1,2,-2,-2,-4,2,0
67.301021,0,-13,-12,-6,-2,-2,3,-4,0
67.320889,-1,4,7,3,2,3,5,2,0
67.322941,-1,-2,-2,1,0,-1,-2,-1,0
67.322948,1,3,8,-4,-1,1,1,0,0
67.322951,-3,3,1,5,-1,-3,-5,-1,0
67.335188,-3,-5,5,-4,-2,-1,-2,-3,0
67.335207,-2,-5,2,-4,-3,-2,-1,-2,0
67.341974,-1,-10,-5,-2,-3,-1,-2,-2,0
67.341995,3,11,-6,1,2,-4,-2,0,0
67.358141,-6,3,8,2,2,2,-2,-4,0
67.358161,1,-17,-3,-2,0,1,-1,1,0
67.360621,0,5,-8,0,-2,-1,-2,-2,0
67.360627,-3,-2,-3,-11,-3,-2,0,-1,0
67.380537,1,-6,5,7,0,-3,-2,0,0
67.380551,-1,-2,-2,-2,-1,-2,-1,-2,0
67.382032,0,14,-1,-6,-1,-1,0,0,0
67.382044,-1,-16,6,4,0,1,1,1,0
67.394792,1,-7,1,-2,0,0,-2,1,0
67.394809,-1,6,-4,0,0,-1,-1,-1,0
67.401628,0,5,5,1,1,-1,1,-2,0
67.401655,-3,17,-2,-1,-3,-3,-1,-2,0
67.418201,1,-10,1,-2,-3,-3,-2,0,0
67.418222,-1,-4,3,-4,-2,0,0,0,0
67.419945,2,-2,-3,-2,0,0,-1,0,0
67.419950,-5,-2,-4,3,2,-1,-2,-3,0
67.440414,-2,-3,6,4,-1,-3,-1,-2,0
67.440432,-1,7,7,-1,-1,-1,0,-1,0
67.441996,-3,-3,-1,0,-2,-1,-1,0,0
67.442011,3,9,-14,-16,-3,0,-3,0,0
67.463705,-2,-7,7,3,-1,-2,0,-1,0
67.463729,-1,-8,-3,5,1,-2,-2,-1,0
67.469152,-2,-2,2,-3,-1,-1,-3,-1,0
67.469200,0,0,2,5,-1,0,0,2,0
67.478038,0,2,-8,-4,-1,0,-1,-1,0
67.478059,0,-1,-2,-4,-2,-3,-2,-1,0
67.479397,-1,0,-4,-1,1,-2,-1,-2,0
67.479411,-1,-1,0,-1,1,1,1,1,0
67.501743,-2,-2,3,2,-1,-1,0,-1,0
67.501747,-5,-5,-3,2,1,1,-1,1,0
67.501876,0,-4,2,0,0,-3,-1,-1,0
67.501912,1,0,-9,-4,-3,-2,-2,-1,0
67.517081,0,2,-4,-2,-2,0,-1,0,0
67.517085,3,-10,-7,5,1,1,1,0,0
67.521915,-1,24,10,-2,-3,-3,0,-2,0
67.521952,-2,-2,9,0,-3,0,0,-1,0
67.537934,-2,3,1,1,-1,0,-1,0,0
67.537952,-2,-6,-11,-2,-2,-1,-2,-1,0
67.544254,0,-10,-3,0,0,-1,-2,-1,0
67.544306,0,-5,-1,-3,-1,-1,1,-2,0
67.561024,1,-3,-3,-5,-1,0,-1,-1,0
67.563570,0,19,4,-3,0,0,-2,-1,0
67.563577,-4,-23,2,2,0,0,-1,-1,0
67.563579,0,12,-2,-1,-1,-2,0,-1,0
67.574086,-2,-18,-4,-2,1,-2,-1,-2,0
67.574101,1,2,9,-3,-1,-1,0,2,0
67.589216,3,2,-11,-4,-1,-1,0,1,0
67.589232,-2,-8,7,8,2,-1,-1,0,0
67.597937,2,0,-11,-3,0,-2,1,1,0
67.597959,1,11,2,6,-1,-1,0,0,0
67.599672,-3,-2,3,-4,-3,0,-1,-2,0
67.601389,-1,2,4,-2,-2,-3,-2,-1,0
67.621535,0,-4,-23,-6,-3,-1,-1,2,0
67.621573,-6,-4,2,-1,1,0,-1,-3,0
67.624208,-1,2,-6,-2,-2,-2,-2,0,0
67.624213,1,-1,3,6,0,0,-1,1,0
67.634159,0,5,4,-1,1,-1,-1,-2,0
67.634181,1,-9,-10,-6,-3,-2,-2,0,0
67.644914,-3,-2,2,-11,-1,0,-1,-1,0
67.644923,1,18,-3,5,1,0,-1,-2,0
67.657858,-4,-23,3,-3,-2,0,-1,-1,0
67.657874,1,-3,-1,2,-3,0,0,-1,0
67.659558,-2,-8,4,4,1,-3,0,-2,0
67.659627,-3,-19,-15,-10,-4,-1,0,0,0
67.689928,4,26,14,6,4,0,-1,1,0
67.689937,-3,-2,2,5,4,0,-2,-1,0
67.689940,0,1,-6,-3,-5,-1,0,-3,0
67.689942,-1,0,2,-4,0,1,-1,2,0
67.694598,-4,-9,-12,-5,-4,-2,-1,-2,0
67.694619,-2,-10,-2,-5,-3,-2,0,-1,0
67.710843,0,2,-2,-3,0,0,-1,1,0
67.712568,0,-2,-4,6,3,0,-2,-1,0
67.720643,2,19,13,4,1,0,0,1,0
67.720650,-3,-5,0,-3,-1,0,1,1,0
67.720653,0,-2,-8,-2,-2,-1,-3,0,0
67.720655,-1,-1,0,-3,-2,-1,0,-2,0
67.740446,-3,8,-1,-6,-2,-1,-4,-2,0
67.740465,0,-14,-1,5,-2,-2,-1,-3,0
67.742374,1,5,5,-2,0,-1,-1,0,0
67.742379,-1,-18,2,3,-1,-1,-3,-2,0
67.754415,0,2,-11,-6,-3,0,-1,0,0
67.754432,0,-4,6,3,0,0,-1,-2,0
67.765002,-2,17,5,2,0,-2,-2,0,0
67.765016,-2,9,3,-3,1,0,-3,-3,0
67.778706,-3,2,-7,-4,-2,0,0,-1,0
67.778733,0,-20,1,2,0,1,-2,-2,0
67.781321,0,-3,-4,3,1,0,0,0,0
67.781327,0,0,3,-1,-1,-1,-2,-1,0
67.800539,-2,-3,-2,1,-2,-2,-1,-1,0
67.800556,1,9,-7,-12,-4,-2,0,0,0
67.803077,-1,11,-2,3,0,-1,0,-1,0
67.803082,-5,-26,3,-6,-4,-2,-1,-4,0
67.814075,2,9,-3,5,-1,-1,0,0,0
67.814089,-7,-3,3,-1,0,0,-2,-4,0
67.824254,-1,-6,4,2,0,0,-1,0,0
67.824260,-2,4,-5,-5,-1,-3,-1,-1,0
67.837890,-1,0,2,-2,0,0,0,-2,0
67.837908,0,6,-2,-1,-3,-1,-3,-2,0
67.840129,-1,-4,0,-3,0,1,-1,-1,0
67.840136,1,6,-3,4,-1,-2,-3,0,0
67.860452,-5,-10,3,-3,-1,-3,-1,-4,0
67.860460,3,9,-6,2,-2,-1,0,1,0
67.861857,-2,-9,-4,-7,-2,-1,1,0,0
67.861872,1,11,-3,-1,-2,-2,0,-1,0
67.875338,-2,-21,0,3,-1,-1,-1,-1,0
67.875344,0,4,3,-8,-2,-1,0,0,0
67.884406,-2,-6,-2,5,-3,0,-2,-2,0
67.884411,0,3,-2,-2,0,1,-1,-2,0
67.898015,0,-4,-4,1,1,-2,-1,0,0
67.898037,-1,4,-1,-3,2,0,-2,-1,0
67.899287,1,-5,7,2,-2,-2,-1,0,0
67.899298,-5,6,9,-1,-1,0,0,-2,0
67.923313,-3,-16,-2,0,-1,-1,-1,0,0
67.923322,-1,-9,-10,-6,0,-2,-1,1,0
67.923324,-1,3,-4,2,0,-2,-2,-2,0
67.923326,0,0,2,2,1,-1,-1,1,0
67.934502,2,2,7,1,-1,-1,-1,0,0
67.934536,-1,1,5,-8,-3,0,-2,-1,0
67.944734,0,15,-5,3,1,-1,-1,-2,0
67.944738,1,-17,0,-2,-4,-2,-1,0,0
67.957918,-3,10,1,-4,-1,1,-1,-4,0
67.957935,-2,0,-1,2,-1,-2,-1,0,0
67.959559,0,-5,8,-2,-1,-1,0,0,0
67.959581,-1,0,-8,-1,-1,-2,0,-1,0
67.979679,1,5,2,-4,-1,0,-1,0,0
67.979707,0,0,-5,2,0,-3,-2,-1,0
67.989442,-2,-7,-7,-2,1,1,0,-1,0
67.989450,-2,0,-4,-10,1,-3,-2,0,0
67.994431,1,19,2,7,0,-2,-1,0,0
67.994451,-1,-16,11,5,-1,0,1,0,0
68.004728,-1,2,2,-3,-1,-2,0,-2,0
68.004736,3,-1,-1,-1,0,0,2,0,0
68.017883,-2,-1,0,-3,0,1,-1,1,0
68.017897,-1,7,-4,-2,0,-1,0,-1,0
68.019483,0,-9,-4,0,-2,-2,-2,0,0
68.019546,-1,1,-2,-6,-2,-1,0,-1,0
68.040578,0,-1,2,4,2,-1,-1,-1,0
68.040594,0,-1,5,5,3,1,-2,-1,0
68.042456,0,10,6,1,1,0,-2,0,0
68.042507,1,-3,-11,0,-3,-2,-2,2,0
68.063448,-5,-7,1,-14,0,-1,-1,-4,0
68.063454,-2,-10,8,7,-1,-1,0,-1,0
68.063456,-5,0,-12,-3,-4,-2,-1,-3,0
68.063458,-1,4,14,5,1,-1,-2,-2,0
68.078539,1,0,-5,-3,-2,-1,0,2,0
68.078547,0,-1,-5,-5,-1,-1,-1,0,0
68.078551,0,-3,-2,-6,-1,-1,-1,-3,0
68.078555,-1,1,-3,2,-3,0,0,-1,0
68.099850,-4,-31,-6,4,-1,1,-1,-1,0
68.099883,1,7,-6,-7,-3,-2,-2,-3,0
68.101315,-2,-6,-3,1,-1,0,-2,0,0
68.101318,-4,-2,-3,2,1,-2,-1,-2,0
68.122458,1,10,9,5,-1,0,1,1,0
68.122477,-2,3,-2,0,0,0,1,0,0
68.124157,1,8,-8,-13,-2,0,-1,1,0
68.124162,-3,-22,-5,7,-1,-1,-2,-2,0
68.137738,0,9,5,1,0,-2,-1,-2,0
68.137762,-1,-2,-9,-3,-1,-2,-1,0,0
68.140703,2,2,4,0,-2,0,-1,-1,0
68.140710,-3,2,3,-1,0,2,0,-3,0
68.159690,0,-6,-8,-9,-4,-2,-1,-3,0
68.159714,-4,1,-4,3,-2,-2,-1,-4,0
68.160637,0,-5,-1,-2,-3,-3,-4,0,0
68.160729,0,8,10,3,2,-2,0,0,0
68.190474,-1,1,5,2,1,1,-1,-1,0
68.190496,1,-1,-3,-6,-2,-2,-1,-1,0
68.191107,-5,-16,-1,4,1,-2,0,-1,0
68.191196,-1,2,-6,-7,-4,-1,-2,-1,0
68.197595,-2,1,0,2,-1,0,-1,-2,0
68.197624,-2,7,1,-1,0,-1,0,0,0
68.200270,2,3,0,1,0,1,0,0,0
68.200278,-1,-6,-2,1,0,1,-2,-2,0
68.220335,0,-4,-7,0,-1,-2,-1,0,0
68.220379,0,28,1,-1,-2,-1,-2,-1,0
68.222851,-1,-19,4,0,1,1,-1,-1,0
68.222859,-2,1,-2,-1,-2,-1,0,-2,0
68.242213,1,-3,-4,-3,-2,-1,-1,-1,0
68.242237,-1,-5,3,-1,-1,-1,-2,-2,0
68.244073,0,4,-7,1,-2,-2,-1,-3,0
68.244081,1,4,7,-5,-1,-1,-1,1,0
68.265400,1,-1,0,-3,-1,-2,-1,0,0
68.265413,-1,-8,-5,-1,0,-1,-1,0,0
68.265996,-1,4,5,0,-4,0,-1,-1,0
68.266009,-1,-17,-4,-5,0,-1,-3,0,0
68.279885,-2,3,-4,8,-1,-3,-1,-1,0
68.279892,-1,-1,5,-6,1,0,0,-1,0
68.280372,-3,-1,-2,6,-1,0,-1,-1,0
68.280378,4,1,-6,-5,-4,-1,1,3,0
68.302380,-4,0,-5,-10,-1,-2,0,-5,0
68.302397,0,-3,-4,-4,-2,-1,0,-1,0
68.304791,-1,-7,4,4,2,-1,1,-2,0
68.304801,2,3,-2,4,0,-1,-1,0,0
68.317418,1,-8,-4,-3,0,0,-1,1,0
68.317433,-1,8,5,1,-3,-1,0,-1,0
68.318895,-1,23,0,-3,-1,-2,-1,0,0
68.318906,-3,-14,-5,-3,1,-1,-1,-2,0
68.339965,-2,0,8,-3,-4,-3,-1,-2,0
68.339984,-1,-9,-11,4,2,0,0,0,0
68.342312,1,-11,-11,-2,-3,-3,-3,0,0
68.342319,-3,8,6,5,1,-2,-1,-1,0
68.362336,0,0,-9,-2,-4,1,-2,-1,0
68.362358,-1,-2,-2,-7,-3,-2,-2,-3,0
68.362933,-1,3,9,6,3,0,1,0,0
68.363061,0,-4,-10,-4,-3,0,0,1,0
68.377671,3,3,6,2,1,-1,-1,2,0
68.377687,0,2,0,0,-2,0,0,-1,0
68.378977,-4,-23,-10,-4,-1,-1,-2,0,0
68.378982,-3,4,2,-4,-1,-2,-2,-3,0
68.400067,-1,2,1,2,-1,-1,-1,0,0
68.400088,0,5,-1,3,1,1,1,0,0
68.401463,1,-8,2,-2,0,0,0,0,0
68.401467,-3,-7,-1,-1,-1,-1,-1,-3,0
68.422517,-1,7,3,-2,1,0,-2,0,0
68.422535,0,13,-8,0,-3,-2,-3,-2,0
68.423028,-1,-11,2,-14,-3,-1,-2,-2,0
68.423136,-1,0,-1,10,0,0,-1,2,0
68.437932,1,0,-2,2,-1,-1,-2,-1,0
68.437961,-1,-9,-2,-4,-2,1,-1,-1,0
68.440326,-5,5,-1,1,-1,-1,-2,-6,0
68.440336,-2,1,-1,-6,-2,-1,-1,-2,0
68.460127,-3,-1,-3,-1,1,-1,-2,-1,0
68.462149,-2,-10,1,2,-2,-1,-1,0,0
68.462155,2,19,-12,-7,-2,-1,-3,2,0
68.462157,3,-6,10,0,-1,-1,-2,0,0
68.483233,-3,-14,-1,2,1,2,0,-1,0
68.483239,-1,-6,-1,-4,-3,-3,-2,-1,0
68.483241,1,0,-3,3,0,0,0,0,0
68.483243,-3,4,-4,-1,-2,-3,-1,-3,0
68.499150,-1,4,0,-4,-2,1,1,0,0
68.499156,0,-2,-1,2,-1,-2,-2,-3,0
68.499157,-1,-6,-1,-6,-1,-1,-1,0,0
68.499159,1,8,-2,-1,-1,-3,-1,-1,0
68.519978,-2,-7,-1,-3,-3,-1,-3,-2,0
68.519997,-3,-3,-1,-2,-1,0,0,-1,0
68.521829,1,5,1,1,0,0,0,-2,0
68.521834,0,0,-5,-3,-1,0,-1,-3,0
68.542556,1,0,-2,2,0,-2,-1,0,0
68.544275,3,0,9,0,2,0,1,2,0
68.544288,-2,4,5,3,0,0,1,-2,0
68.544291,-1,1,-2,-2,-4,-1,-2,-2,0
68.557392,-2,-1,-4,-11,-5,-2,-1,0,0
68.558934,-4,-3,-5,-7,-1,-1,-3,-4,0
68.558938,-1,-5,3,13,1,-1,-1,0,0
68.558939,2,5,2,-2,0,0,1,-1,0
68.579696,0,0,-5,0,-1,0,-1,0,0
68.579711,-2,-2,1,-1,-1,-1,1,0,0
68.580322,-3,-4,-8,-7,-2,-1,0,1,0
68.580344,-1,2,2,0,0,-1,-2,0,0
68.602774,1,12,3,1,0,0,-2,0,0
68.602801,-1,-19,-2,1,0,0,-1,0,0
68.605425,0,-1,9,-1,-2,-2,0,-1,0
68.605433,-2,-6,-1,-2,-1,-1,-1,0,0
68.616683,-3,-14,-16,-3,1,-3,0,-2,0
68.616704,1,15,22,6,1,1,0,1,0
68.624906,-3,0,3,0,-1,-1,1,-2,0
68.624921,0,1,-5,-9,-1,0,0,0,0
68.639711,-2,3,2,7,1,-1,-1,-2,0
68.639726,-2,-2,-9,2,-3,-2,-2,0,0
68.640581,0,-4,-1,-1,0,-1,-1,0,0
68.640594,-4,0,1,0,-3,-2,1,-1,0
68.662216,-2,-3,-1,-6,-3,-1,-1,-2,0
68.662238,0,-1,-7,-3,-1,-2,1,-1,0
68.663206,-2,3,1,0,0,0,-1,1,0
68.663250,0,1,-3,-2,-1,0,0,1,0
68.676967,-2,0,4,7,3,-1,-1,-2,0
68.676995,3,-3,0,1,1,-1,-2,0,0
68.684854,1,-5,-8,-3,-2,-1,0,1,0
68.684876,-1,-4,-10,-8,-1,-1,-1,-2,0
68.701640,1,-11,4,5,1,0,0,-2,0
68.701644,-1,40,6,3,-1,1,-1,-1,0
68.701646,-1,-21,0,-10,0,0,-2,-2,0
68.701648,-3,-3,9,7,1,0,-1,-1,0
68.722554,-1,4,1,4,0,-2,-1,0,0
68.722574,-2,-13,-18,-6,-2,0,1,-1,0
68.724058,-2,15,10,1,-1,0,-2,0,0
68.724065,-1,-2,-2,0,0,-2,-2,1,0
68.737138,0,5,5,-7,-1,1,-1,1,0
68.737158,1,-6,-7,-2,1,0,-1,3,0
68.745289,-5,-5,-10,-3,-2,-2,0,-6,0
68.745391,3,14,-3,5,0,0,1,2,0
68.759746,-4,-35,-5,-4,-3,-1,-1,-1,0
68.761732,-2,-5,0,-5,0,-3,-2,-4,0
68.761742,1,0,-3,3,-2,-2,0,1,0
68.761744,0,1,-2,-3,-1,-1,-2,1,0
68.782422,2,12,-1,2,0,-1,-1,-1,0
68.782445,-2,-4,0,-5,-4,0,0,-1,0
68.784142,0,1,-1,2,-1,-1,0,0,0
68.784147,-1,-2,5,5,2,2,0,-2,0
68.796584,-1,3,-6,-4,-3,0,-2,-2,0
68.796600,0,-19,1,-2,-2,1,-2,-4,0
68.805139,0,23,6,-2,0,-2,-2,-1,0
68.805169,-5,-11,-17,-1,-2,-3,-2,-2,0
68.820174,2,13,5,-10,-2,-2,0,0,0
68.822607,1,-10,6,5,2,0,-2,1,0
68.822613,-3,2,-1,-5,-1,0,-1,-2,0
68.822615,-1,-7,-2,0,-2,0,-1,-2,0
68.842247,-1,8,-3,1,-1,-2,0,-1,0
68.842262,-2,-1,-4,-7,-2,0,-1,-1,0
68.843002,-1,-10,-5,4,0,0,-1,-3,0
68.843080,2,6,-2,-3,-2,-1,0,1,0
68.856802,-2,-10,-12,-2,0,0,-2,-4,0
68.856852,-3,0,-3,-1,-1,-3,0,-2,0
68.864291,-1,-15,9,-3,-2,-1,-2,-1,0
68.864320,-2,-4,-1,-1,0,-2,-3,-1,0
68.879628,0,3,-5,-1,-2,-3,0,0,0
68.879646,-1,-1,-2,0,0,-2,-1,1,0
68.880547,2,2,-5,-2,0,1,0,0,0
68.880550,-2,-1,-1,1,-2,-1,-2,-2,0
68.910639,-2,-13,-4,-2,-1,-2,0,0,0
68.910659,-3,16,7,-1,0,-2,-2,-5,0
68.912202,0,1,-6,2,-2,-1,0,1,0
68.912206,0,15,-3,-14,-1,0,-3,-3,0
68.916917,-3,-11,-2,7,-2,0,0,-2,0
68.916947,-4,-14,-8,0,-2,-2,1,-1,0
68.925016,0,-1,-3,-1,-1,-2,0,0,0
68.925037,2,-4,0,-3,-1,-1,1,1,0
68.939922,-2,7,5,-7,0,-2,-2,-1,0
68.941660,1,5,-2,2,1,0,-1,0,0
68.941666,1,9,3,-1,0,-1,-1,0,0
68.941668,-4,-14,-2,-6,-2,-1,0,-4,0
68.962453,-2,5,2,2,0,0,0,-2,0
68.962474,-2,-2,3,1,-2,-3,-1,1,0
68.964898,0,-6,-10,-2,0,-1,0,0,0
68.964904,-2,-4,-4,0,0,-1,-1,-3,0
68.985724,0,2,8,2,1,0,1,-1,0
68.985740,-1,-5,-9,-5,-4,-2,-1,-2,0
68.986781,0,6,7,5,0,0,0,-2,0
68.986785,-4,1,3,7,1,-1,0,-2,0
69.000227,0,0,1,-7,1,-1,1,1,0
69.000264,-3,-7,-7,-3,2,0,0,-2,0
69.002034,-2,-2,-5,-8,-1,0,0,1,0
69.002039,1,-3,4,5,0,-1,-1,1,0
69.022383,1,2,0,5,2,-1,-3,0,0
69.022409,1,12,4,0,0,0,1,-1,0
69.024090,-1,-18,-1,-4,-1,-1,0,-1,0
69.024099,1,5,3,1,-1,-1,0,1,0
69.045985,-1,-11,5,-14,-4,-1,0,-1,0
69.046010,0,1,-8,9,-2,0,-1,1,0
69.046613,-1,3,-3,-6,-3,-1,0,1,0
69.046637,0,-13,-3,1,-2,-2,1,0,0
69.060177,-5,9,17,5,2,-1,-1,-6,0
69.060203,0,-3,-7,-5,-1,0,1,1,0
69.060786,-4,-4,-6,2,-1,-2,-1,-2,0
69.060798,-1,5,1,-3,0,0,-1,-1,0
69.082768,0,-4,-12,-1,-2,0,0,1,0
69.082797,-1,4,6,-4,-2,-2,1,-1,0
69.085094,2,2,-3,-2,-2,-2,0,1,0
69.085098,1,3,-9,-10,-2,-1,-3,-1,0
69.105628,1,8,4,11,0,0,-2,-2,0
69.105645,-2,-20,1,4,2,0,-2,-1,0
69.106758,-2,1,-1,0,0,-1,-2,-2,0
69.106837,-2,-7,-3,-3,-1,-1,-2,-1,0
69.119756,-1,1,-7,-7,-3,-1,-1,-2,0
69.119779,1,8,4,-4,0,0,-2,-1,0
69.120542,-3,-1,-5,2,0,-1,0,0,0
69.120564,-1,-1,2,3,1,-2,1,-2,0
69.142583,3,2,3,-1,-2,-1,-1,1,0
69.142598,-2,4,6,1,-1,0,-3,-3,0
69.145126,-1,-3,2,-2,-1,-2,-1,-2,0
69.145130,0,-1,-2,-4,-2,-3,-2,-1,0
69.165720,-3,-9,-14,1,0,0,-1,0,0
69.165729,2,-1,-1,-4,-2,-2,0,1,0
69.166089,0,16,6,1,-1,-1,-1,-1,0
69.166156,-3,-22,-1,-6,0,-1,-2,-2,0
69.181414,-4,8,2,4,-2,-1,-1,-6,0
69.181419,-1,-2,6,2,2,0,-1,-1,0
69.181421,0,-6,1,-4,0,1,-1,0,0
69.181422,1,7,1,6,0,0,0,2,0
69.202280,-1,-7,-5,-3,-3,-1,-1,1,0
69.202297,1,3,-8,-6,-2,-1,-2,-3,0
69.209833,1,1,-7,-1,-1,1,1,-1,0
69.209857,-2,-3,7,-3,-2,-1,-2,-1,0
69.228733,0,3,4,1,0,-1,-2,-1,0
69.228741,1,-4,-7,-2,-2,-1,1,2,0
69.228743,-2,-3,0,2,1,-2,-1,-1,0
69.228744,1,-1,-2,2,3,0,0,-1,0
69.239761,-2,-2,-8,-7,-4,-3,-1,-1,0
69.239777,-1,7,2,-8,-2,-3,0,-2,0
69.241140,-1,-4,5,9,-3,0,-2,-2,0
69.241144,-2,3,-5,1,-2,-1,0,0,0
69.262190,1,9,0,-1,-1,0,-3,0,0
69.262207,-2,-13,-1,-5,1,0,-1,0,0
69.262881,-2,-1,-8,-1,-1,-2,-1,-1,0
69.262925,0,4,7,4,-1,0,0,0,0
69.285596,-1,-2,-2,2,-1,-1,0,-1,0
69.285610,-1,-3,-5,-3,-4,-1,0,-1,0
69.288277,2,28,-5,-5,-1,-2,-2,-3,0
69.288285,-2,-30,10,2,-1,-1,-2,-1,0
69.300815,-1,-13,-8,-5,-2,-2,-1,0,0
69.300853,0,-1,-1,-3,1,0,-3,-1,0
69.300859,-5,0,-3,4,0,0,-1,-1,0
69.300864,-2,16,4,-2,-4,-3,-1,-2,0
69.322331,-1,-1,-7,-5,-2,0,-1,-2,0
69.322345,-1,-1,4,-2,0,-2,0,0,0
69.323174,2,-7,-9,4,0,-1,-1,-1,0
69.323255,1,3,3,-7,-1,0,-2,0,0
69.345379,1,-7,-1,1,0,-1,-1,1,0
69.345397,-2,7,-3,4,0,1,0,-3,0
69.346327,-1,-21,-6,-5,1,0,-1,-2,0
69.346332,-1,10,-7,-3,-2,-2,-2,-2,0
69.360122,-1,3,3,-2,-2,-2,-2,-4,0
69.360147,-2,0,6,1,-3,0,1,-3,0
69.362573,-1,-6,4,2,1,-1,-1,-1,0
69.362577,0,13,-10,1,0,1,1,-2,0
69.384306,0,-9,10,-9,-1,-2,-1,2,0
69.384315,-4,-3,0,5,-2,-2,-2,-3,0
69.384319,0,5,-7,-9,-2,-2,-1,-1,0
69.384323,-1,-11,-2,4,0,-1,0,0,0
69.405864,-2,1,-3,1,1,0,0,0,0
69.405886,-1,-8,-13,0,-1,0,0,0,0
69.407977,-1,5,6,-5,-2,-1,-2,1,0
69.407985,-2,-8,0,-1,-1,-2,-1,-3,0
69.419631,-1,0,3,5,2,0,-1,0,0
69.419651,-1,-5,1,0,0,-2,-2,1,0
69.420717,0,0,-1,-5,-4,-1,-2,-1,0
69.420721,2,9,-4,-2,-1,-1,0,0,0
69.442681,-4,-8,-7,-11,-3,-2,-1,-5,0
69.442702,0,3,-4,5,0,0,0,-1,0
69.444895,0,-9,-2,3,-1,-1,-1,-2,0
69.444901,-2,19,13,2,-2,0,-2,-2,0
69.473030,1,2,-6,1,1,-1,0,0,0
69.473052,-3,9,-3,-7,-2,-4,-1,-4,0
69.474963,-3,-22,-6,-6,-2,-2,-1,-2,0
69.474982,1,0,-14,0,-1,-2,-1,0,0
69.479845,1,-12,9,6,-1,0,1,1,0
69.479866,1,3,-2,-7,-1,-1,0,1,0
69.480891,0,4,6,8,2,-1,-1,-1,0
69.480896,-2,-4,-6,-4,-2,-2,-2,0,0
69.502399,-2,4,-7,-3,-2,-1,0,-1,0
69.502414,-1,-2,3,3,-1,-2,-2,-1,0
69.505064,-1,2,4,-12,1,0,2,0,0
69.505069,-1,-7,-1,11,1,0,0,0,0
69.525555,-1,4,-5,-2,-2,-1,-3,-2,0
69.525572,2,11,8,6,0,0,-1,1,0
69.526090,-3,-17,-4,-4,-3,-1,-1,-1,0
69.526122,-4,-10,-14,-6,-2,-2,-3,-3,0
69.539684,1,5,19,4,1,0,-1,-1,0
69.539752,2,8,-3,1,-1,0,0,-1,0
69.540448,-2,9,4,-1,-1,0,-2,0,0
69.540463,0,2,-1,0,-2,-1,-2,1,0
69.562240,-1,-12,-11,-1,-2,-2,-1,0,0
69.563573,-2,-17,-3,-5,0,1,-2,-2,0
69.563577,0,3,-1,-3,-1,0,0,2,0
69.563579,-4,-7,5,5,1,0,-2,-5,0
69.587321,0,7,-7,-1,-1,0,-1,0,0
69.587328,-2,2,2,1,-2,-1,-2,0,0
69.587330,-2,-2,0,-6,-2,-2,0,-2,0
69.587332,-2,-6,-10,-1,0,-1,0,0,0
69.599532,3,10,4,-1,0,-2,-2,0,0
69.599569,-1,10,13,2,1,0,-1,-1,0
69.607408,0,-20,-6,3,1,-1,-3,-3,0
69.607429,0,-3,-3,-7,0,0,-1,0,0
69.622236,-1,1,-10,-1,-3,-1,-1,-1,0
69.622255,-3,-8,-1,-9,-3,-2,-1,-2,0
69.623123,-1,19,3,3,-2,-1,-1,0,0
69.623145,1,-16,-1,-8,-3,-2,0,0,0
69.645920,-2,-11,-7,6,1,-2,0,2,0
69.645948,0,7,-3,-5,-2,-1,-1,1,0
69.648310,-2,-7,-4,2,0,-1,-1,-1,0
69.648316,0,3,5,0,1,-1,0,0,0
69.659098,-3,0,1,-9,-2,-1,-2,-2,0
69.659116,1,-7,-5,4,-3,-1,0,0,0
69.667765,0,7,-1,1,0,-3,-3,-1,0
69.667872,0,2,6,3,1,-2,0,-1,0
69.682641,0,4,3,1,1,0,-2,-1,0
69.682661,-1,1,1,-6,0,0,-1,2,0
69.683223,-1,-1,-1,10,0,-1,-1,-1,0
69.683306,0,2,-6,-5,-2,-2,-1,0,0
69.705635,-5,-7,-3,-3,0,-1,1,-2,0
69.705658,-2,-6,-3,2,-1,0,-2,-5,0
69.707655,1,3,-3,-4,-3,-1,0,0,0
69.707660,0,8,8,-5,0,1,0,-1,0
69.719426,0,-1,-7,6,-1,-2,-1,2,0
69.719463,1,11,-6,-3,-1,-2,-3,2,0
69.727394,-3,-30,-1,0,-1,-1,0,0,0
69.727415,0,4,3,0,-2,0,-2,0,0
69.742169,0,-10,-2,-6,-2,0,-1,0,0
69.742186,0,2,-4,-2,1,-2,-1,0,0
69.743024,0,15,3,2,1,-2,-1,0,0
69.743045,1,-5,2,0,-1,0,0,1,0
69.765896,-2,7,6,4,0,-1,0,-1,0
69.765916,-1,-8,-3,-3,-3,-1,1,-1,0
69.768181,-3,1,-12,-4,2,0,-2,-2,0
69.768185,-2,2,1,2,-1,-3,0,-2,0
69.779136,0,1,-5,-11,-2,-2,-1,0,0
69.779159,-3,0,9,9,-1,-2,-2,-2,0
69.787318,-1,-4,3,0,1,0,-1,0,0
69.787345,0,1,-7,1,-2,-1,-1,0,0
69.804215,-1,2,3,0,-1,-1,0,-1,0
69.804223,-1,-10,-5,-7,0,-1,-1,-1,0
69.804225,-2,-1,-1,0,-2,-2,-2,-3,0
69.804226,-2,3,1,-6,-2,0,-2,-1,0
69.825671,-1,1,-1,3,-2,-1,-2,-3,0
69.827194,-1,12,-3,-2,-1,0,0,0,0
69.827198,-2,-20,0,-3,-2,-2,-3,-3,0
69.827200,0,-6,-5,-3,-2,0,-3,-3,0
69.839181,0,-7,-1,-1,0,-1,-1,1,0
69.839208,-5,-9,2,0,0,0,-1,-4,0
69.847671,1,17,-4,-7,-2,0,-1,2,0
69.847692,-3,-1,-4,1,-2,-3,-1,-3,0
69.862409,-1,-4,-7,-6,-3,-2,0,-1,0
69.862430,0,7,5,4,0,0,1,2,0
69.863501,1,4,-4,-6,-2,-2,-2,-1,0
69.863506,-4,-4,5,0,-1,-2,-2,-2,0
69.885958,0,4,4,2,0,0,-1,-1,0
69.885977,-1,-6,-4,1,1,-1,-3,-2,0
69.888301,-2,0,3,0,-2,0,1,-2,0
69.888309,1,-15,-6,-3,-2,0,-2,-2,0
69.908084,0,31,0,-1,-1,-2,-2,-3,0
69.908100,-3,-11,-6,-3,0,0,-1,-3,0
69.910130,2,15,12,1,4,0,-1,1,0
69.910141,-3,-17,-4,6,1,0,-1,-2,0
69.922409,-2,-5,6,2,0,0,0,0,0
69.922429,0,-6,-13,-4,-2,-2,0,1,0
69.923750,-2,9,6,3,-1,-2,0,0,0
69.923754,-2,4,-6,-5,-3,-1,1,2,0
69.945481,0,1,6,-4,1,-1,-1,-1,0
69.945494,-1,-4,-1,7,0,-1,1,0,0
69.945970,-1,-6,-2,-2,-2,-2,-3,0,0
69.945982,-3,0,-12,-7,-2,-2,0,-1,0
69.968066,-1,-7,1,0,0,0,-2,-1,0
69.968086,0,0,-3,-1,1,0,0,-1,0
69.970682,-1,0,6,4,-1,-1,0,-3,0
69.970692,1,3,-2,-2,-3,-1,-1,1,0
69.982183,0,3,-9,-10,-2,-3,-2,-1,0
69.982205,-1,6,8,7,-2,0,-1,-1,0
69.984620,0,19,-3,0,-2,0,-1,-2,0
69.984624,-1,-28,-3,-4,-1,1,-1,0,0
70.005926,-4,-4,6,4,-1,-1,-1,-3,0
70.005935,-1,-4,4,-6,-1,-2,-2,-1,0
70.006269,2,-2,-6,-3,0,0,1,1,0
70.006279,4,19,8,5,2,-1,-2,-2,0
70.028264,-2,-11,-7,1,-2,-2,-2,-2,0
70.028292,-1,-7,-7,-6,-2,-2,-1,-1,0
70.030348,-2,-1,7,4,-1,0,0,1,0
70.030354,-2,3,-2,-2,1,-1,0,-1,0
70.042385,0,-4,-4,-2,-4,-2,-1,-1,0
70.042403,1,0,1,-2,1,-1,-3,1,0
70.044311,-1,-11,-7,-1,1,-2,0,-1,0
70.044321,0,5,5,2,0,-1,-1,0,0
70.065607,0,1,-6,-2,-2,1,-1,-2,0
70.065635,-4,2,4,-1,0,0,-1,-1,0
70.067931,-2,9,-11,-5,-2,-1,-2,-2,0
70.067936,-2,0,5,1,2,0,0,-2,0
70.088153,-3,-23,-6,2,3,-2,0,0,0
70.088175,1,2,7,-2,-2,-1,0,-1,0
70.088934,-3,-8,0,0,-1,0,-1,-1,0
70.088956,1,6,-2,-9,-3,-2,-1,-2,0
70.103007,0,6,-4,1,0,0,-3,-2,0
70.103026,-1,-9,1,2,-3,-1,1,0,0
70.105494,0,-6,-4,-1,-2,-1,1,0,0
70.105498,-1,5,0,-4,-3,-1,-1,-1,0
70.125857,1,-6,-5,-5,-2,-1,1,-1,0
70.128032,0,2,8,5,2,0,-2,-1,0
70.128038,1,0,-1,-4,0,-2,-2,-1,0
70.128039,-2,-4,-5,5,0,1,0,0,0
70.148300,1,4,0,-1,-3,-1,0,2,0
70.148325,-2,-6,-2,1,1,0,-2,-3,0
70.150187,1,20,-5,2,-1,-2,-1,-2,0
70.150193,-3,-9,7,2,1,0,-1,0,0
72.173052,-24,78,6,0,0,-10,-13,-39,2
72.173389,16,0,-8,-1,-14,-11,13,-9,2
72.174966,55,-44,3,-1,2,-7,-27,10,2
72.175004,-3,32,2,1,24,7,-11,14,2
72.187741,27,-72,-2,-6,0,16,-9,-16,2
72.187769,13,-77,-37,-1,17,19,8,23,2
72.194035,-91,-74,2,-14,-19,31,-15,-62,2
72.194086,45,50,-10,-4,1,-22,-2,-5,2
72.211525,49,87,12,5,-16,47,32,31,2
72.211531,-13,97,9,1,8,5,-25,-13,2
72.212033,45,-22,2,1,-1,-12,-7,30,2
72.212114,-36,-57,-10,-2,-3,32,18,-14,2
72.233157,-22,18,5,-1,6,-18,-21,1,2
72.233178,9,29,0,-3,-9,-2,12,13,2
72.235068,-43,-76,-5,1,4,22,-1,13,2
72.235072,-34,5,3,2,-6,29,7,-9,2
72.247410,57,45,3,2,5,-34,-35,13,2
72.247434,-2,81,6,2,-7,-12,-8,-4,2
72.254136,80,100,4,-2,10,-13,22,1,2
72.254152,-87,-128,-42,-19,-9,19,-32,-2,2
72.272370,-19,4,-10,-1,18,-37,4,-23,2
72.272378,-12,-59,2,-2,1,16,-4,-1,2
72.272380,23,3,11,5,0,-28,21,1,2
72.272382,16,63,14,2,-5,7,11,-2,2
72.300526,-33,-3,-1,-1,-11,-6,0,-5,2
72.300554,48,47,6,-3,-2,2,-3,21,2
72.302604,-54,-29,1,4,11,-12,-6,-10,2
72.302612,6,-8,3,1,-15,-10,-4,6,2
72.306639,7,-39,4,2,3,5,14,0,2
72.306657,-3,-13,-1,0,0,-15,-12,15,2
72.317384,7,13,-6,-7,1,8,-6,5,2
72.317388,27,78,12,11,4,33,6,-10,2
72.330361,36,52,1,1,-5,-24,18,18,2
72.330381,-75,38,-23,-24,-14,-32,-23,-13,2
72.331783,-22,-66,-26,4,7,12,-13,-12,2
72.331796,41,103,6,0,-2,-3,-2,-7,2
72.353561,104,70,1,6,5,23,14,32,2
72.353577,-1,-93,-3,5,4,5,-9,4,2
72.355740,-7,-15,1,-4,-5,-8,-4,-27,2
72.355751,25,21,6,-1,-7,-6,-3,10,2
72.366827,-49,-9,6,6,0,0,-8,-2,2
72.366899,25,3,6,3,-8,14,13,14,2
72.376405,-15,-33,-7,-1,32,13,-10,3,2
72.376418,9,-69,1,3,-4,-20,29,7,2
72.390538,-27,15,-6,-14,10,-66,-21,2,2
72.390561,5,62,14,28,6,36,39,11,2
72.392280,-77,-57,-27,-17,-6,-5,-10,-8,2
72.392285,-62,36,-11,-10,-21,-22,11,-33,2
72.412854,25,-8,1,0,-1,-1,10,0,2
72.412869,-53,48,0,-2,7,-4,-4,-34,2
72.414775,42,46,26,10,-2,10,40,43,2
72.414886,10,-62,-7,-6,14,-10,-43,-38,2
72.426601,-21,65,-14,-4,-15,19,-24,-16,2
72.426608,41,14,-2,2,0,12,27,-5,2
72.436704,16,62,12,4,-8,25,2,-7,2
72.436710,21,-15,1,-3,-6,-43,-9,11,2
72.450686,-38,-11,6,0,-8,-18,0,-5,2
72.450714,70,8,0,-2,1,-13,-11,10,2
72.452472,-81,-50,-15,-6,-36,-30,-24,-31,2
72.452475,95,55,-3,2,32,36,19,4,2
72.473227,-3,-29,14,9,4,16,-8,8,2
72.473231,-103,-91,-12,-8,-6,-7,23,-16,2
72.474424,62,-86,-8,-6,-6,6,-11,34,2
72.474445,-23,26,7,11,0,24,-2,1,2
72.486923,-12,43,7,-5,-2,22,17,-12,2
72.486945,72,75,16,13,17,-5,-5,13,2
72.497651,-19,-30,-8,0,-15,-9,-4,-6,2
72.497657,-56,20,1,-8,-9,27,-3,15,2
72.510485,16,-77,-15,3,5,0,3,-7,2
72.512366,1,16,3,-3,-43,-6,-24,-4,2
72.512376,52,46,8,1,46,78,12,1,2
72.512378,34,56,-7,-4,-18,-100,4,3,2
72.533551,-11,-71,-13,-3,-9,23,1,22,2
72.533580,48,29,4,-2,-1,-3,6,-7,2
72.535724,-56,-26,-3,3,-6,-22,-29,-11,2
72.535728,-75,-124,-11,-3,5,32,7,-8,2
72.547021,18,104,-5,-6,-3,1,12,-10,2
72.547053,0,50,-7,-4,5,-10,-21,-6,2
72.557040,35,65,4,-2,3,-11,-3,16,2
72.557046,18,101,16,9,-1,10,-9,7,2
72.570766,-11,-128,-17,-2,-1,-8,-5,-36,2
72.572957,-24,-6,-4,-1,7,15,0,16,2
72.572963,7,100,18,-1,-5,-20,8,-2,2
72.572965,24,18,8,-6,-3,13,-11,5,2
72.593055,-59,-48,-1,12,1,8,26,2,2
72.593079,0,-31,1,0,16,0,-1,-20,2
72.594907,5,-49,-14,-6,-29,-9,-3,10,2
72.594914,90,19,10,3,3,2,4,22,2
72.606669,-32,-35,-30,-22,-31,64,-7,-10,2
72.606695,-37,50,1,-1,41,6,1,-29,2
72.617605,28,-83,-6,1,9,-29,21,18,2
72.617618,4,83,6,5,-5,35,-5,-10,2
72.630928,43,75,12,5,17,46,5,7,2
72.630941,-40,-84,-10,-7,-40,-33,6,9,2
72.631870,49,127,9,1,18,-22,9,-21,2
72.631889,-25,-59,-10,0,2,-7,-21,10,2
72.653375,-25,-60,1,-5,3,-18,-7,21,2
72.653404,-36,62,1,-3,-2,12,-1,-11,2
72.655640,20,-6,-1,-1,4,-8,4,6,2
72.655647,-17,-20,-8,-3,-23,-8,12,-15,2
72.666698,-43,19,5,0,-3,-30,-13,-1,2
72.666720,-14,-41,-2,-7,2,2,-4,-9,2
72.675463,-33,-1,-6,0,-10,3,3,10,2
72.675510,-26,-89,-17,-6,10,6,-8,1,2
72.690582,61,127,0,0,1,-9,9,0,2
72.690590,26,-123,0,0,-3,0,-12,7,2
72.691809,-19,116,-1,-3,-16,-4,-8,-18,2
72.691825,50,89,5,1,11,3,9,9,2
72.713078,20,-53,-2,-3,-2,-14,-36,1,2
72.713099,-37,106,7,5,10,20,20,15,2
72.714653,54,0,-9,-2,-11,7,-17,-1,2
72.714657,-95,50,10,5,-7,-11,13,11,2
72.726993,-37,-47,-12,-7,4,-40,3,-60,2
72.727014,95,11,-9,-4,-7,-53,-45,11,2
72.738511,-85,-25,1,-1,1,-16,-12,-13,2
72.738527,51,34,2,-3,0,7,1,-2,2
72.752486,21,4,12,3,8,5,-4,24,2
72.752492,5,-75,-14,-4,-3,20,8,0,2
72.752495,-1,-52,-5,4,5,2,19,20,2
72.752496,-32,-5,8,-5,-4,-5,-5,-7,2
72.773087,39,41,8,3,-4,-9,9,-1,2
72.773107,9,50,12,11,9,7,11,-7,2
72.774869,32,77,-18,-8,-1,7,-12,-8,2
72.774875,45,23,1,0,2,10,3,4,2
72.797819,-33,-48,-1,-3,-3,12,1,5,2
72.797824,-67,-12,-34,-10,-8,1,0,-3,2
72.797826,51,-28,23,6,-25,-2,-17,-21,2
72.797828,14,-24,-8,-2,28,7,13,16,2
72.810900,11,35,4,-1,-1,26,-11,-24,2
72.813227,22,-32,-10,2,-9,17,16,16,2
72.813233,-38,8,-3,-4,12,2,2,4,2
72.813235,-5,-19,6,1,-6,-16,0,-41,2
72.833044,-5,-24,-1,-3,-5,-3,-14,16,2
72.833057,44,90,16,5,-2,2,18,1,2
72.835374,0,-46,0,-7,25,12,7,2,2
72.835382,26,-110,-16,1,-29,27,-11,-9,2
72.855506,-27,106,26,5,7,-9,-5,10,2
72.855533,30,12,7,2,-33,1,0,-14,2
72.857829,-17,54,-5,-7,19,-35,-7,-13,2
72.857839,40,-40,-6,5,18,-19,-1,-24,2
72.870799,2,75,-12,-6,-29,-10,1,7,2
72.870829,-46,-11,15,-6,-3,-3,-11,-19,2
72.872812,25,35,11,7,-4,19,1,17,2
72.872828,-47,-10,-13,-9,-3,-6,11,20,2
72.893070,48,-62,-4,3,5,0,-25,11,2
72.893100,-2,71,7,-2,11,13,4,5,2
72.894697,-18,12,1,7,-3,-6,9,-5,2
72.894715,-32,-50,-6,-3,1,11,-6,0,2
72.915669,-45,39,9,1,4,9,10,-9,2
72.915697,3,-12,-18,-8,2,-15,-4,14,2
72.917062,-21,-128,-5,3,-6,3,-9,-11,2
72.917066,3,63,9,4,-3,0,-1,12,2
72.929731,-11,40,-4,1,18,-3,3,-13,2
72.929753,3,-112,6,5,-16,-4,3,2,2
72.936701,-7,75,-2,-3,-7,1,-20,14,2
72.936718,-34,80,3,-4,0,72,28,-5,2
72.953361,42,-125,-26,-8,-5,5,4,-23,2
72.953368,-38,76,4,-3,13,0,14,-15,2
72.954542,14,65,19,7,-2,-1,0,14,2
72.954561,2,-49,0,3,-4,-8,-8,-5,2
72.984309,4,108,2,-1,-1,-17,-13,22,2
72.984313,-48,-92,-16,-10,1,-2,-10,-2,2
72.984765,4,-46,1,4,3,-6,3,-16,2
72.984771,-11,-42,-15,-6,-3,35,-27,26,2
72.989928,4,63,8,2,3,-13,20,14,2
72.991283,44,-76,-8,-6,-5,-11,-14,1,2
72.996533,-4,81,-1,-1,-4,-1,2,-9,2
72.996559,-19,-103,-4,-1,1,-24,-15,1,2
73.013455,2,-10,8,8,-2,16,4,-10,2
73.013462,46,55,3,-3,2,-6,0,31,2
73.014343,-1,-14,-5,-2,2,8,-2,-24,2
73.014388,20,69,7,0,-11,-37,-6,-4,2
73.035717,-69,-82,-3,1,12,7,3,4,2
73.035789,4,84,-4,-2,4,-6,2,-31,2
73.038126,-57,-128,-13,-7,-3,12,-3,6,2
73.038134,53,81,-5,-4,-2,-20,12,-7,2
73.050256,-51,-69,-17,-12,-10,-7,0,3,2
73.050284,-3,-27,11,11,8,4,-9,4,2
73.056722,-3,30,-3,-1,-1,-4,-2,-6,2
73.056738,-16,-14,-2,4,0,-2,3,6,2
73.073022,30,20,-4,-3,9,-14,-10,2,2
73.073039,-45,13,-1,-5,-17,5,-3,-2,2
73.074772,111,94,11,8,31,11,22,2,2
73.074779,-4,-72,22,2,-4,-19,-27,-4,2
73.096261,-24,-46,-8,3,0,0,4,6,2
73.096288,-44,21,-13,-4,3,1,-9,-20,2
73.098006,23,75,-6,-4,-9,-3,-11,20,2
73.098010,-85,-39,-11,-8,3,-7,-8,-20,2
73.109691,30,58,7,6,-1,-5,9,-8,2
73.109711,-1,26,-1,-2,-3,1,-3,1,2
73.116839,-2,-48,-4,-7,-14,-2,3,3,2
73.116946,34,31,3,2,7,4,-5,-5,2
73.133236,6,7,0,-3,-15,-12,14,20,2
73.133259,-21,65,9,7,7,1,3,-25,2
73.134697,28,-38,-7,1,-2,-1,0,7,2
73.134700,-76,73,-7,-9,-8,-3,-1,-6,2
73.155434,90,59,13,2,6,3,-2,-5,2
73.155455,-2,-15,-13,-5,2,-2,-4,5,2
73.156903,-58,-47,-1,7,14,62,11,14,2
73.156919,-6,0,2,-1,-9,-50,-2,-14,2
73.170210,38,83,11,0,-5,-22,-8,25,2
73.170217,-10,-29,-6,-1,3,56,11,-6,2
73.176587,-28,4,5,2,-3,4,-2,-3,2
73.176663,78,-29,-9,-1,0,9,14,18,2
73.192982,-46,-71,0,5,2,5,-3,0,2
73.193000,57,65,7,-1,0,-28,-17,16,2
73.194631,-25,36,-2,-5,-10,-23,-4,-12,2
73.194644,79,70,2,-6,3,13,-3,11,2
73.217399,-58,19,2,2,-4,-8,1,-20,2
73.217404,-24,-39,9,6,3,-1,-14,1,2
73.217407,48,37,-5,-2,-7,-12,14,14,2
73.217409,-22,-44,-3,1,4,-7,0,-12,2
73.233080,-1,-65,-9,-9,-3,16,-3,-13,2
73.233086,22,28,1,-1,-1,-6,-4,-1,2
73.237197,11,-22,-1,0,-8,-15,-12,10,2
73.237246,-16,-31,16,14,8,6,5,-3,2
73.252761,0,30,-4,-3,-4,3,-2,-3,2
73.252783,15,-45,-1,2,2,-4,0,5,2
73.259111,21,-14,13,-3,-6,-10,4,2,2
73.259134,-25,-48,-34,-20,-12,2,5,-26,2
73.277079,24,-26,5,5,-15,6,-14,10,2
73.277085,-13,-40,-5,0,11,-5,28,1,2
73.277087,16,-3,-5,-3,5,3,-5,3,2
73.277130,9,44,17,7,-13,3,8,3,2
73.289150,-9,53,-1,-2,-5,0,4,8,2
73.289169,-40,0,-5,-4,-5,-12,-4,-12,2
73.300044,37,-15,0,-3,1,-2,-7,-15,2
73.300050,-53,15,1,5,3,5,0,24,2
73.312977,2,34,0,0,10,93,0,-14,2
73.313004,71,34,-8,-2,-7,-56,-1,9,2
73.314345,-60,-67,-17,-4,0,-3,-3,12,2
73.314357,-6,15,-4,-4,-11,-6,-6,-4,2
73.335420,42,74,3,-2,19,3,-4,10,2
73.335441,-33,-90,-1,2,5,22,3,-1,2
73.336932,-12,47,0,-10,-6,-2,-6,4,2
73.336939,-8,33,4,7,2,-9,-8,-51,2
73.349495,10,-43,-8,-5,-8,-27,-1,-6,2
73.349528,11,8,6,1,-1,10,-1,-7,2
73.358874,-13,-60,-7,-1,18,-14,5,11,2
73.358878,65,6,-1,-3,-10,9,-1,18,2
73.372969,-52,10,6,2,-1,-21,2,-4,2
73.372986,2,-82,1,-2,-35,0,1,-12,2
73.374498,5,3,-13,-1,26,14,0,-7,2
73.374517,16,24,12,6,12,14,-1,-5,2
73.395741,-3,15,-20,-8,-6,-17,-7,33,2
73.395763,74,-41,28,5,-1,8,26,-37,2
73.398146,-47,73,11,5,-14,-3,-2,-9,2
73.398151,-29,-62,0,-5,3,-2,-4,7,2
73.409452,-34,-110,-11,-1,0,-17,0,4,2
73.409482,-8,127,-12,-6,3,3,-40,13,2
73.419367,33,-5,1,2,-10,-5,12,-18,2
73.419372,-22,38,-2,-1,8,13,-2,6,2
73.431992,18,45,-3,-8,-10,0,-9,-19,2
73.432013,13,-14,0,3,11,4,-4,-31,2
73.441523,-91,24,-5,1,-14,-1,-12,-2,2
73.441528,45,-54,-11,-5,3,2,2,9,2
73.455449,9,-32,9,3,0,-4,6,4,2
73.455466,-11,6,4,-2,-26,-1,16,25,2
73.457267,42,74,8,0,15,-5,-5,-3,2
73.457358,-5,-52,-10,-6,-4,-23,-13,-14,2
73.469086,16,14,5,1,2,36,26,-16,2
73.469184,-3,42,-6,-4,4,-18,-17,-11,2
73.478778,-27,-49,-5,4,-10,-1,10,12,2
73.478783,36,-21,-13,-5,-4,3,-8,6,2
73.493432,-5,105,7,10,7,3,-2,-7,2
73.495743,-29,-7,3,-2,7,3,-5,16,2
73.495757,42,-35,3,0,0,16,4,2,2
73.495759,-23,26,-8,-4,4,-1,-1,-2,2
73.515756,-7,-3,9,2,-6,-11,-4,-4,2
73.515775,16,42,-6,1,0,8,-3,7,2
73.516768,-43,-53,4,-5,17,-6,15,-2,2
73.516780,-2,79,11,-2,-28,-3,-2,-56,2
73.538263,112,21,1,-2,0,-20,-5,24,2
73.538295,-108,-71,-21,-7,-28,-6,-5,-5,2
73.540281,29,-68,-4,-4,9,7,-8,-6,2
73.540287,11,-41,8,8,9,2,8,0,2
73.553395,-81,28,-7,-4,-1,-2,-1,5,2
73.555937,44,-72,-10,-11,-1,-4,-3,6,2
73.555944,10,71,4,7,-13,-1,-4,-2,2
73.555946,-7,-49,1,9,10,4,5,21,2
73.575461,-32,-23,-6,-11,-11,-7,-5,-5,2
73.575472,10,34,9,10,16,6,6,21,2
73.576989,-32,9,-12,-8,-14,-14,-17,-24,2
73.577040,34,21,13,-1,5,-3,6,22,2
73.598695,-24,-63,-5,2,2,9,11,-23,2
73.598725,21,82,10,-2,9,0,-4,-2,2
73.601086,19,4,-15,-7,-8,1,4,-1,2
73.601090,12,-30,-5,0,-1,70,-12,-1,2
73.612946,-55,-1,-13,-4,-2,-13,1,-5,2
73.612965,24,-22,3,-4,-11,6,5,-10,2
73.614361,-13,-3,5,3,12,7,-8,25,2
73.614409,32,-3,3,2,5,3,5,8,2
73.637091,16,-85,2,-6,-3,-5,-20,2,2
73.637100,-42,86,1,6,8,2,5,5,2
73.637102,-73,-55,4,1,-8,-9,0,5,2
73.637104,27,90,-4,-4,3,62,7,2,2
73.649237,70,-113,-10,-3,-5,-55,-37,-28,2
73.649265,-84,-10,-13,-3,0,-3,-10,-13,2
73.658549,28,63,13,6,0,-6,9,14,2
73.658553,35,21,4,-6,-7,-16,8,-20,2
73.673287,21,21,-3,6,9,21,3,11,2
73.675138,-4,-39,-4,0,0,-22,-2,9,2
73.675144,5,-46,-7,-5,-5,-7,-6,-13,2
73.675187,-59,-113,-6,-4,-6,-32,-7,-7,2
73.695600,29,127,-6,-6,-3,11,3,-2,2
73.695617,42,-100,6,8,10,-8,0,3,2
73.696885,-46,39,-5,3,1,15,-1,-17,2
73.696924,49,100,15,-3,-2,40,-4,6,2
73.718362,-57,-111,-9,-5,-13,-3,11,26,2
73.718381,26,-15,7,3,37,23,2,10,2
73.721245,-6,84,-4,-8,3,-11,-9,-48,2
73.721252,-68,-25,-10,1,-7,5,-15,9,2
73.734012,44,78,7,2,0,-2,3,-18,2
73.734033,4,-8,-3,-6,-10,3,3,13,2
73.734903,25,-23,1,3,3,10,1,3,2
73.734924,-12,110,-2,-2,6,-47,-12,23,2
73.755535,-49,-38,7,1,2,24,15,-3,2
73.755554,-25,0,-2,-7,-10,-50,-12,-22,2
73.757965,20,44,5,2,-15,-5,2,23,2
73.757970,71,64,-3,-1,14,-19,5,8,2
73.777924,-82,50,-13,1,-6,-8,-10,14,2
73.777943,36,66,-9,-6,2,50,0,-40,2
73.779596,9,-79,-11,-6,-11,-7,2,6,2
73.779736,-14,113,-2,3,14,-21,-2,10,2
73.793668,-25,-58,14,3,29,42,0,-1,2
73.793675,-1,114,7,0,-20,-68,-2,6,2
73.794473,48,54,15,9,2,7,-8,-7,2
73.794564,-76,-128,-26,-6,-15,-18,6,-25,2
73.815774,-21,-29,5,5,6,3,-1,-6,2
73.817554,17,12,-12,-12,1,19,1,30,2
73.817563,6,-83,-2,4,-7,3,-13,-36,2
73.817568,48,-13,11,0,-7,-19,21,5,2
73.838075,-37,-58,-2,0,15,-21,-19,-1,2
73.838099,16,-62,8,5,-14,23,27,28,2
73.840214,-59,33,-13,-10,-10,-12,-10,-61,2
73.840222,-65,-61,-11,-6,-3,6,-14,17,2
73.852340,76,-54,-8,-1,-6,-5,0,-15,2
73.852364,-52,-24,2,-1,3,1,0,3,2
73.859690,32,0,2,-2,3,5,1,22,2
73.859712,-17,44,4,7,2,-2,0,-3,2
73.875976,0,2,-7,-9,-12,-9,-1,-14,2
73.875997,-39,39,7,5,-31,-7,-6,-4,2
73.877233,86,-39,0,-6,9,22,2,22,2
73.877267,-68,-35,-1,-2,-8,-41,-17,-30,2
73.898596,59,67,12,5,0,13,5,18,2
73.898633,-16,35,-12,-3,-3,-53,-12,-24,2
73.901346,20,-51,-4,-4,-2,9,-7,18,2
73.901352,41,-23,7,7,-1,16,7,13,2
73.912596,-16,127,9,-8,-16,-41,-4,-18,2
73.912626,-22,20,1,0,15,19,12,-9,2
73.918957,-7,-70,1,8,-1,17,1,-2,2
73.918980,62,-7,0,-5,5,-25,-2,64,2
73.936018,-54,108,6,2,-10,6,-6,-46,2
73.936040,77,41,0,2,11,20,-4,1,2
73.937113,29,24,7,-4,1,-11,3,8,2
73.937125,3,68,1,3,-2,19,5,-5,2
73.958017,32,-62,0,-4,-4,0,1,6,2
73.958036,36,-3,6,7,8,8,0,22,2
73.959676,-45,-25,-20,-7,6,-15,-7,-25,2
73.959681,0,-6,-10,-5,-44,-4,-4,-7,2
73.972554,2,23,4,0,12,2,0,24,2
73.972570,37,-12,-1,0,-5,5,-2,2,2
73.979084,18,55,1,-2,7,-3,3,8,2
73.979102,-6,74,10,4,5,2,0,-12,2
73.995609,5,-37,-14,0,-2,-1,-15,-1,2
73.995613,-7,55,22,5,0,8,-6,-5,2
73.996812,18,-73,-11,-1,-10,-5,27,11,2
73.996825,-51,-94,-24,-8,9,-1,-26,-12,2
74.017896,-6,62,4,3,-5,5,1,22,2
74.017913,-5,-2,-6,-7,7,2,-10,-14,2
74.019354,-5,89,11,7,-3,-5,2,4,2
74.019418,-6,-41,2,-1,8,6,7,-15,2
74.032617,-3,-98,3,3,1,2,9,18,2
74.032646,44,-22,-28,-15,1,6,-10,5,2
74.039250,-39,119,17,2,6,53,9,-3,2
74.039349,-27,18,7,-2,-1,18,10,-14,2
74.055648,8,6,-4,4,-1,-1,-1,-6,2
74.055670,0,4,0,0,-2,-9,8,9,2
74.057683,2,-17,-4,-5,-6,-8,-12,0,2
74.057692,22,0,-1,-2,7,-7,-6,4,2
74.078337,53,0,3,-1,-5,1,9,4,2
74.078355,16,-74,-16,-5,2,24,-20,-13,2
74.080832,-71,-113,-19,-13,-7,-50,18,-7,2
74.080838,-74,-71,-4,5,3,-1,24,1,2
74.092256,56,36,-5,-4,-4,-9,-7,-39,2
74.092271,28,2,1,1,2,-8,-2,-18,2
74.099378,-43,-28,4,3,-2,0,-15,-5,2
74.099400,47,22,0,-2,-2,-7,-1,-8,2
74.115842,-1,-17,-4,-1,2,3,6,19,2
74.115871,-34,5,11,4,2,4,3,3,2
74.117506,75,58,2,-13,-9,-7,-11,-13,2
74.117510,12,60,-9,-8,-4,0,3,0,2
74.137892,-1,-84,2,21,9,11,-7,11,2
74.137924,-33,27,7,-5,-5,-6,-5,-3,2
74.139407,-32,22,-16,-2,8,-3,-7,1,2
74.139426,-33,-19,0,-2,-2,-9,-9,-13,2
74.152526,9,27,-7,-7,-4,-2,4,0,2
74.152532,-57,-12,1,0,0,-2,8,9,2
74.159076,-18,-51,14,4,0,-9,-21,-18,2
74.159095,91,87,-7,-6,0,80,26,-7,2
74.175563,-57,-40,2,-6,0,-25,-8,13,2
74.175585,79,115,15,12,-10,6,50,-34,2
74.177665,-31,-48,-17,-7,1,-5,-4,3,2
74.177730,-5,29,9,4,3,3,-13,-10,2
74.198689,-5,40,-6,-6,1,5,8,28,2
74.198697,6,-85,-3,-3,-4,-8,-15,-1,2
74.199505,-8,24,8,7,-4,6,9,19,2
74.199519,21,-8,4,3,4,-23,-3,7,2
74.211667,-22,97,-1,-5,-5,12,-3,-11,2
74.211695,38,-28,13,6,7,-7,0,11,2
74.222471,-23,12,-6,-6,-1,2,-1,2,2
74.222478,-34,-75,-5,-2,-4,-19,-14,-17,2
74.235369,13,31,7,2,1,-2,2,0,2
74.237026,-16,-30,-10,1,0,7,-10,-6,2
74.237033,18,2,-8,-1,-1,-2,2,11,2
74.237035,7,60,16,3,0,-12,-2,10,2
74.258419,36,49,3,-3,7,-10,-11,-10,2
74.258424,56,-20,-17,-1,1,14,9,-5,2
74.259520,-68,-42,-4,-1,-1,24,-1,-38,2
74.259536,-36,-63,-14,-8,-6,-42,-19,5,2
74.271567,24,91,2,-1,-4,-3,10,-8,2
74.271585,-60,-108,-3,-2,0,-14,-19,22,2
74.282518,51,94,8,7,-11,9,-2,-5,2
74.282524,5,-4,-7,-1,11,10,-1,1,2
74.295493,-47,-43,9,-2,-1,3,0,-28,2
74.295514,-32,121,-9,-8,0,-9,-11,10,2
74.296814,68,67,2,6,-2,-10,2,15,2
74.296821,-27,-94,19,7,-1,5,12,16,2
74.318182,-30,73,-17,-3,-8,-16,-30,-8,2
74.318210,-9,-65,4,1,0,21,-1,-11,2
74.320260,-11,-8,-8,-3,12,16,11,-3,2
74.320265,0,44,2,-2,-11,-6,-7,-15,2
74.331680,14,-14,-6,-5,0,-5,8,18,2
74.331708,-25,24,2,0,-9,-1,-6,5,2
74.341534,27,21,11,4,2,-15,-7,6,2
74.341540,24,-17,-4,-4,2,4,2,12,2
74.355329,-14,12,6,9,-1,24,4,-9,2
74.355346,-9,-46,-6,-3,5,-1,2,1,2
74.357089,59,92,0,-4,-4,-15,-6,10,2
74.357167,8,106,2,-1,3,5,1,0,2
74.378350,-38,-119,-13,-10,-8,-7,9,-9,2
74.378371,-1,87,-5,-6,-1,-4,1,-8,2
74.380455,-17,-107,4,8,0,-14,-1,7,2
74.380464,1,70,2,5,-2,4,5,-7,2
74.391682,64,45,29,5,0,0,-17,40,2
74.391699,14,-3,-13,-7,-12,-6,-4,-48,2
74.400340,-52,-34,-9,-7,22,10,-1,-3,2
74.400353,-24,39,-2,-2,-1,-9,1,-10,2
74.415373,49,8,8,13,3,16,6,9,2
74.415386,-82,-17,-23,-13,-2,-9,-7,2,2
74.417100,12,5,1,-1,-11,11,-7,-5,2
74.417113,5,-54,-13,-11,-3,5,-1,6,2
74.437889,18,25,3,6,5,-14,3,-22,2
74.437958,-7,-60,7,2,1,-3,-13,13,2
74.440316,11,91,4,2,-4,-12,6,-3,2
74.440321,2,-18,-12,-4,-1,2,2,29,2
74.451574,24,-39,-4,-7,-2,19,-3,-4,2
74.451597,107,127,6,6,4,2,-2,7,2
74.460904,-35,-68,1,-2,-6,-6,14,5,2
74.460913,28,89,10,10,1,2,-7,6,2
74.475816,-80,-66,-36,-17,-7,0,-6,-85,2
74.475822,8,43,4,-4,3,-58,-25,3,2
74.477026,4,4,-5,-3,-5,3,5,13,2
74.477127,35,80,9,2,-3,3,-5,2,2
74.497856,-17,-128,-5,-3,5,-11,9,14,2
74.497879,-34,-27,-7,-6,-1,13,11,2,2
74.499544,23,50,-1,5,-4,8,-11,0,2
74.499548,-29,-77,-17,-1,8,-13,-5,-14,2
74.511786,-1,79,25,10,-3,11,4,11,2
74.511808,26,-23,-15,-16,-8,8,3,6,2
74.522992,-26,-58,2,0,-1,-5,-6,8,2
74.522998,9,-40,-10,-2,-3,9,3,-14,2
74.536040,-27,51,15,9,4,-11,-6,-6,2
74.536069,16,-121,-1,-8,-11,10,10,27,2
74.537971,-54,30,-7,-7,-6,-6,-7,-22,2
74.537983,-30,16,1,1,10,-6,-14,-16,2
74.558990,34,37,-2,-1,-3,1,-5,19,2
74.559013,-34,54,9,10,8,3,1,-4,2
74.561547,21,47,4,3,-1,3,0,5,2
74.561551,-2,-60,-2,-2,-7,-2,3,-2,2
74.571693,-12,8,3,-6,-2,0,-1,4,2
74.571711,12,6,17,14,0,9,19,3,2
74.582533,38,-18,-16,-14,23,40,-15,0,2
74.582538,-1,13,-15,-6,-9,-35,-7,-4,2
74.595336,6,-61,-18,-14,-9,-30,1,14,2
74.595358,-23,57,8,11,18,1,4,5,2
74.596993,30,55,15,10,-11,-3,-16,-12,2
74.597024,-13,32,13,3,1,23,19,4,2
74.617850,18,-16,-15,-5,3,7,-5,-7,2
74.617867,2,-93,4,-1,-5,-1,-3,1,2
74.619396,20,-13,-4,-1,-1,-19,3,8,2
74.619429,-11,-43,-7,-6,-2,-1,-11,-5,2
74.631517,25,33,18,9,-3,-1,7,11,2
74.631523,-67,18,-5,1,0,7,-6,-18,2
74.641555,22,-29,-5,-3,-6,-8,4,3,2
74.641561,-28,-28,-1,-1,-1,4,4,-1,2
74.656033,58,96,12,13,8,13,4,-3,2
74.657537,-11,25,-21,-9,-5,-7,-11,23,2
74.657542,-91,-44,-5,-3,-4,1,12,-28,2
74.657544,20,-24,15,-8,-2,5,3,8,2
74.678474,-3,-27,-25,-2,0,23,1,5,2
74.678638,-24,52,3,3,4,-17,-3,2,2
74.679544,13,50,8,-1,-21,-11,2,20,2
74.679614,-4,64,2,3,1,0,0,-13,2
74.700897,-22,-34,8,-3,-1,6,0,3,2
74.701001,17,-17,-3,-2,-6,0,-15,-13,2
74.703433,-18,-22,10,2,7,9,39,-6,2
74.703440,22,-30,5,2,-17,-1,-4,16,2
74.715778,25,62,-12,-8,6,44,-17,-2,2
74.717568,3,4,-9,-3,-1,18,21,-5,2
74.717572,29,-79,-5,-2,6,-4,-19,-11,2
74.717574,-4,28,4,6,-2,-11,-5,24,2
74.737848,-29,-35,-3,-5,-6,-7,1,2,2
74.737858,2,-6,-6,-2,0,3,-1,-5,2
74.739521,11,13,-1,-3,-5,-2,-7,4,2
74.739539,13,8,6,3,6,14,5,-13,2
74.760500,13,-44,4,-1,-2,-26,0,-7,2
74.760520,-18,111,15,9,11,18,11,21,2
74.761867,-32,-72,-25,-8,-8,-11,-19,-46,2
74.761874,25,106,-24,-2,5,12,-9,-31,2
74.774169,-44,-95,-12,-16,0,-34,1,-15,2
74.775592,-35,21,5,-5,-13,-11,-9,-36,2
74.782825,-24,91,4,1,5,7,9,17,2
74.782838,-10,4,3,-3,2,4,5,5,2
74.798386,14,30,1,2,2,2,-7,0,2
74.798392,45,-5,1,-3,-7,4,0,1,2
74.799303,2,-34,-2,1,-1,-7,-5,11,2
74.799316,-43,-14,4,1,3,26,-11,-20,2
74.820634,102,92,17,6,-5,-16,0,52,2
74.820664,-90,-7,-9,-2,2,10,-13,-35,2
74.822264,47,-35,-2,-5,-12,20,15,20,2
74.822271,-10,-41,-6,3,-6,-14,9,2,2
74.834997,-4,15,-3,1,0,13,7,2,2
74.835013,11,2,0,-2,8,-7,-8,-10,2
74.849632,10,16,4,1,9,-9,-8,-4,2
74.849652,6,-1,7,0,1,2,-4,2,2
74.858105,-35,-39,-8,-4,-2,2,-1,-6,2
74.860682,64,-5,12,5,1,-7,1,20,2
74.860688,-52,19,-5,-6,-3,-8,-4,-23,2
74.860691,33,62,0,-2,-4,-15,-2,6,2
74.881015,5,-9,-14,-1,0,-6,1,25,2
74.881043,3,72,9,3,-8,-13,-10,-29,2
74.883305,69,-72,12,4,37,8,16,23,2
74.883310,-24,-15,-2,-6,-33,-8,-9,5,2
74.894872,-10,37,9,-4,4,0,21,-30,2
74.894889,24,-1,-8,-3,5,9,-5,11,2
74.901603,26,95,4,5,-15,-8,-1,31,2
74.901619,-28,-35,-7,-6,6,-5,-9,-24,2
74.925588,-12,-16,2,3,0,3,-11,-11,2
74.925603,12,-30,-4,-2,-14,-39,28,18,2
74.927045,-22,26,3,-1,1,-10,-11,-22,2
74.928592,3,21,-4,-1,6,-3,9,8,2
74.940443,-36,-59,-3,-4,-9,19,-4,-10,2
74.940498,-61,-1,-5,-6,-1,-48,-20,23,2
74.941877,28,-42,-6,3,1,47,17,19,2
74.941894,-3,-10,-3,-4,6,23,-8,-17,2
74.955031,-83,-83,-16,-4,6,-23,-5,-25,2
74.955047,0,-27,-14,-5,-1,11,-12,-17,2
74.961543,11,41,8,5,5,-9,-4,1,2
74.961565,19,79,10,-4,2,-6,-5,19,2
74.978010,40,-42,-2,7,-3,11,-9,8,2
74.978032,-35,69,-3,1,-5,17,4,9,2
74.980170,-29,-42,-3,-8,0,-15,-10,-20,2
74.980175,14,-33,-7,6,1,-1,11,-2,2
75.000442,-27,91,-2,-7,-5,-12,-12,-6,2
75.000455,34,-69,12,5,10,12,13,8,2
75.002173,-30,120,5,-6,-14,-23,-10,-22,2
75.002192,-50,-49,-4,-3,0,-7,-2,5,2
75.015187,48,-83,-9,-5,-6,7,-3,15,2
75.015191,2,-5,-3,-1,-1,3,17,-26,2
75.021668,12,-12,-6,-3,-2,2,-1,-1,2
75.021687,-31,51,2,-2,-1,-3,-5,-14,2
75.038031,-22,33,-3,-3,-9,1,-11,0,2
75.038049,82,48,4,4,13,-41,4,9,2
75.039973,-25,-35,-6,-3,-10,-19,2,26,2
75.039980,21,77,12,-4,14,6,32,-7,2
75.060387,-41,-43,-9,5,-6,-21,-23,13,2
75.060393,-73,-101,3,5,-2,24,-10,-20,2
75.061928,39,72,-7,-7,-6,-1,-9,1,2
75.061940,76,-48,-3,-1,-2,-19,-7,14,2
75.076137,-32,68,11,-2,0,7,6,-1,2
75.076144,-50,-66,-1,-4,-4,16,8,-1,2
75.081785,-10,42,-8,2,0,9,-4,14,2
75.081804,-17,-70,4,0,-4,9,-8,-39,2
75.098255,53,90,8,5,5,3,9,19,2
75.098277,-27,41,-9,-9,-6,3,-14,-6,2
75.100563,71,-89,0,-2,0,-5,4,-5,2
75.100567,-83,-11,-15,-1,-5,-7,-5,8,2
75.122286,-4,-99,6,2,4,-2,7,-9,2
75.122298,22,-57,-13,-9,-4,0,-20,4,2
75.122304,17,18,9,2,2,7,12,4,2
75.122308,28,29,-6,-3,-1,2,7,5,2
75.135304,-78,4,-3,-1,-6,-4,4,-1,2
75.135332,38,-14,-5,-10,-6,2,-17,-19,2
75.141571,-66,59,9,5,8,16,3,-23,2
75.141643,44,-88,6,5,3,-2,-5,24,2
75.158032,-25,39,-7,-7,1,-1,10,-10,2
75.158049,10,66,8,1,-4,4,4,-3,2
75.159450,-52,-71,-9,-3,-4,-7,-9,-8,2
75.159457,24,88,11,6,0,-4,1,17,2
77.182337,0,-1,-4,4,3,-2,0,-1,0
77.182840,-3,-1,-5,0,0,-1,-1,1,0
77.184225,2,10,0,-5,-3,-1,-3,-1,0
77.184266,-2,-7,0,-1,-4,-3,-1,-2,0
77.205116,-1,-3,-4,-6,-2,0,1,-2,0
77.205122,-2,2,3,0,-3,-1,-1,-3,0
77.205582,-4,-1,-1,5,4,-1,0,-1,0
77.205600,3,11,-2,-4,-4,-3,-1,0,0
77.219417,-3,7,19,2,-1,-1,-1,-1,0
77.219441,0,5,16,3,-2,-2,-1,-1,0
77.227674,-2,-5,-2,-3,-2,0,0,-1,0
77.227694,-3,-2,5,3,0,2,-1,-1,0
77.242302,-1,-4,-14,-3,-2,-2,-1,-3,0
77.242323,0,-3,-7,-4,-1,-2,0,0,0
77.243879,-3,2,2,1,-2,-2,-2,-1,0
77.243884,1,2,5,2,2,0,0,-1,0
77.266918,-1,-5,1,0,-2,-1,2,0,0
77.266922,0,-8,-14,-1,0,-1,-1,1,0
77.266924,-3,-12,-14,-6,-1,0,0,0,0
77.266925,-2,15,18,-1,-2,-1,1,-3,0
77.279461,0,-7,-3,3,-1,0,-1,-1,0
77.279490,2,7,9,-4,-3,0,-1,-3,0
77.294796,0,-6,-11,-2,-1,-1,1,0,0
77.294817,-2,-7,-13,-4,-3,-1,-1,0,0
77.302217,0,3,0,0,0,-2,0,-1,0
77.302235,-3,2,0,0,1,-1,0,0,0
77.305026,-1,0,2,1,-1,0,0,0,0
77.305033,-2,-12,-7,-2,-2,-1,-1,0,0
77.324845,0,3,2,-7,-1,0,-1,0,0
77.326062,-1,-9,-3,6,1,0,-1,-2,0
77.326068,1,11,7,3,-1,-1,0,-2,0
77.326070,1,-11,4,2,-1,0,0,1,0
77.339414,0,-10,-10,-4,-1,0,-1,0,0
77.339432,-3,-1,-5,-11,-5,-1,-1,-2,0
77.347250,-2,9,12,9,-1,1,-2,-2,0
77.347271,0,-2,-5,-2,-1,-1,-2,0,0
77.362130,0,1,-6,-6,-1,0,-1,-1,0
77.362144,1,-1,-6,1,1,-1,0,1,0
77.362951,0,15,22,5,1,-1,-3,-3,0
77.363014,-1,1,6,-1,-1,0,-1,-2,0
77.384976,-1,-8,-18,-1,-2,-1,-2,-1,0
77.385003,1,24,5,1,0,0,-2,1,0
77.387219,-4,-36,-7,-11,-1,-1,0,-3,0
77.387231,-3,1,-4,8,1,-1,-2,-2,0
77.399016,-1,3,6,-2,-3,-1,1,0,0
77.399037,-3,-2,-6,-1,-2,-1,-1,-3,0
77.407946,2,6,-3,-1,-2,0,-1,0,0
77.407953,-1,-3,-3,-8,-1,-3,0,-1,0
77.423849,1,5,-5,1,-1,0,0,0,0
77.423856,0,-4,-2,-7,-4,-3,0,-1,0
77.423858,-1,-7,7,13,5,0,-2,0,0
77.423860,0,-4,-8,-3,-3,1,-1,-2,0
77.445183,-1,-5,-2,0,-2,0,0,-1,0
77.445206,0,-6,11,1,-1,-1,0,0,0
77.447017,-3,-2,-6,-4,-1,-1,0,-3,0
77.447021,0,-2,-15,-5,-2,-3,0,-2,0
77.459686,1,0,1,2,-1,-2,-2,0,0
77.461806,-1,-2,0,-1,-2,1,-1,-2,0
77.470177,0,2,-8,-11,-4,0,0,1,0
77.470183,-1,1,2,11,1,-1,1,1,0
77.483112,-2,5,8,2,0,-2,-2,-2,0
77.483133,-2,-7,2,0,-1,0,-3,-3,0
77.485357,1,5,-5,-2,-2,-3,-1,-1,0
77.485363,0,15,3,-8,0,-1,-2,-1,0
77.512950,-5,-24,-8,3,0,-1,-2,-1,0
77.512979,0,2,-2,-3,0,-2,-1,0,0
77.514234,0,-6,-4,3,0,0,1,-1,0
77.514241,-1,16,9,2,0,0,0,0,0
77.527938,-1,13,0,0,-1,0,-2,1,0
77.527959,-4,-21,-3,-1,0,0,-1,0,0
77.529322,1,5,-7,-5,-5,-2,-1,-2,0
77.529336,-2,-14,-2,-2,-2,-1,-1,-3,0
77.542531,0,6,-6,-10,-3,-3,1,0,0
77.542551,2,14,1,5,0,-1,-1,-2,0
77.543689,4,-4,6,-3,0,0,2,3,0
77.543695,-5,-10,4,2,-1,-1,-1,-5,0
77.564611,-4,-6,-3,0,1,1,-2,-1,0
77.564624,-4,-3,-3,-6,-3,-3,-2,-3,0
77.565432,1,1,-16,-3,0,-1,-2,-1,0
77.565474,0,16,12,3,3,0,-2,0,0
77.588180,0,4,0,1,-1,-2,0,0,0
77.590383,-3,-4,-3,-1,-2,-1,-2,-1,0
77.590389,-1,3,0,3,0,1,0,-1,0
77.590391,-1,-13,-10,-10,-5,-1,-2,-1,0
77.602827,1,-6,0,-1,-1,-1,-1,-1,0
77.602866,2,1,7,6,2,0,-1,2,0
77.604601,-2,-2,-1,-9,0,-1,0,-1,0
77.604614,1,-5,-4,7,0,1,0,1,0
77.624956,-4,3,-2,-3,-2,-1,-2,-1,0
77.624962,0,3,-4,1,-3,-3,-2,0,0
77.625463,-2,-3,9,0,-2,-2,-3,-1,0
77.625538,0,0,-8,-3,-2,-2,-1,1,0
77.648097,-1,-1,2,-2,-1,-2,0,-1,0
77.648124,-1,19,1,-4,0,0,-1,-1,0
77.650522,-2,-26,-3,1,-2,-3,-1,-2,0
77.650531,0,17,6,6,1,-1,-2,-1,0
77.662267,-2,-16,-5,2,0,-1,-2,-2,0
77.662287,-3,-1,-1,-1,1,1,-1,0,0
77.663411,-1,6,-2,-4,-2,-1,-1,-2,0
77.663415,0,-7,-6,-5,-3,-2,-1,0,0
77.686599,0,8,-11,-3,-1,1,0,-1,0
77.686604,3,9,28,3,1,-2,0,0,0
77.686606,0,5,1,2,-2,-1,-1,-1,0
77.686649,-1,-6,-1,-8,-2,-2,0,0,0
77.707893,-2,1,-5,5,0,0,-2,-2,0
77.707917,1,2,-7,3,0,0,0,-1,0
77.708663,0,-16,-4,1,1,0,-1,1,0
77.708682,-1,-4,-1,-3,0,-1,-1,1,0
77.722209,-1,1,-2,-2,0,-1,0,-2,0
77.722227,-1,-2,0,-1,-2,-1,-1,-2,0
77.722986,-1,10,2,5,1,0,1,-1,0
77.723041,-2,0,0,-5,-3,0,0,0,0
77.744931,0,-18,1,-9,-4,-1,-1,-2,0
77.744960,0,2,-7,6,2,0,0,-1,0
77.746889,-2,13,22,0,0,-1,0,-1,0
77.746893,-1,1,-8,-1,1,-2,-2,-3,0
77.768158,-1,-5,7,-2,-1,-2,-1,0,0
77.768221,-3,-4,-10,-11,-1,-2,-2,1,0
77.768684,0,4,1,7,0,0,-3,0,0
77.768702,-1,1,-7,0,0,1,-2,-1,0
77.782170,4,5,4,-5,0,1,-1,0,0
77.782183,-3,-12,-6,2,-1,-1,-3,-2,0
77.782949,-1,-12,-10,-4,-1,-1,-1,-2,0
77.783031,-1,30,10,0,0,-1,0,-1,0
77.805141,-1,-18,-4,1,-2,-3,-2,0,0
77.806674,0,-6,-4,-7,-3,0,0,3,0
77.806680,-3,5,1,2,0,-2,-1,-3,0
77.806682,2,2,2,5,2,-1,-2,-1,0
77.828024,-3,-8,-7,3,1,1,0,0,0
77.828037,-2,3,4,-1,0,-1,-1,-2,0
77.828626,-1,-6,-7,-7,-4,-1,-3,0,0
77.828689,0,-11,-17,-8,-2,-2,0,-2,0
77.842260,-1,14,6,5,0,-2,-2,-1,0
77.842268,1,-10,-6,-7,-2,-1,-1,-3,0
77.842891,2,9,0,6,1,-1,0,2,0
77.842898,-3,-18,-6,-3,-2,1,-1,-2,0
77.864767,0,5,-2,-2,0,-1,-1,-1,0
77.864789,-2,10,11,3,-2,-2,1,-1,0
77.866705,-1,19,-6,-5,-1,-1,-2,-2,0
77.866709,-1,-30,-1,1,0,-2,0,-1,0
77.889109,-4,5,6,-1,-2,-1,0,-1,0
77.889117,0,-9,1,-2,-1,-1,-1,-1,0
77.889119,-1,1,4,3,1,-1,-1,-1,0
77.889120,-2,6,6,0,-2,-1,-2,-1,0
77.904243,2,2,-5,0,0,0,-2,-2,0
77.904257,-1,-4,-6,1,1,-1,-2,1,0
77.904261,-2,-3,-2,-3,-1,-2,0,2,0
77.904265,1,-5,-1,-2,-2,0,0,1,0
77.925064,0,-3,-8,-7,-3,-3,1,0,0
77.926989,-1,5,4,1,-3,-1,0,-2,0
77.926993,-3,-11,-2,0,0,0,0,-2,0
77.926995,0,7,1,-8,-3,-2,-1,-2,0
77.950421,-1,-6,2,11,0,-2,-1,-1,0
77.950425,0,-6,-6,-3,2,1,0,0,0
77.950427,0,-3,2,-1,-1,-2,0,-3,0
77.950429,-2,-10,-7,2,-2,-2,0,-1,0
77.964966,-1,14,2,-5,-3,-1,-2,0,0
77.964970,-1,19,4,-2,-3,-1,-1,-2,0
77.964972,-2,-26,-11,-9,-1,-2,-2,-1,0
77.964973,1,-3,7,4,3,-1,-2,-1,0
77.985052,-1,7,-2,-2,0,0,0,0,0
77.985071,0,0,-6,-1,0,-1,-2,0,0
77.985757,1,8,2,-3,0,-1,-2,0,0
77.985775,0,1,0,-6,0,1,-1,-2,0
78.008293,-2,-9,6,6,-1,-1,-1,-1,0
78.008321,-1,-8,-9,-5,-4,-2,-1,-3,0
78.010990,-3,15,-17,-3,-4,-4,-2,-4,0
78.010996,-4,-8,21,5,1,1,1,-1,0
78.022383,1,5,14,2,2,0,-1,-1,0
78.024277,-1,2,3,1,0,0,-1,-1,0
78.024284,-2,-3,0,-1,-2,0,-1,0,0
78.024287,-1,-6,-8,-1,-3,-1,-1,0,0
78.044691,-1,-2,-9,-7,-4,0,-1,-1,0
78.044711,0,-6,2,1,1,-2,-1,0,0
78.045606,-1,-3,3,0,-1,0,0,0,0
78.045727,0,7,-10,-1,-1,-2,-1,-1,0
78.068573,-1,0,2,-1,1,-1,-1,-1,0
78.068610,-1,-3,-10,-6,-2,-2,-2,0,0
78.070980,-1,-5,9,7,2,0,-1,-1,0
78.070988,-1,-2,-3,1,1,-1,-2,0,0
78.082462,0,11,10,-1,0,-1,-2,-1,0
78.082495,-3,-6,-4,0,0,1,-1,-1,0
78.084858,0,1,0,-3,-2,0,0,1,0
78.084863,0,14,-4,-1,-1,0,-1,-2,0
78.106831,-1,-33,-10,-4,-2,-3,-1,-1,0
78.106837,0,-4,-2,3,1,0,-1,-3,0
78.106839,2,11,4,1,0,-1,0,1,0
78.106841,-3,-14,0,-1,-1,-2,0,-1,0
78.128414,2,10,-5,-7,0,-2,0,0,0
78.128431,2,4,3,4,-2,0,-1,0,0
78.130330,-4,-17,-1,-1,-1,-1,-1,-4,0
78.130336,-2,3,-3,-1,-1,-1,-1,0,0
78.141447,-4,3,3,1,0,1,-1,-2,0
78.141463,-1,-14,-8,-2,-1,-1,0,0,0
78.151495,2,3,1,-9,-2,-1,1,0,0
78.151499,-1,18,9,2,-2,-3,-2,0,0
78.166087,0,-2,8,2,-1,0,0,1,0
78.166092,-1,8,-8,-2,-3,-1,0,0,0
78.166094,3,-14,-10,-5,2,0,0,2,0
78.166095,-1,-10,-4,2,-2,-1,-1,-1,0
78.188268,0,0,-1,1,-1,-2,-2,-1,0
78.188290,-3,-1,6,-2,-1,0,-2,-1,0
78.190512,1,20,-13,-4,-3,-1,-1,-1,0
78.190555,-2,-19,1,2,1,0,0,0,0
78.201809,1,10,-4,-6,-1,1,0,-1,0
78.201831,-2,-13,4,5,1,0,0,-1,0
78.210242,0,0,10,1,-1,-1,-1,-1,0
78.210269,0,0,-11,-1,-3,1,-1,1,0
78.224847,0,0,-6,-9,-6,-3,-1,-1,0
78.224863,1,-7,-2,4,2,-1,0,0,0
78.227188,-1,5,7,2,-1,-1,0,-1,0
78.227193,2,4,1,-1,0,0,-1,-2,0
78.247878,-2,-3,-7,0,-2,-1,-1,-2,0
78.247900,-2,-17,-12,-6,-3,-1,-1,-2,0
78.248757,-2,0,-1,4,0,-2,1,1,0
78.248777,1,-1,-1,-4,-2,0,-2,-3,0
78.261532,0,-3,3,2,0,0,-1,1,0
78.261544,1,13,6,-2,-1,-2,-1,-1,0
78.270486,-3,-4,-4,-1,-2,0,-1,-2,0
78.270618,-1,1,-6,-7,-1,-1,-3,0,0
78.284681,-2,-15,3,0,0,1,-1,-2,0
78.286227,1,30,17,6,1,-1,-2,-1,0
78.286231,-4,-8,7,2,-1,-1,-1,-2,0
78.286233,-2,-3,-1,-5,-3,-1,1,0,0
78.307951,1,3,-10,3,0,-2,1,0,0
78.307961,-4,-11,-6,-7,-2,-2,-1,-3,0
78.308529,2,18,-5,-1,0,-2,-2,-2,0
78.308541,-1,-23,10,-2,-1,-1,-1,-3,0
78.321631,-4,-7,-4,2,2,0,-1,-2,0
78.321657,-1,-1,-1,-3,-2,-1,0,-1,0
78.329758,0,0,3,-2,-1,-1,0,0,0
78.329780,-1,7,-3,-5,-3,-3,0,-1,0
78.345565,1,1,0,1,1,-2,-2,-1,0
78.345593,-1,11,6,-1,-2,-2,-1,-2,0
78.347323,0,-19,-5,-3,-2,1,-1,0,0
78.347331,-1,5,1,-2,-2,-1,0,-1,0
78.368340,-2,-3,-8,2,0,-1,-3,-2,0
78.368368,0,5,-5,-3,0,-1,-1,0,0
78.370469,-3,-10,4,5,0,-1,0,1,0
78.370475,-2,5,6,7,0,-1,0,1,0
78.381952,-2,0,-8,-3,-4,0,0,-3,0
78.381974,2,3,0,-6,0,0,-2,0,0
78.390003,-3,-11,-3,-5,-1,-1,-2,-2,0
78.390019,-2,-5,-2,5,1,0,-3,-1,0
78.404788,-2,-6,4,-1,-2,0,1,-1,0
78.404816,-2,-4,-2,1,-1,-2,0,-1,0
78.405518,1,3,-6,-6,-1,0,-1,-1,0
78.405813,1,6,0,0,-1,-1,0,0,0
78.427042,-1,3,1,-1,1,-3,-2,0,0
78.427063,2,-3,3,-1,-2,0,0,0,0
78.434924,-2,-7,12,5,1,1,0,-2,0
78.434956,-1,3,-12,-3,-1,-3,-2,-1,0
78.450472,-1,1,8,1,0,0,-1,2,0
78.450488,-1,-9,-9,-8,-3,-1,-1,-1,0
78.451272,-1,7,-6,-4,0,-2,-1,-2,0
78.451346,-3,-4,0,4,0,-1,0,-2,0
78.465217,3,13,5,-1,-1,-2,-1,1,0
78.465223,-5,-14,-5,-1,-2,-2,-3,-4,0
78.465283,-1,-2,1,-5,-3,-1,-1,0,0
78.465303,1,-2,-8,0,1,-1,0,2,0
78.488063,-4,-5,-5,-5,-2,0,-2,-4,0
78.490029,-1,-4,8,6,1,-2,0,-2,0
78.490035,1,-1,-5,-2,-2,1,2,1,0
78.490037,0,1,-3,-4,-3,-3,-1,-1,0
78.511180,3,18,8,1,-1,-1,0,0,0
78.511188,-2,-20,5,1,1,-1,0,1,0
78.511190,-1,-7,-5,3,0,0,-2,-2,0
78.511192,0,13,7,-3,-1,-1,0,1,0
78.524713,-2,-2,-7,-3,-2,1,0,-2,0
78.524747,1,11,-9,-1,-2,-3,0,0,0
78.532563,-1,-13,-5,-12,-1,-2,-2,-1,0
78.532590,3,-3,0,14,1,1,0,-1,0
78.547914,-2,-4,0,-1,0,-1,-1,0,0
78.549185,-4,-2,-4,-5,-2,0,-1,-1,0
78.549190,0,17,12,7,0,-2,-1,-1,0
78.549192,-1,-3,-6,-6,-1,-1,0,1,0
78.570729,-2,-4,0,-2,-3,-1,0,-2,0
78.570753,0,1,-5,1,-1,-1,0,-1,0
78.572821,-1,1,-4,-3,-3,-2,-1,0,0
78.572827,-1,-4,1,-4,-2,1,0,-2,0
78.585273,3,16,12,8,3,-1,-1,2,0
78.585301,0,-12,-3,-3,-1,0,1,-2,0
78.588033,-4,2,-1,2,-1,-1,-2,-3,0
78.588039,-1,-8,-1,-3,-1,0,-1,-2,0
78.607885,-1,-9,-15,-8,-4,-2,-2,-1,0
78.607900,1,1,3,1,-1,0,-1,0,0
78.608527,2,8,-8,5,0,-1,-1,1,0
78.608540,-1,2,8,-2,-2,0,-1,-2,0
78.630502,-1,-17,-7,-4,-5,-2,0,0,0
78.630524,-2,5,0,-3,0,-1,0,-3,0
78.632518,0,-5,1,-4,0,-2,0,0,0
78.632526,-1,6,-1,4,0,-2,-3,0,0
78.644843,0,-2,-3,2,0,-2,-2,-1,0
78.644865,-1,-1,4,-2,-2,-1,-1,-1,0
78.647458,0,-6,-14,-8,-5,-1,0,0,0
78.647463,-1,15,12,2,2,-1,0,-1,0
78.667700,-2,22,6,5,2,1,1,-3,0
78.667710,-2,-24,-1,3,1,0,0,1,0
78.668422,-1,-13,-13,0,-2,0,1,0,0
78.668435,0,-9,-8,-7,-3,-2,-2,-3,0
78.690410,-2,0,-1,-1,-2,-1,-3,-1,0
78.690427,2,13,-1,3,0,-1,-1,0,0
78.691812,2,6,2,-1,-3,-1,-1,-1,0
78.691906,-4,-15,-11,-8,-3,-4,0,-3,0
78.704808,-1,-5,8,3,0,-1,-2,0,0
78.704835,-1,8,11,4,2,-1,0,-3,0
78.707020,-1,-3,8,0,0,0,-2,0,0
78.707026,1,4,-9,-4,-1,0,-2,0,0
78.728146,0,2,-6,-5,-1,-2,-1,-1,0
78.728155,-1,-15,-13,-4,-2,-2,-3,-2,0
78.734896,-1,13,14,5,2,0,-2,0,0
78.734915,-1,8,8,-1,0,1,0,-1,0
78.750720,0,-4,1,0,0,1,1,0,0
78.750741,-3,16,-4,-2,-2,-1,-2,-1,0
78.752211,-2,-13,1,0,0,-2,0,-2,0
78.752214,-2,-7,-18,-2,0,1,-1,-1,0
78.764987,-1,0,-4,-3,-2,-2,-1,-1,0
78.765019,-3,-17,-6,-2,-1,-1,-2,0,0
78.766858,0,4,14,3,-2,-1,-1,0,0
78.766861,-1,3,6,-4,-3,-2,-2,-1,0
78.788070,0,-1,1,1,0,0,0,-3,0
78.788096,2,8,-7,-5,-3,-1,1,0,0
78.789994,-1,5,-11,1,0,-2,-2,-2,0
78.790001,-4,-15,4,3,2,-1,-1,-2,0
78.810537,-2,0,-4,-2,-1,-1,0,-2,0
78.813199,-1,-1,3,-3,-1,1,-2,-1,0
78.813205,-2,7,-7,-1,-1,-1,-1,0,0
78.813207,2,-2,2,-1,-3,-1,0,2,0
78.824896,-2,-9,4,-2,-1,-1,-1,1,0
78.824916,0,14,-4,-11,-1,-2,-1,-3,0
78.825663,-4,-17,-2,8,0,-2,0,-2,0
78.825684,-1,-3,-6,-7,0,0,-1,0,0
78.848263,-1,0,1,9,1,2,0,1,0
78.848290,1,-6,2,-1,-2,-2,-2,1,0
78.850245,-1,2,-7,-9,-1,-1,-2,-2,0
78.850255,1,-1,3,4,-1,-2,-1,-1,0
78.870373,-1,-7,-3,-7,-3,-2,-2,1,0
78.870391,-1,8,2,1,1,1,0,0,0
78.871272,1,-5,1,2,-2,-1,0,-2,0
78.871291,1,12,7,3,1,0,-2,-1,0
78.884088,0,4,-4,-3,-2,-2,-3,-3,0
78.884177,-2,-2,-4,-1,-3,-2,1,-1,0
78.892191,-1,-2,-4,0,0,0,0,0,0
78.893610,-4,-7,-3,-3,-3,-2,-1,-1,0
78.908131,-1,-5,-1,-12,-3,-1,-2,-3,0
78.908161,0,-4,-7,11,2,-2,0,0,0
78.909982,-2,21,13,0,2,1,-1,1,0
78.909991,-2,-3,1,-1,-2,-1,0,-3,0
78.930855,-4,-3,-3,3,0,-2,-1,-1,0
78.930861,-2,-16,-6,-6,-3,-1,-1,0,0
78.930990,3,7,-7,-5,-1,-1,1,-2,0
78.930996,-3,-10,-8,2,0,0,-1,-1,0
78.952999,0,-7,-1,1,1,0,-1,-1,0
78.955163,1,18,8,2,0,0,0,2,0
78.955168,1,-1,2,-1,-2,-2,-1,-1,0
78.955170,-2,3,-10,-7,-2,-2,-3,-4,0
78.968141,-2,-7,-2,-1,-1,-3,0,-3,0
78.968163,-3,-3,-2,1,-1,-1,-2,-2,0
78.969701,-2,-5,-2,-3,-2,0,-2,-1,0
78.969707,2,12,2,-4,-2,-1,-1,2,0
78.990586,-3,-15,-1,7,0,-2,-1,-1,0
78.990614,1,-2,6,-1,0,0,-1,0,0
78.992477,-1,-5,-7,-2,0,-1,-1,-1,0
78.992484,-2,0,0,-5,-2,-1,0,-1,0
79.005050,0,22,2,-1,0,0,0,0,0
79.005068,0,-12,5,3,0,-1,-3,-2,0
79.007578,-3,-11,-8,-4,-3,-2,-2,-2,0
79.007586,-2,-5,0,2,-2,1,1,1,0
79.028288,-1,-8,-10,-5,-3,-1,-4,-2,0
79.028314,-2,5,13,0,-1,0,1,1,0
79.028768,-2,-4,-11,-2,-1,-1,0,-2,0
79.028920,4,4,-2,3,0,-2,1,2,0
79.050578,-2,6,13,5,1,-1,0,-1,0
79.050599,-3,-12,-3,0,-1,1,-2,0,0
79.051782,2,-4,0,-3,-1,-2,-2,0,0
79.051785,-2,-4,-3,4,-2,-1,-1,-3,0
79.064350,0,3,-2,-3,-3,-1,0,0,0
79.064379,-3,3,-1,0,-2,-3,-2,-4,0
79.072375,-2,2,6,1,2,-1,1,0,0
79.072395,-3,-4,-1,-2,0,0,-3,-4,0
79.088106,0,-3,-2,-6,-1,-2,-1,-1,0
79.088125,1,5,-4,2,-1,0,0,1,0
79.088729,-3,-3,0,-1,-2,1,-1,-1,0
79.088744,1,15,-10,0,1,-1,0,0,0
79.110513,-1,-26,0,1,1,-2,-2,-1,0
79.110535,0,14,-1,0,1,0,-1,0,0
79.112618,-1,2,-1,-1,-1,-1,0,-2,0
79.112623,-1,-3,3,0,-1,-1,0,1,0
79.124115,0,-1,-8,-3,-4,0,0,-1,0
79.124132,0,-6,-10,-2,-2,-1,-2,-2,0
79.133630,0,4,7,-2,1,1,0,0,0
79.133641,-2,3,6,8,0,-1,-2,-1,0
79.148974,0,-14,-10,-6,-1,-1,-1,-1,0
79.148980,-1,1,-5,2,-2,0,0,0,0
79.149462,-4,1,-5,-2,-2,-1,0,-1,0
79.149493,-1,-11,-2,-7,-4,-3,-1,0,0
79.170544,0,14,5,1,3,-1,0,1,0
79.170560,-2,-13,-3,-2,-1,-1,-2,-2,0
79.172622,1,11,14,1,-2,-1,0,-1,0
79.172629,-2,-4,3,-2,0,-2,-1,1,0
79.184196,-3,3,-6,-1,-2,-1,-2,-3,0
79.184217,-2,3,11,-5,-1,-1,0,0,0
79.194323,-1,0,-7,1,0,0,-1,-3,0
79.194431,-1,-9,-4,2,-1,-1,-2,-1,0
79.207879,0,15,5,-3,-1,-1,2,-2,0
79.207895,-1,-10,-3,-1,0,0,-1,-1,0
79.210248,0,-3,-6,-2,-2,-1,-1,0,0
79.210253,0,16,2,-7,-3,-2,0,1,0
79.230460,-3,-22,-1,3,-1,0,-3,-2,0
79.230481,0,5,-6,0,1,0,1,0,0
79.231830,0,-7,3,1,0,0,-2,0,0
79.231843,1,3,-2,-1,0,-1,-2,-2,0
79.244222,-1,-3,11,1,0,0,-1,0,0
79.244245,-1,-12,-7,-6,-2,-3,0,0,0
79.255724,0,10,-3,-2,-2,-1,1,-1,0
79.255735,-1,0,0,3,-1,0,-2,0,0
79.268019,-3,15,10,-1,-1,1,0,0,0
79.268044,0,3,-5,0,-1,0,-1,-3,0
79.269963,-2,-15,-5,-1,1,0,0,-1,0
79.269967,-1,-16,-4,-4,-1,-1,0,-2,0
79.297977,0,1,-8,-12,-2,-2,-2,-4,0
79.298005,0,6,1,7,-1,0,0,-1,0
79.300028,-1,-7,2,5,-1,-1,-1,0,0
79.300037,-2,-4,-6,3,0,0,0,0,0
79.304183,1,3,0,-1,-1,-2,-1,-2,0
79.304209,0,-2,4,-9,-4,-1,-1,-1,0
79.313292,-1,-3,-10,-4,-1,-2,-4,-2,0
79.313296,2,25,14,2,2,1,-1,0,0
79.327932,-1,-16,-4,3,0,-1,0,1,0
79.327956,-1,8,-4,-1,0,-1,-1,-1,0
79.329498,3,-2,1,-1,-2,0,-2,1,0
79.329509,-2,-5,-2,-4,-1,0,-2,-2,0
79.350424,0,3,-6,0,-3,0,0,0,0
79.350437,-3,2,1,0,-3,0,-2,-3,0
79.352106,-3,-3,-5,-2,-1,0,0,0,0
79.352226,0,-9,3,1,-2,-1,1,-1,0
79.364490,0,6,-5,2,-1,0,-3,-1,0
79.364495,-3,-2,11,-4,-1,-3,0,-2,0
79.374900,-3,-13,3,0,-3,-2,-1,-1,0
79.374906,-1,-2,-12,-1,-1,0,-1,-2,0
79.388101,-1,3,0,2,0,0,-1,0,0
79.388118,2,8,-1,3,-1,0,-2,0,0
79.389590,-2,-11,-2,-1,-3,-3,-2,-1,0
79.389597,-1,-5,-2,-3,-1,-2,-1,2,0
79.411595,-1,-4,-8,-6,-2,-1,-1,-1,0
79.411599,0,1,-10,0,0,-2,-2,-2,0
79.411773,-2,12,10,-4,0,0,0,0,0
79.411779,-1,-14,-16,0,-3,-1,-2,-1,0
79.433150,-2,-3,5,-4,-1,0,-1,-1,0
79.433177,-1,6,-1,-4,-5,-1,0,-2,0
79.435022,-1,1,-4,0,0,-1,1,-2,0
79.435026,-3,-5,-1,-3,-2,-2,-3,-2,0
79.455586,1,1,6,3,-1,-2,-2,1,0
79.457894,2,8,-3,-5,-1,-1,0,1,0
79.457900,-3,-11,9,8,1,0,-1,-1,0
79.457902,-2,14,11,2,1,1,-1,-1,0
79.470576,-4,0,-4,-2,-3,-3,-2,-2,0
79.470600,2,-7,-2,-2,0,-1,-3,2,0
79.472820,-1,20,-5,-5,-3,-1,0,-2,0
79.472826,-3,-19,-1,0,-1,-1,-1,-3,0
79.501280,-1,-4,-4,-3,-2,-1,0,-2,0
79.501300,-1,-5,4,4,-2,-1,-1,-1,0
79.503605,1,-1,-11,-10,-3,-2,-1,0,0
79.503618,3,15,14,9,4,-1,-1,-1,0
79.507857,1,6,2,-4,1,1,-1,-1,0
79.507875,-4,-8,-6,2,0,-2,0,-1,0
79.509664,0,0,-1,-1,-1,-1,-1,-2,0
79.511047,0,-2,1,-7,-3,-1,0,0,0
79.530405,-3,-6,6,-1,0,-1,0,-3,0
79.530426,0,-1,-3,1,-1,-1,-1,0,0
79.532552,-1,1,-7,-5,-2,-1,-1,-1,0
79.532563,4,-15,-6,-7,-2,-4,-2,-2,0
79.553374,0,3,10,11,3,0,-1,-1,0
79.553406,-1,-4,5,-2,0,2,0,-1,0
79.554811,-3,-7,-4,0,-1,-3,-1,0,0
79.554830,-3,0,-7,-2,-4,1,-1,-1,0
79.567245,-1,4,-8,-5,-3,-1,-1,0,0
79.567258,-1,-7,-3,-3,-2,-2,-2,-1,0
79.574122,2,5,5,-2,0,0,-2,1,0
79.574144,0,6,7,8,3,0,-2,0,0
79.590764,-3,-6,-4,-3,-4,-2,-1,-2,0
79.590787,0,1,-1,-2,-1,-1,0,-2,0
79.592850,-1,-2,0,-1,-1,-1,-2,0,0
79.592856,0,-2,1,-7,1,0,1,1,0
79.612943,-1,3,-4,6,-1,0,-1,-1,0
79.612961,-1,13,16,1,-1,0,-1,-1,0
79.614281,0,-12,-9,-3,0,0,-1,0,0
79.614295,2,-6,-8,1,-2,1,0,-1,0
79.628495,1,-1,-4,-3,-1,-2,0,1,0
79.628501,-3,-3,-6,-5,0,-3,-1,0,0
79.634136,-2,4,2,2,-2,0,-1,-1,0
79.634158,-1,4,0,1,-1,0,0,-2,0
79.650299,1,-1,2,-1,-1,-2,-3,-1,0
79.650320,-2,-2,-12,-4,-3,-2,-4,-1,0
79.651762,-1,-9,9,5,2,0,0,0,0
79.651857,-4,7,10,3,1,-3,0,-2,0
79.674298,2,0,0,-1,-2,-1,0,-2,0
79.674303,0,0,1,1,0,0,0,-1,0
79.679722,1,3,-6,-5,-3,-1,-2,1,0
79.679748,-4,-6,-10,-6,-5,-3,-1,-1,0
79.687378,1,3,3,-5,1,-1,-1,0,0
79.687394,-2,-12,-11,2,-1,-2,-2,-2,0
79.694450,1,16,13,7,2,0,1,-1,0
79.694530,0,18,-6,-5,-4,-1,0,0,0
79.711127,-1,-23,6,3,-1,1,1,-1,0
79.711156,-2,-8,-7,-4,-1,-1,-1,-2,0
79.713462,-3,9,-4,-6,-2,-3,-1,-2,0
79.713466,-3,-19,-3,-1,0,1,-1,-2,0
79.733287,-1,6,-4,-2,1,-2,-1,-1,0
79.733397,0,2,3,2,0,0,0,-1,0
79.735298,-1,-1,-3,-1,-2,-1,0,-3,0
79.735302,0,1,-5,-3,-2,0,-2,1,0
79.746974,0,-3,-9,-5,0,-3,1,0,0
79.746996,-3,-9,11,6,1,-1,0,0,0
79.755807,1,14,-6,-5,1,-1,-2,1,0
79.755812,-2,-10,-5,2,-1,-1,-1,-3,0
79.770413,-2,-2,-10,-3,-3,-1,-2,-2,0
79.770433,1,-1,1,-2,-2,-1,-1,-1,0
79.772158,-1,-13,-4,-1,-1,-3,0,0,0
79.772179,-1,0,2,-3,0,-1,-2,-1,0
79.793285,-1,3,0,-2,-3,-2,-3,0,0
79.793306,0,-3,-4,-4,-2,0,-1,-3,0
79.795405,3,0,10,7,2,-1,-1,2,0
79.795409,-3,9,-11,-4,0,-1,-1,-1,0
79.807224,-2,-11,14,3,1,0,-2,-1,0
79.807248,-1,1,-3,-4,1,-3,-2,-2,0
79.814283,-1,-9,-5,1,-2,-1,-1,0,0
79.814306,-3,-4,-7,-2,-2,-1,-2,-4,0
79.830315,0,15,2,0,0,-2,0,-1,0
79.830328,0,3,2,-6,-1,-2,-1,0,0
79.831940,-2,-4,-2,-8,-2,-1,-1,-3,0
79.831994,2,-4,2,12,2,-3,-1,1,0
79.852862,0,1,-3,5,0,0,1,0,0
79.852884,-1,-5,1,-2,-2,1,-1,0,0
79.855174,-1,6,-2,0,-2,-2,-2,0,0
79.855180,1,0,0,-5,-1,0,-2,0,0
79.867392,-5,-16,-6,-4,-2,-1,-1,-1,0
79.867421,-2,3,5,7,1,0,-1,-1,0
79.876110,-1,-6,-3,-4,-3,-1,-1,-2,0
79.876115,0,-13,-7,-3,-1,-1,-1,2,0
79.890562,2,9,4,0,-3,-2,-1,1,0
79.890568,1,0,-10,-5,-3,-3,-2,-1,0
79.891812,-1,5,5,4,0,0,-1,-2,0
79.891829,3,4,2,-1,0,-1,0,0,0
79.922749,0,-1,-2,-7,-1,-2,0,-1,0
79.922761,-2,-6,-6,1,-2,-1,-2,-1,0
79.922764,0,6,3,-2,-1,-1,1,-1,0
79.922766,-1,3,7,5,-1,-1,0,0,0
79.926841,-2,0,-6,1,0,0,-1,-2,0
79.926862,0,-8,-1,-3,-3,-1,0,0,0
79.938514,0,5,-3,-4,-2,-2,-2,-2,0
79.938524,-2,-5,14,0,0,1,0,0,0
79.951086,1,-10,-18,-2,-2,-1,1,0,0
79.951123,-1,6,11,0,2,-1,-1,-2,0
79.953657,0,-7,-5,0,0,-1,-1,0,0
79.953663,-1,19,-3,-6,-3,-4,-2,-1,0
79.973097,-3,-15,-3,1,0,0,-1,-2,0
79.973114,-1,0,-3,-1,0,1,-1,-1,0
79.975060,-1,-9,0,1,0,0,0,-1,0
79.975065,0,5,1,-3,-2,-2,0,1,0
79.986710,0,7,0,-6,-2,-2,-4,-2,0
79.986733,-1,0,-3,4,-1,-1,-1,0,0
79.995878,-4,-6,2,1,-1,0,-1,-1,0
79.995882,-1,2,1,-6,-1,-1,-3,-1,0
80.010709,-1,3,-2,6,1,0,-2,-1,0
80.010737,-1,-2,3,-1,-3,-2,0,-1,0
80.016880,-1,1,3,-1,0,-1,-2,0,0
80.016949,-1,-7,-12,-2,-1,-1,-1,-1,0
80.032821,0,4,-10,-4,-1,-1,0,2,0
80.032835,-5,-10,18,3,-1,0,-2,-5,0
80.034745,0,2,-6,0,1,-2,0,-1,0
80.034763,-6,-19,3,-1,-1,0,-1,-3,0
80.046547,0,13,-2,-3,-2,1,-1,0,0
80.046559,2,-1,-12,-3,-1,0,-1,1,0
80.057500,0,-4,2,2,0,-1,0,0,0
80.057506,-3,8,-6,-6,-1,-1,0,-1,0
80.071285,0,1,6,-5,-2,-3,-2,0,0
80.071312,0,2,-3,8,0,-1,0,-2,0
80.073753,-2,-5,2,-4,-2,-3,-1,-2,0
80.073766,4,-3,5,7,1,2,2,0,0
80.092124,-1,-7,-2,-6,-1,-2,-1,-2,0
80.092131,1,8,10,-5,-2,0,-2,1,0
80.102647,-6,-10,-15,-1,-3,-1,-2,-2,0
80.102652,1,-2,4,1,0,-3,-1,0,0
80.106710,-2,17,3,4,2,0,1,-3,0
80.106726,-1,-21,-14,-3,-1,0,-1,-1,0
80.116825,2,4,2,-2,-2,-1,-1,0,0
80.116830,-1,18,9,-3,-4,-1,-1,-1,0
80.130415,-2,-10,-5,-1,-1,-1,-3,0,0
80.130436,-3,-2,-10,-2,-1,-1,-2,1,0
80.131807,0,-10,-8,-6,-1,-1,-1,-1,0
80.131842,-3,6,4,5,-1,0,-1,-3,0
80.153292,0,8,8,-8,-2,-2,-2,-1,0
80.153299,1,5,-2,4,-1,-3,0,0,0
80.159781,-2,-6,-4,-1,-1,-1,-1,0,0
80.159809,3,3,-2,-3,-1,-1,-1,0,0
80.175410,-3,-19,-6,5,-1,0,0,1,0
80.175432,-1,8,6,-8,-1,-2,0,-2,0
80.177240,1,4,4,1,0,0,-2,-1,0
80.177247,0,8,-14,-4,-5,-1,0,-2,0
82.192049,102,61,-58,-15,-10,18,-16,-9,2
82.192824,-62,-73,-4,-12,-9,-34,21,21,2
82.202444,59,-24,2,13,27,-6,-30,3,2
82.202496,18,107,-5,-9,-6,7,-3,-26,2
82.223234,-9,-96,0,3,-4,-25,0,-10,2
82.223250,-14,-23,-3,-4,4,12,10,15,2
82.229096,-23,112,7,3,-2,2,1,-42,2
82.229118,70,-35,-5,-3,-14,-1,-15,24,2
82.238084,-56,38,-3,-3,18,-21,-7,21,2
82.238107,76,91,6,7,6,-46,9,-42,2
82.240067,11,39,-31,-14,-22,-9,1,36,2
82.240073,52,88,8,5,0,-9,-9,-8,2
82.260936,-86,-17,4,0,-1,4,6,-38,2
82.260964,36,-38,0,7,-1,4,-4,18,2
82.263536,-15,-26,18,5,-3,2,9,-18,2
82.263542,24,13,6,-2,0,-11,-3,1,2
82.275839,80,-37,-2,3,1,16,0,38,2
82.275860,-18,48,-21,-7,-8,2,11,-45,2
82.278271,-65,65,8,-1,31,18,2,-27,2
82.278276,-100,-98,-26,-15,-9,-1,6,48,2
82.297903,85,-1,33,16,1,14,16,1,2
82.297917,3,-75,-9,-4,0,-2,-48,-47,2
82.299753,9,81,22,-1,-11,3,26,13,2
82.299771,15,-80,19,1,3,-11,6,10,2
82.320449,-86,30,-16,-6,4,6,6,-12,2
82.321781,-26,40,-20,-4,-11,3,-10,10,2
82.322100,-31,-32,-10,2,7,8,14,0,2
82.322133,40,-35,-19,-9,-1,-11,-11,-18,2
82.342900,69,57,9,6,-6,11,-13,23,2
82.342915,35,-66,1,5,11,-14,-10,-3,2
82.344480,32,-115,-15,-11,-34,-22,-2,9,2
82.344498,-4,75,33,10,21,56,17,28,2
82.358010,9,-12,-22,-16,-11,-26,-19,-85,2
82.358017,42,-1,-20,-2,9,17,17,51,2
82.359302,-53,-58,6,-5,-7,-15,-10,-4,2
82.359311,-26,-31,14,6,-4,-4,-11,-22,2
82.380367,29,-2,8,2,-4,13,1,10,2
82.380389,-34,43,1,-3,4,1,0,15,2
82.381956,15,-37,0,-6,2,11,-7,-9,2
82.381994,-29,-36,-33,1,-12,-9,18,-8,2
82.394945,-2,127,16,3,6,-3,-40,25,2
82.394970,-102,-76,-19,-2,-4,7,26,-9,2
82.401753,32,71,6,-3,-8,-8,-3,29,2
82.401782,22,64,-6,-11,-2,-5,-24,-104,2
82.418145,-18,-27,-3,1,-11,-3,22,9,2
82.418167,22,73,22,4,18,20,-1,33,2
82.420991,-13,-39,-13,-3,-31,-2,-4,-9,2
82.420996,10,-84,16,8,25,-10,0,29,2
82.441131,-103,-52,2,-8,-1,4,4,10,2
82.441146,11,-76,-29,-8,-16,4,-1,9,2
82.442665,31,43,40,1,-2,7,12,-4,2
82.442691,-5,20,-5,10,-4,-19,-8,-22,2
82.454768,-26,-20,44,5,-8,7,6,30,2
82.454790,25,-28,31,3,15,5,2,12,2
82.461619,-49,77,-5,1,2,67,-24,-56,2
82.461642,-58,-88,-31,-17,-2,21,19,-6,2
82.478009,-41,-75,-21,-2,5,13,0,-23,2
82.478030,80,97,14,3,-7,-4,3,0,2
82.480660,26,42,-5,4,11,10,7,24,2
82.480664,-16,-35,9,2,-4,-10,-15,-5,2
82.500278,65,20,-14,-3,-1,4,11,27,2
82.500285,-91,-1,-31,-7,0,-13,-2,-33,2
82.501944,75,-80,7,-3,2,-25,-5,74,2
82.502005,-45,79,19,5,-10,-14,-6,-47,2
82.515908,108,10,-16,-4,20,-5,-9,6,2
82.515914,-85,-18,-3,-6,-21,7,20,7,2
82.521665,-96,-60,1,3,11,-11,-2,6,2
82.521683,8,23,-10,-6,-16,-11,2,-6,2
82.537961,-30,38,4,-3,5,-6,1,1,2
82.537979,8,108,18,-5,17,24,-17,-15,2
82.539823,17,-30,-19,0,-3,-4,-6,-2,2
82.539828,78,102,1,8,7,61,9,35,2
82.561213,-98,22,10,-2,-7,-2,-3,-38,2
82.561225,115,74,12,-1,-9,-18,-11,49,2
82.561833,36,-19,5,3,-6,-16,2,-30,2
82.561846,0,-35,-32,-7,4,6,-15,2,2
82.575953,-12,-73,43,12,-3,-7,2,-22,2
82.575959,16,-15,-21,-2,0,0,2,-22,2
82.581855,-86,-67,-3,-1,3,19,0,-35,2
82.581883,105,106,-19,-7,-15,-3,-17,38,2
82.597888,-14,-48,-15,-7,13,-34,-2,6,2
82.597909,50,-15,14,3,-29,-11,27,-4,2
82.599501,-92,68,-6,-4,16,-21,-23,2,2
82.599575,68,-3,-24,-9,-12,3,34,22,2
82.623113,-11,-20,5,1,-12,-4,-4,-31,2
82.623121,-98,41,18,5,18,21,-3,-12,2
82.623124,115,41,11,3,-5,-2,5,-34,2
82.623125,-38,6,13,4,-2,-37,-13,12,2
82.635190,-9,-34,-13,-5,-2,47,3,23,2
82.635211,58,-19,5,2,-3,-20,-5,12,2
82.641989,-61,-38,-20,-3,-4,20,1,-12,2
82.642162,-13,6,20,-2,9,42,2,8,2
82.658269,69,29,-10,0,-6,-7,11,12,2
82.658376,35,-70,-10,2,4,4,-13,-10,2
82.661022,13,76,-7,2,2,-1,-3,8,2
82.661027,-20,13,7,-2,1,-3,-7,-25,2
82.681143,-50,84,-15,-3,2,-6,3,30,2
82.681165,13,-63,-8,1,-11,-5,-8,-5,2
82.683128,69,-52,-19,-1,3,0,0,25,2
82.683132,18,-10,18,10,-2,-17,9,1,2
82.703232,-57,9,-24,-20,-7,-1,-12,1,2
82.703245,22,-20,20,16,7,-3,-6,-8,2
82.704837,-17,25,-3,-5,20,-3,5,12,2
82.704909,75,27,1,3,0,-14,-4,38,2
82.717942,-16,77,4,10,3,2,0,-34,2
82.717955,112,36,-2,-10,3,17,2,56,2
82.719350,-76,47,3,-1,-11,4,-3,4,2
82.719369,-2,56,-12,-2,-7,-55,5,13,2
82.740679,17,-66,10,3,3,-2,-6,7,2
82.741939,6,109,32,12,-4,15,5,-7,2
82.742079,-47,-47,-25,-10,-2,-29,-3,3,2
82.742091,-11,17,-15,-7,11,21,-24,17,2
82.754230,-10,99,-24,-9,-20,-69,13,-92,2
82.754249,-21,-3,-19,-3,5,-10,-1,4,2
82.762854,-8,-68,27,2,8,-2,12,8,2
82.762860,16,53,19,0,-8,0,-10,-28,2
82.779014,-5,-106,-5,2,2,15,-5,23,2
82.779020,-4,60,-41,-6,-1,6,-1,11,2
82.779296,15,-23,9,-7,-3,-12,-4,-16,2
82.779309,-38,31,19,3,-3,3,6,-2,2
82.800450,-26,-54,19,6,-10,16,-9,12,2
82.800583,-80,-15,-15,-4,5,-8,-1,-10,2
82.802244,124,32,-13,-8,-13,8,4,40,2
82.802248,-94,19,-8,-1,1,-35,-5,-32,2
82.814035,77,33,22,9,1,55,5,54,2
82.814059,-48,-32,0,-8,1,-3,-4,-17,2
82.823846,7,-1,6,3,-5,0,-3,-46,2
82.823850,31,9,14,6,10,6,2,-2,2
82.840425,62,80,-6,-7,-3,2,7,31,2
82.840432,-3,-10,0,-1,-9,15,-7,-9,2
82.840435,-64,14,15,10,5,-12,23,-6,2
82.840437,17,-18,14,-2,-3,-5,10,-5,2
82.860684,12,26,1,4,9,15,-15,-7,2
82.860705,-66,20,5,-5,-10,-69,-11,5,2
82.863317,-20,-68,-21,-6,-3,11,-3,-25,2
82.863321,53,-62,-3,-2,2,11,1,9,2
82.874135,3,115,3,11,-1,-19,12,40,2
82.874157,74,37,6,4,4,13,-7,-46,2
82.889165,6,1,-8,1,0,-4,-11,3,2
82.889182,-75,-7,-16,-7,-2,-11,-2,1,2
82.898240,31,-72,-24,-13,-3,12,2,-20,2
82.898269,59,-40,9,4,4,6,6,16,2
82.900887,5,87,-6,-1,-2,6,-3,-14,2
82.900899,36,77,-11,-8,-9,3,-7,-1,2
82.920708,15,-69,28,11,6,-7,-1,-6,2
82.920820,-61,-40,-12,-13,2,2,-17,8,2
82.921982,5,-24,-5,0,-14,-8,8,24,2
82.921995,-38,0,25,11,-20,9,44,8,2
82.934050,-27,-32,-34,-14,13,-9,-15,-15,2
82.934072,16,-52,1,-4,-1,-16,-2,1,2
82.950467,23,23,-4,-2,-1,40,-8,-21,2
82.950584,32,19,-11,-7,-7,-14,-13,-12,2
82.958063,-42,-112,-16,-5,-5,-5,-2,0,2
82.958083,-86,-52,20,5,-1,15,14,4,2
82.960080,-18,43,-12,-6,-5,-14,-5,13,2
82.960089,-57,-100,-5,0,6,-23,-11,5,2
82.981311,-15,35,-7,-3,-6,-2,-9,1,2
82.981316,-26,14,-11,1,7,-2,4,-14,2
82.981753,52,91,5,4,2,40,0,-2,2
82.981758,-23,-54,-2,0,7,17,8,-3,2
82.994462,3,-69,3,-13,-7,9,-17,-27,2
82.994484,60,106,2,-6,-7,-6,22,52,2
83.004640,36,-50,-5,10,4,2,-13,-90,2
83.004647,-49,10,22,1,-1,8,-5,-7,2
83.018293,6,106,-6,-2,3,-7,8,45,2
83.018319,4,-50,-5,-2,1,13,-9,-27,2
83.019892,24,3,4,-3,0,-15,2,44,2
83.019896,10,62,-4,5,-9,-2,-16,-21,2
83.041452,-15,-91,-8,-5,33,-11,31,3,2
83.041460,-60,-57,-17,-9,-15,-1,-17,-8,2
83.042058,36,45,8,6,2,-13,9,5,2
83.042081,-51,-23,-20,-11,-7,-13,-8,14,2
83.054627,-2,79,20,10,-5,11,-2,0,2
83.054653,48,94,4,4,5,2,4,7,2
83.063623,-6,-26,-8,-5,0,-14,-6,-37,2
83.063628,4,-68,-5,0,2,8,1,-6,2
83.077917,17,-31,-6,-4,-10,-6,-7,-7,2
83.077938,-3,-37,-5,0,2,2,-1,-1,2
83.079473,-60,84,8,-6,-9,-9,0,13,2
83.079487,50,19,11,7,10,2,-2,25,2
83.100368,23,72,-6,-1,-4,-4,-6,-40,2
83.100390,26,44,4,-8,-2,0,2,8,2
83.101991,-59,6,10,10,6,4,5,40,2
83.102011,-15,-54,-18,4,3,-2,-1,-23,2
83.114238,-10,36,33,8,1,2,6,26,2
83.114281,75,86,-16,-13,-10,-3,-10,-35,2
83.123913,-37,-7,5,-1,-20,-9,-4,14,2
83.123925,48,-16,0,-2,37,-5,-6,-5,2
83.138037,25,34,-13,-3,0,15,8,17,2
83.138085,-18,-75,1,1,-20,-7,-23,-7,2
83.139888,12,-32,6,1,2,-1,-11,8,2
83.139892,-70,-54,-1,0,-15,-13,34,24,2
83.160648,-24,80,-11,-9,-4,2,0,-40,2
83.160670,2,25,5,6,15,7,9,-8,2
83.162224,-32,1,-9,-3,7,-4,-4,-8,2
83.162232,105,-68,14,-7,-11,2,-13,16,2
83.182867,-25,127,22,11,3,-6,-3,25,2
83.182931,-92,-21,-10,-5,-3,-2,3,-18,2
83.184585,-49,55,-6,3,-1,-5,2,-5,2
83.184653,37,127,12,-5,5,6,-9,-15,2
83.196868,42,-43,-8,-5,-7,-4,-2,25,2
83.196875,53,-37,6,6,-7,-1,0,3,2
83.206709,-29,26,7,-1,9,5,6,1,2
83.206759,40,-7,-8,-7,1,-7,-8,-9,2
83.220499,-35,-128,-20,5,-19,8,-6,-9,2
83.220524,-38,17,13,3,-5,1,3,-1,2
83.222321,43,-17,-4,-7,4,0,1,-5,2
83.222328,-25,-85,11,1,-5,-1,-3,-6,2
83.244649,-30,30,2,-2,-2,-7,-5,5,2
83.244657,65,127,-7,1,9,1,10,-4,2
83.244659,-8,-105,-9,-9,-15,-4,13,14,2
83.244660,10,-26,-9,0,19,2,-31,6,2
83.258630,14,19,-1,-4,-4,-8,-8,-29,2
83.258636,-34,24,8,7,7,3,-2,11,2
83.259469,48,-14,-15,-5,6,0,11,-2,2
83.259540,-42,15,11,1,-13,4,8,4,2
83.280464,17,-1,5,2,0,-11,-11,0,2
83.280484,-6,-28,-9,-1,22,10,11,13,2
83.281859,50,7,13,1,-7,-2,-3,-8,2
83.281933,5,-36,-30,-14,-9,-2,-1,-18,2
83.306076,18,-46,4,-1,6,-2,0,19,2
83.306082,-108,38,-12,-12,-7,-9,-12,-15,2
83.306085,6,12,-1,9,1,0,-5,58,2
83.306087,64,65,5,-6,2,-1,2,-63,2
83.317856,9,3,8,-1,-4,-12,-2,-17,2
83.317874,-66,-42,21,12,3,14,1,-42,2
83.320278,54,27,-33,-13,-3,-7,-5,50,2
83.320285,-12,39,38,11,-4,2,1,50,2
83.340403,23,-98,-22,-8,-3,-3,4,1,2
83.340424,47,-20,23,-2,2,-4,1,-9,2
83.341976,-43,19,-3,-6,-8,-5,-8,-22,2
83.342026,4,59,-12,1,3,4,4,4,2
83.362857,-28,-23,-5,-6,-35,-6,-10,-8,2
83.362880,40,46,1,2,31,5,3,21,2
83.364413,17,-18,12,4,5,0,-11,-26,2
83.364485,11,-106,-20,-3,-4,-4,7,0,2
83.377896,-5,106,5,7,2,9,11,8,2
83.377917,5,-45,-27,-15,-20,-17,-47,0,2
83.383904,21,94,7,1,4,-1,24,10,2
83.383925,-68,-95,7,5,0,3,-8,-19,2
83.400353,75,36,-10,-10,6,-8,-12,-30,2
83.400367,-28,38,6,12,10,9,19,-10,2
83.402073,-16,9,-15,-16,-14,-7,-18,-27,2
83.402166,51,67,8,12,-2,-3,7,29,2
83.422015,-41,-5,10,2,6,13,8,5,2
83.422033,28,64,-1,-4,-29,-11,2,23,2
83.430813,24,-77,-10,-5,30,6,-11,-35,2
83.430818,-32,63,8,4,1,0,5,-12,2
83.437614,-25,53,6,-2,2,-6,-6,4,2
83.437635,24,-42,-6,-3,-15,-4,2,37,2
83.451662,-54,30,1,4,5,5,8,-4,2
83.451683,3,-22,-18,-11,-8,-6,-9,-6,2
83.460941,-60,-64,-4,4,15,14,4,7,2
83.460950,-19,70,-1,-2,-12,-39,-11,-21,2
83.461878,31,-86,0,-2,-7,-1,-9,-3,2
83.461891,-9,-4,-9,-3,5,2,-6,7,2
83.483682,61,22,-4,-2,-5,-1,9,-5,2
83.483705,51,26,23,-4,10,6,6,8,2
83.489180,-21,45,7,14,-18,-2,-5,-15,2
83.489197,3,79,-14,-7,-5,-2,-3,15,2
83.497481,-26,28,18,3,1,-5,-4,-29,2
83.497504,88,-127,-21,-1,1,8,5,37,2
83.504308,-110,-93,4,5,7,-2,-8,-31,2
83.504332,16,67,1,3,0,-2,10,14,2
83.520048,36,-81,-8,-4,-5,7,5,15,2
83.522187,-35,39,-9,-5,-4,7,-5,-5,2
83.529975,21,28,3,-9,2,2,5,9,2
83.529981,-21,9,0,10,1,-4,-4,-9,2
83.543725,-4,2,0,2,-1,-9,-2,8,2
83.543753,-33,-75,1,-1,-2,3,5,15,2
83.546472,33,-10,-3,-7,-6,-4,-6,1,2
83.546478,-2,26,4,-3,-7,-2,-3,-25,2
83.557404,24,84,0,2,6,-5,-4,13,2
83.557426,-43,-21,-2,3,1,5,1,-11,2
83.564484,7,74,3,-7,-6,-4,-1,-3,2
83.564500,-10,-99,4,1,5,3,4,7,2
83.581035,-54,30,-5,1,-2,-1,-4,-15,2
83.581073,-8,15,-18,-13,8,-5,7,15,2
83.586870,-49,-96,-1,3,-19,-1,-1,-69,2
83.586892,45,1,0,0,-1,1,-3,2,2
83.602842,6,-10,-6,-6,1,-1,-1,10,2
83.602852,-11,30,6,6,-2,0,-4,-29,2
83.604688,-27,-82,-9,0,7,0,3,48,2
83.604710,-30,-58,5,-6,-30,-4,-5,-15,2
83.617304,53,83,4,3,22,-2,-2,-4,2
83.617327,-7,-59,-1,-5,1,4,-5,4,2
83.624053,31,12,4,8,-1,1,21,10,2
83.624072,-30,-52,-18,-7,9,1,-11,-6,2
83.640493,-39,-12,3,0,-7,-3,31,5,2
83.640511,23,-91,-15,-3,-4,-6,-14,-9,2
83.642267,12,17,-2,-6,2,-1,-3,-34,2
83.642275,17,124,12,-5,-1,-1,-7,-6,2
83.662990,-4,62,14,-3,-1,0,-3,-1,2
83.662998,8,38,-13,5,6,-1,-1,15,2
83.664441,-3,38,2,4,-5,-2,-7,-21,2
83.664540,5,-34,-13,-8,5,0,1,4,2
83.685486,43,14,9,5,-3,-2,-12,0,2
83.685511,6,-28,11,2,14,6,19,-6,2
83.686901,26,12,-10,-4,3,2,-5,17,2
83.686910,2,95,13,6,0,-1,2,1,2
83.701060,2,8,-2,-4,-1,-2,-9,48,2
83.701089,-89,-47,-8,2,-7,-2,-6,-65,2
83.703823,27,30,-9,-9,4,-6,-7,10,2
83.703875,49,48,5,1,7,0,1,-8,2
83.724259,-89,-110,-10,-3,-7,1,3,7,2
83.724269,53,127,16,0,-6,-3,-2,12,2
83.724430,-6,93,4,-3,7,-6,1,26,2
83.724473,-4,-71,-7,5,-6,9,-2,-10,2
83.739142,-8,-16,-7,-6,-2,-3,-7,8,2
83.739154,-3,24,6,-1,-1,2,2,-3,2
83.746528,60,-1,13,1,-7,-2,2,-3,2
83.746534,-32,61,-4,-6,0,-8,-5,-22,2
83.760425,13,22,-4,-2,-2,-5,-7,-10,2
83.760443,10,-94,-2,-1,-2,-4,-11,17,2
83.762016,20,127,4,0,8,3,13,3,2
83.762022,-20,-128,11,1,4,4,1,18,2
83.783246,7,45,-5,-7,-11,1,13,-24,2
83.783274,6,63,-2,3,-1,-3,-9,1,2
83.785407,-6,-2,10,2,7,1,-4,39,2
83.785412,-72,19,-27,-9,-10,-5,-8,-53,2
83.797189,-33,-42,0,-4,2,-13,-12,-17,2
83.797225,98,-44,13,0,5,20,12,42,2
83.807498,-20,-44,-20,-14,-7,13,-8,-5,2
83.807504,35,-63,-13,7,-8,-4,8,11,2
83.820664,2,-19,-3,0,9,1,-6,-9,2
83.822242,-23,67,16,0,0,-3,7,7,2
83.822249,14,86,22,12,2,5,-4,-25,2
83.822252,-28,-36,-1,-7,0,0,-6,11,2
83.842948,13,-66,-7,-10,-5,-2,-3,11,2
83.842968,21,73,1,6,5,2,5,-14,2
83.844597,24,-35,2,-3,-4,-9,-9,6,2
83.844650,15,-24,12,6,2,-3,2,9,2
83.856685,8,100,3,6,-1,1,0,-18,2
83.856706,-28,-11,1,-1,-4,-2,2,9,2
83.867307,-57,-54,-2,3,0,-3,1,-6,2
83.867314,39,127,-10,-8,-18,-16,-12,15,2
83.888220,33,-83,-1,-4,-7,14,-1,-13,2
83.888250,-28,-21,-2,8,2,-6,-10,-7,2
83.890264,-39,105,12,3,2,-1,4,-38,2
83.890271,23,-30,-7,-4,-1,-2,9,43,2
83.903262,-44,-58,-6,2,-1,-2,-8,-26,2
83.903290,-44,35,-14,-7,-12,-6,-10,-5,2
83.905365,3,-22,2,10,2,3,6,-1,2
83.905372,57,82,-5,-6,6,3,-1,11,2
83.916634,45,14,3,-4,-2,-2,1,27,2
83.916663,-40,-85,-13,3,1,-3,6,-23,2
83.925428,-11,-58,-12,-2,-1,-1,1,1,2
83.925501,8,-5,20,7,17,4,-6,-15,2
83.941881,2,48,-2,1,-25,-5,-4,-3,2
83.941887,61,61,9,-1,31,4,4,-7,2
83.941890,-13,104,1,-6,-6,7,1,20,2
83.941891,-1,-57,-8,-6,1,1,-6,-18,2
83.963160,-20,15,-8,4,3,-1,6,12,2
83.965526,14,127,3,-5,-10,-1,-2,-18,2
83.965532,-58,-101,-2,5,5,14,-7,6,2
83.965534,83,-35,-6,-3,2,-24,2,0,2
83.976635,-88,-95,-23,-5,-1,13,0,-14,2
83.976654,81,67,-9,-3,-10,-12,-2,16,2
83.987237,0,66,12,0,7,-1,6,4,2
83.987244,-18,27,3,-1,-9,5,-15,18,2
84.003036,-27,-28,2,5,12,21,23,-8,2
84.003040,-90,-102,-1,-2,-5,-19,-3,-10,2
84.003043,7,-72,-14,-14,-14,-11,-7,40,2
84.003045,22,66,13,11,3,2,-6,-34,2
84.022815,-10,4,-3,-7,1,-14,-1,15,2
84.022830,-50,53,-4,4,1,11,7,5,2
84.024479,53,-38,-4,4,10,-8,-2,-16,2
84.024510,-109,116,2,-6,-14,9,5,32,2
84.036799,37,44,15,9,10,-4,-19,-8,2
84.036829,47,-17,-12,-13,-13,-1,-1,-9,2
84.047658,56,77,-5,5,1,-8,-4,1,2
84.047664,14,-104,5,8,4,8,10,23,2
84.060756,-56,48,-13,-6,-1,1,-6,-40,2
84.060777,35,-17,12,-4,-3,13,3,0,2
84.063220,-46,42,-15,1,-8,-18,-6,-4,2
84.063225,9,-68,1,-6,3,5,2,2,2
84.083324,47,113,12,3,-1,-6,-1,13,2
84.083345,-72,-22,-5,-3,1,-1,-6,-15,2
84.085485,48,-57,1,-2,0,5,2,11,2
84.085489,-44,35,-20,-4,0,0,6,-17,2
84.096457,44,45,20,4,1,-1,11,21,2
84.096471,29,96,4,1,-3,-8,-18,-20,2
84.112935,-25,-73,-20,-9,-7,-13,-20,0,2
84.112956,-52,-67,-8,-3,3,7,19,-43,2
84.120445,-56,14,-4,-11,-3,-1,1,19,2
84.120469,-19,-48,-3,7,1,0,7,12,2
84.122632,-3,38,10,-4,-5,0,0,-29,2
84.122638,1,127,5,11,6,1,-7,1,2
84.143360,33,-128,-25,-11,-25,-13,-7,1,2
84.143705,-82,-26,10,8,21,5,4,-9,2
84.144603,-17,-78,1,-5,2,5,-11,1,2
84.144633,-47,127,-13,-11,-3,-2,32,-1,2
84.165326,26,-50,-1,5,-2,-2,-6,-8,2
84.165348,-29,-57,-21,-9,-5,-5,-7,16,2
84.168085,41,71,14,2,-1,4,11,11,2
84.168089,-28,53,6,2,-1,-3,-19,-16,2
84.187883,33,-89,-4,-2,10,-2,-1,46,2
84.187892,-23,35,-14,-8,-8,1,0,-25,2
84.189596,39,9,16,7,3,0,-1,47,2
84.189611,30,-12,11,4,-1,-9,-16,-43,2
84.202964,-61,-75,-7,-2,2,14,9,-28,2
84.202983,26,-30,-6,-1,-4,4,3,3,2
84.204603,-27,69,-16,-11,-7,3,-6,10,2
84.204665,65,69,9,8,1,-3,-5,29,2
84.225744,0,21,10,7,16,-5,0,-8,2
84.225766,17,0,-2,-1,-9,-1,-2,7,2
84.227632,2,-102,-27,-9,0,3,4,-16,2
84.227641,-23,19,-6,-8,1,-2,-4,-1,2
84.239958,-18,36,36,11,-4,-8,-5,-19,2
84.239978,95,67,6,-8,-8,3,1,17,2
84.241153,-48,-66,10,2,16,-10,-10,-37,2
84.241158,1,-5,-13,-7,-17,2,-10,-8,2
84.262353,25,67,-4,-3,-6,-6,2,21,2
84.262374,-33,23,-3,1,6,0,-1,10,2
84.264849,32,40,0,-3,-4,-4,1,-11,2
84.264854,8,-120,-2,-1,7,3,-12,9,2
84.285226,-22,-7,-14,0,0,-4,18,-22,2
84.285245,-21,21,20,3,-2,-12,-13,-18,2
84.285973,17,-62,-24,-8,-10,9,18,19,2
84.285988,74,-57,8,-9,2,5,-4,-22,2
84.300439,52,93,2,8,0,0,-11,5,2
84.300478,99,105,7,2,-3,-2,13,34,2
84.302820,-43,-69,7,3,-4,-4,-7,-45,2
84.302827,4,87,17,4,-22,-16,-4,3,2
84.322115,-63,-91,-26,-14,37,19,7,11,2
84.322138,-39,83,7,5,1,1,8,-7,2
84.323287,77,-21,-13,-6,-7,-1,-2,-7,2
84.323292,-35,-102,-20,-7,-1,-2,3,37,2
84.344757,14,127,22,9,-6,-4,-16,-10,2
84.344774,-36,-20,-10,-5,-5,-4,3,-33,2
84.345407,-56,67,0,3,-3,0,-1,-17,2
84.345522,-16,76,5,4,1,-2,3,-16,2
84.359660,79,51,-19,-11,-19,-3,-21,-16,2
84.359683,-96,-128,-13,-7,11,28,13,-22,2
84.361728,25,-36,13,5,0,-1,-11,5,2
84.361736,-11,-55,-13,-6,3,-2,19,40,2
84.382072,-1,108,19,-3,-3,-4,-8,-42,2
84.382093,64,-63,4,15,-19,-8,-7,8,2
84.389903,7,127,1,2,37,8,8,10,2
84.389909,-114,-128,-21,-3,2,5,-10,-11,2
84.421883,89,57,10,-5,-7,-7,4,38,2
84.421890,-83,-5,-11,-7,-2,-8,-16,1,2
84.422832,40,41,-2,-3,-9,-2,14,-2,2
84.422972,16,106,15,10,5,-2,-1,-7,2
84.424003,-6,-31,3,0,-2,-1,-1,-1,2
84.424021,-16,61,-2,2,4,9,3,7,2
84.427314,-27,-86,-17,-6,-4,-22,-6,32,2
84.427335,33,-13,2,-6,-22,1,-7,-40,2
84.442715,-112,10,-4,6,-5,1,-7,-9,2
84.442746,74,1,14,5,4,-3,1,8,2
84.444155,-89,-42,-2,-1,-5,3,-2,0,2
84.444160,40,91,5,2,7,-5,-8,6,2
84.465017,-32,-80,-8,-2,-4,-13,9,-6,2
84.466987,1,15,-5,-8,1,6,-2,-3,2
84.466996,8,24,7,9,-3,2,-8,-5,2
84.467000,9,-16,10,3,5,2,22,5,2
84.479761,-14,59,-7,-5,1,-2,-7,-2,2
84.479782,-10,68,-8,-9,-3,-8,6,17,2
84.481414,31,-30,-5,-4,-9,-1,-7,-4,2
84.481426,17,96,0,2,9,8,-6,-48,2
84.502664,-28,-73,2,-4,-15,-44,-13,53,2
84.502683,-31,-102,-6,-4,0,4,6,-5,2
84.505258,6,81,10,5,-6,-4,4,5,2
84.505264,-32,-65,0,2,-3,0,2,15,2
84.524896,7,-40,-5,-1,4,5,-4,-14,2
84.524912,104,99,8,0,-1,-5,-5,30,2
84.526682,2,-15,3,2,10,0,1,-3,2
84.526692,23,57,4,-8,-20,-5,-1,23,2
84.539682,14,-86,1,13,5,5,9,-9,2
84.539698,-48,-77,-6,-7,-29,-8,-19,8,2
84.541408,93,-10,3,-4,21,11,15,0,2
84.541412,-99,-47,1,7,3,-4,-5,13,2
84.562239,-8,127,-14,-9,11,14,-3,-8,2
84.562275,30,-72,-10,-2,-11,-10,-6,-16,2
84.562741,-80,-51,11,5,-6,-6,-6,19,2
84.562754,12,-3,-6,-6,3,0,0,-11,2
84.585016,80,11,4,-6,-4,1,6,3,2
84.585040,-9,90,12,12,14,0,-3,-4,2
84.586853,-54,45,-13,-10,-14,-8,0,-21,2
84.586865,2,58,-7,-2,6,-2,-2,-13,2
84.599272,7,-128,-12,-6,-9,8,-3,-2,2
84.599291,17,54,14,6,9,-1,4,-13,2
84.607100,-79,70,-9,-5,-8,1,-2,-8,2
84.607118,42,-10,6,-2,-6,-8,-17,12,2
84.622041,-11,24,-3,-3,1,7,33,3,2
84.622065,20,-19,-16,-2,-4,-2,-4,-19,2
84.637316,22,7,7,1,-4,11,-9,30,2
84.639729,24,-4,-27,-7,8,-1,21,-14,2
84.644913,-8,-19,12,7,-5,-4,-14,4,2
84.644930,-22,-60,-5,-4,1,-5,-3,-8,2
84.645346,36,-37,-5,3,-6,1,3,2,2
84.646519,43,103,17,0,0,1,-5,5,2
84.659030,-51,1,-9,-1,1,-2,-2,-14,2
84.659054,64,43,2,-9,-4,-4,5,37,2
84.674775,-18,108,17,8,-1,-11,-17,-41,2
84.674790,41,-128,-15,-7,3,2,1,-27,2
84.682345,-28,64,2,3,-2,-2,-5,-17,2
84.682374,-43,-6,-10,-5,2,0,-2,9,2
84.684434,44,68,-6,-7,-3,-2,2,14,2
84.684445,0,33,4,4,4,1,-7,23,2
84.705010,-10,47,7,0,-4,2,21,-15,2
84.705084,29,-10,-1,1,2,0,-3,-8,2
84.705795,-25,-39,8,6,-12,3,19,13,2
84.705869,29,-10,-5,-4,35,-19,-61,-1,2
84.719816,31,62,-10,-4,-17,17,40,-14,2
84.719847,-3,73,-6,-11,-4,-1,-4,-24,2
84.727214,-26,25,3,8,7,1,6,-16,2
84.727232,0,-95,-3,-6,-16,1,7,17,2
84.742392,15,37,-7,1,6,-4,-20,8,2
84.742413,-12,-25,5,1,5,-5,0,1,2
84.744228,76,-7,6,-1,-11,-1,-5,-29,2
84.744236,-62,15,-1,-8,-9,-4,9,10,2
84.764623,14,-58,-2,0,9,0,-14,-15,2
84.764629,-26,-29,5,9,-5,3,12,-3,2
84.765428,35,7,3,-3,9,-3,-11,5,2
84.765490,-17,29,13,10,-3,6,14,-4,2
84.780338,31,-35,-28,-17,-6,-9,-28,7,2
84.780351,120,109,-6,-4,-1,-2,18,9,2
84.787244,-60,27,-3,-3,-1,-2,-4,-2,2
84.787260,2,113,-1,2,0,4,9,8,2
84.802290,1,-76,2,0,0,0,-5,2,2
84.802311,-20,-16,-5,2,19,1,6,25,2
84.804811,15,9,-2,-5,-18,-10,-43,-28,2
84.804823,14,25,4,1,-6,-5,17,21,2
84.827773,-1,20,7,1,-4,-2,-19,7,2
84.827779,-49,-21,4,0,19,7,8,-18,2
84.827781,28,50,-11,4,19,27,14,31,2
84.827783,9,-113,-4,-11,-15,-12,-6,10,2
84.839226,23,-24,3,2,5,-5,-3,0,2
84.841388,-87,2,-10,-1,-12,-4,-11,-5,2
84.847291,-23,-69,-4,-5,-3,2,6,-9,2
84.847312,-15,-45,-5,1,4,3,1,-12,2
84.862242,72,87,-4,-1,-3,1,5,11,2
84.862262,-8,40,1,-4,-9,-3,-4,-15,2
84.863194,4,73,8,3,-1,-10,4,35,2
84.863198,-44,84,-2,-9,0,1,-1,-1,2
84.884841,-26,62,19,24,9,5,7,-19,2
84.884871,47,-115,-37,-15,-11,-8,-15,-12,2
84.887273,-3,64,2,-2,-2,-5,4,11,2
84.887281,-3,17,-4,-2,-1,5,2,-17,2
84.907025,-19,54,12,2,1,1,-4,6,2
84.907045,21,-22,14,6,0,0,-3,4,2
84.914805,-22,-128,-10,-1,0,-4,3,-12,2
84.914834,7,-42,2,-1,-5,-7,-6,-15,2
84.922423,22,48,-1,-6,2,3,1,-9,2
84.923856,14,65,1,5,-4,-2,-12,1,2
84.923861,4,-128,-21,-13,-25,-9,11,17,2
84.923863,72,62,5,7,19,11,5,-14,2
84.944541,12,-27,6,-2,10,-9,-6,12,2
84.944558,-52,-94,-22,-10,-21,-2,-11,-33,2
84.945535,-67,80,14,2,-3,0,-2,-4,2
84.945539,11,32,-1,2,-8,-3,1,40,2
84.959051,71,-8,-3,-8,0,1,4,3,2
84.959131,-29,-2,-7,2,3,4,10,-2,2
84.967393,15,-22,30,7,12,-4,-8,-3,2
84.967491,-9,-92,-15,-4,-12,-2,-2,3,2
84.982073,-22,-39,-3,-6,4,-2,-15,-3,2
84.982145,-10,43,12,1,4,0,21,5,2
84.983054,18,50,-6,2,2,3,7,-10,2
84.983135,16,103,34,10,7,3,1,15,2
85.004938,-39,-83,-26,-6,-11,0,0,3,2
85.004963,80,121,10,0,2,-2,-12,15,2
85.006424,-39,22,-9,-2,3,-2,-6,-14,2
85.006430,24,86,-24,-11,-7,-1,11,20,2
85.019126,-19,32,16,8,-1,-3,2,-15,2
85.019155,-13,4,45,11,4,1,1,31,2
85.027374,43,-62,-19,-9,3,-10,-5,-39,2
85.027395,-68,-113,-16,0,-6,11,-7,-24,2
85.043064,-64,58,-10,-5,0,-6,-1,-4,2
85.043070,28,45,-8,-6,-1,-1,-3,-5,2
85.043072,24,-42,-1,3,-7,2,-3,11,2
85.043074,-8,-33,6,2,0,-5,12,-12,2
85.064846,7,-8,-3,0,-9,-1,1,-1,2
85.064866,-29,-123,3,-2,-1,1,-2,8,2
85.066067,-18,-23,-9,-1,8,-4,-3,-44,2
85.066071,49,14,-4,-2,-5,-3,-10,46,2
85.089955,-98,16,8,8,7,4,6,5,2
85.089967,18,43,-5,-7,3,-2,-6,-15,2
85.094847,29,17,7,-2,-10,0,-6,10,2
85.094869,-27,-8,-18,0,1,0,9,-9,2
85.104719,48,127,24,6,9,2,-1,4,2
85.104729,-21,3,4,-6,-8,-3,6,-3,2
85.104731,-35,-50,-7,2,-1,-4,-26,19,2
85.104732,48,-53,-1,-4,2,-2,-10,-29,2
85.124758,-9,13,-9,-3,-2,0,3,5,2
85.124775,-9,22,-8,2,-3,-3,-5,-16,2
85.126336,16,61,3,-4,10,7,16,28,2
85.126347,-9,105,15,4,-8,-1,-1,-18,2
85.149684,68,-92,-15,-5,-14,-4,4,41,2
85.149688,-45,-109,-17,-5,3,-17,-14,-10,2
85.149690,54,104,0,-1,-26,15,13,-12,2
85.149692,-42,-104,1,-4,37,6,1,-20,2
85.162215,57,40,0,0,-2,1,1,-9,2
85.162236,-36,57,10,7,-2,1,-4,13,2
85.163234,28,8,-1,-3,2,-9,-2,-3,2
85.163238,-9,7,-8,5,-8,-5,-12,18,2
85.185037,-12,-25,-4,-7,-5,-2,7,-4,2
85.185051,17,-13,7,4,10,-1,-4,-4,2
85.185619,35,67,15,7,6,-2,3,-6,2
85.185637,26,103,-3,0,-8,3,1,10,2
87.210372,2,-6,13,6,-1,0,1,1,0
87.210578,-15,1,-1,2,1,1,-1,0,0
87.211842,3,-10,-7,-2,-1,-1,-2,0,0
87.211891,-4,1,-5,-6,-3,0,-1,0,0
87.232784,5,2,-13,-5,-2,-2,0,0,0
87.232798,3,9,4,5,2,0,1,16,0
87.234521,-1,-7,7,-3,-2,-1,-1,-7,0
87.234526,-6,-7,-1,1,-2,-3,-2,-2,0
87.246660,2,0,-3,-12,-3,0,-3,-3,0
87.246673,0,-1,4,4,0,-1,0,3,0
87.256649,4,6,-12,2,0,-1,1,3,0
87.256655,3,-17,14,0,2,0,-1,1,0
87.277923,-8,-1,-4,-4,-2,-1,-3,-4,0
87.277938,3,-2,-7,4,0,0,-1,-3,0
87.279432,-4,-5,-7,-5,-2,-1,0,-2,0
87.279453,4,16,0,-2,-2,0,0,-2,0
87.292950,-1,-16,-10,-1,-1,-1,-1,0,0
87.292964,-7,-18,0,-3,-2,-2,-1,-6,0
87.294482,8,14,15,1,0,-1,-3,5,0
87.294554,-6,3,-7,-6,0,0,-1,9,0
87.307144,-5,-1,-2,4,-4,-1,-2,-6,0
87.307149,1,3,-4,-1,2,-2,1,-3,0
87.316951,1,-6,-3,-3,-1,-2,-1,-4,0
87.316958,-2,-5,-2,0,-1,-2,-2,2,0
87.339725,0,2,-11,-5,0,-2,0,-1,0
87.339735,-2,15,6,-3,-2,1,-1,-2,0
87.339738,2,-14,8,3,2,-2,0,1,0
87.339739,-16,-12,4,5,0,-1,0,-7,0
87.353359,0,4,-1,-1,-1,-1,-1,-1,0
87.353389,0,-1,-4,1,-3,-1,0,2,0
87.355407,-3,0,-7,-1,0,0,-3,2,0
87.355417,4,2,11,-2,-1,-2,-2,-3,0
87.366968,5,12,3,3,0,0,-1,-4,0
87.366996,-1,2,1,-6,-3,-3,-1,1,0
87.377263,-6,0,-7,-4,-2,-1,-3,-3,0
87.377272,0,-3,-4,0,1,-2,0,-3,0
87.390664,0,-20,-7,1,1,1,0,-1,0
87.390687,1,10,0,2,0,0,-1,3,0
87.391917,-1,0,-6,-4,-3,-1,0,-2,0
87.391931,0,-11,-7,2,0,-1,-1,-3,0
87.413699,-2,9,1,-4,-2,-2,-4,-4,0
87.413728,1,-7,5,1,-1,0,-3,1,0
87.416058,-6,-1,1,1,1,1,1,0,0
87.416061,3,14,1,-7,-4,-3,-1,-1,0
87.427112,-7,-12,-13,1,2,-1,3,3,0
87.427139,3,3,2,4,1,-2,-2,-5,0
87.444774,-10,0,18,2,-1,0,0,-4,0
87.444778,9,5,-3,0,-1,1,-1,0,0
87.450578,3,25,3,-2,-2,-1,-2,8,0
87.450593,6,-19,-4,-2,0,-2,1,-4,0
87.452647,-58,-19,-16,-8,-4,-3,-4,-7,0
87.452658,-5,-5,-8,-4,-1,-1,-2,5,0
87.473147,-4,-6,11,3,1,0,0,-19,0
87.473165,7,2,-5,3,-2,1,1,3,0
87.474502,16,8,-2,-3,-2,0,0,0,0
87.474507,-6,-8,4,4,1,1,0,-2,0
87.486819,4,-1,-4,0,-1,-1,-1,7,0
87.486845,0,3,-3,-12,-1,0,-2,-2,0
87.495410,4,-13,-12,1,-1,0,1,-6,0
87.495423,-1,26,8,0,-3,-1,-1,-2,0
87.510482,10,-14,13,1,-1,-1,0,4,0
87.510489,-12,4,-16,-5,-2,-2,-3,-5,0
87.511917,5,-3,3,3,0,0,0,1,0
87.511973,0,0,-6,-2,-3,-1,-1,-3,0
87.540682,-1,5,12,4,1,1,-1,2,0
87.540688,-1,-10,-2,-2,-2,0,-1,3,0
87.541827,8,7,-5,-4,-2,-1,-3,3,0
87.541837,1,-5,4,3,0,-1,-2,-4,0
87.556907,-1,0,-8,-7,-1,-1,-1,-2,0
87.556916,0,-28,0,2,-5,-1,-1,-4,0
87.556975,7,15,8,4,1,-1,-1,2,0
87.556996,-3,-10,-3,-3,0,0,-1,1,0
87.572374,-5,-3,-10,-3,-1,-2,-2,2,0
87.572381,1,12,2,-8,-1,1,0,0,0
87.572384,6,2,-4,5,0,-2,-1,2,0
87.572386,-2,-12,-4,-6,-4,-2,1,-3,0
87.593749,0,13,4,1,-2,0,0,6,0
87.593778,0,5,0,-2,-2,-3,-2,-1,0
87.599431,1,-5,6,1,-4,0,1,-6,0
87.599450,-2,-7,-3,-3,0,-1,-1,-1,0
87.606659,1,-3,-8,3,1,0,1,-2,0
87.606678,-7,-4,5,-1,1,-1,-2,-3,0
87.622984,2,-2,-6,-12,-3,-1,-1,-2,0
87.623001,-1,3,-8,10,1,-3,-2,-1,0
87.630826,0,4,3,-3,-1,-1,0,-5,0
87.630853,1,-4,-2,0,0,0,-3,1,0
87.633458,-1,7,0,1,1,-1,0,6,0
87.633462,2,-8,-7,-8,-2,-1,0,-5,0
87.652961,-7,11,3,-2,-3,-2,-3,-5,0
87.652985,0,-18,-19,2,1,0,0,1,0
87.655434,0,-21,-1,-2,2,2,1,-2,0
87.655439,0,-3,1,2,-2,-1,-1,2,0
87.666877,-2,-10,1,0,-3,-2,-2,2,0
87.666896,0,20,0,-5,-5,-2,-1,-2,0
87.676017,7,4,-5,1,0,0,-2,-1,0
87.676030,-6,-4,10,-2,0,-1,0,3,0
87.690950,2,-8,-12,-5,-4,-3,-1,-11,0
87.690966,-9,17,26,13,5,1,1,-1,0
87.693380,7,2,-3,-8,-3,-1,-2,1,0
87.693385,2,4,-2,4,-2,2,-1,4,0
87.712912,-3,-2,-4,-4,-4,-1,-2,0,0
87.712928,-5,-15,-8,-3,0,-2,0,-5,0
87.714630,1,-6,-1,3,0,-1,1,0,0
87.714729,0,11,3,-4,1,-2,-2,-4,0
87.726515,-1,-10,-6,0,-2,-1,-2,1,0
87.726530,-3,-6,-4,-5,-3,-2,-2,-3,0
87.737864,-1,23,3,-1,0,-2,-1,-1,0
87.737870,0,-10,-7,-14,-4,-1,-2,-4,0
87.750623,1,5,12,10,3,0,-2,-5,0
87.750637,-5,-13,1,4,0,0,1,5,0
87.752766,0,13,2,0,0,-3,-2,3,0
87.752777,-2,-3,6,1,0,0,-1,-2,0
87.773383,-2,-1,-10,-8,-3,-2,-2,-1,0
87.773438,1,10,2,-2,0,-1,-2,-4,0
87.779615,-5,-12,-11,4,-2,-1,0,-1,0
87.779724,4,-12,-10,-4,-4,-3,0,-3,0
87.786986,-1,15,17,7,3,1,1,1,0
87.787009,-2,7,-4,-7,-5,-1,0,0,0
87.812910,14,-3,5,3,2,1,-1,0,0
87.812915,-18,-4,0,0,2,-1,3,8,0
87.813230,32,7,-3,0,0,-2,-4,-20,0
87.813256,-45,-26,-6,-3,-3,-1,-2,-5,0
87.816343,-9,-2,1,-2,-1,-1,0,-2,0
87.816358,5,24,0,1,-1,-1,-1,4,0
87.833260,-6,-32,-3,-6,-1,-3,2,6,0
87.833281,12,13,1,5,2,-1,-1,1,0
87.835238,2,11,-5,-1,-1,-1,-2,-3,0
87.835246,-9,-16,1,1,-2,-1,-3,-8,0
87.846809,-2,3,-1,-1,0,0,-1,7,0
87.846838,17,11,0,-5,-1,-2,-1,-1,0
87.856663,-17,-32,-7,-1,0,-1,-1,-1,0
87.856668,8,19,5,-11,-1,-3,-1,-5,0
87.870474,-15,-3,-1,8,-3,0,1,-1,0
87.870499,8,2,8,-1,-1,0,-2,1,0
87.871841,1,7,6,4,1,0,0,-4,0
87.871983,-2,-4,-5,0,0,0,0,2,0
87.893342,-2,-7,-6,-6,-1,-2,-3,-18,0
87.893433,0,-8,-4,0,0,-1,3,0,0
87.895151,7,4,-4,-4,-3,-2,-1,-7,0
87.895159,-14,-3,9,1,1,0,-3,-5,0
87.906624,-11,40,-2,-2,1,0,1,6,0
87.906644,3,-39,-3,2,0,0,-1,-1,0
87.916356,-4,5,-9,-6,-5,-1,0,-4,0
87.916362,9,-22,-2,3,-3,-1,0,11,0
87.930263,1,10,5,1,0,0,-2,-15,0
87.930314,-3,9,2,-3,-1,-2,-3,-4,0
87.931890,-1,-4,-5,-11,-3,-3,-2,5,0
87.931902,7,9,2,9,2,1,-1,0,0
87.953129,-5,-13,-8,-3,-2,-2,0,7,0
87.953151,4,14,7,0,-2,-3,-3,-1,0
87.955068,-8,-16,-3,1,-1,-1,-1,-6,0
87.955073,-1,3,-15,-7,-5,-3,-1,-4,0
87.976820,5,-9,3,-6,-3,-3,-2,12,0
87.976826,-11,-4,-14,-3,-2,-1,1,-5,0
87.976910,4,13,13,2,1,0,-1,2,0
87.976983,-4,-1,-4,2,1,-1,0,-5,0
87.998138,-3,-29,3,2,0,-1,0,2,0
87.998159,10,25,1,-1,0,-1,0,3,0
87.999564,-8,-19,-1,-3,-2,-1,-2,0,0
87.999567,4,1,0,2,-1,-1,0,-4,0
88.012904,-3,-3,-1,-8,-2,0,-1,-2,0
88.012939,1,-2,-3,3,-2,-1,-2,2,0
88.014349,0,17,5,0,-2,-1,-2,-4,0
88.014416,-5,2,2,-3,-1,1,-2,-2,0
88.035875,1,3,-10,1,-1,-1,1,3,0
88.035905,-2,-8,1,0,-1,-1,-1,0,0
88.038284,-5,14,2,-1,-1,0,-3,-3,0
88.038292,8,-13,2,-4,-2,-2,-3,-3,0
88.058107,5,1,-3,-4,-3,-2,-2,7,0
88.058134,-9,-8,-3,-2,-1,-1,1,-10,0
88.059543,7,-8,-16,-2,-3,-3,1,3,0
88.059566,-25,8,4,-5,1,1,0,-3,0
88.072871,4,-5,2,4,1,2,-1,-5,0
88.072889,4,7,1,1,1,-1,1,7,0
88.074630,-4,-11,1,-1,-1,-2,-1,0,0
88.074748,11,-14,-20,-5,-5,-3,-1,-3,0
88.096194,-1,7,13,5,2,0,0,4,0
88.096222,-6,0,4,1,-1,-2,-1,-6,0
88.098765,1,4,-14,-2,0,-2,0,2,0
88.098768,10,12,26,7,2,-1,-2,1,0
88.117723,-21,-9,-7,-1,-4,0,-1,-7,0
88.117764,2,2,-7,-4,-2,0,0,0,0
88.119523,-6,-7,-4,-4,1,0,-1,-1,0
88.119540,5,-4,-11,-4,-2,-1,0,2,0
88.133151,-4,3,3,-2,-2,-2,-1,-1,0
88.133156,2,-5,5,-1,-1,-2,-3,-1,0
88.134423,0,14,8,1,-2,-2,-2,0,0
88.134485,-3,-8,-4,1,1,1,-2,-1,0
88.162817,-7,1,6,2,2,-1,-2,-4,0
88.162824,0,-9,-16,-12,-5,-1,0,0,0
88.164239,2,0,10,7,1,-1,2,7,0
88.164252,-5,15,-1,-1,-2,-2,-2,-13,0
88.169806,2,-23,-5,-8,-5,-2,-1,3,0
88.171375,-3,29,4,13,1,-2,0,-1,0
88.178685,6,-23,12,8,5,0,0,0,0
88.178689,3,4,0,-3,-1,0,0,5,0
88.194366,-14,-7,-4,2,-1,-1,-1,-1,0
88.194372,3,-3,-9,-9,-4,-2,-4,-2,0
88.194374,2,4,-1,-2,-4,-3,0,0,0
88.194376,-5,-2,-4,3,1,-1,0,-2,0
88.215747,5,3,-9,-4,-2,1,-1,1,0
88.215774,0,-1,9,-5,-4,0,-2,2,0
88.217709,1,2,-4,4,2,0,-1,-3,0
88.217755,-3,-14,-10,-3,0,-2,-3,-4,0
88.229823,2,-6,-9,-3,-2,-1,0,-3,0
88.230104,0,5,11,-4,0,0,1,1,0
88.247055,-1,5,-3,-1,-2,-1,-3,-3,0
88.247064,-6,16,2,1,0,-1,0,-2,0
88.253471,6,-20,-1,-1,1,-1,-1,4,0
88.253494,-4,-8,-8,-1,0,-2,-1,-1,0
88.256294,-3,-2,-5,-3,-3,0,-2,-2,0
88.256301,1,14,7,3,-2,0,-1,-1,0
88.275859,-9,-5,12,6,1,-1,-1,1,0
88.275881,2,-5,4,10,-1,0,-1,0,0
88.277225,0,2,3,-9,-1,-1,-3,-2,0
88.278818,12,-7,-11,-6,-3,-2,1,6,0
88.289920,-10,10,-3,-5,-3,-3,-1,-2,0
88.289935,-6,-6,-5,-5,-2,-1,0,1,0
88.296656,-7,2,2,2,-2,0,-2,-2,0
88.296677,0,-6,-5,-1,-1,-1,0,2,0
88.311897,5,7,4,-7,-1,1,-1,0,0
88.311919,-2,19,-7,3,-2,-1,0,-3,0
88.321615,1,-23,-5,-3,-2,0,0,-2,0
88.321620,-4,-9,-1,-1,0,-2,-1,4,0
88.335365,-5,3,0,-5,-2,-3,-4,-5,0
88.335369,4,4,5,1,-1,0,-2,-1,0
88.336919,-2,-6,5,2,-1,-1,-1,-4,0
88.336942,-2,-11,0,0,0,-1,-2,1,0
88.351834,3,10,0,0,0,-1,-1,-2,0
88.351840,-1,5,5,-5,0,-1,-1,0,0
88.356574,-3,4,-3,3,-1,-1,0,3,0
88.356599,-3,-6,-2,-3,-1,0,-2,-8,0
88.372966,3,7,2,2,-2,0,1,0,0
88.372990,-2,-12,-12,-7,-2,-2,-2,-1,0
88.374469,4,3,3,-2,-3,-1,2,1,0
88.374475,-9,-5,0,-1,-1,-3,-2,-3,0
88.397341,4,8,4,3,1,0,-1,-2,0
88.397347,1,-12,-2,2,0,1,-1,-1,0
88.397349,-3,1,-7,-20,-4,-1,-3,-1,0
88.397351,-3,2,0,13,-1,-2,0,-1,0
88.409378,7,30,-2,-3,-1,-2,-1,9,0
88.409398,4,-47,-7,1,1,0,-2,-18,0
88.419795,-12,21,13,1,-1,0,0,-3,0
88.419802,3,-14,5,-6,-1,-1,-3,-1,0
88.433101,-2,1,7,2,1,0,-1,0,0
88.433117,-1,7,-10,-4,0,-2,-1,0,0
88.435076,-2,-3,-6,-4,-2,-2,-1,-3,0
88.435079,-2,-4,-1,-5,0,0,0,0,0
88.455653,-2,-8,-4,7,0,-1,-1,-6,0
88.455677,-5,17,7,-1,-2,0,0,2,0
88.457701,2,-9,-11,-3,-1,-1,1,-2,0
88.457707,-3,13,12,0,0,-1,-1,0,0
88.469521,1,-12,-12,-3,-1,-2,-1,-1,0
88.469558,-3,-3,1,-3,-1,-2,-1,3,0
88.479965,-3,5,1,6,-2,0,-1,1,0
88.479971,-1,-13,-8,-9,-1,-2,1,-3,0
88.493018,-3,-4,4,6,-2,0,-1,-2,0
88.493111,1,3,5,-1,-2,-1,-1,1,0
88.494661,5,-15,-20,-4,-3,-2,-2,2,0
88.494680,1,26,16,-1,1,1,-1,2,0
88.515274,-9,-34,-2,-2,-1,-3,-1,-4,0
88.515294,-3,5,7,0,-2,-2,-1,7,0
88.516910,7,1,-6,-6,-1,-1,-3,-16,0
88.516916,-11,8,4,7,-3,-2,0,-1,0
88.529213,3,2,-9,-5,-3,-1,-1,1,0
88.529234,-9,-1,-6,0,-2,-2,-2,-8,0
88.538094,2,-3,-1,-2,-2,-1,-4,6,0
88.538158,0,-12,-10,-1,-3,0,-2,0,0
88.553958,-5,8,1,-5,1,-1,-1,-6,0
88.553965,12,-5,-6,2,0,-2,-1,7,0
88.559178,-6,10,11,2,0,0,0,-3,0
88.559200,0,1,-6,-1,-3,0,0,-1,0
88.575658,-2,-15,1,-15,-3,-1,-2,3,0
88.575681,-2,-4,-11,5,-1,0,-1,-4,0
88.578023,0,8,9,3,2,-3,1,-1,0
88.578027,2,5,1,2,0,-2,0,1,0
88.589277,-1,-1,4,2,0,0,-1,-3,0
88.589295,-3,-4,4,-5,-2,0,0,0,0
88.599576,-2,-20,-8,0,-1,-2,-2,2,0
88.599582,-3,28,5,-2,-2,-1,-1,0,0
88.614846,6,13,5,6,1,-1,-2,-2,0
88.614855,-2,-2,3,-2,1,-1,-1,-1,0
88.614860,0,2,-13,0,-1,1,1,-1,0
88.614864,1,-10,0,-9,-3,-2,-3,-1,0
88.636156,-3,-25,-11,1,0,1,1,10,0
88.636178,-2,-1,4,3,1,0,-2,-20,0
88.641983,-5,4,-5,2,-3,0,-1,-6,0
88.642004,3,-3,-2,0,0,-1,-2,-3,0
88.649450,-2,7,-3,-4,-4,0,1,0,0
88.649471,0,9,-10,-1,-3,-1,0,8,0
88.658755,4,-15,5,-4,1,1,-1,1,0
88.658760,-2,4,3,6,1,-1,-3,-5,0
88.675249,-2,12,4,1,-1,-1,-2,-1,0
88.675254,0,-7,-5,-5,0,1,-1,3,0
88.675257,-4,9,-1,-4,-1,-2,-1,-2,0
88.675259,-1,-18,-4,-4,-2,0,1,2,0
88.695350,2,8,-2,-3,-2,-2,0,-6,0
88.695371,1,10,13,5,2,0,-2,-1,0
88.697198,-3,-1,10,3,0,-1,-1,3,0
88.697203,0,-10,-17,0,1,-2,-1,-2,0
88.718244,2,0,0,-3,-3,-3,-2,-3,0
88.718276,-2,-4,-3,-7,-2,-2,-1,1,0
88.721089,-4,15,3,6,-1,1,-1,1,0
88.721151,0,-20,-13,-4,-1,1,-1,2,0
88.733400,0,0,-10,-2,-2,-2,-1,-9,0
88.733428,3,-10,37,9,1,0,0,2,0
88.736340,-8,4,-3,-5,-1,-1,-1,1,0
88.736345,-8,5,-1,-5,-2,-1,1,-4,0
88.755692,0,5,-11,-7,-1,-1,-2,0,0
88.755704,-2,-8,-12,1,-2,-2,0,-1,0
88.757110,1,-10,2,-2,-1,-2,-3,-2,0
88.757148,-1,-2,-4,-2,-2,-1,-1,-2,0
88.769595,-1,2,14,7,3,1,0,1,0
88.769600,6,-3,-17,-5,-3,-2,-2,0,0
88.778403,6,0,-3,5,-2,0,-1,13,0
88.778408,-4,0,-1,-3,-2,-3,-3,-8,0
88.802725,-5,0,-4,1,-1,-1,0,-2,0
88.802732,0,-1,2,-7,-2,-1,-1,-1,0
88.802734,0,-5,0,2,-1,-2,-1,-1,0
88.802736,1,13,-2,-1,0,-1,-2,2,0
88.815646,-5,-18,-4,-1,0,0,-1,-2,0
88.815675,-3,3,2,0,-1,-1,-2,-2,0
88.818575,3,-1,-20,-7,-3,-1,0,-2,0
88.818579,-1,-1,18,1,-1,1,0,-1,0
88.829452,5,5,3,1,0,0,-1,-1,0
88.829472,-8,-6,-1,1,-3,0,-1,-2,0
88.838752,-2,0,-3,-5,-1,-3,-3,-3,0
88.838757,2,-15,-13,-1,-3,0,0,-1,0
88.852853,1,19,10,-1,0,-1,-1,1,0
88.852954,4,3,-6,3,0,0,-2,2,0
88.859002,-4,4,7,0,0,0,-1,-5,0
88.859029,3,-7,-17,-3,-1,-2,1,1,0
88.876029,-1,4,9,0,0,0,-2,-1,0
88.876058,0,-14,-7,-4,-2,-1,-1,-1,0
88.878337,-5,-16,-4,-8,1,-1,0,-3,0
88.878343,1,10,16,9,2,0,0,4,0
88.898310,0,12,-1,-1,-2,-4,0,-3,0
88.898334,-2,-7,-10,-3,-4,0,0,5,0
88.900648,0,-6,5,-4,-4,-2,-3,-14,0
88.900653,-2,-13,-2,-6,0,2,-1,-1,0
88.913326,-1,-2,-6,-1,-1,-1,-1,0,0
88.913344,3,31,-2,2,3,-3,0,0,0
88.914857,-5,-21,8,2,0,0,-1,3,0
88.915909,1,5,2,0,-1,-3,-2,-3,0
88.935520,-2,-10,-9,1,-1,0,-2,-2,0
88.935548,-6,11,-7,-6,-3,-2,0,0,0
88.938054,3,4,23,7,1,1,2,3,0
88.938060,5,4,-3,-8,-2,-2,-1,0,0
88.957873,-2,-12,-10,6,-2,0,0,3,0
88.957883,-4,3,13,-3,-1,0,-2,-6,0
88.959454,1,9,-1,7,-2,1,1,1,0
88.959471,-11,-10,-7,1,-3,0,0,-1,0
88.972853,-1,10,-11,-12,-4,-2,0,2,0
88.972869,3,-17,2,0,-1,0,-1,-1,0
88.974335,-3,3,-1,-2,0,-1,-3,-3,0
88.974351,1,-8,-1,-2,-1,0,0,3,0
88.995352,1,-5,-10,-1,-1,1,-1,-2,0
88.995373,-3,10,-7,-3,-1,-3,-1,-5,0
88.996839,-1,-9,8,0,-1,0,0,4,0
88.996903,0,-2,-3,0,-1,-1,0,0,0
89.025745,0,-10,-3,-4,-1,-1,-2,-4,0
89.025766,-4,8,-1,2,1,-1,0,-1,0
89.027980,4,5,0,-5,-3,-2,-1,7,0
89.027983,-3,1,6,5,2,0,-4,-21,0
89.032568,-1,-9,0,-13,-3,0,-1,0,0
89.032586,-1,-8,6,12,2,0,-1,0,0
89.039136,0,6,-15,-3,-2,-1,0,-4,0
89.039155,2,4,3,-3,-1,-1,0,7,0
89.055360,1,-1,1,1,-2,-3,0,0,0
89.055376,-1,-6,-8,-6,-4,-2,-2,-2,0
89.056953,-2,-1,-3,-5,-2,-1,-2,-3,0
89.056969,-3,-7,5,1,-1,0,-1,2,0
89.078476,-1,-6,2,-1,-1,-2,-1,-6,0
89.078496,7,-3,3,-4,0,-1,-1,7,0
89.080693,-2,-1,-7,-1,-2,-2,0,-6,0
89.080704,-2,0,4,-2,-3,-1,1,4,0
89.092521,3,13,3,4,1,-1,-3,-3,0
89.094570,-7,-16,11,-2,1,0,0,-3,0
89.106678,5,16,0,1,0,-2,-3,0,0
89.106694,1,-9,-14,-2,-2,-2,-1,0,0
89.115701,-5,1,7,4,-1,-3,-1,0,0
89.115728,1,-3,-13,-15,-3,-1,-1,-2,0
89.117796,-6,-4,-8,8,2,0,-1,-3,0
89.117801,2,28,3,-1,-1,0,-2,3,0
89.138030,-7,-22,5,3,1,0,-2,0,0
89.138060,4,-3,-2,-4,-2,-2,-1,-2,0
89.139454,-7,4,1,-2,-2,-2,-3,-5,0
89.139497,-2,-9,-5,1,1,0,-4,-3,0
89.151572,1,3,-7,-8,-2,-1,-1,0,0
89.151603,-1,2,2,2,-1,0,0,-1,0
89.161195,-4,-8,3,-1,0,-1,-2,-2,0
89.161201,12,-4,-11,-4,-1,-1,-1,0,0
89.177024,-8,10,4,-1,-2,-2,-1,8,0
89.177028,-6,-15,13,7,-1,-1,-2,-24,0
89.177031,0,23,-7,-5,2,0,0,1,0
89.177032,-4,-18,7,5,-1,-1,-1,0,0
89.198155,-1,-3,-2,-1,-3,-1,0,0,0
89.198181,4,7,-7,-1,-2,-1,-1,8,0
89.200346,0,-8,-3,-10,-4,0,-2,-3,0
89.200351,-1,1,-7,5,-3,-1,0,-4,0
89.212743,5,2,6,5,2,0,0,0,0
89.212769,0,10,4,4,1,-2,-2,-1,0
89.219552,2,-9,5,-2,-2,-3,1,-1,0
89.219659,-5,5,-7,-10,-5,-4,-1,4,0
89.235882,1,-2,-1,-1,-2,1,-2,-5,0
89.235910,-3,6,-14,0,0,0,0,2,0
89.238731,-1,21,-7,-4,-3,-3,-1,0,0
89.238743,-3,-19,30,3,2,0,-2,-1,0
89.258077,0,-2,-3,3,2,-2,0,-4,0
89.258093,-1,2,6,-4,-3,0,-1,7,0
89.259532,-2,-13,-23,-3,-1,-1,0,-2,0
89.259550,-6,10,1,0,-1,-2,0,-3,0
89.272259,-2,-2,1,-1,-2,-1,-2,-1,0
89.272281,1,10,-1,-8,-3,-1,1,4,0
89.279119,-3,-22,-13,6,-1,0,1,2,0
89.279135,-1,3,13,5,3,0,-2,2,0
89.295463,4,-2,-1,2,-2,-3,-1,1,0
89.295484,-5,-10,-11,-7,-3,-2,0,-2,0
89.297693,1,-1,2,-6,-4,-1,-1,-1,0
89.297697,-1,6,-5,-2,0,-2,-1,3,0
89.318240,-3,-2,-4,-5,-1,-1,0,-1,0
89.318251,4,40,-12,0,0,-3,-4,-3,0
89.324112,-3,-37,18,7,2,0,0,1,0
89.324131,0,9,-5,-1,-2,0,0,0,0
89.332149,-4,-1,0,-4,-1,-1,-1,-4,0
89.332169,0,-5,-6,-4,-2,-2,-1,-1,0
89.339193,2,4,5,1,3,0,-2,-1,0
89.339217,-3,-3,-9,-9,-4,-2,-2,-1,0
89.363399,1,1,-7,0,-2,-2,0,-5,0
89.363424,-3,-15,2,1,-3,-1,-2,1,0
89.369092,-1,6,6,3,0,0,1,-2,0
89.369118,2,34,-7,-3,1,-2,0,-3,0
89.385397,-3,-33,17,8,1,-1,0,1,0
89.385421,-1,-3,10,2,-1,0,0,3,0
89.386998,-5,-3,-4,-7,-4,-2,-2,-3,0
89.387020,1,3,6,2,0,2,0,-4,0
89.391531,-5,4,-11,-7,-2,-2,-3,-3,0
89.391553,-1,10,17,3,1,0,0,-2,0
89.401540,-1,-26,-4,-2,-2,-2,-2,-2,0
89.401548,-6,-10,-10,-5,-3,-1,1,0,0
89.415352,6,10,-6,-3,-1,-1,-1,0,0
89.415374,-3,-16,1,1,-1,0,0,-2,0
89.416867,-3,21,0,-5,1,-1,-2,1,0
89.416883,-1,-8,2,5,-1,-2,-1,-1,0
89.437856,1,-3,-2,-1,0,0,0,0,0
89.437873,-3,-6,-11,-1,0,-3,-1,-3,0
89.439305,-2,13,7,1,-3,-1,0,-2,0
89.439331,7,-11,-1,-1,0,0,0,8,0
89.451685,-9,0,-5,-2,0,0,-2,-10,0
89.451712,2,-1,3,1,1,-1,-1,2,0
89.460797,2,-3,1,0,-1,1,-2,0,0
89.460802,4,0,-11,-3,-3,-3,-2,4,0
89.475359,0,-5,11,4,-2,-1,1,2,0
89.475429,-4,-12,-8,-10,-2,-1,-2,-3,0
89.476698,-2,14,4,13,1,-1,0,2,0
89.476739,-3,-32,-11,-11,-3,-2,-1,-4,0
89.497949,3,9,1,8,3,0,-2,-1,0
89.497970,0,4,5,5,3,1,0,-1,0
89.499384,0,-1,-2,-5,1,-1,-1,0,0
89.499437,-2,10,4,-3,-2,-2,-1,-2,0
89.511783,-5,-3,-4,-6,-4,-1,-1,0,0
89.511809,1,-8,1,1,1,-1,-1,2,0
89.520591,0,7,-6,1,-1,-1,-3,-3,0
89.520615,-3,2,2,-2,-2,-1,-1,-4,0
89.536386,4,-8,-6,-12,-3,-1,-2,0,0
89.536398,1,22,-7,2,-5,-1,-2,-4,0
89.537057,-5,-29,17,2,1,1,0,1,0
89.537077,-1,4,-10,0,0,-3,-1,-2,0
89.558294,1,-5,6,1,-1,-2,-1,2,0
89.559754,-1,-11,-5,-2,-3,-1,0,-2,0
89.559760,2,1,-7,-3,-2,-4,-2,-3,0
89.559762,1,8,3,0,-1,-1,-1,-2,0
89.571653,-4,10,1,-5,2,2,0,-1,0
89.571678,-3,-3,-7,2,-2,-1,-2,-2,0
89.582398,2,-8,-22,-10,-5,-4,-2,0,0
89.582403,1,12,42,19,6,1,1,3,0
89.596226,-16,8,7,2,0,-2,-3,-22,0
89.596254,3,-5,-2,-3,0,-2,-1,-2,0
89.598812,0,-1,-6,-6,-4,-1,-1,2,0
89.598817,-2,-6,-19,-11,-5,0,-1,-3,0
89.618378,2,-1,-6,0,-2,-2,1,4,0
89.618397,-3,-4,7,2,-1,-1,0,-2,0
89.621307,-1,6,-1,-2,-1,-1,1,-2,0
89.621323,-1,-4,-6,-5,-2,-1,-1,-1,0
89.631478,4,3,-1,-5,1,-1,1,4,0
89.631491,1,-8,-6,0,-2,-4,-2,-3,0
89.641369,-3,6,15,11,6,0,1,2,0
89.641373,-8,-11,-8,1,-1,-2,-3,-7,0
89.655331,1,-6,-4,1,-3,0,-2,1,0
89.655355,0,10,-9,-7,-3,-2,-1,1,0
89.657033,0,3,0,-3,-2,0,-1,-4,0
89.657047,-1,4,-1,-1,-1,0,0,1,0
89.677760,-1,-8,-5,-3,-1,-2,-1,2,0
89.677770,0,-3,5,-3,1,-1,-1,0,0
89.679601,-1,-4,-3,1,-2,-1,0,-1,0
89.679716,-3,-2,-3,-1,0,-2,-2,-2,0
89.692233,6,7,-2,2,0,0,-1,3,0
89.692244,-3,-4,-4,-3,-2,0,-1,1,0
89.701329,-1,-15,-4,-4,-1,0,0,-2,0
89.701341,0,11,9,0,-3,-1,0,-3,0
89.715662,4,-6,5,-8,2,-1,2,2,0
89.715689,-7,-1,4,12,0,0,-1,0,0
89.717540,4,-15,-10,-1,0,0,0,1,0
89.717602,-8,-6,-6,-4,-4,1,-4,-3,0
89.739116,-1,-5,-7,-2,-2,-3,-1,0,0
89.739121,1,-6,0,-5,0,-1,0,-3,0
89.739542,1,12,-2,-2,-2,0,0,0,0
89.739549,1,2,-2,-1,-2,-1,0,2,0
89.752003,-1,-10,0,0,-1,0,1,5,0
89.752038,-5,4,-3,-4,-2,-3,-2,-6,0
89.761175,-5,7,-5,-2,1,-1,-3,-1,0
89.761199,0,4,16,4,1,-1,1,-2,0
89.775338,-4,8,3,3,-1,0,-4,-4,0
89.775361,4,-2,1,3,2,1,-1,2,0
89.777370,2,8,-5,-5,-2,0,0,0,0
89.777374,-1,-45,-19,-4,-3,0,-2,-1,0
89.797845,-1,28,7,-6,-3,-2,0,4,0
89.797872,-2,-11,-7,4,-1,-1,0,2,0
89.804072,-3,-8,-4,-2,-1,-1,0,-3,0
89.804099,2,3,-7,-1,0,-2,0,0,0
89.820483,1,-3,-18,-5,-2,-1,-2,-5,0
89.820507,-2,-6,37,6,1,1,-1,-1,0
89.822223,-3,5,3,3,-1,-1,-2,-3,0
89.822245,0,-1,-1,0,2,1,0,0,0
89.835694,-2,4,-11,-5,-1,-1,-1,-1,0
89.835713,-2,6,-7,-6,-1,-2,0,-2,0
89.837993,3,-2,-2,1,0,-1,-2,-1,0
89.837998,4,15,8,0,1,0,0,1,0
89.858283,-11,-10,10,5,0,-2,-1,-5,0
89.858312,-3,-1,-9,-2,-1,0,-1,-2,0
89.860495,6,10,6,-4,-3,-2,2,4,0
89.860508,-1,-11,-3,-1,-1,0,-1,-4,0
89.880458,-2,3,1,4,-2,0,0,2,0
89.880474,-5,-17,2,2,-1,0,1,4,0
89.881832,-2,4,-7,-5,-4,-2,-3,-15,0
89.881874,5,20,-18,-14,-3,-2,-1,0,0
89.895436,-3,-20,33,12,2,0,-1,0,0
89.895452,-8,-2,-8,-1,-1,-2,-1,-7,0
89.896795,3,-11,-6,-1,1,0,-1,2,0
89.896810,-1,3,9,5,-1,-1,0,2,0
89.916913,6,-4,-13,-4,-1,-2,-3,-3,0
89.916963,-2,9,-5,-5,-4,0,-1,1,0
89.925695,-4,1,6,1,0,-2,-1,0,0
89.925700,-3,7,-3,-1,-1,-2,-1,-2,0
89.940386,0,-3,-3,-1,-2,-2,-1,1,0
89.940395,3,-5,-9,-1,-2,0,-2,-1,0
89.941991,3,1,1,0,-2,-2,-2,1,0
89.942060,-11,-3,1,-1,-1,0,0,-6,0
89.955058,-2,-1,-2,-3,-1,0,-1,-2,0
89.955068,3,15,-8,-4,-4,-1,0,-1,0
89.961907,-5,-13,11,1,0,-1,0,-3,0
89.961928,5,3,-1,2,0,0,-2,0,0
89.978259,-1,-4,-2,-1,-2,-1,0,-3,0
89.978289,-3,-3,0,-1,-1,-3,-1,-1,0
89.980940,1,4,2,-7,-3,-1,0,3,0
89.980944,-1,-2,2,4,-2,-1,-2,0,0
90.001866,0,-1,-12,3,0,0,1,1,0
90.001873,1,9,0,-4,0,-3,-2,-2,0
90.001875,-5,-16,-2,-1,-1,-1,0,-2,0
90.001877,-4,-13,-14,-8,-6,-1,-2,2,0
90.016823,9,11,7,0,-2,-1,-1,-3,0
90.016828,-2,-8,1,0,2,0,0,-1,0
90.021842,-4,7,-3,-1,1,1,0,-2,0
90.021873,4,7,4,2,0,-1,-2,8,0
90.046628,0,-1,-5,-2,-1,-2,-1,-2,0
90.046637,-3,3,13,-4,-1,1,-2,-2,0
90.046839,0,8,1,6,-1,0,0,1,0
90.046869,-2,-11,-10,-5,-2,0,0,1,0
90.062842,0,4,5,1,0,0,0,1,0
90.062850,4,-20,-17,-8,-3,-1,-1,-2,0
90.062856,-6,17,17,4,1,-1,-3,4,0
90.062860,1,13,8,6,4,-1,1,-3,0
90.075326,-4,-16,-9,-2,-3,-3,-3,-1,0
90.075353,-1,6,1,-2,-2,-2,2,0,0
90.081886,3,-20,-15,-2,-3,-1,-3,-2,0
90.081908,4,14,12,-7,-2,-2,0,-3,0
90.105713,-7,3,-6,0,2,0,-2,0,0
90.107714,2,2,3,2,0,0,-1,3,0
90.107721,-5,5,-3,1,0,-1,-2,-5,0
90.107724,7,-9,-6,1,-4,-2,-1,2,0
90.120751,3,-5,-6,-5,-3,-2,0,0,0
90.120791,-2,-5,0,3,0,0,-1,-3,0
90.122647,-2,-1,3,0,1,0,0,0,0
90.122659,-9,-8,2,1,0,2,-3,-6,0
90.134860,-2,2,-2,-5,-4,-1,0,5,0
90.134890,-1,9,1,-4,-2,-2,-2,-21,0
90.141481,-4,-3,-6,5,-1,-2,-1,-2,0
90.141503,-3,2,18,2,2,0,-1,0,0
90.157889,9,1,-5,4,-1,-1,-1,-4,0
90.157911,-22,-9,8,0,0,-1,-1,1,0
90.159285,-1,-4,-4,-8,-3,-3,1,0,0
90.159302,-3,-12,-10,0,-1,0,0,-2,0
90.180439,1,11,-1,-5,-1,-3,-2,1,0
90.180462,7,6,-1,-1,-2,-2,-1,4,0
90.182205,0,-7,-5,2,1,1,0,-5,0
90.182208,-6,-6,-2,1,-2,-1,0,1,0
90.195061,-5,-4,11,-2,-1,0,-2,-6,0
90.195082,-1,4,-7,-1,-1,-2,-3,-2,0
90.201390,-1,3,1,-1,1,0,-1,2,0
90.201410,0,-4,-6,-4,-2,0,0,-3,0
92.221456,-21,52,-2,2,2,21,5,34,2
92.221769,-7,-60,17,0,4,-14,20,-11,2
92.228670,-43,-17,-9,-4,-2,1,-25,2,2
92.228715,43,14,7,0,2,21,19,-17,2
92.242938,-11,77,8,7,1,31,-4,-16,2
92.242961,56,-11,2,-2,-1,76,0,29,2
92.244359,97,-45,4,0,3,-4,3,-39,2
92.244364,-98,-97,-26,-6,-8,-3,-6,12,2
92.265585,9,71,1,-1,-4,-1,-17,-7,2
92.265596,-15,127,23,-3,3,-23,0,2,2
92.266745,-2,-29,2,6,-1,4,3,4,2
92.266751,-40,-11,4,-1,-4,9,-11,-11,2
92.282327,108,19,-7,-5,-4,-14,10,14,2
92.282333,-120,-19,-26,0,-6,-21,-17,-33,2
92.289134,-37,-53,-9,-21,-10,-12,-2,-15,2
92.289142,77,70,-8,9,-2,-1,0,25,2
92.302843,-15,-85,15,2,5,-5,-15,-35,2
92.302866,50,-82,-13,-5,-14,-46,24,35,2
92.304912,-25,121,24,10,29,32,5,-6,2
92.304936,1,-35,-15,-12,-7,-24,-10,-7,2
92.327341,-34,9,-7,-7,-10,-11,-6,-20,2
92.327346,57,-14,4,7,8,3,-6,48,2
92.327348,-81,-49,-19,-9,-11,-6,8,-17,2
92.327350,9,62,-4,-7,-4,9,-4,5,2
92.347493,-28,-8,24,17,14,-32,3,-7,2
92.347519,49,17,-19,-2,-4,23,-9,14,2
92.347904,-26,-37,-16,1,2,-22,1,-32,2
92.347921,42,64,23,6,-3,28,0,0,2
92.362174,-85,-99,-8,-5,-2,-21,-18,-17,2
92.364336,38,61,3,-3,-3,11,27,53,2
92.364340,-19,35,2,3,-5,-53,-16,-58,2
92.364342,-57,19,-15,-9,-2,1,0,-8,2
92.384938,15,101,-1,-3,-6,11,11,10,2
92.384959,34,-105,-9,3,13,-5,-8,-32,2
92.388034,-70,127,3,0,-1,16,10,34,2
92.388043,-6,-29,-1,2,1,-14,-23,-29,2
92.407687,12,-63,-7,-4,-4,1,6,21,2
92.407703,-36,36,0,1,6,-2,-32,-22,2
92.408337,7,-25,-1,-5,-10,5,19,25,2
92.408356,-14,69,18,7,4,-1,2,18,2
92.422062,46,-26,-2,-5,-5,-39,-5,-10,2
92.422079,-49,49,1,0,7,60,-9,-5,2
92.423078,46,88,-3,3,-3,-14,-10,7,2
92.423084,43,51,8,3,0,1,12,34,2
92.444930,9,42,6,3,-2,29,-9,-12,2
92.444951,-2,38,15,6,16,-36,17,25,2
92.447102,101,77,-15,-14,-27,10,-18,-25,2
92.447111,-62,-2,2,8,5,11,-5,5,2
92.468164,7,-53,-8,-7,-5,3,3,18,2
92.468169,-90,-100,-12,-11,-3,-14,-3,-27,2
92.468171,-21,-99,-8,5,8,29,13,64,2
92.468173,62,78,11,2,0,-10,-12,-38,2
92.482581,-73,55,-4,5,1,6,4,2,2
92.482608,13,19,20,-5,-9,7,9,-27,2
92.483668,-46,72,15,0,-4,-70,-33,10,2
92.483672,0,-36,-12,-4,1,18,19,-1,2
92.504669,77,64,2,0,-3,2,-4,19,2
92.504687,41,60,-10,1,0,-13,4,10,2
92.506235,-34,-3,4,2,3,20,15,-9,2
92.506240,-6,-40,3,1,1,-10,-4,-9,2
92.528367,56,-19,-12,-4,-23,-2,0,7,2
92.528372,-49,77,24,11,59,29,6,13,2
92.528374,24,-109,-21,-13,-29,-61,-24,-36,2
92.528375,5,109,6,5,12,48,40,26,2
92.545471,-73,-62,-3,2,-2,-3,9,24,2
92.545480,26,40,-4,-1,-13,-10,-6,-11,2
92.545484,17,-33,-1,2,9,26,-1,29,2
92.545488,52,8,-3,-9,3,-5,-1,-10,2
92.565946,-16,7,-9,-8,-5,-10,-12,-41,2
92.565966,51,-56,-3,7,-9,-14,-3,17,2
92.568078,-67,127,7,15,18,33,12,-46,2
92.568082,99,-57,15,6,-11,-18,-17,24,2
92.587525,-70,21,-11,-10,1,16,10,-13,2
92.587556,4,-79,-29,-11,-13,-15,-5,3,2
92.589542,3,85,12,-4,-1,19,11,-17,2
92.589556,-25,-77,-24,-5,0,-4,4,8,2
92.602760,9,-1,14,5,7,-9,-21,-13,2
92.602806,-18,41,10,3,-9,-8,22,-15,2
92.605895,22,21,5,-2,-1,12,-7,16,2
92.605903,-32,5,1,-4,17,-12,14,-12,2
92.624640,75,-16,-3,2,-28,2,6,32,2
92.624660,-67,125,-4,3,26,2,-4,-41,2
92.625293,109,-39,9,3,3,8,6,-6,2
92.625307,-42,-17,-13,-10,-11,9,-28,2,2
92.647216,-86,-118,-35,-9,7,-40,3,-1,2
92.647237,24,86,5,-7,-20,7,-6,-38,2
92.648914,-2,-2,0,1,4,12,3,-2,2
92.648918,-5,89,-2,-1,2,7,13,15,2
92.665813,2,35,19,-3,2,7,-11,-1,2
92.665820,-3,43,9,11,-9,-11,-4,-6,2
92.665822,-13,13,3,1,7,-1,-1,22,2
92.665823,-4,-30,7,2,-13,-5,2,-14,2
92.685416,2,8,4,5,9,8,-10,-17,2
92.685789,20,-6,-13,-5,-10,-51,0,11,2
92.686502,5,-31,8,-9,-5,18,3,-2,2
92.686522,-8,10,-13,7,-3,-7,2,-7,2
92.707360,-59,-14,9,-3,15,34,-10,-22,2
92.707382,53,-39,-13,-16,-9,12,0,-26,2
92.709037,-38,-42,-14,1,-5,-8,4,-1,2
92.709042,36,101,-5,-5,-18,-7,-15,-1,2
92.722319,-19,-76,5,5,2,-5,4,23,2
92.723767,-46,2,6,0,-1,24,1,17,2
92.723771,-16,43,-4,-3,-4,-6,-10,-40,2
92.723820,15,-28,5,-1,7,-5,-1,3,2
92.745325,10,10,3,4,4,18,15,-11,2
92.745331,-31,35,-3,-1,-6,-11,-8,10,2
92.745333,97,-105,-16,-12,-5,-8,0,30,2
92.745334,-19,78,0,2,5,-4,-14,-16,2
92.767316,3,111,7,0,1,0,5,7,2
92.767338,16,-74,-12,-1,2,22,-13,-9,2
92.769628,-25,30,4,-1,-3,-82,-9,6,2
92.769634,29,-7,-2,-3,-1,55,11,-7,2
92.782209,3,37,3,2,-13,-12,0,26,2
92.782232,35,-98,-10,-5,3,-4,-12,-17,2
92.783180,-29,-1,6,1,4,62,-5,8,2
92.783185,-58,-41,5,-1,2,-38,28,38,2
92.804975,98,16,-10,1,-15,-52,-25,-82,2
92.806764,-5,-51,6,3,-4,-2,27,35,2
92.806775,-47,8,1,2,4,36,3,9,2
92.806777,8,-2,6,-5,-11,-35,-14,1,2
92.827245,-27,43,4,2,16,17,6,-4,2
92.827343,-12,-51,0,1,-21,-11,-5,-20,2
92.828042,44,2,4,-2,-3,-3,-4,-9,2
92.828064,-12,32,-5,-1,1,5,-14,-7,2
92.842243,-20,-113,4,1,4,3,20,15,2
92.842266,-34,30,-23,-4,6,-8,-34,-17,2
92.844092,-10,-36,20,5,-5,-4,0,22,2
92.844097,8,-79,-8,-5,-3,7,7,-30,2
92.865136,9,-71,-9,-4,2,10,-1,3,2
92.865164,15,116,22,3,1,0,8,9,2
92.867481,-9,-11,-20,-4,-3,-2,-4,-4,2
92.867485,55,20,-2,-1,5,-3,-9,38,2
92.887236,7,-4,-5,-14,-3,3,3,-1,2
92.887265,-31,52,23,13,18,3,2,6,2
92.888313,0,21,-5,11,0,20,-7,-31,2
92.888324,-5,-10,-9,-4,6,-26,17,2,2
92.902569,-31,8,-12,-9,-14,-70,-10,13,2
92.902593,31,74,6,-1,10,-10,1,40,2
92.904261,-18,35,1,-1,-10,11,13,-15,2
92.904265,-62,-47,-8,-3,-2,2,-12,-12,2
92.925649,30,-38,2,-2,-5,15,-2,13,2
92.925670,-4,-58,-5,-6,-3,-9,-5,-15,2
92.927706,22,8,3,2,5,-10,11,20,2
92.927710,-74,-36,-7,4,-2,12,-8,-22,2
92.947063,53,44,4,-3,8,13,3,0,2
92.947069,-24,-61,-1,-2,-8,9,-16,-14,2
92.947755,60,-32,-15,-6,3,14,24,-7,2
92.947768,39,24,2,-2,-9,1,-6,-18,2
92.962216,-72,74,5,8,6,16,6,-2,2
92.963356,27,-51,-21,-6,-8,-12,-12,23,2
92.963359,-2,-3,1,-7,-3,-12,-6,9,2
92.963361,-8,-87,-2,-2,1,-5,-4,2,2
92.985150,35,24,6,4,2,6,10,0,2
92.985171,23,49,2,0,-3,7,4,-28,2
92.987811,-10,6,3,3,3,-3,-1,12,2
92.987816,17,111,4,1,0,4,-2,10,2
93.007903,-15,18,4,-1,2,13,-9,-9,2
93.007909,3,88,22,7,2,2,5,15,2
93.008007,21,-67,-7,-2,4,-4,-13,-9,2
93.008093,-32,-70,-7,-2,0,2,1,-17,2
93.024350,-19,3,-26,0,-6,0,1,-10,2
93.024356,3,-54,-13,-7,-5,-3,0,9,2
93.024358,-27,107,23,6,3,-4,5,-7,2
93.024360,6,-33,1,-1,-1,2,-9,-14,2
93.044808,18,33,2,-1,-1,3,-2,10,2
93.044825,-2,-27,1,-1,2,0,7,2,2
93.045356,-20,42,-10,-6,-19,-9,-8,39,2
93.045399,40,8,6,0,-1,7,-2,2,2
93.067576,-12,-73,5,3,1,-4,-14,-25,2
93.067597,-37,37,3,-1,-4,8,39,-11,2
93.069183,-19,-24,-7,-9,0,-11,-32,19,2
93.069196,-15,-41,-2,10,12,37,5,-26,2
93.082603,13,12,-6,-3,-23,-24,4,16,2
93.082623,18,-93,-13,-8,15,-10,-7,-5,2
93.084942,-41,39,-7,1,0,-4,-1,-7,2
93.084947,-19,127,13,3,0,1,16,8,2
93.105043,-39,3,-13,-4,-2,4,-14,-14,2
93.105091,17,-27,-22,-6,-1,90,-5,18,2
93.105604,3,-103,1,-4,-6,-81,8,-10,2
93.105621,-13,104,3,-3,-8,-23,-12,10,2
93.127320,35,56,21,11,11,6,12,15,2
93.127337,-10,-46,1,-4,-9,-14,-16,-26,2
93.128590,-8,-78,2,-3,13,33,6,-26,2
93.128595,26,-31,0,-1,-24,20,-8,13,2
93.142180,-58,6,-8,-17,0,0,0,-7,2
93.142203,-35,47,-6,11,3,-9,-11,3,2
93.142846,39,24,-3,0,-3,5,21,-8,2
93.142859,-9,-16,8,3,11,-14,3,7,2
93.164624,36,29,1,-2,4,19,-9,-1,2
93.164637,-10,28,8,1,-9,-26,9,-16,2
93.165389,26,48,-3,3,3,14,1,21,2
93.165451,-30,32,-8,-8,0,-8,-1,-7,2
93.187286,25,-117,-6,1,-5,1,-5,0,2
93.187308,-10,105,31,4,3,-15,-4,2,2
93.189104,-30,-90,-12,-6,-5,3,-2,-24,2
93.189110,9,30,-2,-1,1,-2,-1,23,2
93.202662,-36,-31,-5,-5,-5,-11,-8,-22,2
93.202693,13,22,-11,-5,-3,-3,-8,-6,2
93.204978,-1,45,17,8,6,13,7,1,2
93.204984,59,-25,-3,-7,-2,-10,-5,-2,2
93.225477,5,-8,-1,4,5,2,6,5,2
93.225482,20,-11,-13,0,-1,18,2,27,2
93.225527,21,46,6,-17,-10,-50,-12,-8,2
93.225572,-55,-66,-21,5,2,-12,-13,-21,2
93.247367,20,127,16,1,0,10,27,18,2
93.247395,-17,-74,-11,0,-1,-8,10,6,2
93.248837,-1,23,3,2,0,14,-9,-30,2
93.248841,13,-1,11,-3,15,5,-8,-8,2
93.261816,-21,2,-8,-5,-27,-25,-2,-8,2
93.261837,23,19,1,-2,-2,1,-6,12,2
93.277529,-19,-21,-4,4,1,11,-1,1,2
93.279643,36,26,4,-1,-3,-2,1,-8,2
93.284759,-43,-81,-1,2,8,10,-13,-5,2
93.284781,-13,4,1,-1,-1,-16,5,15,2
93.287196,15,127,4,7,-28,10,-6,-9,2
93.287203,-58,-113,-8,-4,24,3,4,13,2
93.307267,64,-1,2,-6,3,2,-1,-4,2
93.307289,-58,28,-7,2,-1,-12,-3,-2,2
93.308048,37,6,11,4,6,10,3,8,2
93.308063,-20,-19,1,2,-12,-2,0,-10,2
93.321454,42,0,-3,2,-1,-1,1,9,2
93.321471,-26,-44,13,-3,0,0,-1,-4,2
93.329764,-51,0,-8,11,10,9,-10,0,2
93.329785,115,-69,-23,-13,-10,-4,5,23,2
93.344706,-52,-4,-3,0,6,-3,-8,2,2
93.344727,15,80,6,6,0,0,-7,1,2
93.347234,9,78,-14,-11,2,-1,-2,-8,2
93.347237,-12,-20,6,3,-2,2,15,-8,2
93.367175,-4,-76,-3,-5,-3,-2,-4,17,2
93.367248,18,-16,-6,-3,-2,-4,-11,0,2
93.368021,4,-12,-4,-2,3,0,-5,-54,2
93.368051,-16,-12,13,2,-3,-2,-2,14,2
93.382948,3,5,-1,3,0,1,-2,-13,2
93.383024,-14,12,4,-10,-3,-6,5,-8,2
93.389625,-26,63,0,5,5,4,6,26,2
93.389647,-22,8,13,12,-5,-3,0,-7,2
93.404879,-26,97,-16,-4,0,3,-2,-11,2
93.404897,13,37,6,5,0,-6,-4,-7,2
93.406524,2,-2,-6,-9,-3,-1,1,2,2
93.406531,-26,127,16,-2,-2,-3,-6,-5,2
93.428401,40,22,-1,-2,-1,-1,4,11,2
93.428406,26,16,-3,3,3,2,5,15,2
93.428408,3,-124,-4,3,2,-2,-6,-26,2
93.428409,-8,83,1,3,0,1,3,17,2
93.444135,75,-80,-14,-7,-3,-3,-19,2,2
93.444144,-62,-62,5,-3,19,8,20,13,2
93.449823,-17,90,12,-1,-15,16,2,13,2
93.449837,5,-73,-21,-6,-2,-5,-5,-6,2
93.464744,-45,30,15,6,3,11,10,3,2
93.464765,15,30,-7,-2,-1,-7,-16,-14,2
93.467169,32,7,-2,-1,3,4,11,32,2
93.467174,-13,44,3,4,1,4,2,20,2
93.487289,-10,116,4,-4,0,-4,-6,-35,2
93.487313,41,-81,-21,2,-8,3,-2,-5,2
93.489445,-42,66,23,2,2,-6,-1,-10,2
93.489456,37,-65,-25,-2,-2,-6,-6,-18,2
93.501842,7,6,4,2,0,7,1,8,2
93.501865,13,-2,-5,-9,-10,-5,2,-1,2
93.510058,-24,-19,-8,-2,2,-7,-5,2,2
93.510080,-7,31,12,0,0,-1,-2,2,2
93.524725,-18,-4,3,5,2,-2,4,2,2
93.524773,47,77,7,3,-3,-3,-11,-34,2
93.525383,-3,-105,-11,-2,-1,-3,17,35,2
93.525403,14,72,10,-1,0,-4,-11,7,2
93.547372,2,103,-3,-3,-31,-3,21,11,2
93.547394,-30,30,-2,-5,20,-8,-15,-18,2
93.549337,-45,58,-5,-8,-8,20,-11,-13,2
93.549346,23,17,-5,4,6,-31,-3,17,2
93.561534,-13,-66,-2,3,-3,2,6,-33,2
93.561553,-12,11,7,7,0,-1,-1,27,2
93.569841,-25,-3,-11,-6,-5,-13,-8,-1,2
93.569867,0,-21,1,-4,-7,5,12,-5,2
93.585309,27,-29,-3,1,10,-3,-12,8,2
93.585329,-33,94,6,1,-7,0,9,-13,2
93.585555,28,60,-3,4,10,-3,-5,-9,2
93.587436,5,37,-4,-6,-8,5,-1,0,2
93.608138,33,-13,13,3,9,-2,2,41,2
93.608161,0,27,-11,-4,-8,3,-3,-41,2
93.610301,7,51,-1,-6,-7,-6,-5,2,2
93.610307,-11,-55,5,1,3,6,-12,-4,2
93.630322,23,45,-13,-6,-1,-3,16,-9,2
93.630342,-40,-83,-1,-7,-6,-4,-1,6,2
93.630927,36,-43,-4,5,7,25,-2,19,2
93.630943,-13,62,6,-1,-5,-28,-9,-6,2
93.645043,-56,-113,-14,-11,3,6,9,-14,2
93.645049,17,5,11,10,-8,-8,7,17,2
93.645256,11,-128,0,-3,15,10,3,-29,2
93.645262,18,37,10,5,5,12,-17,11,2
93.667325,1,125,-1,2,22,-3,10,-2,2
93.667346,28,-63,-16,-15,-17,2,-5,8,2
93.669693,-32,68,9,5,-10,-15,6,4,2
93.669698,42,-82,-9,-1,-5,6,6,-10,2
93.692078,-25,6,10,5,9,-3,-15,-6,2
93.692084,-47,20,-3,4,-1,2,4,6,2
93.692086,-9,-93,2,-4,-6,-12,1,1,2
93.692088,-8,39,-12,-7,-3,3,6,2,2
93.704968,-35,42,14,2,-3,5,-9,17,2
93.704986,63,23,-16,-9,-6,-28,-12,-23,2
93.706833,86,50,12,3,-1,2,5,25,2
93.706837,-77,-1,-6,-3,4,0,13,-26,2
93.728002,-55,-50,-17,-7,-11,-10,-22,-2,2
93.728027,14,17,3,1,5,18,15,10,2
93.728033,-11,-62,-13,-7,1,-8,-7,-5,2
93.728152,29,47,-5,4,-2,1,6,4,2
93.750490,23,22,20,8,3,3,-8,-7,2
93.750511,-14,22,-7,-1,0,-2,-5,-6,2
93.753333,-24,68,-1,0,-1,-5,-3,-5,2
93.753339,-32,-121,-10,-16,-7,5,1,-8,2
93.765174,16,13,-9,3,-5,-5,1,-12,2
93.765202,-16,-86,-6,-2,1,4,-11,24,2
93.767385,-4,29,3,-3,-3,-7,13,24,2
93.767391,-38,-39,-5,-3,3,-3,-7,-10,2
93.787366,51,35,6,-7,-24,-4,-9,12,2
93.787424,-45,-37,-1,2,-1,3,22,-21,2
93.788258,16,70,11,7,-11,-3,-10,-30,2
93.788337,-1,1,1,-3,9,4,-6,4,2
93.810294,1,11,-1,0,4,1,5,-3,2
93.810310,-35,39,4,8,9,4,-12,-19,2
93.811360,52,-48,-13,-7,-13,-9,8,23,2
93.811365,-12,104,6,0,-1,-4,2,-6,2
93.825545,-25,-7,2,-2,0,4,-4,-11,2
93.825567,30,66,6,3,-4,25,-1,14,2
93.827539,-7,-48,-4,-8,0,-55,-17,-15,2
93.827543,-6,17,-2,2,-5,3,7,15,2
93.847467,-17,64,-17,-3,4,-2,-6,-12,2
93.847473,5,-12,17,-1,-2,-2,5,10,2
93.847814,57,62,8,-4,4,16,-3,8,2
93.847826,3,-69,1,3,1,3,1,-2,2
93.870485,0,-48,-1,3,-3,-7,-1,12,2
93.870506,-11,-56,-7,-3,4,-4,1,-12,2
93.872565,-18,-8,7,5,6,11,-8,-17,2
93.872573,38,48,-1,-5,11,-6,-11,15,2
93.884697,42,21,1,-4,-13,4,27,46,2
93.884717,33,48,-8,-2,-1,-4,-5,-39,2
93.886313,-57,16,2,3,4,9,7,8,2
93.886319,-28,-2,-1,4,0,6,-8,-7,2
93.907238,-24,97,-4,1,5,-2,7,-14,2
93.907256,11,-61,1,1,-1,-8,-1,9,2
93.908794,-47,8,-7,-7,0,2,-2,10,2
93.908800,66,88,2,-3,-10,-2,4,0,2
93.930376,-34,-53,-9,-1,3,-1,-11,-12,2
93.930397,50,93,16,4,-2,-2,1,6,2
93.930718,-103,-72,-27,-9,0,2,-7,-20,2
93.932229,22,81,15,4,-7,-3,2,13,2
93.944622,-12,-105,10,0,2,2,0,9,2
93.944641,-27,66,-13,-2,-1,-3,-9,-16,2
93.945404,59,-10,-5,-1,-3,5,8,10,2
93.945426,37,7,5,-1,-2,-1,0,-11,2
93.967583,-8,77,0,0,0,-2,-6,-10,2
93.967605,-28,-66,-1,-3,-1,-3,-8,7,2
93.969578,24,2,-2,5,16,23,8,13,2
93.969587,40,-44,13,3,20,12,13,-24,2
93.998053,12,-20,5,2,-17,4,-37,-19,2
93.998082,8,-12,-15,-10,-2,9,5,34,2
94.000650,15,7,5,6,-6,-17,-4,29,2
94.000655,-67,-84,-16,-8,-4,6,-6,-62,2
94.004950,6,-31,7,-4,9,-3,3,12,2
94.004973,-24,19,1,5,-6,8,-4,-23,2
94.005532,40,-74,-18,-4,-2,-1,-2,-1,2
94.005549,-45,72,8,2,-6,-3,5,29,2
94.027380,-43,-23,-5,2,4,-3,-2,-14,2
94.027398,-30,32,16,-3,-5,-9,-1,22,2
94.028550,31,-10,-13,2,-1,-2,-1,-19,2
94.028555,-2,-23,3,1,-2,-10,-7,10,2
94.051192,-12,85,-4,-3,-4,5,5,3,2
94.051204,39,-57,-3,0,5,-6,5,13,2
94.051508,-36,3,0,-4,1,0,-5,16,2
94.051514,-45,-67,-2,-7,-11,2,-3,-12,2
94.066295,48,-12,8,11,4,0,8,7,2
94.066300,-9,58,-1,-3,-1,-7,-4,-13,2
94.072213,2,-84,-5,-6,-7,-3,-10,4,2
94.072231,-31,6,1,2,-6,-10,3,7,2
94.087521,15,-18,0,-2,4,12,25,1,2
94.087544,22,-28,-1,-4,1,-18,-28,-14,2
94.087888,-81,61,18,4,-3,19,22,-11,2
94.087922,49,-31,-4,0,0,-5,-13,17,2
94.113423,22,-105,-7,-6,-1,-3,2,-11,2
94.113429,10,16,10,-7,-1,2,4,11,2
94.113431,22,96,13,8,-1,-6,-9,-16,2
94.113433,6,-43,-16,0,-2,-1,2,-5,2
94.124662,-30,82,13,2,6,-2,-2,11,2
94.124679,-13,-82,-10,-3,-3,2,-1,-10,2
94.126617,22,-27,-4,-8,-2,-6,-4,-8,2
94.126624,-6,30,-6,3,1,2,4,8,2
94.147101,12,-6,-8,-9,-7,-8,-9,-17,2
94.147123,21,-19,-2,0,1,-1,3,5,2
94.147885,9,110,11,-1,-3,-2,0,0,2
94.147948,-34,-54,-13,-1,-10,-1,-3,-7,2
94.170589,47,6,-2,-2,10,-1,-5,17,2
94.170616,-22,23,1,1,-2,1,6,-22,2
94.172332,-33,42,7,4,9,-1,2,13,2
94.172337,33,34,14,-1,-3,-1,-2,-23,2
94.184744,-6,-61,-13,-6,-6,-5,-15,-19,2
94.184766,-36,-2,-18,-2,-5,-5,-6,-16,2
94.186844,-34,73,9,-7,-9,7,15,-29,2
94.186849,0,127,11,-2,2,-4,-12,3,2
94.207248,-43,85,-11,8,-5,1,-2,34,2
94.207255,32,85,11,0,4,1,7,-8,2
94.207837,5,-83,-26,-3,-5,-10,-6,-15,2
94.207850,-5,10,14,3,4,4,3,-10,2
94.230296,18,50,2,-4,3,-2,-1,25,2
94.230317,11,-14,-8,0,-1,2,3,1,2
94.232803,-20,-7,0,4,6,2,-2,-33,2
94.232859,9,-27,-18,-11,-7,-2,0,-6,2
94.244264,-10,94,11,3,1,-2,0,4,2
94.244285,-43,-95,5,4,2,0,-2,9,2
94.252222,60,46,5,-1,-4,-1,-4,21,2
94.252240,19,33,-1,5,4,1,-2,-12,2
94.269254,-9,-5,7,-2,4,-7,-5,-23,2
94.269260,-43,99,-8,-6,-49,-5,0,12,2
94.269262,48,-107,0,2,31,-9,-10,-4,2
94.269264,-9,5,-10,-1,-1,8,0,21,2
94.290513,-4,-7,-5,-11,-1,-4,0,10,2
94.290534,44,41,6,14,17,9,23,20,2
94.291759,11,-90,-13,-4,-24,-10,-27,-17,2
94.291770,-12,-50,-4,2,13,0,10,41,2
94.304308,-51,-114,-6,3,0,-2,18,-38,2
94.304326,18,39,2,-8,2,-1,-11,-2,2
94.312161,-43,-33,-2,0,-5,4,0,-1,2
94.312184,-7,38,4,-3,9,-4,0,30,2
94.327537,101,56,-3,3,9,28,0,11,2
94.327565,-44,-128,-12,-2,-16,-19,-3,-16,2
94.330184,1,51,1,-1,10,-3,22,13,2
94.330190,-16,6,6,-3,-17,-6,0,-11,2
94.350239,60,-8,1,3,-2,6,1,7,2
94.350255,-51,105,5,0,13,7,-6,-11,2
94.350989,13,-45,-6,-15,-12,-6,-8,48,2
94.351002,-33,-13,-23,1,-3,0,-6,-32,2
94.363935,-20,-13,5,4,-3,-9,-4,-22,2
94.363956,38,-39,18,1,10,6,3,12,2
94.372121,-26,-20,1,7,-3,-6,-13,-7,2
94.372138,18,-83,-5,-9,4,2,15,3,2
94.387312,1,-90,-2,-2,-10,-8,-5,-5,2
94.387330,26,67,8,1,2,-7,5,5,2
94.388985,37,121,-4,-3,2,11,-10,2,2
94.388992,-22,-36,9,4,-2,-5,-14,-36,2
94.410683,-29,-28,-15,-4,-4,-4,-1,-2,2
94.410687,6,74,-11,-7,2,0,-2,0,2
94.410895,-35,-41,5,-2,13,-10,-24,17,2
94.410901,36,127,3,2,-9,28,30,14,2
94.425274,-38,-41,-7,-7,-33,-17,-15,-16,2
94.425279,2,26,-2,4,22,61,-3,6,2
94.432676,-29,46,-9,-8,18,-38,9,-24,2
94.432701,38,56,5,1,-14,-58,-17,2,2
94.447253,-10,84,10,3,-2,-7,18,12,2
94.447275,82,-7,10,7,0,-2,-8,-2,2
94.448413,-4,27,-10,-8,-12,21,20,5,2
94.448417,38,86,8,7,7,11,-20,-1,2
94.471656,-92,-32,-8,-13,3,1,-1,-17,2
94.471665,-34,19,-10,1,-9,-24,-20,-14,2
94.471667,40,-39,-2,2,-2,7,10,17,2
94.471669,24,23,6,-1,-1,3,12,22,2
94.486165,44,-28,2,0,3,0,-19,-25,2
94.486173,-42,-128,-15,-11,-3,-8,-12,-16,2
94.492442,-8,68,-8,1,-10,0,0,-7,2
94.492465,-36,13,-5,0,9,6,-20,-13,2
94.507207,39,127,10,3,-3,-3,5,28,2
94.507255,-13,102,25,-1,-26,-3,25,16,2
94.507927,86,33,-5,2,11,15,1,-8,2
94.507942,25,26,-5,-2,-1,-34,-6,15,2
94.532461,-1,-46,1,0,9,1,-11,-12,2
94.532466,0,-65,-19,-7,-9,-13,0,-2,2
94.532468,-70,67,12,9,-4,8,12,2,2
94.532470,5,52,18,2,15,19,7,0,2
94.553059,49,5,-6,-5,-7,-5,-2,6,2
94.553087,31,-114,-13,-9,7,-3,0,18,2
94.555051,-35,-1,6,4,-4,1,-3,-2,2
94.555057,-21,34,15,4,0,0,2,-18,2
94.567666,-53,-10,-15,-2,-9,-8,-2,-25,2
94.567686,-16,18,-6,-7,9,4,-4,-18,2
94.568330,86,50,5,0,-4,-1,0,32,2
94.568348,-69,66,-5,-8,9,-1,2,-20,2
94.590448,34,-55,-4,3,9,3,2,17,2
94.590464,-14,108,10,3,-4,-4,-6,-17,2
94.591720,5,-24,-4,2,-29,25,7,15,2
94.591724,15,-84,-13,-4,21,-49,-6,5,2
94.613089,20,75,-4,-5,3,2,-1,8,2
94.613106,-5,52,10,7,10,-1,13,6,2
94.613665,35,-8,-5,-4,-4,-5,-13,11,2
94.613683,35,-69,-6,-7,-16,13,9,2,2
94.627828,-65,52,-1,-3,2,2,8,-17,2
94.627848,19,70,2,6,-2,-8,-17,-24,2
94.628601,53,-80,-15,-5,3,-4,8,8,2
94.628620,-50,-26,-1,-10,-16,13,11,14,2
94.650517,-36,-120,-8,7,10,-3,-2,5,2
94.650538,30,-19,-5,-1,8,-33,-4,4,2
94.651533,-9,51,10,-6,-22,1,-7,-32,2
94.651537,-39,-91,-20,-4,-6,8,-6,3,2
94.672820,74,98,19,3,-5,-4,3,26,2
94.672834,-69,-24,2,1,2,6,0,-27,2
94.673503,-5,2,19,4,12,-7,-12,-12,2
94.673509,5,-76,-14,-5,-10,-4,-11,-4,2
94.688613,-24,64,-4,-4,-5,8,0,-2,2
94.688620,18,-46,0,-2,-1,3,4,11,2
94.688623,-64,7,2,5,9,-6,-10,8,2
94.688624,62,27,-14,-4,-31,14,12,1,2
94.718566,-95,29,19,6,36,3,0,7,2
94.718571,38,-31,-3,-13,-4,7,-1,16,2
94.718573,-26,-29,-4,10,0,-6,0,-19,2
94.718615,-1,21,4,3,0,1,-4,13,2
94.734357,38,103,-2,-5,-7,-1,3,-12,2
94.734366,-25,-39,-9,-2,-5,-2,-16,17,2
94.734370,-8,36,12,1,2,4,35,4,2
94.734431,-52,77,-7,2,4,-2,-28,-22,2
94.750089,69,-103,-18,-6,-13,-11,-12,6,2
94.750094,-5,29,-6,-4,0,6,6,-2,2
94.750096,-5,22,1,3,15,1,-3,15,2
94.750098,-9,-48,-2,-1,-12,2,0,15,2
94.770714,-20,-7,4,-2,3,2,4,-43,2
94.770745,-61,-103,-17,-5,-11,-10,-17,-9,2
94.773026,-9,86,-24,-9,3,-4,-4,-9,2
94.773035,48,81,30,7,4,1,6,-10,2
94.793232,-10,25,-2,1,10,-1,-7,5,2
94.793253,47,83,6,4,3,1,9,10,2
94.795479,-10,-1,-9,-7,-3,-2,-15,-27,2
94.795485,0,-64,-18,-3,1,4,21,13,2
94.807305,-12,-50,4,-9,-20,-2,-6,-5,2
94.807325,43,-3,5,11,2,2,2,-1,2
94.809858,16,-59,2,-4,-3,-3,0,-7,2
94.809868,53,109,10,3,2,12,-7,6,2
94.830315,38,-55,-16,-1,-6,-27,1,17,2
94.830337,-55,52,12,-3,2,-4,4,5,2
94.831234,7,51,9,1,-7,5,-12,-10,2
94.831252,8,-42,-8,-1,18,0,16,8,2
94.852865,-12,51,21,9,-9,9,3,5,2
94.852888,24,-3,-8,-4,1,0,-11,8,2
94.854998,71,22,-5,-8,-11,-8,12,7,2
94.855005,-85,-103,-7,6,6,-4,-13,-42,2
94.867441,27,58,5,3,3,4,5,20,2
94.867464,-43,-11,4,4,-4,-1,6,-10,2
94.869482,28,81,9,0,8,3,4,-8,2
94.869486,-16,-29,-3,-4,-3,-3,-8,31,2
94.890610,31,-23,-5,-2,-3,0,-1,-23,2
94.890617,-52,84,1,-2,-6,3,2,-12,2
94.891056,-27,-117,-18,-3,-3,-4,-3,-3,2
94.891062,-13,-86,-2,6,10,2,-6,-17,2
94.912813,-27,81,8,-1,-1,-2,-8,31,2
94.912835,38,-85,-8,1,-3,7,5,0,2
94.914864,-47,-2,0,-5,-7,-5,15,-4,2
94.914871,71,52,1,-5,11,-9,10,-9,2
94.927521,0,-17,-8,-5,-27,2,5,-4,2
94.927543,37,-7,-3,4,6,5,2,7,2
94.929590,13,-112,9,2,-1,-5,-9,-4,2
94.929601,-91,-78,-16,-8,-6,-1,-4,12,2
94.952313,-8,33,-10,0,11,-1,-10,-82,2
94.952326,-5,39,5,-5,0,-6,3,20,2
94.952330,47,1,11,8,4,5,5,4,2
94.952334,-47,98,7,2,-12,-7,-7,-13,2
94.973062,28,-43,-5,-15,0,19,-3,25,2
94.973086,-5,8,-6,3,-7,-18,-7,-23,2
94.974897,-24,118,7,-2,0,0,-10,3,2
94.974901,20,79,7,2,-4,1,2,2,2
94.987380,1,-44,-13,1,-21,1,1,32,2
94.987398,55,-30,0,4,33,4,-26,-16,2
94.988564,-28,38,-10,-9,-5,3,30,7,2
94.988569,24,67,-1,-4,-5,0,-6,-8,2
95.010712,-8,-111,-5,-1,0,-8,1,11,2
95.012881,11,66,8,-1,-8,-1,4,1,2
95.012886,-30,-67,-8,-6,13,-6,-18,-12,2
95.012888,26,-65,-14,-3,-29,-5,-3,38,2
95.033605,-29,-10,13,0,11,-2,4,-40,2
95.033624,41,77,10,-1,-5,1,1,12,2
95.033922,-12,-93,-5,3,7,4,-3,1,2
95.033940,8,41,2,2,1,0,-7,-6,2
95.046569,33,52,-6,-3,3,-5,-4,20,2
95.046585,-15,-26,7,-5,-11,0,7,6,2
95.055094,22,2,-4,-6,-3,-4,-5,-7,2
95.056867,54,105,21,9,3,1,-1,-4,2
95.070434,-59,-113,-6,4,2,-1,2,8,2
95.070457,-16,-22,9,-3,2,2,2,-7,2
95.072044,-2,23,-9,5,-4,-2,-4,7,2
95.072051,-2,-19,8,-7,4,1,-1,-14,2
95.092875,-24,61,7,6,7,-1,-13,-1,2
95.092890,-45,9,-10,-2,-3,2,11,4,2
95.093648,1,-10,9,1,-2,-3,-6,-4,2
95.093667,-28,49,8,-2,0,-2,1,-4,2
95.108281,12,-42,-14,-5,1,1,-3,-17,2
95.108288,-50,-51,-20,-8,-9,-15,-20,-19,2
95.108289,-18,-28,-3,-4,4,9,14,4,2
95.108291,-21,-24,-2,3,5,1,-5,-20,2
95.130355,17,-5,4,-9,8,-2,5,2,2
95.130387,46,16,3,8,-6,3,3,25,2
95.132240,-85,-73,-21,-3,-4,-4,-8,-34,2
95.132248,46,14,14,6,-4,-2,9,24,2
95.154489,-30,-35,-1,-3,0,-3,-23,1,2
95.154494,12,-12,-26,-6,-2,-2,4,9,2
95.154496,-6,-63,6,-1,-3,-2,0,-1,2
95.154498,-20,-67,-3,2,4,1,-2,3,2
95.167077,31,76,10,5,3,1,6,9,2
95.167116,9,23,-1,-2,0,1,-2,-18,2
95.191770,-14,127,5,-2,-10,-5,-20,-12,2
95.192958,11,-106,-21,-10,5,1,-2,4,2
95.193249,6,72,6,4,-6,-1,10,17,2
95.193265,-35,42,5,1,-4,0,-1,-35,2
95.194016,48,83,4,2,5,-3,-12,25,2
95.194032,-23,-55,-14,-7,-36,1,18,-10,2
95.213777,10,33,-6,-3,19,3,2,-9,2
95.213782,2,-37,4,7,25,7,1,26,2
95.213861,-2,78,18,2,-24,-6,1,-1,2
95.213868,16,-91,-30,-2,-1,0,-14,-2,2
97.237924,-1,19,-14,2,1,-1,-1,0,0
97.238192,2,-58,-7,-4,-1,0,1,-1,0
97.240266,-4,27,-6,-4,-1,-1,-2,-1,0
97.240309,10,-14,21,1,-1,1,0,-4,0
97.251602,-14,-23,-4,2,-2,-3,1,-1,0
97.253323,-14,-11,4,-2,-1,-1,0,-3,0
97.261294,-3,14,1,-10,-3,-4,-2,-2,0
97.261307,9,13,-12,2,-2,-2,-2,-1,0
97.275868,-6,-45,-9,-1,0,0,0,3,0
97.275876,-3,32,17,0,1,0,0,13,0
97.277468,-10,-10,11,-2,1,-1,-5,-17,0
97.277488,8,16,-11,-4,-3,-2,0,0,0
97.298154,14,9,40,5,-1,-1,-1,-6,0
97.299526,-14,-49,-26,0,1,1,3,12,0
97.299531,4,-6,-22,-3,-4,-1,-2,1,0
97.299533,-13,37,31,2,2,0,-1,4,0
97.311716,7,-12,-21,-1,-3,1,-1,-21,0
97.311799,-10,-24,9,-2,1,-2,-3,-5,0
97.327980,0,2,21,2,0,0,-1,3,0
97.328002,4,3,-15,0,-2,-1,-3,-1,0
97.335327,-2,-23,1,-5,-2,1,1,7,0
97.335342,-10,16,1,1,-1,-1,-3,-8,0
97.337804,2,0,1,7,2,0,1,-2,0
97.337811,-17,26,8,-1,0,-3,-1,-2,0
97.357896,16,9,-6,-1,-1,-1,-2,3,0
97.357913,13,19,-15,-5,-2,-2,-2,-8,0
97.359364,-7,-15,7,-1,-1,1,0,4,0
97.361085,4,-7,10,5,0,-1,-1,3,0
97.380334,-8,-23,-41,-1,-1,0,0,-3,0
97.380356,-7,26,27,5,1,0,-2,-5,0
97.381856,5,-10,-6,-5,-4,-2,0,3,0
97.381901,-2,-2,0,-5,-3,-2,0,-2,0
97.395250,-10,21,-2,-1,-3,-1,-1,-3,0
97.395278,12,-44,-10,-7,-2,-1,-1,-3,0
97.402955,-5,-19,1,2,0,-1,0,-1,0
97.402973,2,52,-2,-2,0,-1,-1,-5,0
97.417784,4,1,5,1,0,-2,-1,4,0
97.417798,3,-11,-12,-3,-1,0,-1,13,0
97.419445,7,63,-4,-3,-1,-2,-3,-10,0
97.419466,-16,-36,-9,-5,-3,0,2,0,0
97.440408,-9,-6,8,-1,-3,-2,-3,-5,0
97.440427,-4,-43,-16,1,1,0,-3,6,0
97.441985,6,23,3,2,-1,-1,-3,-22,0
97.441993,-1,-26,-9,-2,1,0,-1,-1,0
97.455442,6,13,2,-2,-3,-2,1,8,0
97.455464,-4,5,5,-1,-4,-1,-1,-9,0
97.457336,0,5,-11,-4,-2,-2,-1,10,0
97.457342,-1,-19,-5,-5,1,1,1,-1,0
97.479193,-10,-19,29,5,1,1,0,-1,0
97.479199,9,-60,-21,1,-2,-3,0,-5,0
97.479345,7,53,8,2,1,0,0,1,0
97.479382,-11,-18,8,-2,-4,-1,-3,2,0
97.500530,-3,49,-14,0,1,-3,-3,2,0
97.500605,4,7,-14,-5,-2,-3,-1,-9,0
97.503043,-6,-27,28,5,0,1,2,2,0
97.503053,11,-7,-4,-3,-1,1,-1,-2,0
97.515843,-19,-23,-6,0,0,-1,-2,-2,0
97.515865,1,33,-1,-3,-1,-1,-2,-3,0
97.517837,-13,-8,-12,0,-1,-1,-1,-1,0
97.517842,8,0,3,2,1,-1,0,-1,0
97.538732,6,-15,-2,-4,-2,-1,0,-2,0
97.538744,21,56,-3,-5,-3,0,-2,-4,0
97.539342,-32,-45,5,1,-2,0,-1,1,0
97.539423,2,-14,-4,0,0,-2,-2,-2,0
97.560487,10,-7,-33,-5,-2,-1,1,0,0
97.560503,-5,49,17,6,0,-1,-1,-3,0
97.562678,13,-29,-10,-4,-4,-3,0,4,0
97.562681,-7,-21,-13,0,-1,0,1,1,0
97.574737,-1,24,5,2,3,0,1,20,0
97.574785,5,28,4,2,0,-2,-3,-18,0
97.581567,-1,7,-5,-2,-2,-1,-3,4,0
97.581595,14,-9,4,-3,-2,-2,0,-3,0
97.597871,-17,-11,1,-5,-2,-1,-3,-6,0
97.597891,6,-34,10,0,-1,0,2,13,0
97.599446,2,-32,-9,2,1,1,-1,0,0
97.599494,0,53,19,6,0,2,-1,1,0
97.620437,6,2,-11,-5,-1,0,2,-2,0
97.620454,-9,-30,-1,0,-2,-1,-3,-5,0
97.622092,-5,26,-8,-4,-2,-4,-2,-2,0
97.623212,-2,22,7,3,1,0,-1,2,0
97.635011,0,-1,-2,-3,-2,-1,-2,-6,0
97.635029,-6,-15,2,-2,0,1,1,-1,0
97.641576,3,34,1,-1,-2,0,0,2,0
97.641600,9,-31,-21,-6,-4,-2,-2,-1,0
97.657854,-5,2,8,2,-1,-2,0,-8,0
97.657874,-11,-2,4,-10,1,0,2,3,0
97.659677,12,-13,11,7,1,0,-2,6,0
97.659688,-3,31,-19,-1,-2,-1,0,-3,0
97.680888,-8,-32,6,7,1,0,-1,-1,0
97.681040,-3,-3,-16,-9,-4,-1,-2,-1,0
97.681997,1,6,-7,-1,-1,0,1,-3,0
97.682014,-1,-21,-9,0,-1,-1,-1,1,0
97.694754,7,-30,-8,-6,-4,-3,-2,-2,0
97.694774,-8,46,20,8,5,1,0,3,0
97.701954,-10,-3,-6,-1,2,-2,-3,-2,0
97.701987,1,4,-8,-2,-2,-1,-1,-3,0
97.718215,5,-7,0,0,0,0,1,5,0
97.718238,4,-16,-7,2,-2,-1,-2,-1,0
97.720533,2,16,-10,-6,-5,-1,1,-6,0
97.720539,-6,-18,24,2,0,-2,-2,0,0
97.740319,-1,14,10,3,1,1,-2,-5,0
97.740336,12,18,-7,-1,-3,-4,-2,-2,0
97.741914,-12,-14,-3,0,0,1,-1,-1,0
97.741968,-27,-20,1,-4,-2,-3,-1,-2,0
97.754756,19,19,-8,2,-3,-2,-2,-2,0
97.754808,-5,12,-6,3,0,1,0,-3,0
97.761833,6,21,30,0,-1,-1,-1,2,0
97.761854,-13,-27,-10,-4,-2,-1,-2,-3,0
97.778151,2,9,4,-4,-1,-1,0,6,0
97.780869,0,-7,-17,-4,-2,-3,-3,-23,0
97.780875,-6,28,11,0,-3,-2,-2,-4,0
97.780877,5,7,2,0,-1,0,2,0,0
97.800421,-3,-16,-1,-1,-1,-2,-3,2,0
97.800426,17,-16,8,-1,2,0,-1,4,0
97.801778,-24,-26,-10,0,-1,-1,2,2,0
97.801793,-3,18,1,0,-2,-1,-3,-12,0
97.823087,3,10,-5,-3,-2,1,0,1,0
97.823105,2,-10,2,-1,-4,-1,-1,3,0
97.825062,-3,-8,-8,-6,-2,-1,-1,-5,0
97.825074,9,0,8,4,-1,0,-1,5,0
97.837977,-11,-1,7,-2,-2,-2,0,-6,0
97.839937,-6,6,-1,5,-1,0,0,2,0
97.839944,0,-6,1,-1,1,-3,-2,0,0
97.839946,12,5,-4,-3,-2,0,0,14,0
97.860808,-1,-18,-9,-5,-2,0,-1,-12,0
97.860813,-19,10,19,-1,-1,0,0,1,0
97.861903,5,44,-10,-3,-1,-3,0,-2,0
97.861918,0,-28,-20,-4,-3,-2,0,5,0
97.876150,-1,33,31,2,0,-2,-1,-3,0
97.876162,1,-8,1,0,1,-2,-1,-2,0
97.881413,21,-12,-23,-4,-4,-2,-1,3,0
97.881429,-36,-11,8,1,3,0,-3,-10,0
97.897890,8,36,4,3,2,0,-1,11,0
97.897911,-8,-23,-17,-12,-5,-3,-3,0,0
97.899681,-9,-10,5,6,1,2,-2,-9,0
97.899685,26,13,-6,4,-1,0,0,8,0
97.921133,-7,-10,-8,-3,-3,0,0,-5,0
97.921151,5,-9,-8,-1,-2,-2,1,11,0
97.923938,4,-8,1,-14,-3,0,0,-2,0
97.923944,7,2,-3,4,2,-1,-1,-3,0
97.934487,-17,1,-4,6,1,0,-2,-3,0
97.934517,23,-12,8,-1,0,1,0,1,0
97.953521,-34,-34,-17,-1,-1,-1,-2,-4,0
97.953528,-7,11,0,-4,-2,-2,-2,-7,0
97.957828,-3,6,-2,-5,-4,-2,-2,1,0
97.957849,-7,-8,4,5,0,-1,-2,-5,0
97.959652,4,-7,0,0,0,-1,-2,1,0
97.960714,8,1,-14,-3,-1,-3,-1,0,0
97.995954,4,-14,-14,-2,-3,-1,0,-2,0
97.995976,7,9,5,0,0,-3,0,-2,0
97.997501,15,27,-7,-3,-2,-2,1,7,0
97.997562,14,15,36,2,1,1,6,-3,0
97.998313,-22,-5,1,1,1,0,-5,1,0
97.998334,-9,4,-10,-6,-3,0,-8,-11,0
98.004497,12,35,-6,0,2,-2,-4,5,0
98.004504,1,-10,11,1,-2,-3,-3,-2,0
98.017756,-2,-10,4,3,-1,-2,1,-7,0
98.017770,-3,-1,0,0,-1,0,4,8,0
98.019959,3,-10,0,2,-1,0,-3,-3,0
98.019983,-5,-8,-12,-5,-2,-3,-2,-1,0
98.040498,3,-14,-4,-4,-2,-2,1,2,0
98.040513,-7,4,-16,-4,-3,-1,0,-1,0
98.042954,4,4,52,4,2,1,-1,-4,0
98.042965,-4,-17,-12,3,0,0,-1,0,0
98.053985,-5,17,5,-2,0,0,0,0,0
98.054020,7,-5,-9,-2,-1,-2,-1,1,0
98.064579,-1,3,-1,0,-1,-2,-1,-6,0
98.064586,-21,-7,-1,-3,-2,-2,-2,-3,0
98.077923,7,-7,2,-5,-4,-2,-2,0,0
98.077943,7,3,-8,-4,-3,-1,-2,-4,0
98.079667,-1,-11,19,3,0,0,1,4,0
98.079685,0,7,-4,-3,-1,0,-2,-3,0
98.100450,1,-6,-9,-1,0,0,0,-3,0
98.100471,1,9,7,1,0,-1,0,5,0
98.102847,-7,-15,-13,0,-2,-2,-1,0,0
98.102862,7,-34,-6,-8,-3,-1,-2,-4,0
98.113911,1,50,-8,0,-1,-2,0,-1,0
98.113933,-5,-53,14,10,5,2,0,-2,0
98.122967,-5,39,23,7,1,1,-2,-2,0
98.122982,-7,10,-2,-6,0,0,-1,2,0
98.138854,3,-33,-9,-3,-2,0,-1,0,0
98.138877,-1,13,-4,-3,-3,-2,-3,-5,0
98.139477,-9,-21,-17,-6,-3,0,-1,-2,0
98.139501,6,3,5,1,0,-1,-1,-1,0
98.160502,-1,-6,-2,0,1,1,2,0,0
98.160524,13,13,-4,-3,-2,-1,-1,1,0
98.162617,-31,-19,1,6,3,0,-3,-2,0
98.162621,-17,20,4,-2,0,0,-1,-2,0
98.173978,1,-3,-6,0,-1,0,-3,-1,0
98.173994,-12,4,-2,-2,1,-1,-2,-3,0
98.185986,21,17,-9,-3,-3,-2,1,5,0
98.185996,19,-63,-9,3,0,-2,-1,11,0
98.198064,-22,46,2,-15,-1,-3,-5,-39,0
98.198092,-14,10,7,7,-3,-3,-3,1,0
98.200907,1,-30,-2,-4,-2,-2,0,2,0
98.200913,5,14,5,0,-2,-1,-1,-7,0
98.220286,12,-34,-15,-1,-1,0,-2,7,0
98.220330,2,9,-3,-4,-2,-1,0,8,0
98.222925,2,-2,9,-3,-2,-1,-2,-8,0
98.222932,14,14,0,0,-2,0,1,3,0
98.234416,0,-23,12,5,0,0,-1,3,0
98.234429,-28,16,-10,-2,-1,-2,-1,-10,0
98.243957,12,-8,-10,-1,-2,-1,0,8,0
98.244010,6,11,-8,-5,-3,0,0,-4,0
98.258245,1,36,12,5,0,0,0,4,0
98.260808,1,-40,2,-2,-1,-1,-1,-3,0
98.260816,4,-70,-5,-1,-1,0,0,-3,0
98.260817,-4,104,22,0,-2,-1,-1,-3,0
98.280365,-13,-16,-3,-2,-3,-1,-1,4,0
98.280386,-3,3,0,5,-2,1,0,4,0
98.282668,-4,11,-22,-15,-4,-3,-1,-4,0
98.282674,3,-31,17,9,0,0,-1,-5,0
98.294045,-15,-9,-1,1,-1,-1,-1,4,0
98.294065,14,19,8,-3,-1,0,1,-1,0
98.305045,-5,0,-19,-3,-3,-3,-2,-2,0
98.305050,1,-1,3,-3,-2,0,-1,-3,0
98.317927,-7,21,5,-3,-2,-1,-2,0,0
98.317945,-6,-14,-15,-2,0,0,-2,-6,0
98.319762,4,3,7,3,1,-1,-1,-1,0
98.319775,16,8,-18,-4,-3,-1,-1,4,0
98.340375,-19,-46,17,4,1,1,0,-1,0
98.340392,7,-15,-3,-4,-3,-1,-2,-1,0
98.342016,-14,30,5,-4,-3,0,1,1,0
98.342064,-1,-5,-14,5,2,0,-1,-1,0
98.362947,17,-31,-11,-4,-7,-1,1,6,0
98.362969,-9,32,23,3,2,1,-4,-27,0
98.365249,21,-42,2,5,2,0,0,5,0
98.365261,-47,11,-5,-5,-1,0,-2,-3,0
98.377772,21,-1,-8,-1,-2,-2,1,1,0
98.377792,-9,-10,-6,-4,-2,-1,0,6,0
98.379232,-1,14,2,1,-2,0,-1,2,0
98.379303,3,5,-4,-10,-4,-2,-1,-8,0
98.400780,1,-7,12,5,2,-1,0,0,0
98.400785,10,22,2,2,-1,0,2,8,0
98.401721,-6,-3,-4,-2,-1,0,-1,-7,0
98.401733,0,-50,-17,-2,-2,-1,2,6,0
98.422963,19,63,22,1,-1,-1,-2,-5,0
98.422980,18,-5,3,0,-1,-2,0,-1,0
98.424422,-22,-22,-3,-3,1,0,2,2,0
98.424444,-2,53,0,2,1,0,-2,-3,0
98.437838,11,-12,-2,-2,1,-2,-1,-1,0
98.437857,20,19,-6,-1,-1,-1,0,4,0
98.439417,-2,4,-6,-3,-4,-1,-2,-4,0
98.439428,2,-57,25,5,2,1,-1,-2,0
98.462046,-3,79,-13,-3,1,-1,0,-1,0
98.462052,-23,-18,-5,0,-3,-1,-1,0,0
98.462054,-7,4,5,-2,0,1,0,-1,0
98.462056,-8,-12,18,5,1,-1,0,-3,0
98.482760,5,-18,-8,-2,0,0,-3,1,0
98.482782,-7,-26,-1,-1,1,0,-1,-1,0
98.484948,-11,22,-15,-3,-3,-3,-1,-2,0
98.484956,14,8,-7,-5,-3,-1,1,-1,0
98.497751,-2,-18,-9,-1,-1,-2,-2,3,0
98.497776,7,8,-3,-10,0,-2,-1,3,0
98.511563,-9,-38,-6,5,-1,-1,-4,-8,0
98.511584,-7,25,-6,1,2,0,-1,0,0
98.520906,-10,-29,-6,-1,-1,-1,-1,-1,0
98.520965,6,21,-5,-4,-4,0,0,-2,0
98.523064,14,-13,17,4,1,0,0,5,0
98.523075,-12,-18,-13,-5,-3,-1,-1,-3,0
98.542677,-5,-16,-1,-2,-2,-1,-2,-7,0
98.542698,7,18,-3,3,-1,-1,0,3,0
98.549032,-20,-28,23,-1,2,0,-1,-6,0
98.549059,25,36,2,-1,-2,-2,-1,-1,0
98.557190,-9,1,14,3,0,0,-2,-1,0
98.557219,4,-1,-6,-11,-2,-2,-1,-1,0
98.563956,5,35,-14,8,-2,-2,-1,1,0
98.563980,-12,-23,4,-4,-3,-2,-1,-1,0
98.580413,6,-16,-18,-2,-3,-1,2,3,0
98.580442,-4,-50,11,4,1,-2,-1,-3,0
98.582319,5,78,6,-7,-2,0,-1,-3,0
98.582324,-2,-17,-3,-2,0,-1,-1,2,0
98.602865,22,10,3,-1,0,0,0,-2,0
98.602947,-67,-42,-6,-1,-1,-1,0,-1,0
98.604465,9,17,7,1,0,-2,-2,-1,0
98.604484,-1,-22,-2,2,0,-1,-1,-3,0
98.617161,-10,6,-5,-9,-4,-1,-2,1,0
98.617170,27,20,6,4,-1,-1,-1,-1,0
98.623905,-25,-24,-5,-2,-2,-1,0,11,0
98.623927,-21,15,-7,-1,-3,-1,-4,-26,0
98.641090,-1,9,-1,-2,0,0,1,2,0
98.643156,8,7,29,-4,2,-1,-4,0,0
98.643168,11,9,-12,5,-1,0,2,4,0
98.643170,12,-13,-11,-3,-1,1,-1,3,0
98.662901,-34,-15,3,7,0,0,-3,-3,0
98.662921,0,-32,-18,-3,-2,-2,-2,-3,0
98.664289,4,41,4,0,-2,-2,-1,-2,0
98.664310,4,-19,6,-6,-1,-3,0,3,0
98.685372,-5,2,1,-2,-1,-2,1,-5,0
98.685399,14,2,-9,2,-3,-3,-2,-2,0
98.687305,-46,-25,-24,-5,-1,-2,-3,-3,0
98.687312,6,-17,8,1,-1,0,-1,3,0
98.700232,0,20,9,-1,-2,-1,0,0,0
98.700250,-3,6,1,2,0,-2,-3,-2,0
98.701911,19,-9,-15,-3,-1,-1,1,-2,0
98.701925,-8,14,-1,-1,-3,-1,0,3,0
98.722789,9,-8,-9,-3,-3,-1,0,0,0
98.722799,-10,1,-2,-1,0,1,1,-4,0
98.724294,26,16,9,-3,-2,-2,-1,-3,0
98.724315,-13,5,3,-4,1,-1,0,6,0
98.739489,-11,-26,-10,9,3,-1,-4,5,0
98.739498,-20,24,1,1,-1,0,1,-3,0
98.744398,16,-25,-2,-4,-1,0,-2,-1,0
98.744475,-3,17,-6,-1,-3,-2,0,-1,0
98.760411,15,27,7,-5,-1,0,0,6,0
98.760432,2,24,-1,0,-2,-2,0,-1,0
98.761968,-7,-51,-2,-1,-1,-1,-2,-4,0
98.761974,-1,16,7,3,1,-1,-1,4,0
98.782126,10,8,-17,-7,-3,-2,-1,-3,0
98.782148,-3,5,22,3,2,1,-1,1,0
98.791649,23,3,19,6,1,0,1,-2,0
98.791658,-36,-6,-9,-1,-2,-2,-1,1,0
98.797341,-17,-10,-1,-4,-3,-2,-2,-7,0
98.798870,10,-18,-10,-3,-1,-1,-2,-2,0
98.804060,-38,0,0,-1,0,-3,-1,1,0
98.804090,20,-10,-4,-1,-1,-1,0,-2,0
98.820390,-2,7,1,2,0,-1,0,-5,0
98.820411,-5,-9,-19,-4,-3,-2,1,3,0
98.821796,16,0,0,-8,-1,-2,-1,-4,0
98.821886,1,13,7,7,0,-2,-2,-2,0
98.842827,-1,-23,-2,2,1,-1,-2,-1,0
98.842856,9,-31,-6,-2,-1,-1,-2,0,0
98.844421,-2,36,-5,-2,0,0,-3,0,0
98.844431,-13,4,2,-2,-1,-1,0,3,0
98.856602,4,-6,7,-4,-1,0,1,-13,0
98.856621,41,12,-2,-4,-2,-2,0,-1,0
98.865622,-36,-17,-12,1,-2,-1,-3,-4,0
98.865626,12,-19,-8,-4,-1,0,-3,3,0
98.881105,5,5,17,-1,0,0,0,0,0
98.881114,-12,7,4,6,1,0,0,4,0
98.881910,19,-3,3,-1,-3,-2,-2,-3,0
98.881928,8,9,-15,2,2,0,-1,-2,0
98.903071,2,26,-18,-7,-5,-1,0,1,0
98.903090,-11,23,62,10,3,-2,-2,-4,0
98.905922,-2,-14,-3,4,2,0,-1,-1,0
98.905928,1,-8,-9,-1,-3,-1,-2,-3,0
98.916499,7,1,-9,-10,0,0,-2,1,0
98.916523,-11,-52,-11,3,-1,0,-1,-1,0
98.927065,0,52,7,0,1,0,0,-1,0
98.927072,1,3,8,-1,-1,-1,0,-1,0
98.941786,-1,-15,4,-2,-1,-2,-1,-2,0
98.941793,-1,0,-18,1,-1,-3,-3,-4,0
98.941923,8,-15,1,-2,-3,-2,0,2,0
98.941970,9,-2,-27,-5,-4,0,-1,-1,0
98.963034,-63,-15,11,4,-1,-2,-2,0,0
98.963054,13,15,-10,-5,-4,1,-1,1,0
98.964838,-8,7,-2,3,-1,0,0,-2,0
98.964841,3,-1,-3,-2,-2,-2,-2,-2,0
98.976684,11,-30,13,-2,-2,-1,1,0,0
98.976713,-6,11,-15,0,-1,-1,-1,-3,0
98.987833,2,-13,-3,-1,0,1,1,7,0
98.987844,-1,8,4,-1,-2,-3,0,0,0
99.000408,8,-22,-6,1,-4,-1,-1,-2,0
99.000430,-9,12,-18,-6,-1,-3,-2,-2,0
99.003053,12,-4,3,-1,0,0,2,-1,0
99.003062,-12,17,13,-3,1,0,0,1,0
99.022699,10,24,0,10,-1,-1,-1,0,0
99.022719,3,-8,-9,-5,-2,0,0,-1,0
99.028978,-25,-6,-10,-1,-2,-1,-1,0,0
99.029000,2,-13,-3,-1,2,0,-1,-3,0
99.036462,1,-10,12,0,1,-2,-1,-1,0
99.036487,5,-15,-4,-5,-3,-2,0,1,0
99.045634,3,5,-3,-3,-2,-3,0,-4,0
99.045639,3,-19,2,7,3,0,-1,-3,0
99.060392,18,14,-9,-1,0,-1,-3,-4,0
99.060414,12,-3,4,0,1,0,0,5,0
99.066819,0,-5,-9,-6,-4,0,-1,-4,0
99.066841,-13,-4,0,-1,-2,-1,0,-3,0
99.083012,4,-2,-13,0,0,-2,0,2,0
99.083119,-1,-1,17,0,0,-1,-1,-4,0
99.084590,10,35,20,2,1,0,0,0,0
99.084679,-2,10,-1,-2,-2,-1,-1,-1,0
99.096399,-19,-6,2,-9,-3,1,-3,-2,0
99.096418,-9,12,-17,-1,-2,-1,-1,0,0
99.107201,3,-9,17,7,-2,1,-1,-5,0
99.107205,5,-6,0,-3,-4,-3,-1,0,0
99.121004,8,-7,-10,-1,1,-1,0,1,0
99.121043,-22,0,13,-1,0,-2,0,1,0
99.122935,7,4,-3,0,2,-1,-1,4,0
99.122944,-14,1,-8,-3,-2,-2,0,-5,0
99.143286,2,-9,-5,-1,-2,-1,0,0,0
99.143292,10,2,-3,-7,-3,0,-1,2,0
99.144316,16,-4,-10,5,-1,-2,-1,4,0
99.144322,-24,-4,6,-1,-1,-1,-1,-1,0
99.157594,-1,-49,-28,-3,-1,1,-1,-5,0
99.157600,-31,58,45,3,0,-1,-1,-2,0
99.167063,1,3,6,-2,-1,0,-1,-1,0
99.167072,3,-35,-4,1,-2,1,-1,0,0
99.180567,5,18,10,1,-3,1,-1,-1,0
99.182267,-9,-13,-21,-2,0,-3,-2,-4,0
99.182272,-1,-22,-17,-2,-1,-2,-2,-3,0
99.182274,18,11,4,-9,2,-1,-1,-1,0
99.204640,1,13,4,7,-2,-2,-2,0,0
99.204645,4,-14,-22,-7,-2,0,1,3,0
99.204647,-3,-16,4,-1,-3,-2,2,-6,0
99.204649,11,15,-7,2,1,-2,0,0,0
99.216806,-14,34,-3,-5,-5,-2,0,0,0
99.216835,1,-4,7,3,2,1,-1,-4,0
99.226231,-1,-7,-10,-8,-2,0,-3,2,0
99.226240,-3,-18,16,4,-1,0,0,-3,0
99.240536,4,9,-4,-1,-2,0,-1,1,0
99.240556,10,24,-13,-3,0,-2,-1,-2,0
99.242627,-7,-12,7,1,-1,0,-1,0,0
99.242673,3,-12,-4,0,-3,1,-2,-2,0
99.262791,-18,25,4,-1,1,-1,-1,1,0
99.262813,-10,-28,-5,0,-1,-1,0,8,0
99.264425,6,11,-6,-5,-2,-3,-3,-24,0
99.264456,-4,10,6,1,-1,0,-2,-2,0
99.276956,0,-36,-8,-4,-1,-1,-1,-2,0
99.276978,10,-40,-9,2,-3,-1,0,0,0
99.287779,-13,43,9,-3,2,-1,-1,4,0
99.287789,17,1,4,4,0,-1,-1,0,0
99.300240,-6,-1,0,-2,-3,-1,-1,-4,0
99.300258,28,-6,-18,-2,0,0,-1,0,0
99.301970,-82,-22,3,0,0,1,-2,-1,0
99.301993,-3,-16,-12,-3,-1,-1,0,0,0
99.322916,9,26,11,2,0,-2,-1,1,0
99.324620,-5,-4,2,-7,-3,1,0,-3,0
99.324626,19,5,-15,2,-2,-1,-3,2,0
99.324628,-2,-9,3,0,0,-1,-1,3,0
99.345944,5,-16,-10,-3,-1,-1,-2,-1,0
99.346024,-2,11,10,2,0,1,1,-4,0
99.347309,4,-18,-11,-7,-6,-3,-2,2,0
99.347326,-14,14,2,4,1,-1,-1,-2,0
99.360355,16,5,8,-2,1,0,1,1,0
99.360371,-9,5,5,1,-2,-2,-3,-4,0
99.362713,17,-53,-23,-6,-4,0,3,7,0
99.362717,-10,71,44,-5,-2,-2,0,-2,0
99.383146,35,9,0,8,2,0,-1,0,0
99.383174,-46,57,20,2,0,-1,-1,-4,0
99.384421,-54,-39,-3,1,1,0,-2,0,0
99.384444,-4,-28,-20,-7,-3,-2,-2,-5,0
99.405319,0,-15,0,-6,-3,-2,-2,1,0
99.405340,10,-9,-8,-11,-2,-2,-2,2,0
99.406792,28,21,6,9,3,0,0,-1,0
99.406808,3,34,3,-1,1,0,-1,0,0
99.420123,-23,-3,-3,0,0,0,-2,5,0
99.420129,-3,-16,-10,2,-2,-1,-2,-20,0
99.426555,22,19,2,-4,-1,-2,-1,0,0
99.426575,-12,-25,-14,-4,-4,0,-1,0,0
99.442818,6,-11,-3,1,0,-1,0,-3,0
99.442841,-4,-4,10,0,-2,1,-1,2,0
99.450834,14,11,28,4,2,-1,0,-1,0
99.450839,3,-20,-13,-2,-3,0,-1,-2,0
99.466031,-4,-67,-17,-6,-1,-2,-1,-3,0
99.466037,-5,76,32,8,2,0,0,2,0
99.466857,21,6,-10,-8,-4,-1,-2,-1,0
99.466870,-10,-31,1,-8,-1,-2,0,2,0
99.482231,-23,5,9,10,2,-1,0,-2,0
99.482236,32,-23,-26,-2,-1,-3,-1,0,0
99.486894,-44,8,13,0,-1,0,-1,1,0
99.486929,6,2,-12,1,-1,-1,-3,-6,0
99.502197,-18,13,6,-10,-3,1,-1,-1,0
99.502210,13,-13,-11,5,0,-1,0,3,0
99.512059,3,15,-1,-1,-1,-1,1,0,0
99.512064,7,-11,-6,-1,-1,-2,0,-1,0
99.526204,-16,12,-2,-3,-2,0,-3,-3,0
99.526233,1,-13,1,-3,0,0,-2,1,0
99.528147,13,-31,-27,-7,-3,-2,0,3,0
99.528152,-3,62,11,4,-2,-1,-1,-2,0
99.539959,4,-27,4,1,2,0,1,-1,0
99.539981,12,-48,-6,-3,-2,-2,-2,2,0
99.546454,-22,61,8,0,0,0,0,-1,0
99.546475,-4,-12,1,-11,0,-2,-1,1,0
99.562742,10,35,-3,10,-3,-1,-1,-1,0
99.562760,-14,-13,-1,-3,-1,0,0,1,0
99.564553,13,-11,-23,-4,-1,-1,-1,-3,0
99.564648,1,-12,8,5,2,0,0,4,0
99.585823,-3,8,7,-6,-1,-2,-1,-3,0
99.585852,9,-14,-2,-1,-3,-1,-1,-2,0
99.587655,2,-1,-5,2,-2,-1,-1,0,0
99.587666,4,0,1,2,0,-1,1,1,0
99.600370,4,-4,-7,-5,-2,-1,-1,-3,0
99.600398,9,14,-10,0,0,-1,-1,1,0
99.606561,9,9,9,4,3,0,-1,1,0
99.606581,-5,24,11,-1,-3,-3,-3,-1,0
99.622809,-7,-95,6,-2,-1,1,0,-3,0
99.622856,-7,49,-3,-1,0,-2,-1,-1,0
99.624435,-1,-7,2,-2,-2,-2,-1,-1,0
99.624516,8,-8,-5,-3,-3,-1,0,1,0
99.645559,24,-14,-22,-13,-1,-1,0,2,0
99.645581,-28,10,22,19,4,1,0,-2,0
99.648010,3,-27,28,1,2,1,-3,-1,0
99.648015,8,-2,-10,0,-3,-2,-3,0,0
99.659853,-12,21,-3,-4,-3,0,-2,0,0
99.659875,-19,-26,-15,-5,-3,-2,-2,-2,0
99.666882,8,9,-4,-3,-2,-2,-2,-3,0
99.666902,-11,-20,-8,-1,-1,-1,1,1,0
99.684387,13,30,3,2,0,-2,-2,-2,0
99.684393,0,-6,0,-6,-1,-3,-1,0,0
99.684395,3,-24,-19,-3,-3,-3,-1,5,0
99.684397,7,50,19,5,2,-1,1,-1,0
99.705614,17,2,-4,0,0,-2,0,-3,0
99.705635,3,9,0,-4,-4,-1,-2,-3,0
99.707574,-6,-19,-8,-2,-2,-2,0,2,0
99.707580,-4,-26,-11,-4,-2,1,-2,-2,0
99.720066,5,32,1,4,0,0,-1,1,0
99.720094,-3,-21,-2,-2,-1,-2,1,-1,0
99.726780,4,6,4,-4,-3,-1,-2,-4,0
99.726802,7,7,-8,1,0,-1,-1,-3,0
99.742865,-13,-9,25,8,0,0,1,-2,0
99.742885,2,-9,-11,-9,-1,-1,-2,-1,0
99.745791,-8,38,-8,6,2,1,-1,-7,0
99.745836,-5,-27,3,-3,-1,-1,-2,-3,0
99.765795,-10,9,-7,1,0,0,-2,3,0
99.765818,2,12,8,-7,-2,-1,-1,-1,0
99.768584,2,8,4,4,0,-3,0,-2,0
99.768587,-11,-6,-13,-2,-1,-2,-3,0,0
99.779607,-16,6,0,-2,-1,-2,-2,0,0
99.779622,3,-21,-9,-3,-1,-1,0,-2,0
99.786814,5,0,-2,-1,0,2,2,3,0
99.786842,6,-20,-1,-3,-3,-1,-1,-2,0
99.802873,-1,4,-5,-2,-1,-1,-2,0,0
99.802902,10,5,-4,0,0,0,1,2,0
99.809155,-21,-21,-2,-10,2,-1,0,1,0
99.809171,-9,27,1,12,2,-1,1,-4,0
99.825548,2,-3,12,-1,-2,-2,-1,-3,0
99.825562,3,4,-3,1,0,-1,-2,-4,0
99.826965,-5,-55,0,-2,-2,-1,-2,-4,0
99.826985,6,3,-4,-7,-4,-1,-1,2,0
99.839551,-10,52,-14,1,0,0,-1,-4,0
99.841455,0,-34,17,5,-1,-2,-2,-1,0
99.850237,8,24,-3,-5,-1,1,-2,-2,0
99.850243,2,-20,-8,4,-1,0,-1,0,0
99.862850,-4,-4,-2,-2,-3,-1,-1,-2,0
99.862873,1,11,-10,-5,-4,-2,0,-1,0
99.864611,-2,-14,1,-2,-3,-1,0,0,0
99.864721,-2,17,1,-2,0,-1,0,6,0
99.886069,30,-1,-3,2,-1,-2,-1,-19,0
99.889256,-6,-13,-3,0,0,-1,-2,-1,0
99.889273,2,21,3,2,-1,-2,-1,-2,0
99.889277,-25,-28,-7,-11,-1,-3,-1,-4,0
99.899911,11,1,-8,0,-4,-1,0,8,0
99.899939,-2,4,12,-2,0,1,0,-1,0
99.908837,3,5,6,10,2,-1,-4,-4,0
99.908845,15,-25,-3,-1,-1,0,0,3,0
99.922933,-7,11,3,-2,1,-2,-1,2,0
99.922953,-18,0,-6,-4,-3,-2,-2,-2,0
99.924345,4,9,-3,-6,-4,-2,-1,6,0
99.924366,-2,13,-3,2,0,-1,-2,-5,0
99.945283,-9,7,8,-1,0,1,0,4,0
99.945303,3,-8,-7,-5,-1,0,0,0,0
99.946715,2,14,-2,7,0,-1,0,-1,0
99.946724,0,0,24,3,1,0,-2,-3,0
99.959379,20,-22,-8,-1,-2,-1,-2,0,0
99.959408,-16,21,-4,0,0,-1,-1,0,0
99.969911,-21,-14,14,-2,-1,2,0,-3,0
99.969921,11,-32,-10,-5,-1,-1,0,2,0
99.982490,-6,1,2,1,-1,-1,-1,4,0
99.982497,15,11,-2,-2,-5,-1,-2,-1,0
99.989215,1,-11,0,1,1,-1,-3,-2,0
99.989240,-2,7,-1,-3,-2,0,-1,-3,0
100.005519,-4,-22,-20,-5,2,-1,0,-1,0
100.007341,-9,47,20,0,-2,-1,0,-1,0
100.007348,6,-80,-10,0,-1,0,1,3,0
100.007350,-4,71,10,-3,-4,-2,-2,-2,0
100.019088,-8,-14,-10,-5,-1,-2,-3,0,0
100.019111,-16,-19,-5,6,2,0,-1,2,0
100.029435,8,11,-5,-12,-4,-2,-3,1,0
100.029441,15,-4,1,10,1,-1,0,-2,0
100.044674,-24,-24,-8,0,-3,-1,0,0,0
100.044684,8,-7,-4,-2,-2,-2,0,2,0
100.044688,2,24,7,-1,1,-1,0,3,0
100.044690,-9,-17,-20,-1,-3,-2,-1,1,0
100.065879,0,9,10,0,-1,-1,-1,-3,0
100.065895,8,-22,-3,-1,0,-1,1,3,0
100.067155,-3,20,-6,0,-1,-1,-1,-5,0
100.067159,-1,-28,2,-6,-2,-1,-1,-3,0
100.078940,-1,67,6,1,-1,-3,-3,-3,0
100.078967,15,9,-2,2,2,2,-1,-2,0
100.088856,6,-17,7,0,0,-2,-2,-2,0
100.088863,-2,-1,-5,-1,-1,-2,-2,-4,0
100.105259,-11,1,0,-5,-2,-1,0,1,0
100.105273,4,-21,-12,-1,-3,-2,-2,-2,0
100.105275,13,21,-1,-1,1,2,0,-1,0
100.105277,1,-5,1,2,-1,-1,-1,0,0
100.132750,-3,-18,-2,-5,2,0,0,1,0
100.132778,10,16,12,6,-2,-2,-1,-1,0
100.139733,-2,8,-5,0,-3,-1,-2,3,0
100.139749,-18,-8,-4,-7,-1,-1,-2,-5,0
100.140662,16,9,-2,-1,-4,0,-2,-3,0
100.140665,-25,-88,-7,2,3,-1,2,-1,0
100.149314,0,54,-8,0,1,-1,-1,-1,0
100.149319,-11,-8,19,5,2,1,0,-1,0
100.163377,-2,14,-9,-6,0,-1,0,2,0
100.163404,26,-48,-2,-5,-2,0,-1,-2,0
100.165575,-51,39,6,-3,-5,-1,-2,-2,0
100.165587,-4,4,-1,-4,-2,-1,-1,1,0
100.185414,8,-20,-3,3,1,-1,-1,-1,0
100.185438,-2,27,7,0,-2,-1,-1,2,0
100.186916,12,-32,-17,-4,-2,-1,0,-2,0
100.186936,2,5,-1,1,-2,0,-3,-3,0
100.198867,-6,-22,8,3,-1,-2,1,5,0
100.198880,-8,6,-10,-9,-4,0,-2,-6,0
100.208676,-8,-8,16,-2,0,0,-1,-6,0
100.208683,22,1,-9,5,-1,-3,-2,2,0
100.222810,-20,-1,6,-1,0,0,0,-4,0
100.222826,-8,0,-3,3,-1,-4,-3,0,0
100.224448,3,-20,-4,-7,-2,-2,0,-3,0
100.224462,5,6,-26,-2,-1,-2,0,1,0
102.247397,-54,-128,-22,-4,3,-8,7,-20,2
102.247824,-7,127,22,12,6,0,18,54,2
102.249149,-84,-114,-33,-17,-7,20,11,1,2
102.249194,-14,-69,1,-4,-8,-67,-17,14,2
102.269802,102,68,8,10,0,-10,20,-67,2
102.269826,-8,54,33,11,10,16,43,44,2
102.270425,-15,-44,-11,-7,-30,-3,-19,12,2
102.270440,-92,94,22,14,19,41,3,22,2
102.293268,-77,-43,-21,-9,4,-12,-6,5,2
102.295276,-9,-88,-20,-4,-5,-34,10,7,2
102.295280,114,101,4,2,8,9,-6,3,2
102.295282,-24,88,17,5,-13,39,-1,-11,2
102.307247,-56,-40,-15,-12,-4,-36,2,31,2
102.307263,69,125,-3,-2,7,24,68,9,2
102.308896,30,-23,15,6,6,-18,-51,-25,2
102.308901,-7,57,9,7,25,20,18,-21,2
102.330374,57,-83,-33,-28,-33,-11,22,61,2
102.330380,28,97,7,8,-20,-27,10,-42,2
102.330382,-20,111,3,2,32,-1,-8,-50,2
102.330384,-42,-81,-4,-9,0,-1,10,-78,2
102.352677,-42,-48,8,4,29,9,-28,14,2
102.352699,-31,83,4,-4,-20,-9,-14,-54,2
102.355322,50,-67,-35,-11,4,48,-18,36,2
102.355329,23,75,20,4,-13,-51,1,13,2
102.367220,5,30,4,2,-3,0,55,36,2
102.367248,-26,70,4,-2,0,16,-58,11,2
102.369394,-124,-93,-11,-4,-10,-53,-5,-49,2
102.369399,9,22,-1,14,26,37,5,20,2
102.389450,70,127,34,4,-18,35,44,33,2
102.389468,107,-119,-9,-5,3,-11,-4,14,2
102.397432,34,127,17,4,-2,3,19,36,2
102.397455,-9,5,-11,-3,-14,-8,-25,-11,2
102.413126,-46,127,17,11,-11,1,-14,-106,2
102.413146,99,-63,0,1,26,2,-11,39,2
102.415353,-32,-36,-13,-7,-13,-21,-5,30,2
102.415363,51,51,-11,-11,-29,4,-10,-8,2
102.427135,31,69,-4,-1,51,35,6,-10,2
102.427151,34,65,31,15,8,-25,4,-25,2
102.428090,-43,-108,-22,-10,-3,-9,-21,49,2
102.428137,-30,79,1,0,-47,-17,12,-11,2
102.450094,-26,-45,17,0,-3,25,7,45,2
102.450128,-40,-92,-46,-12,-4,2,-30,-70,2
102.452241,9,123,31,13,5,-41,32,7,2
102.452247,9,-35,-11,-4,6,2,-6,17,2
102.472863,-120,-92,-45,-20,-29,-92,-32,-5,2
102.472880,-34,121,8,3,3,19,-13,18,2
102.473539,-70,126,18,5,1,7,2,-16,2
102.473641,-8,-128,-41,-20,-12,17,-33,-6,2
102.487249,85,3,0,4,6,10,-19,31,2
102.487271,-59,57,5,-5,0,-28,-37,50,2
102.488074,49,-63,-14,-3,-4,39,-14,-91,2
102.488088,-40,-77,-11,0,10,-9,21,21,2
102.510316,37,88,20,4,-2,14,3,-12,2
102.510345,17,-60,-3,-2,-1,-8,-1,2,2
102.512372,21,127,17,6,-12,19,24,23,2
102.512380,-54,62,11,9,8,3,-13,-14,2
102.532735,89,-73,-14,-2,-7,-6,11,-28,2
102.532749,49,47,3,-2,-21,2,4,53,2
102.533406,-1,30,13,4,7,-13,-14,8,2
102.533419,27,52,-2,-2,12,-40,36,-49,2
102.547083,30,5,11,8,12,12,-18,17,2
102.547089,-70,82,-8,-13,-8,-2,-9,-48,2
102.547685,105,-112,-6,-2,-6,6,54,11,2
102.547732,60,68,-4,-7,0,-8,-45,75,2
102.569713,33,-43,-2,1,-6,2,8,-28,2
102.569739,-67,42,-1,2,5,23,-8,0,2
102.572197,17,-22,-9,-3,-2,-4,-8,-17,2
102.572204,-42,-22,18,6,10,21,22,-5,2
102.600721,-42,26,8,7,4,25,-8,7,2
102.600758,-48,-128,-47,-20,-4,-25,-13,-48,2
102.604885,-52,20,1,1,-3,33,11,4,2
102.604895,31,80,18,5,9,-55,-18,-25,2
102.607308,-66,108,10,6,-39,45,19,39,2
102.607325,95,116,33,16,48,-55,15,8,2
102.607787,14,-82,-33,-15,-13,-13,-56,-44,2
102.607794,-34,7,-10,-3,-8,19,-33,19,2
102.629940,15,-79,-23,-12,8,-25,-18,-28,2
102.629970,-41,48,12,1,-18,-3,22,-39,2
102.632003,75,63,11,3,4,25,34,45,2
102.632009,-90,-128,-3,-16,-13,10,6,-48,2
102.654974,0,-70,-14,-5,16,-1,1,85,2
102.654981,40,100,38,18,0,22,-6,-30,2
102.654983,40,-18,-18,2,12,-6,1,47,2
102.654985,-24,-127,-13,-1,-3,0,10,-4,2
102.667097,-37,125,13,1,4,-8,-14,-10,2
102.667113,-1,0,-2,-6,-13,8,21,0,2
102.669728,-29,6,8,1,11,75,4,32,2
102.669736,-6,76,-16,-5,-15,-73,-27,-47,2
102.689796,-2,-90,-23,-12,-5,69,5,47,2
102.689811,-59,-41,-13,6,15,14,3,-8,2
102.690436,23,15,12,-4,-46,-47,6,-36,2
102.690472,71,37,5,8,32,40,-2,64,2
102.712752,17,-93,-17,-6,6,-1,-3,-109,2
102.712774,84,-30,-5,1,-6,19,-9,20,2
102.714735,-65,69,6,1,24,10,41,-3,2
102.714749,-7,-42,-1,4,7,3,-36,12,2
102.726462,-47,127,16,-2,-24,-67,-27,-38,2
102.726486,43,-108,-3,1,0,6,2,20,2
102.735157,-21,-54,-7,-5,-10,-39,-25,22,2
102.735186,99,52,-3,-6,-6,2,16,15,2
102.749762,-33,127,-5,-2,20,1,1,-13,2
102.749781,-74,75,12,1,-8,0,6,-9,2
102.750457,18,83,-3,-3,10,1,9,21,2
102.750559,5,109,15,7,-11,14,4,-40,2
102.772867,58,26,23,4,11,9,34,50,2
102.772890,-21,-125,-20,-17,-18,-48,-72,-17,2
102.774431,66,92,28,15,10,-11,-2,14,2
102.774435,59,17,-6,-3,2,41,53,-7,2
102.786472,32,-59,-5,-4,-9,-32,-22,-19,2
102.786498,-44,51,-1,0,1,-1,12,28,2
102.794872,-26,-63,12,6,14,4,-17,41,2
102.794901,-69,-83,-26,-13,-42,-35,-23,-28,2
102.818142,-42,43,3,-1,7,15,3,-41,2
102.820424,58,-60,4,-2,22,69,25,33,2
102.820430,-67,1,-24,-16,-11,-36,-64,-68,2
102.820432,75,75,20,10,19,43,35,69,2
102.832964,32,-46,-17,-8,-20,-35,-12,6,2
102.832985,-10,90,-8,0,-9,-18,10,71,2
102.835633,5,-37,-12,-5,-2,-5,26,-59,2
102.835640,-31,24,17,1,4,44,-7,9,2
102.846867,6,127,28,16,-16,-52,-36,-9,2
102.846896,29,-7,6,2,28,81,14,-10,2
102.854851,76,-30,-4,-10,-15,-29,-44,-13,2
102.854871,-96,-4,5,5,13,34,21,40,2
102.869814,7,-128,-18,2,-1,0,6,-41,2
102.869837,65,65,13,0,-6,-3,26,-20,2
102.872432,-32,13,13,10,1,-6,7,32,2
102.872440,-56,30,-15,-9,9,0,-14,30,2
102.893159,31,107,25,4,-2,-11,26,5,2
102.893247,-17,33,-8,-11,-17,-20,-2,-20,2
102.893541,-97,-96,-2,2,13,6,3,28,2
102.893554,21,75,14,0,-11,-35,0,-57,2
102.906629,19,-57,-33,-1,-24,18,6,35,2
102.906646,8,-117,-9,2,40,-13,25,-3,2
102.914768,22,123,37,14,13,27,-21,0,2
102.914797,-56,-121,-25,-12,-32,-12,18,-47,2
102.929897,106,49,24,14,33,16,-21,4,2
102.931879,-52,5,4,0,-26,7,-7,1,2
102.931887,-89,-61,-49,-10,16,-36,71,14,2
102.931892,-28,-115,-1,-3,-14,-7,-59,-2,2
102.953085,-36,-93,-1,-3,-1,6,-11,-31,2
102.953110,-45,56,5,7,-8,-6,-14,1,2
102.953653,-39,127,19,2,-11,25,-13,-4,2
102.953690,57,77,2,-3,8,-1,-4,20,2
102.966590,-20,69,12,8,-1,-2,68,-5,2
102.966596,-11,-1,7,-4,20,8,-8,2,2
102.974876,-13,-18,-17,-4,-17,-17,-69,13,2
102.974898,49,126,13,7,5,-9,40,-16,2
102.989706,-56,-111,-23,-21,-11,15,-16,7,2
102.989725,-3,127,0,7,-6,-40,-8,-13,2
102.991276,71,-2,10,5,-4,31,27,17,2
102.991283,-42,73,1,4,5,24,13,4,2
103.012761,-97,-53,-23,-12,16,4,-18,-7,2
103.012768,21,2,-18,-5,-22,-11,-6,10,2
103.013395,-13,-92,-13,-2,6,-23,-3,-8,2
103.013401,43,27,12,5,-12,76,-4,-46,2
103.027094,45,-48,-8,-14,11,-79,-10,-28,2
103.027101,-12,55,-6,-1,-11,-11,10,-18,2
103.034769,3,113,6,2,0,21,-1,23,2
103.034782,-14,-121,-39,-6,4,-20,-2,-21,2
103.049950,76,127,12,5,-12,39,10,4,2
103.049979,-40,-71,-26,-3,-2,-22,-34,9,2
103.051268,-36,127,8,-5,7,-1,-16,-33,2
103.051272,18,25,-2,-10,-10,-30,48,4,2
103.074240,-122,11,2,3,-1,6,7,15,2
103.074246,127,7,11,6,0,-4,45,25,2
103.074248,-24,-32,-11,-6,-7,-13,-16,-13,2
103.074250,117,1,25,11,12,-12,-6,-4,2
103.095274,17,-85,-16,-7,10,11,4,56,2
103.095296,13,23,3,-7,-17,3,-42,-38,2
103.095927,17,-9,15,4,-4,41,33,-2,2
103.095941,13,76,-11,-7,1,-7,-5,10,2
103.109627,61,112,18,10,-17,13,16,20,2
103.109728,-7,-9,-2,3,19,-1,-65,-6,2
103.111150,47,-8,-31,-19,-18,-17,-20,-27,2
103.111154,-64,-92,-13,-4,6,-56,5,27,2
103.133048,-72,68,6,0,-11,-2,-17,-26,2
103.133070,16,1,-1,-3,-1,18,12,7,2
103.135468,14,127,12,1,-2,-9,-6,-10,2
103.135480,82,109,23,11,-13,38,3,-25,2
103.155416,-95,90,-19,-9,11,-41,-30,2,2
103.155513,-56,54,-3,-5,18,9,41,44,2
103.155965,85,27,-1,4,9,11,39,-16,2
103.156025,17,-80,-12,-3,6,48,-23,13,2
103.169782,67,127,33,12,-27,-60,-15,-10,2
103.169800,40,-58,-9,-4,1,4,-7,2,2
103.170522,-94,-65,-11,1,4,-8,5,-2,2
103.170627,30,-29,-3,-2,10,20,26,-13,2
103.193213,74,42,17,9,24,37,-23,60,2
103.193242,-57,-75,-28,-27,-52,-100,-7,-58,2
103.195344,8,31,-5,-2,-1,35,13,10,2
103.195348,-34,106,-1,3,6,-12,-18,-7,2
103.215455,-57,-128,-10,-1,1,25,-7,-34,2
103.215469,31,101,7,7,10,9,0,66,2
103.216041,13,28,-8,-2,-28,-17,12,-66,2
103.216104,-100,-80,-34,-14,35,-27,-24,37,2
103.229538,43,-31,-3,-1,0,21,9,3,2
103.229545,40,111,17,13,1,74,21,10,2
103.230217,-8,102,27,4,16,-48,-4,17,2
103.230230,35,-20,-29,-12,-11,-5,-8,35,2
103.253007,81,-108,-39,-15,-10,-1,4,21,2
103.253031,60,71,5,9,6,7,32,-24,2
103.255237,70,87,16,3,-11,-3,-59,-50,2
103.255296,-26,-16,1,1,-4,-17,5,-27,2
103.275712,-71,-17,-22,-17,-6,-34,-53,-18,2
103.275928,32,98,-5,-3,-7,35,-9,-11,2
103.276866,6,-96,1,-1,23,61,17,34,2
103.276885,-52,4,-2,2,-30,-65,-25,-23,2
103.289724,87,76,11,-6,-12,-14,24,2,2
103.289756,-48,-50,16,2,35,10,-26,-5,2
103.291588,-77,-34,-20,-7,-6,-3,6,-25,2
103.291593,112,28,23,9,4,9,-2,39,2
103.320494,1,122,14,15,7,63,54,10,2
103.320513,-67,-128,-14,-1,-11,-36,16,-15,2
103.322413,59,-110,-11,-5,-4,-19,-1,20,2
103.322424,19,118,9,4,-13,31,-14,-53,2
103.335574,-62,4,8,-4,-1,-72,16,-6,2
103.335604,15,42,-8,-10,1,10,9,12,2
103.337880,-14,63,2,0,-5,-9,-10,8,2
103.337886,32,89,12,4,10,-22,16,35,2
103.349161,-91,-67,-9,-1,-2,66,-16,-21,2
103.349190,99,82,25,10,-8,-10,54,97,2
103.358226,-80,-128,-14,-11,-14,-33,-80,1,2
103.358232,37,-18,-3,-1,0,43,18,17,2
103.373026,99,57,10,4,26,-8,45,0,2
103.373050,52,67,7,7,4,11,8,9,2
103.374710,25,-23,-28,-13,-7,-53,17,34,2
103.374716,-70,86,-11,-8,-5,16,9,-31,2
103.395714,-26,83,6,7,4,13,5,-6,2
103.395742,42,-115,-11,0,-17,23,-23,3,2
103.397974,-31,103,7,-3,24,14,17,-11,2
103.397979,23,-81,-9,-10,-7,-97,-31,-18,2
103.409372,-25,-101,-4,-5,-2,13,-13,15,2
103.409401,-90,127,25,7,-4,-11,-5,-51,2
103.420468,26,54,12,8,-3,13,0,6,2
103.420474,9,-53,-11,-2,16,5,-5,-17,2
103.433225,-10,-49,12,6,-6,-9,3,-9,2
103.433249,-39,38,7,-2,-33,-57,-15,9,2
103.434558,127,80,7,2,32,75,-15,-19,2
103.436969,-119,4,-2,0,5,-1,-8,24,2
103.455463,11,33,-6,-1,-7,-13,-2,-42,2
103.457123,-10,33,27,7,13,27,4,9,2
103.457129,60,-55,-18,0,-16,-31,-11,16,2
103.457132,10,38,13,-3,-10,10,-4,-19,2
103.469672,-43,-76,-5,-1,4,10,-19,24,2
103.469701,34,77,9,3,1,-15,-17,-32,2
103.480278,25,-45,8,2,-1,-21,17,47,2
103.480283,2,64,4,3,-5,13,-10,-78,2
103.492793,6,-77,-14,-5,0,-4,6,10,2
103.492800,56,19,-38,-14,0,7,0,-21,2
103.494364,-17,1,10,-3,-11,-13,8,3,2
103.494379,-78,-45,-4,3,1,-7,-8,17,2
103.515975,22,127,23,9,6,43,34,-23,2
103.516007,-53,-75,-11,-6,4,-22,-13,2,2
103.519240,76,111,-2,-3,-13,8,-22,17,2
103.519257,-81,49,10,12,4,-12,28,35,2
103.529166,7,14,-8,-8,-9,7,-17,8,2
103.529187,29,-128,-21,-5,5,15,0,-52,2
103.539422,-51,56,12,4,-6,-14,31,13,2
103.539430,-18,59,8,6,17,39,39,-14,2
103.552897,-3,-91,-20,-16,-6,-34,-66,43,2
103.552922,26,68,1,-2,2,21,-13,-36,2
103.555506,-60,-91,-12,0,-3,-6,18,45,2
103.555514,118,20,-6,-7,-11,-7,-17,-30,2
103.575527,38,83,9,1,2,-12,19,-26,2
103.575549,-39,-128,-36,-17,-8,-17,-25,-4,2
103.577029,-12,27,20,8,1,6,6,1,2
103.577057,5,64,8,0,1,-15,11,53,2
103.589033,9,-91,-28,-9,-6,6,-12,-10,2
103.589050,-10,71,21,9,-1,-5,-2,7,2
103.599251,-17,-27,-7,-1,1,9,11,-12,2
103.599262,-42,-128,-17,-9,-5,10,-13,18,2
103.613156,41,-41,11,4,2,-3,12,21,2
103.613188,-78,81,-3,-5,-9,-24,-46,-60,2
103.615887,-61,-54,-11,-4,14,16,-14,-6,2
103.615893,49,52,12,3,-14,-49,82,0,2
103.635500,25,127,14,0,-3,10,11,26,2
103.635522,36,-92,-16,-1,12,17,46,33,2
103.638109,12,117,7,0,-14,-18,-25,20,2
103.638115,-91,12,-14,-2,-2,32,-29,-16,2
103.649338,-71,-91,-3,0,-7,-69,-15,-3,2
103.649357,-6,102,4,2,4,76,45,26,2
103.659306,-10,-56,-15,-7,0,22,8,-18,2
103.659319,38,105,9,2,5,4,-12,1,2
103.680391,40,117,9,10,5,15,-1,9,2
103.680470,-18,-50,10,-1,-3,-17,-18,-2,2
103.681806,5,-91,2,3,-6,-18,2,-35,2
103.681835,17,-7,-24,-14,-3,5,-34,-24,2
103.695203,-2,-3,-14,-3,-1,-3,2,-4,2
103.695217,52,-8,11,4,-3,-48,-20,35,2
103.696780,64,127,13,-1,2,43,33,18,2
103.696793,81,8,37,10,5,-13,-45,-4,2
103.709784,-55,-26,-11,-5,5,87,-43,11,2
103.709797,-70,-91,-22,-5,-8,15,17,-14,2
103.718805,64,91,12,-2,-5,8,-21,-4,2
103.718822,-36,51,1,1,1,3,23,16,2
103.733137,-40,-46,0,-1,-3,-1,-45,-14,2
103.734808,38,62,13,-2,8,-7,-20,-12,2
103.734812,32,48,11,8,12,-22,1,-9,2
103.734814,-61,31,-1,3,6,54,16,2,2
103.757272,75,-67,-1,2,2,-52,18,25,2
103.757278,-32,55,0,-4,-7,-16,-4,-37,2
103.757280,-49,13,-5,-4,-6,-16,9,-24,2
103.757327,97,-32,11,4,-1,12,-6,43,2
103.769166,-81,109,9,11,12,-42,-1,-24,2
103.769184,23,37,-8,-5,-13,14,-2,-9,2
103.779483,-125,-91,-30,-6,-2,27,19,-7,2
103.779492,-114,-33,-5,-4,1,35,-2,7,2
103.792846,77,87,7,1,-8,16,-8,11,2
103.792864,-2,-19,7,6,9,1,13,18,2
103.794595,52,-24,-6,-3,-1,7,-9,-8,2
103.794618,-77,-16,-2,-1,-1,8,18,29,2
103.815635,73,127,2,8,1,-14,27,5,2
103.815663,-2,-32,-26,-23,-8,43,-34,-5,2
103.817839,14,-36,-10,-5,-10,4,13,12,2
103.817848,54,41,-3,7,7,-42,31,11,2
103.829434,18,8,15,2,5,25,22,-14,2
103.829464,1,6,13,10,3,-8,-1,26,2
103.839745,-34,-52,-7,-4,-4,-16,-20,-32,2
103.839751,20,-80,-3,-5,-8,-23,3,-10,2
103.853037,-15,-86,-10,-4,-3,7,0,-13,2
103.853056,71,43,-1,-3,4,-20,-6,45,2
103.855131,-99,-14,6,9,10,69,17,-23,2
103.855136,84,-106,-40,-34,-32,-107,-6,26,2
103.875943,15,95,-18,-5,0,120,27,-49,2
103.875972,-15,-10,8,6,-22,-29,-38,-7,2
103.878811,57,66,1,6,23,4,18,9,2
103.878827,13,102,10,7,-6,18,-27,-7,2
103.889071,-29,-82,-13,-14,15,-26,-10,6,2
103.889093,5,69,16,6,4,-17,19,2,2
103.899015,11,17,4,3,-5,-5,-12,-12,2
103.899028,-13,-19,3,0,-5,6,-10,-22,2
103.912749,-5,-34,-6,-4,-5,-33,-4,32,2
103.912765,-5,-31,2,1,10,23,13,-15,2
103.914305,-8,33,2,-2,-6,-30,-17,-19,2
103.914337,16,-28,0,0,5,8,-8,29,2
103.935756,6,28,3,6,-12,3,18,-13,2
103.935784,-13,-28,-5,-5,6,1,14,19,2
103.938802,76,-76,-13,-10,-16,-8,13,32,2
103.938812,58,87,4,2,5,10,-4,-18,2
103.948868,-31,-110,-21,-8,3,-5,-5,-9,2
103.948890,-2,119,14,5,-2,6,22,-12,2
103.958181,27,85,-5,-6,-9,-9,-6,33,2
103.958186,80,20,20,9,10,4,-17,-3,2
103.973996,82,58,23,7,-1,48,77,40,2
103.974012,-13,-99,-27,-10,-6,-86,-34,-95,2
103.974781,-19,-24,13,2,5,56,1,15,2
103.974979,-43,5,-7,-9,-8,-59,-16,-19,2
103.995382,23,-26,4,-6,-10,-9,-5,5,2
103.995407,-104,20,-30,-1,5,-10,-17,-1,2
103.997424,52,95,12,5,13,25,-12,-14,2
103.997428,65,54,5,10,12,17,25,-8,2
104.009454,-104,7,-14,-15,-6,34,-36,-18,2
104.009485,-13,127,2,0,-6,0,9,28,2
104.020492,-10,91,8,9,3,-22,-7,25,2
104.020501,45,18,-6,-3,-4,32,5,-16,2
104.040294,-19,51,13,7,4,-31,-23,-14,2
104.040318,31,-82,1,3,-16,22,2,20,2
104.041991,-8,-53,-9,-9,15,-23,-21,2,2
104.042085,-74,-48,-7,-5,-4,32,35,33,2
104.062741,-27,-4,-2,-7,-38,-20,-59,27,2
104.062763,-17,-34,9,9,51,31,34,16,2
104.064487,-53,42,-9,-9,-39,-51,-27,-45,2
104.064493,-73,-68,8,-7,29,21,-26,-29,2
104.078303,-99,-91,-10,7,6,7,16,-25,2
104.078324,68,43,15,4,-19,14,-2,17,2
104.081000,-23,117,-11,-8,-4,-4,-8,22,2
104.081004,-61,-66,-3,0,-22,52,26,-41,2
104.092554,20,51,-4,-4,9,-72,-16,-12,2
104.092576,127,-28,-6,-3,-15,-3,-5,38,2
104.098857,31,-127,-12,2,16,-9,10,-48,2
104.098873,39,-45,-17,-9,6,-4,10,39,2
104.115681,19,109,12,3,-4,45,2,-12,2
104.115700,-96,-74,-3,6,23,59,5,39,2
104.116887,80,-19,-14,-8,-36,-39,-31,14,2
104.116916,-53,10,-6,2,7,18,-59,-36,2
104.138568,65,-57,7,5,3,-1,44,28,2
104.140257,-28,82,12,-1,10,15,-5,5,2
104.140264,-49,-124,-10,-3,1,2,5,28,2
104.140266,51,98,8,8,-8,-15,-6,13,2
104.153347,-15,126,22,11,7,-14,-5,-5,2
104.153385,-74,91,-13,-11,-10,7,7,-25,2
104.155670,-34,-69,4,3,4,3,17,-15,2
104.155677,65,90,-12,-2,-15,-16,23,19,2
104.175296,-23,-13,-4,-3,19,7,-61,10,2
104.175304,-20,-31,5,-5,-26,-70,-9,-29,2
104.176731,66,56,-12,-8,-5,11,-2,-9,2
104.176751,-48,-125,-8,-3,18,10,-12,3,2
104.197979,19,-72,-3,3,3,-24,34,-7,2
104.198012,-67,8,-11,-3,-13,4,-2,22,2
104.200381,-8,88,28,11,8,0,4,-15,2
104.200385,58,7,0,5,-13,21,-18,-38,2
104.212151,127,110,-11,-15,3,-30,-4,6,2
104.212173,-69,43,-1,-3,16,15,9,-25,2
104.221604,-1,-103,-11,-5,-15,6,18,25,2
104.221611,-64,-7,-7,-3,-21,-31,-33,-32,2
104.238178,-52,81,-6,2,15,45,11,-38,2
104.238183,56,90,5,1,-3,-5,-5,4,2
104.238186,-101,-3,7,-2,8,4,4,34,2
104.238188,13,-8,3,-1,-5,8,26,8,2
104.258672,55,53,9,-1,-13,-12,10,8,2
104.258702,54,-100,0,-5,10,27,-10,-4,2
104.261063,-49,7,9,11,10,-44,38,-24,2
104.261109,39,-83,-11,-6,-2,57,18,-1,2
104.272181,-97,-66,-1,-1,-15,-38,-8,-6,2
104.272202,21,-44,-2,3,11,37,46,12,2
104.279350,50,5,16,6,1,14,-5,-9,2
104.279379,20,-65,-15,-14,1,-35,-33,-3,2
104.296120,80,59,9,0,-33,0,-18,19,2
104.296145,-27,-105,-8,1,27,-20,-34,-12,2
104.298275,-45,46,-6,1,6,5,12,-23,2
104.298281,-53,98,12,4,8,-22,-4,35,2
104.317924,-32,-25,-8,0,-1,39,6,-1,2
104.317946,98,56,-3,0,-29,-57,28,30,2
104.319953,-86,13,2,-12,18,12,-18,-22,2
104.319958,-81,30,1,12,-3,-2,-3,27,2
104.332120,71,31,21,8,7,13,-3,-35,2
104.332137,-58,-50,-26,-13,-26,-81,-28,11,2
104.339262,-54,99,-4,-4,23,49,16,-54,2
104.339278,5,-87,-3,-7,-4,-23,0,6,2
104.355329,-30,-29,-9,-4,2,8,4,9,2
104.355358,26,-35,4,3,-12,44,32,-10,2
104.356753,47,60,4,-1,-8,-9,-16,15,2
104.356759,6,127,8,2,3,-33,5,0,2
104.377700,12,-45,-5,-7,4,44,36,-8,2
104.377707,-63,9,13,8,19,15,-13,-45,2
104.379283,7,86,-8,0,-4,2,-20,29,2
104.379302,51,27,-8,-4,-21,-8,-13,-17,2
104.392331,-74,-52,-8,-5,-1,-41,-9,44,2
104.392345,72,35,3,-2,-26,45,-4,-26,2
104.399106,-51,15,-4,1,10,1,6,-11,2
104.399213,-41,-75,-27,-13,25,-1,12,28,2
104.415663,-9,-1,6,2,-8,-12,-3,10,2
104.415691,72,95,2,2,10,-5,-15,8,2
104.417342,33,-128,-11,5,-12,-11,-14,-3,2
104.417346,26,106,14,4,-4,17,-11,-6,2
104.438888,-70,-121,-7,-1,4,16,26,-10,2
104.438895,8,104,-5,-1,11,-27,-86,2,2
104.439352,127,69,9,-8,-5,-27,17,-1,2
104.439363,36,36,-4,3,-7,-11,-1,8,2
104.454866,-26,7,4,3,1,-1,19,37,2
104.454873,33,11,5,4,-5,53,-7,-38,2
104.459395,56,-122,-3,-2,-10,-45,-30,43,2
104.459419,-35,92,5,-2,30,20,30,-64,2
104.482813,74,127,-7,-5,-7,-57,-69,32,2
104.482835,50,60,-4,-1,5,74,41,7,2
104.485085,-116,71,3,1,-13,21,-2,59,2
104.485094,-15,41,4,-1,-10,-21,-10,-46,2
104.498215,6,-39,-2,-1,6,2,2,-28,2
104.498246,-43,-92,-7,-5,-9,-32,1,11,2
104.500263,77,55,22,5,0,12,32,-5,2
104.500268,4,-103,1,2,5,5,-13,27,2
104.512109,-14,87,-19,-8,-16,-74,-39,-13,2
104.512124,-65,-81,-7,1,7,11,11,-12,2
104.519043,32,22,4,3,-11,-3,21,13,2
104.519072,-87,-40,-7,-6,1,3,3,13,2
104.542759,92,117,12,3,-13,42,8,-21,2
104.544297,-67,-35,3,-2,46,-42,-43,-3,2
104.544344,115,-27,-11,-5,-10,9,-4,-20,2
104.544373,-43,-47,-13,-8,-7,-39,23,-18,2
104.558763,-31,45,11,12,-8,25,-18,-5,2
104.558791,105,45,6,-6,-6,-25,29,17,2
104.561085,-85,-96,-26,-14,-6,51,2,-23,2
104.561091,66,84,2,7,6,-12,-56,41,2
104.571582,-76,-72,-4,1,15,-5,28,-23,2
104.571598,11,-72,11,6,-41,30,-13,37,2
104.581721,32,76,3,-1,24,-61,42,23,2
104.581727,112,5,4,-8,-21,5,-1,-54,2
104.595496,-33,28,0,12,18,30,-12,-15,2
104.595528,84,95,-1,-11,-11,-33,5,22,2
104.597827,-54,66,10,7,-1,14,-22,7,2
104.597833,48,64,18,16,3,13,9,21,2
104.617990,19,-114,-17,-18,-1,52,40,14,2
104.618028,27,-18,-4,-4,4,-34,8,-30,2
104.620123,-6,-6,0,5,-1,16,7,2,2
104.620134,-4,34,-5,-2,2,-12,-5,-27,2
104.631714,-22,-38,-5,3,-4,17,11,-15,2
104.631748,-48,75,17,5,2,19,-19,-6,2
104.641118,-9,-56,-18,-7,10,-9,-12,12,2
104.641125,81,77,22,10,8,18,-22,92,2
104.655493,-99,-49,-28,-16,-20,-20,-19,-83,2
104.655521,-79,-96,-1,1,16,-8,-2,-35,2
104.657010,75,36,-2,1,-14,1,20,13,2
104.657042,-26,64,17,6,22,5,-7,14,2
104.678119,102,-104,-7,0,1,-10,3,5,2
104.679545,-30,75,-2,2,1,-42,-3,25,2
104.679559,-53,-78,-5,-4,-18,76,11,-41,2
104.679561,63,-20,-9,-5,5,9,23,10,2
104.691693,51,6,3,0,-16,43,9,43,2
104.691733,-5,34,-12,-6,6,-62,-6,-45,2
104.701996,11,-22,10,3,6,25,-3,15,2
104.702009,-128,-38,-3,-3,-12,-23,-45,-16,2
104.715475,93,-44,-6,-11,-5,-19,-23,15,2
104.715503,24,-45,2,11,-11,40,9,-8,2
104.717090,-67,-26,9,-1,-3,6,-6,-27,2
104.717101,-27,20,-18,-6,13,1,39,16,2
104.738041,-46,127,19,6,13,-7,-13,-12,2
104.738068,-9,22,-3,-2,-10,4,6,36,2
104.740094,104,-31,3,1,25,-47,-28,-38,2
104.740103,-12,22,25,6,-15,53,43,5,2
104.751615,-34,-70,-14,-6,17,4,-11,-31,2
104.751654,-24,-78,-12,-13,-33,9,20,19,2
104.761492,-77,106,-30,-10,36,-13,-59,-73,2
104.761580,-11,-79,12,5,-8,-17,12,22,2
104.775393,-70,40,-5,-4,6,32,0,-2,2
104.775418,-8,0,0,5,-8,6,12,16,2
104.776927,33,39,21,0,-8,15,14,6,2
104.776945,35,-1,-6,2,-5,-4,-13,-17,2
104.798085,-86,118,2,-10,2,18,-3,17,2
104.798114,32,99,12,5,0,23,83,26,2
104.799583,-44,-82,-8,0,-8,-18,-10,-4,2
104.799614,-45,-33,-16,-7,6,-17,-8,-3,2
104.811675,71,6,15,4,-36,-21,-2,-9,2
104.811712,-21,55,1,-2,31,34,-2,-25,2
104.821850,-24,54,-2,0,-1,-5,-1,0,2
104.821857,-16,-22,11,7,-30,-38,-1,-19,2
104.835433,42,67,-8,-6,36,75,19,-14,2
104.837105,-7,-49,4,1,-8,-66,-17,40,2
104.837124,127,88,1,3,-20,-23,18,-66,2
104.837127,30,-82,-13,-5,14,-11,-24,-2,2
104.858026,-13,52,11,-3,-8,-5,9,7,2
104.858056,30,33,1,4,3,10,-8,-4,2
104.859439,-4,4,8,5,-5,-3,-5,30,2
104.859475,30,88,27,10,-8,14,16,-4,2
104.871756,-27,-113,-41,-11,9,30,21,57,2
104.871779,-63,-51,-3,-7,3,-78,-29,-61,2
104.880912,-92,-69,3,0,-8,-6,-2,17,2
104.880919,41,6,-8,-3,3,54,35,-7,2
104.895932,24,18,19,11,-3,-70,-58,24,2
104.895961,6,20,-1,-3,-3,30,-9,3,2
104.897891,-8,41,-3,-3,-8,-5,-5,15,2
104.897905,-53,40,-11,-4,6,12,25,-7,2
104.917862,-29,26,17,9,28,-49,-22,15,2
104.917890,-10,-60,-17,-9,-3,116,0,-61,2
104.919505,64,-57,0,-2,-17,-69,-29,-19,2
104.919552,-119,-114,-23,-12,6,-26,-15,-7,2
104.931623,14,20,8,3,-24,-19,8,-32,2
104.931652,30,-53,1,3,3,-20,-11,11,2
104.940704,-22,23,-3,-6,6,47,60,35,2
104.940709,96,83,21,9,-4,6,-30,-18,2
104.955513,-17,8,-5,-2,1,-16,0,33,2
104.955535,-74,-7,13,3,4,9,-8,-42,2
104.956974,21,-38,-10,-2,-3,6,-6,51,2
104.956997,-36,46,-24,-13,-1,29,8,-34,2
104.977837,73,-51,10,12,-11,-60,17,21,2
104.977858,6,55,-7,-3,-20,-2,9,11,2
104.979855,-20,42,11,-4,48,15,-39,-3,2
104.979874,-5,32,4,7,-5,-48,-12,6,2
105.000461,-33,-82,3,5,9,64,17,42,2
105.000490,88,-7,-7,-13,-15,46,-14,-71,2
105.001865,-8,127,-13,-7,-5,-79,-38,24,2
105.001889,26,-70,3,-2,-14,25,-1,13,2
105.015335,-49,77,-16,-10,-12,-4,23,-33,2
105.015388,97,69,15,12,8,-29,8,86,2
105.016891,20,9,-7,-3,-4,26,-17,-24,2
105.016937,-34,-10,-7,-1,5,-8,-16,-9,2
105.037922,57,40,6,3,-11,-32,17,-12,2
105.037939,44,59,3,6,12,5,-10,16,2
105.039459,-23,28,11,5,15,-2,33,2,2
105.039502,0,-113,-27,-11,-13,12,0,-5,2
105.060290,-73,-17,-5,-8,-7,-56,-67,14,2
105.060305,-6,85,1,-3,3,-24,2,29,2
105.061911,-16,14,0,5,-18,27,19,-5,2
105.061978,18,107,17,5,-2,27,26,12,2
105.075414,30,-3,4,2,29,-39,-4,9,2
105.075421,-16,-60,-6,-11,-2,-8,-19,-17,2
105.076712,6,-4,11,15,-1,-11,17,19,2
105.076728,11,-119,-16,-23,-13,2,-28,-4,2
105.097874,-20,51,-13,-1,-3,33,6,-30,2
105.097897,19,100,9,4,10,-43,8,18,2
105.099596,-60,45,-1,-5,-13,79,33,2,2
105.099606,88,-23,-4,-1,-9,-70,-20,-4,2
105.120834,-98,-121,-25,-6,0,-7,-66,-46,2
105.120841,52,38,4,1,5,0,-7,43,2
105.121959,-37,-126,-28,-14,2,47,22,-21,2
105.121976,-14,28,4,7,14,23,3,-14,2
105.135663,-34,-11,-5,-7,-10,-7,17,-12,2
105.135670,-93,-39,-1,8,-6,29,-2,-9,2
105.141612,43,45,17,5,-1,-39,-18,0,2
105.141639,23,-28,13,4,7,8,14,19,2
105.157862,96,12,-3,-4,-3,-5,8,-12,2
105.157881,13,53,-4,-1,-2,6,8,-4,2
105.159580,-11,55,1,3,6,-5,-43,-21,2
105.159623,-39,-71,-19,-16,-3,-38,8,-3,2
105.183280,-11,21,12,10,3,25,-1,3,2
105.183286,22,15,-10,-1,-2,-8,11,4,2
105.183288,-24,82,20,0,-16,35,16,7,2
105.183290,-61,33,-16,-1,3,-38,-52,8,2
105.195113,1,64,4,6,27,17,12,-38,2
105.195134,-103,4,-2,-4,-13,6,-1,2,2
105.202028,40,13,-3,-6,3,-40,-14,-9,2
105.202047,69,-32,5,6,2,32,-3,10,2
105.218028,-40,-43,-4,-8,-16,24,28,12,2
105.218047,-15,69,4,2,15,-4,-4,-6,2
105.219475,60,53,4,1,-13,-10,0,7,2
105.219498,80,66,12,6,-3,-12,1,6,2
105.240486,-7,-84,-30,-22,-11,-9,8,10,2
105.240502,82,22,4,7,14,33,14,8,2
105.242504,0,-27,-6,-2,-3,-10,-12,-8,2
105.242516,-29,46,-2,2,-5,-5,19,3,2
107.265878,-38,3,-5,1,-1,-1,-1,-7,0
107.266632,16,0,7,-4,-5,-2,-4,4,0
107.268091,-10,3,-1,1,3,-1,1,0,0
107.268135,5,-4,2,-6,-4,-2,1,2,0
107.279757,3,1,-2,4,2,0,0,-2,0
107.279779,3,-2,1,-1,-1,-2,-2,-7,0
107.286794,-5,-1,-1,-1,1,0,-2,0,0
107.286823,-3,-1,0,-2,-3,-2,-1,-1,0
107.303093,2,10,1,-2,-1,-1,-1,-1,0
107.305564,-1,-16,8,-2,-1,-2,-1,-2,0
107.305574,10,-5,-14,0,-2,-1,0,8,0
107.305576,-11,8,5,0,-1,-1,-3,-11,0
107.325504,3,21,16,4,3,0,-1,1,0
107.325524,15,-25,-3,-3,-2,-2,-2,-3,0
107.328065,-2,-3,-1,-4,-2,-1,0,1,0
107.328069,7,-12,-2,1,-1,-1,0,1,0
107.339079,-17,-3,-4,-4,2,-2,-2,0,0
107.339095,5,9,-11,-8,-1,-1,0,0,0
107.347973,-1,-5,-8,4,-1,-2,-1,-2,0
107.347978,-12,1,4,4,-1,-1,-1,1,0
107.362766,5,-9,-2,-2,0,0,-2,-3,0
107.362787,18,7,-2,0,-4,-2,0,9,0
107.364374,-3,18,2,-5,0,-1,-1,-6,0
107.364387,-2,-19,3,-1,-2,-1,-3,4,0
107.387752,-2,1,4,1,-2,-1,-1,0,0
107.387764,-4,-1,-6,6,-1,0,0,-2,0
107.387766,-6,3,3,-1,1,-1,0,-2,0
107.387768,-5,2,-4,1,-1,-2,1,6,0
107.399544,15,-15,-3,-4,-4,-1,-1,0,0
107.399577,0,20,4,-6,-2,-1,-4,-8,0
107.408815,-10,-21,6,5,1,-1,-2,-2,0
107.408821,-8,13,0,-2,-2,-1,0,-7,0
107.422966,6,-7,-10,-3,-3,0,1,10,0
107.422982,8,6,-4,-3,1,0,1,-3,0
107.424468,-2,1,9,0,1,-3,-2,-2,0
107.424481,0,3,-2,-3,0,0,-1,1,0
107.446750,-4,-63,-20,-2,-3,0,-1,-3,0
107.446755,-12,44,30,0,0,0,0,4,0
107.446800,5,6,-4,1,-4,0,-3,4,0
107.446819,4,0,-10,-1,-2,-1,-1,-1,0
107.459535,-2,9,-5,-1,0,-3,-2,-2,0
107.459556,-15,-11,-14,1,-1,-1,-1,-5,0
107.470321,21,-11,-8,-6,-1,-2,1,16,0
107.470332,-19,18,17,1,-2,-2,-6,-31,0
107.483222,-2,-10,-12,0,0,2,1,2,0
107.483242,1,-19,4,1,0,0,1,2,0
107.484461,-16,9,0,-3,-2,-1,-2,-8,0
107.486657,14,-13,-11,-3,-1,-1,2,10,0
107.505644,4,5,4,-2,-1,0,-1,-1,0
107.505661,-4,-3,-7,-3,0,-1,-3,-8,0
107.507225,-16,-4,5,4,-1,0,2,1,0
107.507230,5,-10,2,-6,3,-1,-3,8,0
107.519249,-9,8,4,3,-1,-1,-3,-5,0
107.519278,8,0,-1,-1,-2,0,-1,3,0
107.527875,0,3,-3,2,-4,1,0,-6,0
107.528963,0,0,4,-3,-1,0,-1,0,0
107.543418,-3,5,-2,-1,-1,0,-2,-3,0
107.543438,0,-5,-6,-1,-1,-3,-1,-3,0
107.545563,1,20,-8,-4,1,-1,-1,-5,0
107.545568,-16,-31,-9,-1,-2,-2,1,6,0
107.565524,7,19,14,7,-1,-2,-1,0,0
107.565552,-3,-10,0,2,-1,-1,-1,3,0
107.568273,3,5,0,-1,0,-2,-1,0,0
107.568278,6,3,2,3,1,1,2,6,0
107.579037,-5,1,6,-4,-2,-1,0,3,0
107.579053,-3,2,-10,-2,0,-1,-1,-13,0
107.588815,-5,-23,-6,-4,-2,-2,-2,4,0
107.588820,0,3,-6,2,-2,0,-3,-6,0
107.603779,-6,-1,3,-2,-2,-2,0,-4,0
107.603790,3,0,0,1,-2,-2,-2,8,0
107.604500,4,0,0,1,-2,0,0,-3,0
107.604516,0,3,-5,-4,0,-1,0,-2,0
107.625652,8,-1,-11,1,-1,-2,-1,-1,0
107.625680,-2,22,26,2,1,0,1,1,0
107.628332,-18,-26,-6,-4,-1,-2,0,-6,0
107.628343,12,8,14,5,-3,-1,-1,4,0
107.639125,3,7,-2,-8,-1,-2,-1,-3,0
107.639147,1,-11,-9,4,-1,-1,-1,-3,0
107.648935,-2,7,0,-1,-2,0,-1,-7,0
107.648941,-1,-4,-10,-2,-3,-1,-1,-1,0
107.662999,-7,-2,8,-2,-1,0,0,-3,0
107.663005,-1,-9,-9,-4,-4,-3,-1,0,0
107.664397,2,14,12,1,0,1,-1,0,0
107.664410,4,2,-7,-1,3,-2,0,-1,0
107.685928,-3,9,2,2,1,0,1,3,0
107.687714,11,-9,3,-1,1,-1,-1,-1,0
107.687720,1,8,-10,-4,-1,0,-1,-1,0
107.687722,-2,-6,-1,-2,-3,-2,-1,-1,0
107.698961,2,1,-2,-8,-2,-1,-1,2,0
107.698984,-6,-3,-2,2,-1,-1,0,-1,0
107.708656,1,-2,0,-3,-1,-2,-3,-4,0
107.708664,-2,3,-2,0,-1,-1,-2,-3,0
107.724363,-4,-4,-2,-1,0,-2,0,-4,0
107.724370,-1,0,-2,-1,-3,0,-1,-2,0
107.724546,0,-4,-5,-10,0,-3,-1,-2,0
107.724552,-7,-4,3,11,0,-3,0,-1,0
107.745636,3,-2,4,-4,-3,-2,-1,0,0
107.745664,-2,-2,-13,0,-1,-1,-1,-1,0
107.747850,10,8,11,6,3,-1,-1,3,0
107.747856,3,-12,-5,-2,-4,-1,1,4,0
107.759479,-2,-6,-4,-1,0,0,0,-1,0
107.759507,-1,2,-1,-1,-1,-1,0,0,0
107.770083,-4,-5,-5,-5,-4,-1,-1,0,0
107.770141,0,1,-3,-3,-2,0,-2,-3,0
107.783511,3,4,-2,0,-2,-3,-1,-1,0
107.783549,-6,-9,-5,-5,-2,-1,-1,0,0
107.786172,0,-3,1,3,0,0,-1,-1,0
107.786177,-3,0,-1,-2,-2,-2,-2,-4,0
107.805389,-4,-1,-4,-2,-5,0,-2,-1,0
107.805408,-7,-2,3,1,-1,-1,-3,-8,0
107.806789,6,-14,-3,-4,0,-3,1,5,0
107.806810,0,29,-5,-4,-2,0,-1,0,0
107.827752,2,-9,11,7,6,2,0,-2,0
107.827775,2,-5,-1,-3,-3,-1,-2,2,0
107.829252,-10,-5,-17,3,-1,-3,-1,-4,0
107.829324,11,-4,-6,-8,-1,-1,-2,-3,0
107.842850,-6,-3,-4,-3,-2,-1,-2,1,0
107.842869,3,9,0,2,1,0,-1,-1,0
107.844392,-2,1,3,-4,-1,1,0,-1,0
107.844419,-7,-7,-1,1,-4,-3,-1,3,0
107.865224,-11,-1,-9,0,-2,-1,-1,-6,0
107.865237,-6,-1,5,-3,-3,-2,-1,6,0
107.866726,0,6,5,1,0,2,0,-1,0
107.866732,3,-9,1,1,-1,-2,1,2,0
107.888051,4,3,-3,2,-1,-1,-2,-1,0
107.888078,-3,-2,-1,0,-2,-1,-1,-4,0
107.889766,4,0,2,-7,-3,-3,-2,-2,0
107.889772,-9,8,3,0,0,0,0,-1,0
107.902940,-1,-16,-7,-1,2,0,-1,-3,0
107.902963,-5,23,7,4,2,-2,0,6,0
107.904729,25,-12,7,-1,-1,-1,1,-2,0
107.904735,-21,-18,-7,-3,0,-1,-4,-10,0
107.926223,5,6,3,-3,-2,-3,-1,5,0
107.926230,3,-5,4,-2,-1,-1,0,-3,0
107.926737,-12,13,-7,1,0,0,-1,4,0
107.926749,2,-3,-2,-2,-1,-1,-1,0,0
107.948021,0,-1,7,3,-1,1,0,0,0
107.948057,6,-5,-8,-2,-2,-1,-3,-3,0
107.950587,-8,1,-5,-5,-3,-1,-1,-2,0
107.950592,1,1,6,7,2,0,0,-5,0
107.962736,-4,-2,-5,-4,-3,-4,-2,3,0
107.962755,9,-8,-10,-6,4,1,-1,2,0
107.964408,-3,9,7,1,-3,-1,-1,-4,0
107.964431,-5,-5,-5,-11,-2,1,0,1,0
107.988696,11,4,-3,5,-3,-1,-1,0,0
107.988705,-7,12,6,-2,-2,-2,-1,-3,0
107.988708,-4,-10,1,0,0,-1,-2,-2,0
107.988709,-1,-14,-5,-5,-2,-2,-2,0,0
108.008317,-1,5,8,4,0,1,1,-1,0
108.008347,-3,-10,0,-2,-2,-2,-1,-2,0
108.010435,6,16,-6,2,-1,0,-2,-2,0
108.010441,-6,4,9,0,-2,-1,0,3,0
108.022227,-1,-5,-8,-9,-3,-1,-3,-19,0
108.022244,-3,1,-1,-3,-2,-3,-2,-4,0
108.036840,0,-8,2,3,1,1,-2,-2,0
108.036866,15,6,3,1,-2,-2,-2,-3,0
108.045779,-26,-5,-4,-3,0,-1,-1,-3,0
108.045807,6,-14,-9,-2,-1,0,1,6,0
108.047843,8,13,7,-1,-5,-2,0,3,0
108.047848,-8,-4,-11,-7,3,2,0,-3,0
108.067810,0,7,7,9,-1,-2,-2,0,0
108.067828,-6,0,3,2,0,0,-1,-4,0
108.069422,-4,-14,-3,1,-1,0,0,0,0
108.069440,-1,16,-11,-4,-5,-2,-2,-2,0
108.082493,-1,-10,18,-3,-2,-2,0,4,0
108.082513,1,-12,-3,1,0,-1,-1,0,0
108.089155,-6,-1,-4,-3,-1,0,-1,-5,0
108.089172,7,12,5,1,-2,-1,1,1,0
108.105337,-5,0,-8,-6,0,-2,-1,-4,0
108.105354,13,-10,-4,2,-1,-1,-1,6,0
108.106910,1,8,-2,0,0,0,-1,-17,0
108.106915,-3,-15,4,-1,1,-1,1,0,0
108.127992,12,19,1,1,-2,0,0,5,0
108.128011,-17,-5,0,-2,0,-1,-4,-11,0
108.129670,-11,-4,-4,-1,-2,-4,0,2,0
108.129688,5,-9,-1,1,-1,1,-1,-2,0
108.142180,7,-2,-4,-1,-2,0,-1,-3,0
108.142195,-5,3,-4,-10,-2,0,-1,3,0
108.149042,0,-2,-8,3,-1,0,0,2,0
108.149057,10,8,-2,4,-1,-2,0,2,0
108.165607,-31,-20,-2,0,2,1,0,1,0
108.165636,7,16,-5,-6,-3,-1,-2,-3,0
108.167295,-3,-15,10,-7,2,0,-2,4,0
108.167299,0,0,2,2,1,-1,-1,1,0
108.188524,5,2,-7,-1,0,-1,1,0,0
108.188534,-8,4,2,0,0,-1,1,-2,0
108.189289,1,-4,-2,2,-3,-2,-1,2,0
108.189305,-4,-9,-11,-4,-4,-1,-2,-2,0
108.204681,2,9,10,-6,0,-3,-2,-3,0
108.204691,-13,-5,6,7,4,2,2,-6,0
108.209045,15,-2,-6,-4,-1,-2,-1,8,0
108.209064,-5,-2,3,1,1,1,-1,-1,0
108.225330,-4,-8,-5,-1,-4,-1,-1,-5,0
108.225350,8,-5,-5,-4,-4,-1,0,11,0
108.227251,-7,2,-10,-2,0,0,0,-3,0
108.227256,-18,1,18,7,-1,-1,-4,-9,0
108.249377,14,-2,-13,-4,1,-3,-2,2,0
108.249382,15,14,7,3,-1,-1,-1,-4,0
108.249384,-21,4,-8,-3,-1,-1,-2,1,0
108.249386,-20,-19,12,-4,-4,0,0,3,0
108.264869,2,-1,-3,1,-5,0,0,0,0
108.264875,-11,2,6,-2,0,-1,-2,-1,0
108.269420,13,-4,0,5,2,-2,0,1,0
108.269488,-2,17,-5,-5,-3,-1,1,-1,0
108.285790,3,5,5,4,0,0,-1,-5,0
108.285818,-5,-10,-9,-2,-2,-3,-1,2,0
108.286964,1,-6,5,0,-2,0,-2,-13,0
108.288831,5,-8,-11,-3,-2,-1,1,4,0
108.308171,7,4,11,-2,2,0,0,5,0
108.308193,0,-6,-6,1,-2,-1,-2,-3,0
108.310446,-2,-1,7,2,0,0,0,1,0
108.310451,-9,0,-12,-2,0,-2,-3,-21,0
108.321626,-3,-1,3,-3,-2,0,0,6,0
108.323139,3,-8,-3,-2,-2,-3,-3,-10,0
108.331123,-25,-2,-9,-3,0,-2,-4,-8,0
108.331135,8,-2,10,3,1,0,0,-1,0
108.345386,5,-8,-13,-1,1,-3,-1,10,0
108.345404,-8,4,6,0,-2,-1,0,-4,0
108.346890,7,-2,-10,-4,-5,-2,-1,1,0
108.346985,13,-2,-4,2,1,-2,2,6,0
108.368052,-10,12,-3,-10,-1,-1,-5,-8,0
108.368085,-6,-2,13,3,-2,0,0,0,0
108.370612,9,2,-3,-3,0,-2,-2,3,0
108.370622,1,-1,10,6,-1,1,0,4,0
108.381641,6,9,6,3,2,0,0,-3,0
108.381662,-9,-7,-10,-3,-5,-1,0,0,0
108.391159,-3,-2,5,-5,-1,-1,0,2,0
108.391164,-2,12,-8,-6,1,-2,-3,-14,0
108.405294,0,-14,-8,2,0,-1,0,5,0
108.405309,1,6,4,2,-2,-1,-2,-17,0
108.406786,0,-6,4,2,0,-2,0,-4,0
108.406802,-4,-3,-6,-2,-3,-1,1,6,0
108.427902,1,1,0,0,-1,-1,-1,0,0
108.427931,7,-6,-8,-4,1,-2,0,5,0
108.429972,-5,5,-1,-1,-1,-1,-3,2,0
108.429978,9,-14,-10,-2,0,-1,0,3,0
108.442054,-14,5,1,1,-1,-2,-3,-2,0
108.442083,-2,22,9,-2,-1,-2,-3,6,0
108.452177,11,-18,-5,-5,-2,1,1,2,0
108.452182,-9,10,3,0,1,-3,-1,3,0
108.466964,5,-16,2,9,-3,2,-1,-3,0
108.466970,-7,3,-12,-3,3,0,-2,-2,0
108.466972,5,3,3,-1,-1,-1,0,1,0
108.466974,-12,5,7,-5,-3,-1,-2,-1,0
108.487217,1,-1,-7,-5,0,-2,0,-3,0
108.487238,2,-16,-2,2,-1,-1,-2,1,0
108.488022,-8,12,-6,1,-2,-1,-1,-2,0
108.488040,8,-6,-4,-2,-2,0,-1,2,0
108.510508,1,1,-5,-1,-3,-1,-1,-1,0
108.510528,-11,-5,-1,-3,-1,0,0,2,0
108.512645,2,14,1,-4,-5,-3,-2,-7,0
108.512657,-7,-29,3,3,2,0,0,-8,0
108.525321,2,1,-3,-2,-1,0,-1,-1,0
108.525355,2,-7,-5,-1,1,0,-1,0,0
108.527326,-7,-1,7,-6,-1,-1,-1,-3,0
108.527330,3,7,-12,3,-1,-1,-3,-2,0
108.547608,-2,-5,-4,-3,-2,-1,0,-1,0
108.547631,7,-6,2,-4,-1,-1,2,1,0
108.549741,-4,9,-6,6,-2,-1,-1,4,0
108.549747,4,-9,7,-4,1,-1,-2,4,0
108.569651,-23,-6,3,-1,-2,-1,0,-5,0
108.569682,15,6,-2,-2,0,-1,-2,-2,0
108.571945,3,-9,3,3,-1,0,0,-2,0
108.571958,5,8,-12,-5,-4,-1,0,-2,0
108.585034,0,4,12,1,0,0,-1,-3,0
108.585062,6,-2,5,-1,0,-1,1,1,0
108.587647,-20,-5,-2,0,1,0,0,2,0
108.587654,2,-12,-8,-2,-3,-3,-3,-13,0
108.607343,-3,9,0,-5,-2,-2,-1,0,0
108.607364,6,10,1,3,1,-1,0,1,0
108.607861,-2,-21,-16,0,0,-1,-2,-3,0
108.608012,-5,15,7,-3,-1,1,0,7,0
108.629911,10,-7,-10,4,0,-2,-2,-1,0
108.631858,-2,-9,-9,-5,-7,-1,0,0,0
108.631866,-3,-11,15,3,-1,-1,-3,-8,0
108.631870,7,-5,-9,-3,2,0,1,6,0
108.645149,2,0,5,1,-2,0,-2,-1,0
108.645177,-10,-1,-8,1,-1,-1,-1,-2,0
108.647363,-1,4,0,-2,-5,-2,-1,0,0
108.647367,-4,1,2,-3,-4,-4,-1,-1,0
108.667218,0,0,-1,-2,0,-2,0,-3,0
108.667241,-6,-1,-4,2,-1,-1,0,0,0
108.667885,1,-3,6,-3,0,-3,1,4,0
108.667902,16,20,8,0,1,0,-3,-3,0
108.689793,-3,15,-5,2,0,-1,-1,1,0
108.689810,-1,-21,-6,-1,-1,0,-1,-2,0
108.691503,-17,-14,13,0,-1,-2,-3,-8,0
108.691515,-4,10,-2,1,0,-2,-2,0,0
108.704713,12,-1,-7,-5,-3,0,-1,9,0
108.704731,-5,1,3,0,-2,-3,-3,-14,0
108.705975,2,6,-11,-1,-1,-1,-2,2,0
108.705980,-7,1,8,2,-3,0,-1,0,0
108.727154,3,-5,1,-8,0,-2,0,2,0
108.727160,5,24,6,0,-1,0,1,3,0
108.727706,2,-23,-10,-2,-4,-1,0,2,0
108.727718,-7,-1,2,-1,0,0,-1,-4,0
108.750010,-4,-11,-11,-4,-1,0,-1,0,0
108.750047,-6,-3,2,4,-2,0,-1,-6,0
108.753218,5,11,2,1,0,0,0,3,0
108.753225,-3,-9,-2,0,-1,-1,0,6,0
108.764972,-3,-2,-5,0,0,0,1,-6,0
108.764993,-3,-3,-7,-5,-1,-3,-2,5,0
108.767300,4,5,0,-1,-1,0,3,1,0
108.767396,3,-1,10,-1,0,-3,0,12,0
108.787200,-9,10,5,1,-1,1,-2,-16,0
108.787220,18,-9,3,-1,-1,0,0,5,0
108.789155,-8,1,-4,2,0,0,-1,-1,0
108.789159,-8,-5,-9,-3,-1,0,-2,-3,0
108.809946,-13,-5,-4,-4,-3,-1,-2,1,0
108.809967,6,7,2,2,-1,0,1,5,0
108.810679,11,5,4,-1,-1,-1,-3,-21,0
108.812145,2,0,1,5,-4,0,1,-2,0
108.824741,-8,15,-6,-5,-1,-1,-4,-4,0
108.824768,0,-25,2,-6,6,0,-1,0,0
108.825597,-5,-9,3,4,0,0,0,6,0
108.825631,-3,13,-2,-6,-3,-2,0,-5,0
108.847512,3,3,10,4,2,-2,0,1,0
108.847540,-5,6,-6,-2,-3,0,-1,-1,0
108.849261,-1,3,0,-4,0,-2,0,1,0
108.849269,-3,-7,-10,-3,-1,-1,-1,-4,0
108.869764,8,-10,-1,-1,-2,-1,0,4,0
108.869797,-7,5,5,5,-1,-1,-3,-4,0
108.870562,3,11,3,-9,-1,-2,-1,6,0
108.870581,-12,-13,-3,4,2,2,-2,2,0
108.884626,-10,6,-6,2,-2,-1,-1,-14,0
108.884647,-7,-6,7,-2,-2,0,0,-5,0
108.887068,6,5,-7,-1,-3,1,-1,1,0
108.887074,4,4,-1,-6,0,-1,-1,-5,0
108.907383,1,-12,-6,1,1,-1,0,12,0
108.907405,29,-9,0,0,-3,-1,-2,0,0
108.909469,-28,18,6,-7,5,0,-3,-7,0
108.909478,4,-2,-3,1,-2,-1,1,3,0
108.929639,-3,-12,5,0,1,-1,-2,-1,0
108.929676,-7,8,-5,-2,1,-1,0,0,0
108.930190,10,-7,-5,0,-3,0,-1,3,0
108.930196,-1,-4,-5,-2,0,-2,-1,-4,0
108.944616,0,8,9,-4,-1,1,-1,3,0
108.944635,-1,-6,1,-3,-4,-1,2,-1,0
108.945616,-4,-3,-9,3,0,-2,-1,-3,0
108.945620,-7,3,6,-8,2,0,0,-1,0
108.967140,8,-6,-3,6,-2,-2,-1,-2,0
108.967154,-8,-2,1,-3,-1,-2,1,-2,0
108.975416,6,-4,-2,1,-4,-1,-1,-8,0
108.975421,-6,-3,6,3,-3,-2,0,6,0
108.991499,1,11,-7,-11,-3,-3,-1,-2,0
108.991507,-12,2,-6,6,2,-2,-3,-4,0
108.991509,8,-5,8,1,0,0,0,4,0
108.991511,2,-6,-12,-4,-2,-1,-1,-4,0
109.004650,1,0,13,-1,-3,0,0,-1,0
109.004678,-17,-3,-7,-1,-4,-1,-1,1,0
109.006777,1,-2,-4,-4,-1,-4,-3,-16,0
109.006783,10,12,8,5,-1,-1,-1,10,0
109.027597,-10,-13,-4,0,4,0,-4,-11,0
109.027620,2,6,-2,-2,-1,0,-1,-2,0
109.030157,6,-2,0,2,-1,0,0,6,0
109.030163,3,-6,-1,-5,1,1,1,0,0
109.050215,3,0,-8,4,-2,-2,-1,1,0
109.050244,-17,-2,1,1,-2,-1,-2,-2,0
109.052922,-3,-3,1,-2,1,-1,0,0,0
109.052928,-6,-1,-1,-2,-2,-2,-3,-8,0
109.064998,10,-20,-15,-3,0,1,1,8,0
109.065020,2,19,7,-7,-1,0,0,-1,0
109.067695,-8,6,-5,5,-1,-2,0,4,0
109.067702,8,20,-6,-1,-2,-1,-1,4,0
109.087431,-26,-34,4,5,1,-2,-1,-6,0
109.087454,5,-3,-2,-3,0,-1,0,2,0
109.087833,-1,0,-8,-4,-2,-1,0,1,0
109.087871,-2,-10,11,-3,-4,-3,-2,-5,0
109.109711,19,12,3,-3,0,0,-1,9,0
109.111253,-30,-8,-3,0,-2,-3,-7,-21,0
109.111258,4,2,6,0,-1,0,-1,6,0
109.111260,-1,-6,-13,-3,-2,-2,-1,-4,0
109.125390,0,11,5,1,-1,1,0,5,0
109.125411,11,-7,-1,0,-1,-1,-1,5,0
109.127523,-2,-3,-10,-1,-1,-1,-2,-2,0
109.127528,-19,-13,9,1,-1,0,-1,6,0
109.147882,2,21,0,-4,-2,-2,-3,-3,0
109.147887,9,-19,-13,-3,0,-2,-1,5,0
109.147889,1,2,8,-2,-3,1,-2,1,0
109.147891,4,-5,-18,0,-1,0,1,-1,0
109.169765,5,0,3,0,-1,-1,-1,-1,0
109.169786,-10,23,1,5,-2,-1,0,-5,0
109.171451,20,-22,-3,-6,-3,-2,-2,7,0
109.171458,-13,14,15,6,3,-1,-2,-7,0
109.184794,3,-10,-2,-1,-5,0,0,1,0
109.184815,1,2,-6,-3,1,-1,0,-3,0
109.186654,-2,2,0,1,-1,-1,1,-1,0
109.186665,7,5,-3,-9,-3,-2,0,2,0
109.208183,-9,-1,-1,5,-1,-2,-3,-20,0
109.208190,5,-3,8,0,1,0,0,3,0
109.208235,-5,-4,0,3,1,0,1,0,0
109.208267,2,-6,-9,0,1,-1,-2,-4,0
109.229831,-7,1,-6,-6,-2,-2,-2,0,0
109.229858,4,-6,1,-6,0,0,-1,4,0
109.232140,-2,21,-2,0,-3,-1,-2,-5,0
109.232148,4,-23,-1,1,-2,-1,-2,0,0
109.245034,-6,-5,2,-5,2,0,2,2,0
109.245063,5,3,4,2,-2,-2,-2,-4,0
109.247396,2,-8,-13,-3,-4,-2,-2,0,0
109.247404,3,2,-9,1,1,0,1,-4,0
109.267703,-22,12,14,6,2,0,2,0,0
109.267731,-10,-3,2,-5,-4,-1,-2,5,0
109.270279,1,14,-4,5,6,-1,-1,-5,0
109.270462,7,-17,-10,-2,-4,-1,-3,-3,0
109.289882,19,-4,-2,-5,-2,0,2,11,0
109.289904,-5,4,-3,3,4,-1,0,3,0
109.291591,-24,-1,7,-2,-2,-2,-1,-14,0
109.291603,-16,8,9,-1,-1,0,-1,-3,0
109.304757,13,-3,-8,0,-1,-2,-1,-3,0
109.304823,9,0,-3,-3,-3,-1,0,6,0
109.305578,2,-10,-3,-4,-1,-1,0,4,0
109.305617,0,16,9,2,-4,-2,-1,-5,0
109.327409,-4,-10,-14,-8,-1,-1,-1,4,0
109.327431,3,-1,9,5,-1,-2,-2,-4,0
109.329693,0,-2,10,2,4,1,1,4,0
109.329697,11,-12,-5,-2,-1,0,-1,-3,0
109.349613,-4,6,-3,-5,-4,-1,-1,-2,0
109.349628,0,2,-7,1,-2,-2,-1,-2,0
109.350453,-5,-11,-3,-3,-2,0,0,-1,0
109.350465,0,6,3,1,-2,-2,0,2,0
109.363924,1,18,0,-2,0,-4,-2,-2,0
109.363951,1,-34,-2,0,1,-1,-2,-6,0
109.372377,-1,7,4,1,-1,-2,-2,5,0
109.372399,-6,0,-4,-2,0,-1,-3,-7,0
109.387297,0,0,-1,-3,-4,-2,-2,-1,0
109.387318,9,-13,-4,-2,-2,0,2,0,0
109.389246,3,0,-1,-3,-2,-1,-1,-1,0
109.389252,7,14,-14,3,1,0,0,9,0
109.411015,-11,-28,5,2,1,0,-3,-23,0
109.411021,-6,11,-2,-2,-3,-1,-1,-3,0
109.411023,10,-2,5,2,-1,-2,0,3,0
109.411025,-7,-5,0,0,0,-1,-2,-3,0
109.425722,-2,2,0,-4,0,0,0,5,0
109.425731,-3,4,0,1,1,0,-1,-2,0
109.432044,-3,-2,-7,-1,0,-1,-2,-6,0
109.432059,2,-2,4,-5,0,-1,0,0,0
109.446996,9,-4,-1,3,-4,-2,-1,5,0
109.447017,-14,3,6,-4,4,1,-1,-5,0
109.448321,-5,-2,-13,-2,-2,-1,-2,1,0
109.448324,6,2,7,-2,0,-1,-1,-2,0
109.469833,-6,-8,4,2,-2,0,-3,1,0
109.469851,6,-3,-5,-4,-2,-1,-1,0,0
109.471481,5,-10,-4,1,1,0,0,0,0
109.471487,5,3,6,0,-1,-1,-3,3,0
109.484296,-11,-2,-11,-3,-2,-1,1,0,0
109.484324,8,4,-5,1,-1,2,-1,13,0
109.492372,7,12,3,1,1,2,0,-3,0
109.493495,-11,-7,-6,0,-3,-1,-2,-3,0
109.507107,6,4,6,1,1,0,0,2,0
109.507154,-8,-5,-4,-3,-1,-1,0,1,0
109.507786,1,2,3,-4,-1,1,0,0,0
109.507859,2,1,2,1,-2,-1,0,-2,0
109.530294,-3,-3,-4,-1,-4,-2,0,1,0
109.530331,-3,4,1,-7,-1,-2,1,-2,0
109.532875,-1,-4,-6,-2,0,-3,-3,-1,0
109.532881,1,-1,7,2,3,-3,-1,-1,0
109.543927,-2,1,-4,3,-1,0,1,2,0
109.543943,10,4,-6,-1,-5,-2,-4,-9,0
109.553111,-17,20,-4,0,1,-2,-1,-9,0
109.553140,9,-20,16,0,-1,-1,1,5,0
109.568139,-3,-5,-4,-2,-2,-2,-3,-3,0
109.568158,2,-3,-3,1,-1,-3,0,-2,0
109.568214,-4,0,2,-1,-1,-1,-1,2,0
109.568276,1,5,-10,-4,0,0,0,-5,0
109.589636,-5,2,3,1,-2,0,0,-2,0
109.589651,-3,2,3,0,1,0,-2,-4,0
109.591465,-3,-7,-3,-3,-4,0,-1,0,0
109.591470,-3,4,-1,-8,-2,-2,-1,-2,0
109.603948,5,-3,-1,7,1,0,-2,0,0
109.603978,-7,2,-1,0,-1,0,-1,-2,0
109.612135,3,-6,2,-3,-2,0,-1,1,0
109.612142,0,0,-5,-2,-3,-1,-1,-3,0
109.628012,0,4,-1,-6,-2,-2,-3,-1,0
109.628017,-2,9,-4,0,-1,0,2,2,0
109.628019,-1,-16,14,3,2,-1,1,-1,0
109.628020,-10,4,-11,-1,-3,0,-2,-1,0
109.649783,3,-7,1,-5,1,-1,-1,2,0
109.649803,7,7,2,5,-1,0,-1,0,0
109.650917,-16,-8,0,-2,-3,0,-1,-2,0
109.650921,-8,-1,-11,-2,-1,1,0,-4,0
109.664740,-1,-4,0,0,0,-2,-2,2,0
109.664756,-3,1,0,-8,1,2,-2,-1,0
109.672137,11,21,0,11,-2,0,-2,4,0
109.672159,-2,-22,-7,0,-1,0,0,1,0
109.687205,-7,-2,-2,0,-2,1,-1,-4,0
109.687224,17,-7,-1,-2,-2,-2,-2,1,0
109.689241,-7,5,3,-3,0,-2,-1,-2,0
109.689247,4,12,-6,-2,-1,-1,0,0,0
109.709811,0,-3,-1,-2,-1,-2,2,5,0
109.709829,-6,-6,9,-2,-2,-1,2,-1,0
109.710475,10,-8,-9,-1,-3,-1,0,1,0
109.710490,-19,4,9,-1,-3,0,-2,-6,0
109.732894,4,6,0,-4,1,0,-1,0,0
109.732917,-12,-4,-2,3,-1,-1,-1,-3,0
109.734334,9,0,-9,-4,-2,-2,0,-2,0
109.734342,2,-3,-2,1,-2,0,0,1,0
109.747239,-7,6,2,0,-1,0,1,-4,0
109.747268,-7,-2,0,-6,-4,-2,-3,-2,0
109.748820,-1,-8,3,4,0,-1,0,-1,0
109.748823,9,-9,-11,-1,-3,-1,-1,1,0
109.769529,1,30,16,4,1,0,0,-5,0
109.769547,-1,-17,-2,2,-1,0,-1,0,0
109.770437,-4,-5,-7,-9,-2,0,0,0,0
109.770602,0,1,7,4,0,-2,-1,-2,0
109.794104,1,-4,-3,-3,-2,1,0,-2,0
109.794133,-2,4,-8,-5,0,-1,1,2,0
109.796853,4,1,8,5,-1,-1,0,-1,0
109.796858,-8,9,-5,-11,-2,0,-1,3,0
109.810381,10,-14,-9,6,0,0,-3,-7,0
109.810387,-11,3,9,0,-2,-3,-2,-5,0
109.810389,2,-1,-1,-4,0,0,0,-4,0
109.810391,8,-33,6,2,0,-1,0,5,0
109.831078,-11,26,11,-3,0,-1,0,-2,0
109.831084,1,2,-7,3,0,1,0,1,0
109.831086,-2,-1,-5,-2,-2,-2,-2,-4,0
109.831088,5,10,9,0,-3,-1,0,-2,0
109.852998,0,-16,-7,2,2,-2,-2,1,0
109.853020,-4,-5,-2,-2,-4,-1,-2,-5,0
109.854947,-2,20,4,-4,-2,-2,-2,-1,0
109.854953,1,-2,-12,-1,1,-2,-1,-2,0
109.867273,0,-37,-7,2,-2,1,-1,2,0
109.867298,-7,2,-1,3,1,-1,-1,0,0
109.869001,6,-5,-1,0,0,0,-1,-1,0
109.869006,-15,5,-6,-2,-3,-1,-2,-3,0
109.898043,11,3,-2,-4,0,-1,-1,0,0
109.898063,3,1,3,1,-1,-1,-2,0,0
109.900354,-3,-5,-4,4,-3,1,0,1,0
109.900363,-8,4,3,-4,3,-1,-2,-6,0
109.912888,-5,1,0,-8,-1,0,0,3,0
109.912909,4,-4,-10,3,-3,-1,-1,-3,0
109.914857,2,-8,-2,-3,0,-1,1,3,0
109.914861,4,-2,-3,3,0,-1,-2,2,0
109.927233,-11,-3,0,-3,-2,0,-1,-2,0
109.927251,-7,-6,-1,2,1,-2,-2,-4,0
109.927876,5,-11,-6,-5,-1,-1,0,-2,0
109.927913,5,11,-14,2,-2,0,1,-1,0
109.949770,-2,-12,11,3,0,-1,-2,4,0
109.949791,5,4,-3,-8,-2,-1,0,2,0
109.951734,-4,-2,6,3,2,-1,-1,0,0
109.951737,-17,1,-6,3,0,0,-2,-3,0
109.981014,14,7,2,0,-1,-3,-2,0,0
109.981043,1,2,-2,1,0,-2,0,-1,0
109.984155,-6,1,-5,-6,-1,-1,-3,-4,0
109.984161,1,-11,-4,0,-1,-3,0,0,0
109.987362,-7,20,15,1,0,-1,0,-6,0
109.987380,2,-2,-2,-7,-1,1,0,3,0
109.987964,-3,0,-6,0,0,-2,-3,2,0
109.987979,17,3,9,-1,-1,0,-1,6,0
110.010084,-18,-9,-15,0,-3,-1,0,-4,0
110.010102,12,4,7,-1,2,-1,0,3,0
110.011333,-17,-1,-1,2,-1,1,-2,-4,0
110.011338,2,0,7,-1,-1,-2,-1,3,0
110.032762,3,2,-16,-7,-1,-1,-1,-1,0
110.032813,-4,-7,15,3,0,1,-3,1,0
110.033355,-1,3,0,0,-3,-1,-1,2,0
110.033367,-14,-11,-1,-8,0,-1,-3,-9,0
110.049048,14,4,7,-3,1,0,-1,6,0
110.049053,-1,-9,-13,5,-1,0,-1,-5,0
110.049055,10,12,4,4,-1,-1,-2,-1,0
110.049057,-1,4,6,-8,4,-2,-2,-3,0
110.069771,1,-2,-9,-7,-3,-2,-1,-5,0
110.071435,-7,-3,-7,-3,-2,-1,-1,0,0
110.071441,-13,-8,0,-5,-3,-1,1,-2,0
110.071443,6,11,5,5,-2,0,-1,-2,0
110.093113,-3,-5,4,5,1,0,-1,2,0
110.093135,1,0,-6,-3,-1,-1,-1,-2,0
110.095489,0,-5,-5,-5,-3,-2,0,-1,0
110.095494,-1,2,0,-3,-3,-1,-1,1,0
110.107063,2,-3,-4,-1,-2,-1,-1,-2,0
110.108712,0,2,3,0,-3,-1,0,3,0
110.108720,-3,-5,-10,-3,0,-1,-2,-13,0
110.108722,-15,-11,-4,-1,-3,0,-3,-4,0
110.129600,9,9,4,0,-1,-1,-1,-2,0
110.129621,1,-19,0,2,0,1,0,1,0
110.130691,-2,13,20,0,1,-1,0,5,0
110.130709,7,-5,-9,4,1,0,1,-1,0
110.152909,1,-5,-10,-2,-2,-1,0,3,0
110.152927,2,9,6,-9,-5,-2,-1,0,0
110.155011,2,-10,-10,4,6,-3,-1,0,0
110.155028,4,8,14,5,0,-1,1,1,0
110.167650,-5,1,-1,0,-1,1,0,-2,0
110.167678,-1,4,2,-3,-3,-2,-1,1,0
110.170697,2,-2,-3,-5,-2,-1,-1,0,0
110.170705,1,0,-5,-2,-2,-1,1,0,0
110.189812,-6,-5,-4,-3,-4,-1,-1,-3,0
110.189828,-8,1,-1,0,3,-1,-2,-7,0
110.190390,2,-4,1,4,0,1,-2,1,0
110.190403,8,6,-9,-4,0,-1,1,-1,0
110.212883,-16,3,2,-1,-1,-4,-5,8,0
110.212906,0,6,11,2,1,-1,-1,-2,0
110.214811,1,-3,-10,-7,-1,-1,0,-1,0
110.214819,1,-6,2,6,-2,0,1,5,0
110.227569,8,1,-13,-7,1,-2,-2,-1,0
110.227590,-4,1,-7,0,0,1,-1,2,0
110.229641,-1,-4,0,-4,-3,-2,-2,-1,0
110.229644,-3,1,-1,-4,-2,-3,-1,1,0
110.249503,0,-2,-3,2,1,-1,0,-5,0
110.249545,-4,-1,-3,-2,-3,-1,0,-2,0
110.250285,2,-8,-8,-1,-1,0,0,-1,0
110.250298,-4,1,4,3,-1,-1,-2,-2,0
112.275896,-26,-60,-23,-9,-9,-28,-23,-28,2
112.276455,-14,77,-22,-10,-4,43,2,-24,2
112.278356,-48,116,23,3,1,-20,-20,-22,2
112.278444,23,-12,-13,-4,-4,3,-10,3,2
112.298159,25,96,13,3,-1,-36,-13,16,2
112.298187,51,90,0,-1,-2,5,1,-23,2
112.300311,-80,-39,-12,-6,-3,6,0,59,2
112.300316,-87,10,9,1,-1,5,0,-57,2
112.311503,33,63,3,2,-2,-26,-11,-1,2
112.311519,28,62,8,-4,-9,3,7,2,2
112.322059,21,-5,-2,-1,9,-4,3,22,2
112.322064,-60,76,19,12,3,-8,12,16,2
112.335675,-20,-128,-17,-4,2,24,-1,11,2
112.335697,102,30,9,0,0,24,27,-15,2
112.337393,41,21,3,-2,-16,-28,-50,15,2
112.337398,-57,37,-25,-12,10,24,-5,-2,2
112.357780,-39,83,15,7,-9,7,23,-9,2
112.357801,-65,-128,-4,-1,-1,-7,-10,16,2
112.363848,110,69,12,11,10,-3,24,21,2
112.363865,62,-89,-11,-3,-14,-24,-27,-28,2
112.371517,-84,102,11,-1,6,-6,-17,21,2
112.371540,17,37,7,6,6,0,41,-48,2
112.386519,74,113,36,14,3,-2,9,34,2
112.388539,85,-99,-21,-8,-1,7,16,-7,2
112.395640,62,36,-8,1,5,18,11,-5,2
112.395662,-123,42,2,2,0,8,0,18,2
112.397567,31,-8,7,-4,-2,-7,23,20,2
112.397571,31,-23,3,6,4,8,-5,-34,2
112.425387,31,24,-1,-9,-7,6,9,-9,2
112.425402,86,124,-3,4,1,3,-14,10,2
112.426701,16,70,-10,-5,-4,-13,-12,-66,2
112.426710,-56,-27,24,0,2,8,10,29,2
112.431743,-5,-102,-22,-11,-9,25,19,29,2
112.431764,-19,-12,-8,1,3,0,-78,13,2
112.440456,-24,-107,-15,-5,-13,-15,5,2,2
112.440463,33,124,-3,0,12,22,5,19,2
112.456005,2,109,23,14,9,-24,2,11,2
112.456014,-20,-128,8,2,0,7,15,40,2
112.456816,-22,-2,3,-3,3,10,5,-46,2
112.456826,43,-89,-52,-14,-19,-6,-19,-6,2
112.478232,-110,-37,6,-5,1,-13,-22,-4,2
112.478251,-50,37,7,4,4,14,23,4,2
112.479911,58,63,-4,2,4,0,-13,9,2
112.479915,-37,-14,20,2,-3,6,20,-29,2
112.491864,102,46,0,2,3,-13,-13,48,2
112.491928,-10,-87,-23,-12,-18,-27,10,5,2
112.502845,-76,87,13,0,2,-8,5,-4,2
112.502852,0,-18,-5,-4,0,1,14,4,2
112.515619,51,11,-9,6,4,-8,5,11,2
112.515640,-15,127,19,-5,-13,32,21,-12,2
112.517838,-23,45,-4,-6,-2,-43,-69,27,2
112.517842,-7,1,9,13,-3,4,11,-7,2
112.537899,-55,35,-8,-4,2,60,15,-15,2
112.537922,126,-53,-6,0,-2,-57,-21,42,2
112.539532,50,16,-4,-6,1,48,25,-25,2
112.539553,10,36,5,-3,-5,0,-7,21,2
112.560358,-65,43,9,3,-2,-26,-16,-40,2
112.560374,27,22,4,4,9,18,-2,25,2
112.561686,-80,-79,0,0,-1,15,43,-17,2
112.561692,68,-26,-1,-1,-7,-5,-28,23,2
112.575726,95,-50,-2,0,8,-56,31,-37,2
112.578273,116,62,18,6,27,28,-10,-9,2
112.578277,-53,72,-17,-8,-47,-84,0,13,2
112.578279,-18,127,11,3,4,19,-7,-30,2
112.598037,-34,64,-3,-10,-14,-15,-18,19,2
112.598050,-69,-7,-3,0,-4,-7,8,-31,2
112.599637,106,-47,4,5,18,20,-2,21,2
112.599655,22,17,-8,-5,-7,-2,15,-13,2
112.620453,-28,-49,5,1,-10,-14,-26,22,2
112.620475,-33,-93,4,1,-3,-20,2,-54,2
112.622411,-14,-6,-23,-6,8,43,34,23,2
112.622417,110,112,10,8,1,-8,3,-39,2
112.634697,-74,14,-6,-1,0,13,-5,-47,2
112.634721,28,54,-2,-1,-1,16,12,34,2
112.641451,-11,45,11,2,9,-2,-4,7,2
112.641468,-37,-105,-16,-9,-5,-3,-8,37,2
112.658005,17,27,7,-3,4,25,15,-9,2
112.658022,-22,-11,-15,1,-6,-58,-8,12,2
112.659588,1,-45,-5,2,-1,18,-8,18,2
112.659715,-76,-26,-7,2,6,-5,-6,2,2
112.680596,13,19,17,-2,-3,0,-4,21,2
112.680617,60,-9,-22,-11,-7,29,29,-22,2
112.682621,-31,85,15,3,5,-12,-30,-22,2
112.682626,31,-111,-21,-9,-6,-19,2,21,2
112.695392,2,-10,-6,-2,-6,15,2,2,2
112.695418,76,104,-6,-7,-1,-25,0,-2,2
112.696799,27,71,9,11,10,15,16,25,2
112.696842,-32,44,17,-4,-3,27,-1,-18,2
112.719087,28,4,-7,-4,0,-13,1,-1,2
112.719093,-113,124,10,4,2,15,-17,25,2
112.719397,41,31,6,14,9,10,-13,-44,2
112.719403,-78,14,-11,-7,-14,46,-19,-27,2
112.741150,-19,-13,-14,-2,19,12,26,14,2
112.741178,-9,21,14,3,-10,40,10,4,2
112.746490,45,21,-11,-9,-7,-9,4,0,2
112.746504,-69,-77,3,-1,4,-11,5,15,2
112.754695,43,-66,4,5,-2,6,-6,2,2
112.754715,-73,-8,-8,-4,-4,-75,-5,-37,2
112.761775,76,9,-9,-6,0,11,-2,-12,2
112.761805,-4,127,23,-5,-2,-19,-2,-8,2
112.778319,-24,-16,-9,0,-7,6,3,-20,2
112.778347,-31,18,9,-1,-2,-12,-22,22,2
112.780838,-38,-111,-13,-6,-4,-1,-23,-74,2
112.780929,91,5,-8,1,3,27,17,0,2
112.800896,-45,-5,11,0,-5,-64,4,-7,2
112.800916,4,64,7,0,3,26,-2,3,2
112.801888,14,-57,-3,-4,2,-11,1,23,2
112.801908,-59,-96,-7,-2,2,-5,-8,-19,2
112.815063,-37,28,2,5,0,29,-1,22,2
112.815083,20,-78,-14,-4,-5,-4,-29,-24,2
112.821573,-38,29,4,1,0,-5,6,-6,2
112.821595,20,-49,-9,0,5,18,0,74,2
112.837751,109,19,-13,-10,-14,-90,-5,46,2
112.837770,43,-82,-15,-9,-7,65,-40,-52,2
112.839559,-52,33,0,2,3,12,11,33,2
112.839565,-33,12,-10,-1,-1,-13,-13,-14,2
112.860342,17,85,16,7,5,19,5,-16,2
112.860355,42,-108,-28,-10,5,18,19,68,2
112.861807,-35,7,4,0,-21,-16,-16,-63,2
112.861870,-39,42,-16,-7,11,-11,1,-13,2
112.875126,0,-79,-20,-7,-5,25,2,-36,2
112.875131,26,108,21,5,1,-42,22,23,2
112.881630,-40,-32,-3,2,4,60,1,30,2
112.881736,96,100,15,4,-2,3,-5,-17,2
112.898153,-124,-70,-6,-2,0,-19,-15,-10,2
112.898182,37,75,-1,-7,-4,-34,20,-18,2
112.900287,-52,-77,0,4,2,-3,-12,21,2
112.900291,-11,97,18,11,1,3,39,18,2
112.921712,-5,-51,-1,-5,4,23,-59,-14,2
112.921718,-73,-69,6,3,-5,-38,-3,-17,2
112.921982,17,14,12,-2,0,-31,-15,47,2
112.921988,31,-49,-9,-6,-6,-27,21,-6,2
112.937546,29,94,-4,2,-1,7,5,-34,2
112.937553,11,24,-4,-12,0,15,-14,14,2
112.941933,60,127,10,3,2,4,15,17,2
112.941955,-26,-76,-2,-1,-4,-3,-3,-44,2
112.957787,8,41,12,7,11,-1,-10,11,2
112.957810,-19,101,7,5,-5,33,12,14,2
112.960427,14,-105,-25,-12,-1,-2,8,-3,2
112.960433,81,127,4,1,-2,-5,-22,14,2
112.980275,5,7,-5,-15,-7,16,28,-4,2
112.982358,32,-128,-26,-8,-4,-2,-21,-31,2
112.982363,-11,87,10,0,2,-19,3,4,2
112.982365,-24,110,17,8,1,-2,8,-26,2
112.994896,35,7,-3,0,-2,23,-23,38,2
112.994919,-32,52,1,3,2,2,19,-2,2
113.002056,-28,-3,-2,-4,-4,-1,2,-11,2
113.002102,11,-18,2,2,10,22,-4,17,2
113.018123,-5,107,17,9,-3,-17,7,-7,2
113.018142,-22,-28,0,-3,1,-71,-3,-16,2
113.021604,-6,127,8,1,0,27,56,25,2
113.021610,-74,-46,-10,-6,-3,-31,-53,-19,2
113.040365,39,32,4,0,-7,13,-5,0,2
113.040388,-46,25,-4,1,6,8,-5,3,2
113.042457,15,-3,15,7,4,-16,8,1,2
113.042462,27,24,9,0,-4,16,10,13,2
113.054087,16,-1,-11,-1,-2,-3,8,-8,2
113.054111,58,-4,18,9,5,26,6,17,2
113.063666,30,56,1,2,-3,0,-18,0,2
113.063673,1,21,-20,-7,3,-13,-22,-44,2
113.077935,-28,-111,-25,-13,-16,15,37,-44,2
113.077963,38,57,-12,-5,-2,4,-10,7,2
113.080610,-37,-43,-3,-12,-8,-25,-32,-5,2
113.080616,90,53,9,-3,-3,-18,12,22,2
113.100334,23,-64,-13,-4,5,-2,6,11,2
113.100354,-18,47,-4,2,-2,14,2,-47,2
113.101899,-21,8,-1,3,3,10,-2,-6,2
113.101921,-1,94,11,1,-2,-1,12,0,2
113.113937,30,36,9,2,1,17,-2,3,2
113.113957,38,-39,-1,-1,-2,7,-1,29,2
113.122791,-83,-61,-8,-1,3,-5,-15,-46,2
113.122806,37,-55,-3,-6,-6,52,0,29,2
113.145420,34,-9,-2,5,-2,-85,-3,10,2
113.145448,-76,95,4,5,11,46,4,9,2
113.146958,80,50,-16,-12,-17,-21,-10,-57,2
113.147003,-87,-97,-22,-6,-4,0,7,-2,2
113.160351,63,-6,6,-5,-1,10,-6,-25,2
113.160373,-15,53,1,0,0,-16,-2,22,2
113.161770,-79,58,7,0,0,-6,-11,-20,2
113.161840,54,62,2,-1,1,-6,2,42,2
113.173918,-67,102,6,1,1,0,-12,-15,2
113.173940,46,-71,-2,2,1,-2,1,-10,2
113.184226,-52,-8,5,1,3,24,0,7,2
113.184233,-74,-50,3,4,-2,-21,1,-25,2
113.198401,29,100,3,0,2,12,-7,36,2
113.198406,-44,-123,-21,-10,-8,6,17,-20,2
113.199210,3,37,-8,0,1,-15,-27,61,2
113.199228,47,57,-3,1,0,10,-4,-8,2
113.220380,-7,-19,-5,-4,-2,-2,-6,-23,2
113.220408,-45,54,12,3,-4,0,2,6,2
113.221872,88,-128,4,-3,2,-11,5,-9,2
113.221878,-43,-52,-11,5,3,9,-4,-50,2
113.250898,-12,0,10,4,3,-22,-13,16,2
113.250917,3,84,6,-1,-11,-2,23,20,2
113.254465,-26,26,-3,-3,1,9,2,-8,2
113.254471,81,57,7,-3,-2,-16,-6,1,2
113.258412,-86,-97,-5,3,2,9,1,-34,2
113.258432,27,25,-3,-2,-5,11,-26,14,2
113.260074,-7,-71,-25,-10,-6,-42,0,36,2
113.260101,-30,-75,0,-1,13,-6,1,-44,2
113.280776,21,26,7,2,1,22,22,7,2
113.280794,-20,-61,-5,-2,8,-12,-5,-35,2
113.283437,41,62,2,3,-2,29,1,-12,2
113.283477,8,-47,-5,-5,-5,-61,-5,59,2
113.294469,27,-5,-4,-4,-3,3,8,-16,2
113.294483,-25,-32,4,1,-5,2,-6,-12,2
113.305194,4,-4,-1,-3,16,1,9,13,2
113.305201,10,92,7,3,-21,23,-1,-22,2
113.318017,-25,-53,-18,-9,-6,-17,-2,2,2
113.318050,72,8,10,3,0,-14,-8,9,2
113.324001,-106,-71,-20,-13,1,14,1,-6,2
113.324021,-77,16,-7,-1,1,-15,-3,-36,2
113.340335,-24,110,8,3,-4,27,0,86,2
113.340351,-6,-103,-15,-7,-4,-25,-10,-15,2
113.341710,89,-1,15,7,0,-5,7,-4,2
113.341723,6,-50,2,1,1,4,2,5,2
113.355876,-39,72,11,1,1,5,-3,25,2
113.355885,-22,22,-15,-9,-2,-7,-10,-74,2
113.363817,100,28,5,4,-2,18,9,40,2
113.363823,-74,58,5,-1,2,-11,-4,16,2
113.377895,-2,67,-3,1,0,-1,-4,-36,2
113.377931,101,60,3,-6,-3,0,2,32,2
113.379237,13,-49,-6,1,-7,-15,-6,-6,2
113.379269,-80,-103,-14,-6,-3,34,8,-2,2
113.402313,5,87,13,2,11,-9,-4,15,2
113.402318,-60,-109,-2,4,-6,-16,3,-2,2
113.402321,-9,31,-5,-1,0,23,1,-12,2
113.402323,57,7,10,7,0,-17,3,44,2
113.414079,-24,57,1,1,0,20,-4,11,2
113.414100,86,127,-11,-9,-1,-7,-19,-35,2
113.432302,-87,-67,-2,-3,-4,2,-3,-11,2
113.432307,37,48,9,0,1,-9,1,10,2
113.437989,5,-5,-6,2,0,-9,0,25,2
113.438005,5,-59,0,-1,0,12,-8,-10,2
113.439757,-45,103,8,2,-1,-7,18,-14,2
113.439763,98,103,5,-4,4,15,20,42,2
113.460316,-62,-17,-9,-7,-9,-7,-17,-47,2
113.460333,-67,77,2,4,0,-3,9,30,2
113.461752,14,18,3,3,1,11,-10,-23,2
113.461776,-23,52,-3,-5,0,-8,-7,-7,2
113.473910,47,-43,0,-1,0,1,10,17,2
113.473935,-89,34,2,-1,2,7,2,-7,2
113.484461,18,10,-2,3,1,6,-10,-5,2
113.484470,3,-78,1,5,3,72,8,-24,2
113.497953,15,32,-8,-8,-13,-89,-19,-10,2
113.497982,3,-76,2,6,12,35,20,11,2
113.499870,-36,100,-8,-6,-20,-15,-7,6,2
113.499874,21,-90,-7,-2,-3,50,-6,5,2
113.520646,100,38,9,6,6,15,9,22,2
113.520670,59,38,-1,2,-1,0,2,18,2
113.522655,2,-23,-11,-10,5,-14,-4,2,2
113.522679,-29,2,2,6,-3,-11,-11,-7,2
113.543017,31,-78,-4,0,-2,5,-5,7,2
113.543039,50,-1,0,1,1,1,14,-19,2
113.544471,-6,37,-8,-2,-1,9,-16,12,2
113.544492,7,-85,-6,-4,-2,-26,32,-12,2
113.557821,88,-6,9,1,4,14,-6,13,2
113.557840,-36,-5,6,-1,-1,-14,-18,-11,2
113.559484,-8,-22,0,-3,-6,3,-2,-19,2
113.559505,-23,-19,-5,1,0,-26,12,25,2
113.580362,-128,-82,-25,-9,-9,2,-14,-54,2
113.580379,-1,-74,4,1,0,12,12,30,2
113.581788,17,94,14,-5,-3,-9,-17,-7,2
113.581868,19,71,-5,-3,3,-14,-1,15,2
113.602963,-73,-25,0,-2,-1,15,11,0,2
113.602970,-32,8,1,0,-5,-3,-6,-13,2
113.604516,17,21,-1,4,5,2,8,5,2
113.604535,15,-60,2,2,-1,-19,-17,4,2
113.617895,7,96,6,0,4,10,0,-14,2
113.617908,-19,-66,-13,-4,1,10,-9,5,2
113.619723,65,87,27,8,4,-11,29,26,2
113.619745,3,1,-23,-7,-2,20,-10,-37,2
113.640289,-5,-119,-36,-14,-5,-11,-35,0,2
113.640310,6,115,8,1,-1,-2,-6,4,2
113.642061,8,-2,1,1,3,3,6,10,2
113.642079,-15,61,8,3,-4,-12,-8,13,2
113.664721,-28,-11,5,0,0,8,10,-44,2
113.664729,53,15,5,-2,-4,-10,5,31,2
113.664735,17,-98,10,16,7,-5,-9,-31,2
113.664738,114,104,8,-7,1,2,-6,-4,2
113.685628,-16,123,-13,-12,-15,0,8,-28,2
113.685651,18,52,-11,-7,-7,-21,-16,12,2
113.687783,-63,75,-9,-5,-4,-21,21,1,2
113.687789,-10,6,15,5,-1,-13,-5,-1,2
113.700273,13,41,18,6,4,-6,9,7,2
113.700294,4,44,-2,3,2,5,3,-3,2
113.701874,-11,-68,-9,-12,-6,12,-7,-3,2
113.701883,37,-7,-1,0,-1,-16,-11,-4,2
113.724558,-48,-123,1,6,5,11,15,-39,2
113.724565,82,124,-3,-11,-5,2,-40,-20,2
113.724567,-45,-128,-26,-13,-13,-2,4,-16,2
113.724569,-58,49,-11,-3,-1,-32,-8,22,2
113.737343,34,-15,4,5,4,2,4,14,2
113.737366,-49,17,10,6,3,26,13,11,2
113.744355,28,95,-1,-3,1,-6,-8,-9,2
113.744375,-6,14,2,-4,-1,13,-9,-3,2
113.761048,-2,43,8,7,0,-5,15,17,2
113.761077,-35,13,8,-1,3,-28,4,0,2
113.762353,32,-117,-12,-7,1,14,-18,47,2
113.762357,-85,-66,-5,5,-15,3,1,-87,2
113.783192,43,-87,-11,-3,-1,1,-10,15,2
113.783220,27,32,1,0,2,3,12,21,2
113.784834,7,-49,-2,5,2,4,-8,-32,2
113.784989,-18,49,4,-1,4,-2,-1,10,2
113.797281,-17,16,9,1,3,-2,-5,-5,2
113.797302,57,-46,-2,0,-1,0,3,27,2
113.804093,-18,16,3,3,-1,-6,-7,-42,2
113.804112,96,90,22,11,11,13,34,49,2
113.820365,90,8,-6,-9,-12,-46,-42,-38,2
113.820387,-36,-58,-28,-6,5,69,26,-3,2
113.821790,-40,-4,-10,-2,1,1,-11,39,2
113.821805,-80,-16,-24,-15,-12,5,3,-44,2
113.843199,58,-49,5,2,4,3,10,44,2
113.844755,-32,53,14,7,-3,-24,-14,-20,2
113.844759,-38,-116,-11,-8,6,23,-2,-9,2
113.844761,35,-34,4,7,-9,-45,1,21,2
113.865377,4,76,-9,-8,-8,7,-2,6,2
113.865383,9,-110,-14,1,-4,-26,-9,-26,2
113.866848,-30,45,8,5,1,10,13,-12,2
113.866910,45,-71,6,-8,6,29,-8,57,2
113.887761,-112,32,6,3,3,-63,5,19,2
113.887779,-29,-63,-15,-10,-8,-9,-5,-75,2
113.889453,3,25,14,6,1,0,-3,18,2
113.889462,21,70,-1,0,3,8,-1,9,2
113.902810,-2,-14,-3,1,1,7,9,-1,2
113.902830,-6,42,9,4,4,4,13,41,2
113.905422,15,36,0,1,-3,-30,-10,-10,2
113.905431,-82,52,-11,-10,-5,12,16,-18,2
113.917238,17,-104,-8,-3,-2,27,-10,2,2
113.917346,36,92,22,4,2,4,15,2,2
113.924508,-20,90,-6,-3,-1,1,8,10,2
113.924537,94,40,-2,1,3,17,0,46,2
113.942657,-109,26,-9,-4,-1,-5,-20,-24,2
113.942663,1,-99,1,4,13,19,-7,-9,2
113.942665,107,61,12,1,-20,8,18,27,2
113.942667,-90,-128,-12,-8,-1,-4,-11,-19,2
113.978430,32,100,14,12,2,6,5,39,2
113.978454,65,127,-11,-10,-2,-22,-7,-28,2
113.979709,6,92,3,3,7,18,3,-4,2
113.979718,76,-81,-2,-1,-4,-59,-14,-23,2
113.985657,48,-10,5,5,3,15,7,-31,2
113.985685,-27,-81,-5,-2,-2,9,18,96,2
113.988037,-17,14,-10,-9,-5,-29,-45,-47,2
113.988043,-80,-25,-10,-2,-5,-6,-11,-21,2
114.000516,12,49,7,6,5,14,-12,-6,2
114.000545,-72,71,7,1,0,54,8,2,2
114.003555,27,-30,-5,3,3,2,36,10,2
114.003563,25,-56,2,0,-4,-15,-20,-16,2
114.022928,-77,-61,-10,-8,1,10,11,21,2
114.022944,-52,-29,-16,-6,-3,-8,-19,-83,2
114.024542,60,1,18,4,1,-2,5,49,2
114.024619,-40,65,-5,-1,5,-2,-7,-5,2
114.036536,-2,127,4,-3,2,29,10,-15,2
114.036553,74,20,-1,-3,8,-28,-3,8,2
114.053113,-7,69,0,-1,-12,84,-17,13,2
114.053191,-4,102,5,0,-7,-96,17,-11,2
114.060945,33,5,2,-3,-2,6,-1,-2,2
114.060976,-66,10,4,6,-1,2,14,1,2
114.062920,51,35,-1,-7,0,-31,-36,-10,2
114.062924,39,94,-5,-4,3,36,-5,-17,2
114.083046,-30,-86,-15,1,-7,-13,-3,15,2
114.083069,5,-48,-7,-4,-5,-17,-7,-18,2
114.084523,41,77,1,-4,5,-2,4,3,2
114.084544,-2,36,11,2,-2,20,0,21,2
114.096497,-14,-4,7,1,3,-12,14,-12,2
114.096564,77,81,2,0,4,-14,-19,13,2
114.106354,-70,-128,-10,-4,-10,-9,9,-24,2
114.106358,35,-5,-11,-3,-1,25,-8,49,2
114.121001,-20,68,17,7,-1,-13,-6,-40,2
114.123362,-61,-89,-2,6,-4,-5,-8,25,2
114.123368,-8,105,-4,-1,1,-19,20,-5,2
114.123370,20,-112,-14,-5,-1,29,-11,-28,2
114.144095,66,-20,-12,-8,-7,-47,1,28,2
114.144101,-73,45,13,4,-4,-32,5,9,2
114.144212,-44,-128,-36,-10,-5,25,-5,-12,2
114.144218,-27,62,6,5,-2,27,-2,11,2
114.156659,45,-17,-9,-6,-5,-12,-3,52,2
114.156686,-67,60,4,0,4,26,-2,-82,2
114.166454,67,-117,6,7,2,-33,2,48,2
114.166466,30,76,1,-8,2,14,3,13,2
114.180612,-16,42,-2,-1,0,22,-9,-56,2
114.180641,104,-32,1,7,-3,-4,-2,31,2
114.182594,-68,40,2,2,3,8,-2,-25,2
114.182603,-12,-97,-5,-3,1,-9,-1,-22,2
114.205333,49,55,-1,-8,7,15,-1,1,2
114.205342,80,25,9,0,-16,-15,-9,27,2
114.205345,-22,63,9,5,2,-1,22,-23,2
114.205347,8,68,3,3,1,-7,4,15,2
114.216921,-44,-53,7,7,1,6,19,11,2
114.216950,28,-72,-8,-10,2,46,-49,10,2
114.227330,-84,-52,3,0,-5,-42,11,9,2
114.227336,34,107,11,4,1,-13,-4,4,2
114.240275,64,-104,-9,3,8,67,0,0,2
114.240292,24,108,-1,-1,-2,-14,6,26,2
114.241888,-55,127,9,3,-7,1,-7,-30,2
114.241911,35,-115,-2,2,10,3,-5,-5,2
114.262805,-3,93,-11,-8,3,-3,-2,-1,2
114.262827,-54,-69,-18,-1,3,-1,4,-26,2
114.264424,20,-61,-14,-6,-6,14,-6,4,2
114.264499,-32,50,5,-7,-4,-16,2,-34,2
114.276913,-11,57,9,10,11,19,-8,28,2
114.276935,-65,3,-8,-2,-18,-9,8,-9,2
114.287624,17,-45,1,1,6,-17,-3,19,2
114.287678,63,51,8,8,2,30,7,-1,2
114.300341,-113,-98,-1,-8,-7,-17,-4,-29,2
114.300353,72,-47,1,2,4,-29,8,37,2
114.301907,57,-20,-13,-4,7,21,12,-18,2
114.301928,-52,69,5,3,3,10,-15,48,2
114.322829,124,12,-8,-7,-13,-46,7,-11,2
114.322849,-26,-8,-5,-1,-5,-51,-1,-11,2
114.324400,5,-59,6,3,3,2,-9,-1,2
114.324476,-32,-76,-3,-1,-1,-12,-2,-46,2
114.336534,-33,-39,-11,-4,-5,-17,1,2,2
114.336553,-33,92,4,-5,2,52,1,-21,2
114.346559,-36,94,-3,-6,-1,-12,-12,5,2
114.346565,28,-70,-3,6,3,5,5,-16,2
114.361313,24,101,6,4,-1,1,-5,16,2
114.361317,-12,-100,-9,-12,-2,-6,-1,17,2
114.361776,23,102,9,2,2,11,7,-13,2
114.361787,-57,-48,1,6,7,2,5,17,2
114.382962,52,31,13,3,-5,49,-4,33,2
114.382991,-36,-67,-4,6,-2,-55,16,-24,2
114.384345,32,76,0,-1,5,19,-3,-6,2
114.384353,6,-93,-17,-10,-2,62,5,-6,2
114.396859,35,68,6,5,-2,-48,24,-30,2
114.396878,89,-14,-21,-16,-5,9,-12,27,2
114.405951,-20,42,5,3,0,-19,-12,5,2
114.405964,-61,42,-8,-4,-6,-11,5,-2,2
114.420582,-38,-1,-3,-2,-1,13,-8,18,2
114.420602,84,72,15,6,2,15,5,32,2
114.422867,85,53,3,-7,-5,-13,-7,-35,2
114.422873,19,-25,6,4,-4,-14,-11,43,2
114.442981,-14,7,3,2,-2,7,-5,-15,2
114.443087,-61,92,6,0,1,-38,-1,-22,2
114.444348,22,-114,0,0,4,16,-6,43,2
114.444368,-75,102,-1,-1,-7,-18,-3,-43,2
114.464564,9,-128,-8,-10,-3,-6,-18,-4,2
114.464585,-43,20,5,8,5,39,14,-4,2
114.473572,-48,45,2,-6,-6,-31,4,-19,2
114.473577,40,8,1,6,8,-29,-3,9,2
114.480199,-9,65,6,1,-4,2,7,-15,2
114.480221,26,92,-3,-4,2,24,1,-20,2
114.481944,-12,-128,-14,-3,-2,7,-18,16,2
114.481998,9,96,-5,-7,1,-9,5,3,2
114.502776,-77,90,-2,2,3,7,2,4,2
114.502806,11,-70,0,-5,-4,-5,-3,-25,2
114.504431,19,50,-1,2,2,10,10,2,2
114.504453,2,41,2,-1,-6,-7,-8,-15,2
114.525471,-29,4,11,6,4,8,1,0,2
114.525490,77,-41,-8,-7,-6,1,-6,2,2
114.526810,-54,-86,2,3,-1,-5,-10,30,2
114.526840,-112,6,-14,-7,-5,-5,-10,-58,2
114.540299,3,21,-1,-4,-3,-3,10,1,2
114.540322,-5,83,0,2,2,7,2,21,2
114.542092,-51,-4,2,4,1,-1,6,3,2
114.542135,65,32,5,-1,-4,-4,-8,7,2
114.562978,-3,36,3,4,4,12,-1,5,2
114.562984,-49,-39,-5,-10,11,14,-10,-22,2
114.564274,4,-8,-1,12,-11,-73,16,7,2
114.564280,-7,-6,4,3,-1,6,6,13,2
114.585429,-52,-97,-10,-4,-1,4,-13,-19,2
114.585451,-26,52,3,1,3,-5,-5,36,2
114.587759,51,-30,-8,-4,6,71,6,-49,2
114.587768,105,71,8,-1,-1,-29,10,-5,2
114.599687,-8,-102,-1,5,6,16,-2,-14,2
114.599708,-10,55,5,3,-4,4,1,15,2
114.608014,54,7,1,-4,-11,1,-7,-2,2
114.608031,53,-19,0,2,16,2,-1,5,2
114.624204,2,-8,-10,-8,-11,4,-7,10,2
114.624210,-98,16,4,7,-1,0,6,-2,2
114.624381,17,1,-9,-8,1,16,-7,-14,2
114.624387,-54,17,5,5,-5,3,0,-6,2
114.645598,-36,-25,3,-4,-2,-22,0,34,2
114.645620,50,11,-5,2,1,13,15,11,2
114.646823,58,-78,-14,-3,-1,-25,-18,20,2
114.646827,21,-4,-18,-8,-1,4,-3,18,2
114.659807,9,46,2,5,-2,-16,-3,-27,2
114.659913,36,24,6,-5,-4,14,2,29,2
114.666820,-24,110,9,9,4,8,4,-19,2
114.666843,53,27,11,2,3,9,7,30,2
114.682922,22,-82,-24,-2,1,3,-8,-12,2
114.682944,-18,26,13,4,-3,-27,-12,-21,2
114.686083,13,125,-1,-2,3,16,-4,-10,2
114.686094,-27,4,-5,-5,-3,1,-1,30,2
114.705427,4,-70,-2,-6,-5,-7,-2,6,2
114.705443,-37,-30,-6,-3,-1,-7,-9,-63,2
114.706866,-34,40,5,-2,4,-3,4,20,2
114.706887,-29,-127,4,3,-6,-8,-18,-7,2
114.719707,-11,-1,-9,-7,-3,7,16,-14,2
114.719729,-19,65,4,3,4,1,-1,-30,2
114.726402,96,46,10,1,2,-7,-3,34,2
114.726426,-45,11,2,-3,-2,12,8,-23,2
114.743479,27,28,6,1,0,-4,0,2,2
114.743508,51,-43,-13,-4,-2,-4,1,10,2
114.749446,-77,85,9,4,5,-5,9,21,2
114.749465,-13,-55,2,-2,-11,-15,-2,-47,2
114.765218,-65,61,-7,-7,-5,23,-10,15,2
114.765231,70,7,0,4,0,0,9,-16,2
114.766921,-4,102,-3,-8,-4,18,-9,16,2
114.766939,-2,1,3,3,2,-15,4,19,2
114.779552,44,98,10,5,-1,-2,3,13,2
114.779560,34,48,5,1,-2,0,-1,11,2
114.786589,-27,-19,-3,-1,1,1,3,-11,2
114.786678,23,3,-13,-3,3,2,-7,-8,2
114.802789,32,30,5,-1,-1,-8,4,-4,2
114.802806,-20,16,-7,-4,-17,2,14,-5,2
114.804681,16,-125,1,1,20,4,-1,-15,2
114.804691,-53,37,1,2,-5,27,5,16,2
114.825264,14,-9,-4,0,-1,-76,-3,-35,2
114.825271,-117,-128,-20,-7,1,3,-24,4,2
114.826728,-40,-51,2,0,-9,10,13,-14,2
114.826749,-21,-113,-6,-1,11,0,-2,-5,2
114.840829,55,3,-4,-4,-11,-1,-6,24,2
114.840835,6,3,4,5,2,15,5,6,2
114.846796,39,59,-5,0,-10,-21,-17,-34,2
114.846823,92,27,0,-9,2,-5,-1,6,2
114.862791,-25,9,2,3,3,15,-3,-2,2
114.862813,106,61,11,-4,5,9,5,19,2
114.864827,-55,-90,-24,-7,-13,25,-14,-32,2
114.864835,-26,32,3,3,-2,13,3,-1,2
114.888016,54,127,0,2,5,-5,5,20,2
114.888025,-39,18,-3,-5,-4,-25,-30,-6,2
114.888028,-19,-57,-3,-2,2,-1,20,26,2
114.888030,6,59,5,2,-4,11,-1,-15,2
114.900595,-17,-128,-18,-13,4,6,3,0,2
114.900624,-46,-22,5,4,3,-9,-25,-1,2
114.906529,-2,67,-5,-1,-2,6,-1,-16,2
114.906544,-5,-128,-14,-7,-5,-19,-2,12,2
114.922956,90,127,24,9,11,19,10,30,2
114.922972,35,-73,-10,-6,-21,-20,-2,-34,2
114.925249,-21,-6,1,-1,-1,-10,-8,-61,2
114.925254,-43,-58,-7,-6,-8,1,5,37,2
114.944889,16,-18,-1,6,3,-20,-9,-53,2
114.944910,18,51,7,3,7,11,8,15,2
114.953057,-53,-80,-17,-11,-4,-26,-7,24,2
114.953093,91,48,7,7,2,-4,4,-12,2
114.959300,-22,-86,-7,-11,-6,53,-5,12,2
114.959337,25,79,3,8,2,41,33,-11,2
114.967894,1,-73,-3,1,-16,-52,-8,5,2
114.967958,-35,56,4,-1,10,-19,-3,7,2
114.982737,-47,-18,-5,0,5,33,-3,-2,2
114.982750,8,33,6,-3,3,-31,3,7,2
114.984332,72,27,5,-4,6,7,5,2,2
114.984338,24,-6,7,1,-18,6,-6,-35,2
115.005408,52,98,2,-2,-5,-19,-9,2,2
115.005426,-52,-48,-17,-1,0,18,-2,-2,2
115.006954,33,57,4,4,6,-5,4,13,2
115.007018,-58,115,7,0,2,-14,-8,-3,2
115.019084,-13,-60,2,2,1,-9,-12,-13,2
115.019110,52,62,16,1,-6,-14,4,24,2
115.028154,-63,-97,14,7,3,17,18,23,2
115.028158,-26,-71,-11,-5,-3,11,5,-39,2
115.042896,-105,85,1,-7,3,49,-25,-24,2
115.042905,8,-123,2,-4,-4,32,0,32,2
115.044395,-52,63,-3,-6,-6,10,-18,-1,2
115.044442,109,-47,1,7,4,13,35,35,2
115.065290,-57,7,-9,-1,-3,47,-3,-3,2
115.065312,-54,32,-8,-5,2,-87,-16,-55,2
115.066905,58,28,-1,-1,-3,10,-7,-47,2
115.066909,25,44,3,2,-5,-12,-3,-6,2
115.088301,-56,91,-3,-3,-14,-34,6,-6,2
115.088310,66,-123,-20,-2,22,17,13,39,2
115.089343,36,127,3,2,-8,-21,-23,19,2
115.089370,12,89,-7,-5,3,61,-7,-6,2
115.110703,39,75,11,7,-1,-23,-4,20,2
115.110733,-75,13,6,2,2,100,28,15,2
115.112996,-45,-97,-22,-9,0,-83,-4,-11,2
115.113002,-42,-37,3,-1,0,-4,-14,-20,2
115.125404,82,-23,12,5,1,-24,9,15,2
115.125425,26,-49,-8,-3,-3,-5,-6,0,2
115.127601,-25,76,6,5,9,38,8,4,2
115.127606,-8,-89,-10,-10,-11,-15,-10,13,2
115.139094,43,43,5,0,1,-13,5,-27,2
115.139111,-21,-86,-9,-2,-4,-17,-12,-15,2
115.150303,9,63,-2,1,-1,15,0,-18,2
115.150309,-17,-14,-11,-6,-2,-10,-15,-22,2
115.165535,-50,-128,-12,-2,2,6,27,18,2
115.165542,62,81,2,5,-1,-4,-11,-3,2
115.165544,2,69,6,-2,3,20,9,24,2
115.165545,35,116,4,-4,-5,-27,-7,-6,2
115.193187,-32,-128,-22,-4,-1,-9,-11,-25,2
115.193211,12,89,-2,-2,6,-12,-2,20,2
115.196067,-3,0,3,2,-13,9,2,0,2
115.196073,-34,65,7,3,3,-5,12,-10,2
115.199386,0,78,-2,-9,-5,-4,-29,0,2
115.199407,-20,-71,7,1,-4,14,-4,-12,2
115.209454,-6,-35,-13,-9,-1,56,18,0,2
115.209463,-22,9,-7,-4,-3,-69,-4,26,2
115.222965,-43,-20,15,6,-2,-14,8,-62,2
115.224447,32,-37,-10,-6,-4,-12,5,16,2
115.224455,19,115,10,0,6,41,-15,14,2
115.224457,-96,51,-4,3,-4,23,16,63,2
115.245231,-3,34,-13,-6,-3,-8,-6,-56,2
115.245253,-29,84,6,-1,3,-12,-8,-9,2
115.246725,15,0,2,3,0,9,2,-4,2
115.246731,38,75,5,3,4,7,1,34,2
115.258977,26,90,10,4,5,-8,-6,6,2
115.259026,-60,-25,-5,-3,-4,15,13,35,2
117.294004,-1,1,1,0,1,-1,0,-1,0
117.294148,-3,-9,-6,-4,-2,-2,-2,-2,0
117.294151,1,5,11,8,2,0,0,-1,0
117.294152,-1,-5,-3,1,1,0,-1,0,0
117.309010,-1,-3,-3,-7,0,-1,-2,-1,0
117.309058,-1,1,-6,3,-2,-2,-1,0,0
117.309061,-3,3,2,-2,-1,-1,-3,0,0
117.309062,-1,-4,1,-4,-3,0,-1,-1,0
117.329561,-2,7,0,4,-1,-1,0,-1,0
117.329582,-1,-15,-5,-4,0,-1,-1,-1,0
117.330797,-1,3,-1,-3,0,-1,-3,0,0
117.330801,0,-4,0,-1,-1,-1,-1,0,0
117.352383,0,3,2,2,1,0,-1,-2,0
117.352414,-1,4,5,1,0,0,-1,0,0
117.354721,-1,-5,-4,-7,-2,-1,-1,-2,0
117.354726,0,0,-2,0,-2,-2,0,-2,0
117.367037,-1,2,-7,-1,-1,-1,0,-2,0
117.367059,0,-7,10,4,0,1,-1,-1,0
117.369295,-2,14,6,-3,-3,-1,-1,-2,0
117.369303,-1,13,1,-1,-2,-1,-1,-2,0
117.389608,-3,-18,2,2,-1,-1,-1,-2,0
117.389623,0,-6,-11,-4,-1,0,1,-1,0
117.390286,0,-16,-6,-6,-2,1,0,-1,0
117.390302,0,5,7,3,1,0,0,-2,0
117.412751,0,3,5,5,-2,-1,-2,1,0
117.412774,-1,-3,1,0,1,-1,-2,-2,0
117.414803,-1,-2,-9,0,0,0,-1,1,0
117.414812,-1,-10,-10,-7,-4,-3,-2,-1,0
117.427485,0,2,-1,-6,-1,0,0,-1,0
117.427513,-2,1,-5,1,0,-1,-1,-2,0
117.430083,1,-1,2,2,1,-1,0,0,0
117.430087,-1,0,1,5,1,1,-1,-1,0
117.449834,-2,1,-2,-5,-2,-2,-2,0,0
117.449841,0,4,-2,0,-5,0,-3,1,0
117.450346,-3,-13,-6,0,-1,-2,-2,-3,0
117.450377,-2,9,0,-1,1,-1,-1,-2,0
117.472172,1,2,2,-1,-2,-2,0,-2,0
117.472188,1,14,-1,-1,0,-1,0,-1,0
117.473798,0,-11,-1,-7,-1,-2,-1,0,0
117.473804,-1,-10,-2,5,0,0,-1,1,0
117.495175,0,16,2,1,-1,-1,0,0,0
117.495204,-2,-17,5,-1,0,-2,-1,-2,0
117.495914,-4,0,-10,1,1,1,2,0,0
117.495981,0,-6,-3,-3,0,0,0,0,0
117.512467,-1,0,-4,-4,1,-1,1,0,0
117.512471,0,5,-1,-2,0,-2,0,-1,0
117.512473,1,4,-4,-3,-3,-3,-2,-1,0
117.512475,1,-4,7,-1,-2,0,-1,-2,0
117.532696,-1,-3,-10,0,3,0,-2,-2,0
117.532715,0,10,10,0,-1,0,0,-1,0
117.534904,-1,-4,-1,2,-1,-2,-1,-2,0
117.534912,-2,0,-2,-4,0,-1,-1,-2,0
117.547515,-1,0,-13,-8,-5,-2,-3,0,0
117.547544,-1,-19,8,0,2,-2,-1,1,0
117.549673,0,3,-3,7,-1,0,-1,-2,0
117.549677,-2,-5,-4,-4,-2,-2,-1,-1,0
117.569554,-1,-1,4,4,-1,-3,0,0,0
117.569583,-2,1,-13,-5,-1,-1,0,-3,0
117.571457,-1,19,8,2,1,-1,0,-1,0
117.571463,-2,-20,1,-1,-1,-1,-1,-3,0
117.592444,-1,-3,-1,-5,-3,-1,-2,-2,0
117.592464,-2,-1,-14,4,1,-1,0,0,0
117.593018,-1,-9,4,2,1,1,1,0,0
117.593115,0,21,2,-5,-1,-3,0,0,0
117.607163,-2,0,5,-3,-2,1,-1,-1,0
117.607181,-3,-7,-3,0,-3,-1,-2,-2,0
117.609278,-2,2,6,0,0,-1,-1,-1,0
117.609283,-2,-6,-7,3,-3,-2,-2,-1,0
117.629807,0,-2,10,2,3,0,0,0,0
117.629829,1,8,1,-3,0,0,-1,-1,0
117.631901,-2,-6,-3,-9,-2,-2,-1,-1,0
117.631904,-2,-2,-3,-1,0,0,-2,0,0
117.653310,0,-3,-8,5,-2,-2,-1,-2,0
117.653319,0,5,2,-1,-4,-1,-2,-2,0
117.660006,-1,-20,-8,-5,-4,-1,-2,0,0
117.660028,0,0,13,1,-1,0,-2,-1,0
117.667265,0,3,2,-1,-1,-2,-2,0,0
117.668896,-1,7,0,-1,1,0,0,2,0
117.668901,-1,3,1,-2,-1,-1,-1,0,0
117.668903,0,-15,-16,-8,-5,-2,0,0,0
117.690114,0,11,-8,3,-1,-1,-1,-2,0
117.690135,2,6,18,3,2,1,1,1,0
117.691310,0,3,-4,-1,-1,-2,-2,-2,0
117.691318,-1,-3,-1,3,0,0,0,0,0
117.713886,-2,-11,-7,-3,-1,-2,-1,-1,0
117.713893,-1,-9,-12,-5,-5,-2,-2,-2,0
117.713895,0,3,3,0,-2,0,0,-1,0
117.713896,1,1,-3,-2,0,-1,0,0,0
117.727241,0,4,3,2,0,1,-1,-1,0
117.727262,0,-11,-2,5,0,-2,-2,-1,0
117.730245,-1,0,6,1,-1,-1,-1,-1,0
117.730252,0,-13,-8,-1,-2,0,-2,0,0
117.750033,-2,13,14,-1,-1,-1,-1,-2,0
117.750052,-2,-2,0,0,-3,-2,-2,-1,0
117.752063,-1,5,-3,1,-2,-2,0,0,0
117.752068,-1,4,-1,-2,-2,-2,0,-2,0
117.772173,-3,-12,-3,-3,0,0,0,-2,0
117.772191,2,5,-2,-5,0,0,-1,-2,0
117.773498,-2,-4,-2,3,-2,-1,-2,-1,0
117.773503,-1,6,-2,1,2,-1,0,0,0
117.787212,-1,-10,-4,-3,-4,-1,-1,-1,0
117.787238,-2,1,-3,-3,0,0,0,0,0
117.789230,-3,3,13,-6,0,-1,-1,-2,0
117.789237,2,12,-3,3,1,0,0,-1,0
117.809837,-1,-24,0,-1,-3,-1,-1,1,0
117.809947,-2,-4,-7,-4,0,0,1,-1,0
117.810576,0,-7,-3,1,-1,-1,-2,0,0
117.810594,-2,9,2,0,0,-1,-1,-1,0
117.833313,2,0,0,-3,-2,-1,-1,-1,0
117.833335,-1,10,6,0,-1,-1,-1,-1,0
117.835683,-1,2,-7,-1,0,0,0,0,0
117.835691,-3,2,5,-1,-3,-1,-1,0,0
117.855359,-3,-7,-10,-1,-1,-1,-1,0,0
117.855378,0,-10,-18,-9,-4,-4,-3,0,0
117.856134,0,4,13,3,3,-1,-2,-2,0
117.856152,-3,-8,-6,-1,-2,-1,0,0,0
117.870360,-2,1,6,-4,2,-2,-2,-1,0
117.870367,-2,2,-4,0,-1,-1,0,-2,0
117.870486,0,0,-8,-2,-2,1,-1,0,0
117.870494,-2,-7,-5,-5,-1,0,-1,-1,0
117.892135,0,13,-1,4,-1,-1,0,0,0
117.892153,0,-19,-4,-9,0,-1,-2,-2,0
117.893661,-1,0,-3,0,1,-1,1,0,0
117.893667,0,-7,9,5,0,0,-2,-2,0
117.906452,-2,1,-6,-3,-2,-1,-1,-2,0
117.907373,-2,3,2,2,0,-1,-2,-1,0
117.916141,0,-1,0,1,2,0,0,-1,0
117.916150,0,-3,-2,-3,-2,0,-2,0,0
117.932351,0,3,1,-3,-2,0,0,0,0
117.932357,-1,-7,-9,-2,-1,-2,0,-2,0
117.932359,-2,-2,-1,-4,-2,-1,-1,-1,0
117.932361,1,8,14,4,2,0,-1,1,0
117.952372,0,-7,-5,2,0,-3,-1,-1,0
117.952421,0,5,6,2,-3,0,-1,-2,0
117.954632,-1,-2,-4,-3,-2,-2,-1,-3,0
117.954641,-1,-1,-5,-5,-3,-4,-1,-2,0
117.967234,-1,-1,-4,-6,-1,-2,0,-1,0
117.967254,0,-3,-3,-1,-1,-1,-3,-1,0
117.974661,0,5,7,2,0,0,-1,-2,0
117.974683,0,-2,-2,-3,-1,-2,-2,-1,0
117.989754,-2,-3,-3,2,1,0,-1,0,0
117.989769,-1,4,2,0,-2,0,0,-1,0
117.992081,-1,-2,-9,-5,-3,-4,-1,-2,0
117.992086,1,-2,6,-3,-1,0,0,-2,0
118.011938,-1,-1,0,5,-3,-2,0,-1,0
118.011970,2,4,-1,4,2,0,0,-1,0
118.019761,-1,-2,1,1,2,0,0,0,0
118.019780,-1,-2,-10,-2,-3,-2,-2,-2,0
118.026388,-1,-4,2,-8,-1,0,-1,-2,0
118.026410,-1,4,8,3,0,0,-1,-1,0
118.034702,-3,-2,0,5,1,0,0,0,0
118.034722,0,0,-3,2,0,1,-1,0,0
118.049545,-2,-3,-2,2,1,1,-1,-1,0
118.049567,-1,-15,-18,-6,-4,-1,-3,-1,0
118.051593,0,24,16,-8,-1,1,0,-1,0
118.051597,-2,-2,-5,3,-2,-2,-1,-2,0
118.072207,-1,-15,7,-1,-1,-1,0,-1,0
118.072216,-2,-5,-3,-2,0,-2,0,0,0
118.072723,-1,-6,-5,-2,-1,-3,-2,-1,0
118.072738,-1,3,-8,-4,-1,0,-1,-1,0
118.087674,2,9,14,-1,-1,-1,-1,-3,0
118.087679,-3,0,6,7,2,-2,0,0,0
118.094957,0,-2,-3,0,0,0,-1,0,0
118.095012,-1,0,4,-7,-3,-1,-2,2,0
118.109661,-3,-3,-5,1,-2,-1,-1,-2,0
118.109751,-1,2,1,2,-2,-1,0,-1,0
118.112355,0,-3,-4,-2,4,0,-2,-1,0
118.112362,-5,-3,-2,-2,-1,-1,-1,-1,0
118.134592,0,1,-4,-4,-1,1,-1,-1,0
118.134598,1,-6,-3,-7,-3,0,2,-3,0
118.134600,0,26,11,2,0,-1,1,0,0
118.134602,0,-12,4,6,1,-2,-1,-1,0
118.146783,-3,-16,-9,-5,-1,-2,-3,1,0
118.146808,-1,8,7,2,2,-1,0,-2,0
118.154957,-2,-12,-5,-1,-3,0,0,-2,0
118.154984,0,0,-7,-4,0,1,-1,-1,0
118.169706,-1,13,4,2,-1,-1,0,-1,0
118.169732,0,-5,-13,-7,-1,-1,-3,1,0
118.171257,0,-5,2,-7,-1,-2,-1,2,0
118.171261,-2,1,5,9,-1,-1,-1,-2,0
118.192119,0,-1,-2,3,0,0,0,0,0
118.192139,0,0,1,-4,0,0,-1,0,0
118.193595,-2,-4,-10,-4,-2,-1,-1,-1,0
118.193600,-2,-1,-1,-4,-1,0,-1,-1,0
118.206444,1,2,2,1,-1,-1,-2,-1,0
118.206466,-2,-2,1,1,-1,0,0,-2,0
118.214840,-1,-6,-10,3,-2,0,1,0,0
118.214907,1,1,0,-9,-3,-1,-2,-3,0
118.229533,-1,1,5,1,0,0,0,0,0
118.229548,-1,3,-2,0,0,-1,-2,0,0
118.230271,-2,16,-6,-5,0,-2,-2,-1,0
118.230285,-2,-33,-5,-2,-1,-1,-1,0,0
118.252735,-1,7,6,2,0,-1,0,-1,0
118.252765,-2,-3,0,-7,-1,-1,-2,-2,0
118.255306,-1,-7,0,9,-2,-2,-1,0,0
118.255315,-1,13,-7,-5,-2,-2,-1,-3,0
118.275594,-2,2,-4,-2,1,-1,-1,-2,0
118.275600,-2,0,0,1,-1,0,0,1,0
118.275881,-1,-5,-3,-5,-1,-2,-1,-1,0
118.275894,1,4,-1,0,-2,-2,-1,-1,0
118.290746,0,-8,-7,1,0,0,-1,-2,0
118.290752,0,7,4,-2,2,0,-2,-1,0
118.290754,-1,-13,-6,-5,-1,-2,-1,0,0
118.290755,-1,5,-4,1,1,0,-1,1,0
118.312144,-2,1,0,-9,-5,-2,-1,0,0
118.312230,-2,11,5,3,-2,-2,-2,-1,0
118.313126,-1,-20,-1,13,5,1,0,0,0
118.313130,1,1,3,0,-1,0,2,0,0
118.337728,-1,-4,-6,-7,-2,-2,0,0,0
118.337736,0,-3,-2,-3,-4,-1,-2,-2,0
118.337738,-1,-4,-2,0,-3,0,-1,-1,0
118.337740,-1,10,1,5,0,0,-2,0,0
118.349743,-2,-1,-4,-2,-2,-1,-2,1,0
118.349765,-1,-5,-4,0,1,-1,1,0,0
118.350821,1,4,2,-4,-1,0,-1,-2,0
118.350832,-1,2,2,-2,-2,-1,0,1,0
118.372060,-3,-7,-4,2,-3,0,-3,-1,0
118.372076,-1,-10,-6,2,1,-1,1,0,0
118.372738,-1,12,2,-3,-3,-2,-1,0,0
118.372749,0,-2,6,-2,1,0,-1,-3,0
118.395588,0,3,4,-1,-1,-2,-2,-1,0
118.395608,-1,-1,4,-1,-4,0,0,-1,0
118.398052,-1,-10,-4,-4,-4,-1,-2,-2,0
118.398057,0,3,3,3,0,1,-1,0,0
118.410054,0,2,-3,0,2,0,1,0,0
118.410076,-3,-1,-2,1,0,0,-2,-1,0
118.412054,0,5,2,0,-2,-1,-1,0,0
118.412058,-2,-12,-5,-5,-6,-1,-1,-2,0
118.431729,-2,-12,-3,-10,-4,0,0,0,0
118.431756,1,3,-7,11,0,-1,-2,-1,0
118.439776,0,2,8,-1,3,-1,0,0,0
118.439792,-1,4,-1,2,1,-2,1,0,0
118.455388,1,6,2,5,1,0,1,-2,0
118.455406,-1,-6,-4,-8,-4,-1,-2,-1,0
118.456933,-1,-7,-7,-6,-2,-2,1,-2,0
118.456937,0,-1,-10,-3,0,-2,-1,-1,0
118.469781,-1,2,-1,-3,-1,-3,-1,-2,0
118.469811,-1,6,4,-1,1,-1,-1,-1,0
118.471846,0,-11,10,7,-1,-1,-1,1,0
118.471853,0,1,3,-3,0,-1,0,1,0
118.494130,-1,-5,-8,-1,0,-1,-1,0,0
118.494135,-1,-1,-1,-5,-2,0,-3,-2,0
118.494137,-1,2,-7,0,-1,-1,-1,-3,0
118.494139,-2,-4,-5,-3,0,-2,0,-2,0
118.515120,1,-1,1,4,-3,-1,-2,-2,0
118.515138,0,19,5,0,1,-2,-1,-2,0
118.516454,-3,-21,-5,-5,0,-2,-2,-2,0
118.516458,-2,4,11,0,1,1,0,-2,0
118.529608,-2,0,-5,4,2,0,0,0,0
118.529631,-1,-8,-4,-3,-2,0,0,1,0
118.531078,-2,1,-5,-3,-3,-2,-1,0,0
118.531082,1,7,-6,-2,-2,-1,-1,-1,0
118.552313,0,1,2,-1,-1,0,-2,0,0
118.552342,0,-2,1,1,0,-1,0,-1,0
118.554883,-3,-3,-3,3,2,0,-1,-1,0
118.554888,-2,-5,-5,-2,-2,-1,-2,0,0
118.575488,-1,1,-2,-2,-1,-1,0,0,0
118.575507,0,-6,2,0,-2,1,0,0,0
118.576287,-1,6,-1,-5,0,1,0,-3,0
118.576303,-1,0,5,-1,1,-1,-3,-1,0
118.589773,0,17,-1,0,-1,-2,-1,-2,0
118.589833,-3,-26,-14,-4,0,-2,0,-1,0
118.590326,-1,-4,5,1,-1,2,-1,0,0
118.590366,-1,0,-1,0,-1,-2,-2,1,0
118.612150,0,-8,0,-3,0,-1,-2,-1,0
118.612172,0,10,2,-2,0,-1,0,-1,0
118.613307,0,-5,-8,-4,-3,-2,1,0,0
118.613319,-1,9,5,2,0,-3,-1,-1,0
118.635499,-3,-1,-1,2,-3,1,1,-2,0
118.635528,-1,1,6,0,2,0,0,-1,0
118.636301,0,-1,-3,-5,2,-1,-3,-1,0
118.636316,-1,-7,5,-7,-1,0,-1,-1,0
118.649694,1,-6,-6,6,-2,-2,0,-1,0
118.649706,-1,6,5,2,-1,-1,-1,-2,0
118.650313,-1,-2,-5,-1,-2,0,-2,-2,0
118.650377,-3,-3,-5,4,2,-1,-2,-1,0
118.672245,0,-2,0,-7,1,-1,-3,-1,0
118.672267,-1,-6,-3,-2,-4,-2,0,0,0
118.674590,1,28,8,1,-1,-2,-1,-3,0
118.674596,-1,-21,-10,3,-2,0,0,0,0
118.695873,-3,-13,-9,-5,-3,0,0,-1,0
118.695892,-1,3,10,-1,-1,-1,0,0,0
118.696511,-1,-4,2,-2,4,-1,-2,-1,0
118.696574,1,18,7,1,-4,-3,-1,-1,0
118.710288,-1,0,-7,-3,0,-1,-1,0,0
118.710298,-2,1,5,-2,-1,-1,-1,-1,0
118.710391,0,-6,-6,-4,-2,-1,0,-1,0
118.710557,-1,-3,2,5,0,1,-2,-2,0
118.732224,-1,4,7,1,1,-1,0,-1,0
118.732263,-1,2,-9,-8,-2,-2,0,0,0
118.734118,-1,-7,-1,-2,-3,-2,0,-1,0
118.734127,-2,-2,-1,4,1,0,0,1,0
118.755218,0,1,3,-9,0,-1,-1,-1,0
118.755224,-2,-5,-1,9,0,-1,-1,-1,0
118.755947,0,1,-1,-4,-5,-2,-2,-1,0
118.755953,-1,-3,-8,-4,-2,0,0,0,0
118.770898,0,3,1,-1,-1,-1,0,0,0
118.770904,0,2,-4,-6,-1,0,-2,-2,0
118.770906,0,-28,-3,1,1,0,0,-1,0
118.770908,1,16,10,-1,2,2,0,0,0
118.792209,0,-5,-2,0,0,-2,0,-1,0
118.793762,0,8,3,0,0,-2,-2,-2,0
118.801279,-1,8,4,1,-1,-1,-1,0,0
118.801288,-2,-13,-7,-6,-3,-2,-3,-3,0
118.818035,1,2,-1,-1,-2,0,-1,0,0
118.818086,-2,-4,-4,-8,-3,-1,-1,1,0
118.818089,-2,4,2,2,4,1,0,-1,0
118.818090,-1,0,0,4,-1,-2,-1,-3,0
118.829342,-2,2,5,2,0,0,-3,-2,0
118.829374,-3,-1,-6,-5,-2,-1,-2,-1,0
118.837147,0,9,3,4,-3,-1,-3,0,0
118.837172,-1,-12,-8,-7,-3,-2,-1,0,0
118.852197,-2,-4,8,3,-2,-1,-2,-1,0
118.852226,2,-4,-7,-1,-1,-2,-1,-2,0
118.853982,-3,1,5,-3,-2,0,0,1,0
118.853987,1,3,-5,-1,0,0,0,0,0
118.875387,-2,-2,0,-1,-1,-2,-2,-3,0
118.875406,0,-6,2,2,2,1,0,0,0
118.877211,0,3,-8,-2,-2,-2,-3,-1,0
118.877218,0,0,-5,-3,-3,-2,-2,-1,0
118.889145,-1,-5,-5,-2,-1,0,-1,1,0
118.889166,-1,6,9,5,0,0,0,0,0
118.897611,-4,-4,-6,-7,-1,0,-1,0,0
118.897639,-2,-3,3,5,0,1,0,0,0
118.912046,0,0,-2,2,2,-2,-3,-1,0
118.912068,-1,-2,-4,-3,-1,0,0,-2,0
118.912731,1,-2,1,3,-3,-2,0,1,0
118.912744,-2,-4,-2,-8,-3,-2,-1,0,0
118.935986,-2,-3,-10,-3,-2,-2,0,-1,0
118.937923,1,14,6,4,1,0,1,0,0
118.937930,-1,-11,-6,2,-1,-1,-2,-2,0
118.937933,-3,-3,1,-3,-2,-2,-2,-1,0
118.949217,-1,-2,-2,4,-1,-1,-1,0,0
118.949249,-1,-6,-3,-2,-1,-1,-1,-1,0
118.957139,0,1,-8,-3,0,0,-1,-1,0
118.957160,1,3,-4,-3,-2,-1,0,-2,0
118.972134,-2,-3,-2,-2,-2,0,1,0,0
118.972154,-2,-1,9,2,5,0,-2,-2,0
118.972907,0,4,1,0,-3,-1,0,-1,0
118.972926,0,-4,-3,-3,1,-2,-1,0,0
118.995447,-1,3,10,6,2,-2,0,-3,0
118.995476,0,-4,-7,-3,-4,-3,-3,-1,0
118.998084,-1,-1,-2,-1,-1,-1,0,-1,0
118.998088,-1,1,2,-2,1,0,-2,-1,0
119.009098,0,1,-4,-6,-3,1,1,0,0
119.009121,-2,-4,4,2,-1,1,-2,-1,0
119.016968,-1,-1,4,-4,-1,0,-1,-1,0
119.016989,-1,3,-10,-6,-2,-1,-1,-2,0
119.033608,1,1,5,2,-1,1,-1,1,0
119.033614,-3,-8,0,-2,-2,-1,0,0,0
119.033616,2,-6,-3,-4,-3,0,-1,-1,0
119.033618,-2,3,-2,-4,1,0,0,0,0
119.055448,-2,-3,-7,2,2,0,-1,-1,0
119.055467,-3,3,-1,-3,-2,-2,-2,0,0
119.057490,0,0,1,1,0,-2,0,-2,0
119.057494,0,-3,-2,-6,-1,-1,-1,-2,0
119.068939,0,3,6,2,-1,-3,-1,-1,0
119.068968,1,-3,-4,3,0,0,0,0,0
119.084867,-1,1,-7,0,-1,-2,-1,-2,0
119.084905,0,-3,2,1,-1,0,-1,-1,0
119.092634,0,-2,2,-6,0,-1,-1,-1,0
119.092655,-1,-8,-6,-1,-1,-1,0,-1,0
119.095035,0,15,8,-2,-2,0,-1,2,0
119.095041,0,-6,-2,1,-2,-2,0,-1,0
119.115590,-1,25,1,-5,-2,-2,-4,-2,0
119.115614,-3,-26,-3,-1,1,-2,-1,0,0
119.116321,-2,2,-5,-4,1,-2,-2,-1,0
119.116340,-2,-9,15,9,1,0,0,-1,0
119.128975,2,-8,-9,-1,-2,-1,1,0,0
119.128993,2,9,2,-3,-2,-2,-1,-1,0
119.137291,-2,1,1,-6,-1,-1,-1,0,0
119.138631,-1,3,-2,2,-1,-2,-2,-2,0
119.152459,-1,-8,-4,-2,-1,0,0,1,0
119.152488,-3,4,-7,-5,-2,-1,0,-2,0
119.154295,1,-4,3,8,3,-2,0,-2,0
119.154304,2,0,-9,-4,-1,0,-1,2,0
119.175302,-3,-5,2,-2,-1,0,-2,-3,0
119.175322,0,3,-4,-3,-2,-2,-2,-1,0
119.175990,-1,-5,-6,-4,-3,-1,0,-1,0
119.176062,-1,8,7,1,-2,0,-1,-1,0
119.197964,-2,-6,-1,-1,1,-1,0,0,0
119.197992,-1,17,-7,-6,-5,-3,-1,-3,0
119.200663,-4,-9,14,3,1,0,-2,-2,0
119.200667,-2,-18,-7,3,0,-1,-2,1,0
119.212069,-2,-2,-2,-4,-2,1,-2,-1,0
119.212085,2,-1,6,2,0,0,0,0,0
119.213083,0,8,-4,1,-1,0,-1,0,0
119.213087,-1,4,-2,-6,-1,0,1,-1,0
119.235846,0,-3,-5,5,-2,-2,-2,-1,0
119.235854,0,1,2,2,0,0,-2,-1,0
119.236183,0,-3,2,-7,-1,-1,1,-1,0
119.236219,-4,-2,-8,7,-2,-1,-2,-3,0
119.256940,0,1,-3,-5,-1,-2,-1,-2,0
119.256957,-1,-3,-2,0,1,-1,-2,-1,0
119.267991,-4,-1,1,-1,-1,-1,-1,-1,0
119.268012,-1,-5,-3,-6,-2,-1,-1,0,0
119.272076,1,-3,-5,-3,-1,0,0,-1,0
119.272101,-3,0,5,3,1,1,0,0,0
119.272847,0,-6,-4,-1,0,-2,-2,-1,0
119.272855,1,4,-2,0,0,0,-1,-2,0
119.297110,0,5,1,-3,-3,0,-1,1,0
119.297116,0,4,2,-6,-3,0,0,-2,0
119.297118,-1,9,-6,0,2,0,-2,-1,0
119.297120,-3,-21,0,-1,-3,-1,0,-1,0
119.317598,-1,-3,9,4,0,-2,1,0,0
119.317678,-1,-17,-14,-6,-3,-2,-1,-2,0
119.318922,-1,22,19,5,1,0,-2,-1,0
119.318928,-1,10,-5,-1,-2,-1,0,-1,0
119.332377,-3,-4,-1,-4,-2,0,0,-2,0
119.332399,-1,2,-6,-6,0,-1,-1,-1,0
119.334173,-1,-9,-10,4,-1,-2,1,-2,0
119.334181,0,0,3,-2,1,-1,0,-1,0
119.355273,-1,-1,0,-4,-2,-1,-2,-1,0
119.355292,0,-2,0,1,0,0,0,-2,0
119.357574,-2,-8,-9,-3,-3,-1,-2,0,0
119.357579,-1,1,3,-1,-1,-1,0,-1,0
119.377827,0,0,-5,1,0,-1,-3,-2,0
119.377849,-1,5,6,-2,1,-2,-2,1,0
119.378560,1,-11,-10,1,-3,-3,0,0,0
119.378582,-3,-14,-2,-1,1,-1,0,-2,0
119.392207,-1,3,3,-3,-2,-2,-2,-1,0
119.392229,-1,-13,-10,-5,-2,0,-1,-1,0
119.392867,-1,17,-1,-4,1,2,1,-1,0
119.392884,1,9,1,-2,-1,-1,0,0,0
119.416518,-1,-4,0,3,-3,-3,-2,-1,0
119.416549,0,1,2,6,1,0,0,0,0
119.416552,1,-8,-10,-3,-3,-1,0,0,0
119.417613,0,0,2,-3,-2,-1,0,-2,0
119.437875,-3,-2,0,-1,-1,0,-1,-1,0
119.437902,-1,-1,-10,-1,0,0,2,-1,0
119.438694,-3,-6,6,-2,-2,0,-1,-1,0
119.438714,0,8,-5,2,-1,-3,-2,-1,0
119.452060,-1,-4,5,-3,3,2,1,0,0
119.452071,0,1,7,9,1,-1,-2,-2,0
119.452868,0,-5,-2,0,0,-1,-2,-2,0
119.452890,-1,4,0,-1,-2,-2,-1,1,0
119.475221,-2,-6,-3,-3,-2,0,0,-1,0
119.475243,-2,-9,-9,-3,-2,-1,-1,0,0
119.476511,0,4,7,-2,-1,-2,0,-2,0
119.476529,-2,9,-1,-3,-6,-1,-1,-3,0
119.497899,-1,6,3,6,3,-2,0,1,0
119.499690,-3,-5,7,4,2,1,-1,1,0
119.499700,-1,-1,-6,-3,-1,-1,-1,0,0
119.499704,0,-5,-1,1,0,-1,-3,1,0
119.512270,-1,-5,-6,-2,-3,-1,-1,-3,0
119.512291,-1,1,-3,-2,-1,-1,-1,-1,0
119.513300,-2,-5,-5,-3,-1,0,0,-1,0
119.513306,1,0,1,-1,-1,-1,0,-1,0
119.535887,-2,-3,-2,-10,0,-1,-1,-1,0
119.535963,-2,4,1,8,0,-1,0,-1,0
119.536519,0,-1,-6,-1,-1,0,0,-1,0
119.536597,0,6,-1,-1,1,1,-1,-2,0
119.557862,-2,-14,1,1,-1,-1,-3,-1,0
119.559616,0,2,0,-3,-1,-3,-1,0,0
119.559625,-2,5,-2,2,2,-1,0,0,0
119.559630,-1,-5,7,4,0,-1,-2,0,0
119.571331,0,2,-6,-8,-3,-1,-1,-1,0
119.571353,-1,1,0,1,-1,-1,-2,-1,0
119.582292,-2,0,4,-1,-2,-3,-1,-1,0
119.582298,-2,-6,-5,-2,-2,-2,0,-2,0
119.594929,-1,4,11,4,0,-1,0,-2,0
119.594935,0,-4,0,-4,-2,-2,-2,-1,0
119.601810,-2,-2,-1,0,-1,-1,0,-2,0
119.601834,-1,-4,-7,-5,0,0,-1,0,0
119.618426,-2,-1,-2,-1,-2,0,0,1,0
119.618447,-1,-2,-1,-4,1,1,-1,-3,0
119.620583,-1,-6,-3,4,-1,0,-3,-1,0
119.620589,0,7,2,-2,1,-1,-3,-4,0
119.631692,0,-9,-5,2,0,-2,-1,-1,0
119.631721,1,-10,-1,-4,-1,0,-1,-2,0
119.640308,-2,9,6,-2,1,-1,-1,0,0
119.640415,-2,-1,-1,-1,-3,-2,-1,1,0
119.656649,1,18,-3,3,-2,-1,1,0,0
119.656656,-3,-18,-7,-6,-3,-2,0,-1,0
119.656806,-1,-1,10,-1,-2,-1,-2,-1,0
119.656812,-1,-3,-5,5,3,2,1,-1,0
119.677734,-1,0,5,2,0,0,-2,-2,0
119.677750,-1,5,-6,-1,-3,-1,-2,1,0
119.680012,-1,-7,-12,-7,-3,0,-1,0,0
119.680016,-1,-3,6,-1,-2,-1,-2,0,0
119.691846,-1,-2,-7,-6,-2,1,-1,1,0
119.691874,0,6,-2,1,0,-2,-1,-2,0
119.703023,0,0,10,6,1,1,0,-2,0
119.703029,1,-2,-4,-3,0,-1,0,-1,0
119.715804,-4,-13,-6,5,1,0,-1,-1,0
119.715832,-1,22,11,-5,-1,-2,-1,-1,0
119.718133,-2,-12,-4,-4,-1,-1,-2,-1,0
119.718143,-3,0,-1,0,-1,-1,-1,-1,0
119.737814,-1,-1,-1,-4,-3,-1,-2,-2,0
119.737837,-1,20,1,0,0,-2,0,-2,0
119.739452,-3,-26,-11,-1,-1,0,-2,-1,0
119.739468,-2,0,10,0,0,-2,-1,0,0
119.751801,-1,2,-4,3,1,0,-1,0,0
119.751827,-1,0,-1,-3,-1,1,0,0,0
119.762659,0,6,-4,1,-2,-2,-1,-1,0
119.762673,0,-7,-5,-2,-2,-1,0,-1,0
119.775807,-1,3,-1,-3,0,-1,-3,-2,0
119.775835,0,-6,-1,1,-2,1,-1,-2,0
119.778104,-1,-1,0,-6,-2,-2,1,-1,0
119.778110,0,-9,-6,4,-1,-3,0,-2,0
119.798124,-2,13,11,4,-1,-2,0,-2,0
119.798150,-1,-7,0,0,-1,-1,-1,0,0
119.800743,1,14,-3,-3,-1,-1,0,0,0
119.800747,-1,-11,1,-3,-1,-1,-1,-2,0
119.811284,-2,-6,-4,1,0,1,-1,0,0
119.811342,0,-9,-4,-1,-2,-4,0,-1,0
119.821943,-1,8,11,2,3,1,0,0,0
119.821950,-3,3,-4,-7,-1,0,-1,-1,0
119.835743,1,-2,-2,-2,0,-1,0,0,0
119.835773,1,-7,-3,1,-1,0,-1,0,0
119.838117,0,13,-6,-4,-2,-2,0,-2,0
119.838125,-3,-10,0,1,-1,1,-1,-2,0
119.857846,1,-5,-3,-6,-4,-3,-1,-1,0
119.857869,-3,3,0,-3,-1,-1,-1,-1,0
119.859266,0,-11,0,0,3,0,-1,0,0
119.859286,0,7,-3,1,-4,-1,-1,0,0
119.880380,-1,2,-6,-5,-4,-2,-1,-1,0
119.880402,-2,-8,-1,2,1,-1,-3,-2,0
119.882815,0,-1,-2,-1,-1,-1,-1,1,0
119.882819,0,5,1,-1,1,0,-1,0,0
119.895295,2,-1,-9,-2,0,1,-2,-3,0
119.895312,-4,2,17,6,0,-1,0,-1,0
119.896724,-2,-6,-9,-4,-2,-2,-1,-1,0
119.896757,-1,1,6,1,1,0,0,0,0
119.919670,0,-4,-4,0,0,-1,-2,1,0
119.919674,-2,-3,-13,-6,-3,-2,-2,-2,0
119.919677,0,5,12,4,-2,0,0,0,0
119.919678,0,-5,-6,-3,-1,-1,0,0,0
119.931875,-1,20,5,2,1,0,-2,-2,0
119.931909,-3,-19,-9,-3,1,0,-1,0,0
119.941354,-1,-6,-4,1,-1,-1,-2,-2,0
119.941359,1,2,-6,-1,-1,-2,-1,-2,0
119.955614,-1,-1,1,-1,-2,-1,2,0,0
119.955630,-2,0,0,1,-2,0,0,-1,0
119.956979,-3,1,-4,-6,-2,-1,-2,-1,0
119.958202,0,6,4,-2,-2,0,-2,-1,0
119.977748,-2,-5,8,6,3,-1,-1,0,0
119.977785,1,2,-3,-3,-2,-2,-2,-1,0
119.979107,2,4,-5,-3,-2,-2,-1,-1,0
119.979202,-4,-11,8,2,-2,-2,-3,-2,0
119.991445,-1,-7,-7,-2,-2,0,-3,-1,0
119.991460,1,-4,-2,-2,-2,-1,0,-1,0
120.002536,1,2,-16,1,-2,-3,-2,-1,0
120.002543,0,5,4,2,0,-1,-1,0,0
120.016164,-2,-5,-1,-6,-3,-1,0,-1,0
120.016187,-1,2,4,6,0,0,-1,-1,0
120.016951,-2,2,-4,-9,-1,-2,-2,-1,0
120.016963,-1,-1,-7,4,-1,-1,-1,-1,0
120.038110,-2,-6,0,1,-4,-2,-1,-1,0
120.040477,1,11,3,-3,-1,0,0,-1,0
120.040486,-3,-8,5,2,-1,2,-1,-2,0
120.040488,0,1,-6,-6,-1,0,-1,0,0
120.051785,-3,-8,-5,-3,-1,-1,-1,-1,0
120.051814,0,9,0,-1,1,-2,-1,-1,0
120.060483,-3,-8,6,2,1,0,0,-1,0
120.063106,-1,-8,-7,-2,0,0,-1,-2,0
120.075306,0,2,-6,-4,-1,0,-1,1,0
120.075326,-1,-1,0,-4,-1,-1,0,-1,0
120.076880,-1,-2,0,2,-2,-3,-2,-2,0
120.076896,-1,7,7,-3,-1,1,-1,-1,0
120.098165,0,1,3,7,1,0,-1,1,0
120.098193,1,19,-8,-3,0,-1,-1,0,0
120.099700,-3,-24,2,2,0,0,-2,-1,0
120.099704,0,1,6,1,-3,-3,-1,-2,0
120.128196,0,-13,-11,-7,-1,-2,-2,-1,0
120.128216,-2,10,13,4,-1,1,-1,0,0
120.135961,0,2,-11,-4,-3,-1,-1,0,0
120.135980,-1,0,-4,-5,-1,-1,0,-1,0
120.137843,0,6,4,2,2,1,1,-2,0
120.137850,-3,-18,-10,-3,-2,-1,1,-3,0
120.138272,-2,3,6,1,0,0,1,0,0
120.138284,-2,0,-3,-2,0,0,-1,0,0
120.165252,-1,0,2,-3,-5,-2,-3,-1,0
120.165276,-1,-5,1,0,-1,-1,-1,0,0
120.166669,0,4,2,0,0,-1,0,0,0
120.166682,0,-5,-7,-2,-1,-2,-1,-1,0
120.182120,-1,3,-2,-5,-2,0,-1,0,0
120.182126,-1,-4,2,4,0,-1,-1,0,0
120.182128,-3,-1,-2,-1,1,-2,1,-2,0
120.182130,0,7,2,10,1,1,-2,-1,0
120.197272,-4,-5,5,0,2,-1,1,-1,0
120.197278,0,-7,-10,-5,-3,0,-1,-1,0
120.197281,1,3,5,0,-1,-1,-2,-1,0
120.197282,-1,-8,-14,-10,-1,0,-2,0,0
120.218390,-1,7,9,1,-1,-1,-1,-1,0
120.218419,-1,-8,3,2,2,0,0,-1,0
120.220918,-2,-9,-2,0,0,0,-1,-1,0
120.220928,0,9,0,1,-2,-3,-1,-1,0
120.240471,-1,-18,-15,-6,0,-1,0,-2,0
120.243197,0,14,2,0,-2,-2,-2,0,0
120.243202,0,3,-1,-1,0,-1,-1,-1,0
120.243204,-1,-2,2,-1,-2,-1,0,-1,0
120.255436,-1,-2,-4,-1,-1,-3,-1,-1,0
120.255462,-2,-4,-3,-3,-3,-1,0,-2,0
120.257233,-1,5,1,1,2,0,0,0,0
120.257239,-2,-10,1,6,-3,-1,-1,1,0
122.279905,23,47,3,5,2,8,5,17,2
122.280404,44,-7,2,-1,2,-7,-7,3,2
122.287777,-47,-30,4,6,-13,18,-2,-6,2
122.287783,35,92,-20,-11,7,-26,12,-21,2
122.304255,-16,37,2,1,4,18,-1,1,2
122.304261,11,-73,-21,-7,-3,-14,-12,5,2
122.309143,-32,73,8,0,-1,16,36,-13,2
122.309166,-65,-59,-2,0,-5,-9,-8,-2,2
122.325336,-1,53,-5,-1,-4,-10,-4,-37,2
122.325408,74,6,14,0,1,6,3,16,2
122.327095,-16,36,-2,-4,3,7,-9,8,2
122.327104,5,-40,-1,2,-5,-11,-5,22,2
122.339868,5,13,16,-1,0,-3,4,-23,2
122.339956,65,100,18,12,-5,8,1,4,2
122.346676,-58,-114,-19,-15,1,4,7,-16,2
122.346694,1,87,-14,-6,-5,2,-20,24,2
122.363309,24,-51,1,3,-3,4,-12,-51,2
122.365670,-17,1,-12,-6,3,45,0,-6,2
122.365676,30,5,-4,1,0,14,21,1,2
122.365678,41,24,7,1,0,2,6,-2,2
122.385316,-22,-18,-4,-4,-3,8,-9,37,2
122.385341,1,-7,9,3,2,-9,18,-2,2
122.387873,-9,16,-1,0,-13,2,-4,8,2
122.387878,-27,-46,0,-4,23,0,0,-10,2
122.399703,32,-2,0,3,-1,1,-7,1,2
122.399722,-11,10,-6,-3,-5,-20,0,-14,2
122.413886,25,88,16,3,2,5,-3,33,2
122.413900,-73,-79,8,2,-5,-51,1,-34,2
122.423109,-46,5,-30,-8,1,1,-44,4,2
122.423127,-55,-120,-35,-18,-4,-12,-20,-101,2
122.425190,48,98,-1,9,10,5,16,39,2
122.425198,-1,-63,3,1,-11,4,-15,-46,2
122.445121,9,100,7,-2,1,1,12,14,2
122.445134,-16,-47,6,4,-5,-16,-2,22,2
122.446748,50,23,1,-2,-1,5,-18,-13,2
122.446825,-1,20,0,-2,0,1,6,23,2
122.459715,58,-41,-2,-3,-5,-3,14,3,2
122.459789,1,75,1,0,3,-4,-3,10,2
122.466350,-18,-67,-3,-2,3,-8,-12,-13,2
122.468885,48,43,3,3,-7,-18,-5,21,2
122.482890,-31,-26,3,0,9,52,4,-18,2
122.482913,72,-5,13,4,-10,23,6,29,2
122.484448,-101,-105,-18,-7,-1,-20,-16,-29,2
122.484456,87,-65,-13,-3,-2,33,1,-29,2
122.505772,24,64,-3,1,-2,11,19,34,2
122.505785,10,13,0,-5,-4,-23,-33,-10,2
122.506737,-2,-79,2,8,4,12,-4,3,2
122.506763,14,1,1,-4,-13,-4,-5,4,2
122.521512,2,5,-16,-4,2,-25,14,3,2
122.521521,-32,112,18,6,7,13,9,16,2
122.530334,37,-83,-10,-7,-5,-15,1,-12,2
122.530340,-41,127,1,-1,4,7,0,4,2
122.542896,-2,23,-1,-5,-8,-5,-18,-22,2
122.542921,-59,2,-17,-7,-4,-17,29,17,2
122.544454,4,-16,-6,-2,1,5,-10,16,2
122.544463,-45,50,1,0,-5,-3,-9,-24,2
122.567470,-26,10,2,3,-1,-9,1,-25,2
122.567475,15,59,4,1,-4,-2,-2,33,2
122.567477,29,-23,7,1,-13,-15,-9,-23,2
122.567479,-19,-12,-3,3,2,22,13,15,2
122.578914,-3,12,11,2,3,-12,14,4,2
122.578936,-2,-17,-6,-2,8,-3,-23,12,2
122.589254,17,103,8,9,-7,9,2,-54,2
122.589263,25,41,1,-4,1,-15,-5,28,2
122.602848,24,-76,-8,-4,-2,3,-7,-25,2
122.602868,-87,90,13,2,-3,9,19,10,2
122.605016,-86,-73,-26,-10,-1,-8,-17,-22,2
122.605021,36,107,0,-2,4,63,-5,8,2
122.625355,4,-115,-6,1,-2,-52,4,5,2
122.625373,-19,-30,13,-1,-4,5,-5,3,2
122.626871,10,127,7,-3,6,-2,2,27,2
122.626896,12,-127,-5,1,4,-28,1,-4,2
122.639058,7,70,0,-1,-6,37,-7,21,2
122.639074,17,-17,-7,3,1,-12,14,-67,2
122.648977,-15,73,5,2,2,5,-1,23,2
122.648983,57,38,6,2,1,-30,-9,7,2
122.662807,-53,-63,0,-5,-32,-17,13,2,2
122.662854,3,26,-10,-4,47,30,7,-33,2
122.665298,31,-15,-5,0,2,37,5,5,2
122.665303,0,68,8,0,-12,-38,-9,-4,2
122.685524,-12,-52,-3,2,1,-5,0,-8,2
122.688101,18,-15,2,-4,-9,11,-2,2,2
122.688117,63,-27,-9,0,6,-30,4,8,2
122.688122,-48,56,2,1,7,10,3,1,2
122.699426,-27,10,-6,-5,-1,7,-4,-4,2
122.699463,38,-56,-9,-2,-14,-25,-13,0,2
122.709712,-19,-1,0,-3,4,10,-2,11,2
122.709722,20,9,-3,5,-10,-8,5,16,2
122.722771,25,127,12,7,8,-3,-3,-2,2
122.722790,45,-17,16,5,-1,8,-4,20,2
122.724330,37,-43,12,3,0,-6,-6,8,2
122.724370,-82,-11,-14,-5,-5,9,24,-12,2
122.745541,-66,-60,-7,-1,7,5,-1,-2,2
122.745563,53,48,-1,0,-3,-9,-5,25,2
122.747257,14,120,1,-3,-1,1,5,6,2
122.747265,-11,-128,10,3,-11,-11,-3,-9,2
122.759145,6,-78,-9,1,4,16,2,10,2
122.759174,2,34,-11,-8,-35,-19,-12,-8,2
122.770179,-40,-15,-2,0,11,3,18,12,2
122.770186,18,51,-1,-5,8,22,-42,-19,2
122.785975,64,13,6,-3,3,-13,5,29,2
122.785981,-30,-7,0,1,-8,-5,-16,-7,2
122.785984,-26,-19,-4,0,-2,43,1,-8,2
122.785985,37,-54,2,0,1,38,15,-10,2
122.805625,-1,86,11,1,-5,-42,-17,-8,2
122.805654,85,-45,-22,-9,4,-5,16,25,2
122.806974,-18,87,24,3,0,-4,-10,-7,2
122.806995,-20,-118,-21,-4,0,-14,5,5,2
122.819322,25,6,-9,-1,-5,5,-9,4,2
122.819466,-53,18,30,11,10,10,4,-19,2
122.829947,27,32,1,-3,-4,-21,-7,-9,2
122.829953,9,70,-7,0,-9,-6,-9,8,2
122.843080,-16,21,11,-2,2,0,12,-12,2
122.843103,30,-62,-19,-4,0,-7,-7,-22,2
122.845517,-35,-100,-11,0,-8,-13,-2,3,2
122.845522,-9,107,15,3,35,6,-1,-1,2
122.865536,7,-26,-4,0,1,14,-3,6,2
122.865559,-85,-25,-10,-4,3,-2,16,2,2
122.867493,-24,104,22,9,-1,-3,5,-10,2
122.867497,11,-81,-19,-12,-14,-19,-26,-2,2
122.878856,3,-34,-4,-1,3,8,30,-1,2
122.878872,17,90,6,1,-4,0,-1,-6,2
122.893971,17,-108,-16,-7,3,-9,-10,4,2
122.893987,-9,18,5,2,-7,-8,7,8,2
122.902910,2,8,6,1,4,8,-5,4,2
122.902929,-89,-82,3,-2,-6,-3,-4,4,2
122.904983,76,-42,-13,-4,-4,1,-4,-32,2
122.904989,45,6,1,-1,-4,-3,7,5,2
122.925464,-8,-13,4,-2,-1,-2,-7,-8,2
122.925478,1,-66,-15,-3,2,4,7,36,2
122.926839,-29,-46,4,-3,-4,-5,-11,-12,2
122.926911,3,14,2,-4,-1,2,3,-2,2
122.948028,87,-17,6,-2,-8,-10,-6,3,2
122.948058,-37,-30,-33,-1,1,-5,-1,-10,2
122.951183,31,-30,-11,0,6,15,14,24,2
122.951187,-38,50,-2,-8,-13,-17,-31,-2,2
122.963253,-3,60,-3,6,5,2,-1,-3,2
122.963276,18,58,9,-3,-4,-11,-20,4,2
122.969066,15,-16,-5,4,-7,-2,12,12,2
122.969093,-40,-15,5,-1,7,6,13,-5,2
122.987592,4,107,-5,-11,-5,-3,-8,-2,2
122.987603,-17,-57,8,8,17,-1,-6,-8,2
122.987606,-17,-52,4,-2,-22,-9,-3,-2,2
122.987608,20,84,-30,-5,-11,-1,-3,7,2
123.007722,29,-2,8,5,6,14,6,13,2
123.007745,-16,105,7,-2,-5,-22,-4,-51,2
123.014230,-7,-23,-4,-7,5,3,3,58,2
123.014251,70,17,18,8,-1,5,15,-11,2
123.022780,-79,-107,-15,0,-7,-5,-12,-1,2
123.022802,19,66,7,-4,7,11,6,1,2
123.024269,1,48,-3,-1,-2,-5,-8,-4,2
123.024287,-43,48,4,-1,-24,-10,6,-7,2
123.046149,28,57,5,5,35,8,-1,-6,2
123.046154,-7,-102,-4,-9,-10,5,9,14,2
123.046765,-2,104,1,1,6,11,-16,-10,2
123.046802,10,-22,-12,-3,-6,-7,4,-6,2
123.075557,-17,-32,3,-2,-8,8,19,-5,2
123.075579,16,21,5,0,-1,-2,2,-5,2
123.077753,7,7,-1,-2,3,-8,-11,-10,2
123.077757,-17,-103,6,1,18,-5,-10,3,2
123.083017,-19,-83,-7,-2,-27,-2,4,-7,2
123.083046,67,49,2,4,0,-1,-13,-6,2
123.085269,-95,-17,-13,-6,-5,-7,1,31,2
123.085284,54,30,9,2,-6,-1,-15,-42,2
123.105595,-41,16,5,-1,13,-2,3,-7,2
123.105613,4,-21,-4,1,-3,3,2,34,2
123.107028,93,41,10,4,-1,48,-1,-36,2
123.107032,-49,83,8,-5,19,-76,-5,-3,2
123.127894,73,-98,-30,-7,-16,24,-8,11,2
123.127930,-12,70,-2,-6,-5,0,2,-3,2
123.129273,0,-80,15,8,9,-9,2,-29,2
123.130411,-17,-28,-3,-2,-5,24,19,7,2
123.142316,-4,36,-4,-4,-5,-26,-38,-22,2
123.142331,1,62,3,-10,2,8,-2,9,2
123.149075,10,-66,-1,6,-7,-11,-9,6,2
123.149101,78,16,-4,-3,-7,16,3,-3,2
123.165404,-35,-43,-4,-1,-5,-21,5,-5,2
123.165426,-83,-46,-2,7,-1,10,-9,-21,2
123.167278,-18,54,-6,-9,1,-19,-3,-28,2
123.167286,-5,17,9,4,2,12,1,10,2
123.188142,-8,75,9,2,6,6,-7,3,2
123.188152,8,-51,-9,-7,18,33,9,-5,2
123.189237,-5,39,0,1,-18,-76,1,-10,2
123.189252,-67,-81,-5,2,1,6,-17,0,2
123.203885,59,-17,2,-2,-5,2,6,19,2
123.203893,74,0,-1,1,10,-2,-2,-2,2
123.212455,-64,-21,-11,-7,-12,-34,-11,13,2
123.212462,7,59,1,4,-1,8,21,1,2
123.225374,-91,-31,1,-7,7,3,-7,-9,2
123.225397,47,-35,-5,7,-18,-20,-2,2,2
123.226798,-44,122,-1,-5,6,24,7,29,2
123.226805,43,32,-13,-4,-3,-2,-14,-38,2
123.248291,13,65,2,2,0,2,25,-9,2
123.248320,0,-4,6,-2,0,-1,-2,15,2
123.250428,25,-2,0,-2,4,17,4,0,2
123.250433,-50,-36,-5,1,4,3,5,12,2
123.262616,21,49,4,4,1,0,-6,3,2
123.262645,-24,-109,-12,-1,-4,0,-3,-14,2
123.269357,51,110,-6,-4,0,0,4,15,2
123.269392,-86,-117,-1,-5,-4,1,-4,2,2
123.285532,47,4,0,1,-1,-1,-8,0,2
123.285547,-57,-29,-5,1,3,-5,23,0,2
123.287924,54,56,8,-7,1,2,-36,-22,2
123.287935,-77,-79,-7,4,-12,-1,4,23,2
123.307802,-2,33,-7,-4,9,4,2,-18,2
123.307826,-47,44,1,0,2,4,-3,-5,2
123.309509,37,-2,6,2,3,11,10,5,2
123.309536,12,40,8,-3,-2,2,-2,2,2
123.322048,-9,-25,5,2,0,-9,-10,3,2
123.322112,18,118,0,-3,-11,-9,-12,32,2
123.329241,-21,-117,-1,2,0,4,4,-38,2
123.329264,16,-93,-21,-7,3,35,-1,6,2
123.345441,-23,-97,-8,0,-8,-48,1,23,2
123.345455,-32,79,-6,-4,0,0,0,-18,2
123.346814,-13,-117,1,3,2,5,4,18,2
123.346861,-25,49,8,1,2,-3,-3,14,2
123.368240,36,47,5,-7,-7,8,0,-2,2
123.368271,-43,-6,-2,6,18,2,-4,-6,2
123.370785,-51,-46,-10,0,-2,0,7,-5,2
123.370792,92,-70,8,-1,-4,-9,-26,-14,2
123.382593,3,112,1,0,3,9,2,0,2
123.382621,52,63,11,0,-12,-11,-9,-4,2
123.389231,-49,51,-10,-16,-4,6,4,-17,2
123.389302,29,43,-3,18,24,-5,6,6,2
123.405629,-83,60,4,2,-18,0,4,1,2
123.405640,-14,-86,0,-3,-10,-1,-5,-6,2
123.406784,26,118,10,6,12,8,8,26,2
123.406790,48,-62,-2,-10,-4,10,-19,-8,2
123.427825,27,-89,-15,-2,3,-8,27,-21,2
123.427847,17,-65,1,2,-5,-1,0,-14,2
123.429782,37,44,4,0,1,-5,3,15,2
123.429785,-81,-49,-12,-5,-5,-4,-6,-10,2
123.441405,-12,65,7,2,1,9,-6,-3,2
123.441428,21,32,-1,-1,10,-5,1,-4,2
123.451702,32,37,9,-5,-8,5,-2,15,2
123.451707,-31,23,-4,-1,-3,-6,12,-9,2
123.465776,-23,89,9,5,4,8,3,4,2
123.465797,-27,-83,-7,0,10,-12,-20,1,2
123.467342,-12,-97,-15,-4,-14,2,0,-9,2
123.467349,-40,47,8,-6,-4,-7,-2,-10,2
123.487812,18,17,0,3,-5,-1,-5,-4,2
123.487892,28,30,14,4,1,9,3,1,2
123.489316,27,-49,-8,1,4,-3,-2,4,2
123.489324,4,127,-5,-7,-8,-12,5,1,2
123.501362,42,-128,-10,-6,-1,-2,1,8,2
123.501412,-13,82,0,0,-12,7,13,-8,2
123.510639,9,30,-4,-1,16,2,-2,-15,2
123.510644,29,101,19,7,-28,-7,7,8,2
123.526071,-73,-12,-4,-6,16,-1,-19,-13,2
123.526099,25,45,4,2,-8,-3,-3,28,2
123.528508,-11,-128,-13,-6,-4,-4,-7,-7,2
123.528517,-6,3,12,4,6,4,0,13,2
123.548109,40,61,4,4,-6,-2,-4,6,2
123.548128,1,45,-7,-3,-5,-4,-8,-6,2
123.549587,11,-30,-3,1,-4,-1,3,0,2
123.549607,49,-60,-9,-3,7,-3,3,11,2
123.561512,-9,25,9,-3,-4,1,-6,3,2
123.561531,-32,-68,-8,-7,-4,0,2,-2,2
123.572016,14,66,3,8,2,5,19,8,2
123.572022,13,-6,-5,-2,15,-10,-21,-27,2
123.585994,-59,-22,-9,-2,-24,0,-1,-17,2
123.588528,36,-41,4,-4,-5,-4,-3,23,2
123.592068,-11,12,12,0,2,-4,-4,-25,2
123.592093,42,10,-16,-1,-3,4,9,7,2
123.607966,-34,-18,9,-2,4,0,7,9,2
123.607979,-4,48,-2,0,-6,-6,6,-4,2
123.609416,-8,16,-7,-3,23,5,-14,-18,2
123.609437,-27,-65,-2,-1,0,2,16,41,2
123.630408,40,-2,-12,-7,-2,-1,-12,-16,2
123.630429,10,51,14,7,2,-2,-1,13,2
123.631918,-1,52,11,8,-4,-8,-12,-18,2
123.631926,34,31,0,-5,-4,-2,-1,10,2
123.645524,9,-67,-14,1,10,0,-5,2,2
123.646422,-82,-70,1,-1,-7,0,-6,-10,2
123.646712,73,77,2,-1,-10,-1,2,20,2
123.646783,-46,68,17,5,25,2,-3,-27,2
123.669089,32,-55,-11,-5,-22,7,17,15,2
123.669096,-7,-12,-16,-6,3,-8,-17,-24,2
123.669306,14,41,1,-2,-5,0,0,3,2
123.669314,32,31,1,3,2,-1,3,-7,2
123.690275,-35,-15,3,1,6,-2,2,-2,2
123.690299,22,-2,5,2,3,5,1,9,2
123.692363,-7,71,15,2,-28,-9,11,10,2
123.692372,-41,-105,-25,-11,2,-5,1,-20,2
123.705349,110,-36,3,3,5,13,-5,11,2
123.705366,-68,21,-11,-7,-2,-2,-3,-20,2
123.706764,-19,24,1,-2,-8,-4,-13,-2,2
123.706777,36,-16,-3,5,-6,-2,3,-1,2
123.728140,-56,70,-1,-3,-4,-8,-10,-9,2
123.728164,102,-21,-3,-6,-8,-2,2,-10,2
123.730082,-18,38,-11,0,15,5,5,8,2
123.730088,38,29,9,8,-6,-4,-11,-29,2
123.741452,-53,40,-4,-7,6,-1,10,-1,2
123.741475,-14,65,-3,1,0,2,-11,16,2
123.751504,-75,-94,-7,5,0,-5,-3,1,2
123.751511,32,114,18,-4,9,12,19,33,2
123.765529,69,20,-12,-3,-10,-13,-22,-28,2
123.765663,9,-95,3,-4,1,0,10,8,2
123.767048,3,48,-5,-3,0,3,-5,-12,2
123.767059,-44,46,6,4,-7,-2,3,-1,2
123.795254,-13,-38,5,-3,33,3,2,9,2
123.795269,-2,-1,-9,-2,-2,1,1,-18,2
123.796986,-3,-44,-4,2,5,0,1,11,2
123.797021,17,-32,-7,-6,-8,-2,-6,-3,2
123.801695,47,43,13,9,-3,-2,-1,13,2
123.801736,34,92,1,-4,1,-13,-1,8,2
123.810357,0,68,0,-1,5,17,0,-8,2
123.810383,-13,-28,-19,-7,-11,-4,-5,-4,2
123.825442,-18,98,18,1,-7,-3,-4,6,2
123.825632,12,-88,-11,0,4,-1,3,-8,2
123.826938,13,-89,-4,-2,-7,-5,4,18,2
123.827003,-8,102,13,-1,-1,-2,-1,-12,2
123.848270,-18,-92,-27,-1,-6,-5,-11,0,2
123.848298,65,28,11,6,22,8,14,5,2
123.850103,-63,-48,-4,-5,-15,0,-9,-2,2
123.850106,10,-34,-3,-3,-5,-7,-23,13,2
123.861783,-11,30,8,4,-1,-4,-3,-9,2
123.861805,-6,7,1,-2,12,-2,-3,0,2
123.876692,26,65,2,-4,-3,-3,-9,-2,2
123.876713,-61,-38,-3,-2,0,0,3,-10,2
123.886825,21,2,-2,-2,3,0,1,5,2
123.886832,-26,11,2,-1,-10,-3,-13,25,2
123.886882,-12,34,-5,-3,3,-3,23,-34,2
123.886905,38,36,11,8,3,15,1,-8,2
123.908222,-85,-61,-6,0,-5,1,9,19,2
123.908251,-9,-1,-5,-8,-8,-2,-4,-17,2
123.910532,-31,-85,-8,-3,2,-7,-3,6,2
123.910537,4,1,12,5,2,-3,5,4,2
123.932587,57,42,10,1,1,-1,-4,-2,2
123.932592,-77,49,-4,1,-4,0,2,-17,2
123.932594,101,65,-12,-8,0,-3,-4,0,2
123.932596,29,62,-10,1,0,-1,1,24,2
123.945925,-51,51,24,4,5,7,3,1,2
123.945946,3,0,-3,-5,-8,-3,-2,-17,2
123.948753,25,24,10,4,4,3,6,13,2
123.948759,-17,7,-7,4,-4,-5,-3,-9,2
123.967726,29,20,-4,-4,-3,-1,4,-2,2
123.967740,42,65,7,8,-20,-6,-31,15,2
123.969558,-28,53,7,-4,19,2,21,-4,2
123.969610,-10,-128,-29,-16,-8,-14,-21,-30,2
123.990353,-70,-77,-17,-8,-4,-3,17,-12,2
123.990384,16,20,-3,-2,-4,18,1,-17,2
123.992141,-3,21,-1,1,-2,1,-6,22,2
123.992148,-21,-18,-1,-1,1,0,4,8,2
124.005443,10,3,2,0,-1,-5,-1,-12,2
124.005466,15,0,0,-2,2,-6,4,10,2
124.008021,-8,-9,8,5,-3,-1,-4,0,2
124.008028,-5,1,4,-1,3,0,9,0,2
124.028070,60,31,0,-3,-3,0,-9,2,2
124.028097,-21,9,0,4,4,1,9,-4,2
124.030853,-47,-23,-6,3,-6,-5,-11,3,2
124.030857,29,79,18,4,-2,0,2,-6,2
124.050224,19,-92,-37,-17,-5,-4,-8,12,2
124.050241,-29,84,10,-2,2,0,4,2,2
124.051943,-6,-20,3,1,-3,-5,-6,-15,2
124.051969,-51,-48,-2,3,1,2,0,11,2
124.065242,-42,43,7,4,0,3,6,21,2
124.066470,-52,-67,5,0,3,2,10,-41,2
124.066808,30,-5,-10,-4,5,-6,-9,3,2
124.066816,-5,42,7,-2,-23,0,4,-2,2
124.087738,33,40,6,2,2,-1,-21,1,2
124.087762,-21,8,-5,1,-4,-2,9,12,2
124.089334,-2,-25,-9,-9,1,-1,-4,-8,2
124.089352,0,-13,14,4,4,-14,-16,4,2
124.110256,-4,26,13,6,5,26,26,-9,2
124.111441,39,-38,-15,-4,0,-3,-15,8,2
124.111768,-6,13,0,0,-13,3,13,-9,2
124.111794,93,13,-18,-12,2,-3,-9,2,2
124.124751,-59,28,-14,-3,-3,-10,-13,8,2
124.126417,46,-99,2,0,0,0,3,-17,2
124.134804,-82,-98,-14,-1,-3,-2,-6,5,2
124.134814,-57,16,-3,-2,0,3,6,0,2
124.147795,83,60,7,4,1,-3,1,-15,2
124.147858,-1,-8,-5,1,-2,0,0,0,2
124.149737,-6,-10,2,1,1,-3,-6,-4,2
124.149746,-12,-5,2,-3,0,3,4,-1,2
124.170458,12,45,5,3,-3,-5,-8,-4,2
124.170481,18,123,11,11,7,0,12,10,2
124.172680,-19,-85,-10,-13,-4,-3,1,-26,2
124.172694,30,51,-4,5,0,-2,2,2,2
124.184705,-5,43,-1,-4,-1,-4,-6,-5,2
124.184731,-48,16,-7,-3,1,6,0,-3,2
124.191418,16,96,12,8,3,2,-4,12,2
124.191439,-8,-38,-4,-7,0,4,-1,-3,2
124.207832,-3,-18,-1,-1,0,-5,3,-2,2
124.207853,8,31,5,2,1,-7,-17,-11,2
124.209327,59,49,3,-5,3,2,4,2,2
124.209362,-67,10,10,2,-1,-1,11,4,2
124.230338,40,-28,-3,-2,-4,1,-9,-4,2
124.230367,5,34,-6,-5,6,-2,-2,3,2
124.231819,-11,-65,-4,-5,-9,-3,-9,6,2
124.231840,25,40,3,7,-4,0,7,5,2
124.244656,15,1,6,4,22,4,-1,-13,2
124.244677,26,-63,-4,-9,-13,-4,13,16,2
124.251457,-5,35,4,4,1,-1,3,17,2
124.251485,-28,62,-8,0,-1,1,-7,-23,2
124.267689,3,-60,6,-4,-9,0,3,-11,2
124.267707,-17,-24,-9,3,1,1,2,-8,2
124.269417,68,92,14,5,-2,-9,-25,9,2
124.269483,-59,-45,-8,-9,2,-4,-5,-34,2
124.290297,-28,18,1,-2,-6,-3,-2,8,2
124.290332,16,27,0,-1,0,1,-11,9,2
124.291584,-37,1,-1,2,1,-6,33,-17,2
124.291599,8,-27,-8,-7,3,19,1,15,2
124.306028,-36,30,-6,3,-5,-6,-3,-13,2
124.306033,6,-18,10,5,3,0,1,7,2
124.311551,26,21,5,3,-2,-5,-5,6,2
124.311573,-34,-83,-11,-9,22,-4,-10,4,2
124.327877,7,-57,9,10,-2,5,11,-8,2
124.327936,-22,80,-10,-6,-5,-5,-13,0,2
124.329219,1,22,-8,0,1,4,1,-5,2
124.329251,26,-62,-3,-5,-6,-8,-10,-3,2
124.350567,-11,10,-1,-5,-1,-4,-4,3,2
124.350588,-3,-27,7,0,-2,-1,8,3,2
124.353361,2,-22,1,-5,2,0,-3,4,2
124.353372,-20,1,-8,1,-5,0,-1,-18,2
124.365051,-38,-6,-9,-1,2,1,-1,15,2
124.365072,7,-43,0,-8,-7,-8,-4,-10,2
124.371323,-36,-6,-2,4,-1,5,2,2,2
124.371341,66,42,-4,-1,-3,2,17,8,2
124.387826,27,47,-2,-1,0,-5,-15,9,2
124.387852,-57,-38,6,-2,-1,-4,0,13,2
124.389382,-8,-47,-8,-3,1,4,-3,-6,2
124.389440,28,127,17,4,-3,-3,-5,3,2
124.410314,18,-77,-10,-7,-40,-11,17,-1,2
124.410336,-50,1,-4,-3,21,12,7,-3,2
124.411642,-33,0,-12,-2,-7,-9,-7,-3,2
124.411655,38,-4,0,-1,-6,-2,-3,-6,2
124.424229,2,-41,-2,3,6,3,-2,29,2
124.424257,44,-20,-6,3,-4,-6,-10,-14,2
124.434610,-4,-23,16,-3,-3,2,2,-8,2
124.434616,-18,-40,-6,-2,4,1,0,2,2
124.447779,-48,-2,2,-5,2,-2,-7,-10,2
124.447793,68,12,-7,-4,-5,0,4,6,2
124.449269,-1,25,3,5,8,1,-8,-18,2
124.449300,25,19,7,-4,-4,-1,0,15,2
124.470500,-45,93,-1,-5,4,-4,-4,-21,2
124.470518,-21,-69,0,3,-5,2,-3,-6,2
124.472165,113,116,9,1,-3,5,2,21,2
124.472170,-128,-97,-15,-7,-5,-7,-4,-45,2
124.483954,127,71,-5,-3,3,-1,-7,-2,2
124.486639,-31,41,2,-1,-1,0,-7,1,2
124.493331,-25,-5,-2,-2,0,-9,13,0,2
124.493336,36,-17,8,7,3,11,11,18,2
124.507802,-9,-20,3,-8,5,1,1,-5,2
124.507816,-15,-13,0,6,-26,-4,-6,4,2
124.509303,-50,-20,-4,1,38,5,-5,8,2
124.509315,44,-49,14,4,-30,-17,-22,-23,2
124.530533,-17,-7,-6,-11,6,10,17,-20,2
124.530554,46,56,1,-4,-1,-2,-5,-1,2
124.532667,-7,-11,-8,-6,-15,1,12,3,2
124.532671,4,-6,-8,0,4,-2,5,17,2
124.544526,3,15,5,10,6,-2,-10,0,2
124.544555,16,6,0,-5,-1,-2,3,-7,2
124.559581,17,19,-6,-3,-4,0,-6,-6,2
124.559617,-1,30,2,3,7,3,-1,12,2
124.571082,5,-27,6,1,-10,-5,-1,-7,2
124.571101,9,43,12,3,9,2,2,4,2
124.571108,-45,-3,-16,-8,-13,-7,-13,-12,2
124.571112,-59,-67,1,-3,-2,2,3,-2,2
124.590375,45,89,-6,2,3,0,-1,7,2
124.590396,-80,-110,-19,-5,-5,-2,0,-19,2
124.592079,-21,9,16,0,-1,-3,-10,-8,2
124.592084,32,33,4,-6,-1,-1,4,14,2
124.603919,-17,1,5,11,4,2,1,8,2
124.603936,10,21,4,-1,4,-3,-2,-13,2
124.615052,37,0,-2,1,-8,0,-2,-6,2
124.615058,-9,-17,-8,0,6,1,2,16,2
124.628331,-54,4,0,-13,-6,-4,-3,-36,2
124.628352,80,-8,2,8,0,-9,-5,29,2
124.630756,0,-71,-1,1,-4,5,10,8,2
124.630762,33,28,-3,-1,20,0,24,-6,2
124.650728,23,8,-6,-2,0,-1,2,15,2
124.650747,5,-77,-2,-3,-6,4,4,-10,2
124.653542,-37,-90,-7,-3,-2,-6,-11,0,2
124.653552,38,40,8,4,7,-3,-16,9,2
124.663794,-15,-26,0,-1,-9,1,5,-5,2
124.663810,3,63,-6,-6,3,-4,-1,10,2
124.673811,4,2,0,3,2,4,-1,1,2
124.673816,-53,80,2,-6,-14,-9,-10,-1,2
124.687403,6,65,12,7,4,0,-4,-31,2
124.689236,-10,18,7,-3,-4,1,-4,5,2
124.689242,-1,-65,-14,-7,-6,2,12,5,2
124.689244,-17,-2,-10,-4,5,0,-7,8,2
124.709570,-18,69,5,11,1,-1,-4,6,2
124.709576,15,97,1,0,5,0,-4,-5,2
124.710312,3,-25,-4,-3,-4,-2,8,-3,2
124.710395,1,-3,1,-9,-7,0,-1,-25,2
124.732334,-22,-54,-6,-1,3,0,-6,0,2
124.732363,27,30,1,-3,-2,2,8,12,2
124.734411,-43,96,7,9,-16,-13,-20,-40,2
124.734415,26,-24,-19,-15,28,9,2,33,2
124.747440,-11,-7,-5,1,-2,1,1,-3,2
124.747469,-25,-48,-8,-2,16,3,-2,-8,2
124.749193,34,127,2,-3,-18,-2,12,5,2
124.749196,-10,-34,1,3,-10,-12,-22,-23,2
124.771018,3,-8,-2,-6,-4,0,16,12,2
124.771027,-32,31,-11,-2,3,-3,0,0,2
124.771029,59,-52,4,-3,8,1,-12,12,2
124.771030,-44,13,5,9,-5,0,16,-9,2
124.792537,103,40,0,-4,-2,-1,-5,20,2
124.792559,-107,-61,0,1,-12,-2,-4,-20,2
124.793005,18,-30,-12,-10,4,1,-3,-2,2
124.793060,-33,-17,-8,9,-8,2,5,18,2
124.807384,-1,-42,1,-2,4,-2,-5,5,2
124.807469,53,66,10,1,-3,-2,-1,0,2
124.808000,-14,99,7,3,6,8,16,1,2
124.808071,20,-63,6,0,-3,-7,-27,8,2
124.830391,-59,-42,-2,-5,-7,-6,-7,-6,2
124.830499,47,94,2,-12,1,1,-6,-3,2
124.832757,-24,-40,5,4,-9,-8,3,1,2
124.832763,-19,-12,-6,-1,17,4,28,-11,2
124.851948,66,44,0,-3,-4,0,-9,8,2
124.851957,-22,-4,-8,-4,-5,2,12,3,2
124.852847,-25,-16,-10,-6,1,-1,-23,19,2
124.852863,40,41,-1,2,-6,-6,7,-48,2
124.867180,-66,-39,-2,-1,2,-6,-5,7,2
124.867201,21,38,7,1,0,2,4,3,2
124.869884,13,-98,-8,-6,2,-5,-5,-2,2
124.869891,-13,40,-2,1,-9,-2,-10,5,2
124.889842,28,29,-5,0,6,8,20,28,2
124.889871,-10,65,9,9,-8,-6,-8,3,2
124.891585,0,-59,-6,-2,4,4,-1,-15,2
124.891593,3,34,4,-3,-7,6,9,-3,2
124.912044,34,-2,-6,-4,-4,-9,-36,-8,2
124.912120,-16,-98,-7,-3,3,-2,2,0,2
124.912609,25,117,14,5,4,0,0,-7,2
124.912615,-44,-49,-9,-3,-5,1,-1,7,2
124.928981,-6,12,-1,-8,1,2,11,-3,2
124.928986,39,44,0,8,0,-2,-2,14,2
124.928988,-47,-12,-4,-2,2,-13,-16,-38,2
124.928990,27,45,9,2,-23,13,5,-16,2
124.949806,-10,39,-3,-1,42,4,3,-1,2
124.949826,-25,13,8,1,-8,1,-16,-10,2
124.952192,7,-33,-2,1,3,-3,17,4,2
124.952200,31,25,10,4,0,-7,-11,25,2
124.973895,-4,-37,-4,-5,-11,-2,1,-5,2
124.973902,-8,-52,-7,3,4,-1,2,-5,2
124.973904,-25,111,15,3,6,4,-10,9,2
124.973906,10,-33,4,-1,3,-3,-2,1,2
124.987166,-9,-15,4,-3,-11,-1,2,5,2
124.987183,6,-49,-3,-1,-4,-2,2,1,2
124.989122,25,58,-9,-3,4,6,7,10,2
124.989130,-16,34,11,9,1,0,2,-14,2
125.009669,-35,-108,-9,-3,-8,-5,-4,-2,2
125.009695,15,65,1,-8,-4,-1,-4,-2,2
125.010610,-25,76,2,2,-2,1,5,23,2
125.010630,33,23,-10,-5,1,-2,-5,-31,2
125.032275,-25,-50,-2,0,-5,-2,-5,-4,2
125.032304,-31,-45,-6,5,-1,1,-11,-7,2
125.034409,14,-22,14,-3,-5,-6,10,-1,2
125.034413,-50,8,5,0,1,-3,-12,10,2
125.046608,64,52,3,6,-19,3,6,17,2
125.046638,-82,-1,-15,-12,32,1,-10,-24,2
125.054767,29,-123,-13,1,16,6,3,6,2
125.054790,35,58,0,1,-18,-8,-4,14,2
125.069589,-63,-84,3,-4,-3,-4,-5,-23,2
125.069604,18,26,4,4,-10,-3,4,4,2
125.070345,-20,5,-6,0,-2,0,-3,-10,2
125.070365,53,-34,-2,-3,11,-1,3,13,2
125.092361,2,37,-3,-2,-3,-1,0,-9,2
125.092389,3,-1,1,0,-4,-1,0,3,2
125.094647,8,-80,-7,-12,-7,-3,7,-13,2
125.094650,10,31,-8,5,-1,6,15,20,2
125.107355,-7,40,8,0,-2,-7,-16,-41,2
125.109347,-16,-77,-5,-6,-4,-4,-1,-1,2
125.109355,17,23,-2,4,-4,2,2,1,2
125.109359,-31,67,13,-3,-4,1,7,1,2
125.130967,-4,-63,-5,1,11,2,-8,4,2
125.130977,26,-39,-18,-4,-5,-5,16,16,2
125.130981,12,6,7,0,-2,0,-8,-5,2
125.130985,1,17,-18,-5,-1,-3,-6,0,2
125.152196,13,63,20,12,2,1,2,-3,2
125.154440,7,20,1,-5,-5,-2,-5,-10,2
125.154450,4,-26,-13,-3,-32,-14,-7,1,2
125.154452,-39,73,4,-4,40,13,-11,9,2
125.167219,56,-92,-13,-7,-3,9,19,0,2
125.167233,49,30,6,5,-3,3,8,11,2
125.169913,-51,25,-6,-1,4,-3,0,-1,2
125.169921,9,-15,-3,1,-7,-7,-16,-15,2
125.190976,-26,29,-7,-6,-8,-1,-1,32,2
125.190983,0,-2,4,0,5,-1,11,-4,2
125.190985,57,12,9,5,1,2,-10,-10,2
125.190987,25,-28,2,-9,-10,-6,1,7,2
125.212279,19,16,-3,9,3,7,13,-1,2
125.212301,-7,38,-7,-8,-11,-10,-24,15,2
125.214321,-79,5,5,1,5,0,-7,-1,2
125.214325,-8,-37,-9,0,-4,-3,-3,0,2
125.227155,-2,18,5,-1,-1,-1,19,3,2
125.228932,-21,44,-1,3,1,3,3,-5,2
125.228936,28,-84,1,1,1,2,0,-7,2
125.228938,-16,-11,-10,0,-2,-4,-8,-5,2
125.249647,-23,19,-10,-10,5,-7,-16,-2,2
125.249675,7,11,6,6,-47,-3,10,-4,2
125.252313,9,0,0,-1,14,6,-3,-4,2
125.252321,31,9,9,2,-6,-11,3,2,2
125.272194,-46,17,0,0,-2,13,-14,-12,2
125.272211,-21,36,-2,-10,1,-3,13,2,2
125.272925,43,-43,-4,-2,-11,-5,-7,5,2
125.273105,-33,27,-2,-4,7,4,6,7,2
127.297848,0,-12,-5,1,0,1,0,-1,0
127.298222,7,8,17,7,2,0,-1,1,0
127.300146,6,4,0,-2,0,-1,0,-2,0
127.300153,-33,-13,4,0,-3,-1,-2,-1,0
127.312035,6,1,-15,-6,-4,-2,0,-3,0
127.312056,-3,19,7,-1,-3,-2,-1,-1,0
127.313023,5,-12,4,-8,1,0,0,0,0
127.313027,5,17,2,13,2,-1,0,1,0
127.337807,-6,-11,-2,-5,-1,-1,-1,0,0
127.337858,-2,-16,-9,4,0,1,-1,0,0
127.337861,1,14,0,-5,-2,-1,-1,-2,0
127.337863,2,-4,-1,-6,-2,-1,0,1,0
127.357889,-4,-2,1,4,0,-2,-2,-1,0
127.357911,4,2,7,0,-1,-2,1,-2,0
127.358995,0,3,-2,-2,-1,-3,-2,-2,0
127.359006,1,-9,-2,0,1,0,-1,-2,0
127.371896,1,15,-1,-1,-2,-1,-1,-1,0
127.371913,-2,-35,-28,-5,-1,-1,-1,0,0
127.379957,-5,29,21,7,0,2,0,-1,0
127.379988,1,-4,-2,-2,1,-1,-1,-1,0
127.395714,0,8,-2,-3,0,0,-1,-1,0
127.395743,-4,9,-8,-4,-2,0,1,-1,0
127.398152,-1,-33,-7,-1,-2,-3,-1,0,0
127.398157,2,-3,5,1,1,0,-2,0,0
127.417862,-4,0,-4,-6,-1,-2,-1,-1,0
127.417886,-2,2,11,7,-2,1,-1,0,0
127.418547,-3,0,-8,-1,-1,-2,-1,0,0
127.418575,10,-7,-9,-7,-2,-1,-2,-1,0
127.431330,-8,-8,0,5,1,-1,-2,-2,0
127.431343,-7,10,16,-3,1,-3,-1,-2,0
127.439513,0,2,-4,1,-2,0,-2,0,0
127.439529,-11,-11,-7,-2,0,0,-2,-2,0
127.455389,6,28,-3,-2,-2,-2,1,0,0
127.455409,-1,-30,-6,-1,-1,-1,-2,-4,0
127.457332,-1,10,0,-2,-4,0,-3,1,0
127.457339,0,-31,-4,-2,-2,-2,0,0,0
127.477665,5,5,1,2,0,0,-1,0,0
127.477671,0,4,1,-1,-1,-2,-3,-1,0
127.478529,3,-10,-4,-6,-2,-1,0,-4,0
127.478576,-2,6,1,4,2,0,-1,0,0
127.491937,-2,0,2,1,-1,0,0,-2,0
127.491946,-2,-2,-3,-2,-2,1,-1,-1,0
127.500296,2,-10,-4,2,3,-1,0,0,0
127.500326,0,8,1,-5,-3,-1,-1,-2,0
127.515512,-7,-12,-1,3,-2,-1,0,0,0
127.515534,3,5,-6,-2,0,0,-1,0,0
127.517546,1,-3,-5,-2,-2,-2,0,-2,0
127.517549,0,18,14,0,-1,-2,0,-2,0
127.537728,-1,-7,-9,-1,-2,-1,0,0,0
127.537741,2,1,-7,-7,-3,0,0,-1,0
127.538474,-6,2,4,-1,-2,0,-1,0,0
127.538490,6,17,-2,0,1,-1,-1,-1,0
127.553360,-3,-27,-12,-3,-1,-3,-1,-2,0
127.553373,-1,16,18,4,-2,-1,-1,-1,0
127.559965,-1,3,-3,6,2,-1,-1,-1,0
127.559987,-5,-47,3,-2,-1,0,-1,0,0
127.575486,3,28,2,-4,0,0,-1,-1,0
127.575512,-2,-7,-8,-2,-1,-1,-2,0,0
127.577209,-1,5,-7,-2,-1,-2,-2,0,0
127.577217,-2,2,-5,-3,-2,-2,-2,-1,0
127.599885,5,-8,2,0,-5,-1,-1,-1,0
127.599891,0,-3,-5,-6,0,-2,0,0,0
127.599893,2,6,11,8,4,2,-1,0,0
127.599895,-5,-8,-23,-1,-3,-2,-2,-4,0
127.611822,-3,18,28,3,0,-2,-1,0,0
127.611853,-7,-11,-8,0,-1,-2,-1,-2,0
127.619710,9,-11,-5,-3,1,-1,0,0,0
127.619729,-1,-1,-1,-5,-1,-1,-2,0,0
127.634960,-1,-5,-6,-1,-3,1,-2,1,0
127.635079,-15,4,1,0,0,0,-2,-1,0
127.641426,-7,-7,-7,-9,-4,-3,1,-1,0
127.641446,-1,2,6,8,0,0,-2,1,0
127.657734,1,2,-8,-5,-2,0,-2,0,0
127.657752,3,3,5,1,-1,-1,-1,1,0
127.659268,-2,-5,-3,0,-2,-2,0,-2,0
127.659349,1,23,2,-2,-1,-2,0,-3,0
127.671473,-6,-19,-2,-2,0,-2,0,-1,0
127.671492,3,-4,-2,-6,-1,-4,-1,0,0
127.689239,-3,-13,-4,7,-2,0,-3,2,0
127.689244,2,18,-6,-1,-1,-2,0,-1,0
127.694907,-1,10,14,3,2,0,1,-1,0
127.696869,3,-9,-6,-1,-1,0,-2,0,0
127.701460,-3,9,-3,-5,-3,-2,-1,-2,0
127.701483,-1,-22,-9,-4,0,-1,-1,0,0
127.718253,2,5,12,3,2,0,-2,-2,0
127.718271,1,1,-10,-2,-1,-2,0,-1,0
127.720615,0,3,-1,-2,-3,0,-1,-1,0
127.720628,3,2,-10,-6,-3,-1,0,-1,0
127.740469,-7,0,13,2,-1,-1,-1,-4,0
127.740490,3,2,1,0,-2,-2,2,0,0
127.742004,-4,-10,-4,-6,-2,-2,-2,-3,0
127.742163,1,5,-1,-1,-2,-2,-3,-1,0
127.754589,-2,-12,-12,-4,-2,0,-1,1,0
127.754604,-2,-3,4,2,0,-1,-1,-3,0
127.761296,0,10,-1,-6,0,-3,-1,1,0
127.761318,1,-2,7,8,0,1,-1,0,0
127.777727,-1,9,6,1,-2,-1,-2,-1,0
127.777750,-1,-9,-3,0,-3,-2,0,1,0
127.779212,-3,-1,-3,-5,-2,-1,0,-1,0
127.779227,-5,-5,1,-2,-1,1,0,0,0
127.801226,2,-21,2,2,-3,1,-1,-1,0
127.801232,7,22,2,7,3,2,0,0,0
127.801770,-5,-18,5,2,1,-2,-1,-1,0
127.801781,-1,3,5,-3,1,-2,-1,2,0
127.817151,-7,-1,-12,-8,-3,-2,-2,1,0
127.817159,6,14,4,-7,-2,-2,0,-1,0
127.821452,-1,-13,-3,0,0,1,0,-2,0
127.821470,-4,-3,1,1,0,-1,0,0,0
127.837993,2,4,-7,-5,-3,-2,0,0,0
127.838052,-5,-7,9,2,1,-1,0,0,0
127.839488,2,7,-7,-1,-1,-1,-1,0,0
127.839492,-1,-16,-1,2,-1,1,0,-1,0
127.861120,1,3,-6,-2,0,-2,-2,-1,0
127.861149,4,12,-9,-5,-3,-2,-3,-1,0
127.863382,-5,-4,10,5,-1,-1,-1,-2,0
127.863388,6,9,-4,3,0,-1,-2,-1,0
127.874948,5,10,3,1,0,-1,1,-1,0
127.874970,-17,-12,-14,-9,-3,-1,-3,-3,0
127.881845,3,-3,4,3,-1,-1,-1,-1,0
127.881877,-3,12,12,-3,0,-1,-1,-1,0
127.897650,3,-7,-17,1,-1,-1,-1,-3,0
127.897665,3,4,6,-1,-1,-1,-1,0,0
127.899489,0,-1,-11,-3,-3,-2,0,0,0
127.899507,-3,1,9,0,2,-1,-1,-2,0
127.920272,-10,-4,14,3,1,0,-2,-2,0
127.920299,9,-9,-5,-2,-1,0,0,-1,0
127.922371,2,5,-4,-4,0,-2,-2,0,0
127.922377,0,-12,-11,-2,-4,-1,-1,-1,0
127.934716,-4,3,-3,-2,-1,1,1,0,0
127.934738,-6,-10,-2,4,0,-2,-2,-1,0
127.941880,-2,16,6,-1,-2,-1,-2,-1,0
127.941904,3,22,-3,-6,-1,-2,-1,-1,0
127.958331,-2,-21,-4,-6,-1,-1,-1,-1,0
127.958345,-4,-7,0,7,0,-1,0,-1,0
127.959405,2,10,-5,-5,-3,-2,-1,-1,0
127.959420,-5,-29,-1,3,0,-1,0,-2,0
127.980436,-2,10,1,-7,1,-2,-2,-1,0
127.980456,-4,2,1,3,-2,-1,-3,-1,0
127.982932,7,6,5,2,1,0,1,-2,0
127.982942,-6,21,-6,-7,-4,-1,-1,0,0
127.994752,-4,-25,-3,6,0,-1,-1,-3,0
127.994780,-3,-20,-10,1,1,-1,-1,-2,0
128.002012,-3,14,7,0,0,0,-2,0,0
128.002034,4,-5,-5,-2,-1,-1,-2,0,0
128.017622,1,8,-7,-6,-3,-2,0,0,0
128.017629,-2,14,0,-1,-1,0,0,0,0
128.019453,-6,-15,-6,-2,-1,-1,-1,-1,0
128.019469,0,-20,5,2,0,0,0,-1,0
128.040641,4,19,8,1,0,0,-1,-1,0
128.040678,-13,1,0,-11,1,0,0,1,0
128.042936,-2,0,-1,7,2,-2,1,0,0
128.042940,-1,-6,-4,-5,-2,-1,-1,-1,0
128.054660,-2,-3,-8,2,-3,-1,0,-1,0
128.054676,7,3,0,0,0,0,0,0,0
128.061652,-3,-6,-2,-7,-1,-2,-1,-3,0
128.061707,3,17,-8,-4,-2,-3,-1,0,0
128.079164,0,-50,5,6,0,-2,-1,-1,0
128.079170,-1,15,6,0,0,-1,-3,0,0
128.079172,-3,-7,-2,1,-3,-2,-2,-1,0
128.079174,1,-6,-8,-1,-1,-2,-1,1,0
128.100697,-3,24,-3,-6,-3,-1,-1,0,0
128.100710,-2,-10,5,7,-2,0,-2,-2,0
128.102942,5,-3,8,4,2,2,0,0,0
128.102948,-10,-5,6,2,-2,-1,-1,0,0
128.114876,0,7,-8,-9,-2,-1,-1,-1,0
128.114893,-1,-12,3,-3,-1,-2,-2,-3,0
128.121755,3,16,-11,-5,-3,-1,-1,1,0
128.122991,-9,2,3,2,-1,-2,-1,-4,0
128.137943,0,-4,-5,5,-1,-1,-2,-2,0
128.137961,5,17,4,0,-1,-1,0,-1,0
128.140287,-4,-25,12,-2,-1,-1,0,0,0
128.140294,-1,-2,-6,-5,-3,-3,-2,-2,0
128.160707,0,15,3,2,-2,-1,-2,-1,0
128.160727,1,-16,-8,2,0,0,-1,1,0
128.161866,5,16,11,-3,-2,-2,-1,0,0
128.163748,-7,-16,-5,0,0,-1,1,-1,0
128.174617,-4,-2,-4,-3,0,0,-2,-2,0
128.174637,0,-3,-5,-2,-2,-1,0,-2,0
128.181741,-2,6,-5,-1,-1,-1,0,0,0
128.181768,3,-3,-2,-5,-2,0,-1,-1,0
128.197890,-2,10,6,7,0,-1,0,-2,0
128.197913,3,-8,-23,-14,-1,0,-1,-3,0
128.199445,1,30,14,8,1,-1,-1,0,0
128.199448,-3,-35,6,2,2,0,-1,1,0
128.220382,-1,-4,-10,-7,-1,-1,-1,1,0
128.220434,4,-1,2,-1,-4,-1,0,-1,0
128.221782,-1,-13,-4,4,2,0,-1,-1,0
128.221801,1,22,-2,-3,-3,0,0,-1,0
128.233936,3,-7,-6,4,0,-1,0,-1,0
128.233941,-7,-11,13,2,0,-1,0,1,0
128.243025,-7,-1,-6,-8,-2,-1,1,-2,0
128.243029,1,9,2,6,2,3,0,2,0
128.257797,-4,-6,-3,-8,-3,-1,-2,-2,0
128.257816,2,15,-16,0,-1,-2,0,-1,0
128.259454,-5,-14,12,1,-3,-3,-1,-3,0
128.259497,2,7,2,-1,0,1,-2,-2,0
128.280226,3,-2,-3,-2,-2,-2,-1,-2,0
128.280232,1,3,6,2,-1,-1,-3,1,0
128.281618,-5,-10,-18,-7,-4,-2,-2,-1,0
128.281626,5,-6,1,-3,0,-1,-1,-1,0
128.296160,-2,23,6,5,0,-2,0,-1,0
128.296166,-4,-24,0,-1,-2,-1,0,-1,0
128.304143,1,-24,-17,-10,-2,0,-2,-2,0
128.304150,0,6,13,0,1,-1,0,-1,0
128.318111,1,-3,-3,3,-1,0,-2,-3,0
128.318135,-5,10,10,0,0,0,-1,-2,0
128.320678,0,-3,-20,-1,-2,-2,-3,0,0
128.320682,1,4,7,-3,-1,-3,0,0,0
128.342969,-18,-6,-3,-6,1,-5,-1,-1,0
128.343004,-4,-4,-11,-5,-6,-2,-3,1,0
128.343006,10,23,31,5,0,0,-1,-2,0
128.343008,2,-15,-10,-2,-2,0,-3,-1,0
128.354059,3,12,9,-1,0,0,0,0,0
128.356023,-5,-2,-3,-1,0,-2,-2,-1,0
128.364994,-4,-5,-10,-4,-1,0,0,-1,0
128.365000,-1,0,4,1,-1,-2,-1,-1,0
128.377664,5,2,-3,-5,-4,-2,-1,-2,0
128.377681,-1,-13,-15,-10,0,-1,1,-2,0
128.379421,5,-9,8,14,0,1,-2,0,0
128.379426,-7,-1,-6,1,1,-1,1,-1,0
128.400299,0,-6,3,0,0,0,0,0,0
128.400318,2,19,-1,-1,-2,0,-3,-1,0
128.402457,-7,-6,2,-7,-2,-2,-1,0,0
128.402465,1,1,-8,2,-2,-2,-3,0,0
128.413804,5,15,4,0,2,0,-1,-1,0
128.413824,0,6,4,-1,0,-3,-1,-2,0
128.423250,-2,-7,-4,0,2,-1,-1,-3,0
128.423257,-1,-5,-6,-5,-2,0,-1,-1,0
128.437872,-4,-14,-7,-5,-3,1,0,-1,0
128.437888,3,-1,10,5,0,-2,-1,-2,0
128.439316,-5,-10,-13,-3,-3,0,-1,-1,0
128.439332,0,33,11,1,0,-2,1,-1,0
128.460774,2,-31,-4,0,-1,-1,-2,0,0
128.460795,-1,6,-1,-2,-3,-2,-1,-2,0
128.463617,-4,-1,1,-2,0,0,0,-1,0
128.463623,-2,-3,-5,-7,0,-1,-1,-2,0
128.474284,-1,19,-7,2,0,-1,-1,1,0
128.474305,-4,-23,8,11,0,-1,-1,-1,0
128.485403,-2,15,-9,-5,0,-2,0,-1,0
128.485410,0,-7,4,3,0,-1,-1,0,0
128.498396,0,12,3,-8,-3,-2,-1,0,0
128.498465,10,-1,-9,-3,-2,0,1,0,0
128.499387,-6,1,-1,3,-1,0,-1,0,0
128.499469,-3,-8,1,2,-2,0,-2,-2,0
128.520524,-3,0,1,-1,0,-1,1,-1,0
128.520548,2,3,-1,-3,-2,-1,0,1,0
128.522811,2,-2,4,-4,0,-1,0,-1,0
128.522817,0,4,0,3,-2,-1,-2,-2,0
128.534174,-1,4,-2,-2,-2,0,0,-1,0
128.534206,1,-17,3,2,-1,1,-1,-1,0
128.543890,1,-20,-11,-3,1,-1,-1,-1,0
128.543896,1,-1,7,-5,-4,-1,-1,-2,0
128.557774,-2,-10,-9,-1,-1,-1,-1,1,0
128.557788,-2,18,13,-9,1,0,-1,-1,0
128.559291,-4,9,1,7,-1,-2,-1,1,0
128.559301,7,-9,-7,-2,0,-2,1,2,0
128.580669,-8,1,-2,-4,-2,0,-2,-2,0
128.580689,-5,-10,-11,3,-1,-2,-2,-1,0
128.582646,-2,5,5,-9,-2,0,0,-2,0
128.582650,3,2,4,2,-1,0,-2,-2,0
128.594109,3,-7,-4,0,0,-1,1,0,0
128.594137,-4,4,7,-1,0,0,-1,0,0
128.604840,1,-1,1,-1,-4,-2,1,0,0
128.604855,1,20,-4,3,-2,-2,-1,-1,0
128.618114,2,-31,1,1,0,-1,-2,-2,0
128.618149,-6,-6,3,-2,-1,1,-2,-1,0
128.620955,3,-10,-10,-3,-1,-2,-2,1,0
128.620967,-11,12,6,-7,0,0,0,-1,0
128.640981,1,8,4,6,0,-3,0,0,0
128.641009,2,-1,-10,2,-1,-1,-1,0,0
128.641816,3,2,-2,-3,0,1,-2,1,0
128.643560,-2,4,-13,-5,-1,-2,-1,1,0
128.663451,-1,2,4,-2,-2,-2,-3,-2,0
128.663473,-2,9,9,3,-1,0,1,0,0
128.669094,0,-5,-7,2,-2,1,1,-1,0
128.669124,-3,-8,5,-1,-3,-1,-2,-1,0
128.677452,0,5,0,0,-1,1,-1,-1,0
128.677480,1,-7,0,-5,1,-1,0,-1,0
128.684085,-3,-8,-16,5,0,-2,-3,-1,0
128.684104,-4,7,14,-3,-2,0,-1,0,0
128.700876,-1,-9,0,5,0,2,0,1,0
128.700895,-2,2,-6,-9,-2,-1,-1,0,0
128.703408,1,14,4,-4,-1,0,-1,-3,0
128.703415,3,-17,-9,1,3,0,-2,-1,0
128.722698,-11,4,-7,-1,0,-2,-2,0,0
128.724508,3,15,-1,1,-3,-1,-1,-1,0
128.724521,-1,-11,-1,-2,-3,-1,2,0,0
128.724523,1,-12,-1,2,-3,-2,0,-2,0
128.737781,0,-3,-7,-12,-2,-3,-1,-2,0
128.737799,-1,-3,0,8,1,-1,0,-2,0
128.739333,8,4,3,5,1,-3,-1,0,0
128.739346,-12,-2,-8,-3,-1,-2,-1,0,0
128.760220,10,5,0,3,-1,0,-2,0,0
128.760233,-5,-9,-6,-10,-4,-1,-2,0,0
128.761836,-2,24,1,-4,-1,-1,0,-3,0
128.761886,-1,-18,1,7,3,0,-2,-1,0
128.783013,0,4,7,-2,-1,-2,0,-2,0
128.783043,5,15,-7,-1,-1,-1,-1,-1,0
128.785395,-11,-22,7,0,-1,0,-1,0,0
128.785402,2,3,-23,-8,-5,-2,-1,0,0
128.798060,0,-16,8,3,2,0,2,1,0
128.798088,7,5,5,0,0,0,-1,-2,0
128.799552,-1,3,-2,0,-1,-1,-3,0,0
128.799555,-3,-5,-4,-4,-1,0,-1,-2,0
128.820986,2,9,1,-1,-3,-2,-2,-1,0
128.820993,-8,-15,-8,-1,-2,0,0,0,0
128.821921,-5,-5,-3,-4,-2,-2,-1,-1,0
128.821974,1,4,10,4,-1,-1,-1,-2,0
128.843103,1,9,-13,-12,-4,-1,0,0,0
128.843158,-3,-5,18,13,2,-1,-1,-1,0
128.849187,-2,23,6,-4,-2,-2,-1,-2,0
128.849205,4,-23,-7,-1,-2,0,-1,2,0
128.857526,-7,8,8,-1,-4,-1,0,-2,0
128.859790,0,-2,-8,-2,1,-1,-1,0,0
128.864240,-3,-2,2,0,-4,-3,-2,-2,0
128.864261,-1,1,-5,-6,4,1,-2,0,0
128.882303,1,-12,-8,5,-1,-1,0,0,0
128.882308,-2,-2,7,0,-1,-1,-1,-1,0
128.882311,1,-2,-4,-4,-4,-1,0,-3,0
128.882313,1,10,3,-3,-1,-1,-2,0,0
128.902883,-7,-13,0,-1,-1,0,0,-1,0
128.902904,3,-19,-14,-1,-3,-2,-3,-3,0
128.905846,-1,-16,3,1,2,-2,0,1,0
128.905853,-3,3,0,0,-1,-2,-1,1,0
128.917253,-3,27,-4,0,-2,0,-2,-2,0
128.919779,-4,-5,7,-9,-4,-1,0,-2,0
128.923834,3,-2,-8,3,-1,0,-3,0,0
128.923855,3,-8,2,1,-2,-1,1,-2,0
128.940841,-1,4,-4,-8,1,-2,-1,-1,0
128.940862,2,6,-4,4,-3,1,-1,1,0
128.943131,2,-1,3,-1,-1,0,-1,-2,0
128.943137,-4,6,5,2,0,1,0,-1,0
128.963324,-1,-12,-8,-1,-3,-2,-2,-2,0
128.963344,-3,1,0,-8,-3,-2,0,-1,0
128.965621,2,-6,1,0,-1,-1,-1,-1,0
128.965625,-1,6,-4,5,0,-1,0,1,0
128.977234,2,12,3,-3,-3,-1,-1,-2,0
128.977273,-5,-8,-3,1,2,-1,-1,-3,0
128.983772,-1,15,6,-1,-2,-2,0,-1,0
128.983792,-7,-14,-6,-4,-4,-2,-1,-3,0
129.000777,1,-5,1,0,2,-2,-1,-1,0
129.000809,5,8,2,4,1,-1,-2,1,0
129.003491,-3,-5,-9,-2,-2,1,0,0,0
129.003510,-10,14,0,0,0,-1,-1,-2,0
129.022751,1,-10,4,3,2,0,-1,-2,0
129.022765,-2,28,-8,-6,-2,-1,-1,-2,0
129.024258,-5,-41,-4,1,2,0,0,0,0
129.024342,1,-1,15,0,-3,-1,-1,-2,0
129.037498,7,2,-4,-7,1,-1,-2,1,0
129.037517,-4,5,-1,7,0,-1,-1,-1,0
129.044024,4,18,5,3,-1,0,-1,0,0
129.044039,-3,-3,-10,-6,-3,-3,0,-2,0
129.060504,-6,-22,12,4,-3,-1,0,-2,0
129.060532,1,14,3,-8,-2,-2,-1,-1,0
129.061808,-4,4,-6,-2,-1,-2,0,-1,0
129.061903,2,-6,2,2,0,0,0,0,0
129.084482,-5,10,-8,-2,-1,-1,0,-1,0
129.084487,9,-4,-3,-3,-2,-2,-1,-1,0
129.084489,-10,-8,-3,-2,-1,0,0,-1,0
129.084491,-3,5,-7,-2,-2,-2,-1,-3,0
129.099489,-4,11,-12,-3,-2,0,0,-1,0
129.099495,-1,-29,21,4,2,0,0,-1,0
129.104135,9,11,-3,-6,-1,-2,-3,1,0
129.104152,1,-5,-7,-2,0,-2,-3,0,0
129.120266,-6,2,11,7,1,0,2,1,0
129.120290,-6,-9,-19,-3,-3,-2,0,-1,0
129.121901,-1,-6,-1,-7,-3,-2,-1,-1,0
129.121907,3,32,-4,-6,-2,0,-1,0,0
129.145006,3,-19,4,6,1,0,-1,-2,0
129.145012,-5,-4,-4,-2,-2,-2,-1,1,0
129.145014,-2,-9,-5,-6,1,-1,-1,-1,0
129.145015,-1,6,1,7,-1,0,0,-3,0
129.157708,-1,2,1,-3,-4,-1,0,-1,0
129.157736,1,-1,-3,3,1,0,1,-1,0
129.164247,8,2,3,0,-2,-2,-2,-2,0
129.164274,-7,16,-6,-5,-3,-2,0,-1,0
129.180887,-1,-29,10,1,1,-2,-2,0,0
129.180910,-5,-2,-3,-7,-4,-1,-2,-1,0
129.183547,1,3,2,5,0,0,-1,0,0
129.183552,6,-4,0,0,1,-1,0,-1,0
129.203178,1,1,-9,-6,-1,-3,-1,0,0
129.203206,-1,-6,-15,-2,2,-1,0,0,0
129.205320,-7,21,12,1,0,-1,1,-1,0
129.205332,1,-22,5,-3,-2,-2,-1,-2,0
129.216661,-5,13,-6,5,3,0,-1,-3,0
129.216682,-2,-25,-3,-4,-1,-1,-2,0,0
129.226759,0,-1,-3,0,1,1,0,-1,0
129.226764,3,-14,-4,1,-3,-2,-1,0,0
129.240296,0,8,-4,-7,-3,-2,0,-1,0
129.240323,-3,11,-2,4,1,-1,-2,0,0
129.241975,-3,-6,8,1,-2,-1,-1,-1,0
129.241995,3,14,-6,-4,-1,-1,1,0,0
129.262954,3,-25,10,-1,-3,-3,0,1,0
129.262976,-6,4,-1,1,1,1,0,-5,0
129.264516,-1,-13,-13,-3,-3,-1,0,-1,0
129.264520,-1,4,16,-6,1,-2,-2,-1,0
129.276510,0,4,-9,8,0,0,-1,-1,0
129.276533,0,8,10,-3,1,-2,-2,-3,0
129.286733,4,14,-4,-2,-4,-3,0,0,0
129.286737,-5,-17,3,2,1,-1,-1,-1,0
129.300422,3,0,-12,-5,-2,0,-1,-1,0
129.300443,-5,-9,-4,-3,-3,-2,1,-2,0
129.301781,-4,12,-7,-3,0,-2,-1,0,0
129.301804,2,-9,-3,0,1,0,0,0,0
129.323125,-2,6,-10,1,0,-1,-2,0,0
129.323141,9,3,12,0,-2,0,-1,0,0
129.328876,-19,-5,-8,-3,-1,-2,-2,-4,0
129.328897,4,11,4,-2,-3,-2,0,-2,0
129.336468,-7,-27,-10,0,2,-1,-1,0,0
129.336551,1,15,0,-3,-2,-3,-2,0,0
129.346712,3,-2,2,-1,2,0,-1,-3,0
129.346716,-8,6,1,1,-1,1,-2,-1,0
129.360326,8,5,8,-1,-2,-1,0,1,0
129.360358,3,0,-3,-4,-1,-2,0,0,0
129.361619,-1,-1,4,-1,-2,-2,-3,0,0
129.361624,3,-3,-5,0,0,-2,-1,0,0
129.382858,-8,-19,-6,-4,-3,-1,-1,-4,0
129.382890,1,3,-2,-2,0,1,0,0,0
129.385176,3,-2,8,11,0,-1,-1,-1,0
129.385183,-1,0,-1,-2,-2,0,0,-2,0
129.396481,-3,7,-5,-4,-2,-3,-3,-2,0
129.396503,-1,-1,5,0,-2,-3,-1,-2,0
129.405418,1,-6,-6,-4,1,1,0,-1,0
129.405430,-20,-12,7,-2,-3,-2,-3,-3,0
129.420662,5,7,-5,-1,-1,-1,-2,0,0
129.420670,-3,-5,-4,-5,-2,-3,-1,-2,0
129.421904,3,-1,0,0,-1,-2,1,0,0
129.421931,5,-1,-9,3,0,3,1,2,0
129.442825,-6,-4,6,0,0,0,-1,1,0
129.442847,-6,12,-8,-2,0,-1,-1,0,0
129.444858,-3,-16,15,0,-1,-2,-2,-2,0
129.444861,-2,-8,-6,0,-1,0,-2,-2,0
129.456526,4,7,2,0,-1,-2,-2,0,0
129.456542,7,-1,-3,-3,-1,-1,0,1,0
129.467700,-2,4,-8,1,-1,-2,-2,-2,0
129.467706,0,2,7,1,-1,-3,1,0,0
129.481512,12,2,-6,-9,-2,-3,-2,-4,0
129.481535,-19,-5,8,9,2,1,-3,-2,0
129.483447,1,12,-7,-2,-1,-1,-1,-1,0
129.483453,2,-28,-5,-2,0,-2,-1,-1,0
129.503768,-4,12,2,2,-1,-1,0,-1,0
129.503791,0,-11,-2,-5,-1,0,-1,-1,0
129.505551,-1,5,-2,-2,-4,0,0,-1,0
129.505556,0,-2,7,1,1,0,-1,0,0
129.516401,-5,-4,-5,-4,-3,-1,0,1,0
129.516414,0,-3,4,1,0,1,1,0,0
129.527461,-1,0,-3,-2,-1,0,-1,2,0
129.527467,3,10,8,-3,-3,-4,-2,0,0
129.540402,-2,-5,0,3,1,-2,0,-1,0
129.540424,4,-3,-2,-3,-4,-2,-1,0,0
129.543113,-3,-13,-9,-2,-2,0,0,-2,0
129.543122,4,16,-3,-3,-2,-1,-2,-1,0
129.562713,-3,10,23,4,2,0,0,-1,0
129.562719,0,4,-4,1,-2,-1,-2,0,0
129.564193,2,-7,1,-3,-1,-2,-1,1,0
129.564206,-6,-7,-9,-2,-3,-2,-1,-2,0
129.577608,-3,20,-4,-6,-2,0,-1,-1,0
129.577614,-4,-29,-9,2,-1,-1,-2,-1,0
129.586834,-3,10,0,-1,1,-1,-2,0,0
129.586841,1,-2,9,6,1,-1,-2,-2,0
129.600361,-1,8,-7,0,-1,-1,1,-1,0
129.600382,-1,-3,3,0,0,1,-1,-3,0
129.602765,8,0,0,-1,-3,0,0,1,0
129.602774,-3,0,-9,-4,0,-3,1,0,0
129.630450,5,-3,-2,-4,-4,-2,-4,-3,0
129.630487,-3,-9,-13,-5,-1,-1,-1,0,0
129.632898,1,10,11,1,0,0,0,0,0
129.632903,0,0,-2,-1,0,0,0,0,0
129.645402,-3,-5,2,0,0,-1,0,0,0
129.645424,2,0,-2,-2,-2,-1,-2,-1,0
129.647589,-3,-7,-8,-3,-1,0,-1,0,0
129.647592,-1,-8,-2,-4,-2,-1,-2,-1,0
129.660335,-4,-2,12,3,1,-1,-2,0,0
129.660354,6,-9,-10,0,-2,-1,0,-1,0
129.661720,1,-6,-3,0,1,-2,-2,0,0
129.661772,-8,0,1,2,-2,0,-1,0,0
129.682915,0,8,-6,-1,-2,-2,-1,-2,0
129.682936,4,-1,6,-4,-2,-1,-1,0,0
129.685241,-11,-12,-9,0,-2,0,0,1,0
129.685250,5,12,-13,-4,-2,-1,0,-1,0
129.705252,-3,-22,-8,0,-1,-1,-1,0,0
129.705275,0,18,19,2,1,0,1,2,0
129.710663,2,-5,-5,-1,0,-3,-2,-2,0
129.710689,2,5,-2,-3,-1,0,-1,0,0
129.720323,-4,-4,-6,-4,-3,-1,1,-1,0
129.720350,-3,0,-8,0,-4,-2,0,-4,0
129.721902,-3,0,18,5,2,0,0,0,0
129.721975,-2,-10,-3,0,-1,-1,-1,-1,0
129.742823,0,-6,0,-1,0,-2,-2,0,0
129.742845,-2,6,-4,-4,-1,-2,-2,0,0
129.744255,-8,0,-3,-5,-3,-2,0,-3,0
129.744297,2,7,1,2,2,0,0,-2,0
129.765455,-2,8,11,0,-1,-1,0,0,0
129.765560,-3,-12,0,2,0,-2,-3,-2,0
129.766916,4,-2,-3,1,-1,-1,0,-1,0
129.766941,-2,-9,-10,-7,-3,0,-3,0,0
129.779563,2,15,8,0,-1,-1,-1,-2,0
129.779576,-10,10,-6,-1,-3,-1,-1,-2,0
129.786312,-4,-4,8,1,0,1,1,-1,0
129.786335,7,-5,3,-2,-2,0,-1,0,0
129.802869,-10,-8,-2,3,2,0,-1,-1,0
129.802896,0,15,1,-1,-1,-2,0,0,0
129.804369,-3,-14,0,-1,-1,-2,-2,0,0
129.804424,-2,1,-4,-2,-1,-1,-1,-1,0
129.825539,3,-4,-8,-5,-3,-3,-1,-1,0
129.825543,2,2,8,1,-1,-1,0,-1,0
129.826539,0,9,-9,-5,-3,-2,-2,-2,0
129.826562,-1,0,2,2,1,-3,-1,-1,0
129.840611,1,-3,0,1,-2,0,-1,-2,0
